DEPARTAMENTO;CODIGO_PRODUTO;DESCRICAO_PRODUTO;EMPRESA;STATUS;EMBL_TRANSFERENCIA;ESTOQUE;PEDIDOS_PENDENTES;ESTOQUE_MINIMO;DATA_CADASTRO_PRODUTO;DIAS_DESDE_CADASTRO
BEBIDAS;38157;SUCO COM TEM VD 1L UVA E MACA;1;ATIVO;6;0;0;0;17/04/2026;24
BEBIDAS;38157;SUCO COM TEM VD 1L UVA E MACA;2;ATIVO;6;0;0;0;17/04/2026;24
BEBIDAS;38157;SUCO COM TEM VD 1L UVA E MACA;3;ATIVO;6;0;0;0;17/04/2026;24
BEBIDAS;38157;SUCO COM TEM VD 1L UVA E MACA;4;ATIVO;6;0;0;0;17/04/2026;24
BEBIDAS;38157;SUCO COM TEM VD 1L UVA E MACA;5;ATIVO;6;0;0;0;17/04/2026;24
BEBIDAS;38157;SUCO COM TEM VD 1L UVA E MACA;6;ATIVO;6;0;0;0;17/04/2026;24
BEBIDAS;38157;SUCO COM TEM VD 1L UVA E MACA;7;ATIVO;6;0;0;0;17/04/2026;24
BEBIDAS;38157;SUCO COM TEM VD 1L UVA E MACA;8;ATIVO;6;0;0;0;17/04/2026;24
BEBIDAS;38157;SUCO COM TEM VD 1L UVA E MACA;11;ATIVO;6;0;0;0;17/04/2026;24
BEBIDAS;38157;SUCO COM TEM VD 1L UVA E MACA;12;ATIVO;6;0;0;0;17/04/2026;24
BEBIDAS;38157;SUCO COM TEM VD 1L UVA E MACA;13;ATIVO;6;0;0;0;17/04/2026;24
BEBIDAS;38157;SUCO COM TEM VD 1L UVA E MACA;14;ATIVO;6;0;0;0;17/04/2026;24
BEBIDAS;38157;SUCO COM TEM VD 1L UVA E MACA;15;ATIVO;6;0;0;0;17/04/2026;24
BEBIDAS;38157;SUCO COM TEM VD 1L UVA E MACA;16;ATIVO;6;0;0;0;17/04/2026;24
BEBIDAS;38157;SUCO COM TEM VD 1L UVA E MACA;17;ATIVO;6;0;0;0;17/04/2026;24
BEBIDAS;38157;SUCO COM TEM VD 1L UVA E MACA;18;ATIVO;6;6;0;0;17/04/2026;24
BEBIDAS;38157;SUCO COM TEM VD 1L UVA E MACA;50;ATIVO;6;0;0;0;17/04/2026;24
BEBIDAS;38045;VH CANCAO MOSCATO SECO 750ML;1;ATIVO;1;0;0;0;13/04/2026;28
BEBIDAS;38045;VH CANCAO MOSCATO SECO 750ML;2;ATIVO;1;0;0;0;13/04/2026;28
BEBIDAS;38045;VH CANCAO MOSCATO SECO 750ML;3;ATIVO;1;0;0;0;13/04/2026;28
BEBIDAS;38045;VH CANCAO MOSCATO SECO 750ML;4;ATIVO;1;0;0;0;13/04/2026;28
BEBIDAS;38045;VH CANCAO MOSCATO SECO 750ML;5;ATIVO;1;0;0;0;13/04/2026;28
BEBIDAS;38045;VH CANCAO MOSCATO SECO 750ML;6;ATIVO;1;0;0;0;13/04/2026;28
BEBIDAS;38045;VH CANCAO MOSCATO SECO 750ML;7;ATIVO;1;0;0;0;13/04/2026;28
BEBIDAS;38045;VH CANCAO MOSCATO SECO 750ML;8;ATIVO;1;0;0;0;13/04/2026;28
BEBIDAS;38045;VH CANCAO MOSCATO SECO 750ML;11;ATIVO;1;0;0;0;13/04/2026;28
BEBIDAS;38045;VH CANCAO MOSCATO SECO 750ML;12;ATIVO;1;0;0;0;13/04/2026;28
BEBIDAS;38045;VH CANCAO MOSCATO SECO 750ML;13;ATIVO;1;0;0;0;13/04/2026;28
BEBIDAS;38045;VH CANCAO MOSCATO SECO 750ML;14;ATIVO;1;0;0;0;13/04/2026;28
BEBIDAS;38045;VH CANCAO MOSCATO SECO 750ML;15;ATIVO;1;0;0;0;13/04/2026;28
BEBIDAS;38045;VH CANCAO MOSCATO SECO 750ML;16;ATIVO;1;0;0;0;13/04/2026;28
BEBIDAS;38045;VH CANCAO MOSCATO SECO 750ML;17;ATIVO;1;0;0;0;13/04/2026;28
BEBIDAS;38045;VH CANCAO MOSCATO SECO 750ML;18;ATIVO;1;0;0;0;13/04/2026;28
BEBIDAS;38045;VH CANCAO MOSCATO SECO 750ML;50;ATIVO;1;0;0;0;13/04/2026;28
BEBIDAS;38158;VH DEL GRANO GOLD ROSE BORDO 750ML SUAVE;1;ATIVO;6;0;0;0;17/04/2026;24
BEBIDAS;38158;VH DEL GRANO GOLD ROSE BORDO 750ML SUAVE;2;ATIVO;6;0;0;0;17/04/2026;24
BEBIDAS;38158;VH DEL GRANO GOLD ROSE BORDO 750ML SUAVE;3;ATIVO;6;0;0;0;17/04/2026;24
BEBIDAS;38158;VH DEL GRANO GOLD ROSE BORDO 750ML SUAVE;4;ATIVO;6;0;0;0;17/04/2026;24
BEBIDAS;38158;VH DEL GRANO GOLD ROSE BORDO 750ML SUAVE;5;ATIVO;6;0;0;0;17/04/2026;24
BEBIDAS;38158;VH DEL GRANO GOLD ROSE BORDO 750ML SUAVE;6;ATIVO;6;0;0;0;17/04/2026;24
BEBIDAS;38158;VH DEL GRANO GOLD ROSE BORDO 750ML SUAVE;7;ATIVO;6;0;0;0;17/04/2026;24
BEBIDAS;38158;VH DEL GRANO GOLD ROSE BORDO 750ML SUAVE;8;ATIVO;6;0;0;0;17/04/2026;24
BEBIDAS;38158;VH DEL GRANO GOLD ROSE BORDO 750ML SUAVE;11;ATIVO;6;0;0;0;17/04/2026;24
BEBIDAS;38158;VH DEL GRANO GOLD ROSE BORDO 750ML SUAVE;12;ATIVO;6;0;0;0;17/04/2026;24
BEBIDAS;38158;VH DEL GRANO GOLD ROSE BORDO 750ML SUAVE;13;ATIVO;6;0;0;0;17/04/2026;24
BEBIDAS;38158;VH DEL GRANO GOLD ROSE BORDO 750ML SUAVE;14;ATIVO;6;0;0;0;17/04/2026;24
BEBIDAS;38158;VH DEL GRANO GOLD ROSE BORDO 750ML SUAVE;15;ATIVO;6;0;0;0;17/04/2026;24
BEBIDAS;38158;VH DEL GRANO GOLD ROSE BORDO 750ML SUAVE;16;ATIVO;6;0;0;0;17/04/2026;24
BEBIDAS;38158;VH DEL GRANO GOLD ROSE BORDO 750ML SUAVE;17;ATIVO;6;0;0;0;17/04/2026;24
BEBIDAS;38158;VH DEL GRANO GOLD ROSE BORDO 750ML SUAVE;18;ATIVO;6;0;0;0;17/04/2026;24
BEBIDAS;38158;VH DEL GRANO GOLD ROSE BORDO 750ML SUAVE;50;ATIVO;6;0;0;0;17/04/2026;24
MERCEARIA;38161;ALHO EM PASTA SABOR CASEIRO 1 01KG;1;ATIVO;6;0;0;0;17/04/2026;24
MERCEARIA;38161;ALHO EM PASTA SABOR CASEIRO 1 01KG;2;ATIVO;6;0;0;0;17/04/2026;24
MERCEARIA;38161;ALHO EM PASTA SABOR CASEIRO 1 01KG;3;ATIVO;6;0;0;0;17/04/2026;24
MERCEARIA;38161;ALHO EM PASTA SABOR CASEIRO 1 01KG;4;ATIVO;6;0;0;0;17/04/2026;24
MERCEARIA;38161;ALHO EM PASTA SABOR CASEIRO 1 01KG;5;ATIVO;6;0;0;0;17/04/2026;24
MERCEARIA;38161;ALHO EM PASTA SABOR CASEIRO 1 01KG;6;ATIVO;6;0;0;0;17/04/2026;24
MERCEARIA;38161;ALHO EM PASTA SABOR CASEIRO 1 01KG;7;ATIVO;6;0;0;0;17/04/2026;24
MERCEARIA;38161;ALHO EM PASTA SABOR CASEIRO 1 01KG;8;ATIVO;6;0;0;0;17/04/2026;24
MERCEARIA;38161;ALHO EM PASTA SABOR CASEIRO 1 01KG;11;ATIVO;6;0;0;0;17/04/2026;24
MERCEARIA;38161;ALHO EM PASTA SABOR CASEIRO 1 01KG;12;ATIVO;6;0;0;0;17/04/2026;24
MERCEARIA;38161;ALHO EM PASTA SABOR CASEIRO 1 01KG;13;ATIVO;6;0;0;0;17/04/2026;24
MERCEARIA;38161;ALHO EM PASTA SABOR CASEIRO 1 01KG;14;ATIVO;6;0;0;0;17/04/2026;24
MERCEARIA;38161;ALHO EM PASTA SABOR CASEIRO 1 01KG;15;ATIVO;6;0;0;0;17/04/2026;24
MERCEARIA;38161;ALHO EM PASTA SABOR CASEIRO 1 01KG;16;ATIVO;6;0;0;0;17/04/2026;24
MERCEARIA;38161;ALHO EM PASTA SABOR CASEIRO 1 01KG;17;ATIVO;6;0;0;0;17/04/2026;24
MERCEARIA;38161;ALHO EM PASTA SABOR CASEIRO 1 01KG;18;ATIVO;6;0;0;0;17/04/2026;24
MERCEARIA;38161;ALHO EM PASTA SABOR CASEIRO 1 01KG;50;ATIVO;6;0;0;0;17/04/2026;24
MERCEARIA;38270;ALHO PICADO SABOR CASEIRO 1 01KG;1;ATIVO;6;0;0;0;29/04/2026;12
MERCEARIA;38270;ALHO PICADO SABOR CASEIRO 1 01KG;2;ATIVO;6;0;0;0;29/04/2026;12
MERCEARIA;38270;ALHO PICADO SABOR CASEIRO 1 01KG;3;ATIVO;6;0;0;0;29/04/2026;12
MERCEARIA;38270;ALHO PICADO SABOR CASEIRO 1 01KG;4;ATIVO;6;0;0;0;29/04/2026;12
MERCEARIA;38270;ALHO PICADO SABOR CASEIRO 1 01KG;5;ATIVO;6;0;0;0;29/04/2026;12
MERCEARIA;38270;ALHO PICADO SABOR CASEIRO 1 01KG;6;ATIVO;6;0;0;0;29/04/2026;12
MERCEARIA;38270;ALHO PICADO SABOR CASEIRO 1 01KG;7;ATIVO;6;0;0;0;29/04/2026;12
MERCEARIA;38270;ALHO PICADO SABOR CASEIRO 1 01KG;8;ATIVO;6;0;0;0;29/04/2026;12
MERCEARIA;38270;ALHO PICADO SABOR CASEIRO 1 01KG;11;ATIVO;6;0;0;0;29/04/2026;12
MERCEARIA;38270;ALHO PICADO SABOR CASEIRO 1 01KG;12;ATIVO;6;0;0;0;29/04/2026;12
MERCEARIA;38270;ALHO PICADO SABOR CASEIRO 1 01KG;13;ATIVO;6;0;0;0;29/04/2026;12
MERCEARIA;38270;ALHO PICADO SABOR CASEIRO 1 01KG;14;ATIVO;6;0;0;0;29/04/2026;12
MERCEARIA;38270;ALHO PICADO SABOR CASEIRO 1 01KG;15;ATIVO;6;0;0;0;29/04/2026;12
MERCEARIA;38270;ALHO PICADO SABOR CASEIRO 1 01KG;16;ATIVO;6;0;0;0;29/04/2026;12
MERCEARIA;38270;ALHO PICADO SABOR CASEIRO 1 01KG;17;ATIVO;6;0;0;0;29/04/2026;12
MERCEARIA;38270;ALHO PICADO SABOR CASEIRO 1 01KG;18;ATIVO;6;0;0;0;29/04/2026;12
MERCEARIA;38270;ALHO PICADO SABOR CASEIRO 1 01KG;50;ATIVO;6;0;0;0;29/04/2026;12
MERCEARIA;38141;AVEIA FLOCOS NESTLE 450G;15;ATIVO;18;0;0;0;16/04/2026;25
MERCEARIA;38141;AVEIA FLOCOS NESTLE 450G;50;ATIVO;18;0;0;0;16/04/2026;25
MERCEARIA;38172;BALA STICK BRUXOLITA Q PINTA 12 3G;1;ATIVO;1;0;0;0;20/04/2026;21
MERCEARIA;38172;BALA STICK BRUXOLITA Q PINTA 12 3G;2;ATIVO;1;0;0;0;20/04/2026;21
MERCEARIA;38172;BALA STICK BRUXOLITA Q PINTA 12 3G;3;ATIVO;1;-35;0;0;20/04/2026;21
MERCEARIA;38172;BALA STICK BRUXOLITA Q PINTA 12 3G;4;ATIVO;1;0;0;0;20/04/2026;21
MERCEARIA;38172;BALA STICK BRUXOLITA Q PINTA 12 3G;5;ATIVO;1;0;0;0;20/04/2026;21
MERCEARIA;38172;BALA STICK BRUXOLITA Q PINTA 12 3G;6;ATIVO;1;0;0;0;20/04/2026;21
MERCEARIA;38172;BALA STICK BRUXOLITA Q PINTA 12 3G;7;ATIVO;1;0;0;0;20/04/2026;21
MERCEARIA;38172;BALA STICK BRUXOLITA Q PINTA 12 3G;8;ATIVO;1;0;0;0;20/04/2026;21
MERCEARIA;38172;BALA STICK BRUXOLITA Q PINTA 12 3G;11;ATIVO;1;0;0;0;20/04/2026;21
MERCEARIA;38172;BALA STICK BRUXOLITA Q PINTA 12 3G;12;ATIVO;1;0;0;0;20/04/2026;21
MERCEARIA;38172;BALA STICK BRUXOLITA Q PINTA 12 3G;13;ATIVO;1;0;0;0;20/04/2026;21
MERCEARIA;38172;BALA STICK BRUXOLITA Q PINTA 12 3G;14;ATIVO;1;0;0;0;20/04/2026;21
MERCEARIA;38172;BALA STICK BRUXOLITA Q PINTA 12 3G;15;ATIVO;1;0;0;0;20/04/2026;21
MERCEARIA;38172;BALA STICK BRUXOLITA Q PINTA 12 3G;16;ATIVO;1;0;0;0;20/04/2026;21
MERCEARIA;38172;BALA STICK BRUXOLITA Q PINTA 12 3G;17;ATIVO;1;0;0;0;20/04/2026;21
MERCEARIA;38172;BALA STICK BRUXOLITA Q PINTA 12 3G;18;ATIVO;1;0;0;0;20/04/2026;21
MERCEARIA;38172;BALA STICK BRUXOLITA Q PINTA 12 3G;50;ATIVO;1;0;0;0;20/04/2026;21
MERCEARIA;38054;BOMBOM AMOR CARIOCA 900G;1;ATIVO;300;0;0;0;13/04/2026;28
MERCEARIA;38054;BOMBOM AMOR CARIOCA 900G;2;ATIVO;300;0;0;0;13/04/2026;28
MERCEARIA;38054;BOMBOM AMOR CARIOCA 900G;3;ATIVO;300;0;0;0;13/04/2026;28
MERCEARIA;38054;BOMBOM AMOR CARIOCA 900G;4;ATIVO;300;0;0;0;13/04/2026;28
MERCEARIA;38054;BOMBOM AMOR CARIOCA 900G;5;ATIVO;300;0;0;0;13/04/2026;28
MERCEARIA;38054;BOMBOM AMOR CARIOCA 900G;6;ATIVO;300;0;0;0;13/04/2026;28
MERCEARIA;38054;BOMBOM AMOR CARIOCA 900G;7;ATIVO;300;0;0;0;13/04/2026;28
MERCEARIA;38054;BOMBOM AMOR CARIOCA 900G;8;ATIVO;300;0;0;0;13/04/2026;28
MERCEARIA;38054;BOMBOM AMOR CARIOCA 900G;11;ATIVO;300;0;0;0;13/04/2026;28
MERCEARIA;38054;BOMBOM AMOR CARIOCA 900G;12;ATIVO;300;0;0;0;13/04/2026;28
MERCEARIA;38054;BOMBOM AMOR CARIOCA 900G;13;ATIVO;300;0;0;0;13/04/2026;28
MERCEARIA;38054;BOMBOM AMOR CARIOCA 900G;14;ATIVO;300;0;0;0;13/04/2026;28
MERCEARIA;38054;BOMBOM AMOR CARIOCA 900G;15;ATIVO;300;0;0;0;13/04/2026;28
MERCEARIA;38054;BOMBOM AMOR CARIOCA 900G;16;ATIVO;300;0;0;0;13/04/2026;28
MERCEARIA;38054;BOMBOM AMOR CARIOCA 900G;17;ATIVO;300;0;0;0;13/04/2026;28
MERCEARIA;38054;BOMBOM AMOR CARIOCA 900G;18;ATIVO;300;0;0;0;13/04/2026;28
MERCEARIA;38054;BOMBOM AMOR CARIOCA 900G;50;ATIVO;300;0;0;0;13/04/2026;28
MERCEARIA;38353;CAFE SOL IGUACU GRAN CLASS VD 160G;1;ATIVO;12;0;0;0;06/05/2026;5
MERCEARIA;38353;CAFE SOL IGUACU GRAN CLASS VD 160G;2;ATIVO;12;0;0;0;06/05/2026;5
MERCEARIA;38353;CAFE SOL IGUACU GRAN CLASS VD 160G;3;ATIVO;12;0;0;0;06/05/2026;5
MERCEARIA;38353;CAFE SOL IGUACU GRAN CLASS VD 160G;4;ATIVO;12;0;0;0;06/05/2026;5
MERCEARIA;38353;CAFE SOL IGUACU GRAN CLASS VD 160G;5;ATIVO;12;0;0;0;06/05/2026;5
MERCEARIA;38353;CAFE SOL IGUACU GRAN CLASS VD 160G;6;ATIVO;12;0;0;0;06/05/2026;5
MERCEARIA;38353;CAFE SOL IGUACU GRAN CLASS VD 160G;7;ATIVO;12;0;0;0;06/05/2026;5
MERCEARIA;38353;CAFE SOL IGUACU GRAN CLASS VD 160G;8;ATIVO;12;0;0;0;06/05/2026;5
MERCEARIA;38353;CAFE SOL IGUACU GRAN CLASS VD 160G;11;ATIVO;12;0;0;0;06/05/2026;5
MERCEARIA;38353;CAFE SOL IGUACU GRAN CLASS VD 160G;12;ATIVO;12;0;0;0;06/05/2026;5
MERCEARIA;38353;CAFE SOL IGUACU GRAN CLASS VD 160G;13;ATIVO;12;0;0;0;06/05/2026;5
MERCEARIA;38353;CAFE SOL IGUACU GRAN CLASS VD 160G;14;ATIVO;12;0;0;0;06/05/2026;5
MERCEARIA;38353;CAFE SOL IGUACU GRAN CLASS VD 160G;15;ATIVO;12;0;0;0;06/05/2026;5
MERCEARIA;38353;CAFE SOL IGUACU GRAN CLASS VD 160G;16;ATIVO;12;0;0;0;06/05/2026;5
MERCEARIA;38353;CAFE SOL IGUACU GRAN CLASS VD 160G;17;ATIVO;12;0;0;0;06/05/2026;5
MERCEARIA;38353;CAFE SOL IGUACU GRAN CLASS VD 160G;18;ATIVO;12;0;0;0;06/05/2026;5
MERCEARIA;38353;CAFE SOL IGUACU GRAN CLASS VD 160G;50;ATIVO;12;0;0;0;06/05/2026;5
MERCEARIA;38352;CAFE SOL IGUACU SH 40G GTS 10PCTO CLASSICO;1;ATIVO;24;0;0;0;06/05/2026;5
MERCEARIA;38352;CAFE SOL IGUACU SH 40G GTS 10PCTO CLASSICO;15;ATIVO;24;480;0;0;06/05/2026;5
MERCEARIA;38352;CAFE SOL IGUACU SH 40G GTS 10PCTO CLASSICO;16;ATIVO;24;0;0;0;06/05/2026;5
MERCEARIA;38352;CAFE SOL IGUACU SH 40G GTS 10PCTO CLASSICO;50;ATIVO;24;0;0;0;06/05/2026;5
MERCEARIA;38146;CAFE SOL NESCAFE VD 160G GTS 10G TRAD;15;ATIVO;12;11184;0;0;16/04/2026;25
MERCEARIA;38146;CAFE SOL NESCAFE VD 160G GTS 10G TRAD;16;ATIVO;12;0;0;0;16/04/2026;25
MERCEARIA;38146;CAFE SOL NESCAFE VD 160G GTS 10G TRAD;50;ATIVO;12;0;0;0;16/04/2026;25
MERCEARIA;38145;CAFE SOL NESCAFE VD 200G GTS 10G TRAD;15;ATIVO;12;972;0;0;16/04/2026;25
MERCEARIA;38145;CAFE SOL NESCAFE VD 200G GTS 10G TRAD;50;ATIVO;12;0;0;0;16/04/2026;25
MERCEARIA;38351;CAFE SOLUVEL 3C TRAD 40G GTS 10PCTO;1;ATIVO;24;0;0;0;06/05/2026;5
MERCEARIA;38351;CAFE SOLUVEL 3C TRAD 40G GTS 10PCTO;2;ATIVO;24;0;0;0;06/05/2026;5
MERCEARIA;38351;CAFE SOLUVEL 3C TRAD 40G GTS 10PCTO;3;ATIVO;24;0;0;0;06/05/2026;5
MERCEARIA;38351;CAFE SOLUVEL 3C TRAD 40G GTS 10PCTO;4;ATIVO;24;0;0;0;06/05/2026;5
MERCEARIA;38351;CAFE SOLUVEL 3C TRAD 40G GTS 10PCTO;5;ATIVO;24;0;0;0;06/05/2026;5
MERCEARIA;38351;CAFE SOLUVEL 3C TRAD 40G GTS 10PCTO;6;ATIVO;24;0;0;0;06/05/2026;5
MERCEARIA;38351;CAFE SOLUVEL 3C TRAD 40G GTS 10PCTO;7;ATIVO;24;0;0;0;06/05/2026;5
MERCEARIA;38351;CAFE SOLUVEL 3C TRAD 40G GTS 10PCTO;8;ATIVO;24;0;0;0;06/05/2026;5
MERCEARIA;38351;CAFE SOLUVEL 3C TRAD 40G GTS 10PCTO;11;ATIVO;24;0;0;0;06/05/2026;5
MERCEARIA;38351;CAFE SOLUVEL 3C TRAD 40G GTS 10PCTO;12;ATIVO;24;0;0;0;06/05/2026;5
MERCEARIA;38351;CAFE SOLUVEL 3C TRAD 40G GTS 10PCTO;13;ATIVO;24;0;0;0;06/05/2026;5
MERCEARIA;38351;CAFE SOLUVEL 3C TRAD 40G GTS 10PCTO;14;ATIVO;24;0;0;0;06/05/2026;5
MERCEARIA;38351;CAFE SOLUVEL 3C TRAD 40G GTS 10PCTO;15;ATIVO;24;12000;0;0;06/05/2026;5
MERCEARIA;38351;CAFE SOLUVEL 3C TRAD 40G GTS 10PCTO;16;ATIVO;24;0;0;0;06/05/2026;5
MERCEARIA;38351;CAFE SOLUVEL 3C TRAD 40G GTS 10PCTO;17;ATIVO;24;0;0;0;06/05/2026;5
MERCEARIA;38351;CAFE SOLUVEL 3C TRAD 40G GTS 10PCTO;18;ATIVO;24;0;0;0;06/05/2026;5
MERCEARIA;38351;CAFE SOLUVEL 3C TRAD 40G GTS 10PCTO;50;ATIVO;24;0;0;0;06/05/2026;5
MERCEARIA;38254;CHA PRENDA MELISSA 10G;2;ATIVO;20;60;0;0;28/04/2026;13
MERCEARIA;38254;CHA PRENDA MELISSA 10G;3;ATIVO;20;60;0;0;28/04/2026;13
MERCEARIA;38254;CHA PRENDA MELISSA 10G;6;ATIVO;20;40;0;0;28/04/2026;13
MERCEARIA;38254;CHA PRENDA MELISSA 10G;11;ATIVO;20;40;0;0;28/04/2026;13
MERCEARIA;38254;CHA PRENDA MELISSA 10G;12;ATIVO;20;40;0;0;28/04/2026;13
MERCEARIA;38254;CHA PRENDA MELISSA 10G;17;ATIVO;20;40;0;0;28/04/2026;13
MERCEARIA;38254;CHA PRENDA MELISSA 10G;18;ATIVO;20;40;0;0;28/04/2026;13
MERCEARIA;38254;CHA PRENDA MELISSA 10G;50;ATIVO;20;0;0;0;28/04/2026;13
MERCEARIA;38195;FARINHA MANDIOCA EXTRA FIN ROCHA 1K;1;ATIVO;10;0;0;0;22/04/2026;19
MERCEARIA;38195;FARINHA MANDIOCA EXTRA FIN ROCHA 1K;2;ATIVO;10;0;0;0;22/04/2026;19
MERCEARIA;38195;FARINHA MANDIOCA EXTRA FIN ROCHA 1K;3;ATIVO;10;0;0;0;22/04/2026;19
MERCEARIA;38195;FARINHA MANDIOCA EXTRA FIN ROCHA 1K;4;ATIVO;10;0;0;0;22/04/2026;19
MERCEARIA;38195;FARINHA MANDIOCA EXTRA FIN ROCHA 1K;5;ATIVO;10;0;0;0;22/04/2026;19
MERCEARIA;38195;FARINHA MANDIOCA EXTRA FIN ROCHA 1K;6;ATIVO;10;0;0;0;22/04/2026;19
MERCEARIA;38195;FARINHA MANDIOCA EXTRA FIN ROCHA 1K;7;ATIVO;10;0;0;0;22/04/2026;19
MERCEARIA;38195;FARINHA MANDIOCA EXTRA FIN ROCHA 1K;8;ATIVO;10;0;0;0;22/04/2026;19
MERCEARIA;38195;FARINHA MANDIOCA EXTRA FIN ROCHA 1K;11;ATIVO;10;0;0;0;22/04/2026;19
MERCEARIA;38195;FARINHA MANDIOCA EXTRA FIN ROCHA 1K;12;ATIVO;10;0;0;0;22/04/2026;19
MERCEARIA;38195;FARINHA MANDIOCA EXTRA FIN ROCHA 1K;13;ATIVO;10;0;0;0;22/04/2026;19
MERCEARIA;38195;FARINHA MANDIOCA EXTRA FIN ROCHA 1K;14;ATIVO;10;0;0;0;22/04/2026;19
MERCEARIA;38195;FARINHA MANDIOCA EXTRA FIN ROCHA 1K;15;ATIVO;10;0;600;0;22/04/2026;19
MERCEARIA;38195;FARINHA MANDIOCA EXTRA FIN ROCHA 1K;16;ATIVO;10;0;0;0;22/04/2026;19
MERCEARIA;38195;FARINHA MANDIOCA EXTRA FIN ROCHA 1K;17;ATIVO;10;0;0;0;22/04/2026;19
MERCEARIA;38195;FARINHA MANDIOCA EXTRA FIN ROCHA 1K;18;ATIVO;10;0;0;0;22/04/2026;19
MERCEARIA;38195;FARINHA MANDIOCA EXTRA FIN ROCHA 1K;50;ATIVO;10;0;0;0;22/04/2026;19
MERCEARIA;38196;FARINHA TAPIOC ROCHA PAO QUEIJ 400G;15;ATIVO;20;500;0;0;22/04/2026;19
MERCEARIA;38196;FARINHA TAPIOC ROCHA PAO QUEIJ 400G;50;ATIVO;20;0;0;0;22/04/2026;19
MERCEARIA;38194;FARINHA TAPIOCA ROCHA COCO 400G;1;ATIVO;20;0;0;0;22/04/2026;19
MERCEARIA;38194;FARINHA TAPIOCA ROCHA COCO 400G;15;ATIVO;20;0;1000;0;22/04/2026;19
MERCEARIA;38194;FARINHA TAPIOCA ROCHA COCO 400G;16;ATIVO;20;0;0;0;22/04/2026;19
MERCEARIA;38194;FARINHA TAPIOCA ROCHA COCO 400G;50;ATIVO;20;0;0;0;22/04/2026;19
MERCEARIA;38334;GULAO ENALDINHO SABORES 45G;1;ATIVO;1;0;0;0;04/05/2026;7
MERCEARIA;38334;GULAO ENALDINHO SABORES 45G;2;ATIVO;1;0;0;0;04/05/2026;7
MERCEARIA;38334;GULAO ENALDINHO SABORES 45G;3;ATIVO;1;0;0;0;04/05/2026;7
MERCEARIA;38334;GULAO ENALDINHO SABORES 45G;4;ATIVO;1;0;0;0;04/05/2026;7
MERCEARIA;38334;GULAO ENALDINHO SABORES 45G;5;ATIVO;1;0;0;0;04/05/2026;7
MERCEARIA;38334;GULAO ENALDINHO SABORES 45G;6;ATIVO;1;0;0;0;04/05/2026;7
MERCEARIA;38334;GULAO ENALDINHO SABORES 45G;7;ATIVO;1;0;0;0;04/05/2026;7
MERCEARIA;38334;GULAO ENALDINHO SABORES 45G;8;ATIVO;1;0;0;0;04/05/2026;7
MERCEARIA;38334;GULAO ENALDINHO SABORES 45G;11;ATIVO;1;0;0;0;04/05/2026;7
MERCEARIA;38334;GULAO ENALDINHO SABORES 45G;12;ATIVO;1;0;0;0;04/05/2026;7
MERCEARIA;38334;GULAO ENALDINHO SABORES 45G;13;ATIVO;1;0;0;0;04/05/2026;7
MERCEARIA;38334;GULAO ENALDINHO SABORES 45G;14;ATIVO;1;0;0;0;04/05/2026;7
MERCEARIA;38334;GULAO ENALDINHO SABORES 45G;15;ATIVO;1;0;0;0;04/05/2026;7
MERCEARIA;38334;GULAO ENALDINHO SABORES 45G;16;ATIVO;1;0;0;0;04/05/2026;7
MERCEARIA;38334;GULAO ENALDINHO SABORES 45G;17;ATIVO;1;0;0;0;04/05/2026;7
MERCEARIA;38334;GULAO ENALDINHO SABORES 45G;18;ATIVO;1;0;0;0;04/05/2026;7
MERCEARIA;38334;GULAO ENALDINHO SABORES 45G;50;ATIVO;1;0;0;0;04/05/2026;7
MERCEARIA;38271;MOLHO ALHO SABOR CASEIRO 1 01KG;15;ATIVO;6;330;0;0;29/04/2026;12
MERCEARIA;38271;MOLHO ALHO SABOR CASEIRO 1 01KG;50;ATIVO;6;0;0;0;29/04/2026;12
MERCEARIA;38272;MOLHO FGO SABOR CASEIRO 1 01K;1;ATIVO;6;0;0;0;29/04/2026;12
MERCEARIA;38272;MOLHO FGO SABOR CASEIRO 1 01K;2;ATIVO;6;0;0;0;29/04/2026;12
MERCEARIA;38272;MOLHO FGO SABOR CASEIRO 1 01K;3;ATIVO;6;0;0;0;29/04/2026;12
MERCEARIA;38272;MOLHO FGO SABOR CASEIRO 1 01K;4;ATIVO;6;0;0;0;29/04/2026;12
MERCEARIA;38272;MOLHO FGO SABOR CASEIRO 1 01K;5;ATIVO;6;0;0;0;29/04/2026;12
MERCEARIA;38272;MOLHO FGO SABOR CASEIRO 1 01K;6;ATIVO;6;0;0;0;29/04/2026;12
MERCEARIA;38272;MOLHO FGO SABOR CASEIRO 1 01K;7;ATIVO;6;0;0;0;29/04/2026;12
MERCEARIA;38272;MOLHO FGO SABOR CASEIRO 1 01K;8;ATIVO;6;0;0;0;29/04/2026;12
MERCEARIA;38272;MOLHO FGO SABOR CASEIRO 1 01K;11;ATIVO;6;0;0;0;29/04/2026;12
MERCEARIA;38272;MOLHO FGO SABOR CASEIRO 1 01K;12;ATIVO;6;0;0;0;29/04/2026;12
MERCEARIA;38272;MOLHO FGO SABOR CASEIRO 1 01K;13;ATIVO;6;0;0;0;29/04/2026;12
MERCEARIA;38272;MOLHO FGO SABOR CASEIRO 1 01K;14;ATIVO;6;0;0;0;29/04/2026;12
MERCEARIA;38272;MOLHO FGO SABOR CASEIRO 1 01K;15;ATIVO;6;300;0;0;29/04/2026;12
MERCEARIA;38272;MOLHO FGO SABOR CASEIRO 1 01K;16;ATIVO;6;0;0;0;29/04/2026;12
MERCEARIA;38272;MOLHO FGO SABOR CASEIRO 1 01K;17;ATIVO;6;0;0;0;29/04/2026;12
MERCEARIA;38272;MOLHO FGO SABOR CASEIRO 1 01K;18;ATIVO;6;0;0;0;29/04/2026;12
MERCEARIA;38272;MOLHO FGO SABOR CASEIRO 1 01K;50;ATIVO;6;0;0;0;29/04/2026;12
MERCEARIA;38273;MOLHO INGLES SABOR CASEIRO 1 01K;15;ATIVO;6;18;0;0;29/04/2026;12
MERCEARIA;38273;MOLHO INGLES SABOR CASEIRO 1 01K;16;ATIVO;6;0;0;0;29/04/2026;12
MERCEARIA;38273;MOLHO INGLES SABOR CASEIRO 1 01K;50;ATIVO;6;0;0;0;29/04/2026;12
MERCEARIA;38274;MOLHO PIMENTA SABOR CASEIRO 1 01K;15;ATIVO;6;384;0;0;29/04/2026;12
MERCEARIA;38274;MOLHO PIMENTA SABOR CASEIRO 1 01K;16;ATIVO;6;0;0;0;29/04/2026;12
MERCEARIA;38274;MOLHO PIMENTA SABOR CASEIRO 1 01K;50;ATIVO;6;0;0;0;29/04/2026;12
MERCEARIA;38275;MOLHO SHOYU SABOR CASEIRO 1 01K;15;ATIVO;6;372;0;0;29/04/2026;12
MERCEARIA;38275;MOLHO SHOYU SABOR CASEIRO 1 01K;16;ATIVO;6;0;0;0;29/04/2026;12
MERCEARIA;38275;MOLHO SHOYU SABOR CASEIRO 1 01K;50;ATIVO;6;0;0;0;29/04/2026;12
MERCEARIA;38342;PIRULITO PRINC POP TATTOO 120G MOR;1;ATIVO;1;0;0;0;05/05/2026;6
MERCEARIA;38342;PIRULITO PRINC POP TATTOO 120G MOR;2;ATIVO;1;0;0;0;05/05/2026;6
MERCEARIA;38342;PIRULITO PRINC POP TATTOO 120G MOR;3;ATIVO;1;0;0;0;05/05/2026;6
MERCEARIA;38342;PIRULITO PRINC POP TATTOO 120G MOR;4;ATIVO;1;0;0;0;05/05/2026;6
MERCEARIA;38342;PIRULITO PRINC POP TATTOO 120G MOR;5;ATIVO;1;0;0;0;05/05/2026;6
MERCEARIA;38342;PIRULITO PRINC POP TATTOO 120G MOR;6;ATIVO;1;0;0;0;05/05/2026;6
MERCEARIA;38342;PIRULITO PRINC POP TATTOO 120G MOR;7;ATIVO;1;0;0;0;05/05/2026;6
MERCEARIA;38342;PIRULITO PRINC POP TATTOO 120G MOR;8;ATIVO;1;0;0;0;05/05/2026;6
MERCEARIA;38342;PIRULITO PRINC POP TATTOO 120G MOR;11;ATIVO;1;0;0;0;05/05/2026;6
MERCEARIA;38342;PIRULITO PRINC POP TATTOO 120G MOR;12;ATIVO;1;0;0;0;05/05/2026;6
MERCEARIA;38342;PIRULITO PRINC POP TATTOO 120G MOR;13;ATIVO;1;0;0;0;05/05/2026;6
MERCEARIA;38342;PIRULITO PRINC POP TATTOO 120G MOR;14;ATIVO;1;0;0;0;05/05/2026;6
MERCEARIA;38342;PIRULITO PRINC POP TATTOO 120G MOR;15;ATIVO;1;0;0;0;05/05/2026;6
MERCEARIA;38342;PIRULITO PRINC POP TATTOO 120G MOR;16;ATIVO;1;0;0;0;05/05/2026;6
MERCEARIA;38342;PIRULITO PRINC POP TATTOO 120G MOR;17;ATIVO;1;0;0;0;05/05/2026;6
MERCEARIA;38342;PIRULITO PRINC POP TATTOO 120G MOR;18;ATIVO;1;0;0;0;05/05/2026;6
MERCEARIA;38342;PIRULITO PRINC POP TATTOO 120G MOR;50;ATIVO;1;0;0;0;05/05/2026;6
MERCEARIA;38140;SALG FANDANGOS CHURRASCO 35G;1;ATIVO;56;0;0;0;16/04/2026;25
MERCEARIA;38140;SALG FANDANGOS CHURRASCO 35G;2;ATIVO;56;0;0;0;16/04/2026;25
MERCEARIA;38140;SALG FANDANGOS CHURRASCO 35G;3;ATIVO;56;112;0;0;16/04/2026;25
MERCEARIA;38140;SALG FANDANGOS CHURRASCO 35G;4;ATIVO;56;0;112;0;16/04/2026;25
MERCEARIA;38140;SALG FANDANGOS CHURRASCO 35G;5;ATIVO;56;0;0;0;16/04/2026;25
MERCEARIA;38140;SALG FANDANGOS CHURRASCO 35G;6;ATIVO;56;0;0;0;16/04/2026;25
MERCEARIA;38140;SALG FANDANGOS CHURRASCO 35G;7;ATIVO;56;0;0;0;16/04/2026;25
MERCEARIA;38140;SALG FANDANGOS CHURRASCO 35G;8;ATIVO;56;51;0;0;16/04/2026;25
MERCEARIA;38140;SALG FANDANGOS CHURRASCO 35G;11;ATIVO;56;0;0;0;16/04/2026;25
MERCEARIA;38140;SALG FANDANGOS CHURRASCO 35G;12;ATIVO;56;50;0;0;16/04/2026;25
MERCEARIA;38140;SALG FANDANGOS CHURRASCO 35G;13;ATIVO;56;0;0;0;16/04/2026;25
MERCEARIA;38140;SALG FANDANGOS CHURRASCO 35G;14;ATIVO;56;0;56;0;16/04/2026;25
MERCEARIA;38140;SALG FANDANGOS CHURRASCO 35G;15;ATIVO;56;0;0;0;16/04/2026;25
MERCEARIA;38140;SALG FANDANGOS CHURRASCO 35G;16;ATIVO;56;0;0;0;16/04/2026;25
MERCEARIA;38140;SALG FANDANGOS CHURRASCO 35G;17;ATIVO;56;0;0;0;16/04/2026;25
MERCEARIA;38140;SALG FANDANGOS CHURRASCO 35G;18;ATIVO;56;0;0;0;16/04/2026;25
MERCEARIA;38140;SALG FANDANGOS CHURRASCO 35G;50;ATIVO;56;0;0;0;16/04/2026;25
MERCEARIA;38268;TEMP MISTO DUCHEF CAMPERO 10G;1;ATIVO;15;0;0;0;29/04/2026;12
MERCEARIA;38268;TEMP MISTO DUCHEF CAMPERO 10G;2;ATIVO;15;0;0;0;29/04/2026;12
MERCEARIA;38268;TEMP MISTO DUCHEF CAMPERO 10G;3;ATIVO;15;0;0;0;29/04/2026;12
MERCEARIA;38268;TEMP MISTO DUCHEF CAMPERO 10G;4;ATIVO;15;0;0;0;29/04/2026;12
MERCEARIA;38268;TEMP MISTO DUCHEF CAMPERO 10G;5;ATIVO;15;0;0;0;29/04/2026;12
MERCEARIA;38268;TEMP MISTO DUCHEF CAMPERO 10G;6;ATIVO;15;0;0;0;29/04/2026;12
MERCEARIA;38268;TEMP MISTO DUCHEF CAMPERO 10G;7;ATIVO;15;0;0;0;29/04/2026;12
MERCEARIA;38268;TEMP MISTO DUCHEF CAMPERO 10G;8;ATIVO;15;0;0;0;29/04/2026;12
MERCEARIA;38268;TEMP MISTO DUCHEF CAMPERO 10G;11;ATIVO;15;0;0;0;29/04/2026;12
MERCEARIA;38268;TEMP MISTO DUCHEF CAMPERO 10G;12;ATIVO;15;0;0;0;29/04/2026;12
MERCEARIA;38268;TEMP MISTO DUCHEF CAMPERO 10G;13;ATIVO;15;0;0;0;29/04/2026;12
MERCEARIA;38268;TEMP MISTO DUCHEF CAMPERO 10G;14;ATIVO;15;0;0;0;29/04/2026;12
MERCEARIA;38268;TEMP MISTO DUCHEF CAMPERO 10G;15;ATIVO;15;0;0;0;29/04/2026;12
MERCEARIA;38268;TEMP MISTO DUCHEF CAMPERO 10G;16;ATIVO;15;0;0;0;29/04/2026;12
MERCEARIA;38268;TEMP MISTO DUCHEF CAMPERO 10G;17;ATIVO;15;0;0;0;29/04/2026;12
MERCEARIA;38268;TEMP MISTO DUCHEF CAMPERO 10G;18;ATIVO;15;0;0;0;29/04/2026;12
MERCEARIA;38268;TEMP MISTO DUCHEF CAMPERO 10G;50;ATIVO;15;0;0;0;29/04/2026;12
NAO ALIMENTO;38099;ABRIDOR GARRAFA PLAST METAL 5PCS;1;ATIVO;1;0;0;0;14/04/2026;27
NAO ALIMENTO;38099;ABRIDOR GARRAFA PLAST METAL 5PCS;2;ATIVO;1;-1;12;0;14/04/2026;27
NAO ALIMENTO;38099;ABRIDOR GARRAFA PLAST METAL 5PCS;3;ATIVO;1;11;0;0;14/04/2026;27
NAO ALIMENTO;38099;ABRIDOR GARRAFA PLAST METAL 5PCS;4;ATIVO;1;0;0;0;14/04/2026;27
NAO ALIMENTO;38099;ABRIDOR GARRAFA PLAST METAL 5PCS;5;ATIVO;1;0;0;0;14/04/2026;27
NAO ALIMENTO;38099;ABRIDOR GARRAFA PLAST METAL 5PCS;6;ATIVO;1;0;0;0;14/04/2026;27
NAO ALIMENTO;38099;ABRIDOR GARRAFA PLAST METAL 5PCS;7;ATIVO;1;0;0;0;14/04/2026;27
NAO ALIMENTO;38099;ABRIDOR GARRAFA PLAST METAL 5PCS;8;ATIVO;1;0;0;0;14/04/2026;27
NAO ALIMENTO;38099;ABRIDOR GARRAFA PLAST METAL 5PCS;11;ATIVO;1;0;12;0;14/04/2026;27
NAO ALIMENTO;38099;ABRIDOR GARRAFA PLAST METAL 5PCS;12;ATIVO;1;-1;12;0;14/04/2026;27
NAO ALIMENTO;38099;ABRIDOR GARRAFA PLAST METAL 5PCS;13;ATIVO;1;0;12;0;14/04/2026;27
NAO ALIMENTO;38099;ABRIDOR GARRAFA PLAST METAL 5PCS;14;ATIVO;1;0;12;0;14/04/2026;27
NAO ALIMENTO;38099;ABRIDOR GARRAFA PLAST METAL 5PCS;15;ATIVO;1;0;0;0;14/04/2026;27
NAO ALIMENTO;38099;ABRIDOR GARRAFA PLAST METAL 5PCS;16;ATIVO;1;0;0;0;14/04/2026;27
NAO ALIMENTO;38099;ABRIDOR GARRAFA PLAST METAL 5PCS;17;ATIVO;1;0;0;0;14/04/2026;27
NAO ALIMENTO;38099;ABRIDOR GARRAFA PLAST METAL 5PCS;18;ATIVO;1;0;0;0;14/04/2026;27
NAO ALIMENTO;38099;ABRIDOR GARRAFA PLAST METAL 5PCS;50;ATIVO;1;0;0;0;14/04/2026;27
NAO ALIMENTO;38407;ABRIDOR MULTIUSO METAL PLAST 14CM;1;ATIVO;1;0;0;0;11/05/2026;0
NAO ALIMENTO;38407;ABRIDOR MULTIUSO METAL PLAST 14CM;2;ATIVO;1;0;0;0;11/05/2026;0
NAO ALIMENTO;38407;ABRIDOR MULTIUSO METAL PLAST 14CM;3;ATIVO;1;0;0;0;11/05/2026;0
NAO ALIMENTO;38407;ABRIDOR MULTIUSO METAL PLAST 14CM;4;ATIVO;1;0;0;0;11/05/2026;0
NAO ALIMENTO;38407;ABRIDOR MULTIUSO METAL PLAST 14CM;5;ATIVO;1;0;0;0;11/05/2026;0
NAO ALIMENTO;38407;ABRIDOR MULTIUSO METAL PLAST 14CM;6;ATIVO;1;0;0;0;11/05/2026;0
NAO ALIMENTO;38407;ABRIDOR MULTIUSO METAL PLAST 14CM;7;ATIVO;1;0;0;0;11/05/2026;0
NAO ALIMENTO;38407;ABRIDOR MULTIUSO METAL PLAST 14CM;8;ATIVO;1;0;0;0;11/05/2026;0
NAO ALIMENTO;38407;ABRIDOR MULTIUSO METAL PLAST 14CM;11;ATIVO;1;0;0;0;11/05/2026;0
NAO ALIMENTO;38407;ABRIDOR MULTIUSO METAL PLAST 14CM;12;ATIVO;1;0;0;0;11/05/2026;0
NAO ALIMENTO;38407;ABRIDOR MULTIUSO METAL PLAST 14CM;13;ATIVO;1;0;0;0;11/05/2026;0
NAO ALIMENTO;38407;ABRIDOR MULTIUSO METAL PLAST 14CM;14;ATIVO;1;0;0;0;11/05/2026;0
NAO ALIMENTO;38407;ABRIDOR MULTIUSO METAL PLAST 14CM;15;ATIVO;1;0;0;0;11/05/2026;0
NAO ALIMENTO;38407;ABRIDOR MULTIUSO METAL PLAST 14CM;16;ATIVO;1;0;0;0;11/05/2026;0
NAO ALIMENTO;38407;ABRIDOR MULTIUSO METAL PLAST 14CM;17;ATIVO;1;0;0;0;11/05/2026;0
NAO ALIMENTO;38407;ABRIDOR MULTIUSO METAL PLAST 14CM;18;ATIVO;1;0;0;0;11/05/2026;0
NAO ALIMENTO;38407;ABRIDOR MULTIUSO METAL PLAST 14CM;50;ATIVO;1;0;0;0;11/05/2026;0
NAO ALIMENTO;38189;ALBUM BROCHURA FIFA WORLD CUP 2026;1;ATIVO;80;0;0;0;22/04/2026;19
NAO ALIMENTO;38189;ALBUM BROCHURA FIFA WORLD CUP 2026;2;ATIVO;80;0;0;0;22/04/2026;19
NAO ALIMENTO;38189;ALBUM BROCHURA FIFA WORLD CUP 2026;3;ATIVO;80;0;0;0;22/04/2026;19
NAO ALIMENTO;38189;ALBUM BROCHURA FIFA WORLD CUP 2026;4;ATIVO;80;0;0;0;22/04/2026;19
NAO ALIMENTO;38189;ALBUM BROCHURA FIFA WORLD CUP 2026;5;ATIVO;80;0;0;0;22/04/2026;19
NAO ALIMENTO;38189;ALBUM BROCHURA FIFA WORLD CUP 2026;6;ATIVO;80;0;0;0;22/04/2026;19
NAO ALIMENTO;38189;ALBUM BROCHURA FIFA WORLD CUP 2026;7;ATIVO;80;0;0;0;22/04/2026;19
NAO ALIMENTO;38189;ALBUM BROCHURA FIFA WORLD CUP 2026;8;ATIVO;80;0;0;0;22/04/2026;19
NAO ALIMENTO;38189;ALBUM BROCHURA FIFA WORLD CUP 2026;11;ATIVO;80;0;0;0;22/04/2026;19
NAO ALIMENTO;38189;ALBUM BROCHURA FIFA WORLD CUP 2026;12;ATIVO;80;0;0;0;22/04/2026;19
NAO ALIMENTO;38189;ALBUM BROCHURA FIFA WORLD CUP 2026;13;ATIVO;80;0;0;0;22/04/2026;19
NAO ALIMENTO;38189;ALBUM BROCHURA FIFA WORLD CUP 2026;14;ATIVO;80;0;0;0;22/04/2026;19
NAO ALIMENTO;38189;ALBUM BROCHURA FIFA WORLD CUP 2026;15;ATIVO;80;0;0;0;22/04/2026;19
NAO ALIMENTO;38189;ALBUM BROCHURA FIFA WORLD CUP 2026;16;ATIVO;80;0;0;0;22/04/2026;19
NAO ALIMENTO;38189;ALBUM BROCHURA FIFA WORLD CUP 2026;17;ATIVO;80;0;0;0;22/04/2026;19
NAO ALIMENTO;38189;ALBUM BROCHURA FIFA WORLD CUP 2026;18;ATIVO;80;0;0;0;22/04/2026;19
NAO ALIMENTO;38189;ALBUM BROCHURA FIFA WORLD CUP 2026;50;ATIVO;80;0;0;0;22/04/2026;19
NAO ALIMENTO;38193;ALBUM CAPADURA FIFA WORLD CUO 2026;1;ATIVO;20;0;0;0;22/04/2026;19
NAO ALIMENTO;38193;ALBUM CAPADURA FIFA WORLD CUO 2026;2;ATIVO;20;0;0;0;22/04/2026;19
NAO ALIMENTO;38193;ALBUM CAPADURA FIFA WORLD CUO 2026;3;ATIVO;20;0;0;0;22/04/2026;19
NAO ALIMENTO;38193;ALBUM CAPADURA FIFA WORLD CUO 2026;4;ATIVO;20;0;0;0;22/04/2026;19
NAO ALIMENTO;38193;ALBUM CAPADURA FIFA WORLD CUO 2026;5;ATIVO;20;0;0;0;22/04/2026;19
NAO ALIMENTO;38193;ALBUM CAPADURA FIFA WORLD CUO 2026;6;ATIVO;20;0;0;0;22/04/2026;19
NAO ALIMENTO;38193;ALBUM CAPADURA FIFA WORLD CUO 2026;7;ATIVO;20;0;0;0;22/04/2026;19
NAO ALIMENTO;38193;ALBUM CAPADURA FIFA WORLD CUO 2026;8;ATIVO;20;0;0;0;22/04/2026;19
NAO ALIMENTO;38193;ALBUM CAPADURA FIFA WORLD CUO 2026;11;ATIVO;20;0;0;0;22/04/2026;19
NAO ALIMENTO;38193;ALBUM CAPADURA FIFA WORLD CUO 2026;12;ATIVO;20;0;0;0;22/04/2026;19
NAO ALIMENTO;38193;ALBUM CAPADURA FIFA WORLD CUO 2026;13;ATIVO;20;0;0;0;22/04/2026;19
NAO ALIMENTO;38193;ALBUM CAPADURA FIFA WORLD CUO 2026;14;ATIVO;20;0;0;0;22/04/2026;19
NAO ALIMENTO;38193;ALBUM CAPADURA FIFA WORLD CUO 2026;15;ATIVO;20;0;0;0;22/04/2026;19
NAO ALIMENTO;38193;ALBUM CAPADURA FIFA WORLD CUO 2026;16;ATIVO;20;0;0;0;22/04/2026;19
NAO ALIMENTO;38193;ALBUM CAPADURA FIFA WORLD CUO 2026;17;ATIVO;20;0;0;0;22/04/2026;19
NAO ALIMENTO;38193;ALBUM CAPADURA FIFA WORLD CUO 2026;18;ATIVO;20;0;0;0;22/04/2026;19
NAO ALIMENTO;38193;ALBUM CAPADURA FIFA WORLD CUO 2026;50;ATIVO;20;0;0;0;22/04/2026;19
NAO ALIMENTO;38187;ALBUM COPA 2026 CAPA DURA OURO;1;ATIVO;20;0;0;0;22/04/2026;19
NAO ALIMENTO;38187;ALBUM COPA 2026 CAPA DURA OURO;2;ATIVO;20;0;0;0;22/04/2026;19
NAO ALIMENTO;38187;ALBUM COPA 2026 CAPA DURA OURO;3;ATIVO;20;0;0;0;22/04/2026;19
NAO ALIMENTO;38187;ALBUM COPA 2026 CAPA DURA OURO;4;ATIVO;20;0;0;0;22/04/2026;19
NAO ALIMENTO;38187;ALBUM COPA 2026 CAPA DURA OURO;5;ATIVO;20;0;0;0;22/04/2026;19
NAO ALIMENTO;38187;ALBUM COPA 2026 CAPA DURA OURO;6;ATIVO;20;0;0;0;22/04/2026;19
NAO ALIMENTO;38187;ALBUM COPA 2026 CAPA DURA OURO;7;ATIVO;20;0;0;0;22/04/2026;19
NAO ALIMENTO;38187;ALBUM COPA 2026 CAPA DURA OURO;8;ATIVO;20;0;0;0;22/04/2026;19
NAO ALIMENTO;38187;ALBUM COPA 2026 CAPA DURA OURO;11;ATIVO;20;0;0;0;22/04/2026;19
NAO ALIMENTO;38187;ALBUM COPA 2026 CAPA DURA OURO;12;ATIVO;20;0;0;0;22/04/2026;19
NAO ALIMENTO;38187;ALBUM COPA 2026 CAPA DURA OURO;13;ATIVO;20;0;0;0;22/04/2026;19
NAO ALIMENTO;38187;ALBUM COPA 2026 CAPA DURA OURO;14;ATIVO;20;0;0;0;22/04/2026;19
NAO ALIMENTO;38187;ALBUM COPA 2026 CAPA DURA OURO;15;ATIVO;20;0;0;0;22/04/2026;19
NAO ALIMENTO;38187;ALBUM COPA 2026 CAPA DURA OURO;16;ATIVO;20;0;0;0;22/04/2026;19
NAO ALIMENTO;38187;ALBUM COPA 2026 CAPA DURA OURO;17;ATIVO;20;0;0;0;22/04/2026;19
NAO ALIMENTO;38187;ALBUM COPA 2026 CAPA DURA OURO;18;ATIVO;20;0;0;0;22/04/2026;19
NAO ALIMENTO;38187;ALBUM COPA 2026 CAPA DURA OURO;50;ATIVO;20;0;0;0;22/04/2026;19
NAO ALIMENTO;38188;ALBUM COPA 2026 CAPA DURA PRATA;1;ATIVO;20;0;0;0;22/04/2026;19
NAO ALIMENTO;38188;ALBUM COPA 2026 CAPA DURA PRATA;2;ATIVO;20;0;0;0;22/04/2026;19
NAO ALIMENTO;38188;ALBUM COPA 2026 CAPA DURA PRATA;3;ATIVO;20;0;0;0;22/04/2026;19
NAO ALIMENTO;38188;ALBUM COPA 2026 CAPA DURA PRATA;4;ATIVO;20;0;0;0;22/04/2026;19
NAO ALIMENTO;38188;ALBUM COPA 2026 CAPA DURA PRATA;5;ATIVO;20;0;0;0;22/04/2026;19
NAO ALIMENTO;38188;ALBUM COPA 2026 CAPA DURA PRATA;6;ATIVO;20;0;0;0;22/04/2026;19
NAO ALIMENTO;38188;ALBUM COPA 2026 CAPA DURA PRATA;7;ATIVO;20;0;0;0;22/04/2026;19
NAO ALIMENTO;38188;ALBUM COPA 2026 CAPA DURA PRATA;8;ATIVO;20;0;0;0;22/04/2026;19
NAO ALIMENTO;38188;ALBUM COPA 2026 CAPA DURA PRATA;11;ATIVO;20;0;0;0;22/04/2026;19
NAO ALIMENTO;38188;ALBUM COPA 2026 CAPA DURA PRATA;12;ATIVO;20;0;0;0;22/04/2026;19
NAO ALIMENTO;38188;ALBUM COPA 2026 CAPA DURA PRATA;13;ATIVO;20;0;0;0;22/04/2026;19
NAO ALIMENTO;38188;ALBUM COPA 2026 CAPA DURA PRATA;14;ATIVO;20;0;0;0;22/04/2026;19
NAO ALIMENTO;38188;ALBUM COPA 2026 CAPA DURA PRATA;15;ATIVO;20;0;0;0;22/04/2026;19
NAO ALIMENTO;38188;ALBUM COPA 2026 CAPA DURA PRATA;16;ATIVO;20;0;0;0;22/04/2026;19
NAO ALIMENTO;38188;ALBUM COPA 2026 CAPA DURA PRATA;17;ATIVO;20;0;0;0;22/04/2026;19
NAO ALIMENTO;38188;ALBUM COPA 2026 CAPA DURA PRATA;18;ATIVO;20;0;0;0;22/04/2026;19
NAO ALIMENTO;38188;ALBUM COPA 2026 CAPA DURA PRATA;50;ATIVO;20;0;0;0;22/04/2026;19
NAO ALIMENTO;38164;APARADOR DE PORTA ANIMAIS PT;1;ATIVO;1;0;0;0;18/04/2026;23
NAO ALIMENTO;38164;APARADOR DE PORTA ANIMAIS PT;2;ATIVO;1;0;0;0;18/04/2026;23
NAO ALIMENTO;38164;APARADOR DE PORTA ANIMAIS PT;3;ATIVO;1;0;0;0;18/04/2026;23
NAO ALIMENTO;38164;APARADOR DE PORTA ANIMAIS PT;4;ATIVO;1;0;0;0;18/04/2026;23
NAO ALIMENTO;38164;APARADOR DE PORTA ANIMAIS PT;5;ATIVO;1;0;0;0;18/04/2026;23
NAO ALIMENTO;38164;APARADOR DE PORTA ANIMAIS PT;6;ATIVO;1;0;0;0;18/04/2026;23
NAO ALIMENTO;38164;APARADOR DE PORTA ANIMAIS PT;7;ATIVO;1;0;0;0;18/04/2026;23
NAO ALIMENTO;38164;APARADOR DE PORTA ANIMAIS PT;8;ATIVO;1;0;0;0;18/04/2026;23
NAO ALIMENTO;38164;APARADOR DE PORTA ANIMAIS PT;11;ATIVO;1;0;0;0;18/04/2026;23
NAO ALIMENTO;38164;APARADOR DE PORTA ANIMAIS PT;12;ATIVO;1;0;0;0;18/04/2026;23
NAO ALIMENTO;38164;APARADOR DE PORTA ANIMAIS PT;13;ATIVO;1;0;0;0;18/04/2026;23
NAO ALIMENTO;38164;APARADOR DE PORTA ANIMAIS PT;14;ATIVO;1;0;0;0;18/04/2026;23
NAO ALIMENTO;38164;APARADOR DE PORTA ANIMAIS PT;15;ATIVO;1;0;0;0;18/04/2026;23
NAO ALIMENTO;38164;APARADOR DE PORTA ANIMAIS PT;16;ATIVO;1;0;0;0;18/04/2026;23
NAO ALIMENTO;38164;APARADOR DE PORTA ANIMAIS PT;17;ATIVO;1;0;0;0;18/04/2026;23
NAO ALIMENTO;38164;APARADOR DE PORTA ANIMAIS PT;18;ATIVO;1;0;0;0;18/04/2026;23
NAO ALIMENTO;38164;APARADOR DE PORTA ANIMAIS PT;50;ATIVO;1;0;0;0;18/04/2026;23
NAO ALIMENTO;38089;APONTADOR ROBO BLESSED JY 3002;1;ATIVO;1;0;0;0;14/04/2026;27
NAO ALIMENTO;38089;APONTADOR ROBO BLESSED JY 3002;2;ATIVO;1;0;0;0;14/04/2026;27
NAO ALIMENTO;38089;APONTADOR ROBO BLESSED JY 3002;3;ATIVO;1;0;0;0;14/04/2026;27
NAO ALIMENTO;38089;APONTADOR ROBO BLESSED JY 3002;4;ATIVO;1;0;0;0;14/04/2026;27
NAO ALIMENTO;38089;APONTADOR ROBO BLESSED JY 3002;5;ATIVO;1;0;0;0;14/04/2026;27
NAO ALIMENTO;38089;APONTADOR ROBO BLESSED JY 3002;6;ATIVO;1;0;0;0;14/04/2026;27
NAO ALIMENTO;38089;APONTADOR ROBO BLESSED JY 3002;7;ATIVO;1;0;0;0;14/04/2026;27
NAO ALIMENTO;38089;APONTADOR ROBO BLESSED JY 3002;8;ATIVO;1;0;0;0;14/04/2026;27
NAO ALIMENTO;38089;APONTADOR ROBO BLESSED JY 3002;11;ATIVO;1;0;0;0;14/04/2026;27
NAO ALIMENTO;38089;APONTADOR ROBO BLESSED JY 3002;12;ATIVO;1;0;0;0;14/04/2026;27
NAO ALIMENTO;38089;APONTADOR ROBO BLESSED JY 3002;13;ATIVO;1;0;0;0;14/04/2026;27
NAO ALIMENTO;38089;APONTADOR ROBO BLESSED JY 3002;14;ATIVO;1;0;0;0;14/04/2026;27
NAO ALIMENTO;38089;APONTADOR ROBO BLESSED JY 3002;15;ATIVO;1;0;0;0;14/04/2026;27
NAO ALIMENTO;38089;APONTADOR ROBO BLESSED JY 3002;16;ATIVO;1;0;0;0;14/04/2026;27
NAO ALIMENTO;38089;APONTADOR ROBO BLESSED JY 3002;17;ATIVO;1;0;0;0;14/04/2026;27
NAO ALIMENTO;38089;APONTADOR ROBO BLESSED JY 3002;18;ATIVO;1;0;0;0;14/04/2026;27
NAO ALIMENTO;38089;APONTADOR ROBO BLESSED JY 3002;50;ATIVO;1;0;0;0;14/04/2026;27
NAO ALIMENTO;38103;BABADOR INF PLASTICO 45X28CM;1;ATIVO;1;0;0;0;14/04/2026;27
NAO ALIMENTO;38103;BABADOR INF PLASTICO 45X28CM;2;ATIVO;1;-1;20;0;14/04/2026;27
NAO ALIMENTO;38103;BABADOR INF PLASTICO 45X28CM;3;ATIVO;1;30;0;0;14/04/2026;27
NAO ALIMENTO;38103;BABADOR INF PLASTICO 45X28CM;4;ATIVO;1;0;0;0;14/04/2026;27
NAO ALIMENTO;38103;BABADOR INF PLASTICO 45X28CM;5;ATIVO;1;10;0;0;14/04/2026;27
NAO ALIMENTO;38103;BABADOR INF PLASTICO 45X28CM;6;ATIVO;1;10;0;0;14/04/2026;27
NAO ALIMENTO;38103;BABADOR INF PLASTICO 45X28CM;7;ATIVO;1;-2;10;0;14/04/2026;27
NAO ALIMENTO;38103;BABADOR INF PLASTICO 45X28CM;8;ATIVO;1;20;0;0;14/04/2026;27
NAO ALIMENTO;38103;BABADOR INF PLASTICO 45X28CM;11;ATIVO;1;0;20;0;14/04/2026;27
NAO ALIMENTO;38103;BABADOR INF PLASTICO 45X28CM;12;ATIVO;1;0;20;0;14/04/2026;27
NAO ALIMENTO;38103;BABADOR INF PLASTICO 45X28CM;13;ATIVO;1;0;20;0;14/04/2026;27
NAO ALIMENTO;38103;BABADOR INF PLASTICO 45X28CM;14;ATIVO;1;0;20;0;14/04/2026;27
NAO ALIMENTO;38103;BABADOR INF PLASTICO 45X28CM;15;ATIVO;1;0;0;0;14/04/2026;27
NAO ALIMENTO;38103;BABADOR INF PLASTICO 45X28CM;16;ATIVO;1;0;0;0;14/04/2026;27
NAO ALIMENTO;38103;BABADOR INF PLASTICO 45X28CM;17;ATIVO;1;0;10;0;14/04/2026;27
NAO ALIMENTO;38103;BABADOR INF PLASTICO 45X28CM;18;ATIVO;1;-1;10;0;14/04/2026;27
NAO ALIMENTO;38103;BABADOR INF PLASTICO 45X28CM;50;ATIVO;1;0;0;0;14/04/2026;27
NAO ALIMENTO;38253;BALAO BRASIL DOURADO N18;1;ATIVO;1;0;0;0;27/04/2026;14
NAO ALIMENTO;38253;BALAO BRASIL DOURADO N18;2;ATIVO;1;0;10;0;27/04/2026;14
NAO ALIMENTO;38253;BALAO BRASIL DOURADO N18;3;ATIVO;1;0;20;0;27/04/2026;14
NAO ALIMENTO;38253;BALAO BRASIL DOURADO N18;4;ATIVO;1;0;10;0;27/04/2026;14
NAO ALIMENTO;38253;BALAO BRASIL DOURADO N18;5;ATIVO;1;0;10;0;27/04/2026;14
NAO ALIMENTO;38253;BALAO BRASIL DOURADO N18;6;ATIVO;1;0;10;0;27/04/2026;14
NAO ALIMENTO;38253;BALAO BRASIL DOURADO N18;7;ATIVO;1;0;10;0;27/04/2026;14
NAO ALIMENTO;38253;BALAO BRASIL DOURADO N18;8;ATIVO;1;0;10;0;27/04/2026;14
NAO ALIMENTO;38253;BALAO BRASIL DOURADO N18;11;ATIVO;1;0;10;0;27/04/2026;14
NAO ALIMENTO;38253;BALAO BRASIL DOURADO N18;12;ATIVO;1;0;10;0;27/04/2026;14
NAO ALIMENTO;38253;BALAO BRASIL DOURADO N18;13;ATIVO;1;0;10;0;27/04/2026;14
NAO ALIMENTO;38253;BALAO BRASIL DOURADO N18;14;ATIVO;1;0;10;0;27/04/2026;14
NAO ALIMENTO;38253;BALAO BRASIL DOURADO N18;15;ATIVO;1;0;0;0;27/04/2026;14
NAO ALIMENTO;38253;BALAO BRASIL DOURADO N18;16;ATIVO;1;0;0;0;27/04/2026;14
NAO ALIMENTO;38253;BALAO BRASIL DOURADO N18;17;ATIVO;1;0;10;0;27/04/2026;14
NAO ALIMENTO;38253;BALAO BRASIL DOURADO N18;18;ATIVO;1;0;10;0;27/04/2026;14
NAO ALIMENTO;38253;BALAO BRASIL DOURADO N18;50;ATIVO;1;0;0;0;27/04/2026;14
NAO ALIMENTO;38251;BALAO CORACAO LOVE YOU VERMELHO N17;1;ATIVO;1;0;0;0;27/04/2026;14
NAO ALIMENTO;38251;BALAO CORACAO LOVE YOU VERMELHO N17;2;ATIVO;1;0;10;0;27/04/2026;14
NAO ALIMENTO;38251;BALAO CORACAO LOVE YOU VERMELHO N17;3;ATIVO;1;0;20;0;27/04/2026;14
NAO ALIMENTO;38251;BALAO CORACAO LOVE YOU VERMELHO N17;4;ATIVO;1;0;10;0;27/04/2026;14
NAO ALIMENTO;38251;BALAO CORACAO LOVE YOU VERMELHO N17;5;ATIVO;1;0;10;0;27/04/2026;14
NAO ALIMENTO;38251;BALAO CORACAO LOVE YOU VERMELHO N17;6;ATIVO;1;0;10;0;27/04/2026;14
NAO ALIMENTO;38251;BALAO CORACAO LOVE YOU VERMELHO N17;7;ATIVO;1;0;10;0;27/04/2026;14
NAO ALIMENTO;38251;BALAO CORACAO LOVE YOU VERMELHO N17;8;ATIVO;1;0;10;0;27/04/2026;14
NAO ALIMENTO;38251;BALAO CORACAO LOVE YOU VERMELHO N17;11;ATIVO;1;0;10;0;27/04/2026;14
NAO ALIMENTO;38251;BALAO CORACAO LOVE YOU VERMELHO N17;12;ATIVO;1;0;10;0;27/04/2026;14
NAO ALIMENTO;38251;BALAO CORACAO LOVE YOU VERMELHO N17;13;ATIVO;1;0;10;0;27/04/2026;14
NAO ALIMENTO;38251;BALAO CORACAO LOVE YOU VERMELHO N17;14;ATIVO;1;0;10;0;27/04/2026;14
NAO ALIMENTO;38251;BALAO CORACAO LOVE YOU VERMELHO N17;15;ATIVO;1;0;0;0;27/04/2026;14
NAO ALIMENTO;38251;BALAO CORACAO LOVE YOU VERMELHO N17;16;ATIVO;1;0;0;0;27/04/2026;14
NAO ALIMENTO;38251;BALAO CORACAO LOVE YOU VERMELHO N17;17;ATIVO;1;0;10;0;27/04/2026;14
NAO ALIMENTO;38251;BALAO CORACAO LOVE YOU VERMELHO N17;18;ATIVO;1;0;10;0;27/04/2026;14
NAO ALIMENTO;38251;BALAO CORACAO LOVE YOU VERMELHO N17;50;ATIVO;1;0;0;0;27/04/2026;14
NAO ALIMENTO;38252;BALAO CORACAO TE AMO VERMELHO N17;1;ATIVO;1;0;0;0;27/04/2026;14
NAO ALIMENTO;38252;BALAO CORACAO TE AMO VERMELHO N17;2;ATIVO;1;0;10;0;27/04/2026;14
NAO ALIMENTO;38252;BALAO CORACAO TE AMO VERMELHO N17;3;ATIVO;1;0;20;0;27/04/2026;14
NAO ALIMENTO;38252;BALAO CORACAO TE AMO VERMELHO N17;4;ATIVO;1;0;10;0;27/04/2026;14
NAO ALIMENTO;38252;BALAO CORACAO TE AMO VERMELHO N17;5;ATIVO;1;0;10;0;27/04/2026;14
NAO ALIMENTO;38252;BALAO CORACAO TE AMO VERMELHO N17;6;ATIVO;1;0;10;0;27/04/2026;14
NAO ALIMENTO;38252;BALAO CORACAO TE AMO VERMELHO N17;7;ATIVO;1;0;10;0;27/04/2026;14
NAO ALIMENTO;38252;BALAO CORACAO TE AMO VERMELHO N17;8;ATIVO;1;0;10;0;27/04/2026;14
NAO ALIMENTO;38252;BALAO CORACAO TE AMO VERMELHO N17;11;ATIVO;1;0;10;0;27/04/2026;14
NAO ALIMENTO;38252;BALAO CORACAO TE AMO VERMELHO N17;12;ATIVO;1;0;10;0;27/04/2026;14
NAO ALIMENTO;38252;BALAO CORACAO TE AMO VERMELHO N17;13;ATIVO;1;0;10;0;27/04/2026;14
NAO ALIMENTO;38252;BALAO CORACAO TE AMO VERMELHO N17;14;ATIVO;1;0;10;0;27/04/2026;14
NAO ALIMENTO;38252;BALAO CORACAO TE AMO VERMELHO N17;15;ATIVO;1;0;0;0;27/04/2026;14
NAO ALIMENTO;38252;BALAO CORACAO TE AMO VERMELHO N17;16;ATIVO;1;0;0;0;27/04/2026;14
NAO ALIMENTO;38252;BALAO CORACAO TE AMO VERMELHO N17;17;ATIVO;1;0;10;0;27/04/2026;14
NAO ALIMENTO;38252;BALAO CORACAO TE AMO VERMELHO N17;18;ATIVO;1;0;10;0;27/04/2026;14
NAO ALIMENTO;38252;BALAO CORACAO TE AMO VERMELHO N17;50;ATIVO;1;0;0;0;27/04/2026;14
NAO ALIMENTO;38107;BALAO LISO GRAN FESTA 09 VD MENTA C;1;ATIVO;1;0;0;0;15/04/2026;26
NAO ALIMENTO;38107;BALAO LISO GRAN FESTA 09 VD MENTA C;2;ATIVO;1;0;0;0;15/04/2026;26
NAO ALIMENTO;38107;BALAO LISO GRAN FESTA 09 VD MENTA C;3;ATIVO;1;0;0;0;15/04/2026;26
NAO ALIMENTO;38107;BALAO LISO GRAN FESTA 09 VD MENTA C;4;ATIVO;1;0;0;0;15/04/2026;26
NAO ALIMENTO;38107;BALAO LISO GRAN FESTA 09 VD MENTA C;5;ATIVO;1;0;0;0;15/04/2026;26
NAO ALIMENTO;38107;BALAO LISO GRAN FESTA 09 VD MENTA C;6;ATIVO;1;0;0;0;15/04/2026;26
NAO ALIMENTO;38107;BALAO LISO GRAN FESTA 09 VD MENTA C;7;ATIVO;1;0;0;0;15/04/2026;26
NAO ALIMENTO;38107;BALAO LISO GRAN FESTA 09 VD MENTA C;8;ATIVO;1;0;0;0;15/04/2026;26
NAO ALIMENTO;38107;BALAO LISO GRAN FESTA 09 VD MENTA C;11;ATIVO;1;0;0;0;15/04/2026;26
NAO ALIMENTO;38107;BALAO LISO GRAN FESTA 09 VD MENTA C;12;ATIVO;1;0;0;0;15/04/2026;26
NAO ALIMENTO;38107;BALAO LISO GRAN FESTA 09 VD MENTA C;13;ATIVO;1;0;0;0;15/04/2026;26
NAO ALIMENTO;38107;BALAO LISO GRAN FESTA 09 VD MENTA C;14;ATIVO;1;0;0;0;15/04/2026;26
NAO ALIMENTO;38107;BALAO LISO GRAN FESTA 09 VD MENTA C;15;ATIVO;1;0;0;0;15/04/2026;26
NAO ALIMENTO;38107;BALAO LISO GRAN FESTA 09 VD MENTA C;16;ATIVO;1;0;0;0;15/04/2026;26
NAO ALIMENTO;38107;BALAO LISO GRAN FESTA 09 VD MENTA C;17;ATIVO;1;0;0;0;15/04/2026;26
NAO ALIMENTO;38107;BALAO LISO GRAN FESTA 09 VD MENTA C;18;ATIVO;1;0;0;0;15/04/2026;26
NAO ALIMENTO;38107;BALAO LISO GRAN FESTA 09 VD MENTA C;50;ATIVO;1;0;0;0;15/04/2026;26
NAO ALIMENTO;38265;BALAO N7 16POL DOURADO;1;ATIVO;1;0;0;0;28/04/2026;13
NAO ALIMENTO;38265;BALAO N7 16POL DOURADO;2;ATIVO;1;0;10;0;28/04/2026;13
NAO ALIMENTO;38265;BALAO N7 16POL DOURADO;3;ATIVO;1;0;20;0;28/04/2026;13
NAO ALIMENTO;38265;BALAO N7 16POL DOURADO;4;ATIVO;1;0;10;0;28/04/2026;13
NAO ALIMENTO;38265;BALAO N7 16POL DOURADO;5;ATIVO;1;0;10;0;28/04/2026;13
NAO ALIMENTO;38265;BALAO N7 16POL DOURADO;6;ATIVO;1;0;10;0;28/04/2026;13
NAO ALIMENTO;38265;BALAO N7 16POL DOURADO;7;ATIVO;1;0;10;0;28/04/2026;13
NAO ALIMENTO;38265;BALAO N7 16POL DOURADO;8;ATIVO;1;0;10;0;28/04/2026;13
NAO ALIMENTO;38265;BALAO N7 16POL DOURADO;11;ATIVO;1;0;10;0;28/04/2026;13
NAO ALIMENTO;38265;BALAO N7 16POL DOURADO;12;ATIVO;1;0;10;0;28/04/2026;13
NAO ALIMENTO;38265;BALAO N7 16POL DOURADO;13;ATIVO;1;0;10;0;28/04/2026;13
NAO ALIMENTO;38265;BALAO N7 16POL DOURADO;14;ATIVO;1;0;10;0;28/04/2026;13
NAO ALIMENTO;38265;BALAO N7 16POL DOURADO;15;ATIVO;1;0;0;0;28/04/2026;13
NAO ALIMENTO;38265;BALAO N7 16POL DOURADO;16;ATIVO;1;0;0;0;28/04/2026;13
NAO ALIMENTO;38265;BALAO N7 16POL DOURADO;17;ATIVO;1;0;10;0;28/04/2026;13
NAO ALIMENTO;38265;BALAO N7 16POL DOURADO;18;ATIVO;1;0;10;0;28/04/2026;13
NAO ALIMENTO;38265;BALAO N7 16POL DOURADO;50;ATIVO;1;0;0;0;28/04/2026;13
NAO ALIMENTO;38098;BALDE E ESFREGAO PLAST 2PCS 6L;1;ATIVO;1;0;5;0;14/04/2026;27
NAO ALIMENTO;38098;BALDE E ESFREGAO PLAST 2PCS 6L;2;ATIVO;1;-1;20;0;14/04/2026;27
NAO ALIMENTO;38098;BALDE E ESFREGAO PLAST 2PCS 6L;3;ATIVO;1;30;0;0;14/04/2026;27
NAO ALIMENTO;38098;BALDE E ESFREGAO PLAST 2PCS 6L;4;ATIVO;1;5;0;0;14/04/2026;27
NAO ALIMENTO;38098;BALDE E ESFREGAO PLAST 2PCS 6L;5;ATIVO;1;10;0;0;14/04/2026;27
NAO ALIMENTO;38098;BALDE E ESFREGAO PLAST 2PCS 6L;6;ATIVO;1;20;0;0;14/04/2026;27
NAO ALIMENTO;38098;BALDE E ESFREGAO PLAST 2PCS 6L;7;ATIVO;1;0;10;0;14/04/2026;27
NAO ALIMENTO;38098;BALDE E ESFREGAO PLAST 2PCS 6L;8;ATIVO;1;10;0;0;14/04/2026;27
NAO ALIMENTO;38098;BALDE E ESFREGAO PLAST 2PCS 6L;11;ATIVO;1;0;20;0;14/04/2026;27
NAO ALIMENTO;38098;BALDE E ESFREGAO PLAST 2PCS 6L;12;ATIVO;1;0;20;0;14/04/2026;27
NAO ALIMENTO;38098;BALDE E ESFREGAO PLAST 2PCS 6L;13;ATIVO;1;0;20;0;14/04/2026;27
NAO ALIMENTO;38098;BALDE E ESFREGAO PLAST 2PCS 6L;14;ATIVO;1;0;20;0;14/04/2026;27
NAO ALIMENTO;38098;BALDE E ESFREGAO PLAST 2PCS 6L;15;ATIVO;1;0;0;0;14/04/2026;27
NAO ALIMENTO;38098;BALDE E ESFREGAO PLAST 2PCS 6L;16;ATIVO;1;0;0;0;14/04/2026;27
NAO ALIMENTO;38098;BALDE E ESFREGAO PLAST 2PCS 6L;17;ATIVO;1;0;10;0;14/04/2026;27
NAO ALIMENTO;38098;BALDE E ESFREGAO PLAST 2PCS 6L;18;ATIVO;1;0;20;0;14/04/2026;27
NAO ALIMENTO;38098;BALDE E ESFREGAO PLAST 2PCS 6L;50;ATIVO;1;380;0;0;14/04/2026;27
NAO ALIMENTO;38260;BANDEIRA BRASIL 65X90CM;1;ATIVO;1;0;0;0;28/04/2026;13
NAO ALIMENTO;38260;BANDEIRA BRASIL 65X90CM;2;ATIVO;1;0;0;0;28/04/2026;13
NAO ALIMENTO;38260;BANDEIRA BRASIL 65X90CM;3;ATIVO;1;0;0;0;28/04/2026;13
NAO ALIMENTO;38260;BANDEIRA BRASIL 65X90CM;4;ATIVO;1;0;0;0;28/04/2026;13
NAO ALIMENTO;38260;BANDEIRA BRASIL 65X90CM;5;ATIVO;1;0;0;0;28/04/2026;13
NAO ALIMENTO;38260;BANDEIRA BRASIL 65X90CM;6;ATIVO;1;0;0;0;28/04/2026;13
NAO ALIMENTO;38260;BANDEIRA BRASIL 65X90CM;7;ATIVO;1;0;0;0;28/04/2026;13
NAO ALIMENTO;38260;BANDEIRA BRASIL 65X90CM;8;ATIVO;1;0;0;0;28/04/2026;13
NAO ALIMENTO;38260;BANDEIRA BRASIL 65X90CM;11;ATIVO;1;0;0;0;28/04/2026;13
NAO ALIMENTO;38260;BANDEIRA BRASIL 65X90CM;12;ATIVO;1;0;0;0;28/04/2026;13
NAO ALIMENTO;38260;BANDEIRA BRASIL 65X90CM;13;ATIVO;1;0;0;0;28/04/2026;13
NAO ALIMENTO;38260;BANDEIRA BRASIL 65X90CM;14;ATIVO;1;0;0;0;28/04/2026;13
NAO ALIMENTO;38260;BANDEIRA BRASIL 65X90CM;15;ATIVO;1;0;0;0;28/04/2026;13
NAO ALIMENTO;38260;BANDEIRA BRASIL 65X90CM;16;ATIVO;1;0;0;0;28/04/2026;13
NAO ALIMENTO;38260;BANDEIRA BRASIL 65X90CM;17;ATIVO;1;0;0;0;28/04/2026;13
NAO ALIMENTO;38260;BANDEIRA BRASIL 65X90CM;18;ATIVO;1;0;0;0;28/04/2026;13
NAO ALIMENTO;38260;BANDEIRA BRASIL 65X90CM;50;ATIVO;1;0;0;0;28/04/2026;13
NAO ALIMENTO;38218;BOLA FUTEBOL ARENA N5 SORTIDAS;1;ATIVO;30;0;0;0;24/04/2026;17
NAO ALIMENTO;38218;BOLA FUTEBOL ARENA N5 SORTIDAS;2;ATIVO;30;0;0;0;24/04/2026;17
NAO ALIMENTO;38218;BOLA FUTEBOL ARENA N5 SORTIDAS;3;ATIVO;30;0;0;0;24/04/2026;17
NAO ALIMENTO;38218;BOLA FUTEBOL ARENA N5 SORTIDAS;4;ATIVO;30;0;0;0;24/04/2026;17
NAO ALIMENTO;38218;BOLA FUTEBOL ARENA N5 SORTIDAS;5;ATIVO;30;0;0;0;24/04/2026;17
NAO ALIMENTO;38218;BOLA FUTEBOL ARENA N5 SORTIDAS;6;ATIVO;30;0;0;0;24/04/2026;17
NAO ALIMENTO;38218;BOLA FUTEBOL ARENA N5 SORTIDAS;7;ATIVO;30;0;0;0;24/04/2026;17
NAO ALIMENTO;38218;BOLA FUTEBOL ARENA N5 SORTIDAS;8;ATIVO;30;0;0;0;24/04/2026;17
NAO ALIMENTO;38218;BOLA FUTEBOL ARENA N5 SORTIDAS;11;ATIVO;30;0;0;0;24/04/2026;17
NAO ALIMENTO;38218;BOLA FUTEBOL ARENA N5 SORTIDAS;12;ATIVO;30;0;0;0;24/04/2026;17
NAO ALIMENTO;38218;BOLA FUTEBOL ARENA N5 SORTIDAS;13;ATIVO;30;0;0;0;24/04/2026;17
NAO ALIMENTO;38218;BOLA FUTEBOL ARENA N5 SORTIDAS;14;ATIVO;30;0;0;0;24/04/2026;17
NAO ALIMENTO;38218;BOLA FUTEBOL ARENA N5 SORTIDAS;15;ATIVO;30;0;0;0;24/04/2026;17
NAO ALIMENTO;38218;BOLA FUTEBOL ARENA N5 SORTIDAS;16;ATIVO;30;0;0;0;24/04/2026;17
NAO ALIMENTO;38218;BOLA FUTEBOL ARENA N5 SORTIDAS;17;ATIVO;30;0;0;0;24/04/2026;17
NAO ALIMENTO;38218;BOLA FUTEBOL ARENA N5 SORTIDAS;18;ATIVO;30;0;0;0;24/04/2026;17
NAO ALIMENTO;38218;BOLA FUTEBOL ARENA N5 SORTIDAS;50;ATIVO;30;0;0;0;24/04/2026;17
NAO ALIMENTO;38087;CABIDE ADULTO VELUDO 5PCS 45CM;1;ATIVO;1;0;0;0;14/04/2026;27
NAO ALIMENTO;38087;CABIDE ADULTO VELUDO 5PCS 45CM;2;ATIVO;1;0;24;0;14/04/2026;27
NAO ALIMENTO;38087;CABIDE ADULTO VELUDO 5PCS 45CM;3;ATIVO;1;20;0;0;14/04/2026;27
NAO ALIMENTO;38087;CABIDE ADULTO VELUDO 5PCS 45CM;4;ATIVO;1;12;0;0;14/04/2026;27
NAO ALIMENTO;38087;CABIDE ADULTO VELUDO 5PCS 45CM;5;ATIVO;1;12;0;0;14/04/2026;27
NAO ALIMENTO;38087;CABIDE ADULTO VELUDO 5PCS 45CM;6;ATIVO;1;12;0;0;14/04/2026;27
NAO ALIMENTO;38087;CABIDE ADULTO VELUDO 5PCS 45CM;7;ATIVO;1;0;12;0;14/04/2026;27
NAO ALIMENTO;38087;CABIDE ADULTO VELUDO 5PCS 45CM;8;ATIVO;1;12;0;0;14/04/2026;27
NAO ALIMENTO;38087;CABIDE ADULTO VELUDO 5PCS 45CM;11;ATIVO;1;0;24;0;14/04/2026;27
NAO ALIMENTO;38087;CABIDE ADULTO VELUDO 5PCS 45CM;12;ATIVO;1;0;24;0;14/04/2026;27
NAO ALIMENTO;38087;CABIDE ADULTO VELUDO 5PCS 45CM;13;ATIVO;1;0;24;0;14/04/2026;27
NAO ALIMENTO;38087;CABIDE ADULTO VELUDO 5PCS 45CM;14;ATIVO;1;0;12;0;14/04/2026;27
NAO ALIMENTO;38087;CABIDE ADULTO VELUDO 5PCS 45CM;15;ATIVO;1;0;0;0;14/04/2026;27
NAO ALIMENTO;38087;CABIDE ADULTO VELUDO 5PCS 45CM;16;ATIVO;1;0;0;0;14/04/2026;27
NAO ALIMENTO;38087;CABIDE ADULTO VELUDO 5PCS 45CM;17;ATIVO;1;0;12;0;14/04/2026;27
NAO ALIMENTO;38087;CABIDE ADULTO VELUDO 5PCS 45CM;18;ATIVO;1;-4;12;0;14/04/2026;27
NAO ALIMENTO;38087;CABIDE ADULTO VELUDO 5PCS 45CM;50;ATIVO;1;0;0;0;14/04/2026;27
NAO ALIMENTO;38101;CABIDE INF VELUDO 5PCS 33CM;1;ATIVO;1;0;0;0;14/04/2026;27
NAO ALIMENTO;38101;CABIDE INF VELUDO 5PCS 33CM;2;ATIVO;1;0;24;0;14/04/2026;27
NAO ALIMENTO;38101;CABIDE INF VELUDO 5PCS 33CM;3;ATIVO;1;23;0;0;14/04/2026;27
NAO ALIMENTO;38101;CABIDE INF VELUDO 5PCS 33CM;4;ATIVO;1;12;0;0;14/04/2026;27
NAO ALIMENTO;38101;CABIDE INF VELUDO 5PCS 33CM;5;ATIVO;1;12;0;0;14/04/2026;27
NAO ALIMENTO;38101;CABIDE INF VELUDO 5PCS 33CM;6;ATIVO;1;12;0;0;14/04/2026;27
NAO ALIMENTO;38101;CABIDE INF VELUDO 5PCS 33CM;7;ATIVO;1;0;12;0;14/04/2026;27
NAO ALIMENTO;38101;CABIDE INF VELUDO 5PCS 33CM;8;ATIVO;1;12;0;0;14/04/2026;27
NAO ALIMENTO;38101;CABIDE INF VELUDO 5PCS 33CM;11;ATIVO;1;0;24;0;14/04/2026;27
NAO ALIMENTO;38101;CABIDE INF VELUDO 5PCS 33CM;12;ATIVO;1;0;24;0;14/04/2026;27
NAO ALIMENTO;38101;CABIDE INF VELUDO 5PCS 33CM;13;ATIVO;1;0;24;0;14/04/2026;27
NAO ALIMENTO;38101;CABIDE INF VELUDO 5PCS 33CM;14;ATIVO;1;0;12;0;14/04/2026;27
NAO ALIMENTO;38101;CABIDE INF VELUDO 5PCS 33CM;15;ATIVO;1;0;0;0;14/04/2026;27
NAO ALIMENTO;38101;CABIDE INF VELUDO 5PCS 33CM;16;ATIVO;1;0;0;0;14/04/2026;27
NAO ALIMENTO;38101;CABIDE INF VELUDO 5PCS 33CM;17;ATIVO;1;0;12;0;14/04/2026;27
NAO ALIMENTO;38101;CABIDE INF VELUDO 5PCS 33CM;18;ATIVO;1;0;12;0;14/04/2026;27
NAO ALIMENTO;38101;CABIDE INF VELUDO 5PCS 33CM;50;ATIVO;1;0;0;0;14/04/2026;27
NAO ALIMENTO;38066;CAD ESPI CD 1X1 80FLS ESQUADRAO SUI;1;ATIVO;1;0;0;0;13/04/2026;28
NAO ALIMENTO;38066;CAD ESPI CD 1X1 80FLS ESQUADRAO SUI;2;ATIVO;1;0;0;0;13/04/2026;28
NAO ALIMENTO;38066;CAD ESPI CD 1X1 80FLS ESQUADRAO SUI;3;ATIVO;1;0;0;0;13/04/2026;28
NAO ALIMENTO;38066;CAD ESPI CD 1X1 80FLS ESQUADRAO SUI;4;ATIVO;1;0;0;0;13/04/2026;28
NAO ALIMENTO;38066;CAD ESPI CD 1X1 80FLS ESQUADRAO SUI;5;ATIVO;1;0;0;0;13/04/2026;28
NAO ALIMENTO;38066;CAD ESPI CD 1X1 80FLS ESQUADRAO SUI;6;ATIVO;1;0;0;0;13/04/2026;28
NAO ALIMENTO;38066;CAD ESPI CD 1X1 80FLS ESQUADRAO SUI;7;ATIVO;1;0;0;0;13/04/2026;28
NAO ALIMENTO;38066;CAD ESPI CD 1X1 80FLS ESQUADRAO SUI;8;ATIVO;1;0;0;0;13/04/2026;28
NAO ALIMENTO;38066;CAD ESPI CD 1X1 80FLS ESQUADRAO SUI;11;ATIVO;1;0;0;0;13/04/2026;28
NAO ALIMENTO;38066;CAD ESPI CD 1X1 80FLS ESQUADRAO SUI;12;ATIVO;1;0;0;0;13/04/2026;28
NAO ALIMENTO;38066;CAD ESPI CD 1X1 80FLS ESQUADRAO SUI;13;ATIVO;1;0;0;0;13/04/2026;28
NAO ALIMENTO;38066;CAD ESPI CD 1X1 80FLS ESQUADRAO SUI;14;ATIVO;1;0;0;0;13/04/2026;28
NAO ALIMENTO;38066;CAD ESPI CD 1X1 80FLS ESQUADRAO SUI;15;ATIVO;1;0;0;0;13/04/2026;28
NAO ALIMENTO;38066;CAD ESPI CD 1X1 80FLS ESQUADRAO SUI;16;ATIVO;1;0;0;0;13/04/2026;28
NAO ALIMENTO;38066;CAD ESPI CD 1X1 80FLS ESQUADRAO SUI;17;ATIVO;1;0;0;0;13/04/2026;28
NAO ALIMENTO;38066;CAD ESPI CD 1X1 80FLS ESQUADRAO SUI;18;ATIVO;1;0;0;0;13/04/2026;28
NAO ALIMENTO;38066;CAD ESPI CD 1X1 80FLS ESQUADRAO SUI;50;ATIVO;1;0;0;0;13/04/2026;28
NAO ALIMENTO;38212;CADEIRA PU CARAMELO METAL PRETA;1;ATIVO;1;0;0;0;23/04/2026;18
NAO ALIMENTO;38212;CADEIRA PU CARAMELO METAL PRETA;2;ATIVO;1;0;0;0;23/04/2026;18
NAO ALIMENTO;38212;CADEIRA PU CARAMELO METAL PRETA;3;ATIVO;1;0;0;0;23/04/2026;18
NAO ALIMENTO;38212;CADEIRA PU CARAMELO METAL PRETA;4;ATIVO;1;0;0;0;23/04/2026;18
NAO ALIMENTO;38212;CADEIRA PU CARAMELO METAL PRETA;5;ATIVO;1;0;0;0;23/04/2026;18
NAO ALIMENTO;38212;CADEIRA PU CARAMELO METAL PRETA;6;ATIVO;1;0;0;0;23/04/2026;18
NAO ALIMENTO;38212;CADEIRA PU CARAMELO METAL PRETA;7;ATIVO;1;0;0;0;23/04/2026;18
NAO ALIMENTO;38212;CADEIRA PU CARAMELO METAL PRETA;8;ATIVO;1;0;0;0;23/04/2026;18
NAO ALIMENTO;38212;CADEIRA PU CARAMELO METAL PRETA;11;ATIVO;1;0;0;0;23/04/2026;18
NAO ALIMENTO;38212;CADEIRA PU CARAMELO METAL PRETA;12;ATIVO;1;0;0;0;23/04/2026;18
NAO ALIMENTO;38212;CADEIRA PU CARAMELO METAL PRETA;13;ATIVO;1;0;0;0;23/04/2026;18
NAO ALIMENTO;38212;CADEIRA PU CARAMELO METAL PRETA;14;ATIVO;1;0;0;0;23/04/2026;18
NAO ALIMENTO;38212;CADEIRA PU CARAMELO METAL PRETA;15;ATIVO;1;0;0;0;23/04/2026;18
NAO ALIMENTO;38212;CADEIRA PU CARAMELO METAL PRETA;16;ATIVO;1;0;0;0;23/04/2026;18
NAO ALIMENTO;38212;CADEIRA PU CARAMELO METAL PRETA;17;ATIVO;1;0;0;0;23/04/2026;18
NAO ALIMENTO;38212;CADEIRA PU CARAMELO METAL PRETA;18;ATIVO;1;0;0;0;23/04/2026;18
NAO ALIMENTO;38212;CADEIRA PU CARAMELO METAL PRETA;50;ATIVO;1;0;6;0;23/04/2026;18
NAO ALIMENTO;38174;CAIXA P DOCE BOX SUL BRILHO P C 5;1;ATIVO;1;0;0;0;20/04/2026;21
NAO ALIMENTO;38174;CAIXA P DOCE BOX SUL BRILHO P C 5;2;ATIVO;1;0;0;0;20/04/2026;21
NAO ALIMENTO;38174;CAIXA P DOCE BOX SUL BRILHO P C 5;3;ATIVO;1;0;0;0;20/04/2026;21
NAO ALIMENTO;38174;CAIXA P DOCE BOX SUL BRILHO P C 5;4;ATIVO;1;0;0;0;20/04/2026;21
NAO ALIMENTO;38174;CAIXA P DOCE BOX SUL BRILHO P C 5;5;ATIVO;1;0;0;0;20/04/2026;21
NAO ALIMENTO;38174;CAIXA P DOCE BOX SUL BRILHO P C 5;6;ATIVO;1;0;0;0;20/04/2026;21
NAO ALIMENTO;38174;CAIXA P DOCE BOX SUL BRILHO P C 5;7;ATIVO;1;0;0;0;20/04/2026;21
NAO ALIMENTO;38174;CAIXA P DOCE BOX SUL BRILHO P C 5;8;ATIVO;1;0;0;0;20/04/2026;21
NAO ALIMENTO;38174;CAIXA P DOCE BOX SUL BRILHO P C 5;11;ATIVO;1;0;0;0;20/04/2026;21
NAO ALIMENTO;38174;CAIXA P DOCE BOX SUL BRILHO P C 5;12;ATIVO;1;0;0;0;20/04/2026;21
NAO ALIMENTO;38174;CAIXA P DOCE BOX SUL BRILHO P C 5;13;ATIVO;1;0;0;0;20/04/2026;21
NAO ALIMENTO;38174;CAIXA P DOCE BOX SUL BRILHO P C 5;14;ATIVO;1;0;0;0;20/04/2026;21
NAO ALIMENTO;38174;CAIXA P DOCE BOX SUL BRILHO P C 5;15;ATIVO;1;0;0;0;20/04/2026;21
NAO ALIMENTO;38174;CAIXA P DOCE BOX SUL BRILHO P C 5;16;ATIVO;1;0;0;0;20/04/2026;21
NAO ALIMENTO;38174;CAIXA P DOCE BOX SUL BRILHO P C 5;17;ATIVO;1;0;0;0;20/04/2026;21
NAO ALIMENTO;38174;CAIXA P DOCE BOX SUL BRILHO P C 5;18;ATIVO;1;0;0;0;20/04/2026;21
NAO ALIMENTO;38174;CAIXA P DOCE BOX SUL BRILHO P C 5;50;ATIVO;1;0;0;0;20/04/2026;21
NAO ALIMENTO;38042;CAKE BOARD PREMIUM BRANCO N 28;1;ATIVO;1;0;0;0;11/04/2026;30
NAO ALIMENTO;38042;CAKE BOARD PREMIUM BRANCO N 28;2;ATIVO;1;0;0;0;11/04/2026;30
NAO ALIMENTO;38042;CAKE BOARD PREMIUM BRANCO N 28;3;ATIVO;1;0;0;0;11/04/2026;30
NAO ALIMENTO;38042;CAKE BOARD PREMIUM BRANCO N 28;4;ATIVO;1;0;0;0;11/04/2026;30
NAO ALIMENTO;38042;CAKE BOARD PREMIUM BRANCO N 28;5;ATIVO;1;0;0;0;11/04/2026;30
NAO ALIMENTO;38042;CAKE BOARD PREMIUM BRANCO N 28;6;ATIVO;1;0;0;0;11/04/2026;30
NAO ALIMENTO;38042;CAKE BOARD PREMIUM BRANCO N 28;7;ATIVO;1;0;0;0;11/04/2026;30
NAO ALIMENTO;38042;CAKE BOARD PREMIUM BRANCO N 28;8;ATIVO;1;0;0;0;11/04/2026;30
NAO ALIMENTO;38042;CAKE BOARD PREMIUM BRANCO N 28;11;ATIVO;1;0;0;0;11/04/2026;30
NAO ALIMENTO;38042;CAKE BOARD PREMIUM BRANCO N 28;12;ATIVO;1;0;0;0;11/04/2026;30
NAO ALIMENTO;38042;CAKE BOARD PREMIUM BRANCO N 28;13;ATIVO;1;0;0;0;11/04/2026;30
NAO ALIMENTO;38042;CAKE BOARD PREMIUM BRANCO N 28;14;ATIVO;1;0;0;0;11/04/2026;30
NAO ALIMENTO;38042;CAKE BOARD PREMIUM BRANCO N 28;15;ATIVO;1;0;0;0;11/04/2026;30
NAO ALIMENTO;38042;CAKE BOARD PREMIUM BRANCO N 28;16;ATIVO;1;0;0;0;11/04/2026;30
NAO ALIMENTO;38042;CAKE BOARD PREMIUM BRANCO N 28;17;ATIVO;1;0;0;0;11/04/2026;30
NAO ALIMENTO;38042;CAKE BOARD PREMIUM BRANCO N 28;18;ATIVO;1;-2;0;0;11/04/2026;30
NAO ALIMENTO;38042;CAKE BOARD PREMIUM BRANCO N 28;50;ATIVO;1;0;0;0;11/04/2026;30
NAO ALIMENTO;38040;CAKE BOARD PREMIUM ROSE N 28;1;ATIVO;1;0;0;0;11/04/2026;30
NAO ALIMENTO;38040;CAKE BOARD PREMIUM ROSE N 28;2;ATIVO;1;0;0;0;11/04/2026;30
NAO ALIMENTO;38040;CAKE BOARD PREMIUM ROSE N 28;3;ATIVO;1;0;0;0;11/04/2026;30
NAO ALIMENTO;38040;CAKE BOARD PREMIUM ROSE N 28;4;ATIVO;1;0;0;0;11/04/2026;30
NAO ALIMENTO;38040;CAKE BOARD PREMIUM ROSE N 28;5;ATIVO;1;0;0;0;11/04/2026;30
NAO ALIMENTO;38040;CAKE BOARD PREMIUM ROSE N 28;6;ATIVO;1;0;0;0;11/04/2026;30
NAO ALIMENTO;38040;CAKE BOARD PREMIUM ROSE N 28;7;ATIVO;1;0;0;0;11/04/2026;30
NAO ALIMENTO;38040;CAKE BOARD PREMIUM ROSE N 28;8;ATIVO;1;0;0;0;11/04/2026;30
NAO ALIMENTO;38040;CAKE BOARD PREMIUM ROSE N 28;11;ATIVO;1;0;0;0;11/04/2026;30
NAO ALIMENTO;38040;CAKE BOARD PREMIUM ROSE N 28;12;ATIVO;1;0;0;0;11/04/2026;30
NAO ALIMENTO;38040;CAKE BOARD PREMIUM ROSE N 28;13;ATIVO;1;0;0;0;11/04/2026;30
NAO ALIMENTO;38040;CAKE BOARD PREMIUM ROSE N 28;14;ATIVO;1;0;0;0;11/04/2026;30
NAO ALIMENTO;38040;CAKE BOARD PREMIUM ROSE N 28;15;ATIVO;1;0;0;0;11/04/2026;30
NAO ALIMENTO;38040;CAKE BOARD PREMIUM ROSE N 28;16;ATIVO;1;0;0;0;11/04/2026;30
NAO ALIMENTO;38040;CAKE BOARD PREMIUM ROSE N 28;17;ATIVO;1;0;0;0;11/04/2026;30
NAO ALIMENTO;38040;CAKE BOARD PREMIUM ROSE N 28;18;ATIVO;1;-1;0;0;11/04/2026;30
NAO ALIMENTO;38040;CAKE BOARD PREMIUM ROSE N 28;50;ATIVO;1;0;0;0;11/04/2026;30
NAO ALIMENTO;38373;CANECA CLASSIC C TAMPA HELLO KITTY;1;ATIVO;1;0;0;0;08/05/2026;3
NAO ALIMENTO;38373;CANECA CLASSIC C TAMPA HELLO KITTY;2;ATIVO;1;0;0;0;08/05/2026;3
NAO ALIMENTO;38373;CANECA CLASSIC C TAMPA HELLO KITTY;3;ATIVO;1;0;0;0;08/05/2026;3
NAO ALIMENTO;38373;CANECA CLASSIC C TAMPA HELLO KITTY;4;ATIVO;1;0;0;0;08/05/2026;3
NAO ALIMENTO;38373;CANECA CLASSIC C TAMPA HELLO KITTY;5;ATIVO;1;0;0;0;08/05/2026;3
NAO ALIMENTO;38373;CANECA CLASSIC C TAMPA HELLO KITTY;6;ATIVO;1;0;0;0;08/05/2026;3
NAO ALIMENTO;38373;CANECA CLASSIC C TAMPA HELLO KITTY;7;ATIVO;1;0;0;0;08/05/2026;3
NAO ALIMENTO;38373;CANECA CLASSIC C TAMPA HELLO KITTY;8;ATIVO;1;0;0;0;08/05/2026;3
NAO ALIMENTO;38373;CANECA CLASSIC C TAMPA HELLO KITTY;11;ATIVO;1;0;0;0;08/05/2026;3
NAO ALIMENTO;38373;CANECA CLASSIC C TAMPA HELLO KITTY;12;ATIVO;1;0;0;0;08/05/2026;3
NAO ALIMENTO;38373;CANECA CLASSIC C TAMPA HELLO KITTY;13;ATIVO;1;0;0;0;08/05/2026;3
NAO ALIMENTO;38373;CANECA CLASSIC C TAMPA HELLO KITTY;14;ATIVO;1;0;0;0;08/05/2026;3
NAO ALIMENTO;38373;CANECA CLASSIC C TAMPA HELLO KITTY;15;ATIVO;1;0;0;0;08/05/2026;3
NAO ALIMENTO;38373;CANECA CLASSIC C TAMPA HELLO KITTY;16;ATIVO;1;0;0;0;08/05/2026;3
NAO ALIMENTO;38373;CANECA CLASSIC C TAMPA HELLO KITTY;17;ATIVO;1;0;0;0;08/05/2026;3
NAO ALIMENTO;38373;CANECA CLASSIC C TAMPA HELLO KITTY;18;ATIVO;1;0;0;0;08/05/2026;3
NAO ALIMENTO;38373;CANECA CLASSIC C TAMPA HELLO KITTY;50;ATIVO;1;0;0;0;08/05/2026;3
NAO ALIMENTO;38169;CANECA OXFORD 270ML JARDIM ORIENTAL;1;ATIVO;1;0;0;0;18/04/2026;23
NAO ALIMENTO;38169;CANECA OXFORD 270ML JARDIM ORIENTAL;2;ATIVO;1;0;0;0;18/04/2026;23
NAO ALIMENTO;38169;CANECA OXFORD 270ML JARDIM ORIENTAL;3;ATIVO;1;0;0;0;18/04/2026;23
NAO ALIMENTO;38169;CANECA OXFORD 270ML JARDIM ORIENTAL;4;ATIVO;1;0;0;0;18/04/2026;23
NAO ALIMENTO;38169;CANECA OXFORD 270ML JARDIM ORIENTAL;5;ATIVO;1;0;0;0;18/04/2026;23
NAO ALIMENTO;38169;CANECA OXFORD 270ML JARDIM ORIENTAL;6;ATIVO;1;0;0;0;18/04/2026;23
NAO ALIMENTO;38169;CANECA OXFORD 270ML JARDIM ORIENTAL;7;ATIVO;1;0;0;0;18/04/2026;23
NAO ALIMENTO;38169;CANECA OXFORD 270ML JARDIM ORIENTAL;8;ATIVO;1;0;0;0;18/04/2026;23
NAO ALIMENTO;38169;CANECA OXFORD 270ML JARDIM ORIENTAL;11;ATIVO;1;0;0;0;18/04/2026;23
NAO ALIMENTO;38169;CANECA OXFORD 270ML JARDIM ORIENTAL;12;ATIVO;1;0;0;0;18/04/2026;23
NAO ALIMENTO;38169;CANECA OXFORD 270ML JARDIM ORIENTAL;13;ATIVO;1;0;0;0;18/04/2026;23
NAO ALIMENTO;38169;CANECA OXFORD 270ML JARDIM ORIENTAL;14;ATIVO;1;0;0;0;18/04/2026;23
NAO ALIMENTO;38169;CANECA OXFORD 270ML JARDIM ORIENTAL;15;ATIVO;1;0;0;0;18/04/2026;23
NAO ALIMENTO;38169;CANECA OXFORD 270ML JARDIM ORIENTAL;16;ATIVO;1;0;0;0;18/04/2026;23
NAO ALIMENTO;38169;CANECA OXFORD 270ML JARDIM ORIENTAL;17;ATIVO;1;0;0;0;18/04/2026;23
NAO ALIMENTO;38169;CANECA OXFORD 270ML JARDIM ORIENTAL;18;ATIVO;1;0;0;0;18/04/2026;23
NAO ALIMENTO;38169;CANECA OXFORD 270ML JARDIM ORIENTAL;50;ATIVO;1;0;0;0;18/04/2026;23
NAO ALIMENTO;38039;CANECA OXFORD MINI QUARTIER 220ML AMARELA;1;ATIVO;1;0;0;0;11/04/2026;30
NAO ALIMENTO;38039;CANECA OXFORD MINI QUARTIER 220ML AMARELA;2;ATIVO;1;0;0;0;11/04/2026;30
NAO ALIMENTO;38039;CANECA OXFORD MINI QUARTIER 220ML AMARELA;3;ATIVO;1;0;0;0;11/04/2026;30
NAO ALIMENTO;38039;CANECA OXFORD MINI QUARTIER 220ML AMARELA;4;ATIVO;1;0;0;0;11/04/2026;30
NAO ALIMENTO;38039;CANECA OXFORD MINI QUARTIER 220ML AMARELA;5;ATIVO;1;0;0;0;11/04/2026;30
NAO ALIMENTO;38039;CANECA OXFORD MINI QUARTIER 220ML AMARELA;6;ATIVO;1;0;0;0;11/04/2026;30
NAO ALIMENTO;38039;CANECA OXFORD MINI QUARTIER 220ML AMARELA;7;ATIVO;1;0;0;0;11/04/2026;30
NAO ALIMENTO;38039;CANECA OXFORD MINI QUARTIER 220ML AMARELA;8;ATIVO;1;0;0;0;11/04/2026;30
NAO ALIMENTO;38039;CANECA OXFORD MINI QUARTIER 220ML AMARELA;11;ATIVO;1;0;0;0;11/04/2026;30
NAO ALIMENTO;38039;CANECA OXFORD MINI QUARTIER 220ML AMARELA;12;ATIVO;1;0;0;0;11/04/2026;30
NAO ALIMENTO;38039;CANECA OXFORD MINI QUARTIER 220ML AMARELA;13;ATIVO;1;0;0;0;11/04/2026;30
NAO ALIMENTO;38039;CANECA OXFORD MINI QUARTIER 220ML AMARELA;14;ATIVO;1;0;0;0;11/04/2026;30
NAO ALIMENTO;38039;CANECA OXFORD MINI QUARTIER 220ML AMARELA;15;ATIVO;1;0;0;0;11/04/2026;30
NAO ALIMENTO;38039;CANECA OXFORD MINI QUARTIER 220ML AMARELA;16;ATIVO;1;0;0;0;11/04/2026;30
NAO ALIMENTO;38039;CANECA OXFORD MINI QUARTIER 220ML AMARELA;17;ATIVO;1;0;0;0;11/04/2026;30
NAO ALIMENTO;38039;CANECA OXFORD MINI QUARTIER 220ML AMARELA;18;ATIVO;1;0;0;0;11/04/2026;30
NAO ALIMENTO;38039;CANECA OXFORD MINI QUARTIER 220ML AMARELA;50;ATIVO;1;0;0;0;11/04/2026;30
NAO ALIMENTO;38283;CANECA OXFORD MINI QUARTIER REF 010;1;ATIVO;1;0;0;0;30/04/2026;11
NAO ALIMENTO;38283;CANECA OXFORD MINI QUARTIER REF 010;2;ATIVO;1;0;0;0;30/04/2026;11
NAO ALIMENTO;38283;CANECA OXFORD MINI QUARTIER REF 010;3;ATIVO;1;0;0;0;30/04/2026;11
NAO ALIMENTO;38283;CANECA OXFORD MINI QUARTIER REF 010;4;ATIVO;1;0;0;0;30/04/2026;11
NAO ALIMENTO;38283;CANECA OXFORD MINI QUARTIER REF 010;5;ATIVO;1;0;0;0;30/04/2026;11
NAO ALIMENTO;38283;CANECA OXFORD MINI QUARTIER REF 010;6;ATIVO;1;-1;0;0;30/04/2026;11
NAO ALIMENTO;38283;CANECA OXFORD MINI QUARTIER REF 010;7;ATIVO;1;0;0;0;30/04/2026;11
NAO ALIMENTO;38283;CANECA OXFORD MINI QUARTIER REF 010;8;ATIVO;1;0;0;0;30/04/2026;11
NAO ALIMENTO;38283;CANECA OXFORD MINI QUARTIER REF 010;11;ATIVO;1;0;0;0;30/04/2026;11
NAO ALIMENTO;38283;CANECA OXFORD MINI QUARTIER REF 010;12;ATIVO;1;0;0;0;30/04/2026;11
NAO ALIMENTO;38283;CANECA OXFORD MINI QUARTIER REF 010;13;ATIVO;1;0;0;0;30/04/2026;11
NAO ALIMENTO;38283;CANECA OXFORD MINI QUARTIER REF 010;14;ATIVO;1;0;0;0;30/04/2026;11
NAO ALIMENTO;38283;CANECA OXFORD MINI QUARTIER REF 010;15;ATIVO;1;0;0;0;30/04/2026;11
NAO ALIMENTO;38283;CANECA OXFORD MINI QUARTIER REF 010;16;ATIVO;1;0;0;0;30/04/2026;11
NAO ALIMENTO;38283;CANECA OXFORD MINI QUARTIER REF 010;17;ATIVO;1;0;0;0;30/04/2026;11
NAO ALIMENTO;38283;CANECA OXFORD MINI QUARTIER REF 010;18;ATIVO;1;0;0;0;30/04/2026;11
NAO ALIMENTO;38283;CANECA OXFORD MINI QUARTIER REF 010;50;ATIVO;1;0;0;0;30/04/2026;11
NAO ALIMENTO;38356;CANECA TRIO HELLO KITTY 280ML;1;ATIVO;1;0;0;0;06/05/2026;5
NAO ALIMENTO;38356;CANECA TRIO HELLO KITTY 280ML;2;ATIVO;1;0;0;0;06/05/2026;5
NAO ALIMENTO;38356;CANECA TRIO HELLO KITTY 280ML;3;ATIVO;1;0;0;0;06/05/2026;5
NAO ALIMENTO;38356;CANECA TRIO HELLO KITTY 280ML;4;ATIVO;1;0;0;0;06/05/2026;5
NAO ALIMENTO;38356;CANECA TRIO HELLO KITTY 280ML;5;ATIVO;1;0;0;0;06/05/2026;5
NAO ALIMENTO;38356;CANECA TRIO HELLO KITTY 280ML;6;ATIVO;1;0;0;0;06/05/2026;5
NAO ALIMENTO;38356;CANECA TRIO HELLO KITTY 280ML;7;ATIVO;1;0;0;0;06/05/2026;5
NAO ALIMENTO;38356;CANECA TRIO HELLO KITTY 280ML;8;ATIVO;1;0;0;0;06/05/2026;5
NAO ALIMENTO;38356;CANECA TRIO HELLO KITTY 280ML;11;ATIVO;1;0;0;0;06/05/2026;5
NAO ALIMENTO;38356;CANECA TRIO HELLO KITTY 280ML;12;ATIVO;1;0;0;0;06/05/2026;5
NAO ALIMENTO;38356;CANECA TRIO HELLO KITTY 280ML;13;ATIVO;1;0;0;0;06/05/2026;5
NAO ALIMENTO;38356;CANECA TRIO HELLO KITTY 280ML;14;ATIVO;1;0;0;0;06/05/2026;5
NAO ALIMENTO;38356;CANECA TRIO HELLO KITTY 280ML;15;ATIVO;1;0;0;0;06/05/2026;5
NAO ALIMENTO;38356;CANECA TRIO HELLO KITTY 280ML;16;ATIVO;1;0;0;0;06/05/2026;5
NAO ALIMENTO;38356;CANECA TRIO HELLO KITTY 280ML;17;ATIVO;1;0;0;0;06/05/2026;5
NAO ALIMENTO;38356;CANECA TRIO HELLO KITTY 280ML;18;ATIVO;1;0;0;0;06/05/2026;5
NAO ALIMENTO;38356;CANECA TRIO HELLO KITTY 280ML;50;ATIVO;1;0;0;0;06/05/2026;5
NAO ALIMENTO;38080;CANETA BIC SHIMMERS C 4;1;ATIVO;1;0;0;0;14/04/2026;27
NAO ALIMENTO;38080;CANETA BIC SHIMMERS C 4;2;ATIVO;1;0;0;0;14/04/2026;27
NAO ALIMENTO;38080;CANETA BIC SHIMMERS C 4;3;ATIVO;1;0;0;0;14/04/2026;27
NAO ALIMENTO;38080;CANETA BIC SHIMMERS C 4;4;ATIVO;1;0;0;0;14/04/2026;27
NAO ALIMENTO;38080;CANETA BIC SHIMMERS C 4;5;ATIVO;1;0;0;0;14/04/2026;27
NAO ALIMENTO;38080;CANETA BIC SHIMMERS C 4;6;ATIVO;1;0;0;0;14/04/2026;27
NAO ALIMENTO;38080;CANETA BIC SHIMMERS C 4;7;ATIVO;1;0;0;0;14/04/2026;27
NAO ALIMENTO;38080;CANETA BIC SHIMMERS C 4;8;ATIVO;1;0;0;0;14/04/2026;27
NAO ALIMENTO;38080;CANETA BIC SHIMMERS C 4;11;ATIVO;1;0;0;0;14/04/2026;27
NAO ALIMENTO;38080;CANETA BIC SHIMMERS C 4;12;ATIVO;1;0;0;0;14/04/2026;27
NAO ALIMENTO;38080;CANETA BIC SHIMMERS C 4;13;ATIVO;1;0;0;0;14/04/2026;27
NAO ALIMENTO;38080;CANETA BIC SHIMMERS C 4;14;ATIVO;1;0;0;0;14/04/2026;27
NAO ALIMENTO;38080;CANETA BIC SHIMMERS C 4;15;ATIVO;1;0;0;0;14/04/2026;27
NAO ALIMENTO;38080;CANETA BIC SHIMMERS C 4;16;ATIVO;1;0;0;0;14/04/2026;27
NAO ALIMENTO;38080;CANETA BIC SHIMMERS C 4;17;ATIVO;1;0;0;0;14/04/2026;27
NAO ALIMENTO;38080;CANETA BIC SHIMMERS C 4;18;ATIVO;1;0;0;0;14/04/2026;27
NAO ALIMENTO;38080;CANETA BIC SHIMMERS C 4;50;ATIVO;1;0;0;0;14/04/2026;27
NAO ALIMENTO;38092;CANETA HIDROCOR COLOR PENS ST39125;1;ATIVO;1;0;0;0;14/04/2026;27
NAO ALIMENTO;38092;CANETA HIDROCOR COLOR PENS ST39125;2;ATIVO;1;0;0;0;14/04/2026;27
NAO ALIMENTO;38092;CANETA HIDROCOR COLOR PENS ST39125;3;ATIVO;1;0;0;0;14/04/2026;27
NAO ALIMENTO;38092;CANETA HIDROCOR COLOR PENS ST39125;4;ATIVO;1;0;0;0;14/04/2026;27
NAO ALIMENTO;38092;CANETA HIDROCOR COLOR PENS ST39125;5;ATIVO;1;0;0;0;14/04/2026;27
NAO ALIMENTO;38092;CANETA HIDROCOR COLOR PENS ST39125;6;ATIVO;1;0;0;0;14/04/2026;27
NAO ALIMENTO;38092;CANETA HIDROCOR COLOR PENS ST39125;7;ATIVO;1;0;0;0;14/04/2026;27
NAO ALIMENTO;38092;CANETA HIDROCOR COLOR PENS ST39125;8;ATIVO;1;0;0;0;14/04/2026;27
NAO ALIMENTO;38092;CANETA HIDROCOR COLOR PENS ST39125;11;ATIVO;1;0;0;0;14/04/2026;27
NAO ALIMENTO;38092;CANETA HIDROCOR COLOR PENS ST39125;12;ATIVO;1;0;0;0;14/04/2026;27
NAO ALIMENTO;38092;CANETA HIDROCOR COLOR PENS ST39125;13;ATIVO;1;0;0;0;14/04/2026;27
NAO ALIMENTO;38092;CANETA HIDROCOR COLOR PENS ST39125;14;ATIVO;1;0;0;0;14/04/2026;27
NAO ALIMENTO;38092;CANETA HIDROCOR COLOR PENS ST39125;15;ATIVO;1;0;0;0;14/04/2026;27
NAO ALIMENTO;38092;CANETA HIDROCOR COLOR PENS ST39125;16;ATIVO;1;0;0;0;14/04/2026;27
NAO ALIMENTO;38092;CANETA HIDROCOR COLOR PENS ST39125;17;ATIVO;1;0;0;0;14/04/2026;27
NAO ALIMENTO;38092;CANETA HIDROCOR COLOR PENS ST39125;18;ATIVO;1;0;0;0;14/04/2026;27
NAO ALIMENTO;38092;CANETA HIDROCOR COLOR PENS ST39125;50;ATIVO;1;0;0;0;14/04/2026;27
NAO ALIMENTO;38090;CANETA HIDROCOR FABER CASTEL C 12 C;1;ATIVO;1;0;0;0;14/04/2026;27
NAO ALIMENTO;38090;CANETA HIDROCOR FABER CASTEL C 12 C;2;ATIVO;1;0;0;0;14/04/2026;27
NAO ALIMENTO;38090;CANETA HIDROCOR FABER CASTEL C 12 C;3;ATIVO;1;0;0;0;14/04/2026;27
NAO ALIMENTO;38090;CANETA HIDROCOR FABER CASTEL C 12 C;4;ATIVO;1;0;0;0;14/04/2026;27
NAO ALIMENTO;38090;CANETA HIDROCOR FABER CASTEL C 12 C;5;ATIVO;1;0;0;0;14/04/2026;27
NAO ALIMENTO;38090;CANETA HIDROCOR FABER CASTEL C 12 C;6;ATIVO;1;0;0;0;14/04/2026;27
NAO ALIMENTO;38090;CANETA HIDROCOR FABER CASTEL C 12 C;7;ATIVO;1;0;0;0;14/04/2026;27
NAO ALIMENTO;38090;CANETA HIDROCOR FABER CASTEL C 12 C;8;ATIVO;1;0;0;0;14/04/2026;27
NAO ALIMENTO;38090;CANETA HIDROCOR FABER CASTEL C 12 C;11;ATIVO;1;0;0;0;14/04/2026;27
NAO ALIMENTO;38090;CANETA HIDROCOR FABER CASTEL C 12 C;12;ATIVO;1;0;0;0;14/04/2026;27
NAO ALIMENTO;38090;CANETA HIDROCOR FABER CASTEL C 12 C;13;ATIVO;1;0;0;0;14/04/2026;27
NAO ALIMENTO;38090;CANETA HIDROCOR FABER CASTEL C 12 C;14;ATIVO;1;0;0;0;14/04/2026;27
NAO ALIMENTO;38090;CANETA HIDROCOR FABER CASTEL C 12 C;15;ATIVO;1;0;0;0;14/04/2026;27
NAO ALIMENTO;38090;CANETA HIDROCOR FABER CASTEL C 12 C;16;ATIVO;1;0;0;0;14/04/2026;27
NAO ALIMENTO;38090;CANETA HIDROCOR FABER CASTEL C 12 C;17;ATIVO;1;0;0;0;14/04/2026;27
NAO ALIMENTO;38090;CANETA HIDROCOR FABER CASTEL C 12 C;18;ATIVO;1;0;0;0;14/04/2026;27
NAO ALIMENTO;38090;CANETA HIDROCOR FABER CASTEL C 12 C;50;ATIVO;1;0;0;0;14/04/2026;27
NAO ALIMENTO;38163;CAPA TABUA DE PASSAR;1;ATIVO;1;0;0;0;18/04/2026;23
NAO ALIMENTO;38163;CAPA TABUA DE PASSAR;2;ATIVO;1;0;0;0;18/04/2026;23
NAO ALIMENTO;38163;CAPA TABUA DE PASSAR;3;ATIVO;1;0;0;0;18/04/2026;23
NAO ALIMENTO;38163;CAPA TABUA DE PASSAR;4;ATIVO;1;0;0;0;18/04/2026;23
NAO ALIMENTO;38163;CAPA TABUA DE PASSAR;5;ATIVO;1;0;0;0;18/04/2026;23
NAO ALIMENTO;38163;CAPA TABUA DE PASSAR;6;ATIVO;1;0;0;0;18/04/2026;23
NAO ALIMENTO;38163;CAPA TABUA DE PASSAR;7;ATIVO;1;0;0;0;18/04/2026;23
NAO ALIMENTO;38163;CAPA TABUA DE PASSAR;8;ATIVO;1;0;0;0;18/04/2026;23
NAO ALIMENTO;38163;CAPA TABUA DE PASSAR;11;ATIVO;1;0;0;0;18/04/2026;23
NAO ALIMENTO;38163;CAPA TABUA DE PASSAR;12;ATIVO;1;0;0;0;18/04/2026;23
NAO ALIMENTO;38163;CAPA TABUA DE PASSAR;13;ATIVO;1;0;0;0;18/04/2026;23
NAO ALIMENTO;38163;CAPA TABUA DE PASSAR;14;ATIVO;1;0;0;0;18/04/2026;23
NAO ALIMENTO;38163;CAPA TABUA DE PASSAR;15;ATIVO;1;0;0;0;18/04/2026;23
NAO ALIMENTO;38163;CAPA TABUA DE PASSAR;16;ATIVO;1;0;0;0;18/04/2026;23
NAO ALIMENTO;38163;CAPA TABUA DE PASSAR;17;ATIVO;1;0;0;0;18/04/2026;23
NAO ALIMENTO;38163;CAPA TABUA DE PASSAR;18;ATIVO;1;0;0;0;18/04/2026;23
NAO ALIMENTO;38163;CAPA TABUA DE PASSAR;50;ATIVO;1;0;0;0;18/04/2026;23
NAO ALIMENTO;38175;CESTO ERCAPLAST RETANGULAR TELADO 8;1;ATIVO;1;0;0;0;20/04/2026;21
NAO ALIMENTO;38175;CESTO ERCAPLAST RETANGULAR TELADO 8;2;ATIVO;1;0;0;0;20/04/2026;21
NAO ALIMENTO;38175;CESTO ERCAPLAST RETANGULAR TELADO 8;3;ATIVO;1;0;0;0;20/04/2026;21
NAO ALIMENTO;38175;CESTO ERCAPLAST RETANGULAR TELADO 8;4;ATIVO;1;-2;0;0;20/04/2026;21
NAO ALIMENTO;38175;CESTO ERCAPLAST RETANGULAR TELADO 8;5;ATIVO;1;0;0;0;20/04/2026;21
NAO ALIMENTO;38175;CESTO ERCAPLAST RETANGULAR TELADO 8;6;ATIVO;1;0;0;0;20/04/2026;21
NAO ALIMENTO;38175;CESTO ERCAPLAST RETANGULAR TELADO 8;7;ATIVO;1;0;0;0;20/04/2026;21
NAO ALIMENTO;38175;CESTO ERCAPLAST RETANGULAR TELADO 8;8;ATIVO;1;0;0;0;20/04/2026;21
NAO ALIMENTO;38175;CESTO ERCAPLAST RETANGULAR TELADO 8;11;ATIVO;1;0;0;0;20/04/2026;21
NAO ALIMENTO;38175;CESTO ERCAPLAST RETANGULAR TELADO 8;12;ATIVO;1;0;0;0;20/04/2026;21
NAO ALIMENTO;38175;CESTO ERCAPLAST RETANGULAR TELADO 8;13;ATIVO;1;0;0;0;20/04/2026;21
NAO ALIMENTO;38175;CESTO ERCAPLAST RETANGULAR TELADO 8;14;ATIVO;1;0;0;0;20/04/2026;21
NAO ALIMENTO;38175;CESTO ERCAPLAST RETANGULAR TELADO 8;15;ATIVO;1;0;0;0;20/04/2026;21
NAO ALIMENTO;38175;CESTO ERCAPLAST RETANGULAR TELADO 8;16;ATIVO;1;0;0;0;20/04/2026;21
NAO ALIMENTO;38175;CESTO ERCAPLAST RETANGULAR TELADO 8;17;ATIVO;1;0;0;0;20/04/2026;21
NAO ALIMENTO;38175;CESTO ERCAPLAST RETANGULAR TELADO 8;18;ATIVO;1;0;0;0;20/04/2026;21
NAO ALIMENTO;38175;CESTO ERCAPLAST RETANGULAR TELADO 8;50;ATIVO;1;0;0;0;20/04/2026;21
NAO ALIMENTO;38232;CHAIRA ROMA 8 INOX CM48;1;ATIVO;48;0;0;0;25/04/2026;16
NAO ALIMENTO;38232;CHAIRA ROMA 8 INOX CM48;2;ATIVO;48;0;0;0;25/04/2026;16
NAO ALIMENTO;38232;CHAIRA ROMA 8 INOX CM48;3;ATIVO;48;0;0;0;25/04/2026;16
NAO ALIMENTO;38232;CHAIRA ROMA 8 INOX CM48;4;ATIVO;48;0;0;0;25/04/2026;16
NAO ALIMENTO;38232;CHAIRA ROMA 8 INOX CM48;5;ATIVO;48;0;0;0;25/04/2026;16
NAO ALIMENTO;38232;CHAIRA ROMA 8 INOX CM48;6;ATIVO;48;0;0;0;25/04/2026;16
NAO ALIMENTO;38232;CHAIRA ROMA 8 INOX CM48;7;ATIVO;48;0;0;0;25/04/2026;16
NAO ALIMENTO;38232;CHAIRA ROMA 8 INOX CM48;8;ATIVO;48;0;0;0;25/04/2026;16
NAO ALIMENTO;38232;CHAIRA ROMA 8 INOX CM48;11;ATIVO;48;0;0;0;25/04/2026;16
NAO ALIMENTO;38232;CHAIRA ROMA 8 INOX CM48;12;ATIVO;48;0;0;0;25/04/2026;16
NAO ALIMENTO;38232;CHAIRA ROMA 8 INOX CM48;13;ATIVO;48;0;0;0;25/04/2026;16
NAO ALIMENTO;38232;CHAIRA ROMA 8 INOX CM48;14;ATIVO;48;0;0;0;25/04/2026;16
NAO ALIMENTO;38232;CHAIRA ROMA 8 INOX CM48;15;ATIVO;48;0;0;0;25/04/2026;16
NAO ALIMENTO;38232;CHAIRA ROMA 8 INOX CM48;16;ATIVO;48;0;0;0;25/04/2026;16
NAO ALIMENTO;38232;CHAIRA ROMA 8 INOX CM48;17;ATIVO;48;0;0;0;25/04/2026;16
NAO ALIMENTO;38232;CHAIRA ROMA 8 INOX CM48;18;ATIVO;48;0;0;0;25/04/2026;16
NAO ALIMENTO;38232;CHAIRA ROMA 8 INOX CM48;50;ATIVO;48;0;144;0;25/04/2026;16
NAO ALIMENTO;38043;CHINELO TROPICAL BEBE 2022 59;1;ATIVO;1;0;0;0;11/04/2026;30
NAO ALIMENTO;38043;CHINELO TROPICAL BEBE 2022 59;2;ATIVO;1;0;0;0;11/04/2026;30
NAO ALIMENTO;38043;CHINELO TROPICAL BEBE 2022 59;3;ATIVO;1;0;0;0;11/04/2026;30
NAO ALIMENTO;38043;CHINELO TROPICAL BEBE 2022 59;4;ATIVO;1;0;0;0;11/04/2026;30
NAO ALIMENTO;38043;CHINELO TROPICAL BEBE 2022 59;5;ATIVO;1;0;0;0;11/04/2026;30
NAO ALIMENTO;38043;CHINELO TROPICAL BEBE 2022 59;6;ATIVO;1;0;0;0;11/04/2026;30
NAO ALIMENTO;38043;CHINELO TROPICAL BEBE 2022 59;7;ATIVO;1;0;0;0;11/04/2026;30
NAO ALIMENTO;38043;CHINELO TROPICAL BEBE 2022 59;8;ATIVO;1;0;0;0;11/04/2026;30
NAO ALIMENTO;38043;CHINELO TROPICAL BEBE 2022 59;11;ATIVO;1;0;0;0;11/04/2026;30
NAO ALIMENTO;38043;CHINELO TROPICAL BEBE 2022 59;12;ATIVO;1;0;0;0;11/04/2026;30
NAO ALIMENTO;38043;CHINELO TROPICAL BEBE 2022 59;13;ATIVO;1;0;0;0;11/04/2026;30
NAO ALIMENTO;38043;CHINELO TROPICAL BEBE 2022 59;14;ATIVO;1;0;0;0;11/04/2026;30
NAO ALIMENTO;38043;CHINELO TROPICAL BEBE 2022 59;15;ATIVO;1;0;0;0;11/04/2026;30
NAO ALIMENTO;38043;CHINELO TROPICAL BEBE 2022 59;16;ATIVO;1;0;0;0;11/04/2026;30
NAO ALIMENTO;38043;CHINELO TROPICAL BEBE 2022 59;17;ATIVO;1;0;0;0;11/04/2026;30
NAO ALIMENTO;38043;CHINELO TROPICAL BEBE 2022 59;18;ATIVO;1;0;0;0;11/04/2026;30
NAO ALIMENTO;38043;CHINELO TROPICAL BEBE 2022 59;50;ATIVO;1;0;0;0;11/04/2026;30
NAO ALIMENTO;38147;COLA BRANCA 90G BIC;1;ATIVO;1;0;0;0;17/04/2026;24
NAO ALIMENTO;38147;COLA BRANCA 90G BIC;2;ATIVO;1;0;0;0;17/04/2026;24
NAO ALIMENTO;38147;COLA BRANCA 90G BIC;3;ATIVO;1;0;0;0;17/04/2026;24
NAO ALIMENTO;38147;COLA BRANCA 90G BIC;4;ATIVO;1;0;0;0;17/04/2026;24
NAO ALIMENTO;38147;COLA BRANCA 90G BIC;5;ATIVO;1;0;0;0;17/04/2026;24
NAO ALIMENTO;38147;COLA BRANCA 90G BIC;6;ATIVO;1;0;0;0;17/04/2026;24
NAO ALIMENTO;38147;COLA BRANCA 90G BIC;7;ATIVO;1;0;0;0;17/04/2026;24
NAO ALIMENTO;38147;COLA BRANCA 90G BIC;8;ATIVO;1;0;0;0;17/04/2026;24
NAO ALIMENTO;38147;COLA BRANCA 90G BIC;11;ATIVO;1;0;0;0;17/04/2026;24
NAO ALIMENTO;38147;COLA BRANCA 90G BIC;12;ATIVO;1;0;0;0;17/04/2026;24
NAO ALIMENTO;38147;COLA BRANCA 90G BIC;13;ATIVO;1;0;0;0;17/04/2026;24
NAO ALIMENTO;38147;COLA BRANCA 90G BIC;14;ATIVO;1;0;0;0;17/04/2026;24
NAO ALIMENTO;38147;COLA BRANCA 90G BIC;15;ATIVO;1;0;0;0;17/04/2026;24
NAO ALIMENTO;38147;COLA BRANCA 90G BIC;16;ATIVO;1;0;0;0;17/04/2026;24
NAO ALIMENTO;38147;COLA BRANCA 90G BIC;17;ATIVO;1;0;0;0;17/04/2026;24
NAO ALIMENTO;38147;COLA BRANCA 90G BIC;18;ATIVO;1;0;0;0;17/04/2026;24
NAO ALIMENTO;38147;COLA BRANCA 90G BIC;50;ATIVO;1;0;0;0;17/04/2026;24
NAO ALIMENTO;38179;COLCHONETE PET M 40X50;1;ATIVO;1;0;0;0;20/04/2026;21
NAO ALIMENTO;38179;COLCHONETE PET M 40X50;2;ATIVO;1;8;0;0;20/04/2026;21
NAO ALIMENTO;38179;COLCHONETE PET M 40X50;3;ATIVO;1;0;0;0;20/04/2026;21
NAO ALIMENTO;38179;COLCHONETE PET M 40X50;4;ATIVO;1;0;0;0;20/04/2026;21
NAO ALIMENTO;38179;COLCHONETE PET M 40X50;5;ATIVO;1;9;0;0;20/04/2026;21
NAO ALIMENTO;38179;COLCHONETE PET M 40X50;6;ATIVO;1;11;0;0;20/04/2026;21
NAO ALIMENTO;38179;COLCHONETE PET M 40X50;7;ATIVO;1;9;0;0;20/04/2026;21
NAO ALIMENTO;38179;COLCHONETE PET M 40X50;8;ATIVO;1;4;0;0;20/04/2026;21
NAO ALIMENTO;38179;COLCHONETE PET M 40X50;11;ATIVO;1;0;0;0;20/04/2026;21
NAO ALIMENTO;38179;COLCHONETE PET M 40X50;12;ATIVO;1;3;0;0;20/04/2026;21
NAO ALIMENTO;38179;COLCHONETE PET M 40X50;13;ATIVO;1;0;0;0;20/04/2026;21
NAO ALIMENTO;38179;COLCHONETE PET M 40X50;14;ATIVO;1;3;0;0;20/04/2026;21
NAO ALIMENTO;38179;COLCHONETE PET M 40X50;15;ATIVO;1;0;0;0;20/04/2026;21
NAO ALIMENTO;38179;COLCHONETE PET M 40X50;16;ATIVO;1;0;0;0;20/04/2026;21
NAO ALIMENTO;38179;COLCHONETE PET M 40X50;17;ATIVO;1;0;0;0;20/04/2026;21
NAO ALIMENTO;38179;COLCHONETE PET M 40X50;18;ATIVO;1;5;0;0;20/04/2026;21
NAO ALIMENTO;38179;COLCHONETE PET M 40X50;50;ATIVO;1;0;0;0;20/04/2026;21
NAO ALIMENTO;38129;COLHER DESC ROSA DU DIGO C50;1;ATIVO;20;0;80;0;15/04/2026;26
NAO ALIMENTO;38129;COLHER DESC ROSA DU DIGO C50;2;ATIVO;20;0;80;0;15/04/2026;26
NAO ALIMENTO;38129;COLHER DESC ROSA DU DIGO C50;3;ATIVO;20;0;120;0;15/04/2026;26
NAO ALIMENTO;38129;COLHER DESC ROSA DU DIGO C50;4;ATIVO;20;0;80;0;15/04/2026;26
NAO ALIMENTO;38129;COLHER DESC ROSA DU DIGO C50;5;ATIVO;20;0;80;0;15/04/2026;26
NAO ALIMENTO;38129;COLHER DESC ROSA DU DIGO C50;6;ATIVO;20;0;80;0;15/04/2026;26
NAO ALIMENTO;38129;COLHER DESC ROSA DU DIGO C50;7;ATIVO;20;0;80;0;15/04/2026;26
NAO ALIMENTO;38129;COLHER DESC ROSA DU DIGO C50;8;ATIVO;20;0;80;0;15/04/2026;26
NAO ALIMENTO;38129;COLHER DESC ROSA DU DIGO C50;11;ATIVO;20;0;80;0;15/04/2026;26
NAO ALIMENTO;38129;COLHER DESC ROSA DU DIGO C50;12;ATIVO;20;0;80;0;15/04/2026;26
NAO ALIMENTO;38129;COLHER DESC ROSA DU DIGO C50;13;ATIVO;20;0;80;0;15/04/2026;26
NAO ALIMENTO;38129;COLHER DESC ROSA DU DIGO C50;14;ATIVO;20;0;60;0;15/04/2026;26
NAO ALIMENTO;38129;COLHER DESC ROSA DU DIGO C50;15;ATIVO;20;0;0;0;15/04/2026;26
NAO ALIMENTO;38129;COLHER DESC ROSA DU DIGO C50;16;ATIVO;20;0;0;0;15/04/2026;26
NAO ALIMENTO;38129;COLHER DESC ROSA DU DIGO C50;17;ATIVO;20;0;60;0;15/04/2026;26
NAO ALIMENTO;38129;COLHER DESC ROSA DU DIGO C50;18;ATIVO;20;0;80;0;15/04/2026;26
NAO ALIMENTO;38129;COLHER DESC ROSA DU DIGO C50;50;ATIVO;20;0;0;0;15/04/2026;26
NAO ALIMENTO;38126;COLHER SOBREMESA DU DIGO AZL CLARO;1;ATIVO;20;0;80;0;15/04/2026;26
NAO ALIMENTO;38126;COLHER SOBREMESA DU DIGO AZL CLARO;2;ATIVO;20;0;80;0;15/04/2026;26
NAO ALIMENTO;38126;COLHER SOBREMESA DU DIGO AZL CLARO;3;ATIVO;20;0;120;0;15/04/2026;26
NAO ALIMENTO;38126;COLHER SOBREMESA DU DIGO AZL CLARO;4;ATIVO;20;0;80;0;15/04/2026;26
NAO ALIMENTO;38126;COLHER SOBREMESA DU DIGO AZL CLARO;5;ATIVO;20;0;80;0;15/04/2026;26
NAO ALIMENTO;38126;COLHER SOBREMESA DU DIGO AZL CLARO;6;ATIVO;20;0;80;0;15/04/2026;26
NAO ALIMENTO;38126;COLHER SOBREMESA DU DIGO AZL CLARO;7;ATIVO;20;0;80;0;15/04/2026;26
NAO ALIMENTO;38126;COLHER SOBREMESA DU DIGO AZL CLARO;8;ATIVO;20;0;80;0;15/04/2026;26
NAO ALIMENTO;38126;COLHER SOBREMESA DU DIGO AZL CLARO;11;ATIVO;20;0;80;0;15/04/2026;26
NAO ALIMENTO;38126;COLHER SOBREMESA DU DIGO AZL CLARO;12;ATIVO;20;0;80;0;15/04/2026;26
NAO ALIMENTO;38126;COLHER SOBREMESA DU DIGO AZL CLARO;13;ATIVO;20;0;80;0;15/04/2026;26
NAO ALIMENTO;38126;COLHER SOBREMESA DU DIGO AZL CLARO;14;ATIVO;20;0;60;0;15/04/2026;26
NAO ALIMENTO;38126;COLHER SOBREMESA DU DIGO AZL CLARO;15;ATIVO;20;0;0;0;15/04/2026;26
NAO ALIMENTO;38126;COLHER SOBREMESA DU DIGO AZL CLARO;16;ATIVO;20;0;0;0;15/04/2026;26
NAO ALIMENTO;38126;COLHER SOBREMESA DU DIGO AZL CLARO;17;ATIVO;20;0;60;0;15/04/2026;26
NAO ALIMENTO;38126;COLHER SOBREMESA DU DIGO AZL CLARO;18;ATIVO;20;0;80;0;15/04/2026;26
NAO ALIMENTO;38126;COLHER SOBREMESA DU DIGO AZL CLARO;50;ATIVO;20;0;0;0;15/04/2026;26
NAO ALIMENTO;38215;COLHER SOBREMESA LILAS CANDY;1;ATIVO;1;0;0;0;23/04/2026;18
NAO ALIMENTO;38215;COLHER SOBREMESA LILAS CANDY;2;ATIVO;1;0;0;0;23/04/2026;18
NAO ALIMENTO;38215;COLHER SOBREMESA LILAS CANDY;3;ATIVO;1;0;0;0;23/04/2026;18
NAO ALIMENTO;38215;COLHER SOBREMESA LILAS CANDY;4;ATIVO;1;0;0;0;23/04/2026;18
NAO ALIMENTO;38215;COLHER SOBREMESA LILAS CANDY;5;ATIVO;1;0;0;0;23/04/2026;18
NAO ALIMENTO;38215;COLHER SOBREMESA LILAS CANDY;6;ATIVO;1;0;0;0;23/04/2026;18
NAO ALIMENTO;38215;COLHER SOBREMESA LILAS CANDY;7;ATIVO;1;0;0;0;23/04/2026;18
NAO ALIMENTO;38215;COLHER SOBREMESA LILAS CANDY;8;ATIVO;1;0;0;0;23/04/2026;18
NAO ALIMENTO;38215;COLHER SOBREMESA LILAS CANDY;11;ATIVO;1;0;0;0;23/04/2026;18
NAO ALIMENTO;38215;COLHER SOBREMESA LILAS CANDY;12;ATIVO;1;0;0;0;23/04/2026;18
NAO ALIMENTO;38215;COLHER SOBREMESA LILAS CANDY;13;ATIVO;1;0;0;0;23/04/2026;18
NAO ALIMENTO;38215;COLHER SOBREMESA LILAS CANDY;14;ATIVO;1;0;0;0;23/04/2026;18
NAO ALIMENTO;38215;COLHER SOBREMESA LILAS CANDY;15;ATIVO;1;0;0;0;23/04/2026;18
NAO ALIMENTO;38215;COLHER SOBREMESA LILAS CANDY;16;ATIVO;1;0;0;0;23/04/2026;18
NAO ALIMENTO;38215;COLHER SOBREMESA LILAS CANDY;17;ATIVO;1;0;0;0;23/04/2026;18
NAO ALIMENTO;38215;COLHER SOBREMESA LILAS CANDY;18;ATIVO;1;0;0;0;23/04/2026;18
NAO ALIMENTO;38215;COLHER SOBREMESA LILAS CANDY;50;ATIVO;1;0;0;0;23/04/2026;18
NAO ALIMENTO;38388;CONJUNTO PORTA DETERGENTE B1;1;ATIVO;1;0;0;0;08/05/2026;3
NAO ALIMENTO;38388;CONJUNTO PORTA DETERGENTE B1;2;ATIVO;1;0;0;0;08/05/2026;3
NAO ALIMENTO;38388;CONJUNTO PORTA DETERGENTE B1;3;ATIVO;1;0;0;0;08/05/2026;3
NAO ALIMENTO;38388;CONJUNTO PORTA DETERGENTE B1;4;ATIVO;1;0;0;0;08/05/2026;3
NAO ALIMENTO;38388;CONJUNTO PORTA DETERGENTE B1;5;ATIVO;1;0;0;0;08/05/2026;3
NAO ALIMENTO;38388;CONJUNTO PORTA DETERGENTE B1;6;ATIVO;1;0;0;0;08/05/2026;3
NAO ALIMENTO;38388;CONJUNTO PORTA DETERGENTE B1;7;ATIVO;1;0;0;0;08/05/2026;3
NAO ALIMENTO;38388;CONJUNTO PORTA DETERGENTE B1;8;ATIVO;1;0;0;0;08/05/2026;3
NAO ALIMENTO;38388;CONJUNTO PORTA DETERGENTE B1;11;ATIVO;1;0;0;0;08/05/2026;3
NAO ALIMENTO;38388;CONJUNTO PORTA DETERGENTE B1;12;ATIVO;1;0;0;0;08/05/2026;3
NAO ALIMENTO;38388;CONJUNTO PORTA DETERGENTE B1;13;ATIVO;1;0;0;0;08/05/2026;3
NAO ALIMENTO;38388;CONJUNTO PORTA DETERGENTE B1;14;ATIVO;1;0;0;0;08/05/2026;3
NAO ALIMENTO;38388;CONJUNTO PORTA DETERGENTE B1;15;ATIVO;1;0;0;0;08/05/2026;3
NAO ALIMENTO;38388;CONJUNTO PORTA DETERGENTE B1;16;ATIVO;1;0;0;0;08/05/2026;3
NAO ALIMENTO;38388;CONJUNTO PORTA DETERGENTE B1;17;ATIVO;1;0;0;0;08/05/2026;3
NAO ALIMENTO;38388;CONJUNTO PORTA DETERGENTE B1;18;ATIVO;1;0;0;0;08/05/2026;3
NAO ALIMENTO;38388;CONJUNTO PORTA DETERGENTE B1;50;ATIVO;1;0;0;0;08/05/2026;3
NAO ALIMENTO;38411;COPO 200ML AZUL CANDY 40X50;1;ATIVO;1;0;0;0;11/05/2026;0
NAO ALIMENTO;38411;COPO 200ML AZUL CANDY 40X50;2;ATIVO;1;0;0;0;11/05/2026;0
NAO ALIMENTO;38411;COPO 200ML AZUL CANDY 40X50;3;ATIVO;1;0;0;0;11/05/2026;0
NAO ALIMENTO;38411;COPO 200ML AZUL CANDY 40X50;4;ATIVO;1;0;0;0;11/05/2026;0
NAO ALIMENTO;38411;COPO 200ML AZUL CANDY 40X50;5;ATIVO;1;0;0;0;11/05/2026;0
NAO ALIMENTO;38411;COPO 200ML AZUL CANDY 40X50;6;ATIVO;1;0;0;0;11/05/2026;0
NAO ALIMENTO;38411;COPO 200ML AZUL CANDY 40X50;7;ATIVO;1;0;0;0;11/05/2026;0
NAO ALIMENTO;38411;COPO 200ML AZUL CANDY 40X50;8;ATIVO;1;0;0;0;11/05/2026;0
NAO ALIMENTO;38411;COPO 200ML AZUL CANDY 40X50;11;ATIVO;1;0;0;0;11/05/2026;0
NAO ALIMENTO;38411;COPO 200ML AZUL CANDY 40X50;12;ATIVO;1;0;0;0;11/05/2026;0
NAO ALIMENTO;38411;COPO 200ML AZUL CANDY 40X50;13;ATIVO;1;0;0;0;11/05/2026;0
NAO ALIMENTO;38411;COPO 200ML AZUL CANDY 40X50;14;ATIVO;1;0;0;0;11/05/2026;0
NAO ALIMENTO;38411;COPO 200ML AZUL CANDY 40X50;15;ATIVO;1;0;0;0;11/05/2026;0
NAO ALIMENTO;38411;COPO 200ML AZUL CANDY 40X50;16;ATIVO;1;0;0;0;11/05/2026;0
NAO ALIMENTO;38411;COPO 200ML AZUL CANDY 40X50;17;ATIVO;1;0;0;0;11/05/2026;0
NAO ALIMENTO;38411;COPO 200ML AZUL CANDY 40X50;18;ATIVO;1;0;0;0;11/05/2026;0
NAO ALIMENTO;38411;COPO 200ML AZUL CANDY 40X50;50;ATIVO;1;0;0;0;11/05/2026;0
NAO ALIMENTO;38143;COPO BRASFOOT SMART APROV SEU DIA;1;ATIVO;1;0;0;0;16/04/2026;25
NAO ALIMENTO;38143;COPO BRASFOOT SMART APROV SEU DIA;2;ATIVO;1;0;0;0;16/04/2026;25
NAO ALIMENTO;38143;COPO BRASFOOT SMART APROV SEU DIA;3;ATIVO;1;0;0;0;16/04/2026;25
NAO ALIMENTO;38143;COPO BRASFOOT SMART APROV SEU DIA;4;ATIVO;1;0;0;0;16/04/2026;25
NAO ALIMENTO;38143;COPO BRASFOOT SMART APROV SEU DIA;5;ATIVO;1;0;0;0;16/04/2026;25
NAO ALIMENTO;38143;COPO BRASFOOT SMART APROV SEU DIA;6;ATIVO;1;0;0;0;16/04/2026;25
NAO ALIMENTO;38143;COPO BRASFOOT SMART APROV SEU DIA;7;ATIVO;1;0;0;0;16/04/2026;25
NAO ALIMENTO;38143;COPO BRASFOOT SMART APROV SEU DIA;8;ATIVO;1;0;0;0;16/04/2026;25
NAO ALIMENTO;38143;COPO BRASFOOT SMART APROV SEU DIA;11;ATIVO;1;0;0;0;16/04/2026;25
NAO ALIMENTO;38143;COPO BRASFOOT SMART APROV SEU DIA;12;ATIVO;1;0;0;0;16/04/2026;25
NAO ALIMENTO;38143;COPO BRASFOOT SMART APROV SEU DIA;13;ATIVO;1;0;0;0;16/04/2026;25
NAO ALIMENTO;38143;COPO BRASFOOT SMART APROV SEU DIA;14;ATIVO;1;0;0;0;16/04/2026;25
NAO ALIMENTO;38143;COPO BRASFOOT SMART APROV SEU DIA;15;ATIVO;1;0;0;0;16/04/2026;25
NAO ALIMENTO;38143;COPO BRASFOOT SMART APROV SEU DIA;16;ATIVO;1;0;0;0;16/04/2026;25
NAO ALIMENTO;38143;COPO BRASFOOT SMART APROV SEU DIA;17;ATIVO;1;0;0;0;16/04/2026;25
NAO ALIMENTO;38143;COPO BRASFOOT SMART APROV SEU DIA;18;ATIVO;1;0;0;0;16/04/2026;25
NAO ALIMENTO;38143;COPO BRASFOOT SMART APROV SEU DIA;50;ATIVO;1;0;0;0;16/04/2026;25
NAO ALIMENTO;38359;COPO C TAMPA COPA DO MUNDO 500ML;1;ATIVO;1;0;0;0;06/05/2026;5
NAO ALIMENTO;38359;COPO C TAMPA COPA DO MUNDO 500ML;2;ATIVO;1;0;0;0;06/05/2026;5
NAO ALIMENTO;38359;COPO C TAMPA COPA DO MUNDO 500ML;3;ATIVO;1;0;0;0;06/05/2026;5
NAO ALIMENTO;38359;COPO C TAMPA COPA DO MUNDO 500ML;4;ATIVO;1;0;0;0;06/05/2026;5
NAO ALIMENTO;38359;COPO C TAMPA COPA DO MUNDO 500ML;5;ATIVO;1;0;0;0;06/05/2026;5
NAO ALIMENTO;38359;COPO C TAMPA COPA DO MUNDO 500ML;6;ATIVO;1;0;0;0;06/05/2026;5
NAO ALIMENTO;38359;COPO C TAMPA COPA DO MUNDO 500ML;7;ATIVO;1;0;0;0;06/05/2026;5
NAO ALIMENTO;38359;COPO C TAMPA COPA DO MUNDO 500ML;8;ATIVO;1;0;0;0;06/05/2026;5
NAO ALIMENTO;38359;COPO C TAMPA COPA DO MUNDO 500ML;11;ATIVO;1;0;0;0;06/05/2026;5
NAO ALIMENTO;38359;COPO C TAMPA COPA DO MUNDO 500ML;12;ATIVO;1;0;0;0;06/05/2026;5
NAO ALIMENTO;38359;COPO C TAMPA COPA DO MUNDO 500ML;13;ATIVO;1;0;0;0;06/05/2026;5
NAO ALIMENTO;38359;COPO C TAMPA COPA DO MUNDO 500ML;14;ATIVO;1;0;0;0;06/05/2026;5
NAO ALIMENTO;38359;COPO C TAMPA COPA DO MUNDO 500ML;15;ATIVO;1;0;0;0;06/05/2026;5
NAO ALIMENTO;38359;COPO C TAMPA COPA DO MUNDO 500ML;16;ATIVO;1;0;0;0;06/05/2026;5
NAO ALIMENTO;38359;COPO C TAMPA COPA DO MUNDO 500ML;17;ATIVO;1;0;0;0;06/05/2026;5
NAO ALIMENTO;38359;COPO C TAMPA COPA DO MUNDO 500ML;18;ATIVO;1;0;0;0;06/05/2026;5
NAO ALIMENTO;38359;COPO C TAMPA COPA DO MUNDO 500ML;50;ATIVO;1;0;0;0;06/05/2026;5
NAO ALIMENTO;38217;COPO DE VIDRO 320ML CM48;1;ATIVO;48;0;0;0;24/04/2026;17
NAO ALIMENTO;38217;COPO DE VIDRO 320ML CM48;2;ATIVO;48;0;0;0;24/04/2026;17
NAO ALIMENTO;38217;COPO DE VIDRO 320ML CM48;3;ATIVO;48;45;0;0;24/04/2026;17
NAO ALIMENTO;38217;COPO DE VIDRO 320ML CM48;4;ATIVO;48;0;0;0;24/04/2026;17
NAO ALIMENTO;38217;COPO DE VIDRO 320ML CM48;5;ATIVO;48;0;0;0;24/04/2026;17
NAO ALIMENTO;38217;COPO DE VIDRO 320ML CM48;6;ATIVO;48;0;0;0;24/04/2026;17
NAO ALIMENTO;38217;COPO DE VIDRO 320ML CM48;7;ATIVO;48;38;0;0;24/04/2026;17
NAO ALIMENTO;38217;COPO DE VIDRO 320ML CM48;8;ATIVO;48;48;0;0;24/04/2026;17
NAO ALIMENTO;38217;COPO DE VIDRO 320ML CM48;11;ATIVO;48;37;0;0;24/04/2026;17
NAO ALIMENTO;38217;COPO DE VIDRO 320ML CM48;12;ATIVO;48;0;0;0;24/04/2026;17
NAO ALIMENTO;38217;COPO DE VIDRO 320ML CM48;13;ATIVO;48;45;0;0;24/04/2026;17
NAO ALIMENTO;38217;COPO DE VIDRO 320ML CM48;14;ATIVO;48;48;0;0;24/04/2026;17
NAO ALIMENTO;38217;COPO DE VIDRO 320ML CM48;15;ATIVO;48;0;0;0;24/04/2026;17
NAO ALIMENTO;38217;COPO DE VIDRO 320ML CM48;16;ATIVO;48;0;0;0;24/04/2026;17
NAO ALIMENTO;38217;COPO DE VIDRO 320ML CM48;17;ATIVO;48;0;0;0;24/04/2026;17
NAO ALIMENTO;38217;COPO DE VIDRO 320ML CM48;18;ATIVO;48;0;0;0;24/04/2026;17
NAO ALIMENTO;38217;COPO DE VIDRO 320ML CM48;50;ATIVO;48;48;0;0;24/04/2026;17
NAO ALIMENTO;38124;COPO DESC AMARELO DU DIGO 200ML C50;1;ATIVO;50;0;0;0;15/04/2026;26
NAO ALIMENTO;38124;COPO DESC AMARELO DU DIGO 200ML C50;2;ATIVO;50;0;150;0;15/04/2026;26
NAO ALIMENTO;38124;COPO DESC AMARELO DU DIGO 200ML C50;3;ATIVO;50;0;200;0;15/04/2026;26
NAO ALIMENTO;38124;COPO DESC AMARELO DU DIGO 200ML C50;4;ATIVO;50;0;100;0;15/04/2026;26
NAO ALIMENTO;38124;COPO DESC AMARELO DU DIGO 200ML C50;5;ATIVO;50;0;100;0;15/04/2026;26
NAO ALIMENTO;38124;COPO DESC AMARELO DU DIGO 200ML C50;6;ATIVO;50;0;150;0;15/04/2026;26
NAO ALIMENTO;38124;COPO DESC AMARELO DU DIGO 200ML C50;7;ATIVO;50;0;150;0;15/04/2026;26
NAO ALIMENTO;38124;COPO DESC AMARELO DU DIGO 200ML C50;8;ATIVO;50;0;150;0;15/04/2026;26
NAO ALIMENTO;38124;COPO DESC AMARELO DU DIGO 200ML C50;11;ATIVO;50;0;150;0;15/04/2026;26
NAO ALIMENTO;38124;COPO DESC AMARELO DU DIGO 200ML C50;12;ATIVO;50;0;150;0;15/04/2026;26
NAO ALIMENTO;38124;COPO DESC AMARELO DU DIGO 200ML C50;13;ATIVO;50;0;150;0;15/04/2026;26
NAO ALIMENTO;38124;COPO DESC AMARELO DU DIGO 200ML C50;14;ATIVO;50;0;150;0;15/04/2026;26
NAO ALIMENTO;38124;COPO DESC AMARELO DU DIGO 200ML C50;15;ATIVO;50;0;0;0;15/04/2026;26
NAO ALIMENTO;38124;COPO DESC AMARELO DU DIGO 200ML C50;16;ATIVO;50;0;0;0;15/04/2026;26
NAO ALIMENTO;38124;COPO DESC AMARELO DU DIGO 200ML C50;17;ATIVO;50;0;150;0;15/04/2026;26
NAO ALIMENTO;38124;COPO DESC AMARELO DU DIGO 200ML C50;18;ATIVO;50;0;150;0;15/04/2026;26
NAO ALIMENTO;38124;COPO DESC AMARELO DU DIGO 200ML C50;50;ATIVO;50;0;0;0;15/04/2026;26
NAO ALIMENTO;38134;COPO DESC AZUL DU DIGO 200ML C 50;1;ATIVO;50;0;200;0;15/04/2026;26
NAO ALIMENTO;38134;COPO DESC AZUL DU DIGO 200ML C 50;2;ATIVO;50;0;150;0;15/04/2026;26
NAO ALIMENTO;38134;COPO DESC AZUL DU DIGO 200ML C 50;3;ATIVO;50;0;200;0;15/04/2026;26
NAO ALIMENTO;38134;COPO DESC AZUL DU DIGO 200ML C 50;4;ATIVO;50;0;200;0;15/04/2026;26
NAO ALIMENTO;38134;COPO DESC AZUL DU DIGO 200ML C 50;5;ATIVO;50;0;200;0;15/04/2026;26
NAO ALIMENTO;38134;COPO DESC AZUL DU DIGO 200ML C 50;6;ATIVO;50;0;150;0;15/04/2026;26
NAO ALIMENTO;38134;COPO DESC AZUL DU DIGO 200ML C 50;7;ATIVO;50;0;150;0;15/04/2026;26
NAO ALIMENTO;38134;COPO DESC AZUL DU DIGO 200ML C 50;8;ATIVO;50;0;200;0;15/04/2026;26
NAO ALIMENTO;38134;COPO DESC AZUL DU DIGO 200ML C 50;11;ATIVO;50;0;150;0;15/04/2026;26
NAO ALIMENTO;38134;COPO DESC AZUL DU DIGO 200ML C 50;12;ATIVO;50;0;150;0;15/04/2026;26
NAO ALIMENTO;38134;COPO DESC AZUL DU DIGO 200ML C 50;13;ATIVO;50;0;150;0;15/04/2026;26
NAO ALIMENTO;38134;COPO DESC AZUL DU DIGO 200ML C 50;14;ATIVO;50;0;150;0;15/04/2026;26
NAO ALIMENTO;38134;COPO DESC AZUL DU DIGO 200ML C 50;15;ATIVO;50;0;0;0;15/04/2026;26
NAO ALIMENTO;38134;COPO DESC AZUL DU DIGO 200ML C 50;16;ATIVO;50;0;0;0;15/04/2026;26
NAO ALIMENTO;38134;COPO DESC AZUL DU DIGO 200ML C 50;17;ATIVO;50;0;150;0;15/04/2026;26
NAO ALIMENTO;38134;COPO DESC AZUL DU DIGO 200ML C 50;18;ATIVO;50;0;150;0;15/04/2026;26
NAO ALIMENTO;38134;COPO DESC AZUL DU DIGO 200ML C 50;50;ATIVO;50;0;0;0;15/04/2026;26
NAO ALIMENTO;38135;COPO DESC DOURADO DU DIGO 200ML;1;ATIVO;50;0;100;0;15/04/2026;26
NAO ALIMENTO;38135;COPO DESC DOURADO DU DIGO 200ML;2;ATIVO;50;0;150;0;15/04/2026;26
NAO ALIMENTO;38135;COPO DESC DOURADO DU DIGO 200ML;3;ATIVO;50;0;200;0;15/04/2026;26
NAO ALIMENTO;38135;COPO DESC DOURADO DU DIGO 200ML;4;ATIVO;50;0;100;0;15/04/2026;26
NAO ALIMENTO;38135;COPO DESC DOURADO DU DIGO 200ML;5;ATIVO;50;0;100;0;15/04/2026;26
NAO ALIMENTO;38135;COPO DESC DOURADO DU DIGO 200ML;6;ATIVO;50;0;150;0;15/04/2026;26
NAO ALIMENTO;38135;COPO DESC DOURADO DU DIGO 200ML;7;ATIVO;50;0;150;0;15/04/2026;26
NAO ALIMENTO;38135;COPO DESC DOURADO DU DIGO 200ML;8;ATIVO;50;0;150;0;15/04/2026;26
NAO ALIMENTO;38135;COPO DESC DOURADO DU DIGO 200ML;11;ATIVO;50;0;150;0;15/04/2026;26
NAO ALIMENTO;38135;COPO DESC DOURADO DU DIGO 200ML;12;ATIVO;50;0;150;0;15/04/2026;26
NAO ALIMENTO;38135;COPO DESC DOURADO DU DIGO 200ML;13;ATIVO;50;0;150;0;15/04/2026;26
NAO ALIMENTO;38135;COPO DESC DOURADO DU DIGO 200ML;14;ATIVO;50;0;150;0;15/04/2026;26
NAO ALIMENTO;38135;COPO DESC DOURADO DU DIGO 200ML;15;ATIVO;50;0;0;0;15/04/2026;26
NAO ALIMENTO;38135;COPO DESC DOURADO DU DIGO 200ML;16;ATIVO;50;0;0;0;15/04/2026;26
NAO ALIMENTO;38135;COPO DESC DOURADO DU DIGO 200ML;17;ATIVO;50;0;150;0;15/04/2026;26
NAO ALIMENTO;38135;COPO DESC DOURADO DU DIGO 200ML;18;ATIVO;50;0;150;0;15/04/2026;26
NAO ALIMENTO;38135;COPO DESC DOURADO DU DIGO 200ML;50;ATIVO;50;0;0;0;15/04/2026;26
NAO ALIMENTO;38132;COPO DESC PRATA DU DIGO 200ML;1;ATIVO;50;0;100;0;15/04/2026;26
NAO ALIMENTO;38132;COPO DESC PRATA DU DIGO 200ML;2;ATIVO;50;0;150;0;15/04/2026;26
NAO ALIMENTO;38132;COPO DESC PRATA DU DIGO 200ML;3;ATIVO;50;0;200;0;15/04/2026;26
NAO ALIMENTO;38132;COPO DESC PRATA DU DIGO 200ML;4;ATIVO;50;0;100;0;15/04/2026;26
NAO ALIMENTO;38132;COPO DESC PRATA DU DIGO 200ML;5;ATIVO;50;0;100;0;15/04/2026;26
NAO ALIMENTO;38132;COPO DESC PRATA DU DIGO 200ML;6;ATIVO;50;0;150;0;15/04/2026;26
NAO ALIMENTO;38132;COPO DESC PRATA DU DIGO 200ML;7;ATIVO;50;0;150;0;15/04/2026;26
NAO ALIMENTO;38132;COPO DESC PRATA DU DIGO 200ML;8;ATIVO;50;0;150;0;15/04/2026;26
NAO ALIMENTO;38132;COPO DESC PRATA DU DIGO 200ML;11;ATIVO;50;0;150;0;15/04/2026;26
NAO ALIMENTO;38132;COPO DESC PRATA DU DIGO 200ML;12;ATIVO;50;0;150;0;15/04/2026;26
NAO ALIMENTO;38132;COPO DESC PRATA DU DIGO 200ML;13;ATIVO;50;0;150;0;15/04/2026;26
NAO ALIMENTO;38132;COPO DESC PRATA DU DIGO 200ML;14;ATIVO;50;0;150;0;15/04/2026;26
NAO ALIMENTO;38132;COPO DESC PRATA DU DIGO 200ML;15;ATIVO;50;0;0;0;15/04/2026;26
NAO ALIMENTO;38132;COPO DESC PRATA DU DIGO 200ML;16;ATIVO;50;0;0;0;15/04/2026;26
NAO ALIMENTO;38132;COPO DESC PRATA DU DIGO 200ML;17;ATIVO;50;0;150;0;15/04/2026;26
NAO ALIMENTO;38132;COPO DESC PRATA DU DIGO 200ML;18;ATIVO;50;0;150;0;15/04/2026;26
NAO ALIMENTO;38132;COPO DESC PRATA DU DIGO 200ML;50;ATIVO;50;0;0;0;15/04/2026;26
NAO ALIMENTO;38136;COPO DESC ROSA DU DIGO 200ML;1;ATIVO;50;0;200;0;15/04/2026;26
NAO ALIMENTO;38136;COPO DESC ROSA DU DIGO 200ML;2;ATIVO;50;0;150;0;15/04/2026;26
NAO ALIMENTO;38136;COPO DESC ROSA DU DIGO 200ML;3;ATIVO;50;0;200;0;15/04/2026;26
NAO ALIMENTO;38136;COPO DESC ROSA DU DIGO 200ML;4;ATIVO;50;0;200;0;15/04/2026;26
NAO ALIMENTO;38136;COPO DESC ROSA DU DIGO 200ML;5;ATIVO;50;0;200;0;15/04/2026;26
NAO ALIMENTO;38136;COPO DESC ROSA DU DIGO 200ML;6;ATIVO;50;0;150;0;15/04/2026;26
NAO ALIMENTO;38136;COPO DESC ROSA DU DIGO 200ML;7;ATIVO;50;0;150;0;15/04/2026;26
NAO ALIMENTO;38136;COPO DESC ROSA DU DIGO 200ML;8;ATIVO;50;0;200;0;15/04/2026;26
NAO ALIMENTO;38136;COPO DESC ROSA DU DIGO 200ML;11;ATIVO;50;0;150;0;15/04/2026;26
NAO ALIMENTO;38136;COPO DESC ROSA DU DIGO 200ML;12;ATIVO;50;0;150;0;15/04/2026;26
NAO ALIMENTO;38136;COPO DESC ROSA DU DIGO 200ML;13;ATIVO;50;0;150;0;15/04/2026;26
NAO ALIMENTO;38136;COPO DESC ROSA DU DIGO 200ML;14;ATIVO;50;0;150;0;15/04/2026;26
NAO ALIMENTO;38136;COPO DESC ROSA DU DIGO 200ML;15;ATIVO;50;0;0;0;15/04/2026;26
NAO ALIMENTO;38136;COPO DESC ROSA DU DIGO 200ML;16;ATIVO;50;0;0;0;15/04/2026;26
NAO ALIMENTO;38136;COPO DESC ROSA DU DIGO 200ML;17;ATIVO;50;0;150;0;15/04/2026;26
NAO ALIMENTO;38136;COPO DESC ROSA DU DIGO 200ML;18;ATIVO;50;0;150;0;15/04/2026;26
NAO ALIMENTO;38136;COPO DESC ROSA DU DIGO 200ML;50;ATIVO;50;0;0;0;15/04/2026;26
NAO ALIMENTO;38122;COPO DESC VERDE DU DIGO 200ML C50;1;ATIVO;50;0;0;0;15/04/2026;26
NAO ALIMENTO;38122;COPO DESC VERDE DU DIGO 200ML C50;2;ATIVO;50;0;150;0;15/04/2026;26
NAO ALIMENTO;38122;COPO DESC VERDE DU DIGO 200ML C50;3;ATIVO;50;0;200;0;15/04/2026;26
NAO ALIMENTO;38122;COPO DESC VERDE DU DIGO 200ML C50;4;ATIVO;50;0;100;0;15/04/2026;26
NAO ALIMENTO;38122;COPO DESC VERDE DU DIGO 200ML C50;5;ATIVO;50;0;100;0;15/04/2026;26
NAO ALIMENTO;38122;COPO DESC VERDE DU DIGO 200ML C50;6;ATIVO;50;0;150;0;15/04/2026;26
NAO ALIMENTO;38122;COPO DESC VERDE DU DIGO 200ML C50;7;ATIVO;50;0;150;0;15/04/2026;26
NAO ALIMENTO;38122;COPO DESC VERDE DU DIGO 200ML C50;8;ATIVO;50;0;150;0;15/04/2026;26
NAO ALIMENTO;38122;COPO DESC VERDE DU DIGO 200ML C50;11;ATIVO;50;0;150;0;15/04/2026;26
NAO ALIMENTO;38122;COPO DESC VERDE DU DIGO 200ML C50;12;ATIVO;50;0;150;0;15/04/2026;26
NAO ALIMENTO;38122;COPO DESC VERDE DU DIGO 200ML C50;13;ATIVO;50;0;150;0;15/04/2026;26
NAO ALIMENTO;38122;COPO DESC VERDE DU DIGO 200ML C50;14;ATIVO;50;0;150;0;15/04/2026;26
NAO ALIMENTO;38122;COPO DESC VERDE DU DIGO 200ML C50;15;ATIVO;50;0;0;0;15/04/2026;26
NAO ALIMENTO;38122;COPO DESC VERDE DU DIGO 200ML C50;16;ATIVO;50;0;0;0;15/04/2026;26
NAO ALIMENTO;38122;COPO DESC VERDE DU DIGO 200ML C50;17;ATIVO;50;0;150;0;15/04/2026;26
NAO ALIMENTO;38122;COPO DESC VERDE DU DIGO 200ML C50;18;ATIVO;50;0;150;0;15/04/2026;26
NAO ALIMENTO;38122;COPO DESC VERDE DU DIGO 200ML C50;50;ATIVO;50;0;0;0;15/04/2026;26
NAO ALIMENTO;38133;COPO DESC VERMELHO DU DIGO 200ML;1;ATIVO;50;0;0;0;15/04/2026;26
NAO ALIMENTO;38133;COPO DESC VERMELHO DU DIGO 200ML;2;ATIVO;50;0;150;0;15/04/2026;26
NAO ALIMENTO;38133;COPO DESC VERMELHO DU DIGO 200ML;3;ATIVO;50;0;200;0;15/04/2026;26
NAO ALIMENTO;38133;COPO DESC VERMELHO DU DIGO 200ML;4;ATIVO;50;0;100;0;15/04/2026;26
NAO ALIMENTO;38133;COPO DESC VERMELHO DU DIGO 200ML;5;ATIVO;50;0;100;0;15/04/2026;26
NAO ALIMENTO;38133;COPO DESC VERMELHO DU DIGO 200ML;6;ATIVO;50;0;150;0;15/04/2026;26
NAO ALIMENTO;38133;COPO DESC VERMELHO DU DIGO 200ML;7;ATIVO;50;0;150;0;15/04/2026;26
NAO ALIMENTO;38133;COPO DESC VERMELHO DU DIGO 200ML;8;ATIVO;50;0;150;0;15/04/2026;26
NAO ALIMENTO;38133;COPO DESC VERMELHO DU DIGO 200ML;11;ATIVO;50;0;150;0;15/04/2026;26
NAO ALIMENTO;38133;COPO DESC VERMELHO DU DIGO 200ML;12;ATIVO;50;0;150;0;15/04/2026;26
NAO ALIMENTO;38133;COPO DESC VERMELHO DU DIGO 200ML;13;ATIVO;50;0;150;0;15/04/2026;26
NAO ALIMENTO;38133;COPO DESC VERMELHO DU DIGO 200ML;14;ATIVO;50;0;150;0;15/04/2026;26
NAO ALIMENTO;38133;COPO DESC VERMELHO DU DIGO 200ML;15;ATIVO;50;0;0;0;15/04/2026;26
NAO ALIMENTO;38133;COPO DESC VERMELHO DU DIGO 200ML;16;ATIVO;50;0;0;0;15/04/2026;26
NAO ALIMENTO;38133;COPO DESC VERMELHO DU DIGO 200ML;17;ATIVO;50;0;150;0;15/04/2026;26
NAO ALIMENTO;38133;COPO DESC VERMELHO DU DIGO 200ML;18;ATIVO;50;0;150;0;15/04/2026;26
NAO ALIMENTO;38133;COPO DESC VERMELHO DU DIGO 200ML;50;ATIVO;50;0;0;0;15/04/2026;26
NAO ALIMENTO;38376;COPO SHAKE C TAMPA KUROMI 500ML;1;ATIVO;1;0;0;0;08/05/2026;3
NAO ALIMENTO;38376;COPO SHAKE C TAMPA KUROMI 500ML;2;ATIVO;1;0;0;0;08/05/2026;3
NAO ALIMENTO;38376;COPO SHAKE C TAMPA KUROMI 500ML;3;ATIVO;1;0;0;0;08/05/2026;3
NAO ALIMENTO;38376;COPO SHAKE C TAMPA KUROMI 500ML;4;ATIVO;1;0;0;0;08/05/2026;3
NAO ALIMENTO;38376;COPO SHAKE C TAMPA KUROMI 500ML;5;ATIVO;1;0;0;0;08/05/2026;3
NAO ALIMENTO;38376;COPO SHAKE C TAMPA KUROMI 500ML;6;ATIVO;1;0;0;0;08/05/2026;3
NAO ALIMENTO;38376;COPO SHAKE C TAMPA KUROMI 500ML;7;ATIVO;1;0;0;0;08/05/2026;3
NAO ALIMENTO;38376;COPO SHAKE C TAMPA KUROMI 500ML;8;ATIVO;1;0;0;0;08/05/2026;3
NAO ALIMENTO;38376;COPO SHAKE C TAMPA KUROMI 500ML;11;ATIVO;1;0;0;0;08/05/2026;3
NAO ALIMENTO;38376;COPO SHAKE C TAMPA KUROMI 500ML;12;ATIVO;1;0;0;0;08/05/2026;3
NAO ALIMENTO;38376;COPO SHAKE C TAMPA KUROMI 500ML;13;ATIVO;1;0;0;0;08/05/2026;3
NAO ALIMENTO;38376;COPO SHAKE C TAMPA KUROMI 500ML;14;ATIVO;1;0;0;0;08/05/2026;3
NAO ALIMENTO;38376;COPO SHAKE C TAMPA KUROMI 500ML;15;ATIVO;1;0;0;0;08/05/2026;3
NAO ALIMENTO;38376;COPO SHAKE C TAMPA KUROMI 500ML;16;ATIVO;1;0;0;0;08/05/2026;3
NAO ALIMENTO;38376;COPO SHAKE C TAMPA KUROMI 500ML;17;ATIVO;1;0;0;0;08/05/2026;3
NAO ALIMENTO;38376;COPO SHAKE C TAMPA KUROMI 500ML;18;ATIVO;1;0;0;0;08/05/2026;3
NAO ALIMENTO;38376;COPO SHAKE C TAMPA KUROMI 500ML;50;ATIVO;1;0;0;0;08/05/2026;3
NAO ALIMENTO;38357;COPO SHAKE CTAMPA HELLO KITTY 500ML;1;ATIVO;1;0;0;0;06/05/2026;5
NAO ALIMENTO;38357;COPO SHAKE CTAMPA HELLO KITTY 500ML;2;ATIVO;1;0;0;0;06/05/2026;5
NAO ALIMENTO;38357;COPO SHAKE CTAMPA HELLO KITTY 500ML;3;ATIVO;1;0;0;0;06/05/2026;5
NAO ALIMENTO;38357;COPO SHAKE CTAMPA HELLO KITTY 500ML;4;ATIVO;1;0;0;0;06/05/2026;5
NAO ALIMENTO;38357;COPO SHAKE CTAMPA HELLO KITTY 500ML;5;ATIVO;1;0;0;0;06/05/2026;5
NAO ALIMENTO;38357;COPO SHAKE CTAMPA HELLO KITTY 500ML;6;ATIVO;1;0;0;0;06/05/2026;5
NAO ALIMENTO;38357;COPO SHAKE CTAMPA HELLO KITTY 500ML;7;ATIVO;1;0;0;0;06/05/2026;5
NAO ALIMENTO;38357;COPO SHAKE CTAMPA HELLO KITTY 500ML;8;ATIVO;1;0;0;0;06/05/2026;5
NAO ALIMENTO;38357;COPO SHAKE CTAMPA HELLO KITTY 500ML;11;ATIVO;1;0;0;0;06/05/2026;5
NAO ALIMENTO;38357;COPO SHAKE CTAMPA HELLO KITTY 500ML;12;ATIVO;1;0;0;0;06/05/2026;5
NAO ALIMENTO;38357;COPO SHAKE CTAMPA HELLO KITTY 500ML;13;ATIVO;1;0;0;0;06/05/2026;5
NAO ALIMENTO;38357;COPO SHAKE CTAMPA HELLO KITTY 500ML;14;ATIVO;1;0;0;0;06/05/2026;5
NAO ALIMENTO;38357;COPO SHAKE CTAMPA HELLO KITTY 500ML;15;ATIVO;1;0;0;0;06/05/2026;5
NAO ALIMENTO;38357;COPO SHAKE CTAMPA HELLO KITTY 500ML;16;ATIVO;1;0;0;0;06/05/2026;5
NAO ALIMENTO;38357;COPO SHAKE CTAMPA HELLO KITTY 500ML;17;ATIVO;1;0;0;0;06/05/2026;5
NAO ALIMENTO;38357;COPO SHAKE CTAMPA HELLO KITTY 500ML;18;ATIVO;1;0;0;0;06/05/2026;5
NAO ALIMENTO;38357;COPO SHAKE CTAMPA HELLO KITTY 500ML;50;ATIVO;1;0;0;0;06/05/2026;5
NAO ALIMENTO;38355;COPO TUMBLER C ALCA HELLO KITTY 650 ML;1;ATIVO;1;0;0;0;06/05/2026;5
NAO ALIMENTO;38355;COPO TUMBLER C ALCA HELLO KITTY 650 ML;2;ATIVO;1;0;0;0;06/05/2026;5
NAO ALIMENTO;38355;COPO TUMBLER C ALCA HELLO KITTY 650 ML;3;ATIVO;1;0;0;0;06/05/2026;5
NAO ALIMENTO;38355;COPO TUMBLER C ALCA HELLO KITTY 650 ML;4;ATIVO;1;0;0;0;06/05/2026;5
NAO ALIMENTO;38355;COPO TUMBLER C ALCA HELLO KITTY 650 ML;5;ATIVO;1;0;0;0;06/05/2026;5
NAO ALIMENTO;38355;COPO TUMBLER C ALCA HELLO KITTY 650 ML;6;ATIVO;1;0;0;0;06/05/2026;5
NAO ALIMENTO;38355;COPO TUMBLER C ALCA HELLO KITTY 650 ML;7;ATIVO;1;0;0;0;06/05/2026;5
NAO ALIMENTO;38355;COPO TUMBLER C ALCA HELLO KITTY 650 ML;8;ATIVO;1;0;0;0;06/05/2026;5
NAO ALIMENTO;38355;COPO TUMBLER C ALCA HELLO KITTY 650 ML;11;ATIVO;1;0;0;0;06/05/2026;5
NAO ALIMENTO;38355;COPO TUMBLER C ALCA HELLO KITTY 650 ML;12;ATIVO;1;0;0;0;06/05/2026;5
NAO ALIMENTO;38355;COPO TUMBLER C ALCA HELLO KITTY 650 ML;13;ATIVO;1;0;0;0;06/05/2026;5
NAO ALIMENTO;38355;COPO TUMBLER C ALCA HELLO KITTY 650 ML;14;ATIVO;1;0;0;0;06/05/2026;5
NAO ALIMENTO;38355;COPO TUMBLER C ALCA HELLO KITTY 650 ML;15;ATIVO;1;0;0;0;06/05/2026;5
NAO ALIMENTO;38355;COPO TUMBLER C ALCA HELLO KITTY 650 ML;16;ATIVO;1;0;0;0;06/05/2026;5
NAO ALIMENTO;38355;COPO TUMBLER C ALCA HELLO KITTY 650 ML;17;ATIVO;1;0;0;0;06/05/2026;5
NAO ALIMENTO;38355;COPO TUMBLER C ALCA HELLO KITTY 650 ML;18;ATIVO;1;0;0;0;06/05/2026;5
NAO ALIMENTO;38355;COPO TUMBLER C ALCA HELLO KITTY 650 ML;50;ATIVO;1;0;0;0;06/05/2026;5
NAO ALIMENTO;38371;COPO TUMBLER C ALCA KUROMI 650ML;1;ATIVO;1;0;0;0;08/05/2026;3
NAO ALIMENTO;38371;COPO TUMBLER C ALCA KUROMI 650ML;2;ATIVO;1;0;0;0;08/05/2026;3
NAO ALIMENTO;38371;COPO TUMBLER C ALCA KUROMI 650ML;3;ATIVO;1;0;0;0;08/05/2026;3
NAO ALIMENTO;38371;COPO TUMBLER C ALCA KUROMI 650ML;4;ATIVO;1;0;0;0;08/05/2026;3
NAO ALIMENTO;38371;COPO TUMBLER C ALCA KUROMI 650ML;5;ATIVO;1;0;0;0;08/05/2026;3
NAO ALIMENTO;38371;COPO TUMBLER C ALCA KUROMI 650ML;6;ATIVO;1;0;0;0;08/05/2026;3
NAO ALIMENTO;38371;COPO TUMBLER C ALCA KUROMI 650ML;7;ATIVO;1;0;0;0;08/05/2026;3
NAO ALIMENTO;38371;COPO TUMBLER C ALCA KUROMI 650ML;8;ATIVO;1;0;0;0;08/05/2026;3
NAO ALIMENTO;38371;COPO TUMBLER C ALCA KUROMI 650ML;11;ATIVO;1;0;0;0;08/05/2026;3
NAO ALIMENTO;38371;COPO TUMBLER C ALCA KUROMI 650ML;12;ATIVO;1;0;0;0;08/05/2026;3
NAO ALIMENTO;38371;COPO TUMBLER C ALCA KUROMI 650ML;13;ATIVO;1;0;0;0;08/05/2026;3
NAO ALIMENTO;38371;COPO TUMBLER C ALCA KUROMI 650ML;14;ATIVO;1;0;0;0;08/05/2026;3
NAO ALIMENTO;38371;COPO TUMBLER C ALCA KUROMI 650ML;15;ATIVO;1;0;0;0;08/05/2026;3
NAO ALIMENTO;38371;COPO TUMBLER C ALCA KUROMI 650ML;16;ATIVO;1;0;0;0;08/05/2026;3
NAO ALIMENTO;38371;COPO TUMBLER C ALCA KUROMI 650ML;17;ATIVO;1;0;0;0;08/05/2026;3
NAO ALIMENTO;38371;COPO TUMBLER C ALCA KUROMI 650ML;18;ATIVO;1;0;0;0;08/05/2026;3
NAO ALIMENTO;38371;COPO TUMBLER C ALCA KUROMI 650ML;50;ATIVO;1;0;0;0;08/05/2026;3
NAO ALIMENTO;38084;DICIONARIO MINI INGLES PORT ING NOV;1;ATIVO;1;0;0;0;14/04/2026;27
NAO ALIMENTO;38083;DICIONARIO MINI INGLES PORT ING NOV;1;ATIVO;1;0;0;0;14/04/2026;27
NAO ALIMENTO;38084;DICIONARIO MINI INGLES PORT ING NOV;2;ATIVO;1;0;0;0;14/04/2026;27
NAO ALIMENTO;38083;DICIONARIO MINI INGLES PORT ING NOV;2;ATIVO;1;0;0;0;14/04/2026;27
NAO ALIMENTO;38084;DICIONARIO MINI INGLES PORT ING NOV;3;ATIVO;1;0;0;0;14/04/2026;27
NAO ALIMENTO;38083;DICIONARIO MINI INGLES PORT ING NOV;3;ATIVO;1;0;0;0;14/04/2026;27
NAO ALIMENTO;38084;DICIONARIO MINI INGLES PORT ING NOV;4;ATIVO;1;0;0;0;14/04/2026;27
NAO ALIMENTO;38083;DICIONARIO MINI INGLES PORT ING NOV;4;ATIVO;1;0;0;0;14/04/2026;27
NAO ALIMENTO;38083;DICIONARIO MINI INGLES PORT ING NOV;5;ATIVO;1;0;0;0;14/04/2026;27
NAO ALIMENTO;38084;DICIONARIO MINI INGLES PORT ING NOV;5;ATIVO;1;0;0;0;14/04/2026;27
NAO ALIMENTO;38084;DICIONARIO MINI INGLES PORT ING NOV;6;ATIVO;1;0;0;0;14/04/2026;27
NAO ALIMENTO;38083;DICIONARIO MINI INGLES PORT ING NOV;6;ATIVO;1;0;0;0;14/04/2026;27
NAO ALIMENTO;38084;DICIONARIO MINI INGLES PORT ING NOV;7;ATIVO;1;0;0;0;14/04/2026;27
NAO ALIMENTO;38083;DICIONARIO MINI INGLES PORT ING NOV;7;ATIVO;1;0;0;0;14/04/2026;27
NAO ALIMENTO;38084;DICIONARIO MINI INGLES PORT ING NOV;8;ATIVO;1;0;0;0;14/04/2026;27
NAO ALIMENTO;38083;DICIONARIO MINI INGLES PORT ING NOV;8;ATIVO;1;0;0;0;14/04/2026;27
NAO ALIMENTO;38084;DICIONARIO MINI INGLES PORT ING NOV;11;ATIVO;1;0;0;0;14/04/2026;27
NAO ALIMENTO;38083;DICIONARIO MINI INGLES PORT ING NOV;11;ATIVO;1;0;0;0;14/04/2026;27
NAO ALIMENTO;38083;DICIONARIO MINI INGLES PORT ING NOV;12;ATIVO;1;0;0;0;14/04/2026;27
NAO ALIMENTO;38084;DICIONARIO MINI INGLES PORT ING NOV;12;ATIVO;1;0;0;0;14/04/2026;27
NAO ALIMENTO;38084;DICIONARIO MINI INGLES PORT ING NOV;13;ATIVO;1;0;0;0;14/04/2026;27
NAO ALIMENTO;38083;DICIONARIO MINI INGLES PORT ING NOV;13;ATIVO;1;0;0;0;14/04/2026;27
NAO ALIMENTO;38084;DICIONARIO MINI INGLES PORT ING NOV;14;ATIVO;1;0;0;0;14/04/2026;27
NAO ALIMENTO;38083;DICIONARIO MINI INGLES PORT ING NOV;14;ATIVO;1;0;0;0;14/04/2026;27
NAO ALIMENTO;38083;DICIONARIO MINI INGLES PORT ING NOV;15;ATIVO;1;0;0;0;14/04/2026;27
NAO ALIMENTO;38084;DICIONARIO MINI INGLES PORT ING NOV;15;ATIVO;1;0;0;0;14/04/2026;27
NAO ALIMENTO;38083;DICIONARIO MINI INGLES PORT ING NOV;16;ATIVO;1;0;0;0;14/04/2026;27
NAO ALIMENTO;38084;DICIONARIO MINI INGLES PORT ING NOV;16;ATIVO;1;0;0;0;14/04/2026;27
NAO ALIMENTO;38084;DICIONARIO MINI INGLES PORT ING NOV;17;ATIVO;1;0;0;0;14/04/2026;27
NAO ALIMENTO;38083;DICIONARIO MINI INGLES PORT ING NOV;17;ATIVO;1;0;0;0;14/04/2026;27
NAO ALIMENTO;38084;DICIONARIO MINI INGLES PORT ING NOV;18;ATIVO;1;0;0;0;14/04/2026;27
NAO ALIMENTO;38083;DICIONARIO MINI INGLES PORT ING NOV;18;ATIVO;1;0;0;0;14/04/2026;27
NAO ALIMENTO;38083;DICIONARIO MINI INGLES PORT ING NOV;50;ATIVO;1;0;0;0;14/04/2026;27
NAO ALIMENTO;38084;DICIONARIO MINI INGLES PORT ING NOV;50;ATIVO;1;0;0;0;14/04/2026;27
NAO ALIMENTO;38326;DOSADOR PLASUTIL LEITE PO MENINO;1;ATIVO;1;0;0;0;02/05/2026;9
NAO ALIMENTO;38326;DOSADOR PLASUTIL LEITE PO MENINO;2;ATIVO;1;0;0;0;02/05/2026;9
NAO ALIMENTO;38326;DOSADOR PLASUTIL LEITE PO MENINO;3;ATIVO;1;0;0;0;02/05/2026;9
NAO ALIMENTO;38326;DOSADOR PLASUTIL LEITE PO MENINO;4;ATIVO;1;0;0;0;02/05/2026;9
NAO ALIMENTO;38326;DOSADOR PLASUTIL LEITE PO MENINO;5;ATIVO;1;0;0;0;02/05/2026;9
NAO ALIMENTO;38326;DOSADOR PLASUTIL LEITE PO MENINO;6;ATIVO;1;0;0;0;02/05/2026;9
NAO ALIMENTO;38326;DOSADOR PLASUTIL LEITE PO MENINO;7;ATIVO;1;0;0;0;02/05/2026;9
NAO ALIMENTO;38326;DOSADOR PLASUTIL LEITE PO MENINO;8;ATIVO;1;0;0;0;02/05/2026;9
NAO ALIMENTO;38326;DOSADOR PLASUTIL LEITE PO MENINO;11;ATIVO;1;0;0;0;02/05/2026;9
NAO ALIMENTO;38326;DOSADOR PLASUTIL LEITE PO MENINO;12;ATIVO;1;0;0;0;02/05/2026;9
NAO ALIMENTO;38326;DOSADOR PLASUTIL LEITE PO MENINO;13;ATIVO;1;0;0;0;02/05/2026;9
NAO ALIMENTO;38326;DOSADOR PLASUTIL LEITE PO MENINO;14;ATIVO;1;0;0;0;02/05/2026;9
NAO ALIMENTO;38326;DOSADOR PLASUTIL LEITE PO MENINO;15;ATIVO;1;0;0;0;02/05/2026;9
NAO ALIMENTO;38326;DOSADOR PLASUTIL LEITE PO MENINO;16;ATIVO;1;0;0;0;02/05/2026;9
NAO ALIMENTO;38326;DOSADOR PLASUTIL LEITE PO MENINO;17;ATIVO;1;0;0;0;02/05/2026;9
NAO ALIMENTO;38326;DOSADOR PLASUTIL LEITE PO MENINO;18;ATIVO;1;0;0;0;02/05/2026;9
NAO ALIMENTO;38326;DOSADOR PLASUTIL LEITE PO MENINO;50;ATIVO;1;0;0;0;02/05/2026;9
NAO ALIMENTO;38243;ESCOVA DENTAL CABO LONGO DUPLA PET;1;ATIVO;1;0;0;0;27/04/2026;14
NAO ALIMENTO;38243;ESCOVA DENTAL CABO LONGO DUPLA PET;2;ATIVO;1;0;0;0;27/04/2026;14
NAO ALIMENTO;38243;ESCOVA DENTAL CABO LONGO DUPLA PET;3;ATIVO;1;0;0;0;27/04/2026;14
NAO ALIMENTO;38243;ESCOVA DENTAL CABO LONGO DUPLA PET;4;ATIVO;1;0;0;0;27/04/2026;14
NAO ALIMENTO;38243;ESCOVA DENTAL CABO LONGO DUPLA PET;5;ATIVO;1;0;0;0;27/04/2026;14
NAO ALIMENTO;38243;ESCOVA DENTAL CABO LONGO DUPLA PET;6;ATIVO;1;0;0;0;27/04/2026;14
NAO ALIMENTO;38243;ESCOVA DENTAL CABO LONGO DUPLA PET;7;ATIVO;1;0;0;0;27/04/2026;14
NAO ALIMENTO;38243;ESCOVA DENTAL CABO LONGO DUPLA PET;8;ATIVO;1;0;0;0;27/04/2026;14
NAO ALIMENTO;38243;ESCOVA DENTAL CABO LONGO DUPLA PET;11;ATIVO;1;0;0;0;27/04/2026;14
NAO ALIMENTO;38243;ESCOVA DENTAL CABO LONGO DUPLA PET;12;ATIVO;1;0;0;0;27/04/2026;14
NAO ALIMENTO;38243;ESCOVA DENTAL CABO LONGO DUPLA PET;13;ATIVO;1;0;0;0;27/04/2026;14
NAO ALIMENTO;38243;ESCOVA DENTAL CABO LONGO DUPLA PET;14;ATIVO;1;0;0;0;27/04/2026;14
NAO ALIMENTO;38243;ESCOVA DENTAL CABO LONGO DUPLA PET;15;ATIVO;1;0;0;0;27/04/2026;14
NAO ALIMENTO;38243;ESCOVA DENTAL CABO LONGO DUPLA PET;16;ATIVO;1;0;0;0;27/04/2026;14
NAO ALIMENTO;38243;ESCOVA DENTAL CABO LONGO DUPLA PET;17;ATIVO;1;0;0;0;27/04/2026;14
NAO ALIMENTO;38243;ESCOVA DENTAL CABO LONGO DUPLA PET;18;ATIVO;1;0;0;0;27/04/2026;14
NAO ALIMENTO;38243;ESCOVA DENTAL CABO LONGO DUPLA PET;50;ATIVO;1;0;0;0;27/04/2026;14
NAO ALIMENTO;38269;ESCOVA P MAMADEIRA MURANO REF 104;1;ATIVO;1;0;0;0;29/04/2026;12
NAO ALIMENTO;38269;ESCOVA P MAMADEIRA MURANO REF 104;2;ATIVO;1;0;0;0;29/04/2026;12
NAO ALIMENTO;38269;ESCOVA P MAMADEIRA MURANO REF 104;3;ATIVO;1;0;0;0;29/04/2026;12
NAO ALIMENTO;38269;ESCOVA P MAMADEIRA MURANO REF 104;4;ATIVO;1;0;0;0;29/04/2026;12
NAO ALIMENTO;38269;ESCOVA P MAMADEIRA MURANO REF 104;5;ATIVO;1;0;0;0;29/04/2026;12
NAO ALIMENTO;38269;ESCOVA P MAMADEIRA MURANO REF 104;6;ATIVO;1;0;0;0;29/04/2026;12
NAO ALIMENTO;38269;ESCOVA P MAMADEIRA MURANO REF 104;7;ATIVO;1;0;0;0;29/04/2026;12
NAO ALIMENTO;38269;ESCOVA P MAMADEIRA MURANO REF 104;8;ATIVO;1;0;0;0;29/04/2026;12
NAO ALIMENTO;38269;ESCOVA P MAMADEIRA MURANO REF 104;11;ATIVO;1;0;0;0;29/04/2026;12
NAO ALIMENTO;38269;ESCOVA P MAMADEIRA MURANO REF 104;12;ATIVO;1;0;0;0;29/04/2026;12
NAO ALIMENTO;38269;ESCOVA P MAMADEIRA MURANO REF 104;13;ATIVO;1;0;0;0;29/04/2026;12
NAO ALIMENTO;38269;ESCOVA P MAMADEIRA MURANO REF 104;14;ATIVO;1;0;0;0;29/04/2026;12
NAO ALIMENTO;38269;ESCOVA P MAMADEIRA MURANO REF 104;15;ATIVO;1;0;0;0;29/04/2026;12
NAO ALIMENTO;38269;ESCOVA P MAMADEIRA MURANO REF 104;16;ATIVO;1;0;0;0;29/04/2026;12
NAO ALIMENTO;38269;ESCOVA P MAMADEIRA MURANO REF 104;17;ATIVO;1;0;0;0;29/04/2026;12
NAO ALIMENTO;38269;ESCOVA P MAMADEIRA MURANO REF 104;18;ATIVO;1;0;0;0;29/04/2026;12
NAO ALIMENTO;38269;ESCOVA P MAMADEIRA MURANO REF 104;50;ATIVO;1;0;0;0;29/04/2026;12
NAO ALIMENTO;38109;ESM IMPALA 7 5ML ZEREI A TREND;1;ATIVO;1;0;0;0;15/04/2026;26
NAO ALIMENTO;38109;ESM IMPALA 7 5ML ZEREI A TREND;2;ATIVO;1;10;0;0;15/04/2026;26
NAO ALIMENTO;38109;ESM IMPALA 7 5ML ZEREI A TREND;3;ATIVO;1;9;0;0;15/04/2026;26
NAO ALIMENTO;38109;ESM IMPALA 7 5ML ZEREI A TREND;4;ATIVO;1;0;0;0;15/04/2026;26
NAO ALIMENTO;38109;ESM IMPALA 7 5ML ZEREI A TREND;5;ATIVO;1;0;0;0;15/04/2026;26
NAO ALIMENTO;38109;ESM IMPALA 7 5ML ZEREI A TREND;6;ATIVO;1;12;0;0;15/04/2026;26
NAO ALIMENTO;38109;ESM IMPALA 7 5ML ZEREI A TREND;7;ATIVO;1;0;12;0;15/04/2026;26
NAO ALIMENTO;38109;ESM IMPALA 7 5ML ZEREI A TREND;8;ATIVO;1;0;12;0;15/04/2026;26
NAO ALIMENTO;38109;ESM IMPALA 7 5ML ZEREI A TREND;11;ATIVO;1;0;12;0;15/04/2026;26
NAO ALIMENTO;38109;ESM IMPALA 7 5ML ZEREI A TREND;12;ATIVO;1;0;12;0;15/04/2026;26
NAO ALIMENTO;38109;ESM IMPALA 7 5ML ZEREI A TREND;13;ATIVO;1;0;12;0;15/04/2026;26
NAO ALIMENTO;38109;ESM IMPALA 7 5ML ZEREI A TREND;14;ATIVO;1;0;12;0;15/04/2026;26
NAO ALIMENTO;38109;ESM IMPALA 7 5ML ZEREI A TREND;15;ATIVO;1;0;0;0;15/04/2026;26
NAO ALIMENTO;38109;ESM IMPALA 7 5ML ZEREI A TREND;16;ATIVO;1;0;0;0;15/04/2026;26
NAO ALIMENTO;38109;ESM IMPALA 7 5ML ZEREI A TREND;17;ATIVO;1;0;12;0;15/04/2026;26
NAO ALIMENTO;38109;ESM IMPALA 7 5ML ZEREI A TREND;18;ATIVO;1;0;12;0;15/04/2026;26
NAO ALIMENTO;38109;ESM IMPALA 7 5ML ZEREI A TREND;50;ATIVO;1;0;0;0;15/04/2026;26
NAO ALIMENTO;38111;ESM IMPALA CREMOSO ARRUME SE 7 5ML;1;ATIVO;1;0;0;0;15/04/2026;26
NAO ALIMENTO;38111;ESM IMPALA CREMOSO ARRUME SE 7 5ML;2;ATIVO;1;12;0;0;15/04/2026;26
NAO ALIMENTO;38111;ESM IMPALA CREMOSO ARRUME SE 7 5ML;3;ATIVO;1;11;0;0;15/04/2026;26
NAO ALIMENTO;38111;ESM IMPALA CREMOSO ARRUME SE 7 5ML;4;ATIVO;1;0;0;0;15/04/2026;26
NAO ALIMENTO;38111;ESM IMPALA CREMOSO ARRUME SE 7 5ML;5;ATIVO;1;0;0;0;15/04/2026;26
NAO ALIMENTO;38111;ESM IMPALA CREMOSO ARRUME SE 7 5ML;6;ATIVO;1;12;0;0;15/04/2026;26
NAO ALIMENTO;38111;ESM IMPALA CREMOSO ARRUME SE 7 5ML;7;ATIVO;1;0;12;0;15/04/2026;26
NAO ALIMENTO;38111;ESM IMPALA CREMOSO ARRUME SE 7 5ML;8;ATIVO;1;-1;12;0;15/04/2026;26
NAO ALIMENTO;38111;ESM IMPALA CREMOSO ARRUME SE 7 5ML;11;ATIVO;1;12;0;0;15/04/2026;26
NAO ALIMENTO;38111;ESM IMPALA CREMOSO ARRUME SE 7 5ML;12;ATIVO;1;10;0;0;15/04/2026;26
NAO ALIMENTO;38111;ESM IMPALA CREMOSO ARRUME SE 7 5ML;13;ATIVO;1;10;0;0;15/04/2026;26
NAO ALIMENTO;38111;ESM IMPALA CREMOSO ARRUME SE 7 5ML;14;ATIVO;1;0;12;0;15/04/2026;26
NAO ALIMENTO;38111;ESM IMPALA CREMOSO ARRUME SE 7 5ML;15;ATIVO;1;0;0;0;15/04/2026;26
NAO ALIMENTO;38111;ESM IMPALA CREMOSO ARRUME SE 7 5ML;16;ATIVO;1;0;0;0;15/04/2026;26
NAO ALIMENTO;38111;ESM IMPALA CREMOSO ARRUME SE 7 5ML;17;ATIVO;1;12;0;0;15/04/2026;26
NAO ALIMENTO;38111;ESM IMPALA CREMOSO ARRUME SE 7 5ML;18;ATIVO;1;12;0;0;15/04/2026;26
NAO ALIMENTO;38111;ESM IMPALA CREMOSO ARRUME SE 7 5ML;50;ATIVO;1;0;0;0;15/04/2026;26
NAO ALIMENTO;38110;ESMALTE IMPALA CREMOSO AFETO 7 5ML;1;ATIVO;1;0;0;0;15/04/2026;26
NAO ALIMENTO;38110;ESMALTE IMPALA CREMOSO AFETO 7 5ML;2;ATIVO;1;7;0;0;15/04/2026;26
NAO ALIMENTO;38110;ESMALTE IMPALA CREMOSO AFETO 7 5ML;3;ATIVO;1;4;0;0;15/04/2026;26
NAO ALIMENTO;38110;ESMALTE IMPALA CREMOSO AFETO 7 5ML;4;ATIVO;1;0;0;0;15/04/2026;26
NAO ALIMENTO;38110;ESMALTE IMPALA CREMOSO AFETO 7 5ML;5;ATIVO;1;0;0;0;15/04/2026;26
NAO ALIMENTO;38110;ESMALTE IMPALA CREMOSO AFETO 7 5ML;6;ATIVO;1;12;0;0;15/04/2026;26
NAO ALIMENTO;38110;ESMALTE IMPALA CREMOSO AFETO 7 5ML;7;ATIVO;1;0;12;0;15/04/2026;26
NAO ALIMENTO;38110;ESMALTE IMPALA CREMOSO AFETO 7 5ML;8;ATIVO;1;0;12;0;15/04/2026;26
NAO ALIMENTO;38110;ESMALTE IMPALA CREMOSO AFETO 7 5ML;11;ATIVO;1;0;12;0;15/04/2026;26
NAO ALIMENTO;38110;ESMALTE IMPALA CREMOSO AFETO 7 5ML;12;ATIVO;1;0;12;0;15/04/2026;26
NAO ALIMENTO;38110;ESMALTE IMPALA CREMOSO AFETO 7 5ML;13;ATIVO;1;0;12;0;15/04/2026;26
NAO ALIMENTO;38110;ESMALTE IMPALA CREMOSO AFETO 7 5ML;14;ATIVO;1;0;12;0;15/04/2026;26
NAO ALIMENTO;38110;ESMALTE IMPALA CREMOSO AFETO 7 5ML;15;ATIVO;1;0;0;0;15/04/2026;26
NAO ALIMENTO;38110;ESMALTE IMPALA CREMOSO AFETO 7 5ML;16;ATIVO;1;0;0;0;15/04/2026;26
NAO ALIMENTO;38110;ESMALTE IMPALA CREMOSO AFETO 7 5ML;17;ATIVO;1;0;12;0;15/04/2026;26
NAO ALIMENTO;38110;ESMALTE IMPALA CREMOSO AFETO 7 5ML;18;ATIVO;1;0;12;0;15/04/2026;26
NAO ALIMENTO;38110;ESMALTE IMPALA CREMOSO AFETO 7 5ML;50;ATIVO;1;0;0;0;15/04/2026;26
NAO ALIMENTO;38350;ESPATULA RASPADURA P SILICONE E FER;1;ATIVO;1;0;0;0;06/05/2026;5
NAO ALIMENTO;38350;ESPATULA RASPADURA P SILICONE E FER;2;ATIVO;1;0;0;0;06/05/2026;5
NAO ALIMENTO;38350;ESPATULA RASPADURA P SILICONE E FER;3;ATIVO;1;0;0;0;06/05/2026;5
NAO ALIMENTO;38350;ESPATULA RASPADURA P SILICONE E FER;4;ATIVO;1;0;0;0;06/05/2026;5
NAO ALIMENTO;38350;ESPATULA RASPADURA P SILICONE E FER;5;ATIVO;1;0;0;0;06/05/2026;5
NAO ALIMENTO;38350;ESPATULA RASPADURA P SILICONE E FER;6;ATIVO;1;0;0;0;06/05/2026;5
NAO ALIMENTO;38350;ESPATULA RASPADURA P SILICONE E FER;7;ATIVO;1;0;0;0;06/05/2026;5
NAO ALIMENTO;38350;ESPATULA RASPADURA P SILICONE E FER;8;ATIVO;1;0;0;0;06/05/2026;5
NAO ALIMENTO;38350;ESPATULA RASPADURA P SILICONE E FER;11;ATIVO;1;0;0;0;06/05/2026;5
NAO ALIMENTO;38350;ESPATULA RASPADURA P SILICONE E FER;12;ATIVO;1;0;0;0;06/05/2026;5
NAO ALIMENTO;38350;ESPATULA RASPADURA P SILICONE E FER;13;ATIVO;1;0;0;0;06/05/2026;5
NAO ALIMENTO;38350;ESPATULA RASPADURA P SILICONE E FER;14;ATIVO;1;0;0;0;06/05/2026;5
NAO ALIMENTO;38350;ESPATULA RASPADURA P SILICONE E FER;15;ATIVO;1;0;0;0;06/05/2026;5
NAO ALIMENTO;38350;ESPATULA RASPADURA P SILICONE E FER;16;ATIVO;1;0;0;0;06/05/2026;5
NAO ALIMENTO;38350;ESPATULA RASPADURA P SILICONE E FER;17;ATIVO;1;0;0;0;06/05/2026;5
NAO ALIMENTO;38350;ESPATULA RASPADURA P SILICONE E FER;18;ATIVO;1;0;0;0;06/05/2026;5
NAO ALIMENTO;38350;ESPATULA RASPADURA P SILICONE E FER;50;ATIVO;1;0;0;0;06/05/2026;5
NAO ALIMENTO;38168;ESPELHO LEAO 25X20 MOLDURA CORAL;1;ATIVO;1;0;0;0;18/04/2026;23
NAO ALIMENTO;38168;ESPELHO LEAO 25X20 MOLDURA CORAL;2;ATIVO;1;0;0;0;18/04/2026;23
NAO ALIMENTO;38168;ESPELHO LEAO 25X20 MOLDURA CORAL;3;ATIVO;1;0;0;0;18/04/2026;23
NAO ALIMENTO;38168;ESPELHO LEAO 25X20 MOLDURA CORAL;4;ATIVO;1;0;0;0;18/04/2026;23
NAO ALIMENTO;38168;ESPELHO LEAO 25X20 MOLDURA CORAL;5;ATIVO;1;0;0;0;18/04/2026;23
NAO ALIMENTO;38168;ESPELHO LEAO 25X20 MOLDURA CORAL;6;ATIVO;1;0;0;0;18/04/2026;23
NAO ALIMENTO;38168;ESPELHO LEAO 25X20 MOLDURA CORAL;7;ATIVO;1;0;0;0;18/04/2026;23
NAO ALIMENTO;38168;ESPELHO LEAO 25X20 MOLDURA CORAL;8;ATIVO;1;0;0;0;18/04/2026;23
NAO ALIMENTO;38168;ESPELHO LEAO 25X20 MOLDURA CORAL;11;ATIVO;1;0;0;0;18/04/2026;23
NAO ALIMENTO;38168;ESPELHO LEAO 25X20 MOLDURA CORAL;12;ATIVO;1;0;0;0;18/04/2026;23
NAO ALIMENTO;38168;ESPELHO LEAO 25X20 MOLDURA CORAL;13;ATIVO;1;0;0;0;18/04/2026;23
NAO ALIMENTO;38168;ESPELHO LEAO 25X20 MOLDURA CORAL;14;ATIVO;1;-1;0;0;18/04/2026;23
NAO ALIMENTO;38168;ESPELHO LEAO 25X20 MOLDURA CORAL;15;ATIVO;1;0;0;0;18/04/2026;23
NAO ALIMENTO;38168;ESPELHO LEAO 25X20 MOLDURA CORAL;16;ATIVO;1;0;0;0;18/04/2026;23
NAO ALIMENTO;38168;ESPELHO LEAO 25X20 MOLDURA CORAL;17;ATIVO;1;0;0;0;18/04/2026;23
NAO ALIMENTO;38168;ESPELHO LEAO 25X20 MOLDURA CORAL;18;ATIVO;1;0;0;0;18/04/2026;23
NAO ALIMENTO;38168;ESPELHO LEAO 25X20 MOLDURA CORAL;50;ATIVO;1;0;0;0;18/04/2026;23
NAO ALIMENTO;38102;ESPREMEDOR DE ALHO INOX PLUS 18 5CM;1;ATIVO;1;0;0;0;14/04/2026;27
NAO ALIMENTO;38102;ESPREMEDOR DE ALHO INOX PLUS 18 5CM;2;ATIVO;1;0;0;0;14/04/2026;27
NAO ALIMENTO;38102;ESPREMEDOR DE ALHO INOX PLUS 18 5CM;3;ATIVO;1;0;0;0;14/04/2026;27
NAO ALIMENTO;38102;ESPREMEDOR DE ALHO INOX PLUS 18 5CM;4;ATIVO;1;0;0;0;14/04/2026;27
NAO ALIMENTO;38102;ESPREMEDOR DE ALHO INOX PLUS 18 5CM;5;ATIVO;1;0;0;0;14/04/2026;27
NAO ALIMENTO;38102;ESPREMEDOR DE ALHO INOX PLUS 18 5CM;6;ATIVO;1;0;0;0;14/04/2026;27
NAO ALIMENTO;38102;ESPREMEDOR DE ALHO INOX PLUS 18 5CM;7;ATIVO;1;0;0;0;14/04/2026;27
NAO ALIMENTO;38102;ESPREMEDOR DE ALHO INOX PLUS 18 5CM;8;ATIVO;1;0;0;0;14/04/2026;27
NAO ALIMENTO;38102;ESPREMEDOR DE ALHO INOX PLUS 18 5CM;11;ATIVO;1;0;0;0;14/04/2026;27
NAO ALIMENTO;38102;ESPREMEDOR DE ALHO INOX PLUS 18 5CM;12;ATIVO;1;0;0;0;14/04/2026;27
NAO ALIMENTO;38102;ESPREMEDOR DE ALHO INOX PLUS 18 5CM;13;ATIVO;1;0;0;0;14/04/2026;27
NAO ALIMENTO;38102;ESPREMEDOR DE ALHO INOX PLUS 18 5CM;14;ATIVO;1;0;0;0;14/04/2026;27
NAO ALIMENTO;38102;ESPREMEDOR DE ALHO INOX PLUS 18 5CM;15;ATIVO;1;0;0;0;14/04/2026;27
NAO ALIMENTO;38102;ESPREMEDOR DE ALHO INOX PLUS 18 5CM;16;ATIVO;1;0;0;0;14/04/2026;27
NAO ALIMENTO;38102;ESPREMEDOR DE ALHO INOX PLUS 18 5CM;17;ATIVO;1;0;0;0;14/04/2026;27
NAO ALIMENTO;38102;ESPREMEDOR DE ALHO INOX PLUS 18 5CM;18;ATIVO;1;0;0;0;14/04/2026;27
NAO ALIMENTO;38102;ESPREMEDOR DE ALHO INOX PLUS 18 5CM;50;ATIVO;1;0;0;0;14/04/2026;27
NAO ALIMENTO;38078;ESTOJO ESC WP293;1;ATIVO;1;0;0;0;14/04/2026;27
NAO ALIMENTO;38078;ESTOJO ESC WP293;2;ATIVO;1;0;0;0;14/04/2026;27
NAO ALIMENTO;38078;ESTOJO ESC WP293;3;ATIVO;1;0;0;0;14/04/2026;27
NAO ALIMENTO;38078;ESTOJO ESC WP293;4;ATIVO;1;0;0;0;14/04/2026;27
NAO ALIMENTO;38078;ESTOJO ESC WP293;5;ATIVO;1;0;0;0;14/04/2026;27
NAO ALIMENTO;38078;ESTOJO ESC WP293;6;ATIVO;1;0;0;0;14/04/2026;27
NAO ALIMENTO;38078;ESTOJO ESC WP293;7;ATIVO;1;0;0;0;14/04/2026;27
NAO ALIMENTO;38078;ESTOJO ESC WP293;8;ATIVO;1;0;0;0;14/04/2026;27
NAO ALIMENTO;38078;ESTOJO ESC WP293;11;ATIVO;1;0;0;0;14/04/2026;27
NAO ALIMENTO;38078;ESTOJO ESC WP293;12;ATIVO;1;0;0;0;14/04/2026;27
NAO ALIMENTO;38078;ESTOJO ESC WP293;13;ATIVO;1;0;0;0;14/04/2026;27
NAO ALIMENTO;38078;ESTOJO ESC WP293;14;ATIVO;1;0;0;0;14/04/2026;27
NAO ALIMENTO;38078;ESTOJO ESC WP293;15;ATIVO;1;0;0;0;14/04/2026;27
NAO ALIMENTO;38078;ESTOJO ESC WP293;16;ATIVO;1;0;0;0;14/04/2026;27
NAO ALIMENTO;38078;ESTOJO ESC WP293;17;ATIVO;1;0;0;0;14/04/2026;27
NAO ALIMENTO;38078;ESTOJO ESC WP293;18;ATIVO;1;0;0;0;14/04/2026;27
NAO ALIMENTO;38078;ESTOJO ESC WP293;50;ATIVO;1;0;0;0;14/04/2026;27
NAO ALIMENTO;38227;FACA COZINHA ALVEOLAR 7 KATANA;1;ATIVO;24;0;0;0;25/04/2026;16
NAO ALIMENTO;38227;FACA COZINHA ALVEOLAR 7 KATANA;2;ATIVO;24;0;0;0;25/04/2026;16
NAO ALIMENTO;38227;FACA COZINHA ALVEOLAR 7 KATANA;3;ATIVO;24;0;0;0;25/04/2026;16
NAO ALIMENTO;38227;FACA COZINHA ALVEOLAR 7 KATANA;4;ATIVO;24;0;0;0;25/04/2026;16
NAO ALIMENTO;38227;FACA COZINHA ALVEOLAR 7 KATANA;5;ATIVO;24;0;0;0;25/04/2026;16
NAO ALIMENTO;38227;FACA COZINHA ALVEOLAR 7 KATANA;6;ATIVO;24;0;0;0;25/04/2026;16
NAO ALIMENTO;38227;FACA COZINHA ALVEOLAR 7 KATANA;7;ATIVO;24;0;0;0;25/04/2026;16
NAO ALIMENTO;38227;FACA COZINHA ALVEOLAR 7 KATANA;8;ATIVO;24;0;0;0;25/04/2026;16
NAO ALIMENTO;38227;FACA COZINHA ALVEOLAR 7 KATANA;11;ATIVO;24;0;0;0;25/04/2026;16
NAO ALIMENTO;38227;FACA COZINHA ALVEOLAR 7 KATANA;12;ATIVO;24;0;0;0;25/04/2026;16
NAO ALIMENTO;38227;FACA COZINHA ALVEOLAR 7 KATANA;13;ATIVO;24;0;0;0;25/04/2026;16
NAO ALIMENTO;38227;FACA COZINHA ALVEOLAR 7 KATANA;14;ATIVO;24;0;0;0;25/04/2026;16
NAO ALIMENTO;38227;FACA COZINHA ALVEOLAR 7 KATANA;15;ATIVO;24;0;0;0;25/04/2026;16
NAO ALIMENTO;38227;FACA COZINHA ALVEOLAR 7 KATANA;16;ATIVO;24;0;0;0;25/04/2026;16
NAO ALIMENTO;38227;FACA COZINHA ALVEOLAR 7 KATANA;17;ATIVO;24;0;0;0;25/04/2026;16
NAO ALIMENTO;38227;FACA COZINHA ALVEOLAR 7 KATANA;18;ATIVO;24;0;0;0;25/04/2026;16
NAO ALIMENTO;38227;FACA COZINHA ALVEOLAR 7 KATANA;50;ATIVO;24;0;192;0;25/04/2026;16
NAO ALIMENTO;38231;FACA COZINHA ANTIADERENTE 5 ONIX;1;ATIVO;24;0;0;0;25/04/2026;16
NAO ALIMENTO;38231;FACA COZINHA ANTIADERENTE 5 ONIX;2;ATIVO;24;0;0;0;25/04/2026;16
NAO ALIMENTO;38231;FACA COZINHA ANTIADERENTE 5 ONIX;3;ATIVO;24;0;0;0;25/04/2026;16
NAO ALIMENTO;38231;FACA COZINHA ANTIADERENTE 5 ONIX;4;ATIVO;24;0;0;0;25/04/2026;16
NAO ALIMENTO;38231;FACA COZINHA ANTIADERENTE 5 ONIX;5;ATIVO;24;0;0;0;25/04/2026;16
NAO ALIMENTO;38231;FACA COZINHA ANTIADERENTE 5 ONIX;6;ATIVO;24;0;0;0;25/04/2026;16
NAO ALIMENTO;38231;FACA COZINHA ANTIADERENTE 5 ONIX;7;ATIVO;24;0;0;0;25/04/2026;16
NAO ALIMENTO;38231;FACA COZINHA ANTIADERENTE 5 ONIX;8;ATIVO;24;0;0;0;25/04/2026;16
NAO ALIMENTO;38231;FACA COZINHA ANTIADERENTE 5 ONIX;11;ATIVO;24;0;0;0;25/04/2026;16
NAO ALIMENTO;38231;FACA COZINHA ANTIADERENTE 5 ONIX;12;ATIVO;24;0;0;0;25/04/2026;16
NAO ALIMENTO;38231;FACA COZINHA ANTIADERENTE 5 ONIX;13;ATIVO;24;0;0;0;25/04/2026;16
NAO ALIMENTO;38231;FACA COZINHA ANTIADERENTE 5 ONIX;14;ATIVO;24;0;0;0;25/04/2026;16
NAO ALIMENTO;38231;FACA COZINHA ANTIADERENTE 5 ONIX;15;ATIVO;24;0;0;0;25/04/2026;16
NAO ALIMENTO;38231;FACA COZINHA ANTIADERENTE 5 ONIX;16;ATIVO;24;0;0;0;25/04/2026;16
NAO ALIMENTO;38231;FACA COZINHA ANTIADERENTE 5 ONIX;17;ATIVO;24;0;0;0;25/04/2026;16
NAO ALIMENTO;38231;FACA COZINHA ANTIADERENTE 5 ONIX;18;ATIVO;24;0;0;0;25/04/2026;16
NAO ALIMENTO;38231;FACA COZINHA ANTIADERENTE 5 ONIX;50;ATIVO;24;0;192;0;25/04/2026;16
NAO ALIMENTO;38236;FACA DO CHEF 8 KATANA CM 24;1;ATIVO;24;0;0;0;25/04/2026;16
NAO ALIMENTO;38236;FACA DO CHEF 8 KATANA CM 24;2;ATIVO;24;0;0;0;25/04/2026;16
NAO ALIMENTO;38236;FACA DO CHEF 8 KATANA CM 24;3;ATIVO;24;0;0;0;25/04/2026;16
NAO ALIMENTO;38236;FACA DO CHEF 8 KATANA CM 24;4;ATIVO;24;0;0;0;25/04/2026;16
NAO ALIMENTO;38236;FACA DO CHEF 8 KATANA CM 24;5;ATIVO;24;0;0;0;25/04/2026;16
NAO ALIMENTO;38236;FACA DO CHEF 8 KATANA CM 24;6;ATIVO;24;0;0;0;25/04/2026;16
NAO ALIMENTO;38236;FACA DO CHEF 8 KATANA CM 24;7;ATIVO;24;0;0;0;25/04/2026;16
NAO ALIMENTO;38236;FACA DO CHEF 8 KATANA CM 24;8;ATIVO;24;0;0;0;25/04/2026;16
NAO ALIMENTO;38236;FACA DO CHEF 8 KATANA CM 24;11;ATIVO;24;0;0;0;25/04/2026;16
NAO ALIMENTO;38236;FACA DO CHEF 8 KATANA CM 24;12;ATIVO;24;0;0;0;25/04/2026;16
NAO ALIMENTO;38236;FACA DO CHEF 8 KATANA CM 24;13;ATIVO;24;0;0;0;25/04/2026;16
NAO ALIMENTO;38236;FACA DO CHEF 8 KATANA CM 24;14;ATIVO;24;0;0;0;25/04/2026;16
NAO ALIMENTO;38236;FACA DO CHEF 8 KATANA CM 24;15;ATIVO;24;0;0;0;25/04/2026;16
NAO ALIMENTO;38236;FACA DO CHEF 8 KATANA CM 24;16;ATIVO;24;0;0;0;25/04/2026;16
NAO ALIMENTO;38236;FACA DO CHEF 8 KATANA CM 24;17;ATIVO;24;0;0;0;25/04/2026;16
NAO ALIMENTO;38236;FACA DO CHEF 8 KATANA CM 24;18;ATIVO;24;0;0;0;25/04/2026;16
NAO ALIMENTO;38236;FACA DO CHEF 8 KATANA CM 24;50;ATIVO;24;0;192;0;25/04/2026;16
NAO ALIMENTO;38233;FACA DO CHEF 8 PREMIUM ROMA PRO;1;ATIVO;48;0;0;0;25/04/2026;16
NAO ALIMENTO;38233;FACA DO CHEF 8 PREMIUM ROMA PRO;2;ATIVO;48;0;0;0;25/04/2026;16
NAO ALIMENTO;38233;FACA DO CHEF 8 PREMIUM ROMA PRO;3;ATIVO;48;0;0;0;25/04/2026;16
NAO ALIMENTO;38233;FACA DO CHEF 8 PREMIUM ROMA PRO;4;ATIVO;48;0;0;0;25/04/2026;16
NAO ALIMENTO;38233;FACA DO CHEF 8 PREMIUM ROMA PRO;5;ATIVO;48;0;0;0;25/04/2026;16
NAO ALIMENTO;38233;FACA DO CHEF 8 PREMIUM ROMA PRO;6;ATIVO;48;0;0;0;25/04/2026;16
NAO ALIMENTO;38233;FACA DO CHEF 8 PREMIUM ROMA PRO;7;ATIVO;48;0;0;0;25/04/2026;16
NAO ALIMENTO;38233;FACA DO CHEF 8 PREMIUM ROMA PRO;8;ATIVO;48;0;0;0;25/04/2026;16
NAO ALIMENTO;38233;FACA DO CHEF 8 PREMIUM ROMA PRO;11;ATIVO;48;0;0;0;25/04/2026;16
NAO ALIMENTO;38233;FACA DO CHEF 8 PREMIUM ROMA PRO;12;ATIVO;48;0;0;0;25/04/2026;16
NAO ALIMENTO;38233;FACA DO CHEF 8 PREMIUM ROMA PRO;13;ATIVO;48;0;0;0;25/04/2026;16
NAO ALIMENTO;38233;FACA DO CHEF 8 PREMIUM ROMA PRO;14;ATIVO;48;0;0;0;25/04/2026;16
NAO ALIMENTO;38233;FACA DO CHEF 8 PREMIUM ROMA PRO;15;ATIVO;48;0;0;0;25/04/2026;16
NAO ALIMENTO;38233;FACA DO CHEF 8 PREMIUM ROMA PRO;16;ATIVO;48;0;0;0;25/04/2026;16
NAO ALIMENTO;38233;FACA DO CHEF 8 PREMIUM ROMA PRO;17;ATIVO;48;0;0;0;25/04/2026;16
NAO ALIMENTO;38233;FACA DO CHEF 8 PREMIUM ROMA PRO;18;ATIVO;48;0;0;0;25/04/2026;16
NAO ALIMENTO;38233;FACA DO CHEF 8 PREMIUM ROMA PRO;50;ATIVO;48;0;288;0;25/04/2026;16
NAO ALIMENTO;38229;FACA P CARNE ANTIADERENTE 7 ONIX;1;ATIVO;24;0;0;0;25/04/2026;16
NAO ALIMENTO;38229;FACA P CARNE ANTIADERENTE 7 ONIX;2;ATIVO;24;0;0;0;25/04/2026;16
NAO ALIMENTO;38229;FACA P CARNE ANTIADERENTE 7 ONIX;3;ATIVO;24;0;0;0;25/04/2026;16
NAO ALIMENTO;38229;FACA P CARNE ANTIADERENTE 7 ONIX;4;ATIVO;24;0;0;0;25/04/2026;16
NAO ALIMENTO;38229;FACA P CARNE ANTIADERENTE 7 ONIX;5;ATIVO;24;0;0;0;25/04/2026;16
NAO ALIMENTO;38229;FACA P CARNE ANTIADERENTE 7 ONIX;6;ATIVO;24;0;0;0;25/04/2026;16
NAO ALIMENTO;38229;FACA P CARNE ANTIADERENTE 7 ONIX;7;ATIVO;24;0;0;0;25/04/2026;16
NAO ALIMENTO;38229;FACA P CARNE ANTIADERENTE 7 ONIX;8;ATIVO;24;0;0;0;25/04/2026;16
NAO ALIMENTO;38229;FACA P CARNE ANTIADERENTE 7 ONIX;11;ATIVO;24;0;0;0;25/04/2026;16
NAO ALIMENTO;38229;FACA P CARNE ANTIADERENTE 7 ONIX;12;ATIVO;24;0;0;0;25/04/2026;16
NAO ALIMENTO;38229;FACA P CARNE ANTIADERENTE 7 ONIX;13;ATIVO;24;0;0;0;25/04/2026;16
NAO ALIMENTO;38229;FACA P CARNE ANTIADERENTE 7 ONIX;14;ATIVO;24;0;0;0;25/04/2026;16
NAO ALIMENTO;38229;FACA P CARNE ANTIADERENTE 7 ONIX;15;ATIVO;24;0;0;0;25/04/2026;16
NAO ALIMENTO;38229;FACA P CARNE ANTIADERENTE 7 ONIX;16;ATIVO;24;0;0;0;25/04/2026;16
NAO ALIMENTO;38229;FACA P CARNE ANTIADERENTE 7 ONIX;17;ATIVO;24;0;0;0;25/04/2026;16
NAO ALIMENTO;38229;FACA P CARNE ANTIADERENTE 7 ONIX;18;ATIVO;24;0;0;0;25/04/2026;16
NAO ALIMENTO;38229;FACA P CARNE ANTIADERENTE 7 ONIX;50;ATIVO;24;0;192;0;25/04/2026;16
NAO ALIMENTO;38225;FACA P LEGUMES 3 5 INOX;1;ATIVO;24;0;0;0;25/04/2026;16
NAO ALIMENTO;38225;FACA P LEGUMES 3 5 INOX;2;ATIVO;24;0;0;0;25/04/2026;16
NAO ALIMENTO;38225;FACA P LEGUMES 3 5 INOX;3;ATIVO;24;0;0;0;25/04/2026;16
NAO ALIMENTO;38225;FACA P LEGUMES 3 5 INOX;4;ATIVO;24;0;0;0;25/04/2026;16
NAO ALIMENTO;38225;FACA P LEGUMES 3 5 INOX;5;ATIVO;24;0;0;0;25/04/2026;16
NAO ALIMENTO;38225;FACA P LEGUMES 3 5 INOX;6;ATIVO;24;0;0;0;25/04/2026;16
NAO ALIMENTO;38225;FACA P LEGUMES 3 5 INOX;7;ATIVO;24;0;0;0;25/04/2026;16
NAO ALIMENTO;38225;FACA P LEGUMES 3 5 INOX;8;ATIVO;24;0;0;0;25/04/2026;16
NAO ALIMENTO;38225;FACA P LEGUMES 3 5 INOX;11;ATIVO;24;0;0;0;25/04/2026;16
NAO ALIMENTO;38225;FACA P LEGUMES 3 5 INOX;12;ATIVO;24;0;0;0;25/04/2026;16
NAO ALIMENTO;38225;FACA P LEGUMES 3 5 INOX;13;ATIVO;24;0;0;0;25/04/2026;16
NAO ALIMENTO;38225;FACA P LEGUMES 3 5 INOX;14;ATIVO;24;0;0;0;25/04/2026;16
NAO ALIMENTO;38225;FACA P LEGUMES 3 5 INOX;15;ATIVO;24;0;0;0;25/04/2026;16
NAO ALIMENTO;38225;FACA P LEGUMES 3 5 INOX;16;ATIVO;24;0;0;0;25/04/2026;16
NAO ALIMENTO;38225;FACA P LEGUMES 3 5 INOX;17;ATIVO;24;0;0;0;25/04/2026;16
NAO ALIMENTO;38225;FACA P LEGUMES 3 5 INOX;18;ATIVO;24;0;0;0;25/04/2026;16
NAO ALIMENTO;38225;FACA P LEGUMES 3 5 INOX;50;ATIVO;24;0;192;0;25/04/2026;16
NAO ALIMENTO;38226;FACA P PAO ANTIADERENTE 8 ONIX;1;ATIVO;24;0;0;0;25/04/2026;16
NAO ALIMENTO;38226;FACA P PAO ANTIADERENTE 8 ONIX;2;ATIVO;24;0;0;0;25/04/2026;16
NAO ALIMENTO;38226;FACA P PAO ANTIADERENTE 8 ONIX;3;ATIVO;24;0;0;0;25/04/2026;16
NAO ALIMENTO;38226;FACA P PAO ANTIADERENTE 8 ONIX;4;ATIVO;24;0;0;0;25/04/2026;16
NAO ALIMENTO;38226;FACA P PAO ANTIADERENTE 8 ONIX;5;ATIVO;24;0;0;0;25/04/2026;16
NAO ALIMENTO;38226;FACA P PAO ANTIADERENTE 8 ONIX;6;ATIVO;24;0;0;0;25/04/2026;16
NAO ALIMENTO;38226;FACA P PAO ANTIADERENTE 8 ONIX;7;ATIVO;24;0;0;0;25/04/2026;16
NAO ALIMENTO;38226;FACA P PAO ANTIADERENTE 8 ONIX;8;ATIVO;24;0;0;0;25/04/2026;16
NAO ALIMENTO;38226;FACA P PAO ANTIADERENTE 8 ONIX;11;ATIVO;24;0;0;0;25/04/2026;16
NAO ALIMENTO;38226;FACA P PAO ANTIADERENTE 8 ONIX;12;ATIVO;24;0;0;0;25/04/2026;16
NAO ALIMENTO;38226;FACA P PAO ANTIADERENTE 8 ONIX;13;ATIVO;24;0;0;0;25/04/2026;16
NAO ALIMENTO;38226;FACA P PAO ANTIADERENTE 8 ONIX;14;ATIVO;24;0;0;0;25/04/2026;16
NAO ALIMENTO;38226;FACA P PAO ANTIADERENTE 8 ONIX;15;ATIVO;24;0;0;0;25/04/2026;16
NAO ALIMENTO;38226;FACA P PAO ANTIADERENTE 8 ONIX;16;ATIVO;24;0;0;0;25/04/2026;16
NAO ALIMENTO;38226;FACA P PAO ANTIADERENTE 8 ONIX;17;ATIVO;24;0;0;0;25/04/2026;16
NAO ALIMENTO;38226;FACA P PAO ANTIADERENTE 8 ONIX;18;ATIVO;24;0;0;0;25/04/2026;16
NAO ALIMENTO;38226;FACA P PAO ANTIADERENTE 8 ONIX;50;ATIVO;24;0;192;0;25/04/2026;16
NAO ALIMENTO;38234;FACA PREMIUM ROMA P PAO 8 INOX;1;ATIVO;48;0;0;0;25/04/2026;16
NAO ALIMENTO;38234;FACA PREMIUM ROMA P PAO 8 INOX;2;ATIVO;48;0;0;0;25/04/2026;16
NAO ALIMENTO;38234;FACA PREMIUM ROMA P PAO 8 INOX;3;ATIVO;48;0;0;0;25/04/2026;16
NAO ALIMENTO;38234;FACA PREMIUM ROMA P PAO 8 INOX;4;ATIVO;48;0;0;0;25/04/2026;16
NAO ALIMENTO;38234;FACA PREMIUM ROMA P PAO 8 INOX;5;ATIVO;48;0;0;0;25/04/2026;16
NAO ALIMENTO;38234;FACA PREMIUM ROMA P PAO 8 INOX;6;ATIVO;48;0;0;0;25/04/2026;16
NAO ALIMENTO;38234;FACA PREMIUM ROMA P PAO 8 INOX;7;ATIVO;48;0;0;0;25/04/2026;16
NAO ALIMENTO;38234;FACA PREMIUM ROMA P PAO 8 INOX;8;ATIVO;48;0;0;0;25/04/2026;16
NAO ALIMENTO;38234;FACA PREMIUM ROMA P PAO 8 INOX;11;ATIVO;48;0;0;0;25/04/2026;16
NAO ALIMENTO;38234;FACA PREMIUM ROMA P PAO 8 INOX;12;ATIVO;48;0;0;0;25/04/2026;16
NAO ALIMENTO;38234;FACA PREMIUM ROMA P PAO 8 INOX;13;ATIVO;48;0;0;0;25/04/2026;16
NAO ALIMENTO;38234;FACA PREMIUM ROMA P PAO 8 INOX;14;ATIVO;48;0;0;0;25/04/2026;16
NAO ALIMENTO;38234;FACA PREMIUM ROMA P PAO 8 INOX;15;ATIVO;48;0;0;0;25/04/2026;16
NAO ALIMENTO;38234;FACA PREMIUM ROMA P PAO 8 INOX;16;ATIVO;48;0;0;0;25/04/2026;16
NAO ALIMENTO;38234;FACA PREMIUM ROMA P PAO 8 INOX;17;ATIVO;48;0;0;0;25/04/2026;16
NAO ALIMENTO;38234;FACA PREMIUM ROMA P PAO 8 INOX;18;ATIVO;48;0;0;0;25/04/2026;16
NAO ALIMENTO;38234;FACA PREMIUM ROMA P PAO 8 INOX;50;ATIVO;48;0;192;0;25/04/2026;16
NAO ALIMENTO;38191;FIGURINHAS COPA DO MUNDO 2026;1;ATIVO;1000;0;0;0;22/04/2026;19
NAO ALIMENTO;38190;FIGURINHAS COPA DO MUNDO 2026;1;ATIVO;1000;0;0;0;22/04/2026;19
NAO ALIMENTO;38190;FIGURINHAS COPA DO MUNDO 2026;2;ATIVO;1000;0;0;0;22/04/2026;19
NAO ALIMENTO;38191;FIGURINHAS COPA DO MUNDO 2026;2;ATIVO;1000;0;0;0;22/04/2026;19
NAO ALIMENTO;38190;FIGURINHAS COPA DO MUNDO 2026;3;ATIVO;1000;0;0;0;22/04/2026;19
NAO ALIMENTO;38191;FIGURINHAS COPA DO MUNDO 2026;3;ATIVO;1000;0;0;0;22/04/2026;19
NAO ALIMENTO;38191;FIGURINHAS COPA DO MUNDO 2026;4;ATIVO;1000;0;0;0;22/04/2026;19
NAO ALIMENTO;38190;FIGURINHAS COPA DO MUNDO 2026;4;ATIVO;1000;0;0;0;22/04/2026;19
NAO ALIMENTO;38191;FIGURINHAS COPA DO MUNDO 2026;5;ATIVO;1000;0;0;0;22/04/2026;19
NAO ALIMENTO;38190;FIGURINHAS COPA DO MUNDO 2026;5;ATIVO;1000;0;0;0;22/04/2026;19
NAO ALIMENTO;38191;FIGURINHAS COPA DO MUNDO 2026;6;ATIVO;1000;0;0;0;22/04/2026;19
NAO ALIMENTO;38190;FIGURINHAS COPA DO MUNDO 2026;6;ATIVO;1000;0;0;0;22/04/2026;19
NAO ALIMENTO;38191;FIGURINHAS COPA DO MUNDO 2026;7;ATIVO;1000;0;0;0;22/04/2026;19
NAO ALIMENTO;38190;FIGURINHAS COPA DO MUNDO 2026;7;ATIVO;1000;0;0;0;22/04/2026;19
NAO ALIMENTO;38190;FIGURINHAS COPA DO MUNDO 2026;8;ATIVO;1000;0;0;0;22/04/2026;19
NAO ALIMENTO;38191;FIGURINHAS COPA DO MUNDO 2026;8;ATIVO;1000;0;0;0;22/04/2026;19
NAO ALIMENTO;38191;FIGURINHAS COPA DO MUNDO 2026;11;ATIVO;1000;0;0;0;22/04/2026;19
NAO ALIMENTO;38190;FIGURINHAS COPA DO MUNDO 2026;11;ATIVO;1000;0;0;0;22/04/2026;19
NAO ALIMENTO;38190;FIGURINHAS COPA DO MUNDO 2026;12;ATIVO;1000;0;0;0;22/04/2026;19
NAO ALIMENTO;38191;FIGURINHAS COPA DO MUNDO 2026;12;ATIVO;1000;0;0;0;22/04/2026;19
NAO ALIMENTO;38190;FIGURINHAS COPA DO MUNDO 2026;13;ATIVO;1000;0;0;0;22/04/2026;19
NAO ALIMENTO;38191;FIGURINHAS COPA DO MUNDO 2026;13;ATIVO;1000;0;0;0;22/04/2026;19
NAO ALIMENTO;38191;FIGURINHAS COPA DO MUNDO 2026;14;ATIVO;1000;0;0;0;22/04/2026;19
NAO ALIMENTO;38190;FIGURINHAS COPA DO MUNDO 2026;14;ATIVO;1000;0;0;0;22/04/2026;19
NAO ALIMENTO;38190;FIGURINHAS COPA DO MUNDO 2026;15;ATIVO;1000;0;0;0;22/04/2026;19
NAO ALIMENTO;38191;FIGURINHAS COPA DO MUNDO 2026;15;ATIVO;1000;0;0;0;22/04/2026;19
NAO ALIMENTO;38190;FIGURINHAS COPA DO MUNDO 2026;16;ATIVO;1000;0;0;0;22/04/2026;19
NAO ALIMENTO;38191;FIGURINHAS COPA DO MUNDO 2026;16;ATIVO;1000;0;0;0;22/04/2026;19
NAO ALIMENTO;38191;FIGURINHAS COPA DO MUNDO 2026;17;ATIVO;1000;0;0;0;22/04/2026;19
NAO ALIMENTO;38190;FIGURINHAS COPA DO MUNDO 2026;17;ATIVO;1000;0;0;0;22/04/2026;19
NAO ALIMENTO;38191;FIGURINHAS COPA DO MUNDO 2026;18;ATIVO;1000;0;0;0;22/04/2026;19
NAO ALIMENTO;38190;FIGURINHAS COPA DO MUNDO 2026;18;ATIVO;1000;0;0;0;22/04/2026;19
NAO ALIMENTO;38191;FIGURINHAS COPA DO MUNDO 2026;50;ATIVO;1000;0;0;0;22/04/2026;19
NAO ALIMENTO;38190;FIGURINHAS COPA DO MUNDO 2026;50;ATIVO;1000;0;0;0;22/04/2026;19
NAO ALIMENTO;38093;FORMA DESC AIR FRYER 50PCS 20X4 5CM;1;ATIVO;1;0;10;0;14/04/2026;27
NAO ALIMENTO;38093;FORMA DESC AIR FRYER 50PCS 20X4 5CM;2;ATIVO;1;0;30;0;14/04/2026;27
NAO ALIMENTO;38093;FORMA DESC AIR FRYER 50PCS 20X4 5CM;3;ATIVO;1;37;0;0;14/04/2026;27
NAO ALIMENTO;38093;FORMA DESC AIR FRYER 50PCS 20X4 5CM;4;ATIVO;1;10;0;0;14/04/2026;27
NAO ALIMENTO;38093;FORMA DESC AIR FRYER 50PCS 20X4 5CM;5;ATIVO;1;10;0;0;14/04/2026;27
NAO ALIMENTO;38093;FORMA DESC AIR FRYER 50PCS 20X4 5CM;6;ATIVO;1;20;0;0;14/04/2026;27
NAO ALIMENTO;38093;FORMA DESC AIR FRYER 50PCS 20X4 5CM;7;ATIVO;1;0;20;0;14/04/2026;27
NAO ALIMENTO;38093;FORMA DESC AIR FRYER 50PCS 20X4 5CM;8;ATIVO;1;20;0;0;14/04/2026;27
NAO ALIMENTO;38093;FORMA DESC AIR FRYER 50PCS 20X4 5CM;11;ATIVO;1;0;30;0;14/04/2026;27
NAO ALIMENTO;38093;FORMA DESC AIR FRYER 50PCS 20X4 5CM;12;ATIVO;1;0;30;0;14/04/2026;27
NAO ALIMENTO;38093;FORMA DESC AIR FRYER 50PCS 20X4 5CM;13;ATIVO;1;-2;30;0;14/04/2026;27
NAO ALIMENTO;38093;FORMA DESC AIR FRYER 50PCS 20X4 5CM;14;ATIVO;1;0;20;0;14/04/2026;27
NAO ALIMENTO;38093;FORMA DESC AIR FRYER 50PCS 20X4 5CM;15;ATIVO;1;0;0;0;14/04/2026;27
NAO ALIMENTO;38093;FORMA DESC AIR FRYER 50PCS 20X4 5CM;16;ATIVO;1;0;0;0;14/04/2026;27
NAO ALIMENTO;38093;FORMA DESC AIR FRYER 50PCS 20X4 5CM;17;ATIVO;1;0;10;0;14/04/2026;27
NAO ALIMENTO;38093;FORMA DESC AIR FRYER 50PCS 20X4 5CM;18;ATIVO;1;-1;20;0;14/04/2026;27
NAO ALIMENTO;38093;FORMA DESC AIR FRYER 50PCS 20X4 5CM;50;ATIVO;1;0;0;0;14/04/2026;27
NAO ALIMENTO;38108;FORMA PAPEL N4 PRETA C 100;1;ATIVO;1;0;0;0;15/04/2026;26
NAO ALIMENTO;38108;FORMA PAPEL N4 PRETA C 100;2;ATIVO;1;0;0;0;15/04/2026;26
NAO ALIMENTO;38108;FORMA PAPEL N4 PRETA C 100;3;ATIVO;1;0;0;0;15/04/2026;26
NAO ALIMENTO;38108;FORMA PAPEL N4 PRETA C 100;4;ATIVO;1;0;0;0;15/04/2026;26
NAO ALIMENTO;38108;FORMA PAPEL N4 PRETA C 100;5;ATIVO;1;0;0;0;15/04/2026;26
NAO ALIMENTO;38108;FORMA PAPEL N4 PRETA C 100;6;ATIVO;1;0;0;0;15/04/2026;26
NAO ALIMENTO;38108;FORMA PAPEL N4 PRETA C 100;7;ATIVO;1;0;0;0;15/04/2026;26
NAO ALIMENTO;38108;FORMA PAPEL N4 PRETA C 100;8;ATIVO;1;0;0;0;15/04/2026;26
NAO ALIMENTO;38108;FORMA PAPEL N4 PRETA C 100;11;ATIVO;1;0;0;0;15/04/2026;26
NAO ALIMENTO;38108;FORMA PAPEL N4 PRETA C 100;12;ATIVO;1;0;0;0;15/04/2026;26
NAO ALIMENTO;38108;FORMA PAPEL N4 PRETA C 100;13;ATIVO;1;0;0;0;15/04/2026;26
NAO ALIMENTO;38108;FORMA PAPEL N4 PRETA C 100;14;ATIVO;1;0;0;0;15/04/2026;26
NAO ALIMENTO;38108;FORMA PAPEL N4 PRETA C 100;15;ATIVO;1;0;0;0;15/04/2026;26
NAO ALIMENTO;38108;FORMA PAPEL N4 PRETA C 100;16;ATIVO;1;0;0;0;15/04/2026;26
NAO ALIMENTO;38108;FORMA PAPEL N4 PRETA C 100;17;ATIVO;1;0;0;0;15/04/2026;26
NAO ALIMENTO;38108;FORMA PAPEL N4 PRETA C 100;18;ATIVO;1;0;0;0;15/04/2026;26
NAO ALIMENTO;38108;FORMA PAPEL N4 PRETA C 100;50;ATIVO;1;0;0;0;15/04/2026;26
NAO ALIMENTO;38369;FUNDO POA PINK BCO N 9 C 100;1;ATIVO;1;0;0;0;08/05/2026;3
NAO ALIMENTO;38369;FUNDO POA PINK BCO N 9 C 100;2;ATIVO;1;0;0;0;08/05/2026;3
NAO ALIMENTO;38369;FUNDO POA PINK BCO N 9 C 100;3;ATIVO;1;0;0;0;08/05/2026;3
NAO ALIMENTO;38369;FUNDO POA PINK BCO N 9 C 100;4;ATIVO;1;0;0;0;08/05/2026;3
NAO ALIMENTO;38369;FUNDO POA PINK BCO N 9 C 100;5;ATIVO;1;0;0;0;08/05/2026;3
NAO ALIMENTO;38369;FUNDO POA PINK BCO N 9 C 100;6;ATIVO;1;0;0;0;08/05/2026;3
NAO ALIMENTO;38369;FUNDO POA PINK BCO N 9 C 100;7;ATIVO;1;0;0;0;08/05/2026;3
NAO ALIMENTO;38369;FUNDO POA PINK BCO N 9 C 100;8;ATIVO;1;0;0;0;08/05/2026;3
NAO ALIMENTO;38369;FUNDO POA PINK BCO N 9 C 100;11;ATIVO;1;0;0;0;08/05/2026;3
NAO ALIMENTO;38369;FUNDO POA PINK BCO N 9 C 100;12;ATIVO;1;0;0;0;08/05/2026;3
NAO ALIMENTO;38369;FUNDO POA PINK BCO N 9 C 100;13;ATIVO;1;0;0;0;08/05/2026;3
NAO ALIMENTO;38369;FUNDO POA PINK BCO N 9 C 100;14;ATIVO;1;0;0;0;08/05/2026;3
NAO ALIMENTO;38369;FUNDO POA PINK BCO N 9 C 100;15;ATIVO;1;0;0;0;08/05/2026;3
NAO ALIMENTO;38369;FUNDO POA PINK BCO N 9 C 100;16;ATIVO;1;0;0;0;08/05/2026;3
NAO ALIMENTO;38369;FUNDO POA PINK BCO N 9 C 100;17;ATIVO;1;0;0;0;08/05/2026;3
NAO ALIMENTO;38369;FUNDO POA PINK BCO N 9 C 100;18;ATIVO;1;0;0;0;08/05/2026;3
NAO ALIMENTO;38369;FUNDO POA PINK BCO N 9 C 100;50;ATIVO;1;0;0;0;08/05/2026;3
NAO ALIMENTO;38104;FUNDO POA VERM BCO N 9 C 100;1;ATIVO;1;0;0;0;14/04/2026;27
NAO ALIMENTO;38104;FUNDO POA VERM BCO N 9 C 100;2;ATIVO;1;0;0;0;14/04/2026;27
NAO ALIMENTO;38104;FUNDO POA VERM BCO N 9 C 100;3;ATIVO;1;0;0;0;14/04/2026;27
NAO ALIMENTO;38104;FUNDO POA VERM BCO N 9 C 100;4;ATIVO;1;0;0;0;14/04/2026;27
NAO ALIMENTO;38104;FUNDO POA VERM BCO N 9 C 100;5;ATIVO;1;0;0;0;14/04/2026;27
NAO ALIMENTO;38104;FUNDO POA VERM BCO N 9 C 100;6;ATIVO;1;0;0;0;14/04/2026;27
NAO ALIMENTO;38104;FUNDO POA VERM BCO N 9 C 100;7;ATIVO;1;0;0;0;14/04/2026;27
NAO ALIMENTO;38104;FUNDO POA VERM BCO N 9 C 100;8;ATIVO;1;0;0;0;14/04/2026;27
NAO ALIMENTO;38104;FUNDO POA VERM BCO N 9 C 100;11;ATIVO;1;0;0;0;14/04/2026;27
NAO ALIMENTO;38104;FUNDO POA VERM BCO N 9 C 100;12;ATIVO;1;0;0;0;14/04/2026;27
NAO ALIMENTO;38104;FUNDO POA VERM BCO N 9 C 100;13;ATIVO;1;0;0;0;14/04/2026;27
NAO ALIMENTO;38104;FUNDO POA VERM BCO N 9 C 100;14;ATIVO;1;0;0;0;14/04/2026;27
NAO ALIMENTO;38104;FUNDO POA VERM BCO N 9 C 100;15;ATIVO;1;0;0;0;14/04/2026;27
NAO ALIMENTO;38104;FUNDO POA VERM BCO N 9 C 100;16;ATIVO;1;0;0;0;14/04/2026;27
NAO ALIMENTO;38104;FUNDO POA VERM BCO N 9 C 100;17;ATIVO;1;0;0;0;14/04/2026;27
NAO ALIMENTO;38104;FUNDO POA VERM BCO N 9 C 100;18;ATIVO;1;0;0;0;14/04/2026;27
NAO ALIMENTO;38104;FUNDO POA VERM BCO N 9 C 100;50;ATIVO;1;0;0;0;14/04/2026;27
NAO ALIMENTO;38180;FUNDO REND BRINK FEST RSA 7CM C100;1;ATIVO;1;0;0;0;22/04/2026;19
NAO ALIMENTO;38180;FUNDO REND BRINK FEST RSA 7CM C100;2;ATIVO;1;0;0;0;22/04/2026;19
NAO ALIMENTO;38180;FUNDO REND BRINK FEST RSA 7CM C100;3;ATIVO;1;0;0;0;22/04/2026;19
NAO ALIMENTO;38180;FUNDO REND BRINK FEST RSA 7CM C100;4;ATIVO;1;0;0;0;22/04/2026;19
NAO ALIMENTO;38180;FUNDO REND BRINK FEST RSA 7CM C100;5;ATIVO;1;0;0;0;22/04/2026;19
NAO ALIMENTO;38180;FUNDO REND BRINK FEST RSA 7CM C100;6;ATIVO;1;0;0;0;22/04/2026;19
NAO ALIMENTO;38180;FUNDO REND BRINK FEST RSA 7CM C100;7;ATIVO;1;0;0;0;22/04/2026;19
NAO ALIMENTO;38180;FUNDO REND BRINK FEST RSA 7CM C100;8;ATIVO;1;0;0;0;22/04/2026;19
NAO ALIMENTO;38180;FUNDO REND BRINK FEST RSA 7CM C100;11;ATIVO;1;0;0;0;22/04/2026;19
NAO ALIMENTO;38180;FUNDO REND BRINK FEST RSA 7CM C100;12;ATIVO;1;0;0;0;22/04/2026;19
NAO ALIMENTO;38180;FUNDO REND BRINK FEST RSA 7CM C100;13;ATIVO;1;0;0;0;22/04/2026;19
NAO ALIMENTO;38180;FUNDO REND BRINK FEST RSA 7CM C100;14;ATIVO;1;0;0;0;22/04/2026;19
NAO ALIMENTO;38180;FUNDO REND BRINK FEST RSA 7CM C100;15;ATIVO;1;0;0;0;22/04/2026;19
NAO ALIMENTO;38180;FUNDO REND BRINK FEST RSA 7CM C100;16;ATIVO;1;0;0;0;22/04/2026;19
NAO ALIMENTO;38180;FUNDO REND BRINK FEST RSA 7CM C100;17;ATIVO;1;0;0;0;22/04/2026;19
NAO ALIMENTO;38180;FUNDO REND BRINK FEST RSA 7CM C100;18;ATIVO;1;0;0;0;22/04/2026;19
NAO ALIMENTO;38180;FUNDO REND BRINK FEST RSA 7CM C100;50;ATIVO;1;0;0;0;22/04/2026;19
NAO ALIMENTO;38131;GARFO DESC AMARELO DU DIGO C 10;1;ATIVO;20;0;0;0;15/04/2026;26
NAO ALIMENTO;38131;GARFO DESC AMARELO DU DIGO C 10;2;ATIVO;20;0;80;0;15/04/2026;26
NAO ALIMENTO;38131;GARFO DESC AMARELO DU DIGO C 10;3;ATIVO;20;0;120;0;15/04/2026;26
NAO ALIMENTO;38131;GARFO DESC AMARELO DU DIGO C 10;4;ATIVO;20;0;40;0;15/04/2026;26
NAO ALIMENTO;38131;GARFO DESC AMARELO DU DIGO C 10;5;ATIVO;20;0;60;0;15/04/2026;26
NAO ALIMENTO;38131;GARFO DESC AMARELO DU DIGO C 10;6;ATIVO;20;0;80;0;15/04/2026;26
NAO ALIMENTO;38131;GARFO DESC AMARELO DU DIGO C 10;7;ATIVO;20;0;80;0;15/04/2026;26
NAO ALIMENTO;38131;GARFO DESC AMARELO DU DIGO C 10;8;ATIVO;20;0;60;0;15/04/2026;26
NAO ALIMENTO;38131;GARFO DESC AMARELO DU DIGO C 10;11;ATIVO;20;0;80;0;15/04/2026;26
NAO ALIMENTO;38131;GARFO DESC AMARELO DU DIGO C 10;12;ATIVO;20;0;80;0;15/04/2026;26
NAO ALIMENTO;38131;GARFO DESC AMARELO DU DIGO C 10;13;ATIVO;20;0;80;0;15/04/2026;26
NAO ALIMENTO;38131;GARFO DESC AMARELO DU DIGO C 10;14;ATIVO;20;0;60;0;15/04/2026;26
NAO ALIMENTO;38131;GARFO DESC AMARELO DU DIGO C 10;15;ATIVO;20;0;0;0;15/04/2026;26
NAO ALIMENTO;38131;GARFO DESC AMARELO DU DIGO C 10;16;ATIVO;20;0;0;0;15/04/2026;26
NAO ALIMENTO;38131;GARFO DESC AMARELO DU DIGO C 10;17;ATIVO;20;0;60;0;15/04/2026;26
NAO ALIMENTO;38131;GARFO DESC AMARELO DU DIGO C 10;18;ATIVO;20;0;80;0;15/04/2026;26
NAO ALIMENTO;38131;GARFO DESC AMARELO DU DIGO C 10;50;ATIVO;20;0;0;0;15/04/2026;26
NAO ALIMENTO;38130;GARFO DESC AZUL DU DIGO C 10;1;ATIVO;20;0;80;0;15/04/2026;26
NAO ALIMENTO;38130;GARFO DESC AZUL DU DIGO C 10;2;ATIVO;20;0;80;0;15/04/2026;26
NAO ALIMENTO;38130;GARFO DESC AZUL DU DIGO C 10;3;ATIVO;20;0;120;0;15/04/2026;26
NAO ALIMENTO;38130;GARFO DESC AZUL DU DIGO C 10;4;ATIVO;20;0;80;0;15/04/2026;26
NAO ALIMENTO;38130;GARFO DESC AZUL DU DIGO C 10;5;ATIVO;20;0;80;0;15/04/2026;26
NAO ALIMENTO;38130;GARFO DESC AZUL DU DIGO C 10;6;ATIVO;20;0;80;0;15/04/2026;26
NAO ALIMENTO;38130;GARFO DESC AZUL DU DIGO C 10;7;ATIVO;20;0;80;0;15/04/2026;26
NAO ALIMENTO;38130;GARFO DESC AZUL DU DIGO C 10;8;ATIVO;20;0;80;0;15/04/2026;26
NAO ALIMENTO;38130;GARFO DESC AZUL DU DIGO C 10;11;ATIVO;20;0;80;0;15/04/2026;26
NAO ALIMENTO;38130;GARFO DESC AZUL DU DIGO C 10;12;ATIVO;20;0;80;0;15/04/2026;26
NAO ALIMENTO;38130;GARFO DESC AZUL DU DIGO C 10;13;ATIVO;20;0;80;0;15/04/2026;26
NAO ALIMENTO;38130;GARFO DESC AZUL DU DIGO C 10;14;ATIVO;20;0;60;0;15/04/2026;26
NAO ALIMENTO;38130;GARFO DESC AZUL DU DIGO C 10;15;ATIVO;20;0;0;0;15/04/2026;26
NAO ALIMENTO;38130;GARFO DESC AZUL DU DIGO C 10;16;ATIVO;20;0;0;0;15/04/2026;26
NAO ALIMENTO;38130;GARFO DESC AZUL DU DIGO C 10;17;ATIVO;20;0;60;0;15/04/2026;26
NAO ALIMENTO;38130;GARFO DESC AZUL DU DIGO C 10;18;ATIVO;20;0;80;0;15/04/2026;26
NAO ALIMENTO;38130;GARFO DESC AZUL DU DIGO C 10;50;ATIVO;20;0;0;0;15/04/2026;26
NAO ALIMENTO;38128;GARFO DESC DOURADO DU DIGO C 10;1;ATIVO;20;0;40;0;15/04/2026;26
NAO ALIMENTO;38128;GARFO DESC DOURADO DU DIGO C 10;2;ATIVO;20;0;80;0;15/04/2026;26
NAO ALIMENTO;38128;GARFO DESC DOURADO DU DIGO C 10;3;ATIVO;20;0;120;0;15/04/2026;26
NAO ALIMENTO;38128;GARFO DESC DOURADO DU DIGO C 10;4;ATIVO;20;0;40;0;15/04/2026;26
NAO ALIMENTO;38128;GARFO DESC DOURADO DU DIGO C 10;5;ATIVO;20;0;40;0;15/04/2026;26
NAO ALIMENTO;38128;GARFO DESC DOURADO DU DIGO C 10;6;ATIVO;20;0;80;0;15/04/2026;26
NAO ALIMENTO;38128;GARFO DESC DOURADO DU DIGO C 10;7;ATIVO;20;0;80;0;15/04/2026;26
NAO ALIMENTO;38128;GARFO DESC DOURADO DU DIGO C 10;8;ATIVO;20;0;60;0;15/04/2026;26
NAO ALIMENTO;38128;GARFO DESC DOURADO DU DIGO C 10;11;ATIVO;20;0;80;0;15/04/2026;26
NAO ALIMENTO;38128;GARFO DESC DOURADO DU DIGO C 10;12;ATIVO;20;0;80;0;15/04/2026;26
NAO ALIMENTO;38128;GARFO DESC DOURADO DU DIGO C 10;13;ATIVO;20;0;80;0;15/04/2026;26
NAO ALIMENTO;38128;GARFO DESC DOURADO DU DIGO C 10;14;ATIVO;20;0;60;0;15/04/2026;26
NAO ALIMENTO;38128;GARFO DESC DOURADO DU DIGO C 10;15;ATIVO;20;0;0;0;15/04/2026;26
NAO ALIMENTO;38128;GARFO DESC DOURADO DU DIGO C 10;16;ATIVO;20;0;0;0;15/04/2026;26
NAO ALIMENTO;38128;GARFO DESC DOURADO DU DIGO C 10;17;ATIVO;20;0;60;0;15/04/2026;26
NAO ALIMENTO;38128;GARFO DESC DOURADO DU DIGO C 10;18;ATIVO;20;0;80;0;15/04/2026;26
NAO ALIMENTO;38128;GARFO DESC DOURADO DU DIGO C 10;50;ATIVO;20;0;0;0;15/04/2026;26
NAO ALIMENTO;38127;GARFO DESC PRATA DU DIGO C 10;1;ATIVO;20;0;0;0;15/04/2026;26
NAO ALIMENTO;38125;GARFO DESC PRATA DU DIGO C 10;1;ATIVO;20;0;40;0;15/04/2026;26
NAO ALIMENTO;38127;GARFO DESC PRATA DU DIGO C 10;2;ATIVO;20;0;0;0;15/04/2026;26
NAO ALIMENTO;38125;GARFO DESC PRATA DU DIGO C 10;2;ATIVO;20;0;80;0;15/04/2026;26
NAO ALIMENTO;38125;GARFO DESC PRATA DU DIGO C 10;3;ATIVO;20;0;120;0;15/04/2026;26
NAO ALIMENTO;38127;GARFO DESC PRATA DU DIGO C 10;3;ATIVO;20;0;0;0;15/04/2026;26
NAO ALIMENTO;38127;GARFO DESC PRATA DU DIGO C 10;4;ATIVO;20;0;0;0;15/04/2026;26
NAO ALIMENTO;38125;GARFO DESC PRATA DU DIGO C 10;4;ATIVO;20;0;40;0;15/04/2026;26
NAO ALIMENTO;38125;GARFO DESC PRATA DU DIGO C 10;5;ATIVO;20;0;40;0;15/04/2026;26
NAO ALIMENTO;38127;GARFO DESC PRATA DU DIGO C 10;5;ATIVO;20;0;0;0;15/04/2026;26
NAO ALIMENTO;38125;GARFO DESC PRATA DU DIGO C 10;6;ATIVO;20;0;80;0;15/04/2026;26
NAO ALIMENTO;38127;GARFO DESC PRATA DU DIGO C 10;6;ATIVO;20;0;0;0;15/04/2026;26
NAO ALIMENTO;38125;GARFO DESC PRATA DU DIGO C 10;7;ATIVO;20;0;80;0;15/04/2026;26
NAO ALIMENTO;38127;GARFO DESC PRATA DU DIGO C 10;7;ATIVO;20;0;0;0;15/04/2026;26
NAO ALIMENTO;38127;GARFO DESC PRATA DU DIGO C 10;8;ATIVO;20;0;0;0;15/04/2026;26
NAO ALIMENTO;38125;GARFO DESC PRATA DU DIGO C 10;8;ATIVO;20;0;60;0;15/04/2026;26
NAO ALIMENTO;38127;GARFO DESC PRATA DU DIGO C 10;11;ATIVO;20;0;0;0;15/04/2026;26
NAO ALIMENTO;38125;GARFO DESC PRATA DU DIGO C 10;11;ATIVO;20;0;80;0;15/04/2026;26
NAO ALIMENTO;38127;GARFO DESC PRATA DU DIGO C 10;12;ATIVO;20;0;0;0;15/04/2026;26
NAO ALIMENTO;38125;GARFO DESC PRATA DU DIGO C 10;12;ATIVO;20;0;80;0;15/04/2026;26
NAO ALIMENTO;38127;GARFO DESC PRATA DU DIGO C 10;13;ATIVO;20;0;0;0;15/04/2026;26
NAO ALIMENTO;38125;GARFO DESC PRATA DU DIGO C 10;13;ATIVO;20;0;80;0;15/04/2026;26
NAO ALIMENTO;38127;GARFO DESC PRATA DU DIGO C 10;14;ATIVO;20;0;0;0;15/04/2026;26
NAO ALIMENTO;38125;GARFO DESC PRATA DU DIGO C 10;14;ATIVO;20;0;60;0;15/04/2026;26
NAO ALIMENTO;38125;GARFO DESC PRATA DU DIGO C 10;15;ATIVO;20;0;0;0;15/04/2026;26
NAO ALIMENTO;38127;GARFO DESC PRATA DU DIGO C 10;15;ATIVO;20;0;0;0;15/04/2026;26
NAO ALIMENTO;38127;GARFO DESC PRATA DU DIGO C 10;16;ATIVO;20;0;0;0;15/04/2026;26
NAO ALIMENTO;38125;GARFO DESC PRATA DU DIGO C 10;16;ATIVO;20;0;0;0;15/04/2026;26
NAO ALIMENTO;38125;GARFO DESC PRATA DU DIGO C 10;17;ATIVO;20;0;60;0;15/04/2026;26
NAO ALIMENTO;38127;GARFO DESC PRATA DU DIGO C 10;17;ATIVO;20;0;0;0;15/04/2026;26
NAO ALIMENTO;38127;GARFO DESC PRATA DU DIGO C 10;18;ATIVO;20;0;0;0;15/04/2026;26
NAO ALIMENTO;38125;GARFO DESC PRATA DU DIGO C 10;18;ATIVO;20;0;80;0;15/04/2026;26
NAO ALIMENTO;38127;GARFO DESC PRATA DU DIGO C 10;50;ATIVO;20;0;0;0;15/04/2026;26
NAO ALIMENTO;38125;GARFO DESC PRATA DU DIGO C 10;50;ATIVO;20;0;0;0;15/04/2026;26
NAO ALIMENTO;38121;GARFO DESC ROSA DU DIGO C 10;1;ATIVO;20;0;0;0;15/04/2026;26
NAO ALIMENTO;38118;GARFO DESC ROSA DU DIGO C 10;1;ATIVO;20;0;80;0;15/04/2026;26
NAO ALIMENTO;38118;GARFO DESC ROSA DU DIGO C 10;2;ATIVO;20;0;80;0;15/04/2026;26
NAO ALIMENTO;38121;GARFO DESC ROSA DU DIGO C 10;2;ATIVO;20;0;0;0;15/04/2026;26
NAO ALIMENTO;38121;GARFO DESC ROSA DU DIGO C 10;3;ATIVO;20;0;0;0;15/04/2026;26
NAO ALIMENTO;38118;GARFO DESC ROSA DU DIGO C 10;3;ATIVO;20;0;120;0;15/04/2026;26
NAO ALIMENTO;38121;GARFO DESC ROSA DU DIGO C 10;4;ATIVO;20;0;0;0;15/04/2026;26
NAO ALIMENTO;38118;GARFO DESC ROSA DU DIGO C 10;4;ATIVO;20;0;80;0;15/04/2026;26
NAO ALIMENTO;38118;GARFO DESC ROSA DU DIGO C 10;5;ATIVO;20;0;80;0;15/04/2026;26
NAO ALIMENTO;38121;GARFO DESC ROSA DU DIGO C 10;5;ATIVO;20;0;0;0;15/04/2026;26
NAO ALIMENTO;38118;GARFO DESC ROSA DU DIGO C 10;6;ATIVO;20;0;80;0;15/04/2026;26
NAO ALIMENTO;38121;GARFO DESC ROSA DU DIGO C 10;6;ATIVO;20;0;0;0;15/04/2026;26
NAO ALIMENTO;38121;GARFO DESC ROSA DU DIGO C 10;7;ATIVO;20;0;0;0;15/04/2026;26
NAO ALIMENTO;38118;GARFO DESC ROSA DU DIGO C 10;7;ATIVO;20;0;80;0;15/04/2026;26
NAO ALIMENTO;38121;GARFO DESC ROSA DU DIGO C 10;8;ATIVO;20;0;0;0;15/04/2026;26
NAO ALIMENTO;38118;GARFO DESC ROSA DU DIGO C 10;8;ATIVO;20;0;80;0;15/04/2026;26
NAO ALIMENTO;38118;GARFO DESC ROSA DU DIGO C 10;11;ATIVO;20;0;80;0;15/04/2026;26
NAO ALIMENTO;38121;GARFO DESC ROSA DU DIGO C 10;11;ATIVO;20;0;0;0;15/04/2026;26
NAO ALIMENTO;38121;GARFO DESC ROSA DU DIGO C 10;12;ATIVO;20;0;0;0;15/04/2026;26
NAO ALIMENTO;38118;GARFO DESC ROSA DU DIGO C 10;12;ATIVO;20;0;80;0;15/04/2026;26
NAO ALIMENTO;38118;GARFO DESC ROSA DU DIGO C 10;13;ATIVO;20;0;80;0;15/04/2026;26
NAO ALIMENTO;38121;GARFO DESC ROSA DU DIGO C 10;13;ATIVO;20;0;0;0;15/04/2026;26
NAO ALIMENTO;38118;GARFO DESC ROSA DU DIGO C 10;14;ATIVO;20;0;60;0;15/04/2026;26
NAO ALIMENTO;38121;GARFO DESC ROSA DU DIGO C 10;14;ATIVO;20;0;0;0;15/04/2026;26
NAO ALIMENTO;38121;GARFO DESC ROSA DU DIGO C 10;15;ATIVO;20;0;0;0;15/04/2026;26
NAO ALIMENTO;38118;GARFO DESC ROSA DU DIGO C 10;15;ATIVO;20;0;0;0;15/04/2026;26
NAO ALIMENTO;38121;GARFO DESC ROSA DU DIGO C 10;16;ATIVO;20;0;0;0;15/04/2026;26
NAO ALIMENTO;38118;GARFO DESC ROSA DU DIGO C 10;16;ATIVO;20;0;0;0;15/04/2026;26
NAO ALIMENTO;38118;GARFO DESC ROSA DU DIGO C 10;17;ATIVO;20;0;60;0;15/04/2026;26
NAO ALIMENTO;38121;GARFO DESC ROSA DU DIGO C 10;17;ATIVO;20;0;0;0;15/04/2026;26
NAO ALIMENTO;38118;GARFO DESC ROSA DU DIGO C 10;18;ATIVO;20;0;80;0;15/04/2026;26
NAO ALIMENTO;38121;GARFO DESC ROSA DU DIGO C 10;18;ATIVO;20;0;0;0;15/04/2026;26
NAO ALIMENTO;38118;GARFO DESC ROSA DU DIGO C 10;50;ATIVO;20;0;0;0;15/04/2026;26
NAO ALIMENTO;38121;GARFO DESC ROSA DU DIGO C 10;50;ATIVO;20;0;0;0;15/04/2026;26
NAO ALIMENTO;38123;GARFO DESC VERDE DU DIGO C 10;1;ATIVO;20;0;0;0;15/04/2026;26
NAO ALIMENTO;38123;GARFO DESC VERDE DU DIGO C 10;2;ATIVO;20;0;80;0;15/04/2026;26
NAO ALIMENTO;38123;GARFO DESC VERDE DU DIGO C 10;3;ATIVO;20;0;120;0;15/04/2026;26
NAO ALIMENTO;38123;GARFO DESC VERDE DU DIGO C 10;4;ATIVO;20;0;40;0;15/04/2026;26
NAO ALIMENTO;38123;GARFO DESC VERDE DU DIGO C 10;5;ATIVO;20;0;40;0;15/04/2026;26
NAO ALIMENTO;38123;GARFO DESC VERDE DU DIGO C 10;6;ATIVO;20;0;80;0;15/04/2026;26
NAO ALIMENTO;38123;GARFO DESC VERDE DU DIGO C 10;7;ATIVO;20;0;80;0;15/04/2026;26
NAO ALIMENTO;38123;GARFO DESC VERDE DU DIGO C 10;8;ATIVO;20;0;60;0;15/04/2026;26
NAO ALIMENTO;38123;GARFO DESC VERDE DU DIGO C 10;11;ATIVO;20;0;80;0;15/04/2026;26
NAO ALIMENTO;38123;GARFO DESC VERDE DU DIGO C 10;12;ATIVO;20;0;80;0;15/04/2026;26
NAO ALIMENTO;38123;GARFO DESC VERDE DU DIGO C 10;13;ATIVO;20;0;80;0;15/04/2026;26
NAO ALIMENTO;38123;GARFO DESC VERDE DU DIGO C 10;14;ATIVO;20;0;60;0;15/04/2026;26
NAO ALIMENTO;38123;GARFO DESC VERDE DU DIGO C 10;15;ATIVO;20;0;0;0;15/04/2026;26
NAO ALIMENTO;38123;GARFO DESC VERDE DU DIGO C 10;16;ATIVO;20;0;0;0;15/04/2026;26
NAO ALIMENTO;38123;GARFO DESC VERDE DU DIGO C 10;17;ATIVO;20;0;60;0;15/04/2026;26
NAO ALIMENTO;38123;GARFO DESC VERDE DU DIGO C 10;18;ATIVO;20;0;80;0;15/04/2026;26
NAO ALIMENTO;38123;GARFO DESC VERDE DU DIGO C 10;50;ATIVO;20;0;0;0;15/04/2026;26
NAO ALIMENTO;38112;GARFO DESC VERMELHO DU DIGO C10;1;ATIVO;20;0;0;0;15/04/2026;26
NAO ALIMENTO;38112;GARFO DESC VERMELHO DU DIGO C10;2;ATIVO;20;0;80;0;15/04/2026;26
NAO ALIMENTO;38112;GARFO DESC VERMELHO DU DIGO C10;3;ATIVO;20;0;120;0;15/04/2026;26
NAO ALIMENTO;38112;GARFO DESC VERMELHO DU DIGO C10;4;ATIVO;20;0;40;0;15/04/2026;26
NAO ALIMENTO;38112;GARFO DESC VERMELHO DU DIGO C10;5;ATIVO;20;0;40;0;15/04/2026;26
NAO ALIMENTO;38112;GARFO DESC VERMELHO DU DIGO C10;6;ATIVO;20;0;80;0;15/04/2026;26
NAO ALIMENTO;38112;GARFO DESC VERMELHO DU DIGO C10;7;ATIVO;20;0;80;0;15/04/2026;26
NAO ALIMENTO;38112;GARFO DESC VERMELHO DU DIGO C10;8;ATIVO;20;0;60;0;15/04/2026;26
NAO ALIMENTO;38112;GARFO DESC VERMELHO DU DIGO C10;11;ATIVO;20;0;80;0;15/04/2026;26
NAO ALIMENTO;38112;GARFO DESC VERMELHO DU DIGO C10;12;ATIVO;20;0;80;0;15/04/2026;26
NAO ALIMENTO;38112;GARFO DESC VERMELHO DU DIGO C10;13;ATIVO;20;0;80;0;15/04/2026;26
NAO ALIMENTO;38112;GARFO DESC VERMELHO DU DIGO C10;14;ATIVO;20;0;60;0;15/04/2026;26
NAO ALIMENTO;38112;GARFO DESC VERMELHO DU DIGO C10;15;ATIVO;20;0;0;0;15/04/2026;26
NAO ALIMENTO;38112;GARFO DESC VERMELHO DU DIGO C10;16;ATIVO;20;0;0;0;15/04/2026;26
NAO ALIMENTO;38112;GARFO DESC VERMELHO DU DIGO C10;17;ATIVO;20;0;60;0;15/04/2026;26
NAO ALIMENTO;38112;GARFO DESC VERMELHO DU DIGO C10;18;ATIVO;20;0;80;0;15/04/2026;26
NAO ALIMENTO;38112;GARFO DESC VERMELHO DU DIGO C10;50;ATIVO;20;0;0;0;15/04/2026;26
NAO ALIMENTO;38214;GARFO SOBREMESA FORFEST AZUL ESCURO;1;ATIVO;1;0;0;0;23/04/2026;18
NAO ALIMENTO;38214;GARFO SOBREMESA FORFEST AZUL ESCURO;2;ATIVO;1;0;0;0;23/04/2026;18
NAO ALIMENTO;38214;GARFO SOBREMESA FORFEST AZUL ESCURO;3;ATIVO;1;0;0;0;23/04/2026;18
NAO ALIMENTO;38214;GARFO SOBREMESA FORFEST AZUL ESCURO;4;ATIVO;1;0;0;0;23/04/2026;18
NAO ALIMENTO;38214;GARFO SOBREMESA FORFEST AZUL ESCURO;5;ATIVO;1;0;0;0;23/04/2026;18
NAO ALIMENTO;38214;GARFO SOBREMESA FORFEST AZUL ESCURO;6;ATIVO;1;0;0;0;23/04/2026;18
NAO ALIMENTO;38214;GARFO SOBREMESA FORFEST AZUL ESCURO;7;ATIVO;1;0;0;0;23/04/2026;18
NAO ALIMENTO;38214;GARFO SOBREMESA FORFEST AZUL ESCURO;8;ATIVO;1;0;0;0;23/04/2026;18
NAO ALIMENTO;38214;GARFO SOBREMESA FORFEST AZUL ESCURO;11;ATIVO;1;0;0;0;23/04/2026;18
NAO ALIMENTO;38214;GARFO SOBREMESA FORFEST AZUL ESCURO;12;ATIVO;1;0;0;0;23/04/2026;18
NAO ALIMENTO;38214;GARFO SOBREMESA FORFEST AZUL ESCURO;13;ATIVO;1;0;0;0;23/04/2026;18
NAO ALIMENTO;38214;GARFO SOBREMESA FORFEST AZUL ESCURO;14;ATIVO;1;0;0;0;23/04/2026;18
NAO ALIMENTO;38214;GARFO SOBREMESA FORFEST AZUL ESCURO;15;ATIVO;1;0;0;0;23/04/2026;18
NAO ALIMENTO;38214;GARFO SOBREMESA FORFEST AZUL ESCURO;16;ATIVO;1;0;0;0;23/04/2026;18
NAO ALIMENTO;38214;GARFO SOBREMESA FORFEST AZUL ESCURO;17;ATIVO;1;0;0;0;23/04/2026;18
NAO ALIMENTO;38214;GARFO SOBREMESA FORFEST AZUL ESCURO;18;ATIVO;1;0;0;0;23/04/2026;18
NAO ALIMENTO;38214;GARFO SOBREMESA FORFEST AZUL ESCURO;50;ATIVO;1;0;0;0;23/04/2026;18
NAO ALIMENTO;38096;GARRAFA INFANTIL PLAST 600ML;1;ATIVO;1;0;10;0;14/04/2026;27
NAO ALIMENTO;38096;GARRAFA INFANTIL PLAST 600ML;2;ATIVO;1;-3;30;0;14/04/2026;27
NAO ALIMENTO;38096;GARRAFA INFANTIL PLAST 600ML;3;ATIVO;1;38;0;0;14/04/2026;27
NAO ALIMENTO;38096;GARRAFA INFANTIL PLAST 600ML;4;ATIVO;1;10;0;0;14/04/2026;27
NAO ALIMENTO;38096;GARRAFA INFANTIL PLAST 600ML;5;ATIVO;1;10;0;0;14/04/2026;27
NAO ALIMENTO;38096;GARRAFA INFANTIL PLAST 600ML;6;ATIVO;1;20;0;0;14/04/2026;27
NAO ALIMENTO;38096;GARRAFA INFANTIL PLAST 600ML;7;ATIVO;1;0;20;0;14/04/2026;27
NAO ALIMENTO;38096;GARRAFA INFANTIL PLAST 600ML;8;ATIVO;1;20;0;0;14/04/2026;27
NAO ALIMENTO;38096;GARRAFA INFANTIL PLAST 600ML;11;ATIVO;1;-3;30;0;14/04/2026;27
NAO ALIMENTO;38096;GARRAFA INFANTIL PLAST 600ML;12;ATIVO;1;-7;30;0;14/04/2026;27
NAO ALIMENTO;38096;GARRAFA INFANTIL PLAST 600ML;13;ATIVO;1;0;30;0;14/04/2026;27
NAO ALIMENTO;38096;GARRAFA INFANTIL PLAST 600ML;14;ATIVO;1;0;20;0;14/04/2026;27
NAO ALIMENTO;38096;GARRAFA INFANTIL PLAST 600ML;15;ATIVO;1;0;0;0;14/04/2026;27
NAO ALIMENTO;38096;GARRAFA INFANTIL PLAST 600ML;16;ATIVO;1;0;0;0;14/04/2026;27
NAO ALIMENTO;38096;GARRAFA INFANTIL PLAST 600ML;17;ATIVO;1;0;10;0;14/04/2026;27
NAO ALIMENTO;38096;GARRAFA INFANTIL PLAST 600ML;18;ATIVO;1;0;20;0;14/04/2026;27
NAO ALIMENTO;38096;GARRAFA INFANTIL PLAST 600ML;50;ATIVO;1;20;0;0;14/04/2026;27
NAO ALIMENTO;38374;GARRAFA LUDICA KUROMI 500ML;1;ATIVO;1;0;0;0;08/05/2026;3
NAO ALIMENTO;38374;GARRAFA LUDICA KUROMI 500ML;2;ATIVO;1;0;0;0;08/05/2026;3
NAO ALIMENTO;38374;GARRAFA LUDICA KUROMI 500ML;3;ATIVO;1;0;0;0;08/05/2026;3
NAO ALIMENTO;38374;GARRAFA LUDICA KUROMI 500ML;4;ATIVO;1;0;0;0;08/05/2026;3
NAO ALIMENTO;38374;GARRAFA LUDICA KUROMI 500ML;5;ATIVO;1;0;0;0;08/05/2026;3
NAO ALIMENTO;38374;GARRAFA LUDICA KUROMI 500ML;6;ATIVO;1;0;0;0;08/05/2026;3
NAO ALIMENTO;38374;GARRAFA LUDICA KUROMI 500ML;7;ATIVO;1;0;0;0;08/05/2026;3
NAO ALIMENTO;38374;GARRAFA LUDICA KUROMI 500ML;8;ATIVO;1;0;0;0;08/05/2026;3
NAO ALIMENTO;38374;GARRAFA LUDICA KUROMI 500ML;11;ATIVO;1;0;0;0;08/05/2026;3
NAO ALIMENTO;38374;GARRAFA LUDICA KUROMI 500ML;12;ATIVO;1;0;0;0;08/05/2026;3
NAO ALIMENTO;38374;GARRAFA LUDICA KUROMI 500ML;13;ATIVO;1;0;0;0;08/05/2026;3
NAO ALIMENTO;38374;GARRAFA LUDICA KUROMI 500ML;14;ATIVO;1;0;0;0;08/05/2026;3
NAO ALIMENTO;38374;GARRAFA LUDICA KUROMI 500ML;15;ATIVO;1;0;0;0;08/05/2026;3
NAO ALIMENTO;38374;GARRAFA LUDICA KUROMI 500ML;16;ATIVO;1;0;0;0;08/05/2026;3
NAO ALIMENTO;38374;GARRAFA LUDICA KUROMI 500ML;17;ATIVO;1;0;0;0;08/05/2026;3
NAO ALIMENTO;38374;GARRAFA LUDICA KUROMI 500ML;18;ATIVO;1;0;0;0;08/05/2026;3
NAO ALIMENTO;38374;GARRAFA LUDICA KUROMI 500ML;50;ATIVO;1;0;0;0;08/05/2026;3
NAO ALIMENTO;38382;GARRAFA RETRO COPA DO MUNDO 500ML;1;ATIVO;1;0;0;0;08/05/2026;3
NAO ALIMENTO;38382;GARRAFA RETRO COPA DO MUNDO 500ML;2;ATIVO;1;0;0;0;08/05/2026;3
NAO ALIMENTO;38382;GARRAFA RETRO COPA DO MUNDO 500ML;3;ATIVO;1;0;0;0;08/05/2026;3
NAO ALIMENTO;38382;GARRAFA RETRO COPA DO MUNDO 500ML;4;ATIVO;1;0;0;0;08/05/2026;3
NAO ALIMENTO;38382;GARRAFA RETRO COPA DO MUNDO 500ML;5;ATIVO;1;0;0;0;08/05/2026;3
NAO ALIMENTO;38382;GARRAFA RETRO COPA DO MUNDO 500ML;6;ATIVO;1;0;0;0;08/05/2026;3
NAO ALIMENTO;38382;GARRAFA RETRO COPA DO MUNDO 500ML;7;ATIVO;1;0;0;0;08/05/2026;3
NAO ALIMENTO;38382;GARRAFA RETRO COPA DO MUNDO 500ML;8;ATIVO;1;0;0;0;08/05/2026;3
NAO ALIMENTO;38382;GARRAFA RETRO COPA DO MUNDO 500ML;11;ATIVO;1;0;0;0;08/05/2026;3
NAO ALIMENTO;38382;GARRAFA RETRO COPA DO MUNDO 500ML;12;ATIVO;1;0;0;0;08/05/2026;3
NAO ALIMENTO;38382;GARRAFA RETRO COPA DO MUNDO 500ML;13;ATIVO;1;0;0;0;08/05/2026;3
NAO ALIMENTO;38382;GARRAFA RETRO COPA DO MUNDO 500ML;14;ATIVO;1;0;0;0;08/05/2026;3
NAO ALIMENTO;38382;GARRAFA RETRO COPA DO MUNDO 500ML;15;ATIVO;1;0;0;0;08/05/2026;3
NAO ALIMENTO;38382;GARRAFA RETRO COPA DO MUNDO 500ML;16;ATIVO;1;0;0;0;08/05/2026;3
NAO ALIMENTO;38382;GARRAFA RETRO COPA DO MUNDO 500ML;17;ATIVO;1;0;0;0;08/05/2026;3
NAO ALIMENTO;38382;GARRAFA RETRO COPA DO MUNDO 500ML;18;ATIVO;1;0;0;0;08/05/2026;3
NAO ALIMENTO;38382;GARRAFA RETRO COPA DO MUNDO 500ML;50;ATIVO;1;0;0;0;08/05/2026;3
NAO ALIMENTO;38086;GIZ CERA ACRILEX BIG C 6;1;ATIVO;1;0;0;0;14/04/2026;27
NAO ALIMENTO;38086;GIZ CERA ACRILEX BIG C 6;2;ATIVO;1;0;0;0;14/04/2026;27
NAO ALIMENTO;38086;GIZ CERA ACRILEX BIG C 6;3;ATIVO;1;0;0;0;14/04/2026;27
NAO ALIMENTO;38086;GIZ CERA ACRILEX BIG C 6;4;ATIVO;1;0;0;0;14/04/2026;27
NAO ALIMENTO;38086;GIZ CERA ACRILEX BIG C 6;5;ATIVO;1;0;0;0;14/04/2026;27
NAO ALIMENTO;38086;GIZ CERA ACRILEX BIG C 6;6;ATIVO;1;0;0;0;14/04/2026;27
NAO ALIMENTO;38086;GIZ CERA ACRILEX BIG C 6;7;ATIVO;1;0;0;0;14/04/2026;27
NAO ALIMENTO;38086;GIZ CERA ACRILEX BIG C 6;8;ATIVO;1;0;0;0;14/04/2026;27
NAO ALIMENTO;38086;GIZ CERA ACRILEX BIG C 6;11;ATIVO;1;0;0;0;14/04/2026;27
NAO ALIMENTO;38086;GIZ CERA ACRILEX BIG C 6;12;ATIVO;1;0;0;0;14/04/2026;27
NAO ALIMENTO;38086;GIZ CERA ACRILEX BIG C 6;13;ATIVO;1;0;0;0;14/04/2026;27
NAO ALIMENTO;38086;GIZ CERA ACRILEX BIG C 6;14;ATIVO;1;0;0;0;14/04/2026;27
NAO ALIMENTO;38086;GIZ CERA ACRILEX BIG C 6;15;ATIVO;1;0;0;0;14/04/2026;27
NAO ALIMENTO;38086;GIZ CERA ACRILEX BIG C 6;16;ATIVO;1;0;0;0;14/04/2026;27
NAO ALIMENTO;38086;GIZ CERA ACRILEX BIG C 6;17;ATIVO;1;0;0;0;14/04/2026;27
NAO ALIMENTO;38086;GIZ CERA ACRILEX BIG C 6;18;ATIVO;1;0;0;0;14/04/2026;27
NAO ALIMENTO;38086;GIZ CERA ACRILEX BIG C 6;50;ATIVO;1;0;0;0;14/04/2026;27
NAO ALIMENTO;38186;GIZ ESC DELTA BRANCO C 64;1;ATIVO;1;0;0;0;22/04/2026;19
NAO ALIMENTO;38186;GIZ ESC DELTA BRANCO C 64;2;ATIVO;1;0;0;0;22/04/2026;19
NAO ALIMENTO;38186;GIZ ESC DELTA BRANCO C 64;3;ATIVO;1;-3;0;0;22/04/2026;19
NAO ALIMENTO;38186;GIZ ESC DELTA BRANCO C 64;4;ATIVO;1;0;0;0;22/04/2026;19
NAO ALIMENTO;38186;GIZ ESC DELTA BRANCO C 64;5;ATIVO;1;0;0;0;22/04/2026;19
NAO ALIMENTO;38186;GIZ ESC DELTA BRANCO C 64;6;ATIVO;1;0;0;0;22/04/2026;19
NAO ALIMENTO;38186;GIZ ESC DELTA BRANCO C 64;7;ATIVO;1;0;0;0;22/04/2026;19
NAO ALIMENTO;38186;GIZ ESC DELTA BRANCO C 64;8;ATIVO;1;0;0;0;22/04/2026;19
NAO ALIMENTO;38186;GIZ ESC DELTA BRANCO C 64;11;ATIVO;1;0;0;0;22/04/2026;19
NAO ALIMENTO;38186;GIZ ESC DELTA BRANCO C 64;12;ATIVO;1;0;0;0;22/04/2026;19
NAO ALIMENTO;38186;GIZ ESC DELTA BRANCO C 64;13;ATIVO;1;0;0;0;22/04/2026;19
NAO ALIMENTO;38186;GIZ ESC DELTA BRANCO C 64;14;ATIVO;1;0;0;0;22/04/2026;19
NAO ALIMENTO;38186;GIZ ESC DELTA BRANCO C 64;15;ATIVO;1;0;0;0;22/04/2026;19
NAO ALIMENTO;38186;GIZ ESC DELTA BRANCO C 64;16;ATIVO;1;0;0;0;22/04/2026;19
NAO ALIMENTO;38186;GIZ ESC DELTA BRANCO C 64;17;ATIVO;1;0;0;0;22/04/2026;19
NAO ALIMENTO;38186;GIZ ESC DELTA BRANCO C 64;18;ATIVO;1;0;0;0;22/04/2026;19
NAO ALIMENTO;38186;GIZ ESC DELTA BRANCO C 64;50;ATIVO;1;0;0;0;22/04/2026;19
NAO ALIMENTO;38091;GRAFITE BIC C 02 0 7;1;ATIVO;1;0;0;0;14/04/2026;27
NAO ALIMENTO;38091;GRAFITE BIC C 02 0 7;2;ATIVO;1;0;0;0;14/04/2026;27
NAO ALIMENTO;38091;GRAFITE BIC C 02 0 7;3;ATIVO;1;0;0;0;14/04/2026;27
NAO ALIMENTO;38091;GRAFITE BIC C 02 0 7;4;ATIVO;1;0;0;0;14/04/2026;27
NAO ALIMENTO;38091;GRAFITE BIC C 02 0 7;5;ATIVO;1;0;0;0;14/04/2026;27
NAO ALIMENTO;38091;GRAFITE BIC C 02 0 7;6;ATIVO;1;0;0;0;14/04/2026;27
NAO ALIMENTO;38091;GRAFITE BIC C 02 0 7;7;ATIVO;1;0;0;0;14/04/2026;27
NAO ALIMENTO;38091;GRAFITE BIC C 02 0 7;8;ATIVO;1;0;0;0;14/04/2026;27
NAO ALIMENTO;38091;GRAFITE BIC C 02 0 7;11;ATIVO;1;0;0;0;14/04/2026;27
NAO ALIMENTO;38091;GRAFITE BIC C 02 0 7;12;ATIVO;1;0;0;0;14/04/2026;27
NAO ALIMENTO;38091;GRAFITE BIC C 02 0 7;13;ATIVO;1;0;0;0;14/04/2026;27
NAO ALIMENTO;38091;GRAFITE BIC C 02 0 7;14;ATIVO;1;0;0;0;14/04/2026;27
NAO ALIMENTO;38091;GRAFITE BIC C 02 0 7;15;ATIVO;1;0;0;0;14/04/2026;27
NAO ALIMENTO;38091;GRAFITE BIC C 02 0 7;16;ATIVO;1;0;0;0;14/04/2026;27
NAO ALIMENTO;38091;GRAFITE BIC C 02 0 7;17;ATIVO;1;0;0;0;14/04/2026;27
NAO ALIMENTO;38091;GRAFITE BIC C 02 0 7;18;ATIVO;1;0;0;0;14/04/2026;27
NAO ALIMENTO;38091;GRAFITE BIC C 02 0 7;50;ATIVO;1;0;0;0;14/04/2026;27
NAO ALIMENTO;38173;GUARDANAPO FORFEST PRATA;1;ATIVO;1;0;0;0;20/04/2026;21
NAO ALIMENTO;38173;GUARDANAPO FORFEST PRATA;2;ATIVO;1;0;0;0;20/04/2026;21
NAO ALIMENTO;38173;GUARDANAPO FORFEST PRATA;3;ATIVO;1;0;0;0;20/04/2026;21
NAO ALIMENTO;38173;GUARDANAPO FORFEST PRATA;4;ATIVO;1;0;0;0;20/04/2026;21
NAO ALIMENTO;38173;GUARDANAPO FORFEST PRATA;5;ATIVO;1;0;0;0;20/04/2026;21
NAO ALIMENTO;38173;GUARDANAPO FORFEST PRATA;6;ATIVO;1;0;0;0;20/04/2026;21
NAO ALIMENTO;38173;GUARDANAPO FORFEST PRATA;7;ATIVO;1;0;0;0;20/04/2026;21
NAO ALIMENTO;38173;GUARDANAPO FORFEST PRATA;8;ATIVO;1;0;0;0;20/04/2026;21
NAO ALIMENTO;38173;GUARDANAPO FORFEST PRATA;11;ATIVO;1;0;0;0;20/04/2026;21
NAO ALIMENTO;38173;GUARDANAPO FORFEST PRATA;12;ATIVO;1;0;0;0;20/04/2026;21
NAO ALIMENTO;38173;GUARDANAPO FORFEST PRATA;13;ATIVO;1;0;0;0;20/04/2026;21
NAO ALIMENTO;38173;GUARDANAPO FORFEST PRATA;14;ATIVO;1;0;0;0;20/04/2026;21
NAO ALIMENTO;38173;GUARDANAPO FORFEST PRATA;15;ATIVO;1;0;0;0;20/04/2026;21
NAO ALIMENTO;38173;GUARDANAPO FORFEST PRATA;16;ATIVO;1;0;0;0;20/04/2026;21
NAO ALIMENTO;38173;GUARDANAPO FORFEST PRATA;17;ATIVO;1;0;0;0;20/04/2026;21
NAO ALIMENTO;38173;GUARDANAPO FORFEST PRATA;18;ATIVO;1;0;0;0;20/04/2026;21
NAO ALIMENTO;38173;GUARDANAPO FORFEST PRATA;50;ATIVO;1;0;0;0;20/04/2026;21
NAO ALIMENTO;38336;GUARDANAPO FORFEST ROSA POA C 50;1;ATIVO;1;0;0;0;05/05/2026;6
NAO ALIMENTO;38336;GUARDANAPO FORFEST ROSA POA C 50;2;ATIVO;1;-1;0;0;05/05/2026;6
NAO ALIMENTO;38336;GUARDANAPO FORFEST ROSA POA C 50;3;ATIVO;1;-5;0;0;05/05/2026;6
NAO ALIMENTO;38336;GUARDANAPO FORFEST ROSA POA C 50;4;ATIVO;1;0;0;0;05/05/2026;6
NAO ALIMENTO;38336;GUARDANAPO FORFEST ROSA POA C 50;5;ATIVO;1;0;0;0;05/05/2026;6
NAO ALIMENTO;38336;GUARDANAPO FORFEST ROSA POA C 50;6;ATIVO;1;0;0;0;05/05/2026;6
NAO ALIMENTO;38336;GUARDANAPO FORFEST ROSA POA C 50;7;ATIVO;1;0;0;0;05/05/2026;6
NAO ALIMENTO;38336;GUARDANAPO FORFEST ROSA POA C 50;8;ATIVO;1;0;0;0;05/05/2026;6
NAO ALIMENTO;38336;GUARDANAPO FORFEST ROSA POA C 50;11;ATIVO;1;0;0;0;05/05/2026;6
NAO ALIMENTO;38336;GUARDANAPO FORFEST ROSA POA C 50;12;ATIVO;1;0;0;0;05/05/2026;6
NAO ALIMENTO;38336;GUARDANAPO FORFEST ROSA POA C 50;13;ATIVO;1;0;0;0;05/05/2026;6
NAO ALIMENTO;38336;GUARDANAPO FORFEST ROSA POA C 50;14;ATIVO;1;0;0;0;05/05/2026;6
NAO ALIMENTO;38336;GUARDANAPO FORFEST ROSA POA C 50;15;ATIVO;1;0;0;0;05/05/2026;6
NAO ALIMENTO;38336;GUARDANAPO FORFEST ROSA POA C 50;16;ATIVO;1;0;0;0;05/05/2026;6
NAO ALIMENTO;38336;GUARDANAPO FORFEST ROSA POA C 50;17;ATIVO;1;0;0;0;05/05/2026;6
NAO ALIMENTO;38336;GUARDANAPO FORFEST ROSA POA C 50;18;ATIVO;1;0;0;0;05/05/2026;6
NAO ALIMENTO;38336;GUARDANAPO FORFEST ROSA POA C 50;50;ATIVO;1;0;0;0;05/05/2026;6
NAO ALIMENTO;38181;JARDINEIRA PRETO 35CM;1;ATIVO;1;0;0;0;22/04/2026;19
NAO ALIMENTO;38181;JARDINEIRA PRETO 35CM;2;ATIVO;1;0;0;0;22/04/2026;19
NAO ALIMENTO;38181;JARDINEIRA PRETO 35CM;3;ATIVO;1;0;0;0;22/04/2026;19
NAO ALIMENTO;38181;JARDINEIRA PRETO 35CM;4;ATIVO;1;0;0;0;22/04/2026;19
NAO ALIMENTO;38181;JARDINEIRA PRETO 35CM;5;ATIVO;1;0;0;0;22/04/2026;19
NAO ALIMENTO;38181;JARDINEIRA PRETO 35CM;6;ATIVO;1;0;0;0;22/04/2026;19
NAO ALIMENTO;38181;JARDINEIRA PRETO 35CM;7;ATIVO;1;0;0;0;22/04/2026;19
NAO ALIMENTO;38181;JARDINEIRA PRETO 35CM;8;ATIVO;1;0;0;0;22/04/2026;19
NAO ALIMENTO;38181;JARDINEIRA PRETO 35CM;11;ATIVO;1;0;0;0;22/04/2026;19
NAO ALIMENTO;38181;JARDINEIRA PRETO 35CM;12;ATIVO;1;0;0;0;22/04/2026;19
NAO ALIMENTO;38181;JARDINEIRA PRETO 35CM;13;ATIVO;1;0;0;0;22/04/2026;19
NAO ALIMENTO;38181;JARDINEIRA PRETO 35CM;14;ATIVO;1;0;0;0;22/04/2026;19
NAO ALIMENTO;38181;JARDINEIRA PRETO 35CM;15;ATIVO;1;0;0;0;22/04/2026;19
NAO ALIMENTO;38181;JARDINEIRA PRETO 35CM;16;ATIVO;1;0;0;0;22/04/2026;19
NAO ALIMENTO;38181;JARDINEIRA PRETO 35CM;17;ATIVO;1;0;0;0;22/04/2026;19
NAO ALIMENTO;38181;JARDINEIRA PRETO 35CM;18;ATIVO;1;0;0;0;22/04/2026;19
NAO ALIMENTO;38181;JARDINEIRA PRETO 35CM;50;ATIVO;1;0;0;0;22/04/2026;19
NAO ALIMENTO;38211;JG AMERICANO FLA PVC 41CMX32CM;1;ATIVO;1;0;0;0;23/04/2026;18
NAO ALIMENTO;38211;JG AMERICANO FLA PVC 41CMX32CM;2;ATIVO;1;0;0;0;23/04/2026;18
NAO ALIMENTO;38211;JG AMERICANO FLA PVC 41CMX32CM;3;ATIVO;1;0;0;0;23/04/2026;18
NAO ALIMENTO;38211;JG AMERICANO FLA PVC 41CMX32CM;4;ATIVO;1;0;0;0;23/04/2026;18
NAO ALIMENTO;38211;JG AMERICANO FLA PVC 41CMX32CM;5;ATIVO;1;0;0;0;23/04/2026;18
NAO ALIMENTO;38211;JG AMERICANO FLA PVC 41CMX32CM;6;ATIVO;1;0;0;0;23/04/2026;18
NAO ALIMENTO;38211;JG AMERICANO FLA PVC 41CMX32CM;7;ATIVO;1;0;0;0;23/04/2026;18
NAO ALIMENTO;38211;JG AMERICANO FLA PVC 41CMX32CM;8;ATIVO;1;0;0;0;23/04/2026;18
NAO ALIMENTO;38211;JG AMERICANO FLA PVC 41CMX32CM;11;ATIVO;1;0;0;0;23/04/2026;18
NAO ALIMENTO;38211;JG AMERICANO FLA PVC 41CMX32CM;12;ATIVO;1;0;0;0;23/04/2026;18
NAO ALIMENTO;38211;JG AMERICANO FLA PVC 41CMX32CM;13;ATIVO;1;0;0;0;23/04/2026;18
NAO ALIMENTO;38211;JG AMERICANO FLA PVC 41CMX32CM;14;ATIVO;1;0;0;0;23/04/2026;18
NAO ALIMENTO;38211;JG AMERICANO FLA PVC 41CMX32CM;15;ATIVO;1;0;0;0;23/04/2026;18
NAO ALIMENTO;38211;JG AMERICANO FLA PVC 41CMX32CM;16;ATIVO;1;0;0;0;23/04/2026;18
NAO ALIMENTO;38211;JG AMERICANO FLA PVC 41CMX32CM;17;ATIVO;1;0;0;0;23/04/2026;18
NAO ALIMENTO;38211;JG AMERICANO FLA PVC 41CMX32CM;18;ATIVO;1;0;0;0;23/04/2026;18
NAO ALIMENTO;38211;JG AMERICANO FLA PVC 41CMX32CM;50;ATIVO;1;0;0;0;23/04/2026;18
NAO ALIMENTO;38228;JG CABIDES INF VELUDO AZL C3 PCS;1;ATIVO;60;0;0;0;25/04/2026;16
NAO ALIMENTO;38228;JG CABIDES INF VELUDO AZL C3 PCS;2;ATIVO;60;0;0;0;25/04/2026;16
NAO ALIMENTO;38228;JG CABIDES INF VELUDO AZL C3 PCS;3;ATIVO;60;0;0;0;25/04/2026;16
NAO ALIMENTO;38228;JG CABIDES INF VELUDO AZL C3 PCS;4;ATIVO;60;0;0;0;25/04/2026;16
NAO ALIMENTO;38228;JG CABIDES INF VELUDO AZL C3 PCS;5;ATIVO;60;0;0;0;25/04/2026;16
NAO ALIMENTO;38228;JG CABIDES INF VELUDO AZL C3 PCS;6;ATIVO;60;0;0;0;25/04/2026;16
NAO ALIMENTO;38228;JG CABIDES INF VELUDO AZL C3 PCS;7;ATIVO;60;0;0;0;25/04/2026;16
NAO ALIMENTO;38228;JG CABIDES INF VELUDO AZL C3 PCS;8;ATIVO;60;0;0;0;25/04/2026;16
NAO ALIMENTO;38228;JG CABIDES INF VELUDO AZL C3 PCS;11;ATIVO;60;0;0;0;25/04/2026;16
NAO ALIMENTO;38228;JG CABIDES INF VELUDO AZL C3 PCS;12;ATIVO;60;0;0;0;25/04/2026;16
NAO ALIMENTO;38228;JG CABIDES INF VELUDO AZL C3 PCS;13;ATIVO;60;0;0;0;25/04/2026;16
NAO ALIMENTO;38228;JG CABIDES INF VELUDO AZL C3 PCS;14;ATIVO;60;0;0;0;25/04/2026;16
NAO ALIMENTO;38228;JG CABIDES INF VELUDO AZL C3 PCS;15;ATIVO;60;0;0;0;25/04/2026;16
NAO ALIMENTO;38228;JG CABIDES INF VELUDO AZL C3 PCS;16;ATIVO;60;0;0;0;25/04/2026;16
NAO ALIMENTO;38228;JG CABIDES INF VELUDO AZL C3 PCS;17;ATIVO;60;0;0;0;25/04/2026;16
NAO ALIMENTO;38228;JG CABIDES INF VELUDO AZL C3 PCS;18;ATIVO;60;0;0;0;25/04/2026;16
NAO ALIMENTO;38228;JG CABIDES INF VELUDO AZL C3 PCS;50;ATIVO;60;0;180;0;25/04/2026;16
NAO ALIMENTO;38230;JG CABIDES INF VELUDO RSA C3 PCS;1;ATIVO;60;0;0;0;25/04/2026;16
NAO ALIMENTO;38230;JG CABIDES INF VELUDO RSA C3 PCS;2;ATIVO;60;0;0;0;25/04/2026;16
NAO ALIMENTO;38230;JG CABIDES INF VELUDO RSA C3 PCS;3;ATIVO;60;0;0;0;25/04/2026;16
NAO ALIMENTO;38230;JG CABIDES INF VELUDO RSA C3 PCS;4;ATIVO;60;0;0;0;25/04/2026;16
NAO ALIMENTO;38230;JG CABIDES INF VELUDO RSA C3 PCS;5;ATIVO;60;0;0;0;25/04/2026;16
NAO ALIMENTO;38230;JG CABIDES INF VELUDO RSA C3 PCS;6;ATIVO;60;0;0;0;25/04/2026;16
NAO ALIMENTO;38230;JG CABIDES INF VELUDO RSA C3 PCS;7;ATIVO;60;0;0;0;25/04/2026;16
NAO ALIMENTO;38230;JG CABIDES INF VELUDO RSA C3 PCS;8;ATIVO;60;0;0;0;25/04/2026;16
NAO ALIMENTO;38230;JG CABIDES INF VELUDO RSA C3 PCS;11;ATIVO;60;0;0;0;25/04/2026;16
NAO ALIMENTO;38230;JG CABIDES INF VELUDO RSA C3 PCS;12;ATIVO;60;0;0;0;25/04/2026;16
NAO ALIMENTO;38230;JG CABIDES INF VELUDO RSA C3 PCS;13;ATIVO;60;0;0;0;25/04/2026;16
NAO ALIMENTO;38230;JG CABIDES INF VELUDO RSA C3 PCS;14;ATIVO;60;0;0;0;25/04/2026;16
NAO ALIMENTO;38230;JG CABIDES INF VELUDO RSA C3 PCS;15;ATIVO;60;0;0;0;25/04/2026;16
NAO ALIMENTO;38230;JG CABIDES INF VELUDO RSA C3 PCS;16;ATIVO;60;0;0;0;25/04/2026;16
NAO ALIMENTO;38230;JG CABIDES INF VELUDO RSA C3 PCS;17;ATIVO;60;0;0;0;25/04/2026;16
NAO ALIMENTO;38230;JG CABIDES INF VELUDO RSA C3 PCS;18;ATIVO;60;0;0;0;25/04/2026;16
NAO ALIMENTO;38230;JG CABIDES INF VELUDO RSA C3 PCS;50;ATIVO;60;0;180;0;25/04/2026;16
NAO ALIMENTO;38238;JG CHURRAS ATENAS CHAIRA FACA GARFO;1;ATIVO;24;0;0;0;25/04/2026;16
NAO ALIMENTO;38238;JG CHURRAS ATENAS CHAIRA FACA GARFO;2;ATIVO;24;0;0;0;25/04/2026;16
NAO ALIMENTO;38238;JG CHURRAS ATENAS CHAIRA FACA GARFO;3;ATIVO;24;0;0;0;25/04/2026;16
NAO ALIMENTO;38238;JG CHURRAS ATENAS CHAIRA FACA GARFO;4;ATIVO;24;0;0;0;25/04/2026;16
NAO ALIMENTO;38238;JG CHURRAS ATENAS CHAIRA FACA GARFO;5;ATIVO;24;0;0;0;25/04/2026;16
NAO ALIMENTO;38238;JG CHURRAS ATENAS CHAIRA FACA GARFO;6;ATIVO;24;0;0;0;25/04/2026;16
NAO ALIMENTO;38238;JG CHURRAS ATENAS CHAIRA FACA GARFO;7;ATIVO;24;0;0;0;25/04/2026;16
NAO ALIMENTO;38238;JG CHURRAS ATENAS CHAIRA FACA GARFO;8;ATIVO;24;0;0;0;25/04/2026;16
NAO ALIMENTO;38238;JG CHURRAS ATENAS CHAIRA FACA GARFO;11;ATIVO;24;0;0;0;25/04/2026;16
NAO ALIMENTO;38238;JG CHURRAS ATENAS CHAIRA FACA GARFO;12;ATIVO;24;0;0;0;25/04/2026;16
NAO ALIMENTO;38238;JG CHURRAS ATENAS CHAIRA FACA GARFO;13;ATIVO;24;0;0;0;25/04/2026;16
NAO ALIMENTO;38238;JG CHURRAS ATENAS CHAIRA FACA GARFO;14;ATIVO;24;0;0;0;25/04/2026;16
NAO ALIMENTO;38238;JG CHURRAS ATENAS CHAIRA FACA GARFO;15;ATIVO;24;0;0;0;25/04/2026;16
NAO ALIMENTO;38238;JG CHURRAS ATENAS CHAIRA FACA GARFO;16;ATIVO;24;0;0;0;25/04/2026;16
NAO ALIMENTO;38238;JG CHURRAS ATENAS CHAIRA FACA GARFO;17;ATIVO;24;0;0;0;25/04/2026;16
NAO ALIMENTO;38238;JG CHURRAS ATENAS CHAIRA FACA GARFO;18;ATIVO;24;0;0;0;25/04/2026;16
NAO ALIMENTO;38238;JG CHURRAS ATENAS CHAIRA FACA GARFO;50;ATIVO;24;0;240;0;25/04/2026;16
NAO ALIMENTO;38223;JG SOBREMESA GELATERIA 310ML C 6;1;ATIVO;1;0;0;0;25/04/2026;16
NAO ALIMENTO;38223;JG SOBREMESA GELATERIA 310ML C 6;2;ATIVO;1;0;0;0;25/04/2026;16
NAO ALIMENTO;38223;JG SOBREMESA GELATERIA 310ML C 6;3;ATIVO;1;0;0;0;25/04/2026;16
NAO ALIMENTO;38223;JG SOBREMESA GELATERIA 310ML C 6;4;ATIVO;1;0;0;0;25/04/2026;16
NAO ALIMENTO;38223;JG SOBREMESA GELATERIA 310ML C 6;5;ATIVO;1;0;0;0;25/04/2026;16
NAO ALIMENTO;38223;JG SOBREMESA GELATERIA 310ML C 6;6;ATIVO;1;0;0;0;25/04/2026;16
NAO ALIMENTO;38223;JG SOBREMESA GELATERIA 310ML C 6;7;ATIVO;1;0;0;0;25/04/2026;16
NAO ALIMENTO;38223;JG SOBREMESA GELATERIA 310ML C 6;8;ATIVO;1;0;0;0;25/04/2026;16
NAO ALIMENTO;38223;JG SOBREMESA GELATERIA 310ML C 6;11;ATIVO;1;0;0;0;25/04/2026;16
NAO ALIMENTO;38223;JG SOBREMESA GELATERIA 310ML C 6;12;ATIVO;1;0;0;0;25/04/2026;16
NAO ALIMENTO;38223;JG SOBREMESA GELATERIA 310ML C 6;13;ATIVO;1;0;0;0;25/04/2026;16
NAO ALIMENTO;38223;JG SOBREMESA GELATERIA 310ML C 6;14;ATIVO;1;0;0;0;25/04/2026;16
NAO ALIMENTO;38223;JG SOBREMESA GELATERIA 310ML C 6;15;ATIVO;1;0;0;0;25/04/2026;16
NAO ALIMENTO;38223;JG SOBREMESA GELATERIA 310ML C 6;16;ATIVO;1;0;0;0;25/04/2026;16
NAO ALIMENTO;38223;JG SOBREMESA GELATERIA 310ML C 6;17;ATIVO;1;0;0;0;25/04/2026;16
NAO ALIMENTO;38223;JG SOBREMESA GELATERIA 310ML C 6;18;ATIVO;1;0;0;0;25/04/2026;16
NAO ALIMENTO;38223;JG SOBREMESA GELATERIA 310ML C 6;50;ATIVO;1;0;0;0;25/04/2026;16
NAO ALIMENTO;38159;JG XICARA CHILE JUMBO 510ML C 3;1;ATIVO;1;0;0;0;17/04/2026;24
NAO ALIMENTO;38159;JG XICARA CHILE JUMBO 510ML C 3;2;ATIVO;1;0;0;0;17/04/2026;24
NAO ALIMENTO;38159;JG XICARA CHILE JUMBO 510ML C 3;3;ATIVO;1;0;0;0;17/04/2026;24
NAO ALIMENTO;38159;JG XICARA CHILE JUMBO 510ML C 3;4;ATIVO;1;0;0;0;17/04/2026;24
NAO ALIMENTO;38159;JG XICARA CHILE JUMBO 510ML C 3;5;ATIVO;1;0;0;0;17/04/2026;24
NAO ALIMENTO;38159;JG XICARA CHILE JUMBO 510ML C 3;6;ATIVO;1;0;0;0;17/04/2026;24
NAO ALIMENTO;38159;JG XICARA CHILE JUMBO 510ML C 3;7;ATIVO;1;0;0;0;17/04/2026;24
NAO ALIMENTO;38159;JG XICARA CHILE JUMBO 510ML C 3;8;ATIVO;1;0;0;0;17/04/2026;24
NAO ALIMENTO;38159;JG XICARA CHILE JUMBO 510ML C 3;11;ATIVO;1;0;0;0;17/04/2026;24
NAO ALIMENTO;38159;JG XICARA CHILE JUMBO 510ML C 3;12;ATIVO;1;0;0;0;17/04/2026;24
NAO ALIMENTO;38159;JG XICARA CHILE JUMBO 510ML C 3;13;ATIVO;1;0;0;0;17/04/2026;24
NAO ALIMENTO;38159;JG XICARA CHILE JUMBO 510ML C 3;14;ATIVO;1;0;0;0;17/04/2026;24
NAO ALIMENTO;38159;JG XICARA CHILE JUMBO 510ML C 3;15;ATIVO;1;0;0;0;17/04/2026;24
NAO ALIMENTO;38159;JG XICARA CHILE JUMBO 510ML C 3;16;ATIVO;1;0;0;0;17/04/2026;24
NAO ALIMENTO;38159;JG XICARA CHILE JUMBO 510ML C 3;17;ATIVO;1;0;0;0;17/04/2026;24
NAO ALIMENTO;38159;JG XICARA CHILE JUMBO 510ML C 3;18;ATIVO;1;0;0;0;17/04/2026;24
NAO ALIMENTO;38159;JG XICARA CHILE JUMBO 510ML C 3;50;ATIVO;1;0;0;0;17/04/2026;24
NAO ALIMENTO;38410;JG XICARA LOUTAS 185ML C 3;1;ATIVO;1;0;0;0;11/05/2026;0
NAO ALIMENTO;38410;JG XICARA LOUTAS 185ML C 3;2;ATIVO;1;0;0;0;11/05/2026;0
NAO ALIMENTO;38410;JG XICARA LOUTAS 185ML C 3;3;ATIVO;1;0;0;0;11/05/2026;0
NAO ALIMENTO;38410;JG XICARA LOUTAS 185ML C 3;4;ATIVO;1;0;0;0;11/05/2026;0
NAO ALIMENTO;38410;JG XICARA LOUTAS 185ML C 3;5;ATIVO;1;0;0;0;11/05/2026;0
NAO ALIMENTO;38410;JG XICARA LOUTAS 185ML C 3;6;ATIVO;1;0;0;0;11/05/2026;0
NAO ALIMENTO;38410;JG XICARA LOUTAS 185ML C 3;7;ATIVO;1;0;0;0;11/05/2026;0
NAO ALIMENTO;38410;JG XICARA LOUTAS 185ML C 3;8;ATIVO;1;0;0;0;11/05/2026;0
NAO ALIMENTO;38410;JG XICARA LOUTAS 185ML C 3;11;ATIVO;1;0;0;0;11/05/2026;0
NAO ALIMENTO;38410;JG XICARA LOUTAS 185ML C 3;12;ATIVO;1;0;0;0;11/05/2026;0
NAO ALIMENTO;38410;JG XICARA LOUTAS 185ML C 3;13;ATIVO;1;0;0;0;11/05/2026;0
NAO ALIMENTO;38410;JG XICARA LOUTAS 185ML C 3;14;ATIVO;1;0;0;0;11/05/2026;0
NAO ALIMENTO;38410;JG XICARA LOUTAS 185ML C 3;15;ATIVO;1;0;0;0;11/05/2026;0
NAO ALIMENTO;38410;JG XICARA LOUTAS 185ML C 3;16;ATIVO;1;0;0;0;11/05/2026;0
NAO ALIMENTO;38410;JG XICARA LOUTAS 185ML C 3;17;ATIVO;1;0;0;0;11/05/2026;0
NAO ALIMENTO;38410;JG XICARA LOUTAS 185ML C 3;18;ATIVO;1;0;0;0;11/05/2026;0
NAO ALIMENTO;38410;JG XICARA LOUTAS 185ML C 3;50;ATIVO;1;0;0;0;11/05/2026;0
NAO ALIMENTO;38290;KIT 2 MEIAS SOQUETE NATURAL FIO 15;1;ATIVO;6;0;0;0;30/04/2026;11
NAO ALIMENTO;38290;KIT 2 MEIAS SOQUETE NATURAL FIO 15;2;ATIVO;6;9;0;0;30/04/2026;11
NAO ALIMENTO;38290;KIT 2 MEIAS SOQUETE NATURAL FIO 15;3;ATIVO;6;0;0;0;30/04/2026;11
NAO ALIMENTO;38290;KIT 2 MEIAS SOQUETE NATURAL FIO 15;4;ATIVO;6;0;12;0;30/04/2026;11
NAO ALIMENTO;38290;KIT 2 MEIAS SOQUETE NATURAL FIO 15;5;ATIVO;6;0;12;0;30/04/2026;11
NAO ALIMENTO;38290;KIT 2 MEIAS SOQUETE NATURAL FIO 15;6;ATIVO;6;11;0;0;30/04/2026;11
NAO ALIMENTO;38290;KIT 2 MEIAS SOQUETE NATURAL FIO 15;7;ATIVO;6;0;12;0;30/04/2026;11
NAO ALIMENTO;38290;KIT 2 MEIAS SOQUETE NATURAL FIO 15;8;ATIVO;6;0;12;0;30/04/2026;11
NAO ALIMENTO;38290;KIT 2 MEIAS SOQUETE NATURAL FIO 15;11;ATIVO;6;0;12;0;30/04/2026;11
NAO ALIMENTO;38290;KIT 2 MEIAS SOQUETE NATURAL FIO 15;12;ATIVO;6;0;12;0;30/04/2026;11
NAO ALIMENTO;38290;KIT 2 MEIAS SOQUETE NATURAL FIO 15;13;ATIVO;6;0;12;0;30/04/2026;11
NAO ALIMENTO;38290;KIT 2 MEIAS SOQUETE NATURAL FIO 15;14;ATIVO;6;12;0;0;30/04/2026;11
NAO ALIMENTO;38290;KIT 2 MEIAS SOQUETE NATURAL FIO 15;15;ATIVO;6;0;0;0;30/04/2026;11
NAO ALIMENTO;38290;KIT 2 MEIAS SOQUETE NATURAL FIO 15;16;ATIVO;6;0;0;0;30/04/2026;11
NAO ALIMENTO;38290;KIT 2 MEIAS SOQUETE NATURAL FIO 15;17;ATIVO;6;0;12;0;30/04/2026;11
NAO ALIMENTO;38290;KIT 2 MEIAS SOQUETE NATURAL FIO 15;18;ATIVO;6;0;12;0;30/04/2026;11
NAO ALIMENTO;38290;KIT 2 MEIAS SOQUETE NATURAL FIO 15;50;ATIVO;6;0;0;0;30/04/2026;11
NAO ALIMENTO;38062;KIT 2 PCS NATURALE ESTAMPADO;1;ATIVO;1;0;0;0;13/04/2026;28
NAO ALIMENTO;38062;KIT 2 PCS NATURALE ESTAMPADO;2;ATIVO;1;0;0;0;13/04/2026;28
NAO ALIMENTO;38062;KIT 2 PCS NATURALE ESTAMPADO;3;ATIVO;1;0;0;0;13/04/2026;28
NAO ALIMENTO;38062;KIT 2 PCS NATURALE ESTAMPADO;4;ATIVO;1;0;0;0;13/04/2026;28
NAO ALIMENTO;38062;KIT 2 PCS NATURALE ESTAMPADO;5;ATIVO;1;0;0;0;13/04/2026;28
NAO ALIMENTO;38062;KIT 2 PCS NATURALE ESTAMPADO;6;ATIVO;1;0;0;0;13/04/2026;28
NAO ALIMENTO;38062;KIT 2 PCS NATURALE ESTAMPADO;7;ATIVO;1;0;0;0;13/04/2026;28
NAO ALIMENTO;38062;KIT 2 PCS NATURALE ESTAMPADO;8;ATIVO;1;0;0;0;13/04/2026;28
NAO ALIMENTO;38062;KIT 2 PCS NATURALE ESTAMPADO;11;ATIVO;1;0;0;0;13/04/2026;28
NAO ALIMENTO;38062;KIT 2 PCS NATURALE ESTAMPADO;12;ATIVO;1;0;0;0;13/04/2026;28
NAO ALIMENTO;38062;KIT 2 PCS NATURALE ESTAMPADO;13;ATIVO;1;0;0;0;13/04/2026;28
NAO ALIMENTO;38062;KIT 2 PCS NATURALE ESTAMPADO;14;ATIVO;1;0;0;0;13/04/2026;28
NAO ALIMENTO;38062;KIT 2 PCS NATURALE ESTAMPADO;15;ATIVO;1;0;0;0;13/04/2026;28
NAO ALIMENTO;38062;KIT 2 PCS NATURALE ESTAMPADO;16;ATIVO;1;0;0;0;13/04/2026;28
NAO ALIMENTO;38062;KIT 2 PCS NATURALE ESTAMPADO;17;ATIVO;1;0;0;0;13/04/2026;28
NAO ALIMENTO;38062;KIT 2 PCS NATURALE ESTAMPADO;18;ATIVO;1;0;0;0;13/04/2026;28
NAO ALIMENTO;38062;KIT 2 PCS NATURALE ESTAMPADO;50;ATIVO;1;0;0;0;13/04/2026;28
NAO ALIMENTO;38396;KIT 2 PCS TRAP MAGNOLIA ESTAMPADO;1;ATIVO;1;0;0;0;08/05/2026;3
NAO ALIMENTO;38396;KIT 2 PCS TRAP MAGNOLIA ESTAMPADO;2;ATIVO;1;0;0;0;08/05/2026;3
NAO ALIMENTO;38396;KIT 2 PCS TRAP MAGNOLIA ESTAMPADO;3;ATIVO;1;0;0;0;08/05/2026;3
NAO ALIMENTO;38396;KIT 2 PCS TRAP MAGNOLIA ESTAMPADO;4;ATIVO;1;0;0;0;08/05/2026;3
NAO ALIMENTO;38396;KIT 2 PCS TRAP MAGNOLIA ESTAMPADO;5;ATIVO;1;0;0;0;08/05/2026;3
NAO ALIMENTO;38396;KIT 2 PCS TRAP MAGNOLIA ESTAMPADO;6;ATIVO;1;0;0;0;08/05/2026;3
NAO ALIMENTO;38396;KIT 2 PCS TRAP MAGNOLIA ESTAMPADO;7;ATIVO;1;0;0;0;08/05/2026;3
NAO ALIMENTO;38396;KIT 2 PCS TRAP MAGNOLIA ESTAMPADO;8;ATIVO;1;0;0;0;08/05/2026;3
NAO ALIMENTO;38396;KIT 2 PCS TRAP MAGNOLIA ESTAMPADO;11;ATIVO;1;0;0;0;08/05/2026;3
NAO ALIMENTO;38396;KIT 2 PCS TRAP MAGNOLIA ESTAMPADO;12;ATIVO;1;0;0;0;08/05/2026;3
NAO ALIMENTO;38396;KIT 2 PCS TRAP MAGNOLIA ESTAMPADO;13;ATIVO;1;0;0;0;08/05/2026;3
NAO ALIMENTO;38396;KIT 2 PCS TRAP MAGNOLIA ESTAMPADO;14;ATIVO;1;0;0;0;08/05/2026;3
NAO ALIMENTO;38396;KIT 2 PCS TRAP MAGNOLIA ESTAMPADO;15;ATIVO;1;0;0;0;08/05/2026;3
NAO ALIMENTO;38396;KIT 2 PCS TRAP MAGNOLIA ESTAMPADO;16;ATIVO;1;0;0;0;08/05/2026;3
NAO ALIMENTO;38396;KIT 2 PCS TRAP MAGNOLIA ESTAMPADO;17;ATIVO;1;0;0;0;08/05/2026;3
NAO ALIMENTO;38396;KIT 2 PCS TRAP MAGNOLIA ESTAMPADO;18;ATIVO;1;0;0;0;08/05/2026;3
NAO ALIMENTO;38396;KIT 2 PCS TRAP MAGNOLIA ESTAMPADO;50;ATIVO;1;0;0;0;08/05/2026;3
NAO ALIMENTO;38287;KIT 3 MEIAS CANO CURTO ESTAMPADA;1;ATIVO;6;0;0;0;30/04/2026;11
NAO ALIMENTO;38287;KIT 3 MEIAS CANO CURTO ESTAMPADA;2;ATIVO;6;24;0;0;30/04/2026;11
NAO ALIMENTO;38287;KIT 3 MEIAS CANO CURTO ESTAMPADA;3;ATIVO;6;0;0;0;30/04/2026;11
NAO ALIMENTO;38287;KIT 3 MEIAS CANO CURTO ESTAMPADA;4;ATIVO;6;0;24;0;30/04/2026;11
NAO ALIMENTO;38287;KIT 3 MEIAS CANO CURTO ESTAMPADA;5;ATIVO;6;0;24;0;30/04/2026;11
NAO ALIMENTO;38287;KIT 3 MEIAS CANO CURTO ESTAMPADA;6;ATIVO;6;22;0;0;30/04/2026;11
NAO ALIMENTO;38287;KIT 3 MEIAS CANO CURTO ESTAMPADA;7;ATIVO;6;0;24;0;30/04/2026;11
NAO ALIMENTO;38287;KIT 3 MEIAS CANO CURTO ESTAMPADA;8;ATIVO;6;0;24;0;30/04/2026;11
NAO ALIMENTO;38287;KIT 3 MEIAS CANO CURTO ESTAMPADA;11;ATIVO;6;0;24;0;30/04/2026;11
NAO ALIMENTO;38287;KIT 3 MEIAS CANO CURTO ESTAMPADA;12;ATIVO;6;0;24;0;30/04/2026;11
NAO ALIMENTO;38287;KIT 3 MEIAS CANO CURTO ESTAMPADA;13;ATIVO;6;0;24;0;30/04/2026;11
NAO ALIMENTO;38287;KIT 3 MEIAS CANO CURTO ESTAMPADA;14;ATIVO;6;24;0;0;30/04/2026;11
NAO ALIMENTO;38287;KIT 3 MEIAS CANO CURTO ESTAMPADA;15;ATIVO;6;0;0;0;30/04/2026;11
NAO ALIMENTO;38287;KIT 3 MEIAS CANO CURTO ESTAMPADA;16;ATIVO;6;0;0;0;30/04/2026;11
NAO ALIMENTO;38287;KIT 3 MEIAS CANO CURTO ESTAMPADA;17;ATIVO;6;0;24;0;30/04/2026;11
NAO ALIMENTO;38287;KIT 3 MEIAS CANO CURTO ESTAMPADA;18;ATIVO;6;0;24;0;30/04/2026;11
NAO ALIMENTO;38287;KIT 3 MEIAS CANO CURTO ESTAMPADA;50;ATIVO;6;0;0;0;30/04/2026;11
NAO ALIMENTO;38286;KIT 3 MEIAS CANO CURTOLISA 34 39;1;ATIVO;6;0;0;0;30/04/2026;11
NAO ALIMENTO;38286;KIT 3 MEIAS CANO CURTOLISA 34 39;2;ATIVO;6;29;0;0;30/04/2026;11
NAO ALIMENTO;38286;KIT 3 MEIAS CANO CURTOLISA 34 39;3;ATIVO;6;0;0;0;30/04/2026;11
NAO ALIMENTO;38286;KIT 3 MEIAS CANO CURTOLISA 34 39;4;ATIVO;6;0;36;0;30/04/2026;11
NAO ALIMENTO;38286;KIT 3 MEIAS CANO CURTOLISA 34 39;5;ATIVO;6;0;36;0;30/04/2026;11
NAO ALIMENTO;38286;KIT 3 MEIAS CANO CURTOLISA 34 39;6;ATIVO;6;33;0;0;30/04/2026;11
NAO ALIMENTO;38286;KIT 3 MEIAS CANO CURTOLISA 34 39;7;ATIVO;6;0;36;0;30/04/2026;11
NAO ALIMENTO;38286;KIT 3 MEIAS CANO CURTOLISA 34 39;8;ATIVO;6;-1;36;0;30/04/2026;11
NAO ALIMENTO;38286;KIT 3 MEIAS CANO CURTOLISA 34 39;11;ATIVO;6;0;36;0;30/04/2026;11
NAO ALIMENTO;38286;KIT 3 MEIAS CANO CURTOLISA 34 39;12;ATIVO;6;0;36;0;30/04/2026;11
NAO ALIMENTO;38286;KIT 3 MEIAS CANO CURTOLISA 34 39;13;ATIVO;6;0;36;0;30/04/2026;11
NAO ALIMENTO;38286;KIT 3 MEIAS CANO CURTOLISA 34 39;14;ATIVO;6;36;0;0;30/04/2026;11
NAO ALIMENTO;38286;KIT 3 MEIAS CANO CURTOLISA 34 39;15;ATIVO;6;0;0;0;30/04/2026;11
NAO ALIMENTO;38286;KIT 3 MEIAS CANO CURTOLISA 34 39;16;ATIVO;6;0;0;0;30/04/2026;11
NAO ALIMENTO;38286;KIT 3 MEIAS CANO CURTOLISA 34 39;17;ATIVO;6;0;36;0;30/04/2026;11
NAO ALIMENTO;38286;KIT 3 MEIAS CANO CURTOLISA 34 39;18;ATIVO;6;0;36;0;30/04/2026;11
NAO ALIMENTO;38286;KIT 3 MEIAS CANO CURTOLISA 34 39;50;ATIVO;6;0;0;0;30/04/2026;11
NAO ALIMENTO;38300;KIT 3 MEIAS CANO LONGO 39 44 BRASIL;1;ATIVO;6;0;0;0;30/04/2026;11
NAO ALIMENTO;38300;KIT 3 MEIAS CANO LONGO 39 44 BRASIL;2;ATIVO;6;24;0;0;30/04/2026;11
NAO ALIMENTO;38300;KIT 3 MEIAS CANO LONGO 39 44 BRASIL;3;ATIVO;6;0;0;0;30/04/2026;11
NAO ALIMENTO;38300;KIT 3 MEIAS CANO LONGO 39 44 BRASIL;4;ATIVO;6;0;24;0;30/04/2026;11
NAO ALIMENTO;38300;KIT 3 MEIAS CANO LONGO 39 44 BRASIL;5;ATIVO;6;0;24;0;30/04/2026;11
NAO ALIMENTO;38300;KIT 3 MEIAS CANO LONGO 39 44 BRASIL;6;ATIVO;6;12;12;0;30/04/2026;11
NAO ALIMENTO;38300;KIT 3 MEIAS CANO LONGO 39 44 BRASIL;7;ATIVO;6;0;24;0;30/04/2026;11
NAO ALIMENTO;38300;KIT 3 MEIAS CANO LONGO 39 44 BRASIL;8;ATIVO;6;0;24;0;30/04/2026;11
NAO ALIMENTO;38300;KIT 3 MEIAS CANO LONGO 39 44 BRASIL;11;ATIVO;6;0;24;0;30/04/2026;11
NAO ALIMENTO;38300;KIT 3 MEIAS CANO LONGO 39 44 BRASIL;12;ATIVO;6;0;24;0;30/04/2026;11
NAO ALIMENTO;38300;KIT 3 MEIAS CANO LONGO 39 44 BRASIL;13;ATIVO;6;0;24;0;30/04/2026;11
NAO ALIMENTO;38300;KIT 3 MEIAS CANO LONGO 39 44 BRASIL;14;ATIVO;6;12;12;0;30/04/2026;11
NAO ALIMENTO;38300;KIT 3 MEIAS CANO LONGO 39 44 BRASIL;15;ATIVO;6;0;0;0;30/04/2026;11
NAO ALIMENTO;38300;KIT 3 MEIAS CANO LONGO 39 44 BRASIL;16;ATIVO;6;0;0;0;30/04/2026;11
NAO ALIMENTO;38300;KIT 3 MEIAS CANO LONGO 39 44 BRASIL;17;ATIVO;6;0;24;0;30/04/2026;11
NAO ALIMENTO;38300;KIT 3 MEIAS CANO LONGO 39 44 BRASIL;18;ATIVO;6;0;24;0;30/04/2026;11
NAO ALIMENTO;38300;KIT 3 MEIAS CANO LONGO 39 44 BRASIL;50;ATIVO;6;0;0;0;30/04/2026;11
NAO ALIMENTO;38361;KIT 3 MEIAS CANO LONGO ESPORT 39 44;1;ATIVO;6;0;0;0;07/05/2026;4
NAO ALIMENTO;38361;KIT 3 MEIAS CANO LONGO ESPORT 39 44;2;ATIVO;6;0;12;0;07/05/2026;4
NAO ALIMENTO;38361;KIT 3 MEIAS CANO LONGO ESPORT 39 44;3;ATIVO;6;0;24;0;07/05/2026;4
NAO ALIMENTO;38361;KIT 3 MEIAS CANO LONGO ESPORT 39 44;4;ATIVO;6;0;12;0;07/05/2026;4
NAO ALIMENTO;38361;KIT 3 MEIAS CANO LONGO ESPORT 39 44;5;ATIVO;6;0;12;0;07/05/2026;4
NAO ALIMENTO;38361;KIT 3 MEIAS CANO LONGO ESPORT 39 44;6;ATIVO;6;11;0;0;07/05/2026;4
NAO ALIMENTO;38361;KIT 3 MEIAS CANO LONGO ESPORT 39 44;7;ATIVO;6;0;12;0;07/05/2026;4
NAO ALIMENTO;38361;KIT 3 MEIAS CANO LONGO ESPORT 39 44;8;ATIVO;6;0;12;0;07/05/2026;4
NAO ALIMENTO;38361;KIT 3 MEIAS CANO LONGO ESPORT 39 44;11;ATIVO;6;0;12;0;07/05/2026;4
NAO ALIMENTO;38361;KIT 3 MEIAS CANO LONGO ESPORT 39 44;12;ATIVO;6;0;12;0;07/05/2026;4
NAO ALIMENTO;38361;KIT 3 MEIAS CANO LONGO ESPORT 39 44;13;ATIVO;6;0;12;0;07/05/2026;4
NAO ALIMENTO;38361;KIT 3 MEIAS CANO LONGO ESPORT 39 44;14;ATIVO;6;12;0;0;07/05/2026;4
NAO ALIMENTO;38361;KIT 3 MEIAS CANO LONGO ESPORT 39 44;15;ATIVO;6;0;0;0;07/05/2026;4
NAO ALIMENTO;38361;KIT 3 MEIAS CANO LONGO ESPORT 39 44;16;ATIVO;6;0;0;0;07/05/2026;4
NAO ALIMENTO;38361;KIT 3 MEIAS CANO LONGO ESPORT 39 44;17;ATIVO;6;0;12;0;07/05/2026;4
NAO ALIMENTO;38361;KIT 3 MEIAS CANO LONGO ESPORT 39 44;18;ATIVO;6;0;12;0;07/05/2026;4
NAO ALIMENTO;38361;KIT 3 MEIAS CANO LONGO ESPORT 39 44;50;ATIVO;6;0;0;0;07/05/2026;4
NAO ALIMENTO;38301;KIT 3 MEIAS ESPORT 34 39 CANO MD LS;1;ATIVO;6;0;0;0;30/04/2026;11
NAO ALIMENTO;38301;KIT 3 MEIAS ESPORT 34 39 CANO MD LS;2;ATIVO;6;10;0;0;30/04/2026;11
NAO ALIMENTO;38301;KIT 3 MEIAS ESPORT 34 39 CANO MD LS;3;ATIVO;6;0;0;0;30/04/2026;11
NAO ALIMENTO;38301;KIT 3 MEIAS ESPORT 34 39 CANO MD LS;4;ATIVO;6;0;36;0;30/04/2026;11
NAO ALIMENTO;38301;KIT 3 MEIAS ESPORT 34 39 CANO MD LS;5;ATIVO;6;0;36;0;30/04/2026;11
NAO ALIMENTO;38301;KIT 3 MEIAS ESPORT 34 39 CANO MD LS;6;ATIVO;6;33;0;0;30/04/2026;11
NAO ALIMENTO;38301;KIT 3 MEIAS ESPORT 34 39 CANO MD LS;7;ATIVO;6;-14;36;0;30/04/2026;11
NAO ALIMENTO;38301;KIT 3 MEIAS ESPORT 34 39 CANO MD LS;8;ATIVO;6;-8;36;0;30/04/2026;11
NAO ALIMENTO;38301;KIT 3 MEIAS ESPORT 34 39 CANO MD LS;11;ATIVO;6;0;36;0;30/04/2026;11
NAO ALIMENTO;38301;KIT 3 MEIAS ESPORT 34 39 CANO MD LS;12;ATIVO;6;0;36;0;30/04/2026;11
NAO ALIMENTO;38301;KIT 3 MEIAS ESPORT 34 39 CANO MD LS;13;ATIVO;6;0;36;0;30/04/2026;11
NAO ALIMENTO;38301;KIT 3 MEIAS ESPORT 34 39 CANO MD LS;14;ATIVO;6;36;0;0;30/04/2026;11
NAO ALIMENTO;38301;KIT 3 MEIAS ESPORT 34 39 CANO MD LS;15;ATIVO;6;0;0;0;30/04/2026;11
NAO ALIMENTO;38301;KIT 3 MEIAS ESPORT 34 39 CANO MD LS;16;ATIVO;6;0;0;0;30/04/2026;11
NAO ALIMENTO;38301;KIT 3 MEIAS ESPORT 34 39 CANO MD LS;17;ATIVO;6;0;36;0;30/04/2026;11
NAO ALIMENTO;38301;KIT 3 MEIAS ESPORT 34 39 CANO MD LS;18;ATIVO;6;0;36;0;30/04/2026;11
NAO ALIMENTO;38301;KIT 3 MEIAS ESPORT 34 39 CANO MD LS;50;ATIVO;6;0;0;0;30/04/2026;11
NAO ALIMENTO;38302;KIT 3 MEIAS ESPORT 39 42 CANO MEDIO;1;ATIVO;6;0;0;0;30/04/2026;11
NAO ALIMENTO;38302;KIT 3 MEIAS ESPORT 39 42 CANO MEDIO;2;ATIVO;6;11;0;0;30/04/2026;11
NAO ALIMENTO;38302;KIT 3 MEIAS ESPORT 39 42 CANO MEDIO;3;ATIVO;6;0;0;0;30/04/2026;11
NAO ALIMENTO;38302;KIT 3 MEIAS ESPORT 39 42 CANO MEDIO;4;ATIVO;6;0;36;0;30/04/2026;11
NAO ALIMENTO;38302;KIT 3 MEIAS ESPORT 39 42 CANO MEDIO;5;ATIVO;6;0;36;0;30/04/2026;11
NAO ALIMENTO;38302;KIT 3 MEIAS ESPORT 39 42 CANO MEDIO;6;ATIVO;6;29;0;0;30/04/2026;11
NAO ALIMENTO;38302;KIT 3 MEIAS ESPORT 39 42 CANO MEDIO;7;ATIVO;6;-21;36;0;30/04/2026;11
NAO ALIMENTO;38302;KIT 3 MEIAS ESPORT 39 42 CANO MEDIO;8;ATIVO;6;-15;36;0;30/04/2026;11
NAO ALIMENTO;38302;KIT 3 MEIAS ESPORT 39 42 CANO MEDIO;11;ATIVO;6;0;36;0;30/04/2026;11
NAO ALIMENTO;38302;KIT 3 MEIAS ESPORT 39 42 CANO MEDIO;12;ATIVO;6;0;36;0;30/04/2026;11
NAO ALIMENTO;38302;KIT 3 MEIAS ESPORT 39 42 CANO MEDIO;13;ATIVO;6;0;36;0;30/04/2026;11
NAO ALIMENTO;38302;KIT 3 MEIAS ESPORT 39 42 CANO MEDIO;14;ATIVO;6;36;0;0;30/04/2026;11
NAO ALIMENTO;38302;KIT 3 MEIAS ESPORT 39 42 CANO MEDIO;15;ATIVO;6;0;0;0;30/04/2026;11
NAO ALIMENTO;38302;KIT 3 MEIAS ESPORT 39 42 CANO MEDIO;16;ATIVO;6;0;0;0;30/04/2026;11
NAO ALIMENTO;38302;KIT 3 MEIAS ESPORT 39 42 CANO MEDIO;17;ATIVO;6;0;36;0;30/04/2026;11
NAO ALIMENTO;38302;KIT 3 MEIAS ESPORT 39 42 CANO MEDIO;18;ATIVO;6;0;36;0;30/04/2026;11
NAO ALIMENTO;38302;KIT 3 MEIAS ESPORT 39 42 CANO MEDIO;50;ATIVO;6;0;0;0;30/04/2026;11
NAO ALIMENTO;38298;KIT 3 MEIAS ESPORT 39 44 BC LISTRAS;1;ATIVO;6;0;0;0;30/04/2026;11
NAO ALIMENTO;38298;KIT 3 MEIAS ESPORT 39 44 BC LISTRAS;2;ATIVO;6;12;0;0;30/04/2026;11
NAO ALIMENTO;38298;KIT 3 MEIAS ESPORT 39 44 BC LISTRAS;3;ATIVO;6;0;24;0;30/04/2026;11
NAO ALIMENTO;38298;KIT 3 MEIAS ESPORT 39 44 BC LISTRAS;4;ATIVO;6;0;12;0;30/04/2026;11
NAO ALIMENTO;38298;KIT 3 MEIAS ESPORT 39 44 BC LISTRAS;5;ATIVO;6;0;12;0;30/04/2026;11
NAO ALIMENTO;38298;KIT 3 MEIAS ESPORT 39 44 BC LISTRAS;6;ATIVO;6;9;0;0;30/04/2026;11
NAO ALIMENTO;38298;KIT 3 MEIAS ESPORT 39 44 BC LISTRAS;7;ATIVO;6;-1;12;0;30/04/2026;11
NAO ALIMENTO;38298;KIT 3 MEIAS ESPORT 39 44 BC LISTRAS;8;ATIVO;6;0;12;0;30/04/2026;11
NAO ALIMENTO;38298;KIT 3 MEIAS ESPORT 39 44 BC LISTRAS;11;ATIVO;6;0;12;0;30/04/2026;11
NAO ALIMENTO;38298;KIT 3 MEIAS ESPORT 39 44 BC LISTRAS;12;ATIVO;6;0;12;0;30/04/2026;11
NAO ALIMENTO;38298;KIT 3 MEIAS ESPORT 39 44 BC LISTRAS;13;ATIVO;6;0;12;0;30/04/2026;11
NAO ALIMENTO;38298;KIT 3 MEIAS ESPORT 39 44 BC LISTRAS;14;ATIVO;6;12;0;0;30/04/2026;11
NAO ALIMENTO;38298;KIT 3 MEIAS ESPORT 39 44 BC LISTRAS;15;ATIVO;6;0;0;0;30/04/2026;11
NAO ALIMENTO;38298;KIT 3 MEIAS ESPORT 39 44 BC LISTRAS;16;ATIVO;6;0;0;0;30/04/2026;11
NAO ALIMENTO;38298;KIT 3 MEIAS ESPORT 39 44 BC LISTRAS;17;ATIVO;6;0;12;0;30/04/2026;11
NAO ALIMENTO;38298;KIT 3 MEIAS ESPORT 39 44 BC LISTRAS;18;ATIVO;6;0;12;0;30/04/2026;11
NAO ALIMENTO;38298;KIT 3 MEIAS ESPORT 39 44 BC LISTRAS;50;ATIVO;6;0;0;0;30/04/2026;11
NAO ALIMENTO;38294;KIT 3 MEIAS ESPORT 39 44 BC PT CZ;1;ATIVO;6;0;0;0;30/04/2026;11
NAO ALIMENTO;38294;KIT 3 MEIAS ESPORT 39 44 BC PT CZ;2;ATIVO;6;12;0;0;30/04/2026;11
NAO ALIMENTO;38294;KIT 3 MEIAS ESPORT 39 44 BC PT CZ;3;ATIVO;6;0;0;0;30/04/2026;11
NAO ALIMENTO;38294;KIT 3 MEIAS ESPORT 39 44 BC PT CZ;4;ATIVO;6;0;12;0;30/04/2026;11
NAO ALIMENTO;38294;KIT 3 MEIAS ESPORT 39 44 BC PT CZ;5;ATIVO;6;0;12;0;30/04/2026;11
NAO ALIMENTO;38294;KIT 3 MEIAS ESPORT 39 44 BC PT CZ;6;ATIVO;6;11;0;0;30/04/2026;11
NAO ALIMENTO;38294;KIT 3 MEIAS ESPORT 39 44 BC PT CZ;7;ATIVO;6;0;12;0;30/04/2026;11
NAO ALIMENTO;38294;KIT 3 MEIAS ESPORT 39 44 BC PT CZ;8;ATIVO;6;-3;12;0;30/04/2026;11
NAO ALIMENTO;38294;KIT 3 MEIAS ESPORT 39 44 BC PT CZ;11;ATIVO;6;0;12;0;30/04/2026;11
NAO ALIMENTO;38294;KIT 3 MEIAS ESPORT 39 44 BC PT CZ;12;ATIVO;6;0;12;0;30/04/2026;11
NAO ALIMENTO;38294;KIT 3 MEIAS ESPORT 39 44 BC PT CZ;13;ATIVO;6;0;12;0;30/04/2026;11
NAO ALIMENTO;38294;KIT 3 MEIAS ESPORT 39 44 BC PT CZ;14;ATIVO;6;12;0;0;30/04/2026;11
NAO ALIMENTO;38294;KIT 3 MEIAS ESPORT 39 44 BC PT CZ;15;ATIVO;6;0;0;0;30/04/2026;11
NAO ALIMENTO;38294;KIT 3 MEIAS ESPORT 39 44 BC PT CZ;16;ATIVO;6;0;0;0;30/04/2026;11
NAO ALIMENTO;38294;KIT 3 MEIAS ESPORT 39 44 BC PT CZ;17;ATIVO;6;0;12;0;30/04/2026;11
NAO ALIMENTO;38294;KIT 3 MEIAS ESPORT 39 44 BC PT CZ;18;ATIVO;6;0;12;0;30/04/2026;11
NAO ALIMENTO;38294;KIT 3 MEIAS ESPORT 39 44 BC PT CZ;50;ATIVO;6;0;0;0;30/04/2026;11
NAO ALIMENTO;38362;KIT 3 MEIAS ESPORT PT BC CZ 39 44;1;ATIVO;6;0;0;0;07/05/2026;4
NAO ALIMENTO;38362;KIT 3 MEIAS ESPORT PT BC CZ 39 44;2;ATIVO;6;0;12;0;07/05/2026;4
NAO ALIMENTO;38362;KIT 3 MEIAS ESPORT PT BC CZ 39 44;3;ATIVO;6;0;24;0;07/05/2026;4
NAO ALIMENTO;38362;KIT 3 MEIAS ESPORT PT BC CZ 39 44;4;ATIVO;6;0;12;0;07/05/2026;4
NAO ALIMENTO;38362;KIT 3 MEIAS ESPORT PT BC CZ 39 44;5;ATIVO;6;0;12;0;07/05/2026;4
NAO ALIMENTO;38362;KIT 3 MEIAS ESPORT PT BC CZ 39 44;6;ATIVO;6;0;12;0;07/05/2026;4
NAO ALIMENTO;38362;KIT 3 MEIAS ESPORT PT BC CZ 39 44;7;ATIVO;6;0;12;0;07/05/2026;4
NAO ALIMENTO;38362;KIT 3 MEIAS ESPORT PT BC CZ 39 44;8;ATIVO;6;0;12;0;07/05/2026;4
NAO ALIMENTO;38362;KIT 3 MEIAS ESPORT PT BC CZ 39 44;11;ATIVO;6;0;12;0;07/05/2026;4
NAO ALIMENTO;38362;KIT 3 MEIAS ESPORT PT BC CZ 39 44;12;ATIVO;6;0;12;0;07/05/2026;4
NAO ALIMENTO;38362;KIT 3 MEIAS ESPORT PT BC CZ 39 44;13;ATIVO;6;0;12;0;07/05/2026;4
NAO ALIMENTO;38362;KIT 3 MEIAS ESPORT PT BC CZ 39 44;14;ATIVO;6;0;12;0;07/05/2026;4
NAO ALIMENTO;38362;KIT 3 MEIAS ESPORT PT BC CZ 39 44;15;ATIVO;6;0;0;0;07/05/2026;4
NAO ALIMENTO;38362;KIT 3 MEIAS ESPORT PT BC CZ 39 44;16;ATIVO;6;0;0;0;07/05/2026;4
NAO ALIMENTO;38362;KIT 3 MEIAS ESPORT PT BC CZ 39 44;17;ATIVO;6;0;12;0;07/05/2026;4
NAO ALIMENTO;38362;KIT 3 MEIAS ESPORT PT BC CZ 39 44;18;ATIVO;6;0;12;0;07/05/2026;4
NAO ALIMENTO;38362;KIT 3 MEIAS ESPORT PT BC CZ 39 44;50;ATIVO;6;0;0;0;07/05/2026;4
NAO ALIMENTO;38296;KIT 3 MEIAS ESPORTIVA 39 44 PT;1;ATIVO;6;0;0;0;30/04/2026;11
NAO ALIMENTO;38296;KIT 3 MEIAS ESPORTIVA 39 44 PT;2;ATIVO;6;6;0;0;30/04/2026;11
NAO ALIMENTO;38296;KIT 3 MEIAS ESPORTIVA 39 44 PT;3;ATIVO;6;0;0;0;30/04/2026;11
NAO ALIMENTO;38296;KIT 3 MEIAS ESPORTIVA 39 44 PT;4;ATIVO;6;0;6;0;30/04/2026;11
NAO ALIMENTO;38296;KIT 3 MEIAS ESPORTIVA 39 44 PT;5;ATIVO;6;0;6;0;30/04/2026;11
NAO ALIMENTO;38296;KIT 3 MEIAS ESPORTIVA 39 44 PT;6;ATIVO;6;6;0;0;30/04/2026;11
NAO ALIMENTO;38296;KIT 3 MEIAS ESPORTIVA 39 44 PT;7;ATIVO;6;0;6;0;30/04/2026;11
NAO ALIMENTO;38296;KIT 3 MEIAS ESPORTIVA 39 44 PT;8;ATIVO;6;-1;6;0;30/04/2026;11
NAO ALIMENTO;38296;KIT 3 MEIAS ESPORTIVA 39 44 PT;11;ATIVO;6;0;6;0;30/04/2026;11
NAO ALIMENTO;38296;KIT 3 MEIAS ESPORTIVA 39 44 PT;12;ATIVO;6;0;6;0;30/04/2026;11
NAO ALIMENTO;38296;KIT 3 MEIAS ESPORTIVA 39 44 PT;13;ATIVO;6;0;6;0;30/04/2026;11
NAO ALIMENTO;38296;KIT 3 MEIAS ESPORTIVA 39 44 PT;14;ATIVO;6;6;0;0;30/04/2026;11
NAO ALIMENTO;38296;KIT 3 MEIAS ESPORTIVA 39 44 PT;15;ATIVO;6;0;0;0;30/04/2026;11
NAO ALIMENTO;38296;KIT 3 MEIAS ESPORTIVA 39 44 PT;16;ATIVO;6;0;0;0;30/04/2026;11
NAO ALIMENTO;38296;KIT 3 MEIAS ESPORTIVA 39 44 PT;17;ATIVO;6;0;6;0;30/04/2026;11
NAO ALIMENTO;38296;KIT 3 MEIAS ESPORTIVA 39 44 PT;18;ATIVO;6;0;6;0;30/04/2026;11
NAO ALIMENTO;38296;KIT 3 MEIAS ESPORTIVA 39 44 PT;50;ATIVO;6;0;0;0;30/04/2026;11
NAO ALIMENTO;38291;KIT 3 MEIAS ESPORTIVA BC C LISTRAS 39 A 44;1;ATIVO;6;0;0;0;30/04/2026;11
NAO ALIMENTO;38291;KIT 3 MEIAS ESPORTIVA BC C LISTRAS 39 A 44;2;ATIVO;6;12;0;0;30/04/2026;11
NAO ALIMENTO;38291;KIT 3 MEIAS ESPORTIVA BC C LISTRAS 39 A 44;3;ATIVO;6;0;0;0;30/04/2026;11
NAO ALIMENTO;38291;KIT 3 MEIAS ESPORTIVA BC C LISTRAS 39 A 44;4;ATIVO;6;0;12;0;30/04/2026;11
NAO ALIMENTO;38291;KIT 3 MEIAS ESPORTIVA BC C LISTRAS 39 A 44;5;ATIVO;6;0;12;0;30/04/2026;11
NAO ALIMENTO;38291;KIT 3 MEIAS ESPORTIVA BC C LISTRAS 39 A 44;6;ATIVO;6;11;0;0;30/04/2026;11
NAO ALIMENTO;38291;KIT 3 MEIAS ESPORTIVA BC C LISTRAS 39 A 44;7;ATIVO;6;0;12;0;30/04/2026;11
NAO ALIMENTO;38291;KIT 3 MEIAS ESPORTIVA BC C LISTRAS 39 A 44;8;ATIVO;6;0;12;0;30/04/2026;11
NAO ALIMENTO;38291;KIT 3 MEIAS ESPORTIVA BC C LISTRAS 39 A 44;11;ATIVO;6;0;12;0;30/04/2026;11
NAO ALIMENTO;38291;KIT 3 MEIAS ESPORTIVA BC C LISTRAS 39 A 44;12;ATIVO;6;0;12;0;30/04/2026;11
NAO ALIMENTO;38291;KIT 3 MEIAS ESPORTIVA BC C LISTRAS 39 A 44;13;ATIVO;6;0;12;0;30/04/2026;11
NAO ALIMENTO;38291;KIT 3 MEIAS ESPORTIVA BC C LISTRAS 39 A 44;14;ATIVO;6;12;0;0;30/04/2026;11
NAO ALIMENTO;38291;KIT 3 MEIAS ESPORTIVA BC C LISTRAS 39 A 44;15;ATIVO;6;0;0;0;30/04/2026;11
NAO ALIMENTO;38291;KIT 3 MEIAS ESPORTIVA BC C LISTRAS 39 A 44;16;ATIVO;6;0;0;0;30/04/2026;11
NAO ALIMENTO;38291;KIT 3 MEIAS ESPORTIVA BC C LISTRAS 39 A 44;17;ATIVO;6;0;12;0;30/04/2026;11
NAO ALIMENTO;38291;KIT 3 MEIAS ESPORTIVA BC C LISTRAS 39 A 44;18;ATIVO;6;0;12;0;30/04/2026;11
NAO ALIMENTO;38291;KIT 3 MEIAS ESPORTIVA BC C LISTRAS 39 A 44;50;ATIVO;6;0;0;0;30/04/2026;11
NAO ALIMENTO;38289;KIT 3 MEIAS ESPORTIVA BC PT CZ;1;ATIVO;6;0;0;0;30/04/2026;11
NAO ALIMENTO;38289;KIT 3 MEIAS ESPORTIVA BC PT CZ;2;ATIVO;6;12;0;0;30/04/2026;11
NAO ALIMENTO;38289;KIT 3 MEIAS ESPORTIVA BC PT CZ;3;ATIVO;6;0;0;0;30/04/2026;11
NAO ALIMENTO;38289;KIT 3 MEIAS ESPORTIVA BC PT CZ;4;ATIVO;6;0;12;0;30/04/2026;11
NAO ALIMENTO;38289;KIT 3 MEIAS ESPORTIVA BC PT CZ;5;ATIVO;6;0;12;0;30/04/2026;11
NAO ALIMENTO;38289;KIT 3 MEIAS ESPORTIVA BC PT CZ;6;ATIVO;6;11;0;0;30/04/2026;11
NAO ALIMENTO;38289;KIT 3 MEIAS ESPORTIVA BC PT CZ;7;ATIVO;6;-1;12;0;30/04/2026;11
NAO ALIMENTO;38289;KIT 3 MEIAS ESPORTIVA BC PT CZ;8;ATIVO;6;0;12;0;30/04/2026;11
NAO ALIMENTO;38289;KIT 3 MEIAS ESPORTIVA BC PT CZ;11;ATIVO;6;0;12;0;30/04/2026;11
NAO ALIMENTO;38289;KIT 3 MEIAS ESPORTIVA BC PT CZ;12;ATIVO;6;0;12;0;30/04/2026;11
NAO ALIMENTO;38289;KIT 3 MEIAS ESPORTIVA BC PT CZ;13;ATIVO;6;0;12;0;30/04/2026;11
NAO ALIMENTO;38289;KIT 3 MEIAS ESPORTIVA BC PT CZ;14;ATIVO;6;12;0;0;30/04/2026;11
NAO ALIMENTO;38289;KIT 3 MEIAS ESPORTIVA BC PT CZ;15;ATIVO;6;0;0;0;30/04/2026;11
NAO ALIMENTO;38289;KIT 3 MEIAS ESPORTIVA BC PT CZ;16;ATIVO;6;0;0;0;30/04/2026;11
NAO ALIMENTO;38289;KIT 3 MEIAS ESPORTIVA BC PT CZ;17;ATIVO;6;0;12;0;30/04/2026;11
NAO ALIMENTO;38289;KIT 3 MEIAS ESPORTIVA BC PT CZ;18;ATIVO;6;0;12;0;30/04/2026;11
NAO ALIMENTO;38289;KIT 3 MEIAS ESPORTIVA BC PT CZ;50;ATIVO;6;0;0;0;30/04/2026;11
NAO ALIMENTO;38311;KIT 3 MEIAS INF SOQUETE 23A26 CZ PT AZ;1;ATIVO;6;0;0;0;30/04/2026;11
NAO ALIMENTO;38311;KIT 3 MEIAS INF SOQUETE 23A26 CZ PT AZ;2;ATIVO;6;6;0;0;30/04/2026;11
NAO ALIMENTO;38311;KIT 3 MEIAS INF SOQUETE 23A26 CZ PT AZ;3;ATIVO;6;0;0;0;30/04/2026;11
NAO ALIMENTO;38311;KIT 3 MEIAS INF SOQUETE 23A26 CZ PT AZ;4;ATIVO;6;0;6;0;30/04/2026;11
NAO ALIMENTO;38311;KIT 3 MEIAS INF SOQUETE 23A26 CZ PT AZ;5;ATIVO;6;0;6;0;30/04/2026;11
NAO ALIMENTO;38311;KIT 3 MEIAS INF SOQUETE 23A26 CZ PT AZ;6;ATIVO;6;6;0;0;30/04/2026;11
NAO ALIMENTO;38311;KIT 3 MEIAS INF SOQUETE 23A26 CZ PT AZ;7;ATIVO;6;0;6;0;30/04/2026;11
NAO ALIMENTO;38311;KIT 3 MEIAS INF SOQUETE 23A26 CZ PT AZ;8;ATIVO;6;0;6;0;30/04/2026;11
NAO ALIMENTO;38311;KIT 3 MEIAS INF SOQUETE 23A26 CZ PT AZ;11;ATIVO;6;0;6;0;30/04/2026;11
NAO ALIMENTO;38311;KIT 3 MEIAS INF SOQUETE 23A26 CZ PT AZ;12;ATIVO;6;0;6;0;30/04/2026;11
NAO ALIMENTO;38311;KIT 3 MEIAS INF SOQUETE 23A26 CZ PT AZ;13;ATIVO;6;0;6;0;30/04/2026;11
NAO ALIMENTO;38311;KIT 3 MEIAS INF SOQUETE 23A26 CZ PT AZ;14;ATIVO;6;6;0;0;30/04/2026;11
NAO ALIMENTO;38311;KIT 3 MEIAS INF SOQUETE 23A26 CZ PT AZ;15;ATIVO;6;0;0;0;30/04/2026;11
NAO ALIMENTO;38311;KIT 3 MEIAS INF SOQUETE 23A26 CZ PT AZ;16;ATIVO;6;0;0;0;30/04/2026;11
NAO ALIMENTO;38311;KIT 3 MEIAS INF SOQUETE 23A26 CZ PT AZ;17;ATIVO;6;0;6;0;30/04/2026;11
NAO ALIMENTO;38311;KIT 3 MEIAS INF SOQUETE 23A26 CZ PT AZ;18;ATIVO;6;0;6;0;30/04/2026;11
NAO ALIMENTO;38311;KIT 3 MEIAS INF SOQUETE 23A26 CZ PT AZ;50;ATIVO;6;0;0;0;30/04/2026;11
NAO ALIMENTO;38313;KIT 3 MEIAS INF SOQUETE 23A26 GAME ON;1;ATIVO;6;0;0;0;30/04/2026;11
NAO ALIMENTO;38313;KIT 3 MEIAS INF SOQUETE 23A26 GAME ON;2;ATIVO;6;6;0;0;30/04/2026;11
NAO ALIMENTO;38313;KIT 3 MEIAS INF SOQUETE 23A26 GAME ON;3;ATIVO;6;0;0;0;30/04/2026;11
NAO ALIMENTO;38313;KIT 3 MEIAS INF SOQUETE 23A26 GAME ON;4;ATIVO;6;0;6;0;30/04/2026;11
NAO ALIMENTO;38313;KIT 3 MEIAS INF SOQUETE 23A26 GAME ON;5;ATIVO;6;0;6;0;30/04/2026;11
NAO ALIMENTO;38313;KIT 3 MEIAS INF SOQUETE 23A26 GAME ON;6;ATIVO;6;6;0;0;30/04/2026;11
NAO ALIMENTO;38313;KIT 3 MEIAS INF SOQUETE 23A26 GAME ON;7;ATIVO;6;0;6;0;30/04/2026;11
NAO ALIMENTO;38313;KIT 3 MEIAS INF SOQUETE 23A26 GAME ON;8;ATIVO;6;0;6;0;30/04/2026;11
NAO ALIMENTO;38313;KIT 3 MEIAS INF SOQUETE 23A26 GAME ON;11;ATIVO;6;0;6;0;30/04/2026;11
NAO ALIMENTO;38313;KIT 3 MEIAS INF SOQUETE 23A26 GAME ON;12;ATIVO;6;0;6;0;30/04/2026;11
NAO ALIMENTO;38313;KIT 3 MEIAS INF SOQUETE 23A26 GAME ON;13;ATIVO;6;0;6;0;30/04/2026;11
NAO ALIMENTO;38313;KIT 3 MEIAS INF SOQUETE 23A26 GAME ON;14;ATIVO;6;6;0;0;30/04/2026;11
NAO ALIMENTO;38313;KIT 3 MEIAS INF SOQUETE 23A26 GAME ON;15;ATIVO;6;0;0;0;30/04/2026;11
NAO ALIMENTO;38313;KIT 3 MEIAS INF SOQUETE 23A26 GAME ON;16;ATIVO;6;0;0;0;30/04/2026;11
NAO ALIMENTO;38313;KIT 3 MEIAS INF SOQUETE 23A26 GAME ON;17;ATIVO;6;0;6;0;30/04/2026;11
NAO ALIMENTO;38313;KIT 3 MEIAS INF SOQUETE 23A26 GAME ON;18;ATIVO;6;0;6;0;30/04/2026;11
NAO ALIMENTO;38313;KIT 3 MEIAS INF SOQUETE 23A26 GAME ON;50;ATIVO;6;0;0;0;30/04/2026;11
NAO ALIMENTO;38314;KIT 3 MEIAS INF SOQUETE 23A26 RS CR AZ;1;ATIVO;6;0;0;0;30/04/2026;11
NAO ALIMENTO;38314;KIT 3 MEIAS INF SOQUETE 23A26 RS CR AZ;2;ATIVO;6;5;0;0;30/04/2026;11
NAO ALIMENTO;38314;KIT 3 MEIAS INF SOQUETE 23A26 RS CR AZ;3;ATIVO;6;0;0;0;30/04/2026;11
NAO ALIMENTO;38314;KIT 3 MEIAS INF SOQUETE 23A26 RS CR AZ;4;ATIVO;6;0;6;0;30/04/2026;11
NAO ALIMENTO;38314;KIT 3 MEIAS INF SOQUETE 23A26 RS CR AZ;5;ATIVO;6;0;6;0;30/04/2026;11
NAO ALIMENTO;38314;KIT 3 MEIAS INF SOQUETE 23A26 RS CR AZ;6;ATIVO;6;6;0;0;30/04/2026;11
NAO ALIMENTO;38314;KIT 3 MEIAS INF SOQUETE 23A26 RS CR AZ;7;ATIVO;6;0;6;0;30/04/2026;11
NAO ALIMENTO;38314;KIT 3 MEIAS INF SOQUETE 23A26 RS CR AZ;8;ATIVO;6;0;6;0;30/04/2026;11
NAO ALIMENTO;38314;KIT 3 MEIAS INF SOQUETE 23A26 RS CR AZ;11;ATIVO;6;0;6;0;30/04/2026;11
NAO ALIMENTO;38314;KIT 3 MEIAS INF SOQUETE 23A26 RS CR AZ;12;ATIVO;6;0;6;0;30/04/2026;11
NAO ALIMENTO;38314;KIT 3 MEIAS INF SOQUETE 23A26 RS CR AZ;13;ATIVO;6;0;6;0;30/04/2026;11
NAO ALIMENTO;38314;KIT 3 MEIAS INF SOQUETE 23A26 RS CR AZ;14;ATIVO;6;6;0;0;30/04/2026;11
NAO ALIMENTO;38314;KIT 3 MEIAS INF SOQUETE 23A26 RS CR AZ;15;ATIVO;6;0;0;0;30/04/2026;11
NAO ALIMENTO;38314;KIT 3 MEIAS INF SOQUETE 23A26 RS CR AZ;16;ATIVO;6;0;0;0;30/04/2026;11
NAO ALIMENTO;38314;KIT 3 MEIAS INF SOQUETE 23A26 RS CR AZ;17;ATIVO;6;0;6;0;30/04/2026;11
NAO ALIMENTO;38314;KIT 3 MEIAS INF SOQUETE 23A26 RS CR AZ;18;ATIVO;6;0;6;0;30/04/2026;11
NAO ALIMENTO;38314;KIT 3 MEIAS INF SOQUETE 23A26 RS CR AZ;50;ATIVO;6;0;0;0;30/04/2026;11
NAO ALIMENTO;38308;KIT 3 MEIAS INF SOQUETE 27 A 30 GAME ON;1;ATIVO;6;0;0;0;30/04/2026;11
NAO ALIMENTO;38308;KIT 3 MEIAS INF SOQUETE 27 A 30 GAME ON;2;ATIVO;6;6;0;0;30/04/2026;11
NAO ALIMENTO;38308;KIT 3 MEIAS INF SOQUETE 27 A 30 GAME ON;3;ATIVO;6;0;0;0;30/04/2026;11
NAO ALIMENTO;38308;KIT 3 MEIAS INF SOQUETE 27 A 30 GAME ON;4;ATIVO;6;0;6;0;30/04/2026;11
NAO ALIMENTO;38308;KIT 3 MEIAS INF SOQUETE 27 A 30 GAME ON;5;ATIVO;6;0;6;0;30/04/2026;11
NAO ALIMENTO;38308;KIT 3 MEIAS INF SOQUETE 27 A 30 GAME ON;6;ATIVO;6;6;0;0;30/04/2026;11
NAO ALIMENTO;38308;KIT 3 MEIAS INF SOQUETE 27 A 30 GAME ON;7;ATIVO;6;0;6;0;30/04/2026;11
NAO ALIMENTO;38308;KIT 3 MEIAS INF SOQUETE 27 A 30 GAME ON;8;ATIVO;6;0;6;0;30/04/2026;11
NAO ALIMENTO;38308;KIT 3 MEIAS INF SOQUETE 27 A 30 GAME ON;11;ATIVO;6;0;6;0;30/04/2026;11
NAO ALIMENTO;38308;KIT 3 MEIAS INF SOQUETE 27 A 30 GAME ON;12;ATIVO;6;0;6;0;30/04/2026;11
NAO ALIMENTO;38308;KIT 3 MEIAS INF SOQUETE 27 A 30 GAME ON;13;ATIVO;6;0;6;0;30/04/2026;11
NAO ALIMENTO;38308;KIT 3 MEIAS INF SOQUETE 27 A 30 GAME ON;14;ATIVO;6;6;0;0;30/04/2026;11
NAO ALIMENTO;38308;KIT 3 MEIAS INF SOQUETE 27 A 30 GAME ON;15;ATIVO;6;0;0;0;30/04/2026;11
NAO ALIMENTO;38308;KIT 3 MEIAS INF SOQUETE 27 A 30 GAME ON;16;ATIVO;6;0;0;0;30/04/2026;11
NAO ALIMENTO;38308;KIT 3 MEIAS INF SOQUETE 27 A 30 GAME ON;17;ATIVO;6;0;6;0;30/04/2026;11
NAO ALIMENTO;38308;KIT 3 MEIAS INF SOQUETE 27 A 30 GAME ON;18;ATIVO;6;0;6;0;30/04/2026;11
NAO ALIMENTO;38308;KIT 3 MEIAS INF SOQUETE 27 A 30 GAME ON;50;ATIVO;6;0;0;0;30/04/2026;11
NAO ALIMENTO;38306;KIT 3 MEIAS INF SOQUETE 27A30 CZ PT AZ;1;ATIVO;6;0;0;0;30/04/2026;11
NAO ALIMENTO;38306;KIT 3 MEIAS INF SOQUETE 27A30 CZ PT AZ;2;ATIVO;6;5;0;0;30/04/2026;11
NAO ALIMENTO;38306;KIT 3 MEIAS INF SOQUETE 27A30 CZ PT AZ;3;ATIVO;6;0;0;0;30/04/2026;11
NAO ALIMENTO;38306;KIT 3 MEIAS INF SOQUETE 27A30 CZ PT AZ;4;ATIVO;6;0;6;0;30/04/2026;11
NAO ALIMENTO;38306;KIT 3 MEIAS INF SOQUETE 27A30 CZ PT AZ;5;ATIVO;6;0;6;0;30/04/2026;11
NAO ALIMENTO;38306;KIT 3 MEIAS INF SOQUETE 27A30 CZ PT AZ;6;ATIVO;6;6;0;0;30/04/2026;11
NAO ALIMENTO;38306;KIT 3 MEIAS INF SOQUETE 27A30 CZ PT AZ;7;ATIVO;6;0;6;0;30/04/2026;11
NAO ALIMENTO;38306;KIT 3 MEIAS INF SOQUETE 27A30 CZ PT AZ;8;ATIVO;6;0;6;0;30/04/2026;11
NAO ALIMENTO;38306;KIT 3 MEIAS INF SOQUETE 27A30 CZ PT AZ;11;ATIVO;6;0;6;0;30/04/2026;11
NAO ALIMENTO;38306;KIT 3 MEIAS INF SOQUETE 27A30 CZ PT AZ;12;ATIVO;6;0;6;0;30/04/2026;11
NAO ALIMENTO;38306;KIT 3 MEIAS INF SOQUETE 27A30 CZ PT AZ;13;ATIVO;6;0;6;0;30/04/2026;11
NAO ALIMENTO;38306;KIT 3 MEIAS INF SOQUETE 27A30 CZ PT AZ;14;ATIVO;6;6;0;0;30/04/2026;11
NAO ALIMENTO;38306;KIT 3 MEIAS INF SOQUETE 27A30 CZ PT AZ;15;ATIVO;6;0;0;0;30/04/2026;11
NAO ALIMENTO;38306;KIT 3 MEIAS INF SOQUETE 27A30 CZ PT AZ;16;ATIVO;6;0;0;0;30/04/2026;11
NAO ALIMENTO;38306;KIT 3 MEIAS INF SOQUETE 27A30 CZ PT AZ;17;ATIVO;6;0;6;0;30/04/2026;11
NAO ALIMENTO;38306;KIT 3 MEIAS INF SOQUETE 27A30 CZ PT AZ;18;ATIVO;6;0;6;0;30/04/2026;11
NAO ALIMENTO;38306;KIT 3 MEIAS INF SOQUETE 27A30 CZ PT AZ;50;ATIVO;6;0;0;0;30/04/2026;11
NAO ALIMENTO;38310;KIT 3 MEIAS INF SOQUETE 27A30 ESTAMPAS;1;ATIVO;6;0;0;0;30/04/2026;11
NAO ALIMENTO;38310;KIT 3 MEIAS INF SOQUETE 27A30 ESTAMPAS;2;ATIVO;6;4;0;0;30/04/2026;11
NAO ALIMENTO;38310;KIT 3 MEIAS INF SOQUETE 27A30 ESTAMPAS;3;ATIVO;6;0;0;0;30/04/2026;11
NAO ALIMENTO;38310;KIT 3 MEIAS INF SOQUETE 27A30 ESTAMPAS;4;ATIVO;6;0;6;0;30/04/2026;11
NAO ALIMENTO;38310;KIT 3 MEIAS INF SOQUETE 27A30 ESTAMPAS;5;ATIVO;6;0;6;0;30/04/2026;11
NAO ALIMENTO;38310;KIT 3 MEIAS INF SOQUETE 27A30 ESTAMPAS;6;ATIVO;6;6;0;0;30/04/2026;11
NAO ALIMENTO;38310;KIT 3 MEIAS INF SOQUETE 27A30 ESTAMPAS;7;ATIVO;6;0;6;0;30/04/2026;11
NAO ALIMENTO;38310;KIT 3 MEIAS INF SOQUETE 27A30 ESTAMPAS;8;ATIVO;6;0;6;0;30/04/2026;11
NAO ALIMENTO;38310;KIT 3 MEIAS INF SOQUETE 27A30 ESTAMPAS;11;ATIVO;6;0;6;0;30/04/2026;11
NAO ALIMENTO;38310;KIT 3 MEIAS INF SOQUETE 27A30 ESTAMPAS;12;ATIVO;6;0;6;0;30/04/2026;11
NAO ALIMENTO;38310;KIT 3 MEIAS INF SOQUETE 27A30 ESTAMPAS;13;ATIVO;6;0;6;0;30/04/2026;11
NAO ALIMENTO;38310;KIT 3 MEIAS INF SOQUETE 27A30 ESTAMPAS;14;ATIVO;6;6;0;0;30/04/2026;11
NAO ALIMENTO;38310;KIT 3 MEIAS INF SOQUETE 27A30 ESTAMPAS;15;ATIVO;6;0;0;0;30/04/2026;11
NAO ALIMENTO;38310;KIT 3 MEIAS INF SOQUETE 27A30 ESTAMPAS;16;ATIVO;6;0;0;0;30/04/2026;11
NAO ALIMENTO;38310;KIT 3 MEIAS INF SOQUETE 27A30 ESTAMPAS;17;ATIVO;6;0;6;0;30/04/2026;11
NAO ALIMENTO;38310;KIT 3 MEIAS INF SOQUETE 27A30 ESTAMPAS;18;ATIVO;6;0;6;0;30/04/2026;11
NAO ALIMENTO;38310;KIT 3 MEIAS INF SOQUETE 27A30 ESTAMPAS;50;ATIVO;6;0;0;0;30/04/2026;11
NAO ALIMENTO;38309;KIT 3 MEIAS INF SOQUETE 27A30 RS CZ AZ;1;ATIVO;6;0;0;0;30/04/2026;11
NAO ALIMENTO;38309;KIT 3 MEIAS INF SOQUETE 27A30 RS CZ AZ;2;ATIVO;6;6;0;0;30/04/2026;11
NAO ALIMENTO;38309;KIT 3 MEIAS INF SOQUETE 27A30 RS CZ AZ;3;ATIVO;6;0;0;0;30/04/2026;11
NAO ALIMENTO;38309;KIT 3 MEIAS INF SOQUETE 27A30 RS CZ AZ;4;ATIVO;6;0;6;0;30/04/2026;11
NAO ALIMENTO;38309;KIT 3 MEIAS INF SOQUETE 27A30 RS CZ AZ;5;ATIVO;6;0;6;0;30/04/2026;11
NAO ALIMENTO;38309;KIT 3 MEIAS INF SOQUETE 27A30 RS CZ AZ;6;ATIVO;6;5;0;0;30/04/2026;11
NAO ALIMENTO;38309;KIT 3 MEIAS INF SOQUETE 27A30 RS CZ AZ;7;ATIVO;6;0;6;0;30/04/2026;11
NAO ALIMENTO;38309;KIT 3 MEIAS INF SOQUETE 27A30 RS CZ AZ;8;ATIVO;6;0;6;0;30/04/2026;11
NAO ALIMENTO;38309;KIT 3 MEIAS INF SOQUETE 27A30 RS CZ AZ;11;ATIVO;6;0;6;0;30/04/2026;11
NAO ALIMENTO;38309;KIT 3 MEIAS INF SOQUETE 27A30 RS CZ AZ;12;ATIVO;6;0;6;0;30/04/2026;11
NAO ALIMENTO;38309;KIT 3 MEIAS INF SOQUETE 27A30 RS CZ AZ;13;ATIVO;6;0;6;0;30/04/2026;11
NAO ALIMENTO;38309;KIT 3 MEIAS INF SOQUETE 27A30 RS CZ AZ;14;ATIVO;6;6;0;0;30/04/2026;11
NAO ALIMENTO;38309;KIT 3 MEIAS INF SOQUETE 27A30 RS CZ AZ;15;ATIVO;6;0;0;0;30/04/2026;11
NAO ALIMENTO;38309;KIT 3 MEIAS INF SOQUETE 27A30 RS CZ AZ;16;ATIVO;6;0;0;0;30/04/2026;11
NAO ALIMENTO;38309;KIT 3 MEIAS INF SOQUETE 27A30 RS CZ AZ;17;ATIVO;6;0;6;0;30/04/2026;11
NAO ALIMENTO;38309;KIT 3 MEIAS INF SOQUETE 27A30 RS CZ AZ;18;ATIVO;6;0;6;0;30/04/2026;11
NAO ALIMENTO;38309;KIT 3 MEIAS INF SOQUETE 27A30 RS CZ AZ;50;ATIVO;6;0;0;0;30/04/2026;11
NAO ALIMENTO;38292;KIT 3 MEIAS INF SOQUETE 31 34 CZ PT AZ;1;ATIVO;6;0;0;0;30/04/2026;11
NAO ALIMENTO;38292;KIT 3 MEIAS INF SOQUETE 31 34 CZ PT AZ;2;ATIVO;6;6;0;0;30/04/2026;11
NAO ALIMENTO;38292;KIT 3 MEIAS INF SOQUETE 31 34 CZ PT AZ;3;ATIVO;6;0;0;0;30/04/2026;11
NAO ALIMENTO;38292;KIT 3 MEIAS INF SOQUETE 31 34 CZ PT AZ;4;ATIVO;6;0;6;0;30/04/2026;11
NAO ALIMENTO;38292;KIT 3 MEIAS INF SOQUETE 31 34 CZ PT AZ;5;ATIVO;6;0;6;0;30/04/2026;11
NAO ALIMENTO;38292;KIT 3 MEIAS INF SOQUETE 31 34 CZ PT AZ;6;ATIVO;6;6;0;0;30/04/2026;11
NAO ALIMENTO;38292;KIT 3 MEIAS INF SOQUETE 31 34 CZ PT AZ;7;ATIVO;6;0;6;0;30/04/2026;11
NAO ALIMENTO;38292;KIT 3 MEIAS INF SOQUETE 31 34 CZ PT AZ;8;ATIVO;6;0;6;0;30/04/2026;11
NAO ALIMENTO;38292;KIT 3 MEIAS INF SOQUETE 31 34 CZ PT AZ;11;ATIVO;6;0;6;0;30/04/2026;11
NAO ALIMENTO;38292;KIT 3 MEIAS INF SOQUETE 31 34 CZ PT AZ;12;ATIVO;6;0;6;0;30/04/2026;11
NAO ALIMENTO;38292;KIT 3 MEIAS INF SOQUETE 31 34 CZ PT AZ;13;ATIVO;6;0;6;0;30/04/2026;11
NAO ALIMENTO;38292;KIT 3 MEIAS INF SOQUETE 31 34 CZ PT AZ;14;ATIVO;6;6;0;0;30/04/2026;11
NAO ALIMENTO;38292;KIT 3 MEIAS INF SOQUETE 31 34 CZ PT AZ;15;ATIVO;6;0;0;0;30/04/2026;11
NAO ALIMENTO;38292;KIT 3 MEIAS INF SOQUETE 31 34 CZ PT AZ;16;ATIVO;6;0;0;0;30/04/2026;11
NAO ALIMENTO;38292;KIT 3 MEIAS INF SOQUETE 31 34 CZ PT AZ;17;ATIVO;6;0;6;0;30/04/2026;11
NAO ALIMENTO;38292;KIT 3 MEIAS INF SOQUETE 31 34 CZ PT AZ;18;ATIVO;6;0;6;0;30/04/2026;11
NAO ALIMENTO;38292;KIT 3 MEIAS INF SOQUETE 31 34 CZ PT AZ;50;ATIVO;6;0;0;0;30/04/2026;11
NAO ALIMENTO;38293;KIT 3 MEIAS INF SOQUETE 31 A 34 GAME ON;1;ATIVO;6;0;0;0;30/04/2026;11
NAO ALIMENTO;38293;KIT 3 MEIAS INF SOQUETE 31 A 34 GAME ON;2;ATIVO;6;5;0;0;30/04/2026;11
NAO ALIMENTO;38293;KIT 3 MEIAS INF SOQUETE 31 A 34 GAME ON;3;ATIVO;6;0;0;0;30/04/2026;11
NAO ALIMENTO;38293;KIT 3 MEIAS INF SOQUETE 31 A 34 GAME ON;4;ATIVO;6;0;6;0;30/04/2026;11
NAO ALIMENTO;38293;KIT 3 MEIAS INF SOQUETE 31 A 34 GAME ON;5;ATIVO;6;0;6;0;30/04/2026;11
NAO ALIMENTO;38293;KIT 3 MEIAS INF SOQUETE 31 A 34 GAME ON;6;ATIVO;6;6;0;0;30/04/2026;11
NAO ALIMENTO;38293;KIT 3 MEIAS INF SOQUETE 31 A 34 GAME ON;7;ATIVO;6;0;6;0;30/04/2026;11
NAO ALIMENTO;38293;KIT 3 MEIAS INF SOQUETE 31 A 34 GAME ON;8;ATIVO;6;0;6;0;30/04/2026;11
NAO ALIMENTO;38293;KIT 3 MEIAS INF SOQUETE 31 A 34 GAME ON;11;ATIVO;6;0;6;0;30/04/2026;11
NAO ALIMENTO;38293;KIT 3 MEIAS INF SOQUETE 31 A 34 GAME ON;12;ATIVO;6;0;6;0;30/04/2026;11
NAO ALIMENTO;38293;KIT 3 MEIAS INF SOQUETE 31 A 34 GAME ON;13;ATIVO;6;0;6;0;30/04/2026;11
NAO ALIMENTO;38293;KIT 3 MEIAS INF SOQUETE 31 A 34 GAME ON;14;ATIVO;6;6;0;0;30/04/2026;11
NAO ALIMENTO;38293;KIT 3 MEIAS INF SOQUETE 31 A 34 GAME ON;15;ATIVO;6;0;0;0;30/04/2026;11
NAO ALIMENTO;38293;KIT 3 MEIAS INF SOQUETE 31 A 34 GAME ON;16;ATIVO;6;0;0;0;30/04/2026;11
NAO ALIMENTO;38293;KIT 3 MEIAS INF SOQUETE 31 A 34 GAME ON;17;ATIVO;6;0;6;0;30/04/2026;11
NAO ALIMENTO;38293;KIT 3 MEIAS INF SOQUETE 31 A 34 GAME ON;18;ATIVO;6;0;6;0;30/04/2026;11
NAO ALIMENTO;38293;KIT 3 MEIAS INF SOQUETE 31 A 34 GAME ON;50;ATIVO;6;0;0;0;30/04/2026;11
NAO ALIMENTO;38297;KIT 3 MEIAS INF SOQUETE 31A34 ESTAM;1;ATIVO;6;0;0;0;30/04/2026;11
NAO ALIMENTO;38297;KIT 3 MEIAS INF SOQUETE 31A34 ESTAM;2;ATIVO;6;6;0;0;30/04/2026;11
NAO ALIMENTO;38297;KIT 3 MEIAS INF SOQUETE 31A34 ESTAM;3;ATIVO;6;0;0;0;30/04/2026;11
NAO ALIMENTO;38297;KIT 3 MEIAS INF SOQUETE 31A34 ESTAM;4;ATIVO;6;0;6;0;30/04/2026;11
NAO ALIMENTO;38297;KIT 3 MEIAS INF SOQUETE 31A34 ESTAM;5;ATIVO;6;0;6;0;30/04/2026;11
NAO ALIMENTO;38297;KIT 3 MEIAS INF SOQUETE 31A34 ESTAM;6;ATIVO;6;5;0;0;30/04/2026;11
NAO ALIMENTO;38297;KIT 3 MEIAS INF SOQUETE 31A34 ESTAM;7;ATIVO;6;-1;6;0;30/04/2026;11
NAO ALIMENTO;38297;KIT 3 MEIAS INF SOQUETE 31A34 ESTAM;8;ATIVO;6;0;6;0;30/04/2026;11
NAO ALIMENTO;38297;KIT 3 MEIAS INF SOQUETE 31A34 ESTAM;11;ATIVO;6;0;6;0;30/04/2026;11
NAO ALIMENTO;38297;KIT 3 MEIAS INF SOQUETE 31A34 ESTAM;12;ATIVO;6;0;6;0;30/04/2026;11
NAO ALIMENTO;38297;KIT 3 MEIAS INF SOQUETE 31A34 ESTAM;13;ATIVO;6;0;6;0;30/04/2026;11
NAO ALIMENTO;38297;KIT 3 MEIAS INF SOQUETE 31A34 ESTAM;14;ATIVO;6;6;0;0;30/04/2026;11
NAO ALIMENTO;38297;KIT 3 MEIAS INF SOQUETE 31A34 ESTAM;15;ATIVO;6;0;0;0;30/04/2026;11
NAO ALIMENTO;38297;KIT 3 MEIAS INF SOQUETE 31A34 ESTAM;16;ATIVO;6;0;0;0;30/04/2026;11
NAO ALIMENTO;38297;KIT 3 MEIAS INF SOQUETE 31A34 ESTAM;17;ATIVO;6;0;6;0;30/04/2026;11
NAO ALIMENTO;38297;KIT 3 MEIAS INF SOQUETE 31A34 ESTAM;18;ATIVO;6;0;6;0;30/04/2026;11
NAO ALIMENTO;38297;KIT 3 MEIAS INF SOQUETE 31A34 ESTAM;50;ATIVO;6;0;0;0;30/04/2026;11
NAO ALIMENTO;38295;KIT 3 MEIAS INF SOQUETE 31A34 RS CR AZ;1;ATIVO;6;0;0;0;30/04/2026;11
NAO ALIMENTO;38295;KIT 3 MEIAS INF SOQUETE 31A34 RS CR AZ;2;ATIVO;6;4;0;0;30/04/2026;11
NAO ALIMENTO;38295;KIT 3 MEIAS INF SOQUETE 31A34 RS CR AZ;3;ATIVO;6;0;0;0;30/04/2026;11
NAO ALIMENTO;38295;KIT 3 MEIAS INF SOQUETE 31A34 RS CR AZ;4;ATIVO;6;0;6;0;30/04/2026;11
NAO ALIMENTO;38295;KIT 3 MEIAS INF SOQUETE 31A34 RS CR AZ;5;ATIVO;6;0;6;0;30/04/2026;11
NAO ALIMENTO;38295;KIT 3 MEIAS INF SOQUETE 31A34 RS CR AZ;6;ATIVO;6;5;0;0;30/04/2026;11
NAO ALIMENTO;38295;KIT 3 MEIAS INF SOQUETE 31A34 RS CR AZ;7;ATIVO;6;0;6;0;30/04/2026;11
NAO ALIMENTO;38295;KIT 3 MEIAS INF SOQUETE 31A34 RS CR AZ;8;ATIVO;6;0;6;0;30/04/2026;11
NAO ALIMENTO;38295;KIT 3 MEIAS INF SOQUETE 31A34 RS CR AZ;11;ATIVO;6;0;6;0;30/04/2026;11
NAO ALIMENTO;38295;KIT 3 MEIAS INF SOQUETE 31A34 RS CR AZ;12;ATIVO;6;0;6;0;30/04/2026;11
NAO ALIMENTO;38295;KIT 3 MEIAS INF SOQUETE 31A34 RS CR AZ;13;ATIVO;6;0;6;0;30/04/2026;11
NAO ALIMENTO;38295;KIT 3 MEIAS INF SOQUETE 31A34 RS CR AZ;14;ATIVO;6;6;0;0;30/04/2026;11
NAO ALIMENTO;38295;KIT 3 MEIAS INF SOQUETE 31A34 RS CR AZ;15;ATIVO;6;0;0;0;30/04/2026;11
NAO ALIMENTO;38295;KIT 3 MEIAS INF SOQUETE 31A34 RS CR AZ;16;ATIVO;6;0;0;0;30/04/2026;11
NAO ALIMENTO;38295;KIT 3 MEIAS INF SOQUETE 31A34 RS CR AZ;17;ATIVO;6;0;6;0;30/04/2026;11
NAO ALIMENTO;38295;KIT 3 MEIAS INF SOQUETE 31A34 RS CR AZ;18;ATIVO;6;0;6;0;30/04/2026;11
NAO ALIMENTO;38295;KIT 3 MEIAS INF SOQUETE 31A34 RS CR AZ;50;ATIVO;6;0;0;0;30/04/2026;11
NAO ALIMENTO;38316;KIT 3 MEIAS INF SOQUETE ESTAMPAS;1;ATIVO;6;0;0;0;30/04/2026;11
NAO ALIMENTO;38316;KIT 3 MEIAS INF SOQUETE ESTAMPAS;2;ATIVO;6;6;0;0;30/04/2026;11
NAO ALIMENTO;38316;KIT 3 MEIAS INF SOQUETE ESTAMPAS;3;ATIVO;6;0;0;0;30/04/2026;11
NAO ALIMENTO;38316;KIT 3 MEIAS INF SOQUETE ESTAMPAS;4;ATIVO;6;0;6;0;30/04/2026;11
NAO ALIMENTO;38316;KIT 3 MEIAS INF SOQUETE ESTAMPAS;5;ATIVO;6;0;6;0;30/04/2026;11
NAO ALIMENTO;38316;KIT 3 MEIAS INF SOQUETE ESTAMPAS;6;ATIVO;6;5;0;0;30/04/2026;11
NAO ALIMENTO;38316;KIT 3 MEIAS INF SOQUETE ESTAMPAS;7;ATIVO;6;0;6;0;30/04/2026;11
NAO ALIMENTO;38316;KIT 3 MEIAS INF SOQUETE ESTAMPAS;8;ATIVO;6;0;6;0;30/04/2026;11
NAO ALIMENTO;38316;KIT 3 MEIAS INF SOQUETE ESTAMPAS;11;ATIVO;6;0;6;0;30/04/2026;11
NAO ALIMENTO;38316;KIT 3 MEIAS INF SOQUETE ESTAMPAS;12;ATIVO;6;0;6;0;30/04/2026;11
NAO ALIMENTO;38316;KIT 3 MEIAS INF SOQUETE ESTAMPAS;13;ATIVO;6;0;6;0;30/04/2026;11
NAO ALIMENTO;38316;KIT 3 MEIAS INF SOQUETE ESTAMPAS;14;ATIVO;6;6;0;0;30/04/2026;11
NAO ALIMENTO;38316;KIT 3 MEIAS INF SOQUETE ESTAMPAS;15;ATIVO;6;0;0;0;30/04/2026;11
NAO ALIMENTO;38316;KIT 3 MEIAS INF SOQUETE ESTAMPAS;16;ATIVO;6;0;0;0;30/04/2026;11
NAO ALIMENTO;38316;KIT 3 MEIAS INF SOQUETE ESTAMPAS;17;ATIVO;6;0;6;0;30/04/2026;11
NAO ALIMENTO;38316;KIT 3 MEIAS INF SOQUETE ESTAMPAS;18;ATIVO;6;0;6;0;30/04/2026;11
NAO ALIMENTO;38316;KIT 3 MEIAS INF SOQUETE ESTAMPAS;50;ATIVO;6;0;0;0;30/04/2026;11
NAO ALIMENTO;38060;KIT 3 PCS FLORENCE ESTAMPADO 250 24;1;ATIVO;1;0;0;0;13/04/2026;28
NAO ALIMENTO;38060;KIT 3 PCS FLORENCE ESTAMPADO 250 24;2;ATIVO;1;0;0;0;13/04/2026;28
NAO ALIMENTO;38060;KIT 3 PCS FLORENCE ESTAMPADO 250 24;3;ATIVO;1;0;0;0;13/04/2026;28
NAO ALIMENTO;38060;KIT 3 PCS FLORENCE ESTAMPADO 250 24;4;ATIVO;1;0;0;0;13/04/2026;28
NAO ALIMENTO;38060;KIT 3 PCS FLORENCE ESTAMPADO 250 24;5;ATIVO;1;0;0;0;13/04/2026;28
NAO ALIMENTO;38060;KIT 3 PCS FLORENCE ESTAMPADO 250 24;6;ATIVO;1;0;0;0;13/04/2026;28
NAO ALIMENTO;38060;KIT 3 PCS FLORENCE ESTAMPADO 250 24;7;ATIVO;1;0;0;0;13/04/2026;28
NAO ALIMENTO;38060;KIT 3 PCS FLORENCE ESTAMPADO 250 24;8;ATIVO;1;0;0;0;13/04/2026;28
NAO ALIMENTO;38060;KIT 3 PCS FLORENCE ESTAMPADO 250 24;11;ATIVO;1;0;0;0;13/04/2026;28
NAO ALIMENTO;38060;KIT 3 PCS FLORENCE ESTAMPADO 250 24;12;ATIVO;1;0;0;0;13/04/2026;28
NAO ALIMENTO;38060;KIT 3 PCS FLORENCE ESTAMPADO 250 24;13;ATIVO;1;0;0;0;13/04/2026;28
NAO ALIMENTO;38060;KIT 3 PCS FLORENCE ESTAMPADO 250 24;14;ATIVO;1;0;0;0;13/04/2026;28
NAO ALIMENTO;38060;KIT 3 PCS FLORENCE ESTAMPADO 250 24;15;ATIVO;1;0;0;0;13/04/2026;28
NAO ALIMENTO;38060;KIT 3 PCS FLORENCE ESTAMPADO 250 24;16;ATIVO;1;0;0;0;13/04/2026;28
NAO ALIMENTO;38060;KIT 3 PCS FLORENCE ESTAMPADO 250 24;17;ATIVO;1;0;0;0;13/04/2026;28
NAO ALIMENTO;38060;KIT 3 PCS FLORENCE ESTAMPADO 250 24;18;ATIVO;1;0;0;0;13/04/2026;28
NAO ALIMENTO;38060;KIT 3 PCS FLORENCE ESTAMPADO 250 24;50;ATIVO;1;0;0;0;13/04/2026;28
NAO ALIMENTO;38061;KIT 3 PCS METROPOLITAN ESTAMPADO;1;ATIVO;1;0;0;0;13/04/2026;28
NAO ALIMENTO;38061;KIT 3 PCS METROPOLITAN ESTAMPADO;2;ATIVO;1;0;0;0;13/04/2026;28
NAO ALIMENTO;38061;KIT 3 PCS METROPOLITAN ESTAMPADO;3;ATIVO;1;0;0;0;13/04/2026;28
NAO ALIMENTO;38061;KIT 3 PCS METROPOLITAN ESTAMPADO;4;ATIVO;1;0;0;0;13/04/2026;28
NAO ALIMENTO;38061;KIT 3 PCS METROPOLITAN ESTAMPADO;5;ATIVO;1;0;0;0;13/04/2026;28
NAO ALIMENTO;38061;KIT 3 PCS METROPOLITAN ESTAMPADO;6;ATIVO;1;0;0;0;13/04/2026;28
NAO ALIMENTO;38061;KIT 3 PCS METROPOLITAN ESTAMPADO;7;ATIVO;1;0;0;0;13/04/2026;28
NAO ALIMENTO;38061;KIT 3 PCS METROPOLITAN ESTAMPADO;8;ATIVO;1;0;0;0;13/04/2026;28
NAO ALIMENTO;38061;KIT 3 PCS METROPOLITAN ESTAMPADO;11;ATIVO;1;0;0;0;13/04/2026;28
NAO ALIMENTO;38061;KIT 3 PCS METROPOLITAN ESTAMPADO;12;ATIVO;1;0;0;0;13/04/2026;28
NAO ALIMENTO;38061;KIT 3 PCS METROPOLITAN ESTAMPADO;13;ATIVO;1;0;0;0;13/04/2026;28
NAO ALIMENTO;38061;KIT 3 PCS METROPOLITAN ESTAMPADO;14;ATIVO;1;0;0;0;13/04/2026;28
NAO ALIMENTO;38061;KIT 3 PCS METROPOLITAN ESTAMPADO;15;ATIVO;1;0;0;0;13/04/2026;28
NAO ALIMENTO;38061;KIT 3 PCS METROPOLITAN ESTAMPADO;16;ATIVO;1;0;0;0;13/04/2026;28
NAO ALIMENTO;38061;KIT 3 PCS METROPOLITAN ESTAMPADO;17;ATIVO;1;0;0;0;13/04/2026;28
NAO ALIMENTO;38061;KIT 3 PCS METROPOLITAN ESTAMPADO;18;ATIVO;1;0;0;0;13/04/2026;28
NAO ALIMENTO;38061;KIT 3 PCS METROPOLITAN ESTAMPADO;50;ATIVO;1;0;0;0;13/04/2026;28
NAO ALIMENTO;38397;KIT 3 PCS NATURALE ESTAMPADO;1;ATIVO;1;0;0;0;08/05/2026;3
NAO ALIMENTO;38397;KIT 3 PCS NATURALE ESTAMPADO;2;ATIVO;1;0;0;0;08/05/2026;3
NAO ALIMENTO;38397;KIT 3 PCS NATURALE ESTAMPADO;3;ATIVO;1;0;0;0;08/05/2026;3
NAO ALIMENTO;38397;KIT 3 PCS NATURALE ESTAMPADO;4;ATIVO;1;0;0;0;08/05/2026;3
NAO ALIMENTO;38397;KIT 3 PCS NATURALE ESTAMPADO;5;ATIVO;1;0;0;0;08/05/2026;3
NAO ALIMENTO;38397;KIT 3 PCS NATURALE ESTAMPADO;6;ATIVO;1;0;0;0;08/05/2026;3
NAO ALIMENTO;38397;KIT 3 PCS NATURALE ESTAMPADO;7;ATIVO;1;0;0;0;08/05/2026;3
NAO ALIMENTO;38397;KIT 3 PCS NATURALE ESTAMPADO;8;ATIVO;1;0;0;0;08/05/2026;3
NAO ALIMENTO;38397;KIT 3 PCS NATURALE ESTAMPADO;11;ATIVO;1;0;0;0;08/05/2026;3
NAO ALIMENTO;38397;KIT 3 PCS NATURALE ESTAMPADO;12;ATIVO;1;0;0;0;08/05/2026;3
NAO ALIMENTO;38397;KIT 3 PCS NATURALE ESTAMPADO;13;ATIVO;1;0;0;0;08/05/2026;3
NAO ALIMENTO;38397;KIT 3 PCS NATURALE ESTAMPADO;14;ATIVO;1;0;0;0;08/05/2026;3
NAO ALIMENTO;38397;KIT 3 PCS NATURALE ESTAMPADO;15;ATIVO;1;0;0;0;08/05/2026;3
NAO ALIMENTO;38397;KIT 3 PCS NATURALE ESTAMPADO;16;ATIVO;1;0;0;0;08/05/2026;3
NAO ALIMENTO;38397;KIT 3 PCS NATURALE ESTAMPADO;17;ATIVO;1;0;0;0;08/05/2026;3
NAO ALIMENTO;38397;KIT 3 PCS NATURALE ESTAMPADO;18;ATIVO;1;0;0;0;08/05/2026;3
NAO ALIMENTO;38397;KIT 3 PCS NATURALE ESTAMPADO;50;ATIVO;1;0;0;0;08/05/2026;3
NAO ALIMENTO;38082;KIT EVOLUTION COLOR E BORRACHA;1;ATIVO;1;0;0;0;14/04/2026;27
NAO ALIMENTO;38082;KIT EVOLUTION COLOR E BORRACHA;2;ATIVO;1;0;0;0;14/04/2026;27
NAO ALIMENTO;38082;KIT EVOLUTION COLOR E BORRACHA;3;ATIVO;1;0;0;0;14/04/2026;27
NAO ALIMENTO;38082;KIT EVOLUTION COLOR E BORRACHA;4;ATIVO;1;0;0;0;14/04/2026;27
NAO ALIMENTO;38082;KIT EVOLUTION COLOR E BORRACHA;5;ATIVO;1;0;0;0;14/04/2026;27
NAO ALIMENTO;38082;KIT EVOLUTION COLOR E BORRACHA;6;ATIVO;1;0;0;0;14/04/2026;27
NAO ALIMENTO;38082;KIT EVOLUTION COLOR E BORRACHA;7;ATIVO;1;0;0;0;14/04/2026;27
NAO ALIMENTO;38082;KIT EVOLUTION COLOR E BORRACHA;8;ATIVO;1;0;0;0;14/04/2026;27
NAO ALIMENTO;38082;KIT EVOLUTION COLOR E BORRACHA;11;ATIVO;1;0;0;0;14/04/2026;27
NAO ALIMENTO;38082;KIT EVOLUTION COLOR E BORRACHA;12;ATIVO;1;0;0;0;14/04/2026;27
NAO ALIMENTO;38082;KIT EVOLUTION COLOR E BORRACHA;13;ATIVO;1;0;0;0;14/04/2026;27
NAO ALIMENTO;38082;KIT EVOLUTION COLOR E BORRACHA;14;ATIVO;1;0;0;0;14/04/2026;27
NAO ALIMENTO;38082;KIT EVOLUTION COLOR E BORRACHA;15;ATIVO;1;0;0;0;14/04/2026;27
NAO ALIMENTO;38082;KIT EVOLUTION COLOR E BORRACHA;16;ATIVO;1;0;0;0;14/04/2026;27
NAO ALIMENTO;38082;KIT EVOLUTION COLOR E BORRACHA;17;ATIVO;1;0;0;0;14/04/2026;27
NAO ALIMENTO;38082;KIT EVOLUTION COLOR E BORRACHA;18;ATIVO;1;0;0;0;14/04/2026;27
NAO ALIMENTO;38082;KIT EVOLUTION COLOR E BORRACHA;50;ATIVO;1;0;0;0;14/04/2026;27
NAO ALIMENTO;38409;LAPIS CARPINTEIRO;1;ATIVO;1;0;0;0;11/05/2026;0
NAO ALIMENTO;38409;LAPIS CARPINTEIRO;2;ATIVO;1;0;0;0;11/05/2026;0
NAO ALIMENTO;38409;LAPIS CARPINTEIRO;3;ATIVO;1;0;0;0;11/05/2026;0
NAO ALIMENTO;38409;LAPIS CARPINTEIRO;4;ATIVO;1;0;0;0;11/05/2026;0
NAO ALIMENTO;38409;LAPIS CARPINTEIRO;5;ATIVO;1;0;0;0;11/05/2026;0
NAO ALIMENTO;38409;LAPIS CARPINTEIRO;6;ATIVO;1;0;0;0;11/05/2026;0
NAO ALIMENTO;38409;LAPIS CARPINTEIRO;7;ATIVO;1;0;0;0;11/05/2026;0
NAO ALIMENTO;38409;LAPIS CARPINTEIRO;8;ATIVO;1;0;0;0;11/05/2026;0
NAO ALIMENTO;38409;LAPIS CARPINTEIRO;11;ATIVO;1;0;0;0;11/05/2026;0
NAO ALIMENTO;38409;LAPIS CARPINTEIRO;12;ATIVO;1;0;0;0;11/05/2026;0
NAO ALIMENTO;38409;LAPIS CARPINTEIRO;13;ATIVO;1;0;0;0;11/05/2026;0
NAO ALIMENTO;38409;LAPIS CARPINTEIRO;14;ATIVO;1;0;0;0;11/05/2026;0
NAO ALIMENTO;38409;LAPIS CARPINTEIRO;15;ATIVO;1;0;0;0;11/05/2026;0
NAO ALIMENTO;38409;LAPIS CARPINTEIRO;16;ATIVO;1;0;0;0;11/05/2026;0
NAO ALIMENTO;38409;LAPIS CARPINTEIRO;17;ATIVO;1;0;0;0;11/05/2026;0
NAO ALIMENTO;38409;LAPIS CARPINTEIRO;18;ATIVO;1;0;0;0;11/05/2026;0
NAO ALIMENTO;38409;LAPIS CARPINTEIRO;50;ATIVO;1;0;0;0;11/05/2026;0
NAO ALIMENTO;38074;LAPIS DE COR C 12 C BORRACHA ST4144;1;ATIVO;1;0;0;0;14/04/2026;27
NAO ALIMENTO;38074;LAPIS DE COR C 12 C BORRACHA ST4144;2;ATIVO;1;0;0;0;14/04/2026;27
NAO ALIMENTO;38074;LAPIS DE COR C 12 C BORRACHA ST4144;3;ATIVO;1;0;0;0;14/04/2026;27
NAO ALIMENTO;38074;LAPIS DE COR C 12 C BORRACHA ST4144;4;ATIVO;1;0;0;0;14/04/2026;27
NAO ALIMENTO;38074;LAPIS DE COR C 12 C BORRACHA ST4144;5;ATIVO;1;0;0;0;14/04/2026;27
NAO ALIMENTO;38074;LAPIS DE COR C 12 C BORRACHA ST4144;6;ATIVO;1;0;0;0;14/04/2026;27
NAO ALIMENTO;38074;LAPIS DE COR C 12 C BORRACHA ST4144;7;ATIVO;1;0;0;0;14/04/2026;27
NAO ALIMENTO;38074;LAPIS DE COR C 12 C BORRACHA ST4144;8;ATIVO;1;0;0;0;14/04/2026;27
NAO ALIMENTO;38074;LAPIS DE COR C 12 C BORRACHA ST4144;11;ATIVO;1;0;0;0;14/04/2026;27
NAO ALIMENTO;38074;LAPIS DE COR C 12 C BORRACHA ST4144;12;ATIVO;1;0;0;0;14/04/2026;27
NAO ALIMENTO;38074;LAPIS DE COR C 12 C BORRACHA ST4144;13;ATIVO;1;0;0;0;14/04/2026;27
NAO ALIMENTO;38074;LAPIS DE COR C 12 C BORRACHA ST4144;14;ATIVO;1;0;0;0;14/04/2026;27
NAO ALIMENTO;38074;LAPIS DE COR C 12 C BORRACHA ST4144;15;ATIVO;1;0;0;0;14/04/2026;27
NAO ALIMENTO;38074;LAPIS DE COR C 12 C BORRACHA ST4144;16;ATIVO;1;0;0;0;14/04/2026;27
NAO ALIMENTO;38074;LAPIS DE COR C 12 C BORRACHA ST4144;17;ATIVO;1;0;0;0;14/04/2026;27
NAO ALIMENTO;38074;LAPIS DE COR C 12 C BORRACHA ST4144;18;ATIVO;1;0;0;0;14/04/2026;27
NAO ALIMENTO;38074;LAPIS DE COR C 12 C BORRACHA ST4144;50;ATIVO;1;0;0;0;14/04/2026;27
NAO ALIMENTO;38079;LAPIS PTO F CASTEL ECOLAPIS GRIP C3;1;ATIVO;1;0;0;0;14/04/2026;27
NAO ALIMENTO;38079;LAPIS PTO F CASTEL ECOLAPIS GRIP C3;2;ATIVO;1;0;0;0;14/04/2026;27
NAO ALIMENTO;38079;LAPIS PTO F CASTEL ECOLAPIS GRIP C3;3;ATIVO;1;0;0;0;14/04/2026;27
NAO ALIMENTO;38079;LAPIS PTO F CASTEL ECOLAPIS GRIP C3;4;ATIVO;1;0;0;0;14/04/2026;27
NAO ALIMENTO;38079;LAPIS PTO F CASTEL ECOLAPIS GRIP C3;5;ATIVO;1;0;0;0;14/04/2026;27
NAO ALIMENTO;38079;LAPIS PTO F CASTEL ECOLAPIS GRIP C3;6;ATIVO;1;0;0;0;14/04/2026;27
NAO ALIMENTO;38079;LAPIS PTO F CASTEL ECOLAPIS GRIP C3;7;ATIVO;1;0;0;0;14/04/2026;27
NAO ALIMENTO;38079;LAPIS PTO F CASTEL ECOLAPIS GRIP C3;8;ATIVO;1;0;0;0;14/04/2026;27
NAO ALIMENTO;38079;LAPIS PTO F CASTEL ECOLAPIS GRIP C3;11;ATIVO;1;0;0;0;14/04/2026;27
NAO ALIMENTO;38079;LAPIS PTO F CASTEL ECOLAPIS GRIP C3;12;ATIVO;1;0;0;0;14/04/2026;27
NAO ALIMENTO;38079;LAPIS PTO F CASTEL ECOLAPIS GRIP C3;13;ATIVO;1;0;0;0;14/04/2026;27
NAO ALIMENTO;38079;LAPIS PTO F CASTEL ECOLAPIS GRIP C3;14;ATIVO;1;0;0;0;14/04/2026;27
NAO ALIMENTO;38079;LAPIS PTO F CASTEL ECOLAPIS GRIP C3;15;ATIVO;1;0;0;0;14/04/2026;27
NAO ALIMENTO;38079;LAPIS PTO F CASTEL ECOLAPIS GRIP C3;16;ATIVO;1;0;0;0;14/04/2026;27
NAO ALIMENTO;38079;LAPIS PTO F CASTEL ECOLAPIS GRIP C3;17;ATIVO;1;0;0;0;14/04/2026;27
NAO ALIMENTO;38079;LAPIS PTO F CASTEL ECOLAPIS GRIP C3;18;ATIVO;1;0;0;0;14/04/2026;27
NAO ALIMENTO;38079;LAPIS PTO F CASTEL ECOLAPIS GRIP C3;50;ATIVO;1;0;0;0;14/04/2026;27
NAO ALIMENTO;38384;LIXEIRA CLASSIC FOSCO A1;1;ATIVO;1;0;0;0;08/05/2026;3
NAO ALIMENTO;38384;LIXEIRA CLASSIC FOSCO A1;2;ATIVO;1;0;0;0;08/05/2026;3
NAO ALIMENTO;38384;LIXEIRA CLASSIC FOSCO A1;3;ATIVO;1;0;0;0;08/05/2026;3
NAO ALIMENTO;38384;LIXEIRA CLASSIC FOSCO A1;4;ATIVO;1;0;0;0;08/05/2026;3
NAO ALIMENTO;38384;LIXEIRA CLASSIC FOSCO A1;5;ATIVO;1;0;0;0;08/05/2026;3
NAO ALIMENTO;38384;LIXEIRA CLASSIC FOSCO A1;6;ATIVO;1;0;0;0;08/05/2026;3
NAO ALIMENTO;38384;LIXEIRA CLASSIC FOSCO A1;7;ATIVO;1;0;0;0;08/05/2026;3
NAO ALIMENTO;38384;LIXEIRA CLASSIC FOSCO A1;8;ATIVO;1;0;0;0;08/05/2026;3
NAO ALIMENTO;38384;LIXEIRA CLASSIC FOSCO A1;11;ATIVO;1;0;0;0;08/05/2026;3
NAO ALIMENTO;38384;LIXEIRA CLASSIC FOSCO A1;12;ATIVO;1;0;0;0;08/05/2026;3
NAO ALIMENTO;38384;LIXEIRA CLASSIC FOSCO A1;13;ATIVO;1;0;0;0;08/05/2026;3
NAO ALIMENTO;38384;LIXEIRA CLASSIC FOSCO A1;14;ATIVO;1;0;0;0;08/05/2026;3
NAO ALIMENTO;38384;LIXEIRA CLASSIC FOSCO A1;15;ATIVO;1;0;0;0;08/05/2026;3
NAO ALIMENTO;38384;LIXEIRA CLASSIC FOSCO A1;16;ATIVO;1;0;0;0;08/05/2026;3
NAO ALIMENTO;38384;LIXEIRA CLASSIC FOSCO A1;17;ATIVO;1;0;0;0;08/05/2026;3
NAO ALIMENTO;38384;LIXEIRA CLASSIC FOSCO A1;18;ATIVO;1;0;0;0;08/05/2026;3
NAO ALIMENTO;38384;LIXEIRA CLASSIC FOSCO A1;50;ATIVO;1;0;0;0;08/05/2026;3
NAO ALIMENTO;38244;LIXEIRA PLASUTIL C PEDAL 7L CA;1;ATIVO;1;0;0;0;27/04/2026;14
NAO ALIMENTO;38244;LIXEIRA PLASUTIL C PEDAL 7L CA;2;ATIVO;1;0;0;0;27/04/2026;14
NAO ALIMENTO;38244;LIXEIRA PLASUTIL C PEDAL 7L CA;3;ATIVO;1;0;0;0;27/04/2026;14
NAO ALIMENTO;38244;LIXEIRA PLASUTIL C PEDAL 7L CA;4;ATIVO;1;0;0;0;27/04/2026;14
NAO ALIMENTO;38244;LIXEIRA PLASUTIL C PEDAL 7L CA;5;ATIVO;1;0;0;0;27/04/2026;14
NAO ALIMENTO;38244;LIXEIRA PLASUTIL C PEDAL 7L CA;6;ATIVO;1;0;0;0;27/04/2026;14
NAO ALIMENTO;38244;LIXEIRA PLASUTIL C PEDAL 7L CA;7;ATIVO;1;0;0;0;27/04/2026;14
NAO ALIMENTO;38244;LIXEIRA PLASUTIL C PEDAL 7L CA;8;ATIVO;1;0;0;0;27/04/2026;14
NAO ALIMENTO;38244;LIXEIRA PLASUTIL C PEDAL 7L CA;11;ATIVO;1;0;0;0;27/04/2026;14
NAO ALIMENTO;38244;LIXEIRA PLASUTIL C PEDAL 7L CA;12;ATIVO;1;0;0;0;27/04/2026;14
NAO ALIMENTO;38244;LIXEIRA PLASUTIL C PEDAL 7L CA;13;ATIVO;1;0;0;0;27/04/2026;14
NAO ALIMENTO;38244;LIXEIRA PLASUTIL C PEDAL 7L CA;14;ATIVO;1;0;0;0;27/04/2026;14
NAO ALIMENTO;38244;LIXEIRA PLASUTIL C PEDAL 7L CA;15;ATIVO;1;0;0;0;27/04/2026;14
NAO ALIMENTO;38244;LIXEIRA PLASUTIL C PEDAL 7L CA;16;ATIVO;1;0;0;0;27/04/2026;14
NAO ALIMENTO;38244;LIXEIRA PLASUTIL C PEDAL 7L CA;17;ATIVO;1;0;0;0;27/04/2026;14
NAO ALIMENTO;38244;LIXEIRA PLASUTIL C PEDAL 7L CA;18;ATIVO;1;0;0;0;27/04/2026;14
NAO ALIMENTO;38244;LIXEIRA PLASUTIL C PEDAL 7L CA;50;ATIVO;1;0;0;0;27/04/2026;14
NAO ALIMENTO;38284;LIXEIRA QUAD JASPE 20L;1;ATIVO;1;0;0;0;30/04/2026;11
NAO ALIMENTO;38284;LIXEIRA QUAD JASPE 20L;2;ATIVO;1;0;0;0;30/04/2026;11
NAO ALIMENTO;38284;LIXEIRA QUAD JASPE 20L;3;ATIVO;1;0;0;0;30/04/2026;11
NAO ALIMENTO;38284;LIXEIRA QUAD JASPE 20L;4;ATIVO;1;0;0;0;30/04/2026;11
NAO ALIMENTO;38284;LIXEIRA QUAD JASPE 20L;5;ATIVO;1;0;0;0;30/04/2026;11
NAO ALIMENTO;38284;LIXEIRA QUAD JASPE 20L;6;ATIVO;1;0;0;0;30/04/2026;11
NAO ALIMENTO;38284;LIXEIRA QUAD JASPE 20L;7;ATIVO;1;0;0;0;30/04/2026;11
NAO ALIMENTO;38284;LIXEIRA QUAD JASPE 20L;8;ATIVO;1;0;0;0;30/04/2026;11
NAO ALIMENTO;38284;LIXEIRA QUAD JASPE 20L;11;ATIVO;1;0;0;0;30/04/2026;11
NAO ALIMENTO;38284;LIXEIRA QUAD JASPE 20L;12;ATIVO;1;0;0;0;30/04/2026;11
NAO ALIMENTO;38284;LIXEIRA QUAD JASPE 20L;13;ATIVO;1;0;0;0;30/04/2026;11
NAO ALIMENTO;38284;LIXEIRA QUAD JASPE 20L;14;ATIVO;1;0;0;0;30/04/2026;11
NAO ALIMENTO;38284;LIXEIRA QUAD JASPE 20L;15;ATIVO;1;0;0;0;30/04/2026;11
NAO ALIMENTO;38284;LIXEIRA QUAD JASPE 20L;16;ATIVO;1;0;0;0;30/04/2026;11
NAO ALIMENTO;38284;LIXEIRA QUAD JASPE 20L;17;ATIVO;1;0;0;0;30/04/2026;11
NAO ALIMENTO;38284;LIXEIRA QUAD JASPE 20L;18;ATIVO;1;0;0;0;30/04/2026;11
NAO ALIMENTO;38284;LIXEIRA QUAD JASPE 20L;50;ATIVO;1;0;0;0;30/04/2026;11
NAO ALIMENTO;38264;LUVA GLOVES LA 240115;1;ATIVO;1;0;0;0;28/04/2026;13
NAO ALIMENTO;38264;LUVA GLOVES LA 240115;2;ATIVO;1;0;0;0;28/04/2026;13
NAO ALIMENTO;38264;LUVA GLOVES LA 240115;3;ATIVO;1;0;0;0;28/04/2026;13
NAO ALIMENTO;38264;LUVA GLOVES LA 240115;4;ATIVO;1;0;0;0;28/04/2026;13
NAO ALIMENTO;38264;LUVA GLOVES LA 240115;5;ATIVO;1;0;0;0;28/04/2026;13
NAO ALIMENTO;38264;LUVA GLOVES LA 240115;6;ATIVO;1;0;0;0;28/04/2026;13
NAO ALIMENTO;38264;LUVA GLOVES LA 240115;7;ATIVO;1;0;0;0;28/04/2026;13
NAO ALIMENTO;38264;LUVA GLOVES LA 240115;8;ATIVO;1;0;0;0;28/04/2026;13
NAO ALIMENTO;38264;LUVA GLOVES LA 240115;11;ATIVO;1;0;0;0;28/04/2026;13
NAO ALIMENTO;38264;LUVA GLOVES LA 240115;12;ATIVO;1;0;0;0;28/04/2026;13
NAO ALIMENTO;38264;LUVA GLOVES LA 240115;13;ATIVO;1;0;0;0;28/04/2026;13
NAO ALIMENTO;38264;LUVA GLOVES LA 240115;14;ATIVO;1;0;0;0;28/04/2026;13
NAO ALIMENTO;38264;LUVA GLOVES LA 240115;15;ATIVO;1;0;0;0;28/04/2026;13
NAO ALIMENTO;38264;LUVA GLOVES LA 240115;16;ATIVO;1;0;0;0;28/04/2026;13
NAO ALIMENTO;38264;LUVA GLOVES LA 240115;17;ATIVO;1;0;0;0;28/04/2026;13
NAO ALIMENTO;38264;LUVA GLOVES LA 240115;18;ATIVO;1;0;0;0;28/04/2026;13
NAO ALIMENTO;38264;LUVA GLOVES LA 240115;50;ATIVO;1;0;0;0;28/04/2026;13
NAO ALIMENTO;38255;LUVA GLOVES SOFT;1;ATIVO;1;0;0;0;28/04/2026;13
NAO ALIMENTO;38255;LUVA GLOVES SOFT;2;ATIVO;1;0;0;0;28/04/2026;13
NAO ALIMENTO;38255;LUVA GLOVES SOFT;3;ATIVO;1;0;0;0;28/04/2026;13
NAO ALIMENTO;38255;LUVA GLOVES SOFT;4;ATIVO;1;0;0;0;28/04/2026;13
NAO ALIMENTO;38255;LUVA GLOVES SOFT;5;ATIVO;1;0;0;0;28/04/2026;13
NAO ALIMENTO;38255;LUVA GLOVES SOFT;6;ATIVO;1;0;0;0;28/04/2026;13
NAO ALIMENTO;38255;LUVA GLOVES SOFT;7;ATIVO;1;0;0;0;28/04/2026;13
NAO ALIMENTO;38255;LUVA GLOVES SOFT;8;ATIVO;1;0;0;0;28/04/2026;13
NAO ALIMENTO;38255;LUVA GLOVES SOFT;11;ATIVO;1;0;0;0;28/04/2026;13
NAO ALIMENTO;38255;LUVA GLOVES SOFT;12;ATIVO;1;0;0;0;28/04/2026;13
NAO ALIMENTO;38255;LUVA GLOVES SOFT;13;ATIVO;1;0;0;0;28/04/2026;13
NAO ALIMENTO;38255;LUVA GLOVES SOFT;14;ATIVO;1;0;0;0;28/04/2026;13
NAO ALIMENTO;38255;LUVA GLOVES SOFT;15;ATIVO;1;0;0;0;28/04/2026;13
NAO ALIMENTO;38255;LUVA GLOVES SOFT;16;ATIVO;1;0;0;0;28/04/2026;13
NAO ALIMENTO;38255;LUVA GLOVES SOFT;17;ATIVO;1;0;0;0;28/04/2026;13
NAO ALIMENTO;38255;LUVA GLOVES SOFT;18;ATIVO;1;0;0;0;28/04/2026;13
NAO ALIMENTO;38255;LUVA GLOVES SOFT;50;ATIVO;1;0;0;0;28/04/2026;13
NAO ALIMENTO;38364;LUVA INFANTIL R YX025 YI0011;1;ATIVO;1;0;0;0;07/05/2026;4
NAO ALIMENTO;38364;LUVA INFANTIL R YX025 YI0011;2;ATIVO;1;0;0;0;07/05/2026;4
NAO ALIMENTO;38364;LUVA INFANTIL R YX025 YI0011;3;ATIVO;1;0;0;0;07/05/2026;4
NAO ALIMENTO;38364;LUVA INFANTIL R YX025 YI0011;4;ATIVO;1;0;0;0;07/05/2026;4
NAO ALIMENTO;38364;LUVA INFANTIL R YX025 YI0011;5;ATIVO;1;0;0;0;07/05/2026;4
NAO ALIMENTO;38364;LUVA INFANTIL R YX025 YI0011;6;ATIVO;1;0;0;0;07/05/2026;4
NAO ALIMENTO;38364;LUVA INFANTIL R YX025 YI0011;7;ATIVO;1;0;0;0;07/05/2026;4
NAO ALIMENTO;38364;LUVA INFANTIL R YX025 YI0011;8;ATIVO;1;0;0;0;07/05/2026;4
NAO ALIMENTO;38364;LUVA INFANTIL R YX025 YI0011;11;ATIVO;1;0;0;0;07/05/2026;4
NAO ALIMENTO;38364;LUVA INFANTIL R YX025 YI0011;12;ATIVO;1;0;0;0;07/05/2026;4
NAO ALIMENTO;38364;LUVA INFANTIL R YX025 YI0011;13;ATIVO;1;0;0;0;07/05/2026;4
NAO ALIMENTO;38364;LUVA INFANTIL R YX025 YI0011;14;ATIVO;1;0;0;0;07/05/2026;4
NAO ALIMENTO;38364;LUVA INFANTIL R YX025 YI0011;15;ATIVO;1;0;0;0;07/05/2026;4
NAO ALIMENTO;38364;LUVA INFANTIL R YX025 YI0011;16;ATIVO;1;0;0;0;07/05/2026;4
NAO ALIMENTO;38364;LUVA INFANTIL R YX025 YI0011;17;ATIVO;1;0;0;0;07/05/2026;4
NAO ALIMENTO;38364;LUVA INFANTIL R YX025 YI0011;18;ATIVO;1;0;0;0;07/05/2026;4
NAO ALIMENTO;38364;LUVA INFANTIL R YX025 YI0011;50;ATIVO;1;0;0;0;07/05/2026;4
NAO ALIMENTO;38048;MALETA C PARAFUSO E BUCHAS 60PCS;1;ATIVO;1;0;0;0;13/04/2026;28
NAO ALIMENTO;38048;MALETA C PARAFUSO E BUCHAS 60PCS;2;ATIVO;1;0;0;0;13/04/2026;28
NAO ALIMENTO;38048;MALETA C PARAFUSO E BUCHAS 60PCS;3;ATIVO;1;0;0;0;13/04/2026;28
NAO ALIMENTO;38048;MALETA C PARAFUSO E BUCHAS 60PCS;4;ATIVO;1;0;0;0;13/04/2026;28
NAO ALIMENTO;38048;MALETA C PARAFUSO E BUCHAS 60PCS;5;ATIVO;1;0;0;0;13/04/2026;28
NAO ALIMENTO;38048;MALETA C PARAFUSO E BUCHAS 60PCS;6;ATIVO;1;0;0;0;13/04/2026;28
NAO ALIMENTO;38048;MALETA C PARAFUSO E BUCHAS 60PCS;7;ATIVO;1;0;0;0;13/04/2026;28
NAO ALIMENTO;38048;MALETA C PARAFUSO E BUCHAS 60PCS;8;ATIVO;1;0;0;0;13/04/2026;28
NAO ALIMENTO;38048;MALETA C PARAFUSO E BUCHAS 60PCS;11;ATIVO;1;0;0;0;13/04/2026;28
NAO ALIMENTO;38048;MALETA C PARAFUSO E BUCHAS 60PCS;12;ATIVO;1;0;0;0;13/04/2026;28
NAO ALIMENTO;38048;MALETA C PARAFUSO E BUCHAS 60PCS;13;ATIVO;1;0;0;0;13/04/2026;28
NAO ALIMENTO;38048;MALETA C PARAFUSO E BUCHAS 60PCS;14;ATIVO;1;0;0;0;13/04/2026;28
NAO ALIMENTO;38048;MALETA C PARAFUSO E BUCHAS 60PCS;15;ATIVO;1;0;0;0;13/04/2026;28
NAO ALIMENTO;38048;MALETA C PARAFUSO E BUCHAS 60PCS;16;ATIVO;1;0;0;0;13/04/2026;28
NAO ALIMENTO;38048;MALETA C PARAFUSO E BUCHAS 60PCS;17;ATIVO;1;0;0;0;13/04/2026;28
NAO ALIMENTO;38048;MALETA C PARAFUSO E BUCHAS 60PCS;18;ATIVO;1;0;0;0;13/04/2026;28
NAO ALIMENTO;38048;MALETA C PARAFUSO E BUCHAS 60PCS;50;ATIVO;1;0;0;0;13/04/2026;28
NAO ALIMENTO;38304;MEIA 3 4 FIO 15 NAT CLARO UNICO 34 39;1;ATIVO;6;0;0;0;30/04/2026;11
NAO ALIMENTO;38304;MEIA 3 4 FIO 15 NAT CLARO UNICO 34 39;2;ATIVO;6;6;0;0;30/04/2026;11
NAO ALIMENTO;38304;MEIA 3 4 FIO 15 NAT CLARO UNICO 34 39;3;ATIVO;6;0;0;0;30/04/2026;11
NAO ALIMENTO;38304;MEIA 3 4 FIO 15 NAT CLARO UNICO 34 39;4;ATIVO;6;0;6;0;30/04/2026;11
NAO ALIMENTO;38304;MEIA 3 4 FIO 15 NAT CLARO UNICO 34 39;5;ATIVO;6;0;6;0;30/04/2026;11
NAO ALIMENTO;38304;MEIA 3 4 FIO 15 NAT CLARO UNICO 34 39;6;ATIVO;6;6;0;0;30/04/2026;11
NAO ALIMENTO;38304;MEIA 3 4 FIO 15 NAT CLARO UNICO 34 39;7;ATIVO;6;0;6;0;30/04/2026;11
NAO ALIMENTO;38304;MEIA 3 4 FIO 15 NAT CLARO UNICO 34 39;8;ATIVO;6;0;6;0;30/04/2026;11
NAO ALIMENTO;38304;MEIA 3 4 FIO 15 NAT CLARO UNICO 34 39;11;ATIVO;6;0;6;0;30/04/2026;11
NAO ALIMENTO;38304;MEIA 3 4 FIO 15 NAT CLARO UNICO 34 39;12;ATIVO;6;0;6;0;30/04/2026;11
NAO ALIMENTO;38304;MEIA 3 4 FIO 15 NAT CLARO UNICO 34 39;13;ATIVO;6;0;6;0;30/04/2026;11
NAO ALIMENTO;38304;MEIA 3 4 FIO 15 NAT CLARO UNICO 34 39;14;ATIVO;6;6;0;0;30/04/2026;11
NAO ALIMENTO;38304;MEIA 3 4 FIO 15 NAT CLARO UNICO 34 39;15;ATIVO;6;0;0;0;30/04/2026;11
NAO ALIMENTO;38304;MEIA 3 4 FIO 15 NAT CLARO UNICO 34 39;16;ATIVO;6;0;0;0;30/04/2026;11
NAO ALIMENTO;38304;MEIA 3 4 FIO 15 NAT CLARO UNICO 34 39;17;ATIVO;6;0;6;0;30/04/2026;11
NAO ALIMENTO;38304;MEIA 3 4 FIO 15 NAT CLARO UNICO 34 39;18;ATIVO;6;0;6;0;30/04/2026;11
NAO ALIMENTO;38304;MEIA 3 4 FIO 15 NAT CLARO UNICO 34 39;50;ATIVO;6;0;0;0;30/04/2026;11
NAO ALIMENTO;38305;MEIA 3 4 FIO 15 NATURAL UNICO 34 39;1;ATIVO;6;0;0;0;30/04/2026;11
NAO ALIMENTO;38305;MEIA 3 4 FIO 15 NATURAL UNICO 34 39;2;ATIVO;6;12;0;0;30/04/2026;11
NAO ALIMENTO;38305;MEIA 3 4 FIO 15 NATURAL UNICO 34 39;3;ATIVO;6;0;0;0;30/04/2026;11
NAO ALIMENTO;38305;MEIA 3 4 FIO 15 NATURAL UNICO 34 39;4;ATIVO;6;0;12;0;30/04/2026;11
NAO ALIMENTO;38305;MEIA 3 4 FIO 15 NATURAL UNICO 34 39;5;ATIVO;6;0;12;0;30/04/2026;11
NAO ALIMENTO;38305;MEIA 3 4 FIO 15 NATURAL UNICO 34 39;6;ATIVO;6;12;0;0;30/04/2026;11
NAO ALIMENTO;38305;MEIA 3 4 FIO 15 NATURAL UNICO 34 39;7;ATIVO;6;0;12;0;30/04/2026;11
NAO ALIMENTO;38305;MEIA 3 4 FIO 15 NATURAL UNICO 34 39;8;ATIVO;6;0;12;0;30/04/2026;11
NAO ALIMENTO;38305;MEIA 3 4 FIO 15 NATURAL UNICO 34 39;11;ATIVO;6;0;12;0;30/04/2026;11
NAO ALIMENTO;38305;MEIA 3 4 FIO 15 NATURAL UNICO 34 39;12;ATIVO;6;0;12;0;30/04/2026;11
NAO ALIMENTO;38305;MEIA 3 4 FIO 15 NATURAL UNICO 34 39;13;ATIVO;6;0;12;0;30/04/2026;11
NAO ALIMENTO;38305;MEIA 3 4 FIO 15 NATURAL UNICO 34 39;14;ATIVO;6;12;0;0;30/04/2026;11
NAO ALIMENTO;38305;MEIA 3 4 FIO 15 NATURAL UNICO 34 39;15;ATIVO;6;0;0;0;30/04/2026;11
NAO ALIMENTO;38305;MEIA 3 4 FIO 15 NATURAL UNICO 34 39;16;ATIVO;6;0;0;0;30/04/2026;11
NAO ALIMENTO;38305;MEIA 3 4 FIO 15 NATURAL UNICO 34 39;17;ATIVO;6;0;12;0;30/04/2026;11
NAO ALIMENTO;38305;MEIA 3 4 FIO 15 NATURAL UNICO 34 39;18;ATIVO;6;0;12;0;30/04/2026;11
NAO ALIMENTO;38305;MEIA 3 4 FIO 15 NATURAL UNICO 34 39;50;ATIVO;6;0;0;0;30/04/2026;11
NAO ALIMENTO;38312;MEIA 3 4 FIO 40 NAT CLARO UNICO;1;ATIVO;6;0;0;0;30/04/2026;11
NAO ALIMENTO;38312;MEIA 3 4 FIO 40 NAT CLARO UNICO;2;ATIVO;6;6;0;0;30/04/2026;11
NAO ALIMENTO;38312;MEIA 3 4 FIO 40 NAT CLARO UNICO;3;ATIVO;6;0;0;0;30/04/2026;11
NAO ALIMENTO;38312;MEIA 3 4 FIO 40 NAT CLARO UNICO;4;ATIVO;6;0;6;0;30/04/2026;11
NAO ALIMENTO;38312;MEIA 3 4 FIO 40 NAT CLARO UNICO;5;ATIVO;6;0;6;0;30/04/2026;11
NAO ALIMENTO;38312;MEIA 3 4 FIO 40 NAT CLARO UNICO;6;ATIVO;6;6;0;0;30/04/2026;11
NAO ALIMENTO;38312;MEIA 3 4 FIO 40 NAT CLARO UNICO;7;ATIVO;6;0;6;0;30/04/2026;11
NAO ALIMENTO;38312;MEIA 3 4 FIO 40 NAT CLARO UNICO;8;ATIVO;6;0;6;0;30/04/2026;11
NAO ALIMENTO;38312;MEIA 3 4 FIO 40 NAT CLARO UNICO;11;ATIVO;6;0;6;0;30/04/2026;11
NAO ALIMENTO;38312;MEIA 3 4 FIO 40 NAT CLARO UNICO;12;ATIVO;6;0;6;0;30/04/2026;11
NAO ALIMENTO;38312;MEIA 3 4 FIO 40 NAT CLARO UNICO;13;ATIVO;6;0;6;0;30/04/2026;11
NAO ALIMENTO;38312;MEIA 3 4 FIO 40 NAT CLARO UNICO;14;ATIVO;6;6;0;0;30/04/2026;11
NAO ALIMENTO;38312;MEIA 3 4 FIO 40 NAT CLARO UNICO;15;ATIVO;6;0;0;0;30/04/2026;11
NAO ALIMENTO;38312;MEIA 3 4 FIO 40 NAT CLARO UNICO;16;ATIVO;6;0;0;0;30/04/2026;11
NAO ALIMENTO;38312;MEIA 3 4 FIO 40 NAT CLARO UNICO;17;ATIVO;6;0;6;0;30/04/2026;11
NAO ALIMENTO;38312;MEIA 3 4 FIO 40 NAT CLARO UNICO;18;ATIVO;6;0;6;0;30/04/2026;11
NAO ALIMENTO;38312;MEIA 3 4 FIO 40 NAT CLARO UNICO;50;ATIVO;6;0;0;0;30/04/2026;11
NAO ALIMENTO;38315;MEIA 3 4 FIO 40 NATURAL UNICO;1;ATIVO;6;0;0;0;30/04/2026;11
NAO ALIMENTO;38315;MEIA 3 4 FIO 40 NATURAL UNICO;2;ATIVO;6;11;0;0;30/04/2026;11
NAO ALIMENTO;38315;MEIA 3 4 FIO 40 NATURAL UNICO;3;ATIVO;6;0;0;0;30/04/2026;11
NAO ALIMENTO;38315;MEIA 3 4 FIO 40 NATURAL UNICO;4;ATIVO;6;0;12;0;30/04/2026;11
NAO ALIMENTO;38315;MEIA 3 4 FIO 40 NATURAL UNICO;5;ATIVO;6;0;12;0;30/04/2026;11
NAO ALIMENTO;38315;MEIA 3 4 FIO 40 NATURAL UNICO;6;ATIVO;6;12;0;0;30/04/2026;11
NAO ALIMENTO;38315;MEIA 3 4 FIO 40 NATURAL UNICO;7;ATIVO;6;-1;12;0;30/04/2026;11
NAO ALIMENTO;38315;MEIA 3 4 FIO 40 NATURAL UNICO;8;ATIVO;6;0;12;0;30/04/2026;11
NAO ALIMENTO;38315;MEIA 3 4 FIO 40 NATURAL UNICO;11;ATIVO;6;0;12;0;30/04/2026;11
NAO ALIMENTO;38315;MEIA 3 4 FIO 40 NATURAL UNICO;12;ATIVO;6;0;12;0;30/04/2026;11
NAO ALIMENTO;38315;MEIA 3 4 FIO 40 NATURAL UNICO;13;ATIVO;6;0;12;0;30/04/2026;11
NAO ALIMENTO;38315;MEIA 3 4 FIO 40 NATURAL UNICO;14;ATIVO;6;12;0;0;30/04/2026;11
NAO ALIMENTO;38315;MEIA 3 4 FIO 40 NATURAL UNICO;15;ATIVO;6;0;0;0;30/04/2026;11
NAO ALIMENTO;38315;MEIA 3 4 FIO 40 NATURAL UNICO;16;ATIVO;6;0;0;0;30/04/2026;11
NAO ALIMENTO;38315;MEIA 3 4 FIO 40 NATURAL UNICO;17;ATIVO;6;0;12;0;30/04/2026;11
NAO ALIMENTO;38315;MEIA 3 4 FIO 40 NATURAL UNICO;18;ATIVO;6;0;12;0;30/04/2026;11
NAO ALIMENTO;38315;MEIA 3 4 FIO 40 NATURAL UNICO;50;ATIVO;6;0;0;0;30/04/2026;11
NAO ALIMENTO;38307;MEIA 3 4 FIO 40 PRETO UNICO 34 39;1;ATIVO;6;0;0;0;30/04/2026;11
NAO ALIMENTO;38307;MEIA 3 4 FIO 40 PRETO UNICO 34 39;2;ATIVO;6;5;0;0;30/04/2026;11
NAO ALIMENTO;38307;MEIA 3 4 FIO 40 PRETO UNICO 34 39;3;ATIVO;6;0;0;0;30/04/2026;11
NAO ALIMENTO;38307;MEIA 3 4 FIO 40 PRETO UNICO 34 39;4;ATIVO;6;0;6;0;30/04/2026;11
NAO ALIMENTO;38307;MEIA 3 4 FIO 40 PRETO UNICO 34 39;5;ATIVO;6;0;6;0;30/04/2026;11
NAO ALIMENTO;38307;MEIA 3 4 FIO 40 PRETO UNICO 34 39;6;ATIVO;6;6;0;0;30/04/2026;11
NAO ALIMENTO;38307;MEIA 3 4 FIO 40 PRETO UNICO 34 39;7;ATIVO;6;0;6;0;30/04/2026;11
NAO ALIMENTO;38307;MEIA 3 4 FIO 40 PRETO UNICO 34 39;8;ATIVO;6;0;6;0;30/04/2026;11
NAO ALIMENTO;38307;MEIA 3 4 FIO 40 PRETO UNICO 34 39;11;ATIVO;6;0;6;0;30/04/2026;11
NAO ALIMENTO;38307;MEIA 3 4 FIO 40 PRETO UNICO 34 39;12;ATIVO;6;0;6;0;30/04/2026;11
NAO ALIMENTO;38307;MEIA 3 4 FIO 40 PRETO UNICO 34 39;13;ATIVO;6;0;6;0;30/04/2026;11
NAO ALIMENTO;38307;MEIA 3 4 FIO 40 PRETO UNICO 34 39;14;ATIVO;6;6;0;0;30/04/2026;11
NAO ALIMENTO;38307;MEIA 3 4 FIO 40 PRETO UNICO 34 39;15;ATIVO;6;0;0;0;30/04/2026;11
NAO ALIMENTO;38307;MEIA 3 4 FIO 40 PRETO UNICO 34 39;16;ATIVO;6;0;0;0;30/04/2026;11
NAO ALIMENTO;38307;MEIA 3 4 FIO 40 PRETO UNICO 34 39;17;ATIVO;6;0;6;0;30/04/2026;11
NAO ALIMENTO;38307;MEIA 3 4 FIO 40 PRETO UNICO 34 39;18;ATIVO;6;0;6;0;30/04/2026;11
NAO ALIMENTO;38307;MEIA 3 4 FIO 40 PRETO UNICO 34 39;50;ATIVO;6;0;0;0;30/04/2026;11
NAO ALIMENTO;38303;MEIA 3 4 INDIVIDUAL 34 39 FIO 15 PT;1;ATIVO;6;0;0;0;30/04/2026;11
NAO ALIMENTO;38303;MEIA 3 4 INDIVIDUAL 34 39 FIO 15 PT;2;ATIVO;6;6;0;0;30/04/2026;11
NAO ALIMENTO;38303;MEIA 3 4 INDIVIDUAL 34 39 FIO 15 PT;3;ATIVO;6;0;0;0;30/04/2026;11
NAO ALIMENTO;38303;MEIA 3 4 INDIVIDUAL 34 39 FIO 15 PT;4;ATIVO;6;0;6;0;30/04/2026;11
NAO ALIMENTO;38303;MEIA 3 4 INDIVIDUAL 34 39 FIO 15 PT;5;ATIVO;6;0;6;0;30/04/2026;11
NAO ALIMENTO;38303;MEIA 3 4 INDIVIDUAL 34 39 FIO 15 PT;6;ATIVO;6;6;0;0;30/04/2026;11
NAO ALIMENTO;38303;MEIA 3 4 INDIVIDUAL 34 39 FIO 15 PT;7;ATIVO;6;0;6;0;30/04/2026;11
NAO ALIMENTO;38303;MEIA 3 4 INDIVIDUAL 34 39 FIO 15 PT;8;ATIVO;6;0;6;0;30/04/2026;11
NAO ALIMENTO;38303;MEIA 3 4 INDIVIDUAL 34 39 FIO 15 PT;11;ATIVO;6;0;6;0;30/04/2026;11
NAO ALIMENTO;38303;MEIA 3 4 INDIVIDUAL 34 39 FIO 15 PT;12;ATIVO;6;0;6;0;30/04/2026;11
NAO ALIMENTO;38303;MEIA 3 4 INDIVIDUAL 34 39 FIO 15 PT;13;ATIVO;6;0;6;0;30/04/2026;11
NAO ALIMENTO;38303;MEIA 3 4 INDIVIDUAL 34 39 FIO 15 PT;14;ATIVO;6;6;0;0;30/04/2026;11
NAO ALIMENTO;38303;MEIA 3 4 INDIVIDUAL 34 39 FIO 15 PT;15;ATIVO;6;0;0;0;30/04/2026;11
NAO ALIMENTO;38303;MEIA 3 4 INDIVIDUAL 34 39 FIO 15 PT;16;ATIVO;6;0;0;0;30/04/2026;11
NAO ALIMENTO;38303;MEIA 3 4 INDIVIDUAL 34 39 FIO 15 PT;17;ATIVO;6;0;6;0;30/04/2026;11
NAO ALIMENTO;38303;MEIA 3 4 INDIVIDUAL 34 39 FIO 15 PT;18;ATIVO;6;0;6;0;30/04/2026;11
NAO ALIMENTO;38303;MEIA 3 4 INDIVIDUAL 34 39 FIO 15 PT;50;ATIVO;6;0;0;0;30/04/2026;11
NAO ALIMENTO;38319;MEIA CALCA FIO 15 NATURAL TAM P;1;ATIVO;6;0;0;0;30/04/2026;11
NAO ALIMENTO;38319;MEIA CALCA FIO 15 NATURAL TAM P;2;ATIVO;6;12;0;0;30/04/2026;11
NAO ALIMENTO;38319;MEIA CALCA FIO 15 NATURAL TAM P;3;ATIVO;6;0;0;0;30/04/2026;11
NAO ALIMENTO;38319;MEIA CALCA FIO 15 NATURAL TAM P;4;ATIVO;6;0;12;0;30/04/2026;11
NAO ALIMENTO;38319;MEIA CALCA FIO 15 NATURAL TAM P;5;ATIVO;6;0;12;0;30/04/2026;11
NAO ALIMENTO;38319;MEIA CALCA FIO 15 NATURAL TAM P;6;ATIVO;6;12;0;0;30/04/2026;11
NAO ALIMENTO;38319;MEIA CALCA FIO 15 NATURAL TAM P;7;ATIVO;6;0;12;0;30/04/2026;11
NAO ALIMENTO;38319;MEIA CALCA FIO 15 NATURAL TAM P;8;ATIVO;6;0;12;0;30/04/2026;11
NAO ALIMENTO;38319;MEIA CALCA FIO 15 NATURAL TAM P;11;ATIVO;6;0;12;0;30/04/2026;11
NAO ALIMENTO;38319;MEIA CALCA FIO 15 NATURAL TAM P;12;ATIVO;6;0;12;0;30/04/2026;11
NAO ALIMENTO;38319;MEIA CALCA FIO 15 NATURAL TAM P;13;ATIVO;6;0;12;0;30/04/2026;11
NAO ALIMENTO;38319;MEIA CALCA FIO 15 NATURAL TAM P;14;ATIVO;6;12;0;0;30/04/2026;11
NAO ALIMENTO;38319;MEIA CALCA FIO 15 NATURAL TAM P;15;ATIVO;6;0;0;0;30/04/2026;11
NAO ALIMENTO;38319;MEIA CALCA FIO 15 NATURAL TAM P;16;ATIVO;6;0;0;0;30/04/2026;11
NAO ALIMENTO;38319;MEIA CALCA FIO 15 NATURAL TAM P;17;ATIVO;6;0;12;0;30/04/2026;11
NAO ALIMENTO;38319;MEIA CALCA FIO 15 NATURAL TAM P;18;ATIVO;6;0;12;0;30/04/2026;11
NAO ALIMENTO;38319;MEIA CALCA FIO 15 NATURAL TAM P;50;ATIVO;6;0;0;0;30/04/2026;11
NAO ALIMENTO;38317;MEIA CALCA FIO 15 PRETO TAM P 36 38;1;ATIVO;6;0;0;0;30/04/2026;11
NAO ALIMENTO;38317;MEIA CALCA FIO 15 PRETO TAM P 36 38;2;ATIVO;6;6;0;0;30/04/2026;11
NAO ALIMENTO;38317;MEIA CALCA FIO 15 PRETO TAM P 36 38;3;ATIVO;6;0;0;0;30/04/2026;11
NAO ALIMENTO;38317;MEIA CALCA FIO 15 PRETO TAM P 36 38;4;ATIVO;6;0;6;0;30/04/2026;11
NAO ALIMENTO;38317;MEIA CALCA FIO 15 PRETO TAM P 36 38;5;ATIVO;6;0;6;0;30/04/2026;11
NAO ALIMENTO;38317;MEIA CALCA FIO 15 PRETO TAM P 36 38;6;ATIVO;6;6;0;0;30/04/2026;11
NAO ALIMENTO;38317;MEIA CALCA FIO 15 PRETO TAM P 36 38;7;ATIVO;6;0;6;0;30/04/2026;11
NAO ALIMENTO;38317;MEIA CALCA FIO 15 PRETO TAM P 36 38;8;ATIVO;6;0;6;0;30/04/2026;11
NAO ALIMENTO;38317;MEIA CALCA FIO 15 PRETO TAM P 36 38;11;ATIVO;6;0;6;0;30/04/2026;11
NAO ALIMENTO;38317;MEIA CALCA FIO 15 PRETO TAM P 36 38;12;ATIVO;6;0;6;0;30/04/2026;11
NAO ALIMENTO;38317;MEIA CALCA FIO 15 PRETO TAM P 36 38;13;ATIVO;6;0;6;0;30/04/2026;11
NAO ALIMENTO;38317;MEIA CALCA FIO 15 PRETO TAM P 36 38;14;ATIVO;6;6;0;0;30/04/2026;11
NAO ALIMENTO;38317;MEIA CALCA FIO 15 PRETO TAM P 36 38;15;ATIVO;6;0;0;0;30/04/2026;11
NAO ALIMENTO;38317;MEIA CALCA FIO 15 PRETO TAM P 36 38;16;ATIVO;6;0;0;0;30/04/2026;11
NAO ALIMENTO;38317;MEIA CALCA FIO 15 PRETO TAM P 36 38;17;ATIVO;6;0;6;0;30/04/2026;11
NAO ALIMENTO;38317;MEIA CALCA FIO 15 PRETO TAM P 36 38;18;ATIVO;6;0;6;0;30/04/2026;11
NAO ALIMENTO;38317;MEIA CALCA FIO 15 PRETO TAM P 36 38;50;ATIVO;6;0;0;0;30/04/2026;11
NAO ALIMENTO;38322;MEIA CALCA FIO 15 TAM G 44 A 46 NATURAL;1;ATIVO;6;0;0;0;02/05/2026;9
NAO ALIMENTO;38322;MEIA CALCA FIO 15 TAM G 44 A 46 NATURAL;2;ATIVO;6;4;0;0;02/05/2026;9
NAO ALIMENTO;38322;MEIA CALCA FIO 15 TAM G 44 A 46 NATURAL;3;ATIVO;6;0;0;0;02/05/2026;9
NAO ALIMENTO;38322;MEIA CALCA FIO 15 TAM G 44 A 46 NATURAL;4;ATIVO;6;0;12;0;02/05/2026;9
NAO ALIMENTO;38322;MEIA CALCA FIO 15 TAM G 44 A 46 NATURAL;5;ATIVO;6;0;12;0;02/05/2026;9
NAO ALIMENTO;38322;MEIA CALCA FIO 15 TAM G 44 A 46 NATURAL;6;ATIVO;6;12;0;0;02/05/2026;9
NAO ALIMENTO;38322;MEIA CALCA FIO 15 TAM G 44 A 46 NATURAL;7;ATIVO;6;0;12;0;02/05/2026;9
NAO ALIMENTO;38322;MEIA CALCA FIO 15 TAM G 44 A 46 NATURAL;8;ATIVO;6;0;12;0;02/05/2026;9
NAO ALIMENTO;38322;MEIA CALCA FIO 15 TAM G 44 A 46 NATURAL;11;ATIVO;6;0;12;0;02/05/2026;9
NAO ALIMENTO;38322;MEIA CALCA FIO 15 TAM G 44 A 46 NATURAL;12;ATIVO;6;0;12;0;02/05/2026;9
NAO ALIMENTO;38322;MEIA CALCA FIO 15 TAM G 44 A 46 NATURAL;13;ATIVO;6;0;12;0;02/05/2026;9
NAO ALIMENTO;38322;MEIA CALCA FIO 15 TAM G 44 A 46 NATURAL;14;ATIVO;6;12;0;0;02/05/2026;9
NAO ALIMENTO;38322;MEIA CALCA FIO 15 TAM G 44 A 46 NATURAL;15;ATIVO;6;0;0;0;02/05/2026;9
NAO ALIMENTO;38322;MEIA CALCA FIO 15 TAM G 44 A 46 NATURAL;16;ATIVO;6;0;0;0;02/05/2026;9
NAO ALIMENTO;38322;MEIA CALCA FIO 15 TAM G 44 A 46 NATURAL;17;ATIVO;6;0;12;0;02/05/2026;9
NAO ALIMENTO;38322;MEIA CALCA FIO 15 TAM G 44 A 46 NATURAL;18;ATIVO;6;0;12;0;02/05/2026;9
NAO ALIMENTO;38322;MEIA CALCA FIO 15 TAM G 44 A 46 NATURAL;50;ATIVO;6;0;0;0;02/05/2026;9
NAO ALIMENTO;38323;MEIA CALCA FIO 15 TAM G 44 A 46 PRETA;1;ATIVO;6;0;0;0;02/05/2026;9
NAO ALIMENTO;38323;MEIA CALCA FIO 15 TAM G 44 A 46 PRETA;2;ATIVO;6;5;0;0;02/05/2026;9
NAO ALIMENTO;38323;MEIA CALCA FIO 15 TAM G 44 A 46 PRETA;3;ATIVO;6;0;0;0;02/05/2026;9
NAO ALIMENTO;38323;MEIA CALCA FIO 15 TAM G 44 A 46 PRETA;4;ATIVO;6;0;6;0;02/05/2026;9
NAO ALIMENTO;38323;MEIA CALCA FIO 15 TAM G 44 A 46 PRETA;5;ATIVO;6;0;6;0;02/05/2026;9
NAO ALIMENTO;38323;MEIA CALCA FIO 15 TAM G 44 A 46 PRETA;6;ATIVO;6;6;0;0;02/05/2026;9
NAO ALIMENTO;38323;MEIA CALCA FIO 15 TAM G 44 A 46 PRETA;7;ATIVO;6;0;6;0;02/05/2026;9
NAO ALIMENTO;38323;MEIA CALCA FIO 15 TAM G 44 A 46 PRETA;8;ATIVO;6;0;6;0;02/05/2026;9
NAO ALIMENTO;38323;MEIA CALCA FIO 15 TAM G 44 A 46 PRETA;11;ATIVO;6;0;6;0;02/05/2026;9
NAO ALIMENTO;38323;MEIA CALCA FIO 15 TAM G 44 A 46 PRETA;12;ATIVO;6;0;6;0;02/05/2026;9
NAO ALIMENTO;38323;MEIA CALCA FIO 15 TAM G 44 A 46 PRETA;13;ATIVO;6;0;6;0;02/05/2026;9
NAO ALIMENTO;38323;MEIA CALCA FIO 15 TAM G 44 A 46 PRETA;14;ATIVO;6;6;0;0;02/05/2026;9
NAO ALIMENTO;38323;MEIA CALCA FIO 15 TAM G 44 A 46 PRETA;15;ATIVO;6;0;0;0;02/05/2026;9
NAO ALIMENTO;38323;MEIA CALCA FIO 15 TAM G 44 A 46 PRETA;16;ATIVO;6;0;0;0;02/05/2026;9
NAO ALIMENTO;38323;MEIA CALCA FIO 15 TAM G 44 A 46 PRETA;17;ATIVO;6;0;6;0;02/05/2026;9
NAO ALIMENTO;38323;MEIA CALCA FIO 15 TAM G 44 A 46 PRETA;18;ATIVO;6;0;6;0;02/05/2026;9
NAO ALIMENTO;38323;MEIA CALCA FIO 15 TAM G 44 A 46 PRETA;50;ATIVO;6;0;0;0;02/05/2026;9
NAO ALIMENTO;38318;MEIA CALCA FIO 15 TAM GG 46 A 48 NATURAL;1;ATIVO;6;0;0;0;30/04/2026;11
NAO ALIMENTO;38318;MEIA CALCA FIO 15 TAM GG 46 A 48 NATURAL;2;ATIVO;6;12;0;0;30/04/2026;11
NAO ALIMENTO;38318;MEIA CALCA FIO 15 TAM GG 46 A 48 NATURAL;3;ATIVO;6;0;0;0;30/04/2026;11
NAO ALIMENTO;38318;MEIA CALCA FIO 15 TAM GG 46 A 48 NATURAL;4;ATIVO;6;0;12;0;30/04/2026;11
NAO ALIMENTO;38318;MEIA CALCA FIO 15 TAM GG 46 A 48 NATURAL;5;ATIVO;6;0;12;0;30/04/2026;11
NAO ALIMENTO;38318;MEIA CALCA FIO 15 TAM GG 46 A 48 NATURAL;6;ATIVO;6;12;0;0;30/04/2026;11
NAO ALIMENTO;38318;MEIA CALCA FIO 15 TAM GG 46 A 48 NATURAL;7;ATIVO;6;0;12;0;30/04/2026;11
NAO ALIMENTO;38318;MEIA CALCA FIO 15 TAM GG 46 A 48 NATURAL;8;ATIVO;6;0;12;0;30/04/2026;11
NAO ALIMENTO;38318;MEIA CALCA FIO 15 TAM GG 46 A 48 NATURAL;11;ATIVO;6;0;12;0;30/04/2026;11
NAO ALIMENTO;38318;MEIA CALCA FIO 15 TAM GG 46 A 48 NATURAL;12;ATIVO;6;0;12;0;30/04/2026;11
NAO ALIMENTO;38318;MEIA CALCA FIO 15 TAM GG 46 A 48 NATURAL;13;ATIVO;6;0;12;0;30/04/2026;11
NAO ALIMENTO;38318;MEIA CALCA FIO 15 TAM GG 46 A 48 NATURAL;14;ATIVO;6;12;0;0;30/04/2026;11
NAO ALIMENTO;38318;MEIA CALCA FIO 15 TAM GG 46 A 48 NATURAL;15;ATIVO;6;0;0;0;30/04/2026;11
NAO ALIMENTO;38318;MEIA CALCA FIO 15 TAM GG 46 A 48 NATURAL;16;ATIVO;6;0;0;0;30/04/2026;11
NAO ALIMENTO;38318;MEIA CALCA FIO 15 TAM GG 46 A 48 NATURAL;17;ATIVO;6;0;12;0;30/04/2026;11
NAO ALIMENTO;38318;MEIA CALCA FIO 15 TAM GG 46 A 48 NATURAL;18;ATIVO;6;0;12;0;30/04/2026;11
NAO ALIMENTO;38318;MEIA CALCA FIO 15 TAM GG 46 A 48 NATURAL;50;ATIVO;6;0;0;0;30/04/2026;11
NAO ALIMENTO;38320;MEIA CALCA FIO 15 TAM GG 46 A 48 PRETO;1;ATIVO;6;0;0;0;30/04/2026;11
NAO ALIMENTO;38320;MEIA CALCA FIO 15 TAM GG 46 A 48 PRETO;2;ATIVO;6;4;0;0;30/04/2026;11
NAO ALIMENTO;38320;MEIA CALCA FIO 15 TAM GG 46 A 48 PRETO;3;ATIVO;6;0;0;0;30/04/2026;11
NAO ALIMENTO;38320;MEIA CALCA FIO 15 TAM GG 46 A 48 PRETO;4;ATIVO;6;0;6;0;30/04/2026;11
NAO ALIMENTO;38320;MEIA CALCA FIO 15 TAM GG 46 A 48 PRETO;5;ATIVO;6;0;6;0;30/04/2026;11
NAO ALIMENTO;38320;MEIA CALCA FIO 15 TAM GG 46 A 48 PRETO;6;ATIVO;6;6;0;0;30/04/2026;11
NAO ALIMENTO;38320;MEIA CALCA FIO 15 TAM GG 46 A 48 PRETO;7;ATIVO;6;0;6;0;30/04/2026;11
NAO ALIMENTO;38320;MEIA CALCA FIO 15 TAM GG 46 A 48 PRETO;8;ATIVO;6;0;6;0;30/04/2026;11
NAO ALIMENTO;38320;MEIA CALCA FIO 15 TAM GG 46 A 48 PRETO;11;ATIVO;6;0;6;0;30/04/2026;11
NAO ALIMENTO;38320;MEIA CALCA FIO 15 TAM GG 46 A 48 PRETO;12;ATIVO;6;0;6;0;30/04/2026;11
NAO ALIMENTO;38320;MEIA CALCA FIO 15 TAM GG 46 A 48 PRETO;13;ATIVO;6;0;6;0;30/04/2026;11
NAO ALIMENTO;38320;MEIA CALCA FIO 15 TAM GG 46 A 48 PRETO;14;ATIVO;6;6;0;0;30/04/2026;11
NAO ALIMENTO;38320;MEIA CALCA FIO 15 TAM GG 46 A 48 PRETO;15;ATIVO;6;0;0;0;30/04/2026;11
NAO ALIMENTO;38320;MEIA CALCA FIO 15 TAM GG 46 A 48 PRETO;16;ATIVO;6;0;0;0;30/04/2026;11
NAO ALIMENTO;38320;MEIA CALCA FIO 15 TAM GG 46 A 48 PRETO;17;ATIVO;6;0;6;0;30/04/2026;11
NAO ALIMENTO;38320;MEIA CALCA FIO 15 TAM GG 46 A 48 PRETO;18;ATIVO;6;0;6;0;30/04/2026;11
NAO ALIMENTO;38320;MEIA CALCA FIO 15 TAM GG 46 A 48 PRETO;50;ATIVO;6;0;0;0;30/04/2026;11
NAO ALIMENTO;38324;MEIA CALCA FIO 15 TAM M 40 A 42 NATURAL;1;ATIVO;6;0;0;0;02/05/2026;9
NAO ALIMENTO;38324;MEIA CALCA FIO 15 TAM M 40 A 42 NATURAL;2;ATIVO;6;12;0;0;02/05/2026;9
NAO ALIMENTO;38324;MEIA CALCA FIO 15 TAM M 40 A 42 NATURAL;3;ATIVO;6;0;0;0;02/05/2026;9
NAO ALIMENTO;38324;MEIA CALCA FIO 15 TAM M 40 A 42 NATURAL;4;ATIVO;6;0;12;0;02/05/2026;9
NAO ALIMENTO;38324;MEIA CALCA FIO 15 TAM M 40 A 42 NATURAL;5;ATIVO;6;0;12;0;02/05/2026;9
NAO ALIMENTO;38324;MEIA CALCA FIO 15 TAM M 40 A 42 NATURAL;6;ATIVO;6;12;0;0;02/05/2026;9
NAO ALIMENTO;38324;MEIA CALCA FIO 15 TAM M 40 A 42 NATURAL;7;ATIVO;6;-1;12;0;02/05/2026;9
NAO ALIMENTO;38324;MEIA CALCA FIO 15 TAM M 40 A 42 NATURAL;8;ATIVO;6;0;12;0;02/05/2026;9
NAO ALIMENTO;38324;MEIA CALCA FIO 15 TAM M 40 A 42 NATURAL;11;ATIVO;6;0;12;0;02/05/2026;9
NAO ALIMENTO;38324;MEIA CALCA FIO 15 TAM M 40 A 42 NATURAL;12;ATIVO;6;0;12;0;02/05/2026;9
NAO ALIMENTO;38324;MEIA CALCA FIO 15 TAM M 40 A 42 NATURAL;13;ATIVO;6;0;12;0;02/05/2026;9
NAO ALIMENTO;38324;MEIA CALCA FIO 15 TAM M 40 A 42 NATURAL;14;ATIVO;6;12;0;0;02/05/2026;9
NAO ALIMENTO;38324;MEIA CALCA FIO 15 TAM M 40 A 42 NATURAL;15;ATIVO;6;0;0;0;02/05/2026;9
NAO ALIMENTO;38324;MEIA CALCA FIO 15 TAM M 40 A 42 NATURAL;16;ATIVO;6;0;0;0;02/05/2026;9
NAO ALIMENTO;38324;MEIA CALCA FIO 15 TAM M 40 A 42 NATURAL;17;ATIVO;6;0;12;0;02/05/2026;9
NAO ALIMENTO;38324;MEIA CALCA FIO 15 TAM M 40 A 42 NATURAL;18;ATIVO;6;0;12;0;02/05/2026;9
NAO ALIMENTO;38324;MEIA CALCA FIO 15 TAM M 40 A 42 NATURAL;50;ATIVO;6;0;0;0;02/05/2026;9
NAO ALIMENTO;38325;MEIA CALCA FIO 15 TAM M 40 A 42 PRETA;1;ATIVO;6;0;0;0;02/05/2026;9
NAO ALIMENTO;38325;MEIA CALCA FIO 15 TAM M 40 A 42 PRETA;2;ATIVO;6;6;0;0;02/05/2026;9
NAO ALIMENTO;38325;MEIA CALCA FIO 15 TAM M 40 A 42 PRETA;3;ATIVO;6;0;0;0;02/05/2026;9
NAO ALIMENTO;38325;MEIA CALCA FIO 15 TAM M 40 A 42 PRETA;4;ATIVO;6;0;6;0;02/05/2026;9
NAO ALIMENTO;38325;MEIA CALCA FIO 15 TAM M 40 A 42 PRETA;5;ATIVO;6;0;6;0;02/05/2026;9
NAO ALIMENTO;38325;MEIA CALCA FIO 15 TAM M 40 A 42 PRETA;6;ATIVO;6;6;0;0;02/05/2026;9
NAO ALIMENTO;38325;MEIA CALCA FIO 15 TAM M 40 A 42 PRETA;7;ATIVO;6;0;6;0;02/05/2026;9
NAO ALIMENTO;38325;MEIA CALCA FIO 15 TAM M 40 A 42 PRETA;8;ATIVO;6;0;6;0;02/05/2026;9
NAO ALIMENTO;38325;MEIA CALCA FIO 15 TAM M 40 A 42 PRETA;11;ATIVO;6;0;6;0;02/05/2026;9
NAO ALIMENTO;38325;MEIA CALCA FIO 15 TAM M 40 A 42 PRETA;12;ATIVO;6;0;6;0;02/05/2026;9
NAO ALIMENTO;38325;MEIA CALCA FIO 15 TAM M 40 A 42 PRETA;13;ATIVO;6;0;6;0;02/05/2026;9
NAO ALIMENTO;38325;MEIA CALCA FIO 15 TAM M 40 A 42 PRETA;14;ATIVO;6;6;0;0;02/05/2026;9
NAO ALIMENTO;38325;MEIA CALCA FIO 15 TAM M 40 A 42 PRETA;15;ATIVO;6;0;0;0;02/05/2026;9
NAO ALIMENTO;38325;MEIA CALCA FIO 15 TAM M 40 A 42 PRETA;16;ATIVO;6;0;0;0;02/05/2026;9
NAO ALIMENTO;38325;MEIA CALCA FIO 15 TAM M 40 A 42 PRETA;17;ATIVO;6;0;6;0;02/05/2026;9
NAO ALIMENTO;38325;MEIA CALCA FIO 15 TAM M 40 A 42 PRETA;18;ATIVO;6;0;6;0;02/05/2026;9
NAO ALIMENTO;38325;MEIA CALCA FIO 15 TAM M 40 A 42 PRETA;50;ATIVO;6;0;0;0;02/05/2026;9
NAO ALIMENTO;38241;MEIA CALCA TRIFIL AF FIO 40 MED;1;ATIVO;1;0;0;0;25/04/2026;16
NAO ALIMENTO;38241;MEIA CALCA TRIFIL AF FIO 40 MED;2;ATIVO;1;0;0;0;25/04/2026;16
NAO ALIMENTO;38241;MEIA CALCA TRIFIL AF FIO 40 MED;3;ATIVO;1;0;0;0;25/04/2026;16
NAO ALIMENTO;38241;MEIA CALCA TRIFIL AF FIO 40 MED;4;ATIVO;1;0;0;0;25/04/2026;16
NAO ALIMENTO;38241;MEIA CALCA TRIFIL AF FIO 40 MED;5;ATIVO;1;0;0;0;25/04/2026;16
NAO ALIMENTO;38241;MEIA CALCA TRIFIL AF FIO 40 MED;6;ATIVO;1;0;0;0;25/04/2026;16
NAO ALIMENTO;38241;MEIA CALCA TRIFIL AF FIO 40 MED;7;ATIVO;1;0;0;0;25/04/2026;16
NAO ALIMENTO;38241;MEIA CALCA TRIFIL AF FIO 40 MED;8;ATIVO;1;0;0;0;25/04/2026;16
NAO ALIMENTO;38241;MEIA CALCA TRIFIL AF FIO 40 MED;11;ATIVO;1;0;0;0;25/04/2026;16
NAO ALIMENTO;38241;MEIA CALCA TRIFIL AF FIO 40 MED;12;ATIVO;1;0;0;0;25/04/2026;16
NAO ALIMENTO;38241;MEIA CALCA TRIFIL AF FIO 40 MED;13;ATIVO;1;0;0;0;25/04/2026;16
NAO ALIMENTO;38241;MEIA CALCA TRIFIL AF FIO 40 MED;14;ATIVO;1;0;0;0;25/04/2026;16
NAO ALIMENTO;38241;MEIA CALCA TRIFIL AF FIO 40 MED;15;ATIVO;1;0;0;0;25/04/2026;16
NAO ALIMENTO;38241;MEIA CALCA TRIFIL AF FIO 40 MED;16;ATIVO;1;0;0;0;25/04/2026;16
NAO ALIMENTO;38241;MEIA CALCA TRIFIL AF FIO 40 MED;17;ATIVO;1;0;0;0;25/04/2026;16
NAO ALIMENTO;38241;MEIA CALCA TRIFIL AF FIO 40 MED;18;ATIVO;1;0;0;0;25/04/2026;16
NAO ALIMENTO;38241;MEIA CALCA TRIFIL AF FIO 40 MED;50;ATIVO;1;0;0;0;25/04/2026;16
NAO ALIMENTO;38209;MEIA CALCA TRIFIL IMPULS 7891213513;1;ATIVO;1;0;0;0;23/04/2026;18
NAO ALIMENTO;38209;MEIA CALCA TRIFIL IMPULS 7891213513;2;ATIVO;1;0;0;0;23/04/2026;18
NAO ALIMENTO;38209;MEIA CALCA TRIFIL IMPULS 7891213513;3;ATIVO;1;0;0;0;23/04/2026;18
NAO ALIMENTO;38209;MEIA CALCA TRIFIL IMPULS 7891213513;4;ATIVO;1;0;0;0;23/04/2026;18
NAO ALIMENTO;38209;MEIA CALCA TRIFIL IMPULS 7891213513;5;ATIVO;1;0;0;0;23/04/2026;18
NAO ALIMENTO;38209;MEIA CALCA TRIFIL IMPULS 7891213513;6;ATIVO;1;0;0;0;23/04/2026;18
NAO ALIMENTO;38209;MEIA CALCA TRIFIL IMPULS 7891213513;7;ATIVO;1;0;0;0;23/04/2026;18
NAO ALIMENTO;38209;MEIA CALCA TRIFIL IMPULS 7891213513;8;ATIVO;1;0;0;0;23/04/2026;18
NAO ALIMENTO;38209;MEIA CALCA TRIFIL IMPULS 7891213513;11;ATIVO;1;0;0;0;23/04/2026;18
NAO ALIMENTO;38209;MEIA CALCA TRIFIL IMPULS 7891213513;12;ATIVO;1;0;0;0;23/04/2026;18
NAO ALIMENTO;38209;MEIA CALCA TRIFIL IMPULS 7891213513;13;ATIVO;1;0;0;0;23/04/2026;18
NAO ALIMENTO;38209;MEIA CALCA TRIFIL IMPULS 7891213513;14;ATIVO;1;0;0;0;23/04/2026;18
NAO ALIMENTO;38209;MEIA CALCA TRIFIL IMPULS 7891213513;15;ATIVO;1;0;0;0;23/04/2026;18
NAO ALIMENTO;38209;MEIA CALCA TRIFIL IMPULS 7891213513;16;ATIVO;1;0;0;0;23/04/2026;18
NAO ALIMENTO;38209;MEIA CALCA TRIFIL IMPULS 7891213513;17;ATIVO;1;0;0;0;23/04/2026;18
NAO ALIMENTO;38209;MEIA CALCA TRIFIL IMPULS 7891213513;18;ATIVO;1;0;0;0;23/04/2026;18
NAO ALIMENTO;38209;MEIA CALCA TRIFIL IMPULS 7891213513;50;ATIVO;1;0;0;0;23/04/2026;18
NAO ALIMENTO;38171;MEIA TRIFIL KM CL SPIDER MAN;1;ATIVO;1;0;0;0;20/04/2026;21
NAO ALIMENTO;38171;MEIA TRIFIL KM CL SPIDER MAN;2;ATIVO;1;0;0;0;20/04/2026;21
NAO ALIMENTO;38171;MEIA TRIFIL KM CL SPIDER MAN;3;ATIVO;1;-1;0;0;20/04/2026;21
NAO ALIMENTO;38171;MEIA TRIFIL KM CL SPIDER MAN;4;ATIVO;1;0;0;0;20/04/2026;21
NAO ALIMENTO;38171;MEIA TRIFIL KM CL SPIDER MAN;5;ATIVO;1;0;0;0;20/04/2026;21
NAO ALIMENTO;38171;MEIA TRIFIL KM CL SPIDER MAN;6;ATIVO;1;0;0;0;20/04/2026;21
NAO ALIMENTO;38171;MEIA TRIFIL KM CL SPIDER MAN;7;ATIVO;1;0;0;0;20/04/2026;21
NAO ALIMENTO;38171;MEIA TRIFIL KM CL SPIDER MAN;8;ATIVO;1;0;0;0;20/04/2026;21
NAO ALIMENTO;38171;MEIA TRIFIL KM CL SPIDER MAN;11;ATIVO;1;0;0;0;20/04/2026;21
NAO ALIMENTO;38171;MEIA TRIFIL KM CL SPIDER MAN;12;ATIVO;1;0;0;0;20/04/2026;21
NAO ALIMENTO;38171;MEIA TRIFIL KM CL SPIDER MAN;13;ATIVO;1;0;0;0;20/04/2026;21
NAO ALIMENTO;38171;MEIA TRIFIL KM CL SPIDER MAN;14;ATIVO;1;0;0;0;20/04/2026;21
NAO ALIMENTO;38171;MEIA TRIFIL KM CL SPIDER MAN;15;ATIVO;1;0;0;0;20/04/2026;21
NAO ALIMENTO;38171;MEIA TRIFIL KM CL SPIDER MAN;16;ATIVO;1;0;0;0;20/04/2026;21
NAO ALIMENTO;38171;MEIA TRIFIL KM CL SPIDER MAN;17;ATIVO;1;0;0;0;20/04/2026;21
NAO ALIMENTO;38171;MEIA TRIFIL KM CL SPIDER MAN;18;ATIVO;1;0;0;0;20/04/2026;21
NAO ALIMENTO;38171;MEIA TRIFIL KM CL SPIDER MAN;50;ATIVO;1;0;0;0;20/04/2026;21
NAO ALIMENTO;38081;MINI DICIONARIO ESCOLAR LINGUA PORT;1;ATIVO;1;0;0;0;14/04/2026;27
NAO ALIMENTO;38081;MINI DICIONARIO ESCOLAR LINGUA PORT;2;ATIVO;1;0;0;0;14/04/2026;27
NAO ALIMENTO;38081;MINI DICIONARIO ESCOLAR LINGUA PORT;3;ATIVO;1;0;0;0;14/04/2026;27
NAO ALIMENTO;38081;MINI DICIONARIO ESCOLAR LINGUA PORT;4;ATIVO;1;0;0;0;14/04/2026;27
NAO ALIMENTO;38081;MINI DICIONARIO ESCOLAR LINGUA PORT;5;ATIVO;1;0;0;0;14/04/2026;27
NAO ALIMENTO;38081;MINI DICIONARIO ESCOLAR LINGUA PORT;6;ATIVO;1;0;0;0;14/04/2026;27
NAO ALIMENTO;38081;MINI DICIONARIO ESCOLAR LINGUA PORT;7;ATIVO;1;0;0;0;14/04/2026;27
NAO ALIMENTO;38081;MINI DICIONARIO ESCOLAR LINGUA PORT;8;ATIVO;1;0;0;0;14/04/2026;27
NAO ALIMENTO;38081;MINI DICIONARIO ESCOLAR LINGUA PORT;11;ATIVO;1;0;0;0;14/04/2026;27
NAO ALIMENTO;38081;MINI DICIONARIO ESCOLAR LINGUA PORT;12;ATIVO;1;0;0;0;14/04/2026;27
NAO ALIMENTO;38081;MINI DICIONARIO ESCOLAR LINGUA PORT;13;ATIVO;1;0;0;0;14/04/2026;27
NAO ALIMENTO;38081;MINI DICIONARIO ESCOLAR LINGUA PORT;14;ATIVO;1;0;0;0;14/04/2026;27
NAO ALIMENTO;38081;MINI DICIONARIO ESCOLAR LINGUA PORT;15;ATIVO;1;0;0;0;14/04/2026;27
NAO ALIMENTO;38081;MINI DICIONARIO ESCOLAR LINGUA PORT;16;ATIVO;1;0;0;0;14/04/2026;27
NAO ALIMENTO;38081;MINI DICIONARIO ESCOLAR LINGUA PORT;17;ATIVO;1;0;0;0;14/04/2026;27
NAO ALIMENTO;38081;MINI DICIONARIO ESCOLAR LINGUA PORT;18;ATIVO;1;0;0;0;14/04/2026;27
NAO ALIMENTO;38081;MINI DICIONARIO ESCOLAR LINGUA PORT;50;ATIVO;1;0;0;0;14/04/2026;27
NAO ALIMENTO;38170;MINI DINHEIRO BRINK FEST C 70;1;ATIVO;1;0;0;0;20/04/2026;21
NAO ALIMENTO;38170;MINI DINHEIRO BRINK FEST C 70;2;ATIVO;1;0;0;0;20/04/2026;21
NAO ALIMENTO;38170;MINI DINHEIRO BRINK FEST C 70;3;ATIVO;1;0;0;0;20/04/2026;21
NAO ALIMENTO;38170;MINI DINHEIRO BRINK FEST C 70;4;ATIVO;1;0;0;0;20/04/2026;21
NAO ALIMENTO;38170;MINI DINHEIRO BRINK FEST C 70;5;ATIVO;1;0;0;0;20/04/2026;21
NAO ALIMENTO;38170;MINI DINHEIRO BRINK FEST C 70;6;ATIVO;1;0;0;0;20/04/2026;21
NAO ALIMENTO;38170;MINI DINHEIRO BRINK FEST C 70;7;ATIVO;1;0;0;0;20/04/2026;21
NAO ALIMENTO;38170;MINI DINHEIRO BRINK FEST C 70;8;ATIVO;1;0;0;0;20/04/2026;21
NAO ALIMENTO;38170;MINI DINHEIRO BRINK FEST C 70;11;ATIVO;1;0;0;0;20/04/2026;21
NAO ALIMENTO;38170;MINI DINHEIRO BRINK FEST C 70;12;ATIVO;1;0;0;0;20/04/2026;21
NAO ALIMENTO;38170;MINI DINHEIRO BRINK FEST C 70;13;ATIVO;1;0;0;0;20/04/2026;21
NAO ALIMENTO;38170;MINI DINHEIRO BRINK FEST C 70;14;ATIVO;1;0;0;0;20/04/2026;21
NAO ALIMENTO;38170;MINI DINHEIRO BRINK FEST C 70;15;ATIVO;1;0;0;0;20/04/2026;21
NAO ALIMENTO;38170;MINI DINHEIRO BRINK FEST C 70;16;ATIVO;1;0;0;0;20/04/2026;21
NAO ALIMENTO;38170;MINI DINHEIRO BRINK FEST C 70;17;ATIVO;1;0;0;0;20/04/2026;21
NAO ALIMENTO;38170;MINI DINHEIRO BRINK FEST C 70;18;ATIVO;1;0;0;0;20/04/2026;21
NAO ALIMENTO;38170;MINI DINHEIRO BRINK FEST C 70;50;ATIVO;1;0;0;0;20/04/2026;21
NAO ALIMENTO;38100;NECESSAIRE BRIGHT 6 8X10 5X17CM;1;ATIVO;1;0;0;0;14/04/2026;27
NAO ALIMENTO;38100;NECESSAIRE BRIGHT 6 8X10 5X17CM;2;ATIVO;1;0;0;0;14/04/2026;27
NAO ALIMENTO;38100;NECESSAIRE BRIGHT 6 8X10 5X17CM;3;ATIVO;1;0;0;0;14/04/2026;27
NAO ALIMENTO;38100;NECESSAIRE BRIGHT 6 8X10 5X17CM;4;ATIVO;1;0;0;0;14/04/2026;27
NAO ALIMENTO;38100;NECESSAIRE BRIGHT 6 8X10 5X17CM;5;ATIVO;1;0;0;0;14/04/2026;27
NAO ALIMENTO;38100;NECESSAIRE BRIGHT 6 8X10 5X17CM;6;ATIVO;1;0;0;0;14/04/2026;27
NAO ALIMENTO;38100;NECESSAIRE BRIGHT 6 8X10 5X17CM;7;ATIVO;1;0;0;0;14/04/2026;27
NAO ALIMENTO;38100;NECESSAIRE BRIGHT 6 8X10 5X17CM;8;ATIVO;1;0;0;0;14/04/2026;27
NAO ALIMENTO;38100;NECESSAIRE BRIGHT 6 8X10 5X17CM;11;ATIVO;1;0;0;0;14/04/2026;27
NAO ALIMENTO;38100;NECESSAIRE BRIGHT 6 8X10 5X17CM;12;ATIVO;1;0;0;0;14/04/2026;27
NAO ALIMENTO;38100;NECESSAIRE BRIGHT 6 8X10 5X17CM;13;ATIVO;1;0;0;0;14/04/2026;27
NAO ALIMENTO;38100;NECESSAIRE BRIGHT 6 8X10 5X17CM;14;ATIVO;1;0;0;0;14/04/2026;27
NAO ALIMENTO;38100;NECESSAIRE BRIGHT 6 8X10 5X17CM;15;ATIVO;1;0;0;0;14/04/2026;27
NAO ALIMENTO;38100;NECESSAIRE BRIGHT 6 8X10 5X17CM;16;ATIVO;1;0;0;0;14/04/2026;27
NAO ALIMENTO;38100;NECESSAIRE BRIGHT 6 8X10 5X17CM;17;ATIVO;1;0;0;0;14/04/2026;27
NAO ALIMENTO;38100;NECESSAIRE BRIGHT 6 8X10 5X17CM;18;ATIVO;1;0;0;0;14/04/2026;27
NAO ALIMENTO;38100;NECESSAIRE BRIGHT 6 8X10 5X17CM;50;ATIVO;1;0;0;0;14/04/2026;27
NAO ALIMENTO;38395;OCULOS DIVERSOS UN;1;ATIVO;1;0;0;0;08/05/2026;3
NAO ALIMENTO;38395;OCULOS DIVERSOS UN;2;ATIVO;1;0;0;0;08/05/2026;3
NAO ALIMENTO;38395;OCULOS DIVERSOS UN;3;ATIVO;1;0;0;0;08/05/2026;3
NAO ALIMENTO;38395;OCULOS DIVERSOS UN;4;ATIVO;1;0;0;0;08/05/2026;3
NAO ALIMENTO;38395;OCULOS DIVERSOS UN;5;ATIVO;1;0;0;0;08/05/2026;3
NAO ALIMENTO;38395;OCULOS DIVERSOS UN;6;ATIVO;1;0;0;0;08/05/2026;3
NAO ALIMENTO;38395;OCULOS DIVERSOS UN;7;ATIVO;1;0;0;0;08/05/2026;3
NAO ALIMENTO;38395;OCULOS DIVERSOS UN;8;ATIVO;1;0;0;0;08/05/2026;3
NAO ALIMENTO;38395;OCULOS DIVERSOS UN;11;ATIVO;1;0;0;0;08/05/2026;3
NAO ALIMENTO;38395;OCULOS DIVERSOS UN;12;ATIVO;1;0;0;0;08/05/2026;3
NAO ALIMENTO;38395;OCULOS DIVERSOS UN;13;ATIVO;1;0;0;0;08/05/2026;3
NAO ALIMENTO;38395;OCULOS DIVERSOS UN;14;ATIVO;1;0;0;0;08/05/2026;3
NAO ALIMENTO;38395;OCULOS DIVERSOS UN;15;ATIVO;1;0;0;0;08/05/2026;3
NAO ALIMENTO;38395;OCULOS DIVERSOS UN;16;ATIVO;1;0;0;0;08/05/2026;3
NAO ALIMENTO;38395;OCULOS DIVERSOS UN;17;ATIVO;1;0;0;0;08/05/2026;3
NAO ALIMENTO;38395;OCULOS DIVERSOS UN;18;ATIVO;1;0;0;0;08/05/2026;3
NAO ALIMENTO;38395;OCULOS DIVERSOS UN;50;ATIVO;1;0;0;0;08/05/2026;3
NAO ALIMENTO;38139;PANELA PRESSAO PANELUX 10L POLIDA;1;ATIVO;1;0;0;0;16/04/2026;25
NAO ALIMENTO;38139;PANELA PRESSAO PANELUX 10L POLIDA;2;ATIVO;1;0;0;0;16/04/2026;25
NAO ALIMENTO;38139;PANELA PRESSAO PANELUX 10L POLIDA;3;ATIVO;1;0;0;0;16/04/2026;25
NAO ALIMENTO;38139;PANELA PRESSAO PANELUX 10L POLIDA;4;ATIVO;1;0;0;0;16/04/2026;25
NAO ALIMENTO;38139;PANELA PRESSAO PANELUX 10L POLIDA;5;ATIVO;1;0;0;0;16/04/2026;25
NAO ALIMENTO;38139;PANELA PRESSAO PANELUX 10L POLIDA;6;ATIVO;1;0;0;0;16/04/2026;25
NAO ALIMENTO;38139;PANELA PRESSAO PANELUX 10L POLIDA;7;ATIVO;1;0;0;0;16/04/2026;25
NAO ALIMENTO;38139;PANELA PRESSAO PANELUX 10L POLIDA;8;ATIVO;1;0;0;0;16/04/2026;25
NAO ALIMENTO;38139;PANELA PRESSAO PANELUX 10L POLIDA;11;ATIVO;1;0;0;0;16/04/2026;25
NAO ALIMENTO;38139;PANELA PRESSAO PANELUX 10L POLIDA;12;ATIVO;1;0;0;0;16/04/2026;25
NAO ALIMENTO;38139;PANELA PRESSAO PANELUX 10L POLIDA;13;ATIVO;1;0;0;0;16/04/2026;25
NAO ALIMENTO;38139;PANELA PRESSAO PANELUX 10L POLIDA;14;ATIVO;1;0;0;0;16/04/2026;25
NAO ALIMENTO;38139;PANELA PRESSAO PANELUX 10L POLIDA;15;ATIVO;1;0;0;0;16/04/2026;25
NAO ALIMENTO;38139;PANELA PRESSAO PANELUX 10L POLIDA;16;ATIVO;1;0;0;0;16/04/2026;25
NAO ALIMENTO;38139;PANELA PRESSAO PANELUX 10L POLIDA;17;ATIVO;1;0;0;0;16/04/2026;25
NAO ALIMENTO;38139;PANELA PRESSAO PANELUX 10L POLIDA;18;ATIVO;1;0;0;0;16/04/2026;25
NAO ALIMENTO;38139;PANELA PRESSAO PANELUX 10L POLIDA;50;ATIVO;1;0;0;0;16/04/2026;25
NAO ALIMENTO;38279;PANTUFA NUVEM CINZA LISA;1;ATIVO;7;0;14;0;29/04/2026;12
NAO ALIMENTO;38279;PANTUFA NUVEM CINZA LISA;2;ATIVO;7;0;28;0;29/04/2026;12
NAO ALIMENTO;38279;PANTUFA NUVEM CINZA LISA;3;ATIVO;7;0;42;0;29/04/2026;12
NAO ALIMENTO;38279;PANTUFA NUVEM CINZA LISA;4;ATIVO;7;0;21;0;29/04/2026;12
NAO ALIMENTO;38279;PANTUFA NUVEM CINZA LISA;5;ATIVO;7;0;21;0;29/04/2026;12
NAO ALIMENTO;38279;PANTUFA NUVEM CINZA LISA;6;ATIVO;7;0;21;0;29/04/2026;12
NAO ALIMENTO;38279;PANTUFA NUVEM CINZA LISA;7;ATIVO;7;0;21;0;29/04/2026;12
NAO ALIMENTO;38279;PANTUFA NUVEM CINZA LISA;8;ATIVO;7;0;21;0;29/04/2026;12
NAO ALIMENTO;38279;PANTUFA NUVEM CINZA LISA;11;ATIVO;7;0;28;0;29/04/2026;12
NAO ALIMENTO;38279;PANTUFA NUVEM CINZA LISA;12;ATIVO;7;0;21;0;29/04/2026;12
NAO ALIMENTO;38279;PANTUFA NUVEM CINZA LISA;13;ATIVO;7;0;28;0;29/04/2026;12
NAO ALIMENTO;38279;PANTUFA NUVEM CINZA LISA;14;ATIVO;7;0;21;0;29/04/2026;12
NAO ALIMENTO;38279;PANTUFA NUVEM CINZA LISA;15;ATIVO;7;0;0;0;29/04/2026;12
NAO ALIMENTO;38279;PANTUFA NUVEM CINZA LISA;16;ATIVO;7;0;0;0;29/04/2026;12
NAO ALIMENTO;38279;PANTUFA NUVEM CINZA LISA;17;ATIVO;7;0;21;0;29/04/2026;12
NAO ALIMENTO;38279;PANTUFA NUVEM CINZA LISA;18;ATIVO;7;0;28;0;29/04/2026;12
NAO ALIMENTO;38279;PANTUFA NUVEM CINZA LISA;50;ATIVO;7;0;0;0;29/04/2026;12
NAO ALIMENTO;38278;PANTUFA NUVEM PRETA LISA;1;ATIVO;7;0;21;0;29/04/2026;12
NAO ALIMENTO;38278;PANTUFA NUVEM PRETA LISA;2;ATIVO;7;0;42;0;29/04/2026;12
NAO ALIMENTO;38278;PANTUFA NUVEM PRETA LISA;3;ATIVO;7;0;56;0;29/04/2026;12
NAO ALIMENTO;38278;PANTUFA NUVEM PRETA LISA;4;ATIVO;7;0;21;0;29/04/2026;12
NAO ALIMENTO;38278;PANTUFA NUVEM PRETA LISA;5;ATIVO;7;0;28;0;29/04/2026;12
NAO ALIMENTO;38278;PANTUFA NUVEM PRETA LISA;6;ATIVO;7;0;42;0;29/04/2026;12
NAO ALIMENTO;38278;PANTUFA NUVEM PRETA LISA;7;ATIVO;7;0;28;0;29/04/2026;12
NAO ALIMENTO;38278;PANTUFA NUVEM PRETA LISA;8;ATIVO;7;0;28;0;29/04/2026;12
NAO ALIMENTO;38278;PANTUFA NUVEM PRETA LISA;11;ATIVO;7;0;42;0;29/04/2026;12
NAO ALIMENTO;38278;PANTUFA NUVEM PRETA LISA;12;ATIVO;7;0;42;0;29/04/2026;12
NAO ALIMENTO;38278;PANTUFA NUVEM PRETA LISA;13;ATIVO;7;0;42;0;29/04/2026;12
NAO ALIMENTO;38278;PANTUFA NUVEM PRETA LISA;14;ATIVO;7;0;42;0;29/04/2026;12
NAO ALIMENTO;38278;PANTUFA NUVEM PRETA LISA;15;ATIVO;7;0;0;0;29/04/2026;12
NAO ALIMENTO;38278;PANTUFA NUVEM PRETA LISA;16;ATIVO;7;0;0;0;29/04/2026;12
NAO ALIMENTO;38278;PANTUFA NUVEM PRETA LISA;17;ATIVO;7;0;35;0;29/04/2026;12
NAO ALIMENTO;38278;PANTUFA NUVEM PRETA LISA;18;ATIVO;7;0;35;0;29/04/2026;12
NAO ALIMENTO;38278;PANTUFA NUVEM PRETA LISA;50;ATIVO;7;0;0;0;29/04/2026;12
NAO ALIMENTO;38277;PANTUFA NUVEM ROSA LISA;1;ATIVO;7;0;28;0;29/04/2026;12
NAO ALIMENTO;38277;PANTUFA NUVEM ROSA LISA;2;ATIVO;7;0;70;0;29/04/2026;12
NAO ALIMENTO;38277;PANTUFA NUVEM ROSA LISA;3;ATIVO;7;0;84;0;29/04/2026;12
NAO ALIMENTO;38277;PANTUFA NUVEM ROSA LISA;4;ATIVO;7;0;35;0;29/04/2026;12
NAO ALIMENTO;38277;PANTUFA NUVEM ROSA LISA;5;ATIVO;7;0;42;0;29/04/2026;12
NAO ALIMENTO;38277;PANTUFA NUVEM ROSA LISA;6;ATIVO;7;0;56;0;29/04/2026;12
NAO ALIMENTO;38277;PANTUFA NUVEM ROSA LISA;7;ATIVO;7;0;42;0;29/04/2026;12
NAO ALIMENTO;38277;PANTUFA NUVEM ROSA LISA;8;ATIVO;7;0;42;0;29/04/2026;12
NAO ALIMENTO;38277;PANTUFA NUVEM ROSA LISA;11;ATIVO;7;0;70;0;29/04/2026;12
NAO ALIMENTO;38277;PANTUFA NUVEM ROSA LISA;12;ATIVO;7;0;63;0;29/04/2026;12
NAO ALIMENTO;38277;PANTUFA NUVEM ROSA LISA;13;ATIVO;7;0;63;0;29/04/2026;12
NAO ALIMENTO;38277;PANTUFA NUVEM ROSA LISA;14;ATIVO;7;0;56;0;29/04/2026;12
NAO ALIMENTO;38277;PANTUFA NUVEM ROSA LISA;15;ATIVO;7;0;0;0;29/04/2026;12
NAO ALIMENTO;38277;PANTUFA NUVEM ROSA LISA;16;ATIVO;7;0;0;0;29/04/2026;12
NAO ALIMENTO;38277;PANTUFA NUVEM ROSA LISA;17;ATIVO;7;0;42;0;29/04/2026;12
NAO ALIMENTO;38277;PANTUFA NUVEM ROSA LISA;18;ATIVO;7;0;63;0;29/04/2026;12
NAO ALIMENTO;38277;PANTUFA NUVEM ROSA LISA;50;ATIVO;7;0;0;0;29/04/2026;12
NAO ALIMENTO;38242;PAPEL SEDA P BALAS 01 B FEST BCA C;1;ATIVO;1;0;0;0;25/04/2026;16
NAO ALIMENTO;38242;PAPEL SEDA P BALAS 01 B FEST BCA C;2;ATIVO;1;0;0;0;25/04/2026;16
NAO ALIMENTO;38242;PAPEL SEDA P BALAS 01 B FEST BCA C;3;ATIVO;1;0;0;0;25/04/2026;16
NAO ALIMENTO;38242;PAPEL SEDA P BALAS 01 B FEST BCA C;4;ATIVO;1;0;0;0;25/04/2026;16
NAO ALIMENTO;38242;PAPEL SEDA P BALAS 01 B FEST BCA C;5;ATIVO;1;0;0;0;25/04/2026;16
NAO ALIMENTO;38242;PAPEL SEDA P BALAS 01 B FEST BCA C;6;ATIVO;1;0;0;0;25/04/2026;16
NAO ALIMENTO;38242;PAPEL SEDA P BALAS 01 B FEST BCA C;7;ATIVO;1;0;0;0;25/04/2026;16
NAO ALIMENTO;38242;PAPEL SEDA P BALAS 01 B FEST BCA C;8;ATIVO;1;0;0;0;25/04/2026;16
NAO ALIMENTO;38242;PAPEL SEDA P BALAS 01 B FEST BCA C;11;ATIVO;1;0;0;0;25/04/2026;16
NAO ALIMENTO;38242;PAPEL SEDA P BALAS 01 B FEST BCA C;12;ATIVO;1;0;0;0;25/04/2026;16
NAO ALIMENTO;38242;PAPEL SEDA P BALAS 01 B FEST BCA C;13;ATIVO;1;0;0;0;25/04/2026;16
NAO ALIMENTO;38242;PAPEL SEDA P BALAS 01 B FEST BCA C;14;ATIVO;1;0;0;0;25/04/2026;16
NAO ALIMENTO;38242;PAPEL SEDA P BALAS 01 B FEST BCA C;15;ATIVO;1;0;0;0;25/04/2026;16
NAO ALIMENTO;38242;PAPEL SEDA P BALAS 01 B FEST BCA C;16;ATIVO;1;0;0;0;25/04/2026;16
NAO ALIMENTO;38242;PAPEL SEDA P BALAS 01 B FEST BCA C;17;ATIVO;1;0;0;0;25/04/2026;16
NAO ALIMENTO;38242;PAPEL SEDA P BALAS 01 B FEST BCA C;18;ATIVO;1;0;0;0;25/04/2026;16
NAO ALIMENTO;38242;PAPEL SEDA P BALAS 01 B FEST BCA C;50;ATIVO;1;0;0;0;25/04/2026;16
NAO ALIMENTO;38321;PARAFUSO 3 5MMX40MM C BUCHA 6MM;1;ATIVO;1;0;0;0;02/05/2026;9
NAO ALIMENTO;38321;PARAFUSO 3 5MMX40MM C BUCHA 6MM;2;ATIVO;1;0;0;0;02/05/2026;9
NAO ALIMENTO;38321;PARAFUSO 3 5MMX40MM C BUCHA 6MM;3;ATIVO;1;0;0;0;02/05/2026;9
NAO ALIMENTO;38321;PARAFUSO 3 5MMX40MM C BUCHA 6MM;4;ATIVO;1;0;0;0;02/05/2026;9
NAO ALIMENTO;38321;PARAFUSO 3 5MMX40MM C BUCHA 6MM;5;ATIVO;1;0;0;0;02/05/2026;9
NAO ALIMENTO;38321;PARAFUSO 3 5MMX40MM C BUCHA 6MM;6;ATIVO;1;0;0;0;02/05/2026;9
NAO ALIMENTO;38321;PARAFUSO 3 5MMX40MM C BUCHA 6MM;7;ATIVO;1;0;0;0;02/05/2026;9
NAO ALIMENTO;38321;PARAFUSO 3 5MMX40MM C BUCHA 6MM;8;ATIVO;1;0;0;0;02/05/2026;9
NAO ALIMENTO;38321;PARAFUSO 3 5MMX40MM C BUCHA 6MM;11;ATIVO;1;0;0;0;02/05/2026;9
NAO ALIMENTO;38321;PARAFUSO 3 5MMX40MM C BUCHA 6MM;12;ATIVO;1;0;0;0;02/05/2026;9
NAO ALIMENTO;38321;PARAFUSO 3 5MMX40MM C BUCHA 6MM;13;ATIVO;1;0;0;0;02/05/2026;9
NAO ALIMENTO;38321;PARAFUSO 3 5MMX40MM C BUCHA 6MM;14;ATIVO;1;0;0;0;02/05/2026;9
NAO ALIMENTO;38321;PARAFUSO 3 5MMX40MM C BUCHA 6MM;15;ATIVO;1;0;0;0;02/05/2026;9
NAO ALIMENTO;38321;PARAFUSO 3 5MMX40MM C BUCHA 6MM;16;ATIVO;1;0;0;0;02/05/2026;9
NAO ALIMENTO;38321;PARAFUSO 3 5MMX40MM C BUCHA 6MM;17;ATIVO;1;0;0;0;02/05/2026;9
NAO ALIMENTO;38321;PARAFUSO 3 5MMX40MM C BUCHA 6MM;18;ATIVO;1;0;0;0;02/05/2026;9
NAO ALIMENTO;38321;PARAFUSO 3 5MMX40MM C BUCHA 6MM;50;ATIVO;1;0;0;0;02/05/2026;9
NAO ALIMENTO;38394;PENEIRA 12CM;1;ATIVO;1;0;0;0;08/05/2026;3
NAO ALIMENTO;38394;PENEIRA 12CM;2;ATIVO;1;0;0;0;08/05/2026;3
NAO ALIMENTO;38394;PENEIRA 12CM;3;ATIVO;1;0;0;0;08/05/2026;3
NAO ALIMENTO;38394;PENEIRA 12CM;4;ATIVO;1;0;0;0;08/05/2026;3
NAO ALIMENTO;38394;PENEIRA 12CM;5;ATIVO;1;0;0;0;08/05/2026;3
NAO ALIMENTO;38394;PENEIRA 12CM;6;ATIVO;1;0;0;0;08/05/2026;3
NAO ALIMENTO;38394;PENEIRA 12CM;7;ATIVO;1;0;0;0;08/05/2026;3
NAO ALIMENTO;38394;PENEIRA 12CM;8;ATIVO;1;0;0;0;08/05/2026;3
NAO ALIMENTO;38394;PENEIRA 12CM;11;ATIVO;1;0;0;0;08/05/2026;3
NAO ALIMENTO;38394;PENEIRA 12CM;12;ATIVO;1;0;0;0;08/05/2026;3
NAO ALIMENTO;38394;PENEIRA 12CM;13;ATIVO;1;0;0;0;08/05/2026;3
NAO ALIMENTO;38394;PENEIRA 12CM;14;ATIVO;1;0;0;0;08/05/2026;3
NAO ALIMENTO;38394;PENEIRA 12CM;15;ATIVO;1;0;0;0;08/05/2026;3
NAO ALIMENTO;38394;PENEIRA 12CM;16;ATIVO;1;0;0;0;08/05/2026;3
NAO ALIMENTO;38394;PENEIRA 12CM;17;ATIVO;1;0;0;0;08/05/2026;3
NAO ALIMENTO;38394;PENEIRA 12CM;18;ATIVO;1;0;0;0;08/05/2026;3
NAO ALIMENTO;38394;PENEIRA 12CM;50;ATIVO;1;0;0;0;08/05/2026;3
NAO ALIMENTO;38165;PLAQUINHA SORTIDA 20X20 QQ1019;1;ATIVO;1;0;0;0;18/04/2026;23
NAO ALIMENTO;38165;PLAQUINHA SORTIDA 20X20 QQ1019;2;ATIVO;1;-2;0;0;18/04/2026;23
NAO ALIMENTO;38165;PLAQUINHA SORTIDA 20X20 QQ1019;3;ATIVO;1;0;0;0;18/04/2026;23
NAO ALIMENTO;38165;PLAQUINHA SORTIDA 20X20 QQ1019;4;ATIVO;1;0;0;0;18/04/2026;23
NAO ALIMENTO;38165;PLAQUINHA SORTIDA 20X20 QQ1019;5;ATIVO;1;0;0;0;18/04/2026;23
NAO ALIMENTO;38165;PLAQUINHA SORTIDA 20X20 QQ1019;6;ATIVO;1;-1;0;0;18/04/2026;23
NAO ALIMENTO;38165;PLAQUINHA SORTIDA 20X20 QQ1019;7;ATIVO;1;0;0;0;18/04/2026;23
NAO ALIMENTO;38165;PLAQUINHA SORTIDA 20X20 QQ1019;8;ATIVO;1;0;0;0;18/04/2026;23
NAO ALIMENTO;38165;PLAQUINHA SORTIDA 20X20 QQ1019;11;ATIVO;1;0;0;0;18/04/2026;23
NAO ALIMENTO;38165;PLAQUINHA SORTIDA 20X20 QQ1019;12;ATIVO;1;0;0;0;18/04/2026;23
NAO ALIMENTO;38165;PLAQUINHA SORTIDA 20X20 QQ1019;13;ATIVO;1;0;0;0;18/04/2026;23
NAO ALIMENTO;38165;PLAQUINHA SORTIDA 20X20 QQ1019;14;ATIVO;1;0;0;0;18/04/2026;23
NAO ALIMENTO;38165;PLAQUINHA SORTIDA 20X20 QQ1019;15;ATIVO;1;0;0;0;18/04/2026;23
NAO ALIMENTO;38165;PLAQUINHA SORTIDA 20X20 QQ1019;16;ATIVO;1;0;0;0;18/04/2026;23
NAO ALIMENTO;38165;PLAQUINHA SORTIDA 20X20 QQ1019;17;ATIVO;1;0;0;0;18/04/2026;23
NAO ALIMENTO;38165;PLAQUINHA SORTIDA 20X20 QQ1019;18;ATIVO;1;-2;0;0;18/04/2026;23
NAO ALIMENTO;38165;PLAQUINHA SORTIDA 20X20 QQ1019;50;ATIVO;1;0;0;0;18/04/2026;23
NAO ALIMENTO;38392;PORTA DETERGENTE A1;1;ATIVO;1;0;0;0;08/05/2026;3
NAO ALIMENTO;38392;PORTA DETERGENTE A1;2;ATIVO;1;0;0;0;08/05/2026;3
NAO ALIMENTO;38392;PORTA DETERGENTE A1;3;ATIVO;1;0;0;0;08/05/2026;3
NAO ALIMENTO;38392;PORTA DETERGENTE A1;4;ATIVO;1;0;0;0;08/05/2026;3
NAO ALIMENTO;38392;PORTA DETERGENTE A1;5;ATIVO;1;0;0;0;08/05/2026;3
NAO ALIMENTO;38392;PORTA DETERGENTE A1;6;ATIVO;1;0;0;0;08/05/2026;3
NAO ALIMENTO;38392;PORTA DETERGENTE A1;7;ATIVO;1;0;0;0;08/05/2026;3
NAO ALIMENTO;38392;PORTA DETERGENTE A1;8;ATIVO;1;0;0;0;08/05/2026;3
NAO ALIMENTO;38392;PORTA DETERGENTE A1;11;ATIVO;1;0;0;0;08/05/2026;3
NAO ALIMENTO;38392;PORTA DETERGENTE A1;12;ATIVO;1;0;0;0;08/05/2026;3
NAO ALIMENTO;38392;PORTA DETERGENTE A1;13;ATIVO;1;0;0;0;08/05/2026;3
NAO ALIMENTO;38392;PORTA DETERGENTE A1;14;ATIVO;1;0;0;0;08/05/2026;3
NAO ALIMENTO;38392;PORTA DETERGENTE A1;15;ATIVO;1;0;0;0;08/05/2026;3
NAO ALIMENTO;38392;PORTA DETERGENTE A1;16;ATIVO;1;0;0;0;08/05/2026;3
NAO ALIMENTO;38392;PORTA DETERGENTE A1;17;ATIVO;1;0;0;0;08/05/2026;3
NAO ALIMENTO;38392;PORTA DETERGENTE A1;18;ATIVO;1;0;0;0;08/05/2026;3
NAO ALIMENTO;38392;PORTA DETERGENTE A1;50;ATIVO;1;0;0;0;08/05/2026;3
NAO ALIMENTO;38391;PORTA DETERGENTE A3;1;ATIVO;1;0;0;0;08/05/2026;3
NAO ALIMENTO;38391;PORTA DETERGENTE A3;2;ATIVO;1;0;0;0;08/05/2026;3
NAO ALIMENTO;38391;PORTA DETERGENTE A3;3;ATIVO;1;0;0;0;08/05/2026;3
NAO ALIMENTO;38391;PORTA DETERGENTE A3;4;ATIVO;1;0;0;0;08/05/2026;3
NAO ALIMENTO;38391;PORTA DETERGENTE A3;5;ATIVO;1;0;0;0;08/05/2026;3
NAO ALIMENTO;38391;PORTA DETERGENTE A3;6;ATIVO;1;0;0;0;08/05/2026;3
NAO ALIMENTO;38391;PORTA DETERGENTE A3;7;ATIVO;1;0;0;0;08/05/2026;3
NAO ALIMENTO;38391;PORTA DETERGENTE A3;8;ATIVO;1;0;0;0;08/05/2026;3
NAO ALIMENTO;38391;PORTA DETERGENTE A3;11;ATIVO;1;0;0;0;08/05/2026;3
NAO ALIMENTO;38391;PORTA DETERGENTE A3;12;ATIVO;1;0;0;0;08/05/2026;3
NAO ALIMENTO;38391;PORTA DETERGENTE A3;13;ATIVO;1;0;0;0;08/05/2026;3
NAO ALIMENTO;38391;PORTA DETERGENTE A3;14;ATIVO;1;0;0;0;08/05/2026;3
NAO ALIMENTO;38391;PORTA DETERGENTE A3;15;ATIVO;1;0;0;0;08/05/2026;3
NAO ALIMENTO;38391;PORTA DETERGENTE A3;16;ATIVO;1;0;0;0;08/05/2026;3
NAO ALIMENTO;38391;PORTA DETERGENTE A3;17;ATIVO;1;0;0;0;08/05/2026;3
NAO ALIMENTO;38391;PORTA DETERGENTE A3;18;ATIVO;1;0;0;0;08/05/2026;3
NAO ALIMENTO;38391;PORTA DETERGENTE A3;50;ATIVO;1;0;0;0;08/05/2026;3
NAO ALIMENTO;38390;PORTA DETERGENTE B1;1;ATIVO;1;0;0;0;08/05/2026;3
NAO ALIMENTO;38390;PORTA DETERGENTE B1;2;ATIVO;1;0;0;0;08/05/2026;3
NAO ALIMENTO;38390;PORTA DETERGENTE B1;3;ATIVO;1;0;0;0;08/05/2026;3
NAO ALIMENTO;38390;PORTA DETERGENTE B1;4;ATIVO;1;0;0;0;08/05/2026;3
NAO ALIMENTO;38390;PORTA DETERGENTE B1;5;ATIVO;1;0;0;0;08/05/2026;3
NAO ALIMENTO;38390;PORTA DETERGENTE B1;6;ATIVO;1;0;0;0;08/05/2026;3
NAO ALIMENTO;38390;PORTA DETERGENTE B1;7;ATIVO;1;0;0;0;08/05/2026;3
NAO ALIMENTO;38390;PORTA DETERGENTE B1;8;ATIVO;1;0;0;0;08/05/2026;3
NAO ALIMENTO;38390;PORTA DETERGENTE B1;11;ATIVO;1;0;0;0;08/05/2026;3
NAO ALIMENTO;38390;PORTA DETERGENTE B1;12;ATIVO;1;0;0;0;08/05/2026;3
NAO ALIMENTO;38390;PORTA DETERGENTE B1;13;ATIVO;1;0;0;0;08/05/2026;3
NAO ALIMENTO;38390;PORTA DETERGENTE B1;14;ATIVO;1;0;0;0;08/05/2026;3
NAO ALIMENTO;38390;PORTA DETERGENTE B1;15;ATIVO;1;0;0;0;08/05/2026;3
NAO ALIMENTO;38390;PORTA DETERGENTE B1;16;ATIVO;1;0;0;0;08/05/2026;3
NAO ALIMENTO;38390;PORTA DETERGENTE B1;17;ATIVO;1;0;0;0;08/05/2026;3
NAO ALIMENTO;38390;PORTA DETERGENTE B1;18;ATIVO;1;0;0;0;08/05/2026;3
NAO ALIMENTO;38390;PORTA DETERGENTE B1;50;ATIVO;1;0;0;0;08/05/2026;3
NAO ALIMENTO;38389;PORTA DETERGENTE COMPACTO B1;1;ATIVO;1;0;0;0;08/05/2026;3
NAO ALIMENTO;38389;PORTA DETERGENTE COMPACTO B1;2;ATIVO;1;0;0;0;08/05/2026;3
NAO ALIMENTO;38389;PORTA DETERGENTE COMPACTO B1;3;ATIVO;1;0;0;0;08/05/2026;3
NAO ALIMENTO;38389;PORTA DETERGENTE COMPACTO B1;4;ATIVO;1;0;0;0;08/05/2026;3
NAO ALIMENTO;38389;PORTA DETERGENTE COMPACTO B1;5;ATIVO;1;0;0;0;08/05/2026;3
NAO ALIMENTO;38389;PORTA DETERGENTE COMPACTO B1;6;ATIVO;1;0;0;0;08/05/2026;3
NAO ALIMENTO;38389;PORTA DETERGENTE COMPACTO B1;7;ATIVO;1;0;0;0;08/05/2026;3
NAO ALIMENTO;38389;PORTA DETERGENTE COMPACTO B1;8;ATIVO;1;0;0;0;08/05/2026;3
NAO ALIMENTO;38389;PORTA DETERGENTE COMPACTO B1;11;ATIVO;1;0;0;0;08/05/2026;3
NAO ALIMENTO;38389;PORTA DETERGENTE COMPACTO B1;12;ATIVO;1;0;0;0;08/05/2026;3
NAO ALIMENTO;38389;PORTA DETERGENTE COMPACTO B1;13;ATIVO;1;0;0;0;08/05/2026;3
NAO ALIMENTO;38389;PORTA DETERGENTE COMPACTO B1;14;ATIVO;1;0;0;0;08/05/2026;3
NAO ALIMENTO;38389;PORTA DETERGENTE COMPACTO B1;15;ATIVO;1;0;0;0;08/05/2026;3
NAO ALIMENTO;38389;PORTA DETERGENTE COMPACTO B1;16;ATIVO;1;0;0;0;08/05/2026;3
NAO ALIMENTO;38389;PORTA DETERGENTE COMPACTO B1;17;ATIVO;1;0;0;0;08/05/2026;3
NAO ALIMENTO;38389;PORTA DETERGENTE COMPACTO B1;18;ATIVO;1;0;0;0;08/05/2026;3
NAO ALIMENTO;38389;PORTA DETERGENTE COMPACTO B1;50;ATIVO;1;0;0;0;08/05/2026;3
NAO ALIMENTO;38386;PORTA ESCOVA CLASSIC FOSCO A1;1;ATIVO;1;0;0;0;08/05/2026;3
NAO ALIMENTO;38386;PORTA ESCOVA CLASSIC FOSCO A1;2;ATIVO;1;0;0;0;08/05/2026;3
NAO ALIMENTO;38386;PORTA ESCOVA CLASSIC FOSCO A1;3;ATIVO;1;0;0;0;08/05/2026;3
NAO ALIMENTO;38386;PORTA ESCOVA CLASSIC FOSCO A1;4;ATIVO;1;0;0;0;08/05/2026;3
NAO ALIMENTO;38386;PORTA ESCOVA CLASSIC FOSCO A1;5;ATIVO;1;0;0;0;08/05/2026;3
NAO ALIMENTO;38386;PORTA ESCOVA CLASSIC FOSCO A1;6;ATIVO;1;0;0;0;08/05/2026;3
NAO ALIMENTO;38386;PORTA ESCOVA CLASSIC FOSCO A1;7;ATIVO;1;0;0;0;08/05/2026;3
NAO ALIMENTO;38386;PORTA ESCOVA CLASSIC FOSCO A1;8;ATIVO;1;0;0;0;08/05/2026;3
NAO ALIMENTO;38386;PORTA ESCOVA CLASSIC FOSCO A1;11;ATIVO;1;0;0;0;08/05/2026;3
NAO ALIMENTO;38386;PORTA ESCOVA CLASSIC FOSCO A1;12;ATIVO;1;0;0;0;08/05/2026;3
NAO ALIMENTO;38386;PORTA ESCOVA CLASSIC FOSCO A1;13;ATIVO;1;0;0;0;08/05/2026;3
NAO ALIMENTO;38386;PORTA ESCOVA CLASSIC FOSCO A1;14;ATIVO;1;0;0;0;08/05/2026;3
NAO ALIMENTO;38386;PORTA ESCOVA CLASSIC FOSCO A1;15;ATIVO;1;0;0;0;08/05/2026;3
NAO ALIMENTO;38386;PORTA ESCOVA CLASSIC FOSCO A1;16;ATIVO;1;0;0;0;08/05/2026;3
NAO ALIMENTO;38386;PORTA ESCOVA CLASSIC FOSCO A1;17;ATIVO;1;0;0;0;08/05/2026;3
NAO ALIMENTO;38386;PORTA ESCOVA CLASSIC FOSCO A1;18;ATIVO;1;0;0;0;08/05/2026;3
NAO ALIMENTO;38386;PORTA ESCOVA CLASSIC FOSCO A1;50;ATIVO;1;0;0;0;08/05/2026;3
NAO ALIMENTO;38381;PORTA LATA COPA DO MUNDO;1;ATIVO;1;0;0;0;08/05/2026;3
NAO ALIMENTO;38381;PORTA LATA COPA DO MUNDO;2;ATIVO;1;0;0;0;08/05/2026;3
NAO ALIMENTO;38381;PORTA LATA COPA DO MUNDO;3;ATIVO;1;0;0;0;08/05/2026;3
NAO ALIMENTO;38381;PORTA LATA COPA DO MUNDO;4;ATIVO;1;0;0;0;08/05/2026;3
NAO ALIMENTO;38381;PORTA LATA COPA DO MUNDO;5;ATIVO;1;0;0;0;08/05/2026;3
NAO ALIMENTO;38381;PORTA LATA COPA DO MUNDO;6;ATIVO;1;0;0;0;08/05/2026;3
NAO ALIMENTO;38381;PORTA LATA COPA DO MUNDO;7;ATIVO;1;0;0;0;08/05/2026;3
NAO ALIMENTO;38381;PORTA LATA COPA DO MUNDO;8;ATIVO;1;0;0;0;08/05/2026;3
NAO ALIMENTO;38381;PORTA LATA COPA DO MUNDO;11;ATIVO;1;0;0;0;08/05/2026;3
NAO ALIMENTO;38381;PORTA LATA COPA DO MUNDO;12;ATIVO;1;0;0;0;08/05/2026;3
NAO ALIMENTO;38381;PORTA LATA COPA DO MUNDO;13;ATIVO;1;0;0;0;08/05/2026;3
NAO ALIMENTO;38381;PORTA LATA COPA DO MUNDO;14;ATIVO;1;0;0;0;08/05/2026;3
NAO ALIMENTO;38381;PORTA LATA COPA DO MUNDO;15;ATIVO;1;0;0;0;08/05/2026;3
NAO ALIMENTO;38381;PORTA LATA COPA DO MUNDO;16;ATIVO;1;0;0;0;08/05/2026;3
NAO ALIMENTO;38381;PORTA LATA COPA DO MUNDO;17;ATIVO;1;0;0;0;08/05/2026;3
NAO ALIMENTO;38381;PORTA LATA COPA DO MUNDO;18;ATIVO;1;0;0;0;08/05/2026;3
NAO ALIMENTO;38381;PORTA LATA COPA DO MUNDO;50;ATIVO;1;0;0;0;08/05/2026;3
NAO ALIMENTO;38393;PORTA MIX BOLA FUTEBOL 380ML;1;ATIVO;1;0;0;0;08/05/2026;3
NAO ALIMENTO;38393;PORTA MIX BOLA FUTEBOL 380ML;2;ATIVO;1;0;0;0;08/05/2026;3
NAO ALIMENTO;38393;PORTA MIX BOLA FUTEBOL 380ML;3;ATIVO;1;0;0;0;08/05/2026;3
NAO ALIMENTO;38393;PORTA MIX BOLA FUTEBOL 380ML;4;ATIVO;1;0;0;0;08/05/2026;3
NAO ALIMENTO;38393;PORTA MIX BOLA FUTEBOL 380ML;5;ATIVO;1;0;0;0;08/05/2026;3
NAO ALIMENTO;38393;PORTA MIX BOLA FUTEBOL 380ML;6;ATIVO;1;0;0;0;08/05/2026;3
NAO ALIMENTO;38393;PORTA MIX BOLA FUTEBOL 380ML;7;ATIVO;1;0;0;0;08/05/2026;3
NAO ALIMENTO;38393;PORTA MIX BOLA FUTEBOL 380ML;8;ATIVO;1;0;0;0;08/05/2026;3
NAO ALIMENTO;38393;PORTA MIX BOLA FUTEBOL 380ML;11;ATIVO;1;0;0;0;08/05/2026;3
NAO ALIMENTO;38393;PORTA MIX BOLA FUTEBOL 380ML;12;ATIVO;1;0;0;0;08/05/2026;3
NAO ALIMENTO;38393;PORTA MIX BOLA FUTEBOL 380ML;13;ATIVO;1;0;0;0;08/05/2026;3
NAO ALIMENTO;38393;PORTA MIX BOLA FUTEBOL 380ML;14;ATIVO;1;0;0;0;08/05/2026;3
NAO ALIMENTO;38393;PORTA MIX BOLA FUTEBOL 380ML;15;ATIVO;1;0;0;0;08/05/2026;3
NAO ALIMENTO;38393;PORTA MIX BOLA FUTEBOL 380ML;16;ATIVO;1;0;0;0;08/05/2026;3
NAO ALIMENTO;38393;PORTA MIX BOLA FUTEBOL 380ML;17;ATIVO;1;0;0;0;08/05/2026;3
NAO ALIMENTO;38393;PORTA MIX BOLA FUTEBOL 380ML;18;ATIVO;1;0;0;0;08/05/2026;3
NAO ALIMENTO;38393;PORTA MIX BOLA FUTEBOL 380ML;50;ATIVO;1;0;0;0;08/05/2026;3
NAO ALIMENTO;38206;PORTA OVOS DEC PLASUTIL P6;1;ATIVO;1;0;0;0;23/04/2026;18
NAO ALIMENTO;38206;PORTA OVOS DEC PLASUTIL P6;2;ATIVO;1;0;0;0;23/04/2026;18
NAO ALIMENTO;38206;PORTA OVOS DEC PLASUTIL P6;3;ATIVO;1;0;0;0;23/04/2026;18
NAO ALIMENTO;38206;PORTA OVOS DEC PLASUTIL P6;4;ATIVO;1;0;0;0;23/04/2026;18
NAO ALIMENTO;38206;PORTA OVOS DEC PLASUTIL P6;5;ATIVO;1;0;0;0;23/04/2026;18
NAO ALIMENTO;38206;PORTA OVOS DEC PLASUTIL P6;6;ATIVO;1;0;0;0;23/04/2026;18
NAO ALIMENTO;38206;PORTA OVOS DEC PLASUTIL P6;7;ATIVO;1;0;0;0;23/04/2026;18
NAO ALIMENTO;38206;PORTA OVOS DEC PLASUTIL P6;8;ATIVO;1;0;0;0;23/04/2026;18
NAO ALIMENTO;38206;PORTA OVOS DEC PLASUTIL P6;11;ATIVO;1;0;0;0;23/04/2026;18
NAO ALIMENTO;38206;PORTA OVOS DEC PLASUTIL P6;12;ATIVO;1;0;0;0;23/04/2026;18
NAO ALIMENTO;38206;PORTA OVOS DEC PLASUTIL P6;13;ATIVO;1;0;0;0;23/04/2026;18
NAO ALIMENTO;38206;PORTA OVOS DEC PLASUTIL P6;14;ATIVO;1;0;0;0;23/04/2026;18
NAO ALIMENTO;38206;PORTA OVOS DEC PLASUTIL P6;15;ATIVO;1;0;0;0;23/04/2026;18
NAO ALIMENTO;38206;PORTA OVOS DEC PLASUTIL P6;16;ATIVO;1;0;0;0;23/04/2026;18
NAO ALIMENTO;38206;PORTA OVOS DEC PLASUTIL P6;17;ATIVO;1;0;0;0;23/04/2026;18
NAO ALIMENTO;38206;PORTA OVOS DEC PLASUTIL P6;18;ATIVO;1;0;0;0;23/04/2026;18
NAO ALIMENTO;38206;PORTA OVOS DEC PLASUTIL P6;50;ATIVO;1;0;0;0;23/04/2026;18
NAO ALIMENTO;38162;PORTA RETRATO 10X15CM;1;ATIVO;1;0;0;0;17/04/2026;24
NAO ALIMENTO;38162;PORTA RETRATO 10X15CM;2;ATIVO;1;0;0;0;17/04/2026;24
NAO ALIMENTO;38162;PORTA RETRATO 10X15CM;3;ATIVO;1;0;0;0;17/04/2026;24
NAO ALIMENTO;38162;PORTA RETRATO 10X15CM;4;ATIVO;1;0;0;0;17/04/2026;24
NAO ALIMENTO;38162;PORTA RETRATO 10X15CM;5;ATIVO;1;0;0;0;17/04/2026;24
NAO ALIMENTO;38162;PORTA RETRATO 10X15CM;6;ATIVO;1;0;0;0;17/04/2026;24
NAO ALIMENTO;38162;PORTA RETRATO 10X15CM;7;ATIVO;1;0;0;0;17/04/2026;24
NAO ALIMENTO;38162;PORTA RETRATO 10X15CM;8;ATIVO;1;0;0;0;17/04/2026;24
NAO ALIMENTO;38162;PORTA RETRATO 10X15CM;11;ATIVO;1;0;0;0;17/04/2026;24
NAO ALIMENTO;38162;PORTA RETRATO 10X15CM;12;ATIVO;1;0;0;0;17/04/2026;24
NAO ALIMENTO;38162;PORTA RETRATO 10X15CM;13;ATIVO;1;0;0;0;17/04/2026;24
NAO ALIMENTO;38162;PORTA RETRATO 10X15CM;14;ATIVO;1;0;0;0;17/04/2026;24
NAO ALIMENTO;38162;PORTA RETRATO 10X15CM;15;ATIVO;1;0;0;0;17/04/2026;24
NAO ALIMENTO;38162;PORTA RETRATO 10X15CM;16;ATIVO;1;0;0;0;17/04/2026;24
NAO ALIMENTO;38162;PORTA RETRATO 10X15CM;17;ATIVO;1;0;0;0;17/04/2026;24
NAO ALIMENTO;38162;PORTA RETRATO 10X15CM;18;ATIVO;1;0;0;0;17/04/2026;24
NAO ALIMENTO;38162;PORTA RETRATO 10X15CM;50;ATIVO;1;0;0;0;17/04/2026;24
NAO ALIMENTO;38178;PORTA RETRATO RUSTIC 20X15CM;1;ATIVO;1;0;0;0;20/04/2026;21
NAO ALIMENTO;38178;PORTA RETRATO RUSTIC 20X15CM;2;ATIVO;1;-1;0;0;20/04/2026;21
NAO ALIMENTO;38178;PORTA RETRATO RUSTIC 20X15CM;3;ATIVO;1;0;0;0;20/04/2026;21
NAO ALIMENTO;38178;PORTA RETRATO RUSTIC 20X15CM;4;ATIVO;1;0;0;0;20/04/2026;21
NAO ALIMENTO;38178;PORTA RETRATO RUSTIC 20X15CM;5;ATIVO;1;0;0;0;20/04/2026;21
NAO ALIMENTO;38178;PORTA RETRATO RUSTIC 20X15CM;6;ATIVO;1;0;0;0;20/04/2026;21
NAO ALIMENTO;38178;PORTA RETRATO RUSTIC 20X15CM;7;ATIVO;1;0;0;0;20/04/2026;21
NAO ALIMENTO;38178;PORTA RETRATO RUSTIC 20X15CM;8;ATIVO;1;0;0;0;20/04/2026;21
NAO ALIMENTO;38178;PORTA RETRATO RUSTIC 20X15CM;11;ATIVO;1;0;0;0;20/04/2026;21
NAO ALIMENTO;38178;PORTA RETRATO RUSTIC 20X15CM;12;ATIVO;1;0;0;0;20/04/2026;21
NAO ALIMENTO;38178;PORTA RETRATO RUSTIC 20X15CM;13;ATIVO;1;0;0;0;20/04/2026;21
NAO ALIMENTO;38178;PORTA RETRATO RUSTIC 20X15CM;14;ATIVO;1;0;0;0;20/04/2026;21
NAO ALIMENTO;38178;PORTA RETRATO RUSTIC 20X15CM;15;ATIVO;1;0;0;0;20/04/2026;21
NAO ALIMENTO;38178;PORTA RETRATO RUSTIC 20X15CM;16;ATIVO;1;0;0;0;20/04/2026;21
NAO ALIMENTO;38178;PORTA RETRATO RUSTIC 20X15CM;17;ATIVO;1;0;0;0;20/04/2026;21
NAO ALIMENTO;38178;PORTA RETRATO RUSTIC 20X15CM;18;ATIVO;1;-1;0;0;20/04/2026;21
NAO ALIMENTO;38178;PORTA RETRATO RUSTIC 20X15CM;50;ATIVO;1;0;0;0;20/04/2026;21
NAO ALIMENTO;38387;PORTA SABONETE LIQUIDO FOSCO A1;1;ATIVO;1;0;0;0;08/05/2026;3
NAO ALIMENTO;38387;PORTA SABONETE LIQUIDO FOSCO A1;2;ATIVO;1;0;0;0;08/05/2026;3
NAO ALIMENTO;38387;PORTA SABONETE LIQUIDO FOSCO A1;3;ATIVO;1;0;0;0;08/05/2026;3
NAO ALIMENTO;38387;PORTA SABONETE LIQUIDO FOSCO A1;4;ATIVO;1;0;0;0;08/05/2026;3
NAO ALIMENTO;38387;PORTA SABONETE LIQUIDO FOSCO A1;5;ATIVO;1;0;0;0;08/05/2026;3
NAO ALIMENTO;38387;PORTA SABONETE LIQUIDO FOSCO A1;6;ATIVO;1;0;0;0;08/05/2026;3
NAO ALIMENTO;38387;PORTA SABONETE LIQUIDO FOSCO A1;7;ATIVO;1;0;0;0;08/05/2026;3
NAO ALIMENTO;38387;PORTA SABONETE LIQUIDO FOSCO A1;8;ATIVO;1;0;0;0;08/05/2026;3
NAO ALIMENTO;38387;PORTA SABONETE LIQUIDO FOSCO A1;11;ATIVO;1;0;0;0;08/05/2026;3
NAO ALIMENTO;38387;PORTA SABONETE LIQUIDO FOSCO A1;12;ATIVO;1;0;0;0;08/05/2026;3
NAO ALIMENTO;38387;PORTA SABONETE LIQUIDO FOSCO A1;13;ATIVO;1;0;0;0;08/05/2026;3
NAO ALIMENTO;38387;PORTA SABONETE LIQUIDO FOSCO A1;14;ATIVO;1;0;0;0;08/05/2026;3
NAO ALIMENTO;38387;PORTA SABONETE LIQUIDO FOSCO A1;15;ATIVO;1;0;0;0;08/05/2026;3
NAO ALIMENTO;38387;PORTA SABONETE LIQUIDO FOSCO A1;16;ATIVO;1;0;0;0;08/05/2026;3
NAO ALIMENTO;38387;PORTA SABONETE LIQUIDO FOSCO A1;17;ATIVO;1;0;0;0;08/05/2026;3
NAO ALIMENTO;38387;PORTA SABONETE LIQUIDO FOSCO A1;18;ATIVO;1;0;0;0;08/05/2026;3
NAO ALIMENTO;38387;PORTA SABONETE LIQUIDO FOSCO A1;50;ATIVO;1;0;0;0;08/05/2026;3
NAO ALIMENTO;38094;PORTA TEMP 4PCS 7 5X6X8CM;1;ATIVO;1;0;12;0;14/04/2026;27
NAO ALIMENTO;38094;PORTA TEMP 4PCS 7 5X6X8CM;2;ATIVO;1;-6;24;0;14/04/2026;27
NAO ALIMENTO;38094;PORTA TEMP 4PCS 7 5X6X8CM;3;ATIVO;1;40;0;0;14/04/2026;27
NAO ALIMENTO;38094;PORTA TEMP 4PCS 7 5X6X8CM;4;ATIVO;1;12;0;0;14/04/2026;27
NAO ALIMENTO;38094;PORTA TEMP 4PCS 7 5X6X8CM;5;ATIVO;1;12;0;0;14/04/2026;27
NAO ALIMENTO;38094;PORTA TEMP 4PCS 7 5X6X8CM;6;ATIVO;1;24;0;0;14/04/2026;27
NAO ALIMENTO;38094;PORTA TEMP 4PCS 7 5X6X8CM;7;ATIVO;1;0;24;0;14/04/2026;27
NAO ALIMENTO;38094;PORTA TEMP 4PCS 7 5X6X8CM;8;ATIVO;1;24;0;0;14/04/2026;27
NAO ALIMENTO;38094;PORTA TEMP 4PCS 7 5X6X8CM;11;ATIVO;1;0;24;0;14/04/2026;27
NAO ALIMENTO;38094;PORTA TEMP 4PCS 7 5X6X8CM;12;ATIVO;1;0;24;0;14/04/2026;27
NAO ALIMENTO;38094;PORTA TEMP 4PCS 7 5X6X8CM;13;ATIVO;1;0;24;0;14/04/2026;27
NAO ALIMENTO;38094;PORTA TEMP 4PCS 7 5X6X8CM;14;ATIVO;1;0;24;0;14/04/2026;27
NAO ALIMENTO;38094;PORTA TEMP 4PCS 7 5X6X8CM;15;ATIVO;1;0;0;0;14/04/2026;27
NAO ALIMENTO;38094;PORTA TEMP 4PCS 7 5X6X8CM;16;ATIVO;1;0;0;0;14/04/2026;27
NAO ALIMENTO;38094;PORTA TEMP 4PCS 7 5X6X8CM;17;ATIVO;1;0;24;0;14/04/2026;27
NAO ALIMENTO;38094;PORTA TEMP 4PCS 7 5X6X8CM;18;ATIVO;1;-4;24;0;14/04/2026;27
NAO ALIMENTO;38094;PORTA TEMP 4PCS 7 5X6X8CM;50;ATIVO;1;0;0;0;14/04/2026;27
NAO ALIMENTO;38383;POTE PIPOCA COPA DO MUNDO;1;ATIVO;1;0;0;0;08/05/2026;3
NAO ALIMENTO;38383;POTE PIPOCA COPA DO MUNDO;2;ATIVO;1;0;0;0;08/05/2026;3
NAO ALIMENTO;38383;POTE PIPOCA COPA DO MUNDO;3;ATIVO;1;0;0;0;08/05/2026;3
NAO ALIMENTO;38383;POTE PIPOCA COPA DO MUNDO;4;ATIVO;1;0;0;0;08/05/2026;3
NAO ALIMENTO;38383;POTE PIPOCA COPA DO MUNDO;5;ATIVO;1;0;0;0;08/05/2026;3
NAO ALIMENTO;38383;POTE PIPOCA COPA DO MUNDO;6;ATIVO;1;0;0;0;08/05/2026;3
NAO ALIMENTO;38383;POTE PIPOCA COPA DO MUNDO;7;ATIVO;1;0;0;0;08/05/2026;3
NAO ALIMENTO;38383;POTE PIPOCA COPA DO MUNDO;8;ATIVO;1;0;0;0;08/05/2026;3
NAO ALIMENTO;38383;POTE PIPOCA COPA DO MUNDO;11;ATIVO;1;0;0;0;08/05/2026;3
NAO ALIMENTO;38383;POTE PIPOCA COPA DO MUNDO;12;ATIVO;1;0;0;0;08/05/2026;3
NAO ALIMENTO;38383;POTE PIPOCA COPA DO MUNDO;13;ATIVO;1;0;0;0;08/05/2026;3
NAO ALIMENTO;38383;POTE PIPOCA COPA DO MUNDO;14;ATIVO;1;0;0;0;08/05/2026;3
NAO ALIMENTO;38383;POTE PIPOCA COPA DO MUNDO;15;ATIVO;1;0;0;0;08/05/2026;3
NAO ALIMENTO;38383;POTE PIPOCA COPA DO MUNDO;16;ATIVO;1;0;0;0;08/05/2026;3
NAO ALIMENTO;38383;POTE PIPOCA COPA DO MUNDO;17;ATIVO;1;0;0;0;08/05/2026;3
NAO ALIMENTO;38383;POTE PIPOCA COPA DO MUNDO;18;ATIVO;1;0;0;0;08/05/2026;3
NAO ALIMENTO;38383;POTE PIPOCA COPA DO MUNDO;50;ATIVO;1;0;0;0;08/05/2026;3
NAO ALIMENTO;38095;POTE SANREMO PLAST ULTRA PROT SR360;1;ATIVO;1;0;0;0;14/04/2026;27
NAO ALIMENTO;38095;POTE SANREMO PLAST ULTRA PROT SR360;2;ATIVO;1;0;0;0;14/04/2026;27
NAO ALIMENTO;38095;POTE SANREMO PLAST ULTRA PROT SR360;3;ATIVO;1;0;0;0;14/04/2026;27
NAO ALIMENTO;38095;POTE SANREMO PLAST ULTRA PROT SR360;4;ATIVO;1;0;0;0;14/04/2026;27
NAO ALIMENTO;38095;POTE SANREMO PLAST ULTRA PROT SR360;5;ATIVO;1;0;0;0;14/04/2026;27
NAO ALIMENTO;38095;POTE SANREMO PLAST ULTRA PROT SR360;6;ATIVO;1;0;0;0;14/04/2026;27
NAO ALIMENTO;38095;POTE SANREMO PLAST ULTRA PROT SR360;7;ATIVO;1;0;0;0;14/04/2026;27
NAO ALIMENTO;38095;POTE SANREMO PLAST ULTRA PROT SR360;8;ATIVO;1;0;0;0;14/04/2026;27
NAO ALIMENTO;38095;POTE SANREMO PLAST ULTRA PROT SR360;11;ATIVO;1;0;0;0;14/04/2026;27
NAO ALIMENTO;38095;POTE SANREMO PLAST ULTRA PROT SR360;12;ATIVO;1;0;0;0;14/04/2026;27
NAO ALIMENTO;38095;POTE SANREMO PLAST ULTRA PROT SR360;13;ATIVO;1;0;0;0;14/04/2026;27
NAO ALIMENTO;38095;POTE SANREMO PLAST ULTRA PROT SR360;14;ATIVO;1;0;0;0;14/04/2026;27
NAO ALIMENTO;38095;POTE SANREMO PLAST ULTRA PROT SR360;15;ATIVO;1;0;0;0;14/04/2026;27
NAO ALIMENTO;38095;POTE SANREMO PLAST ULTRA PROT SR360;16;ATIVO;1;0;0;0;14/04/2026;27
NAO ALIMENTO;38095;POTE SANREMO PLAST ULTRA PROT SR360;17;ATIVO;1;0;0;0;14/04/2026;27
NAO ALIMENTO;38095;POTE SANREMO PLAST ULTRA PROT SR360;18;ATIVO;1;0;0;0;14/04/2026;27
NAO ALIMENTO;38095;POTE SANREMO PLAST ULTRA PROT SR360;50;ATIVO;1;0;0;0;14/04/2026;27
NAO ALIMENTO;38379;POTE SUPREME RD 440ML A3;1;ATIVO;1;0;0;0;08/05/2026;3
NAO ALIMENTO;38379;POTE SUPREME RD 440ML A3;2;ATIVO;1;0;0;0;08/05/2026;3
NAO ALIMENTO;38379;POTE SUPREME RD 440ML A3;3;ATIVO;1;0;0;0;08/05/2026;3
NAO ALIMENTO;38379;POTE SUPREME RD 440ML A3;4;ATIVO;1;0;0;0;08/05/2026;3
NAO ALIMENTO;38379;POTE SUPREME RD 440ML A3;5;ATIVO;1;0;0;0;08/05/2026;3
NAO ALIMENTO;38379;POTE SUPREME RD 440ML A3;6;ATIVO;1;0;0;0;08/05/2026;3
NAO ALIMENTO;38379;POTE SUPREME RD 440ML A3;7;ATIVO;1;0;0;0;08/05/2026;3
NAO ALIMENTO;38379;POTE SUPREME RD 440ML A3;8;ATIVO;1;0;0;0;08/05/2026;3
NAO ALIMENTO;38379;POTE SUPREME RD 440ML A3;11;ATIVO;1;0;0;0;08/05/2026;3
NAO ALIMENTO;38379;POTE SUPREME RD 440ML A3;12;ATIVO;1;0;0;0;08/05/2026;3
NAO ALIMENTO;38379;POTE SUPREME RD 440ML A3;13;ATIVO;1;0;0;0;08/05/2026;3
NAO ALIMENTO;38379;POTE SUPREME RD 440ML A3;14;ATIVO;1;0;0;0;08/05/2026;3
NAO ALIMENTO;38379;POTE SUPREME RD 440ML A3;15;ATIVO;1;0;0;0;08/05/2026;3
NAO ALIMENTO;38379;POTE SUPREME RD 440ML A3;16;ATIVO;1;0;0;0;08/05/2026;3
NAO ALIMENTO;38379;POTE SUPREME RD 440ML A3;17;ATIVO;1;0;0;0;08/05/2026;3
NAO ALIMENTO;38379;POTE SUPREME RD 440ML A3;18;ATIVO;1;0;0;0;08/05/2026;3
NAO ALIMENTO;38379;POTE SUPREME RD 440ML A3;50;ATIVO;1;0;0;0;08/05/2026;3
NAO ALIMENTO;38378;POTE SUPREME RD 950ML A3;1;ATIVO;1;0;0;0;08/05/2026;3
NAO ALIMENTO;38378;POTE SUPREME RD 950ML A3;2;ATIVO;1;0;0;0;08/05/2026;3
NAO ALIMENTO;38378;POTE SUPREME RD 950ML A3;3;ATIVO;1;0;0;0;08/05/2026;3
NAO ALIMENTO;38378;POTE SUPREME RD 950ML A3;4;ATIVO;1;0;0;0;08/05/2026;3
NAO ALIMENTO;38378;POTE SUPREME RD 950ML A3;5;ATIVO;1;0;0;0;08/05/2026;3
NAO ALIMENTO;38378;POTE SUPREME RD 950ML A3;6;ATIVO;1;0;0;0;08/05/2026;3
NAO ALIMENTO;38378;POTE SUPREME RD 950ML A3;7;ATIVO;1;0;0;0;08/05/2026;3
NAO ALIMENTO;38378;POTE SUPREME RD 950ML A3;8;ATIVO;1;0;0;0;08/05/2026;3
NAO ALIMENTO;38378;POTE SUPREME RD 950ML A3;11;ATIVO;1;0;0;0;08/05/2026;3
NAO ALIMENTO;38378;POTE SUPREME RD 950ML A3;12;ATIVO;1;0;0;0;08/05/2026;3
NAO ALIMENTO;38378;POTE SUPREME RD 950ML A3;13;ATIVO;1;0;0;0;08/05/2026;3
NAO ALIMENTO;38378;POTE SUPREME RD 950ML A3;14;ATIVO;1;0;0;0;08/05/2026;3
NAO ALIMENTO;38378;POTE SUPREME RD 950ML A3;15;ATIVO;1;0;0;0;08/05/2026;3
NAO ALIMENTO;38378;POTE SUPREME RD 950ML A3;16;ATIVO;1;0;0;0;08/05/2026;3
NAO ALIMENTO;38378;POTE SUPREME RD 950ML A3;17;ATIVO;1;0;0;0;08/05/2026;3
NAO ALIMENTO;38378;POTE SUPREME RD 950ML A3;18;ATIVO;1;0;0;0;08/05/2026;3
NAO ALIMENTO;38378;POTE SUPREME RD 950ML A3;50;ATIVO;1;0;0;0;08/05/2026;3
NAO ALIMENTO;38358;POTE SUPREME RT 1 12 LT VERM;1;ATIVO;1;0;0;0;06/05/2026;5
NAO ALIMENTO;38358;POTE SUPREME RT 1 12 LT VERM;2;ATIVO;1;0;0;0;06/05/2026;5
NAO ALIMENTO;38358;POTE SUPREME RT 1 12 LT VERM;3;ATIVO;1;0;0;0;06/05/2026;5
NAO ALIMENTO;38358;POTE SUPREME RT 1 12 LT VERM;4;ATIVO;1;0;0;0;06/05/2026;5
NAO ALIMENTO;38358;POTE SUPREME RT 1 12 LT VERM;5;ATIVO;1;0;0;0;06/05/2026;5
NAO ALIMENTO;38358;POTE SUPREME RT 1 12 LT VERM;6;ATIVO;1;0;0;0;06/05/2026;5
NAO ALIMENTO;38358;POTE SUPREME RT 1 12 LT VERM;7;ATIVO;1;0;0;0;06/05/2026;5
NAO ALIMENTO;38358;POTE SUPREME RT 1 12 LT VERM;8;ATIVO;1;0;0;0;06/05/2026;5
NAO ALIMENTO;38358;POTE SUPREME RT 1 12 LT VERM;11;ATIVO;1;0;0;0;06/05/2026;5
NAO ALIMENTO;38358;POTE SUPREME RT 1 12 LT VERM;12;ATIVO;1;0;0;0;06/05/2026;5
NAO ALIMENTO;38358;POTE SUPREME RT 1 12 LT VERM;13;ATIVO;1;0;0;0;06/05/2026;5
NAO ALIMENTO;38358;POTE SUPREME RT 1 12 LT VERM;14;ATIVO;1;0;0;0;06/05/2026;5
NAO ALIMENTO;38358;POTE SUPREME RT 1 12 LT VERM;15;ATIVO;1;0;0;0;06/05/2026;5
NAO ALIMENTO;38358;POTE SUPREME RT 1 12 LT VERM;16;ATIVO;1;0;0;0;06/05/2026;5
NAO ALIMENTO;38358;POTE SUPREME RT 1 12 LT VERM;17;ATIVO;1;0;0;0;06/05/2026;5
NAO ALIMENTO;38358;POTE SUPREME RT 1 12 LT VERM;18;ATIVO;1;0;0;0;06/05/2026;5
NAO ALIMENTO;38358;POTE SUPREME RT 1 12 LT VERM;50;ATIVO;1;0;0;0;06/05/2026;5
NAO ALIMENTO;38377;POTE SUPREME RT 450ML A3;1;ATIVO;1;0;0;0;08/05/2026;3
NAO ALIMENTO;38377;POTE SUPREME RT 450ML A3;2;ATIVO;1;0;0;0;08/05/2026;3
NAO ALIMENTO;38377;POTE SUPREME RT 450ML A3;3;ATIVO;1;0;0;0;08/05/2026;3
NAO ALIMENTO;38377;POTE SUPREME RT 450ML A3;4;ATIVO;1;0;0;0;08/05/2026;3
NAO ALIMENTO;38377;POTE SUPREME RT 450ML A3;5;ATIVO;1;0;0;0;08/05/2026;3
NAO ALIMENTO;38377;POTE SUPREME RT 450ML A3;6;ATIVO;1;0;0;0;08/05/2026;3
NAO ALIMENTO;38377;POTE SUPREME RT 450ML A3;7;ATIVO;1;0;0;0;08/05/2026;3
NAO ALIMENTO;38377;POTE SUPREME RT 450ML A3;8;ATIVO;1;0;0;0;08/05/2026;3
NAO ALIMENTO;38377;POTE SUPREME RT 450ML A3;11;ATIVO;1;0;0;0;08/05/2026;3
NAO ALIMENTO;38377;POTE SUPREME RT 450ML A3;12;ATIVO;1;0;0;0;08/05/2026;3
NAO ALIMENTO;38377;POTE SUPREME RT 450ML A3;13;ATIVO;1;0;0;0;08/05/2026;3
NAO ALIMENTO;38377;POTE SUPREME RT 450ML A3;14;ATIVO;1;0;0;0;08/05/2026;3
NAO ALIMENTO;38377;POTE SUPREME RT 450ML A3;15;ATIVO;1;0;0;0;08/05/2026;3
NAO ALIMENTO;38377;POTE SUPREME RT 450ML A3;16;ATIVO;1;0;0;0;08/05/2026;3
NAO ALIMENTO;38377;POTE SUPREME RT 450ML A3;17;ATIVO;1;0;0;0;08/05/2026;3
NAO ALIMENTO;38377;POTE SUPREME RT 450ML A3;18;ATIVO;1;0;0;0;08/05/2026;3
NAO ALIMENTO;38377;POTE SUPREME RT 450ML A3;50;ATIVO;1;0;0;0;08/05/2026;3
NAO ALIMENTO;38115;PRATO DESC AMARELO 15CM C10;1;ATIVO;50;0;0;0;15/04/2026;26
NAO ALIMENTO;38115;PRATO DESC AMARELO 15CM C10;2;ATIVO;50;0;200;0;15/04/2026;26
NAO ALIMENTO;38115;PRATO DESC AMARELO 15CM C10;3;ATIVO;50;0;300;0;15/04/2026;26
NAO ALIMENTO;38115;PRATO DESC AMARELO 15CM C10;4;ATIVO;50;0;100;0;15/04/2026;26
NAO ALIMENTO;38115;PRATO DESC AMARELO 15CM C10;5;ATIVO;50;0;100;0;15/04/2026;26
NAO ALIMENTO;38115;PRATO DESC AMARELO 15CM C10;6;ATIVO;50;0;200;0;15/04/2026;26
NAO ALIMENTO;38115;PRATO DESC AMARELO 15CM C10;7;ATIVO;50;0;200;0;15/04/2026;26
NAO ALIMENTO;38115;PRATO DESC AMARELO 15CM C10;8;ATIVO;50;0;150;0;15/04/2026;26
NAO ALIMENTO;38115;PRATO DESC AMARELO 15CM C10;11;ATIVO;50;0;200;0;15/04/2026;26
NAO ALIMENTO;38115;PRATO DESC AMARELO 15CM C10;12;ATIVO;50;0;200;0;15/04/2026;26
NAO ALIMENTO;38115;PRATO DESC AMARELO 15CM C10;13;ATIVO;50;0;200;0;15/04/2026;26
NAO ALIMENTO;38115;PRATO DESC AMARELO 15CM C10;14;ATIVO;50;0;150;0;15/04/2026;26
NAO ALIMENTO;38115;PRATO DESC AMARELO 15CM C10;15;ATIVO;50;0;0;0;15/04/2026;26
NAO ALIMENTO;38115;PRATO DESC AMARELO 15CM C10;16;ATIVO;50;0;0;0;15/04/2026;26
NAO ALIMENTO;38115;PRATO DESC AMARELO 15CM C10;17;ATIVO;50;0;150;0;15/04/2026;26
NAO ALIMENTO;38115;PRATO DESC AMARELO 15CM C10;18;ATIVO;50;0;200;0;15/04/2026;26
NAO ALIMENTO;38115;PRATO DESC AMARELO 15CM C10;50;ATIVO;50;0;0;0;15/04/2026;26
NAO ALIMENTO;38114;PRATO DESC AZUL 15CM C10;1;ATIVO;50;0;200;0;15/04/2026;26
NAO ALIMENTO;38114;PRATO DESC AZUL 15CM C10;2;ATIVO;50;0;200;0;15/04/2026;26
NAO ALIMENTO;38114;PRATO DESC AZUL 15CM C10;3;ATIVO;50;0;300;0;15/04/2026;26
NAO ALIMENTO;38114;PRATO DESC AZUL 15CM C10;4;ATIVO;50;0;200;0;15/04/2026;26
NAO ALIMENTO;38114;PRATO DESC AZUL 15CM C10;5;ATIVO;50;0;200;0;15/04/2026;26
NAO ALIMENTO;38114;PRATO DESC AZUL 15CM C10;6;ATIVO;50;0;200;0;15/04/2026;26
NAO ALIMENTO;38114;PRATO DESC AZUL 15CM C10;7;ATIVO;50;0;200;0;15/04/2026;26
NAO ALIMENTO;38114;PRATO DESC AZUL 15CM C10;8;ATIVO;50;0;200;0;15/04/2026;26
NAO ALIMENTO;38114;PRATO DESC AZUL 15CM C10;11;ATIVO;50;0;200;0;15/04/2026;26
NAO ALIMENTO;38114;PRATO DESC AZUL 15CM C10;12;ATIVO;50;0;200;0;15/04/2026;26
NAO ALIMENTO;38114;PRATO DESC AZUL 15CM C10;13;ATIVO;50;0;200;0;15/04/2026;26
NAO ALIMENTO;38114;PRATO DESC AZUL 15CM C10;14;ATIVO;50;0;200;0;15/04/2026;26
NAO ALIMENTO;38114;PRATO DESC AZUL 15CM C10;15;ATIVO;50;0;0;0;15/04/2026;26
NAO ALIMENTO;38114;PRATO DESC AZUL 15CM C10;16;ATIVO;50;0;0;0;15/04/2026;26
NAO ALIMENTO;38114;PRATO DESC AZUL 15CM C10;17;ATIVO;50;0;200;0;15/04/2026;26
NAO ALIMENTO;38114;PRATO DESC AZUL 15CM C10;18;ATIVO;50;0;200;0;15/04/2026;26
NAO ALIMENTO;38114;PRATO DESC AZUL 15CM C10;50;ATIVO;50;0;0;0;15/04/2026;26
NAO ALIMENTO;38116;PRATO DESC DOURADO 15CM C10;1;ATIVO;50;0;100;0;15/04/2026;26
NAO ALIMENTO;38116;PRATO DESC DOURADO 15CM C10;2;ATIVO;50;0;200;0;15/04/2026;26
NAO ALIMENTO;38116;PRATO DESC DOURADO 15CM C10;3;ATIVO;50;0;300;0;15/04/2026;26
NAO ALIMENTO;38116;PRATO DESC DOURADO 15CM C10;4;ATIVO;50;0;100;0;15/04/2026;26
NAO ALIMENTO;38116;PRATO DESC DOURADO 15CM C10;5;ATIVO;50;0;100;0;15/04/2026;26
NAO ALIMENTO;38116;PRATO DESC DOURADO 15CM C10;6;ATIVO;50;0;200;0;15/04/2026;26
NAO ALIMENTO;38116;PRATO DESC DOURADO 15CM C10;7;ATIVO;50;0;200;0;15/04/2026;26
NAO ALIMENTO;38116;PRATO DESC DOURADO 15CM C10;8;ATIVO;50;0;150;0;15/04/2026;26
NAO ALIMENTO;38116;PRATO DESC DOURADO 15CM C10;11;ATIVO;50;0;200;0;15/04/2026;26
NAO ALIMENTO;38116;PRATO DESC DOURADO 15CM C10;12;ATIVO;50;0;200;0;15/04/2026;26
NAO ALIMENTO;38116;PRATO DESC DOURADO 15CM C10;13;ATIVO;50;0;200;0;15/04/2026;26
NAO ALIMENTO;38116;PRATO DESC DOURADO 15CM C10;14;ATIVO;50;0;200;0;15/04/2026;26
NAO ALIMENTO;38116;PRATO DESC DOURADO 15CM C10;15;ATIVO;50;0;0;0;15/04/2026;26
NAO ALIMENTO;38116;PRATO DESC DOURADO 15CM C10;16;ATIVO;50;0;0;0;15/04/2026;26
NAO ALIMENTO;38116;PRATO DESC DOURADO 15CM C10;17;ATIVO;50;0;200;0;15/04/2026;26
NAO ALIMENTO;38116;PRATO DESC DOURADO 15CM C10;18;ATIVO;50;0;200;0;15/04/2026;26
NAO ALIMENTO;38116;PRATO DESC DOURADO 15CM C10;50;ATIVO;50;0;0;0;15/04/2026;26
NAO ALIMENTO;38117;PRATO DESC PRATA DU DIGO 15CM C10;1;ATIVO;50;0;100;0;15/04/2026;26
NAO ALIMENTO;38117;PRATO DESC PRATA DU DIGO 15CM C10;2;ATIVO;50;0;200;0;15/04/2026;26
NAO ALIMENTO;38117;PRATO DESC PRATA DU DIGO 15CM C10;3;ATIVO;50;0;300;0;15/04/2026;26
NAO ALIMENTO;38117;PRATO DESC PRATA DU DIGO 15CM C10;4;ATIVO;50;0;100;0;15/04/2026;26
NAO ALIMENTO;38117;PRATO DESC PRATA DU DIGO 15CM C10;5;ATIVO;50;0;100;0;15/04/2026;26
NAO ALIMENTO;38117;PRATO DESC PRATA DU DIGO 15CM C10;6;ATIVO;50;0;200;0;15/04/2026;26
NAO ALIMENTO;38117;PRATO DESC PRATA DU DIGO 15CM C10;7;ATIVO;50;0;200;0;15/04/2026;26
NAO ALIMENTO;38117;PRATO DESC PRATA DU DIGO 15CM C10;8;ATIVO;50;0;150;0;15/04/2026;26
NAO ALIMENTO;38117;PRATO DESC PRATA DU DIGO 15CM C10;11;ATIVO;50;0;200;0;15/04/2026;26
NAO ALIMENTO;38117;PRATO DESC PRATA DU DIGO 15CM C10;12;ATIVO;50;0;200;0;15/04/2026;26
NAO ALIMENTO;38117;PRATO DESC PRATA DU DIGO 15CM C10;13;ATIVO;50;0;200;0;15/04/2026;26
NAO ALIMENTO;38117;PRATO DESC PRATA DU DIGO 15CM C10;14;ATIVO;50;0;200;0;15/04/2026;26
NAO ALIMENTO;38117;PRATO DESC PRATA DU DIGO 15CM C10;15;ATIVO;50;0;0;0;15/04/2026;26
NAO ALIMENTO;38117;PRATO DESC PRATA DU DIGO 15CM C10;16;ATIVO;50;0;0;0;15/04/2026;26
NAO ALIMENTO;38117;PRATO DESC PRATA DU DIGO 15CM C10;17;ATIVO;50;0;200;0;15/04/2026;26
NAO ALIMENTO;38117;PRATO DESC PRATA DU DIGO 15CM C10;18;ATIVO;50;0;200;0;15/04/2026;26
NAO ALIMENTO;38117;PRATO DESC PRATA DU DIGO 15CM C10;50;ATIVO;50;0;0;0;15/04/2026;26
NAO ALIMENTO;38113;PRATO DESC ROSA C 10 15CM;1;ATIVO;50;0;200;0;15/04/2026;26
NAO ALIMENTO;38113;PRATO DESC ROSA C 10 15CM;2;ATIVO;50;0;200;0;15/04/2026;26
NAO ALIMENTO;38113;PRATO DESC ROSA C 10 15CM;3;ATIVO;50;0;300;0;15/04/2026;26
NAO ALIMENTO;38113;PRATO DESC ROSA C 10 15CM;4;ATIVO;50;0;200;0;15/04/2026;26
NAO ALIMENTO;38113;PRATO DESC ROSA C 10 15CM;5;ATIVO;50;0;200;0;15/04/2026;26
NAO ALIMENTO;38113;PRATO DESC ROSA C 10 15CM;6;ATIVO;50;0;200;0;15/04/2026;26
NAO ALIMENTO;38113;PRATO DESC ROSA C 10 15CM;7;ATIVO;50;0;200;0;15/04/2026;26
NAO ALIMENTO;38113;PRATO DESC ROSA C 10 15CM;8;ATIVO;50;0;200;0;15/04/2026;26
NAO ALIMENTO;38113;PRATO DESC ROSA C 10 15CM;11;ATIVO;50;0;200;0;15/04/2026;26
NAO ALIMENTO;38113;PRATO DESC ROSA C 10 15CM;12;ATIVO;50;0;200;0;15/04/2026;26
NAO ALIMENTO;38113;PRATO DESC ROSA C 10 15CM;13;ATIVO;50;0;200;0;15/04/2026;26
NAO ALIMENTO;38113;PRATO DESC ROSA C 10 15CM;14;ATIVO;50;0;200;0;15/04/2026;26
NAO ALIMENTO;38113;PRATO DESC ROSA C 10 15CM;15;ATIVO;50;0;0;0;15/04/2026;26
NAO ALIMENTO;38113;PRATO DESC ROSA C 10 15CM;16;ATIVO;50;0;0;0;15/04/2026;26
NAO ALIMENTO;38113;PRATO DESC ROSA C 10 15CM;17;ATIVO;50;0;200;0;15/04/2026;26
NAO ALIMENTO;38113;PRATO DESC ROSA C 10 15CM;18;ATIVO;50;0;200;0;15/04/2026;26
NAO ALIMENTO;38113;PRATO DESC ROSA C 10 15CM;50;ATIVO;50;0;0;0;15/04/2026;26
NAO ALIMENTO;38119;PRATO DESC VERDE DU DIGO 15CM C10;1;ATIVO;50;0;0;0;15/04/2026;26
NAO ALIMENTO;38119;PRATO DESC VERDE DU DIGO 15CM C10;2;ATIVO;50;0;200;0;15/04/2026;26
NAO ALIMENTO;38119;PRATO DESC VERDE DU DIGO 15CM C10;3;ATIVO;50;0;300;0;15/04/2026;26
NAO ALIMENTO;38119;PRATO DESC VERDE DU DIGO 15CM C10;4;ATIVO;50;0;100;0;15/04/2026;26
NAO ALIMENTO;38119;PRATO DESC VERDE DU DIGO 15CM C10;5;ATIVO;50;0;100;0;15/04/2026;26
NAO ALIMENTO;38119;PRATO DESC VERDE DU DIGO 15CM C10;6;ATIVO;50;0;200;0;15/04/2026;26
NAO ALIMENTO;38119;PRATO DESC VERDE DU DIGO 15CM C10;7;ATIVO;50;0;200;0;15/04/2026;26
NAO ALIMENTO;38119;PRATO DESC VERDE DU DIGO 15CM C10;8;ATIVO;50;0;150;0;15/04/2026;26
NAO ALIMENTO;38119;PRATO DESC VERDE DU DIGO 15CM C10;11;ATIVO;50;0;200;0;15/04/2026;26
NAO ALIMENTO;38119;PRATO DESC VERDE DU DIGO 15CM C10;12;ATIVO;50;0;200;0;15/04/2026;26
NAO ALIMENTO;38119;PRATO DESC VERDE DU DIGO 15CM C10;13;ATIVO;50;0;200;0;15/04/2026;26
NAO ALIMENTO;38119;PRATO DESC VERDE DU DIGO 15CM C10;14;ATIVO;50;0;200;0;15/04/2026;26
NAO ALIMENTO;38119;PRATO DESC VERDE DU DIGO 15CM C10;15;ATIVO;50;0;0;0;15/04/2026;26
NAO ALIMENTO;38119;PRATO DESC VERDE DU DIGO 15CM C10;16;ATIVO;50;0;0;0;15/04/2026;26
NAO ALIMENTO;38119;PRATO DESC VERDE DU DIGO 15CM C10;17;ATIVO;50;0;200;0;15/04/2026;26
NAO ALIMENTO;38119;PRATO DESC VERDE DU DIGO 15CM C10;18;ATIVO;50;0;200;0;15/04/2026;26
NAO ALIMENTO;38119;PRATO DESC VERDE DU DIGO 15CM C10;50;ATIVO;50;0;0;0;15/04/2026;26
NAO ALIMENTO;38120;PRATO DESC VRM DU DIGO 15CM C10;1;ATIVO;50;0;0;0;15/04/2026;26
NAO ALIMENTO;38120;PRATO DESC VRM DU DIGO 15CM C10;2;ATIVO;50;0;200;0;15/04/2026;26
NAO ALIMENTO;38120;PRATO DESC VRM DU DIGO 15CM C10;3;ATIVO;50;0;300;0;15/04/2026;26
NAO ALIMENTO;38120;PRATO DESC VRM DU DIGO 15CM C10;4;ATIVO;50;0;100;0;15/04/2026;26
NAO ALIMENTO;38120;PRATO DESC VRM DU DIGO 15CM C10;5;ATIVO;50;0;100;0;15/04/2026;26
NAO ALIMENTO;38120;PRATO DESC VRM DU DIGO 15CM C10;6;ATIVO;50;0;200;0;15/04/2026;26
NAO ALIMENTO;38120;PRATO DESC VRM DU DIGO 15CM C10;7;ATIVO;50;0;200;0;15/04/2026;26
NAO ALIMENTO;38120;PRATO DESC VRM DU DIGO 15CM C10;8;ATIVO;50;0;150;0;15/04/2026;26
NAO ALIMENTO;38120;PRATO DESC VRM DU DIGO 15CM C10;11;ATIVO;50;0;200;0;15/04/2026;26
NAO ALIMENTO;38120;PRATO DESC VRM DU DIGO 15CM C10;12;ATIVO;50;0;200;0;15/04/2026;26
NAO ALIMENTO;38120;PRATO DESC VRM DU DIGO 15CM C10;13;ATIVO;50;0;200;0;15/04/2026;26
NAO ALIMENTO;38120;PRATO DESC VRM DU DIGO 15CM C10;14;ATIVO;50;0;200;0;15/04/2026;26
NAO ALIMENTO;38120;PRATO DESC VRM DU DIGO 15CM C10;15;ATIVO;50;0;0;0;15/04/2026;26
NAO ALIMENTO;38120;PRATO DESC VRM DU DIGO 15CM C10;16;ATIVO;50;0;0;0;15/04/2026;26
NAO ALIMENTO;38120;PRATO DESC VRM DU DIGO 15CM C10;17;ATIVO;50;0;200;0;15/04/2026;26
NAO ALIMENTO;38120;PRATO DESC VRM DU DIGO 15CM C10;18;ATIVO;50;0;200;0;15/04/2026;26
NAO ALIMENTO;38120;PRATO DESC VRM DU DIGO 15CM C10;50;ATIVO;50;0;0;0;15/04/2026;26
NAO ALIMENTO;38372;PRATO FUNDO DEC HELLO KITTY;1;ATIVO;1;0;0;0;08/05/2026;3
NAO ALIMENTO;38372;PRATO FUNDO DEC HELLO KITTY;2;ATIVO;1;0;0;0;08/05/2026;3
NAO ALIMENTO;38372;PRATO FUNDO DEC HELLO KITTY;3;ATIVO;1;0;0;0;08/05/2026;3
NAO ALIMENTO;38372;PRATO FUNDO DEC HELLO KITTY;4;ATIVO;1;0;0;0;08/05/2026;3
NAO ALIMENTO;38372;PRATO FUNDO DEC HELLO KITTY;5;ATIVO;1;0;0;0;08/05/2026;3
NAO ALIMENTO;38372;PRATO FUNDO DEC HELLO KITTY;6;ATIVO;1;0;0;0;08/05/2026;3
NAO ALIMENTO;38372;PRATO FUNDO DEC HELLO KITTY;7;ATIVO;1;0;0;0;08/05/2026;3
NAO ALIMENTO;38372;PRATO FUNDO DEC HELLO KITTY;8;ATIVO;1;0;0;0;08/05/2026;3
NAO ALIMENTO;38372;PRATO FUNDO DEC HELLO KITTY;11;ATIVO;1;0;0;0;08/05/2026;3
NAO ALIMENTO;38372;PRATO FUNDO DEC HELLO KITTY;12;ATIVO;1;0;0;0;08/05/2026;3
NAO ALIMENTO;38372;PRATO FUNDO DEC HELLO KITTY;13;ATIVO;1;0;0;0;08/05/2026;3
NAO ALIMENTO;38372;PRATO FUNDO DEC HELLO KITTY;14;ATIVO;1;0;0;0;08/05/2026;3
NAO ALIMENTO;38372;PRATO FUNDO DEC HELLO KITTY;15;ATIVO;1;0;0;0;08/05/2026;3
NAO ALIMENTO;38372;PRATO FUNDO DEC HELLO KITTY;16;ATIVO;1;0;0;0;08/05/2026;3
NAO ALIMENTO;38372;PRATO FUNDO DEC HELLO KITTY;17;ATIVO;1;0;0;0;08/05/2026;3
NAO ALIMENTO;38372;PRATO FUNDO DEC HELLO KITTY;18;ATIVO;1;0;0;0;08/05/2026;3
NAO ALIMENTO;38372;PRATO FUNDO DEC HELLO KITTY;50;ATIVO;1;0;0;0;08/05/2026;3
NAO ALIMENTO;38375;PRATO FUNDO DEC KUROMI;1;ATIVO;1;0;0;0;08/05/2026;3
NAO ALIMENTO;38375;PRATO FUNDO DEC KUROMI;2;ATIVO;1;0;0;0;08/05/2026;3
NAO ALIMENTO;38375;PRATO FUNDO DEC KUROMI;3;ATIVO;1;0;0;0;08/05/2026;3
NAO ALIMENTO;38375;PRATO FUNDO DEC KUROMI;4;ATIVO;1;0;0;0;08/05/2026;3
NAO ALIMENTO;38375;PRATO FUNDO DEC KUROMI;5;ATIVO;1;0;0;0;08/05/2026;3
NAO ALIMENTO;38375;PRATO FUNDO DEC KUROMI;6;ATIVO;1;0;0;0;08/05/2026;3
NAO ALIMENTO;38375;PRATO FUNDO DEC KUROMI;7;ATIVO;1;0;0;0;08/05/2026;3
NAO ALIMENTO;38375;PRATO FUNDO DEC KUROMI;8;ATIVO;1;0;0;0;08/05/2026;3
NAO ALIMENTO;38375;PRATO FUNDO DEC KUROMI;11;ATIVO;1;0;0;0;08/05/2026;3
NAO ALIMENTO;38375;PRATO FUNDO DEC KUROMI;12;ATIVO;1;0;0;0;08/05/2026;3
NAO ALIMENTO;38375;PRATO FUNDO DEC KUROMI;13;ATIVO;1;0;0;0;08/05/2026;3
NAO ALIMENTO;38375;PRATO FUNDO DEC KUROMI;14;ATIVO;1;0;0;0;08/05/2026;3
NAO ALIMENTO;38375;PRATO FUNDO DEC KUROMI;15;ATIVO;1;0;0;0;08/05/2026;3
NAO ALIMENTO;38375;PRATO FUNDO DEC KUROMI;16;ATIVO;1;0;0;0;08/05/2026;3
NAO ALIMENTO;38375;PRATO FUNDO DEC KUROMI;17;ATIVO;1;0;0;0;08/05/2026;3
NAO ALIMENTO;38375;PRATO FUNDO DEC KUROMI;18;ATIVO;1;0;0;0;08/05/2026;3
NAO ALIMENTO;38375;PRATO FUNDO DEC KUROMI;50;ATIVO;1;0;0;0;08/05/2026;3
NAO ALIMENTO;38285;PRATO VD FUNDO PRIMAVERA DURALEX 22;1;ATIVO;1;0;0;0;30/04/2026;11
NAO ALIMENTO;38285;PRATO VD FUNDO PRIMAVERA DURALEX 22;2;ATIVO;1;0;0;0;30/04/2026;11
NAO ALIMENTO;38285;PRATO VD FUNDO PRIMAVERA DURALEX 22;3;ATIVO;1;0;0;0;30/04/2026;11
NAO ALIMENTO;38285;PRATO VD FUNDO PRIMAVERA DURALEX 22;4;ATIVO;1;0;0;0;30/04/2026;11
NAO ALIMENTO;38285;PRATO VD FUNDO PRIMAVERA DURALEX 22;5;ATIVO;1;0;0;0;30/04/2026;11
NAO ALIMENTO;38285;PRATO VD FUNDO PRIMAVERA DURALEX 22;6;ATIVO;1;0;0;0;30/04/2026;11
NAO ALIMENTO;38285;PRATO VD FUNDO PRIMAVERA DURALEX 22;7;ATIVO;1;0;0;0;30/04/2026;11
NAO ALIMENTO;38285;PRATO VD FUNDO PRIMAVERA DURALEX 22;8;ATIVO;1;0;0;0;30/04/2026;11
NAO ALIMENTO;38285;PRATO VD FUNDO PRIMAVERA DURALEX 22;11;ATIVO;1;0;0;0;30/04/2026;11
NAO ALIMENTO;38285;PRATO VD FUNDO PRIMAVERA DURALEX 22;12;ATIVO;1;0;0;0;30/04/2026;11
NAO ALIMENTO;38285;PRATO VD FUNDO PRIMAVERA DURALEX 22;13;ATIVO;1;0;0;0;30/04/2026;11
NAO ALIMENTO;38285;PRATO VD FUNDO PRIMAVERA DURALEX 22;14;ATIVO;1;0;0;0;30/04/2026;11
NAO ALIMENTO;38285;PRATO VD FUNDO PRIMAVERA DURALEX 22;15;ATIVO;1;0;0;0;30/04/2026;11
NAO ALIMENTO;38285;PRATO VD FUNDO PRIMAVERA DURALEX 22;16;ATIVO;1;0;0;0;30/04/2026;11
NAO ALIMENTO;38285;PRATO VD FUNDO PRIMAVERA DURALEX 22;17;ATIVO;1;0;0;0;30/04/2026;11
NAO ALIMENTO;38285;PRATO VD FUNDO PRIMAVERA DURALEX 22;18;ATIVO;1;0;0;0;30/04/2026;11
NAO ALIMENTO;38285;PRATO VD FUNDO PRIMAVERA DURALEX 22;50;ATIVO;1;0;0;0;30/04/2026;11
NAO ALIMENTO;38263;PRATO VIDRO FUNDO PAOLA 22CM;1;ATIVO;1;0;0;0;28/04/2026;13
NAO ALIMENTO;38263;PRATO VIDRO FUNDO PAOLA 22CM;2;ATIVO;1;0;0;0;28/04/2026;13
NAO ALIMENTO;38263;PRATO VIDRO FUNDO PAOLA 22CM;3;ATIVO;1;0;0;0;28/04/2026;13
NAO ALIMENTO;38263;PRATO VIDRO FUNDO PAOLA 22CM;4;ATIVO;1;0;0;0;28/04/2026;13
NAO ALIMENTO;38263;PRATO VIDRO FUNDO PAOLA 22CM;5;ATIVO;1;0;0;0;28/04/2026;13
NAO ALIMENTO;38263;PRATO VIDRO FUNDO PAOLA 22CM;6;ATIVO;1;0;0;0;28/04/2026;13
NAO ALIMENTO;38263;PRATO VIDRO FUNDO PAOLA 22CM;7;ATIVO;1;0;0;0;28/04/2026;13
NAO ALIMENTO;38263;PRATO VIDRO FUNDO PAOLA 22CM;8;ATIVO;1;0;0;0;28/04/2026;13
NAO ALIMENTO;38263;PRATO VIDRO FUNDO PAOLA 22CM;11;ATIVO;1;0;0;0;28/04/2026;13
NAO ALIMENTO;38263;PRATO VIDRO FUNDO PAOLA 22CM;12;ATIVO;1;0;0;0;28/04/2026;13
NAO ALIMENTO;38263;PRATO VIDRO FUNDO PAOLA 22CM;13;ATIVO;1;0;0;0;28/04/2026;13
NAO ALIMENTO;38263;PRATO VIDRO FUNDO PAOLA 22CM;14;ATIVO;1;0;0;0;28/04/2026;13
NAO ALIMENTO;38263;PRATO VIDRO FUNDO PAOLA 22CM;15;ATIVO;1;0;0;0;28/04/2026;13
NAO ALIMENTO;38263;PRATO VIDRO FUNDO PAOLA 22CM;16;ATIVO;1;0;0;0;28/04/2026;13
NAO ALIMENTO;38263;PRATO VIDRO FUNDO PAOLA 22CM;17;ATIVO;1;0;0;0;28/04/2026;13
NAO ALIMENTO;38263;PRATO VIDRO FUNDO PAOLA 22CM;18;ATIVO;1;0;0;0;28/04/2026;13
NAO ALIMENTO;38263;PRATO VIDRO FUNDO PAOLA 22CM;50;ATIVO;1;0;0;0;28/04/2026;13
NAO ALIMENTO;38207;PRATO VIDRO RASO GIARDINO 24CM;1;ATIVO;1;0;0;0;23/04/2026;18
NAO ALIMENTO;38207;PRATO VIDRO RASO GIARDINO 24CM;2;ATIVO;1;0;0;0;23/04/2026;18
NAO ALIMENTO;38207;PRATO VIDRO RASO GIARDINO 24CM;3;ATIVO;1;0;0;0;23/04/2026;18
NAO ALIMENTO;38207;PRATO VIDRO RASO GIARDINO 24CM;4;ATIVO;1;0;0;0;23/04/2026;18
NAO ALIMENTO;38207;PRATO VIDRO RASO GIARDINO 24CM;5;ATIVO;1;0;0;0;23/04/2026;18
NAO ALIMENTO;38207;PRATO VIDRO RASO GIARDINO 24CM;6;ATIVO;1;0;0;0;23/04/2026;18
NAO ALIMENTO;38207;PRATO VIDRO RASO GIARDINO 24CM;7;ATIVO;1;0;0;0;23/04/2026;18
NAO ALIMENTO;38207;PRATO VIDRO RASO GIARDINO 24CM;8;ATIVO;1;0;0;0;23/04/2026;18
NAO ALIMENTO;38207;PRATO VIDRO RASO GIARDINO 24CM;11;ATIVO;1;0;0;0;23/04/2026;18
NAO ALIMENTO;38207;PRATO VIDRO RASO GIARDINO 24CM;12;ATIVO;1;0;0;0;23/04/2026;18
NAO ALIMENTO;38207;PRATO VIDRO RASO GIARDINO 24CM;13;ATIVO;1;0;0;0;23/04/2026;18
NAO ALIMENTO;38207;PRATO VIDRO RASO GIARDINO 24CM;14;ATIVO;1;0;0;0;23/04/2026;18
NAO ALIMENTO;38207;PRATO VIDRO RASO GIARDINO 24CM;15;ATIVO;1;0;0;0;23/04/2026;18
NAO ALIMENTO;38207;PRATO VIDRO RASO GIARDINO 24CM;16;ATIVO;1;0;0;0;23/04/2026;18
NAO ALIMENTO;38207;PRATO VIDRO RASO GIARDINO 24CM;17;ATIVO;1;0;0;0;23/04/2026;18
NAO ALIMENTO;38207;PRATO VIDRO RASO GIARDINO 24CM;18;ATIVO;1;-1;0;0;23/04/2026;18
NAO ALIMENTO;38207;PRATO VIDRO RASO GIARDINO 24CM;50;ATIVO;1;0;0;0;23/04/2026;18
NAO ALIMENTO;38347;PROTETOR MOVEIS 9PCS QD;1;ATIVO;1;0;0;0;06/05/2026;5
NAO ALIMENTO;38347;PROTETOR MOVEIS 9PCS QD;2;ATIVO;1;0;0;0;06/05/2026;5
NAO ALIMENTO;38347;PROTETOR MOVEIS 9PCS QD;3;ATIVO;1;0;0;0;06/05/2026;5
NAO ALIMENTO;38347;PROTETOR MOVEIS 9PCS QD;4;ATIVO;1;0;0;0;06/05/2026;5
NAO ALIMENTO;38347;PROTETOR MOVEIS 9PCS QD;5;ATIVO;1;0;0;0;06/05/2026;5
NAO ALIMENTO;38347;PROTETOR MOVEIS 9PCS QD;6;ATIVO;1;0;0;0;06/05/2026;5
NAO ALIMENTO;38347;PROTETOR MOVEIS 9PCS QD;7;ATIVO;1;0;0;0;06/05/2026;5
NAO ALIMENTO;38347;PROTETOR MOVEIS 9PCS QD;8;ATIVO;1;0;0;0;06/05/2026;5
NAO ALIMENTO;38347;PROTETOR MOVEIS 9PCS QD;11;ATIVO;1;0;0;0;06/05/2026;5
NAO ALIMENTO;38347;PROTETOR MOVEIS 9PCS QD;12;ATIVO;1;0;0;0;06/05/2026;5
NAO ALIMENTO;38347;PROTETOR MOVEIS 9PCS QD;13;ATIVO;1;0;0;0;06/05/2026;5
NAO ALIMENTO;38347;PROTETOR MOVEIS 9PCS QD;14;ATIVO;1;0;0;0;06/05/2026;5
NAO ALIMENTO;38347;PROTETOR MOVEIS 9PCS QD;15;ATIVO;1;0;0;0;06/05/2026;5
NAO ALIMENTO;38347;PROTETOR MOVEIS 9PCS QD;16;ATIVO;1;0;0;0;06/05/2026;5
NAO ALIMENTO;38347;PROTETOR MOVEIS 9PCS QD;17;ATIVO;1;0;0;0;06/05/2026;5
NAO ALIMENTO;38347;PROTETOR MOVEIS 9PCS QD;18;ATIVO;1;0;0;0;06/05/2026;5
NAO ALIMENTO;38347;PROTETOR MOVEIS 9PCS QD;50;ATIVO;1;0;0;0;06/05/2026;5
NAO ALIMENTO;38183;PTO FUNDO FORFEST 12CM C 10 AZL NEON;1;ATIVO;1;0;0;0;22/04/2026;19
NAO ALIMENTO;38183;PTO FUNDO FORFEST 12CM C 10 AZL NEON;2;ATIVO;1;0;0;0;22/04/2026;19
NAO ALIMENTO;38183;PTO FUNDO FORFEST 12CM C 10 AZL NEON;3;ATIVO;1;0;0;0;22/04/2026;19
NAO ALIMENTO;38183;PTO FUNDO FORFEST 12CM C 10 AZL NEON;4;ATIVO;1;0;0;0;22/04/2026;19
NAO ALIMENTO;38183;PTO FUNDO FORFEST 12CM C 10 AZL NEON;5;ATIVO;1;0;0;0;22/04/2026;19
NAO ALIMENTO;38183;PTO FUNDO FORFEST 12CM C 10 AZL NEON;6;ATIVO;1;0;0;0;22/04/2026;19
NAO ALIMENTO;38183;PTO FUNDO FORFEST 12CM C 10 AZL NEON;7;ATIVO;1;0;0;0;22/04/2026;19
NAO ALIMENTO;38183;PTO FUNDO FORFEST 12CM C 10 AZL NEON;8;ATIVO;1;0;0;0;22/04/2026;19
NAO ALIMENTO;38183;PTO FUNDO FORFEST 12CM C 10 AZL NEON;11;ATIVO;1;0;0;0;22/04/2026;19
NAO ALIMENTO;38183;PTO FUNDO FORFEST 12CM C 10 AZL NEON;12;ATIVO;1;0;0;0;22/04/2026;19
NAO ALIMENTO;38183;PTO FUNDO FORFEST 12CM C 10 AZL NEON;13;ATIVO;1;0;0;0;22/04/2026;19
NAO ALIMENTO;38183;PTO FUNDO FORFEST 12CM C 10 AZL NEON;14;ATIVO;1;0;0;0;22/04/2026;19
NAO ALIMENTO;38183;PTO FUNDO FORFEST 12CM C 10 AZL NEON;15;ATIVO;1;0;0;0;22/04/2026;19
NAO ALIMENTO;38183;PTO FUNDO FORFEST 12CM C 10 AZL NEON;16;ATIVO;1;0;0;0;22/04/2026;19
NAO ALIMENTO;38183;PTO FUNDO FORFEST 12CM C 10 AZL NEON;17;ATIVO;1;0;0;0;22/04/2026;19
NAO ALIMENTO;38183;PTO FUNDO FORFEST 12CM C 10 AZL NEON;18;ATIVO;1;0;0;0;22/04/2026;19
NAO ALIMENTO;38183;PTO FUNDO FORFEST 12CM C 10 AZL NEON;50;ATIVO;1;0;0;0;22/04/2026;19
NAO ALIMENTO;38184;PTO FUNDO FORFEST 12CM C 10 LAR NEON;1;ATIVO;1;0;0;0;22/04/2026;19
NAO ALIMENTO;38184;PTO FUNDO FORFEST 12CM C 10 LAR NEON;2;ATIVO;1;0;0;0;22/04/2026;19
NAO ALIMENTO;38184;PTO FUNDO FORFEST 12CM C 10 LAR NEON;3;ATIVO;1;0;0;0;22/04/2026;19
NAO ALIMENTO;38184;PTO FUNDO FORFEST 12CM C 10 LAR NEON;4;ATIVO;1;0;0;0;22/04/2026;19
NAO ALIMENTO;38184;PTO FUNDO FORFEST 12CM C 10 LAR NEON;5;ATIVO;1;0;0;0;22/04/2026;19
NAO ALIMENTO;38184;PTO FUNDO FORFEST 12CM C 10 LAR NEON;6;ATIVO;1;0;0;0;22/04/2026;19
NAO ALIMENTO;38184;PTO FUNDO FORFEST 12CM C 10 LAR NEON;7;ATIVO;1;0;0;0;22/04/2026;19
NAO ALIMENTO;38184;PTO FUNDO FORFEST 12CM C 10 LAR NEON;8;ATIVO;1;0;0;0;22/04/2026;19
NAO ALIMENTO;38184;PTO FUNDO FORFEST 12CM C 10 LAR NEON;11;ATIVO;1;0;0;0;22/04/2026;19
NAO ALIMENTO;38184;PTO FUNDO FORFEST 12CM C 10 LAR NEON;12;ATIVO;1;0;0;0;22/04/2026;19
NAO ALIMENTO;38184;PTO FUNDO FORFEST 12CM C 10 LAR NEON;13;ATIVO;1;0;0;0;22/04/2026;19
NAO ALIMENTO;38184;PTO FUNDO FORFEST 12CM C 10 LAR NEON;14;ATIVO;1;0;0;0;22/04/2026;19
NAO ALIMENTO;38184;PTO FUNDO FORFEST 12CM C 10 LAR NEON;15;ATIVO;1;0;0;0;22/04/2026;19
NAO ALIMENTO;38184;PTO FUNDO FORFEST 12CM C 10 LAR NEON;16;ATIVO;1;0;0;0;22/04/2026;19
NAO ALIMENTO;38184;PTO FUNDO FORFEST 12CM C 10 LAR NEON;17;ATIVO;1;0;0;0;22/04/2026;19
NAO ALIMENTO;38184;PTO FUNDO FORFEST 12CM C 10 LAR NEON;18;ATIVO;1;0;0;0;22/04/2026;19
NAO ALIMENTO;38184;PTO FUNDO FORFEST 12CM C 10 LAR NEON;50;ATIVO;1;0;0;0;22/04/2026;19
NAO ALIMENTO;38182;PTO FUNDO FORFEST 12CM C 10 RSA NEON;1;ATIVO;1;0;0;0;22/04/2026;19
NAO ALIMENTO;38182;PTO FUNDO FORFEST 12CM C 10 RSA NEON;2;ATIVO;1;0;0;0;22/04/2026;19
NAO ALIMENTO;38182;PTO FUNDO FORFEST 12CM C 10 RSA NEON;3;ATIVO;1;0;0;0;22/04/2026;19
NAO ALIMENTO;38182;PTO FUNDO FORFEST 12CM C 10 RSA NEON;4;ATIVO;1;0;0;0;22/04/2026;19
NAO ALIMENTO;38182;PTO FUNDO FORFEST 12CM C 10 RSA NEON;5;ATIVO;1;0;0;0;22/04/2026;19
NAO ALIMENTO;38182;PTO FUNDO FORFEST 12CM C 10 RSA NEON;6;ATIVO;1;0;0;0;22/04/2026;19
NAO ALIMENTO;38182;PTO FUNDO FORFEST 12CM C 10 RSA NEON;7;ATIVO;1;0;0;0;22/04/2026;19
NAO ALIMENTO;38182;PTO FUNDO FORFEST 12CM C 10 RSA NEON;8;ATIVO;1;0;0;0;22/04/2026;19
NAO ALIMENTO;38182;PTO FUNDO FORFEST 12CM C 10 RSA NEON;11;ATIVO;1;0;0;0;22/04/2026;19
NAO ALIMENTO;38182;PTO FUNDO FORFEST 12CM C 10 RSA NEON;12;ATIVO;1;0;0;0;22/04/2026;19
NAO ALIMENTO;38182;PTO FUNDO FORFEST 12CM C 10 RSA NEON;13;ATIVO;1;0;0;0;22/04/2026;19
NAO ALIMENTO;38182;PTO FUNDO FORFEST 12CM C 10 RSA NEON;14;ATIVO;1;0;0;0;22/04/2026;19
NAO ALIMENTO;38182;PTO FUNDO FORFEST 12CM C 10 RSA NEON;15;ATIVO;1;0;0;0;22/04/2026;19
NAO ALIMENTO;38182;PTO FUNDO FORFEST 12CM C 10 RSA NEON;16;ATIVO;1;0;0;0;22/04/2026;19
NAO ALIMENTO;38182;PTO FUNDO FORFEST 12CM C 10 RSA NEON;17;ATIVO;1;0;0;0;22/04/2026;19
NAO ALIMENTO;38182;PTO FUNDO FORFEST 12CM C 10 RSA NEON;18;ATIVO;1;0;0;0;22/04/2026;19
NAO ALIMENTO;38182;PTO FUNDO FORFEST 12CM C 10 RSA NEON;50;ATIVO;1;0;0;0;22/04/2026;19
NAO ALIMENTO;38185;PTO FUNDO FORFEST 12CM C 10 RXO NEON;1;ATIVO;1;0;0;0;22/04/2026;19
NAO ALIMENTO;38185;PTO FUNDO FORFEST 12CM C 10 RXO NEON;2;ATIVO;1;0;0;0;22/04/2026;19
NAO ALIMENTO;38185;PTO FUNDO FORFEST 12CM C 10 RXO NEON;3;ATIVO;1;0;0;0;22/04/2026;19
NAO ALIMENTO;38185;PTO FUNDO FORFEST 12CM C 10 RXO NEON;4;ATIVO;1;0;0;0;22/04/2026;19
NAO ALIMENTO;38185;PTO FUNDO FORFEST 12CM C 10 RXO NEON;5;ATIVO;1;0;0;0;22/04/2026;19
NAO ALIMENTO;38185;PTO FUNDO FORFEST 12CM C 10 RXO NEON;6;ATIVO;1;0;0;0;22/04/2026;19
NAO ALIMENTO;38185;PTO FUNDO FORFEST 12CM C 10 RXO NEON;7;ATIVO;1;0;0;0;22/04/2026;19
NAO ALIMENTO;38185;PTO FUNDO FORFEST 12CM C 10 RXO NEON;8;ATIVO;1;0;0;0;22/04/2026;19
NAO ALIMENTO;38185;PTO FUNDO FORFEST 12CM C 10 RXO NEON;11;ATIVO;1;0;0;0;22/04/2026;19
NAO ALIMENTO;38185;PTO FUNDO FORFEST 12CM C 10 RXO NEON;12;ATIVO;1;0;0;0;22/04/2026;19
NAO ALIMENTO;38185;PTO FUNDO FORFEST 12CM C 10 RXO NEON;13;ATIVO;1;0;0;0;22/04/2026;19
NAO ALIMENTO;38185;PTO FUNDO FORFEST 12CM C 10 RXO NEON;14;ATIVO;1;0;0;0;22/04/2026;19
NAO ALIMENTO;38185;PTO FUNDO FORFEST 12CM C 10 RXO NEON;15;ATIVO;1;0;0;0;22/04/2026;19
NAO ALIMENTO;38185;PTO FUNDO FORFEST 12CM C 10 RXO NEON;16;ATIVO;1;0;0;0;22/04/2026;19
NAO ALIMENTO;38185;PTO FUNDO FORFEST 12CM C 10 RXO NEON;17;ATIVO;1;0;0;0;22/04/2026;19
NAO ALIMENTO;38185;PTO FUNDO FORFEST 12CM C 10 RXO NEON;18;ATIVO;1;0;0;0;22/04/2026;19
NAO ALIMENTO;38185;PTO FUNDO FORFEST 12CM C 10 RXO NEON;50;ATIVO;1;0;0;0;22/04/2026;19
NAO ALIMENTO;38208;PTO VD SOBREMESA DONNA VERDE 18CM;1;ATIVO;1;0;0;0;23/04/2026;18
NAO ALIMENTO;38208;PTO VD SOBREMESA DONNA VERDE 18CM;2;ATIVO;1;0;0;0;23/04/2026;18
NAO ALIMENTO;38208;PTO VD SOBREMESA DONNA VERDE 18CM;3;ATIVO;1;0;0;0;23/04/2026;18
NAO ALIMENTO;38208;PTO VD SOBREMESA DONNA VERDE 18CM;4;ATIVO;1;0;0;0;23/04/2026;18
NAO ALIMENTO;38208;PTO VD SOBREMESA DONNA VERDE 18CM;5;ATIVO;1;0;0;0;23/04/2026;18
NAO ALIMENTO;38208;PTO VD SOBREMESA DONNA VERDE 18CM;6;ATIVO;1;0;0;0;23/04/2026;18
NAO ALIMENTO;38208;PTO VD SOBREMESA DONNA VERDE 18CM;7;ATIVO;1;0;0;0;23/04/2026;18
NAO ALIMENTO;38208;PTO VD SOBREMESA DONNA VERDE 18CM;8;ATIVO;1;0;0;0;23/04/2026;18
NAO ALIMENTO;38208;PTO VD SOBREMESA DONNA VERDE 18CM;11;ATIVO;1;0;0;0;23/04/2026;18
NAO ALIMENTO;38208;PTO VD SOBREMESA DONNA VERDE 18CM;12;ATIVO;1;0;0;0;23/04/2026;18
NAO ALIMENTO;38208;PTO VD SOBREMESA DONNA VERDE 18CM;13;ATIVO;1;0;0;0;23/04/2026;18
NAO ALIMENTO;38208;PTO VD SOBREMESA DONNA VERDE 18CM;14;ATIVO;1;0;0;0;23/04/2026;18
NAO ALIMENTO;38208;PTO VD SOBREMESA DONNA VERDE 18CM;15;ATIVO;1;0;0;0;23/04/2026;18
NAO ALIMENTO;38208;PTO VD SOBREMESA DONNA VERDE 18CM;16;ATIVO;1;0;0;0;23/04/2026;18
NAO ALIMENTO;38208;PTO VD SOBREMESA DONNA VERDE 18CM;17;ATIVO;1;0;0;0;23/04/2026;18
NAO ALIMENTO;38208;PTO VD SOBREMESA DONNA VERDE 18CM;18;ATIVO;1;-3;0;0;23/04/2026;18
NAO ALIMENTO;38208;PTO VD SOBREMESA DONNA VERDE 18CM;50;ATIVO;1;0;0;0;23/04/2026;18
NAO ALIMENTO;38235;RALADOR 4 FACES 18CM PTO CM36;1;ATIVO;36;0;0;0;25/04/2026;16
NAO ALIMENTO;38235;RALADOR 4 FACES 18CM PTO CM36;2;ATIVO;36;0;0;0;25/04/2026;16
NAO ALIMENTO;38235;RALADOR 4 FACES 18CM PTO CM36;3;ATIVO;36;0;0;0;25/04/2026;16
NAO ALIMENTO;38235;RALADOR 4 FACES 18CM PTO CM36;4;ATIVO;36;0;0;0;25/04/2026;16
NAO ALIMENTO;38235;RALADOR 4 FACES 18CM PTO CM36;5;ATIVO;36;0;0;0;25/04/2026;16
NAO ALIMENTO;38235;RALADOR 4 FACES 18CM PTO CM36;6;ATIVO;36;0;0;0;25/04/2026;16
NAO ALIMENTO;38235;RALADOR 4 FACES 18CM PTO CM36;7;ATIVO;36;0;0;0;25/04/2026;16
NAO ALIMENTO;38235;RALADOR 4 FACES 18CM PTO CM36;8;ATIVO;36;0;0;0;25/04/2026;16
NAO ALIMENTO;38235;RALADOR 4 FACES 18CM PTO CM36;11;ATIVO;36;0;0;0;25/04/2026;16
NAO ALIMENTO;38235;RALADOR 4 FACES 18CM PTO CM36;12;ATIVO;36;0;0;0;25/04/2026;16
NAO ALIMENTO;38235;RALADOR 4 FACES 18CM PTO CM36;13;ATIVO;36;0;0;0;25/04/2026;16
NAO ALIMENTO;38235;RALADOR 4 FACES 18CM PTO CM36;14;ATIVO;36;0;0;0;25/04/2026;16
NAO ALIMENTO;38235;RALADOR 4 FACES 18CM PTO CM36;15;ATIVO;36;0;0;0;25/04/2026;16
NAO ALIMENTO;38235;RALADOR 4 FACES 18CM PTO CM36;16;ATIVO;36;0;0;0;25/04/2026;16
NAO ALIMENTO;38235;RALADOR 4 FACES 18CM PTO CM36;17;ATIVO;36;0;0;0;25/04/2026;16
NAO ALIMENTO;38235;RALADOR 4 FACES 18CM PTO CM36;18;ATIVO;36;0;0;0;25/04/2026;16
NAO ALIMENTO;38235;RALADOR 4 FACES 18CM PTO CM36;50;ATIVO;36;0;288;0;25/04/2026;16
NAO ALIMENTO;38221;RALADOR 4 FACES VERMELHO 23CM;1;ATIVO;1;0;0;0;24/04/2026;17
NAO ALIMENTO;38221;RALADOR 4 FACES VERMELHO 23CM;2;ATIVO;1;0;0;0;24/04/2026;17
NAO ALIMENTO;38221;RALADOR 4 FACES VERMELHO 23CM;3;ATIVO;1;0;0;0;24/04/2026;17
NAO ALIMENTO;38221;RALADOR 4 FACES VERMELHO 23CM;4;ATIVO;1;0;0;0;24/04/2026;17
NAO ALIMENTO;38221;RALADOR 4 FACES VERMELHO 23CM;5;ATIVO;1;0;0;0;24/04/2026;17
NAO ALIMENTO;38221;RALADOR 4 FACES VERMELHO 23CM;6;ATIVO;1;0;0;0;24/04/2026;17
NAO ALIMENTO;38221;RALADOR 4 FACES VERMELHO 23CM;7;ATIVO;1;0;0;0;24/04/2026;17
NAO ALIMENTO;38221;RALADOR 4 FACES VERMELHO 23CM;8;ATIVO;1;0;0;0;24/04/2026;17
NAO ALIMENTO;38221;RALADOR 4 FACES VERMELHO 23CM;11;ATIVO;1;0;0;0;24/04/2026;17
NAO ALIMENTO;38221;RALADOR 4 FACES VERMELHO 23CM;12;ATIVO;1;0;0;0;24/04/2026;17
NAO ALIMENTO;38221;RALADOR 4 FACES VERMELHO 23CM;13;ATIVO;1;0;0;0;24/04/2026;17
NAO ALIMENTO;38221;RALADOR 4 FACES VERMELHO 23CM;14;ATIVO;1;0;0;0;24/04/2026;17
NAO ALIMENTO;38221;RALADOR 4 FACES VERMELHO 23CM;15;ATIVO;1;0;0;0;24/04/2026;17
NAO ALIMENTO;38221;RALADOR 4 FACES VERMELHO 23CM;16;ATIVO;1;0;0;0;24/04/2026;17
NAO ALIMENTO;38221;RALADOR 4 FACES VERMELHO 23CM;17;ATIVO;1;0;0;0;24/04/2026;17
NAO ALIMENTO;38221;RALADOR 4 FACES VERMELHO 23CM;18;ATIVO;1;0;0;0;24/04/2026;17
NAO ALIMENTO;38221;RALADOR 4 FACES VERMELHO 23CM;50;ATIVO;1;0;216;0;24/04/2026;17
NAO ALIMENTO;38237;RALADOR 6 FACES 25CM VRM;1;ATIVO;36;0;0;0;25/04/2026;16
NAO ALIMENTO;38237;RALADOR 6 FACES 25CM VRM;2;ATIVO;36;0;0;0;25/04/2026;16
NAO ALIMENTO;38237;RALADOR 6 FACES 25CM VRM;3;ATIVO;36;0;0;0;25/04/2026;16
NAO ALIMENTO;38237;RALADOR 6 FACES 25CM VRM;4;ATIVO;36;0;0;0;25/04/2026;16
NAO ALIMENTO;38237;RALADOR 6 FACES 25CM VRM;5;ATIVO;36;0;0;0;25/04/2026;16
NAO ALIMENTO;38237;RALADOR 6 FACES 25CM VRM;6;ATIVO;36;0;0;0;25/04/2026;16
NAO ALIMENTO;38237;RALADOR 6 FACES 25CM VRM;7;ATIVO;36;0;0;0;25/04/2026;16
NAO ALIMENTO;38237;RALADOR 6 FACES 25CM VRM;8;ATIVO;36;0;0;0;25/04/2026;16
NAO ALIMENTO;38237;RALADOR 6 FACES 25CM VRM;11;ATIVO;36;0;0;0;25/04/2026;16
NAO ALIMENTO;38237;RALADOR 6 FACES 25CM VRM;12;ATIVO;36;0;0;0;25/04/2026;16
NAO ALIMENTO;38237;RALADOR 6 FACES 25CM VRM;13;ATIVO;36;0;0;0;25/04/2026;16
NAO ALIMENTO;38237;RALADOR 6 FACES 25CM VRM;14;ATIVO;36;0;0;0;25/04/2026;16
NAO ALIMENTO;38237;RALADOR 6 FACES 25CM VRM;15;ATIVO;36;0;0;0;25/04/2026;16
NAO ALIMENTO;38237;RALADOR 6 FACES 25CM VRM;16;ATIVO;36;0;0;0;25/04/2026;16
NAO ALIMENTO;38237;RALADOR 6 FACES 25CM VRM;17;ATIVO;36;0;0;0;25/04/2026;16
NAO ALIMENTO;38237;RALADOR 6 FACES 25CM VRM;18;ATIVO;36;0;0;0;25/04/2026;16
NAO ALIMENTO;38237;RALADOR 6 FACES 25CM VRM;50;ATIVO;36;0;144;0;25/04/2026;16
NAO ALIMENTO;38088;REGUA NORMOGRAFO 20CM;1;ATIVO;1;0;0;0;14/04/2026;27
NAO ALIMENTO;38088;REGUA NORMOGRAFO 20CM;2;ATIVO;1;0;0;0;14/04/2026;27
NAO ALIMENTO;38088;REGUA NORMOGRAFO 20CM;3;ATIVO;1;0;0;0;14/04/2026;27
NAO ALIMENTO;38088;REGUA NORMOGRAFO 20CM;4;ATIVO;1;0;0;0;14/04/2026;27
NAO ALIMENTO;38088;REGUA NORMOGRAFO 20CM;5;ATIVO;1;0;0;0;14/04/2026;27
NAO ALIMENTO;38088;REGUA NORMOGRAFO 20CM;6;ATIVO;1;0;0;0;14/04/2026;27
NAO ALIMENTO;38088;REGUA NORMOGRAFO 20CM;7;ATIVO;1;0;0;0;14/04/2026;27
NAO ALIMENTO;38088;REGUA NORMOGRAFO 20CM;8;ATIVO;1;0;0;0;14/04/2026;27
NAO ALIMENTO;38088;REGUA NORMOGRAFO 20CM;11;ATIVO;1;0;0;0;14/04/2026;27
NAO ALIMENTO;38088;REGUA NORMOGRAFO 20CM;12;ATIVO;1;0;0;0;14/04/2026;27
NAO ALIMENTO;38088;REGUA NORMOGRAFO 20CM;13;ATIVO;1;0;0;0;14/04/2026;27
NAO ALIMENTO;38088;REGUA NORMOGRAFO 20CM;14;ATIVO;1;0;0;0;14/04/2026;27
NAO ALIMENTO;38088;REGUA NORMOGRAFO 20CM;15;ATIVO;1;0;0;0;14/04/2026;27
NAO ALIMENTO;38088;REGUA NORMOGRAFO 20CM;16;ATIVO;1;0;0;0;14/04/2026;27
NAO ALIMENTO;38088;REGUA NORMOGRAFO 20CM;17;ATIVO;1;0;0;0;14/04/2026;27
NAO ALIMENTO;38088;REGUA NORMOGRAFO 20CM;18;ATIVO;1;0;0;0;14/04/2026;27
NAO ALIMENTO;38088;REGUA NORMOGRAFO 20CM;50;ATIVO;1;0;0;0;14/04/2026;27
NAO ALIMENTO;38210;ROUPA P PET BRASIL TAM M;1;ATIVO;1;0;0;0;23/04/2026;18
NAO ALIMENTO;38210;ROUPA P PET BRASIL TAM M;2;ATIVO;1;0;0;0;23/04/2026;18
NAO ALIMENTO;38210;ROUPA P PET BRASIL TAM M;3;ATIVO;1;0;0;0;23/04/2026;18
NAO ALIMENTO;38210;ROUPA P PET BRASIL TAM M;4;ATIVO;1;0;0;0;23/04/2026;18
NAO ALIMENTO;38210;ROUPA P PET BRASIL TAM M;5;ATIVO;1;0;0;0;23/04/2026;18
NAO ALIMENTO;38210;ROUPA P PET BRASIL TAM M;6;ATIVO;1;0;0;0;23/04/2026;18
NAO ALIMENTO;38210;ROUPA P PET BRASIL TAM M;7;ATIVO;1;0;0;0;23/04/2026;18
NAO ALIMENTO;38210;ROUPA P PET BRASIL TAM M;8;ATIVO;1;0;0;0;23/04/2026;18
NAO ALIMENTO;38210;ROUPA P PET BRASIL TAM M;11;ATIVO;1;0;0;0;23/04/2026;18
NAO ALIMENTO;38210;ROUPA P PET BRASIL TAM M;12;ATIVO;1;0;0;0;23/04/2026;18
NAO ALIMENTO;38210;ROUPA P PET BRASIL TAM M;13;ATIVO;1;0;0;0;23/04/2026;18
NAO ALIMENTO;38210;ROUPA P PET BRASIL TAM M;14;ATIVO;1;0;0;0;23/04/2026;18
NAO ALIMENTO;38210;ROUPA P PET BRASIL TAM M;15;ATIVO;1;0;0;0;23/04/2026;18
NAO ALIMENTO;38210;ROUPA P PET BRASIL TAM M;16;ATIVO;1;0;0;0;23/04/2026;18
NAO ALIMENTO;38210;ROUPA P PET BRASIL TAM M;17;ATIVO;1;0;0;0;23/04/2026;18
NAO ALIMENTO;38210;ROUPA P PET BRASIL TAM M;18;ATIVO;1;0;0;0;23/04/2026;18
NAO ALIMENTO;38210;ROUPA P PET BRASIL TAM M;50;ATIVO;1;0;0;0;23/04/2026;18
NAO ALIMENTO;38176;ROUPA PET TORCEDOR COLORADO TAM P;1;ATIVO;1;0;0;0;20/04/2026;21
NAO ALIMENTO;38176;ROUPA PET TORCEDOR COLORADO TAM P;2;ATIVO;1;0;0;0;20/04/2026;21
NAO ALIMENTO;38176;ROUPA PET TORCEDOR COLORADO TAM P;3;ATIVO;1;0;0;0;20/04/2026;21
NAO ALIMENTO;38176;ROUPA PET TORCEDOR COLORADO TAM P;4;ATIVO;1;0;0;0;20/04/2026;21
NAO ALIMENTO;38176;ROUPA PET TORCEDOR COLORADO TAM P;5;ATIVO;1;0;0;0;20/04/2026;21
NAO ALIMENTO;38176;ROUPA PET TORCEDOR COLORADO TAM P;6;ATIVO;1;0;0;0;20/04/2026;21
NAO ALIMENTO;38176;ROUPA PET TORCEDOR COLORADO TAM P;7;ATIVO;1;0;0;0;20/04/2026;21
NAO ALIMENTO;38176;ROUPA PET TORCEDOR COLORADO TAM P;8;ATIVO;1;0;0;0;20/04/2026;21
NAO ALIMENTO;38176;ROUPA PET TORCEDOR COLORADO TAM P;11;ATIVO;1;-1;0;0;20/04/2026;21
NAO ALIMENTO;38176;ROUPA PET TORCEDOR COLORADO TAM P;12;ATIVO;1;0;0;0;20/04/2026;21
NAO ALIMENTO;38176;ROUPA PET TORCEDOR COLORADO TAM P;13;ATIVO;1;0;0;0;20/04/2026;21
NAO ALIMENTO;38176;ROUPA PET TORCEDOR COLORADO TAM P;14;ATIVO;1;0;0;0;20/04/2026;21
NAO ALIMENTO;38176;ROUPA PET TORCEDOR COLORADO TAM P;15;ATIVO;1;0;0;0;20/04/2026;21
NAO ALIMENTO;38176;ROUPA PET TORCEDOR COLORADO TAM P;16;ATIVO;1;0;0;0;20/04/2026;21
NAO ALIMENTO;38176;ROUPA PET TORCEDOR COLORADO TAM P;17;ATIVO;1;0;0;0;20/04/2026;21
NAO ALIMENTO;38176;ROUPA PET TORCEDOR COLORADO TAM P;18;ATIVO;1;0;0;0;20/04/2026;21
NAO ALIMENTO;38176;ROUPA PET TORCEDOR COLORADO TAM P;50;ATIVO;1;0;0;0;20/04/2026;21
NAO ALIMENTO;38385;SABONETEIRA CLASSIC FOSCO A1;1;ATIVO;1;0;0;0;08/05/2026;3
NAO ALIMENTO;38385;SABONETEIRA CLASSIC FOSCO A1;2;ATIVO;1;0;0;0;08/05/2026;3
NAO ALIMENTO;38385;SABONETEIRA CLASSIC FOSCO A1;3;ATIVO;1;0;0;0;08/05/2026;3
NAO ALIMENTO;38385;SABONETEIRA CLASSIC FOSCO A1;4;ATIVO;1;0;0;0;08/05/2026;3
NAO ALIMENTO;38385;SABONETEIRA CLASSIC FOSCO A1;5;ATIVO;1;0;0;0;08/05/2026;3
NAO ALIMENTO;38385;SABONETEIRA CLASSIC FOSCO A1;6;ATIVO;1;0;0;0;08/05/2026;3
NAO ALIMENTO;38385;SABONETEIRA CLASSIC FOSCO A1;7;ATIVO;1;0;0;0;08/05/2026;3
NAO ALIMENTO;38385;SABONETEIRA CLASSIC FOSCO A1;8;ATIVO;1;0;0;0;08/05/2026;3
NAO ALIMENTO;38385;SABONETEIRA CLASSIC FOSCO A1;11;ATIVO;1;0;0;0;08/05/2026;3
NAO ALIMENTO;38385;SABONETEIRA CLASSIC FOSCO A1;12;ATIVO;1;0;0;0;08/05/2026;3
NAO ALIMENTO;38385;SABONETEIRA CLASSIC FOSCO A1;13;ATIVO;1;0;0;0;08/05/2026;3
NAO ALIMENTO;38385;SABONETEIRA CLASSIC FOSCO A1;14;ATIVO;1;0;0;0;08/05/2026;3
NAO ALIMENTO;38385;SABONETEIRA CLASSIC FOSCO A1;15;ATIVO;1;0;0;0;08/05/2026;3
NAO ALIMENTO;38385;SABONETEIRA CLASSIC FOSCO A1;16;ATIVO;1;0;0;0;08/05/2026;3
NAO ALIMENTO;38385;SABONETEIRA CLASSIC FOSCO A1;17;ATIVO;1;0;0;0;08/05/2026;3
NAO ALIMENTO;38385;SABONETEIRA CLASSIC FOSCO A1;18;ATIVO;1;0;0;0;08/05/2026;3
NAO ALIMENTO;38385;SABONETEIRA CLASSIC FOSCO A1;50;ATIVO;1;0;0;0;08/05/2026;3
NAO ALIMENTO;38177;SABONETEIRA ERCAPLAST AVULSA C TELA;1;ATIVO;1;0;0;0;20/04/2026;21
NAO ALIMENTO;38177;SABONETEIRA ERCAPLAST AVULSA C TELA;2;ATIVO;1;0;0;0;20/04/2026;21
NAO ALIMENTO;38177;SABONETEIRA ERCAPLAST AVULSA C TELA;3;ATIVO;1;0;0;0;20/04/2026;21
NAO ALIMENTO;38177;SABONETEIRA ERCAPLAST AVULSA C TELA;4;ATIVO;1;0;0;0;20/04/2026;21
NAO ALIMENTO;38177;SABONETEIRA ERCAPLAST AVULSA C TELA;5;ATIVO;1;0;0;0;20/04/2026;21
NAO ALIMENTO;38177;SABONETEIRA ERCAPLAST AVULSA C TELA;6;ATIVO;1;0;0;0;20/04/2026;21
NAO ALIMENTO;38177;SABONETEIRA ERCAPLAST AVULSA C TELA;7;ATIVO;1;0;0;0;20/04/2026;21
NAO ALIMENTO;38177;SABONETEIRA ERCAPLAST AVULSA C TELA;8;ATIVO;1;0;0;0;20/04/2026;21
NAO ALIMENTO;38177;SABONETEIRA ERCAPLAST AVULSA C TELA;11;ATIVO;1;0;0;0;20/04/2026;21
NAO ALIMENTO;38177;SABONETEIRA ERCAPLAST AVULSA C TELA;12;ATIVO;1;0;0;0;20/04/2026;21
NAO ALIMENTO;38177;SABONETEIRA ERCAPLAST AVULSA C TELA;13;ATIVO;1;0;0;0;20/04/2026;21
NAO ALIMENTO;38177;SABONETEIRA ERCAPLAST AVULSA C TELA;14;ATIVO;1;0;0;0;20/04/2026;21
NAO ALIMENTO;38177;SABONETEIRA ERCAPLAST AVULSA C TELA;15;ATIVO;1;0;0;0;20/04/2026;21
NAO ALIMENTO;38177;SABONETEIRA ERCAPLAST AVULSA C TELA;16;ATIVO;1;0;0;0;20/04/2026;21
NAO ALIMENTO;38177;SABONETEIRA ERCAPLAST AVULSA C TELA;17;ATIVO;1;0;0;0;20/04/2026;21
NAO ALIMENTO;38177;SABONETEIRA ERCAPLAST AVULSA C TELA;18;ATIVO;1;0;0;0;20/04/2026;21
NAO ALIMENTO;38177;SABONETEIRA ERCAPLAST AVULSA C TELA;50;ATIVO;1;0;0;0;20/04/2026;21
NAO ALIMENTO;38408;SACA ROLHAS INOX PLUS 15CM;1;ATIVO;1;0;0;0;11/05/2026;0
NAO ALIMENTO;38408;SACA ROLHAS INOX PLUS 15CM;2;ATIVO;1;0;0;0;11/05/2026;0
NAO ALIMENTO;38408;SACA ROLHAS INOX PLUS 15CM;3;ATIVO;1;0;0;0;11/05/2026;0
NAO ALIMENTO;38408;SACA ROLHAS INOX PLUS 15CM;4;ATIVO;1;0;0;0;11/05/2026;0
NAO ALIMENTO;38408;SACA ROLHAS INOX PLUS 15CM;5;ATIVO;1;0;0;0;11/05/2026;0
NAO ALIMENTO;38408;SACA ROLHAS INOX PLUS 15CM;6;ATIVO;1;0;0;0;11/05/2026;0
NAO ALIMENTO;38408;SACA ROLHAS INOX PLUS 15CM;7;ATIVO;1;0;0;0;11/05/2026;0
NAO ALIMENTO;38408;SACA ROLHAS INOX PLUS 15CM;8;ATIVO;1;0;0;0;11/05/2026;0
NAO ALIMENTO;38408;SACA ROLHAS INOX PLUS 15CM;11;ATIVO;1;0;0;0;11/05/2026;0
NAO ALIMENTO;38408;SACA ROLHAS INOX PLUS 15CM;12;ATIVO;1;0;0;0;11/05/2026;0
NAO ALIMENTO;38408;SACA ROLHAS INOX PLUS 15CM;13;ATIVO;1;0;0;0;11/05/2026;0
NAO ALIMENTO;38408;SACA ROLHAS INOX PLUS 15CM;14;ATIVO;1;0;0;0;11/05/2026;0
NAO ALIMENTO;38408;SACA ROLHAS INOX PLUS 15CM;15;ATIVO;1;0;0;0;11/05/2026;0
NAO ALIMENTO;38408;SACA ROLHAS INOX PLUS 15CM;16;ATIVO;1;0;0;0;11/05/2026;0
NAO ALIMENTO;38408;SACA ROLHAS INOX PLUS 15CM;17;ATIVO;1;0;0;0;11/05/2026;0
NAO ALIMENTO;38408;SACA ROLHAS INOX PLUS 15CM;18;ATIVO;1;0;0;0;11/05/2026;0
NAO ALIMENTO;38408;SACA ROLHAS INOX PLUS 15CM;50;ATIVO;1;0;0;0;11/05/2026;0
NAO ALIMENTO;38335;SAND HAVAIANAS SLIM NAUT MAR 33 34;1;ATIVO;1;0;0;0;04/05/2026;7
NAO ALIMENTO;38335;SAND HAVAIANAS SLIM NAUT MAR 33 34;2;ATIVO;1;0;0;0;04/05/2026;7
NAO ALIMENTO;38335;SAND HAVAIANAS SLIM NAUT MAR 33 34;3;ATIVO;1;0;0;0;04/05/2026;7
NAO ALIMENTO;38335;SAND HAVAIANAS SLIM NAUT MAR 33 34;4;ATIVO;1;0;0;0;04/05/2026;7
NAO ALIMENTO;38335;SAND HAVAIANAS SLIM NAUT MAR 33 34;5;ATIVO;1;0;0;0;04/05/2026;7
NAO ALIMENTO;38335;SAND HAVAIANAS SLIM NAUT MAR 33 34;6;ATIVO;1;0;0;0;04/05/2026;7
NAO ALIMENTO;38335;SAND HAVAIANAS SLIM NAUT MAR 33 34;7;ATIVO;1;0;0;0;04/05/2026;7
NAO ALIMENTO;38335;SAND HAVAIANAS SLIM NAUT MAR 33 34;8;ATIVO;1;0;0;0;04/05/2026;7
NAO ALIMENTO;38335;SAND HAVAIANAS SLIM NAUT MAR 33 34;11;ATIVO;1;0;0;0;04/05/2026;7
NAO ALIMENTO;38335;SAND HAVAIANAS SLIM NAUT MAR 33 34;12;ATIVO;1;0;0;0;04/05/2026;7
NAO ALIMENTO;38335;SAND HAVAIANAS SLIM NAUT MAR 33 34;13;ATIVO;1;0;0;0;04/05/2026;7
NAO ALIMENTO;38335;SAND HAVAIANAS SLIM NAUT MAR 33 34;14;ATIVO;1;0;0;0;04/05/2026;7
NAO ALIMENTO;38335;SAND HAVAIANAS SLIM NAUT MAR 33 34;15;ATIVO;1;0;0;0;04/05/2026;7
NAO ALIMENTO;38335;SAND HAVAIANAS SLIM NAUT MAR 33 34;16;ATIVO;1;0;0;0;04/05/2026;7
NAO ALIMENTO;38335;SAND HAVAIANAS SLIM NAUT MAR 33 34;17;ATIVO;1;0;0;0;04/05/2026;7
NAO ALIMENTO;38335;SAND HAVAIANAS SLIM NAUT MAR 33 34;18;ATIVO;1;0;0;0;04/05/2026;7
NAO ALIMENTO;38335;SAND HAVAIANAS SLIM NAUT MAR 33 34;50;ATIVO;1;0;0;0;04/05/2026;7
NAO ALIMENTO;38044;TACA GLASSRAL FORMATURA 300ML;1;ATIVO;1;0;0;0;11/04/2026;30
NAO ALIMENTO;38044;TACA GLASSRAL FORMATURA 300ML;2;ATIVO;1;0;0;0;11/04/2026;30
NAO ALIMENTO;38044;TACA GLASSRAL FORMATURA 300ML;3;ATIVO;1;0;0;0;11/04/2026;30
NAO ALIMENTO;38044;TACA GLASSRAL FORMATURA 300ML;4;ATIVO;1;0;0;0;11/04/2026;30
NAO ALIMENTO;38044;TACA GLASSRAL FORMATURA 300ML;5;ATIVO;1;0;0;0;11/04/2026;30
NAO ALIMENTO;38044;TACA GLASSRAL FORMATURA 300ML;6;ATIVO;1;0;0;0;11/04/2026;30
NAO ALIMENTO;38044;TACA GLASSRAL FORMATURA 300ML;7;ATIVO;1;0;0;0;11/04/2026;30
NAO ALIMENTO;38044;TACA GLASSRAL FORMATURA 300ML;8;ATIVO;1;0;0;0;11/04/2026;30
NAO ALIMENTO;38044;TACA GLASSRAL FORMATURA 300ML;11;ATIVO;1;0;0;0;11/04/2026;30
NAO ALIMENTO;38044;TACA GLASSRAL FORMATURA 300ML;12;ATIVO;1;0;0;0;11/04/2026;30
NAO ALIMENTO;38044;TACA GLASSRAL FORMATURA 300ML;13;ATIVO;1;0;0;0;11/04/2026;30
NAO ALIMENTO;38044;TACA GLASSRAL FORMATURA 300ML;14;ATIVO;1;0;0;0;11/04/2026;30
NAO ALIMENTO;38044;TACA GLASSRAL FORMATURA 300ML;15;ATIVO;1;0;0;0;11/04/2026;30
NAO ALIMENTO;38044;TACA GLASSRAL FORMATURA 300ML;16;ATIVO;1;0;0;0;11/04/2026;30
NAO ALIMENTO;38044;TACA GLASSRAL FORMATURA 300ML;17;ATIVO;1;0;0;0;11/04/2026;30
NAO ALIMENTO;38044;TACA GLASSRAL FORMATURA 300ML;18;ATIVO;1;0;0;0;11/04/2026;30
NAO ALIMENTO;38044;TACA GLASSRAL FORMATURA 300ML;50;ATIVO;1;0;0;0;11/04/2026;30
NAO ALIMENTO;38380;TIGELA BOWL DUO 360 COPA 380ML;1;ATIVO;1;0;0;0;08/05/2026;3
NAO ALIMENTO;38380;TIGELA BOWL DUO 360 COPA 380ML;2;ATIVO;1;0;0;0;08/05/2026;3
NAO ALIMENTO;38380;TIGELA BOWL DUO 360 COPA 380ML;3;ATIVO;1;0;0;0;08/05/2026;3
NAO ALIMENTO;38380;TIGELA BOWL DUO 360 COPA 380ML;4;ATIVO;1;0;0;0;08/05/2026;3
NAO ALIMENTO;38380;TIGELA BOWL DUO 360 COPA 380ML;5;ATIVO;1;0;0;0;08/05/2026;3
NAO ALIMENTO;38380;TIGELA BOWL DUO 360 COPA 380ML;6;ATIVO;1;0;0;0;08/05/2026;3
NAO ALIMENTO;38380;TIGELA BOWL DUO 360 COPA 380ML;7;ATIVO;1;0;0;0;08/05/2026;3
NAO ALIMENTO;38380;TIGELA BOWL DUO 360 COPA 380ML;8;ATIVO;1;0;0;0;08/05/2026;3
NAO ALIMENTO;38380;TIGELA BOWL DUO 360 COPA 380ML;11;ATIVO;1;0;0;0;08/05/2026;3
NAO ALIMENTO;38380;TIGELA BOWL DUO 360 COPA 380ML;12;ATIVO;1;0;0;0;08/05/2026;3
NAO ALIMENTO;38380;TIGELA BOWL DUO 360 COPA 380ML;13;ATIVO;1;0;0;0;08/05/2026;3
NAO ALIMENTO;38380;TIGELA BOWL DUO 360 COPA 380ML;14;ATIVO;1;0;0;0;08/05/2026;3
NAO ALIMENTO;38380;TIGELA BOWL DUO 360 COPA 380ML;15;ATIVO;1;0;0;0;08/05/2026;3
NAO ALIMENTO;38380;TIGELA BOWL DUO 360 COPA 380ML;16;ATIVO;1;0;0;0;08/05/2026;3
NAO ALIMENTO;38380;TIGELA BOWL DUO 360 COPA 380ML;17;ATIVO;1;0;0;0;08/05/2026;3
NAO ALIMENTO;38380;TIGELA BOWL DUO 360 COPA 380ML;18;ATIVO;1;0;0;0;08/05/2026;3
NAO ALIMENTO;38380;TIGELA BOWL DUO 360 COPA 380ML;50;ATIVO;1;0;0;0;08/05/2026;3
NAO ALIMENTO;38349;TIGELA PLASUTIL DEC MENINO;1;ATIVO;1;0;0;0;06/05/2026;5
NAO ALIMENTO;38349;TIGELA PLASUTIL DEC MENINO;2;ATIVO;1;0;0;0;06/05/2026;5
NAO ALIMENTO;38349;TIGELA PLASUTIL DEC MENINO;3;ATIVO;1;0;0;0;06/05/2026;5
NAO ALIMENTO;38349;TIGELA PLASUTIL DEC MENINO;4;ATIVO;1;0;0;0;06/05/2026;5
NAO ALIMENTO;38349;TIGELA PLASUTIL DEC MENINO;5;ATIVO;1;0;0;0;06/05/2026;5
NAO ALIMENTO;38349;TIGELA PLASUTIL DEC MENINO;6;ATIVO;1;0;0;0;06/05/2026;5
NAO ALIMENTO;38349;TIGELA PLASUTIL DEC MENINO;7;ATIVO;1;0;0;0;06/05/2026;5
NAO ALIMENTO;38349;TIGELA PLASUTIL DEC MENINO;8;ATIVO;1;0;0;0;06/05/2026;5
NAO ALIMENTO;38349;TIGELA PLASUTIL DEC MENINO;11;ATIVO;1;0;0;0;06/05/2026;5
NAO ALIMENTO;38349;TIGELA PLASUTIL DEC MENINO;12;ATIVO;1;0;0;0;06/05/2026;5
NAO ALIMENTO;38349;TIGELA PLASUTIL DEC MENINO;13;ATIVO;1;0;0;0;06/05/2026;5
NAO ALIMENTO;38349;TIGELA PLASUTIL DEC MENINO;14;ATIVO;1;0;0;0;06/05/2026;5
NAO ALIMENTO;38349;TIGELA PLASUTIL DEC MENINO;15;ATIVO;1;0;0;0;06/05/2026;5
NAO ALIMENTO;38349;TIGELA PLASUTIL DEC MENINO;16;ATIVO;1;0;0;0;06/05/2026;5
NAO ALIMENTO;38349;TIGELA PLASUTIL DEC MENINO;17;ATIVO;1;0;0;0;06/05/2026;5
NAO ALIMENTO;38349;TIGELA PLASUTIL DEC MENINO;18;ATIVO;1;0;0;0;06/05/2026;5
NAO ALIMENTO;38349;TIGELA PLASUTIL DEC MENINO;50;ATIVO;1;0;0;0;06/05/2026;5
NAO ALIMENTO;38049;TOALHA PISO CAMESA 45X70 VERMELHO;1;ATIVO;1;0;0;0;13/04/2026;28
NAO ALIMENTO;38049;TOALHA PISO CAMESA 45X70 VERMELHO;2;ATIVO;1;0;0;0;13/04/2026;28
NAO ALIMENTO;38049;TOALHA PISO CAMESA 45X70 VERMELHO;3;ATIVO;1;0;0;0;13/04/2026;28
NAO ALIMENTO;38049;TOALHA PISO CAMESA 45X70 VERMELHO;4;ATIVO;1;0;0;0;13/04/2026;28
NAO ALIMENTO;38049;TOALHA PISO CAMESA 45X70 VERMELHO;5;ATIVO;1;0;0;0;13/04/2026;28
NAO ALIMENTO;38049;TOALHA PISO CAMESA 45X70 VERMELHO;6;ATIVO;1;0;0;0;13/04/2026;28
NAO ALIMENTO;38049;TOALHA PISO CAMESA 45X70 VERMELHO;7;ATIVO;1;0;0;0;13/04/2026;28
NAO ALIMENTO;38049;TOALHA PISO CAMESA 45X70 VERMELHO;8;ATIVO;1;0;0;0;13/04/2026;28
NAO ALIMENTO;38049;TOALHA PISO CAMESA 45X70 VERMELHO;11;ATIVO;1;0;0;0;13/04/2026;28
NAO ALIMENTO;38049;TOALHA PISO CAMESA 45X70 VERMELHO;12;ATIVO;1;0;0;0;13/04/2026;28
NAO ALIMENTO;38049;TOALHA PISO CAMESA 45X70 VERMELHO;13;ATIVO;1;0;0;0;13/04/2026;28
NAO ALIMENTO;38049;TOALHA PISO CAMESA 45X70 VERMELHO;14;ATIVO;1;0;0;0;13/04/2026;28
NAO ALIMENTO;38049;TOALHA PISO CAMESA 45X70 VERMELHO;15;ATIVO;1;0;0;0;13/04/2026;28
NAO ALIMENTO;38049;TOALHA PISO CAMESA 45X70 VERMELHO;16;ATIVO;1;0;0;0;13/04/2026;28
NAO ALIMENTO;38049;TOALHA PISO CAMESA 45X70 VERMELHO;17;ATIVO;1;0;0;0;13/04/2026;28
NAO ALIMENTO;38049;TOALHA PISO CAMESA 45X70 VERMELHO;18;ATIVO;1;0;0;0;13/04/2026;28
NAO ALIMENTO;38049;TOALHA PISO CAMESA 45X70 VERMELHO;50;ATIVO;1;0;0;0;13/04/2026;28
NAO ALIMENTO;38050;TOALHA PISO CAMESA FRAME 50X70 MARR;1;ATIVO;1;0;0;0;13/04/2026;28
NAO ALIMENTO;38050;TOALHA PISO CAMESA FRAME 50X70 MARR;2;ATIVO;1;0;0;0;13/04/2026;28
NAO ALIMENTO;38050;TOALHA PISO CAMESA FRAME 50X70 MARR;3;ATIVO;1;0;0;0;13/04/2026;28
NAO ALIMENTO;38050;TOALHA PISO CAMESA FRAME 50X70 MARR;4;ATIVO;1;0;0;0;13/04/2026;28
NAO ALIMENTO;38050;TOALHA PISO CAMESA FRAME 50X70 MARR;5;ATIVO;1;0;0;0;13/04/2026;28
NAO ALIMENTO;38050;TOALHA PISO CAMESA FRAME 50X70 MARR;6;ATIVO;1;0;0;0;13/04/2026;28
NAO ALIMENTO;38050;TOALHA PISO CAMESA FRAME 50X70 MARR;7;ATIVO;1;0;0;0;13/04/2026;28
NAO ALIMENTO;38050;TOALHA PISO CAMESA FRAME 50X70 MARR;8;ATIVO;1;0;0;0;13/04/2026;28
NAO ALIMENTO;38050;TOALHA PISO CAMESA FRAME 50X70 MARR;11;ATIVO;1;0;0;0;13/04/2026;28
NAO ALIMENTO;38050;TOALHA PISO CAMESA FRAME 50X70 MARR;12;ATIVO;1;0;0;0;13/04/2026;28
NAO ALIMENTO;38050;TOALHA PISO CAMESA FRAME 50X70 MARR;13;ATIVO;1;0;0;0;13/04/2026;28
NAO ALIMENTO;38050;TOALHA PISO CAMESA FRAME 50X70 MARR;14;ATIVO;1;0;0;0;13/04/2026;28
NAO ALIMENTO;38050;TOALHA PISO CAMESA FRAME 50X70 MARR;15;ATIVO;1;0;0;0;13/04/2026;28
NAO ALIMENTO;38050;TOALHA PISO CAMESA FRAME 50X70 MARR;16;ATIVO;1;0;0;0;13/04/2026;28
NAO ALIMENTO;38050;TOALHA PISO CAMESA FRAME 50X70 MARR;17;ATIVO;1;0;0;0;13/04/2026;28
NAO ALIMENTO;38050;TOALHA PISO CAMESA FRAME 50X70 MARR;18;ATIVO;1;0;0;0;13/04/2026;28
NAO ALIMENTO;38050;TOALHA PISO CAMESA FRAME 50X70 MARR;50;ATIVO;1;0;0;0;13/04/2026;28
NAO ALIMENTO;38348;TORNEIRA P BEBEDOURO;1;ATIVO;1;0;0;0;06/05/2026;5
NAO ALIMENTO;38348;TORNEIRA P BEBEDOURO;2;ATIVO;1;0;0;0;06/05/2026;5
NAO ALIMENTO;38348;TORNEIRA P BEBEDOURO;3;ATIVO;1;0;0;0;06/05/2026;5
NAO ALIMENTO;38348;TORNEIRA P BEBEDOURO;4;ATIVO;1;0;0;0;06/05/2026;5
NAO ALIMENTO;38348;TORNEIRA P BEBEDOURO;5;ATIVO;1;0;0;0;06/05/2026;5
NAO ALIMENTO;38348;TORNEIRA P BEBEDOURO;6;ATIVO;1;0;0;0;06/05/2026;5
NAO ALIMENTO;38348;TORNEIRA P BEBEDOURO;7;ATIVO;1;0;0;0;06/05/2026;5
NAO ALIMENTO;38348;TORNEIRA P BEBEDOURO;8;ATIVO;1;0;0;0;06/05/2026;5
NAO ALIMENTO;38348;TORNEIRA P BEBEDOURO;11;ATIVO;1;0;0;0;06/05/2026;5
NAO ALIMENTO;38348;TORNEIRA P BEBEDOURO;12;ATIVO;1;0;0;0;06/05/2026;5
NAO ALIMENTO;38348;TORNEIRA P BEBEDOURO;13;ATIVO;1;0;0;0;06/05/2026;5
NAO ALIMENTO;38348;TORNEIRA P BEBEDOURO;14;ATIVO;1;0;0;0;06/05/2026;5
NAO ALIMENTO;38348;TORNEIRA P BEBEDOURO;15;ATIVO;1;0;0;0;06/05/2026;5
NAO ALIMENTO;38348;TORNEIRA P BEBEDOURO;16;ATIVO;1;0;0;0;06/05/2026;5
NAO ALIMENTO;38348;TORNEIRA P BEBEDOURO;17;ATIVO;1;0;0;0;06/05/2026;5
NAO ALIMENTO;38348;TORNEIRA P BEBEDOURO;18;ATIVO;1;0;0;0;06/05/2026;5
NAO ALIMENTO;38348;TORNEIRA P BEBEDOURO;50;ATIVO;1;0;0;0;06/05/2026;5
NAO ALIMENTO;38363;TOUCA MULER A50;1;ATIVO;1;0;0;0;07/05/2026;4
NAO ALIMENTO;38363;TOUCA MULER A50;2;ATIVO;1;0;0;0;07/05/2026;4
NAO ALIMENTO;38363;TOUCA MULER A50;3;ATIVO;1;0;0;0;07/05/2026;4
NAO ALIMENTO;38363;TOUCA MULER A50;4;ATIVO;1;0;0;0;07/05/2026;4
NAO ALIMENTO;38363;TOUCA MULER A50;5;ATIVO;1;0;0;0;07/05/2026;4
NAO ALIMENTO;38363;TOUCA MULER A50;6;ATIVO;1;0;0;0;07/05/2026;4
NAO ALIMENTO;38363;TOUCA MULER A50;7;ATIVO;1;0;0;0;07/05/2026;4
NAO ALIMENTO;38363;TOUCA MULER A50;8;ATIVO;1;0;0;0;07/05/2026;4
NAO ALIMENTO;38363;TOUCA MULER A50;11;ATIVO;1;0;0;0;07/05/2026;4
NAO ALIMENTO;38363;TOUCA MULER A50;12;ATIVO;1;0;0;0;07/05/2026;4
NAO ALIMENTO;38363;TOUCA MULER A50;13;ATIVO;1;0;0;0;07/05/2026;4
NAO ALIMENTO;38363;TOUCA MULER A50;14;ATIVO;1;0;0;0;07/05/2026;4
NAO ALIMENTO;38363;TOUCA MULER A50;15;ATIVO;1;0;0;0;07/05/2026;4
NAO ALIMENTO;38363;TOUCA MULER A50;16;ATIVO;1;0;0;0;07/05/2026;4
NAO ALIMENTO;38363;TOUCA MULER A50;17;ATIVO;1;0;0;0;07/05/2026;4
NAO ALIMENTO;38363;TOUCA MULER A50;18;ATIVO;1;0;0;0;07/05/2026;4
NAO ALIMENTO;38363;TOUCA MULER A50;50;ATIVO;1;0;0;0;07/05/2026;4
NAO ALIMENTO;38047;VELA ANIV BRINK FEST N 7 AZUL BIG;1;ATIVO;1;0;0;0;13/04/2026;28
NAO ALIMENTO;38047;VELA ANIV BRINK FEST N 7 AZUL BIG;2;ATIVO;1;0;0;0;13/04/2026;28
NAO ALIMENTO;38047;VELA ANIV BRINK FEST N 7 AZUL BIG;3;ATIVO;1;0;0;0;13/04/2026;28
NAO ALIMENTO;38047;VELA ANIV BRINK FEST N 7 AZUL BIG;4;ATIVO;1;0;0;0;13/04/2026;28
NAO ALIMENTO;38047;VELA ANIV BRINK FEST N 7 AZUL BIG;5;ATIVO;1;0;0;0;13/04/2026;28
NAO ALIMENTO;38047;VELA ANIV BRINK FEST N 7 AZUL BIG;6;ATIVO;1;0;0;0;13/04/2026;28
NAO ALIMENTO;38047;VELA ANIV BRINK FEST N 7 AZUL BIG;7;ATIVO;1;0;0;0;13/04/2026;28
NAO ALIMENTO;38047;VELA ANIV BRINK FEST N 7 AZUL BIG;8;ATIVO;1;0;0;0;13/04/2026;28
NAO ALIMENTO;38047;VELA ANIV BRINK FEST N 7 AZUL BIG;11;ATIVO;1;0;0;0;13/04/2026;28
NAO ALIMENTO;38047;VELA ANIV BRINK FEST N 7 AZUL BIG;12;ATIVO;1;0;0;0;13/04/2026;28
NAO ALIMENTO;38047;VELA ANIV BRINK FEST N 7 AZUL BIG;13;ATIVO;1;0;0;0;13/04/2026;28
NAO ALIMENTO;38047;VELA ANIV BRINK FEST N 7 AZUL BIG;14;ATIVO;1;0;0;0;13/04/2026;28
NAO ALIMENTO;38047;VELA ANIV BRINK FEST N 7 AZUL BIG;15;ATIVO;1;0;0;0;13/04/2026;28
NAO ALIMENTO;38047;VELA ANIV BRINK FEST N 7 AZUL BIG;16;ATIVO;1;0;0;0;13/04/2026;28
NAO ALIMENTO;38047;VELA ANIV BRINK FEST N 7 AZUL BIG;17;ATIVO;1;0;0;0;13/04/2026;28
NAO ALIMENTO;38047;VELA ANIV BRINK FEST N 7 AZUL BIG;18;ATIVO;1;0;0;0;13/04/2026;28
NAO ALIMENTO;38047;VELA ANIV BRINK FEST N 7 AZUL BIG;50;ATIVO;1;0;0;0;13/04/2026;28
NAO ALIMENTO;38070;VELA ANIV BRINK FEST N 7 BCA BIG;1;ATIVO;1;0;0;0;13/04/2026;28
NAO ALIMENTO;38070;VELA ANIV BRINK FEST N 7 BCA BIG;2;ATIVO;1;0;0;0;13/04/2026;28
NAO ALIMENTO;38070;VELA ANIV BRINK FEST N 7 BCA BIG;3;ATIVO;1;0;0;0;13/04/2026;28
NAO ALIMENTO;38070;VELA ANIV BRINK FEST N 7 BCA BIG;4;ATIVO;1;0;0;0;13/04/2026;28
NAO ALIMENTO;38070;VELA ANIV BRINK FEST N 7 BCA BIG;5;ATIVO;1;0;0;0;13/04/2026;28
NAO ALIMENTO;38070;VELA ANIV BRINK FEST N 7 BCA BIG;6;ATIVO;1;0;0;0;13/04/2026;28
NAO ALIMENTO;38070;VELA ANIV BRINK FEST N 7 BCA BIG;7;ATIVO;1;0;0;0;13/04/2026;28
NAO ALIMENTO;38070;VELA ANIV BRINK FEST N 7 BCA BIG;8;ATIVO;1;0;0;0;13/04/2026;28
NAO ALIMENTO;38070;VELA ANIV BRINK FEST N 7 BCA BIG;11;ATIVO;1;0;0;0;13/04/2026;28
NAO ALIMENTO;38070;VELA ANIV BRINK FEST N 7 BCA BIG;12;ATIVO;1;0;0;0;13/04/2026;28
NAO ALIMENTO;38070;VELA ANIV BRINK FEST N 7 BCA BIG;13;ATIVO;1;0;0;0;13/04/2026;28
NAO ALIMENTO;38070;VELA ANIV BRINK FEST N 7 BCA BIG;14;ATIVO;1;0;0;0;13/04/2026;28
NAO ALIMENTO;38070;VELA ANIV BRINK FEST N 7 BCA BIG;15;ATIVO;1;0;0;0;13/04/2026;28
NAO ALIMENTO;38070;VELA ANIV BRINK FEST N 7 BCA BIG;16;ATIVO;1;0;0;0;13/04/2026;28
NAO ALIMENTO;38070;VELA ANIV BRINK FEST N 7 BCA BIG;17;ATIVO;1;0;0;0;13/04/2026;28
NAO ALIMENTO;38070;VELA ANIV BRINK FEST N 7 BCA BIG;18;ATIVO;1;0;0;0;13/04/2026;28
NAO ALIMENTO;38070;VELA ANIV BRINK FEST N 7 BCA BIG;50;ATIVO;1;0;0;0;13/04/2026;28
NAO ALIMENTO;38328;VELA ANIV CONCEPT GLIT DOURADA N0;1;ATIVO;1;0;0;0;04/05/2026;7
NAO ALIMENTO;38328;VELA ANIV CONCEPT GLIT DOURADA N0;2;ATIVO;1;0;0;0;04/05/2026;7
NAO ALIMENTO;38328;VELA ANIV CONCEPT GLIT DOURADA N0;3;ATIVO;1;0;0;0;04/05/2026;7
NAO ALIMENTO;38328;VELA ANIV CONCEPT GLIT DOURADA N0;4;ATIVO;1;0;0;0;04/05/2026;7
NAO ALIMENTO;38328;VELA ANIV CONCEPT GLIT DOURADA N0;5;ATIVO;1;0;0;0;04/05/2026;7
NAO ALIMENTO;38328;VELA ANIV CONCEPT GLIT DOURADA N0;6;ATIVO;1;0;0;0;04/05/2026;7
NAO ALIMENTO;38328;VELA ANIV CONCEPT GLIT DOURADA N0;7;ATIVO;1;0;0;0;04/05/2026;7
NAO ALIMENTO;38328;VELA ANIV CONCEPT GLIT DOURADA N0;8;ATIVO;1;0;0;0;04/05/2026;7
NAO ALIMENTO;38328;VELA ANIV CONCEPT GLIT DOURADA N0;11;ATIVO;1;0;0;0;04/05/2026;7
NAO ALIMENTO;38328;VELA ANIV CONCEPT GLIT DOURADA N0;12;ATIVO;1;0;0;0;04/05/2026;7
NAO ALIMENTO;38328;VELA ANIV CONCEPT GLIT DOURADA N0;13;ATIVO;1;0;0;0;04/05/2026;7
NAO ALIMENTO;38328;VELA ANIV CONCEPT GLIT DOURADA N0;14;ATIVO;1;0;0;0;04/05/2026;7
NAO ALIMENTO;38328;VELA ANIV CONCEPT GLIT DOURADA N0;15;ATIVO;1;0;0;0;04/05/2026;7
NAO ALIMENTO;38328;VELA ANIV CONCEPT GLIT DOURADA N0;16;ATIVO;1;0;0;0;04/05/2026;7
NAO ALIMENTO;38328;VELA ANIV CONCEPT GLIT DOURADA N0;17;ATIVO;1;0;0;0;04/05/2026;7
NAO ALIMENTO;38328;VELA ANIV CONCEPT GLIT DOURADA N0;18;ATIVO;1;0;0;0;04/05/2026;7
NAO ALIMENTO;38328;VELA ANIV CONCEPT GLIT DOURADA N0;50;ATIVO;1;0;0;0;04/05/2026;7
NAO ALIMENTO;38329;VELA ANIV CONCEPT GLITTER DOURADA N;1;ATIVO;1;0;0;0;04/05/2026;7
NAO ALIMENTO;38329;VELA ANIV CONCEPT GLITTER DOURADA N;2;ATIVO;1;0;0;0;04/05/2026;7
NAO ALIMENTO;38329;VELA ANIV CONCEPT GLITTER DOURADA N;3;ATIVO;1;0;0;0;04/05/2026;7
NAO ALIMENTO;38329;VELA ANIV CONCEPT GLITTER DOURADA N;4;ATIVO;1;0;0;0;04/05/2026;7
NAO ALIMENTO;38329;VELA ANIV CONCEPT GLITTER DOURADA N;5;ATIVO;1;0;0;0;04/05/2026;7
NAO ALIMENTO;38329;VELA ANIV CONCEPT GLITTER DOURADA N;6;ATIVO;1;0;0;0;04/05/2026;7
NAO ALIMENTO;38329;VELA ANIV CONCEPT GLITTER DOURADA N;7;ATIVO;1;0;0;0;04/05/2026;7
NAO ALIMENTO;38329;VELA ANIV CONCEPT GLITTER DOURADA N;8;ATIVO;1;0;0;0;04/05/2026;7
NAO ALIMENTO;38329;VELA ANIV CONCEPT GLITTER DOURADA N;11;ATIVO;1;0;0;0;04/05/2026;7
NAO ALIMENTO;38329;VELA ANIV CONCEPT GLITTER DOURADA N;12;ATIVO;1;0;0;0;04/05/2026;7
NAO ALIMENTO;38329;VELA ANIV CONCEPT GLITTER DOURADA N;13;ATIVO;1;0;0;0;04/05/2026;7
NAO ALIMENTO;38329;VELA ANIV CONCEPT GLITTER DOURADA N;14;ATIVO;1;0;0;0;04/05/2026;7
NAO ALIMENTO;38329;VELA ANIV CONCEPT GLITTER DOURADA N;15;ATIVO;1;0;0;0;04/05/2026;7
NAO ALIMENTO;38329;VELA ANIV CONCEPT GLITTER DOURADA N;16;ATIVO;1;0;0;0;04/05/2026;7
NAO ALIMENTO;38329;VELA ANIV CONCEPT GLITTER DOURADA N;17;ATIVO;1;0;0;0;04/05/2026;7
NAO ALIMENTO;38329;VELA ANIV CONCEPT GLITTER DOURADA N;18;ATIVO;1;0;0;0;04/05/2026;7
NAO ALIMENTO;38329;VELA ANIV CONCEPT GLITTER DOURADA N;50;ATIVO;1;0;0;0;04/05/2026;7
NAO ALIMENTO;38332;VELA ANIV CONCEPT GLITTER PRATA N0;1;ATIVO;1;0;0;0;04/05/2026;7
NAO ALIMENTO;38332;VELA ANIV CONCEPT GLITTER PRATA N0;2;ATIVO;1;0;0;0;04/05/2026;7
NAO ALIMENTO;38332;VELA ANIV CONCEPT GLITTER PRATA N0;3;ATIVO;1;0;0;0;04/05/2026;7
NAO ALIMENTO;38332;VELA ANIV CONCEPT GLITTER PRATA N0;4;ATIVO;1;0;0;0;04/05/2026;7
NAO ALIMENTO;38332;VELA ANIV CONCEPT GLITTER PRATA N0;5;ATIVO;1;0;0;0;04/05/2026;7
NAO ALIMENTO;38332;VELA ANIV CONCEPT GLITTER PRATA N0;6;ATIVO;1;0;0;0;04/05/2026;7
NAO ALIMENTO;38332;VELA ANIV CONCEPT GLITTER PRATA N0;7;ATIVO;1;0;0;0;04/05/2026;7
NAO ALIMENTO;38332;VELA ANIV CONCEPT GLITTER PRATA N0;8;ATIVO;1;0;0;0;04/05/2026;7
NAO ALIMENTO;38332;VELA ANIV CONCEPT GLITTER PRATA N0;11;ATIVO;1;0;0;0;04/05/2026;7
NAO ALIMENTO;38332;VELA ANIV CONCEPT GLITTER PRATA N0;12;ATIVO;1;0;0;0;04/05/2026;7
NAO ALIMENTO;38332;VELA ANIV CONCEPT GLITTER PRATA N0;13;ATIVO;1;0;0;0;04/05/2026;7
NAO ALIMENTO;38332;VELA ANIV CONCEPT GLITTER PRATA N0;14;ATIVO;1;0;0;0;04/05/2026;7
NAO ALIMENTO;38332;VELA ANIV CONCEPT GLITTER PRATA N0;15;ATIVO;1;0;0;0;04/05/2026;7
NAO ALIMENTO;38332;VELA ANIV CONCEPT GLITTER PRATA N0;16;ATIVO;1;0;0;0;04/05/2026;7
NAO ALIMENTO;38332;VELA ANIV CONCEPT GLITTER PRATA N0;17;ATIVO;1;0;0;0;04/05/2026;7
NAO ALIMENTO;38332;VELA ANIV CONCEPT GLITTER PRATA N0;18;ATIVO;1;0;0;0;04/05/2026;7
NAO ALIMENTO;38332;VELA ANIV CONCEPT GLITTER PRATA N0;50;ATIVO;1;0;0;0;04/05/2026;7
NAO ALIMENTO;38330;VELA ANIV CONCEPT GLITTER ROSA N0;1;ATIVO;1;0;0;0;04/05/2026;7
NAO ALIMENTO;38330;VELA ANIV CONCEPT GLITTER ROSA N0;2;ATIVO;1;0;0;0;04/05/2026;7
NAO ALIMENTO;38330;VELA ANIV CONCEPT GLITTER ROSA N0;3;ATIVO;1;0;0;0;04/05/2026;7
NAO ALIMENTO;38330;VELA ANIV CONCEPT GLITTER ROSA N0;4;ATIVO;1;0;0;0;04/05/2026;7
NAO ALIMENTO;38330;VELA ANIV CONCEPT GLITTER ROSA N0;5;ATIVO;1;0;0;0;04/05/2026;7
NAO ALIMENTO;38330;VELA ANIV CONCEPT GLITTER ROSA N0;6;ATIVO;1;0;0;0;04/05/2026;7
NAO ALIMENTO;38330;VELA ANIV CONCEPT GLITTER ROSA N0;7;ATIVO;1;0;0;0;04/05/2026;7
NAO ALIMENTO;38330;VELA ANIV CONCEPT GLITTER ROSA N0;8;ATIVO;1;0;0;0;04/05/2026;7
NAO ALIMENTO;38330;VELA ANIV CONCEPT GLITTER ROSA N0;11;ATIVO;1;0;0;0;04/05/2026;7
NAO ALIMENTO;38330;VELA ANIV CONCEPT GLITTER ROSA N0;12;ATIVO;1;0;0;0;04/05/2026;7
NAO ALIMENTO;38330;VELA ANIV CONCEPT GLITTER ROSA N0;13;ATIVO;1;0;0;0;04/05/2026;7
NAO ALIMENTO;38330;VELA ANIV CONCEPT GLITTER ROSA N0;14;ATIVO;1;0;0;0;04/05/2026;7
NAO ALIMENTO;38330;VELA ANIV CONCEPT GLITTER ROSA N0;15;ATIVO;1;0;0;0;04/05/2026;7
NAO ALIMENTO;38330;VELA ANIV CONCEPT GLITTER ROSA N0;16;ATIVO;1;0;0;0;04/05/2026;7
NAO ALIMENTO;38330;VELA ANIV CONCEPT GLITTER ROSA N0;17;ATIVO;1;0;0;0;04/05/2026;7
NAO ALIMENTO;38330;VELA ANIV CONCEPT GLITTER ROSA N0;18;ATIVO;1;0;0;0;04/05/2026;7
NAO ALIMENTO;38330;VELA ANIV CONCEPT GLITTER ROSA N0;50;ATIVO;1;0;0;0;04/05/2026;7
NAO ALIMENTO;38331;VELA ANIV CONCEPT GLITTER ROSE N4;1;ATIVO;1;0;0;0;04/05/2026;7
NAO ALIMENTO;38331;VELA ANIV CONCEPT GLITTER ROSE N4;2;ATIVO;1;0;0;0;04/05/2026;7
NAO ALIMENTO;38331;VELA ANIV CONCEPT GLITTER ROSE N4;3;ATIVO;1;0;0;0;04/05/2026;7
NAO ALIMENTO;38331;VELA ANIV CONCEPT GLITTER ROSE N4;4;ATIVO;1;0;0;0;04/05/2026;7
NAO ALIMENTO;38331;VELA ANIV CONCEPT GLITTER ROSE N4;5;ATIVO;1;0;0;0;04/05/2026;7
NAO ALIMENTO;38331;VELA ANIV CONCEPT GLITTER ROSE N4;6;ATIVO;1;0;0;0;04/05/2026;7
NAO ALIMENTO;38331;VELA ANIV CONCEPT GLITTER ROSE N4;7;ATIVO;1;0;0;0;04/05/2026;7
NAO ALIMENTO;38331;VELA ANIV CONCEPT GLITTER ROSE N4;8;ATIVO;1;0;0;0;04/05/2026;7
NAO ALIMENTO;38331;VELA ANIV CONCEPT GLITTER ROSE N4;11;ATIVO;1;0;0;0;04/05/2026;7
NAO ALIMENTO;38331;VELA ANIV CONCEPT GLITTER ROSE N4;12;ATIVO;1;0;0;0;04/05/2026;7
NAO ALIMENTO;38331;VELA ANIV CONCEPT GLITTER ROSE N4;13;ATIVO;1;0;0;0;04/05/2026;7
NAO ALIMENTO;38331;VELA ANIV CONCEPT GLITTER ROSE N4;14;ATIVO;1;0;0;0;04/05/2026;7
NAO ALIMENTO;38331;VELA ANIV CONCEPT GLITTER ROSE N4;15;ATIVO;1;0;0;0;04/05/2026;7
NAO ALIMENTO;38331;VELA ANIV CONCEPT GLITTER ROSE N4;16;ATIVO;1;0;0;0;04/05/2026;7
NAO ALIMENTO;38331;VELA ANIV CONCEPT GLITTER ROSE N4;17;ATIVO;1;0;0;0;04/05/2026;7
NAO ALIMENTO;38331;VELA ANIV CONCEPT GLITTER ROSE N4;18;ATIVO;1;0;0;0;04/05/2026;7
NAO ALIMENTO;38331;VELA ANIV CONCEPT GLITTER ROSE N4;50;ATIVO;1;0;0;0;04/05/2026;7
NAO ALIMENTO;38052;VELA ANIV CONCEPT METALLIC LILAS N0;1;ATIVO;1;0;0;0;13/04/2026;28
NAO ALIMENTO;38052;VELA ANIV CONCEPT METALLIC LILAS N0;2;ATIVO;1;0;0;0;13/04/2026;28
NAO ALIMENTO;38052;VELA ANIV CONCEPT METALLIC LILAS N0;3;ATIVO;1;0;0;0;13/04/2026;28
NAO ALIMENTO;38052;VELA ANIV CONCEPT METALLIC LILAS N0;4;ATIVO;1;0;0;0;13/04/2026;28
NAO ALIMENTO;38052;VELA ANIV CONCEPT METALLIC LILAS N0;5;ATIVO;1;0;0;0;13/04/2026;28
NAO ALIMENTO;38052;VELA ANIV CONCEPT METALLIC LILAS N0;6;ATIVO;1;0;0;0;13/04/2026;28
NAO ALIMENTO;38052;VELA ANIV CONCEPT METALLIC LILAS N0;7;ATIVO;1;0;0;0;13/04/2026;28
NAO ALIMENTO;38052;VELA ANIV CONCEPT METALLIC LILAS N0;8;ATIVO;1;0;0;0;13/04/2026;28
NAO ALIMENTO;38052;VELA ANIV CONCEPT METALLIC LILAS N0;11;ATIVO;1;0;0;0;13/04/2026;28
NAO ALIMENTO;38052;VELA ANIV CONCEPT METALLIC LILAS N0;12;ATIVO;1;0;0;0;13/04/2026;28
NAO ALIMENTO;38052;VELA ANIV CONCEPT METALLIC LILAS N0;13;ATIVO;1;0;0;0;13/04/2026;28
NAO ALIMENTO;38052;VELA ANIV CONCEPT METALLIC LILAS N0;14;ATIVO;1;0;0;0;13/04/2026;28
NAO ALIMENTO;38052;VELA ANIV CONCEPT METALLIC LILAS N0;15;ATIVO;1;0;0;0;13/04/2026;28
NAO ALIMENTO;38052;VELA ANIV CONCEPT METALLIC LILAS N0;16;ATIVO;1;0;0;0;13/04/2026;28
NAO ALIMENTO;38052;VELA ANIV CONCEPT METALLIC LILAS N0;17;ATIVO;1;0;0;0;13/04/2026;28
NAO ALIMENTO;38052;VELA ANIV CONCEPT METALLIC LILAS N0;18;ATIVO;1;0;0;0;13/04/2026;28
NAO ALIMENTO;38052;VELA ANIV CONCEPT METALLIC LILAS N0;50;ATIVO;1;0;0;0;13/04/2026;28
NAO ALIMENTO;38053;VELA ANIV CONCEPT METALLIC N 9 ROSE;1;ATIVO;1;0;0;0;13/04/2026;28
NAO ALIMENTO;38053;VELA ANIV CONCEPT METALLIC N 9 ROSE;2;ATIVO;1;0;0;0;13/04/2026;28
NAO ALIMENTO;38053;VELA ANIV CONCEPT METALLIC N 9 ROSE;3;ATIVO;1;0;0;0;13/04/2026;28
NAO ALIMENTO;38053;VELA ANIV CONCEPT METALLIC N 9 ROSE;4;ATIVO;1;0;0;0;13/04/2026;28
NAO ALIMENTO;38053;VELA ANIV CONCEPT METALLIC N 9 ROSE;5;ATIVO;1;0;0;0;13/04/2026;28
NAO ALIMENTO;38053;VELA ANIV CONCEPT METALLIC N 9 ROSE;6;ATIVO;1;0;0;0;13/04/2026;28
NAO ALIMENTO;38053;VELA ANIV CONCEPT METALLIC N 9 ROSE;7;ATIVO;1;0;0;0;13/04/2026;28
NAO ALIMENTO;38053;VELA ANIV CONCEPT METALLIC N 9 ROSE;8;ATIVO;1;0;0;0;13/04/2026;28
NAO ALIMENTO;38053;VELA ANIV CONCEPT METALLIC N 9 ROSE;11;ATIVO;1;0;0;0;13/04/2026;28
NAO ALIMENTO;38053;VELA ANIV CONCEPT METALLIC N 9 ROSE;12;ATIVO;1;0;0;0;13/04/2026;28
NAO ALIMENTO;38053;VELA ANIV CONCEPT METALLIC N 9 ROSE;13;ATIVO;1;0;0;0;13/04/2026;28
NAO ALIMENTO;38053;VELA ANIV CONCEPT METALLIC N 9 ROSE;14;ATIVO;1;0;0;0;13/04/2026;28
NAO ALIMENTO;38053;VELA ANIV CONCEPT METALLIC N 9 ROSE;15;ATIVO;1;0;0;0;13/04/2026;28
NAO ALIMENTO;38053;VELA ANIV CONCEPT METALLIC N 9 ROSE;16;ATIVO;1;0;0;0;13/04/2026;28
NAO ALIMENTO;38053;VELA ANIV CONCEPT METALLIC N 9 ROSE;17;ATIVO;1;0;0;0;13/04/2026;28
NAO ALIMENTO;38053;VELA ANIV CONCEPT METALLIC N 9 ROSE;18;ATIVO;1;0;0;0;13/04/2026;28
NAO ALIMENTO;38053;VELA ANIV CONCEPT METALLIC N 9 ROSE;50;ATIVO;1;0;0;0;13/04/2026;28
NAO ALIMENTO;38261;VELA ANIV CONCEPT METALLIC ROSE N 0;1;ATIVO;1;0;0;0;28/04/2026;13
NAO ALIMENTO;38261;VELA ANIV CONCEPT METALLIC ROSE N 0;2;ATIVO;1;0;0;0;28/04/2026;13
NAO ALIMENTO;38261;VELA ANIV CONCEPT METALLIC ROSE N 0;3;ATIVO;1;-2;0;0;28/04/2026;13
NAO ALIMENTO;38261;VELA ANIV CONCEPT METALLIC ROSE N 0;4;ATIVO;1;0;0;0;28/04/2026;13
NAO ALIMENTO;38261;VELA ANIV CONCEPT METALLIC ROSE N 0;5;ATIVO;1;0;0;0;28/04/2026;13
NAO ALIMENTO;38261;VELA ANIV CONCEPT METALLIC ROSE N 0;6;ATIVO;1;0;0;0;28/04/2026;13
NAO ALIMENTO;38261;VELA ANIV CONCEPT METALLIC ROSE N 0;7;ATIVO;1;0;0;0;28/04/2026;13
NAO ALIMENTO;38261;VELA ANIV CONCEPT METALLIC ROSE N 0;8;ATIVO;1;0;0;0;28/04/2026;13
NAO ALIMENTO;38261;VELA ANIV CONCEPT METALLIC ROSE N 0;11;ATIVO;1;0;0;0;28/04/2026;13
NAO ALIMENTO;38261;VELA ANIV CONCEPT METALLIC ROSE N 0;12;ATIVO;1;0;0;0;28/04/2026;13
NAO ALIMENTO;38261;VELA ANIV CONCEPT METALLIC ROSE N 0;13;ATIVO;1;0;0;0;28/04/2026;13
NAO ALIMENTO;38261;VELA ANIV CONCEPT METALLIC ROSE N 0;14;ATIVO;1;0;0;0;28/04/2026;13
NAO ALIMENTO;38261;VELA ANIV CONCEPT METALLIC ROSE N 0;15;ATIVO;1;0;0;0;28/04/2026;13
NAO ALIMENTO;38261;VELA ANIV CONCEPT METALLIC ROSE N 0;16;ATIVO;1;0;0;0;28/04/2026;13
NAO ALIMENTO;38261;VELA ANIV CONCEPT METALLIC ROSE N 0;17;ATIVO;1;0;0;0;28/04/2026;13
NAO ALIMENTO;38261;VELA ANIV CONCEPT METALLIC ROSE N 0;18;ATIVO;1;0;0;0;28/04/2026;13
NAO ALIMENTO;38261;VELA ANIV CONCEPT METALLIC ROSE N 0;50;ATIVO;1;0;0;0;28/04/2026;13
NAO ALIMENTO;38360;VELA ANIV CONCEPT METALLIC ROSE N 5;1;ATIVO;1;0;0;0;06/05/2026;5
NAO ALIMENTO;38360;VELA ANIV CONCEPT METALLIC ROSE N 5;2;ATIVO;1;0;0;0;06/05/2026;5
NAO ALIMENTO;38360;VELA ANIV CONCEPT METALLIC ROSE N 5;3;ATIVO;1;0;0;0;06/05/2026;5
NAO ALIMENTO;38360;VELA ANIV CONCEPT METALLIC ROSE N 5;4;ATIVO;1;0;0;0;06/05/2026;5
NAO ALIMENTO;38360;VELA ANIV CONCEPT METALLIC ROSE N 5;5;ATIVO;1;0;0;0;06/05/2026;5
NAO ALIMENTO;38360;VELA ANIV CONCEPT METALLIC ROSE N 5;6;ATIVO;1;0;0;0;06/05/2026;5
NAO ALIMENTO;38360;VELA ANIV CONCEPT METALLIC ROSE N 5;7;ATIVO;1;0;0;0;06/05/2026;5
NAO ALIMENTO;38360;VELA ANIV CONCEPT METALLIC ROSE N 5;8;ATIVO;1;0;0;0;06/05/2026;5
NAO ALIMENTO;38360;VELA ANIV CONCEPT METALLIC ROSE N 5;11;ATIVO;1;0;0;0;06/05/2026;5
NAO ALIMENTO;38360;VELA ANIV CONCEPT METALLIC ROSE N 5;12;ATIVO;1;0;0;0;06/05/2026;5
NAO ALIMENTO;38360;VELA ANIV CONCEPT METALLIC ROSE N 5;13;ATIVO;1;0;0;0;06/05/2026;5
NAO ALIMENTO;38360;VELA ANIV CONCEPT METALLIC ROSE N 5;14;ATIVO;1;0;0;0;06/05/2026;5
NAO ALIMENTO;38360;VELA ANIV CONCEPT METALLIC ROSE N 5;15;ATIVO;1;0;0;0;06/05/2026;5
NAO ALIMENTO;38360;VELA ANIV CONCEPT METALLIC ROSE N 5;16;ATIVO;1;0;0;0;06/05/2026;5
NAO ALIMENTO;38360;VELA ANIV CONCEPT METALLIC ROSE N 5;17;ATIVO;1;0;0;0;06/05/2026;5
NAO ALIMENTO;38360;VELA ANIV CONCEPT METALLIC ROSE N 5;18;ATIVO;1;0;0;0;06/05/2026;5
NAO ALIMENTO;38360;VELA ANIV CONCEPT METALLIC ROSE N 5;50;ATIVO;1;0;0;0;06/05/2026;5
NAO ALIMENTO;38262;VELA ANIV CONCEPT METALLIC ROSE N 7;1;ATIVO;1;0;0;0;28/04/2026;13
NAO ALIMENTO;38262;VELA ANIV CONCEPT METALLIC ROSE N 7;2;ATIVO;1;0;0;0;28/04/2026;13
NAO ALIMENTO;38262;VELA ANIV CONCEPT METALLIC ROSE N 7;3;ATIVO;1;0;0;0;28/04/2026;13
NAO ALIMENTO;38262;VELA ANIV CONCEPT METALLIC ROSE N 7;4;ATIVO;1;0;0;0;28/04/2026;13
NAO ALIMENTO;38262;VELA ANIV CONCEPT METALLIC ROSE N 7;5;ATIVO;1;0;0;0;28/04/2026;13
NAO ALIMENTO;38262;VELA ANIV CONCEPT METALLIC ROSE N 7;6;ATIVO;1;0;0;0;28/04/2026;13
NAO ALIMENTO;38262;VELA ANIV CONCEPT METALLIC ROSE N 7;7;ATIVO;1;0;0;0;28/04/2026;13
NAO ALIMENTO;38262;VELA ANIV CONCEPT METALLIC ROSE N 7;8;ATIVO;1;0;0;0;28/04/2026;13
NAO ALIMENTO;38262;VELA ANIV CONCEPT METALLIC ROSE N 7;11;ATIVO;1;0;0;0;28/04/2026;13
NAO ALIMENTO;38262;VELA ANIV CONCEPT METALLIC ROSE N 7;12;ATIVO;1;0;0;0;28/04/2026;13
NAO ALIMENTO;38262;VELA ANIV CONCEPT METALLIC ROSE N 7;13;ATIVO;1;0;0;0;28/04/2026;13
NAO ALIMENTO;38262;VELA ANIV CONCEPT METALLIC ROSE N 7;14;ATIVO;1;0;0;0;28/04/2026;13
NAO ALIMENTO;38262;VELA ANIV CONCEPT METALLIC ROSE N 7;15;ATIVO;1;0;0;0;28/04/2026;13
NAO ALIMENTO;38262;VELA ANIV CONCEPT METALLIC ROSE N 7;16;ATIVO;1;0;0;0;28/04/2026;13
NAO ALIMENTO;38262;VELA ANIV CONCEPT METALLIC ROSE N 7;17;ATIVO;1;0;0;0;28/04/2026;13
NAO ALIMENTO;38262;VELA ANIV CONCEPT METALLIC ROSE N 7;18;ATIVO;1;-2;0;0;28/04/2026;13
NAO ALIMENTO;38262;VELA ANIV CONCEPT METALLIC ROSE N 7;50;ATIVO;1;0;0;0;28/04/2026;13
NAO ALIMENTO;38056;VELA ANIV CONCEPT METALLIC ROSE N9;1;ATIVO;1;0;0;0;13/04/2026;28
NAO ALIMENTO;38056;VELA ANIV CONCEPT METALLIC ROSE N9;2;ATIVO;1;0;0;0;13/04/2026;28
NAO ALIMENTO;38056;VELA ANIV CONCEPT METALLIC ROSE N9;3;ATIVO;1;0;0;0;13/04/2026;28
NAO ALIMENTO;38056;VELA ANIV CONCEPT METALLIC ROSE N9;4;ATIVO;1;0;0;0;13/04/2026;28
NAO ALIMENTO;38056;VELA ANIV CONCEPT METALLIC ROSE N9;5;ATIVO;1;0;0;0;13/04/2026;28
NAO ALIMENTO;38056;VELA ANIV CONCEPT METALLIC ROSE N9;6;ATIVO;1;0;0;0;13/04/2026;28
NAO ALIMENTO;38056;VELA ANIV CONCEPT METALLIC ROSE N9;7;ATIVO;1;0;0;0;13/04/2026;28
NAO ALIMENTO;38056;VELA ANIV CONCEPT METALLIC ROSE N9;8;ATIVO;1;0;0;0;13/04/2026;28
NAO ALIMENTO;38056;VELA ANIV CONCEPT METALLIC ROSE N9;11;ATIVO;1;0;0;0;13/04/2026;28
NAO ALIMENTO;38056;VELA ANIV CONCEPT METALLIC ROSE N9;12;ATIVO;1;0;0;0;13/04/2026;28
NAO ALIMENTO;38056;VELA ANIV CONCEPT METALLIC ROSE N9;13;ATIVO;1;0;0;0;13/04/2026;28
NAO ALIMENTO;38056;VELA ANIV CONCEPT METALLIC ROSE N9;14;ATIVO;1;0;0;0;13/04/2026;28
NAO ALIMENTO;38056;VELA ANIV CONCEPT METALLIC ROSE N9;15;ATIVO;1;0;0;0;13/04/2026;28
NAO ALIMENTO;38056;VELA ANIV CONCEPT METALLIC ROSE N9;16;ATIVO;1;0;0;0;13/04/2026;28
NAO ALIMENTO;38056;VELA ANIV CONCEPT METALLIC ROSE N9;17;ATIVO;1;0;0;0;13/04/2026;28
NAO ALIMENTO;38056;VELA ANIV CONCEPT METALLIC ROSE N9;18;ATIVO;1;0;0;0;13/04/2026;28
NAO ALIMENTO;38056;VELA ANIV CONCEPT METALLIC ROSE N9;50;ATIVO;1;0;0;0;13/04/2026;28
NAO ALIMENTO;38055;VELA ANIV CONCEPT METALLIC VERDE N8;1;ATIVO;1;0;0;0;13/04/2026;28
NAO ALIMENTO;38055;VELA ANIV CONCEPT METALLIC VERDE N8;2;ATIVO;1;0;0;0;13/04/2026;28
NAO ALIMENTO;38055;VELA ANIV CONCEPT METALLIC VERDE N8;3;ATIVO;1;0;0;0;13/04/2026;28
NAO ALIMENTO;38055;VELA ANIV CONCEPT METALLIC VERDE N8;4;ATIVO;1;0;0;0;13/04/2026;28
NAO ALIMENTO;38055;VELA ANIV CONCEPT METALLIC VERDE N8;5;ATIVO;1;0;0;0;13/04/2026;28
NAO ALIMENTO;38055;VELA ANIV CONCEPT METALLIC VERDE N8;6;ATIVO;1;0;0;0;13/04/2026;28
NAO ALIMENTO;38055;VELA ANIV CONCEPT METALLIC VERDE N8;7;ATIVO;1;0;0;0;13/04/2026;28
NAO ALIMENTO;38055;VELA ANIV CONCEPT METALLIC VERDE N8;8;ATIVO;1;0;0;0;13/04/2026;28
NAO ALIMENTO;38055;VELA ANIV CONCEPT METALLIC VERDE N8;11;ATIVO;1;0;0;0;13/04/2026;28
NAO ALIMENTO;38055;VELA ANIV CONCEPT METALLIC VERDE N8;12;ATIVO;1;0;0;0;13/04/2026;28
NAO ALIMENTO;38055;VELA ANIV CONCEPT METALLIC VERDE N8;13;ATIVO;1;0;0;0;13/04/2026;28
NAO ALIMENTO;38055;VELA ANIV CONCEPT METALLIC VERDE N8;14;ATIVO;1;0;0;0;13/04/2026;28
NAO ALIMENTO;38055;VELA ANIV CONCEPT METALLIC VERDE N8;15;ATIVO;1;0;0;0;13/04/2026;28
NAO ALIMENTO;38055;VELA ANIV CONCEPT METALLIC VERDE N8;16;ATIVO;1;0;0;0;13/04/2026;28
NAO ALIMENTO;38055;VELA ANIV CONCEPT METALLIC VERDE N8;17;ATIVO;1;0;0;0;13/04/2026;28
NAO ALIMENTO;38055;VELA ANIV CONCEPT METALLIC VERDE N8;18;ATIVO;1;0;0;0;13/04/2026;28
NAO ALIMENTO;38055;VELA ANIV CONCEPT METALLIC VERDE N8;50;ATIVO;1;0;0;0;13/04/2026;28
NAO ALIMENTO;38077;VELA ANIV DIAMOND PRATA N 3;1;ATIVO;1;0;0;0;14/04/2026;27
NAO ALIMENTO;38077;VELA ANIV DIAMOND PRATA N 3;2;ATIVO;1;0;0;0;14/04/2026;27
NAO ALIMENTO;38077;VELA ANIV DIAMOND PRATA N 3;3;ATIVO;1;0;0;0;14/04/2026;27
NAO ALIMENTO;38077;VELA ANIV DIAMOND PRATA N 3;4;ATIVO;1;0;0;0;14/04/2026;27
NAO ALIMENTO;38077;VELA ANIV DIAMOND PRATA N 3;5;ATIVO;1;0;0;0;14/04/2026;27
NAO ALIMENTO;38077;VELA ANIV DIAMOND PRATA N 3;6;ATIVO;1;0;0;0;14/04/2026;27
NAO ALIMENTO;38077;VELA ANIV DIAMOND PRATA N 3;7;ATIVO;1;0;0;0;14/04/2026;27
NAO ALIMENTO;38077;VELA ANIV DIAMOND PRATA N 3;8;ATIVO;1;0;0;0;14/04/2026;27
NAO ALIMENTO;38077;VELA ANIV DIAMOND PRATA N 3;11;ATIVO;1;0;0;0;14/04/2026;27
NAO ALIMENTO;38077;VELA ANIV DIAMOND PRATA N 3;12;ATIVO;1;-3;0;0;14/04/2026;27
NAO ALIMENTO;38077;VELA ANIV DIAMOND PRATA N 3;13;ATIVO;1;0;0;0;14/04/2026;27
NAO ALIMENTO;38077;VELA ANIV DIAMOND PRATA N 3;14;ATIVO;1;0;0;0;14/04/2026;27
NAO ALIMENTO;38077;VELA ANIV DIAMOND PRATA N 3;15;ATIVO;1;0;0;0;14/04/2026;27
NAO ALIMENTO;38077;VELA ANIV DIAMOND PRATA N 3;16;ATIVO;1;0;0;0;14/04/2026;27
NAO ALIMENTO;38077;VELA ANIV DIAMOND PRATA N 3;17;ATIVO;1;0;0;0;14/04/2026;27
NAO ALIMENTO;38077;VELA ANIV DIAMOND PRATA N 3;18;ATIVO;1;0;0;0;14/04/2026;27
NAO ALIMENTO;38077;VELA ANIV DIAMOND PRATA N 3;50;ATIVO;1;0;0;0;14/04/2026;27
NAO ALIMENTO;38067;VELA ANIV RENEW GLITTER AZUL N0;1;ATIVO;1;0;0;0;13/04/2026;28
NAO ALIMENTO;38067;VELA ANIV RENEW GLITTER AZUL N0;2;ATIVO;1;0;0;0;13/04/2026;28
NAO ALIMENTO;38067;VELA ANIV RENEW GLITTER AZUL N0;3;ATIVO;1;0;0;0;13/04/2026;28
NAO ALIMENTO;38067;VELA ANIV RENEW GLITTER AZUL N0;4;ATIVO;1;0;0;0;13/04/2026;28
NAO ALIMENTO;38067;VELA ANIV RENEW GLITTER AZUL N0;5;ATIVO;1;0;0;0;13/04/2026;28
NAO ALIMENTO;38067;VELA ANIV RENEW GLITTER AZUL N0;6;ATIVO;1;0;0;0;13/04/2026;28
NAO ALIMENTO;38067;VELA ANIV RENEW GLITTER AZUL N0;7;ATIVO;1;0;0;0;13/04/2026;28
NAO ALIMENTO;38067;VELA ANIV RENEW GLITTER AZUL N0;8;ATIVO;1;0;0;0;13/04/2026;28
NAO ALIMENTO;38067;VELA ANIV RENEW GLITTER AZUL N0;11;ATIVO;1;0;0;0;13/04/2026;28
NAO ALIMENTO;38067;VELA ANIV RENEW GLITTER AZUL N0;12;ATIVO;1;0;0;0;13/04/2026;28
NAO ALIMENTO;38067;VELA ANIV RENEW GLITTER AZUL N0;13;ATIVO;1;0;0;0;13/04/2026;28
NAO ALIMENTO;38067;VELA ANIV RENEW GLITTER AZUL N0;14;ATIVO;1;0;0;0;13/04/2026;28
NAO ALIMENTO;38067;VELA ANIV RENEW GLITTER AZUL N0;15;ATIVO;1;0;0;0;13/04/2026;28
NAO ALIMENTO;38067;VELA ANIV RENEW GLITTER AZUL N0;16;ATIVO;1;0;0;0;13/04/2026;28
NAO ALIMENTO;38067;VELA ANIV RENEW GLITTER AZUL N0;17;ATIVO;1;0;0;0;13/04/2026;28
NAO ALIMENTO;38067;VELA ANIV RENEW GLITTER AZUL N0;18;ATIVO;1;0;0;0;13/04/2026;28
NAO ALIMENTO;38067;VELA ANIV RENEW GLITTER AZUL N0;50;ATIVO;1;0;0;0;13/04/2026;28
NAO ALIMENTO;38063;VELA ANIV RENEW GLITTER AZUL N9;1;ATIVO;1;0;0;0;13/04/2026;28
NAO ALIMENTO;38063;VELA ANIV RENEW GLITTER AZUL N9;2;ATIVO;1;0;0;0;13/04/2026;28
NAO ALIMENTO;38063;VELA ANIV RENEW GLITTER AZUL N9;3;ATIVO;1;0;0;0;13/04/2026;28
NAO ALIMENTO;38063;VELA ANIV RENEW GLITTER AZUL N9;4;ATIVO;1;0;0;0;13/04/2026;28
NAO ALIMENTO;38063;VELA ANIV RENEW GLITTER AZUL N9;5;ATIVO;1;0;0;0;13/04/2026;28
NAO ALIMENTO;38063;VELA ANIV RENEW GLITTER AZUL N9;6;ATIVO;1;0;0;0;13/04/2026;28
NAO ALIMENTO;38063;VELA ANIV RENEW GLITTER AZUL N9;7;ATIVO;1;0;0;0;13/04/2026;28
NAO ALIMENTO;38063;VELA ANIV RENEW GLITTER AZUL N9;8;ATIVO;1;0;0;0;13/04/2026;28
NAO ALIMENTO;38063;VELA ANIV RENEW GLITTER AZUL N9;11;ATIVO;1;0;0;0;13/04/2026;28
NAO ALIMENTO;38063;VELA ANIV RENEW GLITTER AZUL N9;12;ATIVO;1;0;0;0;13/04/2026;28
NAO ALIMENTO;38063;VELA ANIV RENEW GLITTER AZUL N9;13;ATIVO;1;0;0;0;13/04/2026;28
NAO ALIMENTO;38063;VELA ANIV RENEW GLITTER AZUL N9;14;ATIVO;1;0;0;0;13/04/2026;28
NAO ALIMENTO;38063;VELA ANIV RENEW GLITTER AZUL N9;15;ATIVO;1;0;0;0;13/04/2026;28
NAO ALIMENTO;38063;VELA ANIV RENEW GLITTER AZUL N9;16;ATIVO;1;0;0;0;13/04/2026;28
NAO ALIMENTO;38063;VELA ANIV RENEW GLITTER AZUL N9;17;ATIVO;1;0;0;0;13/04/2026;28
NAO ALIMENTO;38063;VELA ANIV RENEW GLITTER AZUL N9;18;ATIVO;1;0;0;0;13/04/2026;28
NAO ALIMENTO;38063;VELA ANIV RENEW GLITTER AZUL N9;50;ATIVO;1;0;0;0;13/04/2026;28
NAO ALIMENTO;38069;VELA ANIV STANDART BRANCA N 0;1;ATIVO;1;0;0;0;13/04/2026;28
NAO ALIMENTO;38069;VELA ANIV STANDART BRANCA N 0;2;ATIVO;1;0;0;0;13/04/2026;28
NAO ALIMENTO;38069;VELA ANIV STANDART BRANCA N 0;3;ATIVO;1;0;0;0;13/04/2026;28
NAO ALIMENTO;38069;VELA ANIV STANDART BRANCA N 0;4;ATIVO;1;0;0;0;13/04/2026;28
NAO ALIMENTO;38069;VELA ANIV STANDART BRANCA N 0;5;ATIVO;1;0;0;0;13/04/2026;28
NAO ALIMENTO;38069;VELA ANIV STANDART BRANCA N 0;6;ATIVO;1;0;0;0;13/04/2026;28
NAO ALIMENTO;38069;VELA ANIV STANDART BRANCA N 0;7;ATIVO;1;0;0;0;13/04/2026;28
NAO ALIMENTO;38069;VELA ANIV STANDART BRANCA N 0;8;ATIVO;1;0;0;0;13/04/2026;28
NAO ALIMENTO;38069;VELA ANIV STANDART BRANCA N 0;11;ATIVO;1;0;0;0;13/04/2026;28
NAO ALIMENTO;38069;VELA ANIV STANDART BRANCA N 0;12;ATIVO;1;0;0;0;13/04/2026;28
NAO ALIMENTO;38069;VELA ANIV STANDART BRANCA N 0;13;ATIVO;1;0;0;0;13/04/2026;28
NAO ALIMENTO;38069;VELA ANIV STANDART BRANCA N 0;14;ATIVO;1;0;0;0;13/04/2026;28
NAO ALIMENTO;38069;VELA ANIV STANDART BRANCA N 0;15;ATIVO;1;0;0;0;13/04/2026;28
NAO ALIMENTO;38069;VELA ANIV STANDART BRANCA N 0;16;ATIVO;1;0;0;0;13/04/2026;28
NAO ALIMENTO;38069;VELA ANIV STANDART BRANCA N 0;17;ATIVO;1;0;0;0;13/04/2026;28
NAO ALIMENTO;38069;VELA ANIV STANDART BRANCA N 0;18;ATIVO;1;0;0;0;13/04/2026;28
NAO ALIMENTO;38069;VELA ANIV STANDART BRANCA N 0;50;ATIVO;1;0;0;0;13/04/2026;28
NAO ALIMENTO;38354;VELA ANIV STANDART VERMELHA N 8;1;ATIVO;1;0;0;0;06/05/2026;5
NAO ALIMENTO;38354;VELA ANIV STANDART VERMELHA N 8;2;ATIVO;1;0;0;0;06/05/2026;5
NAO ALIMENTO;38354;VELA ANIV STANDART VERMELHA N 8;3;ATIVO;1;0;0;0;06/05/2026;5
NAO ALIMENTO;38354;VELA ANIV STANDART VERMELHA N 8;4;ATIVO;1;0;0;0;06/05/2026;5
NAO ALIMENTO;38354;VELA ANIV STANDART VERMELHA N 8;5;ATIVO;1;0;0;0;06/05/2026;5
NAO ALIMENTO;38354;VELA ANIV STANDART VERMELHA N 8;6;ATIVO;1;0;0;0;06/05/2026;5
NAO ALIMENTO;38354;VELA ANIV STANDART VERMELHA N 8;7;ATIVO;1;0;0;0;06/05/2026;5
NAO ALIMENTO;38354;VELA ANIV STANDART VERMELHA N 8;8;ATIVO;1;0;0;0;06/05/2026;5
NAO ALIMENTO;38354;VELA ANIV STANDART VERMELHA N 8;11;ATIVO;1;0;0;0;06/05/2026;5
NAO ALIMENTO;38354;VELA ANIV STANDART VERMELHA N 8;12;ATIVO;1;0;0;0;06/05/2026;5
NAO ALIMENTO;38354;VELA ANIV STANDART VERMELHA N 8;13;ATIVO;1;0;0;0;06/05/2026;5
NAO ALIMENTO;38354;VELA ANIV STANDART VERMELHA N 8;14;ATIVO;1;0;0;0;06/05/2026;5
NAO ALIMENTO;38354;VELA ANIV STANDART VERMELHA N 8;15;ATIVO;1;0;0;0;06/05/2026;5
NAO ALIMENTO;38354;VELA ANIV STANDART VERMELHA N 8;16;ATIVO;1;0;0;0;06/05/2026;5
NAO ALIMENTO;38354;VELA ANIV STANDART VERMELHA N 8;17;ATIVO;1;0;0;0;06/05/2026;5
NAO ALIMENTO;38354;VELA ANIV STANDART VERMELHA N 8;18;ATIVO;1;0;0;0;06/05/2026;5
NAO ALIMENTO;38354;VELA ANIV STANDART VERMELHA N 8;50;ATIVO;1;0;0;0;06/05/2026;5
NAO ALIMENTO;38075;VELA ANIV SUPER N BRANCA N 6;1;ATIVO;1;0;0;0;14/04/2026;27
NAO ALIMENTO;38075;VELA ANIV SUPER N BRANCA N 6;2;ATIVO;1;0;0;0;14/04/2026;27
NAO ALIMENTO;38075;VELA ANIV SUPER N BRANCA N 6;3;ATIVO;1;0;0;0;14/04/2026;27
NAO ALIMENTO;38075;VELA ANIV SUPER N BRANCA N 6;4;ATIVO;1;0;0;0;14/04/2026;27
NAO ALIMENTO;38075;VELA ANIV SUPER N BRANCA N 6;5;ATIVO;1;0;0;0;14/04/2026;27
NAO ALIMENTO;38075;VELA ANIV SUPER N BRANCA N 6;6;ATIVO;1;0;0;0;14/04/2026;27
NAO ALIMENTO;38075;VELA ANIV SUPER N BRANCA N 6;7;ATIVO;1;-1;0;0;14/04/2026;27
NAO ALIMENTO;38075;VELA ANIV SUPER N BRANCA N 6;8;ATIVO;1;0;0;0;14/04/2026;27
NAO ALIMENTO;38075;VELA ANIV SUPER N BRANCA N 6;11;ATIVO;1;0;0;0;14/04/2026;27
NAO ALIMENTO;38075;VELA ANIV SUPER N BRANCA N 6;12;ATIVO;1;0;0;0;14/04/2026;27
NAO ALIMENTO;38075;VELA ANIV SUPER N BRANCA N 6;13;ATIVO;1;0;0;0;14/04/2026;27
NAO ALIMENTO;38075;VELA ANIV SUPER N BRANCA N 6;14;ATIVO;1;0;0;0;14/04/2026;27
NAO ALIMENTO;38075;VELA ANIV SUPER N BRANCA N 6;15;ATIVO;1;0;0;0;14/04/2026;27
NAO ALIMENTO;38075;VELA ANIV SUPER N BRANCA N 6;16;ATIVO;1;0;0;0;14/04/2026;27
NAO ALIMENTO;38075;VELA ANIV SUPER N BRANCA N 6;17;ATIVO;1;0;0;0;14/04/2026;27
NAO ALIMENTO;38075;VELA ANIV SUPER N BRANCA N 6;18;ATIVO;1;0;0;0;14/04/2026;27
NAO ALIMENTO;38075;VELA ANIV SUPER N BRANCA N 6;50;ATIVO;1;0;0;0;14/04/2026;27
NAO ALIMENTO;38064;VELA ANIV SUPER N BRANCA N 8;1;ATIVO;1;0;0;0;13/04/2026;28
NAO ALIMENTO;38064;VELA ANIV SUPER N BRANCA N 8;2;ATIVO;1;0;0;0;13/04/2026;28
NAO ALIMENTO;38064;VELA ANIV SUPER N BRANCA N 8;3;ATIVO;1;0;0;0;13/04/2026;28
NAO ALIMENTO;38064;VELA ANIV SUPER N BRANCA N 8;4;ATIVO;1;0;0;0;13/04/2026;28
NAO ALIMENTO;38064;VELA ANIV SUPER N BRANCA N 8;5;ATIVO;1;0;0;0;13/04/2026;28
NAO ALIMENTO;38064;VELA ANIV SUPER N BRANCA N 8;6;ATIVO;1;0;0;0;13/04/2026;28
NAO ALIMENTO;38064;VELA ANIV SUPER N BRANCA N 8;7;ATIVO;1;0;0;0;13/04/2026;28
NAO ALIMENTO;38064;VELA ANIV SUPER N BRANCA N 8;8;ATIVO;1;0;0;0;13/04/2026;28
NAO ALIMENTO;38064;VELA ANIV SUPER N BRANCA N 8;11;ATIVO;1;0;0;0;13/04/2026;28
NAO ALIMENTO;38064;VELA ANIV SUPER N BRANCA N 8;12;ATIVO;1;0;0;0;13/04/2026;28
NAO ALIMENTO;38064;VELA ANIV SUPER N BRANCA N 8;13;ATIVO;1;0;0;0;13/04/2026;28
NAO ALIMENTO;38064;VELA ANIV SUPER N BRANCA N 8;14;ATIVO;1;0;0;0;13/04/2026;28
NAO ALIMENTO;38064;VELA ANIV SUPER N BRANCA N 8;15;ATIVO;1;0;0;0;13/04/2026;28
NAO ALIMENTO;38064;VELA ANIV SUPER N BRANCA N 8;16;ATIVO;1;0;0;0;13/04/2026;28
NAO ALIMENTO;38064;VELA ANIV SUPER N BRANCA N 8;17;ATIVO;1;0;0;0;13/04/2026;28
NAO ALIMENTO;38064;VELA ANIV SUPER N BRANCA N 8;18;ATIVO;1;0;0;0;13/04/2026;28
NAO ALIMENTO;38064;VELA ANIV SUPER N BRANCA N 8;50;ATIVO;1;0;0;0;13/04/2026;28
NAO ALIMENTO;38059;VELA ANIV SUPER N N 0 PRATA;1;ATIVO;1;0;0;0;13/04/2026;28
NAO ALIMENTO;38059;VELA ANIV SUPER N N 0 PRATA;2;ATIVO;1;0;0;0;13/04/2026;28
NAO ALIMENTO;38059;VELA ANIV SUPER N N 0 PRATA;3;ATIVO;1;0;0;0;13/04/2026;28
NAO ALIMENTO;38059;VELA ANIV SUPER N N 0 PRATA;4;ATIVO;1;0;0;0;13/04/2026;28
NAO ALIMENTO;38059;VELA ANIV SUPER N N 0 PRATA;5;ATIVO;1;0;0;0;13/04/2026;28
NAO ALIMENTO;38059;VELA ANIV SUPER N N 0 PRATA;6;ATIVO;1;0;0;0;13/04/2026;28
NAO ALIMENTO;38059;VELA ANIV SUPER N N 0 PRATA;7;ATIVO;1;0;0;0;13/04/2026;28
NAO ALIMENTO;38059;VELA ANIV SUPER N N 0 PRATA;8;ATIVO;1;0;0;0;13/04/2026;28
NAO ALIMENTO;38059;VELA ANIV SUPER N N 0 PRATA;11;ATIVO;1;0;0;0;13/04/2026;28
NAO ALIMENTO;38059;VELA ANIV SUPER N N 0 PRATA;12;ATIVO;1;0;0;0;13/04/2026;28
NAO ALIMENTO;38059;VELA ANIV SUPER N N 0 PRATA;13;ATIVO;1;0;0;0;13/04/2026;28
NAO ALIMENTO;38059;VELA ANIV SUPER N N 0 PRATA;14;ATIVO;1;0;0;0;13/04/2026;28
NAO ALIMENTO;38059;VELA ANIV SUPER N N 0 PRATA;15;ATIVO;1;0;0;0;13/04/2026;28
NAO ALIMENTO;38059;VELA ANIV SUPER N N 0 PRATA;16;ATIVO;1;0;0;0;13/04/2026;28
NAO ALIMENTO;38059;VELA ANIV SUPER N N 0 PRATA;17;ATIVO;1;0;0;0;13/04/2026;28
NAO ALIMENTO;38059;VELA ANIV SUPER N N 0 PRATA;18;ATIVO;1;0;0;0;13/04/2026;28
NAO ALIMENTO;38059;VELA ANIV SUPER N N 0 PRATA;50;ATIVO;1;0;0;0;13/04/2026;28
NAO ALIMENTO;38065;VELA ANIV SUPER N PRATA N 7;1;ATIVO;1;0;0;0;13/04/2026;28
NAO ALIMENTO;38065;VELA ANIV SUPER N PRATA N 7;2;ATIVO;1;0;0;0;13/04/2026;28
NAO ALIMENTO;38065;VELA ANIV SUPER N PRATA N 7;3;ATIVO;1;0;0;0;13/04/2026;28
NAO ALIMENTO;38065;VELA ANIV SUPER N PRATA N 7;4;ATIVO;1;0;0;0;13/04/2026;28
NAO ALIMENTO;38065;VELA ANIV SUPER N PRATA N 7;5;ATIVO;1;0;0;0;13/04/2026;28
NAO ALIMENTO;38065;VELA ANIV SUPER N PRATA N 7;6;ATIVO;1;0;0;0;13/04/2026;28
NAO ALIMENTO;38065;VELA ANIV SUPER N PRATA N 7;7;ATIVO;1;0;0;0;13/04/2026;28
NAO ALIMENTO;38065;VELA ANIV SUPER N PRATA N 7;8;ATIVO;1;0;0;0;13/04/2026;28
NAO ALIMENTO;38065;VELA ANIV SUPER N PRATA N 7;11;ATIVO;1;0;0;0;13/04/2026;28
NAO ALIMENTO;38065;VELA ANIV SUPER N PRATA N 7;12;ATIVO;1;0;0;0;13/04/2026;28
NAO ALIMENTO;38065;VELA ANIV SUPER N PRATA N 7;13;ATIVO;1;0;0;0;13/04/2026;28
NAO ALIMENTO;38065;VELA ANIV SUPER N PRATA N 7;14;ATIVO;1;0;0;0;13/04/2026;28
NAO ALIMENTO;38065;VELA ANIV SUPER N PRATA N 7;15;ATIVO;1;0;0;0;13/04/2026;28
NAO ALIMENTO;38065;VELA ANIV SUPER N PRATA N 7;16;ATIVO;1;0;0;0;13/04/2026;28
NAO ALIMENTO;38065;VELA ANIV SUPER N PRATA N 7;17;ATIVO;1;0;0;0;13/04/2026;28
NAO ALIMENTO;38065;VELA ANIV SUPER N PRATA N 7;18;ATIVO;1;0;0;0;13/04/2026;28
NAO ALIMENTO;38065;VELA ANIV SUPER N PRATA N 7;50;ATIVO;1;0;0;0;13/04/2026;28
NAO ALIMENTO;38276;VELA ANIV SUPER N ROSA N 7;1;ATIVO;1;0;0;0;29/04/2026;12
NAO ALIMENTO;38276;VELA ANIV SUPER N ROSA N 7;2;ATIVO;1;0;0;0;29/04/2026;12
NAO ALIMENTO;38276;VELA ANIV SUPER N ROSA N 7;3;ATIVO;1;0;0;0;29/04/2026;12
NAO ALIMENTO;38276;VELA ANIV SUPER N ROSA N 7;4;ATIVO;1;0;0;0;29/04/2026;12
NAO ALIMENTO;38276;VELA ANIV SUPER N ROSA N 7;5;ATIVO;1;0;0;0;29/04/2026;12
NAO ALIMENTO;38276;VELA ANIV SUPER N ROSA N 7;6;ATIVO;1;0;0;0;29/04/2026;12
NAO ALIMENTO;38276;VELA ANIV SUPER N ROSA N 7;7;ATIVO;1;0;0;0;29/04/2026;12
NAO ALIMENTO;38276;VELA ANIV SUPER N ROSA N 7;8;ATIVO;1;0;0;0;29/04/2026;12
NAO ALIMENTO;38276;VELA ANIV SUPER N ROSA N 7;11;ATIVO;1;0;0;0;29/04/2026;12
NAO ALIMENTO;38276;VELA ANIV SUPER N ROSA N 7;12;ATIVO;1;0;0;0;29/04/2026;12
NAO ALIMENTO;38276;VELA ANIV SUPER N ROSA N 7;13;ATIVO;1;0;0;0;29/04/2026;12
NAO ALIMENTO;38276;VELA ANIV SUPER N ROSA N 7;14;ATIVO;1;0;0;0;29/04/2026;12
NAO ALIMENTO;38276;VELA ANIV SUPER N ROSA N 7;15;ATIVO;1;0;0;0;29/04/2026;12
NAO ALIMENTO;38276;VELA ANIV SUPER N ROSA N 7;16;ATIVO;1;0;0;0;29/04/2026;12
NAO ALIMENTO;38276;VELA ANIV SUPER N ROSA N 7;17;ATIVO;1;0;0;0;29/04/2026;12
NAO ALIMENTO;38276;VELA ANIV SUPER N ROSA N 7;18;ATIVO;1;0;0;0;29/04/2026;12
NAO ALIMENTO;38276;VELA ANIV SUPER N ROSA N 7;50;ATIVO;1;0;0;0;29/04/2026;12
NAO ALIMENTO;38057;VELA ANIV SUPER N VERMELHO N 9;1;ATIVO;1;0;0;0;13/04/2026;28
NAO ALIMENTO;38057;VELA ANIV SUPER N VERMELHO N 9;2;ATIVO;1;0;0;0;13/04/2026;28
NAO ALIMENTO;38057;VELA ANIV SUPER N VERMELHO N 9;3;ATIVO;1;0;0;0;13/04/2026;28
NAO ALIMENTO;38057;VELA ANIV SUPER N VERMELHO N 9;4;ATIVO;1;0;0;0;13/04/2026;28
NAO ALIMENTO;38057;VELA ANIV SUPER N VERMELHO N 9;5;ATIVO;1;0;0;0;13/04/2026;28
NAO ALIMENTO;38057;VELA ANIV SUPER N VERMELHO N 9;6;ATIVO;1;0;0;0;13/04/2026;28
NAO ALIMENTO;38057;VELA ANIV SUPER N VERMELHO N 9;7;ATIVO;1;-1;0;0;13/04/2026;28
NAO ALIMENTO;38057;VELA ANIV SUPER N VERMELHO N 9;8;ATIVO;1;0;0;0;13/04/2026;28
NAO ALIMENTO;38057;VELA ANIV SUPER N VERMELHO N 9;11;ATIVO;1;0;0;0;13/04/2026;28
NAO ALIMENTO;38057;VELA ANIV SUPER N VERMELHO N 9;12;ATIVO;1;0;0;0;13/04/2026;28
NAO ALIMENTO;38057;VELA ANIV SUPER N VERMELHO N 9;13;ATIVO;1;0;0;0;13/04/2026;28
NAO ALIMENTO;38057;VELA ANIV SUPER N VERMELHO N 9;14;ATIVO;1;0;0;0;13/04/2026;28
NAO ALIMENTO;38057;VELA ANIV SUPER N VERMELHO N 9;15;ATIVO;1;0;0;0;13/04/2026;28
NAO ALIMENTO;38057;VELA ANIV SUPER N VERMELHO N 9;16;ATIVO;1;0;0;0;13/04/2026;28
NAO ALIMENTO;38057;VELA ANIV SUPER N VERMELHO N 9;17;ATIVO;1;0;0;0;13/04/2026;28
NAO ALIMENTO;38057;VELA ANIV SUPER N VERMELHO N 9;18;ATIVO;1;0;0;0;13/04/2026;28
NAO ALIMENTO;38057;VELA ANIV SUPER N VERMELHO N 9;50;ATIVO;1;0;0;0;13/04/2026;28
NAO ALIMENTO;38068;VELA RENEW GLITTER PRATA N9;1;ATIVO;1;0;0;0;13/04/2026;28
NAO ALIMENTO;38068;VELA RENEW GLITTER PRATA N9;2;ATIVO;1;0;0;0;13/04/2026;28
NAO ALIMENTO;38068;VELA RENEW GLITTER PRATA N9;3;ATIVO;1;0;0;0;13/04/2026;28
NAO ALIMENTO;38068;VELA RENEW GLITTER PRATA N9;4;ATIVO;1;0;0;0;13/04/2026;28
NAO ALIMENTO;38068;VELA RENEW GLITTER PRATA N9;5;ATIVO;1;0;0;0;13/04/2026;28
NAO ALIMENTO;38068;VELA RENEW GLITTER PRATA N9;6;ATIVO;1;0;0;0;13/04/2026;28
NAO ALIMENTO;38068;VELA RENEW GLITTER PRATA N9;7;ATIVO;1;0;0;0;13/04/2026;28
NAO ALIMENTO;38068;VELA RENEW GLITTER PRATA N9;8;ATIVO;1;0;0;0;13/04/2026;28
NAO ALIMENTO;38068;VELA RENEW GLITTER PRATA N9;11;ATIVO;1;0;0;0;13/04/2026;28
NAO ALIMENTO;38068;VELA RENEW GLITTER PRATA N9;12;ATIVO;1;0;0;0;13/04/2026;28
NAO ALIMENTO;38068;VELA RENEW GLITTER PRATA N9;13;ATIVO;1;0;0;0;13/04/2026;28
NAO ALIMENTO;38068;VELA RENEW GLITTER PRATA N9;14;ATIVO;1;0;0;0;13/04/2026;28
NAO ALIMENTO;38068;VELA RENEW GLITTER PRATA N9;15;ATIVO;1;0;0;0;13/04/2026;28
NAO ALIMENTO;38068;VELA RENEW GLITTER PRATA N9;16;ATIVO;1;0;0;0;13/04/2026;28
NAO ALIMENTO;38068;VELA RENEW GLITTER PRATA N9;17;ATIVO;1;0;0;0;13/04/2026;28
NAO ALIMENTO;38068;VELA RENEW GLITTER PRATA N9;18;ATIVO;1;0;0;0;13/04/2026;28
NAO ALIMENTO;38068;VELA RENEW GLITTER PRATA N9;50;ATIVO;1;0;0;0;13/04/2026;28
NAO ALIMENTO;38220;XICARA CHA 250ML S PIRES CM72;1;ATIVO;1;0;0;0;24/04/2026;17
NAO ALIMENTO;38220;XICARA CHA 250ML S PIRES CM72;2;ATIVO;1;0;0;0;24/04/2026;17
NAO ALIMENTO;38220;XICARA CHA 250ML S PIRES CM72;3;ATIVO;1;9;20;0;24/04/2026;17
NAO ALIMENTO;38220;XICARA CHA 250ML S PIRES CM72;4;ATIVO;1;0;0;0;24/04/2026;17
NAO ALIMENTO;38220;XICARA CHA 250ML S PIRES CM72;5;ATIVO;1;16;0;0;24/04/2026;17
NAO ALIMENTO;38220;XICARA CHA 250ML S PIRES CM72;6;ATIVO;1;16;0;0;24/04/2026;17
NAO ALIMENTO;38220;XICARA CHA 250ML S PIRES CM72;7;ATIVO;1;19;0;0;24/04/2026;17
NAO ALIMENTO;38220;XICARA CHA 250ML S PIRES CM72;8;ATIVO;1;20;0;0;24/04/2026;17
NAO ALIMENTO;38220;XICARA CHA 250ML S PIRES CM72;11;ATIVO;1;21;0;0;24/04/2026;17
NAO ALIMENTO;38220;XICARA CHA 250ML S PIRES CM72;12;ATIVO;1;24;0;0;24/04/2026;17
NAO ALIMENTO;38220;XICARA CHA 250ML S PIRES CM72;13;ATIVO;1;32;0;0;24/04/2026;17
NAO ALIMENTO;38220;XICARA CHA 250ML S PIRES CM72;14;ATIVO;1;36;0;0;24/04/2026;17
NAO ALIMENTO;38220;XICARA CHA 250ML S PIRES CM72;15;ATIVO;1;0;0;0;24/04/2026;17
NAO ALIMENTO;38220;XICARA CHA 250ML S PIRES CM72;16;ATIVO;1;0;0;0;24/04/2026;17
NAO ALIMENTO;38220;XICARA CHA 250ML S PIRES CM72;17;ATIVO;1;24;0;0;24/04/2026;17
NAO ALIMENTO;38220;XICARA CHA 250ML S PIRES CM72;18;ATIVO;1;21;0;0;24/04/2026;17
NAO ALIMENTO;38220;XICARA CHA 250ML S PIRES CM72;50;ATIVO;1;16;0;0;24/04/2026;17
NAO ALIMENTO;38219;XICARA CHA VIDRO LILY 220ML CM48;1;ATIVO;48;0;0;0;24/04/2026;17
NAO ALIMENTO;38219;XICARA CHA VIDRO LILY 220ML CM48;2;ATIVO;48;0;0;0;24/04/2026;17
NAO ALIMENTO;38219;XICARA CHA VIDRO LILY 220ML CM48;3;ATIVO;48;39;0;0;24/04/2026;17
NAO ALIMENTO;38219;XICARA CHA VIDRO LILY 220ML CM48;4;ATIVO;48;0;0;0;24/04/2026;17
NAO ALIMENTO;38219;XICARA CHA VIDRO LILY 220ML CM48;5;ATIVO;48;0;0;0;24/04/2026;17
NAO ALIMENTO;38219;XICARA CHA VIDRO LILY 220ML CM48;6;ATIVO;48;0;0;0;24/04/2026;17
NAO ALIMENTO;38219;XICARA CHA VIDRO LILY 220ML CM48;7;ATIVO;48;41;0;0;24/04/2026;17
NAO ALIMENTO;38219;XICARA CHA VIDRO LILY 220ML CM48;8;ATIVO;48;45;0;0;24/04/2026;17
NAO ALIMENTO;38219;XICARA CHA VIDRO LILY 220ML CM48;11;ATIVO;48;40;0;0;24/04/2026;17
NAO ALIMENTO;38219;XICARA CHA VIDRO LILY 220ML CM48;12;ATIVO;48;0;0;0;24/04/2026;17
NAO ALIMENTO;38219;XICARA CHA VIDRO LILY 220ML CM48;13;ATIVO;48;45;0;0;24/04/2026;17
NAO ALIMENTO;38219;XICARA CHA VIDRO LILY 220ML CM48;14;ATIVO;48;0;0;0;24/04/2026;17
NAO ALIMENTO;38219;XICARA CHA VIDRO LILY 220ML CM48;15;ATIVO;48;0;0;0;24/04/2026;17
NAO ALIMENTO;38219;XICARA CHA VIDRO LILY 220ML CM48;16;ATIVO;48;0;0;0;24/04/2026;17
NAO ALIMENTO;38219;XICARA CHA VIDRO LILY 220ML CM48;17;ATIVO;48;0;0;0;24/04/2026;17
NAO ALIMENTO;38219;XICARA CHA VIDRO LILY 220ML CM48;18;ATIVO;48;42;0;0;24/04/2026;17
NAO ALIMENTO;38219;XICARA CHA VIDRO LILY 220ML CM48;50;ATIVO;48;48;0;0;24/04/2026;17
NAO ALIMENTO;38160;XICARA CHILE JUMBO 510ML;1;ATIVO;1;0;0;0;17/04/2026;24
NAO ALIMENTO;38160;XICARA CHILE JUMBO 510ML;2;ATIVO;1;0;0;0;17/04/2026;24
NAO ALIMENTO;38160;XICARA CHILE JUMBO 510ML;3;ATIVO;1;0;0;0;17/04/2026;24
NAO ALIMENTO;38160;XICARA CHILE JUMBO 510ML;4;ATIVO;1;0;0;0;17/04/2026;24
NAO ALIMENTO;38160;XICARA CHILE JUMBO 510ML;5;ATIVO;1;0;0;0;17/04/2026;24
NAO ALIMENTO;38160;XICARA CHILE JUMBO 510ML;6;ATIVO;1;0;0;0;17/04/2026;24
NAO ALIMENTO;38160;XICARA CHILE JUMBO 510ML;7;ATIVO;1;0;0;0;17/04/2026;24
NAO ALIMENTO;38160;XICARA CHILE JUMBO 510ML;8;ATIVO;1;0;0;0;17/04/2026;24
NAO ALIMENTO;38160;XICARA CHILE JUMBO 510ML;11;ATIVO;1;0;0;0;17/04/2026;24
NAO ALIMENTO;38160;XICARA CHILE JUMBO 510ML;12;ATIVO;1;0;0;0;17/04/2026;24
NAO ALIMENTO;38160;XICARA CHILE JUMBO 510ML;13;ATIVO;1;0;0;0;17/04/2026;24
NAO ALIMENTO;38160;XICARA CHILE JUMBO 510ML;14;ATIVO;1;0;0;0;17/04/2026;24
NAO ALIMENTO;38160;XICARA CHILE JUMBO 510ML;15;ATIVO;1;0;0;0;17/04/2026;24
NAO ALIMENTO;38160;XICARA CHILE JUMBO 510ML;16;ATIVO;1;0;0;0;17/04/2026;24
NAO ALIMENTO;38160;XICARA CHILE JUMBO 510ML;17;ATIVO;1;0;0;0;17/04/2026;24
NAO ALIMENTO;38160;XICARA CHILE JUMBO 510ML;18;ATIVO;1;0;0;0;17/04/2026;24
NAO ALIMENTO;38160;XICARA CHILE JUMBO 510ML;50;ATIVO;1;0;0;0;17/04/2026;24
NAO ALIMENTO;38338;XICARAS CHA OXFORD 200ML C PIRES;1;ATIVO;1;0;0;0;05/05/2026;6
NAO ALIMENTO;38338;XICARAS CHA OXFORD 200ML C PIRES;2;ATIVO;1;0;0;0;05/05/2026;6
NAO ALIMENTO;38338;XICARAS CHA OXFORD 200ML C PIRES;3;ATIVO;1;0;0;0;05/05/2026;6
NAO ALIMENTO;38338;XICARAS CHA OXFORD 200ML C PIRES;4;ATIVO;1;0;0;0;05/05/2026;6
NAO ALIMENTO;38338;XICARAS CHA OXFORD 200ML C PIRES;5;ATIVO;1;0;0;0;05/05/2026;6
NAO ALIMENTO;38338;XICARAS CHA OXFORD 200ML C PIRES;6;ATIVO;1;0;0;0;05/05/2026;6
NAO ALIMENTO;38338;XICARAS CHA OXFORD 200ML C PIRES;7;ATIVO;1;0;0;0;05/05/2026;6
NAO ALIMENTO;38338;XICARAS CHA OXFORD 200ML C PIRES;8;ATIVO;1;0;0;0;05/05/2026;6
NAO ALIMENTO;38338;XICARAS CHA OXFORD 200ML C PIRES;11;ATIVO;1;0;0;0;05/05/2026;6
NAO ALIMENTO;38338;XICARAS CHA OXFORD 200ML C PIRES;12;ATIVO;1;0;0;0;05/05/2026;6
NAO ALIMENTO;38338;XICARAS CHA OXFORD 200ML C PIRES;13;ATIVO;1;0;0;0;05/05/2026;6
NAO ALIMENTO;38338;XICARAS CHA OXFORD 200ML C PIRES;14;ATIVO;1;0;0;0;05/05/2026;6
NAO ALIMENTO;38338;XICARAS CHA OXFORD 200ML C PIRES;15;ATIVO;1;0;0;0;05/05/2026;6
NAO ALIMENTO;38338;XICARAS CHA OXFORD 200ML C PIRES;16;ATIVO;1;0;0;0;05/05/2026;6
NAO ALIMENTO;38338;XICARAS CHA OXFORD 200ML C PIRES;17;ATIVO;1;0;0;0;05/05/2026;6
NAO ALIMENTO;38338;XICARAS CHA OXFORD 200ML C PIRES;18;ATIVO;1;0;0;0;05/05/2026;6
NAO ALIMENTO;38338;XICARAS CHA OXFORD 200ML C PIRES;50;ATIVO;1;0;0;0;05/05/2026;6
NAO ALIMENTO;38138;XICARAS CHA OXFORD 200ML C PIRES LI;1;ATIVO;1;0;0;0;16/04/2026;25
NAO ALIMENTO;38138;XICARAS CHA OXFORD 200ML C PIRES LI;2;ATIVO;1;0;0;0;16/04/2026;25
NAO ALIMENTO;38138;XICARAS CHA OXFORD 200ML C PIRES LI;3;ATIVO;1;0;0;0;16/04/2026;25
NAO ALIMENTO;38138;XICARAS CHA OXFORD 200ML C PIRES LI;4;ATIVO;1;0;0;0;16/04/2026;25
NAO ALIMENTO;38138;XICARAS CHA OXFORD 200ML C PIRES LI;5;ATIVO;1;0;0;0;16/04/2026;25
NAO ALIMENTO;38138;XICARAS CHA OXFORD 200ML C PIRES LI;6;ATIVO;1;0;0;0;16/04/2026;25
NAO ALIMENTO;38138;XICARAS CHA OXFORD 200ML C PIRES LI;7;ATIVO;1;0;0;0;16/04/2026;25
NAO ALIMENTO;38138;XICARAS CHA OXFORD 200ML C PIRES LI;8;ATIVO;1;0;0;0;16/04/2026;25
NAO ALIMENTO;38138;XICARAS CHA OXFORD 200ML C PIRES LI;11;ATIVO;1;0;0;0;16/04/2026;25
NAO ALIMENTO;38138;XICARAS CHA OXFORD 200ML C PIRES LI;12;ATIVO;1;0;0;0;16/04/2026;25
NAO ALIMENTO;38138;XICARAS CHA OXFORD 200ML C PIRES LI;13;ATIVO;1;0;0;0;16/04/2026;25
NAO ALIMENTO;38138;XICARAS CHA OXFORD 200ML C PIRES LI;14;ATIVO;1;0;0;0;16/04/2026;25
NAO ALIMENTO;38138;XICARAS CHA OXFORD 200ML C PIRES LI;15;ATIVO;1;0;0;0;16/04/2026;25
NAO ALIMENTO;38138;XICARAS CHA OXFORD 200ML C PIRES LI;16;ATIVO;1;0;0;0;16/04/2026;25
NAO ALIMENTO;38138;XICARAS CHA OXFORD 200ML C PIRES LI;17;ATIVO;1;0;0;0;16/04/2026;25
NAO ALIMENTO;38138;XICARAS CHA OXFORD 200ML C PIRES LI;18;ATIVO;1;0;0;0;16/04/2026;25
NAO ALIMENTO;38138;XICARAS CHA OXFORD 200ML C PIRES LI;50;ATIVO;1;0;0;0;16/04/2026;25
PERECIVEIS;38288;ALHO KG BA;1;ATIVO;1;0;0;0;30/04/2026;11
PERECIVEIS;38288;ALHO KG BA;2;ATIVO;1;0;0;0;30/04/2026;11
PERECIVEIS;38288;ALHO KG BA;3;ATIVO;1;0;0;0;30/04/2026;11
PERECIVEIS;38288;ALHO KG BA;4;ATIVO;1;0;0;0;30/04/2026;11
PERECIVEIS;38288;ALHO KG BA;5;ATIVO;1;0;0;0;30/04/2026;11
PERECIVEIS;38288;ALHO KG BA;6;ATIVO;1;0;0;0;30/04/2026;11
PERECIVEIS;38288;ALHO KG BA;7;ATIVO;1;0;0;0;30/04/2026;11
PERECIVEIS;38288;ALHO KG BA;8;ATIVO;1;0;0;0;30/04/2026;11
PERECIVEIS;38288;ALHO KG BA;11;ATIVO;1;0;0;0;30/04/2026;11
PERECIVEIS;38288;ALHO KG BA;12;ATIVO;1;0;0;0;30/04/2026;11
PERECIVEIS;38288;ALHO KG BA;13;ATIVO;1;0;0;0;30/04/2026;11
PERECIVEIS;38288;ALHO KG BA;14;ATIVO;1;0;0;0;30/04/2026;11
PERECIVEIS;38288;ALHO KG BA;15;ATIVO;1;0;0;0;30/04/2026;11
PERECIVEIS;38288;ALHO KG BA;16;ATIVO;1;0;0;0;30/04/2026;11
PERECIVEIS;38288;ALHO KG BA;17;ATIVO;1;0;0;0;30/04/2026;11
PERECIVEIS;38288;ALHO KG BA;18;ATIVO;1;0;0;0;30/04/2026;11
PERECIVEIS;38288;ALHO KG BA;50;ATIVO;1;0;0;0;30/04/2026;11
PERECIVEIS;38281;BISNAGA PULLMAN ARTES 300GR BRIOCHE;1;ATIVO;1;0;12;0;29/04/2026;12
PERECIVEIS;38281;BISNAGA PULLMAN ARTES 300GR BRIOCHE;2;ATIVO;1;0;48;0;29/04/2026;12
PERECIVEIS;38281;BISNAGA PULLMAN ARTES 300GR BRIOCHE;3;ATIVO;1;0;48;0;29/04/2026;12
PERECIVEIS;38281;BISNAGA PULLMAN ARTES 300GR BRIOCHE;4;ATIVO;1;0;48;0;29/04/2026;12
PERECIVEIS;38281;BISNAGA PULLMAN ARTES 300GR BRIOCHE;5;ATIVO;1;0;48;0;29/04/2026;12
PERECIVEIS;38281;BISNAGA PULLMAN ARTES 300GR BRIOCHE;6;ATIVO;1;0;48;0;29/04/2026;12
PERECIVEIS;38281;BISNAGA PULLMAN ARTES 300GR BRIOCHE;7;ATIVO;1;0;48;0;29/04/2026;12
PERECIVEIS;38281;BISNAGA PULLMAN ARTES 300GR BRIOCHE;8;ATIVO;1;0;48;0;29/04/2026;12
PERECIVEIS;38281;BISNAGA PULLMAN ARTES 300GR BRIOCHE;11;ATIVO;1;0;48;0;29/04/2026;12
PERECIVEIS;38281;BISNAGA PULLMAN ARTES 300GR BRIOCHE;12;ATIVO;1;0;48;0;29/04/2026;12
PERECIVEIS;38281;BISNAGA PULLMAN ARTES 300GR BRIOCHE;13;ATIVO;1;0;48;0;29/04/2026;12
PERECIVEIS;38281;BISNAGA PULLMAN ARTES 300GR BRIOCHE;14;ATIVO;1;0;48;0;29/04/2026;12
PERECIVEIS;38281;BISNAGA PULLMAN ARTES 300GR BRIOCHE;15;ATIVO;1;0;0;0;29/04/2026;12
PERECIVEIS;38281;BISNAGA PULLMAN ARTES 300GR BRIOCHE;16;ATIVO;1;0;0;0;29/04/2026;12
PERECIVEIS;38281;BISNAGA PULLMAN ARTES 300GR BRIOCHE;17;ATIVO;1;0;48;0;29/04/2026;12
PERECIVEIS;38281;BISNAGA PULLMAN ARTES 300GR BRIOCHE;18;ATIVO;1;0;24;0;29/04/2026;12
PERECIVEIS;38281;BISNAGA PULLMAN ARTES 300GR BRIOCHE;50;ATIVO;1;0;0;0;29/04/2026;12
PERECIVEIS;38105;CAQUI RAMA FORTE BDJ 600G;1;ATIVO;10;0;0;0;14/04/2026;27
PERECIVEIS;38105;CAQUI RAMA FORTE BDJ 600G;2;ATIVO;10;25;0;0;14/04/2026;27
PERECIVEIS;38105;CAQUI RAMA FORTE BDJ 600G;3;ATIVO;10;2;0;0;14/04/2026;27
PERECIVEIS;38105;CAQUI RAMA FORTE BDJ 600G;4;ATIVO;10;1;0;0;14/04/2026;27
PERECIVEIS;38105;CAQUI RAMA FORTE BDJ 600G;5;ATIVO;10;6;0;0;14/04/2026;27
PERECIVEIS;38105;CAQUI RAMA FORTE BDJ 600G;6;ATIVO;10;14;0;0;14/04/2026;27
PERECIVEIS;38105;CAQUI RAMA FORTE BDJ 600G;7;ATIVO;10;29;0;0;14/04/2026;27
PERECIVEIS;38105;CAQUI RAMA FORTE BDJ 600G;8;ATIVO;10;16;0;0;14/04/2026;27
PERECIVEIS;38105;CAQUI RAMA FORTE BDJ 600G;11;ATIVO;10;-2;0;0;14/04/2026;27
PERECIVEIS;38105;CAQUI RAMA FORTE BDJ 600G;12;ATIVO;10;6;0;0;14/04/2026;27
PERECIVEIS;38105;CAQUI RAMA FORTE BDJ 600G;13;ATIVO;10;34;0;0;14/04/2026;27
PERECIVEIS;38105;CAQUI RAMA FORTE BDJ 600G;14;ATIVO;10;24;0;0;14/04/2026;27
PERECIVEIS;38105;CAQUI RAMA FORTE BDJ 600G;15;ATIVO;10;0;0;0;14/04/2026;27
PERECIVEIS;38105;CAQUI RAMA FORTE BDJ 600G;16;ATIVO;10;0;0;0;14/04/2026;27
PERECIVEIS;38105;CAQUI RAMA FORTE BDJ 600G;17;ATIVO;10;16;0;0;14/04/2026;27
PERECIVEIS;38105;CAQUI RAMA FORTE BDJ 600G;18;ATIVO;10;19;0;0;14/04/2026;27
PERECIVEIS;38105;CAQUI RAMA FORTE BDJ 600G;50;ATIVO;10;0;0;0;14/04/2026;27
PERECIVEIS;38097;CEBOLA ANEIS EXCELSIOR 400G;1;ATIVO;20;0;0;0;14/04/2026;27
PERECIVEIS;38097;CEBOLA ANEIS EXCELSIOR 400G;2;ATIVO;20;41;0;0;14/04/2026;27
PERECIVEIS;38097;CEBOLA ANEIS EXCELSIOR 400G;3;ATIVO;20;37;0;0;14/04/2026;27
PERECIVEIS;38097;CEBOLA ANEIS EXCELSIOR 400G;4;ATIVO;20;57;0;0;14/04/2026;27
PERECIVEIS;38097;CEBOLA ANEIS EXCELSIOR 400G;5;ATIVO;20;7;0;0;14/04/2026;27
PERECIVEIS;38097;CEBOLA ANEIS EXCELSIOR 400G;6;ATIVO;20;32;0;0;14/04/2026;27
PERECIVEIS;38097;CEBOLA ANEIS EXCELSIOR 400G;7;ATIVO;20;31;0;0;14/04/2026;27
PERECIVEIS;38097;CEBOLA ANEIS EXCELSIOR 400G;8;ATIVO;20;40;0;0;14/04/2026;27
PERECIVEIS;38097;CEBOLA ANEIS EXCELSIOR 400G;11;ATIVO;20;26;0;0;14/04/2026;27
PERECIVEIS;38097;CEBOLA ANEIS EXCELSIOR 400G;12;ATIVO;20;65;0;0;14/04/2026;27
PERECIVEIS;38097;CEBOLA ANEIS EXCELSIOR 400G;13;ATIVO;20;3;20;0;14/04/2026;27
PERECIVEIS;38097;CEBOLA ANEIS EXCELSIOR 400G;14;ATIVO;20;10;20;0;14/04/2026;27
PERECIVEIS;38097;CEBOLA ANEIS EXCELSIOR 400G;15;ATIVO;20;0;0;0;14/04/2026;27
PERECIVEIS;38097;CEBOLA ANEIS EXCELSIOR 400G;16;ATIVO;20;0;0;0;14/04/2026;27
PERECIVEIS;38097;CEBOLA ANEIS EXCELSIOR 400G;17;ATIVO;20;17;0;0;14/04/2026;27
PERECIVEIS;38097;CEBOLA ANEIS EXCELSIOR 400G;18;ATIVO;20;59;0;0;14/04/2026;27
PERECIVEIS;38097;CEBOLA ANEIS EXCELSIOR 400G;50;ATIVO;20;0;0;0;14/04/2026;27
PERECIVEIS;38337;COCO SECO KG CORTADO;1;ATIVO;18;0;0;0;05/05/2026;6
PERECIVEIS;38337;COCO SECO KG CORTADO;2;ATIVO;18;0;0;0;05/05/2026;6
PERECIVEIS;38337;COCO SECO KG CORTADO;3;ATIVO;18;0;0;0;05/05/2026;6
PERECIVEIS;38337;COCO SECO KG CORTADO;4;ATIVO;18;0;0;0;05/05/2026;6
PERECIVEIS;38337;COCO SECO KG CORTADO;5;ATIVO;18;0;0;0;05/05/2026;6
PERECIVEIS;38337;COCO SECO KG CORTADO;6;ATIVO;18;0;0;0;05/05/2026;6
PERECIVEIS;38337;COCO SECO KG CORTADO;7;ATIVO;18;0;0;0;05/05/2026;6
PERECIVEIS;38337;COCO SECO KG CORTADO;8;ATIVO;18;0;0;0;05/05/2026;6
PERECIVEIS;38337;COCO SECO KG CORTADO;11;ATIVO;18;0;0;0;05/05/2026;6
PERECIVEIS;38337;COCO SECO KG CORTADO;12;ATIVO;18;0;0;0;05/05/2026;6
PERECIVEIS;38337;COCO SECO KG CORTADO;13;ATIVO;18;0;0;0;05/05/2026;6
PERECIVEIS;38337;COCO SECO KG CORTADO;14;ATIVO;18;0;0;0;05/05/2026;6
PERECIVEIS;38337;COCO SECO KG CORTADO;15;ATIVO;18;0;0;0;05/05/2026;6
PERECIVEIS;38337;COCO SECO KG CORTADO;16;ATIVO;18;0;0;0;05/05/2026;6
PERECIVEIS;38337;COCO SECO KG CORTADO;17;ATIVO;18;0;0;0;05/05/2026;6
PERECIVEIS;38337;COCO SECO KG CORTADO;18;ATIVO;18;0;0;0;05/05/2026;6
PERECIVEIS;38337;COCO SECO KG CORTADO;50;ATIVO;18;0;0;0;05/05/2026;6
PERECIVEIS;38149;HAMBURGUER ASSADO UN;1;ATIVO;1;0;0;0;17/04/2026;24
PERECIVEIS;38149;HAMBURGUER ASSADO UN;2;ATIVO;1;0;0;0;17/04/2026;24
PERECIVEIS;38149;HAMBURGUER ASSADO UN;3;ATIVO;1;0;0;0;17/04/2026;24
PERECIVEIS;38149;HAMBURGUER ASSADO UN;4;ATIVO;1;0;0;0;17/04/2026;24
PERECIVEIS;38149;HAMBURGUER ASSADO UN;5;ATIVO;1;0;0;0;17/04/2026;24
PERECIVEIS;38149;HAMBURGUER ASSADO UN;6;ATIVO;1;0;0;0;17/04/2026;24
PERECIVEIS;38149;HAMBURGUER ASSADO UN;7;ATIVO;1;0;0;0;17/04/2026;24
PERECIVEIS;38149;HAMBURGUER ASSADO UN;8;ATIVO;1;0;0;0;17/04/2026;24
PERECIVEIS;38149;HAMBURGUER ASSADO UN;11;ATIVO;1;0;0;0;17/04/2026;24
PERECIVEIS;38149;HAMBURGUER ASSADO UN;12;ATIVO;1;0;0;0;17/04/2026;24
PERECIVEIS;38149;HAMBURGUER ASSADO UN;13;ATIVO;1;0;0;0;17/04/2026;24
PERECIVEIS;38149;HAMBURGUER ASSADO UN;14;ATIVO;1;0;0;0;17/04/2026;24
PERECIVEIS;38149;HAMBURGUER ASSADO UN;15;ATIVO;1;0;0;0;17/04/2026;24
PERECIVEIS;38149;HAMBURGUER ASSADO UN;16;ATIVO;1;0;0;0;17/04/2026;24
PERECIVEIS;38149;HAMBURGUER ASSADO UN;17;ATIVO;1;0;0;0;17/04/2026;24
PERECIVEIS;38149;HAMBURGUER ASSADO UN;18;ATIVO;1;0;0;0;17/04/2026;24
PERECIVEIS;38149;HAMBURGUER ASSADO UN;50;ATIVO;1;0;0;0;17/04/2026;24
PERECIVEIS;38150;LANCHE FOLHADO UN;1;ATIVO;1;0;0;0;17/04/2026;24
PERECIVEIS;38150;LANCHE FOLHADO UN;2;ATIVO;1;0;0;0;17/04/2026;24
PERECIVEIS;38150;LANCHE FOLHADO UN;3;ATIVO;1;0;0;0;17/04/2026;24
PERECIVEIS;38150;LANCHE FOLHADO UN;4;ATIVO;1;0;0;0;17/04/2026;24
PERECIVEIS;38150;LANCHE FOLHADO UN;5;ATIVO;1;0;0;0;17/04/2026;24
PERECIVEIS;38150;LANCHE FOLHADO UN;6;ATIVO;1;0;0;0;17/04/2026;24
PERECIVEIS;38150;LANCHE FOLHADO UN;7;ATIVO;1;0;0;0;17/04/2026;24
PERECIVEIS;38150;LANCHE FOLHADO UN;8;ATIVO;1;0;0;0;17/04/2026;24
PERECIVEIS;38150;LANCHE FOLHADO UN;11;ATIVO;1;0;0;0;17/04/2026;24
PERECIVEIS;38150;LANCHE FOLHADO UN;12;ATIVO;1;0;0;0;17/04/2026;24
PERECIVEIS;38150;LANCHE FOLHADO UN;13;ATIVO;1;0;0;0;17/04/2026;24
PERECIVEIS;38150;LANCHE FOLHADO UN;14;ATIVO;1;0;0;0;17/04/2026;24
PERECIVEIS;38150;LANCHE FOLHADO UN;15;ATIVO;1;0;0;0;17/04/2026;24
PERECIVEIS;38150;LANCHE FOLHADO UN;16;ATIVO;1;0;0;0;17/04/2026;24
PERECIVEIS;38150;LANCHE FOLHADO UN;17;ATIVO;1;0;0;0;17/04/2026;24
PERECIVEIS;38150;LANCHE FOLHADO UN;18;ATIVO;1;0;0;0;17/04/2026;24
PERECIVEIS;38150;LANCHE FOLHADO UN;50;ATIVO;1;0;0;0;17/04/2026;24
PERECIVEIS;38398;LEITE FERM UNIBABY GF 850G;1;ATIVO;6;0;0;0;08/05/2026;3
PERECIVEIS;38398;LEITE FERM UNIBABY GF 850G;2;ATIVO;6;0;6;0;08/05/2026;3
PERECIVEIS;38398;LEITE FERM UNIBABY GF 850G;3;ATIVO;6;0;12;0;08/05/2026;3
PERECIVEIS;38398;LEITE FERM UNIBABY GF 850G;4;ATIVO;6;0;6;0;08/05/2026;3
PERECIVEIS;38398;LEITE FERM UNIBABY GF 850G;5;ATIVO;6;0;0;0;08/05/2026;3
PERECIVEIS;38398;LEITE FERM UNIBABY GF 850G;6;ATIVO;6;0;0;0;08/05/2026;3
PERECIVEIS;38398;LEITE FERM UNIBABY GF 850G;7;ATIVO;6;0;0;0;08/05/2026;3
PERECIVEIS;38398;LEITE FERM UNIBABY GF 850G;8;ATIVO;6;0;0;0;08/05/2026;3
PERECIVEIS;38398;LEITE FERM UNIBABY GF 850G;11;ATIVO;6;0;0;0;08/05/2026;3
PERECIVEIS;38398;LEITE FERM UNIBABY GF 850G;12;ATIVO;6;0;6;0;08/05/2026;3
PERECIVEIS;38398;LEITE FERM UNIBABY GF 850G;13;ATIVO;6;0;0;0;08/05/2026;3
PERECIVEIS;38398;LEITE FERM UNIBABY GF 850G;14;ATIVO;6;0;12;0;08/05/2026;3
PERECIVEIS;38398;LEITE FERM UNIBABY GF 850G;15;ATIVO;6;0;0;0;08/05/2026;3
PERECIVEIS;38398;LEITE FERM UNIBABY GF 850G;16;ATIVO;6;0;0;0;08/05/2026;3
PERECIVEIS;38398;LEITE FERM UNIBABY GF 850G;17;ATIVO;6;0;0;0;08/05/2026;3
PERECIVEIS;38398;LEITE FERM UNIBABY GF 850G;18;ATIVO;6;0;12;0;08/05/2026;3
PERECIVEIS;38398;LEITE FERM UNIBABY GF 850G;50;ATIVO;6;0;0;0;08/05/2026;3
PERECIVEIS;38282;PAO PULLMAN FIBRA 370G MAIS PROT;1;ATIVO;1;0;0;0;29/04/2026;12
PERECIVEIS;38282;PAO PULLMAN FIBRA 370G MAIS PROT;2;ATIVO;1;0;26;0;29/04/2026;12
PERECIVEIS;38282;PAO PULLMAN FIBRA 370G MAIS PROT;3;ATIVO;1;0;39;0;29/04/2026;12
PERECIVEIS;38282;PAO PULLMAN FIBRA 370G MAIS PROT;4;ATIVO;1;0;26;0;29/04/2026;12
PERECIVEIS;38282;PAO PULLMAN FIBRA 370G MAIS PROT;5;ATIVO;1;0;13;0;29/04/2026;12
PERECIVEIS;38282;PAO PULLMAN FIBRA 370G MAIS PROT;6;ATIVO;1;0;13;0;29/04/2026;12
PERECIVEIS;38282;PAO PULLMAN FIBRA 370G MAIS PROT;7;ATIVO;1;0;13;0;29/04/2026;12
PERECIVEIS;38282;PAO PULLMAN FIBRA 370G MAIS PROT;8;ATIVO;1;0;13;0;29/04/2026;12
PERECIVEIS;38282;PAO PULLMAN FIBRA 370G MAIS PROT;11;ATIVO;1;0;26;0;29/04/2026;12
PERECIVEIS;38282;PAO PULLMAN FIBRA 370G MAIS PROT;12;ATIVO;1;0;26;0;29/04/2026;12
PERECIVEIS;38282;PAO PULLMAN FIBRA 370G MAIS PROT;13;ATIVO;1;0;26;0;29/04/2026;12
PERECIVEIS;38282;PAO PULLMAN FIBRA 370G MAIS PROT;14;ATIVO;1;0;26;0;29/04/2026;12
PERECIVEIS;38282;PAO PULLMAN FIBRA 370G MAIS PROT;15;ATIVO;1;0;0;0;29/04/2026;12
PERECIVEIS;38282;PAO PULLMAN FIBRA 370G MAIS PROT;16;ATIVO;1;0;0;0;29/04/2026;12
PERECIVEIS;38282;PAO PULLMAN FIBRA 370G MAIS PROT;17;ATIVO;1;0;26;0;29/04/2026;12
PERECIVEIS;38282;PAO PULLMAN FIBRA 370G MAIS PROT;18;ATIVO;1;0;26;0;29/04/2026;12
PERECIVEIS;38282;PAO PULLMAN FIBRA 370G MAIS PROT;50;ATIVO;1;0;0;0;29/04/2026;12
PERECIVEIS;38148;SANDUICHE BAURU UN;1;ATIVO;1;0;0;0;17/04/2026;24
PERECIVEIS;38148;SANDUICHE BAURU UN;2;ATIVO;1;0;0;0;17/04/2026;24
PERECIVEIS;38148;SANDUICHE BAURU UN;3;ATIVO;1;0;0;0;17/04/2026;24
PERECIVEIS;38148;SANDUICHE BAURU UN;4;ATIVO;1;0;0;0;17/04/2026;24
PERECIVEIS;38148;SANDUICHE BAURU UN;5;ATIVO;1;0;0;0;17/04/2026;24
PERECIVEIS;38148;SANDUICHE BAURU UN;6;ATIVO;1;0;0;0;17/04/2026;24
PERECIVEIS;38148;SANDUICHE BAURU UN;7;ATIVO;1;0;0;0;17/04/2026;24
PERECIVEIS;38148;SANDUICHE BAURU UN;8;ATIVO;1;0;0;0;17/04/2026;24
PERECIVEIS;38148;SANDUICHE BAURU UN;11;ATIVO;1;0;0;0;17/04/2026;24
PERECIVEIS;38148;SANDUICHE BAURU UN;12;ATIVO;1;0;0;0;17/04/2026;24
PERECIVEIS;38148;SANDUICHE BAURU UN;13;ATIVO;1;0;0;0;17/04/2026;24
PERECIVEIS;38148;SANDUICHE BAURU UN;14;ATIVO;1;0;0;0;17/04/2026;24
PERECIVEIS;38148;SANDUICHE BAURU UN;15;ATIVO;1;0;0;0;17/04/2026;24
PERECIVEIS;38148;SANDUICHE BAURU UN;16;ATIVO;1;0;0;0;17/04/2026;24
PERECIVEIS;38148;SANDUICHE BAURU UN;17;ATIVO;1;0;0;0;17/04/2026;24
PERECIVEIS;38148;SANDUICHE BAURU UN;18;ATIVO;1;0;0;0;17/04/2026;24
PERECIVEIS;38148;SANDUICHE BAURU UN;50;ATIVO;1;0;0;0;17/04/2026;24
PERECIVEIS;38152;SANDUICHE BOLONHA UN;1;ATIVO;1;0;0;0;17/04/2026;24
PERECIVEIS;38152;SANDUICHE BOLONHA UN;2;ATIVO;1;0;0;0;17/04/2026;24
PERECIVEIS;38152;SANDUICHE BOLONHA UN;3;ATIVO;1;0;0;0;17/04/2026;24
PERECIVEIS;38152;SANDUICHE BOLONHA UN;4;ATIVO;1;0;0;0;17/04/2026;24
PERECIVEIS;38152;SANDUICHE BOLONHA UN;5;ATIVO;1;0;0;0;17/04/2026;24
PERECIVEIS;38152;SANDUICHE BOLONHA UN;6;ATIVO;1;0;0;0;17/04/2026;24
PERECIVEIS;38152;SANDUICHE BOLONHA UN;7;ATIVO;1;0;0;0;17/04/2026;24
PERECIVEIS;38152;SANDUICHE BOLONHA UN;8;ATIVO;1;0;0;0;17/04/2026;24
PERECIVEIS;38152;SANDUICHE BOLONHA UN;11;ATIVO;1;0;0;0;17/04/2026;24
PERECIVEIS;38152;SANDUICHE BOLONHA UN;12;ATIVO;1;0;0;0;17/04/2026;24
PERECIVEIS;38152;SANDUICHE BOLONHA UN;13;ATIVO;1;0;0;0;17/04/2026;24
PERECIVEIS;38152;SANDUICHE BOLONHA UN;14;ATIVO;1;0;0;0;17/04/2026;24
PERECIVEIS;38152;SANDUICHE BOLONHA UN;15;ATIVO;1;0;0;0;17/04/2026;24
PERECIVEIS;38152;SANDUICHE BOLONHA UN;16;ATIVO;1;0;0;0;17/04/2026;24
PERECIVEIS;38152;SANDUICHE BOLONHA UN;17;ATIVO;1;0;0;0;17/04/2026;24
PERECIVEIS;38152;SANDUICHE BOLONHA UN;18;ATIVO;1;0;0;0;17/04/2026;24
PERECIVEIS;38152;SANDUICHE BOLONHA UN;50;ATIVO;1;0;0;0;17/04/2026;24
PERECIVEIS;38153;SANDUICHE PAO HAMBURGUER UN;1;ATIVO;1;0;0;0;17/04/2026;24
PERECIVEIS;38153;SANDUICHE PAO HAMBURGUER UN;2;ATIVO;1;0;0;0;17/04/2026;24
PERECIVEIS;38153;SANDUICHE PAO HAMBURGUER UN;3;ATIVO;1;0;0;0;17/04/2026;24
PERECIVEIS;38153;SANDUICHE PAO HAMBURGUER UN;4;ATIVO;1;0;0;0;17/04/2026;24
PERECIVEIS;38153;SANDUICHE PAO HAMBURGUER UN;5;ATIVO;1;0;0;0;17/04/2026;24
PERECIVEIS;38153;SANDUICHE PAO HAMBURGUER UN;6;ATIVO;1;0;0;0;17/04/2026;24
PERECIVEIS;38153;SANDUICHE PAO HAMBURGUER UN;7;ATIVO;1;0;0;0;17/04/2026;24
PERECIVEIS;38153;SANDUICHE PAO HAMBURGUER UN;8;ATIVO;1;0;0;0;17/04/2026;24
PERECIVEIS;38153;SANDUICHE PAO HAMBURGUER UN;11;ATIVO;1;0;0;0;17/04/2026;24
PERECIVEIS;38153;SANDUICHE PAO HAMBURGUER UN;12;ATIVO;1;0;0;0;17/04/2026;24
PERECIVEIS;38153;SANDUICHE PAO HAMBURGUER UN;13;ATIVO;1;0;0;0;17/04/2026;24
PERECIVEIS;38153;SANDUICHE PAO HAMBURGUER UN;14;ATIVO;1;0;0;0;17/04/2026;24
PERECIVEIS;38153;SANDUICHE PAO HAMBURGUER UN;15;ATIVO;1;0;0;0;17/04/2026;24
PERECIVEIS;38153;SANDUICHE PAO HAMBURGUER UN;16;ATIVO;1;0;0;0;17/04/2026;24
PERECIVEIS;38153;SANDUICHE PAO HAMBURGUER UN;17;ATIVO;1;0;0;0;17/04/2026;24
PERECIVEIS;38153;SANDUICHE PAO HAMBURGUER UN;18;ATIVO;1;0;0;0;17/04/2026;24
PERECIVEIS;38153;SANDUICHE PAO HAMBURGUER UN;50;ATIVO;1;0;0;0;17/04/2026;24
PERECIVEIS;38151;SANDUICHE PEITO DE FRANGO UN;1;ATIVO;1;0;0;0;17/04/2026;24
PERECIVEIS;38151;SANDUICHE PEITO DE FRANGO UN;2;ATIVO;1;0;0;0;17/04/2026;24
PERECIVEIS;38151;SANDUICHE PEITO DE FRANGO UN;3;ATIVO;1;0;0;0;17/04/2026;24
PERECIVEIS;38151;SANDUICHE PEITO DE FRANGO UN;4;ATIVO;1;0;0;0;17/04/2026;24
PERECIVEIS;38151;SANDUICHE PEITO DE FRANGO UN;5;ATIVO;1;0;0;0;17/04/2026;24
PERECIVEIS;38151;SANDUICHE PEITO DE FRANGO UN;6;ATIVO;1;0;0;0;17/04/2026;24
PERECIVEIS;38151;SANDUICHE PEITO DE FRANGO UN;7;ATIVO;1;0;0;0;17/04/2026;24
PERECIVEIS;38151;SANDUICHE PEITO DE FRANGO UN;8;ATIVO;1;0;0;0;17/04/2026;24
PERECIVEIS;38151;SANDUICHE PEITO DE FRANGO UN;11;ATIVO;1;0;0;0;17/04/2026;24
PERECIVEIS;38151;SANDUICHE PEITO DE FRANGO UN;12;ATIVO;1;0;0;0;17/04/2026;24
PERECIVEIS;38151;SANDUICHE PEITO DE FRANGO UN;13;ATIVO;1;0;0;0;17/04/2026;24
PERECIVEIS;38151;SANDUICHE PEITO DE FRANGO UN;14;ATIVO;1;0;0;0;17/04/2026;24
PERECIVEIS;38151;SANDUICHE PEITO DE FRANGO UN;15;ATIVO;1;0;0;0;17/04/2026;24
PERECIVEIS;38151;SANDUICHE PEITO DE FRANGO UN;16;ATIVO;1;0;0;0;17/04/2026;24
PERECIVEIS;38151;SANDUICHE PEITO DE FRANGO UN;17;ATIVO;1;0;0;0;17/04/2026;24
PERECIVEIS;38151;SANDUICHE PEITO DE FRANGO UN;18;ATIVO;1;0;0;0;17/04/2026;24
PERECIVEIS;38151;SANDUICHE PEITO DE FRANGO UN;50;ATIVO;1;0;0;0;17/04/2026;24
PERECIVEIS;38041;TIRINHAS AURORA FGO 900G;1;ATIVO;1;0;0;0;11/04/2026;30
PERECIVEIS;38041;TIRINHAS AURORA FGO 900G;2;ATIVO;1;0;0;0;11/04/2026;30
PERECIVEIS;38041;TIRINHAS AURORA FGO 900G;3;ATIVO;1;0;0;0;11/04/2026;30
PERECIVEIS;38041;TIRINHAS AURORA FGO 900G;4;ATIVO;1;0;0;0;11/04/2026;30
PERECIVEIS;38041;TIRINHAS AURORA FGO 900G;5;ATIVO;1;0;0;0;11/04/2026;30
PERECIVEIS;38041;TIRINHAS AURORA FGO 900G;6;ATIVO;1;0;0;0;11/04/2026;30
PERECIVEIS;38041;TIRINHAS AURORA FGO 900G;7;ATIVO;1;0;0;0;11/04/2026;30
PERECIVEIS;38041;TIRINHAS AURORA FGO 900G;8;ATIVO;1;-8;8;0;11/04/2026;30
PERECIVEIS;38041;TIRINHAS AURORA FGO 900G;11;ATIVO;1;0;0;0;11/04/2026;30
PERECIVEIS;38041;TIRINHAS AURORA FGO 900G;12;ATIVO;1;0;0;0;11/04/2026;30
PERECIVEIS;38041;TIRINHAS AURORA FGO 900G;13;ATIVO;1;0;0;0;11/04/2026;30
PERECIVEIS;38041;TIRINHAS AURORA FGO 900G;14;ATIVO;1;0;0;0;11/04/2026;30
PERECIVEIS;38041;TIRINHAS AURORA FGO 900G;15;ATIVO;1;0;0;0;11/04/2026;30
PERECIVEIS;38041;TIRINHAS AURORA FGO 900G;16;ATIVO;1;0;0;0;11/04/2026;30
PERECIVEIS;38041;TIRINHAS AURORA FGO 900G;17;ATIVO;1;0;0;0;11/04/2026;30
PERECIVEIS;38041;TIRINHAS AURORA FGO 900G;18;ATIVO;1;0;0;0;11/04/2026;30
PERECIVEIS;38041;TIRINHAS AURORA FGO 900G;50;ATIVO;1;0;0;0;11/04/2026;30
PERECIVEIS;38058;TRIPA SUINA ANZILIERO SALG 32X35;1;ATIVO;1;0;0;0;13/04/2026;28
PERECIVEIS;38058;TRIPA SUINA ANZILIERO SALG 32X35;2;ATIVO;1;0;0;0;13/04/2026;28
PERECIVEIS;38058;TRIPA SUINA ANZILIERO SALG 32X35;3;ATIVO;1;0;0;0;13/04/2026;28
PERECIVEIS;38058;TRIPA SUINA ANZILIERO SALG 32X35;4;ATIVO;1;0;0;0;13/04/2026;28
PERECIVEIS;38058;TRIPA SUINA ANZILIERO SALG 32X35;5;ATIVO;1;0;0;0;13/04/2026;28
PERECIVEIS;38058;TRIPA SUINA ANZILIERO SALG 32X35;6;ATIVO;1;0;0;0;13/04/2026;28
PERECIVEIS;38058;TRIPA SUINA ANZILIERO SALG 32X35;7;ATIVO;1;0;0;0;13/04/2026;28
PERECIVEIS;38058;TRIPA SUINA ANZILIERO SALG 32X35;8;ATIVO;1;0;0;0;13/04/2026;28
PERECIVEIS;38058;TRIPA SUINA ANZILIERO SALG 32X35;11;ATIVO;1;0;0;0;13/04/2026;28
PERECIVEIS;38058;TRIPA SUINA ANZILIERO SALG 32X35;12;ATIVO;1;0;0;0;13/04/2026;28
PERECIVEIS;38058;TRIPA SUINA ANZILIERO SALG 32X35;13;ATIVO;1;0;0;0;13/04/2026;28
PERECIVEIS;38058;TRIPA SUINA ANZILIERO SALG 32X35;14;ATIVO;1;0;0;0;13/04/2026;28
PERECIVEIS;38058;TRIPA SUINA ANZILIERO SALG 32X35;15;ATIVO;1;0;0;0;13/04/2026;28
PERECIVEIS;38058;TRIPA SUINA ANZILIERO SALG 32X35;16;ATIVO;1;0;0;0;13/04/2026;28
PERECIVEIS;38058;TRIPA SUINA ANZILIERO SALG 32X35;17;ATIVO;1;0;0;0;13/04/2026;28
PERECIVEIS;38058;TRIPA SUINA ANZILIERO SALG 32X35;18;ATIVO;1;0;0;0;13/04/2026;28
PERECIVEIS;38058;TRIPA SUINA ANZILIERO SALG 32X35;50;ATIVO;1;0;0;0;13/04/2026;28
PERFUMARIA_E_LIMPEZA;38400;BOM AR ELET LIQ FRAMB JAS RF 16ML;1;ATIVO;12;0;0;0;09/05/2026;2
PERFUMARIA_E_LIMPEZA;38400;BOM AR ELET LIQ FRAMB JAS RF 16ML;2;ATIVO;12;0;0;0;09/05/2026;2
PERFUMARIA_E_LIMPEZA;38400;BOM AR ELET LIQ FRAMB JAS RF 16ML;3;ATIVO;12;0;0;0;09/05/2026;2
PERFUMARIA_E_LIMPEZA;38400;BOM AR ELET LIQ FRAMB JAS RF 16ML;4;ATIVO;12;0;0;0;09/05/2026;2
PERFUMARIA_E_LIMPEZA;38400;BOM AR ELET LIQ FRAMB JAS RF 16ML;5;ATIVO;12;0;0;0;09/05/2026;2
PERFUMARIA_E_LIMPEZA;38400;BOM AR ELET LIQ FRAMB JAS RF 16ML;6;ATIVO;12;0;0;0;09/05/2026;2
PERFUMARIA_E_LIMPEZA;38400;BOM AR ELET LIQ FRAMB JAS RF 16ML;7;ATIVO;12;0;0;0;09/05/2026;2
PERFUMARIA_E_LIMPEZA;38400;BOM AR ELET LIQ FRAMB JAS RF 16ML;8;ATIVO;12;0;0;0;09/05/2026;2
PERFUMARIA_E_LIMPEZA;38400;BOM AR ELET LIQ FRAMB JAS RF 16ML;11;ATIVO;12;0;0;0;09/05/2026;2
PERFUMARIA_E_LIMPEZA;38400;BOM AR ELET LIQ FRAMB JAS RF 16ML;12;ATIVO;12;0;0;0;09/05/2026;2
PERFUMARIA_E_LIMPEZA;38400;BOM AR ELET LIQ FRAMB JAS RF 16ML;13;ATIVO;12;0;0;0;09/05/2026;2
PERFUMARIA_E_LIMPEZA;38400;BOM AR ELET LIQ FRAMB JAS RF 16ML;14;ATIVO;12;0;0;0;09/05/2026;2
PERFUMARIA_E_LIMPEZA;38400;BOM AR ELET LIQ FRAMB JAS RF 16ML;15;ATIVO;12;0;3;0;09/05/2026;2
PERFUMARIA_E_LIMPEZA;38400;BOM AR ELET LIQ FRAMB JAS RF 16ML;16;ATIVO;12;0;0;0;09/05/2026;2
PERFUMARIA_E_LIMPEZA;38400;BOM AR ELET LIQ FRAMB JAS RF 16ML;17;ATIVO;12;0;0;0;09/05/2026;2
PERFUMARIA_E_LIMPEZA;38400;BOM AR ELET LIQ FRAMB JAS RF 16ML;18;ATIVO;12;0;0;0;09/05/2026;2
PERFUMARIA_E_LIMPEZA;38400;BOM AR ELET LIQ FRAMB JAS RF 16ML;50;ATIVO;12;0;0;0;09/05/2026;2
PERFUMARIA_E_LIMPEZA;38399;BOM AR LIMAO SICILIANO 250ML REF;1;ATIVO;6;0;0;0;09/05/2026;2
PERFUMARIA_E_LIMPEZA;38399;BOM AR LIMAO SICILIANO 250ML REF;2;ATIVO;6;0;0;0;09/05/2026;2
PERFUMARIA_E_LIMPEZA;38399;BOM AR LIMAO SICILIANO 250ML REF;3;ATIVO;6;0;0;0;09/05/2026;2
PERFUMARIA_E_LIMPEZA;38399;BOM AR LIMAO SICILIANO 250ML REF;4;ATIVO;6;0;0;0;09/05/2026;2
PERFUMARIA_E_LIMPEZA;38399;BOM AR LIMAO SICILIANO 250ML REF;5;ATIVO;6;0;0;0;09/05/2026;2
PERFUMARIA_E_LIMPEZA;38399;BOM AR LIMAO SICILIANO 250ML REF;6;ATIVO;6;0;0;0;09/05/2026;2
PERFUMARIA_E_LIMPEZA;38399;BOM AR LIMAO SICILIANO 250ML REF;7;ATIVO;6;0;0;0;09/05/2026;2
PERFUMARIA_E_LIMPEZA;38399;BOM AR LIMAO SICILIANO 250ML REF;8;ATIVO;6;0;0;0;09/05/2026;2
PERFUMARIA_E_LIMPEZA;38399;BOM AR LIMAO SICILIANO 250ML REF;11;ATIVO;6;0;0;0;09/05/2026;2
PERFUMARIA_E_LIMPEZA;38399;BOM AR LIMAO SICILIANO 250ML REF;12;ATIVO;6;0;0;0;09/05/2026;2
PERFUMARIA_E_LIMPEZA;38399;BOM AR LIMAO SICILIANO 250ML REF;13;ATIVO;6;0;0;0;09/05/2026;2
PERFUMARIA_E_LIMPEZA;38399;BOM AR LIMAO SICILIANO 250ML REF;14;ATIVO;6;0;0;0;09/05/2026;2
PERFUMARIA_E_LIMPEZA;38399;BOM AR LIMAO SICILIANO 250ML REF;15;ATIVO;6;0;3;0;09/05/2026;2
PERFUMARIA_E_LIMPEZA;38399;BOM AR LIMAO SICILIANO 250ML REF;16;ATIVO;6;0;0;0;09/05/2026;2
PERFUMARIA_E_LIMPEZA;38399;BOM AR LIMAO SICILIANO 250ML REF;17;ATIVO;6;0;0;0;09/05/2026;2
PERFUMARIA_E_LIMPEZA;38399;BOM AR LIMAO SICILIANO 250ML REF;18;ATIVO;6;0;0;0;09/05/2026;2
PERFUMARIA_E_LIMPEZA;38399;BOM AR LIMAO SICILIANO 250ML REF;50;ATIVO;6;0;0;0;09/05/2026;2
PERFUMARIA_E_LIMPEZA;38401;BOM AR SPRAY AMB LAVANDA 236ML;1;ATIVO;8;0;0;0;09/05/2026;2
PERFUMARIA_E_LIMPEZA;38401;BOM AR SPRAY AMB LAVANDA 236ML;2;ATIVO;8;0;0;0;09/05/2026;2
PERFUMARIA_E_LIMPEZA;38401;BOM AR SPRAY AMB LAVANDA 236ML;3;ATIVO;8;0;0;0;09/05/2026;2
PERFUMARIA_E_LIMPEZA;38401;BOM AR SPRAY AMB LAVANDA 236ML;4;ATIVO;8;0;0;0;09/05/2026;2
PERFUMARIA_E_LIMPEZA;38401;BOM AR SPRAY AMB LAVANDA 236ML;5;ATIVO;8;0;0;0;09/05/2026;2
PERFUMARIA_E_LIMPEZA;38401;BOM AR SPRAY AMB LAVANDA 236ML;6;ATIVO;8;0;0;0;09/05/2026;2
PERFUMARIA_E_LIMPEZA;38401;BOM AR SPRAY AMB LAVANDA 236ML;7;ATIVO;8;0;0;0;09/05/2026;2
PERFUMARIA_E_LIMPEZA;38401;BOM AR SPRAY AMB LAVANDA 236ML;8;ATIVO;8;0;0;0;09/05/2026;2
PERFUMARIA_E_LIMPEZA;38401;BOM AR SPRAY AMB LAVANDA 236ML;11;ATIVO;8;0;0;0;09/05/2026;2
PERFUMARIA_E_LIMPEZA;38401;BOM AR SPRAY AMB LAVANDA 236ML;12;ATIVO;8;0;0;0;09/05/2026;2
PERFUMARIA_E_LIMPEZA;38401;BOM AR SPRAY AMB LAVANDA 236ML;13;ATIVO;8;0;0;0;09/05/2026;2
PERFUMARIA_E_LIMPEZA;38401;BOM AR SPRAY AMB LAVANDA 236ML;14;ATIVO;8;0;0;0;09/05/2026;2
PERFUMARIA_E_LIMPEZA;38401;BOM AR SPRAY AMB LAVANDA 236ML;15;ATIVO;8;0;4;0;09/05/2026;2
PERFUMARIA_E_LIMPEZA;38401;BOM AR SPRAY AMB LAVANDA 236ML;16;ATIVO;8;0;0;0;09/05/2026;2
PERFUMARIA_E_LIMPEZA;38401;BOM AR SPRAY AMB LAVANDA 236ML;17;ATIVO;8;0;0;0;09/05/2026;2
PERFUMARIA_E_LIMPEZA;38401;BOM AR SPRAY AMB LAVANDA 236ML;18;ATIVO;8;0;0;0;09/05/2026;2
PERFUMARIA_E_LIMPEZA;38401;BOM AR SPRAY AMB LAVANDA 236ML;50;ATIVO;8;0;0;0;09/05/2026;2
PERFUMARIA_E_LIMPEZA;38224;CD SALLON LINDA 240ML CACHEADOS;1;ATIVO;12;0;0;0;25/04/2026;16
PERFUMARIA_E_LIMPEZA;38224;CD SALLON LINDA 240ML CACHEADOS;2;ATIVO;12;0;0;0;25/04/2026;16
PERFUMARIA_E_LIMPEZA;38224;CD SALLON LINDA 240ML CACHEADOS;3;ATIVO;12;0;0;0;25/04/2026;16
PERFUMARIA_E_LIMPEZA;38224;CD SALLON LINDA 240ML CACHEADOS;4;ATIVO;12;0;0;0;25/04/2026;16
PERFUMARIA_E_LIMPEZA;38224;CD SALLON LINDA 240ML CACHEADOS;5;ATIVO;12;0;0;0;25/04/2026;16
PERFUMARIA_E_LIMPEZA;38224;CD SALLON LINDA 240ML CACHEADOS;6;ATIVO;12;0;0;0;25/04/2026;16
PERFUMARIA_E_LIMPEZA;38224;CD SALLON LINDA 240ML CACHEADOS;7;ATIVO;12;0;0;0;25/04/2026;16
PERFUMARIA_E_LIMPEZA;38224;CD SALLON LINDA 240ML CACHEADOS;8;ATIVO;12;0;0;0;25/04/2026;16
PERFUMARIA_E_LIMPEZA;38224;CD SALLON LINDA 240ML CACHEADOS;11;ATIVO;12;0;0;0;25/04/2026;16
PERFUMARIA_E_LIMPEZA;38224;CD SALLON LINDA 240ML CACHEADOS;12;ATIVO;12;0;0;0;25/04/2026;16
PERFUMARIA_E_LIMPEZA;38224;CD SALLON LINDA 240ML CACHEADOS;13;ATIVO;12;0;0;0;25/04/2026;16
PERFUMARIA_E_LIMPEZA;38224;CD SALLON LINDA 240ML CACHEADOS;14;ATIVO;12;0;0;0;25/04/2026;16
PERFUMARIA_E_LIMPEZA;38224;CD SALLON LINDA 240ML CACHEADOS;15;ATIVO;12;0;0;0;25/04/2026;16
PERFUMARIA_E_LIMPEZA;38224;CD SALLON LINDA 240ML CACHEADOS;16;ATIVO;12;0;0;0;25/04/2026;16
PERFUMARIA_E_LIMPEZA;38224;CD SALLON LINDA 240ML CACHEADOS;17;ATIVO;12;0;0;0;25/04/2026;16
PERFUMARIA_E_LIMPEZA;38224;CD SALLON LINDA 240ML CACHEADOS;18;ATIVO;12;0;0;0;25/04/2026;16
PERFUMARIA_E_LIMPEZA;38224;CD SALLON LINDA 240ML CACHEADOS;50;ATIVO;12;0;0;0;25/04/2026;16
PERFUMARIA_E_LIMPEZA;38142;DESINF PATO CLORO GEL ESPUMA 500ML CITRUS;1;ATIVO;12;0;0;0;16/04/2026;25
PERFUMARIA_E_LIMPEZA;38142;DESINF PATO CLORO GEL ESPUMA 500ML CITRUS;2;ATIVO;12;0;0;0;16/04/2026;25
PERFUMARIA_E_LIMPEZA;38142;DESINF PATO CLORO GEL ESPUMA 500ML CITRUS;3;ATIVO;12;0;0;0;16/04/2026;25
PERFUMARIA_E_LIMPEZA;38142;DESINF PATO CLORO GEL ESPUMA 500ML CITRUS;4;ATIVO;12;0;0;0;16/04/2026;25
PERFUMARIA_E_LIMPEZA;38142;DESINF PATO CLORO GEL ESPUMA 500ML CITRUS;5;ATIVO;12;0;0;0;16/04/2026;25
PERFUMARIA_E_LIMPEZA;38142;DESINF PATO CLORO GEL ESPUMA 500ML CITRUS;6;ATIVO;12;0;0;0;16/04/2026;25
PERFUMARIA_E_LIMPEZA;38142;DESINF PATO CLORO GEL ESPUMA 500ML CITRUS;7;ATIVO;12;0;0;0;16/04/2026;25
PERFUMARIA_E_LIMPEZA;38142;DESINF PATO CLORO GEL ESPUMA 500ML CITRUS;8;ATIVO;12;0;0;0;16/04/2026;25
PERFUMARIA_E_LIMPEZA;38142;DESINF PATO CLORO GEL ESPUMA 500ML CITRUS;11;ATIVO;12;0;0;0;16/04/2026;25
PERFUMARIA_E_LIMPEZA;38142;DESINF PATO CLORO GEL ESPUMA 500ML CITRUS;12;ATIVO;12;0;0;0;16/04/2026;25
PERFUMARIA_E_LIMPEZA;38142;DESINF PATO CLORO GEL ESPUMA 500ML CITRUS;13;ATIVO;12;0;0;0;16/04/2026;25
PERFUMARIA_E_LIMPEZA;38142;DESINF PATO CLORO GEL ESPUMA 500ML CITRUS;14;ATIVO;12;0;0;0;16/04/2026;25
PERFUMARIA_E_LIMPEZA;38142;DESINF PATO CLORO GEL ESPUMA 500ML CITRUS;15;ATIVO;12;0;0;0;16/04/2026;25
PERFUMARIA_E_LIMPEZA;38142;DESINF PATO CLORO GEL ESPUMA 500ML CITRUS;16;ATIVO;12;0;0;0;16/04/2026;25
PERFUMARIA_E_LIMPEZA;38142;DESINF PATO CLORO GEL ESPUMA 500ML CITRUS;17;ATIVO;12;-7;0;0;16/04/2026;25
PERFUMARIA_E_LIMPEZA;38142;DESINF PATO CLORO GEL ESPUMA 500ML CITRUS;18;ATIVO;12;0;0;0;16/04/2026;25
PERFUMARIA_E_LIMPEZA;38142;DESINF PATO CLORO GEL ESPUMA 500ML CITRUS;50;ATIVO;12;0;0;0;16/04/2026;25
PERFUMARIA_E_LIMPEZA;38341;DET LIQ 1 8L ARIEL RF CLASSICO;1;ATIVO;1;0;0;0;05/05/2026;6
PERFUMARIA_E_LIMPEZA;38341;DET LIQ 1 8L ARIEL RF CLASSICO;2;ATIVO;1;0;0;0;05/05/2026;6
PERFUMARIA_E_LIMPEZA;38341;DET LIQ 1 8L ARIEL RF CLASSICO;3;ATIVO;1;0;0;0;05/05/2026;6
PERFUMARIA_E_LIMPEZA;38341;DET LIQ 1 8L ARIEL RF CLASSICO;4;ATIVO;1;0;0;0;05/05/2026;6
PERFUMARIA_E_LIMPEZA;38341;DET LIQ 1 8L ARIEL RF CLASSICO;5;ATIVO;1;0;0;0;05/05/2026;6
PERFUMARIA_E_LIMPEZA;38341;DET LIQ 1 8L ARIEL RF CLASSICO;6;ATIVO;1;0;0;0;05/05/2026;6
PERFUMARIA_E_LIMPEZA;38341;DET LIQ 1 8L ARIEL RF CLASSICO;7;ATIVO;1;0;0;0;05/05/2026;6
PERFUMARIA_E_LIMPEZA;38341;DET LIQ 1 8L ARIEL RF CLASSICO;8;ATIVO;1;0;0;0;05/05/2026;6
PERFUMARIA_E_LIMPEZA;38341;DET LIQ 1 8L ARIEL RF CLASSICO;11;ATIVO;1;0;0;0;05/05/2026;6
PERFUMARIA_E_LIMPEZA;38341;DET LIQ 1 8L ARIEL RF CLASSICO;12;ATIVO;1;0;0;0;05/05/2026;6
PERFUMARIA_E_LIMPEZA;38341;DET LIQ 1 8L ARIEL RF CLASSICO;13;ATIVO;1;0;0;0;05/05/2026;6
PERFUMARIA_E_LIMPEZA;38341;DET LIQ 1 8L ARIEL RF CLASSICO;14;ATIVO;1;0;0;0;05/05/2026;6
PERFUMARIA_E_LIMPEZA;38341;DET LIQ 1 8L ARIEL RF CLASSICO;15;ATIVO;1;0;0;0;05/05/2026;6
PERFUMARIA_E_LIMPEZA;38341;DET LIQ 1 8L ARIEL RF CLASSICO;16;ATIVO;1;0;0;0;05/05/2026;6
PERFUMARIA_E_LIMPEZA;38341;DET LIQ 1 8L ARIEL RF CLASSICO;17;ATIVO;1;0;0;0;05/05/2026;6
PERFUMARIA_E_LIMPEZA;38341;DET LIQ 1 8L ARIEL RF CLASSICO;18;ATIVO;1;0;0;0;05/05/2026;6
PERFUMARIA_E_LIMPEZA;38341;DET LIQ 1 8L ARIEL RF CLASSICO;50;ATIVO;1;0;0;0;05/05/2026;6
PERFUMARIA_E_LIMPEZA;38280;LAV ROUPA LIQ APYCE TUDO EM UM 3L;1;ATIVO;8;0;0;0;29/04/2026;12
PERFUMARIA_E_LIMPEZA;38280;LAV ROUPA LIQ APYCE TUDO EM UM 3L;2;ATIVO;8;0;0;0;29/04/2026;12
PERFUMARIA_E_LIMPEZA;38280;LAV ROUPA LIQ APYCE TUDO EM UM 3L;3;ATIVO;8;0;0;0;29/04/2026;12
PERFUMARIA_E_LIMPEZA;38280;LAV ROUPA LIQ APYCE TUDO EM UM 3L;4;ATIVO;8;0;0;0;29/04/2026;12
PERFUMARIA_E_LIMPEZA;38280;LAV ROUPA LIQ APYCE TUDO EM UM 3L;5;ATIVO;8;0;0;0;29/04/2026;12
PERFUMARIA_E_LIMPEZA;38280;LAV ROUPA LIQ APYCE TUDO EM UM 3L;6;ATIVO;8;0;0;0;29/04/2026;12
PERFUMARIA_E_LIMPEZA;38280;LAV ROUPA LIQ APYCE TUDO EM UM 3L;7;ATIVO;8;0;0;0;29/04/2026;12
PERFUMARIA_E_LIMPEZA;38280;LAV ROUPA LIQ APYCE TUDO EM UM 3L;8;ATIVO;8;0;0;0;29/04/2026;12
PERFUMARIA_E_LIMPEZA;38280;LAV ROUPA LIQ APYCE TUDO EM UM 3L;11;ATIVO;8;0;0;0;29/04/2026;12
PERFUMARIA_E_LIMPEZA;38280;LAV ROUPA LIQ APYCE TUDO EM UM 3L;12;ATIVO;8;0;0;0;29/04/2026;12
PERFUMARIA_E_LIMPEZA;38280;LAV ROUPA LIQ APYCE TUDO EM UM 3L;13;ATIVO;8;0;0;0;29/04/2026;12
PERFUMARIA_E_LIMPEZA;38280;LAV ROUPA LIQ APYCE TUDO EM UM 3L;14;ATIVO;8;0;0;0;29/04/2026;12
PERFUMARIA_E_LIMPEZA;38280;LAV ROUPA LIQ APYCE TUDO EM UM 3L;15;ATIVO;8;0;0;0;29/04/2026;12
PERFUMARIA_E_LIMPEZA;38280;LAV ROUPA LIQ APYCE TUDO EM UM 3L;16;ATIVO;8;0;0;0;29/04/2026;12
PERFUMARIA_E_LIMPEZA;38280;LAV ROUPA LIQ APYCE TUDO EM UM 3L;17;ATIVO;8;0;0;0;29/04/2026;12
PERFUMARIA_E_LIMPEZA;38280;LAV ROUPA LIQ APYCE TUDO EM UM 3L;18;ATIVO;8;0;0;0;29/04/2026;12
PERFUMARIA_E_LIMPEZA;38280;LAV ROUPA LIQ APYCE TUDO EM UM 3L;50;ATIVO;8;0;0;0;29/04/2026;12
PERFUMARIA_E_LIMPEZA;38106;LENCO UMED DOBLE BABY C 45;15;ATIVO;12;0;0;0;14/04/2026;27
PERFUMARIA_E_LIMPEZA;38106;LENCO UMED DOBLE BABY C 45;50;ATIVO;12;0;0;0;14/04/2026;27
PERFUMARIA_E_LIMPEZA;38259;MAMAD LILLO DIVERTIDA ORTO 120ML;1;ATIVO;1;0;0;0;28/04/2026;13
PERFUMARIA_E_LIMPEZA;38259;MAMAD LILLO DIVERTIDA ORTO 120ML;2;ATIVO;1;0;0;0;28/04/2026;13
PERFUMARIA_E_LIMPEZA;38259;MAMAD LILLO DIVERTIDA ORTO 120ML;3;ATIVO;1;0;0;0;28/04/2026;13
PERFUMARIA_E_LIMPEZA;38259;MAMAD LILLO DIVERTIDA ORTO 120ML;4;ATIVO;1;0;0;0;28/04/2026;13
PERFUMARIA_E_LIMPEZA;38259;MAMAD LILLO DIVERTIDA ORTO 120ML;5;ATIVO;1;0;0;0;28/04/2026;13
PERFUMARIA_E_LIMPEZA;38259;MAMAD LILLO DIVERTIDA ORTO 120ML;6;ATIVO;1;0;0;0;28/04/2026;13
PERFUMARIA_E_LIMPEZA;38259;MAMAD LILLO DIVERTIDA ORTO 120ML;7;ATIVO;1;0;0;0;28/04/2026;13
PERFUMARIA_E_LIMPEZA;38259;MAMAD LILLO DIVERTIDA ORTO 120ML;8;ATIVO;1;0;0;0;28/04/2026;13
PERFUMARIA_E_LIMPEZA;38259;MAMAD LILLO DIVERTIDA ORTO 120ML;11;ATIVO;1;0;0;0;28/04/2026;13
PERFUMARIA_E_LIMPEZA;38259;MAMAD LILLO DIVERTIDA ORTO 120ML;12;ATIVO;1;0;0;0;28/04/2026;13
PERFUMARIA_E_LIMPEZA;38259;MAMAD LILLO DIVERTIDA ORTO 120ML;13;ATIVO;1;0;0;0;28/04/2026;13
PERFUMARIA_E_LIMPEZA;38259;MAMAD LILLO DIVERTIDA ORTO 120ML;14;ATIVO;1;0;0;0;28/04/2026;13
PERFUMARIA_E_LIMPEZA;38259;MAMAD LILLO DIVERTIDA ORTO 120ML;15;ATIVO;1;0;0;0;28/04/2026;13
PERFUMARIA_E_LIMPEZA;38259;MAMAD LILLO DIVERTIDA ORTO 120ML;16;ATIVO;1;0;0;0;28/04/2026;13
PERFUMARIA_E_LIMPEZA;38259;MAMAD LILLO DIVERTIDA ORTO 120ML;17;ATIVO;1;0;0;0;28/04/2026;13
PERFUMARIA_E_LIMPEZA;38259;MAMAD LILLO DIVERTIDA ORTO 120ML;18;ATIVO;1;0;0;0;28/04/2026;13
PERFUMARIA_E_LIMPEZA;38259;MAMAD LILLO DIVERTIDA ORTO 120ML;50;ATIVO;1;0;0;0;28/04/2026;13
PERFUMARIA_E_LIMPEZA;38201;MINI MAM LOLLY CLEAN 50ML F;15;ATIVO;6;6;0;0;22/04/2026;19
PERFUMARIA_E_LIMPEZA;38201;MINI MAM LOLLY CLEAN 50ML F;50;ATIVO;6;0;0;0;22/04/2026;19
PERFUMARIA_E_LIMPEZA;38203;MINI MAM LOLLY CLEAN 50ML M;15;ATIVO;6;0;0;0;22/04/2026;19
PERFUMARIA_E_LIMPEZA;38203;MINI MAM LOLLY CLEAN 50ML M;50;ATIVO;6;0;0;0;22/04/2026;19
PERFUMARIA_E_LIMPEZA;38199;MORDEDOR LOLLY SILICONE MORANGUINHO;15;ATIVO;6;0;0;0;22/04/2026;19
PERFUMARIA_E_LIMPEZA;38199;MORDEDOR LOLLY SILICONE MORANGUINHO;50;ATIVO;6;0;0;0;22/04/2026;19
PERFUMARIA_E_LIMPEZA;38402;MORTEIN ISCA MATA BARATAS C 2;1;ATIVO;24;0;0;0;09/05/2026;2
PERFUMARIA_E_LIMPEZA;38402;MORTEIN ISCA MATA BARATAS C 2;2;ATIVO;24;0;0;0;09/05/2026;2
PERFUMARIA_E_LIMPEZA;38402;MORTEIN ISCA MATA BARATAS C 2;3;ATIVO;24;0;0;0;09/05/2026;2
PERFUMARIA_E_LIMPEZA;38402;MORTEIN ISCA MATA BARATAS C 2;4;ATIVO;24;0;0;0;09/05/2026;2
PERFUMARIA_E_LIMPEZA;38402;MORTEIN ISCA MATA BARATAS C 2;5;ATIVO;24;0;0;0;09/05/2026;2
PERFUMARIA_E_LIMPEZA;38402;MORTEIN ISCA MATA BARATAS C 2;6;ATIVO;24;0;0;0;09/05/2026;2
PERFUMARIA_E_LIMPEZA;38402;MORTEIN ISCA MATA BARATAS C 2;7;ATIVO;24;0;0;0;09/05/2026;2
PERFUMARIA_E_LIMPEZA;38402;MORTEIN ISCA MATA BARATAS C 2;8;ATIVO;24;0;0;0;09/05/2026;2
PERFUMARIA_E_LIMPEZA;38402;MORTEIN ISCA MATA BARATAS C 2;11;ATIVO;24;0;0;0;09/05/2026;2
PERFUMARIA_E_LIMPEZA;38402;MORTEIN ISCA MATA BARATAS C 2;12;ATIVO;24;0;0;0;09/05/2026;2
PERFUMARIA_E_LIMPEZA;38402;MORTEIN ISCA MATA BARATAS C 2;13;ATIVO;24;0;0;0;09/05/2026;2
PERFUMARIA_E_LIMPEZA;38402;MORTEIN ISCA MATA BARATAS C 2;14;ATIVO;24;0;0;0;09/05/2026;2
PERFUMARIA_E_LIMPEZA;38402;MORTEIN ISCA MATA BARATAS C 2;15;ATIVO;24;0;3;0;09/05/2026;2
PERFUMARIA_E_LIMPEZA;38402;MORTEIN ISCA MATA BARATAS C 2;16;ATIVO;24;0;0;0;09/05/2026;2
PERFUMARIA_E_LIMPEZA;38402;MORTEIN ISCA MATA BARATAS C 2;17;ATIVO;24;0;0;0;09/05/2026;2
PERFUMARIA_E_LIMPEZA;38402;MORTEIN ISCA MATA BARATAS C 2;18;ATIVO;24;0;0;0;09/05/2026;2
PERFUMARIA_E_LIMPEZA;38402;MORTEIN ISCA MATA BARATAS C 2;50;ATIVO;24;0;0;0;09/05/2026;2
PERFUMARIA_E_LIMPEZA;38403;REPELENTE SBP LOCAO 175M LEMBAL ECO;1;ATIVO;12;0;0;0;09/05/2026;2
PERFUMARIA_E_LIMPEZA;38403;REPELENTE SBP LOCAO 175M LEMBAL ECO;2;ATIVO;12;0;0;0;09/05/2026;2
PERFUMARIA_E_LIMPEZA;38403;REPELENTE SBP LOCAO 175M LEMBAL ECO;3;ATIVO;12;0;0;0;09/05/2026;2
PERFUMARIA_E_LIMPEZA;38403;REPELENTE SBP LOCAO 175M LEMBAL ECO;4;ATIVO;12;0;0;0;09/05/2026;2
PERFUMARIA_E_LIMPEZA;38403;REPELENTE SBP LOCAO 175M LEMBAL ECO;5;ATIVO;12;0;0;0;09/05/2026;2
PERFUMARIA_E_LIMPEZA;38403;REPELENTE SBP LOCAO 175M LEMBAL ECO;6;ATIVO;12;0;0;0;09/05/2026;2
PERFUMARIA_E_LIMPEZA;38403;REPELENTE SBP LOCAO 175M LEMBAL ECO;7;ATIVO;12;0;0;0;09/05/2026;2
PERFUMARIA_E_LIMPEZA;38403;REPELENTE SBP LOCAO 175M LEMBAL ECO;8;ATIVO;12;0;0;0;09/05/2026;2
PERFUMARIA_E_LIMPEZA;38403;REPELENTE SBP LOCAO 175M LEMBAL ECO;11;ATIVO;12;0;0;0;09/05/2026;2
PERFUMARIA_E_LIMPEZA;38403;REPELENTE SBP LOCAO 175M LEMBAL ECO;12;ATIVO;12;0;0;0;09/05/2026;2
PERFUMARIA_E_LIMPEZA;38403;REPELENTE SBP LOCAO 175M LEMBAL ECO;13;ATIVO;12;0;0;0;09/05/2026;2
PERFUMARIA_E_LIMPEZA;38403;REPELENTE SBP LOCAO 175M LEMBAL ECO;14;ATIVO;12;0;0;0;09/05/2026;2
PERFUMARIA_E_LIMPEZA;38403;REPELENTE SBP LOCAO 175M LEMBAL ECO;15;ATIVO;12;0;3;0;09/05/2026;2
PERFUMARIA_E_LIMPEZA;38403;REPELENTE SBP LOCAO 175M LEMBAL ECO;16;ATIVO;12;0;0;0;09/05/2026;2
PERFUMARIA_E_LIMPEZA;38403;REPELENTE SBP LOCAO 175M LEMBAL ECO;17;ATIVO;12;0;0;0;09/05/2026;2
PERFUMARIA_E_LIMPEZA;38403;REPELENTE SBP LOCAO 175M LEMBAL ECO;18;ATIVO;12;0;0;0;09/05/2026;2
PERFUMARIA_E_LIMPEZA;38403;REPELENTE SBP LOCAO 175M LEMBAL ECO;50;ATIVO;12;0;0;0;09/05/2026;2
PERFUMARIA_E_LIMPEZA;38404;REPELENTE SBP LOCAO BABY 100ML;1;ATIVO;12;0;0;0;09/05/2026;2
PERFUMARIA_E_LIMPEZA;38404;REPELENTE SBP LOCAO BABY 100ML;2;ATIVO;12;0;0;0;09/05/2026;2
PERFUMARIA_E_LIMPEZA;38404;REPELENTE SBP LOCAO BABY 100ML;3;ATIVO;12;0;0;0;09/05/2026;2
PERFUMARIA_E_LIMPEZA;38404;REPELENTE SBP LOCAO BABY 100ML;4;ATIVO;12;0;0;0;09/05/2026;2
PERFUMARIA_E_LIMPEZA;38404;REPELENTE SBP LOCAO BABY 100ML;5;ATIVO;12;0;0;0;09/05/2026;2
PERFUMARIA_E_LIMPEZA;38404;REPELENTE SBP LOCAO BABY 100ML;6;ATIVO;12;0;0;0;09/05/2026;2
PERFUMARIA_E_LIMPEZA;38404;REPELENTE SBP LOCAO BABY 100ML;7;ATIVO;12;0;0;0;09/05/2026;2
PERFUMARIA_E_LIMPEZA;38404;REPELENTE SBP LOCAO BABY 100ML;8;ATIVO;12;0;0;0;09/05/2026;2
PERFUMARIA_E_LIMPEZA;38404;REPELENTE SBP LOCAO BABY 100ML;11;ATIVO;12;0;0;0;09/05/2026;2
PERFUMARIA_E_LIMPEZA;38404;REPELENTE SBP LOCAO BABY 100ML;12;ATIVO;12;0;0;0;09/05/2026;2
PERFUMARIA_E_LIMPEZA;38404;REPELENTE SBP LOCAO BABY 100ML;13;ATIVO;12;0;0;0;09/05/2026;2
PERFUMARIA_E_LIMPEZA;38404;REPELENTE SBP LOCAO BABY 100ML;14;ATIVO;12;0;0;0;09/05/2026;2
PERFUMARIA_E_LIMPEZA;38404;REPELENTE SBP LOCAO BABY 100ML;15;ATIVO;12;0;3;0;09/05/2026;2
PERFUMARIA_E_LIMPEZA;38404;REPELENTE SBP LOCAO BABY 100ML;16;ATIVO;12;0;0;0;09/05/2026;2
PERFUMARIA_E_LIMPEZA;38404;REPELENTE SBP LOCAO BABY 100ML;17;ATIVO;12;0;0;0;09/05/2026;2
PERFUMARIA_E_LIMPEZA;38404;REPELENTE SBP LOCAO BABY 100ML;18;ATIVO;12;0;0;0;09/05/2026;2
PERFUMARIA_E_LIMPEZA;38404;REPELENTE SBP LOCAO BABY 100ML;50;ATIVO;12;0;0;0;09/05/2026;2
PERFUMARIA_E_LIMPEZA;38405;SAB PALMOLIVE MELANCIA E LICHIA 85G;1;ATIVO;12;0;0;0;09/05/2026;2
PERFUMARIA_E_LIMPEZA;38405;SAB PALMOLIVE MELANCIA E LICHIA 85G;2;ATIVO;12;0;0;0;09/05/2026;2
PERFUMARIA_E_LIMPEZA;38405;SAB PALMOLIVE MELANCIA E LICHIA 85G;3;ATIVO;12;0;0;0;09/05/2026;2
PERFUMARIA_E_LIMPEZA;38405;SAB PALMOLIVE MELANCIA E LICHIA 85G;4;ATIVO;12;0;0;0;09/05/2026;2
PERFUMARIA_E_LIMPEZA;38405;SAB PALMOLIVE MELANCIA E LICHIA 85G;5;ATIVO;12;0;0;0;09/05/2026;2
PERFUMARIA_E_LIMPEZA;38405;SAB PALMOLIVE MELANCIA E LICHIA 85G;6;ATIVO;12;0;0;0;09/05/2026;2
PERFUMARIA_E_LIMPEZA;38405;SAB PALMOLIVE MELANCIA E LICHIA 85G;7;ATIVO;12;0;0;0;09/05/2026;2
PERFUMARIA_E_LIMPEZA;38405;SAB PALMOLIVE MELANCIA E LICHIA 85G;8;ATIVO;12;0;0;0;09/05/2026;2
PERFUMARIA_E_LIMPEZA;38405;SAB PALMOLIVE MELANCIA E LICHIA 85G;11;ATIVO;12;0;0;0;09/05/2026;2
PERFUMARIA_E_LIMPEZA;38405;SAB PALMOLIVE MELANCIA E LICHIA 85G;12;ATIVO;12;0;0;0;09/05/2026;2
PERFUMARIA_E_LIMPEZA;38405;SAB PALMOLIVE MELANCIA E LICHIA 85G;13;ATIVO;12;0;0;0;09/05/2026;2
PERFUMARIA_E_LIMPEZA;38405;SAB PALMOLIVE MELANCIA E LICHIA 85G;14;ATIVO;12;0;0;0;09/05/2026;2
PERFUMARIA_E_LIMPEZA;38405;SAB PALMOLIVE MELANCIA E LICHIA 85G;15;ATIVO;12;0;1080;0;09/05/2026;2
PERFUMARIA_E_LIMPEZA;38405;SAB PALMOLIVE MELANCIA E LICHIA 85G;16;ATIVO;12;0;0;0;09/05/2026;2
PERFUMARIA_E_LIMPEZA;38405;SAB PALMOLIVE MELANCIA E LICHIA 85G;17;ATIVO;12;0;0;0;09/05/2026;2
PERFUMARIA_E_LIMPEZA;38405;SAB PALMOLIVE MELANCIA E LICHIA 85G;18;ATIVO;12;0;0;0;09/05/2026;2
PERFUMARIA_E_LIMPEZA;38405;SAB PALMOLIVE MELANCIA E LICHIA 85G;50;ATIVO;12;0;0;0;09/05/2026;2
PERFUMARIA_E_LIMPEZA;38406;SAB PALMOLIVE OLIVA E ALOE VERA 85G;1;ATIVO;108;0;0;0;09/05/2026;2
PERFUMARIA_E_LIMPEZA;38406;SAB PALMOLIVE OLIVA E ALOE VERA 85G;2;ATIVO;108;0;0;0;09/05/2026;2
PERFUMARIA_E_LIMPEZA;38406;SAB PALMOLIVE OLIVA E ALOE VERA 85G;3;ATIVO;108;0;0;0;09/05/2026;2
PERFUMARIA_E_LIMPEZA;38406;SAB PALMOLIVE OLIVA E ALOE VERA 85G;4;ATIVO;108;0;0;0;09/05/2026;2
PERFUMARIA_E_LIMPEZA;38406;SAB PALMOLIVE OLIVA E ALOE VERA 85G;5;ATIVO;108;0;0;0;09/05/2026;2
PERFUMARIA_E_LIMPEZA;38406;SAB PALMOLIVE OLIVA E ALOE VERA 85G;6;ATIVO;108;0;0;0;09/05/2026;2
PERFUMARIA_E_LIMPEZA;38406;SAB PALMOLIVE OLIVA E ALOE VERA 85G;7;ATIVO;108;0;0;0;09/05/2026;2
PERFUMARIA_E_LIMPEZA;38406;SAB PALMOLIVE OLIVA E ALOE VERA 85G;8;ATIVO;108;0;0;0;09/05/2026;2
PERFUMARIA_E_LIMPEZA;38406;SAB PALMOLIVE OLIVA E ALOE VERA 85G;11;ATIVO;108;0;0;0;09/05/2026;2
PERFUMARIA_E_LIMPEZA;38406;SAB PALMOLIVE OLIVA E ALOE VERA 85G;12;ATIVO;108;0;0;0;09/05/2026;2
PERFUMARIA_E_LIMPEZA;38406;SAB PALMOLIVE OLIVA E ALOE VERA 85G;13;ATIVO;108;0;0;0;09/05/2026;2
PERFUMARIA_E_LIMPEZA;38406;SAB PALMOLIVE OLIVA E ALOE VERA 85G;14;ATIVO;108;0;0;0;09/05/2026;2
PERFUMARIA_E_LIMPEZA;38406;SAB PALMOLIVE OLIVA E ALOE VERA 85G;15;ATIVO;108;0;1080;0;09/05/2026;2
PERFUMARIA_E_LIMPEZA;38406;SAB PALMOLIVE OLIVA E ALOE VERA 85G;16;ATIVO;108;0;0;0;09/05/2026;2
PERFUMARIA_E_LIMPEZA;38406;SAB PALMOLIVE OLIVA E ALOE VERA 85G;17;ATIVO;108;0;0;0;09/05/2026;2
PERFUMARIA_E_LIMPEZA;38406;SAB PALMOLIVE OLIVA E ALOE VERA 85G;18;ATIVO;108;0;0;0;09/05/2026;2
PERFUMARIA_E_LIMPEZA;38406;SAB PALMOLIVE OLIVA E ALOE VERA 85G;50;ATIVO;108;0;0;0;09/05/2026;2
PERFUMARIA_E_LIMPEZA;38240;SH SALLON LINDA 240ML POS QUIMICA;1;ATIVO;12;0;0;0;25/04/2026;16
PERFUMARIA_E_LIMPEZA;38240;SH SALLON LINDA 240ML POS QUIMICA;2;ATIVO;12;0;0;0;25/04/2026;16
PERFUMARIA_E_LIMPEZA;38240;SH SALLON LINDA 240ML POS QUIMICA;3;ATIVO;12;0;0;0;25/04/2026;16
PERFUMARIA_E_LIMPEZA;38240;SH SALLON LINDA 240ML POS QUIMICA;4;ATIVO;12;0;0;0;25/04/2026;16
PERFUMARIA_E_LIMPEZA;38240;SH SALLON LINDA 240ML POS QUIMICA;5;ATIVO;12;0;0;0;25/04/2026;16
PERFUMARIA_E_LIMPEZA;38240;SH SALLON LINDA 240ML POS QUIMICA;6;ATIVO;12;0;0;0;25/04/2026;16
PERFUMARIA_E_LIMPEZA;38240;SH SALLON LINDA 240ML POS QUIMICA;7;ATIVO;12;0;0;0;25/04/2026;16
PERFUMARIA_E_LIMPEZA;38240;SH SALLON LINDA 240ML POS QUIMICA;8;ATIVO;12;0;0;0;25/04/2026;16
PERFUMARIA_E_LIMPEZA;38240;SH SALLON LINDA 240ML POS QUIMICA;11;ATIVO;12;0;0;0;25/04/2026;16
PERFUMARIA_E_LIMPEZA;38240;SH SALLON LINDA 240ML POS QUIMICA;12;ATIVO;12;0;0;0;25/04/2026;16
PERFUMARIA_E_LIMPEZA;38240;SH SALLON LINDA 240ML POS QUIMICA;13;ATIVO;12;0;0;0;25/04/2026;16
PERFUMARIA_E_LIMPEZA;38240;SH SALLON LINDA 240ML POS QUIMICA;14;ATIVO;12;0;0;0;25/04/2026;16
PERFUMARIA_E_LIMPEZA;38240;SH SALLON LINDA 240ML POS QUIMICA;15;ATIVO;12;0;0;0;25/04/2026;16
PERFUMARIA_E_LIMPEZA;38240;SH SALLON LINDA 240ML POS QUIMICA;16;ATIVO;12;0;0;0;25/04/2026;16
PERFUMARIA_E_LIMPEZA;38240;SH SALLON LINDA 240ML POS QUIMICA;17;ATIVO;12;0;0;0;25/04/2026;16
PERFUMARIA_E_LIMPEZA;38240;SH SALLON LINDA 240ML POS QUIMICA;18;ATIVO;12;0;0;0;25/04/2026;16
PERFUMARIA_E_LIMPEZA;38240;SH SALLON LINDA 240ML POS QUIMICA;50;ATIVO;12;0;0;0;25/04/2026;16
PERFUMARIA_E_LIMPEZA;38239;SH SALLON LINDA 240ML SOS FORT;1;ATIVO;12;0;0;0;25/04/2026;16
PERFUMARIA_E_LIMPEZA;38239;SH SALLON LINDA 240ML SOS FORT;2;ATIVO;12;0;0;0;25/04/2026;16
PERFUMARIA_E_LIMPEZA;38239;SH SALLON LINDA 240ML SOS FORT;3;ATIVO;12;0;0;0;25/04/2026;16
PERFUMARIA_E_LIMPEZA;38239;SH SALLON LINDA 240ML SOS FORT;4;ATIVO;12;0;0;0;25/04/2026;16
PERFUMARIA_E_LIMPEZA;38239;SH SALLON LINDA 240ML SOS FORT;5;ATIVO;12;0;0;0;25/04/2026;16
PERFUMARIA_E_LIMPEZA;38239;SH SALLON LINDA 240ML SOS FORT;6;ATIVO;12;0;0;0;25/04/2026;16
PERFUMARIA_E_LIMPEZA;38239;SH SALLON LINDA 240ML SOS FORT;7;ATIVO;12;0;0;0;25/04/2026;16
PERFUMARIA_E_LIMPEZA;38239;SH SALLON LINDA 240ML SOS FORT;8;ATIVO;12;0;0;0;25/04/2026;16
PERFUMARIA_E_LIMPEZA;38239;SH SALLON LINDA 240ML SOS FORT;11;ATIVO;12;0;0;0;25/04/2026;16
PERFUMARIA_E_LIMPEZA;38239;SH SALLON LINDA 240ML SOS FORT;12;ATIVO;12;0;0;0;25/04/2026;16
PERFUMARIA_E_LIMPEZA;38239;SH SALLON LINDA 240ML SOS FORT;13;ATIVO;12;0;0;0;25/04/2026;16
PERFUMARIA_E_LIMPEZA;38239;SH SALLON LINDA 240ML SOS FORT;14;ATIVO;12;0;0;0;25/04/2026;16
PERFUMARIA_E_LIMPEZA;38239;SH SALLON LINDA 240ML SOS FORT;15;ATIVO;12;0;0;0;25/04/2026;16
PERFUMARIA_E_LIMPEZA;38239;SH SALLON LINDA 240ML SOS FORT;16;ATIVO;12;0;0;0;25/04/2026;16
PERFUMARIA_E_LIMPEZA;38239;SH SALLON LINDA 240ML SOS FORT;17;ATIVO;12;0;0;0;25/04/2026;16
PERFUMARIA_E_LIMPEZA;38239;SH SALLON LINDA 240ML SOS FORT;18;ATIVO;12;0;0;0;25/04/2026;16
PERFUMARIA_E_LIMPEZA;38239;SH SALLON LINDA 240ML SOS FORT;50;ATIVO;12;0;0;0;25/04/2026;16
PERFUMARIA_E_LIMPEZA;38051;VELA RENEW GLITTER N 3 PRATA;1;ATIVO;1;0;0;0;13/04/2026;28
PERFUMARIA_E_LIMPEZA;38051;VELA RENEW GLITTER N 3 PRATA;2;ATIVO;1;0;0;0;13/04/2026;28
PERFUMARIA_E_LIMPEZA;38051;VELA RENEW GLITTER N 3 PRATA;3;ATIVO;1;0;0;0;13/04/2026;28
PERFUMARIA_E_LIMPEZA;38051;VELA RENEW GLITTER N 3 PRATA;4;ATIVO;1;0;0;0;13/04/2026;28
PERFUMARIA_E_LIMPEZA;38051;VELA RENEW GLITTER N 3 PRATA;5;ATIVO;1;0;0;0;13/04/2026;28
PERFUMARIA_E_LIMPEZA;38051;VELA RENEW GLITTER N 3 PRATA;6;ATIVO;1;0;0;0;13/04/2026;28
PERFUMARIA_E_LIMPEZA;38051;VELA RENEW GLITTER N 3 PRATA;7;ATIVO;1;0;0;0;13/04/2026;28
PERFUMARIA_E_LIMPEZA;38051;VELA RENEW GLITTER N 3 PRATA;8;ATIVO;1;0;0;0;13/04/2026;28
PERFUMARIA_E_LIMPEZA;38051;VELA RENEW GLITTER N 3 PRATA;11;ATIVO;1;0;0;0;13/04/2026;28
PERFUMARIA_E_LIMPEZA;38051;VELA RENEW GLITTER N 3 PRATA;12;ATIVO;1;0;0;0;13/04/2026;28
PERFUMARIA_E_LIMPEZA;38051;VELA RENEW GLITTER N 3 PRATA;13;ATIVO;1;0;0;0;13/04/2026;28
PERFUMARIA_E_LIMPEZA;38051;VELA RENEW GLITTER N 3 PRATA;14;ATIVO;1;0;0;0;13/04/2026;28
PERFUMARIA_E_LIMPEZA;38051;VELA RENEW GLITTER N 3 PRATA;15;ATIVO;1;0;0;0;13/04/2026;28
PERFUMARIA_E_LIMPEZA;38051;VELA RENEW GLITTER N 3 PRATA;16;ATIVO;1;0;0;0;13/04/2026;28
PERFUMARIA_E_LIMPEZA;38051;VELA RENEW GLITTER N 3 PRATA;17;ATIVO;1;0;0;0;13/04/2026;28
PERFUMARIA_E_LIMPEZA;38051;VELA RENEW GLITTER N 3 PRATA;18;ATIVO;1;0;0;0;13/04/2026;28
PERFUMARIA_E_LIMPEZA;38051;VELA RENEW GLITTER N 3 PRATA;50;ATIVO;1;0;0;0;13/04/2026;28
PRODUTOS PET;38368;RACAO FRISKIES 850G D GRANJA FRANGO;1;ATIVO;9;0;0;0;07/05/2026;4
PRODUTOS PET;38368;RACAO FRISKIES 850G D GRANJA FRANGO;2;ATIVO;9;0;0;0;07/05/2026;4
PRODUTOS PET;38368;RACAO FRISKIES 850G D GRANJA FRANGO;3;ATIVO;9;0;0;0;07/05/2026;4
PRODUTOS PET;38368;RACAO FRISKIES 850G D GRANJA FRANGO;4;ATIVO;9;0;0;0;07/05/2026;4
PRODUTOS PET;38368;RACAO FRISKIES 850G D GRANJA FRANGO;5;ATIVO;9;0;0;0;07/05/2026;4
PRODUTOS PET;38368;RACAO FRISKIES 850G D GRANJA FRANGO;6;ATIVO;9;0;0;0;07/05/2026;4
PRODUTOS PET;38368;RACAO FRISKIES 850G D GRANJA FRANGO;7;ATIVO;9;0;0;0;07/05/2026;4
PRODUTOS PET;38368;RACAO FRISKIES 850G D GRANJA FRANGO;8;ATIVO;9;0;0;0;07/05/2026;4
PRODUTOS PET;38368;RACAO FRISKIES 850G D GRANJA FRANGO;11;ATIVO;9;0;0;0;07/05/2026;4
PRODUTOS PET;38368;RACAO FRISKIES 850G D GRANJA FRANGO;12;ATIVO;9;0;0;0;07/05/2026;4
PRODUTOS PET;38368;RACAO FRISKIES 850G D GRANJA FRANGO;13;ATIVO;9;0;0;0;07/05/2026;4
PRODUTOS PET;38368;RACAO FRISKIES 850G D GRANJA FRANGO;14;ATIVO;9;0;0;0;07/05/2026;4
PRODUTOS PET;38368;RACAO FRISKIES 850G D GRANJA FRANGO;15;ATIVO;9;0;0;0;07/05/2026;4
PRODUTOS PET;38368;RACAO FRISKIES 850G D GRANJA FRANGO;16;ATIVO;9;0;0;0;07/05/2026;4
PRODUTOS PET;38368;RACAO FRISKIES 850G D GRANJA FRANGO;17;ATIVO;9;0;0;0;07/05/2026;4
PRODUTOS PET;38368;RACAO FRISKIES 850G D GRANJA FRANGO;18;ATIVO;9;0;0;0;07/05/2026;4
PRODUTOS PET;38368;RACAO FRISKIES 850G D GRANJA FRANGO;50;ATIVO;9;0;0;0;07/05/2026;4
PRODUTOS PET;38366;RACAO FRISKIES CARNE ADULTO 850G FRISKIES CARNE;1;ATIVO;9;0;0;0;07/05/2026;4
PRODUTOS PET;38366;RACAO FRISKIES CARNE ADULTO 850G FRISKIES CARNE;2;ATIVO;9;0;0;0;07/05/2026;4
PRODUTOS PET;38366;RACAO FRISKIES CARNE ADULTO 850G FRISKIES CARNE;3;ATIVO;9;0;0;0;07/05/2026;4
PRODUTOS PET;38366;RACAO FRISKIES CARNE ADULTO 850G FRISKIES CARNE;4;ATIVO;9;0;0;0;07/05/2026;4
PRODUTOS PET;38366;RACAO FRISKIES CARNE ADULTO 850G FRISKIES CARNE;5;ATIVO;9;0;0;0;07/05/2026;4
PRODUTOS PET;38366;RACAO FRISKIES CARNE ADULTO 850G FRISKIES CARNE;6;ATIVO;9;0;0;0;07/05/2026;4
PRODUTOS PET;38366;RACAO FRISKIES CARNE ADULTO 850G FRISKIES CARNE;7;ATIVO;9;0;0;0;07/05/2026;4
PRODUTOS PET;38366;RACAO FRISKIES CARNE ADULTO 850G FRISKIES CARNE;8;ATIVO;9;0;0;0;07/05/2026;4
PRODUTOS PET;38366;RACAO FRISKIES CARNE ADULTO 850G FRISKIES CARNE;11;ATIVO;9;0;0;0;07/05/2026;4
PRODUTOS PET;38366;RACAO FRISKIES CARNE ADULTO 850G FRISKIES CARNE;12;ATIVO;9;0;0;0;07/05/2026;4
PRODUTOS PET;38366;RACAO FRISKIES CARNE ADULTO 850G FRISKIES CARNE;13;ATIVO;9;0;0;0;07/05/2026;4
PRODUTOS PET;38366;RACAO FRISKIES CARNE ADULTO 850G FRISKIES CARNE;14;ATIVO;9;0;0;0;07/05/2026;4
PRODUTOS PET;38366;RACAO FRISKIES CARNE ADULTO 850G FRISKIES CARNE;15;ATIVO;9;0;0;0;07/05/2026;4
PRODUTOS PET;38366;RACAO FRISKIES CARNE ADULTO 850G FRISKIES CARNE;16;ATIVO;9;0;0;0;07/05/2026;4
PRODUTOS PET;38366;RACAO FRISKIES CARNE ADULTO 850G FRISKIES CARNE;17;ATIVO;9;0;0;0;07/05/2026;4
PRODUTOS PET;38366;RACAO FRISKIES CARNE ADULTO 850G FRISKIES CARNE;18;ATIVO;9;0;0;0;07/05/2026;4
PRODUTOS PET;38366;RACAO FRISKIES CARNE ADULTO 850G FRISKIES CARNE;50;ATIVO;9;0;0;0;07/05/2026;4
PRODUTOS PET;38367;RACAO FRISKIES MEGAMIX 850G CASTRADO;1;ATIVO;9;0;0;0;07/05/2026;4
PRODUTOS PET;38367;RACAO FRISKIES MEGAMIX 850G CASTRADO;2;ATIVO;9;0;0;0;07/05/2026;4
PRODUTOS PET;38367;RACAO FRISKIES MEGAMIX 850G CASTRADO;3;ATIVO;9;0;0;0;07/05/2026;4
PRODUTOS PET;38367;RACAO FRISKIES MEGAMIX 850G CASTRADO;4;ATIVO;9;0;0;0;07/05/2026;4
PRODUTOS PET;38367;RACAO FRISKIES MEGAMIX 850G CASTRADO;5;ATIVO;9;0;0;0;07/05/2026;4
PRODUTOS PET;38367;RACAO FRISKIES MEGAMIX 850G CASTRADO;6;ATIVO;9;0;0;0;07/05/2026;4
PRODUTOS PET;38367;RACAO FRISKIES MEGAMIX 850G CASTRADO;7;ATIVO;9;0;0;0;07/05/2026;4
PRODUTOS PET;38367;RACAO FRISKIES MEGAMIX 850G CASTRADO;8;ATIVO;9;0;0;0;07/05/2026;4
PRODUTOS PET;38367;RACAO FRISKIES MEGAMIX 850G CASTRADO;11;ATIVO;9;0;0;0;07/05/2026;4
PRODUTOS PET;38367;RACAO FRISKIES MEGAMIX 850G CASTRADO;12;ATIVO;9;0;0;0;07/05/2026;4
PRODUTOS PET;38367;RACAO FRISKIES MEGAMIX 850G CASTRADO;13;ATIVO;9;0;0;0;07/05/2026;4
PRODUTOS PET;38367;RACAO FRISKIES MEGAMIX 850G CASTRADO;14;ATIVO;9;0;0;0;07/05/2026;4
PRODUTOS PET;38367;RACAO FRISKIES MEGAMIX 850G CASTRADO;15;ATIVO;9;0;0;0;07/05/2026;4
PRODUTOS PET;38367;RACAO FRISKIES MEGAMIX 850G CASTRADO;16;ATIVO;9;0;0;0;07/05/2026;4
PRODUTOS PET;38367;RACAO FRISKIES MEGAMIX 850G CASTRADO;17;ATIVO;9;0;0;0;07/05/2026;4
PRODUTOS PET;38367;RACAO FRISKIES MEGAMIX 850G CASTRADO;18;ATIVO;9;0;0;0;07/05/2026;4
PRODUTOS PET;38367;RACAO FRISKIES MEGAMIX 850G CASTRADO;50;ATIVO;9;0;0;0;07/05/2026;4
PRODUTOS PET;38365;RACAO FRISKIES MIX CARNE 850G FRISKIE MIX CAR;1;ATIVO;9;0;0;0;07/05/2026;4
PRODUTOS PET;38365;RACAO FRISKIES MIX CARNE 850G FRISKIE MIX CAR;2;ATIVO;9;0;0;0;07/05/2026;4
PRODUTOS PET;38365;RACAO FRISKIES MIX CARNE 850G FRISKIE MIX CAR;3;ATIVO;9;0;0;0;07/05/2026;4
PRODUTOS PET;38365;RACAO FRISKIES MIX CARNE 850G FRISKIE MIX CAR;4;ATIVO;9;0;0;0;07/05/2026;4
PRODUTOS PET;38365;RACAO FRISKIES MIX CARNE 850G FRISKIE MIX CAR;5;ATIVO;9;0;0;0;07/05/2026;4
PRODUTOS PET;38365;RACAO FRISKIES MIX CARNE 850G FRISKIE MIX CAR;6;ATIVO;9;0;0;0;07/05/2026;4
PRODUTOS PET;38365;RACAO FRISKIES MIX CARNE 850G FRISKIE MIX CAR;7;ATIVO;9;0;0;0;07/05/2026;4
PRODUTOS PET;38365;RACAO FRISKIES MIX CARNE 850G FRISKIE MIX CAR;8;ATIVO;9;0;0;0;07/05/2026;4
PRODUTOS PET;38365;RACAO FRISKIES MIX CARNE 850G FRISKIE MIX CAR;11;ATIVO;9;0;0;0;07/05/2026;4
PRODUTOS PET;38365;RACAO FRISKIES MIX CARNE 850G FRISKIE MIX CAR;12;ATIVO;9;0;0;0;07/05/2026;4
PRODUTOS PET;38365;RACAO FRISKIES MIX CARNE 850G FRISKIE MIX CAR;13;ATIVO;9;0;0;0;07/05/2026;4
PRODUTOS PET;38365;RACAO FRISKIES MIX CARNE 850G FRISKIE MIX CAR;14;ATIVO;9;0;0;0;07/05/2026;4
PRODUTOS PET;38365;RACAO FRISKIES MIX CARNE 850G FRISKIE MIX CAR;15;ATIVO;9;0;0;0;07/05/2026;4
PRODUTOS PET;38365;RACAO FRISKIES MIX CARNE 850G FRISKIE MIX CAR;16;ATIVO;9;0;0;0;07/05/2026;4
PRODUTOS PET;38365;RACAO FRISKIES MIX CARNE 850G FRISKIE MIX CAR;17;ATIVO;9;0;0;0;07/05/2026;4
PRODUTOS PET;38365;RACAO FRISKIES MIX CARNE 850G FRISKIE MIX CAR;18;ATIVO;9;0;0;0;07/05/2026;4
PRODUTOS PET;38365;RACAO FRISKIES MIX CARNE 850G FRISKIE MIX CAR;50;ATIVO;9;0;0;0;07/05/2026;4
