"Código Produto";"Produto"
"3880";"ABS ALWAYS 32UN BASICO M SECA C ABAS"
"3882";"ABS ALWAYS 8UN BASICO P SECA C ABAS"
"3883";"ABS ALWAYS 8UN BASICO P SUAVE C ABAS"
"3885";"ABS C ABAS ALWAYS 16UN BASICA SUAVE"
"3886";"ABS C ABAS ALWAYS 8UN NOITE SUAV XG"
"3887";"ABS C ABAS ALWAYS 8UN NOTURNO SUAVE"
"3889";"ABS C ABAS ALWAYS LV16PG14 NOT SUAV"
"3911";"ABS C ABAS S LIVRE LV8PG7 AD SUAVE"
"12178";"ABS COTTONBABY SUAVE C ABAS C 8"
"12179";"ABS COTTONBABY SUAVE S ABAS C 8"
"12168";"ABS DEFINITY C ABAS C 8"
"12173";"ABS GERIAMAX POS PARTO OPERAT C 20"
"8789";"ABS MILI COB C ABAS SV 8UN"
"33364";"ABS MILI NOT DISCRETO C ABAS"
"33365";"ABS MILI NOT ULTRA C ABAS C 8"
"8791";"ABS MILI NOTURNO C ABAS 8UN"
"3904";"ABS MILI PROT TOTAL 16UN C ABAS SUAVE"
"2967";"ACHOC APTI PT 210G ZERO"
"38955";"ACHOC LIQ CHOCO MILK 1L"
"2925";"ACHOC LIQ ITALAC 1L"
"2911";"ACHOC LIQ ITALAC 200ML"
"2913";"ACHOC LIQ NESCAU 180ML ACTIC GO"
"38957";"ACHOC LIQ NESCAU PROTEIN 15G 260ML"
"2916";"ACHOC LIQ NESQUIK 180ML MORANGO"
"2923";"ACHOC LIQ SHOWKINHO 1L"
"2909";"ACHOC LIQ SHOWKINHO 200ML"
"2920";"ACHOC LIQ TODDYNHO 200ML"
"2919";"ACHOC LIQ TODDYNHO 200ML LEVINHO"
"2934";"ACHOC NESQUIK LT 380G MORANGO"
"2950";"ACHOC PO 3C SH 560G CHOCOLATTO"
"2942";"ACHOC PO APTI SH 200G"
"2946";"ACHOC PO APTI SH 400G MORANGO"
"2944";"ACHOC PO CBS SH 400G SUPERCAU"
"2939";"ACHOC PO CHOKILAR SH 200G"
"12216";"ACHOC PO NESCAU LT 350G"
"783";"ACHOC PO NESCAU SH 2 01KG"
"2956";"ACHOC PO NESCAU SH 550G ACTIV GO"
"2958";"ACHOC PO NESCAU SH 730G ACTIV GO"
"2949";"ACHOC PO TODDY SH 480G"
"2954";"ACHOC PO TODDY SH 700G"
"2960";"ACHOC TODDY PT 370G ORIGINAL"
"2777";"ACUCAR CONFEITEIRO CBS 500G"
"746";"ACUCAR CRISTAL GASPARIN 1KG"
"747";"ACUCAR CRISTAL GASPARIN 2KG"
"750";"ACUCAR CRISTAL GASPARIN 5KG"
"757";"ACUCAR CRISTAL SAO JOAO 1KG"
"760";"ACUCAR CRISTAL SAO JOAO 2KG"
"763";"ACUCAR CRISTAL SAO JOAO 5KG"
"2974";"ACUCAR DEMERARA UNIAO 1KG"
"3049";"ACUCAR MAGRO LIGHT C STEVIA 400G"
"2991";"ACUCAR MASCAVO CBS 500G"
"12237";"ACUCAR REFINADO GASPARIN 1KG"
"2996";"ADOCANTE ADOCYL 100ML"
"3001";"ADOCANTE LOWCUCAR DIET 100ML TRAD"
"3052";"ADOCANTE LOWCUCAR SOSTEVIA 65ML"
"3016";"ADOCANTE MAGRO 200ML"
"3013";"ADOCANTE MAGRO DIET SUCRALOSE 65ML"
"3024";"ADOCANTE ZERO CAL 100ML"
"3938";"AGUA COCO DUCOCO TP 1L"
"952";"AGUA COCO DUCOCO TP 200ML"
"36";"AGUA MIN CRYSTAL PET 500ML C GAS"
"43";"AGUA MIN CRYSTAL PET 500ML S GAS"
"55";"AGUA MIN DA PEDRA LT 350ML FTAS VRM"
"34";"AGUA MIN DA PEDRA PET 500ML C GAS"
"49";"AGUA MIN FLORESTA PET 500ML S GAS"
"52";"AGUA MIN FLORESTA PET 5L S GAS"
"39109";"AGUA MIN FONTE DA MATA 500ML S GAS"
"53";"AGUA MIN SARANDI 5L S GAS"
"73";"AGUA MIN SARANDI FITTING PET 510ML S GAS"
"32";"AGUA MIN SARANDI PET 2L C GAS"
"33";"AGUA MIN SARANDI PET 2L S GAS"
"12278";"AGUA OXIG BUTTERF 20V 100ML"
"12279";"AGUA OXIG BUTTERF 30V 100ML"
"12280";"AGUA OXIG BUTTERF 40V 100ML"
"6828";"AGUA SABORIZ H2OH 500ML LIMONETO"
"14";"AGUA SABORIZ H2OH PET 1 5L LIMAO"
"15";"AGUA SABORIZ H2OH PET 1 5L LIMONETO"
"78";"AGUA SABORIZ H2OH PET 500ML LIMAO"
"8806";"AGUA SANIT GIRANDO SOL 2L"
"3948";"AGUA SANIT GOTA LIMPA 1L"
"12289";"AGUA SANIT IMPERIAL 1L"
"12290";"AGUA SANIT IMPERIAL 2L"
"12291";"AGUA SANIT IMPERIAL 5L"
"3950";"AGUA SANIT Q BOA 1L"
"3951";"AGUA SANIT Q BOA 2L"
"3952";"AGUA SANIT Q BOA 5L"
"37433";"AGUA SANIT SUPREMA 1 L"
"37437";"AGUA SANIT SUPREMA 2 L"
"37429";"AGUA SANIT SUPREMA 5 L"
"3953";"AGUA SANIT YPE 1L"
"3954";"AGUA SANIT YPE 2L"
"12293";"AGUA SANIT ZAVASKI 5L"
"81";"AGUA TONICA ANTARCTICA LT 350ML"
"80";"AGUA TONICA ANTARCTICA LT 350ML ZR"
"88";"AGUA TONICA SARANDI LT 350ML"
"385";"AGUARD 51 VD 965ML"
"411";"AGUARD KIKANA VD 580ML"
"367";"AGUARD VELHO BARREIRO 910ML GOLD"
"422";"AGUARD VELHO BARREIRO VD 600ML"
"424";"AGUARD VELHO BARREIRO VD 910ML ADOCADO"
"1058";"ALFAJOR EL AGUILA 60G CHOC"
"1059";"ALFAJOR EL AGUILA 60G CHOC BRANCO"
"12327";"ALG DISCO COTTONBABY 50UN DISCO C 50"
"12328";"ALG ROLO COTTONBABY 25G"
"3720";"ALHO EM PASTA ALHOSTIN 200G"
"3757";"ALHO PICADO ALHOSTIN 1 01KG"
"3722";"ALHO PICADO ALHOSTIN 200G"
"3978";"ALIM CAO ALPO 1KG FI CAR FG CER VEG LEITE"
"4037";"ALIM CAO SAPECA SUPRA 1KG ADULTO"
"4038";"ALIM CAO SAPECA SUPRA 1KG PEQ RACAS"
"4039";"ALIM GATO BIFFE CAT 1KG ESPECIAL"
"39004";"ALIM GATO FRISKIES 80G MEGAMIX"
"39006";"ALIM GATO FRISKIES 80G MEGAMIX MAR SABORES"
"39005";"ALIM GATO FRISKIES 80G MEGAMIX MIX DE CARNES"
"4045";"ALIM GATO FRISKIES 85G CARNE AO MOLHO"
"4046";"ALIM GATO FRISKIES 85G CORDEIR AO MOLH"
"4048";"ALIM GATO FRISKIES 85G FRANGO MOLHO"
"4051";"ALIM GATO FRISKIES 85G PEIXE BRANCO"
"4052";"ALIM GATO FRISKIES 85G PERU AO MOLHO"
"4053";"ALIM GATO FRISKIES 85G SALMAO AO MOLHO"
"12381";"ALVEJ AQUAFAST 5L S CLORO"
"8837";"ALVEJ AQUAFAST S CLORO 2L"
"34844";"ALVEJ BARBAREX 1L S CLORO"
"34845";"ALVEJ BARBAREX 2L S CLORO"
"34846";"ALVEJ BARBAREX 5L S CLORO"
"4112";"ALVEJ GIRANDO SOL 1L FLORAL"
"4113";"ALVEJ GIRANDO SOL 1L LAVANDA"
"4115";"ALVEJ GIRANDO SOL 2L S CLORO"
"8641";"ALVEJ VANISH PODER O2 450G"
"8642";"ALVEJ VANISH PODER O2 450G WHITE"
"8639";"ALVEJ VANISH PODER O2 SH 400G"
"8640";"ALVEJ VANISH PODER O2 SH 400G CRYSTAL WHITE"
"8636";"ALVEJ VANISH RF 240G OXI ACTION"
"8835";"ALVEJ VANISH S CLORO WHITE 500ML"
"4119";"ALVEJ VANISH SH 500ML ROSA"
"4120";"ALVEJ VANISH SH 500ML WHITE"
"33287";"AMAC APYCE 5L JASMIM RSA"
"33286";"AMAC APYCE 5L TRAD AZL"
"8838";"AMAC AQUAFAST 2L ROSA JARD FLORI"
"8839";"AMAC AQUAFAST EMB ECON 5L ROXO MAGIA"
"8840";"AMAC AQUAFAST EMB ECON 5L VERM SEDUCAO"
"33961";"AMAC CONC AQUAFAST 1 5L BCO TERNURA"
"4137";"AMAC CONC AQUAFAST 1L HARMONIA"
"4138";"AMAC CONC AQUAFAST 1L MISTERIO"
"4139";"AMAC CONC AQUAFAST 1L TERNURA"
"4142";"AMAC CONC COMFORT 1L CUIDADO ESSENC"
"4146";"AMAC CONC COMFORT 1L PURO CUIDADO"
"4147";"AMAC CONC COMFORT 400ML RF FRESCOR INTENSO"
"4158";"AMAC CONC COMFORT 900ML RF LAVANDA"
"4166";"AMAC CONC FOFO 500ML AZL TUDAO"
"4170";"AMAC CONC FOFO 500ML CHEIROSISSIMO V"
"4174";"AMAC CONC FOFO LV500 PG400ML AZUL TUDAO"
"34832";"AMAC CONC YPE FR 1L LOCCITAN BRESIL"
"33491";"AMAC DOWNY 1 5L ALFAZEMA"
"4176";"AMAC DOWNY 1 5L BRISA DE VERAO"
"4177";"AMAC DOWNY 1 5L BRISA INTENSO"
"12404";"AMAC DOWNY 1 5L BRISA SUAVE"
"4178";"AMAC DOWNY 1 5L LIRIOS DO CAMPO"
"4180";"AMAC DOWNY 1L REGULAR INTENSO BRISA"
"33492";"AMAC DOWNY 500ML ALFAZEMA"
"4188";"AMAC DOWNY 500ML BRISA DE VERAO"
"5712";"AMAC DOWNY 500ML BRISA INTENSO"
"4189";"AMAC DOWNY 500ML BRISA SUAVE"
"4190";"AMAC DOWNY 500ML FRESC PRIMAVERA"
"4191";"AMAC DOWNY 500ML LIRIOS DO CAMPO"
"4194";"AMAC DOWNY 750ML BRISA DE VERAO"
"4195";"AMAC DOWNY 750ML INTENSO"
"4196";"AMAC DOWNY 750ML SUAVE"
"4197";"AMAC DOWNY 900ML COLLECTION"
"4202";"AMAC GIRANDO SOL 2L AZUL"
"4203";"AMAC GIRANDO SOL 2L BRANCO"
"4205";"AMAC GIRANDO SOL 2L LILAS"
"4206";"AMAC GIRANDO SOL 2L ROSA"
"4207";"AMAC GIRANDO SOL 2L VERMELHO"
"12416";"AMAC GOTA LIMPA 2L DELICATA"
"12417";"AMAC GOTA LIMPA 2L FASCINIO"
"12419";"AMAC GOTA LIMPA 2L FLORATA"
"12420";"AMAC GOTA LIMPA 2L PETALAS"
"4212";"AMAC GOTA LIMPA 5L DELICATA"
"12418";"AMAC GOTA LIMPA 5L FASCINIO"
"4213";"AMAC GOTA LIMPA 5L FLORATA"
"4217";"AMAC YPE 2L ACONCHEGO"
"4215";"AMAC YPE 2L CARINHO"
"4218";"AMAC YPE 2L INTENSO"
"4219";"AMAC YPE 2L TERNURA"
"4220";"AMAC YPE 5L ACONCHEGO"
"8846";"AMAC YPE CONC 500ML BLUE"
"8847";"AMAC YPE CONC 500ML PINK"
"8849";"AMAC YPE CONC 900ML PINK SUP"
"5697";"AMAC YPE PRO ROUPAS TECIDOS 7L"
"33285";"AMACIANTE APYCE 2L JASMIM ROSA"
"33458";"AMACIANTE APYCE 2L TRAD AZ"
"12391";"AMACIANTE AQUAFAST 1L SED VERM"
"12392";"AMACIANTE AQUAFAST 2L ENERGIA"
"12393";"AMACIANTE AQUAFAST 2L MANHA AZ"
"12394";"AMACIANTE AQUAFAST 2L ROXO MAGIA"
"12395";"AMACIANTE AQUAFAST 2L VERM SED"
"12396";"AMACIANTE AQUAFAST 5L ENER"
"12397";"AMACIANTE AQUAFAST 5L F MAN"
"12398";"AMACIANTE AQUAFAST 5L JARD FLOR"
"12410";"AMACIANTE GIRANDO SOL 500ML AZUL"
"12412";"AMACIANTE GIRANDO SOL 500ML HIPOAL"
"12413";"AMACIANTE GIRANDO SOL 500ML VERM"
"12435";"AMACIANTE YPE 500ML AZ ACONCHEGO"
"12452";"AMEND BCO BELLA DICA 400G"
"3084";"AMEND JAPONES DORI 70G SALGADO"
"3087";"AMEND TOR DORI 70G SALGADO"
"2973";"AMIDO MILHO APTI 200G"
"2979";"AMIDO MILHO APTI 500G"
"2975";"AMIDO MILHO KIMIMO 200G"
"2980";"AMIDO MILHO KIMIMO 500G"
"2972";"AMIDO MILHO MAISCERTA 200G"
"2977";"AMIDO MILHO MAISCERTA 500G"
"12481";"ANTI MOFO SANI ALL 80G FLORAL"
"12482";"ANTI MOFO SANI ALL 80G NEUTRO"
"4236";"ANTIMOFO ANTITRACA SANI SOL 20G"
"12523";"AP CORPO C 2"
"12529";"AP GILLETTE MACH3"
"8858";"AP GILLETTE PROBAK II C 2"
"4238";"AP MACH 3 ACQUA GRIP REGULAR"
"4240";"AP MACH 3 CARBONO"
"12535";"AP MAT INSET REFIL LIQ 45 NOITES 28ML"
"38652";"AP PRESTO2 ULTRAGRIP FIXO BAG C 5"
"4246";"AP PRESTOBARBA 3 2UN MASC"
"4252";"AP PRESTOBARBA 3 LV4 PG3 CORPO"
"4253";"AP PRESTOBARBA 3 LV4 PG3 FEMININO"
"4254";"AP PRESTOBARBA 3 LV4 PG3 MASCULINO"
"4255";"AP PRESTOBARBA 3 LV4 PG3 SENSECA"
"4259";"AP PRESTOBARBA ULTRA GRIP 2UN"
"4258";"AP PROBAK II LV7 PG5"
"4263";"AP VENUS SIMPLY 2UN"
"4264";"AP VENUS SIMPLY LV4 PG3"
"4276";"AREIA HIG PIPICAT 4KG P GATOS"
"4277";"AREIA SANITARIA BEAUTICAT 4KG"
"8863";"AROMAT CENTRALSUL GEL 60G LAVANDA"
"4281";"AROMAT CENTRALSUL GEL 60G MARINE"
"9920";"AROMAT CENTRALSUL GEL 60G V8"
"8865";"AROMAT COALA CONC 120ML CITRONELA"
"8866";"AROMAT COALA CONC 120ML EUCALIPTO"
"2161";"ARROZ BCO ALEGRETE TP1 5KG"
"36813";"ARROZ BCO BOM DE PANELA TP1 5KG"
"3848";"ARROZ BCO BOM GOSTO TP1 5KG BOM GOSTO"
"2136";"ARROZ BCO JATAI TP3 5KG"
"2098";"ARROZ BCO OESTE TP1 2KG"
"2128";"ARROZ BCO PAMPEANO TP1 5KG"
"2057";"ARROZ BCO PILECCO SUP ECCO T1 1K"
"2165";"ARROZ BCO PILECCO SUPER ECCO TP1 5K"
"2104";"ARROZ BCO PRATO FINO T1 2K"
"2084";"ARROZ BCO REQUINTE TP1 1KG"
"2101";"ARROZ BCO REQUINTE TP1 2KG"
"2150";"ARROZ BCO REQUINTE TP1 5KG"
"2060";"ARROZ BCO SABOROSO T1 1K"
"2118";"ARROZ BCO SABOROSO T1 2K"
"2177";"ARROZ BCO SABOROSO TP1 5KG"
"2056";"ARROZ BCO TRIVIAL T2 1K"
"2115";"ARROZ BCO TRIVIAL T2 2K"
"2158";"ARROZ BCO TRIVIAL TP2 5KG"
"12610";"ARROZ P CAES KI KAO SANO 5K"
"2217";"ARROZ PARBO RAROZ TP1 1KG"
"2242";"ARROZ PARBO RAROZ TP1 5KG"
"2215";"ARROZ PARBO SABOROSO TP1 1KG"
"2244";"ARROZ PARBO SABOROSO TP1 5KG"
"33915";"ARROZ SABOROSO PARB 1KG INTEGRAL"
"2319";"ATUM EM PEDACOS NAUTIQUE 170G OLEO"
"2375";"ATUM PEDACOS G COSTA 170G OLEO"
"2332";"ATUM RALADO COQUEIRO 170G EM OLEO"
"2342";"ATUM RALADO G COSTA 170G EM OLEO"
"2344";"ATUM RALADO G COSTA 170G NATURAL"
"38964";"ATUM RALADO NAUTIQUE 170G MOLHO TOMATE"
"2307";"ATUM RALADO NAUTIQUE 170G OLEO"
"2377";"ATUM SOLIDO G COSTA 170G OLEO"
"2323";"ATUM SOLIDO NAUTIQUE 170G EM OLEO"
"2327";"ATUM SOLIDO NAUTIQUE 170G NATURAL"
"2995";"AVEIA FLOCOS APTI 150G"
"2990";"AVEIA FLOCOS CBS 170G"
"2993";"AVEIA FLOCOS FINOS APTI 150G"
"2992";"AVEIA FLOCOS FINOS CBS 170G"
"2998";"AVEIA FLOCOS FINOS NESTLE 170G"
"3003";"AVEIA FLOCOS FINOS QUAKER 165G"
"3008";"AVEIA FLOCOS NATURALE 1KG"
"3000";"AVEIA FLOCOS NESTLE 170G"
"3002";"AVEIA FLOCOS QUAKER 165G REGULAR"
"3005";"AVEIA FLOCOS SOBERANA 500G"
"34880";"AVEIA NATURALE 170G FLOCOS"
"34881";"AVEIA NATURALE 170G FLOCOS FINOS"
"936";"AZEIT DENDE TRISANTI 200ML"
"12714";"AZEIT OLI ANDORINHA EXT VG VD 250ML"
"12715";"AZEIT OLI ANDORINHA EXT VG VD 500ML"
"940";"AZEIT OLIV BORGES EXT VG 250ML"
"948";"AZEIT OLIV COCINERO EXT VG 250ML"
"949";"AZEIT OLIV COCINERO EXT VG 500ML"
"942";"AZEITE OLIV BORGES EXT VG 500ML"
"2322";"AZEITONA VDE V FERTIL SH 150G C CAR"
"2339";"AZEITONA VDE V FERTIL SH 150G RECH"
"2341";"AZEITONA VERDE UNIAGRO SH 400G S CAROCO"
"2343";"AZEITONA VERDE UNIAGRO SH 500G C CAROCO"
"2321";"AZEITONA VERDE VALE FERTIL SH 100G C CAROCO"
"2328";"AZEITONA VERDE VALE FERTIL SH 120G FATIADA"
"2331";"AZEITONA VERDE VALE FERTIL SH 120G S CAROCO"
"2347";"AZEITONA VERDE VALE FERTIL SH 500G C CAROCO"
"2349";"AZEITONA VERDE VALE FERTIL VD 500G C CAROCO"
"1146";"BALA B TOFFEES 53 CACAU MENTA"
"1144";"BALA B TOFFEES 53 CACAU TRUFA"
"1136";"BALA B TOFFEES 90G 53 CACAU CHOC"
"38934";"BALA DE GOMA FLOPI SORTIDA 250G"
"39085";"BALA DE GOMA FLORESTAL GOMIT LT 45G EUCALIPTO MENT"
"1123";"BALA DOCILE GELATINA 80G BANANA"
"1122";"BALA DOCILE GELATINA 80G DENTES VAMPIRO"
"1094";"BALA DORI GELATINA 60G AMORA"
"1087";"BALA DORI GELATINA 60G BANANA"
"1091";"BALA DORI GELATINA 60G BOCA"
"1089";"BALA DORI GELATINA 60G MINHOCA ACID"
"1050";"BALA DORI PESC GIRAFA 30G MORANGO"
"1044";"BALA DORI PESC GIRAFA 30G YOGURTE"
"1100";"BALA DORI TUBO 70G ACID MORANGO"
"1098";"BALA DORI TUBO 70G RECH MORANGO"
"1188";"BALA DORI YOGURT MORANGO 600G"
"1187";"BALA FINI MARSH 250G RECH TORCAO"
"1149";"BALA FORTGURT MIX 250G"
"38956";"BALA GELATINA PIETROBON 3D 80G ABACAXI"
"38989";"BALA GELATINA PIETROBON 3D 80G MORANGO"
"1830";"BALA GOMA DOCILE 250G BANANA"
"1836";"BALA GOMA DORI 600G MINHOCAS FRUTAS ACIDAS"
"1812";"BALA GOMA DORI GIRAFA 30G FRAMBOESA"
"1816";"BALA GOMA DORI GOMETS 150G MINHOCA ACIDA"
"1814";"BALA GOMA DORI GOMETS 150G SINO"
"1833";"BALA GOMA DORI GOMETS 700G GOMOS DE FRUTAS"
"1813";"BALA GOMA DORI GOMETS 70G SINO"
"36244";"BALA GOMA DORI GOMETS TUBO C30 IOGURTE"
"1841";"BALA GOMA DORI TUBO FRUTAS 32G C 30 TIPO AMERICANA"
"1825";"BALA GOMA FINI GEL 90G DENTADUDURAS"
"1224";"BALA GOMA GOMUTCHO 1KG AMERIC SORT"
"1220";"BALA GOMA GOMUTCHO 1KG MINHOCAS ACID"
"1223";"BALA GOMA GOMUTCHO 1KG SINOS"
"1222";"BALA GOMA GOMUTCHO 1KG YOGURT"
"38929";"BALA GOMA TUBO SABORES 30G"
"1119";"BALA PIETROBON 170G ALGODAO DOCE"
"1118";"BALA PIETROBON 170G HORTELA"
"1114";"BALA PIETROBON 170G T FRUTTI"
"1116";"BALA PIETROBON 170G YOGURTE"
"1178";"BALA PIETROBON 600G FRUTALLI"
"1180";"BALA PIETROBON 600G GOOD SMILE FRAM"
"1177";"BALA PIETROBON 600G MEL"
"1183";"BALA PIETROBON 600G TUTTI FRUTTI"
"1174";"BALA PIETROBON 600G YOGURTE"
"1173";"BALA PIETROBON 600G YOGURTE SORT"
"12822";"BALA PIETROBON YOGURTE SORT 170G"
"38933";"BALA STICK B CORACAO MORANGO 12 3G"
"1164";"BALA TOFFANO 400G TOFFRUT FRAMB"
"1190";"BALA TOFFANO 600G MORANGO"
"1071";"BALA TOFFANO CAFE GOLD 100G"
"1196";"BALA TOFFANO CAFE GOLD 500G"
"1109";"BALA TOFFANO FORTGURT 250G"
"1185";"BALA TOFFANO MINT 600G"
"13055";"BANHEIRA ADOLETA INF 20L AZUL BEBE"
"13059";"BANHEIRA ADOLETA INF 20L ROSA BEBE"
"3317";"BARRA CER NATURALE 22G CASTANHA C CHOC"
"3318";"BARRA CER NATURALE 22G COCO C CHOC"
"3324";"BARRA CER NATURALE 22G DOCE DE LEITE"
"3323";"BARRA CER NATURALE 22G DOCE LEITE CHOC"
"3321";"BARRA CER NATURALE 22G GRANOLA"
"3313";"BARRA CER NATURALE 22G MORANGO"
"3350";"BARRA CER NATURALE 25G BANANA AVE CHOC"
"3364";"BARRA CER NATURALE 25G BRIGAD AVE CHOC"
"3344";"BARRA CER NATURALE 25G CASTANHA AVE"
"3360";"BARRA CER NATURALE 25G MOR AVE CHOC"
"3331";"BARRA CER NATURALE ZR ACU 22G MORANGO"
"3405";"BARRA CER RITTER 22G BRIGADEIRO"
"3414";"BARRA CER RITTER 22G CASTANHA PARA"
"3396";"BARRA CER RITTER 25G AVELA CAST CHOC"
"3400";"BARRA CER RITTER 25G BAN AVEIA MEL"
"3375";"BARRA CER RITTER 25G BROWNIE"
"3372";"BARRA CER RITTER 25G MORANGO CHOC"
"1102";"BATATA PALHA BOA TRAD 800G"
"3560";"BEB 3 CORACOES POWER WHEY 250ML CHOC"
"3562";"BEB 3 CORACOES POWER WHEY 250ML CLASSICO"
"3568";"BEB 3 CORACOES POWER WHEY 250ML COOKIES"
"3564";"BEB 3 CORACOES POWER WHEY 250ML DOCE LEITE"
"39107";"BEB MISTA FERNET C COLA 1L"
"382";"BEB MISTA TAMPICO PET 2L FRUTAS CITRICAS"
"384";"BEB MISTA TAMPICO PET 450ML FRUTAS CITRICAS"
"13209";"BEB NESTLE NESCAU 270ML EX CACAU"
"417";"BEB VIT BALY KIDS LT 220ML LARANJA"
"419";"BEB VIT BALY KIDS LT 220ML MELANCIA"
"420";"BEB VIT BALY KIDS LT 220ML MORANGO"
"421";"BEB VIT BALY KIDS LT 220ML TUTTI FRUTI"
"423";"BEB VIT BALY KIDS LT 220ML UVA"
"3020";"BEBIDA NESCAFE 270ML SMOOVLATTE"
"3014";"BEBIDA NESTLE 270ML NESCAU"
"3017";"BEBIDA NESTLE 280ML ALPINO FAST"
"3018";"BEBIDA NESTLE 280ML NESTON FAST"
"38833";"BEBIDA NUTREN BAUNILHA ZR LAC 260ML"
"38832";"BEBIDA NUTREN CHOCO WAFER ZR LAC 260ML"
"38834";"BEBIDA NUTREN CHOCOLATE ZR LAC 260ML"
"3581";"BEBIDA PARMALAT WHEY 250ML ABACATE"
"3587";"BEBIDA PARMALAT WHEY 250ML BAUNILHA"
"3586";"BEBIDA PARMALAT WHEY 250ML CAPPUCCINO"
"3589";"BEBIDA PARMALAT WHEY 250ML CHOC"
"3573";"BEBIDA PARMALAT WHEY 250ML COCO"
"3584";"BEBIDA PARMALAT WHEY 250ML MILHO VERDE"
"2352";"BETERRABA CONS JUREIA 300G"
"1965";"BIS LACTA 100 8G AO LEITE"
"1966";"BIS LACTA 100 8G BLACK"
"1962";"BIS LACTA 100 8G BRANCO"
"1964";"BIS LACTA 100 8G LIMAO"
"1960";"BIS LACTA 100 8G OREO"
"1969";"BISAO LACTA 201 6G AO LEITE"
"1968";"BISAO LACTA 201 6G BRANCO"
"1016";"BISC AGUA E SAL GERMANI 345G"
"1019";"BISC AGUA E SAL GERMANI 690G"
"1020";"BISC AGUA E SAL ISABELA 350G"
"1022";"BISC AGUA E SAL ORQUIDEA 320G"
"1024";"BISC AGUA E SAL PARATI 370G"
"1025";"BISC AGUA E SAL PARATI 740G"
"1028";"BISC AGUA E SAL ZEZE 200G"
"13277";"BISC AGUA SAL ORQUIDEA 665GR"
"1038";"BISC AMANTEIGADO ISABELA SORT 300G"
"1043";"BISC AMANTEIGADO ORQUIDEA SORT 300G"
"1370";"BISC CEREALE INTEG 141G MACA UVA PASSA"
"1232";"BISC COOKIE BAUDUCCO 100G CHOC"
"1165";"BISC COOKIE BAUDUCCO ORIG 60G"
"34599";"BISC COOKIE DOMELLY 60G ORIGINAL"
"1259";"BISC COOKIE LACTA 80G LAKA"
"1261";"BISC COOKIE LACTA 80G ORIGINAL"
"1377";"BISC COOKIE LEVIT 150G AVEIA E MEL"
"1374";"BISC COOKIE LEVIT 150G LAR GRANOLA"
"1199";"BISC COOKIE LEVIT CACAU GOT CH 150G"
"1155";"BISC COOKIE NESTLE 60G ALPINO GT CHOC"
"1162";"BISC COOKIE NESTLE 60G BAUN C GT CHOC"
"13303";"BISC COOKIE NESTLE 60G CHARGE"
"1152";"BISC COOKIE NESTLE 60G CHOC"
"1159";"BISC COOKIE NESTLE 60G GALAK GT CHOC B"
"1154";"BISC COOKIE NESTLE 60G NEGRE CHOC BAUN"
"1161";"BISC COOKIE NESTLE 60G PASSATEMPO CHOC"
"1151";"BISC COOKIE PARATI 60G BAUNILHA"
"1150";"BISC COOKIE PARATI 60G CHOC"
"1184";"BISC COOKIE PIRAQUE 80G BAUNILHA"
"1182";"BISC COOKIE PIRAQUE 80G CHOCOLATE"
"13329";"BISC CRACKER PARATI HOT 100G PIZZA"
"13326";"BISC CRACKER PARATI HOT 100G QJO"
"13327";"BISC CRACKER PARATI HOT 100G REQ"
"13328";"BISC CRACKER PARATI HOT 100PEITO PERU"
"13330";"BISC CRACKER PARATI HOT 100PRESUNTO"
"1110";"BISC CREAM CRACKER BAUDUCCO 165G TRAD"
"1355";"BISC DOCE DOMELLY 560G GLACE BCO"
"1291";"BISC DOCE DOMELLY GLACEADO 280G BCO"
"1290";"BISC DOCE DOMELLY GLACEADO 280G CHOC"
"1305";"BISC DOCE DOMELLY PAO DE MEL 250G CHOC"
"1304";"BISC DOCE DOMELLY PAO DE MEL 250G GLACE"
"1205";"BISC DOCE DOMELLY ROSCA 280G BAUNILHA"
"1209";"BISC DOCE DOMELLY ROSCA 280G CHOCOLATE"
"1273";"BISC DOCE DOMELLY ROSCA 280G COCO"
"1208";"BISC DOCE DOMELLY ROSCA 280G MILHO"
"1356";"BISC DOCE DOMELLY ROSCA CHOC 560G"
"1254";"BISC DOCE GERMANI NATA 180G"
"1212";"BISC DOCE GERMANI ROSCA CHOC 300G"
"1302";"BISC DOCE GERMANI ROSCA GLACE 300G"
"1287";"BISC DOCE GERMANI TUTTO FRUTTA 150G GOIABA"
"1285";"BISC DOCE GERMANI TUTTO FRUTTA 150G MORANGO"
"1197";"BISC DOCE GIRASSOL ROSCA 250G BANANA E CANELA"
"1193";"BISC DOCE GIRASSOL ROSCA 250G BRIGADEIRO"
"1194";"BISC DOCE GIRASSOL ROSCA 250G CHOCOLATE"
"1192";"BISC DOCE GIRASSOL ROSCA 250G COCO"
"1189";"BISC DOCE GIRASSOL ROSCA CALDA 250G"
"1211";"BISC DOCE GIRASSOL SORTIDO 300G"
"1333";"BISC DOCE ISABELA CRISTAL 414G"
"1347";"BISC DOCE ISABELA KUKI 350G"
"1171";"BISC DOCE LEVIT 145G FRUTA E CEREAIS"
"1170";"BISC DOCE LEVIT 145G LEITE E CEREAIS"
"1446";"BISC DOCE NESTLE CHOCO TRIO 90G AMEND"
"1134";"BISC DOCE NESTLE CHOCO TRIO 90G CHOC"
"13402";"BISC DOCE NESTLE CHOCO TRIO 90G LEITE"
"1275";"BISC DOCE PARATI ROSCA 250G BRIGADEIRO"
"1277";"BISC DOCE PARATI ROSCA 250G CHOCOLATE"
"1270";"BISC DOCE PARATI ROSCA 250G COCO"
"1257";"BISC DOCE PARATI ROSCA 250G LEITE"
"1256";"BISC DOCE PARATI ROSCA 250G NATA"
"1318";"BISC DOCE ZEZE FOLHADO 300G"
"1046";"BISC DOCE ZEZE FURA BOLO 180G BAUNILHA"
"1047";"BISC DOCE ZEZE FURA BOLO 180G CHOCOLATE"
"1265";"BISC DOCE ZEZE MINIDITOS 200G BANANA E CANELA"
"1263";"BISC DOCE ZEZE MINIDITOS 200G COCO"
"1315";"BISC DOCE ZEZE PALITO CHOC 300G"
"1202";"BISC DOCE ZEZE RAMINHO 200G"
"1063";"BISC DOMELLY POLVILHO 80G QJO"
"1064";"BISC DOMELLY POLVILHO 80G TRAD"
"13363";"BISC GAROTO CHOCO BISCUIT AO LEITE 78G"
"1113";"BISC GERMANI BUTTER CRACKER 345G"
"1049";"BISC GERMANI CHAMPAGNE 150G"
"1115";"BISC GERMANI CRACKER 345G"
"1120";"BISC GERMANI CREAM CRACKER 345G INTEGRAL"
"1379";"BISC INTEGRAL TRIUNFO 135G CACAU E CEREAIS"
"1382";"BISC INTEGRAL TRIUNFO 135G MIX AVEIA MEL"
"1384";"BISC ISABELA 350G INTEG"
"1121";"BISC ISABELA CREAM CRACKER 350G"
"1124";"BISC ISABELA CREAM CRACKER GER 350G"
"1508";"BISC ISABELA TORTINHAS 140G CH CAKE GEL GOI"
"1512";"BISC ISABELA TORTINHAS 140G CHOC"
"1510";"BISC ISABELA TORTINHAS 140G CHOC BCO"
"1505";"BISC ISABELA TORTINHAS 140G CHOC BCO GELEIA"
"1507";"BISC ISABELA TORTINHAS 140G CHOC C AVELA"
"1502";"BISC ISABELA TORTINHAS 140G CHOC SUICO"
"1500";"BISC ISABELA TORTINHAS 140G LIMAO"
"1499";"BISC ISABELA TORTINHAS 140G MORANGO"
"1503";"BISC ISABELA TORTINHAS 140G TRUFA"
"1504";"BISC ISABELA TORTINHAS 140G TRUFA C GELEIA"
"1623";"BISC LANCHE BAUDUCCO 30G MAXI GOIABINHA"
"1403";"BISC LEITE BAUDUCCO 335G GOTAS CHOC"
"1404";"BISC LEITE GERMANI 345G"
"1407";"BISC LEITE ISABELA 350G CHOC"
"1406";"BISC LEITE ISABELA 350G TRAD"
"13381";"BISC LEITE PARATI 370G"
"1536";"BISC LEITE PASSATEMPO 150G"
"1414";"BISC MAIZENA GERMANI 345G"
"1415";"BISC MAIZENA ISABELA 350G"
"1417";"BISC MAIZENA PARATI 370G"
"1418";"BISC MAIZENA PIRAQUE 175G"
"1419";"BISC MARIA DOMELLY 300G"
"1422";"BISC MARIA GERMANI 345G"
"1425";"BISC MARIA GERMANI 345G CHOC"
"1423";"BISC MARIA GERMANI 690G"
"1427";"BISC MARIA ISABELA 350G"
"1429";"BISC MARIA ORQUIDEA 320G"
"13395";"BISC MARIA ORQUIDEA 665GR"
"1432";"BISC MARIA PARATI 370G"
"1434";"BISC MARIA PARATI 740G"
"996";"BISC MUCILON LANCHINHO 35G TOMATE"
"997";"BISC MUCILON LANCHINHO 35G TRAD"
"1393";"BISC NESFIT INTEG 140G CACAU AVELA"
"1389";"BISC NESFIT INTEG 160G BAN AVEIA CAN"
"1387";"BISC NESFIT INTEG 160G CACAU E CEREAIS"
"1390";"BISC NESFIT INTEG 160G COCO"
"1391";"BISC NESFIT INTEG 160G LAR CENOURA"
"1392";"BISC NESFIT INTEG 160G MORANGO CEREAIS"
"1317";"BISC PAO MEL DOMELLY MINI PANE 300G"
"1034";"BISC PIRAQUE GERGELIM 215G"
"1533";"BISC RECH BAUDUCCO 108G CHOC"
"1143";"BISC RECH BAUDUCCO 108G CHOC BAUNILHA"
"1135";"BISC RECH BAUDUCCO 108G DUPLO CHOCOLATE"
"1488";"BISC RECH DANIX 130G CHOC"
"1487";"BISC RECH DANIX 130G CHOC SHAKE"
"1516";"BISC RECH DANIX SMURFS 130G CHOCO CHOCO"
"1518";"BISC RECH DANIX SMURFS 130G MORANGO"
"1528";"BISC RECH ISABELA MOUSSE 130G CHOC AO LEITE"
"1527";"BISC RECH ISABELA MOUSSE 130G CHOC M AMARGO"
"1525";"BISC RECH ISABELA MOUSSE 130G LIMAO E CHOC"
"1526";"BISC RECH ISABELA MOUSSE 130G MORANGO E CHOC"
"1474";"BISC RECH NESTLE BONO 90G CHOC"
"1469";"BISC RECH NESTLE BONO 90G DOCE DE LEITE"
"1471";"BISC RECH NESTLE BONO 90G LIMAO"
"1472";"BISC RECH NESTLE BONO 90G MOR"
"1468";"BISC RECH NESTLE NEGRESCO 90G BAUNILHA"
"1466";"BISC RECH NESTLE NEGRESCO 90G CHOC"
"1464";"BISC RECH NESTLE NEGRESCO 90G MOR"
"1545";"BISC RECH OREO 144G MILKSHAKE MOR"
"1546";"BISC RECH OREO 144G ORIGINAL"
"1540";"BISC RECH OREO 90G BAUNILHA"
"1542";"BISC RECH OREO 90G CHOC"
"1543";"BISC RECH OREO 90G MILKSHAKE MOR"
"1169";"BISC RECH OREO MINI CHOC BAUN 35G"
"13448";"BISC RECH ORQUIDEA 260G SORT"
"13454";"BISC RECH PARATI Z CARTOON 85G BRIGADEIR"
"13455";"BISC RECH PARATI Z CARTOON 85G CHOC"
"13456";"BISC RECH PARATI Z CARTOON 85G DUO"
"13457";"BISC RECH PARATI Z CARTOON 85G FLOCOS"
"13458";"BISC RECH PARATI Z CARTOON 85G MOR"
"1486";"BISC RECH PASSATEMPO 130G CHOC"
"1483";"BISC RECH PASSATEMPO 130G CHOC MOR"
"1484";"BISC RECH PASSATEMPO 130G MOR"
"1451";"BISC RECH SAPECA 120G CHOC"
"1454";"BISC RECH SAPECA 120G DOCE LEITE"
"38983";"BISC RECH TORTUGUITA 86G BRIGADEIRO"
"38982";"BISC RECH TORTUGUITA 86G CHOCOLATE"
"38981";"BISC RECH TORTUGUITA 86G MORANGO"
"1491";"BISC RECH TRAKINAS 126G BUBBALOO T FRUT"
"1497";"BISC RECH TRAKINAS 126G CHOC"
"1493";"BISC RECH TRAKINAS 126G CHOC MORANGO"
"1495";"BISC RECH TRAKINAS 126G LIMAO"
"1496";"BISC RECH TRAKINAS 126G MORANGO"
"1475";"BISC RECH TRIUNFO TORTINI 90G CHOC"
"1477";"BISC RECH TRIUNFO TORTINI 90G TRUFA"
"1229";"BISC ROSQ GERMANI COCO 350G"
"1616";"BISC SALG CLUB SOCIAL 288G ORIGINAL"
"1596";"BISC SALG CLUB SOCIAL 6UN 141G PIZZA"
"1594";"BISC SALG CLUB SOCIAL 6UN 141G PRESUNTO"
"1605";"BISC SALG CLUB SOCIAL 6UN 144G INTEGRAL"
"1606";"BISC SALG CLUB SOCIAL 6UN 144G ORIGINAL"
"1579";"BISC SALG GERMANI 200G MIGNON"
"1575";"BISC SALG GERMANI GRISSINI 175G"
"1578";"BISC SALG GERMANI SUZI CROCK 200G BACON"
"1576";"BISC SALG GERMANI SUZI CROCK 200G ORIGINAL"
"1577";"BISC SALG GERMANI SUZI CROCK 200G QJO"
"1555";"BISC SALG GERMANI TRICKS 110G CHURRASCO"
"1556";"BISC SALG GERMANI TRICKS 110G QJO"
"1558";"BISC SALG GERMANI TRICKS 110G TRAD"
"1613";"BISC SALG ISABELA 350G PIC NIC"
"1612";"BISC SALG PARATI 270G MIGNON"
"1396";"BISC SALG PARATI 400G INTEG"
"1587";"BISC SALG PIRAQUE 138G INTEGRAL"
"1586";"BISC SALG PIRAQUE 138G ORIGINAL"
"1574";"BISC SALG PIRAQUE 50G ANEIS CEBOLA"
"1573";"BISC SALG PIRAQUE 50G PEPPERONI"
"1550";"BISC SALG SALKIM 90G BACON"
"1554";"BISC SALG SALKIM 90G CHURRASCO"
"1553";"BISC SALG SALKIM 90G PIZZA"
"1549";"BISC SALG SALKIM 90G TRAD"
"1560";"BISC SALG TUCS 100G CHURRASCO"
"1562";"BISC SALG TUCS 100G PIZZA"
"1561";"BISC SALG TUCS 100G QUEIJO"
"1565";"BISC SALG TUCS 100G SALAMINHO"
"1564";"BISC SALG TUCS 100G TRAD"
"1585";"BISC SALG ZEZE 200G MIGNON"
"1610";"BISC SALG ZEZE 220G LUNA"
"1617";"BISC SALG ZEZE 300G FOLHADO"
"1570";"BISC SALG ZEZE MIGNON 60G CALABRESA"
"1567";"BISC SALG ZEZE MIGNON 60G CHURRASCO"
"1569";"BISC SALG ZEZE MIGNON 60G GALETO"
"1572";"BISC SALG ZEZE MIGNON 60G ORIGINAL"
"1571";"BISC SALG ZEZE MIGNON 60G QUEIJO"
"1618";"BISC SORT DOMELLY 280G"
"1620";"BISC SORT DOMELLY JOCE 300G"
"1621";"BISC SORT GERMANI 400G"
"549";"BITTER SANGALO VD 1L"
"13524";"BLOQ ODORES 60ML BABY"
"13525";"BLOQ ODORES 60ML ESPECIARIAS"
"35677";"BLOQ ODORES AMAZONIA 60ML T FRUTTI"
"3874";"BOMBOM AMOR CARIOCA 200G"
"3875";"BOMBOM AMOR CARIOCA 200G BRANCO"
"3876";"BOMBOM AMOR CARIOCA 200G DUO"
"36474";"BOMBOM AMOR CARIOCA 20G"
"13696";"BOMBOM AMOR CARIOCA BCO 20G"
"13699";"BOMBOM BEL SORT 180G"
"37222";"BOMBOM GAROTO FINOS 220G SORTIDOS"
"13705";"BOMBOM LACTA FAVORITOS 250 6G"
"13707";"BOMBOM LACTA OURO BCO 20G"
"13709";"BOMBOM LACTA SONHO OURO 220G"
"13708";"BOMBOM LACTA SONHO VALSA 20G"
"13712";"BOMBOM NESTLE ESPECIALIDADES 251G"
"3483";"BRIGADEIRO PETRY 400G"
"3484";"BRIGADEIRO STA CLARA 400G"
"4499";"BUCHA VEGETAL VINI LADY 5003"
"15141";"CAFE 3C DRIP GOURMET SH 10G PORTINARI"
"2154";"CAFE 3C DRIP GOURMET SH 11G DARK ROAST"
"1988";"CAFE IGUACU SOLUVEL PT 200G CAPPUCCINO"
"2029";"CAFE SOL 3C CAPPUCCINO SH 20G BAUNILHA"
"29529";"CAFE SOL 3C CAPPUCCINO SH 20G CHOC"
"1989";"CAFE SOL 3C FORZA SH 250G INTENSIDADE MAX"
"2048";"CAFE SOL 3C LT 160G TRAD"
"2069";"CAFE SOL 3C SH 20G C LEITE"
"2081";"CAFE SOL 3C SH 40G TRAD"
"2143";"CAFE SOL 3C VD 200G TRAD"
"2079";"CAFE SOL BOM JESUS SH 40G FORTE"
"2032";"CAFE SOL IGUACU CAPPUCCINO PT 200G CHOC"
"2033";"CAFE SOL IGUACU CAPPUCCINO PT 200G CONFEITOS CHOC"
"2047";"CAFE SOL IGUACU LT LV200G PG190G TRAD"
"2034";"CAFE SOL IGUACU PT 200G CAPPUCCINO CANELA"
"2113";"CAFE SOL IGUACU SH 100G CAPPUCCINO"
"2077";"CAFE SOL IGUACU SH 40G CLASSICO"
"15158";"CAFE SOL IGUACU SH L55P50G"
"2152";"CAFE SOL IGUACU VD 200G CLASSICO CLASSICO"
"2036";"CAFE SOL MELITTA CAPPUCCINO LT 200G TRAD"
"2070";"CAFE SOL MELITTA LT 200G C LEITE"
"2121";"CAFE SOL MELITTA SH 40G DESCAF"
"2083";"CAFE SOL MELITTA SH 40G TRAD"
"2147";"CAFE SOL MELITTA VD 200G TRAD"
"2037";"CAFE SOL NESCAFE CAPPUCCINO LT 180G CHOC 2FRADES"
"15171";"CAFE SOL NESCAFE CREM DOLCA LT 150G"
"2067";"CAFE SOL NESCAFE GOLD LT 100G SUAVE"
"1994";"CAFE SOL NESCAFE GOLD SH 250G INTENSO"
"1992";"CAFE SOL NESCAFE GOLD SH 250G SUAVE"
"2114";"CAFE SOL NESCAFE GOLD SH 40G INTENS"
"2108";"CAFE SOL NESCAFE SH 40G MATINAL SUAVE"
"2109";"CAFE SOL NESCAFE SH 40G ORIGINAL"
"2107";"CAFE SOL NESCAFE SH 40G TRADICAO FORTE"
"2119";"CAFE SOL NESCAFE SH40G DESCAF"
"2141";"CAFE SOL NESCAFE VD 160G MATINAL"
"2142";"CAFE SOL NESCAFE VD 160G ORIGINAL"
"2139";"CAFE SOL NESCAFE VD 160G TRADICAO FORTE"
"1999";"CAFE VACUO 3C 250G EXTRA FORTE"
"1998";"CAFE VACUO 3C 250G TRAD"
"2021";"CAFE VACUO 3C PREMIUM 500G ESTRADA REAL"
"2009";"CAFE VACUO BOM JESUS 500G EXTRA FORTE"
"2010";"CAFE VACUO BOM JESUS 500G TRAD"
"2005";"CAFE VACUO IGUACU 500G EXTRA FORTE"
"2015";"CAFE VACUO IGUACU 500G TRAD"
"2027";"CAFE VACUO MELITTA 250G EXTRA FORTE"
"2028";"CAFE VACUO MELITTA 250G TRAD"
"2020";"CAFE VACUO MELITTA 500G EXTRA FORTE"
"2018";"CAFE VACUO MELITTA 500G TRAD"
"2007";"CAFE VACUO MELITTA REG BRASIL 250G CERRADO"
"2006";"CAFE VACUO MELITTA REG BRASIL 250G MOGIANA"
"2008";"CAFE VACUO MELITTA REG BRASIL 250G SUL DE MINAS"
"2003";"CAFE VACUO MOIDO 3C GOURMET 250G CERRADO MINEIRO"
"2001";"CAFE VACUO MOIDO 3C GOURMET 250G DARK ROAST"
"2000";"CAFE VACUO MOIDO 3C GOURMET 250G MOGIAN PAULISTA"
"3378";"CALDO APTI 114G CARNE"
"3363";"CALDO APTI 19G CARNE"
"3399";"CALDO APTI 57G BACON"
"3369";"CALDO APTI 57G CARNE"
"3403";"CALDO APTI 57G COSTELA"
"3402";"CALDO APTI 57G LEGUMES"
"3367";"CALDO APTI 57G REFOGA CASEIRA"
"3425";"CALDO COSTELA APTI 114G"
"3390";"CALDO GALINHA APTI 114G"
"3384";"CALDO GALINHA APTI 57G"
"3394";"CALDO GALINHA KNORR 114G"
"3388";"CALDO GALINHA KNORR 57G"
"3391";"CALDO GALINHA MAGGI 114G"
"3392";"CALDO GALINHA MAGGI 152G"
"3386";"CALDO GALINHA MAGGI 57G"
"3377";"CALDO KNORR 57G CARNE"
"3379";"CALDO MAGGI 114G CARNE"
"3381";"CALDO MAGGI 152G CARNE"
"3371";"CALDO MAGGI 35G CARNE"
"3385";"CALDO MAGGI 35G GALINHA"
"3376";"CALDO MAGGI 57G BACON"
"3373";"CALDO MAGGI 57G CARNE"
"15295";"CALDO MAGGI 57G COSTELA"
"15296";"CALDO MAGGI 57G LEGUMES"
"3404";"CALDO SAZON 32 5G CAMARAO"
"3410";"CALDO SAZON 32 5G CARNE"
"3409";"CALDO SAZON 32 5G COSTELA"
"3408";"CALDO SAZON 32 5G GALINHA"
"3406";"CALDO SAZON 32 5G PICANHA"
"38764";"CAMA PET TAM G"
"3435";"CANJAO GALINHA MAGGI 200G ARROZ LEGUMES"
"15494";"CANJICA AMARELA JUREIA 500G"
"2273";"CANJICA BRANCA CBS 400G"
"2283";"CANJICA BRANCA JUREIA 400G"
"15529";"CAP DOLCE GUSTO CHOCOCI KITKA C 10"
"15532";"CAP DOLCE GUSTO ESPR A PARANA C 10"
"15554";"CAP NESCAFE NESPRESSO ANDES C 10"
"1986";"CAPPUCCINO PRONTO 3C 260ML BALANCE"
"1981";"CAPPUCCINO PRONTO 3C 260ML CHOC"
"1983";"CAPPUCCINO PRONTO 3C 260ML CLASSIC"
"1987";"CAPPUCCINO PRONTO 3C 260ML WHEY"
"2172";"CAPSULA 3C 110G C 10 CAPPUCCIN AVELA"
"2216";"CAPSULA DOLCE GUSTO 100G C 10 CAFE AU LAIT"
"2206";"CAPSULA DOLCE GUSTO 110G C 10 AU LAIT VANILLA"
"2232";"CAPSULA DOLCE GUSTO 117G C 10 CAPPUCCINO"
"2266";"CAPSULA DOLCE GUSTO 170G C 10 CAPP DOCE LEITE"
"2214";"CAPSULA DOLCE GUSTO 80G C 10 MATINAL"
"38902";"CAPSULA DOLCE GUSTO CHOCOCINO C10 150G"
"1982";"CAPUCCINO PRONTO 3C 260ML PINGADO"
"15585";"CARGA GILLETTE MACH3 C 2"
"4564";"CARGA MACH 3 2UN CARBONO"
"4565";"CARGA MACH 3 2UN SENSITIVE"
"38653";"CARGA MACH 3 REGULAR C 8 PROMO"
"15622";"CATCHUP BISN KETDOG 1K"
"39018";"CD DARLING CACHOS 315ML"
"36183";"CD ELSEVE COLLAGEN LIFTER 200ML"
"15657";"CD MONANGE 325ML BOOST CRESC"
"15658";"CD MONANGE 325ML DETOX TERAPIA"
"15659";"CD NEUTROX 300ML CLASSICO"
"15670";"CD PANTENE 250ML PRO V MIRACLES"
"35588";"CD SEDA 225ML TOQUE DE SEDA"
"39093";"CD SEDA MEGA CRESC BISNAGA 250ML"
"2356";"CEBOLA CONSERVA JUREIA TINTO 300G"
"2358";"CEBOLAS CONSERVA PETRY VD 300G"
"8974";"CERA CARRO CENTRALSUL EXPRES 500ML "
"33969";"CERA CARRO MIL MILHAS 200G"
"15722";"CERA LIQ ANDREIA 750ML AMARELA"
"15723";"CERA LIQ ANDREIA 750ML INCOLOR"
"15724";"CERA LIQ ANDREIA 750ML VERM"
"15725";"CERA LIQ ANDREIA AUTO BR 750ML AM"
"15726";"CERA LIQ ANDREIA AUTO BR 750ML INC"
"15727";"CERA LIQ ANDREIA AUTO BR 750ML VM"
"15731";"CERA LIQ GIRANDO SOL 750ML AMARELA"
"15732";"CERA LIQ GIRANDO SOL 750ML INCOLOR"
"15733";"CERA LIQ GIRANDO SOL 750ML VERM"
"4582";"CERA LIQ INGLEZA 750ML MAX AMARELA"
"4584";"CERA LIQ INGLEZA 750ML MAX VERMELHA"
"15737";"CERA PASTA ANDREIA 400G AMARELA"
"15738";"CERA PASTA ANDREIA 400G INCOLOR"
"8969";"CERA POLIFLOR LI L750MLP525ML"
"3053";"CEREAL MAT KELLOGGS 170G SUCRILHOS 60 MENOS ACUCAR"
"3055";"CEREAL MAT KELLOGGS 240G SUCRILHOS CHOCOLATE"
"3045";"CEREAL MAT KELLOGGS LV240G PG200G SUCRILHOS"
"3030";"CEREAL MAT KELLOGGS SH 110G ORIGIN SUCRILHOS"
"3060";"CEREAL MAT NESCAU 210G FLAKES 230G"
"3056";"CEREAL MAT NESTLE CX 210G KIT KAT"
"3037";"CEREAL MAT NESTLE CX 210G NESCAU"
"3058";"CEREAL MAT NESTLE CX 230G MOCA FLAKES"
"38835";"CEREAL MAT NESTLE NESFIT CX 220G"
"3025";"CEREAL MAT NESTLE SH 120G CRUNCH"
"3022";"CEREAL MAT NESTLE SH 120G MOCA FLAKES"
"3028";"CEREAL MAT NESTLE SH 120G NESCAU"
"3027";"CEREAL MAT NESTLE SH 120G SNOW FLAKES"
"3051";"CEREAL MAT NESTLE SH 210G NESTON 3 CEREAIS"
"3032";"CEREAL MAT NESTLE SH 90G KIT KAT"
"3036";"CEREAL MAT SUPERBOM CX 240G SKARCHITOS"
"3033";"CEREAL MAT SUPERBOM SH 200G SUPERBALLS"
"15696";"CEREAL MUCILON SH 180G AMEIXA AVEIA"
"2659";"CEREAL MUCILON SH 180G ARROZ"
"2656";"CEREAL MUCILON SH 180G ARROZ E AVEIA"
"2658";"CEREAL MUCILON SH 180G MILHO"
"2657";"CEREAL MUCILON SH 180G MULTICEREAIS"
"2256";"CEREJA ODERICH CALDA 100G"
"144";"CERV AMSTEL LAGER LT 473ML"
"229";"CERV AMSTEL ULTRA LN 275ML"
"147";"CERV ANTARCTICA PILSEN LT 473ML"
"102";"CERV ANTARCTICA SUBZERO GF 1L RETORNAVEL"
"145";"CERV ANTARCTICA SUBZERO LT 473ML"
"34496";"CERV BELLAVISTA PILSEN LT 473ML"
"151";"CERV BOHEMIA LT 473ML"
"121";"CERV BRAHMA CHOPP GF 300ML RETORNAVEL"
"152";"CERV BRAHMA CHOPP LT 473ML"
"154";"CERV BRAHMA DUPLO MALTE LT 473ML"
"155";"CERV BRAHMA MALZBIER LT 350ML"
"299";"CERV BRAHMA ZERO LT 350ML"
"33511";"CERV BRUTAL FRUIT LN 275ML"
"123";"CERV BUDWEISER GF 300ML RETORNAVEL"
"237";"CERV BUDWEISER LN 330ML"
"156";"CERV BUDWEISER LT 473ML"
"301";"CERV BUDWEISER ZERO LN 330ML"
"246";"CERV CORONA EXTRA LN 330ML"
"159";"CERV CORONA EXTRA LT 473ML"
"244";"CERV CORONA ZERO LN 330ML"
"4590";"CERV CORONITA EXTRA LN 210ML"
"161";"CERV CRYSTAL PILSEN LT 473ML"
"167";"CERV GLACIAL PILSEN LT 473ML"
"260";"CERV HEINEKEN LN 330ML"
"169";"CERV HEINEKEN LT 473ML"
"280";"CERV ITAIPAVA MALZBIER LN 330ML"
"178";"CERV KAISER LT 473ML"
"179";"CERV ORIGINAL LT 473ML"
"347";"CERV PATAGONIA AMBER LT 473ML"
"361";"CERV PATAGONIA WEISSE LT 473ML"
"180";"CERV PETRA PURO MALTE LT 473ML"
"191";"CERV PROVINCIA MALZBIER LT 473ML"
"309";"CERV PROVINCIA MALZBIER ZR LT 473ML"
"15760";"CERV PROVINCIA P MALTE ZR LT 473ML"
"193";"CERV PROVINCIA PILSEN PREM LT 473ML"
"207";"CERV SCHIN PILSEN LT 473ML"
"35161";"CERV SKOL BEATS GREEN LN 269ML MIX"
"35160";"CERV SKOL BEATS GREEN LT 269ML MIX"
"286";"CERV SKOL BEATS LN 269ML GIN TONICA"
"209";"CERV SKOL BEATS LT 269ML GIN TONICA"
"4418";"CERV SKOL BEATS RED LN 269ML MIX"
"210";"CERV SKOL BEATS SENSES LT 269ML"
"288";"CERV SKOL BEATS TROPICAL LN 269ML"
"128";"CERV SKOL PILSEN GF 300ML RETORNAVEL"
"213";"CERV SKOL PILSEN LT 473ML"
"289";"CERV SOL PREMIUM LN 330ML"
"4603";"CERV SOL PREMIUM LN 330ML ZERO"
"140";"CERV SPATEN ONE WAY GF 600ML"
"216";"CERV SPATEN PURO MALTE LT 473ML"
"293";"CERV STELLA ARTOIS LN 330ML"
"219";"CERV STELLA ARTOIS LT 473ML"
"3872";"CERV STELLA ARTOIS LT 473ML P GOLD"
"15765";"CESTA BASICA PEQ"
"2276";"CEVADA CORSETTI 500G TORRADA MOIDA"
"2278";"CEVADA CORSETTI SOLUVEL 100G"
"37952";"CHA BARAO 10G HORTELA"
"37967";"CHA BARAO 13G BOLDO"
"37961";"CHA BARAO 13G CIDREIRA"
"37959";"CHA BARAO 13G ERVA DOCE"
"37957";"CHA BARAO 13G PTO"
"37960";"CHA BARAO 15G DA NOITE"
"29672";"CHA BARAO CAMOMILA 10G GENGIBRE E MEL"
"33655";"CHA BARAO MISTO 13G CITRUS"
"15796";"CHA BARAO MISTO 13G MAC ABA CRA CAN"
"33669";"CHA BARAO MISTO 13G POS REFEICAO"
"33367";"CHA BARAO MISTO 14G CID ABA CRA CAN"
"37945";"CHA BARAO MISTO 15G CAMOMILA ERVA DOCE"
"33368";"CHA BARAO PTO 13G PRE C FRUT VERM"
"343";"CHA BRAZO VD 350ML HIBISCO PESSEGO"
"37963";"CHA MISTO BARAO 13G"
"2051";"CHA MULTIERVAS REAL 10G CAPIM CIDREIRA"
"2052";"CHA MULTIERVAS REAL 10G CARQUEJA"
"2053";"CHA MULTIERVAS REAL 10G HORTELA"
"2076";"CHA PRENDA 10G CAMOMILA"
"2065";"CHA PRENDA 10G CIDREIRA CIDREIRA"
"2086";"CHA PRENDA 12G BOLDO"
"2085";"CHA PRENDA 12G CARQUEJA"
"2171";"CHA PRENDA 12G HIBISCUS"
"2062";"CHA PRENDA 12G HORTELA"
"2159";"CHA PRENDA 14G C 10 MISTO MARACUJA"
"2102";"CHA PRENDA 16G PRETO C CRAVO"
"2103";"CHA PRENDA 17G PRETO C LIMAO"
"2129";"CHA PRENDA 17G VERDE HORTELA CANELA"
"2131";"CHA PRENDA 18G ERVA DOCE"
"2090";"CHA PRENDA 18G FUNCHO"
"2156";"CHA PRENDA 18G MACA"
"2087";"CHA PRENDA 18G PRETO"
"2088";"CHA PRENDA 18G PRETO C CANELA"
"2133";"CHA PRENDA 18G VERDE"
"2135";"CHA PRENDA 18G VERDE C GENGIBRE"
"2170";"CHA PRENDA 20G FRUTAS VERM MISTO"
"2160";"CHA PRENDA 20G MACA E CANELA"
"2219";"CHA PRENDA GOLD 15G CAMOMILA MEL"
"2207";"CHA PRENDA GOLD 18G ABACAXI HORTELA"
"2173";"CHA PRENDA GOLD 18G HORTELA"
"2202";"CHA PRENDA GOLD 27G ERVA DOCE"
"2205";"CHA PRENDA GOLD 27G VERDE"
"2209";"CHA PRENDA GOLD 30G FRUTAS VRM"
"2168";"CHA PRENDA MATE 40G CRAVO CANELA"
"2167";"CHA PRENDA MATE 40G LARANJA ACEROLA"
"2164";"CHA PRENDA MATE 40G NATURAL"
"2166";"CHA PRENDA MATE 40G PESSEGO"
"2112";"CHA REAL MATE TOSTADO 32G NATURAL"
"2054";"CHA REAL MULTIERVAS 10G BOLDO"
"2061";"CHA REAL MULTIERVAS 10G CAMOMILA"
"2120";"CHA REAL MULTIERVAS 14G CAMOMIL MEL"
"2080";"CHA REAL MULTIERVAS 14G LIMAO GENG MEL"
"3300";"CHA REAL MULTIERVAS 15G ANIS"
"2126";"CHA REAL MULTIERVAS 15G DETOX"
"3296";"CHA REAL MULTIERVAS 15G ERVA DOCE"
"2125";"CHA REAL MULTIERVAS 15G MACA CANELA"
"2123";"CHA REAL MULTIERVAS 15G MACA VERM"
"2082";"CHA REAL MULTIERVAS 15G VERDE"
"2055";"CHA REAL MULTIERVAS 18G PRETO"
"3158";"CHANTILLY FLESCHMANN 1L GRAN FINALE"
"3134";"CHANTILLY FLESCHMANN 200ML GRAN FINALE"
"3120";"CHIA CERELUS 200G"
"3088";"CHIA EM GRAOS CERELUS 100G"
"1790";"CHICLE BUZZY TATTOO TRIB 360G 90UN HORTELA"
"1789";"CHICLE BUZZY TATTOO TRIB 360G 90UN MORANGO"
"1788";"CHICLE BUZZY TATTOO TRIB 360G 90UN TUTTI FRUTTI"
"1743";"CHICLE FREEGELLS GUM 8G CANELA"
"1742";"CHICLE FREEGELLS GUM 8G EXTRA FORTE"
"1748";"CHICLE FREEGELLS GUM 8G HORTELA"
"1746";"CHICLE FREEGELLS GUM 8G MELANCIA"
"1745";"CHICLE FREEGELLS GUM 8G MENTA"
"1740";"CHICLE FREEGELLS GUM 8G MORANGO"
"1747";"CHICLE FREEGELLS GUM 8G ORIG CHERRY"
"1741";"CHICLE FREEGELLS GUM 8G ORIGINAL MINT"
"1744";"CHICLE FREEGELLS GUM 8G TUTTI FRUTTI"
"39084";"CHOC BARRA FLORESTAL 80G AO LEITE"
"1280";"CHOC BARRA GAROTO 80G AO LEITE"
"1271";"CHOC BARRA GAROTO 80G CROCANTE"
"15961";"CHOC BARRA GAROTO 80G CRUNCH"
"1276";"CHOC BARRA GAROTO 80G MEIO AMARGO"
"1278";"CHOC BARRA GAROTO CAJU 80G CAJU PASSAS"
"1274";"CHOC BARRA GAROTO CAJU 80G CAST CAJU"
"1272";"CHOC BARRA GAROTO CHOC BCO 80G"
"1279";"CHOC BARRA GAROTO CHOC BCO 80G NEGRESCO"
"33673";"CHOC BARRA LACTA 145G LAKA OREO"
"1267";"CHOC BARRA LACTA 80G AMARO 40 CACAU"
"1266";"CHOC BARRA LACTA 80G DIAMAN NEGR LAK"
"1269";"CHOC BARRA LACTA 80G LAKA"
"1264";"CHOC BARRA LACTA 80G LAKA OREO"
"1258";"CHOC BARRA LACTA 80G SHOT"
"1282";"CHOC BARRA LACTA AO LEITE 80G"
"1284";"CHOC BARRA LACTA DIAM NEGRO 80G"
"1294";"CHOC BARRA NESTLE 80G AO LEITE"
"1288";"CHOC BARRA NESTLE 80G CLASSIC DUO"
"1297";"CHOC BARRA NESTLE 80G CRUNCH"
"1295";"CHOC BARRA NESTLE 80G DIPLOMATA"
"1296";"CHOC BARRA NESTLE 80G GALAK GALAK"
"1292";"CHOC BARRA NESTLE 80G MEIO AMARGO"
"1289";"CHOC BARRA NESTLE 80G PRESTIGIO"
"1286";"CHOC BARRA NESTLE 80G SUFLAIR"
"36101";"CHOC BARRA NESTLE ALPINO 80G AO LEITE"
"1241";"CHOC BARRA NEUGEBAUER 80G AMENDOIM"
"1247";"CHOC BARRA NEUGEBAUER 80G AO LEITE"
"1242";"CHOC BARRA NEUGEBAUER 80G BCO"
"1244";"CHOC BARRA NEUGEBAUER 80G CARAMELO"
"1240";"CHOC BARRA NEUGEBAUER 80G COOKIES"
"1245";"CHOC BARRA NEUGEBAUER 80G FLOCOS"
"1238";"CHOC BARRA NEUGEBAUER 80G MEIO AMARGO"
"1243";"CHOC BARRA NEUGEBAUER 80G PRETO E BRANCO"
"1246";"CHOC BARRA NEUGEBAUER AMENDOLAT 80G"
"1354";"CHOC BATON GAROTO 16G BRANCO"
"1348";"CHOC BATON GAROTO 16G CREME MOR"
"35123";"CHOC BATON GAROTO 16G DUO"
"1357";"CHOC BATON GAROTO 16G LEITE CREME"
"39057";"CHOC BATON GAROTO STICK AVELA 26G"
"38931";"CHOC BCO FLORESTAL LINGUA DE GATO 9G"
"33425";"CHOC BIBS STICKS 29G AMOR CARIOCA"
"33426";"CHOC BIBS STICKS 29G NAPOLITANO"
"1424";"CHOC BIS XTRA AO LEITE ORIGINAL 45G"
"1426";"CHOC BIS XTRA BLACK CHOCOLATE 45G"
"1421";"CHOC BIS XTRA OREO BCO 45G"
"1400";"CHOC CARIBE GAROTO 28G CANDYBAR"
"1372";"CHOC CROCANTE GAROTO 25G"
"3213";"CHOC GRAN DORI 120G COLORIDO"
"3208";"CHOC GRAN DORI 120G MESCLADO"
"3212";"CHOC GRAN DORI 120G ORIGINAL"
"3446";"CHOC GRAN DORI 500G ORIGINAL"
"3204";"CHOC GRAN DORI 70G"
"1506";"CHOC KI KAKAU 475G BOLI BOL"
"1523";"CHOC KI KAKAU 680G BOLIBOL PT"
"1492";"CHOC KI KAKAU BOLIBOL C 50"
"1489";"CHOC KI KAU 340G OVISCO"
"15991";"CHOC KINDER BUENO WHITE 39G"
"1498";"CHOC KINDER JOY T1 20G"
"1521";"CHOC KINDER OVO T2 LEI GABBYS 40G"
"1431";"CHOC KIT KAT 41 5G DARK"
"1430";"CHOC KIT KAT 41 5G FINGER AO LEITE"
"1433";"CHOC KIT KAT 41 5G FINGER BRANCO"
"1314";"CHOC LACTA 145G LAKA"
"1313";"CHOC LACTA 145G LAKA DIAMANTE N"
"1321";"CHOC LACTA 145G SHOT"
"16002";"CHOC LACTA DIAM NEGRO 145G"
"1262";"CHOC LACTA RECH 98G OURO BRANCO"
"1268";"CHOC LACTA RECH 98G SONHO VALSA"
"1485";"CHOC NESTLE CHARGE FLOWPACK 117G"
"1397";"CHOC NESTLE CHOKITO 32G UN"
"1300";"CHOC NESTLE CHOKITO FLOWPACK 114G"
"1332";"CHOC NESTLE CLASSIC 150G AMEND"
"1329";"CHOC NESTLE CLASSIC 150G AO LEITE"
"1395";"CHOC NESTLE PRESTIGIO 33G UN"
"16034";"CHOC NESTLE PRESTIGIO DARK 33G"
"16036";"CHOC NESTLE TABLETE SURPRESA 20G"
"1338";"CHOC NEUGEBAUER NAPOLITANO 70G"
"1445";"CHOC NEUGEBAUER STIKADINHO 61 5G"
"1341";"CHOC NEUGEBAUER STIKADINHO 70G MORANGO"
"3063";"CHOC PO APTI 200G REFIL"
"1509";"CHOC ROMA 300G GUARDA CHUVA 300G"
"38904";"CHOC SNICKERS 40G"
"1416";"CHOC SNICKERS 45G"
"1369";"CHOC STICK 25G OURO BCO"
"1413";"CHOC STIKADINHO GO NEUGEBAUER 40G"
"1441";"CHOC TWIX 40G TRIPLO CHOC"
"1351";"CHOC TWIX FUN 15G"
"3062";"CHOCOLATE PO NEILAR 200G"
"3066";"CHOCOLATE PO NESTLE 200G 2 FRADES"
"365";"CHOPP PROVINCIA LAGER 1 5L PURO MALTE"
"34010";"CHOPP PROVINCIA PET 1 25L PURO MALTE"
"16072";"CHOPP VINHO BCO VD 600ML"
"16073";"CHOPP VINHO TINTO VD 600ML"
"16074";"CHUP CEFISA RED SIL T2"
"16080";"CHUP CEFISA SIL ORT T2"
"16152";"CHUP LOLLY RED SIL ORT T1 AZUL"
"4860";"CHUPETA LOLLY T1 TIP AZUL"
"38899";"CHUPETA LOLLY VIVA ROSA SIL ORT T2"
"4896";"CLORO Q BOA 1L GEL"
"4897";"CLORO Q BOA 1L GEL LAVANDA"
"1551";"COBER COBERTOP 1 01KG AO LEIT GOTAS"
"1537";"COBER COBERTOP 1 01KG CONF AO LEITE"
"1541";"COBER COBERTOP 1 01KG CONF BLEND"
"1544";"COBER COBERTOP CONF M AMARGO 1 01KG"
"1559";"COBER COBERTOP M AMARG GOTAS 1 01KG"
"3366";"COCO RALADO DUCOCO 100G DESIDRATADO"
"3368";"COCO RALADO DUCOCO 100G FLOCOS"
"3370";"COCO RALADO DUCOCO 100G UMIDO"
"3395";"COCO RALADO ZAM E BOM 100G FL PUROS"
"3393";"COCO RALADO ZAM E BOM 100G UMIDO ADOCADO"
"3389";"COCO RALADO ZAM E BOM 50G PURO S ACUCAR"
"3387";"COCO RALADO ZAM E BOM 50G UMIDO ADOCADO"
"2364";"COGUMELO ADIGEL SH 100G FATIADO"
"2362";"COGUMELO ADIGEL SH 100G INTEIRO"
"4970";"COND ELSEVE 200ML GLYCOLIC GLOSS"
"4974";"COND ELSEVE 200ML LISO SONHOS E"
"4969";"COND ELSEVE 200ML LONGO DOS SONHO"
"4976";"COND ELSEVE 200ML PURE HIALURONIC"
"4988";"COND JAY LUC 1L NEUTRO"
"4993";"COND MONANGE 325ML CACHOS QUE TAL"
"4995";"COND MONANGE 325ML LISOS TE QUERO"
"5001";"COND PALMOLIVE 350ML ACIDO HIALURONI"
"5005";"COND PALMOLIVE 350ML CUIDADO ABSOLUT"
"5011";"COND PALMOLIVE 350ML NEUTRO"
"5028";"COND PANTENE 175ML HIDRATACAO"
"5044";"COND PANTENE 400ML RESTAURACAO"
"5054";"COND SEDA 300ML JUNTINHOS CACHOS"
"5056";"COND SEDA 300ML JUNTINHOS TODOS OS TIPOS"
"5057";"COND SEDA 300ML LUMINOUS UV"
"5064";"COND SEDA 325ML CACHOS DEFINIDO"
"5070";"COND SEDA 325ML LISO PERFEITO"
"5075";"COND SEDA 325ML PREBIO BIOTINA"
"5076";"COND SEDA 325ML PRET ILUMINOS"
"5077";"COND SEDA 325ML SOS CERAMIDAS"
"5108";"COND VINI LADY 325ML BRILHO INTENSO"
"5112";"COND VINI LADY 325ML LISO INTENS"
"9134";"CONDICIONADOR MONANGE 325ML HIALURONICO RES"
"1600";"CONF AMEND DORI 70G CHOC"
"16485";"CONF PIETROBON PIT20G"
"1684";"CONF TORTUGUITA CHOCOVINHOS 50G"
"1602";"CONFEITO BIBS AMEND 40G"
"1603";"CONFEITO BIBS AO LEITE 40G"
"1678";"CONFEITO BIBS CHOC BCO 40G"
"1680";"CONFEITO BIBS MOR 40G"
"1679";"CONFEITO BIBS PASSAS 40G"
"1681";"CONFEITO BIBS PTO BCO 40G"
"1687";"CONFEITO DISQUETI 100G CHOC BRANCO"
"1688";"CONFEITO DISQUETI 120G CHOC"
"1598";"CONFEITO DORI 11G MINI DISQUETI"
"1601";"CONFEITO DORI 40G DISQUETI CHOC"
"1704";"CONFEITO DORI 500G AMENDOIM CHOC"
"1702";"CONFEITO MMS 120G CRISPY"
"1686";"CONFEITO MMS TUBO 38G CHOC AO LEITE"
"551";"CONHAQ TAIMBE GENGIBRE PET 900ML"
"432";"COQUETEL BUCANERO PET 790ML"
"33721";"COQUETEL CHICOTE PET 500ML BLUEBERRY"
"33720";"COQUETEL CHICOTE PET 500ML LIMAO"
"33722";"COQUETEL CHICOTE PET 500ML MORANGO"
"438";"COQUETEL PATRICIA DO SUL VD 790ML"
"480";"COQUETEL TAIMBE PET 900ML COCO"
"481";"COQUETEL TAIMBE PET 900ML MORANGO"
"482";"COQUETEL TAIMBE PET 900ML PESSEGO"
"485";"COQUETEL TAIMBE PET 900ML VERMUTE BRANCO"
"492";"COQUETEL TAIMBE VD 900ML LIMAO"
"5174";"CORDA VARAL ANGELINA EXT FORTE 15MT"
"5175";"CORDA VARAL BALDIN EXTRA FORTE 10MT"
"16593";"CORT UNHA INOX PREMIUM 5 2CM 1PC"
"19312";"COT HASTES FLEX COTTONBABY C 75"
"19315";"COT HASTES FLEX COTTONBABY PT 100UN"
"5197";"CR DEN COLGATE 180G TRI ACAO MENTA"
"5220";"CR DEN COLGATE 90G MPA"
"5217";"CR DEN COLGATE 90G NAT EXT CARVAO"
"16841";"CR DEN COLGATE 90G SENS PRO ALIVIO"
"5229";"CR DEN COLGATE L180 P140 TRI MENTA"
"5196";"CR DEN COLGATE MPA 180G"
"16844";"CR DEN COLGATE T ACAO XTRA 120G WHITE"
"5241";"CR DEN SENSODYNE 90G EXTRA FRE BRANQ EXTRA FRE"
"16874";"CR DEN SORRISO 120G TRIPLA LIMPEZA COMPLETA"
"5244";"CR DEN SORRISO 70G TRIPLA LIMPEZA COMPLETA"
"5250";"CR DENT CLOSE UP 70G TRIPLE HORTELA"
"5252";"CR DENT CLOSE UP 70G TRIPLE MENTA AMER"
"39031";"CR DENT COLGATE INTERDENT 180G"
"39021";"CR DENT COLGATE LUMINOUS BRI 140G"
"16830";"CR DENT COLGATE MPA 120G"
"5225";"CR DENT COLGATE T ACAO 90G HORTELA"
"5226";"CR DENT COLGATE T ACAO 90G ORIG"
"39030";"CR DENT COLGATE TOTAL INTERDENT 90G"
"16865";"CR DENT SENSODYNE SENS GENGIVAS 100G"
"5269";"CR DENTAL ORAL B 123 70G"
"5263";"CR DENTAL ORAL B 50G KIDS MICKEY"
"5267";"CR DENTAL ORAL B 70G 4 EM 1"
"5271";"CR DENTAL ORAL B 70G EXTRA BRANCO"
"5272";"CR DENTAL ORAL B 70G EXTRA FRESH"
"5275";"CR DENTAL TANDY 50G MORANGO"
"5276";"CR DENTAL TANDY 50G TUTTI FRUTI"
"5277";"CR DENTAL TANDY 50G UVA"
"16877";"CR DI HELLEN HIDRATANTE FACIAL 50G"
"9215";"CR DIHELLEN 100G COLAGENO E ELASTINA"
"5284";"CR PENT ELSEVE 250ML GLYCOLIC GLOSS"
"5291";"CR PENT MONANGE 300ML CACHOS QUE TAL"
"5293";"CR PENT MONANGE 300ML LISOS TE QUERO"
"5297";"CR PENT PANTENE 240G HIDRATACAO"
"5301";"CR PENT SEDA 300ML BABOSA OLEOS"
"5302";"CR PENT SEDA 300ML CACH DEFINIDOS"
"5305";"CR PENT SEDA 300ML CACHOS"
"5303";"CR PENT SEDA 300ML COLAGENO E VIT"
"5308";"CR PENT SEDA 300ML LISO PERFEITO"
"5309";"CR PENT SEDA 300ML LUMINOUS UV"
"5313";"CR PENT SEDA 300ML PRETO LUMINOSO"
"5314";"CR PENT SEDA 300ML SOS CERAMIDAS"
"5307";"CR PENT SEDA 300ML TODOS OS TIPOS"
"35581";"CR PENT SEDA 300ML TOQUE DE SEDA"
"5319";"CR PENT SEDA 350ML BOOM VOLUME MAXIMO"
"5328";"CR PENT VINI LADY 290G COCO"
"5329";"CR PENT VINI LADY 290G LISO INTENSO"
"5331";"CR PENT VINI LADY 290G REPARA TOTAL"
"16930";"CR TRAT CAPILAR HEDERA BABOSA 960G"
"16935";"CR TRAT HEDERA 960G CERAMIDAS"
"16937";"CR TRAT HEDERA 960G OLEO D ARGAN"
"16939";"CR TRAT HEDERA SH 960G BABOSA"
"16947";"CR TRAT PANTENE 270ML HIDRATACAO"
"5338";"CR TRAT PENTEAR VINI LADY 900G ABACATE E TAMAR"
"5343";"CR TRAT PENTEAR VINI LADY 900G LISO INTENSO"
"5347";"CR TRAT PENTEAR VINI LADY 900G REPARACAO TOTAL"
"9231";"CR TRAT VINI LADY SC 700G COCO NUTRICAO"
"9233";"CR TRAT VINI LADY SC 700G LISO INTENSO"
"9234";"CR TRAT VINI LADY SC 700G ONDAS E CACHOS"
"9236";"CR TRAT VINI LADY SC 700G REPARACAO TOTAL"
"5355";"CREME BARBA BOZZANO 65G ALOE VERA"
"3427";"CREME CEBOLA APTI 68G"
"3428";"CREME CEBOLA MAGGI 68G"
"3411";"CREME CULINARIO DAUS TP 200G"
"3415";"CREME LEITE ITALAC TP 200G"
"3423";"CREME LEITE NESTLE TP ZR LACT 200G ZERO LACTOSE"
"37863";"CREME LEITE TP DAUS 200G"
"37862";"CREME LEITE TP DAUS ZERO LACTOSE"
"5367";"CREME MASSAGEM DAGUA 650G NEUTRO"
"32712";"CREME NEILAR CEBOLA 60G"
"2655";"CREME NUTELLA FERRERO 140G"
"2721";"CREME NUTELLA FERRERO 350G AVELA C CACAU"
"39090";"CREME PENTEAR SEDA CRESC PT 900G"
"3426";"CREME QUEIJO APTI 68G"
"5396";"CREME VINI LADY 100G RESSECADO"
"17025";"CURATIVO COTTONBABY 10UN TRAD"
"9260";"DES AERO MONANGE 150ML DETOX FRESH"
"9269";"DES SANIT GOTA LIMPA CX ACOP 50G MARINE"
"9270";"DES SANIT GOTA LIMPA CX ACOP 50G PINHO"
"17107";"DES SANIT HIGISOL GEL ADES CITRICO"
"9272";"DES SANIT PATO GEL ADES PROM RF 38G LAVANDA"
"17156";"DESINF APYCE 2L JASMIM"
"17157";"DESINF APYCE 2L LAVANDA"
"17158";"DESINF APYCE 2L PINHO"
"9279";"DESINF AQUAFAST 1L CAMPOS LAVANDA"
"17159";"DESINF AQUAFAST 1L MARINE"
"9280";"DESINF AQUAFAST 1L PAIXAO"
"17160";"DESINF AQUAFAST 2L CHA BRANCO"
"17162";"DESINF AQUAFAST 2L FLORIDO"
"17163";"DESINF AQUAFAST 2L MARINE"
"17164";"DESINF AQUAFAST 5L MARINE"
"5434";"DESINF AQUAFAST HARMONIA 2L LAVANDA"
"5432";"DESINF AQUAFAST HARMONIA 2L PAIXAO"
"5431";"DESINF AQUAFAST HARMONIA 5L LAVANDA"
"5433";"DESINF AQUAFAST HARMONIA 5L PAIXAO"
"17169";"DESINF GIRANDO SOL 2L EUCALIPTO"
"5435";"DESINF GIRANDO SOL 2L LAVANDA"
"5436";"DESINF GIRANDO SOL 2L LIMAO"
"5438";"DESINF GIRANDO SOL 2L TALCO"
"5439";"DESINF GIRANDO SOL 500ML EUCALIPTO"
"5440";"DESINF GIRANDO SOL 500ML JASMIM"
"5441";"DESINF GIRANDO SOL 500ML LAVANDA"
"5442";"DESINF GIRANDO SOL 500ML LIMAO"
"5443";"DESINF GIRANDO SOL 500ML PINHO"
"5444";"DESINF GIRANDO SOL 500ML TALCO"
"9242";"DESINF GIRANDO SOL 5L EUCALIPTO"
"36203";"DESINF GIRANDO SOL 5L LAVANDA"
"17170";"DESINF GIRANDO SOL 5L TRAD PINHO"
"17171";"DESINF GIRANDO SOL 5L TRAD TCO"
"17173";"DESINF GOTA LIMPA 2L FLORAL"
"17175";"DESINF GOTA LIMPA 2L LAVANDA"
"17176";"DESINF GOTA LIMPA 2L LIMAO"
"17177";"DESINF GOTA LIMPA 2L PINHO"
"17178";"DESINF GOTA LIMPA 500ML EUCALIPTO"
"17179";"DESINF GOTA LIMPA 500ML FLORAL"
"17181";"DESINF GOTA LIMPA 500ML LAVANDA"
"17182";"DESINF GOTA LIMPA 500ML LIMAO"
"17183";"DESINF GOTA LIMPA 500ML PINHO"
"17185";"DESINF GOTA LIMPA 5L EUCALIPTO"
"17186";"DESINF GOTA LIMPA 5L LAVANDA"
"17190";"DESINF IMPERIAL 5L LAVANDA"
"17191";"DESINF IMPERIAL 5L PINHO"
"5448";"DESINF LYSOFORM 1L CITRUS"
"5449";"DESINF LYSOFORM 1L LAVANDA"
"5458";"DESINF LYSOFORM 500ML ORIGINAL"
"38804";"DESINF LYSOFORM ORIGINAL 5L"
"17200";"DESINF PATO GERMINEX 750ML MARINE PROMO"
"17201";"DESINF PINHO SOL 1 75L LAVANDA"
"17203";"DESINF PINHO SOL 1 75L LIMAO"
"17204";"DESINF PINHO SOL 1 75L ORIG"
"5470";"DESINF PINHO SOL 1L LAVANDA"
"5475";"DESINF PINHO SOL 500ML CITRUS LIMAO"
"37432";"DESINF SUPREMA LAVANDA 5L"
"5485";"DESINF VIM 700ML CLORO GEL ADITIV LAVANDA"
"5486";"DESINF VIM 700ML CLORO GEL ADITIV ORIGINAL"
"5488";"DESINF YPE 2L BAK FLORAL"
"5489";"DESINF YPE 2L BAK LAVANDA"
"5491";"DESINF YPE 500ML BAK LAVANDA"
"5492";"DESINF YPE 500ML PINHO TRADICAO"
"5493";"DESINF YPE 520G CLORO GEL TIRA LIMO"
"9291";"DESINF YPE BAK 1L FLORAL"
"9287";"DESINF YPE BAK 500ML EUCALIPTO BAK"
"9288";"DESINF YPE BAK 500ML FLORAL BAK"
"33374";"DESO AERO AXE 200ML APO VET E MANDA"
"33373";"DESO AERO AXE 200ML BLACK ALE E CED"
"5509";"DESOD AERO AXE 152ML 90G MARINE"
"5510";"DESOD AERO AXE 152ML 90G MUSK"
"5513";"DESOD AERO AXE BS 150ML 96G DARK TEMPTATION"
"5515";"DESOD AERO BOM AR 360ML FLOR ALGODAO"
"5517";"DESOD AERO BOM AR 360ML LAVANDA ECONO"
"5519";"DESOD AERO BOM AR 360ML TALCO ECONO"
"5522";"DESOD AERO BOZZANO 90G DRY"
"5524";"DESOD AERO BOZZANO 90G EXTREME"
"5525";"DESOD AERO BOZZANO 90G INVISIBLE"
"5534";"DESOD AERO DOVE 89G 150ML CUIDADO TTL"
"5535";"DESOD AERO DOVE 89G 150ML INVIS FRESH MEN"
"5537";"DESOD AERO DOVE 89G 150ML INVISIBLE MEN"
"5538";"DESOD AERO DOVE 89G 150ML ORIGINAL"
"5540";"DESOD AERO DOVE 89G 150ML S PERFUME"
"5545";"DESOD AERO GLADE 360ML EMB ECONOMIC BRISA CITRICA"
"5547";"DESOD AERO GLADE 360ML EMB ECONOMIC LAVANDA"
"5553";"DESOD AERO MONANGE 90G INVISIVEL"
"5557";"DESOD AERO NIVEA 150ML CARVAO ATIV ORIGINAL"
"5565";"DESOD AERO NIVEA 90G DRY IMPACT"
"5572";"DESOD AERO NIVEA 97G BLACK WHITE CLEAR"
"5601";"DESOD AERO REXONA 150ML 89G ERVA DOCE"
"5583";"DESOD AERO REXONA 150ML 90G BAMBOO"
"5586";"DESOD AERO REXONA 150ML 90G MEN ANT INVI"
"5587";"DESOD AERO REXONA 150ML 90G MEN ANTIBAC"
"5595";"DESOD AERO REXONA 150ML 90G V8"
"5596";"DESOD AERO REXONA 150ML 90G WOMEN ANTI INVI"
"5597";"DESOD AERO REXONA 150ML 90G WOMEN INVISIBLI"
"17270";"DESOD CR DI HELLEN 55G FEM"
"17277";"DESOD ROLLON AMAZONIA 55ML BAMBOO"
"17281";"DESOD ROLLON AMAZONIA 55ML POWER MEN"
"17282";"DESOD ROLLON AMAZONIA 55ML S PERF"
"17285";"DESOD ROLLON DI HELLEN 55ML FEM"
"17286";"DESOD ROLLON DI HELLEN 55ML MASC EXTREME"
"17289";"DESOD ROLLON DI HELLEN 55ML UNISSEX"
"17292";"DESOD ROLLON DOVE 50ML INVISIBLE DRY"
"17293";"DESOD ROLLON DOVE 50ML MAN INVISIBL D"
"17294";"DESOD ROLLON DOVE 50ML ROMA VERBENA"
"5654";"DESOD ROLLON NIVEA 50ML M INV B W POWER"
"17309";"DESOD ROLLON REXONA 50ML F POWDER"
"17313";"DESOD ROLLON REXONA 50ML MEN ANTIBAC"
"17315";"DESOD ROLLON REXONA 50ML V8"
"17316";"DESOD ROLLON REXONA 50ML WOMEN ANT INV"
"17317";"DESOD ROLLON REXONA 50ML XTRA COOL"
"5661";"DESOD ROLLON VINI LADY 50G FEMME"
"5663";"DESOD ROLLON VINI LADY 50G SENSIVE"
"6212";"DESOD SANIT ADES GOTA LIMPA 41G 7D FRESH"
"6210";"DESOD SANIT ADES GOTA LIMPA 41G 7D LAVANDA"
"9588";"DESOD SANIT ADES GOTA LIMPA 41G 7D MARINE"
"9984";"DESOD SANIT GOTA LIMPA 25G FLORAL"
"9985";"DESOD SANIT GOTA LIMPA 25G LAVANDA"
"9986";"DESOD SANIT GOTA LIMPA 25G MARINE"
"5666";"DESOD VINI LADY 45G CREME SPORT"
"17320";"DET LIQ APYCE LIMP TOT 3L ROSA"
"17321";"DET LIQ APYCE MULTIACAO 3L AZUL"
"17324";"DET LIQ AQUAFAST 1L MULTIACAO"
"17323";"DET LIQ AQUAFAST 1L TRADICIONAL"
"17325";"DET LIQ AQUAFAST 2L FL BCAS E BAUN"
"17326";"DET LIQ AQUAFAST 3L FLORES BCAS"
"17327";"DET LIQ AQUAFAST 3L GLICERINA"
"36266";"DET LIQ AQUAFAST LAV RAP CLEAN 1 5L"
"35698";"DET LIQ BARBAREX 5L NEUTRO"
"17340";"DET LIQ BIO KRISS 500ML CLEAR"
"17341";"DET LIQ BIO KRISS 500ML NEUTRO"
"35580";"DET LIQ BRILHANTE HIG TOTAL 1 8L"
"17343";"DET LIQ BRILHANTE LIMP TOT 1 8L"
"17348";"DET LIQ GIRANDO SOL 1L GLICA"
"9296";"DET LIQ GOTA LIMPA 1L LIMAO"
"9297";"DET LIQ GOTA LIMPA 1L MACA"
"17349";"DET LIQ GOTA LIMPA 1L NATURAL"
"17350";"DET LIQ GOTA LIMPA 1L NEUTRO"
"17351";"DET LIQ GOTA LIMPA 3L ORIG"
"5678";"DET LIQ GOTA LIMPA 500ML CRISTAL"
"5679";"DET LIQ GOTA LIMPA 500ML LIMAO"
"5680";"DET LIQ GOTA LIMPA 500ML MACA"
"5681";"DET LIQ GOTA LIMPA 500ML MARINE"
"5682";"DET LIQ GOTA LIMPA 500ML NEUTRO"
"33880";"DET LIQ OMO CICLO RAPIDO 1 4 L ANTIODOR"
"33881";"DET LIQ OMO CICLO RAPIDO 1 4 L CUIDADO"
"33882";"DET LIQ OMO CICLO RAPIDO 750ML ANTIODOR"
"33883";"DET LIQ OMO CICLO RAPIDO 750ML CUIDADO"
"33884";"DET LIQ OMO CICLO RAPIDO 750ML TOTAL"
"6740";"DET LIQ TIXAN YPE LV3L PG2 7L"
"17372";"DET LIQ TIXAN YPE POUCH RF 900ML MACIEZ"
"17375";"DET LIQ ULTRA 5L CLASS"
"36263";"DET PO APYCE MULT AZUL SH 800G"
"35126";"DET PO APYCE MULT SH 800G ROSA"
"17384";"DET PO APYCE SH 1 6K AZUL"
"17385";"DET PO APYCE SH 1 6K ROSA"
"17386";"DET PO APYCE SH 400G AZUL"
"17387";"DET PO APYCE SH 400G ROSA"
"17388";"DET PO APYCE SH 4K AZUL"
"17389";"DET PO APYCE SH 4K ROSA"
"17393";"DET PO ASSIM 800G MICELAR FLORAL"
"17394";"DET PO ASSIM 800G TRIPLA ACAO BI"
"17403";"DET PO BRILHANTE CUID TOT CT 800G"
"17407";"DET PO GIRANDO SOL HIPO SH 400G"
"17408";"DET PO GIRANDO SOL HIPO SH 4K"
"17409";"DET PO GIRANDO SOL ROSA SH 400G"
"33942";"DET PO GIRANDO SOL SH 4KG COCO BAUN"
"33941";"DET PO GIRANDO SOL SH 800G COCO BAUN"
"17413";"DET PO GOTA LIMPA 1 6KG EQUILIBRIO"
"9737";"DET PO GOTA LIMPA 1 6KG HARMONIA"
"7835";"DET PO GOTA LIMPA 800G EQUILIBRIO"
"17415";"DET PO GOTA LIMPA 800G HARMONIA"
"37776";"DET PO OMO LAVAG PERF 700G"
"17422";"DET PO TIXAN YPE MACIEZ CT 400G"
"5671";"DETERG GIRANDO SOL 500ML COCO"
"5673";"DETERG GIRANDO SOL 500ML LIMAO"
"5674";"DETERG GIRANDO SOL 500ML MACA"
"5675";"DETERG GIRANDO SOL 500ML NATURAL"
"5676";"DETERG GIRANDO SOL 500ML NEUTRO"
"5693";"DETERG YPE 500ML CAPIM LIMAO"
"5691";"DETERG YPE 500ML CLEAR"
"5694";"DETERG YPE 500ML CLEAR CARE"
"5695";"DETERG YPE 500ML COCO"
"5698";"DETERG YPE 500ML LIMAO"
"5696";"DETERG YPE 500ML MACA"
"5692";"DETERG YPE 500ML NEUTRO"
"9298";"DETERG YPE LIQ 5L CLEAR"
"9299";"DETERG YPE LIQ 5L NEUTRO"
"35575";"DIFUSOR GLADE TOQUE DE MACIEZ 100ML"
"2494";"DOCE DE LEITE DOCITO PT 400G"
"2533";"DOCE DIFRUTTI 1 010KG FIGO"
"2534";"DOCE DIFRUTTI 1 010KG MORANGO"
"2537";"DOCE DIFRUTTI 1 010KG PESSEGO"
"2535";"DOCE DIFRUTTI 1 010KG UVA"
"2481";"DOCE DIFRUTTI 400G ABACAXI"
"2490";"DOCE DIFRUTTI 400G FIGO"
"2487";"DOCE DIFRUTTI 400G GOIABA"
"2488";"DOCE DIFRUTTI 400G MACA CANELA"
"2482";"DOCE DIFRUTTI 400G MORANGO"
"2478";"DOCE DIFRUTTI 400G PESSEGO"
"2485";"DOCE DIFRUTTI 400G UVA"
"2538";"DOCE DOCITO 990G CREMOSO C LEITE"
"2587";"DOCE LEITE MU MU PT 350G"
"2627";"DOCE LEITE STA CLARA PT 400G"
"1738";"DOCE N BONN 1 05KG SUSPIRO"
"1970";"DOCE N BONN PACOCA 1KG CASEIRA"
"1984";"DOCE N BONN PACOCA 2KG CASEIRO"
"2524";"DOCE PETRY 400G ABOBORA COCO"
"2529";"DOCE PETRY 400G BANANA"
"2527";"DOCE PETRY 400G FIGO"
"2518";"DOCE PETRY 400G GOIABA"
"2523";"DOCE PETRY 400G MACA"
"2576";"DOCE PETRY 400G MORANGO"
"2525";"DOCE PETRY 400G PESSEGO"
"2530";"DOCE PETRY 400G UVA"
"2581";"DOCE PETRY LIGHT 400G ABOBORA COCO"
"2580";"DOCE PETRY LIGHT 400G FIGO"
"2579";"DOCE PETRY LIGHT 400G GOIABA"
"2578";"DOCE PETRY LIGHT 400G UVA"
"2498";"DOCE SORO DE LEITE DA SERRA PT 400G"
"2570";"DOCE STA CLARA 400G ABACAXI"
"2508";"DOCE STA CLARA 400G ABOBORA COCO"
"2514";"DOCE STA CLARA 400G FIGO"
"2515";"DOCE STA CLARA 400G GOIABA"
"2572";"DOCE STA CLARA 400G MORANGO"
"2511";"DOCE STA CLARA 400G UVA"
"1894";"DROPS FREEGELLS 27 6G CEREJA CHOC"
"1896";"DROPS FREEGELLS 27 6G MENTA CHOC"
"1893";"DROPS FREEGELLS 27 6G MORANGO CHOC"
"1843";"DROPS FREEGELLS 27 9G CEREJA"
"1845";"DROPS FREEGELLS 27 9G EUCALIPTO"
"1849";"DROPS FREEGELLS 27 9G EXTRA FORTE"
"1852";"DROPS FREEGELLS 27 9G MENTA"
"1842";"DROPS FREEGELLS 27 9G MORANGO"
"2378";"DUETO FUGINI SH 170G ERVILHA MILHO"
"2374";"DUETO ODERICH ERVIL CENOURA LT 200G"
"2381";"DUETO ODERICH LT 200G ERVILHA MILHO"
"828";"DUETO ODERICH LT 2KG MILHO ERVILHA"
"2384";"DUETO OLE LT 1 7KG MILHO ERVILHA"
"2379";"DUETO OLE LT 170G ERVILHA MILHO"
"5727";"ELIM ODORES GEL GLADE 70G LAVANDA"
"3800";"EMUSTAB SELECTA 200G"
"484";"ENERG BALY LT 250ML TRADICIONAL"
"491";"ENERG BALY LT 250ML TROPICAL SA"
"443";"ENERG BALY LT 473ML ABACAXI ABACAXI HOR SA"
"441";"ENERG BALY LT 473ML ABACAXI HORTELA"
"445";"ENERG BALY LT 473ML CEREJA"
"456";"ENERG BALY LT 473ML MACA VERDE"
"461";"ENERG BALY LT 473ML MELANCIA SA"
"466";"ENERG BALY LT 473ML MORANGO PESSEGO"
"36829";"ENERG BALY LT 473ML TADALA AZULZIN"
"455";"ENERG BALY LT 473ML TRADICIONAL"
"451";"ENERG BALY LT 473ML TROPICAL"
"431";"ENERG BALY PET 2L FRUTA TROPICAIS"
"433";"ENERG BALY PET 2L MACA VERDE"
"434";"ENERG BALY PET 2L MELANCIA"
"436";"ENERG BALY PET 2L MORANGO PESSEGO"
"437";"ENERG BALY PET 2L TRADICIONAL"
"3852";"ENERG ELEV PET 2L MOR MELANCIA"
"572";"ENERG HIPERTENSAO PET 1L"
"3854";"ENERG HIPERTENSAO PET 2L MACA VERDE"
"3855";"ENERG HIPERTENSAO PET 2L MELANCIA"
"576";"ENERG HIPERTENSAO PET 2L ORIGINAL"
"575";"ENERG HIPERTENSAO PET 2L ZERO"
"386";"ENERG MONSTER LT 473ML ABSOLUT ZERO"
"389";"ENERG MONSTER LT 473ML GREEN"
"390";"ENERG MONSTER LT 473ML GREEN ZERO"
"392";"ENERG MONSTER LT 473ML MANGO LOCO"
"33731";"ENERG RED BULL LT 250ML AMORA SA"
"33730";"ENERG RED BULL LT 250ML ZERO"
"5761";"ENX BUC PLAX COLGATE LV500 PG350ML INFINITY"
"5760";"ENX BUC PLAX COLGATE LV500PG350ML ICE"
"17646";"ENX BUCAL COLGAT PLAX FRESH MINT 750ML"
"17660";"ENX BUCAL COLGATE PLAX L500P350ML FRESH MINT"
"5773";"ENXAG BUCAL COLGATE 250ML ICE INFINITY"
"39019";"ENXAG BUCAL COLGATE MELANCIA 750ML"
"5758";"ENXAG BUCAL COLGATE PLAX 250ML MINT"
"2637";"ERVA MATE PONCHE VERDE 1KG LAMINADO"
"2629";"ERVA MATE PONCHE VERDE 1KG MOIDA GROSSA"
"2628";"ERVA MATE PONCHE VERDE 1KG TRAD"
"2509";"ERVA MATE PONCHE VERDE 500G MOIDA GROSSA"
"2653";"ERVA MATE VERDINHA 500G MOIDA GROSSA"
"2292";"ERVILHA BELLA DICA PARTIDA 400GR"
"2367";"ERVILHA FUGINI SH 170G"
"2370";"ERVILHA ODERICH LT 200G"
"837";"ERVILHA ODERICH LT 2KG"
"839";"ERVILHA OLE LT 1 7KG"
"2369";"ERVILHA OLE LT 170G"
"38572";"ERVILHA PARTIDA JUREIA 400G"
"2295";"ERVILHA SERRA URUGUAI PARTIDA 500G"
"17717";"ESC ANATOMICA LIMPAMANIA"
"5804";"ESC DENTAL COLGATE CLASSIC LONG MC 8450"
"5805";"ESC DENTAL COLGATE CLASSIC LONG MD 8460"
"5812";"ESC DENTAL COLGATE TRIP ACAO LV2PG1"
"5836";"ESC DENTAL ORAL B 1 2 3 MEDIA"
"5842";"ESC DENTAL ORAL B COMPL LV2 PG1"
"5850";"ESC DENTAL ORAL B PRO"
"5856";"ESC DENTAL SORRISO DURA"
"5857";"ESC DENTAL SORRISO MACIA"
"17828";"ESC LIMPAMANIA M USO CLIP"
"17862";"ESC SANIT BRISA S SUPORTE"
"39106";"ESCOVA CABELO PROFISSIONAL AZUL"
"39105";"ESCOVA RAQUETE"
"9346";"ESFR SANI ALL ACO 2UN"
"5877";"ESFREGAO ACO DIVINOX 10G"
"17916";"ESFREGAO ACO GOTA LIMPA"
"18174";"ESP ACO ASSOLAN C 08"
"687";"ESP GARIBALDI PRIMICIAS GF 660ML ROSE"
"39223";"ESP P BAN CONDOR BELLE"
"18279";"ESPIRAL PIRISA C 10"
"36208";"ESPONJA ACO BOMBRIL 6UN"
"3497";"ESSENCIA GRAN FINALE 30ML BAUNILHA"
"9498";"ESTOPA POLIMENTO CENTRALSUL 400G"
"33966";"ESTOPA POLIMENTO MIL MILHAS 150G"
"6043";"EVITA MOFO LIMPPANO 230G LAVANDA"
"3843";"EXT TOM CAJAMAR LT 350G"
"18346";"EXT TOM ELEFANTE 300G CAR PAN"
"3845";"EXT TOM ELEFANTE LT 300G CEBOLA E ALHO"
"2552";"EXT TOM ELEFANTE PT 300G"
"2555";"EXT TOM ELEFANTE PT 300G SEM SAL"
"937";"EXT TOM ELEFANTE TP 1 04KG"
"2547";"EXT TOM ELEFANTE TP 275G"
"842";"EXT TOM FUGINI SH 1 7KG"
"3835";"EXT TOM FUGINI SH 190G"
"3842";"EXT TOM FUGINI SH 300G"
"38836";"FARELO AVEIA NESTLE OAT BRAN 170G"
"3076";"FARELO AVEIA SOBERANA 500G"
"3078";"FARINHA AVEIA APTI 150G"
"3079";"FARINHA AVEIA CERELUS 250G"
"34882";"FARINHA AVEIA NATURALE 170G"
"3064";"FARINHA DE ARROZ CERELUS 500G"
"2660";"FARINHA LACTEA NESTLE SH 160G"
"2661";"FARINHA LACTEA NESTLE SH 210G"
"36987";"FARINHA MANDIOCA 500G DINDA"
"2672";"FARINHA MANDIOCA CBS 500G"
"2674";"FARINHA MANDIOCA CBS 500G TORRADA"
"36992";"FARINHA MANDIOCA DINDA 1KG EXTRA FINA"
"2681";"FARINHA MANDIOCA YOKI 500G TORRADA"
"2816";"FARINHA MILHO 1KG PRE COZIDA PRE COZIDA"
"2697";"FARINHA MILHO PERDIZ 1KG GROSSA"
"2696";"FARINHA MILHO PERDIZ 1KG MEDIA"
"2687";"FARINHA MILHO SAUDAVEL 1KG FINA"
"2689";"FARINHA MILHO SAUDAVEL 1KG GROSSA"
"2688";"FARINHA MILHO SAUDAVEL 1KG MEDIA"
"2699";"FARINHA ROSCA CBS 500G"
"2700";"FARINHA ROSCA FRITZ E FRIDA 500G"
"37075";"FARINHA TAPIOCA DINDA 400G TRAD"
"37074";"FARINHA TAPIOCA ROCHA 400G BATATA"
"36996";"FARINHA TAPIOCA ROCHA 500G TRAD"
"2745";"FARINHA TRIGO MARIA INES 1KG"
"2757";"FARINHA TRIGO MARIA INES 1KG INTEG"
"2749";"FARINHA TRIGO MARIA INES 5KG"
"2741";"FARINHA TRIGO NORDESTE 1KG"
"2760";"FARINHA TRIGO NORDESTE 5KG"
"2755";"FARINHA TRIGO PANFACIL 1KG C FERM"
"2752";"FARINHA TRIGO PANFACIL 1KG INTEGRAL"
"2748";"FARINHA TRIGO PANFACIL 5KG TP1"
"2722";"FARINHA TRIGO PANFACIL TP1 1KG"
"2737";"FARINHA TRIGO ROSESOL 1KG"
"2747";"FARINHA TRIGO ROSESOL 5KG"
"2791";"FAROFA CASEIRISSIMA YOKI 200G COSTELINHA"
"37007";"FAROFA DINDA 200G BACON"
"37014";"FAROFA DINDA 200G PICANHA"
"37021";"FAROFA DINDA 200G TRAD"
"2786";"FAROFA MANDIOCA YOKI 200G TRADICIONAL"
"2799";"FAROFA MANDIOCA YOKI 400G TRADICIONAL"
"37265";"FAROFA ROCHA 250G BACON"
"37030";"FAROFA ROCHA 250G FARROUPILHA"
"37266";"FAROFA ROCHA 250G PICANHA"
"37268";"FAROFA ROCHA 250G TRAD"
"37033";"FAROFA ROCHA 400G TRAD"
"37025";"FAROFA ROCHA CASEIRA 300G CEB NA MANT"
"37027";"FAROFA ROCHA CASEIRA 300G TRAD"
"37047";"FAROFA ROCHA CASEIRA 300GBACON"
"18459";"FEIJAO BCO SERRA URUGUAI 500G"
"38591";"FEIJAO BRANCO ARBAZA 500G"
"2302";"FEIJAO BRANCO CALDO OURO 500G"
"2390";"FEIJAO BRANCO ODERICH LT 220G"
"2312";"FEIJAO CARIOC SERRA URUGUAI 500G"
"2320";"FEIJAO CARIOCA CALDO OURO 1KG"
"2317";"FEIJAO CARIOCA SERRA URUGUAI 1KG"
"2325";"FEIJAO PRETO ARBAZA PREMIUM 500G"
"2348";"FEIJAO PRETO ARBAZA TP1 1KG"
"2355";"FEIJAO PRETO SERRA URUGUAI TP1 1KG"
"2359";"FEIJAO RAJADO SERRA URUGUAI 500GR"
"2361";"FEIJAO VERMELHO ARBAZA 500G"
"2368";"FEIJAO VERMELHO SERRA URUGUAI 500G"
"2365";"FEIJAO VRM CALDO OURO 500G"
"2391";"FEIJOADA ODERICH 420G"
"3505";"FERM BIO PO FLEISCHMANN SH 10G INSTANT"
"3510";"FERM BIO PO FLEISCHMANN SH LV 125G PG 100G"
"3512";"FERM PO BIOL GOOD INSTANT SH 10G"
"3516";"FERM PO BIOL GOOD INSTANT SH 125G"
"18479";"FERM PO QUIMICO GOOD INSTANT 100G"
"3539";"FERM PO QUIMICO GOOD INSTANT SH 11G"
"3524";"FERM QUIMICO PO FLEISCHMANN PT 100G"
"3531";"FERM QUIMICO PO ROYAL PT 100G"
"3535";"FERM QUIMICO PO ROYAL PT 250G"
"2288";"FIGO ODERICH CALDA 450G"
"722";"FILTRADO DUSHY FEST S ALC 660ML"
"725";"FILTRADO GARIBALDI S ALC 660ML ROSE"
"716";"FILTRADO GOTA D CRISTAL 660ML DOCE BRANCO"
"718";"FILTRADO GOTA D CRISTAL 660ML DOCE ROSE"
"730";"FILTRADO GOTA DCRISTAL S ALC 660ML "
"18522";"FILTRO PAPEL 3 CORACOES 102 C 30"
"2299";"FILTRO PAPEL BRIGITTA 102 C 30"
"2300";"FILTRO PAPEL BRIGITTA 103 C 30"
"2298";"FILTRO PAPEL IGUACU 102 C 30"
"2301";"FILTRO PAPEL MELITTA 102 MD C 30"
"2303";"FILTRO PAPEL MELITTA 103 GD C 30"
"2305";"FILTRO PAPEL MELITTA N02 MD C 30"
"2308";"FILTRO PAPEL MELITTA N04 GD C 30"
"18564";"FLANELA ALG PANOSUL 34X50CM AMAR"
"18563";"FLANELA ALG PANOSUL AMAR"
"18565";"FLANELA ALG SUE 40X30CM"
"18567";"FLANELA ALG SUE 48X26"
"9539";"FRALDA BABYSEC ULTRA JUMBINHO G 16UN"
"9540";"FRALDA BABYSEC ULTRA JUMBINHO M 18 UN"
"6126";"FRALDA CONFORTSEC PAMPERS G 38UN"
"9541";"FRALDA DESC BABYSEC JUMBINHO P 20 UN"
"9542";"FRALDA DESC BABYSEC JUMBINHO XG 12 UN"
"9543";"FRALDA DESC BABYSEC JUMBINHO XXG 12 UN"
"18737";"FRALDA DESC BABYSEC ULTSEC MEGA G 32 UN"
"18738";"FRALDA DESC BABYSEC ULTSEC MEGA M 38 UN"
"18739";"FRALDA DESC BABYSEC ULTSEC MEGA P 42 UN"
"18736";"FRALDA DESC BABYSEC ULTSEC MEGA XG 30 UN"
"18745";"FRALDA DESC FERINHA JUMBINHO C 14 GG"
"18747";"FRALDA DESC FERINHA JUMBINHO C/16 G"
"18749";"FRALDA DESC FERINHA JUMBINHO C/20 P"
"18761";"FRALDA DESC MILI GIGA XG C 62 "
"18765";"FRALDA DESC MILI LOVECARE RN 18UN"
"6114";"FRALDA GERIATRICA MILI VITA G 08UN 8UN"
"6115";"FRALDA GERIATRICA MILI VITA M 09UN"
"6113";"FRALDA GERIATRICA MILI VITA XG 07UN"
"9546";"FRALDA MILI JUMBINHO G 20UN"
"9547";"FRALDA MILI JUMBINHO M 22UN"
"9548";"FRALDA MILI JUMBINHO P 24UN"
"9549";"FRALDA MILI JUMBINHO XG 18UN"
"9550";"FRALDA MILI JUMBINHO XXG 16UN"
"18812";"FRALDA PAMPERS SUPERSEQUINHA C 50 XXG"
"39066";"FRALDA POM POM CLASSICA JUMBO G20"
"39068";"FRALDA POM POM CLASSICA JUMBO P24"
"39059";"FRALDA POM POM CLASSICA JUMBO XG 18"
"39067";"FRALDA POM POM TOTAL SEC JUMBO M22"
"6204";"GAS FUMIGANTE JIMO 70G 2UN"
"537";"GATORADE 500ML BERRY BLUE"
"539";"GATORADE 500ML LARANJA"
"541";"GATORADE 500ML LIMAO"
"544";"GATORADE 500ML MORAN MARACUJA"
"548";"GATORADE 500ML UVA"
"550";"GATORADE ZERO 350ML FTAS SILVESTRES"
"552";"GATORADE ZERO 350ML LARANJA LIMA"
"9589";"GEL ADES HIGISOL LAVANDA"
"6206";"GEL ADES PATO AP RF PROMO 38G CITRUS"
"6215";"GEL ADESIVO PATO AP 6 DISC LAVANDA"
"18942";"GEL AMAZONIA ARNICA 235G"
"6222";"GEL AMBIENTES GLADE 70G CITRUS"
"39020";"GEL DENT COLGATE TANDY MELANCIA 50G"
"6225";"GEL DENT SORRISO FRESH 90G HORTELA"
"6226";"GEL DENT SORRISO FRESH 90G MENTHOL IMPACT"
"6234";"GEL DENTAL CLOSE UP 90G ORIG RED HOT"
"18987";"GEL JAY LUC BR MOLHADO 240G N3 INC"
"18984";"GEL JAY LUC FIXADOR EXTRA FORT 240G VERDE"
"6243";"GEL VINI LADY 220G FIXADOR AZUL"
"6244";"GEL VINI LADY 220G LUXO B MOLH INC"
"577";"GELADINHO MANIA"
"3565";"GELATINA APTI 20G ABACAXI"
"3569";"GELATINA APTI 20G AMORA"
"3571";"GELATINA APTI 20G CEREJA"
"3572";"GELATINA APTI 20G FRAMBOESA"
"3574";"GELATINA APTI 20G LIMAO"
"3575";"GELATINA APTI 20G MARACUJA"
"3578";"GELATINA APTI 20G PESSEGO"
"3582";"GELATINA APTI 20G TUTTI FRUTTI"
"3585";"GELATINA APTI 20G UVA"
"3615";"GELATINA NEILAR 20G ABACAXI"
"3617";"GELATINA NEILAR 20G AMORA"
"3618";"GELATINA NEILAR 20G BLUBERRY"
"3620";"GELATINA NEILAR 20G CEREJA"
"3622";"GELATINA NEILAR 20G FRAMBOESA"
"3624";"GELATINA NEILAR 20G LIMAO"
"3626";"GELATINA NEILAR 20G MORANGO"
"3627";"GELATINA NEILAR 20G PESSEGO"
"3629";"GELATINA NEILAR 20G UVA"
"3645";"GELATINA NEILAR S SABOR 24G INCOLOR"
"3167";"GELATINA ZERO APTI 12G ABACAXI"
"3223";"GELATINA ZERO APTI 12G FTAS VRM"
"3228";"GELATINA ZERO APTI 12G LIMAO"
"3231";"GELATINA ZERO APTI 12G MOR SILVESTRE"
"3233";"GELATINA ZERO APTI 12G TANGERINA"
"3236";"GELATINA ZERO APTI 12G UVA"
"19028";"GELATINA ZERO NEILAR 12G ABACAXI"
"19029";"GELATINA ZERO NEILAR 12G FRAMBOESA"
"19030";"GELATINA ZERO NEILAR 12G MOR"
"19031";"GELATINA ZERO NEILAR 12G UVA"
"559";"GIN INTENCION VD 900ML"
"585";"GIN OLD BRIDGE VD 900ML LONDON"
"591";"GIN ROCKS VD 1L SICILIAN LEMON"
"594";"GIN ROCKS VD 1L SUNSET"
"38663";"GLADE ODORIZANTE SPRAY 120ML TOQUE MACIEZ"
"2589";"GOIABADA VAL 1 100KG"
"2475";"GOIABADA VAL 300G"
"19220";"GRAMPO FLORENCE DOUR C 20 638 BT"
"3286";"GRANOLA CERELUS 250G MACA CANELA"
"3288";"GRANOLA CERELUS 250G MALTADOS"
"3506";"GRANOLA CERELUS 800G TRAD"
"3434";"GRANOLA CERELUS PREMIUM 200G ERVAS FINAS"
"3537";"GRANOLA GRANOLUZ 850G TRAD"
"3530";"GRANOLA NATURALE 1KG CER CROC FR LIG"
"3534";"GRANOLA NATURALE 1KG CER CROC FRUTAS"
"3532";"GRANOLA NATURALE 1KG MUSLI CER FRUT"
"3527";"GRANOLA NATURALE 1KG PASSAS E MEL"
"3281";"GRANOLA NATURALE 250G CEREAIS FRUTAS"
"3278";"GRANOLA NATURALE 250G FRUTAS LIGHT"
"3277";"GRANOLA NATURALE 250G MUSLI CER FRUT"
"3279";"GRANOLA NATURALE 250G PASSAS E MEL"
"2373";"GRAO DE BICO JUREIA 400G"
"2460";"GRAO DE BICO ODERICH LT 220G"
"34581";"GRAO DE BICO SALSARETTI 170G LT"
"19258";"GUARD ASTORIA CHEF 30X30"
"19271";"GUARD NATUPEL PREMIUM 20X20 50FLS"
"9585";"GUARDANAPO PAPEL MILI 21X22CM"
"19316";"HID DI HELLEN 30G ALFACE"
"19317";"HID DI HELLEN 30G AVEIA"
"6312";"HID LABIAL CARMED 10G FINI BEIJOS"
"19323";"HID MONANGE 200ML IOGURTE C AVEIA"
"9607";"HID MONANGE PELE EXTRA SECA 200ML"
"38828";"HIDRA FACIAL GARNIER TOQ SC 85G"
"527";"ICE DRINK PET 275ML BLUE"
"603";"ICE DRINK PET 275ML FTAS VRM"
"528";"ICE DRINK PET 275ML LIMAO"
"605";"ICE DRINK PET 275ML PINA COLADA"
"540";"ICE SMIRNOFF LN 275ML LIMAO"
"6339";"INSET AERO RAID 420ML BARATA FORMIGA"
"6340";"INSET AERO RAID 420ML BASE AGUA"
"6341";"INSET AERO RAID 420ML CITRONELA"
"6342";"INSET AERO RAID 420ML EUCALIPTO"
"19379";"INSET AERO RAID 420ML MULTI ESSENCIAL"
"6349";"INSET AERO SBP 380ML MULTI INSETICIDA"
"9616";"INSET JIMO PO 100G"
"9620";"INSET MAT INSET MULTI 360ML GT33ML EUCALIPTO"
"9622";"INSET MAT INSET MULTI PROMO 360ML INSETICIDA"
"9623";"INSET MAT INSET MULTI PROMO 360ML SEM CHEIRO"
"6357";"INSET MAT INSET RF LV12PG10"
"19378";"INSET PROINSET SUPER ECONOMICO 750ML"
"6362";"INSET SBP RF ELE 45NOI APAR GTS"
"22814";"INSET SET ELET PAST REFIL L12 P10"
"2470";"JARDINERA ODERICH LT 200G 4 LEGUMES"
"2501";"KETCHUP ELEFANTE SQ 350G TRAD"
"34840";"KETCHUP FUGINI SH 180G"
"2480";"KETCHUP FUGINI SH 300G TRAD"
"2461";"KETCHUP FUGINI SH C BICO 180G TRAD"
"2512";"KETCHUP HEINZ 397G BACON CEB CARAM"
"2516";"KETCHUP HEINZ 397G TRAD"
"39035";"KETCHUP HEINZ ZERO 373G KETCHUP ZERO"
"2519";"KETCHUP HELLMANNS BISN 380G TRAD"
"791";"KETCHUP KETDOG BD 3KG"
"802";"KETCHUP ODERICH BD 3KG"
"2493";"KETCHUP ODERICH BISN 200G PICANTE"
"2499";"KETCHUP ODERICH BISN 400G PICANTE"
"2497";"KETCHUP ODERICH BISN 400G TRAD"
"2491";"KETCHUP ODERICH BISNAG 200G TRAD"
"805";"KETCHUP ODERICH C 140 UN SH 7G"
"803";"KETCHUP ODERICH SH 1K"
"2484";"KETCHUP ODERICH SH 200G"
"31251";"KETCHUP TRAD VAL 1 010K"
"9704";"KIT ELSEVE SH 375ML COND 170ML CACHO SONHOS"
"39112";"KIT HIGIENICO SACOLAS REFIL C3"
"39092";"KIT SEDA MEGA CRESC 300ML190ML"
"33890";"KIT SH CD DOVE 350ML 175ML NUTRICAO"
"19794";"KIT SH CD NIELY GOLD 275 175ML SALVA F"
"19802";"KIT SH CD PANTENE 300 150ML COLAGENO"
"19804";"KIT SH CD PANTENE 300 150ML QUERATINA"
"8426";"KIT SH CD PANTENE 350 175ML HIDROCAUTER"
"8427";"KIT SH CD PANTENE 350 175ML LISO"
"8428";"KIT SH CD PANTENE 350 175ML RESTAURACAO"
"36262";"KIT SH CD SEDA 300ML 190ML TOQUE DE SEDA"
"6613";"KIT SH SEDA SH 300 COND 190ML BABOSA OLEOS"
"6614";"KIT SH SEDA SH 300 COND 190ML CACHOS DEFINIDO"
"6615";"KIT SH SEDA SH 300 COND 190ML CERAMIDAS"
"6617";"KIT SH SEDA SH 300 COND 190ML LISO PERFEITO"
"6618";"KIT SH SEDA SH 300 COND 190ML LUMINIOUS UV"
"9724";"LAMINA WILKINSON BARBEAR 3UN"
"9733";"LAVA AUTO CENTRALSUL C CERA 500ML"
"33962";"LAVA AUTO CONC MIL MILHAS 500ML"
"33963";"LAVA AUTO CONC MIL MILHAS 500ML C CERA"
"19984";"LAVA AUTO HOT ROD C CERA 500ML"
"6669";"LAVA AUTO PROAUTO 500ML AUTOCRAFT"
"9734";"LAVA AUTO VIP CAR 500ML "
"6630";"LAVA LOUCA YPE 450G PO"
"38737";"LAVA LOUCAS BIO KRISS NEUTRO 5L"
"9735";"LAVA ROUPA AQUA FAST 3L TERNURA"
"6680";"LAVA ROUPA AQUAFAST 1L BABY"
"6681";"LAVA ROUPA AQUAFAST 2L GLICERINA"
"6682";"LAVA ROUPA AQUAFAST 2L MULTIACAO"
"6688";"LAVA ROUPA ARIEL 3L CLASSICO"
"6693";"LAVA ROUPA BRILHANTE 3L DELICADEZA TOT"
"6692";"LAVA ROUPA BRILHANTE 3L LIMPEZA TOTAL"
"36264";"LAVA ROUPA LIQ APYCE SH 800ML SUPER ACAO"
"36721";"LAVA ROUPA LIQ AQUAFAST FR 1 5L LAV RAP FRESH"
"6689";"LAVA ROUPA LIQ ARIEL SH 700ML CLAS"
"6698";"LAVA ROUPA LIQ BRILHAN SH 900ML LIMPEZA TOTAL"
"38765";"LAVA ROUPA LIQ LAVAG PERF 3L PROMO"
"6725";"LAVA ROUPA OMO 7L LAVAGEM PERFEITA"
"6731";"LAVA ROUPA OMO 900ML LAV PERF DOYP"
"6726";"LAVA ROUPA OMO 900ML PURO CUI DOY "
"6735";"LAVA ROUPA SURF 3L CUIDADO COCO"
"6736";"LAVA ROUPA SURF 3L LAVANDA"
"6739";"LAVA ROUPA TIXAN 3L PRIMAVERA"
"6741";"LAVA ROUPA UAU 3L ACTIVE"
"6742";"LAVA ROUPA UAU 3L ROSA SEDUCAO"
"17339";"LAVA ROUPAS LIQ BARBAREX 5L"
"38802";"LC HID MAIS 500ML AMEIXA DOURADA"
"3651";"LEITE COCO DUCOCO VD 200ML"
"3654";"LEITE COCO MENINA VD 200ML"
"3657";"LEITE COCO TRISANTI 200ML"
"3679";"LEITE COND ITALAC TP 395G SEMIDESNATADO"
"3670";"LEITE COND MOCA NESTLE TP 395G ZERO LACTOSE"
"20024";"LEITE COND PIRACANJUBA 395G SEMIDESNAT"
"3680";"LEITE COND TRIANGULO TP 395G"
"6750";"LEITE DE COLONIA 100ML FINAL FANTAS"
"2667";"LEITE PO CCGL DESNATADO SH 400G"
"2710";"LEITE PO CCGL INTEGRAL SH 200G INSTANTANEO"
"2723";"LEITE PO CCGL INTEGRAL SH 400G"
"2713";"LEITE PO CCGL INTEGRAL SH 400G INSTANTANEO"
"2663";"LEITE PO DOBON SH 400G COMPOSTO VITAM"
"2668";"LEITE PO ELEGE DESNATADO SH 400G"
"2724";"LEITE PO ELEGE INTEGRAL SH 400G"
"2666";"LEITE PO MOLICO DESNATADO LT 280G CALCIO"
"2676";"LEITE PO NINHO LT 280G ZERO LACTOSE"
"2670";"LEITE PO NINHO LT 400G PRIMEIRA INFANCIA"
"33259";"LEITE PO PARMALAT SH 300G MAX ZERO LACT"
"2707";"LEITE PO QUALITEM INTEGRAL SH 120G INSTANTANEO"
"2385";"LENTILHA BELLA DICA 400G"
"33442";"LENTILHA JUREIA 400G"
"3801";"LIGA NEUTRA SELECT 100G"
"39065";"LIMP M USO YPE 500ML ARABE "
"6882";"LIMP MULT CIF GTS 15 500ML ANTIBAC"
"3111";"LINHACA CERELUS 500G"
"3096";"LINHACA DOURADA CERELUS 250G"
"6959";"LIQUIDO NUGGET 60ML PROMO PRETO"
"6996";"LOC HID MONANGE 200ML FLOR DE LAVANDA"
"6997";"LOC HID MONANGE 200ML FRUTAS VERMELHA"
"6998";"LOCAO BODY NIVEA 200ML MILK EX SECA"
"7010";"LOCAO HIDRATANTE DENOMAX 470G COLAGENO VIT"
"7012";"LOCAO HIDRATANTE DENOMAX 470G ROSA MOSQ ARG"
"9743";"LOCAO LEITE DE COLONIA LIMP 100ML TEMPO DE AMAR"
"31448";"LUVA CHENILLE"
"20277";"LUVA CONF LATEX G AMARELA"
"20279";"LUVA CONF LATEX P AMARELA"
"20311";"MAC CUP NOODLES 68PARMEGIANA"
"20320";"MAC INST ISABELA 70G CAR ZR FRITU"
"20321";"MAC INST ISABELA 70G GAL CA ZR FRIT"
"38786";"MAC INST MAGGI BECHAMEL 65G"
"38789";"MAC INST MAGGI MACN CHEESE 65G"
"38787";"MAC INST MAGGI TOMATE 65G"
"20341";"MAC INST NISSIN 85G BACON"
"20343";"MAC INST NISSIN 85G CARNE"
"20344";"MAC INST NISSIN 85G CARNE TOMATE"
"31452";"MAC INST NISSIN 85G COSTELA"
"20347";"MAC INST NISSIN 85G GAL CAIP"
"20348";"MAC INST NISSIN 85G GAL CAIP PICANT"
"20351";"MAC INST NISSIN 85G GALINHA"
"20353";"MAC INST NISSIN 85G LEGUMES"
"33449";"MAC INST NISSIN 85G PIC CALABRESA"
"20363";"MAC INST NISSIN C 6 L P GAL CAIP"
"38958";"MAC INST NISSIN CH BENTO 75G GAL C MILHO"
"20337";"MAC INST NISSIN CHICO BENTO 75G CANJA GAL"
"34884";"MAC INST NISSIN CHICO BENTO 75G CH B CARNE BAT"
"20338";"MAC INST NISSIN CHICO BENTO 75G GAL C TOM"
"20339";"MAC INST NISSIN CHICO BENTO 75G SUAV MILH MANT"
"20354";"MAC INST NISSIN MONICA 85G CARNE"
"20355";"MAC INST NISSIN MONICA 85G GALINHA"
"20356";"MAC INST NISSIN MONICA 85G TOMATE"
"20364";"MAC INST NISSIN TALH 99G BOLON"
"20365";"MAC INST NISSIN TALH 99G FGO"
"20370";"MAC INST UFO 96G CURRY"
"20374";"MAC INST YAKISSOBA UFO 97G CARNE"
"20371";"MAC INST YAKISSOBA UFO 97G GAL CAIP"
"20372";"MAC INST YAKISSOBA UFO 97G LEGUMES"
"2744";"MACARRAO CUP NOODLES 65G FRUTOS MAR"
"2803";"MACARRAO CUP NOODLES 67G LEGUMES AZEITE"
"2787";"MACARRAO CUP NOODLES 68G COSTELA C MOLHO"
"2789";"MACARRAO CUP NOODLES 68G GAL CAIP PICANT"
"2738";"MACARRAO CUP NOODLES 69G CARNE DEF"
"2740";"MACARRAO CUP NOODLES 69G CHEDDAR"
"2742";"MACARRAO CUP NOODLES 69G GAL CAIP"
"2743";"MACARRAO CUP NOODLES 69G NACHO"
"2735";"MACARRAO CUP NOODLES 70G YAKISSOBA"
"2732";"MACARRAO CUP NOODLES 72G TERIYAKI"
"20316";"MACARRAO INST GERMANI 63G CARNE"
"33899";"MACARRAO INST GERMANI 63G CARNE PICANTE"
"20318";"MACARRAO INST GERMANI 63G GALINHA"
"20317";"MACARRAO INST GERMANI 63G GALINHA CAIPIRA"
"20319";"MACARRAO INST GERMANI 63G PICANHA"
"2812";"MACARRAO INST NISSIN 500G YAKISSOBA"
"33693";"MACARRAO INST NISSIN 85G CAR PICANTE"
"2806";"MACARRAO INST NISSIN ESP 500G T3"
"2809";"MACARRAO INST NISSIN ESP 500G T5"
"31471";"MAIONESE BISN VAL PET 930G"
"860";"MAIONESE FUGINI SH 1 7KG"
"2764";"MAIONESE FUGINI SH BICO 180G VERDE"
"2855";"MAIONESE HEINZ PET 215G ALHO ERVAS FIN"
"2852";"MAIONESE HEINZ PET 390G"
"2850";"MAIONESE HEINZ PT 400G"
"2854";"MAIONESE HELLMANNS PET 335G SQZ LIGHT"
"2784";"MAIONESE HELLMANNS PT 500G LIGHT"
"2847";"MAIONESE HELLMANNS PT 500G TRAD"
"868";"MAIONESE HELLMANNS SH 1KG"
"2767";"MAIONESE HELLMANNS SH 200G"
"2841";"MAIONESE HELLMANNS SH 400G"
"946";"MAIONESE LIZA BD 2 7KG CASEIRA"
"2758";"MAIONESE LIZA SH 196G"
"2782";"MAIONESE LIZA SH 400G CASEIRA"
"872";"MAIONESE ODERICH BD 3KG"
"874";"MAIONESE ODERICH SH 1KG"
"2754";"MAIONESE ODERICH SH 200G LIGHT"
"2756";"MAIONESE ODERICH TRADICIONAL 200G SH"
"2503";"MARROM GLACE VAL 300G"
"1693";"MARSHMALLOWS FOFS 220G BIG TWIST"
"1694";"MARSHMALLOWS FOFS 220G PRINCESS"
"1697";"MARSHMALLOWS FOFS 220G TUBE"
"1695";"MARSHMALLOWS FOFS 220G TWIST COLORIDO"
"20601";"MAS CAS PASTAMIA C OVOS 400G FETTUCCINE"
"20602";"MAS CAS PASTAMIA C OVOS 400G TALHARIM"
"20587";"MAS CASEIRA MOSMANN C OVOS N3 500G"
"20588";"MAS CASEIRA MOSMANN C TAPIOCA 300G"
"20589";"MAS CASEIRA MOSMANN COGUMELO VG 400G"
"20591";"MAS CASEIRA MOSMANN ESPINAFRE 400G"
"20594";"MAS CASEIRA MOSMANN INTEGRAL 300G"
"20596";"MAS CASEIRA MOSMANN MULT PARAF 400G"
"20600";"MAS CASEIRA MOSMANN TOPE 400G"
"20615";"MAS ESPA PARATI SEMOLA 1K"
"20609";"MAS ESPAG ISABELA SEMOLA 400G"
"20613";"MAS ESPAGUETINI ISABELA SEMOLA 500G"
"20616";"MAS ESPAPARATI SEMOLA 400G"
"20621";"MAS FURADINHO ISABELA SEMOLA 400G"
"20625";"MAS FUSILLI G DURO ORQUIDEA 500G"
"20635";"MAS MACARRAO BOM GOSTO SEMOLA 400G"
"20640";"MAS NINHO BOM GOSTO SEMOLA 500G"
"20653";"MAS PARAF ISABELA SEMOLA 400G"
"20657";"MAS PARAF ORQUIDEA FUR MOL C OVOS 400G"
"20660";"MAS PARAF PARATI SEMOLA 1K"
"20661";"MAS PARAF PARATI SEMOLA 400G"
"20676";"MAS PENNE BOM GOSTO SEMOLA 400G"
"20692";"MAS RIG G DURO ORQUIDEA PENNE 500G"
"20694";"MAS RIGATONE ORQUIDEA C OVOS 500G"
"7093";"MASC SEDA 300G CONC COLAGENO VIT"
"7095";"MASC SEDA 300G CONC LUMINOUS UV"
"35164";"MASC TRAT SEDA 300G CACHO DEFINIDO"
"2842";"MASSA C OVOS DOMELLY 500G ESPAGUETE"
"20650";"MASSA C OVOS DOMELLY 500G PARAFUSO"
"20678";"MASSA C OVOS DOMELLY 500G PENNE"
"2843";"MASSA C OVOS DOMELLY 500G RIGATONE"
"2875";"MASSA C OVOS GERMANI 500G CONCHINHA"
"2831";"MASSA C OVOS GERMANI 500G ESPAGUETE"
"2862";"MASSA C OVOS GERMANI 500G MACARRAO"
"20638";"MASSA C OVOS GERMANI 500G NHOQUE"
"2835";"MASSA C OVOS GERMANI 500G PARAFUSO"
"2864";"MASSA C OVOS GERMANI 500G PENNE"
"2879";"MASSA C OVOS ISABELA 500G ESPAGUETE"
"2912";"MASSA C OVOS ISABELA 500G FURADINHO"
"2914";"MASSA C OVOS ISABELA 500G GRAVATINHA"
"2908";"MASSA C OVOS ISABELA 500G LINGUINE"
"2917";"MASSA C OVOS ISABELA 500G MACARRAO"
"2905";"MASSA C OVOS ISABELA 500G NIN LARGO"
"2877";"MASSA C OVOS ISABELA 500G PARAFUSO"
"2880";"MASSA C OVOS NORDESTE 500G CAB ANJO"
"2859";"MASSA C OVOS NORDESTE 500G ESPAGUETE"
"2873";"MASSA C OVOS NORDESTE 500G NINHO"
"2860";"MASSA C OVOS NORDESTE 500G PARAFUSO"
"2856";"MASSA C OVOS NORDESTE 500G PENNE"
"2858";"MASSA C OVOS NORDESTE 500G RIGATONI"
"2868";"MASSA C OVOS ORQUIDEA 500G CONCHA"
"2867";"MASSA C OVOS ORQUIDEA 500G CONCHINHA"
"2937";"MASSA C OVOS ORQUIDEA 500G ESP NINH"
"2869";"MASSA C OVOS ORQUIDEA 500G ESPAGUETE"
"2865";"MASSA C OVOS ORQUIDEA 500G PARAFUSO"
"2866";"MASSA C OVOS ORQUIDEA 500G PENNE"
"2871";"MASSA C OVOS ORQUIDEA 500G TORTIGLIONE"
"2883";"MASSA C OVOS PARATI 400G PARAFUSO"
"2922";"MASSA C OVOS PARATI 500G CARAMUJINHO"
"2926";"MASSA C OVOS PARATI 500G PENNE"
"2924";"MASSA C OVOS PARATI 500G RIGATONI"
"2823";"MASSA C OVOS STA FELICIDADE 500G ESPAGUETE"
"2818";"MASSA C OVOS STA FELICIDADE 500G PARAFUSO"
"2826";"MASSA C OVOS STA FELICIDADE 500G PENNE"
"20586";"MASSA CAS MOSMANN C OVOS N2 500G"
"20570";"MASSA DOMELLY SEMOLA 1KG AVE MARIA"
"20607";"MASSA DOMELLY SEMOLA 1KG ESPAG"
"20651";"MASSA DOMELLY SEMOLA 1KG PARAF"
"20693";"MASSA DOMELLY SEMOLA 1KG RIGATONE"
"20679";"MASSA GERMANI C VEG 500G PENNE"
"20608";"MASSA GERMANI LEVIT INT 500G ESPAG"
"2948";"MASSA GERMANI LEVIT INT 500G PARAF"
"20632";"MASSA LASANHA GERMANI 500G"
"2884";"MASSA PARATI C OVOS 400G FURADINHO"
"2940";"MASSA S OVOS NORDESTE 1KG ESPAGUETE"
"2941";"MASSA S OVOS NORDESTE 1KG PARAFUSO"
"2931";"MASSA S OVOS ORQUIDEA 500G PARAFUSO TRICOL"
"20611";"MASSA SEMOLA GERMANI 1KG ESPAG"
"20664";"MASSA SEMOLA GERMANI 1KG PARAF"
"20612";"MASSA SEMOLA GERMANI 500G ESPAG"
"20665";"MASSA SEMOLA GERMANI 500G PARAF"
"20683";"MASSA SEMOLA GERMANI 500G PENNE"
"3542";"MELHORADOR FLEISCHMANN SH 10G PAO CERTO"
"20809";"MILHO GRAO SAUDAVEL 5KG"
"20810";"MILHO PIPOCA ARBAZA PREMIUM 400G"
"2401";"MILHO PIPOCA BELLA DICA 400GR"
"2026";"MILHO PIPOCA SERRA URUGUAI TP1 400G"
"2418";"MILHO PIPOCA YOKI 400G PREMIUM"
"2413";"MILHO PIPOCA YOKI 400G TRAD"
"20817";"MILHO VERDE FUGINI SH 1 7K"
"2394";"MILHO VERDE FUGINI SH 170G"
"2398";"MILHO VERDE ODERICH LT 200G"
"879";"MILHO VERDE ODERICH LT 2KG"
"941";"MILHO VERDE OLE LT 1 7KG"
"2396";"MILHO VERDE OLE LT 170G"
"3729";"MIST BOLO FLEISCHMANN 390G CENOURA UP"
"3685";"MIST LACTEA COND ITALAC TP 395G"
"3682";"MIST LACTEA COND TRIANGULO TP 395G"
"20890";"MIST P BOL NORDESTE LAR RF 400G"
"3692";"MIST P BOLO APTI 380G AIPIM"
"33371";"MIST P BOLO APTI 380G CHOC E COCO"
"3696";"MIST P BOLO APTI 400G ABACAXI"
"3701";"MIST P BOLO APTI 400G BAUNILHA"
"3702";"MIST P BOLO APTI 400G CENOURA"
"3704";"MIST P BOLO APTI 400G CHOC"
"3705";"MIST P BOLO APTI 400G COCO"
"3706";"MIST P BOLO APTI 400G FLORES NEGRAS"
"3707";"MIST P BOLO APTI 400G LARANJA"
"3709";"MIST P BOLO APTI 400G LIMAO"
"3711";"MIST P BOLO APTI 400G MILHO"
"3712";"MIST P BOLO APTI 400G QUATRO LEITES"
"3747";"MIST P BOLO FLEISCHMANN 350G PETIT GATEAU"
"3728";"MIST P BOLO FLEISCHMANN 390G AIPIM"
"3731";"MIST P BOLO FLEISCHMANN 390G CHOC"
"3740";"MIST P BOLO FLEISCHMANN 390G LARANJA"
"3742";"MIST P BOLO FLEISCHMANN 390G MILHO"
"3733";"MIST P BOLO FLEISCHMANN 400G CHOCMOUSSE"
"3756";"MIST P BOLO NORDESTE 400G AIPIM"
"3761";"MIST P BOLO NORDESTE 400G BAUNILHA"
"3759";"MIST P BOLO NORDESTE 400G CENOURA"
"3767";"MIST P BOLO NORDESTE 400G FUBA"
"3780";"MIST P BOLO ORQUIDEA 350G ABACAXI"
"3781";"MIST P BOLO ORQUIDEA 350G BAUNILHA"
"3785";"MIST P BOLO ORQUIDEA 350G CENOURA"
"3787";"MIST P BOLO ORQUIDEA 350G CHOCOLATE"
"3788";"MIST P BOLO ORQUIDEA 350G COCO"
"3789";"MIST P BOLO ORQUIDEA 350G LARANJA"
"3791";"MIST P BOLO ORQUIDEA 350G LIMAO"
"3796";"MIST P PAO QUEIJO APTI SH 250G PARMESAO"
"3825";"MIST P SAGU APTI 250G UVA"
"3826";"MIST P SAGU NEILAR 150G MORANGO"
"3827";"MIST P SAGU NEILAR 150G UVA"
"21125";"MOL TOM TRAD VAL SH 300G TRAD"
"2729";"MOLHO ALHO EXTREMO SABOR 250ML"
"2728";"MOLHO ALHO EXTREMO SABOR 250ML P FRANGO"
"912";"MOLHO ALHO EXTREMO SABOR PET 1 01L"
"2733";"MOLHO ALHO KITANO 150ML"
"2870";"MOLHO BARBECUE FUGINI SH BICO 180G"
"2874";"MOLHO BARBECUE ODERICH 200G"
"34471";"MOLHO DE PIMENTA VAL 150G"
"39074";"MOLHO ESPECIAL BOTIGLIA 680GR SACCIALI"
"913";"MOLHO FGO EXTREMO SABOR 1 01L "
"2892";"MOLHO INGLES EXTREMO SABOR 250ML"
"2894";"MOLHO INGLES KITANO 150ML"
"3083";"MOLHO ODERICH 220G BURGUER"
"3081";"MOLHO ODERICH 220G CEBOLA CARAMELI"
"3075";"MOLHO ODERICH 220G CHEDDAR"
"3072";"MOLHO ODERICH 220G PARMESAO"
"2921";"MOLHO PIMENT TRISANTI 250G SWEET CHILI"
"914";"MOLHO PIMENTA EXTREMO SABOR 1 01L "
"2955";"MOLHO PIMENTA EXTREMO SABOR 150ML EXTRA FORTE"
"2910";"MOLHO PIMENTA EXTREMO SABOR 250ML"
"2927";"MOLHO PIMENTA KITANO 150ML"
"2957";"MOLHO PIMENTA KNORR CICA 150ML"
"34570";"MOLHO PIMENTA NOVITA 150ML CALABRESA"
"2951";"MOLHO PIMENTA TRISANTI 225G BIQUINHO"
"2936";"MOLHO PIMENTA TRISANTI 225G CASEIRINHO"
"2945";"MOLHO PIMENTA TRISANTI 225G CREMOSO"
"2932";"MOLHO PIMENTA TRISANTI 260G CHIPOTLE"
"2964";"MOLHO SHOYU EXTREMO SABOR 1 01L"
"2961";"MOLHO SHOYU EXTREMO SABOR 250ML"
"2962";"MOLHO SHOYU KITANO 150ML"
"2568";"MOLHO TOM CAJAMAR SH 300G TRAD"
"916";"MOLHO TOM FUGINI SH 1 7KG PIZZA"
"918";"MOLHO TOM FUGINI SH 1 7KG TRAD"
"2588";"MOLHO TOM FUGINI SH 300G BOLONHESA"
"2582";"MOLHO TOM FUGINI SH 300G ERVAS FINAS"
"2591";"MOLHO TOM FUGINI SH 300G MANJERICAO"
"2571";"MOLHO TOM FUGINI SH 300G PENEIRADO"
"2584";"MOLHO TOM FUGINI SH 300G PIZZA"
"2573";"MOLHO TOM FUGINI SH 300G TRAD"
"2577";"MOLHO TOM FUGINI SH 300G ZERO"
"921";"MOLHO TOM ODERICH LT 850G PASSATA"
"2609";"MOLHO TOM ODERICH SH 1 010KG PIZZA"
"2606";"MOLHO TOM ODERICH SH 1 01KG TRAD"
"2605";"MOLHO TOM POMAROLA SH 300G BOLONHESA"
"2601";"MOLHO TOM POMAROLA SH 300G CASEIRO"
"2600";"MOLHO TOM POMAROLA SH 300G MANJERICAO"
"2596";"MOLHO TOM POMAROLA SH 300G TRAD"
"2569";"MOLHO TOM POMODORO SH 300G TRAD"
"33937";"MOLHO TOM SALSARETTI 910G TRITURADO"
"3851";"MOLHO TOM SALSARETTI SH 300G PASSATA RUSTICA"
"21119";"MOLHO TOM TARANTELLA 1 7KG TRAD "
"21118";"MOLHO TOM TARANTELLA SH 1 7KG PIZZA"
"33468";"MOLHO TOMATE HEINZ SH 240G C PEDACOS"
"21137";"MOLUSC MADELESMA RES UMED LESMAS 250G"
"39196";"MOP MULTIUSO EIRELI VASSOURA E RODO"
"31669";"MOST BISN VAL PET 930G"
"2906";"MOSTARDA ELEFANTE 180G AMARELA"
"3089";"MOSTARDA FUGINI BICO 180G"
"3095";"MOSTARDA FUGINI BICO 180G C MEL"
"21250";"MOSTARDA MOSTARDOG BD 1K"
"982";"MOSTARDA MOSTARDOG BD 3KG"
"39133";"MOSTARDA MRS TASTE 350G"
"3094";"MOSTARDA ODERICH 190G PICANTE"
"984";"MOSTARDA ODERICH BD 3KG"
"3099";"MOSTARDA ODERICH PREM 250G DIJON"
"3100";"MOSTARDA ODERICH PREM 250G ESCURA"
"3104";"MOSTARDA ODERICH PREMIUM 365G AMERICANA"
"985";"MOSTARDA ODERICH SH 1KG"
"3092";"MOSTARDA ODERICH TRADICIONAL 190G BISNAGA"
"21261";"NAFTALINA GOTA LIMPA 50G"
"7207";"NAFTALINA SANI ALL 40G"
"38688";"ODORIZ GLADE AERO CLEANLINEN RF AUT"
"7221";"ODORIZANTE PROAUTO 60G GEL TUTTI FRUTI"
"38841";"OLEO CANOLA SOYA 900ML"
"960";"OLEO COCO NUTRISANTI 200ML"
"962";"OLEO COCO PURILEV S SABOR 200ML"
"38843";"OLEO GIRASSOL SOYA 900ML"
"21378";"OLEO IPIRANGA 2T MOTO 200ML"
"21379";"OLEO IPIRANGA F1 MASTER PERF 15W40 1L"
"21380";"OLEO IPIRANGA MOTO PROT 20W50 SL"
"7232";"OLEO KING 100ML MULTIUSO"
"959";"OLEO LIZA ALGODAO TP1 900ML"
"963";"OLEO LIZA CANOLA 900ML"
"964";"OLEO LIZA GIRASSOL 900ML"
"967";"OLEO LIZA MILHO 900ML"
"38845";"OLEO MILHO SOYA 900ML"
"972";"OLEO OLIVIA COMPOSTO TRAD PT 500ML"
"980";"OLEO SOJA COAMO PET 900ML"
"981";"OLEO SOJA SOYA PET 900ML"
"986";"OLEO SOJA VITALIV PET 900ML"
"7237";"OLEO VINI LADY 120ML AMENDOAS"
"2395";"OVO CODORNA CONS JUREIA 300G"
"2397";"OVO CODORNA CONS JUREIA 300G DEFUM"
"2403";"OVO CODORNA CONS JUREIA 300G PIM BQ"
"2406";"OVO CODORNA CONS PETRY SH 130G"
"21471";"PA LIXO PLUGGY"
"21473";"PA LIXO SELETA C CABO 80CM DOBRAVEL"
"2411";"PALMITO CONS JUREIA VD 300G GOURMET TOLETE JUCARA"
"2409";"PALMITO CONS JUREIA VD 300G PUPUNHA TOLETE"
"2402";"PALMITO CONS JUREIA VD 300G RODELA PALMEIRA REAL"
"7277";"PANO PANOSUL DUPLO 100 ALGODAO"
"21553";"PANO PANOSUL FELPUDO ESTAMP 38X63CM"
"21554";"PANO PANOSUL MEDIO C BAR 45X65 R24"
"21555";"PANO PANOSUL MEDIO ESTAMP 45X65 R23"
"7279";"PANO PANOSUL MICROFIBRA 35X35CM SORTIDO"
"7280";"PANO PERFEX 5UN AZUL"
"7282";"PANO PERFEX 5UN ROSA"
"21557";"PANO PTO PANOSUL COLOR C EST"
"21559";"PANO SARJA PANOSUL 45X75CM"
"7283";"PANO TOALEX MULTIUSO 50UN"
"21680";"PAPEL HIG ATUALLE 20M FLA DP 12UN"
"7353";"PAPEL HIG ATUALLE 20M FLA DP 32UN NEUTRO COMPACTO"
"21682";"PAPEL HIG BIANCO NEUTRO FLA SMP 60M 12UN"
"21683";"PAPEL HIG COMFORT FLA DPL 30M 18 UN"
"21659";"PAPEL HIG DOBLE COMP FD 16UN C 30M"
"21662";"PAPEL HIG DOBLE FD 4 UN C 50M"
"21664";"PAPEL HIG DOBLE FT FD 12 UN C 20M"
"33218";"PAPEL HIG DOBLE SKIN FD 6 UN C 40M"
"21666";"PAPEL HIG DOBLE SOFTCAR FD 12UN 30M"
"21665";"PAPEL HIG DOBLE SOFTCAR FD 40UN 20M"
"7355";"PAPEL HIG DUETTO 4 UN DE 30M NEUTRO"
"7356";"PAPEL HIG DUETTO 4 UN DE 30M PERFUMADO"
"7354";"PAPEL HIG DUETTO FD 12 UN DE 30M NEUTRO"
"21674";"PAPEL HIG FOFOLETTE FS 30M C 12"
"21679";"PAPEL HIG MAXPEL PREMIUM FS 60M L12P11"
"7358";"PAPEL HIG MILI NEUTRO FHA DPL 30M 12UN"
"21684";"PAPEL HIG MILI NEUTRO FLA DPL 30M 4UN"
"21686";"PAPEL HIG MILI NEUTRO FLA SPL 60M 4UN"
"21687";"PAPEL HIG MILI PERFUM FLA DPL 30M 12UN"
"21688";"PAPEL HIG MILI PERFUM FLA SPL 60M 4UN"
"21689";"PAPEL HIG MILI PRIME FLA TPL 20M 12UN"
"21691";"PAPEL HIG NATUPEL FD 20M C 12"
"21692";"PAPEL HIG NATUPEL PREM FS 30M C 4"
"21693";"PAPEL HIG NATUPEL PREM FS 60M C 4"
"21696";"PAPEL HIG NESS FD 4UN DE 30M"
"33968";"PAPEL HIG SIRIUS PREMIER FD 20M C12"
"33949";"PAPEL HIG SIRIUS PREMIER FD 20M C32"
"21698";"PAPEL HIG STYLUS FD 24 UN DE 20M NEUTRO"
"21700";"PAPEL HIG SULINO NEUTRO FS 30M C 4"
"21701";"PAPEL HIG SULINO NEUTRO FS FD 12UN DE 60M"
"9974";"PAPEL TOALHA MILI 2UN"
"7377";"PAPEL TOALHA MILI 3UN"
"21733";"PAPEL TOALHA MILI BIANCO 2UN"
"21734";"PAPEL TOALHA NATUREZA FD 2UN"
"35992";"PAPEL TOALHA SIRIUS CHEF 02UN"
"39075";"PASSATA SACCIALI 520GR"
"9975";"PAST ADESIVA HIGISOL 3UN CITRICO"
"1856";"PAST DOCILE MINTY 14G LAR"
"1854";"PAST DOCILE MINTY 14G MOR"
"1857";"PAST DOCILE MINTY 14G TUTTI FRUTTI"
"1834";"PAST DOCILE ROLLY MINTY 29G EXTRA FORTE"
"1837";"PAST DOCILE ROLLY MINTY 29G FRUIT"
"1838";"PAST DOCILE ROLLY MINTY 29G HORTELA"
"1839";"PAST DOCILE ROLLY MINTY 29G MORANGO"
"7386";"PASTILHA ADES PATO 3UN FRESH"
"7389";"PASTILHA HIGISOL 3UN 27G CRAVO E CANELA"
"7390";"PASTILHA HIGISOL 3UN 27G FLORAL"
"7397";"PASTILHA PATO PROMO 3UN CITRUS"
"7398";"PASTILHA PATO PROMO 3UN FLORAL"
"7399";"PASTILHA PATO PROMO 3UN LAVANDA"
"1890";"PASTILHA TIC TAC 14 5G LARANJA"
"1888";"PASTILHA TIC TAC 14 5G MENTA"
"39012";"PATE FRISKIES GATO 75 G ADULTO ATUM"
"39010";"PATE FRISKIES GATO 75 G ADULTO MAR SABO"
"39011";"PATE FRISKIES GATO 75 G ADULTO SALMAO"
"39008";"PATE FRISKIES GATO 75G ADULTO CARNE"
"39007";"PATE FRISKIES GATO 75G FILHOTES ATUM"
"39009";"PATE FRISKIES GATO 75G FRANGO"
"2419";"PATE ODERICH LT 100G CARNE"
"2420";"PATE ODERICH LT 100G FIGADO"
"3304";"PATE ODERICH LT 100G FRANGO"
"3305";"PATE ODERICH LT 100G GALINHA"
"2421";"PATE ODERICH LT 100G PERU"
"2422";"PATE ODERICH LT 100G PRESUNTO"
"7414";"PEDRA PATO 25G C 25 POR CENTO DESC LAVANDA"
"7415";"PEDRA PATO 25G C 25 POR CENTO DESC MARINE"
"21787";"PEDRA POMES STA CLARA R 199"
"7420";"PEDRA SANIT HARPIC 20G LAVANDA LAVANDA"
"7422";"PEDRA SANIT HARPIC AIR PLUS 25G PLUS CITRUS"
"7416";"PEDRA SANITARIA GLADE 25G 25 P DESC LAVANDA"
"7417";"PEDRA SANITARIA GLADE 25G 25 P DESC PINHO"
"7423";"PEDRA SANITARIA SANI SOL 20G EUCALIPTO"
"7424";"PEDRA SANITARIA SANI SOL 20G FLORAL"
"7425";"PEDRA SANITARIA SANI SOL 20G JASMIN"
"7426";"PEDRA SANITARIA SANI SOL 20G LAVANDA"
"21883";"PENTE PINCEL M BONI"
"2446";"PEPINO CONS JUREIA VD 300G AGRIDOCE FATIADO"
"2450";"PEPINO CONS JUREIA VD 300G FATIADO PICANTE"
"2458";"PEPINO CONS ODERICH VD 300G AGRIDOCE"
"2453";"PEPINO CONS ODERICH VD 300G CASEIRO"
"2416";"PEPINO CONSERVA DA SERRA SH 150G"
"2429";"PEPINO CONSERVA NUTRIOURO VD 300G"
"2447";"PEPINO CONSERVA ODERICH VD 300G TRAD"
"1000";"PEPINO DA SERRA CONS VD 1 8KG"
"33441";"PEPINO JUREIA VD 1 8KG TRAD "
"21902";"PESSEGO MARIZA METADES 450G"
"2282";"PESSEGO PETITOSA METADES 450G"
"35647";"PESSEGO PIACERE METADES 485G"
"4434";"PETISCO DOGUITOS 65G CARNE"
"4435";"PETISCO DOGUITOS 65G FGO"
"13252";"PETISCO KELDOG 55G CEREAIS MACA"
"8918";"PETISCO KELDOG MINI BITES 50G CARNE LEITE"
"13259";"PETISCO PETISCAO 60G BACON"
"13260";"PETISCO PETISCAO 60G CARNE"
"13261";"PETISCO PETISCAO 60G FGO"
"21912";"PETISCO PETISCAO 60G OSSINHO CARNE"
"20844";"PETISCO PETISCAO MINI FEMUR DEF 1UN"
"13258";"PETISCO PETISCAO TAB 500G CARNE"
"21961";"PINCEL P BASE BLACK SILVER P4"
"1713";"PIPOCA DOCE KEVYTOS 50G"
"1712";"PIPOCA DOCE POPFITOS 50G"
"1877";"PIRULITO DORI FACE POP 450G APITO"
"1905";"PIRULITO DORI MASTIGAVEL 560G YOGURTE 100"
"1885";"PIRULITO FLORESTAL 400G CORACAO COLORIDO"
"1887";"PIRULITO FLORESTAL CORACAO 400G MORANGO"
"1883";"PIRULITO PIETROBON 480G FRAMBOESA"
"1865";"PIRULITO TOFFANO PITY 200G MORANGO"
"3545";"PO P FLAN NEILAR 40G BAUNILHA"
"3546";"PO P FLAN NEILAR 40G CHOC"
"3547";"PO P FLAN NEILAR 40G COCO"
"3818";"PO P PUDIM NEILAR 30G BAUNILHA"
"3819";"PO P PUDIM NEILAR 30G CARAMELO"
"3820";"PO P PUDIM NEILAR 30G CHOC"
"3821";"PO P PUDIM NEILAR 30G COCO"
"3822";"PO P PUDIM NEILAR 30G LEITE CONDEN"
"3823";"PO P PUDIM NEILAR 30G MORANGO"
"3803";"PO P SORVETE APTI 120G CHOC"
"3805";"PO P SORVETE APTI 120G CREME"
"3807";"PO P SORVETE APTI 120G MOR"
"3131";"PO PARA CHANTILLLY APTI 50G TRAD"
"2805";"POLENTA GERMANI 500G PERDIZ"
"2814";"POLENTA PERDIZ 500G INST TEMP"
"2811";"POLENTINA QUAKER 500G"
"2643";"POLPA POMODORO CICA TP 520G"
"3810";"POLVILHO AZEDO JUREIA 500G"
"22118";"POM MASSAG BIO CANELA VELHO 150ML"
"22117";"POM MASSAG BIO FISIOFORT PREMIUM 150ML"
"36301";"POMADA MASSAG BIO FISIOFORT 150ML"
"7490";"POMADA NUGGET 36G PRETA"
"22122";"POMADA WASSINGTON LIQ 60ML PTA"
"22124";"POMADA WASSINGTON PASTA 36G MARROM"
"22125";"POMADA WASSINGTON PASTA 36G PTO"
"2437";"POPCORN YOKI 100G BACON"
"2440";"POPCORN YOKI 100G MANTEIGA"
"2431";"POPCORN YOKI 100G MANTEIGA CINEMA"
"2439";"POPCORN YOKI 100G NATURAL"
"2433";"POPCORN YOKI 100G NATURAL C SAL"
"2435";"POPCORN YOKI 100G TOQUE CHEF"
"2442";"POPCORN YOKI MICRO 160G COBERTURA CHOC"
"2311";"PORTA FILTRO MELITTA 102"
"2313";"PORTA FILTRO MELITTA 103"
"7534";"PRENDEDOR ROUPA GABOARDI 12UN"
"7536";"PRENDEDOR ROUPA GABOARDI 12UN PL"
"7535";"PRENDEDOR ROUPA GABOARDI GIG12UN"
"22344";"PROT DIA DAILY CARTUCHO L120P100"
"7558";"PROT DIARIO MILI 15UN SUAVE S ABAS"
"7563";"PROT DIARIO S ABAS INTIMUS40UN CUIDADO AVANCAD"
"3417";"PROT SOJA CERELUS 250G TEXT FINA"
"3418";"PROT SOJA CERELUS 250G TEXT GROSSA"
"22633";"QJO RAL KIFORMAGGIO TRAD 40G"
"22636";"QJO RAL KUNZLER TROP 40G"
"22637";"QJO RAL PRESIDENTE 50G"
"22639";"QJO RAL SANTA CLARA 40G PARMESAO"
"22630";"QJO RALADO DA SERRA 40G"
"22652";"QUENTAO ALCOOLICO 2L"
"22654";"QUENTAO S ALCOOL 2L"
"22657";"QUEROSENE ZAVASKI 500ML"
"22679";"RAC 4PATAS GATOS CASTRADOS 1K"
"22680";"RAC ALCON PEIXE BASIC 10G"
"22681";"RAC ALCON PEIXE COLOURS 10G"
"22683";"RAC AMIGO PET GATO MIX 500G"
"22684";"RAC AMIGO PET GATO PEIXE 500G"
"22695";"RAC CAO QUATRO PAT PREM 1K"
"22697";"RAC CBS GATO PEIXE CAR 500G"
"22698";"RAC DOCATS 1K"
"22700";"RAC DODOG ESPECIAL 7K"
"22707";"RAC DODOPREM P RACAS 10 1K"
"22734";"RAC QUATRO PATAS GATOS FIL 500G"
"22735";"RAC QUATRO PATAS PREMIUM 1K"
"22736";"RAC QUATRO PATAS PREMIUM ADUL RG 1K"
"22737";"RAC QUATRO PATAS PREMIUM GATOS 1K"
"22743";"RAC SNOW DOG CORD PQ PORT 5K"
"22744";"RAC SNOW DOG FGO TOMATE 5K"
"22747";"RAC SULTAO PREMIUM GATOS 500G"
"22699";"RACAO DODOG ESP CAR ADUL 1KG"
"22701";"RACAO DODOG FILHOTES 1KG"
"22705";"RACAO DODOG PEQ RACAS 1KG"
"22704";"RACAO DODOG TRAD 1KG"
"39003";"RACAO DOG CHOW CARN FGO FRUTA LEITE 900G"
"39013";"RACAO DOG CHOW FILH CARNE FGO ARROZ 900G"
"39014";"RACAO DOG CHOW MULTIPROTEINA ADULTO 900G"
"39015";"RACAO DOG CHOW MULTIPROTEINA ADULTO 900G"
"3992";"RACAO DOG CHOW SH 100G AD RAC PEQ FGO"
"3993";"RACAO DOG CHOW SH 85G AD RA PEQ SALMA"
"3994";"RACAO DOG CHOW SH 85G CARNE ADULTO"
"3995";"RACAO DOG CHOW SH 85G CORDEIRO ADULTO"
"3996";"RACAO DOG CHOW SH 85G FI RA PEQ FRANG"
"3997";"RACAO DOG CHOW SH 85G FILHO TD CARNE"
"3998";"RACAO DOG CHOW SH 85G FRANGO ADULTO"
"4032";"RACAO PEDIGREE NUTR ESSENC 10 1KG CARNE AO LEITE"
"22794";"RATICIDA RATICID GRANULADO 25G"
"22796";"RATICIDA RODILON ISCA 25G"
"34721";"REFRE HAPPY TP 1L UVA"
"33871";"REFRE HAPPY TP 200ML ABACAXI"
"33869";"REFRE HAPPY TP 200ML LARANJA"
"33870";"REFRE HAPPY TP 200ML MORANGO"
"33872";"REFRE HAPPY TP 200ML PESSEGO"
"33868";"REFRE HAPPY TP 200ML UVA"
"103";"REFRE PO FRISCO 18G ABACAXI"
"22838";"REFRE PO FRISCO 18G GOIABA"
"105";"REFRE PO FRISCO 18G GUARANA"
"106";"REFRE PO FRISCO 18G LARANJA C ACER"
"91";"REFRE PO FRISCO 18G LIMAO"
"118";"REFRE PO FRISCO 18G MANGA"
"119";"REFRE PO FRISCO 18G MARACUJA"
"92";"REFRE PO FRISCO 18G MARACUJA C IOG"
"95";"REFRE PO FRISCO 18G MORANGO"
"93";"REFRE PO FRISCO 18G MORANGO C IOG"
"120";"REFRE PO FRISCO 18G SALADA DE FRUTA"
"100";"REFRE PO FRISCO 18G TANGERINA"
"101";"REFRE PO FRISCO 18G UVA"
"181";"REFRE PO GLUP 15G ABACAXI"
"182";"REFRE PO GLUP 15G GUARANA"
"183";"REFRE PO GLUP 15G LARANJA"
"184";"REFRE PO GLUP 15G LIMAO"
"185";"REFRE PO GLUP 15G MANGA"
"186";"REFRE PO GLUP 15G MARACUJA"
"187";"REFRE PO GLUP 15G MIX DE FRUTAS"
"189";"REFRE PO GLUP 15G MORANGO"
"190";"REFRE PO GLUP 15G TANGERINA"
"192";"REFRE PO GLUP 15G UVA"
"194";"REFRE PO PROMIX 100G ABACAXI"
"196";"REFRE PO PROMIX 100G LARANJA"
"197";"REFRE PO PROMIX 100G LIMAO"
"198";"REFRE PO PROMIX 100G MANGA"
"199";"REFRE PO PROMIX 100G MARACUJA"
"195";"REFRE PO PROMIX 100G MIX DE FRUTAS"
"200";"REFRE PO PROMIX 100G MORANGO"
"19";"REFRE PO TRINK 15G ABACAXI"
"17";"REFRE PO TRINK 15G ABACAXI HORTELA"
"20";"REFRE PO TRINK 15G GUARANA"
"22";"REFRE PO TRINK 15G LARANJA"
"23";"REFRE PO TRINK 15G LARANJA BAHIA"
"24";"REFRE PO TRINK 15G LIMAO"
"26";"REFRE PO TRINK 15G LIMONADA SUICA"
"27";"REFRE PO TRINK 15G MANGA"
"28";"REFRE PO TRINK 15G MARACUJA"
"29";"REFRE PO TRINK 15G MORANGO"
"30";"REFRE PO TRINK 15G TANGERINA"
"31";"REFRE PO TRINK 15G UVA"
"761";"REFRIG ANTAR SODA LIMONAD PET 200ML"
"886";"REFRIG ANTARCTICA GUAR LT 350ML ZR"
"887";"REFRIG ANTARCTICA GUARANA LT 350ML"
"759";"REFRIG ANTARCTICA GUARANA PET 200ML"
"911";"REFRIG ANTARCTICA GUARANA PET 200ML ZERO"
"784";"REFRIG ANTARCTICA GUARANA PET 2L"
"786";"REFRIG ANTARCTICA GUARANA PET 2L ZERO"
"834";"REFRIG ANTARCTICA GUARANA PET 3L"
"844";"REFRIG ANTARCTICA PET 600ML GUARANA"
"843";"REFRIG ANTARCTICA PET 600ML GUARANA DIET"
"790";"REFRIG CHARRUA GUARANA PET 2L"
"33255";"REFRIG CHARRUA PET 3L GUARANA"
"889";"REFRIG COCA COLA LT 350ML"
"762";"REFRIG COCA COLA PET 200ML"
"764";"REFRIG COCA COLA PET 200ML ZERO"
"10";"REFRIG COCA COLA PET 2L"
"795";"REFRIG COCA COLA PET 2L ZERO"
"847";"REFRIG COCA COLA PET 600ML"
"849";"REFRIG COCA COLA PET 600ML ZERO"
"893";"REFRIG COCA COLA ZERO LT 350ML"
"896";"REFRIG FANTA LARANJA LT 350ML"
"806";"REFRIG FANTA LARANJA PET 2L"
"852";"REFRIG FANTA LARANJA PET 600ML"
"897";"REFRIG FANTA LARANJA ZERO LT 350ML"
"766";"REFRIG FANTA PET 200ML LARANJA"
"899";"REFRIG FANTA UVA LT 350ML"
"812";"REFRIG FANTA UVA PET 2L"
"33265";"REFRIG FRUKI GUAR ZR PET 3L GUARANA ZERO"
"743";"REFRIG FRUKI PET 1 5L GUARANA"
"815";"REFRIG FRUKI PET 2L GUARANA GUARANA"
"903";"REFRIG PEPSI BLACK LT 350ML"
"861";"REFRIG PEPSI BLACK PET 600ML"
"778";"REFRIG PEPSI COLA PET 200ML"
"776";"REFRIG PEPSI COLA PET 200ML BLACK"
"904";"REFRIG PEPSI LT 350ML"
"825";"REFRIG PEPSI PET 2L"
"824";"REFRIG PEPSI PET 2L BLACK"
"840";"REFRIG PEPSI PET 3L"
"859";"REFRIG PEPSI PET 600ML"
"835";"REFRIG PET COCA COLA 3L"
"748";"REFRIG SARANDI PET 1 5L GUARANA"
"749";"REFRIG SARANDI PET 1 5L GUARANA ZERO"
"22874";"REFRIG SCHWEPPES CIT SA 1 5L"
"908";"REFRIG SODA LIMONADA LT 350ML"
"829";"REFRIG SODA LIMONADA PET 2L"
"909";"REFRIG SPRITE LT 350ML"
"780";"REFRIG SPRITE PET 200ML"
"830";"REFRIG SPRITE PET 2L"
"862";"REFRIG SPRITE PET 600ML"
"910";"REFRIG SUKITA LT 350 ML"
"781";"REFRIG SUKITA PET 200ML"
"832";"REFRIG SUKITA PET 2L LARANJA"
"833";"REFRIG SUKITA PET 2L UVA"
"22902";"REMOV ESM AMAZONIA 500ML"
"22903";"REMOV ESM AMAZONIA 80ML"
"22904";"REMOV ESM BELEZA AMAZONIA 100ML"
"10106";"REMOV ESM JAY LUC 100ML ARGAN"
"7665";"REMOV ESMALTE JAY LUC 100ML"
"37434";"REMOV MULTIUSO SUPREMA TRAD 1L"
"10109";"REPARADOR DI HELLEN PONTAS 30G PROT TERMICA"
"22914";"REPARADOR PONTAS JAYLUC 30ML BLIND QUERAT"
"22915";"REPARADOR PONTAS JAYLUC 30ML CERAMIDAS"
"22916";"REPARADOR PONTAS JAYLUC 30ML OLEO ARGAN"
"7674";"REPEL ELET SBP 35ML CHEIRO SUAVE RF"
"554";"REPOS ENGOV AFTER 250ML BERRY VIBES"
"556";"REPOS ENGOV AFTER 250ML CITRUS"
"557";"REPOS ENGOV AFTER 250ML RED HITS"
"558";"REPOS ENGOV AFTER 250ML TANGERINA"
"566";"REPOS POWERADE 500ML FTAS TROPICAIS"
"569";"REPOS POWERADE 500ML LIMAO"
"7720";"RODO BETTANIN VAI E VEM RF1282"
"22950";"RODO BORBOLETA 30CM C CABO"
"22951";"RODO BORBOLETA 40CM C CABO "
"10133";"SAB 123 BABY 80G AZUL"
"10134";"SAB 123 BABY 80G ROSA"
"32162";"SAB ALMA 130G FLORES JASMIN"
"39022";"SAB BARRA PALMOLIVE CAFE E OLEO 85G"
"7728";"SAB CLOY 80G PACK C 6 PG VC CREME HID MILK CARE"
"7727";"SAB CLOY CR 80G 6UN HIDRAT INT SORT"
"10144";"SAB FARNESE 180G AVEIA ESFOL"
"10145";"SAB FARNESE 180G ERV DOCE VERB"
"10146";"SAB FARNESE 180G FLOR CER VANILA"
"10147";"SAB FARNESE 180G LAVANDA MENTA"
"10148";"SAB FARNESE 180G PITAYA FRAMB"
"10149";"SAB FARNESE 180G PURO HIDR"
"23000";"SAB FONTANA SENSUS 150G FLORESCER"
"23034";"SAB LIQ COTTONBABY RF 200ML HORA DE NINAR"
"23037";"SAB LIQ DERMAFEME 200ML FRESH"
"23055";"SAB LIQ HEDERA RF 370ML AVEIA"
"38759";"SAB LIQ INF JOHNSONS CAB PES 200ML"
"23058";"SAB LIQ INTIMO COTTONBABY 200ML"
"33648";"SAB LIQ MADE IN BRAZIL 1L AMEIXA"
"33649";"SAB LIQ MADE IN BRAZIL 1L CEREJA"
"33647";"SAB LIQ MADE IN BRAZIL 1L ERVA DOCE"
"33650";"SAB LIQ MADE IN BRAZIL 1L PESSEGO"
"39028";"SAB LIQ PALMOLIVE ABACATE 200ML RF"
"39023";"SAB LIQ PALMOLIVE FRAMB 200ML RF"
"39024";"SAB LIQ PALMOLIVE MELANCIA 200ML RF"
"39025";"SAB LIQ PROTEX CREAM 200ML RF"
"39026";"SAB LIQ PROTEX LIMP PROF 200ML RF"
"23091";"SAB LIQ SENSUS LUXO 220ML HIDRATE"
"23092";"SAB LIQ SENSUS LUXO 220ML SEDUCAO"
"10170";"SAB LIQ SENSUS LUXO RF 220ML ERVA DOCE"
"10171";"SAB LIQ SENSUS LUXO RF 220ML HIDRATE"
"10172";"SAB LIQ SENSUS LUXO RF 220ML SEDUCAO"
"34979";"SAB MARAN SUAVE 80G AMENDOAS"
"34976";"SAB MARAN SUAVE 80G ERVA DOCE"
"34977";"SAB MARAN SUAVE 80G PESSEGO"
"34978";"SAB MARAN SUAVE 80G ROSAS"
"23114";"SAB PALMOLIVE 85G TANGERINA ALEC"
"23118";"SAB PALMOLIVE NATURALS 85G AMORA"
"23117";"SAB PALMOLIVE NATURALS 85G JASMIM"
"7968";"SAB PROTEX 85G AVEIA"
"23121";"SAB PROTEX 85G FRESH"
"7974";"SAB PROTEX 85G LIMPEZA PROFUND"
"7975";"SAB PROTEX 85G MACADAMIA"
"35654";"SAB SENADOR CLASSIC C3 130G"
"10193";"SAB SENSUS BEAUTY ESSENCE 80G AMANHECER PERS"
"10194";"SAB SENSUS BEAUTY ESSENCE 80G BOSQUES OCIDENT"
"10195";"SAB SENSUS BEAUTY ESSENCE 80G FLORESCER ASIAT"
"10196";"SAB SENSUS BEAUTY ESSENCE 80G FOR MEN"
"10197";"SAB SENSUS BEAUTY ESSENCE 80G JARDINS TURQUIA"
"10198";"SAB SENSUS BEAUTY ESSENCE 80G LIMA LIM ORIENT"
"10203";"SABAO BARRA GIRANDO SOL GILCER 200G"
"10201";"SABAO BARRA GIRANDO SOL TR MANC100G"
"7784";"SABAO BARRA YPE 160G COCO TOQUE AV "
"7786";"SABAO BARRA YPE 160G GLIC ALOE VERA"
"7785";"SABAO BARRA YPE 160G GLIC NEUTRO PE"
"7797";"SABAO BARRA YPE 800G COCO TOQUE AV"
"7796";"SABAO BARRA YPE 800G GLICERINA"
"7798";"SABAO BARRA YPE 900G GLIC ALOE VERA"
"7799";"SABAO BARRA YPE 900G GLIC FRESH"
"7801";"SABAO BARRA YPE 900G M ATI PERF AZ"
"23134";"SABAO CONVENC ZAVASKI C 5 200G"
"23135";"SABAO FONT COCO 200G"
"10206";"SABAO FONTANA TRAD 350G"
"33464";"SABAO GIRANDO SOL C 5 GLICE NEUTRO"
"23140";"SABAO GIRANDO SOL COCO 100G BAB"
"23141";"SABAO GIRANDO SOL GLIC 180G FRESH"
"23142";"SABAO GIRANDO SOL GLIC 180G NEUTRO"
"7817";"SABAO PO BRILHANTE 800G CX LIMPEZA TOTAL"
"7825";"SABAO PO GIRANDO SOL 400G AZUL"
"7831";"SABAO PO GIRANDO SOL 800G AZUL"
"7832";"SABAO PO GIRANDO SOL 800G HIPOALERGENICO"
"7833";"SABAO PO GIRANDO SOL 800G ROSA"
"7844";"SABAO PO OMO 2 2KG LAV PERFEITA"
"7849";"SABAO PO OMO 720G EXPERT"
"7851";"SABAO PO OMO 800G LAV PERFEITA"
"7850";"SABAO PO OMO 800G PURO CUIDADO"
"7868";"SABAO PO TIXAN 800G MACIEZ"
"7869";"SABAO PO TIXAN 800G MACIEZ PRIMAVERA"
"7790";"SABAO YPE GREEN NATURAL 160G"
"23155";"SABAO ZAVASKI 400G"
"23156";"SABAO ZAVASKI AZUL 200G"
"23159";"SABAO ZAVASKI GLIC 200G"
"23161";"SABAO ZAVASKI GLIC LIMAO 200G"
"7943";"SABON PALMOLIVE NATURALS 150G JASMIM E CACAU"
"7948";"SABON PALMOLIVE NATURALS 150G OLEO ARGAN"
"7950";"SABON PALMOLIVE NATURALS 150G TURMALINA"
"7951";"SABON PALMOLIVE NATURALS 150G VERDE"
"10173";"SABON PALMOLIVE NATURALS 85G CAMELIA AMEND"
"10177";"SABON PALMOLIVE NATURALS 85G LEITE ROSAS"
"7958";"SABON PALMOLIVE NUTRI 85G LV6PG5 FRAMB AMORA"
"7878";"SABONETE DOVE 90G KARITE BAUNILHA"
"7883";"SABONETE DOVE 90G ORIGINAL"
"7884";"SABONETE DOVE 90G PELE SENSIVEL"
"7872";"SABONETE DOVE 90G PROTEGE CUIDA"
"7887";"SABONETE DOVE BABY 75G HIDRAT BALANCEADA"
"7888";"SABONETE DOVE BABY 75G HIDRAT ENRIQ"
"7891";"SABONETE FLOR DE YPE 85G BAUNILHA AMEND"
"7892";"SABONETE FLOR DE YPE 85G FRESIA PESSEGO"
"7894";"SABONETE FLOR DE YPE 85G ROSAS BR AVELA"
"39027";"SABONETE LIQUIDO PALMOLIVE OIL FIGO"
"7922";"SABONETE LUX 85G BUQUE D JASMIM"
"7926";"SABONETE LUX 85G FLOR DE VERBENA"
"7927";"SABONETE LUX 85G LAVANDA"
"7928";"SABONETE LUX 85G LIRIO AZUL"
"7929";"SABONETE LUX 85G ORQUIDEA NEGRA"
"7930";"SABONETE LUX 85G ROSAS FRANCESAS"
"7933";"SABONETE NIVEA 85G ERVA DOCE OLEOS"
"7938";"SABONETE NIVEA 85G PROTEINA LEITE"
"8001";"SABONETE SENADOR 130G"
"39127";"SACO P LAVAR ROUPAS 50X70CM"
"8018";"SACO PANOSUL 60X68CM XADREZ"
"3828";"SAGU CORSETTI 400G"
"23204";"SAL CHUR GRILL GARCA 1K"
"3628";"SAL GROSSO CBS 1KG"
"3635";"SAL MOIDO CBS 1KG"
"3642";"SAL REFINADO CISNE 1KG"
"23217";"SAL REFINADO EX GARCA 1K"
"2286";"SALADA FRUTA ODERICH 450G"
"3180";"SALG ALFITOS 35G BACON"
"3250";"SALG ALFITOS 35G CEBOLA"
"3267";"SALG ALFITOS 35G CHURRASCO"
"3246";"SALG ALFITOS 35G FRANGO"
"3282";"SALG ALFITOS 35G PIZZA"
"3285";"SALG ALFITOS 35G PRESUNTO"
"3294";"SALG ALFITOS 35G QUEIJO"
"39088";"SALG BATATA POTZ 120G PIZZA"
"3232";"SALG BATATA PRINGLES 104G ORIGINAL"
"3229";"SALG BATATA PRINGLES 105G CHEDDAR BACON"
"3226";"SALG BATATA PRINGLES 109G CREME E CEBOLA"
"3225";"SALG BATATA PRINGLES 109G QUEIJO"
"3203";"SALG BATATA PRINGLES 35G ORIGINAL"
"38808";"SALG BATATA PRINGLES CEBOLA 37G"
"38809";"SALG BATATA PRINGLES NACHO CITRICO 100G"
"38806";"SALG BATATA PRINGLES NACHO QUEIJO 100G"
"38959";"SALG DORITOS NACHO SPICY 120G"
"3276";"SALG KEVYTOS 13G C 50 CHURRASCO"
"3270";"SALG KEVYTOS 55G CHURRASCO"
"3153";"SALG KEVYTOS 80G BACONYTOS"
"3191";"SALG KEVYTOS BACON 13G C 50"
"3185";"SALG KEVYTOS BATATA ONDULADA 40G"
"3145";"SALG KEVYTOS PALIVYTOS 80G"
"3251";"SALG KEVYTOS SHOW 38G CEBOLA"
"3269";"SALG KEVYTOS SHOW 38G CHURRASCO"
"3283";"SALG KEVYTOS SHOW 38G PIZZA"
"3287";"SALG KEVYTOS SHOW 38G PRESUNTO"
"3295";"SALG KEVYTOS SHOW 38G QUEIJO"
"23370";"SALG KRUKS 35G BACON"
"23371";"SALG KRUKS 35G CHURRASCO"
"23372";"SALG KRUKS 35G PRESUNTO"
"23373";"SALG KRUKS 35G QJO"
"3867";"SALG PALITINHO COROA 75G"
"38961";"SALG POPCORNERS WHITE CHEDDAR 48G"
"3306";"SALG SNACK CHEEZ IT 65G CHEDDAR"
"3307";"SALG SNACK CHEEZ IT 65G PARMESAO"
"23396";"SALG SNACK DOMELLY POLV 40G CEBOLA E SALSA"
"23397";"SALG SNACK DOMELLY POLV 40G QJO"
"23398";"SALG SNACK DOMELLY POLV 40G TRAD"
"2428";"SALSICHA HOT DOG ODERICH 230G"
"2430";"SALSICHA PERITIF ODERICH 160G"
"2436";"SALSICHA VIENA ODERICH 180G"
"8046";"SAPONACEO CREM CIF 250ML LARANJA"
"8049";"SAPONACEO CREM CIF 450ML BCO"
"8050";"SAPONACEO CREM CIF 450ML LARANJA"
"8051";"SAPONACEO CREM CIF 450ML LIMAO"
"24061";"SAPONACEO CREM FONT 250ML CITRUS"
"24062";"SAPONACEO CREM FONT 250ML CLORO"
"24063";"SAPONACEO CREM FONT 250ML LAVANDA"
"8052";"SAPONACEO CREM GIRANDO SOL 300ML ORIGINAL"
"24068";"SAPONACEO PO FONT 300G CLORO R 140123"
"24069";"SAPONACEO PO FONT 300G LIMAO R 140116"
"2463";"SARDINHA C OLEO G COSTA LT 125G MOLHO DE TOMATE"
"2465";"SARDINHA C OLEO G COSTA LT 125G OLEO"
"2466";"SARDINHA COQUEIRO 125G MOLHO DE TOMATE"
"2468";"SARDINHA COQUEIRO 125G OLEO"
"2451";"SARDINHA NAUTIQUE 125G MOLHO DE TOMATE"
"2448";"SARDINHA NAUTIQUE 125G OLEO"
"24084";"SC LIXO ALMOF CASAFORT 100L C 5"
"24085";"SC LIXO ALMOF CASAFORT 15L C 20"
"24087";"SC LIXO ALMOF CASAFORT 50L C 10"
"24097";"SC LIXO PRO LIXO ROLAO 150L C 10"
"24098";"SC LIXO PRO LIXO ROLAO 15L C 100"
"24099";"SC LIXO PRO LIXO ROLAO 200L C 7"
"24100";"SC LIXO PRO LIXO ROLAO 30L C 50"
"24102";"SC LIXO PRO LIXO ROLINHO 100L C 5"
"24103";"SC LIXO PRO LIXO ROLINHO 15L C 20"
"24104";"SC LIXO PRO LIXO ROLINHO 30L C 10"
"24105";"SC LIXO PRO LIXO ROLINHO 50L C 10"
"24107";"SC LIXO ROL CASAFORT 100L C 10 AZ"
"24113";"SC LIXO ROL CASAFORT 15L C 40  AZ"
"24115";"SC LIXO ROL CASAFORT 30L C 20 AZL"
"24118";"SC LIXO ROL CASAFORT 50L C 20 PT"
"24123";"SC LIXO ROL DOBRASIL 15L C 40 AZ"
"24128";"SC LIXO ROL DOBRASIL PERF 15L C 50"
"24138";"SC PANOSUL ALVEJADO 48X63CM R 14"
"24140";"SC PANOSUL SUPER ALV BCO 39X65 R 10"
"24141";"SC PANOSUL SUPER SORT 55X65CM R 17"
"2467";"SELETA LEGUMES FUGINI SH 170G"
"2469";"SELETA LEGUMES ODERICH LT 200G"
"38895";"SEM FELTRIN HORTALICA FEIJAO DYNAMO"
"39091";"SERUM CORP DOVE PRO RETINOL 250ML"
"38829";"SERUM GARNIER LIMP VITAMINA C 100G"
"8145";"SH ANTIC CLEAR 200ML MEN CONTR ALIV COC"
"8149";"SH ANTIC CLEAR 200ML MEN LIMPEZA PROFUND"
"8151";"SH ANTIC CLEAR 200ML WOMEN HIDRATACAO INT"
"8159";"SH ANTIC CLEAR L400P330 ICE COOL MENTHO"
"4893";"SH ANTIC CLEAR L400P330 LIM DIAR 2 1"
"8152";"SH ANTIC CLEAR LV200ML PG170ML MEN ICE COOL MENTHO"
"24309";"SH COTTONBABY SNOOPY 200ML GOTAS CAMOMILA"
"24310";"SH COTTONBABY SNOOPY 200ML TOQUE ALGODAO"
"10239";"SH DARLING 2EM1 350ML"
"24311";"SH DARLING 2X1 650ML"
"10240";"SH DARLING 350ML CERAMIDAS"
"10241";"SH DARLING 350ML TILIA"
"39029";"SH DARLING CACHOS 315ML"
"24314";"SH DARLING DETOX 350ML"
"38625";"SH DOVE NUTRI E TRI OLEOS 370ML"
"8207";"SH ELSEVE 200ML CACHOS DOS SONH"
"8208";"SH ELSEVE 200ML COLORVIVE"
"8210";"SH ELSEVE 200ML GLYCOLIC GLOSS"
"8211";"SH ELSEVE 200ML HIALURONICO"
"8214";"SH ELSEVE 200ML LISO SONHOS E"
"8209";"SH ELSEVE 200ML LONGO DOS SONHO"
"8215";"SH ELSEVE 200ML OLEO EXTR NUTRI"
"8216";"SH ELSEVE 200ML PURE HIALURONIC"
"8218";"SH ELSEVE 200ML RT5 REPARACAO"
"10258";"SH ELSEVE LONGO DOS SONHOS 400ML"
"10268";"SH ELSEVE REP TTL 5 400ML"
"8224";"SH HEAD SHOULDERS 200ML ANT COCEIRA"
"8232";"SH HEAD SHOULDERS 200ML PREV QUEDA"
"24329";"SH HEAD SHOULDERS 400ML HIDRATACAO"
"8242";"SH JAY LUC 1L BLIND QUERATINA"
"8243";"SH JAY LUC 1L CEREMIDAS S SAL"
"8245";"SH JAY LUC 1L MICELAR"
"10277";"SH JAYLUC PLUS C VALVULA 1L PROTEINA LEITE"
"8256";"SH MONANGE 325ML LISOS TE QUERO"
"8259";"SH NEUTROX 300G CLASSICO"
"24336";"SH NEUTROX 300ML SOL MAR PISC"
"8263";"SH PALMOLIVE 350ML ACIDO HIALURONIC"
"24340";"SH PALMOLIVE 650ML NATURALS CERAM"
"24341";"SH PALMOLIVE 650ML NEUTRO LIMP"
"8286";"SH PANTENE 175ML COLAGENO"
"8288";"SH PANTENE 175ML EQUIL ALGA MAR"
"8290";"SH PANTENE 175ML HIDRATACAO"
"8292";"SH PANTENE 175ML LISO EXTREMO"
"8294";"SH PANTENE 175ML RESTAURACAO PRO"
"8296";"SH PANTENE 200ML BAMBU"
"8299";"SH PANTENE 300ML BIOTINAMINA"
"8301";"SH PANTENE 300ML QUERATINA"
"8306";"SH PANTENE 400ML HIDRATACAO"
"8308";"SH PANTENE 400ML LISO EXTREMO"
"8330";"SH SEDA 300ML JUNTINHOS CRESPOS"
"8331";"SH SEDA 300ML JUNTINHOS TODOS OS TIPOS"
"35788";"SH SEDA 300ML TOQUE DE SEDA"
"8339";"SH SEDA 325ML CACHOS DEFINID"
"8352";"SH SEDA 325ML CERAMIDAS"
"8345";"SH SEDA 325ML LISO PERFEITO"
"8350";"SH SEDA 325ML PRETOS LUMINOSO"
"33705";"SH SEDA 425ML CERAMIDAS"
"33707";"SH SEDA 425ML COCO RESTAURA"
"33702";"SH SEDA 425ML PRETO LUMINOSOS"
"24358";"SH SEDA ANT CASP HIDRATACAO DIARIA 325ML"
"39094";"SH SEDA MEGA CRESCIMENTO 300ML"
"8380";"SH TRESEMME 400ML HIDRAT PROFUN"
"8383";"SH TRESEMME 400ML TRESPLEX"
"8397";"SH VINI LADY 325ML BRILHO INTENSO"
"8398";"SH VINI LADY 325ML COCO"
"8405";"SH VINI LADY 325ML LISO INTENSO"
"8407";"SH VINI LADY 325ML ONDAS E CACHOS"
"8408";"SH VINI LADY 325ML PRETO ABSOLUTO"
"8403";"SH VINI LADY 330ML KIDS MAGIA DO UNICOR"
"24379";"SIDRA GOTA DE PRATA 660ML"
"24381";"SIDRA GOTA PRATA 660ML ROSE"
"24380";"SIDRA GOTA PRATA S ALC 660ML BRANCA"
"8442";"SILICONE DESTAQUE AERO 400ML LAVANDA"
"10309";"SILICONE DESTAQUE GEL 250G LAVANDA"
"8441";"SILICONE DESTAQUE GEL 250G V8"
"8444";"SILICONE GEL JIMO 200G BISNAGA"
"8445";"SILICONE GEL JIMO 200G BISNAGA LAVANDA"
"10311";"SILICONE JIMO GEL 200G MARINE"
"36326";"SODA CAUSTICA ESCAMA SODABEL 1KG"
"3433";"SOPA CARNE MAGGI 63G CONCHINHAS"
"3431";"SOPA GALINHA MAGGI 60G FIDELINI"
"3440";"SOPAO APTI 180G CARNE MACARRAO LEGUM"
"3442";"SOPAO APTI 180G FEIJAO MACARRAO"
"3443";"SOPAO APTI 180G GALINHA VEGET"
"3455";"SOPAO MAGGI 150G GALINHA LEGUMES"
"3452";"SOPAO MAGGI 200G CARNE LEGUMES"
"3450";"SOPAO MAGGI 200G CARNE PANELA"
"3447";"SOPAO MAGGI 200G COSTELA LEGUMES"
"3449";"SOPAO MAGGI 200G GALINHA CAIPIRA"
"3453";"SOPAO MAGGI 200G GALINHA LEGUMES"
"719";"SUCO AURORA INTEGRAL TINTO TP 1 5L UVA"
"24484";"SUCO CBS 200ML PESSEGO MISTO"
"34753";"SUCO DE UVA TREBOM PET 1 35L"
"34754";"SUCO DE UVA TREBOM VD 1 5L"
"643";"SUCO DEL VALLE FRUT PET 1 5L FRUTAS CITRICAS"
"3868";"SUCO DEL VALLE FRUT PET 1 5L LIMAO"
"646";"SUCO DEL VALLE FRUT PET 1 5L UVA"
"728";"SUCO GARIBALDI INTEGRAL VD 1 5L UVA UVA BRANCO"
"659";"SUCO KAPO TP 200ML ABACAXI"
"660";"SUCO KAPO TP 200ML FRUTAS CITRICAS"
"661";"SUCO KAPO TP 200ML LARANJA"
"662";"SUCO KAPO TP 200ML MACA"
"34951";"SUCO KAPO TP 200ML MELANCIA"
"663";"SUCO KAPO TP 200ML MORANGO"
"664";"SUCO KAPO TP 200ML UVA"
"684";"SUCO MAGUARY CONCENTRADO PET 500ML MARACUJA"
"670";"SUCO MAGUARY TP 1L ABACAXI"
"672";"SUCO MAGUARY TP 1L CAJU"
"677";"SUCO MAGUARY TP 1L LARANJA"
"675";"SUCO MAGUARY TP 1L LARANJA LIGHT"
"678";"SUCO MAGUARY TP 1L MACA"
"679";"SUCO MAGUARY TP 1L MARACUJA"
"680";"SUCO MAGUARY TP 1L MORANGO"
"682";"SUCO MAGUARY TP 1L UVA"
"3838";"SUCO MAGUARY TP 1L UVA BX CALORIA"
"24497";"SUCO NECTAR CBS PESSEGO MISTO 1 L"
"704";"SUCO NECTAR CBS TP 1L ABACAXI"
"706";"SUCO NECTAR CBS TP 1L LARANJA"
"708";"SUCO NECTAR CBS TP 1L MORANGO"
"709";"SUCO NECTAR CBS TP 1L UVA"
"698";"SUCO NECTAR CBS TP 200ML ABACAXI"
"700";"SUCO NECTAR CBS TP 200ML LARANJA"
"702";"SUCO NECTAR CBS TP 200ML MORANGO"
"703";"SUCO NECTAR CBS TP 200ML UVA"
"24498";"SUCO NECTAR TRADICAO MISTO PET 1 5L UVA MACA"
"4348";"TALCO BARUEL TENYS PE 100G PO WOMAN"
"8561";"TALCO VINI LADY 200G BABY LAVANDA"
"24620";"TAP HIG MR DRY C 7 60X60G"
"24641";"TCO P PES AMAZONIA 100G FRESH"
"24643";"TCO P PES AMAZONIA 100G MENTOLADO"
"24644";"TCO P PES AMAZONIA 100G SPORT"
"24645";"TCO P PES AMAZONIA 100G WOMAN"
"10024";"TCO POLVILHO ANT GRANADO 100G FRESH"
"10026";"TCO POLVILHO ANT GRANADO 100G PINK"
"24649";"TCO POLVILHO ANT GRANADO 100G TRAD"
"3751";"TEMP ARISCO 300G ALHO SAL"
"3686";"TEMP BICARBONATO SODIO APTI 100G"
"3475";"TEMP COLORIFICO APTI 100G"
"3749";"TEMP COMPLETO ARISCO 300G C PIMENTA"
"3750";"TEMP COMPLETO ARISCO 300G S PIMENTA"
"3671";"TEMP COMPLETO NEILAR 250G C PIMENTA"
"3669";"TEMP COMPLETO NEILAR 250G S PIMENTA"
"3703";"TEMP COMPLETO NEILAR 500G C PIMENTA"
"1012";"TEMP COMPLETO ODERICH 1KG C PIMENTA"
"1014";"TEMP COMPLETO ODERICH 1KG S PIMENTA"
"3676";"TEMP COMPLETO ODERICH 300G C PIMENTA"
"3677";"TEMP COMPLETO ODERICH 300G S PIMENTA"
"1015";"TEMP EXTREMO SABOR 1 01K ALHO E SAL"
"1017";"TEMP EXTREMO SABOR 1 01K C PIMENTA"
"1018";"TEMP EXTREMO SABOR 1 01K GALETO"
"1021";"TEMP EXTREMO SABOR 1 01K S PIMENTA"
"3753";"TEMP MAGGI 120G FONDOR"
"3752";"TEMP MAGGI 120G GRIL"
"38838";"TEMP MAGGI A FRYER MANTEIGA 110G"
"3691";"TEMP MAGGI MEU SEGREDO 49G 7 VEGETAIS"
"38788";"TEMP MAGGI TEMP EMPANA PAPRICA 60G"
"38791";"TEMP MAGGI TEMP EMPANA PARMESAO"
"3674";"TEMP MAGGI TEMPERO E SABOR 50G CARNES"
"3683";"TEMP ODERICH 300G ALHO SAL"
"3681";"TEMP ODERICH 300G AVES"
"38772";"TEMPE ADOBO ALHO TOP FEST 40G"
"1734";"TETA NEGA BEL C 50"
"8600";"TINT COR E TON CAST CLR 5 0"
"8601";"TINT COR E TON CAST ESC 3 0"
"8603";"TINT COR E TON CAST MEDIO 4 0"
"8604";"TINT COR E TON CHOC 6 7"
"8610";"TINT COR E TON LOUR MED 7 0"
"8611";"TINT COR E TON LOURO CL 8 0"
"8613";"TINT COR E TON LOURO CZ M 7 1"
"8615";"TINT COR E TON LOURO ESC 6 0"
"8622";"TINT COR E TON PRETO 2 0"
"8621";"TINT COR E TON PTO AZULADO 1 0"
"24820";"TINTURA BELAECOR 147G 4 66 VERM PROF"
"10400";"TINTURA CORTON 8 1 LOU CIN CLA"
"8635";"TIRA MANC VANISH GEL 1 2L MULTIUSO"
"8643";"TIRA MANCHA VANISH 450ML RESOLV"
"24984";"TOAL SOCIAL PANOSUL 23X38CM"
"24988";"TOAL UMED COTTONBABY C 50"
"24994";"TOALHA UMED HUPPY C 120"
"38760";"TOALHA UMED JOHNSONS SUAVE C 44"
"25000";"TOALHINHA KIDS 25X25CM"
"8677";"TOALHINHA UMED MILI LOVE CARE 100UN"
"8679";"TOALHINHA UMED NATURAL BABY 100UN"
"33010";"TOM PELADO SALSARETTI LT 400G"
"2471";"TOMATE SECO CONSERVA JUREIA VD 200G"
"1644";"TORRADA BAUDUCCO 142G MULTIGRAOS"
"1645";"TORRADA BAUDUCCO 284G TRAD"
"1640";"TORRADA ISABELA 142G INTEGRAL"
"1641";"TORRADA ISABELA 142G LIGHT"
"1639";"TORRADA ISABELA 142G MULTIGRAO"
"1638";"TORRADA ISABELA 142G TRAD"
"1636";"TORRADA VISCONTI 120G TRAD"
"2449";"TRIGO P KIBE JUREIA 500G"
"1977";"TURRON Y MANI ARCOR 25G"
"25114";"VAS TROPICAL M USO"
"8701";"VASSOURA BETTANIN IDEAL CANTOS 1692"
"8702";"VASSOURA BETTANIN NOVICA RF167"
"25105";"VASSOURA DONA DA CASA C CABO"
"25106";"VASSOURA JARDINEIRA S CABO"
"8714";"VELA SANDERIANA BRANCA 265G"
"8716";"VELA SANDERO 235G N SENHORA APARE"
"8718";"VELA SANDERO 235G SAO JORGE"
"25406";"VELA SANDERO C 8  N4 VM/BR"
"25402";"VELA SANDERO C 8 N2 ROSA"
"25403";"VELA SANDERO C 8 N4 BCA"
"35994";"VELA SANDERO N 4 AMARELA"
"38753";"VELA SANDERO N04 C8 VERDE"
"8721";"VELA SANDERO N1 BRANCA 8UN 80G"
"8722";"VELA SANDERO N2 8UN 112G AZUL"
"8725";"VELA SANDERO N4 8UN 144G ST N SRA APARECIDA"
"8726";"VELA SANDERO N4 8UN 144G ST SANTO EXPEDITO"
"8727";"VELA SANDERO N4 8UN 144G ST SAO JORGE"
"8728";"VELA SANDERO N4 8UN 144G ST SAO JOSE"
"35813";"VELA SANDERO STO ANTONIO N7 8UN"
"25407";"VELA SANDERO T 7 DIAS AMARELA"
"25408";"VELA SANDERO T 7 DIAS AZUL"
"25409";"VELA SANDERO T 7 DIAS VERDE/BCA/VM"
"25410";"VELA SANDERO T 7 DIAS VERM"
"36000";"VELA SENDERO DOS ANJOS C 7"
"25412";"VELA SENDERO N7 SAG CORAC M"
"138";"VH ARBO CABERNET 750ML"
"148";"VH ARBO MARSELAN SC 750ML"
"146";"VH ARBO MERLOT 750ML"
"150";"VH ARBO TANNAT SC 750ML"
"168";"VH AURORA COLH TARDIA BCO 500ML"
"203";"VH CANCAO BCO 750ML SV"
"25424";"VH CANCAO BORDO SUAVE 750ML SC"
"25425";"VH CANCAO BORDO SUAVE 750ML SV"
"205";"VH CANCAO TINTO 750ML SC"
"206";"VH CANCAO TINTO 750ML SV"
"214";"VH COUNTRY WINE BCO 750ML SC"
"215";"VH COUNTRY WINE BCO 750ML SV"
"218";"VH COUNTRY WINE BORDO 750ML SC"
"220";"VH COUNTRY WINE BORDO 750ML SV"
"238";"VH DEL GRANO GOLD TINTO 750ML DEMI SEC"
"239";"VH DEL GRANO GOLD TINTO 750ML SC"
"240";"VH DEL GRANO GOLD TINTO 750ML SV"
"249";"VH DEL GRANO TINTO 1 48L SC"
"265";"VH JOTA PE BCO 750ML SV"
"561";"VH JOTA PE BORDO 750ML SC"
"560";"VH JOTA PE BORDO 750ML SV"
"267";"VH JOTA PE TINTO 750ML SC"
"268";"VH JOTA PE TINTO 750ML SV"
"25434";"VH JP BCO SECO TRAD 1 5L"
"272";"VH MARCUS JAMES MERLOT 750ML"
"273";"VH MARCUS JAMES TANNAT 750ML"
"276";"VH QUINTA CARVALHO BCO 750ML SC"
"277";"VH QUINTA CARVALHO BCO 750ML SV"
"304";"VH SANGUE BOI TINTO 4L SV"
"307";"VH TRADICAO NIAGARA BCO 1 4L SC"
"308";"VH TRADICAO NIAGARA BCO 1 4L SV"
"310";"VH TRADICAO TINTO 1 4L SC"
"311";"VH TRADICAO TINTO 1 4L SV"
"3769";"VINAGRE ALCOOL KOLLER 500ML"
"3773";"VINAGRE ALCOOL KOLLER 500ML UVA"
"3772";"VINAGRE ALCOOL KOLLER 750ML"
"34825";"VINAGRE ALCOOL KOLLER 750ML AROMAT LIMAO"
"3768";"VINAGRE ALCOOL ROSINA 750ML"
"3777";"VINAGRE ARROZ KOLLER 500ML"
"3797";"VINAGRE BALSAMICO ROSINA 500ML TINTO"
"3782";"VINAGRE MACA KOLLER 500ML"
"3783";"VINAGRE MACA KOLLER 750ML"
"3778";"VINAGRE MACA ROSINA 750ML"
"3792";"VINAGRE VINHO KOLLER 500ML BRANCO"
"3790";"VINAGRE VINHO KOLLER 500ML TINTO"
"3795";"VINAGRE VINHO KOLLER 750ML TINTO"
"3786";"VINAGRE VINHO ROSINA 750ML BRANCO"
"3784";"VINAGRE VINHO ROSINA 750ML TINTO"
"8748";"VINHO CONCHA Y TORO 750ML ROSE"
"8755";"VINHO JOTA PE 1 5L TTO SUAVE"
"25457";"VINHO PINHEIRENSE 870ML"
"3071";"VITAMINA VITAMINE 400G MORANGO"
"617";"VODKA INTENCION LT 473ML"
"614";"VODKA INTENCION PET 900ML"
"33728";"VODKA NINNOFF PET 870ML"
"33782";"VODKA NINNOFF VD 900ML LEMON"
"33783";"VODKA NINNOFF VD 900ML RED"
"10467";"VODKA POPOKELVIS VD 900ML"
"625";"VODKA RAJSKA VD 1L"
"636";"VODKA VOLCOF VD 900ML"
"33723";"VODKA WE MIX LN 275ML FRUTAS VERDES"
"33724";"VODKA WE MIX LN 275ML MORANGO E KIWI"
"1677";"WAFER AMANDITA 200G CREME C CACAU"
"38693";"WAFER ATREVIDOS SABORES 80G"
"1671";"WAFER BAUDUCCO 140G CHOC"
"1669";"WAFER BAUDUCCO 140G CHOC AVELA"
"1648";"WAFER GIRASSOL 60G CHOC"
"1649";"WAFER GIRASSOL 60G LIMAO"
"1647";"WAFER GIRASSOL 60G MORANGO"
"1674";"WAFER ISABELA CHOCKS 100 8G CHOC"
"1675";"WAFER ISABELA CHOCKS 100 8G CHOC BRANCO"
"1949";"WAFER MINUETO ROLINHO 40G CHOC"
"1667";"WAFER NESTLE 110G NEGRESCO"
"25484";"WAFER ORQUIDEA 100G CHOC"
"33170";"WAFER ORQUIDEA 100G CHOC BCO"
"25485";"WAFER ORQUIDEA 100G CHOC CROC"
"1652";"WAFER PARATI MINUETO 81G BRIGADEIRO"
"1650";"WAFER PARATI MINUETO 81G CHOC"
"1654";"WAFER PARATI MINUETO 81G CHOC AVELA"
"1651";"WAFER PARATI MINUETO 81G CHOC BAUNILHA"
"1653";"WAFER PARATI MINUETO 81G LIMAO"
"1655";"WAFER PARATI MINUETO 81G MORANGO"
"1656";"WAFFER ISABELA 100G CHOC"
"1661";"WAFFER ISABELA 100G CHOC BRANCO"
"1658";"WAFFER ISABELA 100G CHOC SUICO"
"1657";"WAFFER ISABELA 100G DOCE DE LEITE"
"1659";"WAFFER ISABELA 100G MORANGO"
"638";"WHISKY BLACK STONE 1L"
"640";"WHISKY BLEND SEVEN 1L"
"648";"WHISKY MASTER GOLD VD 900ML"
"";"TOTAL: 2963 linhas"
