"Código Produto";"Produto";"CGO";"Quantidade";"Valor Bruto";"Valor Liquido"
"409";"A EXCLUIR ITENS FARDO ACAI COCO";"800";"59,000";"618,91";"532,91"
"450";"A EXCLUIR ITENS FARDO COLA";"800";"6,000";"44,94";"44,94"
"449";"A EXCLUIR ITENS FARDO COLA CAFE";"800";"2,000";"14,98";"14,98"
"414";"A EXCLUIR ITENS FARDO GUAR MARACUJA";"800";"39,000";"409,11";"402,11"
"488";"A EXCLUIR ITENS FARDO MELANCIA S A";"800";"7,000";"38,43";"38,43"
"33971";"A EXCLUIR ITENS FARDO RIO PUNCH";"800";"236,000";"2.205,24";"2.124,84"
"10480";"ABACATE AVOCADO KG";"800";"1,202";"24,99";"24,99"
"10479";"ABACATE KG";"800";"5.172,860";"35.282,57";"35.263,02"
"10481";"ABACAXI CORTADO KG";"800";"3,873";"45,47";"45,47"
"12134";"ABACAXI MARIZA FOODS 400G RODELAS";"800";"132,000";"2.955,48";"2.942,87"
"2251";"ABACAXI ODERICH 400G RODELAS";"800";"33,000";"1.016,07";"1.016,07"
"38532";"ABACAXI PICADO KG";"800";"1,894";"56,63";"56,63"
"12136";"ABACAXI TRIANGULO RODELA 400G";"800";"44,000";"880,47";"880,47"
"10482";"ABACAXI UN PEROLA";"800";"6.958,000";"50.015,42";"49.935,59"
"10487";"ABOBORA DOCE CORTADA";"800";"150,940";"1.370,26";"1.370,26"
"10486";"ABOBORA DOCE KG";"800";"409,656";"3.103,98";"3.103,98"
"10488";"ABOBORA GOMO COMUM KG";"800";"651,375";"2.448,62";"2.448,62"
"10489";"ABOBORA GOMO CORTADA";"800";"112,946";"420,09";"420,09"
"10492";"ABOBORA ITALIA CONSERVA";"800";"0,932";"34,01";"34,01"
"10490";"ABOBORA ITALIA KG";"800";"3.660,740";"17.310,05";"16.780,39"
"10493";"ABOBORA TRONCO KG";"800";"718,761";"5.932,61";"5.932,10"
"12142";"ABR GFA C SACA ROLHA EM CASA TEM";"800";"13,000";"103,87";"103,87"
"12143";"ABR GFA GOLD";"800";"2,000";"9,98";"9,98"
"12146";"ABR GFA LATA  INOX ORIG";"800";"5,000";"14,95";"14,95"
"12148";"ABR GFA LATA SILVER";"800";"1,000";"3,99";"3,99"
"12153";"ABR SACA ROLHA VINHO METAL";"800";"7,000";"83,93";"83,93"
"12154";"ABRAC NYLON BCO 2,5X100MM C/100";"800";"1,000";"4,99";"4,99"
"12155";"ABRAC NYLON BCO 2,5X150MM C/80";"800";"1,000";"4,99";"4,99"
"12156";"ABRAC NYLON BCO 2,5X200MM C/60";"800";"5,000";"24,95";"24,95"
"12158";"ABRAC P MANGUEIRA GAS ";"800";"8,000";"80,43";"80,43"
"35188";"ABRIDOR GARRAFA 14CM C SACA ROLHA";"800";"1,000";"16,99";"16,99"
"38099";"ABRIDOR GARRAFA PLAST METAL 5PCS";"800";"42,000";"839,58";"839,58"
"36906";"ABRIDOR LATA GARRAFA CASA ONZE INOX";"800";"1,000";"16,99";"16,99"
"37563";"ABRIDOR LT E GFA INOX 9CM";"800";"21,000";"83,79";"83,79"
"3880";"ABS ALWAYS 32UN BASICO M SECA C ABAS";"800";"39,000";"895,41";"895,41"
"3881";"ABS ALWAYS 32UN BASICO M SUAVE C ABAS";"800";"95,000";"2.193,65";"2.193,65"
"3882";"ABS ALWAYS 8UN BASICO P SECA C ABAS";"800";"145,000";"983,27";"983,27"
"3883";"ABS ALWAYS 8UN BASICO P SUAVE C ABAS";"800";"166,000";"1.124,18";"1.124,18"
"12160";"ABS ALWAYS SUP PROT SECA C AB C 16";"800";"56,000";"745,64";"745,64"
"3885";"ABS C ABAS ALWAYS 16UN BASICA SUAVE";"800";"44,000";"574,29";"574,29"
"3886";"ABS C ABAS ALWAYS 8UN NOITE SUAV XG";"800";"30,000";"542,88";"542,88"
"3887";"ABS C ABAS ALWAYS 8UN NOTURNO SUAVE";"800";"25,000";"345,21";"345,21"
"3888";"ABS C ABAS ALWAYS LV PG 32UN NOTUR";"800";"24,000";"1.146,43";"1.146,43"
"3890";"ABS C ABAS ALWAYS LV16PG14 AC S NOT";"800";"52,000";"1.313,92";"1.313,92"
"3889";"ABS C ABAS ALWAYS LV16PG14 NOT SUAV";"800";"34,000";"867,91";"867,91"
"3891";"ABS C ABAS ALWAYS LV32PG26 NOT SUAV";"800";"12,000";"587,88";"587,88"
"3892";"ABS C ABAS ALWAYS LV8PG7 PT T SE NO";"800";"9,000";"126,82";"126,82"
"3893";"ABS C ABAS DIA NOITE 32 UN SUAVE";"800";"183,000";"5.048,97";"5.048,97"
"3895";"ABS C ABAS INTIMUS 16UN NOTURNO SUAVE";"800";"66,000";"1.589,94";"1.589,94"
"3898";"ABS C ABAS INTIMUS 8UN NORMAL SECA";"800";"170,000";"1.628,60";"1.628,60"
"3900";"ABS C ABAS INTIMUS 8UN NORMAL SUAVE";"800";"110,000";"1.033,50";"1.033,50"
"3897";"ABS C ABAS INTIMUS 8UN NOTURNO SECA";"800";"1,000";"13,99";"13,99"
"3899";"ABS C ABAS INTIMUS 8UN NOTURNO SUAVE";"800";"14,000";"195,86";"195,86"
"3901";"ABS C ABAS INTIMUS LV16PG14 SECA";"800";"77,000";"1.061,83";"1.061,83"
"3902";"ABS C ABAS INTIMUS LV16PG14 SUAVE";"800";"108,000";"1.489,32";"1.489,32"
"3903";"ABS C ABAS MILI DIA NOITE C 16 UN SUAVE";"800";"232,000";"3.083,28";"3.083,28"
"3905";"ABS C ABAS S LIVRE 32UN ADAPT SUAVE";"800";"179,000";"3.757,21";"3.445,20"
"3906";"ABS C ABAS S LIVRE 8UN ADAP PLUS SV";"800";"70,000";"566,30";"559,80"
"3907";"ABS C ABAS S LIVRE 8UN NOTURNO SV";"800";"46,000";"625,14";"625,14"
"3908";"ABS C ABAS S LIVRE 8UN SV ADAPT";"800";"128,000";"792,32";"792,32"
"3909";"ABS C ABAS S LIVRE L16PG14 ADAPT";"800";"363,000";"4.134,57";"4.053,37"
"3910";"ABS C ABAS S LIVRE LV PG 32UN NOTUR";"800";"27,000";"1.171,53";"1.171,53"
"3911";"ABS C ABAS S LIVRE LV8PG7 AD SUAVE";"800";"1.192,000";"5.232,88";"5.232,38"
"8784";"ABS CAREFREE NEUTRALIZE 15UN";"800";"24,000";"283,56";"283,56"
"12162";"ABS CAREFREE PROT DIA S PERF C 15";"800";"15,000";"180,36";"180,36"
"12164";"ABS CAREFREE PROT S PERF C 40";"800";"6,000";"117,00";"117,00"
"12178";"ABS COTTONBABY SUAVE C ABAS C 8";"800";"268,000";"1.256,92";"1.256,92"
"12177";"ABS COTTONBABY SUAVE NOT C ABA C 8 C ABAS";"800";"68,000";"563,72";"562,92"
"12179";"ABS COTTONBABY SUAVE S ABAS C 8";"800";"227,000";"1.041,93";"1.041,93"
"12168";"ABS DEFINITY C ABAS C 8";"800";"1.572,000";"3.914,28";"3.914,28"
"12169";"ABS DEFINITY S ABAS C 8";"800";"424,000";"1.121,84";"1.121,84"
"12166";"ABS DIARIO COTTONBABY C 15 S PERF";"800";"215,000";"1.030,97";"1.030,97"
"12173";"ABS GERIAMAX POS PARTO OPERAT C 20";"800";"139,000";"2.634,97";"2.626,97"
"3913";"ABS INTERNO INTIMUS 8UN MD MODERADO";"800";"4,000";"75,96";"75,96"
"3914";"ABS INTERNO INTIMUS 8UN SUPER INTENSO";"800";"20,000";"384,35";"384,35"
"12174";"ABS INTERNO INTIMUS MINI L16P15";"800";"8,000";"247,47";"247,47"
"12175";"ABS INTERNO INTIMUS SUPER L16P15";"800";"30,000";"914,70";"914,70"
"3916";"ABS INTERNO OB LV10 PG8 MEDIO";"800";"32,000";"550,08";"545,88"
"3917";"ABS INTERNO OB LV10 PG8 SUPER";"800";"36,000";"618,84";"597,84"
"33228";"ABS INTERNO OB PROMO C 16 MEDIO";"800";"2,000";"51,18";"51,18"
"33229";"ABS INTERNO OB PROMO C 16 SUPER";"800";"1,000";"25,59";"25,59"
"8787";"ABS INTIMUS INTERNO MD LV16 PG15UN";"800";"16,000";"497,96";"497,96"
"8789";"ABS MILI COB C ABAS SV 8UN";"800";"1.376,000";"6.683,14";"6.377,64"
"33363";"ABS MILI CONFORT TOTAL C ABAS C 32";"800";"37,000";"802,53";"798,95"
"12180";"ABS MILI CONFORTO TOT C ABAS 8UN";"800";"282,000";"1.660,98";"1.660,98"
"33366";"ABS MILI DUO C ABAS C8";"800";"42,000";"364,98";"364,98"
"12181";"ABS MILI MULHER CONFORTO TOT C ABAS C 16UN";"800";"213,000";"2.404,77";"2.404,77"
"33364";"ABS MILI NOT DISCRETO C ABAS";"800";"93,000";"1.384,77";"1.384,77"
"33365";"ABS MILI NOT ULTRA C ABAS C 8";"800";"219,000";"2.034,51";"2.033,91"
"8791";"ABS MILI NOTURNO C ABAS 8UN";"800";"593,000";"5.255,07";"5.255,07"
"8792";"ABS MILI NOTURNO SAUVE C ABAS 32UN";"800";"167,000";"5.466,73";"5.466,73"
"3904";"ABS MILI PROT TOTAL 16UN C ABAS SUAVE";"800";"742,000";"7.334,18";"7.334,18"
"12183";"ABS MILI SUAVE PROT TOT C ABAS C 32";"800";"259,000";"4.905,81";"4.905,81"
"35584";"ABS PARTO OPERATORIO MAX POS C 20";"800";"20,000";"291,80";"291,80"
"35645";"ABS PARTO OPERATORIO MAX POS C10";"800";"72,000";"553,68";"553,68"
"3918";"ABS S ABAS INTIMUS 8UN NORMAL SECA";"800";"72,000";"683,38";"683,38"
"3919";"ABS S ABAS INTIMUS 8UN NORMAL SUAVE";"800";"88,000";"822,52";"822,52"
"3920";"ABS S ABAS S LIVRE 8UN ADAPT SV";"800";"107,000";"662,33";"662,33"
"8793";"ABS SEMPRE LIVRE NOT C ABAS L16P14";"800";"39,000";"1.001,91";"1.001,91"
"12188";"ABS SEMPRE LIVRE NOT SECA C/ABAS C/8";"800";"16,000";"234,80";"234,80"
"10495";"ACELGA";"800";"10,000";"29,80";"29,80"
"10512";"ACEM E PESCOCO C OSSO BOV RESF KG AGULHA BDJ";"800";"2.772,471";"74.050,23";"74.030,57"
"10513";"ACEM E PESCOCO C OSSO BOV RESF KG AGULHA C OSSO";"800";"22.699,604";"579.683,26";"579.514,40"
"10514";"ACEM E PESCOCO C OSSO BOV RESF KG AGULHA CENTR BD";"800";"2.741,572";"101.069,04";"101.011,85"
"10496";"ACEM FRIBOI PORC KG";"800";"424,734";"16.157,39";"13.559,74"
"10497";"ACEM FRIBOI PORC KG BDJ";"800";"23,024";"766,36";"766,36"
"35442";"ACEM MATURATTA SHORT RIB CONG KG";"800";"1,536";"92,15";"92,15"
"25556";"ACEM RESERVA S OSSO KG BDJ";"800";"290,392";"12.324,35";"11.757,49"
"10716";"ACEM RESERVA S OSSO KG BIFE CACAROLA";"800";"8,994";"422,61";"422,61"
"34528";"ACEM RESERVA S OSSO KG CARNE CACAROLA";"800";"1,058";"51,83";"51,83"
"10498";"ACEM RESERVA S OSSO KG CUBOS";"800";"6,546";"314,14";"314,14"
"10500";"ACEM RESERVA S OSSO KG MOIDO";"800";"2.168,623";"89.794,28";"85.714,62"
"10501";"ACEM RESERVA S OSSO KG PEDACO";"848";"1.468,000";"46.212,64";"46.212,64"
"10501";"ACEM RESERVA S OSSO KG PEDACO";"800";"560,008";"25.812,72";"20.444,90"
"12192";"ACENDEDOR BIC MEGA LIGHTER";"800";"3,000";"86,37";"86,37"
"33645";"ACENDEDOR FOGAO MET PLAS 22CM A PEDRA";"800";"1,000";"9,99";"9,99"
"12193";"ACENDEDOR HANDY BIC";"800";"12,000";"261,48";"261,48"
"12194";"ACENDEDOR P FOGAO FLAME PREMIUM ";"800";"12,000";"155,88";"155,88"
"12195";"ACENDEDOR PARANA BASTAO ECOLOGICO";"800";"193,000";"1.464,87";"1.462,87"
"8799";"ACENDEDOR PARANA GEL 480G ";"800";"243,000";"2.670,57";"2.670,57"
"12196";"ACENDEDOR PARANA SOLID0 100G";"800";"73,000";"636,27";"636,27"
"12197";"ACENDEDOR REACH BIC";"800";"37,000";"758,13";"754,33"
"3932";"ACENDEDOR SANDERO 16G FOGO";"800";"117,000";"728,83";"728,83"
"2967";"ACHOC APTI PT 210G ZERO";"800";"20,000";"459,80";"459,80"
"2928";"ACHOC LIQ ELEGE 1L BOB ESPONJA";"800";"346,000";"2.972,14";"2.972,14"
"2925";"ACHOC LIQ ITALAC 1L";"800";"617,000";"3.510,73";"3.510,73"
"2911";"ACHOC LIQ ITALAC 200ML";"800";"16.470,000";"21.246,30";"21.246,30"
"2913";"ACHOC LIQ NESCAU 180ML ACTIC GO";"800";"3.463,000";"8.969,17";"8.969,17"
"2915";"ACHOC LIQ NESCAU 180ML ZERO LACTOSE";"800";"409,000";"1.222,91";"1.222,91"
"2916";"ACHOC LIQ NESQUIK 180ML MORANGO";"800";"531,000";"1.587,69";"1.587,69"
"2923";"ACHOC LIQ SHOWKINHO 1L";"800";"1.197,000";"5.973,03";"5.973,03"
"2909";"ACHOC LIQ SHOWKINHO 200ML";"800";"21.798,000";"29.882,82";"27.840,92"
"2920";"ACHOC LIQ TODDYNHO 200ML";"800";"3.030,000";"8.866,50";"8.252,70"
"2919";"ACHOC LIQ TODDYNHO 200ML LEVINHO";"800";"501,000";"1.463,79";"1.373,19"
"2935";"ACHOC NESCAU LT 670G";"800";"240,000";"6.093,60";"6.093,60"
"2934";"ACHOC NESQUIK LT 380G MORANGO";"800";"197,000";"3.681,93";"3.681,93"
"10505";"ACHOC NESTLE ALPINO";"800";"93,000";"465,00";"465,00"
"10507";"ACHOC NESTLE NESCAU";"800";"23,000";"91,77";"91,77"
"34294";"ACHOC PO 3C LT 350G CHOCOLATTO";"800";"2.061,000";"23.008,41";"21.362,88"
"2950";"ACHOC PO 3C SH 560G CHOCOLATTO";"800";"711,000";"12.466,09";"11.675,29"
"2942";"ACHOC PO APTI SH 200G";"800";"1.053,000";"4.412,07";"4.412,07"
"2946";"ACHOC PO APTI SH 400G MORANGO";"800";"157,000";"1.369,03";"1.369,03"
"2953";"ACHOC PO APTI SH 700G INSTANT POWER";"800";"726,000";"11.899,14";"11.899,14"
"2944";"ACHOC PO CBS SH 400G SUPERCAU";"800";"351,000";"4.208,49";"4.108,20"
"2944";"ACHOC PO CBS SH 400G SUPERCAU";"810";"4,000";"47,96";"47,96"
"2939";"ACHOC PO CHOKILAR SH 200G";"800";"1.181,000";"5.184,59";"5.184,59"
"12216";"ACHOC PO NESCAU LT 350G";"800";"4.737,000";"56.462,43";"54.594,42"
"33258";"ACHOC PO NESCAU LT 350G 33PCT MENOS ACU";"800";"252,000";"3.057,48";"3.057,48"
"12217";"ACHOC PO NESCAU LT P330G L350G";"800";"1,000";"10,99";"10,99"
"783";"ACHOC PO NESCAU SH 2 01KG";"800";"1,000";"29,90";"29,90"
"2956";"ACHOC PO NESCAU SH 550G ACTIV GO";"800";"275,000";"6.514,75";"6.514,75"
"2958";"ACHOC PO NESCAU SH 730G ACTIV GO";"800";"406,000";"10.876,74";"10.875,94"
"33293";"ACHOC PO NESCAU SH L550G P500G";"800";"41,000";"819,59";"819,59"
"2959";"ACHOC PO TODDY SH 1 8KG MAIS ECONOMICA";"800";"96,000";"4.079,04";"4.079,04"
"2949";"ACHOC PO TODDY SH 480G";"800";"868,000";"12.562,48";"11.068,83"
"2954";"ACHOC PO TODDY SH 700G";"800";"457,000";"8.221,43";"8.216,34"
"2960";"ACHOC TODDY PT 370G ORIGINAL";"800";"4.580,000";"51.163,14";"44.399,38"
"2969";"ACHOC TODDY PT 750G ORIGINAL MAIS ECONOMICA";"800";"176,000";"4.433,44";"4.433,44"
"2777";"ACUCAR CONFEITEIRO CBS 500G";"800";"67,000";"669,33";"669,33"
"12228";"ACUCAR CRISTAL DOCESUCAR 5KG";"800";"1.255,000";"21.322,45";"21.322,45"
"746";"ACUCAR CRISTAL GASPARIN 1KG";"800";"9.866,000";"38.411,34";"36.642,34"
"746";"ACUCAR CRISTAL GASPARIN 1KG";"810";"4,000";"15,96";"15,96"
"747";"ACUCAR CRISTAL GASPARIN 2KG";"800";"14.480,000";"101.395,53";"94.879,49"
"750";"ACUCAR CRISTAL GASPARIN 5KG";"800";"13.824,000";"227.813,26";"201.150,87"
"750";"ACUCAR CRISTAL GASPARIN 5KG";"810";"4,000";"69,46";"69,46"
"757";"ACUCAR CRISTAL SAO JOAO 1KG";"800";"957,000";"4.428,43";"4.428,43"
"760";"ACUCAR CRISTAL SAO JOAO 2KG";"800";"1.087,000";"8.895,93";"8.895,93"
"760";"ACUCAR CRISTAL SAO JOAO 2KG";"810";"4,000";"32,76";"32,76"
"763";"ACUCAR CRISTAL SAO JOAO 5KG";"800";"847,000";"15.879,27";"15.879,27"
"777";"ACUCAR CRISTAL UNIAO ORGAN 1KG";"800";"2,000";"13,38";"13,38"
"12233";"ACUCAR DEMERARA GASPARIN 1KG";"800";"673,000";"3.954,95";"3.954,95"
"2974";"ACUCAR DEMERARA UNIAO 1KG";"800";"428,000";"2.820,52";"2.820,52"
"3041";"ACUCAR MAGRO LIGHT 400G";"800";"95,000";"1.336,33";"1.336,33"
"3049";"ACUCAR MAGRO LIGHT C STEVIA 400G";"800";"58,000";"1.041,81";"1.041,81"
"2991";"ACUCAR MASCAVO CBS 500G";"800";"177,000";"1.343,43";"1.343,43"
"33213";"ACUCAR MASCAVO GASPARIN 1KG";"800";"293,000";"2.927,07";"2.927,07"
"35707";"ACUCAR MASCAVO GASPARIN 500G";"800";"10,000";"50,90";"50,90"
"2982";"ACUCAR MASCAVO ST ANTONIO 500G";"800";"172,000";"1.494,68";"1.494,68"
"2986";"ACUCAR MASCAVO STO ANTONIO 400G ORGANICO";"800";"116,000";"1.077,64";"1.077,64"
"12237";"ACUCAR REFINADO GASPARIN 1KG";"800";"4.087,000";"16.697,33";"15.571,53"
"36652";"ACUCAREIRO WELLMIX PLAST WX7097";"800";"1,000";"22,99";"22,99"
"33463";"ADITIVO RADIADOR BARDAHL 1L";"800";"26,000";"389,74";"389,74"
"33972";"ADITIVO RADIADOR MIL MILHAS 1L RS";"800";"69,000";"574,51";"574,51"
"12254";"ADITIVO RADIADOR TECBRIL 1L AZL";"800";"44,000";"492,36";"492,36"
"12255";"ADITIVO RADIADOR TECBRIL 1L RSA";"800";"29,000";"510,11";"510,11"
"12256";"ADITIVO RADIADOR TECBRIL 1L RSA";"800";"95,000";"1.063,05";"1.063,05"
"12257";"ADITIVO RADIADOR TECBRIL 1L VDE";"800";"25,000";"279,75";"279,75"
"36404";"ADITIVO RADIADOR TECBRIL MONT 1L";"800";"12,000";"202,68";"185,58"
"36820";"ADITIVO RADIADOR TECBRIL MONT 1L AZ";"800";"3,000";"29,97";"29,97"
"2996";"ADOCANTE ADOCYL 100ML";"800";"591,000";"3.126,39";"3.126,39"
"3019";"ADOCANTE ADOCYL 200ML";"800";"294,000";"2.878,26";"2.878,26"
"3029";"ADOCANTE ADOCYL STEVIA 80ML";"800";"32,000";"319,68";"319,68"
"3001";"ADOCANTE LOWCUCAR DIET 100ML TRAD";"800";"100,000";"559,00";"559,00"
"3010";"ADOCANTE LOWCUCAR DIET 200ML TRAD";"800";"53,000";"561,27";"557,27"
"3004";"ADOCANTE LOWCUCAR MAGRO DIET 100ML";"800";"111,000";"664,89";"664,89"
"3052";"ADOCANTE LOWCUCAR SOSTEVIA 65ML";"800";"41,000";"1.057,39";"1.057,39"
"3016";"ADOCANTE MAGRO 200ML";"800";"83,000";"862,00";"862,00"
"3021";"ADOCANTE MAGRO DIET C STEVIA 65ML";"800";"60,000";"617,40";"617,40"
"3013";"ADOCANTE MAGRO DIET SUCRALOSE 65ML";"800";"59,000";"578,01";"578,01"
"3024";"ADOCANTE ZERO CAL 100ML";"800";"272,000";"2.590,58";"2.590,58"
"3046";"ADOCANTE ZERO CAL 200ML";"800";"173,000";"2.835,47";"2.833,57"
"8805";"AERO JIMO MATA BARATAS 300ML";"800";"22,000";"404,80";"404,80"
"12269";"AFIADOR FACAS SILVER";"800";"5,000";"59,95";"59,95"
"10509";"AGRIAO EMB ";"800";"32,000";"144,00";"144,00"
"10510";"AGRIAO HIDROPON EST DA FIGUEIRA";"800";"384,000";"1.647,36";"1.647,36"
"10508";"AGRIAO UN";"800";"2,000";"9,98";"9,98"
"3938";"AGUA COCO DUCOCO TP 1L";"800";"58,000";"985,42";"985,42"
"952";"AGUA COCO DUCOCO TP 200ML";"800";"194,000";"883,28";"883,28"
"954";"AGUA COCO KERO COCO TP 1L";"800";"135,000";"2.564,20";"2.564,20"
"956";"AGUA COCO KERO COCO TP 200ML";"800";"153,000";"510,95";"480,15"
"12272";"AGUA COLONIA POMPOM 100G";"800";"21,000";"209,79";"209,79"
"59";"AGUA GASEIFICADA CRYSTAL PET 510ML FRUTAS VERMELHA";"800";"307,000";"995,29";"946,65"
"60";"AGUA GASEIFICADA CRYSTAL PET 510ML LIMAO";"800";"356,000";"1.153,64";"1.056,98"
"62";"AGUA GASEIFICADA CRYSTAL PET 510ML MELANCIA";"800";"163,000";"528,17";"502,07"
"57";"AGUA GASEIFICADA CRYSTAL PET 510ML SPARK";"800";"100,000";"323,54";"305,80"
"3939";"AGUA MICELAR DIHELLEN 150ML ";"800";"1,000";"16,90";"16,90"
"3940";"AGUA MICELAR LOREAL 200ML HIALURON";"800";"1,000";"61,69";"61,69"
"12";"AGUA MIN AGUA DA PEDRA PET 1 5L S GAS";"800";"321,000";"1.282,39";"1.282,39"
"13";"AGUA MIN CRYSTAL PET 1 5L C GAS";"800";"789,000";"3.410,55";"3.333,57"
"16";"AGUA MIN CRYSTAL PET 1 5L S GAS";"800";"1.033,000";"4.611,73";"4.541,91"
"36";"AGUA MIN CRYSTAL PET 500ML C GAS";"800";"6.331,000";"12.557,99";"12.340,69"
"43";"AGUA MIN CRYSTAL PET 500ML S GAS";"800";"6.222,000";"11.709,88";"11.602,38"
"51";"AGUA MIN CRYSTAL PET 5L S GAS";"800";"516,000";"4.822,44";"4.822,44"
"54";"AGUA MIN DA PEDRA LT 350ML ABACAXI E HORTE";"800";"87,000";"261,63";"261,63"
"12273";"AGUA MIN DA PEDRA LT 350ML BER CAPIM LIM";"800";"64,000";"194,06";"194,06"
"12274";"AGUA MIN DA PEDRA LT 350ML BLUEBER LIM";"800";"87,000";"263,43";"263,43"
"55";"AGUA MIN DA PEDRA LT 350ML FTAS VRM";"800";"66,000";"199,44";"199,44"
"56";"AGUA MIN DA PEDRA LT 350ML LIM E ALE";"800";"84,000";"253,48";"253,48"
"12275";"AGUA MIN DA PEDRA LT 350ML PESSEGO";"800";"109,000";"330,41";"330,41"
"25";"AGUA MIN DA PEDRA PET 2L C GAS";"800";"385,000";"2.125,05";"2.125,05"
"66";"AGUA MIN DA PEDRA PET 350ML C GAS";"800";"202,000";"364,88";"364,88"
"67";"AGUA MIN DA PEDRA PET 350ML S GAS";"800";"151,000";"255,19";"255,19"
"34";"AGUA MIN DA PEDRA PET 500ML C GAS";"800";"5.017,000";"8.993,23";"8.993,23"
"35";"AGUA MIN DA PEDRA PET 500ML S GAS";"800";"3.638,000";"6.151,22";"6.151,22"
"50";"AGUA MIN DA PEDRA PET 5L S GAS";"800";"1.237,000";"9.644,23";"9.644,23"
"68";"AGUA MIN FLORESTA ATIVA SQ 710ML S GAS";"800";"60,000";"348,20";"348,20"
"48";"AGUA MIN FLORESTA PET 500ML C GAS";"800";"131.156,000";"129.676,06";"115.568,40"
"49";"AGUA MIN FLORESTA PET 500ML S GAS";"800";"68.030,000";"64.877,30";"59.550,92"
"52";"AGUA MIN FLORESTA PET 5L S GAS";"800";"3.309,000";"19.264,41";"19.263,11"
"37956";"AGUA MIN FONTE DA MATA 500ML C GAS";"800";"4.993,000";"4.943,07";"4.943,07"
"53";"AGUA MIN SARANDI 5L S GAS";"800";"705,000";"4.253,25";"4.253,24"
"74";"AGUA MIN SARANDI CP 200ML S GAS";"800";"257,000";"229,99";"229,99"
"73";"AGUA MIN SARANDI FITTING PET 510ML S GAS";"800";"67,000";"259,13";"259,13"
"32";"AGUA MIN SARANDI PET 2L C GAS";"800";"757,000";"3.629,41";"3.629,41"
"33";"AGUA MIN SARANDI PET 2L S GAS";"800";"645,000";"2.896,31";"2.896,31"
"12278";"AGUA OXIG BUTTERF 20V 100ML";"800";"39,000";"146,63";"146,63"
"12279";"AGUA OXIG BUTTERF 30V 100ML";"800";"45,000";"185,25";"185,25"
"12280";"AGUA OXIG BUTTERF 40V 100ML";"800";"87,000";"358,63";"358,63"
"6828";"AGUA SABORIZ H2OH 500ML LIMONETO";"800";"511,000";"2.502,55";"2.389,57"
"14";"AGUA SABORIZ H2OH PET 1 5L LIMAO";"800";"278,000";"2.409,08";"2.365,13"
"15";"AGUA SABORIZ H2OH PET 1 5L LIMONETO";"800";"263,000";"2.254,52";"2.187,68"
"78";"AGUA SABORIZ H2OH PET 500ML LIMAO";"800";"373,000";"1.830,89";"1.731,63"
"8806";"AGUA SANIT GIRANDO SOL 2L";"800";"683,000";"4.231,27";"4.231,27"
"3948";"AGUA SANIT GOTA LIMPA 1L";"800";"2.334,000";"10.246,26";"10.246,26"
"12288";"AGUA SANIT GOTA LIMPA 2L";"800";"1,000";"5,25";"5,25"
"12289";"AGUA SANIT IMPERIAL 1L";"800";"826,000";"2.307,74";"2.307,74"
"12290";"AGUA SANIT IMPERIAL 2L";"800";"165,000";"1.103,85";"1.103,85"
"12291";"AGUA SANIT IMPERIAL 5L";"800";"506,000";"5.179,44";"4.880,44"
"3950";"AGUA SANIT Q BOA 1L";"800";"847,000";"4.972,65";"4.972,65"
"3951";"AGUA SANIT Q BOA 2L";"800";"671,000";"5.813,63";"5.813,63"
"3952";"AGUA SANIT Q BOA 5L";"800";"405,000";"7.417,90";"7.415,90"
"3953";"AGUA SANIT YPE 1L";"800";"1.108,000";"6.082,92";"6.082,92"
"3953";"AGUA SANIT YPE 1L";"810";"2,000";"10,98";"10,98"
"3954";"AGUA SANIT YPE 2L";"800";"600,000";"5.466,68";"5.466,68"
"3954";"AGUA SANIT YPE 2L";"810";"2,000";"17,98";"17,98"
"12293";"AGUA SANIT ZAVASKI 5L";"800";"523,000";"8.307,17";"8.307,17"
"37433";"AGUA SANITARIA SUPREMA 1 L";"800";"5.128,000";"17.359,50";"16.923,91"
"37437";"AGUA SANITARIA SUPREMA 2 L";"800";"1.881,000";"11.605,29";"10.731,69"
"37429";"AGUA SANITARIA SUPREMA 5 L";"800";"2.632,000";"29.467,98";"27.456,49"
"81";"AGUA TONICA ANTARCTICA LT 350ML";"800";"326,000";"1.236,74";"1.236,74"
"80";"AGUA TONICA ANTARCTICA LT 350ML ZR";"800";"140,000";"531,20";"531,20"
"83";"AGUA TONICA ANTARCTICA PET 1L ZR";"800";"159,000";"1.250,21";"1.250,21"
"82";"AGUA TONICA ANTARTICA PET 1L";"800";"108,000";"844,92";"844,92"
"84";"AGUA TONICA FRUKI LT 350ML";"800";"103,000";"308,13";"308,13"
"18";"AGUA TONICA FRUKI PET 1 5L";"800";"174,000";"1.010,26";"905,08"
"3955";"AGUA TONICA FYS LT 350ML";"800";"43,000";"123,65";"123,65"
"12294";"AGUA TONICA QUININO 1 5L ZERO";"800";"52,000";"316,86";"316,86"
"12295";"AGUA TONICA QUININO 350ML ZERO";"800";"43,000";"137,09";"137,09"
"88";"AGUA TONICA SARANDI LT 350ML";"800";"36,000";"107,96";"107,96"
"871";"AGUA TONICA SCHWEPPES LT 350ML";"800";"203,000";"642,37";"597,87"
"90";"AGUA TONICA SCHWEPPES LT 350ML SA";"800";"149,000";"495,01";"484,21"
"385";"AGUARD 51 965ML";"800";"775,000";"13.295,56";"13.295,56"
"413";"AGUARD KIKANA PET 790ML";"800";"1.947,000";"12.753,39";"12.750,39"
"411";"AGUARD KIKANA VD 580ML";"800";"516,000";"2.881,14";"2.881,14"
"418";"AGUARD TAIMBE PET 900ML";"800";"119,000";"1.179,21";"1.179,21"
"366";"AGUARD VELHO BARREIRO 910ML CAFE";"800";"34,000";"1.624,76";"1.616,76"
"367";"AGUARD VELHO BARREIRO 910ML GOLD";"800";"141,000";"3.984,52";"3.963,48"
"374";"AGUARD VELHO BARREIRO 910ML LIMAO";"800";"74,000";"2.447,57";"2.437,66"
"422";"AGUARD VELHO BARREIRO VD 600ML";"800";"285,000";"4.383,76";"4.383,76"
"424";"AGUARD VELHO BARREIRO VD 910ML ADOC";"800";"1.488,000";"27.254,15";"27.151,68"
"12297";"AGULHA P FOGAO 2 ";"800";"47,000";"234,53";"234,53"
"12298";"AGULHAS CROCHE C 4PC 2 3 4 5 MM ";"800";"8,000";"159,92";"159,92"
"10516";"AIPIM CORTADO";"800";"35,839";"258,51";"258,51"
"38503";"AIPIM DESCASCADO PCT 1KG";"800";"17,000";"339,66";"339,66"
"10517";"AIPIM FRACION VACUO S CASCA";"800";"0,244";"4,88";"4,88"
"3961";"AIPIM HENICKA DESC VACUO CONG 1KG";"800";"3.598,000";"34.987,60";"34.967,42"
"10515";"AIPIM KG";"800";"23.419,533";"85.327,82";"83.902,78"
"3762";"AJI SAL 1KG P CHURRASCO";"800";"70,000";"1.399,30";"1.399,30"
"38189";"ALBUM BROCHURA FIFA WORLD CUP 2026";"800";"60,000";"1.494,00";"1.494,00"
"12304";"ALCA PANELA 6 5CM DEIA ID0243A ";"800";"3,000";"29,97";"29,97"
"2318";"ALCAPARRAS CONSERVA JUREIA 200G";"800";"2,000";"36,49";"36,49"
"2316";"ALCAPARRAS UNIAGRO GOUMERT SH 80G";"800";"13,000";"137,67";"137,67"
"10655";"ALCATRA S OSSO KG BABY BEEF";"800";"40,370";"2.292,64";"2.292,64"
"10657";"ALCATRA S OSSO KG BABY BEEF PORC";"800";"5,584";"338,31";"338,31"
"10521";"ALCATRA S OSSO KG BIFE";"800";"575,041";"34.012,02";"32.056,08"
"10777";"ALCATRA S OSSO KG BOMBOM ALCATRA";"800";"38,300";"2.335,92";"2.335,92"
"10526";"ALCATRA S OSSO KG CARN STROGONOFF";"800";"100,198";"5.690,32";"5.690,32"
"10523";"ALCATRA S OSSO KG ESPECIAL";"800";"1,082";"60,91";"60,91"
"10520";"ALCATRA S OSSO KG MOIDA";"800";"18,921";"961,02";"961,02"
"10525";"ALCATRA S OSSO KG PEDACO";"800";"183,713";"10.074,26";"10.006,83"
"3964";"ALCOOL 46 COPERALCOOL 1L TRAD";"800";"320,000";"4.668,80";"4.668,80"
"3971";"ALCOOL 46 SUPER VALE 1L";"800";"508,000";"3.449,32";"3.449,32"
"12308";"ALCOOL ARAUCARIA 46 1L";"800";"639,000";"6.845,31";"6.749,91"
"12309";"ALCOOL ARAUCARIA 46 500ML";"800";"787,000";"4.652,63";"4.534,63"
"35696";"ALCOOL COPERALCOOL 500ML TRADICIONAL";"800";"388,000";"4.108,92";"4.108,92"
"3966";"ALCOOL GEL 70 SUPER VALE 450G";"800";"203,000";"2.117,57";"2.114,87"
"3967";"ALCOOL GEL DA ILHA 480G ";"800";"66,000";"850,74";"850,74"
"3969";"ALCOOL GEL SUPER VALE 450G";"800";"369,000";"3.059,01";"3.059,01"
"12323";"ALCOOL SUPER VALE 46 1L LAVANDA";"800";"234,000";"2.255,16";"2.250,36"
"10533";"ALFACE AMERICANA EST DA FIGUEIRA";"800";"93,000";"650,07";"650,07"
"10535";"ALFACE HIDROPON EST DA FIGUEIRA";"800";"10.712,000";"44.257,18";"44.257,18"
"10538";"ALFACE HIDROPONICA OURO VERDE SAO BORJA";"800";"135,000";"538,65";"538,65"
"10536";"ALFACE HIDROPONICA SAO BORJA UN";"800";"2.652,000";"12.146,16";"12.137,31"
"10532";"ALFACE UN ITAQUI";"800";"1.836,000";"6.711,56";"6.711,56"
"10530";"ALFACE UN QUARAI";"800";"12,000";"47,88";"47,88"
"36940";"ALFACE UN URUGUAIANA";"800";"22.067,000";"79.096,79";"79.096,79"
"1058";"ALFAJOR EL AGUILA 60G CHOC";"800";"1.620,000";"6.251,80";"6.163,80"
"1059";"ALFAJOR EL AGUILA 60G CHOC BRANCO";"800";"1.177,000";"4.558,23";"4.534,23"
"10541";"ALFAJOR KG";"800";"7,634";"272,47";"272,47"
"1060";"ALFAJOR PANINE 320G DOCE LEITE";"800";"37,000";"772,93";"772,93"
"12324";"ALFAJOR PANINE 540G";"800";"23,000";"622,37";"619,57"
"36481";"ALFAJOR SABORES 40G";"800";"126,000";"376,74";"376,74"
"12326";"ALG BOLA COTTONBABY 50G BCO";"800";"66,000";"738,54";"738,54"
"12327";"ALG DISCO COTTONBABY 50UN DISCO C 50";"800";"49,000";"803,86";"803,86"
"12328";"ALG ROLO COTTONBABY 25G";"800";"440,000";"2.447,70";"2.447,70"
"12331";"ALGICIDA BEL PISCINAS 1L ";"800";"3,000";"76,77";"76,77"
"10546";"ALHO 100G";"800";"2.979,000";"13.673,85";"13.671,26"
"36699";"ALHO 200G";"800";"695,000";"4.851,10";"4.851,10"
"36438";"ALHO ALHOSTIN 100G";"800";"72,000";"330,48";"330,48"
"3720";"ALHO EM PASTA ALHOSTIN 200G";"800";"144,000";"986,24";"986,24"
"10544";"ALHO KG";"800";"3.024,287";"80.137,15";"80.132,13"
"10544";"ALHO KG";"810";"0,404";"10,90";"10,90"
"38288";"ALHO KG BA";"800";"0,574";"11,47";"11,47"
"3757";"ALHO PICADO ALHOSTIN 1 01KG";"800";"220,000";"2.747,18";"2.747,18"
"3722";"ALHO PICADO ALHOSTIN 200G";"800";"367,000";"2.507,67";"2.507,67"
"10545";"ALHO PORO UN";"800";"772,000";"3.775,08";"3.775,08"
"12336";"ALIC CUTICULA C PINCA INOX BASIC";"800";"37,000";"332,63";"332,63"
"12348";"ALIC CUTICULA INOX COLORS BASIC";"800";"42,000";"419,58";"419,58"
"12349";"ALIC CUTICULA INOX SAFIRA";"800";"35,000";"594,65";"594,65"
"12343";"ALIC CUTICULA SAFIRA INOX";"800";"42,000";"1.007,58";"1.007,58"
"12344";"ALIC CUTICULA+CORT UNHAS";"800";"1,000";"13,99";"13,99"
"12350";"ALIC CUTICULAS+PINCA DECORADA";"800";"1,000";"13,99";"13,99"
"3977";"ALIM CAO ALP 1KG AD CAR FG CER VEG";"800";"84,000";"1.368,36";"1.368,36"
"3978";"ALIM CAO ALPO 1KG FI CAR FG CER VEG LEITE";"800";"109,000";"1.819,81";"1.819,81"
"3976";"ALIM CAO ALPO AD 10 1KG CAR FGO CER VEG";"800";"5,000";"663,45";"652,75"
"3979";"ALIM CAO BIFFE 10 1KG CARNE";"800";"1,000";"76,79";"76,79"
"3988";"ALIM CAO DOG CHOW 1KG ADUL CAR FR A RACA MED GRAN";"800";"1,000";"27,50";"27,50"
"3989";"ALIM CAO DOG CHOW 1KG ADUL CAR FR A RACA PEQ";"800";"1,000";"25,99";"25,99"
"3990";"ALIM CAO DOG CHOW100G SACHE TOD TAM AD RA PEQ CARN";"800";"875,000";"2.718,65";"2.631,05"
"3992";"ALIM CAO DOG CHOW100G SACHE TOD TAM AD RA PEQ FRAN";"800";"406,000";"1.233,64";"1.211,64"
"3993";"ALIM CAO DOG CHOW100G SACHE TOD TAM AD RA PEQ SALM";"800";"425,000";"1.310,95";"1.272,55"
"3994";"ALIM CAO DOG CHOW100G SACHE TOD TAM CARNE ADULTO";"800";"804,000";"2.519,36";"2.413,76"
"3995";"ALIM CAO DOG CHOW100G SACHE TOD TAM CORDEIRO ADULT";"800";"992,000";"3.102,98";"2.970,38"
"3996";"ALIM CAO DOG CHOW100G SACHE TOD TAM FI RA PEQ FRAN";"800";"438,000";"1.359,52";"1.318,72"
"3997";"ALIM CAO DOG CHOW100G SACHE TOD TAM FILHO TD CARNE";"800";"815,000";"2.496,21";"2.444,61"
"3998";"ALIM CAO DOG CHOW100G SACHE TOD TAM FRANGO ADULTO";"800";"642,000";"1.990,12";"1.919,92"
"4002";"ALIM CAO FOSTER 1KG RACA P M";"800";"1,000";"17,50";"17,50"
"7213";"ALIM CAO NHOCK SUPRA 10 1KG";"800";"1,000";"85,99";"85,99"
"4005";"ALIM CAO NHOCK SUPRA 10 1KG MINI";"800";"7,000";"656,99";"656,99"
"4025";"ALIM CAO PEDIGREE 900G CARNE FGO";"800";"66,000";"1.319,34";"1.319,34"
"4026";"ALIM CAO PEDIGREE 900G CARNE VEGETAIS";"800";"57,000";"1.139,43";"1.139,43"
"4027";"ALIM CAO PEDIGREE 900G MED GR FILH";"800";"82,000";"1.639,18";"1.639,18"
"4030";"ALIM CAO PEDIGREE 900G RAC PEQ";"800";"144,000";"2.878,56";"2.878,56"
"4034";"ALIM CAO PURINA BONZO 10 1KG ADULTO CARNE E CEREAI";"800";"3,000";"419,70";"419,70"
"4037";"ALIM CAO SAPECA SUPRA 1KG ADULTO";"800";"13,000";"233,43";"233,43"
"4038";"ALIM CAO SAPECA SUPRA 1KG PEQ RACAS";"800";"39,000";"729,04";"729,04"
"4039";"ALIM GATO BIFFE CAT 1KG ESPECIAL";"800";"166,000";"2.720,74";"2.720,74"
"4044";"ALIM GATO FRISKIES 85G ATUM AO MOLHO";"800";"235,000";"702,65";"702,65"
"4045";"ALIM GATO FRISKIES 85G CARNE AO MOLHO";"800";"1.936,000";"5.974,14";"5.806,14"
"4046";"ALIM GATO FRISKIES 85G CORDEIR AO MOLH";"800";"1.485,000";"4.611,15";"4.463,65"
"4047";"ALIM GATO FRISKIES 85G FILHO CARN MOLH";"800";"828,000";"2.482,72";"2.480,62"
"4048";"ALIM GATO FRISKIES 85G FRANGO MOLHO";"800";"1.649,000";"5.018,31";"4.928,11"
"4051";"ALIM GATO FRISKIES 85G PEIXE BRANCO";"800";"1.197,000";"3.696,83";"3.600,83"
"4052";"ALIM GATO FRISKIES 85G PERU AO MOLHO";"800";"1.341,000";"4.158,79";"4.012,29"
"4053";"ALIM GATO FRISKIES 85G SALMAO AO MOLHO";"800";"1.321,000";"4.036,49";"3.962,99"
"4065";"ALIM GATO SNOW CAT 1KG CASTRADO PERU";"800";"38,000";"911,42";"911,42"
"4066";"ALIM GATO SNOW CAT 1KG FILHOTE LEITE M";"800";"24,000";"575,76";"575,76"
"4067";"ALIM GATO SNOW CAT 1KG SABORES DO MAR";"800";"69,000";"1.323,01";"1.320,91"
"4068";"ALIM GATO SNOW CAT 1KG SALMAO C MARAC";"800";"13,000";"311,87";"311,87"
"4075";"ALIM GATO WHISKAS 40G TEMPTATIONS ANTI BOLA PELO";"800";"67,000";"747,12";"747,12"
"4076";"ALIM GATO WHISKAS 40G TEMPTATIONS PELO SAUDAVEL";"800";"45,000";"499,08";"499,08"
"4095";"ALIM GATO WHISKAS 900G MP NATUREZA FRANGO";"800";"2,000";"71,89";"71,89"
"4103";"ALIM P COELH FUNNY BUNNY SUPRA 500G DELICIAS DA HO";"800";"14,000";"194,60";"194,60"
"8829";"ALIM TARTARUGA ALCON 11G";"800";"1,000";"36,90";"36,90"
"8828";"ALIM TARTARUGA ALCON GAMMARUS 7G";"800";"3,000";"65,67";"65,67"
"12373";"ALIMADOR CAJOVIL INF";"800";"1,000";"43,90";"43,90"
"12375";"ALIMADOR SIL UNICA ROSA";"800";"1,000";"16,99";"16,99"
"33443";"ALIMENT INFANTIL FRUTA LEGUME";"800";"6,000";"83,94";"83,94"
"10548";"ALM RADICHE HIDR EST DA FIGUEIRA";"800";"322,000";"1.381,38";"1.381,38"
"34513";"ALMONDEGA MONTANA PERDIGAO 500G";"800";"35,000";"888,65";"888,65"
"2290";"ALMONDEGA ODERICH 420G";"800";"4,000";"52,80";"52,80"
"12381";"ALVEJ AQUAFAST 5L S CLORO";"800";"68,000";"2.651,32";"2.651,32"
"8837";"ALVEJ AQUAFAST S CLORO 2L";"800";"146,000";"2.305,57";"2.305,57"
"34844";"ALVEJ BARBAREX 1L S CLORO";"800";"268,000";"1.444,52";"1.444,52"
"34845";"ALVEJ BARBAREX 2L S CLORO";"800";"309,000";"2.376,21";"2.376,21"
"34846";"ALVEJ BARBAREX 5L S CLORO";"800";"146,000";"2.816,34";"2.816,34"
"4112";"ALVEJ GIRANDO SOL 1L FLORAL";"800";"65,000";"324,35";"324,35"
"4113";"ALVEJ GIRANDO SOL 1L LAVANDA";"800";"48,000";"239,52";"239,52"
"4115";"ALVEJ GIRANDO SOL 2L S CLORO";"800";"307,000";"4.356,33";"4.356,33"
"12387";"ALVEJ GOTA LIMPA MULT 2L S CLORO";"800";"181,000";"2.538,65";"2.538,65"
"7201";"ALVEJ MULTI USO VANISH 1 5L SEM CLORO";"800";"17,000";"698,93";"698,93"
"7202";"ALVEJ MULTI USO VANISH 1 5L WHITE";"800";"17,000";"720,39";"720,39"
"4116";"ALVEJ Q BOA 1L C DETERG";"800";"35,000";"186,83";"186,83"
"4117";"ALVEJ Q BOA 1L FLORAL";"800";"13,000";"72,45";"72,45"
"4118";"ALVEJ Q BOA 1L LAVANDA";"800";"31,000";"172,95";"172,95"
"8641";"ALVEJ VANISH PODER O2 450G";"800";"16,000";"563,04";"563,04"
"8642";"ALVEJ VANISH PODER O2 450G WHITE";"800";"41,000";"1.442,79";"1.442,79"
"8639";"ALVEJ VANISH PODER O2 SH 400G";"800";"55,000";"1.341,45";"1.341,45"
"8640";"ALVEJ VANISH PODER O2 SH 400G CRYSTAL WHITE";"800";"53,000";"1.292,67";"1.292,67"
"8636";"ALVEJ VANISH RF 240G OXI ACTION";"800";"38,000";"619,45";"619,45"
"8834";"ALVEJ VANISH S CLORO MULTIUSO 500ML";"800";"4,000";"63,96";"63,96"
"8835";"ALVEJ VANISH S CLORO WHITE 500ML";"800";"32,000";"524,48";"524,48"
"4119";"ALVEJ VANISH SH 500ML ROSA";"800";"129,000";"1.611,21";"1.611,21"
"4120";"ALVEJ VANISH SH 500ML WHITE";"800";"126,000";"1.573,74";"1.573,74"
"8836";"ALVEJ VANISH TIRA MAN PODER O2 120G";"800";"61,000";"517,89";"517,89"
"33287";"AMAC APYCE 5L JASMIM RSA";"800";"441,000";"5.287,59";"5.187,59"
"33286";"AMAC APYCE 5L TRAD AZL";"800";"688,000";"8.249,12";"8.181,12"
"8838";"AMAC AQUAFAST 2L ROSA JARD FLORI";"800";"166,000";"1.584,62";"1.584,62"
"8839";"AMAC AQUAFAST EMB ECON 5L ROXO MAGIA";"800";"221,000";"4.828,19";"4.476,99"
"8840";"AMAC AQUAFAST EMB ECON 5L VERM SEDUCAO";"800";"130,000";"2.647,89";"2.542,89"
"35730";"AMAC COMFORT CONC 1L SERGEDOS 48ROX";"800";"2,000";"59,78";"59,78"
"35726";"AMAC COMFORT CRISTAIS 275G ETERNO FRESCOR";"800";"16,000";"330,72";"330,72"
"35764";"AMAC COMFORT CRISTAIS 275G FLORAL";"800";"43,000";"773,57";"773,57"
"4133";"AMAC COMFORT1 5L EXPERT CARE FIBER PROT";"800";"25,000";"859,13";"852,42"
"33960";"AMAC CONC AQUAFAST 1 5L AZL HARMONIA";"800";"70,000";"1.588,30";"1.588,30"
"33961";"AMAC CONC AQUAFAST 1 5L BCO TERNURA";"800";"101,000";"2.291,69";"2.291,69"
"4137";"AMAC CONC AQUAFAST 1L HARMONIA";"800";"86,000";"1.727,40";"1.727,40"
"4138";"AMAC CONC AQUAFAST 1L MISTERIO";"800";"37,000";"737,30";"737,30"
"4139";"AMAC CONC AQUAFAST 1L TERNURA";"800";"80,000";"1.569,12";"1.569,12"
"4164";"AMAC CONC COMFORT 1 5L CUIDADO ESSEN";"800";"22,000";"739,15";"722,84"
"4142";"AMAC CONC COMFORT 1L CUIDADO ESSENC";"800";"59,000";"1.640,73";"1.590,69"
"4143";"AMAC CONC COMFORT 1L FIBER PROT GLAM";"800";"47,000";"1.321,64";"1.315,64"
"4146";"AMAC CONC COMFORT 1L PURO CUIDADO";"800";"44,000";"1.222,29";"1.198,78"
"4147";"AMAC CONC COMFORT 400ML RF FRESCOR INTENSO";"800";"325,000";"2.500,35";"2.500,35"
"4151";"AMAC CONC COMFORT 500ML BRISA ELEGANT";"800";"25,000";"488,51";"488,51"
"4148";"AMAC CONC COMFORT 500ML HYDRA SERUM";"800";"6,000";"112,74";"112,74"
"4153";"AMAC CONC COMFORT 500ML PURO CUIDADO";"800";"17,000";"337,40";"311,29"
"4157";"AMAC CONC COMFORT 900ML INT CUID E DOYP";"800";"31,000";"651,15";"651,15"
"4159";"AMAC CONC COMFORT 900ML PUR CUI ORG DOY";"800";"37,000";"813,30";"813,30"
"4156";"AMAC CONC COMFORT 900ML RF BRISA ELEGANTE";"800";"47,000";"1.001,55";"974,94"
"4158";"AMAC CONC COMFORT 900ML RF LAVANDA";"800";"18,000";"374,22";"348,72"
"4160";"AMAC CONC COMFORT L500P400ML CUIDADO ESSENC";"800";"84,000";"1.283,73";"1.274,09"
"4162";"AMAC CONC COMFORT L500P400ML PURO CUIDADO";"800";"5,000";"74,95";"74,95"
"35122";"AMAC CONC DOWNY 1 5L TROPICAL";"800";"251,000";"8.670,79";"6.501,39"
"35121";"AMAC CONC DOWNY 1L TROPICAL";"800";"57,000";"1.415,75";"1.415,75"
"35112";"AMAC CONC DOWNY 750ML TROPICAL";"800";"336,000";"5.003,04";"5.003,04"
"4165";"AMAC CONC FOFO 500ML AMARELO CHAMEGO";"800";"11,000";"175,89";"169,19"
"4166";"AMAC CONC FOFO 500ML AZL TUDAO";"800";"112,000";"1.054,48";"1.054,48"
"4169";"AMAC CONC FOFO 500ML CHEIROSISSIMO L";"800";"10,000";"92,90";"92,90"
"4170";"AMAC CONC FOFO 500ML CHEIROSISSIMO V";"800";"29,000";"270,91";"270,91"
"4172";"AMAC CONC FOFO 900ML RF AZUL TUDAO";"800";"89,000";"1.319,56";"1.319,56"
"4174";"AMAC CONC FOFO LV500 PG400ML AZUL TUDAO";"800";"259,000";"2.279,69";"2.279,69"
"34833";"AMAC CONC YPE FR 1L LOCCIT NINF AG";"800";"13,000";"233,87";"233,87"
"34832";"AMAC CONC YPE FR 1L LOCCITAN BRESIL";"800";"24,000";"446,16";"446,16"
"4176";"AMAC DOWNY 1 5L BRISA DE VERAO";"800";"568,000";"19.886,32";"14.753,02"
"4177";"AMAC DOWNY 1 5L BRISA INTENSO";"800";"439,000";"13.677,31";"11.374,41"
"4178";"AMAC DOWNY 1 5L LIRIOS DO CAMPO";"800";"400,000";"13.640,80";"10.376,50"
"4181";"AMAC DOWNY 1L REGULAR BRISA SUAVE";"800";"113,000";"2.744,47";"2.744,47"
"4182";"AMAC DOWNY 1L REGULAR FRESCOR PRIMAV";"800";"102,000";"2.527,01";"2.527,01"
"4180";"AMAC DOWNY 1L REGULAR INTENSO BRISA";"800";"404,000";"9.806,72";"9.806,72"
"4190";"AMAC DOWNY 500ML FRES DE PRIMAVERA";"800";"171,000";"1.763,13";"1.632,13"
"4191";"AMAC DOWNY 500ML LIRIOS DO CAMPO";"800";"214,000";"2.325,97";"2.176,93"
"5712";"AMAC DOWNY 500ML MAIS INTENSO BRISA";"800";"217,000";"3.605,69";"3.555,29"
"4194";"AMAC DOWNY 750ML BRISA DE VERAO";"800";"414,000";"6.895,35";"6.895,35"
"4195";"AMAC DOWNY 750ML INTENSO";"800";"320,000";"5.252,57";"5.252,57"
"4196";"AMAC DOWNY 750ML SUAVE";"800";"275,000";"4.599,38";"4.599,38"
"4197";"AMAC DOWNY 900ML COLLECTION";"800";"25,000";"589,28";"589,28"
"4188";"AMAC DOWNY CONC 500ML BRISA DE VERAO";"800";"334,000";"3.705,05";"3.646,94"
"4189";"AMAC DOWNY CONC 500ML BRISA SUAVE";"800";"297,000";"2.928,56";"2.712,85"
"35734";"AMAC FOFO CONC 1L AZL TUDAO";"800";"72,000";"1.325,71";"1.325,71"
"4201";"AMAC GIRANDO SOL 2L AMARELO";"800";"113,000";"1.061,35";"1.061,35"
"4202";"AMAC GIRANDO SOL 2L AZUL";"800";"590,000";"5.455,68";"5.455,68"
"4203";"AMAC GIRANDO SOL 2L BRANCO";"800";"265,000";"2.459,41";"2.459,41"
"4205";"AMAC GIRANDO SOL 2L LILAS";"800";"239,000";"2.232,59";"2.232,59"
"4206";"AMAC GIRANDO SOL 2L ROSA";"800";"352,000";"3.259,98";"3.259,98"
"4207";"AMAC GIRANDO SOL 2L VERMELHO";"800";"428,000";"3.972,14";"3.972,14"
"4208";"AMAC GIRANDO SOL 5L AZUL";"800";"187,000";"4.014,22";"4.014,22"
"4210";"AMAC GIRANDO SOL 5L ROSA";"800";"222,000";"4.834,94";"4.834,94"
"12416";"AMAC GOTA LIMPA 2L DELICATA";"800";"365,000";"3.152,65";"3.147,55"
"12417";"AMAC GOTA LIMPA 2L FASCINIO";"800";"450,000";"3.460,50";"3.460,50"
"12419";"AMAC GOTA LIMPA 2L FLORATA";"800";"585,000";"4.498,65";"4.498,65"
"12420";"AMAC GOTA LIMPA 2L PETALAS";"800";"682,000";"5.244,58";"5.244,58"
"4212";"AMAC GOTA LIMPA 5L DELICATA";"800";"156,000";"3.243,24";"3.243,24"
"12418";"AMAC GOTA LIMPA 5L FASCINIO";"800";"220,000";"4.573,80";"4.573,80"
"4213";"AMAC GOTA LIMPA 5L FLORATA";"800";"171,000";"3.555,09";"3.551,89"
"4217";"AMAC YPE 2L ACONCHEGO";"800";"991,000";"9.790,99";"9.790,99"
"4215";"AMAC YPE 2L CARINHO";"800";"449,000";"4.440,61";"4.440,61"
"4216";"AMAC YPE 2L DELICADO AMOR";"800";"147,000";"1.453,83";"1.453,83"
"4218";"AMAC YPE 2L INTENSO";"800";"1.111,000";"10.965,79";"10.965,79"
"4219";"AMAC YPE 2L TERNURA";"800";"113,000";"1.117,57";"1.117,57"
"4220";"AMAC YPE 5L ACONCHEGO";"800";"311,000";"7.990,79";"7.043,19"
"25624";"AMAC YPE CONC 1L DELICADO";"800";"5,000";"109,45";"109,45"
"8846";"AMAC YPE CONC 500ML BLUE";"800";"89,000";"1.129,41";"1.129,41"
"8847";"AMAC YPE CONC 500ML PINK";"800";"83,000";"1.053,27";"1.053,27"
"8848";"AMAC YPE CONC 900ML BLUE SUP";"800";"29,000";"463,71";"463,71"
"8849";"AMAC YPE CONC 900ML PINK SUP";"800";"52,000";"831,48";"831,48"
"5697";"AMAC YPE PRO ROUPAS TECIDOS 7L";"800";"154,000";"4.279,66";"4.279,66"
"33285";"AMACIANTE APYCE 2L JASMIM ROSA";"800";"525,000";"2.987,25";"2.987,25"
"33458";"AMACIANTE APYCE 2L TRAD AZ";"800";"790,000";"4.495,10";"4.494,90"
"12391";"AMACIANTE AQUAFAST 1L SED VERM";"800";"101,000";"2.020,90";"2.020,90"
"12392";"AMACIANTE AQUAFAST 2L ENERGIA";"800";"223,000";"2.165,75";"2.163,35"
"12393";"AMACIANTE AQUAFAST 2L MANHA AZ";"800";"350,000";"3.424,38";"3.424,38"
"12394";"AMACIANTE AQUAFAST 2L ROXO MAGIA";"800";"121,000";"1.164,31";"1.164,31"
"12395";"AMACIANTE AQUAFAST 2L VERM SED";"800";"95,000";"964,93";"964,93"
"12396";"AMACIANTE AQUAFAST 5L ENER";"800";"128,000";"2.903,24";"2.543,74"
"12397";"AMACIANTE AQUAFAST 5L F MAN";"800";"171,000";"3.945,60";"3.508,10"
"12398";"AMACIANTE AQUAFAST 5L JARD FLOR";"800";"162,000";"3.595,23";"3.328,73"
"12402";"AMACIANTE CONF 500ML ORIG";"800";"7,000";"131,53";"131,53"
"33491";"AMACIANTE DOWNY 1 5L ALFAZEMA";"800";"304,000";"10.780,96";"8.151,46"
"12404";"AMACIANTE DOWNY 1 5L BRISA SUAVE";"800";"533,000";"18.399,57";"14.209,07"
"33492";"AMACIANTE DOWNY 500ML ALFAZEMA";"800";"62,000";"1.218,38";"1.165,98"
"12410";"AMACIANTE GIRANDO SOL 500ML AZUL";"800";"294,000";"3.266,83";"3.266,83"
"12411";"AMACIANTE GIRANDO SOL 500ML COCO";"800";"278,000";"3.081,76";"3.081,76"
"12412";"AMACIANTE GIRANDO SOL 500ML HIPOAL";"800";"120,000";"1.328,75";"1.328,75"
"12413";"AMACIANTE GIRANDO SOL 500ML VERM";"800";"173,000";"1.932,70";"1.932,70"
"12431";"AMACIANTE YPE 1 5L BLUE";"800";"6,000";"131,94";"131,94"
"12432";"AMACIANTE YPE 1 5L PINK";"800";"33,000";"831,27";"831,27"
"12433";"AMACIANTE YPE 1L BLUE";"800";"1,000";"18,59";"18,59"
"12435";"AMACIANTE YPE 500ML AZ ACONCHEGO";"800";"406,000";"1.822,94";"1.822,94"
"12436";"AMACIANTE YPE 500ML RS TERNURA";"800";"1,000";"4,49";"4,49"
"10553";"AMEIXA KG";"800";"1.025,105";"24.719,49";"24.709,86"
"10555";"AMEIXA UNIAGRO PTA C CAROCO KG";"800";"160,664";"6.857,21";"6.857,21"
"10556";"AMEIXA UNIAGRO PTA S CAROCO KG";"800";"312,139";"15.679,75";"15.679,75"
"12452";"AMEND BCO BELLA DICA 400G";"800";"3.688,000";"21.908,42";"20.691,02"
"10557";"AMEND C CASCA KG";"800";"191,498";"3.646,60";"3.646,60"
"3103";"AMEND ELMA CHIPS 100G S PELE";"800";"134,000";"1.191,26";"1.191,26"
"3084";"AMEND JAPONES DORI 70G SALGADO";"800";"645,000";"2.433,75";"2.430,54"
"3105";"AMEND JAPONES ELMA CHIPS 145G";"800";"249,000";"2.213,61";"2.213,61"
"3119";"AMEND MIX STO ANTONIO 270G";"800";"23,000";"591,07";"591,07"
"3101";"AMEND OVINHOS ELMA CHIPS 145G";"800";"76,000";"675,64";"675,64"
"3087";"AMEND TOR DORI 70G SALGADO";"800";"449,000";"2.105,81";"2.104,27"
"3118";"AMEND TOR EQ SAUDA S PELE 200G TEMP EQULIBRADO";"800";"3,000";"73,47";"73,47"
"3097";"AMEND TOR EQUIL SAUDA 40G S PELE TEMP SAL HIMALA";"800";"1,000";"9,99";"9,99"
"3115";"AMEND TOR STO ANTONIO 500G";"800";"241,000";"4.383,79";"4.383,79"
"3117";"AMEND TOR STO ANTONIO 500G MOIDO";"800";"54,000";"939,06";"939,06"
"12464";"AMEND TOR STO ANTONIO S PELE 200G 0G";"800";"417,000";"2.164,23";"2.164,03"
"33264";"AMEND YOKI 110G DESCASC SALGADO";"800";"36,000";"302,04";"302,04"
"2040";"AMEND YOKI 400G";"800";"254,000";"4.056,22";"4.056,22"
"33250";"AMEND YOKI DESC SALG 350G";"800";"104,000";"1.444,56";"1.444,56"
"37551";"AMEND YOKI JAPONES 120G";"800";"152,000";"1.182,18";"1.177,38"
"2973";"AMIDO MILHO APTI 200G";"800";"529,000";"2.277,71";"2.277,71"
"2979";"AMIDO MILHO APTI 500G";"800";"132,000";"1.128,78";"1.128,78"
"2975";"AMIDO MILHO KIMIMO 200G";"800";"363,000";"1.492,76";"1.491,56"
"2980";"AMIDO MILHO KIMIMO 500G";"800";"58,000";"598,52";"598,52"
"2983";"AMIDO MILHO MAISCERTA 1KG";"800";"535,000";"6.254,15";"6.252,15"
"2972";"AMIDO MILHO MAISCERTA 200G";"800";"1.657,000";"5.948,63";"5.948,63"
"2977";"AMIDO MILHO MAISCERTA 500G";"800";"757,000";"6.229,93";"6.229,93"
"2976";"AMIDO MILHO MAIZENA 200G";"800";"58,000";"515,62";"515,62"
"12470";"AMIDO MILHO MAIZENA 200P150L200";"800";"361,000";"2.100,89";"2.100,89"
"2985";"AMIDO MILHO MAIZENA 500G";"800";"33,000";"715,77";"715,77"
"12472";"AMIDO MILHO MAIZENA 500P380L500";"800";"340,000";"4.729,80";"4.729,80"
"4230";"AMPOLA PANTENE 45ML 3UN TRAT HIDRATA";"800";"5,000";"149,37";"149,37"
"4231";"AMPOLA PANTENE 45ML 3UN TRAT RESTAURA";"800";"15,000";"456,66";"456,66"
"12476";"ANCINHO METAL P/JARDIM 17,5X37CM";"800";"1,000";"18,99";"18,99"
"4233";"ANIL IMPERIAL COLMAN 44G";"800";"3,000";"89,97";"89,97"
"12479";"ANTI MOFO GOTA LIMPA 100G NEUTRO";"800";"7,000";"86,29";"86,29"
"12481";"ANTI MOFO SANI ALL 80G FLORAL";"800";"50,000";"521,78";"521,78"
"12482";"ANTI MOFO SANI ALL 80G NEUTRO";"800";"29,000";"299,43";"299,43"
"4236";"ANTIMOFO ANTITRACA SANI SOL 20G";"800";"216,000";"808,84";"808,84"
"12485";"ANZOL PESCA N10 N6 N1 ";"800";"2,000";"17,98";"17,98"
"12486";"AP 3 CARBONO PROMO C 6";"800";"24,000";"969,31";"969,31"
"12517";"AP BARBEAR BIC SOLEIL L4P3";"800";"121,000";"2.963,29";"2.963,29"
"12488";"AP BASIC C LAMINA 7 5CM";"800";"32,000";"223,68";"223,68"
"12489";"AP BIC";"800";"144,000";"2.285,66";"2.285,66"
"12490";"AP BIC 3 ACQUA";"800";"269,000";"1.880,31";"1.880,31"
"12491";"AP BIC 3 INTENSITY C 2";"800";"480,000";"3.355,20";"3.355,20"
"12492";"AP BIC COMFORT 3 BLACK NIGHT";"800";"212,000";"3.093,08";"3.091,48"
"12493";"AP BIC COMFORT 3 BLACK NIGHT C 1";"800";"447,000";"2.677,53";"2.677,53"
"12495";"AP BIC COMFORT 3 PELE NORMAL";"800";"249,000";"5.450,61";"5.445,22"
"12496";"AP BIC COMFORT 3 PELE SENS C 4 L4P3";"800";"243,000";"5.319,27";"5.311,97"
"12494";"AP BIC COMFORT3 FOR WOMEN C 2";"800";"353,000";"2.043,87";"2.043,87"
"12500";"AP BIC CONF 3 MOVEL C 2";"800";"263,000";"3.837,17";"3.837,17"
"12501";"AP BIC CONF 3 PELE NORMAL C 1";"800";"515,000";"3.084,85";"3.084,25"
"12502";"AP BIC CONF 3 PELE SENS C 1";"800";"455,000";"2.725,45";"2.725,45"
"12503";"AP BIC CONF 3 PELE SENS C 2";"800";"351,000";"5.121,09";"5.121,09"
"12504";"AP BIC CONF HYBRID FLEX3";"800";"27,000";"766,53";"766,53"
"12505";"AP BIC CONF TWIN L5 P4";"800";"176,000";"2.427,04";"2.427,04"
"36769";"AP BIC FLEX 3";"800";"1,000";"14,99";"14,99"
"12506";"AP BIC FLEX3 AZ BL2 C 2";"800";"17,000";"397,63";"397,63"
"12507";"AP BIC FLEX3 HIBRID";"800";"31,000";"932,71";"932,71"
"12508";"AP BIC FLEX3 HYBRID SENS C 5";"800";"1,000";"38,09";"38,09"
"12511";"AP BIC SENS SHAVER C 2";"800";"361,000";"1.223,79";"1.223,49"
"12512";"AP BIC SENS SHAVER L7 P5";"800";"298,000";"2.530,02";"2.527,77"
"12513";"AP BIC SOLEIL CLIC";"800";"35,000";"1.399,65";"1.399,65"
"12515";"AP BIC SOLEIL ESCAPE LAVEEUC C 3";"800";"4,000";"115,56";"115,56"
"12516";"AP BIC SOLEIL ESCAPE RSEMAG C 3";"800";"4,000";"115,16";"115,16"
"12518";"AP BIC SOLEIL RS C 1";"800";"138,000";"993,42";"993,42"
"12519";"AP BIC SOLEY TRIMER";"800";"5,000";"92,45";"92,45"
"12520";"AP BIC SOLOY RS RX NATURALS C 2";"800";"127,000";"1.983,93";"1.983,93"
"12521";"AP BIC TWIN COMFORT PELE NORMAL C 2 AZL";"800";"542,000";"3.138,18";"3.138,18"
"12522";"AP BIC TWIN COMFORT PELE SENS C 2 VRD";"800";"456,000";"2.640,24";"2.640,24"
"12523";"AP CORPO C 2";"800";"209,000";"4.268,00";"4.268,00"
"12528";"AP GILLETTE C 8 L8P6";"800";"79,000";"3.949,21";"3.949,21"
"12529";"AP GILLETTE MACH3";"800";"33,000";"1.005,69";"992,79"
"4238";"AP MACH 3 ACQUA GRIP REGULAR";"800";"224,000";"3.843,82";"3.750,89"
"4239";"AP MACH 3 ACQUA GRIP SENSITIVE";"800";"12,000";"238,80";"238,80"
"4240";"AP MACH 3 CARBONO";"800";"10,000";"339,90";"339,90"
"4241";"AP MACH 3 SENSITIVE";"800";"28,000";"1.047,18";"1.047,18"
"12536";"AP MAT INSET REFIL 45 NOITES 28ML";"800";"1,000";"20,69";"20,69"
"12535";"AP MAT INSET REFIL LIQ 45 NOITES 28ML";"800";"4,000";"98,36";"98,36"
"6161";"AP ODOR BOM AR C RF 250ML DOCE LAVANDA";"800";"4,000";"307,60";"307,60"
"4244";"AP PRESTOBARBA 3 2UN FEM";"800";"87,000";"1.999,42";"1.942,89"
"4245";"AP PRESTOBARBA 3 2UN ICE";"800";"118,000";"2.761,37";"2.756,37"
"4246";"AP PRESTOBARBA 3 2UN MASC";"800";"127,000";"2.923,70";"2.841,98"
"4247";"AP PRESTOBARBA 3 2UN SENSE CARE";"800";"227,000";"5.283,22";"5.267,82"
"4250";"AP PRESTOBARBA 3 CHAMPIONS UN";"800";"10,000";"65,90";"65,90"
"4251";"AP PRESTOBARBA 3 LV4 PG3 COOL";"800";"124,000";"4.090,91";"4.090,91"
"4252";"AP PRESTOBARBA 3 LV4 PG3 CORPO";"800";"89,000";"2.615,71";"2.615,71"
"4253";"AP PRESTOBARBA 3 LV4 PG3 FEMININO";"800";"77,000";"2.343,96";"2.343,96"
"4254";"AP PRESTOBARBA 3 LV4 PG3 MASCULINO";"800";"106,000";"3.228,77";"3.228,77"
"4255";"AP PRESTOBARBA 3 LV4 PG3 SENSECA";"800";"127,000";"3.926,51";"3.926,51"
"4259";"AP PRESTOBARBA ULTRA GRIP 2UN";"800";"998,000";"6.687,70";"6.687,70"
"4260";"AP PRESTOBARBA ULTRA GRIP MOVEL 2UN FEMININA";"800";"29,000";"284,35";"284,35"
"4256";"AP PRESTOBARBA ULTRAGRIP 3L CART2UN";"800";"75,000";"845,57";"845,57"
"8858";"AP PROBAK II 2UN";"800";"1.013,000";"6.016,67";"6.016,67"
"4258";"AP PROBAK II LV7 PG5";"800";"274,000";"3.698,80";"3.698,80"
"8859";"AP RAID ELET REFIL 45 NOITES";"800";"5,000";"126,46";"126,46"
"33476";"AP RAID ELET REFIL 45 NOITES 45 NOITES 3 RF";"800";"3,000";"122,97";"122,97"
"12538";"AP RAID ELETR ESSENCIAL 45N 25 2ML";"800";"2,000";"51,18";"51,18"
"33897";"AP REPELEX ELET MAIS REFIL 40ML 30 NOITES";"800";"3,000";"77,97";"77,97"
"12540";"AP VENUS 3 INTIMA DISPO C 2";"800";"9,000";"207,24";"207,24"
"37834";"AP VENUS 3 INTIMA DP 6UN";"800";"6,000";"239,94";"239,94"
"6276";"AP VENUS INTIMA LV4 PG3";"800";"27,000";"954,81";"954,81"
"12542";"AP VENUS PELE SENS RECAR";"800";"15,000";"588,43";"588,43"
"4263";"AP VENUS SIMPLY 2UN";"800";"42,000";"855,05";"855,05"
"4264";"AP VENUS SIMPLY LV4 PG3";"800";"91,000";"2.806,10";"2.806,10"
"4265";"AP VENUS SIMPLY LV4 PG3 SUAVE SENS";"800";"46,000";"1.202,93";"1.202,93"
"4266";"AP VENUS UN SPA";"800";"6,000";"262,96";"262,96"
"37740";"APARELHO BIC FLEX5 SENS";"800";"46,000";"1.471,54";"1.471,54"
"442";"APERITIVO APEROL VD 750ML";"800";"3,000";"209,97";"209,97"
"12545";"APONT 2 FUROS CD AP02";"800";"2,000";"12,78";"12,78"
"4271";"APONT BLOCO C DEPOS LEO E LEO REF 4522";"800";"27,000";"37,53";"37,53"
"12546";"APONT C 2 ACRILEX 22409";"800";"35,000";"174,65";"174,65"
"12548";"APONT C DEPOSITO ACRILEX 22411";"800";"38,000";"209,00";"209,00"
"12549";"APONT C DEPOSITO ACRILEX 22416";"800";"33,000";"395,67";"395,67"
"36507";"APONT C DEPOSITO E BORRACHA";"800";"1,000";"5,99";"5,99"
"34954";"APONT C DEPOSITO LYKE";"800";"6,000";"22,74";"22,74"
"35934";"APONT CORACAO C 4";"800";"13,000";"42,25";"42,25"
"4272";"APONT DUPLO OVAL C DEPOS LEO E LEO";"800";"5,000";"14,95";"14,95"
"34944";"APONT METEORO 2EM1 APONT BORRACHA APONT BORRACHA";"800";"14,000";"167,86";"167,86"
"34939";"APONT PLASTICO ANATOMICO C3";"800";"27,000";"107,73";"107,73"
"36344";"APONT SIMPLES COLORIDO C 4";"800";"31,000";"123,69";"123,69"
"37105";"APONT SIMPLES COLORIDO DUPLO";"800";"1,000";"2,89";"2,89"
"25640";"APRESUNTADO AURORA FAT 180G ";"800";"140,000";"1.195,80";"1.195,80"
"10561";"APRESUNTADO EXCELSIOR FAT 180G";"800";"56,000";"477,28";"477,28"
"35583";"APRESUNTADO PAMPLONA FAT 180G";"800";"19,000";"149,55";"149,55"
"25643";"APRESUNTADO PERDIGAO FAT 200G";"800";"144,000";"1.150,56";"1.150,56"
"25644";"APRESUNTADO SADIA KG EMB";"800";"48,818";"1.439,58";"1.439,58"
"25645";"APRESUNTADO SADIA KG FAT";"800";"179,190";"5.284,22";"5.284,22"
"10567";"APRESUNTADO SADIA KG INT";"800";"12,094";"356,66";"356,66"
"10565";"APRESUNTADO TCHE KG FAT";"800";"4.212,597";"95.647,43";"86.613,86"
"10562";"APRESUNTADO TCHE KG INT";"800";"72,806";"1.497,45";"1.422,09"
"12551";"AQUECEDOR AGUA 220V";"800";"19,000";"626,81";"626,81"
"12556";"ARCO SERRA 46CM CM36 REF11217";"800";"1,000";"17,99";"17,99"
"4274";"AREIA HIG GOLCAT 4KG P GATOS";"800";"274,000";"2.408,46";"2.408,46"
"4275";"AREIA HIG GOLCAT 4KG P GATOS PERFUM PERFUMADA";"800";"281,000";"3.006,39";"3.006,39"
"12559";"AREIA HIG ORGANICAT 1 8K ";"800";"98,000";"2.253,02";"2.253,02"
"4276";"AREIA HIG PIPICAT 4KG P GATOS";"800";"454,000";"7.854,62";"7.360,51"
"12561";"AREIA HIPROGATO ALERTA 1,8K";"800";"5,000";"149,95";"149,95"
"4277";"AREIA SANITARIA BEAUTICAT 4KG";"800";"1.000,000";"10.894,60";"10.526,10"
"12564";"ARGILA NUNES 1K";"800";"35,000";"94,15";"94,15"
"12566";"AROMAT AERO CENTRALSUL 200ML MEN GAUCHO";"800";"2,000";"70,98";"70,98"
"8863";"AROMAT CENTRALSUL GEL 60G LAVANDA";"800";"4,000";"86,60";"86,60"
"4281";"AROMAT CENTRALSUL GEL 60G MARINE";"800";"23,000";"498,70";"498,70"
"4283";"AROMAT CENTRALSUL GEL 60G TUTTI FRUTTI";"800";"20,000";"403,35";"403,35"
"9920";"AROMAT CENTRALSUL GEL 60G V8";"800";"16,000";"348,09";"348,09"
"8865";"AROMAT COALA CONC 120ML CITRONELA";"800";"151,000";"2.203,09";"2.203,09"
"8865";"AROMAT COALA CONC 120ML CITRONELA";"810";"2,000";"29,18";"29,18"
"8866";"AROMAT COALA CONC 120ML EUCALIPTO";"800";"196,000";"2.859,64";"2.859,64"
"8867";"AROMAT COALA CONC 120ML FLORAL";"800";"117,000";"1.707,03";"1.707,03"
"8868";"AROMAT COALA CONC 120ML LAVANDA";"800";"368,000";"5.369,12";"5.369,12"
"12578";"AROMAT REDCAR 3GR CAPIM LIMAO";"800";"30,000";"389,70";"389,70"
"12579";"AROMAT REDCAR 3GR CARRO NOVO";"800";"16,000";"207,84";"207,84"
"12580";"AROMAT REDCAR 3GR FLOR CEREJEIRA";"800";"30,000";"389,70";"389,70"
"12581";"AROMAT REDCAR 3GR LAVANDA INGLESA";"800";"33,000";"428,67";"428,67"
"12582";"AROMAT REDCAR 3GR MELANC";"800";"16,000";"207,84";"207,84"
"12583";"AROMAT REDCAR 3GR MOR SILV";"800";"25,000";"324,75";"324,75"
"12584";"AROMAT REDCAR 3GR T FRUTTI";"800";"34,000";"441,66";"441,66"
"12585";"AROMAT REDCAR 3GR VANILLA";"800";"24,000";"311,76";"311,76"
"12589";"ARROZ ARBOREO CALDO BOM 500G";"800";"30,000";"149,70";"149,70"
"2043";"ARROZ ARBOREO ITAL PRATO FINO 500G";"800";"42,000";"586,95";"586,95"
"2050";"ARROZ ARBOREO MANINHO 1KG";"800";"1,000";"14,90";"14,90"
"2046";"ARROZ ARBOREO PILECCO 1KG";"800";"292,000";"4.669,08";"4.669,08"
"2161";"ARROZ BCO ALEGRETE TP1 5KG";"800";"14.986,000";"233.603,53";"182.967,00"
"36813";"ARROZ BCO BOM DE PANELA TP1 5KG";"800";"6.238,000";"91.879,88";"87.207,97"
"3848";"ARROZ BCO BOM GOSTO TP1 5KG BOM GOSTO";"800";"693,000";"11.540,43";"11.499,62"
"2175";"ARROZ BCO CAAL TP1 5KG";"800";"355,000";"6.741,45";"6.741,45"
"12594";"ARROZ BCO FINOS GRAOS 5K";"800";"111,000";"1.883,10";"1.883,10"
"2136";"ARROZ BCO JATAI TP3 5KG";"800";"321,000";"4.779,91";"4.778,82"
"2098";"ARROZ BCO OESTE TP1 2KG";"800";"909,000";"6.353,91";"6.353,91"
"2089";"ARROZ BCO ORYZA TP1 1KG";"800";"119,000";"593,81";"593,81"
"2095";"ARROZ BCO ORYZA TP1 2KG";"800";"364,000";"3.065,26";"3.065,26"
"2127";"ARROZ BCO ORYZA TP1 5KG";"800";"925,000";"17.292,13";"17.292,13"
"2058";"ARROZ BCO PAMPEANO TP1 1KG";"800";"214,000";"855,86";"855,86"
"2128";"ARROZ BCO PAMPEANO TP1 5KG";"800";"3.789,000";"66.997,80";"56.005,22"
"2110";"ARROZ BCO PILECCO NOBRE TP1 2KG";"800";"439,000";"4.809,61";"4.806,51"
"2057";"ARROZ BCO PILECCO SUP ECCO TP1 1KG";"800";"302,000";"1.341,98";"1.341,98"
"2106";"ARROZ BCO PILECCO SUPER ECCO TP1 2K";"800";"683,000";"5.373,27";"5.373,27"
"2165";"ARROZ BCO PILECCO SUPER ECCO TP1 5K";"800";"544,000";"10.837,56";"10.837,56"
"2169";"ARROZ BCO PILECCO TP1 5KG";"800";"104,000";"2.645,96";"2.635,96"
"2192";"ARROZ BCO PITANGUEIRA OURO TP1 5K";"800";"1.437,000";"28.725,63";"26.409,63"
"2092";"ARROZ BCO PRATO FINO TP1 1KG";"800";"137,000";"928,23";"928,23"
"2104";"ARROZ BCO PRATO FINO TP1 2KG";"800";"135,000";"1.697,49";"1.697,49"
"2155";"ARROZ BCO PRATO FINO TP1 5KG";"800";"152,000";"3.820,33";"3.820,33"
"2084";"ARROZ BCO REQUINTE TP1 1KG";"800";"2.680,000";"13.373,20";"13.373,20"
"2101";"ARROZ BCO REQUINTE TP1 2KG";"800";"2.124,000";"20.335,26";"20.335,26"
"2150";"ARROZ BCO REQUINTE TP1 5KG";"800";"4.723,000";"110.167,40";"100.838,98"
"2150";"ARROZ BCO REQUINTE TP1 5KG";"810";"4,000";"75,96";"75,96"
"2060";"ARROZ BCO SABOROSO TP1 1KG";"800";"2.134,000";"8.401,46";"8.401,46"
"2118";"ARROZ BCO SABOROSO TP1 2KG";"800";"1.377,000";"10.629,83";"10.628,83"
"2177";"ARROZ BCO SABOROSO TP1 5KG";"800";"1.347,000";"23.565,82";"23.550,82"
"2100";"ARROZ BCO SANO OURO TP1 2KG";"800";"661,000";"6.558,89";"6.558,89"
"2134";"ARROZ BCO SANO OURO TP1 5KG";"800";"193,000";"4.393,87";"4.393,87"
"2074";"ARROZ BCO SANO TP1 1KG";"800";"1.864,000";"7.759,87";"7.759,47"
"2096";"ARROZ BCO SANO TP1 2KG";"800";"1.859,000";"15.639,16";"15.639,16"
"2140";"ARROZ BCO SANO TP1 5KG";"800";"3.480,000";"69.150,95";"67.180,05"
"2140";"ARROZ BCO SANO TP1 5KG";"810";"5,000";"99,95";"99,95"
"33980";"ARROZ BCO STRECK GOLD 5KG";"800";"2,000";"45,98";"45,98"
"2056";"ARROZ BCO TRIVIAL TP2 1KG";"800";"780,000";"2.332,20";"2.332,20"
"2115";"ARROZ BCO TRIVIAL TP2 2KG";"800";"539,000";"3.210,11";"3.210,11"
"2158";"ARROZ BCO TRIVIAL TP2 5KG";"800";"1.092,000";"16.062,08";"16.060,08"
"34514";"ARROZ C FGO PERDIGAO MOLHO BCO 300G";"800";"89,000";"1.316,31";"1.316,31"
"35717";"ARROZ CALDO BOM 500G VERMELHO";"800";"3,000";"14,97";"14,97"
"25676";"ARROZ CALDO BOM CARNAROLI 500G";"800";"5,000";"24,95";"24,95"
"35616";"ARROZ CALDO BOM CATETO 500G";"800";"36,000";"185,44";"185,44"
"25688";"ARROZ INT CALDO BOM 500G";"800";"17,000";"71,23";"71,23"
"2200";"ARROZ INTEG MANINHO 1KG";"800";"9,000";"62,91";"62,91"
"2201";"ARROZ INTEG MANINHO GRAO CURTO 1KG";"800";"8,000";"79,92";"79,92"
"2203";"ARROZ INTEG ORYZA 1KG";"800";"39,000";"214,11";"214,11"
"2210";"ARROZ INTEG PRATO FINO 1KG";"800";"93,000";"588,77";"587,17"
"25695";"ARROZ JAPONES CALDO BOM 500G";"800";"33,000";"164,67";"164,67"
"2264";"ARROZ MANINHO INTEG T1 VACUO 500G LONGO";"800";"3,000";"14,97";"14,97"
"2255";"ARROZ MANINHO INTEG VACUO 500G VERMELHO";"800";"21,000";"209,79";"209,79"
"2262";"ARROZ MANINHO POLI T1 VACUO 500G JAPONES";"800";"17,000";"134,30";"134,30"
"2252";"ARROZ MANINHO POLI VACUO 500G JASMINE";"800";"6,000";"74,94";"74,94"
"2249";"ARROZ MANINHO VACUO 500G 7GRAOS";"800";"2,000";"19,80";"19,80"
"2258";"ARROZ MANINHO VACUO 500G PRETO";"800";"7,000";"69,93";"69,93"
"2045";"ARROZ ORIENTAL PRATO FINO TP1 1KG";"800";"2,000";"23,98";"23,98"
"12610";"ARROZ P CAES KI KAO SANO 5K";"800";"240,000";"3.803,74";"3.803,74"
"2212";"ARROZ PARBO PRATO FINO TP1 1KG";"800";"107,000";"764,93";"764,93"
"2227";"ARROZ PARBO PRATO FINO TP1 2KG";"800";"112,000";"1.330,89";"1.330,89"
"2240";"ARROZ PARBO PRATO FINO TP1 5KG";"800";"69,000";"2.037,96";"2.037,96"
"2217";"ARROZ PARBO RAROZ TP1 1KG";"800";"876,000";"3.705,54";"3.702,04"
"2242";"ARROZ PARBO RAROZ TP1 5KG";"800";"1.472,000";"25.617,86";"25.617,86"
"2215";"ARROZ PARBO SABOROSO TP1 1KG";"800";"1.741,000";"6.906,59";"6.906,19"
"2244";"ARROZ PARBO SABOROSO TP1 5KG";"800";"1.028,000";"18.229,19";"18.228,19"
"33915";"ARROZ SABOROSO PARB 1KG INTEGRAL";"800";"404,000";"1.526,96";"1.523,96"
"12639";"ASPIRADOR CAJOVIL PARA NARIZ OUVIDO";"800";"2,000";"41,80";"41,80"
"12640";"ASPIRADOR NARIZ OUVIDO NUBY AZUL";"800";"4,000";"111,96";"105,87"
"4289";"ASPIRADOR NASAL LILLO AZUL 654120";"800";"1,000";"25,90";"25,90"
"12641";"ASPIRADOR PRINCESA";"800";"2,000";"61,98";"39,80"
"12642";"ASSAD ALTA LISA DOCESAR N1 3 4LT";"800";"31,000";"1.084,69";"1.084,69"
"12643";"ASSAD ALTA LISA DOCESAR N2 4 2LT";"800";"19,000";"797,81";"797,81"
"12644";"ASSAD ALUM OVAL PARANA 4L";"800";"72,000";"719,28";"719,28"
"12645";"ASSAD ALUM OVAL PARANA 7L";"800";"30,000";"377,70";"377,70"
"12653";"ASSAD MARINEX OVAL MEDIA 3 2L";"800";"3,000";"143,97";"143,97"
"12655";"ASSAD MARINEX RET GRANDE 2 9L";"800";"2,000";"99,98";"99,98"
"12657";"ASSAD MARINEX RET PEQ 1 6L";"800";"4,000";"119,96";"119,96"
"4290";"ASSAD TRAMONT FUNDA ALUM 22CM";"800";"1,000";"49,99";"49,99"
"4291";"ASSAD TRAMONT FUNDA ALUM 28CM";"800";"1,000";"69,90";"69,90"
"37008";"ASSADEIRA ANTIADERENTE 32X22X5";"800";"5,000";"109,95";"109,95"
"36963";"ASSADEIRA ANTIADERENTE 37X25X5";"800";"6,000";"155,94";"155,94"
"4294";"ASSADEIRA MARINEX 2 9L RETRA C TAMP";"800";"1,000";"89,90";"89,90"
"37946";"ASSADEIRA MARINEX FILETADA 600ML";"800";"14,000";"251,86";"251,86"
"33348";"ASSADEIRA MARINEX OVAL 1 X6 LTS";"800";"11,000";"328,90";"328,90"
"35979";"ASSADEIRA MARINEX REDONDA 2 4L";"800";"21,000";"755,79";"755,79"
"37944";"ASSADEIRA OVAL SELETTA 4 2LT";"800";"30,000";"1.497,00";"1.497,00"
"34446";"ASSADEIRA QUADRADA 1 5L NADIR";"800";"6,000";"167,94";"167,94"
"10572";"ASSADO MATURATTA EM TIRAS KG";"800";"409,709";"18.756,81";"18.756,81"
"34007";"ASSENTO SANITARIO DE PLASTICO";"800";"5,000";"229,50";"229,50"
"2366";"ATUM 88 SOLIDO 140G OLEO";"800";"2,000";"15,98";"15,98"
"12670";"ATUM COQUEIRO RAL NATURAL 170G";"800";"134,000";"1.472,66";"1.472,66"
"12671";"ATUM COQUEIRO SOLIDO NATURAL 170G";"800";"150,000";"2.317,20";"2.307,20"
"2319";"ATUM EM PEDACOS NAUTIQUE 170G OLEO";"800";"324,000";"3.223,96";"3.223,96"
"2375";"ATUM PEDACOS G COSTA 170G OLEO";"800";"150,000";"2.173,50";"2.173,50"
"2332";"ATUM RALADO COQUEIRO 170G EM OLEO";"800";"237,000";"2.596,35";"2.596,35"
"2342";"ATUM RALADO G COSTA 170G EM OLEO";"800";"173,000";"2.074,27";"2.074,27"
"2344";"ATUM RALADO G COSTA 170G NATURAL";"800";"156,000";"1.870,44";"1.870,44"
"2307";"ATUM RALADO NAUTIQUE 170G EM OLEO";"800";"844,000";"7.709,36";"6.245,86"
"2353";"ATUM SOLIDO COQUEIRO 170G EM OLEO";"800";"110,000";"1.806,04";"1.806,04"
"2380";"ATUM SOLIDO G COSTA 170G DEFUM OLEO";"800";"1,000";"15,69";"15,69"
"2377";"ATUM SOLIDO G COSTA 170G OLEO";"800";"110,000";"1.873,79";"1.873,79"
"2323";"ATUM SOLIDO NAUTIQUE 170G EM OLEO";"800";"356,000";"3.854,44";"3.854,44"
"2327";"ATUM SOLIDO NAUTIQUE 170G NATURAL";"800";"602,000";"5.969,98";"5.966,28"
"2995";"AVEIA FLOCOS APTI 150G";"800";"244,000";"1.203,96";"1.203,96"
"2990";"AVEIA FLOCOS CBS 170G";"800";"96,000";"582,24";"582,24"
"2993";"AVEIA FLOCOS FINOS APTI 150G";"800";"224,000";"1.095,36";"1.095,36"
"2992";"AVEIA FLOCOS FINOS CBS 170G";"800";"81,000";"477,09";"477,09"
"3011";"AVEIA FLOCOS FINOS NATURALE 1KG";"800";"311,000";"3.779,49";"3.779,49"
"2988";"AVEIA FLOCOS FINOS NATURALE 200G";"800";"2,000";"7,58";"7,58"
"2998";"AVEIA FLOCOS FINOS NESTLE 170G";"800";"168,000";"1.084,72";"1.084,72"
"3003";"AVEIA FLOCOS FINOS QUAKER 165G";"800";"208,000";"1.453,92";"1.453,92"
"3006";"AVEIA FLOCOS FINOS SOBERANA 500G";"800";"187,000";"1.999,03";"1.999,03"
"3008";"AVEIA FLOCOS NATURALE 1KG";"800";"316,000";"3.840,24";"3.840,24"
"3000";"AVEIA FLOCOS NESTLE 170G";"800";"102,000";"657,18";"657,18"
"38141";"AVEIA FLOCOS NESTLE 450G";"800";"11,000";"128,59";"128,59"
"3002";"AVEIA FLOCOS QUAKER 165G REGULAR";"800";"220,000";"1.537,80";"1.537,80"
"3005";"AVEIA FLOCOS SOBERANA 500G";"800";"122,000";"1.304,18";"1.304,18"
"34880";"AVEIA NATURALE 170G FLOCOS";"800";"788,000";"2.671,32";"2.671,32"
"34881";"AVEIA NATURALE 170G FLOCOS FINOS";"800";"757,000";"2.566,23";"2.566,23"
"12689";"AVENTAL INF PLAST";"800";"1,000";"12,99";"12,99"
"12691";"AVENTAL INF SOLAR XADREZ";"800";"1,000";"13,99";"13,99"
"37190";"AVENTAL POLIESTER 53X73";"800";"16,000";"207,84";"207,84"
"936";"AZEIT DENDE TRISANTI 200ML";"800";"41,000";"450,14";"450,14"
"940";"AZEIT OLIV BORGES EXT VG 250ML";"800";"390,000";"7.675,66";"7.675,66"
"948";"AZEIT OLIV COCINERO EXT VG 250ML";"800";"618,000";"9.263,82";"9.263,81"
"949";"AZEIT OLIV COCINERO EXT VG 500ML";"800";"108,000";"3.235,32";"3.235,32"
"945";"AZEIT OLIV GALLO EXT VG VD 500ML";"800";"83,000";"3.731,92";"3.731,92"
"942";"AZEITE OLIV BORGES EXT VG 500ML";"800";"1.048,000";"28.277,02";"27.561,84"
"35646";"AZEITONA PRETA FAT NUCETE 120G";"800";"21,000";"167,79";"167,79"
"2350";"AZEITONA PRETA NUCETE 100G S CAROCO";"800";"2,000";"11,52";"11,52"
"1875";"AZEITONA PRETA NUCETE 120G C CAROCO";"800";"4,000";"23,96";"23,96"
"2322";"AZEITONA VDE V FERTIL SH 150G C CAR";"800";"350,000";"2.872,90";"2.872,90"
"2330";"AZEITONA VDE V FERTIL SH 150G LIGHT";"800";"125,000";"1.275,36";"1.275,36"
"2339";"AZEITONA VDE V FERTIL SH 150G RECH";"800";"334,000";"3.460,72";"3.460,72"
"36787";"AZEITONA VERDE C CAROCO NUCETE 120G";"800";"2,000";"9,98";"9,98"
"36398";"AZEITONA VERDE FATIADA UNIAGRO100G";"800";"572,000";"3.712,28";"3.712,28"
"36437";"AZEITONA VERDE S CAR SNACK VL FER S";"800";"4,000";"19,96";"19,96"
"36756";"AZEITONA VERDE S CAROCO NUCETE 100G";"800";"10,000";"69,90";"69,90"
"33438";"AZEITONA VERDE UNIAGRO 100G C CAROCO";"800";"88,000";"571,12";"571,12"
"35716";"AZEITONA VERDE UNIAGRO 80G S CAROCO";"800";"310,000";"1.546,90";"1.546,90"
"2341";"AZEITONA VERDE UNIAGRO SH 400G S CAROCO";"800";"80,000";"1.913,75";"1.913,75"
"2343";"AZEITONA VERDE UNIAGRO SH 500G C CAROCO";"800";"59,000";"1.300,51";"1.300,51"
"2346";"AZEITONA VERDE UNIAGRO SH 500G FATIADA";"800";"17,000";"424,38";"424,38"
"2321";"AZEITONA VERDE VALE FERTIL SH 100G C CAROCO";"800";"566,000";"2.514,54";"2.514,54"
"2328";"AZEITONA VERDE VALE FERTIL SH 120G FATIADA";"800";"396,000";"3.064,40";"3.064,40"
"2331";"AZEITONA VERDE VALE FERTIL SH 120G S CAROCO";"800";"526,000";"4.152,26";"4.152,26"
"2347";"AZEITONA VERDE VALE FERTIL SH 500G C CAROCO";"800";"221,000";"3.525,87";"3.525,87"
"35723";"AZEITONA VERDE VALE FERTIL SH 50G NAT S CAROCO";"800";"12,000";"59,88";"59,88"
"2349";"AZEITONA VERDE VALE FERTIL VD 500G C CAROCO";"800";"89,000";"2.488,68";"2.488,68"
"10588";"BA ABACATE KG";"800";"102,200";"407,77";"407,77"
"10589";"BA ABACAXI PEROLA";"800";"363,000";"1.081,74";"1.081,74"
"10596";"BA BANANA CATURRA";"800";"7.055,812";"22.479,51";"22.463,15"
"10597";"BA BANANA PRATA";"800";"1.250,606";"7.830,77";"7.827,92"
"10604";"BA BERGAMOTA MONTENEGRINA";"800";"1,137";"2,49";"2,49"
"10606";"BA BETERRABA";"800";"5,495";"21,87";"21,87"
"10608";"BA CEBOLA";"800";"12,222";"34,88";"34,88"
"10610";"BA CEBOLA ROXA";"800";"0,782";"2,26";"2,26"
"10611";"BA CENOURA";"800";"82,699";"311,00";"311,00"
"10615";"BA GENGIBRE";"800";"1,582";"8,37";"8,37"
"10618";"BA KIWI";"800";"0,490";"5,39";"5,39"
"10619";"BA LARANJA KG";"800";"9,663";"19,13";"19,13"
"10621";"BA LARANJA UMBIGO";"800";"0,851";"5,09";"5,09"
"10624";"BA MACA FUJI";"800";"1,182";"10,63";"10,63"
"10625";"BA MACA GALA";"800";"31,453";"219,85";"219,85"
"36337";"BA MACA SENINHA KG";"800";"5,000";"15,95";"15,95"
"10627";"BA MAMAO FORMOSA";"800";"577,238";"3.457,63";"3.457,63"
"10628";"BA MAMAO PAPAIA";"800";"42,927";"300,08";"300,08"
"10629";"BA MANGA";"800";"151,748";"300,46";"300,46"
"10633";"BA MELAO ESPANHOL";"800";"1,702";"5,09";"5,09"
"10641";"BA PERA";"800";"36,783";"231,39";"231,39"
"10644";"BA PIMENTAO AMARELO";"800";"35,695";"285,20";"285,20"
"10645";"BA PIMENTAO VERDE";"800";"184,438";"918,42";"918,42"
"10646";"BA PIMENTAO VERMELHO";"800";"14,003";"111,89";"111,89"
"10648";"BA REPOLHO VERDE";"800";"104,545";"197,59";"197,59"
"10649";"BA TOMATE ITALIANO";"800";"25,529";"114,63";"114,63"
"10650";"BA TOMATE MADURO";"800";"652,209";"2.584,62";"2.584,62"
"10654";"BA VAGEM";"800";"1,009";"5,03";"5,03"
"12732";"BABADOR AZUL UNICA";"800";"6,000";"89,94";"89,94"
"12733";"BABADOR INF COLORS SIL 30X25CM";"800";"3,000";"86,97";"86,97"
"38103";"BABADOR INF PLASTICO 45X28CM";"800";"52,000";"259,48";"259,48"
"12734";"BABADOR PLAST 34X23";"800";"2,000";"17,98";"17,98"
"12735";"BABADOR ROSA UNICA";"800";"2,000";"29,98";"29,98"
"33448";"BABADOR SILICONE AZUL";"800";"6,000";"161,94";"161,94"
"12739";"BAC STA CLARA CUBOS S PELE 200G R72060";"800";"67,000";"1.205,33";"1.205,33"
"35542";"BACALHAU OPERGEL SALG 400 G";"800";"4,000";"159,96";"159,96"
"10658";"BACALHAU PORTO";"800";"4,538";"1.057,32";"1.057,32"
"10659";"BACALHAU SAITHE";"800";"9,792";"979,18";"979,18"
"10660";"BACALHAU SEARA LOMBO 600G";"800";"4,000";"587,40";"587,40"
"12740";"BACIA CANEL 1,5L COLOR";"800";"1,000";"3,99";"3,99"
"12742";"BACIA CANEL 3L COLOR";"800";"1,000";"5,99";"5,99"
"12743";"BACIA CANEL 5,5L COLOR";"800";"2,000";"19,98";"19,98"
"12751";"BACIA ERCAPLAST CANEL 1,25L PEQ TRANS";"800";"1,000";"4,65";"4,65"
"12757";"BACIA PLAST VERDE";"800";"1,000";"37,99";"37,99"
"36857";"BACIA PLASUTIL 5 6L R 2775";"800";"6,000";"89,94";"89,94"
"36854";"BACIA PLASUTIL FLUIR 2 REF1429";"800";"1,000";"26,99";"26,99"
"12759";"BACIA SANREMO 480MM R 604";"800";"1,000";"49,90";"49,90"
"12762";"BACIA SANREMO 7 2L R 603";"800";"1,000";"32,99";"32,99"
"10663";"BACON MILAN KG";"800";"300,312";"11.505,25";"9.845,44"
"10664";"BACON MILAN KG CORT";"800";"1.634,734";"62.951,68";"59.046,84"
"10665";"BACON MILAN KG FAT";"800";"2.842,332";"108.652,56";"102.037,27"
"34437";"BACON MILAN KG RETALHO";"800";"305,642";"7.073,07";"7.073,07"
"25763";"BACON PERDIGAO DEF KG FAT";"800";"5,258";"184,83";"184,83"
"10667";"BACON PERDIGAO DEF VACUO KG";"800";"24,638";"985,48";"985,48"
"10666";"BACON PERDIGAO DEF VACUO KG CORT";"800";"16,794";"671,76";"671,76"
"10668";"BACON SADIA KG CORT";"800";"341,867";"11.810,42";"11.810,39"
"10669";"BACON SADIA KG FAT";"800";"95,535";"3.326,19";"3.326,19"
"10670";"BACON SADIA KG INT";"800";"0,154";"5,30";"5,30"
"10671";"BACON STA CLARA KG CORT";"800";"359,199";"18.567,21";"18.567,21"
"10672";"BACON STA CLARA KG FAT";"800";"44,096";"2.279,36";"2.279,36"
"10673";"BACON STA CLARA KG INT";"800";"9,684";"500,60";"500,60"
"1140";"BALA B TOFFEES 100G COCO";"800";"7,000";"48,29";"48,29"
"1139";"BALA B TOFFEES 100G LEITE";"800";"9,000";"59,67";"59,67"
"1146";"BALA B TOFFEES 53 CACAU MENTA";"800";"93,000";"650,07";"650,07"
"1144";"BALA B TOFFEES 53 CACAU TRUFA";"800";"126,000";"880,74";"880,74"
"1136";"BALA B TOFFEES 90G 53 CACAU CHOC";"800";"155,000";"1.083,45";"1.083,45"
"12767";"BALA BUTTER TOFFEES 100G CHOC";"800";"5,000";"33,45";"33,45"
"36491";"BALA DE GOMA FLORESTAL SABORES 150G";"800";"26,000";"155,74";"155,74"
"1123";"BALA DOCILE GELATINA 80G BANANA";"800";"241,000";"1.551,79";"1.551,79"
"1122";"BALA DOCILE GELATINA 80G DENTES VAMPIRO";"800";"582,000";"3.741,78";"3.741,78"
"1057";"BALA DORI DELIKET 70G";"800";"1.013,000";"3.434,07";"3.434,07"
"1036";"BALA DORI GELATINA 13G AMORA";"800";"62,000";"55,18";"55,18"
"1035";"BALA DORI GELATINA 13G BANANA";"800";"94,000";"83,66";"83,66"
"1039";"BALA DORI GELATINA 13G BOCA";"800";"78,000";"69,42";"69,42"
"1037";"BALA DORI GELATINA 13G MINHOCA";"800";"50,000";"44,50";"44,50"
"1167";"BALA DORI GELATINA 230G BANANA";"800";"8,000";"92,72";"92,72"
"1166";"BALA DORI GELATINA 230G BOCA";"800";"1,000";"7,90";"7,90"
"1094";"BALA DORI GELATINA 60G AMORA";"800";"50,000";"269,50";"269,50"
"1087";"BALA DORI GELATINA 60G BANANA";"800";"89,000";"479,71";"479,71"
"1091";"BALA DORI GELATINA 60G BOCA";"800";"54,000";"291,06";"291,06"
"1089";"BALA DORI GELATINA 60G MINHOCA ACID";"800";"57,000";"307,23";"307,23"
"1050";"BALA DORI PESC GIRAFA 30G MORANGO";"800";"700,000";"1.603,00";"1.603,00"
"1044";"BALA DORI PESC GIRAFA 30G YOGURTE";"800";"1.440,000";"3.297,60";"3.297,60"
"1100";"BALA DORI TUBO 70G ACID MORANGO";"800";"213,000";"1.211,97";"1.211,97"
"1098";"BALA DORI TUBO 70G RECH MORANGO";"800";"238,000";"1.354,22";"1.354,22"
"1099";"BALA DORI TUBO 70G YOGURTE 100";"800";"253,000";"1.439,57";"1.439,57"
"1188";"BALA DORI YOGURT MORANGO 600G";"800";"139,000";"1.456,45";"1.456,45"
"1187";"BALA FINI MARSH 250G RECH TORCAO";"800";"27,000";"320,33";"320,33"
"1157";"BALA FINI TUBES ARCO IRIS 80G";"800";"18,000";"163,20";"163,20"
"1065";"BALA FINI TUBES GIGANTE 27G IOGURTE";"800";"18,000";"48,42";"48,42"
"1840";"BALA FLORESTAL BRAZILIAN 500G CAFE LEITE";"800";"2,000";"39,98";"39,98"
"1215";"BALA FLORESTAL BRAZILIAN COFFE 500G";"800";"10,000";"139,00";"139,00"
"37065";"BALA FLORESTAL SABORES 500G";"800";"5,000";"74,95";"74,95"
"25770";"BALA FORTGURT 400G";"800";"87,000";"590,73";"590,73"
"12806";"BALA FORTGURT 400G MIX";"800";"27,000";"183,33";"183,33"
"1149";"BALA FORTGURT MIX 250G";"800";"116,000";"961,64";"961,64"
"34493";"BALA FRUIT TELLA 40G ACIDA MOR SOUR";"800";"105,000";"435,75";"435,75"
"1083";"BALA FRUIT TELLA 40G MOR";"800";"194,000";"811,66";"811,26"
"34849";"BALA FRUIT TELLA 41G C 15 CARAMELO";"800";"215,000";"943,85";"943,85"
"12807";"BALA FRUITTELLA MOR 41G 15UN";"800";"63,000";"213,57";"213,57"
"12808";"BALA GENGIBRE 500G";"800";"5,000";"59,95";"59,95"
"1830";"BALA GOMA DOCILE 250G BANANA";"800";"103,000";"1.179,17";"1.177,57"
"1829";"BALA GOMA DOCILE 250G DENTE VAMPIRO";"800";"120,000";"1.385,20";"1.384,40"
"1836";"BALA GOMA DORI 600G MINHOCAS FRUTAS ACIDAS";"800";"167,000";"2.119,23";"2.119,23"
"1812";"BALA GOMA DORI GIRAFA 30G FRAMBOESA";"800";"1.401,000";"3.628,59";"3.628,59"
"1816";"BALA GOMA DORI GOMETS 150G MINHOCA ACIDA";"800";"318,000";"1.268,82";"1.268,82"
"1814";"BALA GOMA DORI GOMETS 150G SINO";"800";"431,000";"1.719,69";"1.719,69"
"1831";"BALA GOMA DORI GOMETS 700G AMERICAN FRUTAS";"800";"70,000";"888,30";"888,30"
"1833";"BALA GOMA DORI GOMETS 700G GOMOS DE FRUTAS";"800";"134,000";"1.700,46";"1.700,46"
"1835";"BALA GOMA DORI GOMETS 700G MINHOCA FRUTAS";"800";"109,000";"1.383,21";"1.383,21"
"1832";"BALA GOMA DORI GOMETS 700G SINO";"800";"187,000";"2.373,03";"2.373,03"
"1813";"BALA GOMA DORI GOMETS 70G SINO";"800";"1.054,000";"3.256,86";"3.256,86"
"36244";"BALA GOMA DORI GOMETS TUBO C30 IOGURTE";"800";"71,000";"1.745,89";"1.741,84"
"1841";"BALA GOMA DORI TUBO FRUTAS 32G C 30 TIPO AMERICANA";"800";"87,000";"1.478,13";"1.478,13"
"1825";"BALA GOMA FINI GEL 90G DENTADUDURAS";"800";"14,000";"127,24";"127,24"
"2073";"BALA GOMA FINI GELATINA 100G MINHOCA CITRICA";"800";"7,000";"68,53";"68,53"
"1200";"BALA GOMA FINI GELATINA 250G AMORA";"800";"28,000";"531,72";"531,72"
"1201";"BALA GOMA FINI GELATINA 250G BANANA";"800";"3,000";"56,97";"56,97"
"1204";"BALA GOMA FINI GELATINA 250G MINHOCAS";"800";"28,000";"531,72";"531,72"
"1206";"BALA GOMA FINI GELATINA 250G URSINHOS";"800";"21,000";"398,79";"398,79"
"1827";"BALA GOMA FINI GELATINA 90G BANANAS";"800";"4,000";"36,42";"36,42"
"1828";"BALA GOMA FINI GELATINA 90G BEIJOS";"800";"15,000";"139,45";"139,45"
"1822";"BALA GOMA FINI TUBES 80G MORANGO";"800";"15,000";"136,23";"136,23"
"36470";"BALA GOMA FLORESTAL SABORES 500G";"800";"2,000";"27,98";"27,98"
"1224";"BALA GOMA GOMUTCHO 1KG AMERIC SORT";"800";"47,000";"939,53";"939,53"
"1225";"BALA GOMA GOMUTCHO 1KG GOMOS";"800";"4,000";"79,96";"79,96"
"1220";"BALA GOMA GOMUTCHO 1KG MINHOCAS ACID";"800";"39,000";"779,61";"779,61"
"1223";"BALA GOMA GOMUTCHO 1KG SINOS";"800";"72,000";"1.439,28";"1.435,28"
"1222";"BALA GOMA GOMUTCHO 1KG YOGURT";"800";"86,000";"1.719,14";"1.719,14"
"1221";"BALA GOMA GOMUTCHO 1KG YOGURT PUDIM";"800";"12,000";"239,88";"239,88"
"37028";"BALA GOMA TUBO SABORES 900G";"800";"6,000";"77,94";"77,94"
"12816";"BALA KISS FREE EX FORTE 500G";"800";"28,000";"240,52";"240,52"
"36630";"BALA MASTIG MOLE FLORESTAL SORT 100";"800";"1,000";"3,99";"3,99"
"36367";"BALA MASTIGAVEL SABORES 500G";"800";"37,000";"480,63";"480,63"
"37451";"BALA PECTINA CHOC AO LEITE 10G BAN";"800";"31,000";"61,69";"61,69"
"37450";"BALA PECTINA CHOC AO LEITE 10G GOI";"800";"22,000";"43,78";"43,78"
"37452";"BALA PECTINA CHOC AO LEITE 10G LAR";"800";"29,000";"57,71";"57,71"
"1119";"BALA PIETROBON 170G ALGODAO DOCE";"800";"52,000";"367,88";"367,88"
"1118";"BALA PIETROBON 170G HORTELA";"800";"158,000";"1.111,82";"1.111,82"
"1117";"BALA PIETROBON 170G MENTA";"800";"156,000";"1.101,64";"1.101,64"
"1114";"BALA PIETROBON 170G T FRUTTI";"800";"67,000";"476,03";"476,03"
"1116";"BALA PIETROBON 170G YOGURTE";"800";"94,000";"660,86";"660,86"
"12820";"BALA PIETROBON 600G BANANA";"800";"128,000";"2.698,12";"2.698,12"
"1178";"BALA PIETROBON 600G FRUTALLI";"800";"82,000";"964,98";"962,28"
"1180";"BALA PIETROBON 600G GOOD SMILE FRAM";"800";"66,000";"745,74";"743,04"
"1177";"BALA PIETROBON 600G MEL";"800";"128,000";"1.473,12";"1.473,12"
"1176";"BALA PIETROBON 600G MENTA";"800";"397,000";"4.578,93";"4.573,53"
"1183";"BALA PIETROBON 600G TUTTI FRUTTI";"800";"76,000";"890,64";"890,64"
"1174";"BALA PIETROBON 600G YOGURTE";"800";"65,000";"727,65";"727,65"
"1173";"BALA PIETROBON 600G YOGURTE SORT";"800";"96,000";"1.137,24";"1.134,54"
"12821";"BALA PIETROBON PITECO FRU 600G";"800";"106,000";"931,50";"931,50"
"12822";"BALA PIETROBON YOGURTE SORT 170G";"800";"76,000";"471,00";"471,00"
"1214";"BALA POCKET CAFE 500G";"800";"173,000";"2.904,67";"2.904,67"
"12823";"BALA RECH BEIJO MEL 500G";"800";"15,000";"128,85";"128,85"
"36335";"BALA SABORES 100G";"800";"49,000";"146,51";"146,51"
"37121";"BALA SABORES 500G";"800";"9,000";"89,91";"89,91"
"1217";"BALA SIMONETTO 600G CEFE C LEITE";"800";"1,000";"16,59";"16,59"
"1216";"BALA SIMONETTO 600G CHOCOLATE";"800";"1,000";"16,59";"16,59"
"1218";"BALA SIMONETTO 600G LEITE";"800";"4,000";"66,36";"66,36"
"1219";"BALA SIMONETTO 600G LEITE C CHOC";"800";"2,000";"33,18";"33,18"
"37066";"BALA SONHARE SABORES 500G";"800";"14,000";"209,86";"209,86"
"1147";"BALA ST ANTONIO BANANA 150G";"800";"297,000";"2.458,13";"2.458,13"
"1125";"BALA ST ANTONIO COCO 100G";"800";"187,000";"1.344,53";"1.344,03"
"38172";"BALA STICK BRUXOLITA Q PINTA 12 3G";"800";"41,000";"81,59";"81,59"
"1158";"BALA TOFFANO 400G MENTA";"800";"21,000";"153,09";"153,09"
"1163";"BALA TOFFANO 400G MORANGO";"800";"48,000";"431,52";"431,52"
"1164";"BALA TOFFANO 400G TOFFRUT FRAMB";"800";"89,000";"800,11";"800,11"
"1160";"BALA TOFFANO 400G TOFFRUT SORT";"800";"68,000";"495,72";"495,72"
"1191";"BALA TOFFANO 600G FORTGURT";"800";"33,000";"550,77";"550,77"
"1190";"BALA TOFFANO 600G MORANGO";"800";"66,000";"1.101,54";"1.101,54"
"1071";"BALA TOFFANO CAFE GOLD 100G";"800";"72,000";"301,68";"301,68"
"1196";"BALA TOFFANO CAFE GOLD 500G";"800";"112,000";"1.746,08";"1.746,08"
"1109";"BALA TOFFANO FORTGURT 250G";"800";"63,000";"522,27";"522,27"
"1168";"BALA TOFFANO MENTA 500G";"800";"45,000";"508,05";"508,05"
"1185";"BALA TOFFANO MINT 600G";"800";"48,000";"633,12";"633,12"
"1153";"BALA TOFFANO T FFRUT SORT 250G";"800";"94,000";"798,06";"795,96"
"12832";"BALA TOP CLASS CARAMEL 500G";"800";"2,000";"15,98";"15,98"
"37828";"BALA ZOLLE SABORES 20G";"800";"18,000";"35,82";"35,82"
"36584";"BALANCA DE MESA DIGITAL 10KG CM24";"800";"40,000";"799,60";"799,60"
"12834";"BALANCA DIG 10K RIO TIJUCAS";"800";"1,000";"26,99";"26,99"
"34341";"BALANCA DIGITAL DE COZINHA 10KG";"800";"5,000";"124,95";"124,95"
"12836";"BALANCA P/BANHEIRO QUAD VD 26X2CM";"800";"1,000";"65,99";"65,99"
"12839";"BALAO AMALU 9 C/50 AMARELO";"800";"1,000";"13,99";"13,99"
"12840";"BALAO AMALU 9 C/50 AZUL";"800";"6,000";"83,94";"83,94"
"12841";"BALAO AMALU 9 C/50 AZUL";"800";"6,000";"83,94";"83,94"
"12842";"BALAO AMALU 9 C/50 AZUL CLARO";"800";"15,000";"209,85";"209,85"
"12845";"BALAO AMALU 9 C/50 BEGE";"800";"9,000";"125,91";"125,91"
"12846";"BALAO AMALU 9 C/50 FUCSIA";"800";"1,000";"13,99";"13,99"
"12847";"BALAO AMALU 9 C/50 LAR";"800";"15,000";"209,85";"209,85"
"12848";"BALAO AMALU 9 C/50 LILAS";"800";"15,000";"209,85";"209,85"
"12849";"BALAO AMALU 9 C/50 MARFIM";"800";"16,000";"223,84";"219,84"
"12850";"BALAO AMALU 9 C/50 MARROM";"800";"9,000";"125,91";"125,91"
"12851";"BALAO AMALU 9 C/50 PTO";"800";"13,000";"181,87";"181,87"
"12852";"BALAO AMALU 9 C/50 ROSA";"800";"5,000";"69,95";"69,95"
"12854";"BALAO AMALU 9 C/50 SORT";"800";"7,000";"97,93";"97,93"
"12855";"BALAO AMALU 9 C/50 VERDE";"800";"5,000";"69,95";"69,95"
"12856";"BALAO AMALU 9 C/50 VERDE CLARO";"800";"11,000";"153,89";"153,89"
"12857";"BALAO AMALU 9 C/50 VERM";"800";"2,000";"27,98";"27,98"
"12858";"BALAO AMALU 9 CANDY C 50 ROSA";"800";"6,000";"83,94";"83,94"
"12861";"BALAO AMALU 9 METAL C 50 PRATA";"800";"11,000";"153,89";"153,89"
"12862";"BALAO BIG LISO 250 AZUL";"800";"1,000";"6,99";"6,99"
"12863";"BALAO BIG LISO 250 ROSA";"800";"3,000";"20,97";"20,97"
"12864";"BALAO BIG LISO 250 VERDE";"800";"4,000";"27,96";"27,96"
"38253";"BALAO BRASIL DOURADO N18";"800";"16,000";"127,84";"127,84"
"36422";"BALAO CANDY COLOR 7 SORTIDO C50";"800";"1,000";"9,99";"9,99"
"37068";"BALAO CANDY COLOR 9 VERDE CANDY C 5";"800";"1,000";"15,99";"15,99"
"33935";"BALAO CORACAO 18 DESIGN";"800";"5,000";"24,95";"24,95"
"38251";"BALAO CORACAO LOVE YOU VERMELHO N17";"800";"2,000";"9,98";"9,98"
"34654";"BALAO CORACAO N18 VRM";"800";"5,000";"19,95";"19,95"
"38252";"BALAO CORACAO TE AMO VERMELHO N17";"800";"21,000";"104,79";"104,79"
"38459";"BALAO FESTBALL 7 LISO ROSA C 50";"800";"1,000";"9,99";"9,99"
"12868";"BALAO FESTBALL 9 LISO C/50 AZUL CLARO";"800";"2,000";"31,98";"31,98"
"12874";"BALAO FESTBALL 9 LISO C/50 ROSA";"800";"1,000";"15,99";"15,99"
"12879";"BALAO GRAN FESTA 6.5 LISO C/50 AZUL CLARO";"800";"1,000";"8,99";"8,99"
"12882";"BALAO GRAN FESTA 6.5 LISO C/50 LAR";"800";"1,000";"8,99";"8,99"
"12883";"BALAO GRAN FESTA 6.5 LISO C/50 LILAS";"800";"4,000";"35,96";"35,96"
"12884";"BALAO GRAN FESTA 6.5 LISO C/50 MARRON";"800";"1,000";"8,99";"8,99"
"12885";"BALAO GRAN FESTA 6.5 LISO C/50 PTO";"800";"1,000";"8,99";"4,99"
"12886";"BALAO GRAN FESTA 6.5 LISO C/50 ROSA BABY";"800";"2,000";"17,98";"17,98"
"12887";"BALAO GRAN FESTA 6.5 LISO C/50 ROSA FORTE";"800";"2,000";"17,98";"17,98"
"12889";"BALAO GRAN FESTA 6.5 LISO C/50 SORT";"800";"8,000";"71,92";"71,92"
"12890";"BALAO GRAN FESTA 6.5 LISO C/50 VERDE ESCURO";"800";"1,000";"8,99";"8,99"
"12891";"BALAO GRAN FESTA 6.5 LISO C/50 VERDE LIMAO";"800";"2,000";"17,98";"17,98"
"12892";"BALAO GRAN FESTA 6.5 LISO C/50 VERM";"800";"1,000";"8,99";"8,99"
"12894";"BALAO GRAN FESTA 9 LISO C/50 AZUL CLARO";"800";"2,000";"29,98";"29,98"
"12900";"BALAO GRAN FESTA 9 LISO C/50 LAR";"800";"5,000";"74,95";"74,95"
"12901";"BALAO GRAN FESTA 9 LISO C/50 LILAS";"800";"1,000";"14,99";"14,99"
"12905";"BALAO GRAN FESTA 9 LISO C/50 ROSA BABY";"800";"1,000";"14,99";"14,99"
"12907";"BALAO GRAN FESTA 9 LISO C/50 ROSA FORTE";"800";"5,000";"74,95";"74,95"
"12908";"BALAO GRAN FESTA 9 LISO C/50 SORT";"800";"5,000";"74,95";"74,95"
"12909";"BALAO GRAN FESTA 9 LISO C/50 VERDE";"800";"3,000";"44,97";"44,97"
"12912";"BALAO GRAN FESTA 9 LISO C/50 VERM";"800";"6,000";"89,94";"89,94"
"34762";"BALAO INTERROGACAO N16 DOURADO";"800";"5,000";"19,95";"19,95"
"34655";"BALAO INTERROGACAO N16 PRATA";"800";"3,000";"11,97";"11,97"
"12918";"BALAO LISO 6 5 C 30 AMARELO";"800";"71,000";"354,29";"354,29"
"12919";"BALAO LISO 6 5 C 30 AZUL";"800";"76,000";"379,24";"379,24"
"12920";"BALAO LISO 6 5 C 30 PTO";"800";"49,000";"244,51";"244,51"
"12921";"BALAO LISO 6 5 C 30 ROSA";"800";"106,000";"528,94";"528,94"
"12922";"BALAO LISO 6 5 C 30 SORT";"800";"83,000";"414,17";"414,17"
"12923";"BALAO LISO 6 5 C 30 VERDE";"800";"70,000";"349,30";"349,30"
"12924";"BALAO LISO 6 5 C 30 VERM";"800";"104,000";"518,96";"518,96"
"35914";"BALAO LISO 7 FESTBALL LILAS C 50";"800";"2,000";"19,98";"19,98"
"37985";"BALAO MAO BRASIL 60CM";"800";"17,000";"305,83";"305,83"
"34657";"BALAO N0 16POL DOURADO";"800";"4,000";"14,96";"13,96"
"34658";"BALAO N0 16POL PRATA";"800";"8,000";"30,92";"30,92"
"34660";"BALAO N1 16POL DOURADO";"800";"4,000";"11,96";"11,96"
"34662";"BALAO N1 16POL PRATA";"800";"29,000";"115,71";"115,71"
"33933";"BALAO N16 OURO";"800";"22,000";"87,78";"87,78"
"33934";"BALAO N16 PRATA";"800";"28,000";"111,72";"111,72"
"34663";"BALAO N2 16POL DOURADO";"800";"14,000";"53,86";"53,86"
"34664";"BALAO N2 16POL PRATA";"800";"16,000";"62,84";"62,84"
"34652";"BALAO N3 16POL DOURADO";"800";"8,000";"26,92";"26,92"
"34653";"BALAO N3 16POL PRATA";"800";"13,000";"47,87";"47,87"
"34651";"BALAO N4 16POL DOURADO";"800";"12,000";"43,88";"43,88"
"34649";"BALAO N4 16POL PRATA";"800";"9,000";"33,91";"33,91"
"34666";"BALAO N5 16POL DOURADO";"800";"16,000";"59,84";"59,84"
"34665";"BALAO N5 16POL PRATA";"800";"10,000";"36,90";"36,90"
"34647";"BALAO N6 16POL PRATA";"800";"8,000";"31,92";"31,92"
"34668";"BALAO N7 16POL DOURADO";"800";"13,000";"45,87";"45,87"
"38265";"BALAO N7 16POL DOURADO";"800";"9,000";"35,91";"35,91"
"34667";"BALAO N7 16POL PRATA";"800";"11,000";"37,89";"37,89"
"34670";"BALAO N8 16POL DOURADO";"800";"13,000";"46,87";"45,87"
"34669";"BALAO N8 16POL PRATA";"800";"15,000";"59,85";"59,85"
"34673";"BALAO N9 16POL DOURADO";"800";"9,000";"31,91";"31,91"
"34672";"BALAO N9 16POL PRATA";"800";"7,000";"25,93";"25,93"
"35917";"BALAO NEON 9 LARANJA C 50";"800";"2,000";"37,98";"37,98"
"36356";"BALAO PIC BALLOON 260 ROSA";"800";"1,000";"7,99";"7,99"
"35905";"BALAO PIC PIC ROSA BABY C 25";"800";"1,000";"5,79";"5,79"
"12926";"BALAO PICPIC CORAC 6 C/50 VERM";"800";"3,000";"29,97";"29,97"
"12927";"BALAO PICPIC LISO 260 C/25 AZUL CLARO";"800";"1,000";"7,99";"7,99"
"12930";"BALAO PICPIC LISO 260 C/25 LILAS";"800";"2,000";"15,98";"15,98"
"12931";"BALAO PICPIC LISO 260 C/25 PTO";"800";"1,000";"7,99";"7,99"
"12932";"BALAO PICPIC LISO 260 C/25 SORT";"800";"1,000";"7,99";"7,99"
"12933";"BALAO PICPIC LISO 260 C/25 VERDE";"800";"2,000";"15,98";"15,98"
"12935";"BALAO PICPIC LISO 260 C/25 VERM";"800";"1,000";"7,99";"7,99"
"12937";"BALAO PICPIC LISO GF 9 C/50 MAGENTA";"800";"6,000";"89,94";"89,94"
"12938";"BALAO PICPIC LISO GF 9 C/50 MARFIM";"800";"1,000";"14,99";"14,99"
"12939";"BALAO PICPIC LISO GF CANDY 9 C/50 AMARELO";"800";"9,000";"134,91";"134,91"
"12940";"BALAO PICPIC LISO GF CANDY 9 C/50 AZUL";"800";"4,000";"59,96";"59,96"
"12941";"BALAO PICPIC LISO GF CANDY 9 C/50 CINZA";"800";"3,000";"44,97";"44,97"
"12942";"BALAO PICPIC LISO GF CANDY 9 C/50 LAR";"800";"5,000";"74,95";"69,95"
"12944";"BALAO PICPIC LISO GF CANDY 9 C/50 SORT";"800";"1,000";"14,99";"14,99"
"12945";"BALAO PICPIC LISO GF CANDY 9 C/50 VERDE";"800";"5,000";"74,95";"74,95"
"12949";"BALAO PICPIC LISO MAXI BALL 350 PTO";"800";"2,000";"25,98";"25,98"
"12950";"BALAO PICPIC LISO MAXI BALL 350 VERDE";"800";"4,000";"51,96";"51,96"
"12955";"BALAO PICPIC MAXIBALL 350 AZUL ESCURO";"800";"3,000";"38,97";"38,97"
"12957";"BALAO PICPIC MAXIBALL 350 ROSA";"800";"4,000";"51,96";"51,96"
"12959";"BALAO PICPIC MAXIBALL 350 VERM";"800";"1,000";"12,99";"12,99"
"12966";"BALAO PICPIC PLATINO 9 C/25 VERDE";"800";"1,000";"19,99";"19,99"
"12971";"BALAO ZERINHO C 100 SORT";"800";"8,000";"63,92";"63,92"
"38098";"BALDE E ESFREGAO PLAST 2PCS 6L";"800";"23,000";"917,70";"917,70"
"12985";"BALDE PLAST C ALC METAL NOVA ERA 8L";"800";"34,000";"339,66";"339,66"
"37553";"BALDE PLASTICO SANREMO 8L";"800";"5,000";"129,95";"129,95"
"4320";"BALDE PLASVALE 10L REF163 ";"800";"8,000";"183,92";"175,92"
"4322";"BALDE PLASVALE ECOLIFE REF160LP COR 8990";"800";"4,000";"59,96";"59,96"
"4326";"BALDE SANREMO 15L 615 ";"800";"2,000";"69,98";"69,98"
"4329";"BALDE SANREMO 8L 610 7";"800";"15,000";"389,85";"389,85"
"37652";"BALDE SANREMO 8L R SR610R";"800";"2,000";"49,98";"49,98"
"37165";"BALEIRO DE VIDRO COM TAMPA 12X9 5CM";"800";"14,000";"237,86";"237,86"
"10674";"BANANA CATURRA KG";"800";"57.180,259";"307.261,33";"307.209,84"
"10675";"BANANA DA TERRA KG";"800";"184,800";"2.030,98";"2.030,98"
"10676";"BANANA PRATA KG";"800";"17.009,686";"166.945,01";"166.938,09"
"12995";"BAND BRASIL 60X40";"800";"128,000";"766,72";"760,72"
"13017";"BAND PAPEL FESTA JUNINA REAL C/10";"800";"3,000";"10,47";"10,47"
"13018";"BAND PLAST FESTA JUNINA REAL C 10 ";"800";"1,000";"4,59";"4,59"
"38033";"BANDANA BANDEIRA";"800";"7,000";"31,43";"31,43"
"38021";"BANDEIRA BRASIL 30X20CM C HAST UNID";"800";"76,000";"227,24";"223,94"
"37980";"BANDEIRA BRASIL C HASTE 28CM";"800";"150,000";"193,50";"193,50"
"37982";"BANDEIRA BRASIL C VENTOSA";"800";"206,000";"1.027,94";"1.006,24"
"38018";"BANDEIRA BRASIL CAPA DE VESTIR";"800";"53,000";"736,70";"736,70"
"38430";"BANDEIRA BRASIL P CARRO 30X20CM";"800";"23,000";"68,77";"68,77"
"38032";"BANDEIRA BRASIL PAINEL TNT 1 40X1 0";"800";"148,000";"1.478,52";"1.468,52"
"38015";"BANDEIRA BRASIL POLI";"800";"10,000";"34,90";"34,90"
"12998";"BANDEIRINHA CORDAO P DECORAC";"800";"16,000";"87,68";"87,68"
"36815";"BANDEJA C ALCA MELAMINA";"800";"18,000";"341,82";"341,82"
"13024";"BANDEJA INOX 31X21X4CM";"800";"16,000";"287,84";"285,84"
"36986";"BANDEJA INOX 39X29X4";"800";"4,000";"111,96";"111,96"
"13025";"BANDEJA INOX RET 35X26X4CM";"800";"3,000";"73,77";"73,77"
"13036";"BANDEJA TRAP FLORES VERMS M";"800";"10,000";"29,90";"29,90"
"13037";"BANDEJA TRAP FLORES VERMS P";"800";"7,000";"17,43";"17,43"
"13039";"BANDEJA TRAP FOLHAS M";"800";"3,000";"7,47";"7,47"
"13043";"BANDEJA TRAP MADEIRA RENDA M";"800";"2,000";"5,98";"5,98"
"13044";"BANDEJA TRAP MADEIRA RENDA P";"800";"1,000";"2,49";"2,49"
"13050";"BANDEJA TRAP VIME MARROM P";"800";"1,000";"2,49";"2,49"
"4339";"BANH S CLOR CIF500ML ULTRA RAP DOYP";"800";"5,000";"102,50";"102,50"
"4341";"BANH VEJA OXI SQZ 20PCT DESC 500ML ANTIBAC";"800";"24,000";"474,24";"474,24"
"8882";"BANHA AURORA 1KG";"800";"537,000";"9.370,65";"9.370,65"
"4340";"BANHA PAMPLONA PCT 1KG";"800";"1.356,000";"17.795,00";"17.795,00"
"951";"BANHA PORCO ODERICH 360G";"800";"6,000";"43,50";"43,50"
"13053";"BANHA SEARA REF 1KG";"800";"280,000";"4.757,20";"4.757,20"
"13055";"BANHEIRA ADOLETA INF 20L AZUL BEBE";"800";"19,000";"511,27";"511,27"
"13059";"BANHEIRA ADOLETA INF 20L ROSA BEBE";"800";"11,000";"291,71";"291,71"
"13060";"BANHEIRA INF DECORADA 30L AZUL";"800";"1,000";"29,99";"29,99"
"13061";"BANHEIRA INF DECORADA 30L ROSA";"800";"5,000";"149,95";"149,95"
"10678";"BANOFFE";"800";"59,582";"1.697,50";"1.697,50"
"13068";"BAR COPAG 1001 C/110 CARTAS";"800";"1,000";"10,99";"10,99"
"13071";"BAR STO ANT AMENDOBAR WHEY 40G CHOC";"800";"78,000";"716,82";"716,82"
"13073";"BAR TRUCO ALIANCA";"800";"3,000";"13,77";"13,77"
"4343";"BARALHO COPAG ESPANHOL 50UN";"800";"5,000";"44,95";"44,95"
"33756";"BARALHO PAPEL C2";"800";"1,000";"10,99";"10,99"
"13072";"BARR STO ANTONIO AMENDOBAR WHEY 40G ORIG";"800";"86,000";"721,54";"721,54"
"3322";"BARRA CEREAL NATURALE 22G 7 GRAOS";"800";"357,000";"440,53";"439,53"
"3314";"BARRA CEREAL NATURALE 22G BANANA";"800";"593,000";"764,97";"764,97"
"3317";"BARRA CEREAL NATURALE 22G CASTANHA C CHOC";"800";"756,000";"975,24";"975,24"
"3318";"BARRA CEREAL NATURALE 22G COCO C CHOC";"800";"329,000";"424,41";"424,41"
"3324";"BARRA CEREAL NATURALE 22G DOCE DE LEITE";"800";"381,000";"491,49";"491,49"
"3323";"BARRA CEREAL NATURALE 22G DOCE LEITE CHOC";"800";"671,000";"865,59";"865,59"
"3321";"BARRA CEREAL NATURALE 22G GRANOLA";"800";"246,000";"317,34";"317,34"
"3313";"BARRA CEREAL NATURALE 22G MORANGO";"800";"592,000";"763,68";"763,68"
"3350";"BARRA CEREAL NATURALE 25G BAN AVEIA CHOC";"800";"727,000";"937,83";"937,83"
"3364";"BARRA CEREAL NATURALE 25G BRIG AVEIA CHOC";"800";"1.768,000";"2.280,72";"2.280,72"
"3344";"BARRA CEREAL NATURALE 25G CASTANHA AVEIA";"800";"336,000";"433,44";"433,44"
"3362";"BARRA CEREAL NATURALE 25G COCO AVEIA";"800";"487,000";"628,23";"628,23"
"3360";"BARRA CEREAL NATURALE 25G MOR AVEIA CHOC";"800";"645,000";"832,05";"832,05"
"3328";"BARRA CEREAL NATURALE ZERO ACUC 22G BANANA";"800";"517,000";"666,93";"666,93"
"3331";"BARRA CEREAL NATURALE ZERO ACUC 22G MORANGO";"800";"627,000";"808,83";"808,83"
"3405";"BARRA CEREAL RITTER 22G BRIGADEIRO";"800";"596,000";"1.364,84";"1.364,84"
"3414";"BARRA CEREAL RITTER 22G CAST PARA";"800";"197,000";"451,13";"451,13"
"3396";"BARRA CEREAL RITTER 25G AVELA CAST CHOC";"800";"274,000";"627,46";"627,46"
"3400";"BARRA CEREAL RITTER 25G BAN AVEIA MEL";"800";"137,000";"313,73";"313,73"
"3401";"BARRA CEREAL RITTER 25G BANANA ZR ACUC";"800";"111,000";"254,19";"254,19"
"3375";"BARRA CEREAL RITTER 25G BROWNIE";"800";"514,000";"1.177,06";"1.177,06"
"3372";"BARRA CEREAL RITTER 25G MORANGO CHOC";"800";"647,000";"1.481,63";"1.481,63"
"37445";"BARRA CHOC DIET FLORESTAL 10G AO LEITE";"800";"8,000";"23,92";"23,92"
"4344";"BARUEL AERO TENYS PE 92G FEMININO";"800";"5,000";"106,45";"106,45"
"8886";"BASE COLORAMA SETIM";"800";"5,000";"49,95";"49,95"
"33762";"BASE LIQUIDA RK 30ML";"800";"27,000";"269,73";"269,73"
"33761";"BASE LIQUIDA RK 35ML";"800";"56,000";"727,44";"727,44"
"34964";"BASTAO COLA QUENTE 11MMX300MM 1KG";"800";"3,000";"149,97";"149,97"
"34966";"BASTAO COLA QUENTE 11X300MM C6";"800";"8,000";"119,92";"119,92"
"34965";"BASTAO COLA QUENTE FINO 7X300MM C6";"800";"9,000";"71,91";"71,91"
"13101";"BAT ELGIN ALCALINA 9V BLISTER 2UN";"800";"11,000";"153,89";"153,89"
"13102";"BAT PALHA BIG MAIS SUPER CROC 1K";"800";"24,000";"645,60";"645,60"
"13104";"BAT PALHA BIG MAIS TRAD 80G";"800";"2.405,000";"7.912,54";"7.912,54"
"10684";"BATATA CHARTES KG";"800";"4.705,503";"15.908,79";"15.908,79"
"4350";"BATATA CONG BEM BRASIL 400G CARINHAS";"800";"927,000";"6.697,31";"6.697,31"
"10685";"BATATA DOCE AMERICANA KG";"800";"10.303,234";"41.007,44";"41.005,69"
"10689";"BATATA DOCE BRANCA CORTADA";"800";"0,510";"3,82";"3,82"
"10687";"BATATA DOCE BRANCA KG";"800";"7.529,815";"42.086,57";"42.086,52"
"10692";"BATATA DOCE ROSA E ROXA CORTADA";"800";"11,033";"77,10";"77,10"
"10691";"BATATA DOCE ROSA E ROXA KG";"800";"9.312,573";"47.641,88";"47.634,46"
"37168";"BATATA INGLESA BCA PIRULITO 5KG ";"800";"11,000";"142,89";"142,89"
"10694";"BATATA INGLESA MONALISA BCA KG";"800";"73.977,211";"594.276,30";"592.907,02"
"10694";"BATATA INGLESA MONALISA BCA KG";"810";"8,130";"73,09";"73,09"
"10695";"BATATA INGLESA PCT 5KG";"800";"252,000";"2.692,48";"2.692,48"
"10696";"BATATA INGLESA ROSA KG";"800";"2.180,358";"13.065,78";"13.039,51"
"13127";"BATATA P FRITA SADIA PALITO 1 05KG";"800";"201,000";"4.791,99";"4.791,99"
"4355";"BATATA P FRITA SADIA PALITO 400G";"800";"716,000";"7.081,24";"7.081,24"
"13113";"BATATA PALHA BIG MAIS 450G";"800";"15,000";"232,35";"232,35"
"1101";"BATATA PALHA BOA TRAD 400G";"800";"2.551,000";"26.968,55";"24.161,15"
"1102";"BATATA PALHA BOA TRAD 800G";"800";"509,000";"9.106,01";"9.104,62"
"1103";"BATATA PALHA BOA TRAD 80G";"800";"7.427,000";"21.924,13";"21.090,73"
"1005";"BATATA PALHA NA MESA EXTRA FINA 90G";"800";"105,000";"1.263,15";"1.263,15"
"1003";"BATATA PALHA NA MESA TRAD 100G";"800";"103,000";"1.240,97";"1.240,97"
"1010";"BATATA PALHA PRATIC LEVE 75G PREMIUM";"800";"1.110,000";"6.204,90";"6.204,90"
"1011";"BATATA PALHA YOKI EXT FINA 100G";"800";"674,000";"7.846,26";"7.846,26"
"1013";"BATATA PALHA YOKI TRAD 70G";"800";"1.607,000";"10.833,93";"10.765,93"
"4353";"BATATA PRE FRIT EXCELSIOR CONG 400G";"800";"781,000";"10.848,09";"10.423,29"
"13124";"BATATA PRE FRITA LAR 1 5KG";"800";"1.321,000";"31.162,39";"31.162,39"
"13125";"BATATA PRE FRITA NOBRE 2KG";"800";"1.141,000";"31.322,88";"31.303,02"
"13126";"BATATA PRE FRITA OK FRIES 1 5KG";"800";"6.610,000";"122.197,88";"107.616,61"
"13128";"BATEDOR CLARAS INOX SILVER 25CM";"800";"1,000";"6,99";"6,99"
"13130";"BATEDOR CLARAS/FOUET SIL 20CM";"800";"1,000";"6,99";"6,99"
"36603";"BATERIA 9V PANASONIC ALKALINE";"800";"26,000";"423,54";"423,54"
"13133";"BATERIA 9V RAYOVAC ALCALINA";"800";"3,000";"95,97";"95,97"
"13131";"BATERIA DURACELL 9V";"800";"3,000";"125,97";"125,97"
"13134";"BATERIA LITIO ELGIN CR2032 CARTELA";"800";"9,000";"35,91";"35,91"
"33765";"BATOM CREMOSO 3 8G";"800";"46,000";"413,54";"413,54"
"13136";"BATOM DI HELLEN BL 03";"800";"9,000";"197,91";"197,91"
"13139";"BATOM DI HELLEN BL 18";"800";"1,000";"20,90";"20,90"
"13152";"BATOM DI HELLEN BL 41";"800";"1,000";"19,99";"19,99"
"36354";"BATOM LIPBALM BALL COLORS 11G";"800";"14,000";"83,86";"83,86"
"33760";"BATOM SEMI MATTE 3G";"800";"38,000";"531,62";"531,62"
"34731";"BDJ CAFE DA MANHA STRONG";"800";"9,000";"305,10";"305,10"
"3560";"BEB 3 CORACOES POWER WHEY 250ML CHOC";"800";"198,000";"1.352,32";"1.352,32"
"3562";"BEB 3 CORACOES POWER WHEY 250ML CLASSICO";"800";"184,000";"1.274,96";"1.274,96"
"3568";"BEB 3 CORACOES POWER WHEY 250ML COOKIES";"800";"121,000";"826,79";"826,79"
"3564";"BEB 3 CORACOES POWER WHEY 250ML DOCE LEITE";"800";"101,000";"694,59";"694,59"
"333";"BEB ADES SEEDS TP 1L AMENDOAS";"800";"144,000";"1.979,16";"1.958,36"
"331";"BEB ADES SEEDS TP 1L AMENDOAS BAU";"800";"52,000";"715,28";"708,28"
"332";"BEB ADES SEEDS TP 1L AMENDOAS SA";"800";"84,000";"1.165,36";"1.161,16"
"334";"BEB ADES SEEDS TP 1L COCO";"800";"76,000";"1.047,24";"989,64"
"319";"BEB ADES TP 1L ABACAXI";"800";"93,000";"996,53";"839,53"
"320";"BEB ADES TP 1L LARANJA";"800";"89,000";"986,61";"837,61"
"321";"BEB ADES TP 1L MACA";"800";"99,000";"1.056,51";"939,01"
"322";"BEB ADES TP 1L PESSEGO";"800";"82,000";"879,18";"874,68"
"323";"BEB ADES TP 1L SOJA";"800";"116,000";"1.734,01";"1.557,69"
"325";"BEB ADES TP 1L UVA";"800";"79,000";"845,21";"739,21"
"327";"BEB ADES TP 200ML ABACAXI";"800";"179,000";"543,41";"426,41"
"329";"BEB ADES TP 200ML LARANJA";"800";"429,000";"1.240,01";"1.064,51"
"326";"BEB ADES TP 200ML MACA";"800";"206,000";"651,74";"505,54"
"328";"BEB ADES TP 200ML PESSEGO";"800";"108,000";"311,12";"250,02"
"330";"BEB ADES TP 200ML UVA";"800";"231,000";"705,39";"540,29"
"4396";"BEB LACT BATAVO 510G POLPA MOR PESSEGO";"800";"1.383,000";"8.605,17";"8.605,17"
"4397";"BEB LACT BATAVO 510G POLPA MORANGO";"800";"1.743,000";"10.742,97";"10.742,97"
"4398";"BEB LACT BATAVO 510G POLPA MORANGO COCO";"800";"1.265,000";"7.858,75";"7.858,75"
"35571";"BEB LACT BIOLAT 1150G MORANGO";"800";"387,000";"4.214,43";"4.214,43"
"13163";"BEB LACT BIOLAT 130G";"800";"2.139,000";"4.040,91";"4.040,91"
"13164";"BEB LACT BIOLAT 540G MOR";"800";"729,000";"3.772,49";"3.772,49"
"13165";"BEB LACT BIOLAT SC 900ML AMEIXA";"800";"1.551,000";"6.516,09";"6.516,09"
"13166";"BEB LACT BIOLAT SC 900ML COCO";"800";"2.017,000";"8.550,03";"8.546,43"
"13167";"BEB LACT BIOLAT SC 900ML MOR";"800";"6.038,000";"25.513,62";"25.490,22"
"13168";"BEB LACT BIOLAT SC 900ML PESSEGO";"800";"2.396,000";"10.125,24";"10.123,44"
"13169";"BEB LACT BIOLAT SC 900ML SAL FRU";"800";"2.637,000";"11.101,23";"11.099,43"
"13171";"BEB LACT CAROLINA 1250G ACAI BANANA";"800";"177,000";"2.301,33";"2.301,33"
"13170";"BEB LACT CAROLINA 1250G ACAI C MOR";"800";"238,000";"3.129,02";"3.129,02"
"13172";"BEB LACT CAROLINA 1250G FRU VERM";"800";"277,000";"3.509,93";"3.509,93"
"13173";"BEB LACT CAROLINA 1250G MOR";"800";"319,000";"4.195,31";"4.195,31"
"13174";"BEB LACT CAROLINA 1250G SALAD FRUT";"800";"286,000";"3.717,74";"3.717,74"
"13175";"BEB LACT CAROLINA 150G ACAI MOR";"800";"149,000";"384,31";"384,31"
"13176";"BEB LACT CAROLINA 150G COCO";"800";"168,000";"426,72";"426,72"
"13177";"BEB LACT CAROLINA 150G FRU VERM";"800";"249,000";"642,51";"642,51"
"13178";"BEB LACT CAROLINA 150G GRAVIOLA";"800";"57,000";"146,43";"146,43"
"13179";"BEB LACT CAROLINA 150G MOR";"800";"418,000";"1.006,70";"1.006,70"
"13180";"BEB LACT CAROLINA 150G SAL FRU";"800";"260,000";"668,80";"668,80"
"13181";"BEB LACT CAROLINA 360G MOR COCO";"800";"265,000";"1.269,33";"1.269,33"
"13182";"BEB LACT CAROLINA 510G MOR";"800";"1.239,000";"5.228,01";"5.228,01"
"13183";"BEB LACT CAROLINA 510G MOR COCO";"800";"1.533,000";"5.794,77";"5.782,77"
"13184";"BEB LACT CAROLINA 510G MOR SAL FRU";"800";"1.142,000";"4.635,88";"4.617,87"
"13185";"BEB LACT CAROLINA 800G COCO";"800";"178,000";"1.401,12";"1.401,12"
"13186";"BEB LACT CAROLINA 800G FRU VERM";"800";"144,000";"1.186,56";"1.186,56"
"13187";"BEB LACT CAROLINA 800G GRAVIOLA";"800";"102,000";"850,58";"850,58"
"13188";"BEB LACT CAROLINA 800G MOR";"800";"307,000";"2.536,33";"2.536,33"
"13189";"BEB LACT CAROLINA 800G SALAD FRUT";"800";"253,000";"2.069,27";"2.069,27"
"13194";"BEB LACT CAROLINA BIBIBITS 125G MARR";"800";"299,000";"1.361,11";"1.361,11"
"13195";"BEB LACT CAROLINA BIBIBITS 125G ROSA";"800";"406,000";"1.842,14";"1.842,14"
"13196";"BEB LACT CAROLINA BIBIBITS 125G VERM";"800";"342,000";"1.551,18";"1.551,18"
"13197";"BEB LACT CAROLINA C POLPA 150G AC GUA";"800";"113,000";"270,07";"270,07"
"13198";"BEB LACT CAROLINA C POLPA 800G AC GUA";"800";"80,000";"668,60";"668,60"
"13199";"BEB LACT CAROLINA C POLPA 800G AC MOR";"800";"116,000";"962,24";"962,24"
"13200";"BEB LACT CAROLINA KIDS C FLOC 125G";"800";"292,000";"1.704,68";"1.704,68"
"36232";"BEB LACT DAUS P SORVETE 1L BAUN";"800";"13,000";"128,57";"93,95"
"36231";"BEB LACT DAUS P SORVETE 1L CHOC";"800";"11,000";"108,79";"80,09"
"4361";"BEB LACT ELEGE 1 150KG MORANGO";"800";"189,000";"3.259,91";"3.259,91"
"4362";"BEB LACT ELEGE 1 150KG SALADA FRUTA";"800";"77,000";"1.332,23";"1.332,23"
"4363";"BEB LACT ELEGE 510G MORANGO";"800";"2.615,000";"15.176,25";"15.176,25"
"4401";"BEB LACT ELEGE 510G MORANGO AMEIXA";"800";"928,000";"5.505,82";"5.505,82"
"4364";"BEB LACT ELEGE 510G MORANGO COCO";"800";"1.224,000";"7.063,06";"7.063,06"
"36804";"BEB LACT FRUTIROL 480G FRUTAS";"800";"2.271,000";"7.910,29";"7.910,29"
"4415";"BEB LACT FRUTIROL 480G MORANGO";"800";"3.344,000";"11.582,46";"11.582,46"
"4402";"BEB LACT PENSE ZERO BATAVO 170G AMEIXA";"800";"207,000";"823,53";"823,53"
"4403";"BEB LACT PENSE ZERO BATAVO 170G MAMAO";"800";"253,000";"1.035,07";"1.035,07"
"4404";"BEB LACT PENSE ZERO BATAVO 170G MORANGO";"800";"571,000";"2.331,29";"2.331,29"
"4386";"BEB LACT SANTA CLARA SC 1L COCO";"800";"489,000";"3.173,61";"3.173,61"
"4387";"BEB LACT SANTA CLARA SC 1L MORANGO";"800";"1.422,000";"9.228,78";"9.228,78"
"4388";"BEB LACT SANTA CLARA SC 1L SALADA DE FRUTA";"800";"929,000";"5.971,71";"5.971,71"
"4377";"BEB LACT SANTA CLARA TRIP ZR GF 1L FRUTAS CEREAL";"800";"186,000";"2.341,74";"2.341,74"
"4378";"BEB LACT SANTA CLARA TRIP ZR GF 1L MEL CEREAL";"800";"115,000";"1.447,85";"1.447,85"
"4380";"BEB LACT SANTA CLARA TRIP ZR GF 1L MORANGO";"800";"326,000";"4.031,54";"4.031,54"
"4374";"BEB LACT STA CLARA GF 1L AMEIXA";"800";"281,000";"2.666,69";"2.666,69"
"4375";"BEB LACT STA CLARA GF 1L COCO";"800";"220,000";"2.087,80";"2.087,80"
"4376";"BEB LACT STA CLARA GF 1L FRUTAS VERMELHA";"800";"195,000";"1.818,35";"1.818,35"
"4381";"BEB LACT STA CLARA GF 1L MORANGO";"800";"900,000";"8.541,00";"8.541,00"
"4384";"BEB LACT STA CLARA GF 1L SALADA DE FRUTA";"800";"565,000";"5.277,85";"5.277,85"
"4379";"BEB LACT STA CLARA GF 1L ZERO LAC MORANGO";"800";"116,000";"1.460,44";"1.460,44"
"4383";"BEB LACT STA CLARA GF 1L ZERO LAC SALADA DE FRUTA";"800";"137,000";"1.724,83";"1.724,83"
"8774";"BEB LACT STA CLARA PRO UHT 250ML BANANA";"800";"69,000";"661,71";"661,71"
"8775";"BEB LACT STA CLARA PRO UHT 250ML CHOCOLATE";"800";"133,000";"1.275,47";"1.275,47"
"8776";"BEB LACT STA CLARA PRO UHT 250ML DOCE DE LEITE";"800";"107,000";"1.026,13";"1.026,13"
"13205";"BEB LACT STA CLARA SC 1L AMEIXA";"800";"345,000";"2.283,05";"2.283,05"
"8909";"BEB LACT STA CLARA SC 1L FRUT VERM";"800";"455,000";"3.035,95";"3.035,95"
"25921";"BEB LACT TIROL 170G MOR";"800";"420,000";"1.091,50";"1.091,50"
"4389";"BEB LACT TIROL GF 830G COCO";"800";"54,000";"482,46";"482,46"
"4391";"BEB LACT TIROL GF 830G MORANGO";"800";"110,000";"988,90";"986,66"
"4392";"BEB LACT TIROL SC 900G COCO";"800";"288,000";"1.433,12";"1.433,12"
"4393";"BEB LACT TIROL SC 900G FRUTAS CEREAIS";"800";"346,000";"1.718,54";"1.718,54"
"4394";"BEB LACT TIROL SC 900G MORANGO";"800";"804,000";"3.999,96";"3.999,96"
"36949";"BEB LACT UNIBABY ABACAXI COCO 150G ";"800";"135,000";"322,65";"322,65"
"36985";"BEB LACT UNIBABY ABACAXI COCO 800G";"800";"55,000";"455,95";"455,95"
"36907";"BEB LACT UNIBABY ACAI BAN GUAR 510G ";"800";"385,000";"1.705,55";"1.703,45"
"36944";"BEB LACT UNIBABY ACAI BANANA 150G";"800";"145,000";"346,55";"346,55"
"36954";"BEB LACT UNIBABY ACAI BANANA 800G";"800";"84,000";"696,36";"696,36"
"36991";"BEB LACT UNIBABY ACAI BANANA 850G";"800";"98,000";"812,42";"812,42"
"36947";"BEB LACT UNIBABY ACAI GUARANA 150G";"800";"96,000";"229,44";"229,44"
"36969";"BEB LACT UNIBABY ACAI GUARANA 800G";"800";"39,000";"323,31";"323,31"
"36946";"BEB LACT UNIBABY ACAI MOR 150G";"800";"120,000";"286,80";"286,80"
"36960";"BEB LACT UNIBABY ACAI MORANGO 800G";"800";"68,000";"563,72";"563,72"
"36978";"BEB LACT UNIBABY COCO 100G";"800";"575,000";"832,65";"832,45"
"36923";"BEB LACT UNIBABY COCO GF 150G";"800";"119,000";"284,41";"284,41"
"36951";"BEB LACT UNIBABY COCO GF 800G";"800";"63,000";"522,27";"522,27"
"36911";"BEB LACT UNIBABY COLORIDO 130G ";"800";"503,000";"1.508,67";"1.508,67"
"36919";"BEB LACT UNIBABY FRUTAS VRM 150G";"800";"155,000";"370,45";"370,45"
"36948";"BEB LACT UNIBABY MELANC LIMAO 150G";"800";"146,000";"348,94";"348,94"
"36988";"BEB LACT UNIBABY MELANCI LIMAO 800G";"800";"64,000";"530,56";"530,56"
"36898";"BEB LACT UNIBABY MORANGO 100G ";"800";"1.601,000";"2.316,49";"2.316,09"
"36930";"BEB LACT UNIBABY MORANGO 150G";"800";"289,000";"690,71";"690,71"
"36903";"BEB LACT UNIBABY MORANGO 510G ";"800";"478,000";"1.998,02";"1.996,32"
"36909";"BEB LACT UNIBABY MORANGO COCO 510G";"800";"528,000";"2.023,12";"2.018,72"
"36950";"BEB LACT UNIBABY MORANGO GF 800G";"800";"106,000";"878,74";"878,74"
"36896";"BEB LACT UNIBABY PAST CONF 130G";"800";"334,000";"970,26";"970,26"
"36932";"BEB LACT UNIBABY PESSEGO 150G ";"800";"179,000";"427,81";"427,81"
"36935";"BEB LACT UNIBABY SALADA FRUTA 150G ";"800";"134,000";"320,26";"320,26"
"36983";"BEB LACT UNIBABY SALADA FRUTAS 100G";"800";"725,000";"1.040,15";"1.039,95"
"36952";"BEB LACT UNIBABY SALADA FRUTAS 800G";"800";"55,000";"455,95";"455,95"
"36902";"BEB LACT UNIBABY SENSACAO 510G";"800";"268,000";"1.200,92";"1.199,12"
"36943";"BEB LACT UNIBABY UVA VERDE 150G";"800";"73,000";"174,47";"174,47"
"36975";"BEB LACT UNIBABY UVA VERDE 800G";"800";"36,000";"298,44";"298,44"
"382";"BEB MISTA TAMPICO PET 2L FRUTAS CITRICAS";"800";"404,000";"3.678,88";"3.678,88"
"384";"BEB MISTA TAMPICO PET 450ML FRUTAS CITRICAS";"800";"489,000";"1.960,51";"1.960,51"
"13209";"BEB NESTLE NESCAU 270ML EX CACAU";"800";"127,000";"963,93";"927,53"
"4419";"BEB SCHWEPPES GF 250ML GIN TONICA";"800";"34,000";"228,16";"222,16"
"4420";"BEB SCHWEPPES GF 250ML SPRITZ";"800";"4,000";"25,96";"25,96"
"4421";"BEB SCHWEPPES GF 250ML TESVODKA CITRUS";"800";"37,000";"279,13";"279,13"
"448";"BEB SCHWEPPES LT 269ML GIN TONICA";"800";"41,000";"284,59";"284,59"
"453";"BEB SCHWEPPES LT 269ML SPRITZ";"800";"24,000";"155,76";"155,76"
"454";"BEB SCHWEPPES LT 269ML VODKA E CITRUS";"800";"17,000";"112,83";"106,83"
"417";"BEB VIT BALY KIDS LT 220ML LARANJA";"800";"35,000";"179,07";"179,07"
"419";"BEB VIT BALY KIDS LT 220ML MELANCIA";"800";"38,000";"194,30";"194,30"
"420";"BEB VIT BALY KIDS LT 220ML MORANGO";"800";"76,000";"386,26";"386,26"
"421";"BEB VIT BALY KIDS LT 220ML TUTTI FRUTI";"800";"144,000";"730,00";"730,00"
"423";"BEB VIT BALY KIDS LT 220ML UVA";"800";"58,000";"294,36";"294,36"
"3020";"BEBIDA NESCAFE 270ML SMOOVLATTE";"800";"101,000";"796,89";"788,19"
"33435";"BEBIDA NESCAFE PRO ENERGY 270ML CANELA";"800";"22,000";"232,98";"232,98"
"33436";"BEBIDA NESCAFE PRO ENERGY 270ML CAPUCCINO CLASS";"800";"40,000";"423,60";"423,60"
"3014";"BEBIDA NESTLE 270ML NESCAU";"800";"60,000";"455,40";"455,40"
"3017";"BEBIDA NESTLE 280ML ALPINO FAST";"800";"118,000";"895,62";"895,62"
"3018";"BEBIDA NESTLE 280ML NESTON FAST";"800";"68,000";"522,92";"522,92"
"3581";"BEBIDA PARMALAT WHEY 250ML ABACATE";"800";"111,000";"884,89";"884,89"
"3587";"BEBIDA PARMALAT WHEY 250ML BAUNILHA";"800";"112,000";"894,88";"894,88"
"3586";"BEBIDA PARMALAT WHEY 250ML CAPPUCCINO";"800";"165,000";"1.318,35";"1.318,35"
"3589";"BEBIDA PARMALAT WHEY 250ML CHOC";"800";"39,000";"311,61";"311,61"
"3573";"BEBIDA PARMALAT WHEY 250ML COCO";"800";"128,000";"1.022,72";"1.022,72"
"3584";"BEBIDA PARMALAT WHEY 250ML MILHO VERDE";"800";"69,000";"543,31";"543,31"
"3477";"BEIJINHO PETRY 1 8KG";"800";"9,000";"471,11";"471,11"
"3480";"BEIJINHO PETRY 400G";"800";"46,000";"707,94";"707,94"
"3481";"BEIJINHO STA CLARA 400G";"800";"7,000";"133,24";"133,24"
"10702";"BERGAMOTA MONTENEGRINA KG";"800";"9.993,900";"40.112,77";"40.111,05"
"10703";"BERGAMOTA MORGOTE KG";"800";"38,634";"347,76";"341,90"
"10704";"BERGAMOTA PONKAN KG";"800";"24.356,521";"118.440,62";"115.657,46"
"10701";"BERGAMOTA SUCO KG ";"800";"0,815";"3,66";"3,66"
"10707";"BERINJELA CONSERVA EMB";"800";"0,886";"21,87";"21,87"
"10705";"BERINJELA KG ";"800";"1.280,922";"7.707,04";"7.677,14"
"2352";"BETERRABA CONS JUREIA 300G";"800";"38,000";"340,64";"340,64"
"10711";"BETERRABA CORTADA";"800";"1,306";"8,47";"8,47"
"10712";"BETERRABA FRACION VACUO KG";"800";"5,210";"104,06";"104,06"
"10709";"BETERRABA KG";"800";"7.375,972";"65.934,51";"65.749,76"
"13233";"BICHO PELUCIA R.7672";"800";"1,000";"64,99";"64,99"
"13237";"BICHO PELUCIA R.78-01";"800";"2,000";"153,78";"153,78"
"35198";"BICO MAMAD LOLLY SIL BIG RED R0065";"800";"3,000";"39,88";"39,88"
"35199";"BICO MAMAD LOLLY SIL R0060";"800";"20,000";"186,16";"186,16"
"13247";"BICO MANG STATOOLS JATO AJUSTAVEL";"800";"3,000";"23,97";"23,97"
"13248";"BICO P BOLA ";"800";"5,000";"79,95";"79,95"
"13250";"BICO PATO BELLESA KIDS";"800";"1,000";"12,50";"12,50"
"12120";"BIFE VAZIO RESERVA BOV KG";"800";"3.466,966";"144.593,77";"139.956,09"
"12121";"BIFE VAZIO RESERVA BOV KG BDJ";"800";"712,620";"29.894,33";"29.662,01"
"37830";"BIFE VAZIO RESERVA BOV KG MILANESA BDJ";"800";"5,382";"263,68";"263,68"
"4433";"BIFINHO DOGUITOS 45G LINGUICINHA";"800";"34,000";"216,06";"212,46"
"4434";"BIFINHO DOGUITOS 65G CARNE";"800";"71,000";"452,49";"440,49"
"4435";"BIFINHO DOGUITOS 65G FRANGO";"800";"51,000";"324,69";"319,29"
"8914";"BIFINHO KELCO KELDOG 65G CHURRASCO";"800";"110,000";"751,50";"751,50"
"8915";"BIFINHO KELCO KELDOG GALINHA 60G";"800";"40,000";"275,92";"275,92"
"13252";"BIFINHO KELDOG 55G CEREAIS MACA";"800";"44,000";"311,72";"311,72"
"8918";"BIFINHO KELDOG MINI BITES 50G CARNE LEITE";"800";"67,000";"427,89";"427,89"
"4437";"BIFINHO LANCHITO 300G CARNE";"800";"47,000";"1.174,53";"1.174,53"
"4438";"BIFINHO LANCHITO 55G CARNE";"800";"143,000";"570,57";"570,57"
"4439";"BIFINHO LANCHITO 55G CARNE LEITE";"800";"85,000";"339,15";"339,15"
"4440";"BIFINHO LANCHITO 55G CARNE VEGETAIS";"800";"62,000";"247,38";"247,38"
"4441";"BIFINHO LANCHITO 55G FRANGO";"800";"109,000";"434,91";"434,91"
"13255";"BIFINHO PETISCAO C 2 COSTELA DEFUMA";"800";"13,000";"103,87";"103,87"
"36684";"BIFINHO PETISCAO FRUTA 250G";"800";"12,000";"123,48";"123,48"
"13256";"BIFINHO PETISCAO TABLETE 100G FGO";"800";"65,000";"545,35";"545,35"
"13257";"BIFINHO PETISCAO TABLETE 500G BAC";"800";"40,000";"823,60";"823,60"
"13258";"BIFINHO PETISCAO TABLETE 500G CAR";"800";"45,000";"926,55";"926,55"
"13259";"BIFINHO PETISCAO TABLETE 60G BAC";"800";"233,000";"759,37";"736,87"
"13260";"BIFINHO PETISCAO TABLETE 60G CAR";"800";"239,000";"777,61";"745,81"
"13261";"BIFINHO PETISCAO TABLETE 60G FGO";"800";"191,000";"627,19";"605,29"
"36302";"BIFINHO PETISCAO TABLETE 60G FRUTA";"800";"237,000";"765,93";"741,63"
"4442";"BIFINHO QUALIDY 55G CARNE ADULTO";"800";"44,000";"207,66";"207,66"
"4443";"BIFINHO QUALIDY 55G CARNE PEQ PORTE";"800";"65,000";"309,01";"309,01"
"1965";"BIS LACTA 100 8G AO LEITE";"800";"4.166,000";"26.745,34";"26.733,34"
"1966";"BIS LACTA 100 8G BLACK";"800";"1.690,000";"10.694,60";"10.693,60"
"1962";"BIS LACTA 100 8G BRANCO";"800";"3.544,000";"22.496,06";"22.485,56"
"1964";"BIS LACTA 100 8G LIMAO";"800";"1.450,000";"9.186,50";"9.186,50"
"1960";"BIS LACTA 100 8G OREO";"800";"1.767,000";"11.301,33";"11.298,33"
"37525";"BIS LACTA 63G AO LEITE";"800";"1.122,000";"2.445,78";"2.445,78"
"37527";"BIS LACTA 63G BCO";"800";"1.946,000";"3.974,54";"3.974,54"
"1969";"BISAO LACTA 201 6G AO LEITE";"800";"1.594,000";"20.341,06";"20.337,16"
"1968";"BISAO LACTA 201 6G BRANCO";"800";"1.112,000";"14.036,78";"14.032,88"
"1016";"BISC AGUA E SAL GERMANI 345G";"800";"1.957,000";"11.331,03";"11.331,03"
"1019";"BISC AGUA E SAL GERMANI 690G";"800";"1.541,000";"14.469,99";"14.469,99"
"1020";"BISC AGUA E SAL ISABELA 350G";"800";"685,000";"5.812,55";"5.812,55"
"1022";"BISC AGUA E SAL ORQUIDEA 320G";"800";"319,000";"2.197,91";"2.197,91"
"1024";"BISC AGUA E SAL PARATI 370G";"800";"344,000";"2.748,56";"2.748,56"
"1025";"BISC AGUA E SAL PARATI 740G";"800";"6.520,000";"77.116,15";"74.858,72"
"1027";"BISC AGUA E SAL TRIUNFO 164G";"800";"210,000";"963,90";"963,90"
"1028";"BISC AGUA E SAL ZEZE 200G";"800";"349,000";"1.601,91";"1.601,91"
"13277";"BISC AGUA SAL ORQUIDEA 665GR";"800";"771,000";"7.085,49";"7.085,49"
"13280";"BISC AMANT PANINE C GOT CHOC 250G";"800";"137,000";"1.286,43";"1.286,43"
"1038";"BISC AMANTEIGADO ISABELA SORT 300G";"800";"221,000";"2.251,99";"2.251,99"
"1040";"BISC AMANTEIGADO KLAIN 240G";"800";"149,000";"1.190,51";"1.190,51"
"1042";"BISC AMANTEIGADO KLAIN CHOC 240G";"800";"57,000";"455,43";"455,43"
"1043";"BISC AMANTEIGADO ORQUIDEA SORT 300G";"800";"665,000";"5.778,85";"5.778,85"
"1045";"BISC AMANTEIGADO SOTT 350G";"800";"136,000";"1.521,84";"1.520,64"
"13285";"BISC AMEND PANINE 250G";"800";"85,000";"798,15";"798,15"
"1086";"BISC AMENDOIM C CHOC PANINE 250G ";"800";"4,000";"43,16";"43,16"
"1301";"BISC BAUDUCCO CHOCO BISCUIT 80G AO LEITE";"800";"173,000";"1.607,05";"1.607,05"
"1142";"BISC BAUDUCCO CHOCO BISCUIT 80G MEIO AMARGO";"800";"110,000";"1.013,30";"1.013,30"
"1370";"BISC CEREALE INTEG 141G MACA UVA PASSA";"800";"59,000";"365,21";"365,21"
"1367";"BISC CEREALE INTEG 147G LAR DAMASCO";"800";"45,000";"278,55";"278,55"
"1362";"BISC CEREALE INTEG 170G CACAU AVEIA MEL";"800";"92,000";"487,58";"487,58"
"1364";"BISC CEREALE INTEG 170G CASTANHA";"800";"127,000";"671,73";"671,73"
"13287";"BISC CHAMPAGNE BAUDUCCO C AC CRIST 150G";"800";"26,000";"306,54";"306,54"
"1232";"BISC COOKIE BAUDUCCO 100G CHOC";"800";"170,000";"928,30";"928,30"
"1234";"BISC COOKIE BAUDUCCO 100G ORIGINAL";"800";"135,000";"734,05";"734,05"
"1239";"BISC COOKIE BAUDUCCO 96G CHOCCO";"800";"51,000";"346,29";"346,29"
"1165";"BISC COOKIE BAUDUCCO ORIG 60G";"800";"66,000";"276,54";"276,54"
"34598";"BISC COOKIE DOMELLY 60G CHOC";"800";"140,000";"492,00";"492,00"
"34599";"BISC COOKIE DOMELLY 60G ORIGINAL";"800";"97,000";"339,83";"339,83"
"1373";"BISC COOKIE JASMINE 150G FR SILVEST ROMA";"800";"15,000";"194,40";"194,40"
"1259";"BISC COOKIE LACTA 80G LAKA";"800";"150,000";"1.133,40";"1.133,40"
"1261";"BISC COOKIE LACTA 80G ORIGINAL";"800";"91,000";"687,49";"687,49"
"1377";"BISC COOKIE LEVIT 150G AVEIA E MEL";"800";"104,000";"520,56";"520,56"
"1374";"BISC COOKIE LEVIT 150G LAR GRANOLA";"800";"94,000";"468,06";"468,06"
"1199";"BISC COOKIE LEVIT CACAU GOT CH 150G";"800";"79,000";"395,61";"395,61"
"1175";"BISC COOKIE NESFIT CACAU AVELA 60G";"800";"21,000";"54,39";"54,39"
"1155";"BISC COOKIE NESTLE 60G ALPINO GT CHOC";"800";"505,000";"1.711,95";"1.711,95"
"1162";"BISC COOKIE NESTLE 60G BAUN C GT CHOC";"800";"428,000";"1.450,92";"1.450,92"
"13303";"BISC COOKIE NESTLE 60G CHARGE";"800";"297,000";"1.006,83";"1.006,83"
"1152";"BISC COOKIE NESTLE 60G CHOC";"800";"341,000";"1.155,99";"1.155,99"
"1159";"BISC COOKIE NESTLE 60G GALAK GT CHOC B";"800";"458,000";"1.552,62";"1.552,62"
"1154";"BISC COOKIE NESTLE 60G NEGRE CHOC BAUN";"800";"384,000";"1.301,76";"1.301,76"
"1161";"BISC COOKIE NESTLE 60G PASSATEMPO CHOC";"800";"713,000";"2.417,07";"2.417,07"
"1151";"BISC COOKIE PARATI 60G BAUNILHA";"800";"1.135,000";"3.280,15";"3.280,15"
"1150";"BISC COOKIE PARATI 60G CHOC";"800";"1.239,000";"3.580,71";"3.580,71"
"1184";"BISC COOKIE PIRAQUE 80G BAUNILHA";"800";"235,000";"1.078,65";"1.078,65"
"1182";"BISC COOKIE PIRAQUE 80G CHOCOLATE";"800";"112,000";"514,08";"514,08"
"1402";"BISC CRACKER ORQUIDEA 320G GERGELIM";"800";"304,000";"2.368,16";"2.368,16"
"13329";"BISC CRACKER PARATI HOT 100G PIZZA";"800";"120,000";"609,80";"606,80"
"13326";"BISC CRACKER PARATI HOT 100G QJO";"800";"85,000";"432,25";"430,75"
"13327";"BISC CRACKER PARATI HOT 100G REQ";"800";"96,000";"496,34";"493,34"
"13328";"BISC CRACKER PARATI HOT 100PEITO PERU";"800";"118,000";"635,62";"632,62"
"13330";"BISC CRACKER PARATI HOT 100PRESUNTO";"800";"204,000";"1.062,16";"1.053,16"
"1110";"BISC CREAM CRACKER BAUDUCCO 165G TRAD";"800";"122,000";"547,78";"547,78"
"1111";"BISC CREAM CRACKER PARATI 370G";"800";"113,000";"993,27";"993,27"
"11020";"BISC CUECA VIRADA MARQUESPAN KG";"800";"29,882";"1.772,88";"1.717,22"
"1308";"BISC DOCE BAUDUCCO CHOC 335G";"800";"32,000";"313,28";"313,28"
"1355";"BISC DOCE DOMELLY 560G GLACE BCO";"800";"189,000";"2.345,91";"2.345,91"
"1291";"BISC DOCE DOMELLY GLACEADO 280G BCO";"800";"287,000";"1.833,93";"1.833,93"
"1290";"BISC DOCE DOMELLY GLACEADO 280G CHOC";"800";"112,000";"715,68";"715,68"
"1305";"BISC DOCE DOMELLY PAO DE MEL 250G CHOC";"800";"207,000";"1.633,23";"1.633,23"
"1304";"BISC DOCE DOMELLY PAO DE MEL 250G GLACE";"800";"536,000";"4.229,04";"4.229,04"
"1205";"BISC DOCE DOMELLY ROSCA 280G BAUNILHA";"800";"188,000";"1.201,32";"1.201,32"
"1209";"BISC DOCE DOMELLY ROSCA 280G CHOCOLATE";"800";"162,000";"1.035,18";"1.033,78"
"1273";"BISC DOCE DOMELLY ROSCA 280G COCO";"800";"249,000";"1.591,11";"1.589,71"
"1208";"BISC DOCE DOMELLY ROSCA 280G MILHO";"800";"294,000";"1.878,66";"1.877,26"
"1356";"BISC DOCE DOMELLY ROSCA CHOC 560G";"800";"165,000";"1.645,35";"1.645,35"
"1231";"BISC DOCE GERMANI BROA MILHO 300G";"800";"683,000";"3.886,27";"3.886,27"
"1299";"BISC DOCE GERMANI MEL C GLACE 300G";"800";"188,000";"1.805,82";"1.805,82"
"1254";"BISC DOCE GERMANI NATA 180G";"800";"83,000";"605,07";"605,07"
"1212";"BISC DOCE GERMANI ROSCA CHOC 300G";"800";"491,000";"2.793,79";"2.793,79"
"1302";"BISC DOCE GERMANI ROSCA GLACE 300G";"800";"239,000";"2.287,21";"2.287,21"
"1287";"BISC DOCE GERMANI TUTTO FRUTTA 150G GOIABA";"800";"58,000";"599,12";"599,12"
"1285";"BISC DOCE GERMANI TUTTO FRUTTA 150G MORANGO";"800";"21,000";"214,39";"214,39"
"1197";"BISC DOCE GIRASSOL ROSCA 250G BANANA E CANELA";"800";"2.372,000";"9.383,38";"9.383,38"
"1193";"BISC DOCE GIRASSOL ROSCA 250G BRIGADEIRO";"800";"724,000";"2.864,06";"2.863,86"
"1194";"BISC DOCE GIRASSOL ROSCA 250G CHOCOLATE";"800";"1.095,000";"4.332,55";"4.332,55"
"1192";"BISC DOCE GIRASSOL ROSCA 250G COCO";"800";"1.087,000";"4.305,73";"4.305,43"
"1189";"BISC DOCE GIRASSOL ROSCA CALDA 250G";"800";"893,000";"3.920,40";"3.918,90"
"1211";"BISC DOCE GIRASSOL SORTIDO 300G";"800";"868,000";"3.639,72";"3.639,72"
"1333";"BISC DOCE ISABELA CRISTAL 414G";"800";"292,000";"3.534,28";"3.534,28"
"1347";"BISC DOCE ISABELA KUKI 350G";"800";"210,000";"2.540,90";"2.540,90"
"1061";"BISC DOCE KLAIN 300G GOIABA";"800";"90,000";"1.169,10";"1.169,10"
"1345";"BISC DOCE KLAIN AMENDOIM CHOC 260G";"800";"222,000";"2.417,58";"2.417,58"
"1326";"BISC DOCE KLAIN AMENDOIM CROC 250G";"800";"180,000";"1.852,20";"1.852,20"
"1171";"BISC DOCE LEVIT 145G FRUTA E CEREAIS";"800";"82,000";"388,98";"388,98"
"1170";"BISC DOCE LEVIT 145G LEITE E CEREAIS";"800";"74,000";"352,06";"352,06"
"1179";"BISC DOCE LEVIT CACAU CEREAIS 160G";"800";"36,000";"186,84";"186,84"
"1446";"BISC DOCE NESTLE CHOCO TRIO 90G AMEND";"800";"206,000";"2.294,84";"2.294,84"
"13401";"BISC DOCE NESTLE CHOCO TRIO 90G AVELA";"800";"98,000";"1.088,82";"1.088,82"
"25984";"BISC DOCE NESTLE CHOCO TRIO 90G BISC NESTLE CHO";"800";"86,000";"956,24";"956,24"
"1322";"BISC DOCE NESTLE CHOCO TRIO 90G BONO MORANGO";"800";"90,000";"1.002,00";"1.002,00"
"1134";"BISC DOCE NESTLE CHOCO TRIO 90G CHOC";"800";"217,000";"2.417,03";"2.417,03"
"13402";"BISC DOCE NESTLE CHOCO TRIO 90G LEITE";"800";"298,000";"3.315,42";"3.315,42"
"13403";"BISC DOCE NESTLE CHOCO TRIO 90G PRESTIGIO";"800";"126,000";"1.405,44";"1.405,44"
"1275";"BISC DOCE PARATI ROSCA 250G BRIGADEIRO";"800";"219,000";"1.399,41";"1.399,41"
"1277";"BISC DOCE PARATI ROSCA 250G CHOCOLATE";"800";"161,000";"1.028,79";"1.028,79"
"1270";"BISC DOCE PARATI ROSCA 250G COCO";"800";"207,000";"1.322,73";"1.322,73"
"1257";"BISC DOCE PARATI ROSCA 250G LEITE";"800";"400,000";"2.556,00";"2.556,00"
"1256";"BISC DOCE PARATI ROSCA 250G NATA";"800";"261,000";"1.667,79";"1.667,79"
"33692";"BISC DOCE SOTT 230G ORELINHA";"800";"43,000";"601,57";"601,57"
"1336";"BISC DOCE SOTT DE MILHO 350G";"800";"107,000";"1.197,33";"1.197,33"
"1340";"BISC DOCE SOTT MAISENA 350G";"800";"96,000";"1.074,24";"1.074,24"
"1337";"BISC DOCE SOTT MEL MERENGUE 350G";"800";"84,000";"939,96";"939,96"
"1342";"BISC DOCE SOTT ROSQUINHA 350G";"800";"60,000";"671,40";"671,40"
"1335";"BISC DOCE SOTT SORTIDA 350G";"800";"114,000";"1.275,66";"1.275,66"
"1312";"BISC DOCE ZEZE BOLO DE MEL 300G";"800";"290,000";"2.578,10";"2.578,09"
"1318";"BISC DOCE ZEZE FOLHADO 300G";"800";"295,000";"2.799,55";"2.799,55"
"1046";"BISC DOCE ZEZE FURA BOLO 180G BAUNILHA";"800";"182,000";"1.454,18";"1.454,18"
"1047";"BISC DOCE ZEZE FURA BOLO 180G CHOCOLATE";"800";"147,000";"1.174,53";"1.174,53"
"1048";"BISC DOCE ZEZE FURA BOLO 180G LIMAO";"800";"170,000";"1.358,30";"1.358,30"
"1265";"BISC DOCE ZEZE MINIDITOS 200G BANANA E CANELA";"800";"151,000";"979,99";"979,99"
"1263";"BISC DOCE ZEZE MINIDITOS 200G COCO";"800";"163,000";"1.057,87";"1.057,87"
"1315";"BISC DOCE ZEZE PALITO CHOC 300G";"800";"136,000";"1.209,04";"1.209,04"
"1202";"BISC DOCE ZEZE RAMINHO 200G";"800";"253,000";"1.439,57";"1.439,57"
"1063";"BISC DOMELLY POLVILHO 80G QJO";"800";"103,000";"743,67";"743,67"
"1064";"BISC DOMELLY POLVILHO 80G TRAD";"800";"102,000";"738,48";"738,48"
"1056";"BISC DOMELLY ROSCA COCO 560G";"800";"63,000";"631,17";"631,17"
"13363";"BISC GAROTO CHOCO BISCUIT AO LEITE 78G";"800";"191,000";"1.438,39";"1.438,39"
"1113";"BISC GERMANI BUTTER CRACKER 345G";"800";"654,000";"3.982,86";"3.980,76"
"1049";"BISC GERMANI CHAMPAGNE 150G";"800";"119,000";"951,71";"951,71"
"1115";"BISC GERMANI CRACKER 345G";"800";"490,000";"3.229,10";"3.229,10"
"1120";"BISC GERMANI CREAM CRACKER 345G INTEGRAL";"800";"831,000";"5.476,29";"5.476,29"
"1069";"BISC GROSTOLI PANINE 250G";"800";"147,000";"1.733,13";"1.733,13"
"1379";"BISC INTEGRAL TRIUNFO 135G CACAU E CEREAIS";"800";"144,000";"618,26";"602,26"
"1382";"BISC INTEGRAL TRIUNFO 135G MIX AVEIA MEL";"800";"216,000";"1.057,44";"935,44"
"1384";"BISC ISABELA 350G INTEG";"800";"154,000";"1.322,86";"1.322,86"
"1121";"BISC ISABELA CREAM CRACKER 350G";"800";"530,000";"4.340,70";"4.340,70"
"1124";"BISC ISABELA CREAM CRACKER GER 350G";"800";"387,000";"3.479,13";"3.479,13"
"1508";"BISC ISABELA TORTINHAS 140G CH CAKE GEL GOI";"800";"908,000";"3.259,72";"3.259,72"
"1512";"BISC ISABELA TORTINHAS 140G CHOC";"800";"855,000";"3.069,45";"3.069,45"
"1510";"BISC ISABELA TORTINHAS 140G CHOC BCO";"800";"977,000";"3.507,43";"3.507,43"
"1505";"BISC ISABELA TORTINHAS 140G CHOC BCO GELEIA";"800";"730,000";"2.620,89";"2.620,89"
"1507";"BISC ISABELA TORTINHAS 140G CHOC C AVELA";"800";"1.287,000";"4.620,33";"4.620,33"
"1502";"BISC ISABELA TORTINHAS 140G CHOC SUICO";"800";"1.015,000";"3.643,85";"3.643,85"
"1500";"BISC ISABELA TORTINHAS 140G LIMAO";"800";"1.161,000";"4.167,99";"4.167,99"
"1499";"BISC ISABELA TORTINHAS 140G MORANGO";"800";"1.035,000";"3.715,65";"3.715,65"
"1503";"BISC ISABELA TORTINHAS 140G TRUFA";"800";"1.212,000";"4.351,08";"4.351,08"
"1504";"BISC ISABELA TORTINHAS 140G TRUFA C GELEIA";"800";"1.332,000";"4.781,88";"4.781,88"
"37753";"BISC ISABELA TORTINHAS CROSTATA 80G FRUT VERMELHAS";"800";"356,000";"1.064,44";"1.064,44"
"1386";"BISC JASMINE ROSCA ZERO 120G COCO";"800";"36,000";"449,64";"449,64"
"1385";"BISC JASMINE ROSCA ZERO 120G LAR CENOURA MEL";"800";"75,000";"947,86";"947,86"
"1623";"BISC LANCHE BAUDUCCO 30G MAXI GOIABINHA";"800";"297,000";"739,53";"737,53"
"1403";"BISC LEITE BAUDUCCO 335G GOTAS CHOC";"800";"86,000";"897,74";"897,74"
"1404";"BISC LEITE GERMANI 345G";"800";"226,000";"1.687,14";"1.687,14"
"1405";"BISC LEITE GERMANI ROSCA 300G";"800";"754,000";"4.290,26";"4.290,26"
"1407";"BISC LEITE ISABELA 350G CHOC";"800";"87,000";"677,73";"677,73"
"1406";"BISC LEITE ISABELA 350G TRAD";"800";"107,000";"833,53";"833,53"
"13381";"BISC LEITE PARATI 370G";"800";"77,000";"630,63";"630,63"
"1536";"BISC LEITE PASSATEMPO 150G";"800";"524,000";"2.300,59";"2.300,59"
"1409";"BISC LEITE PIRAQUE 132G BLACK MALT";"800";"30,000";"119,70";"119,70"
"1538";"BISC MAISENA PASSATEMPO 170G";"800";"306,000";"1.481,14";"1.481,14"
"1414";"BISC MAIZENA GERMANI 345G";"800";"344,000";"2.282,66";"2.282,66"
"1415";"BISC MAIZENA ISABELA 350G";"800";"492,000";"4.275,48";"4.275,48"
"1417";"BISC MAIZENA PARATI 370G";"800";"205,000";"1.637,95";"1.637,95"
"1418";"BISC MAIZENA PIRAQUE 175G";"800";"300,000";"1.347,00";"1.347,00"
"13388";"BISC MANTEGUITAS PANINE 250G";"800";"141,000";"1.323,99";"1.323,99"
"1419";"BISC MARIA DOMELLY 300G";"800";"540,000";"3.126,60";"3.126,60"
"1422";"BISC MARIA GERMANI 345G";"800";"4.517,000";"24.565,53";"23.041,83"
"1425";"BISC MARIA GERMANI 345G CHOC";"800";"329,000";"2.036,51";"2.035,51"
"1423";"BISC MARIA GERMANI 690G";"800";"1.258,000";"11.309,42";"11.309,42"
"1427";"BISC MARIA ISABELA 350G";"800";"553,000";"4.584,37";"4.584,37"
"1428";"BISC MARIA ISABELA 350G CHOC";"800";"151,000";"1.251,79";"1.251,79"
"1429";"BISC MARIA ORQUIDEA 320G";"800";"289,000";"2.077,91";"2.077,91"
"13395";"BISC MARIA ORQUIDEA 665GR";"800";"444,000";"4.080,36";"4.080,36"
"1432";"BISC MARIA PARATI 370G";"800";"255,000";"1.986,45";"1.984,45"
"1434";"BISC MARIA PARATI 740G";"800";"2.549,000";"30.037,34";"28.496,24"
"10731";"BISC MARQUESPAN MIGNON KG";"800";"120,424";"4.333,72";"4.333,72"
"13398";"BISC MILHO PANINE 250G";"800";"126,000";"1.183,14";"1.183,14"
"994";"BISC MUCILON LANCHINHO 35G LAR BAN";"800";"130,000";"712,00";"712,00"
"995";"BISC MUCILON LANCHINHO 35G MOR BAN";"800";"97,000";"531,13";"531,13"
"996";"BISC MUCILON LANCHINHO 35G TOMATE";"800";"89,000";"488,51";"487,61"
"997";"BISC MUCILON LANCHINHO 35G TRAD";"800";"96,000";"524,04";"524,04"
"1393";"BISC NESFIT INTEG 140G CACAU AVELA";"800";"227,000";"1.114,33";"1.114,33"
"1389";"BISC NESFIT INTEG 160G BAN AVEIA CAN";"800";"210,000";"1.035,50";"1.035,50"
"1387";"BISC NESFIT INTEG 160G CACAU E CEREAIS";"800";"132,000";"651,28";"651,28"
"1390";"BISC NESFIT INTEG 160G COCO";"800";"121,000";"596,49";"596,49"
"1391";"BISC NESFIT INTEG 160G LAR CENOURA";"800";"76,000";"374,34";"374,34"
"1392";"BISC NESFIT INTEG 160G MORANGO CEREAIS";"800";"226,000";"1.113,24";"1.113,24"
"13400";"BISC NESTLE CHOCO BISCUIT 78G MILK";"800";"95,000";"844,55";"844,55"
"1394";"BISC ORQUIDEA 320G INTEG";"800";"490,000";"4.209,10";"4.207,40"
"1127";"BISC ORQUIDEA CREAM CRACKER 320G";"800";"691,000";"4.760,99";"4.760,99"
"4447";"BISC P CAO PEDIGREE BISCROK 300G";"800";"13,000";"292,37";"292,37"
"25985";"BISC PANINE PEPAS GOIABA 350G";"800";"6,000";"65,34";"65,34"
"1328";"BISC PAO DE MEL KLAIN CHOC 260G";"800";"211,000";"2.213,39";"2.213,39"
"1317";"BISC PAO MEL DOMELLY MINI PANE 300G";"800";"262,000";"2.276,78";"2.273,08"
"13414";"BISC PAO MEL PANINE CHOC 250G";"800";"118,000";"1.285,02";"1.285,02"
"1034";"BISC PIRAQUE GERGELIM 215G";"800";"108,000";"670,86";"670,86"
"13418";"BISC POLVILHO DOCE PANINE 200G";"800";"81,000";"882,09";"879,19"
"1072";"BISC POLVILHO KLAIN QUEIJO 60G";"800";"101,000";"695,89";"695,89"
"1611";"BISC POLVILHO KLAIN ROSCA 60G TRAD";"800";"133,000";"916,37";"916,37"
"1533";"BISC RECH BAUDUCCO 108G CHOC";"800";"326,000";"746,54";"746,54"
"1143";"BISC RECH BAUDUCCO 108G CHOC BAUNILHA";"800";"243,000";"556,47";"556,47"
"1145";"BISC RECH BAUDUCCO 108G CHOC MORANGO";"800";"83,000";"190,07";"190,07"
"1135";"BISC RECH BAUDUCCO 108G DUPLO CHOCOLATE";"800";"155,000";"354,95";"354,95"
"1522";"BISC RECH BAUDUCCO RECHEADINHO 104G CHOC";"800";"175,000";"853,95";"853,95"
"1520";"BISC RECH BAUDUCCO RECHEADINHO 112G GOIABA";"800";"70,000";"300,30";"300,30"
"1488";"BISC RECH DANIX 130G CHOC";"800";"510,000";"2.034,90";"2.034,90"
"1487";"BISC RECH DANIX 130G CHOC SHAKE";"800";"1.706,000";"6.806,94";"6.806,94"
"1516";"BISC RECH DANIX SMURFS 130G CHOCO CHOCO";"800";"681,000";"2.717,19";"2.717,19"
"1518";"BISC RECH DANIX SMURFS 130G MORANGO";"800";"830,000";"3.311,70";"3.311,70"
"1437";"BISC RECH GLUB 100G CHOC BCO";"800";"1.023,000";"1.998,47";"1.945,47"
"1438";"BISC RECH GLUB 100G CHOC MORANGO";"800";"938,000";"1.887,22";"1.851,42"
"1436";"BISC RECH GLUB 100G CHOCOLATE";"800";"832,000";"1.667,08";"1.640,88"
"1439";"BISC RECH GLUB 100G DOCE DE LEITE";"800";"967,000";"1.866,23";"1.809,03"
"1435";"BISC RECH GLUB 100G MORANGO";"800";"385,000";"784,05";"776,45"
"1528";"BISC RECH ISABELA MOUSSE 130G CHOC AO LEITE";"800";"2.262,000";"8.120,58";"8.120,58"
"1527";"BISC RECH ISABELA MOUSSE 130G CHOC M AMARGO";"800";"2.393,000";"8.590,87";"8.590,87"
"1525";"BISC RECH ISABELA MOUSSE 130G LIMAO E CHOC";"800";"634,000";"2.276,06";"2.276,06"
"1526";"BISC RECH ISABELA MOUSSE 130G MORANGO E CHOC";"800";"730,000";"2.620,70";"2.620,70"
"1474";"BISC RECH NESTLE BONO 90G CHOC";"800";"4.295,000";"11.366,45";"9.470,85"
"13437";"BISC RECH NESTLE BONO 90G COCO";"800";"1.471,000";"3.924,79";"3.319,99"
"1469";"BISC RECH NESTLE BONO 90G DOCE DE LEITE";"800";"3.586,000";"9.593,74";"8.113,24"
"1471";"BISC RECH NESTLE BONO 90G LIMAO";"800";"1.324,000";"3.364,96";"2.930,95"
"1472";"BISC RECH NESTLE BONO 90G MOR";"800";"2.498,000";"6.542,02";"5.470,32"
"1468";"BISC RECH NESTLE NEGRESCO 90G BAUNILHA";"800";"2.354,000";"6.297,16";"5.636,36"
"1466";"BISC RECH NESTLE NEGRESCO 90G CHOC";"800";"6.656,000";"17.801,94";"14.391,14"
"1464";"BISC RECH NESTLE NEGRESCO 90G MOR";"800";"5.422,000";"14.350,78";"11.830,78"
"1545";"BISC RECH OREO 144G MILKSHAKE MOR";"800";"105,000";"1.132,95";"1.118,95"
"1546";"BISC RECH OREO 144G ORIGINAL";"800";"557,000";"5.497,63";"5.016,03"
"1540";"BISC RECH OREO 90G BAUNILHA";"800";"1.049,000";"6.283,51";"6.283,51"
"1542";"BISC RECH OREO 90G CHOC";"800";"579,000";"3.468,21";"3.468,21"
"1543";"BISC RECH OREO 90G MILKSHAKE MOR";"800";"320,000";"1.916,80";"1.916,80"
"1169";"BISC RECH OREO MINI CHOC BAUN 35G";"800";"338,000";"1.686,62";"1.686,62"
"13448";"BISC RECH ORQUIDEA 260G SORT";"800";"385,000";"3.345,65";"3.345,65"
"13454";"BISC RECH PARATI Z CARTOON 85G BRIGADEIR";"800";"1.229,000";"2.661,91";"2.428,10"
"13455";"BISC RECH PARATI Z CARTOON 85G CHOC";"800";"1.780,000";"3.961,80";"3.529,89"
"13456";"BISC RECH PARATI Z CARTOON 85G DUO";"800";"2.524,000";"5.505,66";"5.041,56"
"13457";"BISC RECH PARATI Z CARTOON 85G FLOCOS";"800";"1.925,000";"4.262,65";"3.927,33"
"13458";"BISC RECH PARATI Z CARTOON 85G MOR";"800";"2.155,000";"4.803,85";"4.311,04"
"1486";"BISC RECH PASSATEMPO 130G CHOC";"800";"1.044,000";"3.372,56";"3.372,56"
"1483";"BISC RECH PASSATEMPO 130G CHOC MOR";"800";"680,000";"2.202,40";"2.201,80"
"1484";"BISC RECH PASSATEMPO 130G MOR";"800";"398,000";"1.279,42";"1.279,42"
"1451";"BISC RECH SAPECA 120G CHOC";"800";"303,000";"905,97";"904,17"
"1454";"BISC RECH SAPECA 120G DOCE LEITE";"800";"254,000";"759,46";"758,56"
"1449";"BISC RECH SAPECA 120G MORANGO";"800";"306,000";"914,94";"914,94"
"37120";"BISC RECH SPANTOOO 80G CHOC BCO";"800";"2,000";"3,98";"3,98"
"1480";"BISC RECH TORTUGUITA 120G BRIGADEIRO";"800";"606,000";"2.296,74";"2.296,74"
"1479";"BISC RECH TORTUGUITA 120G CHOC";"800";"731,000";"2.770,49";"2.767,29"
"1478";"BISC RECH TORTUGUITA 120G CHOC BAUNILHA";"800";"420,000";"1.591,80";"1.589,80"
"1481";"BISC RECH TORTUGUITA 120G MORANGO";"800";"506,000";"1.917,74";"1.917,74"
"1491";"BISC RECH TRAKINAS 126G BUBBALOO T FRUT";"800";"486,000";"1.939,14";"1.939,14"
"1497";"BISC RECH TRAKINAS 126G CHOC";"800";"2.595,000";"10.368,25";"10.368,25"
"1493";"BISC RECH TRAKINAS 126G CHOC MORANGO";"800";"1.669,000";"6.662,71";"6.662,71"
"1495";"BISC RECH TRAKINAS 126G LIMAO";"800";"562,000";"2.242,38";"2.242,38"
"1496";"BISC RECH TRAKINAS 126G MORANGO";"800";"735,000";"2.941,65";"2.941,65"
"1475";"BISC RECH TRIUNFO TORTINI 90G CHOC";"800";"351,000";"1.154,79";"1.154,79"
"1476";"BISC RECH TRIUNFO TORTINI 90G MORANGO";"800";"227,000";"746,83";"746,83"
"1477";"BISC RECH TRIUNFO TORTINI 90G TRUFA";"800";"267,000";"878,43";"878,43"
"13474";"BISC RECH VISCONTI 125G MOR";"800";"18,000";"52,02";"52,02"
"1229";"BISC ROSQ GERMANI COCO 350G";"800";"356,000";"2.025,64";"2.025,64"
"37420";"BISC ROSQUINHA SORTIDO 250G";"800";"1,000";"3,99";"3,99"
"1616";"BISC SALG CLUB SOCIAL 288G ORIGINAL";"800";"1.304,000";"20.068,56";"20.068,56"
"1597";"BISC SALG CLUB SOCIAL 6UN 141G MIX QUEIJOS";"800";"303,000";"2.420,97";"2.420,97"
"1596";"BISC SALG CLUB SOCIAL 6UN 141G PIZZA";"800";"491,000";"3.923,09";"3.923,09"
"1594";"BISC SALG CLUB SOCIAL 6UN 141G PRESUNTO";"800";"575,000";"4.594,25";"4.594,25"
"1605";"BISC SALG CLUB SOCIAL 6UN 144G INTEGRAL";"800";"218,000";"1.741,82";"1.741,82"
"1606";"BISC SALG CLUB SOCIAL 6UN 144G ORIGINAL";"800";"1.333,000";"10.650,67";"10.650,67"
"1609";"BISC SALG CLUB SOCIAL CROSTINI 80G QUEIJO PARM VEG";"800";"2,000";"9,98";"9,98"
"1591";"BISC SALG CLUB SOCIAL RECHEADO 106G REQUEIJAO";"800";"33,000";"263,67";"263,67"
"1579";"BISC SALG GERMANI 200G MIGNON";"800";"492,000";"2.455,08";"2.455,08"
"1575";"BISC SALG GERMANI GRISSINI 175G";"800";"479,000";"1.959,11";"1.959,11"
"1578";"BISC SALG GERMANI SUZI CROCK 200G BACON";"800";"493,000";"2.410,77";"2.410,77"
"1576";"BISC SALG GERMANI SUZI CROCK 200G ORIGINAL";"800";"535,000";"2.616,15";"2.616,15"
"1577";"BISC SALG GERMANI SUZI CROCK 200G QJO";"800";"346,000";"1.691,94";"1.691,94"
"1555";"BISC SALG GERMANI TRICKS 110G CHURRASCO";"800";"363,000";"954,37";"954,37"
"1556";"BISC SALG GERMANI TRICKS 110G QJO";"800";"204,000";"535,46";"535,46"
"1558";"BISC SALG GERMANI TRICKS 110G TRAD";"800";"266,000";"697,04";"697,04"
"1614";"BISC SALG ISABELA 320G COQUETEL";"800";"55,000";"631,95";"631,95"
"1613";"BISC SALG ISABELA 350G PIC NIC";"800";"105,000";"1.256,55";"1.256,55"
"1612";"BISC SALG PARATI 270G MIGNON";"800";"82,000";"728,98";"728,98"
"1396";"BISC SALG PARATI 400G INTEG";"800";"155,000";"1.542,45";"1.542,45"
"1587";"BISC SALG PIRAQUE 138G INTEGRAL";"800";"156,000";"1.012,44";"1.012,44"
"1586";"BISC SALG PIRAQUE 138G ORIGINAL";"800";"224,000";"1.453,76";"1.453,76"
"1574";"BISC SALG PIRAQUE 50G ANEIS CEBOLA";"800";"65,000";"174,85";"174,85"
"1573";"BISC SALG PIRAQUE 50G PEPPERONI";"800";"117,000";"314,73";"314,73"
"1583";"BISC SALG PIRAQUE 60G CEBOLA E SALSA";"800";"54,000";"334,26";"334,26"
"1584";"BISC SALG PIRAQUE 60G ORIGINAL";"800";"39,000";"241,41";"241,41"
"1550";"BISC SALG SALKIM 90G BACON";"800";"939,000";"1.385,91";"1.385,91"
"1554";"BISC SALG SALKIM 90G CHURRASCO";"800";"1.097,000";"1.634,53";"1.634,53"
"1553";"BISC SALG SALKIM 90G PIZZA";"800";"657,000";"978,93";"978,93"
"1549";"BISC SALG SALKIM 90G TRAD";"800";"804,000";"1.197,96";"1.197,96"
"1560";"BISC SALG TUCS 100G CHURRASCO";"800";"1.680,000";"4.274,50";"4.192,80"
"1562";"BISC SALG TUCS 100G PIZZA";"800";"519,000";"1.230,21";"1.229,21"
"1561";"BISC SALG TUCS 100G QUEIJO";"800";"881,000";"2.184,39";"2.155,99"
"1565";"BISC SALG TUCS 100G SALAMINHO";"800";"1.228,000";"3.063,72";"2.996,12"
"1564";"BISC SALG TUCS 100G TRAD";"800";"522,000";"1.314,88";"1.293,08"
"1585";"BISC SALG ZEZE 200G MIGNON";"800";"720,000";"4.528,80";"4.528,80"
"1610";"BISC SALG ZEZE 220G LUNA";"800";"471,000";"3.476,39";"3.476,39"
"1617";"BISC SALG ZEZE 300G FOLHADO";"800";"115,000";"1.723,85";"1.723,85"
"1570";"BISC SALG ZEZE MIGNON 60G CALABRESA";"800";"65,000";"187,85";"187,85"
"1567";"BISC SALG ZEZE MIGNON 60G CHURRASCO";"800";"334,000";"965,26";"965,26"
"1569";"BISC SALG ZEZE MIGNON 60G GALETO";"800";"93,000";"268,77";"268,77"
"1572";"BISC SALG ZEZE MIGNON 60G ORIGINAL";"800";"147,000";"424,83";"424,83"
"1571";"BISC SALG ZEZE MIGNON 60G QUEIJO";"800";"83,000";"239,87";"239,87"
"1618";"BISC SORT DOMELLY 280G";"800";"1.248,000";"7.809,52";"7.162,64"
"1619";"BISC SORT DOMELLY 560G";"800";"233,000";"2.281,07";"2.281,07"
"1620";"BISC SORT DOMELLY JOCE 300G";"800";"230,000";"1.239,70";"1.239,70"
"1621";"BISC SORT GERMANI 400G";"800";"141,000";"1.211,19";"1.211,19"
"1622";"BISC SORT GERMANI 800G";"800";"334,000";"4.405,46";"4.405,46"
"1093";"BISC SOTT BROA POLVILHO DOCE 200G";"800";"59,000";"801,81";"801,81"
"1331";"BISC SOTT GROSTOLI ITALIANO 250G";"800";"49,000";"597,31";"597,31"
"1130";"BISC TRIUNFO CREAM CRACKER 164G";"800";"303,000";"1.451,37";"1.451,37"
"36920";"BISC WAFER STICK LOOK NAPOLITANO 55";"800";"2,000";"5,98";"5,98"
"36537";"BISC WAFER STICK LOOK SABORES 55G";"800";"10,000";"29,90";"29,90"
"10729";"BISCOITO DAGUA";"800";"44,840";"905,31";"905,31"
"10730";"BISCOITO MIGNON";"800";"50,414";"1.008,28";"1.008,28"
"4446";"BISCROK PEDIGREE 150G RACAS PEQUEN";"800";"15,000";"167,85";"167,85"
"34196";"BISNAGA CLASSICA 380ML AMA";"800";"21,000";"141,79";"141,79"
"34194";"BISNAGA CLASSICA 380ML BCA";"800";"49,000";"338,51";"338,51"
"34195";"BISNAGA CLASSICA 380ML VRM";"800";"34,000";"226,66";"226,66"
"4459";"BISNAGA PULLMAN 300G ARTESANO";"800";"165,000";"1.813,35";"1.810,34"
"4454";"BISNAGA PULLMAN 300G ARTESANO CHAPA";"800";"180,000";"1.924,20";"1.924,20"
"38281";"BISNAGA PULLMAN ARTES 300GR BRIOCHE";"800";"13,000";"142,87";"142,87"
"4456";"BISNAGUINHA NUTRELLA 300G NUTRELINH";"800";"46,000";"569,94";"569,94"
"4458";"BISNAGUINHA PULLMAN 300G";"800";"1.558,000";"13.273,91";"13.272,31"
"4460";"BISNAGUINHA TCHE PAO 300G TRAD";"800";"843,000";"6.096,27";"6.095,77"
"10733";"BISTECA SADIA SUINA CONG KG";"800";"190,082";"3.609,67";"3.609,67"
"545";"BITTER CAMPARI VD 748ML";"800";"25,000";"1.511,39";"1.511,39"
"549";"BITTER SANGALO VD 1L";"800";"13,000";"654,89";"654,89"
"13506";"BL TERMICA INF CB0203 MESCLA D04";"800";"2,000";"67,80";"67,80"
"13514";"BLO LIXA P UNHA BONITTA";"800";"8,000";"97,43";"97,43"
"13515";"BLO MONTANDO MINHAS SEREIAS C/48PC";"800";"6,000";"131,94";"131,94"
"13519";"BLO NOTAS ADESS 76X76MM NEON C/100";"800";"3,000";"14,97";"14,97"
"13521";"BLO POLIDOR UNHAS 7 FASES BASIC";"800";"2,000";"33,98";"33,98"
"13522";"BLO SANITARIO HIGISOL LAVANDA";"800";"6,000";"61,74";"61,74"
"13510";"BLOCO ADES AMARELO 38X50MM";"800";"2,000";"13,98";"13,98"
"13518";"BLOCO ADESIVO COLOR C 100 70X70 ";"800";"1,000";"4,99";"4,99"
"13509";"BLOCO ADESIVO JOCAR OFFICE 76X76";"800";"4,000";"23,16";"23,16"
"34967";"BLOCO ADESIVO NEON 4 BLOCOS C100";"800";"8,000";"47,92";"47,92"
"34925";"BLOCO AUTOADESIVO AMARELO 76X76MM";"800";"14,000";"48,86";"48,86"
"34968";"BLOCO AUTOADESIVO LYKE C100 NEON";"800";"2,000";"10,78";"10,78"
"4462";"BLOCO HARPIC 45G ACQUA MARINE";"800";"4,000";"97,56";"97,56"
"4464";"BLOCO RECADO JOCAR AUTO ADESIVO";"800";"4,000";"39,96";"39,96"
"4466";"BLOCO SANIT HIGISOL 35G ACOP FLORAL";"800";"12,000";"181,70";"181,70"
"4465";"BLOCO SANIT HIGISOL 35G ACOP LAVAND";"800";"13,000";"194,87";"194,87"
"4467";"BLOCO SANIT PATO 40G CAIXA ACOPLADA MARINE";"800";"15,000";"359,56";"359,56"
"4468";"BLOCO SANIT PATO C/2 50%DESC CX AC MARINE";"800";"38,000";"1.420,88";"1.420,88"
"13524";"BLOQ ODORES 60ML BABY";"800";"34,000";"373,66";"373,66"
"13525";"BLOQ ODORES 60ML ESPECIARIAS";"800";"19,000";"208,81";"208,81"
"36382";"BLOQ ODORES 60ML LAVANDA FRANCE";"800";"40,000";"399,60";"399,60"
"36660";"BLOQ ODORES AMAZON 60ML CAPIM LIMAO";"800";"36,000";"359,64";"359,64"
"35677";"BLOQ ODORES AMAZONIA 60ML T FRUTTI";"800";"14,000";"153,86";"153,86"
"35623";"BLUSH CONTORNO C 3 CORES 9G";"800";"5,000";"69,95";"69,95"
"35621";"BLUSH ESTAMPA LASER 3G";"800";"5,000";"99,95";"99,95"
"33840";"BODY SPLASH CARMED 200ML AMOR DE VERAO";"800";"1,000";"49,99";"49,99"
"33841";"BODY SPLASH CARMED 200ML LUZ DO SOL";"800";"5,000";"217,95";"217,95"
"33842";"BODY SPLASH CARMED 200ML NAS NUVENS";"800";"2,000";"85,98";"85,98"
"13591";"BOL ANA MARIA COB 42G AVELA";"800";"407,000";"1.786,73";"1.786,73"
"13598";"BOL NUTRELLA ANA MARIA 45G COB PAO MEL";"800";"89,000";"337,11";"337,11"
"13599";"BOL TRIGO PANINE 150G BAC";"800";"3,000";"16,77";"16,77"
"33409";"BOLA ESPUMA SORTIDA";"800";"3,000";"41,97";"41,97"
"38218";"BOLA FUTEBOL ARENA N5 SORTIDAS";"800";"155,000";"3.702,45";"3.698,45"
"36682";"BOLA FUTEBOL COLORIDA";"800";"21,000";"335,79";"335,79"
"33767";"BOLA FUTEBOL PVC N2";"800";"6,000";"89,94";"89,94"
"36683";"BOLA FUTEBOL TRICOLOR";"800";"36,000";"575,64";"575,64"
"13627";"BOLA INFLAVEL PATRULHA 40CM";"800";"1,000";"15,99";"15,99"
"13630";"BOLA JOANINHA";"800";"1,000";"9,99";"9,99"
"13634";"BOLA LIDER BRILHANTE";"800";"8,000";"47,92";"47,92"
"33776";"BOLA MASSAGEADORA ESPUMA 6 3CM";"800";"2,000";"9,98";"9,98"
"13643";"BOLA PLAST CORES SORT";"800";"10,000";"59,90";"59,90"
"33740";"BOLA PVC FUTEBOL N5";"800";"159,000";"3.178,41";"3.178,41"
"13647";"BOLA SISAL P/GATO C/PENA 6,5CM";"800";"31,000";"309,69";"309,69"
"13648";"BOLA SOCCER SORT";"800";"1,000";"5,99";"5,99"
"13649";"BOLA SPORT BALL";"800";"2,000";"11,98";"11,98"
"33555";"BOLA VINIL COLORIDA";"800";"12,000";"107,88";"107,88"
"33556";"BOLA VINIL KIDS";"800";"7,000";"41,93";"41,93"
"35348";"BOLA VOLEI EVA";"800";"16,000";"383,84";"383,84"
"13656";"BOLA VOLEI PRAIA QUADRA N5 ";"800";"3,000";"68,97";"68,97"
"36512";"BOLA VOLEI PVC N5 22CM";"800";"107,000";"2.780,93";"2.780,93"
"10735";"BOLACHA DOBRADA G MARQUESPAN KG";"800";"2.256,589";"39.961,60";"39.961,55"
"10735";"BOLACHA DOBRADA G MARQUESPAN KG";"810";"7,058";"141,09";"141,09"
"10734";"BOLACHA DOBRADA KG";"800";"1.740,590";"15.464,03";"15.464,03"
"10736";"BOLACHA FOLHADA KG";"800";"507,744";"4.511,78";"4.511,78"
"11637";"BOLACHA FOLHADA MARQUESPAN KG";"800";"2.135,795";"37.365,25";"37.347,01"
"37594";"BOLINHA CALABRESA SPECIATTA KG";"800";"8,856";"513,57";"513,57"
"10739";"BOLINHA SPECIATTA QJO";"800";"255,974";"14.496,27";"13.201,09"
"26154";"BOLINHO AIPIM HENICKA 300G";"800";"73,000";"635,85";"635,85"
"10740";"BOLINHO BACALHAU OCEANI 300G";"800";"44,000";"1.759,56";"1.759,56"
"10742";"BOLINHO TILAPIA JAPESCA 300G";"800";"245,000";"3.182,55";"3.182,55"
"8922";"BOLO ANA MARIA 35G CHOCO";"800";"456,000";"1.696,24";"1.696,24"
"8923";"BOLO ANA MARIA 35G DUPLO CHOCO";"800";"355,000";"1.315,25";"1.315,25"
"8924";"BOLO ANA MARIA 35G GOTAS CHOCO";"800";"488,000";"1.811,92";"1.811,92"
"8925";"BOLO ANA MARIA BAUNILHA 70G";"800";"114,000";"559,66";"559,66"
"8926";"BOLO ANA MARIA CENOURA CHOCO 35G";"800";"217,000";"1.028,83";"1.028,83"
"1630";"BOLO BAUDUCCO 40G BAUN MORANGO";"800";"247,000";"707,03";"707,03"
"1627";"BOLO BAUDUCCO 40G BAUNILHA CHOC";"800";"71,000";"212,29";"212,29"
"1624";"BOLO BAUDUCCO DUO 27G CHOC";"800";"148,000";"283,42";"283,42"
"10751";"BOLO CHOC ALEGRETE";"800";"48,392";"1.562,58";"1.562,58"
"10755";"BOLO ESPECIAL BAKLIZI KG";"800";"35,750";"1.619,04";"1.619,04"
"10762";"BOLO NA TACA BAKLIZI ALEGRETE KG";"800";"10,452";"495,33";"495,33"
"10763";"BOLO NO POTE BAKLIZI SABORES KG";"800";"7,408";"402,18";"402,18"
"4471";"BOLO NUTRELLA 42G ANA MARIA COB CHOCOLATE";"800";"500,000";"1.870,20";"1.870,20"
"4472";"BOLO NUTRELLA 42G ANA MARIA COB NAPOLITANO";"800";"475,000";"1.758,85";"1.758,85"
"13596";"BOLO NUTRELLA ANA MARIA 35G  BAUNILHA";"800";"276,000";"1.018,04";"1.018,04"
"33672";"BOLO NUTRELLA ANA MARIA 70G BANOFFE";"800";"61,000";"316,99";"316,99"
"4473";"BOLO NUTRELLA ANA MARIA 70G CHOC TRAD";"800";"240,000";"1.238,10";"1.238,10"
"4474";"BOLO NUTRELLA ANA MARIA 70G GOTAS CHOC";"800";"253,000";"1.316,47";"1.316,47"
"33512";"BOLO NUTRELLA ANA MARIA 70G MOR";"800";"149,000";"773,21";"773,21"
"33610";"BOLO NUTRELLA ANA MARIA 70G TRIPLO CHOC";"800";"264,000";"1.356,06";"1.356,06"
"4477";"BOLO PULLMAN 250G CHOCOLATE";"800";"163,000";"2.275,37";"2.275,37"
"4479";"BOLO PULLMAN 250G FRAP CALIFORNIA";"800";"116,000";"1.619,84";"1.619,84"
"4478";"BOLO PULLMAN 250G GOTAS CHOCOLATE";"800";"168,000";"2.345,92";"2.345,92"
"4480";"BOLO PULLMAN 250G LARANJA";"800";"240,000";"3.350,20";"3.350,20"
"10765";"BOLO SECO VO ANA 300G ABACAXI";"800";"380,000";"5.650,40";"5.584,41"
"10767";"BOLO SECO VO ANA 300G BAUN";"800";"1,000";"14,98";"14,98"
"10768";"BOLO SECO VO ANA 300G CEN";"800";"373,000";"5.561,54";"5.484,53"
"10769";"BOLO SECO VO ANA 300G CHOC";"800";"731,000";"10.853,51";"10.673,55"
"10770";"BOLO SECO VO ANA 300G COCO";"800";"281,000";"4.171,43";"4.113,41"
"10771";"BOLO SECO VO ANA 300G FORMIG";"800";"813,000";"12.119,74";"11.916,76"
"10773";"BOLO SECO VO ANA 300G LARANJA";"800";"609,000";"9.068,82";"8.932,86"
"13670";"BOLSA AGUA QUENTE 1L";"800";"14,000";"307,86";"307,86"
"33634";"BOLSA RETORNAVEL SR8122 SACOLA";"800";"19,000";"189,81";"189,81"
"33614";"BOLSA RETORNAVEL SR8123 SACOLA";"800";"12,000";"119,88";"119,88"
"33613";"BOLSA RETORNAVEL SRDY01 SACOLA";"800";"1,000";"9,99";"9,99"
"35984";"BOLSA SACOLA RETORNAVEL UP SR8124";"800";"16,000";"159,84";"159,84"
"34889";"BOLSA TERMICA MOR 15L";"800";"2,000";"139,80";"139,80"
"33617";"BOMBA AGUA USB 13X9X8CM PLAST INOX";"800";"1,000";"25,99";"25,99"
"13677";"BOMBA AGUA USB RECAR 13X7CM 5/10/20LT";"800";"1,000";"31,99";"31,99"
"13685";"BOMBA CHIMAR INOX DITREVISO 23CM";"800";"10,000";"139,90";"123,90"
"13686";"BOMBA CHIMAR INOX DITREVISO C APL 23CM";"800";"204,000";"3.207,96";"3.159,96"
"13680";"BOMBA CONFEITAR 8 BICOS 130ML ROSA";"800";"1,000";"19,99";"19,99"
"13681";"BOMBA ELETR P GALAO RECAR";"800";"1,000";"22,99";"22,99"
"13684";"BOMBA MAN SUCCAO P/SC A VAC";"800";"2,000";"23,98";"23,98"
"13687";"BOMBA P/CHIMAR INOX LISA DITREVISO 23CM";"800";"165,000";"2.308,35";"2.301,36"
"13693";"BOMBA P/GALAO AGUA MAN REF WX4966";"800";"2,000";"31,98";"31,98"
"13694";"BOMBA PERSONALIZADA GREMIO R 2570 G";"800";"2,000";"43,98";"43,98"
"33405";"BOMBA SILICONE 23CM ACO FORTE";"800";"3,000";"47,97";"47,97"
"8928";"BOMBA TAUMER CHIMARRAO REF257 INTER";"800";"3,000";"65,97";"65,97"
"3874";"BOMBOM AMOR CARIOCA 200G";"800";"1.570,000";"18.688,18";"18.685,28"
"3875";"BOMBOM AMOR CARIOCA 200G BRANCO";"800";"1.301,000";"15.494,47";"15.494,47"
"3876";"BOMBOM AMOR CARIOCA 200G DUO";"800";"823,000";"9.489,47";"9.489,47"
"36474";"BOMBOM AMOR CARIOCA 20G";"800";"1.652,000";"3.287,48";"3.287,48"
"37396";"BOMBOM AMOR CARIOCA 500G";"800";"81,000";"2.741,04";"2.741,04"
"38054";"BOMBOM AMOR CARIOCA 900G";"800";"3,000";"167,99";"167,99"
"13696";"BOMBOM AMOR CARIOCA BCO 20G";"800";"2.799,000";"5.331,61";"5.331,61"
"37415";"BOMBOM AMOR CARIOCA BCO 500G";"800";"132,000";"4.733,85";"4.733,85"
"26181";"BOMBOM AMOR CARIOCA BCO 900G";"800";"12,000";"828,00";"828,00"
"13697";"BOMBOM ARCOR SORT 146G";"800";"308,000";"4.062,52";"4.062,52"
"13699";"BOMBOM BEL SORT 180G";"800";"2.161,000";"15.949,19";"14.801,99"
"13700";"BOMBOM BEL SORT 450G";"800";"78,000";"1.379,82";"1.379,82"
"13701";"BOMBOM GAROTO 215 2G CROC E CARIBE";"800";"238,000";"3.302,12";"3.065,43"
"37222";"BOMBOM GAROTO FINOS 220G SORTIDOS";"800";"3.080,000";"43.912,39";"43.494,74"
"13702";"BOMBOM GAROTO FINOS 250G";"800";"13,000";"185,77";"185,77"
"13704";"BOMBOM GAROTO SERENATA AMOR 20G UN";"800";"2.138,000";"3.054,42";"3.054,12"
"13716";"BOMBOM GAROTO SERENATA AMOR 210 7G";"800";"5,000";"114,95";"114,95"
"37529";"BOMBOM LACTA FAVORITOS 131 4G";"800";"30,000";"389,70";"389,70"
"13705";"BOMBOM LACTA FAVORITOS 250 6G";"800";"627,000";"11.217,52";"11.217,52"
"35236";"BOMBOM LACTA OREO 20G";"800";"84,000";"142,66";"142,66"
"37406";"BOMBOM LACTA OREO 540G";"800";"2,000";"99,80";"99,80"
"36628";"BOMBOM LACTA OURO BCO 1KG";"800";"39,000";"3.077,10";"3.077,10"
"13707";"BOMBOM LACTA OURO BCO 20G";"800";"4.513,000";"7.898,87";"7.898,87"
"13709";"BOMBOM LACTA SONHO OURO 220G";"800";"81,000";"1.716,39";"1.716,39"
"37414";"BOMBOM LACTA SONHO VALSA 1KG";"800";"42,000";"3.313,80";"3.313,80"
"13708";"BOMBOM LACTA SONHO VALSA 20G";"800";"3.642,000";"6.506,08";"6.506,08"
"1501";"BOMBOM MUMU KIDS SORT 187 2G";"800";"83,000";"1.733,87";"1.639,07"
"36616";"BOMBOM NESTLE ESPECIALIDADES 220G SORTIDOS";"800";"4.672,000";"68.552,81";"62.046,26"
"13712";"BOMBOM NESTLE ESPECIALIDADES 251G";"800";"3.679,000";"53.784,84";"49.804,63"
"13714";"BOMBOM NEUGEBAUER HITS 200G";"800";"37,000";"695,23";"643,03"
"26188";"BOMBOM SERENATA AMOR 825G ";"800";"41,000";"2.383,10";"2.383,10"
"37080";"BOMBONIERE TAMPA C VISOR 600ML";"800";"13,000";"233,87";"233,87"
"37114";"BOMBONIERE VIDRO AGATHA 590ML";"800";"3,000";"62,97";"62,97"
"13718";"BOMBONIERI VIDRO GLAM 150ML";"800";"4,000";"79,96";"79,96"
"13721";"BON BOUTIQUE DOLLS REBORN NEGRA";"800";"1,000";"61,99";"61,99"
"38029";"BONE BOLA BRASIL PT4800BRA";"800";"12,000";"179,88";"179,88"
"36748";"BONECA COM SOM POLIP";"800";"4,000";"103,96";"103,96"
"4486";"BONECA POLLY FWY19 ";"800";"1,000";"38,99";"38,99"
"13734";"BOR BIC BCA NEON C 2";"800";"4,000";"35,96";"35,96"
"13737";"BOR COLOR/CINTA C/2 LEOELEO-4770";"800";"8,000";"25,52";"25,52"
"13739";"BOR DIVERT ARCO IRIS UN-YP8200";"800";"3,000";"2,97";"2,97"
"13743";"BOR MERCUR CLEAN ROSA C 2";"800";"39,000";"221,91";"221,91"
"13744";"BOR MERCUR COLOR PULL C 3";"800";"19,000";"75,81";"75,81"
"13745";"BOR MERCUR TP 18 PULL";"800";"19,000";"132,81";"132,81"
"13747";"BOR OVAL BCA C/2 LEOELEO-4748";"800";"12,000";"38,28";"38,28"
"13748";"BOR P PANELA PRESSAO A ORIG 4 5L ";"800";"48,000";"287,52";"287,52"
"13751";"BOR SOFT GREEN ACRILEX 21919";"800";"17,000";"67,83";"67,83"
"38483";"BORRACHA BIC NEON PLASTICA C 2";"800";"1,000";"5,99";"5,99"
"35026";"BORRACHA BICOLOR C2 LAPIS CANETA";"800";"6,000";"35,94";"35,94"
"35022";"BORRACHA DIVERTIDA SWEETS C4 YINS";"800";"1,000";"8,99";"8,99"
"35024";"BORRACHA DONUTS YINS";"800";"4,000";"23,96";"23,96"
"34950";"BORRACHA ESCOLAR C CAPA LYKE C2";"800";"5,000";"16,25";"16,25"
"34953";"BORRACHA ESCOLAR LYKE PICOLE";"800";"16,000";"121,44";"121,44"
"36006";"BORRACHA ESCOLAR SWEET PIRULITO";"800";"7,000";"27,93";"27,93"
"4488";"BORRACHA LEO&LEO BRANCA C/CAPA 2 UN";"800";"8,000";"23,92";"23,92"
"8930";"BORRACHA MERCUR BRANCA SM 2UN";"800";"27,000";"107,73";"107,73"
"35793";"BORRACHA MERCUR C PONTEIRA BRANCA C";"800";"34,000";"132,26";"132,26"
"35792";"BORRACHA MERCUR OVAL AZ C2";"800";"17,000";"96,73";"96,73"
"35864";"BORRACHA MERCUR OVAL BCA RSA C 2";"800";"17,000";"118,83";"118,83"
"4493";"BORRACHA MERCUR RECORD 40 BL C 3";"800";"19,000";"75,81";"75,81"
"4490";"BORRACHA MERCUR RECORD PRIMA 3UN";"800";"25,000";"99,75";"99,75"
"8931";"BORRACHA MERCUR VERDE SM 2UN";"800";"15,000";"85,35";"85,35"
"34943";"BORRACHA OVAL LYKE MULTICORES C2";"800";"13,000";"110,37";"110,37"
"35027";"BORRACHA PONTEIRA BRANCA YINS";"800";"1,000";"17,99";"17,99"
"35025";"BORRACHA RETRATIL GRADIANTE YINS";"800";"2,000";"13,98";"13,98"
"35028";"BORRACHA YINS PONTEIRA C5 BCA";"800";"8,000";"31,92";"31,92"
"34942";"BORRACHA ZOO RETANGULAR LYKE C2";"800";"7,000";"41,93";"41,93"
"36393";"BORRIF GLADE HOME LAVAN TRANQ 265ML";"800";"21,000";"560,49";"560,49"
"33824";"BORRIFADOR GLADE HOME 265ML FLESH FLOWER";"800";"21,000";"476,49";"476,49"
"13733";"BORROCHA BIC BCA C 2";"800";"26,000";"233,74";"233,74"
"34343";"BOUQUE CRAVO X5";"800";"5,000";"19,95";"19,95"
"34344";"BOUQUE DE ROSAS C VDE X5";"800";"2,000";"13,98";"13,98"
"34342";"BOUQUE PAPOULA X5";"800";"8,000";"31,92";"31,92"
"13771";"BR ANIMAIS DA FLORESTA 11PC";"800";"6,000";"89,94";"89,94"
"26371";"BR APITO DA COPA MARILU";"800";"1,000";"0,69";"0,69"
"13788";"BR AQUAPLAY CELULAR 11CM TS49191";"800";"1,000";"5,89";"5,89"
"13793";"BR AQUAPOWER ARGOLA MAGIC UNICORN";"800";"1,000";"14,99";"14,99"
"13794";"BR AQUAPOWER ARGOLA SEA BOTTOM";"800";"1,000";"12,99";"12,99"
"13796";"BR AQUAPOWER ARGOLA TIDAL DINOSAUR";"800";"1,000";"12,99";"12,99"
"26420";"BR AVIAO FRIC R 15 1215 ";"800";"1,000";"15,90";"15,90"
"26423";"BR AVIAO FRIC X6 R.15.1210";"800";"1,000";"13,90";"13,90"
"13828";"BR BALDE PRAIA IMPERIO M";"800";"2,000";"29,98";"29,98"
"13832";"BR BARBIE A TOUCH OF MAGIG MALIBU";"800";"1,000";"199,90";"199,90"
"13842";"BR BARBIE PRINCESAS SORTIMENTO";"800";"1,000";"59,90";"59,90"
"13887";"BR BLOS CORRIDA/CLAS BLUE 44PC";"800";"1,000";"16,99";"16,99"
"13889";"BR BLOS CORRIDA/CLAS YELLOW 48PC";"800";"1,000";"16,99";"16,99"
"13892";"BR BLOS CORRIDA/GOLD POWER 51PC";"800";"1,000";"19,99";"19,99"
"13894";"BR BLOS CORRIDA/TURBO FAST 48PC";"800";"1,000";"19,99";"19,99"
"13897";"BR BLOS MINI HOSPITAL PLAY BOX 35PC";"800";"6,000";"101,94";"101,94"
"13909";"BR BOLA SUPER MALUCA C/LUZ SOM 11CM";"800";"3,000";"74,97";"74,97"
"13949";"BR BON CINDY FASHION C/ACES 8PC";"800";"3,000";"59,97";"59,97"
"13953";"BR BON COTIPLAS PET LOVE SHOP 2507";"800";"1,000";"129,90";"129,90"
"13955";"BR BON FADA 11CM";"800";"3,000";"26,97";"26,97"
"13956";"BR BON FADAS 11CM C/2";"800";"6,000";"95,94";"95,94"
"13957";"BR BON FADAS 11CM C/3";"800";"5,000";"114,95";"114,95"
"13973";"BR BON LIULY AMIGAS FASHION";"800";"6,000";"23,94";"23,94"
"13982";"BR BON MILITAR RESG X FORCE 2PC";"800";"1,000";"14,99";"14,99"
"13983";"BR BON MILITAR W-FORCE X 2PC";"800";"3,000";"41,97";"41,97"
"14008";"BR BON NIKKIE C/LUZ+ACESSORIOS 6PC";"800";"3,000";"44,97";"44,97"
"14011";"BR BON PASSION CUTE STYLE";"800";"4,000";"59,96";"59,96"
"14023";"BR BON PRINCESA 11CM";"800";"5,000";"44,95";"44,95"
"14025";"BR BON PRINCESAS 11CM C/2";"800";"2,000";"31,98";"31,98"
"14026";"BR BON PRINCESAS 11CM C/3";"800";"2,000";"45,98";"45,98"
"14036";"BR BON SEREIA 11CM";"800";"11,000";"98,89";"98,89"
"14042";"BR BON SEREIAS 11CM C/2";"800";"6,000";"95,94";"95,94"
"27011";"BR CAMIN FRIC REF.1170";"800";"1,000";"74,90";"74,90"
"14073";"BR CAMINHAO DEKO BLOS I";"800";"3,000";"53,97";"53,97"
"14074";"BR CAMINHAO DEKO BOIADEIRO I";"800";"1,000";"12,99";"12,99"
"27088";"BR CAR C/LANCADOR PISTA TS4463";"800";"1,000";"27,90";"27,90"
"14088";"BR CARRETA BOIADEIRO I";"800";"2,000";"39,98";"39,98"
"14105";"BR CARRINHO KENDY WOKER";"800";"1,000";"16,99";"16,99"
"14114";"BR CARRINHOS HOT WHEELS SORTS C/5";"800";"1,000";"99,90";"99,90"
"14130";"BR CARRO ANIMALS ALOY";"800";"3,000";"32,97";"32,97"
"14131";"BR CARRO CORR FRICCAO SUPER CAR 2PC";"800";"13,000";"259,87";"259,87"
"14139";"BR CARRO FRICCAO MAXIMUM SPEED CAR";"800";"6,000";"77,94";"77,94"
"14144";"BR CARRO MONTAR PLAY BOX BLOCK 31PC";"800";"10,000";"119,90";"119,90"
"14147";"BR CARRO RACING ONE 6PC";"800";"1,000";"14,99";"14,99"
"27340";"BR CARTON JG POKEMON STARTER CONFLITO";"800";"1,000";"41,50";"19,90"
"27345";"BR CARTON JG POKEMON XY6 STARTER DECK";"800";"1,000";"41,50";"19,90"
"14174";"BR CEL C/SOM+ACESSORIO GLAM GIRLS 2PC";"800";"7,000";"76,93";"76,93"
"14201";"BR COLRS PIRES XICARA ACUCAREIRO CART";"800";"1,000";"9,69";"9,69"
"27482";"BR CORNETA R.15.0141";"800";"1,000";"14,50";"14,50"
"14209";"BR COZINHA BANH PRINCESA C/ACESSORIOS";"800";"7,000";"118,93";"118,93"
"14211";"BR COZINHA TATY FASHION RFB153";"800";"1,000";"28,99";"28,99"
"14216";"BR CUBO MAGICO COLOR CUBE 5CM";"800";"1,000";"4,99";"4,99"
"14220";"BR DAMAS SOLAPA MADEIRA UNICA";"800";"1,000";"19,99";"19,99"
"14222";"BR DENTADURA A CORDA CRAZY CRAC";"800";"3,000";"41,97";"41,97"
"14226";"BR DINHEIRINHO C/48 NOTAS";"800";"6,000";"35,94";"35,94"
"27548";"BR DINOS R1453";"800";"3,581";"46,19";"46,19"
"14242";"BR DINOSSAUROS C/8 PC";"800";"2,000";"33,98";"33,98"
"14288";"BR GIGI NA COZINHA FRITADEIRA";"800";"2,000";"17,98";"17,98"
"14289";"BR GIGI NA COZINHA PANELINHAS";"800";"5,000";"39,95";"39,95"
"14292";"BR GOU/BANHEIRINHO DA PRINCESA";"800";"3,000";"86,97";"86,97"
"14306";"BR HEROI HERO SQUAD POWER FIGHT";"800";"1,000";"11,99";"11,99"
"14332";"BR JOGO LETRINHAS R.15.1337";"800";"1,000";"8,35";"8,35"
"14333";"BR JOGO MICO MEMORIA 2 EM 1";"800";"3,000";"38,97";"38,97"
"14351";"BR KIDIVERTIDO GELECA MUNDO ANIMAL";"800";"2,000";"33,98";"33,98"
"14352";"BR KIDIVERTIDO OVO DINO 3PC";"800";"3,000";"56,97";"56,97"
"14356";"BR KIDIVERTIDO SORT REF 1499";"800";"23,000";"344,77";"344,77"
"14358";"BR KIDIVERTIDO SORT REF 1999";"800";"78,000";"1.559,22";"1.559,22"
"14359";"BR KIDIVERTIDO SORT REF 2499";"800";"2,000";"49,98";"49,98"
"14360";"BR KIDIVERTIDO SORT REF 2999";"800";"33,000";"989,67";"989,67"
"14362";"BR KIDIVERTIDO SORT REF 3999";"800";"11,000";"439,89";"439,89"
"14363";"BR KIDIVERTIDO SORT REF 4999";"800";"42,000";"2.099,58";"2.099,58"
"14365";"BR KIDIVERTIDO SORT REF 699";"800";"24,000";"167,76";"167,76"
"14366";"BR KIDIVERTIDO SORT REF 6999";"800";"3,000";"209,97";"209,97"
"14367";"BR KIDIVERTIDO SORT REF 799";"800";"4,000";"31,96";"31,96"
"14368";"BR KIDIVERTIDO SORT REF 7999";"800";"1,000";"79,99";"79,99"
"14369";"BR KIDIVERTIDO SORT REF 899";"800";"1,000";"8,99";"8,99"
"14370";"BR KIDIVERTIDO SORT REF 999";"800";"8,000";"79,92";"79,92"
"14383";"BR KIT ARANHA PEQ C/12PC R.TS52159";"800";"1,000";"16,50";"16,50"
"14385";"BR KIT BELEZA CART R.TS55788";"800";"1,000";"14,50";"14,50"
"14392";"BR KIT BLOS 12 PC";"800";"11,000";"109,89";"109,89"
"14393";"BR KIT BLOS 24 PC";"800";"7,000";"118,93";"118,93"
"14407";"BR KIT CHUR+ACESSORIOS 13PC";"800";"4,000";"75,96";"75,96"
"14408";"BR KIT COMIDINHAS MONTAR BURGER 16PC";"800";"5,000";"119,95";"119,95"
"14409";"BR KIT CONF. ALTIMAR BOLINHO PRINC";"800";"2,000";"51,98";"51,98"
"14416";"BR KIT COZINHA C 4PC";"800";"2,000";"17,98";"17,98"
"14434";"BR KIT FERRAMENTAS FOLIA";"800";"1,000";"9,99";"9,99"
"28221";"BR KIT MEDICO R.15.1333";"800";"1,000";"10,50";"10,50"
"14459";"BR KIT MINHA FAZENDA I";"800";"12,000";"143,88";"143,88"
"14460";"BR KIT MINHA FAZENDA III";"800";"1,000";"14,99";"14,99"
"14461";"BR KIT MINI PET HORA PASSEIO 12PC";"800";"3,000";"47,97";"47,97"
"14462";"BR KIT MISSANGAS UNICORNIO 200PC";"800";"2,000";"47,98";"47,98"
"14467";"BR KIT PANELINHAS";"800";"3,000";"26,97";"26,97"
"14469";"BR KIT PIZZA 7PC";"800";"11,000";"131,89";"131,89"
"14474";"BR KIT REFEICAO ALTIMAR CARTELA";"800";"1,000";"25,99";"25,99"
"28299";"BR LANCA HELICE C/LUZ R.15.0700";"800";"1,000";"12,50";"12,50"
"14500";"BR LUDO SOLAPA MADEIRA UNICA";"800";"2,000";"39,98";"39,98"
"14510";"BR MASSINHA C/ACESSORIO R TS56613";"800";"1,000";"12,90";"12,90"
"14518";"BR MEU KIT FEIRINHA C/9PC";"800";"6,000";"59,94";"59,94"
"14520";"BR MEU KIT MERCADINHO C/14PC";"800";"5,000";"89,95";"89,95"
"14529";"BR MILA C/CHEIRINHO+ACESSORIOS 8PC";"800";"3,000";"32,97";"32,97"
"14563";"BR MINI HOTEL MONTAR PLAY BOX 12PC";"800";"4,000";"67,96";"67,96"
"14578";"BR MINI RESTANTE MONTAR PLAY BOX 12PC";"800";"10,000";"169,90";"169,90"
"14586";"BR MONTANDO MINHA FAZENDINHA C/48PC";"800";"2,000";"43,98";"43,98"
"14600";"BR MOTO KENDY KRYPTON";"800";"3,000";"56,97";"56,97"
"14604";"BR MUNDO ANIMAL SELVESTRE FOLIA";"800";"1,000";"9,90";"9,90"
"14613";"BR P/GATO 31CM";"800";"25,000";"249,75";"249,75"
"14614";"BR P/GATO CATINIP 7,5CM C/2";"800";"31,000";"309,69";"309,69"
"14615";"BR P/GATO CATINIP 7,5CM C/2 R199084";"800";"21,000";"209,79";"209,79"
"14616";"BR P/GATO PLAST C/PENA 5CM 193708";"800";"22,000";"219,78";"219,78"
"14617";"BR P/GATO POLIESTER 17CM";"800";"33,000";"461,67";"461,67"
"14621";"BR P/PET PELUCIA PATINHO 12X8CM";"800";"12,000";"155,88";"155,88"
"14633";"BR PEAO C/LUZ R.15.1376";"800";"2,000";"19,18";"19,18"
"14640";"BR PELUCIA 17CM DINOSSAURO";"800";"1,000";"12,99";"12,99"
"14641";"BR PELUCIA 18CM CROCODILO";"800";"3,000";"38,97";"38,97"
"14651";"BR PELUCIA 26CM CANGURU";"800";"11,000";"208,89";"208,89"
"14655";"BR PESCA BICHOS R TS55698";"800";"1,000";"13,50";"13,50"
"14736";"BR PISTA C/CARROS FOLIA RACING";"800";"1,000";"49,90";"49,90"
"14738";"BR PISTA C/ESTAC CARROS 12PC";"800";"7,000";"139,93";"139,93"
"14739";"BR PISTA C/ESTACION CARROS 12PC";"800";"1,000";"79,90";"79,90"
"14740";"BR PISTA C/ESTACION CONSTRUCAO 18PC";"800";"7,000";"181,93";"181,93"
"14741";"BR PISTA C/ESTACION FIRE DEPTO 17PC";"800";"10,000";"259,90";"259,90"
"14743";"BR PISTA C/LANCAD FIRE WHEEL 10PC";"800";"4,000";"279,60";"279,60"
"14742";"BR PISTA C/LANCAD LOOP 360 DINO 29PC";"800";"3,000";"89,70";"89,70"
"14765";"BR QUARTINHO DA PRINCESA C/ACESSORIOS";"800";"2,000";"33,98";"33,98"
"14766";"BR QUARTINHO PRINCESA C/ACESSORIOS";"800";"1,000";"28,99";"28,99"
"14772";"BR QUEB CABECA BORBOLETAS TS40040";"800";"3,000";"19,65";"19,65"
"14773";"BR QUEB CABECA LETRAS TS40041";"800";"1,000";"6,55";"6,55"
"14775";"BR RACE CHAMPIONS TOYS RF0386";"800";"5,000";"184,95";"163,68"
"14795";"BR SALINHA TV PRINCESA C/ACESSORIOS";"800";"1,000";"16,99";"16,99"
"14796";"BR SALINHA TV PRINCESA C/ACESSORIOS";"800";"4,000";"115,96";"115,96"
"14800";"BR SAMBA COLORS 2 PANELAS UT CARTELA";"800";"1,000";"14,99";"14,99"
"14801";"BR SAMBA COLORS TALHARES PRATOS CART";"800";"3,000";"29,07";"29,07"
"14811";"BR SKATE DEDO EXTREME SPORTS";"800";"1,000";"7,99";"7,99"
"14824";"BR SOLDADOS FORCAS ESPECIAIS C/24";"800";"5,000";"69,95";"69,95"
"14828";"BR STOP UNICA";"800";"1,000";"22,99";"22,99"
"14847";"BR TORRE MALUCA 39 PC MADEIRA UNICA";"800";"3,000";"59,97";"59,97"
"14856";"BR TREM PIUI VAGAO I";"800";"2,000";"25,98";"25,98"
"14857";"BR TRENZINHO CAMBALHOTA MALUQUINHO";"800";"2,000";"39,98";"39,98"
"14862";"BR UNICORNIO MEU QUERIDO AMIGO";"800";"1,000";"14,99";"14,99"
"14871";"BR VOLANTE MUSICAL TS44976";"800";"2,000";"209,00";"124,40"
"3482";"BRIGADEIRO PETRY 1 8KG";"800";"9,000";"471,81";"471,81"
"3483";"BRIGADEIRO PETRY 400G";"800";"48,000";"738,72";"738,72"
"3484";"BRIGADEIRO STA CLARA 400G";"800";"23,000";"459,77";"459,77"
"33558";"BRINQ ACQUA PLAY";"800";"14,000";"59,86";"59,86"
"33577";"BRINQ ACQUA PRINCESAS";"800";"7,000";"55,93";"55,93"
"33646";"BRINQ ACQUAPLAY CAMINHAO 15CM ";"800";"11,000";"76,89";"76,89"
"36767";"BRINQ ANIMAIS FUNDO DO MAR C 6 PCS";"800";"21,000";"209,79";"209,79"
"37286";"BRINQ AQUAPLAY CAPIVARA GK3492";"800";"20,000";"139,80";"139,80"
"37283";"BRINQ AQUAPLAY CAPIVARA GK3504";"800";"35,000";"244,65";"244,65"
"37360";"BRINQ AQUAPLAY CARANGUEJO GK3103";"800";"58,000";"405,42";"405,42"
"36761";"BRINQ ARMA C MUSICA E LUZ";"800";"20,000";"479,80";"479,80"
"36764";"BRINQ ARMA DE BOLA C 5 PCS";"800";"17,000";"118,83";"118,83"
"33584";"BRINQ BALEIA ATIRADORA";"800";"5,000";"49,95";"49,95"
"33589";"BRINQ BARCO PRAIA";"800";"6,000";"89,94";"89,94"
"33597";"BRINQ BASQUETE CAPIVARA";"800";"1,000";"29,90";"29,90"
"37307";"BRINQ BOLHA SABAO GK2286";"800";"27,000";"188,73";"188,73"
"37333";"BRINQ BOLHAS SABAO CAPIVARA GK2610";"800";"43,000";"257,57";"257,57"
"37334";"BRINQ BOLHAS SABAO CARROS GK2617";"800";"25,000";"149,75";"149,75"
"37335";"BRINQ BOLHAS SABAO DINO GK2618";"800";"15,000";"89,85";"89,85"
"37352";"BRINQ BOLHAS SABAO DINO GK3071";"800";"43,000";"300,57";"300,57"
"37318";"BRINQ BOLHAS SABAO GK2287";"800";"24,000";"167,76";"167,76"
"37355";"BRINQ BOLHAS SABAO PEIXE GK3073";"800";"25,000";"174,75";"174,75"
"37351";"BRINQ BOLHAS SABAO SAPO GK3070";"800";"22,000";"153,78";"153,78"
"34555";"BRINQ BONECA C ACESSORIOS";"800";"2,000";"91,98";"91,98"
"37274";"BRINQ BONECA C ACESSORIOS GK2328";"800";"23,000";"436,77";"436,77"
"33574";"BRINQ BONECA C ROUPAS";"800";"14,000";"265,86";"265,86"
"37339";"BRINQ BONECA E ACESSORIOS GK3290";"800";"30,000";"569,70";"569,70"
"37277";"BRINQ BONECA FADA BETTY";"800";"22,000";"637,78";"637,78"
"33551";"BRINQ BONECA FADA C ACESSORIOS";"800";"4,000";"119,96";"119,96"
"37321";"BRINQ BONECA FADA GK2376";"800";"2,000";"63,98";"63,98"
"33820";"BRINQ BONECA MAGGIE 7PCS VESTIDOS";"800";"1,000";"16,99";"16,99"
"36746";"BRINQ BONECA POLIP 18 5X7X34CM";"800";"17,000";"322,83";"322,83"
"37350";"BRINQ BONECA SEREIA GK3232";"800";"30,000";"509,70";"509,70"
"33572";"BRINQ BONECO A CORDA BATE TAMBOR";"800";"1,000";"9,99";"9,99"
"36771";"BRINQ BONECO MILITAR C 3PCS";"800";"34,000";"203,66";"203,66"
"36773";"BRINQ BONECO MILITAR POLIP 17X4X25";"800";"26,000";"207,74";"207,74"
"36775";"BRINQ BONECO POLICIAL 12X24X4";"800";"29,000";"173,71";"173,71"
"37340";"BRINQ BONEQUINHA E ACESSORIOS";"800";"25,000";"224,75";"224,75"
"36779";"BRINQ BRINK FEST MINI SOLDADO C 10";"800";"3,000";"23,97";"23,97"
"33815";"BRINQ CAIXA REGISTRADORA 15PCS PINK CASH";"800";"4,000";"139,96";"139,96"
"36765";"BRINQ CAMINHAO PULLBACK C 12 PCS";"800";"22,000";"659,78";"659,78"
"37293";"BRINQ CANDY TOY C TAMBOR CACHORRO";"800";"12,000";"227,88";"227,88"
"33557";"BRINQ CARRINHO CORRIDA A FRICCAO";"800";"2,000";"19,98";"19,98"
"37332";"BRINQ CARRINHO FRICCAO GK2568";"800";"32,000";"319,68";"319,68"
"36788";"BRINQ CARRO CORRIDA C 8PCS";"800";"31,000";"247,69";"247,69"
"33578";"BRINQ CARRO GK2562 A FRICCAO";"800";"11,000";"109,89";"109,89"
"33378";"BRINQ CHOCALHO";"800";"2,000";"31,98";"31,98"
"33547";"BRINQ CHOCALHO GK2200";"800";"2,000";"9,98";"9,98"
"33570";"BRINQ CHOCALHO KIT GK2334";"800";"4,000";"27,96";"27,96"
"36536";"BRINQ COELINHA C ACESSORIOS";"800";"1,000";"39,99";"39,99"
"34552";"BRINQ COELINHA C BOLO E FRUTAS";"800";"1,000";"37,99";"37,99"
"36755";"BRINQ COZINHA 15 PCS34X24";"800";"42,000";"839,58";"839,58"
"37294";"BRINQ CUBO CAPIVARA GK3378";"800";"14,000";"111,86";"111,86"
"37279";"BRINQ CUBO MAGICO";"800";"39,000";"233,61";"233,61"
"37287";"BRINQ CUBO MAGICO CAPIVARA GK3482";"800";"26,000";"233,74";"233,74"
"37275";"BRINQ DINOSSAURO APERTAR GK1506";"800";"7,000";"55,93";"55,93"
"33387";"BRINQ DODGE MOTOR NA REDE MIX";"800";"1,000";"15,99";"15,99"
"37354";"BRINQ EDUCATIVO GEOMETRICO GK3178";"800";"20,000";"459,80";"459,80"
"37358";"BRINQ EDUCATIVO PENGUIN GK3134";"800";"17,000";"288,83";"288,83"
"37357";"BRINQ ENCAIXE EDUCATIVO LETRAS";"800";"28,000";"699,72";"699,72"
"36781";"BRINQ ENGENHEIRO C 10PCS";"800";"50,000";"899,50";"899,50"
"33382";"BRINQ FAST HHEROES PICKUP NA REDE";"800";"3,000";"56,97";"56,97"
"33383";"BRINQ FASTCAR PICKUP CARTOON N REDE";"800";"1,000";"14,99";"14,99"
"36784";"BRINQ FERRAMENTAS C 7PCS";"800";"14,000";"181,86";"181,86"
"33818";"BRINQ JG LUDO TRILHA 18PCS TABULEIRO";"800";"1,000";"5,99";"5,99"
"34557";"BRINQ JG MONTAR MADEIRA GK3452";"800";"12,000";"179,88";"179,88"
"34558";"BRINQ JG MONTAR MADEIRA GK3453";"800";"1,000";"13,99";"13,99"
"33602";"BRINQ JOGO ENCAIXE FORMATO ANIMAIS";"800";"7,000";"139,93";"134,93"
"33814";"BRINQ JOGO PESCA FUN";"800";"2,000";"55,46";"55,46"
"37348";"BRINQ KEIT ESPACO GK3236";"800";"31,000";"371,69";"371,69"
"14355";"BRINQ KIDIVERTIDO SORTIDO";"800";"18,000";"233,82";"229,82"
"33539";"BRINQ KIT ANIMAIS";"800";"12,000";"359,88";"359,88"
"37342";"BRINQ KIT BONECA E ACESSORIOS";"800";"30,000";"299,70";"299,70"
"33550";"BRINQ KIT BONECA GK2223";"800";"26,000";"181,74";"181,74"
"33575";"BRINQ KIT BONECA GK2381";"800";"5,000";"249,50";"249,50"
"37301";"BRINQ KIT BONECA TROCA ROUPA";"800";"12,000";"119,88";"119,88"
"37303";"BRINQ KIT CARRO C LANCADOR";"800";"34,000";"237,66";"237,66"
"37295";"BRINQ KIT COZINHA";"800";"37,000";"443,63";"443,63"
"37306";"BRINQ KIT COZINHA C ACESSORIOS";"800";"26,000";"363,74";"363,74"
"37338";"BRINQ KIT COZINHA GK2736";"800";"13,000";"389,87";"389,87"
"33817";"BRINQ KIT DOCINHOS 10PCS HORA FELIZ";"800";"6,000";"161,94";"161,94"
"33566";"BRINQ KIT FAZENDINHA GK2246";"800";"3,000";"47,97";"47,97"
"34546";"BRINQ KIT JG C DARDOS";"800";"2,000";"17,98";"17,98"
"37345";"BRINQ KIT MASSINHA GK3065";"800";"11,000";"175,89";"175,89"
"37281";"BRINQ KIT MEDICO ACESSORIOS GK3511";"800";"30,000";"419,70";"419,70"
"37337";"BRINQ KIT MEDICO E ACESSORIOS";"800";"35,000";"804,65";"804,65"
"33839";"BRINQ KIT MICANGAS SG25578";"800";"7,000";"90,93";"90,93"
"33838";"BRINQ KIT MICANGAS SG25579";"800";"3,000";"38,97";"38,97"
"33837";"BRINQ KIT MICANGAS SG25580";"800";"3,000";"47,97";"47,97"
"37292";"BRINQ KIT PARQUE E ACESSORIOS";"800";"18,000";"341,82";"341,82"
"37282";"BRINQ KIT PESCA GK3510";"800";"69,000";"758,31";"758,31"
"37288";"BRINQ KIT PET C ACESSORIOS";"800";"10,000";"129,90";"129,90"
"37341";"BRINQ KIT PET E ACESSORIOS GK32785";"800";"26,000";"571,74";"571,74"
"37290";"BRINQ LUVA TEIA DE ARANHA";"800";"7,000";"174,93";"174,93"
"37280";"BRINQ MAQUIAGEM INFANTIL GK3525";"800";"18,000";"395,82";"395,82"
"37278";"BRINQ MAQUIAGEM INFANTIL GK3526";"800";"17,000";"373,83";"373,83"
"36795";"BRINQ MEDICO 10PCS";"800";"4,000";"71,96";"71,96"
"37276";"BRINQ MINI BOLHA SABAO PATO GK3535";"800";"27,000";"161,73";"161,73"
"37327";"BRINQ MINI BOLHAS SABAO ESPACO";"800";"10,000";"59,90";"59,90"
"37323";"BRINQ MINI BOLHAS SABAO PRINCESAS";"800";"54,000";"323,46";"323,46"
"37343";"BRINQ MINI BOLHAS SABAO SEREIA";"800";"36,000";"215,64";"215,64"
"33581";"BRINQ MINI JOGO AQUATICO";"800";"8,000";"55,92";"55,92"
"33580";"BRINQ MINI JOGO PORTATIL";"800";"5,000";"24,95";"24,95"
"36790";"BRINQ MINI PESCA PEIXE GIRATORIO";"800";"19,000";"113,81";"113,81"
"33565";"BRINQ MOLA KIT";"800";"15,000";"59,85";"59,85"
"33567";"BRINQ MOTO C BONECA";"800";"1,000";"16,99";"16,99"
"36757";"BRINQ MOTOS C 3 PCS";"800";"2,000";"17,98";"17,98"
"33561";"BRINQ PASSARO A CORDA";"800";"2,000";"19,98";"19,98"
"36797";"BRINQ PEGA PEIXE C 10PCS";"800";"14,000";"279,86";"279,86"
"37313";"BRINQ PELUCIA 17CM DINOSSAURO";"800";"13,000";"246,87";"246,87"
"37314";"BRINQ PELUCIA 20CM CACHORRO";"800";"1,000";"18,99";"18,99"
"37560";"BRINQ PELUCIA 24CM GIRAFA";"800";"7,000";"132,93";"132,93"
"33560";"BRINQ PISTA CORRIDA C LANCADOR";"800";"5,000";"224,50";"224,50"
"33821";"BRINQ PISTA ESTACAO POLICIAL 25PCS C ESTACIONAMENT";"800";"1,000";"42,90";"42,90"
"33587";"BRINQ PISTOLA GK1095 DAGUA DINO";"800";"1,000";"11,99";"11,99"
"33544";"BRINQ PISTOLA GK1264 DAGUA";"800";"1,000";"27,99";"27,99"
"33846";"BRINQ PISTOLA LANCA DARDOS 6 PCS BLASTER";"800";"1,000";"25,99";"25,99"
"36758";"BRINQ PISTOLA LANCA PROJETE 9PCS";"800";"15,000";"419,85";"419,85"
"36778";"BRINQ POLICIAL 17X3X25";"800";"29,000";"202,71";"202,71"
"33603";"BRINQ QUEBRA CABECA ANIMAIS";"800";"11,000";"164,89";"164,89"
"37289";"BRINQ QUEBRA CABECA EDUCATIVO";"800";"14,000";"265,86";"265,86"
"37329";"BRINQ QUEBRA CABECA EDUCATIVO N";"800";"55,000";"659,45";"657,45"
"37330";"BRINQ QUEBRA CABECA MADEIRA GK2498";"800";"20,000";"179,80";"179,80"
"36794";"BRINQ SELVA KIT 7 PCS";"800";"35,000";"279,65";"279,65"
"33385";"BRINQ TRATOR CONSTRUCTOR NA REDE";"800";"2,000";"51,98";"51,98"
"35593";"BRINQ VARINHA CANGURU ";"800";"17,000";"271,83";"271,83"
"37328";"BRINQ VARINHA CARROSEL C LUZ GK2475";"800";"15,000";"239,85";"239,85"
"33576";"BRINQ VARINHA DINOSSAURO";"800";"2,000";"31,98";"31,98"
"37547";"BRINQ XILOFONE EDUCATIVO";"800";"19,000";"322,81";"322,81"
"34549";"BRINQ XILOFONE GK3112";"800";"1,000";"14,99";"14,99"
"37559";"BRINQU PELUCIA 17CM URSO";"800";"22,000";"417,78";"417,78"
"33810";"BRINQUEDO A FRICCAO CARRO MINI RUN";"800";"5,000";"83,97";"83,97"
"33806";"BRINQUEDO A FRICCAO CARRO POLICIA";"800";"1,000";"13,53";"13,53"
"33809";"BRINQUEDO A FRICCAO CARRO RACING";"800";"2,000";"25,98";"25,98"
"33808";"BRINQUEDO A FRICCAO ONIB GRAND CITY";"800";"2,000";"31,98";"31,98"
"33807";"BRINQUEDO A FRICCAO ONIBUS PASSEIO";"800";"1,000";"22,99";"22,99"
"34432";"BRINQUEDO BALDE KIT CASTELINHO N2";"800";"10,000";"149,90";"149,90"
"33552";"BRINQUEDO BONECA FESTA";"800";"1,000";"39,99";"39,99"
"33380";"BRINQUEDO CAMINHAO CACAMBA";"800";"2,000";"59,98";"59,98"
"33600";"BRINQUEDO CARRO GK3241";"800";"11,000";"87,89";"87,89"
"33542";"BRINQUEDO CHOCALHO REDONDO";"800";"1,000";"5,99";"5,99"
"33571";"BRINQUEDO CORNETA 22CM MUSICAL";"800";"5,000";"24,95";"24,95"
"33598";"BRINQUEDO MOTO GK3256";"800";"2,000";"19,98";"19,98"
"34431";"BRINQUEDO SUPER PA RADICAL";"800";"11,000";"186,89";"186,89"
"10781";"BRIOCHE MARQUESPAN CREME BAUN KG";"800";"57,448";"2.469,41";"2.469,41"
"10782";"BRIOCHE MARQUESPAN DOCE LEITE KG";"800";"47,654";"2.859,42";"2.859,42"
"10783";"BROA MAIZENA KG ";"800";"8,008";"239,37";"239,37"
"14896";"BROCA STARTOOLS CONCRETO 6MM";"800";"5,000";"24,95";"24,95"
"10786";"BROCOLIS BDJ 200G";"800";"7.070,000";"54.690,01";"54.660,47"
"14898";"BROCOLIS EXCELSIOR CONG 300G";"800";"104,000";"1.236,56";"1.236,56"
"14899";"BUCHA PLAST 6MM";"800";"12,000";"59,88";"59,88"
"14900";"BUCHA PLAST 8MM";"800";"33,000";"131,87";"131,87"
"14901";"BUCHA VEGETAL BT";"800";"1,000";"11,99";"11,99"
"4499";"BUCHA VEGETAL VINI LADY 5003";"800";"38,000";"1.010,42";"1.010,42"
"14903";"BULE CASALI 1 7L ";"800";"7,000";"244,93";"244,93"
"14904";"BULE CASALI PINTADO CORES 1 1L ";"800";"2,000";"59,98";"59,98"
"14905";"BULE TERM CLASS HOME 1,1L";"800";"1,000";"59,99";"59,99"
"14908";"BULE TERM SANREMO CUIDAR 700ML 1011 1";"800";"1,000";"49,99";"49,99"
"14909";"BULE TERM SANREMO CUIDAR 700ML 1011 3";"800";"3,000";"149,97";"149,97"
"34006";"CABIDE ADU VELUDO PLAST METAL 5";"800";"21,000";"377,79";"377,79"
"38087";"CABIDE ADULTO VELUDO 5PCS 45CM";"800";"73,000";"1.094,27";"1.094,27"
"38101";"CABIDE INF VELUDO 5PCS 33CM";"800";"21,000";"314,79";"314,79"
"4507";"CABIDE SANREMO PEND MAIS L6P5 9105 6 8";"800";"1,000";"23,39";"23,39"
"8942";"CABIDE SANREMO PLAST 5UN";"800";"63,000";"1.133,37";"1.133,37"
"8939";"CABIDE SANREMO PLAST MULTI 5UN PR9105 5CL";"800";"46,000";"827,54";"827,54"
"14941";"CABO BATERIA STARTOOLS 2 5MT300AMP ";"800";"1,000";"41,99";"41,99"
"37234";"CABO DE MADEIRA P VASSOURA";"800";"114,000";"226,86";"226,86"
"33636";"CABO ELASTICO GANCHO 1 2MT C GANCHO";"800";"9,000";"71,91";"71,91"
"10789";"CACAO OPERGEL POSTA CONG 500G";"800";"6,000";"119,94";"119,94"
"14951";"CACAROLA GOLD N16 TV AA PT/VERM";"800";"1,000";"69,90";"69,90"
"14954";"CACAROLA GOLD N20 TV AA PT/PTO";"800";"1,000";"89,90";"89,90"
"36655";"CACAROLA MAXIFLON ANT TAMP ALUM 18C";"800";"3,000";"128,70";"128,70"
"37571";"CACAROLA PANELUX ANTIADERENTE N16 P";"800";"1,000";"39,99";"39,99"
"8944";"CACAROLA TRAMONTINA ALUM TURIM 18CM VERMELHA";"800";"1,000";"69,90";"69,90"
"3069";"CACAU PO APTI 200G";"800";"48,000";"2.219,12";"2.219,12"
"3068";"CACAU PO CBS 200G 100";"800";"180,000";"4.266,00";"4.266,00"
"787";"CACAU PO TRISANTI 1 005KG";"800";"10,000";"691,90";"691,90"
"4511";"CACHACA SAGATIBA PURA VD 700ML CRISTALINA";"800";"1,000";"51,50";"51,50"
"14975";"CACHORRINHO BONE DEMAIS 70G";"800";"5,000";"49,95";"49,95"
"10791";"CACHORRO PAULISTA";"800";"8,042";"209,12";"209,12"
"14976";"CAD A4 COLORE 1/4 48FL MEU PRIMEIRO JAND";"800";"5,000";"54,95";"54,95"
"14978";"CAD BROC FLEX 1 4 40FL CALIGRAFIA";"800";"124,000";"217,00";"217,00"
"14979";"CAD BROC FLEX 1 4 40FL CALIGRAFIA JAND";"800";"5,000";"27,45";"27,45"
"33328";"CAD ESP 10X1 160FLS SPICE FEM";"800";"3,000";"50,97";"50,97"
"33497";"CAD ESPI 160FLS PEPPER FEMININO";"800";"14,000";"237,86";"237,86"
"14989";"CAD ESPI CD 1 4 80FLS  MENTOS";"800";"12,000";"179,88";"179,88"
"14982";"CAD ESPI CD 1 4 80FLS BOB ESP";"800";"7,000";"104,93";"104,93"
"14985";"CAD ESPI CD 1 4 80FLS FROZEN";"800";"9,000";"134,91";"134,91"
"14986";"CAD ESPI CD 1 4 80FLS HELLO KITTY";"800";"3,000";"44,97";"44,97"
"14987";"CAD ESPI CD 1 4 80FLS KUROMI";"800";"25,000";"374,75";"374,75"
"14988";"CAD ESPI CD 1 4 80FLS LIGA DA JUSTIC";"800";"9,000";"134,91";"134,91"
"14991";"CAD ESPI CD 1 4 96FLS GIRL";"800";"1,000";"8,99";"8,99"
"14993";"CAD ESPI CD 1 4 96FLS HARRY POTTER";"800";"13,000";"233,87";"233,87"
"14994";"CAD ESPI CD 1 4 96FLS TEEN WAY";"800";"1,000";"8,99";"8,99"
"14997";"CAD ESPI CD 10X1 160FLS ADVENTURE";"800";"11,000";"379,50";"379,50"
"14998";"CAD ESPI CD 10X1 160FLS ANIMAIS FANTASTICO";"800";"1,000";"52,50";"52,50"
"35816";"CAD ESPI CD 10X1 160FLS BLOOM";"800";"1,000";"34,50";"34,50"
"14999";"CAD ESPI CD 10X1 160FLS BOAS";"800";"10,000";"299,90";"299,90"
"34990";"CAD ESPI CD 10X1 160FLS CAPYVIBES";"800";"37,000";"1.276,50";"1.276,50"
"15001";"CAD ESPI CD 10X1 160FLS ENERGY COLOR";"800";"2,000";"36,98";"36,98"
"15002";"CAD ESPI CD 10X1 160FLS FAST RACE";"800";"4,000";"73,96";"73,96"
"15003";"CAD ESPI CD 10X1 160FLS FLORK";"800";"4,000";"166,00";"166,00"
"15004";"CAD ESPI CD 10X1 160FLS FLOW LINE";"800";"53,000";"1.023,47";"1.013,46"
"15005";"CAD ESPI CD 10X1 160FLS FLOWER POWER";"800";"3,000";"103,50";"103,50"
"15007";"CAD ESPI CD 10X1 160FLS GRIP";"800";"28,000";"541,72";"541,72"
"15008";"CAD ESPI CD 10X1 160FLS HELLO KITTY";"800";"1,000";"49,99";"49,99"
"15009";"CAD ESPI CD 10X1 160FLS HELLO KITTY FSC";"800";"5,000";"239,95";"239,95"
"15010";"CAD ESPI CD 10X1 160FLS HOUSE OF DRAGON";"800";"2,000";"95,00";"95,00"
"15012";"CAD ESPI CD 10X1 160FLS LA CR";"800";"3,000";"103,50";"103,50"
"15013";"CAD ESPI CD 10X1 160FLS LIGA DA JUSTICA";"800";"3,000";"142,50";"142,50"
"15014";"CAD ESPI CD 10X1 160FLS MANDALORIAN";"800";"2,000";"95,00";"95,00"
"15018";"CAD ESPI CD 10X1 160FLS MONO";"800";"3,000";"89,97";"89,97"
"15019";"CAD ESPI CD 10X1 160FLS PAZ";"800";"33,000";"653,67";"653,67"
"15021";"CAD ESPI CD 10X1 160FLS PET HOLIC";"800";"3,000";"104,97";"104,97"
"15022";"CAD ESPI CD 10X1 160FLS SENHOR DOS ANEIS";"800";"1,000";"52,50";"52,50"
"15024";"CAD ESPI CD 10X1 160FLS SPORT";"800";"64,000";"1.255,36";"1.242,35"
"15025";"CAD ESPI CD 10X1 160FLS STELLA";"800";"68,000";"1.326,32";"1.319,32"
"15026";"CAD ESPI CD 10X1 160FLS STILO AZ PASTE";"800";"6,000";"207,00";"207,00"
"15027";"CAD ESPI CD 10X1 160FLS STILO LILAS";"800";"2,000";"69,00";"69,00"
"15029";"CAD ESPI CD 10X1 160FLS STILO ROSA";"800";"1,000";"34,50";"34,50"
"15030";"CAD ESPI CD 10X1 160FLS STONE";"800";"1,000";"18,49";"18,49"
"15031";"CAD ESPI CD 10X1 160FLS SWEETNESS";"800";"9,000";"166,41";"166,41"
"33339";"CAD ESPI CD 10X1 160FLS VIBE";"800";"21,000";"356,79";"356,79"
"33340";"CAD ESPI CD 10X1 160FLS VIBE MASC";"800";"4,000";"67,96";"67,96"
"15033";"CAD ESPI CD 10X1 200FLS BRASILIDADE";"800";"20,000";"499,80";"499,80"
"15038";"CAD ESPI CD 10X1 200FLS IT GIRL";"800";"4,000";"90,00";"90,00"
"15040";"CAD ESPI CD 10X1 200FLS TEEN WAY";"800";"6,000";"135,00";"135,00"
"35111";"CAD ESPI CD 12X1 192FLS PAZ";"800";"2,000";"39,98";"39,98"
"15042";"CAD ESPI CD 15X1 240FLS GRIP";"800";"6,000";"179,94";"179,94"
"15045";"CAD ESPI CD 15X1 300FLS BRASILIDADE";"800";"2,000";"69,00";"69,00"
"33498";"CAD ESPI CD 160FLS PEPPER MASCULINO";"800";"14,000";"237,86";"237,86"
"33301";"CAD ESPI CD 160FLS SPICE";"800";"8,000";"135,92";"135,92"
"15046";"CAD ESPI CD 1X1 80FLS ADVENTURE";"800";"4,000";"71,96";"71,96"
"15047";"CAD ESPI CD 1X1 80FLS ANIMAIS FANTASTICO";"800";"4,000";"119,96";"119,96"
"15048";"CAD ESPI CD 1X1 80FLS BLOOM FSC";"800";"2,000";"41,98";"41,98"
"15049";"CAD ESPI CD 1X1 80FLS BOAS";"800";"20,000";"359,80";"359,80"
"15050";"CAD ESPI CD 1X1 80FLS BOB ESP";"800";"12,000";"294,00";"294,00"
"34991";"CAD ESPI CD 1X1 80FLS CAPYVIBES";"800";"60,000";"1.290,00";"1.290,00"
"15051";"CAD ESPI CD 1X1 80FLS DISNEY EMOJI";"800";"8,000";"196,00";"196,00"
"15052";"CAD ESPI CD 1X1 80FLS ENERGY COLOR";"800";"5,000";"74,95";"74,95"
"15053";"CAD ESPI CD 1X1 80FLS FADAS";"800";"4,000";"107,96";"107,96"
"15054";"CAD ESPI CD 1X1 80FLS FAST RACE";"800";"4,000";"59,96";"59,96"
"15055";"CAD ESPI CD 1X1 80FLS FLORK";"800";"3,000";"80,97";"75,48"
"15056";"CAD ESPI CD 1X1 80FLS FLOW";"800";"187,000";"2.005,64";"2.005,64"
"15057";"CAD ESPI CD 1X1 80FLS FLOWER POWER";"800";"10,000";"209,90";"209,90"
"15058";"CAD ESPI CD 1X1 80FLS FLUFFY";"800";"25,000";"524,75";"524,75"
"15059";"CAD ESPI CD 1X1 80FLS GRIP";"800";"94,000";"995,69";"995,69"
"36209";"CAD ESPI CD 1X1 80FLS HELLO KITTY";"800";"21,000";"608,79";"608,79"
"15060";"CAD ESPI CD 1X1 80FLS HELLO KITTY KRAFT";"800";"1,000";"29,99";"29,99"
"15062";"CAD ESPI CD 1X1 80FLS KRAFT BLACK";"800";"7,000";"150,50";"150,50"
"15063";"CAD ESPI CD 1X1 80FLS KUROMI";"800";"10,000";"299,90";"299,90"
"15064";"CAD ESPI CD 1X1 80FLS LA CR";"800";"2,000";"43,00";"43,00"
"15067";"CAD ESPI CD 1X1 80FLS MENTOS";"800";"1,000";"27,99";"27,99"
"15069";"CAD ESPI CD 1X1 80FLS MICKEY ARTS MAGIC";"800";"1,000";"28,99";"28,99"
"15070";"CAD ESPI CD 1X1 80FLS MICKEY ARTS OFFICE";"800";"1,000";"29,99";"29,99"
"15071";"CAD ESPI CD 1X1 80FLS MICKEY MINNIE";"800";"1,000";"29,99";"29,99"
"15072";"CAD ESPI CD 1X1 80FLS MIRACULOUS";"800";"2,000";"52,98";"52,98"
"15073";"CAD ESPI CD 1X1 80FLS MONO";"800";"3,000";"53,97";"53,97"
"15074";"CAD ESPI CD 1X1 80FLS MYSTIC";"800";"2,000";"43,00";"43,00"
"15075";"CAD ESPI CD 1X1 80FLS NINA";"800";"11,000";"230,89";"230,89"
"15076";"CAD ESPI CD 1X1 80FLS OF THE DRAGON";"800";"3,000";"80,97";"80,97"
"15077";"CAD ESPI CD 1X1 80FLS PAZ";"800";"71,000";"780,29";"779,29"
"33323";"CAD ESPI CD 1X1 80FLS PEPPER MASC";"800";"10,000";"99,80";"99,80"
"15078";"CAD ESPI CD 1X1 80FLS PET";"800";"3,000";"44,97";"44,97"
"15079";"CAD ESPI CD 1X1 80FLS SENHOR DOS ANEIS";"800";"6,000";"195,00";"195,00"
"33509";"CAD ESPI CD 1X1 80FLS SPICE MASCULINO";"800";"10,000";"99,80";"99,80"
"15081";"CAD ESPI CD 1X1 80FLS SPIRO";"800";"1,000";"21,50";"21,50"
"15082";"CAD ESPI CD 1X1 80FLS SPORT";"800";"110,000";"1.192,74";"1.192,74"
"15084";"CAD ESPI CD 1X1 80FLS STELLA";"800";"153,000";"1.643,09";"1.638,05"
"15085";"CAD ESPI CD 1X1 80FLS STILO AZ PASTEL";"800";"1,000";"20,99";"20,99"
"15086";"CAD ESPI CD 1X1 80FLS STILO LILAS PA";"800";"7,000";"146,93";"146,93"
"15087";"CAD ESPI CD 1X1 80FLS STILO PTO";"800";"3,000";"62,97";"62,97"
"15088";"CAD ESPI CD 1X1 80FLS STILO ROSA PASTEL";"800";"2,000";"41,98";"41,98"
"15090";"CAD ESPI CD 1X1 80FLS SWEETNESS";"800";"19,000";"284,81";"284,81"
"33337";"CAD ESPI CD 1X1 80FLS VIBE FEM";"800";"4,000";"39,92";"39,92"
"35819";"CAD ESPI CD 1X1 80FLS VIBE MASCULIN";"800";"4,000";"39,92";"39,92"
"15091";"CAD ESPI CD 1X1 96FOLHS  BRASILIDADE";"800";"1,000";"12,99";"12,99"
"15095";"CAD ESPI CD 1X1 96FOLHS  IT GIRL";"800";"1,000";"12,99";"12,99"
"15100";"CAD ESPI CD 1X1 96FOLHS  TEEN WAY";"800";"1,000";"12,99";"12,99"
"33508";"CAD ESPI CD 20X1 320FLS SPICE MASCULINO";"800";"2,000";"89,00";"89,00"
"35818";"CAD ESPI CD 48FLS CARTOGRAFIA SPIC";"800";"1,000";"11,99";"11,99"
"34988";"CAD ESPI CD 80FLS CARTOGR CAPYVIBES";"800";"23,000";"597,77";"597,77"
"15103";"CAD ESPI CD 80FLS CARTOGRAFIA BLOOM";"800";"1,000";"22,99";"22,99"
"15104";"CAD ESPI CD 80FLS CARTOGRAFIA FAST RACE";"800";"3,000";"40,47";"40,47"
"15105";"CAD ESPI CD 80FLS CARTOGRAFIA FROZEN";"800";"1,000";"25,99";"25,99"
"15106";"CAD ESPI CD 80FLS CARTOGRAFIA HELLO KITTY";"800";"7,000";"181,93";"181,93"
"15107";"CAD ESPI CD 80FLS CARTOGRAFIA KUROMI";"800";"2,000";"49,98";"49,98"
"15109";"CAD ESPI CD 80FLS CARTOGRAFIA MIRACULOUS";"800";"2,000";"51,98";"51,98"
"15110";"CAD ESPI CD 80FLS CARTOGRAFIA NINA";"800";"5,000";"92,50";"92,50"
"15111";"CAD ESPI CD 80FLS CARTOGRAFIA STILO ROSA";"800";"3,000";"59,97";"59,97"
"15112";"CAD ESPI CD 80FLS CARTOGRAFIA STONE";"800";"7,000";"94,43";"94,43"
"15113";"CAD ESPI CD 80FLS CARTOGRAFIA SWEETNESS";"800";"1,000";"13,49";"13,49"
"15115";"CAD ESPI CD 80FLS CARTOGRAFIA T DUDA";"800";"9,000";"116,91";"116,91"
"15114";"CAD ESPI CD 80FLS CARTOGRAFIA T.BELA";"800";"4,000";"47,96";"47,96"
"15116";"CAD ESPI CD 96FLS CARTOGRAFIA S/SEDA BASIC";"800";"14,000";"188,86";"188,86"
"15119";"CAD ESPI FLEX 1 4 48FLS  CARTOGRAFIA BASIC";"800";"7,000";"41,93";"41,93"
"15120";"CAD ESPI FLEX 1 4 48FLS  DESENHO JANDAINHA";"800";"5,000";"24,95";"24,95"
"15123";"CAD ESPI FLEX 96FLS CARTOGRAFIA BASIC";"800";"13,000";"162,50";"162,50"
"15127";"CAD GARRA CD 1X1 NEO 80FLS MYSTIC";"800";"1,000";"64,50";"64,50"
"15128";"CAD GARRA CD 1X1 NEO 80FLS STILO FSC";"800";"2,000";"125,80";"125,80"
"15129";"CAD GARRA CD 1X1 NEO 80FLS YALE";"800";"1,000";"59,99";"59,99"
"35785";"CAD JAND CARTOGRAFIA S SEDA 48FL";"800";"14,000";"81,06";"81,06"
"36303";"CAD JAND DESENHO 1 4 40F";"800";"8,000";"14,00";"14,00"
"8951";"CAD UNIV CD PET HOLIC 80F ";"800";"10,000";"215,00";"215,00"
"15131";"CADEADO BIC 80X10CM";"800";"1,000";"12,99";"12,99"
"15133";"CADEADO BIC ACOFORTE 120CM";"800";"6,000";"101,94";"101,94"
"15137";"CADEIRA ALTA ACO MOR";"800";"158,000";"9.464,20";"9.464,20"
"37111";"CADEIRA ALTA ACO PRETA LISTRADA ";"800";"17,000";"848,30";"848,30"
"15138";"CADEIRA ALTA INF MOR";"800";"4,000";"239,60";"239,60"
"15141";"CAFE 3C DRIP GOURMET SH 10G PORTINARI";"800";"459,000";"1.243,91";"1.243,91"
"2154";"CAFE 3C DRIP GOURMET SH 11G DARK ROAST";"800";"405,000";"1.060,05";"1.060,05"
"2250";"CAFE 3C DRIP RITUAIS SH 10G FLORADA";"800";"71,000";"212,29";"212,29"
"2198";"CAFE 3C DRIP SH 10G MATAS DE MINAS";"800";"32,000";"95,68";"95,68"
"15144";"CAFE 3C DRIP TRAD SH 10G ";"800";"229,000";"602,53";"602,53"
"1988";"CAFE IGUACU SOLUVEL PT 200G CAPPUCCINO";"800";"129,000";"1.990,41";"1.990,41"
"10798";"CAFE RISTRETTO";"800";"37,000";"221,63";"221,63"
"2039";"CAFE SOL 3C CAPPUCCINO PT 200G CLASSIC";"800";"122,000";"2.553,90";"2.553,90"
"33652";"CAFE SOL 3C CAPPUCCINO PT 200G LOV CARAM SALGA";"800";"27,000";"534,33";"534,33"
"33653";"CAFE SOL 3C CAPPUCCINO PT 200G LOVERS COOKIES";"800";"11,000";"217,69";"217,69"
"2029";"CAFE SOL 3C CAPPUCCINO SH 20G BAUNILHA";"800";"513,000";"1.277,37";"1.277,37"
"2031";"CAFE SOL 3C CAPPUCCINO SH 20G CANELA";"800";"1.445,000";"3.598,05";"3.598,05"
"29529";"CAFE SOL 3C CAPPUCCINO SH 20G CHOC";"800";"738,000";"1.837,62";"1.837,62"
"2030";"CAFE SOL 3C CAPPUCCINO SH 20G CLASSIC";"800";"2.052,000";"5.109,48";"5.109,48"
"1989";"CAFE SOL 3C FORZA SH 250G INTENSIDADE MAX";"800";"53,000";"1.218,47";"1.218,47"
"2048";"CAFE SOL 3C LT 160G TRAD";"800";"81,000";"2.188,79";"2.188,79"
"2071";"CAFE SOL 3C LT 300G C LEITE";"800";"155,000";"3.532,45";"3.532,45"
"2069";"CAFE SOL 3C SH 20G C LEITE";"800";"561,000";"1.436,01";"1.436,01"
"2081";"CAFE SOL 3C SH 40G TRAD";"800";"6.734,000";"39.592,41";"39.592,21"
"2081";"CAFE SOL 3C SH 40G TRAD";"810";"4,000";"23,16";"23,16"
"2151";"CAFE SOL 3C VD 100G LIOFILIZADO ARABICA";"800";"57,000";"1.789,97";"1.789,97"
"2143";"CAFE SOL 3C VD 200G TRAD";"800";"77,000";"3.037,23";"3.037,23"
"33654";"CAFE SOL 3CORACOES CAPPUCINO 180G LOV CHOC QUENTE";"800";"19,000";"376,01";"376,01"
"2079";"CAFE SOL BOM JESUS SH 40G FORTE";"800";"683,000";"4.910,77";"4.909,37"
"2032";"CAFE SOL IGUACU CAPPUCCINO PT 200G CHOC";"800";"118,000";"1.745,82";"1.742,42"
"2033";"CAFE SOL IGUACU CAPPUCCINO PT 200G CONFEITOS CHOC";"800";"46,000";"726,14";"722,74"
"29450";"CAFE SOL IGUACU DESCAFEINADO SH 40G";"800";"354,000";"4.597,46";"4.597,46"
"38353";"CAFE SOL IGUACU GRAN CLASS VD 160G";"800";"5,000";"134,95";"134,95"
"2047";"CAFE SOL IGUACU LT LV200G PG190G TRAD";"800";"545,000";"15.542,15";"15.539,85"
"2047";"CAFE SOL IGUACU LT LV200G PG190G TRAD";"810";"1,000";"29,29";"29,29"
"2034";"CAFE SOL IGUACU PT 200G CAPPUCCINO CANELA";"800";"77,000";"1.177,33";"1.177,33"
"2113";"CAFE SOL IGUACU SH 100G CAPPUCCINO";"800";"404,000";"3.480,16";"3.480,16"
"2077";"CAFE SOL IGUACU SH 40G CLASSICO";"800";"1.277,000";"7.757,23";"7.757,23"
"38352";"CAFE SOL IGUACU SH 40G GTS 10PCTO CLASSICO";"800";"712,000";"4.692,08";"4.691,48"
"2075";"CAFE SOL IGUACU SH 40G TRAD";"800";"863,000";"5.169,37";"5.169,37"
"15158";"CAFE SOL IGUACU SH L55P50G";"800";"1.387,000";"12.605,93";"12.594,93"
"2152";"CAFE SOL IGUACU VD 200G CLASSICO CLASSICO";"800";"68,000";"2.360,83";"2.360,83"
"2035";"CAFE SOL MELITTA CAPPUCCINO LT 200G CHOC";"800";"98,000";"1.694,42";"1.694,42"
"2036";"CAFE SOL MELITTA CAPPUCCINO LT 200G TRAD";"800";"101,000";"1.746,29";"1.746,29"
"2070";"CAFE SOL MELITTA LT 200G C LEITE";"800";"67,000";"1.024,43";"1.024,43"
"2121";"CAFE SOL MELITTA SH 40G DESCAF";"800";"545,000";"7.025,05";"7.025,05"
"2083";"CAFE SOL MELITTA SH 40G TRAD";"800";"1.765,000";"13.396,35";"13.396,35"
"2147";"CAFE SOL MELITTA VD 200G TRAD";"800";"253,000";"8.468,17";"8.458,68"
"2037";"CAFE SOL NESCAFE CAPPUCCINO LT 180G CHOC 2FRADES";"800";"63,000";"1.306,37";"1.263,17"
"15171";"CAFE SOL NESCAFE CREM DOLCA LT 150G";"800";"357,000";"7.863,33";"7.863,33"
"2064";"CAFE SOL NESCAFE GOLD LT 100G EQUILIBRADO";"800";"11,000";"330,59";"330,59"
"2066";"CAFE SOL NESCAFE GOLD LT 100G INSTENSO";"800";"100,000";"3.049,30";"3.049,30"
"2067";"CAFE SOL NESCAFE GOLD LT 100G SUAVE";"800";"91,000";"2.769,49";"2.769,49"
"1994";"CAFE SOL NESCAFE GOLD SH 250G INTENSO";"800";"87,000";"2.421,03";"2.421,03"
"1992";"CAFE SOL NESCAFE GOLD SH 250G SUAVE";"800";"84,000";"2.339,96";"2.312,86"
"2116";"CAFE SOL NESCAFE GOLD SH 40G EQUILIBRADO";"800";"30,000";"335,70";"335,70"
"2114";"CAFE SOL NESCAFE GOLD SH 40G INTENS";"800";"256,000";"2.864,64";"2.864,64"
"2117";"CAFE SOL NESCAFE GOLD SH 40G SUAVE";"800";"301,000";"3.368,19";"3.368,19"
"2059";"CAFE SOL NESCAFE LT 150G CREMOSO";"800";"1,000";"29,99";"29,99"
"2072";"CAFE SOL NESCAFE LT 300G C LEITE";"800";"26,000";"722,54";"722,54"
"15180";"CAFE SOL NESCAFE MATINAL SH L40P36G";"800";"42,000";"318,78";"318,78"
"15182";"CAFE SOL NESCAFE MATINAL VD 200G";"800";"167,000";"4.839,30";"4.839,30"
"15186";"CAFE SOL NESCAFE ORIG SH L40P36G";"800";"2.694,000";"17.465,24";"17.452,74"
"15187";"CAFE SOL NESCAFE ORIG VD 200G";"800";"221,000";"6.386,90";"6.386,90"
"1871";"CAFE SOL NESCAFE SH 250G GOLD EQUILIBRADO";"800";"128,000";"3.447,32";"3.447,32"
"2097";"CAFE SOL NESCAFE SH 40G DOLCA";"800";"1.480,000";"9.309,20";"9.309,20"
"2108";"CAFE SOL NESCAFE SH 40G MATINAL SUAVE";"800";"2.372,000";"18.348,48";"17.374,90"
"2109";"CAFE SOL NESCAFE SH 40G ORIGINAL";"800";"653,000";"5.107,27";"4.863,27"
"2107";"CAFE SOL NESCAFE SH 40G TRADICAO FORTE";"800";"6.317,000";"48.871,93";"45.117,23"
"2119";"CAFE SOL NESCAFE SH40G DESCAF";"800";"593,000";"7.999,57";"7.999,07"
"15194";"CAFE SOL NESCAFE TRAD SH L40P36G";"800";"684,000";"4.439,16";"4.427,16"
"38146";"CAFE SOL NESCAFE VD 160G GTS 10G TRAD";"800";"5.357,000";"126.622,28";"117.533,43"
"2141";"CAFE SOL NESCAFE VD 160G MATINAL";"800";"1.360,000";"35.776,00";"35.756,36"
"2142";"CAFE SOL NESCAFE VD 160G ORIGINAL";"800";"1.043,000";"27.494,70";"27.462,24"
"2139";"CAFE SOL NESCAFE VD 160G TRADICAO FORTE";"800";"992,000";"26.852,80";"26.812,07"
"38145";"CAFE SOL NESCAFE VD 200G GTS 10G TRAD";"800";"2.636,000";"66.068,47";"66.054,07"
"2148";"CAFE SOL NESCAFE VD 200G TRADICAO";"800";"483,000";"12.729,30";"12.508,42"
"2148";"CAFE SOL NESCAFE VD 200G TRADICAO";"810";"1,000";"28,90";"28,90"
"38351";"CAFE SOLUVEL 3C TRAD 40G GTS 10PCTO";"800";"1.784,000";"10.688,96";"10.688,16"
"2011";"CAFE VACUO 3C 250G DESCAF";"800";"32,000";"1.348,52";"1.338,82"
"1999";"CAFE VACUO 3C 250G EXTRA FORTE";"800";"934,000";"12.950,75";"12.950,75"
"1998";"CAFE VACUO 3C 250G TRAD";"800";"1.127,000";"15.550,24";"15.550,24"
"1996";"CAFE VACUO 3C LV500G PG475G EXTRA FORTE";"800";"65,000";"1.682,85";"1.682,85"
"1997";"CAFE VACUO 3C LV500G PG475G TRAD";"800";"164,000";"4.245,96";"4.245,96"
"2021";"CAFE VACUO 3C PREMIUM 500G ESTRADA REAL";"800";"187,000";"6.162,23";"6.162,23"
"2017";"CAFE VACUO 3C TORRADO MOIDO 500G EXTRA FORTE";"800";"395,000";"10.598,95";"10.588,25"
"2016";"CAFE VACUO 3C TORRADO MOIDO 500G TRAD";"800";"774,000";"20.783,66";"20.780,86"
"2016";"CAFE VACUO 3C TORRADO MOIDO 500G TRAD";"810";"9,000";"238,61";"238,61"
"2009";"CAFE VACUO BOM JESUS 500G EXTRA FORTE";"800";"54,000";"1.871,83";"1.871,83"
"2010";"CAFE VACUO BOM JESUS 500G TRAD";"800";"53,000";"1.829,00";"1.829,00"
"2005";"CAFE VACUO IGUACU 500G EXTRA FORTE";"800";"413,000";"10.220,27";"10.219,27"
"2015";"CAFE VACUO IGUACU 500G TRAD";"800";"599,000";"14.824,41";"14.824,41"
"2014";"CAFE VACUO MELITTA 250G DESCAF";"800";"21,000";"875,90";"875,90"
"2027";"CAFE VACUO MELITTA 250G EXTRA FORTE";"800";"685,000";"10.749,15";"10.746,15"
"2028";"CAFE VACUO MELITTA 250G TRAD";"800";"1.893,000";"29.777,57";"29.775,37"
"2020";"CAFE VACUO MELITTA 500G EXTRA FORTE";"800";"981,000";"29.525,90";"29.525,90"
"2018";"CAFE VACUO MELITTA 500G TRAD";"800";"1.907,000";"57.418,47";"57.418,47"
"2018";"CAFE VACUO MELITTA 500G TRAD";"810";"1,000";"29,90";"29,90"
"2007";"CAFE VACUO MELITTA REG BRASIL 250G CERRADO";"800";"55,000";"1.443,35";"1.443,35"
"2006";"CAFE VACUO MELITTA REG BRASIL 250G MOGIANA";"800";"103,000";"2.714,47";"2.714,47"
"2008";"CAFE VACUO MELITTA REG BRASIL 250G SUL DE MINAS";"800";"135,000";"3.559,35";"3.559,35"
"2003";"CAFE VACUO MOIDO 3C GOURMET 250G CERRADO MINEIRO";"800";"123,000";"3.206,83";"3.206,83"
"2001";"CAFE VACUO MOIDO 3C GOURMET 250G DARK ROAST";"800";"63,000";"1.628,17";"1.628,17"
"2000";"CAFE VACUO MOIDO 3C GOURMET 250G MOGIAN PAULISTA";"800";"93,000";"2.418,47";"2.418,47"
"2002";"CAFE VACUO MOIDO 3C GOURMET 250G SUL DE MINAS";"800";"125,000";"3.239,35";"3.239,35"
"2024";"CAFE VACUO STARBUCKS 250G COLOMBIA";"800";"36,000";"1.446,74";"1.446,74"
"2023";"CAFE VACUO STARBUCKS 250G PIKE PLACE";"800";"30,000";"1.242,80";"1.242,80"
"10801";"CAFET BEIJINHO";"800";"40,000";"152,00";"152,00"
"10802";"CAFET BRIGADEIRO";"800";"56,000";"212,80";"212,80"
"10804";"CAFET CROISSANT CALABRESA";"800";"1,000";"4,60";"4,60"
"37889";"CAFET EMPADINHA UN LOJA 02";"800";"27,000";"108,00";"108,00"
"10806";"CAFET EMPADINHA UN LOJA 14";"800";"35,000";"104,65";"104,65"
"10807";"CAFET ENROLADINHO SALSICHA";"800";"16,000";"70,24";"70,24"
"10808";"CAFET FOLHADO PRES QJO";"800";"6,000";"35,94";"35,94"
"10810";"CAFET PAO QJO GDE DINDA";"800";"2,000";"4,00";"4,00"
"10811";"CAFET QUICHE FGO";"800";"1,242";"36,01";"36,01"
"10812";"CAFET QUINDIM";"800";"37,000";"185,00";"185,00"
"10813";"CAFET SANDUICHE FGO ";"800";"3,000";"29,97";"29,97"
"10814";"CAFET SANDUICHE NATURAL";"800";"251,000";"1.129,50";"1.129,50"
"10816";"CAFET TORTA";"800";"3,000";"11,40";"11,40"
"10818";"CAFET TORTA FRIA";"800";"20,000";"140,00";"140,00"
"15219";"CAFETEIRA ITALIANA 3 CAFES MAKA 200ML";"800";"1,000";"59,90";"59,90"
"15221";"CAFETEIRA ITALIANA ALUM 450ML";"800";"1,000";"106,99";"106,99"
"928";"CAFETERIA ACHOCOLATADO";"800";"4,000";"20,00";"20,00"
"930";"CAFETERIA CAFE ALPINO CAPUCCINO";"800";"132,000";"789,36";"789,36"
"929";"CAFETERIA CAFE MOCACCINO";"800";"8,000";"40,00";"40,00"
"932";"CAFETERIA PASTEL FORNO UN";"800";"63,000";"252,00";"252,00"
"38174";"CAIXA P DOCE BOX SUL BRILHO P C 5";"800";"1,000";"6,99";"6,99"
"35896";"CAIXA PLASUTIL RED DECORADA 630ML";"800";"1,000";"11,99";"11,99"
"29470";"CAIXA TERMICA TROPICAL 5L CINZA CLARO";"800";"3,000";"137,97";"137,97"
"36753";"CAKE BOARD PREMIUM BRANCO N 35";"800";"5,000";"44,95";"44,95"
"35969";"CAKE BOARD PREMIUM N 26 BRANCO";"800";"1,000";"4,99";"4,99"
"35966";"CAKE BOARD PREMIUM N 26 OURO";"800";"4,000";"21,96";"21,96"
"35965";"CAKE BOARD PREMIUM N 26 PRATA";"800";"8,000";"39,92";"39,92"
"35968";"CAKE BOARD PREMIUM N 26 ROSE";"800";"6,000";"32,94";"32,94"
"36774";"CAKE BOARD PREMIUM OURO N 24";"800";"12,000";"53,88";"53,88"
"37298";"CAKE BOARD PREMIUM PRATA N 35";"800";"1,000";"9,49";"9,49"
"37391";"CAKE BOARD PREMIUM ROSE N 24";"800";"8,000";"37,52";"37,52"
"36752";"CAKE BOARD PREMIUM ROSE N 35";"800";"3,000";"29,97";"29,97"
"15222";"CALC 12 DIG DUO OFFICE 99322";"800";"5,000";"137,50";"122,39"
"15224";"CALC 8DIG PRATA OFFICE 99321";"800";"2,000";"39,98";"39,98"
"15226";"CALC CIENTIFICA 240 FUNCOES 99324";"800";"5,000";"167,50";"167,50"
"15237";"CALCINHA FIO COS LARGA S COSTUR P  BEGE";"800";"1,000";"19,99";"19,99"
"15238";"CALCINHA FIO COS LARGA S COSTUR P  ROSE";"800";"1,000";"19,99";"19,99"
"15228";"CALCINHA FIO COS LARGA S COSTURA G BEGE";"800";"2,000";"39,98";"39,98"
"15229";"CALCINHA FIO COS LARGA S COSTURA G ROSE";"800";"1,000";"19,99";"19,99"
"15231";"CALCINHA FIO COS LARGA S COSTURA GG  BEGE";"800";"2,000";"39,98";"39,98"
"15233";"CALCINHA FIO COS LARGA S COSTURA GG PRETO";"800";"1,000";"19,99";"19,99"
"15236";"CALCINHA FIO COS LARGA S COSTURA M  ROSE";"800";"1,000";"19,99";"19,99"
"12127";"CALCINHA FIO COS LARGA S COSTURA P PRETA";"800";"5,000";"99,95";"99,95"
"15239";"CALCINHA FIO S COSTURA G  BEGE";"800";"3,000";"59,97";"59,97"
"15241";"CALCINHA FIO S COSTURA G PRETO";"800";"1,000";"19,99";"19,99"
"15245";"CALCINHA FIO S COSTURA M  BEGE";"800";"1,000";"19,99";"19,99"
"15246";"CALCINHA FIO S COSTURA M  PTO";"800";"1,000";"19,99";"19,99"
"15247";"CALCINHA FIO S COSTURA M  ROSE";"800";"1,000";"19,99";"19,99"
"15248";"CALCINHA FIO S COSTURA P  BEGE";"800";"5,000";"99,95";"99,95"
"15249";"CALCINHA FIO S COSTURA P  PTO";"800";"3,000";"59,97";"59,97"
"15250";"CALCINHA FIO S COSTURA P  ROSE";"800";"1,000";"19,99";"19,99"
"15251";"CALCINHA TANGA ALTA S COSTURA G  BEGE";"800";"3,000";"59,97";"59,97"
"15252";"CALCINHA TANGA ALTA S COSTURA G  ROSE";"800";"1,000";"19,99";"19,99"
"15253";"CALCINHA TANGA ALTA S COSTURA G PRETA";"800";"4,000";"79,96";"79,96"
"15254";"CALCINHA TANGA ALTA S COSTURA GG BEGE";"800";"3,000";"59,97";"59,97"
"15256";"CALCINHA TANGA ALTA S COSTURA GG PRETA";"800";"5,000";"99,95";"99,95"
"15255";"CALCINHA TANGA ALTA S COSTURA GG ROSE";"800";"1,000";"19,99";"19,99"
"15257";"CALCINHA TANGA ALTA S COSTURA M  BEGE";"800";"2,000";"39,98";"39,98"
"15258";"CALCINHA TANGA ALTA S COSTURA M  PTA";"800";"6,000";"119,94";"119,94"
"15259";"CALCINHA TANGA ALTA S COSTURA M  ROSE";"800";"2,000";"39,98";"39,98"
"15260";"CALCINHA TANGA LASER S COSTURA G  BEGE";"800";"1,000";"19,99";"19,99"
"15261";"CALCINHA TANGA LASER S COSTURA G  ROSE";"800";"1,000";"19,99";"19,99"
"15262";"CALCINHA TANGA LASER S COSTURA G PRETO";"800";"1,000";"19,99";"19,99"
"15265";"CALCINHA TANGA LASER S COSTURA GG PRETO";"800";"1,000";"19,99";"19,99"
"15270";"CALCINHA TANGA LASER S COSTURA P  PTO";"800";"1,000";"19,99";"19,99"
"15271";"CALCINHA TANGA LASER S COSTURA P  ROSE";"800";"1,000";"19,99";"19,99"
"15272";"CALCINHA TANGA S COSTURA G  BEGE";"800";"3,000";"59,97";"59,97"
"15273";"CALCINHA TANGA S COSTURA G  ROSE";"800";"2,000";"39,98";"39,98"
"15274";"CALCINHA TANGA S COSTURA G PRETO";"800";"3,000";"59,97";"59,97"
"15275";"CALCINHA TANGA S COSTURA GG BEGE";"800";"1,000";"19,99";"19,99"
"15277";"CALCINHA TANGA S COSTURA GG PRETO";"800";"1,000";"19,99";"19,99"
"15276";"CALCINHA TANGA S COSTURA GG ROSE";"800";"1,000";"19,99";"19,99"
"15278";"CALCINHA TANGA S COSTURA M  BEGE";"800";"2,000";"39,98";"39,98"
"15280";"CALCINHA TANGA S COSTURA M  ROSE";"800";"2,000";"39,98";"39,98"
"15279";"CALCINHA TANGA S COSTURA M PRETO";"800";"5,000";"99,95";"99,95"
"15282";"CALCINHA TANGA S COSTURA P  PTO";"800";"1,000";"19,99";"19,99"
"37088";"CALCO P PORTA PLASTICO C 2";"800";"4,000";"23,96";"23,96"
"37400";"CALCULADORA 12 DIGITOS 18X14CM FXC2";"800";"1,000";"45,99";"45,99"
"34919";"CALCULADORA 12 DIGITOS BIG LYKE";"800";"5,000";"212,50";"212,50"
"34934";"CALCULADORA 8 DIGITOS C CORDAO";"800";"8,000";"127,92";"127,92"
"35908";"CALCULADORA CIENTIFICA 10 DIG";"800";"1,000";"29,99";"29,99"
"34920";"CALCULADORA CIENTIFICA 10MAIS2 LYKE";"800";"8,000";"263,92";"263,92"
"34970";"CALCULADORA EASY LYKE AZL BCA";"800";"8,000";"239,92";"239,92"
"3378";"CALDO APTI 114G CARNE";"800";"547,000";"2.295,33";"2.295,33"
"3363";"CALDO APTI 19G CARNE";"800";"423,000";"291,87";"291,87"
"3365";"CALDO APTI 19G COSTELA";"800";"438,000";"302,22";"302,22"
"3383";"CALDO APTI 19G GALINHA";"800";"511,000";"352,59";"352,59"
"3397";"CALDO APTI 19G LEGUMES";"800";"201,000";"138,69";"138,69"
"29471";"CALDO APTI 24X19G CARNE";"800";"10,000";"151,80";"151,80"
"29472";"CALDO APTI 24X19G COSTELA";"800";"12,000";"171,60";"171,60"
"29473";"CALDO APTI 24X19G GALINHA";"800";"16,000";"237,40";"237,40"
"3399";"CALDO APTI 57G BACON";"800";"993,000";"2.054,87";"2.054,87"
"3369";"CALDO APTI 57G CARNE";"800";"1.099,000";"2.269,01";"2.269,01"
"3403";"CALDO APTI 57G COSTELA";"800";"967,000";"1.994,93";"1.994,93"
"3402";"CALDO APTI 57G LEGUMES";"800";"1.250,000";"2.618,90";"2.618,90"
"3367";"CALDO APTI 57G REFOGA CASEIRA";"800";"234,000";"490,86";"490,86"
"3425";"CALDO COSTELA APTI 114G";"800";"268,000";"1.110,42";"1.110,42"
"3390";"CALDO GALINHA APTI 114G";"800";"564,000";"2.340,36";"2.340,36"
"3384";"CALDO GALINHA APTI 57G";"800";"231,000";"480,29";"480,29"
"3394";"CALDO GALINHA KNORR 114G";"800";"24,000";"151,36";"151,36"
"3388";"CALDO GALINHA KNORR 57G";"800";"195,000";"651,45";"651,45"
"3391";"CALDO GALINHA MAGGI 114G";"800";"989,000";"4.367,21";"4.367,21"
"3392";"CALDO GALINHA MAGGI 152G";"800";"903,000";"5.249,57";"5.248,27"
"3386";"CALDO GALINHA MAGGI 57G";"800";"1.320,000";"3.580,00";"3.580,00"
"3380";"CALDO KNORR 114G CARNE";"800";"5,000";"34,95";"34,95"
"3377";"CALDO KNORR 57G CARNE";"800";"94,000";"312,66";"312,66"
"3422";"CALDO KNORR 57G COSTELA";"800";"12,000";"40,48";"40,48"
"3420";"CALDO KNORR 57G LEGUMES";"800";"41,000";"138,19";"138,19"
"3379";"CALDO MAGGI 114G CARNE";"800";"653,000";"2.831,77";"2.831,77"
"3381";"CALDO MAGGI 152G CARNE";"800";"391,000";"2.263,89";"2.263,89"
"3371";"CALDO MAGGI 35G CARNE";"800";"432,000";"1.141,68";"1.141,68"
"3385";"CALDO MAGGI 35G GALINHA";"800";"489,000";"1.298,91";"1.298,91"
"3376";"CALDO MAGGI 57G BACON";"800";"591,000";"1.680,09";"1.680,09"
"3373";"CALDO MAGGI 57G CARNE";"800";"498,000";"1.338,80";"1.331,10"
"15295";"CALDO MAGGI 57G COSTELA";"800";"165,000";"488,55";"488,55"
"15296";"CALDO MAGGI 57G LEGUMES";"800";"397,000";"1.246,43";"1.240,93"
"3407";"CALDO SAZON 32 5G BACON";"800";"541,000";"1.888,09";"1.888,09"
"3404";"CALDO SAZON 32 5G CAMARAO";"800";"88,000";"307,12";"307,12"
"3410";"CALDO SAZON 32 5G CARNE";"800";"487,000";"1.699,63";"1.699,63"
"3409";"CALDO SAZON 32 5G COSTELA";"800";"648,000";"2.261,52";"2.261,52"
"3408";"CALDO SAZON 32 5G GALINHA";"800";"598,000";"2.087,02";"2.087,02"
"3406";"CALDO SAZON 32 5G PICANHA";"800";"547,000";"1.909,03";"1.909,03"
"10820";"CAMARAO CZA 7 BARBAS DESC 400G";"800";"5,000";"172,25";"172,25"
"10821";"CAMARAO CZA JAPESCA 23 30 DESC 400G ";"800";"4,000";"269,96";"269,96"
"10822";"CAMARAO CZA JAPESCA 61 70 EVIS 400G";"800";"11,000";"690,69";"690,69"
"10827";"CAMARAO OCEANI INT 200G";"800";"18,000";"325,64";"325,64"
"10828";"CAMARAO SEARA DESC 80 100 400G";"800";"67,000";"3.684,33";"3.684,33"
"36956";"CAMARAO VERMELHO DESC CONG 250G";"800";"49,000";"1.249,01";"1.249,01"
"15306";"CAN 4 CORES PASTEL BIC";"800";"3,000";"77,97";"77,97"
"15307";"CAN ACAMPAMENTO CERAMICA 320ML";"800";"1,000";"16,99";"16,99"
"15309";"CAN BIC CRISTAL AZUL C 3";"800";"40,000";"479,60";"479,60"
"15310";"CAN BIC CRISTAL NEDDLE FASHION";"800";"1,000";"12,99";"12,99"
"15311";"CAN BIC CRISTAL PTA ENEM C 3";"800";"7,000";"48,93";"48,93"
"15312";"CAN BIC FINE PLUS AZ VER PT";"800";"45,000";"449,55";"449,55"
"15313";"CAN BIC SHIMMERS C 4";"800";"30,000";"377,70";"377,70"
"15314";"CAN BRUSH PORCELANA 280ML";"800";"3,000";"41,97";"41,97"
"15317";"CAN CERAMICA 270ML CK7095";"800";"14,000";"251,86";"251,86"
"15318";"CAN CERAMICA 300ML";"800";"2,000";"33,98";"33,98"
"15319";"CAN CERAMICA 350ML 21727";"800";"34,000";"577,66";"577,66"
"15320";"CAN CERAMICA 350ML 21728";"800";"22,000";"373,78";"373,78"
"15321";"CAN CERAMICA ALCA CORAC 330ML";"800";"4,000";"91,96";"91,96"
"15322";"CAN CERAMICA AMARELA 300ML";"800";"11,000";"175,89";"175,89"
"15323";"CAN CERAMICA BEGE 300ML";"800";"2,000";"35,98";"35,98"
"15325";"CAN CERAMICA HARMONY 300ML";"800";"3,000";"53,97";"53,97"
"15326";"CAN CERAMICA MATT 330ML";"800";"9,000";"170,91";"170,91"
"15327";"CAN CERAMICA MELHOR PAI MUNDO 400ML";"800";"3,000";"80,97";"80,97"
"15328";"CAN CERAMICA MUDDY MAE ONCINHA 300ML";"800";"6,000";"143,94";"143,94"
"15329";"CAN CERAMICA MUDDY SUPER PAI 300ML";"800";"2,000";"29,98";"29,98"
"15330";"CAN CERAMICA MUDDY SUPER PAI 310ML";"800";"1,000";"26,99";"26,99"
"15331";"CAN CERAMICA MUDDY VERM 400ML";"800";"12,000";"203,88";"203,88"
"15332";"CAN CERAMICA ORCHID PAI QUALID 400ML";"800";"1,000";"26,99";"26,99"
"15335";"CAN CERAMICA SAGE VERM 310ML";"800";"9,000";"215,91";"215,91"
"15336";"CAN CERAMICA SURYA AM 235ML";"800";"7,000";"76,93";"76,93"
"15337";"CAN CERAMICA SURYA AZ 235ML";"800";"2,000";"21,98";"21,98"
"15338";"CAN CERAMICA SURYA BG 235ML";"800";"3,000";"32,97";"32,97"
"15340";"CAN CERAMICA TULIPA 330ML SORTS";"800";"46,000";"689,54";"689,54"
"15341";"CAN CHOPP 360ML";"800";"2,000";"19,98";"19,98"
"15344";"CAN CLASSICA C/TAMPA DECORADA";"800";"1,000";"8,99";"8,99"
"15345";"CAN CORRETIVA 5ML ACRILEX-1540";"800";"25,000";"157,25";"157,25"
"15346";"CAN CORRETIVA BIC SHAKEN SQUEEZE";"800";"12,000";"299,88";"299,88"
"15347";"CAN CRISTAL 1AZ 1VM 1VD 1PT BIC";"800";"48,000";"623,52";"623,52"
"15348";"CAN CRISTAL 2AZ 1VM 1PTA BIC";"800";"64,000";"864,00";"863,49"
"15349";"CAN CRISTAL AZ C 4 BIC";"800";"30,000";"389,70";"389,70"
"15350";"CAN CRISTAL AZ L4P3 BIC";"800";"60,000";"575,40";"575,40"
"15351";"CAN CRISTAL BOLD 1 6 BIC";"800";"49,000";"587,51";"587,51"
"15352";"CAN CRISTAL FINA 2AZ 1PT BIC";"800";"52,000";"519,48";"519,48"
"15353";"CAN CRISTAL FINA C 3 AZ BIC";"800";"49,000";"489,51";"489,51"
"15354";"CAN CROPAC 205X5MM C/100";"800";"12,000";"59,88";"59,88"
"15355";"CAN CROPAC PLAST FLEX 200X4 MM C/100";"800";"16,000";"111,84";"111,84"
"15356";"CAN CROPAC VIT 245X5MM C/100";"800";"2,000";"11,98";"11,98"
"15360";"CAN DIVERT GREMIO KIDS 360ML";"800";"1,000";"12,99";"12,99"
"15364";"CAN DIVERT MINNIE 360ML";"800";"2,000";"31,98";"31,98"
"15368";"CAN ESF CARBON 0.7 COLORS C/5-97955";"800";"1,000";"18,99";"18,99"
"15369";"CAN ESF WOW 0.7 COLOR/BCO-97948";"800";"1,000";"9,99";"9,99"
"15370";"CAN ESF WOW 0.7 COLORIDA/PTA-97950";"800";"2,000";"19,98";"19,98"
"15372";"CAN GEL ART 1 0 GLITTER C 4 97934";"800";"11,000";"179,19";"179,19"
"15373";"CAN GEL ART 1 0 NEON C 4 97931";"800";"6,000";"77,94";"77,94"
"15374";"CAN GEL ART 1 0 PASTEL C 4 97929";"800";"12,000";"155,88";"155,88"
"15377";"CAN GELOCITY STIC AZUL BIC";"800";"28,000";"195,72";"195,72"
"15378";"CAN GELOCITY STIC AZUL C 3 BIC";"800";"27,000";"566,73";"566,73"
"15379";"CAN GIZ PORCELANA 320ML";"800";"7,000";"132,93";"132,93"
"15383";"CAN HIDROCOR BIC EVOLUT 12 CORES";"800";"22,000";"549,78";"549,78"
"15384";"CAN HIDROCOR BIG C/12 LEOELEO-4585";"800";"2,000";"31,98";"31,98"
"15387";"CAN HIDROCOR C 6 LEOELEO 4478";"800";"36,000";"104,04";"104,04"
"15391";"CAN HIDROGRAFICA C 12 ACRILEX 6902";"800";"22,000";"314,60";"314,60"
"15392";"CAN HIDROGRAFICA C 6 ACRILEX 6901";"800";"55,000";"422,95";"422,95"
"15394";"CAN INF CAPIVARA 360ML";"800";"7,000";"69,93";"69,93"
"15402";"CAN MAE AMO VOCE 320ML";"800";"9,000";"125,91";"125,91"
"15417";"CAN PLAST TRIO SPIDEY 320ML";"800";"1,000";"11,99";"11,99"
"15427";"CAN PORC MAE FAIXA 300ML";"800";"43,000";"644,57";"642,57"
"15428";"CAN PORC MAE SPOT 300ML";"800";"2,000";"25,98";"25,98"
"15430";"CAN PORC MARROQUINA 300ML";"800";"1,000";"14,99";"14,99"
"15431";"CAN PORC NAMORADOS 300ML";"800";"15,000";"224,85";"224,85"
"15436";"CAN PORC PALAVRAS FAIXA 300ML";"800";"14,000";"209,86";"209,86"
"15441";"CAN PORC URBAN BOAS AMIGAS 300ML";"800";"1,000";"29,90";"29,90"
"15443";"CAN PORC URBAN GRATIDAO TS DIAS 300ML";"800";"1,000";"29,90";"29,90"
"15447";"CAN PORC URBAN SONHOS VIDA+B 300ML";"800";"2,000";"59,80";"59,80"
"15448";"CAN PORC URBAN VOVO O MELHOR 300ML";"800";"1,000";"29,90";"29,90"
"15454";"CAN TEXTURA WINTER AZ 360ML";"800";"1,000";"24,99";"24,99"
"15460";"CAN TRIO STITCH 280ML";"800";"10,000";"149,90";"149,90"
"15461";"CAN VIDRO 120ML";"800";"4,000";"23,96";"23,96"
"15462";"CAN VIDRO 230ML";"800";"2,000";"9,98";"9,98"
"15463";"CAN VIDRO 230ML 14X7CM";"800";"16,000";"159,84";"159,84"
"15469";"CAN VIDRO CAVEIRA GOLD 500ML";"800";"12,000";"179,88";"179,88"
"15470";"CAN VIDRO CAVEIRA TRANSP 400ML";"800";"2,000";"25,98";"25,98"
"15471";"CAN VIDRO CAVEIRA TRANSP 500ML";"800";"6,000";"95,94";"95,94"
"15473";"CAN VIDRO CHOPP 430ML";"800";"2,000";"27,98";"27,98"
"15474";"CAN VIDRO DONUTS 250ML";"800";"1,000";"9,99";"9,99"
"15476";"CAN VIDRO ELUSIA PIRAMIDE 250ML";"800";"2,000";"11,98";"11,98"
"15477";"CAN VIDRO FLORENCE INGA 340ML";"800";"2,000";"27,98";"27,98"
"15478";"CAN VIDRO FRASES MAE 320ML";"800";"12,000";"167,88";"167,88"
"15481";"CAN VIDRO MAE SORTE 320ML";"800";"6,000";"83,94";"83,94"
"15484";"CAN VIDRO OVOS PASCOA 320ML";"800";"1,000";"14,99";"14,99"
"15486";"CAN VIDRO TRANSP 250ML";"800";"134,000";"1.059,66";"1.007,66"
"15487";"CAN VIDRO VIT 320ML";"800";"8,000";"71,92";"71,92"
"37208";"CANECA CERAMICA BICOLOR 330ML";"800";"80,000";"1.279,20";"1.279,20"
"37207";"CANECA CERAMICA LISA CORES 300ML";"800";"81,000";"1.295,19";"1.295,19"
"37235";"CANECA CERAMICA LISTRA BULK 300ML";"800";"63,000";"944,37";"944,37"
"33239";"CANECA CHA ESMALTADA CM48 150ML PRETA";"800";"7,000";"48,93";"48,93"
"33242";"CANECA CHA ESMALTADA CM48 350ML BRANCA";"800";"1,000";"7,99";"7,99"
"33241";"CANECA CHA ESMALTADA CM48 350ML PRETA";"800";"1,000";"7,99";"7,99"
"33240";"CANECA CHA ESMALTADA CM48 350ML VERMELHA";"800";"3,000";"23,97";"23,97"
"38373";"CANECA CLASSIC C TAMPA HELLO KITTY";"800";"62,000";"867,38";"867,38"
"36685";"CANECA DE CERAMICA 200ML";"800";"4,000";"59,96";"59,96"
"37969";"CANECA FRASES MAE 310ML";"800";"165,000";"2.143,35";"2.143,35"
"37101";"CANECA OXFORD 270ML AZ9 CENA INGLES";"800";"4,000";"63,96";"63,96"
"4533";"CANECA OXFORD 280ML DALLAS AM AK700410";"800";"3,000";"50,97";"50,97"
"4537";"CANECA OXFORD 280ML DALLAS ROSA AK700417";"800";"3,000";"50,97";"50,97"
"4538";"CANECA OXFORD 280ML DALLAS VERDE AK700617";"800";"1,000";"16,99";"16,99"
"4543";"CANECA OXFORD 330ML TULIPA ROSA CLARO";"800";"5,000";"64,95";"64,95"
"4547";"CANECA OXFORD 360ML 91 SORTIDA ";"800";"2,000";"25,98";"25,98"
"8955";"CANECA OXFORD AZ12 360ML AMA";"800";"14,000";"237,86";"237,86"
"8957";"CANECA OXFORD AZ12 360ML BCA";"800";"2,000";"33,98";"33,98"
"35665";"CANECA OXFORD AZ9 270ML ALICE";"800";"4,000";"63,96";"63,96"
"35667";"CANECA OXFORD AZ9 270ML BLOOM";"800";"8,000";"127,92";"127,92"
"35666";"CANECA OXFORD AZ9 270ML FOLK";"800";"20,000";"319,80";"319,80"
"36916";"CANECA OXFORD AZ9 270ML VILAREJO";"800";"7,000";"111,93";"111,93"
"38283";"CANECA OXFORD MINI QUARTIER REF 010";"800";"1,000";"9,99";"9,99"
"8959";"CANECA OXFORD TULIPA 330ML AMARELA";"800";"3,000";"38,97";"38,97"
"8960";"CANECA OXFORD TULIPA 330ML BRANCA";"800";"1,000";"11,99";"11,99"
"8961";"CANECA OXFORD TULIPA VERM 330ML ";"800";"1,000";"12,99";"12,99"
"36453";"CANECA PORCELANA CAPIVARA 300ML";"800";"2,000";"29,98";"29,98"
"36460";"CANECA PORCELANA NATAL 300ML";"800";"1,000";"14,99";"14,99"
"37883";"CANECA PORCELANA UNITA MAE FA C CX";"800";"9,000";"143,91";"143,91"
"37850";"CANECA PORCELANA UNITA MAE PR C CX";"800";"16,000";"255,84";"255,84"
"37373";"CANECA PORCELANA UNITA PASCOA 300ML";"800";"4,000";"47,96";"47,96"
"37205";"CANECA PORCELANA UNITA PASCOA C CX";"800";"2,000";"27,98";"27,98"
"38356";"CANECA TRIO HELLO KITTY 280ML";"800";"6,000";"95,94";"95,94"
"36390";"CANECA VD CHOPP 330ML";"800";"3,000";"32,97";"32,97"
"36312";"CANECA VD LISA C3 250ML TRASPARENTE";"800";"28,000";"475,72";"475,72"
"36587";"CANECA VIDRO CHOPP 350ML";"800";"53,000";"264,47";"264,47"
"15475";"CANECA VIDRO ELUSIA MOSAICO 250ML ";"800";"100,000";"499,00";"499,00"
"38543";"CANECA VIDRO LISA TRANSPARENTE 250M";"800";"2,000";"11,98";"11,98"
"15491";"CANECO PINTADO CASALI CORES 1,5L";"800";"1,000";"35,99";"35,99"
"34973";"CANETA APAGAVEL 4EM1 LYKE LETS GO";"800";"15,000";"269,85";"269,85"
"35797";"CANETA BIC CRISTAL NEEDLE";"800";"43,000";"386,57";"386,57"
"34923";"CANETA CORRETIVA LYKE 7ML";"800";"14,000";"64,26";"64,26"
"35806";"CANETA DELINEDORA A PROVA DAGUA 2ML";"800";"3,000";"29,97";"29,97"
"34931";"CANETA ESF 5 CORES MAIS 1 LAPISEIRA";"800";"16,000";"264,00";"264,00"
"36294";"CANETA ESF GEL LIKE BRANCA";"800";"15,000";"67,35";"67,35"
"36295";"CANETA ESF GEL LIKE DOUR PRATA";"800";"10,000";"89,90";"89,90"
"36293";"CANETA ESF GEL NEON LIKE 6 CORES";"800";"21,000";"447,09";"447,09"
"36002";"CANETA ESF LYKE C 2AZL 1PTO 1VRM";"800";"2,000";"13,98";"13,98"
"36297";"CANETA ESF TRIGLOW LYKE C 10 CORES";"800";"46,000";"804,54";"804,54"
"34969";"CANETA ESF UNIK LYKE C 6 1 0 NEON";"800";"1,000";"9,99";"9,99"
"34932";"CANETA GEL APAGAVEL C2 AZL PTO";"800";"8,000";"87,92";"87,92"
"4550";"CANETA HIDROGRAFICA LEO LEO 12UN REF 4517";"800";"8,000";"39,92";"39,92"
"4551";"CANETA JOCAR MARCA TEXTO C 2 AMARELA";"800";"4,000";"25,96";"25,96"
"4552";"CANETA JOGAR OFFICE 8ML CORRETIVA";"800";"22,000";"93,78";"93,78"
"35820";"CANETA LEO LEO HIDROCOR 24 CORES";"800";"15,000";"164,85";"164,85"
"35795";"CANETA RETRATIL 4 CORES BIC";"800";"31,000";"526,69";"526,69"
"34933";"CANETA SEMI GEL 6 EM 1 07MM";"800";"13,000";"181,87";"181,87"
"34961";"CANETINHAS HIDROGRAFICA C12 LYKE";"800";"9,000";"89,91";"89,91"
"34949";"CANETINHAS HIDROGRAFICA C6 LYKE";"800";"46,000";"137,54";"137,54"
"3444";"CANJAO APTI 180G C ARROZ";"800";"170,000";"1.284,30";"1.284,30"
"3435";"CANJAO GALINHA MAGGI 200G ARROZ LEGUMES";"800";"208,000";"2.026,72";"2.026,72"
"2280";"CANJICA AMARELA CBS 400G";"800";"721,000";"3.602,73";"3.602,73"
"15494";"CANJICA AMARELA JUREIA 500G";"800";"1.024,000";"2.966,76";"2.485,76"
"2268";"CANJICA AMARELA YOKI 500G";"800";"165,000";"2.342,35";"2.342,35"
"2283";"CANJICA BCA JUREIA 400G";"800";"364,000";"1.634,36";"1.634,36"
"2273";"CANJICA BRANCA CBS 400G";"800";"162,000";"1.036,38";"1.036,38"
"2281";"CANJICA CRISTAL YOKI 400G";"800";"98,000";"783,02";"783,02"
"2285";"CANJICA TRIGO GERMANI 500G";"800";"93,000";"510,57";"510,57"
"2019";"CANJIQUINHA JUREIA 500G";"800";"90,000";"404,10";"404,10"
"15503";"CANUDINHO DITALIA 200G";"800";"131,000";"2.647,34";"2.647,34"
"1633";"CANUDINHO ITALIANY 200G";"800";"93,000";"1.684,46";"1.684,46"
"1634";"CANUDINHO ROMENA 200G";"800";"80,000";"1.656,20";"1.656,20"
"35921";"CANUDO CROPAC PLAST FLEX 200X4 MM C";"800";"1,000";"9,99";"9,99"
"15528";"CAP DOLCE GUSTO CHOCO ALP INT C 10";"800";"135,000";"3.339,08";"3.264,49"
"15529";"CAP DOLCE GUSTO CHOCOCI KITKA C 10";"800";"93,000";"2.406,55";"2.326,86"
"15532";"CAP DOLCE GUSTO ESPR A PARANA C 10";"800";"21,000";"514,79";"509,79"
"15533";"CAP DOLCE GUSTO ESPR CERR MIN C 10";"800";"38,000";"949,62";"944,62"
"15535";"CAP DOLCE GUSTO GALAK C 10";"800";"8,000";"242,20";"242,20"
"15536";"CAP DOLCE GUSTO GOLD C 10";"800";"31,000";"777,71";"719,87"
"15537";"CAP DOLCE GUSTO KOPEN L GATO C 10";"800";"95,000";"2.431,67";"2.274,11"
"15538";"CAP DOLCE GUSTO KOPEN LAJOTIN C 10";"800";"69,000";"1.740,92";"1.635,75"
"15540";"CAP DOLCE GUSTO LATTE MACCHIA C 10";"800";"306,000";"6.003,55";"5.863,65"
"15542";"CAP DOLCE GUSTO MOCHACCINO AVELA C10";"800";"8,000";"199,20";"194,29"
"15545";"CAP DOLCE GUSTO ORGANICO C 10";"800";"73,000";"1.807,49";"1.747,52"
"15554";"CAP NESCAFE NESPRESSO ANDES C 10";"800";"38,000";"949,62";"949,62"
"15555";"CAP NESCAFE NESPRESSO COLOMBIA C 10";"800";"10,000";"249,90";"249,90"
"15557";"CAP NESCAFE NESPRESSO INDIA C 10";"800";"28,000";"699,72";"699,72"
"15559";"CAP NESCAFE NESPRESSO MEXICO C 10";"800";"37,000";"924,63";"924,63"
"15561";"CAP STARBUCKS CAPP C 10";"800";"65,000";"1.748,50";"1.741,59"
"15564";"CAP STARBUCKS COLOMBIA ESPRE C 10";"800";"1,000";"26,90";"26,90"
"15567";"CAPA CAPO CARRO BRASIL";"800";"5,000";"229,50";"229,50"
"10832";"CAPA COXAO DENTRO FRIBOI VACUO KG ";"800";"1.128,869";"43.382,71";"40.991,13"
"10833";"CAPA COXAO DENTRO FRIBOI VACUO KG BDJ";"800";"206,850";"8.029,81";"7.478,60"
"35658";"CAPA DE CORTE";"800";"1,000";"19,99";"19,99"
"10835";"CAPA FILE FRIBOI BOV VACUO KG";"800";"0,568";"22,15";"22,15"
"10837";"CAPA FILE FRIBOI BOV VACUO KG BDJ";"800";"708,876";"27.357,86";"24.571,09"
"10834";"CAPA FILE FRIBOI BOV VACUO KG PORC";"800";"11.668,917";"439.682,68";"371.089,61"
"35732";"CAPA P CABELEIREIRO PLAST LEO RF956";"800";"1,000";"5,99";"5,99"
"38020";"CAPA P RETROVISOR BRASIL PAR";"800";"26,000";"233,74";"233,74"
"15578";"CAPA RETROVISOR CARRO BRASIL";"800";"13,000";"103,87";"100,87"
"4554";"CAPA RODO PANOSUL 35X50CM SORTIDO";"800";"71,000";"1.603,89";"1.603,89"
"15579";"CAPACETE KIT FERRAMENTA SOLAPA";"800";"1,000";"35,90";"35,90"
"4556";"CAPELETTI ITALIANY 250G FRANGO CP";"800";"155,000";"1.764,85";"1.764,85"
"4557";"CAPELETTI ITALIANY 250G QUEIJO CP";"800";"69,000";"778,81";"778,81"
"4555";"CAPELETTI ITALIANY 250G RESF CARNE";"800";"102,000";"1.159,38";"1.159,38"
"4559";"CAPELETTI ITALIANY 500G CONG FRANGO";"800";"97,000";"1.887,45";"1.881,77"
"4558";"CAPELETTI ITALIANY 500G RESF CARNE";"800";"80,000";"1.531,00";"1.531,00"
"4560";"CAPELETTI ROMENA 250G CARNE";"800";"127,000";"1.580,83";"1.580,83"
"4561";"CAPELETTI ROMENA 250G FRANGO";"800";"150,000";"1.865,70";"1.865,70"
"4562";"CAPELETTI ROMENA 500G CARNE";"800";"15,000";"308,85";"308,85"
"4563";"CAPELETTI ROMENA 500G FRANGO";"800";"9,000";"183,31";"183,31"
"36296";"CAPELLETTI DITALIA CARNE 300G";"800";"143,000";"1.620,13";"1.620,13"
"35537";"CAPELLETTI DITALIA FRANGO 300G";"800";"107,000";"1.214,85";"1.214,85"
"15583";"CAPELLETTI ROMENA 4 QJOS 250G";"800";"139,000";"1.731,91";"1.731,91"
"1986";"CAPPUCCINO PRONTO 3C 260ML BALANCE";"800";"21,000";"169,29";"169,29"
"1981";"CAPPUCCINO PRONTO 3C 260ML CHOC";"800";"14,000";"113,16";"113,16"
"1983";"CAPPUCCINO PRONTO 3C 260ML CLASSIC";"800";"35,000";"290,55";"290,55"
"1987";"CAPPUCCINO PRONTO 3C 260ML WHEY";"800";"14,000";"118,86";"118,86"
"15526";"CAPS DOLCE GUSTO CHAP DIAMANTI C 10";"800";"1,000";"24,99";"24,99"
"2172";"CAPSULA 3C 110G C 10 CAPPUCCIN AVELA";"800";"121,000";"2.837,16";"2.676,85"
"2174";"CAPSULA 3C 110G C 10 CAPPUCCIN CLASS";"800";"174,000";"4.115,59";"3.853,53"
"2178";"CAPSULA 3C 110G C 10 CHOC CARARAMELL";"800";"92,000";"2.116,69";"2.007,21"
"2176";"CAPSULA 3C 110G C 10 CHOCOLATTO";"800";"143,000";"3.316,04";"3.179,19"
"2163";"CAPSULA 3C 110G C 10 LATTE MACCHIATO";"800";"56,000";"1.283,66";"1.197,64"
"2259";"CAPSULA 3C 50G C 10 CERRADO MINEIRO";"800";"38,000";"857,37";"837,82"
"2261";"CAPSULA 3C 50G C 10 INTENSO";"800";"24,000";"542,32";"530,59"
"2257";"CAPSULA 3C 50G C 10 MOGIANA PAULIST";"800";"28,000";"614,46";"602,73"
"2260";"CAPSULA 3C 50G C 10 ORGANICO";"800";"20,000";"450,63";"446,72"
"2196";"CAPSULA 3C 75G C 10 FILTRADO GOURMET";"800";"25,000";"558,40";"542,76"
"2194";"CAPSULA 3C 75G C 10 FILTRADO TRAD";"800";"41,000";"944,71";"889,97"
"2183";"CAPSULA 3C 80G C 10 ESPRESSO AMENO";"800";"23,000";"518,42";"506,69"
"2187";"CAPSULA 3C 80G C 10 ESPRESSO ATENTO";"800";"40,000";"916,90";"873,89"
"2190";"CAPSULA 3C 80G C 10 ESPRESSO DECAF";"800";"21,000";"497,99";"466,71"
"2188";"CAPSULA 3C 80G C 10 ESPRESSO PLENO";"800";"53,000";"1.208,05";"1.118,12"
"2189";"CAPSULA 3C 80G C 10 ESPRESSO SUPREMO";"800";"43,000";"980,78";"906,49"
"2184";"CAPSULA 3C 80G C 10 ESPRESSO VIBRANTE";"800";"37,000";"841,29";"798,28"
"2181";"CAPSULA 3C 90G C 10 CAFE C LEITE";"800";"88,000";"2.087,56";"1.946,80"
"2237";"CAPSULA 3C BAILEYS 110G C 10 SUPRE MACCHIATO";"800";"12,000";"282,89";"275,07"
"2246";"CAPSULA 3C HAVANA 110G C 10 CAPP DOCE LEITE";"800";"63,000";"1.497,88";"1.380,58"
"2247";"CAPSULA 3C RITUAIS 80G C 10 MOGIANA PAULIST";"800";"37,000";"884,30";"837,38"
"2216";"CAPSULA DOLCE GUSTO 100G C 10 CAFE AU LAIT";"800";"188,000";"3.758,12";"3.718,15"
"2206";"CAPSULA DOLCE GUSTO 110G C 10 AU LAIT VANILLA";"800";"239,000";"4.717,58";"4.628,63"
"2232";"CAPSULA DOLCE GUSTO 117G C 10 CAPPUCCINO";"800";"431,000";"8.569,00";"8.482,38"
"2220";"CAPSULA DOLCE GUSTO 160G C 10 CHOCOCINO";"800";"92,000";"1.839,08";"1.794,44"
"2266";"CAPSULA DOLCE GUSTO 170G C 10 CAPP DOCE LEITE";"800";"138,000";"3.361,50";"3.328,30"
"2265";"CAPSULA DOLCE GUSTO 170G C10 NESCAU";"800";"176,000";"4.257,90";"4.224,70"
"2234";"CAPSULA DOLCE GUSTO 172G C 10 MOCHA CANELA";"800";"262,000";"5.237,38";"5.177,42"
"2263";"CAPSULA DOLCE GUSTO 178G C 10 ALPINO TRAD";"800";"204,000";"4.996,60";"4.900,46"
"2218";"CAPSULA DOLCE GUSTO 60G C 10 EXPRESSO";"800";"241,000";"4.757,56";"4.610,99"
"2229";"CAPSULA DOLCE GUSTO 70G C 10 LUNGO";"800";"217,000";"4.204,43";"4.084,51"
"2221";"CAPSULA DOLCE GUSTO 80G C 10 CAFE CASEIRO";"800";"148,000";"2.931,84";"2.851,89"
"2157";"CAPSULA DOLCE GUSTO 80G C 10 ESPRES INTENSO";"800";"191,000";"3.764,73";"3.724,75"
"2214";"CAPSULA DOLCE GUSTO 80G C 10 MATINAL";"800";"277,000";"5.377,15";"5.217,23"
"2243";"CAPSULA NESCAFE NESPRESSO C 10 BRAZIL LUNGO";"800";"15,000";"373,50";"373,50"
"2267";"CAPSULA STARBUCKS 53G C 10 BLONDE ESPRESSO";"800";"32,000";"796,80";"796,80"
"2270";"CAPSULA STARBUCKS 55G C 10 CAFFE VERONA";"800";"28,000";"809,20";"809,20"
"2274";"CAPSULA STARBUCKS 57G C 10 COLOMBIA";"800";"35,000";"976,50";"976,50"
"2272";"CAPSULA STARBUCKS 57G C 10 ESPRESSO ROAST";"800";"27,000";"753,30";"753,30"
"2271";"CAPSULA STARBUCKS 57G C 10 HOUSE BLEND";"800";"21,000";"546,35";"546,35"
"33292";"CAPSULA TRES CORACOES C10 NAPOLITANO";"800";"71,000";"1.634,34";"1.571,69"
"33291";"CAPSULA TRES CORACOES C10 PACOCA";"800";"44,000";"1.043,78";"985,13"
"1982";"CAPUCCINO PRONTO 3C 260ML PINGADO";"800";"38,000";"301,82";"301,82"
"10839";"CAQUI KG";"800";"3.707,995";"27.137,04";"27.137,02"
"38105";"CAQUI RAMA FORTE BDJ 600G";"800";"155,000";"1.595,85";"1.595,85"
"15584";"CAR BOVINA ODERICH 320G";"800";"2,000";"14,68";"14,68"
"15585";"CARGA GILLETTE MACH3 C 2";"800";"593,000";"11.512,74";"11.512,74"
"15586";"CARGA GILLETTE MACH3 CARBONO C 4 PROMO";"800";"8,000";"351,92";"351,92"
"15587";"CARGA GILLETTE MACH3 REGULAR C/4";"800";"1,000";"49,99";"49,99"
"4564";"CARGA MACH 3 2UN CARBONO";"800";"50,000";"1.883,00";"1.883,00"
"4565";"CARGA MACH 3 2UN SENSITIVE";"800";"53,000";"1.975,70";"1.975,70"
"4567";"CARGA MACH 3 LV4 PG3 REGULAR";"800";"37,000";"2.175,56";"2.175,56"
"4568";"CARGA MACH 3 LV4 PG3 SENSITIVE";"800";"13,000";"829,40";"803,40"
"4569";"CARGA MACH 3 LV6 PG5 SENSITIVE";"800";"13,000";"1.169,87";"1.169,87"
"10845";"CARNE MOIDA CHULETAO BOV CONG 400G";"800";"2.627,000";"25.482,72";"25.482,72"
"10846";"CARNE MOIDA CHULETAO FGO CONG 500G";"800";"30,000";"209,70";"209,70"
"10847";"CARNE MOIDA LAR 375G FILE PEITO FGO";"800";"21,000";"250,19";"250,19"
"35466";"CARNE MOIDA MAIS FGO CONG FGO 500G";"800";"561,000";"4.834,17";"4.834,17"
"10848";"CARNE MOIDA PAMPLONA SUINA CON 500G ";"800";"6,000";"71,10";"71,10"
"10851";"CARNE SEARA SUINO SALG 400G";"800";"234,000";"3.133,26";"3.133,26"
"36323";"CARNE SUINA RESF KG R 72102";"800";"1,000";"5,09";"5,09"
"10852";"CARRE SUINO CONG KG";"800";"8.640,150";"156.023,82";"151.709,48"
"10854";"CARRE SUINO CONG KG RIPA";"800";"2.845,805";"51.052,22";"50.050,15"
"15592";"CARRETILHA DUPLA ACO INOX 17X5CM";"800";"1,000";"9,99";"9,99"
"15593";"CARRETILHA P MAS INOX 20X8CM ";"800";"1,000";"9,99";"9,99"
"15611";"CARTOLA PANO BRASIL BAND";"800";"6,000";"89,40";"89,40"
"15602";"CARTOLINA ESC MILLENNIUM UN AMARELO";"800";"31,000";"46,19";"46,19"
"15603";"CARTOLINA ESC MILLENNIUM UN AZUL";"800";"21,000";"31,29";"31,29"
"15604";"CARTOLINA ESC MILLENNIUM UN BCO";"800";"35,000";"52,15";"52,15"
"15605";"CARTOLINA ESC MILLENNIUM UN ROSA";"800";"33,000";"49,17";"49,17"
"15606";"CARTOLINA ESC MILLENNIUM UN VERDE";"800";"42,000";"62,58";"62,58"
"8965";"CARVAO CHAMA CAMPEIRA 3KG";"800";"993,000";"17.367,57";"17.363,07"
"8966";"CARVAO CHAMA CAMPEIRA 5KG";"800";"882,000";"25.569,18";"25.434,18"
"29542";"CARVAO VEG CHURRASCO NA BRASA 3KG";"800";"1.456,000";"25.084,58";"24.560,52"
"15615";"CARVAO VEG CHURRASCO NA BRASA 5KG";"800";"570,000";"16.467,30";"16.455,86"
"36704";"CASCO BOVINO PETISCAO C 1 UN";"800";"4,000";"29,56";"29,56"
"15618";"CASPSULA DOLCE GUSTO NESQUIK C 10";"800";"45,000";"1.124,55";"1.099,56"
"3130";"CAST CAJU EQUIL SAUDAVEL 100G C SAL";"800";"9,000";"212,31";"212,31"
"3129";"CAST CAJU EQUIL SAUDAVEL 100G S SAL";"800";"1,000";"23,59";"23,59"
"10855";"CASTANHA CAJU UNIAGRO TORR SALG KG";"800";"9,312";"1.014,89";"1.014,89"
"3126";"CASTANHA DE CAJU 100G CARAMELIZADA CHOCOLATE";"800";"1,000";"20,59";"20,59"
"3123";"CASTANHA DE CAJU 100G CARAMELIZADA COCO";"800";"20,000";"391,40";"391,40"
"3124";"CASTANHA DE CAJU 100G CARAMELIZADA GERGELIM";"800";"1,000";"20,59";"20,59"
"3125";"CASTANHA DE CAJU 100G CARAMELIZADA LTE CONDENSADO";"800";"6,000";"121,84";"121,84"
"10856";"CASTANHA PARA UNIAGRO S CASCA";"800";"25,729";"5.542,46";"5.542,46"
"15619";"CASTICAL ESSENCIAS CERAMICA 8CM";"800";"6,000";"95,94";"95,94"
"15622";"CATCHUP BISN KETDOG 1K";"800";"722,000";"6.253,70";"6.253,70"
"15638";"CD COTTONBABY SNOOPY BABY 200ML GOTAS CAMOMILA";"800";"25,000";"364,75";"364,75"
"15639";"CD COTTONBABY SNOOPY BABY 200ML TOQUE D ALGODAO";"800";"8,000";"116,72";"116,72"
"33664";"CD DOVE 190ML REC AMINOACIDO";"800";"15,000";"358,35";"358,35"
"34304";"CD DOVE BOND INTENSE 150ML REPAIR";"800";"25,000";"442,25";"442,25"
"15644";"CD ELSEVE 400ML GLYCOLIC GLOSS";"800";"20,000";"899,80";"899,80"
"15645";"CD ELSEVE 400ML HIDRA HIAL";"800";"9,000";"412,44";"412,44"
"15646";"CD ELSEVE 400ML LISO DOS SONHO";"800";"12,000";"539,88";"539,88"
"36183";"CD ELSEVE COLLAGEN LIFTER 200ML";"800";"41,000";"1.053,29";"1.033,29"
"36184";"CD ELSEVE COLLAGEN LIFTER 400ML";"800";"15,000";"493,50";"493,50"
"15650";"CD GENIAL PET 500ML DESEMBARACADOR";"800";"2,000";"28,98";"28,98"
"15656";"CD MAIZE 300ML MEU LISO MATIZADOR";"800";"3,000";"84,87";"84,87"
"15657";"CD MONANGE 325ML BOOST CRESC";"800";"19,000";"268,96";"268,96"
"15658";"CD MONANGE 325ML DETOX TERAPIA";"800";"18,000";"253,05";"253,05"
"15659";"CD NEUTROX 300ML CLASSICO";"800";"88,000";"964,01";"964,01"
"15660";"CD NEUTROX 300ML SOL MAR PISC";"800";"23,000";"262,27";"262,27"
"15666";"CD PALMOLIVE 350ML NATURALS DETOX";"800";"3,000";"35,67";"35,67"
"15667";"CD PALMOLIVE 350ML OLEO RICINO RO";"800";"20,000";"419,80";"419,80"
"35119";"CD PANTENE 250ML BOND REPAIR";"800";"46,000";"1.241,54";"1.241,54"
"15670";"CD PANTENE 250ML PRO V MIRACLES";"800";"53,000";"1.404,49";"1.404,49"
"35120";"CD PANTENE 510ML BOND REPAIR";"800";"26,000";"1.247,74";"1.247,74"
"35588";"CD SEDA 225ML TOQUE DE SEDA";"800";"93,000";"1.394,07";"1.394,07"
"33712";"CD SEDA 425ML LISO PERFEITO";"800";"5,000";"51,45";"51,45"
"34853";"CD TRESEMME 400ML BLIND ANTIUMID";"800";"3,000";"92,37";"92,37"
"15687";"CEBOL CONS JUREIA CRISTAL 200G";"800";"24,000";"274,86";"274,86"
"38097";"CEBOLA ANEIS EXCELSIOR 400G";"800";"356,000";"4.980,44";"4.980,44"
"8852";"CEBOLA ANEIS EXCELSIOR 450G";"800";"23,000";"363,17";"363,17"
"2356";"CEBOLA CONSERVA JUREIA TINTO 300G";"800";"33,000";"412,17";"412,17"
"15688";"CEBOLA EM ANEIS LAR CONG 400G";"800";"160,000";"2.683,60";"2.683,60"
"10857";"CEBOLA KG";"800";"76.919,672";"298.431,65";"298.220,02"
"10857";"CEBOLA KG";"810";"5,968";"17,79";"17,79"
"10861";"CEBOLA P CONSERVA KG";"800";"1.945,018";"10.681,48";"10.680,45"
"10862";"CEBOLA ROXA KG";"800";"2.214,847";"14.159,65";"14.159,65"
"2358";"CEBOLAS CONSERVA PETRY VD 300G";"800";"42,000";"671,58";"671,58"
"2354";"CEBOLINHA CONSERVA JUREIA 300G";"800";"1,000";"12,50";"12,50"
"10866";"CENOURA BABY PCT";"800";"1,000";"9,99";"9,99"
"2360";"CENOURA CONSERVA JUREIA VD 300G";"800";"10,000";"80,68";"80,68"
"10868";"CENOURA FRACION VACUO KG";"800";"15,140";"302,45";"302,45"
"10864";"CENOURA KG";"800";"17.973,719";"190.017,87";"189.807,40"
"15696";"CER MUCILON AMEIXA AVEIA SH 180G";"800";"117,000";"862,83";"862,83"
"8973";"CERA CARNU AUTO PASTA 200G";"800";"5,000";"164,50";"164,50"
"8974";"CERA CARRO CENTRALSUL EXPRES 500ML ";"800";"21,000";"905,90";"905,90"
"33969";"CERA CARRO MIL MILHAS 200G";"800";"106,000";"1.334,54";"1.334,54"
"4573";"CERA GRAND PRIX 200G TRAD";"800";"1,000";"43,90";"43,90"
"15722";"CERA LIQ ANDREIA 750ML AMARELA";"800";"111,000";"820,39";"802,89"
"15723";"CERA LIQ ANDREIA 750ML INCOLOR";"800";"227,000";"1.674,23";"1.653,73"
"15724";"CERA LIQ ANDREIA 750ML VERM";"800";"245,000";"1.824,55";"1.760,55"
"15724";"CERA LIQ ANDREIA 750ML VERM";"810";"5,000";"34,95";"34,95"
"15725";"CERA LIQ ANDREIA AUTO BR 750ML AM";"800";"37,000";"580,09";"580,09"
"15726";"CERA LIQ ANDREIA AUTO BR 750ML INC";"800";"136,000";"1.931,76";"1.931,76"
"15727";"CERA LIQ ANDREIA AUTO BR 750ML VM";"800";"83,000";"1.172,09";"1.172,09"
"4579";"CERA LIQ BRILHO FACIL 750ML AMARELO";"800";"23,000";"401,70";"401,70"
"15728";"CERA LIQ BRILHO FACIL 750ML ARDOSIA";"800";"36,000";"628,40";"628,40"
"4580";"CERA LIQ BRILHO FACIL 750ML INCOLOR";"800";"35,000";"600,50";"600,50"
"4581";"CERA LIQ BRILHO FACIL 750ML VRM";"800";"55,000";"948,50";"948,50"
"15731";"CERA LIQ GIRANDO SOL 750ML AMARELA";"800";"93,000";"801,77";"801,77"
"15732";"CERA LIQ GIRANDO SOL 750ML INCOLOR";"800";"233,000";"2.008,13";"2.008,13"
"15733";"CERA LIQ GIRANDO SOL 750ML VERM";"800";"209,000";"1.795,03";"1.795,03"
"4582";"CERA LIQ INGLEZA 750ML MAX AMARELA";"800";"10,000";"163,54";"163,54"
"4583";"CERA LIQ INGLEZA 750ML MAX INCOLOR";"800";"9,000";"143,91";"143,91"
"4584";"CERA LIQ INGLEZA 750ML MAX VERMELHA";"800";"38,000";"612,17";"612,17"
"4585";"CERA LIQ POLIFLOR SH 500ML INCOLOR";"800";"19,000";"351,50";"351,50"
"15737";"CERA PASTA ANDREIA 400G AMARELA";"800";"16,000";"396,20";"396,20"
"15738";"CERA PASTA ANDREIA 400G INCOLOR";"800";"27,000";"671,90";"671,90"
"15739";"CERA PASTA ANDREIA 400G VERM";"800";"35,000";"876,50";"876,50"
"8969";"CERA POLIFLOR LI L750MLP525ML";"800";"9,000";"200,10";"200,10"
"4586";"CERA PROAUTO 200G CARNAUBA";"800";"16,000";"368,47";"368,47"
"15743";"CERA TECBRIL LIMPADORA 200G";"800";"37,000";"724,83";"724,83"
"15744";"CERA TECBRIL LIMPADORA 300ML";"800";"3,000";"119,97";"119,97"
"38003";"CEREAL MAT DOMELLY DINOCRISPY ACUCA";"800";"21,000";"258,09";"258,09"
"3053";"CEREAL MAT KELLOGGS 170G SUCRILHOS 60 MENOS ACUCAR";"800";"53,000";"736,17";"736,17"
"3050";"CEREAL MAT KELLOGGS 200G SUCRILHOS POWER POPS";"800";"99,000";"1.175,01";"1.099,72"
"3055";"CEREAL MAT KELLOGGS 240G SUCRILHOS CHOCOLATE";"800";"139,000";"1.761,05";"1.645,53"
"3048";"CEREAL MAT KELLOGGS CX 240G ORIGIN SUCRILHOS";"800";"40,000";"479,60";"477,59"
"3045";"CEREAL MAT KELLOGGS LV240G PG200G SUCRILHOS";"800";"743,000";"8.733,70";"8.114,62"
"3026";"CEREAL MAT KELLOGGS SH 100G CHOCO KRISPIS";"800";"66,000";"549,74";"501,77"
"3030";"CEREAL MAT KELLOGGS SH 110G ORIGIN SUCRILHOS";"800";"141,000";"1.015,99";"1.015,99"
"3060";"CEREAL MAT NESCAU 210G FLAKES 230G";"800";"358,000";"7.142,76";"6.378,36"
"3039";"CEREAL MAT NESTLE CX 190G CORN FLAKES";"800";"25,000";"273,55";"273,55"
"3054";"CEREAL MAT NESTLE CX 200G NEGRESCO CHOCO BAUNILHA";"800";"19,000";"260,11";"260,11"
"3056";"CEREAL MAT NESTLE CX 210G KIT KAT";"800";"86,000";"1.263,34";"1.255,94"
"3037";"CEREAL MAT NESTLE CX 210G NESCAU";"800";"287,000";"3.469,83";"3.461,63"
"3058";"CEREAL MAT NESTLE CX 230G MOCA FLAKES";"800";"19,000";"336,71";"336,71"
"3038";"CEREAL MAT NESTLE CX 230G SNOW FLAKES";"800";"203,000";"1.987,65";"1.987,65"
"3042";"CEREAL MAT NESTLE CX210G NESCAU DUO";"800";"227,000";"2.993,93";"2.993,93"
"3025";"CEREAL MAT NESTLE SH 120G CRUNCH";"800";"187,000";"1.307,13";"1.307,13"
"3022";"CEREAL MAT NESTLE SH 120G MOCA FLAKES";"800";"332,000";"2.320,68";"2.320,68"
"3028";"CEREAL MAT NESTLE SH 120G NESCAU";"800";"471,000";"3.292,29";"3.292,29"
"3027";"CEREAL MAT NESTLE SH 120G SNOW FLAKES";"800";"226,000";"1.579,74";"1.579,74"
"3051";"CEREAL MAT NESTLE SH 210G NESTON 3 CEREAIS";"800";"178,000";"2.294,42";"2.294,42"
"3032";"CEREAL MAT NESTLE SH 90G KIT KAT";"800";"223,000";"1.558,77";"1.558,77"
"3036";"CEREAL MAT SUPERBOM CX 240G SKARCHITOS";"800";"231,000";"2.007,39";"2.007,39"
"3033";"CEREAL MAT SUPERBOM SH 200G SUPERBALLS";"800";"378,000";"3.321,72";"3.294,72"
"37797";"CEREAL MATINAL NESTLE NESCAU 170G";"800";"15,000";"179,85";"179,85"
"2659";"CEREAL MUCILON SH 180G ARROZ";"800";"23,000";"179,67";"179,67"
"2656";"CEREAL MUCILON SH 180G ARROZ E AVEIA";"800";"93,000";"680,13";"680,13"
"2658";"CEREAL MUCILON SH 180G MILHO";"800";"141,000";"1.052,19";"1.048,39"
"2657";"CEREAL MUCILON SH 180G MULTICEREAIS";"800";"291,000";"2.156,11";"2.156,11"
"10869";"CEREJA LA VIOLET KG";"800";"11,410";"1.091,81";"1.081,67"
"2256";"CEREJA ODERICH CALDA 100G";"800";"62,000";"946,78";"945,68"
"94";"CERV AMSTEL 1L";"800";"100,000";"799,00";"799,00"
"228";"CERV AMSTEL LAGER LN 355ML";"800";"313,000";"1.421,89";"1.421,89"
"144";"CERV AMSTEL LAGER LT 473ML";"800";"12.114,000";"59.249,30";"56.538,86"
"229";"CERV AMSTEL ULTRA LN 275ML";"800";"1.132,000";"5.711,14";"5.691,14"
"37512";"CERV AMSTEL VIBES LT 269ML LIMAO";"800";"29,000";"144,71";"144,71"
"29640";"CERV AMSTEL VIBES LT 269ML MEL MOR";"800";"22,000";"117,43";"117,43"
"35782";"CERV ANTARCTICA 1L";"800";"602,000";"4.508,98";"4.508,98"
"147";"CERV ANTARCTICA PILSEN LT 473ML";"800";"8.903,000";"40.740,21";"39.159,41"
"102";"CERV ANTARCTICA SUBZERO GF 1L";"800";"223,000";"1.568,17";"1.568,17"
"145";"CERV ANTARCTICA SUBZERO LT 473ML";"800";"12.134,000";"55.227,22";"54.050,14"
"4611";"CERV BADEN CRISTAL PILSEN LT 473ML";"800";"75,000";"454,05";"454,05"
"107";"CERV BADEN GOLDEN GF 600ML GOLDEN";"800";"11,000";"76,89";"59,39"
"4610";"CERV BADEN IPA LT 473ML";"800";"178,000";"1.066,22";"1.066,22"
"149";"CERV BELLAVISTA LAGER LT 473ML";"800";"82,000";"368,18";"368,18"
"34749";"CERV BELLAVISTA LT 350ML ZERO";"800";"138,000";"473,92";"473,92"
"34496";"CERV BELLAVISTA PILSEN LT 473ML";"800";"1.725,000";"6.438,39";"6.428,79"
"4594";"CERV BLUE MOON BELG WHIT LN 355ML";"800";"2,000";"13,98";"13,98"
"151";"CERV BOHEMIA LT 473ML";"800";"1.635,000";"7.841,25";"7.841,25"
"109";"CERV BRAHMA CHOPP GF 1L CHOPP";"800";"1.513,000";"12.131,35";"12.031,99"
"121";"CERV BRAHMA CHOPP GF 300ML RETORNAVEL";"800";"653,000";"1.730,45";"1.730,45"
"152";"CERV BRAHMA CHOPP LT 473ML";"800";"38.488,000";"183.963,92";"165.724,04"
"154";"CERV BRAHMA DUPLO MALTE LT 473ML";"800";"1.404,000";"7.015,24";"6.833,24"
"155";"CERV BRAHMA MALZBIER LT 350ML";"800";"578,000";"3.062,10";"3.062,10"
"299";"CERV BRAHMA ZERO LT 350ML";"800";"1.455,000";"6.021,75";"5.385,99"
"33511";"CERV BRUTAL FRUIT LN 275ML";"800";"153,000";"1.537,49";"1.355,69"
"123";"CERV BUDWEISER GF 300ML RETORNAVEL";"800";"343,000";"1.027,77";"1.027,77"
"110";"CERV BUDWEISER GF 990ML RETORNAVEL";"800";"378,000";"3.595,32";"3.595,32"
"237";"CERV BUDWEISER LN 330ML";"800";"947,000";"5.440,48";"5.127,12"
"156";"CERV BUDWEISER LT 473ML";"800";"14.326,000";"78.748,34";"72.598,39"
"301";"CERV BUDWEISER ZERO LN 330ML";"800";"251,000";"1.436,63";"1.379,70"
"158";"CERV BUDWEISER ZERO LT SLEEK 350ML";"800";"214,000";"919,82";"916,22"
"33282";"CERV CERPA EXPORT LN 350ML";"800";"20,000";"146,30";"143,80"
"246";"CERV CORONA EXTRA LN 330ML";"800";"629,000";"4.682,01";"4.655,61"
"159";"CERV CORONA EXTRA LT 473ML";"800";"861,000";"5.819,41";"5.278,66"
"244";"CERV CORONA ZERO LN 330ML";"800";"216,000";"1.596,24";"1.596,24"
"4590";"CERV CORONITA EXTRA LN 210ML";"800";"93,000";"515,37";"515,37"
"161";"CERV CRYSTAL PILSEN LT 473ML";"800";"1.805,000";"6.020,25";"6.020,25"
"163";"CERV EISENBAHN PILSEN LT 473ML";"800";"3.843,000";"19.102,57";"18.760,07"
"4620";"CERV EISENBAHN PILSEN SLEEK 350ML";"800";"76,000";"290,24";"290,24"
"164";"CERV EST GALICIA P MALTE LT 473ML";"800";"141,000";"886,89";"886,89"
"111";"CERV GLACIAL PILSEN GF 1L";"800";"57,000";"398,43";"398,43"
"167";"CERV GLACIAL PILSEN LT 473ML";"800";"12.264,000";"42.781,86";"42.005,56"
"15756";"CERV HEINEKEN FULLY LN 250ML";"800";"37,000";"193,63";"193,63"
"260";"CERV HEINEKEN LN 330ML";"800";"1.135,000";"7.706,65";"7.706,65"
"169";"CERV HEINEKEN LT 473ML";"800";"9.226,000";"60.147,54";"59.727,54"
"363";"CERV HEINEKEN PILSEN BARRIL 5L";"800";"7,000";"839,30";"839,30"
"136";"CERV HEINEKEN PILSEN GF 600ML";"800";"268,000";"2.497,32";"2.497,32"
"171";"CERV HEINEKEN PILSEN LT 350ML";"800";"47,000";"258,43";"258,43"
"303";"CERV HEINEKEN ZERO LN 330ML";"800";"229,000";"1.511,31";"1.511,31"
"8983";"CERV HEINEKEN ZERO LT 269ML";"800";"231,000";"928,49";"928,49"
"306";"CERV HEINEKEN ZERO LT 350ML";"800";"423,000";"2.544,17";"2.544,17"
"15757";"CERV IMPERIO PILSEN LT 473ML PURO MALTE";"800";"1.644,000";"7.381,56";"7.381,56"
"280";"CERV ITAIPAVA MALZBIER LN 330ML";"800";"477,000";"2.650,93";"2.650,93"
"4598";"CERV ITAIPAVA MALZBIER LT 350ML";"800";"1.742,000";"7.836,40";"7.834,00"
"177";"CERV ITAIPAVA PILSEN LT 473ML";"800";"85,000";"322,15";"322,15"
"178";"CERV KAISER LT 473ML";"800";"16.776,000";"58.548,24";"58.437,84"
"282";"CERV MICHELOB ULTRA LN 330ML";"800";"239,000";"1.572,53";"1.572,53"
"179";"CERV ORIGINAL LT 473ML";"800";"11.727,000";"65.477,53";"63.128,73"
"113";"CERV ORIGINAL1L RETORNAVEL";"800";"172,000";"1.890,28";"1.890,28"
"347";"CERV PATAGONIA AMBER LT 473ML";"800";"143,000";"1.115,53";"1.115,53"
"4625";"CERV PATAGONIA IPA LT 473ML";"800";"31,000";"243,57";"243,57"
"361";"CERV PATAGONIA WEISSE LT 473ML";"800";"65,000";"506,87";"506,87"
"180";"CERV PETRA PURO MALTE LT 473ML";"800";"369,000";"1.589,41";"1.589,41"
"114";"CERV POLAR EXPORT GF 1L RETORNAVEL";"800";"211,000";"1.603,31";"1.603,31"
"188";"CERV POLAR EXPORT LT 473ML";"800";"1.604,000";"7.526,12";"7.466,12"
"126";"CERV POLAR PILSEN GF 300ML RETORNAVEL";"800";"26,000";"72,54";"72,54"
"36663";"CERV PRAYA LAGER LN 330ML";"800";"54,000";"377,46";"377,46"
"191";"CERV PROVINCIA MALZBIER LT 473ML";"800";"1.495,000";"6.726,15";"6.726,15"
"309";"CERV PROVINCIA MALZBIER ZR LT 473ML";"800";"227,000";"1.041,93";"1.041,93"
"15760";"CERV PROVINCIA P MALTE ZR LT 473ML";"800";"408,000";"1.400,70";"1.400,70"
"193";"CERV PROVINCIA PILSEN PREM LT 473ML";"800";"13.892,000";"48.275,58";"46.935,38"
"115";"CERV SCHIN 1L RETORNAVEL";"800";"422,000";"2.654,38";"2.605,58"
"207";"CERV SCHIN PILSEN LT 473ML";"800";"55.273,000";"192.293,27";"178.465,12"
"116";"CERV SKOL 1L";"800";"1.868,000";"15.033,48";"15.033,48"
"35161";"CERV SKOL BEATS GREEN LN 269ML MIX";"800";"147,000";"1.169,19";"1.076,02"
"35160";"CERV SKOL BEATS GREEN LT 269ML MIX";"800";"78,000";"496,29";"444,68"
"286";"CERV SKOL BEATS LN 269ML GIN TONICA";"800";"250,000";"1.986,82";"1.757,81"
"209";"CERV SKOL BEATS LT 269ML GIN TONICA";"800";"128,000";"811,61";"682,69"
"4418";"CERV SKOL BEATS RED LN 269ML MIX";"800";"218,000";"1.733,27";"1.595,83"
"3871";"CERV SKOL BEATS RED LT 269ML MIX";"800";"152,000";"1.004,23";"823,37"
"287";"CERV SKOL BEATS SENSES LN 269ML";"800";"228,000";"1.787,01";"1.605,95"
"210";"CERV SKOL BEATS SENSES LT 269ML";"800";"279,000";"1.873,32";"1.537,78"
"288";"CERV SKOL BEATS TROPICAL LN 269ML";"800";"142,000";"1.115,23";"970,67"
"128";"CERV SKOL PILSEN GF 300ML RETORNAVEL";"800";"1.463,000";"3.798,87";"3.798,87"
"213";"CERV SKOL PILSEN LT 473ML";"800";"48.331,000";"229.150,29";"216.450,37"
"289";"CERV SOL PREMIUM LN 330ML";"800";"1.130,000";"6.537,10";"6.404,70"
"4603";"CERV SOL PREMIUM LN 330ML ZERO";"800";"319,000";"1.849,51";"1.849,51"
"4604";"CERV SPATEN LN 330ML";"800";"202,000";"1.153,79";"1.153,79"
"140";"CERV SPATEN ONE WAY GF 600ML";"800";"58,000";"568,32";"568,32"
"216";"CERV SPATEN PURO MALTE LT 473ML";"800";"801,000";"4.564,29";"4.443,59"
"293";"CERV STELLA ARTOIS LN 330ML";"800";"479,000";"3.088,01";"3.043,34"
"295";"CERV STELLA ARTOIS LN 330ML PURE GOLD";"800";"751,000";"5.022,89";"5.022,89"
"219";"CERV STELLA ARTOIS LT 473ML";"800";"757,000";"4.661,43";"4.527,03"
"3872";"CERV STELLA ARTOIS LT 473ML P GOLD";"800";"1.478,000";"9.592,22";"9.588,02"
"142";"CERV STELLA ONE WAY GF 600ML";"800";"144,000";"1.515,89";"1.515,89"
"223";"CERV THEREZOPOLIS LAGER LT 473ML GOLD";"800";"793,000";"3.877,77";"3.874,37"
"15767";"CESTA COELHO AQUARELA 3D 15X15X15 CM";"800";"6,000";"51,54";"23,94"
"15768";"CESTA COELHO QUAD 3D 15X15X6 CM";"800";"8,000";"31,92";"31,92"
"15774";"CESTA PASCOA CRISTAL 115G";"800";"65,000";"838,50";"449,37"
"36560";"CESTA VIME 23X10X10";"800";"2,000";"37,98";"37,98"
"15778";"CESTA VIME RED MEDIA 24X7 CM";"800";"4,000";"95,96";"95,96"
"38175";"CESTO ERCAPLAST RETANGULAR TELADO 8";"800";"2,000";"16,78";"16,78"
"37132";"CESTO FRUTAS 8PCS POLIP 15X12X8 5CM";"800";"52,000";"1.195,48";"1.195,48"
"15785";"CESTO M USO 32X48CM";"800";"1,000";"12,99";"12,99"
"15789";"CESTO ORGAN M USO 26CM WX12689";"800";"1,000";"19,99";"19,99"
"15790";"CESTO ORGAN WELLMIX 27CM WX7187";"800";"3,000";"59,97";"49,97"
"35967";"CESTO ORGANIZADOR WELLMIX 19CM";"800";"1,000";"32,99";"32,99"
"4635";"CESTO SANREMO P ROUPAS 607 BRA";"800";"2,000";"199,80";"199,80"
"2276";"CEVADA CORSETTI 500G TORRADA MOIDA";"800";"77,000";"823,13";"823,13"
"2278";"CEVADA CORSETTI SOLUVEL 100G";"800";"114,000";"1.859,76";"1.858,86"
"37962";"CHA BARAO 10G CAMOMILA";"800";"127,000";"633,73";"633,73"
"37952";"CHA BARAO 10G HORTELA";"800";"117,000";"583,83";"529,83"
"37967";"CHA BARAO 13G BOLDO";"800";"131,000";"614,39";"585,39"
"37961";"CHA BARAO 13G CIDREIRA";"800";"154,000";"767,56";"698,56"
"37959";"CHA BARAO 13G ERVA DOCE";"800";"251,000";"1.708,99";"1.522,99"
"37957";"CHA BARAO 13G PTO";"800";"367,000";"1.780,83";"1.658,83"
"37960";"CHA BARAO 15G DA NOITE";"800";"161,000";"1.088,39";"952,39"
"29672";"CHA BARAO CAMOMILA 10G GENGIBRE E MEL";"800";"460,000";"3.012,90";"2.768,80"
"33655";"CHA BARAO MISTO 13G CITRUS";"800";"146,000";"935,74";"841,74"
"15796";"CHA BARAO MISTO 13G MAC ABA CRA CAN";"800";"569,000";"3.827,71";"3.827,71"
"33669";"CHA BARAO MISTO 13G POS REFEICAO";"800";"415,000";"2.641,25";"2.641,25"
"33367";"CHA BARAO MISTO 14G CID ABA CRA CAN";"800";"387,000";"2.529,23";"2.309,23"
"37945";"CHA BARAO MISTO 15G CAMOMILA ERVA DOCE";"800";"212,000";"1.418,38";"1.412,38"
"33368";"CHA BARAO PTO 13G PRE C FRUT VERM";"800";"274,000";"1.752,26";"1.740,66"
"2193";"CHA CAMPERO 15G ANIS ESTRELADO";"800";"232,000";"1.575,28";"1.575,28"
"15807";"CHA DR OETKER 10G CAMOMILA";"800";"6,000";"23,94";"23,94"
"15810";"CHA DR OETKER C 10 BOLDO";"800";"10,000";"52,90";"52,90"
"15811";"CHA DR OETKER C 10 ERVA DOCE";"800";"8,000";"31,92";"31,92"
"15813";"CHA DR OETKER C 10 MACA CANELA";"800";"7,000";"73,43";"73,43"
"336";"CHA ICE TEA LEAO PET 1 5L LIMAO";"800";"58,000";"510,58";"499,78"
"337";"CHA ICE TEA LEAO PET 1 5L LIMAO ZERO";"800";"32,000";"271,68";"268,68"
"339";"CHA ICE TEA LEAO PET 1 5L PESSEGO";"800";"162,000";"1.435,32";"1.416,48"
"340";"CHA ICE TEA LEAO PET 1 5L PESSEGO ZERO";"800";"106,000";"930,74";"928,74"
"348";"CHA ICE TEA LEAO PET 450ML LIMAO";"800";"89,000";"399,11";"393,61"
"3873";"CHA ICE TEA LEAO PET 450ML LIMAO ZERO";"800";"60,000";"269,40";"268,40"
"349";"CHA ICE TEA LEAO PET 450ML PESSEGO";"800";"175,000";"783,25";"778,75"
"3869";"CHA ICE TEA LEAO PET 450ML PESSEGO ZERO";"800";"105,000";"483,95";"480,45"
"353";"CHA MATTE LEAO CP 300ML GUARANA C ACAI";"800";"136,000";"381,68";"381,68"
"357";"CHA MATTE LEAO PET 1 5L LIMAO";"800";"16,000";"142,48";"140,48"
"358";"CHA MATTE LEAO PET 1 5L NATURAL";"800";"20,000";"175,30";"169,00"
"354";"CHA MATTE LEAO PET 450ML GUARANA C ACAI";"800";"173,000";"767,77";"701,77"
"37963";"CHA MISTO BARAO 13G";"800";"14,000";"97,86";"97,86"
"2051";"CHA MULTIERVAS REAL 10G CAPIM CIDREIRA";"800";"246,000";"1.030,74";"1.030,74"
"2052";"CHA MULTIERVAS REAL 10G CARQUEJA";"800";"131,000";"548,89";"548,59"
"2053";"CHA MULTIERVAS REAL 10G HORTELA";"800";"143,000";"599,17";"599,17"
"2076";"CHA PRENDA 10G CAMOMILA";"800";"3.550,000";"16.057,90";"13.499,50"
"2105";"CHA PRENDA 10G CAMOMILA C LAR";"800";"597,000";"3.396,93";"3.396,93"
"2065";"CHA PRENDA 10G CIDREIRA CIDREIRA";"800";"334,000";"1.566,46";"1.566,46"
"2086";"CHA PRENDA 12G BOLDO";"800";"644,000";"3.020,36";"3.020,36"
"2085";"CHA PRENDA 12G CARQUEJA";"800";"343,000";"1.608,67";"1.608,67"
"2171";"CHA PRENDA 12G HIBISCUS";"800";"331,000";"2.512,29";"2.512,29"
"2062";"CHA PRENDA 12G HORTELA";"800";"509,000";"2.285,41";"2.285,41"
"2159";"CHA PRENDA 14G C 10 MISTO MARACUJA";"800";"253,000";"1.920,27";"1.920,27"
"2102";"CHA PRENDA 16G PRETO C CRAVO";"800";"714,000";"3.162,66";"3.161,06"
"2103";"CHA PRENDA 17G PRETO C LIMAO";"800";"284,000";"1.331,96";"1.331,96"
"2129";"CHA PRENDA 17G VERDE HORTELA CANELA";"800";"246,000";"1.399,74";"1.393,14"
"2131";"CHA PRENDA 18G ERVA DOCE";"800";"791,000";"3.709,79";"3.709,79"
"2090";"CHA PRENDA 18G FUNCHO";"800";"332,000";"1.557,08";"1.557,08"
"2156";"CHA PRENDA 18G MACA";"800";"476,000";"3.422,44";"3.422,44"
"2087";"CHA PRENDA 18G PRETO";"800";"2.171,000";"9.704,57";"8.317,37"
"2088";"CHA PRENDA 18G PRETO C CANELA";"800";"1.016,000";"4.765,04";"4.756,64"
"2133";"CHA PRENDA 18G VERDE";"800";"338,000";"1.889,58";"1.889,58"
"2135";"CHA PRENDA 18G VERDE C GENGIBRE";"800";"277,000";"1.548,43";"1.548,43"
"2170";"CHA PRENDA 20G FRUTAS VERM MISTO";"800";"470,000";"3.567,30";"3.567,30"
"2160";"CHA PRENDA 20G MACA E CANELA";"800";"594,000";"4.508,46";"4.508,46"
"2223";"CHA PRENDA 30G MACA CANELA";"800";"268,000";"2.968,52";"2.968,52"
"2186";"CHA PRENDA GOLD 15G CAMOMILA";"800";"413,000";"3.630,27";"3.630,27"
"2219";"CHA PRENDA GOLD 15G CAMOMILA MEL";"800";"161,000";"1.833,79";"1.833,79"
"2179";"CHA PRENDA GOLD 15G CIDREIRA";"800";"63,000";"497,07";"497,07"
"2238";"CHA PRENDA GOLD 15G TRANQUILIZE";"800";"81,000";"1.368,09";"1.368,09"
"2207";"CHA PRENDA GOLD 18G ABACAXI HORTELA";"800";"80,000";"911,20";"911,20"
"2173";"CHA PRENDA GOLD 18G HORTELA";"800";"121,000";"1.063,59";"1.063,59"
"2202";"CHA PRENDA GOLD 27G ERVA DOCE";"800";"105,000";"922,95";"922,95"
"2182";"CHA PRENDA GOLD 27G PRETO";"800";"327,000";"2.874,33";"2.874,33"
"2205";"CHA PRENDA GOLD 27G VERDE";"800";"76,000";"668,04";"668,04"
"2209";"CHA PRENDA GOLD 30G FRUTAS VRM";"800";"169,000";"1.833,71";"1.832,91"
"2168";"CHA PRENDA MATE 40G CRAVO CANELA";"800";"732,000";"4.531,08";"4.531,08"
"2167";"CHA PRENDA MATE 40G LARANJA ACEROLA";"800";"379,000";"2.346,01";"2.346,01"
"2164";"CHA PRENDA MATE 40G NATURAL";"800";"761,000";"4.710,59";"4.710,59"
"2166";"CHA PRENDA MATE 40G PESSEGO";"800";"285,000";"1.764,15";"1.764,15"
"38254";"CHA PRENDA MELISSA 10G";"800";"46,000";"321,54";"321,54"
"2112";"CHA REAL MATE TOSTADO 32G NATURAL";"800";"190,000";"1.005,10";"1.005,10"
"2054";"CHA REAL MULTIERVAS 10G BOLDO";"800";"94,000";"450,26";"450,26"
"2061";"CHA REAL MULTIERVAS 10G CAMOMILA";"800";"203,000";"972,37";"972,37"
"2120";"CHA REAL MULTIERVAS 14G CAMOMIL MEL";"800";"217,000";"1.451,73";"1.451,73"
"2080";"CHA REAL MULTIERVAS 14G LIMAO GENG MEL";"800";"204,000";"1.181,16";"1.181,16"
"3300";"CHA REAL MULTIERVAS 15G ANIS";"800";"127,000";"989,33";"989,33"
"2126";"CHA REAL MULTIERVAS 15G DETOX";"800";"95,000";"692,55";"692,55"
"3296";"CHA REAL MULTIERVAS 15G ERVA DOCE";"800";"184,000";"954,96";"954,96"
"2125";"CHA REAL MULTIERVAS 15G MACA CANELA";"800";"253,000";"1.515,47";"1.515,47"
"2123";"CHA REAL MULTIERVAS 15G MACA VERM";"800";"196,000";"1.370,04";"1.370,04"
"2082";"CHA REAL MULTIERVAS 15G VERDE";"800";"121,000";"724,79";"724,79"
"2055";"CHA REAL MULTIERVAS 18G PRETO";"800";"317,000";"1.645,23";"1.645,23"
"360";"CHA VERDE LEAO PET 1 5L LIMAO";"800";"40,000";"353,44";"353,44"
"355";"CHA VERDE LEAO PET 450ML LIMAO";"800";"18,000";"77,92";"77,92"
"38232";"CHAIRA ROMA 8 INOX CM48";"800";"8,000";"191,92";"191,92"
"33391";"CHALEIRA INOX PRATA 2L";"800";"4,000";"143,96";"143,96"
"33392";"CHALEIRA INOX VERMELHA 2L";"800";"1,000";"35,99";"35,99"
"4641";"CHALEIRA MOR ARCO INOX 2L ";"800";"1,000";"99,90";"99,90"
"36681";"CHANTILLY DAUS CLASSIC";"800";"889,000";"15.360,11";"14.052,11"
"3184";"CHANTILLY FLEISCHMANN SPRAY 232ML GRAN FINALE";"800";"32,000";"1.394,88";"1.394,88"
"3158";"CHANTILLY FLESCHMANN 1L GRAN FINALE";"800";"219,000";"6.261,21";"6.247,61"
"3134";"CHANTILLY FLESCHMANN 200ML GRAN FINALE";"800";"429,000";"4.199,91";"4.199,91"
"15889";"CHAP PALHA GROSSA SIMPLES INFANT 56 ANT";"800";"14,000";"194,86";"194,86"
"15886";"CHAP PALHA PEROLA FITA/RENDA";"800";"1,000";"12,99";"12,99"
"15887";"CHAP PALHA PEROLA GROSSA C FITA";"800";"1,000";"14,99";"14,99"
"15891";"CHAP PALHA TRANCA RENDA C FITA";"800";"12,000";"203,88";"192,88"
"15892";"CHAP PALHA TREMENDAO PALHA GROSSA";"800";"5,000";"79,95";"79,95"
"37984";"CHAPEU BOLA VERDE AMARELO 30CM";"800";"26,000";"597,74";"597,74"
"37986";"CHAPEU BRASIL 30CM";"800";"7,000";"174,93";"174,93"
"38030";"CHAPEU BRASIL PT4796BRA";"800";"3,000";"41,97";"41,97"
"38031";"CHAPEU CANECA CHOPP BRASIL PT4801BR";"800";"10,000";"119,90";"98,50"
"38012";"CHAPEU MAO BRASIL";"800";"16,000";"175,84";"175,84"
"10872";"CHARQUE BOV FRIBOI KG MANTA";"800";"108,842";"6.330,41";"6.257,16"
"10873";"CHARQUE BOV FRIBOI KG PICADO";"800";"841,740";"49.119,95";"49.119,95"
"15898";"CHAVE FENDA P/TESTE 14,5CM FR68";"800";"3,000";"11,97";"11,97"
"15905";"CHAVE TESTE";"800";"10,000";"140,81";"140,81"
"15908";"CHAVEIRO CORAC CV2404011 1";"800";"5,000";"49,95";"47,95"
"35089";"CHEESEBURGUER PERDIGAO 145G CATCHUP";"800";"170,000";"1.522,50";"1.522,50"
"35088";"CHEESEBURGUER PERDIGAO GRILL 145G MAIONESE";"800";"204,000";"1.827,66";"1.827,66"
"10874";"CHEIRO VERDE EST DA FIGUEIRA";"800";"3.865,000";"16.580,85";"16.580,85"
"29687";"CHESTER PERDIGAO LANCHE INT CLA KG";"800";"0,194";"4,25";"4,25"
"3120";"CHIA CERELUS 200G";"800";"53,000";"1.191,97";"1.191,97"
"3088";"CHIA EM GRAOS CERELUS 100G";"800";"42,000";"562,38";"562,38"
"3113";"CHIA EQUIL SAUDAVEL 200G";"800";"110,000";"2.484,90";"2.484,90"
"1791";"CHICLE BRINQ BICHOS 350G 100UN MORANGO";"800";"6,000";"47,40";"47,40"
"1793";"CHICLE BRINQ BICHOS 350G 100UN TUTTI FRUTTI";"800";"7,000";"55,30";"55,30"
"1795";"CHICLE BRINQ TATTOO 350G HORTELA";"800";"9,000";"76,41";"76,41"
"1794";"CHICLE BRINQ TATTOO 350G TUTTI FRUTTI";"800";"13,000";"110,37";"110,37"
"1783";"CHICLE BUZZY CROC 172G 40UN HORTELA";"800";"1,000";"5,49";"5,49"
"1784";"CHICLE BUZZY CROC 172G 40UN TUTTI FRUTTI";"800";"19,000";"104,31";"104,31"
"1790";"CHICLE BUZZY TATTOO TRIB 360G 90UN HORTELA";"800";"95,000";"1.072,55";"1.072,55"
"1789";"CHICLE BUZZY TATTOO TRIB 360G 90UN MORANGO";"800";"51,000";"575,79";"575,79"
"1788";"CHICLE BUZZY TATTOO TRIB 360G 90UN TUTTI FRUTTI";"800";"85,000";"959,65";"959,65"
"1807";"CHICLE CLISS 280G HORTELA";"800";"1,000";"25,99";"25,99"
"1775";"CHICLE FINI 80G OVOS DINOSSAURO";"800";"28,000";"276,92";"276,92"
"1774";"CHICLE FINI 80G SALADA FRUTAS";"800";"13,000";"129,79";"129,79"
"38437";"CHICLE FLORESTAL LAMINAD TUTTI FRUT 8 5G";"800";"82,000";"163,18";"163,18"
"1743";"CHICLE FREEGELLS GUM 8G CANELA";"800";"295,000";"620,20";"616,26"
"1742";"CHICLE FREEGELLS GUM 8G EXTRA FORTE";"800";"382,000";"800,98";"797,04"
"1748";"CHICLE FREEGELLS GUM 8G HORTELA";"800";"510,000";"1.094,10";"1.090,16"
"1746";"CHICLE FREEGELLS GUM 8G MELANCIA";"800";"206,000";"434,84";"430,90"
"1745";"CHICLE FREEGELLS GUM 8G MENTA";"800";"584,000";"1.263,56";"1.259,32"
"1740";"CHICLE FREEGELLS GUM 8G MORANGO";"800";"371,000";"831,14";"826,90"
"1747";"CHICLE FREEGELLS GUM 8G ORIG CHERRY";"800";"330,000";"626,55";"622,61"
"1741";"CHICLE FREEGELLS GUM 8G ORIGINAL MINT";"800";"358,000";"690,67";"686,73"
"1744";"CHICLE FREEGELLS GUM 8G TUTTI FRUTTI";"800";"277,000";"597,43";"593,19"
"1767";"CHICLE HAPPY BOL 140G HORTELA";"800";"2,000";"17,98";"17,98"
"1765";"CHICLE HAPPY BOL 140G MELANCIA";"800";"3,000";"13,77";"13,77"
"1762";"CHICLE HAPPY BOL 140G TUTTI FRUTTI";"800";"7,000";"32,13";"32,13"
"1768";"CHICLE HAPPY BOL 140G UVA";"800";"7,000";"32,13";"32,13"
"34494";"CHICLE MENTOS 8 5G COOL WHITE";"800";"240,000";"676,80";"676,80"
"1751";"CHICLE MENTOS 8 5G FRESH MINT";"800";"230,000";"661,10";"661,10"
"1749";"CHICLE MENTOS 8 5G PURE FRUIT";"800";"351,000";"1.015,29";"1.015,29"
"1750";"CHICLE MENTOS 8 5G SPEAR MINT";"800";"1.067,000";"3.069,73";"3.069,73"
"34495";"CHICLE MENTOS 8 5G STRONG MINT";"800";"465,000";"1.333,55";"1.333,55"
"1803";"CHICLE MENTOS PURE PT 56G FRESH GREEN";"800";"21,000";"398,79";"398,79"
"1805";"CHICLE MENTOS PURE PT 56G FRESH MINT";"800";"136,000";"2.582,64";"2.582,64"
"35145";"CHICLE MENTOS PURE WHITE PT 56G";"800";"35,000";"696,15";"696,15"
"1787";"CHICLE TRIDENT 4UN 32G TUTTI FRUTTI";"800";"7,000";"55,93";"55,93"
"1757";"CHICLE TRIDENT 8G CANELA";"800";"845,000";"3.371,55";"3.371,55"
"1756";"CHICLE TRIDENT 8G HORTELA";"800";"2.065,000";"8.239,35";"8.239,35"
"1754";"CHICLE TRIDENT 8G MELANCIA";"800";"989,000";"3.946,11";"3.946,11"
"1758";"CHICLE TRIDENT 8G MENTA";"800";"3.047,000";"12.157,53";"12.157,53"
"1752";"CHICLE TRIDENT 8G MORANGO";"800";"664,000";"2.649,36";"2.649,36"
"1759";"CHICLE TRIDENT 8G TUTTI FRUTTI";"800";"798,000";"3.184,02";"3.184,02"
"1755";"CHICLE TRIDENT XSENSES 8G FRESH INTENSE";"800";"170,000";"960,50";"960,50"
"37543";"CHICLE TRIDENT XSENSES 8G HERBAL PRETO";"800";"6,000";"33,90";"33,90"
"10875";"CHICORIA";"800";"17,000";"101,83";"101,83"
"4664";"CHIN HAVAIANA SLIM PRETO 33 4";"800";"1,000";"29,90";"29,90"
"4675";"CHIN HAVAIANA SLIM PRETO 35 6";"800";"1,000";"22,99";"22,99"
"4681";"CHIN HAVAIANA SLIM SQUARE ROSA CROC 37 8";"800";"2,000";"87,98";"87,98"
"4682";"CHIN HAVAIANA SLIM SQUARE ROSA CROC 39 0";"800";"2,000";"85,98";"85,98"
"4693";"CHIN HAVAIANA TOP INFANTIL PRETO 31 2";"800";"1,000";"31,99";"31,99"
"4805";"CHIN HAVAIANA TOP ROSA FLUX 35 6";"800";"6,000";"215,94";"203,76"
"4806";"CHIN HAVAIANA TOP ROSA FLUX 39 0";"800";"5,000";"179,95";"167,77"
"4720";"CHIN HAVAIANA TRADICIONAL FC PRETO 41/2";"800";"13,000";"363,87";"363,87"
"8998";"CHIN HAVAIANAS BRASIL PT 45 46";"800";"5,000";"249,95";"249,95"
"9032";"CHIN HAVAIANAS TOP RS BALLET 33/34";"800";"1,000";"29,90";"29,90"
"9040";"CHIN HAVAIANAS TRAD PT 33/34";"800";"1,000";"27,99";"27,99"
"9041";"CHIN HAVAIANAS TRAD PT 35/36";"800";"7,000";"195,93";"195,93"
"9042";"CHIN HAVAIANAS TRAD PT 39/40";"800";"6,000";"167,94";"163,94"
"9043";"CHIN HAVAIANAS TRAD PT 43/44";"800";"4,000";"111,96";"111,96"
"4762";"CHIN IPANEMA FEM CLAS 33 34";"800";"3,000";"74,97";"74,97"
"4763";"CHIN IPANEMA FEM CLAS 35 RF646622590";"800";"1,000";"24,99";"24,99"
"4765";"CHIN IPANEMA FEM CLAS 37 8RF646622590";"800";"1,000";"24,99";"24,99"
"4766";"CHIN IPANEMA FEM CLAS 39 0RF646622590";"800";"2,000";"49,98";"49,98"
"4776";"CHIN IPANEMA MASC AN 39 0 2512222153";"800";"1,000";"27,99";"27,99"
"4778";"CHIN IPANEMA MASC AN 41 2 2512222153";"800";"3,000";"83,97";"83,97"
"4782";"CHIN PANOSUL PLUSH SORTIDO FEMININO";"800";"13,000";"154,70";"154,70"
"15946";"CHINELO LA FEMININO VSI06002 03";"800";"28,000";"671,72";"671,72"
"15948";"CHINELO LA MASCULINO VSI06003";"800";"11,000";"263,89";"263,89"
"1408";"CHOC 5 STAR LACTA 40G";"800";"193,000";"1.156,07";"1.156,07"
"29706";"CHOC BAR LACTA AO LEITE 28G";"800";"13,000";"71,17";"71,17"
"1280";"CHOC BARRA GAROTO 80G AO LEITE";"800";"815,000";"5.696,85";"5.696,85"
"1271";"CHOC BARRA GAROTO 80G CROCANTE";"800";"617,000";"4.312,83";"4.312,83"
"15961";"CHOC BARRA GAROTO 80G CRUNCH";"800";"318,000";"2.222,82";"2.222,82"
"1276";"CHOC BARRA GAROTO 80G MEIO AMARGO";"800";"436,000";"3.047,64";"3.047,64"
"1278";"CHOC BARRA GAROTO CAJU 80G CAJU PASSAS";"800";"779,000";"5.445,21";"5.445,21"
"1274";"CHOC BARRA GAROTO CAJU 80G CAST CAJU";"800";"550,000";"3.844,50";"3.844,50"
"1272";"CHOC BARRA GAROTO CHOC BCO 80G";"800";"576,000";"4.026,24";"4.026,24"
"1279";"CHOC BARRA GAROTO CHOC BCO 80G NEGRESCO";"800";"527,000";"3.472,93";"3.472,93"
"37860";"CHOC BARRA GAROTO RECH BATON 90G";"800";"338,000";"3.376,62";"3.376,62"
"33434";"CHOC BARRA HERSHEYS 82G MEIO AMARGO";"800";"94,000";"682,96";"682,96"
"33673";"CHOC BARRA LACTA 145G LAKA OREO";"800";"78,000";"1.325,22";"1.325,22"
"1267";"CHOC BARRA LACTA 80G AMARO 40 CACAU";"800";"349,000";"3.196,35";"3.196,35"
"1266";"CHOC BARRA LACTA 80G DIAMAN NEGR LAK";"800";"207,000";"1.900,18";"1.900,18"
"1269";"CHOC BARRA LACTA 80G LAKA";"800";"282,000";"2.584,37";"2.584,37"
"1264";"CHOC BARRA LACTA 80G LAKA OREO";"800";"491,000";"4.538,30";"4.538,30"
"1258";"CHOC BARRA LACTA 80G SHOT";"800";"298,000";"2.727,70";"2.727,70"
"1282";"CHOC BARRA LACTA AO LEITE 80G";"800";"552,000";"5.074,05";"5.074,05"
"1284";"CHOC BARRA LACTA DIAM NEGRO 80G";"800";"369,000";"3.191,57";"3.109,67"
"29707";"CHOC BARRA LACTA DIAMANTE NEGRO 28G";"800";"37,000";"180,93";"180,93"
"29708";"CHOC BARRA LACTA LAKA 28G";"800";"23,000";"112,47";"112,47"
"33369";"CHOC BARRA LACTA RECH CARAMELO 104G";"800";"2,000";"19,98";"19,98"
"1294";"CHOC BARRA NESTLE 80G AO LEITE";"800";"3.691,000";"25.915,09";"25.505,09"
"1288";"CHOC BARRA NESTLE 80G CLASSIC DUO";"800";"1.588,000";"11.140,12";"10.976,12"
"1297";"CHOC BARRA NESTLE 80G CRUNCH";"800";"1.347,000";"9.482,53";"9.305,53"
"1295";"CHOC BARRA NESTLE 80G DIPLOMATA";"800";"1.458,000";"10.291,42";"10.123,42"
"1296";"CHOC BARRA NESTLE 80G GALAK GALAK";"800";"2.780,000";"19.561,20";"19.297,20"
"1292";"CHOC BARRA NESTLE 80G MEIO AMARGO";"800";"2.197,000";"15.425,03";"15.193,03"
"1289";"CHOC BARRA NESTLE 80G PRESTIGIO";"800";"1.862,000";"13.080,38";"12.889,38"
"1286";"CHOC BARRA NESTLE 80G SUFLAIR";"800";"1.430,000";"10.082,70";"9.919,70"
"1293";"CHOC BARRA NESTLE ALPIN AO LEIT 85G";"800";"5,000";"42,45";"42,45"
"36101";"CHOC BARRA NESTLE ALPINO 80G AO LEITE";"800";"2.728,000";"19.147,72";"18.980,72"
"38000";"CHOC BARRA NESTLE RECH 90G GALAK";"800";"259,000";"2.587,41";"2.587,41"
"36169";"CHOC BARRA NESTLE RECH 90G NEGRESCO";"800";"249,000";"2.487,51";"2.451,90"
"36245";"CHOC BARRA NESTLE RECH 90G PRESTIG";"800";"219,000";"2.187,81";"2.185,15"
"1298";"CHOC BARRA NESTLE SUFLAIR DUO 80G";"800";"1.119,000";"7.886,81";"7.760,81"
"1241";"CHOC BARRA NEUGEBAUER 80G AMENDOIM";"800";"1.338,000";"9.000,31";"8.999,31"
"1247";"CHOC BARRA NEUGEBAUER 80G AO LEITE";"800";"2.458,000";"16.398,42";"16.385,82"
"1242";"CHOC BARRA NEUGEBAUER 80G BCO";"800";"643,000";"4.440,07";"4.436,07"
"1244";"CHOC BARRA NEUGEBAUER 80G CARAMELO";"800";"480,000";"3.220,20";"3.220,20"
"1240";"CHOC BARRA NEUGEBAUER 80G COOKIES";"800";"1.277,000";"8.578,73";"8.577,73"
"1245";"CHOC BARRA NEUGEBAUER 80G FLOCOS";"800";"633,000";"4.093,67";"4.089,67"
"1238";"CHOC BARRA NEUGEBAUER 80G MEIO AMARGO";"800";"2.361,000";"15.673,89";"15.671,89"
"1243";"CHOC BARRA NEUGEBAUER 80G PRETO E BRANCO";"800";"362,000";"2.406,88";"2.406,88"
"1246";"CHOC BARRA NEUGEBAUER AMENDOLAT 80G";"800";"566,000";"3.915,34";"3.915,34"
"1353";"CHOC BATON GAROTO 16G AO LEITE";"800";"2.083,000";"6.019,87";"6.011,77"
"1354";"CHOC BATON GAROTO 16G BRANCO";"800";"607,000";"1.511,43";"1.495,43"
"1348";"CHOC BATON GAROTO 16G CREME MOR";"800";"174,000";"438,22";"438,22"
"35123";"CHOC BATON GAROTO 16G DUO";"800";"190,000";"473,10";"473,10"
"1357";"CHOC BATON GAROTO 16G LEITE CREME";"800";"547,000";"1.362,03";"1.362,03"
"34286";"CHOC BIBS STICKS 29G AMOR CAR BCO";"800";"139,000";"439,11";"439,11"
"33425";"CHOC BIBS STICKS 29G AMOR CARIOCA";"800";"170,000";"569,70";"569,70"
"33424";"CHOC BIBS STICKS 29G AO LEITE";"800";"163,000";"549,27";"549,27"
"34287";"CHOC BIBS STICKS 29G AVELA";"800";"138,000";"469,62";"469,62"
"34288";"CHOC BIBS STICKS 29G BCO";"800";"67,000";"225,63";"225,63"
"34284";"CHOC BIBS STICKS 29G BEIJINHO";"800";"40,000";"133,23";"133,23"
"34285";"CHOC BIBS STICKS 29G BRIGADEIRO";"800";"46,000";"151,74";"151,74"
"34289";"CHOC BIBS STICKS 29G DARK";"800";"141,000";"468,99";"468,99"
"33426";"CHOC BIBS STICKS 29G NAPOLITANO";"800";"112,000";"366,48";"366,48"
"1376";"CHOC BIBS STICKS 32G NAPOLITANO";"800";"1,000";"2,99";"2,99"
"1424";"CHOC BIS XTRA AO LEITE ORIGINAL 45G";"800";"92,000";"553,18";"553,18"
"1426";"CHOC BIS XTRA BLACK CHOCOLATE 45G";"800";"102,000";"611,88";"611,88"
"1421";"CHOC BIS XTRA OREO BCO 45G";"800";"115,000";"691,55";"691,55"
"1400";"CHOC CARIBE GAROTO 28G CANDYBAR";"800";"391,000";"1.458,79";"1.458,79"
"1372";"CHOC CROCANTE GAROTO 25G";"800";"331,000";"1.196,29";"1.196,29"
"15955";"CHOC FERRERO ROCHER 150G";"800";"69,000";"3.443,10";"3.443,10"
"15957";"CHOC FERRERO ROCHER C 8";"800";"156,000";"5.444,40";"5.444,40"
"3213";"CHOC GRAN DORI 120G COLORIDO";"800";"319,000";"1.719,41";"1.719,41"
"3208";"CHOC GRAN DORI 120G MESCLADO";"800";"387,000";"2.085,93";"2.085,93"
"3212";"CHOC GRAN DORI 120G ORIGINAL";"800";"1.271,000";"6.850,69";"6.847,19"
"3446";"CHOC GRAN DORI 500G ORIGINAL";"800";"206,000";"2.675,94";"2.671,54"
"3204";"CHOC GRAN DORI 70G";"800";"966,000";"2.791,74";"2.791,74"
"15984";"CHOC HERSHEYS 75G AMEND";"800";"165,000";"1.166,85";"1.164,85"
"15985";"CHOC HERSHEYS 77G COOKIES N CREME";"800";"363,000";"2.615,07";"2.615,07"
"15986";"CHOC HERSHEYS 77G OVOMALTINE";"800";"319,000";"2.291,01";"2.291,01"
"15988";"CHOC HERSHEYS 82G AO LEITE";"800";"333,000";"2.392,37";"2.390,37"
"15989";"CHOC HERSHEYS 82G EXTRA CREMOSO";"800";"122,000";"897,38";"895,38"
"15990";"CHOC HERSHEYS 85G AIR";"800";"345,000";"2.486,35";"2.483,35"
"1513";"CHOC JAZAM DUCREM 480G C 48 AVELA";"800";"49,000";"795,71";"795,71"
"1515";"CHOC JAZAM DUCREM 480G C 48 BRIGADEIRO";"800";"14,000";"230,66";"230,66"
"1511";"CHOC JAZAM DUCREM 480G C 48 LEITE COND";"800";"50,000";"801,30";"801,30"
"1514";"CHOC JAZAM DUCREM 480G C 48 NAPOLITANO";"800";"86,000";"1.294,54";"1.294,54"
"30340";"CHOC JAZAM DUCREM BALL C 18 AVELA";"800";"6,000";"95,94";"95,94"
"37697";"CHOC JAZAM DUCREM BALL MISTO C 18";"800";"23,000";"367,77";"350,27"
"37724";"CHOC JAZAM DUCREM C 48 ALGODAO DOCE";"800";"7,000";"117,63";"115,33"
"37696";"CHOC JAZAM DUCREM GRANULETI C 18";"800";"27,000";"431,73";"414,23"
"37731";"CHOC JAZAM DUCREM NAPOLITANO C 18";"800";"20,000";"319,80";"319,80"
"37700";"CHOC JAZAM DUCREM PISTACHE C 48";"800";"3,000";"44,47";"44,47"
"1506";"CHOC KI KAKAU 475G BOLI BOL";"800";"54,000";"814,01";"814,01"
"1523";"CHOC KI KAKAU 680G BOLIBOL PT";"800";"34,000";"715,39";"715,39"
"1492";"CHOC KI KAKAU BOLIBOL C 50";"800";"178,000";"1.766,92";"1.766,92"
"1489";"CHOC KI KAU 400G OVISCO OVISCO";"800";"57,000";"563,73";"563,73"
"1452";"CHOC KINDER BUENO 39G";"800";"247,000";"2.319,33";"2.319,33"
"15991";"CHOC KINDER BUENO WHITE 39G";"800";"204,000";"1.915,56";"1.915,56"
"15992";"CHOC KINDER CHOC T4 50G";"800";"2,000";"29,00";"29,00"
"1498";"CHOC KINDER JOY T1 20G";"800";"1.005,000";"14.136,79";"13.613,38"
"1519";"CHOC KINDER OVO LUI PLAYMOBIL 40G";"800";"53,000";"1.774,97";"1.774,97"
"1521";"CHOC KINDER OVO T2 LEI GABBYS 40G";"800";"60,000";"2.009,40";"2.009,40"
"1473";"CHOC KINDER TRONKY T1 18G";"800";"11,000";"73,59";"73,59"
"1431";"CHOC KIT KAT 41 5G DARK";"800";"390,000";"1.946,10";"1.945,10"
"1430";"CHOC KIT KAT 41 5G FINGER AO LEITE";"800";"1.824,000";"9.128,02";"9.128,01"
"1433";"CHOC KIT KAT 41 5G FINGER BRANCO";"800";"526,000";"2.624,74";"2.624,74"
"38005";"CHOC KIT KAT MACCHIATO 41 5G";"800";"817,000";"4.076,83";"4.076,83"
"1314";"CHOC LACTA 145G LAKA";"800";"63,000";"1.070,37";"1.070,37"
"1313";"CHOC LACTA 145G LAKA DIAMANTE N";"800";"61,000";"1.036,39";"1.036,39"
"1321";"CHOC LACTA 145G SHOT";"800";"109,000";"1.851,91";"1.851,91"
"16002";"CHOC LACTA DIAM NEGRO 145G";"800";"28,000";"475,72";"475,72"
"1262";"CHOC LACTA RECH 98G OURO BRANCO";"800";"134,000";"1.604,86";"1.519,06"
"1268";"CHOC LACTA RECH 98G SONHO VALSA";"800";"108,000";"1.303,52";"1.285,32"
"1494";"CHOC LOLLO NESTLE FLOWPACK 114G";"800";"36,000";"640,44";"640,44"
"1485";"CHOC NESTLE CHARGE FLOWPACK 117G";"800";"74,000";"1.020,46";"1.020,46"
"1397";"CHOC NESTLE CHOKITO 32G UN";"800";"341,000";"1.360,59";"1.359,59"
"1300";"CHOC NESTLE CHOKITO FLOWPACK 114G";"800";"54,000";"744,66";"714,26"
"1332";"CHOC NESTLE CLASSIC 150G AMEND";"800";"17,000";"303,83";"303,83"
"1329";"CHOC NESTLE CLASSIC 150G AO LEITE";"800";"54,000";"1.115,46";"1.115,46"
"1330";"CHOC NESTLE DUO COOKIES 150G DUO COOKIE";"800";"26,000";"405,34";"340,94"
"1395";"CHOC NESTLE PRESTIGIO 33G UN";"800";"802,000";"2.718,78";"2.718,78"
"16034";"CHOC NESTLE PRESTIGIO DARK 33G";"800";"126,000";"439,74";"439,74"
"1482";"CHOC NESTLE PRESTIGIO FLOW 114G";"800";"25,000";"272,50";"272,50"
"16036";"CHOC NESTLE TABLETE SURPRESA 20G";"800";"74,000";"391,46";"391,46"
"1338";"CHOC NEUGEBAUER NAPOLITANO 70G";"800";"154,000";"1.058,46";"1.058,46"
"1339";"CHOC NEUGEBAUER REFEICAO 45G";"800";"82,000";"573,90";"573,90"
"1445";"CHOC NEUGEBAUER STIKADINHO 61 5G";"800";"218,000";"1.534,98";"1.534,98"
"1341";"CHOC NEUGEBAUER STIKADINHO 70G MORANGO";"800";"214,000";"1.319,86";"1.318,06"
"35238";"CHOC NISSIN CROC 44G AO LEITE";"800";"33,000";"362,67";"362,67"
"35237";"CHOC NISSIN CROC 44G CHOC BRANCO";"800";"15,000";"164,85";"164,85"
"16056";"CHOC NUTELLA B READY 22G";"800";"12,000";"35,88";"35,88"
"3063";"CHOC PO APTI 200G REFIL";"800";"145,000";"1.850,25";"1.832,25"
"807";"CHOC PO TRISANTI 32 CACAU 1 005KG";"800";"20,000";"651,80";"647,80"
"808";"CHOC PO TRISANTI 50 CACAU 1 005KG";"800";"17,000";"642,56";"627,98"
"811";"CHOC PO TRISANTI 70 CACAU 1 005KG";"800";"23,000";"1.034,77";"1.034,77"
"1509";"CHOC ROMA 300G GUARDA CHUVA 300G";"800";"89,000";"1.513,99";"1.513,99"
"1416";"CHOC SNICKERS 45G";"800";"471,000";"2.538,69";"2.538,69"
"1369";"CHOC STICK 25G OURO BCO";"800";"85,000";"313,65";"313,65"
"1371";"CHOC STICK 25G SONHO VALSA";"800";"75,000";"276,75";"276,75"
"1413";"CHOC STIKADINHO GO NEUGEBAUER 40G";"800";"484,000";"2.332,40";"2.328,80"
"34290";"CHOC STIKADINHO STICKS 29G MORANGO";"800";"180,000";"664,20";"664,20"
"1463";"CHOC TABLETE 1891 90G 55 CAC CAR SALG";"800";"15,000";"209,85";"209,85"
"1460";"CHOC TABLETE 1891 90G 55 CACAU DARK";"800";"14,000";"195,86";"195,86"
"1458";"CHOC TABLETE 1891 SUPREME BCO 90G SUPREME BCO";"800";"8,000";"111,92";"111,92"
"16062";"CHOC TABLETE FERRERO ROCHER 90G AO LEITE";"800";"4,000";"130,36";"130,36"
"16063";"CHOC TABLETE FERRERO ROCHER 90G BCO";"800";"6,000";"195,54";"195,54"
"1441";"CHOC TWIX 40G TRIPLO CHOC";"800";"179,000";"875,31";"875,31"
"1351";"CHOC TWIX FUN 15G";"800";"236,000";"493,24";"493,24"
"16066";"CHOCALHO AZUL SOLAPA UNICA";"800";"3,000";"29,97";"29,97"
"16070";"CHOCALHO ROSA SOLAPA UNICA";"800";"4,000";"39,96";"39,96"
"3065";"CHOCOLATE PO APTI 200G PREMIUM";"800";"165,000";"3.381,15";"3.381,15"
"3062";"CHOCOLATE PO NEILAR 200G";"800";"896,000";"5.198,54";"5.198,54"
"3066";"CHOCOLATE PO NESTLE 200G 2 FRADES";"800";"288,000";"9.157,23";"9.154,14"
"365";"CHOPP PROVINCIA LAGER 1 5L PURO MALTE";"800";"5.620,000";"65.620,31";"59.629,64"
"34010";"CHOPP PROVINCIA PET 1 25L PURO MALTE";"800";"3,000";"32,70";"32,70"
"16072";"CHOPP VINHO BCO VD 600ML";"800";"6,000";"77,94";"77,94"
"16073";"CHOPP VINHO TINTO VD 600ML";"800";"21,000";"272,79";"272,79"
"10881";"CHUCHU FRACION VACUO KG ";"800";"5,281";"105,52";"105,52"
"10878";"CHUCHU KG";"800";"8.144,817";"28.528,34";"28.509,65"
"16074";"CHUP CEFISA RED SIL T2";"800";"98,000";"685,02";"685,02"
"16080";"CHUP CEFISA SIL ORT T2";"800";"118,000";"824,82";"824,82"
"16087";"CHUP FIONA CLAS AZUL SIL ORT T2";"800";"2,000";"20,58";"20,58"
"16088";"CHUP FIONA CLAS ROSA SIL ORT T2";"800";"3,000";"30,87";"30,87"
"16090";"CHUP FIONA DESENHO AZUL SIL ORT T2";"800";"2,000";"26,29";"26,29"
"16094";"CHUP FIONA DESENHO ROSA SIL T1";"800";"2,000";"24,78";"24,78"
"16105";"CHUP LILLO DES ORTO SIL T2 607920 AZ";"800";"1,000";"26,90";"26,90"
"16119";"CHUP LILLO FUNNY DISNEY ORT SIL T2 VM";"800";"1,000";"21,90";"21,90"
"16136";"CHUP LOLLY 100 SIL OT2 AZUL";"800";"2,000";"53,78";"53,78"
"16137";"CHUP LOLLY BORBOLETA SIL ORT T2 BRANC";"800";"2,000";"31,00";"31,00"
"16138";"CHUP LOLLY BORBOLETA SIL T2 AZUL";"800";"4,000";"62,18";"62,18"
"16139";"CHUP LOLLY BORBOLETA SIL T2 BRANC";"800";"13,000";"197,22";"197,22"
"16144";"CHUP LOLLY OCEANO RED SIL T1 ROSA";"800";"8,000";"142,54";"142,54"
"16145";"CHUP LOLLY OCEANO RED SIL T2 ROSA";"800";"3,000";"53,68";"53,68"
"16146";"CHUP LOLLY OCEANO SIL ORT T1 AZUL";"800";"1,000";"19,50";"19,50"
"16148";"CHUP LOLLY OCEANO SIL ORT T2 AZUL";"800";"1,000";"17,59";"17,59"
"16149";"CHUP LOLLY OCEANO SIL ORT T2 ROSA";"800";"7,000";"119,75";"119,75"
"16150";"CHUP LOLLY OCEANO SIL RED T1 AZUL";"800";"4,000";"76,09";"76,09"
"16152";"CHUP LOLLY RED SIL ORT T1 AZUL";"800";"8,000";"106,87";"106,87"
"16153";"CHUP LOLLY RED SIL ORT T1 ROSA";"800";"4,000";"50,36";"50,36"
"16154";"CHUP LOLLY RED SIL ORT T2 AZUL";"800";"8,000";"106,87";"106,87"
"16155";"CHUP LOLLY RED SIL ORT T2 ROSA";"800";"12,000";"160,76";"160,76"
"16157";"CHUP LOLLY TIP SIL BORB FEM T2";"800";"7,000";"113,59";"113,59"
"16159";"CHUP LOLLY TRICOLOR SIL ORT T2";"800";"10,000";"165,16";"161,96"
"16160";"CHUP LOLLY VIVA SIL ORT T2 AZUL";"800";"1,000";"23,69";"23,69"
"9049";"CHUP LOLLY VIVA SIL T2 AZUL";"800";"5,000";"74,95";"74,95"
"9050";"CHUP LOLLY VIVA SIL T2 ROSA";"800";"10,000";"134,86";"134,86"
"35204";"CHUP LOOLY VIVA SILICONE T2 AZUL";"800";"2,000";"43,80";"43,80"
"4837";"CHUPETA LILLO ELEGANCY AZUL 620621 T2";"800";"1,000";"30,90";"30,90"
"4838";"CHUPETA LILLO ELEGANCY ROSA 620531 T1";"800";"1,000";"28,79";"28,79"
"4848";"CHUPETA LILLO SILIC FUNNY AZUL 649720";"800";"1,000";"19,90";"19,90"
"4854";"CHUPETA LILLO SILIC MAGIA AZUL 612620";"800";"1,000";"23,69";"23,69"
"4856";"CHUPETA LILLO SILIC MAGIA LILAS 612650";"800";"1,000";"21,90";"21,90"
"4860";"CHUPETA LOLLY T1 TIP AZUL";"800";"4,000";"50,36";"50,36"
"4859";"CHUPETA LOLLY T1 TIP ROSA";"800";"4,000";"51,67";"51,67"
"4862";"CHUPETA LOLLY T2 TIP AZUL";"800";"7,000";"90,75";"90,75"
"4861";"CHUPETA LOLLY T2 TIP ROSA";"800";"6,000";"78,16";"78,16"
"33615";"CHURRAS MOR ESMALTADA CALIFORNIA";"800";"1,000";"239,90";"239,90"
"4864";"CHURRAS MOR ESMALTADA MONTANA";"800";"4,000";"679,96";"679,96"
"16169";"CIG CAMEL BLUE PREMIUM BLEND C 10";"800";"17,000";"1.402,50";"1.402,50"
"4866";"CIG CAMEL DOUBLE MINT PURPLE C 10";"800";"1,000";"125,00";"125,00"
"36347";"CIG CAMEL PURPLE BEACH C 10";"800";"2,000";"250,00";"250,00"
"36735";"CIG CAMEL RED DUNE 10UN";"800";"1,000";"114,99";"114,99"
"16172";"CIG CAMEL YELLOW FILT PREM BL C 10";"800";"17,000";"1.402,50";"1.402,50"
"9051";"CIG CHESTERFIELD BLUE BOX C 10";"800";"44,000";"4.070,00";"4.070,00"
"16174";"CIG CHESTERFIELD REM FR MINT K C 10";"800";"13,000";"1.297,27";"1.297,27"
"9068";"CIG CHESTERFIELD REMIX BEATS C 10";"800";"33,000";"3.300,00";"3.300,00"
"9053";"CIG CHESTERFIELD REMIX BOX C 10";"800";"38,000";"3.792,02";"3.792,02"
"9069";"CIG CHESTERFIELD T BRAS AZL C 10";"800";"48,000";"4.200,00";"4.200,00"
"9070";"CIG CHESTERFIELD T BRAS LAR C 10";"800";"6,000";"525,00";"525,00"
"9055";"CIG DUNHILL BLUE BLEND BOX C 10";"800";"12,000";"1.500,00";"1.500,00"
"9056";"CIG DUNHILL CARLTON BLEND BOX C 10";"800";"104,000";"13.000,00";"13.000,00"
"35241";"CIG HARMONY SELECIONADO C 10";"800";"29,000";"3.117,50";"3.117,50"
"16177";"CIG HARMONY SLIMS BOX C 10";"800";"35,000";"3.850,00";"3.850,00"
"9071";"CIG KENT ACCESS AZL BOX C 10";"800";"1,000";"110,00";"110,00"
"9074";"CIG KENT BLUE BLEND PH3 C 10";"800";"114,000";"8.858,22";"8.858,22"
"9075";"CIG KENT PRO RED NO TUBE BOX C 10";"800";"83,000";"6.432,50";"6.432,50"
"9076";"CIG KENT PRO SILVER PH3 BOX C 10";"800";"42,000";"3.255,00";"3.255,00"
"4871";"CIG KENT SILVER ACCESS PRATA C 10";"800";"8,000";"880,00";"880,00"
"9065";"CIG L M BLACK ICE FORWARD BOX C 10";"800";"8,000";"880,00";"847,50"
"9057";"CIG L M BLUE LABEL BOX C 10";"800";"12,000";"1.320,00";"1.320,00"
"9077";"CIG L M CRAVO KRETEK BOX C 10";"800";"9,000";"1.080,00";"1.080,00"
"4872";"CIG L M FIRST CUT RED C 10";"800";"30,000";"2.325,00";"2.325,00"
"35240";"CIG L M FIRST CUT SILVER KS RCB C10";"800";"22,000";"1.705,00";"1.705,00"
"9078";"CIG LM FIRST CUT BLUE C 10";"800";"214,000";"16.585,00";"16.585,00"
"4874";"CIG LUCKY STRIKE DOUBLE ICE C 10";"800";"1,000";"117,50";"117,50"
"4873";"CIG LUCKY STRIKE FRESH MINT X C 10";"800";"54,000";"5.940,00";"5.940,00"
"9080";"CIG LUCKY STRIKE MINT";"800";"4,000";"330,00";"330,00"
"4875";"CIG LUCKY STRIKE ORIG BLEND C 10";"800";"7,000";"752,50";"752,50"
"9081";"CIG LUCKY STRIKE ORIG BLUE BOX C 10";"800";"4,000";"430,00";"430,00"
"9059";"CIG MARLBORO BLUE ICE BURST C 10";"800";"6,000";"750,00";"750,00"
"35239";"CIG MARLBORO BLUE SEL KS RCB C10";"800";"26,000";"2.015,00";"2.015,00"
"9060";"CIG MARLBORO BOX DOUBLE MIX";"800";"2,000";"250,00";"250,00"
"9084";"CIG MARLBORO BOX GOLD SELECTION ";"800";"51,000";"3.952,50";"3.952,50"
"9085";"CIG MARLBORO BOX RED SELECTION C 10 ";"800";"54,000";"4.185,00";"4.185,00"
"4877";"CIG MARLBORO FT RED BOX C 10";"800";"17,000";"2.125,00";"2.125,00"
"9062";"CIG MARLBORO SOFT GOLD";"800";"10,000";"1.075,00";"1.075,00"
"16184";"CIG ROTH 2 CAPS 20 200 BRA C 10";"800";"3,000";"292,50";"272,50"
"9087";"CIG ROTHMANNS BLUE BOX BE REV";"800";"102,000";"7.905,00";"7.905,00"
"9089";"CIG ROTHMANS BLUE BRA BOX C 10";"800";"41,000";"3.690,00";"3.652,50"
"16185";"CIG ROTHMANS CAPS 20 200 SENSE C 10";"800";"17,000";"1.657,50";"1.657,50"
"4879";"CIG ROTHMANS INTERNATIONAL ";"800";"61,000";"5.947,50";"5.947,50"
"16186";"CIG WINSTON BLUE HAND S TOBACCOS C 10";"800";"2,000";"155,00";"155,00"
"16187";"CIG WINSTON CLAS HAND SEL CLA C 10";"800";"9,000";"697,50";"697,50"
"16191";"CIG WINSTON SILVER SELECTED C 10";"800";"3,000";"232,50";"232,50"
"16190";"CIG WINSTON UNIQUE RED SELECT C 10";"800";"1,000";"77,50";"77,50"
"9061";"CIGARRO MARLBORO BOX GOLD";"800";"12,000";"1.500,00";"1.500,00"
"37404";"CINZEIRO METAL GRANDE";"800";"2,000";"13,98";"13,98"
"16193";"CINZEIRO VIDRO QUAD 10 5CM RT8099 ";"800";"5,000";"64,95";"64,95"
"16194";"CINZEIRO VIDRO RED 10,5CM";"800";"2,000";"25,98";"25,98"
"16195";"CJ 2 GANCHOS PAREDE UTEN";"800";"2,000";"13,98";"13,98"
"16196";"CJ 2 TOMADAS TRAM 2P T 10A 250V AR IA BC";"800";"35,000";"647,15";"647,15"
"16197";"CJ 3 BOWL VIDRO FOGLIA TRANSP. 12,5CM";"800";"2,000";"37,98";"37,98"
"36527";"CJ 3 POTES CONECT QD MICKEY BABY";"800";"4,000";"59,96";"59,96"
"34822";"CJ 3 POTES CONECT RED PLASUTIL ANGEL";"800";"2,000";"41,98";"41,98"
"34821";"CJ 3 POTES CONECT RED PLASUTIL STITCH";"800";"1,000";"20,99";"20,99"
"4880";"CJ 3 POTES PLASUTIL CONECT RD 14191 ";"800";"7,000";"62,93";"62,93"
"16207";"CJ 3 PTS CONECT RED MINNIE";"800";"1,000";"19,99";"19,99"
"16208";"CJ 3 PTS PLASTS SANREMO";"800";"3,000";"41,94";"41,94"
"16202";"CJ 3 PTS PLASUTIL CONECT QD DIVERT";"800";"2,000";"35,98";"35,98"
"16204";"CJ 3 PTS PLASUTIL CONECT QD MINNI";"800";"4,000";"59,96";"59,96"
"16206";"CJ 3 PTS PLASUTIL CONECT QD STITCH";"800";"4,000";"59,96";"59,96"
"16209";"CJ 3 PTS VIDRO C/TAMPA COLORS";"800";"2,000";"51,98";"51,98"
"16210";"CJ 3 TIGELAS SOB SANREMO 240ML";"800";"1,000";"9,99";"9,99"
"16212";"CJ 4 PTS CONECT QD REC FITENESS F";"800";"5,000";"114,95";"113,95"
"16216";"CJ 6 PC ESPAT P MANT PATE";"800";"6,000";"47,94";"47,94"
"16218";"CJ 9 PROTETORES P/PISO EVA RED";"800";"7,000";"27,93";"27,93"
"16219";"CJ BULE C SUPORTE FILTRO 102 SR1011";"800";"35,000";"2.344,56";"1.957,58"
"16225";"CJ COLES 6PC INOX RUSTICK IXB06005";"800";"1,000";"26,89";"26,89"
"4883";"CJ COLHER TRAMONT CHA DYNAMIC 3PC 22307/300";"800";"4,000";"79,96";"79,96"
"37258";"CJ COPO C 6 LEVANT ARAM 90ML VD";"800";"4,000";"67,96";"46,69"
"37965";"CJ COPOS ALTOS AYLA C 3PCS 330ML";"800";"57,000";"1.139,43";"1.139,43"
"37966";"CJ COPOS ALTOS DARA C 3PCS 305ML";"800";"52,000";"1.039,48";"1.039,48"
"36608";"CJ COPOS VIDRO FLORIDA C 6 320ML";"800";"1,000";"44,99";"44,99"
"16227";"CJ CPS VIDRO ARIZONA C 6 200ML ";"800";"77,000";"1.539,23";"1.539,23"
"16228";"CJ CPS VIDRO LONDRES C 6 240ML ";"800";"40,000";"879,60";"879,60"
"16229";"CJ CPS VIDRO MILANO C/6 250ML";"800";"10,000";"399,00";"399,00"
"16232";"CJ GANCHO METAL 6 POP WX4914";"800";"1,000";"3,99";"3,99"
"4886";"CJ GARFO TRAMONT MESA INOX DYNAM3PC 22302/300";"800";"4,000";"107,96";"107,96"
"16238";"CJ INTER SIMPLES TRAM 6A/250V ARIA BC";"800";"2,000";"15,98";"15,98"
"16243";"CJ LUGAR AMER PVC OVAL 2PC COLORS 29X44";"800";"8,000";"79,92";"79,92"
"16245";"CJ P/CHUR GAR/FACA";"800";"1,000";"21,99";"21,99"
"16248";"CJ PORTA CONDIMENTOS C/2PC 130ML";"800";"4,000";"67,96";"67,96"
"37619";"CJ POTE PLASUTIL CONECT QD MENINA 3";"800";"1,000";"13,99";"13,99"
"35695";"CJ POTES 3PCS CONECT QD 110";"800";"5,000";"44,95";"44,95"
"35664";"CJ POTES CONECT 3PC QD";"800";"3,000";"30,87";"30,87"
"37552";"CJ POTES SANREMO 3PCS 124 6";"800";"4,000";"79,96";"79,96"
"4888";"CJ SH COND NIELY GOLD 275 175ML OLEO COCO";"800";"9,000";"270,88";"270,88"
"4889";"CJ SH COND NIELY GOLD 300 200ML QUERAT REP INT";"800";"11,000";"321,02";"321,02"
"16253";"CJ TALHERES BCO IX 16PC";"800";"13,000";"389,87";"389,87"
"16254";"CJ TALHERES PTO IX 16PC";"800";"16,000";"479,84";"479,84"
"16255";"CJ TALHERES VERM IX 16PC";"800";"12,000";"359,88";"359,88"
"16257";"CJ TOMADA TRAM 2P+T 10A/250V ARIA BC";"800";"1,000";"7,39";"7,39"
"4891";"CL SPR L3P2 BOM AR 12ML RF CAMPOS LAVANDA";"800";"11,000";"338,62";"338,62"
"16261";"CLARIFICANTE BEL PISCS 1L";"800";"5,000";"119,95";"119,95"
"36005";"CLIPS 33MM NEON 100PCS";"800";"32,000";"223,68";"223,68"
"35706";"CLIPS CROCODILO";"800";"1,000";"23,99";"23,99"
"4895";"CLORO LYSOFORM 500ML GEL ORIGINAL";"800";"1,000";"18,50";"18,50"
"35504";"CLORO ORG BEL PISCINAS BD 10KG";"800";"2,000";"399,78";"399,78"
"4896";"CLORO Q BOA 1L GEL";"800";"15,000";"171,18";"171,18"
"4897";"CLORO Q BOA 1L GEL LAVANDA";"800";"58,000";"679,83";"679,83"
"16267";"COADOR 7CM";"800";"1,000";"2,99";"2,99"
"16281";"COB COBOP BCO GOTAS 1 01K";"800";"31,000";"1.425,69";"1.346,42"
"16284";"COB VEGETAL CAROLINA 1 2K";"800";"102,000";"2.539,98";"2.539,98"
"16285";"COBER CASAL FINLANDIA ESTAMP 180X220";"800";"6,000";"539,40";"539,40"
"1548";"COBER COBERTOP 1 01K AO LEIT BARRA";"800";"10,000";"329,00";"302,00"
"1551";"COBER COBERTOP 1 01KG AO LEIT GOTAS";"800";"89,000";"2.810,38";"2.689,64"
"1537";"COBER COBERTOP 1 01KG CONF AO LEITE";"800";"36,000";"1.195,75";"1.089,43"
"1541";"COBER COBERTOP 1 01KG CONF BLEND";"800";"20,000";"735,80";"640,68"
"1544";"COBER COBERTOP CONF M AMARGO 1 01KG";"800";"39,000";"1.320,63";"1.128,37"
"1559";"COBER COBERTOP M AMARG GOTAS 1 01KG";"800";"73,000";"2.511,08";"2.090,28"
"1566";"COBER KLAIN 1 01KG AO LEITE";"800";"35,000";"1.382,15";"1.382,15"
"1563";"COBER KLAIN 1 01KG BRANCO";"800";"16,000";"591,84";"591,84"
"1568";"COBER KLAIN 1 01KG M AMARGO";"800";"31,000";"1.239,69";"1.239,69"
"1580";"COBER NESTLE 1KG CHOC AO LEITE";"800";"7,000";"699,93";"699,93"
"29755";"COBER VEGETAL TIROL 1 01K ";"800";"722,000";"10.422,78";"10.422,78"
"1581";"COBERT NESTLE 1KG CHOC BLEND";"800";"5,000";"499,95";"499,95"
"1582";"COBERT NESTLE 1KG MEIO AMARGO";"800";"29,000";"2.899,71";"2.599,35"
"3326";"COBERT SELECTA 300G CARAMELO";"800";"3,000";"39,88";"39,88"
"3334";"COBERT SELECTA 300G CHOC";"800";"7,000";"98,30";"98,30"
"3335";"COBERT SELECTA 300G MORANGO";"800";"4,000";"39,96";"39,96"
"3345";"COBERT TRIVIALY 270G CARAMELO";"800";"14,000";"237,86";"237,86"
"3348";"COBERT TRIVIALY 270G CHOC";"800";"17,000";"288,83";"288,83"
"3351";"COBERT TRIVIALY 270G MORANGO";"800";"21,000";"356,79";"356,79"
"16286";"COBERTOR SORRISO CASAL 1 70MX1 90M";"800";"2.618,000";"48.635,72";"48.396,36"
"37058";"COBERTURA RECHEIO NESTLE 1 01KG KIT KAT";"800";"2,000";"159,18";"159,18"
"1921";"COCADA BRANCA ST ANTONIO 115G TABLETE";"800";"271,000";"2.924,09";"2.924,09"
"38008";"COCAR BRASIL";"800";"4,000";"35,96";"35,96"
"3366";"COCO RALADO DUCOCO 100G DESIDRATADO";"800";"188,000";"1.795,12";"1.791,12"
"3368";"COCO RALADO DUCOCO 100G FLOCOS";"800";"64,000";"667,00";"667,00"
"3370";"COCO RALADO DUCOCO 100G UMIDO";"800";"87,000";"673,03";"673,03"
"3374";"COCO RALADO MENINA 100G UMIDO ADOCADO";"800";"30,000";"170,70";"170,70"
"3382";"COCO RALADO MENINA 50G UMIDO ADOCADO";"800";"33,000";"105,75";"105,75"
"3395";"COCO RALADO ZAM E BOM 100G FLOCOS PUROS";"800";"287,000";"3.152,43";"3.152,43"
"3398";"COCO RALADO ZAM E BOM 100G PURO S ACUCAR";"800";"411,000";"3.012,75";"3.012,75"
"3393";"COCO RALADO ZAM E BOM 100G UMIDO ADOCADO";"800";"519,000";"2.708,17";"2.708,17"
"3389";"COCO RALADO ZAM E BOM 50G PURO S ACUCAR";"800";"455,000";"1.587,95";"1.587,95"
"3387";"COCO RALADO ZAM E BOM 50G UMIDO ADOCADO";"800";"549,000";"1.916,01";"1.916,01"
"38337";"COCO SECO KG CORTADO";"800";"155,573";"1.506,56";"1.506,56"
"10889";"COCO SECO KG INTEIRO";"800";"346,865";"3.256,67";"3.238,61"
"10890";"COCO VERDE UN";"800";"6,000";"23,88";"23,88"
"16301";"COFRE LATA DECORATIVA 10X7 5CM ";"800";"2,000";"21,98";"21,98"
"16302";"COFRE LATA DECORATIVA 9X10CM";"800";"10,000";"99,90";"99,90"
"37590";"COFRE METAL 4 ESTAMPAS 13X8";"800";"6,000";"59,94";"59,94"
"37221";"COFRE METAL ESTAMPADO 13X8";"800";"27,000";"269,73";"269,73"
"2364";"COGUMELO ADIGEL SH 100G FATIADO";"800";"300,000";"2.959,53";"2.959,53"
"2362";"COGUMELO ADIGEL SH 100G INTEIRO";"800";"192,000";"1.945,76";"1.945,76"
"16310";"COL CABO CURTO BAMBU NATURE 20CM";"800";"3,000";"14,97";"14,97"
"16314";"COL CHERRY SIL 27X5.7CM";"800";"11,000";"175,89";"175,89"
"16318";"COL INOX C CABO PLASTIC PRATIC 31 6 X6";"800";"1,000";"16,99";"16,99"
"16320";"COL LOLLY PONTA SIL OCEANO M";"800";"1,000";"24,99";"24,99"
"16322";"COL M USO SIL VERM CABO MADEIRA";"800";"15,000";"224,85";"224,85"
"16323";"COL M USO SLICONE WX6120";"800";"8,000";"103,92";"103,92"
"16324";"COL M USO WELLMIX VM WX6842";"800";"5,000";"59,95";"59,95"
"16329";"COL P ARROZ INOX COOK 33CM ";"800";"1,000";"9,99";"9,99"
"16334";"COL P SORVETE COOK ";"800";"1,000";"11,99";"11,99"
"16352";"COL REFEICAO FORFEST C/50 BCO";"800";"1,000";"5,79";"5,79"
"16356";"COL SERVIR INOX SILVER 24CM EM CASA T";"800";"1,000";"12,99";"12,99"
"16357";"COL SERVIR INOX SILVER 32CM";"800";"5,000";"74,95";"74,95"
"9094";"COLA ACRILEX COLORIDA 6UN";"800";"5,000";"77,00";"77,00"
"9095";"COLA ACRILEX COLORIDA SORT 4UN";"800";"5,000";"54,95";"54,95"
"37166";"COLA ADESIVA PEGA RATO";"800";"12,000";"59,88";"59,88"
"16385";"COLA BASTAO BIC STICK 8G";"800";"27,000";"242,73";"242,73"
"4900";"COLA BASTAO LEO&LEO 21G ";"800";"8,000";"15,92";"15,92"
"34959";"COLA BASTAO LYKE 10G";"800";"527,000";"658,75";"576,25"
"34960";"COLA BASTAO LYKE 21G";"800";"417,000";"663,03";"663,03"
"35010";"COLA BASTAO LYKE 40G";"800";"322,000";"866,18";"866,18"
"16386";"COLA BASTAO MAXI 15G";"800";"31,000";"77,19";"77,19"
"16387";"COLA BASTAO MAXI 36G";"800";"111,000";"442,89";"442,89"
"16388";"COLA BASTAO MAXI 9G";"800";"110,000";"196,90";"196,90"
"16390";"COLA BCA 40G BIC";"800";"127,000";"633,73";"633,73"
"16392";"COLA BCA ART MAXI 1K";"800";"19,000";"398,81";"398,81"
"16393";"COLA BCA ART MAXI 500G";"800";"24,000";"280,56";"280,56"
"16391";"COLA BCA BIC 90G";"800";"134,000";"1.204,66";"1.204,66"
"16394";"COLA BCA MAXI FRAMA 40G";"800";"251,000";"399,09";"399,09"
"16395";"COLA BCA MAXI FRAMA 90G";"800";"21,000";"62,79";"62,79"
"4901";"COLA COLORIDA LEO&LEO 25G C/6 CORES ";"800";"1,000";"12,99";"12,99"
"34922";"COLA FITA LYKE 8MM 6M";"800";"24,000";"287,76";"287,76"
"16396";"COLA LEO LEO C GLITTER 6 CORES";"800";"4,000";"51,96";"51,96"
"16397";"COLA LIQUIDA BCA 40G LEOELEO-4370";"800";"13,000";"22,75";"22,75"
"16398";"COLA LIQUIDA BCA 90G LEOELEO-4371";"800";"12,000";"41,88";"41,88"
"16399";"COLA P ARTESANATO DAG 17G ";"800";"15,000";"239,85";"239,85"
"16400";"COLA P REMENDO 1UN REMENDO 3CM";"800";"22,000";"441,60";"441,60"
"16401";"COLA PVC 17G";"800";"27,000";"243,19";"243,19"
"16403";"COLA SIL BOND 50 G";"800";"16,000";"319,84";"319,84"
"36599";"COLA THREE BOND SUPER 2G";"800";"684,000";"2.045,16";"2.045,16"
"16405";"COLAR COLOR PARTY";"800";"4,000";"39,96";"39,96"
"36407";"COLAR INF COLOR PARTY";"800";"23,000";"229,77";"229,77"
"37935";"COLCHONETE PET G 50X70";"800";"154,000";"2.462,46";"2.460,46"
"38179";"COLCHONETE PET M 40X50";"800";"101,000";"1.412,99";"1.412,99"
"34789";"COLEIRA COURO NATURAL N5 R43";"800";"16,000";"276,64";"276,64"
"34841";"COLEIRA COURO NATURAL N9 R278";"800";"8,000";"299,92";"299,92"
"16418";"COLEIRA DALI PET GATO";"800";"133,000";"1.167,07";"1.167,07"
"4914";"COLEIRA ITADOG DP N4 NYLON";"800";"52,000";"940,28";"940,28"
"4910";"COLEIRA ITADOG DP N5 NYLON ";"800";"1,000";"17,99";"17,99"
"4909";"COLEIRA ITADOG N6 DE COURO";"800";"9,000";"251,91";"251,91"
"9099";"COLEIRA ITADOG NYLON SIMPLES R1";"800";"4,000";"26,36";"26,36"
"34783";"COLEIRA POLIESTER DESENHO R 0";"800";"27,000";"269,73";"269,73"
"36912";"COLEIRA TAVARES PET LISA FINA";"800";"1,000";"4,99";"4,99"
"4917";"COLEIRA TRATTO ANTI PULGA 56CM";"800";"1,000";"31,50";"31,50"
"9116";"COLHER ARROZ TRAM ";"800";"5,000";"114,95";"114,95"
"4918";"COLHER BRINKFEST 10UN BRANCA";"800";"1,000";"1,89";"1,89"
"34631";"COLHER CHA NEW CAPRESE 6PC VRM";"800";"15,000";"119,85";"119,85"
"36851";"COLHER CHA TRAM INOX LEME AZL ";"800";"32,000";"63,68";"63,68"
"36665";"COLHER CHA TRAM INOX LEME CNZ ";"800";"89,000";"177,11";"177,11"
"9117";"COLHER CHA TRAM INOX LEME PTA";"800";"106,000";"210,94";"210,94"
"9118";"COLHER CHA TRAM INOX LEME VRM";"800";"8,000";"15,92";"15,92"
"35887";"COLHER CHAS SUPREME";"800";"27,000";"80,73";"80,73"
"35912";"COLHER COQUETEL TRAM ACO INOX ";"800";"1,000";"19,99";"19,99"
"34634";"COLHER GRANDE LINHA CASA";"800";"12,000";"83,88";"83,88"
"37701";"COLHER MAC DE SILICONE 29X5 5X4 5 C";"800";"6,000";"95,94";"95,94"
"34629";"COLHER MESA NEW CAPRESE 6PC VRM";"800";"15,000";"164,85";"164,85"
"16377";"COLHER MESA TRAM INOX LEME AZUL";"800";"9,000";"32,31";"32,31"
"16378";"COLHER MESA TRAM INOX LEME CINZA";"800";"44,000";"157,96";"157,96"
"9119";"COLHER MESA TRAM INOX LEME PRETA";"800";"483,000";"1.733,97";"1.733,97"
"9120";"COLHER MESA TRAM INOX LEME VERMELHA";"800";"212,000";"761,08";"761,08"
"16350";"COLHER REFEICAO FORFEST 25UN BCO";"800";"61,000";"426,39";"426,39"
"16351";"COLHER REFEICAO FORFEST 25UN CRISTAL";"800";"16,000";"111,84";"111,84"
"16358";"COLHER SILICONE 27 5CM ";"800";"1,000";"14,99";"14,99"
"16359";"COLHER SILICONE 27 5CM VERM";"800";"16,000";"175,84";"175,84"
"37037";"COLHER SILICONE ARROZ 22X6 5X2 VRM ";"800";"8,000";"87,92";"87,92"
"36246";"COLHER SOBREMESA FORFEST 25UN AZL CLARO";"800";"60,000";"179,40";"179,40"
"37540";"COLHER SOBREMESA FORFEST 25UN AZL ESCURO";"800";"3,000";"7,17";"7,17"
"36247";"COLHER SOBREMESA FORFEST 25UN BCO";"800";"94,000";"281,06";"281,06"
"36248";"COLHER SOBREMESA FORFEST 25UN CRISTAL";"800";"125,000";"373,75";"373,75"
"36249";"COLHER SOBREMESA FORFEST 25UN DOU";"800";"40,000";"119,60";"119,60"
"36830";"COLHER SOBREMESA FORFEST 25UN PRATA ";"800";"38,000";"90,82";"90,82"
"36250";"COLHER SOBREMESA FORFEST 25UN RSA";"800";"147,000";"439,53";"439,53"
"34422";"COLHER SOBREMESA FORFEST 25UN RSA CHICLE";"800";"61,000";"182,39";"182,39"
"36252";"COLHER SOBREMESA FORFEST 25UN VRM";"800";"52,000";"155,48";"155,48"
"35868";"COLHER SOBREMESA FORFEST AMA";"800";"17,000";"40,63";"40,63"
"36582";"COLHER SOBREMESA FORFEST PTO 25UN ";"800";"28,000";"66,92";"66,92"
"36598";"COLHER SOBREMESA FORFEST VRD ESC ";"800";"25,000";"59,75";"59,75"
"34630";"COLHER SOBREMESA NEW CAPRESE 6PC VRM";"800";"34,000";"305,66";"305,66"
"16379";"COLHER SOBREMESA TRAM INOX LEME AZUL";"800";"38,000";"121,22";"121,22"
"16380";"COLHER SOBREMESA TRAM INOX LEME CINZA";"800";"43,000";"137,17";"137,17"
"16381";"COLHER SOBREMESA TRAM INOX LEME PTA";"800";"17,000";"54,23";"54,23"
"16382";"COLHER SOBREMESA TRAM INOX LEME VERM";"800";"29,000";"92,51";"92,51"
"4926";"COMED BEBEDOUR DALI PET MINI R201";"800";"93,000";"591,57";"591,57"
"4924";"COMED DALI PET DUPLO PEQ R 207";"800";"98,000";"861,42";"861,42"
"36339";"COMEDOURO P PET MELAMINA 200ML";"800";"21,000";"83,79";"83,79"
"36389";"COMEDOURO P PET MELAMINA DUPLO 350";"800";"32,000";"351,68";"346,98"
"16439";"COMEDOURO PET INOX 15CM";"800";"13,000";"209,69";"209,69"
"16440";"COMEDOURO PET INOX 18CM";"800";"20,000";"402,53";"402,53"
"16443";"COMEDOURO PET MELAMINA DUPLO 1 2L";"800";"44,000";"659,56";"659,56"
"37145";"COMEDOURO PET PLASTICO 5 5X15";"800";"32,000";"223,68";"223,68"
"37152";"COMEDOURO PET PLASTICO 6 5X20 5";"800";"4,000";"63,96";"63,96"
"16445";"COMEDOURO PLAST MEDIA 1850ML";"800";"35,000";"529,20";"529,20"
"34952";"COMPASSO METALICO LYKE C REFIL";"800";"2,000";"14,98";"14,98"
"16450";"COMPRESSA GAZE CREMER 5UN";"800";"135,000";"309,15";"309,15"
"16449";"COMPRESSA GAZE CRR C 10";"800";"50,000";"179,50";"179,50"
"35652";"CONCHA DE SILICONE 29 5X7 5X5CM";"800";"1,000";"19,99";"19,99"
"16451";"CONCHA INOX C CABO PLASTIC PRATIC 30X9 5";"800";"3,000";"44,97";"44,97"
"16453";"CONCHA INOX EM CASA TEM 20CM SILVER";"800";"6,000";"77,94";"77,94"
"16454";"CONCHA INOX EM CASA TEM 29CM SILVER";"800";"20,000";"335,80";"335,80"
"34637";"CONCHA LINHA CASA";"800";"14,000";"97,86";"97,86"
"16462";"CONCHA TERRINA SIL 21CM";"800";"1,000";"10,99";"10,99"
"9124";"CONCHA TRAMONTINA UTILITA PTA";"800";"2,000";"59,98";"59,98"
"37704";"CONCHA WELLMIX SILIC VERM WX6846";"800";"1,000";"19,99";"19,99"
"9125";"COND DARLING 350ML CERAMIDAS";"800";"32,000";"406,48";"406,48"
"15640";"COND DARLING 350ML DETOX";"800";"31,000";"393,87";"393,87"
"9126";"COND DARLING 350ML TILIA";"800";"34,000";"438,86";"438,86"
"4939";"COND DOVE 200ML NUTRITIVE HIDRAT INT";"800";"1,000";"20,99";"20,99"
"4941";"COND DOVE 200ML NUTRITIVE OLEO NUTRICAO";"800";"1,000";"20,99";"20,99"
"4942";"COND DOVE 200ML NUTRITIVE RECONSTRU COMP";"800";"1,000";"20,99";"20,99"
"4945";"COND DOVE 250ML BOND INTENSE";"800";"15,000";"523,22";"523,22"
"4959";"COND DOVE 400ML TEX REAIS CACH";"800";"2,000";"65,29";"65,29"
"4967";"COND ELSEVE 200ML CACHOS DOS SONH";"800";"13,000";"347,24";"341,43"
"4968";"COND ELSEVE 200ML COLORVIVE";"800";"8,000";"202,49";"198,68"
"4970";"COND ELSEVE 200ML GLYCOLIC GLOSS";"800";"30,000";"791,15";"763,13"
"4971";"COND ELSEVE 200ML HIALURONICO";"800";"27,000";"711,04";"701,13"
"4973";"COND ELSEVE 200ML LISO DOS SONHOS";"800";"5,000";"124,85";"124,85"
"4974";"COND ELSEVE 200ML LISO SONHOS E";"800";"27,000";"657,57";"655,36"
"4969";"COND ELSEVE 200ML LONGO DOS SONHO";"800";"28,000";"743,67";"739,57"
"4976";"COND ELSEVE 200ML PURE HIALURONIC";"800";"28,000";"706,47";"706,47"
"4980";"COND ELSEVE 200ML RT5+REPARACAO";"800";"1,000";"28,50";"28,50"
"9132";"COND ELSEVE HIALURONICO PURE 400ML";"800";"4,000";"179,96";"179,96"
"4986";"COND HUGGIES 200ML CAMOMILA ALOE V";"800";"2,000";"46,69";"46,69"
"4988";"COND JAY LUC 1L NEUTRO";"800";"179,000";"3.130,71";"3.130,71"
"4989";"COND JOHNSON BABY 200ML CABELO CLAROS";"800";"13,000";"363,87";"363,87"
"4991";"COND JOHNSON BABY 200ML REG";"800";"6,000";"167,94";"167,94"
"9133";"COND JOHNSONS BABY INF 200ML CACHEADOS";"800";"4,000";"111,96";"111,96"
"4993";"COND MONANGE 325ML CACHOS QUE TAL";"800";"32,000";"460,64";"460,64"
"4994";"COND MONANGE 325ML HIDRATA C PODER";"800";"23,000";"328,56";"328,56"
"4995";"COND MONANGE 325ML LISOS TE QUERO";"800";"53,000";"751,32";"751,32"
"9134";"COND MONANGE 325ML REST Q GOSTO";"800";"18,000";"255,07";"255,07"
"5001";"COND PALMOLIVE 350ML ACIDO HIALURONI";"800";"16,000";"196,56";"196,56"
"5003";"COND PALMOLIVE 350ML CERAMIDAS FORCE";"800";"22,000";"273,87";"273,87"
"5005";"COND PALMOLIVE 350ML CUIDADO ABSOLUT";"800";"5,000";"59,45";"59,45"
"5006";"COND PALMOLIVE 350ML ILUMINADOR PTO";"800";"11,000";"130,79";"130,79"
"5008";"COND PALMOLIVE 350ML KIDS NAT CACHEADOS";"800";"5,000";"106,46";"106,46"
"5010";"COND PALMOLIVE 350ML MACIEZ PROLONGA";"800";"18,000";"224,96";"224,96"
"5011";"COND PALMOLIVE 350ML NEUTRO";"800";"35,000";"427,83";"427,83"
"5007";"COND PALMOLIVE KIDS 350ML MINIONS";"800";"2,000";"41,98";"41,98"
"9138";"COND PALMOLIVE KIDS 350ML NAT";"800";"5,000";"109,48";"109,48"
"5019";"COND PANTENE 150ML BAMBU";"800";"35,000";"598,75";"598,75"
"5020";"COND PANTENE 150ML BIOTINAMINA";"800";"41,000";"701,71";"701,71"
"5021";"COND PANTENE 150ML COLAGENO";"800";"68,000";"1.073,72";"1.073,72"
"5022";"COND PANTENE 150ML EQUIL ALGA MAR";"800";"33,000";"570,72";"570,72"
"5023";"COND PANTENE 150ML QUERATINA";"800";"32,000";"552,82";"552,82"
"5028";"COND PANTENE 175ML HIDRATACAO";"800";"29,000";"495,79";"495,79"
"5030";"COND PANTENE 175ML LISO EXTREMO";"800";"43,000";"733,07";"733,07"
"5032";"COND PANTENE 175ML RESTAUR PROFUND";"800";"36,000";"619,98";"619,98"
"5035";"COND PANTENE 250ML EQUIL ALGA MAR";"800";"16,000";"433,16";"433,16"
"5036";"COND PANTENE 250ML QUERATINA";"800";"34,000";"903,02";"903,02"
"5037";"COND PANTENE 400ML BRILHO EXTREMO";"800";"3,000";"101,59";"101,59"
"5042";"COND PANTENE 400ML LISO EXTREMO";"800";"35,000";"1.190,31";"1.190,31"
"5044";"COND PANTENE 400ML RESTAURACAO";"800";"37,000";"1.247,85";"1.247,85"
"5045";"COND PANTENE 510ML BIOTINAMINA";"800";"23,000";"1.004,87";"1.004,87"
"9139";"COND POMPOM 200ML CAMOMILA";"800";"13,000";"247,13";"247,13"
"9140";"COND POMPOM 200ML SUAVE";"800";"8,000";"156,00";"156,00"
"5048";"COND SALON LINE 300ML SOS SUP OLEO NUTRI";"800";"1,000";"23,69";"23,69"
"5052";"COND SEDA 250ML BOOM HIDRATACAO DURA";"800";"7,000";"117,53";"117,53"
"5054";"COND SEDA 300ML JUNTINHOS CACHOS";"800";"31,000";"502,06";"502,06"
"5055";"COND SEDA 300ML JUNTINHOS CRESPOS";"800";"5,000";"79,95";"79,95"
"5056";"COND SEDA 300ML JUNTINHOS TODOS OS TIPOS";"800";"41,000";"668,33";"668,33"
"5057";"COND SEDA 300ML LUMINOUS UV";"800";"161,000";"2.392,27";"2.392,27"
"5060";"COND SEDA 325ML BIOTI E OLEO RI";"800";"2,000";"31,98";"31,98"
"5064";"COND SEDA 325ML CACHOS DEFINIDO";"800";"89,000";"1.446,77";"1.446,77"
"5065";"COND SEDA 325ML COLAGENO E VITA";"800";"29,000";"463,71";"463,71"
"5070";"COND SEDA 325ML LISO PERFEITO";"800";"159,000";"2.576,08";"2.576,08"
"5071";"COND SEDA 325ML MEL ANTIQUEBRA";"800";"1,000";"15,99";"15,99"
"5072";"COND SEDA 325ML NIINA HIDRA MIC";"800";"5,000";"79,95";"79,95"
"5075";"COND SEDA 325ML PREBIO BIOTINA";"800";"63,000";"1.009,25";"1.009,25"
"5076";"COND SEDA 325ML PRET ILUMINOS";"800";"64,000";"1.032,46";"1.032,46"
"5077";"COND SEDA 325ML SOS CERAMIDAS";"800";"180,000";"2.946,45";"2.946,45"
"33956";"COND SEDA 425ML PREBIOT BIOTINA";"800";"11,000";"113,19";"113,19"
"5079";"COND SEDA 425ML PRETOS LUMINOSO";"800";"13,000";"133,77";"133,77"
"9145";"COND SEDA GLYCOL VIT C 425ML";"800";"198,000";"2.197,14";"2.197,14"
"5093";"COND TRESEMME 400ML CACHOS DEFINIDO";"800";"2,000";"53,98";"53,98"
"5094";"COND TRESEMME 400ML CRESC MAXIMO";"800";"1,000";"26,99";"26,99"
"5096";"COND TRESEMME 400ML HIDRAT PROFUND";"800";"9,000";"250,46";"250,46"
"5100";"COND TRESEMME 400ML RECONST FORCA";"800";"4,000";"110,98";"110,98"
"5101";"COND TRESEMME 400ML TRESPLEX";"800";"4,000";"112,49";"112,49"
"5108";"COND VINI LADY 325ML BRILHO INTENSO";"800";"18,000";"219,46";"215,46"
"5109";"COND VINI LADY 325ML COCO";"800";"11,000";"139,17";"139,17"
"5111";"COND VINI LADY 325ML HIDRAT EXT MICE";"800";"1,000";"11,99";"11,99"
"5112";"COND VINI LADY 325ML LISO INTENS";"800";"13,000";"162,24";"162,24"
"5113";"COND VINI LADY 325ML ONDAS/CACHOS";"800";"14,000";"172,41";"172,41"
"5114";"COND VINI LADY 325ML PRETO ABSOLUTO";"800";"4,000";"48,87";"48,87"
"5115";"COND VINI LADY 325ML REPARACAO TOT";"800";"5,000";"60,86";"60,86"
"16466";"CONEXAO BUCHA RED 3 4X1 2";"800";"5,000";"16,15";"16,15"
"16467";"CONEXAO JOELHO 20MM";"800";"9,000";"27,07";"27,07"
"34491";"CONEXAO JOELHO 20MM X MEIA";"800";"4,000";"27,96";"27,96"
"16468";"CONEXAO LUVA 20MM";"800";"18,000";"53,98";"53,98"
"16469";"CONEXAO LUVA 20MMX1 2";"800";"6,000";"31,40";"31,40"
"16472";"CONEXAO PLUG 1 2";"800";"15,000";"60,05";"60,05"
"36713";"CONEXAO TEE 20MM";"800";"5,000";"17,95";"17,95"
"1600";"CONF AMEND DORI 70G CHOC";"800";"458,000";"2.010,62";"2.010,62"
"30068";"CONF DORI MINI DISQUETI 396G";"800";"3,000";"89,97";"89,97"
"30070";"CONF JAZAM COLORETI MINI SORT 300G";"800";"2,000";"25,98";"21,58"
"30071";"CONF JAZAM COLORETI MINI SORT 500G";"800";"10,000";"174,54";"174,54"
"16485";"CONF PIETROBON PIT20G";"800";"569,000";"3.204,31";"3.204,31"
"1684";"CONF TORTUGUITA CHOCOVINHOS 50G";"800";"42,000";"259,98";"259,98"
"1602";"CONFEITO BIBS AMEND 40G";"800";"251,000";"1.022,49";"1.018,49"
"1603";"CONFEITO BIBS AO LEITE 40G";"800";"632,000";"2.577,68";"2.577,68"
"1678";"CONFEITO BIBS CHOC BCO 40G";"800";"380,000";"1.560,20";"1.560,20"
"1680";"CONFEITO BIBS MOR 40G";"800";"317,000";"1.265,83";"1.265,83"
"1679";"CONFEITO BIBS PASSAS 40G";"800";"376,000";"1.502,24";"1.502,24"
"1681";"CONFEITO BIBS PTO BCO 40G";"800";"402,000";"1.597,98";"1.597,98"
"1687";"CONFEITO DISQUETI 100G CHOC BRANCO";"800";"82,000";"827,85";"827,85"
"1688";"CONFEITO DISQUETI 120G CHOC";"800";"63,000";"830,97";"824,57"
"1708";"CONFEITO DISQUETI 500G CHOC";"800";"1,000";"37,69";"37,69"
"1598";"CONFEITO DORI 11G MINI DISQUETI";"800";"1.164,000";"1.404,78";"1.404,78"
"1599";"CONFEITO DORI 18G DISQUETI CHOC";"800";"222,000";"752,58";"752,58"
"1601";"CONFEITO DORI 40G DISQUETI CHOC";"800";"268,000";"1.712,52";"1.712,52"
"1704";"CONFEITO DORI 500G AMENDOIM CHOC";"800";"71,000";"1.163,69";"1.163,69"
"1706";"CONFEITO DORI 500G CHOCOCANDY";"800";"35,000";"822,15";"814,15"
"1705";"CONFEITO DORI 500G COLOR";"800";"44,000";"721,16";"721,16"
"37730";"CONFEITO JAZAM COLOR SORT TRAD 500G";"800";"4,000";"67,60";"67,60"
"35592";"CONFEITO JAZAM COLORETI 1KG";"800";"10,000";"454,90";"439,31"
"37694";"CONFEITO JAZAM COLORETI NEON 500G";"800";"1,000";"13,90";"13,90"
"37692";"CONFEITO JAZAM COLORETI SORT 250G";"800";"2,000";"31,78";"31,78"
"37695";"CONFEITO JAZAM COLORETI UNIC 300G";"800";"2,000";"19,80";"19,80"
"37721";"CONFEITO MINI JAZAM BALL MISTO 500G";"800";"1,000";"15,90";"15,90"
"1702";"CONFEITO MMS 120G CRISPY";"800";"32,000";"665,28";"665,28"
"1703";"CONFEITO MMS 148G CHOC AO LEITE";"800";"4,000";"83,96";"83,96"
"1686";"CONFEITO MMS TUBO 38G CHOC AO LEITE";"800";"137,000";"1.026,13";"1.026,13"
"555";"CONHAQ PRESIDENTE GENGIBRE VD 900M";"800";"283,000";"5.614,52";"5.535,24"
"551";"CONHAQ TAIMBE GENGIBRE PET 900ML";"800";"54,000";"1.036,38";"1.036,38"
"33236";"CONHAQUE DOMUS GENGIBRE VD 900ML";"800";"12,000";"191,88";"191,88"
"553";"CONHAQUE DREHER GENGIBRE VD 900ML";"800";"30,000";"911,78";"911,78"
"5123";"CONJ BULE+COADOR MOR AMARE PRIMAVER RUBI";"800";"1,000";"59,99";"59,99"
"16488";"CONJ CORT UNHAS+TES ROSA";"800";"2,000";"62,89";"62,89"
"38388";"CONJUNTO PORTA DETERGENTE B1";"800";"10,000";"219,90";"219,90"
"16501";"CONS BAT LITIO ELGIN CR2450 CART C5";"800";"8,000";"119,92";"119,92"
"10896";"CONTRA FILE FRIBOI PORC VAC KG BDJ";"800";"10,592";"568,66";"568,66"
"10899";"CONTRA FILE RESERVA BANANINHA KG";"800";"114,237";"6.243,99";"6.002,36"
"10901";"CONTRA FILE RESERVA KG BIFE";"800";"6,652";"531,42";"531,42"
"10904";"CONTRA FILE RESERVA KG PEDACO";"800";"5,032";"352,24";"352,24"
"16532";"COOK HOUSE VAMOS BRINCAR";"800";"1,000";"59,90";"59,90"
"16535";"COOKTOP COZINHA COMPLETA PRINCESA";"800";"1,000";"53,99";"53,99"
"16537";"COOKTOP LAVA LOUCA MICRO ONDAS PRINCESA";"800";"2,000";"141,98";"141,98"
"16538";"COOKTOP PORTA MANTIMENTOS PRESSAO PRINCE";"800";"3,000";"119,70";"119,70"
"85";"COOLER CANCAO 750ML ABACAXI";"800";"39,000";"677,10";"677,10"
"86";"COOLER CANCAO 750ML MORANGO";"800";"48,000";"822,20";"822,20"
"87";"COOLER CANCAO 750ML PESSEGO";"800";"22,000";"378,80";"378,80"
"10907";"COPA LOMBO SEARA SUINO KG";"800";"3,178";"76,39";"76,39"
"10908";"COPA PAMPLONA FAT 100G";"800";"28,000";"279,72";"279,72"
"38411";"COPO 200ML AZUL CANDY 40X50";"800";"4,000";"23,96";"23,96"
"38429";"COPO 200ML VERMELHO NEON";"800";"4,000";"27,96";"27,96"
"35946";"COPO ANIV FORFEST 200ML 50UN AMARELO";"800";"26,000";"155,74";"155,74"
"35964";"COPO ANIV FORFEST 200ML 50UN AZUL CLARO";"800";"78,000";"467,22";"467,22"
"35959";"COPO ANIV FORFEST 200ML 50UN DOURADO";"800";"39,000";"233,61";"233,61"
"35961";"COPO ANIV FORFEST 200ML 50UN LILAS CANDY";"800";"38,000";"227,62";"227,62"
"35949";"COPO ANIV FORFEST 200ML 50UN PRATA";"800";"18,000";"107,82";"107,82"
"35960";"COPO ANIV FORFEST 200ML 50UN ROSE PEROLADO";"800";"13,000";"90,35";"90,35"
"35962";"COPO ANIV FORFEST 200ML 50UN VERDE ESCURO";"800";"31,000";"185,69";"185,69"
"34826";"COPO ANIV FORFEST 200ML C50 AZL PEROLADO";"800";"28,000";"167,72";"167,72"
"34418";"COPO ANIV FORFEST 200ML C50 RSA CHICLETE";"800";"20,000";"119,80";"119,80"
"36702";"COPO ANIV FORFEST AZUL ESCURO 200ML";"800";"5,000";"29,95";"29,95"
"36670";"COPO ANIV FORFEST PINK 200ML";"800";"12,000";"71,88";"71,88"
"37611";"COPO ANIV FORFEST PRETO 200ML C 50";"800";"17,000";"101,83";"101,83"
"38359";"COPO C TAMPA COPA DO MUNDO 500ML";"800";"56,000";"727,44";"727,44"
"37835";"COPO COPOMAIS CHOPP 400 ML";"800";"3,000";"29,97";"29,97"
"36938";"COPO COPOMAIS TRANSP 300ML C 100";"800";"1,000";"8,99";"8,99"
"38217";"COPO DE VIDRO 320ML CM48";"800";"54,000";"323,46";"323,46"
"37459";"COPO DOSE BRASFOOT INDIV GREMIO";"800";"1,000";"14,99";"14,99"
"35096";"COPO FURTA COR 500ML STITCH C PIN";"800";"1,000";"13,99";"13,99"
"36803";"COPO INFANTIL PLASTICO 250 ML";"800";"15,000";"164,85";"164,85"
"36850";"COPO ISOPOR DARNEL EPS06OZ 177ML C";"800";"2,000";"13,98";"13,98"
"5136";"COPO LOLLY EDUCATIVO 150ML C ALCA AZUL";"800";"2,000";"47,69";"47,69"
"5135";"COPO LOLLY EDUCATIVO 150ML C ALCA ROSA";"800";"5,000";"119,48";"119,48"
"9172";"COPO MEDIDOR SANREMO 500ML";"800";"2,000";"16,58";"16,58"
"5141";"COPO NADIR AMERICANO 190ML 2010";"800";"322,000";"563,50";"563,50"
"5142";"COPO NADIR AMERICANO 300ML ";"800";"3,000";"11,67";"11,67"
"5144";"COPO NADIR CHOPP FLORIPA 300ML 7732 ";"800";"51,000";"560,49";"560,49"
"5148";"COPO NADIR MUNICH CERVEJA 200ML7109 ";"800";"6,000";"47,94";"47,94"
"5149";"COPO NADIR POEMA SUCO 7772 6UN ";"800";"6,000";"179,40";"179,40"
"5150";"COPO NADIR SHOT 100ML 3033 ";"800";"24,000";"167,76";"167,76"
"34348";"COPO NEOPLAS FANT 330ML LARANJA NEON";"800";"2,000";"11,98";"11,98"
"34349";"COPO NEOPLAS FANT 330ML RSA NEO";"800";"4,000";"23,96";"23,96"
"34347";"COPO NEOPLAS FANT 330ML TIFFANY";"800";"2,000";"11,98";"11,98"
"34345";"COPO NEOPLAS FANT 330ML VERDE NEON";"800";"1,000";"5,99";"5,99"
"9174";"COPO NF LONG DRINK PROSA 300ML 6UN ";"800";"9,000";"269,10";"269,10"
"33349";"COPO PILSEN PAIS FRASES CX";"800";"2,000";"31,98";"31,98"
"36447";"COPO PLAST C CANUDO DINO 400ML";"800";"1,000";"7,99";"7,99"
"36450";"COPO PLAST C CANUDO DINO 600ML";"800";"5,000";"44,95";"44,95"
"34893";"COPO PLASTICO C TAMPA SORTIDO";"800";"1,000";"15,99";"15,99"
"34892";"COPO PLASTICO C TAMPA URSO";"800";"3,000";"47,97";"47,97"
"5154";"COPO PLASUTIL 320ML MINNIE 2611 ";"800";"2,000";"11,98";"11,98"
"5157";"COPO PLASUTIL 500ML REFRI STITCH 15831";"800";"1,000";"12,99";"12,99"
"16651";"COPO REFRI 500ML DEC FUN";"800";"3,000";"29,97";"29,97"
"38376";"COPO SHAKE C TAMPA KUROMI 500ML";"800";"14,000";"223,86";"223,86"
"38357";"COPO SHAKE CTAMPA HELLO KITTY 500ML";"800";"16,000";"255,84";"255,84"
"38355";"COPO TUMBLER C ALCA HELLO KITTY 650 ML";"800";"5,000";"149,95";"149,95"
"38371";"COPO TUMBLER C ALCA KUROMI 650ML";"800";"7,000";"209,93";"209,93"
"36403";"COPO VD CANELADO 260ML";"800";"68,000";"475,32";"475,32"
"34090";"COPO VD SHOT 45ML";"800";"5,000";"29,95";"29,95"
"37642";"COPO VIDRO ARIZONA 200ML";"800";"4,000";"15,96";"15,96"
"37309";"COPO VIDRO C BORDA DOURADA 40ML";"800";"8,000";"103,92";"103,92"
"432";"COQUETEL BUCANERO PET 790ML";"800";"249,000";"1.595,91";"1.595,91"
"33721";"COQUETEL CHICOTE PET 500ML BLUEBBERRY";"800";"103,000";"569,97";"569,97"
"33720";"COQUETEL CHICOTE PET 500ML LIMAO";"800";"413,000";"2.286,27";"2.286,27"
"33722";"COQUETEL CHICOTE PET 500ML MORANGO";"800";"180,000";"990,30";"990,30"
"377";"COQUETEL COROTE PET 500ML BAUNILHA LIMAO";"800";"5,000";"19,95";"19,95"
"438";"COQUETEL PATRICIA DO SUL 790ML";"800";"1.429,000";"8.544,61";"8.514,71"
"478";"COQUETEL TAIMBE PET 900ML AMEMDOIM";"800";"30,000";"467,73";"467,73"
"490";"COQUETEL TAIMBE PET 900ML CATUABA";"800";"127,000";"1.982,38";"1.982,38"
"480";"COQUETEL TAIMBE PET 900ML COCO";"800";"23,000";"360,31";"360,31"
"481";"COQUETEL TAIMBE PET 900ML MORANGO";"800";"35,000";"556,29";"556,29"
"482";"COQUETEL TAIMBE PET 900ML PESSEGO";"800";"23,000";"363,34";"363,34"
"485";"COQUETEL TAIMBE PET 900ML VERMUTE BRANCO";"800";"29,000";"458,30";"458,30"
"492";"COQUETEL TAIMBE VD 900ML LIMAO";"800";"125,000";"1.970,59";"1.970,59"
"16542";"COQUETELEIRA 8X8 21CM 500ML BU1550";"800";"3,000";"119,97";"119,97"
"10914";"CORACAO ALCATRA FRIBOI PORC KG";"800";"26,095";"1.278,39";"1.278,39"
"10915";"CORACAO ALCATRA FRIBOI PORC KG BDJ";"800";"0,932";"45,66";"45,66"
"10911";"CORACAO BOV KG";"800";"987,014";"15.560,06";"15.560,06"
"10916";"CORACAO DA ALFACE AMERICANA BDJ";"800";"5,000";"34,90";"34,90"
"10919";"CORACAO FGO LAR CONG 700G";"800";"3.599,000";"77.745,01";"77.737,01"
"10918";"CORACAO FGO PERDIGAO CONG 1KG";"800";"2.986,000";"85.623,87";"83.591,16"
"10913";"CORACAO SUINO DALIA CONG KG";"800";"35,289";"634,83";"634,83"
"10910";"CORACAO SUINO DALIA CONG KG BDJ";"800";"78,098";"959,81";"959,81"
"16555";"CORANTE ICEBERPO 100G VERM BORDO";"800";"1,000";"6,90";"6,90"
"5172";"CORANTE TINGECOR 40G GUARANY MARINHO N16";"800";"42,000";"194,08";"194,08"
"5173";"CORANTE TINGECOR 40G GUARANY PRETO N31";"800";"72,000";"334,38";"334,38"
"37180";"CORDA P VARAL POLIESTER C 3 4MMX5M";"800";"19,000";"151,81";"151,81"
"5174";"CORDA VARAL ANGELINA EXT FORTE 15MT";"800";"48,000";"612,80";"612,80"
"5175";"CORDA VARAL BALDIN EXTRA FORTE 10MT";"800";"83,000";"763,55";"763,55"
"9193";"CORDA VARAL STENDA 10M";"800";"50,000";"474,50";"474,50"
"9194";"CORDA VARAL STENDA 15M";"800";"74,000";"931,66";"931,66"
"16564";"CORDA VARAL TORCIDA PET 11LC00318 10MT";"800";"146,000";"309,74";"309,74"
"38027";"CORNETA BRASIL C BANDEIRA";"800";"27,000";"107,73";"107,73"
"16565";"CORNETA BRASIL GRANDE";"800";"34,000";"203,32";"197,34"
"38025";"CORNETA BRASIL PEQUENA";"800";"201,000";"399,99";"399,99"
"16566";"CORNETA PITEIRA BRASIL 29CM";"800";"11,000";"60,39";"60,39"
"16573";"CORRENTE P CAO 05";"800";"52,000";"659,88";"659,88"
"16574";"CORRENTE P/CAO 07";"800";"4,000";"34,36";"34,36"
"5177";"CORRETIVO JOCAR 18ML";"800";"42,000";"125,58";"125,58"
"16578";"CORRETIVO LIQ BASE AQUA 18ML BIC";"800";"20,000";"103,80";"103,80"
"33745";"CORRETIVO LIQUIDO 4ML";"800";"24,000";"287,76";"287,76"
"7154";"CORRETIVO MAXI FRAMA 18ML";"800";"58,000";"173,42";"173,42"
"16586";"CORT PIZZA INOX CABO BC 10CM";"800";"1,000";"12,99";"12,99"
"16587";"CORT PIZZA INOX LETS 19CM";"800";"1,000";"9,99";"9,99"
"16590";"CORT UNHA INF BLUE";"800";"4,000";"53,47";"53,47"
"16593";"CORT UNHA INOX PREMIUM 5 2CM 1PC";"800";"45,000";"314,55";"314,55"
"16596";"CORT UNHA METAL 8X2,5CM";"800";"2,000";"13,98";"13,98"
"16597";"CORT UNHA PET 9X6 8CM ";"800";"8,000";"79,92";"79,92"
"35926";"CORTADOR LEGUMES INOX";"800";"1,000";"119,90";"119,90"
"36990";"CORTADOR PIZZA 22 5 X 10 ";"800";"3,000";"59,97";"59,97"
"5180";"CORTADOR PIZZA TRAMONT INOX UTILIT PTO";"800";"1,000";"29,99";"29,99"
"34031";"CORTADOR PIZZA TRIANGULAR 12X11";"800";"2,000";"19,98";"19,98"
"5182";"CORTADOR UNHA MARCOBONI UNICORNIO ";"800";"4,000";"36,86";"36,86"
"5184";"CORTADOR UNHA MERHEJE UNHEX";"800";"16,000";"127,84";"127,84"
"5179";"CORTADOR UNHA YUDEVAN";"800";"5,000";"27,95";"27,95"
"16600";"CORTINA BLACK OUT LS 280X170 ILPL  BCO";"800";"2,000";"225,80";"225,80"
"16601";"CORTINA BLACK OUT LS 280X170 ILPL  MARFIM";"800";"1,000";"112,90";"112,90"
"16602";"CORTINA BLACK OUT LS 280X170 ILPL  TAUPE";"800";"1,000";"112,90";"112,90"
"16603";"CORTINA BOX 1,83X1,83 0,10MM";"800";"1,000";"34,99";"34,99"
"16608";"CORTINA DANIELA 280X170 ILCR GRAFITE";"800";"3,000";"257,70";"257,70"
"16609";"CORTINA DANIELA 280X170 ILCR MARFIM";"800";"2,000";"171,80";"171,80"
"16610";"CORTINA DANIELA 280X230 ILCR FENDI";"800";"1,000";"99,90";"99,90"
"16611";"CORTINA DANIELA 280X230 ILCR GRAFITE";"800";"7,000";"699,30";"699,30"
"16612";"CORTINA DANIELA 280X230 ILCR MARFIM";"800";"3,000";"299,70";"299,70"
"33215";"CORTINA DANIELA ILCR 280X170 CASTOR";"800";"1,000";"85,90";"85,90"
"33216";"CORTINA DANIELA ILCR 280X230 BCO";"800";"3,000";"299,70";"299,70"
"33217";"CORTINA DANIELA ILCR 280X230 CASTOR";"800";"2,000";"199,80";"199,80"
"37186";"CORTINA P BOX EVA 0 6M 180X180";"800";"17,000";"322,83";"322,83"
"16618";"CORTINA P/BOX EVA 0,1MM 180X180";"800";"4,000";"159,96";"159,96"
"30129";"COSTELA BOV MINGA CONG KG ";"800";"44,334";"1.529,55";"1.529,55"
"10926";"COSTELA BRISTOT OVINA CONG KG";"800";"223,619";"9.065,32";"9.065,32"
"10927";"COSTELA BRISTOT OVINA CONG KG BDJ";"800";"34,790";"1.400,42";"1.400,42"
"30130";"COSTELA FRIBOI BOV CONG TIRAS KG BDJ";"800";"6.380,379";"163.798,90";"132.378,62"
"10928";"COSTELA FRIBOI BOV CONG TIRAS KG PAI";"800";"21.484,208";"557.504,03";"437.503,26"
"10929";"COSTELA MATURATTA QUADRADA CONG";"800";"183,981";"6.437,53";"6.437,53"
"10932";"COSTELA RESE BOV CENTRO JAN RESF KG";"800";"33.577,633";"1.171.847,49";"1.168.332,84"
"10937";"COSTELA RESE BOV CENTRO JAN RESF KG BDJ";"800";"267,246";"9.152,99";"9.152,99"
"10925";"COSTELA RESE BOV CENTRO JAN RESF KG INTEIRA";"800";"706,783";"22.780,16";"22.727,06"
"30131";"COSTELA RESERVA BOV JAN CONG KG INTEIRA";"800";"65,823";"1.968,10";"1.899,94"
"10934";"COSTELA RESERVA BOV JAN CONG KG SERRADA";"800";"9.902,984";"320.991,25";"249.327,34"
"10940";"COSTELA SUINA C PELE CONG";"800";"3.709,051";"99.535,19";"95.826,94"
"19312";"COT HASTES FLEX COTTONBABY C 75";"800";"1.873,000";"6.696,67";"6.696,27"
"19315";"COT HASTES FLEX COTTONBABY PT 100UN";"800";"111,000";"1.242,09";"1.239,69"
"5187";"COTONETE JOHNSON 75UN";"800";"333,000";"3.160,17";"3.070,17"
"10941";"COUVE CHINESA UN";"800";"102,000";"1.031,98";"1.031,98"
"10942";"COUVE EST DA FIGUEIRA MACO";"800";"624,000";"2.676,96";"2.676,96"
"10944";"COUVE FLOR 200G";"800";"1.026,000";"11.101,14";"11.101,14"
"9196";"COUVE FLOR EXCELSIOR CONG 300G";"800";"19,000";"211,36";"211,36"
"10947";"COUVE MOLHO";"800";"4.441,000";"17.268,19";"17.263,97"
"10945";"COUVE MOLHO ITAQUI";"800";"1.703,000";"5.760,35";"5.760,35"
"10946";"COUVE MOLHO QUARAI";"800";"368,000";"1.305,92";"1.305,92"
"10949";"COXA FGO CONG KG";"800";"5.131,978";"45.503,13";"45.503,13"
"10951";"COXA FGO SADIA BDJ 1KG FRXB";"800";"567,000";"7.108,23";"7.108,23"
"10952";"COXA FGO SADIA CONG 1KG FRXZP";"800";"1.080,000";"13.972,20";"13.972,20"
"10953";"COXA FGO SEARA IQF 1KG";"800";"1.863,000";"24.551,78";"24.504,86"
"34750";"COXA S COXA FGO PERDIGAO DESOS 800G";"800";"107,000";"2.322,93";"2.322,93"
"10967";"COXA S COXA FGO SADIA BDJ 1KG DESOSSADA";"800";"180,000";"4.537,40";"4.537,40"
"10969";"COXA S COXA FGO SEARA CONG";"848";"2.444,000";"21.492,36";"21.492,36"
"10969";"COXA S COXA FGO SEARA CONG";"800";"64.498,682";"632.252,76";"551.707,50"
"30147";"COXA SEARA DA GRANJA IQF 1K";"800";"1,000";"16,99";"16,99"
"10956";"COXA SOBRECOXA FGO C DORSO CONG KG";"800";"27.094,862";"238.034,06";"200.699,24"
"10961";"COXA SOBRECOXA FGO CONG KG";"800";"4.529,874";"52.606,02";"52.606,02"
"10961";"COXA SOBRECOXA FGO CONG KG";"810";"15,348";"176,35";"176,35"
"10970";"COXAO DENTRO FRIBOI PORC VACUO KG";"800";"327,105";"15.192,44";"14.523,18"
"30148";"COXAO DENTRO FRIBOI PORC VACUO KG BDJ";"800";"1,874";"88,06";"88,06"
"10573";"COXAO DENTRO RESERVA KG ASSADO CAMPEST";"800";"3,538";"212,24";"212,24"
"10974";"COXAO DENTRO RESERVA KG BIFE";"800";"1.704,930";"97.710,17";"86.133,36"
"10718";"COXAO DENTRO RESERVA KG BIFE LIGHT";"800";"37,945";"2.276,68";"2.252,40"
"10727";"COXAO DENTRO RESERVA KG BIFE PARIS";"800";"21,410";"1.284,60";"1.284,60"
"10784";"COXAO DENTRO RESERVA KG BROCHETE";"800";"9,944";"596,64";"596,64"
"10922";"COXAO DENTRO RESERVA KG CORTE ESPIRAL";"800";"0,368";"22,08";"22,08"
"11145";"COXAO DENTRO RESERVA KG FLATBEEF";"800";"49,358";"2.961,48";"2.952,15"
"10984";"COXAO DENTRO RESERVA KG MOIDO";"800";"105,246";"5.958,94";"5.751,06"
"10985";"COXAO DENTRO RESERVA KG P STROGONOFF";"800";"105,208";"6.280,89";"6.280,89"
"10972";"COXAO DENTRO RESERVA KG PEDACO";"800";"459,438";"26.277,42";"25.088,86"
"12007";"COXAO DENTRO RESERVA KG STEAK MIOLO";"800";"3,038";"181,38";"181,38"
"10981";"COXAO FORA FRIBOI PORC VACUO KG";"800";"326,261";"14.536,84";"13.431,20"
"30149";"COXAO FORA FRIBOI PORC VACUO KG BDJ";"800";"10,862";"488,79";"488,79"
"10982";"COXAO FORA RESERVA KG BIFE";"800";"4.092,438";"199.340,51";"171.497,94"
"10976";"COXAO FORA RESERVA KG CUBOS";"800";"164,352";"9.039,34";"9.039,34"
"10977";"COXAO FORA RESERVA KG MOIDO";"800";"248,218";"11.291,39";"10.739,70"
"10979";"COXAO FORA RESERVA KG PEDACO";"800";"909,615";"42.725,82";"39.606,95"
"11916";"COXAO FORA RESERVA KG REDBEEF";"800";"31,366";"1.725,13";"1.721,92"
"12010";"COXAO FORA RESERVA KG STRETTO";"800";"46,332";"2.548,24";"2.548,24"
"30150";"COXINHA ASA FGO CONG KG";"800";"1.533,390";"22.125,48";"20.403,93"
"10991";"COXINHA ASA FGO LAR 1KG";"800";"13,000";"243,37";"243,37"
"10992";"COXINHA ASA FGO LAR TEMP 700G";"800";"19.345,000";"208.029,85";"180.025,68"
"10993";"COXINHA ASA FGO MAIS FGO IQF 1KG";"800";"938,000";"15.060,50";"15.060,50"
"30152";"COXINHA ASA FGO PERDIGAO MOSTARD 800G";"800";"1,000";"16,49";"16,49"
"10994";"COXINHA ASA FGO SADIA IQF DRMT";"800";"739,000";"12.477,11";"12.477,11"
"10996";"COXINHA ASA FGO SEARA 1KG";"800";"1.570,000";"21.584,30";"21.032,50"
"10997";"COXINHA ASA FGO SEARA IQF 1KG";"800";"1.647,000";"25.277,13";"25.272,33"
"11000";"COXINHA FGO SPECIATTA GDE";"800";"186,922";"12.763,69";"11.784,45"
"16631";"CP ANIV FORFEST C 50 200ML VERDE CLARO";"800";"3,000";"17,97";"17,97"
"16625";"CP ANIV FORFEST C/50 200ML AZUL NEON";"800";"1,000";"5,85";"5,85"
"16626";"CP ANIV FORFEST C/50 200ML LAR NEON";"800";"10,000";"58,50";"58,50"
"16627";"CP ANIV FORFEST C/50 200ML LILAS";"800";"12,000";"71,88";"71,88"
"16628";"CP ANIV FORFEST C/50 200ML ROSA";"800";"65,000";"389,35";"389,35"
"16629";"CP ANIV FORFEST C/50 200ML ROSA NEON";"800";"17,000";"99,45";"99,45"
"16630";"CP ANIV FORFEST C/50 200ML ROXO NEON";"800";"13,000";"76,05";"76,05"
"16632";"CP ANIV FORFEST C/50 200ML VERDE NEON";"800";"2,000";"11,70";"11,70"
"16633";"CP ANIV FORFEST C/50 200ML VERM";"800";"33,000";"197,67";"197,67"
"16634";"CP BLUEY 320ML";"800";"1,000";"6,99";"6,99"
"16656";"CP C CAN PLAST COLORS 4UN";"800";"12,000";"107,88";"107,88"
"16637";"CP C/ALCA BICO NUBY 240ML 10052 AZUL";"800";"1,000";"39,99";"39,99"
"16639";"CP C/ALCA BICO NUBY 240ML 10052 ROSA";"800";"2,000";"79,98";"79,98"
"16650";"CP C/CAN BRAST FOOD MAE OBRIGADA";"800";"1,000";"24,38";"24,38"
"16669";"CP COFFEE 320ML PLASUTIL";"800";"4,000";"27,96";"27,96"
"16678";"CP CPMAIS 500ML";"800";"10,000";"119,90";"119,90"
"16688";"CP DEC STITCH 280ML REF15832";"800";"17,000";"101,83";"101,83"
"16689";"CP DESC DUDIGO 180ML C 100 TRANSP";"800";"716,000";"4.503,64";"4.503,64"
"16690";"CP DESC DUDIGO 200ML C 100 TRANSP";"800";"912,000";"6.374,88";"6.372,88"
"16691";"CP DESC DUDIGO 300ML C 100 TRANSP";"800";"252,000";"2.517,48";"2.517,48"
"16692";"CP DESC DUDIGO 400ML 50UN TRANSP";"800";"78,000";"857,22";"852,13"
"16693";"CP DESC DUDIGO 500ML C 50 TRANSP";"800";"52,000";"675,48";"675,48"
"16694";"CP DESC DUDIGO 50ML C 100 BCO";"800";"301,000";"1.200,99";"1.200,99"
"16696";"CP DESC DUDIGO 80ML C 100  TRANSP";"800";"56,000";"279,44";"279,44"
"16695";"CP DESC DUDIGO 80ML C 100 BCO";"800";"40,000";"239,60";"239,60"
"16699";"CP DOSE C 2  INTER";"800";"1,000";"26,99";"26,99"
"16709";"CP ISOPOR DARNEL EPS08OZ 237ML C/20";"800";"7,000";"62,93";"62,93"
"16711";"CP ISOPOR DARNEL EPS5OZ 147 ML C 20";"800";"6,000";"24,05";"24,05"
"16719";"CP LOLLY ANTIVAZ C ALCA 250ML ROSA";"800";"2,000";"104,58";"104,58"
"16720";"CP LOLLY CLEAN C BICO SIL 150ML AZ";"800";"2,000";"86,49";"86,49"
"16724";"CP MEDIDOR PLAST 500ML";"800";"43,000";"414,57";"414,57"
"16731";"CP PAPEL ANIV REGINA 180ML OS INCR C/8";"800";"1,000";"13,89";"13,89"
"16755";"CP PLASUTIL 320ML CAPIVARA";"800";"4,000";"23,96";"23,96"
"16759";"CP PLASUTIL 320ML FLORAL R.4466";"800";"1,000";"5,99";"5,99"
"16760";"CP PLASUTIL 320ML FROZEN";"800";"1,000";"5,99";"5,99"
"16761";"CP PLASUTIL 320ML HOMEM ARANHA";"800";"2,000";"11,98";"11,98"
"16765";"CP PLASUTIL 320ML MICKEY";"800";"4,000";"23,96";"23,96"
"16768";"CP PLASUTIL 320ML PRINCESS";"800";"1,000";"5,99";"5,99"
"16771";"CP PLASUTIL 500ML DIVERT";"800";"1,000";"13,99";"13,99"
"16785";"CP STAR WARS C/CAN 500ML";"800";"1,000";"14,36";"14,36"
"16792";"CP VIDRO ACQUA AVULSO TRANSP. 315ML";"800";"2,000";"21,98";"21,98"
"16793";"CP VIDRO ALTO C/TEXTURA 220ML";"800";"45,000";"269,55";"269,55"
"16795";"CP VIDRO BICO ABACAXI 270ML";"800";"23,000";"229,77";"229,77"
"16798";"CP VIDRO CLASSIC 410ML";"800";"1,000";"6,99";"6,99"
"16799";"CP VIDRO DIAM 370ML";"800";"5,000";"49,95";"49,95"
"16801";"CP VIDRO FLORECENTE AVULSO DECOR 365ML";"800";"1,000";"10,99";"10,99"
"16804";"CP VIDRO LISO 330ML T1221";"800";"71,000";"567,29";"567,29"
"16805";"CP VIDRO MAGIC AVULSO DECORADO 310ML";"800";"4,000";"39,96";"39,96"
"16807";"CP VIDRO SHOT CAVEIRA 50ML";"800";"25,000";"174,75";"174,75"
"16808";"CP VIDRO SODA LIME 320ML";"800";"66,000";"329,34";"329,34"
"16809";"CP VIDRO SODA LIME 50ML-T106";"800";"1,000";"2,99";"2,99"
"16814";"CP VIDRO VEGAS ROCKS 290ML";"800";"6,000";"29,94";"29,94"
"16815";"CP VIDRO VIT 350ML";"800";"10,000";"59,90";"59,90"
"37879";"CR CAB NIELY GOLD 80G QUERATINA";"800";"1,000";"22,99";"22,99"
"16908";"CR COTTONBABY 45G PREV ASSADURAS";"800";"24,000";"364,56";"364,56"
"5192";"CR DEN COLGATE 140G NAT EXTR CARVAO ATIVADO";"800";"125,000";"2.227,11";"2.227,11"
"5197";"CR DEN COLGATE 180G TRI ACAO MENTA";"800";"5.102,000";"52.165,98";"47.261,58"
"5203";"CR DEN COLGATE 70G LUMIN WHITE GLOW";"800";"45,000";"1.181,93";"1.181,93"
"5216";"CR DEN COLGATE 90G CARVAO ATIVADO";"800";"277,000";"3.715,54";"3.715,54"
"5219";"CR DEN COLGATE 90G EXTR CITR EUCAL ";"800";"2,000";"25,58";"25,58"
"5220";"CR DEN COLGATE 90G MPA";"800";"5.214,000";"27.796,86";"23.530,06"
"5217";"CR DEN COLGATE 90G NAT EXT CARVAO";"800";"1.382,000";"14.038,14";"14.038,14"
"16841";"CR DEN COLGATE 90G SENS PRO ALIVIO";"800";"2,000";"43,98";"43,98"
"5229";"CR DEN COLGATE L180 P140 TRI MENTA";"800";"3.296,000";"37.635,79";"33.942,19"
"5191";"CR DEN COLGATE LUMIN WHITE 140G CARVAO ATIVADO";"800";"116,000";"1.914,27";"1.914,27"
"5204";"CR DEN COLGATE LUMIN WHITE 70G BRILLIANT MINT";"800";"279,000";"3.361,99";"3.361,99"
"5206";"CR DEN COLGATE LUMIN WHITE 70G CARVAO ATIVADO";"800";"361,000";"4.252,59";"4.252,59"
"5196";"CR DEN COLGATE MPA 180G";"800";"5.669,000";"44.728,41";"42.179,61"
"16842";"CR DEN COLGATE SENS XTREME 140G";"800";"184,000";"4.488,41";"4.488,41"
"16848";"CR DEN COLGATE T 12 180G GENG REFOR";"800";"83,000";"1.838,54";"1.838,54"
"16844";"CR DEN COLGATE T ACAO XTRA 120G WHITE";"800";"1.476,000";"13.269,24";"13.269,24"
"5215";"CR DEN COLGATE T ACAO XTRA 70G WHITE";"800";"513,000";"2.891,67";"2.891,67"
"16846";"CR DEN COLGATE TT12 180G ANTI TARTARO";"800";"61,000";"1.342,51";"1.342,51"
"33779";"CR DEN COLGATE TT12 180G ORIG MINT";"800";"265,000";"5.774,35";"5.774,35"
"5222";"CR DEN COLGATE TT12 90G ADVAN FRESH";"800";"246,000";"3.628,16";"3.628,16"
"5223";"CR DEN COLGATE TT12 90G WHITENING";"800";"483,000";"6.585,89";"6.585,89"
"16853";"CR DEN COLGATE WHITENING 180G";"800";"143,000";"3.115,97";"3.115,97"
"5235";"CR DEN ORAL B 70G 3D WHIT BRI FRESH";"800";"10,000";"79,90";"79,90"
"5241";"CR DEN SENSODYNE 90G EXTRA FRE BRANQ EXTRA FRE";"800";"157,000";"2.568,43";"2.568,43"
"5239";"CR DEN SENSODYNE 90G LIMPEZA PROFUND";"800";"73,000";"1.459,27";"1.459,27"
"5243";"CR DEN SENSODYNE 90G RAPIDO ALIVIO";"800";"159,000";"2.701,41";"2.701,41"
"16874";"CR DEN SORRISO 120G TRIPLA LIMPEZA COMPLETA";"800";"811,000";"5.020,09";"5.019,39"
"5273";"CR DEN SORRISO 180G";"800";"121,000";"855,23";"855,23"
"5244";"CR DEN SORRISO 70G TRIPLA LIMPEZA COMPLETA";"800";"1.868,000";"7.266,52";"7.266,32"
"5246";"CR DEN SORRISO 90G CARVAO ATIVADO";"800";"399,000";"3.513,77";"3.513,77"
"5249";"CR DENT CLOSE UP 70G PROT BIOATIVA";"800";"894,000";"3.322,66";"3.310,16"
"5250";"CR DENT CLOSE UP 70G TRIPLE HORTELA";"800";"5.234,000";"17.521,26";"11.501,56"
"5251";"CR DENT CLOSE UP 70G TRIPLE MENTA";"800";"313,000";"1.114,07";"768,09"
"5252";"CR DENT CLOSE UP 70G TRIPLE MENTA AMER";"800";"4.514,000";"15.443,56";"10.377,73"
"16827";"CR DENT COLGATE 180G CARVAO";"800";"286,000";"6.231,94";"6.231,94"
"16830";"CR DENT COLGATE MPA 120G";"800";"3.353,000";"23.827,97";"23.827,97"
"34568";"CR DENT COLGATE NATURALS 90G BIC E HORTELA";"800";"32,000";"470,08";"470,08"
"5225";"CR DENT COLGATE T ACAO 90G HORTELA";"800";"2.402,000";"12.600,54";"12.599,54"
"5226";"CR DENT COLGATE T ACAO 90G ORIG";"800";"3.834,000";"19.131,66";"19.014,46"
"5238";"CR DENT SENSODYNE 50G BRA EXT FRESH";"800";"44,000";"492,36";"492,36"
"5242";"CR DENT SENSODYNE 90G PROTECAO COMP";"800";"88,000";"1.495,12";"1.495,12"
"16864";"CR DENT SENSODYNE SENS ESM 100G";"800";"37,000";"1.013,43";"1.013,43"
"16865";"CR DENT SENSODYNE SENS GENGIVAS 100G";"800";"49,000";"1.342,11";"1.342,11"
"16870";"CR DENT SORRISO 120G DENTES BCOS";"800";"1.049,000";"5.543,41";"5.543,41"
"16866";"CR DENT SORRISO 2 EM 1 120G";"800";"173,000";"1.729,27";"1.729,27"
"5247";"CR DENT SORRISO 90G DENTES BCOS";"800";"209,000";"1.068,35";"1.068,35"
"34301";"CR DENT SORRISO 90G KOLYNOS";"800";"141,000";"989,49";"989,49"
"5253";"CR DENTAL CLOSE UP 100G LIQUIFRESH ICE";"800";"270,000";"2.048,00";"2.005,80"
"5254";"CR DENTAL CLOSE UP 100G LIQUIFRESH RED HOT";"800";"219,000";"1.657,71";"1.650,21"
"5258";"CR DENTAL CLOSE UP 85G CARVAO ADIV";"800";"38,000";"277,02";"277,02"
"5259";"CR DENTAL CLOSE UP 85G MULTIVITAM FRESH";"800";"17,000";"122,23";"122,23"
"5260";"CR DENTAL ORAL B 102G DETOX ANTITAR";"800";"6,000";"171,54";"171,54"
"5269";"CR DENTAL ORAL B 123 70G";"800";"17.850,000";"51.744,50";"47.437,54"
"7243";"CR DENTAL ORAL B 175G 100";"800";"22,000";"393,58";"393,58"
"37116";"CR DENTAL ORAL B 3D WHITE 140G";"800";"13,000";"194,87";"194,87"
"5265";"CR DENTAL ORAL B 50G KIDS";"800";"7,000";"64,75";"64,75"
"5263";"CR DENTAL ORAL B 50G KIDS MICKEY";"800";"200,000";"1.997,76";"1.997,76"
"5267";"CR DENTAL ORAL B 70G 4 EM 1";"800";"322,000";"1.627,58";"1.627,58"
"5271";"CR DENTAL ORAL B 70G EXTRA BRANCO";"800";"222,000";"1.116,88";"1.116,88"
"5272";"CR DENTAL ORAL B 70G EXTRA FRESH";"800";"244,000";"1.381,36";"1.378,66"
"37119";"CR DENTAL ORAL B EXTRA BCO 180GR";"800";"10,000";"92,90";"92,90"
"9207";"CR DENTAL SENSODYNE RAP ALIVIO 50G";"800";"137,000";"1.605,50";"1.605,50"
"5275";"CR DENTAL TANDY 50G MORANGO";"800";"136,000";"1.532,38";"1.532,38"
"5276";"CR DENTAL TANDY 50G TUTTI FRUTI";"800";"88,000";"982,93";"982,93"
"5277";"CR DENTAL TANDY 50G UVA";"800";"77,000";"858,98";"858,98"
"16877";"CR DI HELLEN HIDRATANTE FACIAL 50G";"800";"17,000";"285,43";"285,43"
"9215";"CR DIHELLEN 100G COLAGENO E ELASTINA";"800";"57,000";"1.139,43";"1.139,43"
"9218";"CR HID VEG AQUAGEL CLOY 200ML";"800";"2,000";"32,98";"32,98"
"16878";"CR HIDRAT DIHELLEN MAOS E PES 100G";"800";"40,000";"799,60";"799,60"
"16887";"CR LEITE TP PIRACANJUBA 200G";"800";"357,000";"1.031,89";"1.031,89"
"9219";"CR MASSAGEM DAGUA ALGAS CENT650G";"800";"4,000";"244,69";"244,69"
"16893";"CR MASSAGEM DAGUA NAT 350G NEUTRO";"800";"1,000";"32,59";"32,59"
"16894";"CR MASSAGEM DAGUA NAT 350PEROLAS";"800";"1,000";"37,99";"37,99"
"9220";"CR MASSAGEM DAGUA PIMENTA NEGRA650G";"800";"7,000";"533,64";"533,64"
"16897";"CR MASSAGEM HIDRAMAIS 500G NEUTRO";"800";"1,000";"42,99";"42,99"
"16903";"CR NIVEA LT 56G";"800";"3,000";"82,50";"82,50"
"37880";"CR P PENT NIELY GOLD 250G RECONS";"800";"2,000";"31,78";"31,78"
"16914";"CR P PENT NIELY H AGUA COCO 250G";"800";"14,000";"214,41";"214,41"
"5283";"CR PENT ELSEVE 250ML CACHOS DOS SONH";"800";"20,000";"499,00";"499,00"
"5284";"CR PENT ELSEVE 250ML GLYCOLIC GLOSS";"800";"25,000";"674,75";"674,75"
"5285";"CR PENT ELSEVE 250ML HIALURONICO";"800";"6,000";"164,96";"164,96"
"5287";"CR PENT ELSEVE 250ML LISO SONHOS E";"800";"13,000";"340,87";"340,87"
"5288";"CR PENT ELSEVE 250ML LONGO DOS SONHO";"800";"6,000";"167,98";"167,98"
"36185";"CR PENT ELSEVE COLLAGEN 250ML";"800";"2,000";"57,98";"57,98"
"5291";"CR PENT MONANGE 300ML CACHOS QUE TAL";"800";"6,000";"69,54";"69,54"
"5292";"CR PENT MONANGE 300ML HIDRATA C PODER";"800";"16,000";"191,81";"191,81"
"5293";"CR PENT MONANGE 300ML LISOS TE QUERO";"800";"29,000";"345,21";"345,21"
"5294";"CR PENT MONANGE 300ML QUIMICA S DRAMA";"800";"25,000";"290,66";"290,66"
"5295";"CR PENT PANTENE 240G BAMBU";"800";"29,000";"562,54";"562,54"
"5296";"CR PENT PANTENE 240G BIOTINAMINA";"800";"29,000";"567,09";"567,09"
"5297";"CR PENT PANTENE 240G HIDRATACAO";"800";"30,000";"586,08";"586,08"
"5301";"CR PENT SEDA 300ML BABOSA OLEOS";"800";"48,000";"559,62";"548,08"
"5302";"CR PENT SEDA 300ML CACH DEFINIDOS";"800";"265,000";"3.124,23";"3.060,45"
"5303";"CR PENT SEDA 300ML COLAGENO E VIT";"800";"134,000";"1.559,91";"1.519,78"
"5304";"CR PENT SEDA 300ML HIDRAT ANTI NOS";"800";"2,000";"22,98";"22,98"
"5305";"CR PENT SEDA 300ML JUNTINHOS CACHOS";"800";"89,000";"989,74";"988,21"
"5306";"CR PENT SEDA 300ML JUNTINHOS CRESPOS";"800";"1,000";"10,89";"10,89"
"5307";"CR PENT SEDA 300ML JUNTINHOS TODOS OS TIPOS";"800";"67,000";"744,06";"740,49"
"5308";"CR PENT SEDA 300ML LISO PERFEITO";"800";"132,000";"1.576,31";"1.529,56"
"5309";"CR PENT SEDA 300ML LUMINOUS UV";"800";"64,000";"766,61";"757,70"
"5313";"CR PENT SEDA 300ML PRETO LUMINOSO";"800";"118,000";"1.402,30";"1.370,14"
"5314";"CR PENT SEDA 300ML SOS CERAMIDAS";"800";"251,000";"2.949,19";"2.889,97"
"5316";"CR PENT SEDA 350ML BOOM DEFINICAO FLEXI";"800";"88,000";"1.086,06";"1.086,06"
"5317";"CR PENT SEDA 350ML BOOM DEFINICAO INTEN";"800";"121,000";"1.485,37";"1.485,37"
"5319";"CR PENT SEDA 350ML BOOM VOLUME MAXIMO";"800";"31,000";"380,79";"380,79"
"5327";"CR PENT VINI LADY 290G BRILHO INTENSO";"800";"26,000";"289,28";"289,28"
"5328";"CR PENT VINI LADY 290G COCO";"800";"42,000";"465,17";"465,17"
"5329";"CR PENT VINI LADY 290G LISO INTENSO";"800";"40,000";"447,42";"447,42"
"5331";"CR PENT VINI LADY 290G REPARA TOTAL";"800";"39,000";"433,49";"433,49"
"16930";"CR TRAT CAPILAR HEDERA BABOSA 960G";"800";"74,000";"1.027,86";"1.027,86"
"36186";"CR TRAT ELSEVE COLLAGEN 300G";"800";"10,000";"522,90";"522,90"
"16935";"CR TRAT HEDERA 960G CERAMIDAS";"800";"50,000";"694,50";"694,50"
"16936";"CR TRAT HEDERA 960G LISS PERFEITO";"800";"158,000";"2.194,62";"2.194,62"
"16937";"CR TRAT HEDERA 960G OLEO D ARGAN";"800";"77,000";"1.069,53";"1.069,53"
"16939";"CR TRAT HEDERA SH 960G BABOSA";"800";"64,000";"702,63";"702,63"
"16940";"CR TRAT HEDERA SH 960G BOMBA";"800";"55,000";"599,13";"599,13"
"16941";"CR TRAT HEDERA SH 960G CER.";"800";"53,000";"583,23";"583,23"
"16942";"CR TRAT HEDERA SH 960G LIS PERF";"800";"56,000";"613,47";"613,47"
"16947";"CR TRAT PANTENE 270ML HIDRATACAO";"800";"46,000";"1.423,19";"1.423,19"
"5338";"CR TRAT PENTEAR VINI LADY 900G ABACATE E TAMAR";"800";"35,000";"545,79";"545,79"
"5339";"CR TRAT PENTEAR VINI LADY 900G BRILHO INTENSO";"800";"46,000";"716,72";"716,72"
"5340";"CR TRAT PENTEAR VINI LADY 900G COCO";"800";"49,000";"776,79";"776,79"
"5341";"CR TRAT PENTEAR VINI LADY 900G FORCA TOT";"800";"3,000";"47,99";"47,99"
"5343";"CR TRAT PENTEAR VINI LADY 900G LISO INTENSO";"800";"44,000";"680,70";"680,70"
"5346";"CR TRAT PENTEAR VINI LADY 900G PRETO ABSOLUTO";"800";"59,000";"925,18";"925,18"
"5347";"CR TRAT PENTEAR VINI LADY 900G REPARACAO TOTAL";"800";"29,000";"446,79";"446,79"
"9229";"CR TRAT VINI LADY SC 700G BRILHO INTENSO";"800";"40,000";"437,78";"437,78"
"9231";"CR TRAT VINI LADY SC 700G COCO NUTRICAO";"800";"82,000";"895,53";"895,53"
"9232";"CR TRAT VINI LADY SC 700G HIDRAT INTENSA";"800";"33,000";"356,27";"356,27"
"9233";"CR TRAT VINI LADY SC 700G LISO INTENSO";"800";"87,000";"946,97";"946,97"
"9234";"CR TRAT VINI LADY SC 700G ONDAS E CACHOS";"800";"53,000";"582,23";"582,23"
"9236";"CR TRAT VINI LADY SC 700G REPARACAO TOTAL";"800";"69,000";"749,06";"749,06"
"5353";"CREAM CHEESE PRESIDENT 150G LIGHT";"800";"149,000";"1.886,61";"1.886,61"
"5352";"CREAM CHEESE PRESIDENT 150G TRAD";"800";"117,000";"1.472,63";"1.472,63"
"16952";"CREAMY BATAVO 180G CHOC";"800";"268,000";"1.489,52";"1.489,52"
"16953";"CREAMY BATAVO 180G CHOC BCO";"800";"88,000";"518,82";"518,82"
"33927";"CREATINA SHARK PRO 150G MONOHIDRAT NATU";"800";"4,000";"279,60";"279,60"
"5355";"CREME BARBA BOZZANO 65G ALOE VERA";"800";"24,000";"317,90";"317,90"
"5356";"CREME BARBA BOZZANO 65G MENTOLADO";"800";"15,000";"195,79";"195,79"
"5357";"CREME BARBA BOZZANO 65G PELE SENS";"800";"10,000";"129,51";"129,51"
"3427";"CREME CEBOLA APTI 68G";"800";"70,000";"412,30";"412,30"
"3428";"CREME CEBOLA MAGGI 68G";"800";"118,000";"969,82";"969,82"
"3429";"CREME CEBOLA YOKI 65G";"800";"55,000";"659,45";"659,45"
"3411";"CREME CULINARIO DAUS TP 200G";"800";"46.263,000";"90.628,47";"80.014,95"
"3411";"CREME CULINARIO DAUS TP 200G";"810";"4,000";"6,76";"6,76"
"33778";"CREME DEN COLGATE 90G ORIG MINT";"800";"350,000";"5.211,50";"5.211,50"
"33895";"CREME DENT CLOSE UP 100G CARVAO ATIVADO";"800";"49,000";"363,58";"363,58"
"33894";"CREME DENT CLOSE UP 128G CARVAO ATIVADO";"800";"111,000";"964,29";"964,29"
"36397";"CREME DENT COLGATE LUM COLOR 70G";"800";"309,000";"4.013,91";"4.013,91"
"5364";"CREME HIDR CLOY 200G CORPORAL VITAMINA A";"800";"4,000";"57,16";"57,16"
"5365";"CREME HIDR CLOY 200G CORPORAL VITAMINA B";"800";"3,000";"42,87";"42,87"
"5366";"CREME HIDR CLOY 200G CORPORAL VITAMINA C";"800";"5,000";"71,45";"71,45"
"34564";"CREME JOAO E MARIA 40G P ASSADURA";"800";"61,000";"792,39";"792,39"
"3413";"CREME LEITE ELEGE TP 200G LEVISSIMO";"800";"1.825,000";"5.821,75";"5.821,75"
"3415";"CREME LEITE ITALAC TP 200G";"800";"12.984,000";"37.163,93";"37.126,39"
"3416";"CREME LEITE ITALAC TP 200G ZERO LACTOSE";"800";"422,000";"1.442,26";"1.442,26"
"3412";"CREME LEITE NESTLE LT 300G";"800";"92,000";"1.093,88";"1.090,98"
"3419";"CREME LEITE NESTLE TP 200G";"800";"1.647,000";"8.205,03";"8.205,03"
"3423";"CREME LEITE NESTLE TP ZR LACT 200G ZERO LACTOSE";"800";"147,000";"880,53";"854,53"
"37863";"CREME LEITE TP DAUS 200G";"800";"11.840,000";"32.657,60";"30.589,58"
"37862";"CREME LEITE TP DAUS ZERO LACTOSE";"800";"417,000";"1.663,83";"1.661,83"
"5367";"CREME MASSAGEM DAGUA 650G NEUTRO";"800";"21,000";"1.241,70";"1.241,70"
"32712";"CREME NEILAR CEBOLA 60G ";"800";"176,000";"772,64";"772,64"
"2655";"CREME NUTELLA FERRERO 140G";"800";"383,000";"6.534,47";"6.534,47"
"2721";"CREME NUTELLA FERRERO 350G AVELA C CACAU";"800";"928,000";"25.090,20";"23.688,20"
"35581";"CREME P PENT SEDA 300ML TOQUE DE SEDA";"800";"112,000";"1.327,28";"1.326,78"
"5368";"CREME PANTENE 170G 3 MINUTOS HIDRATACAO";"800";"17,000";"527,81";"527,81"
"5370";"CREME PANTENE 170G 3 MINUTOS NUT UMECTANTE";"800";"14,000";"438,55";"438,55"
"5371";"CREME PANTENE 170G 3 MINUTOS RESTAURACAO";"800";"13,000";"408,26";"408,26"
"33959";"CREME PENT SEDA 1KG DEFINICAO FLEX";"800";"11,000";"318,12";"318,12"
"5394";"CREME PENT SEDA 1KG SUPER HIDRAT";"800";"24,000";"751,31";"751,31"
"5372";"CREME PREV HIPOGLOS 40G AMENDOAS";"800";"1,000";"30,50";"30,50"
"3426";"CREME QUEIJO APTI 68G";"800";"48,000";"249,12";"249,12"
"33362";"CREME REP DOVE LEAVE IN BOND 50ML";"800";"8,000";"167,92";"167,92"
"5375";"CREME RICOTA PRESIDENT 200G LIGHT";"800";"229,000";"2.262,11";"2.262,11"
"5378";"CREME RICOTA PRESIDENT 200G TRAD";"800";"156,000";"1.539,84";"1.539,84"
"5376";"CREME RICOTA SANTA CLARA 200G C ERVAS";"800";"36,000";"460,44";"460,44"
"5377";"CREME RICOTA SANTA CLARA 200G TRADICIONAL";"800";"29,000";"370,91";"370,91"
"5383";"CREME TRAT ELSEVE 300G GLYCOLIC GLOSS";"800";"11,000";"472,89";"472,89"
"5384";"CREME TRAT ELSEVE 300G HIALURONICO";"800";"5,000";"214,95";"214,95"
"5382";"CREME TRAT ELSEVE 300G LONGO DOS SONHO";"800";"5,000";"214,95";"214,95"
"5389";"CREME TRAT ELSEVE 300G RT5 REPARACAO";"800";"5,000";"214,95";"214,95"
"5393";"CREME TRAT PANTENE 550ML COLAGENO";"800";"35,000";"1.772,38";"1.772,38"
"34847";"CREME TRATAMENTO ELSEVE 300G LISO SONHOS";"800";"13,000";"558,87";"558,87"
"5395";"CREME VINI LADY 100G MAOS UNHA";"800";"18,000";"367,10";"367,10"
"5396";"CREME VINI LADY 100G RESSECADO";"800";"33,000";"705,87";"705,87"
"16954";"CREMOGEMA TRAD 180G";"800";"6,000";"67,74";"67,74"
"16958";"CREOLINA VD 50ML";"800";"4,000";"79,60";"79,60"
"11004";"CROISSANT DOCE MARQUESPAN KG";"800";"1,014";"60,52";"60,52"
"11007";"CROQUETE BATATA CARNE SPECIATTA";"800";"116,968";"6.541,20";"5.179,37"
"11009";"CROQUETE CARNE REQ SPECIATTA GDE";"800";"62,706";"4.389,42";"4.389,42"
"16960";"CRUZWALDINA 500ML";"800";"5,000";"199,50";"199,50"
"9245";"CS FORMA PAPEL BRANCA N 3 ";"800";"5,000";"14,95";"14,95"
"11016";"CUCA GOIABADA MARQUESPAN";"800";"106,440";"4.781,82";"4.729,02"
"11013";"CUCA MARQUESPAN DOCE LEITE KG";"800";"108,916";"4.889,91";"4.844,85"
"11018";"CUCA MARQUESPAN TRAD BAUN KG";"800";"99,583";"4.478,00";"4.469,14"
"16961";"CUCA TCHE PAO COLONIAL 450G";"800";"141,000";"1.521,39";"1.521,39"
"16964";"CUECA BOXER AZUL M";"800";"1,000";"19,99";"19,99"
"16968";"CUECA BOXER BCA M";"800";"1,000";"19,99";"19,99"
"16970";"CUECA BOXER CINZA G";"800";"1,000";"19,99";"19,99"
"16971";"CUECA BOXER CINZA GG";"800";"3,000";"59,97";"59,97"
"16973";"CUECA BOXER CINZA P";"800";"6,000";"119,94";"119,94"
"16974";"CUECA BOXER PTA G";"800";"3,000";"59,97";"59,97"
"16975";"CUECA BOXER PTA GG";"800";"4,000";"79,96";"79,96"
"16976";"CUECA BOXER PTA M";"800";"1,000";"19,99";"19,99"
"16977";"CUECA BOXER PTA P";"800";"3,000";"59,97";"59,97"
"16986";"CUECA BOXER S COSTURA  G";"800";"4,000";"79,96";"79,96"
"16987";"CUECA BOXER S COSTURA  GG";"800";"4,000";"79,96";"79,96"
"16989";"CUECA BOXER S COSTURA  P";"800";"2,000";"39,98";"39,98"
"17006";"CUIA MARTELADINHA";"800";"87,000";"2.596,13";"2.596,13"
"17007";"CUIA NUTRIPLAN C/PTO CERAM N1";"800";"1,000";"12,99";"12,99"
"17010";"CUIA PE METAL LASER";"800";"60,000";"2.087,17";"2.087,17"
"36308";"CUIA PERSONALIZADA BAKLIZI";"800";"1,000";"19,99";"19,99"
"17011";"CUIA PINTADA C/GRAVACAO LASER";"800";"4,000";"131,96";"131,96"
"17012";"CUIA PINTADA S/TAPA ERVA";"800";"7,000";"160,93";"160,93"
"17014";"CUIA SOU DO SUL S TAPA ERVA";"800";"59,000";"1.474,41";"1.462,41"
"17016";"CUIA TRABALHADA C MEDALHA";"800";"50,000";"1.995,00";"1.995,00"
"5405";"CURATIVO BAND AID 40UN TRANS";"800";"53,000";"1.070,07";"1.070,07"
"17025";"CURATIVO COTTONBABY 10UN TRAD";"800";"93,000";"352,47";"352,47"
"17026";"CURATIVO COTTONBABY 35UN TRAD";"800";"124,000";"1.201,56";"1.201,56"
"17034";"CX C 1 INTERRUPTOR TRAM SIMPLES";"800";"3,000";"37,77";"37,77"
"17035";"CX C/1 TOMADA TRAM 2P+T 10A/250V";"800";"1,000";"12,99";"12,99"
"17052";"CX P DOCE BOX SUL G C 5";"800";"1,000";"12,99";"12,99"
"17070";"CX TERMICA MOR 12L AZL";"800";"11,000";"692,89";"692,89"
"17071";"CX TERMICA MOR 12L PTA";"800";"5,000";"314,95";"314,95"
"17072";"CX TERMICA MOR 12L VRM";"800";"9,000";"566,91";"566,91"
"4523";"CX TERMICA MOR 26L CZA E PTO";"800";"1,000";"94,99";"94,99"
"8952";"CX TERMICA MOR 34L AZUL";"800";"3,000";"344,97";"344,97"
"17073";"CX TERMICA MOR 34L PTA";"800";"6,000";"689,94";"689,94"
"17081";"CX TERMICA TROPICAL 5L AZUL";"800";"4,000";"183,96";"183,96"
"17083";"CX TERMICA TROPICAL 5L VERM";"800";"6,000";"275,94";"275,94"
"11023";"DAMASCO UNIAGRO KG";"800";"16,972";"2.761,73";"2.761,73"
"35104";"DENTAL CASE DEC ANGEL";"800";"3,000";"29,97";"29,97"
"17090";"DENTAL CASE FUN ADUL";"800";"2,000";"19,98";"19,98"
"17091";"DENTAL CASE MICKEY";"800";"3,000";"41,97";"41,97"
"37618";"DENTAL CASE PLASUTIL DEC MENINO";"800";"1,000";"7,99";"7,99"
"17094";"DEO COLONIA GENIAL PET 110ML BABY";"800";"3,000";"59,70";"59,70"
"17097";"DEO COLONIA GENIAL PET 110ML MACHOS";"800";"2,000";"33,98";"33,98"
"9260";"DES AERO MONANGE 150ML DETOX FRESH";"800";"64,000";"812,16";"812,16"
"4463";"DES SANIT CX AC HARPIC DESC 50 PCT LAVANDA 02UN";"800";"5,000";"154,95";"154,95"
"17098";"DES SANIT CX AC HARPIC FRESH 6 LAVANDA 02 UN";"800";"2,000";"89,38";"89,38"
"9269";"DES SANIT GOTA LIMPA CX ACOP 50G MARINE";"800";"60,000";"593,40";"593,40"
"9270";"DES SANIT GOTA LIMPA CX ACOP 50G PINHO";"800";"92,000";"909,88";"909,88"
"17106";"DES SANIT HIGISOL FRESH BLIST FL UND";"800";"15,000";"144,40";"144,40"
"17107";"DES SANIT HIGISOL GEL ADES CITRICO";"800";"60,000";"973,00";"973,00"
"17108";"DES SANIT HIGISOLPAST AD LAV 9G C 4 PROM";"800";"4,000";"43,96";"43,96"
"34593";"DES SANIT PATO C6 PASTILHA ADES";"800";"31,000";"495,69";"495,69"
"17109";"DES SANIT PATO GEL ADES 38G MARINE MP";"800";"25,000";"374,75";"374,75"
"17110";"DES SANIT PATO GEL ADES C 2 FRU";"800";"10,000";"276,90";"276,90"
"17111";"DES SANIT PATO GEL ADES C 6 AP BLUE";"800";"13,000";"372,97";"372,97"
"17112";"DES SANIT PATO GEL ADES C 6 FLORES";"800";"8,000";"155,92";"155,92"
"17114";"DES SANIT PATO GEL ADES C 6 RF BLUE";"800";"16,000";"319,84";"319,84"
"9271";"DES SANIT PATO GEL ADES PROM RF 38G CITRUS";"800";"36,000";"539,64";"539,64"
"9272";"DES SANIT PATO GEL ADES PROM RF 38G LAVANDA";"800";"82,000";"1.229,18";"1.229,18"
"17118";"DES SANIT PATO PASTILHA C 3  TROPICAL 20%";"800";"29,000";"286,81";"286,81"
"17116";"DES SANIT PATO PASTILHA C 3 FLORES";"800";"20,000";"259,80";"255,80"
"17117";"DES SANIT PATO PASTILHA C 3 FRU";"800";"20,000";"285,80";"275,20"
"17123";"DES SANIT SANILUX C 3 30G";"800";"40,000";"538,80";"538,80"
"17121";"DES SANIT SANILUX C 3 30G LAVANDA";"800";"32,000";"428,48";"428,48"
"17122";"DES SANIT SANILUX C 3 30G MARINE";"800";"15,000";"202,85";"202,85"
"17125";"DESCANSO P/PANELA 15X15CM";"800";"1,000";"6,99";"6,99"
"17139";"DESCASCADOR LEG FRU INOX VERM ";"800";"1,000";"5,99";"5,99"
"17142";"DESCOLORANTE CARE LISS 20G CAMOMILA";"800";"2,000";"15,98";"15,98"
"9276";"DESENG AQUAFAST COZINHA 500ML LIMAO";"800";"115,000";"837,41";"837,41"
"5413";"DESENG CIF 450ML DOYP";"800";"54,000";"866,00";"866,00"
"5414";"DESENG CIF 500ML DERRETE GORDURA";"800";"26,000";"649,74";"649,74"
"5415";"DESENG CIF 500ML GATILHO 35 DESC";"800";"3,000";"53,70";"53,70"
"5416";"DESENG CIF 500ML GATILHO ULT RAP";"800";"20,000";"463,80";"463,80"
"5418";"DESENG CIF 500ML SPRAY ULTRA RAP";"800";"18,000";"305,82";"305,82"
"35166";"DESENG CIF RF 450ML DERRETE GORD";"800";"30,000";"431,70";"431,70"
"5419";"DESENG GIRANDO SOL 500ML SQUEEZE COZINHA";"800";"371,000";"2.251,49";"2.175,49"
"9278";"DESENG UAU COZINHA SQ 500ML";"800";"56,000";"559,44";"559,44"
"5423";"DESENG VEJA COZ 500ML AP 30PCT DESC LAVANDA";"800";"14,000";"378,96";"378,96"
"5424";"DESENG VEJA COZ 500ML AP 30PCT DESC LIMAO";"800";"1,000";"30,89";"30,89"
"5421";"DESENG VEJA REF 400ML LARANJA";"800";"19,000";"281,37";"281,37"
"5420";"DESENG VEJA REF 400ML LIMAO";"800";"14,000";"215,56";"215,56"
"5426";"DESENG VEJA SQZ LV500PG400ML LAVANDA";"800";"103,000";"1.675,70";"1.675,70"
"5427";"DESENG VEJA SQZ LV500PG400ML LIMAO";"800";"106,000";"1.739,34";"1.739,34"
"17148";"DESENGR CHEMICOLOR ORANGE 250ML";"800";"56,000";"425,04";"425,04"
"17156";"DESINF APYCE 2L JASMIM";"800";"940,000";"5.414,60";"5.411,60"
"17157";"DESINF APYCE 2L LAVANDA";"800";"1.075,000";"6.153,25";"6.150,25"
"17158";"DESINF APYCE 2L PINHO";"800";"775,000";"4.588,25";"4.566,25"
"9279";"DESINF AQUAFAST 1L CAMPOS LAVANDA";"800";"203,000";"1.479,87";"1.479,87"
"9280";"DESINF AQUAFAST 1L PAIXAO";"800";"242,000";"1.894,88";"1.894,88"
"17160";"DESINF AQUAFAST 2L CHA BRANCO";"800";"139,000";"1.666,61";"1.666,61"
"17162";"DESINF AQUAFAST 2L FLORIDO";"800";"63,000";"755,37";"755,37"
"37423";"DESINF AQUAFAST 2L HARMONIA NAT";"800";"159,000";"1.906,41";"1.906,41"
"17163";"DESINF AQUAFAST 2L MARINE";"800";"164,000";"1.966,36";"1.966,36"
"17164";"DESINF AQUAFAST 5L MARINE";"800";"112,000";"2.535,36";"2.535,36"
"5434";"DESINF AQUAFAST HARMONIA 2L LAVANDA";"800";"240,000";"2.392,02";"2.392,02"
"5432";"DESINF AQUAFAST HARMONIA 2L PAIXAO";"800";"98,000";"962,58";"962,58"
"5431";"DESINF AQUAFAST HARMONIA 5L LAVANDA";"800";"144,000";"3.314,54";"3.314,54"
"5433";"DESINF AQUAFAST HARMONIA 5L PAIXAO";"800";"149,000";"3.418,45";"3.418,45"
"17169";"DESINF GIRANDO SOL 2L EUCALIPTO";"800";"177,000";"1.689,13";"1.689,13"
"9281";"DESINF GIRANDO SOL 2L JASMIM";"800";"121,000";"1.151,25";"1.151,25"
"5435";"DESINF GIRANDO SOL 2L LAVANDA";"800";"427,000";"4.073,03";"4.073,03"
"5435";"DESINF GIRANDO SOL 2L LAVANDA";"810";"2,000";"18,78";"18,78"
"5436";"DESINF GIRANDO SOL 2L LIMAO";"800";"138,000";"1.332,82";"1.332,82"
"5437";"DESINF GIRANDO SOL 2L PINHO";"800";"134,000";"1.287,76";"1.287,76"
"5438";"DESINF GIRANDO SOL 2L TALCO";"800";"210,000";"2.005,40";"2.005,40"
"5439";"DESINF GIRANDO SOL 500ML EUCALIPTO";"800";"281,000";"1.085,69";"1.059,89"
"5440";"DESINF GIRANDO SOL 500ML JASMIM";"800";"355,000";"1.395,95";"1.335,15"
"5441";"DESINF GIRANDO SOL 500ML LAVANDA";"800";"566,000";"2.181,34";"2.131,24"
"5442";"DESINF GIRANDO SOL 500ML LIMAO";"800";"216,000";"836,74";"821,14"
"5443";"DESINF GIRANDO SOL 500ML PINHO";"800";"351,000";"1.368,19";"1.331,19"
"5444";"DESINF GIRANDO SOL 500ML TALCO";"800";"352,000";"1.363,88";"1.334,18"
"9242";"DESINF GIRANDO SOL 5L EUCALIPTO";"800";"26,000";"582,31";"582,31"
"36203";"DESINF GIRANDO SOL 5L LAVANDA";"800";"85,000";"1.943,14";"1.943,14"
"17170";"DESINF GIRANDO SOL 5L TRAD PINHO";"800";"41,000";"937,83";"937,83"
"17171";"DESINF GIRANDO SOL 5L TRAD TCO";"800";"31,000";"707,36";"707,36"
"17173";"DESINF GOTA LIMPA 2L FLORAL";"800";"449,000";"4.318,91";"4.200,11"
"17175";"DESINF GOTA LIMPA 2L LAVANDA";"800";"801,000";"7.791,39";"7.466,19"
"17176";"DESINF GOTA LIMPA 2L LIMAO";"800";"258,000";"2.488,62";"2.384,22"
"17177";"DESINF GOTA LIMPA 2L PINHO";"800";"486,000";"4.679,94";"4.466,34"
"17178";"DESINF GOTA LIMPA 500ML EUCALIPTO";"800";"231,000";"875,49";"875,49"
"17179";"DESINF GOTA LIMPA 500ML FLORAL";"800";"465,000";"1.762,35";"1.762,35"
"17181";"DESINF GOTA LIMPA 500ML LAVANDA";"800";"261,000";"989,19";"989,19"
"17182";"DESINF GOTA LIMPA 500ML LIMAO";"800";"185,000";"701,15";"701,15"
"17183";"DESINF GOTA LIMPA 500ML PINHO";"800";"363,000";"1.375,77";"1.375,77"
"17184";"DESINF GOTA LIMPA 500ML TALCO";"800";"98,000";"371,42";"371,42"
"17185";"DESINF GOTA LIMPA 5L EUCALIPTO";"800";"275,000";"4.696,25";"4.632,55"
"17186";"DESINF GOTA LIMPA 5L LAVANDA";"800";"279,000";"4.764,11";"4.677,01"
"17187";"DESINF GOTA LIMPA 5L PINHO";"800";"254,000";"4.353,96";"4.265,56"
"17188";"DESINF HARPIC 200ML CLORO FORTE";"800";"25,000";"212,71";"212,71"
"5445";"DESINF HARPIC 500ML CLORO FORTE";"800";"21,000";"384,16";"384,16"
"17189";"DESINF HARPIC LIQ 500ML LAVANDA";"800";"2,000";"48,80";"48,80"
"17190";"DESINF IMPERIAL 5L LAVANDA";"800";"81,000";"963,90";"963,90"
"17191";"DESINF IMPERIAL 5L PINHO";"800";"185,000";"2.201,50";"2.201,50"
"17191";"DESINF IMPERIAL 5L PINHO";"810";"1,000";"11,90";"11,90"
"5447";"DESINF LIQ HARPIC 500ML POWER PLUS";"800";"4,000";"71,96";"71,96"
"5448";"DESINF LYSOFORM 1L CITRUS";"800";"15,000";"286,67";"286,67"
"5449";"DESINF LYSOFORM 1L LAVANDA";"800";"32,000";"630,43";"630,43"
"5450";"DESINF LYSOFORM 1L ORIGINAL";"800";"51,000";"987,60";"987,60"
"5451";"DESINF LYSOFORM 1L SUAVE";"800";"9,000";"170,91";"170,91"
"5452";"DESINF LYSOFORM 2L ORIGINAL";"800";"7,000";"198,95";"198,95"
"5455";"DESINF LYSOFORM 360ML ORIGINAL";"800";"5,000";"229,95";"229,95"
"5456";"DESINF LYSOFORM 500ML AP ORIGINAL";"800";"6,000";"116,94";"116,94"
"5458";"DESINF LYSOFORM 500ML ORIGINAL";"800";"25,000";"264,75";"264,75"
"5459";"DESINF LYSOFORM 500ML SUAVE";"800";"14,000";"150,08";"150,08"
"38142";"DESINF PATO CLORO GEL ESPUMA 500ML CITRUS";"800";"1,000";"19,50";"19,50"
"9092";"DESINF PATO CLORO GEL ESPUMA 500ML MARINE";"800";"5,000";"92,50";"92,50"
"17197";"DESINF PATO GERMINEX 750ML FLOR";"800";"5,000";"129,95";"129,95"
"17198";"DESINF PATO GERMINEX 750ML FRU";"800";"5,000";"129,95";"129,95"
"17200";"DESINF PATO GERMINEX 750ML MARINE PROMO";"800";"30,000";"749,70";"741,70"
"17201";"DESINF PINHO SOL 1 75L LAVANDA";"800";"35,000";"916,10";"916,10"
"17203";"DESINF PINHO SOL 1 75L LIMAO";"800";"76,000";"2.024,40";"2.024,40"
"17204";"DESINF PINHO SOL 1 75L ORIG";"800";"70,000";"1.840,20";"1.840,20"
"33459";"DESINF PINHO SOL 1L FLORAL";"800";"4,000";"78,00";"78,00"
"5470";"DESINF PINHO SOL 1L LAVANDA";"800";"83,000";"1.576,77";"1.576,77"
"5471";"DESINF PINHO SOL 1L LIMAO";"800";"46,000";"828,78";"828,78"
"5472";"DESINF PINHO SOL 1L TRAD";"800";"122,000";"2.166,15";"2.166,15"
"5475";"DESINF PINHO SOL 500ML CITRUS LIMAO";"800";"68,000";"801,72";"801,72"
"5474";"DESINF PINHO SOL 500ML LAVANDA";"800";"62,000";"730,98";"730,98"
"5476";"DESINF PINHO SOL 500ML PINHO";"800";"145,000";"1.709,55";"1.709,55"
"5478";"DESINF PINHO SOL L500 P450ML CITRUS LAVANDA";"800";"7,000";"62,93";"62,93"
"17212";"DESINF SANOL 2L CITRONELA";"800";"6,000";"44,34";"44,34"
"17213";"DESINF SANOL 2L FLORAL";"800";"2,000";"14,78";"14,78"
"17219";"DESINF VEJA POWER ACTION 1L LAVANDA";"800";"1,000";"18,59";"18,59"
"17220";"DESINF VEJA POWER ACTION 500ML PINHO";"800";"9,000";"110,61";"108,71"
"17221";"DESINF VEJA POWER ACTION 500ML SQ LAVANDA";"800";"5,000";"61,45";"61,45"
"5484";"DESINF VIM 700ML CLORO GEL ADITIV FLORAL";"800";"9,000";"161,10";"161,10"
"5485";"DESINF VIM 700ML CLORO GEL ADITIV LAVANDA";"800";"17,000";"308,30";"308,30"
"5486";"DESINF VIM 700ML CLORO GEL ADITIV ORIGINAL";"800";"31,000";"584,90";"584,90"
"5487";"DESINF YPE 2L BAK EUCALIPTO";"800";"34,000";"472,26";"472,26"
"5488";"DESINF YPE 2L BAK FLORAL";"800";"79,000";"1.097,31";"1.097,31"
"5489";"DESINF YPE 2L BAK LAVANDA";"800";"135,000";"1.875,15";"1.875,15"
"5491";"DESINF YPE 500ML BAK LAVANDA";"800";"155,000";"649,45";"649,45"
"5492";"DESINF YPE 500ML PINHO TRADICAO";"800";"174,000";"1.494,66";"1.494,66"
"5493";"DESINF YPE 520G CLORO GEL TIRA LIMO";"800";"26,000";"394,94";"394,94"
"9290";"DESINF YPE BAK 1L EUCALIPTO";"800";"36,000";"276,84";"276,84"
"9291";"DESINF YPE BAK 1L FLORAL";"800";"150,000";"1.153,50";"1.153,50"
"9292";"DESINF YPE BAK 1L LAVANDA";"800";"137,000";"1.053,53";"1.053,53"
"9287";"DESINF YPE BAK 500ML EUCALIPTO BAK";"800";"203,000";"850,57";"850,57"
"9288";"DESINF YPE BAK 500ML FLORAL BAK";"800";"136,000";"569,84";"569,84"
"9293";"DESINF YPE BAK 500ML TURQUESA";"800";"144,000";"603,36";"603,36"
"17159";"DESINFETANTE AQUAFAST 1L MARINE";"800";"115,000";"948,45";"948,45"
"17192";"DESINFETANTE LYSOFORM 500ML LAVANDA";"800";"27,000";"317,30";"317,30"
"37431";"DESINFETANTE SUPREMA EUCALIPITO 5L";"800";"112,000";"1.890,88";"1.890,88"
"37432";"DESINFETANTE SUPREMA LAVANDA 5L";"800";"217,000";"3.674,83";"3.674,83"
"33374";"DESO AERO AXE 200ML APO VET E MANDA";"800";"1.198,000";"13.166,02";"13.166,02"
"33373";"DESO AERO AXE 200ML BLACK ALE E CED";"800";"562,000";"6.176,38";"6.176,38"
"17240";"DESOD AERO ABOVE 100ML BLACK S MARINE";"800";"4,000";"26,36";"26,36"
"17228";"DESOD AERO ABOVE 150 ML MEN CARBON";"800";"7,000";"69,23";"69,23"
"17233";"DESOD AERO ABOVE 150 ML SEM PERFUME DE";"800";"3,000";"30,89";"30,89"
"17237";"DESOD AERO ABOVE 150 ML WOMEN INVISIBL";"800";"3,000";"29,67";"29,67"
"17226";"DESOD AERO ABOVE 150ML CREAM WOMEN 72H";"800";"26,000";"225,94";"225,94"
"5499";"DESOD AERO ABOVE 150ML MEN SPORT ENERG";"800";"27,000";"240,03";"240,03"
"5500";"DESOD AERO ABOVE 150ML SEM PERFUME";"800";"46,000";"344,54";"344,54"
"5502";"DESOD AERO ABOVE 150ML WOMEN CANDY";"800";"68,000";"604,52";"604,52"
"17236";"DESOD AERO ABOVE 150ML WOMEN DOLCE VIT";"800";"47,000";"408,43";"408,43"
"5503";"DESOD AERO ABOVE 150ML WOMEN FRESH";"800";"21,000";"186,69";"186,69"
"17238";"DESOD AERO ABOVE 150ML WOMEN LADY";"800";"32,000";"284,48";"284,48"
"5504";"DESOD AERO ABOVE 150ML WOMEN SPORT ENE";"800";"22,000";"195,58";"195,58"
"34372";"DESOD AERO ABOVE 250ML MAX FLASH";"800";"207,000";"2.005,83";"2.005,83"
"34371";"DESOD AERO ABOVE 250ML MAX SAVAGE";"800";"9,000";"87,21";"87,21"
"17242";"DESOD AERO ABOVE 250ML MAXX CANDY PROM";"800";"111,000";"1.075,59";"1.075,59"
"17243";"DESOD AERO ABOVE 250ML MAXX ELEMENT PR";"800";"8,000";"77,52";"77,52"
"17245";"DESOD AERO ABOVE 250ML MAXX SPORT PROM";"800";"57,000";"552,33";"552,33"
"17246";"DESOD AERO ABOVE 250ML WOMEN DOLCE VIT";"800";"54,000";"523,26";"523,26"
"5496";"DESOD AERO ABOVE EXTR 72H 150ML BLACK";"800";"23,000";"222,87";"222,87"
"5497";"DESOD AERO ABOVE EXTR 72H 150ML INVISIBLE";"800";"31,000";"300,39";"300,39"
"17227";"DESOD AERO ABOVE EXTR 72H 150ML MOVEMENT";"800";"7,000";"67,83";"67,83"
"5501";"DESOD AERO ABOVE EXTR 72H 150ML SPORT";"800";"27,000";"261,63";"261,63"
"17224";"DESOD AERO ABOVE EXTREME 72H 200ML BLACK";"800";"35,000";"374,15";"374,15"
"5505";"DESOD AERO AXE 150ML 96G BLACK";"800";"3,000";"35,97";"35,97"
"5509";"DESOD AERO AXE 152ML 90G MARINE";"800";"761,000";"9.310,59";"9.306,59"
"5510";"DESOD AERO AXE 152ML 90G MUSK";"800";"573,000";"7.018,10";"7.014,10"
"5494";"DESOD AERO AXE 152ML 90G URBAN 48H";"800";"16,000";"192,75";"192,75"
"5513";"DESOD AERO AXE BS 150ML 96G DARK TEMPTATION";"800";"713,000";"8.690,20";"8.684,38"
"5512";"DESOD AERO AXE BS 150ML APOLLO";"800";"1,000";"11,99";"11,99"
"5514";"DESOD AERO BOM AR 360ML ALEGRIA";"800";"26,000";"573,18";"573,18"
"5515";"DESOD AERO BOM AR 360ML FLOR ALGODAO";"800";"31,000";"705,70";"705,70"
"5516";"DESOD AERO BOM AR 360ML JASMIM PEONIA";"800";"27,000";"599,87";"599,87"
"5517";"DESOD AERO BOM AR 360ML LAVANDA ECONO";"800";"46,000";"1.025,63";"1.025,63"
"5518";"DESOD AERO BOM AR 360ML LIMAO SICILIANO";"800";"29,000";"654,51";"654,51"
"5519";"DESOD AERO BOM AR 360ML TALCO ECONO";"800";"22,000";"496,65";"496,65"
"17248";"DESOD AERO BOZZANO 200ML ANTI DRY";"800";"9,000";"116,01";"116,01"
"17249";"DESOD AERO BOZZANO 200ML EXTREME SPORT";"800";"12,000";"154,68";"154,68"
"5521";"DESOD AERO BOZZANO 90G ANTIBAC FRESH";"800";"136,000";"1.655,97";"1.655,97"
"5522";"DESOD AERO BOZZANO 90G DRY";"800";"199,000";"2.447,11";"2.443,71"
"5524";"DESOD AERO BOZZANO 90G EXTREME";"800";"175,000";"2.152,58";"2.152,58"
"5525";"DESOD AERO BOZZANO 90G INVISIBLE";"800";"59,000";"745,31";"745,31"
"5526";"DESOD AERO BOZZANO 90G POWER PROTECT";"800";"182,000";"2.225,26";"2.225,26"
"5531";"DESOD AERO DOVE 87G 150ML AMORA";"800";"91,000";"2.074,90";"1.720,90"
"5532";"DESOD AERO DOVE 87G 150ML BEAUTY FINISH";"800";"138,000";"3.274,20";"2.573,20"
"5534";"DESOD AERO DOVE 89G 150ML CUIDADO TTL";"800";"63,000";"1.278,55";"1.194,24"
"5535";"DESOD AERO DOVE 89G 150ML INVIS FRESH MEN";"800";"39,000";"857,30";"738,45"
"5536";"DESOD AERO DOVE 89G 150ML INVISIBLE DRY";"800";"156,000";"3.280,77";"2.878,30"
"5537";"DESOD AERO DOVE 89G 150ML INVISIBLE MEN";"800";"142,000";"3.212,15";"2.865,44"
"5538";"DESOD AERO DOVE 89G 150ML ORIGINAL";"800";"301,000";"6.665,78";"5.715,63"
"5539";"DESOD AERO DOVE 89G 150ML ROMA E VERBENA";"800";"128,000";"2.665,20";"2.413,20"
"5540";"DESOD AERO DOVE 89G 150ML S PERFUME";"800";"64,000";"1.335,81";"1.256,68"
"30258";"DESOD AERO DOVE 89G MAN EXTRA FRES";"800";"36,000";"876,66";"723,30"
"37774";"DESOD AERO DOVE FIFA ENERGY 150ML";"800";"61,000";"1.256,13";"1.107,79"
"34987";"DESOD AERO DOVE GO 150ML PEPINO";"800";"40,000";"971,60";"708,12"
"5544";"DESOD AERO GLADE 360ML EMB ECONOMIC AGUA";"800";"73,000";"1.528,32";"1.493,13"
"5545";"DESOD AERO GLADE 360ML EMB ECONOMIC BRISA CITRICA";"800";"37,000";"771,20";"747,74"
"5546";"DESOD AERO GLADE 360ML EMB ECONOMIC FRUTAS E FLORE";"800";"91,000";"1.899,06";"1.863,87"
"5547";"DESOD AERO GLADE 360ML EMB ECONOMIC LAVANDA";"800";"180,000";"3.859,89";"3.707,40"
"5548";"DESOD AERO GLADE 360ML EMB ECONOMIC LEMBR DE INFAN";"800";"100,000";"2.115,71";"2.049,15"
"5549";"DESOD AERO GLADE 360ML EMB ECONOMIC TOQUE DE MACIE";"800";"101,000";"2.141,52";"2.090,69"
"17255";"DESOD AERO MONANGE 200ML EXT OLIV";"800";"4,000";"51,56";"51,56"
"35206";"DESOD AERO MONANGE 200ML FLOR LAVANDA";"800";"2,000";"27,78";"27,78"
"5550";"DESOD AERO MONANGE 90G EXTRATO OLIVA";"800";"400,000";"4.934,21";"4.934,21"
"5551";"DESOD AERO MONANGE 90G FLOR DE LAVANDA";"800";"300,000";"3.624,59";"3.624,59"
"5552";"DESOD AERO MONANGE 90G FRUTAS VERMELHA";"800";"221,000";"2.736,67";"2.734,77"
"5553";"DESOD AERO MONANGE 90G INVISIVEL";"800";"271,000";"3.305,03";"3.305,03"
"5556";"DESOD AERO NIVEA 150ML CARVAO ATIV BEAT";"800";"3,000";"50,37";"50,37"
"5557";"DESOD AERO NIVEA 150ML CARVAO ATIV ORIGINAL";"800";"50,000";"856,15";"856,15"
"5565";"DESOD AERO NIVEA 90G DRY IMPACT";"800";"81,000";"1.394,40";"1.394,40"
"5567";"DESOD AERO NIVEA 93G PROTECT CARE";"800";"57,000";"969,24";"969,24"
"5572";"DESOD AERO NIVEA 97G BLACK WHITE CLEAR";"800";"42,000";"739,59";"739,59"
"5573";"DESOD AERO NIVEA 97G BLACK WHITE POWER";"800";"2,000";"33,58";"33,58"
"5574";"DESOD AERO OLD SPICE 124G LENHA";"800";"21,000";"519,74";"519,74"
"5575";"DESOD AERO OLD SPICE 124G MAR PROFUNDO";"800";"26,000";"662,83";"662,83"
"5576";"DESOD AERO OLD SPICE 124G VIP";"800";"6,000";"149,36";"149,36"
"5578";"DESOD AERO OLD SPICE 93G LENHA";"800";"23,000";"425,19";"425,19"
"5579";"DESOD AERO OLD SPICE 93G MAR PROFUNDO";"800";"30,000";"587,90";"587,90"
"5580";"DESOD AERO OLD SPICE 93G MATADOR";"800";"36,000";"693,65";"693,65"
"5581";"DESOD AERO OLD SPICE 93G PEGADOR";"800";"41,000";"797,70";"797,70"
"5582";"DESOD AERO OLD SPICE 93G VIP";"800";"28,000";"545,37";"545,37"
"5601";"DESOD AERO REXONA 150ML 89G ERVA DOCE";"800";"106,000";"2.002,56";"1.839,48"
"5599";"DESOD AERO REXONA 150ML 90G ACT EMOTION";"800";"145,000";"2.669,50";"2.371,92"
"5583";"DESOD AERO REXONA 150ML 90G BAMBOO";"800";"127,000";"2.290,52";"2.149,00"
"5584";"DESOD AERO REXONA 150ML 90G COTTON";"800";"154,000";"2.887,42";"2.584,75"
"5585";"DESOD AERO REXONA 150ML 90G FRUTAS VERM";"800";"182,000";"3.471,17";"3.031,58"
"5602";"DESOD AERO REXONA 150ML 90G MEN ACTIVE";"800";"233,000";"4.333,88";"3.996,47"
"5586";"DESOD AERO REXONA 150ML 90G MEN ANT INVI";"800";"151,000";"2.694,12";"2.409,35"
"5587";"DESOD AERO REXONA 150ML 90G MEN ANTIBAC";"800";"82,000";"1.531,12";"1.317,24"
"5588";"DESOD AERO REXONA 150ML 90G MEN IMPACT";"800";"121,000";"2.180,95";"1.996,43"
"5589";"DESOD AERO REXONA 150ML 90G MEN INVISIBLE";"800";"231,000";"4.393,51";"4.041,65"
"5592";"DESOD AERO REXONA 150ML 90G POWDER DRY";"800";"356,000";"6.592,18";"6.109,42"
"5593";"DESOD AERO REXONA 150ML 90G S PERFUME";"800";"112,000";"2.093,30";"1.918,60"
"5595";"DESOD AERO REXONA 150ML 90G V8";"800";"364,000";"6.827,56";"6.268,56"
"5596";"DESOD AERO REXONA 150ML 90G WOMEN ANTI INVI";"800";"55,000";"1.036,92";"954,39"
"5597";"DESOD AERO REXONA 150ML 90G WOMEN INVISIBLI";"800";"121,000";"2.280,57";"2.075,69"
"5598";"DESOD AERO REXONA 150ML 90G XTRACOL MEN";"800";"98,000";"1.724,89";"1.557,28"
"33958";"DESOD AERO REXONA 150ML MEN PROT INT";"800";"8,000";"102,32";"102,32"
"5618";"DESOD AERO REXONA 91G CLINICAL CLASSIC";"800";"61,000";"1.185,13";"1.146,14"
"5619";"DESOD AERO REXONA 91G CLINICAL CLEAN";"800";"10,000";"201,27";"196,27"
"5623";"DESOD AERO REXONA 91G CLINICAL S PERFUME";"800";"170,000";"3.331,20";"3.312,66"
"5624";"DESOD AERO REXONA 91G CLINICAL SPO";"800";"84,000";"1.632,83";"1.622,65"
"17270";"DESOD CR DI HELLEN 55G FEM";"800";"60,000";"623,40";"623,40"
"17271";"DESOD CR DI HELLEN 55G MASC";"800";"100,000";"1.039,00";"1.039,00"
"33219";"DESOD CR DOVE 50ML PREV ESCURECIM";"800";"82,000";"1.222,46";"1.222,46"
"33220";"DESOD CR DOVE 50ML PREV IRRITACAO";"800";"73,000";"1.114,21";"1.114,21"
"33221";"DESOD CR DOVE 50ML REPARA DIARIA";"800";"65,000";"969,31";"969,31"
"5634";"DESOD CREME ABOVE 50G CANDY";"800";"167,000";"883,43";"883,43"
"17262";"DESOD CREME ABOVE 50G ELEMENTS OCEAN";"800";"105,000";"555,45";"555,45"
"17263";"DESOD CREME ABOVE 50G SPORT";"800";"76,000";"402,04";"402,04"
"17264";"DESOD CREME ABOVE 50G SPORT ENE WOMEN";"800";"92,000";"486,68";"486,68"
"5635";"DESOD CREME ABOVE 50G SPORT ENERG MEN";"800";"179,000";"946,91";"946,91"
"35687";"DESOD CREME SECRET CLEAR COTT 45G GEL";"800";"16,000";"563,04";"563,04"
"5637";"DESOD GLADE 12ML AP TOQ FRESC PROMO LAVANDA";"800";"3,000";"101,97";"101,97"
"5638";"DESOD GLADE 12ML AP TOQ FRESC PROMO LEMB INFANCIA";"800";"1,000";"31,99";"31,99"
"5641";"DESOD GLADE 12ML RF TOQ FRESCOR LAVANDA";"800";"4,000";"97,00";"97,00"
"5643";"DESOD GLADE 24ML RF TOQ FRE 50%DESC ";"800";"24,000";"855,43";"855,43"
"5644";"DESOD GLADE 269ML AUTM AP 3EM1 LAVANDA";"800";"3,000";"191,37";"191,37"
"5645";"DESOD GLADE 269ML AUTM AP 3EM1 TOQUE MACIEZ";"800";"1,000";"75,99";"75,99"
"5646";"DESOD GLADE 269ML AUTM RF BRISA CITRICA";"800";"7,000";"307,93";"307,93"
"5650";"DESOD GLADE 269ML AUTM RF LAVANDA VANILLA";"800";"14,000";"615,86";"615,86"
"5649";"DESOD GLADE269ML AUTM RF OFERTA ESP FRUTAS FLORES";"800";"3,000";"131,97";"131,97"
"5651";"DESOD GLADE269ML AUTM RF OFERTA ESP TOQUE MACIEZ";"800";"10,000";"465,00";"465,00"
"33667";"DESOD REXONA 45G STICK V8";"800";"9,000";"251,91";"251,91"
"17275";"DESOD ROLLON ABOVE 80ML S PERFUME";"800";"61,000";"359,29";"359,29"
"17272";"DESOD ROLLON ABOVE CREAM ORIG 50ML";"800";"61,000";"359,29";"359,29"
"17273";"DESOD ROLLON ABOVE DERMACLINIC 50ML MEN";"800";"36,000";"215,64";"215,64"
"17274";"DESOD ROLLON ABOVE DERMACLINIC 50ML WOMEN";"800";"113,000";"676,87";"676,87"
"9265";"DESOD ROLLON ABOVE SPORT ENERG 50ML MEN";"800";"135,000";"862,65";"862,65"
"9266";"DESOD ROLLON ABOVE SPORT ENERG 50ML WOMEN";"800";"151,000";"964,89";"964,89"
"17277";"DESOD ROLLON AMAZONIA 55ML BAMBOO";"800";"42,000";"322,58";"322,58"
"17278";"DESOD ROLLON AMAZONIA 55ML FLOWERS";"800";"17,000";"127,33";"127,33"
"17279";"DESOD ROLLON AMAZONIA 55ML FOR MEN";"800";"5,000";"38,65";"38,65"
"17280";"DESOD ROLLON AMAZONIA 55ML FOR MEN";"800";"49,000";"367,01";"367,01"
"17281";"DESOD ROLLON AMAZONIA 55ML POWER MEN";"800";"72,000";"568,08";"568,08"
"17282";"DESOD ROLLON AMAZONIA 55ML S PERF";"800";"29,000";"224,81";"224,81"
"17283";"DESOD ROLLON AMAZONIA 55ML SUMMER";"800";"40,000";"308,80";"308,80"
"17285";"DESOD ROLLON DI HELLEN 55ML FEM";"800";"30,000";"401,70";"401,70"
"17286";"DESOD ROLLON DI HELLEN 55ML MASC EXTREME";"800";"36,000";"482,04";"482,04"
"17289";"DESOD ROLLON DI HELLEN 55ML UNISSEX";"800";"22,000";"294,58";"294,58"
"17290";"DESOD ROLLON DOVE 50ML";"800";"3,000";"38,07";"38,07"
"17291";"DESOD ROLLON DOVE 50ML CLEAN COMFORT";"800";"20,000";"253,80";"253,80"
"17292";"DESOD ROLLON DOVE 50ML INVISIBLE DRY";"800";"49,000";"621,81";"621,81"
"17293";"DESOD ROLLON DOVE 50ML MAN INVISIBL D";"800";"53,000";"672,57";"672,57"
"17294";"DESOD ROLLON DOVE 50ML ROMA VERBENA";"800";"221,000";"2.804,49";"2.804,49"
"5653";"DESOD ROLLON NIVEA 50ML FM IN B W CLEAR";"800";"230,000";"2.731,58";"2.731,58"
"5654";"DESOD ROLLON NIVEA 50ML M INV B/W POWER";"800";"175,000";"2.058,22";"2.058,22"
"17305";"DESOD ROLLON REXONA 50ML ACT EMOT";"800";"113,000";"1.078,07";"1.078,07"
"17306";"DESOD ROLLON REXONA 50ML ACTIVE";"800";"7,000";"65,73";"65,73"
"17309";"DESOD ROLLON REXONA 50ML F POWDER";"800";"309,000";"2.947,51";"2.947,51"
"17311";"DESOD ROLLON REXONA 50ML INVISIBLE";"800";"388,000";"3.744,32";"3.744,32"
"17313";"DESOD ROLLON REXONA 50ML MEN ANTIBAC";"800";"49,000";"466,11";"466,11"
"17315";"DESOD ROLLON REXONA 50ML V8";"800";"43,000";"408,77";"408,77"
"17316";"DESOD ROLLON REXONA 50ML WOMEN ANT INV";"800";"310,000";"3.098,48";"3.098,48"
"17317";"DESOD ROLLON REXONA 50ML XTRA COOL";"800";"338,000";"3.232,82";"3.232,82"
"5661";"DESOD ROLLON VINI LADY 50G FEMME";"800";"56,000";"581,84";"581,84"
"5663";"DESOD ROLLON VINI LADY 50G SENSIVE";"800";"52,000";"540,28";"540,28"
"5664";"DESOD ROLLON VINI LADY 50G SPORT";"800";"25,000";"259,75";"259,75"
"6211";"DESOD SANIT ADES GOTA LIMPA 41G 7D CITRONELA";"800";"33,000";"590,37";"590,37"
"9587";"DESOD SANIT ADES GOTA LIMPA 41G 7D EUCALIPTO";"800";"85,000";"1.520,65";"1.520,65"
"6212";"DESOD SANIT ADES GOTA LIMPA 41G 7D FRESH";"800";"64,000";"1.144,96";"1.144,96"
"6210";"DESOD SANIT ADES GOTA LIMPA 41G 7D LAVANDA";"800";"89,000";"1.592,21";"1.592,21"
"9588";"DESOD SANIT ADES GOTA LIMPA 41G 7D MARINE";"800";"94,000";"1.681,66";"1.681,66"
"9983";"DESOD SANIT GOTA LIMPA 25G EUCALIPTO";"800";"766,000";"2.213,74";"2.213,74"
"9984";"DESOD SANIT GOTA LIMPA 25G FLORAL";"800";"413,000";"1.193,57";"1.193,57"
"9985";"DESOD SANIT GOTA LIMPA 25G LAVANDA";"800";"676,000";"1.953,64";"1.953,64"
"9986";"DESOD SANIT GOTA LIMPA 25G MARINE";"800";"401,000";"1.158,89";"1.158,89"
"33875";"DESOD STICK REXONA 45G ACTIVE DRY";"800";"27,000";"701,73";"701,73"
"33876";"DESOD STICK REXONA 45G POWDER DRY";"800";"50,000";"1.299,50";"1.299,50"
"33874";"DESOD STICK REXONA 45G TROPICAL CITRUS";"800";"18,000";"467,82";"467,82"
"5665";"DESOD VINI LADY 45G CREME FEMME";"800";"61,000";"633,79";"633,79"
"5666";"DESOD VINI LADY 45G CREME SPORT";"800";"26,000";"270,14";"270,14"
"17318";"DESODORANTE ANTI PULGAS MATACURA 200ML";"800";"1,000";"36,90";"36,90"
"17319";"DESVIADOR COMPLETO MANG 1 75M ";"800";"4,000";"103,60";"103,60"
"17320";"DET LIQ APYCE LIMP TOT 3L ROSA";"800";"376,000";"6.012,24";"6.012,24"
"17321";"DET LIQ APYCE MULTIACAO 3L AZUL";"800";"513,000";"8.202,87";"8.202,87"
"36264";"DET LIQ APYCE SUPER ACAO SH 800ML";"800";"988,000";"6.906,12";"6.906,12"
"17322";"DET LIQ APYCE SUPERAC SH 800ML";"800";"12,000";"75,48";"75,48"
"17324";"DET LIQ AQUAFAST 1L MULTIACAO";"800";"97,000";"1.269,85";"1.269,85"
"17323";"DET LIQ AQUAFAST 1L TRADICIONAL";"800";"102,000";"1.345,28";"1.345,28"
"17325";"DET LIQ AQUAFAST 2L FL BCAS E BAUN";"800";"8,000";"191,92";"191,92"
"17326";"DET LIQ AQUAFAST 3L FLORES BCAS";"800";"86,000";"2.539,74";"2.539,74"
"17327";"DET LIQ AQUAFAST 3L GLICERINA";"800";"95,000";"2.792,52";"2.792,52"
"36266";"DET LIQ AQUAFAST LAV RAP CLEAN 1 5L";"800";"81,000";"1.999,89";"1.999,89"
"36721";"DET LIQ AQUAFAST LAV RAP FRESH 1 5L";"800";"85,000";"2.098,65";"2.098,65"
"17328";"DET LIQ AQUAFAST NEUTRO 5L";"800";"113,000";"2.808,90";"2.808,90"
"17336";"DET LIQ ATRIUS 5L GLICA";"800";"874,000";"17.034,26";"17.034,26"
"17337";"DET LIQ ATRIUS 5L PREMIUM";"800";"996,000";"19.412,04";"19.412,04"
"35698";"DET LIQ BARBAREX 5L NEUTRO";"800";"14,000";"181,86";"181,86"
"17340";"DET LIQ BIO KRISS 500ML CLEAR";"800";"1.659,000";"3.301,41";"3.301,41"
"17341";"DET LIQ BIO KRISS 500ML NEUTRO";"800";"1.141,000";"2.270,59";"2.270,59"
"35580";"DET LIQ BRILHANTE HIG TOTAL 1 8L";"800";"593,000";"11.651,87";"11.379,27"
"17343";"DET LIQ BRILHANTE LIMP TOT 1 8L";"800";"883,000";"14.755,62";"14.581,62"
"17347";"DET LIQ GIRANDO SOL 1L COCO";"800";"195,000";"2.497,16";"2.497,16"
"17348";"DET LIQ GIRANDO SOL 1L GLICA";"800";"158,000";"2.061,29";"2.061,29"
"34975";"DET LIQ GIRANDO SOL 500ML HIPOAL";"800";"1.135,000";"2.876,23";"2.876,23"
"9296";"DET LIQ GOTA LIMPA 1L LIMAO";"800";"1.220,000";"5.355,80";"5.355,80"
"9297";"DET LIQ GOTA LIMPA 1L MACA";"800";"2.475,000";"10.865,25";"10.865,25"
"17349";"DET LIQ GOTA LIMPA 1L NATURAL";"800";"1.373,000";"6.027,47";"6.025,47"
"17350";"DET LIQ GOTA LIMPA 1L NEUTRO";"800";"1.659,000";"7.283,01";"7.279,97"
"17351";"DET LIQ GOTA LIMPA 3L ORIG";"800";"82,000";"1.935,01";"1.935,01"
"5678";"DET LIQ GOTA LIMPA 500ML CRISTAL";"800";"3.814,000";"8.352,66";"8.352,06"
"5679";"DET LIQ GOTA LIMPA 500ML LIMAO";"800";"4.823,000";"10.143,27";"10.143,27"
"5680";"DET LIQ GOTA LIMPA 500ML MACA";"800";"6.524,000";"13.725,66";"13.725,66"
"5681";"DET LIQ GOTA LIMPA 500ML MARINE";"800";"1.776,000";"3.683,34";"3.683,34"
"5682";"DET LIQ GOTA LIMPA 500ML NEUTRO";"800";"6.157,000";"13.062,93";"13.062,93"
"5682";"DET LIQ GOTA LIMPA 500ML NEUTRO";"810";"5,000";"10,95";"10,95"
"5683";"DET LIQ GOTA LIMPA 5L NEUTRO";"800";"355,000";"6.599,45";"6.599,45"
"5683";"DET LIQ GOTA LIMPA 5L NEUTRO";"810";"1,000";"18,59";"18,59"
"33880";"DET LIQ OMO CICLO RAPIDO 1 4 L ANTIODOR";"800";"57,000";"1.926,03";"1.926,03"
"33881";"DET LIQ OMO CICLO RAPIDO 1 4 L CUIDADO";"800";"80,000";"2.703,20";"2.703,20"
"33882";"DET LIQ OMO CICLO RAPIDO 750ML ANTIODOR";"800";"60,000";"1.259,40";"1.259,40"
"33883";"DET LIQ OMO CICLO RAPIDO 750ML CUIDADO";"800";"48,000";"1.007,52";"1.007,52"
"33884";"DET LIQ OMO CICLO RAPIDO 750ML TOTAL";"800";"134,000";"2.812,66";"2.812,66"
"17370";"DET LIQ SURF SEM1 1 8L COCO";"800";"22,000";"452,98";"452,98"
"34448";"DET LIQ TIXAN GL 7L PRIMAVERA";"800";"9,000";"602,91";"602,91"
"34436";"DET LIQ TIXAN YPE 3L COCO BAUNILHA";"800";"1,000";"33,19";"33,19"
"6740";"DET LIQ TIXAN YPE LV3L PG2 7L";"800";"21,000";"677,52";"677,52"
"17372";"DET LIQ TIXAN YPE POUCH RF 900ML MACIEZ";"800";"174,000";"1.964,46";"1.964,46"
"17375";"DET LIQ ULTRA 5L CLASS";"800";"286,000";"5.431,14";"5.431,14"
"35162";"DET LIQUIDO OMO CICLO 1 4L RAP ACAO";"800";"64,000";"2.162,56";"2.162,56"
"36263";"DET PO APYCE MULT AZUL SH 800G";"800";"2.481,000";"9.899,19";"9.816,19"
"35126";"DET PO APYCE MULT SH 800G ROSA";"800";"1.295,000";"5.167,05";"5.141,55"
"17384";"DET PO APYCE SH 1 6K AZUL";"800";"477,000";"4.765,23";"4.765,23"
"17385";"DET PO APYCE SH 1 6K ROSA";"800";"379,000";"3.786,21";"3.786,21"
"17386";"DET PO APYCE SH 400G AZUL";"800";"1.308,000";"3.860,12";"3.732,22"
"17387";"DET PO APYCE SH 400G ROSA";"800";"1.361,000";"4.004,59";"3.875,39"
"17388";"DET PO APYCE SH 4K AZUL";"800";"811,000";"14.713,89";"14.363,89"
"17389";"DET PO APYCE SH 4K ROSA";"800";"876,000";"15.725,24";"15.275,24"
"17390";"DET PO APYCE SH 800G AZUL";"800";"1,000";"3,89";"3,89"
"33423";"DET PO AQUAFAST FLORES BAUNILH 800G";"800";"518,000";"3.620,82";"3.620,82"
"33422";"DET PO AQUAFAST MULTIACAO 800G";"800";"688,000";"5.038,02";"5.038,02"
"17393";"DET PO ASSIM 800G MICELAR FLORAL";"800";"608,000";"4.893,52";"4.893,52"
"17394";"DET PO ASSIM 800G TRIPLA ACAO BI";"800";"2.577,000";"20.571,14";"20.571,14"
"17403";"DET PO BRILHANTE CUID TOT CT 800G";"800";"1.873,000";"21.029,47";"20.488,67"
"17405";"DET PO BRILHANTE HIG TOT CT 800G";"800";"10,000";"114,40";"114,40"
"17407";"DET PO GIRANDO SOL HIPO SH 400G";"800";"386,000";"1.555,34";"1.555,34"
"17408";"DET PO GIRANDO SOL HIPO SH 4K";"800";"92,000";"2.820,99";"2.820,99"
"17409";"DET PO GIRANDO SOL ROSA SH 400G";"800";"419,000";"1.691,41";"1.691,41"
"33942";"DET PO GIRANDO SOL SH 4KG COCO BAUN";"800";"262,000";"7.857,38";"7.857,38"
"33941";"DET PO GIRANDO SOL SH 800G COCO BAUN";"800";"827,000";"5.780,73";"5.780,73"
"17413";"DET PO GOTA LIMPA 1 6KG EQUILIBRIO";"800";"311,000";"3.728,89";"3.728,89"
"9737";"DET PO GOTA LIMPA 1 6KG HARMONIA";"800";"116,000";"1.390,84";"1.390,84"
"7834";"DET PO GOTA LIMPA 4KG EQUILIBRIO";"800";"239,000";"5.772,11";"5.772,11"
"17414";"DET PO GOTA LIMPA 4KG HARMONIA";"800";"326,000";"7.908,14";"7.908,14"
"7835";"DET PO GOTA LIMPA 800G EQUILIBRIO";"800";"1.449,000";"8.212,61";"8.123,01"
"17415";"DET PO GOTA LIMPA 800G HARMONIA";"800";"1.675,000";"9.495,75";"9.424,05"
"37776";"DET PO OMO LAVAG PERF 700G ";"800";"431,000";"7.113,67";"7.111,17"
"34434";"DET PO TIXAN CONC 1 6KG PRIMAVERA";"800";"252,000";"5.289,48";"5.289,48"
"17420";"DET PO TIXAN YPE CT 400PRIMAVERA";"800";"404,000";"2.823,96";"2.823,96"
"17421";"DET PO TIXAN YPE MACIEZ CT 1 6K";"800";"73,000";"1.386,19";"1.386,19"
"17422";"DET PO TIXAN YPE MACIEZ CT 400G";"800";"303,000";"2.117,97";"2.117,97"
"5668";"DETERG FINISH 450G TAB POWER";"800";"15,000";"524,85";"524,85"
"5671";"DETERG GIRANDO SOL 500ML COCO";"800";"2.421,000";"6.144,29";"6.144,29"
"5672";"DETERG GIRANDO SOL 500ML GLICERINA";"800";"79,000";"196,71";"196,71"
"5673";"DETERG GIRANDO SOL 500ML LIMAO";"800";"874,000";"2.228,42";"2.228,42"
"5674";"DETERG GIRANDO SOL 500ML MACA";"800";"2.131,000";"5.449,23";"5.449,23"
"5675";"DETERG GIRANDO SOL 500ML NATURAL";"800";"2.307,000";"5.841,07";"5.841,07"
"5676";"DETERG GIRANDO SOL 500ML NEUTRO";"800";"3.241,000";"8.296,01";"8.296,01"
"5691";"DETERG YPE 500 ML CLEAR";"800";"638,000";"2.349,00";"2.349,00"
"5692";"DETERG YPE 500 ML NEUTRO";"800";"600,000";"1.758,08";"1.758,08"
"5693";"DETERG YPE 500ML CAPIM LIMAO";"800";"813,000";"2.973,87";"2.972,17"
"5694";"DETERG YPE 500ML CLEAR CARE";"800";"506,000";"1.863,66";"1.861,96"
"5695";"DETERG YPE 500ML COCO";"800";"453,000";"1.645,47";"1.643,77"
"5698";"DETERG YPE 500ML LIMAO";"800";"565,000";"2.055,27";"2.053,57"
"5696";"DETERG YPE 500ML MACA";"800";"616,000";"2.257,38";"2.257,38"
"9298";"DETERG YPE LIQ 5L CLEAR";"800";"21,000";"573,02";"573,02"
"9299";"DETERG YPE LIQ 5L NEUTRO";"800";"43,000";"1.185,21";"1.185,21"
"17426";"DETERGENTE ZAVASKI CLORADO 1L";"800";"46,000";"321,54";"321,54"
"11025";"DIANTEIRO RESERVA BOV MOIDO";"800";"21.970,181";"590.762,00";"589.952,35"
"36805";"DIFUSOR AMBIENTES MAES 45ML";"800";"13,000";"298,87";"298,87"
"5699";"DIFUSOR BOM AR AP ELETRICO RF 16ML LAVANDA GERANIO";"800";"13,000";"549,77";"549,77"
"5700";"DIFUSOR BOM AR AP ELETRICO RF 16ML LIRIO BCO ALGOD";"800";"9,000";"359,91";"359,91"
"36485";"DIFUSOR DE AROMAS CHA BRANCO 270ML";"800";"15,000";"239,85";"239,85"
"34316";"DIFUSOR GLADE 100ML BRINDE NORONHA";"800";"8,000";"175,92";"175,92"
"33825";"DIFUSOR GLADE 100ML RELAX LAVENDER";"800";"3,000";"74,97";"74,97"
"34315";"DIFUSOR GLADE 100ML VOO BONITO";"800";"10,000";"219,90";"219,90"
"5701";"DIFUSOR GLADE FRESCOR 100ML AGUAS FLORAIS";"800";"1,000";"22,69";"22,69"
"5702";"DIFUSOR GLADE FRESCOR 100ML FRUTAS E FLORES";"800";"11,000";"307,40";"307,40"
"5703";"DIFUSOR GLADE FRESCOR 100ML LAVANDA";"800";"19,000";"437,74";"437,74"
"5704";"DIFUSOR GLADE FRESCOR 100ML LEMBRANCA INFAN";"800";"9,000";"208,63";"208,63"
"35679";"DIFUSOR GLADE H FRAG FLOWERS 100ML";"800";"4,000";"99,96";"99,96"
"35575";"DIFUSOR GLADE TOQUE DE MACIEZ 100ML";"800";"8,000";"193,12";"193,12"
"33396";"DISPENSER LIQ VIDRO AMARELO 360ML";"800";"6,000";"113,94";"113,94"
"33397";"DISPENSER LIQUIDO VIDRO 400ML AZUL";"800";"6,000";"113,94";"113,94"
"33398";"DISPENSER LIQUIDO VIDRO 400ML CLEAR";"800";"2,000";"37,98";"37,98"
"33395";"DISPENSER LIQUIDO VIDRO 400ML ROSA";"800";"3,000";"56,97";"56,97"
"17431";"DISPENSER MEL C/DOSADOR 235ML";"800";"1,000";"27,99";"27,99"
"33683";"DOCE AMEN STO ANT GIBI 1 4KG MOLECAO CASEIRO";"800";"19,000";"550,81";"550,81"
"33682";"DOCE AMEN STO ANT GIBI 1 4KG PACOCA CASEIRA";"800";"42,000";"1.217,58";"1.217,58"
"36836";"DOCE BALSAMO SABORES 800G";"800";"3,000";"74,70";"74,70"
"2494";"DOCE DE LEITE DOCITO PT 400G";"800";"641,000";"3.006,29";"3.006,29"
"36243";"DOCE DIFRUTTI 1 010KG ABOBORA";"800";"65,000";"675,35";"675,35"
"2533";"DOCE DIFRUTTI 1 010KG FIGO";"800";"83,000";"862,37";"862,37"
"2536";"DOCE DIFRUTTI 1 010KG GOIABA";"800";"22,000";"228,58";"228,58"
"2534";"DOCE DIFRUTTI 1 010KG MORANGO";"800";"65,000";"675,35";"675,35"
"2537";"DOCE DIFRUTTI 1 010KG PESSEGO";"800";"57,000";"592,23";"592,23"
"2535";"DOCE DIFRUTTI 1 010KG UVA";"800";"34,000";"353,26";"353,26"
"2481";"DOCE DIFRUTTI 400G ABACAXI";"800";"154,000";"845,46";"845,46"
"36242";"DOCE DIFRUTTI 400G ABOBORA";"800";"150,000";"823,50";"823,50"
"2490";"DOCE DIFRUTTI 400G FIGO";"800";"168,000";"922,32";"922,32"
"2487";"DOCE DIFRUTTI 400G GOIABA";"800";"193,000";"1.059,57";"1.059,57"
"2488";"DOCE DIFRUTTI 400G MACA CANELA";"800";"117,000";"642,33";"642,33"
"2482";"DOCE DIFRUTTI 400G MORANGO";"800";"86,000";"472,14";"472,14"
"2478";"DOCE DIFRUTTI 400G PESSEGO";"800";"129,000";"708,21";"708,21"
"2485";"DOCE DIFRUTTI 400G UVA";"800";"260,000";"1.427,40";"1.427,40"
"2538";"DOCE DOCITO 990G CREMOSO C LEITE";"800";"363,000";"3.771,57";"3.771,57"
"37688";"DOCE JAZAM TETOP CHOC C 50";"800";"8,000";"239,20";"239,20"
"37699";"DOCE JAZAM TETOP MORANGO C 50";"800";"9,000";"269,10";"269,10"
"2587";"DOCE LEITE MU MU PT 350G";"800";"5.558,000";"60.139,02";"57.945,99"
"2587";"DOCE LEITE MU MU PT 350G";"810";"2,000";"21,78";"21,78"
"2585";"DOCE LEITE MU MU PT 350G CHOC";"800";"469,000";"5.107,41";"5.059,10"
"2682";"DOCE LEITE PETRY CREMOSO PT 1KG";"800";"33,000";"657,47";"657,47"
"2531";"DOCE LEITE PETRY PT 400G CREMOSO";"800";"32,000";"382,48";"382,48"
"11030";"DOCE LEITE STA CLARA KG";"800";"17,764";"764,36";"764,36"
"2627";"DOCE LEITE STA CLARA PT 400G";"800";"45,000";"809,55";"809,55"
"2630";"DOCE LEITE STA CLARA PT 400G CHOC";"800";"15,000";"269,85";"269,85"
"2662";"DOCE LEITE STA CLARA PT 400G ZR LAC";"800";"19,000";"399,47";"399,47"
"1737";"DOCE N BONN 1 01KG SORVETE";"800";"16,000";"646,66";"610,48"
"1738";"DOCE N BONN 1 05KG SUSPIRO";"800";"26,000";"1.026,94";"1.026,94"
"1736";"DOCE N BONN 1 8KG ABOBORA VERMELHA";"800";"17,000";"614,24";"610,74"
"1993";"DOCE N BONN BIG 1 2KG ABOBORA";"800";"23,000";"753,39";"753,39"
"37855";"DOCE N BONN BIG CASEIRAO 3KG";"800";"4,000";"210,36";"210,36"
"1991";"DOCE N BONN BIG PACOCA 1 3KG CASEIRO";"800";"16,000";"528,14";"528,14"
"17449";"DOCE N BONN FONDANT LEITE 1K";"800";"4,000";"75,56";"75,56"
"35649";"DOCE N BONN FONDANT LEITE 2KG";"800";"1,000";"39,59";"39,59"
"1733";"DOCE N BONN GELEIA 1050G";"800";"44,000";"813,56";"813,56"
"1970";"DOCE N BONN PACOCA 1KG CASEIRA";"800";"209,000";"3.592,71";"3.592,71"
"1984";"DOCE N BONN PACOCA 2KG CASEIRO";"800";"138,000";"4.177,02";"4.177,02"
"17450";"DOCE N BONN PEZAO 1K PE MOLEQUE";"800";"326,000";"5.603,94";"5.603,94"
"2574";"DOCE PETRY 400G ABACAXI";"800";"18,000";"270,42";"270,42"
"2524";"DOCE PETRY 400G ABOBORA COCO";"800";"45,000";"427,05";"427,05"
"2529";"DOCE PETRY 400G BANANA";"800";"29,000";"275,21";"275,21"
"2521";"DOCE PETRY 400G COLONIAL CANA";"800";"10,000";"94,90";"94,90"
"2527";"DOCE PETRY 400G FIGO";"800";"34,000";"322,66";"322,66"
"2518";"DOCE PETRY 400G GOIABA";"800";"36,000";"341,64";"341,64"
"2523";"DOCE PETRY 400G MACA";"800";"20,000";"189,80";"189,80"
"2576";"DOCE PETRY 400G MORANGO";"800";"49,000";"626,71";"626,71"
"2525";"DOCE PETRY 400G PESSEGO";"800";"39,000";"370,11";"370,11"
"2530";"DOCE PETRY 400G UVA";"800";"97,000";"920,53";"920,53"
"2581";"DOCE PETRY LIGHT 400G ABOBORA COCO";"800";"10,000";"122,70";"122,70"
"2580";"DOCE PETRY LIGHT 400G FIGO";"800";"14,000";"172,17";"172,17"
"2579";"DOCE PETRY LIGHT 400G GOIABA";"800";"20,000";"279,80";"279,80"
"2638";"DOCE PETRY LIGHT 400G MORANGO";"800";"22,000";"363,81";"363,81"
"2578";"DOCE PETRY LIGHT 400G UVA";"800";"22,000";"269,49";"269,49"
"37693";"DOCE PINGO DE LEITE JAZAM CHOC 500G";"800";"7,000";"111,30";"111,30"
"37698";"DOCE PINGO DE LEITE JAZAM MAX 440G";"800";"1,000";"17,99";"17,99"
"37725";"DOCE PINGO LEITE JAZAM ORIG 500G";"800";"12,000";"211,70";"211,70"
"2644";"DOCE QUATRO FRUTAS ST ANTONIO 500G";"800";"62,000";"1.202,18";"1.202,18"
"30333";"DOCE S CLARA PESSEGO 400G";"800";"5,000";"48,74";"48,74"
"2498";"DOCE SORO DE LEITE DA SERRA PT 400G";"800";"307,000";"2.169,33";"2.167,03"
"1907";"DOCE ST ANTONIO 140G MOCOTO";"800";"113,000";"846,37";"846,37"
"2570";"DOCE STA CLARA 400G ABACAXI";"800";"23,000";"323,93";"323,93"
"2508";"DOCE STA CLARA 400G ABOBORA COCO";"800";"66,000";"630,34";"630,34"
"2514";"DOCE STA CLARA 400G FIGO";"800";"61,000";"583,39";"583,39"
"2515";"DOCE STA CLARA 400G GOIABA";"800";"74,000";"710,76";"710,76"
"2572";"DOCE STA CLARA 400G MORANGO";"800";"41,000";"572,52";"572,52"
"2511";"DOCE STA CLARA 400G UVA";"800";"60,000";"572,40";"572,40"
"2511";"DOCE STA CLARA 400G UVA";"810";"2,000";"18,98";"18,98"
"11026";"DOCE STA CLARA KG ABOB COCO";"800";"83,308";"2.001,62";"1.969,82"
"11028";"DOCE STA CLARA KG FIGO";"800";"68,008";"1.623,77";"1.594,48"
"11029";"DOCE STA CLARA KG GOIABA";"800";"72,797";"1.766,09";"1.731,24"
"11032";"DOCE STA CLARA KG MOR";"800";"23,430";"710,29";"710,29"
"11033";"DOCE STA CLARA KG UVA";"800";"65,087";"1.562,96";"1.523,60"
"11035";"DOCES BEIJINHO KG ALEGRETE";"800";"5,310";"254,85";"254,85"
"11037";"DOCES BRIGADEIRO";"800";"0,524";"24,63";"24,63"
"11038";"DOCES BRIGADEIRO ALEGRETE ALEGRETE";"800";"12,608";"605,10";"605,10"
"35263";"DOGUINHO SALSICHA MARQUESPAN KG";"800";"67,025";"2.681,00";"2.681,00"
"11042";"DONUTS COLORIDO MARQUESPAN";"800";"166,904";"8.345,20";"8.345,20"
"11044";"DORSO FGO BOM FGO";"800";"5.667,991";"22.233,65";"22.233,65"
"17457";"DOSADOR INOX P BEBS CLASS HOME 40ML ";"800";"3,000";"29,97";"29,97"
"37503";"DROPS FLORESTAL SABORES 30G CEREJA";"800";"65,000";"83,85";"83,85"
"37502";"DROPS FLORESTAL SABORES 30G EUCALIPTO";"800";"89,000";"114,81";"114,81"
"37497";"DROPS FLORESTAL SABORES 30G EXTRA FORTE";"800";"62,000";"79,98";"79,98"
"37500";"DROPS FLORESTAL SABORES 30G MELANCIA";"800";"55,000";"70,95";"70,95"
"37499";"DROPS FLORESTAL SABORES 30G MENTA";"800";"5,000";"6,45";"6,45"
"1894";"DROPS FREEGELLS 27 6G CEREJA CHOC";"800";"516,000";"1.026,84";"1.004,95"
"1896";"DROPS FREEGELLS 27 6G MENTA CHOC";"800";"294,000";"585,06";"577,06"
"1893";"DROPS FREEGELLS 27 6G MORANGO CHOC";"800";"440,000";"875,60";"853,71"
"1843";"DROPS FREEGELLS 27 9G CEREJA";"800";"395,000";"786,05";"786,05"
"1845";"DROPS FREEGELLS 27 9G EUCALIPTO";"800";"632,000";"1.257,68";"1.257,68"
"1849";"DROPS FREEGELLS 27 9G EXTRA FORTE";"800";"1.147,000";"2.282,53";"2.254,75"
"1850";"DROPS FREEGELLS 27 9G FRESH MELAO";"800";"245,000";"487,55";"465,66"
"1852";"DROPS FREEGELLS 27 9G MENTA";"800";"771,000";"1.534,29";"1.512,40"
"1842";"DROPS FREEGELLS 27 9G MORANGO";"800";"519,000";"1.032,81";"1.002,92"
"1847";"DROPS FREEGELLS 27 9G VIT C CITRUS";"800";"787,000";"1.566,13";"1.544,24"
"1867";"DROPS HALLS 28G CEREJA";"800";"805,000";"2.970,45";"2.970,45"
"1861";"DROPS HALLS 28G MELANCIA";"800";"1.200,000";"4.428,00";"4.428,00"
"1862";"DROPS HALLS 28G MENTA";"800";"1.032,000";"3.808,08";"3.767,58"
"1864";"DROPS HALLS 28G MENTA PRATA";"800";"4,000";"14,76";"14,76"
"1866";"DROPS HALLS 28G MORANGO";"800";"833,000";"3.073,77";"3.032,37"
"17470";"DROPS HALLS EXTRA FORTE 27 5G";"800";"1.935,000";"5.592,15";"5.592,15"
"37545";"DROPS MASTIGAVEL ZOLLE 35G CRJ";"800";"16,000";"31,84";"31,84"
"37508";"DROPS MASTIGAVEL ZOLLE 35G MACA VDE";"800";"67,000";"200,33";"200,33"
"37461";"DROPS MASTIGAVEL ZOLLE 35G MOR";"800";"10,000";"19,90";"19,90"
"37073";"DROPS MASTIGAVEL ZOLLE 35G UVA";"800";"49,000";"97,51";"97,51"
"36921";"DS FEST LIXEIRA PLASUTIL E BLACK 4";"800";"3,000";"44,97";"44,97"
"9304";"DUCHA CORONA GORDUCHA 220V 3T";"800";"1,000";"58,90";"58,90"
"17472";"DUCHA ELETR 4 TEMP BCA 220W";"800";"36,000";"3.596,40";"3.596,40"
"17473";"DUCHA ELETR ADVANCED 220V 7500W";"800";"7,000";"1.889,30";"1.889,30"
"17474";"DUCHA ELETR E SOFT 7500W 220V";"800";"9,000";"1.169,10";"1.169,10"
"17475";"DUCHA ELETR SHOWER ULTRA 220V/7500W";"800";"1,000";"149,90";"149,90"
"17476";"DUCHA ENERDUCHA UP4 6800W 220V BCO";"800";"317,000";"18.988,30";"18.988,30"
"9305";"DUCHA FAME 220V 6800W 4 TEMP";"800";"256,000";"20.552,40";"19.989,97"
"35020";"DUCHA GORDUCHA ZAFONEL 4T 220V";"800";"166,000";"9.943,40";"9.902,49"
"5713";"DUCHA LORENZETTI BELL 4T 220V 6800W ";"800";"22,000";"2.199,78";"2.199,78"
"5714";"DUCHA LORENZETTI MAXI BAN 5400W220W";"800";"74,000";"7.399,26";"7.399,26"
"35021";"DUCHA SS ZAGONEL 3T 220V BCA";"800";"301,000";"15.019,90";"15.019,90"
"17483";"DUCHA TRAMONTINA SENSE DAY 220V";"800";"31,000";"2.166,90";"2.166,90"
"30341";"DUCREM JAZAM SMILE AVEL CH BC 450G";"800";"7,000";"111,93";"111,93"
"30342";"DUETO FUGINI SH 1 7KG MILHO ERVILHA";"800";"120,000";"3.595,11";"3.595,11"
"2378";"DUETO FUGINI SH 170G ERVILHA MILHO";"800";"4.012,000";"13.586,08";"12.418,38"
"828";"DUETO ODERICH ERV MILHO LT 2KG";"800";"56,000";"1.928,09";"1.928,09"
"2374";"DUETO ODERICH ERVIL CENOURA LT 200G";"800";"488,000";"2.796,98";"2.796,98"
"2381";"DUETO ODERICH LT 200G ERVILHA MILHO";"800";"4.238,000";"19.452,42";"19.452,42"
"2384";"DUETO OLE LT 1 700KG ERVILHA MILHO";"800";"269,000";"7.523,19";"7.523,19"
"2379";"DUETO OLE LT 170G ERVILHA MILHO";"800";"2.097,000";"7.947,63";"7.947,63"
"17486";"EDRED BLEND COMFORT ESTAMP 150X220";"800";"21,000";"2.097,90";"2.097,90"
"17487";"EDRED BLEND COMFORT ESTAMP 190X220";"800";"83,000";"9.951,70";"9.931,70"
"17488";"EDRED BLEND COMFORT ESTAMP 220X230";"800";"23,000";"3.217,70";"3.217,70"
"17489";"EDRED BLEND COMFORT SHERPA 1,20X2,20";"800";"1,000";"139,90";"139,90"
"17490";"EDRED CORTTEX COLOR ART 150F 190X210";"800";"250,000";"12.475,00";"12.475,00"
"17493";"ELAST P/BAGAGEIRO 1,5M";"800";"3,000";"47,97";"47,97"
"17494";"ELAST P/BAGAGEIRO 1,5M BK6";"800";"3,000";"32,97";"32,97"
"17496";"ELAST P/CABELO COLORIDO";"800";"18,000";"89,82";"89,82"
"17502";"ELAST YIKUER";"800";"1,000";"3,99";"3,99"
"9307";"ELASTICO BELLESA C FAIXA KIDS ";"800";"1,000";"12,90";"12,90"
"9306";"ELASTICO BELLESA MEIA MARROM 6UN ";"800";"1,000";"6,39";"6,39"
"37084";"ELASTICO EXTENSOR MULTIUSO 1 5X12";"800";"14,000";"97,86";"97,86"
"5724";"ELETRICO LIQ BOM AR 16ML DOCE DIA LV RF";"800";"11,000";"414,59";"414,59"
"5725";"ELETRICO LIQ BOM AR 16ML FRESC CACHO RF";"800";"18,000";"678,42";"678,42"
"5726";"ELIM ODORES GEL GLADE 70G FLORAL PERFECT";"800";"19,000";"283,10";"283,10"
"5727";"ELIM ODORES GEL GLADE 70G LAVANDA";"800";"25,000";"361,58";"361,58"
"5728";"ELIM ODORES GEL GLADE 70G MACIEZ";"800";"27,000";"397,73";"397,73"
"17504";"ELIM ODORES SANOL 2L FLORAL";"800";"4,000";"82,69";"82,69"
"17505";"ELIM ODORES SANOL 2L LAVANDA";"800";"3,000";"64,47";"64,47"
"17506";"ELIM ODORES SANOL C GATILHO 500ML";"800";"4,000";"63,96";"63,96"
"37809";"EMB CUPCAKE C6 DIVIS GALVANOTEK G16 ";"800";"4,000";"3,96";"3,96"
"5729";"EMB GALVAN G302 SIMPLIC 700ML 10UN ";"800";"6,000";"113,94";"113,94"
"30364";"EMB PLAST GALV G305 SF POT 1L C 10";"800";"10,000";"159,00";"159,00"
"30366";"EMB PLAST GALV G312/500SF POTE 500MLC/25";"800";"16,000";"391,84";"391,84"
"17516";"EMB PLAST GALV G50 F-PR TORTA P 1,5K";"800";"1,000";"3,49";"3,49"
"17518";"EMB PLAST GALV G50 M TORTA P A 1 7K";"800";"24,000";"86,16";"86,16"
"17521";"EMB PLAST GALV G56 M BR TORTA M A 2K";"800";"3,000";"14,97";"13,57"
"17526";"EMB PLAST GALV G65 M TORTA R P 3K ";"800";"1,000";"5,99";"5,99"
"17542";"EMB PLAST GALV GO933 BARCA M";"800";"1,000";"2,89";"2,89"
"17548";"EMB PRATICA GABOARDI 2KG";"800";"347,000";"1.488,63";"1.487,83"
"17549";"EMB PRATICA GABOARDI 3KG";"800";"241,000";"1.298,99";"1.298,99"
"17550";"EMB PRATICA GABOARDI 5KG";"800";"184,000";"1.157,36";"1.157,36"
"9311";"EMB ROYALPACK MULTI FREEZER 2KG";"800";"186,000";"1.062,54";"1.062,54"
"5736";"EMBUTIDO COZ SANTA CLARA 400G SUINO";"800";"101,000";"2.220,99";"2.220,99"
"9312";"EMP AURORA AUROGGETS CROC 275G";"800";"452,000";"4.852,18";"4.852,18"
"9313";"EMP AURORA FRANGO PEITO 100G";"800";"2.010,000";"5.069,92";"4.502,28"
"9314";"EMP FRANGO AURORA AUROGGETS 275G";"800";"216,000";"2.286,54";"2.286,54"
"11048";"EMPADA FGO SPECIATTA KG";"800";"122,664";"8.586,41";"8.480,65"
"30370";"EMPADA FOLH SPECIATTA PRES QJO KG";"800";"0,860";"60,20";"60,20"
"34517";"EMPADAO PERDIGAO 500G CALAB C CREAM";"800";"51,000";"1.112,09";"1.100,68"
"34518";"EMPADAO PERDIGAO 500G FGO C BACON";"800";"97,000";"1.660,73";"1.606,68"
"35131";"EMPAN CAMARAO JAPESCA 250G";"800";"19,000";"623,25";"623,25"
"35130";"EMPAN DE TRAIRA JAPESCA 250G";"800";"19,000";"430,75";"430,75"
"37818";"EMPANADO AURORA AUROGGETS 900G TRAD";"800";"8,000";"219,92";"219,92"
"17555";"EMPANADO AURORA RECH 120G";"800";"1.492,000";"8.358,28";"8.358,28"
"5737";"EMPANADO EXCELSIOR FGO 300G";"800";"59,000";"778,30";"778,30"
"10343";"EMPANADO FGO EXCELSIOR 100G";"800";"35.480,000";"63.978,70";"60.781,90"
"17557";"EMPANADO FGO NOBRINHO 900G";"800";"519,000";"12.100,11";"12.091,21"
"17558";"EMPANADO FGO SADIA 100G STCEFGOC";"800";"1.594,000";"4.633,92";"4.633,92"
"17560";"EMPANADO PERDIGAO AVE 100G CAE006";"800";"757,000";"1.886,89";"1.886,89"
"17561";"EMPANADO PERDIGAO RECH 100PRC";"800";"1.016,000";"6.099,54";"6.099,54"
"3800";"EMUSTAB SELECTA 200G";"800";"52,000";"951,08";"950,58"
"443";"ENERG BALY LT 473ML ABACAXI HORT SA";"800";"41,000";"308,69";"305,99"
"441";"ENERG BALY LT 473ML ABACAXI HORTELA";"800";"74,000";"569,46";"569,46"
"445";"ENERG BALY LT 473ML CEREJA";"800";"74,000";"540,76";"540,76"
"456";"ENERG BALY LT 473ML MACA VERDE";"800";"94,000";"714,06";"714,06"
"458";"ENERG BALY LT 473ML MACA VERDE S A";"800";"51,000";"387,19";"387,19"
"459";"ENERG BALY LT 473ML MANGA";"800";"19,000";"139,61";"139,61"
"460";"ENERG BALY LT 473ML MELANCIA";"800";"106,000";"801,94";"801,94"
"461";"ENERG BALY LT 473ML MELANCIA S A";"800";"38,000";"287,42";"284,72"
"465";"ENERG BALY LT 473ML MOR PESSEG S A";"800";"73,000";"548,77";"548,77"
"466";"ENERG BALY LT 473ML MORANGO PESSEGO";"800";"41,000";"309,49";"309,49"
"468";"ENERG BALY LT 473ML SUGARFREE";"800";"67,000";"503,83";"503,83"
"36829";"ENERG BALY LT 473ML TADALA AZULZIN";"800";"118,000";"565,22";"565,22"
"455";"ENERG BALY LT 473ML TRAD";"800";"147,000";"1.123,83";"1.123,83"
"451";"ENERG BALY LT 473ML TROPICAL";"800";"56,000";"425,44";"425,44"
"469";"ENERG BALY LT 473ML TROPICAL S A";"800";"47,000";"356,43";"356,43"
"36828";"ENERG BALY PET 2L TADALA AZULZINHO";"800";"135,000";"1.888,65";"1.888,65"
"403";"ENERG ELEV LT 473 ML ACAI COCO";"800";"82,000";"532,92";"508,62"
"404";"ENERG ELEV LT 473 ML FRUT TROPICAIS";"800";"151,000";"980,53";"944,73"
"407";"ENERG ELEV LT 473 ML ORIGINAL";"800";"110,000";"714,16";"698,30"
"408";"ENERG ELEV LT 473 ML ZERO";"800";"127,000";"842,31";"808,75"
"405";"ENERG ELEV LT 473ML GUAR MARACUJA";"800";"135,000";"882,63";"849,75"
"406";"ENERG ELEV LT 473ML MACA VERDE";"800";"142,000";"933,62";"897,16"
"3853";"ENERG ELEV LT 473ML MOR MELANCIA";"800";"98,000";"677,62";"628,52"
"34497";"ENERG ELEV LT 473ML PINK LIMONADE";"800";"121,000";"835,17";"801,80"
"416";"ENERG ELEV PET 2 L ZERO";"800";"57,000";"597,43";"580,43"
"410";"ENERG ELEV PET 2L FRUT TROPICAIS";"800";"46,000";"482,54";"421,05"
"415";"ENERG ELEV PET 2L MACA VERDE";"800";"62,000";"648,88";"609,88"
"3852";"ENERG ELEV PET 2L MOR MELANCIA";"800";"121,000";"1.269,29";"1.041,79"
"412";"ENERG ELEV PET 2L ORIGINAL";"800";"188,000";"1.965,62";"1.907,12"
"34748";"ENERG ELEV PET 2L ZR PINK LEMON";"800";"92,000";"965,08";"943,08"
"572";"ENERG HIPERTENSAO PET 1L";"800";"98,000";"592,72";"592,72"
"3854";"ENERG HIPERTENSAO PET 2L MACA VERDE";"800";"115,000";"861,35";"861,35"
"3855";"ENERG HIPERTENSAO PET 2L MELANCIA";"800";"41,000";"316,69";"316,69"
"576";"ENERG HIPERTENSAO PET 2L ORIGINAL";"800";"236,000";"1.798,44";"1.798,44"
"575";"ENERG HIPERTENSAO PET 2L ZERO";"800";"57,000";"428,53";"428,53"
"386";"ENERG MONSTER LT 473ML ABSOLUT ZERO";"800";"518,000";"4.875,02";"4.773,22"
"388";"ENERG MONSTER LT 473ML DRAGON LIMAO";"800";"149,000";"1.402,81";"1.381,81"
"5742";"ENERG MONSTER LT 473ML FIESTA MANGO";"800";"226,000";"2.112,14";"2.078,54"
"389";"ENERG MONSTER LT 473ML GREEN";"800";"2.404,000";"22.682,36";"22.297,36"
"390";"ENERG MONSTER LT 473ML GREEN ZERO";"800";"1.402,000";"13.246,38";"12.976,58"
"391";"ENERG MONSTER LT 473ML KHAOTIC JUICE";"800";"148,000";"1.396,52";"1.371,72"
"392";"ENERG MONSTER LT 473ML MANGO LOCO";"800";"930,000";"8.745,50";"8.565,90"
"387";"ENERG MONSTER LT 473ML PACIFIC PUNCH";"800";"282,000";"2.639,78";"2.600,38"
"3839";"ENERG MONSTER LT 473ML PEACHY KEEN";"800";"231,000";"2.171,39";"2.135,79"
"393";"ENERG MONSTER LT 473ML PESSEGO";"800";"22,000";"210,28";"205,28"
"34460";"ENERG MONSTER LT 473ML PIPELINE PUNCH";"800";"205,000";"1.931,25";"1.888,65"
"37319";"ENERG MONSTER LT 473ML STRAWBERRY";"800";"244,000";"2.315,56";"2.305,36"
"396";"ENERG MONSTER LT 473ML ULTRA";"800";"261,000";"2.474,69";"2.437,69"
"394";"ENERG MONSTER LT 473ML ULTRA VIOLET";"800";"84,000";"797,16";"790,36"
"397";"ENERG MONSTER LT 473ML WATERMELON";"800";"133,000";"1.241,37";"1.225,17"
"395";"ENERG MONSTER ULT PARADISE LT 473ML";"800";"3,000";"28,47";"28,47"
"517";"ENERG RED BULL LT 250ML";"800";"505,000";"5.044,95";"5.044,95"
"33731";"ENERG RED BULL LT 250ML AMORA S ACUCAR";"800";"63,000";"629,37";"629,37"
"519";"ENERG RED BULL LT 250ML MELANCIA";"800";"3,000";"31,50";"31,50"
"520";"ENERG RED BULL LT 250ML MORANGO PESSEGO";"800";"22,000";"223,86";"223,86"
"37262";"ENERG RED BULL LT 250ML NECTARINA";"800";"36,000";"359,64";"359,64"
"37263";"ENERG RED BULL LT 250ML NECTARINA S ACU";"800";"4,000";"39,96";"39,96"
"33732";"ENERG RED BULL LT 250ML POMELO";"800";"7,000";"73,05";"73,05"
"526";"ENERG RED BULL LT 250ML TROPICAL";"800";"1,000";"10,50";"10,50"
"33730";"ENERG RED BULL LT 250ML ZERO";"800";"98,000";"987,60";"987,60"
"533";"ENERG RED BULL LT 355ML";"800";"35,000";"496,75";"489,84"
"534";"ENERG RED BULL LT 473ML";"800";"54,000";"965,72";"935,67"
"37250";"ENERG RED BULL MACA S A LT 250ML";"800";"23,000";"229,77";"229,77"
"17566";"ENERG RED BULL MELAO MARAC LT 250ML";"800";"8,000";"81,88";"81,88"
"17576";"ENF HALL ANEL ARANHA PLAST C/30";"800";"1,000";"6,99";"6,99"
"17577";"ENF HALL ARANHA GRANDE";"800";"2,000";"21,98";"21,98"
"17584";"ENF HALL CENTOPEIA PLAST 12X3CM 8PC";"800";"1,000";"13,99";"13,99"
"17586";"ENF HALL CORR ABOBPLAST 1,15MX4CM C/LUZ";"800";"2,000";"55,98";"55,98"
"17590";"ENF HALL ESCORPIAO GRAND PLAST 4,5X3,5CM";"800";"1,000";"18,99";"18,99"
"17593";"ENF HALL FOICE";"800";"1,000";"9,99";"9,99"
"17600";"ENF HALL MORCEGO PLAST 10,5X5CM CART";"800";"1,000";"16,90";"16,90"
"34019";"ENF HALL MORCEGO PLAST 6X4CM";"800";"1,000";"12,99";"12,99"
"34018";"ENF HALL OLHOS PLAST C 6";"800";"4,000";"35,96";"35,96"
"17604";"ENF HALL TRIDENTE VERM";"800";"1,000";"9,99";"9,99"
"5746";"ENX BUC CLOSE UP 250ML C ALCOOL ICE";"800";"7,000";"95,13";"95,13"
"33234";"ENX BUC LISTER ZR PROMO 500ML CUIDADO TOTAL";"800";"46,000";"1.508,34";"1.508,34"
"33235";"ENX BUC LISTER ZR PROMO 500ML MELANCIA";"800";"20,000";"655,80";"617,40"
"5750";"ENX BUC LISTERINE 250ML CUIDADO TOC NC";"800";"13,000";"291,07";"291,07"
"5753";"ENX BUC LISTERINE L500 P350 ZERO COOL MINT";"800";"48,000";"1.007,52";"1.005,52"
"5756";"ENX BUC ORAL B 500ML MENTA ZERO ALCOOL";"800";"17,000";"445,51";"445,51"
"5761";"ENX BUC PLAX COLGATE LV500 PG350ML INFINITY";"800";"25,000";"503,39";"503,39"
"5760";"ENX BUC PLAX COLGATE LV500PG350ML ICE";"800";"67,000";"938,50";"938,50"
"5763";"ENX BUC PLAX COLGATE LV750 PG500ML ODOR CONTROL";"800";"149,000";"3.485,11";"3.485,11"
"17650";"ENX BUCAL ABOVE 500ML";"800";"66,000";"857,34";"857,34"
"17646";"ENX BUCAL COLGAT PLAX FRESH MINT 750ML";"800";"63,000";"1.517,36";"1.517,36"
"17651";"ENX BUCAL COLGATE 500ML CLEAN MINT";"800";"3,000";"76,39";"76,39"
"17660";"ENX BUCAL COLGATE PLAX L500P350ML FRESH MINT";"800";"93,000";"1.913,67";"1.913,67"
"5770";"ENX BUCAL LISTERINE 250ML COOL MINT";"800";"39,000";"619,71";"619,71"
"5771";"ENX BUCAL LISTERINE 250ML ZERO ALCOOL";"800";"58,000";"921,62";"921,62"
"5773";"ENXAG BUCAL COLGATE 250ML ICE INFINITY";"800";"101,000";"1.439,65";"1.439,65"
"5748";"ENXAG BUCAL COLGATE 500ML ODOR CONTROL";"800";"122,000";"2.438,78";"2.438,78"
"5758";"ENXAG BUCAL COLGATE PLAX 250ML MINT";"800";"63,000";"879,42";"879,42"
"17652";"ENXAG BUCAL COLGATE PLAX 250ML ODOR CONTROL";"800";"84,000";"1.181,79";"1.181,79"
"37817";"ENXAG BUCAL COLGATE PLAX FRES 500ML MELANCIA";"800";"11,000";"218,79";"218,79"
"36430";"ENXAG BUCAL LISTERINE CMINT LV500PG";"800";"67,000";"1.406,33";"1.403,33"
"2599";"ERVA MATE ALVORADA 1KG";"800";"650,000";"7.981,03";"7.981,03"
"2479";"ERVA MATE ALVORADA 500G";"800";"355,000";"2.253,35";"2.253,35"
"17664";"ERVA MATE BARAO MOIDA GROSSA VAC";"800";"97,000";"1.353,34";"1.353,34"
"2626";"ERVA MATE BATURITE 1KG";"800";"1.079,000";"15.049,49";"15.049,49"
"2554";"ERVA MATE BATURITE 500G COMPOSTA";"800";"321,000";"2.876,97";"2.876,97"
"2513";"ERVA MATE BATURITE 500G TRAD";"800";"423,000";"3.591,27";"3.591,27"
"17665";"ERVA MATE CAMBONA MOIDA GROSSA 1KG";"800";"2.356,000";"25.052,19";"24.070,73"
"2632";"ERVA MATE CRISTALINA 1KG SUAVE";"800";"687,000";"9.267,63";"9.267,63"
"2635";"ERVA MATE CRISTALINA 1KG TRAD";"800";"288,000";"3.885,12";"3.885,12"
"2522";"ERVA MATE CRISTALINA 500G SUAVE";"800";"143,000";"1.281,61";"1.281,61"
"17672";"ERVA MATE GAUCHA DA SERRA M GROSSA 1K";"800";"42,000";"537,58";"537,58"
"17673";"ERVA MATE GAUCHA DA SERRA PREMIUM 1K";"800";"37,000";"502,63";"502,63"
"17674";"ERVA MATE GAUCHA DA SERRA PREMIUM 500G";"800";"17,000";"126,83";"126,83"
"37261";"ERVA MATE LEAO VACUO 1KG";"800";"1.194,000";"16.240,21";"14.376,00"
"2562";"ERVA MATE MADRUGADA 500G CASCARITA";"800";"246,000";"2.580,94";"2.580,94"
"2560";"ERVA MATE MADRUGADA 500G CHA VERDE";"800";"206,000";"2.163,94";"2.163,94"
"2563";"ERVA MATE MADRUGADA 500G COMPOSTA";"800";"282,000";"2.967,38";"2.967,38"
"2625";"ERVA MATE NATUFOLHA 1KG OURO";"800";"123,000";"1.720,77";"1.720,77"
"2502";"ERVA MATE NATUFOLHA 500G";"800";"121,000";"1.083,65";"1.083,65"
"2614";"ERVA MATE NATUMATE 1KG MOIDA GROSSA";"800";"197,000";"2.750,45";"2.750,45"
"2612";"ERVA MATE NATUMATE 1KG NATIVA";"800";"560,000";"7.818,11";"7.818,11"
"2611";"ERVA MATE NATUMATE 1KG TRAD C ACUCAR";"800";"298,000";"3.871,02";"3.871,02"
"2551";"ERVA MATE NATUMATE 500G CHA MATE";"800";"116,000";"1.061,80";"1.061,80"
"2504";"ERVA MATE NATUMATE NATIVA 500G";"800";"463,000";"3.687,94";"3.687,94"
"2637";"ERVA MATE PONCHE VERDE 1KG LAMINADO";"800";"614,000";"9.739,86";"9.739,36"
"2629";"ERVA MATE PONCHE VERDE 1KG MOIDA GROSSA";"800";"12.082,000";"179.119,26";"173.201,26"
"2629";"ERVA MATE PONCHE VERDE 1KG MOIDA GROSSA";"810";"5,000";"74,95";"74,95"
"2628";"ERVA MATE PONCHE VERDE 1KG TRAD";"800";"6.691,000";"100.043,35";"98.211,35"
"2642";"ERVA MATE PONCHE VERDE 1KG VACUO NATIVA";"800";"578,000";"10.209,75";"10.208,66"
"2509";"ERVA MATE PONCHE VERDE 500G MOIDA GROSSA";"800";"6.631,000";"59.612,69";"59.608,69"
"2556";"ERVA MATE PONCHE VERDE 500G NATIVA";"800";"1.012,000";"9.097,88";"9.097,88"
"2510";"ERVA MATE PONCHE VERDE 500G TRAD";"800";"3.861,000";"34.710,39";"34.710,39"
"35668";"ERVA MATE QUERENCIA AMADA 1KG MOIDA GROSSA";"800";"46,000";"597,54";"597,54"
"35669";"ERVA MATE QUERENCIA AMADA 1KG NATIVA";"800";"90,000";"1.169,10";"1.169,10"
"35572";"ERVA MATE QUERENCIA AMADA 500G COMPOSTO";"800";"72,000";"647,28";"647,28"
"2607";"ERVA MATE REI VERDE 1KG EXPORT";"800";"621,000";"8.687,79";"8.567,79"
"2602";"ERVA MATE REI VERDE 1KG MOIDA GROSS";"800";"872,000";"9.614,77";"9.608,74"
"2608";"ERVA MATE REI VERDE 1KG SUAVE";"800";"1.734,000";"18.840,67";"18.839,67"
"2610";"ERVA MATE REI VERDE 1KG TRAD";"800";"979,000";"10.649,71";"10.646,70"
"2650";"ERVA MATE REI VERDE 1KG VACUO";"800";"450,000";"9.885,71";"9.820,31"
"2546";"ERVA MATE REI VERDE 500G COMPOSTO";"800";"192,000";"1.630,08";"1.630,08"
"2489";"ERVA MATE REI VERDE 500G EXPORT";"800";"166,000";"1.326,34";"1.326,34"
"2483";"ERVA MATE REI VERDE 500G MOIDA GROS ZERO ACUCAR";"800";"694,000";"4.851,06";"4.851,06"
"2492";"ERVA MATE REI VERDE 500G SUAVE";"800";"507,000";"4.050,93";"4.049,93"
"2559";"ERVA MATE REI VERDE 500G TERERE ABACAXI";"800";"44,000";"439,56";"439,56"
"2558";"ERVA MATE REI VERDE 500G TERERE LIMAO E MENTA";"800";"38,000";"379,62";"379,62"
"2557";"ERVA MATE REI VERDE 500G TERERE TRAD";"800";"17,000";"169,83";"169,83"
"2505";"ERVA MATE REI VERDE 500G VACUO TRAD";"800";"437,000";"3.919,09";"3.917,09"
"2619";"ERVA MATE REI VERDE A VACUO 1KG NATIVA TRAD";"800";"1.342,000";"15.524,65";"15.504,60"
"33974";"ERVA MATE SAO GABRIEL 1KG LAMI SEM ACUC";"800";"120,000";"1.528,80";"1.528,80"
"33290";"ERVA MATE SAO GABRIEL 1KG LAMINADA C ACUC";"800";"22,000";"279,78";"279,78"
"33457";"ERVA MATE SAO GABRIEL 1KG S ACUCAR FINA";"800";"246,000";"3.144,54";"3.144,54"
"2622";"ERVA MATE SEIVA PURA 1KG C ACUCAR";"800";"193,000";"2.700,07";"2.700,07"
"2621";"ERVA MATE SEIVA PURA 1KG GROSSA S ACUCAR";"800";"112,000";"1.566,88";"1.566,88"
"2617";"ERVA MATE SEIVA PURA 1KG NATIVA COM ACUCAR";"800";"198,000";"2.770,02";"2.770,02"
"2616";"ERVA MATE SEIVA PURA 1KG NATIVA SEM ACUCAR";"800";"2.741,000";"36.531,74";"36.531,74"
"2623";"ERVA MATE SEIVA PURA 1KG TRAD S ACUCAR";"800";"661,000";"9.220,03";"9.220,03"
"2646";"ERVA MATE SEIVA PURA 1KG VACUO S ACUCAR";"800";"257,000";"4.751,93";"4.751,93"
"2541";"ERVA MATE SEIVA PURA 500G COM ACUCAR";"800";"116,000";"1.037,98";"1.037,98"
"2545";"ERVA MATE SEIVA PURA 500G S ACUCAR";"800";"268,000";"2.398,70";"2.398,70"
"2540";"ERVA MATE SEIVA PURA 500G SEM ACUCAR";"800";"63,000";"563,85";"563,85"
"2544";"ERVA MATE SEIVA PURA 500G TERERE ABACAXI";"800";"1,000";"8,99";"8,99"
"2543";"ERVA MATE SEIVA PURA 500G TERERE LIMAO E MENTA";"800";"1,000";"8,90";"8,90"
"2542";"ERVA MATE SEIVA PURA 500G TERERE NATURAL";"800";"2,000";"17,80";"17,80"
"17689";"ERVA MATE SEIVA PURA M GROSSA S AC 500G";"800";"42,000";"291,58";"291,58"
"2613";"ERVA MATE SELECAO 1KG";"800";"211,000";"3.076,78";"3.076,78"
"2604";"ERVA MATE TAURA 1KG MOIDA GROSSA";"800";"1.176,000";"14.751,04";"14.751,04"
"2636";"ERVA MATE TAURA 1KG NATIVA LAMINADA S ACUCAR";"800";"452,000";"7.479,18";"7.479,18"
"3860";"ERVA MATE TAURA 1KG TRAD C ACUCAR";"800";"351,000";"5.246,82";"5.246,64"
"2603";"ERVA MATE TAURA 1KG TRAD S ACUCAR";"800";"329,000";"4.918,39";"4.906,34"
"2495";"ERVA MATE TAURA 500G MOIDA GROSSA";"800";"363,000";"3.263,37";"3.263,37"
"2565";"ERVA MATE TAURA 500G TERERE ABACAXI";"800";"20,000";"204,90";"204,90"
"2564";"ERVA MATE TAURA 500G TERERE LIMAO";"800";"17,000";"218,20";"218,20"
"2566";"ERVA MATE TAURA 500G TERERE MENTA";"800";"26,000";"266,37";"266,37"
"2567";"ERVA MATE TAURA 500G TERERE TRAD";"800";"23,000";"296,15";"296,15"
"3861";"ERVA MATE TAURA 500G TRAD C ACUCAR";"800";"177,000";"1.591,23";"1.591,23"
"2496";"ERVA MATE TAURA 500G TRAD S ACUCAR";"800";"172,000";"1.546,28";"1.546,28"
"17692";"ERVA MATE TAURA NATIVA LAM 500G S ACUCAR";"800";"117,000";"1.110,33";"1.110,33"
"17693";"ERVA MATE TAURA PREM 1KG";"800";"35,000";"792,66";"792,66"
"17694";"ERVA MATE TAURA PREMIUM S ACU 500G";"800";"47,000";"469,53";"469,53"
"17695";"ERVA MATE TOMELERO 500G";"800";"124,000";"1.109,36";"1.109,36"
"17696";"ERVA MATE TOMELERO MOIDA GROSSA 1KG";"800";"120,000";"1.608,20";"1.608,20"
"17697";"ERVA MATE TOMELERO TRAD 1KG";"800";"1.376,000";"17.974,21";"17.974,21"
"17698";"ERVA MATE TOMELERO VAC PREMIUM 1KG";"800";"126,000";"2.261,43";"2.261,43"
"17699";"ERVA MATE VERDINHA 1K";"800";"197,000";"1.377,03";"1.377,03"
"2586";"ERVA MATE VERDINHA 1KG MOIDA GROSSA";"800";"345,000";"2.411,55";"2.411,55"
"2652";"ERVA MATE VERDINHA 500G";"800";"224,000";"1.318,16";"1.317,26"
"2653";"ERVA MATE VERDINHA 500G MOIDA GROSSA";"800";"639,000";"3.188,61";"3.188,61"
"34583";"ERVA TERERE BARAO 500G CEREJA";"800";"24,000";"239,76";"239,76"
"34585";"ERVA TERERE BARAO 500G MENTA BLACK";"800";"20,000";"199,80";"199,80"
"34582";"ERVA TERERE BARAO 500G MENTA LIMAO";"800";"10,000";"99,90";"99,90"
"34584";"ERVA TERERE BARAO 500G POWER ENERGY";"800";"12,000";"119,88";"119,88"
"2292";"ERVILHA BELLA DICA PARTIDA 400GR";"800";"1.528,000";"7.515,72";"6.786,72"
"5774";"ERVILHA EXCELSIOR CONG 300G";"800";"440,000";"5.187,60";"5.137,20"
"17701";"ERVILHA FUGINI SH 1 7K";"800";"232,000";"5.395,80";"4.712,56"
"2367";"ERVILHA FUGINI SH 170G";"800";"5.636,000";"17.520,78";"17.509,78"
"17703";"ERVILHA KNORR LT 170G";"800";"8,000";"31,92";"31,92"
"5775";"ERVILHA LAR CONG 300G";"800";"58,000";"427,38";"422,58"
"2370";"ERVILHA ODERICH LT 200G";"800";"2.291,000";"9.141,09";"9.141,09"
"837";"ERVILHA ODERICH LT 2KG";"800";"44,000";"1.193,57";"1.193,57"
"839";"ERVILHA OLE LT 1 7KG";"800";"295,000";"6.181,70";"6.181,70"
"2369";"ERVILHA OLE LT 170G";"800";"3.465,000";"10.201,05";"10.199,75"
"2295";"ERVILHA SERRA URUGUAI PARTIDA 500G";"800";"2.225,000";"13.165,55";"13.165,55"
"2296";"ERVILHA YOKI PARTIDA 400GR";"800";"420,000";"4.038,50";"4.038,50"
"17715";"ESC ACO C CABO PLAST 18";"800";"1,000";"11,99";"11,99"
"17716";"ESC ACO C/CABO PLAST 8,5";"800";"6,000";"59,94";"59,94"
"17717";"ESC ANATOMICA LIMPAMANIA";"800";"18,000";"74,62";"74,62"
"5776";"ESC BANHO CCA SPA";"800";"44,000";"531,85";"531,85"
"5777";"ESC BETTANIN BETA JEANS OVAL 115";"800";"111,000";"1.438,09";"1.438,09"
"5778";"ESC BETTANIN ESFREGONA 114";"800";"6,000";"149,34";"149,34"
"5779";"ESC BETTANIN NOVICA LONGO ALC 113";"800";"42,000";"640,58";"640,58"
"17718";"ESC BETTANIN SANILUX C PT REF 567";"800";"45,000";"1.205,55";"1.205,55"
"5780";"ESC BETTANIN SANITARIO 570";"800";"32,000";"719,68";"719,68"
"5782";"ESC BETTANIN SKET 250";"800";"46,000";"808,94";"808,94"
"5783";"ESC BETTANIN UNHAS 215";"800";"62,000";"637,98";"637,98"
"17725";"ESC CAB BONITA OVAL TOP";"800";"2,000";"31,49";"31,49"
"17726";"ESC CAB BONITTA BASIC";"800";"8,000";"167,56";"167,56"
"17729";"ESC CAB BRONZ OVAL";"800";"3,000";"65,97";"65,97"
"17732";"ESC CAB DIA OVAL DIAMOND";"800";"8,000";"135,92";"135,92"
"17736";"ESC CAB M BONI BRUSHING CAB MAD R.7658T";"800";"1,000";"21,90";"21,90"
"17741";"ESC CAB M BONI OVAL PEQ";"800";"34,000";"455,25";"455,25"
"17746";"ESC CAB M BONI RET";"800";"5,000";"59,95";"59,95"
"17747";"ESC CAB M BONI RET MEN COR DIV";"800";"10,000";"239,90";"239,90"
"17751";"ESC CAB M BONI THAEME";"800";"1,000";"37,09";"37,09"
"17753";"ESC CAB M BONI USO VIOLET RET";"800";"32,000";"493,27";"493,27"
"17758";"ESC CAB OVAL AQUARELLE ROSA";"800";"1,000";"22,90";"22,90"
"17760";"ESC CAB OVAL PET LOVERS";"800";"3,000";"89,97";"89,97"
"17761";"ESC CAB P/BOLSA AQUARELLE AZUL";"800";"1,000";"49,90";"49,90"
"17766";"ESC CAB RAQ DUPLA ALT BLACK WHIT";"800";"4,000";"110,36";"110,36"
"17767";"ESC CAB RAQUETE AQUARELLE AZUL";"800";"5,000";"137,95";"137,95"
"17768";"ESC CAB RAQUETE AQUARELLE VERDE";"800";"3,000";"82,77";"82,77"
"17769";"ESC CAB RAQUETE MEDIA";"800";"1,000";"16,99";"16,99"
"17770";"ESC CAB RET DUAL";"800";"36,000";"687,46";"687,46"
"17771";"ESC CAB TORTOSE";"800";"15,000";"307,49";"307,49"
"17774";"ESC CAB USO DIA MEDIA TOP";"800";"4,000";"90,47";"90,47"
"9325";"ESC CABELO BONITTA OVAL POP COLOR";"800";"1,000";"10,99";"10,99"
"9326";"ESC CABELO BONITTA RAQ TOP COLOR";"800";"11,000";"277,40";"277,40"
"17776";"ESC CABELO CABO EMBORDO 23CM";"800";"7,000";"153,93";"153,93"
"5792";"ESC CABELO CONDOR JOY 6887";"800";"11,000";"258,82";"258,82"
"17777";"ESC CABELO OVAL COLORS 24CM";"800";"23,000";"505,77";"505,77"
"17778";"ESC CABELO RED 21 5X4 5CM";"800";"4,000";"75,96";"75,96"
"17779";"ESC CABELO RED COLORS 22CM";"800";"26,000";"571,74";"571,74"
"17780";"ESC CABELO RED COLORS 23 8CM";"800";"8,000";"271,92";"271,92"
"5793";"ESC CONDOR BOM BANHO CC 6090 ";"800";"8,000";"357,96";"357,96"
"5794";"ESC CONDOR P LAVAR 16";"800";"154,000";"1.199,66";"1.199,66"
"5795";"ESC CONDOR P LAVAR D MAO 1121";"800";"60,000";"995,40";"995,40"
"17781";"ESC CONDOR P SAPATO REF 01";"800";"19,000";"402,61";"402,61"
"5797";"ESC CONDOR P UNHAS RF6168";"800";"114,000";"910,86";"910,86"
"5796";"ESC CONDOR P/SANITARIO RF6106 ";"800";"11,000";"340,80";"340,80"
"5798";"ESC CONDOR SANITARIA 6120 ";"800";"2,000";"27,18";"27,18"
"33460";"ESC DENT COLGATE C 2 WHITENNIN MACIA";"800";"1,000";"35,29";"35,29"
"33453";"ESC DENT COLGATE PACK 02UN ESPUMOSA";"800";"11,000";"388,19";"388,19"
"35675";"ESC DENT COLGATE SENSITIVE";"800";"17,000";"456,83";"456,83"
"17794";"ESC DENT COLGATE SLIM BLACK 4PK CARVAO";"800";"11,000";"489,39";"489,39"
"36645";"ESC DENT COLGATE ULTRA SOFT C 2";"800";"26,000";"901,94";"901,94"
"17798";"ESC DENT CONDOR AVANTIX BL";"800";"45,000";"874,57";"874,57"
"17805";"ESC DENT CONDOR JUNIOR HOTWHEELS 3160 0";"800";"19,000";"368,41";"368,41"
"17806";"ESC DENT CONDOR MAXIL EX MACIA 3258 3";"800";"19,000";"408,31";"408,31"
"17807";"ESC DENT CONDOR MAXIL MACIA R 3258 0";"800";"60,000";"1.289,40";"1.289,40"
"17808";"ESC DENT CONDOR MAXIL MEDIA 3258 1";"800";"46,000";"988,54";"988,54"
"17810";"ESC DENT CONDOR PLUS D ACAO 3373 4";"800";"158,000";"820,02";"820,02"
"17811";"ESC DENT CONDOR PLUS MEDIA 3373 1";"800";"132,000";"685,08";"685,08"
"17812";"ESC DENT CONDOR PLUS SOFT 3373 0";"800";"215,000";"1.115,85";"1.115,85"
"17813";"ESC DENT CONDOR PROM L2P1 R 8030 0";"800";"178,000";"923,82";"923,82"
"35676";"ESC DENT ORAL B 7 BENEFICIOS C 2";"800";"4,000";"175,24";"175,24"
"35563";"ESC DENT ORAL B COLORS COLECTION C4";"800";"14,000";"466,06";"466,06"
"17818";"ESC DENT SENSODYNE SENS MACIA C 1";"800";"29,000";"513,01";"513,01"
"17819";"ESC DENT SORRISO CARVAO C 2";"800";"49,000";"1.342,11";"1.342,11"
"5803";"ESC DENTAL COLGATE CLASS CL LV3PG2";"800";"245,000";"4.162,55";"4.162,55"
"5804";"ESC DENTAL COLGATE CLASSIC LONG MC 8450";"800";"255,000";"1.782,45";"1.782,45"
"5805";"ESC DENTAL COLGATE CLASSIC LONG MD 8460";"800";"321,000";"2.243,79";"2.243,79"
"5806";"ESC DENTAL COLGATE ESSENCIAL CLEAN PACK 06UN";"800";"371,000";"2.222,29";"2.222,29"
"5807";"ESC DENTAL COLGATE EXTRA CLEAN";"800";"58,000";"1.565,42";"1.565,42"
"5808";"ESC DENTAL COLGATE INFUSAO CARV 2UN";"800";"230,000";"3.539,70";"3.539,70"
"5810";"ESC DENTAL COLGATE SLIM SOF BL L2P1";"800";"30,000";"887,82";"887,82"
"5812";"ESC DENTAL COLGATE TRIP ACAO LV2PG1";"800";"111,000";"2.096,79";"2.096,79"
"5813";"ESC DENTAL COLGATE TWIS F MC LV2PG1";"800";"24,000";"613,77";"613,77"
"5817";"ESC DENTAL CONDOR ANTIBAC LV2 PG1";"800";"88,000";"1.891,12";"1.891,12"
"5821";"ESC DENTAL CONDOR C EST JR MACIA AVENGERS";"800";"90,000";"1.745,10";"1.745,10"
"5822";"ESC DENTAL CONDOR CLASSIC FLEX 3UN";"800";"281,000";"3.453,49";"3.453,49"
"5823";"ESC DENTAL CONDOR COMFORT MAC L2P1";"800";"113,000";"2.145,87";"2.145,87"
"9334";"ESC DENTAL CONDOR PLUS MACIA 81080";"800";"103,000";"1.070,17";"1.070,17"
"5830";"ESC DENTAL CONDOR TRIP MAC LV2PG1";"800";"117,000";"1.203,93";"1.203,93"
"5837";"ESC DENTAL ORAL B 1 2 3 3UN";"800";"96,000";"1.208,64";"1.208,64"
"5836";"ESC DENTAL ORAL B 1 2 3 MEDIA";"800";"260,000";"1.794,20";"1.794,20"
"5840";"ESC DENTAL ORAL B CLASSIC LV3 PG2";"800";"46,000";"1.211,99";"1.211,99"
"5842";"ESC DENTAL ORAL B COMPL LV2 PG1";"800";"51,000";"1.027,91";"1.027,91"
"5843";"ESC DENTAL ORAL B COMPLE COLORS 5UN";"800";"9,000";"353,33";"353,33"
"5844";"ESC DENTAL ORAL B INDCOLORS30 4UN";"800";"26,000";"840,36";"840,36"
"7241";"ESC DENTAL ORAL B INDICA BLACK L2P1";"800";"15,000";"383,26";"383,26"
"5846";"ESC DENTAL ORAL B INDICAT 30 L2P1";"800";"85,000";"1.554,63";"1.554,63"
"5845";"ESC DENTAL ORAL B INDICAT35 L2P1";"800";"9,000";"179,01";"179,01"
"5848";"ESC DENTAL ORAL B KIDS MICKEY";"800";"150,000";"1.666,35";"1.666,35"
"5849";"ESC DENTAL ORAL B MACIA 5X CARVAO 2UN";"800";"16,000";"491,92";"491,92"
"5850";"ESC DENTAL ORAL B PRO";"800";"509,000";"2.395,33";"2.395,33"
"5839";"ESC DENTAL ORAL-B 3UN ULT DET GENG ";"800";"2,000";"77,98";"77,98"
"5875";"ESC DENTAL ORAL-B ESC ICONIC ";"800";"1,000";"44,59";"44,59"
"5851";"ESC DENTAL ORAL-B PRO SA ULT F L2P1 ";"800";"2,000";"80,69";"80,69"
"5852";"ESC DENTAL ORALB PRO SA 7 BEN L2P1";"800";"10,000";"362,12";"362,12"
"5855";"ESC DENTAL SENSODYNE MULT PRO2UN50D";"800";"1,000";"30,99";"30,99"
"5856";"ESC DENTAL SORRISO DURA";"800";"418,000";"2.358,82";"2.311,22"
"5857";"ESC DENTAL SORRISO MACIA";"800";"200,000";"1.125,60";"1.102,40"
"5858";"ESC DENTAL SORRISO MEDIA";"800";"279,000";"1.570,71";"1.543,51"
"5861";"ESC DENTAL SORRISO TRIPLA 2UN";"800";"125,000";"1.848,75";"1.848,75"
"5859";"ESC DENTAL SORRISO TRIPLA LV3PG2";"800";"66,000";"1.187,34";"1.187,34"
"17824";"ESC FLORENCE BAN REF 628 BT";"800";"7,000";"191,84";"191,84"
"17828";"ESC LIMPAMANIA M USO CLIP";"800";"146,000";"363,50";"363,50"
"17829";"ESC LIMPEZA PLAST C DISP 7 5X6X8 0C";"800";"7,000";"83,93";"83,93"
"17842";"ESC OVAL MEDIA DIAMOND GLITTER";"800";"3,000";"80,97";"80,97"
"17844";"ESC OVAL SATIN";"800";"1,000";"47,39";"47,39"
"17846";"ESC P BOLSA AQUARELLE VERDE ";"800";"4,000";"91,60";"91,60"
"17848";"ESC P MAMADEIRA WELLMIX C 2 WX233";"800";"1,000";"6,99";"3,99"
"17854";"ESC PET DUPLA FACE 22X7CM";"800";"11,000";"164,89";"164,89"
"17855";"ESC PROF THERMAL CERAMIC ORANGE 55MM";"800";"2,000";"117,98";"117,98"
"17856";"ESC PROF THERMAL CERAMIC ORANGE 65MM";"800";"1,000";"55,99";"55,99"
"17859";"ESC RET VAZADA DIAMOND GLITTER";"800";"1,000";"17,99";"17,99"
"17861";"ESC SANIT BRISA C SUPORTE";"800";"16,000";"147,44";"147,44"
"17862";"ESC SANIT BRISA S SUPORTE";"800";"98,000";"482,50";"482,50"
"17870";"ESC SANITARIA PLAST BCA 10X35CM";"800";"5,000";"29,95";"29,95"
"5867";"ESCADA MOR ALUMINIO BANQUETA 3 DEGRAUS";"800";"1,000";"123,59";"123,59"
"5871";"ESCONDIDINHO SADIA 600G CARNE";"800";"41,000";"983,59";"983,59"
"5872";"ESCONDIDINHO SADIA 600G FRANGO";"800";"87,000";"2.087,13";"2.087,13"
"17879";"ESCORR INOX M USO PREMIUM 22CM";"800";"26,000";"389,74";"389,74"
"17884";"ESCORR LOUCA INOX 34X44CM";"800";"4,000";"183,96";"183,96"
"17885";"ESCORR LOUCA PLAST BCO";"800";"2,000";"25,98";"25,98"
"17886";"ESCORR LOUCA PLAST CINZA";"800";"2,000";"25,98";"25,98"
"17887";"ESCORR LOUCA PLAST PTO";"800";"2,000";"25,98";"25,98"
"17893";"ESCORR M USO INOX PREMIUM 28CM";"800";"25,000";"549,75";"549,75"
"36957";"ESCORREDOR DE LOUCAS RECICLADO BAIX";"800";"6,000";"59,94";"59,94"
"33310";"ESCORREDOR MASSA INOX 20CM";"800";"13,000";"220,87";"220,87"
"9340";"ESCORREDOR PLASUTIL PRATOS DEC 01";"800";"2,000";"111,98";"111,98"
"5873";"ESCORREDOR SANREMO";"800";"1,000";"12,99";"12,99"
"9344";"ESCORREDOR SANREMO MASSA REF352";"800";"4,000";"59,96";"59,96"
"5874";"ESCOVA CABELO MARCOBONI OVAL DELUX ";"800";"10,000";"206,90";"206,90"
"35603";"ESCOVA CONDOR FLEX OVAL R 9950";"800";"1,000";"59,99";"59,99"
"38243";"ESCOVA DENTAL CABO LONGO DUPLA PET";"800";"2,000";"21,98";"21,98"
"33420";"ESCOVA MULTIUSO LIMPEZA 26X3X3";"800";"3,000";"35,97";"35,97"
"33759";"ESCOVA P MAMADEIRA CABO PLASTICO";"800";"43,000";"300,57";"300,57"
"33401";"ESCOVA SANITARIA DUPLA LIMPEZA 37CM";"800";"3,000";"50,97";"50,97"
"34035";"ESCOVA SANITARIA PLAST 33 9 5CM";"800";"3,000";"17,97";"17,97"
"33308";"ESCOVA SANITARIA PLASTICA 9 7X12 3X42 2CM";"800";"5,000";"49,95";"49,95"
"17897";"ESCOVINHA PARA UNHAS REF 530";"800";"5,000";"50,86";"50,86"
"17898";"ESCUM C PINCA INOX 28CM ";"800";"4,000";"47,96";"47,96"
"17899";"ESCUM FRITURAS INOX CABO METAL 32C";"800";"4,000";"39,96";"39,96"
"17903";"ESCUM INOX EM CASA TEM SILVER 28CM";"800";"10,000";"129,90";"129,90"
"17904";"ESCUM INOX SILVER 32CM";"800";"3,000";"44,97";"44,97"
"17905";"ESCUM INOX VENICE 32CM";"800";"3,000";"53,97";"53,97"
"17915";"ESCUM WELLMIX SIL VERM WX6850";"800";"1,000";"10,99";"10,99"
"34632";"ESCUMADEIRA LINHA CASA";"800";"9,000";"62,91";"62,91"
"37706";"ESCUMADEIRA WELLMIX SILIC CINZ WX68";"800";"1,000";"19,99";"19,99"
"11056";"ESFIRRA MARQUESPAN";"800";"43,886";"1.706,74";"1.706,74"
"9346";"ESFR SANI ALL ACO 2UN";"800";"1.082,000";"3.812,18";"3.812,18"
"5877";"ESFREGAO ACO DIVINOX 10G ";"800";"1.020,000";"3.706,40";"3.644,80"
"17916";"ESFREGAO ACO GOTA LIMPA";"800";"1.038,000";"3.311,22";"3.309,92"
"5878";"ESFREGAO CONDOR ALGODAO C/CABO 1550 ";"800";"1,000";"35,50";"35,50"
"5880";"ESFREGAO CONDOR SPRAY MOP REFIL ";"800";"2,000";"82,38";"82,38"
"33623";"ESFREGAO MOP GIRATORIO 120CM PLAST INOX";"800";"4,000";"99,96";"99,96"
"33619";"ESFREGAO MOP GIRATORIO 12L PLAST INOX";"800";"19,000";"948,10";"948,10"
"17920";"ESGUICHO P MANG PREMIUM ";"800";"1,000";"12,99";"12,99"
"17921";"ESGUICHO P MANG REVOLVER";"800";"9,000";"251,91";"251,91"
"9351";"ESM COLORAMA CREM 8ML BATIDA DE COCO";"800";"5,000";"51,48";"51,48"
"9352";"ESM COLORAMA CREM 8ML BLACK";"800";"4,000";"40,98";"40,98"
"9354";"ESM COLORAMA CREM 8ML FRANCA";"800";"4,000";"39,96";"39,96"
"9355";"ESM COLORAMA CREM 8ML INCOLOR";"800";"5,000";"50,97";"50,97"
"9362";"ESM COLORAMA NAT 8ML PRENDA NATURAL";"800";"1,000";"10,50";"10,50"
"18052";"ESM COLORAMA VERNIZ TAP VERME";"800";"5,000";"50,46";"50,46"
"5882";"ESM IMPALA 7 5ML AMANTE 1";"800";"44,000";"351,56";"351,56"
"5883";"ESM IMPALA 7 5ML AMOR 4";"800";"31,000";"247,69";"247,69"
"5887";"ESM IMPALA 7 5ML BASE 042";"800";"38,000";"303,62";"303,62"
"5888";"ESM IMPALA 7 5ML BASE SEDA 43";"800";"27,000";"215,73";"215,73"
"5889";"ESM IMPALA 7 5ML BETERRABA 125";"800";"11,000";"87,89";"87,89"
"5886";"ESM IMPALA 7 5ML BRANCO 608";"800";"29,000";"231,71";"231,71"
"5890";"ESM IMPALA 7 5ML BRILH 161";"800";"3,000";"23,97";"23,97"
"5896";"ESM IMPALA 7 5ML DENGO 250";"800";"16,000";"127,84";"127,84"
"5899";"ESM IMPALA 7 5ML GATINHA 224";"800";"42,000";"335,58";"335,58"
"5900";"ESM IMPALA 7 5ML INCOLOR 44";"800";"8,000";"63,92";"63,92"
"5904";"ESM IMPALA 7 5ML PRETO 501";"800";"55,000";"439,45";"439,45"
"5907";"ESM IMPALA 7 5ML SONHO 460";"800";"12,000";"95,88";"95,88"
"5909";"ESM IMPALA 7 5ML TOMATE 427";"800";"25,000";"199,75";"199,75"
"5911";"ESM IMPALA 7 5ML VINHO 28";"800";"32,000";"255,68";"255,68"
"38109";"ESM IMPALA 7 5ML ZEREI A TREND";"800";"9,000";"89,91";"89,91"
"9418";"ESM IMPALA BASE REVIT FIBRAS BRANCO SOFT";"800";"20,000";"199,80";"194,80"
"9419";"ESM IMPALA BASE REVIT FIBRAS CORAL LIGHT";"800";"16,000";"159,84";"159,84"
"9420";"ESM IMPALA BASE REVIT FIBRAS ROSA SWEET";"800";"11,000";"109,89";"109,89"
"9421";"ESM IMPALA COR DA MODA 7 5ML ATRACAO";"800";"9,000";"71,91";"71,91"
"9422";"ESM IMPALA COR DA MODA 7 5ML SEMEAR";"800";"14,000";"111,86";"111,86"
"9423";"ESM IMPALA COR MODA 7 5ML DELICADO";"800";"16,000";"127,84";"127,84"
"9424";"ESM IMPALA COR MODA 7 5ML DESTINOS";"800";"10,000";"79,90";"79,90"
"9425";"ESM IMPALA COR MODA 7 5ML FASCINACAO";"800";"30,000";"239,70";"236,70"
"9426";"ESM IMPALA COR MODA 7 5ML INTENSO";"800";"5,000";"39,95";"39,95"
"9427";"ESM IMPALA COR MODA 7 5ML LEMBRANCAS";"800";"8,000";"63,92";"63,92"
"9428";"ESM IMPALA COR MODA 7 5ML QUERER";"800";"29,000";"231,71";"231,71"
"9429";"ESM IMPALA COR MODA 7 5ML SEGREDOS";"800";"12,000";"95,88";"95,88"
"9430";"ESM IMPALA COR MODA 7 5ML SOSSEGO";"800";"22,000";"175,78";"175,78"
"9431";"ESM IMPALA COR MODA 7 5ML VIRTUDE";"800";"18,000";"143,82";"143,82"
"9432";"ESM IMPALA COR MODA 7 5ML VIVENCIA";"800";"11,000";"87,89";"87,89"
"18087";"ESM IMPALA CREM ADMIRE";"800";"1,000";"7,99";"7,99"
"18090";"ESM IMPALA CREM AMOR PROFUN";"800";"26,000";"207,74";"207,74"
"18091";"ESM IMPALA CREM BELEZA RARA";"800";"10,000";"79,90";"79,90"
"18092";"ESM IMPALA CREM BON LUXO";"800";"20,000";"159,80";"159,80"
"18093";"ESM IMPALA CREM BUQUE";"800";"13,000";"103,87";"103,87"
"18094";"ESM IMPALA CREM CAFE CAFE";"800";"50,000";"399,50";"399,50"
"18096";"ESM IMPALA CREM CHAMEGO MEU";"800";"10,000";"79,90";"79,90"
"18097";"ESM IMPALA CREM COISA LINDA";"800";"9,000";"71,91";"71,91"
"18098";"ESM IMPALA CREM COMPAIXAO";"800";"12,000";"95,88";"95,88"
"18099";"ESM IMPALA CREM DESCOMPLICA";"800";"6,000";"47,94";"47,94"
"18100";"ESM IMPALA CREM DONATA";"800";"47,000";"375,53";"375,53"
"18101";"ESM IMPALA CREM ELEGANTE";"800";"20,000";"159,80";"159,80"
"18102";"ESM IMPALA CREM ESSENCIAL";"800";"13,000";"103,87";"103,87"
"18105";"ESM IMPALA CREM LEME";"800";"7,000";"55,93";"55,93"
"18106";"ESM IMPALA CREM LINHO";"800";"5,000";"39,95";"39,95"
"18107";"ESM IMPALA CREM LOLITA";"800";"13,000";"103,87";"103,87"
"18108";"ESM IMPALA CREM MADONNA";"800";"38,000";"303,62";"303,62"
"18109";"ESM IMPALA CREM NOVOS ARES";"800";"3,000";"23,97";"23,97"
"18110";"ESM IMPALA CREM PATINS";"800";"49,000";"391,51";"391,51"
"18111";"ESM IMPALA CREM PRESENCA";"800";"10,000";"79,90";"79,90"
"18112";"ESM IMPALA CREM SERENA";"800";"35,000";"279,65";"279,65"
"18113";"ESM IMPALA CREM SOFISTICADO";"800";"19,000";"151,81";"151,81"
"18114";"ESM IMPALA CREM SUTILEZA";"800";"2,000";"15,98";"15,98"
"18117";"ESM IMPALA CREM ZAZ";"800";"1,000";"7,99";"7,99"
"38111";"ESM IMPALA CREMOSO ARRUME SE 7 5ML";"800";"26,000";"259,74";"259,74"
"9441";"ESM IMPALA OLEO GEL REVITALIZANTE";"800";"5,000";"49,95";"49,95"
"18131";"ESM IMPALA OLEO SECANTE";"800";"53,000";"423,47";"423,47"
"18133";"ESM IMPALA PEROLADO BORDADO";"800";"8,000";"63,92";"63,92"
"18134";"ESM IMPALA PEROLADO DIZERES";"800";"5,000";"39,95";"39,95"
"18135";"ESM IMPALA PEROLADO LUA";"800";"35,000";"279,65";"279,65"
"18136";"ESM IMPALA PEROLADO LUNA";"800";"17,000";"135,83";"135,83"
"18137";"ESM IMPALA PEROLADO NENEM";"800";"25,000";"199,75";"199,75"
"18138";"ESM IMPALA PEROLADO PARAISO";"800";"5,000";"39,95";"39,95"
"9442";"ESM IMPALA SOLUCAO CONCENTRADA REVI";"800";"28,000";"279,72";"279,72"
"9443";"ESM IMPALA VIVA AME BRIL GLIT 7 5ML BRILHE C DIAM";"800";"2,000";"19,98";"19,98"
"9445";"ESM IMPALA VIVA AME BRIL GLIT 7 5ML HOJE EU POSSO";"800";"3,000";"29,97";"29,97"
"9446";"ESM IMPALA VIVA AME BRIL GLIT 7 5ML NA MIRA";"800";"4,000";"39,96";"39,96"
"35031";"ESM JUPAES 7 5ML APOSTA ALTA";"800";"10,000";"99,90";"99,90"
"35034";"ESM JUPAES 7 5ML CARTA NA MANGA";"800";"11,000";"109,89";"109,89"
"35033";"ESM JUPAES 7 5ML ESCOLHA S LADO";"800";"8,000";"79,92";"79,92"
"35032";"ESM JUPAES 7 5ML PECA RARA";"800";"8,000";"79,92";"79,92"
"35035";"ESM JUPAES 7 5ML PLOT TWIST";"800";"10,000";"99,90";"99,90"
"35036";"ESM JUPAES 7 5ML REGRAS DO JOGO";"800";"1,000";"9,99";"9,99"
"35029";"ESM JUPAES 7 5ML SORTE LANCADA";"800";"13,000";"129,87";"129,87"
"35030";"ESM JUPAES 7 5ML XEQUE MATE";"800";"15,000";"149,85";"149,85"
"5912";"ESM RISQUE 8ML FIA 6554 A MAR";"800";"2,000";"17,98";"17,98"
"5915";"ESM RISQUE 8ML FIA 6554 ASTRAL";"800";"56,000";"503,44";"503,44"
"5917";"ESM RISQUE 8ML FIA 6554 AZULIVREMENTE";"800";"7,000";"62,93";"62,93"
"5918";"ESM RISQUE 8ML FIA 6554 BALI";"800";"29,000";"260,71";"260,71"
"5920";"ESM RISQUE 8ML FIA 6554 BASE INCOLOR";"800";"49,000";"440,51";"440,51"
"5921";"ESM RISQUE 8ML FIA 6554 BEIJO";"800";"33,000";"296,67";"296,67"
"5925";"ESM RISQUE 8ML FIA 6554 BIANCO PURISSIM";"800";"34,000";"305,66";"305,66"
"5927";"ESM RISQUE 8ML FIA 6554 CAPPUCCINO";"800";"73,000";"656,27";"656,27"
"5929";"ESM RISQUE 8ML FIA 6554 CARMIM";"800";"46,000";"413,54";"413,54"
"5930";"ESM RISQUE 8ML FIA 6554 CHOQUE OINK";"800";"3,000";"26,97";"26,97"
"5938";"ESM RISQUE 8ML FIA 6554 CRISTAL";"800";"43,000";"386,57";"386,57"
"5940";"ESM RISQUE 8ML FIA 6554 DESEJO";"800";"24,000";"215,76";"215,76"
"5942";"ESM RISQUE 8ML FIA 6554 DUNA";"800";"34,000";"305,66";"305,66"
"5945";"ESM RISQUE 8ML FIA 6554 EU SOU ESSE GLA";"800";"16,000";"143,84";"143,84"
"5947";"ESM RISQUE 8ML FIA 6554 GABRIELA";"800";"65,000";"584,35";"584,35"
"5949";"ESM RISQUE 8ML FIA 6554 GRANULADO ROSE";"800";"22,000";"197,78";"197,78"
"6323";"ESM RISQUE 8ML FIA 6554 LAGRIMAS DE VEN";"800";"50,000";"449,50";"449,50"
"5952";"ESM RISQUE 8ML FIA 6554 LAVANDAALMA";"800";"9,000";"80,91";"80,91"
"5953";"ESM RISQUE 8ML FIA 6554 LEO MANDOU FLOR";"800";"10,000";"89,90";"89,90"
"5954";"ESM RISQUE 8ML FIA 6554 LICOR";"800";"44,000";"395,56";"395,56"
"5955";"ESM RISQUE 8ML FIA 6554 LINDA LEV NUDE";"800";"80,000";"719,20";"719,20"
"5956";"ESM RISQUE 8ML FIA 6554 LOOK DIA GOOD V";"800";"7,000";"62,93";"62,93"
"5957";"ESM RISQUE 8ML FIA 6554 MALICIA";"800";"26,000";"233,74";"233,74"
"5960";"ESM RISQUE 8ML FIA 6554 MIL PURPURINAS";"800";"5,000";"44,95";"44,95"
"5961";"ESM RISQUE 8ML FIA 6554 MINI SAIA";"800";"15,000";"134,85";"134,85"
"5963";"ESM RISQUE 8ML FIA 6554 NINFA";"800";"22,000";"197,78";"197,78"
"5970";"ESM RISQUE 8ML FIA 6554 NUDE";"800";"62,000";"557,38";"557,38"
"5973";"ESM RISQUE 8ML FIA 6554 PEROLA";"800";"3,000";"26,97";"26,97"
"5975";"ESM RISQUE 8ML FIA 6554 PRETO SEPIA";"800";"52,000";"467,48";"467,48"
"5976";"ESM RISQUE 8ML FIA 6554 REBU";"800";"58,000";"521,42";"521,42"
"5977";"ESM RISQUE 8ML FIA 6554 RENDA";"800";"29,000";"260,71";"260,71"
"5980";"ESM RISQUE 8ML FIA 6554 ROXO SEM CRISE";"800";"4,000";"35,96";"34,96"
"5981";"ESM RISQUE 8ML FIA 6554 RUBI";"800";"61,000";"548,39";"548,39"
"5982";"ESM RISQUE 8ML FIA 6554 SE SOLTA NO BLU";"800";"17,000";"152,83";"152,83"
"5988";"ESM RISQUE 8ML FIA 6554 VERM FELICIDADE";"800";"38,000";"341,62";"341,62"
"9458";"ESM RISQUE 8ML MACA DO AMOR";"800";"9,000";"82,71";"82,71"
"9470";"ESM RISQUE CREM 8ML BRILHO MEU";"800";"1,000";"8,99";"8,99"
"18148";"ESM RISQUE CREM LOVE";"800";"51,000";"458,49";"457,49"
"18149";"ESM RISQUE CREM MENTA LIZA 8ML";"800";"9,000";"80,91";"80,91"
"18151";"ESM RISQUE CREM PARIS";"800";"41,000";"368,59";"368,59"
"18152";"ESM RISQUE CREM PO ARROZ";"800";"5,000";"44,95";"44,95"
"9475";"ESM RISQUE NATURAL 8ML RENDA RENDINHA";"800";"43,000";"386,57";"386,57"
"9476";"ESM RISQUE NC 8ML ANTES SOL Q MAL";"800";"10,000";"89,90";"89,90"
"17991";"ESMALTE COLORAMA  AMARELO RADIANTE";"800";"2,000";"19,98";"19,98"
"18004";"ESMALTE COLORAMA  GABRIELE";"800";"3,000";"30,99";"30,99"
"18008";"ESMALTE COLORAMA  MELANC";"800";"2,000";"20,49";"20,49"
"18012";"ESMALTE COLORAMA  NUDE 2.0";"800";"2,000";"19,98";"19,98"
"18014";"ESMALTE COLORAMA  NUDE 5.0";"800";"6,000";"59,94";"59,94"
"18018";"ESMALTE COLORAMA  NUDE 9.0";"800";"1,000";"9,99";"9,99"
"17990";"ESMALTE COLORAMA 40 GRAUS";"800";"5,000";"51,99";"51,99"
"17997";"ESMALTE COLORAMA CAFE";"800";"6,000";"61,98";"61,98"
"18006";"ESMALTE COLORAMA LEITE COCO";"800";"2,000";"19,98";"19,98"
"18023";"ESMALTE COLORAMA ROSA QUEIMADO";"800";"1,000";"9,99";"9,99"
"18057";"ESMALTE IMPALA 7 5ML  609 PINK";"800";"1,000";"9,99";"9,99"
"18056";"ESMALTE IMPALA 7 5ML 438 LUZIA";"800";"19,000";"189,81";"189,81"
"9370";"ESMALTE IMPALA 7 5ML ABRIGO 746";"800";"3,000";"26,97";"25,97"
"9372";"ESMALTE IMPALA 7 5ML BASE FORT 047";"800";"28,000";"223,72";"223,72"
"18064";"ESMALTE IMPALA 7 5ML COB EX FOSCA";"800";"18,000";"179,82";"179,82"
"9376";"ESMALTE IMPALA 7 5ML DADIVA 736";"800";"2,000";"15,98";"15,98"
"18066";"ESMALTE IMPALA 7 5ML DEVANE";"800";"6,000";"59,94";"59,94"
"18067";"ESMALTE IMPALA 7 5ML DISCRETO";"800";"7,000";"69,93";"69,93"
"18071";"ESMALTE IMPALA 7 5ML LEVE SUAVE";"800";"5,000";"49,95";"49,95"
"9382";"ESMALTE IMPALA 7 5ML MANTRA 742";"800";"5,000";"39,95";"39,95"
"9385";"ESMALTE IMPALA 7 5ML NUDE 922";"800";"11,000";"87,89";"87,89"
"18074";"ESMALTE IMPALA 7 5ML PONTO LUZ VERN";"800";"13,000";"129,87";"129,87"
"18078";"ESMALTE IMPALA 7 5ML RELIQUIA";"800";"1,000";"9,99";"9,99"
"18079";"ESMALTE IMPALA 7 5ML SEM PRESSA";"800";"3,000";"29,97";"29,97"
"18081";"ESMALTE IMPALA 7 5ML VERNIZ EX BR";"800";"51,000";"509,49";"507,49"
"9398";"ESMALTE IMPALA 7 5ML XODO";"800";"47,000";"375,53";"375,53"
"18082";"ESMALTE IMPALA BASE 7 5ML BOMBA ACELERA";"800";"28,000";"279,72";"279,72"
"18083";"ESMALTE IMPALA BASE 7 5ML DOS SONHOS";"800";"46,000";"459,54";"457,54"
"18084";"ESMALTE IMPALA BASE 7 5ML FORCA EXTREMA";"800";"33,000";"329,67";"329,67"
"9373";"ESMALTE IMPALA BASE CASCO CAV 7 5ML";"800";"35,000";"349,65";"349,65"
"18085";"ESMALTE IMPALA BASE VITAMIDA";"800";"34,000";"274,06";"274,06"
"38110";"ESMALTE IMPALA CREMOSO AFETO 7 5ML";"800";"17,000";"135,83";"135,83"
"36637";"ESMALTE IMPALA GLITER NETFLIX 7 5ML";"800";"3,000";"29,97";"27,97"
"36400";"ESMALTE IMPALA GLITTER NIGHT 7 5ML";"800";"5,000";"49,95";"49,95"
"36514";"ESMALTE IMPALA POV TO PRONTA 7 5ML";"800";"4,000";"31,96";"31,96"
"18080";"ESMALTE IMPALA SUPER BRILHO 7 5ML";"800";"49,000";"391,51";"391,51"
"9391";"ESMALTE IMPALA TOP POP 7 5ML";"800";"5,000";"39,95";"39,95"
"5985";"ESMALTE RISQUE 8ML TECH COB BRILHAN";"800";"44,000";"527,56";"527,56"
"5919";"ESMALTE SEDA 8ML BASE RISQUE";"800";"38,000";"341,62";"341,62"
"18170";"ESP 3M SCHOTCH BRITE ECONOMICA";"800";"477,000";"1.691,42";"1.691,42"
"18172";"ESP 3M SCHOTCH BRITE LIMP EXTREMA";"800";"60,000";"293,66";"293,66"
"18174";"ESP ACO ASSOLAN C 08";"800";"4.391,000";"8.433,94";"8.433,25"
"18178";"ESP ANTIADER AIR FRYER C 2";"800";"92,000";"551,08";"551,08"
"657";"ESP AURORA MOSCATEL GF 750ML BRANCO";"800";"13,000";"599,79";"599,79"
"658";"ESP AURORA MOSCATEL GF 750ML ROSE";"800";"10,000";"472,00";"449,58"
"666";"ESP AURORA ZR ALC GF 750ML BRANCO";"800";"2,000";"91,80";"71,98"
"665";"ESP AURORA ZR ALC GF 750ML ROSE";"800";"5,000";"234,70";"224,79"
"18180";"ESP BAN BETTANIN SLOW ANTIB.R.465";"800";"1,000";"6,59";"6,59"
"18194";"ESP BETTANIN D FACE BRILHUS R 45110";"800";"5.600,000";"7.784,07";"7.784,07"
"18194";"ESP BETTANIN D FACE BRILHUS R 45110";"810";"5,000";"6,95";"6,95"
"18195";"ESP BOLSA DIA DAS MAES RD 8CM";"800";"1,000";"14,99";"14,99"
"18196";"ESP C CABO PLAST 24CM ";"800";"2,000";"7,98";"7,98"
"18198";"ESP CONDOR LIMPEZA PESADA";"800";"1.430,000";"4.395,38";"4.395,38"
"18199";"ESP CONDOR LIMPEZA PESADA C 3";"800";"205,000";"1.637,95";"1.637,95"
"668";"ESP CORDELIER VARI GF 750ML ROSE";"800";"1,000";"39,90";"39,90"
"671";"ESP DEL GRANO GF 660ML MOSCATEL ROSE";"800";"2,000";"51,80";"51,80"
"18202";"ESP DUPLA FACE BAN BONITTA";"800";"3,000";"35,97";"35,97"
"18205";"ESP ESFREBOM DOTS C 2 REF BT4822 ";"800";"4,000";"24,76";"24,76"
"673";"ESP GARIBALDI GF 650ML MEIO DOCE";"800";"7,000";"196,90";"196,90"
"676";"ESP GARIBALDI GF 750ML MOSCATEL FRUTADO";"800";"8,000";"358,80";"358,80"
"683";"ESP GARIBALDI GF 750ML MOSCATEL ROSE";"800";"3,000";"128,70";"128,70"
"685";"ESP GARIBALDI PRIMICIAS GF 660ML BRANCO";"800";"8,000";"226,40";"226,40"
"687";"ESP GARIBALDI PRIMICIAS GF 660ML ROSE";"800";"9,000";"251,10";"251,10"
"18214";"ESP MESA OVAL WOOD NATURE 18X21CM";"800";"1,000";"17,99";"17,99"
"690";"ESP OREMUS MOSCATEL GF 750ML BRANCO";"800";"2,000";"79,98";"79,98"
"691";"ESP OREMUS MOSCATEL GF 750ML ROSE";"800";"3,000";"121,88";"121,88"
"18226";"ESP P BAN CONDOR INF BEBE R 8305";"800";"17,000";"191,93";"191,93"
"18227";"ESP P BAN FLORENCE 583 BT";"800";"1,000";"10,99";"10,99"
"18233";"ESP P MAQUIAGEM 6X4X4CM";"800";"6,000";"17,94";"17,94"
"18234";"ESP P MAQUIAGEM C3 PC 4X3CM";"800";"79,000";"394,21";"394,21"
"18224";"ESP P/BAN CONDOR BASICA IND R8300";"800";"1,000";"9,35";"9,35"
"18225";"ESP P/BAN CONDOR BASICA L3P2 R8301";"800";"38,000";"692,82";"692,82"
"689";"ESP Q DO MORGADO MOSC 600ML C TACA BRANCO";"800";"5,000";"108,45";"108,45"
"696";"ESP Q DO MORGADO MOSC 600ML C TACA ROSE";"800";"2,000";"43,38";"43,38"
"697";"ESP Q DO MORGADO MOSCATEL GF 660ML BRANCO";"800";"12,000";"337,39";"337,39"
"699";"ESP Q DO MORGADO MOSCATEL GF 660ML ROSE";"800";"19,000";"540,87";"540,87"
"18240";"ESP VALLE BRUT GF 750ML";"800";"1,000";"29,89";"29,89"
"18246";"ESPARADRAPO CRR 2 5MX4 5M";"800";"22,000";"384,78";"384,78"
"18247";"ESPAT ABAULADA SIL PREMIUM 27CM";"800";"2,000";"25,98";"25,98"
"18249";"ESPAT CABO PLAST STATOOLS 3 0,6MM";"800";"1,000";"4,99";"4,99"
"18251";"ESPAT INOX C CAB PLAST PRATIC  32,5X8";"800";"1,000";"16,99";"16,99"
"18261";"ESPAT SIL CHERRY VERM";"800";"1,000";"15,99";"15,99"
"18262";"ESPAT SIL RETA 26 7X5 3X1 7CM";"800";"3,000";"35,97";"35,97"
"36980";"ESPATULA CURVA 25X6X7 5CM";"800";"10,000";"199,90";"199,90"
"35867";"ESPATULA LINHA CASA";"800";"2,000";"13,98";"13,98"
"5992";"ESPATULA MERHEJE INDIV MIX UN ";"800";"3,000";"14,97";"14,97"
"33955";"ESPATULA METAL CABO PLASTICO 2 07MM";"800";"2,000";"17,98";"17,98"
"33312";"ESPATULA PAO DURO SILICONE BAMBU 31X6CM";"800";"5,000";"44,95";"44,95"
"18267";"ESPDEIRA TRAM INOX EASY";"800";"1,000";"37,99";"37,99"
"37233";"ESPELHO C BORDA PLAST 12X17";"800";"64,000";"511,36";"511,36"
"37269";"ESPELHO C BORDA PLAST 23X18";"800";"14,000";"153,86";"153,86"
"37136";"ESPELHO DE BOLSA DUPLO 9CM";"800";"9,000";"134,91";"134,91"
"38168";"ESPELHO LEAO 25X20 MOLDURA CORAL";"800";"1,000";"17,99";"17,99"
"18268";"ESPETIN GABOARDI BAMBU P CHUR C 50";"800";"420,000";"1.683,00";"1.683,00"
"18269";"ESPETINHO GABOARDI BAMBU EXT";"800";"397,000";"1.742,83";"1.742,83"
"18270";"ESPETO MOR DUPLO 55CM";"800";"12,000";"131,88";"131,88"
"18271";"ESPETO MOR DUPLO 65CM";"800";"11,000";"142,89";"142,89"
"5998";"ESPETO MOR DUPLO 75CM ";"800";"2,000";"29,98";"29,98"
"5999";"ESPETO MOR DUPLO ALUM 80CM ";"800";"13,000";"508,78";"508,78"
"6000";"ESPETO MOR DUPLO ALUM 90CM";"800";"9,000";"365,64";"342,64"
"18273";"ESPETO MOR SIMPLES 55CM";"800";"17,000";"169,83";"169,83"
"18274";"ESPETO MOR SIMPLES 65CM";"800";"6,000";"65,94";"63,94"
"6001";"ESPETO MOR SIMPLES 75CM";"800";"4,000";"55,96";"55,96"
"18275";"ESPETO MOR SIMPLES 85CM";"800";"28,000";"419,72";"415,72"
"9487";"ESPETO MOR SIMPLES 95CM";"800";"14,000";"237,86";"237,86"
"6003";"ESPETO MOR SIMPLES ALUM 80CM";"800";"4,000";"122,98";"122,98"
"6002";"ESPETO MOR SIMPLES ALUM 90CM";"800";"3,000";"98,97";"98,97"
"11058";"ESPINAFRE UN";"800";"576,000";"4.485,95";"4.485,95"
"18279";"ESPIRAL PIRISA C 10";"800";"481,000";"1.463,31";"1.463,31"
"36208";"ESPONJA ACO BOMBRIL 6UN";"800";"4.905,000";"12.703,95";"12.703,95"
"36208";"ESPONJA ACO BOMBRIL 6UN";"810";"2,000";"5,18";"5,18"
"34916";"ESPONJA ALKLIN DUPLA FACE C4";"800";"417,000";"1.938,83";"1.938,83"
"33965";"ESPONJA AUTOMOTIVA MIL MILHAS";"800";"76,000";"379,24";"379,24"
"37213";"ESPONJA BANHO 17X13 SORTIDAS";"800";"59,000";"530,41";"530,41"
"6006";"ESPONJA BETTANIN BETA BANHO 467";"800";"30,000";"176,70";"176,70"
"6008";"ESPONJA CONDOR MULTIUSO 4UN";"800";"1.197,000";"8.367,03";"8.367,03"
"37011";"ESPONJA DE ACO C CABO SORTIDAS";"800";"19,000";"246,81";"246,81"
"9490";"ESPONJA ESFREBOM ANTIVIRAL 2UN";"800";"1,000";"6,09";"6,09"
"6009";"ESPONJA ESFREBOM LV4 PG3UN";"800";"2.291,000";"17.850,89";"17.327,89"
"9477";"ESPONJA ESFREBOM MULTI UN";"800";"2.594,000";"6.176,26";"6.176,26"
"9479";"ESPONJA ESFREBOM PROT UNHAS UN";"800";"890,000";"5.331,10";"5.331,10"
"6010";"ESPONJA ESFREBOM TEFLON 456";"800";"260,000";"1.219,40";"1.219,40"
"37157";"ESPONJA P BANHO PLASTICO 50GR";"800";"7,000";"55,93";"55,93"
"37160";"ESPONJA P MAQUIAGEM C 7PCS";"800";"18,000";"269,82";"269,82"
"6013";"ESPONJA PROAUTO LIMPEZA";"800";"6,000";"64,49";"64,49"
"6004";"ESPONJA SCOTCH BRITE EXTREMALV4 PG3";"800";"46,000";"436,54";"436,54"
"6014";"ESPONJA SCOTCH BRITE MULTIUSO";"800";"66,000";"302,94";"302,94"
"5990";"ESPONJA SCOTCH BRITE NAO RIS LARANJ";"800";"13,000";"141,70";"141,70"
"6015";"ESPONJA SCOTCH BRITE SALVA UNHAS";"800";"97,000";"679,85";"679,85"
"9484";"ESPONJA SLOW FUN BANHO BLUP INF";"800";"54,000";"509,76";"506,66"
"9493";"ESPONJA TINNINDO LIMP PESADA LV4PG3";"800";"101,000";"686,81";"686,81"
"6017";"ESPONJA YPE SINT MULTIUSO 3UN";"800";"88,000";"479,30";"479,30"
"6018";"ESPONJA YPE SINT MULTIUSO UN";"800";"198,000";"464,52";"464,52"
"36816";"ESPREMEDOR DE ALHO ACO INOX 6X17CM";"800";"10,000";"179,90";"179,90"
"18282";"ESPREMEDOR FRU PLAST SANREMO";"800";"14,000";"181,86";"181,86"
"37308";"ESPREMEDOR LIMAO PLASTICO 21CM";"800";"13,000";"233,87";"233,87"
"18183";"ESPUMA BARB ABOVE 150ML";"800";"110,000";"1.681,90";"1.681,90"
"18184";"ESPUMA BARB ABOVE CARVAO ATIV 150ML";"800";"94,000";"1.437,26";"1.437,26"
"6021";"ESPUMA BARBA BOZZANO 193G HIDRATACAO";"800";"18,000";"547,90";"547,90"
"6022";"ESPUMA BARBA BOZZANO 193G PELE SENSIVEL";"800";"5,000";"152,97";"152,97"
"6023";"ESPUMA BARBA BOZZANO 193G REFRESC";"800";"13,000";"398,93";"398,93"
"6024";"ESPUMA BARBA GILLETTE 155G CARBONO";"800";"12,000";"340,68";"340,68"
"18208";"ESPUMA LIMPA TUDO GT 300ML";"800";"23,000";"422,97";"422,97"
"6029";"ESPUMA MAGICA AERO PROAUTO 400ML";"800";"4,000";"111,96";"111,96"
"3497";"ESSENCIA GRAN FINALE 30ML BAUNILHA";"800";"91,000";"1.236,69";"1.236,69"
"18291";"EST BOX M USO LUDICO SPIDEY-16245";"800";"3,000";"29,97";"29,97"
"18292";"EST C/DIVISORIAS PASTEL TREND-73173";"800";"2,000";"25,00";"25,00"
"18296";"EST DUPLO STYLE-MF3424";"800";"1,000";"33,99";"33,99"
"18317";"EST JUV SORT-YS27404";"800";"2,000";"9,98";"9,98"
"18322";"EST M USO LUDICO DIVERT";"800";"1,000";"11,99";"11,99"
"34732";"ESTEIRA SOFA C PORTA COPOS";"800";"4,000";"119,96";"119,96"
"18334";"ESTILETE ACOFORTE 16CM";"800";"1,000";"5,99";"5,99"
"33950";"ESTILETE COM LAMINA LARGA 18MM";"800";"1,000";"6,99";"6,99"
"34921";"ESTILETE PLASTICO LYKE LAMINA 18MM";"800";"17,000";"50,83";"50,83"
"35099";"ESTOJO BOX MULTIUSO LUDICO MICKEY";"800";"2,000";"19,98";"19,98"
"35095";"ESTOJO BOX MULTIUSO LUDICO MINNIE";"800";"4,000";"39,96";"39,96"
"34391";"ESTOJO DUPLO 21 9 6CM MF23078 CAMU PT";"800";"1,000";"23,99";"23,99"
"34394";"ESTOJO DUPLO 21 9 6CM MF23179 LIL";"800";"4,000";"95,96";"95,96"
"34395";"ESTOJO DUPLO 21 9 6CM MF24008 PTO";"800";"1,000";"23,99";"23,99"
"34396";"ESTOJO DUPLO 21 9 6CM MF24067 RSA";"800";"2,000";"47,98";"47,98"
"34388";"ESTOJO DUPLO 9 21 6 MF25004 RSA VDE";"800";"1,000";"23,99";"23,99"
"34676";"ESTOJO JUVENIL SORT COLORS";"800";"10,000";"69,90";"69,90"
"34674";"ESTOJO JUVENIL SORT PTO";"800";"2,000";"13,98";"13,98"
"35837";"ESTOJO PORTA LAPIS KIT L DOTS";"800";"1,000";"3,99";"3,99"
"34397";"ESTOJO SIMPLES 20 9 5CM MF24046 AZL";"800";"1,000";"7,99";"7,99"
"34398";"ESTOJO SIMPLES 5 20 5CM MF24049 RSA AZL";"800";"2,000";"15,98";"15,98"
"11061";"ESTOMAGO BOV CONG KG";"800";"310,396";"6.752,60";"6.752,60"
"11062";"ESTOMAGO BOV CONG KG BDJ";"800";"1.214,846";"26.939,52";"26.923,86"
"9498";"ESTOPA POLIMENTO CENTRALSUL 400G";"800";"16,000";"416,00";"416,00"
"33966";"ESTOPA POLIMENTO MIL MILHAS 150G";"800";"63,000";"396,27";"396,27"
"35566";"EVITA MOFO INSPIRA CLOSET INF 200G";"800";"3,000";"52,50";"52,50"
"30888";"EVITA MOFO LIMPPANO 180G INSPIRA FLORES";"800";"14,000";"114,02";"114,02"
"6043";"EVITA MOFO LIMPPANO 230G LAVANDA";"800";"25,000";"192,03";"192,03"
"6044";"EVITA MOFO LIMPPANO 230G SONHO INFANCIA";"800";"26,000";"198,10";"198,10"
"12126";"EVITA MOFO LIMPPANO INSPIRA 180G ALECRIM";"800";"6,000";"47,16";"47,16"
"18346";"EXT TOM ELEFANTE 300G CAR PAN";"800";"192,000";"1.342,08";"1.342,08"
"18347";"EXT TOM ELEFANTE 300G STROGONOFF";"800";"101,000";"705,99";"705,99"
"3845";"EXT TOM ELEFANTE LT 300G CEBOLA E ALHO";"800";"262,000";"1.919,58";"1.919,58"
"2552";"EXT TOM ELEFANTE PT 300G";"800";"2.030,000";"14.168,70";"12.875,80"
"2555";"EXT TOM ELEFANTE PT 300G SEM SAL";"800";"388,000";"2.712,12";"2.710,02"
"937";"EXT TOM ELEFANTE TP 1 04KG";"800";"1.106,000";"18.126,53";"16.798,44"
"2547";"EXT TOM ELEFANTE TP 275G";"800";"886,000";"5.307,14";"5.307,14"
"2547";"EXT TOM ELEFANTE TP 275G";"810";"4,000";"23,96";"23,96"
"842";"EXT TOM FUGINI SH 1 7KG";"800";"376,000";"7.498,60";"7.459,78"
"3835";"EXT TOM FUGINI SH 190G";"800";"1.210,000";"3.236,80";"3.236,80"
"3842";"EXT TOM FUGINI SH 300G";"800";"2.835,000";"8.476,81";"8.476,81"
"3840";"EXT TOM QUERO TP 130G";"800";"1.124,000";"3.360,76";"3.360,76"
"33633";"EXTENSAO PP PLANO 220V 90C 90C";"800";"14,000";"278,60";"278,60"
"33632";"EXTENSAO PP PLANO 220V BC";"800";"3,000";"89,70";"89,70"
"33631";"EXTENSAO PP PLANO 220V PT";"800";"5,000";"149,50";"149,50"
"18369";"EXTENSOR 6,5MM X 0,9M";"800";"2,000";"11,98";"11,98"
"3843";"EXTR TOM CAJAMAR LT 350G";"800";"16.272,000";"65.405,29";"63.124,71"
"34080";"FACA ACO INOX CABO E FIO RESPI 18CM VRM CINZA";"800";"2,000";"17,98";"17,98"
"18370";"FACA BARICHELLO BEGE C 12 ";"800";"1,000";"9,99";"9,99"
"6048";"FACA CARNE TRAMONTINA INOX DINAMIC ";"800";"1,000";"39,90";"39,90"
"34628";"FACA CHURRAS NEW CAPRESE 6PC VRM";"800";"13,000";"142,87";"142,87"
"36995";"FACA COZINHA 6 PREMIUM ROMA";"800";"40,000";"591,60";"588,60"
"38227";"FACA COZINHA ALVEOLAR 7 KATANA";"800";"16,000";"303,84";"303,84"
"38231";"FACA COZINHA ANTIADERENTE 5 ONIX";"800";"18,000";"179,82";"179,82"
"38236";"FACA DO CHEF 8 KATANA CM 24";"800";"17,000";"305,83";"305,83"
"38233";"FACA DO CHEF 8 PREMIUM ROMA PRO";"800";"14,000";"335,86";"335,86"
"18379";"FACA DU CHEF 6";"800";"1,000";"14,99";"14,99"
"18380";"FACA INOX BLACK CLASS HOME N8";"800";"1,000";"15,99";"15,99"
"34039";"FACA INOX CABO E FIO RESP 31CM CRM E CIN";"800";"3,000";"41,97";"41,97"
"33316";"FACA INOX CABO PLASTICO 5";"800";"4,000";"39,96";"39,96"
"37220";"FACA MASTER GOLDENPLAST BRANCA C 50";"800";"1,000";"8,99";"8,99"
"18383";"FACA MESA ACO INOX 123 UTIL 20CM";"800";"13,000";"38,87";"38,87"
"38229";"FACA P CARNE ANTIADERENTE 7 ONIX";"800";"6,000";"89,94";"89,94"
"38225";"FACA P LEGUMES 3 5 INOX";"800";"16,000";"159,84";"159,84"
"18388";"FACA P PAO 6 ATENAS EM CASA TEM ";"800";"13,000";"151,87";"151,87"
"18389";"FACA P PAO 8 ATENAS EM CASA TEM";"800";"21,000";"223,79";"223,79"
"38226";"FACA P PAO ANTIADERENTE 8” ONIX";"800";"4,000";"63,96";"63,96"
"34038";"FACA PAO INOX CABO E FIO RESP 31CM VRM";"800";"4,000";"55,96";"55,96"
"38234";"FACA PREMIUM ROMA P PAO 8 INOX";"800";"3,000";"38,97";"38,97"
"18390";"FACA REFEICAO FORFEST BCO C/50";"800";"1,000";"5,99";"5,99"
"18392";"FACA REFEICAO FORFEST PREM BCO C/25";"800";"7,000";"48,93";"48,93"
"18393";"FACA REFEICAO FORFEST PREM CRISTAL C/25";"800";"2,000";"13,98";"13,98"
"18396";"FACA TRAM CHUR INOX LEME AZUL";"800";"72,000";"258,48";"258,48"
"18397";"FACA TRAM CHUR INOX LEME CINZA";"800";"140,000";"502,60";"502,60"
"9502";"FACA TRAMONTINA CHURRASCO 4 LEME PRETA";"800";"961,000";"3.449,99";"3.449,99"
"9503";"FACA TRAMONTINA CHURRASCO 4 LEME VERMELHA";"800";"697,000";"2.502,23";"2.502,23"
"18399";"FACAO TRAM 12 26600012";"800";"2,000";"59,98";"59,98"
"18400";"FACAO TRAM 14 26600 014";"800";"4,000";"139,96";"139,96"
"18402";"FAIXA INF C LACO HEADDRESS";"800";"100,000";"699,00";"699,00"
"18406";"FANT HALL NARIZ F PLAST 9X5CM 6 MOD";"800";"2,000";"19,98";"19,98"
"18407";"FAQUEIRO BARICHELLO 24PC AZUL";"800";"1,000";"24,90";"24,90"
"18414";"FAQUEIRO BARICHELLO 24PC VERDE";"800";"1,000";"24,90";"24,90"
"18415";"FAQUEIRO BARICHELLO 24PC VERM";"800";"1,000";"24,90";"24,90"
"18418";"FAQUEIRO TRAM INOX 20PC LEME PRETO";"800";"4,000";"239,96";"239,96"
"3127";"FAR CAST CAJU EQUIL SAUDAVEL 200G";"800";"1,000";"22,49";"22,49"
"34001";"FAR DE PACOCA AMEND STO ANTONIO 1KG";"800";"7,000";"118,93";"118,93"
"30895";"FAR LINH DOURADA EQ SAUDAVEL 200G";"800";"10,000";"144,70";"144,70"
"18429";"FAR PANKO SANTI ORIENTAL 200G";"800";"19,000";"170,54";"170,54"
"3076";"FARELO AVEIA SOBERANA 500G";"800";"217,000";"2.319,73";"2.319,73"
"11064";"FARELO OSSO PO DE SERRA";"800";"1.291,884";"3.216,77";"3.216,77"
"3135";"FARELO TRIGO CERELUS 250G";"800";"26,000";"143,64";"143,64"
"3132";"FARINHA AMENDOA EQUIL SAUDAVEL 200G";"800";"4,000";"173,96";"173,96"
"3078";"FARINHA AVEIA APTI 150G";"800";"161,000";"820,19";"820,19"
"3079";"FARINHA AVEIA CERELUS 250G";"800";"39,000";"467,61";"467,61"
"34882";"FARINHA AVEIA NATURALE 170G";"800";"388,000";"1.315,32";"1.315,32"
"3077";"FARINHA AVEIA NATURALE 200G";"800";"2,000";"5,98";"5,98"
"3080";"FARINHA AVEIA YOKI 170G";"800";"83,000";"729,57";"729,57"
"1973";"FARINHA DE AMENDOIM ST ANTONIO 500 ";"800";"13,000";"244,27";"244,27"
"3064";"FARINHA DE ARROZ CERELUS 500G";"800";"13,000";"158,47";"158,47"
"3106";"FARINHA DE CHIA EQUIL SAUDAVEL 200G";"800";"14,000";"243,46";"243,46"
"2817";"FARINHA KIPOLENTA YOKI 500G";"800";"153,000";"1.478,47";"1.478,47"
"2817";"FARINHA KIPOLENTA YOKI 500G";"810";"4,000";"39,96";"39,96"
"2660";"FARINHA LACTEA NESTLE SH 160G";"800";"116,000";"1.131,84";"1.131,84"
"2661";"FARINHA LACTEA NESTLE SH 210G";"800";"209,000";"2.527,91";"2.527,91"
"36987";"FARINHA MANDIOCA 500G DINDA";"800";"1.289,000";"5.143,11";"5.143,11"
"36979";"FARINHA MANDIOCA 500G ROCHA BRANCA";"800";"474,000";"2.839,26";"2.839,26"
"2672";"FARINHA MANDIOCA CBS 500G";"800";"771,000";"3.746,49";"3.746,49"
"2674";"FARINHA MANDIOCA CBS 500G TORRADA";"800";"203,000";"1.091,79";"1.091,79"
"36992";"FARINHA MANDIOCA DINDA 1KG EXTRA FINA";"800";"149,000";"892,51";"892,51"
"33439";"FARINHA MANDIOCA DOBA TRAD 500G FINA";"800";"44,000";"162,36";"162,36"
"38195";"FARINHA MANDIOCA EXTRA FIN ROCHA 1K";"800";"9,000";"80,91";"80,91"
"35714";"FARINHA MANDIOCA PINDUCA 1KG BCA";"800";"45,000";"312,39";"312,39"
"37003";"FARINHA MANDIOCA ROCHA 500G TORRADA";"800";"334,000";"1.302,46";"1.302,46"
"37003";"FARINHA MANDIOCA ROCHA 500G TORRADA";"810";"4,000";"15,96";"15,96"
"2677";"FARINHA MANDIOCA YOKI 500G";"800";"226,000";"2.267,43";"2.267,43"
"2681";"FARINHA MANDIOCA YOKI 500G TORRADA";"800";"118,000";"1.444,85";"1.444,85"
"2816";"FARINHA MILHO 1KG PRE COZIDA PRE COZIDA";"800";"180,000";"1.147,80";"1.147,80"
"2697";"FARINHA MILHO PERDIZ 1KG GROSSA";"800";"392,000";"2.140,88";"2.140,88"
"2696";"FARINHA MILHO PERDIZ 1KG MEDIA";"800";"327,000";"1.829,93";"1.829,93"
"2687";"FARINHA MILHO SAUDAVEL 1KG FINA";"800";"433,000";"1.942,37";"1.913,57"
"2689";"FARINHA MILHO SAUDAVEL 1KG GROSSA";"800";"1.936,000";"8.653,64";"8.585,14"
"2688";"FARINHA MILHO SAUDAVEL 1KG MEDIA";"800";"2.336,000";"10.470,64";"10.349,14"
"2684";"FARINHA MILHO SINHA 1KG GROSSA";"800";"515,000";"2.054,85";"2.054,85"
"2685";"FARINHA MILHO SINHA 1KG MEDIA";"800";"19,000";"75,81";"75,81"
"11065";"FARINHA ROSCA";"800";"1.321,102";"16.349,56";"16.234,91"
"2699";"FARINHA ROSCA CBS 500G";"800";"126,000";"1.135,50";"1.135,50"
"2701";"FARINHA ROSCA PULLMAN 500G";"800";"122,000";"1.169,98";"1.169,98"
"38196";"FARINHA TAPIOC ROCHA PAO QUEIJ 400G";"800";"90,000";"890,10";"890,10"
"2712";"FARINHA TAPIOCA BEIJUBOM 500G";"800";"35,000";"304,15";"304,15"
"37075";"FARINHA TAPIOCA DINDA 400G TRAD";"800";"1.362,000";"6.582,30";"6.038,30"
"2704";"FARINHA TAPIOCA PINDUCA 500G";"800";"97,000";"484,03";"484,03"
"37074";"FARINHA TAPIOCA ROCHA 400G BATATA";"800";"87,000";"695,13";"667,13"
"36996";"FARINHA TAPIOCA ROCHA 500G TRAD";"800";"431,000";"3.443,69";"3.440,69"
"38194";"FARINHA TAPIOCA ROCHA COCO 400G";"800";"18,000";"178,02";"166,22"
"2717";"FARINHA TRIGO FIDALGA 1KG";"800";"171,000";"408,69";"408,69"
"2745";"FARINHA TRIGO MARIA INES 1KG";"800";"17.559,000";"74.413,66";"68.984,07"
"2745";"FARINHA TRIGO MARIA INES 1KG";"810";"10,000";"43,90";"43,90"
"2759";"FARINHA TRIGO MARIA INES 1KG C FERM";"800";"5,000";"33,89";"33,89"
"2757";"FARINHA TRIGO MARIA INES 1KG INTEG";"800";"359,000";"2.237,11";"2.234,91"
"2749";"FARINHA TRIGO MARIA INES 5KG";"800";"1.104,000";"22.769,96";"22.767,96"
"2762";"FARINHA TRIGO MARIA INES 5KG PASTEL";"800";"30,000";"778,17";"778,17"
"2761";"FARINHA TRIGO MARIA INES 5KG PIZZA";"800";"52,000";"1.141,23";"1.141,23"
"2741";"FARINHA TRIGO NORDESTE 1KG";"800";"7.593,000";"28.893,36";"23.265,68"
"2760";"FARINHA TRIGO NORDESTE 5KG";"800";"178,000";"3.202,22";"3.202,22"
"2755";"FARINHA TRIGO PANFACIL 1KG C FERM";"800";"178,000";"1.035,62";"1.035,62"
"2752";"FARINHA TRIGO PANFACIL 1KG INTEGRAL";"800";"105,000";"580,65";"580,65"
"2750";"FARINHA TRIGO PANFACIL 5KG PREMIUM TP1";"800";"105,000";"2.018,19";"2.015,69"
"2748";"FARINHA TRIGO PANFACIL 5KG TP1";"800";"106,000";"2.010,24";"2.010,24"
"2739";"FARINHA TRIGO PANFACIL PREM TP1 1KG TP1";"800";"1.914,000";"7.633,86";"7.628,86"
"2722";"FARINHA TRIGO PANFACIL TP1 1KG";"800";"7.005,000";"26.128,65";"22.111,65"
"2737";"FARINHA TRIGO ROSESOL 1KG";"800";"12.494,000";"35.914,66";"30.228,85"
"2737";"FARINHA TRIGO ROSESOL 1KG";"810";"8,000";"23,92";"23,92"
"2747";"FARINHA TRIGO ROSESOL 5KG";"800";"340,000";"5.776,60";"5.776,60"
"2792";"FAROFA CASEIRISSIMA YOKI 200G BANANA";"800";"177,000";"1.678,23";"1.678,23"
"2793";"FAROFA CASEIRISSIMA YOKI 200G CEBOLA";"800";"199,000";"1.575,91";"1.575,91"
"2791";"FAROFA CASEIRISSIMA YOKI 200G COSTELINHA";"800";"259,000";"2.044,76";"2.044,76"
"37007";"FAROFA DINDA 200G BACON";"800";"796,000";"3.043,54";"2.840,82"
"37014";"FAROFA DINDA 200G PICANHA";"800";"963,000";"3.726,87";"3.448,05"
"37021";"FAROFA DINDA 200G TRAD";"800";"1.221,000";"4.788,79";"4.384,27"
"2769";"FAROFA MANDIOCA DOBA 250G TEMPERADA TRADICIONAL";"800";"2,000";"1,98";"1,98"
"2783";"FAROFA MANDIOCA DOBA 500G GROSSA";"800";"32,000";"103,18";"103,18"
"2773";"FAROFA MANDIOCA PINDUCA 250G BACON";"800";"8,000";"23,92";"23,92"
"2775";"FAROFA MANDIOCA PINDUCA 250G CALABRESA";"800";"7,000";"20,93";"20,93"
"2771";"FAROFA MANDIOCA PINDUCA 250G CHURRASCO";"800";"14,000";"41,86";"41,86"
"2778";"FAROFA MANDIOCA PINDUCA 250G SUAVE";"800";"3,000";"8,97";"8,97"
"2785";"FAROFA MANDIOCA YOKI 200G C TEMPERO SUAVE";"800";"246,000";"1.473,54";"1.473,54"
"2786";"FAROFA MANDIOCA YOKI 200G TRADICIONAL";"800";"562,000";"3.133,62";"3.133,62"
"2799";"FAROFA MANDIOCA YOKI 400G TRADICIONAL";"800";"1.680,000";"14.818,20";"13.879,20"
"18442";"FAROFA PRONTA YOKI 400G L400P350";"800";"5,000";"39,95";"39,95"
"37265";"FAROFA ROCHA 250G BACON";"800";"1.001,000";"4.932,99";"4.576,39"
"37030";"FAROFA ROCHA 250G FARROUPILHA";"800";"707,000";"4.046,23";"3.715,13"
"37266";"FAROFA ROCHA 250G PICANHA";"800";"839,000";"4.122,61";"3.865,91"
"37268";"FAROFA ROCHA 250G TRAD";"800";"654,000";"3.204,36";"2.957,96"
"37033";"FAROFA ROCHA 400G TRAD";"800";"355,000";"2.303,95";"2.301,95"
"37025";"FAROFA ROCHA CASEIRA 300G CEB NA MANT";"800";"211,000";"1.791,39";"1.789,39"
"37027";"FAROFA ROCHA CASEIRA 300G TRAD";"800";"172,000";"1.460,28";"1.460,28"
"37047";"FAROFA ROCHA CASEIRA 300GBACON";"800";"244,000";"2.071,56";"2.071,56"
"18459";"FEIJAO BCO SERRA URUGUAI 500G";"800";"3.891,000";"25.577,79";"23.445,99"
"2302";"FEIJAO BRANCO CALDO OURO 500G";"800";"924,000";"7.394,86";"7.394,86"
"2304";"FEIJAO BRANCO CBS 500G";"800";"120,000";"1.317,60";"1.317,60"
"2309";"FEIJAO BRANCO JUREIA 500G";"800";"5,000";"42,95";"42,95"
"2390";"FEIJAO BRANCO ODERICH LT 220G";"800";"106,000";"528,94";"528,94"
"2312";"FEIJAO CARIOC SERRA URUGUAI 500G";"800";"702,000";"4.024,78";"4.024,78"
"2320";"FEIJAO CARIOCA CALDO OURO 1KG";"800";"318,000";"3.190,82";"3.190,82"
"2386";"FEIJAO CARIOCA FUGINI SH 250G";"800";"23,000";"84,87";"84,87"
"2317";"FEIJAO CARIOCA SERRA URUGUAI 1KG";"800";"720,000";"7.224,00";"7.224,00"
"18462";"FEIJAO CAVALO CALDO BOM 500G";"800";"23,000";"68,77";"68,77"
"36770";"FEIJAO FRADINHO CALDO BOM SEL ESP 5";"800";"2,000";"5,98";"5,98"
"35715";"FEIJAO JALO CALDO BOM 500G SEL ESP";"800";"10,000";"29,90";"29,90"
"2325";"FEIJAO PRETO ARBAZA PREMIUM 500G";"800";"1.778,000";"6.430,62";"6.430,62"
"2348";"FEIJAO PRETO ARBAZA TP1 1KG";"800";"5.522,000";"37.116,28";"31.500,38"
"2351";"FEIJAO PRETO CALDO OURO 1KG";"800";"17.751,000";"135.673,75";"131.396,24"
"2351";"FEIJAO PRETO CALDO OURO 1KG";"810";"13,000";"97,37";"97,37"
"2329";"FEIJAO PRETO CALDO OURO 500G";"800";"7.051,000";"29.181,89";"29.181,89"
"2387";"FEIJAO PRETO FUGINI SH 250G";"800";"23,000";"50,17";"50,17"
"2389";"FEIJAO PRETO ODERICH LT 420G";"800";"92,000";"759,48";"759,48"
"35721";"FEIJAO PRETO SABOROSO 1KG";"800";"370,000";"1.196,80";"1.196,80"
"2355";"FEIJAO PRETO SERRA URUGUAI TP1 1KG";"800";"2.962,000";"20.704,38";"20.704,38"
"18466";"FEIJAO PTO MORO TP1 1KG";"800";"7.679,000";"44.187,61";"37.316,01"
"2359";"FEIJAO RAJADO SERRA URUGUAI 500GR";"800";"258,000";"1.803,42";"1.803,42"
"35709";"FEIJAO ROSINHA CALDO BOM 500G SEL ESPECIAL";"800";"35,000";"104,65";"104,65"
"2361";"FEIJAO VERMELHO ARBAZA 500G";"800";"996,000";"8.791,04";"8.791,04"
"2392";"FEIJAO VERMELHO ODERICH LT 420G";"800";"7,000";"27,93";"27,93"
"2368";"FEIJAO VERMELHO SERRA URUGUAI 500G";"800";"819,000";"6.581,61";"6.581,61"
"2368";"FEIJAO VERMELHO SERRA URUGUAI 500G";"810";"14,000";"106,26";"106,26"
"2365";"FEIJAO VRM CALDO OURO 500G";"800";"1.041,000";"6.754,69";"6.745,49"
"2391";"FEIJOADA ODERICH 420G";"800";"154,000";"1.956,87";"1.956,87"
"36521";"FEIRINHA LAVANDERIA PLASUTIL 127";"800";"2,000";"23,98";"23,98"
"37083";"FEIRINHA PANELUX PANELA UND";"800";"2,000";"47,98";"47,98"
"3505";"FERM BIO PO FLEISCHMANN SH 10G INSTANT";"800";"8.704,000";"20.060,96";"18.030,56"
"3510";"FERM BIO PO FLEISCHMANN SH LV 125G PG 100G";"800";"547,000";"7.050,83";"7.041,33"
"3512";"FERM PO BIOL GOOD INSTANT SH 10G";"800";"4.959,000";"5.405,53";"5.405,53"
"3516";"FERM PO BIOL GOOD INSTANT SH 125G";"800";"607,000";"5.785,59";"5.785,59"
"18479";"FERM PO QUIMICO GOOD INSTANT 100G";"800";"573,000";"1.999,77";"1.999,77"
"3539";"FERM PO QUIMICO GOOD INSTANT SH 11G";"800";"1.423,000";"839,57";"839,57"
"3521";"FERM QUIMICO PO DR OETKER PT 100G";"800";"1.384,000";"6.490,96";"6.490,96"
"3524";"FERM QUIMICO PO FLEISCHMANN PT 100G";"800";"444,000";"2.638,56";"2.638,56"
"3531";"FERM QUIMICO PO ROYAL PT 100G";"800";"3.916,000";"21.498,99";"21.498,99"
"3535";"FERM QUIMICO PO ROYAL PT 250G";"800";"755,000";"10.713,45";"10.712,15"
"36711";"FERMENTO BIOL PO NORDESTE SH 10G";"800";"456,000";"332,24";"332,24"
"18480";"FERT 04.14.08 1K POUCH UNICA";"800";"1,000";"26,59";"26,59"
"18489";"FERT ORG MONO TEMP HORT 5ML";"800";"1,000";"5,99";"5,99"
"18490";"FERT UREIA 1K POUCH UNICA";"800";"1,000";"32,90";"32,90"
"6056";"FERT VITAPLAN 150G ORQUIDEAS";"800";"7,000";"64,77";"64,77"
"18492";"FERVEDOR C/TAMPA CASALI 1,7L";"800";"1,000";"32,99";"32,99"
"18493";"FERVEDOR C/TAMPA PINTADO CORES 1,1L";"800";"2,000";"65,98";"65,98"
"18494";"FERVEDOR C/TAMPA PINTADO CORES 1,7L";"800";"1,000";"38,99";"38,99"
"37362";"FESTIVAL DE TALHERES PLASUTIL REF13";"800";"7,000";"20,93";"20,93"
"11067";"FGO ASSADO BARRA";"800";"15,000";"825,00";"825,00"
"11068";"FGO CONG KG";"800";"1.737,543";"22.295,14";"22.239,13"
"11070";"FGO PASSARINHO LAR 700G";"800";"9.096,000";"85.749,04";"82.129,54"
"11072";"FGO PASSARINHO SEARA 800G";"800";"1.042,000";"10.721,58";"10.720,18"
"11240";"FGO SEARA CAIPIRA CONG";"800";"154,356";"2.854,05";"2.854,05"
"11076";"FGO SEARA PADARIA C CERVEJA";"800";"87,321";"1.482,46";"1.482,46"
"2426";"FIAMBRE CARNE BOVINA ODERICH 320G";"800";"3,000";"20,97";"20,97"
"18504";"FIAMBRE SUINO ODERICH 320G";"800";"7,000";"28,33";"28,33"
"3070";"FIBRA MARACUJA CERELUS 100G";"800";"2,000";"22,38";"22,38"
"11079";"FIGADO BOV CONG KG";"800";"134,376";"1.892,75";"1.892,75"
"11080";"FIGADO BOV CONG KG CAMPEIRO BDJ";"800";"2.388,028";"34.777,56";"34.777,56"
"11081";"FIGADO FGO PERDIGAO CONG";"800";"6.395,000";"37.578,25";"37.573,45"
"18505";"FIGO CALDA MARIZA 400G";"800";"52,000";"1.117,48";"1.117,48"
"2288";"FIGO ODERICH CALDA 450G";"800";"94,000";"2.150,03";"2.150,03"
"38190";"FIGURINHAS COPA 2026 C7";"800";"10.007,000";"70.049,00";"70.049,00"
"11086";"FILE ABROTEA JAPESCA 400G";"800";"31,000";"643,25";"643,25"
"11087";"FILE CASCUDINHO JAPESCA 400G";"800";"5,000";"87,75";"87,75"
"11089";"FILE COSTELA MATURATTA BOV KG ENTRECOT";"800";"1.321,613";"72.589,09";"60.892,02"
"11091";"FILE COSTELA MATURATTA BOV KG ENTRECOT BDJ";"800";"6,334";"389,47";"325,99"
"30922";"FILE FGO LAR MILANESA 700G";"800";"201,000";"6.708,49";"6.708,49"
"6063";"FILE FRANGO SADIA 500G PARMEGIANA";"800";"77,000";"2.055,13";"2.055,13"
"11095";"FILE JUNDIA JAPESCA 400G";"800";"9,000";"158,31";"158,31"
"11097";"FILE MERLUZA JAPESCA 400G";"800";"254,000";"6.032,50";"6.032,50"
"11099";"FILE MERLUZA OPERGEL 500G";"800";"2,000";"59,98";"59,98"
"11100";"FILE MERLUZA OPERGEL 800G";"800";"18,000";"719,82";"719,82"
"11101";"FILE MIGNON BOV VACUO KG";"800";"0,210";"24,36";"24,36"
"11102";"FILE MIGNON FRIBOI BOV PORC RESF KG";"800";"49,072";"4.770,31";"4.705,56"
"11111";"FILE PANGA OPERGEL S GORDURA 500G";"800";"32,000";"670,40";"670,40"
"30926";"FILE PEITO FGO CONG KG";"800";"15.741,492";"249.234,38";"238.034,70"
"11114";"FILE PEITO FGO MAIS FGO SASSAMI";"800";"1.922,000";"42.722,31";"42.722,31"
"11116";"FILE PEITO FGO SADIA BIO BDJ 1KG";"800";"19,000";"512,81";"512,81"
"11117";"FILE PEITO FGO SADIA CONG BDJ 1KG S O P PFFBP 1";"800";"621,000";"14.798,19";"14.798,19"
"11118";"FILE PEITO FGO SADIA IQF 1KG";"800";"945,000";"22.037,35";"22.037,35"
"36443";"FILE PEIXE OPERGEL TILAPIA 400G";"800";"4,000";"75,96";"75,96"
"11119";"FILE PESCADA JAPESCA 400G";"800";"31,000";"588,69";"588,69"
"11120";"FILE POLACA DO ALASCA JAPESCA 400G";"800";"123,000";"1.998,75";"1.998,75"
"11124";"FILE SALMAO KG";"800";"16,162";"1.939,30";"1.939,30"
"11128";"FILE SALMAO SEARA IQF 500G";"800";"45,000";"4.035,55";"4.035,55"
"11129";"FILE TAINHA JAPESCA 400G ";"800";"2,000";"31,98";"31,98"
"11130";"FILE TILAPIA AURORA 400G";"800";"132,000";"3.729,88";"3.729,88"
"11131";"FILE TILAPIA JAPESCA 400G";"800";"72,000";"2.015,28";"2.015,28"
"11133";"FILE TILAPIA SEARA 600G";"800";"241,000";"9.541,39";"9.541,39"
"11134";"FILE TRAIRA JAPESCA C PELE 400G";"800";"17,000";"441,83";"441,83"
"11135";"FILEZINHO FGO LAR EMPAN 700G";"800";"403,000";"10.281,59";"10.281,59"
"11139";"FILEZINHO FGO LEVO SASSAMI KG";"800";"0,838";"16,75";"16,75"
"11137";"FILEZINHO FGO SADIA BDJ 1KG PFWB";"800";"297,000";"6.828,03";"6.828,03"
"11138";"FILEZINHO FGO SADIA SASSAMI IQF 1KG PFW";"800";"1.174,000";"27.694,66";"27.694,66"
"11142";"FILEZINHO FGO SEARA SASSAMI 1KG";"800";"1.841,000";"40.677,59";"40.660,19"
"11141";"FILEZINHO FGO SEARA SASSAMI 1KG TEMP";"800";"2,000";"48,58";"48,58"
"18512";"FILME POLIESTER ROYALPACK 45X7 5M ";"800";"27,000";"269,73";"269,73"
"6064";"FILME ROYAL PACK 15M";"800";"216,000";"1.421,74";"1.421,74"
"6065";"FILME ROYAL PACK 30M ";"800";"260,000";"2.478,60";"2.478,60"
"18516";"FILME UTILFILME 15M";"800";"558,000";"2.784,42";"2.784,42"
"710";"FILTRADO CASA DELLANNO MOSC 750ML BRANCO DOCE";"800";"1,000";"19,99";"19,99"
"722";"FILTRADO DUSHY FEST S ALC 660ML";"800";"3,000";"71,90";"71,90"
"725";"FILTRADO GARIBALDI S ALC 660ML ROSE";"800";"1,000";"15,90";"15,90"
"716";"FILTRADO GOTA D CRISTAL 660ML DOCE BRANCO";"800";"5,000";"90,50";"90,50"
"718";"FILTRADO GOTA D CRISTAL 660ML DOCE ROSE";"800";"19,000";"351,10";"351,10"
"730";"FILTRADO GOTA DCRISTAL S ALC 660ML ";"800";"15,000";"242,50";"242,50"
"732";"FILTRADO PRESTIGE 660ML DOCE ROSE";"800";"2,000";"40,80";"40,80"
"18519";"FILTRO LIMPPANO P COIFAS C 1";"800";"1,000";"14,49";"14,49"
"34781";"FILTRO P BOMBA CHIMARAO";"800";"1,000";"1,99";"1,99"
"18520";"FILTRO P BOMBA CHIMARAO P DIVAS";"800";"16,000";"30,24";"30,24"
"18521";"FILTRO P BOMBA CHIMARRAO C 2";"800";"1.677,000";"5.080,63";"5.080,63"
"37231";"FILTRO P CAFE INOX 12 5X9CM";"800";"1,000";"49,90";"49,90"
"18522";"FILTRO PAPEL 3 CORACOES 102 C 30";"800";"253,000";"1.581,07";"1.581,07"
"2306";"FILTRO PAPEL 3C 103 C 30";"800";"155,000";"1.072,27";"1.072,27"
"2299";"FILTRO PAPEL BRIGITTA 102 C 30";"800";"788,000";"4.270,72";"4.270,72"
"2299";"FILTRO PAPEL BRIGITTA 102 C 30";"810";"4,000";"21,56";"21,56"
"2300";"FILTRO PAPEL BRIGITTA 103 C 30";"800";"374,000";"2.128,06";"2.128,06"
"2298";"FILTRO PAPEL IGUACU 102 C 30";"800";"395,000";"2.102,25";"2.102,25"
"2301";"FILTRO PAPEL MELITTA 102 MD C 30";"800";"366,000";"2.233,44";"2.233,44"
"2303";"FILTRO PAPEL MELITTA 103 GD C 30";"800";"399,000";"2.643,35";"2.643,35"
"2305";"FILTRO PAPEL MELITTA N02 MD C 30";"800";"233,000";"1.488,87";"1.488,47"
"2308";"FILTRO PAPEL MELITTA N04 GD C 30";"800";"77,000";"569,03";"569,03"
"6068";"FIO DENT JOHNSON REACH ESSSENC 100M";"800";"73,000";"1.415,47";"1.402,87"
"6070";"FIO DENTAL COLGATE 50M MENTA";"800";"70,000";"1.356,97";"1.356,97"
"6071";"FIO DENTAL COLGATE 50M NYLON";"800";"48,000";"920,80";"920,80"
"18526";"FIO DENTAL CONDOR MENTA ESP 25M R 3406";"800";"83,000";"1.069,87";"1.069,87"
"9512";"FIO DENTAL CONDOR MENTA L50P25 3416 ";"800";"143,000";"1.916,06";"1.916,06"
"9511";"FIO DENTAL JOHNSON EXP PLUS 50M MENTA";"800";"43,000";"833,77";"833,77"
"18528";"FIO DENTAL ORAL B SUPER FLOSS 50M";"800";"2,000";"73,98";"73,98"
"18532";"FIO NYLON P MAQUINA CORTA GRAMA 5M";"800";"11,000";"109,89";"109,89"
"11143";"FIOS DE OVOS KG";"800";"24,242";"3.254,42";"3.254,42"
"6076";"FITA ADESIVA EURO 45X45MM";"800";"284,000";"1.559,16";"1.559,16"
"35925";"FITA ADESIVA EUROCEL 12X10 PP2000";"800";"109,000";"162,41";"162,41"
"18533";"FITA CORRETIVA 5MMX10M-91416";"800";"6,000";"35,94";"35,94"
"18535";"FITA CORRETIVA 5MMX6M 91211";"800";"27,000";"134,73";"134,73"
"18534";"FITA CORRETIVA 5MMX6M ACRILEX-1526";"800";"20,000";"209,80";"209,80"
"33865";"FITA CORRETIVA MAXI TAPE 5MMX10M OFFICE";"800";"20,000";"189,80";"189,80"
"18537";"FITA CORRETIVA MAXI TAPE 5MMX4M";"800";"39,000";"233,61";"233,61"
"33861";"FITA CORRETIVA MAXI TAPE 5MMX6M";"800";"60,000";"479,40";"479,40"
"18538";"FITA CREPE 19MMX10M";"800";"21,000";"167,79";"167,79"
"18539";"FITA CREPE EUROCEL 18X50 UN";"800";"44,000";"354,36";"354,36"
"18541";"FITA DUPLA FACE 3M";"800";"73,000";"875,27";"875,27"
"36346";"FITA EUROCEL CREPE 18X10 MSK6142";"800";"76,000";"174,04";"174,04"
"18544";"FITA EUROCEL DUPLA FACE 12X30 UN";"800";"33,000";"304,17";"304,17"
"18545";"FITA EUROCEL EURO 12X30MM PC10HSF";"800";"76,000";"151,24";"151,24"
"18546";"FITA EUROCEL EURO PP12X10MM PC10HSF";"800";"65,000";"64,35";"64,35"
"18548";"FITA ISOLANTE ANTI CHAMA 5MTS";"800";"152,000";"1.065,00";"1.065,00"
"18554";"FITA VEDA ROSCA 5MX12MM";"800";"112,000";"558,88";"558,18"
"18556";"FLAN BATAVO 200G BAUN C CAR";"800";"531,000";"3.038,95";"3.038,95"
"18557";"FLAN BATAVO 200G BAUN C FTA VRM";"800";"451,000";"2.445,09";"2.445,09"
"18558";"FLAN BIOLAT 200G BAUNILHA CARAM";"800";"677,000";"3.344,23";"3.344,23"
"18559";"FLAN BIOLAT 200G MOR";"800";"590,000";"3.015,10";"3.015,10"
"18560";"FLAN CAROLINA 180G CARAMELO";"800";"150,000";"926,50";"926,50"
"18561";"FLAN CAROLINA 180G FRU VERMS";"800";"81,000";"543,19";"543,19"
"18562";"FLAN STA CLARA 200G BAUN CARAM";"800";"333,000";"1.528,47";"1.528,47"
"18564";"FLANELA ALG PANOSUL 34X50CM AMAR";"800";"221,000";"1.080,69";"1.080,69"
"18563";"FLANELA ALG PANOSUL AMAR";"800";"267,000";"1.011,93";"1.011,93"
"18565";"FLANELA ALG SUE 40X30CM";"800";"51,000";"245,95";"245,95"
"18566";"FLANELA ALG SUE 40X50CM";"800";"5,000";"28,55";"28,55"
"18567";"FLANELA ALG SUE 48X26";"800";"94,000";"482,10";"482,10"
"18568";"FLANELA ALG SUE 58X38";"800";"91,000";"613,27";"613,27"
"1942";"FLOCOS ARROZ STO ANTONIO 100G CARAMELIZADO";"800";"343,000";"3.666,67";"3.666,67"
"33943";"FLOR DALIA X3 SORT";"800";"5,000";"14,95";"14,95"
"18584";"FLOR NARCISO X3 MISTA";"800";"33,000";"131,67";"131,67"
"18590";"FLORES ARTIFICIAL CP LEITE 38CM";"800";"16,000";"44,00";"44,00"
"6081";"FLUTUADOR MOR 1 65MX6 5CM";"800";"8,000";"87,92";"87,92"
"6082";"FOGAO ROYAL PACK 270X270MM 08UN ";"800";"38,000";"295,02";"295,02"
"18596";"FOLHA A4 JANDAINHA C 100FLS  AZUL";"800";"11,000";"109,89";"109,89"
"18598";"FOLHA A4 JANDAINHA C 100FLS  CANARIO";"800";"3,000";"29,97";"29,97"
"18599";"FOLHA A4 JANDAINHA C 100FLS  ROSA";"800";"3,000";"29,97";"29,97"
"18601";"FOLHA A4 JANDAINHA C 100FLS  VERDE";"800";"10,000";"99,90";"99,90"
"18597";"FOLHA A4 JANDAINHA C 100FLS BCO";"800";"10,000";"99,90";"99,90"
"18600";"FOLHA A4 JANDAINHA C 100FLS SORT";"800";"3,000";"37,47";"37,47"
"18593";"FOLHA A4 PAMPAPEL 210X297MM 100FLS";"800";"675,000";"4.481,75";"4.481,75"
"18602";"FOLHA A4 PAMPAPEL 210X297MM 500FLS";"800";"454,000";"13.615,46";"13.615,46"
"36503";"FOLHA CHAMEQUINHO AZ C 100";"800";"2,000";"17,98";"17,98"
"36192";"FOLHA E V A AZUL REVAL CLARO";"800";"4,000";"15,96";"15,96"
"36193";"FOLHA E V A LARANJA REVAL 48X40";"800";"5,000";"19,95";"19,95"
"18603";"FOLHA EVA 20X30 C 10 YP7040 SORT";"800";"29,000";"202,71";"202,71"
"18606";"FOLHA EVA 40X60 YP7025 MARROM";"800";"1,000";"6,99";"6,99"
"18607";"FOLHA EVA 40X60 YP7026 LAR";"800";"1,000";"6,99";"6,99"
"35264";"FOLHADO MARQUESPAN ACUC GOIABADA KG";"800";"1,434";"114,72";"114,72"
"35265";"FOLHADO MARQUESPAN ACUCAR KG";"800";"1,448";"101,36";"101,36"
"35266";"FOLHADO MARQUESPAN QJO KG";"800";"1,670";"109,19";"109,19"
"11232";"FOLHADO SPECIATTA ABACAXI KG";"800";"87,616";"5.230,56";"5.063,17"
"11233";"FOLHADO SPECIATTA MINI SALSICHA KG";"800";"193,200";"11.257,26";"9.478,94"
"1902";"FONDANT ST ANTONIO 120G LEITE";"800";"103,000";"750,87";"750,87"
"1908";"FONDANT STO ANTONIO 160G LEITE";"800";"373,000";"2.980,27";"2.980,27"
"1912";"FONDANT STO ANTONIO 160G LEITE COCO";"800";"313,000";"2.500,87";"2.500,87"
"6084";"FONDUE SANTA CLARA 400G CHOCOLATE";"800";"1,000";"29,90";"29,90"
"6083";"FONDUE SANTA CLARA 400G QUEIJO ESP";"800";"8,000";"272,48";"252,94"
"18636";"FOR ANTIADER C FURO CENTRAL 24X8CM";"800";"1,000";"29,99";"29,99"
"18643";"FOR FUZIPAR PAO N2 REF 096";"800";"8,000";"195,12";"195,12"
"18656";"FOR P BOL C CAN DOCESAR N18 1 8LT ";"800";"16,000";"479,84";"479,84"
"18657";"FOR P BOL C CAN DOCESAR N20 2 1LT";"800";"10,000";"329,90";"329,90"
"18658";"FOR P BOL C CAN DOCESAR N22 2 9LT ";"800";"18,000";"665,82";"665,82"
"18659";"FOR P BOL DOCESAR RED N20 1 8LT";"800";"10,000";"259,90";"259,90"
"18660";"FOR P BOL DOCESAR RED N22 2 2LT ";"800";"17,000";"509,83";"509,83"
"18661";"FOR P BOL DOCESAR RED N24 2 7LT";"800";"10,000";"329,90";"329,90"
"18663";"FOR P PASTEL C 5PC KEITA ";"800";"2,000";"29,98";"29,98"
"18664";"FOR P PIZZA DOCESAR N30 1 3LT ";"800";"11,000";"373,89";"373,89"
"18665";"FOR P PUDIM DOCESAR N18 1 9LT ";"800";"16,000";"671,84";"671,84"
"18654";"FOR P/AIRFRYER RED 50PC/20CM";"800";"1,000";"11,99";"11,99"
"18669";"FOR PAPEL HIPPER FESTTA N4 C/100 AMARELA";"800";"1,000";"2,69";"2,69"
"18670";"FOR PAPEL HIPPER FESTTA N4 C/100 AZUL";"800";"17,000";"67,83";"67,83"
"18671";"FOR PAPEL HIPPER FESTTA N4 C/100 BCA";"800";"39,000";"116,61";"116,61"
"18674";"FOR PAPEL HIPPER FESTTA N4 C/100 ROSA";"800";"24,000";"95,76";"95,76"
"18675";"FOR PAPEL HIPPER FESTTA N4 C/100 VERM";"800";"20,000";"79,80";"79,80"
"18677";"FOR PAPEL HIPPER FESTTA N5 C 100  AZUL";"800";"23,000";"68,77";"68,77"
"18680";"FOR PAPEL HIPPER FESTTA N5 C 100  ROSA";"800";"48,000";"143,52";"143,52"
"18681";"FOR PAPEL HIPPER FESTTA N5 C 100  VERDE";"800";"26,000";"77,74";"77,74"
"18682";"FOR PAPEL HIPPER FESTTA N5 C 100 VERM";"800";"10,000";"29,90";"29,90"
"18701";"FOR PIZZA 36CM";"800";"2,000";"43,98";"43,98"
"18703";"FOR PIZZA CASALI N30";"800";"1,000";"21,79";"21,79"
"18704";"FOR PIZZA CASALI N35";"800";"4,000";"125,96";"125,96"
"18705";"FOR PIZZA EMCASA TEM 29CM CM100";"800";"28,000";"531,72";"531,72"
"18708";"FOR RED ACRNIL RFCVS1004";"800";"1,000";"26,29";"26,29"
"18725";"FOR SIL WINCY N6";"800";"1,000";"2,99";"2,99"
"18729";"FOR TORTA 31 4X3 5CM ";"800";"1,000";"19,99";"19,99"
"33399";"FORM DESCART QUAD P AIR FRYER C50PC 16X4CM";"800";"4,000";"51,96";"51,96"
"33400";"FORM DESCART QUAD P AIR FRYER C50PC 20X4";"800";"10,000";"169,90";"169,90"
"33421";"FORM DESCART RED P AIR FRYER C50PCS 20X4CM";"800";"5,000";"84,95";"84,95"
"37001";"FORMA ACO ANTIADERENTE PAO 25X13X6";"800";"17,000";"237,83";"237,83"
"36972";"FORMA ANTIADER FURO C CENTRAL 24X6";"800";"26,000";"623,74";"623,74"
"18637";"FORMA ANTIADER P6 CUPC 26X16X3 24CM ";"800";"26,000";"415,74";"415,74"
"31074";"FORMA C FUNDO REMOV 24CM";"800";"4,000";"75,96";"75,96"
"31075";"FORMA C FUNDO REMOV 26CM";"800";"14,000";"321,86";"321,86"
"31076";"FORMA C FUNDO REMOV 28CM";"800";"27,000";"728,73";"728,73"
"38093";"FORMA DESC AIR FRYER 50PCS 20X4 5CM";"800";"61,000";"731,39";"731,39"
"33945";"FORMA DESCART AIRFRYER 16CM 50PCS";"800";"7,000";"55,93";"55,93"
"33944";"FORMA DESCART AIRFRYER 20CM 50PCS";"800";"13,000";"142,87";"142,87"
"36905";"FORMA ERCAPLAST GELO AVULSA";"800";"2,000";"7,98";"7,98"
"37514";"FORMA FUZIPAR BOLO STANDARD N22";"800";"1,000";"24,39";"24,39"
"9521";"FORMA FUZIPAR PAO CUCA ";"800";"6,000";"146,34";"146,34"
"6089";"FORMA GELO SANREMO 348";"800";"5,000";"44,95";"44,95"
"6090";"FORMA GELO SANREMO FLEXIVEL 1260";"800";"18,000";"359,82";"359,82"
"35874";"FORMA HIPPER FEST PAPEL N4 MARROM C";"800";"4,000";"15,96";"15,96"
"36718";"FORMA HIPPER FEST PAPEL N4 VDE BAN";"800";"18,000";"71,82";"71,82"
"36747";"FORMA HIPPER FEST PAPEL N5 MARROM C";"800";"27,000";"80,73";"80,73"
"31078";"FORMA HIPPER FESTTA PAPEL N0B C 100  MARROM";"800";"11,000";"164,89";"162,89"
"34480";"FORMA HIPPER FESTTA PAPEL N0B C 100 AZL CLA";"800";"16,000";"207,84";"207,84"
"34483";"FORMA HIPPER FESTTA PAPEL N0B C 100 RSA";"800";"18,000";"233,82";"233,82"
"34482";"FORMA HIPPER FESTTA PAPEL N0B C 100 VDE BANDEIRA";"800";"12,000";"155,88";"155,88"
"34484";"FORMA HIPPER FESTTA PAPEL N0B C 100 VRM";"800";"12,000";"155,88";"155,88"
"34485";"FORMA HIPPER FESTTA PAPEL N3 C 100 AZL";"800";"24,000";"119,76";"119,76"
"34486";"FORMA HIPPER FESTTA PAPEL N3 C 100 MAR";"800";"6,000";"29,94";"29,94"
"18693";"FORMA HIPPER FESTTA PAPEL N3 C 100 RSA";"800";"15,000";"74,85";"74,85"
"34487";"FORMA HIPPER FESTTA PAPEL N3 C 100 VDE BANDEIRA";"800";"12,000";"59,88";"59,88"
"18694";"FORMA HIPPER FESTTA PAPEL N3 C 100 VRM";"800";"7,000";"34,93";"34,93"
"37526";"FORMA P GELO AVULSA CORES";"800";"1,000";"3,99";"3,99"
"36982";"FORMA P PAO FUNDO REMOVIVEL 25X13X6";"800";"16,000";"383,84";"383,84"
"38108";"FORMA PAPEL N4 PRETA C 100";"800";"6,000";"12,54";"12,54"
"6093";"FORMA PELOTINA NOB BRANCA";"800";"5,000";"39,95";"39,95"
"6094";"FORMA PICOLE SANREMO PLAST 358";"800";"7,000";"97,93";"97,93"
"6095";"FORMA PIZZA FUZIPAR N30 ";"800";"1,000";"24,39";"24,39"
"18730";"FORMA TORTA C FUNDO REMOV 26CM CM36 ";"800";"28,000";"755,72";"755,72"
"18731";"FORMA TORTA C FUNDO REMOVIVEL 24CM ";"800";"13,000";"311,87";"311,87"
"18732";"FORMICIDA GRAO FORTE PCT 50G";"800";"1,000";"7,99";"7,99"
"9526";"FORMINHA BRINK FEST PAPEL N05 100UN BRANCA";"800";"30,000";"59,70";"59,70"
"6109";"FOSFORO GABOARDI 10UN";"800";"979,000";"5.350,25";"5.236,33"
"6110";"FOSFORO GABOARDI LONGOS 200UN";"800";"130,000";"585,62";"585,62"
"9531";"FOSFORO PARANA ECO 10X40UN";"800";"183,000";"1.189,97";"1.189,97"
"9530";"FOSFORO PARANA FORNO E FOGAO 200UN";"800";"257,000";"1.539,43";"1.539,43"
"9532";"FOSFORO PARANA GIGANTE ECO 50UN";"800";"185,000";"923,15";"923,15"
"18733";"FOSFORO PARANA LONGO ECO C 100 ";"800";"441,000";"1.450,89";"1.450,89"
"38426";"FR DESC PAMPERS CONF SEC M C30";"800";"1,000";"69,69";"69,69"
"9539";"FRALDA BABYSEC ULTRA JUMBINHO G 16UN";"800";"136,000";"2.732,29";"2.732,29"
"9540";"FRALDA BABYSEC ULTRA JUMBINHO M 18 UN";"800";"53,000";"1.069,48";"1.069,48"
"6116";"FRALDA BAS SUP NOVA PAMPERS G 26UN";"800";"13,000";"285,87";"285,87"
"6117";"FRALDA BAS SUP NOVA PAMPERS M 30UN";"800";"5,000";"189,95";"189,95"
"6119";"FRALDA BAS SUP NOVA PAMPERS XG 22UN";"800";"33,000";"725,67";"725,67"
"6120";"FRALDA BAS SUP NOVA PAMPERS XXG 20UN";"800";"14,000";"307,86";"307,86"
"6126";"FRALDA CONFORTSEC PAMPERS G 38UN";"800";"12,000";"647,88";"647,88"
"6129";"FRALDA CONFORTSEC PAMPERS M 44UN";"800";"7,000";"377,93";"377,93"
"6128";"FRALDA CONFORTSEC PAMPERS P 50UN";"800";"8,000";"431,92";"431,92"
"6125";"FRALDA CONFORTSEC PAMPERS XG 34UN";"800";"4,000";"215,96";"215,96"
"6127";"FRALDA CONFORTSEC PAMPERS XXG 30UN";"800";"5,000";"269,95";"269,95"
"9541";"FRALDA DESC BABYSEC JUMBINHO P 20 UN";"800";"24,000";"485,22";"485,22"
"9542";"FRALDA DESC BABYSEC JUMBINHO XG 12 UN";"800";"93,000";"1.880,00";"1.880,00"
"9543";"FRALDA DESC BABYSEC JUMBINHO XXG 12 UN";"800";"81,000";"1.630,11";"1.630,11"
"18737";"FRALDA DESC BABYSEC ULTSEC MEGA G 32 UN";"800";"96,000";"3.723,18";"3.723,18"
"18738";"FRALDA DESC BABYSEC ULTSEC MEGA M 38 UN";"800";"42,000";"1.624,62";"1.624,62"
"18739";"FRALDA DESC BABYSEC ULTSEC MEGA P 42 UN";"800";"28,000";"1.101,84";"1.101,84"
"18736";"FRALDA DESC BABYSEC ULTSEC MEGA XG 30 UN";"800";"94,000";"3.664,29";"3.664,29"
"18735";"FRALDA DESC BABYSEC ULTSEC MEGA XXG 28 UN";"800";"109,000";"4.239,63";"4.239,63"
"18740";"FRALDA DESC FERINHA HIPER C 40 XXG";"800";"94,000";"3.383,06";"3.383,06"
"18741";"FRALDA DESC FERINHA HIPER C 42 GG";"800";"25,000";"899,75";"899,75"
"18742";"FRALDA DESC FERINHA HIPER C 46 G";"800";"41,000";"1.475,59";"1.475,59"
"18743";"FRALDA DESC FERINHA HIPER C 52 M";"800";"41,000";"1.475,59";"1.475,59"
"18744";"FRALDA DESC FERINHA HIPER C 60 P";"800";"37,000";"1.331,63";"1.331,63"
"18745";"FRALDA DESC FERINHA JUMBINHO C 14 GG";"800";"259,000";"3.364,41";"3.364,41"
"18746";"FRALDA DESC FERINHA JUMBINHO C 14 XXG";"800";"176,000";"2.286,24";"2.286,24"
"18748";"FRALDA DESC FERINHA JUMBINHO C 18 M";"800";"85,000";"1.104,52";"1.104,52"
"18747";"FRALDA DESC FERINHA JUMBINHO C/16 G";"800";"164,000";"2.130,36";"2.130,36"
"18749";"FRALDA DESC FERINHA JUMBINHO C/20 P";"800";"47,000";"610,53";"610,53"
"35590";"FRALDA DESC HUGGIES MEGUINHA G 30";"800";"21,000";"911,19";"911,19"
"35586";"FRALDA DESC HUGGIES MEGUINHA M 36";"800";"20,000";"867,80";"867,80"
"35589";"FRALDA DESC HUGGIES MEGUINHA P 38";"800";"17,000";"737,63";"737,63"
"35702";"FRALDA DESC HUGGIES MEGUINHA XG 28";"800";"14,000";"653,66";"653,66"
"35699";"FRALDA DESC HUGGIES MEGUINHA XXG 26";"800";"26,000";"1.128,14";"1.128,14"
"6130";"FRALDA DESC LOOMPIG JUMBINHO G 14 UN";"800";"36,000";"565,65";"565,65"
"6131";"FRALDA DESC LOOMPIG JUMBINHO M 16 UN";"800";"77,000";"1.211,37";"1.211,37"
"6132";"FRALDA DESC LOOMPIG JUMBINHO P 18 UN";"800";"49,000";"778,53";"778,53"
"6133";"FRALDA DESC LOOMPIG JUMBINHO XG 12 UN";"800";"85,000";"1.336,08";"1.336,08"
"6134";"FRALDA DESC LOOMPIG JUMBINHO XXG 12 UN";"800";"27,000";"423,63";"423,63"
"18760";"FRALDA DESC MILI GIGA C 58 XXG C 58 XXG";"800";"46,000";"4.093,94";"4.093,94"
"18762";"FRALDA DESC MILI GIGA G C 78 C 78 G";"800";"66,000";"5.867,34";"5.867,34"
"18763";"FRALDA DESC MILI GIGA M C 88 C 88 M";"800";"26,000";"2.310,94";"2.310,94"
"18761";"FRALDA DESC MILI GIGA XG C 68 C 68 XG";"800";"60,000";"5.335,80";"5.335,80"
"18769";"FRALDA DESC MILI LOVE CARE JUMBO M C 36";"800";"3,000";"116,95";"116,95"
"18768";"FRALDA DESC MILI LOVECARE JUMBO G C 30";"800";"6,000";"233,32";"233,32"
"18766";"FRALDA DESC MILI LOVECARE JUMBO XG 24UN";"800";"10,000";"387,90";"387,90"
"18767";"FRALDA DESC MILI LOVECARE JUMBO XXG C 24";"800";"13,000";"505,72";"505,72"
"18765";"FRALDA DESC MILI LOVECARE RN 18UN ";"800";"61,000";"1.106,37";"1.106,37"
"36228";"FRALDA DESC PAMPERS CONF XG C 58";"800";"3,000";"365,70";"365,70"
"6124";"FRALDA DESC PAMPERS CONF XXG C 56";"800";"3,000";"359,08";"359,08"
"6121";"FRALDA DESC PAMPERS CONFORT G C 60";"800";"1,000";"115,79";"115,79"
"18771";"FRALDA DESC PAMPERS PANTS C 28 XXG";"800";"10,000";"759,90";"380,00"
"18772";"FRALDA DESC PAMPERS PANTS C 32 XG";"800";"2,000";"151,98";"151,98"
"18774";"FRALDA DESC PAMPERS PANTS C 42 M";"800";"1,000";"69,99";"69,99"
"18787";"FRALDA DESC T FILHOTES MEGA  C/42 XXG";"800";"3,000";"100,17";"100,17"
"18781";"FRALDA DESC T.ANJINHOS CLAS C/16 M";"800";"1,000";"11,50";"11,50"
"6114";"FRALDA GERIATRICA MILI VITA G 08UN 8UN";"800";"35,000";"933,85";"933,85"
"6115";"FRALDA GERIATRICA MILI VITA M 09UN";"800";"58,000";"1.551,42";"1.551,42"
"6112";"FRALDA GERIATRICA MILI VITA P 10UN 10UN P";"800";"16,000";"438,24";"438,24"
"6113";"FRALDA GERIATRICA MILI VITA XG 07UN";"800";"62,000";"1.657,88";"1.657,88"
"9546";"FRALDA MILI JUMBINHO G 20UN";"800";"257,000";"6.292,13";"6.072,03"
"9547";"FRALDA MILI JUMBINHO M 22UN";"800";"105,000";"2.578,55";"2.500,15"
"9548";"FRALDA MILI JUMBINHO P 24UN";"800";"98,000";"2.435,42";"2.374,62"
"9549";"FRALDA MILI JUMBINHO XG 18UN";"800";"340,000";"8.337,00";"8.130,92"
"9550";"FRALDA MILI JUMBINHO XXG 16UN";"800";"373,000";"9.169,47";"8.906,97"
"6135";"FRALDA NAT CAR JUM HUGGIES RN 18UN";"800";"28,000";"948,22";"948,22"
"18809";"FRALDA PAMPERS CONF SEC C 44 XXXG";"800";"5,000";"585,06";"585,06"
"18811";"FRALDA PAMPERS CONF SEC C 72 P";"800";"1,000";"115,79";"115,79"
"37260";"FRALDA PAMPERS PREMIUM CARE RN 36UN";"800";"1,000";"53,39";"53,39"
"18812";"FRALDA PAMPERS SUPERSEQUINHA C 50 XXG";"800";"32,000";"2.428,48";"2.428,48"
"18813";"FRALDA PAMPERS SUPERSEQUINHA C 56 XG";"800";"34,000";"2.580,26";"2.580,26"
"18814";"FRALDA PAMPERS SUPERSEQUINHA C 60 G";"800";"26,000";"1.973,14";"1.973,14"
"18815";"FRALDA PAMPERS SUPERSEQUINHA C 68 M";"800";"15,000";"1.138,35";"1.138,35"
"9534";"FRALDA PLENITUD PROT PLUS G XG 8UN";"800";"7,000";"350,35";"350,35"
"6142";"FRALDA SUPR CARE JUM HUGGIES G 20UN";"800";"2,000";"84,58";"84,58"
"6143";"FRALDA SUPR CARE JUM HUGGIES M 24UN";"800";"4,000";"169,16";"169,16"
"6147";"FRALDA TRIP JUMBINHO HUGGIES G 14 UN";"800";"20,000";"454,03";"454,03"
"6150";"FRALDA TRIP JUMBINHO HUGGIES M 16UN";"800";"5,000";"120,06";"120,06"
"6153";"FRALDA TRIP JUMBINHO HUGGIES P 18UN";"800";"5,000";"113,86";"113,86"
"6158";"FRALDA TRIP JUMBINHO HUGGIES XXG 12UN";"800";"6,000";"134,94";"134,94"
"11235";"FRALDINHA FRIBOI BOV CONG";"800";"5.314,758";"249.862,93";"210.166,19"
"11236";"FRALDINHA FRIBOI PORC VACUO RESF KG";"800";"3.390,578";"160.569,05";"136.175,11"
"11238";"FRALDINHA FRIBOI PORC VACUO RESF KG BDJ";"800";"52,133";"2.462,74";"2.462,74"
"31107";"FRANGO ASSADO KG";"800";"396,512";"10.305,33";"10.297,47"
"37218";"FRASCO VD REDONDO C TAMPA 425ML";"800";"37,000";"369,63";"369,63"
"6162";"FRESH MATIC BOM AR 250ML RF LAVANDA";"800";"11,000";"593,68";"593,68"
"18830";"FRIG GOLD N22 AA PT/PTO";"800";"1,000";"69,90";"69,90"
"6163";"FRIGID TRAMONT TURIM 16CM";"800";"12,000";"406,80";"406,80"
"6164";"FRIGID TRAMONT TURIM 18CM 20260/718";"800";"2,000";"79,98";"79,98"
"6167";"FRIGIDEIRA COURACA N18 ";"800";"5,000";"84,95";"84,95"
"9551";"FRIGIDEIRA TRAMONTINA ALUM 16CM VERMELHA";"800";"8,000";"271,20";"271,20"
"9553";"FRIGIDEIRA TRAMONTINA TURIM 13CM CHUMBO";"800";"8,000";"279,92";"279,92"
"18839";"FRONHA MALHA LD SORT";"800";"1,000";"8,99";"8,99"
"18842";"FRONHA MALHA STUDIO SORTS 50X70";"800";"1,000";"19,99";"19,99"
"36411";"FRONHA MICROTEC 200F C 2PC CORTTEX";"800";"4,000";"67,96";"60,96"
"18844";"FRONHA MICROTEC 200F CORTTEX 50X70";"800";"11,000";"109,89";"109,89"
"11241";"FRUTAS CRIST UNIAGRO KG";"800";"74,928";"1.516,96";"1.516,96"
"18846";"FRUTEIRA RET COLOR 3 ANDARES";"800";"1,000";"58,99";"58,99"
"18848";"FUMO BELA FLOR SUAVE 35G";"800";"1.252,000";"3.618,28";"3.618,28"
"31126";"FUMO BELA FLOR SUAVE PCT C 20 ";"800";"39,000";"1.891,50";"1.891,50"
"36350";"FUMO EM CORDA BELLA FLOR ESP KG EXT";"800";"72,706";"8.208,45";"8.208,45"
"18850";"FUMO TUPA 28G";"800";"1.615,000";"4.052,55";"4.052,55"
"18852";"FUMO VITORIA 28G";"800";"2.745,000";"6.853,03";"6.853,03"
"36914";"FUNDO CHAPADO NR 9 100UN TIFFANY";"800";"6,000";"19,14";"19,14"
"37535";"FUNDO CHAPADO TIFFANY N 7 C 100";"800";"9,000";"19,71";"19,71"
"36915";"FUNDO CHAPADO VERDE ESC N 7 C 100";"800";"14,000";"30,66";"30,66"
"36668";"FUNDO POA LILAS BCO N 9 C 100 ";"800";"1,000";"3,19";"3,19"
"38493";"FUNDO POA N 7 AZUL TRANSP C 100";"800";"2,000";"4,70";"4,70"
"38369";"FUNDO POA PINK BCO N 9 C 100";"800";"1,000";"3,19";"3,19"
"36864";"FUNDO POA PTO TRANSP N 7 C 100";"800";"9,000";"21,15";"21,15"
"36387";"FUNDO POA VERDE BCO N 7 C 100";"800";"9,000";"19,71";"19,71"
"18883";"FUNIL ERCAPLAST 12,5 CM";"800";"6,000";"19,14";"19,14"
"34193";"FUNIL PEQUENO B3";"800";"7,000";"27,93";"27,93"
"6175";"FUNIL PLASVALE MEDIO REF1219 COR 8300";"800";"5,000";"24,95";"24,95"
"11242";"GALETO SEARA CONG";"800";"153,117";"2.995,65";"2.995,65"
"36886";"GALHETEIRO 2PCS VD PLASTICO 13X8CM";"800";"13,000";"129,87";"123,87"
"37312";"GALHETEIRO VIDRO 150ML";"800";"15,000";"164,85";"164,85"
"37311";"GALHETEIRO VIDRO 250ML";"800";"19,000";"227,81";"227,81"
"33644";"GALHETEIRO VIDRO INOX 150ML 2PCS";"800";"2,000";"49,98";"49,98"
"18894";"GANCHO G BUCHA 6MM";"800";"11,000";"43,89";"43,89"
"18895";"GANCHO G BUCHA 8MM";"800";"16,000";"83,04";"83,04"
"35125";"GANCHO L2 E BUCHA 8MM";"800";"11,000";"57,09";"57,09"
"33754";"GANCHO PLASTICO C3";"800";"25,000";"174,75";"174,75"
"33753";"GANCHO PLASTICO C4";"800";"18,000";"125,82";"125,82"
"33752";"GANCHO PLASTICO C6";"800";"4,000";"27,96";"27,96"
"18900";"GAR BCO DUDIGO FORTE C/50";"800";"36,000";"467,64";"467,64"
"18902";"GAR FRITURA INOX SILVER 24CM EM CASA T";"800";"1,000";"10,99";"10,99"
"18904";"GAR INOX C CABO PLAST PRATIC 32 2X3 ";"800";"1,000";"16,99";"16,99"
"18906";"GAR MESA ACO INOX 123 UTIL 19CM";"800";"10,000";"19,90";"19,90"
"34024";"GAR PLAST 450ML ASTRONAUTA 18CM";"800";"4,000";"39,96";"39,96"
"34029";"GAR PLAST TPA C ORELHAS 450ML";"800";"1,000";"9,99";"9,99"
"18912";"GAR REFEICAO DUDIGO C 50";"800";"12,000";"215,88";"215,88"
"18934";"GAR TRINCH TRAM EXTRATA P/CAR INOX";"800";"2,000";"43,18";"43,18"
"18936";"GAR TRINCH TRAM LAGUNA P/CARN INOX";"800";"1,000";"23,99";"23,99"
"6180";"GARFO BRINKFEST 10UN CRISTAL";"800";"7,000";"13,23";"13,23"
"35866";"GARFO GRANDE LINHA CASA";"800";"2,000";"13,98";"13,98"
"34635";"GARFO MESA NEW CAPRESE 6PC VRM";"800";"16,000";"175,84";"175,84"
"18913";"GARFO REFEICAO FORFEST PREM 25UN BCO";"800";"80,000";"559,20";"559,20"
"18914";"GARFO REFEICAO FORFEST PREM 25UN CRISTAL";"800";"41,000";"286,59";"286,59"
"36254";"GARFO SOBREMESA FORFEST 25UN AMA";"800";"67,000";"200,33";"200,33"
"36255";"GARFO SOBREMESA FORFEST 25UN AZL CLARO";"800";"146,000";"436,54";"436,54"
"18919";"GARFO SOBREMESA FORFEST 25UN AZL PEROLADO";"800";"2,000";"4,78";"4,78"
"18920";"GARFO SOBREMESA FORFEST 25UN BCO";"800";"111,000";"331,89";"331,89"
"35865";"GARFO SOBREMESA FORFEST 25UN CRISTAL";"800";"198,000";"592,02";"592,02"
"36257";"GARFO SOBREMESA FORFEST 25UN DOU";"800";"120,000";"358,80";"358,80"
"35870";"GARFO SOBREMESA FORFEST 25UN PRT";"800";"113,000";"337,87";"337,87"
"36258";"GARFO SOBREMESA FORFEST 25UN RSA";"800";"81,000";"242,19";"242,19"
"34421";"GARFO SOBREMESA FORFEST 25UN RSA CHICLETE";"800";"80,000";"239,20";"239,20"
"36260";"GARFO SOBREMESA FORFEST 25UN VRM";"800";"77,000";"230,23";"230,23"
"38214";"GARFO SOBREMESA FORFEST AZUL ESCURO";"800";"4,000";"9,56";"9,56"
"37034";"GARFO SOBREMESA FORFEST PINK";"800";"5,000";"11,95";"11,95"
"18924";"GARFO TRAM SOBRE MESA INOX LEME  AZUL";"800";"6,000";"23,94";"23,94"
"18926";"GARFO TRAM SOBRE MESA INOX LEME  CINZA";"800";"33,000";"131,67";"131,67"
"18927";"GARFO TRAM SOBRE MESA INOX LEME  PTO";"800";"9,000";"35,91";"35,91"
"18928";"GARFO TRAM SOBRE MESA INOX LEME  VERM";"800";"15,000";"59,85";"59,85"
"18923";"GARFO TRAMONTINA MESA INOX LEME AZUL";"800";"64,000";"229,76";"229,76"
"18925";"GARFO TRAMONTINA MESA INOX LEME CINZA";"800";"98,000";"351,82";"351,82"
"9571";"GARFO TRAMONTINA MESA INOX LEME PRETO";"800";"433,000";"1.554,47";"1.554,47"
"9573";"GARFO TRAMONTINA MESA INOX LEME VERMELHO";"800";"232,000";"832,88";"832,88"
"9574";"GARFO TRAMONTINA TRINCHANTE UTILITA PRETO";"800";"2,000";"59,98";"59,98"
"18938";"GARRA PLAST P/CAR 11,5X11CM";"800";"6,000";"47,94";"47,94"
"38017";"GARRAFA DE VIAGEM INOX 750ML WX3353";"800";"3,000";"128,70";"128,70"
"36468";"GARRAFA FOGUETE MICKEY 320ML";"800";"6,000";"71,94";"71,94"
"36471";"GARRAFA FOGUETE MINNIE 320ML";"800";"9,000";"107,91";"107,91"
"38096";"GARRAFA INFANTIL PLAST 600ML";"800";"128,000";"2.558,72";"2.558,72"
"38374";"GARRAFA LUDICA KUROMI 500ML";"800";"5,000";"89,95";"89,95"
"36410";"GARRAFA PLASTICA ASTRONAUTA 400ML";"800";"1,000";"9,99";"9,99"
"34028";"GARRAFA PLASTICA BICO E ALCA 2L";"800";"2,000";"59,98";"59,98"
"6189";"GARRAFA PLASUTIL 500ML RETRO DEC ";"800";"1,000";"11,99";"11,99"
"6199";"GARRAFA PLASUTIL 530ML STITCH 15834";"800";"3,000";"38,97";"38,97"
"34292";"GARRAFA PLASUTIL ABRE FACIL 530ML ABRE FACIL";"800";"1,000";"8,99";"8,99"
"38382";"GARRAFA RETRO COPA DO MUNDO 500ML";"800";"12,000";"167,88";"167,88"
"36374";"GARRAFA SQUEEZE HOMEM ARANHA 300ML";"800";"2,000";"17,98";"17,98"
"35194";"GARRAFA SQUEEZE PLASTIC 700ML BICO RET";"800";"20,000";"339,80";"339,80"
"35189";"GARRAFA SQUEEZE PLASTICA 700ML BICO RETRATIL";"800";"22,000";"373,78";"373,78"
"37013";"GARRAFA SQUEZZE CASTELO PRINCESA 44";"800";"7,000";"48,93";"48,93"
"6204";"GAS FUMIGANTE JIMO 70G 2UN";"800";"159,000";"2.797,51";"2.797,51"
"18939";"GATILHO P/MANG PREMIUM";"800";"10,000";"99,90";"99,90"
"537";"GATORADE 500ML BERRY BLUE";"800";"182,000";"976,62";"964,57"
"538";"GATORADE 500ML FRUTAS CITRICAS";"800";"111,000";"595,19";"582,23"
"539";"GATORADE 500ML LARANJA";"800";"386,000";"2.082,66";"2.037,35"
"541";"GATORADE 500ML LIMAO";"800";"34,000";"185,66";"185,66"
"542";"GATORADE 500ML MARACUJA";"800";"3,000";"15,97";"15,97"
"544";"GATORADE 500ML MORAN MARACUJA";"800";"355,000";"1.902,51";"1.874,56"
"547";"GATORADE 500ML TANGERINA";"800";"209,000";"1.127,69";"1.120,20"
"548";"GATORADE 500ML UVA";"800";"273,000";"1.477,71";"1.470,21"
"550";"GATORADE ZERO 350ML FTAS SILVESTRES";"800";"184,000";"690,46";"690,46"
"552";"GATORADE ZERO 350ML LARANJA LIMA";"800";"207,000";"779,13";"779,13"
"9581";"GD PAPEL BRINK FEST 20X22 50UN AZUL";"800";"1,000";"5,69";"5,69"
"9583";"GD PAPEL BRINK FEST 20X22 50UN ROSA";"800";"1,000";"5,69";"5,69"
"9584";"GD PAPEL BRINK FEST 20X22 50UN VERDE";"800";"2,000";"11,38";"11,38"
"6205";"GEL AD PATO RF RF50 DESC 38G MARINE";"800";"24,000";"672,80";"672,80"
"9589";"GEL ADES HIGISOL LAVANDA";"800";"78,000";"1.266,00";"1.266,00"
"6206";"GEL ADES PATO AP RF PROMO 38G CITRUS";"800";"46,000";"896,54";"896,54"
"6207";"GEL ADES PATO AP RF PROMO 38G MARINE";"800";"52,000";"1.013,48";"1.013,48"
"6207";"GEL ADES PATO AP RF PROMO 38G MARINE";"810";"1,000";"19,49";"19,49"
"6213";"GEL ADESIVO HIGISOL 6UN 40G FLORAL";"800";"17,000";"270,50";"270,50"
"6215";"GEL ADESIVO PATO AP 6 DISC LAVANDA";"800";"52,000";"1.013,48";"1.013,48"
"6220";"GEL ADESIVO PATO RF 6 DISC 38G LAVANDA";"800";"1,000";"18,79";"18,79"
"18942";"GEL AMAZONIA ARNICA 235G";"800";"85,000";"751,59";"751,59"
"6222";"GEL AMBIENTES GLADE 70G CITRUS";"800";"36,000";"527,30";"527,30"
"6225";"GEL DENT SORRISO FRESH 90G HORTELA";"800";"477,000";"2.809,53";"2.809,53"
"6226";"GEL DENT SORRISO FRESH 90G MENTHOL IMPACT";"800";"809,000";"4.765,33";"4.765,33"
"6228";"GEL DENT SORRISO FRESH 90G XTRA MINT";"800";"730,000";"4.299,70";"4.299,70"
"18970";"GEL DENT SORRISO FRESH EXP HORT C 3 90G";"800";"21,000";"283,29";"283,29"
"34850";"GEL DENT SORRISO XTREME FRESH 120G";"800";"10,000";"59,90";"59,90"
"30158";"GEL DENTAL CARMED 70G FIN DENTADURA";"800";"8,000";"94,72";"94,72"
"33530";"GEL DENTAL CARMED 70G FINI BEIJOS";"800";"5,000";"43,95";"43,95"
"33522";"GEL DENTAL CARMED 70G FINI MINHOCA";"800";"1,000";"20,99";"20,99"
"6232";"GEL DENTAL CLOSE UP 90G EUCALIPT FREEZE";"800";"35,000";"192,15";"192,15"
"6233";"GEL DENTAL CLOSE UP 90G MENTHOL PARADIS";"800";"327,000";"1.944,33";"1.918,23"
"6234";"GEL DENTAL CLOSE UP 90G ORIG RED HOT";"800";"963,000";"5.707,27";"5.537,87"
"6235";"GEL DENTAL CONDOR 50G BARBIE 2 5 ANOS";"800";"76,000";"724,04";"724,04"
"9590";"GEL DENTAL CONDOR HOT WHE 3511 50G ";"800";"74,000";"724,46";"724,46"
"18974";"GEL DENTAL GENIAL PET MOR 70G";"800";"2,000";"29,98";"29,98"
"18978";"GEL FIX DI HELLEN BRI M ERV DIA DI A 240G";"800";"121,000";"1.124,09";"1.124,09"
"18979";"GEL FIX DI HELLEN BRI MOL FL ADREN 240G";"800";"82,000";"761,78";"761,78"
"18985";"GEL JAY LUC BR MOLHADO 240G N1 INC";"800";"67,000";"531,03";"531,03"
"18986";"GEL JAY LUC BR MOLHADO 240G N2 AZUL";"800";"32,000";"258,88";"258,88"
"18987";"GEL JAY LUC BR MOLHADO 240G N3 INC";"800";"11,000";"86,79";"86,79"
"18984";"GEL JAY LUC FIXADOR EXTRA FORT 240G VERDE";"800";"18,000";"144,42";"144,42"
"6243";"GEL VINI LADY 220G FIXADOR AZUL";"800";"86,000";"833,34";"833,34"
"6244";"GEL VINI LADY 220G LUXO B MOLH INC";"800";"90,000";"872,10";"872,10"
"3836";"GELADINHO AMERICANO 40UN";"800";"18,000";"226,74";"220,33"
"577";"GELADINHO MANIA";"800";"120,000";"1.146,80";"1.121,42"
"3565";"GELATINA APTI 20G ABACAXI";"800";"343,000";"556,97";"556,97"
"3569";"GELATINA APTI 20G AMORA";"800";"183,000";"296,57";"296,57"
"3571";"GELATINA APTI 20G CEREJA";"800";"278,000";"450,92";"450,92"
"3572";"GELATINA APTI 20G FRAMBOESA";"800";"311,000";"503,29";"503,29"
"3574";"GELATINA APTI 20G LIMAO";"800";"264,000";"426,66";"426,66"
"3575";"GELATINA APTI 20G MARACUJA";"800";"272,000";"440,58";"440,58"
"3576";"GELATINA APTI 20G MORANGO";"800";"556,000";"906,24";"906,24"
"3578";"GELATINA APTI 20G PESSEGO";"800";"235,000";"380,35";"380,35"
"3582";"GELATINA APTI 20G TUTTI FRUTTI";"800";"137,000";"221,33";"221,33"
"3585";"GELATINA APTI 20G UVA";"800";"347,000";"562,03";"562,03"
"3615";"GELATINA NEILAR 20G ABACAXI";"800";"1.008,000";"1.401,12";"1.401,12"
"3617";"GELATINA NEILAR 20G AMORA";"800";"411,000";"571,29";"571,29"
"3618";"GELATINA NEILAR 20G BLUBERRY";"800";"336,000";"467,04";"467,04"
"3620";"GELATINA NEILAR 20G CEREJA";"800";"518,000";"720,02";"720,02"
"3622";"GELATINA NEILAR 20G FRAMBOESA";"800";"1.165,000";"1.619,35";"1.619,35"
"3624";"GELATINA NEILAR 20G LIMAO";"800";"312,000";"433,68";"433,68"
"3625";"GELATINA NEILAR 20G MARACUJA";"800";"325,000";"451,75";"451,75"
"3626";"GELATINA NEILAR 20G MORANGO";"800";"1.759,000";"2.445,01";"2.443,81"
"3627";"GELATINA NEILAR 20G PESSEGO";"800";"935,000";"1.299,65";"1.299,65"
"3629";"GELATINA NEILAR 20G UVA";"800";"1.058,000";"1.470,62";"1.470,62"
"3645";"GELATINA NEILAR S SABOR 24G INCOLOR";"800";"588,000";"3.169,32";"3.168,92"
"3167";"GELATINA ZERO APTI 12G ABACAXI";"800";"125,000";"471,55";"454,75"
"3223";"GELATINA ZERO APTI 12G FTAS VRM";"800";"53,000";"199,07";"195,07"
"3228";"GELATINA ZERO APTI 12G LIMAO";"800";"56,000";"209,04";"209,04"
"3231";"GELATINA ZERO APTI 12G MOR SILVESTRE";"800";"115,000";"429,35";"423,35"
"3233";"GELATINA ZERO APTI 12G TANGERINA";"800";"93,000";"344,97";"341,47"
"3236";"GELATINA ZERO APTI 12G UVA";"800";"49,000";"182,41";"182,41"
"19028";"GELATINA ZERO NEILAR 12G ABACAXI";"800";"248,000";"576,22";"576,22"
"19029";"GELATINA ZERO NEILAR 12G FRAMBOESA";"800";"90,000";"210,00";"210,00"
"37756";"GELATINA ZERO NEILAR 12G MARACUJA";"800";"115,000";"268,75";"268,75"
"19030";"GELATINA ZERO NEILAR 12G MOR";"800";"165,000";"383,25";"383,25"
"19031";"GELATINA ZERO NEILAR 12G UVA";"800";"94,000";"219,66";"219,66"
"37754";"GELATINA ZERO NEILAR LIMAO";"800";"71,000";"162,59";"162,59"
"35013";"GELO COCONUT 180G AGUA DE COCO";"800";"20,000";"79,80";"79,80"
"35015";"GELO COCONUT 180G FRUTAS VRM";"800";"24,000";"95,76";"95,76"
"35016";"GELO COCONUT 180G LARANJA";"800";"14,000";"55,86";"55,86"
"35017";"GELO COCONUT 180G MACA VERDE";"800";"59,000";"235,41";"235,41"
"35018";"GELO COCONUT 180G MARACUJA";"800";"43,000";"171,57";"171,57"
"35014";"GELO COCONUT 180G MELANCIA";"800";"38,000";"151,62";"151,62"
"35012";"GELO COCONUT 180G MORANGO";"800";"19,000";"75,81";"75,81"
"35509";"GELO GEGELO 2 5KG";"800";"752,000";"6.760,48";"6.540,98"
"6246";"GELO PIRADRINK 180G P DRINK AGUA DE COCO";"800";"3,000";"11,97";"11,97"
"6247";"GELO PIRADRINK 180G P DRINK LARANJA";"800";"11,000";"32,89";"32,89"
"6251";"GELO PIRADRINK 180G P DRINK MELANCIA";"800";"2,000";"5,98";"5,98"
"6253";"GELO TUBO GELO 2 5KG BOLSA";"800";"16,000";"142,94";"142,94"
"11243";"GENGIBRE KG";"800";"608,702";"9.123,52";"9.110,49"
"3266";"GERGELIM BRANCO EQUIL SAUDAVEL 200G";"800";"18,000";"424,62";"424,62"
"3260";"GERGELIM PRETO EQUIL SAUDAVEL 100G";"800";"13,000";"211,77";"211,77"
"19039";"GFA ABRE FACIL 530ML MICKEY";"800";"1,000";"15,99";"15,99"
"19041";"GFA ABRE FACIL 600ML DIVERT";"800";"1,000";"18,99";"18,99"
"19045";"GFA AGUA 360ML";"800";"1,000";"7,99";"7,99"
"37215";"GFA C TAMPA FLIP CORES SORT 1L";"800";"4,000";"87,96";"87,96"
"37019";"GFA C TAMPA FLIP CORES SORT 800ML";"800";"8,000";"135,92";"135,92"
"19049";"GFA CILINDRICA 280ML SPIDEY";"800";"6,000";"53,94";"53,94"
"19050";"GFA CILINDRICA 280ML STITCH";"800";"17,000";"152,83";"152,83"
"19051";"GFA DIA DAS MAES 500ML";"800";"3,000";"89,70";"89,70"
"19052";"GFA DIA DAS MAES 600ML";"800";"6,000";"149,94";"149,94"
"19053";"GFA DIA DAS MAES 700ML";"800";"5,000";"179,95";"179,95"
"19054";"GFA DIA DAS MAES ALUM 540ML";"800";"2,000";"69,98";"69,98"
"19056";"GFA DIA DAS MAES ALUM 600ML";"800";"6,000";"233,40";"233,40"
"19058";"GFA ESPORTE SANREMO ABRE FAC 500ML PTO";"800";"2,000";"23,98";"23,98"
"19057";"GFA ESPORTE SANREMO ABRE FAC 500ML RSA";"800";"1,000";"11,99";"11,99"
"19060";"GFA FOGUETE 320ML INT KIDS";"800";"2,000";"27,98";"27,98"
"19069";"GFA HALTER FITNESS 2L F";"800";"2,000";"71,98";"71,98"
"19070";"GFA HALTER FITNESS 2L M";"800";"2,000";"71,98";"71,98"
"19083";"GFA PLAST C/CAN 400ML";"800";"1,000";"16,99";"16,99"
"37228";"GFA PLASTICA CORES 550ML";"800";"29,000";"289,71";"289,71"
"37230";"GFA PLASTICA SPORT ESTAMPADA 720ML";"800";"28,000";"391,72";"391,72"
"19091";"GFA PLASVALE 500ML R1944";"800";"1,000";"8,99";"8,99"
"19101";"GFA SANREMO GOLE GUT 250ML";"800";"14,000";"97,86";"97,86"
"19102";"GFA SANREMO GOSTAR 750ML BEGE";"800";"3,000";"143,97";"143,97"
"19103";"GFA SPORT DEC C FUN 1,5L";"800";"2,000";"47,98";"47,98"
"19118";"GFA SQUEEZE C/ALCA 750ML";"800";"1,000";"14,99";"14,99"
"19119";"GFA SQUEEZE C/CAN 700ML";"800";"1,000";"11,99";"11,99"
"19120";"GFA SQUEEZE C/TAMPA FLIP 700ML";"800";"1,000";"12,99";"12,99"
"19152";"GFA TERM SANREMO GOSTAR 750ML BCA";"800";"1,000";"47,99";"47,99"
"19153";"GFA TERM SANREMO GOSTAR 750ML PTO";"800";"4,000";"191,96";"191,96"
"19154";"GFA TERM SANREMO GOSTAR 750ML VERDE";"800";"2,000";"95,98";"95,98"
"19155";"GFA TERM SANREMO GOSTAR 750ML VERM";"800";"1,000";"47,99";"47,99"
"6257";"GFA TERM TERMOLAR CHIMARRITA 1L BEGE";"800";"85,000";"2.881,50";"2.881,50"
"6258";"GFA TERM TERMOLAR CHIMARRITA 1L PAMP PRENDA RSA";"800";"71,000";"2.406,90";"2.406,90"
"6260";"GFA TERM TERMOLAR CHIMARRITA 1L PTA";"800";"68,000";"2.305,20";"2.305,20"
"34367";"GFA TERM TERMOLAR DAMA 1L LILAS";"800";"1,000";"49,59";"49,59"
"4500";"GFA TERM TERMOLAR DAMA 1L VRM ROMA";"800";"1,000";"49,59";"49,59"
"37325";"GFA TERM TERMOLAR LUMINA INOX 1 8L";"800";"1,000";"112,99";"112,99"
"19160";"GFA TERM TERMOLAR LUMINA INOX 1L INOX";"800";"2,000";"231,80";"231,80"
"19162";"GFA TERM TERMOLAR LUMINA INOX 1L RSA BALE";"800";"8,000";"887,20";"826,20"
"10362";"GFA TERM TERMOLAR M PUMP 1 8L GREMIO";"800";"1,000";"89,90";"89,90"
"10363";"GFA TERM TERMOLAR M PUMP 1 8L INTER";"800";"1,000";"89,90";"89,90"
"6268";"GFA TERM TERMOLAR MAGIC PUMP 1 8L NUDE";"800";"4,000";"319,96";"319,96"
"6269";"GFA TERM TERMOLAR MAGIC PUMP 1 8L PRETA";"800";"24,000";"1.927,58";"1.927,58"
"6262";"GFA TERM TERMOLAR MAGIC PUMP 1L BCA";"800";"64,000";"3.193,60";"3.193,60"
"19172";"GFA TERM TERMOLAR MAGIC PUMP 1L CAMPEIRA";"800";"48,000";"3.115,20";"3.100,20"
"19173";"GFA TERM TERMOLAR MAGIC PUMP 1L GREMIO";"800";"18,000";"1.258,20";"1.258,20"
"19174";"GFA TERM TERMOLAR MAGIC PUMP 1L INTER";"800";"2,000";"139,80";"139,80"
"19175";"GFA TERM TERMOLAR MAGIC PUMP 1L LILAS";"800";"4,000";"199,60";"199,60"
"33510";"GFA TERM TERMOLAR MAGIC PUMP 1L MARROM";"800";"21,000";"1.047,90";"1.047,90"
"6265";"GFA TERM TERMOLAR MAGIC PUMP 1L PTA";"800";"183,000";"9.131,70";"9.131,70"
"6265";"GFA TERM TERMOLAR MAGIC PUMP 1L PTA";"810";"1,000";"45,99";"45,99"
"19176";"GFA TERM TERMOLAR MAGIC PUMP 1L RSA BALE";"800";"161,000";"8.033,90";"8.033,90"
"6266";"GFA TERM TERMOLAR MAGIC PUMP 1L VRM AURORA";"800";"172,000";"8.582,80";"8.582,80"
"6264";"GFA TERM TERMOLAR MAGIC PUMP DEC 1L GAUCHO";"800";"39,000";"2.726,10";"2.706,10"
"34409";"GFA TERM TERMOLAR PERSONAL 1L PRENDA";"800";"1,000";"33,35";"33,35"
"34410";"GFA TERM TERMOLAR PERSONAL 1L PTA";"800";"1,000";"38,99";"38,99"
"36675";"GFA TERM TERMOLAR PERSONAL VERMELHO";"800";"2,000";"67,80";"67,80"
"19183";"GFA TERM TERMOLAR REVOLUTION INOX 1L";"800";"5,000";"899,50";"899,50"
"33907";"GFA TERMICA EXPRESSAR 1 8L AZL";"800";"7,000";"461,30";"461,30"
"33906";"GFA TERMICA EXPRESSAR 1 8L PTA";"800";"2,000";"131,80";"131,80"
"33908";"GFA TERMICA EXPRESSAR 1 8L VRM";"800";"9,000";"593,10";"593,10"
"19165";"GFA TERMICA TERMOLAR M PUMP 1 8L BEGE";"800";"15,000";"1.211,58";"1.201,49"
"19169";"GFA TERMICA TERMOLAR M PUMP 1 8L VRM";"800";"9,000";"719,91";"719,91"
"559";"GIN INTENCION VD 900ML";"800";"23,000";"661,89";"661,89"
"585";"GIN OLD BRIDGE VD 900ML LONDON";"800";"7,000";"281,84";"281,84"
"587";"GIN OLD BRIDGE VD 900ML ROSE";"800";"5,000";"199,95";"199,95"
"588";"GIN ROCKS SECO VD 1L";"800";"8,000";"366,98";"366,98"
"591";"GIN ROCKS VD 1L SICILIAN LEMON";"800";"4,000";"178,47";"178,47"
"593";"GIN ROCKS VD 1L STRAWBERRY";"800";"7,000";"317,97";"317,97"
"594";"GIN ROCKS VD 1L SUNSET";"800";"3,000";"131,97";"131,97"
"9594";"GIRASSOL CBS 250G";"800";"76,000";"531,24";"531,24"
"19191";"GIZ CERA EVOLUTION C 12 BIC";"800";"13,000";"155,87";"155,87"
"19194";"GIZ CERA LEO LEO C 12 CORES BIG -4462";"800";"5,000";"34,95";"34,95"
"35860";"GIZ CERA LEO LEO CURTO C 15 CORES";"800";"7,000";"43,33";"43,33"
"19195";"GIZ CERA LEOELEO C 12 CORES 4504";"800";"14,000";"55,86";"55,86"
"19196";"GIZ CERA LEOELEO C 6 CORES 4505";"800";"7,000";"18,13";"18,13"
"36737";"GIZ CERA LEOELEO C 6 CORES BIG";"800";"8,000";"31,92";"31,92"
"6281";"GIZ DE CERA ACRILEX FINO 12UN";"800";"29,000";"185,60";"185,60"
"38186";"GIZ ESC DELTA BRANCO C 64";"800";"5,000";"29,25";"29,25"
"36873";"GIZ ESC PIRATINING COLOR 64UN BAST";"800";"1,000";"6,99";"6,99"
"19197";"GIZAO CERA MEU PRIMEIRO GIZ C/6-4318";"800";"3,000";"37,77";"37,77"
"37252";"GLADE ODORIZANTE 120ML CITRONELA";"800";"46,000";"675,74";"675,74"
"37253";"GLADE ODORIZANTE 120ML EUCALIPTO";"800";"31,000";"455,39";"455,39"
"37254";"GLADE ODORIZANTE 120ML LAVANDA";"800";"103,000";"1.513,07";"1.513,07"
"37256";"GLADE ODORIZANTE 120ML LEMBRA INF";"800";"24,000";"352,56";"352,56"
"37257";"GLADE ODORIZANTE 120ML TOQUE MACIEZ";"800";"79,000";"1.160,51";"1.160,51"
"37255";"GLADE ODORIZANTE SPRAY 120ML LAVANDA";"800";"23,000";"406,87";"406,87"
"19204";"GLIC VEGETAL JAY LUC 100ML";"800";"18,000";"173,23";"173,23"
"33764";"GLOSS METALIZADO 5ML";"800";"17,000";"203,83";"203,83"
"11244";"GOIABA KG";"800";"306,963";"4.219,56";"4.219,56"
"2664";"GOIABADA CASCAO ST ANTONIO 500G";"800";"61,000";"1.335,29";"1.333,39"
"2633";"GOIABADA PREDILECTA 1 01KG";"800";"7,000";"75,93";"75,93"
"11245";"GOIABADA STELLA KG";"800";"431,415";"8.536,65";"8.336,30"
"2589";"GOIABADA VAL 1 100KG";"800";"536,000";"6.467,27";"6.465,77"
"2475";"GOIABADA VAL 300G";"800";"2.538,000";"9.958,02";"9.263,82"
"2475";"GOIABADA VAL 300G";"810";"4,000";"13,56";"13,56"
"9598";"GORDURA VEG PRIMOR 500G";"800";"266,000";"4.785,34";"4.785,34"
"19217";"GRAFITE CHEMICOLOR 250ML";"800";"30,000";"380,70";"380,70"
"19218";"GRAFITE EM PO 25G";"800";"15,000";"170,89";"170,89"
"35919";"GRAMPEADOR METAL PEQ 20FLS 12CM";"800";"20,000";"549,80";"549,80"
"19219";"GRAMPO 266 GALVANIZADO C/5000";"800";"20,000";"159,80";"159,80"
"19220";"GRAMPO FLORENCE DOUR C 20 638 BT";"800";"25,000";"255,87";"255,87"
"19221";"GRAMPO FLORENCE DOUR N5 C50 UM 636 BT";"800";"18,000";"239,86";"239,86"
"36870";"GRAMPO GALVANIZADO 26X6 1000UN";"800";"3,000";"6,87";"6,87"
"34930";"GRAMPO GALVANIZADO 26X6 C1000 LYKE";"800";"16,000";"27,04";"27,04"
"34926";"GRAMPO GALVANIZADO 26X6 C5000 LYKE";"800";"21,000";"115,29";"115,29"
"19227";"GRAMPO P CAB FLORENCE N7 C 20 PTO";"800";"26,000";"270,77";"270,77"
"19232";"GRAMPO P FIO C 8 ";"800";"7,000";"53,13";"53,13"
"19226";"GRAMPO P/CAB FLORENCE N5 C/50 PTO";"800";"3,000";"32,97";"32,97"
"3421";"GRANOLA CERELUS 250G CASTANHA";"800";"32,000";"319,68";"319,68"
"3286";"GRANOLA CERELUS 250G MACA CANELA";"800";"42,000";"419,58";"419,58"
"3288";"GRANOLA CERELUS 250G MALTADOS";"800";"32,000";"319,68";"319,68"
"3284";"GRANOLA CERELUS 250G TRAD CROC";"800";"25,000";"249,75";"249,75"
"3518";"GRANOLA CERELUS 500G TRAD";"800";"1,000";"23,99";"23,99"
"3508";"GRANOLA CERELUS 800G CAST DO PARA";"800";"57,000";"922,83";"922,83"
"3503";"GRANOLA CERELUS 800G LIGHT CER MALT";"800";"50,000";"809,50";"809,50"
"3506";"GRANOLA CERELUS 800G TRAD";"800";"70,000";"1.133,30";"1.133,30"
"3432";"GRANOLA CERELUS PREMIUM 200G BANANA";"800";"32,000";"447,68";"447,68"
"3434";"GRANOLA CERELUS PREMIUM 200G ERVAS FINAS";"800";"31,000";"433,69";"433,69"
"3537";"GRANOLA GRANOLUZ 850G TRAD";"800";"83,000";"1.293,97";"1.293,97"
"3498";"GRANOLA JASMINE INT 250G BANANA CANELA";"800";"16,000";"290,30";"290,30"
"3500";"GRANOLA JASMINE INT 250G MACA CANELA";"800";"22,000";"375,52";"348,52"
"3454";"GRANOLA JASMINE SEM GLUTEN 250G BERRIES ACAI";"800";"6,000";"106,14";"106,14"
"3451";"GRANOLA JASMINE SEM GLUTEN 250G CAST CACAU";"800";"1,000";"17,69";"17,69"
"3468";"GRANOLA JASMINE ZERO ACUCAR 250G AMEND ALFARROBA";"800";"4,000";"73,18";"63,18"
"3472";"GRANOLA JASMINE ZERO ACUCAR 250G FR TROP CAST";"800";"13,000";"229,97";"229,97"
"3530";"GRANOLA NATURALE 1KG CER CROC FR LIG";"800";"49,000";"866,81";"859,54"
"3534";"GRANOLA NATURALE 1KG CER CROC FRUTAS";"800";"75,000";"1.326,75";"1.326,75"
"3532";"GRANOLA NATURALE 1KG MUSLI CER FRUT";"800";"33,000";"583,77";"569,23"
"3527";"GRANOLA NATURALE 1KG PASSAS E MEL";"800";"46,000";"813,74";"799,20"
"3281";"GRANOLA NATURALE 250G CEREAIS FRUTAS";"800";"143,000";"813,67";"813,67"
"3278";"GRANOLA NATURALE 250G FRUTAS LIGHT";"800";"132,000";"751,08";"751,08"
"3277";"GRANOLA NATURALE 250G MUSLI CER FRUT";"800";"47,000";"267,43";"267,43"
"3279";"GRANOLA NATURALE 250G PASSAS E MEL";"800";"100,000";"569,00";"569,00"
"6287";"GRANULA HIG PROGATO 1.8KG PINUS ";"800";"11,000";"205,62";"205,62"
"19240";"GRANULADO HIG MADEIRA BIOBRAVA 2 5K";"800";"152,000";"2.430,48";"2.429,48"
"6289";"GRANULADO HIGIENICO ECO CATCATY 2KG";"800";"1,000";"48,70";"48,70"
"6290";"GRANULADO HIGIENICO PIPICAT 4KG FLORAL";"800";"181,000";"4.235,18";"4.224,67"
"6291";"GRANULADO HIGIENICO PROGATO 1.8KG ";"800";"5,000";"118,95";"118,95"
"9600";"GRANULADO JIMO RAT 25G";"800";"160,000";"286,40";"286,40"
"2376";"GRAO DE BICO CBS 400G";"800";"135,000";"1.183,41";"1.183,41"
"2373";"GRAO DE BICO JUREIA 400G";"800";"86,000";"683,99";"655,67"
"2460";"GRAO DE BICO ODERICH LT 220G";"800";"70,000";"578,10";"578,10"
"34581";"GRAO DE BICO SALSARETTI 170G LT";"800";"98,000";"391,02";"391,02"
"19247";"GRAVATA CAIPIRA";"800";"1,000";"5,99";"5,99"
"19248";"GRAVATA CAIPIRA C/ENFEITE";"800";"1,000";"9,90";"9,90"
"38006";"GRAVATA LACO VERDE AMARELO BRASIL";"800";"7,000";"4,13";"4,13"
"19250";"GRELHA MOR PARRILLA NR 2";"800";"13,000";"568,91";"568,91"
"19249";"GRELHA MOR PARRILLA NR1 ";"800";"5,000";"179,95";"179,95"
"19251";"GRELHA MOR SIMPLES 01";"800";"4,000";"139,96";"139,96"
"19252";"GRELHA MOR SIMPLES NR 3 ";"800";"5,000";"302,86";"302,86"
"19253";"GRELHA MOR SUPER GRILL NR 2";"800";"5,000";"214,95";"214,95"
"8536";"GRELHA MOR SUPER GRILL NR 3 ";"800";"2,000";"115,98";"115,98"
"19254";"GUACHE ACRILEX TEMPERA NEON C 6 1006";"800";"18,000";"287,82";"287,82"
"19257";"GUARD ASTORIA CHEF 22X22";"800";"1.960,000";"4.350,00";"4.350,00"
"19258";"GUARD ASTORIA CHEF 30X30";"800";"741,000";"2.851,59";"2.851,58"
"19271";"GUARD NATUPEL PREMIUM 20X20 50FLS";"800";"5.207,000";"6.841,63";"6.785,29"
"19282";"GUARDA CHUVA AUTO METAL POLIES 99X82,5";"800";"4,000";"159,69";"159,69"
"19281";"GUARDA CHUVA AUTO METAL POLIES ACO POLIE 99X82";"800";"53,000";"1.271,47";"1.271,47"
"33269";"GUARDA CHUVA CB HASTE TELESCA PICO";"800";"3,000";"53,97";"53,97"
"19284";"GUARDA CHUVA DUPL METAL POLIEST 57X99X82";"800";"2,000";"79,98";"79,98"
"33268";"GUARDA CHUVA HASTE TELESCOPICO";"800";"25,000";"449,75";"449,75"
"19285";"GUARDA CHUVA INVERTIDO SORT";"800";"3,000";"189,70";"189,70"
"36835";"GUARDANAPO FORFEST AMARELO CANDY";"800";"17,000";"45,73";"45,73"
"37821";"GUARDANAPO FORFEST AZUL CLARO C 50";"800";"14,000";"37,66";"37,66"
"36657";"GUARDANAPO FORFEST DOURADO";"800";"13,000";"38,87";"38,87"
"36759";"GUARDANAPO FORFEST LARANJA CANDY";"800";"7,000";"18,83";"18,83"
"35932";"GUARDANAPO FORFEST PRETO C 50";"800";"13,000";"34,97";"34,97"
"38336";"GUARDANAPO FORFEST ROSA POA C 50";"800";"10,000";"37,90";"37,90"
"36798";"GUARDANAPO FORFEST ROXO";"800";"6,000";"16,14";"16,14"
"37487";"GUARDANAPO FORFEST VERDE CANDY";"800";"16,000";"43,04";"43,04"
"37038";"GUARDANAPO FORFEST VERDE ESCURO C 5";"800";"3,000";"8,07";"8,07"
"6300";"GUARDANAPO GRAND HOTEL 24X24 50UN";"800";"82,000";"558,68";"558,68"
"9585";"GUARDANAPO PAPEL MILI 21X22CM";"800";"1.489,000";"3.707,61";"3.707,61"
"6301";"GUARDANAPO SCOTT PQ 23X22 50UN ";"800";"87,000";"312,33";"312,33"
"19290";"GUIA C PEITEIRA ESTAMP";"800";"1,000";"19,99";"19,99"
"19291";"GUIA C/PEITEIRA FINA";"800";"2,000";"35,98";"35,98"
"11248";"GUISADO RESERVA BOV PRIME";"800";"59,610";"3.061,82";"3.061,82"
"19305";"HAMB EXCELSIOR MISTO 56G";"800";"58.687,000";"75.094,64";"71.672,64"
"19306";"HAMB FRIBOI COSTELA 180G";"800";"993,000";"8.156,87";"7.912,47"
"31184";"HAMBURGUEIRA ISOP JL-1BC 22X14X8 C/25";"800";"1,000";"19,99";"19,99"
"19309";"HAMBURGUEIRA ISOP P-3 BC 21,0X19,5X7 C/20";"800";"1,000";"19,89";"19,89"
"6304";"HAMBURGUER EMPANADO LAR 100G FGO";"800";"192,000";"699,72";"699,72"
"6302";"HAMBURGUER PERDIGAO 56G BOVINO 605794";"800";"526,000";"1.309,74";"1.309,74"
"6307";"HAMBURGUER PERDIGAO 56G FRANGO HFG";"800";"812,000";"2.103,08";"2.103,08"
"6309";"HAMBURGUER PERDIGAO 672G BOVINO HBE";"800";"37,000";"1.115,77";"1.115,77"
"6308";"HAMBURGUER PERDIGAO 90G SUAV 651058";"800";"740,000";"3.322,60";"3.322,60"
"6310";"HAMBURGUER SADIA HBPE 672G BOVINO";"800";"23,000";"818,57";"818,57"
"9606";"HASTES JOHNSON POTE 150UN";"800";"35,000";"804,65";"804,65"
"33867";"HID CARMED LABIAL 10G TORTA MACA";"800";"5,000";"169,95";"169,95"
"19316";"HID DI HELLEN 30G ALFACE";"800";"58,000";"591,02";"591,02"
"19317";"HID DI HELLEN 30G AVEIA";"800";"46,000";"468,74";"468,74"
"19318";"HID DI HELLEN 30G PEPINO";"800";"41,000";"417,79";"417,79"
"33526";"HID LABIAL CARMED 10G AGUA DE COCO";"800";"2,000";"49,98";"49,98"
"33527";"HID LABIAL CARMED 10G AMORA CLARO";"800";"5,000";"69,95";"69,95"
"33528";"HID LABIAL CARMED 10G AMORA ESCURO";"800";"8,000";"111,92";"111,92"
"19319";"HID LABIAL CARMED 10G BEIJINHO 30 FP";"800";"1,000";"13,99";"13,99"
"33529";"HID LABIAL CARMED 10G BRIGADEIRO";"800";"4,000";"66,96";"66,96"
"19320";"HID LABIAL CARMED 10G CEREJA";"800";"5,000";"69,95";"69,95"
"34565";"HID LABIAL CARMED 10G COCA COLA INC";"800";"5,000";"78,95";"78,95"
"34566";"HID LABIAL CARMED 10G COCA COLA MAR";"800";"9,000";"158,51";"158,51"
"34567";"HID LABIAL CARMED 10G COCA COLA VRM";"800";"2,000";"39,78";"39,78"
"6312";"HID LABIAL CARMED 10G FINI BEIJOS";"800";"10,000";"139,90";"139,90"
"6313";"HID LABIAL CARMED 10G FINI DENTADURAS";"800";"5,000";"80,95";"80,95"
"33525";"HID LABIAL CARMED 10G FINI MINHOCAS";"800";"1,000";"24,99";"24,99"
"33524";"HID LABIAL CARMED 10G GLITTER";"800";"1,000";"24,99";"24,99"
"19321";"HID LABIAL CARMED 10G MACA AMOR";"800";"14,000";"195,86";"195,86"
"36868";"HID LABIAL CARMED MELANCIA 10G";"800";"5,000";"69,95";"69,95"
"9754";"HID LEITE PAIXAO 200ML FRAMB NEGRA";"800";"49,000";"777,04";"777,04"
"19323";"HID MONANGE 200ML IOGURTE C AVEIA";"800";"45,000";"720,54";"720,54"
"9607";"HID MONANGE PELE EXTRA SECA 200ML";"800";"55,000";"868,45";"868,45"
"19324";"HID PAIXAO 200ML ONLY YO INSPIR R 785 0";"800";"37,000";"601,99";"601,99"
"19325";"HID PAIXAO 200ML PARI IRRESIS R 1495 0";"800";"34,000";"547,96";"547,96"
"6317";"HOT POCKET SADIA 145G X BACON";"800";"255,000";"2.521,95";"2.521,95"
"6319";"HOT POCKET SADIA 145G X BARBECUE";"800";"149,000";"1.473,61";"1.470,33"
"6320";"HOT POCKET SADIA 145G X BURGUE MAIONESE";"800";"119,000";"1.176,91";"1.176,91"
"6321";"HOT POCKET SADIA 145G X BURGUER";"800";"183,000";"1.809,87";"1.809,87"
"6318";"HOT POCKET SADIA 145G X FRANGO POSF FRANGO POSF";"800";"165,000";"1.320,55";"1.320,55"
"6322";"HOT POCKET SADIA 145G X PICANHA POSP";"800";"242,000";"2.393,38";"2.391,58"
"9608";"HOT POCKET SADIA CHEDDAR 145G ";"800";"204,000";"1.973,56";"1.971,92"
"19328";"HUMUS NUTRIPLAN 2KG REF 209";"800";"13,000";"209,69";"209,69"
"527";"ICE DRINK PET 275ML BLUE";"800";"315,000";"839,35";"839,35"
"603";"ICE DRINK PET 275ML FTAS VRM";"800";"419,000";"1.124,87";"1.124,87"
"528";"ICE DRINK PET 275ML LIMAO";"800";"485,000";"1.301,61";"1.301,61"
"605";"ICE DRINK PET 275ML PINA COLADA";"800";"355,000";"950,77";"950,77"
"540";"ICE SMIRNOFF LN 275ML LIMAO";"800";"180,000";"1.787,54";"1.732,36"
"35635";"ILUMINADOR DUO 7G";"800";"6,000";"83,94";"83,94"
"37041";"ILUMINADOR DUO 8 5G";"800";"7,000";"125,93";"125,93"
"318";"INA BEB A TAL DA CASTANHA 1L ORGAN ORIGINAL";"800";"3,000";"89,97";"37,97"
"25896";"INA BEB POSSIBLE 1L CHOC";"800";"14,000";"241,51";"241,51"
"35128";"INA BEB POSSIBLE 1L MOR";"800";"5,000";"83,75";"83,75"
"13158";"INA BEB POSSIBLE 1L ORIG";"800";"2,000";"34,79";"34,79"
"29652";"INA CERV HEINEKEN LT 473ML PACK C12";"800";"1,000";"72,89";"72,89"
"8992";"INA CHA BAER MATE 350ML ";"800";"6,000";"43,94";"43,94"
"472";"INA ENERG BALY LT 250ML CHAMPANHE";"800";"27,000";"147,88";"147,88"
"35134";"INA ENERG BALY LT 250ML FLORIPA SPRITZ";"800";"31,000";"173,09";"173,09"
"483";"INA ENERG BALY LT 250ML LABELLAMAFIA";"800";"20,000";"111,00";"111,00"
"486";"INA ENERG BALY LT 250ML MACA VERDE";"800";"48,000";"264,72";"264,72"
"489";"INA ENERG BALY LT 250ML MORANGO PESSEGO";"800";"16,000";"89,64";"89,64"
"484";"INA ENERG BALY LT 250ML TRADICIONAL";"800";"38,000";"212,52";"212,52"
"479";"INA ENERG BALY LT 250ML TROPICAL";"800";"20,000";"111,60";"111,60"
"491";"INA ENERG BALY LT 250ML TROPICAL SA";"800";"12,000";"66,48";"66,48"
"425";"INA ENERG BALY PET 2L ABACAXI HORTELA";"800";"77,000";"1.089,97";"1.089,97"
"431";"INA ENERG BALY PET 2L FRUT TROPICAIS";"800";"84,000";"1.187,90";"1.187,90"
"433";"INA ENERG BALY PET 2L MACA VERDE";"800";"120,000";"1.712,47";"1.712,47"
"434";"INA ENERG BALY PET 2L MELANCIA";"800";"64,000";"912,65";"912,65"
"436";"INA ENERG BALY PET 2L MORANGO PESSEGO";"800";"152,000";"2.147,41";"2.147,41"
"439";"INA ENERG BALY PET 2L TRAD S A";"800";"66,000";"936,99";"936,99"
"437";"INA ENERG BALY PET 2L TRADICIONAL";"800";"412,000";"5.866,71";"5.866,71"
"400";"INA ENERG ELEV LT 269ML ENERGY DRINK";"800";"1,000";"4,75";"4,75"
"401";"INA ENERG ELEV LT 269ML MACA VERDE";"800";"1,000";"4,49";"4,49"
"36235";"INA GELADINHO AMERICANO C 10 ZERO ACUCAR";"800";"14,000";"141,96";"141,96"
"24421";"INA SODA SARANDI LT 350ML MACA VERDE";"800";"3,000";"6,99";"6,99"
"24422";"INA SODA SARANDI LT 350ML MOR LIM HORT";"800";"2,000";"4,66";"4,66"
"688";"INA SUCO MISTO DEL GRANO 1 35L PESSEGO MACA";"800";"1,000";"16,99";"16,99"
"721";"INA SUCO MISTO DEL GRANO 1 35L UVA MACA";"800";"6,000";"101,94";"101,94"
"724";"INA SUCO UVA PRECIOSO MISTO VD 1 5L ";"800";"8,000";"103,92";"103,92"
"727";"INA SUCO UVA VALORE INT PET 1 35L ";"800";"21,000";"230,79";"230,79"
"1085";"INABALA FRUIT TELLA MOR CR LEIT 41G ";"800";"269,000";"1.073,31";"1.073,31"
"19993";"INAT LAVA TUDO PLASUTIL";"800";"15,000";"149,85";"149,85"
"25379";"INAT VELA INTERROGACAO BCA";"800";"2,000";"5,18";"5,18"
"25380";"INAT VELA INTERROGACAO ROSA";"800";"4,000";"10,36";"10,36"
"4359";"INATIVO BEB 3 CORACOES 1L AST";"800";"11,000";"179,40";"179,40"
"19334";"INCENSO FLUTE C 8  ALFAZEMA";"800";"2,000";"5,98";"5,98"
"19342";"INCENSO FLUTE C 8  COCO";"800";"2,000";"5,98";"5,98"
"19332";"INCENSO FLUTE C 8 ABRINDO CAMINH";"800";"500,000";"1.495,00";"1.495,00"
"19335";"INCENSO FLUTE C 8 ARRUDA";"800";"455,000";"1.360,45";"1.360,45"
"19336";"INCENSO FLUTE C 8 ARRUDA C SAL G";"800";"390,000";"1.166,10";"1.166,10"
"19337";"INCENSO FLUTE C 8 BEBE CARINHO";"800";"375,000";"1.121,25";"1.121,25"
"19338";"INCENSO FLUTE C 8 CANELA";"800";"390,000";"1.166,10";"1.166,10"
"19339";"INCENSO FLUTE C 8 CHAMA FREGUES";"800";"290,000";"867,10";"867,10"
"19340";"INCENSO FLUTE C 8 CHAMANDO DINHE";"800";"659,000";"1.970,41";"1.970,41"
"19341";"INCENSO FLUTE C 8 CITRONELA";"800";"297,000";"888,03";"888,03"
"19344";"INCENSO FLUTE C 8 CRAVO CANELA";"800";"462,000";"1.381,38";"1.381,38"
"19346";"INCENSO FLUTE C 8 ERVA DOCE";"800";"341,000";"1.019,59";"1.019,59"
"19353";"INCENSO FLUTE C 8 MIL FLORES";"800";"291,000";"870,09";"870,09"
"19355";"INCENSO FLUTE C 8 ROSA VERM";"800";"628,000";"1.877,72";"1.877,72"
"19356";"INCENSO FLUTE C 8 SAL GROSSO";"800";"480,000";"1.435,20";"1.435,20"
"19357";"INCENSO FLUTE C 8 SANDALO";"800";"380,000";"1.136,20";"1.136,20"
"19358";"INCENSO FLUTE C 8 SETE ERVAS";"800";"452,000";"1.351,48";"1.351,48"
"19359";"INCENSO FLUTE C 8 TRES EM UM";"800";"329,000";"983,71";"983,71"
"19360";"INCENSO FLUTE C 8 VERBENA";"800";"522,000";"1.560,78";"1.560,78"
"31199";"INCENSO FLUTE CRAVO C/8";"800";"129,000";"385,71";"385,71"
"6324";"INGRED P FEIJOADA SANTA CLARA 450G";"800";"427,000";"8.322,23";"8.322,23"
"11253";"INHAME";"800";"0,682";"6,81";"6,81"
"6331";"INSET AE SBP LV PG 450ML AEDES AEGY";"800";"2,000";"39,18";"39,18"
"6333";"INSET AER MORTEIN 360ML ACAO TOTAL";"800";"3,000";"73,48";"73,48"
"6334";"INSET AER MORTEIN 360ML MATA BARATA";"800";"2,000";"58,78";"58,78"
"6335";"INSET AERO BAYGON 360ML ACAO TOTAL";"800";"4,000";"83,96";"83,96"
"6336";"INSET AERO BAYGON 360ML ACAO TOTAL EUCA";"800";"11,000";"233,91";"233,91"
"6337";"INSET AERO BAYGON 360ML ULTRA";"800";"11,000";"235,42";"235,42"
"6339";"INSET AERO RAID 420ML BARATA FORMIGA";"800";"185,000";"3.511,30";"3.508,31"
"6340";"INSET AERO RAID 420ML BASE AGUA";"800";"450,000";"8.541,00";"8.529,04"
"6341";"INSET AERO RAID 420ML CITRONELA";"800";"174,000";"3.232,75";"3.193,88"
"6342";"INSET AERO RAID 420ML EUCALIPTO";"800";"382,000";"7.250,36";"7.250,36"
"6343";"INSET AERO RAID 420ML MULTI INS ACQUA";"800";"202,000";"3.774,16";"3.747,25"
"6344";"INSET AERO SBP 360ML ACAO MAGNETICA";"800";"16,000";"352,23";"352,23"
"6345";"INSET AERO SBP 360ML ANTI AEDES SEM CHEIRO";"800";"7,000";"149,73";"149,73"
"6346";"INSET AERO SBP 360ML ULTRA BARREIRA";"800";"14,000";"300,57";"300,57"
"6347";"INSET AERO SBP 380ML MULTI CITRONELA";"800";"21,000";"449,76";"449,76"
"6348";"INSET AERO SBP 380ML MULTI EUCALIPTO";"800";"20,000";"446,79";"446,79"
"6349";"INSET AERO SBP 380ML MULTI INSETICIDA";"800";"60,000";"1.288,95";"1.288,95"
"6350";"INSET AERO SBP LV M PG M 450ML CITRONELA";"800";"4,000";"95,96";"95,96"
"6351";"INSET AERO SBP LV M PG M 450ML EUCALIPTO";"800";"6,000";"148,47";"148,47"
"6352";"INSET AERO SBP LV M PG M 450ML MULTI";"800";"3,000";"71,97";"71,97"
"9612";"INSET DETEFON LIQ 500ML";"800";"4,000";"106,76";"106,76"
"6354";"INSET ISCA RAID 6UN MATA BARATAS";"800";"5,000";"249,37";"249,37"
"9614";"INSET JIMO AERO JATO SECO 400ML";"800";"18,000";"329,22";"329,22"
"19368";"INSET JIMO ANTI INSET AERO TUBO 400ML";"800";"7,000";"117,53";"117,53"
"9616";"INSET JIMO PO 100G ";"800";"90,000";"895,59";"895,59"
"6355";"INSET LIQ SET INSET ELET REFIL 60N";"800";"16,000";"207,84";"207,84"
"19370";"INSET LIQ SET INSET M USO 500ML";"800";"6,000";"122,49";"122,49"
"6356";"INSET MAT INSET KIT VAP 4 CARTOES";"800";"1,000";"32,90";"32,90"
"9620";"INSET MAT INSET MULTI 360ML GT33ML EUCALIPTO";"800";"128,000";"1.986,06";"1.986,06"
"9621";"INSET MAT INSET MULTI PROMO 360ML CITRONELA";"800";"83,000";"1.289,67";"1.289,67"
"9622";"INSET MAT INSET MULTI PROMO 360ML INSETICIDA";"800";"80,000";"1.221,95";"1.221,95"
"9623";"INSET MAT INSET MULTI PROMO 360ML SEM CHEIRO";"800";"21,000";"315,70";"315,70"
"6357";"INSET MAT INSET RF LV12PG10";"800";"327,000";"1.672,55";"1.672,55"
"19372";"INSET NITROCID PO 50G";"800";"28,000";"321,72";"321,72"
"33430";"INSET PROINSET 350ML ACAO TOTAL";"800";"14,000";"165,06";"165,06"
"33429";"INSET PROINSET 350ML CITRONELA";"800";"12,000";"141,48";"141,48"
"33427";"INSET PROINSET 350ML EUCALIPTO";"800";"6,000";"70,74";"70,74"
"33428";"INSET PROINSET 350ML MATA BARATAS";"800";"16,000";"188,64";"188,64"
"33431";"INSET PROINSET 350ML MATA CUPIM";"800";"31,000";"365,49";"365,49"
"33432";"INSET PROINSET 450ML MULTI";"800";"43,000";"455,37";"455,37"
"33433";"INSET PROINSET 450ML SEM CHEIRO";"800";"48,000";"508,32";"508,32"
"19374";"INSET PROINSET ACAO TOT 250ML";"800";"2,000";"17,38";"17,38"
"19378";"INSET PROINSET SUPER ECONOMICO 750ML";"800";"2.171,000";"35.757,29";"33.879,29"
"6358";"INSET RAID 21 9ML 30 NOITES RF";"800";"4,000";"75,96";"75,96"
"19379";"INSET RAID AERO MULTI ESSENCIAL 420ML";"800";"161,000";"2.990,00";"2.951,13"
"9625";"INSET RAID REFIL 12 NOIT PAST PROMO";"800";"4,000";"16,16";"16,16"
"6359";"INSET RAID RF PASTILHA LV12PG10";"800";"3,000";"24,57";"24,57"
"6361";"INSET SBP 35ML RF 50 PCT DESC 2UN SUAVE";"800";"6,000";"230,34";"230,34"
"6362";"INSET SBP RF ELE 45NOI APAR GTS";"800";"3,000";"94,48";"94,48"
"6363";"INSET SBP RF ELETRICO 45 NOITES CITRONELA";"800";"7,000";"179,13";"179,13"
"6364";"INSET SBP RF ELETRICO 45 NOITES REGULAR";"800";"25,000";"628,81";"628,81"
"22814";"INSET SET ELET PAST REFIL L12 P10";"800";"616,000";"1.896,24";"1.896,24"
"19381";"INSET SET INSET ELET C 4 PAST VAP BIV";"800";"16,000";"294,21";"294,21"
"19382";"INSET SET INSET ELET REFIL LIQ 60N VAP";"800";"10,000";"293,90";"293,90"
"34842";"INTERRUPTOR EXTERNO RETANGULAR";"800";"9,000";"161,91";"161,91"
"35863";"INTERRUPTOR FAME 2 SIMPLES SS";"800";"1,000";"18,99";"18,99"
"6377";"IOG BATAVINHO 125G BOB ESPONJA CREME CONFEITOS";"800";"142,000";"824,18";"824,18"
"6378";"IOG BATAVINHO 125G BOB ESPONJA MORANG CONFEITO";"800";"327,000";"1.891,83";"1.891,83"
"37777";"IOG BATAVO 1 150G NAT DESNATADO";"800";"26,000";"538,74";"538,74"
"37792";"IOG BATAVO 1 150G NATURAL";"800";"47,000";"935,53";"935,53"
"6381";"IOG BATAVO 1150G CEREAL";"800";"89,000";"1.638,01";"1.638,01"
"6382";"IOG BATAVO 1150G MORANGO";"800";"92,000";"1.609,38";"1.609,38"
"6383";"IOG BATAVO 170G MORANGO";"800";"463,000";"1.577,97";"1.577,97"
"6385";"IOG BATAVO 170G NATURAL LARAN CEN MEL";"800";"112,000";"406,12";"406,12"
"6387";"IOG BATAVO 450G TRAD INTEGRAL";"800";"153,000";"1.516,47";"1.516,47"
"6376";"IOG BATAVO BOB ESPONJA 120G MORANGO CEREAL";"800";"92,000";"523,48";"523,48"
"36332";"IOG BATAVO DESNATADO 160G";"800";"429,000";"1.701,21";"1.701,21"
"19386";"IOG BATAVO GREGO MOR 100G MOR";"800";"426,000";"1.640,04";"1.640,04"
"6439";"IOG BATAVO GREGO PENSE ZERO 100G MARACUJA";"800";"371,000";"1.434,69";"1.434,69"
"6441";"IOG BATAVO GREGO PENSE ZERO 100G MOR";"800";"535,000";"1.820,85";"1.820,85"
"6442";"IOG BATAVO GREGO PENSE ZERO 100G TRAD";"800";"690,000";"2.237,10";"2.237,10"
"9637";"IOG BATAVO GREGO PENSE ZR 100G COCO";"800";"130,000";"428,40";"428,40"
"19387";"IOG BATAVO NAT 160G INT CREM";"800";"485,000";"1.961,95";"1.961,95"
"19390";"IOG BATAVO NAT DESN 170G MEL";"800";"166,000";"614,44";"614,44"
"36256";"IOG BATAVO NAT INTEGRAL 160G";"800";"661,000";"2.272,69";"2.272,69"
"37794";"IOG BATAVO NATURAL 160G TAN GEG";"800";"17,000";"69,63";"69,63"
"6516";"IOG BATAVO PENSE ZERO 100G MORANGO";"800";"134,000";"459,46";"459,46"
"19391";"IOG BATAVO PENSE ZERO 1150G MAMAO";"800";"144,000";"2.878,56";"2.878,56"
"19392";"IOG BATAVO SURP 100G BOB MOR";"800";"1.532,000";"8.966,38";"8.966,38"
"19393";"IOG BIOLAT NAT 150G DESNATADO";"800";"492,000";"1.528,68";"1.525,98"
"19394";"IOG BIOLAT NAT 150G INTEGRAL";"800";"784,000";"2.340,42";"2.340,42"
"36230";"IOG BIOLAT NAT CEN LAR MEL 150G";"800";"222,000";"694,38";"694,38"
"19395";"IOG CAROLINA 1250G ABA COCO";"800";"157,000";"2.117,93";"2.117,93"
"19412";"IOG CAROLINA 160G LAR CENOURA MEL";"800";"104,000";"381,86";"381,86"
"36170";"IOG CAROLINA 450G PESSEGO";"800";"199,000";"1.977,41";"1.977,41"
"19396";"IOG CAROLINA C POLPA 450G ABA";"800";"168,000";"1.691,72";"1.691,72"
"19397";"IOG CAROLINA C POLPA 450G ACAI";"800";"217,000";"2.349,43";"2.349,43"
"19398";"IOG CAROLINA C POLPA 450G BLUE";"800";"122,000";"1.314,78";"1.314,78"
"19399";"IOG CAROLINA C POLPA 450G COCO";"800";"96,000";"966,94";"966,94"
"19400";"IOG CAROLINA C POLPA 450G F VE";"800";"262,000";"2.828,08";"2.828,08"
"19401";"IOG CAROLINA C POLPA 450G MOR";"800";"314,000";"3.425,76";"3.421,46"
"19402";"IOG CAROLINA DESNATADO 160G";"800";"157,000";"576,43";"576,43"
"19403";"IOG CAROLINA DESNATADO C MEL 160G";"800";"127,000";"463,33";"463,33"
"36146";"IOG CAROLINA GF 800G BATIDO";"800";"19,000";"221,81";"221,81"
"36168";"IOG CAROLINA GF 800G MEL";"800";"45,000";"520,55";"520,55"
"19405";"IOG CAROLINA GRECO 90G FLOCOS";"800";"109,000";"325,91";"325,91"
"36159";"IOG CAROLINA GREGO 450G ABAC COCO";"800";"154,000";"1.767,56";"1.753,56"
"36167";"IOG CAROLINA GREGO 450G ACAI BANANA";"800";"123,000";"1.515,27";"1.515,27"
"19406";"IOG CAROLINA GREGO 90G ACAI BANANA";"800";"256,000";"796,04";"796,04"
"19407";"IOG CAROLINA GREGO 90G FRU VERM";"800";"411,000";"1.267,89";"1.267,89"
"19408";"IOG CAROLINA GREGO 90G MARACUJA";"800";"318,000";"988,02";"988,02"
"19409";"IOG CAROLINA GREGO 90G MORANGO";"800";"397,000";"1.236,83";"1.236,83"
"19410";"IOG CAROLINA GREGO 90G TRADICIONAL";"800";"298,000";"893,30";"893,30"
"19411";"IOG CAROLINA INTEGRAL 160G";"800";"449,000";"1.670,21";"1.670,21"
"19413";"IOG CAROLINA LAVITA 150G AMEIXA";"800";"176,000";"668,74";"668,74"
"19414";"IOG CAROLINA LAVITA 800G MORANGO";"800";"237,000";"3.359,43";"3.359,43"
"19416";"IOG CAROLINA LAVITA ZERO 800G AMEIXA";"800";"124,000";"1.797,96";"1.797,96"
"19417";"IOG CAROLINA NAT 450G INTEGRAL";"800";"309,000";"3.633,91";"3.633,91"
"19418";"IOG CAROLINA PEDACOS 100G ABACAXI COCO";"800";"93,000";"278,57";"278,57"
"19420";"IOG CAROLINA PEDACOS 100G BLUE AMORA";"800";"70,000";"230,30";"230,30"
"19421";"IOG CAROLINA PEDACOS 100G COCO";"800";"91,000";"280,49";"280,49"
"19422";"IOG CAROLINA PEDACOS 100G F VERMS";"800";"191,000";"580,09";"580,09"
"19423";"IOG CAROLINA PEDACOS 100G MORANGO";"800";"261,000";"807,09";"806,19"
"19424";"IOG CAROLINA SEMI DESN 90G MOR";"800";"422,000";"1.869,28";"1.868,58"
"19425";"IOG CAROLINA SEMI DESN 90G SALAD FRUT";"800";"149,000";"689,01";"689,01"
"19426";"IOG CAROLINA WHEY 160G ACAI BANANA";"800";"117,000";"909,63";"909,63"
"19430";"IOG DANONE 1250G MORANGO";"800";"102,000";"2.596,58";"2.596,58"
"6399";"IOG DANONE 160G NAT INT LAR CEN MEL";"800";"14,000";"64,46";"64,46"
"6400";"IOG DANONE 160G NAT INT MEL";"800";"24,000";"112,96";"112,96"
"6402";"IOG DANONE 160G NATURAL DESNATADO";"800";"147,000";"749,43";"749,43"
"6401";"IOG DANONE 160G NATURAL INTEGRAL";"800";"37,000";"178,21";"178,21"
"6404";"IOG DANONE 170G MORANGO";"800";"171,000";"836,19";"836,19"
"6405";"IOG DANONE 510G POLPA KIDS MORANGO";"800";"119,000";"1.138,91";"1.138,91"
"6767";"IOG DANONE ACTIVIA 170G MORANGO";"800";"12,000";"58,68";"58,68"
"6760";"IOG DANONE ACTIVIA 340G AVEIA";"800";"38,000";"547,44";"547,44"
"19431";"IOG DANONE ACTIVIA 340G POLPA MOR";"800";"48,000";"724,98";"724,98"
"19432";"IOG DANONE ACTIVIA 510G AMEIXA";"800";"47,000";"818,53";"812,53"
"6371";"IOG DANONE ACTIVIA 800G AMEIXA";"800";"97,000";"1.620,23";"1.620,23"
"6373";"IOG DANONE ACTIVIA 800G MORANGO";"800";"75,000";"1.336,25";"1.336,25"
"6825";"IOG DANONE ACTIVIA CAFE MANHA 170G QUINOA E FR VRM";"800";"62,000";"516,38";"516,38"
"6762";"IOG DANONE ACTIVIA POLPA 510G MAMAO CEREAL";"800";"42,000";"839,58";"839,58"
"6412";"IOG DANONINHO DANONE 100G MORANGO";"800";"275,000";"920,85";"920,85"
"19435";"IOG ELEGE BOB 100G VITAMINA FRUTAS";"800";"826,000";"3.295,74";"3.295,72"
"6414";"IOG ELEGE BOB ESPONJA 100G MORANGO";"800";"1.397,000";"5.574,03";"5.574,03"
"6524";"IOG ELEGE PETIT 320G MORANGO";"800";"566,000";"5.566,34";"5.566,34"
"6520";"IOG ELEGE PETIT BOB 320G BANANA";"800";"357,000";"3.172,23";"3.172,23"
"6521";"IOG ELEGE PETIT BOB 320G MORANGO";"800";"675,000";"5.871,45";"5.870,65"
"6413";"IOG ELEGE POLPA 510G MOR VIT";"800";"459,000";"4.513,41";"4.513,41"
"6421";"IOG GREGO BATAVO 100G TRADICIONAL";"800";"473,000";"1.652,97";"1.652,97"
"6423";"IOG GREGO BATAVO 450G MORANGO";"800";"302,000";"4.239,38";"4.239,38"
"6424";"IOG GREGO BATAVO 450G TRADICIONAL";"800";"297,000";"4.234,23";"4.234,23"
"6425";"IOG GREGO BATAVO 510G BDJ MORANGO";"800";"117,000";"1.824,63";"1.824,63"
"6426";"IOG GREGO BATAVO 90G FLOCOS";"800";"147,000";"472,93";"472,93"
"19436";"IOG GREGO CAROLINA 450G FLOCOS";"800";"286,000";"3.340,50";"3.340,50"
"19437";"IOG GREGO CAROLINA 450G MORANGO";"800";"197,000";"2.437,13";"2.437,13"
"19438";"IOG GREGO CAROLINA 450G TRADICIONAL";"800";"316,000";"3.611,14";"3.611,14"
"6440";"IOG GREGO PENSE ZERO BATAVO 450G MOR";"800";"161,000";"2.114,99";"2.114,99"
"9635";"IOG LIQ BATAVO 170G FRUTAS CEREAIS";"800";"390,000";"1.277,30";"1.277,30"
"37795";"IOG NATURAL BATAVO 160G MORANGO";"800";"37,000";"147,63";"147,63"
"6497";"IOG NUV BATAVO 100G FRUTAS VERMELH";"800";"392,000";"1.168,98";"1.168,38"
"6498";"IOG NUV BATAVO 100G MORANGO";"800";"387,000";"1.161,93";"1.161,33"
"6499";"IOG NUV BATAVO 100G PESSEG E DAMASC";"800";"385,000";"1.089,95";"1.089,95"
"6500";"IOG NUV BATAVO 100G TRADICIONAL";"800";"225,000";"606,85";"605,05"
"6501";"IOG NUV BATAVO 100G ZERO FRUTAS AMARELAS";"800";"360,000";"1.019,70";"1.019,70"
"6502";"IOG NUV BATAVO 100G ZERO FRUTAS VERMELHA";"800";"288,000";"755,62";"755,62"
"6503";"IOG NUV BATAVO 450G MORANGO";"800";"9,000";"125,11";"125,11"
"6504";"IOG NUV BATAVO 450G TRADICIONAL";"800";"23,000";"318,97";"318,97"
"35268";"IOG PARMALAT FIT 100G COCO";"800";"36,000";"221,14";"221,14"
"19449";"IOG PARMALAT FIT 120G COCO";"800";"146,000";"647,14";"647,14"
"19450";"IOG PARMALAT FIT 120G MOR";"800";"314,000";"1.322,06";"1.322,06"
"37785";"IOG PARMALAT FIT 850G COCO";"800";"59,000";"1.152,41";"1.152,41"
"37782";"IOG PARMALAT FIT 850G MORANGO";"800";"48,000";"965,52";"965,52"
"9671";"IOG PARMALAT ZR 120G TRADICIONAL";"800";"148,000";"657,72";"657,72"
"6508";"IOG PED FRUTA BATAVO 450G ABACAXI";"800";"66,000";"941,94";"941,94"
"6510";"IOG PED FRUTA BATAVO 450G COCO";"800";"60,000";"849,00";"849,00"
"6512";"IOG PED FRUTA BATAVO 450G MORANGO";"800";"170,000";"2.432,30";"2.432,30"
"6509";"IOG PED FRUTA BATAVO 450G PESSEGO";"800";"44,000";"633,56";"633,56"
"37793";"IOG PENSE ZERO 510G AMEIXA";"800";"85,000";"1.070,35";"1.070,35"
"6513";"IOG PENSE ZERO BATAVO 1150G AMEIXA";"800";"203,000";"4.049,97";"4.049,97"
"6514";"IOG PENSE ZERO BATAVO 1150G BATIDO";"800";"84,000";"1.652,16";"1.652,16"
"6515";"IOG PENSE ZERO BATAVO 1150G MORANGO";"800";"325,000";"6.438,75";"6.438,75"
"6517";"IOG PENSE ZERO BATAVO 450G MOR";"800";"148,000";"2.101,12";"2.101,12"
"6518";"IOG PENSE ZERO BATAVO 510G GREGO";"800";"161,000";"2.458,99";"2.458,99"
"6519";"IOG PENSE ZERO BATAVO 510G MOR";"800";"223,000";"2.757,37";"2.757,37"
"5407";"IOG PETIT DANONINHO DANONE 320G MORANGO";"800";"127,000";"1.861,73";"1.861,73"
"5408";"IOG PETIT DANONINHO DANONE 320G MULTI";"800";"203,000";"3.042,97";"3.042,97"
"19451";"IOG PETIT SUISSE CAROLINA 320G";"800";"441,000";"3.629,19";"3.629,19"
"19452";"IOG PETIT SUISSE CAROLINA 320G MOR MACA BANAN";"800";"279,000";"2.300,61";"2.300,61"
"19453";"IOG PETIT SUISSE CAROLINA 320G UVA";"800";"120,000";"987,60";"987,60"
"5410";"IOG PRA LEVAR DANONINHO DANONE 70G MORANGO";"800";"23,000";"126,27";"126,27"
"6536";"IOG PROBIO2 BATAVO 1150G AMEIXA";"800";"59,000";"1.192,41";"1.192,41"
"6537";"IOG PROBIO2 BATAVO 1150G MORANGO";"800";"67,000";"1.332,33";"1.332,33"
"6538";"IOG PROBIO2 BATAVO 1150G TRADICIONAL";"800";"43,000";"847,57";"847,57"
"6544";"IOG PROBIO2 BATAVO 510G BDJ AMEIXA TRADIC";"800";"36,000";"536,04";"536,04"
"6375";"IOG SANTA CLARA ZERO LACT 165G MORANGO";"800";"108,000";"384,12";"384,12"
"6547";"IOG STA CLARA 165G MEL";"800";"48,000";"209,02";"209,02"
"6548";"IOG STA CLARA 165G MORANGO";"800";"59,000";"253,81";"253,81"
"6549";"IOG STA CLARA 165G NATURAL DESN";"800";"28,000";"131,32";"131,32"
"6550";"IOG STA CLARA 165G NATURAL INT";"800";"200,000";"938,00";"938,00"
"6551";"IOG STA CLARA 170G COCO";"800";"42,000";"158,38";"158,38"
"6552";"IOG STA CLARA 170G FRUTAS VERMELHA";"800";"72,000";"270,88";"270,88"
"6553";"IOG STA CLARA 170G MORANGO";"800";"270,000";"1.025,30";"1.025,30"
"19444";"IOG STA CLARA CP 165G F VERM";"800";"70,000";"358,40";"358,40"
"19445";"IOG STA CLARA CP 165G MOR";"800";"87,000";"456,63";"456,63"
"19446";"IOG STA CLARA ZERO LACT 165G COCO";"800";"26,000";"121,14";"121,14"
"6554";"IOG SURPRESA BATAVO 110G MORANGO";"800";"452,000";"2.601,88";"2.601,88"
"6555";"IOG TIROL 160G INT LAR CEN MEL";"800";"118,000";"391,42";"391,42"
"6557";"IOG TIROL 160G NAT DESNATADO";"800";"211,000";"640,29";"640,29"
"6558";"IOG TIROL 160G NAT INTEGRAL";"800";"563,000";"1.790,77";"1.790,77"
"9676";"IOG TIROL 830G FRUTAS CEREAIS";"800";"132,000";"1.543,08";"1.543,08"
"31222";"IOG TIROL BDJ 480G MORANGO";"800";"315,000";"2.201,85";"2.201,85"
"6561";"IOG TIROL GF 830G MORANGO";"800";"151,000";"1.730,61";"1.727,91"
"6563";"IOG TIROL GF 830G ZERO DIET COCO";"800";"96,000";"1.262,64";"1.262,64"
"6564";"IOG TIROL GF 830G ZERO DIET MORANGO";"800";"103,000";"1.430,67";"1.430,67"
"6562";"IOG TIROL GF 830G ZERO LAC MORANGO";"800";"51,000";"703,29";"703,29"
"31226";"IOG TIROL PED PT 400G COCO";"800";"114,000";"920,86";"920,86"
"6559";"IOG TIROL PT 400G ABACAXI";"800";"277,000";"2.456,03";"2.456,03"
"6560";"IOG TIROL PT 400G MORANGO";"800";"475,000";"4.260,85";"4.260,85"
"19447";"IOG TIROL SC 900G COCO";"800";"72,000";"756,24";"756,24"
"19448";"IOG TIROL SC 900G MOR";"800";"274,000";"2.755,62";"2.750,62"
"31825";"IPAPEL HIG NEVE TOQUE SEDA 30M C 12";"800";"27,000";"755,73";"755,73"
"9679";"ISCAS EMP AURORA TRADICIONAL 275G";"800";"273,000";"4.441,47";"4.441,47"
"8056";"ISECANTE ABRILHANTADOR FINISH 250ML";"800";"1,000";"53,99";"53,99"
"8063";"ISEMENTE FELTRIN ABOBRINHA ITALIANA";"800";"12,000";"35,88";"35,88"
"19455";"ISQUEIRO BIC CHAMA MAXI J6";"800";"299,000";"2.647,71";"2.647,71"
"19456";"ISQUEIRO BIC MINI";"800";"287,000";"1.891,33";"1.891,33"
"11258";"JACA";"800";"0,532";"11,70";"11,70"
"38181";"JARDINEIRA PRETO 35CM";"800";"3,000";"32,97";"32,97"
"2470";"JARDINERA ODERICH LT 200G 4 LEGUMES";"800";"875,000";"4.772,85";"4.772,85"
"33485";"JARRA 1L MEDIDORA";"800";"29,000";"406,71";"404,71"
"19462";"JARRA C 4 CPS SANREMO PLAST 2L ";"800";"1,000";"29,99";"29,99"
"34449";"JARRA MARACATU 1560ML";"800";"26,000";"519,74";"519,74"
"33768";"JARRA MEDIDORA 500 ML VIDRO";"800";"2,000";"57,98";"57,98"
"9683";"JARRA PLASVALE TRANSP 1L ";"800";"3,000";"29,97";"29,97"
"9684";"JARRA SANREMO 1 1L 791 2";"800";"1,000";"14,99";"14,99"
"6581";"JARRA SANREMO 2L SR788 5";"800";"2,000";"35,98";"35,98"
"6583";"JARRA SANREMO MULTIUSO 2L 790 2 ";"800";"2,000";"43,98";"43,98"
"35317";"JARRA SANREMO OVAL 2L";"800";"9,000";"233,91";"233,91"
"35977";"JARRA SANREMO OVAL PEQ 780 2";"800";"2,000";"43,98";"43,98"
"37154";"JARRA VIDRO 1L";"800";"30,000";"479,70";"479,70"
"33741";"JARRA VIDRO 500ML";"800";"4,000";"51,96";"51,96"
"19479";"JARRA VIDRO SAFIRA 1L";"800";"1,000";"12,99";"12,99"
"19483";"JG 2 PC PORTA SAB LIQUIDO";"800";"3,000";"56,97";"56,97"
"37174";"JG 2 POTES VIDRO C TAMPA ORT 360ML";"800";"16,000";"287,84";"287,84"
"19485";"JG 3 PC TAP COLORS LUXO P/BANHEIRO";"800";"2,000";"135,98";"135,98"
"19486";"JG 3 PC TAP COLORS P/BANHEIRO";"800";"2,000";"99,80";"99,80"
"19490";"JG BANHEIRO CORTTEX GENEBRA 2PC";"800";"26,000";"1.427,40";"1.422,40"
"19491";"JG BINGO 50 CARTELAS";"800";"1,000";"38,99";"38,99"
"19492";"JG BINGO 50 CARTELAS 90 BOL";"800";"2,000";"39,98";"39,98"
"37085";"JG C 2 CHAVES 1 FENDA PHILLIPS";"800";"15,000";"254,85";"254,85"
"38228";"JG CABIDES INF VELUDO AZL C3 PCS";"800";"8,000";"79,92";"79,92"
"38230";"JG CABIDES INF VELUDO RSA C3 PCS";"800";"12,000";"119,88";"119,88"
"19495";"JG CALCULE BRINCANDO MUNDO CURIOSO";"800";"1,000";"19,99";"19,99"
"33836";"JG CAMA CASAL CORTTEX MICROTEC SORT 9";"800";"31,000";"2.259,90";"2.087,90"
"33835";"JG CAMA CASAL CORTTEX SUPERCAL SORT 3";"800";"37,000";"1.994,30";"1.986,39"
"33999";"JG CAMA CASAL ESSENCIALE CORTTEX SORT3";"800";"6,000";"629,40";"629,40"
"19499";"JG CAMA CASAL MICROFIBRA 3PC 150F";"800";"2,000";"85,98";"85,98"
"19500";"JG CAMA CORTTEX CASAL SUPERCAL";"800";"1,000";"49,90";"49,90"
"19501";"JG CAMA CORTTEX QUEEN SUPERCAL";"800";"42,000";"2.935,80";"2.935,80"
"19503";"JG CAMA ESSENCIALE CORTTEX SORT-EST 5 CS";"800";"2,000";"239,80";"239,80"
"33225";"JG CAMA QUEEN SUPERCAL CORTTEX SORT EST 3";"800";"1,000";"58,90";"58,90"
"19507";"JG CAMA SOLT ACETINADO 2PC LISO AZUL";"800";"1,000";"57,69";"57,69"
"19510";"JG CAMA SOLT ACETINADO 2PC SLIM DUNE";"800";"1,000";"57,69";"57,69"
"19513";"JG CAMA SOLT MICROFIBRA 2PC 150F";"800";"5,000";"169,95";"169,95"
"35985";"JG CAMA SOLT SUPERCAL CORTTEX SORT3";"800";"18,000";"790,20";"790,20"
"34989";"JG CAMA SOLTEIRO SUPERCAL SORT 2";"800";"9,000";"395,91";"395,91"
"19514";"JG CANS VERONA 350ML F0168 ";"800";"1,000";"23,99";"23,99"
"19516";"JG CARTAS COPAG EU VI PRINCESAS";"800";"1,000";"25,99";"25,99"
"19519";"JG CARTAS COPAG MONOPOLY BID";"800";"1,000";"25,99";"25,99"
"33415";"JG CHUIRRASCO ATENAS C2PCS FACA E GARFO";"800";"3,000";"83,97";"83,97"
"19520";"JG CHUR ATENAS 2PC FACA GAR";"800";"14,000";"335,86";"335,86"
"38238";"JG CHURRAS ATENAS CHAIRA FACA GARFO";"800";"6,000";"197,40";"197,40"
"37029";"JG CHURRASCO ROMA 3 PCS FACA GARFO";"800";"8,000";"215,92";"215,92"
"33416";"JG CHURRASCO ROMA C3PCS FAC CHAIRA GARF";"800";"4,000";"159,96";"159,96"
"19521";"JG COL BARICHELLO BEGE 12PC";"800";"2,000";"39,80";"39,80"
"19522";"JG COL EM CASA TEM ASTANA 6PC";"800";"14,000";"251,86";"251,86"
"19523";"JG COL EM CASA TEM BERLIM 6PC";"800";"3,000";"38,97";"38,97"
"19524";"JG COL EM CASA TEM BERLIM 6PC VER";"800";"4,000";"51,96";"51,96"
"19525";"JG COL EM CASA TEM INOX SILVER 6PC";"800";"5,000";"79,95";"79,95"
"6587";"JG COPO NADIR ARUBA 6UN 465ML CRISTAL";"800";"3,000";"137,97";"137,97"
"19530";"JG FACA EM CASA TEM BERLIM 6PC VER";"800";"4,000";"51,96";"51,96"
"19531";"JG FACA EM CASA TEM INOX SILVER 6PC";"800";"3,000";"44,97";"44,97"
"9686";"JG FRIGIDEIRA TRAMONTINA TURIM 2PC CHUMBO";"800";"19,000";"1.328,10";"1.325,10"
"9687";"JG FRIGIDEIRA TRAMONTINA TURIM 2PC VERMELHA";"800";"21,000";"1.467,90";"1.467,90"
"19534";"JG GAR EM CASA TEM ASTANA 6PC";"800";"4,000";"71,96";"71,96"
"19535";"JG GAR EM CASA TEM BERLIM 6PC";"800";"4,000";"51,96";"51,96"
"19536";"JG GAR EM CASA TEM BERLIM 6PC VER";"800";"5,000";"64,95";"64,95"
"19537";"JG GAR EM CASA TEM INOX SILVER 6PC";"800";"2,000";"31,98";"31,98"
"19538";"JG GAR SOB INOX SILVER 6PC";"800";"6,000";"83,94";"83,94"
"19539";"JG GEOMETRICO C/4 LEOELEO-4163";"800";"4,000";"55,96";"55,96"
"19549";"JG PARAFS C BUCHA 6X30MM";"800";"3,000";"23,97";"23,97"
"33402";"JG PARAFUSO PITAO C BUCHA C12PCS 6X30MM";"800";"7,000";"48,93";"48,93"
"33403";"JG PARAFUSO PITAO C BUCHA C12PCS 8X40MM";"800";"10,000";"109,90";"109,90"
"33419";"JG PARAFUSOS C BUCHA 8X40MM ACO FORTE";"800";"4,000";"47,96";"47,96"
"33948";"JG PINCEIS CABO PLASTICO C3";"800";"1,000";"9,99";"9,99"
"19541";"JG QUEM QUEM-CARDS";"800";"1,000";"12,99";"12,99"
"37051";"JG ROLOS PANO LIMPEZA C 50 CADA";"800";"8,000";"143,92";"143,92"
"19542";"JG SHERLOCK CARDS UM JOGO DETETIVE";"800";"1,000";"12,99";"12,99"
"35885";"JG TALHERES ORIGINAL PT C 25 PCS";"800";"3,000";"89,70";"89,70"
"36445";"JG TALHERES ORIGINAL VERMELHO C 25";"800";"8,000";"239,20";"239,20"
"33261";"JG TOALHA 4 PCS GARDEN FILME AZUL CETIM";"800";"1,000";"49,90";"49,90"
"33263";"JG TOALHA 4 PCS GARDEN FILME GENGIBRE";"800";"3,000";"149,70";"149,70"
"33262";"JG TOALHA 4 PCS GARDEN FILME IPE ROSA";"800";"3,000";"149,70";"149,70"
"35331";"JG TRAMON CHAVES DE FENDA 5PCS";"800";"1,000";"23,50";"23,50"
"35328";"JG TRAMON CHAVES DE FENDA 7PCS";"800";"1,000";"41,59";"41,59"
"19547";"JG XICARA CAFE 80ML 6PC";"800";"3,000";"50,97";"50,97"
"19545";"JG XICARA CAFE MOROCCO LINES 90ML 5PC";"800";"9,000";"143,91";"143,91"
"19546";"JG XICARA CAFE ROBUSTA LISA 85ML 6PC";"800";"4,000";"87,96";"87,96"
"36532";"JORNAL CIDADE";"800";"106,000";"424,00";"424,00"
"31248";"JORNAL CORREIO DO POVO SEG SEX ";"800";"1,000";"6,00";"6,00"
"36348";"JORNAL FOLHA DE SAO BORJA";"800";"76,000";"266,00";"266,00"
"3831";"KEEP COOLER CLASSIC CITRUS 275ML";"800";"15,000";"138,53";"138,53"
"58";"KEEP COOLER CLASSIC COLADA 275ML";"800";"7,000";"62,93";"62,93"
"61";"KEEP COOLER CLASSIC MORANGO 275ML";"800";"16,000";"147,52";"147,52"
"65";"KEEP COOLER CLASSIC PESSEGO 275ML";"800";"40,000";"361,44";"361,44"
"69";"KEEP COOLER CLASSIC TANGERINA 275ML";"800";"7,000";"62,93";"62,93"
"70";"KEEP COOLER CLASSIC UVA 275ML";"800";"34,000";"309,80";"309,79"
"2501";"KETCHUP ELEFANTE SQ 350G TRAD";"800";"467,000";"3.787,73";"3.784,73"
"34840";"KETCHUP FUGINI SH 180G";"800";"1.537,000";"3.827,13";"3.827,13"
"2480";"KETCHUP FUGINI SH 300G TRAD";"800";"646,000";"3.075,74";"3.075,74"
"2477";"KETCHUP FUGINI SH C BICO 180G PICANTE";"800";"806,000";"2.232,34";"2.232,34"
"2461";"KETCHUP FUGINI SH C BICO 180G TRAD";"800";"377,000";"1.092,13";"1.092,13"
"845";"KETCHUP HEINZ 1 033KG";"800";"24,000";"479,76";"479,76"
"2512";"KETCHUP HEINZ 397G BACON CEB CARAM";"800";"51,000";"974,86";"974,86"
"2516";"KETCHUP HEINZ 397G TRAD";"800";"167,000";"3.146,61";"3.146,61"
"37036";"KETCHUP HEINZ 743G TRAD";"800";"667,000";"11.526,33";"11.522,33"
"2507";"KETCHUP HELLMANNS BISN 380G PICANTE";"800";"64,000";"1.188,84";"1.188,84"
"2519";"KETCHUP HELLMANNS BISN 380G TRAD";"800";"98,000";"1.665,02";"1.665,02"
"33904";"KETCHUP HELLMANNS SUPREME 390G";"800";"20,000";"352,80";"352,80"
"791";"KETCHUP KETDOG BD 3KG";"800";"238,000";"3.805,62";"3.805,62"
"802";"KETCHUP ODERICH BD 3KG";"800";"39,000";"1.558,35";"1.558,35"
"2493";"KETCHUP ODERICH BISN 200G PICANTE";"800";"457,000";"2.189,03";"2.189,03"
"2499";"KETCHUP ODERICH BISN 400G PICANTE";"800";"295,000";"2.151,65";"2.151,65"
"2497";"KETCHUP ODERICH BISN 400G TRAD";"800";"767,000";"5.617,53";"5.617,53"
"2491";"KETCHUP ODERICH BISNAG 200G TRAD";"800";"2.412,000";"11.346,50";"11.345,70"
"803";"KETCHUP ODERICH SH 1K";"800";"608,000";"5.919,92";"5.810,92"
"2484";"KETCHUP ODERICH SH 200G";"800";"2.940,000";"11.730,60";"11.730,60"
"805";"KETCHUP ODERICH SH 7G C 140 UN";"800";"56,000";"1.117,37";"1.117,37"
"36370";"KETCHUP SALSARET TOP DOWN BAC CEB 3";"800";"93,000";"1.018,74";"1.018,74"
"35684";"KETCHUP SALSARETTI T DOWN 380G TRAD";"800";"98,000";"1.073,78";"1.073,78"
"35643";"KETCHUP SALSARETTI TOP DOWN 380G PICANHA";"800";"95,000";"1.039,73";"1.039,73"
"36385";"KETCHUP SALSARETTI TOP DOWN COSTELA";"800";"68,000";"744,44";"744,44"
"31251";"KETCHUP TRAD VAL 1 010K";"800";"405,000";"5.055,67";"5.055,67"
"6598";"KIMELEKA ACRILEX C/GLITTE SORT 180G ";"800";"36,000";"467,64";"467,64"
"6599";"KIMELEKA ACRILEX SLIME ARTKIDS 180G ";"800";"2,000";"21,98";"21,98"
"6600";"KIMELEKA ACRILEX SORT DINOSSAU 180G ";"800";"27,000";"447,93";"447,93"
"2698";"KIMILHO YOKI 500G FLOCAO";"800";"257,000";"2.034,43";"2.034,43"
"19559";"KIT 2 DET PO TIXAN 800G AMAC CONC 500ML";"800";"17,000";"363,63";"363,63"
"19561";"KIT 2 LAP BOR CAPA ACRILEX 9678";"800";"20,000";"259,80";"259,80"
"19562";"KIT 2 LAP/BORA/APONTA ACRILEX-9679";"800";"51,000";"585,99";"585,99"
"38290";"KIT 2 MEIAS SOQUETE NATURAL FIO 15";"800";"65,000";"714,35";"714,35"
"36796";"KIT 3 CALCINHA TRIFIL AF BIQUINI";"800";"2,000";"91,98";"91,98"
"19567";"KIT 3 MEIAS 23/26 CZ/PT/AZ";"800";"2,000";"39,98";"39,98"
"19568";"KIT 3 MEIAS 23/26 RS/CZ/PT";"800";"2,000";"39,98";"39,98"
"19569";"KIT 3 MEIAS 27/30 CZ/PT/AZ";"800";"2,000";"39,98";"39,98"
"19570";"KIT 3 MEIAS 31/34 CZ/PT/AZ";"800";"1,000";"19,99";"19,99"
"19574";"KIT 3 MEIAS ADUL 39/42 BC/CZ/PT";"800";"8,000";"159,92";"159,92"
"19575";"KIT 3 MEIAS CANO CURTO ESPORTIVA 34/38";"800";"1,000";"19,99";"19,99"
"19576";"KIT 3 MEIAS CANO CURTO ESPORTIVA 34/38 CZ/PT";"800";"3,000";"59,97";"59,97"
"38287";"KIT 3 MEIAS CANO CURTO ESTAMPADA";"800";"98,000";"1.469,02";"1.469,02"
"38286";"KIT 3 MEIAS CANO CURTOLISA 34 39";"800";"189,000";"2.833,11";"2.833,11"
"38300";"KIT 3 MEIAS CANO LONGO 39 44 BRASIL";"800";"43,000";"644,57";"644,57"
"19577";"KIT 3 MEIAS CURTA 23/26 BC/AZ/PT";"800";"2,000";"39,98";"39,98"
"19578";"KIT 3 MEIAS CURTA 23/26 RS/BC/AZ";"800";"2,000";"39,98";"39,98"
"19580";"KIT 3 MEIAS CURTA 27/30 BC/AZ/PT";"800";"5,000";"99,95";"99,95"
"19582";"KIT 3 MEIAS CURTA 27/30 RS/CZ/PT";"800";"6,000";"119,94";"119,94"
"19584";"KIT 3 MEIAS CURTA 34/39 RS/CZ/PT";"800";"1,000";"19,99";"19,99"
"38301";"KIT 3 MEIAS ESPORT 34 39 CANO MD LS";"800";"327,000";"4.901,73";"4.901,73"
"38302";"KIT 3 MEIAS ESPORT 39 42 CANO MEDIO";"800";"351,000";"5.261,49";"5.261,49"
"38298";"KIT 3 MEIAS ESPORT 39 44 BC LISTRAS";"800";"67,000";"1.875,33";"1.875,33"
"38294";"KIT 3 MEIAS ESPORT 39 44 BC PT CZ";"800";"81,000";"2.267,19";"2.267,19"
"19586";"KIT 3 MEIAS ESPORT PREMIUM 34 38 RS BC";"800";"2,000";"39,98";"39,98"
"19587";"KIT 3 MEIAS ESPORT PREMIUM 39 44 BC";"800";"2,000";"39,98";"39,98"
"38362";"KIT 3 MEIAS ESPORT PT BC CZ 39 44";"800";"95,000";"1.424,05";"1.424,05"
"19589";"KIT 3 MEIAS ESPORTIVA 34/38 RS/BC";"800";"6,000";"119,94";"119,94"
"38296";"KIT 3 MEIAS ESPORTIVA 39 44 PT";"800";"54,000";"1.511,46";"1.511,46"
"19590";"KIT 3 MEIAS ESPORTIVA 39/44 BC";"800";"1,000";"19,99";"19,99"
"19591";"KIT 3 MEIAS ESPORTIVA 39/44 BC/CZ/PT";"800";"2,000";"39,98";"39,98"
"38291";"KIT 3 MEIAS ESPORTIVA BC C LISTRAS 39 A 44";"800";"60,000";"1.679,40";"1.639,40"
"38289";"KIT 3 MEIAS ESPORTIVA BC PT CZ";"800";"72,000";"2.015,28";"1.963,28"
"38311";"KIT 3 MEIAS INF SOQUETE 23A26 CZ PT AZ";"800";"8,000";"151,92";"151,92"
"38313";"KIT 3 MEIAS INF SOQUETE 23A26 GAME ON";"800";"10,000";"189,90";"189,90"
"38314";"KIT 3 MEIAS INF SOQUETE 23A26 RS CR AZ";"800";"20,000";"379,80";"379,80"
"38308";"KIT 3 MEIAS INF SOQUETE 27 A 30 GAME ON";"800";"20,000";"379,80";"379,80"
"38306";"KIT 3 MEIAS INF SOQUETE 27A30 CZ PT AZ";"800";"15,000";"284,85";"284,85"
"38310";"KIT 3 MEIAS INF SOQUETE 27A30 ESTAMPAS";"800";"20,000";"379,80";"379,80"
"38309";"KIT 3 MEIAS INF SOQUETE 27A30 RS CZ AZ";"800";"21,000";"398,79";"398,79"
"38292";"KIT 3 MEIAS INF SOQUETE 31 34 CZ PT AZ";"800";"16,000";"303,84";"303,84"
"38293";"KIT 3 MEIAS INF SOQUETE 31 A 34 GAME ON";"800";"29,000";"550,71";"550,71"
"38297";"KIT 3 MEIAS INF SOQUETE 31A34 ESTAM ";"800";"42,000";"797,58";"797,58"
"38295";"KIT 3 MEIAS INF SOQUETE 31A34 RS CR AZ";"800";"24,000";"455,76";"455,76"
"38316";"KIT 3 MEIAS INF SOQUETE ESTAMPAS";"800";"16,000";"303,84";"303,84"
"19592";"KIT 3 MEIAS INVISIVEL ADUL 34/39 BC";"800";"2,000";"39,98";"39,98"
"19593";"KIT 3 MEIAS INVISIVEL ADUL 34/39 BC/BC";"800";"3,000";"59,97";"59,97"
"19595";"KIT 3 MEIAS INVISIVEL ADUL 34/39 BC/CZ/PT";"800";"1,000";"19,99";"19,99"
"19596";"KIT 3 MEIAS INVISIVEL ADUL 34/39 RS/CZ";"800";"2,000";"39,98";"39,98"
"19597";"KIT 3 MEIAS INVISIVEL ADUL 34/39 RS/CZ/AZ";"800";"1,000";"19,99";"19,99"
"19598";"KIT 3 MEIAS INVISIVEL ADUL 34/39 RS/PT/CZ";"800";"2,000";"39,98";"34,98"
"19599";"KIT 3 MEIAS INVISIVEL ADUL 39/42 BC";"800";"1,000";"19,99";"19,99"
"19601";"KIT 3 MEIAS INVISIVEL ADUL 39/43 BC/BC";"800";"1,000";"19,99";"19,99"
"19603";"KIT 3 MEIAS INVISIVEL INF 23/26 BC/CZ/PT";"800";"1,000";"19,99";"19,99"
"19609";"KIT 3 MEIAS INVISIVEL INF 27/30 RS/CZ";"800";"1,000";"19,99";"19,99"
"19610";"KIT 3 MEIAS INVISIVEL INF 27/30 RS/PT";"800";"1,000";"19,99";"19,99"
"19611";"KIT 3 MEIAS INVISIVEL INF 31/34 BC/CZ/PT";"800";"2,000";"39,98";"39,98"
"19613";"KIT 3 MEIAS INVISIVEL INF 34/34 RS/CZ";"800";"1,000";"19,99";"19,99"
"19615";"KIT 3 MEIAS JUV 34/38 BC/CZ/PT";"800";"2,000";"39,98";"39,98"
"34441";"KIT 3 PENEIRAS INOX";"800";"2,000";"33,98";"33,98"
"19625";"KIT AP MACH3 SENSVE+CARGA C/2";"800";"1,000";"68,50";"68,50"
"19627";"KIT BANHEIRO ECLAT PORCELANA 2PC";"800";"4,000";"119,60";"119,60"
"19635";"KIT BRUEDO PRAIA IMPERIO P";"800";"1,000";"12,99";"12,99"
"19638";"KIT C 3 ESPS P MAQUIAGEM";"800";"11,000";"54,89";"54,89"
"19641";"KIT CAJOVIL PAPINHA URSO 180 12 AZUL";"800";"7,000";"182,89";"182,89"
"19642";"KIT CAJOVIL PAPINHA URSO 180 16 ROSA";"800";"2,000";"47,78";"47,78"
"19644";"KIT CAN BOWL JURASSIC BABY";"800";"1,000";"20,99";"20,99"
"37840";"KIT CASA CLEAN BANHEIRO 910ML";"800";"34,000";"747,66";"747,66"
"37841";"KIT CASA CLEAN COZINHA 910ML";"800";"40,000";"879,60";"879,60"
"38035";"KIT CD SH DOVE CACHO EXP 350 175ML";"800";"37,000";"1.109,63";"1.109,63"
"38034";"KIT CD SH DOVE NUTRI EXP 350 175ML";"800";"69,000";"2.069,31";"2.069,31"
"38036";"KIT CD SH DOVE UMECT EXP 350 175ML";"800";"49,000";"1.469,51";"1.469,51"
"19647";"KIT CHAVES PRECISAO C/31 PC FR99";"800";"3,000";"29,97";"29,97"
"19648";"KIT CHUR 2PC FACA/GAR TRINCH";"800";"1,000";"26,99";"26,99"
"19650";"KIT CHUR MADEIRA/INOX 2PC";"800";"1,000";"39,99";"39,99"
"19651";"KIT CHUR PREM ROMA 2PC FACA CHAIRA";"800";"12,000";"430,80";"430,80"
"33417";"KIT CHURRASCO ATENAS C3PCS FACA PINCA GARF";"800";"2,000";"83,89";"83,89"
"19662";"KIT CONFEITEIRO PINCEL 8PC";"800";"2,000";"29,98";"29,98"
"33772";"KIT COSTURA 11 PCS";"800";"2,000";"27,98";"27,98"
"19666";"KIT COSTURA 29PC";"800";"1,000";"10,99";"10,99"
"19667";"KIT COSTURA 35PC C/NECESSAIRE";"800";"1,000";"25,99";"25,99"
"19669";"KIT COSTURA ALIANCA";"800";"1,000";"7,49";"7,49"
"37224";"KIT COZINHA TEC LUVA DESCANSO 17CM";"800";"13,000";"207,87";"207,87"
"19679";"KIT DADO COLOR TRANSP SP48974";"800";"1,000";"8,45";"8,45"
"37836";"KIT DERMAONE SAB INTIMO 200ML TRAD";"800";"1,000";"15,39";"15,39"
"19681";"KIT DESENHO CRISTAL C/6 PC";"800";"3,000";"13,77";"13,77"
"19685";"KIT DINO C/2 LAP/APONTA/BORA-72185";"800";"2,000";"14,98";"14,98"
"19686";"KIT DINO GFA 500ML+MARMITA 700ML-97831";"800";"1,000";"49,50";"49,50"
"19688";"KIT ELAST 1 5M C 2 PC";"800";"7,000";"62,93";"62,93"
"37897";"KIT ELSEVE COLAG SH 375ML CD 170ML";"800";"42,000";"2.099,58";"2.099,58"
"37893";"KIT ELSEVE SH 375ML CD 170ML LISO SONHOS";"800";"50,000";"2.449,50";"2.449,50"
"9704";"KIT ELSEVE SH 375ML COND 170ML CACHO SONHOS";"800";"19,000";"945,87";"945,87"
"9706";"KIT ELSEVE SH 375ML COND 175ML LONGOS SONHOS";"800";"13,000";"654,44";"654,44"
"6602";"KIT ELSEVE SH COND 375ML 170ML GLYCOLIC GLOSS";"800";"76,000";"3.553,00";"3.553,00"
"8222";"KIT ELSEVE SH COND 375ML 170ML HIALUR";"800";"31,000";"1.566,38";"1.566,38"
"8203";"KIT ELSEVE SH COND 375ML 170ML OLEO EXTR";"800";"6,000";"313,80";"313,80"
"8223";"KIT ELSEVE SH COND 375ML 170ML RT5";"800";"36,000";"1.793,54";"1.793,54"
"12125";"KIT ENXAG BUCAL CEPACOL 750ML CITRUS";"800";"459,000";"5.503,41";"5.503,41"
"34971";"KIT ESC LAPIS APONTADOR BORRACHA AZL PASTEL";"800";"1,000";"8,99";"8,99"
"36004";"KIT ESCOLAR 12 CORES APONT BORRACHA";"800";"6,000";"173,34";"173,34"
"37212";"KIT ESPONJAS C 4PCS SORT";"800";"16,000";"127,84";"127,84"
"19699";"KIT FOR GELATINA LUDICA 4PC MICKEY";"800";"1,000";"18,99";"18,99"
"19700";"KIT FOR GELATINA LUDICA 4PC MINIE";"800";"2,000";"37,98";"37,98"
"19701";"KIT FUNDO MAR C 2 LAP APONT BOR 72309";"800";"2,000";"14,98";"14,98"
"37975";"KIT GANCHO PAREDE AD 3PCS";"800";"1,000";"10,99";"10,99"
"37974";"KIT GANCHO PLAST 6PCS";"800";"1,000";"5,99";"5,99"
"34958";"KIT GEOMETRICO C4 PCS LYKE";"800";"15,000";"134,85";"134,85"
"19706";"KIT HARRY POTTER LAP/APONT/BOR-71625";"800";"2,000";"19,00";"19,00"
"19711";"KIT INF PENTE ESC SAB MASSAG AZUL";"800";"2,000";"40,78";"40,78"
"19712";"KIT INF PENTE ESC SAB MASSAG ROSA";"800";"2,000";"39,38";"39,38"
"33770";"KIT JARDINAGEM METAL C3 CABO MADEIRA";"800";"12,000";"179,88";"179,88"
"19717";"KIT KAT CELEBREAK SORT 185 6G";"800";"8,000";"202,32";"187,72"
"19719";"KIT LAP 12 CORES HELLO KIT 71616 ";"800";"3,000";"59,97";"59,97"
"19721";"KIT LAP 12 CORES LEOELEO FINI";"800";"2,000";"39,98";"39,98"
"19722";"KIT LAP 12 CORES SONIC";"800";"2,000";"79,18";"79,18"
"34938";"KIT LAP COR 12CORES MAIS 4 LAP LYKE";"800";"5,000";"49,95";"49,95"
"19724";"KIT LAP COR C APONTA BORA CAN";"800";"15,000";"299,85";"299,85"
"19725";"KIT LAP COR C CANET APONT BOR";"800";"11,000";"219,89";"219,89"
"19723";"KIT LAP COR C/4 LAP/BOR/APONT-4323";"800";"8,000";"111,92";"111,92"
"19726";"KIT LAP HB FINI 2 LAP/APONT/BOR";"800";"1,000";"9,49";"9,49"
"34935";"KIT LAPIS ARCO IRIS LYKE C2 MAIS AP";"800";"20,000";"199,80";"199,80"
"6605";"KIT LAPIS LEO&LEO HB 2UN APON/BOR JARDIM";"800";"7,000";"52,43";"52,43"
"19729";"KIT LIMPEZA PA ESC";"800";"1,000";"5,99";"5,99"
"19734";"KIT M BONI ESC BABY/PEN ELEFANT R.O602B";"800";"2,000";"37,98";"37,98"
"19735";"KIT M BONI ESC CAB L3 P1 R 7890T ";"800";"1,000";"28,99";"28,99"
"19736";"KIT M BONI PEN ESC INF AZUL";"800";"1,000";"18,99";"18,99"
"19738";"KIT MAMAD LOLLY OCEANO SIL ROSA R3660-RS";"800";"1,000";"84,29";"84,29"
"35688";"KIT MAQUIAGEM RAINBOW";"800";"2,000";"73,98";"73,98"
"19748";"KIT MEDIDOR C 10 MEDIDAS ";"800";"1,000";"16,99";"16,99"
"6604";"KIT METAL JARDINAGEM C 3PCS";"800";"3,000";"77,97";"77,97"
"33964";"KIT MIL MILHAS L AUTO B PNE ESP CER";"800";"29,000";"895,81";"895,81"
"33973";"KIT MIL MILHAS LAVA AUTO B PNEU ESP";"800";"45,000";"850,25";"850,25"
"19749";"KIT MINI VAS PA PEQUENA";"800";"1,000";"6,99";"6,99"
"9712";"KIT NIELY GOLD SH COND COMPRID FORTES";"800";"8,000";"223,34";"223,34"
"9715";"KIT NIELY GOLD SH COND LISO PROLONGADO";"800";"2,000";"59,19";"59,19"
"9716";"KIT NIELY GOLD SH COND POS QUIMICA";"800";"10,000";"290,52";"290,52"
"19754";"KIT NORMOGRAFO CRISTAL";"800";"1,000";"8,59";"8,59"
"33863";"KIT PARA INFLAR MULTIUSO 5 PCS";"800";"3,000";"17,97";"17,97"
"19757";"KIT PETECA BOLA PINPONG IDEIA ID 3942P";"800";"3,000";"14,97";"14,97"
"19758";"KIT PETS C 2 LAP APONT BOR 71619";"800";"14,000";"104,86";"104,86"
"19764";"KIT PINCEL P MAQUIAGEM 5PC CABO  ROSE";"800";"2,000";"33,98";"33,98"
"19766";"KIT PLAYER C 2 LAP APONT BOR 72183";"800";"2,000";"14,98";"14,98"
"36658";"KIT POTE MULTI SIMPLIFICG310 250 ML";"800";"1,000";"14,99";"14,99"
"19774";"KIT PT MULTI SIMPLIFIC 1 5L C 20 ";"800";"1,000";"25,90";"25,90"
"36811";"KIT REFEICAO INFANTIL C 3PCS";"800";"10,000";"79,90";"79,90"
"36651";"KIT SH C D DARLING CERAMIDAS 350ML";"800";"130,000";"1.922,70";"1.922,70"
"24366";"KIT SH CD COTTONBABY SNOOPY 200ML GOTAS CAMOMILA";"800";"25,000";"712,25";"712,25"
"19828";"KIT SH CD COTTONBABY SNOOPY 200ML TOQUE ALGODAO";"800";"11,000";"313,39";"313,39"
"33887";"KIT SH CD DOVE 350ML 175ML AMINOACIDO";"800";"76,000";"2.248,84";"2.248,84"
"33886";"KIT SH CD DOVE 350ML 175ML BOND";"800";"52,000";"2.010,58";"2.010,58"
"33889";"KIT SH CD DOVE 350ML 175ML HIALURON VIT";"800";"88,000";"2.659,42";"2.659,42"
"33890";"KIT SH CD DOVE 350ML 175ML NUTRICAO";"800";"36,000";"1.432,44";"1.432,44"
"34613";"KIT SH CD DOVE 35ML 150ML UV GLOW";"800";"45,000";"2.365,76";"1.394,75"
"34536";"KIT SH CD DOVE 400ML 200ML HIDRAT";"800";"32,000";"927,68";"927,68"
"19784";"KIT SH CD ELSEVE HIALUR 375 170ML PURE";"800";"1,000";"59,99";"59,99"
"19786";"KIT SH CD HEDERA 250ML 240ML CERAMIDAS";"800";"4,000";"51,96";"51,96"
"19787";"KIT SH CD HEDERA 250ML 240ML OLEO ARGAN";"800";"3,000";"38,97";"38,97"
"19791";"KIT SH CD NEUTROX 300ML 200ML CLASSICO";"800";"49,000";"888,73";"888,73"
"35758";"KIT SH CD NIELY GOLD 275 175ML RECONSTRUCAO";"800";"9,000";"258,21";"258,21"
"19794";"KIT SH CD NIELY GOLD 275 175ML SALVA F";"800";"15,000";"430,35";"430,35"
"19795";"KIT SH CD NIELY GOLD 300 200ML AGUA COCO";"800";"13,000";"387,45";"387,45"
"19798";"KIT SH CD NOVEX 300ML  LONGO PODEROSO";"800";"7,000";"96,23";"96,23"
"19797";"KIT SH CD NOVEX 300ML CICATRIZADOR F";"800";"357,000";"4.955,73";"4.926,73"
"19799";"KIT SH CD NOVEX 300ML OLEO ARGAN";"800";"631,000";"8.759,59";"8.729,59"
"33651";"KIT SH CD NOVEX 300ML RITUAL DORAMA";"800";"471,000";"6.540,19";"6.503,19"
"19800";"KIT SH CD NOVEX 300ML SUPER BABOSAO";"800";"409,000";"5.675,01";"5.646,01"
"19802";"KIT SH CD PANTENE 300 150ML  COLAGENO";"800";"5,000";"165,95";"165,95"
"35113";"KIT SH CD PANTENE 300 150ML BOND REPAIR";"800";"52,000";"1.725,88";"1.725,88"
"19803";"KIT SH CD PANTENE 300 150ML EQUILIBRIO";"800";"114,000";"3.783,66";"3.783,66"
"19804";"KIT SH CD PANTENE 300 150ML QUERATINA";"800";"37,000";"1.228,03";"1.228,03"
"19805";"KIT SH CD PANTENE 400 175ML BAMBU";"800";"45,000";"1.493,55";"1.493,55"
"19811";"KIT SH CD SALON LINE 200ML ORIG";"800";"11,000";"388,39";"388,39"
"19812";"KIT SH CD SALON LINE 300ML BABOSA";"800";"10,000";"199,90";"199,90"
"19813";"KIT SH CD SALON LINE 300ML HIALURONI";"800";"6,000";"119,94";"119,94"
"36077";"KIT SH CD SALON LINE 300ML OLEO DE COCO";"800";"22,000";"523,38";"523,38"
"36262";"KIT SH CD SEDA 300ML 190ML TOQUE DE SEDA";"800";"696,000";"12.505,74";"12.072,74"
"6613";"KIT SH SEDA SH 300 COND 190ML BABOSA OLEOS";"800";"402,000";"7.109,38";"6.863,38"
"6614";"KIT SH SEDA SH 300 COND 190ML CACHOS DEFINIDO";"800";"104,000";"1.861,06";"1.787,66"
"6615";"KIT SH SEDA SH 300 COND 190ML CERAMIDAS";"800";"1.121,000";"20.181,79";"19.510,69"
"6617";"KIT SH SEDA SH 300 COND 190ML LISO PERFEITO";"800";"1.216,000";"21.910,04";"21.168,04"
"6618";"KIT SH SEDA SH 300 COND 190ML LUMINIOUS UV";"800";"536,000";"9.474,14";"9.262,24"
"19807";"KIT SH+CD SALLON LINDA 240ML CACHEADOS";"800";"13,000";"116,87";"116,87"
"19809";"KIT SH+CD SALLON LINDA 240ML POS QUIM";"800";"24,000";"215,76";"215,76"
"6629";"KIT SH300ML COND SALON LINE 300ML ORIGINAL";"800";"8,000";"159,92";"159,92"
"11263";"KIT SOPA";"800";"1.815,603";"35.082,47";"35.082,47"
"38502";"KIT SOPA PCT 700G";"800";"28,000";"503,72";"503,72"
"34040";"KIT TALHERES 2PCS 18X8 SUPORTE GIRAFA";"800";"5,000";"69,95";"69,95"
"19832";"KIT UTEN SIL 2PC MINICANDT";"800";"1,000";"15,99";"15,99"
"19833";"KIT UTEN SIL C/SUPOR DULCE CINZ 7PC";"800";"2,000";"115,98";"115,98"
"19834";"KIT UTEN SIL C/SUPOR DULCE FENDI 7PC";"800";"3,000";"179,70";"179,70"
"19835";"KIT UTEN SIL DULCET 7PC";"800";"1,000";"59,90";"59,90"
"11264";"KIWI KG";"800";"658,153";"19.739,90";"19.739,90"
"38520";"KIWI KG PICADO";"800";"1,444";"57,61";"57,61"
"11268";"KIWI NACIONAL";"800";"0,360";"6,11";"6,11"
"19844";"L MOVEIS POLWAX 200ML JASMIN";"800";"33,000";"222,09";"222,09"
"19845";"L MOVEIS POLWAX 200ML LAVANDA";"800";"86,000";"572,00";"572,00"
"19846";"L MOVEIS POLWAX 200ML MADEIRA";"800";"22,000";"142,78";"142,78"
"19847";"L MOVEIS POLWAX 200ML MAGNOLIA";"800";"41,000";"269,39";"269,39"
"493";"LA TEQUILA PRATA VD 900ML";"800";"1,000";"39,99";"39,99"
"19866";"LACO P CABELO INF C 2";"800";"26,000";"259,74";"259,74"
"19867";"LACO P CABELO INF COLORIDO";"800";"59,000";"589,41";"589,41"
"19871";"LACRE P/EMBALAGENS C/2PC BAG";"800";"2,000";"27,78";"27,78"
"11269";"LAGARTO FRIBOI PORC VACUO KG";"800";"116,547";"4.981,59";"4.871,15"
"11270";"LAGARTO FRIBOI PORC VACUO KG BDJ";"800";"42,988";"1.794,39";"1.794,39"
"11271";"LAGARTO RESERVA KG BIFE";"800";"188,923";"10.465,13";"10.034,23"
"10725";"LAGARTO RESERVA KG BIFE PALHA";"800";"3,904";"245,92";"245,92"
"11273";"LAGARTO RESERVA KG MOIDO";"800";"14,792";"638,83";"638,78"
"11274";"LAGARTO RESERVA KG PAI";"800";"4,314";"213,93";"213,93"
"11275";"LAGARTO RESERVA KG PEDACO";"800";"33,866";"1.554,84";"1.444,48"
"11737";"LAGARTO RESERVA KG PICADINHO MAGRO";"800";"2,392";"140,39";"140,39"
"11276";"LAGARTO RESERVA KG SANFONADO";"800";"2,096";"112,12";"112,12"
"19874";"LAMINA ARCO SERRA STARTOOLS 3PC";"800";"8,000";"55,92";"55,92"
"9724";"LAMINA WILKINSON BARBEAR 3UN";"800";"1.151,000";"2.303,19";"2.303,19"
"6631";"LAMP ELGIN BULBO 9W 6500K 220V";"800";"2.270,000";"7.562,30";"7.561,70"
"19875";"LAMP ELGIN BULBO LED 15W BIVOLT 6500K";"800";"6,000";"41,94";"41,94"
"19876";"LAMP ELGIN BULBO LED T 20W6500K";"800";"184,000";"1.654,16";"1.654,16"
"19877";"LAMP ELGIN BULBO LED T 30W6500K";"800";"323,000";"5.164,77";"5.164,77"
"19878";"LAMP ELGIN BULBO LED T 50W6500K";"800";"66,000";"1.913,34";"1.913,34"
"19880";"LAMP ELGIN LED BCA 12W A60";"800";"191,000";"1.059,29";"1.055,09"
"19898";"LAMP TRAM LED ALTA PTNCIA 20W 6500K";"800";"12,000";"129,48";"129,48"
"19899";"LAMP TRAM LED ALTA PTNCIA 30W 6500K";"800";"47,000";"798,53";"798,53"
"19901";"LAMP TRAM LED ALTA PTNCIA 40W 6500K";"800";"16,000";"319,84";"319,84"
"19903";"LAMP TRAM LED BULBO 9W 6500K";"800";"1,000";"3,69";"3,69"
"19907";"LAMP TRAM TP BULBO LED 9W 6500K";"800";"2.186,000";"8.610,14";"8.169,14"
"19914";"LANCH INF WHITE CAT CA3319-GF";"800";"1,000";"49,99";"49,99"
"35826";"LANCHEIRA ESC INF MASC PREM BPD21292";"800";"1,000";"29,99";"29,99"
"37026";"LANCHEIRA ESC MD9173L";"800";"1,000";"24,99";"24,99"
"36369";"LANCHEIRA TERMICA HL3596L";"800";"1,000";"39,99";"39,99"
"19930";"LANTERNA MAN 3 LAMP LED";"800";"19,000";"75,81";"75,81"
"19939";"LANTERNA RECARR LED 5X13CM RF 5406";"800";"2,000";"49,98";"49,98"
"19946";"LAP COR ACRILEX 12 CORES 9692";"800";"36,000";"503,64";"503,64"
"19947";"LAP COR BIC EVOLUTION C 12";"800";"49,000";"734,51";"734,51"
"19951";"LAP COR EVOLUTION C 12 4 LAP BIC";"800";"26,000";"493,74";"493,74"
"19952";"LAP COR EVOLUTION C 24 BIC";"800";"12,000";"323,88";"323,88"
"19954";"LAP COR MEIO RESINA ECO C/12-4225";"800";"10,000";"29,90";"29,90"
"19957";"LAP COR WOW C/12-4677";"800";"7,000";"54,95";"54,95"
"19960";"LAP EVOLUTION C BOR C 4 BIC";"800";"66,000";"771,54";"767,84"
"19961";"LAP EVOLUTION HEXA C 4 BIC";"800";"41,000";"327,59";"327,59"
"19965";"LAP HB RESINA C/BOR C/3 WOW FUN";"800";"3,000";"13,47";"13,47"
"19966";"LAP PTO BIC RESINA EVOL PIJAMAS C 3";"800";"100,000";"649,00";"649,00"
"6644";"LAPIS BIC EVOLUTION SEXT 2HB 4UN";"800";"71,000";"567,29";"567,29"
"6645";"LAPIS COR FABER CASTEL12UNLA+AP+BO ";"800";"2,000";"53,98";"53,98"
"9728";"LAPIS COR FABER CASTELL 12UN ECO";"800";"5,000";"99,95";"99,95"
"6648";"LAPIS COR LEO LEO 12 CORES KIT GAME 72306";"800";"9,000";"179,91";"179,91"
"6649";"LAPIS COR LEO LEO 12 CORES KIT REF 4203";"800";"5,000";"99,95";"99,95"
"6651";"LAPIS COR LEO LEO ECO 12 CORES REF 4220";"800";"43,000";"214,17";"214,17"
"6652";"LAPIS COR LEO&LEO ECO 12 CORES KIT REF 4317";"800";"6,000";"47,94";"47,94"
"35011";"LAPIS COR LYKE C12 CORES RESINA";"800";"14,000";"231,00";"231,00"
"35845";"LAPIS DE COR FABER CASTELL C12";"800";"12,000";"323,88";"316,88"
"35841";"LAPIS DE COR LEO LEO AQUARELA C12 ";"800";"6,000";"155,94";"155,94"
"35847";"LAPIS DE COR LEO LEO SEXTAVADO C12";"800";"7,000";"137,83";"137,83"
"34937";"LAPIS DE COR LYKE RESINA C12";"800";"43,000";"204,25";"202,99"
"34940";"LAPIS DE COR LYKE RESINA C12 CORES";"800";"177,000";"752,25";"752,25"
"35008";"LAPIS DE COR LYKE RESINA C36 CORES";"800";"9,000";"152,91";"152,91"
"36419";"LAPIS DE COR RESINA C 36 LEO LEO";"800";"2,000";"37,00";"37,00"
"36984";"LAPIS DE COR RESINA LEO LEO C 24";"800";"9,000";"89,91";"89,91"
"35862";"LAPIS DE COR TRIANG C APONTA C 12";"800";"8,000";"111,92";"111,92"
"6656";"LAPIS LEO LEO HB 4UN REF 72151";"800";"31,000";"117,49";"117,49"
"37052";"LAPIS PRETO DECORADO BLESSED C 5";"800";"15,000";"112,35";"112,35"
"19973";"LAPISEI PLUS 2.0 BLISTER LEOELE 4771";"800";"6,000";"32,94";"32,94"
"19975";"LAPISEI VELOCITY GRAF 0 7MM BIC";"800";"21,000";"246,75";"246,75"
"34928";"LAPISEIRA PROTEC 07MM LYKE";"800";"1,000";"9,99";"9,99"
"6659";"LAQUE AERO KARINA 250ML EXTRA FORTE";"800";"23,000";"705,83";"705,83"
"6660";"LAQUE AERO KARINA 250ML TRADICIONAL";"800";"13,000";"392,78";"392,78"
"11279";"LARANJA DO CEU KG";"800";"380,470";"2.815,47";"2.815,47"
"11282";"LARANJA SUCO KG ";"800";"11.920,501";"52.041,61";"52.010,29"
"11283";"LARANJA UMBIGO IMPORTADA KG";"800";"4.140,036";"47.523,41";"47.523,38"
"11284";"LARANJA UMBIGO NACIONAL";"800";"19.736,208";"79.078,57";"79.037,13"
"6662";"LASANHA PERDIGAO 600G BOLONHESA";"800";"1.389,000";"21.429,11";"17.568,11"
"6663";"LASANHA PERDIGAO 600G CALABRESA";"800";"1.035,000";"16.049,65";"13.135,65"
"6664";"LASANHA PERDIGAO 600G FGO BACON";"800";"1.012,000";"15.546,88";"12.582,88"
"9730";"LASANHA SADIA 4 QUEIJOS 600G ";"800";"134,000";"2.276,66";"2.276,66"
"19977";"LASANHA SADIA 600G BOLON T SAB LA";"800";"202,000";"3.431,98";"3.431,98"
"19978";"LASANHA SADIA 600G CALABRESA LASC";"800";"129,000";"2.191,71";"2.191,71"
"19979";"LASANHA SADIA 600G FGO AO MOL SUG";"800";"37,000";"628,63";"628,63"
"19981";"LASANHA SADIA 600PEITO PERU DEF LAPP";"800";"140,000";"2.378,60";"2.378,60"
"19982";"LASANHA SADIA 600PRES QJO SUGO LAPQ";"800";"151,000";"2.565,49";"2.565,49"
"38280";"LAV ROUPA LIQ APYCE TUDO EM UM 3L";"800";"72,000";"1.151,28";"1.151,28"
"9733";"LAVA AUTO CENTRALSUL C CERA 500ML";"800";"42,000";"1.132,66";"1.132,66"
"19985";"LAVA AUTO CENTRALSUL HOT ROD 500ML";"800";"40,000";"370,52";"370,52"
"33962";"LAVA AUTO CONC MIL MILHAS 500ML";"800";"33,000";"263,67";"263,67"
"33963";"LAVA AUTO CONC MIL MILHAS 500ML C CERA";"800";"75,000";"599,25";"599,25"
"19984";"LAVA AUTO HOT ROD C CERA 500ML";"800";"45,000";"494,61";"482,10"
"6669";"LAVA AUTO PROAUTO 500ML AUTOCRAFT";"800";"15,000";"215,89";"209,89"
"6668";"LAVA AUTO PROAUTO 500ML C CERA";"800";"6,000";"106,95";"106,95"
"9734";"LAVA AUTO VIP CAR 500ML ";"800";"37,000";"645,30";"645,30"
"6673";"LAVA LOUCA JIMO 25UN 500G PASTILHAS";"800";"21,000";"843,81";"843,81"
"6630";"LAVA LOUCA YPE 450G PO ";"800";"52,000";"1.493,31";"1.493,31"
"9735";"LAVA ROUPA AQUA FAST 3L TERNURA";"800";"135,000";"3.945,55";"3.945,55"
"6680";"LAVA ROUPA AQUAFAST 1L BABY";"800";"114,000";"1.667,57";"1.667,57"
"6681";"LAVA ROUPA AQUAFAST 2L GLICERINA";"800";"96,000";"2.387,60";"2.387,60"
"6682";"LAVA ROUPA AQUAFAST 2L MULTIACAO";"800";"116,000";"2.870,42";"2.870,42"
"6683";"LAVA ROUPA AQUAFAST 3L MULTIACAO";"800";"230,000";"6.805,04";"6.805,04"
"6684";"LAVA ROUPA AQUAFAST 5L MULTIACAO";"800";"133,000";"6.380,19";"6.380,19"
"6686";"LAVA ROUPA ARIEL 1 2L CONCENTRADO DOWNY";"800";"21,000";"667,21";"648,81"
"6687";"LAVA ROUPA ARIEL 1 5L CLASSIC SACHE BRANCAS E COLO";"800";"44,000";"1.365,07";"1.365,07"
"6688";"LAVA ROUPA ARIEL 3L CLASSICO";"800";"40,000";"2.413,80";"2.413,80"
"6689";"LAVA ROUPA ARIEL 700ML CLASSIC REF";"800";"64,000";"963,91";"963,91"
"37784";"LAVA ROUPA BRILHANTE 3L CUID EXT";"800";"166,000";"5.523,54";"5.315,54"
"6693";"LAVA ROUPA BRILHANTE 3L DELICADEZA TOT";"800";"121,000";"4.086,49";"3.806,49"
"6694";"LAVA ROUPA BRILHANTE 3L HIGIENE TOTAL";"800";"246,000";"8.297,14";"8.004,74"
"6692";"LAVA ROUPA BRILHANTE 3L LIMPEZA TOTAL";"800";"682,000";"22.593,98";"21.805,08"
"6695";"LAVA ROUPA BRILHANTE 5L";"800";"207,000";"9.556,40";"9.556,40"
"6696";"LAVA ROUPA BRILHANTE 7L PERF ALTA PERFORMANC";"800";"6,000";"407,94";"407,94"
"6698";"LAVA ROUPA BRILHANTE 900ML LIMPEZA TOTAL";"800";"19,000";"258,21";"258,21"
"6704";"LAVA ROUPA GIRANDO SOL 2L ACAO TTAL";"800";"209,000";"4.863,97";"4.863,97"
"6705";"LAVA ROUPA GIRANDO SOL 2L COCO";"800";"226,000";"5.191,31";"5.191,31"
"6707";"LAVA ROUPA GIRANDO SOL 2L GLICERINA";"800";"131,000";"3.084,37";"3.084,37"
"6708";"LAVA ROUPA GIRANDO SOL 2L HIPOALERGINO";"800";"119,000";"2.722,84";"2.722,84"
"9736";"LAVA ROUPA OLA 1L ORIGINAL";"800";"4,000";"138,76";"138,76"
"6709";"LAVA ROUPA OLA 500ML BEBE";"800";"9,000";"173,61";"173,61"
"6710";"LAVA ROUPA OLA 500ML ORIGINAL";"800";"1,000";"19,29";"19,29"
"6711";"LAVA ROUPA OMO 1 8L ULTRA POWER";"800";"10,000";"339,90";"339,90"
"6713";"LAVA ROUPA OMO 3L LAVAGEM PERFEIT";"800";"34,000";"1.660,80";"1.660,80"
"6723";"LAVA ROUPA OMO 5L LAVAGEM PERFEITA";"800";"85,000";"5.997,53";"5.997,53"
"6725";"LAVA ROUPA OMO 7L LAVAGEM PERFEITA";"800";"180,000";"14.153,25";"13.196,69"
"6731";"LAVA ROUPA OMO 900ML LAV PERF DOYP";"800";"167,000";"3.043,46";"3.043,46"
"6726";"LAVA ROUPA OMO 900ML PURO CUI DOY ";"800";"105,000";"1.843,98";"1.843,98"
"37435";"LAVA ROUPA SUPREMA AZUL 3L";"800";"78,000";"2.339,22";"2.325,22"
"37438";"LAVA ROUPA SUPREMA VERDE 3L";"800";"68,000";"2.039,32";"2.039,32"
"6735";"LAVA ROUPA SURF 3L CUIDADO COCO";"800";"43,000";"1.520,63";"1.520,63"
"6736";"LAVA ROUPA SURF 3L LAVANDA";"800";"29,000";"1.033,16";"1.033,16"
"6738";"LAVA ROUPA SURF 900ML 5 EM 1 LAVANDA";"800";"3,000";"37,79";"37,79"
"6739";"LAVA ROUPA TIXAN 3L PRIMAVERA";"800";"27,000";"1.079,73";"1.073,64"
"6741";"LAVA ROUPA UAU 3L ACTIVE";"800";"124,000";"3.503,23";"3.503,23"
"6742";"LAVA ROUPA UAU 3L ROSA SEDUCAO";"800";"171,000";"4.800,90";"4.792,40"
"6745";"LAVA ROUPA YPE 1L C MULT ENZI POWER ACT";"800";"5,000";"88,46";"88,46"
"19991";"LAVA ROUPAS LAVA LOUCAS PRINCESA";"800";"1,000";"44,99";"44,99"
"17339";"LAVA ROUPAS LIQ BARBAREX 5L";"800";"292,000";"6.713,08";"6.713,08"
"37786";"LAVA ROUPAS OMO LAV PERF 1 8L";"800";"117,000";"3.473,73";"3.473,73"
"19996";"LAVADOR ARROZ REF 519";"800";"2,000";"17,98";"17,98"
"19998";"LAVITAN VITAMINICO AZ ORIG C 60";"800";"1,000";"29,99";"29,99"
"33222";"LC HID NEUTROG BODY 200 ML D PANTHENOL";"800";"1,000";"35,99";"35,99"
"20011";"LC HID NIVEA 200ML BODY SOFT MILK";"800";"25,000";"639,28";"639,28"
"20014";"LC HID NIVEA 200ML LOTION EXPRESS";"800";"1,000";"25,39";"25,39"
"20016";"LC HID SERUM 200G CLOY EXT ACERO";"800";"6,000";"100,14";"100,14"
"6747";"LEAVE IN SEDA 110ML LUMINOUS UV";"800";"46,000";"979,19";"979,19"
"3651";"LEITE COCO DUCOCO VD 200ML";"800";"112,000";"896,08";"896,08"
"3654";"LEITE COCO MENINA VD 200ML";"800";"631,000";"3.173,03";"3.173,03"
"3657";"LEITE COCO TRISANTI 200ML";"800";"129,000";"643,71";"643,71"
"3673";"LEITE COND ELEGE TP 395G";"800";"817,000";"5.302,33";"5.302,33"
"34712";"LEITE COND FEITO EM MINAS TP 395G SEMI";"800";"2.340,000";"11.585,60";"11.584,30"
"3679";"LEITE COND ITALAC TP 395G SEMIDESNATADO";"800";"6.311,000";"39.795,69";"39.521,85"
"3662";"LEITE COND MOCA NESTLE LT 395G";"800";"194,000";"2.714,06";"2.714,06"
"3668";"LEITE COND MOCA NESTLE TP 395G SEMIDESNATADO";"800";"1.264,000";"11.363,36";"11.363,36"
"3670";"LEITE COND MOCA NESTLE TP 395G ZERO LACTOSE";"800";"67,000";"691,13";"691,13"
"20023";"LEITE COND MOCA SEMIDESNATADO 340G";"800";"1.596,000";"11.389,48";"11.389,48"
"20024";"LEITE COND PIRACANJUBA 395G SEMIDESNAT";"800";"2.281,000";"14.575,59";"14.575,59"
"3680";"LEITE COND TRIANGULO TP 395G";"800";"6.077,000";"33.362,73";"33.340,23"
"6749";"LEITE DE COLONIA 100ML";"800";"38,000";"328,14";"328,14"
"6750";"LEITE DE COLONIA 100ML FINAL FANTAS";"800";"73,000";"636,33";"636,33"
"6772";"LEITE FERM BATAVITO BATAVO E 450G";"800";"281,000";"2.659,65";"2.659,65"
"20028";"LEITE FERM CAROLINA 115G";"800";"1.107,000";"2.756,43";"2.756,43"
"20029";"LEITE FERM CAROLINA 1250G BAUNILHA";"800";"46,000";"783,54";"783,54"
"20030";"LEITE FERM CAROLINA 1250G MOR";"800";"38,000";"657,62";"657,62"
"20031";"LEITE FERM CAROLINA 450G";"800";"228,000";"2.241,72";"2.241,72"
"6773";"LEITE FERM ELEGE 1150G";"800";"127,000";"1.811,83";"1.811,83"
"6777";"LEITE FERM ELEGE 160G UVA";"800";"144,000";"516,96";"516,96"
"20032";"LEITE FERM ELEGE BOB 160G MOR";"800";"414,000";"1.486,26";"1.486,26"
"20033";"LEITE FERM ELEGE BOB 160G TRAD";"800";"157,000";"563,63";"563,63"
"9748";"LEITE FERM ELEGE BOB 80G MOR";"800";"2.315,000";"3.615,05";"3.615,05"
"9749";"LEITE FERM ELEGE BOB 80G TRAD";"800";"3.018,000";"4.727,50";"4.727,50"
"9750";"LEITE FERM ELEGE BOB 80G UVA";"800";"2.733,000";"4.270,85";"4.270,85"
"38398";"LEITE FERM UNIBABY GF 850G";"800";"14,000";"209,86";"209,86"
"6785";"LEITE LV EDGE ELEGE 1L DESNATADO";"800";"1.016,000";"5.395,44";"5.395,44"
"6781";"LEITE LV EDGE ELEGE 1L INTEGRAL";"800";"6.839,000";"37.099,21";"37.035,69"
"6786";"LEITE LV EDGE ELEGE 1L SEMI DESNATADO";"800";"847,000";"4.561,93";"4.561,93"
"6787";"LEITE LV ELEGE 1L ZERO LAC SEMI DES";"800";"4.105,000";"20.914,15";"20.905,35"
"6780";"LEITE NINHO UHT TP LEVINHO 1L SEMI DESNATADO";"800";"859,000";"5.617,01";"5.617,01"
"2667";"LEITE PO CCGL DESNATADO SH 400G";"800";"115,000";"2.466,50";"2.466,50"
"2725";"LEITE PO CCGL INTEGRAL SH 1000G";"800";"251,000";"10.047,49";"9.940,69"
"2710";"LEITE PO CCGL INTEGRAL SH 200G INSTANTANEO";"800";"843,000";"7.516,35";"7.516,35"
"2723";"LEITE PO CCGL INTEGRAL SH 400G";"800";"387,000";"6.691,23";"6.685,23"
"2713";"LEITE PO CCGL INTEGRAL SH 400G INSTANTANEO";"800";"345,000";"5.965,05";"5.965,05"
"2663";"LEITE PO DOBON SH 400G COMPOSTO VITAM";"800";"225,000";"4.250,25";"4.250,25"
"2663";"LEITE PO DOBON SH 400G COMPOSTO VITAM";"810";"4,000";"75,56";"75,56"
"2668";"LEITE PO ELEGE DESNATADO SH 400G";"800";"405,000";"6.880,95";"6.880,95"
"2724";"LEITE PO ELEGE INTEGRAL SH 400G";"800";"1.400,000";"23.786,00";"23.786,00"
"2666";"LEITE PO MOLICO DESNATADO LT 280G CALCIO";"800";"14,000";"406,07";"406,07"
"2669";"LEITE PO MOLICO LT 260G FIBRAS";"800";"19,000";"489,32";"489,32"
"2680";"LEITE PO MOLICO LT 260G ZERO LACTOSE";"800";"23,000";"644,96";"644,96"
"33695";"LEITE PO NINHO 10 PCT GTS SH 350G INTEGRAL";"800";"3,000";"71,97";"71,97"
"20037";"LEITE PO NINHO INT INSTANT LT 380G";"800";"56,000";"1.584,24";"1.584,24"
"2683";"LEITE PO NINHO INTEGRAL LT 380G FORT MAIS";"800";"42,000";"1.068,46";"1.068,46"
"2720";"LEITE PO NINHO INTEGRAL SH 350G";"800";"66,000";"1.632,54";"1.632,54"
"2719";"LEITE PO NINHO INTEGRAL SH 350G INSTANTANEO";"800";"137,000";"3.421,45";"3.421,45"
"2676";"LEITE PO NINHO LT 280G ZERO LACTOSE";"800";"44,000";"1.229,09";"1.229,09"
"2670";"LEITE PO NINHO LT 400G PRIMEIRA INFANCIA";"800";"14,000";"389,50";"389,50"
"2673";"LEITE PO NINHO SEMIDES AD LT 350G";"800";"25,000";"677,77";"677,77"
"33259";"LEITE PO PARMALAT SH 300G MAX ZERO LACT";"800";"82,000";"1.778,58";"1.775,88"
"2707";"LEITE PO QUALITEM INTEGRAL SH 120G INSTANTANEO";"800";"859,000";"4.547,49";"4.547,49"
"31358";"LEITE PO STA CLARA SH 360G INTEGRAL";"800";"430,000";"7.477,70";"7.477,70"
"6798";"LEITE SANTA CLARA 1L SENIOR 50";"800";"1.662,000";"9.664,08";"9.658,08"
"6799";"LEITE SANTA CLARA 1L ZERO LACTOSE";"800";"3.690,000";"19.746,90";"19.719,90"
"9741";"LEITE SANTA CLARA LV SEMI DESN 1L";"800";"4.840,000";"24.250,02";"24.174,32"
"9751";"LEITE SANTA CLARA UHT INT 1L";"800";"93.501,000";"468.333,23";"465.484,58"
"9756";"LEITE TIROL INTEGRAL ZR LACTOSE 1L";"800";"4.541,000";"24.211,59";"24.205,49"
"6796";"LEITE UHT MOLICO 1L ZERO LACTOSE";"800";"750,000";"5.033,50";"5.033,00"
"6800";"LEITE UHT MOLICO TP 1L DESNAT";"800";"638,000";"4.151,22";"4.151,22"
"6790";"LEITE UHT NINHO 1L ZERO LACTOSE";"800";"1.446,000";"11.374,74";"11.361,14"
"6791";"LEITE UHT PET ELEGE 1L DESNATADO";"800";"745,000";"4.010,15";"4.010,15"
"6792";"LEITE UHT PET ELEGE 1L INTEGRAL";"800";"6.103,000";"30.972,87";"30.970,87"
"6793";"LEITE UHT PET ELEGE 1L SEMI DESNATADO";"800";"409,000";"2.205,11";"2.205,11"
"6797";"LEITE UHT PIRACANJUBA 1L SEMI DES ZR LAC";"800";"3.989,000";"23.053,31";"23.048,31"
"9745";"LEITE UHT SANTA CLARA DESN 1L";"800";"2.957,000";"14.938,17";"14.859,77"
"33833";"LEITE UHT TIROL 1L BIO CICLOS";"800";"504,000";"4.372,26";"4.372,26"
"6795";"LEITE UHT TIROL 1L ZERO LAC";"800";"4.870,000";"26.432,30";"26.422,70"
"6784";"LEITE UHT TIROL C TAMP 1L SEMI DESN";"800";"5.054,000";"22.488,64";"21.804,60"
"6782";"LEITE UHT TIROL C TAMPA 1L DESN";"800";"5.024,000";"23.751,96";"23.243,86"
"6783";"LEITE UHT TIROL C TAMPA 1L INTEGRAL";"800";"162.351,000";"779.295,33";"753.023,28"
"6801";"LEITE UHT TP NINHO 1L INTEGRAL";"800";"3.220,000";"21.044,40";"21.044,20"
"20046";"LELECA BALCAO DAS MAGICAS 125G";"800";"46,000";"229,54";"229,54"
"31369";"LENC CASAL C/ELAST SLIM DUN 1,88MX28CM";"800";"1,000";"69,90";"69,90"
"20064";"LENC CASAL CORTTEX 200F MICROTEC";"800";"124,000";"3.643,60";"3.643,60"
"20069";"LENC SOLT C/ELAST SERENA AZUL";"800";"1,000";"28,99";"28,99"
"20073";"LENC SOLT C/ELAST SERENA VERDE";"800";"1,000";"28,99";"28,99"
"37854";"LENCO CAIPIRA TAMANHO P";"800";"1,000";"6,99";"6,99"
"20079";"LENCO P DEPILAR NEEZ 20UN";"800";"2,000";"13,98";"13,98"
"6802";"LENCO PAP KLEENEX 50UN KIDS ";"800";"21,000";"146,19";"146,19"
"20080";"LENCO PAPEL ELITE C 50";"800";"27,000";"94,23";"94,23"
"6804";"LENCO PAPEL KLEENEX LV60 PG50 ";"800";"19,000";"129,57";"129,57"
"38106";"LENCO UMED DOBLE BABY C 45";"800";"78,000";"1.067,82";"1.067,82"
"20085";"LENCO UMED DOBLE C 45 UN";"800";"17,000";"287,13";"287,13"
"20086";"LENCO UMED GENIAL PET FEMEAS";"800";"2,000";"31,98";"31,98"
"20087";"LENCO UMED GENIAL PET FILHOTES";"800";"3,000";"47,97";"47,97"
"20088";"LENCO UMED GENIAL PET MACHOS";"800";"1,000";"15,99";"15,99"
"33223";"LENCOL QUEEN MICROTEC 200F CORTTEX SORT";"800";"12,000";"445,79";"425,79"
"34340";"LENCOL SOLT 200F MICROTEC CORTTEX";"800";"28,000";"671,72";"671,72"
"20097";"LENHA P FOGAO 10K";"800";"522,000";"11.797,59";"11.797,59"
"2385";"LENTILHA BELLA DICA 400G";"800";"4.401,000";"32.250,29";"27.703,09"
"33442";"LENTILHA JUREIA 400G";"800";"3.713,000";"25.954,25";"25.954,25"
"2382";"LENTILHA YOKI TP2 400G";"800";"3.829,000";"30.593,71";"30.593,71"
"37229";"LICOREIRA VD GARBUS 450ML WX6335";"800";"1,000";"14,90";"14,90"
"3801";"LIGA NEUTRA SELECT 100G";"800";"1,000";"8,99";"8,99"
"6826";"LIM BANH MR MUSC RF 30 DESC 400ML";"800";"26,000";"443,80";"443,80"
"6827";"LIMA METAL MERHEJE SAFIRA";"800";"1,000";"11,79";"11,79"
"11287";"LIMAO SICILIANO IMPORTADO KG";"800";"171,126";"3.249,70";"3.249,70"
"11288";"LIMAO TAITI KG";"800";"5.723,682";"22.899,91";"22.866,29"
"34817";"LIMAO TAITI KG BA";"800";"19,928";"46,00";"46,00"
"6832";"LIMP AJAX 1L FRESH";"800";"6,000";"125,40";"125,40"
"6833";"LIMP AJAX 1L FRESH LEMON";"800";"19,000";"381,56";"381,56"
"6848";"LIMP ALCOOL SUPER VALE 1L BICABORN";"800";"562,000";"3.647,38";"3.582,88"
"20120";"LIMP AQUAFAST DESENG 500ML LIMAO PULV";"800";"32,000";"634,83";"634,83"
"9769";"LIMP AQUAFAST PERF 20 DESC 2L DOCE ROMANCE";"800";"3,000";"56,37";"56,37"
"6849";"LIMP BANH MR MUSC 20 500ML SQUEEZ";"800";"18,000";"338,39";"338,39"
"6850";"LIMP BANHEIRO VEJA X14 400ML TIRA LIMO REFIL";"800";"57,000";"914,30";"914,30"
"6853";"LIMP BRAVO 500ML RF LAVANDA";"800";"8,000";"188,00";"188,00"
"20126";"LIMP CASA PISOS LIMPA PORCEL 750ML";"800";"18,000";"299,00";"299,00"
"34594";"LIMP CIF BANHEIRO SQUEEZE 500ML";"800";"7,000";"139,93";"139,93"
"35694";"LIMP CIF CREMOSO 450M LIMP MILAGROSA";"800";"78,000";"1.378,26";"1.378,26"
"9777";"LIMP CIF ULT RA CLOR TIRA LIM 500ML";"800";"2,000";"51,98";"51,98"
"9778";"LIMP COALA PERFUMADO 120ML CHA BRANCO";"800";"181,000";"2.640,79";"2.640,79"
"6855";"LIMP COZ MR MUSC 20 500ML SQUEEZE";"800";"22,000";"362,06";"362,06"
"6856";"LIMP COZ MR MUSC 20 DES 400ML REF";"800";"37,000";"558,35";"558,35"
"6858";"LIMP COZ MR MUSC GR 500ML 100ML AP";"800";"11,000";"313,07";"313,07"
"6859";"LIMP COZINHA MR MUSC 500ML AP LIMAO";"800";"4,000";"118,00";"118,00"
"6860";"LIMP DESTAC 20PCT GTS 750ML LAMINADO";"800";"5,000";"116,10";"116,10"
"6861";"LIMP DESTAC 750ML CERAMICA";"800";"5,000";"126,10";"126,10"
"6862";"LIMP DESTAC 750ML MADEIRA";"800";"9,000";"218,05";"218,05"
"9762";"LIMP DESTAC DIL RF 500ML BRISA LAVANDA";"800";"24,000";"483,60";"483,60"
"6863";"LIMP DESTAC20 DESC500ML DILUI LAVAN";"800";"12,000";"253,80";"253,80"
"35780";"LIMP HARPIC CLORO FORTE SQZ 750ML";"800";"43,000";"700,47";"700,47"
"35692";"LIMP HARPIC MARINE POWER 750ML PLUX";"800";"29,000";"472,41";"472,41"
"6890";"LIMP M USO UAU 500ML FLORES FOLHAS";"800";"118,000";"713,02";"713,02"
"6865";"LIMP M USO VEJA 10DESC500ML OR AZUL";"800";"112,000";"788,52";"788,52"
"6867";"LIMP M USO VEJA 500ML JOJO MARCA ENVOLV";"800";"40,000";"462,58";"462,58"
"6868";"LIMP M USO VEJA 500ML JOJO MODER PODEROSA";"800";"33,000";"382,94";"382,94"
"6870";"LIMP M USO VEJA 500ML POWER FUSION LARANJA";"800";"50,000";"576,09";"576,09"
"6871";"LIMP M USO VEJA 500ML POWER FUSION LIMAO";"800";"64,000";"733,48";"733,48"
"6873";"LIMP M USO YPE 500ML C/ALCOOL";"800";"51,000";"351,39";"351,39"
"6874";"LIMP M USO YPE 500ML CLASSICO";"800";"91,000";"626,99";"626,99"
"6875";"LIMP M USO YPE 500ML NAT C ODOR";"800";"69,000";"475,41";"475,41"
"6877";"LIMP M USO YPE 500ML TIRA MANCHAS";"800";"74,000";"509,86";"509,86"
"20142";"LIMP MR MUSCULO PLATINUM BF 500ML LAR";"800";"2,000";"59,18";"59,18"
"20143";"LIMP MR MUSCULO PLATINUM SH 400ML LAR";"800";"22,000";"351,78";"351,78"
"20144";"LIMP MR MUSCULO PLATINUM SH 400ML LAVAND";"800";"8,000";"127,92";"127,92"
"6882";"LIMP MULT CIF GTS 15 500ML ANTIBAC ";"800";"58,000";"457,62";"457,62"
"6884";"LIMP MULT Q BOA 500ML LAVANDA";"800";"46,000";"234,48";"234,48"
"6885";"LIMP MULT Q BOA 500ML USO";"800";"59,000";"298,05";"298,05"
"6886";"LIMP MULTI CIF 500ML ANTIBAC";"800";"109,000";"1.066,91";"1.066,91"
"6888";"LIMP MULTI UAU 500ML ELIMINADOR ODOR";"800";"98,000";"588,62";"588,62"
"6889";"LIMP MULTI UAU 500ML FLORAL";"800";"141,000";"855,09";"855,09"
"6891";"LIMP MULTI UAU 500ML FLORES FRESCOR";"800";"108,000";"648,72";"648,72"
"6892";"LIMP MULTI UAU 500ML LAVANDA";"800";"138,000";"838,62";"838,62"
"6893";"LIMP MULTI UAU 500ML LIMAO C/CANFORA";"800";"52,000";"307,48";"307,48"
"6894";"LIMP MULTI UAU 500ML ROSAS E SEDUCAO";"800";"156,000";"950,34";"950,34"
"6831";"LIMP MULTI USO AJAX 1L F FLORES BOUQUE";"800";"12,000";"183,52";"183,52"
"9764";"LIMP MULTI USO AJAX BQ FLORES 1L LAVANDA";"800";"83,000";"1.278,75";"1.278,75"
"6838";"LIMP MULTI USO AJAX BQ FLORES 500ML FESTA FLORES";"800";"69,000";"490,59";"490,59"
"6839";"LIMP MULTI USO AJAX BQ FLORES 500ML FLORES CAMPO";"800";"123,000";"894,36";"894,36"
"6841";"LIMP MULTI USO AJAX BQ FLORES 500ML FLORES LAVANDA";"800";"264,000";"2.213,12";"2.213,12"
"20109";"LIMP MULTI USO AJAX MAR FLORES 1L FESTA FLORES";"800";"47,000";"704,53";"704,53"
"6878";"LIMP MULTIUSO VEJA 10PCT DESC 500ML CAMPEST";"800";"74,000";"518,46";"518,46"
"6879";"LIMP MULTIUSO VEJA 10PCT DESC 500ML FLORAL";"800";"93,000";"659,15";"659,15"
"6880";"LIMP MULTIUSO VEJA 10PCT DESC 500ML LAVANDA";"800";"160,000";"1.127,06";"1.127,06"
"36732";"LIMP PERF AQUAFAST 2L FRESCOR MANHA";"800";"54,000";"1.014,66";"1.014,66"
"36733";"LIMP PERF AQUAFAST 2L SEDUCAO";"800";"29,000";"544,91";"544,91"
"20146";"LIMP PERF COALA ESSENCIA 120ML ALGAS";"800";"19,000";"265,81";"265,81"
"36802";"LIMP PERF COALA ESSENCIA F CACTO120";"800";"12,000";"104,28";"104,28"
"37715";"LIMP PERF COALA SOL DO BRASIL 120ML";"800";"22,000";"191,18";"191,18"
"33674";"LIMP PERF SAIF CONCENTRADO 120ML BAMBU";"800";"132,000";"1.635,48";"1.635,48"
"33675";"LIMP PERF SAIF CONCENTRADO 120ML CITRONELA";"800";"80,000";"991,20";"991,20"
"33678";"LIMP PERF SAIF CONCENTRADO 120ML KAIAK";"800";"73,000";"904,47";"904,47"
"33679";"LIMP PERF SAIF CONCENTRADO 120ML LAVANDA";"800";"127,000";"1.573,53";"1.573,53"
"33676";"LIMP PERF SAIF CONCENTRADO 120ML MAGIA E SEDUCAO";"800";"66,000";"817,74";"817,74"
"33677";"LIMP PERF SAIF CONCENTRADO 120ML PITANGA";"800";"39,000";"483,21";"483,21"
"37737";"LIMP PERF UAU CHA BRANCO 500ML";"800";"257,000";"2.053,43";"2.053,43"
"37728";"LIMP PERF UAU CHA BRANCO PROMO 1 8L";"800";"17,000";"305,83";"305,83"
"6905";"LIMP PERF YPE 1L AZ TROPICAL";"800";"23,000";"206,77";"206,77"
"6907";"LIMP PERF YPE 1L JARDIM SECRETO";"800";"62,000";"557,38";"557,38"
"6908";"LIMP PERF YPE 500ML DOCE VIDA";"800";"131,000";"889,49";"888,09"
"6909";"LIMP PERF YPE 500ML JARDIM SECRETO";"800";"92,000";"624,68";"624,68"
"20147";"LIMP PERF YPE MIST NAT FR 500ML";"800";"3,000";"15,87";"15,87"
"38415";"LIMP PERFUMADO SAIF AMEIXA 120ML";"800";"6,000";"65,94";"65,94"
"6910";"LIMP PERFUMES VEJA 500ML FLORES DO MEDIT";"800";"58,000";"408,06";"408,06"
"6911";"LIMP PERFUMES VEJA 500ML LAVANDA DA FRAN";"800";"141,000";"1.012,23";"1.012,23"
"6843";"LIMP PES AJAX 500ML FRESH BLUE";"800";"66,000";"861,18";"861,18"
"6845";"LIMP PES AJAX 500ML FRESH LEMON";"800";"66,000";"859,05";"859,05"
"20107";"LIMP PES AJAX FRESH 1L LIMAO";"800";"55,000";"951,28";"951,28"
"6913";"LIMP PES VEJA 20PCTO DESC 1L CLORO ATIVO2EM1";"800";"37,000";"929,28";"929,28"
"6914";"LIMP PES VEJA 20PCTO DESC 1L ORIGINAL";"800";"28,000";"653,17";"653,17"
"6915";"LIMP PES VEJA LV500PG400ML CLORO 2EM1";"800";"83,000";"1.088,46";"1.088,46"
"6916";"LIMP PES VEJA LV500PG400ML ORIGINAL";"800";"77,000";"997,77";"997,77"
"6919";"LIMP PESADA YPE 1L ORIGINAL";"800";"26,000";"468,86";"468,86"
"9781";"LIMP PISO LAMINADO DESTAC 750ML LAVANDA";"800";"1,000";"30,90";"30,90"
"6922";"LIMP PNEUS AUTOCRAFT 500ML";"800";"2,000";"30,40";"30,40"
"6924";"LIMP SANIT PATO L750 P500ML LAVANDA";"800";"47,000";"1.174,53";"1.174,53"
"9792";"LIMP SUPER DOM ESTOFADOS SPR 300ML ";"800";"4,000";"79,00";"79,00"
"6925";"LIMP TIRA LIM CIF 500ML CLORO SPRAY";"800";"17,000";"414,99";"414,99"
"6926";"LIMP UAU 500ML BRISA FRESCOR";"800";"122,000";"919,30";"919,30"
"6928";"LIMP UAU 500ML FLORES DO SONHO";"800";"110,000";"843,58";"843,58"
"6929";"LIMP UAU 500ML FLORES SEDUCAO";"800";"45,000";"343,19";"343,19"
"6930";"LIMP UAU 500ML LAVANDA CONFORT";"800";"137,000";"1.048,35";"1.048,35"
"6931";"LIMP UAU 500ML REQUINTE";"800";"73,000";"559,23";"559,23"
"6932";"LIMP UAU LV1L PG800ML FLORES VERMELHA";"800";"107,000";"1.010,87";"1.010,87"
"6933";"LIMP UAU LV1L PG800ML LAVANDA CONFORT";"800";"171,000";"1.646,63";"1.646,63"
"9794";"LIMP UAU PERFUMES 500ML NATUREZA HARMON";"800";"131,000";"990,05";"990,05"
"6935";"LIMP USO GERAL VEJA LV1L PG700ML FLORES MEDIT";"800";"104,000";"1.156,56";"1.156,56"
"6936";"LIMP USO GERAL VEJA LV1L PG700ML JASMIM CARIBE";"800";"90,000";"914,21";"914,21"
"6937";"LIMP USO GERAL VEJA LV1L PG700ML LAV BEM ESTAR";"800";"55,000";"566,53";"566,53"
"37471";"LIMP VEJA BANHEIRO ANTBAC LAV 500ML";"800";"5,000";"99,95";"99,95"
"6918";"LIMP VEJA L PES POWER FUS 500ML LIMAO";"800";"4,000";"66,76";"66,76"
"20154";"LIMP VEJA M USO 750ML ORIG";"800";"88,000";"747,12";"747,12"
"20155";"LIMP VEJA M USO P FUSION 500ML COCO";"800";"30,000";"342,97";"342,97"
"20157";"LIMP VEJA PERF SENS 2L JASMIM";"800";"43,000";"886,77";"886,77"
"35722";"LIMP VEJA PERFUMES 1L MARCANTE";"800";"28,000";"302,12";"302,12"
"35720";"LIMP VEJA PERFUMES 1L MODERNO";"800";"23,000";"248,17";"248,17"
"35693";"LIMP VEJA PERFUMES 1L TULIPA";"800";"27,000";"291,33";"291,33"
"9797";"LIMP VEJA PERFUMES 2L FLORES MEDITER";"800";"22,000";"455,61";"455,61"
"9796";"LIMP VEJA PERFUMES 30PCT DESC 2L LAVANDA FRANCA";"800";"82,000";"1.670,11";"1.670,11"
"36116";"LIMP VEJA PERFUMES LIRIO DO NILO 1L";"800";"49,000";"528,71";"526,91"
"10457";"LIMP VEJA PES MULTI USO GOLD 500ML FLORAL CAMP";"800";"8,000";"150,00";"150,00"
"6939";"LIMP VIDRO AQUAFAST 500ML";"800";"65,000";"604,85";"604,85"
"6938";"LIMP VIDRO AQUAFAST 500ML BORRIFAD";"800";"28,000";"591,90";"591,90"
"20161";"LIMP VIDROS ZAVASKI AP 500ML";"800";"45,000";"791,38";"791,38"
"20162";"LIMP VIDROS ZAVASKI RF 500ML";"800";"41,000";"323,49";"323,49"
"10473";"LIMP YPE PERFUMADO 500ML AMOR DE VERAO";"800";"52,000";"353,08";"353,08"
"10474";"LIMP YPE PERFUMADO 500ML AZUL TROPICAL";"800";"33,000";"224,07";"224,07"
"20165";"LIMP YPE PESADA 500ML LEMON";"800";"10,000";"105,00";"105,00"
"9790";"LIMPA AIR FRYER SUPER DOM 250ML";"800";"23,000";"464,32";"464,32"
"34500";"LIMPA BOX SUPER DOM 500ML CHA BCO";"800";"11,000";"235,29";"235,29"
"6942";"LIMPA CARPETE VANISH 500ML R2000";"800";"10,000";"356,54";"356,54"
"6944";"LIMPA FORNO E FOGAO EASY OFF 275G";"800";"12,000";"414,00";"414,00"
"20178";"LIMPA P BRISAS MAXXI VISAO SH 100ML";"800";"21,000";"154,49";"154,49"
"33967";"LIMPA PNEUS MIL MILHAS 485ML";"800";"48,000";"383,52";"383,52"
"6951";"LIMPA VDO VIDREX 20PCT DESC 500ML C ALCOOL";"800";"42,000";"623,34";"623,34"
"6954";"LIMPA VDO VIDREX 30PCT DESC 500ML PULV";"800";"14,000";"390,46";"390,46"
"6940";"LIMPA VIDRO CIF 500ML SQUEEZE";"800";"10,000";"199,90";"199,90"
"6941";"LIMPA VIDRO MR MUSC 400ML RF";"800";"16,000";"250,00";"250,00"
"6952";"LIMPA VIDRO VIDREX RF 500ML CRISTAL";"800";"1,000";"32,50";"32,50"
"11349";"LING AURORA CHURRASCO 700G";"800";"1.109,000";"18.768,91";"18.749,91"
"11295";"LING CALAB KG";"800";"4.755,929";"131.858,36";"114.532,54"
"34452";"LING CALAB KG RETALHO";"800";"160,006";"2.227,57";"2.227,57"
"35297";"LING CALAB MAIS FRANGO KG";"800";"463,990";"7.017,95";"7.017,95"
"31395";"LING CALAB PAMPLONA DEF 400G";"800";"302,000";"4.551,00";"4.551,00"
"11290";"LING CALAB PAMPLONA FINA 240G";"800";"389,000";"4.158,41";"4.158,41"
"11291";"LING CALAB PERDIGAO 400G LCV";"800";"140,000";"2.599,10";"2.599,10"
"11294";"LING CALAB PERDIGAO CURTA KG INT";"800";"73,632";"3.783,95";"3.783,95"
"11296";"LING CALAB SADIA 400G";"800";"155,000";"3.092,77";"3.092,77"
"11297";"LING CALAB SADIA CURADA KG";"800";"516,250";"15.946,75";"15.946,75"
"11298";"LING CALAB SADIA DEF KG";"800";"153,735";"5.516,63";"5.516,63"
"11346";"LING CALAB SADIA DEF KG FINA BDJ";"800";"196,184";"7.040,50";"7.040,50"
"11303";"LING CALAB STA CLARA FINA 195G";"800";"915,000";"11.519,85";"11.519,85"
"11305";"LING CALAB STA CLARA GROSSA 300G";"800";"362,000";"6.476,18";"6.476,18"
"34524";"LING CHURRAS PERDIGAO NA BRASA 700G";"800";"180,000";"4.462,20";"4.462,20"
"11306";"LING EXCELSIOR DEF FINA 215G";"800";"925,000";"10.998,25";"10.992,45"
"35463";"LING FGO MAIS FRANGO CONG 700G";"800";"2.166,000";"29.503,16";"25.472,62"
"11361";"LING LAR FGO CONG 700G";"800";"1.799,000";"26.772,61";"26.637,57"
"11310";"LING MISTA ALEGRETE C PIM KG";"800";"12,076";"501,03";"501,03"
"11313";"LING MISTA ALEGRETE C QJO PROVOL KG";"800";"0,712";"36,96";"36,96"
"11318";"LING MISTA C BACON E CALAB KG";"800";"72,399";"3.750,32";"3.691,33"
"11320";"LING MISTA C PIM KG";"800";"33,543";"1.920,70";"1.877,12"
"11321";"LING MISTA C PIMENTAO KG";"800";"22,737";"910,95";"910,95"
"11359";"LING MISTA C QJO PROVOLONE KG";"800";"73,608";"4.236,08";"4.236,08"
"11316";"LING MISTA CASEIRA ALEGRETE KG";"800";"984,995";"34.467,90";"29.251,08"
"11317";"LING MISTA CASEIRA ALEGRETE KG BDJ";"800";"70,132";"2.016,14";"2.016,14"
"11325";"LING MISTA CASEIRA C QJO KG";"800";"87,003";"5.535,76";"5.535,76"
"11327";"LING MISTA CASEIRA ITAQUI KG";"800";"170,260";"5.843,82";"4.833,79"
"11328";"LING MISTA CASEIRA ITAQUI KG BDJ";"800";"498,011";"18.050,34";"15.268,47"
"11323";"LING MISTA CASEIRA KG";"800";"7.403,433";"264.866,71";"232.011,65"
"11324";"LING MISTA CASEIRA KG BDJ";"800";"1.065,048";"38.626,40";"32.507,30"
"11326";"LING MISTA CORTADA A FACA KG";"800";"104,010";"4.478,79";"4.444,83"
"11329";"LING MISTA NOBRE 700G";"800";"5.739,000";"90.412,76";"81.318,45"
"11331";"LING MISTA OVELHA KG";"800";"0,300";"13,05";"13,05"
"11332";"LING MISTA SAO BORJA CASEIRA KG";"800";"563,896";"20.096,36";"16.835,37"
"11333";"LING MISTA SAO BORJA CASEIRA KG BDJ";"800";"290,667";"10.221,36";"8.939,55"
"11334";"LING MISTA STA CLARA DEF KG";"800";"68,344";"3.859,77";"3.859,77"
"11344";"LING MISTA TOM SECO E RUCULA 1KG";"800";"51,192";"2.997,91";"2.997,91"
"11367";"LING P CHURRASCO SADIA 700G";"800";"11.861,000";"199.880,54";"122.990,91"
"35197";"LING PERDIGAO NA BRASA 700G FGO";"800";"117,000";"2.994,03";"2.993,13"
"11348";"LING SUINA STA CLARA DEF KG";"800";"10,858";"710,89";"710,89"
"11352";"LING TOSC PAMPLONA RESF KG";"848";"908,000";"16.837,84";"16.837,84"
"11352";"LING TOSC PAMPLONA RESF KG";"800";"5.276,100";"115.952,14";"104.377,43"
"11351";"LING TOSC PAMPLONA RESF KG BDJ";"800";"7.253,133";"159.440,25";"150.955,40"
"34843";"LING TOSC PERDIGAO FRESCAL 700G";"800";"778,000";"14.517,02";"14.517,02"
"31415";"LING TOSC SADIA 700G";"800";"56,000";"1.454,44";"1.454,44"
"11350";"LING TOSCANA EXCELSIOR 800G";"800";"1.073,000";"21.127,37";"21.127,37"
"11354";"LING TOSCANA PERDIGAO QJO COAL 600G";"800";"118,000";"3.774,82";"3.774,82"
"11355";"LINGUA BOV CONG KG";"800";"1.850,534";"28.276,46";"28.276,46"
"11356";"LINGUA BOV CONG KG BDJ";"800";"3,810";"53,30";"53,30"
"20179";"LINHA PESCA 0 25 100M ";"800";"3,000";"38,97";"38,97"
"20180";"LINHA PESCA 0 40 100M ";"800";"3,000";"50,97";"50,97"
"3111";"LINHACA CERELUS 500G";"800";"27,000";"518,13";"518,13"
"3096";"LINHACA DOURADA CERELUS 250G";"800";"33,000";"455,07";"455,07"
"3098";"LINHACA DOURADA CERELUS 250G MOIDA";"800";"1,000";"15,50";"15,50"
"3085";"LINHACA DOURADA EQUIL SAUDAVEL 200G";"800";"19,000";"288,61";"288,61"
"33766";"LIP GLOSS 7ML";"800";"69,000";"620,31";"620,31"
"35229";"LIPBALM URSO 10G";"800";"1,000";"12,99";"12,99"
"35231";"LIPGLOSS 5 5ML";"800";"23,000";"275,77";"275,77"
"35234";"LIPGLOSS DUO 2 8 ML";"800";"7,000";"83,93";"83,93"
"6956";"LIQUIDO NUGGET 60ML INCOLOR";"800";"1,000";"22,90";"22,90"
"6959";"LIQUIDO NUGGET 60ML PROMO PRETO";"800";"117,000";"2.509,49";"2.509,49"
"36451";"LIVRO 365 CRUZADAS DIRETAS 288PG";"800";"54,000";"701,46";"701,46"
"36693";"LIVRO AMIGOS UNICORNIOS 12PG";"800";"3,000";"89,97";"89,97"
"36322";"LIVRO APOIO APRENDA CALIGRAFIA 96PG";"800";"63,000";"629,37";"629,37"
"36327";"LIVRO APOIO TURMA DA MONICA 128PG";"800";"47,000";"610,53";"610,53"
"36328";"LIVRO APRENDA A LETRA CURSIVA 48PG";"800";"53,000";"529,47";"529,47"
"36691";"LIVRO BABY QUANDO FICO ALEGRE 6PG";"800";"5,000";"84,95";"84,95"
"36320";"LIVRO BARBIE LAPIS DE COR 60PG";"800";"46,000";"597,54";"597,54"
"33797";"LIVRO BOX 6 MINI LIVROS BARBIE UNIV FAN";"800";"6,000";"149,40";"149,40"
"33798";"LIVRO BOX 6 MINI LIVROS HOT WHEELS";"800";"5,000";"124,50";"124,50"
"33799";"LIVRO BOX 6 MINI LIVROS PRIM CONCEITOS";"800";"3,000";"74,70";"74,70"
"34838";"LIVRO BRINCANDO COM AS CORES PEPPA PIG";"800";"3,000";"20,97";"20,97"
"36325";"LIVRO CACA PALAVRA BIBLICO 288PG";"800";"35,000";"454,65";"454,65"
"36324";"LIVRO CACA PALAVRA NATUREZA";"800";"41,000";"532,59";"532,59"
"34621";"LIVRO COR E DIVERSAO MARIA E JP 12P";"800";"4,000";"79,96";"79,96"
"34618";"LIVRO DE COLORIR COZY CIRCUS 48P";"800";"3,000";"29,97";"29,97"
"36316";"LIVRO DIARIO MAGICO HARRY POTTER 96";"800";"75,000";"1.499,25";"1.499,25"
"36315";"LIVRO DIARIO MAGICO UNICORNIO 96PG";"800";"37,000";"739,63";"739,63"
"34617";"LIVRO DIVERSAO EM LER E COLORIR 16P PRINCESS";"800";"2,000";"13,98";"13,98"
"34623";"LIVRO DIVERSAO EM LER E COLORIR 16P PRINCESS";"800";"1,000";"6,99";"6,99"
"6969";"LIVRO DIVERSOS PROMOCAO 29.90 ";"800";"1,000";"29,90";"29,90"
"33788";"LIVRO ESCREVA APAGUE PRIM ALFABETO";"800";"6,000";"77,94";"77,94"
"33789";"LIVRO ESCREVA APAGUE PRIM CORES";"800";"11,000";"142,89";"142,89"
"33790";"LIVRO ESCREVA APAGUE PRIM NUMEROS";"800";"8,000";"103,92";"103,92"
"33786";"LIVRO ESCREVA APAGUE PRIM PALAVRAS";"800";"12,000";"155,88";"155,88"
"35107";"LIVRO ESCREVE APAGUE GALINHA PINTADI";"800";"5,000";"64,95";"64,95"
"35108";"LIVRO ESCREVE APAGUE PEPPA PIG";"800";"9,000";"116,91";"116,91"
"33802";"LIVRO ESCREVE E APAGUE FISHER PRICE";"800";"7,000";"90,93";"90,93"
"33803";"LIVRO ESCREVE E APAGUE MARIA CLARA JP";"800";"4,000";"51,96";"51,96"
"36319";"LIVRO HOT WHEELS C LAPIS COR 60PG";"800";"64,000";"831,36";"831,36"
"36736";"LIVRO LETRA BASTAO CACHORRO 16PG";"800";"44,000";"571,56";"571,56"
"34626";"LIVRO MINHAS EMOCOES 24P DIVERTIDAMENTE";"800";"3,000";"29,97";"29,97"
"33791";"LIVRO MINIKIT AQUARELA BARBIE";"800";"8,000";"103,92";"103,92"
"33792";"LIVRO MINIKIT AQUARELA DINOSSAUROS";"800";"11,000";"109,89";"109,89"
"33793";"LIVRO MINIKIT AQUARELA HOT WHEELS";"800";"12,000";"155,88";"155,88"
"33794";"LIVRO MINIKIT AQUARELA MARIA CLARA JP";"800";"10,000";"129,90";"129,90"
"33796";"LIVRO MINIKIT AQUARELA PRINCESAS";"800";"1,000";"9,99";"9,99"
"33283";"LIVRO P COLORIR 48 PG COZY SPACE ";"800";"15,000";"194,85";"194,85"
"33281";"LIVRO P COLORIR 48PG COZY CIRCUS";"800";"13,000";"168,87";"168,87"
"33466";"LIVRO P COLORIR 48PG COZY FLUFFY FRIENDS";"800";"1,000";"12,99";"12,99"
"33280";"LIVRO P COLORIR 48PG COZY VIBES";"800";"10,000";"129,90";"129,90"
"36692";"LIVRO P COLORIR 64PG PRINCESAS";"800";"7,000";"209,93";"209,93"
"36321";"LIVRO P COLORIR ANIMAIS INCRIVEIS";"800";"64,000";"639,36";"639,36"
"36695";"LIVRO P COLORIR BARBIE";"800";"1,000";"18,99";"18,99"
"36504";"LIVRO P COLORIR CUTE BUDDIES 48PG";"800";"7,000";"90,93";"90,93"
"36405";"LIVRO P COLORIR CUTE CAPYBARAS 48PG";"800";"1,000";"12,99";"12,99"
"36432";"LIVRO P COLORIR CUTE UNICORNS 48PG";"800";"19,000";"246,81";"246,81"
"36694";"LIVRO P COLORIR PATRULHA CANINA";"800";"7,000";"132,93";"132,93"
"36686";"LIVRO P LER E COLORIR BARBIE";"800";"3,000";"37,47";"37,47"
"36314";"LIVRO PALAVRAS CALIGRAFIA 32PG";"800";"42,000";"293,58";"293,58"
"34625";"LIVRO PATRULHA CANINA 12PG COR E DIVERSAO";"800";"4,000";"79,96";"79,96"
"34622";"LIVRO PATRULHA CANINA 16P P COLORIR";"800";"1,000";"6,99";"6,99"
"36318";"LIVRO PATRULHA CANINA APRENDER 64PG";"800";"77,000";"769,23";"769,23"
"20181";"LIXA BLO R 6047";"800";"2,000";"23,98";"23,98"
"20183";"LIXA DAGUA PRATIK G100";"800";"416,000";"1.243,84";"1.243,84"
"20184";"LIXA DAGUA PRATIK G120";"800";"331,000";"989,69";"989,69"
"20185";"LIXA DAGUA PRATIK G80";"800";"6,000";"17,94";"17,94"
"20187";"LIXA FLORENCE P UNHAS 603 BT";"800";"1,000";"5,49";"5,49"
"20188";"LIXA FLORENCE POME 607 BT";"800";"5,000";"82,50";"82,50"
"37167";"LIXA P PES 26CM";"800";"6,000";"65,94";"65,94"
"20193";"LIXA P PES DUPLA FACE";"800";"22,000";"124,06";"124,06"
"20200";"LIXA STA CLARA PTA P UNHAS C 6 R 297";"800";"6,000";"31,50";"31,50"
"6978";"LIXA UNHA RASKALO PRETA R2106";"800";"13,000";"77,87";"77,87"
"20214";"LIXEIRA C/PEDAL INOX 10LTS";"800";"1,000";"39,99";"39,99"
"38384";"LIXEIRA CLASSIC FOSCO A1";"800";"3,000";"86,97";"86,97"
"33482";"LIXEIRA E BLACK 7L C PEDAL";"800";"3,000";"62,97";"62,97"
"34824";"LIXEIRA EBLACK PLASUTIL 15L C PEDAL";"800";"1,000";"37,99";"37,99"
"20232";"LIXEIRA MESA BASCULADA C/TAMPA 2LTS";"800";"6,000";"29,94";"29,94"
"20233";"LIXEIRA METAL 26X23CM PTA";"800";"1,000";"25,99";"25,99"
"20234";"LIXEIRA P/ESCRITORIO METAL INOX 10LTS";"800";"1,000";"22,99";"22,99"
"35970";"LIXEIRA PLASUTIL BLACK 7 2L";"800";"1,000";"19,90";"19,90"
"20236";"LIXEIRA QUAD JASPE 6L";"800";"1,000";"169,69";"169,69"
"6990";"LIXEIRA SANREMO BASCULANTE GD 280";"800";"1,000";"69,99";"69,99"
"6994";"LOC HID MONANGE 200ML FIRM Q10 PELE EXTRA SECA";"800";"2,000";"31,80";"31,80"
"6996";"LOC HID MONANGE 200ML FLOR DE LAVANDA";"800";"61,000";"978,73";"978,73"
"6997";"LOC HID MONANGE 200ML FRUTAS VERMELHA";"800";"47,000";"748,79";"748,79"
"6998";"LOCAO BODY NIVEA 200ML MILK EX SECA";"800";"34,000";"894,97";"894,97"
"7001";"LOCAO DEO HID DOVE 200ML NUTRIC ESSENC";"800";"3,000";"38,67";"38,67"
"7008";"LOCAO HIDR FLOR DE YPE 200ML AMEIXA FLOR LOT";"800";"39,000";"549,25";"549,25"
"7009";"LOCAO HIDRATANTE DENOMAX 470G CENOURA URUCUM";"800";"56,000";"748,37";"748,37"
"7010";"LOCAO HIDRATANTE DENOMAX 470G COLAGENO/VIT";"800";"65,000";"861,64";"861,64"
"7011";"LOCAO HIDRATANTE DENOMAX 470G OLEO UVA ROM";"800";"109,000";"1.438,66";"1.438,66"
"7012";"LOCAO HIDRATANTE DENOMAX 470G ROSA MOSQ ARG";"800";"84,000";"1.119,37";"1.119,37"
"9743";"LOCAO LEITE DE COLONIA LIMP 100ML TEMPO DE AMAR";"800";"37,000";"317,81";"317,81"
"9744";"LOCAO LEITE DE COLONIA LIMP 100ML TOQUE DE CARINH";"800";"30,000";"260,68";"260,68"
"20247";"LOCAO POS BARBA JAYLUC 100G";"800";"41,000";"565,39";"565,39"
"11369";"LOMBO AURORA DEFUM FAT 180G";"800";"31,000";"421,29";"421,29"
"10884";"LOMBO BOV RESERVA C OSSO RESF KG BDJ";"800";"23,294";"1.094,59";"1.056,11"
"10883";"LOMBO BOV RESERVA C OSSO RESF KG CHULETA";"800";"4.149,351";"178.491,71";"172.302,44"
"10885";"LOMBO BOV RESERVA C OSSO RESF KG RIPA";"800";"316,042";"12.096,18";"12.096,18"
"35511";"LOMBO CACAO JAPESCA 400G";"800";"1,000";"19,99";"19,99"
"34981";"LOMBO SUINO AURORA KG";"800";"110,826";"2.440,32";"2.433,57"
"11371";"LOMBO SUINO NOBRE DEF KG";"800";"6,626";"495,58";"495,58"
"11370";"LOMBO SUINO NOBRE DEF KG FAT";"800";"4,448";"326,33";"326,33"
"11374";"LOMBO SUINO PAMPLONA TEMP";"800";"52,019";"1.039,82";"1.039,82"
"11375";"LOMBO SUINO SADIA S OSSO CONG LO";"800";"76,767";"1.073,97";"1.073,97"
"11376";"LOMBO SUINO SEARA KG";"800";"96,424";"2.245,72";"2.245,72"
"11377";"LOMBO SUINO SEARA KG BDJ";"800";"129,420";"3.014,12";"3.014,12"
"36488";"LOOK MAIS WAFER SABORES 23G";"800";"10,000";"24,90";"24,90"
"33304";"LOUSA MAGICA PLAS MAGNET 15X13X2CM P";"800";"7,000";"48,93";"48,93"
"33303";"LOUSA MAGICA PLAS MAGNET 20X13X2X2CM M";"800";"3,000";"26,97";"26,97"
"20252";"LUGAR AMERICANO 30X45CM DOURADO";"800";"1,000";"8,99";"8,99"
"34036";"LUGAR AMERICANO 30X45CM VAZADO METALIZ";"800";"16,000";"79,84";"79,84"
"20253";"LUGAR AMERICANO 30X45CM VERDE";"800";"2,000";"17,98";"17,98"
"20255";"LUGAR AMERICANO 30X45CM VERMELHO";"800";"6,000";"59,94";"59,94"
"20257";"LUGAR AMERICANO 33X48CM PTO";"800";"3,000";"44,97";"44,97"
"34468";"LUGAR AMERICANO 38X38 CIN";"800";"14,000";"181,86";"181,86"
"34469";"LUGAR AMERICANO 45X30 BGE";"800";"7,000";"90,93";"90,93"
"36551";"LUGAR AMERICANO FOLHA 46X38 PRATA";"800";"2,000";"19,98";"19,98"
"20264";"LUGAR AMERICANO RED 30X30CM AZUL";"800";"6,000";"65,94";"65,94"
"34470";"LUGAR AMERICANO REDONDO VRM";"800";"24,000";"311,76";"311,76"
"37210";"LUMINARIA LED PLAST A PILHA 17CM";"800";"11,000";"285,89";"285,89"
"20273";"LUMINARIA MESA FLEXIVEL C/SUPORTE";"800";"1,000";"39,90";"39,90"
"4497";"LUST MOVEIS DESTAC 200ML LAVANDA";"800";"12,000";"197,40";"197,40"
"4496";"LUST MOVEL DESTAC 500ML 20PCTO DESC LAVANDA";"800";"14,000";"354,88";"354,88"
"36110";"LUST MOVEL DESTAC LAVANDA 500ML LAVANDA";"800";"1,000";"29,79";"29,79"
"9822";"LUST MOVEL POLIFLOR 200ML LAVANDA";"800";"14,000";"262,68";"262,68"
"9819";"LUST MOVEL POLIFLOR 500ML 20PCT DES LAVANDA";"800";"15,000";"461,85";"461,85"
"7018";"LUSTRA MOVEIS KING 200ML PEROBA CARNAUBA";"800";"34,000";"368,60";"368,60"
"7019";"LUSTRA MOVEIS KING 200ML PEROBA F CAMPO";"800";"54,000";"584,20";"584,20"
"7234";"LUSTRA MOVEIS PEROBA 200ML JASMIM";"800";"34,000";"703,40";"703,40"
"7022";"LUSTRA MOVEIS YPE 200ML JASMIM";"800";"74,000";"713,90";"713,90"
"7023";"LUSTRA MOVEIS YPE 200ML LAVANDA";"800";"47,000";"447,75";"447,75"
"33620";"LUVA 8X25CM BORRACHA TECIDO";"800";"2,000";"19,98";"19,98"
"31448";"LUVA CHENILLE";"800";"51,000";"942,99";"942,99"
"20277";"LUVA CONF LATEX G AMARELA";"800";"195,000";"1.173,45";"1.173,45"
"20278";"LUVA CONF LATEX M AMARELA";"800";"69,000";"413,31";"413,31"
"20279";"LUVA CONF LATEX P AMARELA";"800";"238,000";"1.426,22";"1.426,22"
"20280";"LUVA CONF LATEX XG AMARELA";"800";"77,000";"466,03";"466,03"
"9323";"LUVA DANNY FLEXTACTIL PRETO G";"800";"18,000";"115,02";"115,02"
"9322";"LUVA DANNY FLEXTACTIL PRETO M";"800";"10,000";"63,90";"63,90"
"20281";"LUVA DANNY SILVER GRIP G AZUL";"800";"84,000";"839,16";"839,16"
"20282";"LUVA DANNY SILVER GRIP M AZUL";"800";"5,000";"49,95";"49,95"
"20283";"LUVA DANNY SILVER GRIP P AZUL";"800";"48,000";"479,52";"479,52"
"20284";"LUVA DANNY SILVER GRIP XG AZUL";"800";"58,000";"579,42";"579,42"
"20286";"LUVA FORNO SIL";"800";"4,000";"59,96";"59,96"
"38264";"LUVA GLOVES LA 240115";"800";"13,000";"168,87";"168,87"
"38255";"LUVA GLOVES SOFT";"800";"13,000";"220,87";"220,87"
"7024";"LUVA LIMPPANO VELOUTE G";"800";"28,000";"479,80";"479,80"
"7025";"LUVA LIMPPANO VELOUTE M";"800";"134,000";"2.332,40";"1.527,40"
"7026";"LUVA LIMPPANO VELOUTE P";"800";"57,000";"989,70";"989,70"
"33418";"LUVA MICROFIBRA CM36";"800";"2,000";"35,98";"35,98"
"37015";"LUVA MICROFIBRA SORT 20X5";"800";"4,000";"75,96";"75,96"
"20289";"LUVA MUCAMBO 137 GR AZUL";"800";"1,000";"6,85";"6,85"
"20293";"LUVA MULLER 1 2 LB LA";"800";"355,000";"3.514,50";"3.508,59"
"20296";"LUVA P CRIANCA ";"800";"122,000";"486,78";"486,78"
"20297";"LUVA P CRIANCA LC";"800";"138,000";"1.366,20";"1.366,20"
"20298";"LUVA P PET ";"800";"1,000";"24,99";"24,99"
"20299";"LUVA P/PET 23X17CM";"800";"6,000";"77,94";"77,94"
"20303";"LUVA SOFT PIGMENTADA STARTOOLS";"800";"2,000";"9,98";"9,98"
"37223";"LUVA TEC C DESCANSO PANELA 17CM";"800";"8,000";"159,92";"159,92"
"20308";"LUZ NOTURNA SOL 7CM";"800";"5,000";"64,95";"64,95"
"20309";"M USO LUDICO KURSSIC BABY";"800";"1,000";"11,99";"11,99"
"20310";"M USO LUDICO STITCH";"800";"2,000";"19,98";"19,98"
"33919";"MAC CHEESE SADIA CONG 300G CALABRESA";"800";"149,000";"1.582,41";"1.582,41"
"34515";"MAC CHEESE SADIA NHQUE MOL BOL 300G";"800";"21,000";"222,90";"222,90"
"20311";"MAC CUP NOODLES 68PARMEGIANA";"800";"320,000";"1.873,70";"1.873,70"
"20320";"MAC INST ISABELA 70G CAR ZR FRITU";"800";"1.030,000";"2.049,70";"2.049,70"
"20321";"MAC INST ISABELA 70G GAL CA ZR FRIT";"800";"671,000";"1.335,29";"1.335,29"
"20322";"MAC INST ISABELA 70G GAL ZR FRITURA";"800";"704,000";"1.400,96";"1.400,96"
"20341";"MAC INST NISSIN 85G BACON";"800";"743,000";"2.163,07";"2.070,67"
"20343";"MAC INST NISSIN 85G CARNE";"800";"2.730,000";"7.979,30";"7.560,00"
"20344";"MAC INST NISSIN 85G CARNE TOMATE";"800";"602,000";"1.766,58";"1.669,28"
"31452";"MAC INST NISSIN 85G COSTELA";"800";"469,000";"1.396,31";"1.396,31"
"20347";"MAC INST NISSIN 85G GAL CAIP";"800";"5.622,000";"16.629,98";"15.691,98"
"20348";"MAC INST NISSIN 85G GAL CAIP PICANT";"800";"315,000";"939,15";"874,05"
"20351";"MAC INST NISSIN 85G GALINHA";"800";"991,000";"2.911,69";"2.738,09"
"20353";"MAC INST NISSIN 85G LEGUMES";"800";"739,000";"2.187,11";"2.097,51"
"33449";"MAC INST NISSIN 85G PIC CALABRESA";"800";"462,000";"1.336,28";"1.272,58"
"20357";"MAC INST NISSIN 85G PICANHA";"800";"530,000";"1.590,90";"1.526,50"
"20363";"MAC INST NISSIN C 6 L P GAL CAIP";"800";"666,000";"10.915,74";"9.632,64"
"20336";"MAC INST NISSIN CHICO BENTO 75G CALDINHO FJAO";"800";"226,000";"698,14";"467,74"
"20337";"MAC INST NISSIN CHICO BENTO 75G CANJA GAL";"800";"606,000";"1.840,74";"1.243,14"
"34884";"MAC INST NISSIN CHICO BENTO 75G CH B CARNE BAT";"800";"937,000";"2.827,11";"2.398,71"
"20338";"MAC INST NISSIN CHICO BENTO 75G GAL C TOM";"800";"1.743,000";"5.421,05";"4.246,85"
"20339";"MAC INST NISSIN CHICO BENTO 75G SUAV MILH MANT";"800";"682,000";"2.071,18";"1.568,38"
"20354";"MAC INST NISSIN MONICA 85G CARNE";"800";"1.297,000";"4.137,43";"3.979,33"
"20355";"MAC INST NISSIN MONICA 85G GALINHA";"800";"1.806,000";"5.761,14";"5.455,44"
"20356";"MAC INST NISSIN MONICA 85G TOMATE";"800";"2.436,000";"7.770,84";"7.391,04"
"20364";"MAC INST NISSIN TALH 99G BOLON";"800";"141,000";"548,49";"548,49"
"20365";"MAC INST NISSIN TALH 99G FGO";"800";"230,000";"853,90";"852,00"
"20370";"MAC INST UFO 96G CURRY";"800";"201,000";"1.636,39";"1.615,89"
"20374";"MAC INST YAKISSOBA UFO 97G CARNE";"800";"243,000";"1.970,57";"1.949,27"
"20371";"MAC INST YAKISSOBA UFO 97G GAL CAIP";"800";"233,000";"1.856,17";"1.821,17"
"20372";"MAC INST YAKISSOBA UFO 97G LEGUMES ";"800";"224,000";"1.824,36";"1.743,76"
"33514";"MAC N CHEESE SADIA CONG 300G TRAD";"800";"125,000";"1.323,55";"1.323,55"
"11380";"MACA DELICIOSA KG";"800";"2.323,943";"38.636,14";"38.635,07"
"11381";"MACA FUJI KG";"800";"8.667,515";"53.963,03";"53.685,07"
"11382";"MACA GALA NACIONAL KG";"800";"9.584,336";"82.575,18";"82.563,35"
"11384";"MACA GOLDEN VERDE KG";"800";"177,850";"3.710,61";"3.710,61"
"11390";"MACA SENNINHA FRUTATTA PCT 1KG";"800";"2.407,000";"32.392,53";"32.382,53"
"2744";"MACARRAO CUP NOODLES 65G FRUTOS MAR";"800";"189,000";"1.094,31";"1.094,31"
"2803";"MACARRAO CUP NOODLES 67G LEGUMES AZEITE";"800";"267,000";"1.558,93";"1.558,93"
"2787";"MACARRAO CUP NOODLES 68G COSTELA C MOLHO";"800";"372,000";"2.163,98";"2.161,18"
"2789";"MACARRAO CUP NOODLES 68G GAL CAIP PICANT";"800";"392,000";"2.287,48";"2.287,48"
"2738";"MACARRAO CUP NOODLES 69G CARNE DEF";"800";"656,000";"3.832,24";"3.829,24"
"2740";"MACARRAO CUP NOODLES 69G CHEDDAR";"800";"557,000";"3.247,03";"3.247,03"
"2742";"MACARRAO CUP NOODLES 69G GAL CAIP";"800";"1.512,000";"8.828,48";"8.825,68"
"2743";"MACARRAO CUP NOODLES 69G NACHO";"800";"197,000";"1.149,63";"1.146,83"
"2734";"MACARRAO CUP NOODLES 70G CURRY";"800";"136,000";"795,34";"795,34"
"2735";"MACARRAO CUP NOODLES 70G YAKISSOBA";"800";"398,000";"2.326,12";"2.326,12"
"2731";"MACARRAO CUP NOODLES 72G BOLONHESA";"800";"186,000";"1.092,74";"1.092,74"
"2732";"MACARRAO CUP NOODLES 72G TERIYAKI";"800";"293,000";"1.708,17";"1.708,17"
"20316";"MACARRAO INST GERMANI 63G CARNE";"800";"21.512,000";"24.836,78";"20.336,88"
"33899";"MACARRAO INST GERMANI 63G CARNE PICANTE";"800";"5.737,000";"6.593,43";"5.411,79"
"20318";"MACARRAO INST GERMANI 63G GALINHA";"800";"20.401,000";"23.542,29";"19.263,43"
"20317";"MACARRAO INST GERMANI 63G GALINHA CAIPIRA";"800";"15.933,000";"18.993,27";"15.065,37"
"20319";"MACARRAO INST GERMANI 63G PICANHA";"800";"10.827,000";"12.783,43";"10.353,23"
"2812";"MACARRAO INST NISSIN 500G YAKISSOBA";"800";"168,000";"1.399,52";"1.324,72"
"33693";"MACARRAO INST NISSIN 85G CAR PICANTE";"800";"202,000";"603,98";"585,08"
"35710";"MACARRAO INST NISSIN 85G LOMBO SUINO";"800";"570,000";"1.655,30";"1.588,80"
"2806";"MACARRAO INST NISSIN ESP 500G T3";"800";"294,000";"2.396,76";"2.396,76"
"2809";"MACARRAO INST NISSIN ESP 500G T5";"800";"255,000";"2.062,95";"2.062,95"
"35622";"MACARRAO INST UFO 95G TOMATE";"800";"231,000";"2.012,49";"2.012,49"
"7033";"MACN CHEESE SADIA 300G BACON";"800";"129,000";"1.366,81";"1.366,81"
"31471";"MAIONESE BISN VAL PET 930G";"800";"626,000";"7.349,05";"5.844,49"
"860";"MAIONESE FUGINI SH 1 7KG";"800";"116,000";"2.274,95";"2.274,95"
"2753";"MAIONESE FUGINI SH 180G";"800";"5.994,000";"11.645,66";"10.422,36"
"2764";"MAIONESE FUGINI SH BICO 180G VERDE";"800";"205,000";"1.022,95";"1.022,95"
"2855";"MAIONESE HEINZ PET 215G ALHO ERVAS FIN";"800";"171,000";"2.221,29";"2.221,29"
"2852";"MAIONESE HEINZ PET 390G";"800";"264,000";"4.863,96";"4.835,96"
"2850";"MAIONESE HEINZ PT 400G";"800";"1.463,000";"19.461,37";"16.255,37"
"2861";"MAIONESE HELLMANNS PET 335G";"800";"40,000";"679,60";"679,60"
"2863";"MAIONESE HELLMANNS PET 335G CHURRASCO";"800";"72,000";"1.223,28";"1.223,28"
"2854";"MAIONESE HELLMANNS PET 335G SQZ LIGHT";"800";"70,000";"1.186,69";"1.186,69"
"20381";"MAIONESE HELLMANNS PET SUPREME 330G";"800";"50,000";"849,50";"849,50"
"2784";"MAIONESE HELLMANNS PT 500G LIGHT";"800";"101,000";"1.564,58";"1.564,58"
"2847";"MAIONESE HELLMANNS PT 500G TRAD";"800";"766,000";"9.184,34";"9.184,34"
"868";"MAIONESE HELLMANNS SH 1KG";"800";"1.208,000";"24.147,92";"24.147,92"
"2767";"MAIONESE HELLMANNS SH 200G";"800";"12.763,000";"69.325,02";"66.692,92"
"2841";"MAIONESE HELLMANNS SH 400G";"800";"2.658,000";"30.712,33";"29.991,40"
"33900";"MAIONESE HELLMANNS SQZ 335G ALHO";"800";"71,000";"1.206,29";"1.206,29"
"33902";"MAIONESE HELLMANNS SQZ 335G BACON";"800";"19,000";"322,81";"322,81"
"33901";"MAIONESE HELLMANNS SQZ 335G VERDE";"800";"83,000";"1.410,17";"1.410,17"
"33905";"MAIONESE HELLMANNS SUPREME 230G SMALL";"800";"22,000";"318,78";"318,78"
"946";"MAIONESE LIZA BD 2 7KG CASEIRA";"800";"18,000";"715,64";"715,64"
"20391";"MAIONESE LIZA CASEIRA 450G";"800";"7.568,000";"47.572,52";"44.259,98"
"2758";"MAIONESE LIZA SH 196G";"800";"4.546,000";"13.186,64";"13.024,04"
"2782";"MAIONESE LIZA SH 400G CASEIRA";"800";"5.238,000";"43.287,62";"43.287,62"
"2832";"MAIONESE ODERICH 220G CASEIRA";"800";"77,000";"661,23";"653,23"
"872";"MAIONESE ODERICH BD 3KG";"800";"39,000";"1.415,10";"1.415,10"
"2829";"MAIONESE ODERICH PRE 220G ALHO";"800";"58,000";"566,42";"566,42"
"2828";"MAIONESE ODERICH PRE 220G ATUM";"800";"11,000";"107,09";"107,09"
"2815";"MAIONESE ODERICH PRE 220G AZEITONAS VERDE";"800";"33,000";"328,07";"328,07"
"2810";"MAIONESE ODERICH PRE 220G ERVAS FINAS";"800";"39,000";"377,31";"377,31"
"2813";"MAIONESE ODERICH PRE 220G LIMAO";"800";"30,000";"291,30";"291,30"
"2807";"MAIONESE ODERICH PRE 220G PIMENTA";"800";"7,000";"42,13";"42,13"
"874";"MAIONESE ODERICH SH 1KG";"800";"1.587,000";"17.125,53";"17.121,53"
"2754";"MAIONESE ODERICH SH 200G LIGHT";"800";"576,000";"2.298,24";"2.298,24"
"876";"MAIONESE ODERICH SH 7G C 140";"800";"22,000";"417,78";"417,78"
"2756";"MAIONESE ODERICH TRADICIONAL 200G SH";"800";"3.953,000";"15.772,47";"15.769,47"
"2756";"MAIONESE ODERICH TRADICIONAL 200G SH";"810";"4,000";"15,96";"15,96"
"35996";"MALETA C PARAFUSO E BUCHAS 100 PCS";"800";"1,000";"36,50";"36,50"
"38200";"MAM LOLLY VIVA 250ML SIL O M";"800";"1,000";"33,49";"33,49"
"20415";"MAMAD CEFISA SIL 240ML";"800";"297,000";"2.729,43";"2.729,43"
"20417";"MAMAD FIONA CLASSICA SIL 120ML";"800";"1,000";"15,99";"15,99"
"20419";"MAMAD FIONA CLASSICA SIL 240ML";"800";"3,000";"65,37";"65,37"
"20421";"MAMAD FIONA DESENHOS 120ML ROSA 821730";"800";"6,000";"130,74";"130,74"
"31481";"MAMAD FIONA DESENHOS 240ML AZ";"800";"1,000";"24,50";"24,50"
"33450";"MAMAD FIONA DESENHOS 240ML RS";"800";"1,000";"21,79";"21,79"
"9834";"MAMAD LOLLY CLEAN 220ML AZUL";"800";"2,000";"45,38";"45,38"
"9835";"MAMAD LOLLY CLEAN 220ML ROSA";"800";"1,000";"22,69";"22,69"
"20434";"MAMAD LOLLY CLEAN 250ML";"800";"9,000";"215,01";"215,01"
"20437";"MAMAD LOLLY MINE OCEANO 50ML RS";"800";"1,000";"19,50";"19,50"
"20440";"MAMAD LOLLY SPECIAL SIL ROSA 2662 01 R";"800";"9,000";"215,01";"215,01"
"20442";"MAMAD LOLLY TIP COL 240ML AZ";"800";"14,000";"432,46";"429,56"
"20441";"MAMAD LOLLY TIP COL 240ML RS";"800";"7,000";"216,23";"216,23"
"20443";"MAMAD LOLLY TIP SIL R 240ML F 1360 01 F";"800";"4,000";"111,96";"111,96"
"20444";"MAMAD LOLLY TIP SIL R 240ML M 1360 01 M";"800";"4,000";"111,96";"111,96"
"11393";"MAMAO FORMOSA CORTADO";"800";"111,234";"1.160,62";"1.160,62"
"11392";"MAMAO FORMOSA KG";"800";"8.313,358";"88.317,15";"88.260,30"
"38517";"MAMAO FORMOSA KG PICADO";"800";"0,754";"22,54";"22,54"
"11395";"MAMAO PAPAYA CORTADO";"800";"42,788";"350,70";"350,70"
"11396";"MAMAO PAPAYA EMBALADO";"800";"8,914";"44,39";"44,39"
"11394";"MAMAO PAPAYA KG";"800";"2.306,350";"37.853,82";"37.844,02"
"11397";"MAMINHA BOV CONG";"800";"140,217";"7.009,40";"5.280,71"
"11398";"MAMINHA FRIBOI BOV PORC VACUO KG";"800";"711,616";"39.558,68";"37.299,94"
"11399";"MAMINHA FRIBOI BOV PORC VACUO KG BDJ";"800";"21,070";"1.171,31";"1.171,31"
"1947";"MANDOLATE STO ANTONIO 220G CASEIRO";"800";"161,000";"2.043,09";"2.043,09"
"20454";"MANG DUOCOLOR 10MTS";"800";"22,000";"571,78";"571,78"
"20455";"MANG DUOCOLOR 20MTS";"800";"2,000";"85,80";"85,80"
"20456";"MANG DUOCOLOR 5MTS";"800";"3,000";"59,97";"59,97"
"11407";"MANGA KG";"800";"9.105,295";"59.096,06";"59.078,41"
"38519";"MANGA KG PICADO";"800";"1,174";"35,10";"35,10"
"11409";"MANGA PALMER KG";"800";"111,813";"893,38";"890,14"
"20460";"MANT CACAU DI HELLEN BASTAO";"800";"1,000";"10,59";"10,59"
"20461";"MANT CACAU DI HELLEN ROLLON";"800";"3,000";"42,68";"42,68"
"7051";"MANT ELEGE 200G C SAL";"800";"3.920,000";"38.934,80";"37.650,80"
"7052";"MANT ELEGE 200G S SAL";"800";"1.141,000";"11.280,59";"10.964,59"
"9836";"MANT ELEGE EXTRA PT 200G C SAL";"800";"67,000";"987,63";"987,63"
"7056";"MANT PRESIDENT PT 200G C SAL";"800";"153,000";"2.331,97";"2.331,97"
"36577";"MANT PRESIDENT PT 200G S SAL";"800";"135,000";"2.061,45";"2.061,45"
"7055";"MANT PRESIDENT TAB 200G C SAL";"800";"134,000";"2.052,06";"2.052,06"
"7057";"MANT PRESIDENT TAB 200G S SAL";"800";"112,000";"1.708,28";"1.708,28"
"9840";"MANT PRESIDENT ZR LAC 200G C SAL";"800";"77,000";"1.282,53";"1.282,53"
"20462";"MANT STA CLARA 200G S SAL";"800";"13,000";"241,67";"241,67"
"9837";"MANT STA CLARA PT 200G C SAL";"800";"54,000";"1.003,86";"1.003,86"
"7058";"MANT STA CLARA TAB 200G C SAL";"800";"92,000";"1.535,48";"1.535,48"
"7059";"MANT STA CLARA TAB 200G S SAL";"800";"59,000";"984,71";"984,71"
"20463";"MANTA ACONCHEGO CASAL 180X220";"800";"10,000";"359,00";"359,00"
"20464";"MANTA ACONCHEGO KING 220X240";"800";"13,000";"518,70";"518,70"
"20465";"MANTA ACONCHEGO SOLTEIRO 150X220";"800";"4,000";"119,96";"119,96"
"20468";"MANTA CORTTEX CASAL 200 LISA 180X220 GRA";"800";"1,000";"39,90";"39,90"
"20471";"MANTA CORTTEX CASAL CELTA ESTAMP 180X200";"800";"3,000";"89,70";"87,79"
"20472";"MANTA CORTTEX CASAL CELTA ESTAMP 180X200";"800";"480,000";"14.138,08";"13.689,70"
"20473";"MANTA CORTTEX CASAL CELTA LISA 180X200";"800";"801,000";"23.711,15";"22.981,53"
"20474";"MANTA CORTTEX QUEEN 200 LISA 220X240 RS";"800";"8,000";"399,20";"399,20"
"20475";"MANTA CORTTEX QUEEN 200 LISA 220X240 SOR";"800";"1,000";"49,90";"49,90"
"20477";"MANTA CORTTEX SOLT 200 LISA 150X200 SORT";"800";"3,000";"89,70";"89,70"
"20478";"MANTA FLANNEL HABITAT CASAL 180X220";"800";"1,000";"39,90";"39,90"
"7047";"MANTA GZT CASAL FLEECE LISA CB0012";"800";"1,000";"39,90";"39,90"
"20480";"MANTA HOME DESIGN CASAL 200 LISA 180X240";"800";"345,000";"13.765,50";"13.745,59"
"20483";"MANTA HOME DESIGN QUEEN 200 LISA 220X240";"800";"162,000";"8.083,80";"8.051,89"
"37939";"MANTA MULTIUSO G 95X90";"800";"187,000";"2.990,13";"2.990,13"
"1904";"MANY STO ANTONIO 150G CROCANTE";"800";"509,000";"3.761,51";"3.761,51"
"11414";"MARACUJA AZEDO KG";"800";"683,471";"7.616,09";"7.616,09"
"20499";"MARCA TEXTO BIC 4 CORES PASTEL";"800";"2,000";"37,98";"37,98"
"20493";"MARCA TEXTO BIC AMARELO";"800";"12,000";"83,88";"83,88"
"20494";"MARCA TEXTO BIC AZUL";"800";"34,000";"373,66";"373,66"
"20500";"MARCA TEXTO BIC C 5 FLUORESCENTE";"800";"15,000";"352,50";"352,50"
"20507";"MARCA TEXTO BIC PERM AZUL";"800";"14,000";"111,86";"111,86"
"20495";"MARCA TEXTO BIC PT";"800";"24,000";"263,76";"263,76"
"20496";"MARCA TEXTO BIC ROSA";"800";"12,000";"83,88";"83,88"
"20497";"MARCA TEXTO BIC VERDE";"800";"10,000";"69,90";"69,90"
"20498";"MARCA TEXTO BIC VERM";"800";"18,000";"197,82";"197,82"
"20503";"MARCA TEXTO LEOARTE FINI C/5";"800";"1,000";"29,99";"29,99"
"20508";"MARCA TEXTO PERM PTO";"800";"7,000";"55,93";"55,93"
"20509";"MARCA TEXTO PERM VERM";"800";"17,000";"135,83";"135,83"
"20510";"MARCA TEXTO PINK VIBES C/6-96154";"800";"3,000";"98,97";"98,97"
"20512";"MARCADOR BIC BRITE LINER AM";"800";"24,000";"119,76";"119,76"
"20513";"MARCADOR BIC BRITE LINER RSA";"800";"11,000";"54,89";"54,89"
"20514";"MARCADOR BIC BRITE LINER VD";"800";"38,000";"189,62";"189,62"
"20516";"MARCADOR BIC PM COLOR C 6";"800";"9,000";"427,50";"427,50"
"35832";"MARCADOR BIC SILVER GOLD";"800";"7,000";"150,50";"150,50"
"9845";"MARG BECEL 250G S SAL";"800";"82,000";"737,18";"737,18"
"7065";"MARG BECEL 500G C SAL";"800";"651,000";"8.792,69";"8.792,69"
"7066";"MARG BECEL 500G S SAL";"800";"1,000";"15,49";"15,49"
"9847";"MARG CLAYBOM 250G C SAL";"800";"1.431,000";"6.282,09";"6.282,09"
"7067";"MARG CLAYBOM 500G C SAL";"800";"1.851,000";"15.596,49";"15.596,49"
"7068";"MARG CLAYBOM 500G S SAL";"800";"369,000";"3.106,71";"3.106,71"
"31504";"MARG COAMO SABOR MANTEIGA 500G";"800";"727,000";"5.698,53";"5.697,53"
"7069";"MARG CREMOSY 1KG C SAL";"800";"731,000";"12.712,09";"12.712,09"
"9852";"MARG CREMOSY 50 GORD 250G";"800";"1.968,000";"9.820,32";"9.820,32"
"7070";"MARG CREMOSY 500G C SAL";"800";"2.220,000";"19.113,83";"18.689,13"
"9848";"MARG DELICIA 1KG C SAL";"800";"479,000";"10.130,85";"10.120,19"
"9849";"MARG DELICIA 250G C SAL";"800";"2.544,000";"15.335,46";"15.335,46"
"7072";"MARG DELICIA 500G C SAL";"800";"2.518,000";"27.317,63";"27.317,63"
"7073";"MARG DELICIA 500G S SAL";"800";"976,000";"10.310,15";"10.310,15"
"20519";"MARG DELICIA TAB 100G C 4";"800";"290,000";"3.187,10";"3.187,10"
"7071";"MARG DELICIA TAB 100G C SAL";"800";"1.064,000";"3.149,56";"3.149,56"
"7077";"MARG DUALIS 500G C SAL";"800";"5.209,000";"22.497,61";"22.139,40"
"7080";"MARG QUALY 1KG C SAL";"800";"527,000";"12.537,33";"12.537,33"
"7081";"MARG QUALY 250G C SAL";"800";"1.657,000";"11.227,51";"11.227,51"
"7083";"MARG QUALY 250G S SAL";"800";"895,000";"6.419,55";"6.419,55"
"7085";"MARG QUALY 500G C SAL";"800";"7.848,000";"93.394,72";"91.264,40"
"7085";"MARG QUALY 500G C SAL";"810";"3,000";"37,17";"37,17"
"7086";"MARG QUALY 500G S SAL";"800";"1.042,000";"12.814,21";"12.807,41"
"9851";"MARG QUALY AERA 250G C SAL";"800";"1.021,000";"6.932,77";"6.932,77"
"7084";"MARG QUALY AERA 500G";"800";"287,000";"3.555,93";"3.555,93"
"7064";"MARG QUALY LIGHT 500G ZR LAC C SAL";"800";"392,000";"4.856,88";"4.856,88"
"1735";"MARIA MOLE DOCE N BONN 1 2KG";"800";"13,000";"451,29";"451,29"
"1824";"MARIOLA STO ANTONIO 145G ZERO";"800";"122,000";"1.982,78";"1.979,58"
"20527";"MARIOLA STO ANTONIO 220G";"800";"16,000";"158,34";"158,34"
"1821";"MARIOLA STO ANTONIO 380G";"800";"1.558,000";"22.108,02";"22.106,62"
"1823";"MARIOLA STO ANTONIO 750G PRAINHA";"800";"202,000";"5.047,98";"5.045,58"
"1818";"MARIOLA STO ANTONIO 760G C GOIABA";"800";"205,000";"5.122,95";"5.122,95"
"20529";"MARMITA TRAVA 630ML DIVERT";"800";"2,000";"37,98";"37,98"
"20530";"MARMITA TRAVA 630ML JURASSIC BABY";"800";"2,000";"37,98";"37,98"
"35101";"MARMITA TRAVA C2 DIVISORIAS";"800";"1,000";"11,99";"11,99"
"36806";"MARMITEIRA PLASTICO 14 5X14 5X5 5CM";"800";"16,000";"143,84";"143,84"
"20544";"MARMITEX ISOPOR";"800";"14,000";"10,50";"10,50"
"1815";"MAROLA STO ANTONIO 760G";"800";"558,000";"12.716,82";"12.716,82"
"20546";"MARRETA EMBOR 27CM 43MM CM36";"800";"3,000";"44,97";"44,97"
"11416";"MARROM GLACE STELLA KG";"800";"293,299";"8.094,39";"8.094,39"
"2503";"MARROM GLACE VAL 300G";"800";"274,000";"2.353,66";"2.353,66"
"1719";"MARSHMALLOW DOCILE 250G TWIST AZUL BCO";"800";"4,000";"27,96";"27,96"
"1720";"MARSHMALLOW DOCILE 250G TWIST ROSA BCO";"800";"1,000";"6,99";"6,99"
"1729";"MARSHMALLOW FINI 250G CORACAO";"800";"33,000";"405,57";"405,57"
"1731";"MARSHMALLOW FINI 250G FLOR";"800";"18,000";"221,22";"221,22"
"1726";"MARSHMALLOW FINI 250G PIPOCA";"800";"58,000";"712,82";"712,82"
"1730";"MARSHMALLOW FINI 250G TORCAO AZUL";"800";"18,000";"221,22";"221,22"
"1732";"MARSHMALLOW FINI 250G TORCAO ROSA";"800";"23,000";"282,67";"282,67"
"1717";"MARSHMALLOW FINI 80G CORACAO";"800";"13,000";"132,23";"132,23"
"1718";"MARSHMALLOW FINI 80G TORCAO";"800";"7,000";"69,84";"69,84"
"38494";"MARSHMALLOW FOFS SORVETINHO 160G";"800";"6,000";"53,94";"53,94"
"37370";"MARSHMALLOW FOFS TWIST RECHEIO 180G";"800";"4,000";"11,96";"11,96"
"31518";"MARSHMALLOW FOFS TWIST ROSA 220G";"800";"21,000";"167,79";"167,79"
"1701";"MARSHMALLOWS FOFS 220G BANANA";"800";"2,000";"14,58";"14,58"
"1693";"MARSHMALLOWS FOFS 220G BIG TWIST";"800";"338,000";"2.464,02";"2.464,02"
"1689";"MARSHMALLOWS FOFS 220G BRUXOLITO PINTA";"800";"224,000";"1.632,96";"1.632,96"
"1698";"MARSHMALLOWS FOFS 220G CORACOES";"800";"14,000";"102,06";"102,06"
"1595";"MARSHMALLOWS FOFS 220G DINOS";"800";"77,000";"561,33";"561,33"
"1691";"MARSHMALLOWS FOFS 220G IOGURTE MORANGO";"800";"203,000";"1.479,87";"1.479,86"
"1700";"MARSHMALLOWS FOFS 220G PARA ASSAR";"800";"311,000";"2.267,19";"2.267,19"
"1694";"MARSHMALLOWS FOFS 220G PRINCESS";"800";"304,000";"2.216,16";"2.216,16"
"1696";"MARSHMALLOWS FOFS 220G SHARK";"800";"3,000";"21,87";"21,87"
"1697";"MARSHMALLOWS FOFS 220G TUBE";"800";"294,000";"2.143,26";"2.143,26"
"1690";"MARSHMALLOWS FOFS 220G TWIST AZUL";"800";"13,000";"94,77";"94,77"
"1695";"MARSHMALLOWS FOFS 220G TWIST COLORIDO";"800";"269,000";"1.961,01";"1.961,01"
"20560";"MARTELO 25MM C CABO EMB CURTO ";"800";"2,000";"39,98";"39,98"
"20562";"MARTELO BATEDOR CAR METAL";"800";"1,000";"19,99";"19,99"
"36993";"MARTELO C CABO MADEIRA 25MM";"800";"8,000";"143,92";"143,92"
"20559";"MARTELO STARTOOLS CABO CURTO EMB 25MM";"800";"1,000";"25,99";"25,99"
"20564";"MARTELO STARTOOLS FIBRA PQ";"800";"1,000";"29,99";"29,99"
"20601";"MAS CAS PASTAMIA C OVOS 400G FETTUCCINE";"800";"470,000";"2.486,30";"2.486,30"
"20602";"MAS CAS PASTAMIA C OVOS 400G TALHARIM";"800";"403,000";"2.131,87";"2.131,87"
"20583";"MAS CASEIRA KLAIN N2 BAND 400G";"800";"989,000";"6.715,31";"6.715,31"
"20585";"MAS CASEIRA KLAIN N4 BAND 400G";"800";"965,000";"6.552,35";"6.552,35"
"20587";"MAS CASEIRA MOSMANN C OVOS N3 500G";"800";"146,000";"1.546,14";"1.546,14"
"20588";"MAS CASEIRA MOSMANN C TAPIOCA 300G";"800";"68,000";"1.012,52";"1.012,52"
"20589";"MAS CASEIRA MOSMANN COGUMELO VG 400G";"800";"53,000";"688,47";"688,47"
"20590";"MAS CASEIRA MOSMANN ESPAG 500G";"800";"29,000";"278,11";"278,11"
"20591";"MAS CASEIRA MOSMANN ESPINAFRE 400G";"800";"19,000";"235,41";"235,41"
"20593";"MAS CASEIRA MOSMANN INT PARAF 400G";"800";"35,000";"241,15";"241,15"
"20594";"MAS CASEIRA MOSMANN INTEGRAL 300G";"800";"29,000";"431,81";"431,81"
"20596";"MAS CASEIRA MOSMANN MULT PARAF 400G";"800";"21,000";"144,69";"144,69"
"20598";"MAS CASEIRA MOSMANN PAPPARDELLE 400G";"800";"31,000";"399,59";"399,59"
"20599";"MAS CASEIRA MOSMANN S COLEST 500G";"800";"88,000";"931,92";"931,92"
"20600";"MAS CASEIRA MOSMANN TOPE 400G";"800";"139,000";"1.430,31";"1.430,31"
"20615";"MAS ESPA PARATI SEMOLA 1K";"800";"70,000";"699,30";"699,30"
"20609";"MAS ESPAG ISABELA SEMOLA 400G";"800";"2.684,000";"9.497,96";"9.109,96"
"20613";"MAS ESPAGUETINI ISABELA SEMOLA 500G";"800";"577,000";"2.446,83";"2.446,83"
"20616";"MAS ESPAPARATI SEMOLA 400G";"800";"169,000";"783,81";"783,81"
"20619";"MAS FRESCA DITALIA ME 500G";"800";"108,000";"1.046,50";"1.046,50"
"20621";"MAS FURADINHO ISABELA SEMOLA 400G";"800";"751,000";"2.696,09";"2.696,09"
"20624";"MAS FUSILLI BARILLA 500G";"800";"1,000";"19,99";"19,99"
"20625";"MAS FUSILLI G DURO ORQUIDEA 500G";"800";"53,000";"387,57";"387,57"
"20631";"MAS LASANHA DITALIA 500G";"800";"1.041,000";"9.086,85";"9.086,85"
"20633";"MAS LASANHA ISABELA FEST 500G";"800";"344,000";"3.505,36";"3.505,36"
"20634";"MAS LINGUINE ORQUIDEA+MOL C/OVOS 400G";"800";"57,000";"295,83";"295,83"
"20635";"MAS MACARRAO BOM GOSTO SEMOLA 400G";"800";"300,000";"1.077,00";"1.077,00"
"20636";"MAS MODELAR LEOELEO C 12 4358";"800";"5,000";"27,45";"27,45"
"20640";"MAS NINHO BOM GOSTO SEMOLA 500G";"800";"700,000";"2.960,70";"2.960,70"
"20642";"MAS NINHO MOSMANN INT C QUINOA 400G";"800";"8,000";"75,92";"75,92"
"20653";"MAS PARAF ISABELA SEMOLA 400G";"800";"1.263,000";"4.534,17";"4.534,17"
"20654";"MAS PARAF MOSMANN INT GRAO BICO 300G";"800";"20,000";"297,80";"297,80"
"20655";"MAS PARAF MOSMANN INT S G C WH 300G";"800";"34,000";"506,26";"506,26"
"20657";"MAS PARAF ORQUIDEA FUR MOL C OVOS 400G";"800";"145,000";"709,05";"709,05"
"20660";"MAS PARAF PARATI SEMOLA 1K";"800";"86,000";"850,54";"850,54"
"20661";"MAS PARAF PARATI SEMOLA 400G";"800";"185,000";"856,05";"856,05"
"20667";"MAS PASTEL DITALIA COLONIAL 400G DLC";"800";"1.264,000";"8.747,12";"8.747,12"
"20670";"MAS PASTEL DITALIA DM 200G";"800";"212,000";"1.148,24";"1.148,24"
"20671";"MAS PASTEL DITALIA DP 200G";"800";"290,000";"1.555,12";"1.555,12"
"20672";"MAS PASTEL NONANELLA DL 400G";"800";"3.566,000";"21.539,62";"20.891,82"
"20676";"MAS PENNE BOM GOSTO SEMOLA 400G";"800";"607,000";"2.179,13";"2.179,13"
"20680";"MAS PENNE MOSMANN INT C CHIA 400G";"800";"25,000";"237,25";"237,25"
"20686";"MAS PIZZA ITALIANY 150G";"800";"420,000";"2.590,20";"2.588,60"
"20687";"MAS PIZZA ITALIANY BROTINHO 240G";"800";"121,000";"965,43";"965,43"
"20690";"MAS PIZZA ROMENA FAMILIA 250PF";"800";"292,000";"2.819,58";"2.819,58"
"20691";"MAS PIZZA ROMENA INTEGRAL 150G";"800";"53,000";"381,47";"381,47"
"20692";"MAS RIG G DURO ORQUIDEA PENNE 500G";"800";"45,000";"373,05";"373,05"
"20694";"MAS RIGATONE ORQUIDEA C OVOS 500G";"800";"61,000";"286,09";"286,09"
"20696";"MAS SPAGUETTINI BARILLA N3 500G";"800";"38,000";"676,02";"676,02"
"20699";"MAS TALH DITALIA 500G";"800";"116,000";"1.101,76";"1.093,36"
"20703";"MAS TIPO TORTILHA RAP10 297G";"800";"341,000";"5.554,89";"5.554,89"
"20705";"MAS TIPO TORTILHA RAP10 INT 297G";"800";"146,000";"2.378,34";"2.378,34"
"20706";"MAS TIPO TORTILHA RAP10 LIGHT 297G";"800";"111,000";"1.808,19";"1.808,19"
"20707";"MAS TIPO TORTILHA RAP10 TAPIOCA 198G";"800";"36,000";"680,04";"680,04"
"20711";"MASC CAP PRIME DESAMARELADOR 300G";"800";"3,000";"80,97";"80,97"
"9857";"MASC GOTA DOURADA 500G DESAMARELADOR";"800";"3,000";"86,97";"86,97"
"35117";"MASC PANTENE BOND 270G REPAIR";"800";"13,000";"540,67";"540,67"
"7093";"MASC SEDA 300G CONC COLAGENO VIT";"800";"32,000";"603,25";"603,25"
"7095";"MASC SEDA 300G CONC LUMINOUS UV";"800";"26,000";"509,79";"509,79"
"35164";"MASC TRAT SEDA 300G CACHO DEFINIDO";"800";"5,000";"89,95";"89,95"
"35724";"MASC TRAT TOQUE DE SEDA 300G SEDA";"800";"66,000";"1.213,74";"1.213,74"
"34604";"MASC TRAT TRESEMME 400G BLIND ANTIUMID";"800";"17,000";"559,13";"559,13"
"34830";"MASC TRATAMENTO SEDA 300G BRILHO CERAMIDA";"800";"48,000";"893,27";"893,27"
"34831";"MASC TRATAMENTO SEDA 300G LISO PERFEITO";"800";"63,000";"1.192,33";"1.192,33"
"37049";"MASCARA BRASIL";"800";"48,000";"143,52";"143,52"
"7106";"MASCARA TRAT DOVE 500G 2EM1 HIDRATACAO";"800";"8,000";"238,32";"238,32"
"20571";"MASSA BARILLA BAVETTE N13 500G";"800";"28,000";"498,12";"498,12"
"2842";"MASSA C OVOS DOMELLY 500G ESPAGUETE";"800";"53,000";"227,37";"227,37"
"20650";"MASSA C OVOS DOMELLY 500G PARAFUSO";"800";"146,000";"626,34";"626,34"
"20678";"MASSA C OVOS DOMELLY 500G PENNE";"800";"112,000";"480,48";"480,48"
"2843";"MASSA C OVOS DOMELLY 500G RIGATONE";"800";"134,000";"574,86";"574,86"
"2875";"MASSA C OVOS GERMANI 500G CONCHINHA";"800";"519,000";"2.858,01";"2.858,01"
"2831";"MASSA C OVOS GERMANI 500G ESPAGUETE";"800";"4.574,000";"17.793,06";"17.541,70"
"2862";"MASSA C OVOS GERMANI 500G MACARRAO";"800";"276,000";"1.427,24";"1.427,24"
"20638";"MASSA C OVOS GERMANI 500G NHOQUE";"800";"782,000";"3.902,18";"3.902,18"
"20647";"MASSA C OVOS GERMANI 500G PAD NOSSO";"800";"700,000";"3.493,00";"3.493,00"
"2835";"MASSA C OVOS GERMANI 500G PARAFUSO";"800";"1.986,000";"7.725,54";"7.720,54"
"2864";"MASSA C OVOS GERMANI 500G PENNE";"800";"733,000";"3.657,67";"3.657,67"
"2864";"MASSA C OVOS GERMANI 500G PENNE";"810";"4,000";"19,96";"19,96"
"2929";"MASSA C OVOS GERMANI 500G TALHARIM";"800";"431,000";"3.141,99";"3.141,99"
"2879";"MASSA C OVOS ISABELA 500G ESPAGUETE";"800";"856,000";"4.185,84";"4.185,84"
"2889";"MASSA C OVOS ISABELA 500G ESPAGUETINI";"800";"786,000";"3.977,94";"3.977,94"
"2912";"MASSA C OVOS ISABELA 500G FURADINHO";"800";"254,000";"1.293,16";"1.293,16"
"2914";"MASSA C OVOS ISABELA 500G GRAVATINHA";"800";"437,000";"2.183,83";"2.183,83"
"2908";"MASSA C OVOS ISABELA 500G LINGUINE";"800";"371,000";"1.877,89";"1.877,89"
"2917";"MASSA C OVOS ISABELA 500G MACARRAO";"800";"83,000";"412,87";"412,87"
"2905";"MASSA C OVOS ISABELA 500G NIN LARGO";"800";"1.178,000";"6.585,02";"6.571,22"
"2877";"MASSA C OVOS ISABELA 500G PARAFUSO";"800";"240,000";"1.186,50";"1.186,50"
"2880";"MASSA C OVOS NORDESTE 500G CAB ANJO";"800";"218,000";"1.087,82";"1.087,82"
"2859";"MASSA C OVOS NORDESTE 500G ESPAGUETE";"800";"538,000";"2.092,82";"2.092,82"
"2873";"MASSA C OVOS NORDESTE 500G NINHO";"800";"471,000";"2.350,29";"2.350,29"
"2860";"MASSA C OVOS NORDESTE 500G PARAFUSO";"800";"246,000";"956,94";"956,94"
"2856";"MASSA C OVOS NORDESTE 500G PENNE";"800";"208,000";"809,12";"809,12"
"2858";"MASSA C OVOS NORDESTE 500G RIGATONI";"800";"137,000";"532,93";"532,93"
"2868";"MASSA C OVOS ORQUIDEA 500G CONCHA";"800";"382,000";"1.791,58";"1.791,58"
"2867";"MASSA C OVOS ORQUIDEA 500G CONCHINHA";"800";"244,000";"1.144,36";"1.144,36"
"2937";"MASSA C OVOS ORQUIDEA 500G ESP NINH";"800";"265,000";"1.852,35";"1.852,35"
"2869";"MASSA C OVOS ORQUIDEA 500G ESPAGUETE";"800";"607,000";"2.846,83";"2.846,83"
"2865";"MASSA C OVOS ORQUIDEA 500G PARAFUSO";"800";"398,000";"1.866,62";"1.866,62"
"2866";"MASSA C OVOS ORQUIDEA 500G PENNE";"800";"364,000";"1.707,16";"1.707,16"
"2871";"MASSA C OVOS ORQUIDEA 500G TORTIGLIONE";"800";"498,000";"2.335,62";"2.335,62"
"2881";"MASSA C OVOS PARATI 400G ESPAGUETE";"800";"511,000";"2.907,59";"2.907,59"
"2883";"MASSA C OVOS PARATI 400G PARAFUSO";"800";"416,000";"2.367,04";"2.367,04"
"2922";"MASSA C OVOS PARATI 500G CARAMUJINHO";"800";"592,000";"3.960,48";"3.960,48"
"2926";"MASSA C OVOS PARATI 500G PENNE";"800";"175,000";"1.170,75";"1.170,75"
"2924";"MASSA C OVOS PARATI 500G RIGATONI";"800";"198,000";"1.324,62";"1.324,62"
"2823";"MASSA C OVOS STA FELICIDADE 500G ESPAGUETE";"800";"18.767,000";"56.823,27";"54.008,26"
"2818";"MASSA C OVOS STA FELICIDADE 500G PARAFUSO";"800";"14.645,000";"44.362,03";"41.997,69"
"2818";"MASSA C OVOS STA FELICIDADE 500G PARAFUSO";"810";"18,000";"53,82";"53,82"
"2826";"MASSA C OVOS STA FELICIDADE 500G PENNE";"800";"8.955,000";"26.843,15";"25.263,67"
"20586";"MASSA CAS MOSMANN C OVOS N2 500G";"800";"159,000";"1.683,81";"1.683,81"
"37610";"MASSA CASEIRA PASTAMIA N1 400G";"800";"1,000";"5,69";"5,69"
"36298";"MASSA DITALIA ROLO 2KG";"800";"11,000";"307,89";"307,89"
"20570";"MASSA DOMELLY SEMOLA 1KG AVE MARIA";"800";"85,000";"645,15";"645,15"
"20607";"MASSA DOMELLY SEMOLA 1KG ESPAG";"800";"109,000";"827,31";"827,31"
"20651";"MASSA DOMELLY SEMOLA 1KG PARAF";"800";"69,000";"523,71";"523,71"
"20693";"MASSA DOMELLY SEMOLA 1KG RIGATONE";"800";"52,000";"394,68";"394,68"
"34982";"MASSA FOLHADA DITALIA 300G REDONDA";"800";"84,000";"1.259,16";"1.259,16"
"31534";"MASSA FOLHADA QUAD DITALIA 300G ";"800";"89,000";"1.220,21";"1.219,21"
"31535";"MASSA FOLHADA ROLO DITALIA 300G";"800";"48,000";"674,72";"674,72"
"7124";"MASSA FOLHADA ROMENA 300G DISCO";"800";"100,000";"1.466,60";"1.466,60"
"7125";"MASSA FOLHADA ROMENA 300G ROLO";"800";"72,000";"1.031,40";"1.031,40"
"7126";"MASSA FRESCA ITALIANY 500G ESPAGUETE ME";"800";"133,000";"1.179,17";"1.179,17"
"7127";"MASSA FRESCA ITALIANY 500G TALHARIM TALHARIM MT";"800";"109,000";"1.016,41";"1.012,91"
"7128";"MASSA FRESCA ROMENA 500G ESPAGHETTE";"800";"65,000";"700,45";"700,45"
"7129";"MASSA FRESCA ROMENA 500G TALHARIM";"800";"82,000";"887,08";"887,08"
"20652";"MASSA GERMANI C VEG 500G PARAF";"800";"231,000";"1.495,09";"1.495,09"
"20679";"MASSA GERMANI C VEG 500G PENNE";"800";"202,000";"1.310,58";"1.310,58"
"20608";"MASSA GERMANI LEVIT INT 500G ESPAG";"800";"121,000";"724,79";"724,79"
"2948";"MASSA GERMANI LEVIT INT 500G PARAF";"800";"82,000";"491,18";"491,18"
"20632";"MASSA LASANHA GERMANI 500G";"800";"228,000";"2.596,92";"2.596,92"
"7130";"MASSA LASANHA ITALIANY 500G LG";"800";"2.983,000";"23.586,07";"23.586,07"
"7131";"MASSA LASANHA ROMENA 500G";"800";"1.825,000";"16.694,75";"16.694,75"
"7132";"MASSA MODEL ACRILEXSOFTCOR FOSC12UN";"800";"65,000";"473,20";"473,20"
"7134";"MASSA MODELAR ACRILEX SOFT 150G AM LIMAO";"800";"21,000";"188,79";"188,79"
"7135";"MASSA MODELAR ACRILEX SOFT 150G AZUL";"800";"37,000";"332,63";"332,63"
"7136";"MASSA MODELAR ACRILEX SOFT 150G MARAVILHA";"800";"28,000";"251,72";"251,72"
"7137";"MASSA MODELAR ACRILEX SOFT 150G NC VERDE";"800";"19,000";"170,81";"170,81"
"7138";"MASSA MODELAR ACRILEX SOFT 150G NC VERMELHO";"800";"20,000";"179,80";"179,80"
"7133";"MASSA MODELAR ACRILEX SOFT 6UN";"800";"45,000";"179,55";"179,55"
"34974";"MASSA MODELAR LYKE 6 CORES PASTEIS";"800";"55,000";"191,95";"191,95"
"35009";"MASSA MODELAR LYKE C6 CORES NEON";"800";"105,000";"366,45";"366,45"
"2884";"MASSA PARATI C OVOS 400G FURADINHO";"800";"80,000";"377,50";"377,50"
"34983";"MASSA PASTEL DITALIA COLONIAL 2KG QUADRADA";"800";"41,000";"1.164,49";"1.164,49"
"20666";"MASSA PASTEL DITALIA COLONIAL 900G";"800";"675,000";"9.067,42";"9.067,42"
"20668";"MASSA PASTEL DITALIA DG 500G ";"800";"629,000";"4.658,27";"4.657,67"
"20669";"MASSA PASTEL DITALIA DL 500G ";"800";"1.841,000";"13.692,91";"13.692,91"
"7141";"MASSA PASTEL ITALIANY 200G DP";"800";"626,000";"3.034,66";"3.034,66"
"7142";"MASSA PASTEL ITALIANY 500G DG";"800";"636,000";"4.723,64";"4.722,14"
"7143";"MASSA PASTEL ITALIANY 500G DL";"800";"1.248,000";"9.074,02";"9.073,52"
"7144";"MASSA PASTEL ROMENA 200G DM";"800";"332,000";"1.686,38";"1.686,38"
"7145";"MASSA PASTEL ROMENA 200G DP";"800";"506,000";"2.567,24";"2.567,24"
"7146";"MASSA PASTEL ROMENA 300G FORNO";"800";"127,000";"1.544,73";"1.544,73"
"7147";"MASSA PASTEL ROMENA 500G DG";"800";"613,000";"4.791,87";"4.791,87"
"7148";"MASSA PASTEL ROMENA 500G DL";"800";"2.652,000";"20.643,48";"20.639,48"
"20673";"MASSA PASTEL ROMENA DGB 500G";"800";"893,000";"6.963,07";"6.963,07"
"7149";"MASSA PASTELAO ROMENA 300G FORNO";"800";"210,000";"2.548,90";"2.548,90"
"20681";"MASSA PENNE RIGATE BARILLA 500G";"800";"21,000";"419,79";"419,79"
"20689";"MASSA PIZZA ROMENA 150G PZ";"800";"388,000";"2.563,32";"2.563,32"
"7152";"MASSA ROLO ROMENA 2KG";"800";"17,000";"557,23";"557,23"
"7153";"MASSA ROLO ROMENA 400G";"800";"140,000";"1.118,60";"1.118,60"
"2940";"MASSA S OVOS NORDESTE 1KG ESPAGUETE";"800";"174,000";"1.338,06";"1.338,06"
"2941";"MASSA S OVOS NORDESTE 1KG PARAFUSO";"800";"285,000";"2.191,65";"2.191,65"
"2931";"MASSA S OVOS ORQUIDEA 500G PARAFUSO TRICOL";"800";"84,000";"587,16";"587,16"
"20611";"MASSA SEMOLA GERMANI 1KG ESPAG";"800";"304,000";"2.155,56";"2.155,56"
"20611";"MASSA SEMOLA GERMANI 1KG ESPAG";"810";"4,000";"27,96";"27,96"
"20664";"MASSA SEMOLA GERMANI 1KG PARAF";"800";"379,000";"2.649,21";"2.649,21"
"20612";"MASSA SEMOLA GERMANI 500G ESPAG";"800";"756,000";"3.016,44";"3.016,44"
"20665";"MASSA SEMOLA GERMANI 500G PARAF";"800";"853,000";"3.403,47";"3.403,47"
"20683";"MASSA SEMOLA GERMANI 500G PENNE";"800";"408,000";"1.627,92";"1.627,92"
"20702";"MASSA SEMOLA GERMANI TALHARIM 500G";"800";"612,000";"3.910,68";"3.910,68"
"20695";"MASSA SPAGUETTI BARILLA N5 500G";"800";"41,000";"729,39";"729,39"
"20697";"MASSA SPAGUETTONI BARILLA N7 500G";"800";"51,000";"907,29";"907,29"
"20731";"MATA MOSCA CABO PLAST";"800";"21,000";"146,79";"146,79"
"20733";"MECHA COLORIDA P CABELO";"800";"5,000";"49,95";"49,95"
"38304";"MEIA 3 4 FIO 15 NAT CLARO UNICO 34 39";"800";"24,000";"215,76";"215,76"
"38305";"MEIA 3 4 FIO 15 NATURAL UNICO 34 39";"800";"45,000";"404,55";"404,55"
"38312";"MEIA 3 4 FIO 40 NAT CLARO UNICO";"800";"33,000";"296,67";"296,67"
"38315";"MEIA 3 4 FIO 40 NATURAL UNICO";"800";"58,000";"521,42";"521,42"
"38307";"MEIA 3 4 FIO 40 PRETO UNICO 34 39";"800";"24,000";"215,76";"215,76"
"38303";"MEIA 3 4 INDIVIDUAL 34 39 FIO 15 PT";"800";"21,000";"188,79";"188,79"
"38319";"MEIA CALCA FIO 15 NATURAL TAM P";"800";"18,000";"305,82";"305,82"
"38317";"MEIA CALCA FIO 15 PRETO TAM P 36 38";"800";"15,000";"254,85";"254,85"
"38322";"MEIA CALCA FIO 15 TAM G 44 A 46 NATURAL";"800";"50,000";"849,50";"849,50"
"38323";"MEIA CALCA FIO 15 TAM G 44 A 46 PRETA";"800";"32,000";"543,68";"543,68"
"38318";"MEIA CALCA FIO 15 TAM GG 46 A 48 NATURAL";"800";"70,000";"1.189,30";"1.189,30"
"38320";"MEIA CALCA FIO 15 TAM GG 46 A 48 PRETO";"800";"46,000";"781,54";"781,54"
"38324";"MEIA CALCA FIO 15 TAM M 40 A 42 NATURAL";"800";"34,000";"577,66";"577,66"
"38325";"MEIA CALCA FIO 15 TAM M 40 A 42 PRETA";"800";"16,000";"271,84";"271,84"
"9862";"MEIA CALCA TRIFIL ADHERENCE MED0008 W06394";"800";"2,000";"29,98";"29,98"
"37857";"MEIA CALCA TRIFIL AF FIO 15 ESPECIA";"800";"5,000";"84,50";"84,50"
"37859";"MEIA CALCA TRIFIL AF OPACA PLUS";"800";"2,000";"79,98";"79,98"
"9867";"MEIA CALCA TRIFIL FIO 15 PEQ 008 W06394";"800";"1,000";"11,99";"11,99"
"37858";"MEIA CALCA TRIFIL FIO 40 EXTRA G";"800";"6,000";"179,94";"179,94"
"9872";"MEIA CALCA TRIFIL FIO 40 MED0220 W06345";"800";"2,000";"47,78";"47,78"
"20742";"MEIA CALCA TRIFIL IMPLUS 6937GR999";"800";"1,000";"39,99";"39,99"
"38209";"MEIA CALCA TRIFIL IMPULS 7891213513 ";"800";"1,000";"36,99";"36,99"
"9858";"MEIA CALCA TRIFIL INF OPACA W06834 ";"800";"1,000";"12,90";"12,90"
"38361";"MEIA CANO LONGO ESPORTIVA 39 44";"800";"36,000";"539,64";"539,64"
"31542";"MEIA CANO LONGO ESPORTIVA LISTRAS 34 38";"800";"95,000";"2.659,05";"2.659,05"
"35657";"MEIA KU CC DISNEY";"800";"1,000";"10,99";"10,99"
"37476";"MEIA MORMAII AM CC BASICA KIT3";"800";"1,000";"34,99";"34,99"
"20751";"MEIA SOQUETE ADUL 34/39 CAPIVARAS";"800";"4,000";"79,96";"79,96"
"20752";"MEIA SOQUETE ADUL 34/39 FLORES";"800";"2,000";"39,98";"39,98"
"20755";"MEIA SOQUETE INF 23/26 BIC";"800";"2,000";"13,98";"13,98"
"20756";"MEIA SOQUETE INF 23/26 CAPIVARA";"800";"1,000";"19,99";"19,99"
"20758";"MEIA SOQUETE INF 23/26 CINZA";"800";"1,000";"6,99";"6,99"
"20759";"MEIA SOQUETE INF 23/26 CORAC";"800";"2,000";"13,98";"13,98"
"20760";"MEIA SOQUETE INF 23/26 EXPLORER";"800";"5,000";"34,95";"34,95"
"20761";"MEIA SOQUETE INF 23/26 PUG";"800";"2,000";"13,98";"13,98"
"20763";"MEIA SOQUETE INF 23/26 ROSA";"800";"2,000";"13,98";"13,98"
"20764";"MEIA SOQUETE INF 23/26 TUNNING";"800";"1,000";"6,99";"6,99"
"20766";"MEIA SOQUETE INF 27/30";"800";"1,000";"6,99";"6,99"
"20768";"MEIA SOQUETE INF 27/30 CAPIVARA";"800";"2,000";"39,98";"39,98"
"20769";"MEIA SOQUETE INF 27/30 CAPRICORNIO";"800";"4,000";"79,96";"79,96"
"20770";"MEIA SOQUETE INF 27/30 CARROS";"800";"4,000";"27,96";"27,96"
"20771";"MEIA SOQUETE INF 27/30 CINZA";"800";"4,000";"27,96";"27,96"
"20772";"MEIA SOQUETE INF 27/30 EXPLORER";"800";"5,000";"34,95";"34,95"
"20773";"MEIA SOQUETE INF 27/30 LEGO";"800";"1,000";"6,99";"6,99"
"20775";"MEIA SOQUETE INF 27/30 RAPTOR";"800";"2,000";"13,98";"13,98"
"20776";"MEIA SOQUETE INF 27/30 ROSA";"800";"3,000";"20,97";"20,97"
"20777";"MEIA SOQUETE INF 27/30 TUNNING";"800";"4,000";"27,96";"27,96"
"20780";"MEIA SOQUETE INF 31/34 BIC";"800";"2,000";"13,98";"13,98"
"20782";"MEIA SOQUETE INF 31/34 CAPRICORNIO";"800";"2,000";"39,98";"39,98"
"20783";"MEIA SOQUETE INF 31/34 CARROS";"800";"2,000";"13,98";"13,98"
"20784";"MEIA SOQUETE INF 31/34 CINZA";"800";"1,000";"6,99";"6,99"
"20785";"MEIA SOQUETE INF 31/34 CORAC";"800";"4,000";"27,96";"27,96"
"20786";"MEIA SOQUETE INF 31/34 EXPLORER";"800";"8,000";"55,92";"55,92"
"20787";"MEIA SOQUETE INF 31/34 LEGO";"800";"7,000";"48,93";"48,93"
"20789";"MEIA SOQUETE INF 31/34 RAPTOR";"800";"6,000";"41,94";"41,94"
"20790";"MEIA SOQUETE INF 31/34 ROSA";"800";"5,000";"34,95";"34,95"
"20791";"MEIA SOQUETE INF 31/34 TUNNING";"800";"3,000";"20,97";"20,97"
"9886";"MEIA TRIFIL 3/4 EUROPEU UNI0008 W06106";"800";"1,000";"5,99";"5,99"
"9891";"MEIA TRIFIL AM CM ES T08053 GRA0044";"800";"1,000";"8,99";"8,99"
"35644";"MEIA TRIFIL KM CL CAPITAO AMERICA";"800";"2,000";"21,98";"17,98"
"9884";"MEIA TRIFIL SOQUETE TRANSPARENTE UN008 W06126";"800";"10,000";"45,90";"45,90"
"31551";"MEIO ASA FGO MAIS FGO 1K";"800";"210,000";"4.134,90";"4.134,90"
"2708";"MEL APIARIO STEFFENS 500G";"800";"1,000";"29,90";"29,90"
"2654";"MEL CAMPEIRO 310G";"800";"87,000";"1.807,33";"1.807,33"
"2651";"MEL CAMPEIRO 500G";"800";"387,000";"8.071,63";"8.071,63"
"2718";"MEL DO ALEGRETE 1KG";"800";"6,000";"267,00";"267,00"
"2594";"MEL DO ALEGRETE 250G";"800";"19,000";"340,10";"340,10"
"2727";"MEL DO ALEGRETE 500G";"800";"19,000";"454,10";"454,10"
"2597";"MELADO BATIDO ST ANTONIO 400G";"800";"15,000";"240,49";"240,49"
"2624";"MELADO ST ANTONIO 500G";"800";"27,000";"442,53";"442,53"
"11441";"MELANCIA BABY KG";"800";"91,088";"1.274,11";"1.274,11"
"11442";"MELANCIA BABY PREMIUM";"800";"3,473";"31,22";"31,22"
"11443";"MELANCIA BABY UN";"800";"3,000";"25,94";"25,94"
"11446";"MELANCIA KG";"800";"0,354";"1,41";"1,41"
"11450";"MELAO CANTALOUPE";"800";"15,654";"290,18";"268,31"
"11451";"MELAO CANTALOUPE CORTADO";"800";"0,341";"3,71";"3,71"
"11453";"MELAO CEPI";"800";"1,958";"23,48";"23,48"
"11455";"MELAO DINO";"800";"16,580";"92,53";"92,53"
"11457";"MELAO ESPANHOL CORTADO";"800";"44,112";"365,71";"365,71"
"11456";"MELAO ESPANHOL KG";"800";"3.400,635";"22.377,13";"22.340,06"
"11458";"MELAO GALIA KG";"800";"52,831";"700,70";"700,70"
"11460";"MELAO GAUCHO";"800";"9,959";"69,52";"69,52"
"11461";"MELAO GAUCHO CORTADO";"800";"0,310";"2,63";"2,63"
"11464";"MELAO ORANGE CORTADO";"800";"1,194";"31,03";"31,03"
"11463";"MELAO ORANGE KG";"800";"92,957";"1.211,09";"1.203,05"
"38521";"MELAO ORANGE KG PICADO";"800";"1,316";"39,36";"39,36"
"11466";"MELAO REDINHA";"800";"28,886";"404,11";"404,11"
"11467";"MELAO VERDE DOCURA KG ";"800";"144,194";"1.440,51";"1.414,70"
"38522";"MELAO VERDE DOCURA KG PICADO";"800";"2,614";"78,17";"78,17"
"3542";"MELHORADOR FLEISCHMANN SH 10G PAO CERTO";"800";"271,000";"918,69";"918,69"
"1714";"MERENGUE SOTT 100G";"800";"509,000";"3.761,51";"3.761,51"
"1724";"MERENGUE STO ANTONIO 120 G";"800";"421,000";"3.911,09";"3.911,09"
"35872";"MEXEDOR DRINK GOLDENPLAST C 500 CRISTAL";"800";"1,000";"8,99";"8,99"
"3122";"MILHO EQUIL SAUDAVEL 100G MOSTARDA MEL";"800";"12,000";"245,28";"245,28"
"20809";"MILHO GRAO SAUDAVEL 5KG";"800";"191,000";"2.906,77";"2.906,77"
"20810";"MILHO PIPOCA ARBAZA PREMIUM 400G";"800";"2.389,000";"7.145,71";"7.145,31"
"2401";"MILHO PIPOCA BELLA DICA 400GR";"800";"1.647,000";"5.771,23";"5.771,23"
"2401";"MILHO PIPOCA BELLA DICA 400GR";"810";"4,000";"13,96";"13,96"
"2026";"MILHO PIPOCA SERRA URUGUAI TP1 400G";"800";"11.140,000";"32.969,89";"27.825,89"
"2418";"MILHO PIPOCA YOKI 400G PREMIUM";"800";"1.677,000";"10.045,23";"10.041,83"
"2413";"MILHO PIPOCA YOKI 400G TRAD";"800";"3.788,000";"14.367,92";"11.229,12"
"3112";"MILHO TORR SALG EQUIL SAUDAVEL 100G";"800";"6,000";"137,94";"137,94"
"20817";"MILHO VERDE FUGINI SH 1 7K";"800";"346,000";"9.108,54";"8.040,54"
"2394";"MILHO VERDE FUGINI SH 170G";"800";"17.169,000";"51.545,87";"46.287,56"
"2398";"MILHO VERDE ODERICH LT 200G";"800";"2.491,000";"9.939,09";"9.939,09"
"879";"MILHO VERDE ODERICH LT 2KG";"800";"42,000";"1.384,23";"1.384,23"
"941";"MILHO VERDE OLE LT 1 7KG";"800";"93,000";"2.594,70";"2.594,70"
"2396";"MILHO VERDE OLE LT 170G";"800";"1.336,000";"5.063,44";"5.063,24"
"2399";"MILHO VERDE OLE VD 170G";"800";"1,000";"2,89";"2,89"
"11472";"MILHO VERDE PCT 400G";"800";"18.341,302";"94.879,36";"94.872,92"
"20824";"MINA GRAFITE 0 5MM C 2 TUBOS -72401";"800";"3,000";"8,97";"8,97"
"35910";"MINI APITOS BRINK FEST C 4";"800";"1,000";"3,79";"3,79"
"20833";"MINI CAN CORRETIVA 4,2ML";"800";"2,000";"4,98";"4,98"
"34924";"MINI CANETA CORRETIVA 4ML";"800";"1,000";"3,59";"3,59"
"7161";"MINI CHICKEN PERDIGAO 275G TRAD";"800";"195,000";"2.361,55";"2.358,35"
"11473";"MINI CHURROS DOCE LEIT SPECIATTA";"800";"106,840";"6.072,03";"5.717,33"
"35267";"MINI CHURROS MARQUESPAN KG";"800";"9,080";"363,20";"363,20"
"11474";"MINI COXINHA FRANGO SPECIATTA";"800";"267,158";"15.012,67";"13.587,77"
"11476";"MINI CROQUETE CARN REQ SPECIATTA";"800";"128,905";"7.304,45";"6.807,65"
"38170";"MINI DINHEIRO BRINK FEST C 70";"800";"1,000";"5,59";"5,59"
"20842";"MINI ESP P MAQUIAGEM C 4";"800";"21,000";"104,79";"104,79"
"20844";"MINI FEMUR PETISCAO DEFUMADO C 1";"800";"28,000";"299,32";"299,32"
"20846";"MINI GRAMPEADOR JOCAR OFFICE";"800";"1,000";"13,99";"13,99"
"35823";"MINI GRAMPEADOR LYKE GRAMPO 26 6";"800";"9,000";"139,41";"139,41"
"35844";"MINI GRAMPEADOR PLASTICO 93060";"800";"2,000";"19,98";"19,98"
"20849";"MINI LIXA FLORENCE BOLSA 601 BT";"800";"2,000";"10,98";"10,98"
"20850";"MINI LUMINARIA FLUORESCENTE FLOR";"800";"1,000";"5,99";"5,99"
"20851";"MINI LUMINARIA FLUORESCENTE SOL WX941";"800";"1,000";"6,99";"6,99"
"38201";"MINI MAM LOLLY CLEAN 50ML F";"800";"2,000";"29,78";"29,78"
"38203";"MINI MAM LOLLY CLEAN 50ML M";"800";"2,000";"29,78";"29,78"
"20854";"MINI PA P JARDINAGEM CM36 ";"800";"11,000";"186,89";"186,89"
"11479";"MINI PASTEL FOLH FGO SPECIATTA";"800";"242,378";"14.194,77";"12.079,39"
"11480";"MINI PASTEL FRIT CARNE SPECIATTA";"800";"185,624";"10.611,16";"9.597,29"
"20857";"MINI PROCES ALIM PREMIUM 170ML VERM";"800";"1,000";"10,99";"10,99"
"37570";"MINI QUADRO 20X20 QQ1049";"800";"3,000";"14,97";"14,97"
"20859";"MINI RALR C/2 R.HW54662";"800";"2,000";"25,56";"25,56"
"20860";"MINI RALR CARTELA 7CM R.HW54660X";"800";"1,000";"7,28";"7,28"
"31581";"MINI RASTELO JARDINAGEM CM120";"800";"3,000";"32,97";"32,97"
"11481";"MINI RISOLIS CARNE SPECIATTA";"800";"131,870";"7.523,16";"6.847,99"
"11482";"MINI RISOLIS FRANGO SPECIATTA";"800";"224,496";"12.561,13";"10.493,87"
"11483";"MINI RISOLIS SPECIATTA PRES QJO KG ";"800";"13,927";"807,62";"807,62"
"20862";"MINI SACHO DUPLO JARDINAGEM CM36";"800";"9,000";"152,91";"152,91"
"20868";"MINI TRITURADOR MAN 2 LAM INOX";"800";"5,000";"54,95";"54,95"
"3729";"MIST BOLO FLEISCHMANN 390G CENOURA UP";"800";"70,000";"848,90";"791,40"
"7172";"MIST CANARIO AGUIA 500G";"800";"88,000";"948,30";"948,30"
"3685";"MIST LACTEA COND ITALAC TP 395G";"800";"257,000";"1.237,93";"1.237,93"
"3682";"MIST LACTEA COND TRIANGULO TP 395G";"800";"23.156,000";"91.612,74";"89.105,94"
"3682";"MIST LACTEA COND TRIANGULO TP 395G";"810";"4,000";"15,16";"15,16"
"20890";"MIST P BOL NORDESTE LAR RF 400G";"800";"218,000";"1.022,42";"1.022,42"
"3692";"MIST P BOLO APTI 380G AIPIM";"800";"477,000";"2.237,72";"2.237,72"
"33372";"MIST P BOLO APTI 380G CHOC C MOR";"800";"1.373,000";"6.504,53";"6.504,53"
"33370";"MIST P BOLO APTI 380G CHOC E AVELA";"800";"923,000";"4.347,06";"4.347,06"
"33371";"MIST P BOLO APTI 380G CHOC E COCO";"800";"534,000";"2.514,22";"2.514,22"
"3696";"MIST P BOLO APTI 400G ABACAXI";"800";"716,000";"3.382,32";"3.382,32"
"3701";"MIST P BOLO APTI 400G BAUNILHA";"800";"704,000";"3.310,89";"3.309,69"
"3702";"MIST P BOLO APTI 400G CENOURA";"800";"879,000";"4.124,26";"4.123,26"
"3704";"MIST P BOLO APTI 400G CHOC";"800";"5.159,000";"24.318,14";"24.310,42"
"3705";"MIST P BOLO APTI 400G COCO";"800";"793,000";"3.746,31";"3.746,31"
"3706";"MIST P BOLO APTI 400G FLORES NEGRAS";"800";"808,000";"3.809,37";"3.809,37"
"3706";"MIST P BOLO APTI 400G FLORES NEGRAS";"810";"4,000";"19,16";"19,16"
"3707";"MIST P BOLO APTI 400G LARANJA";"800";"2.195,000";"10.328,45";"10.327,45"
"3709";"MIST P BOLO APTI 400G LIMAO";"800";"467,000";"2.212,10";"2.212,10"
"3711";"MIST P BOLO APTI 400G MILHO";"800";"432,000";"2.051,93";"2.051,93"
"3712";"MIST P BOLO APTI 400G QUATRO LEITES";"800";"1.174,000";"5.566,19";"5.562,59"
"3717";"MIST P BOLO APTI PREMIUM 400G AIPIM";"800";"6,000";"70,14";"70,14"
"31594";"MIST P BOLO DR OETKER AIRFRYE 230G CHOCOLATE";"800";"45,000";"278,55";"278,55"
"31595";"MIST P BOLO DR OETKER AIRFRYE 230G LARANJA";"800";"46,000";"284,74";"284,74"
"31596";"MIST P BOLO DR OETKER AIRFRYE 240G";"800";"98,000";"665,42";"665,42"
"3747";"MIST P BOLO FLEISCHMANN 350G PETIT GATEAU";"800";"79,000";"936,41";"881,21"
"3728";"MIST P BOLO FLEISCHMANN 390G AIPIM";"800";"215,000";"2.125,25";"1.942,85"
"3731";"MIST P BOLO FLEISCHMANN 390G CHOC";"800";"119,000";"1.379,71";"1.280,81"
"3736";"MIST P BOLO FLEISCHMANN 390G COCO";"800";"150,000";"1.428,80";"1.309,10"
"3740";"MIST P BOLO FLEISCHMANN 390G LARANJA";"800";"218,000";"2.165,32";"1.967,72"
"3742";"MIST P BOLO FLEISCHMANN 390G MILHO";"800";"184,000";"1.825,66";"1.685,06"
"3733";"MIST P BOLO FLEISCHMANN 400G CHOCMOUSSE";"800";"105,000";"1.212,25";"1.117,95"
"3756";"MIST P BOLO NORDESTE 400G AIPIM";"800";"161,000";"755,09";"755,09"
"3761";"MIST P BOLO NORDESTE 400G BAUNILHA";"800";"224,000";"1.050,56";"1.047,77"
"3759";"MIST P BOLO NORDESTE 400G CENOURA";"800";"230,000";"1.078,70";"1.078,70"
"3763";"MIST P BOLO NORDESTE 400G CHOC";"800";"986,000";"4.624,34";"4.622,24"
"3765";"MIST P BOLO NORDESTE 400G COCO";"800";"288,000";"1.350,72";"1.350,72"
"3767";"MIST P BOLO NORDESTE 400G FUBA";"800";"118,000";"553,42";"553,42"
"3770";"MIST P BOLO NORDESTE INTEGRAL 400G CACAU E AVEIA";"800";"13,000";"76,57";"76,57"
"3776";"MIST P BOLO NORDESTE INTEGRAL 400G CRAVO E CANELA";"800";"26,000";"153,14";"153,14"
"3780";"MIST P BOLO ORQUIDEA 350G ABACAXI";"800";"156,000";"1.012,44";"1.012,44"
"3781";"MIST P BOLO ORQUIDEA 350G BAUNILHA";"800";"158,000";"1.025,42";"1.025,42"
"3785";"MIST P BOLO ORQUIDEA 350G CENOURA";"800";"177,000";"1.148,73";"1.148,73"
"3787";"MIST P BOLO ORQUIDEA 350G CHOCOLATE";"800";"584,000";"3.790,16";"3.790,16"
"3788";"MIST P BOLO ORQUIDEA 350G COCO";"800";"138,000";"895,62";"895,62"
"3789";"MIST P BOLO ORQUIDEA 350G LARANJA";"800";"360,000";"2.336,40";"2.336,40"
"3791";"MIST P BOLO ORQUIDEA 350G LIMAO";"800";"96,000";"623,04";"623,04"
"3796";"MIST P PAO QUEIJO APTI SH 250G PARMESAO";"800";"321,000";"2.885,79";"2.885,79"
"3798";"MIST P PAO QUEIJO YOKI 250G";"800";"91,000";"1.518,79";"1.518,79"
"3824";"MIST P SAGU APTI 250G MOR";"800";"21,000";"234,39";"234,39"
"3825";"MIST P SAGU APTI 250G UVA";"800";"82,000";"919,18";"919,18"
"3826";"MIST P SAGU NEILAR 150G MORANGO";"800";"113,000";"563,87";"563,87"
"3827";"MIST P SAGU NEILAR 150G UVA";"800";"125,000";"623,75";"623,75"
"20900";"MIST REQ CAROLINA 180G";"800";"1.127,000";"7.877,73";"7.877,73"
"9905";"MIX ALPISTE AMIGO PET 500G";"800";"19,000";"232,62";"232,62"
"9906";"MIX CANARIOS AMIGO PET 500G";"800";"14,000";"111,86";"111,86"
"36353";"MIX GRAOS CALDO BOM COMPLETO 500G";"800";"7,000";"34,93";"34,93"
"36351";"MIX GRAOS E CENOURA CALDO BOM 500G";"800";"16,000";"79,84";"79,84"
"9907";"MIX PERIQUITOS AMIGO PET 500G";"800";"3,000";"18,87";"18,87"
"20905";"MIX VEGETAIS LAR CONG 300G";"800";"349,000";"2.788,51";"2.788,51"
"20906";"MIXER 21CM";"800";"1,000";"10,99";"10,99"
"20946";"MOC COSTAS UNICORNIO CLIO-UN3197J";"800";"2,000";"159,98";"159,98"
"20948";"MOC COSTAS UNICORNIO UN3495J ";"800";"1,000";"49,99";"49,99"
"20947";"MOC COSTAS UNICORNIO-HL23118J";"800";"1,000";"89,99";"89,99"
"20956";"MOC ESC COSTAS HL3598J";"800";"1,000";"89,99";"89,99"
"20978";"MOC EXECUTIVA PTA-YS28163";"800";"1,000";"49,99";"49,99"
"20992";"MOC INF OCEAN-KMA5112 XSY";"800";"1,000";"39,99";"39,99"
"20996";"MOC JACARE YS42313 ";"800";"1,000";"39,99";"39,99"
"31607";"MOCH BRASILIDADES-YS29605";"800";"1,000";"59,99";"59,99"
"35801";"MOCHILA CARRINHO CP3406B";"800";"1,000";"69,99";"69,99"
"36429";"MOCHILA CARRINHO FREE FIRE FR2494";"800";"1,000";"79,99";"79,99"
"34384";"MOCHILA COSTAS 17 5 ML25067 PTO";"800";"2,000";"191,80";"191,80"
"36518";"MOCHILA COSTAS DARK SPIDER DS3525";"800";"2,000";"99,98";"99,98"
"35834";"MOCHILA COSTAS MINI PIRATA PL3133";"800";"1,000";"19,99";"19,99"
"37267";"MOCHILA ESC CG2107";"800";"1,000";"59,99";"59,99"
"36688";"MOCHILA ESC GATINHA NINI NN3515J";"800";"1,000";"49,99";"49,99"
"36872";"MOCHILA JUV FEM BASIC SORTIDA";"800";"1,000";"21,99";"21,99"
"21008";"MODELADORES CILIOS PINK";"800";"2,000";"43,98";"43,98"
"37511";"MOEDOR DE PIMENTA ACRILICO";"800";"1,000";"29,90";"29,90"
"3664";"MOEDOR MIX PIMENTAS EQUIL SAUD 40G";"800";"16,000";"529,44";"529,44"
"36824";"MOEDOR PIMENTA 2PCS ACRILICO";"800";"3,000";"53,97";"53,97"
"3665";"MOEDOR PIMENTA REINO EQUIL SAUD 50G";"800";"16,000";"451,24";"451,24"
"3663";"MOEDOR SAL ROSA EQUIL SAUDAVEL 100G LEMON PEPPER";"800";"5,000";"134,45";"134,45"
"3661";"MOEDOR SAL ROSA EQUIL SAUDAVEL 80G CHIMICHURRI";"800";"6,000";"152,34";"152,34"
"21012";"MOEDOR SAL ROSA PIM REINO 100G";"800";"1,000";"16,90";"16,90"
"11487";"MOELA FGO PERDIGAO CONG 1KG";"800";"391,000";"6.620,59";"6.618,99"
"11489";"MOELA FGO SEARA CONG 1KG";"800";"502,000";"8.045,78";"8.045,78"
"21038";"MOL BARBECUE ODERICH PREMIUM 400G";"800";"147,000";"1.610,22";"1.610,22"
"21048";"MOL FUNGHI PRESIDENT 200G";"800";"30,000";"149,70";"149,70"
"21052";"MOL P SAL CASEIRO 234ML";"800";"9,000";"123,91";"123,91"
"21075";"MOL PRONTO CEBOLA CARAMELIZADA 200G";"800";"1,000";"4,99";"4,99"
"21080";"MOL SHOYU KNORR 150ML";"800";"4,000";"37,96";"37,96"
"21108";"MOL TOM POMAROLA CEB ALHO SH 420G";"800";"14,000";"100,74";"100,74"
"21125";"MOL TOM TRAD VAL SH 300G";"800";"20.568,000";"31.860,00";"27.496,20"
"21126";"MOL TOM VAL PIZZA SH 1 7K";"800";"110,000";"1.184,93";"1.184,93"
"21127";"MOL TOM VAL PIZZA SH 300G";"800";"127,000";"252,73";"252,73"
"21128";"MOL TOM VAL TRAD SH 1 7K";"800";"1,000";"9,90";"9,90"
"35922";"MOLDE NUMEROS INOX R KC45538X";"800";"1,000";"15,99";"15,99"
"2736";"MOLHO ALHO ADIGEL GF 900ML";"800";"423,000";"3.612,57";"3.612,57"
"2729";"MOLHO ALHO EXTREMO SABOR 250ML";"800";"201,000";"1.002,99";"1.002,99"
"2726";"MOLHO ALHO EXTREMO SABOR 250ML CEBOLA E SALSA";"800";"67,000";"335,63";"335,63"
"2728";"MOLHO ALHO EXTREMO SABOR 250ML P FRANGO";"800";"52,000";"259,48";"259,48"
"2733";"MOLHO ALHO KITANO 150ML";"800";"118,000";"1.020,42";"1.020,42"
"38271";"MOLHO ALHO SABOR CASEIRO 1 01KG";"800";"169,000";"1.181,31";"1.181,31"
"2730";"MOLHO ALHO TRISANTI 225G CREMOSO";"800";"38,000";"303,62";"303,62"
"21029";"MOLHO BARBECUE C WHISKY FUGINI 180G";"800";"7,000";"41,93";"41,93"
"2876";"MOLHO BARBECUE ELEFANTE SQZ 190G";"800";"29,000";"266,25";"266,25"
"2870";"MOLHO BARBECUE FUGINI SH BICO 180G";"800";"472,000";"1.647,28";"1.646,88"
"21034";"MOLHO BARBECUE HELLMANNS TRAD 400G";"800";"5,000";"49,95";"49,95"
"2874";"MOLHO BARBECUE ODERICH 200G";"800";"393,000";"2.157,57";"2.157,57"
"2882";"MOLHO BCO ELEGE 200G";"800";"519,000";"3.108,81";"3.108,81"
"34471";"MOLHO DE PIMENTA VAL 150G";"800";"366,000";"1.826,34";"1.826,34"
"2885";"MOLHO ELEGE 4 QUEIJOS 200G";"800";"742,000";"4.444,58";"4.444,58"
"912";"MOLHO EXTREMO SABOR ALHO 1 01L";"800";"96,000";"961,59";"958,59"
"913";"MOLHO EXTREMO SABOR P FGO 1 01L";"800";"54,000";"539,46";"539,46"
"914";"MOLHO EXTREMO SABOR PIMENTA 1L";"800";"65,000";"652,92";"652,92"
"38272";"MOLHO FGO SABOR CASEIRO 1 01K";"800";"32,000";"223,68";"223,68"
"2888";"MOLHO FUGINI 4 QUEIJOS SH 290G";"800";"4,000";"39,60";"39,60"
"2892";"MOLHO INGLES EXTREMO SABOR 250ML";"800";"71,000";"354,29";"354,29"
"2894";"MOLHO INGLES KITANO 150ML";"800";"93,000";"773,47";"773,47"
"38273";"MOLHO INGLES SABOR CASEIRO 1 01K";"800";"48,000";"335,52";"335,52"
"2898";"MOLHO MADEIRA ELEGE 200G";"800";"292,000";"1.749,08";"1.749,08"
"2901";"MOLHO MADEIRA FUGINI SH 300G";"800";"43,000";"423,70";"423,70"
"3083";"MOLHO ODERICH 220G BURGUER";"800";"54,000";"564,03";"564,03"
"3081";"MOLHO ODERICH 220G CEBOLA CARAMELI";"800";"34,000";"345,12";"345,12"
"3075";"MOLHO ODERICH 220G CHEDDAR";"800";"69,000";"713,88";"713,88"
"3072";"MOLHO ODERICH 220G PARMESAO";"800";"40,000";"409,61";"409,61"
"35701";"MOLHO P SAL LIZA 234ML CAESAR";"800";"12,000";"131,88";"131,88"
"21053";"MOLHO P SAL LIZA 234ML LIMAO";"800";"1,000";"11,99";"11,99"
"21054";"MOLHO P SAL LIZA 234ML ROSE";"800";"13,000";"155,87";"155,87"
"2921";"MOLHO PIMENT TRISANTI 250G SWEET CHILI";"800";"20,000";"178,30";"178,30"
"2955";"MOLHO PIMENTA EXTREMO SABOR 150ML EXTRA FORTE";"800";"177,000";"1.823,62";"1.823,62"
"2910";"MOLHO PIMENTA EXTREMO SABOR 250ML";"800";"126,000";"628,74";"628,74"
"2927";"MOLHO PIMENTA KITANO 150ML";"800";"192,000";"1.597,68";"1.597,68"
"2957";"MOLHO PIMENTA KNORR CICA 150ML";"800";"370,000";"3.251,30";"3.251,30"
"34570";"MOLHO PIMENTA NOVITA 150ML CALABRESA";"800";"335,000";"1.001,65";"1.001,65"
"34569";"MOLHO PIMENTA NOVITA 150ML VERMELHA";"800";"81,000";"242,19";"242,19"
"38274";"MOLHO PIMENTA SABOR CASEIRO 1 01K";"800";"42,000";"293,58";"293,58"
"2918";"MOLHO PIMENTA TRISANTI 150ML TABASCO";"800";"16,000";"95,44";"95,44"
"2951";"MOLHO PIMENTA TRISANTI 225G BIQUINHO";"800";"27,000";"265,73";"265,73"
"2936";"MOLHO PIMENTA TRISANTI 225G CASEIRINHO";"800";"24,000";"210,76";"210,76"
"2945";"MOLHO PIMENTA TRISANTI 225G CREMOSO";"800";"19,000";"189,81";"189,81"
"2938";"MOLHO PIMENTA TRISANTI 225G DEDO MOCA C ALH";"800";"41,000";"360,59";"360,59"
"2932";"MOLHO PIMENTA TRISANTI 260G CHIPOTLE";"800";"41,000";"356,59";"356,59"
"34579";"MOLHO SALADA SALSARETTI 235ML CASEIRO";"800";"19,000";"151,81";"151,81"
"34576";"MOLHO SALADA SALSARETTI 235ML FRESH";"800";"14,000";"117,86";"117,86"
"34577";"MOLHO SALADA SALSARETTI 235ML ITALIAN";"800";"12,000";"95,88";"95,88"
"34578";"MOLHO SALADA SALSARETTI 235ML LIMAO";"800";"18,000";"143,82";"143,82"
"34580";"MOLHO SALADA SALSARETTI 235ML PARMESSAO";"800";"23,000";"229,77";"229,77"
"31632";"MOLHO SALSARETTI TOP DOWN BARBECUE 380G";"800";"34,000";"412,60";"412,60"
"2964";"MOLHO SHOYU EXTREMO SABOR 1 01L";"800";"240,000";"2.397,60";"2.397,60"
"2961";"MOLHO SHOYU EXTREMO SABOR 250ML";"800";"330,000";"1.652,94";"1.652,94"
"2962";"MOLHO SHOYU KITANO 150ML";"800";"134,000";"1.070,66";"1.070,66"
"38275";"MOLHO SHOYU SABOR CASEIRO 1 01K";"800";"110,000";"768,90";"768,90"
"3031";"MOLHO SHOYU SAKURA 150ML";"800";"7,000";"41,93";"41,93"
"2965";"MOLHO SHOYU SAKURA 500ML";"800";"15,000";"329,85";"329,85"
"2886";"MOLHO STROGONOFF FUGINI SH 300G";"800";"48,000";"538,20";"538,20"
"2963";"MOLHO TARE SAKURA 180ML";"800";"8,000";"79,89";"79,89"
"2568";"MOLHO TOM CAJAMAR SH 300G TRAD";"800";"6.213,000";"12.115,67";"12.115,67"
"2568";"MOLHO TOM CAJAMAR SH 300G TRAD";"810";"15,000";"29,85";"29,85"
"38441";"MOLHO TOM DIA 340G TRAD";"800";"12.642,000";"18.057,08";"14.848,58"
"916";"MOLHO TOM FUGINI PIZZA SH 1 7KG";"800";"92,000";"1.250,82";"1.250,82"
"2588";"MOLHO TOM FUGINI SH 300G BOLONHESA";"800";"349,000";"1.567,01";"1.567,01"
"2582";"MOLHO TOM FUGINI SH 300G ERVAS FINAS";"800";"185,000";"830,65";"830,65"
"2591";"MOLHO TOM FUGINI SH 300G MANJERICAO";"800";"363,000";"1.672,37";"1.672,37"
"2571";"MOLHO TOM FUGINI SH 300G PENEIRADO";"800";"14.672,000";"27.552,48";"22.823,08"
"2584";"MOLHO TOM FUGINI SH 300G PIZZA";"800";"582,000";"2.613,18";"2.613,18"
"2573";"MOLHO TOM FUGINI SH 300G TRAD";"800";"31.081,000";"57.476,79";"48.474,45"
"2577";"MOLHO TOM FUGINI SH 300G ZERO";"800";"124,000";"490,26";"490,26"
"918";"MOLHO TOM FUGINI TRAD SH 1 7KG";"800";"322,000";"4.269,31";"4.174,56"
"921";"MOLHO TOM ODERICH PASSATA LT 850G";"800";"191,000";"1.992,65";"1.992,65"
"2609";"MOLHO TOM ODERICH PIZZA SH 1 010KG";"800";"1.256,000";"8.552,44";"7.909,44"
"2606";"MOLHO TOM ODERICH SH 1 010G TRAD";"800";"1.231,000";"8.407,69";"7.772,69"
"2605";"MOLHO TOM POMAROLA SH 300G BOLONHESA";"800";"171,000";"1.024,29";"1.024,29"
"2601";"MOLHO TOM POMAROLA SH 300G CASEIRO CLASSICO";"800";"329,000";"1.686,49";"1.686,49"
"2600";"MOLHO TOM POMAROLA SH 300G CASEIRO MANJERICAO";"800";"170,000";"864,38";"864,38"
"3846";"MOLHO TOM POMAROLA SH 300G PASSATA";"800";"151,000";"855,99";"854,99"
"2596";"MOLHO TOM POMAROLA SH 300G TRAD";"800";"288,000";"1.319,34";"1.319,34"
"2598";"MOLHO TOM POMAROLA VD 700G PASSATA";"800";"32,000";"684,80";"684,80"
"2569";"MOLHO TOM POMODORO SH 300G TRAD";"800";"9.098,000";"15.031,62";"12.127,32"
"33937";"MOLHO TOM SALSARETTI 910G TRITURADO";"800";"145,000";"2.463,55";"2.461,55"
"3851";"MOLHO TOM SALSARETTI SH 300G PASSATA RUSTICA";"800";"108,000";"498,12";"498,12"
"33936";"MOLHO TOM SALSARETTI VD 530G CLASSICO";"800";"42,000";"587,58";"587,58"
"3850";"MOLHO TOM SALSARETTI VD 680G PASSATA RUSTICA";"800";"31,000";"575,51";"575,51"
"21118";"MOLHO TOM TARANTELLA PIZZA SH 1 7KG";"800";"181,000";"2.345,79";"2.345,79"
"21119";"MOLHO TOM TARANTELLA TRAD 1 7KG";"800";"425,000";"5.506,80";"5.479,80"
"33468";"MOLHO TOMATE HEINZ 240G C PEDACOS";"800";"518,000";"2.066,82";"2.066,82"
"21137";"MOLUSC MADELESMA RES UMED LESMAS 250G";"800";"23,000";"367,77";"367,77"
"7174";"MOP BETTANIN SEKITO AP1442 ";"800";"1,000";"102,98";"102,98"
"21138";"MOP CONDOR AUTO TORCAO";"800";"6,000";"239,94";"239,94"
"21140";"MOP GIRATORIO 360 C BALDE INOX 9L";"800";"201,000";"10.692,14";"10.321,17"
"21142";"MOP LIMPEZA GERAL EM CASA TEM CLEAN";"800";"1,000";"32,90";"32,90"
"21144";"MOP RET FLAT PLAST 5L";"800";"3,000";"149,70";"149,70"
"21145";"MOP SPRAY PLAST EM CASA TEM CLEAN";"800";"17,000";"729,30";"729,30"
"11491";"MORANGA CABUTIA CORTADA EMBALADA";"800";"5.310,185";"31.755,00";"31.755,00"
"11492";"MORANGA CABUTIA FRACIONADA VAC";"800";"37,962";"758,42";"758,42"
"11493";"MORANGA CABUTIA INTEIRA";"800";"32.509,247";"86.573,45";"86.533,52"
"11493";"MORANGA CABUTIA INTEIRA";"810";"6,932";"13,73";"13,73"
"38504";"MORANGA DESCASCADA PCT 500G";"800";"1,000";"12,98";"12,98"
"11494";"MORANGUINHO BDJ 250G";"800";"2.849,000";"46.212,13";"46.007,70"
"7177";"MORCELA EXCELSIOR 250G BCA";"800";"140,000";"1.804,60";"1.804,60"
"11497";"MORCELA OURO SUL BCA KG";"800";"42,156";"1.100,91";"1.100,91"
"11498";"MORCELA OURO SUL PTA KG";"800";"99,139";"2.576,56";"2.576,56"
"7178";"MORCELA SANTA CLARA 230G BRANCA";"800";"60,000";"869,40";"869,40"
"35203";"MORDEDOR AGUA UVA";"800";"1,000";"19,99";"19,99"
"38202";"MORDEDOR LOLLY AGUA CAVALINHO F";"800";"1,000";"18,49";"18,49"
"38204";"MORDEDOR LOLLY AGUA CAVALINHO M";"800";"1,000";"18,49";"18,49"
"38205";"MORDEDOR LOLLY AGUA URSINHO F";"800";"2,000";"36,98";"36,98"
"21149";"MORDEDOR LOLLY ESTRELA F R704101 F R 7041 01 F";"800";"3,000";"52,59";"52,59"
"21150";"MORDEDOR LOLLY ESTRELAS M R 7041 01 M";"800";"7,000";"119,75";"119,75"
"21151";"MORDEDOR MAOZINHA BEBE UNICA AZUL";"800";"1,000";"11,99";"11,99"
"21152";"MORDEDOR MAOZINHA BEBE UNICA ROSA";"800";"1,000";"11,99";"11,99"
"21153";"MORDEDOR MEU CONTROLE UNICA";"800";"3,000";"68,97";"68,97"
"37424";"MORDEDOR P PET OSSO";"800";"1,000";"12,99";"12,99"
"21178";"MORDEDOR P PET OSSO 13CM";"800";"3,000";"29,97";"29,97"
"21179";"MORDEDOR P PET OSSO 13CM ";"800";"29,000";"295,32";"295,32"
"21199";"MORDEDOR P PET PVC BOLA 7 5CM ";"800";"19,000";"194,40";"194,40"
"35856";"MORDEDOR P PET VINIL 10 5CM";"800";"1,000";"9,99";"9,99"
"21158";"MORDEDOR P/PET BOLA 6CM C/2";"800";"38,000";"385,74";"385,74"
"21165";"MORDEDOR P/PET CHUP 9CM";"800";"21,000";"209,79";"209,79"
"21167";"MORDEDOR P/PET ESTRELA";"800";"1,000";"9,99";"9,99"
"21171";"MORDEDOR P/PET GALO 16CM";"800";"39,000";"399,81";"399,81"
"21172";"MORDEDOR P/PET GALO 30CM";"800";"25,000";"299,75";"299,75"
"21173";"MORDEDOR P/PET GALO 37CM";"800";"13,000";"207,87";"207,87"
"21204";"MORDEDOR P/PET SORTS";"800";"2,000";"19,98";"19,98"
"21205";"MORDEDOR P/PET TENIS 10CM";"800";"21,000";"215,40";"215,40"
"21206";"MORDEDOR P/PET TPR 8,5CM";"800";"1,000";"15,99";"15,99"
"21213";"MORDEDOR P/PET VINIL 10CM 192835";"800";"37,000";"554,63";"554,63"
"21214";"MORDEDOR P/PET VINIL 10CM 193719";"800";"26,000";"259,74";"259,74"
"21222";"MORDEDOR P/PET VINIL 9,5CM";"800";"13,000";"131,91";"131,91"
"21230";"MORDEDOR P/PET VINIL DONUTS 8,5CM";"800";"17,000";"173,40";"173,40"
"21234";"MORDEDOR P/PET VINIL PNEU 3,5X9,5CM";"800";"34,000";"339,66";"339,66"
"21236";"MORDEDOR P/PET VINIL SORVETE 14,5CM";"800";"33,000";"341,40";"341,40"
"33751";"MORDEDOR PET 9CM PATO";"800";"10,000";"99,90";"99,90"
"33757";"MORDEDOR PET CAO 18CM";"800";"1,000";"17,99";"17,99"
"7180";"MORDEDOR PET PVC 8CM BOLA";"800";"34,000";"345,78";"345,78"
"33444";"MORDEDOR PEZINHO AZUL BEBE";"800";"2,000";"23,98";"23,98"
"33742";"MORDERDOR PET VINIL 16CM PEIXE";"800";"3,000";"29,97";"29,97"
"9909";"MORT AURORA S TOUCINHO 400G";"800";"152,000";"1.387,64";"1.387,64"
"11499";"MORTAD AURORA BOLOGNA 180G";"800";"62,000";"497,58";"496,08"
"9908";"MORTAD AURORA C T 400G";"800";"102,000";"976,98";"976,98"
"11500";"MORTAD AURORA DEFUM 180G";"800";"18,000";"179,82";"179,82"
"7181";"MORTAD AURORA FGO 400G";"800";"116,000";"1.153,20";"1.153,20"
"7186";"MORTAD EXCELSIOR 400G C TOUC";"800";"521,000";"5.523,89";"5.523,89"
"7187";"MORTAD EXCELSIOR 400G S TOUC";"800";"155,000";"1.520,15";"1.520,15"
"11505";"MORTAD EXCELSIOR C TOUC FAT 1KG";"800";"176,000";"2.796,64";"2.796,64"
"11504";"MORTAD EXCELSIOR C TOUC FAT KG";"800";"2.113,600";"31.986,01";"31.983,19"
"11506";"MORTAD EXCELSIOR C TOUC FAT KG EMB";"800";"0,196";"2,94";"2,94"
"11502";"MORTAD EXCELSIOR C TOUC KG";"800";"2.263,581";"22.357,07";"21.387,69"
"11503";"MORTAD EXCELSIOR C TOUC KG CORT";"800";"1.872,058";"18.691,36";"18.089,19"
"34459";"MORTAD EXCELSIOR C TOUC KG RETALHO";"800";"37,174";"263,63";"263,63"
"9913";"MORTAD EXCELSIOR FGO FAT 180G";"800";"22,000";"219,78";"219,78"
"11508";"MORTAD EXCELSIOR FGO KG FAT";"800";"8,816";"164,77";"164,77"
"11507";"MORTAD EXCELSIOR FGO KG INTEIRA";"800";"44,200";"872,84";"872,84"
"11514";"MORTAD EXCELSIOR S TOUC FAT 1KG";"800";"107,000";"1.632,14";"1.632,14"
"11511";"MORTAD EXCELSIOR S TOUC FAT KG";"800";"1.225,654";"18.596,38";"18.594,64"
"11512";"MORTAD EXCELSIOR S TOUC INT KG";"800";"430,115";"4.305,74";"4.231,46"
"11510";"MORTAD EXCELSIOR S TOUC INT KG CORT";"800";"734,633";"7.375,84";"7.220,00"
"31657";"MORTAD FGO PERDIGAO CONF KG ";"800";"3,073";"18,10";"18,10"
"11518";"MORTAD PERDIGAO BOLOG OURO FAT 200G";"800";"161,000";"1.698,03";"1.698,03"
"11520";"MORTAD PERDIGAO BOLOGNA OURO KG FAT";"800";"792,401";"29.979,93";"29.705,48"
"11923";"MORTAD PERDIGAO BOLOGNA OURO KG RETALHO";"800";"36,805";"1.265,21";"1.265,21"
"11523";"MORTAD PERDIGAO BOLOGNELLA KG";"800";"5,818";"133,76";"78,76"
"11522";"MORTAD PERDIGAO BOLOGNELLA KG FAT";"800";"549,387";"12.380,61";"11.260,34"
"11516";"MORTAD PERDIGAO MMP KG";"800";"43,938";"614,69";"614,69"
"11524";"MORTAD PERDIGAO MMP KG CORT";"800";"220,904";"3.065,86";"3.065,86"
"11525";"MORTAD PERDIGAO MMP KG EMB";"800";"112,293";"1.566,71";"1.566,71"
"11526";"MORTAD PERDIGAO MMP KG FAT";"800";"6,928";"96,93";"96,93"
"11532";"MORTAD SADIA DEF KG FAT";"800";"0,128";"4,35";"4,35"
"11533";"MORTAD SADIA DEFUM FAT 180G";"800";"154,000";"1.278,06";"1.278,06"
"34472";"MORTADELA MAIS FGO 2 5KG";"800";"252,000";"2.517,48";"2.517,48"
"7193";"MORTADELA PERDIGAO 200G TRAD";"800";"159,000";"1.144,49";"1.143,49"
"7195";"MORTADELA PERDIGAO 400G C TOUCINHO";"800";"385,000";"3.072,15";"3.072,15"
"7194";"MORTADELA PERDIGAO 400G FRANGO";"800";"221,000";"1.709,79";"1.709,79"
"7196";"MORTADELA PERDIGAO 400G S TOUCINHO";"800";"144,000";"1.150,56";"1.150,56"
"7197";"MORTADELA SADIA 1KG C GORD MFGY";"800";"194,000";"3.498,46";"3.498,46"
"21239";"MORTADELA SADIA MISTA 400G MFGPSD";"800";"188,000";"1.551,22";"1.551,22"
"38402";"MORTEIN ISCA MATA BARATAS C 2";"800";"1,000";"16,49";"16,49"
"31669";"MOST BISN VAL PET 930G";"800";"91,000";"1.179,48";"1.179,48"
"2906";"MOSTARDA ELEFANTE 180G AMARELA";"800";"152,000";"1.518,48";"1.518,48"
"3089";"MOSTARDA FUGINI BICO 180G";"800";"624,000";"2.470,26";"2.470,26"
"3095";"MOSTARDA FUGINI BICO 180G C MEL";"800";"258,000";"2.061,42";"2.057,02"
"3110";"MOSTARDA HEINZ PT 255G TRAD";"800";"89,000";"1.942,98";"1.942,98"
"3108";"MOSTARDA HELLMANNS 170G";"800";"108,000";"1.186,92";"1.186,92"
"21250";"MOSTARDA MOSTARDOG BD 1K";"800";"313,000";"2.647,27";"2.647,27"
"982";"MOSTARDA MOSTARDOG BD 3KG";"800";"99,000";"1.747,98";"1.747,98"
"3094";"MOSTARDA ODERICH 190G PICANTE";"800";"693,000";"3.458,07";"3.458,07"
"983";"MOSTARDA ODERICH 7G SH 140U";"800";"6,000";"102,96";"102,96"
"984";"MOSTARDA ODERICH BD 3KG";"800";"20,000";"634,90";"634,90"
"3099";"MOSTARDA ODERICH PREM 250G DIJON";"800";"73,000";"656,27";"656,27"
"3100";"MOSTARDA ODERICH PREM 250G ESCURA";"800";"40,000";"380,92";"380,92"
"3104";"MOSTARDA ODERICH PREMIUM 365G AMERICANA";"800";"129,000";"1.333,30";"1.333,30"
"985";"MOSTARDA ODERICH SH 1KG";"800";"433,000";"4.474,91";"4.474,91"
"3092";"MOSTARDA ODERICH TRADICIONAL 190G BISNAGA";"800";"1.205,000";"5.921,69";"5.921,69"
"21259";"MR MUSCULO COZINHA SH 400ML LIMAO";"800";"11,000";"154,80";"154,80"
"7204";"MULTIFREEZER ROYAL PACK 3KG 50UN ";"800";"205,000";"1.397,75";"1.397,75"
"7203";"MULTIFREEZER ROYAL PACK 5KG 50UN";"800";"284,000";"2.197,84";"2.197,84"
"21261";"NAFTALINA GOTA LIMPA 50G";"800";"387,000";"2.023,77";"2.023,77"
"7207";"NAFTALINA SANI-ALL 40G ";"800";"795,000";"3.211,35";"3.162,15"
"37367";"NATA AURORA PT 280G";"800";"223,000";"1.563,77";"1.563,77"
"11547";"NATA BIO BLD 3 5KG";"800";"6,000";"521,88";"521,88"
"11556";"NATA KG";"800";"1.654,296";"41.390,35";"40.360,12"
"35556";"NATA PT BIOLAT 270 G";"800";"1.723,000";"10.042,77";"10.007,77"
"7209";"NATA SANTA CLARA 200G ZERO LACTOSE";"800";"71,000";"1.152,69";"1.152,69"
"7210";"NATA SANTA CLARA 300G";"800";"1.305,000";"13.103,55";"13.083,55"
"21263";"NATA STA CLARA 200G R 70301";"800";"25,000";"274,75";"274,75"
"37613";"NATA STA CLARA BLD 3 5KG";"800";"82,000";"7.219,65";"6.969,60"
"7211";"NATA TIROL 300G";"800";"397,000";"5.077,63";"5.052,88"
"11559";"NECTARINA KG";"800";"0,590";"10,61";"10,61"
"7212";"NEUTRALIZ ODOR BOM AR 12ML CLICK CAMPOS DE LAVAN";"800";"2,000";"80,99";"80,99"
"7214";"NHOQUE BATATA ITALIANY 500G";"800";"818,000";"8.805,92";"8.565,92"
"34751";"NHOQUE MOLHO BCO SADIA CONG 300G";"800";"62,000";"594,58";"594,58"
"7215";"NHOQUE ROMENA 500G";"800";"160,000";"2.368,40";"2.368,40"
"21273";"NOVICA KIT 4 PC";"800";"2,000";"102,98";"102,98"
"11565";"NOZES LA RIOJA S CASCA KG";"800";"49,292";"6.806,21";"6.806,21"
"7216";"NUGGETS FGO SADIA 300G CROCANTE NGTCT";"800";"189,000";"2.455,11";"2.455,11"
"7217";"NUGGETS FGO SADIA 300G QUEIJO NGECS";"800";"205,000";"2.662,95";"2.662,95"
"7218";"NUGGETS FGO SADIA 300G TRADICION NGTMT";"800";"171,000";"2.213,59";"2.213,59"
"38028";"OCULOS BRASIL";"800";"4,000";"15,96";"15,96"
"38395";"OCULOS DIVERSOS UN";"800";"5,000";"49,50";"49,50"
"21286";"ODORIZ AMAZONIA 120ML FLOR CEREJEIRA";"800";"10,000";"169,90";"169,90"
"21287";"ODORIZ AMAZONIA 120ML LAVANDA INGLES";"800";"22,000";"373,78";"373,78"
"21289";"ODORIZ AMAZONIA 120ML MOR SILVESTRE";"800";"20,000";"339,80";"339,80"
"21290";"ODORIZ AMAZONIA 120ML VANILA";"800";"30,000";"509,70";"509,70"
"21291";"ODORIZ AMAZONIA 120ML VERBENA";"800";"29,000";"492,71";"492,71"
"21292";"ODORIZ AMAZONIA 300ML 24 HORAS";"800";"19,000";"193,38";"193,38"
"21296";"ODORIZ AMAZONIA AROM 270ML ALFAZEMA";"800";"37,000";"702,63";"702,63"
"21297";"ODORIZ AMAZONIA AROM 270ML BAMBU FRESH";"800";"8,000";"151,92";"151,92"
"21298";"ODORIZ AMAZONIA AROM 270ML BROTO";"800";"10,000";"189,90";"189,90"
"21299";"ODORIZ AMAZONIA AROM 270ML CRAVO CANE";"800";"11,000";"208,89";"208,89"
"21300";"ODORIZ AMAZONIA AROM 270ML ERVA DOCE";"800";"21,000";"398,79";"398,79"
"21301";"ODORIZ AMAZONIA AROM 270ML FLOR CERE";"800";"9,000";"170,91";"170,91"
"21302";"ODORIZ AMAZONIA AROM 270ML FOLHA VERDE";"800";"9,000";"170,91";"170,91"
"21303";"ODORIZ AMAZONIA AROM 270ML LAVANDA";"800";"9,000";"170,91";"170,91"
"21304";"ODORIZ AMAZONIA AROM 270ML LIMAO SICI";"800";"9,000";"170,91";"170,91"
"21305";"ODORIZ AMAZONIA AROM 270ML ORVALHO";"800";"19,000";"360,81";"360,81"
"21306";"ODORIZ AMAZONIA AROM 270ML SEMENTE";"800";"7,000";"132,93";"132,93"
"21284";"ODORIZ AMAZONIA AROMAS BABY 120ML AZUL";"800";"22,000";"373,78";"373,78"
"21285";"ODORIZ AMAZONIA AROMAS BABY 120ML ROSA";"800";"16,000";"271,84";"271,84"
"21307";"ODORIZ AMAZONIA BLIS 120ML CAPIM LIMAO";"800";"20,000";"339,80";"339,80"
"21308";"ODORIZ AMAZONIA BLIS 120ML CHA FLORES";"800";"17,000";"288,83";"288,83"
"21309";"ODORIZ AMAZONIA BLIS 120ML CRAVO CANELA";"800";"19,000";"322,81";"322,81"
"21311";"ODORIZ CONC AMAZONIA 120ML EUCALIPTO";"800";"9,000";"143,91";"143,91"
"21312";"ODORIZ CONC AMAZONIA 120ML FLORAL";"800";"22,000";"351,78";"347,78"
"21313";"ODORIZ CONC AMAZONIA 120ML LAVANDA";"800";"23,000";"367,77";"367,77"
"34309";"ODORIZ GLADE AERO 360ML BRINDE NORONHA";"800";"38,000";"832,20";"828,29"
"34310";"ODORIZ GLADE AERO 360ML VOO BONITO";"800";"6,000";"131,40";"131,40"
"34314";"ODORIZ GLADE AP AUTOMATIC 260ML BRINDE NORONHA";"800";"2,000";"108,40";"108,40"
"34313";"ODORIZ GLADE AP AUTOMATIC 260ML VOO BONITO";"800";"6,000";"325,20";"325,20"
"34311";"ODORIZ GLADE REF AUTOMATIC 260ML BRINDE NORONHA";"800";"4,000";"126,76";"126,76"
"33243";"ODORIZ GRAN PRIX 70G CARRO NOVO";"800";"3,000";"38,07";"38,07"
"33245";"ODORIZ GRAN PRIX 70G CEREJA";"800";"13,000";"164,97";"164,97"
"33244";"ODORIZ GRAN PRIX 70G ICE GELO";"800";"17,000";"215,73";"215,73"
"34591";"ODORIZ PATO BLOCK 60ML ALGODAO";"800";"4,000";"107,96";"107,96"
"34592";"ODORIZ PATO BLOCK 60ML EUCALIPTO";"800";"3,000";"80,97";"80,97"
"34590";"ODORIZ PATO BLOCK 60ML LAVANDA";"800";"21,000";"547,59";"547,59"
"21344";"ODORIZ PURO AR 250ML NEUTRO";"800";"2,000";"19,38";"19,38"
"9932";"ODORIZ PURO AR 350ML LAVANDA";"800";"5,000";"58,95";"58,95"
"21346";"ODORIZ PURO AR 500ML LAVANDA";"800";"163,000";"2.981,27";"2.981,27"
"21347";"ODORIZ PURO AR 500ML TALCO";"800";"131,000";"2.395,99";"2.395,99"
"9924";"ODORIZ PURO AR APAR REFIL 12ML LAVANDA";"800";"6,000";"99,00";"99,00"
"34499";"ODORIZ PURO AR GATILHO 250ML CHA BRANCO";"800";"19,000";"341,81";"340,81"
"34498";"ODORIZ PURO AR GATILHO 250ML LAVANDA";"800";"31,000";"557,69";"557,69"
"22613";"ODORIZ PURO AR GEL 60G CARRO NOVO";"800";"50,000";"744,50";"744,50"
"22614";"ODORIZ PURO AR GEL 60G LAVANDA";"800";"35,000";"521,15";"521,15"
"22615";"ODORIZ PURO AR GEL 60G MARINE";"800";"42,000";"625,38";"625,38"
"9926";"ODORIZ PURO AR MINI RF 12ML CAPIM LIMAO";"800";"5,000";"88,45";"88,45"
"21342";"ODORIZ PURO AR MINI RF 12ML ERVA DOCE";"800";"5,000";"88,45";"88,45"
"9927";"ODORIZ PURO AR MINI RF 12ML LAVANDA";"800";"6,000";"106,14";"106,14"
"9928";"ODORIZ PURO AR MINI RF 12ML TALCO";"800";"10,000";"176,90";"176,90"
"9930";"ODORIZ PURO AR SPRAY 400ML CAPIM LIMAO";"800";"47,000";"770,33";"770,33"
"9934";"ODORIZ PURO AR SPRAY 400ML PETALAS ROSAS";"800";"33,000";"540,87";"540,87"
"9936";"ODORIZ PURO AR SPRAY 400ML TALCO";"800";"16,000";"262,24";"262,24"
"21348";"ODORIZ REDCAR 15ML CAPIM LIMAO";"800";"8,000";"103,92";"103,92"
"21349";"ODORIZ REDCAR 15ML FLOR CER";"800";"10,000";"129,90";"129,90"
"21350";"ODORIZ REDCAR 15ML LAV INGLESA";"800";"1,000";"12,99";"12,99"
"21353";"ODORIZ TECIDO AMAZON 500ML ALECRIM";"800";"27,000";"539,73";"539,73"
"21354";"ODORIZ TECIDO AMAZON 500ML AMEIX NEGRA";"800";"6,000";"119,94";"119,94"
"21355";"ODORIZ TECIDO AMAZON 500ML BABY";"800";"50,000";"999,50";"999,50"
"21356";"ODORIZ TECIDO AMAZON 500ML BAMBU";"800";"36,000";"719,64";"719,64"
"21357";"ODORIZ TECIDO AMAZON 500ML CLEAN";"800";"9,000";"179,91";"179,91"
"21358";"ODORIZ TECIDO AMAZON 500ML FLOR LAR";"800";"13,000";"259,87";"259,87"
"21359";"ODORIZ TECIDO AMAZON 500ML FLR CEREJEIR";"800";"18,000";"359,82";"359,82"
"21360";"ODORIZ TECIDO AMAZON 500ML LAV ING";"800";"13,000";"259,87";"259,87"
"21361";"ODORIZ TECIDO AMAZON 500ML LIMAO SICIL";"800";"17,000";"339,83";"339,83"
"31696";"ODORIZ TECIDO AMAZONIA 500ML CHA BCO";"800";"20,000";"399,80";"399,80"
"9921";"ODORIZADOR PROAUTO GEL 60G MORANGO";"800";"30,000";"479,40";"479,40"
"9922";"ODORIZADOR PROAUTO GEL 60G TALCO";"800";"16,000";"256,80";"256,80"
"7219";"ODORIZANTE PROAUTO 60G GEL CARRO NOVO";"800";"8,000";"130,20";"130,20"
"7220";"ODORIZANTE PROAUTO 60G GEL LAVANDA";"800";"11,000";"177,30";"177,30"
"7221";"ODORIZANTE PROAUTO 60G GEL TUTTI FRUTI";"800";"8,000";"129,00";"129,00"
"7224";"OLEO AMEND PAIXAO 100ML INSPIRADORA";"800";"7,000";"129,43";"129,43"
"7228";"OLEO AROM COALA 120ML PINHO";"800";"154,000";"2.246,86";"2.246,86"
"21366";"OLEO BRONZ SPRAY FPS 6 140ML";"800";"1,000";"24,59";"24,59"
"957";"OLEO COCO EQUIL SAUD 200ML";"800";"1,000";"29,90";"29,90"
"960";"OLEO COCO NUTRISANTI 200ML";"800";"44,000";"965,49";"965,49"
"962";"OLEO COCO PURILEV S SABOR 200ML";"800";"150,000";"2.841,66";"2.841,66"
"34562";"OLEO CORPORAL JOAO E MARIA 200ML BABY";"800";"2,000";"67,98";"67,98"
"7230";"OLEO ELSEVE 100ML TRATAM CAPILAR EXTRAORDINARIO";"800";"5,000";"324,95";"324,95"
"21377";"OLEO IPIRANGA 2T 40 500ML";"800";"4,000";"75,96";"75,96"
"21378";"OLEO IPIRANGA 2T MOTO 200ML";"800";"167,000";"1.960,66";"1.960,66"
"7235";"OLEO IPIRANGA F1 MASTER 20W50 1L ";"800";"617,000";"14.619,06";"14.619,06"
"21379";"OLEO IPIRANGA F1 MASTER PERF 15W40 1L";"800";"475,000";"11.627,70";"11.627,70"
"7236";"OLEO IPIRANGA F1 MOTOR SINT 5W30 1L";"800";"267,000";"8.007,33";"7.986,83"
"21380";"OLEO IPIRANGA MOTO PROT 20W50 SL";"800";"386,000";"9.744,57";"9.744,57"
"7232";"OLEO KING 100ML MULTIUSO";"800";"30,000";"222,88";"222,88"
"7233";"OLEO KING 200ML CEDRO";"800";"16,000";"324,40";"324,40"
"9939";"OLEO KING PEROBA 200ML";"800";"5,000";"122,50";"122,50"
"9940";"OLEO KING PEROBA LAVANDA 200ML";"800";"11,000";"261,50";"261,50"
"959";"OLEO LIZA ALGODAO TP1 900ML";"800";"101,000";"1.487,99";"1.487,99"
"963";"OLEO LIZA CANOLA 900ML";"800";"195,000";"3.118,05";"3.118,05"
"34368";"OLEO LIZA GIRASSOL 500ML";"800";"21,000";"188,79";"188,79"
"964";"OLEO LIZA GIRASSOL 900ML";"800";"390,000";"5.840,42";"5.840,42"
"966";"OLEO LIZA MILHO 500ML";"800";"67,000";"535,33";"535,33"
"967";"OLEO LIZA MILHO 900ML";"800";"283,000";"3.831,69";"3.831,69"
"969";"OLEO MARIA COMPOSTO TRAD 500ML";"800";"54,000";"914,85";"914,85"
"970";"OLEO MAZOLA MILHO 900ML";"800";"144,000";"2.554,38";"2.554,38"
"972";"OLEO OLIVIA COMPOSTO TRAD PT 500ML";"800";"166,000";"2.816,69";"2.816,69"
"21385";"OLEO SECANTE COLORAMA 8ML";"800";"2,000";"19,98";"19,98"
"33361";"OLEO SERUM DOVE 110ML BOND REPAIR";"800";"9,000";"381,51";"381,51"
"36357";"OLEO SERUM TOQUE DE SEDA FR 60ML";"800";"116,000";"2.768,84";"2.768,84"
"34818";"OLEO SINHA 250ML C ERVAS FINAS";"800";"3,000";"14,97";"14,97"
"35624";"OLEO SINHA 250ML C MANJERICAO";"800";"35,000";"174,65";"174,65"
"36381";"OLEO SINHA C ALHO 250ML";"800";"6,000";"29,94";"29,94"
"987";"OLEO SINHA GIRASSOL PET 900ML";"800";"32,000";"383,68";"383,68"
"989";"OLEO SINHA MILHO PET 900ML";"800";"14,000";"180,60";"180,60"
"34819";"OLEO SINHA OREGANO 250ML";"800";"10,000";"49,90";"49,90"
"36586";"OLEO SINHA TRAD 500ML";"800";"122,000";"1.218,78";"1.218,78"
"980";"OLEO SOJA COAMO PET 900ML";"800";"33.376,000";"266.489,25";"221.868,98"
"21386";"OLEO SOJA LIZA PET 900ML";"800";"1.389,000";"9.709,11";"9.651,91"
"981";"OLEO SOJA SOYA PET 900ML";"800";"40.150,000";"339.071,61";"272.157,45"
"981";"OLEO SOJA SOYA PET 900ML";"810";"10,000";"59,50";"59,50"
"986";"OLEO SOJA VITALIV PET 900ML";"800";"61.700,000";"481.910,28";"434.368,32"
"986";"OLEO SOJA VITALIV PET 900ML";"810";"12,000";"95,88";"95,88"
"21387";"OLEO VASELINA JAY LUC 100ML";"800";"11,000";"142,79";"142,79"
"7237";"OLEO VINI LADY 120ML AMENDOAS";"800";"29,000";"629,01";"629,01"
"7238";"OLEO VINI LADY 120ML COCO";"800";"9,000";"174,51";"174,51"
"21388";"ORGAN A VAC 50X60CM";"800";"4,000";"47,96";"47,96"
"21394";"ORGAN P/MAQUIAGEM ACRILICO 9X8X5";"800";"11,000";"175,89";"175,89"
"37555";"ORGANIZADOR MULTIUSO 2 5L SR2502 1";"800";"57,000";"512,43";"512,43"
"37556";"ORGANIZADOR MULTIUSO SR2502 2 5L";"800";"16,000";"271,84";"271,84"
"21401";"OSSO BONE DEMAIS 2/3 NATURAL C/3 40G";"800";"3,000";"32,97";"32,97"
"21402";"OSSO BONE DEMAIS 3/4 NATURAL C/2 50G";"800";"1,000";"12,90";"12,90"
"21403";"OSSO BONE DEMAIS 5/6 NATURAL 65G";"800";"2,000";"23,00";"23,00"
"21404";"OSSO BONE DEMAIS 7/8 NATURAL C/1 140G";"800";"2,000";"39,98";"39,98"
"21405";"OSSO BONE DEMAIS NATURAL 45G";"800";"4,000";"33,16";"33,16"
"11570";"OSSO BOV DIANTEIRO";"810";"2.680,732";"536,15";"536,15"
"11567";"OSSO BOV KG";"800";"8.684,453";"48.574,13";"48.574,13"
"11572";"OSSO SUINO CONG KG";"800";"10.281,026";"51.884,06";"51.884,06"
"11573";"OURICO SPECIATTA";"800";"164,214";"9.345,34";"8.766,39"
"21437";"OVO CHOC FERRERO ROCHER 225G";"800";"1,000";"121,49";"121,49"
"21439";"OVO CHOC KINDER MENINA APPLAYDU K3 150G";"800";"1,000";"110,90";"110,90"
"21440";"OVO CHOC KINDER MENINO APPLAYDU 150G";"800";"1,000";"110,90";"110,90"
"11576";"OVO CODORNA BAMPI 30UN";"800";"364,000";"3.996,72";"3.996,72"
"2395";"OVO CODORNA CONS JUREIA 300G";"800";"156,000";"2.907,94";"2.907,94"
"2397";"OVO CODORNA CONS JUREIA 300G DEFUM";"800";"52,000";"982,80";"982,80"
"2403";"OVO CODORNA CONS JUREIA 300G PIM BQ";"800";"83,000";"1.639,55";"1.639,55"
"2410";"OVO CODORNA CONS PETRY 300G";"800";"66,000";"1.741,80";"1.741,80"
"2406";"OVO CODORNA CONS PETRY SH 130G";"800";"177,000";"1.752,30";"1.752,30"
"11583";"OVOS BRANCO 30UN";"800";"54.722,000";"1.190.656,09";"989.439,29"
"11584";"OVOS BRANCO 6UN";"800";"4.163,000";"27.017,87";"27.017,87"
"11581";"OVOS BRANCO PETRY 12UN";"800";"5.957,000";"68.446,24";"68.446,24"
"11581";"OVOS BRANCO PETRY 12UN";"810";"2,000";"22,98";"22,98"
"11585";"OVOS CAIPIRA GJA DA SERRA 12UN";"800";"965,000";"15.864,85";"15.864,85"
"11586";"OVOS CAIPIRA SAO JOAO C 12";"800";"473,000";"7.967,27";"7.967,27"
"11590";"OVOS VERMELHO 12UN";"800";"3.373,000";"42.129,10";"42.129,10"
"11591";"OVOS VERMELHO 30UN";"800";"1.699,000";"44.040,72";"43.950,18"
"11592";"OVOS VERMELHO 6UN";"800";"2.197,000";"15.357,03";"15.357,03"
"7249";"PA LIXO BETTANIN CLIPA 145 ";"800";"5,000";"97,50";"97,50"
"21468";"PA LIXO C ESC CLEAN WX4704";"800";"1,000";"9,99";"9,99"
"21471";"PA LIXO PLUGGY";"800";"167,000";"750,47";"750,45"
"21473";"PA LIXO SELETA C CABO 80CM DOBRAVEL";"800";"74,000";"1.023,00";"1.023,00"
"35836";"PA METAL P JARDIM 25X7 5CM";"800";"1,000";"9,99";"9,99"
"21474";"PA METAL P/JARDIM 8X46,5CM";"800";"6,000";"107,94";"107,94"
"33407";"PA P JARDINAGEM 75CM";"800";"10,000";"499,00";"499,00"
"1959";"PACOCA ROLHA STO ANTONIO PT 135G ZERO";"800";"83,000";"1.194,37";"1.194,37"
"1963";"PACOCA ROLHA STO ANTONIO PT 240G";"800";"76,000";"1.192,44";"1.192,44"
"1972";"PACOCA ROLHA STO ANTONIO PT 510G";"800";"1.038,000";"15.455,82";"15.455,82"
"1976";"PACOCA ROLHA STO ANTONIO PT 750G";"800";"560,000";"10.242,40";"10.235,60"
"21478";"PACOCA ROLHA STO ANTONIO WHEY ZERO 135G";"800";"7,000";"102,83";"102,83"
"21479";"PACOCA STO ANTONIO 1,5K";"800";"4,000";"143,96";"143,96"
"1844";"PACOCA STO ANTONIO 120G AO LEITE";"800";"164,000";"1.184,62";"1.184,62"
"1846";"PACOQUINHA STO ANTONIO 180G RETANG";"800";"164,000";"1.523,56";"1.522,96"
"21480";"PACOQUINHA STO ANTONIO CREMOSA 200G";"800";"6,000";"63,66";"63,66"
"9945";"PAINCO AMIGO PET 500G";"800";"3,000";"18,57";"18,57"
"35626";"PAL SOMBRAS C GLITTER 12 5G 10 CORES";"800";"7,000";"139,93";"139,93"
"35641";"PALETA BLUSH 12GR 04 CORES";"800";"17,000";"271,83";"271,83"
"10829";"PALETA E MUSCULO C OSSO BOV RESF KG CAN RESERVA";"800";"4.049,710";"104.914,14";"104.903,73"
"10830";"PALETA E MUSCULO C OSSO BOV RESF KG CAN RESERVA BD";"800";"403,796";"10.305,66";"10.305,66"
"11599";"PALETA E MUSCULO C OSSO BOV RESF KG PALETA C OSSO";"800";"19.215,790";"562.453,43";"562.040,16"
"11599";"PALETA E MUSCULO C OSSO BOV RESF KG PALETA C OSSO";"810";"57,905";"1.794,47";"1.794,47"
"11600";"PALETA E MUSCULO C OSSO BOV RESF KG PALETA CENTRO";"800";"5.023,085";"185.805,50";"185.541,37"
"11598";"PALETA E MUSCULO C OSSO BOV RESF KG PALETA RES BDJ";"800";"1.668,474";"49.665,22";"49.649,06"
"11596";"PALETA FRIBOI BOV PORC VACUO KG";"800";"399,593";"15.529,19";"12.589,60"
"11595";"PALETA FRIBOI BOV PORC VACUO KG BDJ";"800";"11,034";"331,82";"331,82"
"11597";"PALETA OVINA CONG KG";"800";"85,259";"4.173,27";"4.087,38"
"31769";"PALETA OVINA CONG KG PORCIONADA";"800";"1,984";"79,34";"79,34"
"10715";"PALETA RESERVA BOV S OSSO KG BIFE BORBOLETA";"800";"4,316";"237,38";"237,38"
"10723";"PALETA RESERVA BOV S OSSO KG BIFE MILANESA";"800";"17,708";"973,94";"973,94"
"11602";"PALETA RESERVA BOV S OSSO KG CUBOS";"800";"14,586";"802,23";"802,23"
"11604";"PALETA RESERVA BOV S OSSO KG MOIDO";"800";"117,208";"4.837,87";"4.507,96"
"11606";"PALETA RESERVA BOV S OSSO KG PALETA RESERVA";"800";"203,700";"10.147,65";"9.273,97"
"11605";"PALETA RESERVA BOV S OSSO KG PEDACO";"848";"1.468,000";"46.212,64";"46.212,64"
"11605";"PALETA RESERVA BOV S OSSO KG PEDACO";"800";"807,592";"43.407,09";"30.438,84"
"11717";"PALETA RESERVA BOV S OSSO KG PEIXINHO ESP";"800";"2,762";"151,88";"151,88"
"11718";"PALETA RESERVA BOV S OSSO KG PEIXINHO SANFON";"800";"10,148";"558,04";"558,04"
"35629";"PALETA SOMBRAS 13 5G 10 CORES";"800";"6,000";"83,94";"83,94"
"37109";"PALETA SOMBRAS C 4 CORES ESTAMPA LS";"800";"3,000";"35,97";"35,97"
"35794";"PALETA SOMBRAS C16 CORES 16 3G";"800";"4,000";"79,96";"79,96"
"33744";"PALETA SOMBRAS C18 CORES 12G";"800";"2,000";"25,98";"25,98"
"36428";"PALHA BRANCA DE NEVE UN";"800";"857,000";"1.328,35";"1.328,35"
"36310";"PALITEIRO PLASTICO BCO 90ML";"800";"10,000";"29,90";"29,90"
"34324";"PALITINHO KLAIN 138G BACON";"800";"67,000";"506,13";"506,13"
"34326";"PALITINHO KLAIN 138G CALABRESA";"800";"63,000";"477,37";"477,37"
"34327";"PALITINHO KLAIN 138G CHURRASCO";"800";"90,000";"678,30";"678,30"
"34325";"PALITINHO KLAIN 138G PIZZA";"800";"60,000";"453,80";"453,80"
"34329";"PALITINHO KLAIN 138G QUEIJO";"800";"32,000";"242,08";"242,08"
"21496";"PALITO BONE DEMAIS NAT 85G";"800";"2,000";"12,58";"12,58"
"7255";"PALITO DENTAL GABOARDI 160UN";"800";"504,000";"902,16";"902,16"
"7257";"PALITO DENTAL GABOARDI 80UN";"800";"934,000";"867,80";"867,80"
"7256";"PALITO DENTAL GABOARDI 80UN PREMIUM ";"800";"777,000";"796,81";"796,81"
"9947";"PALITO DENTE PARANA MADEIRA 100UN";"800";"997,000";"1.286,13";"1.286,13"
"9948";"PALITO DENTE PARANA MADEIRA 200UN";"800";"839,000";"1.675,01";"1.675,01"
"9949";"PALITO DENTE PARANA MENTA PT 250UN";"800";"70,000";"489,30";"489,30"
"21499";"PALITO MANICURE M BONI REF 6006G";"800";"1,000";"18,50";"18,50"
"9951";"PALITO PARANA PETISCO 100UN";"800";"260,000";"943,20";"943,20"
"21503";"PALITO STA CLARA MARFIM P UNHA C 3 R 172";"800";"8,000";"69,92";"69,92"
"21505";"PALITO UNHAS FLORENCE 604 BT C 6";"800";"1,000";"3,99";"3,99"
"11610";"PALMIER SPECIATTA";"800";"24,820";"1.365,10";"1.365,10"
"21512";"PALMITO CONS JUREIA PAL REAL 300G TOLETE";"800";"10,000";"189,00";"189,00"
"2411";"PALMITO CONS JUREIA VD 300G GOURMET TOLETE JUCARA";"800";"46,000";"1.303,40";"1.303,40"
"2400";"PALMITO CONS JUREIA VD 300G PICADO PALMEIRA REAL";"800";"61,000";"618,57";"618,57"
"2409";"PALMITO CONS JUREIA VD 300G PUPUNHA TOLETE";"800";"98,000";"1.862,49";"1.862,49"
"2402";"PALMITO CONS JUREIA VD 300G RODELA PALMEIRA REAL";"800";"49,000";"786,90";"786,90"
"2405";"PALMITO MUCHO GUSTO VD 300G PICADO PALMEIRA REAL";"800";"37,000";"369,63";"369,63"
"2407";"PALMITO MUCHO GUSTO VD 300G RODELA PALMEIRA REAL";"800";"15,000";"149,85";"149,85"
"2412";"PALMITO MUCHO GUSTO VD 300G TOLETE PALMEIRA REAL";"800";"11,000";"170,35";"170,35"
"21514";"PALMITO PALMEIRA MUCHO GUSTO RODEL A 1 8K";"800";"2,000";"79,98";"79,98"
"31776";"PANCETA SUINO PAMPLONA TEMP KG";"800";"32,708";"653,81";"653,81"
"21517";"PANELA ALUM CERAM WELLMIX REF 6018";"800";"4,000";"399,60";"399,60"
"35876";"PANELA ALUM WELLMIX 16CM RF4569";"800";"1,000";"59,90";"59,90"
"21518";"PANELA ALUM WELLMIX 20CM RF4571";"800";"1,000";"99,90";"99,90"
"37505";"PANELA PANELUX ANTIADERENTE N16 PRE";"800";"3,000";"89,97";"89,97"
"21521";"PANELA PRESSAO 4,5L ALUPAN";"800";"10,000";"659,00";"659,00"
"38139";"PANELA PRESSAO PANELUX 10L POLIDA";"800";"2,000";"399,98";"399,98"
"7268";"PANELA PRESSAO PANELUX 4.5L ";"800";"119,000";"7.842,10";"7.842,10"
"35314";"PANELA TRAM ALUM 16 CM TURIM VER";"800";"1,000";"55,99";"55,99"
"7269";"PANELA TRAMONTINA TURIM 18CM GRAFIT 20051/728";"800";"1,000";"65,99";"65,99"
"7272";"PANO CONDOR MULTIUSO ECOSUST C 44UN";"800";"38,000";"744,42";"744,42"
"21535";"PANO COPA BUONGUSTO NATAL 44X65";"800";"13,000";"181,87";"181,87"
"21540";"PANO COPA FELPUDA 45X65 R 11217";"800";"78,000";"986,56";"986,56"
"21541";"PANO COPA PRIMOR 40X65CM";"800";"2,000";"19,98";"19,98"
"7274";"PANO DURAMAX SCOTT 58UN";"800";"35,000";"708,12";"708,12"
"21543";"PANO ESFREBOM M PLUS C 3";"800";"9,000";"130,50";"130,50"
"21545";"PANO ESFREBOM M USO C 5 VERDE";"800";"150,000";"1.990,32";"1.990,32"
"21546";"PANO ESFREBOM M USO C 5 VERM";"800";"117,000";"1.539,18";"1.539,18"
"7275";"PANO ESFREBOM MULTIUSO ANTIVIRAL5UN ";"800";"1,000";"9,29";"9,29"
"7276";"PANO ESFREBOM MULTIUSO AZUL5UN";"800";"127,000";"1.624,33";"1.624,33"
"7276";"PANO ESFREBOM MULTIUSO AZUL5UN";"810";"2,000";"25,58";"25,58"
"21551";"PANO PANOSUL DATA ESPECIAL 52X75CM";"800";"2,000";"18,90";"18,90"
"7277";"PANO PANOSUL DUPLO 100 ALGODAO";"800";"174,000";"746,46";"746,46"
"21552";"PANO PANOSUL ESTAMP NATAL 0 38X0 63CM";"800";"6,000";"83,40";"83,40"
"21553";"PANO PANOSUL FELPUDO ESTAMP 38X63CM";"800";"56,000";"951,44";"951,44"
"21554";"PANO PANOSUL MEDIO C BAR 45X65 R24 ";"800";"118,000";"1.001,82";"1.001,82"
"21555";"PANO PANOSUL MEDIO ESTAMP 45X65 R23";"800";"315,000";"1.855,35";"1.855,35"
"7279";"PANO PANOSUL MICROFIBRA 35X35CM SORTIDO";"800";"253,000";"2.021,47";"2.021,47"
"7280";"PANO PERFEX 5UN AZUL";"800";"63,000";"832,50";"832,50"
"7282";"PANO PERFEX 5UN ROSA";"800";"38,000";"504,00";"504,00"
"21557";"PANO PTO PANOSUL COLOR C EST";"800";"227,000";"1.927,23";"1.927,23"
"21558";"PANO PTO PANOSUL COLOR C/ESTAMPA R26";"800";"146,000";"1.170,14";"1.170,14"
"34945";"PANO REUTILIZ MINI CLEAN MAX 50UN AZ";"800";"14,000";"275,66";"275,66"
"34946";"PANO REUTILIZ MINI CLEAN MAX 50UN BCO";"800";"10,000";"196,90";"196,90"
"21559";"PANO SARJA PANOSUL 45X75CM";"800";"230,000";"1.952,70";"1.952,70"
"21561";"PANO SECA LOUCA M USO 30CMX40CM";"800";"1,000";"9,99";"9,99"
"21562";"PANO TOALEX COLOR C 44 ROSA";"800";"45,000";"715,05";"715,05"
"7283";"PANO TOALEX MULTIUSO 50UN";"800";"46,000";"730,94";"730,94"
"36484";"PANQUEQUEIRA TRAM TURIM ALUM CHUMBO";"800";"4,000";"159,96";"159,96"
"35116";"PANTENE CREME PENTEAR 240G REPAIR";"800";"19,000";"370,31";"370,31"
"35114";"PANTENE LEAVE IN BOND 150ML REPAIR";"800";"13,000";"545,87";"545,87"
"37091";"PANTUF FORRADA C SOLADO 42 43";"800";"3,000";"71,97";"71,97"
"37092";"PANTUF FORRADA C SOLADO 44 45";"800";"21,000";"503,79";"503,79"
"21565";"PANTUFA ADUL 34/35 P";"800";"3,000";"29,70";"29,70"
"21566";"PANTUFA ADUL 36 37 M";"800";"19,000";"188,10";"188,10"
"21567";"PANTUFA ADUL 38/39 G";"800";"89,000";"881,10";"881,10"
"21568";"PANTUFA ADUL 40 41 GG";"800";"11,000";"108,90";"108,90"
"21569";"PANTUFA ADUL MINNIE BALLET 3";"800";"9,000";"179,10";"179,10"
"21570";"PANTUFA DISNEY BASIC 6 AMAZIN";"800";"31,000";"616,90";"616,90"
"21571";"PANTUFA DISNEY BASIC 6THEBES";"800";"25,000";"497,50";"497,50"
"21574";"PANTUFA DISNEY BASIC INF 2MM";"800";"54,000";"1.074,60";"1.074,60"
"21575";"PANTUFA DISNEY BASIC INF 2PATETA";"800";"27,000";"537,30";"537,30"
"21577";"PANTUFA DISNEY BASIC INF MINNIE";"800";"1,000";"19,90";"19,90"
"21580";"PANTUFA DISNEY TOP 7 MICKEY";"800";"3,000";"59,70";"59,70"
"21581";"PANTUFA DISNEY TOP 7 PRINCES";"800";"21,000";"417,90";"417,90"
"37094";"PANTUFA FORRADA C SOLADO 38 39";"800";"7,000";"167,93";"167,93"
"37093";"PANTUFA FORRADA C SOLADO 40 41 ";"800";"3,000";"71,97";"71,97"
"21583";"PANTUFA INF MINNIE BALLET 4";"800";"9,000";"179,10";"179,10"
"21585";"PANTUFA MARVEL BASIC 3";"800";"4,000";"79,60";"79,60"
"21587";"PANTUFA MI 33/34";"800";"10,000";"169,00";"169,00"
"21588";"PANTUFA MI 35/36";"800";"15,000";"253,50";"253,50"
"21589";"PANTUFA MI 37/38";"800";"26,000";"439,40";"439,40"
"21590";"PANTUFA MI 39/40";"800";"10,000";"169,00";"169,00"
"21591";"PANTUFA MI 41/42";"800";"5,000";"84,50";"84,50"
"21592";"PANTUFA MI 43/44";"800";"8,000";"135,20";"135,20"
"21595";"PANTUFA MX 37/38";"800";"1,000";"16,90";"16,90"
"21596";"PANTUFA MX 39/40";"800";"2,000";"33,80";"33,80"
"38279";"PANTUFA NUVEM CINZA LISA";"800";"318,000";"8.582,82";"8.582,82"
"38278";"PANTUFA NUVEM PRETA LISA";"800";"473,000";"12.766,27";"12.766,27"
"38277";"PANTUFA NUVEM ROSA LISA";"800";"613,000";"16.544,87";"16.544,87"
"21599";"PANTUFA UNISSEX 35/36 PT08A";"800";"3,000";"74,97";"74,97"
"21604";"PAO ALHO EXCELSIOR TRAD 350G";"800";"1.821,000";"29.117,79";"27.668,97"
"7291";"PAO ALHO ITALIANY 350G TRAD";"800";"913,000";"13.636,67";"13.636,67"
"7293";"PAO ALHO ROMENA 400G";"800";"382,000";"6.901,48";"6.901,48"
"7294";"PAO ALHO ROMENA 400G PICANTE";"800";"72,000";"1.295,28";"1.295,28"
"7296";"PAO ALHO SANTA MASSA 400G TRAD";"800";"869,000";"16.857,08";"16.857,08"
"9963";"PAO ALHO SANTA MASSA PICANTE 400G ";"800";"330,000";"6.334,61";"6.334,61"
"11612";"PAO BAGUETE MARQUESPAN G KG";"800";"144,384";"2.597,66";"2.597,66"
"11613";"PAO BAGUETE MINI MARQUESPAN KG";"800";"258,746";"3.872,16";"3.787,87"
"11614";"PAO CABRITINHO ITAQUI KG";"800";"13,440";"159,78";"159,78"
"7331";"PAO CASEIRO 500G PAO TCHE PAO 50";"800";"428,000";"3.727,32";"3.727,32"
"11616";"PAO CASEIRO MARQUESPAN";"800";"302,407";"6.281,10";"6.153,05"
"1148";"PAO DE MEL BAUDUCCO 30G";"800";"61,000";"121,39";"121,39"
"1325";"PAO DE MEL BAUDUCCO ESP CHOC 180G";"800";"8,000";"78,32";"78,32"
"31798";"PAO DELICIA BAK KG";"800";"97,910";"2.937,24";"2.937,24"
"11623";"PAO DOCE HAMBURGUER MARQUESPAN";"800";"11,540";"196,11";"196,11"
"11624";"PAO DOCE HOT DOG MARQUESPAN KG";"800";"304,798";"5.788,16";"5.788,16"
"11625";"PAO DOCE MARQUESPAN G KG";"800";"1,017";"25,00";"25,00"
"11627";"PAO DOCE MINI COCO MARQUESPAN KG";"800";"23,092";"761,71";"761,71"
"11626";"PAO DOCE MINI CREME BAUN MARQU KG";"800";"63,061";"2.522,44";"2.522,44"
"11628";"PAO DOCE MINI FAROFA MARQUESPAN";"800";"27,574";"945,48";"945,48"
"11629";"PAO DOCE XIS MARQUESPAN KG";"800";"410,222";"7.790,31";"7.790,31"
"11631";"PAO FOLHADO MARQUESPAN KG";"800";"475,511";"13.309,30";"13.309,30"
"21605";"PAO FOR TCHE 380G";"800";"10.930,000";"63.284,70";"63.284,70"
"7300";"PAO FORMA PULLMAN 480G";"800";"17.774,000";"147.221,38";"146.246,86"
"7301";"PAO FORMA PULLMAN 500G ARTESANO";"800";"242,000";"3.758,58";"3.747,18"
"7302";"PAO FORMA PULLMAN 500G INTEG ARTES";"800";"364,000";"5.353,36";"5.349,26"
"7303";"PAO FORMA TCHE PAO 450G";"800";"4.188,000";"29.274,12";"29.274,12"
"7304";"PAO FORMA TCHE PAO INT. E ZERO 500G INTEGRAL";"800";"762,000";"7.825,18";"7.824,06"
"11632";"PAO FRANCES CERVEJINH MARQUESPAN KG";"800";"2.015,929";"35.648,52";"33.966,09"
"11633";"PAO FRANCES FIBRAS MARQUESPAN KG";"800";"449,052";"8.478,06";"8.433,82"
"11634";"PAO FRANCES FR MARQUESPAN KG";"800";"38.090,825";"609.079,01";"608.030,30"
"11635";"PAO FRANCES MINI MARQUESPAN KG";"800";"1.770,967";"33.442,84";"32.703,29"
"11636";"PAO FRANCES SOVADO MARQUESPAN KG";"800";"990,079";"22.259,47";"21.636,81"
"11639";"PAO HAMB MARQUESPAN MR KG";"800";"284,756";"8.529,08";"8.490,01"
"21606";"PAO HAMBURGUER BRIOCHE TCHE 300G";"800";"237,000";"2.239,65";"2.239,65"
"11642";"PAO HOT DOG MARQUESPAN MED KG";"800";"663,350";"12.596,43";"12.596,43"
"11643";"PAO HOT DOG MARQUESPAN MINI JEEP KG";"800";"537,134";"10.200,46";"10.200,02"
"21607";"PAO HOT DOG TCHE 500G";"800";"124,000";"1.339,38";"1.339,38"
"11649";"PAO INTEGRAL MARQUESPAN KG";"800";"0,096";"5,14";"5,14"
"7305";"PAO ITALIANY 350G 4 QUEIJOS";"800";"486,000";"7.268,04";"7.268,04"
"11651";"PAO LAMBARI";"800";"7,166";"185,52";"185,52"
"21608";"PAO LEITE P ROSAS 400G";"800";"4.687,000";"26.595,23";"26.595,23"
"11654";"PAO MASSINHA MARQU MINI COCO KG";"800";"168,617";"4.214,65";"4.214,65"
"11652";"PAO MASSINHA MINI FAROFA KG";"800";"118,869";"2.971,16";"2.971,16"
"11655";"PAO MEL MARQUESPAN KG";"800";"0,234";"8,66";"8,66"
"21611";"PAO NUTRELINHAS CEN MAND 300G";"800";"17,000";"224,43";"224,43"
"7306";"PAO NUTRELLA 350G ABOB LINH CENO";"800";"19,000";"379,81";"379,81"
"7307";"PAO NUTRELLA 350G CAST PARA QUIN";"800";"20,000";"415,80";"415,80"
"7308";"PAO NUTRELLA 350G CRAN QUIN HIBIS";"800";"16,000";"319,84";"319,84"
"7309";"PAO NUTRELLA 450G 14 GRAOS VITTA";"800";"38,000";"869,82";"869,82"
"7311";"PAO NUTRELLA 450G GRAOS CASTANHAS";"800";"41,000";"938,49";"938,49"
"7312";"PAO NUTRELLA 550G SUPREME";"800";"38,000";"986,42";"986,42"
"7313";"PAO NUTRELLA 550G SUPREME FTAS GRAOS CAST";"800";"62,000";"1.618,38";"1.618,38"
"9971";"PAO NUTRELLA AVEIA GRAOS SEME 350G";"800";"18,000";"359,82";"359,82"
"11658";"PAO PADRE C ACUCAR MARQUESPAN";"800";"0,264";"10,56";"10,56"
"11659";"PAO PRETO LINHACA MARQUESPAN KG";"800";"1.213,887";"27.093,11";"26.711,24"
"7317";"PAO PULLMAN 420G HAMBURGUER C GERGE";"800";"140,000";"2.787,00";"2.782,70"
"7319";"PAO PULLMAN 450G 12 GRAOS";"800";"99,000";"1.880,01";"1.880,01"
"7321";"PAO PULLMAN 450G INT GRAOS CAST";"800";"26,000";"649,74";"649,74"
"7322";"PAO PULLMAN 450G S CASCA TRAD";"800";"74,000";"1.438,66";"1.438,66"
"7323";"PAO PULLMAN 480G INTEGRAL ";"800";"678,000";"9.485,22";"9.482,22"
"7324";"PAO PULLMAN 500G NA CHAPA ARTESANO ";"800";"213,000";"3.334,87";"3.313,77"
"7325";"PAO PULLMAN 520G HAMBURGUER";"800";"245,000";"4.888,05";"4.879,45"
"31802";"PAO PULLMAN ARTESANO BRIOCHE 500G";"800";"89,000";"1.363,11";"1.363,11"
"38282";"PAO PULLMAN FIBRA 370G MAIS PROT";"800";"7,000";"83,93";"83,93"
"11660";"PAO QJO MARQUESPAN G KG";"800";"654,303";"30.092,17";"29.958,81"
"11661";"PAO QJO MARQUESPAN P KG";"800";"1.025,681";"39.980,42";"39.907,00"
"9968";"PAO QUEIJO AURORA TRAD 400G";"800";"810,000";"10.377,70";"10.377,70"
"7327";"PAO QUEIJO EXCELSIOR 400G";"800";"709,000";"9.777,11";"9.777,11"
"11663";"PAO RAMINHO";"800";"6,094";"168,75";"168,75"
"11664";"PAO RAMINHO DOCE MARQUESPAN KG";"800";"7,196";"261,86";"261,86"
"11665";"PAO SANDUICHE";"800";"187,334";"2.227,36";"2.227,36"
"33611";"PAO TCHE ATELIE ZERO 500G";"800";"18,000";"233,82";"233,82"
"34891";"PAO TCHE BAH MATTEUS 500G CASEIRO";"800";"2,000";"29,90";"29,90"
"7328";"PAO TCHE PAO 220G HAMBURGUER";"800";"195,000";"1.558,05";"1.558,05"
"7329";"PAO TCHE PAO 300G HOT DOG PAO TCHE PAO 30";"800";"200,000";"1.598,00";"1.598,00"
"7341";"PAO TCHE PAO 350G INTEGRAL PRETO";"800";"415,000";"4.378,25";"4.378,25"
"7336";"PAO TCHE PAO 400G INT LEVE CENTEIO";"800";"281,000";"2.964,55";"2.964,55"
"7337";"PAO TCHE PAO 400G INT LEVE INTEGRAL";"800";"383,000";"4.040,65";"4.040,65"
"7338";"PAO TCHE PAO 400G INT LEVE MULTICEREAIS";"800";"364,000";"3.840,20";"3.840,20"
"7335";"PAO TCHE PAO 400G TORTA FRIA S CASC ";"800";"12,000";"272,28";"272,28"
"7332";"PAO TCHE PAO 500G ATELIE";"800";"100,000";"1.289,00";"1.287,80"
"7333";"PAO TCHE PAO 500G LEITE";"800";"195,000";"1.745,25";"1.745,25"
"7344";"PAO TCHE PAO 500G XIS";"800";"155,000";"1.687,95";"1.687,95"
"33612";"PAO TCHE PAO SAND 400G S CASCA";"800";"74,000";"1.283,90";"1.276,82"
"21616";"PAO TORTA FRIA P ROSAS S CASCA 350G ";"800";"1.409,000";"14.986,71";"14.805,87"
"37050";"PAPA BOLINHAS PORTATIL 10X7 5X5";"800";"10,000";"249,90";"249,90"
"7346";"PAPEL ALUMINIO ROYAL PACK 30CMX4M";"800";"800,000";"3.700,00";"3.700,00"
"7347";"PAPEL ALUMINIO ROYAL PACK 30CMX7 5M";"800";"257,000";"1.940,43";"1.940,43"
"7345";"PAPEL ALUMINIO ROYAL PACK 45CMX4 0M";"800";"218,000";"1.426,82";"1.425,82"
"7348";"PAPEL ALUMINIO ROYAL PACK 45CMX7 5M";"800";"198,000";"2.162,52";"2.160,02"
"36360";"PAPEL BELA FLOR AMARELO";"800";"1.276,000";"752,84";"752,84"
"36415";"PAPEL BELA FLOR AMARELO COM 50";"800";"17,000";"501,50";"501,50"
"7349";"PAPEL CHAMEQUINHO AMARELO A4 100FL ";"800";"1,000";"8,99";"8,99"
"21641";"PAPEL CREPOM 2 00X0 48M  AZUL ROYAL";"800";"4,000";"7,56";"7,56"
"21639";"PAPEL CREPOM 2 00X0 48M AMARELO";"800";"9,000";"17,01";"17,01"
"21640";"PAPEL CREPOM 2 00X0 48M AZUL CLARO";"800";"1,000";"1,89";"1,89"
"21642";"PAPEL CREPOM 2 00X0 48M LILAS";"800";"21,000";"39,69";"39,69"
"21643";"PAPEL CREPOM 2 00X0 48M MARROM";"800";"15,000";"28,35";"28,35"
"21644";"PAPEL CREPOM 2 00X0 48M PINK";"800";"15,000";"28,35";"28,35"
"21646";"PAPEL CREPOM 2 00X0 48M PTO";"800";"7,000";"13,23";"13,23"
"21645";"PAPEL CREPOM 2 00X0 48M VERM";"800";"9,000";"17,01";"17,01"
"35247";"PAPEL CREPOM AMARELO 48X12 C10";"800";"11,000";"26,29";"26,29"
"35246";"PAPEL CREPOM AZL CELESTE 48X12 C10";"800";"26,000";"62,14";"62,14"
"31820";"PAPEL CREPOM DIVERSAS CORES";"800";"2,000";"4,58";"4,58"
"35244";"PAPEL CREPOM LILAS 48X12 C10";"800";"3,000";"7,17";"7,17"
"35245";"PAPEL CREPOM MARROM 48X12 C10";"800";"4,000";"9,56";"9,56"
"35243";"PAPEL CREPOM PINK 48X12 C10";"800";"19,000";"45,41";"45,41"
"35248";"PAPEL CREPOM PRETO 48X12 C10";"800";"6,000";"11,94";"11,94"
"35242";"PAPEL CREPOM VERMELHO 48X12 C10";"800";"20,000";"47,80";"47,80"
"36207";"PAPEL CREPOM VMP AZUL ESCURO";"800";"2,000";"4,78";"4,78"
"36647";"PAPEL DE SEDA AZUL CELESTE 48X60";"800";"2,000";"0,90";"0,90"
"35839";"PAPEL FOTO BRILHO A4 C 50 96301";"800";"5,000";"192,50";"192,50"
"21680";"PAPEL HIG ATUALLE 20M FLA DP 12UN";"800";"1.224,000";"19.242,26";"19.242,26"
"7353";"PAPEL HIG ATUALLE 20M FLA DP 32UN NEUTRO COMPACTO";"800";"504,000";"21.011,76";"21.007,06"
"21682";"PAPEL HIG BIANCO NEUTRO FLA SMP 60M 12UN";"800";"774,000";"17.148,06";"17.148,06"
"21683";"PAPEL HIG COMFORT FLA DPL 30M 18 UN";"800";"73,000";"2.408,27";"2.408,27"
"21659";"PAPEL HIG DOBLE COMP FD 16UN C 30M";"800";"681,000";"20.014,59";"20.014,59"
"21661";"PAPEL HIG DOBLE FD 4 UN C 30M";"800";"678,000";"5.221,62";"5.221,62"
"21661";"PAPEL HIG DOBLE FD 4 UN C 30M";"810";"2,000";"15,18";"15,18"
"21662";"PAPEL HIG DOBLE FD 4 UN C 50M";"800";"1.121,000";"13.847,46";"13.847,46"
"21664";"PAPEL HIG DOBLE FT FD 12 UN C 20M";"800";"670,000";"14.063,30";"14.063,30"
"21663";"PAPEL HIG DOBLE FT FD 4 UN C 20M";"800";"31,000";"239,69";"239,69"
"33218";"PAPEL HIG DOBLE SKIN FD 6 UN C 40M";"800";"1.038,000";"13.483,62";"13.483,62"
"21666";"PAPEL HIG DOBLE SOFTCAR FD 12UN 30M";"800";"1.002,000";"21.132,18";"21.132,18"
"21666";"PAPEL HIG DOBLE SOFTCAR FD 12UN 30M";"810";"1,000";"21,09";"21,09"
"21665";"PAPEL HIG DOBLE SOFTCAR FD 40UN 20M";"800";"855,000";"37.611,45";"36.575,45"
"7355";"PAPEL HIG DUETTO 4 UN DE 30M NEUTRO";"800";"1.563,000";"11.111,13";"11.095,13"
"7356";"PAPEL HIG DUETTO 4 UN DE 30M PERFUMADO";"800";"2.009,000";"14.268,27";"14.268,27"
"7354";"PAPEL HIG DUETTO FD 12 UN DE 30M NEUTRO";"800";"185,000";"3.911,33";"3.911,33"
"21679";"PAPEL HIG MAXPEL PREMIUM FS 60M L12P11";"800";"876,000";"14.338,00";"14.338,00"
"7358";"PAPEL HIG MILI NEUTRO FHA DPL 30M 12UN";"800";"732,000";"16.295,28";"16.295,28"
"21684";"PAPEL HIG MILI NEUTRO FLA DPL 30M 4UN";"800";"2.202,000";"16.844,18";"16.843,58"
"21685";"PAPEL HIG MILI NEUTRO FLA SPL 100M 12UN";"800";"748,000";"24.975,72";"24.964,22"
"21686";"PAPEL HIG MILI NEUTRO FLA SPL 60M 4UN";"800";"1.663,000";"12.277,85";"12.277,85"
"21687";"PAPEL HIG MILI PERFUM FLA DPL 30M 12UN";"800";"748,000";"16.668,52";"16.668,52"
"21688";"PAPEL HIG MILI PERFUM FLA SPL 60M 4UN";"800";"2.065,000";"15.044,55";"15.044,55"
"21689";"PAPEL HIG MILI PRIME FLA TPL 20M 12UN";"800";"593,000";"13.217,97";"13.217,97"
"21691";"PAPEL HIG NATUPEL FD 20M C 12";"800";"1.929,000";"21.199,71";"21.199,71"
"21692";"PAPEL HIG NATUPEL PREM FS 30M C 4";"800";"5.482,000";"16.040,74";"15.836,30"
"21693";"PAPEL HIG NATUPEL PREM FS 60M C 4";"800";"2.016,000";"9.253,44";"9.253,44"
"21694";"PAPEL HIG NESS FD 20M 12UN";"800";"1.400,000";"13.986,00";"13.986,00"
"21695";"PAPEL HIG NESS FD 30M";"800";"769,000";"13.449,81";"13.442,31"
"21696";"PAPEL HIG NESS FD 4UN DE 30M";"800";"1.929,000";"11.169,07";"11.169,07"
"36725";"PAPEL HIG NESS FS 30M C 4";"800";"716,000";"3.286,44";"3.286,44"
"7361";"PAPEL HIG NEVE NEUTRO 12X20M TOQUE DE SEDA";"800";"166,000";"3.160,34";"3.160,34"
"7364";"PAPEL HIG NEVE NEUTRO FT 4X20M";"800";"108,000";"1.132,92";"1.132,92"
"21697";"PAPEL HIG NEVE SUPREME FT 20M L12P 11 C 12";"800";"65,000";"1.823,45";"1.812,65"
"36812";"PAPEL HIG NEVE SUPREME FT 20M LV12P";"800";"2,000";"57,98";"57,98"
"21706";"PAPEL HIG PLUSH COMPACTO FD 20M 12U";"800";"785,000";"12.042,88";"12.042,88"
"33968";"PAPEL HIG SIRIUS PREMIER FD 20M C12";"800";"4.015,000";"46.439,45";"46.380,95"
"33949";"PAPEL HIG SIRIUS PREMIER FD 20M C32 ";"800";"3.032,000";"75.769,68";"75.748,58"
"7366";"PAPEL HIG STYLUS 12 UN DE20M NEUTRO";"800";"34,000";"430,72";"430,72"
"21698";"PAPEL HIG STYLUS FD 24 UN DE 20M NEUTRO";"800";"598,000";"13.927,42";"13.927,42"
"21699";"PAPEL HIG SULINO NEUTRO FS 30M C 12 ";"800";"1,000";"11,69";"11,69"
"21700";"PAPEL HIG SULINO NEUTRO FS 30M C 4";"800";"1.290,000";"5.463,90";"5.463,90"
"21701";"PAPEL HIG SULINO NEUTRO FS FD 12UN DE 60M";"800";"655,000";"14.141,45";"14.141,45"
"21702";"PAPEL HIG SULINO NEUTRO FS FD 4UN DE 60M";"800";"559,000";"3.958,53";"3.955,73"
"21707";"PAPEL MANT ROYALPACK 30X4M";"800";"316,000";"1.395,84";"1.395,84"
"21708";"PAPEL P CIGARRO VITORIA ESPECIAL";"800";"1.365,000";"1.353,75";"1.353,75"
"9586";"PAPEL SCOTT 30X26 2 50UN";"800";"99,000";"595,41";"595,41"
"21709";"PAPEL SEDA 48X60CM ROSA";"800";"17,000";"7,65";"7,65"
"21710";"PAPEL SEDA 60X48CM AMARELO";"800";"4,000";"1,96";"1,96"
"21714";"PAPEL SEDA 60X48CM VERDE BAND";"800";"7,000";"3,43";"3,43"
"36198";"PAPEL SEDA AMARELO 48X60";"800";"16,000";"7,20";"7,20"
"36202";"PAPEL SEDA PINK 48X60";"800";"16,000";"7,20";"7,20"
"7368";"PAPEL SEDA VMP 48X60 AZUL ESCURO";"800";"1,000";"0,45";"0,45"
"7369";"PAPEL SEDA VMP 48X60 BRANCO";"800";"3,000";"1,35";"1,35"
"7371";"PAPEL SEDA VMP 48X60 LILAS";"800";"2,000";"0,90";"0,78"
"21728";"PAPEL TOAL INTERFLUX NATUPEL C 1000";"800";"227,000";"3.107,63";"3.107,63"
"21728";"PAPEL TOAL INTERFLUX NATUPEL C 1000";"810";"6,000";"82,14";"82,14"
"7376";"PAPEL TOALHA MAXIM STYLUS 2RL 50UN";"800";"128,000";"625,92";"625,92"
"9974";"PAPEL TOALHA MILI 2UN";"800";"862,000";"6.010,18";"6.008,18"
"7377";"PAPEL TOALHA MILI 3UN";"800";"403,000";"12.443,93";"12.443,93"
"21733";"PAPEL TOALHA MILI BIANCO 2UN";"800";"2.080,000";"11.029,00";"10.814,90"
"21734";"PAPEL TOALHA NATUREZA FD 2UN";"800";"1.575,000";"5.654,25";"5.653,35"
"35992";"PAPEL TOALHA SIRIUS CHEF 02UN";"800";"8.057,000";"28.118,93";"28.118,93"
"21736";"PARAF PHILLIPS 3 5X40MM C BUCHA 6MM ";"800";"31,000";"132,99";"132,99"
"21737";"PARAF PHILLIPS 4 5X50MM C BUCHA 8MM ";"800";"28,000";"139,72";"139,72"
"21738";"PARAF STARTOOLS C/BUCHA 6MMX30MM";"800";"4,000";"31,96";"31,96"
"7381";"PASSADOR PASSE BEM REFIL 500ML";"800";"1,000";"33,50";"33,50"
"11670";"PASSAS UVA UNIAGRO BCA KG";"800";"17,192";"825,34";"825,34"
"11671";"PASSAS UVA UNIAGRO PTA KG";"800";"107,686";"3.769,01";"3.769,01"
"7384";"PAST ADES HARPIC 2EM1 L3 P2 LAVANDA";"800";"39,000";"413,27";"413,27"
"7385";"PAST ADES HARPIC 2EM1 L3 P2 PINHO";"800";"38,000";"389,63";"389,63"
"9975";"PAST ADESIVA HIGISOL 3UN CITRICO";"800";"35,000";"241,09";"241,09"
"2692";"PAST AMEND ST ANTONIO 450G C WHEY";"800";"45,000";"1.214,55";"1.214,55"
"2678";"PAST AMEND ST ANTONIO 450G CHOC BCO";"800";"13,000";"314,47";"314,47"
"2648";"PAST AMEND ST ANTONIO 450G INTEG";"800";"132,000";"2.585,88";"2.581,88"
"2709";"PAST AMEND ST ANTONIO 500G BRIG";"800";"2,000";"55,80";"55,80"
"1856";"PAST DOCILE MINTY 14G LAR";"800";"354,000";"775,26";"775,26"
"1854";"PAST DOCILE MINTY 14G MOR";"800";"258,000";"565,02";"565,02"
"1857";"PAST DOCILE MINTY 14G TUTTI FRUTTI";"800";"421,000";"926,39";"926,39"
"1834";"PAST DOCILE ROLLY MINTY 29G EXTRA FORTE";"800";"788,000";"667,92";"667,62"
"1837";"PAST DOCILE ROLLY MINTY 29G FRUIT";"800";"1.871,000";"1.573,29";"1.572,69"
"1838";"PAST DOCILE ROLLY MINTY 29G HORTELA";"800";"1.292,000";"1.107,68";"1.107,58"
"1839";"PAST DOCILE ROLLY MINTY 29G MORANGO";"800";"630,000";"539,30";"539,30"
"21747";"PASTA AMEND STO ANTONIO 500G BRIG PROTEICO";"800";"21,000";"649,79";"649,79"
"21749";"PASTA FRAMA ABA ELAST AMA";"800";"9,000";"33,21";"32,31"
"21750";"PASTA FRAMA ABA ELAST AZL";"800";"11,000";"40,59";"39,69"
"21751";"PASTA FRAMA ABA ELAST BCA";"800";"6,000";"22,14";"22,14"
"21752";"PASTA FRAMA ABA ELAST PTA";"800";"14,000";"51,66";"51,66"
"21753";"PASTA FRAMA ABA ELAST VRD";"800";"8,000";"29,52";"29,52"
"21754";"PASTA FRAMA ABA ELAST VRM";"800";"12,000";"44,28";"44,28"
"21755";"PASTA FRAMA GRAMPO TRILHO AMARELA";"800";"2,000";"5,58";"5,58"
"21756";"PASTA FRAMA GRAMPO TRILHO AZUL";"800";"6,000";"16,74";"16,74"
"21757";"PASTA FRAMA GRAMPO TRILHO BCA";"800";"8,000";"22,32";"22,32"
"21758";"PASTA FRAMA GRAMPO TRILHO PTA";"800";"11,000";"30,69";"30,69"
"21759";"PASTA FRAMA GRAMPO TRILHO VERDE";"800";"10,000";"27,90";"27,90"
"21760";"PASTA FRAMA GRAMPO TRILHO VERM";"800";"7,000";"19,53";"19,53"
"37677";"PASTA REGISTRADORA AZUL USUAL FRAMA";"800";"1,000";"22,50";"22,50"
"11674";"PASTEL FOLH SPECIATTA PRES QJO KG ";"800";"166,116";"11.515,79";"11.129,47"
"11672";"PASTEL FOLHADO CARNE SPECIATTA";"800";"2,004";"120,24";"120,24"
"11673";"PASTEL FOLHADO FGO SPECIATTA KG";"800";"192,008";"13.440,45";"13.242,58"
"11676";"PASTEL FRITO DE FGO";"800";"89,950";"5.397,00";"5.396,20"
"7382";"PASTEL ITALIANY 300G PRESUNTO QUEIJO";"800";"11,000";"246,29";"246,29"
"7383";"PASTEL ITALIANY 300G QUEIJO";"800";"15,000";"338,65";"338,65"
"9978";"PASTEL ITALIANY RECH 300G CALAB QUEIJO";"800";"14,000";"313,46";"313,46"
"7386";"PASTILHA ADES PATO 3UN FRESH ";"800";"222,000";"2.251,68";"2.240,55"
"7389";"PASTILHA HIGISOL 3UN 27G CRAVO E CANELA";"800";"28,000";"189,20";"189,20"
"7390";"PASTILHA HIGISOL 3UN 27G FLORAL";"800";"92,000";"626,44";"626,44"
"7391";"PASTILHA HIGISOL 3UN 27G LAVANDA";"800";"80,000";"545,92";"545,92"
"1801";"PASTILHA MENTOS KISS LT 35G MINT";"800";"70,000";"1.294,30";"1.294,30"
"1802";"PASTILHA MENTOS KISS LT 35G MORANGO";"800";"33,000";"610,17";"610,17"
"31836";"PASTILHA MENTOS KISS ZR LT 35G MOR";"800";"6,000";"110,94";"110,94"
"21767";"PASTILHA MENTOS RAINBOW 38G";"800";"393,000";"1.568,07";"1.568,07"
"1074";"PASTILHA MENTOS STICKS 37 5G FANTA LAR";"800";"209,000";"833,91";"833,91"
"1881";"PASTILHA MENTOS STICKS 37 5G FTAS";"800";"383,000";"1.528,17";"1.528,17"
"1880";"PASTILHA MENTOS STICKS 37 5G FTAS VRM";"800";"294,000";"1.173,06";"1.173,06"
"1879";"PASTILHA MENTOS STICKS 37 5G MINT";"800";"331,000";"1.320,69";"1.320,69"
"34490";"PASTILHA MENTOS STICKS 37 5G TUTTI FRUTTI";"800";"229,000";"913,71";"913,71"
"7397";"PASTILHA PATO PROMO 3UN CITRUS";"800";"166,000";"1.692,57";"1.684,25"
"7398";"PASTILHA PATO PROMO 3UN FLORAL";"800";"100,000";"1.017,39";"1.016,49"
"7399";"PASTILHA PATO PROMO 3UN LAVANDA";"800";"295,000";"3.033,02";"3.014,58"
"1884";"PASTILHA TIC TAC 14 5G CITRUS MIX";"800";"31,000";"132,99";"132,99"
"1886";"PASTILHA TIC TAC 14 5G FRUTAS";"800";"60,000";"257,40";"257,40"
"1890";"PASTILHA TIC TAC 14 5G LARANJA";"800";"50,000";"214,90";"214,90"
"1888";"PASTILHA TIC TAC 14 5G MENTA";"800";"45,000";"193,05";"193,05"
"11677";"PATA BRISTOT BOV CONG KG";"800";"197,686";"2.995,76";"2.995,76"
"11678";"PATA BRISTOT BOV CONG KG BDJ";"800";"1.169,373";"17.783,77";"17.781,42"
"36240";"PATE DALIA 100G GALINHA";"800";"793,000";"2.882,87";"2.880,97"
"36241";"PATE DALIA 100G PRESUNTO";"800";"847,000";"3.222,03";"3.222,03"
"9980";"PATE EXCELSIOR 100G BACON";"800";"449,000";"1.791,51";"1.791,51"
"21768";"PATE EXCELSIOR 100G CEBOLA SALSA";"800";"1.151,000";"4.480,49";"4.480,49"
"7403";"PATE EXCELSIOR 100G FGO";"800";"1.099,000";"4.309,41";"4.309,41"
"7404";"PATE EXCELSIOR 100G FGO E ERVAS";"800";"1.946,000";"7.764,54";"7.764,54"
"7402";"PATE EXCELSIOR 100G FIGADO";"800";"739,000";"2.948,61";"2.948,61"
"7405";"PATE EXCELSIOR 100G PEITO FGO DEF";"800";"762,000";"3.040,38";"3.040,38"
"7410";"PATE EXCELSIOR 100G PRESUNTO";"800";"848,000";"3.383,52";"3.383,52"
"34521";"PATE EXCELSIOR 250G FGO";"800";"388,000";"3.530,90";"3.530,90"
"9981";"PATE EXCELSIOR 250G FGO C ERVAS";"800";"859,000";"7.458,41";"7.458,41"
"9982";"PATE EXCELSIOR 250G PRESUNTO";"800";"347,000";"3.153,57";"3.153,57"
"2419";"PATE ODERICH LT 100G CARNE";"800";"750,000";"4.205,00";"4.204,00"
"2420";"PATE ODERICH LT 100G FIGADO";"800";"405,000";"2.265,45";"2.265,45"
"3304";"PATE ODERICH LT 100G FRANGO";"800";"64,000";"345,12";"344,62"
"3305";"PATE ODERICH LT 100G GALINHA";"800";"68,000";"369,32";"368,82"
"2421";"PATE ODERICH LT 100G PERU";"800";"340,000";"1.918,60";"1.918,10"
"2422";"PATE ODERICH LT 100G PRESUNTO";"800";"659,000";"3.704,41";"3.703,91"
"11683";"PATINHO FRIBOI BOV PORC VACUO KG";"800";"222,774";"10.607,96";"9.991,22"
"11682";"PATINHO FRIBOI BOV PORC VACUO KG BDJ";"800";"14,278";"685,23";"685,23"
"11685";"PATINHO RESERVA BOV S OSSO KG BIFE";"800";"1.061,815";"54.646,49";"52.361,27"
"11045";"PATINHO RESERVA BOV S OSSO KG DUCKBEEF RESERV";"800";"45,274";"2.670,61";"2.670,61"
"11144";"PATINHO RESERVA BOV S OSSO KG FLANBEEF RESERV";"800";"41,388";"2.441,94";"2.441,94"
"11686";"PATINHO RESERVA BOV S OSSO KG MOIDO";"800";"1.288,614";"64.109,94";"63.541,11"
"11680";"PATINHO RESERVA BOV S OSSO KG PEDACO";"800";"314,769";"15.689,53";"15.300,61"
"11689";"PATINHO RESERVA BOV S OSSO KG STROGONOFF";"800";"123,106";"6.770,76";"6.770,76"
"21773";"PAZINHA CRISTAL C 100";"800";"42,000";"419,58";"419,58"
"1855";"PE MOLEQUE STO ANTONIO 100G ZERO";"800";"47,000";"807,93";"807,93"
"1848";"PE MOLEQUE STO ANTONIO 200G NATA ACUCAR MASCAVO";"800";"90,000";"973,80";"973,80"
"1853";"PE MOLEQUE STO ANTONIO 300G AC MASC C ACUCAR MASCA";"800";"306,000";"4.433,94";"4.433,94"
"21784";"PE MOLEQUE STO ANTONIO AC MASC MEL 200G";"800";"66,000";"650,54";"650,54"
"7414";"PEDRA PATO 25G 25% DESC LAVANDA";"800";"297,000";"1.268,83";"1.268,83"
"7415";"PEDRA PATO 25G 25% DESC MARINE";"800";"224,000";"914,96";"914,96"
"21787";"PEDRA POMES STA CLARA R 199";"800";"14,000";"66,56";"66,56"
"21788";"PEDRA POMES VINI C LIXA";"800";"5,000";"42,45";"42,45"
"7421";"PEDRA SANIT HARPIC 20G 40 GTS 40PCT PINHO CAMP";"800";"243,000";"1.212,57";"1.212,57"
"7420";"PEDRA SANIT HARPIC 20G LAVANDA LAVANDA";"800";"174,000";"868,26";"868,26"
"7419";"PEDRA SANIT HARPIC AIR PLUS 25G FLORES DO CAMPO";"800";"31,000";"154,69";"154,69"
"7422";"PEDRA SANIT HARPIC AIR PLUS 25G PLUS CITRUS";"800";"76,000";"379,24";"379,24"
"7416";"PEDRA SANITARIA GLADE 25G 25% DESC LAVANDA";"800";"178,000";"835,62";"835,62"
"7417";"PEDRA SANITARIA GLADE 25G 25% DESC PINHO";"800";"189,000";"884,91";"884,91"
"7423";"PEDRA SANITARIA SANI SOL 20G EUCALIPTO";"800";"2.531,000";"5.115,89";"5.115,89"
"7424";"PEDRA SANITARIA SANI SOL 20G FLORAL";"800";"1.997,000";"4.041,33";"4.041,33"
"7425";"PEDRA SANITARIA SANI SOL 20G JASMIN";"800";"1.307,000";"2.656,93";"2.656,93"
"7426";"PEDRA SANITARIA SANI SOL 20G LAVANDA";"800";"2.517,000";"5.107,53";"5.107,53"
"21791";"PEG ALIM SIL VERM 26CM CM48";"800";"1,000";"21,99";"21,99"
"21792";"PEG C ESCUM FRITURA INGA 11CM";"800";"2,000";"21,98";"21,98"
"21794";"PEG INOX 24X5CM BU0059";"800";"1,000";"19,99";"19,99"
"21795";"PEG M USO RIADY INOX 28CM";"800";"2,000";"19,98";"19,98"
"21796";"PEG M USO RIADY INOX 35.5CM";"800";"5,000";"54,95";"54,95"
"21802";"PEG MAS INOX SILVER 30CM EM CASA T";"800";"6,000";"89,94";"89,94"
"21804";"PEG MAS MADIE KITCHEN VM 31CM";"800";"2,000";"25,98";"25,98"
"21807";"PEG MEL ACRILICO";"800";"1,000";"5,99";"5,99"
"21810";"PEG SAL INOX CLASS HOME 28,5CM";"800";"2,000";"31,98";"31,98"
"21811";"PEG SAL INOX GOLD 20CM EM CASA TE";"800";"6,000";"59,94";"59,94"
"21812";"PEG SALS INOX SILVER 23CM CM36";"800";"1,000";"9,99";"9,99"
"21815";"PEG UNIVERSAL INOX GOLD 20CM";"800";"3,000";"47,97";"47,97"
"36971";"PEGADOR INOX GOLD 29CM";"800";"14,000";"125,86";"125,86"
"34633";"PEGADOR MACARRAO LINHA CASA";"800";"3,000";"20,97";"20,97"
"21801";"PEGADOR MASSA EM CASA TEM 20CM INOX GOLD";"800";"14,000";"139,86";"139,86"
"7427";"PEGADOR MASSA TRAMONTINA 63800/605 ";"800";"1,000";"19,99";"19,99"
"37761";"PEGADOR MASSAS SILICONE C INOX QUAL";"800";"1,000";"13,99";"13,99"
"11684";"PEITO E COSTELA C OSSO BOV RESF KG BDJ";"800";"1.442,664";"38.467,56";"38.467,56"
"10936";"PEITO E COSTELA C OSSO BOV RESF KG COST RES PEITO";"800";"284,214";"9.376,17";"9.376,17"
"10933";"PEITO E COSTELA C OSSO BOV RESF KG COSTELA GRELHA";"800";"1.767,579";"52.992,22";"52.992,22"
"11413";"PEITO E COSTELA C OSSO BOV RESF KG MANTA PEITO RES";"800";"30,419";"1.216,41";"1.216,41"
"11713";"PEITO E COSTELA C OSSO BOV RESF KG PEIT RES C OSSO";"800";"11.864,805";"300.474,92";"299.933,82"
"11693";"PEITO FGO AURORA DEFUM 180G";"800";"61,000";"585,49";"585,49"
"11694";"PEITO FGO CHESINI RESF BDJ KG C OSSO";"800";"0,722";"8,08";"8,08"
"11695";"PEITO FGO CONG KG";"800";"19.585,343";"264.516,53";"232.461,36"
"11696";"PEITO FGO EXCELSIOR DEF KG EMB";"800";"13,534";"614,34";"605,56"
"11697";"PEITO FGO EXCELSIOR DEF KG FAT";"800";"212,656";"9.621,00";"9.262,43"
"11698";"PEITO FGO EXCELSIOR DEF KG INT";"800";"1,142";"51,84";"49,63"
"34475";"PEITO FGO EXCELSIOR DEF KG RETALHO";"800";"37,310";"1.163,77";"1.163,77"
"11701";"PEITO FGO PROGRESSO DEF KG FAT";"800";"330,958";"12.576,98";"12.570,97"
"11702";"PEITO FGO PROGRESSO DEF KG INT";"800";"72,524";"2.871,04";"2.870,60"
"31858";"PEITO FGO SADIA TEMP COZ DESF CONG 400G";"800";"371,000";"8.158,29";"8.158,29"
"11703";"PEITO FGO SEARA DESF 400G";"800";"420,000";"10.659,49";"10.636,09"
"11705";"PEITO FRIBOI BOV PORC VACUO";"800";"400,037";"15.563,01";"12.409,65"
"11704";"PEITO FRIBOI BOV PORC VACUO BDJ";"800";"15,718";"513,24";"513,24"
"31859";"PEITO PERDIGAO CHESTER DEF KG FAT";"800";"59,918";"3.768,23";"3.768,23"
"11691";"PEITO PERDIGAO CHESTER DEF KG INT";"800";"9,000";"566,03";"566,03"
"11925";"PEITO PERDIGAO CHESTER DEF KG RETALHO";"800";"3,638";"123,65";"123,65"
"11709";"PEITO PERU SADIA DEF SOLTIS 200G";"800";"94,000";"1.873,66";"1.873,66"
"11710";"PEITO PERU SADIA LIGHT DEF KG EMB";"800";"6,976";"576,85";"576,85"
"11711";"PEITO PERU SADIA LIGHT DEF KG FAT";"800";"83,314";"6.889,31";"6.889,31"
"11712";"PEITO PERU SADIA LIGHT DEF KG INT";"800";"1,362";"112,62";"112,62"
"11926";"PEITO PERU SADIA LIGHT DEF KG RETALHO";"800";"2,024";"96,94";"96,94"
"7428";"PEITORAL ITADOG NYL SIMPLES R03 ";"800";"3,000";"50,97";"50,97"
"21818";"PEITORAL NYLON SIMPLES R 1";"800";"35,000";"749,65";"749,65"
"21819";"PEITORAL NYLON SIMPLES R 2";"800";"26,000";"558,24";"558,24"
"21817";"PEITORAL NYLON SIMPLES R-0";"800";"5,000";"96,77";"96,77"
"36456";"PEIXE TRAIRA CONG KG";"800";"15,784";"378,66";"378,66"
"21821";"PELUCIA CAPIVARA 18CM";"800";"5,000";"99,95";"99,95"
"21824";"PELUCIA CORAC TE AMO 20CM";"800";"4,000";"67,96";"67,96"
"21825";"PELUCIA CORAC TE AMO PAETE 20CM";"800";"5,000";"84,95";"84,95"
"21832";"PELUCIA URSO C LACO 17CM";"800";"9,000";"170,91";"170,91"
"21835";"PEN BOLSA";"800";"11,000";"66,49";"66,49"
"21836";"PEN BOLSA FLORENCE";"800";"1,000";"6,19";"6,19"
"21837";"PEN BONITTA BOLSA R.536BT";"800";"1,000";"9,99";"9,99"
"21838";"PEN BONITTA DENTES FINOS";"800";"1,000";"5,49";"5,49"
"21839";"PEN BONITTA DENTES MEDIO";"800";"1,000";"6,59";"6,59"
"21842";"PEN BONITTA P PIOLHO R 535";"800";"9,000";"47,49";"47,49"
"21843";"PEN BONITTA SERRILHADO";"800";"54,000";"276,96";"276,96"
"21848";"PEN DUPLO";"800";"12,000";"62,38";"62,38"
"21851";"PEN M BONI BASIC";"800";"4,000";"28,66";"28,66"
"21852";"PEN M BONI COLORS DNT TRANCADOS R.0250B";"800";"2,000";"19,98";"19,98"
"21854";"PEN M BONI HIPER TRANSP R 1361";"800";"18,000";"169,04";"169,04"
"21856";"PEN M BONI TARTARUGA R 0021B";"800";"13,000";"133,51";"133,51"
"21857";"PEN M BONI TRANCADO";"800";"3,000";"17,97";"17,97"
"21858";"PEN M BONI USO DIA BASIC";"800";"21,000";"170,19";"170,19"
"21860";"PEN SEREIA C GLITER";"800";"18,000";"147,02";"147,02"
"21861";"PEN UNICORNIO C/GLITER";"800";"1,000";"3,39";"3,39"
"38394";"PENEIRA 12CM";"800";"13,000";"155,87";"155,87"
"35817";"PENEIRA 16CM";"800";"12,000";"210,88";"210,88"
"34197";"PENEIRA 7CM";"800";"23,000";"132,77";"132,77"
"21868";"PENEIRA INOX 12X27CM CM48";"800";"1,000";"4,99";"4,99"
"21870";"PENEIRA INOX 20X38CM CM48";"800";"5,000";"94,95";"94,95"
"21871";"PENEIRA INOX C/CABO SIL 8CM";"800";"4,000";"39,96";"39,96"
"21873";"PENEIRA ORIG INOX 12CM";"800";"40,000";"359,60";"359,60"
"21874";"PENEIRA ORIG INOX 16CM";"800";"20,000";"259,80";"259,80"
"21875";"PENEIRA ORIG INOX 8CM";"800";"41,000";"245,59";"245,59"
"36707";"PENEIRA PLASUTIL N 4 19CM NAYLON RF";"800";"6,000";"107,94";"107,94"
"21880";"PENIQUINHO CAJOVIL URSO AZL";"800";"6,000";"137,94";"137,94"
"21881";"PENIQUINHO CAJOVIL URSO RSA";"800";"2,000";"47,49";"47,49"
"9993";"PENTE CONDOR SM 110";"800";"1,000";"24,99";"24,99"
"21883";"PENTE PINCEL M BONI";"800";"17,000";"305,83";"305,83"
"2446";"PEPINO CONS JUREIA VD 300G AGRIDOCE FATIADO";"800";"80,000";"967,87";"967,87"
"2450";"PEPINO CONS JUREIA VD 300G FATIADO PICANTE";"800";"17,000";"224,91";"224,91"
"2458";"PEPINO CONS ODERICH VD 300G AGRIDOCE";"800";"205,000";"2.832,07";"2.832,07"
"2453";"PEPINO CONS ODERICH VD 300G CASEIRO";"800";"129,000";"1.855,50";"1.855,50"
"2452";"PEPINO CONSERVA ADIGEL VD 300G";"800";"221,000";"2.850,64";"2.850,64"
"2416";"PEPINO CONSERVA DA SERRA SH 150G";"800";"5,000";"29,45";"29,45"
"2434";"PEPINO CONSERVA DA SERRA VD 300G";"800";"129,000";"1.277,10";"1.275,10"
"2429";"PEPINO CONSERVA NUTRIOURO VD 300G";"800";"2.231,000";"18.941,19";"18.941,19"
"21886";"PEPINO CONSERVA ODERICH FAT 300G";"800";"6,000";"86,94";"86,94"
"2447";"PEPINO CONSERVA ODERICH VD 300G TRAD";"800";"139,000";"1.777,81";"1.777,81"
"2438";"PEPINO CONSERVA PETRY VD 300G TRAD";"800";"10,000";"109,00";"109,00"
"11721";"PEPINO CORTADO";"800";"3,527";"32,16";"32,16"
"1000";"PEPINO DA SERRA CONS VD 1 8KG";"800";"49,000";"1.947,52";"1.947,52"
"11722";"PEPINO JAPONES";"800";"1.320,727";"11.704,76";"11.639,05"
"33441";"PEPINO JUREIA TRAD VD 1 8KG";"800";"50,000";"2.241,00";"2.241,00"
"11720";"PEPINO KG";"800";"4.731,782";"32.454,49";"32.345,34"
"11726";"PERA KG";"800";"3.886,471";"50.051,97";"50.051,97"
"31871";"PERF AMBIENTE AMAZONIA CHA BCO 200ML";"800";"26,000";"363,74";"363,74"
"36729";"PERFUME AMBIANTE CITRONELA 200ML";"800";"8,000";"111,92";"111,92"
"21890";"PERFUME AMBIENTE AMAZONIA 200ML BABY RS";"800";"4,000";"47,96";"47,96"
"21891";"PERFUME AMBIENTE AMAZONIA 200ML BROTO BAMBU";"800";"41,000";"573,59";"573,59"
"21892";"PERFUME AMBIENTE AMAZONIA 200ML LAVAND F";"800";"20,000";"279,80";"279,80"
"21893";"PERFUME AMBIENTE AMAZONIA 200ML ZAFIRA";"800";"27,000";"377,73";"377,73"
"11729";"PERNIL PAMPLONA SUINO TEMP KG ";"800";"33,326";"666,20";"666,20"
"11730";"PERNIL SUINO CONG KG";"848";"908,000";"15.845,88";"15.845,88"
"11730";"PERNIL SUINO CONG KG";"800";"5.790,697";"103.564,30";"97.328,24"
"21894";"PERUCA BLACK POWER BRASIL 90G";"800";"21,000";"291,90";"291,90"
"37983";"PERUCA BRASIL";"800";"2,000";"31,98";"31,98"
"21896";"PERUCA BRASIL FEMININA";"800";"24,000";"333,60";"333,60"
"38007";"PERUCA BRASIL PT4756BRA ";"800";"1,000";"9,99";"9,99"
"21895";"PERUCA DO BRASIL";"800";"22,000";"305,80";"305,80"
"21897";"PERUCA TRANCA BRASIL";"800";"2,000";"27,80";"27,80"
"11733";"PESSEGO IMPORTADO KG";"800";"30,554";"549,64";"549,64"
"21902";"PESSEGO MARIZA METADES 450G";"800";"317,000";"4.244,63";"4.244,63"
"11734";"PESSEGO NACIONAL BRANCO KG";"800";"5,959";"38,69";"38,69"
"2282";"PESSEGO PETITOSA METADES 450G";"800";"269,000";"4.032,31";"4.032,31"
"35647";"PESSEGO PIACERE METADES 485G";"800";"1.312,000";"16.924,80";"16.924,80"
"21909";"PET FRISKIES 40G CAR";"800";"54,000";"372,06";"372,06"
"21910";"PET FRISKIES 40G SALMAO";"800";"106,000";"730,34";"730,34"
"21912";"PET PETISCAO TABLETE CAR 60G";"800";"221,000";"660,79";"660,79"
"21907";"PETISCO DREAMIES 40G CARNE";"800";"73,000";"634,37";"634,37"
"21908";"PETISCO DREAMIES 40G QJO";"800";"8,000";"69,52";"69,52"
"9996";"PETISCO FRISKIES 40G FRANGO";"800";"99,000";"682,11";"682,11"
"21916";"PETISQ VIDRO COTTON C 3 DIVISORIAS";"800";"3,000";"56,97";"56,97"
"11736";"PHYSALIS BDJ 100G";"800";"3,000";"44,97";"44,97"
"11738";"PICANHA BORDON BOV CONG";"800";"0,306";"21,42";"21,42"
"11740";"PICANHA BORDON BOV FAT KG BDJ";"800";"0,620";"37,19";"37,19"
"11739";"PICANHA BORDON BOV FAT KG VACUO";"800";"807,331";"45.470,41";"38.733,55"
"11742";"PICANHA PAMPLONA SUINA TEMPERADO";"800";"32,094";"641,57";"641,57"
"11741";"PICANHA RESERVA BOV KG PEDACO";"800";"67,628";"5.765,66";"5.765,66"
"33275";"PICANHA SUINA SEARA CONG KG";"800";"0,858";"30,85";"30,85"
"2464";"PICLES CONSERVA ADIGEL VD 300G";"800";"37,000";"554,63";"554,63"
"2462";"PICLES CONSERVA JUREIA VD 300G";"800";"15,000";"180,30";"180,30"
"37170";"PILAO C SOCADOR PLASTICO 16 5CM";"800";"9,000";"179,91";"179,91"
"21920";"PILHA DURACELL ALC PALITO AAA C 4";"800";"37,000";"1.087,43";"1.087,43"
"21921";"PILHA DURACELL ALC PQ AA C 4";"800";"35,000";"1.028,65";"1.028,65"
"21926";"PILHA DURACELL MOEDA C 2";"800";"29,000";"869,71";"869,71"
"21923";"PILHA DURACELL PALITO AAA C 2";"800";"67,000";"1.339,33";"1.339,33"
"21924";"PILHA DURACELL PQ AA C 2";"800";"74,000";"1.479,26";"1.479,26"
"21928";"PILHA ELGIN ALC PALITO AA C 8 ";"800";"9,000";"152,91";"152,91"
"21929";"PILHA ELGIN ALC PALITO AAA C 2";"800";"383,000";"2.294,17";"2.294,17"
"21930";"PILHA ELGIN ALC PALITO AAA C 8";"800";"41,000";"737,59";"737,59"
"21931";"PILHA ELGIN ALC PEQ AA C 2";"800";"313,000";"1.874,87";"1.874,87"
"21932";"PILHA ELGIN PALITO AAA C 4";"800";"706,000";"3.522,94";"3.522,94"
"21933";"PILHA ELGIN PQ AA C 4";"800";"529,000";"2.639,71";"2.639,71"
"33247";"PILHA ENERGIZER ALCALINA MAX AA 2UN MAX AA 2UN";"800";"13,000";"149,37";"149,37"
"33248";"PILHA ENERGIZER ALCALINA MAX AAA2UN";"800";"3,000";"37,77";"37,77"
"7433";"PILHA PANASONIC AL AAA PALIT LV4PG3";"800";"221,000";"5.478,59";"5.478,59"
"7434";"PILHA PANASONIC ALC AA 2UN";"800";"260,000";"2.857,40";"2.857,40"
"7437";"PILHA PANASONIC ALC AAA PALITO 2UN";"800";"235,000";"3.099,65";"3.099,65"
"7438";"PILHA PANASONIC ALC GRANDE 2UN";"800";"20,000";"975,80";"904,60"
"10002";"PILHA PANASONIC S HYPER PALITO CT8";"800";"270,000";"5.910,30";"5.904,20"
"7442";"PILHA PANASONIC SPEC HYPER PEQ 4UN";"800";"401,000";"3.532,09";"3.532,09"
"7443";"PILHA PANASONIC SUP HYPER MEDIA 2UN ";"800";"2,000";"23,98";"23,98"
"7444";"PILHA PANASONIC SUPER HIP LV PG 8UN ";"800";"259,000";"4.089,61";"4.089,61"
"7445";"PILHA PANASONIC SUPER HYPER GR 2UN";"800";"102,000";"1.345,38";"1.345,38"
"7446";"PILHA PANASONIC ULTRA HYPER PAL 4UN";"800";"376,000";"4.508,24";"4.508,24"
"21934";"PILHA RAYOVAC AAA 4UN GTS 2UN";"800";"135,000";"3.049,65";"3.049,65"
"21936";"PILHA RAYOVAC ALC AAA C 2";"800";"189,000";"2.455,11";"2.453,11"
"21937";"PILHA RAYOVAC ALC AAA C 4";"800";"30,000";"749,70";"749,70"
"21935";"PILHA RAYOVAC ALCALINA AA C 4 ";"800";"145,000";"2.985,55";"2.985,55"
"10003";"PILHA RAYOVAC ALCALINA AA SM 2UN";"800";"158,000";"1.717,22";"1.682,42"
"10006";"PILHA RAYOVAC ALCALINA GD 2UN";"800";"23,000";"1.018,67";"1.018,67"
"10004";"PILHA RAYOVAC AMAR AA PQ 4UN";"800";"184,000";"1.506,96";"1.506,96"
"10008";"PILHA RAYOVAC AMAR GD 2UN";"800";"93,000";"1.477,77";"1.477,77"
"10009";"PILHA RAYOVAC AMAR MD 2UN";"800";"5,000";"76,95";"76,95"
"10005";"PILHA RAYOVAC AMAR PAL AAA 4UN";"800";"3,000";"26,97";"26,97"
"21939";"PILHA RAYOVAC RECAR AAA 2UN ";"800";"4,000";"147,96";"147,96"
"11749";"PIMENTA KG";"800";"137,193";"3.547,27";"3.547,27"
"11759";"PIMENTAO AMARELO KG";"800";"1.133,853";"17.304,04";"17.285,72"
"11765";"PIMENTAO REI MISTO KG";"800";"11,110";"166,42";"166,42"
"11758";"PIMENTAO VERDE KG";"800";"10.635,199";"104.935,29";"103.498,47"
"11776";"PIMENTAO VERMELHO KG";"800";"1.981,253";"33.471,06";"32.808,45"
"7447";"PINCA MERHEJE 2UN";"800";"2,000";"11,98";"11,98"
"7448";"PINCA MERHEJE DECORADA 2UN";"800";"4,000";"31,96";"31,96"
"21944";"PINCA ORIG RUBI RETA INOX";"800";"52,000";"363,48";"363,48"
"21945";"PINCA ORIG SAFIRA INOX C 2";"800";"82,000";"409,18";"409,18"
"21946";"PINCA PROFISSIONAL DIAM INOX 8CM";"800";"8,000";"79,92";"79,92"
"21947";"PINCEL 1 1 2";"800";"11,000";"197,89";"197,89"
"10010";"PINCEL BARBA BONITTA PEQUENO ";"800";"2,000";"29,98";"29,98"
"21948";"PINCEL BARBA CONDOR SM 2008";"800";"2,000";"45,38";"45,38"
"21950";"PINCEL ESCOLAR 815-04 LEOELEO-4143";"800";"4,000";"11,16";"11,16"
"21951";"PINCEL ESCOLAR 815-06 LEOELEO-4144";"800";"4,000";"11,96";"11,96"
"7450";"PINCEL ESCOLAR LEO&LEO LONGO RF4146 815-10";"800";"3,000";"10,17";"10,17"
"34963";"PINCEL LYKE N10 CABO LONGO";"800";"33,000";"98,67";"98,67"
"34962";"PINCEL LYKE N8 CABO LONGO";"800";"47,000";"140,53";"140,53"
"21954";"PINCEL M BONI ESFUMADOR COLECOES";"800";"1,000";"15,90";"15,90"
"21955";"PINCEL M BONI PARA BASE COLECOES";"800";"1,000";"19,90";"19,90"
"36441";"PINCEL MARCO B PO COLECOES";"800";"1,000";"15,99";"15,99"
"35660";"PINCEL MARCO BONI BLUSH";"800";"1,000";"18,99";"18,99"
"21959";"PINCEL P BARBEAR BASIC ORIG";"800";"5,000";"49,95";"49,95"
"21960";"PINCEL P BARBEAR CABO MADEIRA 9CM";"800";"8,000";"47,92";"47,92"
"21961";"PINCEL P BASE BLACK SILVER P4";"800";"3,000";"89,97";"89,97"
"21962";"PINCEL P MAQUIAGEM CALDA SEREIA 17CM";"800";"3,000";"23,97";"23,97"
"21963";"PINCEL P MAQUIAGEM CALDA SEREIA 18CM";"800";"2,000";"31,98";"31,98"
"21964";"PINCEL P MAQUIAGEM CALDA SEREIA 24CM";"800";"4,000";"43,96";"43,96"
"21965";"PINCEL P/PINTURA STARTOOLS 30004 19MM";"800";"1,000";"3,99";"3,99"
"21971";"PINCEL STARTOOLS P/PINTURA 1 25MM";"800";"2,000";"5,98";"5,98"
"21974";"PINCEL/ESC OVALP/MAQUIAGEM 15CM";"800";"7,000";"90,93";"90,93"
"35269";"PINGO DE LEITE MARQUESPAN KG";"800";"34,626";"1.135,49";"1.135,49"
"11779";"PINHAO KG";"800";"361,587";"7.585,91";"7.585,91"
"21975";"PINO 3 SAIDAS 2P T";"800";"47,000";"892,53";"892,53"
"21976";"PINO 3 SAIDAS CERTIFICADO";"800";"31,000";"435,51";"435,51"
"21977";"PINO FEMEA 2P T ";"800";"14,000";"181,86";"181,86"
"21978";"PINO MACHO";"800";"32,000";"287,68";"287,68"
"21979";"PINO PORTA LAMPADA";"800";"40,000";"600,51";"600,51"
"1711";"PIPOCA DOCE KEVYTOS 13G";"800";"15.342,000";"6.679,28";"6.662,13"
"1713";"PIPOCA DOCE KEVYTOS 50G";"800";"1.065,000";"2.298,75";"2.287,95"
"1712";"PIPOCA DOCE POPFITOS 50G";"800";"585,000";"1.216,35";"1.215,75"
"1715";"PIPOCA DOCE STO ANTONIO 100G";"800";"520,000";"2.958,80";"2.958,80"
"2441";"PIPOCA MICRO YOKI 105G COBERTURA MANTEIGA";"800";"60,000";"539,40";"539,40"
"21989";"PIPOQUEIRA ALUM POLIDO CALSSIC 3,8L";"800";"1,000";"59,90";"59,90"
"21990";"PIPOQUEIRA CASALI 3,3L N20";"800";"2,000";"119,80";"119,80"
"21991";"PIPOQUEIRA PANELUX POLIDA N20";"800";"5,000";"419,50";"419,50"
"21994";"PIPOQUEIRA SUPER DEC 2 1L MICKEY AZL";"800";"16,000";"271,84";"271,84"
"35082";"PIPOQUEIRA SUPER DEC 2 1L MINNIE RSA";"800";"6,000";"101,94";"101,94"
"21988";"PIPOQUEIRA SUPER DEC CAP AMERICA 2,1L";"800";"2,000";"41,98";"41,98"
"33483";"PIPOQUEIRA SUPER DEC DIVERT 2 1L LILO STITCH";"800";"26,000";"441,74";"441,74"
"22003";"PIRUL FLORESTAL PICOLE NAPOLITANO 550";"800";"4,000";"99,60";"99,60"
"22006";"PIRUL POP BR ACAI/GUARANA 672G";"800";"1,000";"12,90";"12,90"
"22020";"PIRUL TOFFANO FUNNY POP FRU 600G";"800";"21,000";"318,99";"318,99"
"37842";"PIRULITO BOAVISTENSE POP PIRATAS 40";"800";"7,000";"69,93";"69,93"
"37829";"PIRULITO BRUXOLITO 500G";"800";"2,000";"21,98";"21,98"
"1877";"PIRULITO DORI FACE POP 450G APITO";"800";"48,000";"781,92";"781,92"
"1905";"PIRULITO DORI MASTIGAVEL 560G YOGURTE 100";"800";"61,000";"1.219,39";"1.219,39"
"37185";"PIRULITO FLOPITO BABY CORACAO MOR 1";"800";"1,000";"2,99";"2,99"
"38019";"PIRULITO FLOPITO BOLA COLA C 50";"800";"1,000";"11,99";"11,99"
"1870";"PIRULITO FLORESTAL 200G CORACAO COLORIDO";"800";"31,000";"310,71";"310,71"
"1885";"PIRULITO FLORESTAL 400G CORACAO COLORIDO";"800";"29,000";"376,71";"376,71"
"33984";"PIRULITO FLORESTAL 400G DINOS";"800";"1,000";"19,99";"19,99"
"33979";"PIRULITO FLORESTAL 400G PANICO";"800";"3,000";"35,97";"35,97"
"33985";"PIRULITO FLORESTAL 400G PRINCESS";"800";"2,000";"39,80";"39,80"
"33989";"PIRULITO FLORESTAL 600G GIGA TUTTI";"800";"1,000";"23,29";"23,29"
"1869";"PIRULITO FLORESTAL CORACAO 200G MORANGO";"800";"95,000";"664,05";"664,05"
"1868";"PIRULITO FLORESTAL CORACAO 200G TUTTI FRUTTI";"800";"128,000";"894,72";"894,72"
"1887";"PIRULITO FLORESTAL CORACAO 400G MORANGO";"800";"45,000";"584,55";"584,55"
"37441";"PIRULITO FLORESTAL FLOPITO FRUTAS 4";"800";"8,000";"71,92";"71,92"
"37124";"PIRULITO FLORESTAL PATATI PATAT 2X1";"800";"2,000";"21,98";"21,98"
"36860";"PIRULITO FLORESTAL PEG BANZE 200G";"800";"4,000";"39,96";"39,96"
"33986";"PIRULITO FLORESTAL ZOLLE 480G MORANGO";"800";"3,000";"29,70";"29,70"
"33987";"PIRULITO FLORESTAL ZOLLE 480G TUTTI";"800";"6,000";"59,40";"59,40"
"35656";"PIRULITO PIETROBON 200G PINTA LINGUA";"800";"56,000";"413,84";"413,84"
"1883";"PIRULITO PIETROBON 480G FRAMBOESA";"800";"87,000";"1.096,13";"1.096,13"
"1882";"PIRULITO PIETROBON 480G UVA";"800";"76,000";"951,04";"951,04"
"36378";"PIRULITO POP KISS CEREJA 120G";"800";"4,000";"23,96";"23,96"
"1897";"PIRULITO POP MANIA CHERRY 500G";"800";"18,000";"190,62";"190,62"
"36477";"PIRULITO SABORES 120G";"800";"17,000";"67,83";"67,83"
"37372";"PIRULITO SABORES 300G";"800";"4,000";"43,96";"43,96"
"36861";"PIRULITO SABORES 400G";"800";"8,000";"119,92";"119,92"
"37456";"PIRULITO SABORES 480G";"800";"4,000";"55,96";"55,96"
"37838";"PIRULITO SABORES 500G";"800";"6,000";"83,94";"83,94"
"37198";"PIRULITO SABORES 600G";"800";"12,000";"119,76";"119,76"
"37813";"PIRULITO SABORES FLOPITO 500G";"800";"3,000";"41,97";"41,97"
"37843";"PIRULITO SABORES FLOPITO 600G";"800";"5,000";"49,95";"49,95"
"1889";"PIRULITO TOFFANO FUNNY GUT 600G FRUTAS";"800";"18,000";"278,82";"278,82"
"1863";"PIRULITO TOFFANO PITY 200G FRUTAS";"800";"33,000";"283,47";"283,47"
"1865";"PIRULITO TOFFANO PITY 200G MORANGO";"800";"61,000";"523,99";"523,99"
"1892";"PIRULITO TOFFANO POP BRINQ 600G";"800";"32,000";"498,88";"498,88"
"22060";"PIST P/COLA QUENTE GRANDE-4369";"800";"2,000";"55,98";"55,98"
"22061";"PIST P/COLA QUENTE PEQUENA-4368";"800";"1,000";"21,50";"21,50"
"37131";"PISTOLA COLA QUENTE WELLMIX PEQ WX3";"800";"1,000";"15,99";"15,99"
"33390";"PISTOLA P COLA QUENTE CM24";"800";"1,000";"27,99";"27,99"
"11780";"PITAYA KG";"800";"558,451";"8.755,24";"8.755,24"
"38518";"PITAYA KG PICADO";"800";"1,280";"25,60";"25,60"
"10015";"PIZZA EXCELSIOR 400G 4 QJOS";"800";"959,000";"12.538,40";"12.538,40"
"10016";"PIZZA EXCELSIOR 400G CALABRESA";"800";"2.479,000";"32.448,82";"32.448,81"
"10017";"PIZZA EXCELSIOR 400G FGO C REQUEIJAO";"800";"1.486,000";"19.426,90";"19.426,90"
"10018";"PIZZA EXCELSIOR 400G MUSSARELA";"800";"914,000";"11.993,89";"11.993,89"
"11785";"PIZZA MISTA BAK KG ";"800";"1.017,728";"37.609,10";"31.910,92"
"31906";"PIZZA PERDIGAO 460G FGO BACON";"800";"62,000";"1.221,78";"1.221,78"
"34520";"PIZZA PERDIGAO CONG 460G BRASILEIRA";"800";"62,000";"912,82";"912,82"
"7461";"PIZZA PERDIGAO CONG 460G CALABRESA MOIDA";"800";"8,000";"159,13";"159,13"
"7462";"PIZZA PERDIGAO CONG 460G NAPOLITANA";"800";"87,000";"1.730,57";"1.730,57"
"7463";"PIZZA SADIA 440G MUSSARELA";"800";"106,000";"2.501,52";"2.501,52"
"7464";"PIZZA SADIA 460G CALABRESA";"800";"267,000";"5.948,35";"5.948,35"
"7465";"PIZZA SADIA 460G FGO REQUEI MUSS";"800";"213,000";"4.261,87";"4.261,87"
"7466";"PIZZA SADIA 460G LOMBO REQU MUS";"800";"104,000";"2.452,66";"2.452,66"
"7468";"PIZZA SADIA 460G QUATRO QUEIJOS";"800";"133,000";"2.877,09";"2.877,09"
"22063";"PIZZA SADIA MARGUERITA 460PIMAR";"800";"92,000";"2.231,00";"2.231,00"
"22064";"PIZZA TRIVIALY 470G 4 QJOS";"800";"161,000";"2.184,63";"2.178,33"
"22065";"PIZZA TRIVIALY 470G BRASILEIRA";"800";"120,000";"1.590,39";"1.588,29"
"22066";"PIZZA TRIVIALY 470G CALABRESA";"800";"146,000";"2.004,05";"2.001,95"
"22067";"PIZZA TRIVIALY 470G FGO";"800";"129,000";"1.720,50";"1.716,30"
"22068";"PIZZA TRIVIALY 470G LOMBO";"800";"106,000";"1.388,02";"1.383,82"
"22069";"PIZZA TRIVIALY 470G MILHO BAC";"800";"118,000";"1.597,06";"1.597,06"
"22070";"PIZZA TRIVIALY 470G PORTUGUESA";"800";"131,000";"1.711,80";"1.707,60"
"36189";"PLACA E V A AMARE BANDEIRA 48X40CM";"800";"1,000";"3,99";"3,99"
"36195";"PLACA E V A LILAS BANDEIRA 48X40CM";"800";"4,000";"15,96";"15,96"
"36197";"PLACA E V A ROSA BANDEIRA 48X40CM 1";"800";"2,000";"7,98";"7,98"
"36190";"PLACA E V A VERDE BANDEIRA 47X40CM";"800";"4,000";"15,96";"15,96"
"35740";"PLACA ESTAMPADA DE MADEIRA 20X30";"800";"2,000";"13,98";"13,98"
"22073";"PLAFONIER C SOQUETE LOUCA ";"800";"19,000";"341,81";"341,81"
"38165";"PLAQUINHA SORTIDA 20X20 QQ1019";"800";"4,000";"19,96";"19,96"
"22080";"PLUGUE ANGULAR TRAM 2P 10A/250V BC";"800";"40,000";"239,60";"239,60"
"22081";"PLUGUE ANGULAR TRAM 2P 10A/250V PT";"800";"16,000";"95,84";"95,84"
"22082";"PLUGUE FEMEA TRAM 2P+T 10A/250V BC";"800";"11,000";"98,89";"98,89"
"22083";"PLUGUE FEMEA TRAM 2P+T 10A/250V PT";"800";"17,000";"152,83";"152,83"
"22084";"PLUGUE MACHO TRAM 2P 10A/250V PT";"800";"7,000";"27,93";"27,93"
"35230";"PO COMPACTO 10G";"800";"27,000";"431,73";"431,73"
"22093";"PO DERMO PROT JOHNSONS BABY H SONO 100G";"800";"11,000";"389,89";"389,89"
"22092";"PO DERMO PROT JOHNSONS BABY ORIG 100G";"800";"3,000";"107,97";"107,97"
"3799";"PO P CHANTILLLY YOKI 50G";"800";"23,000";"303,37";"303,37"
"3545";"PO P FLAN NEILAR 40G BAUNILHA";"800";"412,000";"743,82";"743,82"
"3546";"PO P FLAN NEILAR 40G CHOC";"800";"478,000";"862,40";"862,40"
"3547";"PO P FLAN NEILAR 40G COCO";"800";"351,000";"636,94";"636,94"
"3816";"PO P PUDIM BOM GOSTO 45G COCO";"800";"13,000";"11,57";"11,57"
"3818";"PO P PUDIM NEILAR 30G BAUNILHA";"800";"633,000";"943,17";"943,17"
"3819";"PO P PUDIM NEILAR 30G CARAMELO";"800";"591,000";"880,59";"880,59"
"3820";"PO P PUDIM NEILAR 30G CHOC";"800";"783,000";"1.166,67";"1.166,67"
"3821";"PO P PUDIM NEILAR 30G COCO";"800";"396,000";"590,04";"590,04"
"3822";"PO P PUDIM NEILAR 30G LEITE CONDEN";"800";"516,000";"768,84";"768,84"
"3823";"PO P PUDIM NEILAR 30G MORANGO";"800";"827,000";"1.232,23";"1.232,23"
"3802";"PO P SORVETE APTI 120G ABACAXI";"800";"9,000";"55,71";"55,71"
"3803";"PO P SORVETE APTI 120G CHOC";"800";"24,000";"148,56";"148,56"
"3804";"PO P SORVETE APTI 120G COCO";"800";"7,000";"43,33";"43,33"
"3805";"PO P SORVETE APTI 120G CREME";"800";"16,000";"99,04";"99,04"
"3807";"PO P SORVETE APTI 120G MOR";"800";"21,000";"129,99";"129,99"
"3131";"PO PARA CHANTILLLY APTI 50G TRAD";"800";"157,000";"1.253,73";"1.253,73"
"2808";"POLENTA CBS 500G PRE COZIDA";"800";"273,000";"1.273,07";"1.273,07"
"22103";"POLENTA EXCELSIOR PALITO 1KG";"800";"241,000";"3.389,50";"3.389,50"
"10023";"POLENTA EXCELSIOR PALITO CONG 400G";"800";"188,000";"1.765,32";"1.765,32"
"2805";"POLENTA GERMANI 500G PERDIZ";"800";"402,000";"1.603,98";"1.603,98"
"2814";"POLENTA PERDIZ 500G INST TEMP";"800";"333,000";"1.661,67";"1.661,67"
"22105";"POLENTA SINHA 500G";"800";"233,000";"751,07";"751,07"
"2811";"POLENTINA QUAKER 500G";"800";"1.048,000";"5.239,92";"5.239,92"
"7484";"POLIDOR BRASSO 200ML";"800";"4,000";"246,00";"246,00"
"7485";"POLIDOR SILVO 200ML";"800";"2,000";"129,80";"129,80"
"7486";"POLIDOR UNHAS MERHEJE BASIC";"800";"4,000";"51,67";"51,67"
"2643";"POLPA POMODORO CICA TP 520G";"800";"197,000";"1.278,53";"1.278,53"
"7487";"POLTRONA MOR PLASTICA BELA VISTA ";"800";"1,000";"89,90";"89,90"
"3808";"POLVILHO AZEDO CBS 400G";"800";"138,000";"1.516,62";"1.516,62"
"3810";"POLVILHO AZEDO JUREIA 500G";"800";"110,000";"1.373,90";"1.373,90"
"3812";"POLVILHO DOCE JUREIA 500G";"800";"36,000";"294,84";"294,84"
"22116";"POM HIPOGLOS ORIG 40G";"800";"3,000";"77,37";"77,37"
"22118";"POM MASSAG BIO CANELA VELHO 150ML";"800";"175,000";"1.746,50";"1.746,50"
"22117";"POM MASSAG BIO FISIOFORT PREMIUM 150ML";"800";"289,000";"3.754,11";"3.751,11"
"36301";"POMADA MASSAG BIO FISIOFORT 150ML";"800";"229,000";"2.287,71";"2.287,71"
"7489";"POMADA NUGGET 36G MARROM";"800";"48,000";"886,86";"886,86"
"7490";"POMADA NUGGET 36G PRETA";"800";"164,000";"3.050,54";"3.050,54"
"22121";"POMADA WASSINGTON LIQ 60ML MARROM";"800";"79,000";"1.544,44";"1.544,44"
"22122";"POMADA WASSINGTON LIQ 60ML PTA";"800";"64,000";"1.241,26";"1.240,56"
"22124";"POMADA WASSINGTON PASTA 36G MARROM";"800";"124,000";"1.783,55";"1.783,55"
"22125";"POMADA WASSINGTON PASTA 36G PTO";"800";"160,000";"2.294,53";"2.294,53"
"38013";"POMPOM METALIZADO VERDE AMARELO";"800";"31,000";"309,69";"309,69"
"11716";"PONTA PEITO RESERVA BOV S OSSO KG PEITO ESPEC";"800";"1.267,686";"60.836,21";"46.946,59"
"2437";"POPCORN YOKI 100G BACON";"800";"355,000";"1.745,23";"1.745,23"
"2440";"POPCORN YOKI 100G MANTEIGA";"800";"576,000";"2.875,54";"2.827,54"
"2431";"POPCORN YOKI 100G MANTEIGA CINEMA";"800";"700,000";"3.494,30";"3.494,30"
"2439";"POPCORN YOKI 100G NATURAL";"800";"592,000";"2.846,34";"2.834,34"
"2433";"POPCORN YOKI 100G NATURAL C SAL";"800";"661,000";"3.301,77";"3.301,77"
"2435";"POPCORN YOKI 100G TOQUE CHEF";"800";"394,000";"1.913,36";"1.913,36"
"2442";"POPCORN YOKI MICRO 160G COBERTURA CHOC";"800";"236,000";"2.170,40";"2.170,40"
"22135";"POPCORN YOKI PRESUNTO 100G";"800";"5,000";"29,95";"29,95"
"38453";"PORTA ALCOOL GEL PLASUTIL CLAS FOSC";"800";"2,000";"13,98";"13,98"
"34627";"PORTA AZEITE VINAGRE 250ML";"800";"15,000";"164,85";"164,85"
"22138";"PORTA CADEADO MEDIA 2 1 ";"800";"11,000";"94,49";"94,49"
"22140";"PORTA CAN METAL 10,5X9CM";"800";"2,000";"17,98";"17,98"
"22146";"PORTA CHUP LUD DEC MENINA 05";"800";"1,000";"4,99";"4,99"
"7491";"PORTA CHUPETA PLASUTIL CARRINHOS ";"800";"1,000";"3,39";"3,39"
"22149";"PORTA CLIPS CRISTAL";"800";"1,000";"7,99";"7,99"
"22151";"PORTA COMPRIMIDO PLAST 15X3CM";"800";"4,000";"23,96";"23,96"
"22153";"PORTA COMPRIMIDO PLAST 21X6CM";"800";"11,000";"153,89";"153,89"
"37232";"PORTA COMPRIMIDOS PLASTICO 16X2X3";"800";"22,000";"153,78";"153,78"
"37804";"PORTA COMPRIMIDOS PLASTICO 18X4CM";"800";"1,000";"6,99";"6,99"
"38412";"PORTA COMPRIMIDOS PLASTICO 21X10CM";"800";"1,000";"14,99";"14,99"
"37589";"PORTA CONDIM C TAMPA 150ML";"800";"14,000";"125,86";"125,86"
"37236";"PORTA CONDIMENTOS C TAMPA 210ML";"800";"20,000";"139,80";"139,80"
"37237";"PORTA CONDIMENTOS C TAMPA 370ML";"800";"5,000";"49,95";"49,95"
"7493";"PORTA DET ALC GEL SANREMO480ML 1601";"800";"1,000";"9,99";"9,99"
"10034";"PORTA DETERG PLASUTIL DEC 01 ";"800";"2,000";"25,58";"25,58"
"38392";"PORTA DETERGENTE A1";"800";"9,000";"89,91";"89,91"
"38391";"PORTA DETERGENTE A3";"800";"18,000";"179,82";"179,82"
"38390";"PORTA DETERGENTE B1";"800";"14,000";"139,86";"139,86"
"22157";"PORTA DETERGENTE C/BICO DOSADOR PTO";"800";"3,000";"29,97";"29,97"
"38389";"PORTA DETERGENTE COMPACTO B1";"800";"33,000";"197,67";"197,67"
"22166";"PORTA ESC DENTE COLORS";"800";"4,000";"39,96";"39,96"
"38386";"PORTA ESCOVA CLASSIC FOSCO A1";"800";"22,000";"219,78";"219,78"
"37194";"PORTA ESCOVA DENTAL JURASSIC WORL";"800";"1,000";"10,99";"10,99"
"35321";"PORTA ESCOVA DENTES SANREMO AZL";"800";"2,000";"17,98";"17,98"
"38432";"PORTA ESCOVA LUDICO HELLO KITTY 370";"800";"2,000";"27,98";"27,98"
"2311";"PORTA FILTRO MELITTA 102";"800";"100,000";"1.330,80";"1.330,80"
"2313";"PORTA FILTRO MELITTA 103";"800";"62,000";"872,84";"872,84"
"7495";"PORTA FRIOS SANREMO 1 4L 172 6";"800";"28,000";"391,72";"391,72"
"22169";"PORTA GUARDANAPO 13X8CM";"800";"6,000";"29,94";"29,94"
"22170";"PORTA GUARDANAPO INOX CLINK";"800";"3,000";"23,97";"23,97"
"22177";"PORTA LAMPADA TRAM E27-4A/250V PORCELANA";"800";"12,000";"35,88";"35,88"
"22194";"PORTA LAP/CAN CRISTAL";"800";"2,000";"25,38";"25,38"
"22195";"PORTA LAP/CANS FUME";"800";"2,000";"25,38";"25,38"
"38381";"PORTA LATA COPA DO MUNDO";"800";"3,000";"35,97";"35,97"
"36622";"PORTA LATA ISO SM 350ML C 4";"800";"1,000";"7,99";"7,99"
"37455";"PORTA LATA TRICOLOR";"800";"1,000";"13,99";"13,99"
"22198";"PORTA LATAO C/2 ISOBOX";"800";"2,000";"9,98";"9,98"
"22200";"PORTA LATAO TERMICO";"800";"3,000";"44,97";"44,97"
"22201";"PORTA LIMAO (A)";"800";"1,000";"3,99";"3,99"
"22202";"PORTA MACARRAO SANREMO R 694";"800";"1,000";"10,99";"10,99"
"22204";"PORTA MANTIMENTOS PLAST SANREMO 1L";"800";"42,000";"629,58";"629,58"
"38393";"PORTA MIX BOLA FUTEBOL 380ML";"800";"12,000";"167,88";"167,88"
"36540";"PORTA MIX MINNIE PLASUTIL";"800";"4,000";"31,96";"31,96"
"36409";"PORTA OVOS DECORADO PLASUTIL";"800";"7,000";"48,93";"48,93"
"22208";"PORTA OVOS DUZIA PLASUTIL";"800";"7,000";"111,93";"111,93"
"22209";"PORTA OVOS KEITA C/15";"800";"2,000";"33,98";"33,98"
"22210";"PORTA OVOS MEIA DUZIA DEC A2";"800";"12,000";"101,88";"101,88"
"22211";"PORTA OVOS PLASUTIL DUZIA DEC";"800";"14,000";"261,86";"261,86"
"22218";"PORTA PAPEL TOAL METAL 15X28CM";"800";"4,000";"95,96";"95,96"
"22219";"PORTA RETR 10X15CMS";"800";"2,000";"19,98";"19,98"
"22223";"PORTA RETR 20X15CM";"800";"5,000";"64,95";"64,95"
"22225";"PORTA RETR AURORA 4X6CM";"800";"1,000";"12,99";"12,99"
"22226";"PORTA RETR BALOES NAMORADOS 10X15CM";"800";"6,000";"47,94";"47,94"
"22228";"PORTA RETR C/CARIMBO PET 10X15CM";"800";"1,000";"11,99";"11,99"
"22229";"PORTA RETR CACTO 10X15 CM";"800";"5,000";"34,95";"34,95"
"22231";"PORTA RETR CORAC";"800";"3,000";"29,97";"29,97"
"22232";"PORTA RETR CORACOES DUPLOS 10X15CM";"800";"5,000";"54,95";"54,95"
"22233";"PORTA RETR CORACOES TE AMO 10X15CM";"800";"2,000";"13,98";"13,98"
"22234";"PORTA RETR CORACOES VAZADO 10X15CM";"800";"1,000";"6,99";"6,99"
"22237";"PORTA RETR FLORES PLAST 10X15CM";"800";"3,000";"20,97";"20,97"
"22238";"PORTA RETR GRATIDAO MAE 10X15CM";"800";"13,000";"168,87";"168,87"
"22239";"PORTA RETR LOTUS 10X15 CM";"800";"7,000";"69,93";"69,93"
"22242";"PORTA RETR MAE AMOR EM DETALHE 10X15";"800";"14,000";"97,86";"97,86"
"22244";"PORTA RETR MDF DREAMS BEGE13X18";"800";"1,000";"10,99";"10,99"
"22245";"PORTA RETR METLIZADO MAE 10X15CM";"800";"25,000";"399,75";"399,75"
"22248";"PORTA RETR NATUREZA 15X20CM";"800";"2,000";"23,98";"23,98"
"22249";"PORTA RETR PLAST EU AMO 10X15CM";"800";"4,000";"51,96";"51,96"
"22250";"PORTA RETR PP FATHER 10X15CM";"800";"3,000";"17,97";"17,97"
"22251";"PORTA RETR PP HOME10X15CM";"800";"4,000";"35,96";"35,96"
"22252";"PORTA RETR PP MAE10X15CM";"800";"28,000";"223,72";"223,72"
"22254";"PORTA RETR RENDA 10X15CM";"800";"4,000";"27,96";"27,96"
"22255";"PORTA RETR ROSAS 10X15CM";"800";"2,000";"13,98";"13,98"
"22258";"PORTA RETR VIDRO 10X15CM HORIZONTAL";"800";"5,000";"64,95";"64,95"
"22259";"PORTA RETR VIDRO 10X5CM VERTICAL";"800";"14,000";"181,86";"181,86"
"22260";"PORTA RETR VIDRO 15X20CM HORIZONTAL";"800";"1,000";"17,99";"17,99"
"22261";"PORTA RETR VIDRO 15X20CM VERTICAL";"800";"2,000";"35,98";"35,98"
"22262";"PORTA RETR WELLMIX 10X15CM WX14449";"800";"6,000";"53,94";"53,94"
"38178";"PORTA RETRATO RUSTIC 20X15CM";"800";"3,000";"53,97";"47,97"
"7497";"PORTA SAB ALC GEL SANREMO SR1600 33";"800";"4,000";"23,96";"23,96"
"22266";"PORTA SAB LIQ BLEND 330ML";"800";"2,000";"31,98";"31,98"
"22268";"PORTA SAB LIQ LIEGE 400ML";"800";"1,000";"17,99";"17,99"
"22271";"PORTA SAB LIQ LISO 330ML";"800";"1,000";"9,99";"9,99"
"22275";"PORTA SAB LIQ SANREMO 280ML";"800";"2,000";"15,98";"15,98"
"22276";"PORTA SAB LIQ VD 450ML-181977";"800";"1,000";"15,99";"15,99"
"22278";"PORTA SAB LIQ VD C/TAMPA 220ML";"800";"1,000";"13,99";"13,99"
"38387";"PORTA SABONETE LIQUIDO FOSCO A1";"800";"8,000";"71,92";"71,92"
"22285";"PORTA TALHERES ERCAPLAST C/TAMPA GOLD";"800";"2,000";"33,98";"33,98"
"22286";"PORTA TALHERES ERCAPLAST S/TAMPA GOLD";"800";"1,000";"9,99";"9,99"
"22288";"PORTA TALHERES INOX VAZADO PREMIUM 15X10CM";"800";"1,000";"18,99";"18,99"
"22290";"PORTA TALHERES S TAMPA SANREMO R356";"800";"1,000";"19,99";"19,99"
"38094";"PORTA TEMP 4PCS 7 5X6X8CM";"800";"86,000";"1.375,14";"1.375,14"
"33997";"PORTA TRAVESSEIRO MILANO COLOR CORTTEX SORTLIS";"800";"3,000";"44,97";"44,97"
"35097";"POTE C VALVULA 380ML MINNIE RSA";"800";"7,000";"41,93";"41,93"
"37226";"POTE DE VIDRO MACARON 425ML";"800";"1,000";"15,99";"15,99"
"35087";"POTE DEC QUADRADO 580ML MICKEY";"800";"3,000";"26,97";"26,97"
"34430";"POTE FREEZER MICROONDAS 250ML G 313 SF";"800";"30,000";"389,70";"389,70"
"34443";"POTE HERMETICO 520ML QUADRADO";"800";"5,000";"114,95";"114,95"
"34438";"POTE HERMETICO 640ML RETANGULAR";"800";"4,000";"99,96";"99,96"
"34442";"POTE HERMETICO 800ML QUADRADO";"800";"3,000";"89,97";"89,97"
"37078";"POTE HERMETICO AZ CLARO 800ML";"800";"11,000";"263,89";"263,89"
"37067";"POTE HERMETICO C DIVISORIA 630ML";"800";"3,000";"71,97";"71,97"
"37055";"POTE HERMETICO C DIVISORIA PT 1 04L";"800";"4,000";"119,96";"119,96"
"37161";"POTE HERMETICO C TAMPA BAMBU 200ML";"800";"25,000";"224,75";"224,75"
"37076";"POTE HERMETICO QD AZ CLARO 520ML";"800";"4,000";"79,96";"79,96"
"37072";"POTE HERMETICO QD BRANCO 320ML";"800";"10,000";"149,90";"149,90"
"34439";"POTE HERMETICO RETANGULAR 640ML COM DIVISORIA";"800";"3,000";"86,97";"86,97"
"37071";"POTE HERMETICO VERMELHO 1 5L";"800";"17,000";"662,83";"662,83"
"37069";"POTE HERMETICO VERMELHO 180ML";"800";"7,000";"97,93";"97,93"
"7502";"POTE INVICTA VIDRO TENDENZA 750ML MIX MET FRENCH";"800";"1,000";"16,99";"16,99"
"33353";"POTE LISO 1X2LTS";"800";"3,000";"41,97";"41,97"
"33354";"POTE LISO 1X6LTS";"800";"3,000";"44,97";"44,97"
"33355";"POTE LISO 880ML";"800";"5,000";"64,95";"64,95"
"34444";"POTE MANDACARU 800ML NADIR";"800";"14,000";"223,86";"223,86"
"34450";"POTE MANDACARU NADIR 1 2L C TAMPA";"800";"8,000";"143,92";"143,92"
"34451";"POTE MANDACARU NADIR 2L C TAMPA";"800";"9,000";"215,91";"215,91"
"38383";"POTE PIPOCA COPA DO MUNDO";"800";"21,000";"335,79";"335,79"
"33490";"POTE PLASTICO 450ML FEST CORES DUO";"800";"209,000";"833,91";"833,91"
"37554";"POTE PLASTICO SANREMO SR10 44";"800";"185,000";"1.108,15";"1.108,15"
"10037";"POTE PLASUTIL DEC ABACAXI CLIC SORT ";"800";"1,000";"5,65";"5,65"
"10038";"POTE PLASUTIL VALV MICKEY RET 380ML ";"800";"4,000";"27,96";"27,96"
"10042";"POTE PLASUTIL VERM POP SORT ";"800";"4,000";"22,60";"22,60"
"33356";"POTE QUADRADO DIAMANTE C TAMPA 1 LTS";"800";"1,000";"13,99";"13,99"
"33357";"POTE QUADRADO DIAMANTE C TAMPA LISO 1LTS";"800";"2,000";"27,98";"27,98"
"34429";"POTE RETANGULAR 500ML G 306 SF";"800";"6,000";"95,94";"95,94"
"7507";"POTE SANREMO 3 7L SR132 6";"800";"35,000";"699,65";"699,65"
"7508";"POTE SANREMO 3UN SR165 7";"800";"29,000";"521,71";"521,71"
"10050";"POTE SANREMO PLAST SR10 33";"800";"10,000";"49,90";"49,90"
"10056";"POTE SANREMO QUAD 530ML";"800";"2,000";"17,98";"17,98"
"37654";"POTE SANREMO REDONDO 1 3L";"800";"18,000";"215,82";"215,82"
"7519";"POTE SANREMO SR10 37";"800";"39,000";"194,61";"194,61"
"38379";"POTE SUPREME RD 440ML A3";"800";"7,000";"69,93";"69,93"
"38378";"POTE SUPREME RD 950ML A3";"800";"2,000";"29,98";"29,98"
"38358";"POTE SUPREME RT 1 12 LT VERM";"800";"6,000";"101,94";"101,94"
"38377";"POTE SUPREME RT 450ML A3";"800";"7,000";"76,93";"76,93"
"7521";"POTE TRAMONTINA 300ML MIX COLOR 25099/986";"800";"11,000";"98,89";"98,89"
"7522";"POTE TRAMONTINA 600ML MIX COLOR 25099/987";"800";"7,000";"76,93";"76,93"
"33350";"POTE VD DIAMANTE 1X2LTS";"800";"1,000";"13,99";"13,99"
"33351";"POTE VD DIAMANTE 1X6LTS";"800";"1,000";"14,99";"14,99"
"33352";"POTE VD DIAMANTE 880ML";"800";"6,000";"77,94";"77,94"
"37053";"POTE VD HERMETICO C DIVISORIA 1 04L";"800";"3,000";"89,97";"89,97"
"37219";"POTE VD HERMETICO QD AZUL CLARO 1L";"800";"5,000";"144,95";"144,95"
"37591";"POTE VIDRO 200ML";"800";"29,000";"231,71";"231,71"
"10064";"PP HIG NEVE TOQUE SEDA 4X20M FD";"800";"2,000";"15,38";"15,38"
"7523";"PRATO COPOMAIS DESC 21CM 10UN ";"800";"5,000";"19,95";"19,95"
"7526";"PRATO DURALEX SOBREMESA ASTRAL ";"800";"4,000";"35,96";"35,96"
"38372";"PRATO FUNDO DEC HELLO KITTY";"800";"14,000";"125,86";"123,86"
"38375";"PRATO FUNDO DEC KUROMI";"800";"14,000";"125,86";"125,86"
"34423";"PRATO FUNDO FORFEST 15CM BCO";"800";"203,000";"606,97";"606,97"
"7530";"PRATO NADIR FUNDO PETALA 5844 ";"800";"75,000";"974,25";"974,25"
"7531";"PRATO NADIR RASO PETALA 5744 ";"800";"79,000";"1.026,21";"1.026,21"
"7532";"PRATO NADIR SOBREMESA PETALA 53444 ";"800";"4,000";"59,96";"59,96"
"36825";"PRATO OVAL MELAMINA 30X22 CM";"800";"43,000";"214,57";"214,57"
"36832";"PRATO OVAL MELAMINA 34 5 X26CM";"800";"51,000";"509,49";"509,49"
"37197";"PRATO P VASO REDONDO COLOR GRANDE";"800";"3,000";"14,37";"14,37"
"36418";"PRATO PAPEL QUADRADO 17CM DOURADO";"800";"2,000";"21,98";"21,98"
"37409";"PRATO RASO 23CM BRANCO";"800";"3,000";"14,97";"14,97"
"37586";"PRATO RASO CANDY 15CM VDE";"800";"15,000";"29,85";"29,85"
"36275";"PRATO RASO FORFEST 18CM 10UN AMA";"800";"11,000";"32,89";"32,89"
"35754";"PRATO RASO FORFEST 18CM 10UN AZL CLARO";"800";"65,000";"194,35";"194,35"
"35861";"PRATO RASO FORFEST 18CM 10UN DOU";"800";"17,000";"50,83";"50,83"
"36276";"PRATO RASO FORFEST 18CM 10UN PRT";"800";"40,000";"119,60";"119,60"
"36277";"PRATO RASO FORFEST 18CM 10UN RSA";"800";"62,000";"185,38";"185,38"
"38440";"PRATO RASO FORFEST 18CM VERDE ESCUR";"800";"4,000";"11,16";"11,16"
"36341";"PRATO RASO FORFEST 18CM VERMELHO C";"800";"6,000";"16,74";"16,74"
"35928";"PRATO RASO PREM FORFEST 26CM 10UN DOURADO";"800";"2,000";"21,98";"21,98"
"35940";"PRATO RASO PREMIUM 26CM PRATA";"800";"10,000";"109,90";"109,90"
"36439";"PRATO RASO QUAD FORFEST 15CM PRATA ";"800";"41,000";"122,59";"122,59"
"34828";"PRATO RASO QUADR FORFEST 15CM 10UN AZL PEROLADO";"800";"59,000";"176,41";"176,41"
"10081";"PRATO SOB TRAMONTINA LEONORA 19CM BRANCO";"800";"1,000";"12,99";"12,99"
"22554";"PRATO TERM SOPRANO TEKCOR 2UN AZL";"800";"1,000";"49,90";"49,90"
"36876";"PRATO TRIANGUL MELAMINA 27 5X2 5CM";"800";"16,000";"207,84";"207,84"
"37196";"PRATO URSO AZ 750ML PLASUTIL";"800";"1,000";"25,99";"25,99"
"36402";"PRATO VD FUNDO LISO BULK PACK 22CM";"800";"1,000";"5,99";"5,99"
"22586";"PRATO VD RASO PORCELANA BCO 25CM";"800";"2,000";"31,98";"31,98"
"37481";"PRATO VIDRO FUNDO ELENA 23CM";"800";"4,000";"59,96";"59,96"
"38263";"PRATO VIDRO FUNDO PAOLA 22CM";"800";"2,000";"29,98";"29,98"
"38207";"PRATO VIDRO RASO GIARDINO 24CM";"800";"1,000";"12,79";"12,79"
"37832";"PRATO VIDRO SOBREMESA ACQUA DURALEX";"800";"2,000";"9,98";"9,98"
"37713";"PRATO VIDRO SOBREMESA ELENA HS 21CM";"800";"5,000";"49,95";"49,95"
"36580";"PRATO VIDRO SOBREMESA JEANS 18 5CM";"800";"3,000";"29,97";"29,97"
"36579";"PRATO VIDRO SOBREMESA MEDITERRANEO";"800";"1,000";"9,99";"9,99"
"37227";"PREGADOR VARAL PLASTICO C 8PCS";"800";"18,000";"269,82";"266,82"
"22295";"PREGO 12X12 30G";"800";"12,000";"71,88";"71,88"
"22296";"PREGO 16X24 40G";"800";"6,000";"35,94";"35,94"
"22297";"PREND CHUP LOLLY TIP C 1 R 7071 01 AZUL";"800";"2,000";"37,18";"37,18"
"22298";"PREND CHUP LOLLY TIP C 1 R 7071 01 ROSA";"800";"4,000";"78,00";"78,00"
"33410";"PREND CHUPETA INJET AZUL E ROSA";"800";"3,000";"20,97";"20,97"
"22308";"PREND ROUPA PARANA C 12";"800";"1.900,000";"4.945,16";"4.945,16"
"10084";"PREND ROUPA PARANA PLAST EMB 12UN";"800";"173,000";"2.161,47";"2.160,67"
"22309";"PREND ROUPA PLAST C16";"800";"4,000";"31,96";"31,96"
"22310";"PREND ROUPA PLAST C8";"800";"11,000";"76,89";"76,89"
"7534";"PRENDEDOR ROUPA GABOARDI 12UN";"800";"1.042,000";"3.024,18";"3.024,18"
"7536";"PRENDEDOR ROUPA GABOARDI 12UN PL ";"800";"591,000";"2.185,79";"2.185,79"
"7535";"PRENDEDOR ROUPA GABOARDI GIG12UN ";"800";"524,000";"2.996,56";"2.992,56"
"11791";"PRES AURORA FAT 180G";"800";"274,000";"2.775,66";"2.775,66"
"11792";"PRES EXCELSIOR FAT 180G";"800";"166,000";"1.990,34";"1.990,34"
"11794";"PRES MILAN S GORD EMBAL";"800";"658,767";"19.720,68";"17.964,26"
"11795";"PRES MILAN S GORD FAT KG";"800";"6.793,046";"202.531,60";"190.754,38"
"11796";"PRES MILAN S GORD INT KG";"800";"164,105";"4.624,35";"4.325,01"
"11799";"PRES PERDIGAO FAT 200G";"800";"572,000";"5.705,88";"5.705,88"
"11802";"PRES PROGRESSO FAT 500G";"800";"3.654,000";"54.259,04";"48.139,59"
"11805";"PRES SADIA FAT 180G";"800";"361,000";"3.485,09";"3.485,09"
"11806";"PRES SADIA FAT 200G";"800";"216,000";"2.676,24";"2.676,24"
"11803";"PRES SADIA KG";"800";"22,952";"801,43";"767,95"
"11804";"PRES SADIA KG FAT";"800";"3.681,428";"142.097,60";"130.273,01"
"11924";"PRES SADIA KG RETALHO";"800";"382,092";"8.618,90";"8.618,90"
"11807";"PRES SADIA PARMA FAT 100G";"800";"21,000";"629,79";"629,79"
"11808";"PRES STA CLARA PROSC CRUDO FAT 50G";"800";"39,000";"767,51";"767,51"
"7537";"PRESER JONTEX DE BOLSO 3UN";"800";"16,000";"213,30";"213,30"
"22311";"PRESERV JONTEX LUBRIF L8P7";"800";"5,000";"141,95";"141,95"
"22312";"PRESERV PRUDENCE C 3";"800";"186,000";"1.169,94";"1.169,94"
"22314";"PRESERV PRUDENCE CHOC C 3";"800";"21,000";"199,33";"199,33"
"22315";"PRESERV PRUDENCE EX GRANDE C 3";"800";"1,000";"12,69";"12,69"
"22317";"PRESERV PRUDENCE I8P6 ULTRA SENS EX";"800";"13,000";"315,77";"315,77"
"22318";"PRESERV PRUDENCE MELANC C 3";"800";"6,000";"57,58";"57,58"
"22320";"PRESERV PRUDENCE MOR 3UN";"800";"46,000";"408,94";"408,94"
"22321";"PRESERV PRUDENCE NEON C 3";"800";"3,000";"64,39";"64,39"
"22322";"PRESERV PRUDENCE PERF ULTRA SENSIV";"800";"26,000";"270,14";"270,14"
"22323";"PRESERV PRUDENCE SABOR CAIPIRINHA";"800";"7,000";"63,85";"63,85"
"22325";"PRESERV PRUDENCE SUP SENSI L8P6";"800";"9,000";"248,31";"248,31"
"22326";"PRESERV PRUDENCE ULT SENSIV XG C 3";"800";"26,000";"372,24";"372,24"
"10087";"PRESERVATIVO PRUDENCE PERF 3UN RETARDANTE";"800";"21,000";"300,09";"300,09"
"10088";"PRESERVATIVO PRUDENCE PERF 3UN SUPER SENSITIVE";"800";"11,000";"155,35";"155,35"
"10086";"PRESERVATIVO PRUDENCE PERF LV8PG6UN RETARDANTE";"800";"21,000";"502,29";"502,29"
"10089";"PRESERVATIVO PRUDENCE PERF LV8PG6UN ULTRA SENSIVEL";"800";"22,000";"521,28";"521,28"
"10090";"PRESERVATIVO PRUDENCE SAB LV8PG6UN CORES";"800";"5,000";"80,10";"80,10"
"10091";"PRESERVATIVO PRUDENCE TRAD LV8PG6UN";"800";"116,000";"1.379,24";"1.379,24"
"22330";"PRETEADOR PNEUS HOT ROD 500ML";"800";"13,000";"148,91";"148,91"
"7667";"PRETEADOR PNEUS OURO PRETO 500ML";"800";"29,000";"571,10";"571,10"
"34530";"PRINGLES NETFLIX 100G BACON";"800";"4,000";"50,96";"50,96"
"34529";"PRINGLES NETFLIX 100G STEAK";"800";"2,000";"25,98";"25,98"
"22332";"PROCES ALIM C 3 LAMINAS 500ML ";"800";"7,000";"118,93";"118,93"
"22333";"PROCES ALIM C 5 LAMINAS 900ML ";"800";"13,000";"343,87";"343,87"
"22336";"PROCES ALIM MAN VERM 500ML";"800";"207,000";"3.516,93";"3.516,93"
"22337";"PROCES ALIM PREMIUM 500ML";"800";"13,000";"220,87";"220,87"
"22339";"PROCES ALIM PREMIUM VERM 900ML";"800";"22,000";"483,78";"483,78"
"22341";"PROT ADES QUAD EVA 3CM 9PC";"800";"28,000";"139,72";"139,72"
"22342";"PROT ADES RED EVA 3CM 9PC";"800";"13,000";"77,87";"77,87"
"22344";"PROT DIA DAILY CARTUCHO L120P100";"800";"80,000";"1.852,79";"1.852,79"
"7541";"PROT DIARIO ALWAYS LV40 PG30 C/PERFUME";"800";"9,000";"182,64";"176,82"
"7542";"PROT DIARIO ALWAYS LV40 PG30 S/PERFUME";"800";"6,000";"155,00";"155,00"
"7544";"PROT DIARIO ALWAYS LV80 PG60 REG";"800";"13,000";"470,31";"470,31"
"7545";"PROT DIARIO C ABAS INTIMUS 14UN ANTIBAC";"800";"49,000";"817,81";"817,81"
"7547";"PROT DIARIO CAREFREE 15UN PROTECAO";"800";"19,000";"225,91";"225,91"
"7548";"PROT DIARIO CAREFREE 40UN PROTECAO";"800";"59,000";"1.291,51";"1.271,91"
"7549";"PROT DIARIO CAREFREE 40UN TODO DIA ";"800";"40,000";"827,60";"820,20"
"7551";"PROT DIARIO CAREFREE 80UN PROTECAO";"800";"8,000";"308,72";"308,72"
"7552";"PROT DIARIO CAREFREE 80UN TODODIA";"800";"2,000";"75,78";"75,78"
"7556";"PROT DIARIO INTIMUS LV PG 80UN S PERF";"800";"53,000";"1.883,89";"1.883,89"
"7558";"PROT DIARIO MILI 15UN SUAVE S ABAS";"800";"735,000";"4.623,15";"4.623,15"
"7560";"PROT DIARIO S ABAS INTIMUS 15 UN ANT BAC";"800";"75,000";"771,75";"771,75"
"7561";"PROT DIARIO S ABAS INTIMUS LV40PG30 C PERF";"800";"60,000";"1.133,40";"1.133,40"
"7564";"PROT DIARIO S ABAS INTIMUS LV40PG30 FLEXIVEL";"800";"80,000";"1.511,20";"1.511,20"
"7557";"PROT DIARIO S ABAS INTIMUS40UN ANTI BAC PROMO";"800";"76,000";"1.435,64";"1.435,64"
"7563";"PROT DIARIO S ABAS INTIMUS40UN CUIDADO AVANCAD";"800";"19,000";"358,91";"358,91"
"22345";"PROT EVA STARTOOLS QUAD 2,5CM";"800";"1,000";"4,99";"4,99"
"22350";"PROT LABIAL VULT 3 5G MENTA";"800";"1,000";"18,50";"18,50"
"22352";"PROT MAMILO CEFISA REF 712 ";"800";"1,000";"16,50";"16,50"
"22353";"PROT MOVEIS QUAD 4CM";"800";"1,000";"4,99";"4,99"
"22355";"PROT P FOGAO ROYALPACK C 12 ";"800";"48,000";"487,22";"487,22"
"22356";"PROT PORTA 3X10X95CM";"800";"1,000";"13,99";"13,99"
"22358";"PROT PORTA PU 198X3X2,8CM";"800";"1,000";"24,99";"24,99"
"22360";"PROT QUAD MOVEIS BOR 2,5X2,5CM";"800";"4,000";"23,96";"23,96"
"22362";"PROT SIL QUINA C/4 PC 5X5CM";"800";"1,000";"6,99";"6,99"
"3417";"PROT SOJA CERELUS 250G TEXT FINA";"800";"32,000";"338,88";"338,88"
"3418";"PROT SOJA CERELUS 250G TEXT GROSSA";"800";"25,000";"264,75";"264,75"
"22365";"PROT SOLAR CORP JAY LUC FPS 30 120G";"800";"1,000";"26,59";"26,59"
"22371";"PROT SOLAR FACIAL FPS 70 60G C VITAM";"800";"2,000";"73,98";"73,98"
"22372";"PROT SOLAR KIDS FPS 60 120G";"800";"2,000";"81,59";"81,59"
"22378";"PROT SOLAR SUNPROTEC DH FPS 30 120G";"800";"1,000";"31,99";"31,99"
"34605";"PROT TERMICO TRESEMME 110ML SPRAY";"800";"11,000";"459,69";"459,69"
"35650";"PROTETOR SOLAR ABOVE FPS 50 200ML";"800";"1,000";"36,99";"36,99"
"36472";"PROTETOR SOLAR ABOVE FPS 50 50G";"800";"1,000";"19,99";"19,99"
"7573";"PROTETOR SOLAR SUNDOWN 120ML FPS 50";"800";"3,000";"111,08";"111,08"
"7574";"PROTETOR SOLAR SUNDOWN 200ML FPS50";"800";"1,000";"69,89";"69,89"
"36268";"PROTETOR TERM PANTENE REPAIR 170ML";"800";"1,000";"89,99";"89,99"
"22395";"PT FLIP DEC 700ML A2";"800";"2,000";"35,98";"35,98"
"22396";"PT HERM C/MEDIDOR 2L";"800";"1,000";"39,99";"39,99"
"22397";"PT HERM C/MEDIDOR PLAST 870ML";"800";"4,000";"79,96";"79,96"
"22398";"PT HERM EASY MOOD RED 400ML";"800";"1,000";"19,99";"19,99"
"22405";"PT HERM PRATICASA RET 370ML";"800";"2,000";"49,80";"49,80"
"22406";"PT HERM PRATICASA RET 640ML";"800";"1,000";"29,90";"29,90"
"22417";"PT INVICTA QUAD COLOR 800ML";"800";"1,000";"14,99";"14,99"
"22421";"PT INVICTA RED LISO COLOR 1,6L";"800";"1,000";"21,99";"21,99"
"22427";"PT ORGAN GIRE TRAVE 550ML";"800";"22,000";"175,78";"175,78"
"22425";"PT ORGAN GIRE/TRAVE 220ML";"800";"137,000";"820,63";"820,63"
"22426";"PT ORGAN GIRE/TRAVE 350ML";"800";"50,000";"349,50";"349,50"
"22436";"PT POP PLASUTIL 684";"800";"226,000";"1.353,74";"1.353,74"
"22437";"PT POP TRANSP PLASUTIL FEIRINHA";"800";"80,000";"719,20";"719,20"
"22441";"PT QUAD DECORADO 500ML";"800";"1,000";"6,99";"6,99"
"22447";"PT QUAD STITCH 580ML";"800";"3,000";"23,97";"23,97"
"22451";"PT RET DECORADO 430ML";"800";"3,000";"17,97";"17,97"
"22454";"PT ROSTO MICKEY 320ML";"800";"9,000";"80,91";"80,91"
"22455";"PT ROSTO MINNIE 320ML";"800";"4,000";"35,96";"35,96"
"22458";"PT SANREMO PLAST SR10 38";"800";"8,000";"119,92";"119,92"
"22459";"PT SANREMO PLAST SR10 43";"800";"72,000";"503,28";"503,28"
"22460";"PT SANREMO PLAST SR125 3C55";"800";"36,000";"647,64";"647,64"
"22461";"PT SANREMO PLAST SR20 21";"800";"1,000";"8,49";"8,49"
"22462";"PT SANREMO PLAST SR20 25";"800";"3,000";"29,97";"29,97"
"22473";"PT VD HERM 1L";"800";"1,000";"23,99";"23,99"
"22474";"PT VD HERM 250ML";"800";"2,000";"21,98";"21,98"
"22476";"PT VD MELEIRA 260ML";"800";"3,000";"14,97";"14,97"
"22477";"PT VD RED C/ALCA 660ML";"800";"2,000";"21,98";"21,98"
"22481";"PT VD RED VIVA/C/TAMPA 660ML";"800";"2,000";"21,98";"21,98"
"22489";"PTO ANIV REGINA 18CM C/8 OS INCRIVEIS";"800";"1,000";"21,50";"21,50"
"22498";"PTO CPMAIS 025 C/10";"800";"10,000";"79,90";"79,90"
"22499";"PTO DESC BCO DUDIGO 15CM C 10";"800";"2.707,000";"5.386,93";"5.386,93"
"22500";"PTO DESC BCO DUDIGO 18CM 10UN";"800";"536,000";"1.602,64";"1.602,64"
"22501";"PTO DESC BCO DUDIGO 21CM C 10";"800";"217,000";"865,83";"865,83"
"22502";"PTO DESC BCO DUDIGO 23CM C 10 ";"800";"24,000";"143,76";"143,76"
"22503";"PTO DESC BCO DUDIGO 26CM C 10";"800";"177,000";"1.237,23";"1.237,23"
"22508";"PTO FUNDO 21,5CM SOSSEGO AE01-5470";"800";"3,000";"29,97";"29,97"
"22509";"PTO FUNDO FOLK 21,5CM-AE01-5118";"800";"10,000";"149,90";"119,90"
"22515";"PTO HIPPER FESTTA LAM N6 31CM";"800";"2,000";"19,80";"19,80"
"22516";"PTO HIPPER FESTTA LAM N7 35CM";"800";"2,000";"4,98";"4,98"
"22517";"PTO HIPPER FESTTA LAM N8 38CM";"800";"1,000";"3,49";"3,49"
"22530";"PTO P VASO RET COLOR PEQUENO ";"800";"2,000";"6,14";"6,14"
"22531";"PTO PAPEL QUAD 17CM AZUL CLARO";"800";"3,000";"8,97";"8,97"
"36261";"PTO RASO FORFEST 15CM AMA";"800";"162,000";"322,38";"322,38"
"36270";"PTO RASO FORFEST 15CM AZL CLARO 10UN";"800";"225,000";"447,75";"447,75"
"36271";"PTO RASO FORFEST 15CM DOU 10UN";"800";"166,000";"330,34";"330,34"
"22540";"PTO RASO FORFEST 15CM PRT 10UN";"800";"126,000";"250,74";"250,74"
"34420";"PTO RASO FORFEST 15CM PRT RSA CHICLETE";"800";"134,000";"266,66";"266,66"
"37588";"PTO RASO FORFEST 15CM ROSE PEROLADO";"800";"4,000";"7,96";"7,96"
"36272";"PTO RASO FORFEST 15CM RSA 10UN";"800";"236,000";"469,64";"469,64"
"36274";"PTO RASO FORFEST 15CM VRM 10UN";"800";"136,000";"270,64";"270,64"
"34827";"PTO RASO FORFEST QUAD 15CM AZL CAND 10UN";"800";"44,000";"131,56";"131,56"
"36278";"PTO RASO FORFEST QUAD 15CM DOU 10UN";"800";"101,000";"301,99";"301,99"
"34829";"PTO RASO FORFEST QUAD 15CM LLS CAND 10UN";"800";"59,000";"176,41";"176,41"
"34419";"PTO RASO FORFEST QUAD 15CM RSA CHIC 10UN";"800";"51,000";"152,49";"152,49"
"22548";"PTO SOB 18CM FOLK AE03 5118";"800";"5,000";"49,95";"49,95"
"22549";"PTO SOB 18CM LIRIOS AE03-5410";"800";"12,000";"119,88";"119,88"
"22550";"PTO SOB 18CM SOSSEGO AE03-5470";"800";"10,000";"99,90";"99,90"
"22551";"PTO SOB SCHMIDT 19CM AZ";"800";"2,000";"19,98";"19,98"
"22552";"PTO TERMICO TEKCOR 1,5L AZUL";"800";"5,000";"139,95";"139,95"
"22556";"PTO TERMICO TEKCOR C/3 AZUL";"800";"1,000";"83,99";"83,99"
"22562";"PTO VD FUNDO DIAM NADIR 22CM ";"800";"82,000";"584,34";"584,34"
"22564";"PTO VD FUNDO EGIPCIO ESTRELA 21 5CM ";"800";"12,000";"71,88";"71,88"
"22566";"PTO VD FUNDO GRECIA 21,5CM";"800";"9,000";"89,91";"89,91"
"22567";"PTO VD FUNDO LEONORA HO 21CM";"800";"5,000";"69,95";"69,95"
"22569";"PTO VD FUNDO MADALOZZO 22 2CM 5849 ";"800";"279,000";"1.671,21";"1.671,21"
"22570";"PTO VD FUNDO MADALOZZO 22 2CM P954 ";"800";"261,000";"2.061,39";"2.051,39"
"22572";"PTO VD FUNDO MADALOZZO 22CM P938 ";"800";"618,000";"3.512,82";"3.512,82"
"22574";"PTO VD FUNDO PORCELANA BCO 21CM";"800";"17,000";"254,83";"254,83"
"22575";"PTO VD FUNDO PORCELANA SOPHIA 21CM";"800";"11,000";"153,89";"153,89"
"22576";"PTO VD FUNDO PORCELANA SOPHIA 22CM";"800";"7,000";"132,93";"132,93"
"22578";"PTO VD FUNDO SCHMIDT AZ 23CM";"800";"2,000";"39,98";"39,98"
"22581";"PTO VD RASO DIAM N F 23CM ";"800";"103,000";"719,97";"719,97"
"22584";"PTO VD RASO MADALOZZO 22CM-P954S";"800";"15,000";"89,85";"89,85"
"22585";"PTO VD RASO MADALOZZO 22CM-P992S";"800";"9,000";"53,91";"53,91"
"22587";"PTO VD RASO PORCELANA SOPHIA 28CM";"800";"35,000";"804,65";"804,65"
"22588";"PTO VD RASO PRIMAVERA DURALEX 23CM";"800";"12,000";"95,88";"95,88"
"22589";"PTO VD RASO SCHMIDT 26CM";"800";"1,000";"19,99";"19,99"
"22593";"PTO VD SOB 17,5CM-P754S";"800";"21,000";"83,79";"83,79"
"22594";"PTO VD SOB BCO ROUND 18CM";"800";"4,000";"59,96";"59,96"
"22595";"PTO VD SOB CAMPESTRE 18CM";"800";"5,000";"49,95";"49,95"
"22596";"PTO VD SOB DIAM N.F 19CM";"800";"37,000";"221,63";"221,63"
"22597";"PTO VD SOB DIWALI BLACK 19CM";"800";"1,000";"17,99";"17,99"
"22598";"PTO VD SOB GRECIA 18CM";"800";"11,000";"109,89";"109,89"
"22599";"PTO VD SOB LOLA 18CM";"800";"13,000";"129,87";"129,87"
"22600";"PTO VD SOB LUIZA 20CM";"800";"1,000";"14,78";"14,78"
"22601";"PTO VD SOB PORCELANA BC 19CM";"800";"18,000";"179,82";"179,82"
"22602";"PTO VD SOB PRIMAVERA DURALEX19CM";"800";"24,000";"143,76";"143,76"
"22603";"PTO VD SOB SCHMIDT 19CM";"800";"3,000";"29,97";"29,97"
"22604";"PTO VD SOB SCHMIDT CZ 19CM";"800";"8,000";"79,92";"79,92"
"38208";"PTO VD SOBREMESA DONNA VERDE 18CM";"800";"3,000";"34,47";"34,47"
"11812";"PUDIM LEITE COND BARRA ";"800";"1,000";"36,00";"36,00"
"22605";"PUDIM LEITE COND CAROLINA 115G";"800";"77,000";"532,53";"532,53"
"11813";"PUDIM LEITE COND KG";"800";"26,964";"592,96";"592,96"
"35670";"PULSEIRA INF LEMON COLOR PARTY";"800";"9,000";"62,91";"62,91"
"7576";"PULVERIZAD SANREMO REF 501 580ML";"800";"1,000";"10,99";"10,99"
"36997";"PULVERIZADOR 2 7L";"800";"4,000";"123,60";"123,60"
"37214";"PULVERIZADOR PLASTICO REDONDO 450ML";"800";"6,000";"41,94";"41,94"
"37046";"PULVERIZADOR SPRAY PLASTICO 500ML";"800";"2,000";"11,98";"11,98"
"22617";"PUXA PUXA SLIME UNICORNIO 180G";"800";"24,000";"191,76";"191,76"
"11830";"QJO DOM MIRO MUSSARELA EMB KG";"800";"2.861,145";"127.324,55";"107.105,11"
"11832";"QJO DOM MIRO MUSSARELA PED KG";"800";"2.062,664";"89.996,08";"86.678,35"
"34816";"QJO GOUDA PRESIDENTE 130G";"800";"72,000";"1.215,28";"1.215,28"
"11833";"QJO LANCHE FAT KG";"800";"254,321";"12.468,18";"12.468,18"
"11834";"QJO LANCHE INT KG";"800";"52,010";"2.529,49";"2.529,49"
"7586";"QJO MINAS FRESC SANTA CLARA 200G PROCESS";"800";"10,000";"149,90";"149,90"
"32013";"QJO MUSS PRESIDENT FAT 150G";"800";"697,000";"6.646,27";"6.646,27"
"32014";"QJO MUSS PRESIDENT FAT 1KG";"800";"51,000";"3.049,29";"3.049,29"
"11835";"QJO MUSSARELA FAT KG";"800";"23.022,568";"1.014.650,43";"943.926,20"
"11836";"QJO MUSSARELA INT KG";"800";"1.262,672";"53.675,10";"47.319,73"
"36412";"QJO MUSSARELA STA CLARA EMB KG";"800";"0,272";"10,85";"10,85"
"36338";"QJO MUSSARELA STA CLARA FATIADO KG";"800";"204,743";"8.189,32";"8.189,32"
"22618";"QJO PHILADELPHIA CREM S LACTO 150G";"800";"106,000";"1.531,50";"1.531,50"
"36927";"QJO PRATO PRESIDENT GRAN RESER 130G";"800";"151,000";"1.876,19";"1.876,19"
"7588";"QJO PRATO SANTA CLARA 150G LIGHT";"800";"9,000";"98,91";"98,91"
"11838";"QJO PRESIDENT AZUL LE BLUE 100G ";"800";"17,000";"349,34";"349,34"
"11846";"QJO PRESIDENT LANCHE FAT 150G";"800";"619,000";"6.004,81";"6.003,20"
"11845";"QJO PRESIDENT LANCHE KG FAT";"800";"0,296";"19,51";"19,51"
"11847";"QJO PRESIDENT LANCHE KG INT";"800";"0,338";"22,75";"22,75"
"11849";"QJO PRESIDENT MINAS PADRAO KG ";"800";"23,018";"2.163,45";"2.163,45"
"11851";"QJO PRESIDENT MUSS ZR LAC FAT 130G";"800";"34,000";"437,16";"437,16"
"11854";"QJO PRESIDENT MUSSARELA FAT 300G";"800";"176,000";"3.273,24";"3.273,24"
"11853";"QJO PRESIDENT MUSSARELA FAT KG";"800";"2.059,369";"102.764,23";"102.764,23"
"11855";"QJO PRESIDENT MUSSARELA INT KG";"800";"0,630";"38,62";"38,62"
"11857";"QJO PRESIDENT PARM 180G";"800";"84,000";"2.493,96";"2.493,96"
"11858";"QJO PRESIDENT PARM CILINDRO 180G";"800";"41,000";"1.270,59";"1.270,59"
"11859";"QJO PRESIDENT PETIT BRIE 125G";"800";"26,000";"1.007,74";"1.007,74"
"32017";"QJO PRESIDENT PETIT CAMEMBERT 125G";"800";"11,000";"400,69";"400,69"
"11837";"QJO PRESIDENT PRATO 300G";"800";"105,000";"1.923,95";"1.923,95"
"22632";"QJO RAL KIFORMAGGIO TRAD 250G";"800";"87,000";"2.069,73";"2.069,73"
"22633";"QJO RAL KIFORMAGGIO TRAD 40G";"800";"3.145,000";"15.064,55";"15.064,55"
"22634";"QJO RAL KIFORMAGGIO ZR LAC 40G";"800";"6,000";"31,74";"31,74"
"22636";"QJO RAL KUNZLER TROP 40G";"800";"1.544,000";"7.241,36";"7.241,36"
"22637";"QJO RAL PRESIDENTE 50G";"800";"1.126,000";"8.152,34";"8.152,34"
"22638";"QJO RAL PRESIDENTE PARMESAO 100G";"800";"364,000";"4.983,16";"4.983,16"
"22639";"QJO RAL SANTA CLARA 40G PARMESAO";"800";"652,000";"3.253,48";"3.253,48"
"22630";"QJO RALADO DA SERRA 40G";"800";"5.241,000";"20.178,69";"20.178,49"
"11862";"QJO RALADO KG";"800";"610,626";"32.912,70";"32.912,70"
"11864";"QJO RODEIO COLONIAL FAT 150G";"800";"110,000";"1.744,90";"1.744,90"
"11866";"QJO RODEIO MUSSARELA FAT 150G";"800";"374,000";"4.109,06";"4.105,96"
"11867";"QJO SADIA MUSSARELA FAT 150G";"800";"270,000";"3.193,90";"3.193,90"
"32031";"QJO SADIA PRATO FAT 150G";"800";"86,000";"1.019,62";"1.019,62"
"11868";"QJO STA CLARA BRIE CUNHA KG ";"800";"2,920";"507,98";"507,98"
"11871";"QJO STA CLARA CAMEMBERT KG ";"800";"0,910";"168,03";"168,03"
"11872";"QJO STA CLARA CHEDDAR 120G ";"800";"54,000";"1.029,10";"1.029,10"
"11873";"QJO STA CLARA COALHO PALITO KG ";"800";"21,406";"2.087,95";"2.087,95"
"11874";"QJO STA CLARA COBOCO MEIA FORMA KG";"800";"30,544";"2.994,77";"2.994,77"
"11875";"QJO STA CLARA COLONIAL KG";"800";"18,512";"2.054,90";"2.054,90"
"11876";"QJO STA CLARA ESTEPE CUNHA KG ";"800";"2,860";"375,17";"375,17"
"11877";"QJO STA CLARA GORGONZOLA CUNHA KG";"800";"2,330";"341,78";"341,78"
"32024";"QJO STA CLARA GOUDA KG";"800";"30,274";"2.534,01";"2.534,01"
"11878";"QJO STA CLARA GRUYERE KG ";"800";"1,904";"289,73";"289,73"
"11826";"QJO STA CLARA LANCHE CORT KG";"800";"45,382";"2.095,05";"2.095,05"
"11821";"QJO STA CLARA MIN FRESC RED SOD KG";"800";"14,800";"1.037,01";"1.037,01"
"11882";"QJO STA CLARA MINAS FRES SANBIOS KG ";"800";"3,536";"258,89";"258,89"
"11881";"QJO STA CLARA MINAS FRESC LIGHT KG ";"800";"13,278";"931,44";"931,44"
"11880";"QJO STA CLARA MINAS FRESCAL KG ";"800";"6,072";"431,78";"431,78"
"11883";"QJO STA CLARA MUSSARELA FAT 150G ";"800";"279,000";"2.679,07";"2.679,07"
"32015";"QJO STA CLARA MUSSARELA KG";"800";"406,321";"16.212,16";"16.212,16"
"11884";"QJO STA CLARA MUSSARELA ZR LACT KG";"800";"8,962";"804,07";"804,07"
"11885";"QJO STA CLARA PARMESAO CUNHA KG";"800";"1,090";"173,99";"173,99"
"11887";"QJO STA CLARA PORCO KG EMB";"800";"52,393";"1.457,13";"1.457,13"
"11888";"QJO STA CLARA PORCO KG FAT";"800";"98,812";"2.748,58";"2.748,58"
"34481";"QJO STA CLARA PORCO KG RETALHO";"800";"16,930";"455,29";"455,29"
"32029";"QJO STA CLARA PRATO LANCHE 150G";"800";"217,000";"2.384,83";"2.384,83"
"11891";"QJO STA CLARA PROVO P ESPETO KG ";"800";"1,150";"128,79";"128,79"
"11890";"QJO STA CLARA PROVOLONE KG";"800";"0,942";"81,52";"81,52"
"11892";"QJO STA CLARA SANSOE KG";"800";"13,010";"1.496,02";"1.496,02"
"11893";"QJO STA CLARA ZR LAC 150G";"800";"181,000";"2.894,19";"2.894,19"
"22643";"QUADRO P/DIPLOMA PLAST 21X29,7CM";"800";"3,000";"74,97";"74,97"
"11898";"QUARTO BOV C OSSO KG BDJ";"800";"43,584";"1.633,95";"1.629,26"
"11899";"QUARTO BOV C OSSO KG MOIDO";"800";"314,124";"11.305,29";"11.305,29"
"11897";"QUARTO BOV C OSSO KG RESERVA";"800";"4.153,552";"161.158,33";"144.296,28"
"22644";"QUEB CABECA 150PC CARROS CORRIDA";"800";"3,000";"56,97";"56,97"
"22645";"QUEB CABECA 300PC MUNDO DAS PRINCESAS";"800";"5,000";"94,95";"94,95"
"22646";"QUEB CABECA CORPO HUMANO 100PC";"800";"2,000";"37,98";"37,98"
"37546";"QUEBRA CABECA EDUCATIVO";"800";"29,000";"405,71";"405,71"
"22651";"QUEIJEIRA ROMEU JULIE 20CM";"800";"1,000";"49,90";"49,90"
"22652";"QUENTAO ALCOOLICO 2L";"800";"1.046,000";"14.483,54";"13.684,54"
"22654";"QUENTAO S ALCOOL 2L";"800";"383,000";"5.310,17";"5.063,17"
"22656";"QUEROSENE ZAVASKI 1L";"800";"5,000";"152,50";"152,50"
"22657";"QUEROSENE ZAVASKI 500ML";"800";"59,000";"1.149,91";"1.149,91"
"11901";"QUIABO KG";"800";"1,892";"31,57";"31,57"
"32040";"RABADA BOV KG CONG";"800";"99,022";"2.874,19";"2.874,19"
"11908";"RABADA BOV KG CONG PAI";"800";"89,122";"2.603,18";"2.603,18"
"11910";"RABANETE KG";"800";"58,759";"431,10";"431,10"
"11912";"RABANETE MOLHO";"800";"1,000";"4,98";"4,98"
"37530";"RABICO CETIM UN";"800";"5,000";"14,95";"14,95"
"22660";"RABICO COLORIDO";"800";"1,000";"2,99";"2,99"
"22663";"RABICO COLORIDO C 6";"800";"33,000";"164,67";"164,67"
"22665";"RABICO ESTRELA PR/MR/BG C/12";"800";"1,000";"4,30";"4,30"
"22666";"RABICO ESTRELA PTO C/12";"800";"7,000";"30,10";"30,10"
"22674";"RABICO MINI ROSA BB C/60";"800";"1,000";"3,49";"3,49"
"22677";"RABICO PTO C 6";"800";"11,000";"32,89";"32,89"
"22678";"RABICO UNICO PTO C 6";"800";"8,000";"31,92";"31,92"
"22679";"RAC 4PATAS GATOS CASTRADOS 1K";"800";"91,000";"2.210,39";"2.210,39"
"22680";"RAC ALCON PEIXE BASIC 10G";"800";"50,000";"679,74";"679,74"
"22681";"RAC ALCON PEIXE COLOURS 10G";"800";"12,000";"189,09";"189,09"
"22683";"RAC AMIGO PET GATO MIX 500G";"800";"434,000";"4.250,46";"4.250,46"
"22684";"RAC AMIGO PET GATO PEIXE 500G";"800";"636,000";"6.222,84";"6.222,84"
"22687";"RAC CANISTER ALMONDEGA 7K";"800";"186,000";"7.400,94";"7.400,94"
"22689";"RAC CANISTER FILHOTE CAR LT CERE 1K ";"800";"62,000";"1.135,98";"1.135,98"
"22690";"RAC CANISTER GATO CASTRADO FGO 1K";"800";"96,000";"1.972,24";"1.972,24"
"22691";"RAC CANISTER GATO PEIXE VEGETAIS 1K";"800";"292,000";"4.868,68";"4.866,68"
"22694";"RAC CANISTER ORIG CAO RPM 1K";"800";"78,000";"1.356,42";"1.356,42"
"32041";"RAC CANISTER ORIGINAL RPM 7K";"800";"118,000";"6.842,82";"6.806,42"
"22695";"RAC CAO QUATRO PAT PREM 1K";"800";"247,000";"4.566,03";"4.566,03"
"22697";"RAC CBS GATO PEIXE CAR 500G ";"800";"495,000";"4.747,05";"4.747,05"
"22698";"RAC DOCATS 1K";"800";"866,000";"14.973,14";"14.973,14"
"22700";"RAC DODOG ESPECIAL 7K";"800";"122,000";"7.806,78";"7.806,78"
"22702";"RAC DODOG ORIG 10 1K";"800";"45,000";"2.655,51";"2.655,51"
"22703";"RAC DODOG ORIG ALL DAY 5K";"800";"258,000";"7.297,02";"7.297,02"
"22707";"RAC DODOPREM P RACAS 10 1K";"800";"51,000";"5.143,68";"5.143,68"
"22717";"RAC GOOD FRIENDS CLASSICO 7K";"800";"167,000";"6.117,29";"6.117,29"
"22728";"RAC PEDIGREE RACA PEQUENAS K";"800";"15,252";"263,71";"263,71"
"22733";"RAC QUATRO PATAS GATOS ADULS 3K";"800";"3,000";"179,97";"179,97"
"22734";"RAC QUATRO PATAS GATOS FIL 500G";"800";"282,000";"3.663,18";"3.663,18"
"22735";"RAC QUATRO PATAS PREMIUM 1K";"800";"172,000";"3.472,68";"3.472,68"
"22736";"RAC QUATRO PATAS PREMIUM ADUL RG 1K";"800";"83,000";"1.435,07";"1.435,07"
"22737";"RAC QUATRO PATAS PREMIUM GATOS 1K";"800";"285,000";"6.181,65";"6.174,05"
"22742";"RAC SAPECA FILHOTES 1KG";"800";"19,000";"358,67";"358,67"
"22743";"RAC SNOW DOG CORD PQ PORT 5K";"800";"14,000";"801,28";"801,28"
"22744";"RAC SNOW DOG FGO TOMATE 5K";"800";"64,000";"3.257,09";"3.257,09"
"22746";"RAC SNOW DOPEIXE 5K";"800";"76,000";"3.799,24";"3.799,24"
"22747";"RAC SULTAO PREMIUM GATOS 500G";"800";"451,000";"4.730,99";"4.730,99"
"7170";"RACAO AGUIA CALOPSITA 500G";"800";"124,000";"1.288,36";"1.288,36"
"6280";"RACAO AGUIA GIRASSOL MIUDO 250G";"800";"87,000";"451,53";"451,53"
"7168";"RACAO AGUIA HAMSTER 390G";"800";"47,000";"349,03";"349,03"
"7171";"RACAO AGUIA PERIQUITO 500G";"800";"121,000";"1.136,19";"1.136,19"
"33939";"RACAO ALPO 10 1KG FILHOTES";"800";"4,000";"487,96";"487,96"
"22688";"RACAO CANISTER CAO ADULTO 7KG";"800";"1,000";"58,99";"58,99"
"22692";"RACAO CANISTER ORIG CAO ADUL 1KG";"800";"41,000";"655,59";"655,59"
"22693";"RACAO CANISTER ORIG CAO FILHOTE 1KG";"800";"82,000";"1.428,18";"1.428,18"
"4006";"RACAO CAO PEDDY 5KG CARNE";"800";"5.315,000";"133.295,85";"126.327,56"
"3985";"RACAO CHAMP SH 85G CARNE ADULTO";"800";"2.378,000";"5.207,82";"5.207,82"
"3986";"RACAO CHAMP SH 85G FGO ADULTO";"800";"3.024,000";"6.622,68";"6.622,68"
"3987";"RACAO CHAMP SH 85G FGO FILHOTES";"800";"2.635,000";"5.770,65";"5.770,65"
"34799";"RACAO DOCAST 1KG CASTRADO";"800";"572,000";"11.114,68";"10.850,88"
"22699";"RACAO DODOG ESP CAR ADUL 1KG";"800";"217,000";"3.209,43";"3.209,43"
"22701";"RACAO DODOG FILHOTES 1KG";"800";"495,000";"8.558,55";"8.549,65"
"22705";"RACAO DODOG PEQ RACAS 1KG";"800";"865,000";"13.446,95";"13.265,75"
"22706";"RACAO DODOG PREMIUM POWER MIX 5KG";"800";"31,000";"1.012,70";"1.012,70"
"22704";"RACAO DODOG TRAD 1KG ";"800";"641,000";"8.326,59";"8.325,39"
"33608";"RACAO DOG CHOW ADULTO 900G 7 CARNE FRANGO";"800";"23,000";"459,77";"454,77"
"33606";"RACAO DOG CHOW ADULTO 900G CARNE";"800";"27,000";"539,73";"534,73"
"33607";"RACAO DOG CHOW ADULTO 900G EXTRALIFE";"800";"49,000";"979,51";"979,51"
"4042";"RACAO FRISKIES 850G MEGAMIX AD CAST";"800";"29,000";"774,01";"774,01"
"37478";"RACAO FRISKIES 850G MEGAMIX ADULTO";"800";"44,000";"1.174,36";"1.174,36"
"4043";"RACAO FRISKIES 850G MIX CARNE";"800";"23,000";"613,87";"613,87"
"33609";"RACAO FRISKIES FILHOTES 500G FRANGO";"800";"24,000";"431,76";"431,76"
"4058";"RACAO GATO KITEKAT 900G ADULTO MIX CARNE";"800";"158,000";"2.052,42";"2.052,42"
"22718";"RACAO GRANEL CAO MIX KG ";"800";"1.533,276";"9.184,31";"9.153,76"
"22719";"RACAO GRANEL DOG CHOW KG";"800";"15,274";"196,91";"196,91"
"22720";"RACAO GRANEL FRISKIES KG";"800";"1,972";"33,50";"33,50"
"22721";"RACAO GRANEL GATO MIX KG ";"800";"116,526";"931,07";"931,07"
"22723";"RACAO GRANEL SULTAO CAO KG CARNE";"800";"28,550";"228,14";"228,14"
"22724";"RACAO GRANEL SULTAO GATO CAR FGO KG";"800";"0,960";"14,39";"14,39"
"22725";"RACAO GRANEL WHISKAS SABORES KG";"800";"2.235,193";"48.257,96";"48.257,96"
"4056";"RACAO KITEKAT SH 70G ADULTO CORDEIRO";"800";"3.058,000";"6.697,02";"6.697,02"
"4057";"RACAO KITEKAT SH 70G ADULTO FGO";"800";"3.546,000";"7.765,74";"7.765,74"
"4055";"RACAO KITEKAT SH 70G CARNE";"800";"4.465,000";"9.778,35";"9.778,35"
"22726";"RACAO KITEKAT SH 70G PEIXE";"800";"2.058,000";"4.507,02";"4.507,02"
"7169";"RACAO PAPAGAIO AGUIA 390G";"800";"173,000";"1.676,37";"1.676,37"
"3980";"RACAO PEDIGREE 200G MARROBONE";"800";"18,000";"367,02";"367,02"
"4445";"RACAO PEDIGREE BISCROK 500G MULTI ADULTO";"800";"45,000";"1.255,05";"1.255,05"
"4444";"RACAO PEDIGREE BISCROK 500G RACAS PEQ";"800";"43,000";"1.199,27";"1.199,27"
"5411";"RACAO PEDIGREE DENTASTIX 45G R PEQ";"800";"1,000";"11,99";"11,99"
"22722";"RACAO PEDIGREE GRANEL SABORES KG";"800";"1.084,871";"19.408,47";"19.408,47"
"8816";"RACAO PEDIGREE HIGH PROT SH 85G CARNE FGO";"800";"355,000";"1.238,95";"1.236,95"
"8817";"RACAO PEDIGREE HIGH PROT SH 85G PORCO CARNE";"800";"238,000";"830,62";"830,62"
"4022";"RACAO PEDIGREE LT 280G ADULTO CARNE";"800";"7,000";"116,13";"116,13"
"4003";"RACAO PEDIGREE LT 280G ADULTO FRANGO";"800";"1,000";"15,69";"15,69"
"4004";"RACAO PEDIGREE LT 280G CARNE FGO";"800";"12,000";"188,28";"188,28"
"4032";"RACAO PEDIGREE NUTR ESSENC 10 1KG CARNE AO LEITE";"800";"92,000";"11.305,88";"11.305,88"
"4029";"RACAO PEDIGREE NUTR ESSENCIAL 900G CARNE";"800";"117,000";"1.859,13";"1.859,13"
"4028";"RACAO PEDIGREE NUTR ESSENCIAL 900G LEITE";"800";"50,000";"794,50";"794,50"
"4008";"RACAO PEDIGREE SH 100G AD CARNE 7 MAIS";"800";"766,000";"2.290,34";"2.290,34"
"4010";"RACAO PEDIGREE SH 100G CARNE FILHOTES";"800";"732,000";"2.188,68";"2.188,68"
"4011";"RACAO PEDIGREE SH 100G CARNE MOLHO";"800";"1.088,000";"3.253,12";"3.253,12"
"4012";"RACAO PEDIGREE SH 100G CORDEIRO";"800";"820,000";"2.452,04";"2.452,04"
"4014";"RACAO PEDIGREE SH 100G FGO FILHOTES";"800";"659,000";"1.970,41";"1.970,41"
"4015";"RACAO PEDIGREE SH 100G FGO MOLHO";"800";"631,000";"1.886,69";"1.886,69"
"4009";"RACAO PEDIGREE SH 100G RP CARNE ADULTO";"800";"1.040,000";"3.159,68";"3.159,68"
"4013";"RACAO PEDIGREE SH 100G RP FGO ADULTO";"800";"679,000";"1.894,41";"1.894,41"
"34338";"RACAO TINY 30G TARTARUGA";"800";"10,000";"163,90";"163,90"
"34337";"RACAO TINY PEIXE TROPICAIS 20G";"800";"7,000";"130,13";"130,13"
"4078";"RACAO WHISKAS 500G CARNE";"800";"97,000";"1.395,83";"1.395,83"
"4080";"RACAO WHISKAS 500G CARNE LEIT FILH";"800";"141,000";"2.014,89";"2.014,89"
"4081";"RACAO WHISKAS 500G CASTRADOS CARNE";"800";"101,000";"1.453,39";"1.453,39"
"4079";"RACAO WHISKAS 500G PEIXE";"800";"125,000";"1.798,75";"1.798,75"
"4082";"RACAO WHISKAS 85G ATUM ADULTO";"800";"1.052,000";"3.145,48";"3.145,48"
"4084";"RACAO WHISKAS 85G CASTRADOS CARNE";"800";"1.062,000";"3.175,38";"3.175,38"
"4085";"RACAO WHISKAS 85G CORDEIRO ADULTO";"800";"1.159,000";"3.465,41";"3.465,41"
"4086";"RACAO WHISKAS 85G FGO ADULTO";"800";"1.279,000";"3.824,21";"3.824,21"
"4087";"RACAO WHISKAS 85G FGO FILHOTE";"800";"818,000";"2.445,82";"2.445,82"
"4091";"RACAO WHISKAS 900G CARNE";"800";"110,000";"2.297,90";"2.297,90"
"4092";"RACAO WHISKAS 900G CASTRADOS CARNE";"800";"89,000";"1.859,21";"1.859,21"
"4093";"RACAO WHISKAS 900G CASTRADOS PEIXE";"800";"103,000";"2.151,67";"2.151,67"
"4094";"RACAO WHISKAS 900G FILH CARN LEITE";"800";"115,000";"2.402,35";"2.402,35"
"4097";"RACAO WHISKAS 900G PEIXE";"800";"104,000";"2.172,56";"2.172,56"
"36352";"RACAO WHISKAS CASTRADOS KG";"800";"28,276";"621,81";"621,81"
"36414";"RACAO WHISKAS KG FILHOTES";"800";"0,876";"22,24";"22,24"
"4101";"RACAO WHISKAS LT 290G ATUM";"800";"6,000";"94,14";"94,14"
"8820";"RACAO WHISKAS LT 290G CARNE";"800";"12,000";"194,28";"194,28"
"4099";"RACAO WHISKAS LT 290G FGO";"800";"6,000";"94,14";"94,14"
"8824";"RACAO WHISKAS PF 85G CARNE";"800";"2.162,000";"6.464,38";"6.464,38"
"8823";"RACAO WHISKAS PF 85G CARNE FILHOTES";"800";"999,000";"2.987,01";"2.987,01"
"8826";"RACAO WHISKAS PF 85G SALMAO MOLHO";"800";"1.025,000";"3.064,75";"3.064,75"
"38235";"RALADOR 4 FACES 18CM PTO CM36";"800";"85,000";"849,15";"849,15"
"38221";"RALADOR 4 FACES VERMELHO 23CM";"800";"23,000";"390,77";"390,77"
"38237";"RALADOR 6 FACES 25CM VRM";"800";"18,000";"503,82";"503,82"
"37173";"RALADOR 6 FACES PRETO 22CM";"800";"13,000";"350,87";"350,87"
"37310";"RALADOR INOX 24 5CM";"800";"48,000";"383,52";"383,52"
"37142";"RALADOR METAL C CABO PLASTICO 20X10";"800";"21,000";"146,79";"146,79"
"22755";"RALO INOX P PIA MEDIO PREMIUM 7 2CM ";"800";"9,000";"71,91";"71,91"
"22757";"RALO PIA AMERICANA GALVANIZADO";"800";"29,000";"202,71";"200,71"
"22760";"RALO PIA LAVATORIO GALVANIZADO";"800";"26,000";"129,74";"129,74"
"22771";"RALR/FATIADOR ALHO C/SUPORTE";"800";"1,000";"14,29";"14,29"
"37462";"RAMEQUIM BRANCO 70ML";"800";"3,000";"20,97";"20,97"
"22773";"RAMEQUIM CERAMICA 220ML";"800";"1,000";"13,99";"13,99"
"36610";"RAMEQUIM PORCELANA AMARELO 150ML";"800";"15,000";"149,85";"149,85"
"36588";"RAMEQUIM PORCELANA BRANCO 150ML";"800";"9,000";"89,91";"89,91"
"35943";"RAMEQUIM PORCELANA VERDE 150ML";"800";"5,000";"49,95";"49,95"
"36614";"RAMEQUIM PORCELANA VERMELHO 150ML";"800";"20,000";"199,80";"199,80"
"1995";"RAPAD STO ANTONIO 1 5KG PENQUINHA";"800";"1,000";"69,90";"69,90"
"1919";"RAPAD STO ANTONIO 140G CROKITO";"800";"556,000";"4.664,84";"4.663,04"
"1925";"RAPAD STO ANTONIO 160G ESP PEDACOS";"800";"196,000";"1.624,84";"1.624,84"
"1961";"RAPAD STO ANTONIO 180G PE DE MOCA";"800";"212,000";"3.135,48";"3.135,48"
"1915";"RAPAD STO ANTONIO 200G AMENDOIM";"800";"144,000";"1.222,56";"1.222,56"
"1934";"RAPAD STO ANTONIO 200G COCO LEITE";"800";"258,000";"2.319,42";"2.319,42"
"1932";"RAPAD STO ANTONIO 200G LEITE";"800";"177,000";"1.591,23";"1.591,23"
"1939";"RAPAD STO ANTONIO 200G PE MOLEQUE";"800";"1.039,000";"10.379,61";"10.379,61"
"1906";"RAPAD STO ANTONIO 200G PUXA C PALHA";"800";"432,000";"3.538,08";"3.536,68"
"1936";"RAPAD STO ANTONIO 200G TABLETINHO";"800";"104,000";"934,96";"934,96"
"1950";"RAPAD STO ANTONIO 300G TABLETE";"800";"175,000";"2.144,17";"2.144,17"
"1956";"RAPAD STO ANTONIO 400G AMENDOIM";"800";"90,000";"1.322,10";"1.322,10"
"1954";"RAPAD STO ANTONIO 400G PUXA C PALHA";"800";"272,000";"3.805,28";"3.803,98"
"22794";"RATICIDA RATICID GRANULADO 25G";"800";"3.237,000";"2.612,25";"2.612,25"
"22796";"RATICIDA RODILON ISCA 25G";"800";"302,000";"1.416,38";"1.416,38"
"22797";"RATOEIRA GRANDE 16X9 CM";"800";"2,000";"13,98";"13,98"
"22798";"RATOEIRA GRANDE 16X9CM";"800";"2,000";"11,98";"11,98"
"22799";"RATOEIRA MEDIA";"800";"22,000";"266,51";"266,51"
"36307";"RAVIOLI DITALIA 300G QJO";"800";"78,000";"1.006,26";"1.006,26"
"32058";"RAVIOLI DITALIA CARNE 300G";"800";"138,000";"1.576,08";"1.576,08"
"36305";"RAVIOLI DITALIA FGO 300G";"800";"112,000";"1.279,33";"1.279,33"
"7599";"RAVIOLI ROMENA 250G 4 QUEIJOS";"800";"154,000";"1.852,66";"1.852,66"
"7600";"RAVIOLI ROMENA 250G CARNE";"800";"136,000";"1.634,44";"1.634,44"
"7601";"RAVIOLI ROMENA 250G FRANGO";"800";"90,000";"1.079,10";"1.079,10"
"7602";"RAVIOLLI ITALIANY 250G FRANGO RF";"800";"10,000";"110,74";"110,74"
"7604";"REC ISOT SOPRANO 2 5L TERERE AZUL";"800";"4,000";"159,96";"159,96"
"7606";"REC ISOT SOPRANO 2 5L TERERE PRETO";"800";"1,000";"39,99";"39,99"
"7607";"REC ISOT SOPRANO 2 5L TERERE VERDE";"800";"8,000";"319,92";"319,92"
"7608";"REC ISOT SOPRANO 2 5L TERERE VERMELHO";"800";"3,000";"119,97";"119,97"
"37745";"RECARGA AP BIC FLEX5 SENS";"800";"17,000";"747,83";"747,83"
"22801";"RECARGA QUERATINA NOVEX 80G";"800";"114,000";"1.914,06";"1.914,06"
"37831";"RECORTE BOV CONG KG ALMONDEGA";"800";"42,288";"1.268,23";"1.268,23"
"11249";"RECORTE BOV CONG KG GUIS RES 2A";"800";"3.934,600";"106.155,49";"105.860,59"
"37837";"RECORTE BOV CONG KG HAMBURGUER";"800";"33,748";"1.079,66";"1.079,66"
"34008";"REDUTOR ASSENTO SANITARIO";"800";"5,000";"159,95";"159,95"
"22805";"REFIL CADEIRA PRAIA";"800";"147,000";"2.881,53";"2.878,53"
"22809";"REFIL P/RODO MOP 11,5X38CM";"800";"4,000";"39,96";"39,96"
"33898";"REFIL REPELEX ELET 40ML 30 NOITES";"800";"2,000";"46,98";"46,98"
"22810";"REFIL RODO MOP FLAT C/2";"800";"3,000";"29,70";"29,70"
"22813";"REFIL SBP ELET C 3 PROMOCIONAL";"800";"3,000";"156,87";"156,87"
"6360";"REFIL SBP ELET LED 2UN CHEIRO SUAVE INSET SBP 35ML";"800";"1,000";"39,89";"39,89"
"378";"REFRE FRUKITO PET 200ML FRUTAS CITRICAS";"800";"1.020,000";"1.476,60";"1.459,16"
"379";"REFRE FRUKITO PET 200ML LIMAO";"800";"130,000";"206,70";"206,70"
"715";"REFRE FRUKITO PET 200ML UVA";"800";"363,000";"577,17";"577,17"
"368";"REFRE FRUKITO PET 2L FRUTAS CITRICAS";"800";"482,000";"3.405,18";"3.401,18"
"369";"REFRE FRUKITO PET 2L LIMAO";"800";"90,000";"605,90";"597,90"
"371";"REFRE FRUKITO PET 2L UVA";"800";"108,000";"768,60";"768,60"
"373";"REFRE FRUKITO PET 500ML FRUTAS CITRICAS";"800";"54,000";"194,26";"194,26"
"375";"REFRE FRUKITO PET 500ML LIMAO";"800";"64,000";"228,76";"226,76"
"376";"REFRE FRUKITO PET 500ML UVA";"800";"53,000";"192,17";"192,17"
"34724";"REFRE HAPPY TP 1L ABACAXI";"800";"135,000";"809,73";"809,73"
"34725";"REFRE HAPPY TP 1L LARANJA";"800";"137,000";"841,57";"841,57"
"34719";"REFRE HAPPY TP 1L MORANGO";"800";"58,000";"352,64";"352,64"
"34718";"REFRE HAPPY TP 1L PESSEGO";"800";"215,000";"1.303,51";"1.303,51"
"34721";"REFRE HAPPY TP 1L UVA";"800";"173,000";"1.082,59";"1.082,59"
"33871";"REFRE HAPPY TP 200ML ABACAXI";"800";"442,000";"1.047,58";"1.047,58"
"33869";"REFRE HAPPY TP 200ML LARANJA";"800";"418,000";"998,82";"998,82"
"33870";"REFRE HAPPY TP 200ML MORANGO";"800";"553,000";"1.329,72";"1.329,72"
"33872";"REFRE HAPPY TP 200ML PESSEGO";"800";"417,000";"1.021,83";"1.021,83"
"33868";"REFRE HAPPY TP 200ML UVA";"800";"610,000";"1.462,40";"1.462,40"
"75";"REFRE PO CLIGHT 8G ABACAXI";"800";"735,000";"1.536,15";"1.533,35"
"76";"REFRE PO CLIGHT 8G LARANJA";"800";"835,000";"1.745,15";"1.740,95"
"77";"REFRE PO CLIGHT 8G LIMONADA";"800";"679,000";"1.419,11";"1.415,61"
"96";"REFRE PO CLIGHT 8G MARACUJA";"800";"536,000";"1.120,24";"1.118,84"
"97";"REFRE PO CLIGHT 8G MORANGO";"800";"333,000";"695,97";"691,77"
"98";"REFRE PO CLIGHT 8G TANGERINA";"800";"55,000";"114,95";"114,95"
"99";"REFRE PO CLIGHT 8G UVA";"800";"449,000";"938,41";"937,01"
"103";"REFRE PO FRISCO 18G ABACAXI";"800";"531,000";"472,59";"472,29"
"22838";"REFRE PO FRISCO 18G GOIABA";"800";"384,000";"341,76";"341,76"
"105";"REFRE PO FRISCO 18G GUARANA";"800";"467,000";"415,63";"415,53"
"89";"REFRE PO FRISCO 18G LARANJA";"800";"1.778,000";"1.582,42";"1.582,42"
"106";"REFRE PO FRISCO 18G LARANJA C ACER";"800";"919,000";"817,91";"817,81"
"91";"REFRE PO FRISCO 18G LIMAO";"800";"375,000";"333,75";"333,45"
"118";"REFRE PO FRISCO 18G MANGA";"800";"655,000";"582,95";"582,95"
"119";"REFRE PO FRISCO 18G MARACUJA";"800";"441,000";"392,49";"392,49"
"92";"REFRE PO FRISCO 18G MARACUJA C IOG";"800";"267,000";"237,63";"237,63"
"95";"REFRE PO FRISCO 18G MORANGO";"800";"622,000";"553,58";"553,58"
"93";"REFRE PO FRISCO 18G MORANGO C IOG";"800";"196,000";"174,44";"174,44"
"120";"REFRE PO FRISCO 18G SALADA DE FRUTA";"800";"518,000";"461,02";"461,02"
"100";"REFRE PO FRISCO 18G TANGERINA";"800";"732,000";"651,48";"651,28"
"101";"REFRE PO FRISCO 18G UVA";"800";"944,000";"840,16";"840,06"
"181";"REFRE PO GLUP 15G ABACAXI";"800";"7.262,000";"5.676,48";"5.554,48"
"182";"REFRE PO GLUP 15G GUARANA";"800";"2.609,000";"2.040,11";"2.007,01"
"183";"REFRE PO GLUP 15G LARANJA";"800";"7.276,000";"5.689,64";"5.571,04"
"184";"REFRE PO GLUP 15G LIMAO";"800";"2.440,000";"1.911,82";"1.876,16"
"185";"REFRE PO GLUP 15G MANGA";"800";"3.915,000";"3.056,65";"3.006,15"
"186";"REFRE PO GLUP 15G MARACUJA";"800";"3.404,000";"2.670,96";"2.628,46"
"187";"REFRE PO GLUP 15G MIX DE FRUTAS";"800";"6.514,000";"5.112,36";"5.013,66"
"189";"REFRE PO GLUP 15G MORANGO";"800";"2.297,000";"1.803,03";"1.774,13"
"190";"REFRE PO GLUP 15G TANGERINA";"800";"2.175,000";"1.698,25";"1.672,85"
"192";"REFRE PO GLUP 15G UVA";"800";"3.977,000";"3.138,53";"3.077,53"
"194";"REFRE PO PROMIX 100G ABACAXI";"800";"159,000";"647,81";"647,81"
"196";"REFRE PO PROMIX 100G LARANJA";"800";"157,000";"645,63";"645,63"
"197";"REFRE PO PROMIX 100G LIMAO";"800";"86,000";"354,74";"354,74"
"198";"REFRE PO PROMIX 100G MANGA";"800";"95,000";"390,25";"390,25"
"199";"REFRE PO PROMIX 100G MARACUJA";"800";"47,000";"191,53";"191,53"
"195";"REFRE PO PROMIX 100G MIX DE FRUTAS";"800";"141,000";"575,19";"575,19"
"200";"REFRE PO PROMIX 100G MORANGO";"800";"64,000";"262,76";"262,76"
"201";"REFRE PO PROMIX 100G UVA";"800";"151,000";"616,69";"616,69"
"1076";"REFRE PO SUK UKI 25G ABACAXI";"800";"44,000";"17,16";"17,16"
"1078";"REFRE PO SUK UKI 25G MANGA";"800";"38,000";"14,82";"14,82"
"3806";"REFRE PO SUK UKI 25G MARACUJA";"800";"93,000";"36,27";"36,27"
"1079";"REFRE PO SUK UKI 25G MORANGO";"800";"402,000";"156,78";"156,78"
"1082";"REFRE PO SUK UKI 25G UVA";"800";"89,000";"34,71";"34,71"
"4";"REFRE PO TANG 18G ABACAXI";"800";"6.639,000";"9.228,21";"9.228,21"
"33496";"REFRE PO TANG 18G AZUL";"800";"704,000";"978,56";"978,56"
"37";"REFRE PO TANG 18G GOIABA";"800";"1.065,000";"1.480,35";"1.477,85"
"38";"REFRE PO TANG 18G GUARANA";"800";"1.573,000";"2.186,47";"2.186,47"
"3";"REFRE PO TANG 18G LARANJA";"800";"5.882,000";"8.175,98";"8.175,98"
"39";"REFRE PO TANG 18G LARANJA DOCINHA";"800";"4.078,000";"5.668,42";"5.666,62"
"40";"REFRE PO TANG 18G LARANJA MAMAO";"800";"2.305,000";"3.203,95";"3.203,95"
"41";"REFRE PO TANG 18G LIMAO";"800";"2.434,000";"3.383,26";"3.383,26"
"42";"REFRE PO TANG 18G MANGA";"800";"1.367,000";"1.900,13";"1.900,13"
"44";"REFRE PO TANG 18G MARACUJA";"800";"1.400,000";"1.946,00";"1.945,02"
"45";"REFRE PO TANG 18G MORANGO";"800";"1.953,000";"2.714,67";"2.714,67"
"46";"REFRE PO TANG 18G TANGERINA";"800";"1.319,000";"1.833,41";"1.833,41"
"5";"REFRE PO TANG 18G UVA";"800";"2.863,000";"3.979,57";"3.979,57"
"47";"REFRE PO TANG 18G UVA INTENSA";"800";"1.327,000";"1.844,53";"1.842,73"
"19";"REFRE PO TRINK 15G ABACAXI";"800";"7.933,000";"7.748,47";"7.260,07"
"17";"REFRE PO TRINK 15G ABACAXI HORTELA";"800";"4.226,000";"4.107,74";"3.824,96"
"20";"REFRE PO TRINK 15G GUARANA";"800";"4.186,000";"4.083,54";"3.830,96"
"22";"REFRE PO TRINK 15G LARANJA";"800";"10.015,000";"9.718,85";"9.134,87"
"23";"REFRE PO TRINK 15G LARANJA BAHIA";"800";"6.580,000";"6.413,20";"6.092,14"
"24";"REFRE PO TRINK 15G LIMAO";"800";"3.048,000";"2.958,92";"2.755,12"
"26";"REFRE PO TRINK 15G LIMONADA SUICA";"800";"2.783,000";"2.711,17";"2.555,37"
"27";"REFRE PO TRINK 15G MANGA";"800";"4.822,000";"4.727,58";"4.422,80"
"28";"REFRE PO TRINK 15G MARACUJA";"800";"2.816,000";"2.754,84";"2.548,24"
"29";"REFRE PO TRINK 15G MORANGO";"800";"5.238,000";"5.088,02";"4.777,22"
"30";"REFRE PO TRINK 15G TANGERINA";"800";"3.234,000";"3.185,06";"2.957,06"
"31";"REFRE PO TRINK 15G UVA";"800";"6.738,000";"6.590,42";"6.146,86"
"761";"REFRIG ANTAR SODA LIMONAD PET 200ML";"800";"493,000";"894,37";"894,37"
"886";"REFRIG ANTARCTICA GUAR LT 350ML ZR";"800";"924,000";"3.140,51";"3.046,11"
"887";"REFRIG ANTARCTICA GUARANA LT 350ML";"800";"1.467,000";"5.161,73";"4.934,47"
"759";"REFRIG ANTARCTICA GUARANA PET 200ML";"800";"4.190,000";"7.600,60";"7.600,60"
"911";"REFRIG ANTARCTICA GUARANA PET 200ML ZERO";"800";"1.872,000";"3.410,78";"3.410,78"
"784";"REFRIG ANTARCTICA GUARANA PET 2L";"800";"5.069,000";"44.660,85";"40.549,81"
"786";"REFRIG ANTARCTICA GUARANA PET 2L ZERO";"800";"2.716,000";"22.812,84";"21.211,19"
"834";"REFRIG ANTARCTICA GUARANA PET 3L";"800";"1.482,000";"16.222,78";"15.538,29"
"844";"REFRIG ANTARCTICA PET 600ML GUARANA";"800";"1.395,000";"6.489,63";"6.489,63"
"843";"REFRIG ANTARCTICA PET 600ML GUARANA DIET";"800";"721,000";"3.361,77";"3.361,77"
"790";"REFRIG CHARRUA GUARANA PET 2L";"800";"11.047,000";"64.273,03";"63.639,03"
"888";"REFRIG CHARRUA LT 350ML";"800";"1.034,000";"3.027,96";"2.886,14"
"33256";"REFRIG CHARRUA PET 200ML GUARANA";"800";"61,000";"96,99";"96,99"
"33255";"REFRIG CHARRUA PET 3L GUARANA";"800";"5.495,000";"43.506,05";"42.193,05"
"733";"REFRIG COCA COLA CAFE LT 220ML";"800";"634,000";"1.724,98";"1.724,98"
"796";"REFRIG COCA COLA E FANTA GUARANA 2L";"800";"885,000";"14.139,95";"13.883,75"
"793";"REFRIG COCA COLA E FANTA LARANJA 2L";"800";"648,000";"10.375,63";"10.243,79"
"794";"REFRIG COCA COLA E SPRITE 2L";"800";"172,000";"2.750,28";"2.747,28"
"22804";"REFRIG COCA COLA J DANIELS LT 269ML";"800";"134,000";"1.203,20";"1.202,30"
"734";"REFRIG COCA COLA LT 220ML";"800";"2.354,000";"6.383,30";"6.383,30"
"735";"REFRIG COCA COLA LT 220ML S ACUCAR";"800";"1.907,000";"5.281,51";"4.031,81"
"891";"REFRIG COCA COLA LT 310ML";"800";"2.244,000";"7.956,76";"7.927,96"
"889";"REFRIG COCA COLA LT 350ML";"800";"8.038,000";"31.177,32";"31.019,22"
"740";"REFRIG COCA COLA PET 1 5L";"800";"986,000";"8.325,64";"8.219,64"
"34306";"REFRIG COCA COLA PET 1L";"800";"1.769,000";"10.227,21";"10.019,01"
"34308";"REFRIG COCA COLA PET 1L ZERO";"800";"1.050,000";"6.100,80";"6.033,60"
"762";"REFRIG COCA COLA PET 200ML";"800";"13.411,000";"24.449,99";"24.317,49"
"764";"REFRIG COCA COLA PET 200ML ZERO";"800";"4.136,000";"7.735,14";"7.395,14"
"10";"REFRIG COCA COLA PET 2L";"800";"36.009,000";"375.402,51";"366.326,75"
"795";"REFRIG COCA COLA PET 2L ZERO";"800";"10.704,000";"110.995,80";"108.872,49"
"847";"REFRIG COCA COLA PET 600ML";"800";"10.711,000";"52.910,39";"52.182,39"
"849";"REFRIG COCA COLA PET 600ML ZERO";"800";"8.109,000";"40.090,30";"39.186,30"
"741";"REFRIG COCA COLA PET ZERO 1 5L";"800";"531,000";"4.508,95";"4.423,19"
"867";"REFRIG COCA COLA ZERO LT 310ML C6";"800";"873,000";"3.023,57";"3.023,57"
"893";"REFRIG COCA COLA ZERO LT 350ML";"800";"7.520,000";"28.953,40";"23.649,95"
"854";"REFRIG COLA FRUKI PET 600ML COLA";"800";"61,000";"231,19";"198,99"
"895";"REFRIG FANTA GUARANA LT 350ML";"800";"753,000";"2.580,77";"2.429,37"
"804";"REFRIG FANTA GUARANA PET 2L";"800";"707,000";"6.034,63";"6.034,63"
"809";"REFRIG FANTA LAR ZERO PET 2L";"800";"732,000";"6.267,32";"6.220,72"
"896";"REFRIG FANTA LARANJA LT 350ML";"800";"2.910,000";"10.190,40";"9.888,00"
"806";"REFRIG FANTA LARANJA PET 2L";"800";"10.331,000";"88.713,39";"87.947,39"
"852";"REFRIG FANTA LARANJA PET 600ML";"800";"1.740,000";"7.888,42";"7.867,54"
"897";"REFRIG FANTA LARANJA ZERO LT 350ML";"800";"897,000";"3.164,33";"3.164,33"
"736";"REFRIG FANTA LT 220ML";"800";"1.072,000";"2.671,98";"2.671,98"
"898";"REFRIG FANTA MARACUJA LT 350ML";"800";"230,000";"815,70";"815,70"
"766";"REFRIG FANTA PET 200ML LARANJA";"800";"2.446,000";"4.369,34";"4.358,54"
"853";"REFRIG FANTA PET 600ML UVA";"800";"1.583,000";"7.193,47";"7.193,47"
"899";"REFRIG FANTA UVA LT 350ML";"800";"2.023,000";"7.099,97";"6.873,87"
"812";"REFRIG FANTA UVA PET 2L";"800";"2.721,000";"23.463,31";"23.463,31"
"885";"REFRIG FRUKI CITRUS LT 350ML";"800";"11,000";"38,39";"38,39"
"877";"REFRIG FRUKI COLA LT 350ML";"800";"75,000";"261,75";"261,75"
"767";"REFRIG FRUKI COLA PET 200ML COLA";"800";"108,000";"150,12";"150,12"
"35228";"REFRIG FRUKI FRAMB PET 2L";"800";"197,000";"1.236,43";"1.232,83"
"33249";"REFRIG FRUKI FRAMBOESA PET 200ML FRAMBOESA";"800";"228,000";"312,12";"312,12"
"878";"REFRIG FRUKI GUAR LT 350ML C BERGA ZR";"800";"100,000";"349,00";"349,00"
"33265";"REFRIG FRUKI GUAR ZR PET 3L GUARANA ZERO";"800";"887,000";"7.974,13";"7.964,13"
"880";"REFRIG FRUKI GUARAN LT 350ML GUARA C BERGA";"800";"124,000";"432,76";"432,76"
"882";"REFRIG FRUKI GUARAN LT 350ML GUARANA ZERO";"800";"163,000";"568,87";"568,87"
"881";"REFRIG FRUKI GUARANA LT 350ML GUARANA";"800";"1.028,000";"3.586,22";"3.586,22"
"769";"REFRIG FRUKI GUARANA PET 200ML GUARANA";"800";"1.298,000";"1.804,22";"1.794,62"
"817";"REFRIG FRUKI GUARANA ZR PET 2L GUARANA ZERO";"800";"1.375,000";"8.648,75";"8.648,74"
"37304";"REFRIG FRUKI LAB PASSION LT 350ML";"800";"50,000";"174,50";"174,50"
"883";"REFRIG FRUKI LARANJA LT 350ML LARANJA";"800";"148,000";"516,52";"514,37"
"22871";"REFRIG FRUKI LT 269ML GUARANA";"800";"391,000";"1.049,56";"1.049,56"
"875";"REFRIG FRUKI LT 350 ML COLA ZR";"800";"33,000";"115,17";"115,17"
"884";"REFRIG FRUKI LT 350ML LIMAO";"800";"73,000";"254,77";"252,52"
"742";"REFRIG FRUKI PET 1 5 L CITRUS";"800";"128,000";"622,22";"622,22"
"743";"REFRIG FRUKI PET 1 5L GUARANA";"800";"1.563,000";"7.750,37";"7.468,37"
"744";"REFRIG FRUKI PET 1 5L GUARANA ZERO";"800";"646,000";"3.179,65";"3.072,65"
"768";"REFRIG FRUKI PET 200 ML GUARANA ZERO";"800";"1.506,000";"2.093,34";"2.093,34"
"770";"REFRIG FRUKI PET 200ML LARANJA";"800";"389,000";"540,71";"540,71"
"772";"REFRIG FRUKI PET 200ML LARANJINHA";"800";"166,000";"230,74";"230,74"
"773";"REFRIG FRUKI PET 200ML LIMAO";"800";"129,000";"178,11";"178,11"
"774";"REFRIG FRUKI PET 200ML UVA";"800";"196,000";"272,44";"272,44"
"815";"REFRIG FRUKI PET 2L GUARANA GUARANA";"800";"3.319,000";"20.854,31";"20.854,31"
"818";"REFRIG FRUKI PET 2L LARANJA";"800";"492,000";"3.094,68";"3.094,68"
"820";"REFRIG FRUKI PET 2L LARANJINHA";"800";"176,000";"1.107,04";"1.107,04"
"821";"REFRIG FRUKI PET 2L LIMAO";"800";"337,000";"2.119,73";"2.119,73"
"823";"REFRIG FRUKI PET 2L UVA";"800";"264,000";"1.660,56";"1.660,56"
"33266";"REFRIG FRUKI PET 3 L LARANJA";"800";"1.544,000";"13.880,56";"13.880,56"
"838";"REFRIG FRUKI PET 3L GUARANA";"800";"2.721,000";"24.377,79";"24.375,09"
"855";"REFRIG FRUKI PET 600ML GUARANA";"800";"515,000";"1.951,85";"1.951,85"
"856";"REFRIG FRUKI PET 600ML LARANJA";"800";"155,000";"587,45";"587,45"
"857";"REFRIG FRUKI PET 600ML LIMAO";"800";"83,000";"314,57";"312,27"
"858";"REFRIG FRUKI UVA PET 600ML UVA";"800";"125,000";"473,75";"430,05"
"901";"REFRIG FYS LT 350ML GUARANA";"800";"200,000";"585,68";"585,48"
"900";"REFRIG FYS LT 350ML LARANJA";"800";"260,000";"762,56";"762,36"
"902";"REFRIG FYS LT 350ML LIMAO";"800";"148,000";"434,24";"434,24"
"22872";"REFRIG FYS TONICA ZERO LT 350ML";"800";"49,000";"144,23";"144,23"
"35225";"REFRIG GUARANA FRUKI PET 600ML ZERO";"800";"142,000";"566,58";"566,58"
"903";"REFRIG PEPSI BLACK LT 350ML";"800";"2.673,000";"8.042,22";"7.458,06"
"861";"REFRIG PEPSI BLACK PET 600ML";"800";"191,000";"857,59";"675,09"
"778";"REFRIG PEPSI COLA PET 200ML";"800";"2.139,000";"3.892,01";"3.892,01"
"776";"REFRIG PEPSI COLA PET 200ML BLACK";"800";"2.086,000";"3.634,64";"3.491,44"
"904";"REFRIG PEPSI LT 350ML";"800";"2.443,000";"8.458,02";"7.981,98"
"825";"REFRIG PEPSI PET 2L";"800";"5.612,000";"46.902,86";"43.257,39"
"824";"REFRIG PEPSI PET 2L BLACK";"800";"3.433,000";"29.202,95";"26.872,91"
"840";"REFRIG PEPSI PET 3L";"800";"1.602,000";"16.669,18";"15.793,62"
"859";"REFRIG PEPSI PET 600ML";"800";"1.242,000";"5.381,08";"5.149,56"
"827";"REFRIG PEPSI TWIST PET 2L";"800";"2.364,000";"19.907,60";"18.586,67"
"835";"REFRIG PET COCA COLA 3L";"800";"9.259,000";"123.460,41";"119.483,41"
"748";"REFRIG SARANDI PET 1 5L GUARANA";"800";"3.603,000";"14.440,17";"13.649,37"
"749";"REFRIG SARANDI PET 1 5L GUARANA ZERO";"800";"1.205,000";"4.803,75";"4.684,75"
"906";"REFRIG SCHWEPPES CITRUS ORIG LT 350ML";"800";"226,000";"939,74";"918,84"
"755";"REFRIG SCHWEPPES CITRUS PET 1 5L";"800";"154,000";"1.082,86";"1.082,86"
"907";"REFRIG SCHWEPPES CITRUS SA LT 350ML";"800";"194,000";"804,16";"790,96"
"908";"REFRIG SODA LIMONADA LT 350ML";"800";"124,000";"437,06";"437,06"
"829";"REFRIG SODA LIMONADA PET 2L";"800";"320,000";"2.462,35";"2.190,65"
"841";"REFRIG SPRITE 510ML FRESH LIMAO";"800";"212,000";"809,28";"789,08"
"926";"REFRIG SPRITE LT 220ML";"800";"543,000";"1.338,57";"1.338,57"
"909";"REFRIG SPRITE LT 350ML";"800";"1.415,000";"4.966,35";"4.843,75"
"758";"REFRIG SPRITE PET 1 5L FRESH LIMAO";"800";"172,000";"1.122,74";"1.106,82"
"780";"REFRIG SPRITE PET 200ML";"800";"3.244,000";"5.630,76";"5.371,16"
"830";"REFRIG SPRITE PET 2L";"800";"4.222,000";"36.479,58";"34.314,35"
"862";"REFRIG SPRITE PET 600ML";"800";"450,000";"2.037,18";"2.009,42"
"831";"REFRIG SPRITE ZERO PET 2L";"800";"749,000";"6.474,01";"6.474,01"
"910";"REFRIG SUKITA LT 350 ML";"800";"345,000";"1.157,50";"1.132,98"
"781";"REFRIG SUKITA PET 200ML";"800";"132,000";"236,28";"236,28"
"832";"REFRIG SUKITA PET 2L LARANJA";"800";"2.033,000";"15.810,12";"14.610,72"
"833";"REFRIG SUKITA PET 2L UVA";"800";"1.025,000";"7.921,35";"7.069,27"
"813";"REFRIGC COLA FRUKI PET 2 L COLA";"800";"175,000";"1.100,75";"1.100,75"
"814";"REFRIGC COLA FRUKI PET 2 L COLA ZERO";"800";"168,000";"1.056,72";"1.056,72"
"22881";"REGUA 30CM FLEXIVEL AZUL";"800";"3,000";"20,97";"20,97"
"22883";"REGUA 30CM NEW LINE AZUL";"800";"2,000";"7,98";"7,98"
"22884";"REGUA 30CM NEW LINE FUME";"800";"7,000";"27,93";"27,93"
"22885";"REGUA 30CM NEW LINE HOLOGRAFICA LILAS";"800";"3,000";"20,97";"20,97"
"22886";"REGUA ALUM 30CM-99001";"800";"3,000";"20,97";"20,97"
"7662";"REGUA ESCOLAR LEO LEO FLEXIVEL 30CM REF 4365";"800";"7,000";"30,03";"30,03"
"7663";"REGUA ESCOLAR LEO LEO PLAST 30CM";"800";"44,000";"105,16";"105,16"
"22888";"REGUA FLEXIVEL LEOELEO 20CM CORES-4567";"800";"4,000";"11,96";"11,96"
"10434";"REGULADOR DE GAS 1KG H 0727 ABS";"800";"3,000";"77,97";"77,97"
"22889";"REGULADOR GAS 1K/H C/MANG 0,80M";"800";"2,000";"79,98";"79,98"
"33640";"RELOG PAREDE 28X4M PLAST VIDRO";"800";"2,000";"59,98";"59,98"
"33641";"RELOGIO DIGITAL 8X7CM A PILHA";"800";"2,000";"39,98";"39,98"
"22891";"RELOGIO MESA 10CM";"800";"1,000";"22,49";"22,49"
"22896";"RELOGIO PAREDE RED 30CM";"800";"1,000";"56,99";"56,99"
"22900";"REMOV CERA POLWAX 750ML";"800";"8,000";"94,32";"94,32"
"22902";"REMOV ESM AMAZONIA 500ML";"800";"14,000";"428,92";"428,92"
"22903";"REMOV ESM AMAZONIA 80ML";"800";"249,000";"1.317,21";"1.317,21"
"22904";"REMOV ESM BELEZA AMAZONIA 100ML";"800";"244,000";"1.503,16";"1.466,36"
"22905";"REMOV ESM DI HELLEN 100ML";"800";"2,000";"15,18";"15,18"
"10106";"REMOV ESM JAY LUC 100ML ARGAN";"800";"301,000";"1.742,79";"1.742,79"
"7665";"REMOVEDOR ESMALTE JAY LUC 100ML";"800";"416,000";"2.408,64";"2.408,64"
"37439";"REMOVEDOR MULTIUSO SUPREMA FLOR 1L";"800";"39,000";"701,61";"701,61"
"37434";"REMOVEDOR MULTIUSO SUPREMA TRAD 1L";"800";"7,000";"125,93";"123,93"
"7669";"REP ELE RAID32 9ML 45NOI RF C 2 50D";"800";"7,000";"234,43";"234,43"
"37926";"REP PONTAS NIELY GOLD REC P 42ML";"800";"5,000";"149,95";"149,95"
"34985";"REPAR PNEUS CARRO GT PREMIUM 400ML";"800";"6,000";"235,74";"235,74"
"10108";"REPARADOR DI HELLEN PONTAS 30G HIDRAT CAP";"800";"6,000";"98,94";"98,94"
"10107";"REPARADOR DI HELLEN PONTAS 30G POS ALIN QUIM";"800";"8,000";"151,92";"151,92"
"10109";"REPARADOR DI HELLEN PONTAS 30G PROT TERMICA";"800";"26,000";"498,29";"498,29"
"22914";"REPARADOR PONTAS JAYLUC 30ML BLIND QUERAT";"800";"229,000";"2.691,41";"2.689,61"
"22915";"REPARADOR PONTAS JAYLUC 30ML CERAMIDAS";"800";"175,000";"2.040,35";"1.998,85"
"22916";"REPARADOR PONTAS JAYLUC 30ML OLEO ARGAN";"800";"194,000";"2.306,66";"2.306,66"
"22917";"REPEL AERO ABOVE PROT 150ML";"800";"1,000";"19,49";"19,49"
"7671";"REPEL ELE RAID 45NOI 50 DESC 2RF FAMILY";"800";"2,000";"75,98";"75,98"
"7672";"REPEL ELE RAID 45NOI RF AP OFE ESP";"800";"14,000";"319,69";"314,79"
"7673";"REPEL ELET RAID 32 9ML 45 NOITES RF";"800";"21,000";"475,74";"475,74"
"7674";"REPEL ELET SBP 35ML CHEIRO SUAVE RF";"800";"5,000";"157,97";"157,97"
"7680";"REPEL LOCAO REPELEX 100ML";"800";"1,000";"22,90";"22,90"
"10113";"REPEL REPELLERE AERO 150ML";"800";"41,000";"568,08";"568,08"
"10114";"REPEL REPELLERE BABY S ALCOOL 100ML";"800";"2,000";"39,98";"39,98"
"36234";"REPELENTE INSECT FREE SPRAY 150ML";"800";"33,000";"353,70";"353,70"
"7677";"REPELENTE LOCAO OFF 100ML";"800";"3,000";"70,29";"70,29"
"10110";"REPELENTE OFF AERO 170ML";"800";"1,000";"29,89";"29,89"
"36667";"REPELENTE OFF FAMILY LC 200ML";"800";"2,000";"59,98";"59,98"
"7681";"REPELENTE SPRAY OFF 100ML FAMILY";"800";"5,000";"137,67";"137,67"
"11918";"REPOLHO ROXO CORTADO";"800";"70,891";"775,90";"775,90"
"11917";"REPOLHO ROXO KG";"800";"1.060,408";"8.472,56";"8.464,56"
"11920";"REPOLHO VERDE CORTADO";"800";"903,896";"7.022,74";"7.022,74"
"11919";"REPOLHO VERDE KG ";"800";"10.909,786";"44.206,80";"44.163,73"
"11919";"REPOLHO VERDE KG ";"810";"2,310";"9,22";"9,22"
"554";"REPOS ENGOV AFTER 250ML BERRY VIBES";"800";"25,000";"197,75";"197,75"
"556";"REPOS ENGOV AFTER 250ML CITRUS";"800";"17,000";"135,83";"135,83"
"557";"REPOS ENGOV AFTER 250ML RED HITS";"800";"10,000";"79,90";"79,90"
"558";"REPOS ENGOV AFTER 250ML TANGERINA";"800";"23,000";"183,77";"183,77"
"566";"REPOS POWERADE 500ML FTAS TROPICAIS";"800";"316,000";"1.466,30";"1.453,84"
"568";"REPOS POWERADE 500ML LARANJA";"800";"360,000";"1.594,93";"1.589,09"
"569";"REPOS POWERADE 500ML LIMAO";"800";"178,000";"786,59";"784,01"
"570";"REPOS POWERADE 500ML MIX";"800";"594,000";"2.721,34";"2.703,96"
"571";"REPOS POWERADE 500ML UVA";"800";"485,000";"2.193,79";"2.183,15"
"32137";"REQ BATAVO PENSE ZERO 400G";"800";"18,000";"395,82";"395,82"
"22925";"REQ CAROLINA AMIDO 400G";"800";"363,000";"5.189,97";"5.189,97"
"22926";"REQ CAROLINA CHEDDAR 180G";"800";"352,000";"2.257,88";"2.256,08"
"22927";"REQ CAROLINA CHEDDAR 400G";"800";"108,000";"1.579,92";"1.579,92"
"22928";"REQ CAROLINA CREM 400G";"800";"388,000";"3.706,12";"3.706,12"
"22935";"REQ TIROL 180G TRAD";"800";"983,000";"7.730,97";"7.730,97"
"22934";"REQ TIROL LIGHT 180G";"800";"701,000";"5.539,79";"5.539,79"
"22936";"REQ TIROL ZERO LACT 180G";"800";"276,000";"2.646,56";"2.646,56"
"7691";"REQUEIJAO ELEGE 200G LIGHT";"800";"191,000";"1.988,99";"1.988,99"
"7692";"REQUEIJAO ELEGE 200G TRAD";"800";"392,000";"4.203,48";"4.203,48"
"7693";"REQUEIJAO ELEGE 400G TRAD";"800";"308,000";"5.894,42";"5.894,42"
"10120";"REQUEIJAO ELEGE LIGHT PT 400G";"800";"384,000";"7.402,76";"7.402,76"
"7695";"REQUEIJAO POCOS CALDA 400G TRAD";"800";"73,000";"1.545,87";"1.545,87"
"22931";"REQUEIJAO POCOS CALDAS LIGHT 200G";"800";"72,000";"796,28";"796,28"
"22932";"REQUEIJAO POCOS CALDAS TRAD 200G";"800";"56,000";"623,44";"623,44"
"10121";"REQUEIJAO POCOS DE CALDAS 200G CHEDDAR";"800";"72,000";"791,28";"791,28"
"7697";"REQUEIJAO PRESIDENT 200G C QUEIJO AZUL";"800";"46,000";"650,34";"647,34"
"7698";"REQUEIJAO PRESIDENT 200G C QUEIJO BRIE";"800";"23,000";"324,97";"324,97"
"7699";"REQUEIJAO PRESIDENT 200G C QUEIJO CHEDDAR";"800";"19,000";"269,01";"269,01"
"7696";"REQUEIJAO PRESIDENT 200G TRAD";"800";"7,000";"105,93";"105,93"
"10122";"REQUEIJAO PRESIDENT LIGHT 200G";"800";"10,000";"139,90";"139,90"
"7706";"REQUEIJAO SANTA CLARA 1 8KG 4 QUEIJ ";"800";"32,000";"1.561,28";"1.561,28"
"7700";"REQUEIJAO SANTA CLARA 1 8KG C AMIDO CHEDDAR";"800";"99,000";"4.830,21";"4.830,21"
"7701";"REQUEIJAO SANTA CLARA 1 8KG C AMIDO TRADICIONAL";"800";"85,000";"4.147,15";"4.147,15"
"10115";"REQUEIJAO SANTA CLARA 180G CHEDDAR";"800";"369,000";"2.938,31";"2.888,26"
"7702";"REQUEIJAO SANTA CLARA 180G LIGHT SODIO";"800";"690,000";"5.479,10";"5.333,03"
"10116";"REQUEIJAO SANTA CLARA 180G TRAD";"800";"6.885,000";"54.695,15";"53.286,07"
"10117";"REQUEIJAO SANTA CLARA LIG 180G";"800";"589,000";"4.684,11";"4.598,07"
"10118";"REQUEIJAO SANTA CLARA ZR LA 200G";"800";"134,000";"1.937,66";"1.937,66"
"34069";"REQUEIJAO STA CLARA 400G LIGHT";"800";"369,000";"6.365,21";"6.363,67"
"7703";"REQUEIJAO STA CLARA 400G TRAD";"800";"971,000";"16.705,05";"16.702,56"
"7704";"REQUEIJAO STA CLARA BISN 400G CHEDDAR";"800";"329,000";"4.673,41";"4.673,41"
"7705";"REQUEIJAO STA CLARA BISN 400G TRADICIONAL";"800";"406,000";"5.776,54";"5.776,54"
"7708";"REQUEIJAO TIROL 400G 4 QUEIJOS";"800";"138,000";"2.330,82";"2.330,82"
"7709";"REQUEIJAO TIROL 400G C QJO";"800";"154,000";"2.538,86";"2.538,86"
"22937";"RESIST CORONA GORDUCHA 4T";"800";"1,000";"27,99";"27,99"
"34489";"RESIST CORONA SIMILAR 220V 4000W";"800";"116,000";"1.281,47";"1.281,47"
"22938";"RESIST DUCHA TP CORONA 220V";"800";"6,000";"43,74";"43,74"
"22939";"RESIST ENERDUCHA UP4 6800W 220V ";"800";"1,000";"34,99";"34,99"
"22940";"RESIST ENERTRONIC 25A 220 ";"800";"3,000";"134,97";"134,97"
"7711";"RESIST FAME Q BANHO 4T 6800W 220V";"800";"1,000";"39,89";"39,89"
"22943";"RESIST GORD BANHAO 3T 5400W 220";"800";"11,000";"307,89";"307,89"
"22944";"RESIST LORENZETTI 220V";"800";"2,000";"11,98";"11,98"
"22945";"RESIST LORENZETTI LORENULTRA 220V";"800";"8,000";"319,20";"319,20"
"22946";"RESIST P TORN PLUS 4T 220V ";"800";"9,000";"332,91";"332,91"
"7712";"RESIST P/DUCHA LORENZETTI BELLA 4T ";"800";"4,000";"182,20";"182,20"
"22947";"RESIST SIM LORENZETTI 5400W 220V";"800";"18,000";"269,82";"269,82"
"10123";"RESISTENCIA FAME 220V 6800W 4 TEMP ";"800";"19,000";"948,10";"926,19"
"10124";"RESISTENCIA LORENZETTI 220V MDJ3T43 ";"800";"2,000";"61,49";"61,49"
"7714";"RESTAURADOR KING 200ML PEROBA M AVERM";"800";"8,000";"195,00";"195,00"
"7715";"RESTAURADOR KING 200ML PEROBA M CLARAS";"800";"14,000";"338,00";"338,00"
"35299";"RETALHO APRESUNTADO KG";"800";"309,040";"2.384,11";"2.384,11"
"11927";"RETALHO QJO KG";"800";"82,908";"3.338,48";"3.338,48"
"32150";"RETALHO SALAME KG";"800";"186,236";"9.721,30";"9.721,30"
"10125";"REVIT PAINEL CENTRALSUL C UV 300G";"800";"8,000";"188,94";"188,94"
"10126";"REVIT PARACHOQUE CENTRALSUL 200G";"800";"14,000";"434,96";"434,96"
"11930";"RICOTA NONNA NITA TRAD KG";"800";"600,124";"10.184,67";"9.608,72"
"11931";"RICOTA STA CLARA KG R 70802";"800";"13,008";"732,10";"732,10"
"11932";"RICOTA STA CLARA LIGHT KG R 70804";"800";"9,550";"561,16";"561,16"
"11933";"RICOTA STA CLARA ZR LAC KG ";"800";"2,142";"155,47";"155,47"
"11934";"RINS BOV CONG KG";"800";"1.934,551";"12.900,19";"12.900,19"
"11935";"RINS SUINO DALIA CONG KG";"800";"617,972";"3.701,61";"3.701,61"
"32152";"RINS SUINO DALIA KG";"800";"77,020";"343,31";"343,31"
"11938";"RISOLIS FGO SPECIATTA GDE";"800";"129,486";"8.865,12";"8.202,40"
"11941";"ROCAMBOLE BAKLIZI ALEGRETE FAT KG";"800";"0,115";"4,47";"4,47"
"22949";"RODINHO PIA PLAST EM CASA TEM";"800";"8,000";"111,92";"111,92"
"7721";"RODO BETTANIN VAI E VEM RF1272";"800";"40,000";"1.019,60";"1.019,60"
"7720";"RODO BETTANIN VAI E VEM RF1282";"800";"78,000";"2.276,82";"2.276,82"
"22950";"RODO BORBOLETA 30CM C CABO";"800";"137,000";"1.207,65";"1.176,67"
"22951";"RODO BORBOLETA 40CM C CABO ";"800";"65,000";"815,70";"815,70"
"7722";"RODO CONDOR DUPLO 30CM RF1126 ";"800";"1,000";"52,90";"52,90"
"7723";"RODO CONDOR EVA 40CM 1125";"800";"10,000";"336,90";"336,90"
"7724";"RODO CONDOR RCP 1124";"800";"24,000";"611,76";"610,06"
"22954";"RODO PIA PLAST C/CABO 22CM";"800";"5,000";"24,95";"24,95"
"37674";"RODO PIA SANREMO 14CM";"800";"94,000";"657,06";"657,06"
"22956";"RODO PLAST 26CM";"800";"1,000";"7,99";"7,99"
"22958";"ROLO ADES TIRA PELOS C 20 10CM ";"800";"1,000";"4,99";"4,99"
"33307";"ROLO ADESIVO TIRA PELOS C30 8CM";"800";"3,000";"17,97";"17,97"
"33755";"ROLO ADESIVO TIRA PELOS C50 10CM";"800";"2,000";"19,98";"19,98"
"22960";"ROLO ALUM GRILL 30X4M";"800";"516,000";"2.636,20";"2.636,20"
"22961";"ROLO ALUM GRILL 45X4M";"800";"161,000";"1.309,19";"1.309,19"
"22962";"ROLO ALUM GRILL 45X7 5M";"800";"114,000";"1.487,78";"1.485,38"
"22963";"ROLO ALUM GRILL 7 5MX30CM";"800";"384,000";"3.511,00";"3.511,00"
"36642";"ROLO DITALIA 2KG";"800";"21,000";"453,19";"453,19"
"33739";"ROLO FIO ARAMADO 30M PARA JARDIM";"800";"1,000";"6,99";"6,99"
"22967";"ROLO POLIESTER 5CM";"800";"10,000";"120,81";"120,81"
"11944";"ROMA KG";"800";"14,980";"668,01";"667,26"
"37371";"ROSA CORES SORT X12 33CM";"800";"118,000";"1.532,82";"1.532,82"
"22968";"ROSA P DECORAC 35CM ";"800";"238,000";"1.187,62";"1.187,62"
"11945";"ROSCA DOCE BANHADA";"800";"325,615";"3.494,39";"3.494,39"
"37937";"ROUPA PET MICROFIBRA G";"800";"219,000";"3.720,81";"3.720,81"
"37938";"ROUPA PET MICROFIBRA GG";"800";"336,000";"6.380,64";"6.380,64"
"37936";"ROUPA PET MICROFIBRA M";"800";"196,000";"3.134,04";"3.130,04"
"22982";"ROUPA PET NATAL LACO";"800";"1,000";"29,99";"29,99"
"22975";"ROUPA PET TAM G";"800";"28,000";"366,45";"366,45"
"22976";"ROUPA PET TAM GG";"800";"16,000";"239,84";"239,84"
"22977";"ROUPA PET TAM M";"800";"33,000";"437,77";"437,77"
"22978";"ROUPA PET TAM P";"800";"1,000";"12,99";"12,99"
"22979";"ROUPA PET TAM PP";"800";"2,000";"25,98";"25,98"
"22980";"ROUPA PET TAM XG";"800";"18,000";"395,82";"395,82"
"22981";"ROUPA PET TAM XXG";"800";"16,000";"383,84";"383,84"
"38176";"ROUPA PET TORCEDOR COLORADO TAM P";"800";"2,000";"39,98";"39,98"
"37158";"ROUPA PET TORCEDOR TAM G";"800";"2,000";"39,98";"39,98"
"22971";"ROUPAO MICROFIBRA ATTUALE FLEECE CORTTEX";"800";"595,000";"32.276,22";"30.586,43"
"11947";"RUCULA HIDROP EST DA FIGUEIRA";"800";"4.005,000";"17.064,45";"16.724,45"
"11948";"RUCULA HIDROPONICO SAO BORJA UN";"800";"50,000";"224,50";"224,50"
"11946";"RUCULA UN";"800";"899,000";"3.497,11";"3.496,20"
"10133";"SAB 123 BABY 80G AZUL";"800";"632,000";"1.885,48";"1.820,98"
"10134";"SAB 123 BABY 80G ROSA";"800";"426,000";"1.266,54";"1.230,84"
"22984";"SAB ABOVE 75G CREAM ORIG";"800";"281,000";"671,59";"671,59"
"22985";"SAB ABOVE 75G CREAM VANILLA";"800";"317,000";"757,63";"757,63"
"22983";"SAB ABOVE CANDY WOMEN 75G";"800";"384,000";"917,76";"917,76"
"22986";"SAB ABOVE EXTREME BLACK MEN 75G";"800";"486,000";"1.161,54";"1.161,54"
"22987";"SAB ABOVE EXTREME MOVEMENT MEN 75G";"800";"108,000";"312,12";"312,12"
"32162";"SAB ALMA 130G FLORES JASMIN";"800";"93,000";"659,07";"659,07"
"22991";"SAB ALMA FLORES BCAS 130G";"800";"44,000";"307,56";"307,56"
"35578";"SAB CLOY 80G MANGA";"800";"314,000";"1.190,06";"1.190,06"
"7728";"SAB CLOY 80G PACK C 6 PG VC CREME HID MILK CARE";"800";"231,000";"4.063,29";"4.063,29"
"7727";"SAB CLOY CR 80G 6UN HIDRAT INT SORT";"800";"68,000";"1.687,19";"1.687,19"
"7726";"SAB CLOY HIDR 80G MILK CARE";"800";"521,000";"1.935,79";"1.935,79"
"10141";"SAB CLOY HIDR 80G RED FRUITS";"800";"289,000";"1.061,71";"1.061,71"
"10144";"SAB FARNESE 180G AVEIA ESFOL";"800";"1.621,000";"7.476,53";"7.138,59"
"10145";"SAB FARNESE 180G ERV DOCE VERB";"800";"1.725,000";"7.935,55";"7.633,85"
"10146";"SAB FARNESE 180G FLOR CER VANILA";"800";"1.664,000";"7.674,50";"7.320,66"
"10147";"SAB FARNESE 180G LAVANDA MENTA";"800";"2.022,000";"9.316,26";"8.921,74"
"10148";"SAB FARNESE 180G PITAYA FRAMB";"800";"1.302,000";"6.001,76";"5.683,42"
"10149";"SAB FARNESE 180G PURO HIDR";"800";"1.867,000";"8.752,83";"8.381,81"
"10150";"SAB FLOR DE YPE 85G MEU MOM LAVANDA";"800";"6,000";"23,94";"23,94"
"22998";"SAB FLOR YPE VEGETAL 85PITAYA";"800";"17,000";"74,63";"74,63"
"22999";"SAB FONTANA SENSUS 150G AMANHECER PERS";"800";"1.805,000";"7.202,27";"7.201,67"
"23000";"SAB FONTANA SENSUS 150G FLORESCER";"800";"1.252,000";"4.995,59";"4.994,69"
"23001";"SAB FONTANA SENSUS 150G FOR MEN";"800";"1.745,000";"6.962,55";"6.961,35"
"23002";"SAB FONTANA SENSUS 150G LIMA LIMAO ORI";"800";"1.884,000";"7.517,27";"7.516,07"
"23004";"SAB GENIAL PET 80G ALOE VERA";"800";"3,000";"15,23";"15,23"
"23005";"SAB GENIAL PET 80G ERVA STA MARIA";"800";"13,000";"87,61";"87,61"
"23006";"SAB GENIAL PET 80G SUPER PREMIUM";"800";"11,000";"88,69";"88,69"
"34772";"SAB GRANADO ENXOFRE 90G";"800";"96,000";"979,95";"979,95"
"35674";"SAB IARA 300G";"800";"344,000";"2.404,56";"2.404,56"
"34561";"SAB JOAO E MARIA 75G GLICERINADO";"800";"79,000";"372,81";"372,81"
"34560";"SAB JOAO E MARIA 75G KARITE";"800";"22,000";"104,58";"104,58"
"23012";"SAB LIFE BEL 80G ATRAC ROSA";"800";"1,000";"1,29";"1,29"
"23013";"SAB LIFE BEL 80G DESEJO VERDE";"800";"179,000";"235,61";"235,61"
"23014";"SAB LIFE BEL 80G SENSUAL BCO";"800";"6,000";"7,74";"7,74"
"23021";"SAB LIQ BELEZA AMAZONIA 370ML ERV DOCE";"800";"141,000";"805,29";"805,29"
"23022";"SAB LIQ BELEZA AMAZONIA 370ML FLORES CAMPO";"800";"128,000";"730,52";"730,52"
"23023";"SAB LIQ BELEZA AMAZONIA 370ML FRUTAS VRM";"800";"133,000";"762,37";"762,37"
"23027";"SAB LIQ BEM ESTAR RF 300ML CEREJA";"800";"65,000";"415,35";"415,35"
"23028";"SAB LIQ BEM ESTAR RF 300ML ERVA DOCE";"800";"68,000";"434,52";"434,52"
"23029";"SAB LIQ BEM ESTAR RF 300ML FRUT VRM";"800";"34,000";"217,26";"217,26"
"23030";"SAB LIQ BEM ESTAR RF 300ML LAVANDA";"800";"47,000";"300,33";"300,33"
"23032";"SAB LIQ COTTONBABY 200ML ALG";"800";"15,000";"150,40";"150,40"
"23033";"SAB LIQ COTTONBABY 200ML HORA DE NINAR";"800";"23,000";"289,42";"289,42"
"23035";"SAB LIQ COTTONBABY 200ML TQ ALG";"800";"19,000";"237,82";"237,82"
"23034";"SAB LIQ COTTONBABY RF 200ML HORA DE NINAR";"800";"8,000";"86,74";"86,74"
"23036";"SAB LIQ DERMAFEME 200ML FLORAL";"800";"80,000";"1.079,20";"1.079,20"
"23037";"SAB LIQ DERMAFEME 200ML FRESH";"800";"59,000";"795,91";"795,91"
"10155";"SAB LIQ DI HELLEN 400ML ERVA DOCE";"800";"2,000";"23,18";"23,18"
"23039";"SAB LIQ DI HELLEN RF 400ML MACA VERDE";"800";"10,000";"115,90";"115,90"
"33893";"SAB LIQ DOVE 200ML REFIL PELE SENSIVEL";"800";"1,000";"13,59";"13,59"
"7736";"SAB LIQ DOVE 250ML NUTRICAO PROFUN";"800";"1,000";"18,90";"18,90"
"7738";"SAB LIQ DOVE BABY 180ML REFIL GLICERINA";"800";"3,000";"44,97";"44,97"
"7740";"SAB LIQ DOVE BABY 200ML HID GLICERINA";"800";"1,000";"23,59";"23,59"
"7744";"SAB LIQ FLOR DE YPE 200ML REFIL FLOR MACA FRAMB";"800";"7,000";"51,73";"51,73"
"7745";"SAB LIQ FLOR DE YPE 200ML REFIL ROS BRANC AVELA";"800";"11,000";"80,85";"80,85"
"34834";"SAB LIQ FLOR YPE 250ML MACA FRAMBOESA";"800";"10,000";"132,63";"132,63"
"23044";"SAB LIQ HEDERA 1L AGUA MICELAR";"800";"1,000";"16,90";"16,90"
"23045";"SAB LIQ HEDERA 1L AVEIA";"800";"2,000";"31,58";"31,58"
"23046";"SAB LIQ HEDERA 1L CAPIM LIMAO";"800";"2,000";"31,58";"31,58"
"23047";"SAB LIQ HEDERA 1L ERVA DOCE";"800";"1,000";"15,79";"15,79"
"23049";"SAB LIQ HEDERA 1L HERAPROTEC";"800";"4,000";"77,78";"77,78"
"23050";"SAB LIQ HEDERA 1L YLANG YLANG";"800";"1,000";"15,79";"15,79"
"23052";"SAB LIQ HEDERA 370ML FTA VRM";"800";"27,000";"159,03";"159,03"
"34755";"SAB LIQ HEDERA RF 200ML FTA VRM";"800";"31,000";"136,09";"136,09"
"23054";"SAB LIQ HEDERA RF 370ML ARGAN";"800";"104,000";"624,26";"624,26"
"23055";"SAB LIQ HEDERA RF 370ML AVEIA";"800";"129,000";"771,81";"771,81"
"23056";"SAB LIQ HEDERA RF 370ML ERVA DOCE";"800";"28,000";"164,92";"164,92"
"23058";"SAB LIQ INTIMO COTTONBABY 200ML";"800";"35,000";"545,65";"545,65"
"34563";"SAB LIQ JOAO E MARIA 200ML GLICERINA";"800";"6,000";"119,94";"119,94"
"33227";"SAB LIQ JOHNSON S 200ML CAMOMILA";"800";"3,000";"68,97";"68,97"
"7751";"SAB LIQ LUX 200ML REFIL BUQUE JASMIM";"800";"20,000";"183,94";"183,94"
"7753";"SAB LIQ LUX 200ML REFIL ORQUIDEA NEGRA";"800";"39,000";"348,79";"348,79"
"7754";"SAB LIQ LUX 200ML REFIL ROSAS FRANCESAS";"800";"13,000";"118,71";"118,71"
"36075";"SAB LIQ LUX BOTANICALS 250ML LAVANDA";"800";"3,000";"23,07";"23,07"
"33648";"SAB LIQ MADE IN BRAZIL 1L AMEIXA";"800";"176,000";"2.054,64";"1.974,84"
"33649";"SAB LIQ MADE IN BRAZIL 1L CEREJA";"800";"337,000";"3.940,43";"3.820,73"
"33647";"SAB LIQ MADE IN BRAZIL 1L ERVA DOCE";"800";"281,000";"3.316,39";"3.196,69"
"36196";"SAB LIQ MADE IN BRAZIL 1L MORANGO";"800";"71,000";"842,29";"823,29"
"33650";"SAB LIQ MADE IN BRAZIL 1L PESSEGO";"800";"130,000";"1.509,60";"1.464,00"
"7766";"SAB LIQ NIVEA 200ML ERVA DOCE REFIL";"800";"2,000";"22,78";"22,78"
"32189";"SAB LIQ PALM RF 900ML JASMIM";"800";"10,000";"248,71";"229,31"
"10159";"SAB LIQ PALMOLIVE RF 200ML CAMELIA AMEND";"800";"31,000";"272,49";"272,49"
"10160";"SAB LIQ PALMOLIVE RF 200ML JASMIM CACAU";"800";"24,000";"210,96";"210,96"
"37823";"SAB LIQ PALMOLIVE RF 900ML MILK";"800";"3,000";"83,07";"83,07"
"37822";"SAB LIQ PALMOLIVE RF 900ML OLEO NUTRITIVO";"800";"2,000";"55,38";"55,38"
"7769";"SAB LIQ PAMPERS 200ML GLICERINA";"800";"10,000";"99,90";"99,90"
"10164";"SAB LIQ PAMPERS REF 350ML GLICERINA";"800";"20,000";"277,80";"277,80"
"33456";"SAB LIQ PROTEX 250ML SERUM";"800";"1,000";"17,78";"17,78"
"23090";"SAB LIQ SENSUS LUXO 220ML ERVA DOCE";"800";"30,000";"284,70";"284,70"
"23091";"SAB LIQ SENSUS LUXO 220ML HIDRATE";"800";"20,000";"189,80";"189,80"
"23092";"SAB LIQ SENSUS LUXO 220ML SEDUCAO";"800";"39,000";"370,11";"370,11"
"10170";"SAB LIQ SENSUS LUXO RF 220ML ERVA DOCE";"800";"216,000";"1.287,34";"1.253,34"
"10171";"SAB LIQ SENSUS LUXO RF 220ML HIDRATE";"800";"118,000";"702,32";"687,82"
"10171";"SAB LIQ SENSUS LUXO RF 220ML HIDRATE";"810";"4,000";"23,96";"23,96"
"10172";"SAB LIQ SENSUS LUXO RF 220ML SEDUCAO";"800";"196,000";"1.166,54";"1.137,04"
"37826";"SAB LIQUIDO PALMOLIVE 250ML MELANCIA";"800";"18,000";"194,22";"194,22"
"34979";"SAB MARAN SUAVE 80G AMENDOAS";"800";"3.058,000";"3.899,87";"3.807,41"
"34976";"SAB MARAN SUAVE 80G ERVA DOCE";"800";"3.012,000";"3.865,64";"3.804,57"
"34977";"SAB MARAN SUAVE 80G PESSEGO";"800";"3.234,000";"4.160,08";"4.104,00"
"34978";"SAB MARAN SUAVE 80G ROSAS";"800";"3.711,000";"4.762,70";"4.670,63"
"7781";"SAB MATACURA 90G ANTISEPT ";"800";"56,000";"531,44";"531,44"
"7780";"SAB MATACURA SARNICIDA 80G";"800";"76,000";"1.154,44";"1.154,44"
"23111";"SAB PALMOLIVE 85G ARGILA EUCALIP";"800";"630,000";"1.677,78";"1.677,78"
"23114";"SAB PALMOLIVE 85G TANGERINA ALEC";"800";"879,000";"2.322,85";"2.322,85"
"23118";"SAB PALMOLIVE NATURALS 85G AMORA";"800";"1.106,000";"2.938,62";"2.938,62"
"23117";"SAB PALMOLIVE NATURALS 85G JASMIM";"800";"974,000";"2.564,26";"2.564,26"
"10180";"SAB POMPOM 80G GLICERINADO";"800";"68,000";"271,32";"271,32"
"10181";"SAB POMPOM 80G HIDRATANTE";"800";"282,000";"1.146,18";"1.146,18"
"34302";"SAB PROTEX 85G C3 LIMP PROFUNDA";"800";"36,000";"413,64";"413,64"
"23120";"SAB PROTEX 85G CARVAO ATIVADO";"800";"368,000";"1.605,52";"1.605,52"
"23121";"SAB PROTEX 85G FRESH";"800";"317,000";"1.339,43";"1.339,43"
"36646";"SAB PROTEX CARVAO DETOX C 8";"800";"4,000";"10,36";"10,36"
"10186";"SAB SENADOR 130G SUN STONE";"800";"71,000";"516,09";"516,09"
"10187";"SAB SENADOR 130G VITAL STONE";"800";"116,000";"823,08";"823,08"
"10188";"SAB SENADOR GLICERINADO 130G RED";"800";"85,000";"608,55";"608,55"
"10193";"SAB SENSUS BEAUTY ESSENCE 80G AMANHECER PERS";"800";"1.202,000";"2.730,38";"2.638,58"
"10194";"SAB SENSUS BEAUTY ESSENCE 80G BOSQUES OCIDENT";"800";"1.452,000";"3.312,78";"3.235,38"
"10195";"SAB SENSUS BEAUTY ESSENCE 80G FLORESCER ASIAT";"800";"1.230,000";"2.783,70";"2.714,10"
"10196";"SAB SENSUS BEAUTY ESSENCE 80G FOR MEN";"800";"1.303,000";"2.973,37";"2.888,47"
"10197";"SAB SENSUS BEAUTY ESSENCE 80G JARDINS TURQUIA";"800";"899,000";"2.044,91";"2.006,81"
"10198";"SAB SENSUS BEAUTY ESSENCE 80G LIMA LIM ORIENT";"800";"1.185,000";"2.700,15";"2.644,05"
"23131";"SABAO ASSIM TIRA MANCHA ROUPA 80G BC";"800";"152,000";"746,70";"746,70"
"23132";"SABAO ASSIM TIRA MANCHA ROUPA 80G RS";"800";"97,000";"502,59";"499,79"
"10203";"SABAO BARRA GIRANDO SOL GILCER 200G ";"800";"835,000";"3.367,65";"3.367,65"
"10202";"SABAO BARRA GIRANDO SOL GLIC 5X200G";"800";"209,000";"4.312,59";"4.312,59"
"10201";"SABAO BARRA GIRANDO SOL TR MANC100G";"800";"142,000";"491,18";"491,18"
"7784";"SABAO BARRA YPE 180G COCO TOQUE AV";"800";"155,000";"773,45";"773,45"
"7786";"SABAO BARRA YPE 180G GLIC ALOE VERA";"800";"302,000";"1.358,32";"1.358,32"
"7788";"SABAO BARRA YPE 180G GLIC FRESH";"800";"114,000";"519,66";"519,66"
"7785";"SABAO BARRA YPE 180G GLICERINA";"800";"196,000";"888,62";"888,62"
"7789";"SABAO BARRA YPE 180G M ATI PERF AZ";"800";"243,000";"1.091,07";"1.091,07"
"7790";"SABAO BARRA YPE 180G NATURAL";"800";"198,000";"1.078,92";"1.078,92"
"7797";"SABAO BARRA YPE 800G COCO TOQUE AV";"800";"131,000";"3.732,19";"3.724,69"
"7796";"SABAO BARRA YPE 800G GLICERINA ";"800";"77,000";"1.485,33";"1.485,33"
"7798";"SABAO BARRA YPE 900G GLIC ALOE VERA";"800";"139,000";"2.681,82";"2.681,82"
"7799";"SABAO BARRA YPE 900G GLIC FRESH";"800";"193,000";"3.817,35";"3.817,35"
"7801";"SABAO BARRA YPE 900G M ATI PERF AZ ";"800";"110,000";"2.123,11";"2.123,11"
"23134";"SABAO CONVENC ZAVASKI C 5 200G";"800";"60,000";"843,74";"843,74"
"23135";"SABAO FONT COCO 200G";"800";"334,000";"2.067,46";"2.067,46"
"10206";"SABAO FONTANA TRAD 350G";"800";"207,000";"1.426,23";"1.426,23"
"33464";"SABAO GIRANDO SOL C 5 GLICE NEUTRO";"800";"93,000";"1.859,07";"1.859,07"
"23140";"SABAO GIRANDO SOL COCO 100G BAB";"800";"364,000";"1.141,96";"1.141,96"
"36464";"SABAO GIRANDO SOL FRESH C 5";"800";"4,000";"79,96";"79,96"
"23141";"SABAO GIRANDO SOL GLIC 180G FRESH";"800";"706,000";"2.806,34";"2.806,34"
"23142";"SABAO GIRANDO SOL GLIC 180G NEUTRO";"800";"664,000";"2.813,97";"2.813,97"
"23146";"SABAO GIRANDO SOL GLIC C 5 200G FRESH";"800";"8,000";"159,92";"159,92"
"7802";"SABAO PASTA ASSOLAN 500G";"800";"27,000";"433,07";"433,07"
"23149";"SABAO PASTA GIRANDO SOL 500G TRAD";"800";"68,000";"922,28";"922,28"
"7804";"SABAO PO BRILHANTE 1 450 M 150G GT LIMPEZA TOTAL";"800";"178,000";"3.915,58";"3.915,58"
"7808";"SABAO PO BRILHANTE 1 6KG LIMPEZA TOTAL";"800";"151,000";"4.047,98";"4.047,97"
"7811";"SABAO PO BRILHANTE 2 2KG LIMPEZA TOTAL";"800";"248,000";"9.247,92";"9.247,92"
"7817";"SABAO PO BRILHANTE 800G CX LIMPEZA TOTAL";"800";"5.460,000";"57.998,20";"57.010,20"
"7817";"SABAO PO BRILHANTE 800G CX LIMPEZA TOTAL";"810";"3,000";"34,77";"34,77"
"7816";"SABAO PO BRILHANTE 800G SACHE LIMPEZA TOTAL";"800";"12,000";"137,88";"137,88"
"7825";"SABAO PO GIRANDO SOL 400G AZUL ";"800";"404,000";"1.627,16";"1.627,16"
"7826";"SABAO PO GIRANDO SOL 4KG AZUL";"800";"251,000";"7.710,20";"7.710,20"
"7827";"SABAO PO GIRANDO SOL 4KG ROSA";"800";"252,000";"7.747,74";"7.747,74"
"7831";"SABAO PO GIRANDO SOL 800G AZUL";"800";"1.019,000";"7.246,65";"7.246,65"
"7832";"SABAO PO GIRANDO SOL 800G HIPOALERGENICO";"800";"640,000";"4.535,16";"4.535,16"
"7833";"SABAO PO GIRANDO SOL 800G ROSA";"800";"750,000";"5.325,66";"5.325,66"
"7840";"SABAO PO OMO 1 6KG LAV PERFEITA";"800";"1,000";"36,99";"36,99"
"7841";"SABAO PO OMO 1 6KG LAVANDA";"800";"4,000";"144,00";"144,00"
"7842";"SABAO PO OMO 1 6KG SANITIZA LAV PER";"800";"39,000";"1.350,44";"1.350,44"
"7844";"SABAO PO OMO 2 2KG LAV PERFEITA";"800";"58,000";"1.707,09";"1.707,09"
"7849";"SABAO PO OMO 720G EXPERT ";"800";"17,000";"455,43";"455,43"
"7851";"SABAO PO OMO 800G LAV PERFEITA ";"800";"630,000";"9.695,70";"9.695,70"
"7852";"SABAO PO OMO 800G LAV PERFEITA SAN";"800";"87,000";"1.614,22";"1.611,32"
"7853";"SABAO PO OMO 800G LAVANDA";"800";"154,000";"3.120,32";"3.120,32"
"7850";"SABAO PO OMO 800G PURO CUIDADO";"800";"98,000";"1.998,15";"1.998,15"
"7857";"SABAO PO SURF 1 6KG SACO ROSA FLOR";"800";"96,000";"1.744,11";"1.744,11"
"7859";"SABAO PO SURF 800G CUIDADO DE COCO";"800";"716,000";"5.864,04";"5.864,04"
"7860";"SABAO PO SURF 800G LAVANDA";"800";"526,000";"4.307,94";"4.307,94"
"7861";"SABAO PO SURF 800G LIMAO E BICARB";"800";"1,000";"7,59";"7,59"
"7862";"SABAO PO SURF 800G ROSA E FLOR LIS";"800";"697,000";"5.708,43";"5.708,43"
"7868";"SABAO PO TIXAN 800G MACIEZ";"800";"430,000";"5.554,97";"5.554,97"
"7869";"SABAO PO TIXAN 800G MACIEZ PRIMAVERA";"800";"358,000";"4.698,52";"4.698,52"
"23150";"SABAO STO ANTONIO GLICERINA 200G";"800";"1,000";"4,59";"4,59"
"8533";"SABAO SUPER BARRA VANISH 75G";"800";"1,000";"8,99";"8,99"
"8534";"SABAO SUPER BARRA VANISH 75G WHITE";"800";"3,000";"26,97";"26,97"
"23155";"SABAO ZAVASKI 400G";"800";"406,000";"1.610,14";"1.610,14"
"23156";"SABAO ZAVASKI AZUL 200G";"800";"620,000";"1.977,80";"1.977,80"
"23157";"SABAO ZAVASKI AZUL C 5 200G";"800";"146,000";"2.153,89";"2.076,69"
"23158";"SABAO ZAVASKI COCO 200G";"800";"754,000";"2.405,26";"2.405,26"
"23159";"SABAO ZAVASKI GLIC 200G";"800";"728,000";"2.322,32";"2.322,32"
"23160";"SABAO ZAVASKI GLIC C 5 200G";"800";"176,000";"2.428,64";"2.402,64"
"23161";"SABAO ZAVASKI GLIC LIMAO 200G";"800";"753,000";"2.402,07";"2.402,07"
"23162";"SABAO ZAVASKI GLIC LIMAO C 5 200G";"800";"321,000";"4.722,09";"4.562,29"
"10163";"SABON LIQ PALMOLIVE NATURALS 250ML FRAMB AMORA";"800";"6,000";"65,34";"65,34"
"23108";"SABON PALMOLIVE 150G ARGILA EUCALIP";"800";"737,000";"3.235,43";"3.233,83"
"23110";"SABON PALMOLIVE 150G TANGERINA ALEC";"800";"802,000";"3.520,78";"3.519,98"
"23115";"SABON PALMOLIVE LV6PG5 85G ARGILA EUCAL";"800";"22,000";"308,18";"308,18"
"7942";"SABON PALMOLIVE NATURALS 150G GELEIA REAL";"800";"753,000";"3.305,67";"3.304,87"
"7943";"SABON PALMOLIVE NATURALS 150G JASMIM E CACAU";"800";"869,000";"3.814,91";"3.814,91"
"7944";"SABON PALMOLIVE NATURALS 150G KARITE";"800";"862,000";"3.784,18";"3.783,78"
"7946";"SABON PALMOLIVE NATURALS 150G LEITE ROSA";"800";"871,000";"3.823,69";"3.823,69"
"7947";"SABON PALMOLIVE NATURALS 150G MELANCIA LICHIA";"800";"925,000";"4.060,75";"4.060,75"
"7948";"SABON PALMOLIVE NATURALS 150G OLEO ARGAN";"800";"1.082,000";"4.749,98";"4.749,18"
"7949";"SABON PALMOLIVE NATURALS 150G OLEO NUTRITIVO";"800";"1.054,000";"4.627,06";"4.627,06"
"7950";"SABON PALMOLIVE NATURALS 150G TURMALINA";"800";"1.137,000";"4.991,43";"4.991,03"
"7951";"SABON PALMOLIVE NATURALS 150G VERDE";"800";"1.039,000";"4.561,21";"4.560,41"
"10173";"SABON PALMOLIVE NATURALS 85G CAMELIA AMEND";"800";"752,000";"1.991,52";"1.991,52"
"10178";"SABON PALMOLIVE NATURALS 85G KARITE";"800";"988,000";"2.618,60";"2.618,60"
"10177";"SABON PALMOLIVE NATURALS 85G LEITE ROSAS";"800";"890,000";"2.336,62";"2.336,62"
"10179";"SABON PALMOLIVE NATURALS 85G OLEO ARGAN";"800";"440,000";"1.156,24";"1.156,24"
"7958";"SABON PALMOLIVE NUTRI 85G LV6PG5 FRAMB AMORA";"800";"19,000";"252,51";"252,51"
"7957";"SABON PALMOLIVE NUTRI 85G LV6PG5 HIDRAT INTENSA";"800";"22,000";"292,38";"292,38"
"7871";"SABONETE ALMA DE FLORES 130G";"800";"71,000";"425,29";"425,29"
"7875";"SABONETE DOVE 90G ERVA DOCE";"800";"447,000";"2.230,53";"2.230,53"
"7876";"SABONETE DOVE 90G ESFOLIACAO SUAV";"800";"21,000";"104,79";"104,79"
"7878";"SABONETE DOVE 90G KARITE BAUNILHA";"800";"851,000";"4.246,49";"4.246,49"
"7883";"SABONETE DOVE 90G ORIGINAL";"800";"7.967,000";"39.755,33";"39.522,68"
"7884";"SABONETE DOVE 90G PELE SENSIVEL";"800";"918,000";"4.580,82";"4.575,87"
"7872";"SABONETE DOVE 90G PROTEGE CUIDA";"800";"536,000";"2.674,64";"2.669,69"
"7887";"SABONETE DOVE BABY 75G HIDRAT BALANCEADA";"800";"101,000";"591,19";"591,19"
"7888";"SABONETE DOVE BABY 75G HIDRAT ENRIQ";"800";"109,000";"635,21";"635,21"
"7890";"SABONETE FLOR DE YPE 85G AMEIXA";"800";"7,000";"20,93";"20,93"
"7891";"SABONETE FLOR DE YPE 85G BAUNILHA AMEND";"800";"245,000";"690,75";"690,75"
"7892";"SABONETE FLOR DE YPE 85G FRESIA PESSEGO";"800";"386,000";"1.093,90";"1.093,90"
"7893";"SABONETE FLOR DE YPE 85G MACA FRAMBOESA";"800";"214,000";"613,22";"613,22"
"7894";"SABONETE FLOR DE YPE 85G ROSAS BR AVELA";"800";"346,000";"972,70";"972,70"
"7896";"SABONETE HUGGIES 75G CAMOMILA";"800";"49,000";"327,81";"327,81"
"7897";"SABONETE HUGGIES 75G EXTRA SUAVE";"800";"70,000";"468,30";"468,30"
"7901";"SABONETE JOHNSON BABY 80G GLICERINADO";"800";"104,000";"778,96";"778,96"
"7902";"SABONETE JOHNSON BABY 80G HORA DO SONO";"800";"65,000";"486,85";"486,85"
"7903";"SABONETE JOHNSON BABY 80G REG";"800";"56,000";"419,44";"419,44"
"7918";"SABONETE LUX 125G SUAVE BUQUE DE JASMIM";"800";"12,000";"44,28";"44,28"
"7921";"SABONETE LUX 125G SUAVE ROSAS FRANCESAS";"800";"14,000";"51,66";"51,66"
"7922";"SABONETE LUX 85G BUQUE D JASMIM";"800";"3.025,000";"7.550,55";"5.921,77"
"7925";"SABONETE LUX 85G FLOR DE LOTUS";"800";"2.584,000";"6.301,18";"4.941,08"
"7926";"SABONETE LUX 85G FLOR DE VERBENA";"800";"2.867,000";"7.311,63";"5.525,85"
"33666";"SABONETE LUX 85G GARD E OLEO AME";"800";"1.706,000";"4.509,46";"3.370,18"
"7927";"SABONETE LUX 85G LAVANDA";"800";"2.933,000";"7.217,57";"5.516,76"
"7928";"SABONETE LUX 85G LIRIO AZUL";"800";"3.517,000";"8.884,71";"6.966,81"
"7929";"SABONETE LUX 85G ORQUIDEA NEGRA";"800";"3.357,000";"8.306,99";"6.526,45"
"7930";"SABONETE LUX 85G ROSAS FRANCESAS";"800";"3.624,000";"9.100,36";"6.841,96"
"7931";"SABONETE NIVEA 85G AGUA COCO";"800";"30,000";"77,70";"77,70"
"7932";"SABONETE NIVEA 85G AVEIA";"800";"1.181,000";"3.133,51";"3.133,51"
"7933";"SABONETE NIVEA 85G ERVA DOCE/OLEOS";"800";"1.238,000";"3.267,54";"3.267,54"
"7934";"SABONETE NIVEA 85G FLOR CEREJEIRA";"800";"17,000";"44,03";"44,03"
"7936";"SABONETE NIVEA 85G LAVANDA";"800";"1.505,000";"3.957,31";"3.957,31"
"7937";"SABONETE NIVEA 85G ORQUIDEA";"800";"1.753,000";"4.599,47";"4.599,47"
"7938";"SABONETE NIVEA 85G PROTEINA LEITE";"800";"1.564,000";"4.093,96";"4.093,96"
"7940";"SABONETE NIVEA 85G TOQUE BAUNILHA";"800";"1,000";"2,59";"2,59"
"7959";"SABONETE PHEBO 90G AMAZONIAN";"800";"345,000";"2.092,05";"2.092,05"
"7960";"SABONETE PHEBO 90G NATURELLE";"800";"298,000";"1.817,72";"1.817,72"
"7961";"SABONETE PHEBO 90G ODOR DE ROSAS";"800";"370,000";"2.253,20";"2.253,20"
"7962";"SABONETE PHEBO 90G TOQUE LAVANDA";"800";"81,000";"491,49";"491,49"
"7968";"SABONETE PROTEX 85G AVEIA";"800";"225,000";"980,85";"980,85"
"7969";"SABONETE PROTEX 85G BALANCE";"800";"335,000";"1.467,55";"1.467,55"
"7970";"SABONETE PROTEX 85G COMPLETE";"800";"216,000";"947,84";"947,84"
"7971";"SABONETE PROTEX 85G CREAM";"800";"247,000";"1.073,83";"1.073,83"
"7973";"SABONETE PROTEX 85G ERVA DOCE";"800";"374,000";"1.637,26";"1.637,26"
"7974";"SABONETE PROTEX 85G LIMPEZA PROFUND";"800";"504,000";"2.195,16";"2.195,16"
"7975";"SABONETE PROTEX 85G MACADAMIA";"800";"402,000";"1.753,98";"1.753,98"
"7977";"SABONETE PROTEX 85G MEN SPORT";"800";"389,000";"1.703,01";"1.703,01"
"7979";"SABONETE PROTEX 85G OMEGA 3";"800";"289,000";"1.272,81";"1.272,81"
"7982";"SABONETE PROTEX 85G VITAMINA E";"800";"15,000";"64,35";"64,35"
"7983";"SABONETE PROTEX LV PG 6UN BALANCE";"800";"26,000";"561,26";"561,26"
"7984";"SABONETE PROTEX LV PG 6X85G AVEIA";"800";"5,000";"104,45";"104,45"
"7985";"SABONETE PROTEX LV PG 6X85G LIMPEZA PROFUND";"800";"4,000";"83,56";"83,56"
"7987";"SABONETE PROTEX LV PG 6X85G VITAMI E EQUILI";"800";"10,000";"208,90";"208,90"
"7994";"SABONETE REXONA 84G ANT LIMP PROFU";"800";"33,000";"92,07";"92,07"
"8001";"SABONETE SENADOR 130G";"800";"1.077,000";"7.640,55";"7.640,55"
"38385";"SABONETEIRA CLASSIC FOSCO A1";"800";"23,000";"137,77";"137,77"
"35103";"SABONETEIRA DEC 180ML ANGEL";"800";"1,000";"5,99";"5,99"
"35098";"SABONETEIRA DEC 180ML STITCH";"800";"2,000";"11,98";"11,98"
"23170";"SABONETEIRA PLASFAR 350ML  BELLA";"800";"4,000";"27,96";"27,96"
"23171";"SABONETEIRA PLASFAR 500ML  FLOR";"800";"9,000";"62,91";"62,91"
"23172";"SABONETEIRA PLASFAR 500ML  PET";"800";"8,000";"63,92";"63,92"
"23177";"SACA ROLHA EM CASA TEM ACO INOX 17CM";"800";"22,000";"395,78";"395,78"
"37648";"SACA ROLHAS INOX PLUS 19CM";"800";"1,000";"39,90";"39,90"
"38529";"SACO ASPIRADOR ELETROLUX LISTO";"800";"1,000";"21,99";"21,99"
"8013";"SACO COLORIDO PANOSUL 58X78CM ESP";"800";"190,000";"1.913,28";"1.913,28"
"37159";"SACO LIXO PARA PET C 3 ROLOS";"800";"2,000";"15,98";"15,98"
"34034";"SACO P RESIDUOS PET PLAST 2L C 15";"800";"3,000";"17,97";"17,97"
"8018";"SACO PANOSUL 60X68CM XADREZ ";"800";"283,000";"2.630,37";"2.566,37"
"8018";"SACO PANOSUL 60X68CM XADREZ ";"810";"2,000";"18,78";"18,78"
"8019";"SACO RIO TIJUCAS P/RESID ANIMAL 3UN ";"800";"37,000";"333,55";"333,55"
"3828";"SAGU CORSETTI 400G";"800";"802,000";"6.568,38";"6.568,38"
"35591";"SAGU PINDUCA 400G";"800";"97,000";"585,23";"585,23"
"38442";"SAIA CAIPIRA";"800";"2,000";"59,98";"59,98"
"23204";"SAL CHUR GRILL GARCA 1K";"800";"814,000";"1.796,26";"1.796,26"
"3628";"SAL GROSSO CBS 1KG";"800";"891,000";"2.664,09";"2.664,09"
"3630";"SAL GROSSO PIRATA MARINHO 1KG";"800";"5,000";"14,45";"14,45"
"34587";"SAL GROSSO SOUTO 1KG";"800";"1.854,000";"3.743,46";"3.743,05"
"23212";"SAL MOIDO 5 ESTRELAS 1KG";"800";"5.066,000";"9.275,83";"9.199,95"
"3635";"SAL MOIDO CBS 1KG";"800";"2.211,000";"5.505,39";"5.500,39"
"3862";"SAL MOIDO PREMIUM 1KG";"800";"4.946,000";"7.921,78";"7.906,78"
"3862";"SAL MOIDO PREMIUM 1KG";"810";"6,000";"9,34";"9,34"
"23215";"SAL P CHUR AJI 500G";"800";"2,000";"23,00";"23,00"
"34588";"SAL REFINADO CAMPEAO 1KG";"800";"2.946,000";"5.730,84";"5.730,84"
"3642";"SAL REFINADO CISNE 1KG";"800";"571,000";"3.705,79";"3.701,79"
"23217";"SAL REFINADO EX GARCA 1K";"800";"1.014,000";"2.050,36";"2.050,36"
"3553";"SAL ROSA EQUIL SAUDAVEL TEMPER 250G CARN VERM";"800";"4,000";"47,96";"47,96"
"3556";"SAL ROSA EQUIL SAUDAVEL TEMPER 250G ERVAS FINAS";"800";"18,000";"215,82";"215,82"
"3554";"SAL ROSA EQUIL SAUDAVEL TEMPER 250G FRANGO";"800";"2,000";"23,98";"23,98"
"3548";"SAL ROSA HIMAL EQUIL SAUD 500G FINO";"800";"147,000";"1.967,13";"1.967,13"
"3550";"SAL ROSA HIMAL EQUIL SAUD 500G GROS";"800";"12,000";"200,28";"200,28"
"3646";"SAL TEMP CHURRASCO TOP FEST 500G C PIMENTA";"800";"59,000";"441,11";"441,11"
"3643";"SAL TEMP COMP TOP FEST 200G PIMENTA";"800";"36,000";"230,04";"230,04"
"3644";"SAL TEMP COMP TOP FEST 200G S PIMEN S PIMENTA";"800";"53,000";"338,67";"338,67"
"3650";"SAL TEMP COMP TOP FEST 500G C PIMENTA";"800";"68,000";"853,82";"853,82"
"3649";"SAL TEMP COMP TOP FEST 500G S PIMENTA";"800";"158,000";"2.004,32";"2.004,32"
"3652";"SAL TEMP GALETO TOP FEST 500G C PIMENTA";"800";"52,000";"559,20";"559,20"
"3655";"SAL TEMP PARRILLA CAMPERO 500G CHIMICHURRI";"800";"161,000";"3.077,99";"3.077,99"
"3653";"SAL TEMP PARRILLA CAMPERO 500G TOQUE DE CHEF";"800";"146,000";"2.791,64";"2.787,94"
"3656";"SAL TEMP PARRILLA CAMPERO 500G TRAD";"800";"42,000";"815,28";"815,28"
"23223";"SAL TEMP PARRILLA EXT SABOR 750G";"800";"22,000";"329,78";"329,78"
"3659";"SAL TEMP PARRILLA EXTREMO 550G ERVAS FINAS";"800";"1,000";"11,99";"11,99"
"3647";"SAL TEMP TOP FEST 500G ALHO SAL";"800";"27,000";"321,03";"321,03"
"11950";"SALADA DE FRUTAS KG";"800";"2,956";"130,20";"130,20"
"2286";"SALADA FRUTA ODERICH 450G";"800";"57,000";"837,33";"837,33"
"34445";"SALADEIRA OPALINE 840ML NADIR";"800";"14,000";"279,86";"279,86"
"34447";"SALADEIRA OPANINE 390ML";"800";"5,000";"69,95";"69,95"
"11951";"SALAME DALIA ITALIANO KG";"800";"94,590";"5.701,71";"5.701,71"
"36343";"SALAME ITAL BORELLA KG";"800";"2.081,569";"137.404,84";"120.846,03"
"32244";"SALAME ITAL NOBREZA KG";"800";"6,298";"477,73";"477,73"
"11953";"SALAME NOBREZA ITALIANO KG";"800";"0,562";"42,64";"42,64"
"35587";"SALAME PAMPLONA HAMBURGES 100G";"800";"160,000";"2.088,04";"2.088,04"
"32247";"SALAME PERDIGAO FAT 100G";"800";"13,000";"174,87";"174,87"
"11954";"SALAME PERDIGAO ITALIANO TRAD KG SALT7";"800";"37,198";"3.254,47";"3.254,47"
"11956";"SALAME SADIA ITALIANO FAT 100G SSSF";"800";"293,000";"4.245,57";"4.245,03"
"11958";"SALAME SADIA PERDIGAO ITAL FAT SSSC";"800";"8,355";"730,96";"730,96"
"11959";"SALAME SADIA SNACK SECO 36G";"800";"298,000";"1.785,32";"1.785,32"
"11961";"SALAME STA CLARA ITALIANO FAT 100G ";"800";"127,000";"2.030,73";"2.030,73"
"11960";"SALAME STA CLARA ITALIANO KG ";"800";"22,110";"2.315,77";"2.315,77"
"11963";"SALAMINHO PAMPLONA KG FAT";"800";"2,260";"187,56";"187,56"
"32251";"SALAMINHO PAMPLONA KG INT";"800";"9,260";"425,08";"425,08"
"11966";"SALAMINHO STA CLARA KG INT";"800";"36,502";"4.015,20";"3.972,82"
"34636";"SALEIRO PIMENTEIRO 72ML";"800";"13,000";"90,87";"90,87"
"8025";"SALEIRO PLASUTIL 1KG 2704 ";"800";"11,000";"109,89";"109,89"
"36669";"SALEIRO PLASUTIL CLIC";"800";"21,000";"62,79";"62,79"
"8023";"SALEIRO PLASUTIL DEC 5109";"800";"8,000";"115,92";"115,92"
"23230";"SALEIRO PLASUTIL R2986";"800";"2,000";"11,98";"11,98"
"23232";"SALEIRO/PIMENTEIRO C/ALCA TAMPA 100ML";"800";"1,000";"8,99";"8,99"
"3180";"SALG ALFITOS 35G BACON";"800";"427,000";"764,33";"764,33"
"3250";"SALG ALFITOS 35G CEBOLA";"800";"760,000";"1.297,80";"1.297,80"
"3267";"SALG ALFITOS 35G CHURRASCO";"800";"633,000";"1.046,67";"1.046,67"
"3246";"SALG ALFITOS 35G FRANGO";"800";"265,000";"446,15";"446,15"
"3282";"SALG ALFITOS 35G PIZZA";"800";"806,000";"1.353,14";"1.353,14"
"3285";"SALG ALFITOS 35G PRESUNTO";"800";"884,000";"1.504,36";"1.504,36"
"3294";"SALG ALFITOS 35G QUEIJO";"800";"1.187,000";"2.010,13";"2.010,13"
"23266";"SALG BAT FREETAZ 2 0 COST BRA 100G";"800";"148,000";"1.589,52";"1.589,52"
"23267";"SALG BAT FREETAZ 2 0 OR C SAL 100G";"800";"120,000";"1.220,40";"1.220,40"
"23280";"SALG BAT RUFFLES TUBO 100G ORIG";"800";"2.319,000";"29.048,81";"21.573,81"
"33231";"SALG BAT RUFFLES TUBO 100G SOUR CREAM";"800";"129,000";"1.675,71";"1.660,71"
"23281";"SALG BAT WHAU COSTELA NA BRASA 50G";"800";"1,000";"5,39";"5,39"
"36239";"SALG BATATA LAYS 108G SAL MARINHO";"800";"64,000";"959,36";"959,36"
"37812";"SALG BATATA LAYS 62G SALT VINEGAR";"800";"107,000";"1.033,93";"912,43"
"37632";"SALG BATATA LAYS 62G SOUR CREAM";"800";"337,000";"3.252,13";"2.851,63"
"37616";"SALG BATATA LAYS COPA 62G PICANHA";"800";"128,000";"1.242,72";"1.137,72"
"37615";"SALG BATATA LAYS COPA 62G QJO";"800";"70,000";"674,30";"584,80"
"37612";"SALG BATATA LAYS COPA 62G TACO MEXICANO";"800";"117,000";"1.152,83";"1.010,33"
"37624";"SALG BATATA LAYS LISA 62G CLASSICA";"800";"399,000";"3.753,01";"3.319,51"
"3273";"SALG BATATA OND KEVYTOS 35G CHURRASCO";"800";"422,000";"1.599,38";"1.599,38"
"3193";"SALG BATATA OND PRATIC LEVE 40G BACON";"800";"246,000";"1.129,14";"1.129,14"
"3196";"SALG BATATA OND PRATIC LEVE 40G CEBOLA E SALSA";"800";"250,000";"1.147,50";"1.147,50"
"3194";"SALG BATATA OND PRATIC LEVE 40G CHURRASCO";"800";"213,000";"977,67";"977,67"
"3195";"SALG BATATA OND PRATIC LEVE 40G ORIGINAL";"800";"595,000";"2.731,05";"2.731,05"
"3274";"SALG BATATA OND YOKI 45G CHURRASCO";"800";"149,000";"1.011,71";"1.011,71"
"33251";"SALG BATATA PRINGLES 100G GAL CAIPIRA";"800";"4,000";"53,15";"53,15"
"33252";"SALG BATATA PRINGLES 100G PIM BIQUINHO";"800";"8,000";"101,89";"101,89"
"3232";"SALG BATATA PRINGLES 104G ORIGINAL";"800";"2.403,000";"27.716,82";"26.875,02"
"3229";"SALG BATATA PRINGLES 105G CHEDDAR BACON";"800";"359,000";"4.315,75";"4.126,12"
"3863";"SALG BATATA PRINGLES 105G PIZZA MARGUER";"800";"25,000";"359,75";"327,75"
"3224";"SALG BATATA PRINGLES 109G CHURRASCO";"800";"430,000";"5.277,06";"5.033,29"
"3226";"SALG BATATA PRINGLES 109G CREME E CEBOLA";"800";"515,000";"6.283,84";"6.025,01"
"3225";"SALG BATATA PRINGLES 109G QUEIJO";"800";"424,000";"5.199,47";"5.004,82"
"3203";"SALG BATATA PRINGLES 35G ORIGINAL";"800";"1.167,000";"6.523,53";"6.523,53"
"33232";"SALG BATATA RUFFLES 110G PIM MEXICANA";"800";"5,000";"69,95";"69,95"
"3220";"SALG BATATA RUFFLES 115G CEBOLA E SALSA";"800";"57,000";"800,23";"800,23"
"3222";"SALG BATATA RUFFLES 115G CHURRASCO";"800";"107,000";"1.499,73";"1.499,73"
"3221";"SALG BATATA RUFFLES 115G ORIGINAL";"800";"447,000";"6.280,13";"6.280,13"
"3238";"SALG BATATA RUFFLES 167G ORIGINAL";"800";"17,000";"339,83";"315,83"
"3198";"SALG BATATA RUFFLES 33G CEBOLA E SALSA";"800";"8,000";"41,72";"41,72"
"37614";"SALG BATATA RUFFLES 33G ORIG";"800";"1.790,000";"8.997,50";"8.997,50"
"3199";"SALG BATATA RUFFLES 33G ORIGINAL";"800";"78,000";"390,72";"390,72"
"33230";"SALG BATATA RUFFLES 65G PIM MEXICANA";"800";"33,000";"313,17";"313,17"
"3209";"SALG BATATA RUFFLES OND 68G CHURRASCO";"800";"12,000";"113,88";"113,88"
"3210";"SALG BATATA RUFFLES OND 68G ORIGINAL";"800";"432,000";"4.099,68";"4.099,68"
"23296";"SALG BATATA RUFFLES ORIG 270G";"800";"31,000";"867,69";"867,69"
"33690";"SALG BATATA WHAU 100G FGO SENSACIONAL";"800";"80,000";"1.019,40";"1.019,40"
"23299";"SALG BATATA WHAU ORIG C SAL 50G";"800";"86,000";"479,14";"479,14"
"3202";"SALG BATATA YOKITOS LISA 45G";"800";"139,000";"943,81";"943,81"
"3237";"SALG BATATA YOKITOS OND 180G C SAL";"800";"19,000";"414,01";"414,01"
"3201";"SALG BATATA YOKITOS OND 45G CEBOLA E SALSA";"800";"134,000";"862,16";"862,16"
"3219";"SALG BATATA YOKITOS OND 90G CHURRASCO";"800";"32,000";"434,88";"434,88"
"3218";"SALG BATATA YOKITOS OND 90G NATURAL";"800";"44,000";"597,96";"597,96"
"3200";"SALG BATATA YOKITOS OND NATURAL 45G C SAL";"800";"169,000";"1.147,51";"1.147,51"
"3186";"SALG BIG MAIS 90G BACON TRAD";"800";"115,000";"516,35";"516,35"
"3343";"SALG BOLA CHEETOS 125G QUEIJO SUICO";"800";"75,000";"1.124,25";"1.124,25"
"3310";"SALG BOLA CHEETOS 33G QUEIJO SUICO";"800";"112,000";"462,38";"462,38"
"3302";"SALG BOLINHA YOKITOS 45G QUEIJO";"800";"332,000";"1.324,68";"1.324,68"
"3346";"SALG CHEETOS 131G MIX DE QJOS";"800";"253,000";"3.792,47";"3.792,47"
"3309";"SALG CHEETOS 36G MIX DE QUEIJO";"800";"1.127,000";"5.060,23";"5.060,23"
"37606";"SALG CHEETOS BOLA QJO SUICO 33G";"800";"399,000";"1.831,41";"1.831,41"
"33233";"SALG CHEETOS CRUNCHY 120G PIM MEXICANA";"800";"58,000";"579,42";"579,42"
"23310";"SALG CHEETOS MCHEDDAR 160G";"800";"91,000";"1.364,09";"1.364,09"
"34525";"SALG CHEETOS ONDA REQUEIJAO 250G";"800";"368,000";"7.282,72";"7.282,72"
"3303";"SALG CONCHINHA YOKITOS 54G QUEIJO";"800";"244,000";"900,36";"900,36"
"3151";"SALG CROCANTISSIMO 40G CHURRASCO";"800";"682,000";"2.461,58";"2.461,58"
"3149";"SALG CROCANTISSIMO 40G PEITO PERU REQU";"800";"874,000";"3.160,76";"3.160,76"
"3133";"SALG CROCANTISSIMO 40G QUEIJO CEBOL";"800";"349,000";"1.383,81";"1.383,81"
"3150";"SALG CROCANTISSIMO 40G SALAME C LIMAO";"800";"727,000";"2.642,93";"2.642,93"
"3353";"SALG DORITOS 110G KETCHUP HEINZ";"800";"98,000";"1.469,02";"1.469,02"
"37629";"SALG DORITOS 11OG DINAMITA FLAMIN HOT";"800";"30,000";"269,70";"269,70"
"3349";"SALG DORITOS 120G QUEIJO NACHO";"800";"1.655,000";"24.078,85";"20.539,15"
"37633";"SALG DORITOS 183G QJO NACHO";"800";"547,000";"10.934,53";"10.934,53"
"3356";"SALG DORITOS 210G QUEIJO NACHO";"800";"21,000";"419,79";"419,79"
"37625";"SALG DORITOS 257G QJO NACHO";"800";"41,000";"1.147,59";"1.147,59"
"3320";"SALG DORITOS 32G QUEIJO NACHO";"800";"3.550,000";"17.714,50";"17.714,50"
"3319";"SALG DORITOS 32G SWEET CHILI";"800";"264,000";"1.317,36";"1.317,36"
"3337";"SALG DORITOS 75G QUEIJO NACHO";"800";"763,000";"7.622,37";"7.622,37"
"37631";"SALG DORITOS DINAMITA 110G PIM MEXICANA";"800";"9,000";"80,91";"80,91"
"3315";"SALG DORITOS DINAMITA 60G FLAMIN HOT";"800";"201,000";"1.002,99";"1.002,99"
"3316";"SALG DORITOS DINAMITA 60G PIM MEXICANA";"800";"199,000";"993,01";"993,01"
"34780";"SALG EL DORO QJO NACHO 100G";"800";"189,000";"2.032,81";"2.032,81"
"37608";"SALG ELMA CHIPS 35G CEBOLITOS";"800";"448,000";"2.235,52";"2.235,52"
"37600";"SALG ELMA CHIPS 36G BACONZITOS";"800";"448,000";"2.235,52";"2.235,52"
"3187";"SALG ELMA CHIPS 42G BACONZITOS";"800";"3,000";"14,97";"14,97"
"3255";"SALG ELMA CHIPS 45G CEBOLITOS";"800";"13,000";"64,87";"64,87"
"3189";"SALG ELMA CHIPS 86G BACONZITOS";"800";"200,000";"1.998,00";"1.998,00"
"3262";"SALG ELMA CHIPS 91G CEBOLITOS";"800";"165,000";"1.648,35";"1.648,35"
"37634";"SALG ELMA CHIPS BACONZITOS 130G";"800";"9,000";"134,91";"134,91"
"37638";"SALG ELMA CHIPS LANCHINHO SORT 94G";"800";"1.427,000";"19.963,73";"19.961,73"
"3176";"SALG ELMA CHIPS PINGO DOURO 120G PICANHA";"800";"564,000";"6.198,36";"6.198,36"
"3190";"SALG ELMA CHIPS PINGO DOURO 160G BACON";"800";"1.208,000";"13.251,92";"13.251,92"
"37627";"SALG ELMA CHIPS PINGO DOURO 30G BACON";"800";"498,000";"1.240,02";"1.240,02"
"3155";"SALG ELMA CHIPS PINGO DOURO 55G PICANHA";"800";"824,000";"4.935,76";"4.935,76"
"3157";"SALG ELMA CHIPS PINGO DOURO 76G BACON";"800";"1.370,000";"8.206,30";"8.205,30"
"3177";"SALG ELMA CHIPS STIKSY 160G";"800";"495,000";"5.440,05";"5.440,05"
"3156";"SALG ELMA CHIPS STIKSY 76G";"800";"500,000";"2.995,00";"2.995,00"
"3160";"SALG EQLIBRI PANETINI 40G PRESUNTO DEFUM";"800";"227,000";"1.132,73";"1.132,73"
"3161";"SALG EQLIBRI PANETINI 40G QUEIJO SUAVE";"800";"111,000";"553,89";"553,89"
"3159";"SALG EQLIBRI PANETINI 40G TOM TEMPERADO";"800";"31,000";"154,69";"154,69"
"3292";"SALG FANDANGOS 160G PRESUNTO";"800";"1.425,000";"20.769,75";"19.228,75"
"3347";"SALG FANDANGOS 160G QUEIJO";"800";"347,000";"5.093,53";"4.765,53"
"34526";"SALG FANDANGOS 250G PRES";"800";"293,000";"5.946,27";"5.943,27"
"3291";"SALG FANDANGOS 35G PRESUNTO";"800";"3.527,000";"14.067,73";"14.066,15"
"3308";"SALG FANDANGOS 35G QUEIJO";"800";"991,000";"3.954,09";"3.954,09"
"38140";"SALG FANDANGOS CHURRASCO 35G";"800";"182,000";"726,18";"726,18"
"3152";"SALG ITALIANY 100G";"800";"1.477,000";"7.076,53";"7.076,53"
"36523";"SALG JUMBITOS 55G CEBOLA";"800";"913,000";"1.964,27";"1.964,27"
"23358";"SALG JUMBITOS CHUR 55G";"800";"1.229,000";"2.903,51";"2.903,51"
"23359";"SALG JUMBITOS PRESUNTO 55G";"800";"1.200,000";"2.825,50";"2.825,50"
"23360";"SALG JUMBITOS QJO 55G";"800";"1.075,000";"2.527,25";"2.527,25"
"23361";"SALG JUMBITOS REQ 55G";"800";"1.004,000";"2.398,76";"2.398,76"
"3276";"SALG KEVYTOS 13G C 50 CHURRASCO";"800";"35,000";"682,15";"682,15"
"3183";"SALG KEVYTOS 55G BACON";"800";"241,000";"406,27";"406,27"
"3270";"SALG KEVYTOS 55G CHURRASCO";"800";"286,000";"476,74";"476,74"
"3153";"SALG KEVYTOS 80G BACONYTOS";"800";"277,000";"1.127,93";"1.127,93"
"3191";"SALG KEVYTOS BACON 13G C 50";"800";"67,000";"1.305,83";"1.305,83"
"3185";"SALG KEVYTOS BATATA ONDULADA 40G";"800";"281,000";"1.089,39";"1.089,39"
"33697";"SALG KEVYTOS PALITO 150G BACON";"800";"271,000";"1.295,29";"1.295,29"
"33698";"SALG KEVYTOS PALITO 150G ORIGINAL";"800";"376,000";"1.792,24";"1.792,24"
"3145";"SALG KEVYTOS PALIVYTOS 80G";"800";"398,000";"1.190,02";"1.190,02"
"3181";"SALG KEVYTOS SHOW 38G BACON";"800";"1.759,000";"2.626,81";"2.626,81"
"3251";"SALG KEVYTOS SHOW 38G CEBOLA";"800";"843,000";"1.260,37";"1.260,37"
"3269";"SALG KEVYTOS SHOW 38G CHURRASCO";"800";"1.108,000";"1.663,02";"1.663,02"
"3283";"SALG KEVYTOS SHOW 38G PIZZA";"800";"1.056,000";"1.581,84";"1.581,84"
"3287";"SALG KEVYTOS SHOW 38G PRESUNTO";"800";"1.586,000";"2.365,14";"2.365,14"
"3295";"SALG KEVYTOS SHOW 38G QUEIJO";"800";"1.444,000";"2.157,26";"2.157,26"
"3188";"SALG KLAIN BACON CROCANTE 100G";"800";"603,000";"4.637,07";"4.637,07"
"3275";"SALG KLAIN CROCANTE 100G CHURRASCO";"800";"500,000";"3.845,00";"3.845,00"
"23370";"SALG KRUKS 35G BACON";"800";"415,000";"520,65";"520,65"
"23371";"SALG KRUKS 35G CHURRASCO";"800";"496,000";"628,04";"628,04"
"23372";"SALG KRUKS 35G PRESUNTO";"800";"404,000";"503,36";"503,36"
"23373";"SALG KRUKS 35G QJO";"800";"294,000";"374,66";"374,66"
"3235";"SALG LAYS LISA 115G CLASSICA";"800";"325,000";"4.871,75";"4.871,75"
"3234";"SALG LAYS LISA 115G SOUR CREAM";"800";"104,000";"1.558,96";"1.558,96"
"3215";"SALG LAYS LISA 70G CLASSICA";"800";"115,000";"1.148,85";"1.148,85"
"3214";"SALG LAYS LISA 70G SOUR CREAM";"800";"7,000";"69,93";"69,93"
"3341";"SALG LUA CHEETOS 143G PARMESAO";"800";"557,000";"8.066,83";"7.424,63"
"3312";"SALG LUA CHEETOS 35G PARMESAO";"800";"1.575,000";"7.071,75";"7.071,75"
"3333";"SALG LUA YOKITOS 135G QUEIJO";"800";"36,000";"456,84";"456,84"
"23379";"SALG MAIS KRO BACON 200G";"800";"141,000";"1.393,59";"1.393,59"
"23380";"SALG MAIS KRO CEBOLA 100G";"800";"904,000";"4.092,96";"3.889,56"
"23381";"SALG MAIS KRO CHURR 100G";"800";"1.285,000";"6.172,35";"5.819,55"
"23382";"SALG MAIS KRO PRESUNTO 100G";"800";"2.054,000";"9.932,46";"9.378,66"
"23383";"SALG MAIS KRO QJO 100G";"800";"925,000";"4.424,55";"4.158,75"
"23384";"SALG MAIS KRO REQ 100G";"800";"906,000";"4.331,94";"4.068,54"
"3252";"SALG OBBA 100G CEBOLA E SALSA";"800";"562,000";"1.650,78";"1.650,78"
"3271";"SALG OBBA 100G CHURRASCO";"800";"612,000";"1.792,08";"1.792,08"
"3272";"SALG OBBA 100G PICANHA";"800";"430,000";"1.261,70";"1.261,70"
"3289";"SALG OBBA 100G PRESUNTO";"800";"831,000";"2.444,59";"2.444,09"
"3297";"SALG OBBA 100G QUEIJO";"800";"611,000";"1.668,99";"1.668,99"
"3298";"SALG OBBA 100G REQUEIJAO";"800";"432,000";"1.118,88";"1.118,88"
"3342";"SALG ONDA CHEETOS 160G REQUEIJAO";"800";"1.408,000";"20.278,72";"18.093,32"
"3311";"SALG ONDA CHEETOS 40G REQUEIJAO";"800";"3.330,000";"14.951,70";"14.951,70"
"3867";"SALG PALITINHO COROA 75G";"800";"452,000";"2.159,28";"2.159,28"
"23437";"SALG PASTELINA 100G BACON";"800";"176,000";"614,24";"614,24"
"23438";"SALG PASTELINA 100G CEBOLA SALSA";"800";"190,000";"663,10";"663,10"
"23439";"SALG PASTELINA 100G INTEG";"800";"117,000";"408,33";"408,33"
"3173";"SALG POPCORNERS 57G KETTLE CORN";"800";"53,000";"423,47";"423,47"
"3174";"SALG POPCORNERS 57G SEA SALT";"800";"12,000";"95,88";"95,88"
"3175";"SALG POPCORNERS 57G WHITE CHEDDAR";"800";"11,000";"87,89";"87,89"
"33689";"SALG RECREIO 102G C 5 SORTIDO";"800";"84,000";"1.007,16";"1.007,16"
"3336";"SALG REDINHA YOKITOS 135G QUEIJO";"800";"109,000";"1.285,11";"1.285,11"
"3299";"SALG REDINHA YOKITOS 45G QUEIJO";"800";"335,000";"1.335,65";"1.335,65"
"3147";"SALG ROMENA 90G TRAD";"800";"385,000";"1.343,65";"1.343,65"
"3306";"SALG SNACK CHEEZ IT 65G CHEDDAR";"800";"124,000";"620,96";"620,96"
"3307";"SALG SNACK CHEEZ IT 65G PARMESAO";"800";"97,000";"490,93";"490,93"
"23396";"SALG SNACK DOMELLY POLV 40G CEBOLA E SALSA";"800";"88,000";"439,12";"439,12"
"23397";"SALG SNACK DOMELLY POLV 40G QJO";"800";"118,000";"588,82";"588,82"
"23398";"SALG SNACK DOMELLY POLV 40G TRAD";"800";"141,000";"671,59";"671,59"
"10841";"SALG SUINO STA CLARA CARA ORELH KG";"800";"700,768";"10.629,83";"10.629,83"
"11786";"SALG SUINO STA CLARA PELE BDJ KG";"800";"363,824";"4.816,75";"4.816,75"
"11731";"SALG SUINO STA CLARA PES BDJ KG";"800";"596,289";"9.035,46";"9.035,46"
"11913";"SALG SUINO STA CLARA RABO BDJ KG";"800";"410,386";"7.844,21";"7.844,21"
"3259";"SALG TAKIS 49G FUEGO";"800";"789,000";"3.542,61";"3.542,61"
"3257";"SALG TAKIS 49G HOT CHILLI";"800";"657,000";"2.949,93";"2.949,93"
"3258";"SALG TAKIS 49G XPLOSION";"800";"459,000";"2.060,91";"2.060,91"
"34820";"SALG TAKIS INTENSE NACHO 56G";"800";"851,000";"3.820,99";"3.820,99"
"23406";"SALG TORC CEBOLA 60G";"800";"14,000";"48,86";"48,86"
"23407";"SALG TORC CHUR 100G";"800";"1.000,000";"4.990,00";"4.990,00"
"23414";"SALG TORC PIM MEXICANA 100G";"800";"331,000";"1.651,69";"1.651,69"
"3143";"SALG TORCIDA 35G BACON";"800";"2.216,000";"4.336,34";"4.034,84"
"3137";"SALG TORCIDA 35G CAMARAO PIMENTA";"800";"708,000";"1.379,42";"1.273,92"
"3138";"SALG TORCIDA 35G CEBOLA";"800";"2.339,000";"4.561,11";"4.210,61"
"3144";"SALG TORCIDA 35G CHURRASCO";"800";"1.171,000";"2.302,29";"2.147,79"
"3141";"SALG TORCIDA 35G COSTELINHA LIM";"800";"1.751,000";"3.453,99";"3.176,99"
"3140";"SALG TORCIDA 35G PAO DE ALHO";"800";"2.121,000";"4.136,79";"3.850,29"
"3136";"SALG TORCIDA 35G PIMENTA MEXICAN";"800";"542,000";"1.060,08";"986,58"
"3142";"SALG TORCIDA 35G QUEIJO";"800";"1.923,000";"3.763,32";"3.514,32"
"3192";"SALG TORCIDA VINAGRETE 35G";"800";"2.242,000";"4.421,08";"4.058,08"
"23430";"SALG TORREZNO BAC 45G";"800";"206,000";"962,94";"962,94"
"3330";"SALG TOSTITOS 110G PIM MEXICANA";"800";"8,000";"79,92";"79,92"
"3329";"SALG TOSTITOS 110G SAL MARINHO";"800";"96,000";"959,04";"959,04"
"3301";"SALG TUBINHO YOKITOS 45G QUEIJO";"800";"321,000";"1.280,79";"1.280,79"
"3261";"SALG YOKITOS 108G ANEIS CEBOLA";"800";"67,000";"803,33";"803,33"
"3254";"SALG YOKITOS 54G ANEIS CEBOLA";"800";"443,000";"1.767,57";"1.767,57"
"3359";"SALG YOKITOS CONCHINHA 153G PRESUNTO";"800";"80,000";"1.015,20";"1.015,20"
"3361";"SALG YOKITOS CONCHINHA 153G QUEIJO";"800";"89,000";"1.129,41";"1.129,41"
"3290";"SALG YOKITOS CONCHINHA 54G PRESUNTO";"800";"495,000";"1.826,55";"1.826,55"
"23441";"SALPASTELINA TRAD 100G";"800";"300,000";"1.047,00";"1.047,00"
"11970";"SALSA TEMPERO";"800";"117,000";"408,33";"408,33"
"8030";"SALSICHA AURORA 500G HOT DOG";"800";"80,000";"1.440,05";"1.440,05"
"8029";"SALSICHA AURORA FGO 500G";"800";"37,000";"607,10";"607,10"
"35325";"SALSICHA EXCELSIOR 19CM KG";"800";"163,739";"1.308,35";"1.308,35"
"11971";"SALSICHA EXCELSIOR 23CM 2KG";"800";"125,000";"4.131,90";"4.131,90"
"32296";"SALSICHA EXCELSIOR CURTA KG";"800";"4,753";"35,61";"35,61"
"11974";"SALSICHA EXCELSIOR DEFUM 18CM 2KG ";"800";"160,000";"5.110,56";"5.110,56"
"11976";"SALSICHA EXCELSIOR FGO 12CM 2KG ";"800";"23,000";"872,46";"872,46"
"8028";"SALSICHA EXCELSIOR FGO 320G";"800";"22,000";"288,51";"288,51"
"8032";"SALSICHA EXCELSIOR HOT DOG 400G";"800";"49,000";"979,51";"979,51"
"11977";"SALSICHA EXCELSIOR LONGA 23CM KG";"800";"178,428";"3.745,24";"3.745,24"
"32297";"SALSICHA EXCELSIOR LONGA 26CM KG";"800";"5,656";"76,29";"76,29"
"11979";"SALSICHA EXCELSIOR MED 19CM PCT 2KG";"800";"1.017,000";"16.251,66";"16.251,66"
"11980";"SALSICHA EXCELSIOR MEDIA 18CM KG";"800";"24,570";"381,14";"381,14"
"2428";"SALSICHA HOT DOG ODERICH 230G";"800";"103,000";"860,29";"860,29"
"11984";"SALSICHA MAIS FGO LONGA 1 5KG";"800";"526,000";"7.884,74";"7.884,74"
"32299";"SALSICHA MAIS FRANGO LONGA KG";"800";"56,942";"568,86";"568,86"
"11986";"SALSICHA NOBRE 3KG";"800";"8.009,000";"206.566,63";"170.975,61"
"11985";"SALSICHA NOBRE KG";"848";"166,000";"1.442,54";"1.442,54"
"11985";"SALSICHA NOBRE KG";"800";"12.748,775";"124.920,97";"110.000,50"
"34522";"SALSICHA PERDIGAO 500G DEFUMADA";"800";"28,000";"504,60";"504,60"
"8035";"SALSICHA PERDIGAO 500G HOT DOG";"800";"85,000";"1.175,85";"1.175,85"
"8036";"SALSICHA PERDIGAO 500G HOT DOG FRAN";"800";"59,000";"1.053,91";"1.053,91"
"11988";"SALSICHA PERDIGAO S CORANTE KG";"800";"2,566";"46,17";"46,17"
"2430";"SALSICHA PERITIF ODERICH 160G";"800";"159,000";"1.118,20";"1.118,20"
"8037";"SALSICHA SADIA 500G HOT DOG SAH";"800";"115,000";"2.229,85";"2.229,85"
"2436";"SALSICHA VIENA ODERICH 180G";"800";"529,000";"3.168,71";"3.168,71"
"11992";"SAMBIQUIRA FGO BIG 1KG";"800";"1.687,000";"8.524,21";"8.524,21"
"11993";"SAMBIQUIRA FGO PERDIGAO 1KG";"800";"535,000";"4.515,05";"4.498,05"
"23453";"SAND GRANDENE INF CAVALINHO INTER 28";"800";"1,000";"49,90";"49,90"
"23455";"SAND GRANDENE INF CAVALINHO INTER 31/32";"800";"1,000";"49,90";"49,90"
"34907";"SAND HAV SLIM MARINHO 33 34";"800";"1,000";"22,99";"22,99"
"23460";"SAND HAVAIANAS ALOHA OLIVE 41/42";"800";"1,000";"37,99";"37,99"
"4728";"SAND HAVAIANAS BRASIL AZL NAVAL 35 36";"800";"1,000";"49,99";"49,99"
"4729";"SAND HAVAIANAS BRASIL AZL NAVAL 37 38";"800";"6,000";"299,94";"299,94"
"4730";"SAND HAVAIANAS BRASIL AZL NAVAL 39 40";"800";"23,000";"1.149,77";"1.149,77"
"4731";"SAND HAVAIANAS BRASIL AZL NAVAL 41 42";"800";"26,000";"1.299,74";"1.299,74"
"4732";"SAND HAVAIANAS BRASIL AZL NAVAL 43 44";"800";"10,000";"499,90";"499,90"
"4733";"SAND HAVAIANAS BRASIL BCO 35 36";"800";"10,000";"499,90";"499,90"
"4734";"SAND HAVAIANAS BRASIL BCO 37 38";"800";"14,000";"699,86";"699,86"
"4735";"SAND HAVAIANAS BRASIL BCO 39 40";"800";"15,000";"749,85";"749,85"
"4736";"SAND HAVAIANAS BRASIL BCO 41 42";"800";"30,000";"1.499,70";"1.489,61"
"4737";"SAND HAVAIANAS BRASIL BCO 43 44";"800";"10,000";"499,90";"499,90"
"36218";"SAND HAVAIANAS BRASIL MARINHO 37 38";"800";"2,000";"99,98";"99,98"
"36221";"SAND HAVAIANAS BRASIL MARINHO 39 40";"800";"5,000";"249,95";"249,95"
"36220";"SAND HAVAIANAS BRASIL MARINHO 41 42";"800";"17,000";"849,83";"849,83"
"36222";"SAND HAVAIANAS BRASIL MARINHO 43 44";"800";"26,000";"1.299,74";"1.299,74"
"4739";"SAND HAVAIANAS BRASIL PRETO 35 6";"800";"2,000";"99,98";"99,98"
"4741";"SAND HAVAIANAS BRASIL PRETO 39 0";"800";"14,000";"699,86";"699,86"
"4742";"SAND HAVAIANAS BRASIL PRETO 41 2";"800";"8,000";"399,92";"399,92"
"4743";"SAND HAVAIANAS BRASIL PRETO 43 4";"800";"19,000";"949,81";"949,81"
"34082";"SAND HAVAIANAS COLOR ESSENTIAL CAFE 37 38";"800";"1,000";"34,99";"34,99"
"34083";"SAND HAVAIANAS COLOR ESSENTIAL CAFE 39 40";"800";"3,000";"104,97";"104,97"
"34084";"SAND HAVAIANAS COLOR ESSENTIAL CAFE 41 42";"800";"3,000";"104,97";"104,97"
"34085";"SAND HAVAIANAS COLOR ESSENTIAL CAFE 43 44";"800";"3,000";"104,97";"104,97"
"23489";"SAND HAVAIANAS ELEGANCE ROSA CROCUS 39/40";"800";"1,000";"27,99";"27,99"
"36383";"SAND HAVAIANAS HYPE PT LAR 39 40";"800";"1,000";"52,99";"52,99"
"23499";"SAND HAVAIANAS HYPE PT/LAR 41/42";"800";"1,000";"52,99";"52,99"
"34044";"SAND HAVAIANAS KIDS ATHLET BCO AZL 29 30";"800";"2,000";"67,98";"67,98"
"34045";"SAND HAVAIANAS KIDS ATHLET BCO AZL 31 32";"800";"1,000";"33,99";"33,99"
"34046";"SAND HAVAIANAS KIDS ATHLET BCO AZL 33 34";"800";"3,000";"101,97";"101,97"
"34047";"SAND HAVAIANAS KIDS ATHLET BCO AZL 35 36";"800";"1,000";"33,99";"33,99"
"34060";"SAND HAVAIANAS KIDS FLORES FLUX RSA 33 34";"800";"1,000";"35,99";"35,99"
"34075";"SAND HAVAIANAS KIDS SLIM PRINC RSA 29 30";"800";"1,000";"55,99";"55,99"
"34073";"SAND HAVAIANAS KIDS SLIM PRINC RSA 31 32";"800";"3,000";"167,97";"167,97"
"34072";"SAND HAVAIANAS KIDS SLIM PRINC RSA 35 36";"800";"1,000";"55,99";"55,99"
"34067";"SAND HAVAIANAS SLIM ANIMALS RSE GLD 37 38";"800";"3,000";"134,97";"134,97"
"34066";"SAND HAVAIANAS SLIM ANIMALS RSE GLD 39 40";"800";"2,000";"89,98";"89,98"
"34087";"SAND HAVAIANAS SLIM BAS SUNSET LAR 37 38";"800";"2,000";"83,98";"83,98"
"34048";"SAND HAVAIANAS SLIM SQUARE CAFE 35 36";"800";"1,000";"48,99";"48,99"
"34049";"SAND HAVAIANAS SLIM SQUARE CAFE 37 38";"800";"1,000";"48,99";"48,99"
"34052";"SAND HAVAIANAS SLIM SQUARE CAN CLAY 37 38";"800";"2,000";"97,98";"97,98"
"34053";"SAND HAVAIANAS SLIM SQUARE CAN CLAY 39 40";"800";"2,000";"97,98";"97,98"
"34055";"SAND HAVAIANAS TIMES GREMIO 37 38";"800";"1,000";"59,99";"59,99"
"34056";"SAND HAVAIANAS TIMES GREMIO 39 40";"800";"1,000";"59,99";"59,99"
"34057";"SAND HAVAIANAS TIMES GREMIO 41 42";"800";"1,000";"59,99";"59,99"
"34058";"SAND HAVAIANAS TIMES GREMIO 43 44";"800";"2,000";"119,98";"119,98"
"34062";"SAND HAVAIANAS TIMES INTER 37 38";"800";"2,000";"119,98";"119,98"
"34063";"SAND HAVAIANAS TIMES INTER 39 40";"800";"1,000";"59,99";"59,99"
"34064";"SAND HAVAIANAS TIMES INTER 41 42";"800";"2,000";"119,98";"119,98"
"34065";"SAND HAVAIANAS TIMES INTER 43 44";"800";"4,000";"239,96";"239,96"
"36213";"SAND HAVAIANAS TOP AMARELO 35 36";"800";"6,000";"191,94";"189,85"
"36215";"SAND HAVAIANAS TOP AMARELO 37 38";"800";"5,000";"159,95";"153,68"
"36216";"SAND HAVAIANAS TOP AMARELO 39 40";"800";"1,000";"31,99";"31,99"
"23535";"SAND HAVAIANAS TOP ATHLETIC AZL BCO 41 42";"800";"1,000";"32,99";"32,99"
"23536";"SAND HAVAIANAS TOP ATHLETIC AZL BCO 43 44";"800";"1,000";"32,99";"32,99"
"34077";"SAND HAVAIANAS TOP ATHLETIC GRAFITE 39 40";"800";"3,000";"95,97";"95,97"
"34078";"SAND HAVAIANAS TOP ATHLETIC GRAFITE 41 42";"800";"1,000";"31,99";"31,99"
"34079";"SAND HAVAIANAS TOP ATHLETIC GRAFITE 43 44";"800";"3,000";"95,97";"95,97"
"4789";"SAND HAVAIANAS TOP AZL NAVAL 35 36";"800";"4,000";"127,96";"121,69"
"4790";"SAND HAVAIANAS TOP AZL NAVAL 39 40";"800";"14,000";"447,86";"441,59"
"4791";"SAND HAVAIANAS TOP AZL NAVAL 41 42";"800";"44,000";"1.407,56";"1.376,21"
"4792";"SAND HAVAIANAS TOP AZL NAVAL 43 44";"800";"28,000";"895,72";"864,37"
"4825";"SAND HAVAIANAS TOP BALLET RSA 37 38";"800";"3,000";"104,97";"94,79"
"34573";"SAND HAVAIANAS TOP BALLET RSA 41 42";"800";"15,000";"479,85";"471,49"
"23543";"SAND HAVAIANAS TOP BASIC BC 31/32";"800";"1,000";"31,99";"31,99"
"23545";"SAND HAVAIANAS TOP BASIC PT/BC 41/42";"800";"1,000";"34,99";"34,99"
"4795";"SAND HAVAIANAS TOP BCO 35 36";"800";"4,000";"127,96";"123,78"
"4796";"SAND HAVAIANAS TOP BCO 37 38";"800";"19,000";"607,81";"589,00"
"4797";"SAND HAVAIANAS TOP BCO 39 40";"800";"12,000";"383,88";"371,34"
"4798";"SAND HAVAIANAS TOP BCO 41 42";"800";"8,000";"253,83";"251,74"
"4799";"SAND HAVAIANAS TOP BCO 43 44";"800";"19,000";"595,27";"582,73"
"23548";"SAND HAVAIANAS TOP CORES AZL NAVAL 37 38";"800";"9,000";"287,91";"275,37"
"4807";"SAND HAVAIANAS TOP MARINHO 33 34";"800";"1,000";"31,99";"31,99"
"4811";"SAND HAVAIANAS TOP MARINHO 41 42";"800";"2,000";"63,98";"63,98"
"4819";"SAND HAVAIANAS TOP PTO 35 36";"800";"1,000";"29,90";"29,90"
"4820";"SAND HAVAIANAS TOP PTO 37 38";"800";"19,000";"599,45";"582,73"
"4821";"SAND HAVAIANAS TOP PTO 39 40";"800";"42,000";"1.337,31";"1.295,51"
"4822";"SAND HAVAIANAS TOP PTO 41 42";"800";"14,000";"435,32";"435,32"
"4823";"SAND HAVAIANAS TOP PTO 43 44";"800";"25,000";"797,66";"780,94"
"36331";"SAND HAVAIANAS TOP ROSE GOLD 35 36";"800";"9,000";"285,82";"281,64"
"36330";"SAND HAVAIANAS TOP ROSE GOLD 39 40";"800";"18,000";"567,46";"544,47"
"36329";"SAND HAVAIANAS TOP ROSE GOLD 41 42";"800";"2,000";"63,98";"61,89"
"36227";"SAND HAVAIANAS TOP TIRAS CAFE 35 36";"800";"7,000";"223,93";"215,57"
"36226";"SAND HAVAIANAS TOP TIRAS CAFE 37 38";"800";"16,000";"511,84";"495,12"
"36224";"SAND HAVAIANAS TOP TIRAS CAFE 39 40";"800";"11,000";"351,89";"335,17"
"36225";"SAND HAVAIANAS TOP TIRAS CAFE 41 42";"800";"23,000";"725,32";"708,60"
"23530";"SAND HAVAIANAS TOP VDE PATRIA 35 36";"800";"2,000";"71,98";"71,98"
"23550";"SAND HAVAIANAS TRACK GO 39/40";"800";"1,000";"35,99";"35,99"
"23552";"SAND HAVAIANAS TRACK GO 43/44";"800";"4,000";"143,96";"143,96"
"23557";"SAND HAVAIANAS TRAD AZL 41 42";"800";"12,000";"335,88";"331,88"
"9036";"SAND HAVAIANAS TRAD AZUL 35 36";"800";"11,000";"307,89";"307,89"
"9037";"SAND HAVAIANAS TRAD AZUL 37 38";"800";"7,000";"195,93";"195,93"
"9038";"SAND HAVAIANAS TRAD AZUL 39 40";"800";"3,000";"83,97";"83,97"
"9039";"SAND HAVAIANAS TRAD AZUL 43/44";"800";"4,000";"111,96";"111,96"
"23559";"SAND HAVAIANAS TRAD PTO 27 28";"800";"1,000";"27,99";"27,99"
"23562";"SAND HAVAIANAS TRAD PTO 37 38";"800";"11,000";"307,89";"307,89"
"23567";"SAND HAVAIANAS TUBE BRISA LILAS 35/36";"800";"1,000";"24,99";"24,99"
"23571";"SAND HAVAIANAS TUBE DOURADO 33/34";"800";"1,000";"24,99";"24,99"
"23573";"SAND HAVAIANAS TUBE DOURADO 37/38";"800";"1,000";"24,99";"24,99"
"23575";"SAND HAVAIANAS TUBE PINK 35/36";"800";"3,000";"74,97";"74,97"
"23576";"SAND HAVAIANAS TUBE PINK LEMONADE 33/34";"800";"1,000";"24,99";"24,99"
"23581";"SAND HAVAIANAS TUBE PTA 35/36";"800";"3,000";"74,97";"74,97"
"23582";"SAND HAVAIANAS TUBE PTA 37/38";"800";"1,000";"24,99";"24,99"
"37376";"SAND IPA CARTAGO MONT PTO MAR 39";"800";"1,000";"67,99";"67,99"
"37378";"SAND IPA CARTAGO MONT PTO MAR 40";"800";"1,000";"67,99";"67,99"
"37382";"SAND IPA CARTAGO MONT PTO MAR 41";"800";"3,000";"203,97";"203,97"
"37387";"SAND IPA CARTAGO MONT PTO MAR 43 44";"800";"1,000";"67,99";"67,99"
"34858";"SAND IPA MORMAI TROP 39 40 AZL VRM";"800";"2,000";"107,98";"107,98"
"34112";"SAND IPA MORMAII TROP PTO VDE 39 40 PTO VDE 39 40";"800";"3,000";"158,97";"158,97"
"34111";"SAND IPA MORMAII TROP PTO VDE 41 42 PTO VDE 41 42";"800";"5,000";"264,95";"264,95"
"34110";"SAND IPA MORMAII TROP PTO VDE 43 44 PTO VDE 43 44";"800";"3,000";"158,97";"158,97"
"23964";"SAND IPA RIDER FEEL AZL VRD 39 40 ";"800";"2,000";"83,98";"83,98"
"23965";"SAND IPA RIDER FEEL AZL VRD 41 42";"800";"2,000";"83,98";"83,98"
"36601";"SAND IPAN CLAS AZ BCO 43 44";"800";"7,000";"181,93";"181,93"
"35606";"SAND IPANEMA AD AZ 39 40";"800";"2,000";"79,98";"79,98"
"23591";"SAND IPANEMA ANATOMICA SURF AZ/BR 39/40";"800";"1,000";"27,99";"27,99"
"23592";"SAND IPANEMA ANATOMICA SURF AZ/BR 41/42";"800";"2,000";"55,98";"55,98"
"23645";"SAND IPANEMA BARBIE ENCANTO RS/RS 27/28";"800";"2,000";"69,98";"69,98"
"23646";"SAND IPANEMA BARBIE ENCANTO RS/RS 29/30";"800";"1,000";"34,99";"34,99"
"23647";"SAND IPANEMA BARBIE ENCANTO RS/RS 31/32";"800";"1,000";"34,99";"34,99"
"35343";"SAND IPANEMA BRA BCO AZL 40";"800";"3,000";"119,97";"119,97"
"35344";"SAND IPANEMA BRA BCO AZL 41";"800";"4,000";"159,96";"159,96"
"35345";"SAND IPANEMA BRA BCO AZL 42";"800";"1,000";"39,99";"39,99"
"35339";"SAND IPANEMA BRA PTO BCO 43 44";"800";"1,000";"39,99";"39,99"
"36435";"SAND IPANEMA BRASIL AD BC BC 39 40";"800";"3,000";"119,97";"119,97"
"36417";"SAND IPANEMA BRASIL AD BC BC 41 42";"800";"7,000";"279,93";"279,93"
"36452";"SAND IPANEMA BRASIL AD BC BC 43 44";"800";"3,000";"119,97";"119,97"
"23662";"SAND IPANEMA BRASIL AD BC/BC 37/38";"800";"2,000";"79,98";"79,98"
"36454";"SAND IPANEMA BRASIL AZ BC 37 38";"800";"1,000";"39,99";"39,99"
"35599";"SAND IPANEMA BRASIL AZ BC 39 40";"800";"2,000";"79,98";"79,98"
"36818";"SAND IPANEMA BRASIL AZ BC 41 42";"800";"1,000";"39,99";"39,99"
"23664";"SAND IPANEMA BRASIL BC/RS 35";"800";"1,000";"39,99";"39,99"
"23665";"SAND IPANEMA BRASIL BC/RS 36";"800";"1,000";"39,99";"39,99"
"36513";"SAND IPANEMA BRASIL CHIC AZ AZ VD 3";"800";"1,000";"38,99";"38,99"
"37426";"SAND IPANEMA BRASIL PT PT 39 40";"800";"1,000";"39,99";"39,99"
"23677";"SAND IPANEMA BRASIL RS/RS/VD 37/38";"800";"2,000";"79,98";"79,98"
"34149";"SAND IPANEMA BRASIL RSA RSA 35";"800";"3,000";"119,97";"119,97"
"34148";"SAND IPANEMA BRASIL RSA RSA 36";"800";"1,000";"39,99";"39,99"
"34147";"SAND IPANEMA BRASIL RSA RSA 37 38";"800";"1,000";"39,99";"39,99"
"34161";"SAND IPANEMA CARTAGO ARIZONA MAR 37 38";"800";"1,000";"59,99";"59,99"
"34873";"SAND IPANEMA CARTAGO ARIZONA PTO CZA 37 38";"800";"2,000";"119,98";"119,98"
"34872";"SAND IPANEMA CARTAGO ARIZONA PTO CZA 39";"800";"1,000";"59,99";"59,99"
"23694";"SAND IPANEMA CARTAGO ATLANTA 40";"800";"1,000";"52,39";"52,39"
"35600";"SAND IPANEMA CLAS AZ BC 39 40";"800";"3,000";"74,97";"74,97"
"35598";"SAND IPANEMA CLASS AZ BC 41 42";"800";"2,000";"51,98";"51,98"
"35610";"SAND IPANEMA CLASS VIO LL 27 28";"800";"1,000";"24,99";"24,99"
"23704";"SAND IPANEMA CLASSIC AZ/AZ 37/38";"800";"1,000";"25,99";"25,99"
"23705";"SAND IPANEMA CLASSIC AZ/AZ 39/40";"800";"4,000";"103,96";"103,96"
"23706";"SAND IPANEMA CLASSIC AZ/AZ 41/42";"800";"2,000";"51,98";"51,98"
"23709";"SAND IPANEMA CLASSIC BC 37/38";"800";"1,000";"25,99";"25,99"
"23711";"SAND IPANEMA CLASSIC BC 41/42";"800";"2,000";"51,98";"51,98"
"23712";"SAND IPANEMA CLASSIC BC 43/44";"800";"4,000";"103,96";"103,96"
"23732";"SAND IPANEMA CLASSIC INF AZ/AZ 27/28";"800";"3,000";"74,97";"74,97"
"23733";"SAND IPANEMA CLASSIC INF AZ/AZ 29/30";"800";"4,000";"99,96";"99,96"
"23734";"SAND IPANEMA CLASSIC INF AZ/AZ 31/32";"800";"2,000";"49,98";"49,98"
"23737";"SAND IPANEMA CLASSIC INF ROSA 27/28";"800";"1,000";"24,99";"24,99"
"23738";"SAND IPANEMA CLASSIC INF ROSA 29/30";"800";"1,000";"24,99";"24,99"
"23739";"SAND IPANEMA CLASSIC INF ROSA 31/32";"800";"8,000";"199,92";"199,92"
"23741";"SAND IPANEMA CLASSIC INF VIO/LL 31/32";"800";"1,000";"24,99";"24,99"
"23715";"SAND IPANEMA CLASSIC PT/PT 41/42";"800";"5,000";"129,95";"129,95"
"23716";"SAND IPANEMA CLASSIC PT/PT 43/44";"800";"3,000";"77,97";"77,97"
"35608";"SAND IPANEMA CLASSICO BC 45 46";"800";"1,000";"24,99";"24,99"
"34279";"SAND IPANEMA DAY RSA VDE 33 34";"800";"2,000";"55,98";"55,98"
"34280";"SAND IPANEMA DAY RSA VDE 35";"800";"1,000";"27,99";"27,99"
"34281";"SAND IPANEMA DAY RSA VDE 36";"800";"1,000";"27,99";"27,99"
"34242";"SAND IPANEMA DISNEY SWEET LIL AZL 22";"800";"1,000";"83,99";"83,99"
"34244";"SAND IPANEMA DISNEY SWEET LIL AZL 25";"800";"1,000";"83,99";"83,99"
"34131";"SAND IPANEMA FANTASIA INF BG AZ VM 27 28";"800";"1,000";"29,99";"29,99"
"34134";"SAND IPANEMA FANTASIA INF RSA AZL 33 34";"800";"1,000";"29,99";"29,99"
"34876";"SAND IPANEMA FANTASIA INF VD VD LR 27 28";"800";"2,000";"59,98";"59,98"
"34877";"SAND IPANEMA FANTASIA INF VD VD LR 29 30";"800";"4,000";"119,96";"119,96"
"34878";"SAND IPANEMA FANTASIA INF VD VD LR 31 32";"800";"7,000";"209,93";"209,93"
"34879";"SAND IPANEMA FANTASIA INF VD VD LR 33 34";"800";"1,000";"29,99";"29,99"
"34143";"SAND IPANEMA FANTASIA INF VDE RSA 27 28";"800";"2,000";"59,98";"59,98"
"23790";"SAND IPANEMA FEM AD BCO/BCO 33/34";"800";"3,000";"74,97";"74,97"
"23791";"SAND IPANEMA FEM AD BCO/BCO 36";"800";"3,000";"74,97";"74,97"
"23799";"SAND IPANEMA FEM AD RS/RS 35";"800";"3,000";"74,97";"74,97"
"23800";"SAND IPANEMA FEM AD RS/RS 36";"800";"2,000";"49,98";"49,98"
"23801";"SAND IPANEMA FEM AD RS/RS 37/38";"800";"1,000";"24,99";"24,99"
"34184";"SAND IPANEMA GLOW BGE COBR 35";"800";"1,000";"34,99";"34,99"
"34182";"SAND IPANEMA GLOW BGE COBR 37";"800";"2,000";"69,98";"69,98"
"34181";"SAND IPANEMA GLOW BGE COBR 38";"800";"1,000";"34,99";"34,99"
"34172";"SAND IPANEMA GLOW DAND INF RSA DOUR 29";"800";"1,000";"43,99";"43,99"
"34177";"SAND IPANEMA GLOW RSA DOU 36";"800";"1,000";"34,99";"34,99"
"34175";"SAND IPANEMA GLOW RSA DOU 38";"800";"1,000";"34,99";"34,99"
"23816";"SAND IPANEMA HAPPY BG/OU/MR 33/34";"800";"1,000";"31,99";"31,99"
"34863";"SAND IPANEMA HYPE INF BG MR GL 27 28";"800";"4,000";"175,96";"175,96"
"34864";"SAND IPANEMA HYPE INF BG MR GL 29 30";"800";"1,000";"43,99";"43,99"
"23834";"SAND IPANEMA INF PT/PT 29/30";"800";"1,000";"24,99";"24,99"
"34259";"SAND IPANEMA MORMAII NEOCYCLE BGE AZL 41 42";"800";"1,000";"67,99";"67,99"
"23918";"SAND IPANEMA MORMAII TROP 39 40 AZL BCA";"800";"1,000";"56,99";"56,99"
"34117";"SAND IPANEMA MORMAII TROP 39 40 PTO LAR";"800";"2,000";"113,98";"113,98"
"34859";"SAND IPANEMA MORMAII TROP 41 42 AZL VRM";"800";"1,000";"52,99";"52,99"
"34116";"SAND IPANEMA MORMAII TROP 41 42 PTO LAR";"800";"1,000";"59,99";"59,99"
"34860";"SAND IPANEMA MORMAII TROP 43 44 AZL VRM";"800";"1,000";"52,99";"52,99"
"23930";"SAND IPANEMA NAVY AZ/OU/BC 35";"800";"2,000";"69,98";"69,98"
"23953";"SAND IPANEMA RIDER FEEL DEDO AZ 29";"800";"1,000";"41,99";"41,99"
"34108";"SAND IPANEMA RIDER FEEL URBAN CIN VDE 39 40";"800";"1,000";"41,99";"41,99"
"34106";"SAND IPANEMA RIDER FEEL URBAN CIN VDE 41 42";"800";"1,000";"39,99";"39,99"
"34095";"SAND IPANEMA RIDER PULSE BG PT BC 39 40";"800";"2,000";"135,98";"135,98"
"34094";"SAND IPANEMA RIDER PULSE BG PT BC 41 42";"800";"2,000";"135,98";"135,98"
"23991";"SAND IPANEMA SEM IGUAL AZ/VD 35";"800";"1,000";"39,99";"39,99"
"34119";"SAND IPANEMA SEM IGUAL BCO VDE 35";"800";"1,000";"47,99";"47,99"
"34120";"SAND IPANEMA SEM IGUAL BCO VDE 36";"800";"1,000";"47,99";"47,99"
"34121";"SAND IPANEMA SEM IGUAL BCO VDE 37 38";"800";"2,000";"95,98";"95,98"
"34277";"SAND IPANEMA TEMAS INF FE LI PER 29 30";"800";"1,000";"33,90";"33,90"
"34271";"SAND IPANEMA TEMAS INF PTO VRM 29 30";"800";"1,000";"33,90";"33,90"
"34218";"SAND IPANEMA TRENDY PRINT BG OUR MR 36";"800";"1,000";"54,99";"54,99"
"11998";"SANDUICHE NATURAL UN";"800";"1.414,365";"8.417,85";"8.315,86"
"11996";"SANDUICHE SALAME BAKLIZI UN";"800";"1.103,233";"6.568,97";"6.491,98"
"35901";"SANDUICHEIRA MICKEY 3D";"800";"3,000";"29,97";"29,97"
"35092";"SANDUICHEIRA MINNIE 3D";"800";"8,000";"79,92";"79,92"
"24043";"SANDUICHEIRA PLASUTIL CAPIVARA";"800";"3,000";"29,97";"29,97"
"8038";"SANDUICHEIRA PLASUTIL HOMEM ARAN 5427";"800";"1,000";"9,99";"9,99"
"24048";"SANDUICHEIRA PLASUTIL JURASSIC BABY";"800";"1,000";"10,99";"10,99"
"8039";"SANDUICHEIRA PLASUTIL MICKEY 6581";"800";"6,000";"59,94";"59,94"
"8040";"SANDUICHEIRA PLASUTIL MINNIE 5846";"800";"2,000";"19,98";"19,98"
"24050";"SANDUICHEIRA PLASUTIL MIRACULOUS";"800";"1,000";"9,99";"9,99"
"24054";"SANDUICHEIRA PLASUTIL STITCH";"800";"7,000";"69,93";"69,93"
"24056";"SANDUICHEIRA SANREMO PLAST AZUL";"800";"1,000";"8,99";"8,99"
"8043";"SAPOLIO CREMOSO YPE 300ML ORIGINAL";"800";"72,000";"777,20";"777,20"
"8045";"SAPONACEO CREM CIF 250ML BCO";"800";"60,000";"859,66";"859,66"
"8046";"SAPONACEO CREM CIF 250ML LARANJA";"800";"115,000";"1.673,10";"1.673,10"
"8047";"SAPONACEO CREM CIF 250ML LIMAO";"800";"70,000";"1.009,67";"1.009,67"
"8048";"SAPONACEO CREM CIF 450ML BC GTS 20";"800";"126,000";"2.140,74";"2.140,74"
"8049";"SAPONACEO CREM CIF 450ML BCO";"800";"108,000";"2.232,26";"2.232,26"
"8050";"SAPONACEO CREM CIF 450ML LARANJA";"800";"26,000";"546,17";"546,17"
"8051";"SAPONACEO CREM CIF 450ML LIMAO";"800";"47,000";"955,00";"955,00"
"8042";"SAPONACEO CREM CIF L250P200 BCO";"800";"12,000";"143,88";"143,88"
"24061";"SAPONACEO CREM FONT 250ML CITRUS";"800";"100,000";"999,00";"999,00"
"24062";"SAPONACEO CREM FONT 250ML CLORO";"800";"83,000";"829,17";"829,17"
"24063";"SAPONACEO CREM FONT 250ML LAVANDA";"800";"112,000";"1.118,88";"1.118,88"
"8052";"SAPONACEO CREM GIRANDO SOL 300ML ORIGINAL";"800";"146,000";"1.093,34";"1.093,34"
"24068";"SAPONACEO PO FONT 300G CLORO R 140123";"800";"106,000";"719,74";"719,74"
"24069";"SAPONACEO PO FONT 300G LIMAO R 140116";"800";"137,000";"930,23";"930,23"
"24070";"SAQUINHOS COLETOR FEZES INGA C 3";"800";"1,000";"7,29";"7,29"
"2457";"SARDINHA 88 125G MOLHO DE TOMATE";"800";"246,000";"1.940,94";"1.940,94"
"2455";"SARDINHA 88 125G OLEO";"800";"1.309,000";"10.328,01";"10.328,01"
"2463";"SARDINHA C OLEO G COSTA LT 125G MOLHO DE TOMATE";"800";"348,000";"2.954,52";"2.954,52"
"2465";"SARDINHA C OLEO G COSTA LT 125G OLEO";"800";"631,000";"5.357,19";"5.357,19"
"2466";"SARDINHA COQUEIRO 125G MOLHO DE TOMATE";"800";"1.179,000";"8.844,31";"7.661,51"
"2468";"SARDINHA COQUEIRO 125G OLEO";"800";"3.857,000";"28.715,13";"25.580,77"
"2451";"SARDINHA NAUTIQUE 125G MOLHO DE TOMATE";"800";"936,000";"5.606,64";"5.606,64"
"2448";"SARDINHA NAUTIQUE 125G OLEO";"800";"1.720,000";"10.302,80";"10.302,80"
"2448";"SARDINHA NAUTIQUE 125G OLEO";"810";"4,000";"23,96";"23,96"
"24081";"SC ASSIM E ASSADO ROYALPACK C 5";"800";"11,000";"65,89";"65,89"
"24083";"SC LIXO ALM BETT 100L C 5";"800";"2,000";"19,78";"19,78"
"24084";"SC LIXO ALMOF CASAFORT 100L C 5";"800";"323,000";"2.403,47";"2.403,47"
"24085";"SC LIXO ALMOF CASAFORT 15L C 20";"800";"69,000";"443,31";"443,31"
"24086";"SC LIXO ALMOF CASAFORT 30L C 10";"800";"90,000";"583,80";"583,80"
"24087";"SC LIXO ALMOF CASAFORT 50L C 10";"800";"171,000";"1.262,99";"1.262,99"
"24090";"SC LIXO ESFREBOM ANTIVIRAL 6L C/40";"800";"2,000";"22,78";"22,78"
"24095";"SC LIXO PRO LIXO REFORCADO 30L C 10";"800";"3,000";"18,27";"18,27"
"24096";"SC LIXO PRO LIXO ROLAO 100L C 25";"800";"189,000";"3.554,52";"3.553,42"
"24097";"SC LIXO PRO LIXO ROLAO 150L C 10";"800";"94,000";"1.795,26";"1.793,26"
"24098";"SC LIXO PRO LIXO ROLAO 15L C 100";"800";"149,000";"2.815,59";"2.815,59"
"24099";"SC LIXO PRO LIXO ROLAO 200L C 7";"800";"130,000";"2.489,49";"2.482,63"
"24100";"SC LIXO PRO LIXO ROLAO 30L C 50";"800";"238,000";"4.490,04";"4.490,04"
"24101";"SC LIXO PRO LIXO ROLAO 50L C 50";"800";"181,000";"3.420,72";"3.420,72"
"24102";"SC LIXO PRO LIXO ROLINHO 100L C 5";"800";"677,000";"2.972,27";"2.912,01"
"24103";"SC LIXO PRO LIXO ROLINHO 15L C 20";"800";"411,000";"1.805,37";"1.784,49"
"24104";"SC LIXO PRO LIXO ROLINHO 30L C 10";"800";"520,000";"2.292,76";"2.238,34"
"24105";"SC LIXO PRO LIXO ROLINHO 50L C 10";"800";"732,000";"3.228,46";"3.158,86"
"24107";"SC LIXO ROL CASAFORT 100L C 10 AZ";"800";"241,000";"3.371,59";"3.371,59"
"24108";"SC LIXO ROL CASAFORT 100L C 10 AZ";"800";"315,000";"4.247,51";"4.247,51"
"24109";"SC LIXO ROL CASAFORT 100L C 25 ";"800";"79,000";"2.605,52";"2.605,52"
"24111";"SC LIXO ROL CASAFORT 15L C 100";"800";"17,000";"421,43";"421,43"
"24113";"SC LIXO ROL CASAFORT 15L C 40  AZ";"800";"170,000";"1.970,30";"1.970,30"
"24115";"SC LIXO ROL CASAFORT 30L C 20  PT";"800";"244,000";"2.827,96";"2.827,96"
"24116";"SC LIXO ROL CASAFORT 30L C 50";"800";"85,000";"2.353,72";"2.353,72"
"24118";"SC LIXO ROL CASAFORT 50L C 20 PT";"800";"333,000";"4.658,67";"4.658,67"
"24118";"SC LIXO ROL CASAFORT 50L C 20 PT";"810";"1,000";"13,99";"13,99"
"24119";"SC LIXO ROL CASAFORT 50L C 50";"800";"140,000";"4.610,39";"4.610,39"
"24120";"SC LIXO ROL DOBRASIL 100L C 10 AZ";"800";"145,000";"3.563,11";"3.557,51"
"24121";"SC LIXO ROL DOBRASIL 10L C 50";"800";"138,000";"1.661,01";"1.661,01"
"24122";"SC LIXO ROL DOBRASIL 150L C 10 AZ";"800";"4,000";"139,96";"139,96"
"24123";"SC LIXO ROL DOBRASIL 15L C 40 AZ";"800";"56,000";"919,10";"919,10"
"24125";"SC LIXO ROL DOBRASIL 30L C 20 AZ";"800";"109,000";"1.771,12";"1.771,12"
"24126";"SC LIXO ROL DOBRASIL 50L C 20 AZ";"800";"169,000";"4.153,97";"4.153,97"
"24127";"SC LIXO ROL DOBRASIL KATA PET C 30 ";"800";"1,000";"6,39";"6,39"
"24128";"SC LIXO ROL DOBRASIL PERF 15L C 50";"800";"98,000";"1.617,98";"1.617,98"
"24130";"SC P/CONFEITAR 8 BICOS 130ML BORDO";"800";"5,000";"84,95";"84,95"
"24134";"SC P/LAVAR ROUPAS 30X40";"800";"1,000";"5,99";"5,99"
"24135";"SC P/LAVAR ROUPAS C/ZIPER 50X37CM";"800";"2,000";"9,98";"9,98"
"24136";"SC P/LAVAR ROUPAS WASHING BAG 30X40CM";"800";"2,000";"9,98";"9,98"
"24137";"SC PANO SUP PANO ALG100X75CM R 18";"800";"69,000";"1.247,82";"1.247,82"
"24138";"SC PANOSUL ALVEJADO 48X63CM R 14";"800";"142,000";"2.029,18";"2.029,18"
"24139";"SC PANOSUL CRU 50X78CM R08";"800";"32,000";"271,54";"271,54"
"24140";"SC PANOSUL SUPER ALV BCO 39X65 R 10";"800";"150,000";"1.093,50";"1.093,50"
"24141";"SC PANOSUL SUPER SORT 55X65CM R 17";"800";"55,000";"521,45";"521,45"
"24142";"SC PAPEL BCO 48X18CM C/500 P/XIS";"800";"1,000";"24,99";"24,99"
"24144";"SC PLAST A VAC 70X100CM";"800";"1,000";"16,99";"16,99"
"24158";"SC PLAST P RESIDUOS ANIMAIS C 2 ";"800";"20,000";"203,37";"203,37"
"24159";"SC PLAST P RESIDUOS ANIMAIS C 2 ";"800";"6,000";"49,14";"49,14"
"24160";"SC PLAST P/RESIDUOS ANIMAIS C/3";"800";"3,000";"17,97";"17,97"
"24161";"SC PLAST P/RESIDUOS ANIMAIS C/6";"800";"22,000";"219,78";"219,78"
"24182";"SC PROT P/LAVAR ROUPAS 15CM RED";"800";"2,000";"13,98";"13,98"
"24183";"SC PROT P/LAVAR ROUPAS 20CMX30CM";"800";"1,000";"12,99";"12,99"
"24184";"SC PROT P/LAVAR ROUPAS 30CMX40CM";"800";"1,000";"12,99";"12,99"
"24185";"SC PROT P/LAVAR ROUPAS 35CMX45CM";"800";"5,000";"19,95";"19,95"
"24186";"SC PROT P/LAVAR ROUPAS 40CMX50CM";"800";"2,000";"33,98";"33,98"
"32521";"SEBO BOV KG";"800";"1,000";"4,98";"4,98"
"24190";"SECADOR TALHERES";"800";"5,000";"34,95";"34,95"
"8057";"SECANTE ABRILHANTADOR JIMO 100ML";"800";"27,000";"188,73";"188,73"
"8059";"SELETA EXCELSIOR CONG 300G";"800";"91,000";"1.218,49";"1.218,49"
"2467";"SELETA LEGUMES FUGINI SH 170G";"800";"469,000";"3.358,35";"3.358,35"
"24193";"SELETA LEGUMES LAR 300G";"800";"594,000";"4.746,06";"4.733,06"
"2469";"SELETA LEGUMES ODERICH LT 200G";"800";"955,000";"5.196,85";"5.196,85"
"24194";"SELOS UNIVERSAL P PANELA PRESSAO";"800";"30,000";"240,90";"240,90"
"24213";"SEM AMOR PERFEITO FELTRIN ENV 70MG";"800";"80,000";"319,20";"319,20"
"24197";"SEM FELTRIN ABOBORA MARANHAO";"800";"1,000";"2,99";"2,99"
"24198";"SEM FELTRIN ABOBORA MOR SUL MINEIRO";"800";"5,000";"14,95";"14,95"
"24200";"SEM FELTRIN ABOBRINHA TRONCO RED VER";"800";"21,000";"62,79";"62,79"
"24201";"SEM FELTRIN ACELGA BCA LYON";"800";"69,000";"275,31";"275,31"
"24202";"SEM FELTRIN AGRIAO LUMIAR";"800";"7,000";"20,93";"20,93"
"24203";"SEM FELTRIN AGRIAO TOPAZIO";"800";"9,000";"26,91";"26,91"
"24204";"SEM FELTRIN ALFACE BETANIA";"800";"31,000";"123,69";"123,69"
"24206";"SEM FELTRIN ALFACE ELISABETH";"800";"62,000";"247,38";"247,38"
"24207";"SEM FELTRIN ALFACE GIOVANA";"800";"85,000";"339,15";"339,15"
"8067";"SEM FELTRIN ALFACE TODO ANO";"800";"140,000";"558,60";"558,60"
"24210";"SEM FELTRIN ALFACE VENERANDA";"800";"125,000";"498,75";"498,75"
"32530";"SEM FELTRIN ALFAZEMA OU LAVANDA";"800";"6,000";"17,94";"17,94"
"32532";"SEM FELTRIN ALYSSUM ENV 150MG BRANCO";"800";"2,000";"5,98";"5,98"
"24219";"SEM FELTRIN ARRUDA ARRUDA";"800";"17,000";"67,83";"67,83"
"24222";"SEM FELTRIN BROCOLIS CALABRES CABECA";"800";"24,000";"95,76";"95,76"
"24223";"SEM FELTRIN BROCOLIS RAMOSO SANTANA";"800";"2,000";"5,98";"5,98"
"24224";"SEM FELTRIN BUCHA BOB";"800";"1,000";"2,99";"2,99"
"24225";"SEM FELTRIN CABACA SILUETA";"800";"9,000";"26,91";"26,91"
"8077";"SEM FELTRIN CENOURA NANTES MILENA";"800";"78,000";"311,22";"311,22"
"24229";"SEM FELTRIN CENTAUREA SORT";"800";"38,000";"151,62";"151,62"
"32555";"SEM FELTRIN COENTRO PORT PACIFICO";"800";"1,000";"2,99";"2,99"
"24233";"SEM FELTRIN COUVE CHINESA";"800";"3,000";"8,97";"8,97"
"24234";"SEM FELTRIN COUVE FLOR FILIPINAS";"800";"2,000";"5,98";"5,98"
"24235";"SEM FELTRIN COUVE FLOR KEFERA";"800";"1,000";"2,99";"2,99"
"24238";"SEM FELTRIN CRAVINA DA CHINA SINGE LA SOR";"800";"24,000";"95,76";"95,76"
"24244";"SEM FELTRIN CRISANTEMO DOBR SORT";"800";"37,000";"147,63";"147,63"
"24246";"SEM FELTRIN DAHLIA UNWINS ANA DOBR";"800";"27,000";"107,73";"107,73"
"10223";"SEM FELTRIN ENV 10G ALECRIM ORV MAR";"800";"39,000";"155,61";"155,61"
"10224";"SEM FELTRIN ENV 10G ALHO PORO CAREN";"800";"32,000";"127,68";"127,68"
"10225";"SEM FELTRIN ENV 10G CAMOMILA MACAN";"800";"31,000";"123,69";"123,69"
"10226";"SEM FELTRIN ENV 10G CEBOLA CR ROUXA";"800";"23,000";"91,77";"91,77"
"10227";"SEM FELTRIN ENV 10G CENOURA GIG FLA";"800";"134,000";"534,66";"534,66"
"10228";"SEM FELTRIN ENV 10G HORTELA MENTA";"800";"41,000";"163,59";"163,59"
"10229";"SEM FELTRIN ENV 10G OREGANO";"800";"64,000";"255,36";"255,36"
"10230";"SEM FELTRIN ENV 10G PIMEN DEDO MOCA";"800";"43,000";"171,57";"171,57"
"10231";"SEM FELTRIN ENV 10G PIMENTA BICO";"800";"13,000";"51,87";"51,87"
"10232";"SEM FELTRIN ENV 10G SALVIA TEMP";"800";"11,000";"43,89";"43,89"
"10233";"SEM FELTRIN ENV 10G TOMATE BARTO";"800";"8,000";"31,92";"31,92"
"24248";"SEM FELTRIN ERVILHA ELOA";"800";"63,000";"251,37";"251,37"
"24249";"SEM FELTRIN ESPINAFRE NOVA ZELANDIA";"800";"38,000";"151,62";"151,62"
"24250";"SEM FELTRIN ESTATICE SINUATA SORT";"800";"24,000";"95,76";"95,76"
"24251";"SEM FELTRIN FACELIA AZUL";"800";"19,000";"75,81";"75,81"
"24252";"SEM FELTRIN FEIJAO TEMPESTA";"800";"1,000";"2,99";"2,99"
"24253";"SEM FELTRIN FEIJAO VAGEM DYNAMO";"800";"16,000";"47,84";"47,84"
"24254";"SEM FELTRIN FEIJAO VICENZA AMARELO BAIXO";"800";"3,000";"8,97";"8,97"
"8086";"SEM FELTRIN FLOR MARGARIDA AFR";"800";"6,000";"23,94";"23,94"
"8096";"SEM FELTRIN FLOR VERBENA";"800";"24,000";"95,76";"95,76"
"8099";"SEM FELTRIN FLORES ENV 150GM ASTER DA CHINA";"800";"8,000";"31,92";"31,92"
"8100";"SEM FELTRIN FLORES ENV 150GM BOC DE LEAO BAI";"800";"28,000";"111,72";"111,72"
"8103";"SEM FELTRIN FLORES ENV 150GM PHLOX ESTRELADO";"800";"10,000";"39,90";"39,90"
"32574";"SEM FELTRIN GIRASSOL DOBRADO ANAO SUNGOL";"800";"29,000";"115,71";"115,71"
"24259";"SEM FELTRIN GODETIA DOBR SORT";"800";"20,000";"79,80";"79,80"
"24260";"SEM FELTRIN GRAMA DOS GATOS";"800";"21,000";"83,79";"83,79"
"24261";"SEM FELTRIN GRAMA JESUITA";"800";"28,000";"111,72";"111,72"
"24262";"SEM FELTRIN MAMAO FORMOSA";"800";"11,000";"43,89";"43,89"
"24263";"SEM FELTRIN MANJERICAO ALFAVACA VE RDE";"800";"65,000";"259,35";"259,35"
"24264";"SEM FELTRIN MANJERICAO FRAGANZA";"800";"60,000";"239,40";"239,40"
"24266";"SEM FELTRIN MANJERICAO ROXO";"800";"7,000";"20,93";"20,93"
"24267";"SEM FELTRIN MANJERICAO VERDE FINO FRANCE";"800";"15,000";"59,85";"59,85"
"24269";"SEM FELTRIN MARACUJA AMARELO";"800";"8,000";"31,92";"31,92"
"24271";"SEM FELTRIN MARGARIDA GIGANTE BCA";"800";"58,000";"231,42";"231,42"
"24272";"SEM FELTRIN MAXIXE NORTE";"800";"3,000";"8,97";"8,97"
"24274";"SEM FELTRIN MELISSA ERVA CIDREIRA MELISS";"800";"18,000";"71,82";"71,82"
"24275";"SEM FELTRIN MILHO SUPER DOCE ARUBA";"800";"3,000";"8,97";"8,97"
"24276";"SEM FELTRIN MOR COROA";"800";"4,000";"11,96";"11,96"
"24277";"SEM FELTRIN MOR VERM RUGE";"800";"23,000";"91,77";"91,77"
"24278";"SEM FELTRIN MOSTARDA LISA DA FLORI DA";"800";"7,000";"27,93";"27,93"
"32602";"SEM FELTRIN NEMESIA TRIUMPH SORT";"800";"8,000";"23,92";"23,92"
"24284";"SEM FELTRIN PIM DOCE COMPRIDO CONS ER";"800";"5,000";"19,95";"19,95"
"24286";"SEM FELTRIN PIM MALAGUETA";"800";"24,000";"95,76";"95,76"
"24287";"SEM FELTRIN PIM MALAGUETINHA";"800";"2,000";"5,98";"5,98"
"24288";"SEM FELTRIN PIM VULCAO";"800";"14,000";"55,86";"55,86"
"24289";"SEM FELTRIN PIMENTAO AMARELO SF 134";"800";"14,000";"55,86";"55,86"
"24290";"SEM FELTRIN PIMENTAO YOLO WONDER";"800";"16,000";"63,84";"63,84"
"8124";"SEM FELTRIN RABANETE COLO BRAN";"800";"3,000";"8,97";"8,97"
"8125";"SEM FELTRIN RABANETE CRIMSON GIGANT";"800";"115,000";"458,85";"458,85"
"8126";"SEM FELTRIN REPOLHO 60 DIAS";"800";"30,000";"119,70";"119,70"
"36931";"SEM FELTRIN REPOLHO COR BOI GIGANTE";"800";"23,000";"91,77";"91,77"
"24291";"SEM FELTRIN REPOLHO MAMMOUTH RED R OCK";"800";"15,000";"59,85";"59,85"
"24293";"SEM FELTRIN TOMATE CORAC BOI";"800";"6,000";"23,94";"23,94"
"24295";"SEM FELTRIN TOMATE YASHI";"800";"10,000";"39,90";"39,90"
"24296";"SEM FELTRIN TOMATE YUBI";"800";"41,000";"163,59";"163,59"
"24297";"SEM FELTRIN TOMILHO TOMILHO";"800";"20,000";"79,80";"79,80"
"24299";"SEM FELTRIN ZINIA DOBR DAHLIAFLORA";"800";"11,000";"43,89";"43,89"
"24300";"SEM FELTRIN ZINIA LILLIPUT POM POM";"800";"51,000";"203,49";"203,49"
"8061";"SEMENTE FELTRIN ABOBORA KABOTIA";"800";"18,000";"53,82";"53,82"
"8062";"SEMENTE FELTRIN ABOBORA MENIN BRAS";"800";"4,000";"11,96";"11,96"
"8060";"SEMENTE FELTRIN ABOBORA SECA";"800";"3,000";"8,97";"8,97"
"8064";"SEMENTE FELTRIN ACELGA MERIDA";"800";"1,000";"2,99";"2,99"
"8065";"SEMENTE FELTRIN AIPO TALL UTAH";"800";"32,000";"127,68";"127,68"
"8066";"SEMENTE FELTRIN ALFACE AMERICANA";"800";"46,000";"183,54";"183,54"
"8070";"SEMENTE FELTRIN ALMEIRAO FOL AMAR";"800";"24,000";"95,76";"95,76"
"8071";"SEMENTE FELTRIN ALMEIRAO PAO ACUC";"800";"17,000";"67,83";"67,83"
"8072";"SEMENTE FELTRIN BETERRABA";"800";"106,000";"422,94";"422,94"
"8073";"SEMENTE FELTRIN CEBOLA BAIA HERVAL";"800";"31,000";"123,69";"123,69"
"8074";"SEMENTE FELTRIN CEBOLINA FINA";"800";"76,000";"303,24";"303,24"
"8075";"SEMENTE FELTRIN CEBOLINHA";"800";"234,000";"933,66";"933,66"
"8078";"SEMENTE FELTRIN CENOURA VERAO";"800";"22,000";"87,78";"87,78"
"8080";"SEMENTE FELTRIN CHICORIA ESCAROLA";"800";"5,000";"14,95";"14,95"
"8083";"SEMENTE FELTRIN COUVE MANTEIGA";"800";"104,000";"414,96";"414,96"
"8087";"SEMENTE FELTRIN FLOR ONZ HORAS DOB";"800";"27,000";"107,73";"107,73"
"8092";"SEMENTE FELTRIN FLOR SALVIA VERMELH";"800";"21,000";"83,79";"83,79"
"8094";"SEMENTE FELTRIN FLOR TAGETE";"800";"4,000";"15,96";"15,96"
"8093";"SEMENTE FELTRIN FLOR TAGETE ALTA SO";"800";"30,000";"119,70";"119,70"
"8104";"SEMENTE FELTRIN FLORES ENV 200GR BOCA DE LEAO AL";"800";"27,000";"107,73";"107,73"
"8105";"SEMENTE FELTRIN FLORES ENV 200GR CRAVINA BARBATU";"800";"41,000";"163,59";"163,59"
"8134";"SEMENTE FELTRIN FLORES ENV 200GR CRAVINA DOBRADA";"800";"29,000";"115,71";"115,71"
"8108";"SEMENTE FELTRIN FLORES ENV 200GR SEMPRE VIIVA";"800";"56,000";"223,44";"223,44"
"8110";"SEMENTE FELTRIN MELANCIA FAIRFAX";"800";"10,000";"29,90";"29,90"
"8112";"SEMENTE FELTRIN MELANCIA REDONDA";"800";"10,000";"29,90";"29,90"
"8113";"SEMENTE FELTRIN MELAO CATALUPE";"800";"6,000";"17,94";"17,94"
"8115";"SEMENTE FELTRIN MELAO GAUCHO CASCA";"800";"1,000";"2,99";"2,99"
"8114";"SEMENTE FELTRIN MELAO GAUCHO RED";"800";"1,000";"2,99";"2,99"
"8116";"SEMENTE FELTRIN MORANGA EXPOSICAO";"800";"6,000";"17,94";"17,94"
"8118";"SEMENTE FELTRIN PEPINO CAIPIRA";"800";"5,000";"14,95";"14,95"
"8117";"SEMENTE FELTRIN PEPINO CONSERVA";"800";"20,000";"59,80";"59,80"
"8120";"SEMENTE FELTRIN PEPINO SALAD AODAI";"800";"10,000";"29,90";"29,90"
"8119";"SEMENTE FELTRIN PEPINO SALADA";"800";"20,000";"59,80";"59,80"
"8121";"SEMENTE FELTRIN PIMENT CHAPEU DE BI";"800";"18,000";"71,82";"71,82"
"8123";"SEMENTE FELTRIN PIMENTAO VERDE";"800";"32,000";"127,68";"127,68"
"8122";"SEMENTE FELTRIN PIMENTAO VERMELHO";"800";"35,000";"139,65";"139,65"
"8127";"SEMENTE FELTRIN RUCULA CULTIVADA";"800";"232,000";"925,68";"925,68"
"8128";"SEMENTE FELTRIN RUCULA FOLHA LARGA";"800";"134,000";"534,66";"534,66"
"8129";"SEMENTE FELTRIN SALSA GRAUDA";"800";"206,000";"821,94";"821,94"
"8130";"SEMENTE FELTRIN SALSA LISA";"800";"377,000";"1.504,23";"1.504,23"
"8131";"SEMENTE FELTRIN TEMP COENTRO VERDAO";"800";"94,000";"375,06";"375,06"
"8132";"SEMENTE FELTRIN TOMATE CEREJA VERM";"800";"84,000";"335,16";"335,16"
"8133";"SEMENTE FELTRIN TOMATE GAUCHO";"800";"27,000";"107,73";"107,73"
"10234";"SERUM CLOY HIDRAT CORPORAL 200G AMORA";"800";"3,000";"50,07";"50,07"
"35597";"SERUM DOVE HIDRATANTE 110M";"800";"3,000";"125,67";"125,67"
"36187";"SERUM ELSEVE COLLAGEN LIFTER 100ML";"800";"3,000";"190,77";"190,77"
"36026";"SERUM TOQUE DE SEDA 100ML";"800";"44,000";"967,56";"967,56"
"24303";"SH ABOVE ANTICASPA MASC 325ML";"800";"30,000";"500,70";"500,70"
"24302";"SH ABOVE ANTICASPA MENTOL 325ML";"800";"60,000";"1.001,40";"1.001,40"
"8143";"SH ANTI CASPA PALMOLIVE 350ML CLASSICO";"800";"24,000";"499,84";"499,84"
"8145";"SH ANTIC CLEAR 200ML MEN CONTR ALIV COC";"800";"70,000";"1.357,51";"1.357,51"
"8146";"SH ANTIC CLEAR 200ML MEN HIDRATAC CAMPEA";"800";"74,000";"1.366,75";"1.366,75"
"8148";"SH ANTIC CLEAR 200ML MEN LIMP DIAR 2EM1";"800";"94,000";"1.830,56";"1.830,56"
"8149";"SH ANTIC CLEAR 200ML MEN LIMPEZA PROFUND";"800";"62,000";"1.216,51";"1.216,51"
"8150";"SH ANTIC CLEAR 200ML MEN QUEDA CONTROL";"800";"14,000";"272,23";"272,23"
"8151";"SH ANTIC CLEAR 200ML WOMEN HIDRATACAO INT";"800";"67,000";"1.313,28";"1.313,28"
"8140";"SH ANTIC CLEAR 400ML ICE COOL MENTOL";"800";"48,000";"1.633,18";"1.633,18"
"8159";"SH ANTIC CLEAR L400P330 ICE COOL MENTHO";"800";"235,000";"6.293,96";"6.285,66"
"4893";"SH ANTIC CLEAR L400P330 LIM DIAR 2 1";"800";"205,000";"5.448,04";"5.445,54"
"8152";"SH ANTIC CLEAR LV200ML PG170ML MEN ICE COOL MENTHO";"800";"181,000";"3.075,19";"3.075,19"
"8153";"SH ANTIC CLEAR400ML LIMP DIAR 2 1";"800";"13,000";"436,51";"436,51"
"24306";"SH BOB DOG CLAREADOR 250ML";"800";"11,000";"182,51";"182,51"
"24307";"SH BOBY DOG FILHOTES 250ML";"800";"9,000";"155,28";"155,28"
"24371";"SH CD MATACURA ANTIPULGAS GATO 200ML";"800";"3,000";"89,97";"89,97"
"10235";"SH CLEAR MEN ANTIC 200ML ICE COOL MENTHO";"800";"43,000";"830,22";"828,22"
"8163";"SH COLLIE 400ML VEGAN ANTIPULGAS";"800";"5,000";"126,45";"126,45"
"8413";"SH COND TRESEMME 350ML 175ML BLINDAGEM ANTIF";"800";"57,000";"1.333,23";"1.333,23"
"8414";"SH COND TRESEMME 350ML 175ML BRILHO LAMELAR";"800";"42,000";"982,38";"982,38"
"8416";"SH COND TRESEMME 350ML 175ML RECONST E FORCA";"800";"102,000";"2.385,78";"2.385,78"
"24309";"SH COTTONBABY SNOOPY 200ML GOTAS CAMOMILA";"800";"59,000";"692,05";"692,05"
"24310";"SH COTTONBABY SNOOPY 200ML TOQUE ALGODAO";"800";"34,000";"415,91";"415,91"
"10239";"SH DARLING 2EM1 350ML";"800";"45,000";"521,55";"521,55"
"24311";"SH DARLING 2X1 650ML";"800";"105,000";"2.025,45";"2.025,45"
"10240";"SH DARLING 350ML CERAMIDAS";"800";"64,000";"722,56";"722,56"
"10241";"SH DARLING 350ML TILIA";"800";"63,000";"711,27";"711,27"
"24313";"SH DARLING CERAMIDAS 650ML";"800";"98,000";"1.890,42";"1.890,42"
"24314";"SH DARLING DETOX 350ML";"800";"54,000";"588,06";"588,06"
"8168";"SH DOVE 175ML BOND INTENSE";"800";"3,000";"45,87";"45,87"
"33663";"SH DOVE 190ML HIDRA HIALURON";"800";"23,000";"459,77";"459,77"
"33662";"SH DOVE 190ML REC AMINOACIDO";"800";"20,000";"399,80";"399,80"
"34610";"SH DOVE 190ML UV REPAIR GLOW";"800";"13,000";"227,37";"227,37"
"8171";"SH DOVE 200ML HIDRA INTEN OXI";"800";"12,000";"193,96";"193,96"
"8175";"SH DOVE 200ML OLEO NUTRICAO";"800";"8,000";"126,95";"126,95"
"8182";"SH DOVE 350ML BOND INTENSE";"800";"23,000";"648,66";"648,66"
"34611";"SH DOVE 370ML UV REPAIR GLOW";"800";"17,000";"482,63";"482,63"
"8189";"SH DOVE 400ML INTENSA OXIGENI";"800";"6,000";"170,58";"170,58"
"8190";"SH DOVE 400ML OLEO MICELAR";"800";"5,000";"133,95";"133,95"
"8191";"SH DOVE 400ML OLEO NUTRICAO";"800";"2,000";"53,58";"53,58"
"8195";"SH DOVE 400ML RITUAL REPARA";"800";"2,000";"53,58";"53,58"
"8185";"SH DOVE 400ML TEX REAIS CACHE";"800";"1,000";"27,90";"27,90"
"34612";"SH DOVE 600ML UV REPAIR GLOW";"800";"75,000";"2.849,25";"2.849,25"
"35163";"SH DOVE RECONTRUCAO 370ML AMINOACIDO";"800";"5,000";"144,95";"144,95"
"8206";"SH ELSEVE 200ML CACHOS";"800";"1,000";"22,59";"22,59"
"8207";"SH ELSEVE 200ML CACHOS DOS SONH";"800";"15,000";"349,33";"343,42"
"8208";"SH ELSEVE 200ML COLORVIVE";"800";"24,000";"553,28";"553,28"
"8210";"SH ELSEVE 200ML GLYCOLIC GLOSS";"800";"36,000";"811,23";"786,92"
"8211";"SH ELSEVE 200ML HIALURONICO";"800";"23,000";"520,18";"520,18"
"8213";"SH ELSEVE 200ML LISO DOS SONHOS";"800";"2,000";"45,18";"45,18"
"8214";"SH ELSEVE 200ML LISO SONHOS E";"800";"51,000";"1.055,09";"1.051,09"
"8209";"SH ELSEVE 200ML LONGO DOS SONHO";"800";"30,000";"692,08";"692,08"
"8215";"SH ELSEVE 200ML OLEO EXTR NUTRI";"800";"36,000";"846,70";"802,33"
"8216";"SH ELSEVE 200ML PURE HIALURONIC";"800";"39,000";"892,77";"882,26"
"8218";"SH ELSEVE 200ML RT5 REPARACAO";"800";"42,000";"945,58";"945,58"
"24317";"SH ELSEVE 400ML CACHOS DOS SON";"800";"6,000";"257,37";"257,37"
"24318";"SH ELSEVE 400ML HIDRA HIALURON";"800";"7,000";"310,49";"310,49"
"24319";"SH ELSEVE 400ML LISO DOS SONHO";"800";"34,000";"1.224,16";"1.224,16"
"24320";"SH ELSEVE 400ML LOREAL GLYCOLI";"800";"21,000";"911,61";"911,61"
"36188";"SH ELSEVE COLLAGEN LIFTER 200ML";"800";"36,000";"766,64";"742,84"
"36194";"SH ELSEVE COLLAGEN LIFTER 400ML";"800";"9,000";"418,50";"418,50"
"10271";"SH ELSEVE HIALURONICO PURE 400ML";"800";"11,000";"460,79";"460,79"
"10258";"SH ELSEVE LONGO DOS SONHOS 400ML";"800";"12,000";"516,75";"516,75"
"10262";"SH ELSEVE OLEO EXTRAORDIN 400ML NUTRICAO";"800";"2,000";"83,78";"83,78"
"10268";"SH ELSEVE REP TTL 5 400ML";"800";"24,000";"1.048,75";"1.048,75"
"37436";"SH GENIAL PET 5 EM 1 500ML";"800";"5,000";"64,95";"64,95"
"24324";"SH GENIAL PET BABY FILHOTES 500ML";"800";"3,000";"44,97";"44,97"
"24325";"SH GENIAL PET FRUL 500ML";"800";"2,000";"29,98";"29,98"
"24326";"SH GENIAL PET PELOS SENSIVEIS 500ML";"800";"13,000";"194,78";"188,87"
"10276";"SH GOTA DOURADA FORTALECIM 430ML DESAMARELADOR";"800";"2,000";"39,18";"39,18"
"24327";"SH HEAD SHOULDERS 200ML 3X1 ANTI CASPA";"800";"10,000";"210,09";"210,09"
"8224";"SH HEAD SHOULDERS 200ML ANT COCEIRA";"800";"39,000";"802,81";"802,81"
"8227";"SH HEAD SHOULDERS 200ML HIDRATACAO";"800";"45,000";"921,66";"921,66"
"8228";"SH HEAD SHOULDERS 200ML LIMPEZA EFICAZ";"800";"46,000";"919,54";"919,54"
"8230";"SH HEAD SHOULDERS 200ML MENTHOL REFRE";"800";"47,000";"959,64";"959,64"
"8231";"SH HEAD SHOULDERS 200ML OLD SPICE MEN";"800";"1,000";"19,99";"19,99"
"8232";"SH HEAD SHOULDERS 200ML PREV QUEDA";"800";"40,000";"811,52";"811,52"
"8233";"SH HEAD SHOULDERS 200ML REMO OLEOSIDA";"800";"11,000";"231,08";"231,08"
"8235";"SH HEAD SHOULDERS 400ML 3X1";"800";"50,000";"1.795,34";"1.795,34"
"8236";"SH HEAD SHOULDERS 400ML ANTI COCEIRA";"800";"22,000";"786,97";"786,97"
"8237";"SH HEAD SHOULDERS 400ML DETOX";"800";"2,000";"69,98";"69,98"
"24329";"SH HEAD SHOULDERS 400ML HIDRATACAO";"800";"23,000";"833,42";"833,42"
"8238";"SH HEAD SHOULDERS 400ML MENTHOL";"800";"37,000";"1.357,66";"1.357,66"
"24330";"SH HEAD SHOULDERS 400ML PREV CONTR QUE";"800";"38,000";"1.402,08";"1.402,08"
"8240";"SH HUGGIES 200ML CAMOMILA";"800";"2,000";"48,58";"48,58"
"8242";"SH JAY LUC 1L BLIND QUERATINA";"800";"131,000";"2.016,47";"2.016,47"
"8243";"SH JAY LUC 1L CEREMIDAS S SAL";"800";"100,000";"1.523,57";"1.523,57"
"8244";"SH JAY LUC 1L COCO SEM SAL";"800";"98,000";"1.478,12";"1.478,12"
"8245";"SH JAY LUC 1L MICELAR";"800";"143,000";"2.226,38";"2.226,38"
"8246";"SH JAY LUC 1L NEUTRO";"800";"168,000";"2.584,75";"2.584,75"
"10277";"SH JAYLUC PLUS C VALVULA 1L PROTEINA LEITE";"800";"95,000";"1.492,30";"1.492,30"
"36420";"SH JOAO E MARIA GLICERINADO 200ML";"800";"2,000";"33,98";"33,98"
"8247";"SH JOHNSON BABY 200ML CABELO CLARO";"800";"29,000";"597,11";"597,11"
"8248";"SH JOHNSON BABY 200ML CHEIRO PROLONG";"800";"8,000";"164,72";"164,72"
"8250";"SH JOHNSON BABY 200ML ORIGINAL";"800";"19,000";"389,61";"389,61"
"8251";"SH JOHNSON BABY 400ML GLICERINA";"800";"21,000";"591,99";"587,79"
"8252";"SH JOHNSON KIDS 400ML CHEIRINHO PROL";"800";"19,000";"529,91";"529,91"
"10278";"SH JOHNSONS BABY 200ML CAB CACHEADOS";"800";"3,000";"61,47";"61,47"
"10279";"SH JOHNSONS BABY 200ML GOTAS BRILHO";"800";"14,000";"286,86";"286,86"
"10282";"SH MATACURA SARNICIDA 200ML";"800";"16,000";"471,84";"471,84"
"8254";"SH MONANGE 325ML CACHOS QUE TAL";"800";"90,000";"811,80";"811,80"
"8255";"SH MONANGE 325ML HIDRATA C PODER";"800";"125,000";"1.123,59";"1.123,59"
"8256";"SH MONANGE 325ML LISOS TE QUERO";"800";"189,000";"1.704,09";"1.704,09"
"10283";"SH MONANGE 325ML REST Q GOSTO";"800";"20,000";"175,80";"175,80"
"8259";"SH NEUTROX 300G CLASSICO";"800";"61,000";"582,39";"582,39"
"24336";"SH NEUTROX 300ML SOL MAR PISC";"800";"35,000";"332,15";"332,15"
"8263";"SH PALMOLIVE 350ML ACIDO HIALURONIC ";"800";"28,000";"337,54";"337,54"
"8272";"SH PALMOLIVE 350ML KIDS TRADICIONAL";"800";"3,000";"62,97";"62,97"
"24340";"SH PALMOLIVE 650ML NATURALS CERAM";"800";"24,000";"483,70";"483,70"
"24341";"SH PALMOLIVE 650ML NEUTRO LIMP";"800";"54,000";"1.034,56";"1.034,56"
"24342";"SH PALMOLIVE 650ML NUTRICAO EXTRA";"800";"42,000";"804,86";"804,86"
"8283";"SH PAMPERS 200ML GLICERINA";"800";"12,000";"200,28";"200,28"
"8284";"SH PANTENE 175ML BIOTINAMINA";"800";"45,000";"712,53";"712,53"
"8285";"SH PANTENE 175ML CACHOS HIRAVITA";"800";"7,000";"109,24";"109,24"
"8286";"SH PANTENE 175ML COLAGENO";"800";"61,000";"962,10";"962,10"
"8288";"SH PANTENE 175ML EQUIL ALGA MAR";"800";"41,000";"647,64";"647,64"
"8290";"SH PANTENE 175ML HIDRATACAO";"800";"31,000";"482,64";"482,64"
"8291";"SH PANTENE 175ML HIDROCAUTERIZA";"800";"8,000";"124,23";"124,23"
"8292";"SH PANTENE 175ML LISO EXTREMO";"800";"57,000";"919,50";"919,50"
"8293";"SH PANTENE 175ML QUERATINA";"800";"42,000";"658,59";"658,59"
"8294";"SH PANTENE 175ML RESTAURACAO PRO";"800";"30,000";"484,30";"484,30"
"8296";"SH PANTENE 200ML BAMBU";"800";"82,000";"1.298,88";"1.298,88"
"8299";"SH PANTENE 300ML BIOTINAMINA";"800";"29,000";"782,71";"782,71"
"35115";"SH PANTENE 300ML BOND REPAIR";"800";"18,000";"503,82";"503,82"
"8300";"SH PANTENE 300ML EQUIL ALGA MAR";"800";"30,000";"833,86";"833,86"
"8301";"SH PANTENE 300ML QUERATINA";"800";"21,000";"566,79";"566,79"
"8303";"SH PANTENE 400ML BRILHO EXTREMO";"800";"6,000";"172,57";"172,57"
"8306";"SH PANTENE 400ML HIDRATACAO";"800";"54,000";"1.564,23";"1.564,23"
"8307";"SH PANTENE 400ML HIDROCAUTERIZA";"800";"5,000";"144,88";"144,88"
"8308";"SH PANTENE 400ML LISO EXTREMO";"800";"72,000";"2.088,18";"2.088,18"
"8309";"SH PANTENE 400ML MICELAR";"800";"3,000";"86,69";"86,69"
"8313";"SH PANTENE 510ML BIOTINAMINA";"800";"33,000";"1.286,67";"1.286,67"
"35118";"SH PANTENE 510ML BOND REPAIR";"800";"31,000";"1.354,39";"1.354,39"
"10291";"SH POMPOM 200ML CAMOMILA";"800";"37,000";"665,39";"665,39"
"10292";"SH POMPOM 200ML SUAVE";"800";"13,000";"235,95";"235,95"
"24347";"SH PRIME DESAMARELADOR 270ML";"800";"2,000";"29,98";"29,98"
"38240";"SH SALLON LINDA 240ML POS QUIMICA";"800";"1,000";"9,99";"9,99"
"8324";"SH SANOL 500ML ANTIPULGAS";"800";"3,000";"104,97";"104,97"
"24357";"SH SANOL DOG NEUTRO 500ML GLICERINA";"800";"10,000";"319,90";"319,90"
"8330";"SH SEDA 300ML JUNTINHOS CRESPOS";"800";"46,000";"553,51";"553,51"
"8331";"SH SEDA 300ML JUNTINHOS TODOS OS TIPOS";"800";"54,000";"648,77";"641,17"
"8332";"SH SEDA 300ML LUMINOSO UV";"800";"240,000";"2.861,49";"2.809,04"
"37398";"SH SEDA 300ML REGENERACAO INT";"800";"278,000";"3.210,62";"3.176,12"
"35788";"SH SEDA 300ML TOQUE DE SEDA";"800";"292,000";"3.483,57";"3.405,06"
"8335";"SH SEDA 325ML BABOSA OLEOS";"800";"10,000";"118,90";"115,10"
"8338";"SH SEDA 325ML BOMBA COCO";"800";"9,000";"107,01";"107,01"
"8339";"SH SEDA 325ML CACHOS DEFINID";"800";"221,000";"2.640,15";"2.580,71"
"8352";"SH SEDA 325ML CERAMIDAS";"800";"704,000";"8.388,66";"8.219,09"
"8340";"SH SEDA 325ML COLAGENO E VITA";"800";"11,000";"130,79";"125,09"
"8345";"SH SEDA 325ML LISO PERFEITO";"800";"383,000";"4.558,43";"4.470,63"
"8349";"SH SEDA 325ML PREBIO BIOTINA";"800";"6,000";"71,34";"71,34"
"8350";"SH SEDA 325ML PRETOS LUMINOSO";"800";"211,000";"2.524,77";"2.496,27"
"33703";"SH SEDA 425ML CACHOS DEFINIDO";"800";"25,000";"274,75";"274,75"
"33705";"SH SEDA 425ML CERAMIDAS";"800";"137,000";"1.506,14";"1.506,14"
"33706";"SH SEDA 425ML CHA VERD E CITR";"800";"2,000";"21,98";"21,98"
"33707";"SH SEDA 425ML COCO RESTAURA";"800";"37,000";"406,63";"406,63"
"33710";"SH SEDA 425ML LUMINOSO";"800";"1,000";"10,99";"10,99"
"33702";"SH SEDA 425ML PRETO LUMINOSOS";"800";"19,000";"208,81";"208,81"
"24358";"SH SEDA ANT CASP HIDRATACAO DIARIA 325ML";"800";"335,000";"4.007,25";"3.943,40"
"8376";"SH TRESEMME 400ML BLIND ANT FRIZZ";"800";"7,000";"165,83";"165,83"
"8380";"SH TRESEMME 400ML HIDRAT PROFUN";"800";"23,000";"548,89";"548,89"
"8382";"SH TRESEMME 400ML RECONS E FORCA";"800";"28,000";"679,90";"679,90"
"8383";"SH TRESEMME 400ML TRESPLEX";"800";"33,000";"781,32";"781,32"
"36376";"SH TRESEMME BLIND ANTIUMIDADE 400ML";"800";"10,000";"264,90";"264,90"
"8394";"SH VINI LADY 190ML SILVERHAIR";"800";"18,000";"347,28";"347,28"
"8397";"SH VINI LADY 325ML BRILHO INTENSO";"800";"66,000";"591,34";"580,34"
"8398";"SH VINI LADY 325ML COCO";"800";"41,000";"368,83";"365,83"
"8399";"SH VINI LADY 325ML FORCA TTL";"800";"7,000";"55,93";"55,93"
"8405";"SH VINI LADY 325ML LISO INTENSO";"800";"103,000";"917,97";"908,97"
"8407";"SH VINI LADY 325ML ONDAS E CACHOS";"800";"30,000";"268,70";"265,70"
"8408";"SH VINI LADY 325ML PRETO ABSOLUTO";"800";"76,000";"683,24";"678,24"
"8409";"SH VINI LADY 325ML REPARACAO TOTAL";"800";"72,000";"647,28";"633,28"
"8403";"SH VINI LADY 330ML KIDS MAGIA DO UNICOR";"800";"52,000";"622,31";"622,31"
"36313";"SH VINI LADY KIDS ALOE VERA 330ML MALVA";"800";"35,000";"271,25";"271,25"
"8423";"SH300 COND PANTENE 150ML BIOTINAMINA";"800";"8,000";"263,92";"263,92"
"8425";"SH350 COND PANTENE 175ML HIDRATACAO";"800";"4,000";"132,76";"132,76"
"8426";"SH350 COND PANTENE 175ML HIDROCAUTER";"800";"28,000";"929,32";"929,32"
"8427";"SH350 COND PANTENE 175ML LISO";"800";"69,000";"2.290,11";"2.290,11"
"8428";"SH350 COND PANTENE 175ML RESTAURACAO";"800";"183,000";"6.073,77";"6.073,77"
"8437";"SHAKEIRA PLASUTIL 580ML MICKEY 6582";"800";"1,000";"17,99";"17,99"
"24332";"SHAMPOO MONANGE 325ML DETOX TERAPIA";"800";"121,000";"1.082,45";"1.082,45"
"8266";"SHAMPOO PALMOLIVE 350ML CERAMIDAS FORCE";"800";"25,000";"301,57";"301,57"
"8268";"SHAMPOO PALMOLIVE 350ML CUIDADO ABSOLUT";"800";"30,000";"364,14";"364,14"
"8276";"SHAMPOO PALMOLIVE 350ML NEUTRO";"800";"24,000";"296,31";"296,31"
"8277";"SHAMPOO PALMOLIVE 350ML NUTRI LISS";"800";"33,000";"401,31";"401,31"
"8274";"SHAMPOO PALMOLIVE 350ML NUTRICAO EXTRA";"800";"47,000";"568,04";"568,04"
"24379";"SIDRA GOTA DE PRATA 660ML";"800";"241,000";"2.652,67";"2.652,67"
"24381";"SIDRA GOTA PRATA 660ML ROSE";"800";"338,000";"3.761,03";"3.761,03"
"24380";"SIDRA GOTA PRATA S ALC 660ML BRANCA";"800";"50,000";"554,60";"554,60"
"24382";"SIDRA GOTA PRATA S ALCO 660ML ROSE";"800";"150,000";"1.657,68";"1.657,68"
"24385";"SIFAO FLEX UNIVERSAL CURTO";"800";"42,000";"587,58";"587,58"
"24386";"SIFAO FLEX UNIVERSAL LONGO";"800";"37,000";"628,63";"628,63"
"35174";"SILICONE CHEMICOLOR 250ML LAVANDA";"800";"24,000";"282,96";"282,96"
"35141";"SILICONE DESTAQUE AERO 400ML AMERIC";"800";"18,000";"464,88";"464,88"
"24388";"SILICONE DESTAQUE AERO 400ML AREA51";"800";"21,000";"755,04";"755,04"
"10310";"SILICONE DESTAQUE AERO 400ML GERMAN";"800";"5,000";"178,46";"178,46"
"8442";"SILICONE DESTAQUE AERO 400ML LAVANDA";"800";"28,000";"870,80";"870,80"
"8443";"SILICONE DESTAQUE AERO 400ML V8";"800";"21,000";"773,40";"773,40"
"10309";"SILICONE DESTAQUE GEL 250G LAVANDA";"800";"37,000";"792,30";"792,30"
"24389";"SILICONE DESTAQUE GEL 250G SPORT";"800";"47,000";"1.012,30";"1.012,30"
"8441";"SILICONE DESTAQUE GEL 250G V8";"800";"11,000";"235,90";"235,90"
"8444";"SILICONE GEL JIMO 200G BISNAGA";"800";"22,000";"291,82";"291,82"
"8445";"SILICONE GEL JIMO 200G BISNAGA LAVANDA";"800";"21,000";"281,85";"281,85"
"24393";"SILICONE GT PREMIUM 250ML LAVANDA";"800";"8,000";"147,12";"147,12"
"10311";"SILICONE JIMO GEL 200G MARINE";"800";"56,000";"750,09";"750,09"
"8446";"SILICONE LIQ JIMO 250ML";"800";"20,000";"549,35";"549,35"
"24396";"SILVERBAC PRATA AEROSOL 300ML";"800";"6,000";"130,00";"130,00"
"24410";"SNACK DENTAL ORIP C 5 75G";"800";"49,000";"371,91";"371,91"
"8453";"SOBR BATAVO 100G PUDIM LEITE CONDENSAD";"800";"2,000";"12,78";"12,78"
"8461";"SOBR BATAVO CREAMY 360G CHOC";"800";"188,000";"2.086,62";"2.086,62"
"8454";"SOBR BATAVO CREAMY 90G CHOC";"800";"1.603,000";"6.202,97";"6.202,97"
"8462";"SOBR BATAVO FLAN 400G CARAMELO";"800";"246,000";"3.152,04";"3.152,04"
"24411";"SOBR BIOLAT 180G CHOC ";"800";"1.439,000";"7.451,61";"7.451,61"
"24412";"SOBR BIOLAT 180G CHOC BCO ";"800";"761,000";"3.651,95";"3.651,95"
"36204";"SOBR CAROLINA 125G BEIJINHO";"800";"20,000";"127,00";"127,00"
"36461";"SOBR CAROLINA 125G BRIGADEIRO";"800";"144,000";"497,96";"497,96"
"24413";"SOBR CAROLINA 180G CHOC";"800";"131,000";"879,29";"879,29"
"24414";"SOBR CAROLINA 180G CHOC BCO ";"800";"53,000";"308,87";"308,87"
"36211";"SOBR CAROLINA 180G PISTACHE";"800";"26,000";"181,74";"181,74"
"8457";"SOBR DANETTE DANONE 180G CHOCOLATE";"800";"159,000";"1.627,51";"1.627,51"
"8458";"SOBR DANETTE DANONE 360G CHOC";"800";"169,000";"2.650,51";"2.650,51"
"36459";"SOBR DANONE DANETTE 360G CHOC BCO ";"800";"65,000";"630,65";"630,65"
"24415";"SOBR STA CLARA 200G CHOC";"800";"367,000";"2.449,23";"2.449,23"
"24416";"SOBR STA CLARA 200G CHOC BCO";"800";"161,000";"957,89";"957,89"
"24417";"SOBR STA CLARA 200G D LEITE";"800";"92,000";"552,08";"552,08"
"8460";"SOBRE BATAVO 200G PUDIM LEITE CONDENSAD";"800";"204,000";"2.037,96";"2.037,96"
"32698";"SOBRECOXA DESOSS SEARA CHUMICHURRI 800G";"800";"1,000";"19,69";"19,69"
"11999";"SOBRECOXA FGO CONG";"800";"2.296,000";"28.784,67";"28.582,25"
"32702";"SOBRECOXA FGO SADIA ASSA FACIL CONG 800G";"800";"411,000";"5.881,29";"5.881,29"
"32703";"SOBRECOXA FGO SADIA BDJ 1KG";"800";"30.739,000";"408.590,53";"358.138,46"
"12000";"SOBRECOXA FGO SADIA IQF 1KG";"800";"1.105,000";"15.788,15";"15.729,61"
"12001";"SOBRECOXA FGO SEARA ASSA FACIL 800G ERVAS FINAS";"800";"63,000";"1.175,22";"1.175,22"
"12002";"SOBRECOXA FGO SEARA BDJ 1KG";"800";"790,000";"12.148,30";"12.148,30"
"12003";"SOBRECOXA FGO SEARA IQF 1KG";"800";"831,000";"11.745,79";"11.745,79"
"32705";"SOBREPALETA PAMPLONA TEMP KG";"800";"223,218";"4.462,03";"4.462,03"
"36326";"SODA CAUSTICA ESCAMA SODABEL 1KG";"800";"50,000";"1.345,00";"1.331,89"
"36326";"SODA CAUSTICA ESCAMA SODABEL 1KG";"810";"1,000";"26,90";"26,90"
"36251";"SODA CAUSTICA ESCAMA SODABEL 300G";"800";"17,000";"234,43";"234,43"
"24424";"SOMBRINHA ACO POLIESTER 88X24CM  PTO";"800";"9,000";"224,91";"224,91"
"24425";"SOMBRINHA ACO POLIESTER 88X24CM  PTO";"800";"4,000";"79,96";"79,96"
"24426";"SOMBRINHA ACO/POLIESTER 94X24CM COLOR";"800";"1,000";"19,99";"19,99"
"24428";"SOMBRINHA CABO TELESCOPIO 100POL G3954H";"800";"5,000";"129,95";"129,95"
"8470";"SOMBRINHA GZT PRETA UC0003";"800";"2,000";"45,38";"45,38"
"12004";"SONHO CREME BAUN MARQUESPAN KG";"800";"107,298";"5.364,90";"5.364,90"
"12005";"SONHO DOCE LEITE MARQUESPAN KG";"800";"139,786";"6.989,52";"6.989,52"
"3433";"SOPA CARNE MAGGI 63G CONCHINHAS";"800";"17,000";"116,93";"116,93"
"3437";"SOPA CEBOLA MAGGI 68G";"800";"43,000";"280,97";"280,97"
"35628";"SOPA DE CANECA NEILAR 18G CARNE C BATATA";"800";"328,000";"652,72";"652,72"
"35631";"SOPA DE CANECA NEILAR 18G FGO C QJO";"800";"329,000";"654,71";"654,71"
"35632";"SOPA DE CANECA NEILAR 18G LEGUMES";"800";"353,000";"702,47";"702,47"
"35633";"SOPA DE CANECA NEILAR 18G MANDIO C CEBOLA";"800";"306,000";"608,94";"608,94"
"3431";"SOPA GALINHA MAGGI 60G FIDELINI";"800";"30,000";"206,60";"206,60"
"24432";"SOPA VONO INST ABOBORA CAR 17G";"800";"66,000";"131,34";"131,34"
"24438";"SOPA VONO INST MANDIOQ CEBOLA SALS A 17G";"800";"52,000";"103,48";"103,48"
"3440";"SOPAO APTI 180G CARNE MACARRAO LEGUM";"800";"181,000";"1.379,79";"1.379,79"
"3442";"SOPAO APTI 180G FEIJAO MACARRAO";"800";"216,000";"1.733,84";"1.729,84"
"3443";"SOPAO APTI 180G GALINHA VEGET";"800";"260,000";"1.973,40";"1.971,60"
"3460";"SOPAO KITANO 196G CARNE";"800";"148,000";"1.734,43";"1.734,43"
"3456";"SOPAO KITANO 196G FEIJ MAC BACON";"800";"121,000";"1.402,39";"1.402,39"
"3457";"SOPAO KITANO 196G GALINHA";"800";"113,000";"1.317,86";"1.317,86"
"3461";"SOPAO KITANO 196G LEGUM MACARRAO";"800";"114,000";"1.322,21";"1.322,21"
"3455";"SOPAO MAGGI 150G GALINHA LEGUMES";"800";"126,000";"1.312,64";"1.307,64"
"3452";"SOPAO MAGGI 200G CARNE LEGUMES";"800";"87,000";"753,77";"750,17"
"3450";"SOPAO MAGGI 200G CARNE PANELA";"800";"156,000";"1.339,20";"1.339,20"
"3447";"SOPAO MAGGI 200G COSTELA LEGUMES";"800";"58,000";"496,69";"491,09"
"33289";"SOPAO MAGGI 200G FEIJAO MACARRAO";"800";"3,000";"29,97";"29,97"
"3449";"SOPAO MAGGI 200G GALINHA CAIPIRA";"800";"245,000";"2.105,09";"2.089,25"
"3453";"SOPAO MAGGI 200G GALINHA LEGUMES";"800";"159,000";"1.380,99";"1.334,99"
"8795";"SORV TRIVIALY 1L ACAI C BANANA";"800";"13,000";"425,61";"425,61"
"8798";"SORV TRIVIALY 1L ACAI GUARANA";"800";"16,000";"580,14";"580,14"
"8794";"SORV TRIVIALY 250ML ACAI C BANANA";"800";"15,000";"219,75";"219,75"
"8797";"SORV TRIVIALY 250ML ACAI GUARANA";"800";"5,000";"70,07";"70,07"
"10332";"SORV TRIVIALY 2L 6 SABORES";"800";"10,000";"322,66";"322,66"
"24471";"SORV TRIVIALY 2L ACAI GUARANA";"800";"14,000";"907,94";"907,94"
"10341";"SORV TRIVIALY 2L CAS MORANGO";"800";"3,000";"97,63";"97,63"
"10333";"SORV TRIVIALY 2L CASADINHO";"800";"9,000";"290,81";"290,81"
"10334";"SORV TRIVIALY 2L CASSATA";"800";"15,000";"482,95";"482,95"
"10335";"SORV TRIVIALY 2L CHOC";"800";"11,000";"357,63";"357,63"
"10337";"SORV TRIVIALY 2L CREME";"800";"7,000";"225,03";"225,03"
"10339";"SORV TRIVIALY 2L NAPOLITANO";"800";"17,000";"544,57";"544,57"
"8796";"SORV TRIVIALY ECON 1L ACAI GUARANA";"800";"26,000";"894,14";"894,14"
"24473";"SORV YUGY 2L CARIOCA";"800";"47,000";"1.011,53";"1.011,53"
"24472";"SORV YUGY 2L CARIOCA MOR";"800";"34,000";"739,66";"739,66"
"24475";"SORV YUGY 2L NAPOLITANO";"800";"107,000";"2.342,93";"2.342,93"
"24474";"SORV YUGY 2L NEGA MALUCA";"800";"69,000";"1.535,31";"1.535,31"
"8473";"SORVETE KIBON 1,5L CREMOSISSIMO CHOCOLATE";"800";"9,000";"305,91";"305,91"
"8474";"SORVETE KIBON 1,5L CREMOSISSIMO CREME";"800";"24,000";"815,76";"815,76"
"8475";"SORVETE KIBON 1,5L CREMOSISSIMO FLOCOS";"800";"14,000";"475,86";"475,86"
"8476";"SORVETE KIBON 1,5L CREMOSISSIMO NAPOLI";"800";"23,000";"781,77";"781,77"
"8494";"SORVETE KIBON 800ML BLAST OVOMALTINE";"800";"9,000";"373,05";"373,05"
"8495";"SORVETE KIBON 800ML BLAST SNICKERS";"800";"7,000";"289,73";"289,73"
"8496";"SORVETE KIBON 800ML BLAST TABLITO";"800";"7,000";"279,93";"279,93"
"8500";"SORVETE KIBON 800ML CHICABON ZERO ";"800";"6,000";"255,30";"255,30"
"24450";"SORVETE MORS 1L ABACAXI";"800";"5,000";"94,75";"94,75"
"24451";"SORVETE MORS 1L ABACAXI A FRAN";"800";"22,000";"416,90";"416,90"
"24452";"SORVETE MORS 1L BANANA CARAMEL";"800";"27,000";"511,65";"511,65"
"24453";"SORVETE MORS 1L BRIGADEIRO";"800";"27,000";"511,65";"511,65"
"24455";"SORVETE MORS 1L CHOC PTO BCO";"800";"19,000";"360,05";"360,05"
"24454";"SORVETE MORS 1L CHOCOLATE";"800";"3,000";"56,85";"56,85"
"24456";"SORVETE MORS 1L CREME";"800";"14,000";"265,30";"265,30"
"24457";"SORVETE MORS 1L DOCE LEITE";"800";"4,000";"75,80";"75,80"
"24458";"SORVETE MORS 1L FLOCOS";"800";"48,000";"909,60";"909,60"
"24460";"SORVETE MORS 1L MORANGOS";"800";"21,000";"397,95";"397,95"
"24461";"SORVETE MORS 1L NAPOLITANO";"800";"46,000";"871,70";"871,70"
"24462";"SORVETE MORS 1L UNICORNIO";"800";"3,000";"56,85";"56,85"
"24463";"SORVETE MORS 2L ABACAXI FRANCE";"800";"9,000";"294,21";"294,21"
"24464";"SORVETE MORS 2L BANANA CARAMEL";"800";"8,000";"261,52";"261,52"
"24465";"SORVETE MORS 2L BRIGADEIRO";"800";"5,000";"163,45";"163,45"
"24466";"SORVETE MORS 2L CHOC PTO BCO";"800";"1,000";"32,69";"32,69"
"24467";"SORVETE MORS 2L FLOCOS";"800";"10,000";"326,90";"326,90"
"24469";"SORVETE MORS 2L NAPOLITANO";"800";"15,000";"490,35";"490,35"
"24480";"SPRAY PANTENE LEAVEIN OLEO 95ML";"800";"14,000";"629,86";"629,86"
"24481";"SPRAY PANTENE TRAT QUERATINA 160ML";"800";"14,000";"568,16";"568,16"
"24482";"SPRAY SECANTE ESM MOOD 400ML";"800";"9,000";"201,51";"201,51"
"34516";"STROGONOFF FGO PERDIGAO 300G C ARROZ";"800";"91,000";"1.345,89";"1.345,89"
"24484";"SUCO CBS 200ML PESSEGO MISTO";"800";"226,000";"579,70";"579,70"
"595";"SUCO COM TEM LARANJA VD 1L";"800";"4,000";"97,47";"97,47"
"582";"SUCO COM TEM TP 1L LARANJA";"800";"13,000";"201,37";"201,37"
"583";"SUCO COM TEM TP 1L MACA";"800";"22,000";"340,78";"340,78"
"584";"SUCO COM TEM TP 1L UVA";"800";"44,000";"681,56";"681,56"
"589";"SUCO COM TEM TP 200ML LARANJA";"800";"147,000";"562,73";"562,73"
"590";"SUCO COM TEM TP 200ML MACA";"800";"146,000";"543,74";"543,74"
"592";"SUCO COM TEM TP 200ML UVA E MACA";"800";"267,000";"1.025,93";"1.025,93"
"596";"SUCO COM TEM UVA VD 1L";"800";"11,000";"151,89";"151,89"
"586";"SUCO COM TEM VERDE VD 1L";"800";"13,000";"314,89";"314,89"
"34753";"SUCO DE UVA TREBOM PET 1 35L";"800";"435,000";"5.086,19";"5.086,19"
"34754";"SUCO DE UVA TREBOM VD 1 5L";"800";"141,000";"1.831,59";"1.831,59"
"632";"SUCO DEL VALLE 100 P CENTO TP 1L MACA";"800";"66,000";"1.267,90";"1.267,90"
"629";"SUCO DEL VALLE 100 P CENTO TP 1L UVA";"800";"101,000";"1.933,46";"1.933,46"
"618";"SUCO DEL VALLE 100 P CENTO TP 200ML MACA";"800";"250,000";"888,70";"888,70"
"643";"SUCO DEL VALLE FRUT PET 1 5L FRUT CITRICAS";"800";"621,000";"3.989,19";"3.975,59"
"645";"SUCO DEL VALLE FRUT PET 1 5L LARANJA";"800";"476,000";"3.086,24";"3.078,24"
"3868";"SUCO DEL VALLE FRUT PET 1 5L LIMAO";"800";"122,000";"787,98";"785,18"
"646";"SUCO DEL VALLE FRUT PET 1 5L UVA";"800";"744,000";"4.824,16";"4.805,56"
"621";"SUCO DEL VALLE FRUT PET 450ML CITRUS";"800";"118,000";"411,82";"411,82"
"8523";"SUCO DEL VALLE FRUT PET 450ML LARANJA";"800";"199,000";"694,51";"694,51"
"624";"SUCO DEL VALLE FRUT PET 450ML UVA";"800";"265,000";"924,85";"924,85"
"654";"SUCO DEL VALLE FRUT TP 1L LARANJA";"800";"132,000";"729,18";"729,18"
"656";"SUCO DEL VALLE FRUT TP 1L UVA";"800";"337,000";"1.860,23";"1.860,23"
"634";"SUCO DEL VALLE LT 290ML MANGA";"800";"141,000";"637,37";"619,55"
"635";"SUCO DEL VALLE LT 290ML MARACUJA";"800";"91,000";"409,85";"393,85"
"637";"SUCO DEL VALLE LT 290ML PESSEGO";"800";"190,000";"857,76";"838,66"
"639";"SUCO DEL VALLE LT 290ML UVA";"800";"132,000";"594,64";"565,38"
"602";"SUCO DEL VALLE TP 1L ABACAXI";"800";"226,000";"2.246,38";"2.135,71"
"604";"SUCO DEL VALLE TP 1L LARANJA";"800";"234,000";"2.303,66";"2.301,66"
"606";"SUCO DEL VALLE TP 1L MANGA";"800";"187,000";"1.860,73";"1.860,73"
"601";"SUCO DEL VALLE TP 1L PESSEGO";"800";"372,000";"3.698,28";"3.632,28"
"607";"SUCO DEL VALLE TP 1L UVA";"800";"295,000";"2.917,05";"2.843,05"
"615";"SUCO DEL VALLE TP 200ML PESSEGO";"800";"1.049,000";"2.751,15";"2.751,15"
"619";"SUCO DEL VALLE TP 200ML UVA";"800";"914,000";"2.612,78";"2.612,78"
"659";"SUCO KAPO 200ML ABACAXI";"800";"2.196,000";"6.108,20";"5.801,16"
"660";"SUCO KAPO 200ML FRUT CITRICAS";"800";"1.048,000";"2.961,28";"2.768,88"
"661";"SUCO KAPO 200ML LARANJA";"800";"2.543,000";"7.046,09";"6.643,37"
"662";"SUCO KAPO 200ML MACA";"800";"1.530,000";"4.216,70";"3.989,66"
"34951";"SUCO KAPO 200ML MELANCIA";"800";"1.534,000";"4.121,76";"3.934,86"
"663";"SUCO KAPO 200ML MORANGO";"800";"2.676,000";"7.501,00";"7.011,56"
"664";"SUCO KAPO 200ML UVA";"800";"4.108,000";"11.445,56";"10.711,48"
"684";"SUCO MAGUARY CONCENTRADO PET 500ML MARACUJA";"800";"41,000";"606,50";"606,50"
"670";"SUCO MAGUARY TP 1L ABACAXI";"800";"128,000";"1.000,52";"1.000,52"
"672";"SUCO MAGUARY TP 1L CAJU";"800";"70,000";"549,10";"549,10"
"674";"SUCO MAGUARY TP 1L GOIABA";"800";"1,000";"7,99";"7,99"
"677";"SUCO MAGUARY TP 1L LARANJA";"800";"202,000";"1.577,58";"1.577,58"
"675";"SUCO MAGUARY TP 1L LARANJA LIGHT";"800";"15,000";"116,85";"116,85"
"678";"SUCO MAGUARY TP 1L MACA";"800";"31,000";"241,89";"241,89"
"679";"SUCO MAGUARY TP 1L MARACUJA";"800";"55,000";"430,05";"430,05"
"680";"SUCO MAGUARY TP 1L MORANGO";"800";"61,000";"476,99";"476,99"
"681";"SUCO MAGUARY TP 1L TANGERINA";"800";"2,000";"15,58";"15,58"
"682";"SUCO MAGUARY TP 1L UVA";"800";"76,000";"593,84";"593,84"
"3838";"SUCO MAGUARY TP 1L UVA BAIXA CAL";"800";"23,000";"179,97";"179,97"
"12011";"SUCO NATURAL 1L";"800";"2.396,000";"37.895,08";"36.618,09"
"12012";"SUCO NATURAL 500ML";"800";"1.667,000";"13.302,66";"13.302,66"
"24497";"SUCO NECTAR CBS PESSEGO MISTO 1 L";"800";"265,000";"2.147,35";"2.147,35"
"704";"SUCO NECTAR CBS TP 1L ABACAXI";"800";"232,000";"1.880,88";"1.880,88"
"706";"SUCO NECTAR CBS TP 1L LARANJA";"800";"212,000";"1.707,48";"1.707,48"
"707";"SUCO NECTAR CBS TP 1L MANGA";"800";"46,000";"374,34";"374,34"
"708";"SUCO NECTAR CBS TP 1L MORANGO";"800";"97,000";"783,43";"783,43"
"709";"SUCO NECTAR CBS TP 1L UVA";"800";"375,000";"3.011,85";"3.011,85"
"698";"SUCO NECTAR CBS TP 200ML ABACAXI";"800";"454,000";"1.153,34";"1.153,34"
"700";"SUCO NECTAR CBS TP 200ML LARANJA";"800";"547,000";"1.390,67";"1.390,67"
"701";"SUCO NECTAR CBS TP 200ML MANGA";"800";"250,000";"635,94";"635,94"
"702";"SUCO NECTAR CBS TP 200ML MORANGO";"800";"231,000";"577,35";"577,35"
"703";"SUCO NECTAR CBS TP 200ML UVA";"800";"513,000";"1.303,61";"1.303,61"
"8530";"SUCO SKINKA 450 ML FRUTAS CITRICAS";"800";"9,000";"35,91";"35,91"
"8531";"SUCO SKINKA 450 ML FRUTAS VERMELHA";"800";"5,000";"17,45";"17,45"
"8532";"SUCO SKINKA 450 ML UVA";"800";"44,000";"175,96";"175,96"
"24498";"SUCO TRADICAO NECTAR MISTO 1 5L UVA MACA";"800";"181,000";"2.908,14";"2.908,14"
"717";"SUCO UVA AURORA INT BCO TP 1 5L";"800";"37,000";"742,36";"742,36"
"719";"SUCO UVA AURORA INT TP 1 5L";"800";"261,000";"5.248,33";"5.248,33"
"729";"SUCO UVA GARIBALDI INT VD 1 5L TINTO";"800";"33,000";"659,67";"659,67"
"24511";"SUP FIXO PARAF 3 2X20 ";"800";"30,000";"423,34";"423,34"
"24519";"SUP P PAPEL HIG ";"800";"14,000";"195,86";"195,86"
"24520";"SUP P PAPEL TOAL CROMADO 14X14X18CM";"800";"4,000";"39,96";"39,96"
"24521";"SUP P PAPEL TOAL QUADRAD 14X21 5CM ";"800";"2,000";"45,98";"45,98"
"24522";"SUP P PAPEL TOAL RED 14X21 5CM ";"800";"2,000";"45,98";"45,98"
"24515";"SUP P/FILTRO CAFE C/BICO DECORA";"800";"2,000";"32,98";"32,98"
"24518";"SUP P/PANELA ARAMADO RED";"800";"2,000";"33,98";"33,98"
"24526";"SUP PENDENTE S CHAVE";"800";"21,000";"251,79";"251,79"
"33389";"SUPORTE P FILTRO CAFE A1";"800";"5,000";"49,95";"49,95"
"33484";"SUPORTE P FILTRO CAFE B1";"800";"3,000";"41,97";"41,97"
"34929";"SUPORTE P FITA ADESIVA";"800";"3,000";"74,97";"74,97"
"37717";"SUPORTE PLASTICO P PRATOS DECORA 17";"800";"1,000";"7,99";"7,99"
"24532";"TABLETE TRICLORO MULT BEL PISCS 200G";"800";"22,000";"217,58";"217,58"
"38467";"TABUA TRAMONTINA RETANG 18MM";"800";"1,000";"34,99";"34,99"
"10347";"TABUA TRAMONTINA RETANGULAR ";"800";"2,000";"85,98";"85,98"
"24546";"TACA AGUA BUFFET SM 300ML";"800";"12,000";"119,88";"119,88"
"24547";"TACA AGUA VIDRO DIAMOND 340ML";"800";"178,000";"1.750,22";"1.658,22"
"37584";"TACA BELGICA FLORK MAES 300ML";"800";"2,000";"39,98";"39,98"
"33358";"TACA FLORIPA 300ML CERV CHURRASQUE";"800";"2,000";"45,80";"45,80"
"33359";"TACA FLORIPA 300ML PAI MEU MESTRE";"800";"2,000";"45,80";"45,80"
"33360";"TACA FLORIPA 300ML PAI VC BATE UM";"800";"2,000";"45,80";"45,80"
"24555";"TACA GIN C/2 GREMIO";"800";"1,000";"29,99";"29,99"
"24556";"TACA GIN C/2 INTER";"800";"3,000";"89,97";"89,97"
"34363";"TACA GIN SHELBY FANTASY 500ML AZL RSA";"800";"1,000";"8,99";"8,99"
"34360";"TACA GIN SHELBY FANTASY 500ML DOURADA";"800";"1,000";"8,99";"8,99"
"34361";"TACA GIN SHELBY FANTASY 500ML PRATA";"800";"1,000";"8,99";"8,99"
"34359";"TACA GIN SHELBY FANTASY 500ML ROX RSA";"800";"2,000";"17,98";"17,98"
"34362";"TACA GIN SHELBY FANTASY 500ML TIFFANY RSA";"800";"1,000";"8,99";"8,99"
"24559";"TACA MILK SHAKE 340ML BV0144";"800";"4,000";"87,96";"87,96"
"8542";"TACA NADIR CHAMP BUFFET 186ML ";"800";"18,000";"143,82";"143,82"
"8544";"TACA NADIR CHAMPAGNE WINDSOR 7828 ";"800";"42,000";"335,58";"335,58"
"8546";"TACA NADIR GALL VINHO TTO 250ML7008 ";"800";"41,000";"368,59";"368,59"
"8548";"TACA NADIR GIN TONICA 600ML 7948";"800";"79,000";"1.184,21";"1.184,21"
"8549";"TACA NADIR PAULISTA AGUA 250ML 7002 ";"800";"19,000";"132,81";"132,81"
"10349";"TACA NF FRANKF 310ML ";"800";"27,000";"269,73";"269,73"
"24561";"TACA P/CHAMPAGNE VERM 170ML";"800";"2,000";"33,98";"33,98"
"24562";"TACA PAULISTA VINHO NADIR 200ML";"800";"186,000";"1.638,14";"1.561,14"
"24564";"TACA PRATICASA VINHO 350ML";"800";"9,000";"62,91";"62,91"
"24565";"TACA SOB GELATERIA 310ML 24846";"800";"2,000";"23,96";"23,96"
"35975";"TACA SOBREMESA C 6 WELLMIX WX4428";"800";"1,000";"69,90";"69,90"
"36936";"TACA SORVETE CLUBE 400ML";"800";"3,000";"29,97";"29,97"
"36845";"TACA VD AGUA TRANSP 260ML";"800";"34,000";"271,66";"271,66"
"36421";"TACA VD CHAMPAGNE TRANSP 160ML";"800";"41,000";"409,59";"409,59"
"32761";"TACA VIDRO 240ML";"800";"8,000";"79,91";"78,92"
"24569";"TACA VIDRO DIAM 340ML";"800";"16,000";"159,84";"158,84"
"24570";"TACA VINHO BUFFET SM 260ML";"800";"62,000";"557,38";"557,38"
"24572";"TACA WINDSOR 250ML VINHO TINTO";"800";"1,000";"5,99";"5,99"
"24574";"TACA WINDSOR 330ML COMECE/RECOMECE";"800";"1,000";"25,99";"25,99"
"8552";"TALCO ALMA DE FLORES 100G";"800";"54,000";"1.019,70";"1.019,70"
"24635";"TALCO ALMA F JASMIM 100G";"800";"33,000";"614,64";"614,64"
"4348";"TALCO BARUEL TENYS PE 100G PO WOMAN";"800";"146,000";"2.023,27";"2.023,27"
"10351";"TALCO CLUB PET BANHO SECO 100G FEMEA";"800";"6,000";"77,94";"77,94"
"10350";"TALCO CLUB PET BANHO SECO 100G MACHO";"800";"7,000";"90,93";"90,93"
"10352";"TALCO PET BOBY DOG 100G";"800";"50,000";"929,50";"922,81"
"10353";"TALCO POM POM INF 200G";"800";"30,000";"443,70";"443,70"
"10354";"TALCO TENYS PE BARUEL 100G S PERFUME";"800";"1,000";"13,59";"13,59"
"8558";"TALCO VINI LADY 100G FLORES";"800";"19,000";"402,44";"402,44"
"8560";"TALCO VINI LADY 200G BABY CAMOMILA";"800";"63,000";"1.297,17";"1.297,17"
"8561";"TALCO VINI LADY 200G BABY LAVANDA";"800";"59,000";"1.214,81";"1.214,81"
"12016";"TAMARA UNIAGRO KG";"800";"70,722";"4.455,74";"4.452,80"
"34492";"TAMPA LAVATORIO";"800";"11,000";"43,89";"43,89"
"24600";"TAMPA SANREMO P MICROONDAS R 810 ";"800";"2,000";"33,98";"33,98"
"37176";"TAMPA SILICONE 190 160 140 115 90";"800";"1,000";"14,99";"14,99"
"24603";"TAP 40X60CM POLIESTER FELPUDO";"800";"2,000";"37,98";"37,98"
"24604";"TAP ANTIDERR 31,5X57CM";"800";"1,000";"6,99";"6,99"
"24605";"TAP ANTIDERR P COMED PATA 30X40CM ";"800";"4,000";"99,96";"99,96"
"24608";"TAP BEM VINDO CORTTEX 40X60CM";"800";"32,000";"639,68";"638,68"
"24609";"TAP BEM VINDO PVC 37X57CM";"800";"54,000";"755,46";"755,46"
"24611";"TAP BOL MICROFIBRA 38X58CM";"800";"38,000";"911,62";"911,62"
"24612";"TAP BOX 38X69CM PVC OVAL DTA0201";"800";"5,000";"74,95";"74,95"
"24634";"TAP COMEDOUROS OVAL PATINHAS INGA ";"800";"1,000";"20,99";"20,99"
"24620";"TAP HIG MR DRY C 7 60X60G";"800";"152,000";"1.961,48";"1.932,48"
"24621";"TAP HIG MR DRY C 7 80X60G";"800";"70,000";"1.301,30";"1.301,30"
"24622";"TAP HIP/PET C/10";"800";"52,000";"1.195,48";"1.195,48"
"24625";"TAP OVAL 60X40CM MUNDIART";"800";"1,000";"25,59";"25,59"
"24627";"TAP P/BOX PVC OVAL 38X69CM";"800";"5,000";"49,95";"49,95"
"24632";"TAP RED COLORS LUXO 50CM";"800";"2,000";"32,58";"32,58"
"33834";"TAPETE BOX CORTTEX 39X60 TRANSPARENTE";"800";"6,000";"131,94";"131,94"
"33305";"TAPETE BOX OVAL PVC 61X35CM";"800";"1,000";"9,99";"9,99"
"8564";"TAPETE HIGIENICO FOFO 56X56CM 7UN";"800";"75,000";"1.349,25";"1.349,25"
"8565";"TAPETE P CAES PINICAO 7UN ";"800";"61,000";"1.426,79";"1.426,79"
"35895";"TAPETE P CAO FOFUXAO 60X55 C 30";"800";"32,000";"1.775,68";"1.775,68"
"8566";"TAPETE PANOSUL BOX PEGADA ";"800";"2,000";"51,98";"51,98"
"37820";"TAPETE POLIESTER 38X58 RF608";"800";"3,000";"89,70";"89,70"
"34785";"TARJETA MEDIA 2 MEIA";"800";"21,000";"251,79";"251,79"
"24636";"TCO BAN SECO GENIAL PET 100G";"800";"11,000";"119,62";"119,62"
"24637";"TCO BAN SECO GENIAL PET 100G";"800";"4,000";"45,16";"45,16"
"24638";"TCO CORP JAYLUC 80G JASMIN";"800";"76,000";"937,54";"937,54"
"24639";"TCO CORP JAYLUC 80G ROSAS";"800";"79,000";"970,91";"970,91"
"24641";"TCO P PES AMAZONIA 100G FRESH";"800";"474,000";"3.526,26";"3.445,66"
"24643";"TCO P PES AMAZONIA 100G MENTOLADO";"800";"439,000";"3.310,61";"3.213,91"
"24644";"TCO P PES AMAZONIA 100G SPORT";"800";"497,000";"3.800,13";"3.753,03"
"24645";"TCO P PES AMAZONIA 100G WOMAN";"800";"372,000";"2.799,48";"2.769,58"
"10024";"TCO POLVILHO ANT GRANADO 100G FRESH";"800";"54,000";"969,77";"969,77"
"10026";"TCO POLVILHO ANT GRANADO 100G PINK";"800";"73,000";"1.323,98";"1.323,98"
"24649";"TCO POLVILHO ANT GRANADO 100G TRAD";"800";"61,000";"1.105,69";"1.105,69"
"24653";"TCO TENYS PE BARUEL PO 100G ORIG";"800";"26,000";"353,34";"353,34"
"8570";"TEE Q UTIL LISO 25MM RF2135 ";"800";"1,000";"2,25";"2,25"
"24657";"TELA PROTETORA P/ALIM 36X21CM";"800";"7,000";"90,93";"90,93"
"3605";"TEMP ACAFRAO DA TERRA KITANO 50G CURCUMA";"800";"216,000";"2.157,84";"2.157,84"
"3499";"TEMP ACAFRAO TOP FEST 20G";"800";"160,000";"695,40";"695,40"
"3559";"TEMP ADOBO CHURRASCO KITANO 12G";"800";"88,000";"553,52";"553,52"
"3570";"TEMP ADOBO MISTO TOP FEST 40G";"800";"289,000";"2.363,61";"2.363,61"
"3523";"TEMP ADOBO TOP FEST 15G ALHO";"800";"231,000";"1.019,79";"1.019,79"
"3522";"TEMP ADOBO TOP FEST 15G MISTO";"800";"237,000";"1.047,03";"1.047,03"
"24659";"TEMP AJI SAL 250G";"800";"11,000";"73,59";"73,59"
"3590";"TEMP ALHO GRANULADO TOP FEST 50G";"800";"189,000";"1.559,61";"1.559,61"
"3467";"TEMP AMACIANTE CARNE KITANO 120G";"800";"42,000";"763,98";"763,98"
"3466";"TEMP AMACIANTE CARNE MAGGI 120G";"800";"85,000";"853,74";"853,74"
"3751";"TEMP ARISCO 300G ALHO SAL";"800";"74,000";"662,66";"662,66"
"3611";"TEMP BAIANO KITANO 40G";"800";"66,000";"778,14";"778,14"
"3686";"TEMP BICARBONATO SODIO APTI 100G";"800";"340,000";"1.560,60";"1.560,60"
"3666";"TEMP BICARBONATO SODIO KITANO 30G";"800";"236,000";"752,84";"752,84"
"3667";"TEMP BICARBONATO SODIO TOP FES 100G";"800";"394,000";"1.517,26";"1.517,26"
"3541";"TEMP CAMOMILA KITANO 10G";"800";"158,000";"788,42";"788,42"
"35146";"TEMP CAMPEIRO 15G PIMENTA PTA";"800";"146,000";"752,54";"752,54"
"3588";"TEMP CAMPEIRO 30G ALHO SALSA OREG";"800";"132,000";"1.403,48";"1.403,48"
"3755";"TEMP CAMPERO LINGUICA CASEIRA 60G C PIMENTA";"800";"90,000";"1.207,25";"1.207,25"
"3558";"TEMP CANELA CASCA KITANO 20G";"800";"249,000";"1.641,41";"1.641,41"
"3471";"TEMP CANELA CASCA KITANO 8G";"800";"424,000";"886,16";"886,16"
"3511";"TEMP CANELA CASCA TOP FEST 15G";"800";"537,000";"2.410,23";"2.410,23"
"3504";"TEMP CANELA MOIDA TOP FEST 20G";"800";"338,000";"1.569,02";"1.569,02"
"3600";"TEMP CANELA PO KITANO 50G";"800";"312,000";"3.054,48";"3.054,48"
"3469";"TEMP CANELA PO YOKI 8G";"800";"393,000";"782,12";"782,12"
"3501";"TEMP CEBOLA ALHO SALSA CAMPERO 10G";"800";"264,000";"1.151,46";"1.151,46"
"3563";"TEMP CEBOLA ALHO SALSA CAMPERO 30G";"800";"230,000";"1.786,50";"1.786,50"
"3614";"TEMP CEBOLA GRANULADA KITANO 50G";"800";"37,000";"469,53";"469,53"
"3549";"TEMP CEBOLINHA VERDE KITANO 5G";"800";"52,000";"275,08";"275,08"
"3509";"TEMP CHEIRO VERDE TOP FEST 5G";"800";"86,000";"442,74";"442,74"
"3566";"TEMP CHIMICHURRI CAMPERO 30G";"800";"754,000";"6.932,06";"6.932,06"
"3594";"TEMP CHIMICHURRI KITANO 12G";"800";"210,000";"1.929,90";"1.929,90"
"3485";"TEMP COENTRO GRAO TOP FEST 15G";"800";"27,000";"121,07";"121,07"
"3476";"TEMP COLORAU TOP FEST 100G";"800";"212,000";"866,28";"866,28"
"3475";"TEMP COLORIFICO APTI 100G";"800";"455,000";"1.534,75";"1.534,75"
"3609";"TEMP COLORIFICO APTI 500G";"800";"98,000";"890,72";"890,72"
"3507";"TEMP COMINHO MOIDO TOP FEST 15G";"800";"79,000";"405,81";"405,81"
"3478";"TEMP COMINHO PO KITANO 8G";"800";"64,000";"223,36";"223,36"
"3749";"TEMP COMPLETO ARISCO 300G C PIMENTA";"800";"83,000";"744,23";"744,23"
"3750";"TEMP COMPLETO ARISCO 300G S PIMENTA";"800";"95,000";"850,97";"850,97"
"3754";"TEMP COMPLETO CAMPERO 90G C PIMENTA";"800";"152,000";"2.455,08";"2.445,48"
"1023";"TEMP COMPLETO KITANO 1KG ALHO E SAL";"800";"26,000";"569,14";"557,75"
"1008";"TEMP COMPLETO KITANO 1KG C PIMENTA";"800";"56,000";"1.225,84";"1.225,84"
"1009";"TEMP COMPLETO KITANO 1KG S PIMENTA";"800";"57,000";"1.247,73";"1.247,73"
"3671";"TEMP COMPLETO NEILAR 250G C PIMENTA";"800";"497,000";"1.983,03";"1.983,03"
"3669";"TEMP COMPLETO NEILAR 250G S PIMENTA";"800";"768,000";"3.064,32";"3.064,32"
"3703";"TEMP COMPLETO NEILAR 500G C PIMENTA";"800";"88,000";"412,72";"412,72"
"1012";"TEMP COMPLETO ODERICH 1KG C PIMENTA";"800";"250,000";"2.226,80";"2.226,80"
"1014";"TEMP COMPLETO ODERICH 1KG S PIMENTA";"800";"168,000";"1.501,95";"1.501,95"
"3676";"TEMP COMPLETO ODERICH 300G C PIMENTA";"800";"333,000";"1.516,89";"1.516,89"
"3677";"TEMP COMPLETO ODERICH 300G S PIMENTA";"800";"369,000";"1.688,11";"1.688,11"
"3621";"TEMP CRAVO INDIA KITANO 40G";"800";"227,000";"5.513,83";"5.513,83"
"3567";"TEMP CRAVO INDIA KITANO 8G";"800";"377,000";"2.899,13";"2.899,11"
"3513";"TEMP CRAVO INDIA TOP FEST 10G";"800";"536,000";"2.618,64";"2.618,64"
"3616";"TEMP CURRY KITANO 50G";"800";"47,000";"699,83";"699,83"
"3610";"TEMP ERVA DOCE KITANO 40G";"800";"239,000";"2.817,81";"2.817,81"
"3479";"TEMP ERVA DOCE KITANO 8G";"800";"132,000";"421,38";"421,38"
"3486";"TEMP ERVA DOCE TOP FEST 12G";"800";"347,000";"1.719,93";"1.719,93"
"1015";"TEMP EXTREMO SABOR 1 01K ALHO E SAL";"800";"120,000";"1.288,65";"1.288,65"
"1017";"TEMP EXTREMO SABOR 1 01K C PIMENTA";"800";"137,000";"1.468,91";"1.467,91"
"1018";"TEMP EXTREMO SABOR 1 01K P GALETO";"800";"40,000";"437,60";"437,60"
"1021";"TEMP EXTREMO SABOR 1 01K S PIMENTA";"800";"122,000";"1.306,61";"1.304,61"
"3764";"TEMP EXTREMO SABOR 250G STEAK RUB";"800";"4,000";"87,16";"87,16"
"3593";"TEMP FLOCOS KITANO 13G PIMENTA CALABRESA";"800";"115,000";"999,35";"999,35"
"3533";"TEMP FOLHA LOURO KITANO 4G";"800";"189,000";"886,41";"886,41"
"3580";"TEMP FUMACA EM PO 50G";"800";"51,000";"524,79";"522,49"
"3557";"TEMP GENGIBRE MOIDO KITANO 15G";"800";"74,000";"495,06";"495,06"
"3746";"TEMP KITANO 300G ALHO SAL";"800";"11,000";"115,77";"115,77"
"3741";"TEMP KITANO 40G CEBOLA ALHO SALSA";"800";"176,000";"1.265,44";"1.265,44"
"3684";"TEMP KITANO ALECRIM DESID 6G";"800";"157,000";"720,63";"720,63"
"3743";"TEMP KITANO BICARBONATO SODIO 80G";"800";"258,000";"2.106,12";"2.106,12"
"3695";"TEMP KITANO COLORIFICO 80G";"800";"97,000";"484,03";"484,03"
"3745";"TEMP KITANO COMP 300G C PIMENTA";"800";"89,000";"933,61";"933,61"
"3744";"TEMP KITANO COMP 300G S PIMENTA";"800";"130,000";"1.363,70";"1.363,70"
"3708";"TEMP KITANO MAIS SABOR 60G ARROZ";"800";"254,000";"1.521,46";"1.521,46"
"3714";"TEMP KITANO MAIS SABOR 60G AVES";"800";"320,000";"1.916,80";"1.916,80"
"3716";"TEMP KITANO MAIS SABOR 60G CARNES";"800";"767,000";"4.594,33";"4.594,33"
"3713";"TEMP KITANO MAIS SABOR 60G FEIJAO";"800";"411,000";"2.461,89";"2.461,89"
"3715";"TEMP KITANO MAIS SABOR 60G LEGUMES";"800";"84,000";"503,16";"503,16"
"3710";"TEMP KITANO MAIS SABOR 60G MASSAS";"800";"319,000";"1.910,81";"1.910,81"
"3672";"TEMP KITANO MANJERICAO DESID 7G";"800";"157,000";"626,43";"626,43"
"35594";"TEMP KNORR 50G ARROZ";"800";"9,000";"62,91";"62,91"
"3613";"TEMP LINGUICA CASEIRA CAMPERO 60G S PIMENTA";"800";"129,000";"2.085,11";"2.085,11"
"3514";"TEMP LOURO FOLHAS TOP FEST 5G";"800";"168,000";"905,52";"904,32"
"3596";"TEMP LOURO PO KITANO 12G";"800";"74,000";"680,06";"680,06"
"3753";"TEMP MAGGI 120G FONDOR";"800";"32,000";"330,88";"330,88"
"3752";"TEMP MAGGI 120G GRIL";"800";"59,000";"615,67";"615,67"
"3691";"TEMP MAGGI MEU SEGREDO 49G 7 VEGETAIS";"800";"471,000";"2.292,73";"2.292,73"
"3693";"TEMP MAGGI MEU SEGREDO 49G TOMATE ERVAS";"800";"208,000";"1.011,20";"1.009,24"
"24686";"TEMP MAGGI MEU SEGREDO AL CEB 49G";"800";"137,000";"645,13";"645,13"
"3675";"TEMP MAGGI TEMPERO E SABOR 50G AVES";"800";"886,000";"4.421,14";"4.421,14"
"3674";"TEMP MAGGI TEMPERO E SABOR 50G CARNES";"800";"2.264,000";"11.297,36";"11.297,36"
"3579";"TEMP MISTO CAMPERO 30G BOLONHESA";"800";"84,000";"803,56";"803,56"
"3577";"TEMP MISTO CAMPERO 30G DUCHEF";"800";"96,000";"938,24";"938,24"
"3502";"TEMP MISTO CHIMICHURRI TOP FEST 10G";"800";"507,000";"2.211,33";"2.211,33"
"38268";"TEMP MISTO DUCHEF CAMPERO 10G";"800";"3,000";"12,87";"12,87"
"3603";"TEMP MISTO LEMON PEPPER CAMPERO 50G";"800";"308,000";"3.294,92";"3.294,92"
"3607";"TEMP MISTO MIX PIMENTAS CAMPERO 30G";"800";"52,000";"541,58";"541,58"
"3526";"TEMP MISTO PIZZA TOP FEST 10G";"800";"159,000";"852,21";"852,21"
"3525";"TEMP MISTO TOP FEST 10G ALHO SALSA OREG";"800";"579,000";"2.571,81";"2.571,81"
"3598";"TEMP NOZ MOSCADA GRAO KITANO 8G";"800";"80,000";"767,20";"767,20"
"3515";"TEMP NOZ MOSCADA MOIDA TOP FEST 10G";"800";"113,000";"499,17";"499,17"
"3683";"TEMP ODERICH 300G ALHO SAL";"800";"7,000";"32,13";"32,13"
"3681";"TEMP ODERICH 300G AVES";"800";"92,000";"426,18";"426,18"
"3555";"TEMP OREGANO CHEFLINE KITANO 200G";"800";"51,000";"1.668,49";"1.668,49"
"3544";"TEMP OREGANO KITANO 10G";"800";"481,000";"2.736,89";"2.736,89"
"3561";"TEMP OREGANO KITANO 15G";"800";"249,000";"1.780,71";"1.779,21"
"3474";"TEMP OREGANO KITANO 3G";"800";"526,000";"1.414,94";"1.414,94"
"3551";"TEMP OREGANO TOP FEST 20G";"800";"367,000";"2.932,33";"2.932,33"
"3602";"TEMP OREGANO TOP FEST 50G";"800";"535,000";"6.896,15";"6.896,15"
"3517";"TEMP OREGANO TOP FEST 8G";"800";"614,000";"3.067,06";"3.067,06"
"3608";"TEMP PAPRICA DEFUMADA CAMPERO 50G";"800";"386,000";"5.424,14";"5.424,14"
"3619";"TEMP PAPRICA KITANO 50G PIMENTA CALABRESA";"800";"124,000";"2.416,76";"2.416,76"
"3528";"TEMP PAPRICA TOP FEST 10G DOCE";"800";"117,000";"507,93";"507,93"
"3529";"TEMP PAPRICA TOP FEST 10G PICANTE";"800";"200,000";"880,20";"880,20"
"3538";"TEMP PIMENT REINO PTA PO KITANO 15G";"800";"131,000";"692,99";"692,99"
"3591";"TEMP PIMENTA BCA MOIDA KITANO 15G";"800";"34,000";"295,46";"295,46"
"3520";"TEMP PIMENTA CALABRESA TOP FEST 15G";"800";"47,000";"253,33";"253,33"
"3583";"TEMP PIMENTA E COMINHO KITANO 15G";"800";"29,000";"237,51";"237,51"
"3543";"TEMP PIMENTA PRETA GRAO KITANO 15G";"800";"89,000";"524,21";"524,21"
"3519";"TEMP PIMENTA PTA MOIDA TOP FEST 20G";"800";"181,000";"793,59";"793,59"
"3612";"TEMP PIMENTA PTA PO KITANO 50G";"800";"127,000";"1.560,83";"1.560,83"
"3727";"TEMP SABOR AMI 300G ALHO SAL";"800";"203,000";"1.459,57";"1.459,57"
"3724";"TEMP SABOR AMI 300G C PIMENTA";"800";"121,000";"813,81";"813,81"
"3726";"TEMP SABOR AMI 300G S PIMENTA";"800";"238,000";"1.711,22";"1.711,22"
"3536";"TEMP SAL AMONIACO APTI 100G";"800";"99,000";"527,51";"527,51"
"3552";"TEMP SALSA DESIDRATADA KITANO 8G";"800";"108,000";"603,72";"603,72"
"3732";"TEMP SAZON 60G ARROZ BRANCO";"800";"583,000";"4.075,17";"4.075,17"
"3737";"TEMP SAZON 60G CARNES";"800";"4.830,000";"33.761,70";"33.761,70"
"3737";"TEMP SAZON 60G CARNES";"810";"4,000";"27,96";"27,96"
"3735";"TEMP SAZON 60G FEIJAO";"800";"972,000";"6.794,28";"6.794,28"
"3739";"TEMP SAZON 60G FRANGO";"800";"1.022,000";"7.143,78";"7.143,78"
"3734";"TEMP SAZON 60G MASSAS";"800";"743,000";"5.193,57";"5.193,57"
"3540";"TEMP TOMILHO KITANO 10G";"800";"43,000";"236,07";"236,07"
"3495";"TEMP TOP FEST 7G MANJERICAO";"800";"126,000";"555,54";"555,54"
"3496";"TEMP TOP FEST 7G MANJERONA";"800";"119,000";"521,61";"521,61"
"3760";"TEMP TOQUE CHEF 120G GRELHADOS";"800";"16,000";"310,24";"310,24"
"12021";"TEMP VERDE UN";"800";"17.305,000";"48.811,90";"48.811,90"
"12017";"TEMP VERDE UN BARRA QUARAI";"800";"5,000";"14,95";"14,95"
"12018";"TEMP VERDE UN ITAQUI";"800";"2.537,000";"7.185,26";"7.185,26"
"12019";"TEMP VERDE UN QUARAI";"800";"1.092,000";"3.483,48";"3.483,48"
"12020";"TEMP VERDE UN SAO BORJA";"800";"3.460,000";"7.973,78";"7.973,16"
"8995";"TEMPER CHEESE SANTA CLARA 150G SALAME PEPINO";"800";"37,000";"436,23";"436,23"
"8572";"TEMPER CHEESE STA CLARA 150G ERVAS FINAS";"800";"33,000";"389,07";"389,07"
"8573";"TEMPER CHEESE STA CLARA 150G NATURAL";"800";"23,000";"271,17";"271,17"
"8575";"TEMPER CHEESE STA CLARA 150G PARMESAO";"800";"30,000";"353,70";"353,70"
"8576";"TEMPER CHEESE STA CLARA 150G PESTO";"800";"4,000";"47,16";"47,16"
"8577";"TEMPER CHEESE STA CLARA 150G PROVOLONE";"800";"17,000";"200,43";"200,43"
"8578";"TEMPER CHEESE STA CLARA 150G SALMAO";"800";"15,000";"176,85";"176,85"
"24708";"TERRA VEGETAL VITAPLAN 2KG";"800";"20,000";"279,80";"279,80"
"8584";"TERRA VITAPLAN 1 5KG VIOLETA ";"800";"4,000";"64,87";"64,87"
"24710";"TES ESC AZUL ACRILEX-22535";"800";"16,000";"207,84";"207,84"
"24712";"TES ESC PTA ACRILEX 22537";"800";"13,000";"168,87";"168,87"
"24713";"TES ESC ROSA ACRILEX 22536";"800";"27,000";"350,73";"350,73"
"24719";"TES M BONI INF R.1735B";"800";"4,000";"59,96";"59,96"
"24721";"TES M USO BASIC 8 20 3CM SL0087 ";"800";"24,000";"239,76";"239,76"
"24722";"TES M USO COLOR 9 1 2 SL0095D ";"800";"8,000";"143,92";"143,92"
"24723";"TES M USO ORIG 8 1 2 21 5CM ";"800";"13,000";"168,87";"168,87"
"24726";"TES P CABELO 5 1 2 14CM 000083D ";"800";"12,000";"71,88";"71,88"
"24728";"TES PICOTAR PLAST LEOELEO-4586";"800";"11,000";"80,19";"80,19"
"24732";"TES UNHA BABY BASIC INOX 7 5CM ";"800";"6,000";"59,94";"59,94"
"24735";"TES UNHA PONTA RED INOX";"800";"3,000";"14,97";"14,97"
"34948";"TESOURA ESC C VISOR E MOLA LYKE";"800";"5,000";"37,45";"37,45"
"8585";"TESOURA ESCOLAR LEO LEO PLUS RF4500";"800";"38,000";"151,62";"151,62"
"34936";"TESOURA ESCOLAR LYKE 12CM";"800";"6,000";"26,94";"26,94"
"34941";"TESOURA ESCOLAR LYKE ZIGZAG 14CM";"800";"25,000";"156,25";"156,25"
"1734";"TETA NEGA BEL C 50";"800";"30,000";"1.137,00";"1.137,00"
"38461";"TIARA BANDEIRINHA MAO BOLA BRASIL";"800";"2,000";"3,98";"3,98"
"10366";"TIARA BELLESA BANDANA C LACO ";"800";"1,000";"16,90";"16,90"
"24738";"TIARA BELLESA TECIDO MEDIO";"800";"2,000";"13,08";"13,08"
"38024";"TIARA BRASIL";"800";"95,000";"189,05";"189,05"
"24739";"TIARA CAIPIRA";"800";"7,000";"55,93";"55,93"
"24741";"TIARA CAIPIRA C LACO";"800";"7,000";"55,93";"55,93"
"24740";"TIARA CAIPIRA C/ENFEITE";"800";"3,000";"29,70";"29,70"
"36791";"TIARA GOLFYS";"800";"1,000";"9,99";"9,99"
"34011";"TIARA HALLOWEEN CHAPEU BRUXA 12X25";"800";"1,000";"9,99";"9,99"
"24746";"TIARA P CABELO INF";"800";"24,000";"167,76";"167,76"
"24747";"TIARA P CABELO SEREIA INF";"800";"10,000";"109,90";"108,90"
"24754";"TIC TAC YIKUER C 2";"800";"25,000";"124,75";"124,75"
"8587";"TIC-TAC BELLESA COLORIDO C/6UN PEQ 753";"800";"1,000";"6,59";"6,59"
"35711";"TIGELA ANATOMICA";"800";"1,000";"5,99";"5,99"
"37932";"TIGELA BELLA INCOLOR R40315";"800";"24,000";"479,76";"479,76"
"37206";"TIGELA BOWL BULK LISTRA 450ML";"800";"12,000";"239,88";"239,88"
"37203";"TIGELA BOWL BULK PACK 450ML CORES";"800";"25,000";"499,75";"499,75"
"24756";"TIGELA BOWL CERAM CER 500ML";"800";"11,000";"328,90";"328,90"
"24758";"TIGELA BOWL CERAMICA 500ML-21729";"800";"6,000";"119,94";"119,94"
"24759";"TIGELA BOWL CERAMICA 500ML-21731";"800";"6,000";"119,94";"119,94"
"24760";"TIGELA BOWL CERAMICA 500ML-21732";"800";"12,000";"239,88";"239,88"
"24761";"TIGELA BOWL CERAMICA ADORN AZ 18CM";"800";"1,000";"27,99";"27,99"
"24755";"TIGELA BOWL CERAMICA ADORN BEGE 18CM";"800";"4,000";"107,96";"107,96"
"24762";"TIGELA BOWL CERAMICA ADORN MARSALA 18CM";"800";"3,000";"86,97";"86,97"
"24757";"TIGELA BOWL CERAMICA MULTICOLOR 500ML";"800";"11,000";"218,90";"218,90"
"38380";"TIGELA BOWL DUO 360 COPA 380ML";"800";"28,000";"167,72";"167,72"
"37204";"TIGELA BOWL PACK ONDUL 450ML";"800";"26,000";"519,74";"519,74"
"24766";"TIGELA BOWL PLAST SANREMO 2 4L";"800";"1,000";"11,99";"11,99"
"24769";"TIGELA BOWL PTO SQUARE 12 5CM ";"800";"1,000";"12,99";"12,99"
"32862";"TIGELA BOWL REDONDA 22CM 1 75L ";"800";"13,000";"285,87";"285,87"
"37117";"TIGELA C 3 DIVISORIA 23X4 5CM";"800";"41,000";"450,59";"450,59"
"36877";"TIGELA C 5 DIVISORIAS 20X2 8CM";"800";"15,000";"179,85";"179,85"
"36879";"TIGELA C TAMPA MELAMINA 22 5X10CM";"800";"14,000";"265,86";"265,86"
"36878";"TIGELA C TAMPA MELAMINA 500ML";"800";"30,000";"479,70";"479,70"
"35950";"TIGELA CONIC 500ML AMARELA";"800";"6,000";"119,94";"119,94"
"35947";"TIGELA CONIC 500ML AZUL HORTENCIA";"800";"10,000";"199,90";"199,90"
"24772";"TIGELA CONIC OXFORD AZUL CLARA 500ML";"800";"11,000";"219,89";"219,89"
"37448";"TIGELA CONIC OXFORD ROSA 500ML";"800";"6,000";"131,94";"131,94"
"10371";"TIGELA DURALEX BELLA INCOLOR 2L ";"800";"33,000";"791,67";"791,67"
"24773";"TIGELA GREMIO KIDS 430ML-16330";"800";"2,000";"19,98";"19,98"
"24775";"TIGELA INOX BOWL FUNDA GERMAN 18CM";"800";"1,000";"13,99";"13,99"
"33750";"TIGELA INOX REDONDA";"800";"1,000";"14,99";"14,99"
"36970";"TIGELA INOX SILVER 2 05L";"800";"49,000";"783,51";"723,51"
"36967";"TIGELA INOX SILVER 725ML";"800";"33,000";"296,67";"296,67"
"8593";"TIGELA NADIR C TAMPA 600ML 401002 ";"800";"42,000";"587,58";"587,58"
"10378";"TIGELA NF AMERICANO 150ML ";"800";"27,000";"188,73";"188,73"
"10379";"TIGELA NF AMERICANO 350ML ";"800";"26,000";"259,74";"259,74"
"10377";"TIGELA NF AMERICANO C TAMPA 1L ";"800";"36,000";"863,64";"863,64"
"10380";"TIGELA OXFORD BOWL CEREAL 600ML AZUL CLARO";"800";"2,000";"45,78";"45,78"
"24781";"TIGELA OXFORD CONIC VERDE";"800";"6,000";"131,94";"131,94"
"35942";"TIGELA OXFORD MILENIAL ROSA 16CM";"800";"18,000";"485,82";"485,82"
"10373";"TIGELA OXFORD PEQUENA 600ML AMARELO";"800";"8,000";"215,92";"208,92"
"10374";"TIGELA OXFORD PEQUENA 600ML BRANCO";"800";"1,000";"26,99";"26,99"
"10375";"TIGELA OXFORD PEQUENA 600ML PRETO";"800";"8,000";"215,92";"215,92"
"10376";"TIGELA OXFORD PEQUENA 600ML VERMELHO";"800";"4,000";"107,96";"107,96"
"35944";"TIGELA PEQUENA AZUL 600 ML AB37 068";"800";"15,000";"404,85";"404,85"
"36880";"TIGELA SOPA MELAMINA 24X10CM 2 5L";"800";"10,000";"189,90";"189,90"
"33642";"TIGELA VIDRO 1 72L SODA LIME";"800";"4,000";"75,96";"75,96"
"33628";"TIGELA VIDRO AMBER 360ML SODA LIME";"800";"5,000";"34,95";"34,95"
"33618";"TIGELA VIDRO AMBER 800ML SODA LIME";"800";"4,000";"43,96";"43,96"
"24790";"TIGELA VIDRO BCA CLASSIC 16 5CM";"800";"3,000";"38,97";"38,97"
"24792";"TIGELA VIDRO BCA SQUARE 12CM";"800";"5,000";"54,95";"54,95"
"24793";"TIGELA VIDRO FUNDO BCO 16CM";"800";"1,000";"10,99";"10,99"
"24794";"TIGELA VIDRO PTO SQUARE 16CM";"800";"22,000";"307,78";"307,78"
"24795";"TIGELA VIDRO PTO SQUARE 19CM";"800";"2,000";"35,98";"29,98"
"37118";"TIGELA VIDRO SODA LIME 1 75L";"800";"7,000";"167,93";"167,93"
"36727";"TIGELA VIDRO SODA LIME 340ML";"800";"9,000";"44,91";"44,91"
"24803";"TIN GUACHE 6 CORES 15ML LEOELEO 74212";"800";"17,000";"101,83";"101,83"
"24805";"TIN PINTURA A DEDO C 6 15ML ACRILEX";"800";"34,000";"295,46";"295,46"
"24806";"TINGECOR GUARANY AZUL 40G";"800";"37,000";"171,91";"171,91"
"24807";"TINGECOR GUARANY MARRON 40G";"800";"39,000";"179,53";"179,53"
"24808";"TINGECOR GUARANY VERM 40G";"800";"14,000";"64,26";"64,26"
"8600";"TINT COR E TON CAST CLR 5 0";"800";"68,000";"1.549,72";"1.480,12"
"8601";"TINT COR E TON CAST ESC 3 0";"800";"73,000";"1.657,87";"1.599,87"
"8603";"TINT COR E TON CAST MEDIO 4 0";"800";"68,000";"1.532,32";"1.480,12"
"8604";"TINT COR E TON CHOC 6 7";"800";"86,000";"1.936,74";"1.896,14"
"8606";"TINT COR E TON LO MT CLA 11.11";"800";"1,000";"22,79";"22,79"
"8607";"TINT COR E TON LO ULT CL 10 0";"800";"6,000";"136,74";"136,74"
"8608";"TINT COR E TON LOU ESC ACI 6 1";"800";"6,000";"136,74";"136,74"
"8610";"TINT COR E TON LOUR MED 7 0";"800";"41,000";"916,99";"893,79"
"8611";"TINT COR E TON LOURO CL 8 0";"800";"40,000";"911,60";"876,80"
"8612";"TINT COR E TON LOURO CL 9 0";"800";"14,000";"319,06";"307,46"
"8613";"TINT COR E TON LOURO CZ M 7 1";"800";"51,000";"1.162,29";"1.150,69"
"8614";"TINT COR E TON LOURO DOUR 7 3";"800";"4,000";"91,16";"91,16"
"8615";"TINT COR E TON LOURO ESC 6 0";"800";"45,000";"1.019,75";"1.008,15"
"8617";"TINT COR E TON LOURO PLAT 1211";"800";"13,000";"296,27";"290,47"
"8619";"TINT COR E TON MARROM ACO 5 74";"800";"2,000";"45,58";"45,58"
"8622";"TINT COR E TON PRETO 2 0";"800";"84,000";"1.891,16";"1.746,16"
"8623";"TINT COR E TON PT AZ ESP 1 7";"800";"25,000";"558,15";"529,15"
"8621";"TINT COR E TON PTO AZULADO 1 0";"800";"100,000";"2.221,00";"2.099,20"
"34957";"TINTA ACRILICA 12 CORES PINCEL LYKE";"800";"35,000";"279,65";"279,65"
"34956";"TINTA ACRILICA 6 CORES PINCEL LYKE";"800";"45,000";"202,05";"202,05"
"35762";"TINTA C GLITER SPRAY CABELO 150ML PINK";"800";"5,000";"94,95";"94,95"
"35574";"TINTA C GLITER SPRAY P CABELO 150ML PRATA";"800";"2,000";"33,98";"33,98"
"24801";"TINTA CHEMICOLOR GER 250ML ALUM RD";"800";"3,000";"45,91";"33,57"
"24802";"TINTA CHEMICOLOR GER 250ML BCO FOSC";"800";"13,000";"140,27";"140,27"
"24798";"TINTA CHEMICOLOR GER 250ML MARROM";"800";"6,000";"64,74";"64,74"
"24800";"TINTA CHEMICOLOR GER 250ML PTO BRILHANTE";"800";"7,000";"75,53";"75,53"
"24799";"TINTA CHEMICOLOR GER 250ML PTO FOSCO";"800";"27,000";"291,33";"291,33"
"8595";"TINTA GUACHE 250ML AZUL TURQUESA";"800";"6,000";"61,74";"61,74"
"8596";"TINTA GUACHE 250ML VERMELHO FOGO";"800";"7,000";"72,03";"72,03"
"10389";"TINTA GUACHE ACRILEX 250ML AMARELO";"800";"2,000";"20,58";"20,58"
"10391";"TINTA GUACHE ACRILEX 250ML BRANCO";"800";"15,000";"154,35";"154,35"
"10392";"TINTA GUACHE ACRILEX 250ML LARANJA";"800";"3,000";"32,08";"32,08"
"10394";"TINTA GUACHE ACRILEX 250ML VERDE";"800";"2,000";"20,58";"20,58"
"8597";"TINTA GUACHE ACRILEX 6UN";"800";"57,000";"415,53";"415,53"
"10388";"TINTA GUACHE ACRILEX SORTIDA 12UN";"800";"59,000";"819,51";"819,51"
"35822";"TINTA LEO LEO AQUARELA C12 CORES ";"800";"10,000";"102,90";"102,90"
"36299";"TINTA SPRAY P CABELO AMARELO 125ML";"800";"2,000";"25,98";"25,98"
"36424";"TINTA SPRAY P CABELO AZUL POPPER 12";"800";"12,000";"155,88";"155,88"
"35680";"TINTA SPRAY P CABELO POPPER 125ML LARANJA";"800";"5,000";"64,95";"64,95"
"35681";"TINTA SPRAY P CABELO POPPER 150ML AMARELO";"800";"2,000";"29,98";"29,98"
"35683";"TINTA SPRAY P CABELO POPPER 150ML ROSA";"800";"13,000";"168,87";"168,87"
"35682";"TINTA SPRAY P CABELO POPPER 150ML VERDE";"800";"2,000";"29,98";"29,98"
"36300";"TINTA SPRAY P CABELO VERDE 125ML";"800";"5,000";"64,95";"64,95"
"35760";"TINTA SPRAY POPPER P CABELO 125ML BRANCO";"800";"6,000";"77,94";"77,94"
"35761";"TINTA SPRAY POPPER P CABELO 125ML ROXO";"800";"14,000";"181,86";"181,86"
"24810";"TINTURA BELAECOR 147G 1 0 PTO ONIX";"800";"15,000";"287,40";"287,40"
"24811";"TINTURA BELAECOR 147G 10 0 LOURO CLA";"800";"16,000";"302,86";"302,86"
"24812";"TINTURA BELAECOR 147G 11 11 LOURO CL";"800";"10,000";"189,01";"189,01"
"24814";"TINTURA BELAECOR 147G 2 0 PTO";"800";"16,000";"303,97";"303,97"
"24815";"TINTURA BELAECOR 147G 2 11 PTO AZULA";"800";"25,000";"476,41";"476,41"
"24816";"TINTURA BELAECOR 147G 3 0 CASTANHO E";"800";"24,000";"458,73";"458,73"
"24817";"TINTURA BELAECOR 147G 3 66 VIOLETA";"800";"12,000";"228,81";"228,81"
"24818";"TINTURA BELAECOR 147G 4 0 CASTANHO M";"800";"28,000";"530,56";"530,56"
"24820";"TINTURA BELAECOR 147G 4.66 VERM PROF";"800";"7,000";"132,64";"132,64"
"24821";"TINTURA BELAECOR 147G 44 66 BORGONHA";"800";"3,000";"58,59";"58,59"
"24822";"TINTURA BELAECOR 147G 5 0 CASTANHO C";"800";"21,000";"404,58";"404,58"
"24823";"TINTURA BELAECOR 147G 5 3 CAST CLARO";"800";"3,000";"56,37";"56,37"
"24824";"TINTURA BELAECOR 147G 6 0 LOURO ESCU";"800";"17,000";"328,31";"328,31"
"24825";"TINTURA BELAECOR 147G 6 7 CHOC";"800";"16,000";"301,75";"301,75"
"24826";"TINTURA BELAECOR 147G 66 26 MARSALA";"800";"5,000";"93,95";"93,95"
"24827";"TINTURA BELAECOR 147G 7 0 LOURO MEDI";"800";"31,000";"594,70";"594,70"
"24828";"TINTURA BELAECOR 147G 7 64 RUIVO NAT";"800";"10,000";"189,01";"189,01"
"24829";"TINTURA BELAECOR 147G 8 0 LOURO CLAR";"800";"10,000";"191,23";"191,23"
"24830";"TINTURA BELAECOR 147G 9 0 LOURO MUIT";"800";"15,000";"282,96";"282,96"
"8624";"TINTURA COR TON RUIVO ACOBRE 7 44";"800";"3,000";"71,70";"71,70"
"24833";"TINTURA CORETON 170G 4 66 BORDEAUX";"800";"8,000";"190,09";"190,09"
"24842";"TINTURA CORETON 170G 8 3 LOURO CLAR";"800";"1,000";"23,90";"23,90"
"10399";"TINTURA CORTON 3.66 VIOLINE";"800";"2,000";"41,58";"33,98"
"10400";"TINTURA CORTON 8 1 LOU CIN CLA";"800";"35,000";"727,65";"716,25"
"24843";"TINTURA FLEURY COLOR 120G 1.0 PTO";"800";"119,000";"1.057,91";"1.057,91"
"24845";"TINTURA FLEURY COLOR 120G 1.7 PTO AZULADO";"800";"131,000";"1.164,59";"1.164,59"
"24846";"TINTURA FLEURY COLOR 120G 2 0 PTO";"800";"100,000";"889,00";"889,00"
"24848";"TINTURA FLEURY COLOR 120G 3.0 CAST ESCURO";"800";"134,000";"1.191,26";"1.191,26"
"24849";"TINTURA FLEURY COLOR 120G 4.0 CAST";"800";"106,000";"942,34";"942,34"
"24850";"TINTURA FLEURY COLOR 120G 4.66 CAST BORG";"800";"82,000";"728,98";"728,98"
"24851";"TINTURA FLEURY COLOR 120G 5.0 CAST CL";"800";"90,000";"800,10";"800,10"
"24853";"TINTURA FLEURY COLOR 120G 6.0 LOURO ESC";"800";"80,000";"711,20";"711,20"
"24854";"TINTURA FLEURY COLOR 120G 6.7 CHOC";"800";"116,000";"1.031,24";"1.031,24"
"24856";"TINTURA IMEDIA 1 PTO";"800";"2,000";"103,00";"103,00"
"10403";"TINTURA IMEDIA 3 0 CAST ESCURO";"800";"4,000";"210,80";"210,80"
"10402";"TINTURA IMEDIA 3 0 CAST NATUR";"800";"2,000";"103,00";"103,00"
"10404";"TINTURA IMEDIA 5 0 CAST CLARO";"800";"1,000";"51,50";"51,50"
"32909";"TINTURA IMEDIA 5 3 CAST CL DO";"800";"4,000";"206,00";"206,00"
"10405";"TINTURA IMEDIA 6 0 LOUR ESCURO";"800";"1,000";"51,50";"51,50"
"10406";"TINTURA IMEDIA 6 7 CHOC PURO";"800";"3,000";"154,50";"154,50"
"10407";"TINTURA IMEDIA 7 0 LOU NATURAL";"800";"1,000";"51,50";"51,50"
"35783";"TINTURA IMEDIA 7 1 LOU ACIZENT";"800";"2,000";"81,89";"81,89"
"35787";"TINTURA IMEDIA 8 1 LOU SUECO";"800";"2,000";"103,00";"103,00"
"24871";"TINTURA MAXTON 140G 1 7 PTO AZULAD";"800";"107,000";"1.603,93";"1.603,93"
"24868";"TINTURA MAXTON 140G 1.0 PTO";"800";"134,000";"2.008,66";"2.008,66"
"24875";"TINTURA MAXTON 140G 12.111 LOURO PLAT CZ INT";"800";"63,000";"944,37";"944,37"
"24877";"TINTURA MAXTON 140G 3 0 CASTANHO E";"800";"106,000";"1.588,94";"1.588,94"
"24881";"TINTURA MAXTON 140G 5.26 MARSALA ESCURO";"800";"55,000";"824,45";"824,45"
"24884";"TINTURA MAXTON 140G 6 0 LOURO ESCU";"800";"91,000";"1.364,09";"1.364,09"
"24886";"TINTURA MAXTON 140G 7 0 LOURO NAT";"800";"45,000";"674,55";"674,55"
"24887";"TINTURA MAXTON 140G 8.26 MARSALA";"800";"35,000";"524,65";"524,65"
"24889";"TINTURA MAXTON 140G MARROM CEREJA";"800";"30,000";"449,70";"449,70"
"10418";"TINTURA MAXTON KIT 6 66 PR VERM CEREJA";"800";"61,000";"926,59";"926,39"
"24890";"TINTURA MAXTON POUCH 140G 2 0 PTO NATU";"800";"102,000";"1.528,98";"1.528,98"
"24893";"TINTURA MAXTON POUCH 140G 5 0 CASTANHO CL";"800";"92,000";"1.379,08";"1.379,08"
"24894";"TINTURA MAXTON POUCH 140G 6 7 CHOC";"800";"72,000";"1.079,28";"1.079,28"
"24895";"TINTURA MAXTON POUCH 140G 7 1 LOURO CINZ";"800";"53,000";"794,47";"794,47"
"24897";"TINTURA MAXTON POUCH 140G 8 0 LOURO CLAR";"800";"35,000";"524,65";"524,65"
"24899";"TINTURA NATUCOR PRET AZULADO 1 7";"800";"17,000";"274,56";"274,56"
"8628";"TIRA LIMO CIF 500ML CLORO SPRAY 20";"800";"5,000";"82,50";"82,50"
"8632";"TIRA LIMO VEJA X14 500ML 30PCT DESC PUL";"800";"35,000";"941,13";"941,13"
"8630";"TIRA LIMO VEJA X14 SQZ L500P400ML";"800";"87,000";"1.777,87";"1.777,87"
"8638";"TIRA MANC VANISH 450ML RESOLV WHIT ";"800";"1,000";"28,50";"28,50"
"8635";"TIRA MANC VANISH GEL 1 2L MULTIUSO";"800";"15,000";"398,09";"398,09"
"8643";"TIRA MANCHA VANISH 450ML RESOLV";"800";"14,000";"368,45";"368,45"
"8637";"TIRA MANCHA VANISH RF 240G WHITE REFIL";"800";"37,000";"655,37";"655,37"
"8634";"TIRA MANCHAS VANISH 1 2L CRYSTAL WHITE";"800";"21,000";"585,69";"585,69"
"10426";"TIRA MANCHAS VANISH WHITE 200ML";"800";"10,000";"112,90";"112,90"
"24907";"TIRA MANCHAS YPE RF COLOR S CLORO 380G";"800";"2,000";"43,58";"43,58"
"10427";"TIRINHAS AURORA FGO 275G";"800";"471,000";"4.327,29";"4.327,29"
"38041";"TIRINHAS AURORA FGO 900G";"800";"5,000";"79,95";"79,95"
"32980";"TIRINHAS FGO LAR 1 5KG";"800";"763,000";"18.223,67";"18.223,67"
"24908";"TIRINHAS FGO LAR 700G";"800";"2.468,000";"36.658,04";"32.130,09"
"37885";"TIT COR E TON S AMONIA 1 0 PTO INTENSO";"800";"12,000";"279,48";"279,48"
"37886";"TIT COR E TON S AMONIA 1 7 PTO AZULADO";"800";"22,000";"512,38";"512,38"
"37887";"TIT COR E TON S AMONIA 2 0 PTO";"800";"2,000";"46,58";"46,58"
"37891";"TIT COR E TON S AMONIA 3 0 CAST ESC";"800";"4,000";"93,16";"93,16"
"37892";"TIT COR E TON S AMONIA 4 0 CAST MD";"800";"6,000";"139,74";"139,74"
"37896";"TIT COR E TON S AMONIA 5 0 CAST CLARO";"800";"4,000";"93,16";"93,16"
"37898";"TIT COR E TON S AMONIA 6 0 LOURO ESC";"800";"3,000";"69,87";"69,87"
"37907";"TIT COR E TON S AMONIA 6 26 MARSALA";"800";"3,000";"69,87";"69,87"
"37910";"TIT COR E TON S AMONIA 6 66 VRM CARMIM";"800";"5,000";"116,45";"116,45"
"37900";"TIT COR E TON S AMONIA 6 7 CHOC";"800";"5,000";"116,45";"116,45"
"33998";"TOAL ANTALIA CORTTEX SORT LISO";"800";"289,000";"8.517,11";"8.175,11"
"24909";"TOAL BAN ALTENB GALLERIA AZ NAVAL";"800";"1,000";"57,90";"57,90"
"24910";"TOAL BAN ALTENB GALLERIA BG";"800";"1,000";"57,90";"57,90"
"24921";"TOAL BAN FLORIZA 70CM X1,30M";"800";"1,000";"33,99";"33,99"
"24923";"TOAL BAN LIZZIE AZUL BERLIM";"800";"26,000";"519,74";"519,74"
"24924";"TOAL BAN LIZZIE FRAMBOESA";"800";"3,000";"59,97";"59,97"
"24925";"TOAL BAN LIZZIE MAR MEDITERRANEO";"800";"19,000";"379,81";"379,81"
"24926";"TOAL BAN NANCY CORTTEX 65CMX1 35M  AZ";"800";"2,000";"59,98";"59,98"
"24927";"TOAL BAN NANCY CORTTEX 65CMX1 35M  CR";"800";"8,000";"239,92";"239,92"
"24928";"TOAL BAN NANCY CORTTEX 65CMX1 35M  CZ";"800";"10,000";"299,90";"299,90"
"24929";"TOAL BAN NANCY CORTTEX 65CMX1 35M  RS";"800";"8,000";"239,92";"239,92"
"24938";"TOAL BAN VICTORIA SORT";"800";"1,000";"16,99";"16,99"
"24939";"TOAL BANH VERONA CORTTEX 65CMX1 35M  AZ";"800";"3,000";"89,97";"89,97"
"24940";"TOAL BANH VERONA CORTTEX 65CMX1 35M  BG";"800";"10,000";"299,90";"299,90"
"24941";"TOAL BANH VERONA CORTTEX 65CMX1 35M  RS";"800";"13,000";"389,87";"389,87"
"24942";"TOAL BANH VERONA CORTTEX 65CMX1 35M  TP";"800";"3,000";"89,97";"89,97"
"24943";"TOAL BANH VERONA CORTTEX 65CMX1 35M  VD";"800";"4,000";"119,96";"119,96"
"36212";"TOAL BANHO NANCY SORT 65X135 LISO";"800";"35,000";"1.154,65";"1.154,65"
"34089";"TOAL BEACH CORTTEX";"800";"37,000";"850,63";"850,63"
"24950";"TOAL MESA LINHAO NATAL 1,40X2,10M";"800";"1,000";"69,90";"69,90"
"24958";"TOAL PISO BASIC C/ANTIDERR AZ ES";"800";"21,000";"377,79";"377,79"
"24959";"TOAL ROST VERONA CORTTEX 50X70CM TAUPE";"800";"1,000";"13,99";"13,99"
"24960";"TOAL ROST VERONA CORTTEX 50X70CM VERDE";"800";"1,000";"13,99";"13,99"
"24968";"TOAL ROSTO FAVO 40X60";"800";"250,000";"1.497,50";"1.497,50"
"24969";"TOAL ROSTO FLORIZA 45CM X70";"800";"3,000";"53,97";"53,97"
"24970";"TOAL ROSTO LIZZIE AZUL BERLIM";"800";"5,000";"49,95";"49,95"
"24971";"TOAL ROSTO LIZZIE FRAMBOESA";"800";"6,000";"59,94";"59,94"
"24972";"TOAL ROSTO LIZZIE MAR MEDITERRANEO";"800";"13,000";"129,87";"129,87"
"24973";"TOAL ROSTO LIZZIE ROSA DALIA";"800";"3,000";"29,97";"29,97"
"24974";"TOAL ROSTO NANCY CORTTEX 50X70CM AZUL";"800";"12,000";"167,88";"167,88"
"24975";"TOAL ROSTO NANCY CORTTEX 50X70CM CINZA";"800";"15,000";"209,85";"209,85"
"24976";"TOAL ROSTO NANCY CORTTEX 50X70CM CORAL";"800";"8,000";"111,92";"111,92"
"24977";"TOAL ROSTO NANCY CORTTEX 50X70CM ROSA";"800";"10,000";"139,90";"139,90"
"24978";"TOAL ROSTO PTO EBANO 50X80CM";"800";"1,000";"35,99";"35,99"
"24980";"TOAL ROSTO VERONA CORTTEX 50X70CM AZUL";"800";"2,000";"27,98";"27,98"
"24981";"TOAL ROSTO VERONA CORTTEX 50X70CM BEGE";"800";"9,000";"125,91";"125,91"
"24982";"TOAL ROSTO VERONA CORTTEX 50X70CM ROSA";"800";"13,000";"181,87";"181,87"
"24984";"TOAL SOCIAL PANOSUL 23X38CM";"800";"517,000";"2.072,83";"2.072,83"
"24988";"TOAL UMED COTTONBABY C 50";"800";"106,000";"581,94";"581,94"
"24987";"TOAL UMED COTTONBABY C PELE C 50";"800";"209,000";"1.147,41";"1.147,41"
"24994";"TOAL UMED HUPPY L100P80";"800";"810,000";"7.355,50";"7.355,50"
"24996";"TOAL UMED PAMPERS ALOE VERA C 48";"800";"9,000";"125,01";"125,01"
"36210";"TOALHA BANHO TOQUIO SUMMER VDE";"800";"13,000";"389,87";"389,87"
"8659";"TOALHA PISO ALTENBURG LONDRES BEGE TRAVERTINE";"800";"2,000";"31,98";"31,98"
"8660";"TOALHA PISO ALTENBURG LONDRES CINZA STEEL";"800";"1,000";"15,99";"15,99"
"8663";"TOALHA PISO ALTENBURG LONDRES ROXO MELHOW";"800";"5,000";"79,95";"79,95"
"8667";"TOALHA PISO ATLANTICA BASIC C/ANTID SISAL";"800";"25,000";"449,75";"449,75"
"8666";"TOALHA PISO ATLANTICA BASIC ROSA ROMA";"800";"34,000";"611,66";"611,66"
"36977";"TOALHA PISO CAMESA FRAME 50X70 BCO";"800";"1,000";"29,90";"29,90"
"33831";"TOALHA PISO MYKONOS CORTTEX 50X70 AZ";"800";"6,000";"95,94";"95,94"
"33829";"TOALHA PISO MYKONOS CORTTEX 50X70 BG";"800";"10,000";"159,90";"159,90"
"33832";"TOALHA PISO MYKONOS CORTTEX 50X70 CZ";"800";"10,000";"159,90";"159,90"
"33830";"TOALHA PISO MYKONOS CORTTEX 50X70 RS";"800";"2,000";"31,98";"31,98"
"8669";"TOALHA ROSTO ALTENBURG SCALA CINZA STEEL";"800";"1,000";"16,99";"16,99"
"37183";"TOALHA ROSTO GAYA 50X80 AZUL";"800";"2,000";"55,98";"55,98"
"36487";"TOALHA ROSTO TOQUIO SUMMER VERDE";"800";"3,000";"38,97";"38,97"
"35127";"TOALHA UMED BEBE LIMPINHO C45";"800";"1.664,000";"6.639,36";"6.639,36"
"33288";"TOALHA UMED SUPERFRAL ADULTO C 50 FLIPTOP";"800";"18,000";"218,02";"218,02"
"25000";"TOALHINHA KIDS 25X25CM";"800";"306,000";"1.190,34";"1.190,34"
"8677";"TOALHINHA UMED MILI LOVE CARE 100UN";"800";"551,000";"8.590,09";"8.590,09"
"8679";"TOALHINHA UMED NATURAL BABY 100UN";"800";"475,000";"4.803,90";"4.803,90"
"8680";"TOALHINHA UMED PAMPERS 48UN CHEIRINHO BEBE";"800";"26,000";"569,99";"569,99"
"33010";"TOM PELADO SALSARETTI LT 400G";"800";"206,000";"1.223,58";"1.223,58"
"25001";"TOMADA EXTERNA RED";"800";"17,000";"220,83";"220,83"
"12031";"TOMATE CEREJA BDJ 180G";"800";"743,000";"6.739,62";"6.727,25"
"12029";"TOMATE CEREJA KG";"800";"670,278";"14.482,41";"14.460,01"
"12035";"TOMATE GAUCHO KG";"800";"123,741";"1.685,71";"1.685,71"
"12036";"TOMATE ITALIANO";"800";"2.122,402";"19.118,49";"19.107,35"
"12028";"TOMATE KG";"800";"37.561,732";"412.254,86";"411.249,09"
"12040";"TOMATE LONGA VIDA ITALIANO PROM";"800";"135,969";"541,15";"541,15"
"2615";"TOMATE PELADO SUCO POMAROLA LT 400G";"800";"10,000";"69,90";"69,90"
"12041";"TOMATE RASTEIRO";"800";"730,897";"5.101,84";"5.101,84"
"2471";"TOMATE SECO CONSERVA JUREIA VD 200G";"800";"35,000";"823,50";"823,50"
"25003";"TOP BOJO REMOVIVEL S COSTURA  G BEGE";"800";"1,000";"39,90";"39,90"
"25005";"TOP BOJO REMOVIVEL S COSTURA  GG BEGE";"800";"1,000";"39,90";"39,90"
"25009";"TOP BOJO REMOVIVEL S COSTURA  M PTO";"800";"1,000";"39,90";"39,90"
"25011";"TOP BOJO REMOVIVEL S COSTURA  PTO";"800";"1,000";"39,90";"39,90"
"25012";"TORN 1/2 PVC BCA LONGA USO GERAL";"800";"1,000";"5,99";"5,99"
"25015";"TORN ELETR PLUS 4T 550W 220V ";"800";"14,000";"2.098,60";"2.098,60"
"25016";"TORN ELETR TRAM 220V/6500";"800";"2,000";"599,80";"599,80"
"25018";"TORN HERC JARDIM 1 2 ";"800";"29,000";"260,71";"260,71"
"35148";"TORN HYDRA ELET MOVEL C BICA";"800";"1,000";"249,99";"249,99"
"25020";"TORN HYDRALAR PAREDE 4T BCA 220V";"800";"2,000";"299,80";"299,80"
"25022";"TORN SOCEL COZINHA 1 2 ";"800";"20,000";"219,80";"219,80"
"25023";"TORN SOCEL COZINHA C CHUVEIRINHO 1 2";"800";"18,000";"269,82";"269,82"
"33947";"TORNEIRA CROMADA LAVATORIO";"800";"4,000";"95,96";"95,96"
"10431";"TORNEIRA FAME ELETRICA BICA ALTA ";"800";"1,000";"285,90";"285,90"
"33951";"TORNEIRA PVC CROMADA";"800";"9,000";"116,91";"116,91"
"1642";"TORRADA BAUDUCCO 142G INTEGRAL";"800";"41,000";"286,59";"286,59"
"1644";"TORRADA BAUDUCCO 142G MULTIGRAOS";"800";"107,000";"845,13";"845,13"
"1643";"TORRADA BAUDUCCO 142G TRAD";"800";"163,000";"1.205,37";"1.205,37"
"1646";"TORRADA BAUDUCCO 284G MULTIGRAOS";"800";"49,000";"648,31";"648,31"
"1645";"TORRADA BAUDUCCO 284G TRAD";"800";"108,000";"1.345,32";"1.345,32"
"1640";"TORRADA ISABELA 142G INTEGRAL";"800";"533,000";"3.775,27";"3.775,27"
"1641";"TORRADA ISABELA 142G LIGHT";"800";"229,000";"1.616,91";"1.616,91"
"1639";"TORRADA ISABELA 142G MULTIGRAO";"800";"248,000";"1.750,92";"1.750,92"
"1638";"TORRADA ISABELA 142G TRAD";"800";"646,000";"4.548,14";"4.548,14"
"1637";"TORRADA VISCONTI 120G INTEGRAL";"800";"91,000";"574,29";"572,09"
"1636";"TORRADA VISCONTI 120G TRAD";"800";"398,000";"2.179,22";"2.179,22"
"12043";"TORRADINHA COUVER DINDA";"800";"329,018";"4.754,27";"4.754,27"
"8684";"TORRESMO SANTA MASSA 40G ";"800";"272,000";"2.028,08";"2.028,08"
"1978";"TORRONE STO ANTONIO 25G WAFER";"800";"231,000";"567,09";"567,09"
"1980";"TORRONE STO ANTONIO 90G AMENDOIM";"800";"182,000";"1.090,18";"1.090,18"
"12047";"TORTA BEM CASADO";"800";"39,886";"2.221,25";"2.221,25"
"12057";"TORTA MALLET CONG 700G BRIGADEIRO";"800";"133,000";"5.223,23";"4.859,89"
"12058";"TORTA MALLET CONG 700G DOIS AMORES";"800";"143,000";"5.582,95";"5.160,69"
"12059";"TORTA MALLET CONG 700G MARTA ROCHA";"800";"183,000";"7.208,41";"6.658,49"
"12060";"TORTA MALLET CONG 700G MORANGO";"800";"74,000";"2.893,68";"2.702,19"
"12061";"TORTA MALLET CONG 700G PRESTIGIO";"800";"58,000";"2.294,56";"2.098,16"
"12070";"TORTA MARQU RESF KG BRIGADEIRO ";"800";"0,558";"44,64";"44,64"
"12071";"TORTA MARQU RESF KG CHOC COCO";"800";"1,176";"94,07";"94,07"
"12072";"TORTA MARQU RESF KG CHOCOMOUSSE";"800";"1,388";"111,04";"111,04"
"12073";"TORTA MARQU RESF KG DCE LEITE AMEND";"800";"1,616";"129,28";"129,28"
"12074";"TORTA MARQU RESF KG DOIS AMORES";"800";"1,820";"145,60";"145,60"
"12075";"TORTA MARQU RESF KG MARTA ROCHA";"800";"2,042";"163,36";"163,36"
"12063";"TORTA MARQUESPAN CONG 1 1KG BRIGADEIRO";"800";"113,000";"8.633,87";"7.251,87"
"12064";"TORTA MARQUESPAN CONG 1 1KG CHOC COCO";"800";"1,000";"69,99";"69,99"
"12065";"TORTA MARQUESPAN CONG 1 1KG CHOCOMOUSSE";"800";"99,000";"6.681,01";"5.620,01"
"12066";"TORTA MARQUESPAN CONG 1 1KG DCE LEITE AMEND";"800";"124,000";"9.494,76";"7.234,77"
"12067";"TORTA MARQUESPAN CONG 1 1KG DOIS AMORES";"800";"134,000";"10.066,66";"7.932,66"
"12068";"TORTA MARQUESPAN CONG 1 1KG MARTA ROCHA";"800";"169,000";"12.979,31";"9.848,31"
"8685";"TORTELONE ITALIANY 250G FRANGO DEF MUSS";"800";"19,000";"300,98";"300,98"
"8686";"TORTELONE ITALIANY 250G RICOTA ESPINAF";"800";"32,000";"504,48";"504,48"
"34784";"TOSCANABURGUER PERDIGAO 145G C MAIONESE";"800";"188,000";"1.690,12";"1.690,12"
"36635";"TOUCA ADULTO PRETA";"800";"11,000";"109,89";"109,89"
"10432";"TOUCA BANHO BONITTA";"800";"12,000";"99,88";"99,88"
"38422";"TOUCA C POMPOM";"800";"14,000";"279,86";"279,86"
"36457";"TOUCA CETIM C 1UN";"800";"6,000";"47,94";"47,94"
"38014";"TOUCA DE LA BRASIL";"800";"115,000";"1.838,85";"1.838,85"
"38413";"TOUCA MASC SPORT";"800";"18,000";"269,82";"269,82"
"38421";"TOUCA MELLER FF";"800";"5,000";"99,95";"99,95"
"25038";"TOUCA P BAN PLAST C 3";"800";"2,000";"13,98";"13,98"
"8688";"TOUCA VINI LADY P BANHO 2UN";"800";"5,000";"58,86";"58,86"
"25042";"TRAV INOX SILVER 29X24CM";"800";"2,000";"27,98";"27,98"
"25046";"TRAV OVAL FUNDA INOX 24CM";"800";"1,000";"23,99";"23,99"
"37528";"TRAV ROJEMAC CRIST PEARL 30X13X3CM";"800";"1,000";"43,90";"43,90"
"25053";"TRAVA PORTA SIL";"800";"18,000";"161,82";"161,82"
"25054";"TRAVES ALTENBURG BABY 30X40";"800";"1,000";"16,99";"16,99"
"25057";"TRAVES FLOCOS CONF 90X60CM";"800";"692,000";"13.453,08";"12.919,07"
"25059";"TRAVES SOFT SONO 50X70";"800";"100,000";"2.199,00";"2.199,00"
"8690";"TRAVESSEIRO ALTENBURG BELLAGIO ";"800";"2,000";"39,98";"39,98"
"8691";"TRAVESSEIRO ALTENBURG BOM SONO45X65 ";"800";"50,000";"1.199,50";"1.199,50"
"8694";"TRAVESSEIRO ALTENBURG TOQ AVELUDADO ";"800";"2,000";"39,98";"37,98"
"25062";"TRENA STARTOOLS C/TRAVA 2M 12MM";"800";"3,000";"23,97";"23,97"
"25063";"TRENA STARTOOLS C/TRAVA 3M 19MM";"800";"2,000";"19,98";"19,98"
"2449";"TRIGO P KIBE JUREIA 500G";"800";"43,000";"258,77";"258,77"
"2454";"TRIGO P KIBE YOKI 500G";"800";"23,000";"255,83";"255,83"
"12080";"TRIPA GORDA BRISTOT BOV CONG";"800";"846,449";"12.945,97";"12.936,39"
"12081";"TRIPA GORDA BRISTOT BOV CONG BDJ";"800";"2,280";"42,87";"42,87"
"12082";"TRIPA SECA JD BOV 9M";"800";"114,000";"2.336,55";"2.336,55"
"38058";"TRIPA SUINA ANZILIERO SALG 32X35";"800";"0,234";"9,36";"9,36"
"37472";"TRITURADOR DE ALHO PLASTICO 8X4CM";"800";"1,000";"5,99";"5,99"
"12086";"TULIPA FGO SADIA IQF 1KG";"800";"543,000";"15.279,87";"15.279,87"
"12087";"TULIPA FGO SEARA 1KG";"800";"6,000";"103,74";"103,74"
"1977";"TURRON Y MANI ARCOR 25G";"800";"7.373,000";"13.197,67";"13.197,67"
"8696";"URINOL PLASUTIL BAILARINA";"800";"1,000";"24,39";"24,39"
"33056";"URSO MARINHEIRO PELUCIA MED";"800";"1,000";"65,90";"59,90"
"36502";"UTENSILIOS DOMEST TRAM INOX LAGUNA";"800";"2,000";"49,80";"49,80"
"12098";"UVA ISIS NACIONAL 500G VRM";"800";"729,000";"8.084,25";"8.068,04"
"12099";"UVA ITALIA KG";"800";"0,466";"6,98";"6,98"
"12102";"UVA NIAGARA BCA E ROSA KG";"800";"2,090";"31,31";"31,31"
"12108";"UVA RUBI KG ";"800";"0,431";"9,91";"9,91"
"12112";"UVA THOMPSON BDJ 500G S SEM BCA";"800";"2.738,000";"34.996,53";"34.985,53"
"12115";"UVA VITORIA C SEM BDJ 500G";"800";"1.620,000";"17.807,71";"17.803,70"
"2473";"VAGEM CONSERVA JUREIA VD 300G";"800";"15,000";"104,85";"104,85"
"12116";"VAGEM KG";"800";"876,265";"11.997,35";"11.995,81"
"36182";"VALE ENTREGA ONLINE";"800";"9,000";"108,00";"108,00"
"36150";"VALE GAS GLP 13 LIQUIGAS BARRA";"800";"2,000";"269,98";"269,98"
"36117";"VALE GAS GLP 13 LIQUIGAS QUARAI";"800";"5,000";"674,95";"674,95"
"36148";"VALE GAS GLP 13 LIQUIGAS S BORJA";"800";"36,000";"4.499,64";"4.499,64"
"36071";"VALE GAS GLP 13 LIQUIGAS URUGUAIANA";"800";"674,000";"90.986,86";"90.986,86"
"36155";"VALE GAS GLP 13 SUP GAS BRAS ITAQUI";"800";"49,000";"6.271,51";"6.271,51"
"36035";"VALE RANCHO ALEGRETE";"800";"2,000";"24,00";"24,00"
"25090";"VALVULA PANELA PRESSAO UNIVERSAL";"800";"28,000";"391,72";"391,72"
"33306";"VARAL C10 PRENDEDORES 24X24CM";"800";"4,000";"39,96";"39,96"
"25091";"VARAL CHAO ACO INOX DOBRAVEL 95X133X60";"800";"2,000";"399,80";"399,80"
"8698";"VARAL DE CHAO MOR C ABAS SLIM BCO ";"800";"6,000";"743,94";"743,94"
"25093";"VARAL MOR CHAO C ABAS 6005 ";"800";"3,000";"413,70";"413,70"
"25094";"VARAL MOR CHAO SLIM";"800";"16,000";"1.119,84";"1.119,84"
"36446";"VARAO METAL 19MM 1 5MT";"800";"8,000";"223,92";"223,92"
"36592";"VARAO METAL 19MM 1MT";"800";"3,000";"83,97";"83,97"
"36615";"VARAO METAL 19MM 2 5MT";"800";"6,000";"167,94";"167,94"
"36583";"VARAO METAL 19MM 2MT";"800";"13,000";"363,87";"363,87"
"25108";"VAS NOVICA VARRY 1000";"800";"30,000";"785,70";"785,70"
"25111";"VAS PALHA LIDER";"800";"4,000";"151,38";"151,38"
"25114";"VAS TROPICAL M USO";"800";"87,000";"1.013,77";"1.013,77"
"25119";"VASO SANREMO RED 13CM R 505V 93";"800";"1,000";"6,99";"6,99"
"25120";"VASO SANREMO RED 17CM REF 510V 93 ";"800";"3,000";"32,97";"32,97"
"25121";"VASO SANREMO RED 22CM R 515V 93";"800";"3,000";"59,97";"59,97"
"25122";"VASO SANREMO RED 28CM R 520V 93";"800";"5,000";"134,95";"134,95"
"8700";"VASSOURA BETTANIN DANESSA 1882";"800";"7,000";"496,95";"453,15"
"8701";"VASSOURA BETTANIN IDEAL CANTOS 1692";"800";"59,000";"1.658,71";"1.648,71"
"8702";"VASSOURA BETTANIN NOVICA RF167";"800";"876,000";"13.720,44";"13.538,44"
"8704";"VASSOURA CONDOR LIMPA PISO S CABO";"800";"218,000";"1.087,82";"1.087,82"
"25103";"VASSOURA CONDOR MADRI V 200 ";"800";"288,000";"3.510,72";"3.510,72"
"8705";"VASSOURA CONDOR V 35";"800";"496,000";"8.519,84";"8.241,44"
"8706";"VASSOURA CONDOR VARRE CANTO V 3";"800";"76,000";"1.853,64";"1.853,64"
"10436";"VASSOURA CONDOR VARRE FORTE V52";"800";"19,000";"596,41";"596,41"
"8707";"VASSOURA CONDOR VARRE MUITO V 9";"800";"27,000";"855,63";"855,63"
"10437";"VASSOURA CONDOR VARRE PRATICA V7 ";"800";"1,000";"59,99";"59,99"
"25105";"VASSOURA DONA DA CASA C CABO ";"800";"235,000";"2.353,29";"2.353,29"
"33643";"VASSOURA E PA 2PCS 26X3 5CM";"800";"26,000";"155,74";"155,74"
"25106";"VASSOURA JARDINEIRA S CABO ";"800";"72,000";"863,28";"863,28"
"25107";"VASSOURA MAG GIR EM CASA TEM CLEAN";"800";"4,000";"131,60";"131,60"
"10438";"VASSOURA NOVICA CASA E RUA REF164";"800";"27,000";"823,23";"823,23"
"10439";"VASSOURA NOVICA LISA REF151 ";"800";"1,000";"14,59";"14,59"
"25110";"VASSOURA P GRAMA VERDE";"800";"4,000";"91,60";"91,60"
"25150";"VELA ANIV BIG N0 AZUL";"800";"1,000";"1,99";"1,99"
"25152";"VELA ANIV BIG N0 ROSA";"800";"1,000";"1,99";"1,99"
"25159";"VELA ANIV BIG N3 BCA";"800";"1,000";"1,99";"1,99"
"25169";"VELA ANIV BIG N6 ROSA";"800";"3,000";"5,97";"5,97"
"25171";"VELA ANIV BIG N7 BCA";"800";"3,000";"5,97";"5,97"
"25177";"VELA ANIV BIG N9 BCA";"800";"1,000";"1,99";"1,99"
"35902";"VELA ANIV BRINK FEST N 0 RSA BIG";"800";"1,000";"1,99";"1,99"
"37751";"VELA ANIV BRINK FEST N 6 BCA BIG";"800";"1,000";"1,99";"1,99"
"37407";"VELA ANIV BRINK FEST N 8 RSA BIG ";"800";"1,000";"1,99";"1,99"
"25179";"VELA ANIV BRINK FEST N0 AZL";"800";"2,000";"1,98";"1,98"
"25180";"VELA ANIV BRINK FEST N0 BCA";"800";"2,000";"1,98";"1,98"
"25197";"VELA ANIV BRINK FEST N6 AZUL";"800";"1,000";"0,99";"0,99"
"25201";"VELA ANIV BRINK FEST N7 BCA";"800";"1,000";"0,99";"0,99"
"25207";"VELA ANIV BRINK FEST N9 BCA";"800";"3,000";"2,97";"2,97"
"38331";"VELA ANIV CONCEPT GLITTER ROSE N4";"800";"2,000";"9,98";"9,98"
"37324";"VELA ANIV CONCEPT METALLIC AZ N 3";"800";"1,000";"5,29";"5,29"
"37539";"VELA ANIV CONCEPT METALLIC AZ N 8";"800";"2,000";"10,58";"10,58"
"38261";"VELA ANIV CONCEPT METALLIC ROSE N 0";"800";"2,000";"10,58";"10,58"
"37802";"VELA ANIV CONCEPT METALLIC ROSE N 6";"800";"1,000";"5,29";"5,29"
"38262";"VELA ANIV CONCEPT METALLIC ROSE N 7";"800";"2,000";"10,58";"10,58"
"35875";"VELA ANIV CONCEPT N8 METALLIC ROSE";"800";"3,000";"15,87";"15,87"
"37689";"VELA ANIV DIAMOND N 0 DOU";"800";"2,000";"10,58";"10,58"
"37666";"VELA ANIV DIAMOND N 0 PTA";"800";"2,000";"10,58";"8,54"
"37669";"VELA ANIV DIAMOND N 9 PTA";"800";"2,000";"10,58";"10,58"
"36962";"VELA ANIV DIAMOND N4 PRATA";"800";"1,000";"5,29";"3,25"
"38077";"VELA ANIV DIAMOND PRATA N 3";"800";"5,000";"26,45";"26,45"
"37640";"VELA ANIV DOURADA N 7";"800";"2,000";"10,58";"10,58"
"25213";"VELA ANIV EMOJI PISCADINHA";"800";"1,000";"5,69";"5,69"
"25214";"VELA ANIV ESTRELAR C 3";"800";"192,000";"2.494,08";"2.494,08"
"25215";"VELA ANIV ESTRELAR OURO";"800";"45,000";"359,55";"359,55"
"25217";"VELA ANIV FONTE ESTRELAR PRATA";"800";"67,000";"535,33";"535,33"
"25218";"VELA ANIV FONTE ESTRELAR VERM";"800";"39,000";"311,61";"311,61"
"25219";"VELA ANIV HIPPER FESTTA BCA N6";"800";"1,000";"0,99";"0,99"
"25221";"VELA ANIV INTERROGACAO AZUL";"800";"1,000";"5,69";"5,69"
"25222";"VELA ANIV INTERROGACAO AZUL";"800";"20,000";"65,80";"65,80"
"25223";"VELA ANIV INTERROGACAO BCA";"800";"19,000";"62,51";"61,81"
"25226";"VELA ANIV INTERROGACAO ROSA";"800";"120,000";"394,80";"394,80"
"25127";"VELA ANIV N0 ROSA";"800";"1,000";"0,99";"0,99"
"25132";"VELA ANIV N3 AZUL";"800";"1,000";"0,99";"0,99"
"25135";"VELA ANIV N4 BCA";"800";"1,000";"0,99";"0,99"
"25138";"VELA ANIV N5 BCA";"800";"1,000";"0,99";"0,99"
"25141";"VELA ANIV N7 AZUL";"800";"3,000";"2,97";"2,97"
"25146";"VELA ANIV N8 ROSA";"800";"1,000";"0,99";"0,99"
"25149";"VELA ANIV N9 ROSA";"800";"1,000";"0,99";"0,99"
"25263";"VELA ANIV PALITO AZUL";"800";"15,000";"48,75";"48,75"
"25264";"VELA ANIV PALITO BCA";"800";"21,000";"68,25";"68,25"
"25265";"VELA ANIV PALITO ROSA";"800";"12,000";"39,00";"39,00"
"37558";"VELA ANIV PALITO VERMELHA";"800";"2,000";"4,38";"4,38"
"25266";"VELA ANIV POCKET N0 AZUL";"800";"23,000";"80,27";"80,27"
"25267";"VELA ANIV POCKET N0 BCA";"800";"14,000";"48,86";"48,86"
"25268";"VELA ANIV POCKET N0 DOURADA";"800";"27,000";"94,23";"94,23"
"25269";"VELA ANIV POCKET N0 LILAS";"800";"30,000";"104,70";"104,70"
"25270";"VELA ANIV POCKET N0 PINK";"800";"23,000";"80,27";"80,25"
"25271";"VELA ANIV POCKET N0 PRATA";"800";"14,000";"48,86";"48,86"
"25272";"VELA ANIV POCKET N0 PTA";"800";"6,000";"20,94";"20,94"
"25273";"VELA ANIV POCKET N0 VERM";"800";"10,000";"34,90";"34,90"
"25274";"VELA ANIV POCKET N1 AZUL";"800";"70,000";"244,30";"244,30"
"25275";"VELA ANIV POCKET N1 BCA";"800";"52,000";"181,48";"181,48"
"25276";"VELA ANIV POCKET N1 DOURADA";"800";"37,000";"129,13";"129,13"
"25277";"VELA ANIV POCKET N1 LILAS";"800";"62,000";"216,38";"216,38"
"25278";"VELA ANIV POCKET N1 PINK";"800";"60,000";"209,40";"209,40"
"25279";"VELA ANIV POCKET N1 PRATA";"800";"45,000";"157,05";"157,05"
"25280";"VELA ANIV POCKET N1 PTA";"800";"27,000";"94,23";"94,23"
"25281";"VELA ANIV POCKET N1 VERM";"800";"29,000";"101,21";"101,21"
"25282";"VELA ANIV POCKET N2 AZUL";"800";"54,000";"188,46";"188,46"
"25283";"VELA ANIV POCKET N2 BCA";"800";"26,000";"90,74";"90,74"
"25284";"VELA ANIV POCKET N2 DOURADA";"800";"42,000";"146,58";"146,58"
"25285";"VELA ANIV POCKET N2 LILAS";"800";"51,000";"177,99";"177,99"
"25286";"VELA ANIV POCKET N2 PINK";"800";"58,000";"202,42";"202,42"
"25287";"VELA ANIV POCKET N2 PRATA";"800";"27,000";"94,23";"94,23"
"25288";"VELA ANIV POCKET N2 PTA";"800";"26,000";"90,74";"90,74"
"25289";"VELA ANIV POCKET N2 VERM";"800";"42,000";"146,58";"146,58"
"25290";"VELA ANIV POCKET N3 AZUL";"800";"47,000";"164,03";"164,03"
"25291";"VELA ANIV POCKET N3 BCA";"800";"25,000";"87,25";"87,25"
"25292";"VELA ANIV POCKET N3 DOURADA";"800";"36,000";"125,64";"125,64"
"25293";"VELA ANIV POCKET N3 LILAS";"800";"37,000";"129,13";"129,13"
"25294";"VELA ANIV POCKET N3 PINK";"800";"34,000";"118,66";"118,66"
"25295";"VELA ANIV POCKET N3 PRATA";"800";"25,000";"87,25";"87,25"
"25296";"VELA ANIV POCKET N3 PTA";"800";"15,000";"52,35";"52,35"
"25297";"VELA ANIV POCKET N3 VERM";"800";"28,000";"97,72";"97,72"
"25298";"VELA ANIV POCKET N4 AZUL";"800";"52,000";"181,48";"181,48"
"25299";"VELA ANIV POCKET N4 BCA";"800";"37,000";"129,13";"129,13"
"25300";"VELA ANIV POCKET N4 DOURADA";"800";"35,000";"122,15";"122,15"
"25301";"VELA ANIV POCKET N4 LILAS";"800";"31,000";"108,19";"108,19"
"25302";"VELA ANIV POCKET N4 PINK";"800";"22,000";"76,78";"76,78"
"25303";"VELA ANIV POCKET N4 PRATA";"800";"27,000";"94,23";"94,23"
"25304";"VELA ANIV POCKET N4 PTA";"800";"8,000";"27,92";"27,92"
"25305";"VELA ANIV POCKET N4 VERM";"800";"35,000";"122,15";"122,15"
"25306";"VELA ANIV POCKET N5 AZUL";"800";"36,000";"125,64";"125,64"
"25307";"VELA ANIV POCKET N5 BCA";"800";"32,000";"111,68";"111,68"
"25308";"VELA ANIV POCKET N5 DOURADA";"800";"44,000";"153,56";"153,56"
"25309";"VELA ANIV POCKET N5 LILAS";"800";"48,000";"167,52";"167,03"
"25310";"VELA ANIV POCKET N5 PINK";"800";"50,000";"174,50";"174,50"
"25311";"VELA ANIV POCKET N5 PRATA";"800";"19,000";"66,31";"66,31"
"25312";"VELA ANIV POCKET N5 PTA";"800";"15,000";"52,35";"52,35"
"25313";"VELA ANIV POCKET N5 VERM";"800";"23,000";"80,36";"80,36"
"25314";"VELA ANIV POCKET N6 AZUL";"800";"57,000";"198,93";"198,93"
"25315";"VELA ANIV POCKET N6 BCA";"800";"34,000";"118,66";"118,66"
"25316";"VELA ANIV POCKET N6 DOURADA";"800";"20,000";"69,80";"69,80"
"25317";"VELA ANIV POCKET N6 LILAS";"800";"35,000";"122,15";"122,15"
"25318";"VELA ANIV POCKET N6 PINK";"800";"33,000";"115,17";"115,17"
"25319";"VELA ANIV POCKET N6 PRATA";"800";"27,000";"94,23";"94,23"
"25320";"VELA ANIV POCKET N6 PTA";"800";"11,000";"38,39";"38,39"
"25321";"VELA ANIV POCKET N6 VERM";"800";"17,000";"59,33";"59,33"
"25322";"VELA ANIV POCKET N7 AZUL";"800";"36,000";"125,64";"125,64"
"25323";"VELA ANIV POCKET N7 BCA";"800";"26,000";"90,74";"90,74"
"25324";"VELA ANIV POCKET N7 DOURADA";"800";"24,000";"83,76";"83,76"
"25325";"VELA ANIV POCKET N7 LILAS";"800";"28,000";"97,72";"97,72"
"25326";"VELA ANIV POCKET N7 PINK";"800";"41,000";"143,09";"143,09"
"25327";"VELA ANIV POCKET N7 PRATA";"800";"16,000";"55,84";"55,84"
"25328";"VELA ANIV POCKET N7 PTA";"800";"6,000";"20,94";"20,94"
"25329";"VELA ANIV POCKET N7 VERM";"800";"30,000";"104,70";"104,70"
"25330";"VELA ANIV POCKET N8 AZUL";"800";"40,000";"139,60";"139,60"
"25331";"VELA ANIV POCKET N8 BCA";"800";"16,000";"55,84";"55,84"
"25332";"VELA ANIV POCKET N8 DOURADA";"800";"21,000";"73,29";"73,29"
"25333";"VELA ANIV POCKET N8 LILAS";"800";"25,000";"87,25";"87,25"
"25334";"VELA ANIV POCKET N8 PINK";"800";"22,000";"76,78";"76,78"
"25335";"VELA ANIV POCKET N8 PRATA";"800";"18,000";"62,82";"62,82"
"25336";"VELA ANIV POCKET N8 PTA";"800";"2,000";"6,98";"6,98"
"25337";"VELA ANIV POCKET N8 VERM";"800";"25,000";"87,25";"87,25"
"25338";"VELA ANIV POCKET N9 AZUL";"800";"25,000";"87,25";"87,25"
"25339";"VELA ANIV POCKET N9 BCA";"800";"14,000";"48,86";"48,86"
"25340";"VELA ANIV POCKET N9 DOURADA";"800";"20,000";"69,80";"69,80"
"25341";"VELA ANIV POCKET N9 LILAS";"800";"23,000";"80,27";"80,27"
"25342";"VELA ANIV POCKET N9 PINK";"800";"25,000";"87,25";"87,25"
"25343";"VELA ANIV POCKET N9 PRATA";"800";"12,000";"41,88";"41,88"
"25344";"VELA ANIV POCKET N9 PTA";"800";"5,000";"17,45";"17,45"
"25345";"VELA ANIV POCKET N9 VERM";"800";"15,000";"52,44";"52,44"
"38063";"VELA ANIV RENEW GLITTER AZUL N9";"800";"1,000";"3,99";"3,99"
"37322";"VELA ANIV STANDART N 0 RSA";"800";"1,000";"1,59";"1,59"
"37673";"VELA ANIV STANDART N 0 VRM";"800";"2,000";"3,18";"3,18"
"37679";"VELA ANIV STANDART N 9 BCA";"800";"2,000";"3,18";"3,18"
"37515";"VELA ANIV STANDART N 9 VRM";"800";"2,000";"3,18";"3,18"
"37178";"VELA ANIV STANDART ROSA N 8";"800";"1,000";"1,69";"1,69"
"37177";"VELA ANIV STANDART VERMELHA N 3";"800";"5,000";"8,45";"8,45"
"35889";"VELA ANIV SUPER N 6 VERMELHA";"800";"5,000";"12,45";"12,45"
"37531";"VELA ANIV SUPER N AZUL N 0";"800";"2,000";"4,98";"4,98"
"37054";"VELA ANIV SUPER N BRANCA N 7";"800";"1,000";"2,49";"2,49"
"36751";"VELA ANIV SUPER N BRANCA N 9";"800";"3,000";"7,47";"7,47"
"37667";"VELA ANIV SUPER N DOURADA N 9";"800";"1,000";"3,19";"3,19"
"36810";"VELA ANIV SUPER N VERMELHO N 0";"800";"1,000";"2,49";"2,49"
"38057";"VELA ANIV SUPER N VERMELHO N 9";"800";"1,000";"2,49";"2,49"
"25224";"VELA ANIVERSARIO INTERROGACAO PRATA";"800";"18,000";"66,42";"66,42"
"37211";"VELA C 8PCS 18X1 5CM";"800";"13,000";"129,87";"129,87"
"25373";"VELA FACERA C/8 N2 BCA";"800";"1,000";"3,99";"3,99"
"34464";"VELA FONT ESTRELAR CHA REVELACAO AZL";"800";"10,000";"79,90";"79,90"
"34465";"VELA FONT ESTRELAR CHA REVELACAO RSA";"800";"12,000";"95,88";"95,88"
"34026";"VELA LAPETIT BCA C 10 PCS";"800";"45,000";"224,55";"224,55"
"34027";"VELA LAPETIT BCA C 6 PCS";"800";"26,000";"77,74";"77,74"
"34043";"VELA LED 4X4CM 2 CORES";"800";"1,000";"3,99";"3,99"
"34462";"VELA PALITO PREMIUM C 20 AZL";"800";"30,000";"119,70";"119,70"
"34463";"VELA PALITO PREMIUM C 20 BCA";"800";"39,000";"155,61";"155,61"
"34461";"VELA PALITO PREMIUM C 20 RSA";"800";"25,000";"99,75";"99,75"
"35613";"VELA PERF AMAZONIA AROMAS 60G CRAVO CANELA";"800";"21,000";"167,79";"167,79"
"36629";"VELA PERF AMAZONIA AROMAS 60G FLOR";"800";"20,000";"159,80";"159,80"
"25384";"VELA PERF AMAZONIA AROMAS 60G LAVAN ING";"800";"19,000";"151,81";"151,81"
"36342";"VELA PERF AMAZONIA AROMAS 60G LIMAO";"800";"19,000";"151,81";"151,81"
"25385";"VELA PERF AMAZONIA AROMAS 60G MELANC";"800";"1,000";"7,73";"7,73"
"35733";"VELA PERF AMAZONIA AROMAS 60G MOR SILVESTRE";"800";"6,000";"59,94";"59,94"
"33826";"VELA PERFUMADA GLADE HOME 96G RELAX LAVENDER";"800";"2,000";"77,98";"77,98"
"8714";"VELA SANDERIANA BRANCA 265G ";"800";"269,000";"3.332,91";"3.332,91"
"8716";"VELA SANDERO 235G N SENHORA APARE";"800";"72,000";"920,88";"920,88"
"8718";"VELA SANDERO 235G SAO JORGE";"800";"48,000";"613,92";"613,92"
"25392";"VELA SANDERO 7 DIAS AMARELA";"800";"1,000";"12,29";"12,29"
"25393";"VELA SANDERO 7 DIAS AZUL";"800";"1,000";"12,29";"12,29"
"25395";"VELA SANDERO 7 DIAS VERDE/BCA/VM";"800";"2,000";"24,58";"24,58"
"8720";"VELA SANDERO 90G CITRONELA";"800";"48,000";"239,52";"239,52"
"25403";"VELA SANDERO C 8  N4 BCA";"800";"777,000";"5.228,53";"5.227,83"
"25404";"VELA SANDERO C 8  N4 BCA/VERM";"800";"1,000";"5,29";"5,29"
"25406";"VELA SANDERO C 8  N4 VM/BR";"800";"82,000";"753,98";"753,98"
"25402";"VELA SANDERO C 8 N2 ROSA";"800";"96,000";"649,34";"649,34"
"35831";"VELA SANDERO N 04 8UN BCA VRM VRD";"800";"60,000";"581,40";"581,40"
"35994";"VELA SANDERO N 4 AMARELA";"800";"134,000";"1.169,06";"1.169,06"
"35855";"VELA SANDERO N 4 VERMELHA";"800";"333,000";"2.930,67";"2.930,67"
"8721";"VELA SANDERO N1 BRANCA 8UN 80G ";"800";"1.151,000";"6.088,79";"6.088,79"
"8719";"VELA SANDERO N2 8UN 112G AMARELA";"800";"40,000";"231,60";"231,60"
"8722";"VELA SANDERO N2 8UN 112G AZUL";"800";"188,000";"1.254,22";"1.254,22"
"8725";"VELA SANDERO N4 8UN 144G ST N SRA APARECIDA";"800";"113,000";"936,09";"936,09"
"8726";"VELA SANDERO N4 8UN 144G ST SANTO EXPEDITO";"800";"143,000";"1.134,09";"1.134,09"
"8727";"VELA SANDERO N4 8UN 144G ST SAO JORGE";"800";"185,000";"1.560,39";"1.560,39"
"8728";"VELA SANDERO N4 8UN 144G ST SAO JOSE";"800";"98,000";"821,82";"819,42"
"8730";"VELA SANDERO N7/50 BRANCA 235G ";"800";"5,000";"61,45";"61,45"
"35813";"VELA SANDERO STO ANTONIO N7 8UN";"800";"114,000";"880,38";"877,98"
"25407";"VELA SANDERO T 7 DIAS AMARELA";"800";"90,000";"1.313,10";"1.313,10"
"25408";"VELA SANDERO T 7 DIAS AZUL";"800";"114,000";"1.412,46";"1.412,46"
"25409";"VELA SANDERO T 7 DIAS VERDE/BCA/VM";"800";"45,000";"628,09";"628,09"
"25410";"VELA SANDERO T 7 DIAS VERM";"800";"183,000";"2.249,07";"2.249,07"
"25411";"VELA SANDERO T 7 DIAS VERM BCA";"800";"49,000";"658,61";"658,61"
"36000";"VELA SENDERO DOS ANJOS C 7";"800";"87,000";"601,03";"601,03"
"25412";"VELA SENDERO N7 SAG CORAC M";"800";"168,000";"2.148,72";"2.148,72"
"25413";"VERMUTE MARTINI 750ML BIANCO";"800";"23,000";"1.410,70";"1.410,70"
"33124";"VERMUTE MARTINI 750ML EXTRA DRY ";"800";"2,000";"119,80";"119,80"
"8731";"VERMUTE MARTINI 750ML ROSATO";"800";"10,000";"608,00";"608,00"
"8732";"VERMUTE MARTINI 750ML TINTO";"800";"7,000";"431,30";"431,30"
"25414";"VESTIDO CAIPIRA TAM G";"800";"4,000";"199,60";"199,60"
"25415";"VESTIDO CAIPIRA TAM GG";"800";"1,000";"49,90";"49,90"
"25416";"VESTIDO CAIPIRA TAM M";"800";"8,000";"319,20";"319,20"
"25417";"VESTIDO CAIPIRA TAM P";"800";"14,000";"418,60";"418,60"
"127";"VH 120 CABERNET SV 750ML";"800";"9,000";"517,41";"517,41"
"130";"VH 3 MEDALLAS BC SV 750ML";"800";"8,000";"339,92";"339,92"
"131";"VH 3 MEDALLAS CABERNET 750ML";"800";"3,000";"127,47";"127,47"
"137";"VH ARBO ASSEMBLAGE SC 750ML";"800";"8,000";"293,65";"293,65"
"138";"VH ARBO CABERNET 750ML";"800";"15,000";"541,76";"541,76"
"148";"VH ARBO MARSELAN SC 750ML";"800";"5,000";"181,86";"181,86"
"146";"VH ARBO MERLOT 750ML";"800";"14,000";"509,59";"509,59"
"141";"VH ARBO MOSCATO SC 750ML";"800";"9,000";"325,82";"325,82"
"143";"VH ARBO RIESLING SC 750ML";"800";"4,000";"145,87";"145,87"
"150";"VH ARBO TANNAT SC 750ML";"800";"13,000";"469,78";"469,78"
"25420";"VH ARBO TINTO MERLOT SECO 1 5L";"800";"1,000";"41,79";"41,79"
"157";"VH AROMO CARMENERE 1L";"800";"1,000";"32,50";"32,50"
"160";"VH AROMO MERLOT 1L";"800";"1,000";"32,50";"32,50"
"168";"VH AURORA COLH TARDIA BCO 500ML";"800";"17,000";"489,97";"489,97"
"165";"VH BELTRAME BCO PET 1 9L SC";"800";"43,000";"1.109,05";"1.109,05"
"166";"VH BELTRAME BCO PET 1 9L SV";"800";"54,000";"1.399,46";"1.399,46"
"172";"VH BELTRAME BORDO SC PET 1 9L";"800";"37,000";"954,41";"954,41"
"170";"VH BELTRAME ROSADO SV PET 1 9L";"800";"59,000";"1.510,40";"1.510,40"
"174";"VH BELTRAME TINTO PET 1 9L SC";"800";"76,000";"1.955,30";"1.955,30"
"176";"VH BELTRAME TINTO PET 1 9L SV";"800";"278,000";"7.156,72";"7.156,72"
"202";"VH CANCAO BCO 750ML SC";"800";"21,000";"381,41";"381,41"
"203";"VH CANCAO BCO 750ML SV";"800";"39,000";"707,02";"707,02"
"25424";"VH CANCAO BORDO SUAVE 750ML SC";"800";"58,000";"1.047,24";"1.047,24"
"25425";"VH CANCAO BORDO SUAVE 750ML SV";"800";"108,000";"1.973,48";"1.973,48"
"204";"VH CANCAO ROSADO SV 750ML";"800";"52,000";"952,77";"952,77"
"205";"VH CANCAO TINTO 750ML SC";"800";"92,000";"1.666,84";"1.666,84"
"206";"VH CANCAO TINTO 750ML SV";"800";"251,000";"4.560,08";"4.556,88"
"212";"VH CARTA VIEJA CARMENERE 1L";"800";"47,000";"1.496,67";"1.496,67"
"25431";"VH CHILENO CARTA VIEJA CABERNET 1L TINTO";"800";"25,000";"808,71";"808,71"
"25433";"VH CONCHA Y TORO RESERV CAB SUAVE 750ML";"800";"32,000";"1.483,29";"1.483,29"
"214";"VH COUNTRY WINE BCO 750ML SC";"800";"43,000";"745,01";"745,01"
"215";"VH COUNTRY WINE BCO 750ML SV";"800";"54,000";"938,03";"938,03"
"218";"VH COUNTRY WINE BORDO 750ML SC";"800";"41,000";"823,23";"823,23"
"220";"VH COUNTRY WINE BORDO 750ML SV";"800";"57,000";"1.142,16";"1.142,16"
"217";"VH COUNTRY WINE BORDO SV 1L";"800";"25,000";"510,67";"510,67"
"221";"VH COUNTRY WINE TINTO 750ML SC";"800";"124,000";"2.137,70";"2.137,70"
"222";"VH COUNTRY WINE TINTO 750ML SV";"800";"273,000";"4.698,33";"4.698,33"
"224";"VH DEL GRANO BCO 1 48L SC";"800";"18,000";"409,41";"409,41"
"225";"VH DEL GRANO BCO 1 48L SV";"800";"29,000";"649,79";"649,79"
"226";"VH DEL GRANO FRISANTE BCO 750ML";"800";"15,000";"302,58";"302,58"
"227";"VH DEL GRANO FRISANTE ROSE 750ML";"800";"17,000";"340,74";"338,74"
"231";"VH DEL GRANO GOLD BCO SV 1L";"800";"3,000";"68,99";"68,99"
"233";"VH DEL GRANO GOLD NIAGARA BCO SC 1L";"800";"6,000";"134,96";"134,96"
"238";"VH DEL GRANO GOLD TINTO 750ML DEMI SEC";"800";"45,000";"830,48";"830,48"
"239";"VH DEL GRANO GOLD TINTO 750ML SC";"800";"45,000";"812,28";"812,28"
"240";"VH DEL GRANO GOLD TINTO 750ML SV";"800";"107,000";"1.937,67";"1.937,67"
"245";"VH DEL GRANO PROMOCIONAL 1L SC";"800";"24,000";"460,31";"460,31"
"247";"VH DEL GRANO PROMOCIONAL 1L SV";"800";"71,000";"1.370,13";"1.370,13"
"249";"VH DEL GRANO TINTO 1 48L SC";"800";"86,000";"1.913,79";"1.913,79"
"251";"VH DEL GRANO TINTO 1 48L SV";"800";"130,000";"2.899,47";"2.899,47"
"253";"VH ESTATE FRISANTE BCO 660ML";"800";"1,000";"22,50";"22,50"
"257";"VH G7 GENERATION 750ML CARMENERE";"800";"1,000";"28,50";"28,50"
"262";"VH JOTA PE BCO 1L SC";"800";"2,000";"49,00";"49,00"
"263";"VH JOTA PE BCO 1L SV";"800";"13,000";"318,50";"318,50"
"266";"VH JOTA PE BCO 750ML SC";"800";"38,000";"931,25";"919,25"
"265";"VH JOTA PE BCO 750ML SV";"800";"36,000";"877,27";"830,74"
"561";"VH JOTA PE BORDO 750ML SC";"800";"42,000";"1.125,60";"1.117,09"
"560";"VH JOTA PE BORDO 750ML SV";"800";"113,000";"3.018,30";"3.018,30"
"267";"VH JOTA PE TINTO 750ML SC";"800";"194,000";"4.372,16";"4.276,96"
"268";"VH JOTA PE TINTO 750ML SV";"800";"516,000";"11.766,79";"11.564,79"
"269";"VH JOTA PE TINTO SC 1L";"800";"1,000";"25,90";"25,90"
"25434";"VH JP BCO SECO TRAD 1 5L";"800";"15,000";"523,50";"523,50"
"25435";"VH JP BCO SUAVE 1 5L";"800";"45,000";"1.599,30";"1.599,30"
"25437";"VH LEVITY VILA PORT 750ML INATIVO ";"800";"2,000";"59,58";"59,58"
"271";"VH MARCUS JAMES CABERNET 750ML";"800";"66,000";"1.750,07";"1.750,07"
"272";"VH MARCUS JAMES MERLOT 750ML";"800";"45,000";"1.184,65";"1.184,65"
"273";"VH MARCUS JAMES TANNAT 750ML";"800";"44,000";"1.163,19";"1.163,19"
"25439";"VH MARQUE ROSE TEMPRAN 750ML";"800";"2,000";"42,49";"42,49"
"33785";"VH MIORANZA FRISANTE 750ML BCO SV";"800";"8,000";"191,47";"191,47"
"33787";"VH MIORANZA FRISANTE 750ML ROSE SV";"800";"27,000";"644,58";"634,58"
"274";"VH NOVECENTO 750ML CABERNET";"800";"1,000";"49,90";"49,90"
"275";"VH NOVECENTO 750ML MALBEC";"800";"1,000";"49,90";"49,90"
"25443";"VH PORTUGUES BARRICADO TT MEIO SEC 750ML";"800";"1,000";"28,79";"28,79"
"276";"VH QUINTA CARVALHO BCO 750ML SC";"800";"141,000";"2.060,75";"1.899,54"
"277";"VH QUINTA CARVALHO BCO 750ML SV";"800";"452,000";"6.644,59";"6.150,48"
"278";"VH QUINTA CARVALHO TINTO 750ML SC";"800";"1.168,000";"16.934,54";"15.419,28"
"279";"VH QUINTA CARVALHO TINTO 750ML SV";"800";"4.136,000";"60.569,50";"54.336,84"
"281";"VH RELAX FRISANTE BCO 750ML DEMI SEC";"800";"5,000";"129,48";"129,48"
"283";"VH RELAX FRISANTE ROSE SV 750ML";"800";"15,000";"383,91";"383,91"
"292";"VH SAINT GERMAIN BLEND SV 750ML";"800";"35,000";"810,69";"810,69"
"291";"VH SAINT GERMAIN MERLOT 750ML";"800";"33,000";"759,82";"759,82"
"294";"VH SANGUE BOI BCO 750ML SC";"800";"154,000";"2.451,41";"2.232,21"
"296";"VH SANGUE BOI BCO 750ML SV";"800";"161,000";"2.560,08";"2.287,42"
"305";"VH SANGUE BOI GASEIFICADO SV 660ML";"800";"7,000";"146,64";"146,64"
"302";"VH SANGUE BOI TINTO 4L SC";"800";"10,000";"870,79";"870,79"
"304";"VH SANGUE BOI TINTO 4L SV";"800";"37,000";"3.196,69";"3.196,69"
"298";"VH SANGUE BOI TINTO 750ML SC";"800";"914,000";"14.291,74";"13.059,07"
"300";"VH SANGUE BOI TINTO 750ML SV";"800";"4.836,000";"76.509,43";"70.727,29"
"25444";"VH SAUVIG TRAV BCO SECO 750ML";"800";"1,000";"26,29";"26,29"
"25445";"VH SOGNO ITALIANO TINTO 750ML";"800";"9,000";"212,31";"212,31"
"307";"VH TRADICAO NIAGARA BCO 1 4L SC";"800";"243,000";"4.583,89";"3.928,41"
"308";"VH TRADICAO NIAGARA BCO 1 4L SV";"800";"398,000";"7.394,69";"6.570,04"
"310";"VH TRADICAO TINTO 1 4L SC";"800";"1.106,000";"20.703,65";"17.924,09"
"311";"VH TRADICAO TINTO 1 4L SV";"800";"3.175,000";"59.696,14";"51.244,69"
"33147";"VIN BALSAMICO KOLLER 300ML";"800";"2,000";"39,98";"39,98"
"33148";"VIN BALSAMICO MACA KOLLER 300ML";"800";"13,000";"202,67";"202,67"
"33150";"VIN MACA KOLLER ORGANICO 250ML";"800";"10,000";"258,90";"258,90"
"3769";"VINAGRE ALCOOL KOLLER 500ML";"800";"663,000";"1.849,77";"1.849,77"
"3773";"VINAGRE ALCOOL KOLLER 500ML UVA";"800";"275,000";"1.179,75";"1.179,75"
"3772";"VINAGRE ALCOOL KOLLER 750ML";"800";"659,000";"2.798,11";"2.798,11"
"34825";"VINAGRE ALCOOL KOLLER 750ML AROMAT LIMAO";"800";"183,000";"804,57";"804,57"
"3768";"VINAGRE ALCOOL ROSINA 750ML";"800";"1.772,000";"5.475,48";"5.475,28"
"3777";"VINAGRE ARROZ KOLLER 500ML";"800";"80,000";"531,70";"531,70"
"3797";"VINAGRE BALSAMICO ROSINA 500ML TINTO";"800";"48,000";"964,25";"964,25"
"3782";"VINAGRE MACA KOLLER 500ML";"800";"463,000";"2.865,97";"2.865,97"
"3783";"VINAGRE MACA KOLLER 750ML";"800";"331,000";"2.769,59";"2.769,59"
"3778";"VINAGRE MACA ROSINA 750ML";"800";"808,000";"4.112,72";"4.112,72"
"3792";"VINAGRE VINHO KOLLER 500ML BRANCO";"800";"84,000";"555,96";"555,96"
"3790";"VINAGRE VINHO KOLLER 500ML TINTO";"800";"150,000";"986,50";"986,50"
"3794";"VINAGRE VINHO KOLLER 750ML BRANCO";"800";"99,000";"815,21";"815,21"
"3795";"VINAGRE VINHO KOLLER 750ML TINTO";"800";"100,000";"805,50";"805,50"
"3786";"VINAGRE VINHO ROSINA 750ML BRANCO";"800";"150,000";"898,50";"898,50"
"3784";"VINAGRE VINHO ROSINA 750ML TINTO";"800";"448,000";"2.683,52";"2.683,52"
"3775";"VINAGRE VINHO TINTO CHEMIM 750ML";"800";"3,000";"8,97";"8,97"
"25453";"VINAGREIRO MANHATTAN 180ML";"800";"1,000";"18,99";"18,99"
"25455";"VINAGREIRO/AZEITIRO BICO DOSADOR 200ML";"800";"1,000";"12,99";"12,99"
"25456";"VINAGREIRO/AZEITIRO VIVA VD 660ML";"800";"1,000";"18,99";"18,99"
"8734";"VINHO AURORA 500ML TTO COLH TARDIA";"800";"2,000";"56,98";"56,98"
"8748";"VINHO CONCHA Y TORO 750ML ROSE";"800";"10,000";"449,90";"399,81"
"8750";"VINHO CONCHA Y TORO 750ML TTO MALBEC";"800";"15,000";"686,89";"686,89"
"8754";"VINHO JOTA PE 1 5L TTO SECO";"800";"122,000";"4.320,60";"4.320,60"
"8755";"VINHO JOTA PE 1 5L TTO SUAVE";"800";"117,000";"4.216,10";"4.216,10"
"25457";"VINHO PINHEIRENSE 870ML";"800";"310,000";"2.166,90";"2.165,90"
"8763";"VINHO SAINT GERMAIN 750ML BCO BLANC BLANCS";"800";"1,000";"22,99";"22,99"
"8769";"VINHO SANTA HELENA 750ML TTO CAB SAUV";"800";"1,000";"44,29";"44,29"
"3073";"VITAMINA NESTON SH 210G MACA BAN MAMAO";"800";"128,000";"1.368,32";"1.368,32"
"3071";"VITAMINA VITAMINE 400G MORANGO";"800";"110,000";"955,90";"955,90"
"617";"VODKA INTENCION LT 473ML";"800";"122,000";"994,38";"994,38"
"614";"VODKA INTENCION PET 900ML";"800";"248,000";"5.775,51";"5.775,51"
"25461";"VODKA KADAFF MARACUJA VD 970ML ";"800";"1,000";"13,99";"13,99"
"622";"VODKA NATASHA VD 900ML";"800";"6,000";"217,58";"217,58"
"33728";"VODKA NINNOFF PET 870ML";"800";"577,000";"7.418,71";"7.379,80"
"33781";"VODKA NINNOFF VD 900ML BLUE";"800";"34,000";"584,03";"584,03"
"33782";"VODKA NINNOFF VD 900ML LEMON";"800";"74,000";"1.275,46";"1.275,46"
"33784";"VODKA NINNOFF VD 900ML ORIG";"800";"149,000";"2.540,61";"2.534,61"
"33783";"VODKA NINNOFF VD 900ML RED";"800";"52,000";"895,31";"895,31"
"10467";"VODKA POPOKELVIS VD 900ML";"800";"32,000";"911,51";"911,51"
"625";"VODKA RAJSKA VD 1L";"800";"95,000";"2.597,27";"2.597,27"
"631";"VODKA SMIRNOFF VD 998ML";"800";"11,000";"572,48";"572,48"
"25463";"VODKA SPRITE ABSOLUT LT 269ML";"800";"10,000";"89,90";"89,90"
"633";"VODKA TAIGA PREMIUM VD 1L";"800";"20,000";"564,35";"553,55"
"636";"VODKA VOLCOF VD 900ML";"800";"135,000";"1.850,44";"1.850,44"
"33723";"VODKA WE MIX LN 275ML FTAS VDRS";"800";"25,000";"189,65";"189,65"
"33725";"VODKA WE MIX LN 275ML LIM E GENG";"800";"28,000";"211,32";"211,32"
"33780";"VODKA WE MIX LN 275ML MELAN HORT";"800";"41,000";"309,89";"309,89"
"33724";"VODKA WE MIX LN 275ML MOR E KIWI";"800";"20,000";"152,20";"152,20"
"1677";"WAFER AMANDITA 200G CREME C CACAU";"800";"84,000";"1.947,77";"1.947,77"
"1673";"WAFER BAUDUCCO 104G MAXI CHOCOLATE";"800";"97,000";"440,53";"440,53"
"1671";"WAFER BAUDUCCO 140G CHOC";"800";"242,000";"1.167,28";"1.167,28"
"1669";"WAFER BAUDUCCO 140G CHOC AVELA";"800";"168,000";"825,42";"825,42"
"1670";"WAFER BAUDUCCO 140G MORANGO";"800";"131,000";"595,09";"595,09"
"1668";"WAFER BAUDUCCO 140G TRIPLO CHOC";"800";"292,000";"1.245,98";"1.245,98"
"37156";"WAFER CHARM CHIP COB CHOC AO LEITE";"800";"1,000";"2,99";"2,99"
"37419";"WAFER COBERTO CHARM LIMAO 14G";"800";"5,000";"9,95";"9,95"
"1648";"WAFER GIRASSOL 60G CHOC";"800";"6.993,000";"10.353,27";"10.322,67"
"1649";"WAFER GIRASSOL 60G LIMAO";"800";"4.582,000";"6.819,38";"6.725,18"
"1647";"WAFER GIRASSOL 60G MORANGO";"800";"5.707,000";"8.503,43";"8.487,53"
"1674";"WAFER ISABELA CHOCKS 100 8G CHOC";"800";"343,000";"1.846,27";"1.846,27"
"1675";"WAFER ISABELA CHOCKS 100 8G CHOC BRANCO";"800";"216,000";"1.229,04";"1.228,54"
"36831";"WAFER ITAMARATY SABORES 80G";"800";"13,000";"38,87";"38,87"
"36575";"WAFER LOOK MAIS DUO 20G MARACUJA";"800";"2,000";"3,98";"3,98"
"1948";"WAFER MINUETO ROLINHO 40G BRIGADEIRO";"800";"139,000";"540,71";"540,71"
"1949";"WAFER MINUETO ROLINHO 40G CHOC";"800";"123,000";"478,47";"478,47"
"1820";"WAFER MINUETO ROLINHO 40G CHOC LEITE";"800";"112,000";"435,68";"435,68"
"1860";"WAFER MINUETO ROLINHO 40G MORANGO";"800";"117,000";"455,13";"455,13"
"1667";"WAFER NESTLE 110G NEGRESCO";"800";"62,000";"327,98";"327,98"
"1672";"WAFER NESTLE 110G PRESTIGIO";"800";"89,000";"444,11";"444,11"
"25484";"WAFER ORQUIDEA 100G CHOC";"800";"1.056,000";"2.735,04";"2.734,64"
"33170";"WAFER ORQUIDEA 100G CHOC BCO";"800";"669,000";"1.732,71";"1.732,71"
"25485";"WAFER ORQUIDEA 100G CHOC CROC";"800";"320,000";"818,00";"818,00"
"1663";"WAFER PARATI MEGA 105G CHOC";"800";"574,000";"1.716,26";"1.716,26"
"1662";"WAFER PARATI MEGA 105G MORANGO";"800";"461,000";"1.378,39";"1.378,39"
"1652";"WAFER PARATI MINUETO 81G BRIGADEIRO";"800";"3.318,000";"8.077,80";"7.448,47"
"1650";"WAFER PARATI MINUETO 81G CHOC";"800";"3.771,000";"9.336,20";"8.520,02"
"1654";"WAFER PARATI MINUETO 81G CHOC AVELA";"800";"3.670,000";"8.562,08";"8.046,96"
"1651";"WAFER PARATI MINUETO 81G CHOC BAUNILHA";"800";"5.348,000";"12.816,73";"12.128,03"
"1653";"WAFER PARATI MINUETO 81G LIMAO";"800";"3.739,000";"9.084,43";"8.550,10"
"1655";"WAFER PARATI MINUETO 81G MORANGO";"800";"4.959,000";"12.098,33";"11.263,62"
"1665";"WAFER PASSION 80G CHOC";"800";"425,000";"1.588,95";"1.588,95"
"1666";"WAFER PASSION 80G CHOC BRANCO";"800";"272,000";"1.085,28";"1.085,28"
"1664";"WAFER PASSION 80G LIMAO";"800";"207,000";"825,93";"825,93"
"1656";"WAFFER ISABELA 100G CHOC";"800";"3.063,000";"8.852,07";"8.851,77"
"1661";"WAFFER ISABELA 100G CHOC BRANCO";"800";"1.269,000";"3.667,41";"3.667,41"
"1658";"WAFFER ISABELA 100G CHOC SUICO";"800";"3.837,000";"11.088,93";"11.088,93"
"1657";"WAFFER ISABELA 100G DOCE DE LEITE";"800";"1.989,000";"5.748,21";"5.748,21"
"1660";"WAFFER ISABELA 100G LIMAO";"800";"1.299,000";"3.754,11";"3.754,11"
"1659";"WAFFER ISABELA 100G MORANGO";"800";"3.007,000";"8.690,23";"8.690,23"
"25512";"WHEY PROTEIN PO PARMALAT 450G CHOC";"800";"6,000";"419,94";"419,94"
"25514";"WHISKY BELLS VD 700ML ORIG";"800";"1,000";"55,50";"55,50"
"638";"WHISKY BLACK STONE 1L";"800";"185,000";"5.640,26";"5.640,26"
"640";"WHISKY BLEND SEVEN 1L";"800";"17,000";"750,91";"750,91"
"647";"WHISKY GREEN VALLEY VD 1L";"800";"26,000";"1.142,84";"1.142,84"
"648";"WHISKY MASTER GOLD VD 900ML";"800";"43,000";"870,49";"870,49"
"650";"WHISKY NATU NOBILIS 1VD L";"800";"28,000";"1.680,82";"1.680,82"
"655";"WHISKY PASSPORT VD 1L";"800";"19,000";"1.340,50";"1.340,50"
"494";"XAROPE CESTA BASICA 900ML GROSELHA";"800";"102,000";"2.285,26";"2.285,26"
"10079";"XIC CHA DIAMANTE C PIRES N F ";"800";"1,000";"13,79";"13,79"
"37048";"XICARA CAFE VIDRO BRASILIANO 110ML";"800";"36,000";"179,64";"179,64"
"37561";"XICARA CAFE WELLMIX 90ML WX6198";"800";"2,000";"15,98";"15,98"
"33207";"XICARA CAFE WELLMIX C 6  CZA WX6210";"800";"2,000";"79,80";"79,80"
"38220";"XICARA CHA 250ML S PIRES CM72";"800";"172,000";"686,28";"686,28"
"25521";"XICARA CHA C/PIRES JARDIM ORIENTAL";"800";"4,000";"71,56";"71,56"
"25522";"XICARA CHA C/PIRES OXFORD AZUL";"800";"1,000";"18,39";"18,39"
"33209";"XICARA CHA TRANSP CORAC 200ML VD10 5";"800";"11,000";"54,89";"54,89"
"38219";"XICARA CHA VIDRO LILY 220ML CM48";"800";"48,000";"239,52";"239,52"
"25525";"XICARA CHA VIDRO ROCKS 185ML";"800";"43,000";"300,57";"300,57"
"38160";"XICARA CHILE JUMBO 510ML";"800";"1,000";"12,99";"12,99"
"33210";"XICARA CONVEX BUBBLES 280ML";"800";"2,000";"11,98";"11,98"
"25529";"XICARA ESTAMP C PIRES 200ML ";"800";"13,000";"103,74";"103,74"
"10471";"XICARA OXFORD C PIRES CHA BOTHANICA ";"800";"1,000";"19,90";"19,90"
"25531";"XICARA OXFORD HANA";"800";"1,000";"21,69";"19,90"
"33480";"XICARA RETRO NUANCE 250ML STITCH";"800";"9,000";"89,91";"89,91"
"25532";"XICARA VIDRO CHA 150ML";"800";"70,000";"279,30";"279,30"
"25533";"XICARA VIDRO CHA BOHEMIA 220ML";"800";"73,000";"364,27";"364,27"
"25534";"XICARA VIDRO LOVE 195ML";"800";"5,000";"34,95";"30,95"
"25535";"XICARA VIDRO PORCELANA 200ML";"800";"10,000";"219,90";"219,90"
"25536";"XICARA VIDRO ROSA RELEVO 165 ML C789";"800";"36,000";"179,64";"179,64"
"36800";"XICARA VIDRO SODA LIME 165ML";"800";"10,000";"49,90";"49,90"
"25537";"XICARA VIDRO TRANSP 335ML F0291 ";"800";"5,000";"74,95";"74,95"
"35892";"XICARA WELLMIX 100ML";"800";"2,000";"19,98";"19,98"
"38338";"XICARAS CHA OXFORD 200ML C PIRES";"800";"3,000";"65,97";"65,97"
"";"TOTAL: 13086 linhas";"";"6.286.351,591";"52.608.052,75";"50.209.239,48"
