CODIGO_EMPRESA;CODIGO_PRODUTO;DESCRICAO_PRODUTO;DEPARTAMENTO;NRO_PEDIDO;DATA;NRO_PED_EXPEDICAO;CARGA;EMBALAGEM;ESTOQUE_DISPONIVEL_CD;QUANTIDADE_A_EXPEDIR;QTD_SEPARADA;QTD_CONFERIDA;DATA_CONFERENCIA;USUARIO_CONFERENCIA;ESTOQUE_DISPONIVEL_LOJA
11;33967;LIMPA PNEUS MIL MILHAS 485ML;PERFUMARIA E LIMPEZA;74147;01/06/2026;136064;70915;20;300;20;1;0;01/06/2026;RONAS;7
11;18170;ESP 3M SCHOTCH BRITE ECONOMICA;PERFUMARIA E LIMPEZA;74147;01/06/2026;136064;70915;10;990;10;1;0;01/06/2026;RONAS;14
11;24084;SC LIXO ALMOF CASAFORT 100L C 5;PERFUMARIA E LIMPEZA;74147;01/06/2026;136064;70915;50;0;50;1;0;01/06/2026;RONAS;50
11;10084;PREND ROUPA PARANA PLAST EMB 12UN;PERFUMARIA E LIMPEZA;74147;01/06/2026;136064;70915;60;1140;60;1;0;01/06/2026;RONAS;6
11;24096;SC LIXO PRO LIXO ROLAO 100L C 25;PERFUMARIA E LIMPEZA;74147;01/06/2026;136064;70915;12;48;12;1;0;01/06/2026;RONAS;4
11;24121;SC LIXO ROL DOBRASIL 10L C 50;PERFUMARIA E LIMPEZA;74147;01/06/2026;136064;70915;25;25;25;1;0;01/06/2026;RONAS;47
11;8704;VASSOURA CONDOR LIMPA PISO S CABO;PERFUMARIA E LIMPEZA;74147;01/06/2026;136064;70915;12;1728;12;0;0;01/06/2026;RONAS;11
18;20454;MANG DUOCOLOR 10MTS;NAO ALIMENTO;75213;02/06/2026;138253;72284;1;0;1;0;0;;;9
3;9751;LEITE SANTA CLARA UHT INT 1L;PERECIVEIS;75413;03/06/2026;140915;;12;95304;1020;0;0;;;2544
3;34846;ALVEJ BARBAREX 5L S CLORO;PERFUMARIA E LIMPEZA;75441;03/06/2026;140915;73749;2;226;154;0;0;;;3
7;23217;SAL REFINADO EX GARCA 1K;MERCEARIA;77683;08/06/2026;;;10;1329;10;0;0;;;33
17;20454;MANG DUOCOLOR 10MTS;NAO ALIMENTO;77731;08/06/2026;142666;74389;1;0;2;0;0;;;-4
7;985;MOSTARDA ODERICH SH 1KG;MERCEARIA;78234;09/06/2026;;;6;6;6;0;0;;;61
7;2087;CHA PRENDA 18G PRETO;MERCEARIA;78234;09/06/2026;;;20;1627;20;0;0;;;80
7;38145;CAFE SOL NESCAFE VD 200G GTS 10G TRAD;MERCEARIA;78234;09/06/2026;;;12;72;12;0;0;;;-27
7;15194;CAFE SOL NESCAFE TRAD SH L40P36G;MERCEARIA;78234;09/06/2026;;;24;0;24;0;0;;;145
7;2076;CHA PRENDA 10G CAMOMILA;MERCEARIA;78234;09/06/2026;;;20;1719;20;0;0;;;224
17;20454;MANG DUOCOLOR 10MTS;NAO ALIMENTO;78280;09/06/2026;144225;75343;1;0;1;0;0;;;-4
18;25106;VASSOURA JARDINEIRA S CABO;PERFUMARIA E LIMPEZA;78248;09/06/2026;144209;75367;1;0;2;0;0;09/06/2026;SAMUEL;5
18;8721;VELA SANDERO N1 BRANCA 8UN 80G;PERFUMARIA E LIMPEZA;78248;09/06/2026;144209;75367;24;1992;24;1;1;09/06/2026;SAMUEL;54
18;2266;CAPSULA DOLCE GUSTO 170G C 10 CAPP DOCE LEITE;MERCEARIA;78248;09/06/2026;144209;75367;6;6;6;0;0;;;15
18;21379;OLEO IPIRANGA F1 MASTER PERF 15W40 1L;PERFUMARIA E LIMPEZA;78248;09/06/2026;144209;75367;24;336;24;1;1;09/06/2026;SAMUEL;1
18;2491;KETCHUP ODERICH BISNAG 200G TRAD;MERCEARIA;78248;09/06/2026;;;24;96;24;0;0;;;42
18;20279;LUVA CONF LATEX P AMARELA;PERFUMARIA E LIMPEZA;78248;09/06/2026;144209;75367;12;0;12;0;0;09/06/2026;SAMUEL;0
3;15115;CAD ESPI CD 80FLS CARTOGRAFIA T DUDA;NAO ALIMENTO;78893;10/06/2026;145752;76011;4;0;4;0;0;10/06/2026;M EDUARDA;25
3;15383;CANETA HIDROCOR BIC EVOLUT 12 CORES;NAO ALIMENTO;78893;10/06/2026;145752;76011;1;0;1;0;0;10/06/2026;M EDUARDA;25
3;17012;CUIA PINTADA S/TAPA ERVA;NAO ALIMENTO;78893;10/06/2026;145752;76011;1;0;2;0;0;10/06/2026;M EDUARDA;0
3;6109;FOSFORO GABOARDI 10UN;NAO ALIMENTO;78893;10/06/2026;145752;76011;20;0;20;0;0;10/06/2026;M EDUARDA;98
3;19356;INCENSO FLUTE C 8 SAL GROSSO;NAO ALIMENTO;78893;10/06/2026;145752;76011;25;75;25;1;0;10/06/2026;M EDUARDA;109
3;14985;CAD ESPI CD 1 4 80FLS FROZEN;NAO ALIMENTO;78893;10/06/2026;145752;76011;5;0;5;0;0;10/06/2026;M EDUARDA;7
3;36297;CANETA ESF TRIGLOW LYKE C 10 CORES;NAO ALIMENTO;78893;10/06/2026;145752;76011;10;0;10;0;0;10/06/2026;M EDUARDA;26
3;22275;PORTA SAB LIQ SANREMO 280ML;NAO ALIMENTO;78893;10/06/2026;145752;76011;1;0;5;0;0;10/06/2026;M EDUARDA;16
3;7256;PALITO DENTAL GABOARDI 80UN PREMIUM;NAO ALIMENTO;78893;10/06/2026;145752;76011;25;500;200;8;0;10/06/2026;M EDUARDA;-9
3;18516;FILME UTILFILME 15M;NAO ALIMENTO;78893;10/06/2026;145752;76011;25;0;50;0;0;10/06/2026;M EDUARDA;49
3;6631;LAMP ELGIN BULBO 9W 6500K 220V;NAO ALIMENTO;78893;10/06/2026;145752;76011;10;8770;10;0;0;10/06/2026;M EDUARDA;362
3;17476;DUCHA ENERDUCHA UP4 6800W 220V BCO;NAO ALIMENTO;78893;10/06/2026;145752;76011;1;0;1;0;0;10/06/2026;M EDUARDA;29
3;33305;TAPETE BOX OVAL PVC 61X35CM;NAO ALIMENTO;78893;10/06/2026;145752;76011;1;0;2;0;0;10/06/2026;M EDUARDA;3
3;19335;INCENSO FLUTE C 8 ARRUDA;NAO ALIMENTO;78893;10/06/2026;145752;76011;25;0;25;0;0;10/06/2026;M EDUARDA;31
3;15033;CAD ESPI CD 10X1 200FLS BRASILIDADE;NAO ALIMENTO;78893;10/06/2026;145752;76011;1;0;3;0;0;10/06/2026;M EDUARDA;0
3;24968;PANO DE LIMPEZA FAVO 40X60;NAO ALIMENTO;78893;10/06/2026;145752;76011;1;0;11;0;0;10/06/2026;M EDUARDA;22
3;12971;BALAO ZERINHO C 100 SORT;NAO ALIMENTO;78893;10/06/2026;145752;76011;1;0;9;0;0;10/06/2026;M EDUARDA;0
3;18914;GARFO REFEICAO FORFEST PREM 25UN CRISTAL;NAO ALIMENTO;78893;10/06/2026;145752;76011;20;20;20;1;0;10/06/2026;M EDUARDA;-38
17;18568;FLANELA ALG SUE 58X38;PERFUMARIA E LIMPEZA;78879;10/06/2026;145745;75833;12;0;24;0;0;10/06/2026;RAMIRES;0
17;21842;PEN BONITTA P PIOLHO R 535;PERFUMARIA E LIMPEZA;78879;10/06/2026;145745;75833;1;0;1;0;0;10/06/2026;RAMIRES;4
17;24099;SC LIXO PRO LIXO ROLAO 200L C 7;PERFUMARIA E LIMPEZA;78879;10/06/2026;145745;75833;12;0;24;0;0;10/06/2026;RAMIRES;0
17;16593;CORT UNHA INOX PREMIUM 5 2CM 1PC;PERFUMARIA E LIMPEZA;78879;10/06/2026;145745;75833;1;0;2;0;0;10/06/2026;RAMIRES;4
17;20281;LUVA DANNY SILVER GRIP G AZUL;PERFUMARIA E LIMPEZA;78879;10/06/2026;145745;75833;12;0;12;0;0;10/06/2026;RAMIRES;0
17;5174;CORDA VARAL ANGELINA EXT FORTE 15MT;PERFUMARIA E LIMPEZA;78879;10/06/2026;145745;75833;12;0;12;0;0;10/06/2026;RAMIRES;-11
17;24107;SC LIXO ROL CASAFORT 100L C 10 AZ;PERFUMARIA E LIMPEZA;78879;10/06/2026;145745;75833;25;75;75;0;0;10/06/2026;RAMIRES;-32
17;5175;CORDA VARAL BALDIN EXTRA FORTE 10MT;PERFUMARIA E LIMPEZA;78879;10/06/2026;145745;75833;12;0;12;0;0;10/06/2026;RAMIRES;-1
17;6018;ESPONJA YPE SINT MULTIUSO UN;PERFUMARIA E LIMPEZA;78879;10/06/2026;145745;75833;60;0;60;0;0;10/06/2026;RAMIRES;53
17;5877;ESFREGAO ACO DIVINOX 10G;PERFUMARIA E LIMPEZA;78879;10/06/2026;145745;75833;50;650;100;0;0;10/06/2026;RAMIRES;57
17;20193;LIXA P PES DUPLA FACE;PERFUMARIA E LIMPEZA;78879;10/06/2026;145745;75833;1;0;2;0;0;10/06/2026;RAMIRES;-8
17;22707;RAC DODOPREM P RACAS 10 1K;PRODUTOS PET;78879;10/06/2026;145745;75833;1;0;1;1;1;10/06/2026;ELIAS;18
17;24098;SC LIXO PRO LIXO ROLAO 15L C 100;PERFUMARIA E LIMPEZA;78879;10/06/2026;145745;75833;12;60;12;0;0;10/06/2026;RAMIRES;13
17;22687;RAC CANISTER ALMONDEGA 7K;PRODUTOS PET;78879;10/06/2026;145745;75833;1;0;1;0;0;10/06/2026;ELIAS;7
17;18565;FLANELA ALG SUE 40X30CM;PERFUMARIA E LIMPEZA;78879;10/06/2026;145745;75833;12;180;12;0;0;10/06/2026;RAMIRES;10
17;8442;SILICONE DESTAQUE AERO 400ML LAVANDA;PERFUMARIA E LIMPEZA;78879;10/06/2026;145745;75833;1;0;2;0;0;10/06/2026;RAMIRES;0
5;10;REFRIG COCA COLA PET 2L;BEBIDAS;79201;11/06/2026;152993;77419;4;12;328;0;0;;;930
17;20454;MANG DUOCOLOR 10MTS;NAO ALIMENTO;79251;11/06/2026;147107;76570;1;0;2;0;0;;;-4
12;10855;CASTANHA CAJU UNIAGRO TORR SALG KG;PERECIVEIS;80273;12/06/2026;149866;;12;71,74;12;0;0;;;6,2
12;10856;CASTANHA PARA UNIAGRO S CASCA;PERECIVEIS;80273;12/06/2026;149866;;20;40;20;0;0;;;9,55
12;10869;CEREJA LA VIOLET KG;PERECIVEIS;80273;12/06/2026;149866;;6;52,8;12;0;0;;;6,408
8;6689;LAVA ROUPA ARIEL 700ML CLASSIC REF;PERFUMARIA E LIMPEZA;80540;13/06/2026;151134;78612;10;83;10;0;0;;;6
8;17414;DET PO GOTA LIMPA 4KG HARMONIA;PERFUMARIA E LIMPEZA;80540;13/06/2026;151134;78612;5;5;5;0;0;;;0
8;35698;DET LIQ BARBAREX 5L NEUTRO;PERFUMARIA E LIMPEZA;80540;13/06/2026;151134;78612;2;12;2;0;0;;;2
8;5682;DET LIQ GOTA LIMPA 500ML NEUTRO;PERFUMARIA E LIMPEZA;80540;13/06/2026;151134;78612;24;4395;24;0;0;;;51
8;12289;AGUA SANIT IMPERIAL 1L;PERFUMARIA E LIMPEZA;80540;13/06/2026;151134;78612;12;0;12;0;0;;;0
8;23135;SABAO FONT COCO 200G;PERFUMARIA E LIMPEZA;80540;13/06/2026;151134;78612;36;0;36;0;0;;;1
8;17157;DESINF APYCE 2L LAVANDA;PERFUMARIA E LIMPEZA;80540;13/06/2026;151134;78612;6;480;6;0;0;;;17
8;17177;DESINF GOTA LIMPA 2L PINHO;PERFUMARIA E LIMPEZA;80540;13/06/2026;151134;78612;6;30;6;0;0;;;13
8;17156;DESINF APYCE 2L JASMIM;PERFUMARIA E LIMPEZA;80540;13/06/2026;151134;78612;6;531;6;0;0;;;5
8;5691;DETERG YPE 500 ML CLEAR;PERFUMARIA E LIMPEZA;80540;13/06/2026;151134;78612;24;4488;24;0;0;;;45
8;36264;DET LIQ APYCE SUPER ACAO SH 800ML;PERFUMARIA E LIMPEZA;80540;13/06/2026;151134;78612;12;120;12;0;0;;;2
8;5680;DET LIQ GOTA LIMPA 500ML MACA;PERFUMARIA E LIMPEZA;80540;13/06/2026;151134;78612;24;312;24;0;0;;;99
8;19372;INSET NITROCID PO 50G;PERFUMARIA E LIMPEZA;80540;13/06/2026;151134;78612;1;6;1;0;0;;;0
8;12293;AGUA SANIT ZAVASKI 5L;PERFUMARIA E LIMPEZA;80540;13/06/2026;151134;78612;4;296;4;0;0;;;3
8;3948;AGUA SANIT GOTA LIMPA 1L;PERFUMARIA E LIMPEZA;80540;13/06/2026;151134;78612;12;398;12;0;0;;;117
8;3952;AGUA SANIT Q BOA 5L;PERFUMARIA E LIMPEZA;80540;13/06/2026;151134;78612;3;305;3;0;0;;;3
8;5492;DESINF YPE 500ML PINHO TRADICAO;PERFUMARIA E LIMPEZA;80540;13/06/2026;151134;78612;12;13;12;0;0;;;3
8;5435;DESINF GIRANDO SOL 2L LAVANDA;PERFUMARIA E LIMPEZA;80540;13/06/2026;151134;78612;6;329;6;0;0;;;-13
8;24062;SAPONACEO CREM FONT 250ML CLORO;PERFUMARIA E LIMPEZA;80540;13/06/2026;151134;78612;12;0;12;0;0;;;3
8;12309;ALCOOL ARAUCARIA 46 500ML;PERFUMARIA E LIMPEZA;80540;13/06/2026;151134;78612;12;1692;12;0;0;;;45
8;17173;DESINF GOTA LIMPA 2L FLORAL;PERFUMARIA E LIMPEZA;80540;13/06/2026;151134;78612;6;510;6;0;0;;;22
12;12293;AGUA SANIT ZAVASKI 5L;PERFUMARIA E LIMPEZA;80544;13/06/2026;151421;78857;4;296;8;0;0;;;17
12;5697;AMAC YPE PRO ROUPAS TECIDOS 7L;PERFUMARIA E LIMPEZA;80544;13/06/2026;151421;78857;1;73;1;0;0;;;0
12;4213;AMAC GOTA LIMPA 5L FLORATA;PERFUMARIA E LIMPEZA;80544;13/06/2026;151421;78857;4;208;8;0;0;;;8
12;17325;DET LIQ AQUAFAST 2L FL BCAS E BAUN;PERFUMARIA E LIMPEZA;80544;13/06/2026;151421;78857;6;233;6;0;0;;;6
12;5678;DET LIQ GOTA LIMPA 500ML CRISTAL;PERFUMARIA E LIMPEZA;80544;13/06/2026;151421;78857;24;4992;72;0;0;;;60
12;34845;ALVEJ BARBAREX 2L S CLORO;PERFUMARIA E LIMPEZA;80544;13/06/2026;151421;78857;6;732;18;0;0;;;0
12;5488;DESINF YPE 2L BAK FLORAL;PERFUMARIA E LIMPEZA;80544;13/06/2026;151421;78857;6;0;6;0;0;;;1
12;17339;LAVA ROUPAS LIQ BARBAREX 5L;PERFUMARIA E LIMPEZA;80544;13/06/2026;151421;78857;2;684;4;0;0;;;0
12;7857;SABAO PO SURF 1 6KG SACO ROSA FLOR;PERFUMARIA E LIMPEZA;80544;13/06/2026;151421;78857;7;0;7;0;0;;;1
12;9299;DETERG YPE LIQ 5L NEUTRO;PERFUMARIA E LIMPEZA;80544;13/06/2026;151421;78857;4;44;4;0;0;;;54
12;5693;DETERG YPE 500ML CAPIM LIMAO;PERFUMARIA E LIMPEZA;80544;13/06/2026;151421;78857;24;3096;24;0;0;;;65
12;33285;AMACIANTE APYCE 2L JASMIM ROSA;PERFUMARIA E LIMPEZA;80544;13/06/2026;151421;78857;6;30;6;0;0;;;8
12;33287;AMAC APYCE 5L JASMIM RSA;PERFUMARIA E LIMPEZA;80544;13/06/2026;151421;78857;2;10;6;0;0;;;29
12;17420;DET PO TIXAN YPE CT 400PRIMAVERA;PERFUMARIA E LIMPEZA;80544;13/06/2026;151421;78857;28;252;28;0;0;;;21
12;9290;DESINF YPE BAK 1L EUCALIPTO;PERFUMARIA E LIMPEZA;80544;13/06/2026;151421;78857;12;0;24;0;0;;;0
12;35580;DET LIQ BRILHANTE HIG TOTAL 1 8L;PERFUMARIA E LIMPEZA;80544;13/06/2026;151421;78857;6;3;6;0;0;;;9
12;17350;DET LIQ GOTA LIMPA 1L NEUTRO;PERFUMARIA E LIMPEZA;80544;13/06/2026;151421;78857;12;1596;24;0;0;;;12
12;3953;AGUA SANIT YPE 1L;PERFUMARIA E LIMPEZA;80544;13/06/2026;151421;78857;12;1248;24;0;0;;;15
12;17385;DET PO APYCE SH 1 6K ROSA;PERFUMARIA E LIMPEZA;80544;13/06/2026;151421;78857;13;69;13;0;0;;;8
12;37432;DESINFETANTE SUPREMA LAVANDA 5L;PERFUMARIA E LIMPEZA;80544;13/06/2026;151421;78857;3;315;9;0;0;;;16
12;35698;DET LIQ BARBAREX 5L NEUTRO;PERFUMARIA E LIMPEZA;80544;13/06/2026;151421;78857;2;12;2;0;0;;;4
12;20157;LIMP VEJA PERF SENS 2L JASMIM;PERFUMARIA E LIMPEZA;80544;13/06/2026;151421;78857;6;0;6;0;0;;;3
12;4220;AMAC YPE 5L ACONCHEGO;PERFUMARIA E LIMPEZA;80544;13/06/2026;151421;78857;4;136;12;0;0;;;5
12;17177;DESINF GOTA LIMPA 2L PINHO;PERFUMARIA E LIMPEZA;80544;13/06/2026;151421;78857;6;30;6;0;0;;;2
12;17176;DESINF GOTA LIMPA 2L LIMAO;PERFUMARIA E LIMPEZA;80544;13/06/2026;151421;78857;6;744;6;0;0;;;18
12;3954;AGUA SANIT YPE 2L;PERFUMARIA E LIMPEZA;80544;13/06/2026;151421;78857;6;552;6;0;0;;;3
12;37437;AGUA SANITARIA SUPREMA 2 L;PERFUMARIA E LIMPEZA;80544;13/06/2026;151421;78857;6;2646;6;0;0;;;44
12;7835;DET PO GOTA LIMPA 800G EQUILIBRIO;PERFUMARIA E LIMPEZA;80544;13/06/2026;151421;78857;20;140;60;0;0;;;0
12;7834;DET PO GOTA LIMPA 4KG EQUILIBRIO;PERFUMARIA E LIMPEZA;80544;13/06/2026;151421;78857;5;14;5;0;0;;;3
12;6694;LAVA ROUPA BRILHANTE 3L HIGIENE TOTAL;PERFUMARIA E LIMPEZA;80544;13/06/2026;151421;78857;4;32;4;0;0;;;15
12;6741;LAVA ROUPA UAU 3L ACTIVE;PERFUMARIA E LIMPEZA;80544;13/06/2026;151421;78857;4;112;4;0;0;;;5
12;37429;AGUA SANITARIA SUPREMA 5 L;PERFUMARIA E LIMPEZA;80544;13/06/2026;151421;78857;3;48;3;0;0;;;0
12;5680;DET LIQ GOTA LIMPA 500ML MACA;PERFUMARIA E LIMPEZA;80544;13/06/2026;151421;78857;24;312;48;0;0;;;202
12;7851;SABAO PO OMO 800G LAV PERFEITA;PERFUMARIA E LIMPEZA;80544;13/06/2026;151421;78857;20;6982;20;0;0;;;3
12;9735;LAVA ROUPA AQUA FAST 3L TERNURA;PERFUMARIA E LIMPEZA;80544;13/06/2026;151421;78857;4;12;4;0;0;;;2
12;12290;AGUA SANIT IMPERIAL 2L;PERFUMARIA E LIMPEZA;80544;13/06/2026;151421;78857;6;54;12;0;0;;;0
12;7811;SABAO PO BRILHANTE 2 2KG LIMPEZA TOTAL;PERFUMARIA E LIMPEZA;80544;13/06/2026;151421;78857;9;54;9;0;0;;;0
12;5683;DET LIQ GOTA LIMPA 5L NEUTRO;PERFUMARIA E LIMPEZA;80544;13/06/2026;151421;78857;4;8;4;0;0;;;3
12;17164;DESINF AQUAFAST 5L MARINE;PERFUMARIA E LIMPEZA;80544;13/06/2026;151421;78857;4;112;4;0;0;;;8
2;808;CHOC PO TRISANTI 50 CACAU 1 005KG;MERCEARIA;80815;15/06/2026;;;6;25;6;0;0;;;0
17;20454;MANG DUOCOLOR 10MTS;NAO ALIMENTO;80867;15/06/2026;150805;78432;1;0;1;0;0;;;-4
3;33293;ACHOC PO NESCAU SH L550G P500G;MERCEARIA;81601;16/06/2026;152662;79716;12;192;120;0;0;;;0
3;2885;MOLHO ELEGE 4 QUEIJOS 200G;MERCEARIA;81647;16/06/2026;152661;79716;24;0;48;0;0;;;60
4;13402;BISC DOCE NESTLE CHOCO TRIO 90G LEITE;MERCEARIA;81274;16/06/2026;;;12;528;48;0;0;;;9
3;3039;CEREAL MAT NESTLE CX 190G CORN FLAKES;MERCEARIA;81823;17/06/2026;152660;79716;24;0;48;0;0;;;0
3;2468;SARDINHA COQUEIRO 125G OLEO;MERCEARIA;81823;17/06/2026;152660;79716;54;486;54;0;0;;;-33
3;3836;GELADINHO AMERICANO C 40;MERCEARIA;81823;17/06/2026;152660;79716;6;3;12;0;0;;;27
3;805;KETCHUP ODERICH SH 7G C 140 UN;MERCEARIA;81823;17/06/2026;152660;79716;1;3;4;0;0;;;0
3;2491;KETCHUP ODERICH BISNAG 200G TRAD;MERCEARIA;81823;17/06/2026;152660;79716;24;96;264;0;0;;;0
3;808;CHOC PO TRISANTI 50 CACAU 1 005KG;MERCEARIA;81823;17/06/2026;152660;79716;6;25;6;0;0;;;0
3;2910;MOLHO PIMENTA EXTREMO SABOR 250ML;MERCEARIA;81823;17/06/2026;152660;79716;12;88;24;0;0;;;1
3;3826;MIST P SAGU NEILAR 150G MORANGO;MERCEARIA;81823;17/06/2026;152660;79716;12;24;12;0;0;;;12
3;2182;CHA PRENDA GOLD 27G PRETO;MERCEARIA;81823;17/06/2026;152660;79716;10;9;50;0;0;;;3
3;3011;AVEIA FLOCOS FINOS NATURALE 1KG;MERCEARIA;81823;17/06/2026;152660;79716;12;192;24;0;0;;;2
3;3099;MOSTARDA ODERICH PREM 250G DIJON;MERCEARIA;81823;17/06/2026;152660;79716;12;0;12;0;0;;;24
3;2105;CHA PRENDA 10G CAMOMILA C LAR;MERCEARIA;81823;17/06/2026;152660;79716;20;-20;60;0;0;;;26
3;3828;SAGU CORSETTI 400G;MERCEARIA;81823;17/06/2026;152660;79716;12;0;12;0;0;;;-8
3;2080;CHA REAL MULTIERVAS 14G LIMAO GENG MEL;MERCEARIA;81823;17/06/2026;152660;79716;30;-30;30;0;0;;;3
3;2167;CHA PRENDA MATE 40G LARANJA ACEROLA;MERCEARIA;81823;17/06/2026;152660;79716;20;-1;20;0;0;;;-34
3;2123;CHA REAL MULTIERVAS 15G MACA VERM;MERCEARIA;81823;17/06/2026;152660;79716;30;0;30;0;0;;;0
3;2516;KETCHUP HEINZ 397G TRAD;MERCEARIA;81823;17/06/2026;152660;79716;16;16;16;0;0;;;9
3;3651;LEITE COCO DUCOCO VD 200ML;MERCEARIA;81823;17/06/2026;152660;79716;24;24;24;0;0;;;4
3;2861;MAIONESE HELLMANNS PET 335G;MERCEARIA;81823;17/06/2026;152660;79716;24;24;24;0;0;;;7
3;37754;GELATINA ZERO NEILAR LIMAO;MERCEARIA;81823;17/06/2026;152660;79716;24;0;24;0;0;;;56
3;2305;FILTRO PAPEL MELITTA N02 MD C 30;MERCEARIA;81823;17/06/2026;152660;79716;24;48;24;0;0;;;0
3;2087;CHA PRENDA 18G PRETO;MERCEARIA;81823;17/06/2026;152660;79716;20;1627;60;0;0;;;10
3;36370;KETCHUP SALSARET TOP DOWN BAC CEB 3;MERCEARIA;81823;17/06/2026;152660;79716;15;60;15;0;0;;;-2
3;2062;CHA PRENDA 12G HORTELA;MERCEARIA;81823;17/06/2026;152660;79716;20;16;40;0;0;;;9
3;2029;CAFE SOL 3C CAPPUCCINO SH 20G BAUNILHA;MERCEARIA;81823;17/06/2026;152660;79716;50;19;50;0;0;;;9
3;2125;CHA REAL MULTIERVAS 15G MACA CANELA;MERCEARIA;81823;17/06/2026;152660;79716;30;0;30;0;0;;;0
3;21250;MOSTARDA MOSTARDOG BD 1K;MERCEARIA;81823;17/06/2026;152660;79716;12;0;12;0;0;;;16
3;1012;TEMP COMPLETO ODERICH 1KG C PIMENTA;MERCEARIA;81823;17/06/2026;152660;79716;12;0;24;0;0;;;-1
3;985;MOSTARDA ODERICH SH 1KG;MERCEARIA;81823;17/06/2026;152660;79716;6;6;12;0;0;;;17
3;2874;MOLHO BARBECUE ODERICH 200G;MERCEARIA;81823;17/06/2026;152660;79716;24;0;24;0;0;;;0
3;2031;CAFE SOL 3C CAPPUCCINO SH 20G CANELA;MERCEARIA;81823;17/06/2026;152660;79716;50;0;100;0;0;;;-66
3;3288;GRANOLA CERELUS 250G MALTADOS;MERCEARIA;81823;17/06/2026;152660;79716;12;24;12;0;0;;;1
3;876;MAIONESE ODERICH SH 7G C 140;MERCEARIA;81823;17/06/2026;152660;79716;1;1;4;0;0;;;0
3;2894;MOLHO INGLES KITANO 150ML;MERCEARIA;81823;17/06/2026;152660;79716;12;36;24;0;0;;;-18
3;2030;CAFE SOL 3C CAPPUCCINO SH 20G CLASSIC;MERCEARIA;81823;17/06/2026;152660;79716;50;0;100;0;0;;;-93
3;3300;CHA REAL MULTIERVAS 15G ANIS;MERCEARIA;81823;17/06/2026;152660;79716;30;0;30;0;0;;;15
3;3785;MIST P BOLO ORQUIDEA 350G CENOURA;MERCEARIA;81823;17/06/2026;152660;79716;12;0;24;0;0;;;-1
3;19028;GELATINA ZERO NEILAR 12G ABACAXI;MERCEARIA;81823;17/06/2026;152660;79716;24;96;96;0;0;;;-88
3;3685;MIST LACTEA COND ITALAC TP 395G;MERCEARIA;81823;17/06/2026;152660;79716;27;7857;27;0;0;;;482
3;2112;CHA REAL MATE TOSTADO 32G NATURAL;MERCEARIA;81823;17/06/2026;152660;79716;30;-30;90;0;0;;;0
3;2090;CHA PRENDA 18G FUNCHO;MERCEARIA;81823;17/06/2026;152660;79716;20;-40;60;0;0;;;0
3;2020;CAFE VACUO MELITTA 500G EXTRA FORTE;MERCEARIA;81823;17/06/2026;152660;79716;20;0;20;0;0;;;52
3;1987;CAPPUCCINO PRONTO 3C 260ML WHEY;MERCEARIA;81823;17/06/2026;152660;79716;6;0;6;0;0;;;5
3;3120;CHIA CERELUS 200G;MERCEARIA;81823;17/06/2026;152660;79716;12;0;12;0;0;;;-7
3;2319;ATUM EM PEDACOS NAUTIQUE 170G OLEO;MERCEARIA;81823;17/06/2026;152660;79716;24;0;24;0;0;;;-2
3;33937;MOLHO TOM SALSARETTI 910G TRITURADO;MERCEARIA;81823;17/06/2026;152660;79716;8;208;8;0;0;;;40
3;2724;LEITE PO ELEGE INTEGRAL SH 400G;MERCEARIA;81823;17/06/2026;152660;79716;25;550;100;0;0;;;0
3;3781;MIST P BOLO ORQUIDEA 350G BAUNILHA;MERCEARIA;81823;17/06/2026;152660;79716;12;-12;12;0;0;;;-6
3;29672;CHA BARAO CAMOMILA 10G GENGIBRE E MEL;MERCEARIA;81823;17/06/2026;152660;79716;30;210;30;0;0;;;56
3;3827;MIST P SAGU NEILAR 150G UVA;MERCEARIA;81823;17/06/2026;152660;79716;12;60;12;0;0;;;12
3;2164;CHA PRENDA MATE 40G NATURAL;MERCEARIA;81823;17/06/2026;152660;79716;20;-20;40;0;0;;;-35
3;2168;CHA PRENDA MATE 40G CRAVO CANELA;MERCEARIA;81823;17/06/2026;152660;79716;20;-40;80;0;0;;;-35
3;3535;FERM QUIMICO PO ROYAL PT 250G;MERCEARIA;81823;17/06/2026;152660;79716;48;48;48;0;0;;;0
3;2218;CAPSULA DOLCE GUSTO 60G C 10 EXPRESSO;MERCEARIA;81823;17/06/2026;152660;79716;6;12;6;0;0;;;0
3;37756;GELATINA ZERO NEILAR 12G MARACUJA;MERCEARIA;81823;17/06/2026;152660;79716;24;96;24;0;0;;;58
3;3801;LIGA NEUTRA SELECT 100G;MERCEARIA;81823;17/06/2026;152660;79716;12;48;12;0;0;;;61
3;2511;DOCE STA CLARA 400G UVA;MERCEARIA;81823;17/06/2026;152660;79716;6;0;6;0;0;;;5
3;2462;PICLES CONSERVA JUREIA VD 300G;MERCEARIA;81823;17/06/2026;152660;79716;6;6;12;0;0;;;-5
3;3075;MOLHO ODERICH 220G CHEDDAR;MERCEARIA;81823;17/06/2026;152660;79716;12;0;12;0;0;;;14
3;2085;CHA PRENDA 12G CARQUEJA;MERCEARIA;81823;17/06/2026;152660;79716;20;20;40;0;0;;;14
3;2055;CHA REAL MULTIERVAS 18G PRETO;MERCEARIA;81823;17/06/2026;152660;79716;30;-30;60;0;0;;;0
3;3791;MIST P BOLO ORQUIDEA 350G LIMAO;MERCEARIA;81823;17/06/2026;152660;79716;12;0;12;0;0;;;12
3;3788;MIST P BOLO ORQUIDEA 350G COCO;MERCEARIA;81823;17/06/2026;152660;79716;12;0;24;0;0;;;2
3;2131;CHA PRENDA 18G ERVA DOCE;MERCEARIA;81823;17/06/2026;152660;79716;20;30;120;0;0;;;0
3;2081;CAFE SOL 3C SH 40G TRAD;MERCEARIA;81823;17/06/2026;152660;79716;24;144;144;0;0;;;-250
3;2953;ACHOC PO APTI SH 700G INSTANT POWER;MERCEARIA;81823;17/06/2026;152660;79716;12;528;12;0;0;;;34
3;2082;CHA REAL MULTIERVAS 15G VERDE;MERCEARIA;81823;17/06/2026;152660;79716;30;0;30;0;0;;;48
3;2471;TOMATE SECO CONSERVA JUREIA VD 200G;PERECIVEIS;81823;17/06/2026;152660;79716;12;36;12;0;0;;;8
3;3019;ADOCANTE ADOCYL 200ML;MERCEARIA;81823;17/06/2026;152660;79716;12;324;24;0;0;;;23
3;2028;CAFE VACUO MELITTA 250G TRAD;MERCEARIA;81823;17/06/2026;152660;79716;20;2040;40;0;0;;;60
3;36166;MOLHO TOM SALSARETTI VD 500G CLASSICO;MERCEARIA;81823;17/06/2026;152660;79716;24;240;24;0;0;;;51
3;2173;CHA PRENDA GOLD 18G HORTELA;MERCEARIA;81823;17/06/2026;152660;79716;10;-1;20;0;0;;;-9
3;2463;SARDINHA C OLEO G COSTA LT 125G MOLHO DE TOMATE;MERCEARIA;81823;17/06/2026;152660;79716;50;97;50;0;0;;;142
3;811;CHOC PO TRISANTI 70 CACAU 1 005KG;MERCEARIA;81823;17/06/2026;152660;79716;6;19;6;0;0;;;0
3;949;AZEIT OLIV COCINERO EXT VG 500ML;MERCEARIA;81823;17/06/2026;152660;79716;12;12;12;0;0;;;2
3;3423;CREME LEITE NESTLE TP ZR LACT 200G ZERO LACTOSE;MERCEARIA;81823;17/06/2026;152660;79716;27;0;27;0;0;;;3
3;2321;AZEITONA VERDE VALE FERTIL SH 100G C CAROCO;MERCEARIA;81823;17/06/2026;152660;79716;24;72;24;0;0;;;-11
3;38273;MOLHO INGLES SABOR CASEIRO 1 01K;MERCEARIA;81823;17/06/2026;152660;79716;6;126;12;0;0;;;0
3;2088;CHA PRENDA 18G PRETO C CANELA;MERCEARIA;81823;17/06/2026;152660;79716;20;-22;40;0;0;;;-32
3;38274;MOLHO PIMENTA SABOR CASEIRO 1 01K;MERCEARIA;81823;17/06/2026;152660;79716;6;234;12;0;0;;;4
3;38352;CAFE SOL IGUACU SH 40G GTS 10PCTO CLASSICO;MERCEARIA;81823;17/06/2026;152660;79716;24;1176;24;0;0;;;18
3;2416;PEPINO CONSERVA DA SERRA SH 150G;MERCEARIA;81823;17/06/2026;152660;79716;12;660;36;0;0;;;-2
3;2076;CHA PRENDA 10G CAMOMILA;MERCEARIA;81823;17/06/2026;152660;79716;20;1719;80;0;0;;;-52
3;3236;GELATINA ZERO APTI 12G UVA;MERCEARIA;81823;17/06/2026;152660;79716;18;54;18;0;0;;;109
3;3076;FARELO AVEIA SOBERANA 500G;MERCEARIA;81823;17/06/2026;152660;79716;12;9;12;0;0;;;-6
3;15559;CAP NESCAFE NESPRESSO MEXICO C 10;MERCEARIA;81823;17/06/2026;152660;79716;12;0;12;0;0;;;1
3;2327;ATUM SOLIDO NAUTIQUE 170G NATURAL;MERCEARIA;81823;17/06/2026;152660;79716;24;0;24;0;0;;;13
3;2216;CAPSULA DOLCE GUSTO 100G C 10 CAFE AU LAIT;MERCEARIA;81823;17/06/2026;152660;79716;6;6;36;0;0;;;-6
3;2961;MOLHO SHOYU EXTREMO SABOR 250ML;MERCEARIA;81823;17/06/2026;152660;79716;12;120;12;0;0;;;-1
3;34880;AVEIA NATURALE 170G FLOCOS;MERCEARIA;81823;17/06/2026;152660;79716;24;456;24;0;0;;;-1
3;2054;CHA REAL MULTIERVAS 10G BOLDO;MERCEARIA;81823;17/06/2026;152660;79716;30;-30;60;0;0;;;0
3;2939;ACHOC PO CHOKILAR SH 200G;MERCEARIA;81823;17/06/2026;152660;79716;20;0;40;0;0;;;51
3;2955;MOLHO PIMENTA EXTREMO SABOR 150ML EXTRA FORTE;MERCEARIA;81823;17/06/2026;152660;79716;12;48;12;0;0;;;6
3;38141;AVEIA FLOCOS NESTLE 450G;MERCEARIA;81823;17/06/2026;152660;79716;18;0;18;0;0;;;0
3;2710;LEITE PO CCGL INTEGRAL SH 200G INSTANTANEO;MERCEARIA;81823;17/06/2026;152660;79716;50;0;50;0;0;;;43
3;3092;MOSTARDA ODERICH TRADICIONAL 190G BISNAGA;MERCEARIA;81823;17/06/2026;152660;79716;24;119;48;0;0;;;0
3;2832;MAIONESE ODERICH 220G CASEIRA;MERCEARIA;81823;17/06/2026;152660;79716;12;0;12;0;0;;;15
3;37998;CEREAL MAT DOMELLY DINOCRISPY CHOC;MERCEARIA;81823;17/06/2026;152660;79716;10;0;60;0;0;;;5
3;2156;CHA PRENDA 18G MACA;MERCEARIA;81823;17/06/2026;152660;79716;20;8;60;0;0;;;8
3;2061;CHA REAL MULTIERVAS 10G CAMOMILA;MERCEARIA;81823;17/06/2026;152660;79716;30;0;60;0;0;;;2
3;3024;ADOCANTE ZERO CAL 100ML;MERCEARIA;81823;17/06/2026;152660;79716;12;226;36;0;0;;;0
3;995;BISC MUCILON LANCHINHO 35G MOR BAN;MERCEARIA;81823;17/06/2026;152660;79716;15;150;60;0;0;;;92
3;31471;MAIONESE BISN VAL PET 930G;MERCEARIA;81823;17/06/2026;152660;79716;9;-54;54;0;0;;;-14
3;2979;AMIDO MILHO APTI 500G;MERCEARIA;81823;17/06/2026;152660;79716;20;40;20;0;0;;;59
3;21038;MOL BARBECUE ODERICH PREMIUM 400G;MERCEARIA;81823;17/06/2026;152660;79716;12;0;12;0;0;;;6
3;15554;CAP NESCAFE NESPRESSO ANDES C 10;MERCEARIA;81823;17/06/2026;152660;79716;12;24;12;0;0;;;2
3;2419;PATE ODERICH LT 100G CARNE;MERCEARIA;81823;17/06/2026;152660;79716;24;144;24;0;0;;;25
3;38272;MOLHO FGO SABOR CASEIRO 1 01K;MERCEARIA;81823;17/06/2026;152660;79716;6;96;6;0;0;;;1
3;2707;LEITE PO QUALITEM INTEGRAL SH 120G INSTANTANEO;MERCEARIA;81823;17/06/2026;152660;79716;50;200;50;0;0;;;51
3;2658;CEREAL MUCILON SH 180G MILHO;MERCEARIA;81823;17/06/2026;152660;79716;12;0;12;0;0;;;7
3;2996;ADOCANTE ADOCYL 100ML;MERCEARIA;81823;17/06/2026;152660;79716;12;216;60;0;0;;;0
3;2202;CHA PRENDA GOLD 27G ERVA DOCE;MERCEARIA;81823;17/06/2026;152660;79716;10;0;40;0;0;;;-9
3;2102;CHA PRENDA 16G PRETO C CRAVO;MERCEARIA;81823;17/06/2026;152660;79716;20;-60;60;0;0;;;-44
3;2429;PEPINO CONSERVA NUTRIOURO VD 300G;MERCEARIA;81823;17/06/2026;152660;79716;15;0;105;0;0;;;443
3;2206;CAPSULA DOLCE GUSTO 110G C 10 AU LAIT VANILLA;MERCEARIA;81823;17/06/2026;152660;79716;6;18;6;0;0;;;-11
3;15622;CATCHUP BISN KETDOG 1K;MERCEARIA;81823;17/06/2026;152660;79716;12;0;24;0;0;;;-35
3;3296;CHA REAL MULTIERVAS 15G ERVA DOCE;MERCEARIA;81823;17/06/2026;152660;79716;30;0;30;0;0;;;0
4;17177;DESINF GOTA LIMPA 2L PINHO;PERFUMARIA E LIMPEZA;81855;17/06/2026;;;6;30;6;0;0;;;0
4;2176;CAPSULA 3C 110G C 10 CHOCOLATTO;MERCEARIA;81855;17/06/2026;;;8;8;8;0;0;;;16
18;25106;VASSOURA JARDINEIRA S CABO;PERFUMARIA E LIMPEZA;81843;17/06/2026;;;1;0;4;0;0;;;5
18;3191;SALG KEVYTOS BACON 13G C 50;MERCEARIA;81843;17/06/2026;;;50;0;50;0;0;;;0
3;18466;FEIJAO PTO MORO TP1 1KG;MERCEARIA;82516;18/06/2026;154175;;30;5640;450;0;0;;;716
13;15030;CAD ESPI CD 10X1 160FLS STONE;NAO ALIMENTO;82604;19/06/2026;154396;81024;4;0;4;0;0;19/06/2026;FELIPE;0
13;35915;CALCULADORA DE MESA 12 DIG;NAO ALIMENTO;82604;19/06/2026;154396;81024;1;0;11;0;0;19/06/2026;FELIPE;0
13;9305;DUCHA FAME 220V 6800W 4 TEMP;NAO ALIMENTO;82604;19/06/2026;154396;81024;14;168;14;0;0;19/06/2026;FELIPE;15
13;18521;FILTRO P BOMBA CHIMARRAO C 2;NAO ALIMENTO;82604;19/06/2026;154396;81024;10;7480;10;1;0;19/06/2026;FELIPE;407
13;21932;PILHA ELGIN PALITO AAA C 4;NAO ALIMENTO;82604;19/06/2026;154396;81024;10;420;10;1;0;19/06/2026;FELIPE;101
13;36297;CANETA ESF TRIGLOW LYKE C 10 CORES;NAO ALIMENTO;82604;19/06/2026;154396;81024;10;0;10;0;0;19/06/2026;FELIPE;0
13;19951;LAPIS COR EVOLUTION C 12 4 LAP BIC;NAO ALIMENTO;82604;19/06/2026;154396;81024;6;0;30;0;0;19/06/2026;FELIPE;5
13;35020;DUCHA GORDUCHA ZAFONEL 4T 220V;NAO ALIMENTO;82604;19/06/2026;154396;81024;1;0;2;0;0;19/06/2026;FELIPE;0
13;7663;REGUA ESCOLAR LEO LEO PLAST 30CM;NAO ALIMENTO;82604;19/06/2026;154396;81024;25;0;25;0;0;19/06/2026;FELIPE;16
13;22275;PORTA SAB LIQ SANREMO 280ML;NAO ALIMENTO;82604;19/06/2026;154396;81024;1;0;10;0;0;19/06/2026;FELIPE;22
13;4552;CANETA JOGAR OFFICE 8ML CORRETIVA;NAO ALIMENTO;82604;19/06/2026;154396;81024;24;0;24;0;0;19/06/2026;FELIPE;12
13;14988;CAD ESPI CD 1 4 80FLS LIGA DA JUSTIC;NAO ALIMENTO;82604;19/06/2026;154396;81024;5;0;5;0;0;19/06/2026;FELIPE;5
13;15031;CAD ESPI CD 10X1 160FLS SWEETNESS;NAO ALIMENTO;82604;19/06/2026;154396;81024;4;0;4;0;0;19/06/2026;FELIPE;12
13;21895;PERUCA DO BRASIL;NAO ALIMENTO;82604;19/06/2026;154396;81024;1;0;2;0;0;19/06/2026;FELIPE;-18
13;16724;CP MEDIDOR PLAST 500ML;NAO ALIMENTO;82604;19/06/2026;154396;81024;1;0;1;0;0;19/06/2026;FELIPE;1
13;33305;TAPETE BOX OVAL PVC 61X35CM;NAO ALIMENTO;82604;19/06/2026;154396;81024;1;0;1;0;0;19/06/2026;FELIPE;15
13;15113;CAD ESPI CD 80FLS CARTOGRAFIA SWEETNESS;NAO ALIMENTO;82604;19/06/2026;154396;81024;4;0;4;0;0;19/06/2026;FELIPE;0
13;37186;CORTINA P BOX EVA 0 6M 180X180;NAO ALIMENTO;82604;19/06/2026;154396;81024;1;0;2;0;0;19/06/2026;FELIPE;0
13;15051;CAD ESPI CD 1X1 80FLS DISNEY EMOJI;NAO ALIMENTO;82604;19/06/2026;154396;81024;4;0;4;0;0;19/06/2026;FELIPE;22
13;12995;BAND BRASIL 60X40;NAO ALIMENTO;82604;19/06/2026;154396;81024;1;0;1;0;0;19/06/2026;FELIPE;-109
13;15115;CAD ESPI CD 80FLS CARTOGRAFIA T DUDA;NAO ALIMENTO;82604;19/06/2026;154396;81024;4;0;4;0;0;19/06/2026;FELIPE;0
13;15033;CAD ESPI CD 10X1 200FLS BRASILIDADE;NAO ALIMENTO;82604;19/06/2026;154396;81024;1;0;4;0;0;19/06/2026;FELIPE;0
13;17476;DUCHA ENERDUCHA UP4 6800W 220V BCO;NAO ALIMENTO;82604;19/06/2026;154396;81024;1;0;2;0;0;19/06/2026;FELIPE;4
13;16691;CP DESC DUDIGO 300ML C 100 TRANSP;NAO ALIMENTO;82604;19/06/2026;154396;81024;20;0;20;1;0;19/06/2026;FELIPE;74
2;2074;ARROZ BCO SANO TP1 1KG;MERCEARIA;83180;20/06/2026;155327;82102;30;687;30;0;0;;;173
3;2074;ARROZ BCO SANO TP1 1KG;MERCEARIA;83182;20/06/2026;155328;82103;30;687;30;0;0;;;180
4;6795;LEITE UHT TIROL 1L ZERO LAC;PERECIVEIS;83156;20/06/2026;;;12;24;84;0;0;;;-2
12;19951;LAPIS COR EVOLUTION C 12 4 LAP BIC;NAO ALIMENTO;83228;20/06/2026;;;6;0;50;0;0;;;7
13;13403;BISC DOCE NESTLE CHOCO TRIO 90G PRESTIGIO;MERCEARIA;83292;20/06/2026;155691;82106;12;531;12;0;0;30/06/2026;AMANDA;35
3;5258;CR DENTAL CLOSE UP 85G CARVAO ADIV;PERFUMARIA E LIMPEZA;83850;22/06/2026;156381;82650;12;0;12;1;0;29/06/2026;BRUNO;0
3;5254;CR DENTAL CLOSE UP 100G LIQUIFRESH RED HOT;PERFUMARIA E LIMPEZA;83850;22/06/2026;156381;82650;12;-24;36;0;0;29/06/2026;BRUNO;61
5;6109;FOSFORO GABOARDI 10UN;NAO ALIMENTO;83664;22/06/2026;156101;82143;20;0;20;0;0;22/06/2026;RAMIRES;76
12;746;ACUCAR CRISTAL GASPARIN 1KG;MERCEARIA;83778;22/06/2026;156267;82656;10;4640;100;10;0;;PIRES;199
13;38625;SH DOVE NUTRI E TRI OLEOS 370ML;PERFUMARIA E LIMPEZA;83644;22/06/2026;156088;82106;1;0;1;0;0;;;0
13;10109;REPARADOR DI HELLEN PONTAS 30G PROT TERMICA;PERFUMARIA E LIMPEZA;83644;22/06/2026;156088;82106;12;0;12;1;0;;;3
13;5001;COND PALMOLIVE 350ML ACIDO HIALURONI;PERFUMARIA E LIMPEZA;83644;22/06/2026;156088;82106;6;0;6;1;0;;;2
13;7665;REMOVEDOR ESMALTE JAY LUC 100ML;PERFUMARIA E LIMPEZA;83644;22/06/2026;156088;82106;24;192;24;1;0;;;10
13;24389;SILICONE DESTAQUE GEL 250G SPORT;PERFUMARIA E LIMPEZA;83644;22/06/2026;156088;82106;12;11;12;0;0;22/06/2026;MAYNARA;0
13;7667;PRETEADOR PNEUS OURO PRETO 500ML;PERFUMARIA E LIMPEZA;83644;22/06/2026;156088;82106;12;0;12;0;0;22/06/2026;MAYNARA;1
13;35724;MASC TRAT TOQUE DE SEDA 300G SEDA;PERFUMARIA E LIMPEZA;83644;22/06/2026;156088;82106;6;78;6;1;0;;;7
13;1452;CHOC KINDER BUENO 39G;MERCEARIA;83644;22/06/2026;156088;82106;30;120;30;0;0;30/06/2026;AMANDA;-16
13;8330;SH SEDA 300ML JUNTINHOS CRESPOS;PERFUMARIA E LIMPEZA;83644;22/06/2026;156088;82106;12;0;12;1;0;;;32
13;8443;SILICONE DESTAQUE AERO 400ML V8;PERFUMARIA E LIMPEZA;83644;22/06/2026;156088;82106;1;0;1;0;0;22/06/2026;MAYNARA;0
13;648;WHISKY MASTER GOLD VD 900ML;BEBIDAS;83644;22/06/2026;156088;82106;1;85;2;0;0;30/06/2026;AMANDA;3
13;2793;FAROFA CASEIRISSIMA YOKI 200G CEBOLA;MERCEARIA;83644;22/06/2026;156088;82106;12;0;12;0;0;30/06/2026;MARCOS M;9
13;6659;LAQUE AERO KARINA 250ML EXTRA FORTE;PERFUMARIA E LIMPEZA;83644;22/06/2026;156088;82106;12;5;12;1;0;;;7
13;1519;CHOC KINDER OVO LUI PLAYMOBIL 40G;MERCEARIA;83644;22/06/2026;156088;82106;48;0;48;0;0;30/06/2026;AMANDA;10
13;10309;SILICONE DESTAQUE GEL 250G LAVANDA;PERFUMARIA E LIMPEZA;83644;22/06/2026;156088;82106;12;0;12;0;0;22/06/2026;MAYNARA;14
14;13697;BOMBOM ARCOR SORT 146G;MERCEARIA;83996;22/06/2026;156569;82488;30;722;60;2;0;23/06/2026;CAROLINA;37
14;1238;CHOC BARRA NEUGEBAUER 80G MEIO AMARGO;MERCEARIA;83996;22/06/2026;156569;82488;64;628;192;3;0;23/06/2026;CAROLINA;119
14;35236;BOMBOM LACTA OREO 20G;MERCEARIA;83996;22/06/2026;156569;82488;27;0;81;0;0;24/06/2026;PAMELA;0
14;1894;DROPS FREEGELLS 27 6G CEREJA CHOC;MERCEARIA;83996;22/06/2026;156569;82488;12;336;36;0;0;24/06/2026;PAMELA;26
14;1847;DROPS FREEGELLS 27 9G VIT C CITRUS;MERCEARIA;83996;22/06/2026;156569;82488;12;108;36;0;0;24/06/2026;PAMELA;86
14;1852;DROPS FREEGELLS 27 9G MENTA;MERCEARIA;83996;22/06/2026;156569;82488;12;684;36;0;0;24/06/2026;PAMELA;2
18;3181;SALG KEVYTOS SHOW 38G BACON;MERCEARIA;84000;22/06/2026;156571;82490;20;220;20;0;0;23/06/2026;JESSICA;181
18;37075;FARINHA TAPIOCA DINDA 400G TRAD;MERCEARIA;84000;22/06/2026;156571;82490;20;477;40;2;0;;KELLER;-33
18;1134;BISC DOCE NESTLE CHOCO TRIO 90G CHOC;MERCEARIA;84000;22/06/2026;156571;82490;12;432;24;0;0;23/06/2026;JESSICA;-12
18;2361;FEIJAO VERMELHO ARBAZA 500G;MERCEARIA;84000;22/06/2026;156571;82490;12;1161;60;5;0;;KELLER;54
3;5812;ESC DENTAL COLGATE TRIP ACAO LV2PG1;PERFUMARIA E LIMPEZA;84154;23/06/2026;156860;82650;12;12;12;1;0;29/06/2026;BRUNO;9
3;9587;DESOD SANIT ADES GOTA LIMPA 41G 7D EUCALIPTO;PERFUMARIA E LIMPEZA;84154;23/06/2026;156860;82650;12;24;12;1;0;29/06/2026;BRUNO;27
3;4567;CARGA MACH 3 LV4 PG3 REGULAR;PERFUMARIA E LIMPEZA;84154;23/06/2026;156860;82650;72;36;72;1;0;29/06/2026;BRUNO;88
3;18979;GEL FIX DI HELLEN BRI MOL FL ADREN 240G;PERFUMARIA E LIMPEZA;84154;23/06/2026;156860;82650;12;12;12;1;0;29/06/2026;BRUNO;12
3;21137;MOLUSC MADELESMA RES UMED LESMAS 250G;PERFUMARIA E LIMPEZA;84154;23/06/2026;156860;82650;4;0;4;1;0;29/06/2026;BRUNO;-1
3;4256;AP PRESTOBARBA ULTRAGRIP 3L CART2UN;PERFUMARIA E LIMPEZA;84154;23/06/2026;156860;82650;1;2;4;4;0;29/06/2026;BRUNO;1
3;17317;DESOD ROLLON REXONA 50ML XTRA COOL;PERFUMARIA E LIMPEZA;84154;23/06/2026;156860;82650;12;540;12;1;0;29/06/2026;BRUNO;28
3;806;REFRIG FANTA LARANJA PET 2L;BEBIDAS;84154;23/06/2026;156860;82650;8;520;336;0;0;01/07/2026;LUAN;566
3;12531;INAT AP GILLETTE PROBAK C 2;PERFUMARIA E LIMPEZA;84154;23/06/2026;156860;82650;14;154;14;0;0;29/06/2026;BRUNO;129
3;16878;CR HIDRAT DIHELLEN MAOS E PES 100G;PERFUMARIA E LIMPEZA;84154;23/06/2026;156860;82650;12;0;12;1;0;29/06/2026;BRUNO;6
4;7835;DET PO GOTA LIMPA 800G EQUILIBRIO;PERFUMARIA E LIMPEZA;84178;23/06/2026;;;20;140;20;0;0;;;-16
5;4258;AP PROBAK II LV7 PG5;PERFUMARIA E LIMPEZA;84156;23/06/2026;156861;82652;1;14;8;7;7;01/07/2026;PAMELA;99
5;4565;CARGA MACH 3 2UN SENSITIVE;PERFUMARIA E LIMPEZA;84156;23/06/2026;156861;82652;12;12;12;0;0;02/07/2026;AUGUSTO;46
5;1837;PAST DOCILE ROLLY MINTY 29G FRUIT;MERCEARIA;84156;23/06/2026;156861;82652;12;1320;12;1;1;30/06/2026;MONIQUE;7
5;3512;FERM PO BIOL GOOD INSTANT SH 10G;MERCEARIA;84156;23/06/2026;156861;82652;30;6180;90;0;0;30/06/2026;MONIQUE;26
5;17317;DESOD ROLLON REXONA 50ML XTRA COOL;PERFUMARIA E LIMPEZA;84156;23/06/2026;156861;82652;12;540;12;0;0;02/07/2026;AUGUSTO;10
5;36245;CHOC BARRA NESTLE RECH 90G PRESTIG;MERCEARIA;84156;23/06/2026;156861;82652;14;28;14;0;0;30/06/2026;MONIQUE;3
5;22903;REMOV ESM AMAZONIA 80ML;PERFUMARIA E LIMPEZA;84156;23/06/2026;156861;82652;12;492;12;1;1;01/07/2026;PAMELA;8
5;647;WHISKY GREEN VALLEY VD 1L;BEBIDAS;84156;23/06/2026;156861;82652;1;4;1;0;0;30/06/2026;MONIQUE;1
5;17271;DESOD CR DI HELLEN 55G MASC;PERFUMARIA E LIMPEZA;84156;23/06/2026;156861;82652;12;0;12;1;1;02/07/2026;AUGUSTO;12
5;15991;CHOC KINDER BUENO WHITE 39G;MERCEARIA;84156;23/06/2026;156861;82652;30;60;30;0;0;30/06/2026;MONIQUE;8
5;1416;CHOC SNICKERS 45G;MERCEARIA;84156;23/06/2026;156861;82652;20;220;20;0;0;30/06/2026;MONIQUE;52
5;3400;BARRA CEREAL RITTER 25G BAN AVEIA MEL;MERCEARIA;84156;23/06/2026;156861;82652;24;120;96;0;0;30/06/2026;MONIQUE;50
5;1452;CHOC KINDER BUENO 39G;MERCEARIA;84156;23/06/2026;156861;82652;30;120;30;0;0;30/06/2026;MONIQUE;4
5;8561;TALCO VINI LADY 200G BABY LAVANDA;PERFUMARIA E LIMPEZA;84156;23/06/2026;156861;82652;12;0;12;1;1;01/07/2026;PAMELA;1
5;520;ENERG RED BULL LT 250ML MORANGO PESSEGO;BEBIDAS;84601;23/06/2026;157654;83225;24;176;48;2;0;24/06/2026;JESSICA;23
6;3401;BARRA CEREAL RITTER 25G BANANA ZR ACUC;MERCEARIA;84158;23/06/2026;156862;82648;24;48;24;0;0;01/07/2026;ALEX JARDIM;13
6;1837;PAST DOCILE ROLLY MINTY 29G FRUIT;MERCEARIA;84158;23/06/2026;156862;82648;12;1320;24;2;2;01/07/2026;ALEX JARDIM;-43
6;3431;SOPA GALINHA MAGGI 60G FIDELINI;MERCEARIA;84158;23/06/2026;156862;82648;10;59;10;0;0;01/07/2026;ALEX JARDIM;11
6;3426;CREME QUEIJO APTI 68G;MERCEARIA;84158;23/06/2026;156862;82648;12;60;12;1;1;01/07/2026;ALEX JARDIM;9
6;3383;CALDO APTI 19G GALINHA;MERCEARIA;84158;23/06/2026;156862;82648;24;600;24;1;1;01/07/2026;ALEX JARDIM;56
6;3377;CALDO KNORR 57G CARNE;MERCEARIA;84158;23/06/2026;156862;82648;10;10;10;0;0;01/07/2026;ALEX JARDIM;13
6;633;VODKA TAIGA PREMIUM VD 1L;BEBIDAS;84158;23/06/2026;156862;82648;1;3;1;0;0;01/07/2026;ALEX JARDIM;10
6;1353;CHOC BATON GAROTO 16G AO LEITE;MERCEARIA;84158;23/06/2026;156862;82648;30;0;30;0;0;01/07/2026;ALEX JARDIM;21
6;648;WHISKY MASTER GOLD VD 900ML;BEBIDAS;84158;23/06/2026;156862;82648;1;85;1;1;1;01/07/2026;ALEX JARDIM;0
6;1745;CHICLE FREEGELLS GUM 8G MENTA;MERCEARIA;84158;23/06/2026;156862;82648;15;15;15;1;1;01/07/2026;ALEX JARDIM;0
6;3512;FERM PO BIOL GOOD INSTANT SH 10G;MERCEARIA;84158;23/06/2026;156862;82648;30;6180;60;0;0;01/07/2026;ALEX JARDIM;-28
6;29708;CHOC BARRA LACTA LAKA 28G;MERCEARIA;84158;23/06/2026;156862;82648;12;24;12;0;0;01/07/2026;ALEX JARDIM;-5
6;647;WHISKY GREEN VALLEY VD 1L;BEBIDAS;84158;23/06/2026;156862;82648;1;4;1;0;0;01/07/2026;ALEX JARDIM;-3
7;1843;DROPS FREEGELLS 27 9G CEREJA;MERCEARIA;84160;23/06/2026;156863;82653;12;12;12;0;0;01/07/2026;ALEX JARDIM;8
7;17317;DESOD ROLLON REXONA 50ML XTRA COOL;PERFUMARIA E LIMPEZA;84160;23/06/2026;156863;82653;12;540;12;0;0;01/07/2026;PAMELA;0
7;687;ESP GARIBALDI PRIMICIAS GF 660ML ROSE;BEBIDAS;84160;23/06/2026;156863;82653;1;19;4;0;0;01/07/2026;ALEX JARDIM;12
7;3384;CALDO GALINHA APTI 57G;MERCEARIA;84160;23/06/2026;156863;82653;120;480;120;0;0;01/07/2026;ALEX JARDIM;0
7;1842;DROPS FREEGELLS 27 9G MORANGO;MERCEARIA;84160;23/06/2026;156863;82653;12;12;12;0;0;01/07/2026;ALEX JARDIM;7
7;5805;ESC DENTAL COLGATE CLASSIC LONG MD 8460;PERFUMARIA E LIMPEZA;84160;23/06/2026;156863;82653;12;168;24;0;0;01/07/2026;PAMELA;5
7;34564;CREME JOAO E MARIA 40G P ASSADURA;PERFUMARIA E LIMPEZA;84160;23/06/2026;156863;82653;1;33;14;0;0;01/07/2026;PAMELA;0
7;12531;INAT AP GILLETTE PROBAK C 2;PERFUMARIA E LIMPEZA;84160;23/06/2026;156863;82653;14;154;14;0;0;01/07/2026;PAMELA;109
7;1748;CHICLE FREEGELLS GUM 8G HORTELA;MERCEARIA;84160;23/06/2026;156863;82653;15;0;15;1;1;01/07/2026;ALEX JARDIM;15
7;1282;CHOC BARRA LACTA AO LEITE 80G;MERCEARIA;84160;23/06/2026;156863;82653;17;85;34;0;0;01/07/2026;ALEX JARDIM;91
7;648;WHISKY MASTER GOLD VD 900ML;BEBIDAS;84160;23/06/2026;156863;82653;1;85;2;2;2;01/07/2026;ALEX JARDIM;3
7;3414;BARRA CEREAL RITTER 22G CAST PARA;MERCEARIA;84160;23/06/2026;156863;82653;24;912;144;0;0;01/07/2026;ALEX JARDIM;43
7;1890;PASTILHA TIC TAC 14 5G LARANJA;MERCEARIA;84160;23/06/2026;156863;82653;14;84;14;0;0;01/07/2026;ALEX JARDIM;-5
7;647;WHISKY GREEN VALLEY VD 1L;BEBIDAS;84160;23/06/2026;156863;82653;1;4;1;0;0;01/07/2026;ALEX JARDIM;1
7;21692;PAPEL HIG NATUPEL PREM FS 30M C 4;PERFUMARIA E LIMPEZA;84160;23/06/2026;156863;82653;16;0;80;0;0;23/06/2026;WILLIAN MATEUS;51
7;1888;PASTILHA TIC TAC 14 5G MENTA;MERCEARIA;84160;23/06/2026;156863;82653;14;84;14;0;0;01/07/2026;ALEX JARDIM;-3
7;5812;ESC DENTAL COLGATE TRIP ACAO LV2PG1;PERFUMARIA E LIMPEZA;84160;23/06/2026;156863;82653;12;12;12;0;0;01/07/2026;PAMELA;10
7;21261;NAFTALINA GOTA LIMPA 50G;PERFUMARIA E LIMPEZA;84160;23/06/2026;156863;82653;48;96;48;0;0;01/07/2026;AUGUSTO;21
7;3401;BARRA CEREAL RITTER 25G BANANA ZR ACUC;MERCEARIA;84160;23/06/2026;156863;82653;24;48;24;0;0;01/07/2026;ALEX JARDIM;0
7;3512;FERM PO BIOL GOOD INSTANT SH 10G;MERCEARIA;84160;23/06/2026;156863;82653;30;6180;90;0;0;01/07/2026;ALEX JARDIM;71
11;3893;ABS C ABAS DIA NOITE 32 UN SUAVE;PERFUMARIA E LIMPEZA;84164;23/06/2026;156865;82655;16;175;16;1;0;24/06/2026;ALEX JARDIM;0
11;17337;DET LIQ ATRIUS 5L PREMIUM;PERFUMARIA E LIMPEZA;84281;23/06/2026;157098;82830;4;1346;20;5;0;23/06/2026;AUGUSTO;30
11;2300;FILTRO PAPEL BRIGITTA 103 C 30;MERCEARIA;84628;23/06/2026;157764;83258;48;475;96;2;0;24/06/2026;SANTA MARIA;0
12;2118;ARROZ BCO SABOROSO T1 2K;MERCEARIA;84166;23/06/2026;156866;82656;15;150;60;4;0;;PIRES;20
12;2749;FARINHA TRIGO MARIA INES 5KG;MERCEARIA;84166;23/06/2026;156866;82656;5;375;5;1;0;;PIRES;186
12;2060;ARROZ BCO SABOROSO T1 1K;MERCEARIA;84166;23/06/2026;156866;82656;30;2730;180;6;0;;PIRES;43
12;2688;FARINHA MILHO SAUDAVEL 1KG MEDIA;MERCEARIA;84166;23/06/2026;156866;82656;30;90;30;1;0;;PIRES;-1
13;21687;PAPEL HIG MILI PERFUM FLA DPL 30M 12UN;PERFUMARIA E LIMPEZA;84168;23/06/2026;156867;82657;8;0;8;0;0;23/06/2026;ELIAS;11
13;13258;BIFINHO PETISCAO TABLETE 500G CAR;PRODUTOS PET;84168;23/06/2026;156867;82657;10;0;10;1;0;24/06/2026;CAROLINA;19
14;22652;QUENTAO ALCOOLICO 2L;BEBIDAS;84615;23/06/2026;157661;83232;6;0;12;0;0;24/06/2026;CAROLINA;0
14;519;ENERG RED BULL LT 250ML MELANCIA;BEBIDAS;84615;23/06/2026;157661;83232;24;130;24;1;0;24/06/2026;CAROLINA;34
14;520;ENERG RED BULL LT 250ML MORANGO PESSEGO;BEBIDAS;84615;23/06/2026;157661;83232;24;176;24;1;0;24/06/2026;CAROLINA;18
14;103;REFRE PO FRISCO 18G ABACAXI;BEBIDAS;84615;23/06/2026;157661;83232;180;180;180;1;0;24/06/2026;CAROLINA;131
14;33730;ENERG RED BULL LT 250ML ZERO;BEBIDAS;84615;23/06/2026;157661;83232;24;264;24;1;0;24/06/2026;CAROLINA;64
17;21261;NAFTALINA GOTA LIMPA 50G;PERFUMARIA E LIMPEZA;84172;23/06/2026;156878;82659;48;96;48;0;0;30/06/2026;FERNANDO PAZ;101
17;437;ENERG BALY PET 2L TRADICIONAL;BEBIDAS;84172;23/06/2026;156878;82659;6;576;24;4;0;;AUGUSTO;41
17;806;REFRIG FANTA LARANJA PET 2L;BEBIDAS;84172;23/06/2026;156878;82659;8;520;336;0;0;25/06/2026;MIKAEL;-20
17;4244;AP PRESTOBARBA 3 2UN FEM;PERFUMARIA E LIMPEZA;84172;23/06/2026;156878;82659;12;0;24;0;0;;;48
17;156;CERV BUDWEISER LT 473ML;BEBIDAS;84172;23/06/2026;156878;82659;12;1206;2508;209;0;;MARCOS M;487
17;147;CERV ANTARCTICA PILSEN LT 473ML;BEBIDAS;84172;23/06/2026;156878;82659;12;3794;132;11;0;;AUGUSTO;189
17;33364;ABS MILI NOT DISCRETO C ABAS;PERFUMARIA E LIMPEZA;84172;23/06/2026;156878;82659;24;550;48;0;0;25/06/2026;LUAN;25
17;5840;ESC DENTAL ORAL B CLASSIC LV3 PG2;PERFUMARIA E LIMPEZA;84172;23/06/2026;156878;82659;6;36;12;0;0;01/07/2026;AUGUSTO;24
17;20454;MANG DUOCOLOR 10MTS;NAO ALIMENTO;84204;23/06/2026;156894;82764;1;0;1;0;0;;;-4
17;299;CERV BRAHMA ZERO LT 350ML;BEBIDAS;84617;23/06/2026;157662;83233;12;115;240;20;0;;;208
17;179;CERV ORIGINAL LT 473ML;BEBIDAS;84617;23/06/2026;157662;83233;12;4344;36;0;0;;;195
17;748;REFRIG SARANDI PET 1 5L GUARANA;BEBIDAS;84617;23/06/2026;157662;83233;8;7296;160;20;0;;;110
18;24323;SH GENIAL PET 2 EM 1 500ML;PRODUTOS PET;84174;23/06/2026;156879;82654;1;0;1;0;0;01/07/2026;ALEX JARDIM;6
18;2320;FEIJAO CARIOCA CALDO OURO 1KG;MERCEARIA;84174;23/06/2026;156879;82654;10;290;20;0;0;;;23
18;38552;RACAO RANGO DOG 5KG;PRODUTOS PET;84174;23/06/2026;156879;82654;1;760;18;18;18;23/06/2026;ELIAS;363
18;526;ENERG RED BULL LT 250ML TROPICAL;BEBIDAS;84619;23/06/2026;157663;83234;24;48;48;2;0;24/06/2026;JESSICA;0
18;33732;ENERG RED BULL LT 250ML POMELO;BEBIDAS;84619;23/06/2026;157663;83234;24;0;24;0;0;24/06/2026;JESSICA;5
18;37263;ENERG RED BULL LT 250ML NECTARINA S;BEBIDAS;84619;23/06/2026;157663;83234;24;72;24;1;0;24/06/2026;JESSICA;15
1;2534;DOCE DIFRUTTI 1 010KG MORANGO;MERCEARIA;84677;24/06/2026;157858;83315;6;6;6;1;0;24/06/2026;EVERTON;6
1;34570;MOLHO PIMENTA NOVITA 150ML CALABRESA;MERCEARIA;84677;24/06/2026;157858;83315;12;12;12;1;0;24/06/2026;EVERTON;10
1;2109;CAFE SOL NESCAFE SH 40G ORIGINAL;MERCEARIA;84677;24/06/2026;157858;83315;24;192;24;1;0;24/06/2026;EVERTON;5
1;37959;CHA BARAO 13G ERVA DOCE;MERCEARIA;84677;24/06/2026;157858;83315;30;240;60;2;0;24/06/2026;EVERTON;0
1;1541;COBER COBERTOP 1 01KG CONF BLEND;MERCEARIA;84677;24/06/2026;157858;83315;10;10;10;0;0;26/06/2026;JESSICA;7
1;3994;ALIM CAO DOG CHOW100G SACHE TOD TAM CARNE ADULTO;PRODUTOS PET;84677;24/06/2026;157858;83315;15;30;15;0;0;26/06/2026;JESSICA;2
1;34581;GRAO DE BICO SALSARETTI 170G LT;MERCEARIA;84677;24/06/2026;157858;83315;24;816;24;1;0;24/06/2026;EVERTON;5
1;36681;CHANTILLY DAUS CLASSIC;MERCEARIA;84677;24/06/2026;157858;83315;12;24;12;1;0;24/06/2026;EVERTON;0
1;1272;CHOC BARRA GAROTO CHOC BCO 80G;MERCEARIA;84677;24/06/2026;157858;83315;64;64;64;0;0;26/06/2026;JESSICA;-50
1;2416;PEPINO CONSERVA DA SERRA SH 150G;MERCEARIA;84677;24/06/2026;157858;83315;12;660;24;2;0;24/06/2026;EVERTON;1
1;2482;DOCE DIFRUTTI 400G MORANGO;MERCEARIA;84677;24/06/2026;157858;83315;12;149;24;2;0;24/06/2026;EVERTON;0
1;2736;MOLHO ALHO ADIGEL GF 900ML;MERCEARIA;84677;24/06/2026;157858;83315;12;12;12;1;0;24/06/2026;EVERTON;13
1;3756;MIST P BOLO NORDESTE 400G AIPIM;MERCEARIA;84677;24/06/2026;157858;83315;12;0;12;1;0;24/06/2026;EVERTON;10
1;31471;MAIONESE BISN VAL PET 930G;MERCEARIA;84677;24/06/2026;157858;83315;9;-54;9;1;0;24/06/2026;EVERTON;6
1;2401;MILHO PIPOCA BELLA DICA 400GR;MERCEARIA;84677;24/06/2026;157858;83315;12;2003;12;0;0;02/07/2026;BRAGA;1
1;13699;BOMBOM BEL SORT 180G;MERCEARIA;84677;24/06/2026;157858;83315;30;360;60;0;0;26/06/2026;JESSICA;0
1;2818;MASSA C OVOS STA FELICIDADE 500G PARAFUSO;MERCEARIA;84677;24/06/2026;157858;83315;20;2200;20;0;0;26/06/2026;JESSICA;774
1;2826;MASSA C OVOS STA FELICIDADE 500G PENNE;MERCEARIA;84677;24/06/2026;157858;83315;20;0;220;0;0;26/06/2026;JESSICA;496
1;2961;MOLHO SHOYU EXTREMO SABOR 250ML;MERCEARIA;84677;24/06/2026;157858;83315;12;120;12;1;0;24/06/2026;EVERTON;6
1;2490;DOCE DIFRUTTI 400G FIGO;MERCEARIA;84677;24/06/2026;157858;83315;12;0;12;1;0;24/06/2026;EVERTON;4
1;2535;DOCE DIFRUTTI 1 010KG UVA;MERCEARIA;84677;24/06/2026;157858;83315;6;6;6;1;0;24/06/2026;EVERTON;5
1;3024;ADOCANTE ZERO CAL 100ML;MERCEARIA;84677;24/06/2026;157858;83315;12;226;12;1;0;24/06/2026;EVERTON;6
1;20817;MILHO VERDE FUGINI SH 1 7K;MERCEARIA;84677;24/06/2026;157858;83315;6;162;6;1;0;24/06/2026;EVERTON;4
1;1893;DROPS FREEGELLS 27 6G MORANGO CHOC;MERCEARIA;84677;24/06/2026;157858;83315;12;276;24;2;0;01/07/2026;EVERTON;-243
1;3657;LEITE COCO TRISANTI 200ML;MERCEARIA;84677;24/06/2026;157858;83315;12;0;12;1;0;24/06/2026;EVERTON;6
1;1296;CHOC BARRA NESTLE 80G GALAK GALAK;MERCEARIA;84873;24/06/2026;158254;83687;16;384;80;5;5;24/06/2026;PAMELA;47
1;2826;MASSA C OVOS STA FELICIDADE 500G PENNE;MERCEARIA;84873;24/06/2026;158254;83687;20;0;100;0;0;24/06/2026;ERICA;496
2;4256;AP PRESTOBARBA ULTRAGRIP 3L CART2UN;PERFUMARIA E LIMPEZA;84679;24/06/2026;157859;83316;1;2;1;1;0;02/07/2026;ERICA;0
2;19315;COT HASTES FLEX COTTONBABY PT 100UN;PERFUMARIA E LIMPEZA;84679;24/06/2026;157859;83316;1;8;1;1;0;02/07/2026;ERICA;59
2;15733;CERA LIQ GIRANDO SOL 750ML VERM;PERFUMARIA E LIMPEZA;84679;24/06/2026;157859;83316;12;0;12;0;0;27/06/2026;AUGUSTO;4
2;3686;TEMP BICARBONATO SODIO APTI 100G;MERCEARIA;84679;24/06/2026;157859;83316;20;180;20;1;0;02/07/2026;ERICA;3
2;3363;CALDO APTI 19G CARNE;MERCEARIA;84679;24/06/2026;157859;83316;24;3984;24;1;0;02/07/2026;ERICA;121
2;34564;CREME JOAO E MARIA 40G P ASSADURA;PERFUMARIA E LIMPEZA;84679;24/06/2026;157859;83316;1;33;3;3;0;02/07/2026;ERICA;1
2;10311;SILICONE JIMO GEL 200G MARINE;PERFUMARIA E LIMPEZA;84679;24/06/2026;157859;83316;12;24;12;0;0;27/06/2026;AUGUSTO;29
2;3431;SOPA GALINHA MAGGI 60G FIDELINI;MERCEARIA;84679;24/06/2026;157859;83316;10;59;10;1;0;02/07/2026;ERICA;19
2;3512;FERM PO BIOL GOOD INSTANT SH 10G;MERCEARIA;84679;24/06/2026;157859;83316;30;6180;30;1;0;02/07/2026;ERICA;52
2;18814;FRALDA PAMPERS SUPERSEQUINHA C 60 G;PERFUMARIA E LIMPEZA;84679;24/06/2026;157859;83316;2;138;4;0;0;27/06/2026;AUGUSTO;14
2;13514;BLO LIXA P UNHA BONITTA;PERFUMARIA E LIMPEZA;84679;24/06/2026;157859;83316;1;1;1;1;0;02/07/2026;ERICA;5
2;7277;PANO PANOSUL DUPLO 100 ALGODAO;PERFUMARIA E LIMPEZA;85019;24/06/2026;;;14;52;14;0;0;;;26
2;24138;SC PANOSUL ALVEJADO 48X63CM R 14;PERFUMARIA E LIMPEZA;85019;24/06/2026;;;1;50;25;0;0;;;72
2;8018;SACO PANOSUL 60X68CM XADREZ;PERFUMARIA E LIMPEZA;85019;24/06/2026;;;25;0;50;0;0;;;100
2;8966;CARVAO CHAMA CAMPEIRA 5KG;NAO ALIMENTO;85174;24/06/2026;158592;83970;1;462;9;0;0;02/07/2026;FERNANDO.H;70
3;21555;PANO PANOSUL MEDIO ESTAMP 45X65 R23;PERFUMARIA E LIMPEZA;85021;24/06/2026;;;12;12;72;0;0;;;-1
3;8018;SACO PANOSUL 60X68CM XADREZ;PERFUMARIA E LIMPEZA;85021;24/06/2026;;;25;0;100;0;0;;;96
3;21553;PANO PANOSUL FELPUDO ESTAMP 38X63CM;PERFUMARIA E LIMPEZA;85021;24/06/2026;;;12;0;12;0;0;;;8
3;18564;FLANELA ALG PANOSUL 34X50CM AMAR;PERFUMARIA E LIMPEZA;85021;24/06/2026;;;12;12;24;0;0;;;35
3;21557;PANO PTO PANOSUL COLOR C EST;PERFUMARIA E LIMPEZA;85021;24/06/2026;;;12;24;60;0;0;;;42
3;31448;LUVA CHENILLE;PERFUMARIA E LIMPEZA;85021;24/06/2026;;;12;12;24;0;0;;;10
4;5694;DETERG YPE 500ML CLEAR CARE;PERFUMARIA E LIMPEZA;84733;24/06/2026;157896;83979;24;0;48;0;0;;;263
4;5695;DETERG YPE 500ML COCO;PERFUMARIA E LIMPEZA;84733;24/06/2026;157896;83979;24;4800;48;0;0;;;466
4;3094;MOSTARDA ODERICH 190G PICANTE;MERCEARIA;84733;24/06/2026;;;24;96;24;0;0;;;0
4;5692;DETERG YPE 500 ML NEUTRO;PERFUMARIA E LIMPEZA;84733;24/06/2026;157896;83979;24;6384;96;0;0;;;0
4;21554;PANO PANOSUL MEDIO C BAR 45X65 R24;PERFUMARIA E LIMPEZA;85023;24/06/2026;;;1;108;24;0;0;;;41
4;7279;PANO PANOSUL MICROFIBRA 35X35CM SORTIDO;PERFUMARIA E LIMPEZA;85023;24/06/2026;;;120;0;120;0;0;;;195
5;4258;AP PROBAK II LV7 PG5;PERFUMARIA E LIMPEZA;84683;24/06/2026;157862;83319;1;14;1;1;0;04/07/2026;AUGUSTO;99
5;5850;ESC DENTAL ORAL B PRO;PERFUMARIA E LIMPEZA;84683;24/06/2026;157862;83319;12;0;12;1;0;04/07/2026;AUGUSTO;5
5;5173;CORANTE TINGECOR 40G GUARANY PRETO N31;PERFUMARIA E LIMPEZA;84683;24/06/2026;157862;83319;6;0;6;0;0;24/06/2026;MAYNARA;-17
5;6618;KIT SH SEDA SH 300 COND 190ML LUMINIOUS UV;PERFUMARIA E LIMPEZA;84683;24/06/2026;157862;83319;15;690;15;0;0;03/07/2026;BRUNO ANTUNES;49
5;3049;ACUCAR MAGRO LIGHT C STEVIA 400G;MERCEARIA;84683;24/06/2026;157862;83319;20;0;20;0;0;06/07/2026;LUIGGI;10
5;4565;CARGA MACH 3 2UN SENSITIVE;PERFUMARIA E LIMPEZA;84683;24/06/2026;157862;83319;12;12;12;1;0;04/07/2026;AUGUSTO;46
5;18735;FRALDA DESC BABYSEC ULTSEC MEGA XXG 28 UN;PERFUMARIA E LIMPEZA;84683;24/06/2026;157862;83319;6;36;6;1;1;03/07/2026;BRUNO ANTUNES;26
5;8018;SACO PANOSUL 60X68CM XADREZ;PERFUMARIA E LIMPEZA;85025;24/06/2026;;;25;0;50;0;0;;;129
5;7277;PANO PANOSUL DUPLO 100 ALGODAO;PERFUMARIA E LIMPEZA;85025;24/06/2026;;;14;52;14;0;0;;;12
5;21557;PANO PTO PANOSUL COLOR C EST;PERFUMARIA E LIMPEZA;85025;24/06/2026;;;12;24;12;0;0;;;19
5;2925;ACHOC LIQ ITALAC 1L;MERCEARIA;85130;24/06/2026;158546;83870;12;0;12;1;0;;ALEX JARDIM;0
6;1276;CHOC BARRA GAROTO 80G MEIO AMARGO;MERCEARIA;84685;24/06/2026;157864;83320;16;80;16;0;0;03/07/2026;ERICA;49
6;8223;KIT ELSEVE SH COND 375ML 170ML RT5;PERFUMARIA E LIMPEZA;84685;24/06/2026;157864;83320;6;0;6;1;0;;MONIQUE;10
6;12531;INAT AP GILLETTE PROBAK C 2;PERFUMARIA E LIMPEZA;84685;24/06/2026;157864;83320;14;154;14;0;0;30/06/2026;PAMELA;140
6;3363;CALDO APTI 19G CARNE;MERCEARIA;84685;24/06/2026;157864;83320;24;3984;24;1;1;03/07/2026;ERICA;36
6;633;VODKA TAIGA PREMIUM VD 1L;BEBIDAS;84685;24/06/2026;157864;83320;1;3;1;0;0;03/07/2026;ERICA;10
6;687;ESP GARIBALDI PRIMICIAS GF 660ML ROSE;BEBIDAS;84685;24/06/2026;157864;83320;1;19;1;0;0;03/07/2026;ERICA;8
6;3384;CALDO GALINHA APTI 57G;MERCEARIA;84685;24/06/2026;157864;83320;120;480;240;0;0;03/07/2026;ERICA;1
6;1742;CHICLE FREEGELLS GUM 8G EXTRA FORTE;MERCEARIA;84685;24/06/2026;157864;83320;15;30;15;1;1;03/07/2026;ERICA;9
6;4256;AP PRESTOBARBA ULTRAGRIP 3L CART2UN;PERFUMARIA E LIMPEZA;84685;24/06/2026;157864;83320;1;2;2;0;0;30/06/2026;PAMELA;53
6;4259;AP PRESTOBARBA ULTRA GRIP 2UN;PERFUMARIA E LIMPEZA;84685;24/06/2026;157864;83320;12;972;12;1;1;30/06/2026;PAMELA;4
6;8858;AP GILLETTE PROBAK II C 2;PERFUMARIA E LIMPEZA;84685;24/06/2026;157864;83320;14;2184;14;1;1;30/06/2026;PAMELA;212
6;24638;TCO CORP JAYLUC 80G JASMIN;PERFUMARIA E LIMPEZA;84685;24/06/2026;157864;83320;12;36;12;1;1;30/06/2026;PAMELA;8
6;15640;COND DARLING 350ML DETOX;PERFUMARIA E LIMPEZA;84685;24/06/2026;157864;83320;6;6;6;0;0;04/07/2026;AUGUSTO;13
6;19317;HID DI HELLEN 30G AVEIA;PERFUMARIA E LIMPEZA;84685;24/06/2026;157864;83320;12;0;12;0;0;04/07/2026;AUGUSTO;15
6;36245;CHOC BARRA NESTLE RECH 90G PRESTIG;MERCEARIA;84685;24/06/2026;157864;83320;14;28;28;0;0;03/07/2026;ERICA;3
6;3414;BARRA CEREAL RITTER 22G CAST PARA;MERCEARIA;84685;24/06/2026;157864;83320;24;912;24;0;0;03/07/2026;ERICA;27
6;3524;FERM QUIMICO PO FLEISCHMANN PT 100G;MERCEARIA;84685;24/06/2026;157864;83320;12;120;36;0;0;03/07/2026;ERICA;0
6;5070;COND SEDA 325ML LISO PERFEITO;PERFUMARIA E LIMPEZA;84685;24/06/2026;157864;83320;12;96;12;1;0;;MONIQUE;6
6;34564;CREME JOAO E MARIA 40G P ASSADURA;PERFUMARIA E LIMPEZA;84685;24/06/2026;157864;83320;1;33;5;0;0;30/06/2026;PAMELA;0
6;4258;AP PROBAK II LV7 PG5;PERFUMARIA E LIMPEZA;84685;24/06/2026;157864;83320;1;14;76;76;76;30/06/2026;PAMELA;20
6;3400;BARRA CEREAL RITTER 25G BAN AVEIA MEL;MERCEARIA;84685;24/06/2026;157864;83320;24;120;24;0;0;03/07/2026;ERICA;14
6;16930;CR TRAT CAPILAR HEDERA BABOSA 960G;PERFUMARIA E LIMPEZA;84685;24/06/2026;157864;83320;6;133;6;0;0;04/07/2026;AUGUSTO;6
6;1740;CHICLE FREEGELLS GUM 8G MORANGO;MERCEARIA;84685;24/06/2026;157864;83320;15;870;30;0;0;03/07/2026;ERICA;0
6;8018;SACO PANOSUL 60X68CM XADREZ;PERFUMARIA E LIMPEZA;85027;24/06/2026;;;25;0;100;0;0;;;-3
6;4554;CAPA RODO PANOSUL 35X50CM SORTIDO;PERFUMARIA E LIMPEZA;85027;24/06/2026;;;12;108;12;0;0;;;11
6;24138;SC PANOSUL ALVEJADO 48X63CM R 14;PERFUMARIA E LIMPEZA;85027;24/06/2026;;;1;50;25;0;0;;;28
7;3401;BARRA CEREAL RITTER 25G BANANA ZR ACUC;MERCEARIA;84687;24/06/2026;157865;83321;24;48;24;0;0;03/07/2026;ERICA;0
7;687;ESP GARIBALDI PRIMICIAS GF 660ML ROSE;BEBIDAS;84687;24/06/2026;157865;83321;1;19;2;0;0;03/07/2026;ERICA;12
7;5254;CR DENTAL CLOSE UP 100G LIQUIFRESH RED HOT;PERFUMARIA E LIMPEZA;84687;24/06/2026;157865;83321;12;-24;12;1;1;30/06/2026;PAMELA;76
7;1282;CHOC BARRA LACTA AO LEITE 80G;MERCEARIA;84687;24/06/2026;157865;83321;17;85;17;0;0;03/07/2026;ERICA;91
7;12531;INAT AP GILLETTE PROBAK C 2;PERFUMARIA E LIMPEZA;84687;24/06/2026;157865;83321;14;154;14;1;1;30/06/2026;PAMELA;109
7;34564;CREME JOAO E MARIA 40G P ASSADURA;PERFUMARIA E LIMPEZA;84687;24/06/2026;157865;83321;1;33;2;0;0;30/06/2026;PAMELA;0
7;17317;DESOD ROLLON REXONA 50ML XTRA COOL;PERFUMARIA E LIMPEZA;84687;24/06/2026;157865;83321;12;540;12;0;0;30/06/2026;PAMELA;0
7;21555;PANO PANOSUL MEDIO ESTAMP 45X65 R23;PERFUMARIA E LIMPEZA;85029;24/06/2026;;;12;12;24;0;0;;;37
7;748;REFRIG SARANDI PET 1 5L GUARANA;BEBIDAS;85078;24/06/2026;158577;83888;8;7296;336;42;0;;;42
8;2488;DOCE DIFRUTTI 400G MACA CANELA;MERCEARIA;84689;24/06/2026;157867;83322;12;0;12;1;0;24/06/2026;ALEX JARDIM;2
8;2186;CHA PRENDA GOLD 15G CAMOMILA;MERCEARIA;84689;24/06/2026;157867;83322;10;10;10;1;0;24/06/2026;ALEX JARDIM;23
8;38273;MOLHO INGLES SABOR CASEIRO 1 01K;MERCEARIA;84689;24/06/2026;157867;83322;6;126;6;1;0;24/06/2026;ALEX JARDIM;4
8;2216;CAPSULA DOLCE GUSTO 100G C 10 CAFE AU LAIT;MERCEARIA;84689;24/06/2026;157867;83322;6;6;12;2;0;24/06/2026;ALEX JARDIM;7
8;2016;CAFE VACUO 3C TORRADO MOIDO 500G TRAD;MERCEARIA;84689;24/06/2026;157867;83322;20;0;20;1;0;24/06/2026;ALEX JARDIM;0
8;2470;JARDINERA ODERICH LT 200G 4 LEGUMES;NAO ALIMENTO;84689;24/06/2026;157867;83322;24;24;24;1;0;24/06/2026;ALEX JARDIM;8
8;2475;GOIABADA VAL 300G;MERCEARIA;84689;24/06/2026;157867;83322;36;72;36;1;0;24/06/2026;ALEX JARDIM;13
8;3535;FERM QUIMICO PO ROYAL PT 250G;MERCEARIA;84689;24/06/2026;157867;83322;48;48;48;0;0;24/06/2026;ALEX JARDIM;0
8;3757;ALHO PICADO ALHOSTIN 1 01KG;MERCEARIA;84689;24/06/2026;157867;83322;6;0;6;1;0;24/06/2026;ALEX JARDIM;-5
8;3798;MIST P PAO QUEIJO YOKI 250G;MERCEARIA;84689;24/06/2026;157867;83322;30;30;30;1;0;24/06/2026;ALEX JARDIM;0
8;687;ESP GARIBALDI PRIMICIAS GF 660ML ROSE;BEBIDAS;84689;24/06/2026;157867;83322;1;19;1;0;0;01/07/2026;PAMELA;6
8;34564;CREME JOAO E MARIA 40G P ASSADURA;PERFUMARIA E LIMPEZA;84689;24/06/2026;157867;83322;1;33;1;1;0;01/07/2026;MONIQUE;16
8;985;MOSTARDA ODERICH SH 1KG;MERCEARIA;84689;24/06/2026;157867;83322;6;6;6;1;0;24/06/2026;ALEX JARDIM;50
8;2081;CAFE SOL 3C SH 40G TRAD;MERCEARIA;84689;24/06/2026;157867;83322;24;144;144;6;0;24/06/2026;ALEX JARDIM;-57
8;2139;CAFE SOL NESCAFE VD 160G TRADICAO FORTE;MERCEARIA;84689;24/06/2026;157867;83322;12;36;36;3;0;24/06/2026;ALEX JARDIM;53
8;2323;ATUM SOLIDO NAUTIQUE 170G EM OLEO;MERCEARIA;84689;24/06/2026;157867;83322;24;72;24;1;0;24/06/2026;ALEX JARDIM;50
8;2342;ATUM RALADO G COSTA 170G EM OLEO;MERCEARIA;84689;24/06/2026;157867;83322;24;0;24;1;0;24/06/2026;ALEX JARDIM;24
8;3366;COCO RALADO DUCOCO 100G DESIDRATADO;MERCEARIA;84689;24/06/2026;157867;83322;24;24;24;1;0;24/06/2026;ALEX JARDIM;6
8;3851;MOLHO TOM SALSARETTI SH 300G PASSATA RUSTICA;MERCEARIA;84689;24/06/2026;157867;83322;32;128;32;1;0;24/06/2026;ALEX JARDIM;1
8;34581;GRAO DE BICO SALSARETTI 170G LT;MERCEARIA;84689;24/06/2026;157867;83322;24;816;24;1;0;24/06/2026;ALEX JARDIM;29
8;38002;CEREAL MAT DOMELLY DINOCRISPY ARGOL;MERCEARIA;84689;24/06/2026;157867;83322;1;18;6;6;0;24/06/2026;ALEX JARDIM;5
8;2283;CANJICA BRANCA JUREIA 400G;MERCEARIA;84689;24/06/2026;157867;83322;12;12;12;0;0;01/07/2026;ALEXSANDRO;14
8;828;DUETO ODERICH ERV MILHO LT 2KG;MERCEARIA;84689;24/06/2026;157867;83322;6;6;6;1;0;24/06/2026;ALEX JARDIM;3
8;2395;OVO CODORNA CONS JUREIA 300G;MERCEARIA;84689;24/06/2026;157867;83322;15;15;15;1;0;24/06/2026;ALEX JARDIM;0
8;2458;PEPINO CONS ODERICH VD 300G AGRIDOCE;MERCEARIA;84689;24/06/2026;157867;83322;15;19;15;1;0;24/06/2026;ALEX JARDIM;4
8;3413;CREME LEITE ELEGE TP 200G LEVISSIMO;MERCEARIA;84689;24/06/2026;157867;83322;24;72;24;1;0;24/06/2026;ALEX JARDIM;2
8;3416;CREME LEITE ITALAC TP 200G ZERO LACTOSE;MERCEARIA;84689;24/06/2026;157867;83322;24;96;24;1;0;24/06/2026;ALEX JARDIM;1
8;5805;ESC DENTAL COLGATE CLASSIC LONG MD 8460;PERFUMARIA E LIMPEZA;84689;24/06/2026;157867;83322;12;168;12;1;0;01/07/2026;MONIQUE;6
8;2972;AMIDO MILHO MAISCERTA 200G;MERCEARIA;84689;24/06/2026;157867;83322;48;0;48;0;0;24/06/2026;ALEX JARDIM;13
8;15171;CAFE SOL NESCAFE CREM DOLCA LT 150G;MERCEARIA;84689;24/06/2026;157867;83322;12;132;12;1;0;24/06/2026;ALEX JARDIM;2
8;2786;FAROFA MANDIOCA YOKI 200G TRADICIONAL;MERCEARIA;84689;24/06/2026;157867;83322;14;14;14;0;0;01/07/2026;ALEXSANDRO;36
8;1018;TEMP EXTREMO SABOR 1 01K P GALETO;MERCEARIA;84689;24/06/2026;157867;83322;6;24;6;1;0;24/06/2026;ALEX JARDIM;6
8;2369;ERVILHA OLE LT 170G;MERCEARIA;84689;24/06/2026;157867;83322;24;8256;24;1;0;24/06/2026;ALEX JARDIM;413
8;2429;PEPINO CONSERVA NUTRIOURO VD 300G;MERCEARIA;84689;24/06/2026;157867;83322;15;0;30;0;0;24/06/2026;ALEX JARDIM;0
8;2535;DOCE DIFRUTTI 1 010KG UVA;MERCEARIA;84689;24/06/2026;157867;83322;6;6;6;1;0;24/06/2026;ALEX JARDIM;2
8;3092;MOSTARDA ODERICH TRADICIONAL 190G BISNAGA;MERCEARIA;84689;24/06/2026;157867;83322;24;119;24;1;0;24/06/2026;ALEX JARDIM;-12
8;10144;SAB FARNESE 180G AVEIA ESFOL;PERFUMARIA E LIMPEZA;84689;24/06/2026;157867;83322;36;324;36;0;0;01/07/2026;PAMELA;29
8;2332;ATUM RALADO COQUEIRO 170G EM OLEO;MERCEARIA;84689;24/06/2026;157867;83322;24;24;24;1;0;24/06/2026;ALEX JARDIM;73
8;2434;PEPINO CONSERVA DA SERRA VD 300G;MERCEARIA;84689;24/06/2026;157867;83322;15;1;30;2;0;24/06/2026;ALEX JARDIM;4
8;3756;MIST P BOLO NORDESTE 400G AIPIM;MERCEARIA;84689;24/06/2026;157867;83322;12;0;12;1;0;24/06/2026;ALEX JARDIM;9
8;38145;CAFE SOL NESCAFE VD 200G GTS 10G TRAD;MERCEARIA;84689;24/06/2026;157867;83322;12;72;12;0;0;24/06/2026;ALEX JARDIM;0
8;3051;CEREAL MAT NESTLE SH 210G NESTON 3 CEREAIS;MERCEARIA;84689;24/06/2026;157867;83322;12;120;12;1;0;24/06/2026;ALEX JARDIM;7
8;36242;DOCE DIFRUTTI 400G ABOBORA;MERCEARIA;84689;24/06/2026;157867;83322;12;0;12;1;0;24/06/2026;ALEX JARDIM;7
8;2469;SELETA LEGUMES ODERICH LT 200G;PERECIVEIS;84689;24/06/2026;157867;83322;24;240;24;1;0;24/06/2026;ALEX JARDIM;-17
8;3004;ADOCANTE LOWCUCAR MAGRO DIET 100ML;MERCEARIA;84689;24/06/2026;157867;83322;12;0;12;1;0;24/06/2026;ALEX JARDIM;3
8;3801;LIGA NEUTRA SELECT 100G;MERCEARIA;84689;24/06/2026;157867;83322;12;48;12;1;0;24/06/2026;ALEX JARDIM;7
8;36166;MOLHO TOM SALSARETTI VD 500G CLASSICO;MERCEARIA;84689;24/06/2026;157867;83322;24;240;48;2;0;24/06/2026;ALEX JARDIM;0
8;8018;SACO PANOSUL 60X68CM XADREZ;PERFUMARIA E LIMPEZA;85031;24/06/2026;;;25;0;50;0;0;;;20
8;24138;SC PANOSUL ALVEJADO 48X63CM R 14;PERFUMARIA E LIMPEZA;85031;24/06/2026;;;1;50;25;0;0;;;5
11;18564;FLANELA ALG PANOSUL 34X50CM AMAR;PERFUMARIA E LIMPEZA;85033;24/06/2026;;;12;12;48;0;0;;;20
11;8013;SACO COLORIDO PANOSUL 58X78CM ESP;PERFUMARIA E LIMPEZA;85033;24/06/2026;;;1;0;24;0;0;;;25
11;21555;PANO PANOSUL MEDIO ESTAMP 45X65 R23;PERFUMARIA E LIMPEZA;85033;24/06/2026;;;12;12;24;0;0;;;64
11;21557;PANO PTO PANOSUL COLOR C EST;PERFUMARIA E LIMPEZA;85033;24/06/2026;;;12;24;24;0;0;;;41
11;24138;SC PANOSUL ALVEJADO 48X63CM R 14;PERFUMARIA E LIMPEZA;85033;24/06/2026;;;1;50;25;0;0;;;29
12;21553;PANO PANOSUL FELPUDO ESTAMP 38X63CM;PERFUMARIA E LIMPEZA;85035;24/06/2026;;;12;0;24;0;0;;;8
12;7277;PANO PANOSUL DUPLO 100 ALGODAO;PERFUMARIA E LIMPEZA;85035;24/06/2026;;;14;52;28;0;0;;;24
12;31448;LUVA CHENILLE;PERFUMARIA E LIMPEZA;85035;24/06/2026;;;12;12;12;0;0;;;9
13;1264;CHOC BARRA LACTA 80G LAKA OREO;MERCEARIA;84695;24/06/2026;157873;83325;17;17;17;1;0;03/07/2026;JESSICA M;5
13;1269;CHOC BARRA LACTA 80G LAKA;MERCEARIA;84695;24/06/2026;157873;83325;17;68;17;1;0;03/07/2026;JESSICA M;0
13;20363;MAC INST NISSIN C 6 L P GAL CAIP;MERCEARIA;84695;24/06/2026;157873;83325;12;12;24;2;0;24/06/2026;VILLARROEL;77
13;20651;MASSA DOMELLY SEMOLA 1KG PARAF;MERCEARIA;84695;24/06/2026;157873;83325;10;17;10;1;0;24/06/2026;VILLARROEL;18
13;20647;MASSA C OVOS GERMANI 500G PAD NOSSO;MERCEARIA;84695;24/06/2026;157873;83325;20;359;40;2;0;24/06/2026;VILLARROEL;0
13;2789;MACARRAO CUP NOODLES 68G GAL CAIP PICANT;MERCEARIA;84695;24/06/2026;157873;83325;24;144;24;1;0;24/06/2026;VILLARROEL;23
13;2806;MACARRAO INST NISSIN ESP 500G T3;MERCEARIA;84695;24/06/2026;157873;83325;20;260;20;1;0;24/06/2026;VILLARROEL;1
13;20586;MASSA CAS MOSMANN C OVOS N2 500G;MERCEARIA;84695;24/06/2026;157873;83325;20;0;20;1;0;24/06/2026;VILLARROEL;3
13;2917;MASSA C OVOS ISABELA 500G MACARRAO;MERCEARIA;84695;24/06/2026;157873;83325;20;92;20;1;0;24/06/2026;VILLARROEL;-5
13;2812;MACARRAO INST NISSIN 500G YAKISSOBA;MERCEARIA;84695;24/06/2026;157873;83325;20;279;20;0;0;24/06/2026;VILLARROEL;22
13;20609;MAS ESPAG ISABELA SEMOLA 400G;MERCEARIA;84695;24/06/2026;157873;83325;24;0;24;1;0;24/06/2026;VILLARROEL;32
13;4038;ALIM CAO SAPECA SUPRA 1KG PEQ RACAS;PRODUTOS PET;84695;24/06/2026;157873;83325;10;10;10;1;0;24/06/2026;VILLARROEL;5
13;2940;MASSA S OVOS NORDESTE 1KG ESPAGUETE;MERCEARIA;84695;24/06/2026;157873;83325;10;30;10;1;0;24/06/2026;VILLARROEL;0
13;3402;CALDO APTI 57G LEGUMES;MERCEARIA;84695;24/06/2026;157873;83325;10;236;10;1;0;24/06/2026;VILLARROEL;5
13;2818;MASSA C OVOS STA FELICIDADE 500G PARAFUSO;MERCEARIA;84695;24/06/2026;157873;83325;20;2200;20;0;0;24/06/2026;VILLARROEL;740
13;5324;CR PENT TRESEMME 200ML RECONST E FORCA;PERFUMARIA E LIMPEZA;84695;24/06/2026;157873;83325;12;0;12;0;0;03/07/2026;JESSICA M;0
13;647;WHISKY GREEN VALLEY VD 1L;BEBIDAS;84695;24/06/2026;157873;83325;1;4;1;1;0;03/07/2026;JESSICA M;0
13;2862;MASSA C OVOS GERMANI 500G MACARRAO;MERCEARIA;84695;24/06/2026;157873;83325;20;40;40;2;0;24/06/2026;VILLARROEL;0
13;2738;MACARRAO CUP NOODLES 69G CARNE DEF;MERCEARIA;84695;24/06/2026;157873;83325;24;648;48;2;0;24/06/2026;VILLARROEL;0
13;2859;MASSA C OVOS NORDESTE 500G ESPAGUETE;MERCEARIA;84695;24/06/2026;157873;83325;15;240;30;2;0;24/06/2026;VILLARROEL;-2
13;2937;MASSA C OVOS ORQUIDEA 500G ESP NINH;MERCEARIA;84695;24/06/2026;157873;83325;10;0;20;2;0;24/06/2026;VILLARROEL;-34
13;2875;MASSA C OVOS GERMANI 500G CONCHINHA;MERCEARIA;84695;24/06/2026;157873;83325;20;80;40;2;0;24/06/2026;VILLARROEL;-5
13;20678;MASSA C OVOS DOMELLY 500G PENNE;MERCEARIA;84695;24/06/2026;157873;83325;20;20;20;1;0;24/06/2026;VILLARROEL;2
13;20357;MAC INST NISSIN 85G PICANHA;MERCEARIA;84695;24/06/2026;157873;83325;50;50;50;1;0;24/06/2026;VILLARROEL;67
13;7948;SABON PALMOLIVE NATURALS 150G OLEO ARGAN;PERFUMARIA E LIMPEZA;84695;24/06/2026;157873;83325;72;72;72;0;0;03/07/2026;JESSICA M;140
13;20638;MASSA C OVOS GERMANI 500G NHOQUE;MERCEARIA;84695;24/06/2026;157873;83325;20;19;40;2;0;24/06/2026;VILLARROEL;7
13;2908;MASSA C OVOS ISABELA 500G LINGUINE;MERCEARIA;84695;24/06/2026;157873;83325;20;182;20;0;0;24/06/2026;VILLARROEL;-8
13;2787;MACARRAO CUP NOODLES 68G COSTELA C MOLHO;MERCEARIA;84695;24/06/2026;157873;83325;24;0;24;1;0;24/06/2026;VILLARROEL;12
13;22633;QJO RAL KIFORMAGGIO TRAD 40G;MERCEARIA;84695;24/06/2026;157873;83325;75;600;75;1;0;24/06/2026;VILLARROEL;113
13;3452;SOPAO MAGGI 200G CARNE LEGUMES;MERCEARIA;84695;24/06/2026;157873;83325;24;0;24;0;0;24/06/2026;VILLARROEL;8
13;2914;MASSA C OVOS ISABELA 500G GRAVATINHA;MERCEARIA;84695;24/06/2026;157873;83325;20;540;20;1;0;24/06/2026;VILLARROEL;1
13;3450;SOPAO MAGGI 200G CARNE PANELA;MERCEARIA;84695;24/06/2026;157873;83325;24;0;24;0;0;24/06/2026;VILLARROEL;20
13;20341;MAC INST NISSIN 85G BACON;MERCEARIA;84695;24/06/2026;157873;83325;50;900;50;1;0;24/06/2026;VILLARROEL;12
13;3750;TEMP COMPLETO ARISCO 300G S PIMENTA;MERCEARIA;84695;24/06/2026;157873;83325;24;0;24;1;0;24/06/2026;VILLARROEL;10
13;4554;CAPA RODO PANOSUL 35X50CM SORTIDO;PERFUMARIA E LIMPEZA;85037;24/06/2026;;;12;108;12;0;0;;;6
13;8013;SACO COLORIDO PANOSUL 58X78CM ESP;PERFUMARIA E LIMPEZA;85037;24/06/2026;;;1;0;24;0;0;;;24
14;5694;DETERG YPE 500ML CLEAR CARE;PERFUMARIA E LIMPEZA;84697;24/06/2026;157875;83968;24;0;96;0;0;;;231
14;5696;DETERG YPE 500ML MACA;PERFUMARIA E LIMPEZA;84697;24/06/2026;157875;83968;24;5297;72;0;0;25/06/2026;ALEXANDRE;914
14;806;REFRIG FANTA LARANJA PET 2L;BEBIDAS;84697;24/06/2026;157875;83968;8;520;8;1;0;02/07/2026;BRUNO;158
14;50;AGUA MIN DA PEDRA PET 5L S GAS;BEBIDAS;84697;24/06/2026;157875;83968;4;424;20;7;0;02/07/2026;BRUNO;0
14;847;REFRIG COCA COLA PET 600ML;BEBIDAS;84697;24/06/2026;157875;83968;12;3516;24;0;0;02/07/2026;BRUNO;-29
14;5691;DETERG YPE 500 ML CLEAR;PERFUMARIA E LIMPEZA;84697;24/06/2026;157875;83968;24;4488;24;0;0;25/06/2026;ALEXSANDRO;0
14;21555;PANO PANOSUL MEDIO ESTAMP 45X65 R23;PERFUMARIA E LIMPEZA;85039;24/06/2026;;;12;12;12;0;0;;;36
14;18564;FLANELA ALG PANOSUL 34X50CM AMAR;PERFUMARIA E LIMPEZA;85039;24/06/2026;;;12;12;24;0;0;;;20
14;21557;PANO PTO PANOSUL COLOR C EST;PERFUMARIA E LIMPEZA;85039;24/06/2026;;;12;24;24;0;0;;;37
14;7277;PANO PANOSUL DUPLO 100 ALGODAO;PERFUMARIA E LIMPEZA;85039;24/06/2026;;;14;52;28;0;0;;;7
14;31448;LUVA CHENILLE;PERFUMARIA E LIMPEZA;85039;24/06/2026;;;12;12;12;0;0;;;1
14;21554;PANO PANOSUL MEDIO C BAR 45X65 R24;PERFUMARIA E LIMPEZA;85039;24/06/2026;;;1;108;36;0;0;;;4
14;24138;SC PANOSUL ALVEJADO 48X63CM R 14;PERFUMARIA E LIMPEZA;85039;24/06/2026;;;1;50;50;0;0;;;-10
14;4554;CAPA RODO PANOSUL 35X50CM SORTIDO;PERFUMARIA E LIMPEZA;85039;24/06/2026;;;12;108;12;0;0;;;2
17;3402;CALDO APTI 57G LEGUMES;MERCEARIA;84699;24/06/2026;;;10;236;10;0;0;;;0
17;24138;SC PANOSUL ALVEJADO 48X63CM R 14;PERFUMARIA E LIMPEZA;85041;24/06/2026;;;1;50;50;0;0;;;42
17;31448;LUVA CHENILLE;PERFUMARIA E LIMPEZA;85041;24/06/2026;;;12;12;12;0;0;;;20
17;8018;SACO PANOSUL 60X68CM XADREZ;PERFUMARIA E LIMPEZA;85041;24/06/2026;;;25;0;100;0;0;;;173
17;18564;FLANELA ALG PANOSUL 34X50CM AMAR;PERFUMARIA E LIMPEZA;85041;24/06/2026;;;12;12;48;0;0;;;43
17;21555;PANO PANOSUL MEDIO ESTAMP 45X65 R23;PERFUMARIA E LIMPEZA;85041;24/06/2026;;;12;12;60;0;0;;;71
17;21554;PANO PANOSUL MEDIO C BAR 45X65 R24;PERFUMARIA E LIMPEZA;85041;24/06/2026;;;1;108;24;0;0;;;58
17;18563;FLANELA ALG PANOSUL AMAR;PERFUMARIA E LIMPEZA;85041;24/06/2026;;;1;0;36;0;0;;;31
17;7277;PANO PANOSUL DUPLO 100 ALGODAO;PERFUMARIA E LIMPEZA;85041;24/06/2026;;;14;52;28;0;0;;;33
17;21557;PANO PTO PANOSUL COLOR C EST;PERFUMARIA E LIMPEZA;85041;24/06/2026;;;12;24;60;0;0;;;7
17;21553;PANO PANOSUL FELPUDO ESTAMP 38X63CM;PERFUMARIA E LIMPEZA;85041;24/06/2026;;;12;0;24;0;0;;;62
17;4554;CAPA RODO PANOSUL 35X50CM SORTIDO;PERFUMARIA E LIMPEZA;85041;24/06/2026;;;12;108;12;0;0;;;28
17;8013;SACO COLORIDO PANOSUL 58X78CM ESP;PERFUMARIA E LIMPEZA;85041;24/06/2026;;;1;0;36;0;0;;;69
18;5696;DETERG YPE 500ML MACA;PERFUMARIA E LIMPEZA;84701;24/06/2026;157879;83984;24;5297;144;0;0;25/06/2026;ALEXSANDRO;924
18;20651;MASSA DOMELLY SEMOLA 1KG PARAF;MERCEARIA;84701;24/06/2026;157879;83984;10;17;10;1;0;;JOSE ANTONIO;2
18;22705;RACAO DODOG PEQ RACAS 1KG;PRODUTOS PET;84701;24/06/2026;157879;83984;10;1365;40;5;0;;JOSE ANTONIO;-30
18;34306;REFRIG COCA COLA PET 1L;BEBIDAS;84701;24/06/2026;157879;83984;6;30;6;0;0;01/07/2026;FERNANDO.H;141
18;2812;MACARRAO INST NISSIN 500G YAKISSOBA;MERCEARIA;84701;24/06/2026;157879;83984;20;279;20;0;0;;JOSE ANTONIO;8
18;3452;SOPAO MAGGI 200G CARNE LEGUMES;MERCEARIA;84701;24/06/2026;157879;83984;24;0;24;0;0;;JOSE ANTONIO;0
18;5698;DETERG YPE 500ML LIMAO;PERFUMARIA E LIMPEZA;84701;24/06/2026;157879;83984;24;4665;72;0;0;;;81
18;3443;SOPAO APTI 180G GALINHA VEGET;MERCEARIA;84701;24/06/2026;157879;83984;12;36;12;1;0;;JOSE ANTONIO;33
18;32712;CREME NEILAR CEBOLA 60G;MERCEARIA;84701;24/06/2026;157879;83984;18;0;18;1;0;;JOSE ANTONIO;3
18;5695;DETERG YPE 500ML COCO;PERFUMARIA E LIMPEZA;84701;24/06/2026;157879;83984;24;4800;120;0;0;;;310
18;3437;SOPA CEBOLA MAGGI 68G;MERCEARIA;84701;24/06/2026;157879;83984;12;84;24;3;0;;JOSE ANTONIO;0
18;2789;MACARRAO CUP NOODLES 68G GAL CAIP PICANT;MERCEARIA;84701;24/06/2026;157879;83984;24;144;24;1;0;;JOSE ANTONIO;1
18;5692;DETERG YPE 500 ML NEUTRO;PERFUMARIA E LIMPEZA;84701;24/06/2026;157879;83984;24;6384;120;0;0;;;429
18;2818;MASSA C OVOS STA FELICIDADE 500G PARAFUSO;MERCEARIA;84701;24/06/2026;157879;83984;20;2200;20;0;0;;JOSE ANTONIO;785
18;3681;TEMP ODERICH 300G AVES;MERCEARIA;84701;24/06/2026;157879;83984;24;0;24;1;0;;JOSE ANTONIO;19
18;20680;MAS PENNE MOSMANN INT C CHIA 400G;MERCEARIA;84701;24/06/2026;157879;83984;6;0;6;2;0;;JOSE ANTONIO;14
18;22679;RAC 4PATAS GATOS CASTRADOS 1K;PRODUTOS PET;84701;24/06/2026;157879;83984;10;331;20;2;0;;JOSE ANTONIO;0
18;22632;QJO RAL KIFORMAGGIO TRAD 250G;MERCEARIA;84701;24/06/2026;157879;83984;20;0;20;2;0;;JOSE ANTONIO;0
18;20683;MASSA SEMOLA GERMANI 500G PENNE;MERCEARIA;84701;24/06/2026;157879;83984;20;0;40;2;0;;JOSE ANTONIO;0
18;2941;MASSA S OVOS NORDESTE 1KG PARAFUSO;MERCEARIA;84701;24/06/2026;157879;83984;10;4,45;10;1;0;;JOSE ANTONIO;35
18;22695;RAC CAO QUATRO PAT PREM 1K;PRODUTOS PET;84701;24/06/2026;157879;83984;10;189;20;2;0;;JOSE ANTONIO;6
18;37429;AGUA SANITARIA SUPREMA 5 L;PERFUMARIA E LIMPEZA;84701;24/06/2026;;;3;48;6;0;0;;;0
18;18748;FRALDA DESC FERINHA JUMBINHO C 18 M;PERFUMARIA E LIMPEZA;84701;24/06/2026;157879;83984;12;0;12;0;0;27/06/2026;ALEXSANDRO;8
18;2806;MACARRAO INST NISSIN ESP 500G T3;MERCEARIA;84701;24/06/2026;157879;83984;20;260;40;3;3;;JOSE ANTONIO;18
18;3390;CALDO GALINHA APTI 114G;MERCEARIA;84701;24/06/2026;157879;83984;30;0;30;0;0;;JOSE ANTONIO;35
18;3751;TEMP ARISCO 300G ALHO SAL;MERCEARIA;84701;24/06/2026;157879;83984;24;0;24;1;0;;JOSE ANTONIO;19
18;20338;MAC INST NISSIN CHICO BENTO 75G GAL C TOM;MERCEARIA;84701;24/06/2026;157879;83984;50;637;50;1;0;;JOSE ANTONIO;6
18;2881;MASSA C OVOS PARATI 400G ESPAGUETE;MERCEARIA;84701;24/06/2026;157879;83984;25;95;50;2;0;;JOSE ANTONIO;6
18;20363;MAC INST NISSIN C 6 L P GAL CAIP;MERCEARIA;84701;24/06/2026;157879;83984;12;12;72;9;0;;JOSE ANTONIO;326
18;4039;ALIM GATO BIFFE CAT 1KG ESPECIAL;PRODUTOS PET;84701;24/06/2026;157879;83984;8;566;16;2;0;;JOSE ANTONIO;2
18;33939;RACAO ALPO 10 1KG FILHOTES;PRODUTOS PET;84701;24/06/2026;157879;83984;1;0;1;1;0;;JOSE ANTONIO;5
18;5694;DETERG YPE 500ML CLEAR CARE;PERFUMARIA E LIMPEZA;84701;24/06/2026;157879;83984;24;0;144;0;0;;;350
18;5215;CR DEN COLGATE T ACAO XTRA 70G WHITE;PERFUMARIA E LIMPEZA;84701;24/06/2026;157879;83984;12;0;12;0;0;27/06/2026;ALEXSANDRO;2
18;5691;DETERG YPE 500 ML CLEAR;PERFUMARIA E LIMPEZA;84701;24/06/2026;157879;83984;24;4488;24;0;0;27/06/2026;ALEXSANDRO;288
18;3769;VINAGRE ALCOOL KOLLER 500ML;MERCEARIA;84701;24/06/2026;157879;83984;12;1092;12;1;0;;JOSE ANTONIO;13,25
18;2908;MASSA C OVOS ISABELA 500G LINGUINE;MERCEARIA;84701;24/06/2026;157879;83984;20;182;40;2;0;;JOSE ANTONIO;-7
18;2859;MASSA C OVOS NORDESTE 500G ESPAGUETE;MERCEARIA;84701;24/06/2026;157879;83984;15;240;90;6;0;;JOSE ANTONIO;40
18;9296;DET LIQ GOTA LIMPA 1L LIMAO;PERFUMARIA E LIMPEZA;84701;24/06/2026;157879;83984;12;2640;12;0;0;27/06/2026;ALEXSANDRO;47
18;18747;FRALDA DESC FERINHA JUMBINHO C/16 G;PERFUMARIA E LIMPEZA;84701;24/06/2026;157879;83984;12;4;12;0;0;27/06/2026;ALEXSANDRO;4
18;20311;MAC CUP NOODLES 68PARMEGIANA;MERCEARIA;84701;24/06/2026;157879;83984;24;192;24;0;1;;JOSE ANTONIO;10
18;17415;DET PO GOTA LIMPA 800G HARMONIA;PERFUMARIA E LIMPEZA;84701;24/06/2026;157879;83984;20;0;20;0;0;27/06/2026;ALEXSANDRO;0
18;1015;TEMP EXTREMO SABOR 1 01K ALHO E SAL;MERCEARIA;84701;24/06/2026;157879;83984;6;0;6;1;0;;JOSE ANTONIO;6
18;20624;MAS FUSILLI BARILLA 500G;MERCEARIA;84701;24/06/2026;157879;83984;12;-12;12;1;0;;JOSE ANTONIO;8
18;20320;MAC INST ISABELA 70G CAR ZR FRITU;MERCEARIA;84701;24/06/2026;157879;83984;50;45;350;7;0;;JOSE ANTONIO;140
18;20600;MAS CASEIRA MOSMANN TOPE 400G;MERCEARIA;84701;24/06/2026;157879;83984;20;59;20;1;0;;JOSE ANTONIO;25
18;3976;ALIM CAO ALPO AD 10 1KG CAR FGO CER VEG;PRODUTOS PET;84701;24/06/2026;157879;83984;1;1;1;1;0;;JOSE ANTONIO;1
18;3794;VINAGRE VINHO KOLLER 750ML BRANCO;MERCEARIA;84701;24/06/2026;157879;83984;12;12;12;1;0;;JOSE ANTONIO;23
18;21555;PANO PANOSUL MEDIO ESTAMP 45X65 R23;PERFUMARIA E LIMPEZA;85043;24/06/2026;;;12;12;60;0;0;;;91
18;18564;FLANELA ALG PANOSUL 34X50CM AMAR;PERFUMARIA E LIMPEZA;85043;24/06/2026;;;12;12;24;0;0;;;51
18;7277;PANO PANOSUL DUPLO 100 ALGODAO;PERFUMARIA E LIMPEZA;85043;24/06/2026;;;14;52;28;0;0;;;17
18;21554;PANO PANOSUL MEDIO C BAR 45X65 R24;PERFUMARIA E LIMPEZA;85043;24/06/2026;;;1;108;24;0;0;;;50
18;21557;PANO PTO PANOSUL COLOR C EST;PERFUMARIA E LIMPEZA;85043;24/06/2026;;;12;24;24;0;0;;;65
1;4238;AP MACH 3 ACQUA GRIP REGULAR;PERFUMARIA E LIMPEZA;85500;25/06/2026;158987;84186;1;1879;60;60;0;02/07/2026;TEIXEIRA;42
2;48;AGUA MIN FLORESTA PET 500ML C GAS;BEBIDAS;85352;25/06/2026;158757;83970;12;215;192;0;0;02/07/2026;FERNANDO.H;2587
2;13;AGUA MIN CRYSTAL PET 1 5L C GAS;BEBIDAS;85352;25/06/2026;158757;83970;6;78;24;0;0;02/07/2026;FERNANDO.H;30
2;19315;COT HASTES FLEX COTTONBABY PT 100UN;PERFUMARIA E LIMPEZA;85352;25/06/2026;158757;83970;1;8;2;2;0;02/07/2026;BRUNO ANTUNES;59
2;4250;AP PRESTOBARBA 3 CHAMPIONS UN;PERFUMARIA E LIMPEZA;85352;25/06/2026;158757;83970;1;-8;10;10;0;02/07/2026;BRUNO ANTUNES;0
2;4258;AP PROBAK II LV7 PG5;PERFUMARIA E LIMPEZA;85352;25/06/2026;158757;83970;1;14;1;1;0;02/07/2026;BRUNO ANTUNES;109
2;4259;AP PRESTOBARBA ULTRA GRIP 2UN;PERFUMARIA E LIMPEZA;85352;25/06/2026;158757;83970;12;972;12;1;0;02/07/2026;BRUNO ANTUNES;97
2;1059;ALFAJOR EL AGUILA 60G CHOC BRANCO;MERCEARIA;85352;25/06/2026;158757;83970;12;1716;48;0;0;02/07/2026;TEIXEIRA;0
2;1348;CHOC BATON GAROTO 16G CREME MOR;MERCEARIA;85352;25/06/2026;158757;83970;30;210;60;2;0;02/07/2026;TEIXEIRA;0
2;12173;ABS GERIAMAX POS PARTO OPERAT C 20;PERFUMARIA E LIMPEZA;85352;25/06/2026;158757;83970;6;120;6;0;0;02/07/2026;ERICA;3
2;817;REFRIG FRUKI GUARANA ZR PET 2L GUARANA ZERO;BEBIDAS;85352;25/06/2026;158757;83970;6;138;6;0;0;02/07/2026;FERNANDO.H;0
2;34564;CREME JOAO E MARIA 40G P ASSADURA;PERFUMARIA E LIMPEZA;85352;25/06/2026;158757;83970;1;33;6;6;0;02/07/2026;BRUNO ANTUNES;1
2;4256;AP PRESTOBARBA ULTRAGRIP 3L CART2UN;PERFUMARIA E LIMPEZA;85352;25/06/2026;158757;83970;1;2;1;1;0;02/07/2026;BRUNO ANTUNES;0
2;7933;SABONETE NIVEA 85G ERVA DOCE OLEOS;PERFUMARIA E LIMPEZA;85352;25/06/2026;158757;83970;96;960;96;0;0;02/07/2026;ERICA;233
2;830;REFRIG SPRITE PET 2L;BEBIDAS;85352;25/06/2026;158757;83970;8;0;8;0;0;02/07/2026;FERNANDO.H;487
2;25;AGUA MIN DA PEDRA PET 2L C GAS;BEBIDAS;85352;25/06/2026;158757;83970;6;132;18;0;0;02/07/2026;FERNANDO.H;17
2;1400;CHOC CARIBE GAROTO 28G CANDYBAR;MERCEARIA;85352;25/06/2026;158757;83970;30;0;30;1;0;02/07/2026;TEIXEIRA;16
2;8561;TALCO VINI LADY 200G BABY LAVANDA;PERFUMARIA E LIMPEZA;85352;25/06/2026;158757;83970;12;0;12;1;0;02/07/2026;BRUNO ANTUNES;0
2;834;REFRIG ANTARCTICA GUARANA PET 3L;BEBIDAS;85352;25/06/2026;158757;83970;4;409;124;0;0;02/07/2026;FERNANDO.H;199
3;24639;TCO CORP JAYLUC 80G ROSAS;PERFUMARIA E LIMPEZA;85354;25/06/2026;158758;83971;12;48;12;1;1;03/07/2026;JESSICA M;-1
3;8791;ABS MILI NOTURNO C ABAS 8UN;PERFUMARIA E LIMPEZA;85354;25/06/2026;158758;83971;36;0;36;0;0;27/06/2026;ALEXSANDRO;100
3;52;AGUA MIN FLORESTA PET 5L S GAS;BEBIDAS;85354;25/06/2026;158758;83971;4;28;112;0;0;27/06/2026;ANDRIELLY;0
3;2368;FEIJAO VERMELHO SERRA URUGUAI 500G;MERCEARIA;85354;25/06/2026;158758;83971;20;459;20;0;0;;;20
3;113;CERV ORIGINAL1L RETORNAVEL;BEBIDAS;85354;25/06/2026;158758;83971;12;456;24;0;0;27/06/2026;ANDRIELLY;26
3;20434;MAMAD LOLLY CLEAN 250ML;PERFUMARIA E LIMPEZA;85354;25/06/2026;158758;83971;6;0;6;0;0;03/07/2026;JESSICA M;4
3;56;AGUA MIN DA PEDRA LT 350ML LIM E ALE;BEBIDAS;85407;25/06/2026;158906;84106;12;72;12;0;0;25/06/2026;MIKAEL;0
3;566;REPOS POWERADE 500ML FTAS TROPICAIS;BEBIDAS;85407;25/06/2026;158906;84106;6;36;18;0;0;25/06/2026;MIKAEL;145
3;66;AGUA MIN DA PEDRA PET 350ML C GAS;BEBIDAS;85407;25/06/2026;158906;84106;12;0;84;0;0;25/06/2026;MIKAEL;0
3;656;SUCO DEL VALLE FRUT TP 1L UVA;BEBIDAS;85407;25/06/2026;158906;84106;6;12;18;0;0;25/06/2026;MIKAEL;57
3;813;REFRIGC COLA FRUKI PET 2 L COLA;BEBIDAS;85407;25/06/2026;158906;84106;6;0;6;1;1;25/06/2026;MIKAEL;19
3;228;CERV AMSTEL LAGER LN 355ML;BEBIDAS;85407;25/06/2026;158906;84106;12;84;60;0;0;25/06/2026;MIKAEL;36
3;369;REFRE FRUKITO PET 2L LIMAO;BEBIDAS;85407;25/06/2026;158906;84106;6;126;30;2;2;25/06/2026;MIKAEL;33
3;823;REFRIG FRUKI PET 2L UVA;BEBIDAS;85407;25/06/2026;158906;84106;6;45;24;0;0;02/07/2026;JOCELAINE;57
3;538;GATORADE 500ML FRUTAS CITRICAS;BEBIDAS;85407;25/06/2026;158906;84106;6;0;18;3;3;25/06/2026;MIKAEL;12
3;817;REFRIG FRUKI GUARANA ZR PET 2L GUARANA ZERO;BEBIDAS;85407;25/06/2026;158906;84106;6;138;18;0;0;25/06/2026;MIKAEL;-1
3;25;AGUA MIN DA PEDRA PET 2L C GAS;BEBIDAS;85407;25/06/2026;158906;84106;6;132;30;1;1;25/06/2026;MIKAEL;69
3;12;AGUA MIN AGUA DA PEDRA PET 1 5L S GAS;BEBIDAS;85407;25/06/2026;158906;84106;6;0;42;7;7;25/06/2026;MIKAEL;167
3;486;ENERG BALY LT 250ML MACA VERDE;BEBIDAS;85407;25/06/2026;158906;84106;6;6;6;0;0;25/06/2026;MIKAEL;23
3;84;AGUA TONICA FRUKI LT 350ML;BEBIDAS;85407;25/06/2026;158906;84106;12;144;48;0;0;25/06/2026;MIKAEL;3
3;13;AGUA MIN CRYSTAL PET 1 5L C GAS;BEBIDAS;85407;25/06/2026;158906;84106;6;78;54;0;0;25/06/2026;MIKAEL;135
3;830;REFRIG SPRITE PET 2L;BEBIDAS;85407;25/06/2026;158906;84106;8;0;8;0;0;25/06/2026;MIKAEL;988
3;396;ENERG MONSTER LT 473ML ULTRA;BEBIDAS;85407;25/06/2026;158906;84106;6;15;12;0;0;25/06/2026;MIKAEL;38
3;37304;REFRIG FRUKI LAB PASSION LT 350ML;BEBIDAS;85407;25/06/2026;158906;84106;12;24;12;0;0;25/06/2026;MIKAEL;0
3;855;REFRIG FRUKI PET 600ML GUARANA;BEBIDAS;85407;25/06/2026;158906;84106;12;108;12;0;0;25/06/2026;MIKAEL;0
3;34748;ENERG ELEV PET 2L PINK LEMON ZERO;BEBIDAS;85407;25/06/2026;158906;84106;6;0;6;0;0;25/06/2026;MIKAEL;0
3;34749;CERV BELLAVISTA LT 350ML ZERO;BEBIDAS;85407;25/06/2026;158906;84106;12;60;12;0;0;25/06/2026;MIKAEL;336
3;646;SUCO DEL VALLE FRUT PET 1 5L UVA;BEBIDAS;85407;25/06/2026;158906;84106;6;0;30;0;0;25/06/2026;MIKAEL;143
3;403;ENERG ELEV LT 473 ML ACAI COCO;BEBIDAS;85407;25/06/2026;158906;84106;6;0;18;0;0;02/07/2026;JOCELAINE;27
3;38652;AP PRESTO2 ULTRAGRIP FIXO BAG C 5;PERFUMARIA E LIMPEZA;85605;25/06/2026;159288;84696;1;0;30;30;20;06/07/2026;MONIQUE;0
3;35622;MACARRAO INST UFO 95G TOMATE;MERCEARIA;85619;25/06/2026;159369;84433;12;0;60;5;0;;;205
4;9291;DESINF YPE BAK 1L FLORAL;PERFUMARIA E LIMPEZA;85348;25/06/2026;166881;;12;-48;25;0;0;;;0
4;15585;CARGA GILLETTE MACH3 C 2;PERFUMARIA E LIMPEZA;85506;25/06/2026;158990;84189;4;2392;40;10;0;03/07/2026;ALEXSANDER;13
4;986;OLEO SOJA VITALIV PET 900ML;MERCEARIA;85529;25/06/2026;159014;84189;20;140;60;0;0;26/06/2026;MARCOS M;53
5;1059;ALFAJOR EL AGUILA 60G CHOC BRANCO;MERCEARIA;85356;25/06/2026;158759;83982;12;1716;24;2;2;03/07/2026;ERICA;1
5;2296;ERVILHA YOKI PARTIDA 400GR;PERECIVEIS;85356;25/06/2026;158759;83982;16;111;32;0;0;25/06/2026;BRUNO;67
5;3686;TEMP BICARBONATO SODIO APTI 100G;MERCEARIA;85356;25/06/2026;158759;83982;20;180;20;0;0;03/07/2026;ERICA;5
5;2747;FARINHA TRIGO ROSESOL 5KG;MERCEARIA;85356;25/06/2026;158759;83982;5;30;5;0;0;25/06/2026;BRUNO;1
5;22914;REPARADOR PONTAS JAYLUC 30ML BLIND QUERAT;PERFUMARIA E LIMPEZA;85356;25/06/2026;158759;83982;24;170;24;1;0;04/07/2026;ERICA;65
5;2449;TRIGO P KIBE JUREIA 500G;MERCEARIA;85356;25/06/2026;158759;83982;12;0;12;0;0;06/07/2026;ALEXSANDRO;25
5;2368;FEIJAO VERMELHO SERRA URUGUAI 500G;MERCEARIA;85356;25/06/2026;158759;83982;20;459;60;0;0;;;1
5;2150;ARROZ BCO REQUINTE TP1 5KG;MERCEARIA;85356;25/06/2026;158759;83982;6;2180;54;0;0;25/06/2026;BRUNO;233
5;1298;CHOC BARRA NESTLE SUFLAIR DUO 80G;MERCEARIA;85356;25/06/2026;158759;83982;64;64;64;0;0;03/07/2026;ERICA;-2
5;15764;CESTA BASICA MED;MERCEARIA;85356;25/06/2026;158760;83982;1;0;6;0;0;25/06/2026;BRUNO;4
5;1397;CHOC NESTLE CHOKITO 32G UN;MERCEARIA;85356;25/06/2026;158759;83982;30;30;30;1;1;03/07/2026;ERICA;25
5;3642;SAL REFINADO CISNE 1KG;MERCEARIA;85356;25/06/2026;158759;83982;10;0;10;0;0;25/06/2026;BRUNO;23
5;12289;AGUA SANIT IMPERIAL 1L;PERFUMARIA E LIMPEZA;85356;25/06/2026;158759;83982;12;0;12;0;0;27/06/2026;ALEXSANDRO;12
5;2637;ERVA MATE PONCHE VERDE 1KG LAMINADO;MERCEARIA;85356;25/06/2026;158759;83982;10;70;10;0;0;25/06/2026;BRUNO;5
5;15494;CANJICA AMARELA JUREIA 500G;MERCEARIA;85356;25/06/2026;158759;83982;12;29;12;0;0;06/07/2026;ALEXSANDRO;1
5;1416;CHOC SNICKERS 45G;MERCEARIA;85356;25/06/2026;158759;83982;20;220;20;0;0;03/07/2026;ERICA;52
5;4238;AP MACH 3 ACQUA GRIP REGULAR;PERFUMARIA E LIMPEZA;85508;25/06/2026;158991;84190;1;1879;60;60;60;04/07/2026;ERICA;15
5;15585;CARGA GILLETTE MACH3 C 2;PERFUMARIA E LIMPEZA;85508;25/06/2026;158991;84190;4;2392;40;0;0;04/07/2026;ERICA;27
5;12452;AMEND BCO BELLA DICA 400G;MERCEARIA;85569;25/06/2026;159077;84280;12;4100;120;10;0;;;31
6;2681;FARINHA MANDIOCA YOKI 500G TORRADA;MERCEARIA;85358;25/06/2026;158761;83969;24;0;24;0;0;03/07/2026;GABRIELL2;25
6;2698;KIMILHO YOKI 500G FLOCAO;MERCEARIA;85358;25/06/2026;158761;83969;12;6;12;0;0;03/07/2026;GABRIELL2;18
6;8791;ABS MILI NOTURNO C ABAS 8UN;PERFUMARIA E LIMPEZA;85358;25/06/2026;158761;83969;36;0;36;0;0;27/06/2026;AUGUSTO;29
6;34564;CREME JOAO E MARIA 40G P ASSADURA;PERFUMARIA E LIMPEZA;85358;25/06/2026;158761;83969;1;33;11;0;0;04/07/2026;AUGUSTO;0
6;8284;SH PANTENE 175ML BIOTINAMINA;PERFUMARIA E LIMPEZA;85358;25/06/2026;158761;83969;6;78;6;1;1;04/07/2026;AUGUSTO;15
6;3380;CALDO KNORR 114G CARNE;MERCEARIA;85358;25/06/2026;158761;83969;10;15;10;0,1;0,1;03/07/2026;ERICA;0
6;6909;LIMP PERF YPE 500ML JARDIM SECRETO;PERFUMARIA E LIMPEZA;85358;25/06/2026;158761;83969;24;144;24;0;0;27/06/2026;ALEXSANDRO;-7
6;5032;COND PANTENE 175ML RESTAUR PROFUND;PERFUMARIA E LIMPEZA;85358;25/06/2026;158761;83969;6;12;6;0;0;04/07/2026;AUGUSTO;8
6;17317;DESOD ROLLON REXONA 50ML XTRA COOL;PERFUMARIA E LIMPEZA;85358;25/06/2026;158761;83969;12;540;12;0;0;04/07/2026;AUGUSTO;-1
6;8232;SH HEAD SHOULDERS 200ML PREV QUEDA;PERFUMARIA E LIMPEZA;85358;25/06/2026;158761;83969;6;24;12;2;2;04/07/2026;AUGUSTO;9
6;8561;TALCO VINI LADY 200G BABY LAVANDA;PERFUMARIA E LIMPEZA;85358;25/06/2026;158761;83969;12;0;12;1;1;04/07/2026;AUGUSTO;1
6;12278;AGUA OXIG BUTTERF 20V 100ML;PERFUMARIA E LIMPEZA;85358;25/06/2026;158761;83969;12;24;12;1;1;04/07/2026;AUGUSTO;5
6;8149;SH ANTIC CLEAR 200ML MEN LIMPEZA PROFUND;PERFUMARIA E LIMPEZA;85358;25/06/2026;158761;83969;12;36;12;1;1;04/07/2026;AUGUSTO;15
6;3400;BARRA CEREAL RITTER 25G BAN AVEIA MEL;MERCEARIA;85358;25/06/2026;158761;83969;24;120;24;0;0;03/07/2026;ERICA;14
6;4258;AP PROBAK II LV7 PG5;PERFUMARIA E LIMPEZA;85358;25/06/2026;158761;83969;1;14;1;1;1;04/07/2026;AUGUSTO;20
6;4499;BUCHA VEGETAL VINI LADY 5003;PERFUMARIA E LIMPEZA;85358;25/06/2026;158761;83969;1;0;1;1;1;04/07/2026;AUGUSTO;7
6;12280;AGUA OXIG BUTTERF 40V 100ML;PERFUMARIA E LIMPEZA;85358;25/06/2026;158761;83969;12;24;12;0;0;04/07/2026;AUGUSTO;18
6;15732;CERA LIQ GIRANDO SOL 750ML INCOLOR;PERFUMARIA E LIMPEZA;85358;25/06/2026;158761;83969;12;216;12;0;0;27/06/2026;ALEXSANDRO;7
6;2368;FEIJAO VERMELHO SERRA URUGUAI 500G;MERCEARIA;85358;25/06/2026;158761;83969;20;459;40;0;0;;;21
6;687;ESP GARIBALDI PRIMICIAS GF 660ML ROSE;BEBIDAS;85358;25/06/2026;158761;83969;1;19;1;0;0;03/07/2026;ERICA;8
6;1445;CHOC NEUGEBAUER STIKADINHO 61 5G;MERCEARIA;85358;25/06/2026;158761;83969;56;14;56;1;1;03/07/2026;ERICA;13
6;17309;DESOD ROLLON REXONA 50ML F POWDER;PERFUMARIA E LIMPEZA;85358;25/06/2026;158761;83969;12;300;12;0;0;04/07/2026;AUGUSTO;10
6;4254;AP PRESTOBARBA 3 LV4 PG3 MASCULINO;PERFUMARIA E LIMPEZA;85510;25/06/2026;158992;84191;6;516;60;10;10;04/07/2026;ERICA;30
6;15585;CARGA GILLETTE MACH3 C 2;PERFUMARIA E LIMPEZA;85510;25/06/2026;158992;84191;4;2392;40;0;0;04/07/2026;ERICA;39
6;4238;AP MACH 3 ACQUA GRIP REGULAR;PERFUMARIA E LIMPEZA;85510;25/06/2026;158992;84191;1;1879;60;0;0;04/07/2026;ERICA;19
6;4263;AP VENUS SIMPLY 2UN;PERFUMARIA E LIMPEZA;85510;25/06/2026;158992;84191;12;132;24;1;1;03/07/2026;MONIQUE;16
7;1058;ALFAJOR EL AGUILA 60G CHOC;MERCEARIA;85360;25/06/2026;158762;83983;12;924;12;1;1;03/07/2026;ERICA;1
7;34564;CREME JOAO E MARIA 40G P ASSADURA;PERFUMARIA E LIMPEZA;85360;25/06/2026;158762;83983;1;33;5;0;0;06/07/2026;MONIQUE;0
7;1059;ALFAJOR EL AGUILA 60G CHOC BRANCO;MERCEARIA;85360;25/06/2026;158762;83983;12;1716;24;2;2;03/07/2026;ERICA;2
7;1416;CHOC SNICKERS 45G;MERCEARIA;85360;25/06/2026;158762;83983;20;220;80;0;0;03/07/2026;ERICA;27
7;3524;FERM QUIMICO PO FLEISCHMANN PT 100G;MERCEARIA;85360;25/06/2026;158762;83983;12;120;24;0;0;03/07/2026;ERICA;21
7;1849;DROPS FREEGELLS 27 9G EXTRA FORTE;MERCEARIA;85360;25/06/2026;158762;83983;12;1188;12;1;1;03/07/2026;ERICA;7
7;1397;CHOC NESTLE CHOKITO 32G UN;MERCEARIA;85360;25/06/2026;158762;83983;30;30;90;3;3;03/07/2026;ERICA;0
7;22916;REPARADOR PONTAS JAYLUC 30ML OLEO ARGAN;PERFUMARIA E LIMPEZA;85360;25/06/2026;158762;83983;24;1;24;1;1;06/07/2026;MONIQUE;23
7;24893;TINTURA MAXTON POUCH 140G 5 0 CASTANHO CL;PERFUMARIA E LIMPEZA;85360;25/06/2026;158762;83983;6;0;6;1;1;06/07/2026;MONIQUE;0
7;1282;CHOC BARRA LACTA AO LEITE 80G;MERCEARIA;85360;25/06/2026;158762;83983;17;85;34;0;0;03/07/2026;ERICA;91
7;3686;TEMP BICARBONATO SODIO APTI 100G;MERCEARIA;85360;25/06/2026;158762;83983;20;180;40;2;2;03/07/2026;ERICA;0
7;3384;CALDO GALINHA APTI 57G;MERCEARIA;85360;25/06/2026;158762;83983;120;480;120;0;0;03/07/2026;ERICA;0
7;2368;FEIJAO VERMELHO SERRA URUGUAI 500G;MERCEARIA;85360;25/06/2026;158762;83983;20;459;60;0;0;;;7
7;587;GIN OLD BRIDGE VD 900ML ROSE;BEBIDAS;85360;25/06/2026;158762;83983;1;3;2;0;0;03/07/2026;ERICA;4
7;4238;AP MACH 3 ACQUA GRIP REGULAR;PERFUMARIA E LIMPEZA;85512;25/06/2026;158993;84192;1;1879;60;60;60;06/07/2026;MONIQUE;26
7;12452;AMEND BCO BELLA DICA 400G;MERCEARIA;85573;25/06/2026;159079;84282;12;4100;120;10;0;;;13
8;2805;POLENTA GERMANI 500G PERDIZ;MERCEARIA;85362;25/06/2026;158763;83980;12;9;12;0;0;06/07/2026;LUIGGI;22
8;687;ESP GARIBALDI PRIMICIAS GF 660ML ROSE;BEBIDAS;85362;25/06/2026;158763;83980;1;19;1;0;0;03/07/2026;ERICA;6
8;1416;CHOC SNICKERS 45G;MERCEARIA;85362;25/06/2026;158763;83980;20;220;20;1;0;03/07/2026;ERICA;28
8;7936;SABONETE NIVEA 85G LAVANDA;PERFUMARIA E LIMPEZA;85362;25/06/2026;158763;83980;96;1056;96;1;0;06/07/2026;ERICA;10
8;1847;DROPS FREEGELLS 27 9G VIT C CITRUS;MERCEARIA;85362;25/06/2026;158763;83980;12;108;12;1;1;03/07/2026;ERICA;336
8;8561;TALCO VINI LADY 200G BABY LAVANDA;PERFUMARIA E LIMPEZA;85362;25/06/2026;158763;83980;12;0;12;1;0;06/07/2026;ERICA;-2
8;1059;ALFAJOR EL AGUILA 60G CHOC BRANCO;MERCEARIA;85362;25/06/2026;158763;83980;12;1716;24;2;2;03/07/2026;ERICA;0
8;648;WHISKY MASTER GOLD VD 900ML;BEBIDAS;85362;25/06/2026;158763;83980;1;85;1;0;0;03/07/2026;ERICA;-3
8;1397;CHOC NESTLE CHOKITO 32G UN;MERCEARIA;85362;25/06/2026;158763;83980;30;30;90;3;3;03/07/2026;ERICA;18
8;1395;CHOC NESTLE PRESTIGIO 33G UN;MERCEARIA;85362;25/06/2026;158763;83980;30;0;30;1;0;03/07/2026;ERICA;19
8;34564;CREME JOAO E MARIA 40G P ASSADURA;PERFUMARIA E LIMPEZA;85362;25/06/2026;158763;83980;1;33;2;2;0;06/07/2026;ERICA;16
8;2368;FEIJAO VERMELHO SERRA URUGUAI 500G;MERCEARIA;85362;25/06/2026;158763;83980;20;459;60;0;0;;;-22
11;12273;AGUA MIN DA PEDRA LT 350ML BER CAPIM LIM;BEBIDAS;85364;25/06/2026;158765;83977;12;24;12;0;0;;BRUNO ANTUNES;8
11;1058;ALFAJOR EL AGUILA 60G CHOC;MERCEARIA;85364;25/06/2026;158765;83977;12;924;24;0;0;03/07/2026;AUGUSTO;-23
11;128;CERV SKOL PILSEN GF 300ML RETORNAVEL;BEBIDAS;85364;25/06/2026;158765;83977;23;644;69;0;0;;BRUNO ANTUNES;34
11;432;COQUETEL BUCANERO PET 790ML;BEBIDAS;85364;25/06/2026;158765;83977;12;708;12;0;0;;BRUNO ANTUNES;10
11;821;REFRIG FRUKI PET 2L LIMAO;BEBIDAS;85364;25/06/2026;158765;83977;6;0;30;0;0;;BRUNO ANTUNES;3
11;856;REFRIG FRUKI PET 600ML LARANJA;BEBIDAS;85364;25/06/2026;158765;83977;12;0;12;0;0;;BRUNO ANTUNES;0
11;832;REFRIG SUKITA PET 2L LARANJA;BEBIDAS;85364;25/06/2026;158765;83977;8;537;8;0;0;;BRUNO ANTUNES;43
11;7232;OLEO KING 100ML MULTIUSO;PERFUMARIA E LIMPEZA;85364;25/06/2026;158765;83977;6;42;6;0;0;06/07/2026;ERICA;21
11;17313;DESOD ROLLON REXONA 50ML MEN ANTIBAC;PERFUMARIA E LIMPEZA;85364;25/06/2026;158765;83977;12;0;12;1;1;06/07/2026;ERICA;7
11;744;REFRIG FRUKI PET 1 5L GUARANA ZERO;BEBIDAS;85364;25/06/2026;158765;83977;6;-6;6;0;0;;BRUNO ANTUNES;32
11;389;ENERG MONSTER LT 473ML GREEN;BEBIDAS;85364;25/06/2026;158765;83977;6;1490;6;0;0;;BRUNO ANTUNES;60
11;431;ENERG BALY PET 2L FRUTA TROPICAIS;BEBIDAS;85364;25/06/2026;158765;83977;6;229;6;0;0;;BRUNO ANTUNES;6
11;903;REFRIG PEPSI BLACK LT 350ML;BEBIDAS;85364;25/06/2026;158765;83977;12;2160;12;0;0;;BRUNO ANTUNES;2
11;820;REFRIG FRUKI PET 2L LARANJINHA;BEBIDAS;85364;25/06/2026;158765;83977;6;6;6;0;0;;BRUNO ANTUNES;3
11;289;CERV SOL PREMIUM LN 330ML;BEBIDAS;85364;25/06/2026;158765;83977;24;300;24;0;0;;BRUNO ANTUNES;0
11;17309;DESOD ROLLON REXONA 50ML F POWDER;PERFUMARIA E LIMPEZA;85364;25/06/2026;158765;83977;12;300;12;0;0;06/07/2026;ERICA;3
11;15757;CERV IMPERIO PILSEN LT 473ML PURO MALTE;BEBIDAS;85364;25/06/2026;158765;83977;12;1164;48;0;0;;BRUNO ANTUNES;60
11;9291;DESINF YPE BAK 1L FLORAL;PERFUMARIA E LIMPEZA;85364;25/06/2026;158765;91112;12;-48;11;0;0;;;0
11;9125;COND DARLING 350ML CERAMIDAS;PERFUMARIA E LIMPEZA;85364;25/06/2026;158765;83977;6;0;6;1;1;06/07/2026;ALEXSANDER;3
11;14;AGUA SABORIZ H2OH PET 1 5L LIMAO;BEBIDAS;85364;25/06/2026;158765;83977;6;0;6;0;0;;BRUNO ANTUNES;12
11;34496;CERV BELLAVISTA PILSEN LT 473ML;BEBIDAS;85364;25/06/2026;158765;83977;12;973;48;0;0;;BRUNO ANTUNES;136
11;408;ENERG ELEV LT 473 ML ZERO;BEBIDAS;85364;25/06/2026;158765;83977;6;162;60;0;0;;BRUNO ANTUNES;7
11;889;REFRIG COCA COLA LT 350ML;BEBIDAS;85364;25/06/2026;158765;83977;12;48;12;0;0;;BRUNO ANTUNES;0
11;1416;CHOC SNICKERS 45G;MERCEARIA;85364;25/06/2026;158765;83977;20;220;40;0;0;03/07/2026;AUGUSTO;13
11;4564;CARGA MACH 3 2UN CARBONO;PERFUMARIA E LIMPEZA;85364;25/06/2026;158765;83977;12;12;12;0;0;06/07/2026;ERICA;14
11;847;REFRIG COCA COLA PET 600ML;BEBIDAS;85364;25/06/2026;158765;83977;12;3516;12;0;0;;BRUNO ANTUNES;-32
11;743;REFRIG FRUKI PET 1 5L GUARANA;BEBIDAS;85364;25/06/2026;158765;83977;6;0;6;0;0;;BRUNO ANTUNES;-2
11;824;REFRIG PEPSI PET 2L BLACK;BEBIDAS;85364;25/06/2026;158765;83977;8;520;8;0;0;;BRUNO ANTUNES;281
11;909;REFRIG SPRITE LT 350ML;BEBIDAS;85364;25/06/2026;158765;83977;6;6;6;0;0;;BRUNO ANTUNES;34
11;35228;REFRIG FRUKI FRAMB PET 2L;BEBIDAS;85364;25/06/2026;158765;83977;6;54;18;0;0;;BRUNO ANTUNES;0
11;123;CERV BUDWEISER GF 300ML RETORNAVEL;BEBIDAS;85364;25/06/2026;158765;83977;23;299;23;0;0;;BRUNO ANTUNES;33
11;78;AGUA SABORIZ H2OH PET 500ML LIMAO;BEBIDAS;85364;25/06/2026;158765;83977;12;-24;12;0;0;;BRUNO ANTUNES;0
11;817;REFRIG FRUKI GUARANA ZR PET 2L GUARANA ZERO;BEBIDAS;85364;25/06/2026;158765;83977;6;138;24;0;0;;BRUNO ANTUNES;0
11;3516;FERM PO BIOL GOOD INSTANT SH 125G;MERCEARIA;85364;25/06/2026;158765;83977;12;600;12;0;0;03/07/2026;AUGUSTO;0
11;795;REFRIG COCA COLA PET 2L ZERO;BEBIDAS;85364;25/06/2026;158765;83977;8;1104;56;0;0;;BRUNO ANTUNES;157
11;830;REFRIG SPRITE PET 2L;BEBIDAS;85364;25/06/2026;158765;83977;8;0;8;0;0;;BRUNO ANTUNES;93
11;656;SUCO DEL VALLE FRUT TP 1L UVA;BEBIDAS;85364;25/06/2026;158765;83977;6;12;6;0;0;;BRUNO ANTUNES;5
11;4598;CERV ITAIPAVA MALZBIER LT 350ML;BEBIDAS;85364;25/06/2026;158765;83977;12;2606;12;0;0;;BRUNO ANTUNES;39
11;147;CERV ANTARCTICA PILSEN LT 473ML;BEBIDAS;85364;25/06/2026;158765;83977;12;3794;120;0;0;;BRUNO ANTUNES;395
11;1059;ALFAJOR EL AGUILA 60G CHOC BRANCO;MERCEARIA;85364;25/06/2026;158765;83977;12;1716;24;2;2;03/07/2026;AUGUSTO;1
11;213;CERV SKOL PILSEN LT 473ML;BEBIDAS;85364;25/06/2026;158765;83977;12;27852;72;0;0;;BRUNO ANTUNES;5974
11;834;REFRIG ANTARCTICA GUARANA PET 3L;BEBIDAS;85364;25/06/2026;158765;83977;4;409;20;0;0;;BRUNO ANTUNES;61
11;814;REFRIGC COLA FRUKI PET 2 L COLA ZERO;BEBIDAS;85364;25/06/2026;158765;83977;6;0;24;0;0;;BRUNO ANTUNES;1
11;375;REFRE FRUKITO PET 500ML LIMAO;BEBIDAS;85364;25/06/2026;158765;83977;12;2;12;0;0;;BRUNO ANTUNES;0
11;50;AGUA MIN DA PEDRA PET 5L S GAS;BEBIDAS;85364;25/06/2026;158765;83977;4;424;28;0;0;;BRUNO ANTUNES;23
11;433;ENERG BALY PET 2L MACA VERDE;BEBIDAS;85364;25/06/2026;158765;83977;6;0;6;0;0;;BRUNO ANTUNES;6
11;893;REFRIG COCA COLA ZERO LT 350ML;BEBIDAS;85364;25/06/2026;158765;83977;12;0;12;0;0;;BRUNO ANTUNES;279
11;855;REFRIG FRUKI PET 600ML GUARANA;BEBIDAS;85364;25/06/2026;158765;83977;12;108;12;0;0;;BRUNO ANTUNES;-1
11;1292;CHOC BARRA NESTLE 80G MEIO AMARGO;MERCEARIA;85364;25/06/2026;158765;83977;64;368;64;0;0;03/07/2026;AUGUSTO;38
11;3805;PO P SORVETE APTI 120G CREME;MERCEARIA;85364;25/06/2026;158765;83977;12;12;12;1;1;03/07/2026;AUGUSTO;26
11;4256;AP PRESTOBARBA ULTRAGRIP 3L CART2UN;PERFUMARIA E LIMPEZA;85364;25/06/2026;158765;83977;1;2;1;1;1;06/07/2026;ERICA;0
11;151;CERV BOHEMIA LT 473ML;BEBIDAS;85364;25/06/2026;158765;83977;12;0;12;0;0;;BRUNO ANTUNES;55
11;36829;ENERG BALY LT 473ML TADALA AZULZIN;BEBIDAS;85364;25/06/2026;158765;83977;6;90;12;0;0;;BRUNO ANTUNES;0
11;2098;ARROZ BCO OESTE TP1 2KG;MERCEARIA;85557;25/06/2026;159068;84284;15;345;30;2;0;;;-12
13;9741;LEITE SANTA CLARA LV SEMI DESN 1L;PERECIVEIS;85336;25/06/2026;158748;83978;12;179;12;1;0;25/06/2026;ALEXSANDER;-9
13;6780;LEITE NINHO UHT TP LEVINHO 1L SEMI DESNATADO;PERECIVEIS;85336;25/06/2026;158748;83978;12;48;12;1;0;25/06/2026;ALEXSANDER;-2
13;6797;LEITE UHT PIRACANJUBA 1L SEMI DES ZR LAC;PERECIVEIS;85336;25/06/2026;158748;83978;12;0;132;0;0;25/06/2026;ALEXSANDER;56
13;6790;LEITE UHT NINHO 1L ZERO LACTOSE;PERECIVEIS;85336;25/06/2026;158748;83978;12;12;24;2;0;25/06/2026;ALEXSANDER;-6
13;9756;LEITE TIROL INTEGRAL ZR LACTOSE 1L;PERECIVEIS;85336;25/06/2026;158748;83978;12;0;180;0;0;25/06/2026;ALEXSANDER;-19
13;6787;LEITE LV ELEGE 1L ZERO LAC SEMI DES;PERECIVEIS;85336;25/06/2026;158748;83978;12;238;24;2;0;25/06/2026;ALEXSANDER;-127
13;6781;LEITE LV EDGE ELEGE 1L INTEGRAL;PERECIVEIS;85336;25/06/2026;158748;83978;12;204;12;1;0;25/06/2026;ALEXSANDER;853
13;6799;LEITE SANTA CLARA 1L ZERO LACTOSE;PERECIVEIS;85336;25/06/2026;158748;83978;12;48;12;1;0;25/06/2026;ALEXSANDER;-1
13;2396;MILHO VERDE OLE LT 170G;MERCEARIA;85368;25/06/2026;158769;83978;24;7440;72;3;0;25/06/2026;ALEXSANDER;170
13;986;OLEO SOJA VITALIV PET 900ML;MERCEARIA;85368;25/06/2026;158769;83978;20;140;20;1;0;25/06/2026;ALEXSANDER;120
13;2378;DUETO FUGINI SH 170G ERVILHA MILHO;MERCEARIA;85368;25/06/2026;158769;83978;36;72;72;2;0;25/06/2026;ALEXSANDER;29
13;403;ENERG ELEV LT 473 ML ACAI COCO;BEBIDAS;85368;25/06/2026;158769;83978;6;0;12;0;0;25/06/2026;ALEXSANDER;7
13;2568;MOLHO TOM CAJAMAR SH 300G TRAD;MERCEARIA;85368;25/06/2026;158769;83978;32;288;128;4;0;25/06/2026;ALEXSANDER;36
13;1416;CHOC SNICKERS 45G;MERCEARIA;85368;25/06/2026;158769;83978;20;220;20;0;0;06/07/2026;MONIQUE;16
13;2398;MILHO VERDE ODERICH LT 200G;MERCEARIA;85368;25/06/2026;158769;83978;24;717;192;8;0;25/06/2026;ALEXSANDER;261
13;868;MAIONESE HELLMANNS SH 1KG;MERCEARIA;85368;25/06/2026;158769;83978;12;288;12;1;0;25/06/2026;ALEXSANDER;29
14;840;REFRIG PEPSI PET 3L;BEBIDAS;85370;25/06/2026;158771;83968;4;352;4;1;0;02/07/2026;BRUNO;42
14;50;AGUA MIN DA PEDRA PET 5L S GAS;BEBIDAS;85370;25/06/2026;158771;83968;4;424;8;7;0;02/07/2026;BRUNO;0
14;207;CERV SCHIN PILSEN LT 473ML;BEBIDAS;85370;25/06/2026;158771;83968;12;14955;12;1;0;02/07/2026;BRUNO;1226
17;8791;ABS MILI NOTURNO C ABAS 8UN;PERFUMARIA E LIMPEZA;85372;25/06/2026;158773;83974;36;0;36;0;0;27/06/2026;ALEXSANDRO;36
17;5327;CR PENT VINI LADY 290G BRILHO INTENSO;PERFUMARIA E LIMPEZA;85372;25/06/2026;158773;83974;24;48;24;1;0;06/07/2026;ERICA;8
17;2368;FEIJAO VERMELHO SERRA URUGUAI 500G;MERCEARIA;85372;25/06/2026;158773;83974;20;459;80;0;0;;;23
17;4244;AP PRESTOBARBA 3 2UN FEM;PERFUMARIA E LIMPEZA;85522;25/06/2026;158998;86421;12;0;60;3;0;;;48
17;4238;AP MACH 3 ACQUA GRIP REGULAR;PERFUMARIA E LIMPEZA;85522;25/06/2026;158998;86421;1;1879;60;60;0;;;60
17;4253;AP PRESTOBARBA 3 LV4 PG3 FEMININO;PERFUMARIA E LIMPEZA;85522;25/06/2026;158998;86421;6;288;30;0;0;;;64
17;15585;CARGA GILLETTE MACH3 C 2;PERFUMARIA E LIMPEZA;85522;25/06/2026;158998;86421;4;2392;80;20;0;;;99
17;4254;AP PRESTOBARBA 3 LV4 PG3 MASCULINO;PERFUMARIA E LIMPEZA;85522;25/06/2026;158998;86421;6;516;60;10;0;;;108
17;4263;AP VENUS SIMPLY 2UN;PERFUMARIA E LIMPEZA;85522;25/06/2026;158998;86421;12;132;24;2;0;;;36
17;38652;AP PRESTO2 ULTRAGRIP FIXO BAG C 5;PERFUMARIA E LIMPEZA;85605;25/06/2026;159287;84685;1;0;20;30;20;03/07/2026;ALEXSANDER;0
18;3676;TEMP COMPLETO ODERICH 300G C PIMENTA;MERCEARIA;85374;25/06/2026;158775;83984;24;0;24;0;0;;JOSE ANTONIO;13
18;20363;MAC INST NISSIN C 6 L P GAL CAIP;MERCEARIA;85374;25/06/2026;158775;83984;12;12;36;9;0;;JOSE ANTONIO;326
18;8791;ABS MILI NOTURNO C ABAS 8UN;PERFUMARIA E LIMPEZA;85374;25/06/2026;158775;83984;36;0;36;0;0;27/06/2026;AUGUSTO;43
18;2212;ARROZ PARBO PRATO FINO TP1 1KG;MERCEARIA;85374;25/06/2026;158775;83984;10;0;10;1;0;;;22
18;5691;DETERG YPE 500 ML CLEAR;PERFUMARIA E LIMPEZA;85374;25/06/2026;158775;83984;24;4488;48;0;0;27/06/2026;ALEXSANDRO;288
18;3449;SOPAO MAGGI 200G GALINHA CAIPIRA;MERCEARIA;85374;25/06/2026;158775;83984;24;0;24;0;0;;JOSE ANTONIO;-17
18;2856;MASSA C OVOS NORDESTE 500G PENNE;MERCEARIA;85374;25/06/2026;158775;83984;15;120;15;1;0;;JOSE ANTONIO;35
18;3437;SOPA CEBOLA MAGGI 68G;MERCEARIA;85374;25/06/2026;158775;83984;12;84;12;3;0;;JOSE ANTONIO;0
18;5646;DESOD GLADE 269ML AUTM RF BRISA CITRICA;PERFUMARIA E LIMPEZA;85374;25/06/2026;158775;83984;6;0;6;0;0;27/06/2026;ALEXSANDRO;6
18;22705;RACAO DODOG PEQ RACAS 1KG;PRODUTOS PET;85374;25/06/2026;158775;83984;10;1365;10;5;0;;JOSE ANTONIO;-30
18;21910;PET FRISKIES 40G SALMAO;PRODUTOS PET;85374;25/06/2026;158775;83984;15;0;15;1;0;;JOSE ANTONIO;-4
18;20601;MAS CAS PASTAMIA C OVOS 400G FETTUCCINE;MERCEARIA;85374;25/06/2026;158775;83984;24;96;24;1;0;;JOSE ANTONIO;12
18;22632;QJO RAL KIFORMAGGIO TRAD 250G;MERCEARIA;85374;25/06/2026;158775;83984;20;0;20;2;0;;JOSE ANTONIO;0
18;20680;MAS PENNE MOSMANN INT C CHIA 400G;MERCEARIA;85374;25/06/2026;158775;83984;6;0;6;2;0;;JOSE ANTONIO;14
18;2806;MACARRAO INST NISSIN ESP 500G T3;MERCEARIA;85374;25/06/2026;158775;83984;20;260;20;3;3;;JOSE ANTONIO;18
18;2541;ERVA MATE SEIVA PURA 500G COM ACUCAR;MERCEARIA;85441;25/06/2026;158934;84146;1;26;30;0;0;25/06/2026;SANTA MARIA;63
18;13401;BISC DOCE NESTLE CHOCO TRIO 90G AVELA;MERCEARIA;85441;25/06/2026;158934;84146;12;192;36;0;0;26/06/2026;JESSICA;40
18;2617;ERVA MATE SEIVA PURA 1KG NATIVA COM ACUCAR;MERCEARIA;85441;25/06/2026;158934;84146;1;7;3;1;1;25/06/2026;SANTA MARIA;364
1;7425;PEDRA SANITARIA SANI SOL 20G JASMIN;PERFUMARIA E LIMPEZA;85772;26/06/2026;159678;84684;144;1296;144;0;0;02/07/2026;BRUNO ANTUNES;49
1;5250;CR DENT CLOSE UP 70G TRIPLE HORTELA;PERFUMARIA E LIMPEZA;85772;26/06/2026;159678;84684;72;2304;72;0;0;02/07/2026;BRUNO ANTUNES;73
1;10144;SAB FARNESE 180G AVEIA ESFOL;PERFUMARIA E LIMPEZA;85772;26/06/2026;159678;84684;36;324;72;0;0;02/07/2026;BRUNO ANTUNES;0
1;3365;CALDO APTI 19G COSTELA;MERCEARIA;85772;26/06/2026;159678;84684;24;96;48;2;0;02/07/2026;ERICA;0
1;617;VODKA INTENCION LT 473ML;BEBIDAS;85772;26/06/2026;159678;84684;6;6;6;0;0;27/06/2026;CAROLINA;0
1;196;REFRE PO PROMIX 100G LARANJA;BEBIDAS;85772;26/06/2026;159678;84684;18;18;18;0;0;27/06/2026;CAROLINA;0
1;1849;DROPS FREEGELLS 27 9G EXTRA FORTE;MERCEARIA;85772;26/06/2026;159678;84684;12;1188;36;3;0;02/07/2026;ERICA;-1762
1;3383;CALDO APTI 19G GALINHA;MERCEARIA;85772;26/06/2026;159678;84684;24;600;48;2;0;02/07/2026;ERICA;0
1;200;REFRE PO PROMIX 100G MORANGO;BEBIDAS;85772;26/06/2026;159678;84684;18;0;18;0;0;27/06/2026;CAROLINA;2
1;194;REFRE PO PROMIX 100G ABACAXI;BEBIDAS;85772;26/06/2026;159678;84684;18;18;18;0;0;27/06/2026;CAROLINA;0
1;3397;CALDO APTI 19G LEGUMES;MERCEARIA;85772;26/06/2026;159678;84684;24;3648;48;2;0;02/07/2026;ERICA;0
1;4258;AP PROBAK II LV7 PG5;PERFUMARIA E LIMPEZA;85772;26/06/2026;159678;84684;1;14;71;71;0;02/07/2026;ERICA;50
1;16874;CR DEN SORRISO 120G TRIPLA LIMPEZA COMPLETA;PERFUMARIA E LIMPEZA;85772;26/06/2026;159678;84684;72;0;72;0;0;02/07/2026;BRUNO ANTUNES;23
1;33720;COQUETEL CHICOTE PET 500ML LIMAO;BEBIDAS;85772;26/06/2026;159678;84684;12;0;12;0;0;27/06/2026;CAROLINA;6
1;18741;FRALDA DESC FERINHA HIPER C 42 GG;PERFUMARIA E LIMPEZA;85772;26/06/2026;159678;84684;6;8;6;0;0;02/07/2026;BRUNO ANTUNES;0
1;896;REFRIG FANTA LARANJA LT 350ML;BEBIDAS;85772;26/06/2026;159678;84684;6;1225;6;0;0;27/06/2026;CAROLINA;9
1;7424;PEDRA SANITARIA SANI SOL 20G FLORAL;PERFUMARIA E LIMPEZA;85772;26/06/2026;159678;84684;144;3456;144;0;0;02/07/2026;BRUNO ANTUNES;141
1;3363;CALDO APTI 19G CARNE;MERCEARIA;85772;26/06/2026;159678;84684;24;3984;48;2;0;02/07/2026;ERICA;0
2;806;REFRIG FANTA LARANJA PET 2L;BEBIDAS;85774;26/06/2026;159680;84698;8;520;216;0;0;02/07/2026;ALEXSANDER;683
2;38619;SH DOVE UMECTACAO E COCO 370ML;PERFUMARIA E LIMPEZA;85774;26/06/2026;159680;84698;1;1;1;1;0;02/07/2026;MONIQUE;0
2;4256;AP PRESTOBARBA ULTRAGRIP 3L CART2UN;PERFUMARIA E LIMPEZA;85774;26/06/2026;159680;84698;1;2;1;0;0;02/07/2026;ERICA;0
2;6132;FRALDA DESC LOOMPIG JUMBINHO P 18 UN;PERFUMARIA E LIMPEZA;85774;26/06/2026;159680;84698;8;0;8;0;0;02/07/2026;BRUNO ANTUNES;5
2;5275;CR DENTAL TANDY 50G MORANGO;PERFUMARIA E LIMPEZA;85774;26/06/2026;159680;84698;12;72;24;0;0;02/07/2026;BRUNO ANTUNES;2
2;5845;ESC DENTAL ORAL B INDICAT35 L2P1;PERFUMARIA E LIMPEZA;85774;26/06/2026;159680;84698;1;6;1;0;0;02/07/2026;ERICA;5
2;19204;GLIC VEGETAL JAY LUC 100ML;PERFUMARIA E LIMPEZA;85774;26/06/2026;159680;84698;1;3;4;0;0;02/07/2026;ERICA;1
2;37222;BOMBOM GAROTO FINOS 220G SORTIDOS;MERCEARIA;86107;26/06/2026;160075;84995;30;14281;600;20;0;;;281
3;2509;ERVA MATE PONCHE VERDE 500G MOIDA GROSSA;MERCEARIA;85776;26/06/2026;159681;84685;20;0;440;0;0;02/07/2026;JESSICA;258
3;5574;DESOD AERO OLD SPICE 124G LENHA;PERFUMARIA E LIMPEZA;85776;26/06/2026;159681;84685;12;60;12;1;0;03/07/2026;ALEXSANDER;12
3;5845;ESC DENTAL ORAL B INDICAT35 L2P1;PERFUMARIA E LIMPEZA;85776;26/06/2026;159681;84685;1;6;1;1;0;03/07/2026;ALEXSANDER;5
3;20280;LUVA CONF LATEX XG AMARELA;PERFUMARIA E LIMPEZA;85776;26/06/2026;159681;84685;12;96;24;2;0;03/07/2026;ALEXSANDER;0
3;38201;MINI MAM LOLLY CLEAN 50ML F;PERFUMARIA E LIMPEZA;85776;26/06/2026;159681;84685;6;0;6;1;0;03/07/2026;ALEXSANDER;10
3;817;REFRIG FRUKI GUARANA ZR PET 2L GUARANA ZERO;BEBIDAS;85776;26/06/2026;159681;84685;6;138;6;1;0;02/07/2026;FERNANDO.H;-1
3;4499;BUCHA VEGETAL VINI LADY 5003;PERFUMARIA E LIMPEZA;85776;26/06/2026;159681;84685;1;0;1;1;0;03/07/2026;ALEXSANDER;2
3;52;AGUA MIN FLORESTA PET 5L S GAS;BEBIDAS;85776;26/06/2026;159681;84685;4;28;12;3;0;02/07/2026;FERNANDO.H;0
3;8966;CARVAO CHAMA CAMPEIRA 5KG;NAO ALIMENTO;85776;26/06/2026;159681;84685;1;462;11;11;0;02/07/2026;FERNANDO.H;50
3;37119;CR DENTAL ORAL B EXTRA BCO 180GR;PERFUMARIA E LIMPEZA;85776;26/06/2026;159681;84685;24;22;24;1;1;03/07/2026;MONIQUE;0
3;4250;AP PRESTOBARBA 3 CHAMPIONS UN;PERFUMARIA E LIMPEZA;85776;26/06/2026;159681;84685;1;-8;1;1;0;03/07/2026;ALEXSANDER;21
3;4995;COND MONANGE 325ML LISOS TE QUERO;PERFUMARIA E LIMPEZA;85776;26/06/2026;159681;84685;12;60;12;1;1;03/07/2026;MONIQUE;6
3;34;AGUA MIN DA PEDRA PET 500ML C GAS;BEBIDAS;85776;26/06/2026;159681;84685;12;7;12;1;0;02/07/2026;FERNANDO.H;322
3;6243;GEL VINI LADY 220G FIXADOR AZUL;PERFUMARIA E LIMPEZA;85776;26/06/2026;159681;84685;24;0;24;0;0;03/07/2026;MONIQUE;24
3;5394;CREME PENT SEDA 1KG SUPER HIDRAT;PERFUMARIA E LIMPEZA;85776;26/06/2026;159681;84685;6;54;6;0;0;03/07/2026;MONIQUE;5
3;20247;LOCAO POS BARBA JAYLUC 100G;PERFUMARIA E LIMPEZA;85776;26/06/2026;159681;84685;1;0;10;10;0;03/07/2026;ALEXSANDER;13
3;5302;CR PENT SEDA 300ML CACH DEFINIDOS;PERFUMARIA E LIMPEZA;85776;26/06/2026;159681;84685;12;24;12;0;0;03/07/2026;MONIQUE;3
3;34845;ALVEJ BARBAREX 2L S CLORO;PERFUMARIA E LIMPEZA;86172;26/06/2026;162926;86774;6;732;12;0;0;;;0
3;17177;DESINF GOTA LIMPA 2L PINHO;PERFUMARIA E LIMPEZA;86172;26/06/2026;162926;86774;6;30;12;0;0;;;-11
3;7835;DET PO GOTA LIMPA 800G EQUILIBRIO;PERFUMARIA E LIMPEZA;86172;26/06/2026;162926;86774;20;140;60;0;0;;;-18
3;12381;ALVEJ AQUAFAST 5L S CLORO;PERFUMARIA E LIMPEZA;86172;26/06/2026;162926;86774;4;27;8;0;0;;;9
3;4210;AMAC GIRANDO SOL 5L ROSA;PERFUMARIA E LIMPEZA;86172;26/06/2026;162926;86774;4;152;8;0;0;;;3
3;17191;DESINF IMPERIAL 5L PINHO;PERFUMARIA E LIMPEZA;86172;26/06/2026;162926;86774;4;24;8;0;0;;;0
3;33941;DET PO GIRANDO SOL SH 800G COCO BAUN;PERFUMARIA E LIMPEZA;86172;26/06/2026;162926;86774;25;472;50;0;0;;;3
4;3686;TEMP BICARBONATO SODIO APTI 100G;MERCEARIA;85832;26/06/2026;159711;84686;20;180;40;2;0;03/07/2026;ERICA;-1
4;5509;DESOD AERO AXE 152ML 90G MARINE;PERFUMARIA E LIMPEZA;85832;26/06/2026;159711;84686;12;984;12;1;0;03/07/2026;MONIQUE;65
4;1894;DROPS FREEGELLS 27 6G CEREJA CHOC;MERCEARIA;85832;26/06/2026;159711;84686;12;336;24;2;0;03/07/2026;ERICA;31
4;4259;AP PRESTOBARBA ULTRA GRIP 2UN;PERFUMARIA E LIMPEZA;85832;26/06/2026;159711;84686;12;972;12;1;0;03/07/2026;ALEXSANDER;12
4;20280;LUVA CONF LATEX XG AMARELA;PERFUMARIA E LIMPEZA;85832;26/06/2026;159711;84686;12;96;24;2;0;03/07/2026;ALEXSANDER;-29
4;3414;BARRA CEREAL RITTER 22G CAST PARA;MERCEARIA;85832;26/06/2026;159711;84686;24;912;24;1;0;03/07/2026;ERICA;41
4;4177;AMAC DOWNY 1 5L BRISA INTENSO;PERFUMARIA E LIMPEZA;86083;26/06/2026;160060;85783;9;585;9;1;0;30/06/2026;AUGUSTO;13
4;12404;AMACIANTE DOWNY 1 5L BRISA SUAVE;PERFUMARIA E LIMPEZA;86083;26/06/2026;160060;85783;9;405;27;3;0;30/06/2026;AUGUSTO;34
4;2413;MILHO PIPOCA YOKI 400G TRAD;MERCEARIA;86334;26/06/2026;160448;85783;28;1763;140;5;0;;;0
5;33722;COQUETEL CHICOTE PET 500ML MORANGO;BEBIDAS;85778;26/06/2026;159683;84687;12;0;12;0;0;27/06/2026;JESSICA;3
5;22916;REPARADOR PONTAS JAYLUC 30ML OLEO ARGAN;PERFUMARIA E LIMPEZA;85778;26/06/2026;159683;84687;24;1;48;2;2;04/07/2026;ERICA;30
5;533;ENERG RED BULL LT 355ML;BEBIDAS;85778;26/06/2026;159683;84687;4;148;16;0;0;27/06/2026;JESSICA;3
5;106;REFRE PO FRISCO 18G LARANJA C ACER;BEBIDAS;85778;26/06/2026;159683;84687;180;180;180;0;0;27/06/2026;JESSICA;0
5;3893;ABS C ABAS DIA NOITE 32 UN SUAVE;PERFUMARIA E LIMPEZA;85778;26/06/2026;159683;84687;16;175;16;0;0;27/06/2026;ALEXSANDRO;5
5;18747;FRALDA DESC FERINHA JUMBINHO C/16 G;PERFUMARIA E LIMPEZA;85778;26/06/2026;159683;84687;12;4;12;0;0;27/06/2026;ALEXSANDRO;0
5;300;VH SANGUE BOI TINTO 750ML SV;BEBIDAS;85778;26/06/2026;159683;84687;6;4692;6;0;0;27/06/2026;JESSICA;318
5;95;REFRE PO FRISCO 18G MORANGO;BEBIDAS;85778;26/06/2026;159683;84687;180;180;360;0;0;27/06/2026;JESSICA;0
5;22915;REPARADOR PONTAS JAYLUC 30ML CERAMIDAS;PERFUMARIA E LIMPEZA;85778;26/06/2026;159683;84687;24;85;48;2;2;04/07/2026;ERICA;73
5;3853;ENERG ELEV LT 473ML MOR MELANCIA;BEBIDAS;85778;26/06/2026;159683;84687;6;12;6;0;0;27/06/2026;JESSICA;9
5;2925;ACHOC LIQ ITALAC 1L;MERCEARIA;85778;26/06/2026;159683;84687;12;0;12;0;0;27/06/2026;JESSICA;0
5;12289;AGUA SANIT IMPERIAL 1L;PERFUMARIA E LIMPEZA;85778;26/06/2026;159683;84687;12;0;12;0;0;27/06/2026;ALEXSANDRO;12
5;2672;FARINHA MANDIOCA CBS 500G;MERCEARIA;85778;26/06/2026;159683;84687;12;24;12;0;0;03/07/2026;TEIXEIRA;3
5;15494;CANJICA AMARELA JUREIA 500G;MERCEARIA;85778;26/06/2026;159683;84687;12;29;12;0;0;03/07/2026;TEIXEIRA;1
5;33720;COQUETEL CHICOTE PET 500ML LIMAO;BEBIDAS;85778;26/06/2026;159683;84687;12;0;12;0;0;27/06/2026;JESSICA;0
5;386;ENERG MONSTER LT 473ML ABSOLUT ZERO;BEBIDAS;85778;26/06/2026;159683;84687;6;330;12;0;0;27/06/2026;JESSICA;1
5;9231;CR TRAT VINI LADY SC 700G COCO NUTRICAO;PERFUMARIA E LIMPEZA;85778;26/06/2026;159683;84687;12;0;12;1;0;03/07/2026;MONIQUE;0
5;767;REFRIG FRUKI COLA PET 200ML COLA;BEBIDAS;85778;26/06/2026;159683;84687;12;0;12;0;0;27/06/2026;JESSICA;12
5;219;CERV STELLA ARTOIS LT 473ML;BEBIDAS;86415;26/06/2026;160500;85256;12;3684;60;5;0;;;63
5;50;AGUA MIN DA PEDRA PET 5L S GAS;BEBIDAS;86415;26/06/2026;160500;85256;4;424;80;20;0;;;1
6;35160;CERV SKOL BEATS GREEN LT 269ML MIX;BEBIDAS;85780;26/06/2026;159684;84692;8;24;16;2;0;;;0
6;35675;ESC DENT COLGATE SENSITIVE;PERFUMARIA E LIMPEZA;85780;26/06/2026;159684;84692;1;3;1;0;0;04/07/2026;ERICA;5
6;34306;REFRIG COCA COLA PET 1L;BEBIDAS;85780;26/06/2026;159684;84692;6;30;36;6;0;;;208
6;213;CERV SKOL PILSEN LT 473ML;BEBIDAS;85780;26/06/2026;159684;84692;12;27852;144;12;0;;;5866
6;2280;CANJICA AMARELA CBS 400G;MERCEARIA;85780;26/06/2026;159684;84692;12;48;12;0;0;06/07/2026;ALEXSANDRO;1
6;29708;CHOC BARRA LACTA LAKA 28G;MERCEARIA;85780;26/06/2026;159684;84692;12;24;12;0;0;03/07/2026;ERICA;-5
6;3642;SAL REFINADO CISNE 1KG;MERCEARIA;85780;26/06/2026;159684;84692;10;0;10;0;0;06/07/2026;ALEXSANDRO;20
6;2805;POLENTA GERMANI 500G PERDIZ;MERCEARIA;85780;26/06/2026;159684;84692;12;9;12;1;0;;;0
6;3383;CALDO APTI 19G GALINHA;MERCEARIA;85780;26/06/2026;159684;84692;24;600;48;2;2;03/07/2026;ERICA;56
6;5850;ESC DENTAL ORAL B PRO;PERFUMARIA E LIMPEZA;85780;26/06/2026;159684;84692;12;0;72;6;6;04/07/2026;ERICA;5
6;2747;FARINHA TRIGO ROSESOL 5KG;MERCEARIA;85780;26/06/2026;159684;84692;5;30;5;0;0;06/07/2026;ALEXSANDRO;-5
6;38616;CD SEDA COLAGENO VIT INT 250ML;PERFUMARIA E LIMPEZA;85780;26/06/2026;159684;84692;1;1;1;0;0;03/07/2026;MONIQUE;0
6;9589;GEL ADES HIGISOL LAVANDA;PERFUMARIA E LIMPEZA;85780;26/06/2026;159684;84692;12;0;12;1;1;03/07/2026;MONIQUE;5
6;38619;SH DOVE UMECTACAO E COCO 370ML;PERFUMARIA E LIMPEZA;85780;26/06/2026;159684;84692;1;1;1;0;0;03/07/2026;MONIQUE;0
6;20415;MAMAD CEFISA SIL 240ML;PERFUMARIA E LIMPEZA;85780;26/06/2026;159684;84692;12;216;12;1;1;04/07/2026;ERICA;-10
6;4499;BUCHA VEGETAL VINI LADY 5003;PERFUMARIA E LIMPEZA;85780;26/06/2026;159684;84692;1;0;1;1;1;04/07/2026;ERICA;7
6;2629;ERVA MATE PONCHE VERDE 1KG MOIDA GROSSA;MERCEARIA;85780;26/06/2026;159684;84692;20;0;260;0;0;06/07/2026;ALEXSANDRO;0
6;2785;FAROFA MANDIOCA YOKI 200G C TEMPERO SUAVE;MERCEARIA;85780;26/06/2026;159684;84692;14;0;14;0;0;06/07/2026;ALEXSANDRO;13
6;3431;SOPA GALINHA MAGGI 60G FIDELINI;MERCEARIA;85780;26/06/2026;159684;84692;10;59;10;0;0;03/07/2026;ERICA;11
6;1269;CHOC BARRA LACTA 80G LAKA;MERCEARIA;85780;26/06/2026;159684;84692;17;68;17;0;0;03/07/2026;ERICA;0
6;1276;CHOC BARRA GAROTO 80G MEIO AMARGO;MERCEARIA;85780;26/06/2026;159684;84692;16;80;16;0;0;03/07/2026;ERICA;49
6;3512;FERM PO BIOL GOOD INSTANT SH 10G;MERCEARIA;85780;26/06/2026;159684;84692;30;6180;30;0;0;03/07/2026;ERICA;-28
6;289;CERV SOL PREMIUM LN 330ML;BEBIDAS;85780;26/06/2026;159684;84692;24;300;24;1;0;;;18
6;1058;ALFAJOR EL AGUILA 60G CHOC;MERCEARIA;85780;26/06/2026;159684;84692;12;924;12;1;1;03/07/2026;ERICA;8
6;24310;SH COTTONBABY SNOOPY 200ML TOQUE ALGODAO;PERFUMARIA E LIMPEZA;85780;26/06/2026;159684;84692;12;12;12;0;0;04/07/2026;BRUNO ANTUNES;6
6;2046;ARROZ ARBOREO PILECCO 1KG;MERCEARIA;85780;26/06/2026;159684;84692;10;10;10;0;0;06/07/2026;ALEXSANDRO;24
6;2637;ERVA MATE PONCHE VERDE 1KG LAMINADO;MERCEARIA;85780;26/06/2026;159684;84692;10;70;10;0;0;06/07/2026;ALEXSANDRO;-1
6;687;ESP GARIBALDI PRIMICIAS GF 660ML ROSE;BEBIDAS;85780;26/06/2026;159684;84692;1;19;1;0;0;03/07/2026;ERICA;8
6;3363;CALDO APTI 19G CARNE;MERCEARIA;85780;26/06/2026;159684;84692;24;3984;48;2;2;03/07/2026;ERICA;36
6;847;REFRIG COCA COLA PET 600ML;BEBIDAS;86179;26/06/2026;160334;85791;12;3516;132;11;0;;;164
6;2413;MILHO PIPOCA YOKI 400G TRAD;MERCEARIA;86338;26/06/2026;160450;85791;28;1763;140;5;0;;;286
6;154;CERV BRAHMA DUPLO MALTE LT 473ML;BEBIDAS;86417;26/06/2026;160501;85257;12;2472;60;5;0;;;212
6;759;REFRIG ANTARCTICA GUARANA PET 200ML;BEBIDAS;86417;26/06/2026;160501;85257;12;1596;60;0;0;27/06/2026;ANDRIELLY;-5
6;52;AGUA MIN FLORESTA PET 5L S GAS;BEBIDAS;86417;26/06/2026;160501;85257;4;28;16;0;0;27/06/2026;ANDRIELLY;-9
6;219;CERV STELLA ARTOIS LT 473ML;BEBIDAS;86417;26/06/2026;160501;85257;12;3684;240;20;0;;;23
6;188;CERV POLAR EXPORT LT 473ML;BEBIDAS;86417;26/06/2026;160501;85257;12;1800;60;0;0;27/06/2026;ANDRIELLY;221
6;50;AGUA MIN DA PEDRA PET 5L S GAS;BEBIDAS;86417;26/06/2026;160501;85257;4;424;80;20;0;;;-16
7;22914;REPARADOR PONTAS JAYLUC 30ML BLIND QUERAT;PERFUMARIA E LIMPEZA;85782;26/06/2026;159685;84688;24;170;24;1;1;30/06/2026;PAMELA;50
7;3433;SOPA CARNE MAGGI 63G CONCHINHAS;MERCEARIA;85782;26/06/2026;159685;84688;10;28;10;0;0;04/07/2026;MONIQUE;21
7;1888;PASTILHA TIC TAC 14 5G MENTA;MERCEARIA;85782;26/06/2026;159685;84688;14;84;14;0;0;04/07/2026;MONIQUE;-3
7;3397;CALDO APTI 19G LEGUMES;MERCEARIA;85782;26/06/2026;159685;84688;24;3648;144;6;6;04/07/2026;MONIQUE;0
7;34564;CREME JOAO E MARIA 40G P ASSADURA;PERFUMARIA E LIMPEZA;85782;26/06/2026;159685;84688;1;33;1;0;0;30/06/2026;PAMELA;0
7;2672;FARINHA MANDIOCA CBS 500G;MERCEARIA;85782;26/06/2026;159685;84688;12;24;12;0;0;06/07/2026;ALEXSANDRO;2
7;8858;AP GILLETTE PROBAK II C 2;PERFUMARIA E LIMPEZA;85782;26/06/2026;159685;84688;14;2184;14;1;1;30/06/2026;PAMELA;19
7;5550;DESOD AERO MONANGE 90G EXTRATO OLIVA;PERFUMARIA E LIMPEZA;85782;26/06/2026;159685;84688;12;588;12;1;1;04/07/2026;ALEXSANDER;1
7;24807;TINGECOR GUARANY MARRON 40G;PERFUMARIA E LIMPEZA;85782;26/06/2026;159685;84688;6;0;6;0;0;26/06/2026;MAYNARA;5
7;1321;CHOC LACTA 145G SHOT;MERCEARIA;85782;26/06/2026;159685;84688;12;12;12;0;0;04/07/2026;MONIQUE;31
7;687;ESP GARIBALDI PRIMICIAS GF 660ML ROSE;BEBIDAS;85782;26/06/2026;159685;84688;1;19;2;0;0;04/07/2026;MONIQUE;12
7;847;REFRIG COCA COLA PET 600ML;BEBIDAS;86419;26/06/2026;160502;85258;12;3516;120;0;0;06/07/2026;TEIXEIRA;21
7;154;CERV BRAHMA DUPLO MALTE LT 473ML;BEBIDAS;86419;26/06/2026;160502;85258;12;2472;60;5;0;;;1
7;38570;CERV PROVINCIA ULTRA GOLD LT 473ML;BEBIDAS;86419;26/06/2026;160502;85258;12;5975;36;0;0;06/07/2026;TEIXEIRA;6
8;1884;PASTILHA TIC TAC 14 5G CITRUS MIX;MERCEARIA;85784;26/06/2026;159686;84691;14;56;14;0;0;04/07/2026;MONIQUE;6
8;21842;PEN BONITTA P PIOLHO R 535;PERFUMARIA E LIMPEZA;85784;26/06/2026;159686;84691;1;0;1;0;0;06/07/2026;MONIQUE;4
8;2373;GRAO DE BICO JUREIA 400G;MERCEARIA;85784;26/06/2026;159686;84691;6;0;6;1;0;;;0
8;3397;CALDO APTI 19G LEGUMES;MERCEARIA;85784;26/06/2026;159686;84691;24;3648;48;2;2;04/07/2026;MONIQUE;58
8;3400;BARRA CEREAL RITTER 25G BAN AVEIA MEL;MERCEARIA;85784;26/06/2026;159686;84691;24;120;24;0;0;04/07/2026;MONIQUE;30
8;1397;CHOC NESTLE CHOKITO 32G UN;MERCEARIA;85784;26/06/2026;159686;84691;30;30;30;1;1;04/07/2026;MONIQUE;18
8;1267;CHOC BARRA LACTA 80G AMARO 40 CACAU;MERCEARIA;85784;26/06/2026;159686;84691;17;17;17;0;0;04/07/2026;MONIQUE;23
8;1746;CHICLE FREEGELLS GUM 8G MELANCIA;MERCEARIA;85784;26/06/2026;159686;84691;15;30;15;0;0;04/07/2026;MONIQUE;-8
8;34564;CREME JOAO E MARIA 40G P ASSADURA;PERFUMARIA E LIMPEZA;85784;26/06/2026;159686;84691;1;33;1;0;0;06/07/2026;MONIQUE;16
8;16074;CHUP CEFISA RED SIL T2;PERFUMARIA E LIMPEZA;85784;26/06/2026;159686;84691;24;240;24;1;1;06/07/2026;MONIQUE;9
8;687;ESP GARIBALDI PRIMICIAS GF 660ML ROSE;BEBIDAS;85784;26/06/2026;159686;84691;1;19;1;0;0;04/07/2026;MONIQUE;6
8;1740;CHICLE FREEGELLS GUM 8G MORANGO;MERCEARIA;85784;26/06/2026;159686;84691;15;870;15;0;0;04/07/2026;MONIQUE;0
8;2786;FAROFA MANDIOCA YOKI 200G TRADICIONAL;MERCEARIA;85784;26/06/2026;159686;84691;14;14;14;1;0;;;36
8;1742;CHICLE FREEGELLS GUM 8G EXTRA FORTE;MERCEARIA;85784;26/06/2026;159686;84691;15;30;30;0;0;04/07/2026;MONIQUE;-24
8;7356;PAPEL HIG DUETTO 4 UN DE 30M PERFUMADO;PERFUMARIA E LIMPEZA;86029;26/06/2026;160003;85880;16;0;80;0;0;30/06/2026;MAYNARA;0
8;191;CERV PROVINCIA MALZBIER LT 473ML;BEBIDAS;86421;26/06/2026;160503;85259;12;2129;240;20;0;;;28
8;219;CERV STELLA ARTOIS LT 473ML;BEBIDAS;86421;26/06/2026;160503;85259;12;3684;240;20;0;;;39
11;5275;CR DENTAL TANDY 50G MORANGO;PERFUMARIA E LIMPEZA;85786;26/06/2026;159687;84689;12;72;24;2;0;06/07/2026;ERICA;15
11;19204;GLIC VEGETAL JAY LUC 100ML;PERFUMARIA E LIMPEZA;85786;26/06/2026;159687;84689;1;3;3;0;0;06/07/2026;MONIQUE;2
11;24366;KIT SH CD COTTONBABY SNOOPY 200ML GOTAS CAMOMILA;PERFUMARIA E LIMPEZA;85786;26/06/2026;159687;84689;6;0;6;1;0;06/07/2026;ERICA;4
11;5510;DESOD AERO AXE 152ML 90G MUSK;PERFUMARIA E LIMPEZA;85786;26/06/2026;159687;84689;12;948;12;1;0;06/07/2026;ERICA;5
11;1276;CHOC BARRA GAROTO 80G MEIO AMARGO;MERCEARIA;85786;26/06/2026;159687;84689;16;80;16;0;0;06/07/2026;MONIQUE;26
11;1426;CHOC BIS XTRA BLACK CHOCOLATE 45G;MERCEARIA;85786;26/06/2026;159687;84689;24;24;24;0;0;06/07/2026;MONIQUE;5
11;3807;PO P SORVETE APTI 120G MOR;MERCEARIA;85786;26/06/2026;159687;84689;12;0;12;0;0;06/07/2026;MONIQUE;24
11;7922;SABONETE LUX 85G BUQUE D JASMIM;PERFUMARIA E LIMPEZA;85786;26/06/2026;159687;84689;108;774;108;1;0;06/07/2026;ERICA;2
11;5309;CR PENT SEDA 300ML LUMINOUS UV;PERFUMARIA E LIMPEZA;85786;26/06/2026;159687;84689;12;12;12;1;0;06/07/2026;ERICA;13
11;24816;TINTURA BELAECOR 147G 3 0 CASTANHO E;PERFUMARIA E LIMPEZA;85786;26/06/2026;159687;84689;6;0;6;0;0;06/07/2026;MONIQUE;12
11;8397;SH VINI LADY 325ML BRILHO INTENSO;PERFUMARIA E LIMPEZA;85786;26/06/2026;159687;84689;12;0;12;1;0;06/07/2026;ERICA;8
11;116;CERV SKOL 1L;BEBIDAS;85786;26/06/2026;159687;84689;12;12;396;0;0;26/06/2026;ALEXSANDER;220
11;6234;GEL DENTAL CLOSE UP 90G ORIG RED HOT;PERFUMARIA E LIMPEZA;85786;26/06/2026;159687;84689;12;286;24;2;0;06/07/2026;ERICA;-24
11;21832;PELUCIA URSO C LACO 17CM;NAO ALIMENTO;85814;26/06/2026;159702;84689;1;0;1;1;0;06/07/2026;MONIQUE;0
11;844;REFRIG ANTARCTICA PET 600ML GUARANA;BEBIDAS;86423;26/06/2026;160504;85260;12;12;12;1;0;;;1
11;191;CERV PROVINCIA MALZBIER LT 473ML;BEBIDAS;86423;26/06/2026;160504;85260;12;2129;60;5;0;;;12
11;847;REFRIG COCA COLA PET 600ML;BEBIDAS;86423;26/06/2026;160504;85260;12;3516;84;7;0;;;-32
12;6602;KIT ELSEVE SH COND 375ML 170ML GLYCOLIC GLOSS;PERFUMARIA E LIMPEZA;85788;26/06/2026;159688;84693;6;0;6;1;0;06/07/2026;ALEXSANDER;8
12;3431;SOPA GALINHA MAGGI 60G FIDELINI;MERCEARIA;85788;26/06/2026;159688;84693;10;59;10;0;0;06/07/2026;MONIQUE;8
12;687;ESP GARIBALDI PRIMICIAS GF 660ML ROSE;BEBIDAS;85788;26/06/2026;159688;84693;1;19;1;0;0;06/07/2026;MONIQUE;4
12;1286;CHOC BARRA NESTLE 80G SUFLAIR;MERCEARIA;85788;26/06/2026;159688;84693;16;-32;32;0;0;06/07/2026;MONIQUE;0
12;3512;FERM PO BIOL GOOD INSTANT SH 10G;MERCEARIA;85788;26/06/2026;159688;84693;30;6180;30;0;0;06/07/2026;MONIQUE;4
12;4230;AMPOLA PANTENE 45ML 3UN TRAT HIDRATA;PERFUMARIA E LIMPEZA;85788;26/06/2026;159688;84693;1;1;1;1;0;06/07/2026;ALEXSANDER;9
12;1430;CHOC KIT KAT 41 5G FINGER AO LEITE;MERCEARIA;85788;26/06/2026;159688;84693;24;4704;24;0;0;06/07/2026;MONIQUE;6
12;2696;FARINHA MILHO PERDIZ 1KG MEDIA;MERCEARIA;86190;26/06/2026;160342;85794;12;-13;36;0;0;;;-1
12;2585;DOCE LEITE MU MU PT 350G CHOC;MERCEARIA;86190;26/06/2026;160342;85794;12;24;36;0;0;;;2
12;1596;BISC SALG CLUB SOCIAL 6UN 141G PIZZA;MERCEARIA;86190;26/06/2026;160342;85794;44;0;88;0;0;;;3
12;1847;DROPS FREEGELLS 27 9G VIT C CITRUS;MERCEARIA;86190;26/06/2026;160342;85794;12;108;24;2;0;07/07/2026;PAMELA;7
12;783;ACHOC PO NESCAU SH 2 01KG;MERCEARIA;86190;26/06/2026;160342;85794;4;496;20;0;0;;;4
12;20612;MASSA SEMOLA GERMANI 500G ESPAG;MERCEARIA;86190;26/06/2026;160342;85794;20;20;40;0;0;;;27
12;1742;CHICLE FREEGELLS GUM 8G EXTRA FORTE;MERCEARIA;86190;26/06/2026;160342;85794;15;30;30;2;0;07/07/2026;PAMELA;0
12;7859;SABAO PO SURF 800G CUIDADO DE COCO;PERFUMARIA E LIMPEZA;86190;26/06/2026;160342;85794;16;0;48;0;0;;;3
13;7933;SABONETE NIVEA 85G ERVA DOCE OLEOS;PERFUMARIA E LIMPEZA;85790;26/06/2026;159690;84694;96;960;96;1;0;06/07/2026;ERICA;97
13;7769;SAB LIQ PAMPERS 200ML GLICERINA;PERFUMARIA E LIMPEZA;85790;26/06/2026;159690;84694;6;6;6;0;0;06/07/2026;ALEXSANDER;0
13;4230;AMPOLA PANTENE 45ML 3UN TRAT HIDRATA;PERFUMARIA E LIMPEZA;85790;26/06/2026;159690;84694;1;1;1;0;0;06/07/2026;ALEXSANDER;22
13;7949;SABON PALMOLIVE NATURALS 150G OLEO NUTRITIVO;PERFUMARIA E LIMPEZA;85790;26/06/2026;159690;84694;72;24;72;0;0;06/07/2026;ALEXSANDER;71
13;7875;SABONETE DOVE 90G ERVA DOCE;PERFUMARIA E LIMPEZA;85790;26/06/2026;159690;84694;48;2661;48;0;0;06/07/2026;ALEXSANDER;78
13;33373;DESO AERO AXE 200ML BLACK ALE E CED;PERFUMARIA E LIMPEZA;85790;26/06/2026;159690;84694;12;912;12;1;1;06/07/2026;ALEXSANDER;55
13;790;REFRIG CHARRUA GUARANA PET 2L;BEBIDAS;85790;26/06/2026;159690;84694;8;-160;336;0;0;01/07/2026;RUBIM;633
13;191;CERV PROVINCIA MALZBIER LT 473ML;BEBIDAS;86427;26/06/2026;160506;85262;12;2129;60;5;0;;;7
13;796;REFRIG COCA COLA E FANTA GUARANA 2L;BEBIDAS;86427;26/06/2026;160506;85262;2;6;4;2;0;;;0
14;2210;ARROZ INTEG PRATO FINO 1KG;MERCEARIA;86009;26/06/2026;159991;84950;10;0;30;3;0;26/06/2026;OTONIEL;-1
14;2439;POPCORN YOKI 100G NATURAL;MERCEARIA;86350;26/06/2026;160456;85790;36;36;36;1;0;;;5
14;847;REFRIG COCA COLA PET 600ML;BEBIDAS;86429;26/06/2026;160507;85263;12;3516;60;5;0;;;-29
14;213;CERV SKOL PILSEN LT 473ML;BEBIDAS;86429;26/06/2026;160507;85263;12;27852;384;32;0;;;1479
14;50;AGUA MIN DA PEDRA PET 5L S GAS;BEBIDAS;86429;26/06/2026;160507;85263;4;424;80;20;0;;;0
14;191;CERV PROVINCIA MALZBIER LT 473ML;BEBIDAS;86429;26/06/2026;160507;85263;12;2129;240;20;0;;;13
17;6787;LEITE LV ELEGE 1L ZERO LAC SEMI DES;PERECIVEIS;85768;26/06/2026;159676;84696;12;238;24;0;0;01/07/2026;RUBIM;-108
17;6790;LEITE UHT NINHO 1L ZERO LACTOSE;PERECIVEIS;85768;26/06/2026;159676;84696;12;12;12;0;0;01/07/2026;RUBIM;-10
17;6799;LEITE SANTA CLARA 1L ZERO LACTOSE;PERECIVEIS;85768;26/06/2026;159676;84696;12;48;480;0;0;01/07/2026;RUBIM;-26
17;33649;SAB LIQ MADE IN BRAZIL 1L CEREJA;PERFUMARIA E LIMPEZA;85794;26/06/2026;159692;84696;12;0;12;1;0;06/07/2026;ERICA;0
17;19204;GLIC VEGETAL JAY LUC 100ML;PERFUMARIA E LIMPEZA;85794;26/06/2026;159692;84696;1;3;6;0;0;06/07/2026;MONIQUE;-13
17;10310;SILICONE DESTAQUE AERO 400ML GERMAN;PERFUMARIA E LIMPEZA;85794;26/06/2026;159692;84696;12;0;12;0;0;26/06/2026;MAYNARA;0
17;8791;ABS MILI NOTURNO C ABAS 8UN;PERFUMARIA E LIMPEZA;85794;26/06/2026;159692;84696;36;0;36;0;0;27/06/2026;ALEXSANDRO;36
17;24643;TCO P PES AMAZONIA 100G MENTOLADO;PERFUMARIA E LIMPEZA;85794;26/06/2026;159692;84696;48;0;48;1;1;06/07/2026;MONIQUE;-10
17;22916;REPARADOR PONTAS JAYLUC 30ML OLEO ARGAN;PERFUMARIA E LIMPEZA;85794;26/06/2026;159692;84696;24;1;72;3;3;06/07/2026;MONIQUE;101
17;17025;CURATIVO COTTONBABY 10UN TRAD;PERFUMARIA E LIMPEZA;85794;26/06/2026;159692;84696;36;0;36;0;0;06/07/2026;MONIQUE;2
17;21842;PEN BONITTA P PIOLHO R 535;PERFUMARIA E LIMPEZA;85794;26/06/2026;159692;84696;1;0;1;1;0;06/07/2026;MONIQUE;4
17;3882;ABS ALWAYS 8UN BASICO P SECA C ABAS;PERFUMARIA E LIMPEZA;85794;26/06/2026;159692;84696;18;108;18;1;0;06/07/2026;ERICA;11
17;1842;DROPS FREEGELLS 27 9G MORANGO;MERCEARIA;85794;26/06/2026;159692;84696;12;12;12;0;0;06/07/2026;MONIQUE;6
17;22117;POM MASSAG BIO FISIOFORT PREMIUM 150ML;PERFUMARIA E LIMPEZA;85794;26/06/2026;159692;84696;12;912;12;0;0;06/07/2026;MONIQUE;0
17;10177;SABON PALMOLIVE NATURALS 85G LEITE ROSAS;PERFUMARIA E LIMPEZA;85794;26/06/2026;159692;84696;108;0;108;1;0;06/07/2026;ERICA;48
17;19803;KIT SH CD PANTENE 300 150ML EQUILIBRIO;PERFUMARIA E LIMPEZA;85794;26/06/2026;159692;84696;6;204;12;2;0;06/07/2026;ERICA;0
17;3397;CALDO APTI 19G LEGUMES;MERCEARIA;85794;26/06/2026;159692;84696;24;3648;144;6;6;06/07/2026;MONIQUE;0
17;3383;CALDO APTI 19G GALINHA;MERCEARIA;85794;26/06/2026;159692;84696;24;600;48;2;2;06/07/2026;MONIQUE;23
17;5250;CR DENT CLOSE UP 70G TRIPLE HORTELA;PERFUMARIA E LIMPEZA;85794;26/06/2026;159692;84696;72;2304;72;1;0;06/07/2026;ERICA;-12
17;3367;CALDO APTI 57G REFOGA CASEIRA;MERCEARIA;85794;26/06/2026;159692;84696;10;2330;10;1;1;06/07/2026;MONIQUE;-12
17;1746;CHICLE FREEGELLS GUM 8G MELANCIA;MERCEARIA;85794;26/06/2026;159692;84696;15;30;15;0;0;06/07/2026;MONIQUE;9
17;7875;SABONETE DOVE 90G ERVA DOCE;PERFUMARIA E LIMPEZA;85794;26/06/2026;159692;84696;48;2661;48;0;0;06/07/2026;MONIQUE;294
17;1843;DROPS FREEGELLS 27 9G CEREJA;MERCEARIA;85794;26/06/2026;159692;84696;12;12;12;0;0;06/07/2026;MONIQUE;1
17;18978;GEL FIX DI HELLEN BRI M ERV DIA DI A 240G;PERFUMARIA E LIMPEZA;85794;26/06/2026;159692;84696;12;48;12;0;0;06/07/2026;MONIQUE;1
17;4259;AP PRESTOBARBA ULTRA GRIP 2UN;PERFUMARIA E LIMPEZA;85794;26/06/2026;159692;84696;12;972;12;1;1;06/07/2026;MONIQUE;28
17;22915;REPARADOR PONTAS JAYLUC 30ML CERAMIDAS;PERFUMARIA E LIMPEZA;85794;26/06/2026;159692;84696;24;85;24;1;1;06/07/2026;MONIQUE;83
17;8308;SH PANTENE 400ML LISO EXTREMO;PERFUMARIA E LIMPEZA;85794;26/06/2026;159692;84696;6;0;6;0;0;06/07/2026;MONIQUE;6
17;6617;KIT SH SEDA SH 300 COND 190ML LISO PERFEITO;PERFUMARIA E LIMPEZA;85794;26/06/2026;159692;84696;15;2925;15;1;0;06/07/2026;ERICA;26
17;3403;CALDO APTI 57G COSTELA;MERCEARIA;85794;26/06/2026;159692;84696;10;60;40;4;4;06/07/2026;MONIQUE;-3
17;3673;LEITE COND ELEGE TP 395G;MERCEARIA;85794;26/06/2026;159692;84696;24;0;24;0;0;01/07/2026;RUBIM;115
17;13059;BANHEIRA ADOLETA INF 20L ROSA BEBE;PERFUMARIA E LIMPEZA;85794;26/06/2026;159692;84696;1;0;1;1;0;06/07/2026;ERICA;0
17;7878;SABONETE DOVE 90G KARITE BAUNILHA;PERFUMARIA E LIMPEZA;85794;26/06/2026;159692;84696;48;3792;48;1;0;06/07/2026;ERICA;544
18;7921;SABONETE LUX 125G SUAVE ROSAS FRANCESAS;PERFUMARIA E LIMPEZA;85796;26/06/2026;159693;84690;72;1080;72;1;0;;;32
18;6125;FRALDA CONFORTSEC PAMPERS XG 34UN;PERFUMARIA E LIMPEZA;85796;26/06/2026;159693;84690;4;4;4;4;0;;;7
18;34304;CD DOVE BOND INTENSE 150ML REPAIR;PERFUMARIA E LIMPEZA;85796;26/06/2026;159693;84690;12;24;12;1;0;;;23
18;18740;FRALDA DESC FERINHA HIPER C 40 XXG;PERFUMARIA E LIMPEZA;85796;26/06/2026;159693;84690;6;2;6;1;0;;;0
18;7932;SABONETE NIVEA 85G AVEIA;PERFUMARIA E LIMPEZA;85796;26/06/2026;159693;84690;96;1248;96;1;0;;;88
18;533;ENERG RED BULL LT 355ML;BEBIDAS;85796;26/06/2026;159693;84690;4;148;20;0;0;27/06/2026;JESSICA;0
18;17566;ENERG RED BULL LT 250ML MELAO MARACUJA;BEBIDAS;85796;26/06/2026;159693;84690;4;234;20;0;0;27/06/2026;JESSICA;0
18;8242;SH JAY LUC 1L BLIND QUERATINA;PERFUMARIA E LIMPEZA;85796;26/06/2026;159693;84690;12;132;12;1;0;;;5
18;24649;TCO POLVILHO ANT GRANADO 100G TRAD;PERFUMARIA E LIMPEZA;85796;26/06/2026;159693;84690;12;2;12;1;0;;;2
18;7920;SABONETE LUX 125G SUAVE LIRIO AZUL;PERFUMARIA E LIMPEZA;85796;26/06/2026;159693;84690;72;360;72;1;0;;;29
18;7937;SABONETE NIVEA 85G ORQUIDEA;PERFUMARIA E LIMPEZA;85796;26/06/2026;159693;84690;96;1152;96;1;0;;;22
18;7918;SABONETE LUX 125G SUAVE BUQUE DE JASMIM;PERFUMARIA E LIMPEZA;85796;26/06/2026;159693;84690;72;624;144;2;0;;;0
18;18746;FRALDA DESC FERINHA JUMBINHO C 14 XXG;PERFUMARIA E LIMPEZA;85796;26/06/2026;159693;84690;12;0;12;1;0;;;12
18;19316;HID DI HELLEN 30G ALFACE;PERFUMARIA E LIMPEZA;85796;26/06/2026;159693;84690;12;0;12;1;0;;;22
18;33435;BEBIDA NESCAFE PRO ENERGY 270ML CANELA;MERCEARIA;85796;26/06/2026;159693;84690;6;72;12;0;0;27/06/2026;JESSICA;0
18;6234;GEL DENTAL CLOSE UP 90G ORIG RED HOT;PERFUMARIA E LIMPEZA;85796;26/06/2026;159693;84690;12;286;12;1;0;;;0
18;24366;KIT SH CD COTTONBABY SNOOPY 200ML GOTAS CAMOMILA;PERFUMARIA E LIMPEZA;85796;26/06/2026;159693;84690;6;0;6;1;0;;;14
18;6618;KIT SH SEDA SH 300 COND 190ML LUMINIOUS UV;PERFUMARIA E LIMPEZA;85796;26/06/2026;159693;84690;15;690;15;1;0;;;100
18;2212;ARROZ PARBO PRATO FINO TP1 1KG;MERCEARIA;85796;26/06/2026;159693;84690;10;0;10;0;0;01/07/2026;ALEXSANDRO;22
18;24310;SH COTTONBABY SNOOPY 200ML TOQUE ALGODAO;PERFUMARIA E LIMPEZA;85796;26/06/2026;159693;84690;12;12;12;1;0;;;14
18;38562;KIT SH CD NEUTROX 300ML 200ML FORCA;PERFUMARIA E LIMPEZA;85796;26/06/2026;159693;84690;12;12;12;1;0;;;0
18;12173;ABS GERIAMAX POS PARTO OPERAT C 20;PERFUMARIA E LIMPEZA;85796;26/06/2026;159693;84690;6;120;18;3;0;;;0
18;37250;ENERG RED BULL LT 250ML MACA SA;BEBIDAS;85796;26/06/2026;159693;84690;24;120;24;0;0;27/06/2026;JESSICA;2
18;38563;KIT SH CD NEUTROX 300ML 200ML OLEOS;PERFUMARIA E LIMPEZA;85796;26/06/2026;159693;84690;12;36;24;2;0;;;0
1;340;CHA ICE TEA LEAO PET 1 5L PESSEGO ZERO;BEBIDAS;86479;27/06/2026;160779;85786;6;0;6;1;0;02/07/2026;MIKAEL;4
1;8523;SUCO DEL VALLE FRUT PET 450ML LARANJA;BEBIDAS;86479;27/06/2026;160779;85786;6;6;6;1;0;02/07/2026;MIKAEL;0
1;4258;AP PROBAK II LV7 PG5;PERFUMARIA E LIMPEZA;86479;27/06/2026;160779;85786;1;14;1;0;0;03/07/2026;AUGUSTO;50
1;200;REFRE PO PROMIX 100G MORANGO;BEBIDAS;86479;27/06/2026;160779;85786;18;0;18;1;0;02/07/2026;MIKAEL;2
1;52;AGUA MIN FLORESTA PET 5L S GAS;BEBIDAS;86479;27/06/2026;160779;85786;4;28;4;0;0;;;0
1;1845;DROPS FREEGELLS 27 9G EUCALIPTO;MERCEARIA;86479;27/06/2026;160779;85786;12;732;24;0;0;03/07/2026;AUGUSTO;-627
1;1894;DROPS FREEGELLS 27 6G CEREJA CHOC;MERCEARIA;86479;27/06/2026;160779;85786;12;336;12;0;0;03/07/2026;AUGUSTO;-353
1;1854;PAST DOCILE MINTY 14G MOR;MERCEARIA;86479;27/06/2026;160779;85786;12;0;12;0;0;03/07/2026;AUGUSTO;-7
1;20280;LUVA CONF LATEX XG AMARELA;PERFUMARIA E LIMPEZA;86479;27/06/2026;160779;85786;12;96;24;0;0;03/07/2026;AUGUSTO;20
1;392;ENERG MONSTER LT 473ML MANGO LOCO;BEBIDAS;86479;27/06/2026;160779;85786;6;356;6;1;0;02/07/2026;MIKAEL;13
1;197;REFRE PO PROMIX 100G LIMAO;BEBIDAS;86479;27/06/2026;160779;85786;18;0;18;1;0;02/07/2026;MIKAEL;0
1;1834;PAST DOCILE ROLLY MINTY 29G EXTRA FORTE;MERCEARIA;86479;27/06/2026;160779;85786;12;384;24;0;0;03/07/2026;AUGUSTO;-129
1;7356;PAPEL HIG DUETTO 4 UN DE 30M PERFUMADO;PERFUMARIA E LIMPEZA;86479;27/06/2026;160779;85786;16;0;16;0;0;29/06/2026;MAYNARA;-14
2;37891;TIT COR E TON S AMONIA 3 0 CAST ESC;PERFUMARIA E LIMPEZA;86481;27/06/2026;160780;85792;6;0;6;1;0;03/07/2026;AUGUSTO;2
2;1058;ALFAJOR EL AGUILA 60G CHOC;MERCEARIA;86481;27/06/2026;160780;85792;12;924;12;0;0;03/07/2026;AUGUSTO;-3
2;648;WHISKY MASTER GOLD VD 900ML;BEBIDAS;86481;27/06/2026;160780;85792;1;85;7;7;0;03/07/2026;AUGUSTO;6
2;38005;CHOC KIT KAT MACCHIATO 41 5G;MERCEARIA;86481;27/06/2026;160780;85792;24;2304;24;1;0;03/07/2026;AUGUSTO;167
2;1264;CHOC BARRA LACTA 80G LAKA OREO;MERCEARIA;86481;27/06/2026;160780;85792;17;17;17;1;0;03/07/2026;AUGUSTO;0
2;783;ACHOC PO NESCAU SH 2 01KG;MERCEARIA;86481;27/06/2026;160780;85792;4;496;4;0;0;;;20
2;7859;SABAO PO SURF 800G CUIDADO DE COCO;PERFUMARIA E LIMPEZA;86481;27/06/2026;160780;85792;16;0;48;0;0;;;35
2;3524;FERM QUIMICO PO FLEISCHMANN PT 100G;MERCEARIA;86481;27/06/2026;160780;85792;12;120;12;1;0;03/07/2026;AUGUSTO;27
2;20280;LUVA CONF LATEX XG AMARELA;PERFUMARIA E LIMPEZA;86731;27/06/2026;161076;85874;12;96;60;5;0;03/07/2026;MONIQUE;24
3;33422;DET PO AQUAFAST MULTIACAO 800G;PERFUMARIA E LIMPEZA;86483;27/06/2026;162927;86774;20;520;20;0;0;;;0
3;5327;CR PENT VINI LADY 290G BRILHO INTENSO;PERFUMARIA E LIMPEZA;86483;27/06/2026;160781;85785;24;48;24;0;0;03/07/2026;BRUNO ANTUNES;13
3;17386;DET PO APYCE SH 400G AZUL;PERFUMARIA E LIMPEZA;86483;27/06/2026;162927;86774;50;47;50;0;0;;;56
3;17414;DET PO GOTA LIMPA 4KG HARMONIA;PERFUMARIA E LIMPEZA;86483;27/06/2026;162927;86774;5;5;5;0;0;;;-9
3;6022;ESPUMA BARBA BOZZANO 193G PELE SENSIVEL;PERFUMARIA E LIMPEZA;86483;27/06/2026;160781;85785;6;126;6;1;0;03/07/2026;MONIQUE;0
3;5697;AMAC YPE PRO ROUPAS TECIDOS 7L;PERFUMARIA E LIMPEZA;86483;27/06/2026;162927;86774;1;73;1;0;0;;;6
3;17327;DET LIQ AQUAFAST 3L GLICERINA;PERFUMARIA E LIMPEZA;86483;27/06/2026;162927;86774;4;20;4;0;0;;;-9
3;33942;DET PO GIRANDO SOL SH 4KG COCO BAUN;PERFUMARIA E LIMPEZA;86483;27/06/2026;162927;86774;5;114;5;0;0;;;8
3;17186;DESINF GOTA LIMPA 5L LAVANDA;PERFUMARIA E LIMPEZA;86483;27/06/2026;162927;86774;4;67;4;0;0;;;-8
3;7868;SABAO PO TIXAN 800G MACIEZ;PERFUMARIA E LIMPEZA;86483;27/06/2026;162927;86774;24;312;24;0;0;;;53
3;6694;LAVA ROUPA BRILHANTE 3L HIGIENE TOTAL;PERFUMARIA E LIMPEZA;86483;27/06/2026;162927;86774;4;32;16;0;0;;;1
3;13522;BLO SANITARIO HIGISOL LAVANDA;PERFUMARIA E LIMPEZA;86483;27/06/2026;160781;85785;12;0;12;1;0;03/07/2026;MONIQUE;43
3;7827;SABAO PO GIRANDO SOL 4KG ROSA;PERFUMARIA E LIMPEZA;86483;27/06/2026;162927;86774;5;160;5;0;0;;;9
3;17164;DESINF AQUAFAST 5L MARINE;PERFUMARIA E LIMPEZA;86483;27/06/2026;162927;86774;4;112;4;0;0;;;-10
3;5683;DET LIQ GOTA LIMPA 5L NEUTRO;PERFUMARIA E LIMPEZA;86483;27/06/2026;162927;86774;4;8;4;0;0;;;0
3;17408;DET PO GIRANDO SOL HIPO SH 4K;PERFUMARIA E LIMPEZA;86483;27/06/2026;162927;86774;5;44;5;0;0;;;5
3;6705;LAVA ROUPA GIRANDO SOL 2L COCO;PERFUMARIA E LIMPEZA;86483;27/06/2026;162927;86774;6;42;6;0;0;;;-2
3;19682;KIT DESOD AERO ABOVE C 2 150ML DERMA;PERFUMARIA E LIMPEZA;86483;27/06/2026;160781;85785;1;9;7;0;0;03/07/2026;BRUNO ANTUNES;3
3;12173;ABS GERIAMAX POS PARTO OPERAT C 20;PERFUMARIA E LIMPEZA;86483;27/06/2026;160781;85785;6;120;6;0;0;03/07/2026;BRUNO ANTUNES;3
3;9299;DETERG YPE LIQ 5L NEUTRO;PERFUMARIA E LIMPEZA;86483;27/06/2026;162927;86774;4;44;4;0;0;;;94
3;5680;DET LIQ GOTA LIMPA 500ML MACA;PERFUMARIA E LIMPEZA;86483;27/06/2026;162927;86774;24;312;120;0;0;;;1134
3;20280;LUVA CONF LATEX XG AMARELA;PERFUMARIA E LIMPEZA;86733;27/06/2026;161077;85875;12;96;120;10;0;03/07/2026;ALEXSANDER;0
4;6780;LEITE NINHO UHT TP LEVINHO 1L SEMI DESNATADO;PERECIVEIS;86457;27/06/2026;160768;85783;12;48;12;1;0;02/07/2026;JOCELAINE;17
4;6791;LEITE UHT PET ELEGE 1L DESNATADO;PERECIVEIS;86457;27/06/2026;160768;85783;6;348;18;3;0;02/07/2026;JOCELAINE;6
4;6787;LEITE LV ELEGE 1L ZERO LAC SEMI DES;PERECIVEIS;86457;27/06/2026;160768;85783;12;238;24;0;0;02/07/2026;JOCELAINE;-2
4;12289;AGUA SANIT IMPERIAL 1L;PERFUMARIA E LIMPEZA;86485;27/06/2026;160782;85783;12;0;12;0;0;30/06/2026;AUGUSTO;-1
4;1686;CONFEITO MMS TUBO 38G CHOC AO LEITE;MERCEARIA;86485;27/06/2026;160782;85783;12;0;12;1;0;03/07/2026;ERICA;8
4;19315;COT HASTES FLEX COTTONBABY PT 100UN;PERFUMARIA E LIMPEZA;86485;27/06/2026;160782;85783;1;8;1;1;0;03/07/2026;ALEXSANDER;57
4;12413;AMACIANTE GIRANDO SOL 500ML VERM;PERFUMARIA E LIMPEZA;86485;27/06/2026;160782;85783;12;84;12;1;0;30/06/2026;AUGUSTO;1
4;2283;CANJICA BRANCA JUREIA 400G;MERCEARIA;86485;27/06/2026;160782;85783;12;12;12;1;0;;;9
4;17308;DESOD ROLLON REXONA 50ML F COTTON;PERFUMARIA E LIMPEZA;86485;27/06/2026;160782;85783;12;372;24;2;0;03/07/2026;MONIQUE;10
4;687;ESP GARIBALDI PRIMICIAS GF 660ML ROSE;BEBIDAS;86485;27/06/2026;160782;85783;1;19;1;1;0;03/07/2026;ERICA;4
4;17316;DESOD ROLLON REXONA 50ML WOMEN ANT INV;PERFUMARIA E LIMPEZA;86485;27/06/2026;160782;85783;12;324;12;0;0;03/07/2026;BRUNO ANTUNES;17
4;9623;INSET MAT INSET MULTI PROMO 360ML SEM CHEIRO;PERFUMARIA E LIMPEZA;86485;27/06/2026;160782;85783;12;0;12;1;0;30/06/2026;AUGUSTO;0
4;5492;DESINF YPE 500ML PINHO TRADICAO;PERFUMARIA E LIMPEZA;86485;27/06/2026;160782;85783;12;13;12;1;0;30/06/2026;AUGUSTO;0
4;8256;SH MONANGE 325ML LISOS TE QUERO;PERFUMARIA E LIMPEZA;86485;27/06/2026;160782;85783;12;252;12;1;0;03/07/2026;MONIQUE;0
4;7859;SABAO PO SURF 800G CUIDADO DE COCO;PERFUMARIA E LIMPEZA;86485;27/06/2026;160782;85783;16;0;32;0;0;;;19
4;3893;ABS C ABAS DIA NOITE 32 UN SUAVE;PERFUMARIA E LIMPEZA;86485;27/06/2026;160782;85783;16;175;16;0;0;30/06/2026;AUGUSTO;9
4;5691;DETERG YPE 500 ML CLEAR;PERFUMARIA E LIMPEZA;86485;27/06/2026;160782;85783;24;4488;72;0;0;30/06/2026;AUGUSTO;0
4;8001;SABONETE SENADOR 130G;PERFUMARIA E LIMPEZA;86485;27/06/2026;160782;85783;72;0;72;0;0;03/07/2026;BRUNO ANTUNES;46
4;5696;DETERG YPE 500ML MACA;PERFUMARIA E LIMPEZA;86485;27/06/2026;160782;85783;24;5297;24;1;0;30/06/2026;AUGUSTO;739
4;17183;DESINF GOTA LIMPA 500ML PINHO;PERFUMARIA E LIMPEZA;86485;27/06/2026;160782;85783;12;0;12;1;0;30/06/2026;AUGUSTO;0
4;5443;DESINF GIRANDO SOL 500ML PINHO;PERFUMARIA E LIMPEZA;86485;27/06/2026;160782;85783;12;132;12;1;0;30/06/2026;AUGUSTO;14
4;3295;SALG KEVYTOS SHOW 38G QUEIJO;MERCEARIA;86485;27/06/2026;160782;85783;20;0;40;0;0;;;-17
4;19372;INSET NITROCID PO 50G;PERFUMARIA E LIMPEZA;86485;27/06/2026;160782;85783;1;6;1;1;0;30/06/2026;AUGUSTO;-16
4;655;WHISKY PASSPORT VD 1L;BEBIDAS;86485;27/06/2026;160782;85783;1;75;6;6;0;03/07/2026;ERICA;4
4;5441;DESINF GIRANDO SOL 500ML LAVANDA;PERFUMARIA E LIMPEZA;86485;27/06/2026;160782;85783;12;564;12;1;0;30/06/2026;AUGUSTO;10
4;6915;LIMP PES VEJA LV500PG400ML CLORO 2EM1;PERFUMARIA E LIMPEZA;86485;27/06/2026;160782;85783;24;0;24;1;0;30/06/2026;AUGUSTO;2
4;17415;DET PO GOTA LIMPA 800G HARMONIA;PERFUMARIA E LIMPEZA;86485;27/06/2026;160782;85783;20;0;20;0;0;30/06/2026;AUGUSTO;12
4;33782;VODKA NINNOFF VD 900ML LEMON;BEBIDAS;86485;27/06/2026;160782;85783;6;210;6;0;0;;;3
4;4137;AMAC CONC AQUAFAST 1L HARMONIA;PERFUMARIA E LIMPEZA;86485;27/06/2026;160782;85783;12;12;12;1;0;30/06/2026;AUGUSTO;3
4;20280;LUVA CONF LATEX XG AMARELA;PERFUMARIA E LIMPEZA;86735;27/06/2026;161078;85876;12;96;60;5;0;03/07/2026;ALEXSANDER;-29
4;12308;ALCOOL ARAUCARIA 46 1L;PERFUMARIA E LIMPEZA;86798;27/06/2026;161154;85783;12;2799;36;3;0;30/06/2026;AUGUSTO;0
4;4259;AP PRESTOBARBA ULTRA GRIP 2UN;PERFUMARIA E LIMPEZA;86798;27/06/2026;161154;85783;12;972;36;3;0;03/07/2026;ALEXSANDER;12
5;9587;DESOD SANIT ADES GOTA LIMPA 41G 7D EUCALIPTO;PERFUMARIA E LIMPEZA;86487;27/06/2026;160783;85787;12;24;12;0;0;04/07/2026;ERICA;6
5;4259;AP PRESTOBARBA ULTRA GRIP 2UN;PERFUMARIA E LIMPEZA;86487;27/06/2026;160783;85787;12;972;12;4;4;04/07/2026;ERICA;36
5;4258;AP PROBAK II LV7 PG5;PERFUMARIA E LIMPEZA;86487;27/06/2026;160783;85787;1;14;1;1;1;04/07/2026;ERICA;99
5;1058;ALFAJOR EL AGUILA 60G CHOC;MERCEARIA;86487;27/06/2026;160783;85787;12;924;12;1;1;03/07/2026;ERICA;2
5;783;ACHOC PO NESCAU SH 2 01KG;MERCEARIA;86487;27/06/2026;160783;85787;4;496;4;0;0;;;8
5;4259;AP PRESTOBARBA ULTRA GRIP 2UN;PERFUMARIA E LIMPEZA;86800;27/06/2026;161155;85787;12;972;36;4;4;04/07/2026;ERICA;36
6;6792;LEITE UHT PET ELEGE 1L INTEGRAL;PERECIVEIS;86461;27/06/2026;160770;85791;6;4261;12;2;0;;;50
6;2758;MAIONESE LIZA SH 196G;MERCEARIA;86489;27/06/2026;160784;85791;24;20939;24;1;1;;;1147
6;648;WHISKY MASTER GOLD VD 900ML;BEBIDAS;86489;27/06/2026;160784;85791;1;85;1;1;1;03/07/2026;ERICA;0
6;5624;DESOD AERO REXONA 91G CLINICAL SPO;PERFUMARIA E LIMPEZA;86489;27/06/2026;160784;85791;12;12;12;0;0;04/07/2026;ALEXSANDER;3
6;2378;DUETO FUGINI SH 170G ERVILHA MILHO;MERCEARIA;86489;27/06/2026;160784;85791;36;72;36;1;0;;;105
6;687;ESP GARIBALDI PRIMICIAS GF 660ML ROSE;BEBIDAS;86489;27/06/2026;160784;85791;1;19;1;0;0;03/07/2026;ERICA;8
6;8203;KIT ELSEVE SH COND 375ML 170ML OLEO EXTR;PERFUMARIA E LIMPEZA;86489;27/06/2026;160784;85791;6;7;6;0;0;04/07/2026;ALEXSANDER;2
6;7665;REMOVEDOR ESMALTE JAY LUC 100ML;PERFUMARIA E LIMPEZA;86489;27/06/2026;160784;85791;24;192;24;1;1;04/07/2026;ALEXSANDER;-1
6;24824;TINTURA BELAECOR 147G 6 0 LOURO ESCU;PERFUMARIA E LIMPEZA;86489;27/06/2026;160784;85791;6;6;6;0;0;04/07/2026;ALEXSANDER;11
6;9743;LOCAO LEITE DE COLONIA LIMP 100ML TEMPO DE AMAR;PERFUMARIA E LIMPEZA;86489;27/06/2026;160784;85791;36;36;36;0;0;04/07/2026;ALEXSANDER;13
6;34564;CREME JOAO E MARIA 40G P ASSADURA;PERFUMARIA E LIMPEZA;86489;27/06/2026;160784;85791;1;33;1;0;0;04/07/2026;ERICA;0
6;5521;DESOD AERO BOZZANO 90G ANTIBAC FRESH;PERFUMARIA E LIMPEZA;86489;27/06/2026;160784;85791;12;360;12;1;1;04/07/2026;ALEXSANDER;2
6;9607;HID MONANGE PELE EXTRA SECA 200ML;PERFUMARIA E LIMPEZA;86489;27/06/2026;160784;85791;24;144;24;1;1;04/07/2026;ALEXSANDER;7
6;5661;DESOD ROLLON VINI LADY 50G FEMME;PERFUMARIA E LIMPEZA;86489;27/06/2026;160784;85791;24;24;24;0;0;04/07/2026;ALEXSANDER;1
6;5850;ESC DENTAL ORAL B PRO;PERFUMARIA E LIMPEZA;86489;27/06/2026;160784;85791;12;0;12;1;1;04/07/2026;ERICA;5
6;7859;SABAO PO SURF 800G CUIDADO DE COCO;PERFUMARIA E LIMPEZA;86489;27/06/2026;160784;85791;16;0;16;0;0;;;4
6;20391;MAIONESE LIZA CASEIRA 450G;MERCEARIA;86489;27/06/2026;160784;85791;12;96;12;1;0;;;-8
6;2814;POLENTA PERDIZ 500G INST TEMP;MERCEARIA;86489;27/06/2026;160784;85791;12;155;24;2;0;;;-26
6;3295;SALG KEVYTOS SHOW 38G QUEIJO;MERCEARIA;86489;27/06/2026;160784;85791;20;0;60;0;0;;;0
6;784;REFRIG ANTARCTICA GUARANA PET 2L;BEBIDAS;86489;27/06/2026;160784;85791;8;78;8;1;0;;;558
6;4995;COND MONANGE 325ML LISOS TE QUERO;PERFUMARIA E LIMPEZA;86489;27/06/2026;160784;85791;12;60;12;1;1;04/07/2026;ALEXSANDER;4
6;24311;SH DARLING 2X1 650ML;PERFUMARIA E LIMPEZA;86489;27/06/2026;160784;85791;6;12;6;0;0;04/07/2026;ALEXSANDER;3
6;20280;LUVA CONF LATEX XG AMARELA;PERFUMARIA E LIMPEZA;86737;27/06/2026;161079;85878;12;96;120;10;0;06/07/2026;ERICA;24
6;4259;AP PRESTOBARBA ULTRA GRIP 2UN;PERFUMARIA E LIMPEZA;86802;27/06/2026;161156;85791;12;972;24;2;2;04/07/2026;ERICA;4
7;6801;LEITE UHT TP NINHO 1L INTEGRAL;PERECIVEIS;86463;27/06/2026;160771;85788;12;1347;24;2;0;;;-19
7;6781;LEITE LV EDGE ELEGE 1L INTEGRAL;PERECIVEIS;86463;27/06/2026;160771;85788;12;204;24;2;0;;;355
7;6780;LEITE NINHO UHT TP LEVINHO 1L SEMI DESNATADO;PERECIVEIS;86463;27/06/2026;160771;85788;12;48;12;1;0;;;0
7;1430;CHOC KIT KAT 41 5G FINGER AO LEITE;MERCEARIA;86491;27/06/2026;160785;85788;24;4704;96;0;0;04/07/2026;MONIQUE;42
7;34564;CREME JOAO E MARIA 40G P ASSADURA;PERFUMARIA E LIMPEZA;86491;27/06/2026;160785;85788;1;33;1;1;0;06/07/2026;MONIQUE;0
7;24311;SH DARLING 2X1 650ML;PERFUMARIA E LIMPEZA;86491;27/06/2026;160785;85788;6;12;6;1;0;04/07/2026;ALEXSANDER;16
7;687;ESP GARIBALDI PRIMICIAS GF 660ML ROSE;BEBIDAS;86491;27/06/2026;160785;85788;1;19;1;0;0;04/07/2026;MONIQUE;12
7;10197;SAB SENSUS BEAUTY ESSENCE 80G JARDINS TURQUIA;PERFUMARIA E LIMPEZA;86491;27/06/2026;160785;85788;108;3780;108;1;0;;;44
7;3673;LEITE COND ELEGE TP 395G;MERCEARIA;86491;27/06/2026;160785;85788;24;0;24;1;0;;;1
7;4254;AP PRESTOBARBA 3 LV4 PG3 MASCULINO;PERFUMARIA E LIMPEZA;86491;27/06/2026;160785;85788;6;516;36;6;0;06/07/2026;MONIQUE;19
7;7859;SABAO PO SURF 800G CUIDADO DE COCO;PERFUMARIA E LIMPEZA;86491;27/06/2026;160785;85788;16;0;32;0;0;;;26
7;37892;TIT COR E TON S AMONIA 4 0 CAST MD;PERFUMARIA E LIMPEZA;86491;27/06/2026;160785;85788;6;0;6;1;0;04/07/2026;ALEXSANDER;4
7;9542;FRALDA DESC BABYSEC JUMBINHO XG 12 UN;PERFUMARIA E LIMPEZA;86491;27/06/2026;160785;85788;8;248;8;1;0;;;7
7;279;VH QUINTA CARVALHO TINTO 750ML SV;BEBIDAS;86592;27/06/2026;160934;85585;12;5436;24;0;0;30/06/2026;FERNANDO PAZ;17
7;298;VH SANGUE BOI TINTO 750ML SC;BEBIDAS;86592;27/06/2026;160934;85585;6;807;30;0;0;30/06/2026;FERNANDO PAZ;42
7;8858;AP GILLETTE PROBAK II C 2;PERFUMARIA E LIMPEZA;86717;27/06/2026;161069;85585;14;2184;140;9;9;29/06/2026;FERNANDO PAZ;19
7;12168;ABS DEFINITY C ABAS C 8;PERFUMARIA E LIMPEZA;86804;27/06/2026;161157;85788;60;540;120;2;0;;;0
8;102;CERV ANTARCTICA SUBZERO GF 1L RETORNAVEL;BEBIDAS;86493;27/06/2026;160786;85784;12;936;24;2;0;;;13
8;1888;PASTILHA TIC TAC 14 5G MENTA;MERCEARIA;86493;27/06/2026;160786;85784;14;84;14;0;0;04/07/2026;MONIQUE;5
8;20612;MASSA SEMOLA GERMANI 500G ESPAG;MERCEARIA;86493;27/06/2026;160786;85784;20;20;40;0;0;;;-42
8;213;CERV SKOL PILSEN LT 473ML;BEBIDAS;86493;27/06/2026;160786;85784;12;27852;984;82;0;;;5241
8;687;ESP GARIBALDI PRIMICIAS GF 660ML ROSE;BEBIDAS;86493;27/06/2026;160786;85784;1;19;1;0;0;04/07/2026;MONIQUE;6
8;5694;DETERG YPE 500ML CLEAR CARE;PERFUMARIA E LIMPEZA;86493;27/06/2026;160786;85784;24;0;48;0;0;01/07/2026;JESUS;256
8;2672;FARINHA MANDIOCA CBS 500G;MERCEARIA;86493;27/06/2026;160786;85784;12;24;12;1;0;;;1
8;648;WHISKY MASTER GOLD VD 900ML;BEBIDAS;86493;27/06/2026;160786;85784;1;85;1;1;1;04/07/2026;MONIQUE;-3
8;15732;CERA LIQ GIRANDO SOL 750ML INCOLOR;PERFUMARIA E LIMPEZA;86493;27/06/2026;160786;85784;12;216;24;0;0;01/07/2026;JESUS;1
11;783;ACHOC PO NESCAU SH 2 01KG;MERCEARIA;86495;27/06/2026;160787;85799;4;496;16;0;0;29/06/2026;ALEXSANDRO;7
11;1294;CHOC BARRA NESTLE 80G AO LEITE;MERCEARIA;86495;27/06/2026;160787;85799;16;-64;16;1;0;07/07/2026;PAMELA;-54
11;3805;PO P SORVETE APTI 120G CREME;MERCEARIA;86495;27/06/2026;160787;85799;12;12;12;1;0;07/07/2026;PAMELA;26
11;537;GATORADE 500ML BERRY BLUE;BEBIDAS;86495;27/06/2026;160787;85799;6;270;6;0;0;;;1
11;6127;FRALDA CONFORTSEC PAMPERS XXG 30UN;PERFUMARIA E LIMPEZA;86495;27/06/2026;160787;85799;4;2;8;3;0;03/07/2026;JESSICA M;0
11;6234;GEL DENTAL CLOSE UP 90G ORIG RED HOT;PERFUMARIA E LIMPEZA;86495;27/06/2026;160787;85799;12;286;12;2;0;03/07/2026;JESSICA M;-24
11;3475;TEMP COLORIFICO APTI 100G;MERCEARIA;86495;27/06/2026;160787;85799;50;350;50;1;0;07/07/2026;PAMELA;13
11;7948;SABON PALMOLIVE NATURALS 150G OLEO ARGAN;PERFUMARIA E LIMPEZA;86495;27/06/2026;160787;85799;72;72;72;1;0;03/07/2026;JESSICA M;-39
11;5536;DESOD AERO DOVE 89G 150ML INVISIBLE DRY;PERFUMARIA E LIMPEZA;86495;27/06/2026;160787;85799;12;15;12;1;0;03/07/2026;JESSICA M;49
11;22796;RATICIDA RODILON ISCA 25G;PERFUMARIA E LIMPEZA;86495;27/06/2026;160787;85799;40;240;40;0;0;03/07/2026;JESSICA M;0
11;9260;DES AERO MONANGE 150ML DETOX FRESH;PERFUMARIA E LIMPEZA;86495;27/06/2026;160787;85799;12;324;12;1;0;03/07/2026;JESSICA M;15
11;1430;CHOC KIT KAT 41 5G FINGER AO LEITE;MERCEARIA;86495;27/06/2026;160787;85799;24;4704;96;5;0;07/07/2026;PAMELA;21
11;20612;MASSA SEMOLA GERMANI 500G ESPAG;MERCEARIA;86495;27/06/2026;160787;85799;20;20;20;0;0;;;-11
11;19204;GLIC VEGETAL JAY LUC 100ML;PERFUMARIA E LIMPEZA;86495;27/06/2026;160787;85799;1;3;1;1;0;07/07/2026;PAMELA;2
11;9145;COND SEDA GLYCOL VIT C 425ML;PERFUMARIA E LIMPEZA;86495;27/06/2026;160787;85799;12;21;12;1;0;03/07/2026;JESSICA M;0
11;17291;DESOD ROLLON DOVE 50ML CLEAN COMFORT;PERFUMARIA E LIMPEZA;86495;27/06/2026;160787;85799;12;0;12;1;0;03/07/2026;JESSICA M;6
11;2749;FARINHA TRIGO MARIA INES 5KG;MERCEARIA;86495;27/06/2026;160787;85799;5;375;10;0;0;01/07/2026;GABRIELL2;1
11;33426;CHOC BIBS STICKS 29G NAPOLITANO;MERCEARIA;86495;27/06/2026;160787;85799;16;0;16;1;0;07/07/2026;PAMELA;4
11;1408;CHOC 5 STAR LACTA 40G;MERCEARIA;86495;27/06/2026;160787;85799;18;18;18;1;0;07/07/2026;PAMELA;11
11;12168;ABS DEFINITY C ABAS C 8;PERFUMARIA E LIMPEZA;86808;27/06/2026;161159;85799;60;540;60;1;0;03/07/2026;JESSICA M;70
12;8001;SABONETE SENADOR 130G;PERFUMARIA E LIMPEZA;86497;27/06/2026;160788;85794;72;0;72;1;0;;;38
12;3384;CALDO GALINHA APTI 57G;MERCEARIA;86497;27/06/2026;160788;85794;120;480;240;2;0;07/07/2026;PAMELA;7
12;18942;GEL AMAZONIA ARNICA 235G;PERFUMARIA E LIMPEZA;86497;27/06/2026;160788;85794;24;0;24;1;0;;;14
12;35123;CHOC BATON GAROTO 16G DUO;MERCEARIA;86497;27/06/2026;160788;85794;30;0;30;1;0;07/07/2026;PAMELA;0
12;1294;CHOC BARRA NESTLE 80G AO LEITE;MERCEARIA;86497;27/06/2026;160788;85794;16;-64;16;1;0;07/07/2026;PAMELA;51
12;5534;DESOD AERO DOVE 89G 150ML CUIDADO TTL;PERFUMARIA E LIMPEZA;86497;27/06/2026;160788;85794;12;27;12;1;0;;;11
12;5253;CR DENTAL CLOSE UP 100G LIQUIFRESH ICE;PERFUMARIA E LIMPEZA;86497;27/06/2026;160788;85794;12;138;12;1;0;;;0
12;1408;CHOC 5 STAR LACTA 40G;MERCEARIA;86497;27/06/2026;160788;85794;18;18;18;1;0;07/07/2026;PAMELA;0
12;8203;KIT ELSEVE SH COND 375ML 170ML OLEO EXTR;PERFUMARIA E LIMPEZA;86497;27/06/2026;160788;85794;6;7;6;1;0;;;14
12;4230;AMPOLA PANTENE 45ML 3UN TRAT HIDRATA;PERFUMARIA E LIMPEZA;86497;27/06/2026;160788;85794;1;1;1;1;0;;;9
12;687;ESP GARIBALDI PRIMICIAS GF 660ML ROSE;BEBIDAS;86497;27/06/2026;160788;85794;1;19;1;1;0;07/07/2026;PAMELA;4
12;20280;LUVA CONF LATEX XG AMARELA;PERFUMARIA E LIMPEZA;86741;27/06/2026;161081;85882;12;96;60;5;0;;;4
13;24313;SH DARLING CERAMIDAS 650ML;PERFUMARIA E LIMPEZA;86499;27/06/2026;160790;85795;6;0;6;1;1;06/07/2026;MONIQUE;15
13;5573;DESOD AERO NIVEA 97G BLACK WHITE POWER;PERFUMARIA E LIMPEZA;86499;27/06/2026;160790;85795;12;12;12;0;0;06/07/2026;MONIQUE;0
13;16874;CR DEN SORRISO 120G TRIPLA LIMPEZA COMPLETA;PERFUMARIA E LIMPEZA;86499;27/06/2026;160790;85795;72;0;72;1;0;;;14
13;1986;CAPPUCCINO PRONTO 3C 260ML BALANCE;MERCEARIA;86499;27/06/2026;160790;85795;6;6;6;0;0;03/07/2026;AUGUSTO;10
13;1408;CHOC 5 STAR LACTA 40G;MERCEARIA;86499;27/06/2026;160790;85795;18;18;18;0;0;03/07/2026;AUGUSTO;2
13;4230;AMPOLA PANTENE 45ML 3UN TRAT HIDRATA;PERFUMARIA E LIMPEZA;86499;27/06/2026;160790;85795;1;1;1;0;0;06/07/2026;MONIQUE;22
13;6128;FRALDA CONFORTSEC PAMPERS P 50UN;PERFUMARIA E LIMPEZA;86499;27/06/2026;160790;85795;3;0;3;3;0;;;7
13;3516;FERM PO BIOL GOOD INSTANT SH 125G;MERCEARIA;86499;27/06/2026;160790;85795;12;600;12;0;0;03/07/2026;AUGUSTO;0
13;17415;DET PO GOTA LIMPA 800G HARMONIA;PERFUMARIA E LIMPEZA;86499;27/06/2026;160790;85795;20;0;20;0;0;01/07/2026;AUGUSTO;4
13;2361;FEIJAO VERMELHO ARBAZA 500G;MERCEARIA;86499;27/06/2026;160790;85795;12;1161;36;0;0;03/07/2026;GABRIELL2;39
13;5552;DESOD AERO MONANGE 90G FRUTAS VERMELHA;PERFUMARIA E LIMPEZA;86499;27/06/2026;160790;85795;12;540;12;1;1;06/07/2026;MONIQUE;9
13;7932;SABONETE NIVEA 85G AVEIA;PERFUMARIA E LIMPEZA;86499;27/06/2026;160790;85795;96;1248;96;1;0;;;98
13;783;ACHOC PO NESCAU SH 2 01KG;MERCEARIA;86499;27/06/2026;160790;85795;4;496;4;0;0;;;8
13;18762;FRALDA DESC MILI GIGA G C 78 C 78 G;PERFUMARIA E LIMPEZA;86499;27/06/2026;160790;85795;4;39;4;0;0;01/07/2026;AUGUSTO;5
13;9298;DETERG YPE LIQ 5L CLEAR;PERFUMARIA E LIMPEZA;86499;27/06/2026;160790;85795;4;104;4;0;0;01/07/2026;AUGUSTO;4
13;7929;SABONETE LUX 85G ORQUIDEA NEGRA;PERFUMARIA E LIMPEZA;86499;27/06/2026;160790;85795;108;1314;108;1;0;;;0
13;33650;SAB LIQ MADE IN BRAZIL 1L PESSEGO;PERFUMARIA E LIMPEZA;86824;27/06/2026;161169;85795;12;324;36;3;0;;;21
13;33647;SAB LIQ MADE IN BRAZIL 1L ERVA DOCE;PERFUMARIA E LIMPEZA;86824;27/06/2026;161169;85795;12;180;12;1;0;;;19
13;36199;SAB LIQ MADE IN BRAZIL 1L CHA BCO;PERFUMARIA E LIMPEZA;86824;27/06/2026;161169;85795;12;48;12;0;0;06/07/2026;MONIQUE;18
14;659;SUCO KAPO TP 200ML ABACAXI;BEBIDAS;86501;27/06/2026;160791;85790;12;6276;12;1;1;30/06/2026;BRAGA;129
14;4044;ALIM GATO FRISKIES 85G ATUM AO MOLHO;PRODUTOS PET;86501;27/06/2026;160791;85790;15;990;15;0;0;30/06/2026;ALEX JARDIM;5
14;7933;SABONETE NIVEA 85G ERVA DOCE OLEOS;PERFUMARIA E LIMPEZA;86501;27/06/2026;160791;85790;96;960;96;1;0;;;193
14;867;REFRIG COCA COLA ZERO LT 310ML C6;BEBIDAS;86501;27/06/2026;160791;85790;6;30;6;0;0;30/06/2026;BRAGA;108
14;417;BEB VIT BALY KIDS LT 220ML LARANJA;BEBIDAS;86501;27/06/2026;160791;85790;6;6;6;0;0;30/06/2026;BRAGA;32
14;282;CERV MICHELOB ULTRA LN 330ML;BEBIDAS;86501;27/06/2026;160791;85790;24;1248;24;1;1;30/06/2026;BRAGA;1
14;2869;MASSA C OVOS ORQUIDEA 500G ESPAGUETE;MERCEARIA;86501;27/06/2026;160791;85790;20;14;20;0;0;30/06/2026;ALEX JARDIM;7
14;22734;RAC QUATRO PATAS GATOS FIL 500G;PRODUTOS PET;86501;27/06/2026;160791;85790;10;210;10;0;0;30/06/2026;ALEX JARDIM;14
14;6127;FRALDA CONFORTSEC PAMPERS XXG 30UN;PERFUMARIA E LIMPEZA;86501;27/06/2026;160791;85790;4;2;4;1;0;;;3
14;1982;CAPUCCINO PRONTO 3C 260ML PINGADO;MERCEARIA;86501;27/06/2026;160791;85790;6;0;6;0;0;30/06/2026;BRAGA;3
14;293;CERV STELLA ARTOIS LN 330ML;BEBIDAS;86501;27/06/2026;160791;85790;24;165;24;1;1;30/06/2026;BRAGA;87
14;37250;ENERG RED BULL LT 250ML MACA SA;BEBIDAS;86501;27/06/2026;160791;85790;24;120;24;0;0;30/06/2026;BRAGA;7
14;2842;MASSA C OVOS DOMELLY 500G ESPAGUETE;MERCEARIA;86501;27/06/2026;160791;85790;20;0;20;0;0;30/06/2026;ALEX JARDIM;38
14;2905;MASSA C OVOS ISABELA 500G NIN LARGO;MERCEARIA;86501;27/06/2026;160791;85790;20;40;20;0;0;30/06/2026;ALEX JARDIM;-1
14;22344;PROT DIA DAILY CARTUCHO L120P100;PERFUMARIA E LIMPEZA;86501;27/06/2026;160791;85790;12;0;12;1;0;;;1
14;203;VH CANCAO BCO 750ML SV;BEBIDAS;86501;27/06/2026;160791;85790;12;0;12;0;0;30/06/2026;BRAGA;6
14;634;SUCO DEL VALLE LT 290ML MANGA;BEBIDAS;86501;27/06/2026;160791;85790;6;1;6;0;0;30/06/2026;BRAGA;10
14;12295;AGUA TONICA QUININO 350ML ZERO;BEBIDAS;86501;27/06/2026;160791;85790;12;24;12;0;0;30/06/2026;BRAGA;0
14;617;VODKA INTENCION LT 473ML;BEBIDAS;86501;27/06/2026;160791;85790;6;6;6;0;0;30/06/2026;BRAGA;0
14;34753;SUCO DE UVA TREBOM PET 1 35L;BEBIDAS;86501;27/06/2026;160791;85790;6;6;6;0;0;30/06/2026;BRAGA;0
14;23140;SABAO GIRANDO SOL COCO 100G BAB;PERFUMARIA E LIMPEZA;86501;27/06/2026;160791;85790;50;100;50;0;0;;;108
14;533;ENERG RED BULL LT 355ML;BEBIDAS;86501;27/06/2026;160791;85790;4;148;12;0;0;30/06/2026;BRAGA;0
14;767;REFRIG FRUKI COLA PET 200ML COLA;BEBIDAS;86501;27/06/2026;160791;85790;12;0;12;0;0;30/06/2026;BRAGA;0
14;2925;ACHOC LIQ ITALAC 1L;MERCEARIA;86501;27/06/2026;160791;85790;12;0;12;0;0;30/06/2026;BRAGA;0
14;719;SUCO AURORA INTEGRAL TINTO TP 1 5L UVA;BEBIDAS;86501;27/06/2026;160791;85790;6;1266;6;1;1;30/06/2026;BRAGA;11
14;764;REFRIG COCA COLA PET 200ML ZERO;BEBIDAS;86501;27/06/2026;160791;85790;12;3673;96;0;0;30/06/2026;BRAGA;172
14;25433;VH CONCHA Y TORO RESERV CAB SUAVE 750ML;BEBIDAS;86501;27/06/2026;160791;85790;12;24;12;0;0;30/06/2026;BRAGA;9
14;17566;ENERG RED BULL LT 250ML MELAO MARACUJA;BEBIDAS;86501;27/06/2026;160791;85790;4;234;8;0;0;30/06/2026;BRAGA;12
14;4988;COND JAY LUC 1L NEUTRO;PERFUMARIA E LIMPEZA;86501;27/06/2026;160791;85790;12;432;12;1;0;;;0
14;5271;CR DENTAL ORAL B 70G EXTRA BRANCO;PERFUMARIA E LIMPEZA;86501;27/06/2026;160791;85790;48;7308;48;1;0;;;21
14;2449;TRIGO P KIBE JUREIA 500G;MERCEARIA;86501;27/06/2026;160791;85790;12;0;12;1;0;;;20
14;386;ENERG MONSTER LT 473ML ABSOLUT ZERO;BEBIDAS;86501;27/06/2026;160791;85790;6;330;12;0;0;30/06/2026;BRAGA;24
14;34497;ENERG ELEV LT 473ML PINK LIMONADE;BEBIDAS;86501;27/06/2026;160791;85790;6;3;6;0;0;30/06/2026;BRAGA;7
14;33650;SAB LIQ MADE IN BRAZIL 1L PESSEGO;PERFUMARIA E LIMPEZA;86826;27/06/2026;161170;85790;12;324;24;2;0;;;12
14;33647;SAB LIQ MADE IN BRAZIL 1L ERVA DOCE;PERFUMARIA E LIMPEZA;86826;27/06/2026;161170;85790;12;180;12;1;0;;;17
17;3414;BARRA CEREAL RITTER 22G CAST PARA;MERCEARIA;86503;27/06/2026;160792;85796;24;912;72;0;0;04/07/2026;MONIQUE;-67
17;1395;CHOC NESTLE PRESTIGIO 33G UN;MERCEARIA;86503;27/06/2026;160792;85796;30;0;30;0;0;04/07/2026;MONIQUE;25
17;3314;BARRA CEREAL NATURALE 22G BANANA;MERCEARIA;86503;27/06/2026;160792;85796;160;160;160;0;0;;;28
17;9233;CR TRAT VINI LADY SC 700G LISO INTENSO;PERFUMARIA E LIMPEZA;86503;27/06/2026;160792;85796;12;36;24;2;0;03/07/2026;JESSICA M;0
17;1983;CAPPUCCINO PRONTO 3C 260ML CLASSIC;MERCEARIA;86503;27/06/2026;160792;85796;6;42;6;0;0;04/07/2026;MONIQUE;1
17;3524;FERM QUIMICO PO FLEISCHMANN PT 100G;MERCEARIA;86503;27/06/2026;160792;85796;12;120;48;0;0;04/07/2026;MONIQUE;-33
17;687;ESP GARIBALDI PRIMICIAS GF 660ML ROSE;BEBIDAS;86503;27/06/2026;160792;85796;1;19;1;0;0;04/07/2026;MONIQUE;17
17;783;ACHOC PO NESCAU SH 2 01KG;MERCEARIA;86503;27/06/2026;160792;85796;4;496;8;0;0;;;17
17;2749;FARINHA TRIGO MARIA INES 5KG;MERCEARIA;86503;27/06/2026;160792;85796;5;375;5;0;0;;;5
17;5250;CR DENT CLOSE UP 70G TRIPLE HORTELA;PERFUMARIA E LIMPEZA;86503;27/06/2026;160792;85796;72;2304;72;1;0;03/07/2026;JESSICA M;-12
17;18768;FRALDA DESC MILI LOVECARE JUMBO G C 30;PERFUMARIA E LIMPEZA;86503;27/06/2026;160792;85796;6;0;6;1;0;03/07/2026;JESSICA M;2
17;6022;ESPUMA BARBA BOZZANO 193G PELE SENSIVEL;PERFUMARIA E LIMPEZA;86503;27/06/2026;160792;85796;6;126;12;2;0;;;0
17;1896;DROPS FREEGELLS 27 6G MENTA CHOC;MERCEARIA;86503;27/06/2026;160792;85796;12;0;12;0;0;04/07/2026;MONIQUE;8
17;3686;TEMP BICARBONATO SODIO APTI 100G;MERCEARIA;86503;27/06/2026;160792;85796;20;180;20;1;1;04/07/2026;MONIQUE;3
17;16914;CR P PENT NIELY H AGUA COCO 250G;PERFUMARIA E LIMPEZA;86503;27/06/2026;160792;85796;12;36;12;1;0;03/07/2026;JESSICA M;7
17;1271;CHOC BARRA GAROTO 80G CROCANTE;MERCEARIA;86503;27/06/2026;160792;85796;16;272;48;0;0;04/07/2026;MONIQUE;0
17;1845;DROPS FREEGELLS 27 9G EUCALIPTO;MERCEARIA;86503;27/06/2026;160792;85796;12;732;12;1;1;04/07/2026;MONIQUE;5
17;23140;SABAO GIRANDO SOL COCO 100G BAB;PERFUMARIA E LIMPEZA;86503;27/06/2026;160792;85796;50;100;100;0;0;;;-18
17;33221;DESOD CR DOVE 50ML REPARA DIARIA;PERFUMARIA E LIMPEZA;86503;27/06/2026;160792;85796;12;0;12;1;0;03/07/2026;JESSICA M;9
17;33778;CREME DEN COLGATE 90G ORIG MINT;PERFUMARIA E LIMPEZA;86503;27/06/2026;160792;85796;48;588;48;0;0;03/07/2026;JESSICA M;22
17;1849;DROPS FREEGELLS 27 9G EXTRA FORTE;MERCEARIA;86503;27/06/2026;160792;85796;12;1188;24;2;2;04/07/2026;MONIQUE;-11
17;20415;MAMAD CEFISA SIL 240ML;PERFUMARIA E LIMPEZA;86503;27/06/2026;160792;85796;12;216;12;1;0;;;11
17;22796;RATICIDA RODILON ISCA 25G;PERFUMARIA E LIMPEZA;86503;27/06/2026;160792;85796;40;240;40;0;0;03/07/2026;JESSICA M;2
17;5531;DESOD AERO DOVE 87G 150ML AMORA;PERFUMARIA E LIMPEZA;86503;27/06/2026;160792;85796;12;165;12;1;0;03/07/2026;JESSICA M;-19
17;12173;ABS GERIAMAX POS PARTO OPERAT C 20;PERFUMARIA E LIMPEZA;86503;27/06/2026;160792;85796;6;120;6;1;0;03/07/2026;JESSICA M;-5
17;23028;SAB LIQ BEM ESTAR RF 300ML ERVA DOCE;PERFUMARIA E LIMPEZA;86503;27/06/2026;160792;85796;12;0;36;3;0;03/07/2026;JESSICA M;-7
17;1894;DROPS FREEGELLS 27 6G CEREJA CHOC;MERCEARIA;86503;27/06/2026;160792;85796;12;336;24;2;2;04/07/2026;MONIQUE;0
17;37860;CHOC BARRA GAROTO RECH BATON 90G;MERCEARIA;86503;27/06/2026;160792;85796;14;140;14;0;0;04/07/2026;MONIQUE;-12
17;16903;CR NIVEA LT 56G;PERFUMARIA E LIMPEZA;86503;27/06/2026;160792;85796;1;1;7;7;0;;;0
17;8150;SH ANTIC CLEAR 200ML MEN QUEDA CONTROL;PERFUMARIA E LIMPEZA;86503;27/06/2026;160792;85796;12;24;24;2;0;;;30
17;7241;ESC DENTAL ORAL B INDICA BLACK L2P1;PERFUMARIA E LIMPEZA;86503;27/06/2026;160792;85796;12;144;24;2;0;;;0
17;19324;HID PAIXAO 200ML ONLY YO INSPIR R 785 0;PERFUMARIA E LIMPEZA;86503;27/06/2026;160792;85796;24;120;24;1;0;03/07/2026;JESSICA M;24
17;16844;CR DEN COLGATE T ACAO XTRA 120G WHITE;PERFUMARIA E LIMPEZA;86503;27/06/2026;160792;85796;72;168;216;3;0;03/07/2026;JESSICA M;0
17;20280;LUVA CONF LATEX XG AMARELA;PERFUMARIA E LIMPEZA;86743;27/06/2026;161082;85885;12;96;60;5;0;;;8
17;7425;PEDRA SANITARIA SANI SOL 20G JASMIN;PERFUMARIA E LIMPEZA;86816;27/06/2026;161163;85796;144;1296;288;2;0;03/07/2026;JESSICA M;40
17;4259;AP PRESTOBARBA ULTRA GRIP 2UN;PERFUMARIA E LIMPEZA;86816;27/06/2026;161163;85796;12;972;36;3;0;;;28
17;33647;SAB LIQ MADE IN BRAZIL 1L ERVA DOCE;PERFUMARIA E LIMPEZA;86828;27/06/2026;161171;85796;12;180;12;1;0;03/07/2026;JESSICA M;26
18;3314;BARRA CEREAL NATURALE 22G BANANA;MERCEARIA;86505;27/06/2026;160793;85789;160;160;160;0;0;;;-14
1;2101;ARROZ BCO REQUINTE TP1 2KG;MERCEARIA;87046;29/06/2026;161398;86422;15;983;15;0;0;01/07/2026;ALEXSANDER;0
1;5806;ESC DENTAL COLGATE ESSENCIAL CLEAN PACK 06UN;PERFUMARIA E LIMPEZA;87046;29/06/2026;161398;86422;6;90;6;1;0;03/07/2026;ALEXSANDER;2
1;22904;REMOV ESM BELEZA AMAZONIA 100ML;PERFUMARIA E LIMPEZA;87046;29/06/2026;161398;86422;12;696;144;12;0;03/07/2026;ALEXSANDER;7
1;18466;FEIJAO PTO MORO TP1 1KG;MERCEARIA;87046;29/06/2026;161398;86422;30;5640;30;0;0;01/07/2026;ALEXSANDER;116
1;648;WHISKY MASTER GOLD VD 900ML;BEBIDAS;87046;29/06/2026;161398;86422;1;85;5;5;0;03/07/2026;ERICA;0
1;2806;MACARRAO INST NISSIN ESP 500G T3;MERCEARIA;87046;29/06/2026;161398;86422;20;260;20;0;0;30/06/2026;TEIXEIRA;23
1;1894;DROPS FREEGELLS 27 6G CEREJA CHOC;MERCEARIA;87289;29/06/2026;161724;86066;12;336;12;1;0;30/06/2026;MONIQUE;-353
1;3287;SALG KEVYTOS SHOW 38G PRESUNTO;MERCEARIA;87289;29/06/2026;161724;86066;20;400;40;0;0;30/06/2026;JESSICA;16
2;2216;CAPSULA DOLCE GUSTO 100G C 10 CAFE AU LAIT;MERCEARIA;87048;29/06/2026;161399;86223;6;6;6;0;0;;;2
2;2877;MASSA C OVOS ISABELA 500G PARAFUSO;MERCEARIA;87048;29/06/2026;161399;86223;16;1;16;0;0;;;23
2;3512;FERM PO BIOL GOOD INSTANT SH 10G;MERCEARIA;87048;29/06/2026;161399;86223;30;6180;30;1;0;03/07/2026;ERICA;52
2;38005;CHOC KIT KAT MACCHIATO 41 5G;MERCEARIA;87048;29/06/2026;161399;86223;24;2304;24;1;0;03/07/2026;ERICA;167
2;34564;CREME JOAO E MARIA 40G P ASSADURA;PERFUMARIA E LIMPEZA;87048;29/06/2026;161399;86223;1;33;1;1;0;03/07/2026;ALEXSANDER;1
2;17309;DESOD ROLLON REXONA 50ML F POWDER;PERFUMARIA E LIMPEZA;87048;29/06/2026;161399;86223;12;300;12;0;0;;;2
2;4256;AP PRESTOBARBA ULTRAGRIP 3L CART2UN;PERFUMARIA E LIMPEZA;87048;29/06/2026;161399;86223;1;2;1;1;0;03/07/2026;ALEXSANDER;0
2;24638;TCO CORP JAYLUC 80G JASMIN;PERFUMARIA E LIMPEZA;87048;29/06/2026;161399;86223;12;36;12;1;0;03/07/2026;ALEXSANDER;7
2;3431;SOPA GALINHA MAGGI 60G FIDELINI;MERCEARIA;87048;29/06/2026;161399;86223;10;59;10;1;0;03/07/2026;ERICA;19
2;1269;CHOC BARRA LACTA 80G LAKA;MERCEARIA;87048;29/06/2026;161399;86223;17;68;17;1;0;03/07/2026;ERICA;0
2;22903;REMOV ESM AMAZONIA 80ML;PERFUMARIA E LIMPEZA;87048;29/06/2026;161399;86223;12;492;12;1;0;03/07/2026;ALEXSANDER;4
2;33882;DET LIQ OMO CICLO RAPIDO 750ML ANTIODOR;PERFUMARIA E LIMPEZA;87048;29/06/2026;161399;86223;12;60;24;0;0;;;7
2;1039;BALA DORI GELATINA 13G BOCA;MERCEARIA;87048;29/06/2026;161399;86223;12;0;12;1;0;03/07/2026;ERICA;0
2;5032;COND PANTENE 175ML RESTAUR PROFUND;PERFUMARIA E LIMPEZA;87048;29/06/2026;161399;86223;6;12;6;1;0;03/07/2026;ALEXSANDER;7
3;3512;FERM PO BIOL GOOD INSTANT SH 10G;MERCEARIA;87050;29/06/2026;161400;86224;30;6180;30;0;0;03/07/2026;ERICA;214
3;3635;SAL MOIDO CBS 1KG;MERCEARIA;87050;29/06/2026;161400;86224;10;2324;60;6;0;;;-152
3;12531;INAT AP GILLETTE PROBAK C 2;PERFUMARIA E LIMPEZA;87050;29/06/2026;161400;86224;14;154;14;0;0;;;129
3;2879;MASSA C OVOS ISABELA 500G ESPAGUETE;MERCEARIA;87050;29/06/2026;161400;86224;20;0;20;0;0;;;-26
3;12523;AP CORPO C 2;PERFUMARIA E LIMPEZA;87050;29/06/2026;161400;86224;12;47;24;2;0;03/07/2026;ALEXSANDER;51
3;17309;DESOD ROLLON REXONA 50ML F POWDER;PERFUMARIA E LIMPEZA;87050;29/06/2026;161400;86224;12;300;12;0;0;;;21
3;1839;PAST DOCILE ROLLY MINTY 29G MORANGO;MERCEARIA;87050;29/06/2026;161400;86224;12;0;12;0;0;03/07/2026;ERICA;12
3;22904;REMOV ESM BELEZA AMAZONIA 100ML;PERFUMARIA E LIMPEZA;87050;29/06/2026;161400;86224;12;696;12;1;0;03/07/2026;ALEXSANDER;0
3;5576;DESOD AERO OLD SPICE 124G VIP;PERFUMARIA E LIMPEZA;87050;29/06/2026;161400;86224;12;12;12;1;0;03/07/2026;ALEXSANDER;16
3;8224;SH HEAD SHOULDERS 200ML ANT COCEIRA;PERFUMARIA E LIMPEZA;87050;29/06/2026;161400;86224;6;30;6;1;0;03/07/2026;ALEXSANDER;10
3;16903;CR NIVEA LT 56G;PERFUMARIA E LIMPEZA;87050;29/06/2026;161400;86224;1;1;1;1;0;03/07/2026;ALEXSANDER;1
3;33362;CREME REP DOVE LEAVE IN BOND 50ML;PERFUMARIA E LIMPEZA;87050;29/06/2026;161400;86224;6;18;12;2;0;03/07/2026;ALEXSANDER;17
3;5806;ESC DENTAL COLGATE ESSENCIAL CLEAN PACK 06UN;PERFUMARIA E LIMPEZA;87050;29/06/2026;161400;86224;6;90;18;3;0;03/07/2026;ALEXSANDER;0
3;20613;MAS ESPAGUETINI ISABELA SEMOLA 500G;MERCEARIA;87293;29/06/2026;161726;86068;20;60;40;0;0;30/06/2026;JESSICA;26
3;2509;ERVA MATE PONCHE VERDE 500G MOIDA GROSSA;MERCEARIA;87293;29/06/2026;161726;86068;20;0;200;0;0;01/07/2026;BRUNO ANTUNES;258
3;2361;FEIJAO VERMELHO ARBAZA 500G;MERCEARIA;87293;29/06/2026;161726;86068;12;1161;120;0;0;01/07/2026;ALEXSANDRO;2
3;1430;CHOC KIT KAT 41 5G FINGER AO LEITE;MERCEARIA;87293;29/06/2026;161726;86068;24;4704;480;20;0;30/06/2026;MONIQUE;75
3;35236;BOMBOM LACTA OREO 20G;MERCEARIA;87293;29/06/2026;161726;86068;27;0;135;5;0;30/06/2026;MONIQUE;45
3;36268;PROTETOR TERM PANTENE REPAIR 170ML;PERFUMARIA E LIMPEZA;87293;29/06/2026;161726;86068;1;47;6;6;6;01/07/2026;PAMELA;12
3;22679;RAC 4PATAS GATOS CASTRADOS 1K;PRODUTOS PET;87293;29/06/2026;161726;86068;10;331;50;0;0;30/06/2026;JESSICA;-23
4;3401;BARRA CEREAL RITTER 25G BANANA ZR ACUC;MERCEARIA;87052;29/06/2026;161401;86225;24;48;48;2;0;30/06/2026;MONIQUE;0
4;23022;SAB LIQ BELEZA AMAZONIA 370ML FLORES CAMPO;PERFUMARIA E LIMPEZA;87052;29/06/2026;161401;86225;12;12;12;1;0;03/07/2026;MONIQUE;21
4;22903;REMOV ESM AMAZONIA 80ML;PERFUMARIA E LIMPEZA;87052;29/06/2026;161401;86225;12;492;12;1;1;03/07/2026;ALEXSANDER;-2
4;35236;BOMBOM LACTA OREO 20G;MERCEARIA;87052;29/06/2026;161401;86225;27;0;27;1;0;30/06/2026;MONIQUE;19
4;2292;ERVILHA BELLA DICA PARTIDA 400GR;PERECIVEIS;87052;29/06/2026;161401;86225;12;840;12;1;0;;;221
4;10181;SAB POMPOM 80G HIDRATANTE;PERFUMARIA E LIMPEZA;87052;29/06/2026;161401;86225;12;1992;12;1;0;03/07/2026;ALEXSANDER;89
4;12173;ABS GERIAMAX POS PARTO OPERAT C 20;PERFUMARIA E LIMPEZA;87052;29/06/2026;161401;86225;6;120;6;0;0;03/07/2026;BRUNO ANTUNES;0
4;37021;FAROFA DINDA 200G TRAD;MERCEARIA;87052;29/06/2026;161401;86225;25;750;25;1;0;;;14
4;15296;CALDO MAGGI 57G LEGUMES;MERCEARIA;87052;29/06/2026;161401;86225;10;0;10;1;0;30/06/2026;MONIQUE;81
4;6228;GEL DENT SORRISO FRESH 90G XTRA MINT;PERFUMARIA E LIMPEZA;87052;29/06/2026;161401;86225;12;0;12;0;0;03/07/2026;ALEXSANDER;7
4;19315;COT HASTES FLEX COTTONBABY PT 100UN;PERFUMARIA E LIMPEZA;87052;29/06/2026;161401;86225;1;8;2;0;0;03/07/2026;ALEXSANDER;57
5;3635;SAL MOIDO CBS 1KG;MERCEARIA;87054;29/06/2026;161402;86226;10;2324;10;1;0;;;91
5;2879;MASSA C OVOS ISABELA 500G ESPAGUETE;MERCEARIA;87054;29/06/2026;161402;86226;20;0;20;0;0;;;5
5;1276;CHOC BARRA GAROTO 80G MEIO AMARGO;MERCEARIA;87054;29/06/2026;161402;86226;16;80;16;0;0;;ERICA;53
5;18747;FRALDA DESC FERINHA JUMBINHO C/16 G;PERFUMARIA E LIMPEZA;87054;29/06/2026;161402;86226;12;4;12;1;0;02/07/2026;MURILO;0
5;17309;DESOD ROLLON REXONA 50ML F POWDER;PERFUMARIA E LIMPEZA;87054;29/06/2026;161402;86226;12;300;12;0;0;06/07/2026;PAMELA;3
5;17317;DESOD ROLLON REXONA 50ML XTRA COOL;PERFUMARIA E LIMPEZA;87054;29/06/2026;161402;86226;12;540;12;0;0;06/07/2026;PAMELA;10
5;5850;ESC DENTAL ORAL B PRO;PERFUMARIA E LIMPEZA;87054;29/06/2026;161402;86226;12;0;12;1;1;06/07/2026;PAMELA;5
5;4258;AP PROBAK II LV7 PG5;PERFUMARIA E LIMPEZA;87054;29/06/2026;161402;86226;1;14;2;2;2;06/07/2026;PAMELA;99
5;9539;FRALDA BABYSEC ULTRA JUMBINHO G 16UN;PERFUMARIA E LIMPEZA;87054;29/06/2026;161402;86226;8;80;8;1;0;02/07/2026;MURILO;12
5;3524;FERM QUIMICO PO FLEISCHMANN PT 100G;MERCEARIA;87054;29/06/2026;161402;86226;12;120;12;0;0;;ERICA;9
5;1134;BISC DOCE NESTLE CHOCO TRIO 90G CHOC;MERCEARIA;87297;29/06/2026;161728;86071;12;432;24;0;0;30/06/2026;JOCELAINE;6
5;1430;CHOC KIT KAT 41 5G FINGER AO LEITE;MERCEARIA;87297;29/06/2026;161728;86071;24;4704;240;0;0;30/06/2026;MONIQUE;-42
5;3287;SALG KEVYTOS SHOW 38G PRESUNTO;MERCEARIA;87297;29/06/2026;161728;86071;20;400;40;0;0;30/06/2026;JOCELAINE;-18
5;2509;ERVA MATE PONCHE VERDE 500G MOIDA GROSSA;MERCEARIA;87297;29/06/2026;161728;86071;20;0;100;0;0;01/07/2026;BRUNO ANTUNES;43
5;1847;DROPS FREEGELLS 27 9G VIT C CITRUS;MERCEARIA;87297;29/06/2026;161728;86071;12;108;36;3;3;30/06/2026;MONIQUE;0
5;35236;BOMBOM LACTA OREO 20G;MERCEARIA;87297;29/06/2026;161728;86071;27;0;81;0;0;30/06/2026;MONIQUE;39
5;1894;DROPS FREEGELLS 27 6G CEREJA CHOC;MERCEARIA;87297;29/06/2026;161728;86071;12;336;36;3;3;30/06/2026;MONIQUE;0
6;2747;FARINHA TRIGO ROSESOL 5KG;MERCEARIA;87056;29/06/2026;161403;86227;5;30;5;0;0;01/07/2026;BRUNO ANTUNES;-5
6;1747;CHICLE FREEGELLS GUM 8G ORIG CHERRY;MERCEARIA;87056;29/06/2026;161403;86227;15;15;15;0;0;03/07/2026;ERICA;11
6;2280;CANJICA AMARELA CBS 400G;MERCEARIA;87056;29/06/2026;161403;86227;12;48;12;0;0;01/07/2026;BRUNO ANTUNES;1
6;36813;ARROZ BCO BOM DE PANELA TP1 5KG;MERCEARIA;87056;29/06/2026;161403;86227;6;36;54;0;0;01/07/2026;BRUNO ANTUNES;22
6;2046;ARROZ ARBOREO PILECCO 1KG;MERCEARIA;87056;29/06/2026;161403;86227;10;10;10;0;0;01/07/2026;BRUNO ANTUNES;24
6;7950;SABON PALMOLIVE NATURALS 150G TURMALINA;PERFUMARIA E LIMPEZA;87056;29/06/2026;161403;86227;72;0;72;0;0;04/07/2026;BRUNO ANTUNES;4
6;2240;ARROZ PARBO PRATO FINO TP1 5KG;MERCEARIA;87056;29/06/2026;161403;86227;6;12;6;0;0;01/07/2026;BRUNO ANTUNES;9
6;24310;SH COTTONBABY SNOOPY 200ML TOQUE ALGODAO;PERFUMARIA E LIMPEZA;87056;29/06/2026;161403;86227;12;12;12;0;0;04/07/2026;BRUNO ANTUNES;6
6;17317;DESOD ROLLON REXONA 50ML XTRA COOL;PERFUMARIA E LIMPEZA;87056;29/06/2026;161403;86227;12;540;12;0;0;06/07/2026;AUGUSTO;-1
6;23212;SAL MOIDO 5 ESTRELAS 1KG;MERCEARIA;87056;29/06/2026;161403;86227;10;12236;40;0;0;01/07/2026;BRUNO ANTUNES;202
6;3524;FERM QUIMICO PO FLEISCHMANN PT 100G;MERCEARIA;87056;29/06/2026;161403;86227;12;120;12;0;0;03/07/2026;ERICA;0
6;18979;GEL FIX DI HELLEN BRI MOL FL ADREN 240G;PERFUMARIA E LIMPEZA;87056;29/06/2026;161403;86227;12;12;12;0;0;06/07/2026;AUGUSTO;12
6;5806;ESC DENTAL COLGATE ESSENCIAL CLEAN PACK 06UN;PERFUMARIA E LIMPEZA;87056;29/06/2026;161403;86227;6;90;18;0;0;06/07/2026;AUGUSTO;1
6;4264;AP VENUS SIMPLY LV4 PG3;PERFUMARIA E LIMPEZA;87056;29/06/2026;161403;86227;6;36;6;1;1;06/07/2026;AUGUSTO;6
6;9546;FRALDA MILI JUMBINHO G 20UN;PERFUMARIA E LIMPEZA;87056;29/06/2026;161403;86227;9;639;9;0;0;04/07/2026;BRUNO ANTUNES;-16
6;5249;CR DENT CLOSE UP 70G PROT BIOATIVA;PERFUMARIA E LIMPEZA;87056;29/06/2026;161403;86227;72;0;72;0;0;04/07/2026;BRUNO ANTUNES;2
6;35724;MASC TRAT TOQUE DE SEDA 300G SEDA;PERFUMARIA E LIMPEZA;87056;29/06/2026;161403;86227;6;78;6;1;1;04/07/2026;ALEXSANDER;0
6;5654;DESOD ROLLON NIVEA 50ML M INV B W POWER;PERFUMARIA E LIMPEZA;87056;29/06/2026;161403;86227;12;24;12;0;0;04/07/2026;ALEXSANDER;4
6;34564;CREME JOAO E MARIA 40G P ASSADURA;PERFUMARIA E LIMPEZA;87056;29/06/2026;161403;86227;1;33;2;0;0;06/07/2026;AUGUSTO;0
6;2817;FARINHA KIPOLENTA YOKI 500G;MERCEARIA;87056;29/06/2026;161403;86227;24;54;24;0;0;01/07/2026;BRUNO ANTUNES;5
6;3431;SOPA GALINHA MAGGI 60G FIDELINI;MERCEARIA;87056;29/06/2026;161403;86227;10;59;10;0;0;03/07/2026;ERICA;11
6;22702;RAC DODOG ORIG 10 1K;PRODUTOS PET;87056;29/06/2026;161403;86227;1;150;8;8;0;01/07/2026;JESSICA;-10
6;7356;PAPEL HIG DUETTO 4 UN DE 30M PERFUMADO;PERFUMARIA E LIMPEZA;87056;29/06/2026;161403;86227;16;0;16;0;0;29/06/2026;MAYNARA;33
6;18746;FRALDA DESC FERINHA JUMBINHO C 14 XXG;PERFUMARIA E LIMPEZA;87056;29/06/2026;161403;86227;12;0;12;0;0;04/07/2026;BRUNO ANTUNES;12
6;7948;SABON PALMOLIVE NATURALS 150G OLEO ARGAN;PERFUMARIA E LIMPEZA;87056;29/06/2026;161403;86227;72;72;72;0;0;04/07/2026;BRUNO ANTUNES;18
6;17665;ERVA MATE CAMBONA MOIDA GROSSA 1KG;MERCEARIA;87056;29/06/2026;161403;86227;10;136;20;0;0;01/07/2026;BRUNO ANTUNES;64
6;2637;ERVA MATE PONCHE VERDE 1KG LAMINADO;MERCEARIA;87056;29/06/2026;161403;86227;10;70;10;0;0;01/07/2026;BRUNO ANTUNES;-1
6;3383;CALDO APTI 19G GALINHA;MERCEARIA;87056;29/06/2026;161403;86227;24;600;24;1;1;03/07/2026;ERICA;56
6;648;WHISKY MASTER GOLD VD 900ML;BEBIDAS;87056;29/06/2026;161403;86227;1;85;1;1;1;03/07/2026;ERICA;0
6;5805;ESC DENTAL COLGATE CLASSIC LONG MD 8460;PERFUMARIA E LIMPEZA;87056;29/06/2026;161403;86227;12;168;12;0;0;06/07/2026;AUGUSTO;0
6;5277;CR DENTAL TANDY 50G UVA;PERFUMARIA E LIMPEZA;87056;29/06/2026;161403;86227;12;14;12;0;0;06/07/2026;AUGUSTO;3
6;16930;CR TRAT CAPILAR HEDERA BABOSA 960G;PERFUMARIA E LIMPEZA;87056;29/06/2026;161403;86227;6;133;6;0;0;04/07/2026;BRUNO ANTUNES;6
6;1847;DROPS FREEGELLS 27 9G VIT C CITRUS;MERCEARIA;87299;29/06/2026;161729;86072;12;108;60;5;5;30/06/2026;MONIQUE;28
6;1856;PAST DOCILE MINTY 14G LAR;MERCEARIA;87299;29/06/2026;161729;86072;12;731;36;3;3;30/06/2026;MONIQUE;3
6;22679;RAC 4PATAS GATOS CASTRADOS 1K;PRODUTOS PET;87299;29/06/2026;161729;86072;10;331;20;0;0;30/06/2026;JOCELAINE;3
6;1894;DROPS FREEGELLS 27 6G CEREJA CHOC;MERCEARIA;87299;29/06/2026;161729;86072;12;336;60;5;5;30/06/2026;MONIQUE;0
6;9539;FRALDA BABYSEC ULTRA JUMBINHO G 16UN;PERFUMARIA E LIMPEZA;87299;29/06/2026;161729;86072;8;80;16;2;0;30/06/2026;AUGUSTO;-3
6;35236;BOMBOM LACTA OREO 20G;MERCEARIA;87299;29/06/2026;161729;86072;27;0;135;0;0;30/06/2026;MONIQUE;-112
6;20613;MAS ESPAGUETINI ISABELA SEMOLA 500G;MERCEARIA;87299;29/06/2026;161729;86072;20;60;20;0;0;30/06/2026;JOCELAINE;-8
6;2509;ERVA MATE PONCHE VERDE 500G MOIDA GROSSA;MERCEARIA;87299;29/06/2026;161729;86072;20;0;200;0;0;01/07/2026;BRUNO ANTUNES;0
7;7922;SABONETE LUX 85G BUQUE D JASMIM;PERFUMARIA E LIMPEZA;87058;29/06/2026;161404;85879;108;774;108;1;0;;;-1
7;5550;DESOD AERO MONANGE 90G EXTRATO OLIVA;PERFUMARIA E LIMPEZA;87058;29/06/2026;161404;85879;12;588;12;1;1;06/07/2026;ALEXSANDER;1
7;1834;PAST DOCILE ROLLY MINTY 29G EXTRA FORTE;MERCEARIA;87058;29/06/2026;161404;85879;12;384;12;1;1;04/07/2026;MONIQUE;0
7;1430;CHOC KIT KAT 41 5G FINGER AO LEITE;MERCEARIA;87058;29/06/2026;161404;85879;24;4704;24;0;0;04/07/2026;MONIQUE;42
7;5553;DESOD AERO MONANGE 90G INVISIVEL;PERFUMARIA E LIMPEZA;87058;29/06/2026;161404;85879;12;660;12;1;1;06/07/2026;ALEXSANDER;7
7;10195;SAB SENSUS BEAUTY ESSENCE 80G FLORESCER ASIAT;PERFUMARIA E LIMPEZA;87058;29/06/2026;161404;85879;108;1836;108;1;0;;;34
7;10196;SAB SENSUS BEAUTY ESSENCE 80G FOR MEN;PERFUMARIA E LIMPEZA;87058;29/06/2026;161404;85879;108;2268;108;0;0;06/07/2026;ALEXSANDER;20
7;34564;CREME JOAO E MARIA 40G P ASSADURA;PERFUMARIA E LIMPEZA;87058;29/06/2026;161404;85879;1;33;1;0;0;07/07/2026;PAMELA;0
7;8791;ABS MILI NOTURNO C ABAS 8UN;PERFUMARIA E LIMPEZA;87058;29/06/2026;161404;85879;36;0;36;1;0;02/07/2026;MURILO;37
7;10198;SAB SENSUS BEAUTY ESSENCE 80G LIMA LIM ORIENT;PERFUMARIA E LIMPEZA;87058;29/06/2026;161404;85879;108;1296;108;1;0;;;22
7;38005;CHOC KIT KAT MACCHIATO 41 5G;MERCEARIA;87058;29/06/2026;161404;85879;24;2304;48;2;2;04/07/2026;MONIQUE;99
7;1282;CHOC BARRA LACTA AO LEITE 80G;MERCEARIA;87058;29/06/2026;161404;85879;17;85;17;0;0;04/07/2026;MONIQUE;91
7;7558;PROT DIARIO MILI 15UN SUAVE S ABAS;PERFUMARIA E LIMPEZA;87058;29/06/2026;161404;85879;24;288;24;0;0;02/07/2026;JESUS;8
7;6617;KIT SH SEDA SH 300 COND 190ML LISO PERFEITO;PERFUMARIA E LIMPEZA;87058;29/06/2026;161404;85879;15;2925;30;2;0;;;18
7;12173;ABS GERIAMAX POS PARTO OPERAT C 20;PERFUMARIA E LIMPEZA;87058;29/06/2026;161404;85879;6;120;12;2;0;;;4
7;1837;PAST DOCILE ROLLY MINTY 29G FRUIT;MERCEARIA;87058;29/06/2026;161404;85879;12;1320;24;2;2;04/07/2026;MONIQUE;13
7;23002;SAB FONTANA SENSUS 150G LIMA LIMAO ORI;PERFUMARIA E LIMPEZA;87058;29/06/2026;161404;85879;72;720;72;0;0;06/07/2026;ALEXSANDER;73
7;9233;CR TRAT VINI LADY SC 700G LISO INTENSO;PERFUMARIA E LIMPEZA;87058;29/06/2026;161404;85879;12;36;12;1;0;;;10
7;1838;PAST DOCILE ROLLY MINTY 29G HORTELA;MERCEARIA;87058;29/06/2026;161404;85879;12;252;24;2;2;04/07/2026;MONIQUE;0
7;7878;SABONETE DOVE 90G KARITE BAUNILHA;PERFUMARIA E LIMPEZA;87058;29/06/2026;161404;85879;48;3792;48;1;0;;;229
7;2509;ERVA MATE PONCHE VERDE 500G MOIDA GROSSA;MERCEARIA;87301;29/06/2026;161730;86073;20;0;100;0;0;01/07/2026;ALEXSANDER;-5
7;1430;CHOC KIT KAT 41 5G FINGER AO LEITE;MERCEARIA;87301;29/06/2026;161730;86073;24;4704;240;0;0;30/06/2026;MONIQUE;42
7;1847;DROPS FREEGELLS 27 9G VIT C CITRUS;MERCEARIA;87301;29/06/2026;161730;86073;12;108;24;2;2;30/06/2026;MONIQUE;9
8;7929;SABONETE LUX 85G ORQUIDEA NEGRA;PERFUMARIA E LIMPEZA;87060;29/06/2026;161405;86228;108;1314;108;1;0;;;46
8;1276;CHOC BARRA GAROTO 80G MEIO AMARGO;MERCEARIA;87060;29/06/2026;161405;86228;16;80;16;0;0;04/07/2026;MONIQUE;-11
8;34564;CREME JOAO E MARIA 40G P ASSADURA;PERFUMARIA E LIMPEZA;87060;29/06/2026;161405;86228;1;33;1;1;0;;;16
8;3401;BARRA CEREAL RITTER 25G BANANA ZR ACUC;MERCEARIA;87060;29/06/2026;161405;86228;24;48;24;0;0;04/07/2026;MONIQUE;5
8;10196;SAB SENSUS BEAUTY ESSENCE 80G FOR MEN;PERFUMARIA E LIMPEZA;87060;29/06/2026;161405;86228;108;2268;108;1;0;;;63
8;557;REPOS ENGOV AFTER 250ML RED HITS;BEBIDAS;87060;29/06/2026;161405;86228;6;30;12;2;2;04/07/2026;MONIQUE;1
8;9145;COND SEDA GLYCOL VIT C 425ML;PERFUMARIA E LIMPEZA;87060;29/06/2026;161405;86228;12;21;12;1;0;;;0
8;8246;SH JAY LUC 1L NEUTRO;PERFUMARIA E LIMPEZA;87060;29/06/2026;161405;86228;12;108;12;1;0;;;12
8;2786;FAROFA MANDIOCA YOKI 200G TRADICIONAL;MERCEARIA;87060;29/06/2026;161405;86228;14;14;14;1;0;;;36
8;19315;COT HASTES FLEX COTTONBABY PT 100UN;PERFUMARIA E LIMPEZA;87060;29/06/2026;161405;86228;1;8;1;1;0;;;45
8;3948;AGUA SANIT GOTA LIMPA 1L;PERFUMARIA E LIMPEZA;87156;29/06/2026;161537;86426;12;398;48;0;0;;;117
8;10178;SABON PALMOLIVE NATURALS 85G KARITE;PERFUMARIA E LIMPEZA;87174;29/06/2026;161562;86426;108;648;216;2;0;;;55
8;10144;SAB FARNESE 180G AVEIA ESFOL;PERFUMARIA E LIMPEZA;87174;29/06/2026;161562;86426;36;324;216;6;0;;;29
8;2509;ERVA MATE PONCHE VERDE 500G MOIDA GROSSA;MERCEARIA;87303;29/06/2026;161731;86074;20;0;100;0;0;01/07/2026;BRUNO ANTUNES;1
8;1847;DROPS FREEGELLS 27 9G VIT C CITRUS;MERCEARIA;87303;29/06/2026;161731;86074;12;108;24;2;2;30/06/2026;MONIQUE;336
11;1747;CHICLE FREEGELLS GUM 8G ORIG CHERRY;MERCEARIA;87062;29/06/2026;161406;85799;15;15;15;1;0;07/07/2026;PAMELA;6
11;1276;CHOC BARRA GAROTO 80G MEIO AMARGO;MERCEARIA;87062;29/06/2026;161406;85799;16;80;16;1;0;07/07/2026;PAMELA;26
11;6234;GEL DENTAL CLOSE UP 90G ORIG RED HOT;PERFUMARIA E LIMPEZA;87062;29/06/2026;161406;85799;12;286;12;2;0;03/07/2026;JESSICA M;-24
11;1292;CHOC BARRA NESTLE 80G MEIO AMARGO;MERCEARIA;87062;29/06/2026;161406;85799;16;368;16;1;0;07/07/2026;PAMELA;38
11;3401;BARRA CEREAL RITTER 25G BANANA ZR ACUC;MERCEARIA;87062;29/06/2026;161406;85799;24;48;24;1;0;07/07/2026;PAMELA;2
11;648;WHISKY MASTER GOLD VD 900ML;BEBIDAS;87062;29/06/2026;161406;85799;1;85;1;1;0;07/07/2026;PAMELA;10
11;9233;CR TRAT VINI LADY SC 700G LISO INTENSO;PERFUMARIA E LIMPEZA;87062;29/06/2026;161406;85799;12;36;12;1;0;03/07/2026;JESSICA M;7
11;7936;SABONETE NIVEA 85G LAVANDA;PERFUMARIA E LIMPEZA;87062;29/06/2026;161406;85799;96;1056;96;1;0;03/07/2026;JESSICA M;99
11;1430;CHOC KIT KAT 41 5G FINGER AO LEITE;MERCEARIA;87062;29/06/2026;161406;85799;24;4704;24;5;0;07/07/2026;PAMELA;21
11;6127;FRALDA CONFORTSEC PAMPERS XXG 30UN;PERFUMARIA E LIMPEZA;87062;29/06/2026;161406;85799;4;2;4;3;0;03/07/2026;JESSICA M;0
11;7922;SABONETE LUX 85G BUQUE D JASMIM;PERFUMARIA E LIMPEZA;87062;29/06/2026;161406;85799;108;774;108;1;0;03/07/2026;JESSICA M;2
11;2368;FEIJAO VERMELHO SERRA URUGUAI 500G;MERCEARIA;87062;29/06/2026;161406;85799;20;459;20;1;0;;;34
11;3802;PO P SORVETE APTI 120G ABACAXI;MERCEARIA;87062;29/06/2026;161406;85799;12;12;12;1;0;07/07/2026;PAMELA;26
11;5538;DESOD AERO DOVE 89G 150ML ORIGINAL;PERFUMARIA E LIMPEZA;87062;29/06/2026;161406;85799;12;418;12;1;0;03/07/2026;JESSICA M;7
11;16827;CR DENT COLGATE 180G CARVAO;PERFUMARIA E LIMPEZA;87062;29/06/2026;161406;85799;48;48;48;1;0;03/07/2026;JESSICA M;16
11;1295;CHOC BARRA NESTLE 80G DIPLOMATA;MERCEARIA;87062;29/06/2026;161406;85799;16;0;64;0;0;07/07/2026;PAMELA;14
11;35236;BOMBOM LACTA OREO 20G;MERCEARIA;87305;29/06/2026;161732;86082;27;0;135;0;0;30/06/2026;MONIQUE;-8
11;1847;DROPS FREEGELLS 27 9G VIT C CITRUS;MERCEARIA;87305;29/06/2026;161732;86082;12;108;36;3;3;30/06/2026;MONIQUE;5
11;1813;BALA GOMA DORI GOMETS 70G SINO;MERCEARIA;87305;29/06/2026;161732;86082;30;120;60;0;0;30/06/2026;JOCELAINE;-10
11;1894;DROPS FREEGELLS 27 6G CEREJA CHOC;MERCEARIA;87305;29/06/2026;161732;86082;12;336;36;3;3;30/06/2026;MONIQUE;4
11;1430;CHOC KIT KAT 41 5G FINGER AO LEITE;MERCEARIA;87305;29/06/2026;161732;86082;24;4704;240;0;0;30/06/2026;MONIQUE;21
11;3951;AGUA SANIT Q BOA 2L;PERFUMARIA E LIMPEZA;87305;29/06/2026;161732;86082;6;20;18;0;0;;;2
11;6783;LEITE UHT TIROL C TAMPA 1L INTEGRAL;PERECIVEIS;87500;29/06/2026;162237;;12;55360;4080;0;0;;;1626
11;9751;LEITE SANTA CLARA UHT INT 1L;PERECIVEIS;87502;29/06/2026;162238;;12;95304;1020;0;0;;;5630
12;16914;CR P PENT NIELY H AGUA COCO 250G;PERFUMARIA E LIMPEZA;87064;29/06/2026;161407;85882;12;36;12;1;0;;;10
12;7942;SABON PALMOLIVE NATURALS 150G GELEIA REAL;PERFUMARIA E LIMPEZA;87064;29/06/2026;161407;85882;72;0;72;1;0;;;46
12;24313;SH DARLING CERAMIDAS 650ML;PERFUMARIA E LIMPEZA;87064;29/06/2026;161407;85882;6;0;6;1;0;;;13
12;4258;AP PROBAK II LV7 PG5;PERFUMARIA E LIMPEZA;87064;29/06/2026;161407;85882;1;14;4;4;0;;;24
12;7232;OLEO KING 100ML MULTIUSO;PERFUMARIA E LIMPEZA;87064;29/06/2026;161407;85882;6;42;6;1;0;;;20
12;10178;SABON PALMOLIVE NATURALS 85G KARITE;PERFUMARIA E LIMPEZA;87064;29/06/2026;161407;85882;108;648;108;1;0;;;9
12;23000;SAB FONTANA SENSUS 150G FLORESCER;PERFUMARIA E LIMPEZA;87064;29/06/2026;161407;85882;72;1296;72;1;0;;;22
12;2799;FAROFA MANDIOCA YOKI 400G TRADICIONAL;MERCEARIA;87064;29/06/2026;161407;85882;24;672;24;0;0;02/07/2026;ALEXSANDRO;40
12;647;WHISKY GREEN VALLEY VD 1L;BEBIDAS;87064;29/06/2026;161407;85882;1;4;1;1;0;07/07/2026;PAMELA;5
12;22697;RAC CBS GATO PEIXE CAR 500G;PRODUTOS PET;87064;29/06/2026;161407;85882;10;90;10;0;0;01/07/2026;JOCELAINE;10
12;17309;DESOD ROLLON REXONA 50ML F POWDER;PERFUMARIA E LIMPEZA;87064;29/06/2026;161407;85882;12;300;12;1;0;;;31
12;17280;DESOD ROLLON AMAZONIA 55ML FOR MEN;PERFUMARIA E LIMPEZA;87064;29/06/2026;161407;85882;24;24;24;1;0;;;13
12;3642;SAL REFINADO CISNE 1KG;MERCEARIA;87064;29/06/2026;161407;85882;10;0;10;0;0;02/07/2026;ALEXSANDRO;7
12;5028;COND PANTENE 175ML HIDRATACAO;PERFUMARIA E LIMPEZA;87064;29/06/2026;161407;85882;6;2;6;1;0;;;11
12;20193;LIXA P PES DUPLA FACE;PERFUMARIA E LIMPEZA;87064;29/06/2026;161407;85882;1;0;1;1;0;;;5
12;10198;SAB SENSUS BEAUTY ESSENCE 80G LIMA LIM ORIENT;PERFUMARIA E LIMPEZA;87064;29/06/2026;161407;85882;108;1296;108;1;0;;;26
12;3377;CALDO KNORR 57G CARNE;MERCEARIA;87064;29/06/2026;161407;85882;10;10;10;1;0;07/07/2026;PAMELA;17
12;7426;PEDRA SANITARIA SANI SOL 20G LAVANDA;PERFUMARIA E LIMPEZA;87064;29/06/2026;161407;85882;144;3900;144;1;0;;;162
12;6234;GEL DENTAL CLOSE UP 90G ORIG RED HOT;PERFUMARIA E LIMPEZA;87064;29/06/2026;161407;85882;12;286;12;1;0;;;20
12;5550;DESOD AERO MONANGE 90G EXTRATO OLIVA;PERFUMARIA E LIMPEZA;87064;29/06/2026;161407;85882;12;588;12;1;0;;;12
12;8246;SH JAY LUC 1L NEUTRO;PERFUMARIA E LIMPEZA;87064;29/06/2026;161407;85882;12;108;12;1;0;;;16
12;8405;SH VINI LADY 325ML LISO INTENSO;PERFUMARIA E LIMPEZA;87064;29/06/2026;161407;85882;12;0;12;1;0;;;6
12;37014;FAROFA DINDA 200G PICANHA;MERCEARIA;87064;29/06/2026;161407;85882;25;219;25;0;0;02/07/2026;ALEXSANDRO;9
12;1036;BALA DORI GELATINA 13G AMORA;MERCEARIA;87064;29/06/2026;161407;85882;12;0;12;1;0;07/07/2026;PAMELA;2
12;1286;CHOC BARRA NESTLE 80G SUFLAIR;MERCEARIA;87064;29/06/2026;161407;85882;16;-32;16;1;0;;;0
12;1357;CHOC BATON GAROTO 16G LEITE CREME;MERCEARIA;87064;29/06/2026;161407;85882;30;240;30;1;0;07/07/2026;PAMELA;13
13;8235;SH HEAD SHOULD 400ML 3X1;PERFUMARIA E LIMPEZA;87066;29/06/2026;161408;85883;6;24;6;1;0;;;20
13;24639;TCO CORP JAYLUC 80G ROSAS;PERFUMARIA E LIMPEZA;87066;29/06/2026;161408;85883;12;48;12;1;0;;;4
13;10291;SH POMPOM 200ML CAMOMILA;PERFUMARIA E LIMPEZA;87066;29/06/2026;161408;85883;12;0;12;1;0;;;3
13;5805;ESC DENTAL COLGATE CLASSIC LONG MD 8460;PERFUMARIA E LIMPEZA;87066;29/06/2026;161408;85883;12;168;12;1;0;;;-1
13;9548;FRALDA MILI JUMBINHO P 24UN;PERFUMARIA E LIMPEZA;87066;29/06/2026;161408;85883;9;171;9;1;0;06/07/2026;ERICA;7
13;1747;CHICLE FREEGELLS GUM 8G ORIG CHERRY;MERCEARIA;87066;29/06/2026;161408;85883;15;15;15;1;0;;;6
13;557;REPOS ENGOV AFTER 250ML RED HITS;BEBIDAS;87066;29/06/2026;161408;85883;6;30;12;2;0;;;0
13;23108;SABON PALMOLIVE 150G ARGILA EUCALIP;PERFUMARIA E LIMPEZA;87066;29/06/2026;161408;85883;72;72;144;2;0;;;4
13;5250;CR DENT CLOSE UP 70G TRIPLE HORTELA;PERFUMARIA E LIMPEZA;87066;29/06/2026;161408;85883;72;2304;72;1;0;06/07/2026;ERICA;72
13;16827;CR DENT COLGATE 180G CARVAO;PERFUMARIA E LIMPEZA;87066;29/06/2026;161408;85883;48;48;48;1;0;06/07/2026;ERICA;53
13;3405;BARRA CEREAL RITTER 22G BRIGADEIRO;MERCEARIA;87066;29/06/2026;161408;85883;24;0;24;1;0;;;58
13;34564;CREME JOAO E MARIA 40G P ASSADURA;PERFUMARIA E LIMPEZA;87066;29/06/2026;161408;85883;1;33;1;1;0;;;1
13;3401;BARRA CEREAL RITTER 25G BANANA ZR ACUC;MERCEARIA;87066;29/06/2026;161408;85883;24;48;24;1;0;;;13
13;20247;LOCAO POS BARBA JAYLUC 100G;PERFUMARIA E LIMPEZA;87066;29/06/2026;161408;85883;1;0;1;1;0;;;10
13;19315;COT HASTES FLEX COTTONBABY PT 100UN;PERFUMARIA E LIMPEZA;87066;29/06/2026;161408;85883;1;8;1;1;0;;;4
13;13514;BLO LIXA P UNHA BONITTA;PERFUMARIA E LIMPEZA;87066;29/06/2026;161408;85883;1;1;1;1;0;;;2
13;20193;LIXA P PES DUPLA FACE;PERFUMARIA E LIMPEZA;87066;29/06/2026;161408;85883;1;0;1;1;0;;;3
13;17311;DESOD ROLLON REXONA 50ML INVISIBLE;PERFUMARIA E LIMPEZA;87066;29/06/2026;161408;85883;12;36;12;1;0;06/07/2026;ERICA;36
13;19312;COT HASTES FLEX COTTONBABY C 75;PERFUMARIA E LIMPEZA;87066;29/06/2026;161408;85883;72;3528;72;1;0;06/07/2026;ERICA;75
13;6126;FRALDA CONFORTSEC PAMPERS G 38UN;PERFUMARIA E LIMPEZA;87066;29/06/2026;161408;85883;4;0;4;1;0;06/07/2026;ERICA;6
13;5763;ENX BUC PLAX COLGATE LV750 PG500ML ODOR CONTROL;PERFUMARIA E LIMPEZA;87066;29/06/2026;161408;85883;12;72;12;1;0;;;5
13;17305;DESOD ROLLON REXONA 50ML ACT EMOT;PERFUMARIA E LIMPEZA;87066;29/06/2026;161408;85883;12;264;12;1;0;;;35
13;18739;FRALDA DESC BABYSEC ULTSEC MEGA P 42 UN;PERFUMARIA E LIMPEZA;87066;29/06/2026;161408;85883;6;0;6;1;0;06/07/2026;ERICA;7
13;5850;ESC DENTAL ORAL B PRO;PERFUMARIA E LIMPEZA;87066;29/06/2026;161408;85883;12;0;36;3;0;;;29
13;7922;SABONETE LUX 85G BUQUE D JASMIM;PERFUMARIA E LIMPEZA;87066;29/06/2026;161408;85883;108;774;108;1;0;06/07/2026;ERICA;114
13;3363;CALDO APTI 19G CARNE;MERCEARIA;87066;29/06/2026;161408;85883;24;3984;24;1;0;;;122
13;17309;DESOD ROLLON REXONA 50ML F POWDER;PERFUMARIA E LIMPEZA;87066;29/06/2026;161408;85883;12;300;12;1;0;;;24
13;2368;FEIJAO VERMELHO SERRA URUGUAI 500G;MERCEARIA;87066;29/06/2026;161408;85883;20;459;80;4;0;;;1
14;8966;CARVAO CHAMA CAMPEIRA 5KG;NAO ALIMENTO;87068;29/06/2026;161409;85884;1;462;4;0;0;30/06/2026;JESUS;72
14;7938;SABONETE NIVEA 85G PROTEINA LEITE;PERFUMARIA E LIMPEZA;87068;29/06/2026;161409;85884;96;864;96;1;0;;;181
14;33255;REFRIG CHARRUA PET 3L GUARANA;BEBIDAS;87068;29/06/2026;161409;85884;6;25;6;0;0;30/06/2026;JESUS;83
14;379;REFRE FRUKITO PET 200ML LIMAO;BEBIDAS;87068;29/06/2026;161409;85884;12;0;12;0;0;30/06/2026;JESUS;27
14;13403;BISC DOCE NESTLE CHOCO TRIO 90G PRESTIGIO;MERCEARIA;87068;29/06/2026;161409;85884;12;531;48;4;0;;;33
14;10181;SAB POMPOM 80G HIDRATANTE;PERFUMARIA E LIMPEZA;87068;29/06/2026;161409;85884;12;1992;72;6;0;;;38
14;7490;POMADA NUGGET 36G PRETA;PERFUMARIA E LIMPEZA;87068;29/06/2026;161409;85884;12;0;12;1;0;;;17
14;52;AGUA MIN FLORESTA PET 5L S GAS;BEBIDAS;87068;29/06/2026;161409;85884;4;28;8;0;0;30/06/2026;JESUS;0
14;821;REFRIG FRUKI PET 2L LIMAO;BEBIDAS;87068;29/06/2026;161409;85884;6;0;6;0;0;30/06/2026;JESUS;8
14;780;REFRIG SPRITE PET 200ML;BEBIDAS;87068;29/06/2026;161409;85884;12;0;12;0;0;30/06/2026;JESUS;146
14;3680;LEITE COND TRIANGULO TP 395G;MERCEARIA;87068;29/06/2026;161409;85884;27;81;27;1;0;;;0
14;7921;SABONETE LUX 125G SUAVE ROSAS FRANCESAS;PERFUMARIA E LIMPEZA;87068;29/06/2026;161409;85884;72;1080;72;1;0;;;70
14;761;REFRIG ANTAR SODA LIMONAD PET 200ML;BEBIDAS;87068;29/06/2026;161409;85884;12;360;12;0;0;30/06/2026;JESUS;0
14;833;REFRIG SUKITA PET 2L UVA;BEBIDAS;87068;29/06/2026;161409;85884;8;0;8;1;1;30/06/2026;JESUS;-5
14;548;GATORADE 500ML UVA;BEBIDAS;87068;29/06/2026;161409;85884;6;83;6;1;1;30/06/2026;JESUS;0
14;237;CERV BUDWEISER LN 330ML;BEBIDAS;87068;29/06/2026;161409;85884;24;1320;24;1;1;30/06/2026;JESUS;13
14;2448;SARDINHA NAUTIQUE 125G OLEO;MERCEARIA;87068;29/06/2026;161409;85884;50;12500;50;1;0;;;43
14;20391;MAIONESE LIZA CASEIRA 450G;MERCEARIA;87068;29/06/2026;161409;85884;12;96;12;1;0;;;12
14;2302;FEIJAO BRANCO CALDO OURO 500G;MERCEARIA;87068;29/06/2026;161409;85884;10;435;10;1;0;;;16
14;762;REFRIG COCA COLA PET 200ML;BEBIDAS;87068;29/06/2026;161409;85884;12;1668;24;0;0;30/06/2026;JESUS;1653
14;24498;SUCO NECTAR TRADICAO MISTO PET 1 5L UVA MACA;BEBIDAS;87068;29/06/2026;161409;85884;6;1002;6;0;0;30/06/2026;JESUS;12
14;436;ENERG BALY PET 2L MORANGO PESSEGO;BEBIDAS;87068;29/06/2026;161409;85884;6;0;6;0;0;30/06/2026;JESUS;2
14;128;CERV SKOL PILSEN GF 300ML RETORNAVEL;BEBIDAS;87068;29/06/2026;161409;85884;23;644;23;0;0;30/06/2026;JESUS;21
14;116;CERV SKOL 1L;BEBIDAS;87068;29/06/2026;161409;85884;12;12;12;0;0;30/06/2026;JESUS;-1
14;36868;HID LABIAL CARMED MELANCIA 10G;PERFUMARIA E LIMPEZA;87068;29/06/2026;161409;85884;1;12;2;2;0;;;1
14;1416;CHOC SNICKERS 45G;MERCEARIA;87068;29/06/2026;161409;85884;20;220;20;1;0;;;0
14;8243;SH JAY LUC 1L CEREMIDAS S SAL;PERFUMARIA E LIMPEZA;87068;29/06/2026;161409;85884;12;36;12;1;0;;;15
14;903;REFRIG PEPSI BLACK LT 350ML;BEBIDAS;87068;29/06/2026;161409;85884;12;2160;12;0;0;30/06/2026;JESUS;2
14;213;CERV SKOL PILSEN LT 473ML;BEBIDAS;87068;29/06/2026;161409;85884;12;27852;72;0;0;30/06/2026;JESUS;1479
14;3415;CREME LEITE ITALAC TP 200G;MERCEARIA;87068;29/06/2026;161409;85884;24;48;24;1;0;;;41
14;2449;TRIGO P KIBE JUREIA 500G;MERCEARIA;87068;29/06/2026;161409;85884;12;0;12;1;0;;;20
14;648;WHISKY MASTER GOLD VD 900ML;BEBIDAS;87068;29/06/2026;161409;85884;1;85;1;1;0;;;2
14;8791;ABS MILI NOTURNO C ABAS 8UN;PERFUMARIA E LIMPEZA;87068;29/06/2026;161409;85884;36;0;36;1;0;02/07/2026;MURILO;6
14;15615;CARVAO VEG CHURRASCO NA BRASA 5KG;NAO ALIMENTO;87068;29/06/2026;161409;85884;1;271;10;0;0;30/06/2026;JESUS;30
14;109;CERV BRAHMA CHOPP GF 1L RETORNAVEL;BEBIDAS;87068;29/06/2026;161409;85884;12;312;12;0;0;30/06/2026;JESUS;37
14;859;REFRIG PEPSI PET 600ML;BEBIDAS;87068;29/06/2026;161409;85884;12;0;12;0;0;30/06/2026;JESUS;2
14;413;AGUARD KIKANA PET 790ML;BEBIDAS;87068;29/06/2026;161409;85884;12;1380;12;1;1;30/06/2026;JESUS;10
14;289;CERV SOL PREMIUM LN 330ML;BEBIDAS;87068;29/06/2026;161409;85884;24;300;24;0;0;30/06/2026;JESUS;18
14;840;REFRIG PEPSI PET 3L;BEBIDAS;87068;29/06/2026;161409;85884;4;352;4;0;0;30/06/2026;JESUS;42
14;2923;ACHOC LIQ SHOWKINHO 1L;MERCEARIA;87068;29/06/2026;161409;85884;12;180;12;1;0;;;44
14;7932;SABONETE NIVEA 85G AVEIA;PERFUMARIA E LIMPEZA;87068;29/06/2026;161409;85884;96;1248;96;1;0;;;10
14;8244;SH JAY LUC 1L COCO SEM SAL;PERFUMARIA E LIMPEZA;87068;29/06/2026;161409;85884;12;24;12;1;0;;;22
14;786;REFRIG ANTARCTICA GUARANA PET 2L ZERO;BEBIDAS;87068;29/06/2026;161409;85884;8;1016;24;0;0;30/06/2026;JESUS;79
14;778;REFRIG PEPSI COLA PET 200ML;BEBIDAS;87068;29/06/2026;161409;85884;12;371;12;0;0;30/06/2026;JESUS;27
14;451;ENERG BALY LT 473ML TROPICAL;BEBIDAS;87068;29/06/2026;161409;85884;6;72;6;1;1;30/06/2026;JESUS;6
14;6828;AGUA SABORIZ H2OH 500ML LIMONETO;BEBIDAS;87068;29/06/2026;161409;85884;12;0;12;1;0;;;25
14;12237;ACUCAR REFINADO GASPARIN 1KG;MERCEARIA;87068;29/06/2026;161409;85884;10;1161;20;2;0;;;213
14;9145;COND SEDA GLYCOL VIT C 425ML;PERFUMARIA E LIMPEZA;87068;29/06/2026;161409;85884;12;21;12;1;0;;;1
14;8428;SH350 COND PANTENE 175ML RESTAURACAO;PERFUMARIA E LIMPEZA;87068;29/06/2026;161409;85884;6;180;6;1;0;;;11
14;6127;FRALDA CONFORTSEC PAMPERS XXG 30UN;PERFUMARIA E LIMPEZA;87068;29/06/2026;161409;85884;4;2;4;1;0;;;3
14;1292;CHOC BARRA NESTLE 80G MEIO AMARGO;MERCEARIA;87158;29/06/2026;161541;85975;16;368;80;5;5;30/06/2026;PAMELA;94
14;1430;CHOC KIT KAT 41 5G FINGER AO LEITE;MERCEARIA;87311;29/06/2026;161735;86088;24;4704;240;0;0;30/06/2026;MONIQUE;-1
14;1847;DROPS FREEGELLS 27 9G VIT C CITRUS;MERCEARIA;87311;29/06/2026;161735;86088;12;108;36;3;3;30/06/2026;MONIQUE;86
14;34290;CHOC STIKADINHO STICKS 29G MORANGO;MERCEARIA;87311;29/06/2026;161735;86088;64;192;128;0;0;30/06/2026;MONIQUE;-36
14;35236;BOMBOM LACTA OREO 20G;MERCEARIA;87311;29/06/2026;161735;86088;27;0;135;0;0;30/06/2026;MONIQUE;0
14;2471;TOMATE SECO CONSERVA JUREIA VD 200G;PERECIVEIS;87311;29/06/2026;161735;86088;12;36;12;0;0;30/06/2026;JOCELAINE;-10
14;663;SUCO KAPO TP 200ML MORANGO;BEBIDAS;87428;29/06/2026;162026;86276;12;648;120;10;10;30/06/2026;BRAGA;-3
14;660;SUCO KAPO TP 200ML FRUTAS CITRICAS;BEBIDAS;87428;29/06/2026;162026;86276;12;616;24;2;2;30/06/2026;BRAGA;163
17;6997;LOC HID MONANGE 200ML FRUTAS VERMELHA;PERFUMARIA E LIMPEZA;87070;29/06/2026;161410;85885;24;192;24;1;0;;;12
17;22915;REPARADOR PONTAS JAYLUC 30ML CERAMIDAS;PERFUMARIA E LIMPEZA;87070;29/06/2026;161410;85885;24;85;24;1;0;;;83
17;8427;SH350 COND PANTENE 175ML LISO;PERFUMARIA E LIMPEZA;87070;29/06/2026;161410;85885;6;0;6;1;0;;;-9
17;17660;ENX BUCAL COLGATE PLAX L500P350ML FRESH MINT;PERFUMARIA E LIMPEZA;87070;29/06/2026;161410;85885;12;0;12;1;0;;;-8
17;33895;CREME DENT CLOSE UP 100G CARVAO ATIVADO;PERFUMARIA E LIMPEZA;87070;29/06/2026;161410;85885;12;12;12;0;0;;;0
17;4203;AMAC GIRANDO SOL 2L BRANCO;PERFUMARIA E LIMPEZA;87070;29/06/2026;161410;85885;6;288;6;1;1;01/07/2026;FERNANDO PAZ;3
17;5673;DETERG GIRANDO SOL 500ML LIMAO;PERFUMARIA E LIMPEZA;87070;29/06/2026;161410;85885;24;4224;48;0;0;01/07/2026;FERNANDO PAZ;-65
17;12289;AGUA SANIT IMPERIAL 1L;PERFUMARIA E LIMPEZA;87070;29/06/2026;161410;85885;12;0;12;0;0;01/07/2026;FERNANDO PAZ;0
17;5044;COND PANTENE 400ML RESTAURACAO;PERFUMARIA E LIMPEZA;87070;29/06/2026;161410;85885;6;0;6;1;0;;;12
17;17311;DESOD ROLLON REXONA 50ML INVISIBLE;PERFUMARIA E LIMPEZA;87070;29/06/2026;161410;85885;12;36;12;1;0;;;-5
17;23001;SAB FONTANA SENSUS 150G FOR MEN;PERFUMARIA E LIMPEZA;87070;29/06/2026;161410;85885;72;288;72;1;0;;;97
17;37860;CHOC BARRA GAROTO RECH BATON 90G;MERCEARIA;87070;29/06/2026;161410;85885;14;140;14;1;0;;;-12
17;5682;DET LIQ GOTA LIMPA 500ML NEUTRO;PERFUMARIA E LIMPEZA;87070;29/06/2026;161410;85885;24;4395;72;0;0;01/07/2026;FERNANDO PAZ;187
17;3890;ABS C ABAS ALWAYS LV16PG14 AC S NOT;PERFUMARIA E LIMPEZA;87070;29/06/2026;161410;85885;12;47;12;0;0;01/07/2026;FERNANDO PAZ;-10
17;6617;KIT SH SEDA SH 300 COND 190ML LISO PERFEITO;PERFUMARIA E LIMPEZA;87070;29/06/2026;161410;85885;15;2925;15;1;0;;;26
17;6210;DESOD SANIT ADES GOTA LIMPA 41G 7D LAVANDA;PERFUMARIA E LIMPEZA;87070;29/06/2026;161410;85885;12;0;12;1;0;;;0
17;6115;FRALDA GERIATRICA MILI VITA M 09UN;PERFUMARIA E LIMPEZA;87070;29/06/2026;161410;85885;8;8;8;0;0;01/07/2026;FERNANDO PAZ;2
17;10159;SAB LIQ PALMOLIVE RF 200ML CAMELIA AMEND;PERFUMARIA E LIMPEZA;87070;29/06/2026;161410;85885;6;42;6;1;0;;;4
17;5748;ENXAG BUCAL COLGATE 500ML ODOR CONTROL;PERFUMARIA E LIMPEZA;87070;29/06/2026;161410;85885;12;0;12;1;0;;;1
17;1059;ALFAJOR EL AGUILA 60G CHOC BRANCO;MERCEARIA;87070;29/06/2026;161410;85885;12;1716;24;0;0;;;-37
17;35113;KIT SH CD PANTENE 300 150ML BOND REPAIR;PERFUMARIA E LIMPEZA;87070;29/06/2026;161410;85885;6;102;6;1;0;;;-6
17;20247;LOCAO POS BARBA JAYLUC 100G;PERFUMARIA E LIMPEZA;87070;29/06/2026;161410;85885;1;0;4;4;0;;;7
17;16903;CR NIVEA LT 56G;PERFUMARIA E LIMPEZA;87070;29/06/2026;161410;85885;1;1;1;1;0;;;0
17;5077;COND SEDA 325ML SOS CERAMIDAS;PERFUMARIA E LIMPEZA;87070;29/06/2026;161410;85885;12;348;12;1;0;;;10
17;23022;SAB LIQ BELEZA AMAZONIA 370ML FLORES CAMPO;PERFUMARIA E LIMPEZA;87070;29/06/2026;161410;85885;12;12;12;1;0;;;16
17;7356;PAPEL HIG DUETTO 4 UN DE 30M PERFUMADO;PERFUMARIA E LIMPEZA;87070;29/06/2026;161410;85885;16;0;96;0;0;29/06/2026;MAYNARA;283
17;8227;SH HEAD SHOULDERS 200ML HIDRATACAO;PERFUMARIA E LIMPEZA;87070;29/06/2026;161410;85885;6;0;18;3;0;;;22
17;7878;SABONETE DOVE 90G KARITE BAUNILHA;PERFUMARIA E LIMPEZA;87070;29/06/2026;161410;85885;48;3792;144;3;0;;;544
17;3882;ABS ALWAYS 8UN BASICO P SECA C ABAS;PERFUMARIA E LIMPEZA;87070;29/06/2026;161410;85885;18;108;18;1;0;;;11
17;8203;KIT ELSEVE SH COND 375ML 170ML OLEO EXTR;PERFUMARIA E LIMPEZA;87070;29/06/2026;161410;85885;6;7;6;1;0;;;4
17;4970;COND ELSEVE 200ML GLYCOLIC GLOSS;PERFUMARIA E LIMPEZA;87070;29/06/2026;161410;85885;12;48;12;1;0;;;7
17;16947;CR TRAT PANTENE 270ML HIDRATACAO;PERFUMARIA E LIMPEZA;87070;29/06/2026;161410;85885;12;36;12;1;0;;;0
17;5347;CR TRAT PENTEAR VINI LADY 900G REPARACAO TOTAL;PERFUMARIA E LIMPEZA;87070;29/06/2026;161410;85885;6;0;6;1;0;;;6
1;1849;DROPS FREEGELLS 27 9G EXTRA FORTE;MERCEARIA;87616;30/06/2026;162440;86422;12;1188;24;2;0;03/07/2026;ERICA;-1762
1;5599;DESOD AERO REXONA 150ML 90G ACT EMOTION;PERFUMARIA E LIMPEZA;87616;30/06/2026;162440;86422;12;204;12;1;0;03/07/2026;MONIQUE;31
1;4259;AP PRESTOBARBA ULTRA GRIP 2UN;PERFUMARIA E LIMPEZA;87616;30/06/2026;162440;86422;12;972;24;2;0;03/07/2026;ALEXSANDER;52
1;38653;CARGA MACH 3 REGULAR C 8 PROMO;PERFUMARIA E LIMPEZA;87616;30/06/2026;162440;86422;36;0;36;1;0;03/07/2026;ALEXSANDER;0
1;22118;POM MASSAG BIO CANELA VELHO 150ML;PERFUMARIA E LIMPEZA;87616;30/06/2026;162440;86422;12;396;12;1;0;03/07/2026;MONIQUE;10
1;2056;ARROZ BCO TRIVIAL T2 1K;MERCEARIA;87616;30/06/2026;162440;86422;30;1093;30;0;0;01/07/2026;ALEXSANDER;4
1;2136;ARROZ BCO JATAI TP3 5KG;MERCEARIA;87616;30/06/2026;162440;86422;6;132;6;0;0;01/07/2026;ALEXSANDER;2
1;1837;PAST DOCILE ROLLY MINTY 29G FRUIT;MERCEARIA;87616;30/06/2026;162440;86422;12;1320;12;1;0;03/07/2026;ERICA;5
1;1852;DROPS FREEGELLS 27 9G MENTA;MERCEARIA;87855;30/06/2026;163084;87081;12;684;60;5;0;03/07/2026;ERICA;-941
2;18747;FRALDA DESC FERINHA JUMBINHO C/16 G;PERFUMARIA E LIMPEZA;87618;30/06/2026;162441;86416;12;4;12;1;0;02/07/2026;MURILO;0
3;4256;AP PRESTOBARBA ULTRAGRIP 3L CART2UN;PERFUMARIA E LIMPEZA;87620;30/06/2026;162442;86417;1;2;1;1;0;03/07/2026;ALEXSANDER;1
3;12528;AP GILLETTE C 8 L8P6;PERFUMARIA E LIMPEZA;87620;30/06/2026;162442;86417;3;10;9;3;0;03/07/2026;ALEXSANDER;21
3;9272;DES SANIT PATO GEL ADES PROM RF 38G LAVANDA;PERFUMARIA E LIMPEZA;87620;30/06/2026;162442;86417;24;0;24;1;0;03/07/2026;ALEXSANDER;8
3;22914;REPARADOR PONTAS JAYLUC 30ML BLIND QUERAT;PERFUMARIA E LIMPEZA;87620;30/06/2026;162442;86417;24;170;24;1;0;03/07/2026;ALEXSANDER;60
3;16074;CHUP CEFISA RED SIL T2;PERFUMARIA E LIMPEZA;87620;30/06/2026;162442;86417;24;240;24;1;0;03/07/2026;ALEXSANDER;13
3;795;REFRIG COCA COLA PET 2L ZERO;BEBIDAS;87620;30/06/2026;162442;86417;8;1104;600;0;0;;;653
3;6996;LOC HID MONANGE 200ML FLOR DE LAVANDA;PERFUMARIA E LIMPEZA;87620;30/06/2026;162442;86417;24;264;48;2;0;03/07/2026;ALEXSANDER;0
3;35687;DESOD CREME SECRET CLEAR COTT 45G GEL;PERFUMARIA E LIMPEZA;87620;30/06/2026;162442;86417;1;0;5;5;0;03/07/2026;ALEXSANDER;13
3;145;CERV ANTARCTICA SUBZERO LT 473ML;BEBIDAS;87620;30/06/2026;162442;86417;12;6405;2640;0;0;;;155
4;10181;SAB POMPOM 80G HIDRATANTE;PERFUMARIA E LIMPEZA;87622;30/06/2026;162443;86423;12;1992;12;1;0;03/07/2026;ALEXSANDER;89
4;35724;MASC TRAT TOQUE DE SEDA 300G SEDA;PERFUMARIA E LIMPEZA;87622;30/06/2026;162443;86423;6;78;12;2;2;03/07/2026;MONIQUE;0
4;8296;SH PANTENE 200ML BAMBU;PERFUMARIA E LIMPEZA;87622;30/06/2026;162443;86423;6;120;6;1;0;03/07/2026;ALEXSANDER;1
4;8604;TINT COR E TON CHOC 6 7;PERFUMARIA E LIMPEZA;87622;30/06/2026;162443;86423;6;18;6;1;1;03/07/2026;MONIQUE;5
4;6225;GEL DENT SORRISO FRESH 90G HORTELA;PERFUMARIA E LIMPEZA;87622;30/06/2026;162443;86423;12;12;12;1;0;03/07/2026;ALEXSANDER;12
4;7232;OLEO KING 100ML MULTIUSO;PERFUMARIA E LIMPEZA;87622;30/06/2026;162443;86423;6;42;24;4;0;03/07/2026;ALEXSANDER;-1
4;13403;BISC DOCE NESTLE CHOCO TRIO 90G PRESTIGIO;MERCEARIA;87622;30/06/2026;162443;86423;12;531;72;6;0;03/07/2026;ERICA;8
4;8256;SH MONANGE 325ML LISOS TE QUERO;PERFUMARIA E LIMPEZA;87622;30/06/2026;162443;86423;12;252;12;1;1;03/07/2026;MONIQUE;0
4;16080;CHUP CEFISA SIL ORT T2;PERFUMARIA E LIMPEZA;87622;30/06/2026;162443;86423;24;192;24;1;0;03/07/2026;ALEXSANDER;16
4;22916;REPARADOR PONTAS JAYLUC 30ML OLEO ARGAN;PERFUMARIA E LIMPEZA;87622;30/06/2026;162443;86423;24;1;24;1;0;03/07/2026;ALEXSANDER;23
4;2777;ACUCAR CONFEITEIRO CBS 500G;NAO ALIMENTO;87622;30/06/2026;162443;86423;6;6;6;1;0;;;0
4;23021;SAB LIQ BELEZA AMAZONIA 370ML ERV DOCE;PERFUMARIA E LIMPEZA;87622;30/06/2026;162443;86423;12;12;12;0;0;03/07/2026;MONIQUE;19
4;19315;COT HASTES FLEX COTTONBABY PT 100UN;PERFUMARIA E LIMPEZA;87622;30/06/2026;162443;86423;1;8;1;1;0;03/07/2026;ALEXSANDER;57
4;36987;FARINHA MANDIOCA 500G DINDA;MERCEARIA;87622;30/06/2026;162443;86423;20;140;20;1;0;;;-20
4;2672;FARINHA MANDIOCA CBS 500G;MERCEARIA;87861;30/06/2026;163088;87078;12;24;60;5;0;;;6
4;15764;CESTA BASICA MED;MERCEARIA;87861;30/06/2026;163089;87078;1;0;10;10;0;;;0
5;35588;CD SEDA 225ML TOQUE DE SEDA;PERFUMARIA E LIMPEZA;87624;30/06/2026;162444;86424;12;191;24;2;0;;BRUNO ANTUNES;29
5;1058;ALFAJOR EL AGUILA 60G CHOC;MERCEARIA;87624;30/06/2026;162444;86424;12;924;12;0;0;03/07/2026;AUGUSTO;2
5;24314;SH DARLING DETOX 350ML;PERFUMARIA E LIMPEZA;87624;30/06/2026;162444;86424;6;0;18;3;0;;BRUNO ANTUNES;21
5;5314;CR PENT SEDA 300ML SOS CERAMIDAS;PERFUMARIA E LIMPEZA;87624;30/06/2026;162444;86424;12;396;12;1;0;;BRUNO ANTUNES;24
5;4258;AP PROBAK II LV7 PG5;PERFUMARIA E LIMPEZA;87624;30/06/2026;162444;86424;1;14;2;2;2;06/07/2026;AUGUSTO;99
5;5254;CR DENTAL CLOSE UP 100G LIQUIFRESH RED HOT;PERFUMARIA E LIMPEZA;87624;30/06/2026;162444;86424;12;-24;24;2;2;06/07/2026;AUGUSTO;23
5;6614;KIT SH SEDA SH 300 COND 190ML CACHOS DEFINIDO;PERFUMARIA E LIMPEZA;87624;30/06/2026;162444;86424;15;465;30;2;0;;BRUNO ANTUNES;63
5;16844;CR DEN COLGATE T ACAO XTRA 120G WHITE;PERFUMARIA E LIMPEZA;87624;30/06/2026;162444;86424;72;168;72;1;0;;BRUNO ANTUNES;46
5;24358;SH SEDA ANT CASP HIDRATACAO DIARIA 325ML;PERFUMARIA E LIMPEZA;87624;30/06/2026;162444;86424;12;1152;24;2;0;;BRUNO ANTUNES;39
5;9233;CR TRAT VINI LADY SC 700G LISO INTENSO;PERFUMARIA E LIMPEZA;87624;30/06/2026;162444;86424;12;36;12;1;0;;BRUNO ANTUNES;14
5;1264;CHOC BARRA LACTA 80G LAKA OREO;MERCEARIA;87624;30/06/2026;162444;86424;17;17;17;0;0;03/07/2026;AUGUSTO;28
5;1740;CHICLE FREEGELLS GUM 8G MORANGO;MERCEARIA;87624;30/06/2026;162444;86424;15;870;15;0;0;03/07/2026;AUGUSTO;6
5;1276;CHOC BARRA GAROTO 80G MEIO AMARGO;MERCEARIA;87624;30/06/2026;162444;86424;16;80;16;0;0;03/07/2026;AUGUSTO;53
5;3542;MELHORADOR FLEISCHMANN SH 10G PAO CERTO;MERCEARIA;87624;30/06/2026;162444;86424;32;32;32;0;0;03/07/2026;AUGUSTO;22
5;3524;FERM QUIMICO PO FLEISCHMANN PT 100G;MERCEARIA;87624;30/06/2026;162444;86424;12;120;24;0;0;03/07/2026;AUGUSTO;9
5;6618;KIT SH SEDA SH 300 COND 190ML LUMINIOUS UV;PERFUMARIA E LIMPEZA;87624;30/06/2026;162444;86424;15;690;45;3;0;;BRUNO ANTUNES;49
5;35581;CREME P PENT SEDA 300ML TOQUE DE SEDA;PERFUMARIA E LIMPEZA;87624;30/06/2026;162444;86424;12;120;12;1;0;;BRUNO ANTUNES;29
5;1849;DROPS FREEGELLS 27 9G EXTRA FORTE;MERCEARIA;87624;30/06/2026;162444;86424;12;1188;24;2;2;03/07/2026;AUGUSTO;0
5;1314;CHOC LACTA 145G LAKA;MERCEARIA;87624;30/06/2026;162444;86424;12;12;12;0;0;03/07/2026;AUGUSTO;24
5;3377;CALDO KNORR 57G CARNE;MERCEARIA;87624;30/06/2026;162444;86424;10;10;10;1;1;03/07/2026;AUGUSTO;0
5;5850;ESC DENTAL ORAL B PRO;PERFUMARIA E LIMPEZA;87624;30/06/2026;162444;86424;12;0;72;6;6;06/07/2026;AUGUSTO;5
5;5858;ESC DENTAL SORRISO MEDIA;PERFUMARIA E LIMPEZA;87624;30/06/2026;162444;86424;12;192;12;1;1;06/07/2026;AUGUSTO;8
5;22914;REPARADOR PONTAS JAYLUC 30ML BLIND QUERAT;PERFUMARIA E LIMPEZA;87624;30/06/2026;162444;86424;24;170;24;0;0;06/07/2026;AUGUSTO;65
5;36228;FRALDA DESC PAMPERS CONF XG C 58;PERFUMARIA E LIMPEZA;87624;30/06/2026;162444;86424;2;116;2;0;0;;BRUNO ANTUNES;4
5;1845;DROPS FREEGELLS 27 9G EUCALIPTO;MERCEARIA;87624;30/06/2026;162444;86424;12;732;12;1;1;03/07/2026;AUGUSTO;4
5;3497;ESSENCIA GRAN FINALE 30ML BAUNILHA;MERCEARIA;87624;30/06/2026;162444;86424;12;24;12;0;0;03/07/2026;AUGUSTO;9
5;3510;FERM BIO PO FLEISCHMANN SH LV 125G PG 100G;MERCEARIA;87624;30/06/2026;162444;86424;16;112;16;0;0;03/07/2026;AUGUSTO;15
5;1296;CHOC BARRA NESTLE 80G GALAK GALAK;MERCEARIA;87624;30/06/2026;162444;86424;16;384;64;2;2;03/07/2026;ERICA;2
5;10144;SAB FARNESE 180G AVEIA ESFOL;PERFUMARIA E LIMPEZA;87624;30/06/2026;162444;86424;36;324;216;6;0;;BRUNO ANTUNES;62
5;1397;CHOC NESTLE CHOKITO 32G UN;MERCEARIA;87624;30/06/2026;162444;86424;30;30;30;0;0;03/07/2026;AUGUSTO;25
5;1893;DROPS FREEGELLS 27 6G MORANGO CHOC;MERCEARIA;87624;30/06/2026;162444;86424;12;276;24;2;2;03/07/2026;AUGUSTO;1
5;6225;GEL DENT SORRISO FRESH 90G HORTELA;PERFUMARIA E LIMPEZA;87624;30/06/2026;162444;86424;12;12;12;0;0;06/07/2026;AUGUSTO;1
5;7922;SABONETE LUX 85G BUQUE D JASMIM;PERFUMARIA E LIMPEZA;87624;30/06/2026;162444;86424;108;774;216;2;0;;BRUNO ANTUNES;0
5;1742;CHICLE FREEGELLS GUM 8G EXTRA FORTE;MERCEARIA;87624;30/06/2026;162444;86424;15;30;30;2;2;03/07/2026;AUGUSTO;-3
5;3414;BARRA CEREAL RITTER 22G CAST PARA;MERCEARIA;87624;30/06/2026;162444;86424;24;912;144;0;0;03/07/2026;AUGUSTO;153
5;2394;MILHO VERDE FUGINI SH 170G;MERCEARIA;87832;30/06/2026;162852;86725;36;1402;360;10;0;;;91
5;5692;DETERG YPE 500 ML NEUTRO;PERFUMARIA E LIMPEZA;87863;30/06/2026;163090;87082;24;6384;72;3;0;02/07/2026;MURILO;0
6;3686;TEMP BICARBONATO SODIO APTI 100G;MERCEARIA;87626;30/06/2026;162445;86415;20;180;20;1;1;01/07/2026;EVERTON;11
6;648;WHISKY MASTER GOLD VD 900ML;BEBIDAS;87626;30/06/2026;162445;86415;1;85;3;0;0;01/07/2026;EVERTON;0
6;1267;CHOC BARRA LACTA 80G AMARO 40 CACAU;MERCEARIA;87626;30/06/2026;162445;86415;17;17;17;0;0;01/07/2026;EVERTON;27
6;1276;CHOC BARRA GAROTO 80G MEIO AMARGO;MERCEARIA;87626;30/06/2026;162445;86415;16;80;16;0;0;01/07/2026;EVERTON;49
6;1269;CHOC BARRA LACTA 80G LAKA;MERCEARIA;87626;30/06/2026;162445;86415;17;68;17;0;0;01/07/2026;EVERTON;0
6;3428;CREME CEBOLA MAGGI 68G;MERCEARIA;87626;30/06/2026;162445;86415;12;0;12;1;1;01/07/2026;EVERTON;13
6;9587;DESOD SANIT ADES GOTA LIMPA 41G 7D EUCALIPTO;PERFUMARIA E LIMPEZA;87626;30/06/2026;162445;86415;12;24;12;0;0;06/07/2026;AUGUSTO;5
6;12278;AGUA OXIG BUTTERF 20V 100ML;PERFUMARIA E LIMPEZA;87626;30/06/2026;162445;86415;12;24;12;0;0;06/07/2026;AUGUSTO;5
6;3805;PO P SORVETE APTI 120G CREME;MERCEARIA;87626;30/06/2026;162445;86415;12;12;12;0;0;01/07/2026;EVERTON;62
6;3542;MELHORADOR FLEISCHMANN SH 10G PAO CERTO;MERCEARIA;87626;30/06/2026;162445;86415;32;32;32;0;0;01/07/2026;EVERTON;-4
6;1745;CHICLE FREEGELLS GUM 8G MENTA;MERCEARIA;87626;30/06/2026;162445;86415;15;15;15;1;1;01/07/2026;EVERTON;0
6;3377;CALDO KNORR 57G CARNE;MERCEARIA;87626;30/06/2026;162445;86415;10;10;10;1;1;01/07/2026;EVERTON;13
6;35675;ESC DENT COLGATE SENSITIVE;PERFUMARIA E LIMPEZA;87626;30/06/2026;162445;86415;1;3;1;0;0;06/07/2026;AUGUSTO;5
6;4860;CHUPETA LOLLY T1 TIP AZUL;PERFUMARIA E LIMPEZA;87626;30/06/2026;162445;86415;1;0;6;6;6;06/07/2026;AUGUSTO;6
6;3414;BARRA CEREAL RITTER 22G CAST PARA;MERCEARIA;87626;30/06/2026;162445;86415;24;912;24;0;0;01/07/2026;EVERTON;27
6;1157;BALA FINI TUBES ARCO IRIS 80G;MERCEARIA;87626;30/06/2026;162445;86415;12;0;12;1;1;01/07/2026;EVERTON;0
6;22706;RACAO DODOG PREMIUM POWER MIX 5KG;PRODUTOS PET;87626;30/06/2026;162445;86415;1;78;3;0;0;30/06/2026;MAYNARA;3
6;1058;ALFAJOR EL AGUILA 60G CHOC;MERCEARIA;87626;30/06/2026;162445;86415;12;924;12;0;0;01/07/2026;EVERTON;8
6;3363;CALDO APTI 19G CARNE;MERCEARIA;87626;30/06/2026;162445;86415;24;3984;24;1;1;01/07/2026;EVERTON;36
6;3431;SOPA GALINHA MAGGI 60G FIDELINI;MERCEARIA;87626;30/06/2026;162445;86415;10;59;10;0;0;01/07/2026;EVERTON;11
6;24329;SH HEAD SHOULDERS 400ML HIDRATACAO;PERFUMARIA E LIMPEZA;87626;30/06/2026;162445;86415;6;6;12;2;2;06/07/2026;AUGUSTO;4
7;19312;COT HASTES FLEX COTTONBABY C 75;PERFUMARIA E LIMPEZA;87628;30/06/2026;162446;86425;72;3528;72;1;0;;;0
7;24311;SH DARLING 2X1 650ML;PERFUMARIA E LIMPEZA;87628;30/06/2026;162446;86425;6;12;6;1;0;;;16
7;5509;DESOD AERO AXE 152ML 90G MARINE;PERFUMARIA E LIMPEZA;87628;30/06/2026;162446;86425;12;984;12;1;0;;;4
7;8293;SH PANTENE 175ML QUERATINA;PERFUMARIA E LIMPEZA;87628;30/06/2026;162446;86425;6;42;6;1;0;;;14
7;5314;CR PENT SEDA 300ML SOS CERAMIDAS;PERFUMARIA E LIMPEZA;87628;30/06/2026;162446;86425;12;396;24;2;0;;;0
7;36660;BLOQ ODORES AMAZON 60ML CAPIM LIMAO;PERFUMARIA E LIMPEZA;87628;30/06/2026;162446;86425;12;0;12;1;0;;;0
7;35724;MASC TRAT TOQUE DE SEDA 300G SEDA;PERFUMARIA E LIMPEZA;87628;30/06/2026;162446;86425;6;78;12;2;0;;;0
7;7948;SABON PALMOLIVE NATURALS 150G OLEO ARGAN;PERFUMARIA E LIMPEZA;87628;30/06/2026;162446;86425;72;72;72;1;0;;;0
7;24314;SH DARLING DETOX 350ML;PERFUMARIA E LIMPEZA;87628;30/06/2026;162446;86425;6;0;6;1;0;;;2
7;10171;SAB LIQ SENSUS LUXO RF 220ML HIDRATE;PERFUMARIA E LIMPEZA;87628;30/06/2026;162446;86425;18;180;18;1;0;;;16
7;1058;ALFAJOR EL AGUILA 60G CHOC;MERCEARIA;87628;30/06/2026;162446;86425;12;924;12;1;1;04/07/2026;MONIQUE;1
7;8611;TINT COR E TON LOURO CL 8 0;PERFUMARIA E LIMPEZA;87628;30/06/2026;162446;86425;6;6;6;1;0;;;27
7;24358;SH SEDA ANT CASP HIDRATACAO DIARIA 325ML;PERFUMARIA E LIMPEZA;87628;30/06/2026;162446;86425;12;1152;60;5;0;;;3
7;25463;VODKA SPRITE ABSOLUT LT 269ML;BEBIDAS;87628;30/06/2026;162446;86425;6;6;6;0;0;02/07/2026;JESSICA;0
7;687;ESP GARIBALDI PRIMICIAS GF 660ML ROSE;BEBIDAS;87628;30/06/2026;162446;86425;1;19;1;0;0;04/07/2026;MONIQUE;12
7;9546;FRALDA MILI JUMBINHO G 20UN;PERFUMARIA E LIMPEZA;87628;30/06/2026;162446;86425;9;639;9;1;0;;;7
7;7950;SABON PALMOLIVE NATURALS 150G TURMALINA;PERFUMARIA E LIMPEZA;87628;30/06/2026;162446;86425;72;0;72;1;0;;;4
7;33647;SAB LIQ MADE IN BRAZIL 1L ERVA DOCE;PERFUMARIA E LIMPEZA;87628;30/06/2026;162446;86425;12;180;12;1;0;;;12
7;3433;SOPA CARNE MAGGI 63G CONCHINHAS;MERCEARIA;87628;30/06/2026;162446;86425;10;28;10;0;0;04/07/2026;MONIQUE;21
7;5272;CR DENTAL ORAL B 70G EXTRA FRESH;PERFUMARIA E LIMPEZA;87628;30/06/2026;162446;86425;48;84;48;1;0;;;17
7;23022;SAB LIQ BELEZA AMAZONIA 370ML FLORES CAMPO;PERFUMARIA E LIMPEZA;87628;30/06/2026;162446;86425;12;12;12;1;0;;;16
7;10148;SAB FARNESE 180G PITAYA FRAMB;PERFUMARIA E LIMPEZA;87628;30/06/2026;162446;86425;36;1044;108;3;0;;;85
7;34564;CREME JOAO E MARIA 40G P ASSADURA;PERFUMARIA E LIMPEZA;87628;30/06/2026;162446;86425;1;33;1;1;0;;;0
7;17317;DESOD ROLLON REXONA 50ML XTRA COOL;PERFUMARIA E LIMPEZA;87628;30/06/2026;162446;86425;12;540;12;1;0;;;0
7;1498;CHOC KINDER JOY T1 20G;MERCEARIA;87628;30/06/2026;162446;86425;48;116;48;0;0;04/07/2026;MONIQUE;7
7;4259;AP PRESTOBARBA ULTRA GRIP 2UN;PERFUMARIA E LIMPEZA;87628;30/06/2026;162446;86425;12;972;24;2;0;;;15
7;5275;CR DENTAL TANDY 50G MORANGO;PERFUMARIA E LIMPEZA;87628;30/06/2026;162446;86425;12;72;12;1;0;;;0
7;1262;CHOC LACTA RECH 98G OURO BRANCO;MERCEARIA;87628;30/06/2026;162446;86425;17;17;17;0;0;04/07/2026;MONIQUE;19
7;5305;CR PENT SEDA 300ML JUNTINHOS CACHOS;PERFUMARIA E LIMPEZA;87628;30/06/2026;162446;86425;12;120;12;1;0;;;5
7;1837;PAST DOCILE ROLLY MINTY 29G FRUIT;MERCEARIA;87628;30/06/2026;162446;86425;12;1320;12;1;1;04/07/2026;MONIQUE;13
7;1745;CHICLE FREEGELLS GUM 8G MENTA;MERCEARIA;87628;30/06/2026;162446;86425;15;15;15;0;0;04/07/2026;MONIQUE;15
7;5271;CR DENTAL ORAL B 70G EXTRA BRANCO;PERFUMARIA E LIMPEZA;87628;30/06/2026;162446;86425;48;7308;48;1;0;;;9
7;9751;LEITE SANTA CLARA UHT INT 1L;PERECIVEIS;87982;30/06/2026;163205;87083;12;95304;576;48;0;;;1320
8;10146;SAB FARNESE 180G FLOR CER VANILA;PERFUMARIA E LIMPEZA;87630;30/06/2026;162447;86426;36;1404;36;1;0;;;125
8;2672;FARINHA MANDIOCA CBS 500G;MERCEARIA;87630;30/06/2026;162447;86426;12;24;12;1;0;;;1
8;5695;DETERG YPE 500ML COCO;PERFUMARIA E LIMPEZA;87630;30/06/2026;162447;86426;24;4800;48;0;0;;;794
8;5510;DESOD AERO AXE 152ML 90G MUSK;PERFUMARIA E LIMPEZA;87630;30/06/2026;162447;86426;12;948;12;1;0;;;22
8;9145;COND SEDA GLYCOL VIT C 425ML;PERFUMARIA E LIMPEZA;87630;30/06/2026;162447;86426;12;21;12;1;0;;;0
8;648;WHISKY MASTER GOLD VD 900ML;BEBIDAS;87630;30/06/2026;162447;86426;1;85;5;5;5;04/07/2026;MONIQUE;-3
8;10149;SAB FARNESE 180G PURO HIDR;PERFUMARIA E LIMPEZA;87630;30/06/2026;162447;86426;36;324;36;1;0;;;163
8;3414;BARRA CEREAL RITTER 22G CAST PARA;MERCEARIA;87630;30/06/2026;162447;86426;24;912;48;0;0;04/07/2026;MONIQUE;44
8;3686;TEMP BICARBONATO SODIO APTI 100G;MERCEARIA;87630;30/06/2026;162447;86426;20;180;20;1;1;04/07/2026;MONIQUE;14
8;7926;SABONETE LUX 85G FLOR DE VERBENA;PERFUMARIA E LIMPEZA;87630;30/06/2026;162447;86426;108;108;108;1;0;;;36
8;1743;CHICLE FREEGELLS GUM 8G CANELA;MERCEARIA;87630;30/06/2026;162447;86426;15;15;15;0;0;04/07/2026;MONIQUE;3
8;38616;CD SEDA COLAGENO VIT INT 250ML;PERFUMARIA E LIMPEZA;87630;30/06/2026;162447;86426;1;1;1;1;0;;;0
8;7884;SABONETE DOVE 90G PELE SENSIVEL;PERFUMARIA E LIMPEZA;87630;30/06/2026;162447;86426;48;2709;48;1;0;;;208
8;24311;SH DARLING 2X1 650ML;PERFUMARIA E LIMPEZA;87630;30/06/2026;162447;86426;6;12;18;3;0;;;20
8;10172;SAB LIQ SENSUS LUXO RF 220ML SEDUCAO;PERFUMARIA E LIMPEZA;87630;30/06/2026;162447;86426;18;90;18;1;0;;;9
8;5691;DETERG YPE 500 ML CLEAR;PERFUMARIA E LIMPEZA;87630;30/06/2026;162447;86426;24;4488;24;0;0;;;45
8;3893;ABS C ABAS DIA NOITE 32 UN SUAVE;PERFUMARIA E LIMPEZA;87630;30/06/2026;162447;86426;16;175;32;2;0;02/07/2026;MURILO;1
8;10145;SAB FARNESE 180G ERV DOCE VERB;PERFUMARIA E LIMPEZA;87630;30/06/2026;162447;86426;36;1188;36;1;0;;;137
8;528;ICE DRINK PET 275ML LIMAO;BEBIDAS;87630;30/06/2026;162447;86426;12;0;12;0;0;02/07/2026;JESSICA;17
8;3497;ESSENCIA GRAN FINALE 30ML BAUNILHA;MERCEARIA;87630;30/06/2026;162447;86426;12;24;12;0;0;04/07/2026;MONIQUE;7
8;38619;SH DOVE UMECTACAO E COCO 370ML;PERFUMARIA E LIMPEZA;87630;30/06/2026;162447;86426;1;1;1;1;0;;;0
8;687;ESP GARIBALDI PRIMICIAS GF 660ML ROSE;BEBIDAS;87630;30/06/2026;162447;86426;1;19;1;0;0;04/07/2026;MONIQUE;6
8;655;WHISKY PASSPORT VD 1L;BEBIDAS;87630;30/06/2026;162447;86426;1;75;4;4;4;04/07/2026;MONIQUE;6
8;8246;SH JAY LUC 1L NEUTRO;PERFUMARIA E LIMPEZA;87630;30/06/2026;162447;86426;12;108;12;1;0;;;12
8;35113;KIT SH CD PANTENE 300 150ML BOND REPAIR;PERFUMARIA E LIMPEZA;87630;30/06/2026;162447;86426;6;102;6;1;0;;;1
8;4255;AP PRESTOBARBA 3 LV4 PG3 SENSECA;PERFUMARIA E LIMPEZA;87630;30/06/2026;162447;86426;6;210;48;8;0;;;2
8;7948;SABON PALMOLIVE NATURALS 150G OLEO ARGAN;PERFUMARIA E LIMPEZA;87630;30/06/2026;162447;86426;72;72;72;1;0;;;26
8;19791;KIT SH CD NEUTROX 300ML 200ML CLASSICO;PERFUMARIA E LIMPEZA;87630;30/06/2026;162447;86426;12;252;12;1;0;;;97
8;2368;FEIJAO VERMELHO SERRA URUGUAI 500G;MERCEARIA;87630;30/06/2026;162447;86426;20;459;20;1;0;;;-22
8;34830;MASC TRATAMENTO SEDA 300G BRILHO CERAMIDA;PERFUMARIA E LIMPEZA;87630;30/06/2026;162447;86426;6;24;12;2;0;;;6
11;827;REFRIG PEPSI TWIST PET 2L;BEBIDAS;87632;30/06/2026;162448;86418;8;1760;8;1;0;;;44
11;33889;KIT SH CD DOVE 350ML 175ML HIALURON VIT;PERFUMARIA E LIMPEZA;87632;30/06/2026;162448;86418;8;64;8;1;0;03/07/2026;JESSICA M;18
11;9983;DESOD SANIT GOTA LIMPA 25G EUCALIPTO;PERFUMARIA E LIMPEZA;87632;30/06/2026;162448;86418;48;0;96;2;0;03/07/2026;JESSICA M;51
11;10241;SH DARLING 350ML TILIA;PERFUMARIA E LIMPEZA;87632;30/06/2026;162448;86418;6;0;6;1;0;03/07/2026;JESSICA M;5
11;22706;RACAO DODOG PREMIUM POWER MIX 5KG;PRODUTOS PET;87632;30/06/2026;162448;86418;1;78;3;3;0;30/06/2026;MAYNARA;5
11;3414;BARRA CEREAL RITTER 22G CAST PARA;MERCEARIA;87632;30/06/2026;162448;86418;24;912;48;0;0;03/07/2026;JESSICA M;23
11;3510;FERM BIO PO FLEISCHMANN SH LV 125G PG 100G;MERCEARIA;87632;30/06/2026;162448;86418;16;112;64;0;0;03/07/2026;JESSICA M;0
11;1893;DROPS FREEGELLS 27 6G MORANGO CHOC;MERCEARIA;87632;30/06/2026;162448;86418;12;276;24;2;2;03/07/2026;JESSICA M;0
11;3400;BARRA CEREAL RITTER 25G BAN AVEIA MEL;MERCEARIA;87632;30/06/2026;162448;86418;24;120;24;0;0;03/07/2026;JESSICA M;27
11;1852;DROPS FREEGELLS 27 9G MENTA;MERCEARIA;87632;30/06/2026;162448;86418;12;684;24;2;2;03/07/2026;JESSICA M;0
11;1745;CHICLE FREEGELLS GUM 8G MENTA;MERCEARIA;87632;30/06/2026;162448;86418;15;15;15;0;0;03/07/2026;JESSICA M;9
11;3542;MELHORADOR FLEISCHMANN SH 10G PAO CERTO;MERCEARIA;87632;30/06/2026;162448;86418;32;32;32;0;0;03/07/2026;JESSICA M;0
11;3893;ABS C ABAS DIA NOITE 32 UN SUAVE;PERFUMARIA E LIMPEZA;87632;30/06/2026;162448;86418;16;175;16;0;0;;JESUS;0
11;38552;RACAO RANGO DOG 5KG;PRODUTOS PET;87632;30/06/2026;162448;86418;1;760;100;100;0;30/06/2026;MAYNARA;151
11;3635;SAL MOIDO CBS 1KG;MERCEARIA;87632;30/06/2026;162448;86418;10;2324;10;1;0;;;-19
11;5173;CORANTE TINGECOR 40G GUARANY PRETO N31;PERFUMARIA E LIMPEZA;87632;30/06/2026;162448;86418;6;0;6;0;0;30/06/2026;MAYNARA;6
11;5521;DESOD AERO BOZZANO 90G ANTIBAC FRESH;PERFUMARIA E LIMPEZA;87632;30/06/2026;162448;86418;12;360;12;1;0;03/07/2026;JESSICA M;5
11;17308;DESOD ROLLON REXONA 50ML F COTTON;PERFUMARIA E LIMPEZA;87632;30/06/2026;162448;86418;12;372;12;1;0;03/07/2026;JESSICA M;14
11;36077;KIT SH CD SALON LINE 300ML OLEO DE COCO;PERFUMARIA E LIMPEZA;87632;30/06/2026;162448;86418;6;1;6;1;0;03/07/2026;JESSICA M;0
11;24314;SH DARLING DETOX 350ML;PERFUMARIA E LIMPEZA;87632;30/06/2026;162448;86418;6;0;12;2;0;;;7
11;5269;CR DENTAL ORAL B 123 70G;PERFUMARIA E LIMPEZA;87632;30/06/2026;162448;86418;108;6301;108;1;0;;;244
11;34831;MASC TRATAMENTO SEDA 300G LISO PERFEITO;PERFUMARIA E LIMPEZA;87632;30/06/2026;162448;86418;6;78;6;1;0;;;12
11;8965;CARVAO CHAMA CAMPEIRA 3KG;NAO ALIMENTO;87632;30/06/2026;162448;86418;1;0;6;6;0;;;90
11;396;ENERG MONSTER LT 473ML ULTRA;BEBIDAS;87632;30/06/2026;162448;86418;6;15;36;6;0;;;12
11;10196;SAB SENSUS BEAUTY ESSENCE 80G FOR MEN;PERFUMARIA E LIMPEZA;87632;30/06/2026;162448;86418;108;2268;108;1;0;03/07/2026;JESSICA M;-50
11;7927;SABONETE LUX 85G LAVANDA;PERFUMARIA E LIMPEZA;87632;30/06/2026;162448;86418;108;1188;108;1;0;;;114
11;1276;CHOC BARRA GAROTO 80G MEIO AMARGO;MERCEARIA;87632;30/06/2026;162448;86418;16;80;16;0;0;03/07/2026;JESSICA M;26
11;36199;SAB LIQ MADE IN BRAZIL 1L CHA BCO;PERFUMARIA E LIMPEZA;87632;30/06/2026;162448;86418;12;48;24;2;0;03/07/2026;JESSICA M;10
11;8608;TINT COR E TON LOU ESC ACI 6 1;PERFUMARIA E LIMPEZA;87632;30/06/2026;162448;86418;6;0;6;1;0;03/07/2026;JESSICA M;0
11;33374;DESO AERO AXE 200ML APO VET E MANDA;PERFUMARIA E LIMPEZA;87632;30/06/2026;162448;86418;12;600;12;1;0;03/07/2026;JESSICA M;42
11;7925;SABONETE LUX 85G FLOR DE LOTUS;PERFUMARIA E LIMPEZA;87632;30/06/2026;162448;86418;108;2052;216;2;0;;;2
11;24358;SH SEDA ANT CASP HIDRATACAO DIARIA 325ML;PERFUMARIA E LIMPEZA;87632;30/06/2026;162448;86418;12;1152;12;1;0;;;31
11;1849;DROPS FREEGELLS 27 9G EXTRA FORTE;MERCEARIA;87632;30/06/2026;162448;86418;12;1188;24;2;2;03/07/2026;JESSICA M;0
11;1845;DROPS FREEGELLS 27 9G EUCALIPTO;MERCEARIA;87632;30/06/2026;162448;86418;12;732;24;2;2;03/07/2026;JESSICA M;-12
11;648;WHISKY MASTER GOLD VD 900ML;BEBIDAS;87632;30/06/2026;162448;86418;1;85;3;2;2;03/07/2026;JESSICA M;10
11;813;REFRIGC COLA FRUKI PET 2 L COLA;BEBIDAS;87632;30/06/2026;162448;86418;6;0;12;2;0;;;17
11;762;REFRIG COCA COLA PET 200ML;BEBIDAS;87632;30/06/2026;162448;86418;12;1668;12;1;0;;;0
11;5022;COND PANTENE 150ML EQUIL ALGA MAR;PERFUMARIA E LIMPEZA;87632;30/06/2026;162448;86418;12;0;12;1;0;03/07/2026;JESSICA M;5
11;24311;SH DARLING 2X1 650ML;PERFUMARIA E LIMPEZA;87632;30/06/2026;162448;86418;6;12;12;2;0;03/07/2026;JESSICA M;1
11;35588;CD SEDA 225ML TOQUE DE SEDA;PERFUMARIA E LIMPEZA;87632;30/06/2026;162448;86418;12;191;12;1;0;;;9
11;18741;FRALDA DESC FERINHA HIPER C 42 GG;PERFUMARIA E LIMPEZA;87632;30/06/2026;162448;86418;6;8;6;1;0;;;4
11;16844;CR DEN COLGATE T ACAO XTRA 120G WHITE;PERFUMARIA E LIMPEZA;87632;30/06/2026;162448;86418;72;168;72;1;0;;;0
11;3384;CALDO GALINHA APTI 57G;MERCEARIA;87632;30/06/2026;162448;86418;120;480;120;0;0;03/07/2026;JESSICA M;15
11;289;CERV SOL PREMIUM LN 330ML;BEBIDAS;87632;30/06/2026;162448;86418;24;300;24;1;0;;;0
11;102;CERV ANTARCTICA SUBZERO GF 1L RETORNAVEL;BEBIDAS;87632;30/06/2026;162448;86418;12;936;12;1;0;;;21
11;4466;BLOCO SANIT HIGISOL 35G ACOP FLORAL;PERFUMARIA E LIMPEZA;87632;30/06/2026;162448;86418;12;0;12;1;0;03/07/2026;JESSICA M;19
11;8246;SH JAY LUC 1L NEUTRO;PERFUMARIA E LIMPEZA;87632;30/06/2026;162448;86418;12;108;12;1;0;03/07/2026;JESSICA M;12
11;8243;SH JAY LUC 1L CEREMIDAS S SAL;PERFUMARIA E LIMPEZA;87632;30/06/2026;162448;86418;12;36;12;1;0;;;8
11;33648;SAB LIQ MADE IN BRAZIL 1L AMEIXA;PERFUMARIA E LIMPEZA;87632;30/06/2026;162448;86418;12;0;12;1;0;;;2
11;1372;CHOC CROCANTE GAROTO 25G;MERCEARIA;87632;30/06/2026;162448;86418;30;0;30;0;0;03/07/2026;JESSICA M;33
11;22118;POM MASSAG BIO CANELA VELHO 150ML;PERFUMARIA E LIMPEZA;87632;30/06/2026;162448;86418;12;396;12;1;0;03/07/2026;JESSICA M;12
11;3686;TEMP BICARBONATO SODIO APTI 100G;MERCEARIA;87632;30/06/2026;162448;86418;20;180;20;1;1;03/07/2026;JESSICA M;5
11;1292;CHOC BARRA NESTLE 80G MEIO AMARGO;MERCEARIA;88030;30/06/2026;163367;87071;16;368;80;5;5;01/07/2026;MONIQUE;38
12;10193;SAB SENSUS BEAUTY ESSENCE 80G AMANHECER PERS;PERFUMARIA E LIMPEZA;87634;30/06/2026;162449;86419;108;1944;108;1;0;;;11
12;6226;GEL DENT SORRISO FRESH 90G MENTHOL IMPACT;PERFUMARIA E LIMPEZA;87634;30/06/2026;162449;86419;12;0;24;2;0;;;37
12;12491;AP BIC 3 INTENSITY C 2;PERFUMARIA E LIMPEZA;87634;30/06/2026;162449;86419;12;0;12;1;0;;;1
12;24311;SH DARLING 2X1 650ML;PERFUMARIA E LIMPEZA;87634;30/06/2026;162449;86419;6;12;6;1;0;;;0
12;5235;CR DEN ORAL B 70G 3D WHIT BRI FRESH;PERFUMARIA E LIMPEZA;87634;30/06/2026;162449;86419;6;420;6;1;0;;;0
12;1289;CHOC BARRA NESTLE 80G PRESTIGIO;MERCEARIA;87634;30/06/2026;162449;86419;16;128;16;1;0;;;3
12;5028;COND PANTENE 175ML HIDRATACAO;PERFUMARIA E LIMPEZA;87634;30/06/2026;162449;86419;6;2;6;1;0;;;11
12;4246;AP PRESTOBARBA 3 2UN MASC;PERFUMARIA E LIMPEZA;87634;30/06/2026;162449;86419;12;384;36;3;0;;;0
12;2747;FARINHA TRIGO ROSESOL 5KG;MERCEARIA;87803;30/06/2026;162776;86931;5;30;15;0;0;30/06/2026;EVERTON;0
12;2808;POLENTA CBS 500G PRE COZIDA;MERCEARIA;87803;30/06/2026;162776;86931;12;0;24;0;0;30/06/2026;EVERTON;0
12;3229;SALG BATATA PRINGLES 105G CHEDDAR BACON;MERCEARIA;87803;30/06/2026;162776;86931;18;360;36;0;0;01/07/2026;JOCELAINE;0
12;2348;FEIJAO PRETO ARBAZA TP1 1KG;MERCEARIA;87803;30/06/2026;162776;86931;30;6362;450;15;15;30/06/2026;EVERTON;340
12;2762;FARINHA TRIGO MARIA INES 5KG PASTEL;MERCEARIA;87803;30/06/2026;162776;86931;5;10;10;0;0;30/06/2026;EVERTON;2
12;3808;POLVILHO AZEDO CBS 400G;MERCEARIA;87803;30/06/2026;162776;86931;12;2;12;0;0;30/06/2026;EVERTON;14
12;2817;FARINHA KIPOLENTA YOKI 500G;MERCEARIA;87803;30/06/2026;162776;86931;24;54;24;0;0;30/06/2026;EVERTON;7
12;15764;CESTA BASICA MED;MERCEARIA;87874;30/06/2026;163101;86931;1;0;6;6;6;30/06/2026;EVERTON;2
12;825;REFRIG PEPSI PET 2L;BEBIDAS;87874;30/06/2026;163100;86931;8;1104;24;0;0;02/07/2026;ALEXANDRE;-1
12;1238;CHOC BARRA NEUGEBAUER 80G MEIO AMARGO;MERCEARIA;87874;30/06/2026;163100;86931;64;628;128;0;0;01/07/2026;JOCELAINE;187
12;762;REFRIG COCA COLA PET 200ML;BEBIDAS;87874;30/06/2026;163100;86931;12;1668;180;0;0;02/07/2026;ALEXANDRE;0
13;5653;DESOD ROLLON NIVEA 50ML FM IN B W CLEAR;PERFUMARIA E LIMPEZA;87636;30/06/2026;162450;86420;12;60;12;1;0;;;14
13;24320;SH ELSEVE 400ML LOREAL GLYCOLI;PERFUMARIA E LIMPEZA;87636;30/06/2026;162450;86420;12;36;12;1;0;;;0
13;4893;SH ANTIC CLEAR L400P330 LIM DIAR 2 1;PERFUMARIA E LIMPEZA;87636;30/06/2026;162450;86420;12;192;12;1;0;;;24
13;38619;SH DOVE UMECTACAO E COCO 370ML;PERFUMARIA E LIMPEZA;87636;30/06/2026;162450;86420;1;1;1;1;0;;;1
13;10171;SAB LIQ SENSUS LUXO RF 220ML HIDRATE;PERFUMARIA E LIMPEZA;87636;30/06/2026;162450;86420;18;180;18;1;0;;;22
13;9125;COND DARLING 350ML CERAMIDAS;PERFUMARIA E LIMPEZA;87636;30/06/2026;162450;86420;6;0;6;1;0;;;11
13;24311;SH DARLING 2X1 650ML;PERFUMARIA E LIMPEZA;87636;30/06/2026;162450;86420;6;12;6;1;0;;;5
13;7875;SABONETE DOVE 90G ERVA DOCE;PERFUMARIA E LIMPEZA;87636;30/06/2026;162450;86420;48;2661;48;1;0;;;78
13;38616;CD SEDA COLAGENO VIT INT 250ML;PERFUMARIA E LIMPEZA;87636;30/06/2026;162450;86420;1;1;1;1;0;;;1
13;8622;TINT COR E TON PRETO 2 0;PERFUMARIA E LIMPEZA;87636;30/06/2026;162450;86420;6;0;6;1;0;;;14
13;764;REFRIG COCA COLA PET 200ML ZERO;BEBIDAS;87636;30/06/2026;162450;86420;12;3673;24;0;0;02/07/2026;JOCELAINE;9
13;33887;KIT SH CD DOVE 350ML 175ML AMINOACIDO;PERFUMARIA E LIMPEZA;87636;30/06/2026;162450;86420;8;64;8;1;0;;;0
13;37774;DESOD AERO DOVE FIFA ENERGY 150ML;PERFUMARIA E LIMPEZA;87636;30/06/2026;162450;86420;12;0;12;1;0;;;47
13;3635;SAL MOIDO CBS 1KG;MERCEARIA;87636;30/06/2026;162450;86420;10;2324;10;1;0;;;38
13;5524;DESOD AERO BOZZANO 90G EXTREME;PERFUMARIA E LIMPEZA;87636;30/06/2026;162450;86420;12;348;12;1;0;;;14
14;38619;SH DOVE UMECTACAO E COCO 370ML;PERFUMARIA E LIMPEZA;87638;30/06/2026;162451;86414;1;1;1;1;0;;;0
14;3542;MELHORADOR FLEISCHMANN SH 10G PAO CERTO;MERCEARIA;87638;30/06/2026;162451;86414;32;32;32;1;0;;;-2
14;1282;CHOC BARRA LACTA AO LEITE 80G;MERCEARIA;87638;30/06/2026;162451;86414;17;85;17;1;0;;;47
14;3433;SOPA CARNE MAGGI 63G CONCHINHAS;MERCEARIA;87638;30/06/2026;162451;86414;10;28;10;1;0;;;31
14;38616;CD SEDA COLAGENO VIT INT 250ML;PERFUMARIA E LIMPEZA;87638;30/06/2026;162451;86414;1;1;1;1;0;;;0
14;24311;SH DARLING 2X1 650ML;PERFUMARIA E LIMPEZA;87638;30/06/2026;162451;86414;6;12;6;1;0;;;40
14;7927;SABONETE LUX 85G LAVANDA;PERFUMARIA E LIMPEZA;87638;30/06/2026;162451;86414;108;1188;108;1;0;;;68
14;19802;KIT SH CD PANTENE 300 150ML COLAGENO;PERFUMARIA E LIMPEZA;87638;30/06/2026;162451;86414;6;0;6;0;0;01/07/2026;JESSICA;1
14;9996;PETISCO FRISKIES 40G FRANGO;PRODUTOS PET;87638;30/06/2026;162451;86414;15;15;15;0;0;01/07/2026;JESSICA;-4
14;19312;COT HASTES FLEX COTTONBABY C 75;PERFUMARIA E LIMPEZA;87638;30/06/2026;162451;86414;72;3528;72;1;0;;;68
14;24323;SH GENIAL PET 2 EM 1 500ML;PRODUTOS PET;87638;30/06/2026;162451;86414;1;0;1;1;0;;;4
14;7490;POMADA NUGGET 36G PRETA;PERFUMARIA E LIMPEZA;87638;30/06/2026;162451;86414;12;0;12;1;0;;;17
14;15144;CAFE 3C DRIP TRAD SH 10G;MERCEARIA;87638;30/06/2026;162451;86414;12;12;36;3;0;;;18
14;1983;CAPPUCCINO PRONTO 3C 260ML CLASSIC;MERCEARIA;87638;30/06/2026;162451;86414;6;42;6;1;0;;;-3
14;1744;CHICLE FREEGELLS GUM 8G TUTTI FRUTTI;MERCEARIA;87638;30/06/2026;162451;86414;15;0;15;1;0;;;86
14;3686;TEMP BICARBONATO SODIO APTI 100G;MERCEARIA;87638;30/06/2026;162451;86414;20;180;20;1;0;;;11
14;3377;CALDO KNORR 57G CARNE;MERCEARIA;87638;30/06/2026;162451;86414;10;10;10;1;0;;;18
14;37887;TIT COR E TON S AMONIA 2 0 PTO;PERFUMARIA E LIMPEZA;87638;30/06/2026;162451;86414;6;0;6;1;0;;;6
14;8622;TINT COR E TON PRETO 2 0;PERFUMARIA E LIMPEZA;87638;30/06/2026;162451;86414;6;0;6;1;0;;;17
14;20415;MAMAD CEFISA SIL 240ML;PERFUMARIA E LIMPEZA;87638;30/06/2026;162451;86414;12;216;12;1;0;;;2
14;36868;HID LABIAL CARMED MELANCIA 10G;PERFUMARIA E LIMPEZA;87638;30/06/2026;162451;86414;1;12;1;1;0;;;1
14;5226;CR DENT COLGATE T ACAO 90G ORIG;PERFUMARIA E LIMPEZA;87638;30/06/2026;162451;86414;144;4896;288;2;0;;;144
14;3422;CALDO KNOR 57G COSTELA;MERCEARIA;87638;30/06/2026;162451;86414;10;9;10;1;0;;;20
17;25434;VH JP BCO SECO TRAD 1 5L;BEBIDAS;87640;30/06/2026;162452;86421;6;6;6;0;0;02/07/2026;JESSICA;0
17;1748;CHICLE FREEGELLS GUM 8G HORTELA;MERCEARIA;87640;30/06/2026;162452;86421;15;0;15;1;0;;;-26
17;5666;DESOD VINI LADY 45G CREME SPORT;PERFUMARIA E LIMPEZA;87640;30/06/2026;162452;86421;24;0;24;1;0;;;1
17;3383;CALDO APTI 19G GALINHA;MERCEARIA;87640;30/06/2026;162452;86421;24;600;48;2;0;;;23
17;764;REFRIG COCA COLA PET 200ML ZERO;BEBIDAS;87640;30/06/2026;162452;86421;12;3673;24;0;0;02/07/2026;JESSICA;76
17;15144;CAFE 3C DRIP TRAD SH 10G;MERCEARIA;87640;30/06/2026;162452;86421;12;12;24;2;0;;;-13
17;1744;CHICLE FREEGELLS GUM 8G TUTTI FRUTTI;MERCEARIA;87640;30/06/2026;162452;86421;15;0;15;1;0;;;6
17;9125;COND DARLING 350ML CERAMIDAS;PERFUMARIA E LIMPEZA;87640;30/06/2026;162452;86421;6;0;6;1;0;;;12
17;12413;AMACIANTE GIRANDO SOL 500ML VERM;PERFUMARIA E LIMPEZA;87640;30/06/2026;162452;86421;12;84;24;2;0;02/07/2026;MURILO;-6
17;6617;KIT SH SEDA SH 300 COND 190ML LISO PERFEITO;PERFUMARIA E LIMPEZA;87640;30/06/2026;162452;86421;15;2925;15;1;0;;;26
17;16844;CR DEN COLGATE T ACAO XTRA 120G WHITE;PERFUMARIA E LIMPEZA;87640;30/06/2026;162452;86421;72;168;72;1;0;;;0
17;8245;SH JAY LUC 1L MICELAR;PERFUMARIA E LIMPEZA;87640;30/06/2026;162452;86421;12;143;12;1;0;;;22
17;10310;SILICONE DESTAQUE AERO 400ML GERMAN;PERFUMARIA E LIMPEZA;87640;30/06/2026;162452;86421;12;0;12;0;0;30/06/2026;MAYNARA;0
17;896;REFRIG FANTA LARANJA LT 350ML;BEBIDAS;87640;30/06/2026;162452;86421;6;1225;12;0;0;02/07/2026;JESSICA;39
17;1884;PASTILHA TIC TAC 14 5G CITRUS MIX;MERCEARIA;87640;30/06/2026;162452;86421;14;56;14;1;0;;;1
17;36245;CHOC BARRA NESTLE RECH 90G PRESTIG;MERCEARIA;87640;30/06/2026;162452;86421;14;28;28;2;0;;;-23
17;3377;CALDO KNORR 57G CARNE;MERCEARIA;87640;30/06/2026;162452;86421;10;10;10;1;0;;;2
17;38619;SH DOVE UMECTACAO E COCO 370ML;PERFUMARIA E LIMPEZA;87640;30/06/2026;162452;86421;1;1;1;1;0;;;0
17;17311;DESOD ROLLON REXONA 50ML INVISIBLE;PERFUMARIA E LIMPEZA;87640;30/06/2026;162452;86421;12;36;24;2;0;;;-5
17;3400;BARRA CEREAL RITTER 25G BAN AVEIA MEL;MERCEARIA;87640;30/06/2026;162452;86421;24;120;24;1;0;;;-45
17;1157;BALA FINI TUBES ARCO IRIS 80G;MERCEARIA;87640;30/06/2026;162452;86421;12;0;12;1;0;;;0
17;35687;DESOD CREME SECRET CLEAR COTT 45G GEL;PERFUMARIA E LIMPEZA;87640;30/06/2026;162452;86421;1;0;2;2;0;;;3
17;24323;SH GENIAL PET 2 EM 1 500ML;PRODUTOS PET;87640;30/06/2026;162452;86421;1;0;1;1;0;;;0
17;5275;CR DENTAL TANDY 50G MORANGO;PERFUMARIA E LIMPEZA;87640;30/06/2026;162452;86421;12;72;12;1;0;;;0
17;386;ENERG MONSTER LT 473ML ABSOLUT ZERO;BEBIDAS;87640;30/06/2026;162452;86421;6;330;12;0;0;02/07/2026;JESSICA;39
17;533;ENERG RED BULL LT 355ML;BEBIDAS;87640;30/06/2026;162452;86421;4;148;8;0;0;02/07/2026;JESSICA;6
17;38616;CD SEDA COLAGENO VIT INT 250ML;PERFUMARIA E LIMPEZA;87640;30/06/2026;162452;86421;1;1;1;1;0;;;0
17;13059;BANHEIRA ADOLETA INF 20L ROSA BEBE;PERFUMARIA E LIMPEZA;87640;30/06/2026;162452;86421;1;0;1;1;0;;;0
17;8427;SH350 COND PANTENE 175ML LISO;PERFUMARIA E LIMPEZA;87640;30/06/2026;162452;86421;6;0;6;1;0;;;-9
17;33362;CREME REP DOVE LEAVE IN BOND 50ML;PERFUMARIA E LIMPEZA;87880;30/06/2026;163106;87902;6;18;18;3;3;03/07/2026;PAMELA;3
17;35687;DESOD CREME SECRET CLEAR COTT 45G GEL;PERFUMARIA E LIMPEZA;87880;30/06/2026;163106;87902;1;0;11;11;11;03/07/2026;PAMELA;3
1;361;CERV PATAGONIA WEISSE LT 473ML;BEBIDAS;88074;01/07/2026;163401;87081;6;12;6;0;0;02/07/2026;JESSICA;6
1;2101;ARROZ BCO REQUINTE TP1 2KG;MERCEARIA;88074;01/07/2026;163401;87081;15;983;15;1;0;;;0
1;38441;MOLHO TOM DIA 340G TRAD;MERCEARIA;88074;01/07/2026;163401;87081;24;-11760;48;0;0;01/07/2026;JOCELAINE;8
1;4258;AP PROBAK II LV7 PG5;PERFUMARIA E LIMPEZA;88074;01/07/2026;163401;87081;1;14;1;1;0;03/07/2026;ALEXSANDER;50
1;791;KETCHUP KETDOG BD 3KG;MERCEARIA;88074;01/07/2026;163401;87081;6;0;6;0;0;01/07/2026;JOCELAINE;5
1;1894;DROPS FREEGELLS 27 6G CEREJA CHOC;MERCEARIA;88074;01/07/2026;163401;87081;12;336;24;2;0;03/07/2026;ERICA;-353
1;619;SUCO DEL VALLE TP 200ML UVA;BEBIDAS;88074;01/07/2026;163401;87081;18;34;18;0;0;02/07/2026;JESSICA;-27
2;1400;CHOC CARIBE GAROTO 28G CANDYBAR;MERCEARIA;88076;01/07/2026;163402;87893;30;0;30;1;0;03/07/2026;JESSICA M;16
2;1834;PAST DOCILE ROLLY MINTY 29G EXTRA FORTE;MERCEARIA;88076;01/07/2026;163402;87893;12;384;36;3;0;03/07/2026;JESSICA M;23
2;17310;DESOD ROLLON REXONA 50ML FM S PERFUME;PERFUMARIA E LIMPEZA;88076;01/07/2026;163402;87893;12;600;12;1;0;03/07/2026;MONIQUE;23
2;6022;ESPUMA BARBA BOZZANO 193G PELE SENSIVEL;PERFUMARIA E LIMPEZA;88076;01/07/2026;163402;87893;6;126;12;2;0;03/07/2026;MONIQUE;2
2;636;VODKA VOLCOF VD 900ML;BEBIDAS;88076;01/07/2026;163402;87893;12;0;12;0;0;;;-4
2;1888;PASTILHA TIC TAC 14 5G MENTA;MERCEARIA;88076;01/07/2026;163402;87893;14;84;14;1;0;03/07/2026;JESSICA M;1
2;4042;RACAO FRISKIES 850G MEGAMIX AD CAST;PRODUTOS PET;88076;01/07/2026;163402;87893;9;0;9;2;0;02/07/2026;MONIQUE;1
2;1157;BALA FINI TUBES ARCO IRIS 80G;MERCEARIA;88076;01/07/2026;163402;87893;12;0;12;1;0;03/07/2026;JESSICA M;12
2;1983;CAPPUCCINO PRONTO 3C 260ML CLASSIC;MERCEARIA;88076;01/07/2026;163402;87893;6;42;6;1;0;03/07/2026;JESSICA M;3
2;2085;CHA PRENDA 12G CARQUEJA;MERCEARIA;88076;01/07/2026;163402;87893;20;20;20;0;0;;;28
2;33895;CREME DENT CLOSE UP 100G CARVAO ATIVADO;PERFUMARIA E LIMPEZA;88076;01/07/2026;163402;87893;12;12;12;0;0;03/07/2026;ALEXSANDER;12
2;10310;SILICONE DESTAQUE AERO 400ML GERMAN;PERFUMARIA E LIMPEZA;88076;01/07/2026;163402;87893;12;0;12;0;0;02/07/2026;MAYNARA;6
2;4277;AREIA SANITARIA BEAUTICAT 4KG;PRODUTOS PET;88076;01/07/2026;163402;87893;5;5;5;1;0;02/07/2026;MONIQUE;25
2;3510;FERM BIO PO FLEISCHMANN SH LV 125G PG 100G;MERCEARIA;88076;01/07/2026;163402;87893;16;112;16;2;0;03/07/2026;JESSICA M;5
2;38547;AZEITONA S CAROCO RIVOLI 1 01KG;MERCEARIA;88076;01/07/2026;163402;87893;6;137;12;0;0;;;-1
2;3403;CALDO APTI 57G COSTELA;MERCEARIA;88076;01/07/2026;163402;87893;120;60;120;1;0;03/07/2026;JESSICA M;45
2;1519;CHOC KINDER OVO LUI PLAYMOBIL 40G;MERCEARIA;88076;01/07/2026;163402;87893;48;0;48;1;0;03/07/2026;JESSICA M;10
2;1837;PAST DOCILE ROLLY MINTY 29G FRUIT;MERCEARIA;88076;01/07/2026;163402;87893;12;1320;36;3;0;03/07/2026;JESSICA M;24
2;1289;CHOC BARRA NESTLE 80G PRESTIGIO;MERCEARIA;88328;01/07/2026;163918;87893;16;128;80;5;0;03/07/2026;JESSICA M;0
3;602;SUCO DEL VALLE TP 1L ABACAXI;BEBIDAS;88078;01/07/2026;163403;87080;6;6;18;0;0;;JESSICA;48
3;3635;SAL MOIDO CBS 1KG;MERCEARIA;88078;01/07/2026;163403;87080;10;2324;20;2;0;;;-152
3;35687;DESOD CREME SECRET CLEAR COTT 45G GEL;PERFUMARIA E LIMPEZA;88078;01/07/2026;163403;87080;1;0;3;3;0;03/07/2026;ALEXSANDER;13
3;21137;MOLUSC MADELESMA RES UMED LESMAS 250G;PERFUMARIA E LIMPEZA;88078;01/07/2026;163403;87080;4;0;4;1;0;03/07/2026;ALEXSANDER;-1
3;1452;CHOC KINDER BUENO 39G;MERCEARIA;88078;01/07/2026;163403;87080;30;120;30;0;0;03/07/2026;ERICA;4
3;5806;ESC DENTAL COLGATE ESSENCIAL CLEAN PACK 06UN;PERFUMARIA E LIMPEZA;88078;01/07/2026;163403;87080;6;90;12;2;0;03/07/2026;ALEXSANDER;0
3;3399;CALDO APTI 57G BACON;MERCEARIA;88078;01/07/2026;163403;87080;120;20;120;0;0;03/07/2026;ERICA;37
3;8296;SH PANTENE 200ML BAMBU;PERFUMARIA E LIMPEZA;88078;01/07/2026;163403;87080;6;120;6;1;0;03/07/2026;ALEXSANDER;7
3;12528;AP GILLETTE C 8 L8P6;PERFUMARIA E LIMPEZA;88078;01/07/2026;163403;87080;3;10;3;1;0;03/07/2026;ALEXSANDER;21
3;1282;CHOC BARRA LACTA AO LEITE 80G;MERCEARIA;88078;01/07/2026;163403;87080;17;85;17;0;0;03/07/2026;ERICA;-2
3;25;AGUA MIN DA PEDRA PET 2L C GAS;BEBIDAS;88330;01/07/2026;163919;87894;6;132;30;5;0;;;69
3;2085;CHA PRENDA 12G CARQUEJA;MERCEARIA;88330;01/07/2026;163919;87894;20;20;40;0;0;;;14
3;762;REFRIG COCA COLA PET 200ML;BEBIDAS;88330;01/07/2026;163919;87894;12;1668;60;18;0;;;-12
3;53;AGUA MIN SARANDI 5L S GAS;BEBIDAS;88330;01/07/2026;163919;87894;4;0;24;6;0;;;0
3;748;REFRIG SARANDI PET 1 5L GUARANA;BEBIDAS;88330;01/07/2026;163919;87894;8;7296;320;40;0;;;713
3;769;REFRIG FRUKI GUARANA PET 200ML GUARANA;BEBIDAS;88330;01/07/2026;163919;87894;12;84;60;5;0;;;14
3;13;AGUA MIN CRYSTAL PET 1 5L C GAS;BEBIDAS;88330;01/07/2026;163919;87894;6;78;18;3;0;;;135
3;161;CERV CRYSTAL PILSEN LT 473ML;BEBIDAS;88330;01/07/2026;163919;87894;12;279;600;50;0;;;113
3;904;REFRIG PEPSI LT 350ML;BEBIDAS;88330;01/07/2026;163919;87894;12;876;36;3;0;;;104
3;838;REFRIG FRUKI PET 3L GUARANA;BEBIDAS;88330;01/07/2026;163919;87894;4;0;4;1;0;;;229
4;102;CERV ANTARCTICA SUBZERO GF 1L RETORNAVEL;BEBIDAS;88080;01/07/2026;163404;87078;12;936;24;2;0;;;1
4;2140;ARROZ BCO SANO TP1 5KG;MERCEARIA;88080;01/07/2026;163404;87078;6;1106;30;5;0;;;2
4;1292;CHOC BARRA NESTLE 80G MEIO AMARGO;MERCEARIA;88080;01/07/2026;163404;87078;16;368;48;3;0;03/07/2026;ERICA;9
4;6225;GEL DENT SORRISO FRESH 90G HORTELA;PERFUMARIA E LIMPEZA;88080;01/07/2026;163404;87078;12;12;12;1;0;03/07/2026;ALEXSANDER;12
4;2385;LENTILHA BELLA DICA 400G;MERCEARIA;88080;01/07/2026;163404;87078;12;24;12;1;0;;;0
4;223;CERV THEREZOPOLIS LAGER LT 473ML GOLD;BEBIDAS;88080;01/07/2026;163404;87078;12;232;12;1;0;;;-2
4;2302;FEIJAO BRANCO CALDO OURO 500G;MERCEARIA;88080;01/07/2026;163404;87078;10;435;10;1;0;;;15
4;2752;FARINHA TRIGO PANFACIL 1KG INTEGRAL;MERCEARIA;88080;01/07/2026;163404;87078;10;110;10;1;0;;;9
4;289;CERV SOL PREMIUM LN 330ML;BEBIDAS;88080;01/07/2026;163404;87078;24;300;24;1;0;;;2
4;6234;GEL DENTAL CLOSE UP 90G ORIG RED HOT;PERFUMARIA E LIMPEZA;88080;01/07/2026;163404;87078;12;286;12;0;0;03/07/2026;BRUNO ANTUNES;-3
4;1446;BISC DOCE NESTLE CHOCO TRIO 90G AMEND;MERCEARIA;88080;01/07/2026;163404;87078;12;300;12;1;0;03/07/2026;ERICA;1
4;37075;FARINHA TAPIOCA DINDA 400G TRAD;MERCEARIA;88080;01/07/2026;163404;87078;20;477;20;1;0;;;-21
4;36987;FARINHA MANDIOCA 500G DINDA;MERCEARIA;88080;01/07/2026;163404;87078;20;140;20;1;0;;;-20
4;17665;ERVA MATE CAMBONA MOIDA GROSSA 1KG;MERCEARIA;88080;01/07/2026;163404;87078;10;136;20;2;0;;;37
4;840;REFRIG PEPSI PET 3L;BEBIDAS;88080;01/07/2026;163404;87078;4;352;4;1;0;;;32
4;213;CERV SKOL PILSEN LT 473ML;BEBIDAS;88080;01/07/2026;163404;87078;12;27852;84;7;0;;;2072
4;8227;SH HEAD SHOULDERS 200ML HIDRATACAO;PERFUMARIA E LIMPEZA;88080;01/07/2026;163404;87078;6;0;6;1;0;03/07/2026;ALEXSANDER;6
4;825;REFRIG PEPSI PET 2L;BEBIDAS;88245;01/07/2026;163627;88581;8;1104;32;7;0;;;0
4;188;CERV POLAR EXPORT LT 473ML;BEBIDAS;88332;01/07/2026;163922;88581;12;1800;60;5;0;;;138
4;817;REFRIG FRUKI GUARANA ZR PET 2L GUARANA ZERO;BEBIDAS;88332;01/07/2026;163922;88581;6;138;30;5;0;;;0
4;219;CERV STELLA ARTOIS LT 473ML;BEBIDAS;88332;01/07/2026;163922;88581;12;3684;120;10;0;;;203
4;1292;CHOC BARRA NESTLE 80G MEIO AMARGO;MERCEARIA;88332;01/07/2026;163922;88581;16;368;80;0;0;03/07/2026;JESSICA M;9
4;36;AGUA MIN CRYSTAL PET 500ML C GAS;BEBIDAS;88332;01/07/2026;163922;88581;12;854;60;9;0;;;184
4;835;REFRIG PET COCA COLA 3L;BEBIDAS;88332;01/07/2026;163922;88581;6;240;120;20;0;;;27
4;169;CERV HEINEKEN LT 473ML;BEBIDAS;88332;01/07/2026;163922;88581;12;1560;240;20;0;;;71
4;43;AGUA MIN CRYSTAL PET 500ML S GAS;BEBIDAS;88332;01/07/2026;163922;88581;12;7598;120;10;0;;;313
4;825;REFRIG PEPSI PET 2L;BEBIDAS;88332;01/07/2026;163922;88581;8;1104;16;7;0;;;0
4;154;CERV BRAHMA DUPLO MALTE LT 473ML;BEBIDAS;88332;01/07/2026;163922;88581;12;2472;120;10;0;;;106
5;1498;CHOC KINDER JOY T1 20G;MERCEARIA;88082;01/07/2026;163405;87082;48;116;48;0;0;03/07/2026;JESSICA M;8
5;1296;CHOC BARRA NESTLE 80G GALAK GALAK;MERCEARIA;88082;01/07/2026;163405;87082;16;384;16;1;1;03/07/2026;JESSICA M;2
5;22117;POM MASSAG BIO FISIOFORT PREMIUM 150ML;PERFUMARIA E LIMPEZA;88082;01/07/2026;163405;87082;12;912;12;0;0;04/07/2026;ALEXSANDER;13
5;3510;FERM BIO PO FLEISCHMANN SH LV 125G PG 100G;MERCEARIA;88082;01/07/2026;163405;87082;16;112;16;0;0;03/07/2026;JESSICA M;15
5;24311;SH DARLING 2X1 650ML;PERFUMARIA E LIMPEZA;88082;01/07/2026;163405;87082;6;12;6;0;0;04/07/2026;ALEXSANDER;15
5;36301;POMADA MASSAG BIO FISIOFORT 150ML;PERFUMARIA E LIMPEZA;88082;01/07/2026;163405;87082;12;432;24;2;2;04/07/2026;ALEXSANDER;15
5;13403;BISC DOCE NESTLE CHOCO TRIO 90G PRESTIGIO;MERCEARIA;88082;01/07/2026;163405;87082;12;531;24;2;2;03/07/2026;JESSICA M;0
5;8858;AP GILLETTE PROBAK II C 2;PERFUMARIA E LIMPEZA;88082;01/07/2026;163405;87082;14;2184;28;2;2;06/07/2026;PAMELA;4
5;17310;DESOD ROLLON REXONA 50ML FM S PERFUME;PERFUMARIA E LIMPEZA;88082;01/07/2026;163405;87082;12;600;12;1;1;04/07/2026;ALEXSANDER;24
5;5691;DETERG YPE 500 ML CLEAR;PERFUMARIA E LIMPEZA;88082;01/07/2026;163405;87082;24;4488;24;1;0;02/07/2026;MURILO;45
5;12289;AGUA SANIT IMPERIAL 1L;PERFUMARIA E LIMPEZA;88082;01/07/2026;163405;87082;12;0;12;1;0;02/07/2026;MURILO;12
5;2361;FEIJAO VERMELHO ARBAZA 500G;MERCEARIA;88248;01/07/2026;163628;88585;12;1161;48;0;0;07/07/2026;ALEXSANDRO;36
5;24621;TAP HIG MR DRY C 7 80X60G;PRODUTOS PET;88248;01/07/2026;163628;88585;10;32;20;0;0;;;5
5;8966;CARVAO CHAMA CAMPEIRA 5KG;NAO ALIMENTO;88248;01/07/2026;164998;88192;1;462;18;18;0;02/07/2026;WENDRIO;63
5;17357;DET LIQ MINUANO 500ML CLEAR;PERFUMARIA E LIMPEZA;88248;01/07/2026;163628;88585;1;538;10;0;0;;;142
5;20810;MILHO PIPOCA ARBAZA PREMIUM 400G;MERCEARIA;88334;01/07/2026;163923;88585;12;11483;120;10;0;;;246
5;1296;CHOC BARRA NESTLE 80G GALAK GALAK;MERCEARIA;88334;01/07/2026;163923;88585;16;384;160;0;0;03/07/2026;ERICA;2
5;782;ACUCAR REFINADO UNIAO 1KG;MERCEARIA;88334;01/07/2026;163923;88585;10;40;50;6;6;07/07/2026;ALEXSANDRO;0
5;771;ACUCAR CRISTAL UNIAO 1KG;MERCEARIA;88334;01/07/2026;163923;88585;10;149;120;0;0;07/07/2026;ALEXSANDRO;0
6;636;VODKA VOLCOF VD 900ML;BEBIDAS;88084;01/07/2026;163406;87892;12;0;12;0;0;;;-13
6;3510;FERM BIO PO FLEISCHMANN SH LV 125G PG 100G;MERCEARIA;88084;01/07/2026;163406;87892;16;112;48;0;0;03/07/2026;AUGUSTO;89
6;24827;TINTURA BELAECOR 147G 7 0 LOURO MEDI;PERFUMARIA E LIMPEZA;88084;01/07/2026;163406;87892;6;6;6;0;0;06/07/2026;PAMELA;13
6;2537;DOCE DIFRUTTI 1 010KG PESSEGO;MERCEARIA;88084;01/07/2026;163406;87892;6;0;6;0;0;;;3
6;1849;DROPS FREEGELLS 27 9G EXTRA FORTE;MERCEARIA;88084;01/07/2026;163406;87892;12;1188;24;2;2;03/07/2026;AUGUSTO;-28
6;38441;MOLHO TOM DIA 340G TRAD;MERCEARIA;88084;01/07/2026;163406;87892;24;-11760;264;0;0;02/07/2026;JESSICA;62
6;3635;SAL MOIDO CBS 1KG;MERCEARIA;88084;01/07/2026;163406;87892;10;2324;10;1;0;;;88
6;1400;CHOC CARIBE GAROTO 28G CANDYBAR;MERCEARIA;88084;01/07/2026;163406;87892;30;0;30;1;1;03/07/2026;AUGUSTO;27
6;17733;ESC CAB FLORENCE RETAN 600BT;PERFUMARIA E LIMPEZA;88084;01/07/2026;163406;87892;1;2;1;0;0;06/07/2026;AUGUSTO;4
6;20415;MAMAD CEFISA SIL 240ML;PERFUMARIA E LIMPEZA;88084;01/07/2026;163406;87892;12;216;12;1;1;06/07/2026;PAMELA;-10
6;1838;PAST DOCILE ROLLY MINTY 29G HORTELA;MERCEARIA;88084;01/07/2026;163406;87892;12;252;24;0;0;03/07/2026;AUGUSTO;-46
6;5806;ESC DENTAL COLGATE ESSENCIAL CLEAN PACK 06UN;PERFUMARIA E LIMPEZA;88084;01/07/2026;163406;87892;6;90;6;0;0;06/07/2026;PAMELA;1
6;33732;ENERG RED BULL LT 250ML POMELO;BEBIDAS;88084;01/07/2026;163406;87892;24;0;24;0;0;;;3
6;2019;CANJIQUINHA JUREIA 500G;MERCEARIA;88336;01/07/2026;163924;87892;12;0;12;1;0;;;14
7;9756;LEITE TIROL INTEGRAL ZR LACTOSE 1L;PERECIVEIS;88058;01/07/2026;163390;87083;12;0;108;9;0;;;116
7;7425;PEDRA SANITARIA SANI SOL 20G JASMIN;PERFUMARIA E LIMPEZA;88086;01/07/2026;163407;87083;144;1296;288;2;0;;;145
7;22916;REPARADOR PONTAS JAYLUC 30ML OLEO ARGAN;PERFUMARIA E LIMPEZA;88086;01/07/2026;163407;87083;24;1;24;1;0;;;23
7;1837;PAST DOCILE ROLLY MINTY 29G FRUIT;MERCEARIA;88086;01/07/2026;163407;87083;12;1320;12;1;1;04/07/2026;MONIQUE;13
7;17310;DESOD ROLLON REXONA 50ML FM S PERFUME;PERFUMARIA E LIMPEZA;88086;01/07/2026;163407;87083;12;600;12;1;0;;;21
7;9549;FRALDA MILI JUMBINHO XG 18UN;PERFUMARIA E LIMPEZA;88086;01/07/2026;163407;87083;9;810;27;0;0;;;9
7;2805;POLENTA GERMANI 500G PERDIZ;MERCEARIA;88086;01/07/2026;163407;87083;12;9;12;1;0;;;4
7;1740;CHICLE FREEGELLS GUM 8G MORANGO;MERCEARIA;88086;01/07/2026;163407;87083;15;870;15;0;0;04/07/2026;MONIQUE;3
7;7922;SABONETE LUX 85G BUQUE D JASMIM;PERFUMARIA E LIMPEZA;88086;01/07/2026;163407;87083;108;774;108;1;0;;;-1
7;35581;CREME P PENT SEDA 300ML TOQUE DE SEDA;PERFUMARIA E LIMPEZA;88086;01/07/2026;163407;87083;12;120;12;1;0;;;0
7;35590;FRALDA DESC HUGGIES MEGUINHA G 30;PERFUMARIA E LIMPEZA;88086;01/07/2026;163407;87083;6;0;6;1;0;;;0
7;7921;SABONETE LUX 125G SUAVE ROSAS FRANCESAS;PERFUMARIA E LIMPEZA;88086;01/07/2026;163407;87083;72;1080;144;2;0;;;37
7;7920;SABONETE LUX 125G SUAVE LIRIO AZUL;PERFUMARIA E LIMPEZA;88086;01/07/2026;163407;87083;72;360;72;1;0;;;1
7;33374;DESO AERO AXE 200ML APO VET E MANDA;PERFUMARIA E LIMPEZA;88086;01/07/2026;163407;87083;12;600;12;1;0;;;2
7;17733;ESC CAB FLORENCE RETAN 600BT;PERFUMARIA E LIMPEZA;88086;01/07/2026;163407;87083;1;2;1;1;0;;;0
7;7929;SABONETE LUX 85G ORQUIDEA NEGRA;PERFUMARIA E LIMPEZA;88086;01/07/2026;163407;87083;108;1314;108;1;0;;;22
7;7665;REMOVEDOR ESMALTE JAY LUC 100ML;PERFUMARIA E LIMPEZA;88086;01/07/2026;163407;87083;24;192;24;1;0;;;7
7;24311;SH DARLING 2X1 650ML;PERFUMARIA E LIMPEZA;88086;01/07/2026;163407;87083;6;12;6;1;0;;;16
7;13403;BISC DOCE NESTLE CHOCO TRIO 90G PRESTIGIO;MERCEARIA;88086;01/07/2026;163407;87083;12;531;24;0;0;04/07/2026;MONIQUE;0
7;648;WHISKY MASTER GOLD VD 900ML;BEBIDAS;88086;01/07/2026;163407;87083;1;85;2;0;0;04/07/2026;MONIQUE;3
7;33915;ARROZ SABOROSO PARB 1KG INTEGRAL;MERCEARIA;88086;01/07/2026;163407;87083;30;210;30;1;0;;;78
7;154;CERV BRAHMA DUPLO MALTE LT 473ML;BEBIDAS;88338;01/07/2026;163925;88586;12;2472;240;20;0;;;1
7;207;CERV SCHIN PILSEN LT 473ML;BEBIDAS;88338;01/07/2026;163925;88586;12;14955;168;14;0;;;755
8;5057;COND SEDA 300ML LUMINOUS UV;PERFUMARIA E LIMPEZA;88088;01/07/2026;163409;87079;12;0;12;1;0;;;10
8;4258;AP PROBAK II LV7 PG5;PERFUMARIA E LIMPEZA;88088;01/07/2026;163409;87079;1;14;72;72;0;;;55
8;5509;DESOD AERO AXE 152ML 90G MARINE;PERFUMARIA E LIMPEZA;88088;01/07/2026;163409;87079;12;984;12;1;0;;;17
8;4254;AP PRESTOBARBA 3 LV4 PG3 MASCULINO;PERFUMARIA E LIMPEZA;88088;01/07/2026;163409;87079;6;516;6;1;0;;;-1
8;687;ESP GARIBALDI PRIMICIAS GF 660ML ROSE;BEBIDAS;88088;01/07/2026;163409;87079;1;19;1;0;0;04/07/2026;MONIQUE;6
8;2385;LENTILHA BELLA DICA 400G;MERCEARIA;88088;01/07/2026;163409;87079;12;24;12;1;0;;;-8
8;3524;FERM QUIMICO PO FLEISCHMANN PT 100G;MERCEARIA;88088;01/07/2026;163409;87079;12;120;24;0;0;04/07/2026;MONIQUE;1
8;648;WHISKY MASTER GOLD VD 900ML;BEBIDAS;88088;01/07/2026;163409;87079;1;85;2;2;2;04/07/2026;MONIQUE;-3
8;12289;AGUA SANIT IMPERIAL 1L;PERFUMARIA E LIMPEZA;88254;01/07/2026;163631;88582;12;0;24;3;0;;;0
8;20810;MILHO PIPOCA ARBAZA PREMIUM 400G;MERCEARIA;88340;01/07/2026;163926;88582;12;11483;240;20;0;;;225
11;6874;LIMP M USO YPE 500ML CLASSICO;PERFUMARIA E LIMPEZA;88090;01/07/2026;163410;87637;12;0;12;1;0;01/07/2026;EVERTON;-5
11;36721;DET LIQ AQUAFAST LAV RAP FRESH 1 5L;PERFUMARIA E LIMPEZA;88090;01/07/2026;163410;87637;9;90;9;1;0;01/07/2026;EVERTON;4
11;3510;FERM BIO PO FLEISCHMANN SH LV 125G PG 100G;MERCEARIA;88090;01/07/2026;163410;87637;16;112;48;0;0;03/07/2026;AUGUSTO;0
11;8838;AMAC AQUAFAST 2L ROSA JARD FLORI;PERFUMARIA E LIMPEZA;88090;01/07/2026;163410;87637;6;407;6;1;0;01/07/2026;EVERTON;14
11;17343;DET LIQ BRILHANTE LIMP TOT 1 8L;PERFUMARIA E LIMPEZA;88090;01/07/2026;163410;87637;6;149;24;4;0;01/07/2026;EVERTON;23
11;6683;LAVA ROUPA AQUAFAST 3L MULTIACAO;PERFUMARIA E LIMPEZA;88090;01/07/2026;163410;87637;4;200;4;1;0;01/07/2026;EVERTON;0
11;6933;LIMP UAU LV1L PG800ML LAVANDA CONFORT;PERFUMARIA E LIMPEZA;88090;01/07/2026;163410;87637;12;107;12;1;0;01/07/2026;EVERTON;2
11;3966;ALCOOL GEL 70 SUPER VALE 450G;PERFUMARIA E LIMPEZA;88090;01/07/2026;163410;87637;12;572;12;1;0;01/07/2026;EVERTON;7
11;8789;ABS MILI COB C ABAS SV 8UN;PERFUMARIA E LIMPEZA;88090;01/07/2026;163410;87637;36;612;36;1;0;01/07/2026;EVERTON;5
11;37728;LIMP PERF UAU CHA BRANCO PROMO 1 8L;PERFUMARIA E LIMPEZA;88090;01/07/2026;163410;87637;1;99;9;1;0;01/07/2026;EVERTON;9
11;9296;DET LIQ GOTA LIMPA 1L LIMAO;PERFUMARIA E LIMPEZA;88090;01/07/2026;163410;87637;12;2640;48;4;0;01/07/2026;EVERTON;0
11;31448;LUVA CHENILLE;PERFUMARIA E LIMPEZA;88090;01/07/2026;163410;87637;12;12;12;0;0;02/07/2026;MAYNARA;14
11;4217;AMAC YPE 2L ACONCHEGO;PERFUMARIA E LIMPEZA;88090;01/07/2026;163410;87637;6;1284;24;4;0;01/07/2026;EVERTON;30
11;17157;DESINF APYCE 2L LAVANDA;PERFUMARIA E LIMPEZA;88090;01/07/2026;163410;87637;6;480;54;9;0;01/07/2026;EVERTON;14
11;4147;AMAC CONC COMFORT 400ML RF FRESCOR INTENSO;PERFUMARIA E LIMPEZA;88090;01/07/2026;163410;87637;12;0;12;1;0;01/07/2026;EVERTON;-16
11;19372;INSET NITROCID PO 50G;PERFUMARIA E LIMPEZA;88090;01/07/2026;163410;87637;1;6;1;1;0;01/07/2026;EVERTON;1
11;24062;SAPONACEO CREM FONT 250ML CLORO;PERFUMARIA E LIMPEZA;88090;01/07/2026;163410;87637;12;0;12;1;0;01/07/2026;EVERTON;8
11;3686;TEMP BICARBONATO SODIO APTI 100G;MERCEARIA;88090;01/07/2026;163410;87637;20;180;20;0;0;03/07/2026;AUGUSTO;5
11;207;CERV SCHIN PILSEN LT 473ML;BEBIDAS;88090;01/07/2026;163414;87077;12;14955;2640;220;0;02/07/2026;ALEXSANDER;2183
11;35726;AMAC COMFORT CRISTAIS 275G ETERNO FRESCOR;PERFUMARIA E LIMPEZA;88090;01/07/2026;163410;87637;12;0;12;1;0;01/07/2026;EVERTON;8
11;17357;DET LIQ MINUANO 500ML CLEAR;PERFUMARIA E LIMPEZA;88090;01/07/2026;163410;87637;1;538;10;0;0;01/07/2026;EVERTON;598
11;5673;DETERG GIRANDO SOL 500ML LIMAO;PERFUMARIA E LIMPEZA;88090;01/07/2026;163410;87637;24;4224;72;3;0;01/07/2026;EVERTON;37
11;1837;PAST DOCILE ROLLY MINTY 29G FRUIT;MERCEARIA;88090;01/07/2026;163410;87637;12;1320;36;1;1;03/07/2026;AUGUSTO;-27
11;5680;DET LIQ GOTA LIMPA 500ML MACA;PERFUMARIA E LIMPEZA;88090;01/07/2026;163410;87637;24;312;96;4;0;01/07/2026;EVERTON;144
11;17350;DET LIQ GOTA LIMPA 1L NEUTRO;PERFUMARIA E LIMPEZA;88090;01/07/2026;163410;87637;12;1596;60;5;0;01/07/2026;EVERTON;51
11;23161;SABAO ZAVASKI GLIC LIMAO 200G;PERFUMARIA E LIMPEZA;88090;01/07/2026;163410;87637;50;990;50;1;0;01/07/2026;EVERTON;48
11;6873;LIMP M USO YPE 500ML C ALCOOL;PERFUMARIA E LIMPEZA;88090;01/07/2026;163410;87637;12;0;12;1;0;01/07/2026;EVERTON;11
11;4113;ALVEJ GIRANDO SOL 1L LAVANDA;PERFUMARIA E LIMPEZA;88090;01/07/2026;163410;87637;12;132;12;1;0;01/07/2026;EVERTON;6
11;23158;SABAO ZAVASKI COCO 200G;PERFUMARIA E LIMPEZA;88090;01/07/2026;163410;87637;50;1048;50;1;0;01/07/2026;EVERTON;8
11;12432;AMACIANTE YPE 1 5L PINK;PERFUMARIA E LIMPEZA;88090;01/07/2026;163410;87637;9;0;9;1;0;01/07/2026;EVERTON;3
11;3953;AGUA SANIT YPE 1L;PERFUMARIA E LIMPEZA;88090;01/07/2026;163410;87637;12;1248;36;3;0;01/07/2026;EVERTON;21
11;5671;DETERG GIRANDO SOL 500ML COCO;PERFUMARIA E LIMPEZA;88090;01/07/2026;163410;87637;24;48;24;1;0;01/07/2026;EVERTON;2
11;1292;CHOC BARRA NESTLE 80G MEIO AMARGO;MERCEARIA;88342;01/07/2026;163927;87899;16;368;160;10;10;03/07/2026;PAMELA;38
11;35236;BOMBOM LACTA OREO 20G;MERCEARIA;88373;01/07/2026;164079;87899;27;0;135;5;0;;;-8
12;2519;KETCHUP HELLMANNS BISN 380G TRAD;MERCEARIA;88092;01/07/2026;;;1;53;5;0;0;;;0
12;1354;CHOC BATON GAROTO 16G BRANCO;MERCEARIA;88092;01/07/2026;163411;87900;30;0;30;1;0;;;12
12;33895;CREME DENT CLOSE UP 100G CARVAO ATIVADO;PERFUMARIA E LIMPEZA;88092;01/07/2026;163411;87900;12;12;12;0;0;;;0
12;2812;MACARRAO INST NISSIN 500G YAKISSOBA;MERCEARIA;88092;01/07/2026;163411;87900;20;279;20;0;0;;;12
12;7804;SABAO PO BRILHANTE 1 450 M 150G GT LIMPEZA TOTAL;PERFUMARIA E LIMPEZA;88092;01/07/2026;163411;87900;9;9;9;1;1;02/07/2026;PAMELA;8
12;1289;CHOC BARRA NESTLE 80G PRESTIGIO;MERCEARIA;88344;01/07/2026;163928;87900;16;128;48;3;0;;;3
12;1296;CHOC BARRA NESTLE 80G GALAK GALAK;MERCEARIA;88344;01/07/2026;163928;87900;16;384;80;5;0;;;94
12;1292;CHOC BARRA NESTLE 80G MEIO AMARGO;MERCEARIA;88344;01/07/2026;163928;87900;16;368;160;10;0;;;-1
12;1280;CHOC BARRA GAROTO 80G AO LEITE;MERCEARIA;88344;01/07/2026;163928;87900;16;2224;80;5;0;;;143
13;38441;MOLHO TOM DIA 340G TRAD;MERCEARIA;88094;01/07/2026;163413;87901;24;-11760;192;0;0;;;75
13;9291;DESINF YPE BAK 1L FLORAL;PERFUMARIA E LIMPEZA;88094;01/07/2026;164564;87898;12;-48;12;0;0;;;3
14;17191;DESINF IMPERIAL 5L PINHO;PERFUMARIA E LIMPEZA;88096;01/07/2026;;;4;24;4;0;0;;;1
14;37429;AGUA SANITARIA SUPREMA 5 L;PERFUMARIA E LIMPEZA;88096;01/07/2026;;;3;48;3;0;0;;;0
14;38441;MOLHO TOM DIA 340G TRAD;MERCEARIA;88096;01/07/2026;163415;87891;24;-11760;192;0;0;;;8
14;20810;MILHO PIPOCA ARBAZA PREMIUM 400G;MERCEARIA;88348;01/07/2026;163930;87891;12;11483;120;10;0;;;154
14;48;AGUA MIN FLORESTA PET 500ML C GAS;BEBIDAS;88348;01/07/2026;163930;87891;12;215;1944;162;0;;;432
17;1843;DROPS FREEGELLS 27 9G CEREJA;MERCEARIA;88098;01/07/2026;163416;87902;12;12;12;0;0;03/07/2026;AUGUSTO;1
17;38441;MOLHO TOM DIA 340G TRAD;MERCEARIA;88098;01/07/2026;163416;87902;24;-11760;168;0;0;;;97
17;1431;CHOC KIT KAT 41 5G DARK;MERCEARIA;88098;01/07/2026;163416;87902;24;0;24;1;1;03/07/2026;AUGUSTO;20
17;3399;CALDO APTI 57G BACON;MERCEARIA;88098;01/07/2026;163416;87902;120;20;120;0;0;03/07/2026;AUGUSTO;4
17;33895;CREME DENT CLOSE UP 100G CARVAO ATIVADO;PERFUMARIA E LIMPEZA;88098;01/07/2026;163416;87902;12;12;12;1;1;03/07/2026;PAMELA;0
17;8238;SH HEAD SHOULD 400ML MENTHOL;PERFUMARIA E LIMPEZA;88098;01/07/2026;163416;87902;6;0;6;1;1;03/07/2026;PAMELA;32
17;784;REFRIG ANTARCTICA GUARANA PET 2L;BEBIDAS;88098;01/07/2026;163416;87902;8;78;48;10;0;03/07/2026;JOCELAINE;-158
17;32;AGUA MIN SARANDI PET 2L C GAS;BEBIDAS;88098;01/07/2026;163416;87902;8;1656;8;6;0;03/07/2026;JOCELAINE;7
17;3510;FERM BIO PO FLEISCHMANN SH LV 125G PG 100G;MERCEARIA;88098;01/07/2026;163416;87902;16;112;32;0;0;03/07/2026;AUGUSTO;50
17;24481;SPRAY PANTENE TRAT QUERATINA 160ML;PERFUMARIA E LIMPEZA;88098;01/07/2026;163416;87902;9;0;9;1;1;03/07/2026;PAMELA;9
17;22796;RATICIDA RODILON ISCA 25G;PERFUMARIA E LIMPEZA;88098;01/07/2026;163416;87902;40;240;40;0;0;;;2
17;2302;FEIJAO BRANCO CALDO OURO 500G;MERCEARIA;88098;01/07/2026;163416;87902;10;435;30;3;0;;;8
17;12528;AP GILLETTE C 8 L8P6;PERFUMARIA E LIMPEZA;88098;01/07/2026;163416;87902;3;10;3;0;0;03/07/2026;PAMELA;15
17;17733;ESC CAB FLORENCE RETAN 600BT;PERFUMARIA E LIMPEZA;88098;01/07/2026;163416;87902;1;2;1;0;0;03/07/2026;PAMELA;1
17;12404;AMACIANTE DOWNY 1 5L BRISA SUAVE;PERFUMARIA E LIMPEZA;88222;01/07/2026;163569;87232;9;405;90;0;0;01/07/2026;MIKAEL;32
17;35122;AMAC CONC DOWNY 1 5L TROPICAL;PERFUMARIA E LIMPEZA;88222;01/07/2026;163569;87232;9;621;18;2;2;01/07/2026;MIKAEL;19
17;4176;AMAC DOWNY 1 5L BRISA DE VERAO;PERFUMARIA E LIMPEZA;88222;01/07/2026;163569;87232;9;644;45;0;0;01/07/2026;MIKAEL;18
17;33491;AMACIANTE DOWNY 1 5L ALFAZEMA;PERFUMARIA E LIMPEZA;88222;01/07/2026;163569;87232;9;171;45;0;0;01/07/2026;MIKAEL;-17
17;4178;AMAC DOWNY 1 5L LIRIOS DO CAMPO;PERFUMARIA E LIMPEZA;88222;01/07/2026;163569;87232;9;605;45;0;0;01/07/2026;MIKAEL;16
17;4177;AMAC DOWNY 1 5L BRISA INTENSO;PERFUMARIA E LIMPEZA;88222;01/07/2026;163569;87232;9;585;45;0;0;01/07/2026;MIKAEL;2
17;32;AGUA MIN SARANDI PET 2L C GAS;BEBIDAS;88350;01/07/2026;163931;87902;8;1656;40;6;0;03/07/2026;JOCELAINE;7
17;191;CERV PROVINCIA MALZBIER LT 473ML;BEBIDAS;88350;01/07/2026;163931;87902;12;2129;120;10;0;03/07/2026;JOCELAINE;14
17;1271;CHOC BARRA GAROTO 80G CROCANTE;MERCEARIA;88350;01/07/2026;163931;87902;16;272;32;0;0;03/07/2026;AUGUSTO;0
17;1292;CHOC BARRA NESTLE 80G MEIO AMARGO;MERCEARIA;88350;01/07/2026;163931;87902;16;368;80;0;0;03/07/2026;AUGUSTO;10
1;2382;LENTILHA YOKI TP2 400G;MERCEARIA;88537;02/07/2026;164517;88584;16;79;16;1;0;;;40
1;2302;FEIJAO BRANCO CALDO OURO 500G;MERCEARIA;88537;02/07/2026;164517;88584;10;435;10;1;0;;;5
1;5064;COND SEDA 325ML CACHOS DEFINIDO;PERFUMARIA E LIMPEZA;88537;02/07/2026;164517;88584;12;36;12;1;0;03/07/2026;MONIQUE;5
1;3635;SAL MOIDO CBS 1KG;MERCEARIA;88537;02/07/2026;164517;88584;10;2324;10;1;0;;;-2
1;2385;LENTILHA BELLA DICA 400G;MERCEARIA;88537;02/07/2026;164517;88584;12;24;12;1;0;;;0
1;7356;PAPEL HIG DUETTO 4 UN DE 30M PERFUMADO;PERFUMARIA E LIMPEZA;88537;02/07/2026;164517;88584;16;0;16;0;0;03/07/2026;WILLIAN MATEUS;-14
2;4053;ALIM GATO FRISKIES 85G SALMAO AO MOLHO;PRODUTOS PET;88539;02/07/2026;164518;87893;15;3;30;2;0;02/07/2026;MONIQUE;238
2;3510;FERM BIO PO FLEISCHMANN SH LV 125G PG 100G;MERCEARIA;88539;02/07/2026;164518;87893;16;112;16;2;0;03/07/2026;JESSICA M;5
2;4042;RACAO FRISKIES 850G MEGAMIX AD CAST;PRODUTOS PET;88539;02/07/2026;164518;87893;9;0;9;2;0;02/07/2026;MONIQUE;1
2;3377;CALDO KNORR 57G CARNE;MERCEARIA;88539;02/07/2026;164518;87893;10;10;10;1;0;03/07/2026;JESSICA M;17
2;13260;BIFINHO PETISCAO TABLETE 60G CAR;PRODUTOS PET;88539;02/07/2026;164518;87893;24;840;24;1;0;02/07/2026;MONIQUE;11
2;3893;ABS C ABAS DIA NOITE 32 UN SUAVE;PERFUMARIA E LIMPEZA;88539;02/07/2026;164518;87893;16;175;16;1;0;02/07/2026;EVERTON;1
2;3433;SOPA CARNE MAGGI 63G CONCHINHAS;MERCEARIA;88539;02/07/2026;164518;87893;10;28;10;1;0;03/07/2026;JESSICA M;15
2;17285;DESOD ROLLON DI HELLEN 55ML FEM;PERFUMARIA E LIMPEZA;88539;02/07/2026;164518;87893;12;0;12;1;0;03/07/2026;MONIQUE;27
2;3431;SOPA GALINHA MAGGI 60G FIDELINI;MERCEARIA;88539;02/07/2026;164518;87893;10;59;10;1;0;03/07/2026;JESSICA M;19
2;1416;CHOC SNICKERS 45G;MERCEARIA;88539;02/07/2026;164518;87893;20;220;20;1;0;03/07/2026;JESSICA M;15
2;3512;FERM PO BIOL GOOD INSTANT SH 10G;MERCEARIA;88539;02/07/2026;164518;87893;30;6180;30;1;0;03/07/2026;JESSICA M;52
2;2909;ACHOC LIQ SHOWKINHO 200ML;MERCEARIA;88675;02/07/2026;164786;89973;27;10449;810;30;0;;;714
2;188;CERV POLAR EXPORT LT 473ML;BEBIDAS;88723;02/07/2026;164861;89973;12;1800;36;3;0;;;129
2;6791;LEITE UHT PET ELEGE 1L DESNATADO;PERECIVEIS;88723;02/07/2026;164861;89973;6;348;36;12;0;;;-31
2;2814;POLENTA PERDIZ 500G INST TEMP;MERCEARIA;88723;02/07/2026;164861;89973;12;155;24;2;0;;;9
2;113;CERV ORIGINAL1L RETORNAVEL;BEBIDAS;88723;02/07/2026;164861;89973;12;456;24;2;0;;;0
2;786;REFRIG ANTARCTICA GUARANA PET 2L ZERO;BEBIDAS;88723;02/07/2026;164861;89973;8;1016;24;6;0;;;8
2;847;REFRIG COCA COLA PET 600ML;BEBIDAS;88723;02/07/2026;164861;89973;12;3516;348;29;0;;;122
2;2378;DUETO FUGINI SH 170G ERVILHA MILHO;MERCEARIA;88723;02/07/2026;164861;89973;36;72;216;6;0;;;0
2;7241;ESC DENTAL ORAL B INDICA BLACK L2P1;PERFUMARIA E LIMPEZA;88723;02/07/2026;164861;89973;12;144;24;2;0;;;0
3;33255;REFRIG CHARRUA PET 3L GUARANA;BEBIDAS;88541;02/07/2026;164519;87894;6;25;48;8;0;;;193
3;15638;CD COTTONBABY SNOOPY BABY 200ML GOTAS CAMOMILA;PERFUMARIA E LIMPEZA;88541;02/07/2026;164519;87894;12;0;12;1;0;03/07/2026;ALEXSANDER;11
3;24653;TCO TENYS PE BARUEL PO 100G ORIG;PERFUMARIA E LIMPEZA;88541;02/07/2026;164519;87894;12;144;60;5;0;03/07/2026;ALEXSANDER;0
3;5845;ESC DENTAL ORAL B INDICAT35 L2P1;PERFUMARIA E LIMPEZA;88541;02/07/2026;164519;87894;1;6;1;1;0;03/07/2026;ALEXSANDER;5
3;9754;HID LEITE PAIXAO 200ML FRAMB NEGRA;PERFUMARIA E LIMPEZA;88541;02/07/2026;164519;87894;24;0;24;1;0;03/07/2026;ALEXSANDER;2
3;5328;CR PENT VINI LADY 290G COCO;PERFUMARIA E LIMPEZA;88541;02/07/2026;164519;87894;24;0;24;1;0;03/07/2026;ALEXSANDER;18
3;12279;AGUA OXIG BUTTERF 30V 100ML;PERFUMARIA E LIMPEZA;88541;02/07/2026;164519;87894;12;0;12;1;0;03/07/2026;ALEXSANDER;21
3;4256;AP PRESTOBARBA ULTRAGRIP 3L CART2UN;PERFUMARIA E LIMPEZA;88541;02/07/2026;164519;87894;1;2;1;1;0;03/07/2026;ALEXSANDER;1
3;762;REFRIG COCA COLA PET 200ML;BEBIDAS;88541;02/07/2026;164519;87894;12;1668;156;18;0;;;-12
3;6750;LEITE DE COLONIA 100ML FINAL FANTAS;PERFUMARIA E LIMPEZA;88541;02/07/2026;164519;87894;36;2;36;1;0;03/07/2026;ALEXSANDER;4
3;12278;AGUA OXIG BUTTERF 20V 100ML;PERFUMARIA E LIMPEZA;88541;02/07/2026;164519;87894;12;24;12;1;0;03/07/2026;ALEXSANDER;0
3;16878;CR HIDRAT DIHELLEN MAOS E PES 100G;PERFUMARIA E LIMPEZA;88541;02/07/2026;164519;87894;12;0;12;1;0;03/07/2026;ALEXSANDER;6
3;7385;PAST ADES HARPIC 2EM1 L3 P2 PINHO;PERFUMARIA E LIMPEZA;88541;02/07/2026;164519;87894;24;24;24;1;0;03/07/2026;ALEXSANDER;25
3;9751;LEITE SANTA CLARA UHT INT 1L;PERECIVEIS;88677;02/07/2026;164815;88583;12;95304;780;65;0;;;2544
3;179;CERV ORIGINAL LT 473ML;BEBIDAS;88879;02/07/2026;165337;88424;12;4344;1320;0;0;03/07/2026;VILLARROEL;1215
3;6232;GEL DENTAL CLOSE UP 90G EUCALIPT FREEZE;PERFUMARIA E LIMPEZA;88879;02/07/2026;165337;88424;12;0;48;4;4;02/07/2026;MONIQUE;23
3;4197;AMAC DOWNY 900ML COLLECTION;PERFUMARIA E LIMPEZA;88879;02/07/2026;165337;88424;12;12;12;1;0;02/07/2026;MIKAEL;0
3;825;REFRIG PEPSI PET 2L;BEBIDAS;88879;02/07/2026;165337;88424;8;1104;16;0;0;03/07/2026;LUAN;1068
3;6828;AGUA SABORIZ H2OH 500ML LIMONETO;BEBIDAS;88879;02/07/2026;165337;88424;12;0;24;0;0;03/07/2026;CAROLINA;0
3;986;OLEO SOJA VITALIV PET 900ML;MERCEARIA;88879;02/07/2026;165337;88424;20;140;280;0;0;03/07/2026;CAROLINA;150
3;4158;AMAC CONC COMFORT 900ML RF LAVANDA;PERFUMARIA E LIMPEZA;88879;02/07/2026;165337;88424;12;12;24;2;0;02/07/2026;MIKAEL;8
3;937;EXT TOM ELEFANTE TP 1 04KG;MERCEARIA;88958;02/07/2026;165501;88517;12;4104;120;10;0;02/07/2026;ERICA;11
4;34;AGUA MIN DA PEDRA PET 500ML C GAS;BEBIDAS;88543;02/07/2026;164520;88581;12;7;12;1;0;;;106
4;36711;FERMENTO BIOL PO NORDESTE SH 10G;MERCEARIA;88543;02/07/2026;164520;88581;30;0;270;9;9;03/07/2026;JESSICA M;4
4;22903;REMOV ESM AMAZONIA 80ML;PERFUMARIA E LIMPEZA;88543;02/07/2026;164520;88581;12;492;12;1;1;06/07/2026;PAMELA;-2
4;386;ENERG MONSTER LT 473ML ABSOLUT ZERO;BEBIDAS;88543;02/07/2026;;;6;330;6;0;0;;;52
4;24653;TCO TENYS PE BARUEL PO 100G ORIG;PERFUMARIA E LIMPEZA;88543;02/07/2026;164520;88581;12;144;48;0;0;06/07/2026;PAMELA;0
4;17317;DESOD ROLLON REXONA 50ML XTRA COOL;PERFUMARIA E LIMPEZA;88543;02/07/2026;164520;88581;12;540;12;0;0;06/07/2026;PAMELA;13
4;2812;MACARRAO INST NISSIN 500G YAKISSOBA;MERCEARIA;88543;02/07/2026;164520;88581;20;279;20;0;0;;;9
4;52;AGUA MIN FLORESTA PET 5L S GAS;BEBIDAS;88543;02/07/2026;164520;88581;4;28;4;1;0;;;0
4;3510;FERM BIO PO FLEISCHMANN SH LV 125G PG 100G;MERCEARIA;88543;02/07/2026;164520;88581;16;112;16;0;0;03/07/2026;JESSICA M;1
4;2507;KETCHUP HELLMANNS BISN 380G PICANTE;MERCEARIA;88543;02/07/2026;;;1;14;19;0;0;;;0
4;7232;OLEO KING 100ML MULTIUSO;PERFUMARIA E LIMPEZA;88543;02/07/2026;164520;88581;6;42;6;0;0;06/07/2026;PAMELA;-1
4;825;REFRIG PEPSI PET 2L;BEBIDAS;88543;02/07/2026;164520;88581;8;1104;8;7;0;;;0
4;36;AGUA MIN CRYSTAL PET 500ML C GAS;BEBIDAS;88543;02/07/2026;164520;88581;12;854;12;9;0;;;184
4;50;AGUA MIN DA PEDRA PET 5L S GAS;BEBIDAS;88543;02/07/2026;164520;88581;4;424;20;8;0;;;13
4;3512;FERM PO BIOL GOOD INSTANT SH 10G;MERCEARIA;88543;02/07/2026;164520;88581;30;6180;30;0;0;03/07/2026;JESSICA M;81
4;648;WHISKY MASTER GOLD VD 900ML;BEBIDAS;88543;02/07/2026;164520;88581;1;85;2;4;4;03/07/2026;JESSICA M;3
4;1834;PAST DOCILE ROLLY MINTY 29G EXTRA FORTE;MERCEARIA;88727;02/07/2026;164863;88581;12;384;24;2;2;03/07/2026;JESSICA M;-8
4;36;AGUA MIN CRYSTAL PET 500ML C GAS;BEBIDAS;88727;02/07/2026;164863;88581;12;854;24;9;0;;;184
5;3516;FERM PO BIOL GOOD INSTANT SH 125G;MERCEARIA;88545;02/07/2026;164521;88585;12;600;12;0;0;03/07/2026;AUGUSTO;8
5;8858;AP GILLETTE PROBAK II C 2;PERFUMARIA E LIMPEZA;88545;02/07/2026;164521;88585;14;2184;14;1;1;06/07/2026;PAMELA;4
5;37261;ERVA MATE LEAO VACUO 1KG;MERCEARIA;88545;02/07/2026;164998;88192;10;10;10;1;0;02/07/2026;EVERTON;-5
5;24653;TCO TENYS PE BARUEL PO 100G ORIG;PERFUMARIA E LIMPEZA;88545;02/07/2026;164521;88585;12;144;48;2;2;06/07/2026;PAMELA;0
5;2385;LENTILHA BELLA DICA 400G;MERCEARIA;88545;02/07/2026;164521;88585;12;24;12;0;0;07/07/2026;ALEXSANDRO;0
5;2283;CANJICA BRANCA JUREIA 400G;MERCEARIA;88545;02/07/2026;164521;88585;12;12;12;0;0;07/07/2026;ALEXSANDRO;5
5;3510;FERM BIO PO FLEISCHMANN SH LV 125G PG 100G;MERCEARIA;88545;02/07/2026;164521;88585;16;112;16;0;0;03/07/2026;AUGUSTO;15
5;2814;POLENTA PERDIZ 500G INST TEMP;MERCEARIA;88545;02/07/2026;164521;88585;12;155;12;2;0;;;-11
5;12326;ALG BOLA COTTONBABY 50G BCO;PERFUMARIA E LIMPEZA;88545;02/07/2026;164521;88585;72;72;72;0;0;06/07/2026;PAMELA;43
5;6750;LEITE DE COLONIA 100ML FINAL FANTAS;PERFUMARIA E LIMPEZA;88545;02/07/2026;164521;88585;36;2;36;1;1;06/07/2026;PAMELA;3
5;9754;HID LEITE PAIXAO 200ML FRAMB NEGRA;PERFUMARIA E LIMPEZA;88545;02/07/2026;164521;88585;24;0;24;2;2;06/07/2026;PAMELA;2
5;2368;FEIJAO VERMELHO SERRA URUGUAI 500G;MERCEARIA;88545;02/07/2026;164521;88585;20;459;20;1;0;;;1
5;2672;FARINHA MANDIOCA CBS 500G;MERCEARIA;88545;02/07/2026;164521;88585;12;24;12;0;0;07/07/2026;ALEXSANDRO;3
5;15494;CANJICA AMARELA JUREIA 500G;MERCEARIA;88545;02/07/2026;164521;88585;12;29;12;0;0;07/07/2026;ALEXSANDRO;1
5;3400;BARRA CEREAL RITTER 25G BAN AVEIA MEL;MERCEARIA;88545;02/07/2026;164521;88585;24;120;24;0;0;03/07/2026;AUGUSTO;50
5;3433;SOPA CARNE MAGGI 63G CONCHINHAS;MERCEARIA;88545;02/07/2026;164521;88585;10;28;10;0;0;03/07/2026;AUGUSTO;19
5;279;VH QUINTA CARVALHO TINTO 750ML SV;BEBIDAS;88545;02/07/2026;;;12;5436;12;0;0;;;11
6;12279;AGUA OXIG BUTTERF 30V 100ML;PERFUMARIA E LIMPEZA;88547;02/07/2026;164522;87892;12;0;12;1;1;06/07/2026;PAMELA;12
6;640;WHISKY BLEND SEVEN 1L;BEBIDAS;88547;02/07/2026;164522;87892;1;54;1;1;1;03/07/2026;AUGUSTO;5
6;34564;CREME JOAO E MARIA 40G P ASSADURA;PERFUMARIA E LIMPEZA;88547;02/07/2026;164522;87892;1;33;10;0;0;06/07/2026;PAMELA;0
6;647;WHISKY GREEN VALLEY VD 1L;BEBIDAS;88547;02/07/2026;164522;87892;1;4;1;0;0;03/07/2026;AUGUSTO;-3
6;4564;CARGA MACH 3 2UN CARBONO;PERFUMARIA E LIMPEZA;88547;02/07/2026;164522;87892;12;12;12;0;0;06/07/2026;PAMELA;2
6;12278;AGUA OXIG BUTTERF 20V 100ML;PERFUMARIA E LIMPEZA;88547;02/07/2026;164522;87892;12;24;12;0;0;06/07/2026;PAMELA;5
6;633;VODKA TAIGA PREMIUM VD 1L;BEBIDAS;88547;02/07/2026;164522;87892;1;3;1;0;0;03/07/2026;AUGUSTO;10
6;3431;SOPA GALINHA MAGGI 60G FIDELINI;MERCEARIA;88547;02/07/2026;164522;87892;10;59;10;0;0;03/07/2026;AUGUSTO;11
6;3510;FERM BIO PO FLEISCHMANN SH LV 125G PG 100G;MERCEARIA;88547;02/07/2026;164522;87892;16;112;16;0;0;03/07/2026;AUGUSTO;89
6;12280;AGUA OXIG BUTTERF 40V 100ML;PERFUMARIA E LIMPEZA;88547;02/07/2026;164522;87892;12;24;12;0;0;06/07/2026;AUGUSTO;18
6;24653;TCO TENYS PE BARUEL PO 100G ORIG;PERFUMARIA E LIMPEZA;88547;02/07/2026;164522;87892;12;144;48;1;1;06/07/2026;PAMELA;0
6;5812;ESC DENTAL COLGATE TRIP ACAO LV2PG1;PERFUMARIA E LIMPEZA;88547;02/07/2026;164522;87892;12;12;12;0;0;06/07/2026;PAMELA;1
6;29708;CHOC BARRA LACTA LAKA 28G;MERCEARIA;88547;02/07/2026;164522;87892;12;24;12;0;0;03/07/2026;AUGUSTO;-5
6;3433;SOPA CARNE MAGGI 63G CONCHINHAS;MERCEARIA;88547;02/07/2026;164522;87892;10;28;10;1;1;03/07/2026;AUGUSTO;7
6;8149;SH ANTIC CLEAR 200ML MEN LIMPEZA PROFUND;PERFUMARIA E LIMPEZA;88547;02/07/2026;164522;87892;12;36;12;1;1;06/07/2026;PAMELA;15
6;35675;ESC DENT COLGATE SENSITIVE;PERFUMARIA E LIMPEZA;88547;02/07/2026;164522;87892;1;3;1;0;0;06/07/2026;AUGUSTO;5
6;5850;ESC DENTAL ORAL B PRO;PERFUMARIA E LIMPEZA;88547;02/07/2026;164522;87892;12;0;12;1;1;06/07/2026;AUGUSTO;5
6;17733;ESC CAB FLORENCE RETAN 600BT;PERFUMARIA E LIMPEZA;88547;02/07/2026;164522;87892;1;2;1;0;0;06/07/2026;AUGUSTO;4
6;5032;COND PANTENE 175ML RESTAUR PROFUND;PERFUMARIA E LIMPEZA;88547;02/07/2026;164522;87892;6;12;6;0;0;06/07/2026;PAMELA;8
6;4256;AP PRESTOBARBA ULTRAGRIP 3L CART2UN;PERFUMARIA E LIMPEZA;88547;02/07/2026;164522;87892;1;2;2;0;0;06/07/2026;PAMELA;53
6;10;REFRIG COCA COLA PET 2L;BEBIDAS;88547;02/07/2026;164522;87892;4;12;396;0;0;03/07/2026;BRUNO;615
6;4158;AMAC CONC COMFORT 900ML RF LAVANDA;PERFUMARIA E LIMPEZA;88885;02/07/2026;165340;88427;12;12;12;1;0;02/07/2026;MIKAEL;8
6;6234;GEL DENTAL CLOSE UP 90G ORIG RED HOT;PERFUMARIA E LIMPEZA;88885;02/07/2026;165340;88427;12;286;36;3;0;02/07/2026;ERICA;8
7;3433;SOPA CARNE MAGGI 63G CONCHINHAS;MERCEARIA;88549;02/07/2026;164523;88586;10;28;10;1;1;03/07/2026;JESSICA M;21
7;37887;TIT COR E TON S AMONIA 2 0 PTO;PERFUMARIA E LIMPEZA;88549;02/07/2026;164523;88586;6;0;6;1;0;;;1
7;12279;AGUA OXIG BUTTERF 30V 100ML;PERFUMARIA E LIMPEZA;88549;02/07/2026;164523;88586;12;0;12;1;0;;;51
7;7558;PROT DIARIO MILI 15UN SUAVE S ABAS;PERFUMARIA E LIMPEZA;88549;02/07/2026;164523;88586;24;288;24;1;0;;;8
7;1426;CHOC BIS XTRA BLACK CHOCOLATE 45G;MERCEARIA;88549;02/07/2026;164523;88586;24;24;24;0;0;03/07/2026;JESSICA M;19
7;24653;TCO TENYS PE BARUEL PO 100G ORIG;PERFUMARIA E LIMPEZA;88549;02/07/2026;164523;88586;12;144;48;4;0;;;0
7;9550;FRALDA MILI JUMBINHO XXG 16UN;PERFUMARIA E LIMPEZA;88549;02/07/2026;164523;88586;9;631;9;2;0;;;0
7;9754;HID LEITE PAIXAO 200ML FRAMB NEGRA;PERFUMARIA E LIMPEZA;88549;02/07/2026;164523;88586;24;0;24;1;0;;;5
7;38002;CEREAL MAT DOMELLY DINOCRISPY ARGOL;MERCEARIA;88549;02/07/2026;;;1;18;5;0;0;;;0
7;6893;LIMP MULTI UAU 500ML LIMAO C CANFORA;PERFUMARIA E LIMPEZA;88549;02/07/2026;164523;88586;24;143;24;1;0;;;7
7;5691;DETERG YPE 500 ML CLEAR;PERFUMARIA E LIMPEZA;88549;02/07/2026;164523;88586;24;4488;24;2;0;;;0
7;15991;CHOC KINDER BUENO WHITE 39G;MERCEARIA;88549;02/07/2026;164523;88586;30;60;30;0;0;03/07/2026;JESSICA M;3
7;24641;TCO P PES AMAZONIA 100G FRESH;PERFUMARIA E LIMPEZA;88549;02/07/2026;164523;88586;48;336;48;1;0;;;21
7;34564;CREME JOAO E MARIA 40G P ASSADURA;PERFUMARIA E LIMPEZA;88549;02/07/2026;164523;88586;1;33;5;5;0;;;0
7;9231;CR TRAT VINI LADY SC 700G COCO NUTRICAO;PERFUMARIA E LIMPEZA;88549;02/07/2026;164523;88586;12;0;12;1;0;;;0
7;4258;AP PROBAK II LV7 PG5;PERFUMARIA E LIMPEZA;88549;02/07/2026;164523;88586;1;14;72;75;0;;;44
7;7894;SABONETE FLOR DE YPE 85G ROSAS BR AVELA;PERFUMARIA E LIMPEZA;88549;02/07/2026;164523;88586;72;0;72;1;0;;;73
7;5682;DET LIQ GOTA LIMPA 500ML NEUTRO;PERFUMARIA E LIMPEZA;88549;02/07/2026;164523;88586;24;4395;48;2;0;;;119
7;15732;CERA LIQ GIRANDO SOL 750ML INCOLOR;PERFUMARIA E LIMPEZA;88549;02/07/2026;164523;88586;12;216;36;3;0;;;6
7;3903;ABS C ABAS MILI DIA NOITE C 16 UN SUAVE;PERFUMARIA E LIMPEZA;88549;02/07/2026;164523;88586;24;456;24;1;0;;;10
7;17340;DET LIQ BIO KRISS 500ML CLEAR;PERFUMARIA E LIMPEZA;88549;02/07/2026;164523;88586;24;11136;24;1;0;;;-6
7;1834;PAST DOCILE ROLLY MINTY 29G EXTRA FORTE;MERCEARIA;88549;02/07/2026;164523;88586;12;384;12;1;1;03/07/2026;JESSICA M;0
7;35127;TOALHA UMED BEBE LIMPINHO C45;PERFUMARIA E LIMPEZA;88549;02/07/2026;164523;88586;24;0;24;1;0;;;6
7;12289;AGUA SANIT IMPERIAL 1L;PERFUMARIA E LIMPEZA;88549;02/07/2026;164523;88586;12;0;12;1;0;;;36
7;587;GIN OLD BRIDGE VD 900ML ROSE;BEBIDAS;88549;02/07/2026;164523;88586;1;3;1;0;0;03/07/2026;JESSICA M;4
7;33705;SH SEDA 425ML CERAMIDAS;PERFUMARIA E LIMPEZA;88549;02/07/2026;164523;88586;12;0;12;2;0;;;0
7;4259;AP PRESTOBARBA ULTRA GRIP 2UN;PERFUMARIA E LIMPEZA;88549;02/07/2026;164523;88586;12;972;12;1;0;;;15
8;647;WHISKY GREEN VALLEY VD 1L;BEBIDAS;88551;02/07/2026;164524;88582;1;4;1;0;0;04/07/2026;MONIQUE;4
8;17025;CURATIVO COTTONBABY 10UN TRAD;PERFUMARIA E LIMPEZA;88551;02/07/2026;164524;88582;36;0;36;1;0;;;57
8;17415;DET PO GOTA LIMPA 800G HARMONIA;PERFUMARIA E LIMPEZA;88551;02/07/2026;164524;88582;20;0;20;1;0;;;21
8;3400;BARRA CEREAL RITTER 25G BAN AVEIA MEL;MERCEARIA;88551;02/07/2026;164524;88582;24;120;24;0;0;04/07/2026;MONIQUE;30
8;5302;CR PENT SEDA 300ML CACH DEFINIDOS;PERFUMARIA E LIMPEZA;88551;02/07/2026;164524;88582;12;24;12;1;0;;;-2
8;22999;SAB FONTANA SENSUS 150G AMANHECER PERS;PERFUMARIA E LIMPEZA;88551;02/07/2026;164524;88582;72;0;72;2;0;;;17
8;8255;SH MONANGE 325ML HIDRATA C PODER;PERFUMARIA E LIMPEZA;88551;02/07/2026;164524;88582;12;72;12;1;0;;;0
8;3512;FERM PO BIOL GOOD INSTANT SH 10G;MERCEARIA;88551;02/07/2026;164524;88582;30;6180;30;0;0;04/07/2026;MONIQUE;200
8;13403;BISC DOCE NESTLE CHOCO TRIO 90G PRESTIGIO;MERCEARIA;88551;02/07/2026;164524;88582;12;531;24;0;0;06/07/2026;MONIQUE;0
8;24323;SH GENIAL PET 2 EM 1 500ML;PRODUTOS PET;88551;02/07/2026;164524;88582;1;0;1;1;0;;;5
8;20391;MAIONESE LIZA CASEIRA 450G;MERCEARIA;88551;02/07/2026;;;12;96;12;0;0;;;86
8;2329;FEIJAO PRETO CALDO OURO 500G;MERCEARIA;88551;02/07/2026;164524;88582;10;5455;10;1;0;;;211
8;2026;MILHO PIPOCA SERRA URUGUAI TP1 400G;MERCEARIA;88551;02/07/2026;164524;88582;20;0;40;2;0;;;302
8;7490;POMADA NUGGET 36G PRETA;PERFUMARIA E LIMPEZA;88551;02/07/2026;164524;88582;12;0;12;2;0;;;32
8;4348;TALCO BARUEL TENYS PE 100G PO WOMAN;PERFUMARIA E LIMPEZA;88551;02/07/2026;164524;88582;12;0;12;2;0;;;9
8;23001;SAB FONTANA SENSUS 150G FOR MEN;PERFUMARIA E LIMPEZA;88551;02/07/2026;164524;88582;72;288;72;1;0;;;17
8;22794;RATICIDA RATICID GRANULADO 25G;PERFUMARIA E LIMPEZA;88551;02/07/2026;164524;88582;480;0;480;1;0;;;119
8;12279;AGUA OXIG BUTTERF 30V 100ML;PERFUMARIA E LIMPEZA;88551;02/07/2026;164524;88582;12;0;12;1;0;;;16
8;2717;FARINHA TRIGO FIDALGA 1KG;MERCEARIA;88551;02/07/2026;164524;88582;10;-10;10;2;0;;;0
8;8256;SH MONANGE 325ML LISOS TE QUERO;PERFUMARIA E LIMPEZA;88551;02/07/2026;164524;88582;12;252;36;3;0;;;-1
8;12280;AGUA OXIG BUTTERF 40V 100ML;PERFUMARIA E LIMPEZA;88551;02/07/2026;164524;88582;12;24;12;1;0;;;19
8;30258;DESOD AERO DOVE 89G MAN EXTRA FRES;PERFUMARIA E LIMPEZA;88551;02/07/2026;164524;88582;12;48;12;1;0;;;68
8;24653;TCO TENYS PE BARUEL PO 100G ORIG;PERFUMARIA E LIMPEZA;88551;02/07/2026;164524;88582;12;144;48;4;0;;;0
8;1269;CHOC BARRA LACTA 80G LAKA;MERCEARIA;88551;02/07/2026;164524;88582;17;68;17;0;0;04/07/2026;MONIQUE;32
8;3377;CALDO KNORR 57G CARNE;MERCEARIA;88551;02/07/2026;164524;88582;10;10;10;0;0;04/07/2026;MONIQUE;23
8;4258;AP PROBAK II LV7 PG5;PERFUMARIA E LIMPEZA;88551;02/07/2026;164524;88582;1;14;1;1;0;;;55
8;5355;CREME BARBA BOZZANO 65G ALOE VERA;PERFUMARIA E LIMPEZA;88551;02/07/2026;164524;88582;24;0;24;1;0;;;11
11;3431;SOPA GALINHA MAGGI 60G FIDELINI;MERCEARIA;88553;02/07/2026;164525;87899;10;59;10;1;0;;;10
11;3510;FERM BIO PO FLEISCHMANN SH LV 125G PG 100G;MERCEARIA;88553;02/07/2026;164525;87899;16;112;16;0;0;03/07/2026;PAMELA;0
11;33895;CREME DENT CLOSE UP 100G CARVAO ATIVADO;PERFUMARIA E LIMPEZA;88553;02/07/2026;164525;87899;12;12;12;1;0;;;26
11;8290;SH PANTENE 175ML HIDRATACAO;PERFUMARIA E LIMPEZA;88553;02/07/2026;164525;87899;6;42;6;1;0;;;6
11;12452;AMEND BCO BELLA DICA 400G;MERCEARIA;88553;02/07/2026;164525;87899;12;4100;24;2;0;;;-6
11;8149;SH ANTIC CLEAR 200ML MEN LIMPEZA PROFUND;PERFUMARIA E LIMPEZA;88553;02/07/2026;164525;87899;12;36;12;1;0;;;8
11;4256;AP PRESTOBARBA ULTRAGRIP 3L CART2UN;PERFUMARIA E LIMPEZA;88553;02/07/2026;164525;87899;1;2;2;2;0;;;0
11;24653;TCO TENYS PE BARUEL PO 100G ORIG;PERFUMARIA E LIMPEZA;88553;02/07/2026;164525;87899;12;144;48;4;0;;;0
11;12280;AGUA OXIG BUTTERF 40V 100ML;PERFUMARIA E LIMPEZA;88553;02/07/2026;164525;87899;12;24;12;1;0;;;11
11;20434;MAMAD LOLLY CLEAN 250ML;PERFUMARIA E LIMPEZA;88553;02/07/2026;164525;87899;6;0;6;6;0;;;1
11;1837;PAST DOCILE ROLLY MINTY 29G FRUIT;MERCEARIA;88553;02/07/2026;164525;87899;12;1320;12;1;0;;;-27
11;1353;CHOC BATON GAROTO 16G AO LEITE;MERCEARIA;88553;02/07/2026;164525;87899;30;0;30;1;0;;;19
11;21787;PEDRA POMES STA CLARA R 199;PERFUMARIA E LIMPEZA;88553;02/07/2026;164525;87899;6;0;6;1;0;;;0
11;17317;DESOD ROLLON REXONA 50ML XTRA COOL;PERFUMARIA E LIMPEZA;88553;02/07/2026;164525;87899;12;540;12;1;0;;;4
11;3401;BARRA CEREAL RITTER 25G BANANA ZR ACUC;MERCEARIA;88553;02/07/2026;164525;87899;24;48;24;1;0;;;2
11;3400;BARRA CEREAL RITTER 25G BAN AVEIA MEL;MERCEARIA;88553;02/07/2026;164525;87899;24;120;24;1;0;;;27
11;12279;AGUA OXIG BUTTERF 30V 100ML;PERFUMARIA E LIMPEZA;88553;02/07/2026;164525;87899;12;0;12;1;0;;;13
11;1452;CHOC KINDER BUENO 39G;MERCEARIA;88553;02/07/2026;164525;87899;30;120;30;1;0;;;11
11;9587;DESOD SANIT ADES GOTA LIMPA 41G 7D EUCALIPTO;PERFUMARIA E LIMPEZA;88553;02/07/2026;164525;87899;12;24;12;1;0;;;3
11;4564;CARGA MACH 3 2UN CARBONO;PERFUMARIA E LIMPEZA;88553;02/07/2026;164525;87899;12;12;12;1;0;;;14
11;1397;CHOC NESTLE CHOKITO 32G UN;MERCEARIA;88553;02/07/2026;164525;87899;30;30;30;1;0;;;34
11;19315;COT HASTES FLEX COTTONBABY PT 100UN;PERFUMARIA E LIMPEZA;88553;02/07/2026;164525;87899;1;8;1;1;0;;;5
11;6234;GEL DENTAL CLOSE UP 90G ORIG RED HOT;PERFUMARIA E LIMPEZA;88891;02/07/2026;165343;88430;12;286;24;2;0;02/07/2026;BRUNO ANTUNES;-24
11;3446;CHOC GRAN DORI 500G ORIGINAL;MERCEARIA;88964;02/07/2026;165508;88521;16;16;32;2;0;03/07/2026;MONIQUE;0
11;38500;LENTILHA CALDO DE OURO 400G;MERCEARIA;88964;02/07/2026;165508;88521;12;6516;300;25;0;;;353
11;1537;COBER COBERTOP 1 01KG CONF AO LEITE;MERCEARIA;88964;02/07/2026;165508;88521;10;50;40;4;0;03/07/2026;MONIQUE;6
13;3893;ABS C ABAS DIA NOITE 32 UN SUAVE;PERFUMARIA E LIMPEZA;88557;02/07/2026;164528;87901;16;175;16;1;0;;;1
14;7920;SABONETE LUX 125G SUAVE LIRIO AZUL;PERFUMARIA E LIMPEZA;88559;02/07/2026;164529;87891;72;360;72;1;0;;;57
14;2814;POLENTA PERDIZ 500G INST TEMP;MERCEARIA;88559;02/07/2026;164529;87891;12;155;12;1;0;;;6
16;2923;ACHOC LIQ SHOWKINHO 1L;MERCEARIA;88697;02/07/2026;164797;;12;180;36;0;0;;;0
17;12278;AGUA OXIG BUTTERF 20V 100ML;PERFUMARIA E LIMPEZA;88561;02/07/2026;164530;87902;12;24;12;1;1;03/07/2026;PAMELA;12
17;1847;DROPS FREEGELLS 27 9G VIT C CITRUS;MERCEARIA;88561;02/07/2026;164530;87902;12;108;24;2;2;03/07/2026;AUGUSTO;-3
17;1886;PASTILHA TIC TAC 14 5G FRUTAS;MERCEARIA;88561;02/07/2026;164530;87902;14;28;14;0;0;03/07/2026;AUGUSTO;4
17;3400;BARRA CEREAL RITTER 25G BAN AVEIA MEL;MERCEARIA;88561;02/07/2026;164530;87902;24;120;24;0;0;03/07/2026;AUGUSTO;-45
17;3510;FERM BIO PO FLEISCHMANN SH LV 125G PG 100G;MERCEARIA;88561;02/07/2026;164530;87902;16;112;16;0;0;03/07/2026;AUGUSTO;50
17;18459;FEIJAO BCO SERRA URUGUAI 500G;MERCEARIA;88561;02/07/2026;164530;87902;20;480;60;3;0;03/07/2026;JOCELAINE;32
17;1397;CHOC NESTLE CHOKITO 32G UN;MERCEARIA;88561;02/07/2026;164530;87902;30;30;60;2;2;03/07/2026;AUGUSTO;16
17;3383;CALDO APTI 19G GALINHA;MERCEARIA;88561;02/07/2026;164530;87902;24;600;24;1;1;03/07/2026;AUGUSTO;23
17;12279;AGUA OXIG BUTTERF 30V 100ML;PERFUMARIA E LIMPEZA;88561;02/07/2026;164530;87902;12;0;12;1;1;03/07/2026;PAMELA;27
17;20193;LIXA P PES DUPLA FACE;PERFUMARIA E LIMPEZA;88561;02/07/2026;164530;87902;1;0;1;0;0;03/07/2026;PAMELA;-8
17;24653;TCO TENYS PE BARUEL PO 100G ORIG;PERFUMARIA E LIMPEZA;88561;02/07/2026;164530;87902;12;144;36;0;0;03/07/2026;PAMELA;0
17;9134;CONDICIONADOR MONANGE 325ML HIALURONICO RES;PERFUMARIA E LIMPEZA;88561;02/07/2026;164530;87902;12;0;12;1;1;03/07/2026;PAMELA;6
17;13514;BLO LIXA P UNHA BONITTA;PERFUMARIA E LIMPEZA;88561;02/07/2026;164530;87902;1;1;1;0;0;03/07/2026;PAMELA;3
17;24323;SH GENIAL PET 2 EM 1 500ML;PRODUTOS PET;88561;02/07/2026;164530;87902;1;0;1;0;0;03/07/2026;PAMELA;0
17;1747;CHICLE FREEGELLS GUM 8G ORIG CHERRY;MERCEARIA;88561;02/07/2026;164530;87902;15;15;15;0;0;03/07/2026;AUGUSTO;8
17;784;REFRIG ANTARCTICA GUARANA PET 2L;BEBIDAS;88561;02/07/2026;164530;87902;8;78;32;10;0;03/07/2026;JOCELAINE;-158
17;3367;CALDO APTI 57G REFOGA CASEIRA;MERCEARIA;88561;02/07/2026;164530;87902;10;2330;10;1;1;03/07/2026;AUGUSTO;-12
17;6750;LEITE DE COLONIA 100ML FINAL FANTAS;PERFUMARIA E LIMPEZA;88561;02/07/2026;164530;87902;36;2;36;1;1;03/07/2026;PAMELA;21
17;12280;AGUA OXIG BUTTERF 40V 100ML;PERFUMARIA E LIMPEZA;88561;02/07/2026;164530;87902;12;24;12;1;1;03/07/2026;PAMELA;24
17;33895;CREME DENT CLOSE UP 100G CARVAO ATIVADO;PERFUMARIA E LIMPEZA;88561;02/07/2026;164530;87902;12;12;12;1;1;03/07/2026;PAMELA;0
17;3431;SOPA GALINHA MAGGI 60G FIDELINI;MERCEARIA;88561;02/07/2026;164530;87902;10;59;20;2;2;03/07/2026;AUGUSTO;8
17;4256;AP PRESTOBARBA ULTRAGRIP 3L CART2UN;PERFUMARIA E LIMPEZA;88561;02/07/2026;164530;87902;1;2;3;0;0;03/07/2026;PAMELA;0
17;9754;HID LEITE PAIXAO 200ML FRAMB NEGRA;PERFUMARIA E LIMPEZA;88561;02/07/2026;164530;87902;24;0;24;1;1;03/07/2026;PAMELA;-1
17;3512;FERM PO BIOL GOOD INSTANT SH 10G;MERCEARIA;88561;02/07/2026;164530;87902;30;6180;30;0;0;03/07/2026;AUGUSTO;6
17;35126;DET PO APYCE MULT SH 800G ROSA;PERFUMARIA E LIMPEZA;88773;02/07/2026;164872;89165;25;422;75;0;0;03/07/2026;BRUNO ANTUNES;108
17;4174;AMAC CONC FOFO LV500 PG400ML AZUL TUDAO;PERFUMARIA E LIMPEZA;88773;02/07/2026;164872;89165;12;72;24;2;2;03/07/2026;BRUNO ANTUNES;-7
18;17664;ERVA MATE BARAO MOIDA GROSSA VAC;MERCEARIA;88563;02/07/2026;165008;88201;10;0;10;1;0;;;10
18;17665;ERVA MATE CAMBONA MOIDA GROSSA 1KG;MERCEARIA;88563;02/07/2026;165008;88201;10;136;70;7;1;;;29
18;20280;LUVA CONF LATEX XG AMARELA;PERFUMARIA E LIMPEZA;88563;02/07/2026;164531;88469;12;96;12;0;0;;;1
18;9297;DET LIQ GOTA LIMPA 1L MACA;PERFUMARIA E LIMPEZA;88563;02/07/2026;;;12;156;24;0;0;;;-50
18;4158;AMAC CONC COMFORT 900ML RF LAVANDA;PERFUMARIA E LIMPEZA;88901;02/07/2026;165348;88435;12;12;12;1;0;02/07/2026;MIKAEL;13
18;307;VH TRADICAO NIAGARA BCO 1 4L SC;BEBIDAS;88901;02/07/2026;165348;88435;6;156;30;5;0;;;48
18;517;ENERG RED BULL LT 250ML ORIGINAL;BEBIDAS;88901;02/07/2026;165348;88435;24;120;24;1;0;;;84
18;37250;ENERG RED BULL LT 250ML MACA SA;BEBIDAS;88901;02/07/2026;165348;88435;24;120;24;1;0;;;2
18;17566;ENERG RED BULL LT 250ML MELAO MARACUJA;BEBIDAS;88901;02/07/2026;165348;88435;4;234;20;5;0;;;0
18;33730;ENERG RED BULL LT 250ML ZERO;BEBIDAS;88901;02/07/2026;165348;88435;24;264;48;2;0;;;45
18;519;ENERG RED BULL LT 250ML MELANCIA;BEBIDAS;88901;02/07/2026;165348;88435;24;130;24;1;0;;;37
18;37263;ENERG RED BULL LT 250ML NECTARINA S;BEBIDAS;88901;02/07/2026;165348;88435;24;72;48;2;0;;;15
1;2368;FEIJAO VERMELHO SERRA URUGUAI 500G;MERCEARIA;88999;03/07/2026;165595;88584;20;459;20;1;0;;;8
1;16935;CR TRAT HEDERA 960G CERAMIDAS;PERFUMARIA E LIMPEZA;88999;03/07/2026;165595;88584;6;138;12;2;0;03/07/2026;MONIQUE;2
1;7356;PAPEL HIG DUETTO 4 UN DE 30M PERFUMADO;PERFUMARIA E LIMPEZA;88999;03/07/2026;165595;88584;16;0;16;0;0;03/07/2026;WILLIAN MATEUS;-14
1;36101;CHOC BARRA NESTLE ALPINO 80G AO LEITE;MERCEARIA;88999;03/07/2026;165595;88584;64;48;64;0;0;03/07/2026;ERICA;24
1;8403;SH VINI LADY 330ML KIDS MAGIA DO UNICOR;PERFUMARIA E LIMPEZA;88999;03/07/2026;165595;88584;12;0;12;1;0;03/07/2026;MONIQUE;9
1;4258;AP PROBAK II LV7 PG5;PERFUMARIA E LIMPEZA;88999;03/07/2026;165595;88584;1;14;1;1;0;03/07/2026;ALEXSANDER;50
1;2018;CAFE VACUO MELITTA 500G TRAD;MERCEARIA;89205;03/07/2026;166019;88839;20;1300;40;2;0;03/07/2026;MONIQUE;16
1;980;OLEO SOJA COAMO PET 900ML;MERCEARIA;89437;03/07/2026;166499;89965;20;6320;600;30;30;08/07/2026;FERNANDO.H;-67
2;6791;LEITE UHT PET ELEGE 1L DESNATADO;PERECIVEIS;88973;03/07/2026;165582;89973;6;348;30;12;0;;;-31
2;6792;LEITE UHT PET ELEGE 1L INTEGRAL;PERECIVEIS;88973;03/07/2026;165582;89973;6;4261;30;5;0;;;220
2;6787;LEITE LV ELEGE 1L ZERO LAC SEMI DES;PERECIVEIS;88973;03/07/2026;165582;89973;12;238;24;8;0;;;-37
2;9756;LEITE TIROL INTEGRAL ZR LACTOSE 1L;PERECIVEIS;88973;03/07/2026;165582;89973;12;0;12;13;0;;;195
2;6790;LEITE UHT NINHO 1L ZERO LACTOSE;PERECIVEIS;88973;03/07/2026;165582;89973;12;12;12;3;0;;;47
2;2484;KETCHUP ODERICH SH 200G;MERCEARIA;89001;03/07/2026;165596;89973;24;71;24;3;0;;;-5
2;3670;LEITE COND MOCA NESTLE TP 395G ZERO LACTOSE;MERCEARIA;89001;03/07/2026;165596;89973;27;0;27;1;0;;;14
2;3512;FERM PO BIOL GOOD INSTANT SH 10G;MERCEARIA;89001;03/07/2026;165596;89973;30;6180;90;5;0;07/07/2026;AUGUSTO;52
2;1416;CHOC SNICKERS 45G;MERCEARIA;89001;03/07/2026;165596;89973;20;220;20;1;0;07/07/2026;AUGUSTO;15
2;13514;BLO LIXA P UNHA BONITTA;PERFUMARIA E LIMPEZA;89001;03/07/2026;165596;89973;1;1;1;2;0;;;5
2;52;AGUA MIN FLORESTA PET 5L S GAS;BEBIDAS;89001;03/07/2026;165596;89973;4;28;4;3;0;;;19
2;2100;ARROZ BCO SANO OURO T1 2K;MERCEARIA;89001;03/07/2026;165596;89973;15;135;15;2;0;;;14
2;3516;FERM PO BIOL GOOD INSTANT SH 125G;MERCEARIA;89001;03/07/2026;165596;89973;12;600;12;2;0;07/07/2026;AUGUSTO;8
2;2370;ERVILHA ODERICH LT 200G;MERCEARIA;89001;03/07/2026;165596;89973;24;120;48;4;0;;;107
2;347;CERV PATAGONIA AMBER LT 473ML;BEBIDAS;89001;03/07/2026;165596;89973;6;0;6;0;0;;;0
2;2717;FARINHA TRIGO FIDALGA 1KG;MERCEARIA;89001;03/07/2026;165596;89973;10;-10;30;0;0;;;14
2;2227;ARROZ PARBO PRATO FINO TP1 2KG;MERCEARIA;89001;03/07/2026;165596;89973;5;0;5;2;0;;;19
2;3893;ABS C ABAS DIA NOITE 32 UN SUAVE;PERFUMARIA E LIMPEZA;89001;03/07/2026;165596;89973;16;175;16;1;1;07/07/2026;FERNANDO PAZ;1
2;5032;COND PANTENE 175ML RESTAUR PROFUND;PERFUMARIA E LIMPEZA;89001;03/07/2026;165596;89973;6;12;6;1;0;;;7
2;3539;FERM PO QUIMICO GOOD INSTANT SH 11G;MERCEARIA;89001;03/07/2026;165596;89973;50;100;50;2;0;07/07/2026;AUGUSTO;42
2;1269;CHOC BARRA LACTA 80G LAKA;MERCEARIA;89001;03/07/2026;165596;89973;17;68;17;1;0;07/07/2026;AUGUSTO;0
2;3384;CALDO GALINHA APTI 57G;MERCEARIA;89001;03/07/2026;165596;89973;120;480;120;1;0;07/07/2026;AUGUSTO;0
2;21119;MOLHO TOM TARANTELLA TRAD 1 7KG;MERCEARIA;89001;03/07/2026;165596;89973;6;6;6;2;0;;;0
2;2448;SARDINHA NAUTIQUE 125G OLEO;MERCEARIA;89001;03/07/2026;165596;89973;50;12500;100;4;0;;;41
2;5845;ESC DENTAL ORAL B INDICAT35 L2P1;PERFUMARIA E LIMPEZA;89001;03/07/2026;165596;89973;1;6;1;5;0;;;5
2;3431;SOPA GALINHA MAGGI 60G FIDELINI;MERCEARIA;89001;03/07/2026;165596;89973;10;59;10;2;0;07/07/2026;AUGUSTO;19
2;2747;FARINHA TRIGO ROSESOL 5KG;MERCEARIA;89001;03/07/2026;165596;89973;5;30;5;3;0;;;11
2;2101;ARROZ BCO REQUINTE TP1 2KG;MERCEARIA;89001;03/07/2026;165596;89973;15;983;60;6;0;;;-1
2;12237;ACUCAR REFINADO GASPARIN 1KG;MERCEARIA;89001;03/07/2026;165596;89973;10;1161;10;2;0;;;182
2;646;SUCO DEL VALLE FRUT PET 1 5L UVA;BEBIDAS;89001;03/07/2026;169954;91456;6;0;12;0;0;;;49
2;16887;CR LEITE TP PIRACANJUBA 200G;MERCEARIA;89001;03/07/2026;165596;89973;27;4;27;1;0;;;155
2;6828;AGUA SABORIZ H2OH 500ML LIMONETO;BEBIDAS;89001;03/07/2026;165596;89973;12;0;12;1;0;;;15
2;3428;CREME CEBOLA MAGGI 68G;MERCEARIA;89001;03/07/2026;165596;89973;12;0;12;1;0;07/07/2026;AUGUSTO;19
2;648;WHISKY MASTER GOLD VD 900ML;BEBIDAS;89001;03/07/2026;165596;89973;1;85;6;6;0;07/07/2026;AUGUSTO;6
2;16878;CR HIDRAT DIHELLEN MAOS E PES 100G;PERFUMARIA E LIMPEZA;89001;03/07/2026;165596;89973;12;0;12;1;0;;;5
2;35631;SOPA DE CANECA NEILAR 18G FGO C QJO;MERCEARIA;89001;03/07/2026;;;12;276;12;0;0;;;15
2;2240;ARROZ PARBO PRATO FINO TP1 5KG;MERCEARIA;89001;03/07/2026;165596;89973;6;12;6;3;0;;;11
2;15295;CALDO MAGGI 57G COSTELA;MERCEARIA;89001;03/07/2026;165596;89973;10;0;10;3;0;07/07/2026;AUGUSTO;30
2;19204;GLIC VEGETAL JAY LUC 100ML;PERFUMARIA E LIMPEZA;89001;03/07/2026;165596;89973;1;3;1;1;0;;;1
2;2136;ARROZ BCO JATAI TP3 5KG;MERCEARIA;89001;03/07/2026;165596;89973;6;132;12;4;0;;;27
2;4256;AP PRESTOBARBA ULTRAGRIP 3L CART2UN;PERFUMARIA E LIMPEZA;89001;03/07/2026;165596;89973;1;2;1;2;0;;;0
2;2911;ACHOC LIQ ITALAC 200ML;MERCEARIA;89001;03/07/2026;165596;89973;24;56;24;3;0;;;-10
2;844;REFRIG ANTARCTICA PET 600ML GUARANA;BEBIDAS;89001;03/07/2026;165596;89973;12;12;12;1;0;;;-24
2;815;REFRIG FRUKI PET 2L GUARANA GUARANA;BEBIDAS;89133;03/07/2026;165895;89973;6;78;30;5;0;;;529
2;29542;CARVAO VEG CHURRASCO NA BRASA 3KG;NAO ALIMENTO;89133;03/07/2026;165895;89973;1;134;30;30;0;;;30
2;1413;CHOC STIKADINHO GO NEUGEBAUER 40G;MERCEARIA;89316;03/07/2026;166314;89973;72;1368;144;2;0;07/07/2026;AUGUSTO;214
2;1296;CHOC BARRA NESTLE 80G GALAK GALAK;MERCEARIA;89316;03/07/2026;166314;89973;16;384;80;5;0;07/07/2026;AUGUSTO;104
2;1289;CHOC BARRA NESTLE 80G PRESTIGIO;MERCEARIA;89316;03/07/2026;166314;89973;16;128;80;5;0;07/07/2026;AUGUSTO;0
2;36169;CHOC BARRA NESTLE RECH 90G NEGRESCO;MERCEARIA;89316;03/07/2026;166314;89973;14;560;42;3;0;07/07/2026;AUGUSTO;27
2;1341;CHOC NEUGEBAUER STIKADINHO 70G MORANGO;MERCEARIA;89316;03/07/2026;166314;89973;12;816;60;5;0;07/07/2026;AUGUSTO;3
2;34285;CHOC BIBS STICKS 29G BRIGADEIRO;MERCEARIA;89316;03/07/2026;166314;89973;16;32;32;2;0;07/07/2026;AUGUSTO;23
2;1430;CHOC KIT KAT 41 5G FINGER AO LEITE;MERCEARIA;89316;03/07/2026;166314;89973;24;4704;240;10;0;07/07/2026;AUGUSTO;85
2;1348;CHOC BATON GAROTO 16G CREME MOR;MERCEARIA;89316;03/07/2026;166314;89973;30;210;90;3;0;07/07/2026;AUGUSTO;0
2;980;OLEO SOJA COAMO PET 900ML;MERCEARIA;89411;03/07/2026;166538;;20;6320;2400;0;0;;;2985
3;6801;LEITE UHT TP NINHO 1L INTEGRAL;PERECIVEIS;88975;03/07/2026;165583;88583;12;1347;480;40;0;06/07/2026;TEIXEIRA;0
3;6787;LEITE LV ELEGE 1L ZERO LAC SEMI DES;PERECIVEIS;88975;03/07/2026;;;12;238;84;0;0;;;0
3;6792;LEITE UHT PET ELEGE 1L INTEGRAL;PERECIVEIS;88975;03/07/2026;165583;88583;6;4261;984;164;0;;;769
3;4256;AP PRESTOBARBA ULTRAGRIP 3L CART2UN;PERFUMARIA E LIMPEZA;89003;03/07/2026;165597;88583;1;2;1;1;0;04/07/2026;AUGUSTO;1
3;21137;MOLUSC MADELESMA RES UMED LESMAS 250G;PERFUMARIA E LIMPEZA;89003;03/07/2026;165597;88583;4;0;4;1;0;04/07/2026;AUGUSTO;-1
3;2439;POPCORN YOKI 100G NATURAL;MERCEARIA;89003;03/07/2026;165597;88583;36;36;72;2;0;;;91
3;17305;DESOD ROLLON REXONA 50ML ACT EMOT;PERFUMARIA E LIMPEZA;89003;03/07/2026;165597;88583;12;264;12;1;0;03/07/2026;MONIQUE;30
3;3635;SAL MOIDO CBS 1KG;MERCEARIA;89003;03/07/2026;165597;88583;10;2324;40;4;0;;;-152
3;9754;HID LEITE PAIXAO 200ML FRAMB NEGRA;PERFUMARIA E LIMPEZA;89003;03/07/2026;165597;88583;24;0;24;1;0;04/07/2026;AUGUSTO;2
3;22904;REMOV ESM BELEZA AMAZONIA 100ML;PERFUMARIA E LIMPEZA;89003;03/07/2026;165597;88583;12;696;132;11;0;04/07/2026;AUGUSTO;0
3;22637;QJO RAL PRESIDENTE 50G;MERCEARIA;89248;03/07/2026;166046;88852;20;0;40;2;2;03/07/2026;WENDRIO;41
3;22633;QJO RAL KIFORMAGGIO TRAD 40G;MERCEARIA;89248;03/07/2026;166046;88852;75;600;225;0;0;03/07/2026;WENDRIO;669
3;1348;CHOC BATON GAROTO 16G CREME MOR;MERCEARIA;89318;03/07/2026;166315;89966;30;210;60;2;0;;;95
3;1357;CHOC BATON GAROTO 16G LEITE CREME;MERCEARIA;89318;03/07/2026;166315;89966;30;240;120;4;0;;;68
3;1430;CHOC KIT KAT 41 5G FINGER AO LEITE;MERCEARIA;89318;03/07/2026;166315;89966;24;4704;240;10;0;;;75
3;1341;CHOC NEUGEBAUER STIKADINHO 70G MORANGO;MERCEARIA;89318;03/07/2026;166315;89966;12;816;120;10;0;;;-9
3;2154;CAFE 3C DRIP GOURMET SH 11G DARK ROAST;MERCEARIA;89318;03/07/2026;166315;89966;10;40;20;2;0;;;44
3;38005;CHOC KIT KAT MACCHIATO 41 5G;MERCEARIA;89318;03/07/2026;166315;89966;24;2304;120;5;0;;;92
3;1292;CHOC BARRA NESTLE 80G MEIO AMARGO;MERCEARIA;89318;03/07/2026;166315;89966;16;368;80;5;0;;;54
3;1280;CHOC BARRA GAROTO 80G AO LEITE;MERCEARIA;89318;03/07/2026;166315;89966;16;2224;160;10;0;;;1410
3;34285;CHOC BIBS STICKS 29G BRIGADEIRO;MERCEARIA;89318;03/07/2026;166315;89966;16;32;32;2;0;;;1
3;1289;CHOC BARRA NESTLE 80G PRESTIGIO;MERCEARIA;89318;03/07/2026;166315;89966;16;128;32;2;0;;;132
3;38000;CHOC BARRA NESTLE RECH 90G GALAK;MERCEARIA;89318;03/07/2026;166315;89966;14;433;70;5;0;;;95
3;1397;CHOC NESTLE CHOKITO 32G UN;MERCEARIA;89318;03/07/2026;166315;89966;30;30;90;3;0;;;76
3;1413;CHOC STIKADINHO GO NEUGEBAUER 40G;MERCEARIA;89318;03/07/2026;166315;89966;72;1368;144;2;0;;;384
4;3539;FERM PO QUIMICO GOOD INSTANT SH 11G;MERCEARIA;89005;03/07/2026;165599;88581;50;100;50;0;0;03/07/2026;JESSICA M;0
4;50;AGUA MIN DA PEDRA PET 5L S GAS;BEBIDAS;89005;03/07/2026;165599;88581;4;424;12;8;0;;;13
4;1269;CHOC BARRA LACTA 80G LAKA;MERCEARIA;89005;03/07/2026;165599;88581;17;68;17;0;0;03/07/2026;JESSICA M;-2
4;36;AGUA MIN CRYSTAL PET 500ML C GAS;BEBIDAS;89005;03/07/2026;165599;88581;12;854;12;9;0;;;184
4;36802;LIMP PERF COALA ESSENCIA F CACTO120;PERFUMARIA E LIMPEZA;89005;03/07/2026;165599;88581;24;168;24;1;1;03/07/2026;MONIQUE;24
4;3802;PO P SORVETE APTI 120G ABACAXI;MERCEARIA;89005;03/07/2026;165599;88581;12;12;12;0;0;03/07/2026;JESSICA M;12
4;1843;DROPS FREEGELLS 27 9G CEREJA;MERCEARIA;89005;03/07/2026;165599;88581;12;12;12;0;0;03/07/2026;JESSICA M;4
4;3512;FERM PO BIOL GOOD INSTANT SH 10G;MERCEARIA;89005;03/07/2026;165599;88581;30;6180;210;0;0;03/07/2026;JESSICA M;81
4;687;ESP GARIBALDI PRIMICIAS GF 660ML ROSE;BEBIDAS;89005;03/07/2026;165599;88581;1;19;1;0;0;03/07/2026;JESSICA M;4
4;648;WHISKY MASTER GOLD VD 900ML;BEBIDAS;89005;03/07/2026;165599;88581;1;85;2;4;4;03/07/2026;JESSICA M;3
4;2368;FEIJAO VERMELHO SERRA URUGUAI 500G;MERCEARIA;89005;03/07/2026;165599;88581;20;459;20;1;0;;;37
4;814;REFRIGC COLA FRUKI PET 2 L COLA ZERO;BEBIDAS;89137;03/07/2026;165897;89963;6;0;12;2;0;;;0
4;815;REFRIG FRUKI PET 2L GUARANA GUARANA;BEBIDAS;89137;03/07/2026;165897;89963;6;78;60;0;0;07/07/2026;ALEXSANDRO;1
4;784;REFRIG ANTARCTICA GUARANA PET 2L;BEBIDAS;89137;03/07/2026;165897;89963;8;78;40;7;0;;;0
4;825;REFRIG PEPSI PET 2L;BEBIDAS;89137;03/07/2026;165897;89963;8;1104;24;3;3;07/07/2026;ALEXSANDRO;0
4;8965;CARVAO CHAMA CAMPEIRA 3KG;NAO ALIMENTO;89137;03/07/2026;165897;89963;1;0;20;20;20;07/07/2026;ALEXSANDRO;43
4;18459;FEIJAO BCO SERRA URUGUAI 500G;MERCEARIA;89196;03/07/2026;165952;89963;20;480;120;6;0;;;39
4;1348;CHOC BATON GAROTO 16G CREME MOR;MERCEARIA;89320;03/07/2026;166316;89963;30;210;30;1;1;07/07/2026;MONIQUE;79
4;1289;CHOC BARRA NESTLE 80G PRESTIGIO;MERCEARIA;89320;03/07/2026;166316;89963;16;128;32;0;0;07/07/2026;MONIQUE;99
4;1341;CHOC NEUGEBAUER STIKADINHO 70G MORANGO;MERCEARIA;89320;03/07/2026;166316;89963;12;816;36;3;3;07/07/2026;MONIQUE;-27
4;1397;CHOC NESTLE CHOKITO 32G UN;MERCEARIA;89320;03/07/2026;166316;89963;30;30;90;3;3;07/07/2026;MONIQUE;51
4;1292;CHOC BARRA NESTLE 80G MEIO AMARGO;MERCEARIA;89320;03/07/2026;166316;89963;16;368;32;2;2;07/07/2026;MONIQUE;9
5;1269;CHOC BARRA LACTA 80G LAKA;MERCEARIA;89007;03/07/2026;165600;88585;17;68;17;0;0;03/07/2026;AUGUSTO;6
5;9754;HID LEITE PAIXAO 200ML FRAMB NEGRA;PERFUMARIA E LIMPEZA;89007;03/07/2026;165600;88585;24;0;24;2;2;06/07/2026;PAMELA;2
5;2814;POLENTA PERDIZ 500G INST TEMP;MERCEARIA;89007;03/07/2026;165600;88585;12;155;12;2;0;;;-11
5;782;ACUCAR REFINADO UNIAO 1KG;MERCEARIA;89007;03/07/2026;165600;88585;10;40;10;6;6;07/07/2026;ALEXSANDRO;0
5;2385;LENTILHA BELLA DICA 400G;MERCEARIA;89007;03/07/2026;165600;88585;12;24;12;0;0;07/07/2026;ALEXSANDRO;0
5;37261;ERVA MATE LEAO VACUO 1KG;MERCEARIA;89007;03/07/2026;165600;88585;10;10;10;0;0;07/07/2026;ALEXSANDRO;-5
5;3539;FERM PO QUIMICO GOOD INSTANT SH 11G;MERCEARIA;89007;03/07/2026;165600;88585;50;100;100;0;0;03/07/2026;AUGUSTO;82
5;3415;CREME LEITE ITALAC TP 200G;MERCEARIA;89007;03/07/2026;;;24;48;24;0;0;;;-1
5;3512;FERM PO BIOL GOOD INSTANT SH 10G;MERCEARIA;89007;03/07/2026;165600;88585;30;6180;900;0;0;03/07/2026;AUGUSTO;26
5;2378;DUETO FUGINI SH 170G ERVILHA MILHO;MERCEARIA;89007;03/07/2026;;;36;72;36;0;0;;;9
5;279;VH QUINTA CARVALHO TINTO 750ML SV;BEBIDAS;89007;03/07/2026;;;12;5436;24;0;0;;;11
5;806;REFRIG FANTA LARANJA PET 2L;BEBIDAS;89139;03/07/2026;165898;89968;8;520;80;10;10;07/07/2026;IAGO;6
5;1430;CHOC KIT KAT 41 5G FINGER AO LEITE;MERCEARIA;89322;03/07/2026;166317;89968;24;4704;240;0;0;07/07/2026;ERICA;-42
5;1296;CHOC BARRA NESTLE 80G GALAK GALAK;MERCEARIA;89322;03/07/2026;166317;89968;16;384;80;0;0;07/07/2026;ERICA;2
5;1397;CHOC NESTLE CHOKITO 32G UN;MERCEARIA;89322;03/07/2026;166317;89968;30;30;60;2;2;07/07/2026;ERICA;25
5;1348;CHOC BATON GAROTO 16G CREME MOR;MERCEARIA;89322;03/07/2026;166317;89968;30;210;60;2;2;07/07/2026;ERICA;49
5;1341;CHOC NEUGEBAUER STIKADINHO 70G MORANGO;MERCEARIA;89322;03/07/2026;166317;89968;12;816;36;3;3;07/07/2026;ERICA;-15
6;6786;LEITE LV EDGE ELEGE 1L SEMI DESNATADO;PERECIVEIS;88981;03/07/2026;165586;89972;12;0;12;2;0;;;61
6;6795;LEITE UHT TIROL 1L ZERO LAC;PERECIVEIS;88981;03/07/2026;165586;89972;12;24;12;2;0;;;114
6;9756;LEITE TIROL INTEGRAL ZR LACTOSE 1L;PERECIVEIS;88981;03/07/2026;165586;89972;12;0;24;8;0;;;233
6;6787;LEITE LV ELEGE 1L ZERO LAC SEMI DES;PERECIVEIS;88981;03/07/2026;165586;89972;12;238;12;4;0;;;-42
6;6781;LEITE LV EDGE ELEGE 1L INTEGRAL;PERECIVEIS;88981;03/07/2026;165586;89972;12;204;12;6;0;;;104
6;6801;LEITE UHT TP NINHO 1L INTEGRAL;PERECIVEIS;88981;03/07/2026;165586;89972;12;1347;12;2;0;;;136
6;3831;KEEP COOLER CLASSIC CITRUS 275ML;BEBIDAS;89009;03/07/2026;165601;89972;6;192;24;1;0;;;12
6;2717;FARINHA TRIGO FIDALGA 1KG;MERCEARIA;89009;03/07/2026;165601;89972;10;-10;10;0;0;;;-8
6;7827;SABAO PO GIRANDO SOL 4KG ROSA;PERFUMARIA E LIMPEZA;89009;03/07/2026;165601;89972;5;160;5;2;0;07/07/2026;ALEXANDRE;7
6;9299;DETERG YPE LIQ 5L NEUTRO;PERFUMARIA E LIMPEZA;89009;03/07/2026;165601;89972;4;44;8;2;0;07/07/2026;ALEXANDRE;58
6;18761;FRALDA DESC MILI GIGA XG C 62;PERFUMARIA E LIMPEZA;89009;03/07/2026;165601;89972;4;132;4;1;0;;;13
6;2841;MAIONESE HELLMANNS SH 400G;MERCEARIA;89009;03/07/2026;165601;89972;12;180;24;8;0;;;-48
6;12280;AGUA OXIG BUTTERF 40V 100ML;PERFUMARIA E LIMPEZA;89009;03/07/2026;165601;89972;12;24;12;1;0;;;18
6;3431;SOPA GALINHA MAGGI 60G FIDELINI;MERCEARIA;89009;03/07/2026;165601;89972;10;59;10;0;0;07/07/2026;ERICA;11
6;17386;DET PO APYCE SH 400G AZUL;PERFUMARIA E LIMPEZA;89009;03/07/2026;165601;89972;50;47;50;2;0;07/07/2026;ALEXANDRE;7
6;17388;DET PO APYCE SH 4K AZUL;PERFUMARIA E LIMPEZA;89009;03/07/2026;165601;89972;5;19;5;1;0;07/07/2026;ALEXANDRE;25
6;5683;DET LIQ GOTA LIMPA 5L NEUTRO;PERFUMARIA E LIMPEZA;89009;03/07/2026;165601;89972;4;8;4;2;0;07/07/2026;ALEXANDRE;-3
6;5679;DET LIQ GOTA LIMPA 500ML LIMAO;PERFUMARIA E LIMPEZA;89009;03/07/2026;165601;89972;24;456;24;2;0;;;2
6;18762;FRALDA DESC MILI GIGA G C 78 C 78 G;PERFUMARIA E LIMPEZA;89009;03/07/2026;165601;89972;4;39;16;4;0;;;0
6;3516;FERM PO BIOL GOOD INSTANT SH 125G;MERCEARIA;89009;03/07/2026;165601;89972;12;600;24;3;3;07/07/2026;ERICA;13
6;12290;AGUA SANIT IMPERIAL 2L;PERFUMARIA E LIMPEZA;89009;03/07/2026;165601;89972;6;54;6;2;0;07/07/2026;ALEXANDRE;0
6;8839;AMAC AQUAFAST EMB ECON 5L ROXO MAGIA;PERFUMARIA E LIMPEZA;89009;03/07/2026;165601;89972;4;112;4;1;0;07/07/2026;ALEXANDRE;5
6;2227;ARROZ PARBO PRATO FINO TP1 2KG;MERCEARIA;89009;03/07/2026;165601;89972;5;0;5;2;0;;;6
6;12237;ACUCAR REFINADO GASPARIN 1KG;MERCEARIA;89009;03/07/2026;165601;89972;10;1161;10;1;0;;;206
6;4220;AMAC YPE 5L ACONCHEGO;PERFUMARIA E LIMPEZA;89009;03/07/2026;165601;89972;4;136;12;3;0;07/07/2026;ALEXANDRE;-3
6;33458;AMACIANTE APYCE 2L TRAD AZ;PERFUMARIA E LIMPEZA;89009;03/07/2026;165601;89972;6;354;12;3;0;;;1
6;8791;ABS MILI NOTURNO C ABAS 8UN;PERFUMARIA E LIMPEZA;89009;03/07/2026;165601;89972;36;0;36;1;0;;;29
6;803;KETCHUP ODERICH SH 1K;MERCEARIA;89009;03/07/2026;165601;89972;6;234;6;2;0;;;56
6;2911;ACHOC LIQ ITALAC 200ML;MERCEARIA;89009;03/07/2026;165601;89972;24;56;24;2;0;;;52
6;3512;FERM PO BIOL GOOD INSTANT SH 10G;MERCEARIA;89009;03/07/2026;165601;89972;30;6180;420;17;17;07/07/2026;ERICA;-28
6;3805;PO P SORVETE APTI 120G CREME;MERCEARIA;89009;03/07/2026;165601;89972;12;12;12;0;0;07/07/2026;ERICA;62
6;7835;DET PO GOTA LIMPA 800G EQUILIBRIO;PERFUMARIA E LIMPEZA;89009;03/07/2026;165601;89972;20;140;40;4;0;07/07/2026;ALEXANDRE;22
6;35126;DET PO APYCE MULT SH 800G ROSA;PERFUMARIA E LIMPEZA;89009;03/07/2026;165601;89972;25;422;25;3;0;07/07/2026;ALEXANDRE;-2
6;17385;DET PO APYCE SH 1 6K ROSA;PERFUMARIA E LIMPEZA;89009;03/07/2026;165601;89972;13;69;52;4;0;07/07/2026;ALEXANDRE;-21
6;5474;DESINF PINHO SOL 500ML LAVANDA;PERFUMARIA E LIMPEZA;89009;03/07/2026;165601;89972;12;504;12;1;0;;;11
6;15757;CERV IMPERIO PILSEN LT 473ML PURO MALTE;BEBIDAS;89009;03/07/2026;165601;89972;12;1164;12;1;1;08/07/2026;FERNANDO.H;105
6;1849;DROPS FREEGELLS 27 9G EXTRA FORTE;MERCEARIA;89009;03/07/2026;165601;89972;12;1188;12;2;2;07/07/2026;ERICA;-28
6;3428;CREME CEBOLA MAGGI 68G;MERCEARIA;89009;03/07/2026;165601;89972;12;0;12;1;1;07/07/2026;ERICA;13
6;4256;AP PRESTOBARBA ULTRAGRIP 3L CART2UN;PERFUMARIA E LIMPEZA;89009;03/07/2026;165601;89972;1;2;1;1;0;;;53
6;18748;FRALDA DESC FERINHA JUMBINHO C 18 M;PERFUMARIA E LIMPEZA;89009;03/07/2026;165601;89972;12;0;12;2;0;;;0
6;18747;FRALDA DESC FERINHA JUMBINHO C/16 G;PERFUMARIA E LIMPEZA;89009;03/07/2026;165601;89972;12;4;12;1;0;;;0
6;7232;OLEO KING 100ML MULTIUSO;PERFUMARIA E LIMPEZA;89009;03/07/2026;165601;89972;6;42;6;1;0;;;21
6;48;AGUA MIN FLORESTA PET 500ML C GAS;BEBIDAS;89009;03/07/2026;165601;89972;12;215;48;0;0;08/07/2026;FERNANDO.H;1948
6;17414;DET PO GOTA LIMPA 4KG HARMONIA;PERFUMARIA E LIMPEZA;89009;03/07/2026;165601;89972;5;5;5;2;0;07/07/2026;ALEXANDRE;-8
6;17375;DET LIQ ULTRA 5L CLASS;PERFUMARIA E LIMPEZA;89009;03/07/2026;165601;89972;4;48;8;5;0;07/07/2026;ALEXANDRE;-2
6;23132;SABAO ASSIM TIRA MANCHA ROUPA 80G RS;PERFUMARIA E LIMPEZA;89009;03/07/2026;165601;89972;48;0;48;1;0;;;20
6;347;CERV PATAGONIA AMBER LT 473ML;BEBIDAS;89009;03/07/2026;165601;89972;6;0;6;0;0;07/07/2026;LUAN;-5
6;38737;LAVA LOUCAS BIO KRISS NEUTRO 5L;PERFUMARIA E LIMPEZA;89009;03/07/2026;165601;89972;3;636;6;2;0;;;0
6;5215;CR DEN COLGATE T ACAO XTRA 70G WHITE;PERFUMARIA E LIMPEZA;89009;03/07/2026;165601;89972;12;0;12;1;0;;;9
6;3539;FERM PO QUIMICO GOOD INSTANT SH 11G;MERCEARIA;89009;03/07/2026;165601;89972;50;100;300;6;6;07/07/2026;ERICA;24
6;1269;CHOC BARRA LACTA 80G LAKA;MERCEARIA;89009;03/07/2026;165601;89972;17;68;17;0;0;07/07/2026;ERICA;0
6;17384;DET PO APYCE SH 1 6K AZUL;PERFUMARIA E LIMPEZA;89009;03/07/2026;165601;89972;13;39;13;2;0;07/07/2026;ALEXANDRE;14
6;7817;SABAO PO BRILHANTE 800G CX LIMPEZA TOTAL;PERFUMARIA E LIMPEZA;89009;03/07/2026;165601;89972;20;5822;20;1;0;07/07/2026;ALEXANDRE;168
6;7862;SABAO PO SURF 800G ROSA E FLOR LIS;PERFUMARIA E LIMPEZA;89009;03/07/2026;165601;89972;16;0;16;2;0;07/07/2026;ALEXANDRE;-6
6;37429;AGUA SANITARIA SUPREMA 5 L;PERFUMARIA E LIMPEZA;89009;03/07/2026;165601;89972;3;48;3;4;0;07/07/2026;ALEXANDRE;9
6;17340;DET LIQ BIO KRISS 500ML CLEAR;PERFUMARIA E LIMPEZA;89009;03/07/2026;165601;89972;24;11136;72;8;0;;;21
6;2020;CAFE VACUO MELITTA 500G EXTRA FORTE;MERCEARIA;89215;03/07/2026;166024;88845;20;0;40;2;0;03/07/2026;MONIQUE;6
6;2027;CAFE VACUO MELITTA 250G EXTRA FORTE;MERCEARIA;89215;03/07/2026;166024;88845;20;500;40;2;0;03/07/2026;MONIQUE;-17
6;2028;CAFE VACUO MELITTA 250G TRAD;MERCEARIA;89215;03/07/2026;166024;88845;20;2040;60;3;0;03/07/2026;MONIQUE;-46
6;1430;CHOC KIT KAT 41 5G FINGER AO LEITE;MERCEARIA;89324;03/07/2026;166318;89972;24;4704;240;0;0;07/07/2026;ERICA;160
6;15144;CAFE 3C DRIP TRAD SH 10G;MERCEARIA;89324;03/07/2026;166318;89972;12;12;24;2;2;07/07/2026;ERICA;26
6;38005;CHOC KIT KAT MACCHIATO 41 5G;MERCEARIA;89324;03/07/2026;166318;89972;24;2304;120;5;0;;;-6
6;36169;CHOC BARRA NESTLE RECH 90G NEGRESCO;MERCEARIA;89324;03/07/2026;166318;89972;14;560;42;3;0;;;44
6;1280;CHOC BARRA GAROTO 80G AO LEITE;MERCEARIA;89324;03/07/2026;166318;89972;16;2224;160;10;0;;;245
6;1348;CHOC BATON GAROTO 16G CREME MOR;MERCEARIA;89324;03/07/2026;166318;89972;30;210;90;3;3;07/07/2026;ERICA;44
6;1341;CHOC NEUGEBAUER STIKADINHO 70G MORANGO;MERCEARIA;89324;03/07/2026;166318;89972;12;816;60;5;5;07/07/2026;ERICA;-7
7;5692;DETERG YPE 500 ML NEUTRO;PERFUMARIA E LIMPEZA;89011;03/07/2026;165602;88586;24;6384;24;1;0;;;96
7;8254;SH MONANGE 325ML CACHOS QUE TAL;PERFUMARIA E LIMPEZA;89011;03/07/2026;165602;88586;12;24;12;1;0;;;7
7;3512;FERM PO BIOL GOOD INSTANT SH 10G;MERCEARIA;89011;03/07/2026;165602;88586;30;6180;720;0;0;03/07/2026;JESSICA M;71
7;38737;LAVA LOUCAS BIO KRISS NEUTRO 5L;PERFUMARIA E LIMPEZA;89011;03/07/2026;165602;88586;3;636;6;2;0;;;0
7;4258;AP PROBAK II LV7 PG5;PERFUMARIA E LIMPEZA;89011;03/07/2026;165602;88586;1;14;3;75;0;;;44
7;3539;FERM PO QUIMICO GOOD INSTANT SH 11G;MERCEARIA;89011;03/07/2026;165602;88586;50;100;50;0;0;03/07/2026;JESSICA M;1
7;687;ESP GARIBALDI PRIMICIAS GF 660ML ROSE;BEBIDAS;89011;03/07/2026;165602;88586;1;19;1;0;0;03/07/2026;JESSICA M;12
7;8791;ABS MILI NOTURNO C ABAS 8UN;PERFUMARIA E LIMPEZA;89011;03/07/2026;165602;88586;36;0;36;1;0;;;37
7;9550;FRALDA MILI JUMBINHO XXG 16UN;PERFUMARIA E LIMPEZA;89011;03/07/2026;165602;88586;9;631;9;2;0;;;0
7;8838;AMAC AQUAFAST 2L ROSA JARD FLORI;PERFUMARIA E LIMPEZA;89011;03/07/2026;165602;88586;6;407;6;1;0;;;16
7;3516;FERM PO BIOL GOOD INSTANT SH 125G;MERCEARIA;89011;03/07/2026;165602;88586;12;600;12;0;0;03/07/2026;JESSICA M;14
7;6134;FRALDA DESC LOOMPIG JUMBINHO XXG 12 UN;PERFUMARIA E LIMPEZA;89011;03/07/2026;165602;88586;8;39;8;1;0;;;0
7;33705;SH SEDA 425ML CERAMIDAS;PERFUMARIA E LIMPEZA;89011;03/07/2026;165602;88586;12;0;12;2;0;;;0
7;9547;FRALDA MILI JUMBINHO M 22UN;PERFUMARIA E LIMPEZA;89011;03/07/2026;165602;88586;9;63;18;2;0;;;0
7;8789;ABS MILI COB C ABAS SV 8UN;PERFUMARIA E LIMPEZA;89011;03/07/2026;165602;88586;36;612;72;2;0;;;103
7;24099;SC LIXO PRO LIXO ROLAO 200L C 7;PERFUMARIA E LIMPEZA;89011;03/07/2026;165602;88586;12;0;12;0;0;03/07/2026;ELTON;7
7;16935;CR TRAT HEDERA 960G CERAMIDAS;PERFUMARIA E LIMPEZA;89011;03/07/2026;165602;88586;6;138;12;2;0;;;0
7;5524;DESOD AERO BOZZANO 90G EXTREME;PERFUMARIA E LIMPEZA;89011;03/07/2026;165602;88586;12;348;12;1;0;;;5
7;15733;CERA LIQ GIRANDO SOL 750ML VERM;PERFUMARIA E LIMPEZA;89011;03/07/2026;165602;88586;12;0;12;1;0;;;11
7;5691;DETERG YPE 500 ML CLEAR;PERFUMARIA E LIMPEZA;89011;03/07/2026;165602;88586;24;4488;24;2;0;;;0
7;9539;FRALDA BABYSEC ULTRA JUMBINHO G 16UN;PERFUMARIA E LIMPEZA;89011;03/07/2026;165602;88586;8;80;8;1;0;;;0
7;3420;CALDO KNOR 57G LEGUMES;MERCEARIA;89011;03/07/2026;165602;88586;10;10;10;0;0;03/07/2026;JESSICA M;10
7;790;REFRIG CHARRUA GUARANA PET 2L;BEBIDAS;89143;03/07/2026;165900;89979;8;-160;16;19;0;07/07/2026;MARCOS M;42
7;815;REFRIG FRUKI PET 2L GUARANA GUARANA;BEBIDAS;89143;03/07/2026;165900;89979;6;78;30;9;0;;;5
7;1348;CHOC BATON GAROTO 16G CREME MOR;MERCEARIA;89326;03/07/2026;166319;89979;30;210;60;2;2;07/07/2026;ERICA;16
7;1430;CHOC KIT KAT 41 5G FINGER AO LEITE;MERCEARIA;89326;03/07/2026;166319;89979;24;4704;240;0;0;07/07/2026;ERICA;42
7;1413;CHOC STIKADINHO GO NEUGEBAUER 40G;MERCEARIA;89326;03/07/2026;166319;89979;72;1368;144;0;0;07/07/2026;ERICA;145
8;12289;AGUA SANIT IMPERIAL 1L;PERFUMARIA E LIMPEZA;89013;03/07/2026;165603;88582;12;0;12;3;0;;;0
8;16937;CR TRAT HEDERA 960G OLEO D ARGAN;PERFUMARIA E LIMPEZA;89013;03/07/2026;165603;88582;6;193;12;2;0;;;1
8;16936;CR TRAT HEDERA 960G LISS PERFEITO;PERFUMARIA E LIMPEZA;89013;03/07/2026;165603;88582;6;151;12;2;0;;;1
8;12237;ACUCAR REFINADO GASPARIN 1KG;MERCEARIA;89013;03/07/2026;165603;88582;10;1161;50;5;0;;;130
8;16935;CR TRAT HEDERA 960G CERAMIDAS;PERFUMARIA E LIMPEZA;89013;03/07/2026;165603;88582;6;138;12;2;0;;;0
8;2717;FARINHA TRIGO FIDALGA 1KG;MERCEARIA;89013;03/07/2026;165603;88582;10;-10;10;2;0;;;0
8;648;WHISKY MASTER GOLD VD 900ML;BEBIDAS;89013;03/07/2026;165603;88582;1;85;3;1;1;04/07/2026;MONIQUE;-3
8;38619;SH DOVE UMECTACAO E COCO 370ML;PERFUMARIA E LIMPEZA;89013;03/07/2026;165603;88582;1;1;1;1;0;;;0
8;8791;ABS MILI NOTURNO C ABAS 8UN;PERFUMARIA E LIMPEZA;89013;03/07/2026;165603;88582;36;0;108;3;0;;;-5
8;1740;CHICLE FREEGELLS GUM 8G MORANGO;MERCEARIA;89013;03/07/2026;165603;88582;15;870;15;0;0;04/07/2026;MONIQUE;0
8;647;WHISKY GREEN VALLEY VD 1L;BEBIDAS;89013;03/07/2026;165603;88582;1;4;1;0;0;04/07/2026;MONIQUE;4
8;38737;LAVA LOUCAS BIO KRISS NEUTRO 5L;PERFUMARIA E LIMPEZA;89013;03/07/2026;165603;88582;3;636;6;2;0;;;0
8;4348;TALCO BARUEL TENYS PE 100G PO WOMAN;PERFUMARIA E LIMPEZA;89013;03/07/2026;165603;88582;12;0;12;2;0;;;9
8;18746;FRALDA DESC FERINHA JUMBINHO C 14 XXG;PERFUMARIA E LIMPEZA;89013;03/07/2026;165603;88582;12;0;12;1;0;;;4
8;16930;CR TRAT CAPILAR HEDERA BABOSA 960G;PERFUMARIA E LIMPEZA;89013;03/07/2026;165603;88582;6;133;12;2;0;;;-1
8;2385;LENTILHA BELLA DICA 400G;MERCEARIA;89013;03/07/2026;165603;88582;12;24;12;1;0;;;-8
8;2361;FEIJAO VERMELHO ARBAZA 500G;MERCEARIA;89013;03/07/2026;165603;88582;12;1161;60;5;0;;;13
8;2786;FAROFA MANDIOCA YOKI 200G TRADICIONAL;MERCEARIA;89013;03/07/2026;165603;88582;14;14;14;1;0;;;36
8;25984;BISC DOCE NESTLE CHOCO TRIO 90G BISC NESTLE CHO;MERCEARIA;89013;03/07/2026;165603;88582;12;276;24;2;2;04/07/2026;MONIQUE;0
8;3512;FERM PO BIOL GOOD INSTANT SH 10G;MERCEARIA;89013;03/07/2026;165603;88582;30;6180;180;0;0;04/07/2026;MONIQUE;200
8;38616;CD SEDA COLAGENO VIT INT 250ML;PERFUMARIA E LIMPEZA;89013;03/07/2026;165603;88582;1;1;1;1;0;;;0
8;22999;SAB FONTANA SENSUS 150G AMANHECER PERS;PERFUMARIA E LIMPEZA;89013;03/07/2026;165603;88582;72;0;72;2;0;;;17
8;3904;ABS MILI PROT TOTAL 16UN C ABAS SUAVE;PERFUMARIA E LIMPEZA;89013;03/07/2026;165603;88582;24;336;24;1;0;;;3
8;3539;FERM PO QUIMICO GOOD INSTANT SH 11G;MERCEARIA;89013;03/07/2026;165603;88582;50;100;50;0;0;04/07/2026;MONIQUE;58
8;1746;CHICLE FREEGELLS GUM 8G MELANCIA;MERCEARIA;89013;03/07/2026;165603;88582;15;30;15;0;0;04/07/2026;MONIQUE;-8
8;7490;POMADA NUGGET 36G PRETA;PERFUMARIA E LIMPEZA;89013;03/07/2026;165603;88582;12;0;12;2;0;;;32
8;8677;TOALHINHA UMED MILI LOVE CARE 100UN;PERFUMARIA E LIMPEZA;89013;03/07/2026;165603;88582;12;960;12;1;0;;;2
8;795;REFRIG COCA COLA PET 2L ZERO;BEBIDAS;89145;03/07/2026;165901;89964;8;1104;16;3;0;08/07/2026;GUILHERME B;-93
8;1397;CHOC NESTLE CHOKITO 32G UN;MERCEARIA;89328;03/07/2026;166320;89964;30;30;60;2;0;07/07/2026;ERICA;18
11;5691;DETERG YPE 500 ML CLEAR;PERFUMARIA E LIMPEZA;89015;03/07/2026;165604;88588;24;4488;24;1;0;;;115
11;4256;AP PRESTOBARBA ULTRAGRIP 3L CART2UN;PERFUMARIA E LIMPEZA;89015;03/07/2026;165604;88588;1;2;1;1;0;;;0
11;3512;FERM PO BIOL GOOD INSTANT SH 10G;MERCEARIA;89015;03/07/2026;165604;88588;30;6180;480;0;0;03/07/2026;JESSICA M;0
11;6115;FRALDA GERIATRICA MILI VITA M 09UN;PERFUMARIA E LIMPEZA;89015;03/07/2026;165604;88588;8;8;16;2;0;;;0
11;3516;FERM PO BIOL GOOD INSTANT SH 125G;MERCEARIA;89015;03/07/2026;165604;88588;12;600;36;0;0;03/07/2026;JESSICA M;0
11;2677;FARINHA MANDIOCA YOKI 500G;MERCEARIA;89015;03/07/2026;165604;88588;24;0;24;0;0;07/07/2026;IAGO;66
11;8791;ABS MILI NOTURNO C ABAS 8UN;PERFUMARIA E LIMPEZA;89015;03/07/2026;165604;88588;36;0;36;1;0;;;26
11;796;REFRIG COCA COLA E FANTA GUARANA 2L;BEBIDAS;89015;03/07/2026;165604;88588;2;6;6;3;0;;;5
11;771;ACUCAR CRISTAL UNIAO 1KG;MERCEARIA;89015;03/07/2026;165604;88588;10;149;30;0;0;07/07/2026;IAGO;157
11;5806;ESC DENTAL COLGATE ESSENCIAL CLEAN PACK 06UN;PERFUMARIA E LIMPEZA;89015;03/07/2026;165604;88588;6;90;6;1;0;;;2
11;2791;FAROFA CASEIRISSIMA YOKI 200G COSTELINHA;MERCEARIA;89015;03/07/2026;165604;88588;12;12;12;0;0;07/07/2026;IAGO;40
11;19315;COT HASTES FLEX COTTONBABY PT 100UN;PERFUMARIA E LIMPEZA;89015;03/07/2026;165604;88588;1;8;2;2;0;;;5
11;19204;GLIC VEGETAL JAY LUC 100ML;PERFUMARIA E LIMPEZA;89015;03/07/2026;165604;88588;1;3;1;1;0;;;2
11;38737;LAVA LOUCAS BIO KRISS NEUTRO 5L;PERFUMARIA E LIMPEZA;89015;03/07/2026;165604;88588;3;636;6;2;0;;;0
11;12452;AMEND BCO BELLA DICA 400G;MERCEARIA;89015;03/07/2026;165604;88588;12;4100;12;1;0;;;-6
11;648;WHISKY MASTER GOLD VD 900ML;BEBIDAS;89015;03/07/2026;165604;88588;1;85;2;0;0;03/07/2026;JESSICA M;10
11;1426;CHOC BIS XTRA BLACK CHOCOLATE 45G;MERCEARIA;89015;03/07/2026;165604;88588;24;24;24;0;0;03/07/2026;JESSICA M;5
11;3539;FERM PO QUIMICO GOOD INSTANT SH 11G;MERCEARIA;89015;03/07/2026;165604;88588;50;100;150;0;0;03/07/2026;JESSICA M;14
11;5032;COND PANTENE 175ML RESTAUR PROFUND;PERFUMARIA E LIMPEZA;89015;03/07/2026;165604;88588;6;12;6;1;0;;;6
11;5850;ESC DENTAL ORAL B PRO;PERFUMARIA E LIMPEZA;89015;03/07/2026;165604;88588;12;0;12;1;0;;;100
11;1837;PAST DOCILE ROLLY MINTY 29G FRUIT;MERCEARIA;89015;03/07/2026;165604;88588;12;1320;12;1;1;03/07/2026;JESSICA M;-27
11;9305;DUCHA FAME 220V 6800W 4 TEMP;NAO ALIMENTO;89041;03/07/2026;165617;88671;14;168;14;14;0;03/07/2026;SAMUEL;26
11;1397;CHOC NESTLE CHOKITO 32G UN;MERCEARIA;89330;03/07/2026;166321;89386;30;30;30;1;0;08/07/2026;WENDRIO;34
11;36169;CHOC BARRA NESTLE RECH 90G NEGRESCO;MERCEARIA;89330;03/07/2026;166321;89386;14;560;42;3;0;08/07/2026;WENDRIO;60
11;1341;CHOC NEUGEBAUER STIKADINHO 70G MORANGO;MERCEARIA;89330;03/07/2026;166321;89386;12;816;60;5;0;08/07/2026;WENDRIO;1
11;38000;CHOC BARRA NESTLE RECH 90G GALAK;MERCEARIA;89330;03/07/2026;166321;89386;14;433;70;5;0;08/07/2026;WENDRIO;33
11;1348;CHOC BATON GAROTO 16G CREME MOR;MERCEARIA;89330;03/07/2026;166321;89386;30;210;60;2;0;08/07/2026;WENDRIO;28
11;1292;CHOC BARRA NESTLE 80G MEIO AMARGO;MERCEARIA;89330;03/07/2026;166321;89386;16;368;32;2;0;08/07/2026;WENDRIO;38
11;1430;CHOC KIT KAT 41 5G FINGER AO LEITE;MERCEARIA;89330;03/07/2026;166321;89386;24;4704;480;20;0;08/07/2026;WENDRIO;21
11;980;OLEO SOJA COAMO PET 900ML;MERCEARIA;89493;03/07/2026;166715;;20;6320;2400;0;0;;;-165
12;12278;AGUA OXIG BUTTERF 20V 100ML;PERFUMARIA E LIMPEZA;89017;03/07/2026;165605;88589;12;24;12;1;0;;;3
12;8966;CARVAO CHAMA CAMPEIRA 5KG;NAO ALIMENTO;89017;03/07/2026;165605;88589;1;462;1;0;0;;WENDRIO;30
12;48;AGUA MIN FLORESTA PET 500ML C GAS;BEBIDAS;89017;03/07/2026;165605;88589;12;215;108;0;0;;WENDRIO;555
12;37025;FAROFA ROCHA CASEIRA 300G CEB NA MANT;MERCEARIA;89017;03/07/2026;165605;88589;10;59;10;1;0;;;14
12;12237;ACUCAR REFINADO GASPARIN 1KG;MERCEARIA;89017;03/07/2026;165605;88589;10;1161;10;1;0;;;138
12;6132;FRALDA DESC LOOMPIG JUMBINHO P 18 UN;PERFUMARIA E LIMPEZA;89017;03/07/2026;165605;88589;8;0;8;1;0;;;2
12;4258;AP PROBAK II LV7 PG5;PERFUMARIA E LIMPEZA;89017;03/07/2026;165605;88589;1;14;6;6;0;;;24
12;762;REFRIG COCA COLA PET 200ML;BEBIDAS;89017;03/07/2026;165605;88589;12;1668;12;0;0;;WENDRIO;0
12;152;CERV BRAHMA CHOPP LT 473ML;BEBIDAS;89017;03/07/2026;165605;88589;12;1536;48;0;0;;WENDRIO;2717
12;18459;FEIJAO BCO SERRA URUGUAI 500G;MERCEARIA;89017;03/07/2026;165605;88589;20;480;20;1;0;;;9
12;19312;COT HASTES FLEX COTTONBABY C 75;PERFUMARIA E LIMPEZA;89017;03/07/2026;165605;88589;72;3528;72;1;0;;;21
12;22796;RATICIDA RODILON ISCA 25G;PERFUMARIA E LIMPEZA;89017;03/07/2026;165605;88589;40;240;40;1;0;;;0
12;23028;SAB LIQ BEM ESTAR RF 300ML ERVA DOCE;PERFUMARIA E LIMPEZA;89017;03/07/2026;165605;88589;12;0;12;1;0;;;13
12;844;REFRIG ANTARCTICA PET 600ML GUARANA;BEBIDAS;89017;03/07/2026;165605;88589;12;12;12;1;0;;;9
12;6234;GEL DENTAL CLOSE UP 90G ORIG RED HOT;PERFUMARIA E LIMPEZA;89017;03/07/2026;165605;88589;12;286;12;1;0;;;20
12;796;REFRIG COCA COLA E FANTA GUARANA 2L;BEBIDAS;89017;03/07/2026;165605;88589;2;6;6;3;0;;;2
12;10179;SABON PALMOLIVE NATURALS 85G OLEO ARGAN;PERFUMARIA E LIMPEZA;89017;03/07/2026;165605;88589;108;1188;108;1;0;;;23
12;19204;GLIC VEGETAL JAY LUC 100ML;PERFUMARIA E LIMPEZA;89017;03/07/2026;165605;88589;1;3;1;1;0;;;3
12;33255;REFRIG CHARRUA PET 3L GUARANA;BEBIDAS;89017;03/07/2026;165605;88589;6;25;6;0;0;;WENDRIO;0
12;889;REFRIG COCA COLA LT 350ML;BEBIDAS;89017;03/07/2026;165605;88589;12;48;36;0;0;;WENDRIO;3
12;10;REFRIG COCA COLA PET 2L;BEBIDAS;89017;03/07/2026;165605;88589;4;12;200;0;0;;WENDRIO;2177
12;23110;SABON PALMOLIVE 150G TANGERINA ALEC;PERFUMARIA E LIMPEZA;89017;03/07/2026;165605;88589;72;936;72;1;0;;;5
12;4994;COND MONANGE 325ML HIDRATA C PODER;PERFUMARIA E LIMPEZA;89017;03/07/2026;165605;88589;12;0;12;1;0;;;12
12;16930;CR TRAT CAPILAR HEDERA BABOSA 960G;PERFUMARIA E LIMPEZA;89017;03/07/2026;165605;88589;6;133;6;1;0;;;0
12;22951;RODO BORBOLETA 40CM C CABO;PERFUMARIA E LIMPEZA;89017;03/07/2026;165605;88589;12;0;12;0;0;03/07/2026;ELTON;3
12;4259;AP PRESTOBARBA ULTRA GRIP 2UN;PERFUMARIA E LIMPEZA;89017;03/07/2026;165605;88589;12;972;12;1;0;;;10
12;20193;LIXA P PES DUPLA FACE;PERFUMARIA E LIMPEZA;89017;03/07/2026;165605;88589;1;0;1;1;0;;;5
12;825;REFRIG PEPSI PET 2L;BEBIDAS;89017;03/07/2026;165605;88589;8;1104;8;0;0;;WENDRIO;-1
12;16936;CR TRAT HEDERA 960G LISS PERFEITO;PERFUMARIA E LIMPEZA;89017;03/07/2026;165605;88589;6;151;12;2;0;;;1
12;10147;SAB FARNESE 180G LAVANDA MENTA;PERFUMARIA E LIMPEZA;89017;03/07/2026;165605;88589;36;252;36;1;0;;;39
12;2799;FAROFA MANDIOCA YOKI 400G TRADICIONAL;MERCEARIA;89017;03/07/2026;165605;88589;24;672;24;1;0;;;40
12;2586;ERVA MATE VERDINHA 1KG MOIDA GROSSA;MERCEARIA;89017;03/07/2026;165605;88589;20;460;20;1;0;;;4
12;16937;CR TRAT HEDERA 960G OLEO D ARGAN;PERFUMARIA E LIMPEZA;89017;03/07/2026;165605;88589;6;193;12;2;0;;;0
12;790;REFRIG CHARRUA GUARANA PET 2L;BEBIDAS;89017;03/07/2026;165605;88589;8;-160;56;0;0;;WENDRIO;113
12;656;SUCO DEL VALLE FRUT TP 1L UVA;BEBIDAS;89017;03/07/2026;165605;88589;6;12;6;0;0;;WENDRIO;13
12;790;REFRIG CHARRUA GUARANA PET 2L;BEBIDAS;89149;03/07/2026;165903;89380;8;-160;16;0;0;04/07/2026;GUILHERME B;113
12;825;REFRIG PEPSI PET 2L;BEBIDAS;89149;03/07/2026;165903;89380;8;1104;24;0;0;04/07/2026;GUILHERME B;-1
12;814;REFRIGC COLA FRUKI PET 2 L COLA ZERO;BEBIDAS;89149;03/07/2026;165903;89380;6;0;12;2;0;04/07/2026;IAGO;23
13;9288;DESINF YPE BAK 500ML FLORAL BAK;PERFUMARIA E LIMPEZA;89019;03/07/2026;165606;89382;12;12;12;2;0;04/07/2026;WENDRIO;0
13;8445;SILICONE GEL JIMO 200G BISNAGA LAVANDA;PERFUMARIA E LIMPEZA;89019;03/07/2026;165606;89382;12;24;12;1;0;04/07/2026;WENDRIO;12
13;6937;LIMP USO GERAL VEJA LV1L PG700ML LAV BEM ESTAR;PERFUMARIA E LIMPEZA;89019;03/07/2026;165606;89382;12;0;12;1;0;04/07/2026;WENDRIO;0
13;9293;DESINF YPE BAK 500ML TURQUESA;PERFUMARIA E LIMPEZA;89019;03/07/2026;165606;89382;12;72;36;3;0;04/07/2026;WENDRIO;0
13;18749;FRALDA DESC FERINHA JUMBINHO C/20 P;PERFUMARIA E LIMPEZA;89019;03/07/2026;165606;89382;12;0;12;1;0;04/07/2026;WENDRIO;8
13;6673;LAVA LOUCA JIMO 25UN 500G PASTILHAS;PERFUMARIA E LIMPEZA;89019;03/07/2026;165606;89382;12;0;12;1;0;04/07/2026;WENDRIO;5
13;9985;DESOD SANIT GOTA LIMPA 25G LAVANDA;PERFUMARIA E LIMPEZA;89019;03/07/2026;165606;89382;48;96;48;1;0;04/07/2026;WENDRIO;19
13;6698;LAVA ROUPA BRILHANTE 900ML LIMPEZA TOTAL;PERFUMARIA E LIMPEZA;89019;03/07/2026;165606;89382;12;24;12;1;0;04/07/2026;WENDRIO;4
13;3964;ALCOOL 46 COPERALCOOL 1L TRAD;PERFUMARIA E LIMPEZA;89019;03/07/2026;165606;89382;12;636;12;1;0;04/07/2026;WENDRIO;8
13;5491;DESINF YPE 500ML BAK LAVANDA;PERFUMARIA E LIMPEZA;89019;03/07/2026;165606;89382;12;264;24;2;0;04/07/2026;WENDRIO;1
13;33366;ABS MILI DUO C ABAS C8;PERFUMARIA E LIMPEZA;89019;03/07/2026;165606;89382;36;396;72;2;0;04/07/2026;WENDRIO;0
13;19315;COT HASTES FLEX COTTONBABY PT 100UN;PERFUMARIA E LIMPEZA;89019;03/07/2026;165606;89382;1;8;1;0;0;04/07/2026;AUGUSTO;4
13;33882;DET LIQ OMO CICLO RAPIDO 750ML ANTIODOR;PERFUMARIA E LIMPEZA;89019;03/07/2026;165606;89382;12;60;12;2;0;04/07/2026;WENDRIO;6
13;8865;AROMAT COALA CONC 120ML CITRONELA;PERFUMARIA E LIMPEZA;89019;03/07/2026;165606;89382;24;120;48;2;0;04/07/2026;WENDRIO;2
13;7797;SABAO BARRA YPE 800G COCO TOQUE AV;PERFUMARIA E LIMPEZA;89019;03/07/2026;165606;89382;12;108;12;1;0;04/07/2026;WENDRIO;24
13;19372;INSET NITROCID PO 50G;PERFUMARIA E LIMPEZA;89019;03/07/2026;165606;89382;1;6;1;2;0;04/07/2026;WENDRIO;1
13;6349;INSET AERO SBP 380ML MULTI INSETICIDA;PERFUMARIA E LIMPEZA;89019;03/07/2026;165606;89382;24;459;24;1;0;04/07/2026;WENDRIO;8
13;7558;PROT DIARIO MILI 15UN SUAVE S ABAS;PERFUMARIA E LIMPEZA;89019;03/07/2026;165606;89382;24;288;48;2;0;04/07/2026;WENDRIO;19
13;33458;AMACIANTE APYCE 2L TRAD AZ;PERFUMARIA E LIMPEZA;89019;03/07/2026;165606;89382;6;354;36;7;0;04/07/2026;WENDRIO;5
13;5671;DETERG GIRANDO SOL 500ML COCO;PERFUMARIA E LIMPEZA;89019;03/07/2026;165606;89382;24;48;24;2;0;04/07/2026;WENDRIO;12
13;7796;SABAO BARRA YPE 800G GLICERINA;PERFUMARIA E LIMPEZA;89019;03/07/2026;165606;89382;12;192;12;1;0;04/07/2026;WENDRIO;28
13;3635;SAL MOIDO CBS 1KG;MERCEARIA;89019;03/07/2026;165606;89382;10;2324;50;5;0;;;38
13;5805;ESC DENTAL COLGATE CLASSIC LONG MD 8460;PERFUMARIA E LIMPEZA;89019;03/07/2026;165606;89382;12;168;12;0;0;04/07/2026;AUGUSTO;-1
13;13514;BLO LIXA P UNHA BONITTA;PERFUMARIA E LIMPEZA;89019;03/07/2026;165606;89382;1;1;1;0;0;04/07/2026;AUGUSTO;2
13;784;REFRIG ANTARCTICA GUARANA PET 2L;BEBIDAS;89151;03/07/2026;165904;89228;8;78;40;5;0;03/07/2026;TEIXEIRA;0
13;829;REFRIG SODA LIMONADA PET 2L;BEBIDAS;89151;03/07/2026;165904;89228;8;852;40;0;0;03/07/2026;BRUNO ANTUNES;4
14;6784;LEITE UHT TIROL C TAMP 1L SEMI DESN;PERECIVEIS;88993;03/07/2026;165592;89971;12;1972;12;2;0;;;42
14;6795;LEITE UHT TIROL 1L ZERO LAC;PERECIVEIS;88993;03/07/2026;165592;89971;12;24;12;1;0;;;-22
14;6786;LEITE LV EDGE ELEGE 1L SEMI DESNATADO;PERECIVEIS;88993;03/07/2026;165592;89971;12;0;12;2;0;;;68
14;9741;LEITE SANTA CLARA LV SEMI DESN 1L;PERECIVEIS;88993;03/07/2026;165592;89971;12;179;12;1;0;;;99
14;6792;LEITE UHT PET ELEGE 1L INTEGRAL;PERECIVEIS;88993;03/07/2026;165592;89971;6;4261;12;8;0;;;52
14;6799;LEITE SANTA CLARA 1L ZERO LACTOSE;PERECIVEIS;88993;03/07/2026;165592;89971;12;48;96;10;0;;;-105
14;6782;LEITE UHT TIROL C TAMPA 1L DESN;PERECIVEIS;88993;03/07/2026;165592;89971;12;1421;12;6;0;;;64
14;6781;LEITE LV EDGE ELEGE 1L INTEGRAL;PERECIVEIS;88993;03/07/2026;165592;89971;12;204;12;3;0;;;694
14;3628;SAL GROSSO CBS 1KG;MERCEARIA;89021;03/07/2026;165607;89971;15;59;15;2;0;;;7
14;37025;FAROFA ROCHA CASEIRA 300G CEB NA MANT;MERCEARIA;89021;03/07/2026;165607;89971;10;59;10;2;0;;;3
14;3762;AJI SAL 1KG P CHURRASCO;MERCEARIA;89021;03/07/2026;165607;89971;12;0;12;3;0;;;120
14;648;WHISKY MASTER GOLD VD 900ML;BEBIDAS;89021;03/07/2026;165607;89971;1;85;3;3;0;07/07/2026;ERICA;2
14;5844;ESC DENTAL ORAL B INDCOLORS30 4UN;PERFUMARIA E LIMPEZA;89021;03/07/2026;165607;89971;6;90;6;1;0;;;6
14;4115;ALVEJ GIRANDO SOL 2L S CLORO;PERFUMARIA E LIMPEZA;89021;03/07/2026;165607;89971;6;188;6;2;0;;;4
14;5698;DETERG YPE 500ML LIMAO;PERFUMARIA E LIMPEZA;89021;03/07/2026;165607;89971;24;4665;24;4;0;;;449
14;5696;DETERG YPE 500ML MACA;PERFUMARIA E LIMPEZA;89021;03/07/2026;165607;89971;24;5297;24;1;0;;;914
14;17340;DET LIQ BIO KRISS 500ML CLEAR;PERFUMARIA E LIMPEZA;89021;03/07/2026;165607;89971;24;11136;264;11;0;;;3
14;2104;ARROZ BCO PRATO FINO T1 2K;MERCEARIA;89021;03/07/2026;165607;89971;5;0;5;3;0;;;0
14;347;CERV PATAGONIA AMBER LT 473ML;BEBIDAS;89021;03/07/2026;165607;89971;6;0;6;1;1;07/07/2026;MURILO;9
14;3539;FERM PO QUIMICO GOOD INSTANT SH 11G;MERCEARIA;89021;03/07/2026;165607;89971;50;100;50;2;0;07/07/2026;ERICA;33
14;35692;LIMP HARPIC MARINE POWER 750ML PLUX;PERFUMARIA E LIMPEZA;89021;03/07/2026;165607;89971;12;0;12;1;0;;;6
14;8791;ABS MILI NOTURNO C ABAS 8UN;PERFUMARIA E LIMPEZA;89021;03/07/2026;165607;89971;36;0;36;1;0;;;6
14;5196;CR DEN COLGATE MPA 180G;PERFUMARIA E LIMPEZA;89021;03/07/2026;165607;89971;72;7488;504;15;0;;;1535
14;3516;FERM PO BIOL GOOD INSTANT SH 125G;MERCEARIA;89021;03/07/2026;165607;89971;12;600;12;2;0;07/07/2026;ERICA;17
14;3394;CALDO GALINHA KNORR 114G;MERCEARIA;89021;03/07/2026;165607;89971;1;677;8;10;0;07/07/2026;ERICA;20
14;1269;CHOC BARRA LACTA 80G LAKA;MERCEARIA;89021;03/07/2026;165607;89971;17;68;17;2;0;07/07/2026;ERICA;2
14;3888;ABS C ABAS ALWAYS LV PG 32UN NOTUR;PERFUMARIA E LIMPEZA;89021;03/07/2026;165607;89971;6;24;6;1;0;;;5
14;9296;DET LIQ GOTA LIMPA 1L LIMAO;PERFUMARIA E LIMPEZA;89021;03/07/2026;165607;89971;12;2640;12;2;0;;;9
14;3635;SAL MOIDO CBS 1KG;MERCEARIA;89021;03/07/2026;165607;89971;10;2324;50;7;0;;;39
14;38737;LAVA LOUCAS BIO KRISS NEUTRO 5L;PERFUMARIA E LIMPEZA;89021;03/07/2026;165607;89971;3;636;6;2;0;;;0
14;2717;FARINHA TRIGO FIDALGA 1KG;MERCEARIA;89021;03/07/2026;165607;89971;10;-10;10;0;0;07/07/2026;ALEX JARDIM;6
14;8806;AGUA SANIT GIRANDO SOL 2L;PERFUMARIA E LIMPEZA;89021;03/07/2026;165607;89971;6;924;6;8;0;;;2
14;4137;AMAC CONC AQUAFAST 1L HARMONIA;PERFUMARIA E LIMPEZA;89021;03/07/2026;165607;89971;12;12;12;1;0;;;10
14;18748;FRALDA DESC FERINHA JUMBINHO C 18 M;PERFUMARIA E LIMPEZA;89021;03/07/2026;165607;89971;12;0;12;1;0;;;7
14;6115;FRALDA GERIATRICA MILI VITA M 09UN;PERFUMARIA E LIMPEZA;89021;03/07/2026;165607;89971;8;8;8;1;0;;;2
14;5691;DETERG YPE 500 ML CLEAR;PERFUMARIA E LIMPEZA;89021;03/07/2026;165607;89971;24;4488;24;3;0;;;0
14;2509;ERVA MATE PONCHE VERDE 500G MOIDA GROSSA;MERCEARIA;89021;03/07/2026;165607;89971;20;0;40;0;0;;;0
14;3512;FERM PO BIOL GOOD INSTANT SH 10G;MERCEARIA;89021;03/07/2026;165607;89971;30;6180;660;23;0;07/07/2026;ERICA;-22
14;2808;POLENTA CBS 500G PRE COZIDA;MERCEARIA;89021;03/07/2026;165607;89971;12;0;12;2;0;;;3
14;2373;GRAO DE BICO JUREIA 400G;MERCEARIA;89021;03/07/2026;165607;89971;6;0;6;2;0;;;1
14;37027;FAROFA ROCHA CASEIRA 300G TRAD;MERCEARIA;89021;03/07/2026;165607;89971;10;139;10;1;0;;;7
14;15494;CANJICA AMARELA JUREIA 500G;MERCEARIA;89021;03/07/2026;165607;89971;12;29;12;2;0;;;6
14;36711;FERMENTO BIOL PO NORDESTE SH 10G;MERCEARIA;89021;03/07/2026;165607;89971;30;0;30;1;0;07/07/2026;ERICA;169
14;2385;LENTILHA BELLA DICA 400G;MERCEARIA;89021;03/07/2026;165607;89971;12;24;12;1;0;;;25
14;1341;CHOC NEUGEBAUER STIKADINHO 70G MORANGO;MERCEARIA;89336;03/07/2026;166324;89971;12;816;60;5;0;07/07/2026;ERICA;0
14;1289;CHOC BARRA NESTLE 80G PRESTIGIO;MERCEARIA;89336;03/07/2026;166324;89971;16;128;32;2;0;;;217
14;38000;CHOC BARRA NESTLE RECH 90G GALAK;MERCEARIA;89336;03/07/2026;166324;89971;14;433;42;3;0;;;19
14;1430;CHOC KIT KAT 41 5G FINGER AO LEITE;MERCEARIA;89336;03/07/2026;166324;89971;24;4704;480;20;0;07/07/2026;ERICA;-1
14;1348;CHOC BATON GAROTO 16G CREME MOR;MERCEARIA;89336;03/07/2026;166324;89971;30;210;90;3;0;07/07/2026;ERICA;0
14;1280;CHOC BARRA GAROTO 80G AO LEITE;MERCEARIA;89336;03/07/2026;166324;89971;16;2224;80;5;0;;;23
14;2161;ARROZ BCO ALEGRETE TP1 5KG;MERCEARIA;89431;03/07/2026;166790;;6;516;90;0;0;;;10
17;7827;SABAO PO GIRANDO SOL 4KG ROSA;PERFUMARIA E LIMPEZA;89023;03/07/2026;165608;89165;5;160;5;0;0;03/07/2026;BRUNO ANTUNES;-11
17;3516;FERM PO BIOL GOOD INSTANT SH 125G;MERCEARIA;89023;03/07/2026;165608;89165;12;600;24;2;0;07/07/2026;WENDRIO;-22
17;5623;DESOD AERO REXONA 91G CLINICAL S PERFUME;PERFUMARIA E LIMPEZA;89023;03/07/2026;167534;89856;12;228;24;0;0;;;0
17;36262;KIT SH CD SEDA 300ML 190ML TOQUE DE SEDA;PERFUMARIA E LIMPEZA;89023;03/07/2026;167534;89856;15;1230;45;0;0;;;-2
17;5021;COND PANTENE 150ML COLAGENO;PERFUMARIA E LIMPEZA;89023;03/07/2026;167534;89856;12;48;24;0;0;;;1
17;10283;SH MONANGE 325ML REST Q GOSTO;PERFUMARIA E LIMPEZA;89023;03/07/2026;167534;89856;12;0;12;0;0;;;1
17;8601;TINT COR E TON CAST ESC 3 0;PERFUMARIA E LIMPEZA;89023;03/07/2026;167534;89856;6;0;6;0;0;;;10
17;8839;AMAC AQUAFAST EMB ECON 5L ROXO MAGIA;PERFUMARIA E LIMPEZA;89023;03/07/2026;165608;89165;4;112;4;1;1;03/07/2026;BRUNO ANTUNES;10
17;6874;LIMP M USO YPE 500ML CLASSICO;PERFUMARIA E LIMPEZA;89023;03/07/2026;165608;89165;12;0;12;0;0;03/07/2026;BRUNO ANTUNES;3
17;8050;SAPONACEO CREM CIF 450ML LARANJA;PERFUMARIA E LIMPEZA;89023;03/07/2026;165608;89165;12;0;12;0;0;03/07/2026;BRUNO ANTUNES;24
17;7875;SABONETE DOVE 90G ERVA DOCE;PERFUMARIA E LIMPEZA;89023;03/07/2026;167534;89856;48;2661;48;0;0;;;294
17;5565;DESOD AERO NIVEA 90G DRY IMPACT;PERFUMARIA E LIMPEZA;89023;03/07/2026;167534;89856;12;182;24;0;0;;;-9
17;23118;SAB PALMOLIVE NATURALS 85G AMORA;PERFUMARIA E LIMPEZA;89023;03/07/2026;167534;89856;108;1524;216;0;0;;;7
17;22117;POM MASSAG BIO FISIOFORT PREMIUM 150ML;PERFUMARIA E LIMPEZA;89023;03/07/2026;167534;89856;12;912;12;0;0;;;0
17;4945;COND DOVE 250ML BOND INTENSE;PERFUMARIA E LIMPEZA;89023;03/07/2026;167534;89856;12;12;12;0;0;;;12
17;9975;PAST ADESIVA HIGISOL 3UN CITRICO;PERFUMARIA E LIMPEZA;89023;03/07/2026;167534;89856;24;0;24;0;0;;;0
17;36732;LIMP PERF AQUAFAST 2L FRESCOR MANHA;PERFUMARIA E LIMPEZA;89023;03/07/2026;165608;89165;6;12;6;0;0;03/07/2026;BRUNO ANTUNES;-5
17;16935;CR TRAT HEDERA 960G CERAMIDAS;PERFUMARIA E LIMPEZA;89023;03/07/2026;167534;89856;6;138;6;0;0;;;1
17;33887;KIT SH CD DOVE 350ML 175ML AMINOACIDO;PERFUMARIA E LIMPEZA;89023;03/07/2026;167534;89856;8;64;8;0;0;;;1
17;5371;CREME PANTENE 170G 3 MINUTOS RESTAURACAO;PERFUMARIA E LIMPEZA;89023;03/07/2026;167534;89856;12;36;12;0;0;;;8
17;12160;ABS ALWAYS SUP PROT SECA C AB C 16;PERFUMARIA E LIMPEZA;89023;03/07/2026;165608;89165;12;276;12;1;0;;;3
17;4256;AP PRESTOBARBA ULTRAGRIP 3L CART2UN;PERFUMARIA E LIMPEZA;89023;03/07/2026;165608;89165;1;2;1;1;0;;;0
17;3539;FERM PO QUIMICO GOOD INSTANT SH 11G;MERCEARIA;89023;03/07/2026;165608;89165;50;100;50;1;0;07/07/2026;WENDRIO;2
17;1893;DROPS FREEGELLS 27 6G MORANGO CHOC;MERCEARIA;89023;03/07/2026;165608;89165;12;276;12;1;0;07/07/2026;WENDRIO;2
17;35698;DET LIQ BARBAREX 5L NEUTRO;PERFUMARIA E LIMPEZA;89023;03/07/2026;165608;89165;2;12;2;0;0;03/07/2026;BRUNO ANTUNES;0
17;12293;AGUA SANIT ZAVASKI 5L;PERFUMARIA E LIMPEZA;89023;03/07/2026;165608;89165;4;296;4;1;1;03/07/2026;BRUNO ANTUNES;17
17;17337;DET LIQ ATRIUS 5L PREMIUM;PERFUMARIA E LIMPEZA;89023;03/07/2026;165608;89165;4;1346;8;2;2;03/07/2026;BRUNO ANTUNES;40
17;17177;DESINF GOTA LIMPA 2L PINHO;PERFUMARIA E LIMPEZA;89023;03/07/2026;165608;89165;6;30;6;0;0;03/07/2026;BRUNO ANTUNES;12
17;4215;AMAC YPE 2L CARINHO;PERFUMARIA E LIMPEZA;89023;03/07/2026;165608;89165;6;25;18;0;0;03/07/2026;BRUNO ANTUNES;2
17;9297;DET LIQ GOTA LIMPA 1L MACA;PERFUMARIA E LIMPEZA;89023;03/07/2026;165608;89165;12;156;12;0;0;03/07/2026;BRUNO ANTUNES;16
17;18978;GEL FIX DI HELLEN BRI M ERV DIA DI A 240G;PERFUMARIA E LIMPEZA;89023;03/07/2026;167534;89856;12;48;12;0;0;;;1
17;8286;SH PANTENE 175ML COLAGENO;PERFUMARIA E LIMPEZA;89023;03/07/2026;167534;89856;6;22;12;0;0;;;-1
17;33889;KIT SH CD DOVE 350ML 175ML HIALURON VIT;PERFUMARIA E LIMPEZA;89023;03/07/2026;167534;89856;8;64;32;0;0;;;0
17;34604;MASC TRAT TRESEMME 400G BLIND ANTIUMID;PERFUMARIA E LIMPEZA;89023;03/07/2026;167534;89856;6;48;6;0;0;;;3
17;687;ESP GARIBALDI PRIMICIAS GF 660ML ROSE;BEBIDAS;89023;03/07/2026;165608;89165;1;19;1;1;0;07/07/2026;WENDRIO;17
17;5697;AMAC YPE PRO ROUPAS TECIDOS 7L;PERFUMARIA E LIMPEZA;89023;03/07/2026;165608;89165;1;73;1;0;0;03/07/2026;BRUNO ANTUNES;0
17;6683;LAVA ROUPA AQUAFAST 3L MULTIACAO;PERFUMARIA E LIMPEZA;89023;03/07/2026;165608;89165;4;200;4;0;0;03/07/2026;BRUNO ANTUNES;1
17;37429;AGUA SANITARIA SUPREMA 5 L;PERFUMARIA E LIMPEZA;89023;03/07/2026;165608;89165;3;48;3;0;0;03/07/2026;BRUNO ANTUNES;-1
17;7751;SAB LIQ LUX 200ML REFIL BUQUE JASMIM;PERFUMARIA E LIMPEZA;89023;03/07/2026;165608;89165;12;3;12;1;0;;;3
17;9215;CR DIHELLEN 100G COLAGENO E ELASTINA;PERFUMARIA E LIMPEZA;89023;03/07/2026;167534;89856;12;12;12;0;0;;;0
17;17660;ENX BUCAL COLGATE PLAX L500P350ML FRESH MINT;PERFUMARIA E LIMPEZA;89023;03/07/2026;167534;89856;12;0;12;0;0;;;-8
17;16947;CR TRAT PANTENE 270ML HIDRATACAO;PERFUMARIA E LIMPEZA;89023;03/07/2026;167534;89856;12;36;12;0;0;;;0
17;36802;LIMP PERF COALA ESSENCIA F CACTO120;PERFUMARIA E LIMPEZA;89023;03/07/2026;167534;89856;24;168;24;0;0;;;24
17;35164;MASC TRAT SEDA 300G CACHO DEFINIDO;PERFUMARIA E LIMPEZA;89023;03/07/2026;167534;89856;6;0;6;0;0;;;0
17;5557;DESOD AERO NIVEA 150ML CARVAO ATIV ORIGINAL;PERFUMARIA E LIMPEZA;89023;03/07/2026;167534;89856;12;36;12;0;0;;;6
17;8416;SH COND TRESEMME 350ML 175ML RECONST E FORCA;PERFUMARIA E LIMPEZA;89023;03/07/2026;167534;89856;16;48;16;0;0;;;-16
17;3512;FERM PO BIOL GOOD INSTANT SH 10G;MERCEARIA;89023;03/07/2026;165608;89165;30;6180;330;11;0;07/07/2026;WENDRIO;6
17;6688;LAVA ROUPA ARIEL 3L CLASSICO;PERFUMARIA E LIMPEZA;89023;03/07/2026;165608;89165;4;17;4;1;1;03/07/2026;BRUNO ANTUNES;1
17;37432;DESINFETANTE SUPREMA LAVANDA 5L;PERFUMARIA E LIMPEZA;89023;03/07/2026;165608;89165;3;315;3;0;0;03/07/2026;BRUNO ANTUNES;8
17;12381;ALVEJ AQUAFAST 5L S CLORO;PERFUMARIA E LIMPEZA;89023;03/07/2026;165608;89165;4;27;4;0;0;03/07/2026;BRUNO ANTUNES;-1
17;17385;DET PO APYCE SH 1 6K ROSA;PERFUMARIA E LIMPEZA;89023;03/07/2026;165608;89165;13;69;13;0;0;03/07/2026;BRUNO ANTUNES;34
17;17388;DET PO APYCE SH 4K AZUL;PERFUMARIA E LIMPEZA;89023;03/07/2026;165608;89165;5;19;10;0;0;03/07/2026;BRUNO ANTUNES;34
17;7834;DET PO GOTA LIMPA 4KG EQUILIBRIO;PERFUMARIA E LIMPEZA;89023;03/07/2026;165608;89165;5;14;5;0;0;03/07/2026;BRUNO ANTUNES;16
17;17414;DET PO GOTA LIMPA 4KG HARMONIA;PERFUMARIA E LIMPEZA;89023;03/07/2026;165608;89165;5;5;5;0;0;03/07/2026;BRUNO ANTUNES;-1
17;7860;SABAO PO SURF 800G LAVANDA;PERFUMARIA E LIMPEZA;89023;03/07/2026;165608;89165;16;26;16;0;0;03/07/2026;BRUNO ANTUNES;40
17;9299;DETERG YPE LIQ 5L NEUTRO;PERFUMARIA E LIMPEZA;89023;03/07/2026;165608;89165;4;44;12;0;0;03/07/2026;BRUNO ANTUNES;90
17;4212;AMAC GOTA LIMPA 5L DELICATA;PERFUMARIA E LIMPEZA;89023;03/07/2026;165608;89165;4;160;4;0;0;03/07/2026;BRUNO ANTUNES;2
17;3952;AGUA SANIT Q BOA 5L;PERFUMARIA E LIMPEZA;89023;03/07/2026;165608;89165;3;305;3;1;1;03/07/2026;BRUNO ANTUNES;4
17;6725;LAVA ROUPA OMO 7L LAVAGEM PERFEITA;PERFUMARIA E LIMPEZA;89023;03/07/2026;165608;89165;1;506;11;11;11;03/07/2026;BRUNO ANTUNES;-1
17;8049;SAPONACEO CREM CIF 450ML BCO;PERFUMARIA E LIMPEZA;89023;03/07/2026;165608;89165;12;3;12;0;0;03/07/2026;BRUNO ANTUNES;0
17;8846;AMAC YPE CONC 500ML BLUE;PERFUMARIA E LIMPEZA;89023;03/07/2026;165608;89165;12;24;12;0;0;03/07/2026;BRUNO ANTUNES;4
17;12417;AMAC GOTA LIMPA 2L FASCINIO;PERFUMARIA E LIMPEZA;89023;03/07/2026;165608;89165;6;24;6;0;0;03/07/2026;BRUNO ANTUNES;-10
17;36203;DESINF GIRANDO SOL 5L LAVANDA;PERFUMARIA E LIMPEZA;89023;03/07/2026;165608;89165;4;68;4;0;0;03/07/2026;BRUNO ANTUNES;7
17;6689;LAVA ROUPA ARIEL 700ML CLASSIC REF;PERFUMARIA E LIMPEZA;89023;03/07/2026;165608;89165;10;83;20;0;0;03/07/2026;BRUNO ANTUNES;0
17;1296;CHOC BARRA NESTLE 80G GALAK GALAK;MERCEARIA;89338;03/07/2026;166325;89165;16;384;80;5;0;07/07/2026;WENDRIO;321
17;38005;CHOC KIT KAT MACCHIATO 41 5G;MERCEARIA;89338;03/07/2026;166325;89165;24;2304;120;5;0;07/07/2026;WENDRIO;81
17;2154;CAFE 3C DRIP GOURMET SH 11G DARK ROAST;MERCEARIA;89338;03/07/2026;166325;89165;10;40;20;2;0;07/07/2026;WENDRIO;66
17;1292;CHOC BARRA NESTLE 80G MEIO AMARGO;MERCEARIA;89338;03/07/2026;166325;89165;16;368;32;2;0;07/07/2026;WENDRIO;10
17;1397;CHOC NESTLE CHOKITO 32G UN;MERCEARIA;89338;03/07/2026;166325;89165;30;30;30;1;0;07/07/2026;WENDRIO;16
17;38000;CHOC BARRA NESTLE RECH 90G GALAK;MERCEARIA;89338;03/07/2026;166325;89165;14;433;42;3;0;07/07/2026;WENDRIO;14
17;15144;CAFE 3C DRIP TRAD SH 10G;MERCEARIA;89338;03/07/2026;166325;89165;12;12;24;2;0;07/07/2026;WENDRIO;-13
17;1413;CHOC STIKADINHO GO NEUGEBAUER 40G;MERCEARIA;89338;03/07/2026;166325;89165;72;1368;144;2;0;07/07/2026;WENDRIO;77
18;5032;COND PANTENE 175ML RESTAUR PROFUND;PERFUMARIA E LIMPEZA;89025;03/07/2026;165609;88587;6;12;6;1;0;;;8
18;2793;FAROFA CASEIRISSIMA YOKI 200G CEBOLA;MERCEARIA;89025;03/07/2026;165609;88587;12;0;12;0;0;03/07/2026;GABRIELL2;42
18;2785;FAROFA MANDIOCA YOKI 200G C TEMPERO SUAVE;MERCEARIA;89025;03/07/2026;165609;88587;14;0;14;0;0;03/07/2026;GABRIELL2;36
18;2698;KIMILHO YOKI 500G FLOCAO;MERCEARIA;89025;03/07/2026;165609;88587;12;6;12;0;0;03/07/2026;GABRIELL2;3
18;4256;AP PRESTOBARBA ULTRAGRIP 3L CART2UN;PERFUMARIA E LIMPEZA;89025;03/07/2026;165609;88587;1;2;1;1;0;;;9
18;19204;GLIC VEGETAL JAY LUC 100ML;PERFUMARIA E LIMPEZA;89025;03/07/2026;165609;88587;1;3;1;1;0;;;5
18;10310;SILICONE DESTAQUE AERO 400ML GERMAN;PERFUMARIA E LIMPEZA;89025;03/07/2026;165609;88587;12;0;12;0;0;03/07/2026;ELTON;0
18;3628;SAL GROSSO CBS 1KG;MERCEARIA;89025;03/07/2026;165609;88587;15;59;15;0;0;03/07/2026;GABRIELL2;111,39
18;2786;FAROFA MANDIOCA YOKI 200G TRADICIONAL;MERCEARIA;89025;03/07/2026;165609;88587;14;14;14;0;0;03/07/2026;GABRIELL2;61
18;3762;AJI SAL 1KG P CHURRASCO;MERCEARIA;89025;03/07/2026;165609;88587;12;0;12;0;0;03/07/2026;GABRIELL2;43
18;7947;SABON PALMOLIVE NATURALS 150G MELANCIA LICHIA;PERFUMARIA E LIMPEZA;89025;03/07/2026;165609;88587;72;0;72;1;0;;;29
18;784;REFRIG ANTARCTICA GUARANA PET 2L;BEBIDAS;89157;03/07/2026;165907;89164;8;78;40;5;0;03/07/2026;MIKAEL;0
18;1357;CHOC BATON GAROTO 16G LEITE CREME;MERCEARIA;89340;03/07/2026;166326;89970;30;240;60;2;0;07/07/2026;ERICA;79
18;36169;CHOC BARRA NESTLE RECH 90G NEGRESCO;MERCEARIA;89340;03/07/2026;166326;89970;14;560;42;3;0;;;15
18;38005;CHOC KIT KAT MACCHIATO 41 5G;MERCEARIA;89340;03/07/2026;166326;89970;24;2304;120;5;0;;;74
18;38000;CHOC BARRA NESTLE RECH 90G GALAK;MERCEARIA;89340;03/07/2026;166326;89970;14;433;42;3;0;;;31
18;1280;CHOC BARRA GAROTO 80G AO LEITE;MERCEARIA;89340;03/07/2026;166326;89970;16;2224;80;5;0;;;170
18;1289;CHOC BARRA NESTLE 80G PRESTIGIO;MERCEARIA;89340;03/07/2026;166326;89970;16;128;48;3;0;;;52
18;1341;CHOC NEUGEBAUER STIKADINHO 70G MORANGO;MERCEARIA;89340;03/07/2026;166326;89970;12;816;60;5;0;07/07/2026;ERICA;10
18;1348;CHOC BATON GAROTO 16G CREME MOR;MERCEARIA;89340;03/07/2026;166326;89970;30;210;60;2;0;07/07/2026;ERICA;28
18;1296;CHOC BARRA NESTLE 80G GALAK GALAK;MERCEARIA;89340;03/07/2026;166326;89970;16;384;80;5;0;;;282
1;6787;LEITE LV ELEGE 1L ZERO LAC SEMI DES;PERECIVEIS;89497;04/07/2026;166813;89965;12;238;12;0;0;08/07/2026;FERNANDO.H;-63
1;6786;LEITE LV EDGE ELEGE 1L SEMI DESNATADO;PERECIVEIS;89497;04/07/2026;166813;89965;12;0;12;1;1;08/07/2026;FERNANDO.H;15
1;6780;LEITE NINHO UHT TP LEVINHO 1L SEMI DESNATADO;PERECIVEIS;89497;04/07/2026;166813;89965;12;48;12;0;0;08/07/2026;FERNANDO.H;5
1;6791;LEITE UHT PET ELEGE 1L DESNATADO;PERECIVEIS;89497;04/07/2026;166813;89965;6;348;48;0;0;08/07/2026;FERNANDO.H;1
1;648;WHISKY MASTER GOLD VD 900ML;BEBIDAS;89525;04/07/2026;166827;89965;1;85;3;4;0;;;0
1;17309;DESOD ROLLON REXONA 50ML F POWDER;PERFUMARIA E LIMPEZA;89525;04/07/2026;166827;89965;12;300;12;2;0;;;3
1;3415;CREME LEITE ITALAC TP 200G;MERCEARIA;89525;04/07/2026;166827;89965;24;48;24;0;0;08/07/2026;FERNANDO.H;3
1;5269;CR DENTAL ORAL B 123 70G;PERFUMARIA E LIMPEZA;89525;04/07/2026;166827;89965;108;6301;108;1;0;;;381
1;2084;ARROZ BCO REQUINTE TP1 1KG;MERCEARIA;89525;04/07/2026;166827;89965;30;1264;30;1;0;;;3
1;17317;DESOD ROLLON REXONA 50ML XTRA COOL;PERFUMARIA E LIMPEZA;89525;04/07/2026;166827;89965;12;540;24;2;0;;;8
1;2136;ARROZ BCO JATAI TP3 5KG;MERCEARIA;89525;04/07/2026;166827;89965;6;132;6;1;0;;;2
1;3635;SAL MOIDO CBS 1KG;MERCEARIA;89525;04/07/2026;166827;89965;10;2324;10;1;0;;;-2
1;3680;LEITE COND TRIANGULO TP 395G;MERCEARIA;89525;04/07/2026;166827;89965;27;81;27;0;0;08/07/2026;FERNANDO.H;0
1;784;REFRIG ANTARCTICA GUARANA PET 2L;BEBIDAS;89525;04/07/2026;166827;89965;8;78;16;0,25;0,25;08/07/2026;FERNANDO.H;-1
1;23055;SAB LIQ HEDERA RF 370ML AVEIA;PERFUMARIA E LIMPEZA;89525;04/07/2026;166827;89965;12;1;12;1;0;;;1
1;5225;CR DENT COLGATE T ACAO 90G HORTELA;PERFUMARIA E LIMPEZA;89525;04/07/2026;166827;89965;144;0;144;1;0;;;0
1;2378;DUETO FUGINI SH 170G ERVILHA MILHO;MERCEARIA;89525;04/07/2026;166827;89965;36;72;36;0;0;08/07/2026;FERNANDO.H;0
1;986;OLEO SOJA VITALIV PET 900ML;MERCEARIA;89525;04/07/2026;166827;89965;20;140;20;0;0;08/07/2026;FERNANDO.H;75
1;5251;CR DENT CLOSE UP 70G TRIPLE MENTA;PERFUMARIA E LIMPEZA;89525;04/07/2026;166827;89965;72;1809;144;2;0;;;-1
1;23212;SAL MOIDO 5 ESTRELAS 1KG;MERCEARIA;89525;04/07/2026;166827;89965;10;12236;10;1;0;;;1
1;2568;MOLHO TOM CAJAMAR SH 300G TRAD;MERCEARIA;89525;04/07/2026;166827;89965;32;288;32;0;0;08/07/2026;FERNANDO.H;5
1;3842;EXT TOM FUGINI SH 300G;MERCEARIA;89525;04/07/2026;166827;89965;36;36;36;0;0;08/07/2026;FERNANDO.H;11
1;847;REFRIG COCA COLA PET 600ML;BEBIDAS;89525;04/07/2026;166827;89965;12;3516;60;0;0;08/07/2026;FERNANDO.H;31
1;750;ACUCAR CRISTAL GASPARIN 5KG;MERCEARIA;89525;04/07/2026;166827;89965;6;972;18;5;0;;;9
1;2747;FARINHA TRIGO ROSESOL 5KG;MERCEARIA;89525;04/07/2026;166827;89965;5;30;5;2;0;;;0
1;5252;CR DENT CLOSE UP 70G TRIPLE MENTA AMER;PERFUMARIA E LIMPEZA;89525;04/07/2026;166827;89965;72;2532;144;2;0;;;0
1;2295;ERVILHA SERRA URUGUAI PARTIDA 500G;PERECIVEIS;89525;04/07/2026;166827;89965;20;140;40;2;0;;;0
1;17316;DESOD ROLLON REXONA 50ML WOMEN ANT INV;PERFUMARIA E LIMPEZA;89525;04/07/2026;166827;89965;12;324;12;1;0;;;1
1;2394;MILHO VERDE FUGINI SH 170G;MERCEARIA;89525;04/07/2026;166827;89965;36;1402;72;2;2;08/07/2026;FERNANDO.H;0
1;4258;AP PROBAK II LV7 PG5;PERFUMARIA E LIMPEZA;89525;04/07/2026;166827;89965;1;14;1;2;0;;;50
1;860;MAIONESE FUGINI SH 1 7KG;MERCEARIA;89525;04/07/2026;166827;89965;6;6;6;0;0;08/07/2026;FERNANDO.H;5
2;6799;LEITE SANTA CLARA 1L ZERO LACTOSE;PERECIVEIS;89499;04/07/2026;166814;89973;12;48;12;2;0;;;109
2;33833;LEITE UHT TIROL 1L BIO CICLOS;PERECIVEIS;89499;04/07/2026;166814;89973;12;95;12;1;0;;;70
2;6791;LEITE UHT PET ELEGE 1L DESNATADO;PERECIVEIS;89499;04/07/2026;166814;89973;6;348;6;12;0;;;-31
2;6780;LEITE NINHO UHT TP LEVINHO 1L SEMI DESNATADO;PERECIVEIS;89499;04/07/2026;166814;89973;12;48;12;2;0;;;27
2;6790;LEITE UHT NINHO 1L ZERO LACTOSE;PERECIVEIS;89499;04/07/2026;166814;89973;12;12;12;3;0;;;47
2;6787;LEITE LV ELEGE 1L ZERO LAC SEMI DES;PERECIVEIS;89499;04/07/2026;166814;89973;12;238;36;8;0;;;-37
2;20391;MAIONESE LIZA CASEIRA 450G;MERCEARIA;89527;04/07/2026;166828;89973;12;96;12;2;0;;;18
2;2747;FARINHA TRIGO ROSESOL 5KG;MERCEARIA;89527;04/07/2026;166828;89973;5;30;5;3;0;;;11
2;34564;CREME JOAO E MARIA 40G P ASSADURA;PERFUMARIA E LIMPEZA;89527;04/07/2026;166828;89973;1;33;6;6;0;;;1
2;4256;AP PRESTOBARBA ULTRAGRIP 3L CART2UN;PERFUMARIA E LIMPEZA;89527;04/07/2026;166828;89973;1;2;1;2;0;;;0
2;21119;MOLHO TOM TARANTELLA TRAD 1 7KG;MERCEARIA;89527;04/07/2026;166828;89973;6;6;6;2;0;;;0
2;68;AGUA MIN FLORESTA ATIVA SQ 710ML S GAS;BEBIDAS;89527;04/07/2026;166828;89973;12;0;12;1;0;;;7
2;2811;POLENTINA QUAKER 500G;MERCEARIA;89527;04/07/2026;166828;89973;30;840;30;1;0;;;2
2;2101;ARROZ BCO REQUINTE TP1 2KG;MERCEARIA;89527;04/07/2026;166828;89973;15;983;15;6;0;;;-1
2;3431;SOPA GALINHA MAGGI 60G FIDELINI;MERCEARIA;89527;04/07/2026;166828;89973;10;59;10;2;0;07/07/2026;AUGUSTO;19
2;2198;CAFE 3C DRIP SH 10G MATAS DE MINAS;MERCEARIA;89527;04/07/2026;166828;89973;10;20;20;2;0;07/07/2026;AUGUSTO;-26
2;33966;ESTOPA POLIMENTO MIL MILHAS 150G;PERFUMARIA E LIMPEZA;89527;04/07/2026;166828;89973;24;0;24;1;0;;;0
2;52;AGUA MIN FLORESTA PET 5L S GAS;BEBIDAS;89527;04/07/2026;166828;89973;4;28;4;3;0;;;19
2;17313;DESOD ROLLON REXONA 50ML MEN ANTIBAC;PERFUMARIA E LIMPEZA;89527;04/07/2026;166828;89973;12;0;12;1;0;;;15
2;2240;ARROZ PARBO PRATO FINO TP1 5KG;MERCEARIA;89527;04/07/2026;166828;89973;6;12;6;3;0;;;11
2;1445;CHOC NEUGEBAUER STIKADINHO 61 5G;MERCEARIA;89527;04/07/2026;166828;89973;56;14;56;2;0;07/07/2026;AUGUSTO;2
2;3475;TEMP COLORIFICO APTI 100G;MERCEARIA;89527;04/07/2026;166828;89973;50;350;50;1;0;07/07/2026;AUGUSTO;19
2;17309;DESOD ROLLON REXONA 50ML F POWDER;PERFUMARIA E LIMPEZA;89527;04/07/2026;166828;89973;12;300;12;1;0;;;2
2;9857;MASC GOTA DOURADA 500G DESAMARELADOR;PERFUMARIA E LIMPEZA;89527;04/07/2026;166828;89973;12;0;12;2;0;;;0
2;904;REFRIG PEPSI LT 350ML;BEBIDAS;89527;04/07/2026;166828;89973;12;876;12;1;0;;;39
2;2448;SARDINHA NAUTIQUE 125G OLEO;MERCEARIA;89527;04/07/2026;166828;89973;50;12500;50;4;0;;;41
2;2370;ERVILHA ODERICH LT 200G;MERCEARIA;89527;04/07/2026;166828;89973;24;120;24;4;0;;;107
2;2911;ACHOC LIQ ITALAC 200ML;MERCEARIA;89527;04/07/2026;166828;89973;24;56;24;3;0;;;-10
2;2394;MILHO VERDE FUGINI SH 170G;MERCEARIA;89527;04/07/2026;166828;89973;36;1402;252;8;0;;;3
2;964;OLEO LIZA GIRASSOL 900ML;MERCEARIA;89527;04/07/2026;166828;89973;20;20;40;4;0;;;0
2;2227;ARROZ PARBO PRATO FINO TP1 2KG;MERCEARIA;89527;04/07/2026;166828;89973;5;0;5;2;0;;;19
2;2329;FEIJAO PRETO CALDO OURO 500G;MERCEARIA;89527;04/07/2026;166828;89973;10;5455;120;18;0;;;89
2;2136;ARROZ BCO JATAI TP3 5KG;MERCEARIA;89527;04/07/2026;166828;89973;6;132;6;4;0;;;27
2;1986;CAPPUCCINO PRONTO 3C 260ML BALANCE;MERCEARIA;89527;04/07/2026;166828;89973;6;6;6;1;0;07/07/2026;AUGUSTO;7
2;9123;COND GOTA DOURADA FORT CABEL 430ML DESAMARELADOR;PERFUMARIA E LIMPEZA;89527;04/07/2026;166828;89973;12;0;12;1;0;;;0
2;17733;ESC CAB FLORENCE RETAN 600BT;PERFUMARIA E LIMPEZA;89527;04/07/2026;166828;89973;1;2;1;1;0;;;1
2;832;REFRIG SUKITA PET 2L LARANJA;BEBIDAS;89527;04/07/2026;166828;89973;8;537;48;7;0;;;26
2;21125;MOL TOM TRAD VAL SH 300G;MERCEARIA;89527;04/07/2026;166828;89973;36;17783;72;2;0;;;419
2;12237;ACUCAR REFINADO GASPARIN 1KG;MERCEARIA;89527;04/07/2026;166828;89973;10;1161;10;2;0;;;182
2;36101;CHOC BARRA NESTLE ALPINO 80G AO LEITE;MERCEARIA;89527;04/07/2026;166828;89973;64;48;64;1;0;07/07/2026;AUGUSTO;0
2;1280;CHOC BARRA GAROTO 80G AO LEITE;MERCEARIA;89527;04/07/2026;166828;89973;16;2224;48;3;0;07/07/2026;AUGUSTO;23
2;17315;DESOD ROLLON REXONA 50ML V8;PERFUMARIA E LIMPEZA;89527;04/07/2026;166828;89973;12;456;36;0;0;;;0
2;13514;BLO LIXA P UNHA BONITTA;PERFUMARIA E LIMPEZA;89527;04/07/2026;166828;89973;1;1;1;2;0;;;5
2;786;REFRIG ANTARCTICA GUARANA PET 2L ZERO;BEBIDAS;89527;04/07/2026;166828;89973;8;1016;24;6;0;;;8
2;2100;ARROZ BCO SANO OURO T1 2K;MERCEARIA;89527;04/07/2026;166828;89973;15;135;15;2;0;;;14
2;1058;ALFAJOR EL AGUILA 60G CHOC;MERCEARIA;89527;04/07/2026;166828;89973;12;924;12;1;0;07/07/2026;AUGUSTO;-3
2;3512;FERM PO BIOL GOOD INSTANT SH 10G;MERCEARIA;89527;04/07/2026;166828;89973;30;6180;30;5;0;07/07/2026;AUGUSTO;52
2;35687;DESOD CREME SECRET CLEAR COTT 45G GEL;PERFUMARIA E LIMPEZA;89527;04/07/2026;166828;89973;1;0;1;2;0;;;10
2;1893;DROPS FREEGELLS 27 6G MORANGO CHOC;MERCEARIA;89527;04/07/2026;166828;89973;12;276;12;1;0;07/07/2026;AUGUSTO;11
2;3524;FERM QUIMICO PO FLEISCHMANN PT 100G;MERCEARIA;89527;04/07/2026;166828;89973;12;120;12;1;0;07/07/2026;AUGUSTO;27
2;3539;FERM PO QUIMICO GOOD INSTANT SH 11G;MERCEARIA;89527;04/07/2026;166828;89973;50;100;50;2;0;07/07/2026;AUGUSTO;42
2;5845;ESC DENTAL ORAL B INDICAT35 L2P1;PERFUMARIA E LIMPEZA;89527;04/07/2026;166828;89973;1;6;4;5;0;;;5
2;834;REFRIG ANTARCTICA GUARANA PET 3L;BEBIDAS;89527;04/07/2026;166828;89973;4;409;116;33;0;;;199
2;750;ACUCAR CRISTAL GASPARIN 5KG;MERCEARIA;89527;04/07/2026;166828;89973;6;972;66;11;0;;;122
3;6793;LEITE UHT PET ELEGE 1L SEMI DESNATADO;PERECIVEIS;89501;04/07/2026;166815;89966;6;2184;30;9;0;;;55
3;9741;LEITE SANTA CLARA LV SEMI DESN 1L;PERECIVEIS;89501;04/07/2026;166815;89966;12;179;36;5;0;;;242
3;6780;LEITE NINHO UHT TP LEVINHO 1L SEMI DESNATADO;PERECIVEIS;89501;04/07/2026;166815;89966;12;48;24;2;0;;;9
3;6798;LEITE SANTA CLARA 1L SENIOR 50;PERECIVEIS;89501;04/07/2026;166815;89966;12;0;24;2;0;;;101
3;6792;LEITE UHT PET ELEGE 1L INTEGRAL;PERECIVEIS;89501;04/07/2026;166815;89966;6;4261;72;36;0;;;769
3;6784;LEITE UHT TIROL C TAMP 1L SEMI DESN;PERECIVEIS;89501;04/07/2026;166815;89966;12;1972;24;2;0;;;400
3;6791;LEITE UHT PET ELEGE 1L DESNATADO;PERECIVEIS;89501;04/07/2026;166815;89966;6;348;36;9;0;;;65
3;6781;LEITE LV EDGE ELEGE 1L INTEGRAL;PERECIVEIS;89501;04/07/2026;166815;89966;12;204;12;2;0;;;1149
3;5845;ESC DENTAL ORAL B INDICAT35 L2P1;PERFUMARIA E LIMPEZA;89529;04/07/2026;166829;89967;1;6;5;5;0;;;5
3;4174;AMAC CONC FOFO LV500 PG400ML AZUL TUDAO;PERFUMARIA E LIMPEZA;89529;04/07/2026;166829;89967;12;72;12;1;1;07/07/2026;PAMELA;7
3;78;AGUA SABORIZ H2OH PET 500ML LIMAO;BEBIDAS;89529;04/07/2026;166829;89967;12;-24;12;1;0;;;19
3;3871;CERV SKOL BEATS RED LT 269ML MIX;BEBIDAS;89529;04/07/2026;166829;89967;8;0;16;2;0;;;1
3;2911;ACHOC LIQ ITALAC 200ML;MERCEARIA;89529;04/07/2026;166829;89967;24;56;48;2;0;;;3
3;2698;KIMILHO YOKI 500G FLOCAO;MERCEARIA;89529;04/07/2026;166829;89967;12;6;12;1;0;;;24
3;2786;FAROFA MANDIOCA YOKI 200G TRADICIONAL;MERCEARIA;89529;04/07/2026;166829;89967;14;14;14;1;0;;;-8
3;17566;ENERG RED BULL LT 250ML MELAO MARACUJA;BEBIDAS;89529;04/07/2026;166829;89967;4;234;20;0;0;07/07/2026;CAROLINA;1
3;35687;DESOD CREME SECRET CLEAR COTT 45G GEL;PERFUMARIA E LIMPEZA;89529;04/07/2026;166829;89967;1;0;3;3;0;;;13
3;8755;VINHO JOTA PE 1 5L TTO SUAVE;BEBIDAS;89529;04/07/2026;166829;89967;6;18;6;0;0;07/07/2026;CAROLINA;7
3;22654;QUENTAO S ALCOOL 2L;BEBIDAS;89529;04/07/2026;166829;89967;6;36;24;0;0;07/07/2026;CAROLINA;5
3;5419;DESENG GIRANDO SOL 500ML SQUEEZE COZINHA;PERFUMARIA E LIMPEZA;89529;04/07/2026;166829;89967;12;48;48;0;0;07/07/2026;PAMELA;-2
3;2370;ERVILHA ODERICH LT 200G;MERCEARIA;89529;04/07/2026;166829;89967;24;120;24;1;0;;;53
3;3835;EXT TOM FUGINI SH 190G;MERCEARIA;89529;04/07/2026;166829;89967;36;0;36;1;0;;;1
3;964;OLEO LIZA GIRASSOL 900ML;MERCEARIA;89529;04/07/2026;166829;89967;20;20;20;1;0;;;0
3;12452;AMEND BCO BELLA DICA 400G;MERCEARIA;89529;04/07/2026;166829;89967;12;4100;156;13;0;;;57
3;2681;FARINHA MANDIOCA YOKI 500G TORRADA;MERCEARIA;89529;04/07/2026;166829;89967;24;0;24;1;0;;;71
3;1267;CHOC BARRA LACTA 80G AMARO 40 CACAU;MERCEARIA;89529;04/07/2026;166829;89967;17;17;17;0;0;06/07/2026;PAMELA;12
3;3510;FERM BIO PO FLEISCHMANN SH LV 125G PG 100G;MERCEARIA;89529;04/07/2026;166829;89967;16;112;80;0;0;06/07/2026;PAMELA;0
3;4259;AP PRESTOBARBA ULTRA GRIP 2UN;PERFUMARIA E LIMPEZA;89529;04/07/2026;166829;89967;12;972;24;2;0;;;59
3;278;VH QUINTA CARVALHO TINTO 750ML SC;BEBIDAS;89529;04/07/2026;166829;89967;12;1692;108;0;0;07/07/2026;CAROLINA;89
3;533;ENERG RED BULL LT 355ML;BEBIDAS;89529;04/07/2026;166829;89967;4;148;12;0;0;07/07/2026;CAROLINA;9
3;764;REFRIG COCA COLA PET 200ML ZERO;BEBIDAS;89529;04/07/2026;166829;89967;12;3673;312;0;0;07/07/2026;CAROLINA;382
3;3516;FERM PO BIOL GOOD INSTANT SH 125G;MERCEARIA;89529;04/07/2026;166829;89967;12;600;36;0;0;06/07/2026;PAMELA;58
3;3953;AGUA SANIT YPE 1L;PERFUMARIA E LIMPEZA;89529;04/07/2026;166829;89967;12;1248;36;3;3;07/07/2026;PAMELA;57
3;17341;DET LIQ BIO KRISS 500ML NEUTRO;PERFUMARIA E LIMPEZA;89529;04/07/2026;166829;89967;24;12840;96;4;4;07/07/2026;PAMELA;-1
3;113;CERV ORIGINAL1L RETORNAVEL;BEBIDAS;89529;04/07/2026;166829;89967;12;456;12;1;1;07/07/2026;IAGO;26
3;834;REFRIG ANTARCTICA GUARANA PET 3L;BEBIDAS;89529;04/07/2026;166829;89967;4;409;188;47;0;;;399
3;286;CERV SKOL BEATS LN 269ML GIN TONICA;BEBIDAS;89529;04/07/2026;166829;89967;24;24;24;1;0;;;14
3;776;REFRIG PEPSI COLA PET 200ML BLACK;BEBIDAS;89529;04/07/2026;166829;89967;12;1008;84;7;0;;;30
3;2568;MOLHO TOM CAJAMAR SH 300G TRAD;MERCEARIA;89529;04/07/2026;166829;89967;32;288;224;7;0;;;-21
3;6828;AGUA SABORIZ H2OH 500ML LIMONETO;BEBIDAS;89529;04/07/2026;166829;89967;12;0;36;3;0;;;0
3;33511;CERV BRUTAL FRUIT LN 275ML;BEBIDAS;89529;04/07/2026;166829;89967;12;36;12;1;1;07/07/2026;CAROLINA;16
3;7232;OLEO KING 100ML MULTIUSO;PERFUMARIA E LIMPEZA;89529;04/07/2026;166829;89967;6;42;6;1;0;;;23
3;347;CERV PATAGONIA AMBER LT 473ML;BEBIDAS;89529;04/07/2026;166829;89967;6;0;6;0;0;;;14
3;48;AGUA MIN FLORESTA PET 500ML C GAS;BEBIDAS;89529;04/07/2026;166829;89967;12;215;36;0;0;07/07/2026;IAGO;5045
3;762;REFRIG COCA COLA PET 200ML;BEBIDAS;89529;04/07/2026;166829;89967;12;1668;144;0;0;07/07/2026;IAGO;-12
3;118;REFRE PO FRISCO 18G MANGA;BEBIDAS;89529;04/07/2026;166829;89967;180;180;180;0;0;07/07/2026;CAROLINA;-1
3;910;REFRIG SUKITA LT 350 ML;BEBIDAS;89529;04/07/2026;166829;89967;12;71;24;0;0;07/07/2026;CAROLINA;-1
3;33435;BEBIDA NESCAFE PRO ENERGY 270ML CANELA;MERCEARIA;89529;04/07/2026;166829;89967;6;72;12;0;0;07/07/2026;CAROLINA;1
3;33728;VODKA NINNOFF PET 870ML;BEBIDAS;89529;04/07/2026;166829;89967;6;345;36;0;0;07/07/2026;CAROLINA;9
3;15724;CERA LIQ ANDREIA 750ML VERM;PERFUMARIA E LIMPEZA;89529;04/07/2026;166829;89967;12;204;12;0;0;07/07/2026;PAMELA;-9
3;17190;DESINF IMPERIAL 5L LAVANDA;PERFUMARIA E LIMPEZA;89529;04/07/2026;166829;89967;4;23;4;0;0;07/07/2026;PAMELA;0
3;36264;DET LIQ APYCE SUPER ACAO SH 800ML;PERFUMARIA E LIMPEZA;89529;04/07/2026;166829;89967;12;120;48;0;0;07/07/2026;PAMELA;11
3;36245;CHOC BARRA NESTLE RECH 90G PRESTIG;MERCEARIA;89529;04/07/2026;166829;89967;14;28;14;0;0;06/07/2026;PAMELA;5
3;6707;LAVA ROUPA GIRANDO SOL 2L GLICERINA;PERFUMARIA E LIMPEZA;89529;04/07/2026;166829;89967;6;66;6;1;1;07/07/2026;PAMELA;1
3;6683;LAVA ROUPA AQUAFAST 3L MULTIACAO;PERFUMARIA E LIMPEZA;89529;04/07/2026;166829;89967;4;200;16;4;4;07/07/2026;PAMELA;-8
3;5444;DESINF GIRANDO SOL 500ML TALCO;PERFUMARIA E LIMPEZA;89529;04/07/2026;166829;89967;12;108;36;3;3;07/07/2026;PAMELA;-15
3;387;ENERG MONSTER LT 473ML PACIFIC PUNCH;BEBIDAS;89529;04/07/2026;166829;89967;6;0;6;1;0;;;26
3;903;REFRIG PEPSI BLACK LT 350ML;BEBIDAS;89529;04/07/2026;166829;89967;12;2160;672;56;0;;;0
3;2373;GRAO DE BICO JUREIA 400G;MERCEARIA;89529;04/07/2026;166829;89967;6;0;6;1;0;;;-8
3;2750;FARINHA TRIGO PANFACIL 5KG PREMIUM TP1;MERCEARIA;89529;04/07/2026;166829;89967;5;20;5;1;0;;;9
3;2816;FARINHA MILHO 1KG PRE COZIDA PRE COZIDA;MERCEARIA;89529;04/07/2026;166829;89967;12;11;12;1;0;;;6
3;3808;POLVILHO AZEDO CBS 400G;MERCEARIA;89529;04/07/2026;166829;89967;12;2;24;2;0;;;0
3;2424;PIPOCA MICRO KISABOR 100G NATURAL C SAL;MERCEARIA;89529;04/07/2026;166829;89967;36;0;36;1;0;;;0
3;2671;FARINHA MANDIOCA PINDUCA 500G;MERCEARIA;89529;04/07/2026;166829;89967;20;0;20;1;0;;;0
3;3635;SAL MOIDO CBS 1KG;MERCEARIA;89529;04/07/2026;166829;89967;10;2324;50;5;0;;;-152
3;9857;MASC GOTA DOURADA 500G DESAMARELADOR;PERFUMARIA E LIMPEZA;89529;04/07/2026;166829;89967;12;0;12;1;0;;;0
3;212;VH CARTA VIEJA CARMENERE 1L;BEBIDAS;89529;04/07/2026;166829;89967;12;12;12;0;0;07/07/2026;CAROLINA;11
3;728;SUCO GARIBALDI INTEGRAL VD 1 5L UVA UVA BRANCO;BEBIDAS;89529;04/07/2026;166829;89967;6;12;12;0;0;07/07/2026;CAROLINA;11
3;896;REFRIG FANTA LARANJA LT 350ML;BEBIDAS;89529;04/07/2026;166829;89967;6;1225;108;0;0;07/07/2026;CAROLINA;224
3;4219;AMAC YPE 2L TERNURA;PERFUMARIA E LIMPEZA;89529;04/07/2026;166829;89967;6;42;12;0;0;07/07/2026;PAMELA;4
3;17214;DESINF SANOL 2L LAVANDA;PERFUMARIA E LIMPEZA;89529;04/07/2026;166829;89967;6;6;6;0;0;07/07/2026;PAMELA;0
3;6689;LAVA ROUPA ARIEL 700ML CLASSIC REF;PERFUMARIA E LIMPEZA;89529;04/07/2026;166829;89967;10;83;10;0;0;07/07/2026;PAMELA;5
3;3524;FERM QUIMICO PO FLEISCHMANN PT 100G;MERCEARIA;89529;04/07/2026;166829;89967;12;120;48;0;0;06/07/2026;PAMELA;0
3;151;CERV BOHEMIA LT 473ML;BEBIDAS;89529;04/07/2026;166829;89967;12;0;96;8;0;;;2004
3;908;REFRIG SODA LIMONADA LT 350ML;BEBIDAS;89529;04/07/2026;166829;89967;12;72;24;2;0;;;8
3;614;VODKA INTENCION PET 900ML;BEBIDAS;89529;04/07/2026;166829;89967;6;108;12;2;0;;;-2
3;35572;ERVA MATE QUERENCIA AMADA 500G COMPOSTO;MERCEARIA;89529;04/07/2026;166829;89967;10;0;10;1;0;;;2
3;2382;LENTILHA YOKI TP2 400G;MERCEARIA;89529;04/07/2026;166829;89967;16;79;192;12;0;;;13
3;385;AGUARD 51 VD 965ML;BEBIDAS;89529;04/07/2026;166829;89967;12;278;36;3;3;07/07/2026;CAROLINA;18
3;625;VODKA RAJSKA VD 1L;BEBIDAS;89529;04/07/2026;166829;89967;12;132;12;1;1;07/07/2026;CAROLINA;11
3;272;VH MARCUS JAMES MERLOT 750ML;BEBIDAS;89529;04/07/2026;166829;89967;6;24;6;1;1;07/07/2026;CAROLINA;2
3;82;AGUA TONICA ANTARTICA PET 1L;BEBIDAS;89529;04/07/2026;166829;89967;6;0;6;1;1;07/07/2026;CAROLINA;6
3;4256;AP PRESTOBARBA ULTRAGRIP 3L CART2UN;PERFUMARIA E LIMPEZA;89529;04/07/2026;166829;89967;1;2;1;1;0;;;1
3;827;REFRIG PEPSI TWIST PET 2L;BEBIDAS;89529;04/07/2026;166829;89967;8;1760;160;20;0;;;12
3;102;CERV ANTARCTICA SUBZERO GF 1L RETORNAVEL;BEBIDAS;89529;04/07/2026;166829;89967;12;936;12;1;0;;;90
3;2484;KETCHUP ODERICH SH 200G;MERCEARIA;89529;04/07/2026;166829;89967;24;71;24;1;0;;;38
3;2329;FEIJAO PRETO CALDO OURO 500G;MERCEARIA;89529;04/07/2026;166829;89967;10;5455;80;8;0;;;104
3;37265;FAROFA ROCHA 250G BACON;MERCEARIA;89529;04/07/2026;166829;89967;12;59;12;1;0;;;0
3;1838;PAST DOCILE ROLLY MINTY 29G HORTELA;MERCEARIA;89529;04/07/2026;166829;89967;12;252;36;3;3;06/07/2026;PAMELA;20
3;361;CERV PATAGONIA WEISSE LT 473ML;BEBIDAS;89529;04/07/2026;166829;89967;6;12;6;0;0;;;3
3;52;AGUA MIN FLORESTA PET 5L S GAS;BEBIDAS;89529;04/07/2026;166829;89967;4;28;8;0;0;07/07/2026;IAGO;0
3;759;REFRIG ANTARCTICA GUARANA PET 200ML;BEBIDAS;89529;04/07/2026;166829;89967;12;1596;156;0;0;07/07/2026;IAGO;-46
3;602;SUCO DEL VALLE TP 1L ABACAXI;BEBIDAS;89529;04/07/2026;166829;89967;6;6;6;0;0;07/07/2026;CAROLINA;48
3;17173;DESINF GOTA LIMPA 2L FLORAL;PERFUMARIA E LIMPEZA;89529;04/07/2026;166829;89967;6;510;12;0;0;07/07/2026;PAMELA;0
3;633;VODKA TAIGA PREMIUM VD 1L;BEBIDAS;89529;04/07/2026;166829;89967;1;3;1;0;0;06/07/2026;PAMELA;4
3;1271;CHOC BARRA GAROTO 80G CROCANTE;MERCEARIA;89529;04/07/2026;166829;89967;16;272;48;0;0;06/07/2026;PAMELA;-15
3;34287;CHOC BIBS STICKS 29G AVELA;MERCEARIA;89529;04/07/2026;166829;89967;16;0;16;0;0;06/07/2026;PAMELA;-24
3;37471;LIMP VEJA BANHEIRO ANTBAC LAV 500ML;PERFUMARIA E LIMPEZA;89529;04/07/2026;166829;89967;24;24;24;0;0;07/07/2026;PAMELA;0
3;7677;REPELENTE LOCAO OFF 100ML;PERFUMARIA E LIMPEZA;89529;04/07/2026;166829;89967;12;12;12;0;0;07/07/2026;PAMELA;10
3;648;WHISKY MASTER GOLD VD 900ML;BEBIDAS;89529;04/07/2026;166829;89967;1;85;9;0;0;06/07/2026;PAMELA;0
3;3401;BARRA CEREAL RITTER 25G BANANA ZR ACUC;MERCEARIA;89529;04/07/2026;166829;89967;24;48;24;0;0;06/07/2026;PAMELA;9
3;3539;FERM PO QUIMICO GOOD INSTANT SH 11G;MERCEARIA;89529;04/07/2026;166829;89967;50;100;50;0;0;06/07/2026;PAMELA;144
3;6735;LAVA ROUPA SURF 3L CUIDADO COCO;PERFUMARIA E LIMPEZA;89529;04/07/2026;166829;89967;4;8;4;1;1;07/07/2026;PAMELA;7
3;81;AGUA TONICA ANTARCTICA LT 350ML;BEBIDAS;89529;04/07/2026;166829;89967;12;96;12;1;0;;;26
3;451;ENERG BALY LT 473ML TROPICAL;BEBIDAS;89529;04/07/2026;166829;89967;6;72;12;2;0;;;17
3;2448;SARDINHA NAUTIQUE 125G OLEO;MERCEARIA;89529;04/07/2026;166829;89967;50;12500;100;2;0;;;267
3;21119;MOLHO TOM TARANTELLA TRAD 1 7KG;MERCEARIA;89529;04/07/2026;166829;89967;6;6;6;1;0;;;-1
3;68;AGUA MIN FLORESTA ATIVA SQ 710ML S GAS;BEBIDAS;89529;04/07/2026;166829;89967;12;0;12;1;0;;;1
3;2814;POLENTA PERDIZ 500G INST TEMP;MERCEARIA;89529;04/07/2026;166829;89967;12;155;24;2;0;;;-4
3;17309;DESOD ROLLON REXONA 50ML F POWDER;PERFUMARIA E LIMPEZA;89529;04/07/2026;166829;89967;12;300;24;2;0;;;21
3;17315;DESOD ROLLON REXONA 50ML V8;PERFUMARIA E LIMPEZA;89529;04/07/2026;166829;89967;12;456;48;0;0;;;0
3;128;CERV SKOL PILSEN GF 300ML RETORNAVEL;BEBIDAS;89529;04/07/2026;167448;;23;644;23;0;0;;;60
3;25434;VH JP BCO SECO TRAD 1 5L;BEBIDAS;89529;04/07/2026;166829;89967;6;6;6;0;0;07/07/2026;CAROLINA;15
3;9764;LIMP MULTI USO AJAX BQ FLORES 1L LAVANDA;PERFUMARIA E LIMPEZA;89529;04/07/2026;166829;89967;12;24;12;0;0;07/07/2026;PAMELA;21
3;36732;LIMP PERF AQUAFAST 2L FRESCOR MANHA;PERFUMARIA E LIMPEZA;89529;04/07/2026;166829;89967;6;12;6;0;0;07/07/2026;PAMELA;16
3;10202;SABAO BARRA GIRANDO SOL GLIC 5X200G;PERFUMARIA E LIMPEZA;89529;04/07/2026;166829;89967;10;29;30;2;2;07/07/2026;PAMELA;29
3;4115;ALVEJ GIRANDO SOL 2L S CLORO;PERFUMARIA E LIMPEZA;89529;04/07/2026;166829;89967;6;188;12;0;0;07/07/2026;PAMELA;1
3;5668;DETERG FINISH 450G TAB POWER;PERFUMARIA E LIMPEZA;89529;04/07/2026;166829;89967;12;12;12;0;0;07/07/2026;PAMELA;-3
3;3512;FERM PO BIOL GOOD INSTANT SH 10G;MERCEARIA;89529;04/07/2026;166829;89967;30;6180;150;0;0;06/07/2026;PAMELA;214
3;6938;LIMP VIDRO AQUAFAST 500ML BORRIFAD;PERFUMARIA E LIMPEZA;89529;04/07/2026;166829;89967;12;0;12;1;1;07/07/2026;PAMELA;21
3;904;REFRIG PEPSI LT 350ML;BEBIDAS;89529;04/07/2026;166829;89967;12;876;312;26;0;;;104
3;14;AGUA SABORIZ H2OH PET 1 5L LIMAO;BEBIDAS;89529;04/07/2026;166829;89967;6;0;6;1;0;;;30
3;539;GATORADE 500ML LARANJA;BEBIDAS;89529;04/07/2026;166829;89967;6;84;24;4;0;;;3
3;438;COQUETEL PATRICIA DO SUL VD 790ML;BEBIDAS;89529;04/07/2026;166829;89967;12;2028;12;1;0;;;63
3;237;CERV BUDWEISER LN 330ML;BEBIDAS;89529;04/07/2026;166829;89967;24;1320;48;2;0;;;16
3;986;OLEO SOJA VITALIV PET 900ML;MERCEARIA;89529;04/07/2026;166829;89967;20;140;80;4;0;;;150
3;34587;SAL GROSSO SOUTO 1KG;MERCEARIA;89529;04/07/2026;166829;89967;30;3;90;3;0;;;5
3;2704;FARINHA TAPIOCA PINDUCA 500G;MERCEARIA;89529;04/07/2026;166829;89967;20;0;20;1;0;;;1
3;1058;ALFAJOR EL AGUILA 60G CHOC;MERCEARIA;89529;04/07/2026;166829;89967;12;924;60;5;5;06/07/2026;PAMELA;1
3;9123;COND GOTA DOURADA FORT CABEL 430ML DESAMARELADOR;PERFUMARIA E LIMPEZA;89529;04/07/2026;166829;89967;12;0;12;1;0;;;0
3;35782;CERV ANTARCTICA PILSEN 1L;BEBIDAS;89529;04/07/2026;166829;89967;12;612;12;0;0;07/07/2026;IAGO;42
3;279;VH QUINTA CARVALHO TINTO 750ML SV;BEBIDAS;89529;04/07/2026;166829;89967;12;5436;192;0;0;07/07/2026;CAROLINA;0
3;292;VH SAINT GERMAIN BLEND SV 750ML;BEBIDAS;89529;04/07/2026;166829;89967;6;6;6;0;0;07/07/2026;CAROLINA;15
3;591;GIN ROCKS VD 1L SICILIAN LEMON;BEBIDAS;89529;04/07/2026;166829;89967;6;6;6;0;0;07/07/2026;CAROLINA;6
3;702;SUCO NECTAR CBS TP 200ML MORANGO;BEBIDAS;89529;04/07/2026;166829;89967;24;24;24;0;0;07/07/2026;CAROLINA;37
3;781;REFRIG SUKITA PET 200ML;BEBIDAS;89529;04/07/2026;166829;89967;12;252;96;8;8;07/07/2026;CAROLINA;0
3;424;AGUARD VELHO BARREIRO VD 910ML ADOCADO;BEBIDAS;89529;04/07/2026;166829;89967;12;24;24;0;0;07/07/2026;CAROLINA;17
3;24382;SIDRA GOTA PRATA S ALCO 660ML ROSE;BEBIDAS;89529;04/07/2026;166829;89967;12;48;24;0;0;07/07/2026;CAROLINA;2
3;33285;AMACIANTE APYCE 2L JASMIM ROSA;PERFUMARIA E LIMPEZA;89529;04/07/2026;166829;89967;6;30;12;0;0;07/07/2026;PAMELA;46
3;6704;LAVA ROUPA GIRANDO SOL 2L ACAO TTAL;PERFUMARIA E LIMPEZA;89529;04/07/2026;166829;89967;6;96;12;2;2;07/07/2026;PAMELA;2
3;843;REFRIG ANTARCTICA PET 600ML GUARANA DIET;BEBIDAS;89529;04/07/2026;166829;89967;12;612;24;2;0;;;1
3;373;REFRE FRUKITO PET 500ML FRUTAS CITRICAS;BEBIDAS;89529;04/07/2026;166829;89967;12;0;12;1;0;;;0
4;48;AGUA MIN FLORESTA PET 500ML C GAS;BEBIDAS;89531;04/07/2026;166830;89963;12;215;36;0;0;07/07/2026;ALEXSANDRO;-75
4;2140;ARROZ BCO SANO TP1 5KG;MERCEARIA;89531;04/07/2026;166830;89963;6;1106;12;5;5;07/07/2026;ALEXSANDRO;2
4;776;REFRIG PEPSI COLA PET 200ML BLACK;BEBIDAS;89531;04/07/2026;166830;89963;12;1008;36;3;0;;;24
4;3512;FERM PO BIOL GOOD INSTANT SH 10G;MERCEARIA;89531;04/07/2026;166830;89963;30;6180;30;5;5;07/07/2026;MONIQUE;81
4;5235;CR DEN ORAL B 70G 3D WHIT BRI FRESH;PERFUMARIA E LIMPEZA;89531;04/07/2026;166830;89963;6;420;18;3;0;;;0
4;2060;ARROZ BCO SABOROSO T1 1K;MERCEARIA;89531;04/07/2026;166830;89963;30;2730;30;1;1;07/07/2026;ALEXSANDRO;52
4;2084;ARROZ BCO REQUINTE TP1 1KG;MERCEARIA;89531;04/07/2026;166830;89963;30;1264;30;0;0;07/07/2026;ALEXSANDRO;-15
4;2811;POLENTINA QUAKER 500G;MERCEARIA;89531;04/07/2026;166830;89963;30;840;60;2;0;;;1
4;1269;CHOC BARRA LACTA 80G LAKA;MERCEARIA;89531;04/07/2026;166830;89963;17;68;17;0;0;07/07/2026;MONIQUE;-2
4;1058;ALFAJOR EL AGUILA 60G CHOC;MERCEARIA;89531;04/07/2026;166830;89963;12;924;36;3;3;07/07/2026;MONIQUE;0
4;1623;BISC LANCHE BAUDUCCO 30G MAXI GOIABINHA;MERCEARIA;89531;04/07/2026;166830;89963;20;0;20;1;1;07/07/2026;MONIQUE;23
4;23021;SAB LIQ BELEZA AMAZONIA 370ML ERV DOCE;PERFUMARIA E LIMPEZA;89531;04/07/2026;166830;89963;12;12;12;1;0;;;19
4;17294;DESOD ROLLON DOVE 50ML ROMA VERBENA;PERFUMARIA E LIMPEZA;89531;04/07/2026;166830;89963;12;3;12;2;0;;;8
4;2215;ARROZ PARBO SABOROSO TP1 1KG;MERCEARIA;89531;04/07/2026;166830;89963;30;3120;30;1;1;07/07/2026;ALEXSANDRO;21
4;50;AGUA MIN DA PEDRA PET 5L S GAS;BEBIDAS;89531;04/07/2026;166830;89963;4;424;12;3;0;;;13
4;840;REFRIG PEPSI PET 3L;BEBIDAS;89531;04/07/2026;166830;89963;4;352;20;5;0;;;32
4;1267;CHOC BARRA LACTA 80G AMARO 40 CACAU;MERCEARIA;89531;04/07/2026;166830;89963;17;17;17;0;0;07/07/2026;MONIQUE;0
4;5302;CR PENT SEDA 300ML CACH DEFINIDOS;PERFUMARIA E LIMPEZA;89531;04/07/2026;166830;89963;12;24;12;1;0;;;0
4;8288;SH PANTENE 175ML EQUIL ALGA MAR;PERFUMARIA E LIMPEZA;89531;04/07/2026;166830;89963;6;18;6;1;0;;;6
4;746;ACUCAR CRISTAL GASPARIN 1KG;MERCEARIA;89531;04/07/2026;166830;89963;10;4640;10;1;1;07/07/2026;ALEXSANDRO;21
4;2351;FEIJAO PRETO CALDO OURO 1KG;MERCEARIA;89531;04/07/2026;166830;89963;10;15880;20;2;2;07/07/2026;ALEXSANDRO;416
4;734;REFRIG COCA COLA LT 220ML;BEBIDAS;89531;04/07/2026;166830;89963;6;0;6;0;0;;;136
4;843;REFRIG ANTARCTICA PET 600ML GUARANA DIET;BEBIDAS;89531;04/07/2026;166830;89963;12;612;36;5;0;;;1
4;2329;FEIJAO PRETO CALDO OURO 500G;MERCEARIA;89531;04/07/2026;166830;89963;10;5455;30;5;0;;;110
4;1282;CHOC BARRA LACTA AO LEITE 80G;MERCEARIA;89531;04/07/2026;166830;89963;17;85;17;0;0;07/07/2026;MONIQUE;35
4;20008;LC HID MAIS 500ML AMENDOAS;PERFUMARIA E LIMPEZA;89531;04/07/2026;166830;89963;12;0;12;1;0;;;0
4;2161;ARROZ BCO ALEGRETE TP1 5KG;MERCEARIA;89531;04/07/2026;166830;89963;6;516;24;0;0;07/07/2026;ALEXSANDRO;14
4;12237;ACUCAR REFINADO GASPARIN 1KG;MERCEARIA;89531;04/07/2026;166830;89963;10;1161;60;7;0;;;106
4;3539;FERM PO QUIMICO GOOD INSTANT SH 11G;MERCEARIA;89531;04/07/2026;166830;89963;50;100;50;1;1;07/07/2026;MONIQUE;0
4;3542;MELHORADOR FLEISCHMANN SH 10G PAO CERTO;MERCEARIA;89531;04/07/2026;166830;89963;32;32;32;1;1;07/07/2026;MONIQUE;32
4;5252;CR DENT CLOSE UP 70G TRIPLE MENTA AMER;PERFUMARIA E LIMPEZA;89531;04/07/2026;166830;89963;72;2532;144;2;0;;;1
4;17309;DESOD ROLLON REXONA 50ML F POWDER;PERFUMARIA E LIMPEZA;89531;04/07/2026;166830;89963;12;300;12;1;0;;;17
4;750;ACUCAR CRISTAL GASPARIN 5KG;MERCEARIA;89531;04/07/2026;166830;89963;6;972;18;4;4;07/07/2026;ALEXSANDRO;-1
4;547;GATORADE 500ML TANGERINA;BEBIDAS;89531;04/07/2026;166830;89963;6;114;6;1;0;;;5
4;3871;CERV SKOL BEATS RED LT 269ML MIX;BEBIDAS;89531;04/07/2026;166830;89963;8;0;8;2;0;;;0
4;3516;FERM PO BIOL GOOD INSTANT SH 125G;MERCEARIA;89531;04/07/2026;166830;89963;12;600;12;1;1;07/07/2026;MONIQUE;13
4;24643;TCO P PES AMAZONIA 100G MENTOLADO;PERFUMARIA E LIMPEZA;89531;04/07/2026;166830;89963;48;0;48;1;0;;;15
4;35127;TOALHA UMED BEBE LIMPINHO C45;PERFUMARIA E LIMPEZA;89531;04/07/2026;166830;89963;24;0;24;1;0;;;26
4;6959;LIQUIDO NUGGET 60ML PROMO PRETO;PERFUMARIA E LIMPEZA;89531;04/07/2026;166830;89963;12;0;12;1;0;;;24
4;6228;GEL DENT SORRISO FRESH 90G XTRA MINT;PERFUMARIA E LIMPEZA;89531;04/07/2026;166830;89963;12;0;12;1;0;;;7
4;17315;DESOD ROLLON REXONA 50ML V8;PERFUMARIA E LIMPEZA;89531;04/07/2026;166830;89963;12;456;12;0;0;;;11
4;2118;ARROZ BCO SABOROSO T1 2K;MERCEARIA;89531;04/07/2026;166830;89963;15;150;15;2;2;07/07/2026;ALEXSANDRO;-6
4;2749;FARINHA TRIGO MARIA INES 5KG;MERCEARIA;89531;04/07/2026;166830;89963;5;375;15;3;3;07/07/2026;ALEXSANDRO;10
4;2510;ERVA MATE PONCHE VERDE 500G TRAD;MERCEARIA;89531;04/07/2026;166830;89963;20;0;20;0;0;07/07/2026;ALEXSANDRO;4
4;824;REFRIG PEPSI PET 2L BLACK;BEBIDAS;89531;04/07/2026;166830;89963;8;520;64;8;8;07/07/2026;ALEXSANDRO;0
4;336;CHA ICE TEA LEAO PET 1 5L LIMAO;BEBIDAS;89531;04/07/2026;166830;89963;6;0;6;1;0;;;19
4;52;AGUA MIN FLORESTA PET 5L S GAS;BEBIDAS;89531;04/07/2026;166830;89963;4;28;8;0;0;07/07/2026;ALEXSANDRO;0
4;852;REFRIG FANTA LARANJA PET 600ML;BEBIDAS;89531;04/07/2026;166830;89963;6;257;12;2;0;;;75
4;2814;POLENTA PERDIZ 500G INST TEMP;MERCEARIA;89531;04/07/2026;166830;89963;12;155;24;2;0;;;1
4;3510;FERM BIO PO FLEISCHMANN SH LV 125G PG 100G;MERCEARIA;89531;04/07/2026;166830;89963;16;112;16;2;2;07/07/2026;MONIQUE;1
4;8966;CARVAO CHAMA CAMPEIRA 5KG;NAO ALIMENTO;89531;04/07/2026;166830;89963;1;462;10;0;0;07/07/2026;ALEXSANDRO;11
5;6848;LIMP ALCOOL SUPER VALE 1L BICABORN;PERFUMARIA E LIMPEZA;89533;04/07/2026;166831;89968;12;504;12;1;1;08/07/2026;MURILO;8
5;20008;LC HID MAIS 500ML AMENDOAS;PERFUMARIA E LIMPEZA;89533;04/07/2026;166831;89968;12;0;12;1;0;;;0
5;4348;TALCO BARUEL TENYS PE 100G PO WOMAN;PERFUMARIA E LIMPEZA;89533;04/07/2026;166831;89968;12;0;12;1;0;;;23
5;20010;LC HID MAIS 500ML PERFUME BEBE;PERFUMARIA E LIMPEZA;89533;04/07/2026;166831;89968;12;0;12;1;0;;;0
5;6130;FRALDA DESC LOOMPIG JUMBINHO G 14 UN;PERFUMARIA E LIMPEZA;89533;04/07/2026;166831;89968;8;8;8;0;0;08/07/2026;MURILO;0
5;19372;INSET NITROCID PO 50G;PERFUMARIA E LIMPEZA;89533;04/07/2026;166831;89968;1;6;1;0;0;08/07/2026;MURILO;0
5;1276;CHOC BARRA GAROTO 80G MEIO AMARGO;MERCEARIA;89533;04/07/2026;166831;89968;16;80;16;0;0;07/07/2026;ERICA;53
5;5313;CR PENT SEDA 300ML PRETO LUMINOSO;PERFUMARIA E LIMPEZA;89533;04/07/2026;166831;89968;12;24;12;1;0;;;46
5;2348;FEIJAO PRETO ARBAZA TP1 1KG;MERCEARIA;89533;04/07/2026;166831;89968;30;6362;30;3;0;;;26
5;23021;SAB LIQ BELEZA AMAZONIA 370ML ERV DOCE;PERFUMARIA E LIMPEZA;89533;04/07/2026;166831;89968;12;12;12;2;0;;;11
5;5317;CR PENT SEDA 350ML BOOM DEFINICAO INTEN;PERFUMARIA E LIMPEZA;89533;04/07/2026;166831;89968;12;48;12;1;0;;;3
5;5252;CR DENT CLOSE UP 70G TRIPLE MENTA AMER;PERFUMARIA E LIMPEZA;89533;04/07/2026;166831;89968;72;2532;72;1;0;;;74
5;413;AGUARD KIKANA PET 790ML;BEBIDAS;89533;04/07/2026;166831;89968;12;1380;36;0;0;07/07/2026;IAGO;6
5;5671;DETERG GIRANDO SOL 500ML COCO;PERFUMARIA E LIMPEZA;89533;04/07/2026;166831;89968;24;48;24;0;0;08/07/2026;MURILO;-24
5;1269;CHOC BARRA LACTA 80G LAKA;MERCEARIA;89533;04/07/2026;166831;89968;17;68;17;0;0;07/07/2026;ERICA;6
5;3400;BARRA CEREAL RITTER 25G BAN AVEIA MEL;MERCEARIA;89533;04/07/2026;166831;89968;24;120;24;0;0;07/07/2026;ERICA;50
5;12289;AGUA SANIT IMPERIAL 1L;PERFUMARIA E LIMPEZA;89533;04/07/2026;166831;89968;12;0;12;1;0;;;12
5;5513;DESOD AERO AXE BS 150ML 96G DARK TEMPTATION;PERFUMARIA E LIMPEZA;89533;04/07/2026;166831;89968;12;1020;24;2;0;;;0
5;750;ACUCAR CRISTAL GASPARIN 5KG;MERCEARIA;89533;04/07/2026;166831;89968;6;972;24;6;0;;;-16
5;2722;FARINHA TRIGO PANFACIL TP1 1KG;MERCEARIA;89533;04/07/2026;166831;89968;10;2000;10;2;0;;;30
5;3516;FERM PO BIOL GOOD INSTANT SH 125G;MERCEARIA;89533;04/07/2026;166831;89968;12;600;12;1;1;07/07/2026;ERICA;8
5;5064;COND SEDA 325ML CACHOS DEFINIDO;PERFUMARIA E LIMPEZA;89533;04/07/2026;166831;89968;12;36;36;4;0;;;4
5;33458;AMACIANTE APYCE 2L TRAD AZ;PERFUMARIA E LIMPEZA;89533;04/07/2026;166831;89968;6;354;12;4;4;08/07/2026;MURILO;16
5;8791;ABS MILI NOTURNO C ABAS 8UN;PERFUMARIA E LIMPEZA;89533;04/07/2026;166831;89968;36;0;36;1;0;;;158
5;7927;SABONETE LUX 85G LAVANDA;PERFUMARIA E LIMPEZA;89533;04/07/2026;166831;89968;108;1188;108;1;0;;;0
5;3512;FERM PO BIOL GOOD INSTANT SH 10G;MERCEARIA;89533;04/07/2026;166831;89968;30;6180;90;5;5;07/07/2026;ERICA;26
5;23022;SAB LIQ BELEZA AMAZONIA 370ML FLORES CAMPO;PERFUMARIA E LIMPEZA;89533;04/07/2026;166831;89968;12;12;12;1;0;;;15
5;734;REFRIG COCA COLA LT 220ML;BEBIDAS;89533;04/07/2026;166831;89968;6;0;6;0;0;;;15
5;34306;REFRIG COCA COLA PET 1L;BEBIDAS;89533;04/07/2026;166831;89968;6;30;6;0;0;07/07/2026;IAGO;14
5;5510;DESOD AERO AXE 152ML 90G MUSK;PERFUMARIA E LIMPEZA;89533;04/07/2026;166831;89968;12;948;36;3;0;;;-1
5;5057;COND SEDA 300ML LUMINOUS UV;PERFUMARIA E LIMPEZA;89533;04/07/2026;166831;89968;12;0;24;3;0;;;14
5;4247;AP PRESTOBARBA 3 2UN SENSE CARE;PERFUMARIA E LIMPEZA;89533;04/07/2026;166831;89968;12;132;72;6;0;;;40
5;17315;DESOD ROLLON REXONA 50ML V8;PERFUMARIA E LIMPEZA;89533;04/07/2026;166831;89968;12;456;36;0;0;;;0
5;3539;FERM PO QUIMICO GOOD INSTANT SH 11G;MERCEARIA;89533;04/07/2026;166831;89968;50;100;50;1;1;07/07/2026;ERICA;82
5;17313;DESOD ROLLON REXONA 50ML MEN ANTIBAC;PERFUMARIA E LIMPEZA;89533;04/07/2026;166831;89968;12;0;12;1;0;;;1
5;687;ESP GARIBALDI PRIMICIAS GF 660ML ROSE;BEBIDAS;89533;04/07/2026;166831;89968;1;19;1;0;0;07/07/2026;ERICA;14
5;3966;ALCOOL GEL 70 SUPER VALE 450G;PERFUMARIA E LIMPEZA;89533;04/07/2026;166831;89968;12;572;12;1;1;08/07/2026;MURILO;11
5;15738;CERA PASTA ANDREIA 400G INCOLOR;PERFUMARIA E LIMPEZA;89533;04/07/2026;166831;89968;12;24;12;1;1;08/07/2026;MURILO;14
5;5251;CR DENT CLOSE UP 70G TRIPLE MENTA;PERFUMARIA E LIMPEZA;89533;04/07/2026;166831;89968;72;1809;144;2;0;;;-1
5;5309;CR PENT SEDA 300ML LUMINOUS UV;PERFUMARIA E LIMPEZA;89533;04/07/2026;166831;89968;12;12;24;2;0;;;14
5;22697;RAC CBS GATO PEIXE CAR 500G;PRODUTOS PET;89533;04/07/2026;166831;89968;10;90;20;0;0;07/07/2026;JESSICA;2
5;24994;TOAL UMED HUPPY L100P80;PERFUMARIA E LIMPEZA;89533;04/07/2026;166831;89968;12;3840;12;2;2;08/07/2026;MURILO;1
5;840;REFRIG PEPSI PET 3L;BEBIDAS;89533;04/07/2026;166831;89968;4;352;40;10;10;07/07/2026;IAGO;0
5;7930;SABONETE LUX 85G ROSAS FRANCESAS;PERFUMARIA E LIMPEZA;89533;04/07/2026;166831;89968;108;1110;216;2;0;;;26
5;7928;SABONETE LUX 85G LIRIO AZUL;PERFUMARIA E LIMPEZA;89533;04/07/2026;166831;89968;108;0;216;2;0;;;11
5;24643;TCO P PES AMAZONIA 100G MENTOLADO;PERFUMARIA E LIMPEZA;89533;04/07/2026;166831;89968;48;0;48;1;0;;;4
5;17294;DESOD ROLLON DOVE 50ML ROMA VERBENA;PERFUMARIA E LIMPEZA;89533;04/07/2026;166831;89968;12;3;12;2;0;;;4
5;17309;DESOD ROLLON REXONA 50ML F POWDER;PERFUMARIA E LIMPEZA;89533;04/07/2026;166831;89968;12;300;12;2;0;;;3
5;17158;DESINF APYCE 2L PINHO;PERFUMARIA E LIMPEZA;89533;04/07/2026;166831;89968;6;66;18;3;0;;;5
6;9756;LEITE TIROL INTEGRAL ZR LACTOSE 1L;PERECIVEIS;89507;04/07/2026;166818;89972;12;0;12;8;0;;;233
6;6781;LEITE LV EDGE ELEGE 1L INTEGRAL;PERECIVEIS;89507;04/07/2026;166818;89972;12;204;36;6;0;;;104
6;6791;LEITE UHT PET ELEGE 1L DESNATADO;PERECIVEIS;89507;04/07/2026;166818;89972;6;348;18;3;0;;;26
6;6799;LEITE SANTA CLARA 1L ZERO LACTOSE;PERECIVEIS;89507;04/07/2026;166818;89972;12;48;12;2;0;;;6
6;6787;LEITE LV ELEGE 1L ZERO LAC SEMI DES;PERECIVEIS;89507;04/07/2026;166818;89972;12;238;12;4;0;;;-42
6;6792;LEITE UHT PET ELEGE 1L INTEGRAL;PERECIVEIS;89507;04/07/2026;166818;89972;6;4261;24;8;0;;;50
6;6784;LEITE UHT TIROL C TAMP 1L SEMI DESN;PERECIVEIS;89507;04/07/2026;166818;89972;12;1972;36;3;0;;;174
6;6786;LEITE LV EDGE ELEGE 1L SEMI DESNATADO;PERECIVEIS;89507;04/07/2026;166818;89972;12;0;12;2;0;;;61
6;17309;DESOD ROLLON REXONA 50ML F POWDER;PERFUMARIA E LIMPEZA;89535;04/07/2026;166832;89972;12;300;12;1;0;;;10
6;5032;COND PANTENE 175ML RESTAUR PROFUND;PERFUMARIA E LIMPEZA;89535;04/07/2026;166832;89972;6;12;6;1;0;;;8
6;17315;DESOD ROLLON REXONA 50ML V8;PERFUMARIA E LIMPEZA;89535;04/07/2026;166832;89972;12;456;36;0;0;;;0
6;7825;SABAO PO GIRANDO SOL 400G AZUL;PERFUMARIA E LIMPEZA;89535;04/07/2026;166832;89972;30;0;30;1;0;07/07/2026;ALEXANDRE;70
6;17317;DESOD ROLLON REXONA 50ML XTRA COOL;PERFUMARIA E LIMPEZA;89535;04/07/2026;166832;89972;12;540;12;1;0;;;-1
6;20008;LC HID MAIS 500ML AMENDOAS;PERFUMARIA E LIMPEZA;89535;04/07/2026;166832;89972;12;0;12;1;0;;;0
6;7835;DET PO GOTA LIMPA 800G EQUILIBRIO;PERFUMARIA E LIMPEZA;89535;04/07/2026;166832;89972;20;140;40;4;0;07/07/2026;ALEXANDRE;22
6;35126;DET PO APYCE MULT SH 800G ROSA;PERFUMARIA E LIMPEZA;89535;04/07/2026;166832;89972;25;422;25;3;0;07/07/2026;ALEXANDRE;-2
6;7851;SABAO PO OMO 800G LAV PERFEITA;PERFUMARIA E LIMPEZA;89535;04/07/2026;166832;89972;20;6982;20;1;0;07/07/2026;ALEXANDRE;6
6;17328;DET LIQ AQUAFAST NEUTRO 5L;PERFUMARIA E LIMPEZA;89535;04/07/2026;166832;89972;4;96;12;3;0;07/07/2026;ALEXANDRE;-2
6;12396;AMACIANTE AQUAFAST 5L ENER;PERFUMARIA E LIMPEZA;89535;04/07/2026;166832;89972;4;24;8;2;0;07/07/2026;ALEXANDRE;1
6;4112;ALVEJ GIRANDO SOL 1L FLORAL;PERFUMARIA E LIMPEZA;89535;04/07/2026;166832;89972;12;24;24;2;0;;;0
6;33458;AMACIANTE APYCE 2L TRAD AZ;PERFUMARIA E LIMPEZA;89535;04/07/2026;166832;89972;6;354;6;3;0;;;1
6;18748;FRALDA DESC FERINHA JUMBINHO C 18 M;PERFUMARIA E LIMPEZA;89535;04/07/2026;166832;89972;12;0;12;2;0;;;0
6;3415;CREME LEITE ITALAC TP 200G;MERCEARIA;89535;04/07/2026;166832;89972;24;48;24;2;0;;;176
6;2841;MAIONESE HELLMANNS SH 400G;MERCEARIA;89535;04/07/2026;166832;89972;12;180;72;8;0;;;-48
6;6828;AGUA SABORIZ H2OH 500ML LIMONETO;BEBIDAS;89535;04/07/2026;166832;89972;12;0;48;4;0;;;14
6;3512;FERM PO BIOL GOOD INSTANT SH 10G;MERCEARIA;89535;04/07/2026;166832;89972;30;6180;90;17;17;07/07/2026;ERICA;-28
6;37737;LIMP PERF UAU CHA BRANCO 500ML;PERFUMARIA E LIMPEZA;89535;04/07/2026;166832;89972;24;116;48;2;0;;;0
6;20010;LC HID MAIS 500ML PERFUME BEBE;PERFUMARIA E LIMPEZA;89535;04/07/2026;166832;89972;12;0;12;1;0;;;0
6;17733;ESC CAB FLORENCE RETAN 600BT;PERFUMARIA E LIMPEZA;89535;04/07/2026;166832;89972;1;2;1;1;0;;;4
6;5254;CR DENTAL CLOSE UP 100G LIQUIFRESH RED HOT;PERFUMARIA E LIMPEZA;89535;04/07/2026;166832;89972;12;-24;12;1;0;;;27
6;48;AGUA MIN FLORESTA PET 500ML C GAS;BEBIDAS;89535;04/07/2026;166832;89972;12;215;36;0;0;08/07/2026;FERNANDO.H;1948
6;1986;CAPPUCCINO PRONTO 3C 260ML BALANCE;MERCEARIA;89535;04/07/2026;166832;89972;6;6;6;0;0;07/07/2026;ERICA;9
6;3802;PO P SORVETE APTI 120G ABACAXI;MERCEARIA;89535;04/07/2026;166832;89972;12;12;12;0;0;07/07/2026;ERICA;41
6;12290;AGUA SANIT IMPERIAL 2L;PERFUMARIA E LIMPEZA;89535;04/07/2026;166832;89972;6;54;6;2;0;07/07/2026;ALEXANDRE;0
6;12411;AMACIANTE GIRANDO SOL 500ML COCO;PERFUMARIA E LIMPEZA;89535;04/07/2026;166832;89972;12;144;12;1;0;;;5
6;759;REFRIG ANTARCTICA GUARANA PET 200ML;BEBIDAS;89535;04/07/2026;166832;89972;12;1596;96;8;8;08/07/2026;FERNANDO.H;-5
6;824;REFRIG PEPSI PET 2L BLACK;BEBIDAS;89535;04/07/2026;166832;89972;8;520;288;36;0;;;35
6;2811;POLENTINA QUAKER 500G;MERCEARIA;89535;04/07/2026;166832;89972;30;840;30;1;0;;;6
6;34564;CREME JOAO E MARIA 40G P ASSADURA;PERFUMARIA E LIMPEZA;89535;04/07/2026;166832;89972;1;33;1;1;0;;;0
6;4259;AP PRESTOBARBA ULTRA GRIP 2UN;PERFUMARIA E LIMPEZA;89535;04/07/2026;166832;89972;12;972;12;1;0;;;4
6;633;VODKA TAIGA PREMIUM VD 1L;BEBIDAS;89535;04/07/2026;166832;89972;1;3;1;0;0;07/07/2026;ERICA;10
6;7826;SABAO PO GIRANDO SOL 4KG AZUL;PERFUMARIA E LIMPEZA;89535;04/07/2026;166832;89972;5;135;10;2;0;07/07/2026;ALEXANDRE;-3
6;5679;DET LIQ GOTA LIMPA 500ML LIMAO;PERFUMARIA E LIMPEZA;89535;04/07/2026;166832;89972;24;456;24;2;0;;;2
6;17340;DET LIQ BIO KRISS 500ML CLEAR;PERFUMARIA E LIMPEZA;89535;04/07/2026;166832;89972;24;11136;120;8;0;;;21
6;17025;CURATIVO COTTONBABY 10UN TRAD;PERFUMARIA E LIMPEZA;89535;04/07/2026;166832;89972;36;0;36;1;0;;;53
6;3431;SOPA GALINHA MAGGI 60G FIDELINI;MERCEARIA;89535;04/07/2026;166832;89972;10;59;10;0;0;07/07/2026;ERICA;11
6;7862;SABAO PO SURF 800G ROSA E FLOR LIS;PERFUMARIA E LIMPEZA;89535;04/07/2026;166832;89972;16;0;16;2;0;07/07/2026;ALEXANDRE;-6
6;33423;DET PO AQUAFAST FLORES BAUNILH 800G;PERFUMARIA E LIMPEZA;89535;04/07/2026;166832;89972;20;457;20;1;0;07/07/2026;ALEXANDRE;4
6;17393;DET PO ASSIM 800G MICELAR FLORAL;PERFUMARIA E LIMPEZA;89535;04/07/2026;166832;89972;20;2620;60;4;0;07/07/2026;ALEXANDRE;2
6;37429;AGUA SANITARIA SUPREMA 5 L;PERFUMARIA E LIMPEZA;89535;04/07/2026;166832;89972;3;48;6;4;0;07/07/2026;ALEXANDRE;9
6;4212;AMAC GOTA LIMPA 5L DELICATA;PERFUMARIA E LIMPEZA;89535;04/07/2026;166832;89972;4;160;4;1;0;07/07/2026;ALEXANDRE;1
6;20391;MAIONESE LIZA CASEIRA 450G;MERCEARIA;89535;04/07/2026;166832;89972;12;96;12;2;0;;;-8
6;2782;MAIONESE LIZA SH 400G CASEIRA;MERCEARIA;89535;04/07/2026;166832;89972;12;5556;48;5;0;;;-24
6;2227;ARROZ PARBO PRATO FINO TP1 2KG;MERCEARIA;89535;04/07/2026;166832;89972;5;0;5;2;0;;;6
6;23023;SAB LIQ BELEZA AMAZONIA 370ML FRUTAS VRM;PERFUMARIA E LIMPEZA;89535;04/07/2026;166832;89972;12;11;12;1;0;;;19
6;7827;SABAO PO GIRANDO SOL 4KG ROSA;PERFUMARIA E LIMPEZA;89535;04/07/2026;166832;89972;5;160;5;2;0;07/07/2026;ALEXANDRE;7
6;17386;DET PO APYCE SH 400G AZUL;PERFUMARIA E LIMPEZA;89535;04/07/2026;166832;89972;50;47;50;2;0;07/07/2026;ALEXANDRE;7
6;17375;DET LIQ ULTRA 5L CLASS;PERFUMARIA E LIMPEZA;89535;04/07/2026;166832;89972;4;48;8;5;0;07/07/2026;ALEXANDRE;-2
6;17187;DESINF GOTA LIMPA 5L PINHO;PERFUMARIA E LIMPEZA;89535;04/07/2026;166832;89972;4;0;4;1;0;07/07/2026;ALEXANDRE;-1
6;4195;AMAC DOWNY 750ML INTENSO;PERFUMARIA E LIMPEZA;89535;04/07/2026;166832;89972;12;0;12;1;0;;;4
6;3948;AGUA SANIT GOTA LIMPA 1L;PERFUMARIA E LIMPEZA;89535;04/07/2026;166832;89972;12;398;48;4;0;;;20
6;2378;DUETO FUGINI SH 170G ERVILHA MILHO;MERCEARIA;89535;04/07/2026;166832;89972;36;72;36;1;0;;;105
6;3516;FERM PO BIOL GOOD INSTANT SH 125G;MERCEARIA;89535;04/07/2026;166832;89972;12;600;12;3;3;07/07/2026;ERICA;13
6;52;AGUA MIN FLORESTA PET 5L S GAS;BEBIDAS;89535;04/07/2026;166832;89972;4;28;4;0;0;08/07/2026;FERNANDO.H;-9
6;17414;DET PO GOTA LIMPA 4KG HARMONIA;PERFUMARIA E LIMPEZA;89535;04/07/2026;166832;89972;5;5;5;2;0;07/07/2026;ALEXANDRE;-8
6;5683;DET LIQ GOTA LIMPA 5L NEUTRO;PERFUMARIA E LIMPEZA;89535;04/07/2026;166832;89972;4;8;4;2;0;07/07/2026;ALEXANDRE;-3
6;6695;LAVA ROUPA BRILHANTE 5L;PERFUMARIA E LIMPEZA;89535;04/07/2026;166832;89972;2;188;2;1;0;07/07/2026;ALEXANDRE;3
6;803;KETCHUP ODERICH SH 1K;MERCEARIA;89535;04/07/2026;166832;89972;6;234;6;2;0;;;56
6;2911;ACHOC LIQ ITALAC 200ML;MERCEARIA;89535;04/07/2026;166832;89972;24;56;24;2;0;;;52
6;1849;DROPS FREEGELLS 27 9G EXTRA FORTE;MERCEARIA;89535;04/07/2026;166832;89972;12;1188;12;2;2;07/07/2026;ERICA;-28
7;17294;DESOD ROLLON DOVE 50ML ROMA VERBENA;PERFUMARIA E LIMPEZA;89537;04/07/2026;166833;89979;12;3;12;2;0;;;6
7;20010;LC HID MAIS 500ML PERFUME BEBE;PERFUMARIA E LIMPEZA;89537;04/07/2026;166833;89979;12;0;12;1;0;;;0
7;35632;SOPA DE CANECA NEILAR 18G LEGUMES;MERCEARIA;89537;04/07/2026;166833;89979;12;1068;96;0;0;07/07/2026;JESSICA;3
7;3997;ALIM CAO DOG CHOW100G SACHE TOD TAM FILHO TD CARNE;PRODUTOS PET;89537;04/07/2026;166833;89979;15;15;15;0;0;08/07/2026;CAROLINA;59
7;5682;DET LIQ GOTA LIMPA 500ML NEUTRO;PERFUMARIA E LIMPEZA;89537;04/07/2026;166833;89979;24;4395;24;0;0;07/07/2026;ALEXSANDRO;119
7;23161;SABAO ZAVASKI GLIC LIMAO 200G;PERFUMARIA E LIMPEZA;89537;04/07/2026;166833;89979;50;990;50;1;0;;;0
7;825;REFRIG PEPSI PET 2L;BEBIDAS;89537;04/07/2026;166833;89979;8;1104;56;13;0;07/07/2026;MARCOS M;3
7;33255;REFRIG CHARRUA PET 3L GUARANA;BEBIDAS;89537;04/07/2026;166833;89979;6;25;6;5;0;;;66
7;889;REFRIG COCA COLA LT 350ML;BEBIDAS;89537;04/07/2026;166833;89979;12;48;24;3;0;;;127
7;2811;POLENTINA QUAKER 500G;MERCEARIA;89537;04/07/2026;166833;89979;30;840;60;2;0;;;1
7;2295;ERVILHA SERRA URUGUAI PARTIDA 500G;PERECIVEIS;89537;04/07/2026;166833;89979;20;140;20;1;1;07/07/2026;ALEXSANDRO;40
7;22710;RAC DOPREMIUM FILHOTES 10 1K;PRODUTOS PET;89537;04/07/2026;166833;89979;1;3;5;8;8;08/07/2026;CAROLINA;0
7;22737;RAC QUATRO PATAS PREMIUM GATOS 1K;PRODUTOS PET;89537;04/07/2026;166833;89979;10;60;10;1;1;08/07/2026;CAROLINA;10
7;5489;DESINF YPE 2L BAK LAVANDA;PERFUMARIA E LIMPEZA;89537;04/07/2026;166833;89979;6;30;12;0;0;07/07/2026;ALEXSANDRO;0
7;17349;DET LIQ GOTA LIMPA 1L NATURAL;PERFUMARIA E LIMPEZA;89537;04/07/2026;166833;89979;12;782;24;2;0;;;12
7;36264;DET LIQ APYCE SUPER ACAO SH 800ML;PERFUMARIA E LIMPEZA;89537;04/07/2026;166833;89979;12;120;24;2;0;;;1
7;4115;ALVEJ GIRANDO SOL 2L S CLORO;PERFUMARIA E LIMPEZA;89537;04/07/2026;166833;89979;6;188;6;2;0;;;5
7;4177;AMAC DOWNY 1 5L BRISA INTENSO;PERFUMARIA E LIMPEZA;89537;04/07/2026;166833;89979;9;585;18;2;0;;;-7
7;10201;SABAO BARRA GIRANDO SOL TR MANC100G;PERFUMARIA E LIMPEZA;89537;04/07/2026;166833;89979;28;28;28;1;0;;;39
7;5671;DETERG GIRANDO SOL 500ML COCO;PERFUMARIA E LIMPEZA;89537;04/07/2026;166833;89979;24;48;24;2;0;;;-18
7;9288;DESINF YPE BAK 500ML FLORAL BAK;PERFUMARIA E LIMPEZA;89537;04/07/2026;166833;89979;12;12;12;1;1;07/07/2026;ALEXSANDRO;1
7;849;REFRIG COCA COLA PET 600ML ZERO;BEBIDAS;89537;04/07/2026;166833;89979;12;24;24;14;0;07/07/2026;MARCOS M;20
7;52;AGUA MIN FLORESTA PET 5L S GAS;BEBIDAS;89537;04/07/2026;166833;89979;4;28;4;2;0;07/07/2026;MARCOS M;-8
7;762;REFRIG COCA COLA PET 200ML;BEBIDAS;89537;04/07/2026;166833;89979;12;1668;60;19;0;;;0
7;5309;CR PENT SEDA 300ML LUMINOUS UV;PERFUMARIA E LIMPEZA;89537;04/07/2026;166833;89979;12;12;12;1;1;07/07/2026;PAMELA;2
7;5250;CR DENT CLOSE UP 70G TRIPLE HORTELA;PERFUMARIA E LIMPEZA;89537;04/07/2026;166833;89979;72;2304;144;2;2;07/07/2026;PAMELA;0
7;23212;SAL MOIDO 5 ESTRELAS 1KG;MERCEARIA;89537;04/07/2026;166833;89979;10;12236;50;8;8;07/07/2026;ALEXSANDRO;62
7;3635;SAL MOIDO CBS 1KG;MERCEARIA;89537;04/07/2026;166833;89979;10;2324;10;8;8;07/07/2026;ALEXSANDRO;18
7;20371;MAC INST YAKISSOBA UFO 97G GAL CAIP;MERCEARIA;89537;04/07/2026;166833;89979;12;300;24;2;2;07/07/2026;JESSICA;39
7;2789;MACARRAO CUP NOODLES 68G GAL CAIP PICANT;MERCEARIA;89537;04/07/2026;166833;89979;24;144;24;1;1;07/07/2026;JESSICA;6
7;20363;MAC INST NISSIN C 6 L P GAL CAIP;MERCEARIA;89537;04/07/2026;166833;89979;12;12;24;3;3;07/07/2026;JESSICA;172
7;20316;MACARRAO INST GERMANI 63G CARNE;MERCEARIA;89537;04/07/2026;166833;89979;50;6649;100;3;3;08/07/2026;CAROLINA;92
7;5302;CR PENT SEDA 300ML CACH DEFINIDOS;PERFUMARIA E LIMPEZA;89537;04/07/2026;166833;89979;12;24;12;2;0;;;0
7;5057;COND SEDA 300ML LUMINOUS UV;PERFUMARIA E LIMPEZA;89537;04/07/2026;166833;89979;12;0;12;1;0;;;3
7;17315;DESOD ROLLON REXONA 50ML V8;PERFUMARIA E LIMPEZA;89537;04/07/2026;166833;89979;12;456;36;0;0;;;0
7;3795;VINAGRE VINHO KOLLER 750ML TINTO;MERCEARIA;89537;04/07/2026;166833;89979;12;0;12;0;0;07/07/2026;JESSICA;10
7;3992;ALIM CAO DOG CHOW100G SACHE TOD TAM AD RA PEQ FRAN;PRODUTOS PET;89537;04/07/2026;166833;89979;15;165;15;0;0;08/07/2026;CAROLINA;31
7;22697;RAC CBS GATO PEIXE CAR 500G;PRODUTOS PET;89537;04/07/2026;166833;89979;10;90;20;0;0;08/07/2026;CAROLINA;-9
7;2905;MASSA C OVOS ISABELA 500G NIN LARGO;MERCEARIA;89537;04/07/2026;166833;89979;20;40;20;0;0;08/07/2026;CAROLINA;21
7;2136;ARROZ BCO JATAI TP3 5KG;MERCEARIA;89537;04/07/2026;166833;89979;6;132;6;3;3;07/07/2026;ALEXSANDRO;10
7;2672;FARINHA MANDIOCA CBS 500G;MERCEARIA;89537;04/07/2026;166833;89979;12;24;12;0;0;07/07/2026;ALEXSANDRO;2
7;9539;FRALDA BABYSEC ULTRA JUMBINHO G 16UN;PERFUMARIA E LIMPEZA;89537;04/07/2026;166833;89979;8;80;16;2;2;07/07/2026;ALEXSANDRO;0
7;3953;AGUA SANIT YPE 1L;PERFUMARIA E LIMPEZA;89537;04/07/2026;166833;89979;12;1248;24;2;0;;;21
7;6689;LAVA ROUPA ARIEL 700ML CLASSIC REF;PERFUMARIA E LIMPEZA;89537;04/07/2026;166833;89979;10;83;20;20;0;;;0
7;5546;DESOD AERO GLADE 360ML EMB ECONOMIC FRUTAS E FLORE;PERFUMARIA E LIMPEZA;89537;04/07/2026;166833;89979;12;0;36;3;3;07/07/2026;ALEXSANDRO;47
7;5440;DESINF GIRANDO SOL 500ML JASMIM;PERFUMARIA E LIMPEZA;89537;04/07/2026;166833;89979;12;216;12;2;2;07/07/2026;ALEXSANDRO;0
7;12183;ABS MILI SUAVE PROT TOT C ABAS C 32;PERFUMARIA E LIMPEZA;89537;04/07/2026;166833;89979;16;176;16;1;1;07/07/2026;ALEXSANDRO;12
7;17340;DET LIQ BIO KRISS 500ML CLEAR;PERFUMARIA E LIMPEZA;89537;04/07/2026;166833;89979;24;11136;72;3;3;07/07/2026;ALEXSANDRO;-6
7;33266;REFRIG FRUKI PET 3 L LARANJA;BEBIDAS;89537;04/07/2026;166833;89979;4;4;12;17;0;;;0
7;5251;CR DENT CLOSE UP 70G TRIPLE MENTA;PERFUMARIA E LIMPEZA;89537;04/07/2026;166833;89979;72;1809;72;1;1;07/07/2026;PAMELA;28
7;3737;TEMP SAZON 60G CARNES;MERCEARIA;89537;04/07/2026;166833;89979;48;3456;48;2;2;07/07/2026;JESSICA;-15
7;3409;CALDO SAZON 32 5G COSTELA;MERCEARIA;89537;04/07/2026;166833;89979;48;48;48;1;1;07/07/2026;JESSICA;41
7;2742;MACARRAO CUP NOODLES 69G GAL CAIP;MERCEARIA;89537;04/07/2026;166833;89979;24;288;48;2;2;07/07/2026;JESSICA;1
7;4258;AP PROBAK II LV7 PG5;PERFUMARIA E LIMPEZA;89537;04/07/2026;166833;89979;1;14;2;7;0;;;44
7;20611;MASSA SEMOLA GERMANI 1KG ESPAG;MERCEARIA;89537;04/07/2026;166833;89979;10;44;10;0;0;07/07/2026;JESSICA;19
7;2747;FARINHA TRIGO ROSESOL 5KG;MERCEARIA;89537;04/07/2026;166833;89979;5;30;5;0;0;07/07/2026;ALEXSANDRO;0
7;37007;FAROFA DINDA 200G BACON;MERCEARIA;89537;04/07/2026;166833;89979;25;75;25;0;0;07/07/2026;ALEXSANDRO;-6
7;37266;FAROFA ROCHA 250G PICANHA;MERCEARIA;89537;04/07/2026;166833;89979;12;12;12;0;0;07/07/2026;ALEXSANDRO;1
7;6933;LIMP UAU LV1L PG800ML LAVANDA CONFORT;PERFUMARIA E LIMPEZA;89537;04/07/2026;166833;89979;12;107;12;0;0;07/07/2026;ALEXSANDRO;12
7;35702;FRALDA DESC HUGGIES MEGUINHA XG 28;PERFUMARIA E LIMPEZA;89537;04/07/2026;166833;89979;9;10;9;2;2;07/07/2026;ALEXSANDRO;0
7;17190;DESINF IMPERIAL 5L LAVANDA;PERFUMARIA E LIMPEZA;89537;04/07/2026;166833;89979;4;23;4;2;0;;;0
7;8806;AGUA SANIT GIRANDO SOL 2L;PERFUMARIA E LIMPEZA;89537;04/07/2026;166833;89979;6;924;60;10;0;;;0
7;4180;AMAC DOWNY 1L REGULAR INTENSO BRISA;PERFUMARIA E LIMPEZA;89537;04/07/2026;166833;89979;12;84;12;1;1;07/07/2026;ALEXSANDRO;15
7;7930;SABONETE LUX 85G ROSAS FRANCESAS;PERFUMARIA E LIMPEZA;89537;04/07/2026;166833;89979;108;1110;216;2;2;07/07/2026;PAMELA;3
7;34830;MASC TRATAMENTO SEDA 300G BRILHO CERAMIDA;PERFUMARIA E LIMPEZA;89537;04/07/2026;166833;89979;6;24;6;1;1;07/07/2026;PAMELA;6
7;2118;ARROZ BCO SABOROSO T1 2K;MERCEARIA;89537;04/07/2026;166833;89979;15;150;30;2;2;07/07/2026;ALEXSANDRO;8
7;782;ACUCAR REFINADO UNIAO 1KG;MERCEARIA;89537;04/07/2026;166833;89979;10;40;10;2;2;07/07/2026;ALEXSANDRO;0
7;3539;FERM PO QUIMICO GOOD INSTANT SH 11G;MERCEARIA;89537;04/07/2026;166833;89979;50;100;50;1;1;07/07/2026;ERICA;1
7;20653;MAS PARAF ISABELA SEMOLA 400G;MERCEARIA;89537;04/07/2026;166833;89979;20;759;20;2;2;08/07/2026;CAROLINA;-18
7;35127;TOALHA UMED BEBE LIMPINHO C45;PERFUMARIA E LIMPEZA;89537;04/07/2026;166833;89979;24;0;24;1;0;;;6
7;24311;SH DARLING 2X1 650ML;PERFUMARIA E LIMPEZA;89537;04/07/2026;166833;89979;6;12;6;1;0;;;16
7;2859;MASSA C OVOS NORDESTE 500G ESPAGUETE;MERCEARIA;89537;04/07/2026;166833;89979;15;240;45;0;0;07/07/2026;JESSICA;15
7;3671;TEMP COMPLETO NEILAR 250G C PIMENTA;MERCEARIA;89537;04/07/2026;166833;89979;24;24;24;1;1;07/07/2026;JESSICA;0
7;3739;TEMP SAZON 60G FRANGO;MERCEARIA;89537;04/07/2026;166833;89979;48;96;48;1;1;07/07/2026;JESSICA;1
7;4348;TALCO BARUEL TENYS PE 100G PO WOMAN;PERFUMARIA E LIMPEZA;89537;04/07/2026;166833;89979;12;0;12;1;1;07/07/2026;PAMELA;8
7;5513;DESOD AERO AXE BS 150ML 96G DARK TEMPTATION;PERFUMARIA E LIMPEZA;89537;04/07/2026;166833;89979;12;1020;36;0;0;07/07/2026;PAMELA;2
7;6234;GEL DENTAL CLOSE UP 90G ORIG RED HOT;PERFUMARIA E LIMPEZA;89537;04/07/2026;166833;89979;12;286;12;0;0;07/07/2026;PAMELA;0
7;2510;ERVA MATE PONCHE VERDE 500G TRAD;MERCEARIA;89537;04/07/2026;166833;89979;20;0;20;0;0;07/07/2026;ALEXSANDRO;0
7;734;REFRIG COCA COLA LT 220ML;BEBIDAS;89537;04/07/2026;166833;89979;6;0;6;0;0;;;3
7;3998;ALIM CAO DOG CHOW100G SACHE TOD TAM FRANGO ADULTO;PRODUTOS PET;89537;04/07/2026;166833;89979;15;45;15;0;0;08/07/2026;CAROLINA;66
7;4052;ALIM GATO FRISKIES 85G PERU AO MOLHO;PRODUTOS PET;89537;04/07/2026;166833;89979;15;75;15;0;0;08/07/2026;CAROLINA;29
7;2752;FARINHA TRIGO PANFACIL 1KG INTEGRAL;MERCEARIA;89537;04/07/2026;166833;89979;10;110;10;0;0;07/07/2026;ALEXSANDRO;1
7;12289;AGUA SANIT IMPERIAL 1L;PERFUMARIA E LIMPEZA;89537;04/07/2026;166833;89979;12;0;12;0;0;07/07/2026;ALEXSANDRO;36
7;17191;DESINF IMPERIAL 5L PINHO;PERFUMARIA E LIMPEZA;89537;04/07/2026;166833;89979;4;24;4;2;0;;;-9
7;9279;DESINF AQUAFAST 1L CAMPOS LAVANDA;PERFUMARIA E LIMPEZA;89537;04/07/2026;166833;89979;12;72;24;2;0;;;0
7;152;CERV BRAHMA CHOPP LT 473ML;BEBIDAS;89537;04/07/2026;166833;89979;12;1536;804;68;0;;;0
7;17316;DESOD ROLLON REXONA 50ML WOMEN ANT INV;PERFUMARIA E LIMPEZA;89537;04/07/2026;166833;89979;12;324;24;2;0;;;10
7;3512;FERM PO BIOL GOOD INSTANT SH 10G;MERCEARIA;89537;04/07/2026;166833;89979;30;6180;30;1;1;07/07/2026;ERICA;71
7;648;WHISKY MASTER GOLD VD 900ML;BEBIDAS;89537;04/07/2026;166833;89979;1;85;1;2;2;07/07/2026;ERICA;3
7;20632;MASSA LASANHA GERMANI 500G;PERECIVEIS;89537;04/07/2026;166833;89979;10;160;10;1;1;07/07/2026;JESSICA;5
7;3735;TEMP SAZON 60G FEIJAO;MERCEARIA;89537;04/07/2026;166833;89979;48;240;96;2;2;07/07/2026;JESSICA;0
7;20640;MAS NINHO BOM GOSTO SEMOLA 500G;MERCEARIA;89537;04/07/2026;166833;89979;20;239;40;2;2;08/07/2026;JOCELAINE;-7
7;22698;RAC DOCATS 1K;PRODUTOS PET;89537;04/07/2026;166833;89979;10;950;40;4;4;08/07/2026;CAROLINA;0
7;5064;COND SEDA 325ML CACHOS DEFINIDO;PERFUMARIA E LIMPEZA;89537;04/07/2026;166833;89979;12;36;12;2;0;;;0
7;4259;AP PRESTOBARBA ULTRA GRIP 2UN;PERFUMARIA E LIMPEZA;89537;04/07/2026;166833;89979;12;972;12;1;0;;;15
7;17313;DESOD ROLLON REXONA 50ML MEN ANTIBAC;PERFUMARIA E LIMPEZA;89537;04/07/2026;166833;89979;12;0;12;1;0;;;0
7;3669;TEMP COMPLETO NEILAR 250G S PIMENTA;MERCEARIA;89537;04/07/2026;166833;89979;24;24;48;1;1;07/07/2026;JESSICA;1
7;20365;MAC INST NISSIN TALH 99G FGO;MERCEARIA;89537;04/07/2026;166833;89979;50;150;50;0;0;07/07/2026;JESSICA;45
7;35631;SOPA DE CANECA NEILAR 18G FGO C QJO;MERCEARIA;89537;04/07/2026;166833;89979;12;276;96;0;0;07/07/2026;JESSICA;7
7;19802;KIT SH CD PANTENE 300 150ML COLAGENO;PERFUMARIA E LIMPEZA;89537;04/07/2026;166833;89979;6;0;6;1;0;;;0
7;19372;INSET NITROCID PO 50G;PERFUMARIA E LIMPEZA;89537;04/07/2026;166833;89979;1;6;1;1;0;;;0
7;12395;AMACIANTE AQUAFAST 2L VERM SED;PERFUMARIA E LIMPEZA;89537;04/07/2026;166833;89979;6;246;6;1;0;;;9
7;5443;DESINF GIRANDO SOL 500ML PINHO;PERFUMARIA E LIMPEZA;89537;04/07/2026;166833;89979;12;132;24;2;2;07/07/2026;ALEXSANDRO;-4
7;7558;PROT DIARIO MILI 15UN SUAVE S ABAS;PERFUMARIA E LIMPEZA;89537;04/07/2026;166833;89979;24;288;24;1;1;07/07/2026;ALEXSANDRO;8
7;5691;DETERG YPE 500 ML CLEAR;PERFUMARIA E LIMPEZA;89537;04/07/2026;166833;89979;24;4488;24;1;1;07/07/2026;ALEXSANDRO;0
7;746;ACUCAR CRISTAL GASPARIN 1KG;MERCEARIA;89537;04/07/2026;166833;89979;10;4640;10;1;1;07/07/2026;JOSE ANTONIO;19
7;2161;ARROZ BCO ALEGRETE TP1 5KG;MERCEARIA;89537;04/07/2026;166833;89979;6;516;156;2;0;;;-12
7;23204;SAL CHUR GRILL GARCA 1K;MERCEARIA;89537;04/07/2026;166833;89979;10;23;20;0;0;07/07/2026;ALEXSANDRO;128
7;1445;CHOC NEUGEBAUER STIKADINHO 61 5G;MERCEARIA;89537;04/07/2026;166833;89979;56;14;56;1;1;07/07/2026;ERICA;3
7;3772;VINAGRE ALCOOL KOLLER 750ML;MERCEARIA;89537;04/07/2026;166833;89979;12;1572;12;2;2;07/07/2026;JESSICA;19
7;22684;RAC AMIGO PET GATO PEIXE 500G;PRODUTOS PET;89537;04/07/2026;166833;89979;22;307;22;2;2;08/07/2026;CAROLINA;3
7;5252;CR DENT CLOSE UP 70G TRIPLE MENTA AMER;PERFUMARIA E LIMPEZA;89537;04/07/2026;166833;89979;72;2532;144;2;0;;;6
7;18740;FRALDA DESC FERINHA HIPER C 40 XXG;PERFUMARIA E LIMPEZA;89537;04/07/2026;166833;89979;6;2;6;0;0;07/07/2026;PAMELA;0
7;5510;DESOD AERO AXE 152ML 90G MUSK;PERFUMARIA E LIMPEZA;89537;04/07/2026;166833;89979;12;948;36;0;0;07/07/2026;PAMELA;0
7;7948;SABON PALMOLIVE NATURALS 150G OLEO ARGAN;PERFUMARIA E LIMPEZA;89537;04/07/2026;166833;89979;72;72;72;0;0;07/07/2026;PAMELA;0
7;2285;CANJICA TRIGO CORTESI 500G;MERCEARIA;89537;04/07/2026;166833;89979;12;36;12;0;0;07/07/2026;ALEXSANDRO;0
7;2755;FARINHA TRIGO PANFACIL 1KG C FERM;MERCEARIA;89537;04/07/2026;166833;89979;10;229;10;0;0;07/07/2026;ALEXSANDRO;11
7;17156;DESINF APYCE 2L JASMIM;PERFUMARIA E LIMPEZA;89537;04/07/2026;166833;89979;6;531;12;3;0;;;-3
7;5444;DESINF GIRANDO SOL 500ML TALCO;PERFUMARIA E LIMPEZA;89537;04/07/2026;166833;89979;12;108;24;2;0;;;-1
7;9280;DESINF AQUAFAST 1L PAIXAO;PERFUMARIA E LIMPEZA;89537;04/07/2026;166833;89979;12;24;24;2;0;;;0
7;6848;LIMP ALCOOL SUPER VALE 1L BICABORN;PERFUMARIA E LIMPEZA;89537;04/07/2026;166833;89979;12;504;12;1;0;;;18
7;15733;CERA LIQ GIRANDO SOL 750ML VERM;PERFUMARIA E LIMPEZA;89537;04/07/2026;166833;89979;12;0;12;1;1;07/07/2026;ALEXSANDRO;11
7;3948;AGUA SANIT GOTA LIMPA 1L;PERFUMARIA E LIMPEZA;89537;04/07/2026;166833;89979;12;398;36;4;4;07/07/2026;ALEXSANDRO;5
7;840;REFRIG PEPSI PET 3L;BEBIDAS;89537;04/07/2026;166833;89979;4;352;56;14;0;;;0
7;2140;ARROZ BCO SANO TP1 5KG;MERCEARIA;89537;04/07/2026;166833;89979;6;1106;72;22;0;;;3
7;2964;MOLHO SHOYU EXTREMO SABOR 1 01L;MERCEARIA;89537;04/07/2026;166833;89979;6;42;6;1;1;07/07/2026;JESSICA;5
7;2803;MACARRAO CUP NOODLES 67G LEGUMES AZEITE;MERCEARIA;89537;04/07/2026;166833;89979;24;96;24;1;1;07/07/2026;JESSICA;9
7;2864;MASSA C OVOS GERMANI 500G PENNE;MERCEARIA;89537;04/07/2026;166833;89979;20;19;20;2;2;07/07/2026;JESSICA;2
7;5316;CR PENT SEDA 350ML BOOM DEFINICAO FLEXI;PERFUMARIA E LIMPEZA;89537;04/07/2026;166833;89979;12;0;12;1;0;;;0
7;24643;TCO P PES AMAZONIA 100G MENTOLADO;PERFUMARIA E LIMPEZA;89537;04/07/2026;166833;89979;48;0;48;1;0;;;13
7;20008;LC HID MAIS 500ML AMENDOAS;PERFUMARIA E LIMPEZA;89537;04/07/2026;166833;89979;12;0;12;1;0;;;0
7;20009;LC HID MAIS 500ML COLAG U VIT E;PERFUMARIA E LIMPEZA;89537;04/07/2026;166833;89979;12;0;12;1;0;;;0
7;3794;VINAGRE VINHO KOLLER 750ML BRANCO;MERCEARIA;89537;04/07/2026;166833;89979;12;12;12;0;0;07/07/2026;JESSICA;8
7;3410;CALDO SAZON 32 5G CARNE;MERCEARIA;89537;04/07/2026;166833;89979;48;0;48;1;1;07/07/2026;JESSICA;35
7;22117;POM MASSAG BIO FISIOFORT PREMIUM 150ML;PERFUMARIA E LIMPEZA;89537;04/07/2026;166833;89979;12;912;12;1;0;;;9
7;5509;DESOD AERO AXE 152ML 90G MARINE;PERFUMARIA E LIMPEZA;89537;04/07/2026;166833;89979;12;984;12;1;0;;;4
7;2865;MASSA C OVOS ORQUIDEA 500G PARAFUSO;MERCEARIA;89537;04/07/2026;166833;89979;20;10;20;0;0;07/07/2026;JESSICA;5
7;2940;MASSA S OVOS NORDESTE 1KG ESPAGUETE;MERCEARIA;89537;04/07/2026;166833;89979;10;30;10;0;0;07/07/2026;JESSICA;10
7;3453;SOPAO MAGGI 200G GALINHA LEGUMES;MERCEARIA;89537;04/07/2026;166833;89979;24;0;24;0;0;07/07/2026;JESSICA;15
7;2101;ARROZ BCO REQUINTE TP1 2KG;MERCEARIA;89537;04/07/2026;166833;89979;15;983;15;0;0;07/07/2026;JOSE ANTONIO;17
7;12233;ACUCAR DEMERARA GASPARIN 1KG;MERCEARIA;89537;04/07/2026;166833;89979;10;14;10;0;0;07/07/2026;ALEXSANDRO;42
7;15494;CANJICA AMARELA JUREIA 500G;MERCEARIA;89537;04/07/2026;166833;89979;12;29;12;0;0;07/07/2026;ALEXSANDRO;-23
7;9550;FRALDA MILI JUMBINHO XXG 16UN;PERFUMARIA E LIMPEZA;89537;04/07/2026;166833;89979;9;631;9;4;4;07/07/2026;ALEXSANDRO;0
7;17164;DESINF AQUAFAST 5L MARINE;PERFUMARIA E LIMPEZA;89537;04/07/2026;166833;89979;4;112;4;1;0;;;8
7;4178;AMAC DOWNY 1 5L LIRIOS DO CAMPO;PERFUMARIA E LIMPEZA;89537;04/07/2026;166833;89979;9;605;18;2;2;07/07/2026;ALEXSANDRO;3
7;48;AGUA MIN FLORESTA PET 500ML C GAS;BEBIDAS;89537;04/07/2026;166833;89979;12;215;36;4;0;07/07/2026;MARCOS M;190
7;790;REFRIG CHARRUA GUARANA PET 2L;BEBIDAS;89537;04/07/2026;166833;89979;8;-160;16;19;0;07/07/2026;MARCOS M;42
7;824;REFRIG PEPSI PET 2L BLACK;BEBIDAS;89537;04/07/2026;166833;89979;8;520;40;6;0;;;4
7;5313;CR PENT SEDA 300ML PRETO LUMINOSO;PERFUMARIA E LIMPEZA;89537;04/07/2026;166833;89979;12;24;12;1;1;07/07/2026;PAMELA;10
7;9546;FRALDA MILI JUMBINHO G 20UN;PERFUMARIA E LIMPEZA;89696;04/07/2026;167300;89979;9;639;36;2;2;07/07/2026;PAMELA;7
7;9549;FRALDA MILI JUMBINHO XG 18UN;PERFUMARIA E LIMPEZA;89696;04/07/2026;167300;89979;9;810;36;3;3;07/07/2026;PAMELA;9
7;13457;BISC RECH PARATI Z CARTOON 85G FLOCOS;MERCEARIA;89696;04/07/2026;167300;;40;39;158;0;0;;;1
7;9543;FRALDA DESC BABYSEC JUMBINHO XXG 12 UN;PERFUMARIA E LIMPEZA;89696;04/07/2026;167300;89979;8;87;32;2;2;07/07/2026;ALEXSANDRO;4
7;9550;FRALDA MILI JUMBINHO XXG 16UN;PERFUMARIA E LIMPEZA;89696;04/07/2026;167300;89979;9;631;36;4;4;07/07/2026;ALEXSANDRO;0
7;13454;BISC RECH PARATI Z CARTOON 85G BRIGADEIR;MERCEARIA;89696;04/07/2026;167756;;40;877;37;0;0;;;5
7;9547;FRALDA MILI JUMBINHO M 22UN;PERFUMARIA E LIMPEZA;89696;04/07/2026;167300;89979;9;63;36;4;4;07/07/2026;ALEXSANDRO;0
7;9540;FRALDA BABYSEC ULTRA JUMBINHO M 18 UN;PERFUMARIA E LIMPEZA;89696;04/07/2026;167300;89979;8;0;16;2;2;07/07/2026;PAMELA;15
7;9541;FRALDA DESC BABYSEC JUMBINHO P 20 UN;PERFUMARIA E LIMPEZA;89696;04/07/2026;167300;89979;8;0;16;2;2;07/07/2026;PAMELA;11
7;9539;FRALDA BABYSEC ULTRA JUMBINHO G 16UN;PERFUMARIA E LIMPEZA;89696;04/07/2026;167300;89979;8;80;32;2;2;07/07/2026;ALEXSANDRO;0
7;9548;FRALDA MILI JUMBINHO P 24UN;PERFUMARIA E LIMPEZA;89696;04/07/2026;167300;89979;9;171;36;2;2;07/07/2026;PAMELA;10
8;734;REFRIG COCA COLA LT 220ML;BEBIDAS;89539;04/07/2026;166834;89964;6;0;6;0;0;;;8
8;17315;DESOD ROLLON REXONA 50ML V8;PERFUMARIA E LIMPEZA;89539;04/07/2026;166834;89964;12;456;36;0;0;;;0
8;762;REFRIG COCA COLA PET 200ML;BEBIDAS;89539;04/07/2026;166834;89964;12;1668;48;19;0;;;1
8;654;SUCO DEL VALLE FRUT TP 1L LARANJA;BEBIDAS;89539;04/07/2026;166834;89964;6;0;6;1;0;08/07/2026;GUILHERME B;18
8;855;REFRIG FRUKI PET 600ML GUARANA;BEBIDAS;89539;04/07/2026;166834;89964;12;108;24;2;0;08/07/2026;GUILHERME B;0
8;18;AGUA TONICA FRUKI PET 1 5L;BEBIDAS;89539;04/07/2026;166834;89964;6;12;6;1;0;08/07/2026;GUILHERME B;1
8;5064;COND SEDA 325ML CACHOS DEFINIDO;PERFUMARIA E LIMPEZA;89539;04/07/2026;166834;89964;12;36;24;3;0;;;8
8;34748;ENERG ELEV PET 2L PINK LEMON ZERO;BEBIDAS;89539;04/07/2026;166834;89964;6;0;6;0;0;;;2
8;830;REFRIG SPRITE PET 2L;BEBIDAS;89539;04/07/2026;166834;89964;8;0;8;2;0;08/07/2026;GUILHERME B;15
8;603;ICE DRINK PET 275ML FTAS VRM;BEBIDAS;89539;04/07/2026;166834;89964;12;15;12;1;0;08/07/2026;GUILHERME B;17
8;575;ENERG HIPERTENSAO PET 2L ZERO;BEBIDAS;89539;04/07/2026;166834;89964;6;222;6;1;0;08/07/2026;GUILHERME B;-1
8;12294;AGUA TONICA QUININO 1 5L ZERO;BEBIDAS;89539;04/07/2026;166834;89964;6;0;12;2;0;08/07/2026;GUILHERME B;-1
8;34306;REFRIG COCA COLA PET 1L;BEBIDAS;89539;04/07/2026;166834;89964;6;30;60;10;0;08/07/2026;GUILHERME B;1
8;1058;ALFAJOR EL AGUILA 60G CHOC;MERCEARIA;89539;04/07/2026;166834;89964;12;924;24;2;0;07/07/2026;ERICA;0
8;3512;FERM PO BIOL GOOD INSTANT SH 10G;MERCEARIA;89539;04/07/2026;166834;89964;30;6180;60;2;0;07/07/2026;ERICA;200
8;3383;CALDO APTI 19G GALINHA;MERCEARIA;89539;04/07/2026;166834;89964;24;600;24;1;0;07/07/2026;ERICA;40
8;151;CERV BOHEMIA LT 473ML;BEBIDAS;89539;04/07/2026;166834;89964;12;0;12;1;0;08/07/2026;GUILHERME B;73
8;778;REFRIG PEPSI COLA PET 200ML;BEBIDAS;89539;04/07/2026;166834;89964;12;371;72;7;0;08/07/2026;GUILHERME B;2
8;774;REFRIG FRUKI PET 200ML UVA;BEBIDAS;89539;04/07/2026;166834;89964;12;0;24;2;0;08/07/2026;GUILHERME B;5
8;410;ENERG ELEV PET 2L FRUTA TROPICAIS;BEBIDAS;89539;04/07/2026;166834;89964;6;0;12;2;0;08/07/2026;GUILHERME B;1
8;3539;FERM PO QUIMICO GOOD INSTANT SH 11G;MERCEARIA;89539;04/07/2026;166834;89964;50;100;50;1;0;07/07/2026;ERICA;58
8;20640;MAS NINHO BOM GOSTO SEMOLA 500G;MERCEARIA;89539;04/07/2026;166834;89964;20;239;20;2;0;08/07/2026;JESSICA;0
8;38617;CD DOVE NUTRI TRIOLEOS 370ML;PERFUMARIA E LIMPEZA;89539;04/07/2026;166834;89964;1;9;6;7;0;;;0
8;22118;POM MASSAG BIO CANELA VELHO 150ML;PERFUMARIA E LIMPEZA;89539;04/07/2026;166834;89964;12;396;12;1;0;;;12
8;17294;DESOD ROLLON DOVE 50ML ROMA VERBENA;PERFUMARIA E LIMPEZA;89539;04/07/2026;166834;89964;12;3;24;3;0;;;0
8;17313;DESOD ROLLON REXONA 50ML MEN ANTIBAC;PERFUMARIA E LIMPEZA;89539;04/07/2026;166834;89964;12;0;12;1;0;;;15
8;8965;CARVAO CHAMA CAMPEIRA 3KG;NAO ALIMENTO;89539;04/07/2026;166834;89964;1;0;2;7;0;;;17
8;17159;DESINFETANTE AQUAFAST 1L MARINE;PERFUMARIA E LIMPEZA;89539;04/07/2026;166834;89964;12;48;24;2;0;;;8
8;33255;REFRIG CHARRUA PET 3L GUARANA;BEBIDAS;89539;04/07/2026;166834;89964;6;25;6;5;0;;;-10
8;1353;CHOC BATON GAROTO 16G AO LEITE;MERCEARIA;89539;04/07/2026;166834;89964;30;0;30;1;0;07/07/2026;ERICA;20
8;3397;CALDO APTI 19G LEGUMES;MERCEARIA;89539;04/07/2026;166834;89964;24;3648;24;2;0;07/07/2026;ERICA;58
8;21355;ODORIZ TECIDO AMAZON 500ML BABY;PERFUMARIA E LIMPEZA;89539;04/07/2026;166834;89964;12;0;12;1;0;;;0
8;4258;AP PROBAK II LV7 PG5;PERFUMARIA E LIMPEZA;89539;04/07/2026;166834;89964;1;14;1;1;0;;;55
8;116;CERV SKOL 1L;BEBIDAS;89539;04/07/2026;166834;89964;12;12;24;12;0;;;12
8;834;REFRIG ANTARCTICA GUARANA PET 3L;BEBIDAS;89539;04/07/2026;166834;89964;4;409;8;10;0;08/07/2026;GUILHERME B;1
8;576;ENERG HIPERTENSAO PET 2L ORIGINAL;BEBIDAS;89539;04/07/2026;166834;89964;6;90;6;1;0;08/07/2026;GUILHERME B;6
8;5252;CR DENT CLOSE UP 70G TRIPLE MENTA AMER;PERFUMARIA E LIMPEZA;89539;04/07/2026;166834;89964;72;2532;144;2;0;;;9
8;3854;ENERG HIPERTENSAO PET 2L MACA VERDE;BEBIDAS;89539;04/07/2026;166834;89964;6;120;6;1;0;08/07/2026;GUILHERME B;5
8;758;REFRIG SPRITE PET 1 5L FRESH LIMAO;BEBIDAS;89539;04/07/2026;166834;89964;6;0;6;1;0;08/07/2026;GUILHERME B;13
8;12237;ACUCAR REFINADO GASPARIN 1KG;MERCEARIA;89539;04/07/2026;166834;89964;10;1161;10;2;0;;;130
8;786;REFRIG ANTARCTICA GUARANA PET 2L ZERO;BEBIDAS;89539;04/07/2026;166834;89964;8;1016;24;5;0;;;-15
8;656;SUCO DEL VALLE FRUT TP 1L UVA;BEBIDAS;89539;04/07/2026;166834;89964;6;12;6;2;0;08/07/2026;GUILHERME B;-14
8;903;REFRIG PEPSI BLACK LT 350ML;BEBIDAS;89539;04/07/2026;166834;89964;12;2160;60;5;0;08/07/2026;GUILHERME B;1
8;769;REFRIG FRUKI GUARANA PET 200ML GUARANA;BEBIDAS;89539;04/07/2026;166834;89964;12;84;48;4;0;;;25
8;53;AGUA MIN SARANDI 5L S GAS;BEBIDAS;89539;04/07/2026;166834;89964;4;0;4;1;0;;;7
8;436;ENERG BALY PET 2L MORANGO PESSEGO;BEBIDAS;89539;04/07/2026;166834;89964;6;0;6;1;0;08/07/2026;GUILHERME B;6
8;743;REFRIG FRUKI PET 1 5L GUARANA;BEBIDAS;89539;04/07/2026;166834;89964;6;0;6;1;0;08/07/2026;GUILHERME B;8
8;741;REFRIG COCA COLA PET ZERO 1 5L;BEBIDAS;89539;04/07/2026;166834;89964;8;24;24;4;0;08/07/2026;GUILHERME B;8
8;382;BEB MISTA TAMPICO PET 2L FRUTAS CITRICAS;BEBIDAS;89539;04/07/2026;166834;89964;6;18;6;2;0;08/07/2026;GUILHERME B;0
8;840;REFRIG PEPSI PET 3L;BEBIDAS;89539;04/07/2026;166834;89964;4;352;28;9;0;08/07/2026;GUILHERME B;10
8;17309;DESOD ROLLON REXONA 50ML F POWDER;PERFUMARIA E LIMPEZA;89539;04/07/2026;166834;89964;12;300;12;1;0;;;29
8;17026;CURATIVO COTTONBABY 35UN TRAD;PERFUMARIA E LIMPEZA;89539;04/07/2026;166834;89964;36;0;36;1;0;;;44
8;8966;CARVAO CHAMA CAMPEIRA 5KG;NAO ALIMENTO;89539;04/07/2026;166834;89964;1;462;14;16;0;;;14
8;152;CERV BRAHMA CHOPP LT 473ML;BEBIDAS;89539;04/07/2026;166834;89964;12;1536;756;70;0;;;22
8;416;ENERG ELEV PET 2L ZERO;BEBIDAS;89539;04/07/2026;166834;89964;6;2;12;2;0;08/07/2026;GUILHERME B;0
8;396;ENERG MONSTER LT 473ML ULTRA;BEBIDAS;89539;04/07/2026;166834;89964;6;15;18;3;0;08/07/2026;GUILHERME B;10
8;827;REFRIG PEPSI TWIST PET 2L;BEBIDAS;89539;04/07/2026;166834;89964;8;1760;24;3;0;08/07/2026;GUILHERME B;2
8;843;REFRIG ANTARCTICA PET 600ML GUARANA DIET;BEBIDAS;89539;04/07/2026;166834;89964;12;612;12;1;0;08/07/2026;GUILHERME B;7
8;237;CERV BUDWEISER LN 330ML;BEBIDAS;89539;04/07/2026;166834;89964;24;1320;24;1;0;08/07/2026;GUILHERME B;8
8;116;CERV SKOL 1L;BEBIDAS;89644;04/07/2026;167089;89964;12;12;120;12;0;;;12
11;17315;DESOD ROLLON REXONA 50ML V8;PERFUMARIA E LIMPEZA;89541;04/07/2026;166835;89386;12;456;36;3;3;04/07/2026;ERICA;0
11;17108;DES SANIT HIGISOLPAST AD LAV 9G C 4 PROM;PERFUMARIA E LIMPEZA;89541;04/07/2026;166835;89386;24;0;24;0;0;04/07/2026;ERICA;0
11;12280;AGUA OXIG BUTTERF 40V 100ML;PERFUMARIA E LIMPEZA;89541;04/07/2026;166835;89386;12;24;12;0;0;04/07/2026;ERICA;11
11;4564;CARGA MACH 3 2UN CARBONO;PERFUMARIA E LIMPEZA;89541;04/07/2026;166835;89386;12;12;12;0;0;04/07/2026;ERICA;14
11;9296;DET LIQ GOTA LIMPA 1L LIMAO;PERFUMARIA E LIMPEZA;89541;04/07/2026;166835;89386;12;2640;24;2;0;;;0
11;2509;ERVA MATE PONCHE VERDE 500G MOIDA GROSSA;MERCEARIA;89541;04/07/2026;166835;89386;20;0;20;0;0;;;21
11;1282;CHOC BARRA LACTA AO LEITE 80G;MERCEARIA;89541;04/07/2026;166835;89386;17;85;17;1;0;08/07/2026;WENDRIO;50
11;19315;COT HASTES FLEX COTTONBABY PT 100UN;PERFUMARIA E LIMPEZA;89541;04/07/2026;166835;89386;1;8;39;39;0;;;5
11;12289;AGUA SANIT IMPERIAL 1L;PERFUMARIA E LIMPEZA;89541;04/07/2026;166835;89386;12;0;12;1;0;;;0
11;847;REFRIG COCA COLA PET 600ML;BEBIDAS;89541;04/07/2026;166835;89386;12;3516;108;9;0;;;-32
11;2811;POLENTINA QUAKER 500G;MERCEARIA;89541;04/07/2026;166835;89386;30;840;30;1;0;;;27
11;17415;DET PO GOTA LIMPA 800G HARMONIA;PERFUMARIA E LIMPEZA;89541;04/07/2026;166835;89386;20;0;20;1;0;;;29
11;3831;KEEP COOLER CLASSIC CITRUS 275ML;BEBIDAS;89541;04/07/2026;166835;89386;6;192;24;1;0;;;8
11;796;REFRIG COCA COLA E FANTA GUARANA 2L;BEBIDAS;89541;04/07/2026;166835;89386;2;6;2;1;0;;;5
11;1445;CHOC NEUGEBAUER STIKADINHO 61 5G;MERCEARIA;89541;04/07/2026;166835;89386;56;14;56;1;0;08/07/2026;WENDRIO;1
11;3512;FERM PO BIOL GOOD INSTANT SH 10G;MERCEARIA;89541;04/07/2026;166835;89386;30;6180;30;1;0;08/07/2026;WENDRIO;0
11;22697;RAC CBS GATO PEIXE CAR 500G;PRODUTOS PET;89541;04/07/2026;166835;89386;10;90;20;0;0;08/07/2026;JESSICA;-22
11;17309;DESOD ROLLON REXONA 50ML F POWDER;PERFUMARIA E LIMPEZA;89541;04/07/2026;166835;89386;12;300;12;0;0;04/07/2026;ERICA;3
11;17317;DESOD ROLLON REXONA 50ML XTRA COOL;PERFUMARIA E LIMPEZA;89541;04/07/2026;166835;89386;12;540;12;0;0;04/07/2026;ERICA;4
11;18742;FRALDA DESC FERINHA HIPER C 46 G;PERFUMARIA E LIMPEZA;89541;04/07/2026;166835;89386;6;6;6;1;0;;;3
11;5691;DETERG YPE 500 ML CLEAR;PERFUMARIA E LIMPEZA;89541;04/07/2026;166835;89386;24;4488;24;1;0;;;115
11;784;REFRIG ANTARCTICA GUARANA PET 2L;BEBIDAS;89541;04/07/2026;166835;89386;8;78;336;42;0;;;120
11;537;GATORADE 500ML BERRY BLUE;BEBIDAS;89541;04/07/2026;166835;89386;6;270;6;1;0;;;1
11;8235;SH HEAD SHOULD 400ML 3X1;PERFUMARIA E LIMPEZA;89541;04/07/2026;166835;89386;6;24;6;1;0;;;13
11;17313;DESOD ROLLON REXONA 50ML MEN ANTIBAC;PERFUMARIA E LIMPEZA;89541;04/07/2026;166835;89386;12;0;12;1;1;04/07/2026;ERICA;7
11;20009;LC HID MAIS 500ML COLAG U VIT E;PERFUMARIA E LIMPEZA;89541;04/07/2026;166835;89386;12;0;12;1;1;04/07/2026;ERICA;0
11;12452;AMEND BCO BELLA DICA 400G;MERCEARIA;89541;04/07/2026;166835;89386;12;4100;24;2;0;;;-6
11;4256;AP PRESTOBARBA ULTRAGRIP 3L CART2UN;PERFUMARIA E LIMPEZA;89541;04/07/2026;166835;89386;1;2;1;1;0;;;0
11;4565;CARGA MACH 3 2UN SENSITIVE;PERFUMARIA E LIMPEZA;89541;04/07/2026;166835;89386;12;12;12;0;0;04/07/2026;ERICA;27
11;9857;MASC GOTA DOURADA 500G DESAMARELADOR;PERFUMARIA E LIMPEZA;89541;04/07/2026;166835;89386;12;0;12;0;0;04/07/2026;ERICA;0
11;17025;CURATIVO COTTONBABY 10UN TRAD;PERFUMARIA E LIMPEZA;89541;04/07/2026;166835;89386;36;0;36;0;0;04/07/2026;ERICA;25
11;9123;COND GOTA DOURADA FORT CABEL 430ML DESAMARELADOR;PERFUMARIA E LIMPEZA;89541;04/07/2026;166835;89386;12;0;12;0;0;04/07/2026;ERICA;0
12;48;AGUA MIN FLORESTA PET 500ML C GAS;BEBIDAS;89543;04/07/2026;166836;89380;12;215;72;0;0;04/07/2026;GUILHERME B;555
12;840;REFRIG PEPSI PET 3L;BEBIDAS;89543;04/07/2026;166836;89380;4;352;56;14;0;04/07/2026;IAGO;0
12;908;REFRIG SODA LIMONADA LT 350ML;BEBIDAS;89543;04/07/2026;166836;89380;12;72;24;2;0;04/07/2026;IAGO;7
12;827;REFRIG PEPSI TWIST PET 2L;BEBIDAS;89543;04/07/2026;166836;89380;8;1760;56;7;0;04/07/2026;IAGO;1
12;35782;CERV ANTARCTICA PILSEN 1L;BEBIDAS;89543;04/07/2026;166836;89380;12;612;12;0;0;04/07/2026;GUILHERME B;16
12;740;REFRIG COCA COLA PET 1 5L;BEBIDAS;89543;04/07/2026;166836;89380;8;8;8;1;0;04/07/2026;IAGO;13
12;416;ENERG ELEV PET 2L ZERO;BEBIDAS;89543;04/07/2026;166836;89380;6;2;6;1;0;04/07/2026;IAGO;4
12;354;CHA MATTE LEAO PET 450ML GUARANA C ACAI;BEBIDAS;89543;04/07/2026;166836;89380;6;0;6;1;0;04/07/2026;IAGO;8
12;742;REFRIG FRUKI PET 1 5 L CITRUS;BEBIDAS;89543;04/07/2026;166836;89380;6;0;6;1;0;04/07/2026;IAGO;12
12;33282;CERV CERPA EXPORT LN 350ML;BEBIDAS;89543;04/07/2026;166836;89380;6;0;6;1;0;04/07/2026;IAGO;8
12;656;SUCO DEL VALLE FRUT TP 1L UVA;BEBIDAS;89543;04/07/2026;166836;89380;6;12;6;1;0;04/07/2026;IAGO;13
12;396;ENERG MONSTER LT 473ML ULTRA;BEBIDAS;89543;04/07/2026;166836;89380;6;15;6;1;0;04/07/2026;IAGO;1
12;734;REFRIG COCA COLA LT 220ML;BEBIDAS;89543;04/07/2026;166836;89380;6;0;6;0;0;04/07/2026;IAGO;-5
12;758;REFRIG SPRITE PET 1 5L FRESH LIMAO;BEBIDAS;89543;04/07/2026;166836;89380;6;0;6;1;0;04/07/2026;IAGO;5
12;455;ENERG BALY LT 473ML TRADICIONAL;BEBIDAS;89543;04/07/2026;166836;89380;6;1807;6;1;0;04/07/2026;IAGO;9
12;432;COQUETEL BUCANERO PET 790ML;BEBIDAS;89543;04/07/2026;166836;89380;12;708;12;1;0;04/07/2026;IAGO;12
12;547;GATORADE 500ML TANGERINA;BEBIDAS;89543;04/07/2026;166836;89380;6;114;6;1;0;04/07/2026;IAGO;6
12;23023;SAB LIQ BELEZA AMAZONIA 370ML FRUTAS VRM;PERFUMARIA E LIMPEZA;89543;04/07/2026;166836;89380;12;11;12;0;0;04/07/2026;PAMELA;7
12;790;REFRIG CHARRUA GUARANA PET 2L;BEBIDAS;89543;04/07/2026;166836;89380;8;-160;88;0;0;04/07/2026;GUILHERME B;113
12;824;REFRIG PEPSI PET 2L BLACK;BEBIDAS;89543;04/07/2026;166836;89380;8;520;336;0;0;04/07/2026;GUILHERME B;-4
12;539;GATORADE 500ML LARANJA;BEBIDAS;89543;04/07/2026;166836;89380;6;84;12;2;0;04/07/2026;IAGO;0
12;128;CERV SKOL PILSEN GF 300ML RETORNAVEL;BEBIDAS;89543;04/07/2026;166836;89380;23;644;23;1;0;04/07/2026;IAGO;0
12;408;ENERG ELEV LT 473 ML ZERO;BEBIDAS;89543;04/07/2026;166836;89380;6;162;12;2;0;04/07/2026;IAGO;29
12;3871;CERV SKOL BEATS RED LT 269ML MIX;BEBIDAS;89543;04/07/2026;166836;89380;8;0;8;1;0;04/07/2026;IAGO;0
12;825;REFRIG PEPSI PET 2L;BEBIDAS;89543;04/07/2026;166836;89380;8;1104;96;0;0;04/07/2026;GUILHERME B;-1
12;903;REFRIG PEPSI BLACK LT 350ML;BEBIDAS;89543;04/07/2026;166836;89380;12;2160;60;5;0;04/07/2026;IAGO;0
12;60;AGUA GASEIFICADA CRYSTAL PET 510ML LIMAO;BEBIDAS;89543;04/07/2026;166836;89380;6;78;24;4;0;04/07/2026;IAGO;17
12;548;GATORADE 500ML UVA;BEBIDAS;89543;04/07/2026;166836;89380;6;83;6;1;0;04/07/2026;IAGO;8
12;843;REFRIG ANTARCTICA PET 600ML GUARANA DIET;BEBIDAS;89543;04/07/2026;166836;89380;12;612;24;2;0;04/07/2026;IAGO;-1
12;390;ENERG MONSTER LT 473ML GREEN ZERO;BEBIDAS;89543;04/07/2026;166836;89380;6;402;24;4;0;04/07/2026;IAGO;10
12;575;ENERG HIPERTENSAO PET 2L ZERO;BEBIDAS;89543;04/07/2026;166836;89380;6;222;6;1;0;04/07/2026;IAGO;3
12;780;REFRIG SPRITE PET 200ML;BEBIDAS;89543;04/07/2026;166836;89380;12;0;12;1;0;04/07/2026;IAGO;12
12;813;REFRIGC COLA FRUKI PET 2 L COLA;BEBIDAS;89543;04/07/2026;166836;89380;6;0;12;2;0;04/07/2026;IAGO;0
13;10201;SABAO BARRA GIRANDO SOL TR MANC100G;PERFUMARIA E LIMPEZA;89545;04/07/2026;166838;89382;28;28;28;1;0;04/07/2026;WENDRIO;9
13;8145;SH ANTIC CLEAR 200ML MEN CONTR ALIV COC;PERFUMARIA E LIMPEZA;89545;04/07/2026;166838;89382;12;48;12;1;1;04/07/2026;AUGUSTO;7
13;9857;MASC GOTA DOURADA 500G DESAMARELADOR;PERFUMARIA E LIMPEZA;89545;04/07/2026;166838;89382;12;0;12;0;0;04/07/2026;AUGUSTO;0
13;5671;DETERG GIRANDO SOL 500ML COCO;PERFUMARIA E LIMPEZA;89545;04/07/2026;166838;89382;24;48;24;2;0;04/07/2026;WENDRIO;12
13;21787;PEDRA POMES STA CLARA R 199;PERFUMARIA E LIMPEZA;89545;04/07/2026;166838;89382;6;0;6;0;0;04/07/2026;AUGUSTO;5
13;17309;DESOD ROLLON REXONA 50ML F POWDER;PERFUMARIA E LIMPEZA;89545;04/07/2026;166838;89382;12;300;48;0;0;04/07/2026;AUGUSTO;24
13;7490;POMADA NUGGET 36G PRETA;PERFUMARIA E LIMPEZA;89545;04/07/2026;166838;89382;12;0;12;0;0;04/07/2026;AUGUSTO;24
13;12323;ALCOOL SUPER VALE 46 1L LAVANDA;PERFUMARIA E LIMPEZA;89545;04/07/2026;166838;89382;12;612;12;1;0;04/07/2026;WENDRIO;7
13;34611;SH DOVE 370ML UV REPAIR GLOW;PERFUMARIA E LIMPEZA;89545;04/07/2026;166838;89382;12;0;12;1;0;04/07/2026;WENDRIO;10
13;23023;SAB LIQ BELEZA AMAZONIA 370ML FRUTAS VRM;PERFUMARIA E LIMPEZA;89545;04/07/2026;166838;89382;12;11;12;1;0;;;16
13;17315;DESOD ROLLON REXONA 50ML V8;PERFUMARIA E LIMPEZA;89545;04/07/2026;166838;89382;12;456;48;4;4;04/07/2026;AUGUSTO;0
13;23141;SABAO GIRANDO SOL GLIC 180G FRESH;PERFUMARIA E LIMPEZA;89545;04/07/2026;166838;89382;50;350;50;1;0;04/07/2026;WENDRIO;23
13;840;REFRIG PEPSI PET 3L;BEBIDAS;89545;04/07/2026;166838;89382;4;352;100;25;0;;;0
13;20193;LIXA P PES DUPLA FACE;PERFUMARIA E LIMPEZA;89545;04/07/2026;166838;89382;1;0;1;0;0;04/07/2026;AUGUSTO;3
13;12391;AMACIANTE AQUAFAST 1L SED VERM;PERFUMARIA E LIMPEZA;89545;04/07/2026;166838;89382;12;12;12;1;0;04/07/2026;WENDRIO;1
13;33458;AMACIANTE APYCE 2L TRAD AZ;PERFUMARIA E LIMPEZA;89545;04/07/2026;166838;89382;6;354;6;7;0;04/07/2026;WENDRIO;5
13;19372;INSET NITROCID PO 50G;PERFUMARIA E LIMPEZA;89545;04/07/2026;166838;89382;1;6;1;2;0;04/07/2026;WENDRIO;1
13;33884;DET LIQ OMO CICLO RAPIDO 750ML TOTAL;PERFUMARIA E LIMPEZA;89545;04/07/2026;166838;89382;12;23;12;1;0;04/07/2026;WENDRIO;12
13;9288;DESINF YPE BAK 500ML FLORAL BAK;PERFUMARIA E LIMPEZA;89545;04/07/2026;166838;89382;12;12;12;2;0;04/07/2026;WENDRIO;0
13;34564;CREME JOAO E MARIA 40G P ASSADURA;PERFUMARIA E LIMPEZA;89545;04/07/2026;166838;89382;1;33;1;0;0;04/07/2026;AUGUSTO;1
13;17313;DESOD ROLLON REXONA 50ML MEN ANTIBAC;PERFUMARIA E LIMPEZA;89545;04/07/2026;166838;89382;12;0;12;1;1;04/07/2026;AUGUSTO;1
13;17317;DESOD ROLLON REXONA 50ML XTRA COOL;PERFUMARIA E LIMPEZA;89545;04/07/2026;166838;89382;12;540;48;0;0;04/07/2026;AUGUSTO;0
13;9123;COND GOTA DOURADA FORT CABEL 430ML DESAMARELADOR;PERFUMARIA E LIMPEZA;89545;04/07/2026;166838;89382;12;0;12;0;0;04/07/2026;AUGUSTO;0
13;4195;AMAC DOWNY 750ML INTENSO;PERFUMARIA E LIMPEZA;89545;04/07/2026;166838;89382;12;0;12;1;0;04/07/2026;WENDRIO;0
13;3893;ABS C ABAS DIA NOITE 32 UN SUAVE;PERFUMARIA E LIMPEZA;89545;04/07/2026;166838;89382;16;175;16;1;0;;;1
13;20010;LC HID MAIS 500ML PERFUME BEBE;PERFUMARIA E LIMPEZA;89545;04/07/2026;166838;89382;12;0;12;0;0;04/07/2026;AUGUSTO;0
13;37728;LIMP PERF UAU CHA BRANCO PROMO 1 8L;PERFUMARIA E LIMPEZA;89545;04/07/2026;166838;89382;1;99;9;1;0;04/07/2026;WENDRIO;9
13;33882;DET LIQ OMO CICLO RAPIDO 750ML ANTIODOR;PERFUMARIA E LIMPEZA;89545;04/07/2026;166838;89382;12;60;12;2;0;04/07/2026;WENDRIO;6
13;5546;DESOD AERO GLADE 360ML EMB ECONOMIC FRUTAS E FLORE;PERFUMARIA E LIMPEZA;89545;04/07/2026;166838;89382;12;0;12;1;0;04/07/2026;WENDRIO;3
13;22657;QUEROSENE ZAVASKI 500ML;PERFUMARIA E LIMPEZA;89545;04/07/2026;166838;89382;12;60;12;1;0;04/07/2026;WENDRIO;8
13;20008;LC HID MAIS 500ML AMENDOAS;PERFUMARIA E LIMPEZA;89545;04/07/2026;166838;89382;12;0;12;0;0;04/07/2026;AUGUSTO;0
13;20009;LC HID MAIS 500ML COLAG U VIT E;PERFUMARIA E LIMPEZA;89545;04/07/2026;166838;89382;12;0;12;0;0;04/07/2026;AUGUSTO;0
14;6780;LEITE NINHO UHT TP LEVINHO 1L SEMI DESNATADO;PERECIVEIS;89519;04/07/2026;166824;89971;12;48;12;2;0;;;2
14;6799;LEITE SANTA CLARA 1L ZERO LACTOSE;PERECIVEIS;89519;04/07/2026;166824;89971;12;48;12;10;0;;;-105
14;6786;LEITE LV EDGE ELEGE 1L SEMI DESNATADO;PERECIVEIS;89519;04/07/2026;166824;89971;12;0;12;2;0;;;68
14;6801;LEITE UHT TP NINHO 1L INTEGRAL;PERECIVEIS;89519;04/07/2026;166824;89971;12;1347;24;7;0;;;76
14;6782;LEITE UHT TIROL C TAMPA 1L DESN;PERECIVEIS;89519;04/07/2026;166824;89971;12;1421;12;6;0;;;64
14;6798;LEITE SANTA CLARA 1L SENIOR 50;PERECIVEIS;89519;04/07/2026;166824;89971;12;0;12;1;0;;;-22
14;6781;LEITE LV EDGE ELEGE 1L INTEGRAL;PERECIVEIS;89519;04/07/2026;166824;89971;12;204;12;3;0;;;694
14;6791;LEITE UHT PET ELEGE 1L DESNATADO;PERECIVEIS;89519;04/07/2026;166824;89971;6;348;6;10;0;;;2
14;6792;LEITE UHT PET ELEGE 1L INTEGRAL;PERECIVEIS;89519;04/07/2026;166824;89971;6;4261;6;8;0;;;52
14;6784;LEITE UHT TIROL C TAMP 1L SEMI DESN;PERECIVEIS;89519;04/07/2026;166824;89971;12;1972;12;2;0;;;42
14;3516;FERM PO BIOL GOOD INSTANT SH 125G;MERCEARIA;89547;04/07/2026;166839;89971;12;600;12;2;0;07/07/2026;ERICA;17
14;17164;DESINF AQUAFAST 5L MARINE;PERFUMARIA E LIMPEZA;89547;04/07/2026;166839;89971;4;112;12;3;0;;;1
14;5698;DETERG YPE 500ML LIMAO;PERFUMARIA E LIMPEZA;89547;04/07/2026;166839;89971;24;4665;24;4;0;;;449
14;4177;AMAC DOWNY 1 5L BRISA INTENSO;PERFUMARIA E LIMPEZA;89547;04/07/2026;166839;89971;9;585;18;5;0;;;-41
14;2104;ARROZ BCO PRATO FINO T1 2K;MERCEARIA;89547;04/07/2026;166839;89971;5;0;5;3;0;;;0
14;3762;AJI SAL 1KG P CHURRASCO;MERCEARIA;89547;04/07/2026;166839;89971;12;0;12;3;0;;;120
14;3539;FERM PO QUIMICO GOOD INSTANT SH 11G;MERCEARIA;89547;04/07/2026;166839;89971;50;100;50;2;0;07/07/2026;ERICA;33
14;3394;CALDO GALINHA KNORR 114G;MERCEARIA;89547;04/07/2026;166839;89971;1;677;1;10;0;07/07/2026;ERICA;20
14;17313;DESOD ROLLON REXONA 50ML MEN ANTIBAC;PERFUMARIA E LIMPEZA;89547;04/07/2026;166839;89971;12;0;12;1;0;;;3
14;5845;ESC DENTAL ORAL B INDICAT35 L2P1;PERFUMARIA E LIMPEZA;89547;04/07/2026;166839;89971;1;6;9;9;0;;;2
14;5695;DETERG YPE 500ML COCO;PERFUMARIA E LIMPEZA;89547;04/07/2026;166839;89971;24;4800;24;4;0;;;600
14;5691;DETERG YPE 500 ML CLEAR;PERFUMARIA E LIMPEZA;89547;04/07/2026;166839;89971;24;4488;24;3;0;;;0
14;3635;SAL MOIDO CBS 1KG;MERCEARIA;89547;04/07/2026;166839;89971;10;2324;10;7;0;;;39
14;1058;ALFAJOR EL AGUILA 60G CHOC;MERCEARIA;89547;04/07/2026;166839;89971;12;924;12;1;0;07/07/2026;ERICA;-10
14;1839;PAST DOCILE ROLLY MINTY 29G MORANGO;MERCEARIA;89547;04/07/2026;166839;89971;12;0;12;1;0;07/07/2026;ERICA;3
14;17733;ESC CAB FLORENCE RETAN 600BT;PERFUMARIA E LIMPEZA;89547;04/07/2026;166839;89971;1;2;1;1;0;;;-1
14;12391;AMACIANTE AQUAFAST 1L SED VERM;PERFUMARIA E LIMPEZA;89547;04/07/2026;166839;89971;12;12;12;1;0;;;9
14;1421;CHOC BIS XTRA OREO BCO 45G;MERCEARIA;89547;04/07/2026;166839;89971;24;0;24;1;0;07/07/2026;ERICA;0
14;9276;DESENG AQUAFAST COZINHA 500ML LIMAO;PERFUMARIA E LIMPEZA;89547;04/07/2026;166839;89971;12;0;12;1;0;;;6
14;15494;CANJICA AMARELA JUREIA 500G;MERCEARIA;89547;04/07/2026;166839;89971;12;29;12;2;0;;;6
14;17315;DESOD ROLLON REXONA 50ML V8;PERFUMARIA E LIMPEZA;89547;04/07/2026;166839;89971;12;456;36;0;0;;;0
14;33529;HID LABIAL CARMED 10G BRIGADEIRO;PERFUMARIA E LIMPEZA;89547;04/07/2026;166839;89971;1;41;1;1;0;;;10
14;6680;LAVA ROUPA AQUAFAST 1L BABY;PERFUMARIA E LIMPEZA;89547;04/07/2026;166839;89971;12;0;24;2;0;;;14
14;2808;POLENTA CBS 500G PRE COZIDA;MERCEARIA;89547;04/07/2026;166839;89971;12;0;12;2;0;;;3
14;3433;SOPA CARNE MAGGI 63G CONCHINHAS;MERCEARIA;89547;04/07/2026;166839;89971;10;28;10;1;0;07/07/2026;ERICA;31
14;3512;FERM PO BIOL GOOD INSTANT SH 10G;MERCEARIA;89547;04/07/2026;166839;89971;30;6180;30;23;0;07/07/2026;ERICA;-22
14;20434;MAMAD LOLLY CLEAN 250ML;PERFUMARIA E LIMPEZA;89547;04/07/2026;166839;89971;6;0;6;6;0;;;1
14;1269;CHOC BARRA LACTA 80G LAKA;MERCEARIA;89547;04/07/2026;166839;89971;17;68;17;2;0;07/07/2026;ERICA;2
14;1282;CHOC BARRA LACTA AO LEITE 80G;MERCEARIA;89547;04/07/2026;166839;89971;17;85;17;1;0;07/07/2026;ERICA;47
14;347;CERV PATAGONIA AMBER LT 473ML;BEBIDAS;89547;04/07/2026;166839;89971;6;0;6;1;1;07/07/2026;MURILO;9
14;3628;SAL GROSSO CBS 1KG;MERCEARIA;89547;04/07/2026;166839;89971;15;59;15;2;0;;;7
14;12289;AGUA SANIT IMPERIAL 1L;PERFUMARIA E LIMPEZA;89547;04/07/2026;166839;89971;12;0;12;1;0;;;0
14;8149;SH ANTIC CLEAR 200ML MEN LIMPEZA PROFUND;PERFUMARIA E LIMPEZA;89547;04/07/2026;166839;89971;12;36;24;2;0;;;14
14;16139;CHUP LOLLY BORBOLETA SIL T2 BRANC;PERFUMARIA E LIMPEZA;89547;04/07/2026;166839;89971;6;0;12;2;0;;;7
14;1426;CHOC BIS XTRA BLACK CHOCOLATE 45G;MERCEARIA;89547;04/07/2026;166839;89971;24;24;24;1;0;07/07/2026;ERICA;4
14;9857;MASC GOTA DOURADA 500G DESAMARELADOR;PERFUMARIA E LIMPEZA;89547;04/07/2026;166839;89971;12;0;12;1;0;;;0
14;8806;AGUA SANIT GIRANDO SOL 2L;PERFUMARIA E LIMPEZA;89547;04/07/2026;166839;89971;6;924;42;8;0;;;2
14;2302;FEIJAO BRANCO CALDO OURO 500G;MERCEARIA;89547;04/07/2026;166839;89971;10;435;10;1;0;;;16
17;6783;LEITE UHT TIROL C TAMPA 1L INTEGRAL;PERECIVEIS;89521;04/07/2026;166879;89378;12;55360;1020;0;0;;;2591
17;9857;MASC GOTA DOURADA 500G DESAMARELADOR;PERFUMARIA E LIMPEZA;89549;04/07/2026;166840;89383;12;0;12;0;0;04/07/2026;AUGUSTO;0
17;1445;CHOC NEUGEBAUER STIKADINHO 61 5G;MERCEARIA;89549;04/07/2026;166840;89383;56;14;56;1;0;07/07/2026;WENDRIO;-2
17;20010;LC HID MAIS 500ML PERFUME BEBE;PERFUMARIA E LIMPEZA;89549;04/07/2026;166840;89383;12;0;12;0;0;04/07/2026;AUGUSTO;0
17;2811;POLENTINA QUAKER 500G;MERCEARIA;89549;04/07/2026;166840;89383;30;840;60;2;0;;;-54
17;1058;ALFAJOR EL AGUILA 60G CHOC;MERCEARIA;89549;04/07/2026;166840;89383;12;924;24;2;0;07/07/2026;WENDRIO;-5
17;17450;DOCE N BONN PEZAO 1K PE MOLEQUE;MERCEARIA;89549;04/07/2026;166840;89383;12;12;12;0;0;08/07/2026;JOCELAINE;-2
17;302;VH SANGUE BOI TINTO 4L SC;BEBIDAS;89549;04/07/2026;166840;89383;2;0;2;1;0;06/07/2026;ALEXSANDER;5
17;7232;OLEO KING 100ML MULTIUSO;PERFUMARIA E LIMPEZA;89549;04/07/2026;166840;89383;6;42;6;0;0;04/07/2026;AUGUSTO;17
17;25433;VH CONCHA Y TORO RESERV CAB SUAVE 750ML;BEBIDAS;89549;04/07/2026;166840;89383;12;24;12;1;0;06/07/2026;ALEXSANDER;10
17;615;SUCO DEL VALLE TP 200ML PESSEGO;BEBIDAS;89549;04/07/2026;166840;89383;18;36;18;1;0;06/07/2026;ALEXSANDER;29
17;1426;CHOC BIS XTRA BLACK CHOCOLATE 45G;MERCEARIA;89549;04/07/2026;166840;89383;24;24;24;1;0;07/07/2026;WENDRIO;22
17;687;ESP GARIBALDI PRIMICIAS GF 660ML ROSE;BEBIDAS;89549;04/07/2026;166840;89383;1;19;1;1;0;07/07/2026;WENDRIO;17
17;633;VODKA TAIGA PREMIUM VD 1L;BEBIDAS;89549;04/07/2026;166840;89383;1;3;1;1;0;07/07/2026;WENDRIO;6
17;17309;DESOD ROLLON REXONA 50ML F POWDER;PERFUMARIA E LIMPEZA;89549;04/07/2026;166840;89383;12;300;36;2;2;04/07/2026;AUGUSTO;62
17;784;REFRIG ANTARCTICA GUARANA PET 2L;BEBIDAS;89549;04/07/2026;166840;89383;8;78;440;0;0;04/07/2026;TEIXEIRA;-158
17;82;AGUA TONICA ANTARTICA PET 1L;BEBIDAS;89549;04/07/2026;166840;89383;6;0;6;1;0;06/07/2026;ALEXSANDER;0
17;3400;BARRA CEREAL RITTER 25G BAN AVEIA MEL;MERCEARIA;89549;04/07/2026;166840;89383;24;120;24;1;0;07/07/2026;WENDRIO;-45
17;3539;FERM PO QUIMICO GOOD INSTANT SH 11G;MERCEARIA;89549;04/07/2026;166840;89383;50;100;50;1;0;07/07/2026;WENDRIO;2
17;13514;BLO LIXA P UNHA BONITTA;PERFUMARIA E LIMPEZA;89549;04/07/2026;166840;89383;1;1;1;0;0;04/07/2026;AUGUSTO;3
17;17025;CURATIVO COTTONBABY 10UN TRAD;PERFUMARIA E LIMPEZA;89549;04/07/2026;166840;89383;36;0;36;0;0;04/07/2026;AUGUSTO;2
17;1982;CAPUCCINO PRONTO 3C 260ML PINGADO;MERCEARIA;89549;04/07/2026;166840;89383;6;0;6;1;0;06/07/2026;ALEXSANDER;7
17;684;SUCO MAGUARY CONCENTRADO PET 500ML MARACUJA;BEBIDAS;89549;04/07/2026;166840;89383;12;9;12;1;0;06/07/2026;ALEXSANDER;12
17;3512;FERM PO BIOL GOOD INSTANT SH 10G;MERCEARIA;89549;04/07/2026;166840;89383;30;6180;30;1;0;07/07/2026;WENDRIO;6
17;17317;DESOD ROLLON REXONA 50ML XTRA COOL;PERFUMARIA E LIMPEZA;89549;04/07/2026;166840;89383;12;540;48;0;0;04/07/2026;AUGUSTO;8
17;20009;LC HID MAIS 500ML COLAG U VIT E;PERFUMARIA E LIMPEZA;89549;04/07/2026;166840;89383;12;0;12;0;0;04/07/2026;AUGUSTO;0
17;12528;AP GILLETTE C 8 L8P6;PERFUMARIA E LIMPEZA;89549;04/07/2026;166840;89383;3;10;3;0;0;04/07/2026;AUGUSTO;15
17;12411;AMACIANTE GIRANDO SOL 500ML COCO;PERFUMARIA E LIMPEZA;89549;04/07/2026;166840;89383;12;144;24;2;0;;;-7
17;781;REFRIG SUKITA PET 200ML;BEBIDAS;89549;04/07/2026;166840;89383;12;252;24;2;0;06/07/2026;ALEXSANDER;8
17;17733;ESC CAB FLORENCE RETAN 600BT;PERFUMARIA E LIMPEZA;89549;04/07/2026;166840;89383;1;2;1;0;0;04/07/2026;AUGUSTO;1
17;3399;CALDO APTI 57G BACON;MERCEARIA;89549;04/07/2026;166840;89383;120;20;120;1;0;07/07/2026;WENDRIO;4
17;17313;DESOD ROLLON REXONA 50ML MEN ANTIBAC;PERFUMARIA E LIMPEZA;89549;04/07/2026;166840;89383;12;0;12;1;1;04/07/2026;AUGUSTO;29
17;17315;DESOD ROLLON REXONA 50ML V8;PERFUMARIA E LIMPEZA;89549;04/07/2026;166840;89383;12;456;48;4;4;04/07/2026;AUGUSTO;0
17;20008;LC HID MAIS 500ML AMENDOAS;PERFUMARIA E LIMPEZA;89549;04/07/2026;166840;89383;12;0;12;0;0;04/07/2026;AUGUSTO;0
17;296;VH SANGUE BOI BCO 750ML SV;BEBIDAS;89549;04/07/2026;166840;89383;6;67;6;1;0;06/07/2026;ALEXSANDER;2
17;25463;VODKA SPRITE ABSOLUT LT 269ML;BEBIDAS;89549;04/07/2026;166840;89383;6;6;6;1;0;06/07/2026;ALEXSANDER;-3
18;6781;LEITE LV EDGE ELEGE 1L INTEGRAL;PERECIVEIS;89523;04/07/2026;166826;89970;12;204;12;0;0;06/07/2026;ALEXSANDER;0
18;9745;LEITE UHT SANTA CLARA DESN 1L;PERECIVEIS;89523;04/07/2026;166826;89970;12;156;24;0;0;06/07/2026;ALEXSANDER;121
18;6792;LEITE UHT PET ELEGE 1L INTEGRAL;PERECIVEIS;89523;04/07/2026;166826;89970;6;4261;36;17;17;06/07/2026;ALEXSANDER;-11
18;6784;LEITE UHT TIROL C TAMP 1L SEMI DESN;PERECIVEIS;89523;04/07/2026;166826;89970;12;1972;84;0;0;06/07/2026;ALEXSANDER;83
18;6787;LEITE LV ELEGE 1L ZERO LAC SEMI DES;PERECIVEIS;89523;04/07/2026;166826;89970;12;238;24;0;0;06/07/2026;ALEXSANDER;77
18;6800;LEITE UHT MOLICO TP 1L DESNAT;PERECIVEIS;89523;04/07/2026;166826;89970;12;2352;24;2;2;06/07/2026;ALEXSANDER;27
18;6782;LEITE UHT TIROL C TAMPA 1L DESN;PERECIVEIS;89523;04/07/2026;166826;89970;12;1421;24;5;5;06/07/2026;ALEXSANDER;106
18;6799;LEITE SANTA CLARA 1L ZERO LACTOSE;PERECIVEIS;89523;04/07/2026;166826;89970;12;48;12;0;0;06/07/2026;ALEXSANDER;34
18;6791;LEITE UHT PET ELEGE 1L DESNATADO;PERECIVEIS;89523;04/07/2026;166826;89970;6;348;48;0;0;06/07/2026;ALEXSANDER;1
18;12420;AMAC GOTA LIMPA 2L PETALAS;PERFUMARIA E LIMPEZA;89551;04/07/2026;166841;89970;6;186;6;2;2;07/07/2026;ALEX JARDIM;16
18;6681;LAVA ROUPA AQUAFAST 2L GLICERINA;PERFUMARIA E LIMPEZA;89551;04/07/2026;166841;89970;6;6;6;1;1;07/07/2026;PAMELA;8
18;6938;LIMP VIDRO AQUAFAST 500ML BORRIFAD;PERFUMARIA E LIMPEZA;89551;04/07/2026;166841;89970;12;0;12;1;1;07/07/2026;PAMELA;31
18;10202;SABAO BARRA GIRANDO SOL GLIC 5X200G;PERFUMARIA E LIMPEZA;89551;04/07/2026;166841;89970;10;29;20;2;2;07/07/2026;PAMELA;16
18;17341;DET LIQ BIO KRISS 500ML NEUTRO;PERFUMARIA E LIMPEZA;89551;04/07/2026;166841;89970;24;12840;96;4;4;07/07/2026;PAMELA;145
18;17159;DESINFETANTE AQUAFAST 1L MARINE;PERFUMARIA E LIMPEZA;89551;04/07/2026;166841;89970;12;48;36;3;0;;;31
18;37863;CREME LEITE TP DAUS 200G;MERCEARIA;89551;04/07/2026;166841;89970;27;189;27;0;0;06/07/2026;ALEXSANDER;-26
18;3431;SOPA GALINHA MAGGI 60G FIDELINI;MERCEARIA;89551;04/07/2026;166841;89970;10;59;10;1;0;07/07/2026;ERICA;21
18;3539;FERM PO QUIMICO GOOD INSTANT SH 11G;MERCEARIA;89551;04/07/2026;166841;89970;50;100;50;1;0;07/07/2026;ERICA;33
18;3951;AGUA SANIT Q BOA 2L;PERFUMARIA E LIMPEZA;89551;04/07/2026;166841;89970;6;20;18;0;0;07/07/2026;ALEX JARDIM;-6
18;24641;TCO P PES AMAZONIA 100G FRESH;PERFUMARIA E LIMPEZA;89551;04/07/2026;166841;89970;48;336;48;1;1;06/07/2026;PAMELA;28
18;5021;COND PANTENE 150ML COLAGENO;PERFUMARIA E LIMPEZA;89551;04/07/2026;166841;89970;12;48;12;0;0;06/07/2026;PAMELA;7
18;5565;DESOD AERO NIVEA 90G DRY IMPACT;PERFUMARIA E LIMPEZA;89551;04/07/2026;166841;89970;12;182;12;0;0;06/07/2026;PAMELA;7
18;6747;LEAVE IN SEDA 110ML LUMINOUS UV;PERFUMARIA E LIMPEZA;89551;04/07/2026;166841;89970;6;0;6;0;0;06/07/2026;PAMELA;11
18;8416;SH COND TRESEMME 350ML 175ML RECONST E FORCA;PERFUMARIA E LIMPEZA;89551;04/07/2026;166841;89970;16;48;32;0;0;06/07/2026;PAMELA;-1
18;35687;DESOD CREME SECRET CLEAR COTT 45G GEL;PERFUMARIA E LIMPEZA;89551;04/07/2026;166841;89970;1;0;2;2;0;;;17
18;9857;MASC GOTA DOURADA 500G DESAMARELADOR;PERFUMARIA E LIMPEZA;89551;04/07/2026;166841;89970;12;0;12;1;0;;;0
18;842;EXT TOM FUGINI SH 1 7KG;MERCEARIA;89551;04/07/2026;166841;89970;6;6;6;0;0;06/07/2026;ALEXSANDER;-6
18;5681;DET LIQ GOTA LIMPA 500ML MARINE;PERFUMARIA E LIMPEZA;89551;04/07/2026;166841;89970;24;4149;24;1;1;07/07/2026;ALEX JARDIM;62
18;17190;DESINF IMPERIAL 5L LAVANDA;PERFUMARIA E LIMPEZA;89551;04/07/2026;166841;89970;4;23;4;0;0;07/07/2026;PAMELA;7
18;6704;LAVA ROUPA GIRANDO SOL 2L ACAO TTAL;PERFUMARIA E LIMPEZA;89551;04/07/2026;166841;89970;6;96;18;4;4;07/07/2026;PAMELA;-1
18;18763;FRALDA DESC MILI GIGA M C 88 C 88 M;PERFUMARIA E LIMPEZA;89551;04/07/2026;166841;89970;4;32;8;2;0;;;30
18;4207;AMAC GIRANDO SOL 2L VERMELHO;PERFUMARIA E LIMPEZA;89551;04/07/2026;166841;89970;6;396;6;1;1;07/07/2026;PAMELA;39
18;964;OLEO LIZA GIRASSOL 900ML;MERCEARIA;89551;04/07/2026;166841;89970;20;20;20;2;0;;;0
18;784;REFRIG ANTARCTICA GUARANA PET 2L;BEBIDAS;89551;04/07/2026;166841;89970;8;78;16;4;0;;;0
18;3831;KEEP COOLER CLASSIC CITRUS 275ML;BEBIDAS;89551;04/07/2026;166841;89970;6;192;24;1;0;;;0
18;3762;AJI SAL 1KG P CHURRASCO;MERCEARIA;89551;04/07/2026;166841;89970;12;0;12;1;0;;;43
18;2698;KIMILHO YOKI 500G FLOCAO;MERCEARIA;89551;04/07/2026;166841;89970;12;6;24;3;0;;;3
18;2786;FAROFA MANDIOCA YOKI 200G TRADICIONAL;MERCEARIA;89551;04/07/2026;166841;89970;14;14;14;2;0;;;61
18;2437;POPCORN YOKI 100G BACON;MERCEARIA;89551;04/07/2026;166841;89970;36;196;36;1;0;;;93
18;2793;FAROFA CASEIRISSIMA YOKI 200G CEBOLA;MERCEARIA;89551;04/07/2026;166841;89970;12;0;12;1;0;;;42
18;35236;BOMBOM LACTA OREO 20G;MERCEARIA;89551;04/07/2026;166841;89970;27;0;54;2;0;07/07/2026;ERICA;0
18;640;WHISKY BLEND SEVEN 1L;BEBIDAS;89551;04/07/2026;166841;89970;1;54;3;3;0;07/07/2026;ERICA;9
18;1395;CHOC NESTLE PRESTIGIO 33G UN;MERCEARIA;89551;04/07/2026;166841;89970;30;0;30;1;0;;;30
18;5302;CR PENT SEDA 300ML CACH DEFINIDOS;PERFUMARIA E LIMPEZA;89551;04/07/2026;166841;89970;12;24;12;0;0;06/07/2026;PAMELA;0
18;5317;CR PENT SEDA 350ML BOOM DEFINICAO INTEN;PERFUMARIA E LIMPEZA;89551;04/07/2026;166841;89970;12;48;12;0;0;06/07/2026;PAMELA;4
18;10164;SAB LIQ PAMPERS REF 350ML GLICERINA;PERFUMARIA E LIMPEZA;89551;04/07/2026;166841;89970;6;6;6;1;1;06/07/2026;PAMELA;0
18;17317;DESOD ROLLON REXONA 50ML XTRA COOL;PERFUMARIA E LIMPEZA;89551;04/07/2026;166841;89970;12;540;48;4;0;;;-5
18;4218;AMAC YPE 2L INTENSO;PERFUMARIA E LIMPEZA;89551;04/07/2026;166841;89970;6;479;6;1;1;07/07/2026;ALEX JARDIM;19
18;37437;AGUA SANITARIA SUPREMA 2 L;PERFUMARIA E LIMPEZA;89551;04/07/2026;166841;89970;6;2646;36;11;11;07/07/2026;ALEX JARDIM;7
18;5435;DESINF GIRANDO SOL 2L LAVANDA;PERFUMARIA E LIMPEZA;89551;04/07/2026;166841;89970;6;329;6;2;2;07/07/2026;ALEX JARDIM;13
18;5438;DESINF GIRANDO SOL 2L TALCO;PERFUMARIA E LIMPEZA;89551;04/07/2026;166841;89970;6;204;6;2;2;07/07/2026;PAMELA;12
18;20120;LIMP AQUAFAST DESENG 500ML LIMAO PULV;PERFUMARIA E LIMPEZA;89551;04/07/2026;166841;89970;12;12;12;1;1;07/07/2026;PAMELA;6
18;5434;DESINF AQUAFAST HARMONIA 2L LAVANDA;PERFUMARIA E LIMPEZA;89551;04/07/2026;166841;89970;6;149;12;3;3;07/07/2026;PAMELA;8
18;10473;LIMP YPE PERFUMADO 500ML AMOR DE VERAO;PERFUMARIA E LIMPEZA;89551;04/07/2026;166841;89970;24;48;24;2;0;;;4
18;840;REFRIG PEPSI PET 3L;BEBIDAS;89551;04/07/2026;166841;89970;4;352;72;22;0;;;1
18;2792;FAROFA CASEIRISSIMA YOKI 200G BANANA;MERCEARIA;89551;04/07/2026;166841;89970;12;0;12;1;0;;;12
18;1747;CHICLE FREEGELLS GUM 8G ORIG CHERRY;MERCEARIA;89551;04/07/2026;166841;89970;15;15;15;1;0;07/07/2026;ERICA;5
18;1058;ALFAJOR EL AGUILA 60G CHOC;MERCEARIA;89551;04/07/2026;166841;89970;12;924;12;1;0;07/07/2026;ERICA;8
18;3401;BARRA CEREAL RITTER 25G BANANA ZR ACUC;MERCEARIA;89551;04/07/2026;166841;89970;24;48;24;1;0;07/07/2026;ERICA;0
18;23021;SAB LIQ BELEZA AMAZONIA 370ML ERV DOCE;PERFUMARIA E LIMPEZA;89551;04/07/2026;166841;89970;12;12;12;0;0;06/07/2026;PAMELA;10
18;16935;CR TRAT HEDERA 960G CERAMIDAS;PERFUMARIA E LIMPEZA;89551;04/07/2026;166841;89970;6;138;6;0;0;06/07/2026;PAMELA;1
18;38617;CD DOVE NUTRI TRIOLEOS 370ML;PERFUMARIA E LIMPEZA;89551;04/07/2026;166841;89970;1;9;6;0;0;06/07/2026;PAMELA;0
18;5057;COND SEDA 300ML LUMINOUS UV;PERFUMARIA E LIMPEZA;89551;04/07/2026;166841;89970;12;0;24;2;2;06/07/2026;PAMELA;15
18;17309;DESOD ROLLON REXONA 50ML F POWDER;PERFUMARIA E LIMPEZA;89551;04/07/2026;166841;89970;12;300;24;3;0;;;69
18;9123;COND GOTA DOURADA FORT CABEL 430ML DESAMARELADOR;PERFUMARIA E LIMPEZA;89551;04/07/2026;166841;89970;12;0;12;1;0;;;0
18;24638;TCO CORP JAYLUC 80G JASMIN;PERFUMARIA E LIMPEZA;89551;04/07/2026;166841;89970;12;36;12;1;0;;;8
18;4115;ALVEJ GIRANDO SOL 2L S CLORO;PERFUMARIA E LIMPEZA;89551;04/07/2026;166841;89970;6;188;6;0;0;07/07/2026;PAMELA;-2
18;35162;DET LIQUIDO OMO CICLO 1 4L RAP ACAO;PERFUMARIA E LIMPEZA;89551;04/07/2026;166841;89970;6;30;6;0;0;07/07/2026;PAMELA;5
18;152;CERV BRAHMA CHOPP LT 473ML;BEBIDAS;89551;04/07/2026;166880;89379;12;1536;2640;0;0;;;716
18;17326;DET LIQ AQUAFAST 3L FLORES BCAS;PERFUMARIA E LIMPEZA;89551;04/07/2026;166841;89970;4;28;4;1;1;07/07/2026;ALEX JARDIM;7
18;6683;LAVA ROUPA AQUAFAST 3L MULTIACAO;PERFUMARIA E LIMPEZA;89551;04/07/2026;166841;89970;4;200;8;2;2;07/07/2026;PAMELA;32
18;847;REFRIG COCA COLA PET 600ML;BEBIDAS;89551;04/07/2026;166841;89970;12;3516;180;17;0;;;9
18;36199;SAB LIQ MADE IN BRAZIL 1L CHA BCO;PERFUMARIA E LIMPEZA;89551;04/07/2026;166841;89970;12;48;24;1;1;06/07/2026;PAMELA;0
18;24820;TINTURA BELAECOR 147G 4 66 VERM PROF;PERFUMARIA E LIMPEZA;89551;04/07/2026;166841;89970;6;6;6;0;0;06/07/2026;PAMELA;16
18;4230;AMPOLA PANTENE 45ML 3UN TRAT HIDRATA;PERFUMARIA E LIMPEZA;89551;04/07/2026;166841;89970;1;1;1;0;0;06/07/2026;PAMELA;13
18;4945;COND DOVE 250ML BOND INTENSE;PERFUMARIA E LIMPEZA;89551;04/07/2026;166841;89970;12;12;12;1;1;06/07/2026;PAMELA;12
18;35674;SAB IARA 300G;PERFUMARIA E LIMPEZA;89551;04/07/2026;166841;89970;28;0;28;0;0;06/07/2026;PAMELA;77
18;17294;DESOD ROLLON DOVE 50ML ROMA VERBENA;PERFUMARIA E LIMPEZA;89551;04/07/2026;166841;89970;12;3;12;1;1;06/07/2026;PAMELA;3
18;6022;ESPUMA BARBA BOZZANO 193G PELE SENSIVEL;PERFUMARIA E LIMPEZA;89551;04/07/2026;166841;89970;6;126;12;1;1;06/07/2026;PAMELA;0
18;34568;CR DENT COLGATE NATURALS 90G BIC E HORTELA;PERFUMARIA E LIMPEZA;89551;04/07/2026;166841;89970;12;144;12;0;0;06/07/2026;PAMELA;27
18;17315;DESOD ROLLON REXONA 50ML V8;PERFUMARIA E LIMPEZA;89551;04/07/2026;166841;89970;12;456;36;0;0;;;0
18;20280;LUVA CONF LATEX XG AMARELA;PERFUMARIA E LIMPEZA;89551;04/07/2026;166841;89970;12;96;12;1;0;;;1
18;6682;LAVA ROUPA AQUAFAST 2L MULTIACAO;PERFUMARIA E LIMPEZA;89551;04/07/2026;166841;89970;6;0;6;1;1;07/07/2026;ALEX JARDIM;30
18;8837;ALVEJ AQUAFAST S CLORO 2L;PERFUMARIA E LIMPEZA;89551;04/07/2026;166841;89970;6;72;18;3;3;07/07/2026;PAMELA;0
18;12411;AMACIANTE GIRANDO SOL 500ML COCO;PERFUMARIA E LIMPEZA;89551;04/07/2026;166841;89970;12;144;24;3;0;;;16
18;15732;CERA LIQ GIRANDO SOL 750ML INCOLOR;PERFUMARIA E LIMPEZA;89551;04/07/2026;166841;89970;12;216;84;7;0;;;32
18;10203;SABAO BARRA GIRANDO SOL GILCER 200G;PERFUMARIA E LIMPEZA;89551;04/07/2026;166841;89970;50;0;100;2;0;;;-12
18;6909;LIMP PERF YPE 500ML JARDIM SECRETO;PERFUMARIA E LIMPEZA;89551;04/07/2026;166841;89970;24;144;48;2;0;;;45
18;6113;FRALDA GERIATRICA MILI VITA XG 07UN;PERFUMARIA E LIMPEZA;89551;04/07/2026;166841;89970;8;0;8;1;0;;;2
18;2568;MOLHO TOM CAJAMAR SH 300G TRAD;MERCEARIA;89551;04/07/2026;166841;89970;32;288;288;10;0;;;96
18;37007;FAROFA DINDA 200G BACON;MERCEARIA;89551;04/07/2026;166841;89970;25;75;25;1;0;;;4
18;2799;FAROFA MANDIOCA YOKI 400G TRADICIONAL;MERCEARIA;89551;04/07/2026;166841;89970;24;672;48;2;0;;;55
18;633;VODKA TAIGA PREMIUM VD 1L;BEBIDAS;89551;04/07/2026;166841;89970;1;3;1;1;0;07/07/2026;ERICA;6
18;5837;ESC DENTAL ORAL B 1 2 3 3UN;PERFUMARIA E LIMPEZA;89551;04/07/2026;166841;89970;36;144;36;0;0;06/07/2026;PAMELA;2
18;23002;SAB FONTANA SENSUS 150G LIMA LIMAO ORI;PERFUMARIA E LIMPEZA;89551;04/07/2026;166841;89970;72;720;72;0;0;06/07/2026;PAMELA;5
18;5303;CR PENT SEDA 300ML COLAGENO E VIT;PERFUMARIA E LIMPEZA;89551;04/07/2026;166841;89970;12;96;12;1;1;06/07/2026;PAMELA;4
18;5697;AMAC YPE PRO ROUPAS TECIDOS 7L;PERFUMARIA E LIMPEZA;89551;04/07/2026;166841;89970;1;73;1;0;0;07/07/2026;ALEX JARDIM;-1
18;20154;LIMP VEJA M USO 750ML ORIG;PERFUMARIA E LIMPEZA;89551;04/07/2026;166841;89970;12;24;12;0;0;07/07/2026;PAMELA;1
18;6689;LAVA ROUPA ARIEL 700ML CLASSIC REF;PERFUMARIA E LIMPEZA;89551;04/07/2026;166841;89970;10;83;20;0;0;07/07/2026;PAMELA;0
18;15724;CERA LIQ ANDREIA 750ML VERM;PERFUMARIA E LIMPEZA;89551;04/07/2026;166841;89970;12;204;24;0;0;07/07/2026;PAMELA;4
18;6705;LAVA ROUPA GIRANDO SOL 2L COCO;PERFUMARIA E LIMPEZA;89551;04/07/2026;166841;89970;6;42;18;3;3;07/07/2026;ALEX JARDIM;1
18;34845;ALVEJ BARBAREX 2L S CLORO;PERFUMARIA E LIMPEZA;89551;04/07/2026;166841;89970;6;732;6;1;1;07/07/2026;ALEX JARDIM;0
18;4217;AMAC YPE 2L ACONCHEGO;PERFUMARIA E LIMPEZA;89551;04/07/2026;166841;89970;6;1284;6;1;1;07/07/2026;ALEX JARDIM;18
18;5682;DET LIQ GOTA LIMPA 500ML NEUTRO;PERFUMARIA E LIMPEZA;89551;04/07/2026;166841;89970;24;4395;240;10;0;;;-123
18;15733;CERA LIQ GIRANDO SOL 750ML VERM;PERFUMARIA E LIMPEZA;89551;04/07/2026;166841;89970;12;0;72;6;0;;;22
18;12452;AMEND BCO BELLA DICA 400G;MERCEARIA;89551;04/07/2026;166841;89970;12;4100;48;7;0;;;21
18;1857;PAST DOCILE MINTY 14G TUTTI FRUTTI;MERCEARIA;89551;04/07/2026;166841;89970;12;96;12;1;0;07/07/2026;ERICA;6
18;5316;CR PENT SEDA 350ML BOOM DEFINICAO FLEXI;PERFUMARIA E LIMPEZA;89551;04/07/2026;166841;89970;12;0;12;1;1;06/07/2026;PAMELA;10
18;24643;TCO P PES AMAZONIA 100G MENTOLADO;PERFUMARIA E LIMPEZA;89551;04/07/2026;166841;89970;48;0;48;1;1;06/07/2026;PAMELA;20
18;8286;SH PANTENE 175ML COLAGENO;PERFUMARIA E LIMPEZA;89551;04/07/2026;166841;89970;6;22;6;0;0;06/07/2026;PAMELA;2
18;8256;SH MONANGE 325ML LISOS TE QUERO;PERFUMARIA E LIMPEZA;89551;04/07/2026;166841;89970;12;252;24;1;1;06/07/2026;PAMELA;0
18;7942;SABON PALMOLIVE NATURALS 150G GELEIA REAL;PERFUMARIA E LIMPEZA;89551;04/07/2026;166841;89970;72;0;72;1;1;06/07/2026;PAMELA;34
18;6707;LAVA ROUPA GIRANDO SOL 2L GLICERINA;PERFUMARIA E LIMPEZA;89551;04/07/2026;166841;89970;6;66;12;0;0;07/07/2026;ALEX JARDIM;8
18;5252;CR DENT CLOSE UP 70G TRIPLE MENTA AMER;PERFUMARIA E LIMPEZA;89551;04/07/2026;166841;89970;72;2532;144;0;0;06/07/2026;PAMELA;0
18;23118;SAB PALMOLIVE NATURALS 85G AMORA;PERFUMARIA E LIMPEZA;89551;04/07/2026;166841;89970;108;1524;108;0;0;06/07/2026;PAMELA;49
18;4256;AP PRESTOBARBA ULTRAGRIP 3L CART2UN;PERFUMARIA E LIMPEZA;89551;04/07/2026;166841;89970;1;2;1;1;0;;;9
18;9297;DET LIQ GOTA LIMPA 1L MACA;PERFUMARIA E LIMPEZA;89551;04/07/2026;166841;89970;12;156;24;0;0;07/07/2026;ALEX JARDIM;-50
18;12417;AMAC GOTA LIMPA 2L FASCINIO;PERFUMARIA E LIMPEZA;89551;04/07/2026;166841;89970;6;24;12;0;0;07/07/2026;ALEX JARDIM;12
18;17191;DESINF IMPERIAL 5L PINHO;PERFUMARIA E LIMPEZA;89551;04/07/2026;166841;89970;4;24;12;0;0;07/07/2026;ALEX JARDIM;0
18;8806;AGUA SANIT GIRANDO SOL 2L;PERFUMARIA E LIMPEZA;89551;04/07/2026;166841;89970;6;924;42;0;0;07/07/2026;PAMELA;12
18;2370;ERVILHA ODERICH LT 200G;MERCEARIA;89551;04/07/2026;166841;89970;24;120;24;0;0;06/07/2026;ALEXSANDER;107
18;33286;AMAC APYCE 5L TRAD AZL;PERFUMARIA E LIMPEZA;89551;04/07/2026;166841;89970;2;276;34;0;0;07/07/2026;ALEX JARDIM;-14
18;5419;DESENG GIRANDO SOL 500ML SQUEEZE COZINHA;PERFUMARIA E LIMPEZA;89551;04/07/2026;166841;89970;12;48;60;5;5;07/07/2026;PAMELA;1
18;5444;DESINF GIRANDO SOL 500ML TALCO;PERFUMARIA E LIMPEZA;89551;04/07/2026;166841;89970;12;108;84;7;7;07/07/2026;PAMELA;-4
18;6828;AGUA SABORIZ H2OH 500ML LIMONETO;BEBIDAS;89551;04/07/2026;166841;89970;12;0;48;4;0;;;2
18;796;REFRIG COCA COLA E FANTA GUARANA 2L;BEBIDAS;89551;04/07/2026;166841;89970;2;6;6;6;0;;;6
18;2681;FARINHA MANDIOCA YOKI 500G TORRADA;MERCEARIA;89551;04/07/2026;166841;89970;24;0;24;1;0;;;37
18;3628;SAL GROSSO CBS 1KG;MERCEARIA;89551;04/07/2026;166841;89970;15;59;30;2;0;;;111,39
18;648;WHISKY MASTER GOLD VD 900ML;BEBIDAS;89551;04/07/2026;166841;89970;1;85;1;1;0;07/07/2026;ERICA;11
18;8151;SH ANTIC CLEAR 200ML WOMEN HIDRATACAO INT;PERFUMARIA E LIMPEZA;89551;04/07/2026;166841;89970;12;108;12;0;0;06/07/2026;PAMELA;15
18;16154;CHUP LOLLY RED SIL ORT T2 AZUL;PERFUMARIA E LIMPEZA;89551;04/07/2026;166841;89970;12;12;12;0;0;06/07/2026;PAMELA;5
18;10276;SH GOTA DOURADA FORTALECIM 430ML DESAMARELADOR;PERFUMARIA E LIMPEZA;89551;04/07/2026;166841;89970;12;24;12;1;1;06/07/2026;PAMELA;0
18;36283;MASCARA DOVE UV REPAIR 250G;PERFUMARIA E LIMPEZA;89551;04/07/2026;166841;89970;6;6;6;0;0;06/07/2026;PAMELA;5
18;5253;CR DENTAL CLOSE UP 100G LIQUIFRESH ICE;PERFUMARIA E LIMPEZA;89551;04/07/2026;166841;89970;12;138;72;0;0;06/07/2026;PAMELA;43
18;1282;CHOC BARRA LACTA AO LEITE 80G;MERCEARIA;89551;04/07/2026;166841;89970;17;85;17;1;0;07/07/2026;ERICA;48
18;3414;BARRA CEREAL RITTER 22G CAST PARA;MERCEARIA;89551;04/07/2026;166841;89970;24;912;48;2;0;07/07/2026;ERICA;26
18;3510;FERM BIO PO FLEISCHMANN SH LV 125G PG 100G;MERCEARIA;89551;04/07/2026;166841;89970;16;112;16;1;0;07/07/2026;ERICA;0
18;4215;AMAC YPE 2L CARINHO;PERFUMARIA E LIMPEZA;89551;04/07/2026;166841;89970;6;25;6;0;0;07/07/2026;ALEX JARDIM;16
18;8195;SH DOVE 400ML RITUAL REPARA;PERFUMARIA E LIMPEZA;89551;04/07/2026;166841;89970;12;12;12;0;0;06/07/2026;PAMELA;8
18;5319;CR PENT SEDA 350ML BOOM VOLUME MAXIMO;PERFUMARIA E LIMPEZA;89551;04/07/2026;166841;89970;12;12;12;1;1;06/07/2026;PAMELA;9
18;17313;DESOD ROLLON REXONA 50ML MEN ANTIBAC;PERFUMARIA E LIMPEZA;89551;04/07/2026;166841;89970;12;0;12;1;0;;;13
18;17163;DESINF AQUAFAST 2L MARINE;PERFUMARIA E LIMPEZA;89551;04/07/2026;166841;89970;6;132;18;2;2;07/07/2026;ALEX JARDIM;2
18;17177;DESINF GOTA LIMPA 2L PINHO;PERFUMARIA E LIMPEZA;89551;04/07/2026;166841;89970;6;30;18;0;0;07/07/2026;ALEX JARDIM;6
18;5475;DESINF PINHO SOL 500ML CITRUS LIMAO;PERFUMARIA E LIMPEZA;89551;04/07/2026;166841;89970;12;0;12;0;0;07/07/2026;PAMELA;33
18;6826;LIM BANH MR MUSC RF 30 DESC 400ML;PERFUMARIA E LIMPEZA;89551;04/07/2026;166841;89970;12;24;12;0;0;07/07/2026;PAMELA;3
1;6795;LEITE UHT TIROL 1L ZERO LAC;PERECIVEIS;89866;06/07/2026;167666;89965;12;24;12;0;0;08/07/2026;FERNANDO.H;-11
1;6787;LEITE LV ELEGE 1L ZERO LAC SEMI DES;PERECIVEIS;89866;06/07/2026;167666;89965;12;238;12;0;0;08/07/2026;FERNANDO.H;-63
1;6780;LEITE NINHO UHT TP LEVINHO 1L SEMI DESNATADO;PERECIVEIS;89866;06/07/2026;167666;89965;12;48;12;0;0;08/07/2026;FERNANDO.H;5
1;3680;LEITE COND TRIANGULO TP 395G;MERCEARIA;89894;06/07/2026;167680;89965;27;81;27;0;0;08/07/2026;FERNANDO.H;0
1;10146;SAB FARNESE 180G FLOR CER VANILA;PERFUMARIA E LIMPEZA;89894;06/07/2026;167680;89965;36;1404;36;1;0;;;42
1;986;OLEO SOJA VITALIV PET 900ML;MERCEARIA;89894;06/07/2026;167680;89965;20;140;20;0;0;08/07/2026;FERNANDO.H;75
1;2378;DUETO FUGINI SH 170G ERVILHA MILHO;MERCEARIA;89894;06/07/2026;167680;89965;36;72;36;0;0;08/07/2026;FERNANDO.H;0
1;2217;ARROZ PARBO RAROZ TP1 1KG;MERCEARIA;89894;06/07/2026;167680;89965;30;1500;30;1;0;;;17
1;847;REFRIG COCA COLA PET 600ML;BEBIDAS;89894;06/07/2026;167680;89965;12;3516;12;0;0;08/07/2026;FERNANDO.H;31
1;2398;MILHO VERDE ODERICH LT 200G;MERCEARIA;89894;06/07/2026;167680;89965;24;717;24;1;1;08/07/2026;FERNANDO.H;17
1;2745;FARINHA TRIGO MARIA INES 1KG;MERCEARIA;89894;06/07/2026;167680;89965;10;15010;20;2;0;;;0
1;34978;SAB MARAN SUAVE 80G ROSAS;PERFUMARIA E LIMPEZA;89894;06/07/2026;167680;89965;108;51840;108;1;0;;;113
1;648;WHISKY MASTER GOLD VD 900ML;BEBIDAS;89894;06/07/2026;167680;89965;1;85;1;4;0;;;0
1;3848;ARROZ BCO BOM GOSTO TP1 5KG BOM GOSTO;MERCEARIA;89894;06/07/2026;167680;89965;6;796;30;5;0;;;-21
1;7426;PEDRA SANITARIA SANI SOL 20G LAVANDA;PERFUMARIA E LIMPEZA;89894;06/07/2026;167680;89965;144;3900;144;1;0;;;61
1;4258;AP PROBAK II LV7 PG5;PERFUMARIA E LIMPEZA;89894;06/07/2026;167680;89965;1;14;1;2;0;;;50
1;6618;KIT SH SEDA SH 300 COND 190ML LUMINIOUS UV;PERFUMARIA E LIMPEZA;89894;06/07/2026;167680;89965;15;690;15;1;0;;;11
1;10193;SAB SENSUS BEAUTY ESSENCE 80G AMANHECER PERS;PERFUMARIA E LIMPEZA;89894;06/07/2026;167680;89965;108;1944;108;1;0;;;52
1;750;ACUCAR CRISTAL GASPARIN 5KG;MERCEARIA;89894;06/07/2026;167680;89965;6;972;12;5;0;;;9
1;17309;DESOD ROLLON REXONA 50ML F POWDER;PERFUMARIA E LIMPEZA;89894;06/07/2026;167680;89965;12;300;12;2;0;;;3
1;2767;MAIONESE HELLMANNS SH 200G;MERCEARIA;89894;06/07/2026;167680;89965;24;4440;48;0;0;08/07/2026;FERNANDO.H;2
1;874;MAIONESE ODERICH SH 1KG;MERCEARIA;89894;06/07/2026;167680;89965;6;2844;6;1;1;08/07/2026;FERNANDO.H;5
1;2747;FARINHA TRIGO ROSESOL 5KG;MERCEARIA;89894;06/07/2026;167680;89965;5;30;5;2;0;;;0
1;759;REFRIG ANTARCTICA GUARANA PET 200ML;BEBIDAS;90151;06/07/2026;168105;91475;12;1596;60;5;0;;;21
1;6781;LEITE LV EDGE ELEGE 1L INTEGRAL;PERECIVEIS;90299;06/07/2026;168261;90517;12;204;132;0;0;08/07/2026;AUGUSTO;103
1;6787;LEITE LV ELEGE 1L ZERO LAC SEMI DES;PERECIVEIS;90299;06/07/2026;168261;90517;12;238;72;0;0;08/07/2026;AUGUSTO;-63
1;1197;BISC DOCE GIRASSOL ROSCA 250G BANANA E CANELA;MERCEARIA;90299;06/07/2026;168261;90517;22;2244;44;2;2;07/07/2026;CAROLINA;0
1;1189;BISC DOCE GIRASSOL ROSCA CALDA 250G;MERCEARIA;90299;06/07/2026;168261;90517;22;814;44;2;2;07/07/2026;CAROLINA;1
1;5691;DETERG YPE 500 ML CLEAR;PERFUMARIA E LIMPEZA;90376;06/07/2026;168346;91328;24;4488;120;5;5;07/07/2026;GABRIELL2;10
1;5693;DETERG YPE 500ML CAPIM LIMAO;PERFUMARIA E LIMPEZA;90376;06/07/2026;168346;91328;24;3096;96;4;4;07/07/2026;GABRIELL2;48
1;5692;DETERG YPE 500 ML NEUTRO;PERFUMARIA E LIMPEZA;90376;06/07/2026;168346;91328;24;6384;120;5;5;07/07/2026;GABRIELL2;10
1;19312;COT HASTES FLEX COTTONBABY C 75;PERFUMARIA E LIMPEZA;90398;06/07/2026;168407;90953;72;3528;144;2;0;;;68
1;1101;BATATA PALHA BOA TRAD 400G;MERCEARIA;90428;06/07/2026;168456;91328;40;920;40;1;1;07/07/2026;GABRIELL2;15
1;2379;DUETO OLE LT 170G ERVILHA MILHO;MERCEARIA;90575;06/07/2026;168634;90605;24;24;48;2;2;07/07/2026;JOCELAINE;24
1;18466;FEIJAO PTO MORO TP1 1KG;MERCEARIA;90575;06/07/2026;168634;90605;30;5640;90;3;3;08/07/2026;IAGO;116
1;2056;ARROZ BCO TRIVIAL T2 1K;MERCEARIA;90605;06/07/2026;168664;90605;30;1093;60;2;2;08/07/2026;IAGO;4
2;6787;LEITE LV ELEGE 1L ZERO LAC SEMI DES;PERECIVEIS;89868;06/07/2026;167667;89973;12;238;36;8;0;;;-37
2;6801;LEITE UHT TP NINHO 1L INTEGRAL;PERECIVEIS;89868;06/07/2026;167667;89973;12;1347;48;4;0;;;95
2;6799;LEITE SANTA CLARA 1L ZERO LACTOSE;PERECIVEIS;89868;06/07/2026;167667;89973;12;48;12;2;0;;;109
2;9756;LEITE TIROL INTEGRAL ZR LACTOSE 1L;PERECIVEIS;89868;06/07/2026;167667;89973;12;0;144;13;0;;;195
2;6780;LEITE NINHO UHT TP LEVINHO 1L SEMI DESNATADO;PERECIVEIS;89868;06/07/2026;167667;89973;12;48;12;2;0;;;27
2;6790;LEITE UHT NINHO 1L ZERO LACTOSE;PERECIVEIS;89868;06/07/2026;167667;89973;12;12;12;3;0;;;47
2;803;KETCHUP ODERICH SH 1K;MERCEARIA;89896;06/07/2026;167681;89973;6;234;18;3;0;;;11
2;557;REPOS ENGOV AFTER 250ML RED HITS;BEBIDAS;89896;06/07/2026;167681;89973;6;30;6;1;0;07/07/2026;AUGUSTO;14
2;8965;CARVAO CHAMA CAMPEIRA 3KG;NAO ALIMENTO;89896;06/07/2026;167681;89973;1;0;55;55;0;;;106
2;832;REFRIG SUKITA PET 2L LARANJA;BEBIDAS;89896;06/07/2026;167681;89973;8;537;8;7;0;;;26
2;2484;KETCHUP ODERICH SH 200G;MERCEARIA;89896;06/07/2026;167681;89973;24;71;48;3;0;;;-5
2;10;REFRIG COCA COLA PET 2L;BEBIDAS;89896;06/07/2026;167681;89973;4;12;300;75;0;07/07/2026;LUIGGI;2129
2;9857;MASC GOTA DOURADA 500G DESAMARELADOR;PERFUMARIA E LIMPEZA;89896;06/07/2026;167681;89973;12;0;12;2;0;;;0
2;2136;ARROZ BCO JATAI TP3 5KG;MERCEARIA;89896;06/07/2026;167681;89973;6;132;6;4;0;;;27
2;2240;ARROZ PARBO PRATO FINO TP1 5KG;MERCEARIA;89896;06/07/2026;167681;89973;6;12;6;3;0;;;11
2;3510;FERM BIO PO FLEISCHMANN SH LV 125G PG 100G;MERCEARIA;89896;06/07/2026;167681;89973;16;112;16;1;0;07/07/2026;AUGUSTO;5
2;48;AGUA MIN FLORESTA PET 500ML C GAS;BEBIDAS;89896;06/07/2026;167681;89973;12;215;12;1;0;;;2587
2;834;REFRIG ANTARCTICA GUARANA PET 3L;BEBIDAS;89896;06/07/2026;167681;89973;4;409;16;33;0;;;199
2;1445;CHOC NEUGEBAUER STIKADINHO 61 5G;MERCEARIA;89896;06/07/2026;167681;89973;56;14;56;2;0;07/07/2026;AUGUSTO;2
2;2101;ARROZ BCO REQUINTE TP1 2KG;MERCEARIA;89896;06/07/2026;167681;89973;15;983;15;6;0;;;-1
2;4625;CERV PATAGONIA IPA LT 473ML;BEBIDAS;89896;06/07/2026;167681;89973;6;0;6;1;0;;;4
2;52;AGUA MIN FLORESTA PET 5L S GAS;BEBIDAS;89896;06/07/2026;167681;89973;4;28;4;3;0;;;19
2;35687;DESOD CREME SECRET CLEAR COTT 45G GEL;PERFUMARIA E LIMPEZA;89896;06/07/2026;167681;89973;1;0;1;2;0;;;10
2;12523;AP CORPO C 2;PERFUMARIA E LIMPEZA;89896;06/07/2026;167681;89973;12;47;12;1;0;;;22
2;36245;CHOC BARRA NESTLE RECH 90G PRESTIG;MERCEARIA;89896;06/07/2026;167681;89973;14;28;14;1;0;07/07/2026;AUGUSTO;10
2;964;OLEO LIZA GIRASSOL 900ML;MERCEARIA;89896;06/07/2026;167681;89973;20;20;40;4;0;;;0
2;2911;ACHOC LIQ ITALAC 200ML;MERCEARIA;89896;06/07/2026;167681;89973;24;56;24;3;0;;;-10
2;2370;ERVILHA ODERICH LT 200G;MERCEARIA;89896;06/07/2026;167681;89973;24;120;24;4;0;;;107
2;20391;MAIONESE LIZA CASEIRA 450G;MERCEARIA;89896;06/07/2026;167681;89973;12;96;12;2;0;;;18
2;35236;BOMBOM LACTA OREO 20G;MERCEARIA;89896;06/07/2026;167681;89973;27;0;54;2;0;07/07/2026;AUGUSTO;0
2;35782;CERV ANTARCTICA PILSEN 1L;BEBIDAS;89896;06/07/2026;167681;89973;12;612;24;2;0;;;0
2;260;CERV HEINEKEN LN 330ML;BEBIDAS;89896;06/07/2026;167681;89973;24;1272;24;1;0;;;20
2;2448;SARDINHA NAUTIQUE 125G OLEO;MERCEARIA;89896;06/07/2026;167681;89973;50;12500;50;4;0;;;41
2;2329;FEIJAO PRETO CALDO OURO 500G;MERCEARIA;89896;06/07/2026;167681;89973;10;5455;60;18;0;;;89
2;2747;FARINHA TRIGO ROSESOL 5KG;MERCEARIA;89896;06/07/2026;167681;89973;5;30;5;3;0;;;11
2;3516;FERM PO BIOL GOOD INSTANT SH 125G;MERCEARIA;89896;06/07/2026;167681;89973;12;600;12;2;0;07/07/2026;AUGUSTO;8
2;15295;CALDO MAGGI 57G COSTELA;MERCEARIA;89896;06/07/2026;167681;89973;10;0;20;3;0;07/07/2026;AUGUSTO;30
2;2688;FARINHA MILHO SAUDAVEL 1KG MEDIA;MERCEARIA;89896;06/07/2026;167681;89973;30;90;30;0;0;;;35
2;116;CERV SKOL 1L;BEBIDAS;89896;06/07/2026;167681;89973;12;12;12;1;0;;;0
2;114;CERV POLAR EXPORT GF 1L RETORNAVEL;BEBIDAS;89896;06/07/2026;167681;89973;12;120;12;1;0;;;19
2;2919;ACHOC LIQ TODDYNHO 200ML LEVINHO;MERCEARIA;89896;06/07/2026;167681;89973;27;0;27;1;0;;;78
2;2394;MILHO VERDE FUGINI SH 170G;MERCEARIA;89896;06/07/2026;167681;89973;36;1402;36;8;0;;;3
2;3512;FERM PO BIOL GOOD INSTANT SH 10G;MERCEARIA;89896;06/07/2026;167681;89973;30;6180;30;5;0;07/07/2026;AUGUSTO;52
2;22680;RAC ALCON PEIXE BASIC 10G;PRODUTOS PET;89896;06/07/2026;167681;89973;12;24;12;1;0;;;11
2;759;REFRIG ANTARCTICA GUARANA PET 200ML;BEBIDAS;90153;06/07/2026;168106;90657;12;1596;180;15;0;;;133
2;6787;LEITE LV ELEGE 1L ZERO LAC SEMI DES;PERECIVEIS;90303;06/07/2026;168262;90507;12;238;144;0;0;07/07/2026;LUAN;-37
2;8224;SH HEAD SHOULDERS 200ML ANT COCEIRA;PERFUMARIA E LIMPEZA;90303;06/07/2026;168262;90507;6;30;12;2;0;06/07/2026;MONIQUE;9
2;19312;COT HASTES FLEX COTTONBABY C 75;PERFUMARIA E LIMPEZA;90400;06/07/2026;168408;90657;72;3528;144;2;0;;;95
2;9549;FRALDA MILI JUMBINHO XG 18UN;PERFUMARIA E LIMPEZA;90400;06/07/2026;168408;90657;9;810;9;1;0;;;30
2;152;CERV BRAHMA CHOPP LT 473ML;BEBIDAS;90487;06/07/2026;168522;90657;12;1536;120;10;0;;;1975
2;10;REFRIG COCA COLA PET 2L;BEBIDAS;90487;06/07/2026;168522;90657;4;12;100;25;0;;;2129
2;2741;FARINHA TRIGO NORDESTE 1KG;MERCEARIA;90577;06/07/2026;168696;90625;10;73;50;5;5;08/07/2026;ALEXSANDRO;522
2;5235;CR DEN ORAL B 70G 3D WHIT BRI FRESH;PERFUMARIA E LIMPEZA;90607;06/07/2026;168665;90657;6;420;12;2;0;;;0
2;5271;CR DENTAL ORAL B 70G EXTRA BRANCO;PERFUMARIA E LIMPEZA;90607;06/07/2026;168665;90657;108;7308;216;2;0;;;36
3;9756;LEITE TIROL INTEGRAL ZR LACTOSE 1L;PERECIVEIS;89870;06/07/2026;167668;89966;12;0;156;13;0;;;533
3;6782;LEITE UHT TIROL C TAMPA 1L DESN;PERECIVEIS;89870;06/07/2026;167668;89966;12;1421;132;11;0;;;132
3;6793;LEITE UHT PET ELEGE 1L SEMI DESNATADO;PERECIVEIS;89870;06/07/2026;167668;89966;6;2184;24;9;0;;;55
3;6791;LEITE UHT PET ELEGE 1L DESNATADO;PERECIVEIS;89870;06/07/2026;167668;89966;6;348;18;9;0;;;65
3;33833;LEITE UHT TIROL 1L BIO CICLOS;PERECIVEIS;89870;06/07/2026;167668;89966;12;95;72;6;0;;;2
3;6787;LEITE LV ELEGE 1L ZERO LAC SEMI DES;PERECIVEIS;89870;06/07/2026;167668;89966;12;238;108;9;0;;;0
3;9745;LEITE UHT SANTA CLARA DESN 1L;PERECIVEIS;89870;06/07/2026;167668;89966;12;156;48;4;0;;;146
3;9741;LEITE SANTA CLARA LV SEMI DESN 1L;PERECIVEIS;89870;06/07/2026;167668;89966;12;179;24;5;0;;;242
3;6792;LEITE UHT PET ELEGE 1L INTEGRAL;PERECIVEIS;89870;06/07/2026;167668;89966;6;4261;144;36;0;;;769
3;6781;LEITE LV EDGE ELEGE 1L INTEGRAL;PERECIVEIS;89870;06/07/2026;167668;89966;12;204;12;2;0;;;1149
3;4113;ALVEJ GIRANDO SOL 1L LAVANDA;PERFUMARIA E LIMPEZA;89898;06/07/2026;167682;89966;12;132;12;1;1;07/07/2026;ALEXSANDER;11
3;116;CERV SKOL 1L;BEBIDAS;89898;06/07/2026;167682;89966;12;12;384;32;0;;;170
3;986;OLEO SOJA VITALIV PET 900ML;MERCEARIA;89898;06/07/2026;167682;89966;20;140;40;2;0;;;150
3;15640;COND DARLING 350ML DETOX;PERFUMARIA E LIMPEZA;89898;06/07/2026;167682;89966;6;6;6;1;0;;;6
3;17292;DESOD ROLLON DOVE 50ML INVISIBLE DRY;PERFUMARIA E LIMPEZA;89898;06/07/2026;167682;89966;12;0;12;1;0;;;12
3;10144;SAB FARNESE 180G AVEIA ESFOL;PERFUMARIA E LIMPEZA;89898;06/07/2026;167682;89966;36;324;36;1;0;;;93
3;37265;FAROFA ROCHA 250G BACON;MERCEARIA;89898;06/07/2026;167682;89966;12;59;12;1;0;;;0
3;3635;SAL MOIDO CBS 1KG;MERCEARIA;89898;06/07/2026;167682;89966;10;2324;20;2;0;;;-152
3;3686;TEMP BICARBONATO SODIO APTI 100G;MERCEARIA;89898;06/07/2026;167682;89966;20;180;20;1;0;;;-3
3;17309;DESOD ROLLON REXONA 50ML F POWDER;PERFUMARIA E LIMPEZA;89898;06/07/2026;167682;89966;12;300;12;1;0;;;21
3;3966;ALCOOL GEL 70 SUPER VALE 450G;PERFUMARIA E LIMPEZA;89898;06/07/2026;167682;89966;12;572;12;1;1;07/07/2026;FERNANDO PAZ;5
3;6831;LIMP MULTI USO AJAX 1L F FLORES BOUQUE;PERFUMARIA E LIMPEZA;89898;06/07/2026;167682;89966;12;24;12;0;0;07/07/2026;ALEXSANDER;3
3;9547;FRALDA MILI JUMBINHO M 22UN;PERFUMARIA E LIMPEZA;89898;06/07/2026;167682;89966;9;63;9;1;1;07/07/2026;ALEXSANDER;6
3;908;REFRIG SODA LIMONADA LT 350ML;BEBIDAS;89898;06/07/2026;167682;89966;12;72;12;1;0;;;8
3;614;VODKA INTENCION PET 900ML;BEBIDAS;89898;06/07/2026;167682;89966;6;108;6;1;0;;;-2
3;2568;MOLHO TOM CAJAMAR SH 300G TRAD;MERCEARIA;89898;06/07/2026;167682;89966;32;288;96;3;0;;;-21
3;2329;FEIJAO PRETO CALDO OURO 500G;MERCEARIA;89898;06/07/2026;167682;89966;10;5455;90;9;0;;;104
3;10195;SAB SENSUS BEAUTY ESSENCE 80G FLORESCER ASIAT;PERFUMARIA E LIMPEZA;89898;06/07/2026;167682;89966;108;1836;108;1;0;;;44
3;33219;DESOD CR DOVE 50ML PREV ESCURECIM;PERFUMARIA E LIMPEZA;89898;06/07/2026;167682;89966;12;3;12;1;0;;;1
3;2793;FAROFA CASEIRISSIMA YOKI 200G CEBOLA;MERCEARIA;89898;06/07/2026;167682;89966;12;0;12;1;0;;;10
3;648;WHISKY MASTER GOLD VD 900ML;BEBIDAS;89898;06/07/2026;167682;89966;1;85;9;9;0;;;0
3;3475;TEMP COLORIFICO APTI 100G;MERCEARIA;89898;06/07/2026;167682;89966;50;350;50;1;0;;;18
3;35687;DESOD CREME SECRET CLEAR COTT 45G GEL;PERFUMARIA E LIMPEZA;89898;06/07/2026;167682;89966;1;0;1;1;0;;;13
3;24994;TOAL UMED HUPPY L100P80;PERFUMARIA E LIMPEZA;89898;06/07/2026;167682;89966;12;3840;48;4;4;07/07/2026;ALEXSANDER;42
3;544;GATORADE 500ML MORAN MARACUJA;BEBIDAS;89898;06/07/2026;167682;89966;6;132;6;1;0;;;38
3;2448;SARDINHA NAUTIQUE 125G OLEO;MERCEARIA;89898;06/07/2026;167682;89966;50;12500;150;3;0;;;267
3;3835;EXT TOM FUGINI SH 190G;MERCEARIA;89898;06/07/2026;167682;89966;36;0;36;1;0;;;1
3;36186;CR TRAT ELSEVE COLLAGEN 300G;PERFUMARIA E LIMPEZA;89898;06/07/2026;167682;89966;6;0;6;1;0;;;4
3;36357;OLEO SERUM TOQUE DE SEDA FR 60ML;PERFUMARIA E LIMPEZA;89898;06/07/2026;167682;89966;12;0;12;1;0;;;3
3;2785;FAROFA MANDIOCA YOKI 200G C TEMPERO SUAVE;MERCEARIA;89898;06/07/2026;167682;89966;14;0;14;1;0;;;5
3;2439;POPCORN YOKI 100G NATURAL;MERCEARIA;89898;06/07/2026;167682;89966;36;36;36;1;0;;;91
3;22904;REMOV ESM BELEZA AMAZONIA 100ML;PERFUMARIA E LIMPEZA;89898;06/07/2026;167682;89966;12;696;12;1;0;;;0
3;9288;DESINF YPE BAK 500ML FLORAL BAK;PERFUMARIA E LIMPEZA;89898;06/07/2026;167682;89966;12;12;12;1;1;07/07/2026;FERNANDO PAZ;6
3;17181;DESINF GOTA LIMPA 500ML LAVANDA;PERFUMARIA E LIMPEZA;89898;06/07/2026;167682;89966;12;36;24;2;2;07/07/2026;ALEXSANDER;3
3;4197;AMAC DOWNY 900ML COLLECTION;PERFUMARIA E LIMPEZA;89898;06/07/2026;167682;89966;12;12;12;0;0;07/07/2026;ALEXSANDER;0
3;237;CERV BUDWEISER LN 330ML;BEBIDAS;89898;06/07/2026;167682;89966;24;1320;48;2;0;;;16
3;20097;LENHA P FOGAO 10K;NAO ALIMENTO;89898;06/07/2026;167682;89966;1;-3;15;15;0;;;11
3;537;GATORADE 500ML BERRY BLUE;BEBIDAS;89898;06/07/2026;167682;89966;6;270;6;1;0;;;23
3;2811;POLENTINA QUAKER 500G;MERCEARIA;89898;06/07/2026;167682;89966;30;840;30;1;0;;;10
3;10170;SAB LIQ SENSUS LUXO RF 220ML ERVA DOCE;PERFUMARIA E LIMPEZA;89898;06/07/2026;167682;89966;18;54;18;1;0;;;103
3;5226;CR DENT COLGATE T ACAO 90G ORIG;PERFUMARIA E LIMPEZA;89898;06/07/2026;167682;89966;144;4896;144;1;0;;;134
3;2437;POPCORN YOKI 100G BACON;MERCEARIA;89898;06/07/2026;167682;89966;36;196;36;1;0;;;94
3;2382;LENTILHA YOKI TP2 400G;MERCEARIA;89898;06/07/2026;167682;89966;16;79;32;2;0;;;13
3;2792;FAROFA CASEIRISSIMA YOKI 200G BANANA;MERCEARIA;89898;06/07/2026;167682;89966;12;0;12;1;0;;;46
3;8293;SH PANTENE 175ML QUERATINA;PERFUMARIA E LIMPEZA;89898;06/07/2026;167682;89966;6;42;6;1;0;;;12
3;8284;SH PANTENE 175ML BIOTINAMINA;PERFUMARIA E LIMPEZA;89898;06/07/2026;167682;89966;6;78;6;1;0;;;11
3;12413;AMACIANTE GIRANDO SOL 500ML VERM;PERFUMARIA E LIMPEZA;89898;06/07/2026;167682;89966;12;84;12;1;1;07/07/2026;FERNANDO PAZ;6
3;33458;AMACIANTE APYCE 2L TRAD AZ;PERFUMARIA E LIMPEZA;89898;06/07/2026;167682;89966;6;354;24;4;4;07/07/2026;FERNANDO PAZ;63
3;12412;AMACIANTE GIRANDO SOL 500ML HIPOAL;PERFUMARIA E LIMPEZA;89898;06/07/2026;167682;89966;12;240;12;1;1;07/07/2026;ALEXSANDER;5
3;9293;DESINF YPE BAK 500ML TURQUESA;PERFUMARIA E LIMPEZA;89898;06/07/2026;167682;89966;12;72;12;0;0;07/07/2026;ALEXSANDER;-6
3;438;COQUETEL PATRICIA DO SUL VD 790ML;BEBIDAS;89898;06/07/2026;167682;89966;12;2028;24;2;0;;;63
3;776;REFRIG PEPSI COLA PET 200ML BLACK;BEBIDAS;89898;06/07/2026;167682;89966;12;1008;24;2;0;;;30
3;2370;ERVILHA ODERICH LT 200G;MERCEARIA;89898;06/07/2026;167682;89966;24;120;48;2;0;;;53
3;2484;KETCHUP ODERICH SH 200G;MERCEARIA;89898;06/07/2026;167682;89966;24;71;48;2;0;;;38
3;20391;MAIONESE LIZA CASEIRA 450G;MERCEARIA;89898;06/07/2026;167682;89966;12;96;12;1;0;;;50
3;2814;POLENTA PERDIZ 500G INST TEMP;MERCEARIA;89898;06/07/2026;167682;89966;12;155;12;1;0;;;-4
3;19312;COT HASTES FLEX COTTONBABY C 75;PERFUMARIA E LIMPEZA;89898;06/07/2026;167682;89966;72;3528;72;1;0;;;104
3;6613;KIT SH SEDA SH 300 COND 190ML BABOSA OLEOS;PERFUMARIA E LIMPEZA;89898;06/07/2026;167682;89966;15;1365;15;1;0;;;34
3;2681;FARINHA MANDIOCA YOKI 500G TORRADA;MERCEARIA;89898;06/07/2026;167682;89966;24;0;24;1;0;;;71
3;3964;ALCOOL 46 COPERALCOOL 1L TRAD;PERFUMARIA E LIMPEZA;89898;06/07/2026;167682;89966;12;636;24;2;2;07/07/2026;FERNANDO PAZ;3
3;12309;ALCOOL ARAUCARIA 46 500ML;PERFUMARIA E LIMPEZA;89898;06/07/2026;167682;89966;12;1692;12;1;1;07/07/2026;FERNANDO PAZ;35
3;15732;CERA LIQ GIRANDO SOL 750ML INCOLOR;PERFUMARIA E LIMPEZA;89898;06/07/2026;167682;89966;12;216;12;1;1;07/07/2026;ALEXSANDER;-2
3;16842;CR DEN COLGATE SENS XTREME 140G;PERFUMARIA E LIMPEZA;89898;06/07/2026;167682;89966;48;48;48;0;0;07/07/2026;ALEXSANDER;29
3;576;ENERG HIPERTENSAO PET 2L ORIGINAL;BEBIDAS;89898;06/07/2026;167682;89966;6;90;30;5;0;;;0
3;827;REFRIG PEPSI TWIST PET 2L;BEBIDAS;89898;06/07/2026;167682;89966;8;1760;40;5;0;;;12
3;81;AGUA TONICA ANTARCTICA LT 350ML;BEBIDAS;89898;06/07/2026;167682;89966;12;96;12;1;0;;;26
3;102;CERV ANTARCTICA SUBZERO GF 1L RETORNAVEL;BEBIDAS;89898;06/07/2026;167682;89966;12;936;12;1;0;;;90
3;5439;DESINF GIRANDO SOL 500ML EUCALIPTO;PERFUMARIA E LIMPEZA;89898;06/07/2026;167682;89966;12;300;12;1;1;07/07/2026;ALEXSANDER;-9
3;778;REFRIG PEPSI COLA PET 200ML;BEBIDAS;89898;06/07/2026;167682;89966;12;371;84;7;0;;;113
3;548;GATORADE 500ML UVA;BEBIDAS;89898;06/07/2026;167682;89966;6;83;18;3;0;;;15
3;964;OLEO LIZA GIRASSOL 900ML;MERCEARIA;89898;06/07/2026;167682;89966;20;20;20;1;0;;;0
3;33959;CREME PENT SEDA 1KG DEFINICAO FLEX;PERFUMARIA E LIMPEZA;89898;06/07/2026;167682;89966;6;60;12;2;0;;;6
3;18740;FRALDA DESC FERINHA HIPER C 40 XXG;PERFUMARIA E LIMPEZA;89898;06/07/2026;167682;89966;6;2;6;1;0;;;0
3;2373;GRAO DE BICO JUREIA 400G;MERCEARIA;89898;06/07/2026;167682;89966;6;0;6;1;0;;;-8
3;2698;KIMILHO YOKI 500G FLOCAO;MERCEARIA;89898;06/07/2026;167682;89966;12;6;12;1;0;;;24
3;2786;FAROFA MANDIOCA YOKI 200G TRADICIONAL;MERCEARIA;89898;06/07/2026;167682;89966;14;14;14;1;0;;;-8
3;9857;MASC GOTA DOURADA 500G DESAMARELADOR;PERFUMARIA E LIMPEZA;89898;06/07/2026;167682;89966;12;0;12;1;0;;;0
3;8792;ABS MILI NOTURNO SAUVE C ABAS 32UN;PERFUMARIA E LIMPEZA;89898;06/07/2026;167682;89966;16;240;16;0;0;07/07/2026;ALEXSANDER;8
3;539;GATORADE 500ML LARANJA;BEBIDAS;89898;06/07/2026;167682;89966;6;84;36;6;0;;;3
3;35161;CERV SKOL BEATS GREEN LN 269ML MIX;BEBIDAS;89898;06/07/2026;167682;89966;24;696;24;1;0;;;8
3;229;CERV AMSTEL ULTRA LN 275ML;BEBIDAS;89898;06/07/2026;167682;89966;12;2193;60;5;0;;;4
3;5249;CR DENT CLOSE UP 70G PROT BIOATIVA;PERFUMARIA E LIMPEZA;89898;06/07/2026;167682;89966;72;0;72;1;0;;;0
3;7921;SABONETE LUX 125G SUAVE ROSAS FRANCESAS;PERFUMARIA E LIMPEZA;89898;06/07/2026;167682;89966;72;1080;72;1;0;;;-27
3;12452;AMEND BCO BELLA DICA 400G;MERCEARIA;89898;06/07/2026;167682;89966;12;4100;96;8;0;;;57
3;2671;FARINHA MANDIOCA PINDUCA 500G;MERCEARIA;89898;06/07/2026;167682;89966;20;0;20;1;0;;;0
3;4258;AP PROBAK II LV7 PG5;PERFUMARIA E LIMPEZA;89898;06/07/2026;167682;89966;1;14;12;12;0;;;99
3;3971;ALCOOL 46 SUPER VALE 1L;PERFUMARIA E LIMPEZA;89898;06/07/2026;167682;89966;12;276;12;1;1;07/07/2026;FERNANDO PAZ;11
3;2911;ACHOC LIQ ITALAC 200ML;MERCEARIA;90093;06/07/2026;167975;90658;24;56;96;4;0;;;3
3;759;REFRIG ANTARCTICA GUARANA PET 200ML;BEBIDAS;90155;06/07/2026;168107;90658;12;1596;360;30;0;;;-46
3;3589;BEBIDA PARMALAT WHEY 250ML CHOC;MERCEARIA;90305;06/07/2026;168263;90658;18;36;36;2;2;07/07/2026;ALEXANDRE;2
3;33374;DESO AERO AXE 200ML APO VET E MANDA;PERFUMARIA E LIMPEZA;90305;06/07/2026;168263;90658;12;600;24;2;0;;;36
3;273;VH MARCUS JAMES TANNAT 750ML;BEBIDAS;90305;06/07/2026;168263;90658;6;0;12;2;2;07/07/2026;ALEXANDRE;-1
3;3568;BEB 3 CORACOES POWER WHEY 250ML COOKIES;MERCEARIA;90305;06/07/2026;168263;90658;12;540;24;1;1;07/07/2026;ALEXANDRE;7
3;33265;REFRIG FRUKI GUAR ZR PET 3L GUARANA ZERO;BEBIDAS;90305;06/07/2026;168263;90658;4;472;56;14;0;;;10
3;215;VH COUNTRY WINE BCO 750ML SV;BEBIDAS;90305;06/07/2026;168263;90658;6;18;24;1;1;07/07/2026;ALEXANDRE;47
3;824;REFRIG PEPSI PET 2L BLACK;BEBIDAS;90305;06/07/2026;168263;90658;8;520;448;56;0;;;7
3;3581;BEBIDA PARMALAT WHEY 250ML ABACATE;MERCEARIA;90305;06/07/2026;168263;90658;18;18;36;1;1;07/07/2026;ALEXANDRE;11
3;271;VH MARCUS JAMES CABERNET 750ML;BEBIDAS;90305;06/07/2026;168263;90658;6;30;30;0;0;07/07/2026;ALEXANDRE;-2
3;220;VH COUNTRY WINE BORDO 750ML SV;BEBIDAS;90305;06/07/2026;168263;90658;6;0;24;4;4;07/07/2026;ALEXANDRE;0
3;22117;POM MASSAG BIO FISIOFORT PREMIUM 150ML;PERFUMARIA E LIMPEZA;90305;06/07/2026;168263;90658;12;912;36;3;0;;;5
3;152;CERV BRAHMA CHOPP LT 473ML;BEBIDAS;90489;06/07/2026;168523;90658;12;1536;120;10;0;;;4530
3;7930;SABONETE LUX 85G ROSAS FRANCESAS;PERFUMARIA E LIMPEZA;90579;06/07/2026;168697;90626;108;1110;324;0;0;07/07/2026;ERICA;538
3;7922;SABONETE LUX 85G BUQUE D JASMIM;PERFUMARIA E LIMPEZA;90579;06/07/2026;168697;90626;108;774;324;0;0;07/07/2026;ERICA;74
3;7929;SABONETE LUX 85G ORQUIDEA NEGRA;PERFUMARIA E LIMPEZA;90579;06/07/2026;168697;90626;108;1314;324;3;3;07/07/2026;ERICA;10
3;7928;SABONETE LUX 85G LIRIO AZUL;PERFUMARIA E LIMPEZA;90579;06/07/2026;168697;90626;108;0;324;3;3;07/07/2026;ERICA;31
3;7927;SABONETE LUX 85G LAVANDA;PERFUMARIA E LIMPEZA;90579;06/07/2026;168697;90626;108;1188;648;0;0;07/07/2026;ERICA;20
3;2697;FARINHA MILHO PERDIZ 1KG GROSSA;MERCEARIA;90579;06/07/2026;168697;90626;12;132;36;0;0;08/07/2026;LUIGGI;20
3;33666;SABONETE LUX 85G GARD E OLEO AME;PERFUMARIA E LIMPEZA;90579;06/07/2026;168697;90626;108;540;324;3;3;07/07/2026;ERICA;359
3;7925;SABONETE LUX 85G FLOR DE LOTUS;PERFUMARIA E LIMPEZA;90579;06/07/2026;168697;90626;108;2052;108;1;1;07/07/2026;ERICA;289
3;2096;ARROZ BCO SANO T1 2K;MERCEARIA;90609;06/07/2026;168697;90626;15;1200;150;0;0;08/07/2026;MARCOS M;30
3;2056;ARROZ BCO TRIVIAL T2 1K;MERCEARIA;90609;06/07/2026;168697;90626;30;1093;300;10;10;08/07/2026;MARCOS M;149
3;5235;CR DEN ORAL B 70G 3D WHIT BRI FRESH;PERFUMARIA E LIMPEZA;90609;06/07/2026;168666;90658;6;420;30;5;0;;;8
3;2100;ARROZ BCO SANO OURO T1 2K;MERCEARIA;90609;06/07/2026;168697;90626;15;135;45;3;3;08/07/2026;MARCOS M;24
4;52;AGUA MIN FLORESTA PET 5L S GAS;BEBIDAS;89900;06/07/2026;167683;89963;4;28;4;0;0;07/07/2026;ALEXSANDRO;0
4;2752;FARINHA TRIGO PANFACIL 1KG INTEGRAL;MERCEARIA;89900;06/07/2026;167683;89963;10;110;10;0;0;07/07/2026;ALEXSANDRO;9
4;3512;FERM PO BIOL GOOD INSTANT SH 10G;MERCEARIA;89900;06/07/2026;167683;89963;30;6180;120;5;5;07/07/2026;MONIQUE;81
4;17315;DESOD ROLLON REXONA 50ML V8;PERFUMARIA E LIMPEZA;89900;06/07/2026;167683;89963;12;456;12;0;0;;;11
4;33265;REFRIG FRUKI GUAR ZR PET 3L GUARANA ZERO;BEBIDAS;89900;06/07/2026;167683;89963;4;472;64;16;0;;;0
4;1059;ALFAJOR EL AGUILA 60G CHOC BRANCO;MERCEARIA;89900;06/07/2026;167683;89963;12;1716;48;4;4;07/07/2026;MONIQUE;-68
4;575;ENERG HIPERTENSAO PET 2L ZERO;BEBIDAS;89900;06/07/2026;167683;89963;6;222;12;2;0;;;1
4;815;REFRIG FRUKI PET 2L GUARANA GUARANA;BEBIDAS;89900;06/07/2026;167683;89963;6;78;6;0;0;07/07/2026;ALEXSANDRO;1
4;48;AGUA MIN FLORESTA PET 500ML C GAS;BEBIDAS;89900;06/07/2026;167683;89963;12;215;12;0;0;07/07/2026;ALEXSANDRO;-75
4;2101;ARROZ BCO REQUINTE TP1 2KG;MERCEARIA;89900;06/07/2026;167683;89963;15;983;75;0;0;07/07/2026;ALEXSANDRO;0
4;1416;CHOC SNICKERS 45G;MERCEARIA;89900;06/07/2026;167683;89963;20;220;80;0;0;07/07/2026;MONIQUE;13
4;648;WHISKY MASTER GOLD VD 900ML;BEBIDAS;89900;06/07/2026;167683;89963;1;85;5;5;5;07/07/2026;MONIQUE;3
4;614;VODKA INTENCION PET 900ML;BEBIDAS;89900;06/07/2026;167683;89963;6;108;12;2;0;;;3
4;849;REFRIG COCA COLA PET 600ML ZERO;BEBIDAS;89900;06/07/2026;167683;89963;12;24;204;17;17;07/07/2026;ALEXSANDRO;36
4;2084;ARROZ BCO REQUINTE TP1 1KG;MERCEARIA;89900;06/07/2026;167683;89963;30;1264;30;0;0;07/07/2026;ALEXSANDRO;-15
4;2161;ARROZ BCO ALEGRETE TP1 5KG;MERCEARIA;89900;06/07/2026;167683;89963;6;516;6;0;0;07/07/2026;ALEXSANDRO;14
4;8966;CARVAO CHAMA CAMPEIRA 5KG;NAO ALIMENTO;89900;06/07/2026;167683;89963;1;462;9;0;0;07/07/2026;ALEXSANDRO;11
4;843;REFRIG ANTARCTICA PET 600ML GUARANA DIET;BEBIDAS;89900;06/07/2026;167683;89963;12;612;24;5;0;;;1
4;12237;ACUCAR REFINADO GASPARIN 1KG;MERCEARIA;89900;06/07/2026;167683;89963;10;1161;10;7;0;;;106
4;3510;FERM BIO PO FLEISCHMANN SH LV 125G PG 100G;MERCEARIA;89900;06/07/2026;167683;89963;16;112;16;2;2;07/07/2026;MONIQUE;1
4;2100;ARROZ BCO SANO OURO T1 2K;MERCEARIA;89900;06/07/2026;167683;89963;15;135;30;2;2;07/07/2026;ALEXSANDRO;0
4;3871;CERV SKOL BEATS RED LT 269ML MIX;BEBIDAS;89900;06/07/2026;167683;89963;8;0;8;2;0;;;0
4;2140;ARROZ BCO SANO TP1 5KG;MERCEARIA;89900;06/07/2026;167683;89963;6;1106;18;5;5;07/07/2026;ALEXSANDRO;2
4;2136;ARROZ BCO JATAI TP3 5KG;MERCEARIA;89900;06/07/2026;167683;89963;6;132;12;2;2;07/07/2026;ALEXSANDRO;14
4;223;CERV THEREZOPOLIS LAGER LT 473ML GOLD;BEBIDAS;89900;06/07/2026;167683;89963;12;232;36;3;0;;;-2
4;964;OLEO LIZA GIRASSOL 900ML;MERCEARIA;89900;06/07/2026;167683;89963;20;20;20;1;0;;;0
4;784;REFRIG ANTARCTICA GUARANA PET 2L;BEBIDAS;89900;06/07/2026;167683;89963;8;78;16;7;0;;;0
4;2329;FEIJAO PRETO CALDO OURO 500G;MERCEARIA;89900;06/07/2026;167683;89963;10;5455;20;5;0;;;110
4;1837;PAST DOCILE ROLLY MINTY 29G FRUIT;MERCEARIA;89900;06/07/2026;167683;89963;12;1320;24;2;2;07/07/2026;MONIQUE;-13
4;17294;DESOD ROLLON DOVE 50ML ROMA VERBENA;PERFUMARIA E LIMPEZA;89900;06/07/2026;167683;89963;12;3;12;2;0;;;8
4;750;ACUCAR CRISTAL GASPARIN 5KG;MERCEARIA;89900;06/07/2026;167683;89963;6;972;6;4;4;07/07/2026;ALEXSANDRO;-1
4;2118;ARROZ BCO SABOROSO T1 2K;MERCEARIA;89900;06/07/2026;167683;89963;15;150;15;2;2;07/07/2026;ALEXSANDRO;-6
4;6828;AGUA SABORIZ H2OH 500ML LIMONETO;BEBIDAS;89900;06/07/2026;167683;89963;12;0;24;2;0;;;33
4;5303;CR PENT SEDA 300ML COLAGENO E VIT;PERFUMARIA E LIMPEZA;89900;06/07/2026;167683;89963;12;96;12;1;0;;;8
4;17317;DESOD ROLLON REXONA 50ML XTRA COOL;PERFUMARIA E LIMPEZA;89900;06/07/2026;167683;89963;12;540;12;1;0;;;13
4;8296;SH PANTENE 200ML BAMBU;PERFUMARIA E LIMPEZA;89900;06/07/2026;167683;89963;6;120;6;1;0;;;1
4;2737;FARINHA TRIGO ROSESOL 1KG;MERCEARIA;89900;06/07/2026;167683;89963;10;1434;100;0;0;07/07/2026;ALEXSANDRO;-94
4;3413;CREME LEITE ELEGE TP 200G LEVISSIMO;MERCEARIA;90095;06/07/2026;167976;91472;24;72;24;0;0;08/07/2026;CAROLINA;0
4;24498;SUCO NECTAR TRADICAO MISTO PET 1 5L UVA MACA;BEBIDAS;90148;06/07/2026;168069;91472;6;1002;48;8;0;;;39
4;22737;RAC QUATRO PATAS PREMIUM GATOS 1K;PRODUTOS PET;90148;06/07/2026;168069;91472;10;60;20;2;2;08/07/2026;ALEXSANDRO;21
4;2928;ACHOC LIQ ELEGE 1L BOB ESPONJA;MERCEARIA;90148;06/07/2026;168069;91472;12;24;24;0;0;08/07/2026;JOCELAINE;0
4;2913;ACHOC LIQ NESCAU 180ML ACTIC GO;MERCEARIA;90148;06/07/2026;168069;91472;27;135;108;0;0;08/07/2026;CAROLINA;-3
4;2923;ACHOC LIQ SHOWKINHO 1L;MERCEARIA;90148;06/07/2026;168069;91472;12;180;36;3;0;08/07/2026;GUILHERME B;10
4;2909;ACHOC LIQ SHOWKINHO 200ML;MERCEARIA;90148;06/07/2026;169638;91227;27;10449;54;2;0;;;544
4;50;AGUA MIN DA PEDRA PET 5L S GAS;BEBIDAS;90148;06/07/2026;168069;91472;4;424;32;8;0;;;13
4;2724;LEITE PO ELEGE INTEGRAL SH 400G;MERCEARIA;90148;06/07/2026;168069;91472;25;550;50;2;2;08/07/2026;CAROLINA;3
4;51;AGUA MIN CRYSTAL PET 5L S GAS;BEBIDAS;90148;06/07/2026;168069;91472;2;54;8;16;0;;;0
4;729;SUCO GARIBALDI INTEGRAL VD 1 5L UVA UVA TINTO;BEBIDAS;90148;06/07/2026;168069;91472;6;378;36;6;6;08/07/2026;JOCELAINE;12
4;759;REFRIG ANTARCTICA GUARANA PET 200ML;BEBIDAS;90157;06/07/2026;168108;91472;12;1596;120;10;0;;;156
4;1197;BISC DOCE GIRASSOL ROSCA 250G BANANA E CANELA;MERCEARIA;90339;06/07/2026;168264;91472;22;2244;66;3;3;08/07/2026;MURILO;1
4;4052;ALIM GATO FRISKIES 85G PERU AO MOLHO;PRODUTOS PET;90339;06/07/2026;168264;91472;15;75;30;0;0;08/07/2026;ALEXSANDRO;0
4;7825;SABAO PO GIRANDO SOL 400G AZUL;PERFUMARIA E LIMPEZA;90339;06/07/2026;168264;91472;30;0;60;3;3;08/07/2026;LUIGGI;-43
4;2519;KETCHUP HELLMANNS BISN 380G TRAD;MERCEARIA;90339;06/07/2026;168264;91472;1;53;9;0;0;08/07/2026;CAROLINA;-8
4;2668;LEITE PO ELEGE DESNATADO SH 400G;MERCEARIA;90339;06/07/2026;168264;91472;25;0;50;2;2;08/07/2026;CAROLINA;0
4;34882;FARINHA AVEIA NATURALE 170G;MERCEARIA;90339;06/07/2026;168264;91472;24;0;48;2;2;08/07/2026;CAROLINA;-29
4;392;ENERG MONSTER LT 473ML MANGO LOCO;BEBIDAS;90339;06/07/2026;168264;91472;6;356;30;0;0;08/07/2026;JOCELAINE;29
4;20024;LEITE COND PIRACANJUBA 395G SEMIDESNAT;MERCEARIA;90339;06/07/2026;168264;91472;27;2970;81;5;5;08/07/2026;CAROLINA;34
4;1491;BISC RECH TRAKINAS 126G BUBBALOO T FRUT;MERCEARIA;90339;06/07/2026;168264;91472;54;270;108;0;0;08/07/2026;MURILO;-4
4;1189;BISC DOCE GIRASSOL ROSCA CALDA 250G;MERCEARIA;90339;06/07/2026;168264;91472;22;814;44;2;2;08/07/2026;MURILO;1
4;35698;DET LIQ BARBAREX 5L NEUTRO;PERFUMARIA E LIMPEZA;90339;06/07/2026;168264;91472;2;12;4;0;0;08/07/2026;LUIGGI;2
4;17375;DET LIQ ULTRA 5L CLASS;PERFUMARIA E LIMPEZA;90339;06/07/2026;168264;91472;4;48;12;0;0;08/07/2026;LUIGGI;0
4;37429;AGUA SANITARIA SUPREMA 5 L;PERFUMARIA E LIMPEZA;90339;06/07/2026;168264;91472;3;48;12;1;1;08/07/2026;LUIGGI;-1
4;12290;AGUA SANIT IMPERIAL 2L;PERFUMARIA E LIMPEZA;90339;06/07/2026;168264;91472;6;54;24;0;0;08/07/2026;LUIGGI;0
4;128;CERV SKOL PILSEN GF 300ML RETORNAVEL;BEBIDAS;90339;06/07/2026;168264;91472;23;644;46;2;0;;;0
4;35632;SOPA DE CANECA NEILAR 18G LEGUMES;MERCEARIA;90339;06/07/2026;168264;91472;72;1068;72;6;0;;;1
4;1423;BISC MARIA GERMANI 690G;MERCEARIA;90339;06/07/2026;168264;91472;10;128;40;0;0;08/07/2026;MURILO;2
4;1681;CONFEITO BIBS PTO BCO 40G;MERCEARIA;90339;06/07/2026;168264;91472;72;216;144;0;0;08/07/2026;MURILO;-6
4;215;VH COUNTRY WINE BCO 750ML SV;BEBIDAS;90339;06/07/2026;168264;91472;6;18;6;1;1;08/07/2026;JOCELAINE;3
4;2214;CAPSULA DOLCE GUSTO 80G C 10 MATINAL;MERCEARIA;90339;06/07/2026;168264;91472;6;30;30;0;0;08/07/2026;CAROLINA;11
4;3279;GRANOLA NATURALE 250G PASSAS E MEL;MERCEARIA;90339;06/07/2026;168264;91472;18;0;36;2;2;08/07/2026;CAROLINA;0
4;3827;MIST P SAGU NEILAR 150G UVA;MERCEARIA;90339;06/07/2026;168264;91472;12;60;48;0;0;08/07/2026;CAROLINA;23
4;294;VH SANGUE BOI BCO 750ML SC;BEBIDAS;90339;06/07/2026;168264;91472;6;12;18;3;3;08/07/2026;JOCELAINE;-4
4;5693;DETERG YPE 500ML CAPIM LIMAO;PERFUMARIA E LIMPEZA;90339;06/07/2026;168264;91472;24;3096;48;7;7;08/07/2026;LUIGGI;480
4;2491;KETCHUP ODERICH BISNAG 200G TRAD;MERCEARIA;90339;06/07/2026;168264;91472;24;96;96;0;0;08/07/2026;CAROLINA;48
4;3281;GRANOLA NATURALE 250G CEREAIS FRUTAS;MERCEARIA;90339;06/07/2026;168264;91472;18;36;36;1;1;08/07/2026;CAROLINA;0
4;6799;LEITE SANTA CLARA 1L ZERO LACTOSE;PERECIVEIS;90339;06/07/2026;168264;91472;12;48;108;11;0;;;13
4;847;REFRIG COCA COLA PET 600ML;BEBIDAS;90339;06/07/2026;168264;91472;12;3516;156;13;0;08/07/2026;GUILHERME B;113
4;1194;BISC DOCE GIRASSOL ROSCA 250G CHOCOLATE;MERCEARIA;90339;06/07/2026;168264;91472;22;748;44;2;2;08/07/2026;MURILO;1
4;1211;BISC DOCE GIRASSOL SORTIDO 300G;MERCEARIA;90339;06/07/2026;169345;91027;20;480;40;2;2;07/07/2026;ALEXSANDER;-18
4;17372;DET LIQ TIXAN YPE POUCH RF 900ML MACIEZ;PERFUMARIA E LIMPEZA;90339;06/07/2026;168264;91472;12;0;24;2;0;;;0
4;3328;BARRA CEREAL NATURALE ZERO ACUC 22G BANANA;MERCEARIA;90339;06/07/2026;168264;91472;160;160;320;2;2;08/07/2026;CAROLINA;0
4;34881;AVEIA NATURALE 170G FLOCOS FINOS;MERCEARIA;90339;06/07/2026;168264;91472;24;288;48;2;2;08/07/2026;CAROLINA;-21
4;6787;LEITE LV ELEGE 1L ZERO LAC SEMI DES;PERECIVEIS;90339;06/07/2026;168264;91472;12;238;96;10;0;;;-2
4;6782;LEITE UHT TIROL C TAMPA 1L DESN;PERECIVEIS;90339;06/07/2026;168264;91472;12;1421;36;9;0;;;13
4;279;VH QUINTA CARVALHO TINTO 750ML SV;BEBIDAS;90339;06/07/2026;168264;91472;12;5436;60;0;0;08/07/2026;JOCELAINE;0
4;5488;DESINF YPE 2L BAK FLORAL;PERFUMARIA E LIMPEZA;90339;06/07/2026;168264;91472;6;0;12;2;0;;;0
4;2468;SARDINHA COQUEIRO 125G OLEO;MERCEARIA;90339;06/07/2026;168264;91472;54;486;216;0;0;08/07/2026;CAROLINA;0
4;3278;GRANOLA NATURALE 250G FRUTAS LIGHT;MERCEARIA;90339;06/07/2026;168264;91472;18;36;36;2;2;08/07/2026;CAROLINA;0
4;3851;MOLHO TOM SALSARETTI SH 300G PASSATA RUSTICA;MERCEARIA;90339;06/07/2026;168264;91472;32;128;64;0;0;08/07/2026;CAROLINA;0
4;1192;BISC DOCE GIRASSOL ROSCA 250G COCO;MERCEARIA;90339;06/07/2026;168264;91472;22;1122;44;0;0;08/07/2026;MURILO;3
4;5693;DETERG YPE 500ML CAPIM LIMAO;PERFUMARIA E LIMPEZA;90378;06/07/2026;168347;91472;24;3096;120;7;7;08/07/2026;LUIGGI;480
4;5692;DETERG YPE 500 ML NEUTRO;PERFUMARIA E LIMPEZA;90378;06/07/2026;168347;91472;24;6384;120;5;0;;;0
4;5691;DETERG YPE 500 ML CLEAR;PERFUMARIA E LIMPEZA;90378;06/07/2026;168347;91472;24;4488;144;6;0;;;0
4;19312;COT HASTES FLEX COTTONBABY C 75;PERFUMARIA E LIMPEZA;90404;06/07/2026;168410;90956;72;3528;216;3;0;;;94
4;1103;BATATA PALHA BOA TRAD 80G;MERCEARIA;90434;06/07/2026;168459;91472;50;744;100;2;2;08/07/2026;MURILO;92
4;1648;WAFER GIRASSOL 60G CHOC;MERCEARIA;90462;06/07/2026;168491;90508;50;6900;250;5;0;06/07/2026;MONIQUE;-126
4;795;REFRIG COCA COLA PET 2L ZERO;BEBIDAS;90491;06/07/2026;168652;90585;8;1104;160;20;20;07/07/2026;ALEXSANDRO;114
4;10;REFRIG COCA COLA PET 2L;BEBIDAS;90491;06/07/2026;168524;91472;4;12;248;62;0;;;1192
4;152;CERV BRAHMA CHOPP LT 473ML;BEBIDAS;90491;06/07/2026;168524;91472;12;1536;360;72;0;;;0
4;7930;SABONETE LUX 85G ROSAS FRANCESAS;PERFUMARIA E LIMPEZA;90581;06/07/2026;168698;90627;108;1110;324;0;0;07/07/2026;ERICA;20
4;18466;FEIJAO PTO MORO TP1 1KG;MERCEARIA;90581;06/07/2026;168698;90627;30;5640;90;3;3;08/07/2026;AUGUSTO;183
4;7929;SABONETE LUX 85G ORQUIDEA NEGRA;PERFUMARIA E LIMPEZA;90581;06/07/2026;168698;90627;108;1314;216;2;2;07/07/2026;ERICA;111
4;7922;SABONETE LUX 85G BUQUE D JASMIM;PERFUMARIA E LIMPEZA;90581;06/07/2026;168698;90627;108;774;216;2;2;07/07/2026;ERICA;105
4;7927;SABONETE LUX 85G LAVANDA;PERFUMARIA E LIMPEZA;90581;06/07/2026;168698;90627;108;1188;216;2;2;07/07/2026;ERICA;59
4;2696;FARINHA MILHO PERDIZ 1KG MEDIA;MERCEARIA;90581;06/07/2026;168698;90627;12;-13;24;2;2;08/07/2026;AUGUSTO;10
4;2741;FARINHA TRIGO NORDESTE 1KG;MERCEARIA;90581;06/07/2026;168698;90627;10;73;50;5;5;08/07/2026;GUILHERME B;139
4;2096;ARROZ BCO SANO T1 2K;MERCEARIA;90611;06/07/2026;168698;90627;15;1200;45;0;0;08/07/2026;AUGUSTO;37
4;2056;ARROZ BCO TRIVIAL T2 1K;MERCEARIA;90611;06/07/2026;168698;90627;30;1093;90;3;3;08/07/2026;AUGUSTO;0
4;2100;ARROZ BCO SANO OURO T1 2K;MERCEARIA;90611;06/07/2026;168698;90627;15;135;30;0;0;08/07/2026;AUGUSTO;0
4;5235;CR DEN ORAL B 70G 3D WHIT BRI FRESH;PERFUMARIA E LIMPEZA;90611;06/07/2026;169482;91118;6;420;12;0;0;07/07/2026;ERICA;0
4;5271;CR DENTAL ORAL B 70G EXTRA BRANCO;PERFUMARIA E LIMPEZA;90611;06/07/2026;169482;91118;108;7308;216;2;0;07/07/2026;ERICA;31
5;6134;FRALDA DESC LOOMPIG JUMBINHO XXG 12 UN;PERFUMARIA E LIMPEZA;89902;06/07/2026;167684;89968;8;39;8;1;1;08/07/2026;MURILO;4
5;16936;CR TRAT HEDERA 960G LISS PERFEITO;PERFUMARIA E LIMPEZA;89902;06/07/2026;167684;89968;6;151;6;1;0;;;2
5;4988;COND JAY LUC 1L NEUTRO;PERFUMARIA E LIMPEZA;89902;06/07/2026;167684;89968;12;432;12;1;0;;;16
5;24358;SH SEDA ANT CASP HIDRATACAO DIARIA 325ML;PERFUMARIA E LIMPEZA;89902;06/07/2026;167684;89968;12;1152;12;1;0;;;39
5;8427;SH350 COND PANTENE 175ML LISO;PERFUMARIA E LIMPEZA;89902;06/07/2026;167684;89968;6;0;6;1;0;;;5
5;5064;COND SEDA 325ML CACHOS DEFINIDO;PERFUMARIA E LIMPEZA;89902;06/07/2026;167684;89968;12;36;12;4;0;;;4
5;17294;DESOD ROLLON DOVE 50ML ROMA VERBENA;PERFUMARIA E LIMPEZA;89902;06/07/2026;167684;89968;12;3;12;2;0;;;4
5;8408;SH VINI LADY 325ML PRETO ABSOLUTO;PERFUMARIA E LIMPEZA;89902;06/07/2026;167684;89968;12;0;12;1;0;;;1
5;437;ENERG BALY PET 2L TRADICIONAL;BEBIDAS;89902;06/07/2026;167684;89968;6;576;12;0;0;07/07/2026;IAGO;6
5;3969;ALCOOL GEL SUPER VALE 450G;PERFUMARIA E LIMPEZA;89902;06/07/2026;167684;89968;12;780;12;1;1;08/07/2026;MURILO;8
5;24994;TOAL UMED HUPPY L100P80;PERFUMARIA E LIMPEZA;89902;06/07/2026;167684;89968;12;3840;12;2;2;08/07/2026;MURILO;1
5;2348;FEIJAO PRETO ARBAZA TP1 1KG;MERCEARIA;89902;06/07/2026;167684;89968;30;6362;60;3;0;;;26
5;3512;FERM PO BIOL GOOD INSTANT SH 10G;MERCEARIA;89902;06/07/2026;167684;89968;30;6180;60;5;5;07/07/2026;ERICA;26
5;5057;COND SEDA 300ML LUMINOUS UV;PERFUMARIA E LIMPEZA;89902;06/07/2026;167684;89968;12;0;12;3;0;;;14
5;5850;ESC DENTAL ORAL B PRO;PERFUMARIA E LIMPEZA;89902;06/07/2026;167684;89968;12;0;12;1;0;;;5
5;4203;AMAC GIRANDO SOL 2L BRANCO;PERFUMARIA E LIMPEZA;89902;06/07/2026;167684;89968;6;288;6;1;1;08/07/2026;MURILO;4
5;193;CERV PROVINCIA PILSEN PREM LT 473ML;BEBIDAS;89902;06/07/2026;167684;89968;12;17844;504;42;42;07/07/2026;IAGO;919
5;750;ACUCAR CRISTAL GASPARIN 5KG;MERCEARIA;89902;06/07/2026;167684;89968;6;972;12;6;0;;;-16
5;3510;FERM BIO PO FLEISCHMANN SH LV 125G PG 100G;MERCEARIA;89902;06/07/2026;167684;89968;16;112;16;1;1;07/07/2026;ERICA;15
5;23021;SAB LIQ BELEZA AMAZONIA 370ML ERV DOCE;PERFUMARIA E LIMPEZA;89902;06/07/2026;167684;89968;12;12;12;2;0;;;11
5;17309;DESOD ROLLON REXONA 50ML F POWDER;PERFUMARIA E LIMPEZA;89902;06/07/2026;167684;89968;12;300;12;2;0;;;3
5;2140;ARROZ BCO SANO TP1 5KG;MERCEARIA;89902;06/07/2026;167684;89968;6;1106;54;9;0;;;34
5;8858;AP GILLETTE PROBAK II C 2;PERFUMARIA E LIMPEZA;89902;06/07/2026;167684;89968;14;2184;14;1;0;;;4
5;8284;SH PANTENE 175ML BIOTINAMINA;PERFUMARIA E LIMPEZA;89902;06/07/2026;167684;89968;6;78;6;1;0;;;8
5;289;CERV SOL PREMIUM LN 330ML;BEBIDAS;89902;06/07/2026;167684;89968;24;300;48;0;0;07/07/2026;IAGO;17
5;413;AGUARD KIKANA PET 790ML;BEBIDAS;89902;06/07/2026;167684;89968;12;1380;12;0;0;07/07/2026;IAGO;6
5;17347;DET LIQ GIRANDO SOL 1L COCO;PERFUMARIA E LIMPEZA;89902;06/07/2026;167684;89968;12;360;12;1;1;08/07/2026;MURILO;6
5;33265;REFRIG FRUKI GUAR ZR PET 3L GUARANA ZERO;BEBIDAS;89902;06/07/2026;167684;89968;4;472;32;8;8;07/07/2026;IAGO;1
5;10400;TINTURA CORTON 8 1 LOU CIN CLA;PERFUMARIA E LIMPEZA;89902;06/07/2026;167684;89968;6;0;6;1;0;;;10
5;5682;DET LIQ GOTA LIMPA 500ML NEUTRO;PERFUMARIA E LIMPEZA;89902;06/07/2026;167684;89968;24;4395;96;4;4;08/07/2026;MURILO;13
5;102;CERV ANTARCTICA SUBZERO GF 1L RETORNAVEL;BEBIDAS;89902;06/07/2026;167684;89968;12;936;12;1;1;07/07/2026;IAGO;-2
5;2737;FARINHA TRIGO ROSESOL 1KG;MERCEARIA;89902;06/07/2026;167684;89968;10;1434;130;13;0;;;-92
5;223;CERV THEREZOPOLIS LAGER LT 473ML GOLD;BEBIDAS;89902;06/07/2026;167684;89968;12;232;24;0;0;07/07/2026;IAGO;53
5;13525;BLOQ ODORES 60ML ESPECIARIAS;PERFUMARIA E LIMPEZA;89902;06/07/2026;167684;89968;12;12;12;0;0;08/07/2026;MURILO;11
5;2101;ARROZ BCO REQUINTE TP1 2KG;MERCEARIA;89902;06/07/2026;167684;89968;15;983;15;1;0;;;-27
5;2745;FARINHA TRIGO MARIA INES 1KG;MERCEARIA;89902;06/07/2026;167684;89968;10;15010;250;25;0;;;31
5;24498;SUCO NECTAR TRADICAO MISTO PET 1 5L UVA MACA;BEBIDAS;89902;06/07/2026;167684;89968;6;1002;6;0;0;07/07/2026;IAGO;9
5;34306;REFRIG COCA COLA PET 1L;BEBIDAS;89902;06/07/2026;167684;89968;6;30;6;0;0;07/07/2026;IAGO;14
5;2722;FARINHA TRIGO PANFACIL TP1 1KG;MERCEARIA;89902;06/07/2026;167684;89968;10;2000;10;2;0;;;30
5;9996;PETISCO FRISKIES 40G FRANGO;PRODUTOS PET;89902;06/07/2026;167684;89968;15;15;15;0;0;07/07/2026;JESSICA;32
5;843;REFRIG ANTARCTICA PET 600ML GUARANA DIET;BEBIDAS;89902;06/07/2026;167684;89968;12;612;12;0;0;07/07/2026;IAGO;4
5;5491;DESINF YPE 500ML BAK LAVANDA;PERFUMARIA E LIMPEZA;89902;06/07/2026;167684;89968;12;264;12;0;0;08/07/2026;MURILO;6
5;33458;AMACIANTE APYCE 2L TRAD AZ;PERFUMARIA E LIMPEZA;89902;06/07/2026;167684;89968;6;354;12;4;4;08/07/2026;MURILO;16
5;121;CERV BRAHMA CHOPP GF 300ML RETORNAVEL;BEBIDAS;89902;06/07/2026;167684;89968;23;253;23;1;1;07/07/2026;IAGO;7
5;18735;FRALDA DESC BABYSEC ULTSEC MEGA XXG 28 UN;PERFUMARIA E LIMPEZA;89902;06/07/2026;167684;89968;6;36;6;1;0;;;26
5;759;REFRIG ANTARCTICA GUARANA PET 200ML;BEBIDAS;90159;06/07/2026;168109;91476;12;1596;60;5;0;;;415
5;1189;BISC DOCE GIRASSOL ROSCA CALDA 250G;MERCEARIA;90342;06/07/2026;168265;91476;22;814;66;1;1;08/07/2026;IAGO;-20
5;16935;CR TRAT HEDERA 960G CERAMIDAS;PERFUMARIA E LIMPEZA;90342;06/07/2026;168265;91476;6;138;12;2;0;;;0
5;12290;AGUA SANIT IMPERIAL 2L;PERFUMARIA E LIMPEZA;90342;06/07/2026;168265;91476;6;54;18;0;0;08/07/2026;MARCOS M;0
5;17316;DESOD ROLLON REXONA 50ML WOMEN ANT INV;PERFUMARIA E LIMPEZA;90342;06/07/2026;168265;91476;12;324;24;2;0;;;16
5;2101;ARROZ BCO REQUINTE TP1 2KG;MERCEARIA;90342;06/07/2026;168265;91476;15;983;60;4;0;;;-27
5;1197;BISC DOCE GIRASSOL ROSCA 250G BANANA E CANELA;MERCEARIA;90342;06/07/2026;168265;91476;22;2244;88;0;0;08/07/2026;IAGO;0
5;1423;BISC MARIA GERMANI 690G;MERCEARIA;90342;06/07/2026;168265;91476;10;128;30;0;0;08/07/2026;IAGO;-12
5;5693;DETERG YPE 500ML CAPIM LIMAO;PERFUMARIA E LIMPEZA;90342;06/07/2026;168265;91476;24;3096;48;5;5;08/07/2026;MARCOS M;23
5;18762;FRALDA DESC MILI GIGA G C 78 C 78 G;PERFUMARIA E LIMPEZA;90342;06/07/2026;168265;91476;4;39;12;3;3;08/07/2026;MARCOS M;14
5;2910;MOLHO PIMENTA EXTREMO SABOR 250ML;MERCEARIA;90342;06/07/2026;168265;91476;12;88;24;0;0;08/07/2026;MARCOS M;1
5;3328;BARRA CEREAL NATURALE ZERO ACUC 22G BANANA;MERCEARIA;90342;06/07/2026;168265;91476;160;160;160;0;0;08/07/2026;MARCOS M;101
5;20391;MAIONESE LIZA CASEIRA 450G;MERCEARIA;90342;06/07/2026;168265;91476;12;96;96;0;0;08/07/2026;ALEXSANDRO;4
5;847;REFRIG COCA COLA PET 600ML;BEBIDAS;90342;06/07/2026;168265;91476;12;3516;108;0;0;08/07/2026;ALEXSANDRO;36
5;36262;KIT SH CD SEDA 300ML 190ML TOQUE DE SEDA;PERFUMARIA E LIMPEZA;90342;06/07/2026;168265;91476;15;1230;60;4;0;;;53
5;7929;SABONETE LUX 85G ORQUIDEA NEGRA;PERFUMARIA E LIMPEZA;90342;06/07/2026;168699;90628;108;1314;432;4;0;08/07/2026;JESSICA M;23
5;34881;AVEIA NATURALE 170G FLOCOS FINOS;MERCEARIA;90342;06/07/2026;168265;91476;24;288;48;2;2;08/07/2026;MARCOS M;10
5;38563;KIT SH CD NEUTROX 300ML 200ML OLEOS;PERFUMARIA E LIMPEZA;90342;06/07/2026;168265;91476;12;36;24;2;0;;;0
5;2098;ARROZ BCO OESTE TP1 2KG;MERCEARIA;90342;06/07/2026;168265;91476;15;345;60;4;0;;;-14
5;1813;BALA GOMA DORI GOMETS 70G SINO;MERCEARIA;90342;06/07/2026;168265;91476;30;120;60;0;0;08/07/2026;IAGO;1
5;35698;DET LIQ BARBAREX 5L NEUTRO;PERFUMARIA E LIMPEZA;90342;06/07/2026;168265;91476;2;12;6;0;0;08/07/2026;MARCOS M;0
5;3321;BARRA CEREAL NATURALE 22G GRANOLA;MERCEARIA;90342;06/07/2026;168265;91476;160;0;320;2;2;08/07/2026;MARCOS M;5
5;3323;BARRA CEREAL NATURALE 22G DOCE LEITE CHOC;MERCEARIA;90342;06/07/2026;168265;91476;160;0;320;2;2;08/07/2026;MARCOS M;135
5;20024;LEITE COND PIRACANJUBA 395G SEMIDESNAT;MERCEARIA;90342;06/07/2026;168265;91476;27;2970;108;4;4;08/07/2026;MARCOS M;-21
5;2568;MOLHO TOM CAJAMAR SH 300G TRAD;MERCEARIA;90342;06/07/2026;168265;91476;32;288;160;0;0;08/07/2026;ALEXSANDRO;40
5;8256;SH MONANGE 325ML LISOS TE QUERO;PERFUMARIA E LIMPEZA;90342;06/07/2026;168265;91476;12;252;36;3;0;;;11
5;17375;DET LIQ ULTRA 5L CLASS;PERFUMARIA E LIMPEZA;90342;06/07/2026;168265;91476;4;48;12;0;0;08/07/2026;MARCOS M;0
5;5439;DESINF GIRANDO SOL 500ML EUCALIPTO;PERFUMARIA E LIMPEZA;90342;06/07/2026;168265;91476;12;300;24;2;2;08/07/2026;MARCOS M;7
5;2468;SARDINHA COQUEIRO 125G OLEO;MERCEARIA;90342;06/07/2026;168265;91476;54;486;162;0;0;08/07/2026;MARCOS M;32
5;7425;PEDRA SANITARIA SANI SOL 20G JASMIN;PERFUMARIA E LIMPEZA;90342;06/07/2026;168265;91476;144;1296;288;2;0;;;143
5;4052;ALIM GATO FRISKIES 85G PERU AO MOLHO;PRODUTOS PET;90342;06/07/2026;168265;91476;15;75;30;3;0;;;-1
5;1211;BISC DOCE GIRASSOL SORTIDO 300G;MERCEARIA;90342;06/07/2026;169346;91028;20;480;40;2;2;07/07/2026;ALEXSANDER;-19
5;9745;LEITE UHT SANTA CLARA DESN 1L;PERECIVEIS;90342;06/07/2026;168653;90586;12;156;36;0;0;08/07/2026;GUILHERME B;54
5;15732;CERA LIQ GIRANDO SOL 750ML INCOLOR;PERFUMARIA E LIMPEZA;90342;06/07/2026;168265;91476;12;216;24;2;2;08/07/2026;MARCOS M;9
5;5691;DETERG YPE 500 ML CLEAR;PERFUMARIA E LIMPEZA;90342;06/07/2026;168265;91476;24;4488;48;8;0;;;45
5;2724;LEITE PO ELEGE INTEGRAL SH 400G;MERCEARIA;90342;06/07/2026;168265;91476;25;550;50;2;2;08/07/2026;MARCOS M;6
5;3317;BARRA CEREAL NATURALE 22G CASTANHA C CHOC;MERCEARIA;90342;06/07/2026;168265;91476;160;0;480;3;3;08/07/2026;MARCOS M;268
5;37863;CREME LEITE TP DAUS 200G;MERCEARIA;90342;06/07/2026;168265;91476;27;189;81;0;0;08/07/2026;ALEXSANDRO;-1
5;23212;SAL MOIDO 5 ESTRELAS 1KG;MERCEARIA;90342;06/07/2026;168265;91476;10;12236;110;11;0;;;25
5;22117;POM MASSAG BIO FISIOFORT PREMIUM 150ML;PERFUMARIA E LIMPEZA;90342;06/07/2026;168265;91476;12;912;24;2;0;;;13
5;33374;DESO AERO AXE 200ML APO VET E MANDA;PERFUMARIA E LIMPEZA;90342;06/07/2026;168265;91476;12;600;36;3;0;;;1
5;34882;FARINHA AVEIA NATURALE 170G;MERCEARIA;90342;06/07/2026;168265;91476;24;0;48;2;2;08/07/2026;MARCOS M;2
5;784;REFRIG ANTARCTICA GUARANA PET 2L;BEBIDAS;90342;06/07/2026;168265;91476;8;78;64;0;0;08/07/2026;ALEXSANDRO;49
5;23022;SAB LIQ BELEZA AMAZONIA 370ML FLORES CAMPO;PERFUMARIA E LIMPEZA;90342;06/07/2026;168265;91476;12;12;24;2;0;;;15
5;3322;BARRA CEREAL NATURALE 22G 7 GRAOS;MERCEARIA;90342;06/07/2026;168265;91476;160;0;160;1;1;08/07/2026;MARCOS M;152
5;2942;ACHOC PO APTI SH 200G;MERCEARIA;90342;06/07/2026;168265;91476;20;80;40;0;0;08/07/2026;MARCOS M;-24
5;3008;AVEIA FLOCOS NATURALE 1KG;MERCEARIA;90342;06/07/2026;168265;91476;12;36;24;2;2;08/07/2026;MARCOS M;-10
5;3279;GRANOLA NATURALE 250G PASSAS E MEL;MERCEARIA;90342;06/07/2026;168265;91476;18;0;36;2;2;08/07/2026;MARCOS M;8
5;3362;BARRA CEREAL NATURALE 25G COCO AVEIA;MERCEARIA;90342;06/07/2026;168265;91476;160;0;320;2;2;08/07/2026;MARCOS M;156
5;3530;GRANOLA NATURALE 1KG CER CROC FR LIG;MERCEARIA;90342;06/07/2026;168265;91476;12;0;36;3;3;08/07/2026;MARCOS M;11
5;18479;FERM PO QUIMICO GOOD INSTANT 100G;MERCEARIA;90342;06/07/2026;168265;91476;72;0;144;2;2;08/07/2026;MARCOS M;2
5;2668;LEITE PO ELEGE DESNATADO SH 400G;MERCEARIA;90342;06/07/2026;168265;91476;25;0;50;2;2;08/07/2026;MARCOS M;6
5;2398;MILHO VERDE ODERICH LT 200G;MERCEARIA;90342;06/07/2026;168265;91476;24;717;72;3;3;08/07/2026;ALEXSANDRO;100
5;12168;ABS DEFINITY C ABAS C 8;PERFUMARIA E LIMPEZA;90342;06/07/2026;168265;91476;60;540;120;2;0;;;0
5;10172;SAB LIQ SENSUS LUXO RF 220ML SEDUCAO;PERFUMARIA E LIMPEZA;90342;06/07/2026;168265;91476;18;90;36;2;0;;;15
5;5692;DETERG YPE 500 ML NEUTRO;PERFUMARIA E LIMPEZA;90380;06/07/2026;168348;91476;24;6384;120;5;5;08/07/2026;MARCOS M;0
5;5691;DETERG YPE 500 ML CLEAR;PERFUMARIA E LIMPEZA;90380;06/07/2026;168348;91476;24;4488;144;8;0;;;45
5;5693;DETERG YPE 500ML CAPIM LIMAO;PERFUMARIA E LIMPEZA;90380;06/07/2026;168348;91476;24;3096;120;5;5;08/07/2026;MARCOS M;23
5;9546;FRALDA MILI JUMBINHO G 20UN;PERFUMARIA E LIMPEZA;90406;06/07/2026;168411;91476;9;639;18;2;0;;;16
5;9549;FRALDA MILI JUMBINHO XG 18UN;PERFUMARIA E LIMPEZA;90406;06/07/2026;168411;91476;9;810;18;2;0;;;18
5;35702;FRALDA DESC HUGGIES MEGUINHA XG 28;PERFUMARIA E LIMPEZA;90406;06/07/2026;168411;91476;9;10;9;1;1;08/07/2026;MARCOS M;1
5;9547;FRALDA MILI JUMBINHO M 22UN;PERFUMARIA E LIMPEZA;90406;06/07/2026;168411;91476;9;63;18;2;2;08/07/2026;MARCOS M;12
5;9550;FRALDA MILI JUMBINHO XXG 16UN;PERFUMARIA E LIMPEZA;90406;06/07/2026;168411;91476;9;631;9;1;1;08/07/2026;MARCOS M;13
5;1103;BATATA PALHA BOA TRAD 80G;MERCEARIA;90436;06/07/2026;168460;91476;50;744;100;2;2;08/07/2026;IAGO;176
5;2158;ARROZ BCO TRIVIAL TP2 5KG;MERCEARIA;90464;06/07/2026;168492;91331;6;3156;60;10;10;08/07/2026;BRAGA;31
5;795;REFRIG COCA COLA PET 2L ZERO;BEBIDAS;90493;06/07/2026;168653;90586;8;1104;240;30;30;08/07/2026;AUGUSTO;30
5;10;REFRIG COCA COLA PET 2L;BEBIDAS;90493;06/07/2026;168525;91476;4;12;100;26;0;;;930
5;152;CERV BRAHMA CHOPP LT 473ML;BEBIDAS;90493;06/07/2026;168525;91476;12;1536;180;50;0;;;240
5;7930;SABONETE LUX 85G ROSAS FRANCESAS;PERFUMARIA E LIMPEZA;90583;06/07/2026;168699;90628;108;1110;324;0;0;07/07/2026;ERICA;26
5;2696;FARINHA MILHO PERDIZ 1KG MEDIA;MERCEARIA;90583;06/07/2026;168699;90628;12;-13;24;2;2;08/07/2026;IAGO;23
5;2697;FARINHA MILHO PERDIZ 1KG GROSSA;MERCEARIA;90583;06/07/2026;168699;90628;12;132;24;0;0;08/07/2026;GUILHERME B;14
5;7927;SABONETE LUX 85G LAVANDA;PERFUMARIA E LIMPEZA;90583;06/07/2026;168699;90628;108;1188;324;3;3;07/07/2026;ERICA;0
5;18466;FEIJAO PTO MORO TP1 1KG;MERCEARIA;90583;06/07/2026;168699;90628;30;5640;300;10;10;08/07/2026;GUILHERME B;69
5;7922;SABONETE LUX 85G BUQUE D JASMIM;PERFUMARIA E LIMPEZA;90583;06/07/2026;168699;90628;108;774;216;2;2;07/07/2026;ERICA;0
5;2741;FARINHA TRIGO NORDESTE 1KG;MERCEARIA;90583;06/07/2026;168699;90628;10;73;200;20;20;08/07/2026;ALEXSANDRO;100
5;7928;SABONETE LUX 85G LIRIO AZUL;PERFUMARIA E LIMPEZA;90583;06/07/2026;168699;90628;108;0;216;2;2;07/07/2026;ERICA;11
5;2100;ARROZ BCO SANO OURO T1 2K;MERCEARIA;90613;06/07/2026;168699;90628;15;135;15;0;0;08/07/2026;GUILHERME B;23
5;2096;ARROZ BCO SANO T1 2K;MERCEARIA;90613;06/07/2026;168699;90628;15;1200;135;0;0;08/07/2026;GUILHERME B;0
5;5271;CR DENTAL ORAL B 70G EXTRA BRANCO;PERFUMARIA E LIMPEZA;90613;06/07/2026;169483;91119;108;7308;216;2;2;07/07/2026;ERICA;56
5;2056;ARROZ BCO TRIVIAL T2 1K;MERCEARIA;90613;06/07/2026;168699;90628;30;1093;90;3;3;08/07/2026;GUILHERME B;1
6;6801;LEITE UHT TP NINHO 1L INTEGRAL;PERECIVEIS;89876;06/07/2026;167671;89972;12;1347;12;2;0;;;136
6;6792;LEITE UHT PET ELEGE 1L INTEGRAL;PERECIVEIS;89876;06/07/2026;167671;89972;6;4261;24;8;0;;;50
6;6799;LEITE SANTA CLARA 1L ZERO LACTOSE;PERECIVEIS;89876;06/07/2026;167671;89972;12;48;12;2;0;;;6
6;6787;LEITE LV ELEGE 1L ZERO LAC SEMI DES;PERECIVEIS;89876;06/07/2026;167671;89972;12;238;24;4;0;;;-42
6;9741;LEITE SANTA CLARA LV SEMI DESN 1L;PERECIVEIS;89876;06/07/2026;167671;89972;12;179;36;3;0;;;136
6;6782;LEITE UHT TIROL C TAMPA 1L DESN;PERECIVEIS;89876;06/07/2026;167671;89972;12;1421;72;6;0;;;48
6;6795;LEITE UHT TIROL 1L ZERO LAC;PERECIVEIS;89876;06/07/2026;167671;89972;12;24;12;2;0;;;114
6;6781;LEITE LV EDGE ELEGE 1L INTEGRAL;PERECIVEIS;89876;06/07/2026;167671;89972;12;204;24;6;0;;;104
6;9756;LEITE TIROL INTEGRAL ZR LACTOSE 1L;PERECIVEIS;89876;06/07/2026;167671;89972;12;0;60;8;0;;;233
6;17357;DET LIQ MINUANO 500ML CLEAR;PERFUMARIA E LIMPEZA;89904;06/07/2026;167685;89972;24;538;72;3;0;;;10
6;3967;ALCOOL GEL DA ILHA 480G;PERFUMARIA E LIMPEZA;89904;06/07/2026;167685;89972;12;972;12;1;0;;;9
6;6684;LAVA ROUPA AQUAFAST 5L MULTIACAO;PERFUMARIA E LIMPEZA;89904;06/07/2026;167685;89972;4;120;4;1;0;07/07/2026;ALEXANDRE;3
6;52;AGUA MIN FLORESTA PET 5L S GAS;BEBIDAS;89904;06/07/2026;167685;89972;4;28;4;0;0;08/07/2026;FERNANDO.H;-9
6;2782;MAIONESE LIZA SH 400G CASEIRA;MERCEARIA;89904;06/07/2026;167685;89972;12;5556;12;5;0;;;-24
6;68;AGUA MIN FLORESTA ATIVA SQ 710ML S GAS;BEBIDAS;89904;06/07/2026;167685;89972;12;0;12;1;0;;;12
6;5850;ESC DENTAL ORAL B PRO;PERFUMARIA E LIMPEZA;89904;06/07/2026;167685;89972;12;0;12;1;0;;;5
6;37429;AGUA SANITARIA SUPREMA 5 L;PERFUMARIA E LIMPEZA;89904;06/07/2026;167685;89972;3;48;3;4;0;07/07/2026;ALEXANDRE;9
6;2329;FEIJAO PRETO CALDO OURO 500G;MERCEARIA;89904;06/07/2026;167685;89972;10;5455;60;6;0;;;94
6;260;CERV HEINEKEN LN 330ML;BEBIDAS;89904;06/07/2026;167685;89972;24;1272;48;2;2;08/07/2026;FERNANDO.H;24
6;6687;LAVA ROUPA ARIEL 1 5L CLASSIC SACHE BRANCAS E COLO;PERFUMARIA E LIMPEZA;89904;06/07/2026;167685;89972;6;114;6;1;0;;;6
6;17393;DET PO ASSIM 800G MICELAR FLORAL;PERFUMARIA E LIMPEZA;89904;06/07/2026;167685;89972;20;2620;20;4;0;07/07/2026;ALEXANDRE;2
6;17384;DET PO APYCE SH 1 6K AZUL;PERFUMARIA E LIMPEZA;89904;06/07/2026;167685;89972;13;39;13;2;0;07/07/2026;ALEXANDRE;14
6;48;AGUA MIN FLORESTA PET 500ML C GAS;BEBIDAS;89904;06/07/2026;167685;89972;12;215;12;0;0;08/07/2026;FERNANDO.H;1948
6;2484;KETCHUP ODERICH SH 200G;MERCEARIA;89904;06/07/2026;167685;89972;24;71;48;2;0;;;6
6;4213;AMAC GOTA LIMPA 5L FLORATA;PERFUMARIA E LIMPEZA;89904;06/07/2026;167685;89972;4;208;4;1;0;07/07/2026;ALEXANDRE;3
6;2448;SARDINHA NAUTIQUE 125G OLEO;MERCEARIA;89904;06/07/2026;167685;89972;50;12500;100;2;0;;;178
6;35126;DET PO APYCE MULT SH 800G ROSA;PERFUMARIA E LIMPEZA;89904;06/07/2026;167685;89972;25;422;25;3;0;07/07/2026;ALEXANDRE;-2
6;7804;SABAO PO BRILHANTE 1 450 M 150G GT LIMPEZA TOTAL;PERFUMARIA E LIMPEZA;89904;06/07/2026;167685;89972;9;9;9;1;0;07/07/2026;ALEXANDRE;11
6;17375;DET LIQ ULTRA 5L CLASS;PERFUMARIA E LIMPEZA;89904;06/07/2026;167685;89972;4;48;4;5;0;07/07/2026;ALEXANDRE;-2
6;815;REFRIG FRUKI PET 2L GUARANA GUARANA;BEBIDAS;89904;06/07/2026;167685;89972;6;78;330;55;0;;;299
6;3415;CREME LEITE ITALAC TP 200G;MERCEARIA;89904;06/07/2026;167685;89972;24;48;24;2;0;;;176
6;229;CERV AMSTEL ULTRA LN 275ML;BEBIDAS;89904;06/07/2026;167685;89972;12;2193;60;5;0;;;153
6;33942;DET PO GIRANDO SOL SH 4KG COCO BAUN;PERFUMARIA E LIMPEZA;89904;06/07/2026;167685;89972;5;114;5;1;0;07/07/2026;ALEXANDRE;2
6;20391;MAIONESE LIZA CASEIRA 450G;MERCEARIA;89904;06/07/2026;167685;89972;12;96;12;2;0;;;-8
6;37776;DET PO OMO LAVAG PERF 700G;PERFUMARIA E LIMPEZA;89904;06/07/2026;167685;89972;20;1039;20;1;0;07/07/2026;ALEXANDRE;3
6;759;REFRIG ANTARCTICA GUARANA PET 200ML;BEBIDAS;90161;06/07/2026;168110;90656;12;1596;120;10;0;;;-5
6;825;REFRIG PEPSI PET 2L;BEBIDAS;90345;06/07/2026;168266;90656;8;1104;160;20;0;;;-1
6;220;VH COUNTRY WINE BORDO 750ML SV;BEBIDAS;90345;06/07/2026;168266;90656;6;0;12;2;0;08/07/2026;JESSICA;-3
6;19312;COT HASTES FLEX COTTONBABY C 75;PERFUMARIA E LIMPEZA;90408;06/07/2026;168412;90656;72;3528;72;1;0;;;-7
6;9546;FRALDA MILI JUMBINHO G 20UN;PERFUMARIA E LIMPEZA;90408;06/07/2026;168412;90656;9;639;18;2;0;;;-16
6;35586;FRALDA DESC HUGGIES MEGUINHA M 36;PERFUMARIA E LIMPEZA;90408;06/07/2026;168412;90656;6;12;6;1;0;;;14
6;152;CERV BRAHMA CHOPP LT 473ML;BEBIDAS;90495;06/07/2026;168526;90656;12;1536;120;10;0;;;1853
6;7925;SABONETE LUX 85G FLOR DE LOTUS;PERFUMARIA E LIMPEZA;90585;06/07/2026;168700;90629;108;2052;324;3;0;08/07/2026;JESSICA M;35
6;7930;SABONETE LUX 85G ROSAS FRANCESAS;PERFUMARIA E LIMPEZA;90585;06/07/2026;168700;90629;108;1110;540;5;0;08/07/2026;JESSICA M;0
6;33666;SABONETE LUX 85G GARD E OLEO AME;PERFUMARIA E LIMPEZA;90585;06/07/2026;168700;90629;108;540;324;3;0;08/07/2026;JESSICA M;9
6;7929;SABONETE LUX 85G ORQUIDEA NEGRA;PERFUMARIA E LIMPEZA;90585;06/07/2026;168700;90629;108;1314;216;2;0;08/07/2026;JESSICA M;82
6;7928;SABONETE LUX 85G LIRIO AZUL;PERFUMARIA E LIMPEZA;90585;06/07/2026;168700;90629;108;0;324;3;0;08/07/2026;JESSICA M;52
6;7922;SABONETE LUX 85G BUQUE D JASMIM;PERFUMARIA E LIMPEZA;90585;06/07/2026;168700;90629;108;774;216;2;0;08/07/2026;JESSICA M;88
6;5235;CR DEN ORAL B 70G 3D WHIT BRI FRESH;PERFUMARIA E LIMPEZA;90615;06/07/2026;168669;90656;6;420;30;5;0;;;0
6;5271;CR DENTAL ORAL B 70G EXTRA BRANCO;PERFUMARIA E LIMPEZA;90615;06/07/2026;168669;90656;108;7308;540;5;0;;;56
7;17190;DESINF IMPERIAL 5L LAVANDA;PERFUMARIA E LIMPEZA;89906;06/07/2026;167686;89979;4;23;4;2;0;;;0
7;17347;DET LIQ GIRANDO SOL 1L COCO;PERFUMARIA E LIMPEZA;89906;06/07/2026;167686;89979;12;360;12;1;0;;;11
7;3948;AGUA SANIT GOTA LIMPA 1L;PERFUMARIA E LIMPEZA;89906;06/07/2026;167686;89979;12;398;12;4;4;07/07/2026;ALEXSANDRO;5
7;48;AGUA MIN FLORESTA PET 500ML C GAS;BEBIDAS;89906;06/07/2026;167686;89979;12;215;12;4;0;07/07/2026;MARCOS M;190
7;52;AGUA MIN FLORESTA PET 5L S GAS;BEBIDAS;89906;06/07/2026;167686;89979;4;28;4;2;0;07/07/2026;MARCOS M;-8
7;815;REFRIG FRUKI PET 2L GUARANA GUARANA;BEBIDAS;89906;06/07/2026;167686;89979;6;78;24;9;0;;;5
7;762;REFRIG COCA COLA PET 200ML;BEBIDAS;89906;06/07/2026;167686;89979;12;1668;168;19;0;;;0
7;648;WHISKY MASTER GOLD VD 900ML;BEBIDAS;89906;06/07/2026;167686;89979;1;85;3;2;2;07/07/2026;ERICA;3
7;2136;ARROZ BCO JATAI TP3 5KG;MERCEARIA;89906;06/07/2026;167686;89979;6;132;15;3;3;07/07/2026;ALEXSANDRO;10
7;6841;LIMP MULTI USO AJAX BQ FLORES 500ML FLORES LAVANDA;PERFUMARIA E LIMPEZA;89906;06/07/2026;167686;89979;12;12;12;0;0;07/07/2026;ALEXSANDRO;9
7;23212;SAL MOIDO 5 ESTRELAS 1KG;MERCEARIA;89906;06/07/2026;167686;89979;10;12236;30;8;8;07/07/2026;ALEXSANDRO;62
7;37014;FAROFA DINDA 200G PICANHA;MERCEARIA;89906;06/07/2026;167686;89979;25;219;25;1;1;07/07/2026;ALEXSANDRO;6
7;3635;SAL MOIDO CBS 1KG;MERCEARIA;89906;06/07/2026;167686;89979;10;2324;70;8;8;07/07/2026;ALEXSANDRO;18
7;3769;VINAGRE ALCOOL KOLLER 500ML;MERCEARIA;89906;06/07/2026;167686;89979;12;1092;12;1;1;07/07/2026;JESSICA;-1
7;20653;MAS PARAF ISABELA SEMOLA 400G;MERCEARIA;89906;06/07/2026;167686;89979;20;759;20;2;2;08/07/2026;CAROLINA;-18
7;5302;CR PENT SEDA 300ML CACH DEFINIDOS;PERFUMARIA E LIMPEZA;89906;06/07/2026;167686;89979;12;24;12;2;0;;;0
7;3693;TEMP MAGGI MEU SEGREDO 49G TOMATE ERVAS;MERCEARIA;89906;06/07/2026;167686;89979;42;41;42;0;0;07/07/2026;JESSICA;24
7;16936;CR TRAT HEDERA 960G LISS PERFEITO;PERFUMARIA E LIMPEZA;89906;06/07/2026;167686;89979;6;151;12;0;0;07/07/2026;PAMELA;0
7;38002;CEREAL MAT DOMELLY DINOCRISPY ARGOL;MERCEARIA;89906;06/07/2026;;;1;18;8;0;0;;;0
7;17156;DESINF APYCE 2L JASMIM;PERFUMARIA E LIMPEZA;89906;06/07/2026;167686;89979;6;531;6;3;0;;;-3
7;12413;AMACIANTE GIRANDO SOL 500ML VERM;PERFUMARIA E LIMPEZA;89906;06/07/2026;167686;89979;12;84;12;1;0;;;10
7;6932;LIMP UAU LV1L PG800ML FLORES VERMELHA;PERFUMARIA E LIMPEZA;89906;06/07/2026;167686;89979;12;35;12;1;0;;;12
7;116;CERV SKOL 1L;BEBIDAS;89906;06/07/2026;167686;89979;12;12;12;1;0;;;-11
7;53;AGUA MIN SARANDI 5L S GAS;BEBIDAS;89906;06/07/2026;167686;89979;4;0;4;1;0;;;9
7;3402;CALDO APTI 57G LEGUMES;MERCEARIA;89906;06/07/2026;167686;89979;120;236;120;0;0;07/07/2026;JESSICA;57
7;20316;MACARRAO INST GERMANI 63G CARNE;MERCEARIA;89906;06/07/2026;167686;89979;50;6649;50;3;3;08/07/2026;CAROLINA;92
7;5064;COND SEDA 325ML CACHOS DEFINIDO;PERFUMARIA E LIMPEZA;89906;06/07/2026;167686;89979;12;36;12;2;0;;;0
7;3671;TEMP COMPLETO NEILAR 250G C PIMENTA;MERCEARIA;89906;06/07/2026;167686;89979;24;24;24;1;1;07/07/2026;JESSICA;0
7;16937;CR TRAT HEDERA 960G OLEO D ARGAN;PERFUMARIA E LIMPEZA;89906;06/07/2026;167686;89979;6;193;12;0;0;07/07/2026;PAMELA;0
7;687;ESP GARIBALDI PRIMICIAS GF 660ML ROSE;BEBIDAS;89906;06/07/2026;167686;89979;1;19;1;0;0;07/07/2026;ERICA;12
7;790;REFRIG CHARRUA GUARANA PET 2L;BEBIDAS;89906;06/07/2026;167686;89979;8;-160;120;19;0;07/07/2026;MARCOS M;42
7;786;REFRIG ANTARCTICA GUARANA PET 2L ZERO;BEBIDAS;89906;06/07/2026;167686;89979;8;1016;32;4;0;;;-5
7;25;AGUA MIN DA PEDRA PET 2L C GAS;BEBIDAS;89906;06/07/2026;167686;89979;6;132;6;1;0;;;-1
7;796;REFRIG COCA COLA E FANTA GUARANA 2L;BEBIDAS;89906;06/07/2026;167686;89979;2;6;2;1;0;;;0
7;19312;COT HASTES FLEX COTTONBABY C 75;PERFUMARIA E LIMPEZA;89906;06/07/2026;167686;89979;72;3528;72;1;1;07/07/2026;PAMELA;0
7;35581;CREME P PENT SEDA 300ML TOQUE DE SEDA;PERFUMARIA E LIMPEZA;89906;06/07/2026;167686;89979;12;120;12;1;1;07/07/2026;PAMELA;0
7;7920;SABONETE LUX 125G SUAVE LIRIO AZUL;PERFUMARIA E LIMPEZA;89906;06/07/2026;167686;89979;72;360;144;2;0;;;1
7;2140;ARROZ BCO SANO TP1 5KG;MERCEARIA;89906;06/07/2026;167686;89979;6;1106;60;22;0;;;3
7;20664;MASSA SEMOLA GERMANI 1KG PARAF;MERCEARIA;89906;06/07/2026;167686;89979;10;0;10;1;1;07/07/2026;JESSICA;3
7;22710;RAC DOPREMIUM FILHOTES 10 1K;PRODUTOS PET;89906;06/07/2026;167686;89979;1;3;3;8;8;08/07/2026;CAROLINA;0
7;6234;GEL DENTAL CLOSE UP 90G ORIG RED HOT;PERFUMARIA E LIMPEZA;89906;06/07/2026;167686;89979;12;286;24;0;0;07/07/2026;PAMELA;0
7;2096;ARROZ BCO SANO T1 2K;MERCEARIA;89906;06/07/2026;167686;89979;15;1200;60;0;0;07/07/2026;JOSE ANTONIO;-6
7;2101;ARROZ BCO REQUINTE TP1 2KG;MERCEARIA;89906;06/07/2026;167686;89979;15;983;45;0;0;07/07/2026;JOSE ANTONIO;17
7;2786;FAROFA MANDIOCA YOKI 200G TRADICIONAL;MERCEARIA;89906;06/07/2026;167686;89979;14;14;14;0;0;07/07/2026;ALEXSANDRO;16
7;6839;LIMP MULTI USO AJAX BQ FLORES 500ML FLORES CAMPO;PERFUMARIA E LIMPEZA;89906;06/07/2026;167686;89979;12;0;12;0;0;07/07/2026;ALEXSANDRO;8
7;9623;INSET MAT INSET MULTI PROMO 360ML SEM CHEIRO;PERFUMARIA E LIMPEZA;89906;06/07/2026;167686;89979;12;0;12;0;0;07/07/2026;ALEXSANDRO;7
7;12289;AGUA SANIT IMPERIAL 1L;PERFUMARIA E LIMPEZA;89906;06/07/2026;167686;89979;12;0;12;0;0;07/07/2026;ALEXSANDRO;36
7;12309;ALCOOL ARAUCARIA 46 500ML;PERFUMARIA E LIMPEZA;89906;06/07/2026;167686;89979;12;1692;12;1;1;07/07/2026;ALEXSANDRO;18
7;178;CERV KAISER LT 473ML;BEBIDAS;89906;06/07/2026;167686;89979;12;-323;252;21;0;07/07/2026;MARCOS M;1172
7;2365;FEIJAO VRM CALDO OURO 500G;MERCEARIA;89906;06/07/2026;167686;89979;10;10;10;0;0;07/07/2026;ALEXSANDRO;33
7;3954;AGUA SANIT YPE 2L;PERFUMARIA E LIMPEZA;89906;06/07/2026;167686;89979;6;552;6;1;0;;;23
7;5441;DESINF GIRANDO SOL 500ML LAVANDA;PERFUMARIA E LIMPEZA;89906;06/07/2026;167686;89979;12;564;24;2;0;;;0
7;4176;AMAC DOWNY 1 5L BRISA DE VERAO;PERFUMARIA E LIMPEZA;89906;06/07/2026;167686;89979;9;644;18;2;2;07/07/2026;ALEXSANDRO;0
7;849;REFRIG COCA COLA PET 600ML ZERO;BEBIDAS;89906;06/07/2026;167686;89979;12;24;144;14;0;07/07/2026;MARCOS M;20
7;10193;SAB SENSUS BEAUTY ESSENCE 80G AMANHECER PERS;PERFUMARIA E LIMPEZA;89906;06/07/2026;167686;89979;108;1944;108;1;1;07/07/2026;PAMELA;47
7;2325;FEIJAO PRETO ARBAZA PREMIUM 500G;MERCEARIA;89906;06/07/2026;167686;89979;12;996;60;5;5;07/07/2026;JOSE ANTONIO;111
7;2697;FARINHA MILHO PERDIZ 1KG GROSSA;MERCEARIA;89906;06/07/2026;167686;89979;12;132;12;1;1;07/07/2026;ALEXSANDRO;1
7;782;ACUCAR REFINADO UNIAO 1KG;MERCEARIA;89906;06/07/2026;167686;89979;10;40;10;2;2;07/07/2026;ALEXSANDRO;0
7;2864;MASSA C OVOS GERMANI 500G PENNE;MERCEARIA;89906;06/07/2026;167686;89979;20;19;20;2;2;07/07/2026;JESSICA;2
7;3739;TEMP SAZON 60G FRANGO;MERCEARIA;89906;06/07/2026;167686;89979;48;96;48;1;1;07/07/2026;JESSICA;1
7;4052;ALIM GATO FRISKIES 85G PERU AO MOLHO;PRODUTOS PET;89906;06/07/2026;167686;89979;15;75;15;0;0;08/07/2026;CAROLINA;29
7;17191;DESINF IMPERIAL 5L PINHO;PERFUMARIA E LIMPEZA;89906;06/07/2026;167686;89979;4;24;4;2;0;;;-9
7;9287;DESINF YPE BAK 500ML EUCALIPTO BAK;PERFUMARIA E LIMPEZA;89906;06/07/2026;167686;89979;12;24;12;0;0;07/07/2026;ALEXSANDRO;4
7;5440;DESINF GIRANDO SOL 500ML JASMIM;PERFUMARIA E LIMPEZA;89906;06/07/2026;167686;89979;12;216;12;2;2;07/07/2026;ALEXSANDRO;0
7;825;REFRIG PEPSI PET 2L;BEBIDAS;89906;06/07/2026;167686;89979;8;1104;48;13;0;07/07/2026;MARCOS M;3
7;838;REFRIG FRUKI PET 3L GUARANA;BEBIDAS;89906;06/07/2026;167686;89979;4;0;4;1;0;;;8
7;33266;REFRIG FRUKI PET 3 L LARANJA;BEBIDAS;89906;06/07/2026;167686;89979;4;4;56;17;0;;;0
7;6828;AGUA SABORIZ H2OH 500ML LIMONETO;BEBIDAS;89906;06/07/2026;167686;89979;12;0;24;2;0;;;20
7;2717;FARINHA TRIGO FIDALGA 1KG;MERCEARIA;89906;06/07/2026;167686;89979;10;-10;10;1;0;;;5
7;6997;LOC HID MONANGE 200ML FRUTAS VERMELHA;PERFUMARIA E LIMPEZA;89906;06/07/2026;167686;89979;24;192;24;1;1;07/07/2026;PAMELA;20
7;2161;ARROZ BCO ALEGRETE TP1 5KG;MERCEARIA;89906;06/07/2026;167686;89979;6;516;12;2;0;;;-12
7;3783;VINAGRE MACA KOLLER 750ML;MERCEARIA;89906;06/07/2026;167686;89979;12;517;12;1;1;07/07/2026;JESSICA;12
7;20363;MAC INST NISSIN C 6 L P GAL CAIP;MERCEARIA;89906;06/07/2026;167686;89979;12;12;12;3;3;07/07/2026;JESSICA;172
7;22735;RAC QUATRO PATAS PREMIUM 1K;PRODUTOS PET;89906;06/07/2026;167686;89979;10;128;10;1;1;08/07/2026;CAROLINA;6
7;17294;DESOD ROLLON DOVE 50ML ROMA VERBENA;PERFUMARIA E LIMPEZA;89906;06/07/2026;167686;89979;12;3;12;2;0;;;6
7;4258;AP PROBAK II LV7 PG5;PERFUMARIA E LIMPEZA;89906;06/07/2026;167686;89979;1;14;5;7;0;;;44
7;2285;CANJICA TRIGO CORTESI 500G;MERCEARIA;89906;06/07/2026;167686;89979;12;36;12;0;0;07/07/2026;ALEXSANDRO;0
7;33255;REFRIG CHARRUA PET 3L GUARANA;BEBIDAS;89906;06/07/2026;167686;89979;6;25;24;5;0;;;66
7;152;CERV BRAHMA CHOPP LT 473ML;BEBIDAS;89906;06/07/2026;167686;89979;12;1536;12;68;0;;;0
7;5054;COND SEDA 300ML JUNTINHOS CACHOS;PERFUMARIA E LIMPEZA;89906;06/07/2026;167686;89979;12;156;12;1;1;07/07/2026;PAMELA;10
7;750;ACUCAR CRISTAL GASPARIN 5KG;MERCEARIA;89906;06/07/2026;167686;89979;6;972;6;1;1;07/07/2026;JOSE ANTONIO;25
7;2150;ARROZ BCO REQUINTE TP1 5KG;MERCEARIA;89906;06/07/2026;167686;89979;6;2180;48;8;0;;;40
7;2074;ARROZ BCO SANO TP1 1KG;MERCEARIA;89906;06/07/2026;167686;89979;30;687;210;7;7;07/07/2026;ALEXSANDRO;28
7;3406;CALDO SAZON 32 5G PICANHA;MERCEARIA;89906;06/07/2026;167686;89979;48;48;48;1;1;07/07/2026;JESSICA;45
7;22684;RAC AMIGO PET GATO PEIXE 500G;PRODUTOS PET;89906;06/07/2026;167686;89979;22;307;22;2;2;08/07/2026;CAROLINA;3
7;4988;COND JAY LUC 1L NEUTRO;PERFUMARIA E LIMPEZA;89906;06/07/2026;167686;89979;12;432;12;0;0;07/07/2026;PAMELA;4
7;7943;SABON PALMOLIVE NATURALS 150G JASMIM E CACAU;PERFUMARIA E LIMPEZA;89906;06/07/2026;167686;89979;72;0;72;0;0;07/07/2026;PAMELA;2
7;16930;CR TRAT CAPILAR HEDERA BABOSA 960G;PERFUMARIA E LIMPEZA;89906;06/07/2026;167686;89979;6;133;12;0;0;07/07/2026;PAMELA;0
7;2747;FARINHA TRIGO ROSESOL 5KG;MERCEARIA;89906;06/07/2026;167686;89979;5;30;5;0;0;07/07/2026;ALEXSANDRO;0
7;12594;ARROZ BCO FINOS GRAOS 5K;MERCEARIA;89906;06/07/2026;167686;89979;6;42;12;0;0;07/07/2026;ALEXSANDRO;37
7;13525;BLOQ ODORES 60ML ESPECIARIAS;PERFUMARIA E LIMPEZA;89906;06/07/2026;167686;89979;12;12;12;1;0;;;-3
7;812;REFRIG FANTA UVA PET 2L;BEBIDAS;89906;06/07/2026;167686;89979;8;0;24;3;0;;;18
7;5491;DESINF YPE 500ML BAK LAVANDA;PERFUMARIA E LIMPEZA;89906;06/07/2026;167686;89979;12;264;24;0;0;07/07/2026;ALEXSANDRO;3
7;6134;FRALDA DESC LOOMPIG JUMBINHO XXG 12 UN;PERFUMARIA E LIMPEZA;89906;06/07/2026;167686;89979;8;39;8;0;0;07/07/2026;ALEXSANDRO;0
7;17173;DESINF GOTA LIMPA 2L FLORAL;PERFUMARIA E LIMPEZA;89906;06/07/2026;167686;89979;6;510;6;1;0;;;3
7;12387;ALVEJ GOTA LIMPA MULT 2L S CLORO;PERFUMARIA E LIMPEZA;89906;06/07/2026;167686;89979;6;162;6;1;0;;;14
7;4115;ALVEJ GIRANDO SOL 2L S CLORO;PERFUMARIA E LIMPEZA;89906;06/07/2026;167686;89979;6;188;6;2;0;;;5
7;5671;DETERG GIRANDO SOL 500ML COCO;PERFUMARIA E LIMPEZA;89906;06/07/2026;167686;89979;24;48;24;2;0;;;-18
7;8965;CARVAO CHAMA CAMPEIRA 3KG;NAO ALIMENTO;89906;06/07/2026;167686;89979;1;0;9;9;0;;;13
7;834;REFRIG ANTARCTICA GUARANA PET 3L;BEBIDAS;89906;06/07/2026;167686;89979;4;409;60;15;0;;;4
7;904;REFRIG PEPSI LT 350ML;BEBIDAS;89906;06/07/2026;167686;89979;12;876;24;2;0;;;25
7;229;CERV AMSTEL ULTRA LN 275ML;BEBIDAS;89906;06/07/2026;167686;89979;12;2193;36;3;0;;;31
7;37021;FAROFA DINDA 200G TRAD;MERCEARIA;89906;06/07/2026;167686;89979;25;750;25;1;1;07/07/2026;ALEXSANDRO;7
7;3737;TEMP SAZON 60G CARNES;MERCEARIA;89906;06/07/2026;167686;89979;48;3456;48;2;2;07/07/2026;JESSICA;-15
7;3772;VINAGRE ALCOOL KOLLER 750ML;MERCEARIA;89906;06/07/2026;167686;89979;12;1572;12;2;2;07/07/2026;JESSICA;19
7;23114;SAB PALMOLIVE 85G TANGERINA ALEC;PERFUMARIA E LIMPEZA;89906;06/07/2026;167686;89979;108;5184;108;1;0;;;52
7;2737;FARINHA TRIGO ROSESOL 1KG;MERCEARIA;89906;06/07/2026;167686;89979;10;1434;240;0;0;07/07/2026;JOSE ANTONIO;-78
7;2755;FARINHA TRIGO PANFACIL 1KG C FERM;MERCEARIA;89906;06/07/2026;167686;89979;10;229;10;0;0;07/07/2026;ALEXSANDRO;11
7;3998;ALIM CAO DOG CHOW100G SACHE TOD TAM FRANGO ADULTO;PRODUTOS PET;89906;06/07/2026;167686;89979;15;45;15;0;0;08/07/2026;CAROLINA;66
7;22704;RACAO DODOG TRAD 1KG;PRODUTOS PET;89906;06/07/2026;167686;89979;10;1082;10;0;0;08/07/2026;CAROLINA;8
7;36813;ARROZ BCO BOM DE PANELA TP1 5KG;MERCEARIA;89906;06/07/2026;167686;89979;6;36;18;0;0;07/07/2026;ALEXSANDRO;45
7;37007;FAROFA DINDA 200G BACON;MERCEARIA;89906;06/07/2026;167686;89979;25;75;25;0;0;07/07/2026;ALEXSANDRO;-6
7;12416;AMAC GOTA LIMPA 2L DELICATA;PERFUMARIA E LIMPEZA;89906;06/07/2026;167686;89979;6;990;6;1;0;;;4
7;824;REFRIG PEPSI PET 2L BLACK;BEBIDAS;89906;06/07/2026;167686;89979;8;520;8;6;0;;;4
7;13;AGUA MIN CRYSTAL PET 1 5L C GAS;BEBIDAS;89906;06/07/2026;167686;89979;6;78;18;3;0;;;27
7;889;REFRIG COCA COLA LT 350ML;BEBIDAS;89906;06/07/2026;167686;89979;12;48;12;3;0;;;127
7;5691;DETERG YPE 500 ML CLEAR;PERFUMARIA E LIMPEZA;90382;06/07/2026;168349;91218;24;4488;144;6;0;07/07/2026;FERNANDO PAZ;0
7;5692;DETERG YPE 500 ML NEUTRO;PERFUMARIA E LIMPEZA;90382;06/07/2026;168349;91218;24;6384;120;5;0;07/07/2026;FERNANDO PAZ;96
7;5693;DETERG YPE 500ML CAPIM LIMAO;PERFUMARIA E LIMPEZA;90382;06/07/2026;168349;91218;24;3096;120;5;0;07/07/2026;FERNANDO PAZ;72
7;9547;FRALDA MILI JUMBINHO M 22UN;PERFUMARIA E LIMPEZA;90410;06/07/2026;168413;91218;9;63;18;2;0;07/07/2026;FERNANDO PAZ;0
7;19312;COT HASTES FLEX COTTONBABY C 75;PERFUMARIA E LIMPEZA;90410;06/07/2026;168413;91218;72;3528;72;1;0;07/07/2026;ERICA;0
7;9546;FRALDA MILI JUMBINHO G 20UN;PERFUMARIA E LIMPEZA;90410;06/07/2026;168413;91218;9;639;18;2;0;07/07/2026;ERICA;7
7;35702;FRALDA DESC HUGGIES MEGUINHA XG 28;PERFUMARIA E LIMPEZA;90410;06/07/2026;168413;91218;9;10;9;1;0;07/07/2026;FERNANDO PAZ;0
7;1103;BATATA PALHA BOA TRAD 80G;MERCEARIA;90440;06/07/2026;168462;91218;50;744;100;2;2;07/07/2026;FERNANDO PAZ;199
7;1101;BATATA PALHA BOA TRAD 400G;MERCEARIA;90440;06/07/2026;168462;91218;40;920;80;2;2;07/07/2026;FERNANDO PAZ;65
7;2158;ARROZ BCO TRIVIAL TP2 5KG;MERCEARIA;90468;06/07/2026;168494;91218;6;3156;90;10;10;08/07/2026;LUIGGI;22
7;1647;WAFER GIRASSOL 60G MORANGO;MERCEARIA;90468;06/07/2026;168494;91218;50;5050;250;0;0;07/07/2026;FERNANDO PAZ;-1
7;795;REFRIG COCA COLA PET 2L ZERO;BEBIDAS;90497;06/07/2026;168655;90588;8;1104;40;5;5;07/07/2026;IAGO;13
7;10;REFRIG COCA COLA PET 2L;BEBIDAS;90497;06/07/2026;168527;91218;4;12;120;30;30;07/07/2026;TEIXEIRA;588
7;152;CERV BRAHMA CHOPP LT 473ML;BEBIDAS;90497;06/07/2026;168527;91218;12;1536;360;30;30;07/07/2026;TEIXEIRA;0
7;18466;FEIJAO PTO MORO TP1 1KG;MERCEARIA;90587;06/07/2026;168701;90630;30;5640;300;10;10;08/07/2026;LUIGGI;122
7;2741;FARINHA TRIGO NORDESTE 1KG;MERCEARIA;90587;06/07/2026;168701;90630;10;73;200;20;20;08/07/2026;ALEXSANDRO;37
7;7930;SABONETE LUX 85G ROSAS FRANCESAS;PERFUMARIA E LIMPEZA;90587;06/07/2026;168701;90630;108;1110;324;3;0;08/07/2026;JESSICA M;3
7;2696;FARINHA MILHO PERDIZ 1KG MEDIA;MERCEARIA;90587;06/07/2026;168701;90630;12;-13;24;2;2;08/07/2026;GUILHERME B;11
7;2697;FARINHA MILHO PERDIZ 1KG GROSSA;MERCEARIA;90587;06/07/2026;168701;90630;12;132;24;0;0;08/07/2026;LUIGGI;1
7;7922;SABONETE LUX 85G BUQUE D JASMIM;PERFUMARIA E LIMPEZA;90587;06/07/2026;168701;90630;108;774;216;2;0;08/07/2026;JESSICA M;-1
7;7929;SABONETE LUX 85G ORQUIDEA NEGRA;PERFUMARIA E LIMPEZA;90587;06/07/2026;168701;90630;108;1314;324;3;0;08/07/2026;JESSICA M;22
7;5271;CR DENTAL ORAL B 70G EXTRA BRANCO;PERFUMARIA E LIMPEZA;90617;06/07/2026;169484;91120;108;7308;216;2;0;07/07/2026;ERICA;9
7;2056;ARROZ BCO TRIVIAL T2 1K;MERCEARIA;90617;06/07/2026;168701;90630;30;1093;150;5;5;08/07/2026;LUIGGI;3
8;778;REFRIG PEPSI COLA PET 200ML;BEBIDAS;89908;06/07/2026;167687;89964;12;371;12;7;0;08/07/2026;GUILHERME B;2
8;12237;ACUCAR REFINADO GASPARIN 1KG;MERCEARIA;89908;06/07/2026;167687;89964;10;1161;10;2;0;;;130
8;776;REFRIG PEPSI COLA PET 200ML BLACK;BEBIDAS;89908;06/07/2026;167687;89964;12;1008;36;3;0;08/07/2026;GUILHERME B;46
8;35225;REFRIG GUARANA FRUKI PET 600ML ZERO;BEBIDAS;89908;06/07/2026;167687;89964;12;28;12;1;0;08/07/2026;GUILHERME B;0
8;78;AGUA SABORIZ H2OH PET 500ML LIMAO;BEBIDAS;89908;06/07/2026;167687;89964;12;-24;12;1;0;08/07/2026;GUILHERME B;0
8;38616;CD SEDA COLAGENO VIT INT 250ML;PERFUMARIA E LIMPEZA;89908;06/07/2026;167687;89964;1;1;1;1;0;;;0
8;5064;COND SEDA 325ML CACHOS DEFINIDO;PERFUMARIA E LIMPEZA;89908;06/07/2026;167687;89964;12;36;12;3;0;;;8
8;840;REFRIG PEPSI PET 3L;BEBIDAS;89908;06/07/2026;167687;89964;4;352;8;9;0;08/07/2026;GUILHERME B;10
8;899;REFRIG FANTA UVA LT 350ML;BEBIDAS;89908;06/07/2026;167687;89964;6;107;42;7;0;08/07/2026;GUILHERME B;14
8;741;REFRIG COCA COLA PET ZERO 1 5L;BEBIDAS;89908;06/07/2026;167687;89964;8;24;8;4;0;08/07/2026;GUILHERME B;8
8;656;SUCO DEL VALLE FRUT TP 1L UVA;BEBIDAS;89908;06/07/2026;167687;89964;6;12;6;2;0;08/07/2026;GUILHERME B;-14
8;152;CERV BRAHMA CHOPP LT 473ML;BEBIDAS;89908;06/07/2026;167687;89964;12;1536;84;70;0;;;22
8;33266;REFRIG FRUKI PET 3 L LARANJA;BEBIDAS;89908;06/07/2026;167687;89964;4;4;4;1;0;;;16
8;22916;REPARADOR PONTAS JAYLUC 30ML OLEO ARGAN;PERFUMARIA E LIMPEZA;89908;06/07/2026;167687;89964;24;1;24;1;0;;;22
8;17294;DESOD ROLLON DOVE 50ML ROMA VERBENA;PERFUMARIA E LIMPEZA;89908;06/07/2026;167687;89964;12;3;12;3;0;;;0
8;5070;COND SEDA 325ML LISO PERFEITO;PERFUMARIA E LIMPEZA;89908;06/07/2026;167687;89964;12;96;12;1;0;;;11
8;4893;SH ANTIC CLEAR L400P330 LIM DIAR 2 1;PERFUMARIA E LIMPEZA;89908;06/07/2026;167687;89964;12;192;12;1;0;;;28
8;762;REFRIG COCA COLA PET 200ML;BEBIDAS;89908;06/07/2026;167687;89964;12;1668;180;19;0;;;1
8;830;REFRIG SPRITE PET 2L;BEBIDAS;89908;06/07/2026;167687;89964;8;0;8;2;0;08/07/2026;GUILHERME B;15
8;9231;CR TRAT VINI LADY SC 700G COCO NUTRICAO;PERFUMARIA E LIMPEZA;89908;06/07/2026;167687;89964;12;0;12;1;0;;;7
8;382;BEB MISTA TAMPICO PET 2L FRUTAS CITRICAS;BEBIDAS;89908;06/07/2026;167687;89964;6;18;6;2;0;08/07/2026;GUILHERME B;0
8;38617;CD DOVE NUTRI TRIOLEOS 370ML;PERFUMARIA E LIMPEZA;89908;06/07/2026;167687;89964;1;9;1;7;0;;;0
8;795;REFRIG COCA COLA PET 2L ZERO;BEBIDAS;89908;06/07/2026;167687;89964;8;1104;8;3;0;08/07/2026;GUILHERME B;-93
8;3397;CALDO APTI 19G LEGUMES;MERCEARIA;89908;06/07/2026;167687;89964;24;3648;24;2;0;07/07/2026;ERICA;58
8;15295;CALDO MAGGI 57G COSTELA;MERCEARIA;89908;06/07/2026;167687;89964;10;0;20;2;0;07/07/2026;ERICA;8
8;38619;SH DOVE UMECTACAO E COCO 370ML;PERFUMARIA E LIMPEZA;89908;06/07/2026;167687;89964;1;1;1;1;0;;;0
8;8965;CARVAO CHAMA CAMPEIRA 3KG;NAO ALIMENTO;89908;06/07/2026;167687;89964;1;0;5;7;0;;;17
8;834;REFRIG ANTARCTICA GUARANA PET 3L;BEBIDAS;89908;06/07/2026;167687;89964;4;409;32;10;0;08/07/2026;GUILHERME B;1
8;229;CERV AMSTEL ULTRA LN 275ML;BEBIDAS;89908;06/07/2026;167687;89964;12;2193;12;1;0;;;52
8;8966;CARVAO CHAMA CAMPEIRA 5KG;NAO ALIMENTO;89908;06/07/2026;167687;89964;1;462;2;16;0;;;14
8;786;REFRIG ANTARCTICA GUARANA PET 2L ZERO;BEBIDAS;89908;06/07/2026;167687;89964;8;1016;16;5;0;;;-15
8;33255;REFRIG CHARRUA PET 3L GUARANA;BEBIDAS;89908;06/07/2026;167687;89964;6;25;24;5;0;;;-10
8;20640;MAS NINHO BOM GOSTO SEMOLA 500G;MERCEARIA;89908;06/07/2026;167687;89964;20;239;20;2;0;08/07/2026;JESSICA;0
8;6784;LEITE UHT TIROL C TAMP 1L SEMI DESN;PERECIVEIS;90109;06/07/2026;167987;91473;12;1972;120;10;0;;;105
8;6782;LEITE UHT TIROL C TAMPA 1L DESN;PERECIVEIS;90109;06/07/2026;167987;91473;12;1421;120;10;0;;;5
8;759;REFRIG ANTARCTICA GUARANA PET 200ML;BEBIDAS;90165;06/07/2026;168112;91473;12;1596;240;20;0;;;4
8;5692;DETERG YPE 500 ML NEUTRO;PERFUMARIA E LIMPEZA;90384;06/07/2026;168350;91473;24;6384;240;10;0;;;-35
8;5691;DETERG YPE 500 ML CLEAR;PERFUMARIA E LIMPEZA;90384;06/07/2026;168350;91473;24;4488;240;10;0;;;45
8;19312;COT HASTES FLEX COTTONBABY C 75;PERFUMARIA E LIMPEZA;90412;06/07/2026;168414;90960;72;3528;72;1;0;;;47
8;1102;BATATA PALHA BOA TRAD 800G;MERCEARIA;90442;06/07/2026;168463;91473;20;18;40;2;2;08/07/2026;LUAN;29
8;1101;BATATA PALHA BOA TRAD 400G;MERCEARIA;90442;06/07/2026;168463;91473;40;920;40;1;1;08/07/2026;LUAN;15
8;2158;ARROZ BCO TRIVIAL TP2 5KG;MERCEARIA;90470;06/07/2026;168495;90498;6;3156;90;15;0;;;24
8;10;REFRIG COCA COLA PET 2L;BEBIDAS;90499;06/07/2026;168528;91473;4;12;100;25;0;;;1042
8;152;CERV BRAHMA CHOPP LT 473ML;BEBIDAS;90499;06/07/2026;168528;91473;12;1536;240;20;0;;;22
8;2697;FARINHA MILHO PERDIZ 1KG GROSSA;MERCEARIA;90589;06/07/2026;168702;90631;12;132;24;2;2;07/07/2026;BRAGA;-1
8;2741;FARINHA TRIGO NORDESTE 1KG;MERCEARIA;90589;06/07/2026;168702;90631;10;73;50;5;5;08/07/2026;GUILHERME B;258
8;7922;SABONETE LUX 85G BUQUE D JASMIM;PERFUMARIA E LIMPEZA;90589;06/07/2026;168702;90631;108;774;108;1;0;08/07/2026;JESSICA M;94
8;7929;SABONETE LUX 85G ORQUIDEA NEGRA;PERFUMARIA E LIMPEZA;90589;06/07/2026;168702;90631;108;1314;324;3;0;08/07/2026;JESSICA M;46
8;2696;FARINHA MILHO PERDIZ 1KG MEDIA;MERCEARIA;90589;06/07/2026;168702;90631;12;-13;24;2;2;07/07/2026;BRAGA;19
8;2056;ARROZ BCO TRIVIAL T2 1K;MERCEARIA;90619;06/07/2026;168702;90631;30;1093;150;5;5;07/07/2026;BRAGA;0
8;2100;ARROZ BCO SANO OURO T1 2K;MERCEARIA;90619;06/07/2026;168702;90631;15;135;30;2;2;07/07/2026;BRAGA;1
8;2096;ARROZ BCO SANO T1 2K;MERCEARIA;90619;06/07/2026;168702;90631;15;1200;75;5;5;07/07/2026;BRAGA;0
8;5271;CR DENTAL ORAL B 70G EXTRA BRANCO;PERFUMARIA E LIMPEZA;90619;06/07/2026;169485;91121;108;7308;540;5;0;07/07/2026;ERICA;48
11;827;REFRIG PEPSI TWIST PET 2L;BEBIDAS;89910;06/07/2026;167688;89974;8;1760;8;0;0;08/07/2026;FERNANDO.H;44
11;2280;CANJICA AMARELA CBS 400G;MERCEARIA;89910;06/07/2026;167688;89974;12;48;12;0;0;08/07/2026;BRAGA;0
11;2418;MILHO PIPOCA YOKI 400G PREMIUM;MERCEARIA;89910;06/07/2026;167688;89974;28;55;28;0;0;08/07/2026;BRAGA;21
11;2747;FARINHA TRIGO ROSESOL 5KG;MERCEARIA;89910;06/07/2026;167688;89974;5;30;5;0;0;08/07/2026;BRAGA;1
11;2791;FAROFA CASEIRISSIMA YOKI 200G COSTELINHA;MERCEARIA;89910;06/07/2026;167688;89974;12;12;12;0;0;08/07/2026;BRAGA;40
11;4418;CERV SKOL BEATS RED LN 269ML MIX;BEBIDAS;89910;06/07/2026;167688;89974;12;24;12;1;1;08/07/2026;FERNANDO.H;10
11;844;REFRIG ANTARCTICA PET 600ML GUARANA;BEBIDAS;89910;06/07/2026;167688;89974;12;12;12;1;0;;;1
11;796;REFRIG COCA COLA E FANTA GUARANA 2L;BEBIDAS;89910;06/07/2026;167688;89974;2;6;2;1;0;;;5
11;9546;FRALDA MILI JUMBINHO G 20UN;PERFUMARIA E LIMPEZA;89910;06/07/2026;167688;89974;9;639;9;1;0;;;7
11;750;ACUCAR CRISTAL GASPARIN 5KG;MERCEARIA;89910;06/07/2026;167688;89974;6;972;36;6;6;08/07/2026;BRAGA;294
11;3635;SAL MOIDO CBS 1KG;MERCEARIA;89910;06/07/2026;167688;89974;10;2324;40;4;0;;;-19
11;648;WHISKY MASTER GOLD VD 900ML;BEBIDAS;89910;06/07/2026;167688;89974;1;85;3;3;0;;;10
11;3365;CALDO APTI 19G COSTELA;MERCEARIA;89910;06/07/2026;167688;89974;24;96;48;2;0;;;91
11;4893;SH ANTIC CLEAR L400P330 LIM DIAR 2 1;PERFUMARIA E LIMPEZA;89910;06/07/2026;167688;89974;12;192;12;1;0;;;16
11;38617;CD DOVE NUTRI TRIOLEOS 370ML;PERFUMARIA E LIMPEZA;89910;06/07/2026;167688;89974;1;9;1;1;0;;;0
11;6226;GEL DENT SORRISO FRESH 90G MENTHOL IMPACT;PERFUMARIA E LIMPEZA;89910;06/07/2026;167688;89974;12;0;12;1;0;;;100
11;78;AGUA SABORIZ H2OH PET 500ML LIMAO;BEBIDAS;89910;06/07/2026;167688;89974;12;-24;12;0;0;08/07/2026;FERNANDO.H;0
11;603;ICE DRINK PET 275ML FTAS VRM;BEBIDAS;89910;06/07/2026;167688;89974;12;15;12;0;0;08/07/2026;FERNANDO.H;2
11;741;REFRIG COCA COLA PET ZERO 1 5L;BEBIDAS;89910;06/07/2026;167688;89974;8;24;16;0;0;08/07/2026;FERNANDO.H;4
11;889;REFRIG COCA COLA LT 350ML;BEBIDAS;89910;06/07/2026;167688;89974;12;48;12;0;0;08/07/2026;FERNANDO.H;0
11;4598;CERV ITAIPAVA MALZBIER LT 350ML;BEBIDAS;89910;06/07/2026;167688;89974;12;2606;12;1;1;08/07/2026;FERNANDO.H;39
11;2697;FARINHA MILHO PERDIZ 1KG GROSSA;MERCEARIA;89910;06/07/2026;167688;89974;12;132;12;1;1;08/07/2026;BRAGA;17
11;24643;TCO P PES AMAZONIA 100G MENTOLADO;PERFUMARIA E LIMPEZA;89910;06/07/2026;167688;89974;48;0;48;1;0;;;51
11;7970;SABONETE PROTEX 85G COMPLETE;PERFUMARIA E LIMPEZA;89910;06/07/2026;167688;89974;72;72;72;1;0;;;-4
11;33779;CR DEN COLGATE TT12 180G ORIG MINT;PERFUMARIA E LIMPEZA;89910;06/07/2026;167688;89974;12;372;24;2;0;;;52
11;776;REFRIG PEPSI COLA PET 200ML BLACK;BEBIDAS;89910;06/07/2026;167688;89974;12;1008;12;0;0;08/07/2026;FERNANDO.H;37
11;34306;REFRIG COCA COLA PET 1L;BEBIDAS;89910;06/07/2026;167688;89974;6;30;18;0;0;08/07/2026;FERNANDO.H;136
11;2737;FARINHA TRIGO ROSESOL 1KG;MERCEARIA;89910;06/07/2026;167688;89974;10;1434;30;0;0;08/07/2026;BRAGA;143
11;2637;ERVA MATE PONCHE VERDE 1KG LAMINADO;MERCEARIA;89910;06/07/2026;167688;89974;10;70;10;0;0;08/07/2026;BRAGA;-1
11;114;CERV POLAR EXPORT GF 1L RETORNAVEL;BEBIDAS;89910;06/07/2026;167688;89974;12;120;12;0;0;08/07/2026;FERNANDO.H;21
11;656;SUCO DEL VALLE FRUT TP 1L UVA;BEBIDAS;89910;06/07/2026;167688;89974;6;12;6;0;0;08/07/2026;FERNANDO.H;5
11;812;REFRIG FANTA UVA PET 2L;BEBIDAS;89910;06/07/2026;167688;89974;8;0;88;11;11;08/07/2026;FERNANDO.H;26
11;7943;SABON PALMOLIVE NATURALS 150G JASMIM E CACAU;PERFUMARIA E LIMPEZA;89910;06/07/2026;167688;89974;72;0;72;1;0;;;-36
11;36357;OLEO SERUM TOQUE DE SEDA FR 60ML;PERFUMARIA E LIMPEZA;89910;06/07/2026;167688;89974;12;0;12;1;0;;;17
11;2749;FARINHA TRIGO MARIA INES 5KG;MERCEARIA;89910;06/07/2026;167688;89974;5;375;10;2;2;08/07/2026;BRAGA;1
11;12452;AMEND BCO BELLA DICA 400G;MERCEARIA;89910;06/07/2026;167688;89974;12;4100;36;3;0;;;-6
11;2540;ERVA MATE SEIVA PURA 500G SEM ACUCAR;MERCEARIA;89910;06/07/2026;167688;89974;1;1;8;8;0;;;0
11;10235;SH CLEAR MEN ANTIC 200ML ICE COOL MENTHO;PERFUMARIA E LIMPEZA;89910;06/07/2026;167688;89974;12;84;12;1;0;;;6
11;33374;DESO AERO AXE 200ML APO VET E MANDA;PERFUMARIA E LIMPEZA;89910;06/07/2026;167688;89974;12;600;12;1;0;;;42
11;7558;PROT DIARIO MILI 15UN SUAVE S ABAS;PERFUMARIA E LIMPEZA;89910;06/07/2026;167688;89974;24;288;24;1;0;;;24
11;12237;ACUCAR REFINADO GASPARIN 1KG;MERCEARIA;89910;06/07/2026;167688;89974;10;1161;80;8;0;;;131
11;35581;CREME P PENT SEDA 300ML TOQUE DE SEDA;PERFUMARIA E LIMPEZA;89910;06/07/2026;167688;89974;12;120;12;1;0;;;10
11;10193;SAB SENSUS BEAUTY ESSENCE 80G AMANHECER PERS;PERFUMARIA E LIMPEZA;89910;06/07/2026;167688;89974;108;1944;108;1;0;;;15
11;8244;SH JAY LUC 1L COCO SEM SAL;PERFUMARIA E LIMPEZA;89910;06/07/2026;167688;89974;12;24;12;1;0;;;7
11;2382;LENTILHA YOKI TP2 400G;MERCEARIA;89910;06/07/2026;167688;89974;16;79;64;4;0;;;79
11;5302;CR PENT SEDA 300ML CACH DEFINIDOS;PERFUMARIA E LIMPEZA;89910;06/07/2026;167688;89974;12;24;12;1;0;;;1
11;5804;ESC DENTAL COLGATE CLASSIC LONG MC 8450;PERFUMARIA E LIMPEZA;89910;06/07/2026;167688;89974;12;444;12;1;0;;;8
11;33886;KIT SH CD DOVE 350ML 175ML BOND;PERFUMARIA E LIMPEZA;89910;06/07/2026;167688;89974;8;48;8;1;0;;;4
11;33895;CREME DENT CLOSE UP 100G CARVAO ATIVADO;PERFUMARIA E LIMPEZA;89910;06/07/2026;167688;89974;12;12;12;1;0;;;26
11;2161;ARROZ BCO ALEGRETE TP1 5KG;MERCEARIA;89910;06/07/2026;167750;89958;6;516;180;0;0;06/07/2026;IAGO;27
11;2268;CANJICA AMARELA YOKI 500G;MERCEARIA;89910;06/07/2026;167688;89974;12;24;12;0;0;08/07/2026;BRAGA;-11
11;390;ENERG MONSTER LT 473ML GREEN ZERO;BEBIDAS;89910;06/07/2026;167688;89974;6;402;6;0;0;08/07/2026;FERNANDO.H;26
11;2285;CANJICA TRIGO CORTESI 500G;MERCEARIA;89910;06/07/2026;167688;89974;12;36;12;0;0;08/07/2026;BRAGA;10
11;2628;ERVA MATE PONCHE VERDE 1KG TRAD;MERCEARIA;89910;06/07/2026;167688;89974;20;0;20;0;0;08/07/2026;BRAGA;0
11;3903;ABS C ABAS MILI DIA NOITE C 16 UN SUAVE;PERFUMARIA E LIMPEZA;89910;06/07/2026;167688;89974;24;456;24;1;0;;;9
11;8789;ABS MILI COB C ABAS SV 8UN;PERFUMARIA E LIMPEZA;89910;06/07/2026;167688;89974;36;612;36;1;0;;;5
11;9296;DET LIQ GOTA LIMPA 1L LIMAO;PERFUMARIA E LIMPEZA;89910;06/07/2026;167688;89974;12;2640;12;1;0;;;0
11;762;REFRIG COCA COLA PET 200ML;BEBIDAS;89910;06/07/2026;167688;89974;12;1668;120;10;10;08/07/2026;FERNANDO.H;0
11;834;REFRIG ANTARCTICA GUARANA PET 3L;BEBIDAS;89910;06/07/2026;167688;89974;4;409;16;4;4;08/07/2026;FERNANDO.H;61
11;778;REFRIG PEPSI COLA PET 200ML;BEBIDAS;89910;06/07/2026;167688;89974;12;371;36;3;3;08/07/2026;FERNANDO.H;1
11;2696;FARINHA MILHO PERDIZ 1KG MEDIA;MERCEARIA;89910;06/07/2026;167688;89974;12;-13;12;1;1;08/07/2026;BRAGA;52
11;2617;ERVA MATE SEIVA PURA 1KG NATIVA COM ACUCAR;MERCEARIA;89910;06/07/2026;167688;89974;1;7;1;1;0;;;10
11;23111;SAB PALMOLIVE 85G ARGILA EUCALIP;PERFUMARIA E LIMPEZA;89910;06/07/2026;167688;89974;108;5292;108;1;0;;;102
11;37715;LIMP PERF COALA SOL DO BRASIL 120ML;PERFUMARIA E LIMPEZA;89910;06/07/2026;167688;89974;24;384;24;1;0;;;13
11;786;REFRIG ANTARCTICA GUARANA PET 2L ZERO;BEBIDAS;89910;06/07/2026;167688;89974;8;1016;16;2;2;08/07/2026;FERNANDO.H;19
11;5313;CR PENT SEDA 300ML PRETO LUMINOSO;PERFUMARIA E LIMPEZA;89910;06/07/2026;167688;89974;12;24;12;1;0;;;13
11;2698;KIMILHO YOKI 500G FLOCAO;MERCEARIA;89910;06/07/2026;167688;89974;12;6;12;1;0;;;19
11;23118;SAB PALMOLIVE NATURALS 85G AMORA;PERFUMARIA E LIMPEZA;89910;06/07/2026;167688;89974;108;1524;108;1;0;;;45
11;5806;ESC DENTAL COLGATE ESSENCIAL CLEAN PACK 06UN;PERFUMARIA E LIMPEZA;89910;06/07/2026;167688;89974;6;90;6;1;0;;;2
11;8299;SH PANTENE 300ML BIOTINAMINA;PERFUMARIA E LIMPEZA;89910;06/07/2026;167688;89974;6;42;6;1;0;;;6
11;413;AGUARD KIKANA PET 790ML;BEBIDAS;89910;06/07/2026;167688;89974;12;1380;12;0;0;08/07/2026;FERNANDO.H;63
11;909;REFRIG SPRITE LT 350ML;BEBIDAS;89910;06/07/2026;167688;89974;6;6;6;0;0;08/07/2026;FERNANDO.H;34
11;2092;ARROZ BCO PRATO FINO TP1 1KG;MERCEARIA;89910;06/07/2026;167688;89974;10;10;10;0;0;08/07/2026;BRAGA;34
11;21125;MOL TOM TRAD VAL SH 300G;MERCEARIA;89910;06/07/2026;167688;89974;36;17783;36;1;0;;;176
11;784;REFRIG ANTARCTICA GUARANA PET 2L;BEBIDAS;89910;06/07/2026;167688;89974;8;78;24;3;0;;;120
11;5249;CR DENT CLOSE UP 70G PROT BIOATIVA;PERFUMARIA E LIMPEZA;89910;06/07/2026;167688;89974;72;0;72;1;0;;;72
11;10149;SAB FARNESE 180G PURO HIDR;PERFUMARIA E LIMPEZA;89910;06/07/2026;167688;89974;36;324;36;1;0;;;48
11;7918;SABONETE LUX 125G SUAVE BUQUE DE JASMIM;PERFUMARIA E LIMPEZA;89910;06/07/2026;167688;89974;72;624;72;1;0;;;19
11;37897;KIT ELSEVE COLAG SH 375ML CD 170ML;PERFUMARIA E LIMPEZA;89910;06/07/2026;167688;89974;6;168;6;1;0;;;6
11;7921;SABONETE LUX 125G SUAVE ROSAS FRANCESAS;PERFUMARIA E LIMPEZA;89910;06/07/2026;167688;89974;72;1080;72;1;0;;;11
11;8286;SH PANTENE 175ML COLAGENO;PERFUMARIA E LIMPEZA;89910;06/07/2026;167688;89974;6;22;6;6;0;;;0
11;10;REFRIG COCA COLA PET 2L;BEBIDAS;89910;06/07/2026;167750;89958;4;12;600;150;0;06/07/2026;GUILHERME B;2047
11;2777;ACUCAR CONFEITEIRO CBS 500G;NAO ALIMENTO;89910;06/07/2026;167688;89974;6;6;6;0;0;08/07/2026;BRAGA;7
11;8838;AMAC AQUAFAST 2L ROSA JARD FLORI;PERFUMARIA E LIMPEZA;89910;06/07/2026;167688;89974;6;407;6;1;0;;;14
11;33255;REFRIG CHARRUA PET 3L GUARANA;BEBIDAS;89910;06/07/2026;167688;89974;6;25;78;13;13;08/07/2026;FERNANDO.H;343
11;847;REFRIG COCA COLA PET 600ML;BEBIDAS;89910;06/07/2026;167688;89974;12;3516;36;3;0;;;-32
11;7948;SABON PALMOLIVE NATURALS 150G OLEO ARGAN;PERFUMARIA E LIMPEZA;89910;06/07/2026;167688;89974;72;72;72;1;0;;;-39
11;23117;SAB PALMOLIVE NATURALS 85G JASMIM;PERFUMARIA E LIMPEZA;89910;06/07/2026;167688;89974;108;2376;108;1;0;;;45
11;5216;CR DEN COLGATE 90G CARVAO ATIVADO;PERFUMARIA E LIMPEZA;89910;06/07/2026;167688;89974;48;144;48;1;0;;;23
11;2101;ARROZ BCO REQUINTE TP1 2KG;MERCEARIA;89910;06/07/2026;167688;89974;15;983;15;1;1;08/07/2026;BRAGA;28
11;2510;ERVA MATE PONCHE VERDE 500G TRAD;MERCEARIA;89910;06/07/2026;167688;89974;20;0;20;0;0;08/07/2026;BRAGA;40
11;1837;PAST DOCILE ROLLY MINTY 29G FRUIT;MERCEARIA;89910;06/07/2026;167688;89974;12;1320;36;3;0;;;-27
11;3682;MIST LACTEA COND TRIANGULO TP 395G;MERCEARIA;90099;06/07/2026;167978;90659;27;351;81;4;0;;;288
11;2689;FARINHA MILHO SAUDAVEL 1KG GROSSA;MERCEARIA;90167;06/07/2026;168297;90371;30;-90;30;1;1;08/07/2026;LUIGGI;20
11;2688;FARINHA MILHO SAUDAVEL 1KG MEDIA;MERCEARIA;90167;06/07/2026;168297;90371;30;90;90;0;0;08/07/2026;LUIGGI;107
11;4048;ALIM GATO FRISKIES 85G FRANGO MOLHO;PRODUTOS PET;90355;06/07/2026;168313;90511;15;1170;30;2;0;07/07/2026;ALEXSANDER;51
11;3573;BEBIDA PARMALAT WHEY 250ML COCO;MERCEARIA;90355;06/07/2026;168313;90511;18;0;36;2;2;06/07/2026;ERICA;23
11;3581;BEBIDA PARMALAT WHEY 250ML ABACATE;MERCEARIA;90355;06/07/2026;168313;90511;18;18;54;3;3;06/07/2026;ERICA;11
11;3586;BEBIDA PARMALAT WHEY 250ML CAPPUCCINO;MERCEARIA;90355;06/07/2026;168313;90511;18;18;54;3;3;06/07/2026;ERICA;-5
11;296;VH SANGUE BOI BCO 750ML SV;BEBIDAS;90355;06/07/2026;168313;90511;6;67;24;0;0;06/07/2026;ERICA;0
11;33666;SABONETE LUX 85G GARD E OLEO AME;PERFUMARIA E LIMPEZA;90591;06/07/2026;168703;90632;108;540;324;3;0;;;9
11;7927;SABONETE LUX 85G LAVANDA;PERFUMARIA E LIMPEZA;90591;06/07/2026;168703;90632;108;1188;324;3;0;;;114
11;7925;SABONETE LUX 85G FLOR DE LOTUS;PERFUMARIA E LIMPEZA;90591;06/07/2026;168703;90632;108;2052;324;3;0;;;2
11;7922;SABONETE LUX 85G BUQUE D JASMIM;PERFUMARIA E LIMPEZA;90591;06/07/2026;168703;90632;108;774;216;2;0;;;2
11;7930;SABONETE LUX 85G ROSAS FRANCESAS;PERFUMARIA E LIMPEZA;90591;06/07/2026;168703;90632;108;1110;216;2;0;;;234
11;7928;SABONETE LUX 85G LIRIO AZUL;PERFUMARIA E LIMPEZA;90591;06/07/2026;168703;90632;108;0;216;2;0;;;14
11;7929;SABONETE LUX 85G ORQUIDEA NEGRA;PERFUMARIA E LIMPEZA;90591;06/07/2026;168703;90632;108;1314;324;3;0;;;26
11;2741;FARINHA TRIGO NORDESTE 1KG;MERCEARIA;90591;06/07/2026;168703;90632;10;73;100;10;10;08/07/2026;IAGO;250
12;6787;LEITE LV ELEGE 1L ZERO LAC SEMI DES;PERECIVEIS;89884;06/07/2026;167675;89975;12;238;48;0;0;08/07/2026;MURILO;0
12;6781;LEITE LV EDGE ELEGE 1L INTEGRAL;PERECIVEIS;89884;06/07/2026;167675;89975;12;204;24;0;0;08/07/2026;MURILO;183
12;6799;LEITE SANTA CLARA 1L ZERO LACTOSE;PERECIVEIS;89884;06/07/2026;167675;89975;12;48;12;0;0;08/07/2026;MURILO;44
12;6793;LEITE UHT PET ELEGE 1L SEMI DESNATADO;PERECIVEIS;89884;06/07/2026;167675;89975;6;2184;6;1;1;08/07/2026;MURILO;106
12;9745;LEITE UHT SANTA CLARA DESN 1L;PERECIVEIS;89884;06/07/2026;167675;89975;12;156;36;0;0;08/07/2026;MURILO;0
12;12178;ABS COTTONBABY SUAVE C ABAS C 8;PERFUMARIA E LIMPEZA;89912;06/07/2026;167689;89975;48;144;48;1;1;08/07/2026;MURILO;34
12;9298;DETERG YPE LIQ 5L CLEAR;PERFUMARIA E LIMPEZA;89912;06/07/2026;167689;89975;4;104;4;1;1;08/07/2026;MURILO;7
12;784;REFRIG ANTARCTICA GUARANA PET 2L;BEBIDAS;89912;06/07/2026;167689;89975;8;78;24;3;3;08/07/2026;MURILO;9
12;5235;CR DEN ORAL B 70G 3D WHIT BRI FRESH;PERFUMARIA E LIMPEZA;89912;06/07/2026;167689;89975;6;420;6;1;0;;;0
12;9232;CR TRAT VINI LADY SC 700G HIDRAT INTENSA;PERFUMARIA E LIMPEZA;89912;06/07/2026;167689;89975;12;48;12;1;0;;;10
12;5253;CR DENTAL CLOSE UP 100G LIQUIFRESH ICE;PERFUMARIA E LIMPEZA;89912;06/07/2026;167689;89975;12;138;36;3;0;;;0
12;4258;AP PROBAK II LV7 PG5;PERFUMARIA E LIMPEZA;89912;06/07/2026;167689;89975;1;14;4;4;0;;;24
12;7232;OLEO KING 100ML MULTIUSO;PERFUMARIA E LIMPEZA;89912;06/07/2026;167689;89975;6;42;6;1;0;;;20
12;5491;DESINF YPE 500ML BAK LAVANDA;PERFUMARIA E LIMPEZA;89912;06/07/2026;167689;89975;12;264;24;0;0;08/07/2026;MURILO;0
12;229;CERV AMSTEL ULTRA LN 275ML;BEBIDAS;89912;06/07/2026;167689;89975;12;2193;48;3;3;08/07/2026;MURILO;7
12;309;CERV PROVINCIA MALZBIER ZR LT 473ML;BEBIDAS;89912;06/07/2026;167689;89975;12;96;12;0;0;08/07/2026;MURILO;5
12;796;REFRIG COCA COLA E FANTA GUARANA 2L;BEBIDAS;89912;06/07/2026;167689;89975;2;6;6;0;0;08/07/2026;MURILO;2
12;964;OLEO LIZA GIRASSOL 900ML;MERCEARIA;89912;06/07/2026;167689;89975;20;20;20;0;0;08/07/2026;MURILO;0
12;37863;CREME LEITE TP DAUS 200G;MERCEARIA;89912;06/07/2026;167689;89975;27;189;27;0;0;08/07/2026;MURILO;16
12;390;ENERG MONSTER LT 473ML GREEN ZERO;BEBIDAS;89912;06/07/2026;167689;89975;6;402;6;0;0;08/07/2026;MURILO;10
12;10473;LIMP YPE PERFUMADO 500ML AMOR DE VERAO;PERFUMARIA E LIMPEZA;89912;06/07/2026;167689;89975;24;48;48;0;0;08/07/2026;MURILO;1
12;793;REFRIG COCA COLA E FANTA LARANJA 2L;BEBIDAS;89912;06/07/2026;167689;89975;2;6;2;0;0;08/07/2026;MURILO;2
12;9588;DESOD SANIT ADES GOTA LIMPA 41G 7D MARINE;PERFUMARIA E LIMPEZA;89912;06/07/2026;167689;89975;12;12;12;0;0;08/07/2026;MURILO;1
12;762;REFRIG COCA COLA PET 200ML;BEBIDAS;89912;06/07/2026;167689;89975;12;1668;72;6;6;08/07/2026;MURILO;0
12;889;REFRIG COCA COLA LT 350ML;BEBIDAS;89912;06/07/2026;167689;89975;12;48;36;0;0;08/07/2026;MURILO;3
12;544;GATORADE 500ML MORAN MARACUJA;BEBIDAS;89912;06/07/2026;167689;89975;6;132;6;1;1;08/07/2026;MURILO;9
12;60;AGUA GASEIFICADA CRYSTAL PET 510ML LIMAO;BEBIDAS;89912;06/07/2026;167689;89975;6;78;6;1;1;08/07/2026;MURILO;17
12;2361;FEIJAO VERMELHO ARBAZA 500G;MERCEARIA;89912;06/07/2026;167689;89975;12;1161;12;1;0;;;0
12;5302;CR PENT SEDA 300ML CACH DEFINIDOS;PERFUMARIA E LIMPEZA;89912;06/07/2026;167689;89975;12;24;12;1;0;;;0
12;34609;OLEO SERUM DOVE 110ML UV REPAIR;PERFUMARIA E LIMPEZA;89912;06/07/2026;167689;89975;6;36;6;1;0;;;5
12;16935;CR TRAT HEDERA 960G CERAMIDAS;PERFUMARIA E LIMPEZA;89912;06/07/2026;167689;89975;6;138;12;2;0;;;0
12;4230;AMPOLA PANTENE 45ML 3UN TRAT HIDRATA;PERFUMARIA E LIMPEZA;89912;06/07/2026;167689;89975;1;1;1;1;0;;;9
12;7796;SABAO BARRA YPE 800G GLICERINA;PERFUMARIA E LIMPEZA;89912;06/07/2026;167689;89975;12;192;12;1;1;08/07/2026;MURILO;22
12;5492;DESINF YPE 500ML PINHO TRADICAO;PERFUMARIA E LIMPEZA;89912;06/07/2026;167689;89975;12;13;12;0;0;08/07/2026;MURILO;11
12;8966;CARVAO CHAMA CAMPEIRA 5KG;NAO ALIMENTO;89912;06/07/2026;167689;89975;1;462;19;0;0;08/07/2026;MURILO;30
12;605;ICE DRINK PET 275ML PINA COLADA;BEBIDAS;89912;06/07/2026;167689;89975;12;132;12;1;1;08/07/2026;MURILO;14
12;803;KETCHUP ODERICH SH 1K;MERCEARIA;89912;06/07/2026;167689;89975;6;234;60;10;10;08/07/2026;MURILO;40
12;18978;GEL FIX DI HELLEN BRI M ERV DIA DI A 240G;PERFUMARIA E LIMPEZA;89912;06/07/2026;167689;89975;12;48;12;1;0;;;0
12;5394;CREME PENT SEDA 1KG SUPER HIDRAT;PERFUMARIA E LIMPEZA;89912;06/07/2026;167689;89975;6;54;6;1;0;;;4
12;740;REFRIG COCA COLA PET 1 5L;BEBIDAS;89912;06/07/2026;167689;89975;8;8;8;0;0;08/07/2026;MURILO;13
12;8043;SAPOLIO CREMOSO YPE 300ML ORIGINAL;PERFUMARIA E LIMPEZA;89912;06/07/2026;167689;89975;24;24;24;0;0;08/07/2026;MURILO;26
12;9293;DESINF YPE BAK 500ML TURQUESA;PERFUMARIA E LIMPEZA;89912;06/07/2026;167689;89975;12;72;24;0;0;08/07/2026;MURILO;1
12;2568;MOLHO TOM CAJAMAR SH 300G TRAD;MERCEARIA;89912;06/07/2026;167689;89975;32;288;32;0;0;08/07/2026;MURILO;-9
12;827;REFRIG PEPSI TWIST PET 2L;BEBIDAS;89912;06/07/2026;167689;89975;8;1760;16;0;0;08/07/2026;MURILO;1
12;847;REFRIG COCA COLA PET 600ML;BEBIDAS;89912;06/07/2026;167689;89975;12;3516;96;0;0;08/07/2026;MURILO;146
12;116;CERV SKOL 1L;BEBIDAS;89912;06/07/2026;167689;89975;12;12;12;0;0;08/07/2026;MURILO;6
12;33255;REFRIG CHARRUA PET 3L GUARANA;BEBIDAS;89912;06/07/2026;167689;89975;6;25;24;4;4;08/07/2026;MURILO;0
12;310;VH TRADICAO TINTO 1 4L SC;BEBIDAS;89912;06/07/2026;167689;89975;6;312;18;3;3;08/07/2026;MURILO;10
12;389;ENERG MONSTER LT 473ML GREEN;BEBIDAS;89912;06/07/2026;167689;89975;6;1490;12;0;0;08/07/2026;MURILO;35
12;17159;DESINFETANTE AQUAFAST 1L MARINE;PERFUMARIA E LIMPEZA;89912;06/07/2026;167689;89975;12;48;12;1;1;08/07/2026;MURILO;7
12;790;REFRIG CHARRUA GUARANA PET 2L;BEBIDAS;89912;06/07/2026;167689;89975;8;-160;448;56;0;;;113
12;812;REFRIG FANTA UVA PET 2L;BEBIDAS;89912;06/07/2026;167689;89975;8;0;120;15;15;08/07/2026;MURILO;16
12;15731;CERA LIQ GIRANDO SOL 750ML AMARELA;PERFUMARIA E LIMPEZA;89912;06/07/2026;167689;89975;12;36;12;0;0;08/07/2026;MURILO;5
12;844;REFRIG ANTARCTICA PET 600ML GUARANA;BEBIDAS;89912;06/07/2026;167689;89975;12;12;12;0;0;08/07/2026;MURILO;9
12;3888;ABS C ABAS ALWAYS LV PG 32UN NOTUR;PERFUMARIA E LIMPEZA;89912;06/07/2026;167689;89975;6;24;6;0;0;08/07/2026;MURILO;6
12;986;OLEO SOJA VITALIV PET 900ML;MERCEARIA;89912;06/07/2026;167689;89975;20;140;60;0;0;08/07/2026;MURILO;24
12;17181;DESINF GOTA LIMPA 500ML LAVANDA;PERFUMARIA E LIMPEZA;89912;06/07/2026;167689;89975;12;36;12;1;1;08/07/2026;MURILO;13
12;10203;SABAO BARRA GIRANDO SOL GILCER 200G;PERFUMARIA E LIMPEZA;89912;06/07/2026;167689;89975;50;0;50;1;1;08/07/2026;MURILO;19
12;5439;DESINF GIRANDO SOL 500ML EUCALIPTO;PERFUMARIA E LIMPEZA;89912;06/07/2026;167689;89975;12;300;12;1;1;08/07/2026;MURILO;7
12;48;AGUA MIN FLORESTA PET 500ML C GAS;BEBIDAS;89912;06/07/2026;167689;89975;12;215;24;2;0;;;555
12;904;REFRIG PEPSI LT 350ML;BEBIDAS;89912;06/07/2026;167689;89975;12;876;24;2;2;08/07/2026;MURILO;5
12;758;REFRIG SPRITE PET 1 5L FRESH LIMAO;BEBIDAS;89912;06/07/2026;167689;89975;6;0;6;1;0;;;5
12;2448;SARDINHA NAUTIQUE 125G OLEO;MERCEARIA;89912;06/07/2026;167689;89975;50;12500;100;2;2;08/07/2026;MURILO;189
12;10276;SH GOTA DOURADA FORTALECIM 430ML DESAMARELADOR;PERFUMARIA E LIMPEZA;89912;06/07/2026;167689;89975;12;24;12;1;0;;;0
12;24311;SH DARLING 2X1 650ML;PERFUMARIA E LIMPEZA;89912;06/07/2026;167689;89975;6;12;6;1;0;;;0
12;17317;DESOD ROLLON REXONA 50ML XTRA COOL;PERFUMARIA E LIMPEZA;89912;06/07/2026;167689;89975;12;540;12;1;0;;;0
12;8052;SAPONACEO CREM GIRANDO SOL 300ML ORIGINAL;PERFUMARIA E LIMPEZA;89912;06/07/2026;167689;89975;12;36;12;1;1;08/07/2026;MURILO;1
12;15733;CERA LIQ GIRANDO SOL 750ML VERM;PERFUMARIA E LIMPEZA;89912;06/07/2026;167689;89975;12;0;24;2;2;08/07/2026;MURILO;1
12;15732;CERA LIQ GIRANDO SOL 750ML INCOLOR;PERFUMARIA E LIMPEZA;89912;06/07/2026;167689;89975;12;216;24;2;2;08/07/2026;MURILO;0
12;438;COQUETEL PATRICIA DO SUL VD 790ML;BEBIDAS;89912;06/07/2026;167689;89975;12;2028;24;2;2;08/07/2026;MURILO;21
12;527;ICE DRINK PET 275ML BLUE;BEBIDAS;89912;06/07/2026;167689;89975;12;180;12;1;1;08/07/2026;MURILO;8
12;6614;KIT SH SEDA SH 300 COND 190ML CACHOS DEFINIDO;PERFUMARIA E LIMPEZA;89912;06/07/2026;167689;89975;15;465;30;2;0;;;-1
12;5534;DESOD AERO DOVE 89G 150ML CUIDADO TTL;PERFUMARIA E LIMPEZA;89912;06/07/2026;167689;89975;12;27;12;1;0;;;11
12;3854;ENERG HIPERTENSAO PET 2L MACA VERDE;BEBIDAS;89912;06/07/2026;167689;89975;6;120;6;0;0;08/07/2026;MURILO;4
12;5443;DESINF GIRANDO SOL 500ML PINHO;PERFUMARIA E LIMPEZA;89912;06/07/2026;167689;89975;12;132;24;2;2;08/07/2026;MURILO;2
12;834;REFRIG ANTARCTICA GUARANA PET 3L;BEBIDAS;89912;06/07/2026;167689;89975;4;409;28;7;7;08/07/2026;MURILO;36
12;656;SUCO DEL VALLE FRUT TP 1L UVA;BEBIDAS;89912;06/07/2026;167689;89975;6;12;6;0;0;08/07/2026;MURILO;13
12;5064;COND SEDA 325ML CACHOS DEFINIDO;PERFUMARIA E LIMPEZA;89912;06/07/2026;167689;89975;12;36;12;1;0;;;0
12;38617;CD DOVE NUTRI TRIOLEOS 370ML;PERFUMARIA E LIMPEZA;89912;06/07/2026;167689;89975;1;9;1;1;0;;;0
12;35674;SAB IARA 300G;PERFUMARIA E LIMPEZA;89912;06/07/2026;167689;89975;28;0;28;1;0;;;73
12;2370;ERVILHA ODERICH LT 200G;MERCEARIA;89912;06/07/2026;167689;89975;24;120;48;0;0;08/07/2026;MURILO;38
12;4113;ALVEJ GIRANDO SOL 1L LAVANDA;PERFUMARIA E LIMPEZA;89912;06/07/2026;167689;89975;12;132;12;1;1;08/07/2026;MURILO;6
12;759;REFRIG ANTARCTICA GUARANA PET 200ML;BEBIDAS;90169;06/07/2026;168114;90660;12;1596;60;5;0;;;-2
12;3437;SOPA CEBOLA MAGGI 68G;MERCEARIA;90363;06/07/2026;168314;90512;12;84;36;0;0;06/07/2026;CAROLINA;0
12;759;REFRIG ANTARCTICA GUARANA PET 200ML;BEBIDAS;90363;06/07/2026;168314;90512;12;1596;108;9;0;;;-2
12;5691;DETERG YPE 500 ML CLEAR;PERFUMARIA E LIMPEZA;90388;06/07/2026;168352;90660;24;4488;120;5;0;;;0
12;19312;COT HASTES FLEX COTTONBABY C 75;PERFUMARIA E LIMPEZA;90416;06/07/2026;168416;90660;72;3528;72;1;0;;;21
12;10;REFRIG COCA COLA PET 2L;BEBIDAS;90503;06/07/2026;168530;90660;4;12;100;25;0;;;2177
12;152;CERV BRAHMA CHOPP LT 473ML;BEBIDAS;90503;06/07/2026;168530;90660;12;1536;120;10;0;;;2717
12;795;REFRIG COCA COLA PET 2L ZERO;BEBIDAS;90503;06/07/2026;168658;90591;8;1104;120;14;14;08/07/2026;IAGO;524
12;2696;FARINHA MILHO PERDIZ 1KG MEDIA;MERCEARIA;90593;06/07/2026;168704;90633;12;-13;36;3;3;08/07/2026;ALEXSANDRO;-1
12;7927;SABONETE LUX 85G LAVANDA;PERFUMARIA E LIMPEZA;90593;06/07/2026;168704;90633;108;1188;216;2;0;;;88
12;7929;SABONETE LUX 85G ORQUIDEA NEGRA;PERFUMARIA E LIMPEZA;90593;06/07/2026;168704;90633;108;1314;324;3;0;;;80
12;7925;SABONETE LUX 85G FLOR DE LOTUS;PERFUMARIA E LIMPEZA;90593;06/07/2026;168704;90633;108;2052;324;3;0;;;60
12;7922;SABONETE LUX 85G BUQUE D JASMIM;PERFUMARIA E LIMPEZA;90593;06/07/2026;168704;90633;108;774;108;1;0;;;205
12;7930;SABONETE LUX 85G ROSAS FRANCESAS;PERFUMARIA E LIMPEZA;90593;06/07/2026;168704;90633;108;1110;216;2;0;;;118
12;2741;FARINHA TRIGO NORDESTE 1KG;MERCEARIA;90593;06/07/2026;168704;90633;10;73;100;10;10;08/07/2026;IAGO;220
12;33666;SABONETE LUX 85G GARD E OLEO AME;PERFUMARIA E LIMPEZA;90593;06/07/2026;168704;90633;108;540;324;3;0;;;3
12;18466;FEIJAO PTO MORO TP1 1KG;MERCEARIA;90593;06/07/2026;168704;90633;30;5640;600;20;20;08/07/2026;GUILHERME B;19
12;2697;FARINHA MILHO PERDIZ 1KG GROSSA;MERCEARIA;90593;06/07/2026;168704;90633;12;132;24;0;0;08/07/2026;GUILHERME B;6
12;5235;CR DEN ORAL B 70G 3D WHIT BRI FRESH;PERFUMARIA E LIMPEZA;90623;06/07/2026;168673;90660;6;420;12;2;0;;;0
12;2056;ARROZ BCO TRIVIAL T2 1K;MERCEARIA;90623;06/07/2026;168704;90633;30;1093;60;2;2;08/07/2026;GUILHERME B;156
12;5271;CR DENTAL ORAL B 70G EXTRA BRANCO;PERFUMARIA E LIMPEZA;90623;06/07/2026;168673;90660;108;7308;216;2;0;;;41
12;2096;ARROZ BCO SANO T1 2K;MERCEARIA;90623;06/07/2026;168704;90633;15;1200;30;0;0;08/07/2026;GUILHERME B;53
13;309;CERV PROVINCIA MALZBIER ZR LT 473ML;BEBIDAS;89914;06/07/2026;167691;89976;12;96;12;1;0;07/07/2026;MIKAEL;6
13;4988;COND JAY LUC 1L NEUTRO;PERFUMARIA E LIMPEZA;89914;06/07/2026;167691;89976;12;432;12;1;0;;;7
13;10144;SAB FARNESE 180G AVEIA ESFOL;PERFUMARIA E LIMPEZA;89914;06/07/2026;167691;89976;36;324;36;1;0;;;55
13;24635;TALCO ALMA F JASMIM 100G;PERFUMARIA E LIMPEZA;89914;06/07/2026;167691;89976;12;60;12;1;0;;;13
13;2814;POLENTA PERDIZ 500G INST TEMP;MERCEARIA;89914;06/07/2026;167691;89976;12;155;36;3;0;07/07/2026;MIKAEL;2
13;24638;TCO CORP JAYLUC 80G JASMIN;PERFUMARIA E LIMPEZA;89914;06/07/2026;167691;89976;12;36;12;1;0;;;7
13;19315;COT HASTES FLEX COTTONBABY PT 100UN;PERFUMARIA E LIMPEZA;89914;06/07/2026;167691;89976;1;8;2;2;0;;;4
13;6617;KIT SH SEDA SH 300 COND 190ML LISO PERFEITO;PERFUMARIA E LIMPEZA;89914;06/07/2026;167691;89976;15;2925;15;1;0;;;53
13;6828;AGUA SABORIZ H2OH 500ML LIMONETO;BEBIDAS;89914;06/07/2026;167691;89976;12;0;12;1;0;07/07/2026;MIKAEL;29
13;34306;REFRIG COCA COLA PET 1L;BEBIDAS;89914;06/07/2026;167691;89976;6;30;6;1;0;;;25
13;35115;SH PANTENE 300ML BOND REPAIR;PERFUMARIA E LIMPEZA;89914;06/07/2026;167691;89976;6;234;6;1;0;;;6
13;3992;ALIM CAO DOG CHOW100G SACHE TOD TAM AD RA PEQ FRAN;PRODUTOS PET;89914;06/07/2026;167691;89976;15;165;30;0;0;08/07/2026;JOCELAINE;19
13;2227;ARROZ PARBO PRATO FINO TP1 2KG;MERCEARIA;89914;06/07/2026;167691;89976;5;0;5;1;0;07/07/2026;MIKAEL;5
13;22916;REPARADOR PONTAS JAYLUC 30ML OLEO ARGAN;PERFUMARIA E LIMPEZA;89914;06/07/2026;167691;89976;24;1;24;1;0;;;16
13;5850;ESC DENTAL ORAL B PRO;PERFUMARIA E LIMPEZA;89914;06/07/2026;167691;89976;12;0;12;1;0;;;29
13;3397;CALDO APTI 19G LEGUMES;MERCEARIA;89914;06/07/2026;167691;89976;24;3648;24;1;0;;;121
13;18737;FRALDA DESC BABYSEC ULTSEC MEGA G 32 UN;PERFUMARIA E LIMPEZA;89914;06/07/2026;167691;89976;6;126;6;1;0;;;3
13;18740;FRALDA DESC FERINHA HIPER C 40 XXG;PERFUMARIA E LIMPEZA;89914;06/07/2026;167691;89976;6;2;6;1;0;;;0
13;796;REFRIG COCA COLA E FANTA GUARANA 2L;BEBIDAS;89914;06/07/2026;167691;89976;2;6;14;7;0;07/07/2026;MIKAEL;0
13;12237;ACUCAR REFINADO GASPARIN 1KG;MERCEARIA;89914;06/07/2026;167691;89976;10;1161;90;9;0;07/07/2026;MIKAEL;130
13;844;REFRIG ANTARCTICA PET 600ML GUARANA;BEBIDAS;89914;06/07/2026;167691;89976;12;12;12;1;0;07/07/2026;MIKAEL;35
13;121;CERV BRAHMA CHOPP GF 300ML RETORNAVEL;BEBIDAS;89914;06/07/2026;167691;89976;23;253;23;1;0;;;19
13;12168;ABS DEFINITY C ABAS C 8;PERFUMARIA E LIMPEZA;89914;06/07/2026;167691;89976;60;540;60;1;0;;;29
13;3635;SAL MOIDO CBS 1KG;MERCEARIA;89914;06/07/2026;167691;89976;10;2324;20;2;0;;;38
13;20297;LUVA P CRIANCA LC;NAO ALIMENTO;89950;06/07/2026;167740;89950;1;41;1;0;0;;;1
13;759;REFRIG ANTARCTICA GUARANA PET 200ML;BEBIDAS;90171;06/07/2026;168115;90661;12;1596;120;10;0;07/07/2026;ALEXSANDER;168
13;5488;DESINF YPE 2L BAK FLORAL;PERFUMARIA E LIMPEZA;90366;06/07/2026;168315;90513;6;0;12;2;0;06/07/2026;MURILO;0
13;7825;SABAO PO GIRANDO SOL 400G AZUL;PERFUMARIA E LIMPEZA;90366;06/07/2026;168315;90513;30;0;30;1;0;06/07/2026;MURILO;23
13;824;REFRIG PEPSI PET 2L BLACK;BEBIDAS;90366;06/07/2026;168315;90513;8;520;168;20;20;08/07/2026;AUGUSTO;30
13;5697;AMAC YPE PRO ROUPAS TECIDOS 7L;PERFUMARIA E LIMPEZA;90366;06/07/2026;168315;90513;1;73;10;10;0;06/07/2026;MURILO;0
13;35586;FRALDA DESC HUGGIES MEGUINHA M 36;PERFUMARIA E LIMPEZA;90418;06/07/2026;168417;90661;6;12;6;1;0;07/07/2026;WENDRIO;28
13;19312;COT HASTES FLEX COTTONBABY C 75;PERFUMARIA E LIMPEZA;90418;06/07/2026;168417;90661;72;3528;72;1;0;07/07/2026;WENDRIO;75
13;2158;ARROZ BCO TRIVIAL TP2 5KG;MERCEARIA;90476;06/07/2026;168498;90513;6;3156;90;15;15;08/07/2026;MARCOS M;52
13;152;CERV BRAHMA CHOPP LT 473ML;BEBIDAS;90505;06/07/2026;168531;90661;12;1536;120;10;0;07/07/2026;ALEXSANDER;1321
13;10;REFRIG COCA COLA PET 2L;BEBIDAS;90505;06/07/2026;168531;90661;4;12;80;20;0;07/07/2026;ALEXSANDER;1915
13;7929;SABONETE LUX 85G ORQUIDEA NEGRA;PERFUMARIA E LIMPEZA;90595;06/07/2026;168705;90634;108;1314;324;3;0;;;0
13;7925;SABONETE LUX 85G FLOR DE LOTUS;PERFUMARIA E LIMPEZA;90595;06/07/2026;168705;90634;108;2052;108;1;0;;;108
13;2741;FARINHA TRIGO NORDESTE 1KG;MERCEARIA;90595;06/07/2026;168705;90634;10;73;200;20;20;08/07/2026;ALEXSANDRO;59
13;2697;FARINHA MILHO PERDIZ 1KG GROSSA;MERCEARIA;90595;06/07/2026;168705;90634;12;132;12;0;0;08/07/2026;IAGO;38
13;7930;SABONETE LUX 85G ROSAS FRANCESAS;PERFUMARIA E LIMPEZA;90595;06/07/2026;168705;90634;108;1110;216;2;0;;;67
13;18466;FEIJAO PTO MORO TP1 1KG;MERCEARIA;90595;06/07/2026;168705;90634;30;5640;300;10;10;08/07/2026;IAGO;114
13;2100;ARROZ BCO SANO OURO T1 2K;MERCEARIA;90625;06/07/2026;168705;90634;15;135;15;0;0;08/07/2026;IAGO;21
13;2096;ARROZ BCO SANO T1 2K;MERCEARIA;90625;06/07/2026;168705;90634;15;1200;30;0;0;08/07/2026;IAGO;26
13;2056;ARROZ BCO TRIVIAL T2 1K;MERCEARIA;90625;06/07/2026;168705;90634;30;1093;150;0;0;08/07/2026;IAGO;81
13;5271;CR DENTAL ORAL B 70G EXTRA BRANCO;PERFUMARIA E LIMPEZA;90625;06/07/2026;168674;90661;108;7308;216;2;0;07/07/2026;WENDRIO;60
14;6781;LEITE LV EDGE ELEGE 1L INTEGRAL;PERECIVEIS;89888;06/07/2026;167677;89971;12;204;12;3;0;;;694
14;6780;LEITE NINHO UHT TP LEVINHO 1L SEMI DESNATADO;PERECIVEIS;89888;06/07/2026;167677;89971;12;48;12;2;0;;;2
14;6782;LEITE UHT TIROL C TAMPA 1L DESN;PERECIVEIS;89888;06/07/2026;167677;89971;12;1421;48;6;0;;;64
14;6799;LEITE SANTA CLARA 1L ZERO LACTOSE;PERECIVEIS;89888;06/07/2026;167677;89971;12;48;12;10;0;;;-105
14;6790;LEITE UHT NINHO 1L ZERO LACTOSE;PERECIVEIS;89888;06/07/2026;167677;89971;12;12;12;1;0;;;13
14;6793;LEITE UHT PET ELEGE 1L SEMI DESNATADO;PERECIVEIS;89888;06/07/2026;167677;89971;6;2184;12;2;0;;;44
14;6801;LEITE UHT TP NINHO 1L INTEGRAL;PERECIVEIS;89888;06/07/2026;167677;89971;12;1347;60;7;0;;;76
14;6792;LEITE UHT PET ELEGE 1L INTEGRAL;PERECIVEIS;89888;06/07/2026;167677;89971;6;4261;30;8;0;;;52
14;6791;LEITE UHT PET ELEGE 1L DESNATADO;PERECIVEIS;89888;06/07/2026;167677;89971;6;348;54;10;0;;;2
14;2439;POPCORN YOKI 100G NATURAL;MERCEARIA;89916;06/07/2026;167692;89971;36;36;36;1;0;;;5
14;35693;LIMP VEJA PERFUMES 1L TULIPA;PERFUMARIA E LIMPEZA;89916;06/07/2026;167692;89971;12;24;12;1;0;;;7
14;4115;ALVEJ GIRANDO SOL 2L S CLORO;PERFUMARIA E LIMPEZA;89916;06/07/2026;167692;89971;6;188;6;2;0;;;4
14;3635;SAL MOIDO CBS 1KG;MERCEARIA;89916;06/07/2026;167692;89971;10;2324;10;7;0;;;39
14;37025;FAROFA ROCHA CASEIRA 300G CEB NA MANT;MERCEARIA;89916;06/07/2026;167692;89971;10;59;10;2;0;;;3
14;5691;DETERG YPE 500 ML CLEAR;PERFUMARIA E LIMPEZA;89916;06/07/2026;167692;89971;24;4488;24;3;0;;;0
14;12413;AMACIANTE GIRANDO SOL 500ML VERM;PERFUMARIA E LIMPEZA;89916;06/07/2026;167692;89971;12;84;12;1;0;;;10
14;5574;DESOD AERO OLD SPICE 124G LENHA;PERFUMARIA E LIMPEZA;89916;06/07/2026;167692;89971;12;60;12;1;0;;;10
14;2104;ARROZ BCO PRATO FINO T1 2K;MERCEARIA;89916;06/07/2026;167692;89971;5;0;5;3;0;;;0
14;17293;DESOD ROLLON DOVE 50ML MAN INVISIBL D;PERFUMARIA E LIMPEZA;89916;06/07/2026;167692;89971;12;108;12;1;0;;;10
14;9296;DET LIQ GOTA LIMPA 1L LIMAO;PERFUMARIA E LIMPEZA;89916;06/07/2026;167692;89971;12;2640;12;2;0;;;9
14;5695;DETERG YPE 500ML COCO;PERFUMARIA E LIMPEZA;89916;06/07/2026;167692;89971;24;4800;72;4;0;;;600
14;37033;FAROFA ROCHA 400G TRAD;MERCEARIA;89916;06/07/2026;167692;89971;10;100;10;1;0;;;8
14;2373;GRAO DE BICO JUREIA 400G;MERCEARIA;89916;06/07/2026;167692;89971;6;0;6;2;0;;;1
14;5196;CR DEN COLGATE MPA 180G;PERFUMARIA E LIMPEZA;89916;06/07/2026;167692;89971;72;7488;576;15;0;;;1535
14;4177;AMAC DOWNY 1 5L BRISA INTENSO;PERFUMARIA E LIMPEZA;89916;06/07/2026;167692;89971;9;585;27;5;0;;;-41
14;1740;CHICLE FREEGELLS GUM 8G MORANGO;MERCEARIA;89916;06/07/2026;167692;89971;15;870;15;1;0;07/07/2026;ERICA;85
14;1837;PAST DOCILE ROLLY MINTY 29G FRUIT;MERCEARIA;89916;06/07/2026;167692;89971;12;1320;36;3;0;07/07/2026;ERICA;-16
14;3762;AJI SAL 1KG P CHURRASCO;MERCEARIA;89916;06/07/2026;167692;89971;12;0;12;3;0;;;120
14;5698;DETERG YPE 500ML LIMAO;PERFUMARIA E LIMPEZA;89916;06/07/2026;167692;89971;24;4665;48;4;0;;;449
14;3394;CALDO GALINHA KNORR 114G;MERCEARIA;89916;06/07/2026;167692;89971;1;677;1;10;0;07/07/2026;ERICA;20
14;759;REFRIG ANTARCTICA GUARANA PET 200ML;BEBIDAS;90173;06/07/2026;168116;90655;12;1596;120;10;0;;;30
14;220;VH COUNTRY WINE BORDO 750ML SV;BEBIDAS;90368;06/07/2026;168316;90655;6;0;12;2;0;08/07/2026;JOCELAINE;1
14;3587;BEBIDA PARMALAT WHEY 250ML BAUNILHA;MERCEARIA;90368;06/07/2026;168316;90655;18;38;36;2;0;08/07/2026;JOCELAINE;4
14;300;VH SANGUE BOI TINTO 750ML SV;BEBIDAS;90368;06/07/2026;168316;90655;6;4692;36;6;0;08/07/2026;JOCELAINE;144
14;35633;SOPA DE CANECA NEILAR 18G MANDIO C CEBOLA;MERCEARIA;90368;06/07/2026;168316;90655;72;696;144;12;0;;;2
14;6800;LEITE UHT MOLICO TP 1L DESNAT;PERECIVEIS;90368;06/07/2026;168316;90655;12;2352;24;2;0;;;7
14;35628;SOPA DE CANECA NEILAR 18G CARNE C BATATA;MERCEARIA;90368;06/07/2026;168316;90655;72;828;72;6;0;;;0
14;19312;COT HASTES FLEX COTTONBABY C 75;PERFUMARIA E LIMPEZA;90420;06/07/2026;168418;90655;72;3528;72;1;0;;;68
14;2158;ARROZ BCO TRIVIAL TP2 5KG;MERCEARIA;90478;06/07/2026;168499;90655;6;3156;90;15;0;;;7
14;10;REFRIG COCA COLA PET 2L;BEBIDAS;90507;06/07/2026;168532;90655;4;12;100;25;0;;;1175
14;795;REFRIG COCA COLA PET 2L ZERO;BEBIDAS;90507;06/07/2026;168660;90593;8;1104;160;20;0;08/07/2026;ALEXSANDRO;266
14;152;CERV BRAHMA CHOPP LT 473ML;BEBIDAS;90507;06/07/2026;168532;90655;12;1536;180;15;0;;;341
14;7922;SABONETE LUX 85G BUQUE D JASMIM;PERFUMARIA E LIMPEZA;90597;06/07/2026;168706;90635;108;774;216;2;0;;;76
14;7925;SABONETE LUX 85G FLOR DE LOTUS;PERFUMARIA E LIMPEZA;90597;06/07/2026;168706;90635;108;2052;108;1;0;;;225
14;7929;SABONETE LUX 85G ORQUIDEA NEGRA;PERFUMARIA E LIMPEZA;90597;06/07/2026;168706;90635;108;1314;324;3;0;;;10
14;7930;SABONETE LUX 85G ROSAS FRANCESAS;PERFUMARIA E LIMPEZA;90597;06/07/2026;168706;90635;108;1110;216;2;0;;;105
14;18466;FEIJAO PTO MORO TP1 1KG;MERCEARIA;90597;06/07/2026;168706;90635;30;5640;300;10;10;08/07/2026;ALEXSANDRO;121
14;7928;SABONETE LUX 85G LIRIO AZUL;PERFUMARIA E LIMPEZA;90597;06/07/2026;168706;90635;108;0;216;2;0;;;226
14;2741;FARINHA TRIGO NORDESTE 1KG;MERCEARIA;90597;06/07/2026;168706;90635;10;73;50;0;0;08/07/2026;LUIGGI;182
14;2696;FARINHA MILHO PERDIZ 1KG MEDIA;MERCEARIA;90597;06/07/2026;168706;90635;12;-13;12;1;1;08/07/2026;GUILHERME B;27
14;7927;SABONETE LUX 85G LAVANDA;PERFUMARIA E LIMPEZA;90597;06/07/2026;168706;90635;108;1188;324;3;0;;;68
14;2056;ARROZ BCO TRIVIAL T2 1K;MERCEARIA;90627;06/07/2026;168706;90635;30;1093;60;2;2;08/07/2026;ALEXSANDRO;67
14;2096;ARROZ BCO SANO T1 2K;MERCEARIA;90627;06/07/2026;168706;90635;15;1200;75;0;0;08/07/2026;ALEXSANDRO;0
14;2100;ARROZ BCO SANO OURO T1 2K;MERCEARIA;90627;06/07/2026;168706;90635;15;135;30;0;0;08/07/2026;ALEXSANDRO;-2
14;5271;CR DENTAL ORAL B 70G EXTRA BRANCO;PERFUMARIA E LIMPEZA;90627;06/07/2026;168675;90655;108;7308;540;5;0;;;21
14;5235;CR DEN ORAL B 70G 3D WHIT BRI FRESH;PERFUMARIA E LIMPEZA;90627;06/07/2026;168675;90655;6;420;30;5;0;;;0
17;22118;POM MASSAG BIO CANELA VELHO 150ML;PERFUMARIA E LIMPEZA;89918;06/07/2026;167693;89977;12;396;24;2;0;;;24
17;5654;DESOD ROLLON NIVEA 50ML M INV B W POWER;PERFUMARIA E LIMPEZA;89918;06/07/2026;167693;89977;12;24;12;1;0;;;14
17;36283;MASCARA DOVE UV REPAIR 250G;PERFUMARIA E LIMPEZA;89918;06/07/2026;167693;89977;6;6;12;2;0;;;1
17;2439;POPCORN YOKI 100G NATURAL;MERCEARIA;89918;06/07/2026;167693;89977;36;36;36;1;0;07/07/2026;ALEX JARDIM;20
17;33889;KIT SH CD DOVE 350ML 175ML HIALURON VIT;PERFUMARIA E LIMPEZA;89918;06/07/2026;167693;89977;8;64;8;1;0;;;0
17;3890;ABS C ABAS ALWAYS LV16PG14 AC S NOT;PERFUMARIA E LIMPEZA;89918;06/07/2026;167693;89977;12;47;12;12;0;07/07/2026;MARCOS M;-10
17;396;ENERG MONSTER LT 473ML ULTRA;BEBIDAS;89918;06/07/2026;167693;89977;6;15;24;4;0;07/07/2026;AUGUSTO;0
17;827;REFRIG PEPSI TWIST PET 2L;BEBIDAS;89918;06/07/2026;167693;89977;8;1760;24;3;0;07/07/2026;AUGUSTO;2
17;223;CERV THEREZOPOLIS LAGER LT 473ML GOLD;BEBIDAS;89918;06/07/2026;167693;89977;12;232;12;1;0;07/07/2026;AUGUSTO;36
17;5309;CR PENT SEDA 300ML LUMINOUS UV;PERFUMARIA E LIMPEZA;89918;06/07/2026;167693;89977;12;12;12;1;0;07/07/2026;WENDRIO;8
17;16936;CR TRAT HEDERA 960G LISS PERFEITO;PERFUMARIA E LIMPEZA;89918;06/07/2026;167693;89977;6;151;12;2;0;07/07/2026;WENDRIO;-12
17;18740;FRALDA DESC FERINHA HIPER C 40 XXG;PERFUMARIA E LIMPEZA;89918;06/07/2026;167693;89977;6;2;6;1;0;07/07/2026;WENDRIO;2
17;17292;DESOD ROLLON DOVE 50ML INVISIBLE DRY;PERFUMARIA E LIMPEZA;89918;06/07/2026;167693;89977;12;0;12;1;0;07/07/2026;WENDRIO;0
17;2212;ARROZ PARBO PRATO FINO TP1 1KG;MERCEARIA;89918;06/07/2026;167693;89977;10;0;10;1;0;07/07/2026;ALEX JARDIM;21
17;22117;POM MASSAG BIO FISIOFORT PREMIUM 150ML;PERFUMARIA E LIMPEZA;89918;06/07/2026;167693;89977;12;912;12;1;0;;;0
17;20011;LC HID NIVEA 200ML BODY SOFT MILK;PERFUMARIA E LIMPEZA;89918;06/07/2026;167693;89977;6;84;6;1;0;;;0
17;8306;SH PANTENE 400ML HIDRATACAO;PERFUMARIA E LIMPEZA;89918;06/07/2026;167693;89977;6;60;6;1;0;;;2
17;12528;AP GILLETTE C 8 L8P6;PERFUMARIA E LIMPEZA;89918;06/07/2026;167693;89977;3;10;12;4;0;;;15
17;38617;CD DOVE NUTRI TRIOLEOS 370ML;PERFUMARIA E LIMPEZA;89918;06/07/2026;167693;89977;1;9;2;2;0;;;0
17;8254;SH MONANGE 325ML CACHOS QUE TAL;PERFUMARIA E LIMPEZA;89918;06/07/2026;167693;89977;12;24;12;1;0;;;30
17;10283;SH MONANGE 325ML REST Q GOSTO;PERFUMARIA E LIMPEZA;89918;06/07/2026;167693;89977;12;0;12;1;0;;;1
17;9975;PAST ADESIVA HIGISOL 3UN CITRICO;PERFUMARIA E LIMPEZA;89918;06/07/2026;167693;89977;24;0;24;1;0;;;0
17;17316;DESOD ROLLON REXONA 50ML WOMEN ANT INV;PERFUMARIA E LIMPEZA;89918;06/07/2026;167693;89977;12;324;36;3;0;07/07/2026;WENDRIO;-6
17;898;REFRIG FANTA MARACUJA LT 350ML;BEBIDAS;89918;06/07/2026;167693;89977;6;6;6;1;0;07/07/2026;PAMELA;1
17;607;SUCO DEL VALLE TP 1L UVA;BEBIDAS;89918;06/07/2026;167693;89977;6;0;6;1;0;07/07/2026;PAMELA;6
17;764;REFRIG COCA COLA PET 200ML ZERO;BEBIDAS;89918;06/07/2026;167693;89977;12;3673;108;9;0;07/07/2026;PAMELA;76
17;82;AGUA TONICA ANTARTICA PET 1L;BEBIDAS;89918;06/07/2026;167693;89977;6;0;6;1;0;07/07/2026;PAMELA;0
17;766;REFRIG FANTA PET 200ML LARANJA;BEBIDAS;89918;06/07/2026;167693;89977;12;192;48;4;0;07/07/2026;PAMELA;-112
17;1893;DROPS FREEGELLS 27 6G MORANGO CHOC;MERCEARIA;89918;06/07/2026;167693;89977;12;276;12;1;0;;;2
17;5267;CR DENTAL ORAL B 70G 4 EM 1;PERFUMARIA E LIMPEZA;89918;06/07/2026;167693;89977;48;2064;48;1;0;;;10
17;5317;CR PENT SEDA 350ML BOOM DEFINICAO INTEN;PERFUMARIA E LIMPEZA;89918;06/07/2026;167693;89977;12;48;24;2;0;;;0
17;5804;ESC DENTAL COLGATE CLASSIC LONG MC 8450;PERFUMARIA E LIMPEZA;89918;06/07/2026;167693;89977;12;444;12;1;0;;;11
17;3888;ABS C ABAS ALWAYS LV PG 32UN NOTUR;PERFUMARIA E LIMPEZA;89918;06/07/2026;167693;89977;6;24;12;2;0;07/07/2026;MARCOS M;0
17;9296;DET LIQ GOTA LIMPA 1L LIMAO;PERFUMARIA E LIMPEZA;89918;06/07/2026;167693;89977;12;2640;36;3;0;07/07/2026;MARCOS M;50
17;4216;AMAC YPE 2L DELICADO AMOR;PERFUMARIA E LIMPEZA;89918;06/07/2026;167693;89977;6;36;12;2;0;07/07/2026;MARCOS M;1
17;834;REFRIG ANTARCTICA GUARANA PET 3L;BEBIDAS;89918;06/07/2026;167693;89977;4;409;28;7;0;07/07/2026;AUGUSTO;-3
17;5510;DESOD AERO AXE 152ML 90G MUSK;PERFUMARIA E LIMPEZA;89918;06/07/2026;167693;89977;12;948;36;3;0;07/07/2026;WENDRIO;4
17;5313;CR PENT SEDA 300ML PRETO LUMINOSO;PERFUMARIA E LIMPEZA;89918;06/07/2026;167693;89977;12;24;12;1;0;07/07/2026;WENDRIO;7
17;36026;SERUM TOQUE DE SEDA 100ML;PERFUMARIA E LIMPEZA;89918;06/07/2026;167693;89977;6;24;18;3;0;07/07/2026;WENDRIO;5
17;904;REFRIG PEPSI LT 350ML;BEBIDAS;89918;06/07/2026;167693;89977;12;876;24;2;0;07/07/2026;AUGUSTO;0
17;5531;DESOD AERO DOVE 87G 150ML AMORA;PERFUMARIA E LIMPEZA;89918;06/07/2026;167693;89977;12;165;12;1;0;07/07/2026;WENDRIO;-19
17;16841;CR DEN COLGATE 90G SENS PRO ALIVIO;PERFUMARIA E LIMPEZA;89918;06/07/2026;167693;89977;48;192;96;2;0;07/07/2026;WENDRIO;0
17;34847;CREME TRATAMENTO ELSEVE 300G LISO SONHOS;PERFUMARIA E LIMPEZA;89918;06/07/2026;167693;89977;6;6;12;2;0;07/07/2026;WENDRIO;9
17;3881;ABS ALWAYS 32UN BASICO M SUAVE C ABAS;PERFUMARIA E LIMPEZA;89918;06/07/2026;167693;89977;8;0;8;1;0;07/07/2026;WENDRIO;15
17;12173;ABS GERIAMAX POS PARTO OPERAT C 20;PERFUMARIA E LIMPEZA;89918;06/07/2026;167693;89977;6;120;12;2;0;07/07/2026;WENDRIO;-5
17;615;SUCO DEL VALLE TP 200ML PESSEGO;BEBIDAS;89918;06/07/2026;167693;89977;18;36;18;1;0;07/07/2026;PAMELA;29
17;17308;DESOD ROLLON REXONA 50ML F COTTON;PERFUMARIA E LIMPEZA;89918;06/07/2026;167693;89977;12;372;12;1;0;;;13
17;8601;TINT COR E TON CAST ESC 3 0;PERFUMARIA E LIMPEZA;89918;06/07/2026;167693;89977;6;0;6;1;0;;;10
17;5673;DETERG GIRANDO SOL 500ML LIMAO;PERFUMARIA E LIMPEZA;89918;06/07/2026;167693;89977;24;4224;120;5;0;07/07/2026;MARCOS M;-65
17;5742;ENERG MONSTER LT 473ML FIESTA MANGO;BEBIDAS;89918;06/07/2026;167693;89977;6;0;6;1;0;07/07/2026;AUGUSTO;18
17;22804;REFRIG COCA COLA J DANIELS LT 269ML;BEBIDAS;89918;06/07/2026;167693;89977;6;6;6;1;0;07/07/2026;AUGUSTO;6
17;3475;TEMP COLORIFICO APTI 100G;MERCEARIA;89918;06/07/2026;167693;89977;50;350;50;1;0;;;14
17;13403;BISC DOCE NESTLE CHOCO TRIO 90G PRESTIGIO;MERCEARIA;89918;06/07/2026;167693;89977;12;531;48;4;0;;;-182
17;5674;DETERG GIRANDO SOL 500ML MACA;PERFUMARIA E LIMPEZA;89918;06/07/2026;167693;89977;24;3984;48;2;0;07/07/2026;MARCOS M;28
17;3893;ABS C ABAS DIA NOITE 32 UN SUAVE;PERFUMARIA E LIMPEZA;89918;06/07/2026;167693;89977;16;175;16;1;0;;;3
17;544;GATORADE 500ML MORAN MARACUJA;BEBIDAS;89918;06/07/2026;167693;89977;6;132;6;1;0;07/07/2026;AUGUSTO;8
17;3854;ENERG HIPERTENSAO PET 2L MACA VERDE;BEBIDAS;89918;06/07/2026;167693;89977;6;120;6;1;0;07/07/2026;AUGUSTO;12
17;5314;CR PENT SEDA 300ML SOS CERAMIDAS;PERFUMARIA E LIMPEZA;89918;06/07/2026;167693;89977;12;396;12;1;0;07/07/2026;WENDRIO;5
17;3882;ABS ALWAYS 8UN BASICO P SECA C ABAS;PERFUMARIA E LIMPEZA;89918;06/07/2026;167693;89977;18;108;18;1;0;07/07/2026;WENDRIO;11
17;23023;SAB LIQ BELEZA AMAZONIA 370ML FRUTAS VRM;PERFUMARIA E LIMPEZA;89918;06/07/2026;167693;89977;12;11;12;1;0;;;15
17;1982;CAPUCCINO PRONTO 3C 260ML PINGADO;MERCEARIA;89918;06/07/2026;167693;89977;6;0;6;1;0;07/07/2026;PAMELA;7
17;3367;CALDO APTI 57G REFOGA CASEIRA;MERCEARIA;89918;06/07/2026;167693;89977;10;2330;10;1;0;;;-12
17;7932;SABONETE NIVEA 85G AVEIA;PERFUMARIA E LIMPEZA;89918;06/07/2026;167693;89977;96;1248;96;1;0;07/07/2026;WENDRIO;40
17;16937;CR TRAT HEDERA 960G OLEO D ARGAN;PERFUMARIA E LIMPEZA;89918;06/07/2026;167693;89977;6;193;12;2;0;07/07/2026;WENDRIO;0
17;5513;DESOD AERO AXE BS 150ML 96G DARK TEMPTATION;PERFUMARIA E LIMPEZA;89918;06/07/2026;167693;89977;12;1020;36;3;0;07/07/2026;WENDRIO;5
17;18815;FRALDA PAMPERS SUPERSEQUINHA C 68 M;PERFUMARIA E LIMPEZA;89918;06/07/2026;167693;89977;4;100;4;1;0;07/07/2026;WENDRIO;9
17;34611;SH DOVE 370ML UV REPAIR GLOW;PERFUMARIA E LIMPEZA;89918;06/07/2026;167693;89977;12;0;12;1;0;07/07/2026;WENDRIO;8
17;33647;SAB LIQ MADE IN BRAZIL 1L ERVA DOCE;PERFUMARIA E LIMPEZA;89918;06/07/2026;167693;89977;12;180;12;1;0;07/07/2026;WENDRIO;26
17;3635;SAL MOIDO CBS 1KG;MERCEARIA;89918;06/07/2026;167693;89977;10;2324;60;6;0;07/07/2026;ALEX JARDIM;49
17;33720;COQUETEL CHICOTE PET 500ML LIMAO;BEBIDAS;89918;06/07/2026;167693;89977;12;0;12;1;0;07/07/2026;PAMELA;13
17;5235;CR DEN ORAL B 70G 3D WHIT BRI FRESH;PERFUMARIA E LIMPEZA;89918;06/07/2026;167693;89977;6;420;18;3;0;;;1
17;7875;SABONETE DOVE 90G ERVA DOCE;PERFUMARIA E LIMPEZA;89918;06/07/2026;167693;89977;48;2661;48;1;0;;;294
17;889;REFRIG COCA COLA LT 350ML;BEBIDAS;89918;06/07/2026;167693;89977;12;48;36;3;0;07/07/2026;AUGUSTO;-10
17;566;REPOS POWERADE 500ML FTAS TROPICAIS;BEBIDAS;89918;06/07/2026;167693;89977;6;36;12;2;0;07/07/2026;AUGUSTO;3
17;843;REFRIG ANTARCTICA PET 600ML GUARANA DIET;BEBIDAS;89918;06/07/2026;167693;89977;12;612;24;2;0;07/07/2026;AUGUSTO;0
17;34306;REFRIG COCA COLA PET 1L;BEBIDAS;89918;06/07/2026;167693;89977;6;30;6;1;0;07/07/2026;AUGUSTO;12
17;10178;SABON PALMOLIVE NATURALS 85G KARITE;PERFUMARIA E LIMPEZA;89918;06/07/2026;167693;89977;108;648;108;1;0;07/07/2026;WENDRIO;59
17;19312;COT HASTES FLEX COTTONBABY C 75;PERFUMARIA E LIMPEZA;89918;06/07/2026;167693;89977;72;3528;72;1;0;07/07/2026;WENDRIO;27
17;6618;KIT SH SEDA SH 300 COND 190ML LUMINIOUS UV;PERFUMARIA E LIMPEZA;89918;06/07/2026;167693;89977;15;690;30;2;0;07/07/2026;WENDRIO;33
17;5275;CR DENTAL TANDY 50G MORANGO;PERFUMARIA E LIMPEZA;89918;06/07/2026;167693;89977;12;72;36;3;0;07/07/2026;WENDRIO;0
17;367;AGUARD VELHO BARREIRO 910ML GOLD;BEBIDAS;89918;06/07/2026;167693;89977;6;42;18;3;0;07/07/2026;PAMELA;17
17;5509;DESOD AERO AXE 152ML 90G MARINE;PERFUMARIA E LIMPEZA;89918;06/07/2026;167693;89977;12;984;12;1;0;;;9
17;3413;CREME LEITE ELEGE TP 200G LEVISSIMO;MERCEARIA;90105;06/07/2026;167981;;24;72;24;0;0;;;0
17;759;REFRIG ANTARCTICA GUARANA PET 200ML;BEBIDAS;90175;06/07/2026;168117;;12;1596;180;0;0;;;-41
17;3092;MOSTARDA ODERICH TRADICIONAL 190G BISNAGA;MERCEARIA;90335;06/07/2026;168256;90362;24;119;24;1;0;06/07/2026;GABRIELL2;-5
17;7802;SABAO PASTA ASSOLAN 500G;PERFUMARIA E LIMPEZA;90371;06/07/2026;168317;;12;0;12;0;0;;;11
17;1102;BATATA PALHA BOA TRAD 800G;MERCEARIA;90371;06/07/2026;168317;;20;18;40;0;0;;;14
17;3416;CREME LEITE ITALAC TP 200G ZERO LACTOSE;MERCEARIA;90371;06/07/2026;168317;;24;96;48;0;0;;;18
17;35632;SOPA DE CANECA NEILAR 18G LEGUMES;MERCEARIA;90371;06/07/2026;168317;;12;1068;12;0;0;;;12
17;1211;BISC DOCE GIRASSOL SORTIDO 300G;MERCEARIA;90371;06/07/2026;169347;91029;20;480;40;2;0;07/07/2026;GABRIELL2;1
17;17339;LAVA ROUPAS LIQ BARBAREX 5L;PERFUMARIA E LIMPEZA;90371;06/07/2026;168317;;2;684;110;0;0;;;19
17;805;KETCHUP ODERICH SH 7G C 140 UN;MERCEARIA;90371;06/07/2026;168317;;1;3;4;0;0;;;4
17;6784;LEITE UHT TIROL C TAMP 1L SEMI DESN;PERECIVEIS;90371;06/07/2026;168317;;12;1972;72;0;0;;;92
17;5697;AMAC YPE PRO ROUPAS TECIDOS 7L;PERFUMARIA E LIMPEZA;90371;06/07/2026;168317;;1;73;9;0;0;;;0
17;36721;DET LIQ AQUAFAST LAV RAP FRESH 1 5L;PERFUMARIA E LIMPEZA;90371;06/07/2026;168317;;9;90;27;0;0;;;4
17;20024;LEITE COND PIRACANJUBA 395G SEMIDESNAT;MERCEARIA;90371;06/07/2026;168317;;27;2970;297;0;0;;;-37
17;3092;MOSTARDA ODERICH TRADICIONAL 190G BISNAGA;MERCEARIA;90371;06/07/2026;168317;;24;119;48;0;0;;;-5
17;3527;GRANOLA NATURALE 1KG PASSAS E MEL;MERCEARIA;90371;06/07/2026;168317;;12;0;24;0;0;;;2
17;300;VH SANGUE BOI TINTO 750ML SV;BEBIDAS;90371;06/07/2026;168317;;6;4692;156;0;0;;;409
17;23092;SAB LIQ SENSUS LUXO 220ML SEDUCAO;PERFUMARIA E LIMPEZA;90371;06/07/2026;168317;;12;108;24;0;0;;;20
17;4115;ALVEJ GIRANDO SOL 2L S CLORO;PERFUMARIA E LIMPEZA;90371;06/07/2026;168317;;6;188;18;0;0;;;1
17;2914;MASSA C OVOS ISABELA 500G GRAVATINHA;MERCEARIA;90371;06/07/2026;168317;;20;540;40;0;0;;;68
17;22637;QJO RAL PRESIDENTE 50G;MERCEARIA;90371;06/07/2026;168317;;20;0;40;0;0;;;11
17;35633;SOPA DE CANECA NEILAR 18G MANDIO C CEBOLA;MERCEARIA;90371;06/07/2026;168317;;12;696;12;0;0;;;2
17;1194;BISC DOCE GIRASSOL ROSCA 250G CHOCOLATE;MERCEARIA;90371;06/07/2026;168317;;22;748;44;0;0;;;-2
17;2295;ERVILHA SERRA URUGUAI PARTIDA 500G;PERECIVEIS;90371;06/07/2026;168317;;20;140;40;0;0;;;26
17;1649;WAFER GIRASSOL 60G LIMAO;MERCEARIA;90371;06/07/2026;168317;;50;3750;100;0;0;;;4
17;2109;CAFE SOL NESCAFE SH 40G ORIGINAL;MERCEARIA;90371;06/07/2026;168317;;24;192;48;0;0;;;2
17;9288;DESINF YPE BAK 500ML FLORAL BAK;PERFUMARIA E LIMPEZA;90371;06/07/2026;168317;;12;12;24;0;0;;;7
17;2398;MILHO VERDE ODERICH LT 200G;MERCEARIA;90371;06/07/2026;168317;;24;717;144;0;0;;;115
17;2097;CAFE SOL NESCAFE SH 40G DOLCA;MERCEARIA;90371;06/07/2026;168317;;24;48;72;0;0;;;30
17;2140;ARROZ BCO SANO TP1 5KG;MERCEARIA;90371;06/07/2026;168317;;6;1106;84;0;0;;;9
17;9745;LEITE UHT SANTA CLARA DESN 1L;PERECIVEIS;90371;06/07/2026;168661;90594;12;156;72;0;0;07/07/2026;ALEX JARDIM;-58
17;763;ACUCAR CRISTAL SAO JOAO 5KG;MERCEARIA;90371;06/07/2026;168317;;6;963;24;0;0;;;-24
17;1437;BISC RECH GLUB 100G CHOC BCO;MERCEARIA;90371;06/07/2026;168317;;30;120;30;0;0;;;-37
17;5696;DETERG YPE 500ML MACA;PERFUMARIA E LIMPEZA;90392;06/07/2026;168354;;24;5297;120;0;0;;;161
17;19312;COT HASTES FLEX COTTONBABY C 75;PERFUMARIA E LIMPEZA;90422;06/07/2026;168419;;72;3528;72;0;0;;;27
17;9550;FRALDA MILI JUMBINHO XXG 16UN;PERFUMARIA E LIMPEZA;90422;06/07/2026;168419;;9;631;9;0;0;;;9
17;1102;BATATA PALHA BOA TRAD 800G;MERCEARIA;90452;06/07/2026;168468;;20;18;40;0;0;;;14
17;1101;BATATA PALHA BOA TRAD 400G;MERCEARIA;90452;06/07/2026;168468;;40;920;40;0;0;;;30
17;2158;ARROZ BCO TRIVIAL TP2 5KG;MERCEARIA;90480;06/07/2026;168500;91338;6;3156;120;20;0;;;55
17;795;REFRIG COCA COLA PET 2L ZERO;BEBIDAS;90509;06/07/2026;168661;90594;8;1104;80;10;0;07/07/2026;GUILHERME B;1125
17;10;REFRIG COCA COLA PET 2L;BEBIDAS;90509;06/07/2026;168533;;4;12;80;0;0;;;440
17;152;CERV BRAHMA CHOPP LT 473ML;BEBIDAS;90509;06/07/2026;168533;;12;1536;120;0;0;;;1817
17;2741;FARINHA TRIGO NORDESTE 1KG;MERCEARIA;90599;06/07/2026;168707;90636;10;73;50;5;0;;;734
17;2696;FARINHA MILHO PERDIZ 1KG MEDIA;MERCEARIA;90599;06/07/2026;168707;90636;12;-13;36;3;0;07/07/2026;ALEXSANDRO;10
17;2697;FARINHA MILHO PERDIZ 1KG GROSSA;MERCEARIA;90599;06/07/2026;168707;90636;12;132;36;3;0;07/07/2026;ALEXSANDRO;-4
17;33666;SABONETE LUX 85G GARD E OLEO AME;PERFUMARIA E LIMPEZA;90599;06/07/2026;168707;90636;108;540;324;3;0;;;262
17;2056;ARROZ BCO TRIVIAL T2 1K;MERCEARIA;90629;06/07/2026;168707;90636;30;1093;150;5;0;07/07/2026;ALEXSANDRO;20
17;5235;CR DEN ORAL B 70G 3D WHIT BRI FRESH;PERFUMARIA E LIMPEZA;90629;06/07/2026;169486;91122;6;420;12;2;0;07/07/2026;ERICA;1
17;5271;CR DENTAL ORAL B 70G EXTRA BRANCO;PERFUMARIA E LIMPEZA;90629;06/07/2026;169486;91122;108;7308;216;2;0;07/07/2026;ERICA;157
17;2096;ARROZ BCO SANO T1 2K;MERCEARIA;90629;06/07/2026;168707;90636;15;1200;150;10;0;07/07/2026;ALEXSANDRO;12
18;9745;LEITE UHT SANTA CLARA DESN 1L;PERECIVEIS;89892;06/07/2026;167679;89970;12;156;12;0;0;06/07/2026;ALEXSANDER;121
18;6782;LEITE UHT TIROL C TAMPA 1L DESN;PERECIVEIS;89892;06/07/2026;167679;89970;12;1421;36;5;5;06/07/2026;ALEXSANDER;106
18;6781;LEITE LV EDGE ELEGE 1L INTEGRAL;PERECIVEIS;89892;06/07/2026;167679;89970;12;204;12;0;0;06/07/2026;ALEXSANDER;0
18;6795;LEITE UHT TIROL 1L ZERO LAC;PERECIVEIS;89892;06/07/2026;167679;89970;12;24;12;0;0;06/07/2026;ALEXSANDER;82
18;6787;LEITE LV ELEGE 1L ZERO LAC SEMI DES;PERECIVEIS;89892;06/07/2026;167679;89970;12;238;36;0;0;06/07/2026;ALEXSANDER;77
18;6792;LEITE UHT PET ELEGE 1L INTEGRAL;PERECIVEIS;89892;06/07/2026;167679;89970;6;4261;66;17;17;06/07/2026;ALEXSANDER;-11
18;6790;LEITE UHT NINHO 1L ZERO LACTOSE;PERECIVEIS;89892;06/07/2026;167679;89970;12;12;12;0;0;06/07/2026;ALEXSANDER;84
18;6799;LEITE SANTA CLARA 1L ZERO LACTOSE;PERECIVEIS;89892;06/07/2026;167679;89970;12;48;12;0;0;06/07/2026;ALEXSANDER;34
18;4115;ALVEJ GIRANDO SOL 2L S CLORO;PERFUMARIA E LIMPEZA;89920;06/07/2026;167694;89970;6;188;6;0;0;07/07/2026;PAMELA;-2
18;4201;AMAC GIRANDO SOL 2L AMARELO;PERFUMARIA E LIMPEZA;89920;06/07/2026;167694;89970;6;474;6;1;1;07/07/2026;ALEX JARDIM;11
18;17169;DESINF GIRANDO SOL 2L EUCALIPTO;PERFUMARIA E LIMPEZA;89920;06/07/2026;167694;89970;6;186;6;1;1;07/07/2026;PAMELA;17
18;5438;DESINF GIRANDO SOL 2L TALCO;PERFUMARIA E LIMPEZA;89920;06/07/2026;167694;89970;6;204;6;2;2;07/07/2026;PAMELA;12
18;3951;AGUA SANIT Q BOA 2L;PERFUMARIA E LIMPEZA;89920;06/07/2026;167694;89970;6;20;6;0;0;07/07/2026;ALEX JARDIM;-6
18;12417;AMAC GOTA LIMPA 2L FASCINIO;PERFUMARIA E LIMPEZA;89920;06/07/2026;167694;89970;6;24;6;0;0;07/07/2026;ALEX JARDIM;12
18;6704;LAVA ROUPA GIRANDO SOL 2L ACAO TTAL;PERFUMARIA E LIMPEZA;89920;06/07/2026;167694;89970;6;96;6;4;4;07/07/2026;PAMELA;-1
18;12452;AMEND BCO BELLA DICA 400G;MERCEARIA;89920;06/07/2026;167694;89970;12;4100;36;7;0;;;21
18;8286;SH PANTENE 175ML COLAGENO;PERFUMARIA E LIMPEZA;89920;06/07/2026;167694;89970;6;22;6;0;0;06/07/2026;PAMELA;2
18;9215;CR DIHELLEN 100G COLAGENO E ELASTINA;PERFUMARIA E LIMPEZA;89920;06/07/2026;167694;89970;12;12;12;0;0;06/07/2026;PAMELA;14
18;5253;CR DENTAL CLOSE UP 100G LIQUIFRESH ICE;PERFUMARIA E LIMPEZA;89920;06/07/2026;167694;89970;12;138;12;0;0;06/07/2026;PAMELA;43
18;33895;CREME DENT CLOSE UP 100G CARVAO ATIVADO;PERFUMARIA E LIMPEZA;89920;06/07/2026;167694;89970;12;12;12;1;0;;;28
18;9297;DET LIQ GOTA LIMPA 1L MACA;PERFUMARIA E LIMPEZA;89920;06/07/2026;167694;89970;12;156;12;0;0;07/07/2026;ALEX JARDIM;-50
18;6736;LAVA ROUPA SURF 3L LAVANDA;PERFUMARIA E LIMPEZA;89920;06/07/2026;167694;89970;4;20;4;1;1;07/07/2026;ALEX JARDIM;8
18;3954;AGUA SANIT YPE 2L;PERFUMARIA E LIMPEZA;89920;06/07/2026;167694;89970;6;552;18;3;3;07/07/2026;PAMELA;13
18;17426;DETERGENTE ZAVASKI CLORADO 1L;PERFUMARIA E LIMPEZA;89920;06/07/2026;167694;89970;12;48;12;1;0;;;10
18;796;REFRIG COCA COLA E FANTA GUARANA 2L;BEBIDAS;89920;06/07/2026;167694;89970;2;6;6;6;0;;;6
18;37265;FAROFA ROCHA 250G BACON;MERCEARIA;89920;06/07/2026;167694;89970;12;59;24;2;0;;;-14
18;2698;KIMILHO YOKI 500G FLOCAO;MERCEARIA;89920;06/07/2026;167694;89970;12;6;12;3;0;;;3
18;17660;ENX BUCAL COLGATE PLAX L500P350ML FRESH MINT;PERFUMARIA E LIMPEZA;89920;06/07/2026;167694;89970;12;0;12;0;0;06/07/2026;PAMELA;10
18;12420;AMAC GOTA LIMPA 2L PETALAS;PERFUMARIA E LIMPEZA;89920;06/07/2026;167694;89970;6;186;6;2;2;07/07/2026;ALEX JARDIM;16
18;5436;DESINF GIRANDO SOL 2L LIMAO;PERFUMARIA E LIMPEZA;89920;06/07/2026;167694;89970;6;42;6;1;1;07/07/2026;PAMELA;18
18;964;OLEO LIZA GIRASSOL 900ML;MERCEARIA;89920;06/07/2026;167694;89970;20;20;20;2;0;;;0
18;2785;FAROFA MANDIOCA YOKI 200G C TEMPERO SUAVE;MERCEARIA;89920;06/07/2026;167694;89970;14;0;14;1;0;;;36
18;13209;BEB NESTLE NESCAU 270ML EX CACAU;MERCEARIA;89920;06/07/2026;167694;89970;24;0;24;1;1;08/07/2026;JOCELAINE;3
18;5427;DESENG VEJA SQZ LV500PG400ML LIMAO;PERFUMARIA E LIMPEZA;89920;06/07/2026;167694;89970;24;24;24;0;0;07/07/2026;PAMELA;28
18;2911;ACHOC LIQ ITALAC 200ML;MERCEARIA;89920;06/07/2026;167694;89970;24;56;24;0;0;06/07/2026;ALEXSANDER;21
18;33286;AMAC APYCE 5L TRAD AZL;PERFUMARIA E LIMPEZA;89920;06/07/2026;167694;89970;2;276;4;0;0;07/07/2026;ALEX JARDIM;-14
18;37437;AGUA SANITARIA SUPREMA 2 L;PERFUMARIA E LIMPEZA;89920;06/07/2026;167694;89970;6;2646;30;11;11;07/07/2026;ALEX JARDIM;7
18;5434;DESINF AQUAFAST HARMONIA 2L LAVANDA;PERFUMARIA E LIMPEZA;89920;06/07/2026;167694;89970;6;149;6;3;3;07/07/2026;PAMELA;8
18;12411;AMACIANTE GIRANDO SOL 500ML COCO;PERFUMARIA E LIMPEZA;89920;06/07/2026;167694;89970;12;144;12;3;0;;;16
18;23002;SAB FONTANA SENSUS 150G LIMA LIMAO ORI;PERFUMARIA E LIMPEZA;89920;06/07/2026;167694;89970;72;720;72;0;0;06/07/2026;PAMELA;5
18;5697;AMAC YPE PRO ROUPAS TECIDOS 7L;PERFUMARIA E LIMPEZA;89920;06/07/2026;167694;89970;1;73;1;0;0;07/07/2026;ALEX JARDIM;-1
18;20154;LIMP VEJA M USO 750ML ORIG;PERFUMARIA E LIMPEZA;89920;06/07/2026;167694;89970;12;24;12;0;0;07/07/2026;PAMELA;1
18;2370;ERVILHA ODERICH LT 200G;MERCEARIA;89920;06/07/2026;167694;89970;24;120;24;0;0;06/07/2026;ALEXSANDER;107
18;5435;DESINF GIRANDO SOL 2L LAVANDA;PERFUMARIA E LIMPEZA;89920;06/07/2026;167694;89970;6;329;6;2;2;07/07/2026;ALEX JARDIM;13
18;10473;LIMP YPE PERFUMADO 500ML AMOR DE VERAO;PERFUMARIA E LIMPEZA;89920;06/07/2026;167694;89970;24;48;24;2;0;;;4
18;37863;CREME LEITE TP DAUS 200G;MERCEARIA;89920;06/07/2026;167694;89970;27;189;27;0;0;06/07/2026;ALEXSANDER;-26
18;784;REFRIG ANTARCTICA GUARANA PET 2L;BEBIDAS;89920;06/07/2026;167694;89970;8;78;16;4;0;;;0
18;847;REFRIG COCA COLA PET 600ML;BEBIDAS;89920;06/07/2026;167694;89970;12;3516;24;17;0;;;9
18;4230;AMPOLA PANTENE 45ML 3UN TRAT HIDRATA;PERFUMARIA E LIMPEZA;89920;06/07/2026;167694;89970;1;1;1;0;0;06/07/2026;PAMELA;13
18;35127;TOALHA UMED BEBE LIMPINHO C45;PERFUMARIA E LIMPEZA;89920;06/07/2026;167694;89970;24;0;24;1;1;06/07/2026;PAMELA;17
18;840;REFRIG PEPSI PET 3L;BEBIDAS;89920;06/07/2026;167694;89970;4;352;16;22;0;;;1
18;20391;MAIONESE LIZA CASEIRA 450G;MERCEARIA;89920;06/07/2026;167694;89970;12;96;12;1;0;;;0
18;3842;EXT TOM FUGINI SH 300G;MERCEARIA;89920;06/07/2026;167694;89970;36;36;36;1;0;;;45
18;793;REFRIG COCA COLA E FANTA LARANJA 2L;BEBIDAS;89920;06/07/2026;167694;89970;2;6;4;2;0;;;-8
18;2786;FAROFA MANDIOCA YOKI 200G TRADICIONAL;MERCEARIA;89920;06/07/2026;167694;89970;14;14;14;2;0;;;61
18;5302;CR PENT SEDA 300ML CACH DEFINIDOS;PERFUMARIA E LIMPEZA;89920;06/07/2026;167694;89970;12;24;12;0;0;06/07/2026;PAMELA;0
18;38617;CD DOVE NUTRI TRIOLEOS 370ML;PERFUMARIA E LIMPEZA;89920;06/07/2026;167694;89970;1;9;1;0;0;06/07/2026;PAMELA;0
18;37887;TIT COR E TON S AMONIA 2 0 PTO;PERFUMARIA E LIMPEZA;89920;06/07/2026;167694;89970;6;0;6;0;0;06/07/2026;PAMELA;5
18;9983;DESOD SANIT GOTA LIMPA 25G EUCALIPTO;PERFUMARIA E LIMPEZA;89920;06/07/2026;167694;89970;48;0;48;1;1;06/07/2026;PAMELA;27
18;9975;PAST ADESIVA HIGISOL 3UN CITRICO;PERFUMARIA E LIMPEZA;89920;06/07/2026;167694;89970;24;0;24;0;0;06/07/2026;PAMELA;15
18;5522;DESOD AERO BOZZANO 90G DRY;PERFUMARIA E LIMPEZA;89920;06/07/2026;167694;89970;12;348;12;1;1;06/07/2026;PAMELA;16
18;17309;DESOD ROLLON REXONA 50ML F POWDER;PERFUMARIA E LIMPEZA;89920;06/07/2026;167694;89970;12;300;12;3;0;;;69
18;2568;MOLHO TOM CAJAMAR SH 300G TRAD;MERCEARIA;89920;06/07/2026;167694;89970;32;288;32;10;0;;;96
18;1838;PAST DOCILE ROLLY MINTY 29G HORTELA;MERCEARIA;89920;06/07/2026;167694;89970;12;252;12;1;0;07/07/2026;ERICA;-9
18;23021;SAB LIQ BELEZA AMAZONIA 370ML ERV DOCE;PERFUMARIA E LIMPEZA;89920;06/07/2026;167694;89970;12;12;12;0;0;06/07/2026;PAMELA;10
18;9288;DESINF YPE BAK 500ML FLORAL BAK;PERFUMARIA E LIMPEZA;90374;06/07/2026;168318;90515;12;12;24;0;0;07/07/2026;MURILO;5
18;1189;BISC DOCE GIRASSOL ROSCA CALDA 250G;MERCEARIA;90374;06/07/2026;168318;90515;22;814;44;2;2;07/07/2026;CAROLINA;-6
18;220;VH COUNTRY WINE BORDO 750ML SV;BEBIDAS;90374;06/07/2026;168318;90515;6;0;6;1;1;07/07/2026;JESSICA;-4
18;300;VH SANGUE BOI TINTO 750ML SV;BEBIDAS;90374;06/07/2026;168318;90515;6;4692;114;12;12;07/07/2026;JESSICA;275
18;762;REFRIG COCA COLA PET 200ML;BEBIDAS;90374;06/07/2026;168318;90515;12;1668;276;23;23;08/07/2026;ALEXSANDRO;-167
18;20024;LEITE COND PIRACANJUBA 395G SEMIDESNAT;MERCEARIA;90374;06/07/2026;168318;90515;27;2970;297;11;11;07/07/2026;JOCELAINE;0
18;3008;AVEIA FLOCOS NATURALE 1KG;MERCEARIA;90374;06/07/2026;168318;90515;12;36;12;0;0;07/07/2026;JOCELAINE;1
18;3707;MIST P BOLO APTI 400G LARANJA;MERCEARIA;90374;06/07/2026;168318;90515;12;216;24;2;2;07/07/2026;JOCELAINE;0
18;3416;CREME LEITE ITALAC TP 200G ZERO LACTOSE;MERCEARIA;90374;06/07/2026;168318;90515;24;96;48;0;0;07/07/2026;JOCELAINE;-19
18;37863;CREME LEITE TP DAUS 200G;MERCEARIA;90374;06/07/2026;168318;90515;27;189;27;1;0;;;-26
18;5488;DESINF YPE 2L BAK FLORAL;PERFUMARIA E LIMPEZA;90374;06/07/2026;168318;90515;6;0;24;0;0;07/07/2026;MURILO;2
18;6739;LAVA ROUPA TIXAN 3L PRIMAVERA;PERFUMARIA E LIMPEZA;90374;06/07/2026;168318;90515;4;28;8;0;0;07/07/2026;MURILO;7
18;5697;AMAC YPE PRO ROUPAS TECIDOS 7L;PERFUMARIA E LIMPEZA;90374;06/07/2026;168318;90515;1;73;8;8;8;07/07/2026;MURILO;-1
18;9298;DETERG YPE LIQ 5L CLEAR;PERFUMARIA E LIMPEZA;90374;06/07/2026;168318;90515;4;104;12;3;3;07/07/2026;MURILO;0
18;2724;LEITE PO ELEGE INTEGRAL SH 400G;MERCEARIA;90374;06/07/2026;168318;90515;25;550;100;4;4;07/07/2026;JOCELAINE;-8
18;294;VH SANGUE BOI BCO 750ML SC;BEBIDAS;90374;06/07/2026;168318;90515;6;12;24;4;4;07/07/2026;JESSICA;-1
18;34881;AVEIA NATURALE 170G FLOCOS FINOS;MERCEARIA;90374;06/07/2026;168318;90515;24;288;48;1;1;07/07/2026;JOCELAINE;-1
18;1197;BISC DOCE GIRASSOL ROSCA 250G BANANA E CANELA;MERCEARIA;90374;06/07/2026;168318;90515;22;2244;66;0;0;07/07/2026;CAROLINA;-10
18;1649;WAFER GIRASSOL 60G LIMAO;MERCEARIA;90374;06/07/2026;168318;90515;50;3750;350;0;0;07/07/2026;CAROLINA;226
18;214;VH COUNTRY WINE BCO 750ML SC;BEBIDAS;90374;06/07/2026;168318;90515;6;6;12;2;2;07/07/2026;JESSICA;-5
18;3011;AVEIA FLOCOS FINOS NATURALE 1KG;MERCEARIA;90374;06/07/2026;168318;90515;12;192;24;2;2;07/07/2026;JOCELAINE;3
18;296;VH SANGUE BOI BCO 750ML SV;BEBIDAS;90374;06/07/2026;168318;90515;6;67;24;4;4;07/07/2026;JESSICA;-13
18;1211;BISC DOCE GIRASSOL SORTIDO 300G;MERCEARIA;90374;06/07/2026;168318;90515;20;480;40;2;2;07/07/2026;CAROLINA;17
18;1193;BISC DOCE GIRASSOL ROSCA 250G BRIGADEIRO;MERCEARIA;90374;06/07/2026;168318;90515;22;990;44;0;0;07/07/2026;CAROLINA;-1
18;5698;DETERG YPE 500ML LIMAO;PERFUMARIA E LIMPEZA;90394;06/07/2026;168355;90662;24;4665;72;0;0;07/07/2026;LUIGGI;81
18;19312;COT HASTES FLEX COTTONBABY C 75;PERFUMARIA E LIMPEZA;90424;06/07/2026;168420;90662;72;3528;72;1;0;;;26
18;795;REFRIG COCA COLA PET 2L ZERO;BEBIDAS;90511;06/07/2026;168662;90595;8;1104;80;10;10;08/07/2026;MARCOS M;904
18;7929;SABONETE LUX 85G ORQUIDEA NEGRA;PERFUMARIA E LIMPEZA;90601;06/07/2026;168708;90637;108;1314;324;3;0;;;87
18;2379;DUETO OLE LT 170G ERVILHA MILHO;MERCEARIA;90601;06/07/2026;168708;90637;24;24;72;3;3;07/07/2026;JOCELAINE;195
18;2696;FARINHA MILHO PERDIZ 1KG MEDIA;MERCEARIA;90601;06/07/2026;168708;90637;12;-13;36;3;0;;;0
18;7928;SABONETE LUX 85G LIRIO AZUL;PERFUMARIA E LIMPEZA;90601;06/07/2026;168708;90637;108;0;216;2;0;;;210
18;33666;SABONETE LUX 85G GARD E OLEO AME;PERFUMARIA E LIMPEZA;90601;06/07/2026;168708;90637;108;540;324;3;0;;;115
18;7922;SABONETE LUX 85G BUQUE D JASMIM;PERFUMARIA E LIMPEZA;90601;06/07/2026;168708;90637;108;774;216;2;0;;;96
18;7925;SABONETE LUX 85G FLOR DE LOTUS;PERFUMARIA E LIMPEZA;90601;06/07/2026;168708;90637;108;2052;324;3;0;;;39
18;18466;FEIJAO PTO MORO TP1 1KG;MERCEARIA;90601;06/07/2026;168708;90637;30;5640;300;10;0;;;87
18;2741;FARINHA TRIGO NORDESTE 1KG;MERCEARIA;90601;06/07/2026;168708;90637;10;73;200;20;0;;;124
18;7927;SABONETE LUX 85G LAVANDA;PERFUMARIA E LIMPEZA;90601;06/07/2026;168708;90637;108;1188;324;3;0;;;93
18;2056;ARROZ BCO TRIVIAL T2 1K;MERCEARIA;90631;06/07/2026;168708;90637;30;1093;60;2;0;;;103
18;2096;ARROZ BCO SANO T1 2K;MERCEARIA;90631;06/07/2026;168708;90637;15;1200;30;2;0;;;56
18;5271;CR DENTAL ORAL B 70G EXTRA BRANCO;PERFUMARIA E LIMPEZA;90631;06/07/2026;168677;90662;108;7308;216;2;0;;;47
1;9756;LEITE TIROL INTEGRAL ZR LACTOSE 1L;PERECIVEIS;90771;07/07/2026;168728;91475;12;0;12;2;0;;;26
1;6786;LEITE LV EDGE ELEGE 1L SEMI DESNATADO;PERECIVEIS;90771;07/07/2026;168728;91475;12;0;12;1;0;;;15
1;830;REFRIG SPRITE PET 2L;BEBIDAS;90799;07/07/2026;168742;90953;8;0;8;1;0;;;17
1;7862;SABAO PO SURF 800G ROSA E FLOR LIS;PERFUMARIA E LIMPEZA;90799;07/07/2026;168742;90953;16;0;16;1;0;;;9
1;17186;DESINF GOTA LIMPA 5L LAVANDA;PERFUMARIA E LIMPEZA;90799;07/07/2026;168742;90953;4;67;4;1;0;;;6
1;37737;LIMP PERF UAU CHA BRANCO 500ML;PERFUMARIA E LIMPEZA;90799;07/07/2026;168742;90953;24;116;24;1;0;;;3
1;33458;AMACIANTE APYCE 2L TRAD AZ;PERFUMARIA E LIMPEZA;90799;07/07/2026;168742;90953;6;354;6;1;0;;;39
1;12289;AGUA SANIT IMPERIAL 1L;PERFUMARIA E LIMPEZA;90799;07/07/2026;168742;90953;12;0;12;1;0;;;0
1;750;ACUCAR CRISTAL GASPARIN 5KG;MERCEARIA;90799;07/07/2026;168742;90953;6;972;156;26;0;;;9
1;1478;BISC RECH TORTUGUITA 120G CHOC BAUNILHA;MERCEARIA;90799;07/07/2026;168742;90953;56;56;56;0;0;08/07/2026;CAROLINA;0
1;4277;AREIA SANITARIA BEAUTICAT 4KG;PRODUTOS PET;90799;07/07/2026;168742;90953;5;5;5;0;0;08/07/2026;CAROLINA;13
1;12420;AMAC GOTA LIMPA 2L PETALAS;PERFUMARIA E LIMPEZA;90799;07/07/2026;168742;90953;6;186;6;1;0;;;37
1;4177;AMAC DOWNY 1 5L BRISA INTENSO;PERFUMARIA E LIMPEZA;90799;07/07/2026;168742;90953;9;585;9;1;0;;;18
1;22794;RATICIDA RATICID GRANULADO 25G;PERFUMARIA E LIMPEZA;90799;07/07/2026;168742;90953;480;0;480;1;0;;;236
1;3283;SALG KEVYTOS SHOW 38G PIZZA;MERCEARIA;90799;07/07/2026;168742;90953;20;98;20;0;0;08/07/2026;CAROLINA;17
1;35126;DET PO APYCE MULT SH 800G ROSA;PERFUMARIA E LIMPEZA;90799;07/07/2026;168742;90953;25;422;100;4;0;;;103
1;17388;DET PO APYCE SH 4K AZUL;PERFUMARIA E LIMPEZA;90799;07/07/2026;168742;90953;5;19;5;1;0;;;25
1;6694;LAVA ROUPA BRILHANTE 3L HIGIENE TOTAL;PERFUMARIA E LIMPEZA;90799;07/07/2026;168742;90953;4;32;4;1;0;;;1
1;178;CERV KAISER LT 473ML;BEBIDAS;90799;07/07/2026;168742;90953;12;-323;36;3;0;;;0
1;889;REFRIG COCA COLA LT 350ML;BEBIDAS;90799;07/07/2026;168742;90953;12;48;12;1;0;;;34
1;413;AGUARD KIKANA PET 790ML;BEBIDAS;90799;07/07/2026;168742;90953;12;1380;24;2;0;;;12
1;986;OLEO SOJA VITALIV PET 900ML;MERCEARIA;90799;07/07/2026;168742;90953;20;140;20;1;0;;;75
1;847;REFRIG COCA COLA PET 600ML;BEBIDAS;90799;07/07/2026;168742;90953;12;3516;12;1;0;;;31
1;18741;FRALDA DESC FERINHA HIPER C 42 GG;PERFUMARIA E LIMPEZA;90799;07/07/2026;168742;90953;6;8;6;1;0;;;0
1;896;REFRIG FANTA LARANJA LT 350ML;BEBIDAS;90799;07/07/2026;168742;90953;6;1225;6;0;0;08/07/2026;CAROLINA;9
1;1659;WAFFER ISABELA 100G MORANGO;MERCEARIA;90799;07/07/2026;168742;90953;40;1800;40;1;1;08/07/2026;CAROLINA;16
1;3402;CALDO APTI 57G LEGUMES;MERCEARIA;90799;07/07/2026;168742;90953;120;236;120;0;0;08/07/2026;CAROLINA;5
1;5272;CR DENTAL ORAL B 70G EXTRA FRESH;PERFUMARIA E LIMPEZA;90799;07/07/2026;168742;90953;108;84;108;1;0;;;48
1;17386;DET PO APYCE SH 400G AZUL;PERFUMARIA E LIMPEZA;90799;07/07/2026;168742;90953;50;47;50;1;0;;;24
1;17350;DET LIQ GOTA LIMPA 1L NEUTRO;PERFUMARIA E LIMPEZA;90799;07/07/2026;168742;90953;12;1596;12;1;0;;;52
1;33285;AMACIANTE APYCE 2L JASMIM ROSA;PERFUMARIA E LIMPEZA;90799;07/07/2026;168742;90953;6;30;6;1;0;;;22
1;17157;DESINF APYCE 2L LAVANDA;PERFUMARIA E LIMPEZA;90799;07/07/2026;168742;90953;6;480;6;1;0;;;23
1;2081;CAFE SOL 3C SH 40G TRAD;MERCEARIA;90799;07/07/2026;168742;90953;24;144;24;0;0;08/07/2026;JOCELAINE;12
1;22344;PROT DIA DAILY CARTUCHO L120P100;PERFUMARIA E LIMPEZA;90799;07/07/2026;168742;90953;12;0;12;1;0;;;8
1;12168;ABS DEFINITY C ABAS C 8;PERFUMARIA E LIMPEZA;90799;07/07/2026;168742;90953;60;540;120;2;0;;;8
1;5225;CR DENT COLGATE T ACAO 90G HORTELA;PERFUMARIA E LIMPEZA;90799;07/07/2026;168742;90953;144;0;144;1;0;;;0
1;33649;SAB LIQ MADE IN BRAZIL 1L CEREJA;PERFUMARIA E LIMPEZA;90799;07/07/2026;168742;90953;12;0;12;1;0;;;8
1;6683;LAVA ROUPA AQUAFAST 3L MULTIACAO;PERFUMARIA E LIMPEZA;90799;07/07/2026;168742;90953;4;200;8;2;0;;;5
1;12416;AMAC GOTA LIMPA 2L DELICATA;PERFUMARIA E LIMPEZA;90799;07/07/2026;168742;90953;6;990;6;1;0;;;6
1;786;REFRIG ANTARCTICA GUARANA PET 2L ZERO;BEBIDAS;90799;07/07/2026;168742;90953;8;1016;8;1;0;;;9
1;780;REFRIG SPRITE PET 200ML;BEBIDAS;90799;07/07/2026;168742;90953;12;0;12;1;0;;;20
1;37437;AGUA SANITARIA SUPREMA 2 L;PERFUMARIA E LIMPEZA;90799;07/07/2026;168742;90953;6;2646;12;2;0;;;34
1;2609;MOLHO TOM ODERICH PIZZA SH 1 010KG;MERCEARIA;90799;07/07/2026;168742;90953;12;180;12;0;0;08/07/2026;JOCELAINE;6
1;3532;GRANOLA NATURALE 1KG MUSLI CER FRUT;MERCEARIA;90799;07/07/2026;168742;90953;12;48;12;1;1;08/07/2026;JOCELAINE;13
1;3251;SALG KEVYTOS SHOW 38G CEBOLA;MERCEARIA;90799;07/07/2026;168742;90953;20;160;20;0;0;08/07/2026;CAROLINA;9
1;2905;MASSA C OVOS ISABELA 500G NIN LARGO;MERCEARIA;90799;07/07/2026;168742;90953;20;40;20;0;0;08/07/2026;CAROLINA;0
1;7423;PEDRA SANITARIA SANI SOL 20G EUCALIPTO;PERFUMARIA E LIMPEZA;90799;07/07/2026;168742;90953;144;2016;288;2;0;;;5
1;3654;LEITE COCO MENINA VD 200ML;MERCEARIA;90799;07/07/2026;168742;90953;24;72;24;0;0;08/07/2026;JOCELAINE;-1
1;16930;CR TRAT CAPILAR HEDERA BABOSA 960G;PERFUMARIA E LIMPEZA;90799;07/07/2026;168742;90953;6;133;12;2;0;;;0
1;16937;CR TRAT HEDERA 960G OLEO D ARGAN;PERFUMARIA E LIMPEZA;90799;07/07/2026;168742;90953;6;193;12;2;0;;;0
1;18740;FRALDA DESC FERINHA HIPER C 40 XXG;PERFUMARIA E LIMPEZA;90799;07/07/2026;168742;90953;6;2;6;1;0;;;4
1;1211;BISC DOCE GIRASSOL SORTIDO 300G;MERCEARIA;90799;07/07/2026;168742;90953;20;480;20;1;1;08/07/2026;CAROLINA;11
1;3298;SALG OBBA 100G REQUEIJAO;MERCEARIA;90799;07/07/2026;168742;90953;10;16;10;0;0;08/07/2026;CAROLINA;19
1;2369;ERVILHA OLE LT 170G;MERCEARIA;90799;07/07/2026;168742;90953;24;8256;24;1;1;08/07/2026;JOCELAINE;-1
1;17316;DESOD ROLLON REXONA 50ML WOMEN ANT INV;PERFUMARIA E LIMPEZA;90799;07/07/2026;168742;90953;12;324;12;1;0;;;1
1;1857;PAST DOCILE MINTY 14G TUTTI FRUTTI;MERCEARIA;90799;07/07/2026;168742;90953;12;96;24;2;0;;;3
1;1854;PAST DOCILE MINTY 14G MOR;MERCEARIA;90799;07/07/2026;168742;90953;12;0;12;1;0;;;-7
1;1693;MARSHMALLOWS FOFS 220G BIG TWIST;MERCEARIA;90799;07/07/2026;168742;90953;12;12;12;0;0;08/07/2026;CAROLINA;6
1;8789;ABS MILI COB C ABAS SV 8UN;PERFUMARIA E LIMPEZA;90799;07/07/2026;168742;90953;36;612;36;1;0;;;19
1;2150;ARROZ BCO REQUINTE TP1 5KG;MERCEARIA;90929;07/07/2026;169032;90831;6;2180;30;5;5;07/07/2026;GUILHERME B;75
1;3512;FERM PO BIOL GOOD INSTANT SH 10G;MERCEARIA;90993;07/07/2026;169193;91105;30;6180;30;1;0;;;133
1;310;VH TRADICAO TINTO 1 4L SC;BEBIDAS;90993;07/07/2026;169193;91105;6;312;18;3;0;;;14
1;4598;CERV ITAIPAVA MALZBIER LT 350ML;BEBIDAS;91058;07/07/2026;169460;91088;12;2606;240;20;0;;;396
1;280;CERV ITAIPAVA MALZBIER LN 330ML;BEBIDAS;91058;07/07/2026;169460;91088;12;1308;480;40;0;;;68
1;2348;FEIJAO PRETO ARBAZA TP1 1KG;MERCEARIA;91091;07/07/2026;169501;91328;30;6362;30;1;1;08/07/2026;LUAN;97
1;747;ACUCAR CRISTAL GASPARIN 2KG;MERCEARIA;91091;07/07/2026;169501;91328;15;6103;75;5;5;08/07/2026;LUAN;353
1;2909;ACHOC LIQ SHOWKINHO 200ML;MERCEARIA;91158;07/07/2026;169718;91268;27;10449;270;10;10;;IAGO;110
2;6790;LEITE UHT NINHO 1L ZERO LACTOSE;PERECIVEIS;90773;07/07/2026;168729;90657;12;12;12;1;0;;;47
2;6786;LEITE LV EDGE ELEGE 1L SEMI DESNATADO;PERECIVEIS;90773;07/07/2026;168729;90657;12;0;12;1;0;;;84
2;6801;LEITE UHT TP NINHO 1L INTEGRAL;PERECIVEIS;90773;07/07/2026;168729;90657;12;1347;12;1;0;;;95
2;5323;CR PENT TRESEMME 200ML HIDRAT PROF;PERFUMARIA E LIMPEZA;90801;07/07/2026;168743;90657;12;10;12;12;0;;;0
2;9706;KIT ELSEVE SH 375ML COND 175ML LONGOS SONHOS;PERFUMARIA E LIMPEZA;90801;07/07/2026;168743;90657;6;51;6;6;0;;;8
2;24311;SH DARLING 2X1 650ML;PERFUMARIA E LIMPEZA;90801;07/07/2026;168743;90657;6;12;6;1;0;;;11
2;4256;AP PRESTOBARBA ULTRAGRIP 3L CART2UN;PERFUMARIA E LIMPEZA;90801;07/07/2026;168743;90657;1;2;1;1;0;;;0
2;19204;GLIC VEGETAL JAY LUC 100ML;PERFUMARIA E LIMPEZA;90801;07/07/2026;168743;90657;1;3;1;1;0;;;1
2;23054;SAB LIQ HEDERA RF 370ML ARGAN;PERFUMARIA E LIMPEZA;90801;07/07/2026;168743;90657;12;1;12;1;0;;;2
2;2217;ARROZ PARBO RAROZ TP1 1KG;MERCEARIA;90801;07/07/2026;168743;90657;30;1500;30;1;0;;;14
2;38572;ERVILHA PARTIDA JUREIA 400G;MERCEARIA;90801;07/07/2026;168743;90657;6;2220;6;1;0;;;90
2;20370;MAC INST UFO 96G CURRY;MERCEARIA;90801;07/07/2026;168743;90657;12;216;12;1;0;;;37
2;10109;REPARADOR DI HELLEN PONTAS 30G PROT TERMICA;PERFUMARIA E LIMPEZA;90801;07/07/2026;168743;90657;12;0;12;1;0;;;22
2;5308;CR PENT SEDA 300ML LISO PERFEITO;PERFUMARIA E LIMPEZA;90801;07/07/2026;168743;90657;12;276;12;1;0;;;27
2;22903;REMOV ESM AMAZONIA 80ML;PERFUMARIA E LIMPEZA;90801;07/07/2026;168743;90657;12;492;12;1;0;;;4
2;52;AGUA MIN FLORESTA PET 5L S GAS;BEBIDAS;90801;07/07/2026;168743;90657;4;28;4;1;0;;;19
2;436;ENERG BALY PET 2L MORANGO PESSEGO;BEBIDAS;90801;07/07/2026;168743;90657;6;0;6;1;0;;;-6
2;15657;CD MONANGE 325ML BOOST CRESC;PERFUMARIA E LIMPEZA;90801;07/07/2026;168743;90657;12;24;12;1;0;;;10
2;7943;SABON PALMOLIVE NATURALS 150G JASMIM E CACAU;PERFUMARIA E LIMPEZA;90801;07/07/2026;168743;90657;72;0;72;1;0;;;41
2;6618;KIT SH SEDA SH 300 COND 190ML LUMINIOUS UV;PERFUMARIA E LIMPEZA;90801;07/07/2026;168743;90657;15;690;15;1;0;;;67
2;5192;CR DEN COLGATE 140G NAT EXTR CARVAO ATIVADO;PERFUMARIA E LIMPEZA;90801;07/07/2026;168743;90657;48;0;48;1;0;;;1
2;17290;DESOD ROLLON DOVE 50ML;PERFUMARIA E LIMPEZA;90801;07/07/2026;168743;90657;12;3;12;1;0;;;0
2;2320;FEIJAO CARIOCA CALDO OURO 1KG;MERCEARIA;90801;07/07/2026;168743;90657;10;290;10;1;0;;;27
2;3802;PO P SORVETE APTI 120G ABACAXI;MERCEARIA;90801;07/07/2026;168743;90657;12;12;12;1;0;;;35
2;3686;TEMP BICARBONATO SODIO APTI 100G;MERCEARIA;90801;07/07/2026;168743;90657;20;180;20;1;0;;;3
2;22705;RACAO DODOG PEQ RACAS 1KG;PRODUTOS PET;90801;07/07/2026;168743;90657;10;1365;10;1;0;;;19
2;38617;CD DOVE NUTRI TRIOLEOS 370ML;PERFUMARIA E LIMPEZA;90801;07/07/2026;168743;90657;1;9;1;1;0;;;0
2;37887;TIT COR E TON S AMONIA 2 0 PTO;PERFUMARIA E LIMPEZA;90801;07/07/2026;168743;90657;6;0;6;1;0;;;4
2;21787;PEDRA POMES STA CLARA R 199;PERFUMARIA E LIMPEZA;90801;07/07/2026;168743;90657;6;0;6;1;0;;;3
2;17025;CURATIVO COTTONBABY 10UN TRAD;PERFUMARIA E LIMPEZA;90801;07/07/2026;168743;90657;36;0;36;1;0;;;51
2;834;REFRIG ANTARCTICA GUARANA PET 3L;BEBIDAS;90801;07/07/2026;168743;90657;4;409;4;1;0;;;199
2;2329;FEIJAO PRETO CALDO OURO 500G;MERCEARIA;90801;07/07/2026;168743;90657;10;5455;20;2;0;;;89
2;13059;BANHEIRA ADOLETA INF 20L ROSA BEBE;PERFUMARIA E LIMPEZA;90801;07/07/2026;168743;90657;1;0;1;1;0;;;4
2;17292;DESOD ROLLON DOVE 50ML INVISIBLE DRY;PERFUMARIA E LIMPEZA;90801;07/07/2026;168743;90657;12;0;12;1;0;;;0
2;12233;ACUCAR DEMERARA GASPARIN 1KG;MERCEARIA;90801;07/07/2026;168743;90657;10;14;10;1;0;;;21
2;3431;SOPA GALINHA MAGGI 60G FIDELINI;MERCEARIA;90801;07/07/2026;168743;90657;10;59;10;1;0;;;19
2;2866;MASSA C OVOS ORQUIDEA 500G PENNE;MERCEARIA;90801;07/07/2026;168743;90657;20;0;20;1;0;;;5
2;20363;MAC INST NISSIN C 6 L P GAL CAIP;MERCEARIA;90801;07/07/2026;168743;90657;12;12;12;1;0;;;144
2;33374;DESO AERO AXE 200ML APO VET E MANDA;PERFUMARIA E LIMPEZA;90801;07/07/2026;168743;90657;12;600;12;1;0;;;-3
2;5845;ESC DENTAL ORAL B INDICAT35 L2P1;PERFUMARIA E LIMPEZA;90801;07/07/2026;168743;90657;1;6;1;1;0;;;5
2;2448;SARDINHA NAUTIQUE 125G OLEO;MERCEARIA;90801;07/07/2026;168743;90657;50;12500;50;1;0;;;41
2;8397;SH VINI LADY 325ML BRILHO INTENSO;PERFUMARIA E LIMPEZA;90801;07/07/2026;168743;90657;12;0;12;1;0;;;10
2;23212;SAL MOIDO 5 ESTRELAS 1KG;MERCEARIA;90801;07/07/2026;168743;90657;10;12236;20;2;0;;;424,022
2;20353;MAC INST NISSIN 85G LEGUMES;MERCEARIA;90801;07/07/2026;168743;90657;50;1200;50;1;0;;;29
2;20647;MASSA C OVOS GERMANI 500G PAD NOSSO;MERCEARIA;90801;07/07/2026;168743;90657;20;359;20;1;0;;;4
2;20650;MASSA C OVOS DOMELLY 500G PARAFUSO;MERCEARIA;90801;07/07/2026;168743;90657;20;100;20;1;0;;;23
2;3450;SOPAO MAGGI 200G CARNE PANELA;MERCEARIA;90801;07/07/2026;168743;90657;24;0;24;0;0;;;11
2;572;ENERG HIPERTENSAO PET 1L;BEBIDAS;90801;07/07/2026;168743;90657;6;20;6;1;0;;;6
2;6128;FRALDA CONFORTSEC PAMPERS P 50UN;PERFUMARIA E LIMPEZA;90801;07/07/2026;168743;90657;3;0;3;3;0;;;6
2;23000;SAB FONTANA SENSUS 150G FLORESCER;PERFUMARIA E LIMPEZA;90801;07/07/2026;168743;90657;72;1296;72;1;0;;;41
2;5226;CR DENT COLGATE T ACAO 90G ORIG;PERFUMARIA E LIMPEZA;90801;07/07/2026;168743;90657;144;4896;144;1;0;;;34
2;2805;POLENTA GERMANI 500G PERDIZ;MERCEARIA;90801;07/07/2026;168743;90657;12;9;12;1;0;;;2
2;2382;LENTILHA YOKI TP2 400G;MERCEARIA;90801;07/07/2026;168743;90657;16;79;16;1;0;;;150
2;1264;CHOC BARRA LACTA 80G LAKA OREO;MERCEARIA;90801;07/07/2026;168743;90657;17;17;17;1;0;;;0
2;20357;MAC INST NISSIN 85G PICANHA;MERCEARIA;90801;07/07/2026;168743;90657;50;50;50;1;0;;;23
2;8296;SH PANTENE 200ML BAMBU;PERFUMARIA E LIMPEZA;90801;07/07/2026;168743;90657;6;120;6;1;0;;;12
2;33895;CREME DENT CLOSE UP 100G CARVAO ATIVADO;PERFUMARIA E LIMPEZA;90801;07/07/2026;168743;90657;12;12;12;1;0;;;12
2;48;AGUA MIN FLORESTA PET 500ML C GAS;BEBIDAS;90801;07/07/2026;168743;90657;12;215;12;1;0;;;2587
2;191;CERV PROVINCIA MALZBIER LT 473ML;BEBIDAS;90801;07/07/2026;168743;90657;12;2129;12;1;0;;;18
2;5222;CR DEN COLGATE TT12 90G ADVAN FRESH;PERFUMARIA E LIMPEZA;90801;07/07/2026;168743;90657;48;132;48;1;0;;;41
2;3768;VINAGRE ALCOOL ROSINA 750ML;MERCEARIA;90801;07/07/2026;168743;90657;12;647;12;1;0;;;37
2;8416;SH COND TRESEMME 350ML 175ML RECONST E FORCA;PERFUMARIA E LIMPEZA;90801;07/07/2026;168743;90657;16;48;16;1;0;;;1
2;5275;CR DENTAL TANDY 50G MORANGO;PERFUMARIA E LIMPEZA;90801;07/07/2026;168743;90657;12;72;12;1;0;;;2
2;36184;CD ELSEVE COLLAGEN LIFTER 400ML;PERFUMARIA E LIMPEZA;90801;07/07/2026;168743;90657;12;24;12;1;0;;;8
2;13514;BLO LIXA P UNHA BONITTA;PERFUMARIA E LIMPEZA;90801;07/07/2026;168743;90657;1;1;1;1;0;;;5
2;2370;ERVILHA ODERICH LT 200G;MERCEARIA;90801;07/07/2026;168743;90657;24;120;24;1;0;;;107
2;18740;FRALDA DESC FERINHA HIPER C 40 XXG;PERFUMARIA E LIMPEZA;90801;07/07/2026;168743;90657;6;2;6;1;0;;;0
2;38562;KIT SH CD NEUTROX 300ML 200ML FORCA;PERFUMARIA E LIMPEZA;90801;07/07/2026;168743;90657;12;12;12;1;0;;;0
2;3510;FERM BIO PO FLEISCHMANN SH LV 125G PG 100G;MERCEARIA;90897;07/07/2026;168995;91329;16;112;48;3;0;08/07/2026;PAMELA;5
2;2519;KETCHUP HELLMANNS BISN 380G TRAD;MERCEARIA;90897;07/07/2026;168995;91329;1;53;15;0;0;07/07/2026;GABRIELL2;14
2;38001;CEREAL MAT DOMELLY DINOCRISPY A CHO;MERCEARIA;90897;07/07/2026;168995;91329;10;200;40;4;4;07/07/2026;GABRIELL2;20
2;1423;BISC MARIA GERMANI 690G;MERCEARIA;90897;07/07/2026;168995;91329;10;128;30;3;0;07/07/2026;ERICA;-1
2;2150;ARROZ BCO REQUINTE TP1 5KG;MERCEARIA;90931;07/07/2026;169047;90822;6;2180;180;15;15;07/07/2026;AUGUSTO;217
2;17315;DESOD ROLLON REXONA 50ML V8;PERFUMARIA E LIMPEZA;90961;07/07/2026;169101;90866;12;456;36;4;3;07/07/2026;PAMELA;0
2;3516;FERM PO BIOL GOOD INSTANT SH 125G;MERCEARIA;90995;07/07/2026;169194;91106;12;600;12;1;0;;;8
2;310;VH TRADICAO TINTO 1 4L SC;BEBIDAS;90995;07/07/2026;169194;91106;6;312;30;5;0;;;95
2;3512;FERM PO BIOL GOOD INSTANT SH 10G;MERCEARIA;90995;07/07/2026;169194;91106;30;6180;30;1;0;;;52
2;764;REFRIG COCA COLA PET 200ML ZERO;BEBIDAS;91044;07/07/2026;169309;91024;12;3673;720;0;0;08/07/2026;ALEXANDRE;168
2;386;ENERG MONSTER LT 473ML ABSOLUT ZERO;BEBIDAS;91044;07/07/2026;169309;91024;6;330;90;0;0;08/07/2026;ALEXANDRE;57
2;392;ENERG MONSTER LT 473ML MANGO LOCO;BEBIDAS;91044;07/07/2026;169309;91024;6;356;90;0;0;08/07/2026;ALEXANDRE;36
2;664;SUCO KAPO TP 200ML UVA;BEBIDAS;91044;07/07/2026;169309;91024;12;1008;240;0;0;08/07/2026;ALEXANDRE;821
2;896;REFRIG FANTA LARANJA LT 350ML;BEBIDAS;91044;07/07/2026;169309;91024;6;1225;120;0;0;08/07/2026;ALEXANDRE;112
2;663;SUCO KAPO TP 200ML MORANGO;BEBIDAS;91044;07/07/2026;169309;91024;12;648;120;10;10;08/07/2026;ALEXANDRE;164
2;280;CERV ITAIPAVA MALZBIER LN 330ML;BEBIDAS;91060;07/07/2026;169461;91089;12;1308;60;5;0;;;23
2;4598;CERV ITAIPAVA MALZBIER LT 350ML;BEBIDAS;91060;07/07/2026;169461;91089;12;2606;60;5;0;;;26
2;2348;FEIJAO PRETO ARBAZA TP1 1KG;MERCEARIA;91093;07/07/2026;169502;91329;30;6362;60;2;2;08/07/2026;LUAN;401
2;747;ACUCAR CRISTAL GASPARIN 2KG;MERCEARIA;91093;07/07/2026;169502;91329;15;6103;225;15;15;08/07/2026;BRAGA;127
2;17394;DET PO ASSIM 800G TRIPLA ACAO BI;PERFUMARIA E LIMPEZA;91093;07/07/2026;169502;91329;20;580;40;0;0;07/07/2026;FERNANDO PAZ;88
2;17393;DET PO ASSIM 800G MICELAR FLORAL;PERFUMARIA E LIMPEZA;91093;07/07/2026;169502;91329;20;2620;40;2;2;07/07/2026;FERNANDO PAZ;45
2;2909;ACHOC LIQ SHOWKINHO 200ML;MERCEARIA;91160;07/07/2026;169719;91269;27;10449;675;25;0;;;714
2;33510;GFA TERM TERMOLAR MAGIC PUMP 1L MARROM;NAO ALIMENTO;91233;07/07/2026;169742;;6;60;18;0;0;;;0
2;6266;GFA TERM TERMOLAR MAGIC PUMP 1L VRM AURORA;NAO ALIMENTO;91233;07/07/2026;169742;;6;246;18;0;0;;;8
2;38827;GFA TERM TERMOLAR MAGIC PUMP VERDE 1L;NAO ALIMENTO;91233;07/07/2026;169742;;6;0;12;0;0;;;0
2;6265;GFA TERM TERMOLAR MAGIC PUMP 1L PTA;NAO ALIMENTO;91233;07/07/2026;169742;;6;348;18;0;0;;;3
2;6264;GFA TERM TERMOLAR MAGIC PUMP DEC 1L GAUCHO;NAO ALIMENTO;91233;07/07/2026;169742;;6;0;24;0;0;;;7
2;6262;GFA TERM TERMOLAR MAGIC PUMP 1L BCA;NAO ALIMENTO;91233;07/07/2026;169742;;6;210;18;0;0;;;-9
2;19176;GFA TERM TERMOLAR MAGIC PUMP 1L RSA BALE;NAO ALIMENTO;91233;07/07/2026;169742;;6;0;24;0;0;;;4
2;1616;BISC SALG CLUB SOCIAL 288G ORIGINAL;MERCEARIA;91280;07/07/2026;169806;91382;20;120;100;5;0;;WENDRIO;56
2;1606;BISC SALG CLUB SOCIAL 6UN 144G ORIGINAL;MERCEARIA;91280;07/07/2026;169806;91382;44;3080;132;3;3;;WENDRIO;34
2;1493;BISC RECH TRAKINAS 126G CHOC MORANGO;MERCEARIA;91280;07/07/2026;169806;91382;54;0;108;2;2;;WENDRIO;49
2;1497;BISC RECH TRAKINAS 126G CHOC;MERCEARIA;91280;07/07/2026;169806;91382;54;270;270;5;0;;WENDRIO;118
2;1491;BISC RECH TRAKINAS 126G BUBBALOO T FRUT;MERCEARIA;91280;07/07/2026;169806;91382;54;270;54;1;0;;WENDRIO;-1
3;9745;LEITE UHT SANTA CLARA DESN 1L;PERECIVEIS;90775;07/07/2026;168730;90658;12;156;12;1;0;;;146
3;6792;LEITE UHT PET ELEGE 1L INTEGRAL;PERECIVEIS;90775;07/07/2026;168730;90658;6;4261;36;6;0;;;769
3;6793;LEITE UHT PET ELEGE 1L SEMI DESNATADO;PERECIVEIS;90775;07/07/2026;168730;90658;6;2184;6;1;0;;;55
3;6782;LEITE UHT TIROL C TAMPA 1L DESN;PERECIVEIS;90775;07/07/2026;168730;90658;12;1421;48;4;0;;;132
3;6787;LEITE LV ELEGE 1L ZERO LAC SEMI DES;PERECIVEIS;90775;07/07/2026;168730;90658;12;238;48;4;0;;;0
3;6781;LEITE LV EDGE ELEGE 1L INTEGRAL;PERECIVEIS;90775;07/07/2026;168730;90658;12;204;12;1;0;;;1149
3;2484;KETCHUP ODERICH SH 200G;MERCEARIA;90803;07/07/2026;168744;90658;24;71;24;1;0;;;38
3;436;ENERG BALY PET 2L MORANGO PESSEGO;BEBIDAS;90803;07/07/2026;168744;90658;6;0;6;1;0;;;5
3;37021;FAROFA DINDA 200G TRAD;MERCEARIA;90803;07/07/2026;168744;90658;25;750;25;1;0;;;20
3;8276;SHAMPOO PALMOLIVE 350ML NEUTRO;PERFUMARIA E LIMPEZA;90803;07/07/2026;168744;90658;6;5;6;1;0;;;3
3;16947;CR TRAT PANTENE 270ML HIDRATACAO;PERFUMARIA E LIMPEZA;90803;07/07/2026;168744;90658;12;36;12;1;0;;;10
3;8299;SH PANTENE 300ML BIOTINAMINA;PERFUMARIA E LIMPEZA;90803;07/07/2026;168744;90658;6;42;6;1;0;;;12
3;405;ENERG ELEV LT 473ML GUA MARACUJA;BEBIDAS;90803;07/07/2026;168744;90658;6;6;6;0;0;07/07/2026;ALEXANDRE;12
3;682;SUCO MAGUARY TP 1L UVA;BEBIDAS;90803;07/07/2026;168744;90658;12;95;24;0;0;07/07/2026;ALEXANDRE;33
3;8966;CARVAO CHAMA CAMPEIRA 5KG;NAO ALIMENTO;90803;07/07/2026;168744;90658;1;462;1;1;0;;;50
3;575;ENERG HIPERTENSAO PET 2L ZERO;BEBIDAS;90803;07/07/2026;168744;90658;6;222;6;1;0;;;5
3;986;OLEO SOJA VITALIV PET 900ML;MERCEARIA;90803;07/07/2026;168744;90658;20;140;20;1;0;;;150
3;35116;PANTENE CREME PENTEAR 240G REPAIR;PERFUMARIA E LIMPEZA;90803;07/07/2026;168744;90658;12;96;12;1;0;;;10
3;229;CERV AMSTEL ULTRA LN 275ML;BEBIDAS;90803;07/07/2026;168744;90658;12;2193;24;2;0;;;4
3;24381;SIDRA GOTA PRATA 660ML ROSE;BEBIDAS;90803;07/07/2026;168744;90658;12;24;24;0;0;07/07/2026;ALEXANDRE;48
3;406;ENERG ELEV LT 473ML MACA VERDE;BEBIDAS;90803;07/07/2026;168744;90658;6;6;6;0;0;07/07/2026;ALEXANDRE;11
3;206;VH CANCAO TINTO 750ML SV;BEBIDAS;90803;07/07/2026;168744;90658;12;12;12;0;0;07/07/2026;ALEXANDRE;7
3;2785;FAROFA MANDIOCA YOKI 200G C TEMPERO SUAVE;MERCEARIA;90803;07/07/2026;168744;90658;14;0;14;1;0;;;5
3;3835;EXT TOM FUGINI SH 190G;MERCEARIA;90803;07/07/2026;168744;90658;36;0;36;1;0;;;1
3;5020;COND PANTENE 150ML BIOTINAMINA;PERFUMARIA E LIMPEZA;90803;07/07/2026;168744;90658;12;72;12;1;0;;;10
3;659;SUCO KAPO TP 200ML ABACAXI;BEBIDAS;90803;07/07/2026;168744;90658;12;6276;12;1;1;07/07/2026;ALEXANDRE;336
3;146;VH ARBO MERLOT 750ML;BEBIDAS;90803;07/07/2026;168744;90658;6;6;6;0;0;07/07/2026;ALEXANDRE;6
3;2081;CAFE SOL 3C SH 40G TRAD;MERCEARIA;90803;07/07/2026;;;24;144;24;0;0;;;-250
3;374;AGUARD VELHO BARREIRO 910ML LIMAO;BEBIDAS;90803;07/07/2026;168744;90658;6;12;6;0;0;07/07/2026;ALEXANDRE;18
3;4418;CERV SKOL BEATS RED LN 269ML MIX;BEBIDAS;90803;07/07/2026;168744;90658;12;24;24;2;0;;;3
3;2329;FEIJAO PRETO CALDO OURO 500G;MERCEARIA;90803;07/07/2026;168744;90658;10;5455;30;3;0;;;104
3;2698;KIMILHO YOKI 500G FLOCAO;MERCEARIA;90803;07/07/2026;168744;90658;12;6;12;1;0;;;24
3;662;SUCO KAPO TP 200ML MACA;BEBIDAS;90803;07/07/2026;168744;90658;12;108;24;2;2;07/07/2026;ALEXANDRE;134
3;17660;ENX BUCAL COLGATE PLAX L500P350ML FRESH MINT;PERFUMARIA E LIMPEZA;90803;07/07/2026;168744;90658;12;0;12;1;0;;;5
3;5253;CR DENTAL CLOSE UP 100G LIQUIFRESH ICE;PERFUMARIA E LIMPEZA;90803;07/07/2026;168744;90658;12;138;24;2;0;;;25
3;3586;BEBIDA PARMALAT WHEY 250ML CAPPUCCINO;MERCEARIA;90803;07/07/2026;168744;90658;18;18;18;0;0;07/07/2026;ALEXANDRE;10
3;790;REFRIG CHARRUA GUARANA PET 2L;BEBIDAS;90803;07/07/2026;168744;90658;8;-160;40;5;0;;;624
3;761;REFRIG ANTAR SODA LIMONAD PET 200ML;BEBIDAS;90803;07/07/2026;168744;90658;12;360;12;1;0;;;38
3;548;GATORADE 500ML UVA;BEBIDAS;90803;07/07/2026;168744;90658;6;83;6;1;0;;;15
3;37887;TIT COR E TON S AMONIA 2 0 PTO;PERFUMARIA E LIMPEZA;90803;07/07/2026;168744;90658;6;0;6;1;0;;;0
3;17317;DESOD ROLLON REXONA 50ML XTRA COOL;PERFUMARIA E LIMPEZA;90803;07/07/2026;168744;90658;12;540;12;1;0;;;28
3;910;REFRIG SUKITA LT 350 ML;BEBIDAS;90803;07/07/2026;168744;90658;12;71;12;0;0;07/07/2026;ALEXANDRE;-1
3;310;VH TRADICAO TINTO 1 4L SC;BEBIDAS;90803;07/07/2026;168744;90658;6;312;6;1;0;;;30
3;12452;AMEND BCO BELLA DICA 400G;MERCEARIA;90803;07/07/2026;168744;90658;12;4100;24;2;0;;;57
3;2681;FARINHA MANDIOCA YOKI 500G TORRADA;MERCEARIA;90803;07/07/2026;168744;90658;24;0;24;1;0;;;71
3;411;AGUARD KIKANA VD 580ML;BEBIDAS;90803;07/07/2026;168744;90658;12;204;12;1;1;07/07/2026;ALEXANDRE;52
3;37892;TIT COR E TON S AMONIA 4 0 CAST MD;PERFUMARIA E LIMPEZA;90803;07/07/2026;168744;90658;6;0;6;1;0;;;0
3;4256;AP PRESTOBARBA ULTRAGRIP 3L CART2UN;PERFUMARIA E LIMPEZA;90803;07/07/2026;168744;90658;1;2;1;1;0;;;1
3;24639;TCO CORP JAYLUC 80G ROSAS;PERFUMARIA E LIMPEZA;90803;07/07/2026;168744;90658;12;48;12;1;0;;;-1
3;8755;VINHO JOTA PE 1 5L TTO SUAVE;BEBIDAS;90803;07/07/2026;168744;90658;6;18;6;0;0;07/07/2026;ALEXANDRE;7
3;547;GATORADE 500ML TANGERINA;BEBIDAS;90803;07/07/2026;168744;90658;6;114;18;3;0;;;13
3;23022;SAB LIQ BELEZA AMAZONIA 370ML FLORES CAMPO;PERFUMARIA E LIMPEZA;90803;07/07/2026;168744;90658;12;12;36;3;0;;;96
3;23002;SAB FONTANA SENSUS 150G LIMA LIMAO ORI;PERFUMARIA E LIMPEZA;90803;07/07/2026;168744;90658;72;720;72;1;0;;;22
3;7875;SABONETE DOVE 90G ERVA DOCE;PERFUMARIA E LIMPEZA;90803;07/07/2026;168744;90658;48;2661;48;1;0;;;14
3;237;CERV BUDWEISER LN 330ML;BEBIDAS;90803;07/07/2026;168744;90658;24;1320;72;3;0;;;16
3;23023;SAB LIQ BELEZA AMAZONIA 370ML FRUTAS VRM;PERFUMARIA E LIMPEZA;90803;07/07/2026;168744;90658;12;11;24;2;0;;;44
3;385;AGUARD 51 VD 965ML;BEBIDAS;90803;07/07/2026;168744;90658;12;278;12;1;1;07/07/2026;ALEXANDRE;18
3;38617;CD DOVE NUTRI TRIOLEOS 370ML;PERFUMARIA E LIMPEZA;90803;07/07/2026;168744;90658;1;9;1;1;0;;;0
3;23108;SABON PALMOLIVE 150G ARGILA EUCALIP;PERFUMARIA E LIMPEZA;90803;07/07/2026;168744;90658;72;72;72;1;0;;;0
3;20444;MAMAD LOLLY TIP SIL R 240ML M 1360 01 M;PERFUMARIA E LIMPEZA;90803;07/07/2026;168744;90658;6;0;6;1;0;;;6
3;23371;SALG KRUKS 35G CHURRASCO;MERCEARIA;90899;07/07/2026;168996;91192;10;205;40;0;0;07/07/2026;GABRIELL2;3
3;3153;SALG KEVYTOS 80G BACONYTOS;MERCEARIA;90899;07/07/2026;168996;91192;10;340;60;5;5;07/07/2026;GABRIELL2;25
3;2519;KETCHUP HELLMANNS BISN 380G TRAD;MERCEARIA;90899;07/07/2026;168996;91192;1;53;8;0;0;07/07/2026;GABRIELL2;-10
3;1616;BISC SALG CLUB SOCIAL 288G ORIGINAL;MERCEARIA;90899;07/07/2026;168996;91192;20;120;40;0;0;07/07/2026;GABRIELL2;-14
3;282;CERV MICHELOB ULTRA LN 330ML;BEBIDAS;90899;07/07/2026;168996;91192;24;1248;96;0;0;07/07/2026;GABRIELL2;11
3;33784;VODKA NINNOFF VD 900ML ORIGINAL;BEBIDAS;90899;07/07/2026;168996;91192;6;180;12;2;2;07/07/2026;GABRIELL2;6
3;2109;CAFE SOL NESCAFE SH 40G ORIGINAL;MERCEARIA;90899;07/07/2026;168996;91192;24;192;120;0;0;07/07/2026;GABRIELL2;-2
3;13277;BISC AGUA SAL ORQUIDEA 665GR;MERCEARIA;90899;07/07/2026;168996;91192;12;876;24;2;2;07/07/2026;GABRIELL2;15
3;1575;BISC SALG GERMANI GRISSINI 175G;MERCEARIA;90899;07/07/2026;168996;91192;16;128;32;2;2;07/07/2026;GABRIELL2;-14
3;3466;TEMP AMACIANTE CARNE MAGGI 120G;MERCEARIA;90924;07/07/2026;169021;90817;30;240;60;2;2;07/07/2026;PAMELA;0
3;17315;DESOD ROLLON REXONA 50ML V8;PERFUMARIA E LIMPEZA;90961;07/07/2026;169095;90860;12;456;48;4;3;07/07/2026;AUGUSTO;0
3;18479;FERM PO QUIMICO GOOD INSTANT 100G;MERCEARIA;90991;07/07/2026;169137;90892;72;0;144;2;2;07/07/2026;ALEXANDRE;0
3;3512;FERM PO BIOL GOOD INSTANT SH 10G;MERCEARIA;90997;07/07/2026;169195;91107;30;6180;30;1;0;08/07/2026;PAMELA;214
3;3516;FERM PO BIOL GOOD INSTANT SH 125G;MERCEARIA;90997;07/07/2026;169195;91107;12;600;12;1;0;08/07/2026;PAMELA;58
3;18479;FERM PO QUIMICO GOOD INSTANT 100G;MERCEARIA;90997;07/07/2026;169195;91107;72;0;72;1;1;07/07/2026;ALEXSANDER;0
3;310;VH TRADICAO TINTO 1 4L SC;BEBIDAS;90997;07/07/2026;169195;91107;6;312;120;20;0;;;30
3;11416;MARROM GLACE STELLA KG;PERECIVEIS;90997;07/07/2026;169195;91107;6,6;85,8;33;5;5;07/07/2026;ALEXSANDER;16,332
3;853;REFRIG FANTA PET 600ML UVA;BEBIDAS;91046;07/07/2026;169310;91025;6;240;120;0;0;07/07/2026;TEIXEIRA;172
3;852;REFRIG FANTA LARANJA PET 600ML;BEBIDAS;91046;07/07/2026;169310;91025;6;257;72;12;0;;LUIGGI;173
3;764;REFRIG COCA COLA PET 200ML ZERO;BEBIDAS;91046;07/07/2026;169310;91025;12;3673;480;0;0;07/07/2026;FERNANDO PAZ;382
3;899;REFRIG FANTA UVA LT 350ML;BEBIDAS;91046;07/07/2026;169310;91025;6;107;180;30;30;;LUIGGI;283
3;806;REFRIG FANTA LARANJA PET 2L;BEBIDAS;91046;07/07/2026;169310;91025;8;520;240;30;0;;LUIGGI;566
3;661;SUCO KAPO TP 200ML LARANJA;BEBIDAS;91046;07/07/2026;169310;91025;12;3588;360;29;29;07/07/2026;FERNANDO PAZ;714
3;660;SUCO KAPO TP 200ML FRUTAS CITRICAS;BEBIDAS;91046;07/07/2026;169310;91025;12;616;180;15;15;07/07/2026;FERNANDO PAZ;287
3;392;ENERG MONSTER LT 473ML MANGO LOCO;BEBIDAS;91046;07/07/2026;169310;91025;6;356;102;0;0;07/07/2026;FERNANDO PAZ;53
3;664;SUCO KAPO TP 200ML UVA;BEBIDAS;91046;07/07/2026;169310;91025;12;1008;360;22;22;07/07/2026;FERNANDO PAZ;369
3;663;SUCO KAPO TP 200ML MORANGO;BEBIDAS;91046;07/07/2026;169310;91025;12;648;240;20;20;07/07/2026;FERNANDO PAZ;265
3;34951;SUCO KAPO TP 200ML MELANCIA;BEBIDAS;91046;07/07/2026;169310;91025;12;114;108;0;0;07/07/2026;FERNANDO PAZ;85
3;389;ENERG MONSTER LT 473ML GREEN;BEBIDAS;91046;07/07/2026;169310;91025;6;1490;1200;0;0;07/07/2026;TEIXEIRA;273
3;386;ENERG MONSTER LT 473ML ABSOLUT ZERO;BEBIDAS;91046;07/07/2026;169310;91025;6;330;90;0;0;07/07/2026;FERNANDO PAZ;43
3;659;SUCO KAPO TP 200ML ABACAXI;BEBIDAS;91046;07/07/2026;169310;91025;12;6276;240;20;20;07/07/2026;FERNANDO PAZ;336
3;812;REFRIG FANTA UVA PET 2L;BEBIDAS;91046;07/07/2026;169310;91025;8;0;200;25;25;08/07/2026;WENDRIO;755
3;766;REFRIG FANTA PET 200ML LARANJA;BEBIDAS;91046;07/07/2026;169310;91025;12;192;240;20;20;07/07/2026;FERNANDO PAZ;463
3;36;AGUA MIN CRYSTAL PET 500ML C GAS;BEBIDAS;91046;07/07/2026;169310;91025;12;854;864;0;0;07/07/2026;TEIXEIRA;1149
3;4598;CERV ITAIPAVA MALZBIER LT 350ML;BEBIDAS;91062;07/07/2026;169462;91090;12;2606;60;5;0;;;325
3;280;CERV ITAIPAVA MALZBIER LN 330ML;BEBIDAS;91062;07/07/2026;169462;91090;12;1308;60;5;0;;;18
3;17393;DET PO ASSIM 800G MICELAR FLORAL;PERFUMARIA E LIMPEZA;91095;07/07/2026;169503;91192;20;2620;40;2;2;07/07/2026;FERNANDO PAZ;156
3;17394;DET PO ASSIM 800G TRIPLA ACAO BI;PERFUMARIA E LIMPEZA;91095;07/07/2026;169503;91192;20;580;40;2;2;07/07/2026;FERNANDO PAZ;128
3;2909;ACHOC LIQ SHOWKINHO 200ML;MERCEARIA;91162;07/07/2026;169720;91270;27;10449;2700;100;0;;;573
3;6266;GFA TERM TERMOLAR MAGIC PUMP 1L VRM AURORA;NAO ALIMENTO;91235;07/07/2026;169743;;6;246;36;0;0;;;-4
3;38827;GFA TERM TERMOLAR MAGIC PUMP VERDE 1L;NAO ALIMENTO;91235;07/07/2026;169743;;6;0;18;0;0;;;0
3;6265;GFA TERM TERMOLAR MAGIC PUMP 1L PTA;NAO ALIMENTO;91235;07/07/2026;169743;;6;348;24;0;0;;;-27
3;33510;GFA TERM TERMOLAR MAGIC PUMP 1L MARROM;NAO ALIMENTO;91235;07/07/2026;169743;;6;60;24;0;0;;;1
3;19176;GFA TERM TERMOLAR MAGIC PUMP 1L RSA BALE;NAO ALIMENTO;91235;07/07/2026;169743;;6;0;36;0;0;;;-1
3;6264;GFA TERM TERMOLAR MAGIC PUMP DEC 1L GAUCHO;NAO ALIMENTO;91235;07/07/2026;169743;;6;0;24;0;0;;;24
3;6262;GFA TERM TERMOLAR MAGIC PUMP 1L BCA;NAO ALIMENTO;91235;07/07/2026;169743;;6;210;24;0;0;;;-5
4;6799;LEITE SANTA CLARA 1L ZERO LACTOSE;PERECIVEIS;90777;07/07/2026;168731;91472;12;48;12;11;0;;;13
4;6782;LEITE UHT TIROL C TAMPA 1L DESN;PERECIVEIS;90777;07/07/2026;168731;91472;12;1421;36;9;0;;;13
4;6780;LEITE NINHO UHT TP LEVINHO 1L SEMI DESNATADO;PERECIVEIS;90777;07/07/2026;168731;91472;12;48;12;2;0;;;17
4;9756;LEITE TIROL INTEGRAL ZR LACTOSE 1L;PERECIVEIS;90777;07/07/2026;168731;91472;12;0;12;2;0;;;134
4;11671;PASSAS UVA UNIAGRO PTA KG;PERECIVEIS;90777;07/07/2026;168731;91472;10;202;10;0;0;08/07/2026;CAROLINA;2
4;10855;CASTANHA CAJU UNIAGRO TORR SALG KG;PERECIVEIS;90777;07/07/2026;168731;91472;1;71,74;10;0;0;08/07/2026;CAROLINA;6,346
4;6787;LEITE LV ELEGE 1L ZERO LAC SEMI DES;PERECIVEIS;90777;07/07/2026;168731;91472;12;238;12;10;0;;;-2
4;6801;LEITE UHT TP NINHO 1L INTEGRAL;PERECIVEIS;90777;07/07/2026;168731;91472;12;1347;12;3;0;;;54
4;9745;LEITE UHT SANTA CLARA DESN 1L;PERECIVEIS;90777;07/07/2026;168731;91472;12;156;12;3;0;;;65
4;6792;LEITE UHT PET ELEGE 1L INTEGRAL;PERECIVEIS;90777;07/07/2026;168731;91472;6;4261;6;6;0;;;85
4;20024;LEITE COND PIRACANJUBA 395G SEMIDESNAT;MERCEARIA;90805;07/07/2026;168745;91472;27;2970;27;5;5;08/07/2026;CAROLINA;34
4;36398;AZEITONA VERDE FATIADA UNIAGRO100G;MERCEARIA;90805;07/07/2026;168745;91472;24;264;24;1;1;08/07/2026;CAROLINA;20
4;37959;CHA BARAO 13G ERVA DOCE;MERCEARIA;90805;07/07/2026;168745;91472;30;240;60;0;0;08/07/2026;CAROLINA;-21
4;750;ACUCAR CRISTAL GASPARIN 5KG;MERCEARIA;90805;07/07/2026;168745;91472;6;972;42;7;0;;;-1
4;662;SUCO KAPO TP 200ML MACA;BEBIDAS;90805;07/07/2026;168745;91472;12;108;12;1;1;08/07/2026;JOCELAINE;66
4;3399;CALDO APTI 57G BACON;MERCEARIA;90805;07/07/2026;168745;91472;120;20;120;1;0;;;28
4;1016;BISC AGUA E SAL GERMANI 345G;MERCEARIA;90805;07/07/2026;168745;91472;20;1436;40;2;2;08/07/2026;MURILO;19
4;1257;BISC DOCE PARATI ROSCA 250G LEITE;MERCEARIA;90805;07/07/2026;168745;91472;16;16;16;0;0;08/07/2026;MURILO;6
4;1691;MARSHMALLOWS FOFS 220G IOGURTE MORANGO;MERCEARIA;90805;07/07/2026;168745;91472;12;180;12;1;1;08/07/2026;MURILO;10
4;3185;SALG KEVYTOS BATATA ONDULADA 40G;MERCEARIA;90805;07/07/2026;168745;91472;30;30;30;0;0;08/07/2026;MURILO;11
4;1713;PIPOCA DOCE KEVYTOS 50G;MERCEARIA;90805;07/07/2026;168745;91472;10;650;20;0;0;08/07/2026;MURILO;-3
4;1602;CONFEITO BIBS AMEND 40G;MERCEARIA;90805;07/07/2026;168745;91472;72;112;72;0;0;08/07/2026;MURILO;67
4;2940;MASSA S OVOS NORDESTE 1KG ESPAGUETE;MERCEARIA;90805;07/07/2026;168745;91472;10;30;10;0;0;08/07/2026;ALEXSANDRO;12
4;20612;MASSA SEMOLA GERMANI 500G ESPAG;MERCEARIA;90805;07/07/2026;168745;91472;20;20;20;0;0;08/07/2026;ALEXSANDRO;9
4;7951;SABON PALMOLIVE NATURALS 150G VERDE;PERFUMARIA E LIMPEZA;90805;07/07/2026;168745;91472;72;0;72;1;0;;;2
4;33669;CHA BARAO MISTO 13G POS REFEICAO;MERCEARIA;90805;07/07/2026;168745;91472;30;60;30;0;0;08/07/2026;CAROLINA;54
4;2161;ARROZ BCO ALEGRETE TP1 5KG;MERCEARIA;90805;07/07/2026;168745;91472;6;516;12;3;0;;;14
4;6018;ESPONJA YPE SINT MULTIUSO UN;PERFUMARIA E LIMPEZA;90805;07/07/2026;168745;91472;60;0;60;1;0;08/07/2026;ELTON;26
4;424;AGUARD VELHO BARREIRO VD 910ML ADOCADO;BEBIDAS;90805;07/07/2026;168745;91472;12;24;12;0;0;08/07/2026;JOCELAINE;16
4;25463;VODKA SPRITE ABSOLUT LT 269ML;BEBIDAS;90805;07/07/2026;168745;91472;6;6;6;0;0;08/07/2026;JOCELAINE;6
4;33868;REFRE HAPPY TP 200ML UVA;BEBIDAS;90805;07/07/2026;168745;91472;24;48;24;0;0;08/07/2026;JOCELAINE;0
4;34718;REFRE HAPPY TP 1L PESSEGO;BEBIDAS;90805;07/07/2026;168745;91472;12;61;24;0;0;08/07/2026;JOCELAINE;0
4;35628;SOPA DE CANECA NEILAR 18G CARNE C BATATA;MERCEARIA;90805;07/07/2026;168745;91472;12;828;36;3;0;;;8
4;3153;SALG KEVYTOS 80G BACONYTOS;MERCEARIA;90805;07/07/2026;168745;91472;10;340;20;0;0;08/07/2026;MURILO;-6
4;1554;BISC SALG SALKIM 90G CHURRASCO;MERCEARIA;90805;07/07/2026;168745;91472;30;120;30;0;0;08/07/2026;MURILO;-4
4;13104;BAT PALHA BIG MAIS TRAD 80G;PERECIVEIS;90805;07/07/2026;168745;91472;40;160;40;0;0;08/07/2026;MURILO;0
4;3282;SALG ALFITOS 35G PIZZA;MERCEARIA;90805;07/07/2026;168745;91472;30;420;30;0;0;08/07/2026;MURILO;8
4;2655;CREME NUTELLA FERRERO 140G;MERCEARIA;90805;07/07/2026;168745;91472;10;30;10;0;0;08/07/2026;MURILO;16
4;3703;TEMP COMPLETO NEILAR 500G C PIMENTA;MERCEARIA;90805;07/07/2026;168745;91472;10;9;10;2;2;08/07/2026;ALEXSANDRO;2
4;3790;VINAGRE VINHO KOLLER 500ML TINTO;MERCEARIA;90805;07/07/2026;168745;91472;12;12;12;0;0;08/07/2026;ALEXSANDRO;2
4;37429;AGUA SANITARIA SUPREMA 5 L;PERFUMARIA E LIMPEZA;90805;07/07/2026;168745;91472;3;48;3;1;1;08/07/2026;LUIGGI;-1
4;3952;AGUA SANIT Q BOA 5L;PERFUMARIA E LIMPEZA;90805;07/07/2026;168745;91472;3;305;3;2;2;08/07/2026;LUIGGI;7
4;3950;AGUA SANIT Q BOA 1L;PERFUMARIA E LIMPEZA;90805;07/07/2026;168745;91472;12;900;12;0;0;08/07/2026;LUIGGI;47
4;4147;AMAC CONC COMFORT 400ML RF FRESCOR INTENSO;PERFUMARIA E LIMPEZA;90805;07/07/2026;168745;91472;12;0;12;1;0;;;-13
4;849;REFRIG COCA COLA PET 600ML ZERO;BEBIDAS;90805;07/07/2026;168745;91472;12;24;60;6;0;;;36
4;48;AGUA MIN FLORESTA PET 500ML C GAS;BEBIDAS;90805;07/07/2026;168745;91472;12;215;12;2;0;;;-75
4;838;REFRIG FRUKI PET 3L GUARANA;BEBIDAS;90805;07/07/2026;168745;91472;4;0;4;2;0;;;-28
4;748;REFRIG SARANDI PET 1 5L GUARANA;BEBIDAS;90805;07/07/2026;168745;91472;8;7296;80;14;0;;;14
4;5314;CR PENT SEDA 300ML SOS CERAMIDAS;PERFUMARIA E LIMPEZA;90805;07/07/2026;168745;91472;12;396;12;1;0;;;14
4;746;ACUCAR CRISTAL GASPARIN 1KG;MERCEARIA;90805;07/07/2026;168745;91472;10;4640;110;15;0;;;21
4;2084;ARROZ BCO REQUINTE TP1 1KG;MERCEARIA;90805;07/07/2026;168745;91472;30;1264;30;2;0;;;-15
4;2373;GRAO DE BICO JUREIA 400G;MERCEARIA;90805;07/07/2026;168745;91472;6;0;6;2;0;;;0
4;25424;VH CANCAO BORDO SUAVE 750ML SC;BEBIDAS;90805;07/07/2026;168745;91472;12;0;12;1;1;08/07/2026;JOCELAINE;10
4;460;ENERG BALY LT 473ML MELANCIA;BEBIDAS;90805;07/07/2026;168745;91472;6;54;12;0;0;08/07/2026;JOCELAINE;-4
4;177;CERV ITAIPAVA PILSEN LT 473ML;BEBIDAS;90805;07/07/2026;168745;91472;12;1605;36;3;3;08/07/2026;JOCELAINE;127
4;829;REFRIG SODA LIMONADA PET 2L;BEBIDAS;90805;07/07/2026;168745;91472;8;852;16;0;0;08/07/2026;JOCELAINE;0
4;1845;DROPS FREEGELLS 27 9G EUCALIPTO;MERCEARIA;90805;07/07/2026;168745;91472;12;732;12;1;0;;;8
4;1660;WAFFER ISABELA 100G LIMAO;MERCEARIA;90805;07/07/2026;168745;91472;40;200;40;0;0;08/07/2026;MURILO;-4
4;23371;SALG KRUKS 35G CHURRASCO;MERCEARIA;90805;07/07/2026;168745;91472;10;205;30;0;0;08/07/2026;MURILO;-10
4;3794;VINAGRE VINHO KOLLER 750ML BRANCO;MERCEARIA;90805;07/07/2026;168745;91472;12;12;12;0;0;08/07/2026;ALEXSANDRO;1
4;3443;SOPAO APTI 180G GALINHA VEGET;MERCEARIA;90805;07/07/2026;168745;91472;12;36;12;0;0;08/07/2026;ALEXSANDRO;33
4;20633;MAS LASANHA ISABELA FEST 500G;PERECIVEIS;90805;07/07/2026;168745;91472;20;400;40;0;0;08/07/2026;ALEXSANDRO;-1
4;2859;MASSA C OVOS NORDESTE 500G ESPAGUETE;MERCEARIA;90805;07/07/2026;168745;91472;15;240;60;4;4;08/07/2026;ALEXSANDRO;-14
4;20357;MAC INST NISSIN 85G PICANHA;MERCEARIA;90805;07/07/2026;168745;91472;50;50;50;1;1;08/07/2026;ALEXSANDRO;17
4;2912;MASSA C OVOS ISABELA 500G FURADINHO;MERCEARIA;90805;07/07/2026;168745;91472;20;180;20;1;1;08/07/2026;ALEXSANDRO;7
4;34799;RACAO DOCAST 1KG CASTRADO;PRODUTOS PET;90805;07/07/2026;168745;91472;10;1139;10;0;0;08/07/2026;ALEXSANDRO;12
4;4276;AREIA HIG PIPICAT 4KG P GATOS;PRODUTOS PET;90805;07/07/2026;168745;91472;6;1608;6;1;1;08/07/2026;ALEXSANDRO;23
4;7869;SABAO PO TIXAN 800G MACIEZ PRIMAVERA;PERFUMARIA E LIMPEZA;90805;07/07/2026;168745;91472;24;312;24;1;1;08/07/2026;LUIGGI;50
4;17394;DET PO ASSIM 800G TRIPLA ACAO BI;PERFUMARIA E LIMPEZA;90805;07/07/2026;168745;91472;20;580;20;0;0;08/07/2026;LUIGGI;31
4;12309;ALCOOL ARAUCARIA 46 500ML;PERFUMARIA E LIMPEZA;90805;07/07/2026;168745;91472;12;1692;12;2;0;;;7
4;17348;DET LIQ GIRANDO SOL 1L GLICA;PERFUMARIA E LIMPEZA;90805;07/07/2026;168745;91472;12;36;12;1;0;;;8
4;5476;DESINF PINHO SOL 500ML PINHO;PERFUMARIA E LIMPEZA;90805;07/07/2026;168745;91472;12;276;12;1;0;;;9
4;5439;DESINF GIRANDO SOL 500ML EUCALIPTO;PERFUMARIA E LIMPEZA;90805;07/07/2026;168745;91472;12;300;12;1;0;;;14
4;576;ENERG HIPERTENSAO PET 2L ORIGINAL;BEBIDAS;90805;07/07/2026;168745;91472;6;90;6;1;0;;;9
4;2477;KETCHUP FUGINI SH C BICO 180G PICANTE;MERCEARIA;90805;07/07/2026;168745;91472;32;192;32;0;0;08/07/2026;CAROLINA;4
4;3022;CEREAL MAT NESTLE SH 120G MOCA FLAKES;MERCEARIA;90805;07/07/2026;168745;91472;20;168;20;0;0;08/07/2026;CAROLINA;-12
4;3416;CREME LEITE ITALAC TP 200G ZERO LACTOSE;MERCEARIA;90805;07/07/2026;168745;91472;24;96;24;2;2;08/07/2026;CAROLINA;2
4;15182;CAFE SOL NESCAFE MATINAL VD 200G;MERCEARIA;90805;07/07/2026;168745;91472;12;37;12;0;0;08/07/2026;CAROLINA;9
4;5309;CR PENT SEDA 300ML LUMINOUS UV;PERFUMARIA E LIMPEZA;90805;07/07/2026;168745;91472;12;12;12;1;0;;;9
4;552;GATORADE ZERO 350ML LARANJA LIMA;BEBIDAS;90805;07/07/2026;168745;91472;12;132;12;1;1;08/07/2026;JOCELAINE;5
4;192;REFRE PO GLUP 15G UVA;BEBIDAS;90805;07/07/2026;168745;91472;60;38040;120;2;2;08/07/2026;JOCELAINE;251
4;3512;FERM PO BIOL GOOD INSTANT SH 10G;MERCEARIA;90805;07/07/2026;168745;91472;30;6180;30;1;0;;;81
4;1256;BISC DOCE PARATI ROSCA 250G NATA;MERCEARIA;90805;07/07/2026;168745;91472;16;16;16;0;0;08/07/2026;MURILO;7
4;3294;SALG ALFITOS 35G QUEIJO;MERCEARIA;90805;07/07/2026;168745;91472;30;415;30;1;1;08/07/2026;MURILO;16
4;1134;BISC DOCE NESTLE CHOCO TRIO 90G CHOC;MERCEARIA;90805;07/07/2026;168745;91472;12;432;12;0;0;08/07/2026;MURILO;3
4;1527;BISC RECH ISABELA MOUSSE 130G CHOC M AMARGO;MERCEARIA;90805;07/07/2026;168745;91472;50;100;50;0;0;08/07/2026;MURILO;0
4;1620;BISC SORT DOMELLY JOCE 300G;MERCEARIA;90805;07/07/2026;168745;91472;20;876;20;1;1;08/07/2026;MURILO;9
4;1101;BATATA PALHA BOA TRAD 400G;MERCEARIA;90805;07/07/2026;168745;91472;40;920;40;1;1;08/07/2026;MURILO;15
4;1679;CONFEITO BIBS PASSAS 40G;MERCEARIA;90805;07/07/2026;168745;91472;72;360;144;0;0;08/07/2026;MURILO;-95
4;1640;TORRADA ISABELA 142G INTEGRAL;MERCEARIA;90805;07/07/2026;168745;91472;32;58;32;0;0;08/07/2026;MURILO;10
4;1136;BALA B TOFFEES 90G 53 CACAU CHOC;MERCEARIA;90805;07/07/2026;168745;91472;30;0;30;1;1;08/07/2026;MURILO;23
4;1812;BALA GOMA DORI GIRAFA 30G FRAMBOESA;MERCEARIA;90805;07/07/2026;168745;91472;60;180;60;0;0;08/07/2026;MURILO;25
4;1094;BALA DORI GELATINA 60G AMORA;MERCEARIA;90805;07/07/2026;168745;91472;16;32;16;0;0;08/07/2026;MURILO;3
4;2856;MASSA C OVOS NORDESTE 500G PENNE;MERCEARIA;90805;07/07/2026;168745;91472;15;120;15;1;1;08/07/2026;ALEXSANDRO;15
4;3440;SOPAO APTI 180G CARNE MACARRAO LEGUM;MERCEARIA;90805;07/07/2026;168745;91472;12;36;12;0;0;08/07/2026;ALEXSANDRO;-23
4;4051;ALIM GATO FRISKIES 85G PEIXE BRANCO;PRODUTOS PET;90805;07/07/2026;168745;91472;15;90;45;0;0;08/07/2026;ALEXSANDRO;8
4;5340;CR TRAT PENTEAR VINI LADY 900G COCO;PERFUMARIA E LIMPEZA;90805;07/07/2026;168745;91472;6;0;6;1;0;;;6
4;36263;DET PO APYCE MULT AZUL SH 800G;PERFUMARIA E LIMPEZA;90805;07/07/2026;168745;91472;25;194;25;0;0;08/07/2026;LUIGGI;31
4;33287;AMAC APYCE 5L JASMIM RSA;PERFUMARIA E LIMPEZA;90805;07/07/2026;168745;91472;2;10;2;2;2;08/07/2026;LUIGGI;4
4;6932;LIMP UAU LV1L PG800ML FLORES VERMELHA;PERFUMARIA E LIMPEZA;90805;07/07/2026;168745;91472;12;35;12;1;0;;;11
4;3948;AGUA SANIT GOTA LIMPA 1L;PERFUMARIA E LIMPEZA;90805;07/07/2026;168745;91472;12;398;24;2;0;;;57
4;949;AZEIT OLIV COCINERO EXT VG 500ML;MERCEARIA;90805;07/07/2026;168745;91472;12;12;12;0;0;08/07/2026;CAROLINA;18
4;2430;SALSICHA PERITIF ODERICH 160G;MERCEARIA;90805;07/07/2026;168745;91472;24;48;24;0;0;08/07/2026;CAROLINA;10
4;2723;LEITE PO CCGL INTEGRAL SH 400G;MERCEARIA;90805;07/07/2026;168745;91472;25;225;25;1;1;08/07/2026;CAROLINA;14
4;3682;MIST LACTEA COND TRIANGULO TP 395G;MERCEARIA;90805;07/07/2026;168745;91472;27;351;54;2;0;08/07/2026;GUILHERME B;230
4;986;OLEO SOJA VITALIV PET 900ML;MERCEARIA;90805;07/07/2026;168745;91472;20;140;20;2;0;08/07/2026;GUILHERME B;53
4;18746;FRALDA DESC FERINHA JUMBINHO C 14 XXG;PERFUMARIA E LIMPEZA;90805;07/07/2026;168745;91472;12;0;12;1;0;;;9
4;23204;SAL CHUR GRILL GARCA 1K;MERCEARIA;90805;07/07/2026;168745;91472;10;23;10;2;0;;;188
4;33915;ARROZ SABOROSO PARB 1KG INTEGRAL;MERCEARIA;90805;07/07/2026;168745;91472;30;210;30;1;0;;;17
4;67;AGUA MIN DA PEDRA PET 350ML S GAS;BEBIDAS;90805;07/07/2026;168745;91472;12;36;12;0;0;08/07/2026;JOCELAINE;0
4;590;SUCO COM TEM TP 200ML MACA;BEBIDAS;90805;07/07/2026;168745;91472;24;24;24;0;0;08/07/2026;JOCELAINE;0
4;3400;BARRA CEREAL RITTER 25G BAN AVEIA MEL;MERCEARIA;90805;07/07/2026;168745;91472;24;120;24;2;0;;;36
4;1434;BISC MARIA PARATI 740G;MERCEARIA;90805;07/07/2026;168745;91472;12;142;12;0;0;08/07/2026;MURILO;37
4;13697;BOMBOM ARCOR SORT 146G;MERCEARIA;90805;07/07/2026;168745;91472;30;722;30;0;0;08/07/2026;MURILO;15
4;1277;BISC DOCE PARATI ROSCA 250G CHOCOLATE;MERCEARIA;90805;07/07/2026;168745;91472;16;17;16;1;1;08/07/2026;MURILO;5
4;1019;BISC AGUA E SAL GERMANI 690G;MERCEARIA;90805;07/07/2026;168745;91472;10;10;10;0;0;08/07/2026;MURILO;15
4;3378;CALDO APTI 114G CARNE;MERCEARIA;90805;07/07/2026;168745;91472;30;60;30;1;1;08/07/2026;ALEXSANDRO;14
4;38552;RACAO RANGO DOG 5KG;PRODUTOS PET;90805;07/07/2026;168745;91472;1;760;23;24;0;08/07/2026;ELIAS;25
4;17177;DESINF GOTA LIMPA 2L PINHO;PERFUMARIA E LIMPEZA;90805;07/07/2026;168745;91472;6;30;6;0;0;08/07/2026;LUIGGI;0
4;17343;DET LIQ BRILHANTE LIMP TOT 1 8L;PERFUMARIA E LIMPEZA;90805;07/07/2026;168745;91472;6;149;6;1;0;;;9
4;6874;LIMP M USO YPE 500ML CLASSICO;PERFUMARIA E LIMPEZA;90805;07/07/2026;168745;91472;12;0;12;2;0;;;0
4;5434;DESINF AQUAFAST HARMONIA 2L LAVANDA;PERFUMARIA E LIMPEZA;90805;07/07/2026;168745;91472;6;149;6;1;0;;;6
4;7558;PROT DIARIO MILI 15UN SUAVE S ABAS;PERFUMARIA E LIMPEZA;90805;07/07/2026;168745;91472;24;288;24;1;0;;;38
4;33255;REFRIG CHARRUA PET 3L GUARANA;BEBIDAS;90805;07/07/2026;168745;91472;6;25;6;2;0;;;59
4;3092;MOSTARDA ODERICH TRADICIONAL 190G BISNAGA;MERCEARIA;90805;07/07/2026;168745;91472;24;119;24;0;0;08/07/2026;CAROLINA;1
4;2738;MACARRAO CUP NOODLES 69G CARNE DEF;MERCEARIA;90805;07/07/2026;168745;91472;24;648;48;0;0;08/07/2026;ALEXSANDRO;-45
4;20363;MAC INST NISSIN C 6 L P GAL CAIP;MERCEARIA;90805;07/07/2026;168745;91472;12;12;12;0;0;08/07/2026;ALEXSANDRO;145
4;22697;RAC CBS GATO PEIXE CAR 500G;PRODUTOS PET;90805;07/07/2026;168745;91472;10;90;20;2;0;;;-9
4;34581;GRAO DE BICO SALSARETTI 170G LT;MERCEARIA;90805;07/07/2026;168745;91472;24;816;48;0;0;08/07/2026;CAROLINA;3
4;37855;DOCE N BONN BIG CASEIRAO 3KG;MERCEARIA;90805;07/07/2026;168745;91472;6;18;6;0;0;08/07/2026;CAROLINA;6
4;2569;MOLHO TOM POMODORO SH 300G TRAD;MERCEARIA;90805;07/07/2026;168745;91472;24;12547;72;3;0;08/07/2026;GUILHERME B;35
4;22654;QUENTAO S ALCOOL 2L;BEBIDAS;90805;07/07/2026;168745;91472;6;36;12;0;0;08/07/2026;JOCELAINE;-5
4;296;VH SANGUE BOI BCO 750ML SV;BEBIDAS;90805;07/07/2026;168745;91472;6;67;12;1;1;08/07/2026;JOCELAINE;-3
4;439;ENERG BALY PET 2L TRADICIONAL SA;BEBIDAS;90805;07/07/2026;168745;91472;6;30;12;0;0;08/07/2026;JOCELAINE;0
4;706;SUCO NECTAR CBS TP 1L LARANJA;BEBIDAS;90805;07/07/2026;168745;91472;12;12;12;0;0;08/07/2026;JOCELAINE;3
4;1579;BISC SALG GERMANI 200G MIGNON;MERCEARIA;90805;07/07/2026;168745;91472;20;80;20;1;1;08/07/2026;MURILO;9
4;1193;BISC DOCE GIRASSOL ROSCA 250G BRIGADEIRO;MERCEARIA;90805;07/07/2026;168745;91472;22;990;44;1;1;08/07/2026;MURILO;0
4;1507;BISC ISABELA TORTINHAS 140G CHOC C AVELA;MERCEARIA;90805;07/07/2026;168745;91472;50;1950;50;1;1;08/07/2026;MURILO;17
4;1678;CONFEITO BIBS CHOC BCO 40G;MERCEARIA;90805;07/07/2026;168745;91472;72;0;72;1;0;;;51
4;20638;MASSA C OVOS GERMANI 500G NHOQUE;MERCEARIA;90805;07/07/2026;168745;91472;20;19;20;1;1;08/07/2026;ALEXSANDRO;9
4;20632;MASSA LASANHA GERMANI 500G;PERECIVEIS;90805;07/07/2026;168745;91472;10;160;10;1;1;08/07/2026;ALEXSANDRO;5
4;2742;MACARRAO CUP NOODLES 69G GAL CAIP;MERCEARIA;90805;07/07/2026;168745;91472;24;288;24;1;1;08/07/2026;ALEXSANDRO;13
4;20613;MAS ESPAGUETINI ISABELA SEMOLA 500G;MERCEARIA;90805;07/07/2026;168745;91472;20;60;20;0;0;08/07/2026;ALEXSANDRO;-14
4;4047;ALIM GATO FRISKIES 85G FILHO CARN MOLH;PRODUTOS PET;90805;07/07/2026;168745;91472;15;75;30;0;0;08/07/2026;ALEXSANDRO;1
4;7835;DET PO GOTA LIMPA 800G EQUILIBRIO;PERFUMARIA E LIMPEZA;90805;07/07/2026;168745;91472;20;140;20;0;0;08/07/2026;LUIGGI;-16
4;3953;AGUA SANIT YPE 1L;PERFUMARIA E LIMPEZA;90805;07/07/2026;168745;91472;12;1248;12;2;2;08/07/2026;LUIGGI;35
4;9623;INSET MAT INSET MULTI PROMO 360ML SEM CHEIRO;PERFUMARIA E LIMPEZA;90805;07/07/2026;168745;91472;12;0;12;1;0;;;0
4;889;REFRIG COCA COLA LT 350ML;BEBIDAS;90805;07/07/2026;168745;91472;12;48;24;2;0;;;38
4;921;MOLHO TOM ODERICH PASSATA LT 850G;MERCEARIA;90805;07/07/2026;168745;91472;12;72;12;0;0;08/07/2026;CAROLINA;8
4;2005;CAFE VACUO IGUACU 500G EXTRA FORTE;MERCEARIA;90805;07/07/2026;168745;91472;20;480;40;0;0;08/07/2026;CAROLINA;0
4;2085;CHA PRENDA 12G CARQUEJA;MERCEARIA;90805;07/07/2026;168745;91472;20;20;20;1;1;08/07/2026;CAROLINA;40
4;3800;EMUSTAB SELECTA 200G;MERCEARIA;90805;07/07/2026;168745;91472;12;36;12;0;0;08/07/2026;CAROLINA;10
4;20381;MAIONESE HELLMANNS PET SUPREME 330G;MERCEARIA;90805;07/07/2026;168745;91472;1;167;20;0;0;08/07/2026;CAROLINA;0
4;34570;MOLHO PIMENTA NOVITA 150ML CALABRESA;MERCEARIA;90805;07/07/2026;168745;91472;12;12;12;0;0;08/07/2026;CAROLINA;1
4;34434;DET PO TIXAN CONC 1 6KG PRIMAVERA;PERFUMARIA E LIMPEZA;90805;07/07/2026;168745;91472;9;9;9;0;0;08/07/2026;LUIGGI;5
4;12293;AGUA SANIT ZAVASKI 5L;PERFUMARIA E LIMPEZA;90805;07/07/2026;168745;91472;4;296;4;0;0;08/07/2026;LUIGGI;5
4;12420;AMAC GOTA LIMPA 2L PETALAS;PERFUMARIA E LIMPEZA;90805;07/07/2026;168745;91472;6;186;6;2;2;08/07/2026;LUIGGI;4
4;5678;DET LIQ GOTA LIMPA 500ML CRISTAL;PERFUMARIA E LIMPEZA;90805;07/07/2026;168745;91472;24;4992;24;1;0;;;83
4;5671;DETERG GIRANDO SOL 500ML COCO;PERFUMARIA E LIMPEZA;90805;07/07/2026;168745;91472;24;48;24;2;0;;;6
4;7796;SABAO BARRA YPE 800G GLICERINA;PERFUMARIA E LIMPEZA;90805;07/07/2026;168745;91472;12;192;12;1;0;;;28
4;5440;DESINF GIRANDO SOL 500ML JASMIM;PERFUMARIA E LIMPEZA;90805;07/07/2026;168745;91472;12;216;12;1;0;;;6
4;17415;DET PO GOTA LIMPA 800G HARMONIA;PERFUMARIA E LIMPEZA;90805;07/07/2026;168745;91472;20;0;20;1;0;;;12
4;52;AGUA MIN FLORESTA PET 5L S GAS;BEBIDAS;90805;07/07/2026;168745;91472;4;28;4;2;0;;;0
4;815;REFRIG FRUKI PET 2L GUARANA GUARANA;BEBIDAS;90805;07/07/2026;168745;91472;6;78;6;2;0;;;1
4;776;REFRIG PEPSI COLA PET 200ML BLACK;BEBIDAS;90805;07/07/2026;168745;91472;12;1008;24;2;0;;;24
4;2171;CHA PRENDA 12G HIBISCUS;MERCEARIA;90805;07/07/2026;168745;91472;20;117;20;0;0;08/07/2026;CAROLINA;7
4;2176;CAPSULA 3C 110G C 10 CHOCOLATTO;MERCEARIA;90805;07/07/2026;168745;91472;8;8;8;0;0;08/07/2026;CAROLINA;16
4;2497;KETCHUP ODERICH BISN 400G TRAD;MERCEARIA;90805;07/07/2026;168745;91472;24;168;24;1;1;08/07/2026;CAROLINA;10
4;3037;CEREAL MAT NESTLE CX 210G NESCAU;MERCEARIA;90805;07/07/2026;168745;91472;24;96;24;0;0;08/07/2026;CAROLINA;12
4;3094;MOSTARDA ODERICH 190G PICANTE;MERCEARIA;90805;07/07/2026;168745;91472;24;96;24;0;0;08/07/2026;CAROLINA;0
4;3350;BARRA CEREAL NATURALE 25G BAN AVEIA CHOC;MERCEARIA;90805;07/07/2026;168745;91472;160;0;320;2;2;08/07/2026;CAROLINA;0
4;3560;BEB 3 CORACOES POWER WHEY 250ML CHOC;MERCEARIA;90805;07/07/2026;168745;91472;12;396;12;1;1;08/07/2026;CAROLINA;10
4;3578;GELATINA APTI 20G PESSEGO;MERCEARIA;90805;07/07/2026;168745;91472;36;36;36;1;1;08/07/2026;CAROLINA;18
4;3818;PO P PUDIM NEILAR 30G BAUNILHA;MERCEARIA;90805;07/07/2026;168745;91472;48;48;48;0;0;08/07/2026;CAROLINA;26
4;2370;ERVILHA ODERICH LT 200G;MERCEARIA;90805;07/07/2026;168745;91472;24;120;24;2;0;08/07/2026;GUILHERME B;14
4;1813;BALA GOMA DORI GOMETS 70G SINO;MERCEARIA;90805;07/07/2026;168745;91472;30;120;30;0;0;08/07/2026;MURILO;0
4;1160;BALA TOFFANO 400G TOFFRUT SORT;MERCEARIA;90805;07/07/2026;168745;91472;25;0;25;1;1;08/07/2026;MURILO;8
4;1964;BIS LACTA 100 8G LIMAO;MERCEARIA;90805;07/07/2026;168745;91472;65;65;65;0;0;08/07/2026;MURILO;37
4;3406;CALDO SAZON 32 5G PICANHA;MERCEARIA;90805;07/07/2026;168745;91472;48;48;48;1;1;08/07/2026;ALEXSANDRO;29
4;3998;ALIM CAO DOG CHOW100G SACHE TOD TAM FRANGO ADULTO;PRODUTOS PET;90805;07/07/2026;168745;91472;15;45;15;0;0;08/07/2026;ALEXSANDRO;4
4;22683;RAC AMIGO PET GATO MIX 500G;PRODUTOS PET;90805;07/07/2026;168745;91472;22;286;22;1;1;08/07/2026;ALEXSANDRO;19
4;4046;ALIM GATO FRISKIES 85G CORDEIR AO MOLH;PRODUTOS PET;90805;07/07/2026;168745;91472;15;61;15;0;0;08/07/2026;ALEXSANDRO;0
4;310;VH TRADICAO TINTO 1 4L SC;BEBIDAS;90805;07/07/2026;168745;91472;6;312;18;3;0;;;10
4;2323;ATUM SOLIDO NAUTIQUE 170G EM OLEO;MERCEARIA;90805;07/07/2026;168745;91472;24;72;24;0;0;08/07/2026;CAROLINA;14
4;2446;PEPINO CONS JUREIA VD 300G AGRIDOCE FATIADO;MERCEARIA;90805;07/07/2026;168745;91472;15;30;15;0;0;08/07/2026;CAROLINA;9
4;2482;DOCE DIFRUTTI 400G MORANGO;MERCEARIA;90805;07/07/2026;168745;91472;12;149;24;0;0;08/07/2026;CAROLINA;1
4;2589;GOIABADA VAL 1 100KG;MERCEARIA;90805;07/07/2026;168745;91472;12;108;24;0;0;08/07/2026;CAROLINA;-23
4;3001;ADOCANTE LOWCUCAR DIET 100ML TRAD;MERCEARIA;90805;07/07/2026;168745;91472;12;24;12;0;0;08/07/2026;CAROLINA;6
4;3562;BEB 3 CORACOES POWER WHEY 250ML CLASSICO;MERCEARIA;90805;07/07/2026;168745;91472;12;108;12;1;1;08/07/2026;CAROLINA;7
4;3654;LEITE COCO MENINA VD 200ML;MERCEARIA;90805;07/07/2026;168745;91472;24;72;24;0;0;08/07/2026;CAROLINA;7
4;15180;CAFE SOL NESCAFE MATINAL SH L40P36G;MERCEARIA;90805;07/07/2026;168745;91472;24;48;24;0;0;08/07/2026;CAROLINA;1
4;38547;AZEITONA S CAROCO RIVOLI 1 01KG;MERCEARIA;90805;07/07/2026;168745;91472;6;137;6;0;0;08/07/2026;CAROLINA;0
4;537;GATORADE 500ML BERRY BLUE;BEBIDAS;90805;07/07/2026;168745;91472;6;270;6;1;0;08/07/2026;GUILHERME B;3
4;12237;ACUCAR REFINADO GASPARIN 1KG;MERCEARIA;90805;07/07/2026;168745;91472;10;1161;20;2;0;08/07/2026;GUILHERME B;106
4;6234;GEL DENTAL CLOSE UP 90G ORIG RED HOT;PERFUMARIA E LIMPEZA;90805;07/07/2026;168745;91472;12;286;12;2;0;;;-3
4;7424;PEDRA SANITARIA SANI SOL 20G FLORAL;PERFUMARIA E LIMPEZA;90805;07/07/2026;168745;91472;144;3456;144;1;0;;;153
4;2365;FEIJAO VRM CALDO OURO 500G;MERCEARIA;90805;07/07/2026;168745;91472;10;10;10;2;0;;;-3
4;1395;CHOC NESTLE PRESTIGIO 33G UN;MERCEARIA;90805;07/07/2026;168745;91472;30;0;30;1;0;;;17
4;23370;SALG KRUKS 35G BACON;MERCEARIA;90805;07/07/2026;168745;91472;10;358;30;0;0;08/07/2026;MURILO;-2
4;1618;BISC SORT DOMELLY 280G;MERCEARIA;90805;07/07/2026;168745;91472;20;5479;20;1;1;08/07/2026;MURILO;23
4;23398;SALG SNACK DOMELLY POLV 40G TRAD;MERCEARIA;90805;07/07/2026;168745;91472;24;48;24;0;0;08/07/2026;MURILO;13
4;7833;SABAO PO GIRANDO SOL 800G ROSA;PERFUMARIA E LIMPEZA;90805;07/07/2026;168745;91472;25;147;50;2;2;08/07/2026;LUIGGI;83
4;37437;AGUA SANITARIA SUPREMA 2 L;PERFUMARIA E LIMPEZA;90805;07/07/2026;168745;91472;6;2646;6;1;1;08/07/2026;LUIGGI;32
4;17175;DESINF GOTA LIMPA 2L LAVANDA;PERFUMARIA E LIMPEZA;90805;07/07/2026;168745;91472;6;18;6;0;0;08/07/2026;LUIGGI;18
4;9297;DET LIQ GOTA LIMPA 1L MACA;PERFUMARIA E LIMPEZA;90805;07/07/2026;168745;91472;12;156;12;0;0;08/07/2026;LUIGGI;3
4;12413;AMACIANTE GIRANDO SOL 500ML VERM;PERFUMARIA E LIMPEZA;90805;07/07/2026;168745;91472;12;84;12;1;0;;;1
4;3966;ALCOOL GEL 70 SUPER VALE 450G;PERFUMARIA E LIMPEZA;90805;07/07/2026;168745;91472;12;572;12;1;0;;;8
4;21296;ODORIZ AMAZONIA AROM 270ML ALFAZEMA;PERFUMARIA E LIMPEZA;90805;07/07/2026;168745;91472;12;24;12;2;0;;;0
4;17158;DESINF APYCE 2L PINHO;PERFUMARIA E LIMPEZA;90805;07/07/2026;168745;91472;6;66;6;1;0;;;26
4;2282;PESSEGO PETITOSA METADES 450G;MERCEARIA;90805;07/07/2026;168745;91472;12;12;12;0;0;08/07/2026;CAROLINA;2
4;2470;JARDINERA ODERICH LT 200G 4 LEGUMES;NAO ALIMENTO;90805;07/07/2026;168745;91472;24;24;24;0;0;08/07/2026;CAROLINA;22
4;3184;CHANTILLY FLEISCHMANN SPRAY 232ML GRAN FINALE;MERCEARIA;90805;07/07/2026;168745;91472;12;12;12;0;0;08/07/2026;CAROLINA;10
4;34880;AVEIA NATURALE 170G FLOCOS;MERCEARIA;90805;07/07/2026;168745;91472;24;456;48;2;2;08/07/2026;CAROLINA;-46
4;36166;MOLHO TOM SALSARETTI VD 500G CLASSICO;MERCEARIA;90805;07/07/2026;168745;91472;24;240;48;0;0;08/07/2026;CAROLINA;0
4;2140;ARROZ BCO SANO TP1 5KG;MERCEARIA;90805;07/07/2026;168745;91472;6;1106;6;3;0;;;2
4;36813;ARROZ BCO BOM DE PANELA TP1 5KG;MERCEARIA;90805;07/07/2026;168745;91472;6;36;6;2;0;;;28
4;2074;ARROZ BCO SANO TP1 1KG;MERCEARIA;90805;07/07/2026;168745;91472;30;687;30;1;0;;;51
4;2401;MILHO PIPOCA BELLA DICA 400GR;MERCEARIA;90805;07/07/2026;168745;91472;12;2003;12;4;0;;;0
4;559;GIN INTENCION VD 900ML;BEBIDAS;90805;07/07/2026;168745;91472;6;18;12;0;0;08/07/2026;JOCELAINE;0
4;533;ENERG RED BULL LT 355ML;BEBIDAS;90805;07/07/2026;168745;91472;4;148;8;0;0;08/07/2026;JOCELAINE;0
4;328;BEB ADES TP 200ML PESSEGO;BEBIDAS;90805;07/07/2026;168745;91472;6;6;6;0;0;08/07/2026;JOCELAINE;3
4;1747;CHICLE FREEGELLS GUM 8G ORIG CHERRY;MERCEARIA;90805;07/07/2026;168745;91472;15;15;15;2;0;;;0
4;3539;FERM PO QUIMICO GOOD INSTANT SH 11G;MERCEARIA;90805;07/07/2026;168745;91472;50;100;50;2;0;;;0
4;1276;CHOC BARRA GAROTO 80G MEIO AMARGO;MERCEARIA;90805;07/07/2026;168745;91472;16;80;16;1;0;;;18
4;35631;SOPA DE CANECA NEILAR 18G FGO C QJO;MERCEARIA;90805;07/07/2026;168745;91472;12;276;36;3;0;;;90
4;3226;SALG BATATA PRINGLES 109G CREME E CEBOLA;MERCEARIA;90805;07/07/2026;168745;91472;18;216;18;1;1;08/07/2026;MURILO;9
4;1468;BISC RECH NESTLE NEGRESCO 90G BAUNILHA;MERCEARIA;90805;07/07/2026;168745;91472;66;66;66;0;0;08/07/2026;MURILO;5
4;1497;BISC RECH TRAKINAS 126G CHOC;MERCEARIA;90805;07/07/2026;168745;91472;54;270;54;0;0;08/07/2026;MURILO;25
4;3066;CHOCOLATE PO NESTLE 200G 2 FRADES;MERCEARIA;90805;07/07/2026;168745;91472;25;50;50;0;0;08/07/2026;MURILO;0
4;11416;MARROM GLACE STELLA KG;PERECIVEIS;90827;07/07/2026;168756;91472;6,6;85,8;6,6;1;1;08/07/2026;CAROLINA;20,984
4;20463;MANTA ACONCHEGO CASAL 180X220;NAO ALIMENTO;90837;07/07/2026;168761;90956;1;10;1;0;0;07/07/2026;ELTON;-2
4;21931;PILHA ELGIN ALC PEQ AA C 2;NAO ALIMENTO;90837;07/07/2026;168761;90956;10;560;10;1;0;07/07/2026;ELTON;36
4;21755;PASTA FRAMA GRAMPO TRILHO AMARELA;NAO ALIMENTO;90837;07/07/2026;168761;90956;1;0;1;1;0;07/07/2026;ELTON;11
4;36599;COLA THREE BOND SUPER 2G;NAO ALIMENTO;90837;07/07/2026;168761;90956;42;504;42;1;0;07/07/2026;ELTON;24
4;16691;CP DESC DUDIGO 300ML C 100 TRANSP;NAO ALIMENTO;90837;07/07/2026;168761;90956;20;0;20;0;0;07/07/2026;ELTON;55
4;19877;LAMP ELGIN BULBO LED T 30W6500K;NAO ALIMENTO;90837;07/07/2026;168761;90956;20;0;20;0;0;07/07/2026;ELTON;18
4;12642;ASSAD ALTA LISA DOCESAR N1 3 4LT;NAO ALIMENTO;90837;07/07/2026;168761;90956;1;0;1;0;0;07/07/2026;ELTON;2
4;3932;ACENDEDOR SANDERO 16G FOGO;NAO ALIMENTO;90837;07/07/2026;168761;90956;36;0;36;0;0;07/07/2026;ELTON;8
4;13743;BORRACHA MERCUR CLEAN ROSA C 2;NAO ALIMENTO;90837;07/07/2026;168761;90956;1;1;1;0;0;07/07/2026;ELTON;25
4;3796;MIST P PAO QUEIJO APTI SH 250G PARMESAO;MERCEARIA;90901;07/07/2026;168997;91472;12;48;36;0;0;08/07/2026;CAROLINA;0
4;2519;KETCHUP HELLMANNS BISN 380G TRAD;MERCEARIA;90901;07/07/2026;168997;91472;1;53;4;0;0;08/07/2026;CAROLINA;-8
4;2150;ARROZ BCO REQUINTE TP1 5KG;MERCEARIA;90935;07/07/2026;169035;90834;6;2180;60;10;10;07/07/2026;AUGUSTO;94
4;17315;DESOD ROLLON REXONA 50ML V8;PERFUMARIA E LIMPEZA;90961;07/07/2026;169097;90862;12;456;24;4;3;07/07/2026;AUGUSTO;11
4;310;VH TRADICAO TINTO 1 4L SC;BEBIDAS;90999;07/07/2026;169196;91108;6;312;30;5;0;;;10
4;3512;FERM PO BIOL GOOD INSTANT SH 10G;MERCEARIA;90999;07/07/2026;169196;91108;30;6180;30;1;0;;;81
4;1059;ALFAJOR EL AGUILA 60G CHOC BRANCO;MERCEARIA;91052;07/07/2026;169435;91330;12;1716;36;3;0;;;-68
4;2106;ARROZ BCO PILECCO SUPER ECCO T1 2K;MERCEARIA;91052;07/07/2026;169435;91330;15;330;60;4;4;08/07/2026;BRAGA;0
4;2074;ARROZ BCO SANO TP1 1KG;MERCEARIA;91052;07/07/2026;169435;91330;30;687;180;6;6;08/07/2026;BRAGA;51
4;2215;ARROZ PARBO SABOROSO TP1 1KG;MERCEARIA;91052;07/07/2026;169435;91330;30;3120;90;1;1;08/07/2026;LUAN;21
4;6790;LEITE UHT NINHO 1L ZERO LACTOSE;PERECIVEIS;91052;07/07/2026;169435;91330;12;12;12;0;0;08/07/2026;LUAN;5
4;1058;ALFAJOR EL AGUILA 60G CHOC;MERCEARIA;91052;07/07/2026;169435;91330;12;924;12;1;0;;;0
4;2177;ARROZ BCO SABOROSO TP1 5KG;MERCEARIA;91052;07/07/2026;169435;91330;6;2261;60;10;10;08/07/2026;LUAN;0
4;3516;FERM PO BIOL GOOD INSTANT SH 125G;MERCEARIA;91052;07/07/2026;169435;91330;12;600;24;2;0;;;13
4;2096;ARROZ BCO SANO T1 2K;MERCEARIA;91052;07/07/2026;169435;91330;15;1200;60;0;0;08/07/2026;LUAN;37
4;3024;ADOCANTE ZERO CAL 100ML;MERCEARIA;91052;07/07/2026;169435;91330;12;226;24;2;0;07/07/2026;ERICA;1
4;3510;FERM BIO PO FLEISCHMANN SH LV 125G PG 100G;MERCEARIA;91052;07/07/2026;169435;91330;16;112;32;2;0;;;1
4;750;ACUCAR CRISTAL GASPARIN 5KG;MERCEARIA;91052;07/07/2026;169435;91330;6;972;42;7;7;08/07/2026;LUAN;-1
4;280;CERV ITAIPAVA MALZBIER LN 330ML;BEBIDAS;91064;07/07/2026;169463;91091;12;1308;60;5;0;;;37
4;747;ACUCAR CRISTAL GASPARIN 2KG;MERCEARIA;91097;07/07/2026;169504;91330;15;6103;150;10;10;08/07/2026;BRAGA;481
4;17394;DET PO ASSIM 800G TRIPLA ACAO BI;PERFUMARIA E LIMPEZA;91097;07/07/2026;169504;91330;20;580;40;0;0;07/07/2026;GABRIELL2;31
4;2348;FEIJAO PRETO ARBAZA TP1 1KG;MERCEARIA;91097;07/07/2026;169504;91330;30;6362;60;2;2;08/07/2026;LUAN;180
4;17393;DET PO ASSIM 800G MICELAR FLORAL;PERFUMARIA E LIMPEZA;91097;07/07/2026;169504;91330;20;2620;40;2;2;07/07/2026;GABRIELL2;71
4;2909;ACHOC LIQ SHOWKINHO 200ML;MERCEARIA;91164;07/07/2026;169721;91271;27;10449;270;10;0;;;544
4;1493;BISC RECH TRAKINAS 126G CHOC MORANGO;MERCEARIA;91284;07/07/2026;169808;91384;54;0;54;1;1;08/07/2026;JOCELAINE;102
4;1606;BISC SALG CLUB SOCIAL 6UN 144G ORIGINAL;MERCEARIA;91284;07/07/2026;169808;91384;44;3080;88;2;2;08/07/2026;JOCELAINE;58
4;1616;BISC SALG CLUB SOCIAL 288G ORIGINAL;MERCEARIA;91284;07/07/2026;169808;91384;20;120;60;3;3;08/07/2026;JOCELAINE;57
4;1497;BISC RECH TRAKINAS 126G CHOC;MERCEARIA;91284;07/07/2026;169808;91384;54;270;162;3;3;08/07/2026;JOCELAINE;25
5;11671;PASSAS UVA UNIAGRO PTA KG;PERECIVEIS;90779;07/07/2026;168732;91476;10;202;10;0;0;08/07/2026;MARCOS M;2
5;6780;LEITE NINHO UHT TP LEVINHO 1L SEMI DESNATADO;PERECIVEIS;90779;07/07/2026;168732;91476;12;48;12;0;0;08/07/2026;ALEXSANDRO;-9
5;6781;LEITE LV EDGE ELEGE 1L INTEGRAL;PERECIVEIS;90779;07/07/2026;168732;91476;12;204;12;0;0;08/07/2026;ALEXSANDRO;19
5;6784;LEITE UHT TIROL C TAMP 1L SEMI DESN;PERECIVEIS;90779;07/07/2026;168732;91476;12;1972;12;2;2;08/07/2026;ALEXSANDRO;48
5;6787;LEITE LV ELEGE 1L ZERO LAC SEMI DES;PERECIVEIS;90779;07/07/2026;168732;91476;12;238;12;0;0;08/07/2026;ALEXSANDRO;-3
5;11565;NOZES LA RIOJA S CASCA KG;PERECIVEIS;90779;07/07/2026;168732;91476;1;33;2;0;0;08/07/2026;MARCOS M;0
5;832;REFRIG SUKITA PET 2L LARANJA;BEBIDAS;90807;07/07/2026;168746;90957;8;537;8;0;0;;;6
5;16485;CONF PIETROBON PIT20G;MERCEARIA;90807;07/07/2026;168746;90957;50;50;50;0;0;;;25
5;909;REFRIG SPRITE LT 350ML;BEBIDAS;90807;07/07/2026;168746;90957;6;6;6;0;0;;;10
5;656;SUCO DEL VALLE FRUT TP 1L UVA;BEBIDAS;90807;07/07/2026;168746;90957;6;12;6;0;0;;;12
5;2470;JARDINERA ODERICH LT 200G 4 LEGUMES;NAO ALIMENTO;90807;07/07/2026;168746;90957;24;24;24;0;0;;;24
5;29542;CARVAO VEG CHURRASCO NA BRASA 3KG;NAO ALIMENTO;90807;07/07/2026;168746;90957;1;134;7;0;0;;;10
5;37429;AGUA SANITARIA SUPREMA 5 L;PERFUMARIA E LIMPEZA;90807;07/07/2026;168746;90957;3;48;3;0;0;;;-2
5;662;SUCO KAPO TP 200ML MACA;BEBIDAS;90807;07/07/2026;168746;90957;12;108;12;0;0;;;42
5;35710;MACARRAO INST NISSIN 85G LOMBO SUINO;MERCEARIA;90807;07/07/2026;168746;90957;50;0;50;0;0;;;27
5;52;AGUA MIN FLORESTA PET 5L S GAS;BEBIDAS;90807;07/07/2026;168746;90957;4;28;4;0;0;;;23
5;1561;BISC SALG TUCS 100G QUEIJO;MERCEARIA;90807;07/07/2026;168746;90957;30;1470;30;0;0;;;10
5;3416;CREME LEITE ITALAC TP 200G ZERO LACTOSE;MERCEARIA;90807;07/07/2026;168746;90957;24;96;24;0;0;;;37
5;22703;RAC DODOG ORIG ALL DAY 5K;PRODUTOS PET;90807;07/07/2026;168746;90957;1;37;5;0;0;;;4
5;17403;DET PO BRILHANTE CUID TOT CT 800G;PERFUMARIA E LIMPEZA;90807;07/07/2026;168746;90957;20;2134;20;0;0;;;59
5;36263;DET PO APYCE MULT AZUL SH 800G;PERFUMARIA E LIMPEZA;90807;07/07/2026;168746;90957;25;194;25;0;0;;;76
5;1098;BALA DORI TUBO 70G RECH MORANGO;MERCEARIA;90807;07/07/2026;168746;90957;12;24;12;0;0;;;4
5;1659;WAFFER ISABELA 100G MORANGO;MERCEARIA;90807;07/07/2026;168746;90957;40;1800;80;0;0;;;107
5;2081;CAFE SOL 3C SH 40G TRAD;MERCEARIA;90807;07/07/2026;168746;90957;24;144;24;0;0;;;15
5;3089;MOSTARDA FUGINI BICO 180G;MERCEARIA;90807;07/07/2026;168746;90957;32;122;32;0;0;;;-21
5;20665;MASSA SEMOLA GERMANI 500G PARAF;MERCEARIA;90807;07/07/2026;168746;90957;20;79;20;0;0;;;7
5;847;REFRIG COCA COLA PET 600ML;BEBIDAS;90807;07/07/2026;168746;90957;12;3516;12;0;0;;;36
5;10144;SAB FARNESE 180G AVEIA ESFOL;PERFUMARIA E LIMPEZA;90807;07/07/2026;168746;90957;36;324;36;0;0;;;62
5;2361;FEIJAO VERMELHO ARBAZA 500G;MERCEARIA;90807;07/07/2026;168746;90957;12;1161;12;0;0;;;36
5;7948;SABON PALMOLIVE NATURALS 150G OLEO ARGAN;PERFUMARIA E LIMPEZA;90807;07/07/2026;168746;90957;72;72;72;0;0;;;3
5;310;VH TRADICAO TINTO 1 4L SC;BEBIDAS;90807;07/07/2026;168746;90957;6;312;12;0;0;;;21
5;1600;CONF AMEND DORI 70G CHOC;MERCEARIA;90807;07/07/2026;168746;90957;30;60;30;0;0;;;-11
5;35161;CERV SKOL BEATS GREEN LN 269ML MIX;BEBIDAS;90807;07/07/2026;168746;90957;24;696;24;0;0;;;16
5;790;REFRIG CHARRUA GUARANA PET 2L;BEBIDAS;90807;07/07/2026;168746;90957;8;-160;8;0;0;;;162
5;5509;DESOD AERO AXE 152ML 90G MARINE;PERFUMARIA E LIMPEZA;90807;07/07/2026;168746;90957;12;984;12;0;0;;;37
5;36681;CHANTILLY DAUS CLASSIC;MERCEARIA;90807;07/07/2026;168746;90957;12;24;12;0;0;;;-12
5;750;ACUCAR CRISTAL GASPARIN 5KG;MERCEARIA;90807;07/07/2026;168746;90957;6;972;132;0;0;;;-16
5;18986;GEL JAY LUC BR MOLHADO 240G N2 AZUL;PERFUMARIA E LIMPEZA;90807;07/07/2026;168746;90957;24;0;24;0;0;;;25
5;3635;SAL MOIDO CBS 1KG;MERCEARIA;90807;07/07/2026;168746;90957;10;2324;10;0;0;;;91
5;1094;BALA DORI GELATINA 60G AMORA;MERCEARIA;90807;07/07/2026;168746;90957;16;32;16;0;0;;;9
5;986;OLEO SOJA VITALIV PET 900ML;MERCEARIA;90807;07/07/2026;168746;90957;20;140;20;0;0;;;434
5;182;REFRE PO GLUP 15G GUARANA;BEBIDAS;90807;07/07/2026;168746;90957;60;37620;120;0;0;;;170
5;17158;DESINF APYCE 2L PINHO;PERFUMARIA E LIMPEZA;90807;07/07/2026;168746;90957;6;66;6;0;0;;;5
5;12290;AGUA SANIT IMPERIAL 2L;PERFUMARIA E LIMPEZA;90807;07/07/2026;168746;90957;6;54;6;0;0;;;0
5;17394;DET PO ASSIM 800G TRIPLA ACAO BI;PERFUMARIA E LIMPEZA;90807;07/07/2026;168746;90957;20;580;20;0;0;;;115
5;6614;KIT SH SEDA SH 300 COND 190ML CACHOS DEFINIDO;PERFUMARIA E LIMPEZA;90807;07/07/2026;168746;90957;15;465;15;0;0;;;63
5;17375;DET LIQ ULTRA 5L CLASS;PERFUMARIA E LIMPEZA;90807;07/07/2026;168746;90957;4;48;4;0;0;;;0
5;37021;FAROFA DINDA 200G TRAD;MERCEARIA;90807;07/07/2026;168746;90957;25;750;25;0;0;;;-8
5;1658;WAFFER ISABELA 100G CHOC SUICO;MERCEARIA;90807;07/07/2026;168746;90957;40;1640;80;0;0;;;93
5;762;REFRIG COCA COLA PET 200ML;BEBIDAS;90807;07/07/2026;168746;90957;12;1668;12;0;0;;;65
5;12237;ACUCAR REFINADO GASPARIN 1KG;MERCEARIA;90807;07/07/2026;168746;90957;10;1161;10;0;0;;;114
5;1691;MARSHMALLOWS FOFS 220G IOGURTE MORANGO;MERCEARIA;90807;07/07/2026;168746;90957;12;180;12;0;0;;;9
5;12323;ALCOOL SUPER VALE 46 1L LAVANDA;PERFUMARIA E LIMPEZA;90807;07/07/2026;168746;90957;12;612;12;0;0;;;10
5;17388;DET PO APYCE SH 4K AZUL;PERFUMARIA E LIMPEZA;90807;07/07/2026;168746;90957;5;19;5;0;0;;;4
5;2569;MOLHO TOM POMODORO SH 300G TRAD;MERCEARIA;90807;07/07/2026;168746;90957;24;12547;48;0;0;;;63
5;3539;FERM PO QUIMICO GOOD INSTANT SH 11G;MERCEARIA;90807;07/07/2026;168746;90957;50;100;50;0;0;;;82
5;35674;SAB IARA 300G;PERFUMARIA E LIMPEZA;90807;07/07/2026;168746;90957;28;0;28;0;0;;;40
5;178;CERV KAISER LT 473ML;BEBIDAS;90807;07/07/2026;168746;90957;12;-323;84;0;0;;;1043
5;12289;AGUA SANIT IMPERIAL 1L;PERFUMARIA E LIMPEZA;90807;07/07/2026;168746;90957;12;0;12;0;0;;;12
5;2329;FEIJAO PRETO CALDO OURO 500G;MERCEARIA;90807;07/07/2026;168746;90957;10;5455;10;0;0;;;53
5;803;KETCHUP ODERICH SH 1K;MERCEARIA;90807;07/07/2026;168746;90957;6;234;48;0;0;;;92
5;1270;BISC DOCE PARATI ROSCA 250G COCO;MERCEARIA;90807;07/07/2026;168746;90957;16;0;16;0;0;;;1
5;23021;SAB LIQ BELEZA AMAZONIA 370ML ERV DOCE;PERFUMARIA E LIMPEZA;90807;07/07/2026;168746;90957;12;12;12;0;0;;;11
5;2756;MAIONESE ODERICH TRADICIONAL 200G SH;MERCEARIA;90807;07/07/2026;168746;90957;24;2232;24;0;0;;;68
5;3080;FARINHA AVEIA YOKI 170G;MERCEARIA;90807;07/07/2026;168746;90957;12;0;12;0;0;;;7
5;3951;AGUA SANIT Q BOA 2L;PERFUMARIA E LIMPEZA;90807;07/07/2026;168746;90957;6;20;6;0;0;;;14
5;16936;CR TRAT HEDERA 960G LISS PERFEITO;PERFUMARIA E LIMPEZA;90807;07/07/2026;168746;90957;6;151;6;0;0;;;2
5;6893;LIMP MULTI UAU 500ML LIMAO C CANFORA;PERFUMARIA E LIMPEZA;90807;07/07/2026;168746;90957;24;143;24;0;0;;;15
5;8965;CARVAO CHAMA CAMPEIRA 3KG;NAO ALIMENTO;90807;07/07/2026;168746;90957;1;0;1;0;0;;;12
5;37437;AGUA SANITARIA SUPREMA 2 L;PERFUMARIA E LIMPEZA;90807;07/07/2026;168746;90957;6;2646;12;0;0;;;19
5;13104;BAT PALHA BIG MAIS TRAD 80G;PERECIVEIS;90807;07/07/2026;168746;90957;40;160;40;0;0;;;4
5;1968;BISAO LACTA 201 6G BRANCO;MERCEARIA;90807;07/07/2026;168746;90957;39;0;39;0;0;;;63
5;4217;AMAC YPE 2L ACONCHEGO;PERFUMARIA E LIMPEZA;90807;07/07/2026;168746;90957;6;1284;6;0;0;;;18
5;36813;ARROZ BCO BOM DE PANELA TP1 5KG;MERCEARIA;90807;07/07/2026;168746;90957;6;36;6;0;0;;;41
5;1585;BISC SALG ZEZE 200G MIGNON;MERCEARIA;90807;07/07/2026;168746;90957;24;1032;24;0;0;;;12
5;3512;FERM PO BIOL GOOD INSTANT SH 10G;MERCEARIA;90807;07/07/2026;168746;90957;30;6180;30;0;0;;;26
5;3790;VINAGRE VINHO KOLLER 500ML TINTO;MERCEARIA;90807;07/07/2026;168746;90957;12;12;12;0;0;;;1
5;5857;ESC DENTAL SORRISO MACIA;PERFUMARIA E LIMPEZA;90807;07/07/2026;168746;90957;12;420;12;0;0;;;10
5;2587;DOCE LEITE MU MU PT 350G;MERCEARIA;90807;07/07/2026;168746;90957;12;8258;12;0;0;;;190
5;1647;WAFER GIRASSOL 60G MORANGO;MERCEARIA;90807;07/07/2026;168746;90957;50;5050;50;0;0;;;50
5;964;OLEO LIZA GIRASSOL 900ML;MERCEARIA;90807;07/07/2026;168746;90957;20;20;20;0;0;;;9
5;2307;ATUM RALADO NAUTIQUE 170G EM OLEO;MERCEARIA;90807;07/07/2026;168746;90957;24;24;24;0;0;;;91
5;1013;BATATA PALHA YOKI TRAD 70G;MERCEARIA;90807;07/07/2026;168746;90957;24;24;24;0;0;;;92
5;2365;FEIJAO VRM CALDO OURO 500G;MERCEARIA;90807;07/07/2026;168746;90957;10;10;10;0;0;;;11
5;16844;CR DEN COLGATE T ACAO XTRA 120G WHITE;PERFUMARIA E LIMPEZA;90807;07/07/2026;168746;90957;72;168;72;0;0;;;46
5;3576;GELATINA APTI 20G MORANGO;MERCEARIA;90807;07/07/2026;168746;90957;36;180;36;0;0;;;62
5;3950;AGUA SANIT Q BOA 1L;PERFUMARIA E LIMPEZA;90807;07/07/2026;168746;90957;12;900;24;0;0;;;28
5;544;GATORADE 500ML MORAN MARACUJA;BEBIDAS;90807;07/07/2026;168746;90957;6;132;6;0;0;;;3
5;3094;MOSTARDA ODERICH 190G PICANTE;MERCEARIA;90807;07/07/2026;168746;90957;24;96;24;0;0;;;29
5;24994;TOAL UMED HUPPY L100P80;PERFUMARIA E LIMPEZA;90807;07/07/2026;168746;90957;12;3840;12;0;0;;;1
5;793;REFRIG COCA COLA E FANTA LARANJA 2L;BEBIDAS;90807;07/07/2026;168746;90957;2;6;2;0;0;;;6
5;279;VH QUINTA CARVALHO TINTO 750ML SV;BEBIDAS;90807;07/07/2026;168746;90957;12;5436;12;0;0;;;11
5;20664;MASSA SEMOLA GERMANI 1KG PARAF;MERCEARIA;90807;07/07/2026;168746;90957;10;0;10;0;0;;;5
5;12417;AMAC GOTA LIMPA 2L FASCINIO;PERFUMARIA E LIMPEZA;90807;07/07/2026;168746;90957;6;24;6;0;0;;;6
5;1648;WAFER GIRASSOL 60G CHOC;MERCEARIA;90807;07/07/2026;168746;90957;50;6900;100;0;0;;;166
5;1622;BISC SORT GERMANI 800G;MERCEARIA;90807;07/07/2026;168746;90957;10;30;10;0;0;;;19
5;825;REFRIG PEPSI PET 2L;BEBIDAS;90807;07/07/2026;168746;90957;8;1104;8;0;0;;;85
5;6130;FRALDA DESC LOOMPIG JUMBINHO G 14 UN;PERFUMARIA E LIMPEZA;90807;07/07/2026;168746;90957;8;8;8;0;0;;;0
5;17175;DESINF GOTA LIMPA 2L LAVANDA;PERFUMARIA E LIMPEZA;90807;07/07/2026;168746;90957;6;18;6;0;0;;;14
5;6618;KIT SH SEDA SH 300 COND 190ML LUMINIOUS UV;PERFUMARIA E LIMPEZA;90807;07/07/2026;168746;90957;15;690;15;0;0;;;49
5;20363;MAC INST NISSIN C 6 L P GAL CAIP;MERCEARIA;90807;07/07/2026;168746;90957;12;12;12;0;0;;;185
5;3642;SAL REFINADO CISNE 1KG;MERCEARIA;90807;07/07/2026;168746;90957;10;0;10;0;0;;;23
5;18740;FRALDA DESC FERINHA HIPER C 40 XXG;PERFUMARIA E LIMPEZA;90807;07/07/2026;168746;90957;6;2;6;0;0;;;0
5;21355;ODORIZ TECIDO AMAZON 500ML BABY;PERFUMARIA E LIMPEZA;90807;07/07/2026;168746;90957;12;0;12;0;0;;;12
5;5678;DET LIQ GOTA LIMPA 500ML CRISTAL;PERFUMARIA E LIMPEZA;90807;07/07/2026;168746;90957;24;4992;24;0;0;;;39
5;5070;COND SEDA 325ML LISO PERFEITO;PERFUMARIA E LIMPEZA;90807;07/07/2026;168746;90957;12;96;24;0;0;;;28
5;35698;DET LIQ BARBAREX 5L NEUTRO;PERFUMARIA E LIMPEZA;90807;07/07/2026;168746;90957;2;12;2;0;0;;;0
5;3998;ALIM CAO DOG CHOW100G SACHE TOD TAM FRANGO ADULTO;PRODUTOS PET;90807;07/07/2026;168746;90957;15;45;15;0;0;;;54
5;1151;BISC COOKIE PARATI 60G BAUNILHA;MERCEARIA;90807;07/07/2026;168746;90957;24;240;24;0;0;;;61
5;1527;BISC RECH ISABELA MOUSSE 130G CHOC M AMARGO;MERCEARIA;90807;07/07/2026;168746;90957;50;100;50;0;0;;;25
5;2378;DUETO FUGINI SH 170G ERVILHA MILHO;MERCEARIA;90807;07/07/2026;168746;90957;36;72;36;0;0;;;9
5;38554;RACAO TUG CARNE 7KG;PRODUTOS PET;90807;07/07/2026;168746;90957;1;216;1;0;0;;;6
5;4215;AMAC YPE 2L CARINHO;PERFUMARIA E LIMPEZA;90807;07/07/2026;168746;90957;6;25;6;0;0;;;3
5;20354;MAC INST NISSIN MONICA 85G CARNE;MERCEARIA;90807;07/07/2026;168746;90957;50;1250;50;0;0;;;23
5;827;REFRIG PEPSI TWIST PET 2L;BEBIDAS;90807;07/07/2026;168746;90957;8;1760;8;0;0;;;33
5;438;COQUETEL PATRICIA DO SUL VD 790ML;BEBIDAS;90807;07/07/2026;168746;90957;12;2028;36;0;0;;;24
5;4195;AMAC DOWNY 750ML INTENSO;PERFUMARIA E LIMPEZA;90807;07/07/2026;168746;90957;12;0;12;0;0;;;1
5;22915;REPARADOR PONTAS JAYLUC 30ML CERAMIDAS;PERFUMARIA E LIMPEZA;90807;07/07/2026;168746;90957;24;85;24;0;0;;;73
5;21679;PAPEL HIG MAXPEL PREMIUM FS 60M L12P11;PERFUMARIA E LIMPEZA;90807;07/07/2026;168746;90957;6;0;24;0;0;;;-9
5;2940;MASSA S OVOS NORDESTE 1KG ESPAGUETE;MERCEARIA;90807;07/07/2026;168746;90957;10;30;10;0;0;;;30
5;2161;ARROZ BCO ALEGRETE TP1 5KG;MERCEARIA;90807;07/07/2026;168746;90957;6;516;24;0;0;;;49
5;1660;WAFFER ISABELA 100G LIMAO;MERCEARIA;90807;07/07/2026;168746;90957;40;200;40;0;0;;;89
5;328;BEB ADES TP 200ML PESSEGO;BEBIDAS;90807;07/07/2026;168746;90957;6;6;6;0;0;;;12
5;687;ESP GARIBALDI PRIMICIAS GF 660ML ROSE;BEBIDAS;90807;07/07/2026;168746;90957;1;19;1;0;0;;;14
5;921;MOLHO TOM ODERICH PASSATA LT 850G;MERCEARIA;90807;07/07/2026;168746;90957;12;72;12;0;0;;;1
5;38562;KIT SH CD NEUTROX 300ML 200ML FORCA;PERFUMARIA E LIMPEZA;90807;07/07/2026;168746;90957;12;12;24;0;0;;;0
5;1969;BISAO LACTA 201 6G AO LEITE;MERCEARIA;90807;07/07/2026;168746;90957;39;39;39;0;0;;;31
5;1577;BISC SALG GERMANI SUZI CROCK 200G QJO;MERCEARIA;90807;07/07/2026;168746;90957;20;36;20;0;0;;;6
5;8254;SH MONANGE 325ML CACHOS QUE TAL;PERFUMARIA E LIMPEZA;90807;07/07/2026;168746;90957;12;24;12;0;0;;;23
5;2174;CAPSULA 3C 110G C 10 CAPPUCCIN CLASS;MERCEARIA;90807;07/07/2026;168746;90957;8;8;8;0;0;;;11
5;2140;ARROZ BCO SANO TP1 5KG;MERCEARIA;90807;07/07/2026;168746;90957;6;1106;12;0;0;;;34
5;796;REFRIG COCA COLA E FANTA GUARANA 2L;BEBIDAS;90807;07/07/2026;168746;90957;2;6;2;0;0;;;3
5;2139;CAFE SOL NESCAFE VD 160G TRADICAO FORTE;MERCEARIA;90807;07/07/2026;168746;90957;12;36;12;0;0;;;11
5;15180;CAFE SOL NESCAFE MATINAL SH L40P36G;MERCEARIA;90807;07/07/2026;168746;90957;24;48;24;0;0;;;5
5;36616;BOMBOM NESTLE ESPECIALIDADES 220G SORTIDOS;MERCEARIA;90807;07/07/2026;168746;90957;30;30;30;0;0;;;35
5;2745;FARINHA TRIGO MARIA INES 1KG;MERCEARIA;90807;07/07/2026;168746;90957;10;15010;50;0;0;;;31
5;21125;MOL TOM TRAD VAL SH 300G;MERCEARIA;90807;07/07/2026;168746;90957;36;17783;72;0;0;;;189
5;3322;BARRA CEREAL NATURALE 22G 7 GRAOS;MERCEARIA;90807;07/07/2026;168746;90957;160;0;160;0;0;;;152
5;18521;FILTRO P BOMBA CHIMARRAO C 2;NAO ALIMENTO;90839;07/07/2026;168762;90957;10;7480;10;0;0;;;391
5;19877;LAMP ELGIN BULBO LED T 30W6500K;NAO ALIMENTO;90839;07/07/2026;168762;90957;20;0;20;0;0;;;21
5;746;ACUCAR CRISTAL GASPARIN 1KG;MERCEARIA;90903;07/07/2026;168998;91331;10;4640;120;12;12;08/07/2026;BRAGA;27
5;17315;DESOD ROLLON REXONA 50ML V8;PERFUMARIA E LIMPEZA;90961;07/07/2026;169098;90863;12;456;36;4;3;07/07/2026;AUGUSTO;0
5;311;VH TRADICAO TINTO 1 4L SV;BEBIDAS;91001;07/07/2026;169197;91109;6;3501;30;5;0;;;203
5;310;VH TRADICAO TINTO 1 4L SC;BEBIDAS;91001;07/07/2026;169197;91109;6;312;30;5;0;;;21
5;3512;FERM PO BIOL GOOD INSTANT SH 10G;MERCEARIA;91001;07/07/2026;169197;91109;30;6180;30;1;0;;;26
5;280;CERV ITAIPAVA MALZBIER LN 330ML;BEBIDAS;91066;07/07/2026;169464;91092;12;1308;60;5;0;;;65
5;17393;DET PO ASSIM 800G MICELAR FLORAL;PERFUMARIA E LIMPEZA;91099;07/07/2026;169505;91331;20;2620;40;2;2;07/07/2026;GABRIELL2;56
5;747;ACUCAR CRISTAL GASPARIN 2KG;MERCEARIA;91099;07/07/2026;169505;91331;15;6103;75;5;5;08/07/2026;LUAN;463
5;17394;DET PO ASSIM 800G TRIPLA ACAO BI;PERFUMARIA E LIMPEZA;91099;07/07/2026;169505;91331;20;580;40;0;0;07/07/2026;GABRIELL2;115
5;2348;FEIJAO PRETO ARBAZA TP1 1KG;MERCEARIA;91099;07/07/2026;169505;91331;30;6362;60;2;2;08/07/2026;BRAGA;26
5;2909;ACHOC LIQ SHOWKINHO 200ML;MERCEARIA;91166;07/07/2026;169722;91272;27;10449;270;10;0;;;349
5;19176;GFA TERM TERMOLAR MAGIC PUMP 1L RSA BALE;NAO ALIMENTO;91237;07/07/2026;169744;;6;0;12;0;0;;;2
5;38827;GFA TERM TERMOLAR MAGIC PUMP VERDE 1L;NAO ALIMENTO;91237;07/07/2026;169744;;6;0;6;0;0;;;0
5;6262;GFA TERM TERMOLAR MAGIC PUMP 1L BCA;NAO ALIMENTO;91237;07/07/2026;169744;;6;210;6;0;0;;;6
5;6264;GFA TERM TERMOLAR MAGIC PUMP DEC 1L GAUCHO;NAO ALIMENTO;91237;07/07/2026;169744;;6;0;18;0;0;;;-3
5;1606;BISC SALG CLUB SOCIAL 6UN 144G ORIGINAL;MERCEARIA;91286;07/07/2026;169809;91385;44;3080;88;2;2;08/07/2026;JOCELAINE;64
5;1616;BISC SALG CLUB SOCIAL 288G ORIGINAL;MERCEARIA;91286;07/07/2026;169809;91385;20;120;60;3;3;08/07/2026;JOCELAINE;33
5;1497;BISC RECH TRAKINAS 126G CHOC;MERCEARIA;91286;07/07/2026;169809;91385;54;270;108;2;2;08/07/2026;JOCELAINE;102
6;6787;LEITE LV ELEGE 1L ZERO LAC SEMI DES;PERECIVEIS;90781;07/07/2026;168733;90656;12;238;12;1;0;;;-42
6;9756;LEITE TIROL INTEGRAL ZR LACTOSE 1L;PERECIVEIS;90781;07/07/2026;168733;90656;12;0;12;1;0;;;233
6;6792;LEITE UHT PET ELEGE 1L INTEGRAL;PERECIVEIS;90781;07/07/2026;168733;90656;6;4261;18;3;0;;;50
6;6781;LEITE LV EDGE ELEGE 1L INTEGRAL;PERECIVEIS;90781;07/07/2026;168733;90656;12;204;12;1;0;;;104
6;6782;LEITE UHT TIROL C TAMPA 1L DESN;PERECIVEIS;90781;07/07/2026;168733;90656;12;1421;12;1;0;;;48
6;6786;LEITE LV EDGE ELEGE 1L SEMI DESNATADO;PERECIVEIS;90781;07/07/2026;168733;90656;12;0;12;1;0;;;61
6;830;REFRIG SPRITE PET 2L;BEBIDAS;90809;07/07/2026;168747;90656;8;0;8;1;0;;;661
6;22344;PROT DIA DAILY CARTUCHO L120P100;PERFUMARIA E LIMPEZA;90809;07/07/2026;168747;90656;12;0;12;1;0;;;0
6;374;AGUARD VELHO BARREIRO 910ML LIMAO;BEBIDAS;90809;07/07/2026;168747;90656;6;12;6;1;0;08/07/2026;JESSICA;6
6;199;REFRE PO PROMIX 100G MARACUJA;BEBIDAS;90809;07/07/2026;168747;90656;18;0;18;1;0;08/07/2026;JESSICA;14
6;3363;CALDO APTI 19G CARNE;MERCEARIA;90809;07/07/2026;168747;90656;24;3984;24;1;0;;;36
6;874;MAIONESE ODERICH SH 1KG;MERCEARIA;90809;07/07/2026;168747;90656;6;2844;18;3;0;;;17
6;2484;KETCHUP ODERICH SH 200G;MERCEARIA;90809;07/07/2026;168747;90656;24;71;24;1;0;;;6
6;185;REFRE PO GLUP 15G MANGA;BEBIDAS;90809;07/07/2026;168747;90656;60;25740;60;1;0;08/07/2026;JESSICA;337
6;20009;LC HID MAIS 500ML COLAG U VIT E;PERFUMARIA E LIMPEZA;90809;07/07/2026;168747;90656;12;0;12;1;0;;;0
6;48;AGUA MIN FLORESTA PET 500ML C GAS;BEBIDAS;90809;07/07/2026;168747;90656;12;215;12;1;0;;;1948
6;904;REFRIG PEPSI LT 350ML;BEBIDAS;90809;07/07/2026;168747;90656;12;876;12;1;0;;;4
6;34831;MASC TRATAMENTO SEDA 300G LISO PERFEITO;PERFUMARIA E LIMPEZA;90809;07/07/2026;168747;90656;6;78;6;1;0;;;14
6;385;AGUARD 51 VD 965ML;BEBIDAS;90809;07/07/2026;168747;90656;12;278;12;1;0;08/07/2026;JESSICA;41
6;3539;FERM PO QUIMICO GOOD INSTANT SH 11G;MERCEARIA;90809;07/07/2026;168747;90656;50;100;300;6;0;;;24
6;5064;COND SEDA 325ML CACHOS DEFINIDO;PERFUMARIA E LIMPEZA;90809;07/07/2026;168747;90656;12;36;12;1;0;;;0
6;37897;KIT ELSEVE COLAG SH 375ML CD 170ML;PERFUMARIA E LIMPEZA;90809;07/07/2026;168747;90656;6;168;6;1;0;;;1
6;1886;PASTILHA TIC TAC 14 5G FRUTAS;MERCEARIA;90809;07/07/2026;168747;90656;14;28;14;1;0;;;10
6;5317;CR PENT SEDA 350ML BOOM DEFINICAO INTEN;PERFUMARIA E LIMPEZA;90809;07/07/2026;168747;90656;12;48;12;1;0;;;3
6;7356;PAPEL HIG DUETTO 4 UN DE 30M PERFUMADO;PERFUMARIA E LIMPEZA;90809;07/07/2026;168747;90656;16;0;16;0;0;07/07/2026;ELIAS;33
6;229;CERV AMSTEL ULTRA LN 275ML;BEBIDAS;90809;07/07/2026;168747;90656;12;2193;12;1;0;;;153
6;18741;FRALDA DESC FERINHA HIPER C 42 GG;PERFUMARIA E LIMPEZA;90809;07/07/2026;168747;90656;6;8;6;1;0;;;0
6;3589;BEBIDA PARMALAT WHEY 250ML CHOC;MERCEARIA;90809;07/07/2026;168747;90656;18;36;18;1;0;08/07/2026;JESSICA;12
6;640;WHISKY BLEND SEVEN 1L;BEBIDAS;90809;07/07/2026;168747;90656;1;54;1;1;0;;;5
6;38617;CD DOVE NUTRI TRIOLEOS 370ML;PERFUMARIA E LIMPEZA;90809;07/07/2026;168747;90656;1;9;1;1;0;;;0
6;17733;ESC CAB FLORENCE RETAN 600BT;PERFUMARIA E LIMPEZA;90809;07/07/2026;168747;90656;1;2;1;1;0;;;4
6;9145;COND SEDA GLYCOL VIT C 425ML;PERFUMARIA E LIMPEZA;90809;07/07/2026;168747;90656;12;21;12;1;0;;;0
6;18815;FRALDA PAMPERS SUPERSEQUINHA C 68 M;PERFUMARIA E LIMPEZA;90809;07/07/2026;168747;90656;4;100;4;1;0;;;6
6;648;WHISKY MASTER GOLD VD 900ML;BEBIDAS;90809;07/07/2026;168747;90656;1;85;2;2;0;;;0
6;38616;CD SEDA COLAGENO VIT INT 250ML;PERFUMARIA E LIMPEZA;90809;07/07/2026;168747;90656;1;1;1;1;0;;;0
6;22999;SAB FONTANA SENSUS 150G AMANHECER PERS;PERFUMARIA E LIMPEZA;90809;07/07/2026;168747;90656;72;0;72;1;0;;;10
6;52;AGUA MIN FLORESTA PET 5L S GAS;BEBIDAS;90809;07/07/2026;168747;90656;4;28;4;1;0;;;-9
6;2329;FEIJAO PRETO CALDO OURO 500G;MERCEARIA;90809;07/07/2026;168747;90656;10;5455;10;1;0;;;94
6;17290;DESOD ROLLON DOVE 50ML;PERFUMARIA E LIMPEZA;90809;07/07/2026;168747;90656;12;3;12;1;0;;;0
6;7010;LOCAO HIDRATANTE DENOMAX 470G COLAGENO VIT;PERFUMARIA E LIMPEZA;90809;07/07/2026;168747;90656;12;12;12;1;0;;;10
6;633;VODKA TAIGA PREMIUM VD 1L;BEBIDAS;90809;07/07/2026;168747;90656;1;3;1;1;0;;;10
6;5804;ESC DENTAL COLGATE CLASSIC LONG MC 8450;PERFUMARIA E LIMPEZA;90809;07/07/2026;168747;90656;12;444;12;1;0;;;12
6;5805;ESC DENTAL COLGATE CLASSIC LONG MD 8460;PERFUMARIA E LIMPEZA;90809;07/07/2026;168747;90656;12;168;12;1;0;;;0
6;13059;BANHEIRA ADOLETA INF 20L ROSA BEBE;PERFUMARIA E LIMPEZA;90809;07/07/2026;168747;90656;1;0;1;1;0;;;2
6;3431;SOPA GALINHA MAGGI 60G FIDELINI;MERCEARIA;90809;07/07/2026;168747;90656;10;59;10;1;0;;;11
6;19318;HID DI HELLEN 30G PEPINO;PERFUMARIA E LIMPEZA;90809;07/07/2026;168747;90656;12;0;12;1;0;;;10
6;834;REFRIG ANTARCTICA GUARANA PET 3L;BEBIDAS;90809;07/07/2026;168747;90656;4;409;24;6;0;;;-1
6;19194;GIZ CERA LEO LEO C 12 CORES BIG -4462;NAO ALIMENTO;90841;07/07/2026;168763;90958;1;0;1;0;0;07/07/2026;ELTON;0
6;21760;PASTA FRAMA GRAMPO TRILHO VERM;NAO ALIMENTO;90841;07/07/2026;168763;90958;1;0;1;1;0;07/07/2026;ELTON;14
6;13743;BORRACHA MERCUR CLEAN ROSA C 2;NAO ALIMENTO;90841;07/07/2026;168763;90958;1;1;1;0;0;07/07/2026;ELTON;44
6;18614;FOLHA EVA 40X60 YP7033 ROXO;NAO ALIMENTO;90841;07/07/2026;168763;90958;1;0;2;2;0;07/07/2026;ELTON;19
6;21932;PILHA ELGIN PALITO AAA C 4;NAO ALIMENTO;90841;07/07/2026;168763;90958;10;420;10;1;0;07/07/2026;ELTON;67
6;18606;FOLHA EVA 40X60 YP7025 MARROM;NAO ALIMENTO;90841;07/07/2026;168763;90958;1;0;1;1;0;07/07/2026;ELTON;20
6;18521;FILTRO P BOMBA CHIMARRAO C 2;NAO ALIMENTO;90841;07/07/2026;168763;90958;10;7480;60;6;0;07/07/2026;ELTON;438
6;431;ENERG BALY PET 2L FRUTA TROPICAIS;BEBIDAS;90905;07/07/2026;168999;91332;6;229;12;2;0;;;3
6;17315;DESOD ROLLON REXONA 50ML V8;PERFUMARIA E LIMPEZA;90961;07/07/2026;169095;90860;12;456;36;4;3;07/07/2026;AUGUSTO;0
6;310;VH TRADICAO TINTO 1 4L SC;BEBIDAS;91003;07/07/2026;169198;91110;6;312;30;5;0;;;68
6;3512;FERM PO BIOL GOOD INSTANT SH 10G;MERCEARIA;91003;07/07/2026;169198;91110;30;6180;30;1;0;;;-28
6;280;CERV ITAIPAVA MALZBIER LN 330ML;BEBIDAS;91068;07/07/2026;169465;91093;12;1308;60;5;0;;;9
6;4598;CERV ITAIPAVA MALZBIER LT 350ML;BEBIDAS;91068;07/07/2026;169465;91093;12;2606;60;5;0;;;11
6;2909;ACHOC LIQ SHOWKINHO 200ML;MERCEARIA;91168;07/07/2026;169723;91273;27;10449;810;30;0;;;1033
6;33510;GFA TERM TERMOLAR MAGIC PUMP 1L MARROM;NAO ALIMENTO;91239;07/07/2026;169745;;6;60;18;0;0;;;0
6;6266;GFA TERM TERMOLAR MAGIC PUMP 1L VRM AURORA;NAO ALIMENTO;91239;07/07/2026;169745;;6;246;24;0;0;;;0
6;19176;GFA TERM TERMOLAR MAGIC PUMP 1L RSA BALE;NAO ALIMENTO;91239;07/07/2026;169745;;6;0;24;0;0;;;0
6;6262;GFA TERM TERMOLAR MAGIC PUMP 1L BCA;NAO ALIMENTO;91239;07/07/2026;169745;;6;210;6;0;0;;;0
6;6264;GFA TERM TERMOLAR MAGIC PUMP DEC 1L GAUCHO;NAO ALIMENTO;91239;07/07/2026;169745;;6;0;24;0;0;;;-8
6;38827;GFA TERM TERMOLAR MAGIC PUMP VERDE 1L;NAO ALIMENTO;91239;07/07/2026;169745;;6;0;6;0;0;;;0
6;6265;GFA TERM TERMOLAR MAGIC PUMP 1L PTA;NAO ALIMENTO;91239;07/07/2026;169745;;6;348;18;0;0;;;0
7;6798;LEITE SANTA CLARA 1L SENIOR 50;PERECIVEIS;90783;07/07/2026;168734;91218;12;0;12;0;0;07/07/2026;ALEXSANDER;23
7;6781;LEITE LV EDGE ELEGE 1L INTEGRAL;PERECIVEIS;90783;07/07/2026;168734;91218;12;204;12;0;0;07/07/2026;ALEXSANDER;355
7;6782;LEITE UHT TIROL C TAMPA 1L DESN;PERECIVEIS;90783;07/07/2026;168734;91218;12;1421;12;1;1;07/07/2026;ALEXSANDER;36
7;9745;LEITE UHT SANTA CLARA DESN 1L;PERECIVEIS;90783;07/07/2026;168734;91218;12;156;12;0;0;07/07/2026;ALEXSANDER;88
7;6780;LEITE NINHO UHT TP LEVINHO 1L SEMI DESNATADO;PERECIVEIS;90783;07/07/2026;168734;91218;12;48;12;0;0;07/07/2026;ALEXSANDER;0
7;6787;LEITE LV ELEGE 1L ZERO LAC SEMI DES;PERECIVEIS;90783;07/07/2026;168734;91218;12;238;12;0;0;07/07/2026;ALEXSANDER;-10
7;11671;PASSAS UVA UNIAGRO PTA KG;PERECIVEIS;90783;07/07/2026;168734;91218;10;202;10;0;0;07/07/2026;GABRIELL2;1
7;9756;LEITE TIROL INTEGRAL ZR LACTOSE 1L;PERECIVEIS;90783;07/07/2026;168734;91218;12;0;12;1;1;07/07/2026;ALEXSANDER;116
7;10855;CASTANHA CAJU UNIAGRO TORR SALG KG;PERECIVEIS;90783;07/07/2026;168734;91218;1;71,74;6;0;0;07/07/2026;GABRIELL2;11,708
7;1579;BISC SALG GERMANI 200G MIGNON;MERCEARIA;90811;07/07/2026;168748;90959;20;80;20;1;0;;;4
7;438;COQUETEL PATRICIA DO SUL VD 790ML;BEBIDAS;90811;07/07/2026;168748;90959;12;2028;12;1;0;;;18
7;9297;DET LIQ GOTA LIMPA 1L MACA;PERFUMARIA E LIMPEZA;90811;07/07/2026;168748;90959;12;156;12;1;0;;;-15
7;17157;DESINF APYCE 2L LAVANDA;PERFUMARIA E LIMPEZA;90811;07/07/2026;168748;90959;6;480;12;2;0;;;14
7;2453;PEPINO CONS ODERICH VD 300G CASEIRO;MERCEARIA;90811;07/07/2026;168748;90959;15;15;15;1;0;;;11
7;2723;LEITE PO CCGL INTEGRAL SH 400G;MERCEARIA;90811;07/07/2026;168748;90959;25;225;25;1;0;;;27
7;2927;MOLHO PIMENTA KITANO 150ML;MERCEARIA;90811;07/07/2026;168748;90959;12;0;12;1;0;;;10
7;3092;MOSTARDA ODERICH TRADICIONAL 190G BISNAGA;MERCEARIA;90811;07/07/2026;168748;90959;24;119;24;1;0;;;22
7;12308;ALCOOL ARAUCARIA 46 1L;PERFUMARIA E LIMPEZA;90811;07/07/2026;168748;90959;12;2799;12;1;0;;;23
7;13525;BLOQ ODORES 60ML ESPECIARIAS;PERFUMARIA E LIMPEZA;90811;07/07/2026;168748;90959;12;12;12;1;0;;;-3
7;790;REFRIG CHARRUA GUARANA PET 2L;BEBIDAS;90811;07/07/2026;168748;90959;8;-160;8;1;0;;;42
7;904;REFRIG PEPSI LT 350ML;BEBIDAS;90811;07/07/2026;168748;90959;12;876;12;1;0;;;25
7;3704;MIST P BOLO APTI 400G CHOC;MERCEARIA;90811;07/07/2026;168748;90959;12;486;60;5;0;;;72
7;3800;EMUSTAB SELECTA 200G;MERCEARIA;90811;07/07/2026;168748;90959;12;36;12;1;0;;;10
7;23117;SAB PALMOLIVE NATURALS 85G JASMIM;PERFUMARIA E LIMPEZA;90811;07/07/2026;168748;90959;108;2376;108;1;0;;;63
7;17699;ERVA MATE VERDINHA 1K;MERCEARIA;90811;07/07/2026;168748;90959;20;0;20;1;0;;;0
7;3853;ENERG ELEV LT 473ML MOR MELANCIA;BEBIDAS;90811;07/07/2026;168748;90959;6;12;6;1;0;;;2
7;1654;WAFER PARATI MINUETO 81G CHOC AVELA;MERCEARIA;90811;07/07/2026;168748;90959;36;468;72;2;0;;;44
7;23370;SALG KRUKS 35G BACON;MERCEARIA;90811;07/07/2026;168748;90959;10;358;10;1;0;;;11
7;1537;COBER COBERTOP 1 01KG CONF AO LEITE;MERCEARIA;90811;07/07/2026;168748;90959;10;50;10;1;0;;;6
7;1678;CONFEITO BIBS CHOC BCO 40G;MERCEARIA;90811;07/07/2026;168748;90959;72;0;72;1;0;;;14
7;1689;MARSHMALLOWS FOFS 220G BRUXOLITO PINTA;MERCEARIA;90811;07/07/2026;168748;90959;12;12;12;1;0;;;2
7;20611;MASSA SEMOLA GERMANI 1KG ESPAG;MERCEARIA;90811;07/07/2026;168748;90959;10;44;10;1;0;;;19
7;9594;GIRASSOL CBS 250G;PRODUTOS PET;90811;07/07/2026;168748;90959;12;12;12;1;0;;;24
7;22703;RAC DODOG ORIG ALL DAY 5K;PRODUTOS PET;90811;07/07/2026;168748;90959;1;37;3;3;0;;;3
7;13402;BISC DOCE NESTLE CHOCO TRIO 90G LEITE;MERCEARIA;90811;07/07/2026;168748;90959;12;528;12;1;0;;;5
7;3287;SALG KEVYTOS SHOW 38G PRESUNTO;MERCEARIA;90811;07/07/2026;168748;90959;20;400;60;3;0;;;96
7;3229;SALG BATATA PRINGLES 105G CHEDDAR BACON;MERCEARIA;90811;07/07/2026;168748;90959;18;360;36;2;0;;;2
7;3446;CHOC GRAN DORI 500G ORIGINAL;MERCEARIA;90811;07/07/2026;168748;90959;16;16;16;1;0;;;-1
7;1262;CHOC LACTA RECH 98G OURO BRANCO;MERCEARIA;90811;07/07/2026;168748;90959;17;17;17;1;0;;;19
7;7355;PAPEL HIG DUETTO 4 UN DE 30M NEUTRO;PERFUMARIA E LIMPEZA;90811;07/07/2026;168748;90959;16;0;64;4;0;;;8
7;38554;RACAO TUG CARNE 7KG;PRODUTOS PET;90811;07/07/2026;168748;90959;1;216;1;1;0;;;0
7;37776;DET PO OMO LAVAG PERF 700G;PERFUMARIA E LIMPEZA;90811;07/07/2026;168748;90959;20;1039;20;1;0;;;9
7;33287;AMAC APYCE 5L JASMIM RSA;PERFUMARIA E LIMPEZA;90811;07/07/2026;168748;90959;2;10;4;2;0;;;0
7;1014;TEMP COMPLETO ODERICH 1KG S PIMENTA;MERCEARIA;90811;07/07/2026;168748;90959;12;0;12;1;0;;;4
7;2478;DOCE DIFRUTTI 400G PESSEGO;MERCEARIA;90811;07/07/2026;168748;90959;12;12;12;1;0;;;8
7;2503;MARROM GLACE VAL 300G;MERCEARIA;90811;07/07/2026;168748;90959;24;24;24;1;0;;;18
7;2958;ACHOC PO NESCAU SH 730G ACTIV GO;MERCEARIA;90811;07/07/2026;168748;90959;12;12;12;1;0;;;8
7;3094;MOSTARDA ODERICH 190G PICANTE;MERCEARIA;90811;07/07/2026;168748;90959;24;96;24;1;0;;;16
7;52;AGUA MIN FLORESTA PET 5L S GAS;BEBIDAS;90811;07/07/2026;168748;90959;4;28;4;1;0;;;-8
7;8721;VELA SANDERO N1 BRANCA 8UN 80G;PERFUMARIA E LIMPEZA;90811;07/07/2026;168748;90959;24;1992;24;1;0;;;1
7;639;SUCO DEL VALLE LT 290ML UVA;BEBIDAS;90811;07/07/2026;168748;90959;6;0;6;1;0;;;7
7;702;SUCO NECTAR CBS TP 200ML MORANGO;BEBIDAS;90811;07/07/2026;168748;90959;24;24;24;1;0;;;0
7;648;WHISKY MASTER GOLD VD 900ML;BEBIDAS;90811;07/07/2026;168748;90959;1;85;1;1;0;;;3
7;1486;BISC RECH PASSATEMPO 130G CHOC;MERCEARIA;90811;07/07/2026;168748;90959;70;210;70;1;0;;;7
7;764;REFRIG COCA COLA PET 200ML ZERO;BEBIDAS;90811;07/07/2026;168748;90959;12;3673;24;2;0;;;4
7;1466;BISC RECH NESTLE NEGRESCO 90G CHOC;MERCEARIA;90811;07/07/2026;168748;90959;66;5544;66;1;0;;;79
7;1317;BISC PAO MEL DOMELLY MINI PANE 300G;MERCEARIA;90811;07/07/2026;168748;90959;20;120;20;1;0;;;11
7;1711;PIPOCA DOCE KEVYTOS 13G;MERCEARIA;90811;07/07/2026;168748;90959;50;4650;50;1;0;;;60
7;3282;SALG ALFITOS 35G PIZZA;MERCEARIA;90811;07/07/2026;168748;90959;30;420;60;2;0;;;-19
7;34825;VINAGRE ALCOOL KOLLER 750ML AROMAT LIMAO;MERCEARIA;90811;07/07/2026;168748;90959;12;60;12;1;0;;;9
7;22698;RAC DOCATS 1K;PRODUTOS PET;90811;07/07/2026;168748;90959;10;950;10;1;0;;;0
7;8428;SH350 COND PANTENE 175ML RESTAURACAO;PERFUMARIA E LIMPEZA;90811;07/07/2026;168748;90959;6;180;6;1;0;;;6
7;17375;DET LIQ ULTRA 5L CLASS;PERFUMARIA E LIMPEZA;90811;07/07/2026;168748;90959;4;48;4;1;0;;;0
7;336;CHA ICE TEA LEAO PET 1 5L LIMAO;BEBIDAS;90811;07/07/2026;168748;90959;6;0;6;1;0;;;18
7;921;MOLHO TOM ODERICH PASSATA LT 850G;MERCEARIA;90811;07/07/2026;168748;90959;12;72;12;1;0;;;10
7;37437;AGUA SANITARIA SUPREMA 2 L;PERFUMARIA E LIMPEZA;90811;07/07/2026;168748;90959;6;2646;6;1;0;;;39
7;2954;ACHOC PO TODDY SH 700G;MERCEARIA;90811;07/07/2026;168748;90959;12;24;12;1;0;;;14
7;6689;LAVA ROUPA ARIEL 700ML CLASSIC REF;PERFUMARIA E LIMPEZA;90811;07/07/2026;168748;90959;10;83;10;10;0;;;0
7;33458;AMACIANTE APYCE 2L TRAD AZ;PERFUMARIA E LIMPEZA;90811;07/07/2026;168748;90959;6;354;12;2;0;;;35
7;812;REFRIG FANTA UVA PET 2L;BEBIDAS;90811;07/07/2026;168748;90959;8;0;8;1;0;;;18
7;656;SUCO DEL VALLE FRUT TP 1L UVA;BEBIDAS;90811;07/07/2026;168748;90959;6;12;6;1;0;;;10
7;3810;POLVILHO AZEDO JUREIA 500G;MERCEARIA;90811;07/07/2026;168748;90959;12;0;12;1;0;;;9
7;20024;LEITE COND PIRACANJUBA 395G SEMIDESNAT;MERCEARIA;90811;07/07/2026;168748;90959;27;2970;27;1;0;;;133
7;34581;GRAO DE BICO SALSARETTI 170G LT;MERCEARIA;90811;07/07/2026;168748;90959;24;816;48;2;0;;;16
7;910;REFRIG SUKITA LT 350 ML;BEBIDAS;90811;07/07/2026;168748;90959;12;71;12;1;0;;;12
7;767;REFRIG FRUKI COLA PET 200ML COLA;BEBIDAS;90811;07/07/2026;168748;90959;12;0;12;1;0;;;-9
7;1468;BISC RECH NESTLE NEGRESCO 90G BAUNILHA;MERCEARIA;90811;07/07/2026;168748;90959;66;66;66;1;0;;;62
7;1025;BISC AGUA E SAL PARATI 740G;MERCEARIA;90811;07/07/2026;168748;90959;12;2198;12;1;0;;;5
7;1966;BIS LACTA 100 8G BLACK;MERCEARIA;90811;07/07/2026;168748;90959;65;65;65;1;0;;;81
7;1602;CONFEITO BIBS AMEND 40G;MERCEARIA;90811;07/07/2026;168748;90959;72;112;72;1;0;;;22
7;20665;MASSA SEMOLA GERMANI 500G PARAF;MERCEARIA;90811;07/07/2026;168748;90959;20;79;20;1;0;;;9
7;2875;MASSA C OVOS GERMANI 500G CONCHINHA;MERCEARIA;90811;07/07/2026;168748;90959;20;80;20;1;0;;;9
7;20363;MAC INST NISSIN C 6 L P GAL CAIP;MERCEARIA;90811;07/07/2026;168748;90959;12;12;12;1;0;;;172
7;2568;MOLHO TOM CAJAMAR SH 300G TRAD;MERCEARIA;90811;07/07/2026;168748;90959;32;288;32;1;0;;;-7
7;2140;ARROZ BCO SANO TP1 5KG;MERCEARIA;90811;07/07/2026;168748;90959;6;1106;6;1;0;;;3
7;2150;ARROZ BCO REQUINTE TP1 5KG;MERCEARIA;90811;07/07/2026;168748;90959;6;2180;12;2;0;;;40
7;36813;ARROZ BCO BOM DE PANELA TP1 5KG;MERCEARIA;90811;07/07/2026;168748;90959;6;36;6;1;0;;;45
7;2365;FEIJAO VRM CALDO OURO 500G;MERCEARIA;90811;07/07/2026;168748;90959;10;10;10;1;0;;;33
7;33720;COQUETEL CHICOTE PET 500ML LIMAO;BEBIDAS;90811;07/07/2026;168748;90959;12;0;12;1;0;;;3
7;528;ICE DRINK PET 275ML LIMAO;BEBIDAS;90811;07/07/2026;168748;90959;12;0;12;1;0;;;9
7;3153;SALG KEVYTOS 80G BACONYTOS;MERCEARIA;90811;07/07/2026;168748;90959;10;340;20;2;0;;;0
7;1192;BISC DOCE GIRASSOL ROSCA 250G COCO;MERCEARIA;90811;07/07/2026;168748;90959;22;1122;66;3;0;;;-12
7;1474;BISC RECH NESTLE BONO 90G CHOC;MERCEARIA;90811;07/07/2026;168748;90959;66;0;66;1;0;;;7
7;1561;BISC SALG TUCS 100G QUEIJO;MERCEARIA;90811;07/07/2026;168748;90959;30;1470;30;1;0;;;5
7;1193;BISC DOCE GIRASSOL ROSCA 250G BRIGADEIRO;MERCEARIA;90811;07/07/2026;168748;90959;22;990;44;2;0;;;0
7;1616;BISC SALG CLUB SOCIAL 288G ORIGINAL;MERCEARIA;90811;07/07/2026;168748;90959;20;120;40;2;0;;;4
7;1594;BISC SALG CLUB SOCIAL 6UN 141G PRESUNTO;MERCEARIA;90811;07/07/2026;168748;90959;44;88;44;1;0;;;19
7;20356;MAC INST NISSIN MONICA 85G TOMATE;MERCEARIA;90811;07/07/2026;168748;90959;50;850;50;1;0;;;14
7;20635;MAS MACARRAO BOM GOSTO SEMOLA 400G;MERCEARIA;90811;07/07/2026;168748;90959;20;159;20;1;0;;;7
7;17177;DESINF GOTA LIMPA 2L PINHO;PERFUMARIA E LIMPEZA;90811;07/07/2026;168748;90959;6;30;6;1;0;;;-7
7;17175;DESINF GOTA LIMPA 2L LAVANDA;PERFUMARIA E LIMPEZA;90811;07/07/2026;168748;90959;6;18;6;1;0;;;11
7;17349;DET LIQ GOTA LIMPA 1L NATURAL;PERFUMARIA E LIMPEZA;90811;07/07/2026;168748;90959;12;782;12;1;0;;;12
7;2160;CHA PRENDA 20G MACA E CANELA;MERCEARIA;90811;07/07/2026;168748;90959;20;39;20;1;0;;;31
7;2374;DUETO ODERICH ERVIL CENOURA LT 200G;MERCEARIA;90811;07/07/2026;168748;90959;24;72;24;1;0;;;64
7;2458;PEPINO CONS ODERICH VD 300G AGRIDOCE;MERCEARIA;90811;07/07/2026;168748;90959;15;19;15;1;0;;;7
7;2482;DOCE DIFRUTTI 400G MORANGO;MERCEARIA;90811;07/07/2026;168748;90959;12;149;24;2;0;;;-2
7;2957;MOLHO PIMENTA KNORR CICA 150ML;MERCEARIA;90811;07/07/2026;168748;90959;24;48;24;1;0;;;12
7;5671;DETERG GIRANDO SOL 500ML COCO;PERFUMARIA E LIMPEZA;90811;07/07/2026;168748;90959;24;48;24;1;0;;;-18
7;48;AGUA MIN FLORESTA PET 500ML C GAS;BEBIDAS;90811;07/07/2026;168748;90959;12;215;12;1;0;;;190
7;889;REFRIG COCA COLA LT 350ML;BEBIDAS;90811;07/07/2026;168748;90959;12;48;12;1;0;;;127
7;830;REFRIG SPRITE PET 2L;BEBIDAS;90811;07/07/2026;168748;90959;8;0;8;1;0;;;27
7;17414;DET PO GOTA LIMPA 4KG HARMONIA;PERFUMARIA E LIMPEZA;90811;07/07/2026;168748;90959;5;5;5;1;0;;;0
7;34434;DET PO TIXAN CONC 1 6KG PRIMAVERA;PERFUMARIA E LIMPEZA;90811;07/07/2026;168748;90959;9;9;9;1;0;;;0
7;7817;SABAO PO BRILHANTE 800G CX LIMPEZA TOTAL;PERFUMARIA E LIMPEZA;90811;07/07/2026;168748;90959;20;5822;100;5;0;;;118
7;2087;CHA PRENDA 18G PRETO;MERCEARIA;90811;07/07/2026;168748;90959;20;1627;20;1;0;;;80
7;2447;PEPINO CONSERVA ODERICH VD 300G TRAD;MERCEARIA;90811;07/07/2026;168748;90959;15;15;15;1;0;;;1
7;3022;CEREAL MAT NESTLE SH 120G MOCA FLAKES;MERCEARIA;90811;07/07/2026;168748;90959;20;168;20;1;0;;;14
7;12416;AMAC GOTA LIMPA 2L DELICATA;PERFUMARIA E LIMPEZA;90811;07/07/2026;168748;90959;6;990;18;3;0;;;4
7;3969;ALCOOL GEL SUPER VALE 450G;PERFUMARIA E LIMPEZA;90811;07/07/2026;168748;90959;12;780;12;1;0;;;18
7;825;REFRIG PEPSI PET 2L;BEBIDAS;90811;07/07/2026;168748;90959;8;1104;16;2;0;;;3
7;12173;ABS GERIAMAX POS PARTO OPERAT C 20;PERFUMARIA E LIMPEZA;90811;07/07/2026;168748;90959;6;120;6;1;0;;;4
7;2118;ARROZ BCO SABOROSO T1 2K;MERCEARIA;90811;07/07/2026;168748;90959;15;150;15;1;0;;;8
7;25463;VODKA SPRITE ABSOLUT LT 269ML;BEBIDAS;90811;07/07/2026;168748;90959;6;6;6;1;0;;;0
7;189;REFRE PO GLUP 15G MORANGO;BEBIDAS;90811;07/07/2026;168748;90959;60;41760;60;1;0;;;126
7;13277;BISC AGUA SAL ORQUIDEA 665GR;MERCEARIA;90811;07/07/2026;168748;90959;12;876;12;1;0;;;16
7;1658;WAFFER ISABELA 100G CHOC SUICO;MERCEARIA;90811;07/07/2026;168748;90959;40;1640;80;2;0;;;14
7;3181;SALG KEVYTOS SHOW 38G BACON;MERCEARIA;90811;07/07/2026;168748;90959;20;220;60;3;0;;;91
7;1305;BISC DOCE DOMELLY PAO DE MEL 250G CHOC;MERCEARIA;90811;07/07/2026;168748;90959;20;260;20;1;0;;;12
7;1422;BISC MARIA GERMANI 345G;MERCEARIA;90811;07/07/2026;168748;90959;20;1620;40;2;0;;;32
7;13458;BISC RECH PARATI Z CARTOON 85G MOR;MERCEARIA;90811;07/07/2026;168748;90959;40;280;80;2;0;;;5
7;1229;BISC ROSQ GERMANI COCO 350G;MERCEARIA;90811;07/07/2026;168748;90959;20;179;20;1;0;;;7
7;1288;CHOC BARRA NESTLE 80G CLASSIC DUO;MERCEARIA;90811;07/07/2026;168748;90959;16;705;64;4;0;;;35
7;1964;BIS LACTA 100 8G LIMAO;MERCEARIA;90811;07/07/2026;168748;90959;65;65;65;1;0;;;65
7;2866;MASSA C OVOS ORQUIDEA 500G PENNE;MERCEARIA;90811;07/07/2026;168748;90959;20;0;20;1;0;;;27
7;31452;MAC INST NISSIN 85G COSTELA;MERCEARIA;90811;07/07/2026;168748;90959;50;499;50;1;0;;;30
7;3752;TEMP MAGGI 120G GRIL;MERCEARIA;90811;07/07/2026;168748;90959;30;0;30;1;0;;;3
7;3440;SOPAO APTI 180G CARNE MACARRAO LEGUM;MERCEARIA;90811;07/07/2026;168748;90959;12;36;12;1;0;;;10
7;22710;RAC DOPREMIUM FILHOTES 10 1K;PRODUTOS PET;90811;07/07/2026;168748;90959;1;3;2;2;0;;;0
7;4039;ALIM GATO BIFFE CAT 1KG ESPECIAL;PRODUTOS PET;90811;07/07/2026;168748;90959;8;566;8;1;0;;;12
7;4258;AP PROBAK II LV7 PG5;PERFUMARIA E LIMPEZA;90811;07/07/2026;168748;90959;1;14;2;2;0;;;44
7;20010;LC HID MAIS 500ML PERFUME BEBE;PERFUMARIA E LIMPEZA;90811;07/07/2026;168748;90959;12;0;12;1;0;;;0
7;7832;SABAO PO GIRANDO SOL 800G HIPOALERGENICO;PERFUMARIA E LIMPEZA;90811;07/07/2026;168748;90959;25;423;25;1;0;;;64
7;17393;DET PO ASSIM 800G MICELAR FLORAL;PERFUMARIA E LIMPEZA;90811;07/07/2026;168748;90959;20;2620;40;2;0;;;28
7;17394;DET PO ASSIM 800G TRIPLA ACAO BI;PERFUMARIA E LIMPEZA;90811;07/07/2026;168748;90959;20;580;60;3;0;;;85
7;37429;AGUA SANITARIA SUPREMA 5 L;PERFUMARIA E LIMPEZA;90811;07/07/2026;168748;90959;3;48;3;1;0;;;4
7;3951;AGUA SANIT Q BOA 2L;PERFUMARIA E LIMPEZA;90811;07/07/2026;168748;90959;6;20;6;1;0;;;22
7;2081;CAFE SOL 3C SH 40G TRAD;MERCEARIA;90811;07/07/2026;168748;90959;24;144;24;1;0;;;-29
7;2477;KETCHUP FUGINI SH C BICO 180G PICANTE;MERCEARIA;90811;07/07/2026;168748;90959;32;192;64;2;0;;;3
7;2498;DOCE SORO DE LEITE DA SERRA PT 400G;MERCEARIA;90811;07/07/2026;168748;90959;12;0;12;1;0;;;2
7;2950;ACHOC PO 3C SH 560G CHOCOLATTO;MERCEARIA;90811;07/07/2026;168748;90959;12;900;24;2;0;;;20
7;33255;REFRIG CHARRUA PET 3L GUARANA;BEBIDAS;90811;07/07/2026;168748;90959;6;25;6;1;0;;;66
7;35716;AZEITONA VERDE UNIAGRO 80G S CAROCO;MERCEARIA;90811;07/07/2026;168748;90959;24;1258;48;2;0;;;1
7;36166;MOLHO TOM SALSARETTI VD 500G CLASSICO;MERCEARIA;90811;07/07/2026;168748;90959;24;240;48;2;0;;;0
7;38273;MOLHO INGLES SABOR CASEIRO 1 01K;MERCEARIA;90811;07/07/2026;168748;90959;6;126;6;1;0;;;6
7;796;REFRIG COCA COLA E FANTA GUARANA 2L;BEBIDAS;90811;07/07/2026;168748;90959;2;6;2;1;0;;;0
7;12328;ALG ROLO COTTONBABY 25G;PERFUMARIA E LIMPEZA;90811;07/07/2026;168748;90959;80;0;80;1;0;;;73
7;8001;SABONETE SENADOR 130G;PERFUMARIA E LIMPEZA;90811;07/07/2026;168748;90959;72;0;72;1;0;;;64
7;746;ACUCAR CRISTAL GASPARIN 1KG;MERCEARIA;90811;07/07/2026;168748;90959;10;4640;160;16;0;;;19
7;3635;SAL MOIDO CBS 1KG;MERCEARIA;90811;07/07/2026;168748;90959;10;2324;10;1;0;;;18
7;740;REFRIG COCA COLA PET 1 5L;BEBIDAS;90811;07/07/2026;168748;90959;8;8;8;1;0;;;18
7;437;ENERG BALY PET 2L TRADICIONAL;BEBIDAS;90811;07/07/2026;168748;90959;6;576;12;2;0;;;18
7;985;MOSTARDA ODERICH SH 1KG;MERCEARIA;90811;07/07/2026;168748;90959;6;6;6;1;0;;;61
7;2501;KETCHUP ELEFANTE SQ 350G TRAD;MERCEARIA;90811;07/07/2026;168748;90959;24;0;24;1;0;;;25
7;2606;MOLHO TOM ODERICH SH 1 010G TRAD;MERCEARIA;90811;07/07/2026;168748;90959;12;2794;24;2;0;;;-12
7;2609;MOLHO TOM ODERICH PIZZA SH 1 010KG;MERCEARIA;90811;07/07/2026;168748;90959;12;180;12;1;0;;;7
7;8806;AGUA SANIT GIRANDO SOL 2L;PERFUMARIA E LIMPEZA;90811;07/07/2026;168748;90959;6;924;6;1;0;;;0
7;17158;DESINF APYCE 2L PINHO;PERFUMARIA E LIMPEZA;90811;07/07/2026;168748;90959;6;66;12;2;0;;;15
7;9296;DET LIQ GOTA LIMPA 1L LIMAO;PERFUMARIA E LIMPEZA;90811;07/07/2026;168748;90959;12;2640;12;1;0;;;18
7;36721;DET LIQ AQUAFAST LAV RAP FRESH 1 5L;PERFUMARIA E LIMPEZA;90811;07/07/2026;168748;90959;9;90;9;1;0;;;8
7;815;REFRIG FRUKI PET 2L GUARANA GUARANA;BEBIDAS;90811;07/07/2026;168748;90959;6;78;18;3;0;;;5
7;53;AGUA MIN SARANDI 5L S GAS;BEBIDAS;90811;07/07/2026;168748;90959;4;0;4;1;0;;;9
7;78;AGUA SABORIZ H2OH PET 500ML LIMAO;BEBIDAS;90811;07/07/2026;168748;90959;12;-24;12;1;0;;;0
7;3314;BARRA CEREAL NATURALE 22G BANANA;MERCEARIA;90811;07/07/2026;168748;90959;160;160;160;1;0;;;83
7;3322;BARRA CEREAL NATURALE 22G 7 GRAOS;MERCEARIA;90811;07/07/2026;168748;90959;160;0;160;1;0;;;27
7;3828;SAGU CORSETTI 400G;MERCEARIA;90811;07/07/2026;168748;90959;12;0;12;1;0;;;21
7;38351;CAFE SOLUVEL 3C TRAD 40G GTS 10PCTO;MERCEARIA;90811;07/07/2026;168748;90959;24;3336;24;1;0;;;-15
7;21119;MOLHO TOM TARANTELLA TRAD 1 7KG;MERCEARIA;90811;07/07/2026;168748;90959;6;6;6;1;0;;;-3
7;21125;MOL TOM TRAD VAL SH 300G;MERCEARIA;90811;07/07/2026;168748;90959;36;17783;72;2;0;;;250
7;2717;FARINHA TRIGO FIDALGA 1KG;MERCEARIA;90811;07/07/2026;168748;90959;10;-10;10;1;0;;;5
7;2672;FARINHA MANDIOCA CBS 500G;MERCEARIA;90811;07/07/2026;168748;90959;12;24;12;1;0;;;2
7;867;REFRIG COCA COLA ZERO LT 310ML C6;BEBIDAS;90811;07/07/2026;168748;90959;6;30;6;1;0;;;22
7;33784;VODKA NINNOFF VD 900ML ORIGINAL;BEBIDAS;90811;07/07/2026;168748;90959;6;180;6;1;0;;;8
7;1434;BISC MARIA PARATI 740G;MERCEARIA;90811;07/07/2026;168748;90959;12;142;12;1;0;;;-4
7;3294;SALG ALFITOS 35G QUEIJO;MERCEARIA;90811;07/07/2026;168748;90959;30;415;30;1;0;;;6
7;1436;BISC RECH GLUB 100G CHOCOLATE;MERCEARIA;90811;07/07/2026;168748;90959;30;30;30;1;0;;;19
7;1657;WAFFER ISABELA 100G DOCE DE LEITE;MERCEARIA;90811;07/07/2026;168748;90959;40;560;80;2;0;;;-3
7;1618;BISC SORT DOMELLY 280G;MERCEARIA;90811;07/07/2026;168748;90959;20;5479;40;2;0;;;-25
7;1681;CONFEITO BIBS PTO BCO 40G;MERCEARIA;90811;07/07/2026;168748;90959;72;216;72;1;0;;;6
7;1962;BIS LACTA 100 8G BRANCO;MERCEARIA;90811;07/07/2026;168748;90959;65;1235;65;1;0;;;124
7;5308;CR PENT SEDA 300ML LISO PERFEITO;PERFUMARIA E LIMPEZA;90811;07/07/2026;168748;90959;12;276;12;1;0;;;7
7;222;VH COUNTRY WINE TINTO 750ML SV;BEBIDAS;90811;07/07/2026;168748;90959;6;222;6;1;0;;;32
7;708;SUCO NECTAR CBS TP 1L MORANGO;BEBIDAS;90811;07/07/2026;168748;90959;12;0;12;1;0;;;10
7;3539;FERM PO QUIMICO GOOD INSTANT SH 11G;MERCEARIA;90811;07/07/2026;168748;90959;50;100;50;1;0;;;1
7;1491;BISC RECH TRAKINAS 126G BUBBALOO T FRUT;MERCEARIA;90811;07/07/2026;168748;90959;54;270;54;1;0;;;4
7;23371;SALG KRUKS 35G CHURRASCO;MERCEARIA;90811;07/07/2026;168748;90959;10;205;20;2;0;;;0
7;3271;SALG OBBA 100G CHURRASCO;MERCEARIA;90811;07/07/2026;168748;90959;10;9;10;1;0;;;21
7;1603;CONFEITO BIBS AO LEITE 40G;MERCEARIA;90811;07/07/2026;168748;90959;72;72;72;1;0;;;5
7;3784;VINAGRE VINHO ROSINA 750ML TINTO;MERCEARIA;90811;07/07/2026;168748;90959;12;120;12;1;0;;;17
7;22705;RACAO DODOG PEQ RACAS 1KG;PRODUTOS PET;90811;07/07/2026;168748;90959;10;1365;10;1;0;;;19
7;10196;SAB SENSUS BEAUTY ESSENCE 80G FOR MEN;PERFUMARIA E LIMPEZA;90811;07/07/2026;168748;90959;108;2268;108;1;0;;;20
7;20008;LC HID MAIS 500ML AMENDOAS;PERFUMARIA E LIMPEZA;90811;07/07/2026;168748;90959;12;0;12;1;0;;;0
7;35126;DET PO APYCE MULT SH 800G ROSA;PERFUMARIA E LIMPEZA;90811;07/07/2026;168748;90959;25;422;25;1;0;;;9
7;12420;AMAC GOTA LIMPA 2L PETALAS;PERFUMARIA E LIMPEZA;90811;07/07/2026;168748;90959;6;186;6;1;0;;;3
7;8789;ABS MILI COB C ABAS SV 8UN;PERFUMARIA E LIMPEZA;90811;07/07/2026;168748;90959;36;612;36;1;0;;;103
7;178;CERV KAISER LT 473ML;BEBIDAS;90811;07/07/2026;168748;90959;12;-323;60;5;0;;;1172
7;8965;CARVAO CHAMA CAMPEIRA 3KG;NAO ALIMENTO;90811;07/07/2026;168748;90959;1;0;1;1;0;;;13
7;34569;MOLHO PIMENTA NOVITA 150ML VERMELHA;MERCEARIA;90811;07/07/2026;168748;90959;12;0;12;1;0;;;3
7;34880;AVEIA NATURALE 170G FLOCOS;MERCEARIA;90811;07/07/2026;168748;90959;24;456;48;2;0;;;1
7;16885;CR LEITE TP ELEGE 200G;MERCEARIA;90811;07/07/2026;168748;90959;24;990;24;1;0;;;17
7;750;ACUCAR CRISTAL GASPARIN 5KG;MERCEARIA;90811;07/07/2026;168748;90959;6;972;78;13;0;;;25
7;2161;ARROZ BCO ALEGRETE TP1 5KG;MERCEARIA;90811;07/07/2026;168748;90959;6;516;42;7;0;;;-12
7;23212;SAL MOIDO 5 ESTRELAS 1KG;MERCEARIA;90811;07/07/2026;168748;90959;10;12236;10;1;0;;;62
7;15494;CANJICA AMARELA JUREIA 500G;MERCEARIA;90811;07/07/2026;168748;90959;12;29;12;1;0;;;-23
7;279;VH QUINTA CARVALHO TINTO 750ML SV;BEBIDAS;90811;07/07/2026;168748;90959;12;5436;12;1;0;;;17
7;11245;GOIABADA STELLA KG;PERECIVEIS;90829;07/07/2026;168757;91218;7;0;7;1;1;07/07/2026;GABRIELL2;12,328
7;12921;BALAO LISO 6 5 C 30 ROSA;NAO ALIMENTO;90843;07/07/2026;168764;90959;1;0;1;1;0;;;-23
7;35860;GIZ CERA LEO LEO CURTO C 15 CORES;NAO ALIMENTO;90843;07/07/2026;168764;90959;12;9;12;1;0;;;9
7;19877;LAMP ELGIN BULBO LED T 30W6500K;NAO ALIMENTO;90843;07/07/2026;168764;90959;20;0;20;1;0;;;12
7;13743;BORRACHA MERCUR CLEAN ROSA C 2;NAO ALIMENTO;90843;07/07/2026;168764;90959;1;1;1;1;0;;;32
7;17549;EMB PRATICA GABOARDI 3KG;NAO ALIMENTO;90843;07/07/2026;168764;90959;25;0;25;1;0;;;48
7;19880;LAMP ELGIN LED BCA 12W A60;NAO ALIMENTO;90843;07/07/2026;168764;90959;10;2310;10;10;0;;;11
7;21760;PASTA FRAMA GRAMPO TRILHO VERM;NAO ALIMENTO;90843;07/07/2026;168764;90959;1;0;1;1;0;;;8
7;16691;CP DESC DUDIGO 300ML C 100 TRANSP;NAO ALIMENTO;90843;07/07/2026;168764;90959;20;0;20;1;0;;;115
7;2081;CAFE SOL 3C SH 40G TRAD;MERCEARIA;90907;07/07/2026;169000;91218;24;144;120;0;0;07/07/2026;GABRIELL2;-29
7;6783;LEITE UHT TIROL C TAMPA 1L INTEGRAL;PERECIVEIS;90907;07/07/2026;169000;91218;12;55360;768;64;64;07/07/2026;ALEXSANDER;956
7;1423;BISC MARIA GERMANI 690G;MERCEARIA;90907;07/07/2026;169000;91218;10;128;20;0;0;07/07/2026;FERNANDO PAZ;0
7;2150;ARROZ BCO REQUINTE TP1 5KG;MERCEARIA;90941;07/07/2026;169038;90839;6;2180;90;15;15;07/07/2026;WENDRIO;40
7;17315;DESOD ROLLON REXONA 50ML V8;PERFUMARIA E LIMPEZA;90961;07/07/2026;169096;90861;12;456;36;4;3;07/07/2026;AUGUSTO;0
7;3512;FERM PO BIOL GOOD INSTANT SH 10G;MERCEARIA;91005;07/07/2026;169199;91111;30;6180;30;1;0;;;71
7;310;VH TRADICAO TINTO 1 4L SC;BEBIDAS;91005;07/07/2026;169199;91111;6;312;30;5;0;;;36
7;311;VH TRADICAO TINTO 1 4L SV;BEBIDAS;91005;07/07/2026;169199;91111;6;3501;60;10;0;;;241
7;280;CERV ITAIPAVA MALZBIER LN 330ML;BEBIDAS;91070;07/07/2026;169466;91094;12;1308;60;5;0;;;21
7;2348;FEIJAO PRETO ARBAZA TP1 1KG;MERCEARIA;91103;07/07/2026;169507;91218;30;6362;60;2;2;08/07/2026;LUIGGI;289
7;17393;DET PO ASSIM 800G MICELAR FLORAL;PERFUMARIA E LIMPEZA;91103;07/07/2026;169507;91218;20;2620;40;2;0;07/07/2026;FERNANDO PAZ;28
7;747;ACUCAR CRISTAL GASPARIN 2KG;MERCEARIA;91103;07/07/2026;169507;91218;15;6103;150;10;10;08/07/2026;LUIGGI;285
7;17394;DET PO ASSIM 800G TRIPLA ACAO BI;PERFUMARIA E LIMPEZA;91103;07/07/2026;169507;91218;20;580;40;2;0;07/07/2026;FERNANDO PAZ;85
7;390;ENERG MONSTER LT 473ML GREEN ZERO;BEBIDAS;91152;07/07/2026;169623;91387;6;402;12;2;0;;;53
7;2909;ACHOC LIQ SHOWKINHO 200ML;MERCEARIA;91170;07/07/2026;169724;91274;27;10449;945;35;0;;;656
7;6265;GFA TERM TERMOLAR MAGIC PUMP 1L PTA;NAO ALIMENTO;91241;07/07/2026;169746;;6;348;12;0;0;;;0
7;38827;GFA TERM TERMOLAR MAGIC PUMP VERDE 1L;NAO ALIMENTO;91241;07/07/2026;169746;;6;0;6;0;0;;;0
7;6262;GFA TERM TERMOLAR MAGIC PUMP 1L BCA;NAO ALIMENTO;91241;07/07/2026;169746;;6;210;6;0;0;;;0
7;19176;GFA TERM TERMOLAR MAGIC PUMP 1L RSA BALE;NAO ALIMENTO;91241;07/07/2026;169746;;6;0;12;0;0;;;-6
7;6266;GFA TERM TERMOLAR MAGIC PUMP 1L VRM AURORA;NAO ALIMENTO;91241;07/07/2026;169746;;6;246;6;0;0;;;13
7;6264;GFA TERM TERMOLAR MAGIC PUMP DEC 1L GAUCHO;NAO ALIMENTO;91241;07/07/2026;169746;;6;0;18;0;0;;;2
7;33510;GFA TERM TERMOLAR MAGIC PUMP 1L MARROM;NAO ALIMENTO;91241;07/07/2026;169746;;6;60;12;0;0;;;2
7;1491;BISC RECH TRAKINAS 126G BUBBALOO T FRUT;MERCEARIA;91290;07/07/2026;169811;91387;54;270;54;0;0;08/07/2026;JESSICA;4
7;1497;BISC RECH TRAKINAS 126G CHOC;MERCEARIA;91290;07/07/2026;169811;91387;54;270;108;2;2;08/07/2026;JESSICA;123
7;1616;BISC SALG CLUB SOCIAL 288G ORIGINAL;MERCEARIA;91290;07/07/2026;169811;91387;20;120;100;5;5;08/07/2026;JESSICA;4
7;1493;BISC RECH TRAKINAS 126G CHOC MORANGO;MERCEARIA;91290;07/07/2026;169811;91387;54;0;54;1;1;08/07/2026;JESSICA;31
7;1606;BISC SALG CLUB SOCIAL 6UN 144G ORIGINAL;MERCEARIA;91290;07/07/2026;169811;91387;44;3080;44;0;0;08/07/2026;JESSICA;60
8;6787;LEITE LV ELEGE 1L ZERO LAC SEMI DES;PERECIVEIS;90785;07/07/2026;168735;91473;12;238;12;2;0;;;-102
8;6781;LEITE LV EDGE ELEGE 1L INTEGRAL;PERECIVEIS;90785;07/07/2026;168735;91473;12;204;12;2;0;;;243
8;6791;LEITE UHT PET ELEGE 1L DESNATADO;PERECIVEIS;90785;07/07/2026;168735;91473;6;348;6;10;0;;;2
8;6801;LEITE UHT TP NINHO 1L INTEGRAL;PERECIVEIS;90785;07/07/2026;168735;91473;12;1347;12;5;0;;;33
8;11671;PASSAS UVA UNIAGRO PTA KG;PERECIVEIS;90785;07/07/2026;168735;91473;10;202;10;20;0;08/07/2026;BRAGA;2,004
8;13448;BISC RECH ORQUIDEA 260G SORT;MERCEARIA;90813;07/07/2026;168749;91473;20;20;20;0;0;08/07/2026;LUAN;15
8;1616;BISC SALG CLUB SOCIAL 288G ORIGINAL;MERCEARIA;90813;07/07/2026;168749;91473;20;120;20;0;0;08/07/2026;LUAN;11
8;1970;DOCE N BONN PACOCA 1KG CASEIRA;MERCEARIA;90813;07/07/2026;168749;91473;12;12;12;0;0;08/07/2026;LUAN;11
8;1600;CONF AMEND DORI 70G CHOC;MERCEARIA;90813;07/07/2026;168749;91473;30;60;30;0;0;08/07/2026;LUAN;7
8;2803;MACARRAO CUP NOODLES 67G LEGUMES AZEITE;MERCEARIA;90813;07/07/2026;168749;91473;24;96;24;1;0;08/07/2026;AUGUSTO;18
8;2864;MASSA C OVOS GERMANI 500G PENNE;MERCEARIA;90813;07/07/2026;168749;91473;20;19;20;1;0;08/07/2026;AUGUSTO;2
8;8145;SH ANTIC CLEAR 200ML MEN CONTR ALIV COC;PERFUMARIA E LIMPEZA;90813;07/07/2026;168749;91473;12;48;12;1;0;;;10
8;2470;JARDINERA ODERICH LT 200G 4 LEGUMES;NAO ALIMENTO;90813;07/07/2026;168749;91473;24;24;24;1;0;08/07/2026;BRAGA;8
8;2870;MOLHO BARBECUE FUGINI SH BICO 180G;MERCEARIA;90813;07/07/2026;168749;91473;32;32;32;1;0;08/07/2026;BRAGA;38
8;3032;CEREAL MAT NESTLE SH 90G KIT KAT;MERCEARIA;90813;07/07/2026;168749;91473;22;0;22;1;0;08/07/2026;BRAGA;16
8;3822;PO P PUDIM NEILAR 30G LEITE CONDEN;MERCEARIA;90813;07/07/2026;168749;91473;48;192;48;1;0;08/07/2026;BRAGA;8
8;34880;AVEIA NATURALE 170G FLOCOS;MERCEARIA;90813;07/07/2026;168749;91473;24;456;48;2;0;08/07/2026;BRAGA;0
8;6828;AGUA SABORIZ H2OH 500ML LIMONETO;BEBIDAS;90813;07/07/2026;168749;91473;12;0;12;1;0;;;12
8;537;GATORADE 500ML BERRY BLUE;BEBIDAS;90813;07/07/2026;168749;91473;6;270;6;1;0;;;3
8;2215;ARROZ PARBO SABOROSO TP1 1KG;MERCEARIA;90813;07/07/2026;168749;91473;30;3120;30;1;0;;;10
8;34753;SUCO DE UVA TREBOM PET 1 35L;BEBIDAS;90813;07/07/2026;168749;91473;6;6;6;2;0;;;0
8;3512;FERM PO BIOL GOOD INSTANT SH 10G;MERCEARIA;90813;07/07/2026;168749;91473;30;6180;30;1;0;;;200
8;1016;BISC AGUA E SAL GERMANI 345G;MERCEARIA;90813;07/07/2026;168749;91473;20;1436;40;0;0;08/07/2026;LUAN;0
8;1434;BISC MARIA PARATI 740G;MERCEARIA;90813;07/07/2026;168749;91473;12;142;12;0;0;08/07/2026;LUAN;10
8;1406;BISC LEITE ISABELA 350G TRAD;MERCEARIA;90813;07/07/2026;168749;91473;24;24;24;0;0;08/07/2026;LUAN;11
8;13697;BOMBOM ARCOR SORT 146G;MERCEARIA;90813;07/07/2026;168749;91473;30;722;60;0;0;08/07/2026;LUAN;4
8;12417;AMAC GOTA LIMPA 2L FASCINIO;PERFUMARIA E LIMPEZA;90813;07/07/2026;168749;91473;6;24;6;2;0;08/07/2026;WENDRIO;11
8;6880;LIMP MULTIUSO VEJA 10PCT DESC 500ML LAVANDA;PERFUMARIA E LIMPEZA;90813;07/07/2026;168749;91473;24;48;24;1;0;;;9
8;849;REFRIG COCA COLA PET 600ML ZERO;BEBIDAS;90813;07/07/2026;168749;91473;12;24;156;14;0;;;20
8;52;AGUA MIN FLORESTA PET 5L S GAS;BEBIDAS;90813;07/07/2026;168749;91473;4;28;4;2;0;;;-8
8;2131;CHA PRENDA 18G ERVA DOCE;MERCEARIA;90813;07/07/2026;168749;91473;20;30;20;1;0;08/07/2026;BRAGA;37
8;2958;ACHOC PO NESCAU SH 730G ACTIV GO;MERCEARIA;90813;07/07/2026;168749;91473;12;12;12;2;0;08/07/2026;BRAGA;-1
8;2084;ARROZ BCO REQUINTE TP1 1KG;MERCEARIA;90813;07/07/2026;168749;91473;30;1264;30;2;0;;;60
8;2749;FARINHA TRIGO MARIA INES 5KG;MERCEARIA;90813;07/07/2026;168749;91473;5;375;5;1;0;;;11
8;3401;BARRA CEREAL RITTER 25G BANANA ZR ACUC;MERCEARIA;90813;07/07/2026;168749;91473;24;48;24;1;0;;;5
8;1291;BISC DOCE DOMELLY GLACEADO 280G BCO;MERCEARIA;90813;07/07/2026;168749;91473;20;1059;20;0;0;08/07/2026;LUAN;7
8;2875;MASSA C OVOS GERMANI 500G CONCHINHA;MERCEARIA;90813;07/07/2026;168749;91473;20;80;20;1;0;08/07/2026;AUGUSTO;16
8;20633;MAS LASANHA ISABELA FEST 500G;PERECIVEIS;90813;07/07/2026;168749;91473;20;400;20;1;0;08/07/2026;AUGUSTO;12
8;24620;TAP HIG MR DRY C 7 60X60G;PRODUTOS PET;90813;07/07/2026;168749;91473;10;9;10;1;0;08/07/2026;AUGUSTO;7
8;5235;CR DEN ORAL B 70G 3D WHIT BRI FRESH;PERFUMARIA E LIMPEZA;90813;07/07/2026;169485;91121;6;420;18;3;0;07/07/2026;ERICA;0
8;3954;AGUA SANIT YPE 2L;PERFUMARIA E LIMPEZA;90813;07/07/2026;168749;91473;6;552;6;1;0;08/07/2026;WENDRIO;1
8;19372;INSET NITROCID PO 50G;PERFUMARIA E LIMPEZA;90813;07/07/2026;168749;91473;1;6;1;2;0;;;0
8;8965;CARVAO CHAMA CAMPEIRA 3KG;NAO ALIMENTO;90813;07/07/2026;168749;91473;1;0;1;2;0;;;17
8;2323;ATUM SOLIDO NAUTIQUE 170G EM OLEO;MERCEARIA;90813;07/07/2026;168749;91473;24;72;24;1;0;08/07/2026;BRAGA;50
8;2107;CAFE SOL NESCAFE SH 40G TRADICAO FORTE;MERCEARIA;90813;07/07/2026;168749;91473;24;12570;24;0;0;;;327
8;1153;BALA TOFFANO T FFRUT SORT 250G;MERCEARIA;90813;07/07/2026;168749;91473;40;0;40;1;1;08/07/2026;LUAN;10
8;1436;BISC RECH GLUB 100G CHOCOLATE;MERCEARIA;90813;07/07/2026;168749;91473;30;30;30;0;0;08/07/2026;LUAN;4
8;3282;SALG ALFITOS 35G PIZZA;MERCEARIA;90813;07/07/2026;168749;91473;30;420;30;0;0;08/07/2026;LUAN;12
8;1425;BISC MARIA GERMANI 345G CHOC;MERCEARIA;90813;07/07/2026;168749;91473;20;40;20;0;0;08/07/2026;LUAN;2
8;1580;COBER NESTLE 1KG CHOC AO LEITE;MERCEARIA;90813;07/07/2026;168749;91473;12;24;12;0;0;08/07/2026;LUAN;12
8;1551;COBER COBERTOP 1 01KG AO LEIT GOTAS;MERCEARIA;90813;07/07/2026;168749;91473;10;10;10;0;0;08/07/2026;LUAN;6
8;3379;CALDO MAGGI 114G CARNE;MERCEARIA;90813;07/07/2026;168749;91473;100;0;100;1;0;08/07/2026;AUGUSTO;38
8;2787;MACARRAO CUP NOODLES 68G COSTELA C MOLHO;MERCEARIA;90813;07/07/2026;168749;91473;24;0;24;1;0;08/07/2026;AUGUSTO;15
8;2905;MASSA C OVOS ISABELA 500G NIN LARGO;MERCEARIA;90813;07/07/2026;168749;91473;20;40;20;1;0;08/07/2026;AUGUSTO;0
8;38616;CD SEDA COLAGENO VIT INT 250ML;PERFUMARIA E LIMPEZA;90813;07/07/2026;168749;91473;1;1;1;2;0;;;0
8;2446;PEPINO CONS JUREIA VD 300G AGRIDOCE FATIADO;MERCEARIA;90813;07/07/2026;168749;91473;15;30;15;1;0;08/07/2026;BRAGA;10
8;2475;GOIABADA VAL 300G;MERCEARIA;90813;07/07/2026;168749;91473;36;72;36;1;0;08/07/2026;BRAGA;13
8;986;OLEO SOJA VITALIV PET 900ML;MERCEARIA;90813;07/07/2026;168749;91473;20;140;20;2;0;;;0
8;18740;FRALDA DESC FERINHA HIPER C 40 XXG;PERFUMARIA E LIMPEZA;90813;07/07/2026;168749;91473;6;2;6;1;0;;;0
8;750;ACUCAR CRISTAL GASPARIN 5KG;MERCEARIA;90813;07/07/2026;168749;91473;6;972;156;26;0;;;-7
8;1276;CHOC BARRA GAROTO 80G MEIO AMARGO;MERCEARIA;90813;07/07/2026;168749;91473;16;80;16;1;0;;;-11
8;1653;WAFER PARATI MINUETO 81G LIMAO;MERCEARIA;90813;07/07/2026;168749;91473;36;3384;36;1;1;08/07/2026;LUAN;165
8;34599;BISC COOKIE DOMELLY 60G ORIGINAL;MERCEARIA;90813;07/07/2026;168749;91473;24;24;24;0;0;08/07/2026;LUAN;17
8;37429;AGUA SANITARIA SUPREMA 5 L;PERFUMARIA E LIMPEZA;90813;07/07/2026;168749;91473;3;48;3;4;0;08/07/2026;WENDRIO;1
8;5683;DET LIQ GOTA LIMPA 5L NEUTRO;PERFUMARIA E LIMPEZA;90813;07/07/2026;168749;91473;4;8;4;2;0;08/07/2026;WENDRIO;0
8;17157;DESINF APYCE 2L LAVANDA;PERFUMARIA E LIMPEZA;90813;07/07/2026;168749;91473;6;480;12;3;0;08/07/2026;WENDRIO;17
8;15739;CERA PASTA ANDREIA 400G VERM;PERFUMARIA E LIMPEZA;90813;07/07/2026;168749;91473;12;60;12;1;0;;;11
8;15727;CERA LIQ ANDREIA AUTO BR 750ML VM;PERFUMARIA E LIMPEZA;90813;07/07/2026;168749;91473;12;96;12;1;0;;;9
8;817;REFRIG FRUKI GUARANA ZR PET 2L GUARANA ZERO;BEBIDAS;90813;07/07/2026;168749;91473;6;138;42;7;0;;;0
8;389;ENERG MONSTER LT 473ML GREEN;BEBIDAS;90813;07/07/2026;168749;91473;6;1490;6;1;0;;;26
8;2186;CHA PRENDA GOLD 15G CAMOMILA;MERCEARIA;90813;07/07/2026;168749;91473;10;10;10;1;0;08/07/2026;BRAGA;23
8;2332;ATUM RALADO COQUEIRO 170G EM OLEO;MERCEARIA;90813;07/07/2026;168749;91473;24;24;24;1;0;08/07/2026;BRAGA;73
8;2628;ERVA MATE PONCHE VERDE 1KG TRAD;MERCEARIA;90813;07/07/2026;168749;91473;20;0;20;0;0;;;51
8;35698;DET LIQ BARBAREX 5L NEUTRO;PERFUMARIA E LIMPEZA;90813;07/07/2026;168749;91473;2;12;2;2;0;08/07/2026;WENDRIO;2
8;2482;DOCE DIFRUTTI 400G MORANGO;MERCEARIA;90813;07/07/2026;168749;91473;12;149;12;1;0;08/07/2026;BRAGA;6
8;2074;ARROZ BCO SANO TP1 1KG;MERCEARIA;90813;07/07/2026;168749;91473;30;687;30;1;0;;;68
8;33720;COQUETEL CHICOTE PET 500ML LIMAO;BEBIDAS;90813;07/07/2026;168749;91473;12;0;12;1;0;;;13
8;1437;BISC RECH GLUB 100G CHOC BCO;MERCEARIA;90813;07/07/2026;168749;91473;30;120;30;0;0;08/07/2026;LUAN;0
8;13277;BISC AGUA SAL ORQUIDEA 665GR;MERCEARIA;90813;07/07/2026;168749;91473;12;876;12;1;1;08/07/2026;LUAN;32
8;3181;SALG KEVYTOS SHOW 38G BACON;MERCEARIA;90813;07/07/2026;168749;91473;20;220;40;2;2;08/07/2026;LUAN;46
8;1554;BISC SALG SALKIM 90G CHURRASCO;MERCEARIA;90813;07/07/2026;168749;91473;30;120;30;0;0;08/07/2026;LUAN;0
8;1273;BISC DOCE DOMELLY ROSCA 280G COCO;MERCEARIA;90813;07/07/2026;168749;91473;20;418;20;0;0;08/07/2026;LUAN;9
8;1585;BISC SALG ZEZE 200G MIGNON;MERCEARIA;90813;07/07/2026;168749;91473;24;1032;24;0;0;08/07/2026;LUAN;12
8;3208;CHOC GRAN DORI 120G MESCLADO;MERCEARIA;90813;07/07/2026;168749;91473;30;30;30;0;0;08/07/2026;LUAN;22
8;3213;CHOC GRAN DORI 120G COLORIDO;MERCEARIA;90813;07/07/2026;168749;91473;30;60;30;0;0;08/07/2026;LUAN;45
8;36301;POMADA MASSAG BIO FISIOFORT 150ML;PERFUMARIA E LIMPEZA;90813;07/07/2026;168749;91473;12;432;12;1;0;;;10
8;21355;ODORIZ TECIDO AMAZON 500ML BABY;PERFUMARIA E LIMPEZA;90813;07/07/2026;168749;91473;12;0;12;1;0;;;0
8;24323;SH GENIAL PET 2 EM 1 500ML;PRODUTOS PET;90813;07/07/2026;168749;91473;1;0;1;2;0;;;5
8;17388;DET PO APYCE SH 4K AZUL;PERFUMARIA E LIMPEZA;90813;07/07/2026;168749;91473;5;19;5;2;0;08/07/2026;WENDRIO;8
8;33287;AMAC APYCE 5L JASMIM RSA;PERFUMARIA E LIMPEZA;90813;07/07/2026;168749;91473;2;10;2;1;0;08/07/2026;WENDRIO;15
8;825;REFRIG PEPSI PET 2L;BEBIDAS;90813;07/07/2026;168749;91473;8;1104;32;4;0;;;35
8;33255;REFRIG CHARRUA PET 3L GUARANA;BEBIDAS;90813;07/07/2026;168749;91473;6;25;6;2;0;;;-10
8;656;SUCO DEL VALLE FRUT TP 1L UVA;BEBIDAS;90813;07/07/2026;168749;91473;6;12;12;3;0;;;-14
8;575;ENERG HIPERTENSAO PET 2L ZERO;BEBIDAS;90813;07/07/2026;168749;91473;6;222;6;1;0;;;-1
8;840;REFRIG PEPSI PET 3L;BEBIDAS;90813;07/07/2026;168749;91473;4;352;4;2;0;;;10
8;22652;QUENTAO ALCOOLICO 2L;BEBIDAS;90813;07/07/2026;168749;91473;6;0;6;0;0;;;1
8;2453;PEPINO CONS ODERICH VD 300G CASEIRO;MERCEARIA;90813;07/07/2026;168749;91473;15;15;15;1;0;08/07/2026;BRAGA;9
8;2936;MOLHO PIMENTA TRISANTI 225G CASEIRINHO;MERCEARIA;90813;07/07/2026;168749;91473;6;66;6;1;0;08/07/2026;BRAGA;6
8;10195;SAB SENSUS BEAUTY ESSENCE 80G FLORESCER ASIAT;PERFUMARIA E LIMPEZA;90813;07/07/2026;168749;91473;108;1836;108;1;0;;;95
8;340;CHA ICE TEA LEAO PET 1 5L PESSEGO ZERO;BEBIDAS;90813;07/07/2026;168749;91473;6;0;6;1;0;;;11
8;2925;ACHOC LIQ ITALAC 1L;MERCEARIA;90813;07/07/2026;168749;91473;12;0;12;2;0;;;0
8;1317;BISC PAO MEL DOMELLY MINI PANE 300G;MERCEARIA;90813;07/07/2026;168749;91473;20;120;20;0;0;08/07/2026;LUAN;2
8;1098;BALA DORI TUBO 70G RECH MORANGO;MERCEARIA;90813;07/07/2026;168749;91473;12;24;12;0;0;08/07/2026;LUAN;21
8;1704;CONFEITO DORI 500G AMENDOIM CHOC;MERCEARIA;90813;07/07/2026;168749;91473;20;20;20;0;0;08/07/2026;LUAN;9
8;13699;BOMBOM BEL SORT 180G;MERCEARIA;90813;07/07/2026;168749;91473;30;360;30;0;0;08/07/2026;LUAN;24
8;20363;MAC INST NISSIN C 6 L P GAL CAIP;MERCEARIA;90813;07/07/2026;168749;91473;12;12;12;1;0;08/07/2026;AUGUSTO;147
8;38617;CD DOVE NUTRI TRIOLEOS 370ML;PERFUMARIA E LIMPEZA;90813;07/07/2026;168749;91473;1;9;1;2;0;;;0
8;38619;SH DOVE UMECTACAO E COCO 370ML;PERFUMARIA E LIMPEZA;90813;07/07/2026;168749;91473;1;1;1;2;0;;;0
8;2395;OVO CODORNA CONS JUREIA 300G;MERCEARIA;90813;07/07/2026;168749;91473;15;15;15;1;0;08/07/2026;BRAGA;0
8;2637;ERVA MATE PONCHE VERDE 1KG LAMINADO;MERCEARIA;90813;07/07/2026;168749;91473;10;70;10;0;0;;;25
8;178;CERV KAISER LT 473ML;BEBIDAS;90813;07/07/2026;168749;91473;12;-323;552;0;0;;;386
8;12293;AGUA SANIT ZAVASKI 5L;PERFUMARIA E LIMPEZA;90813;07/07/2026;168749;91473;4;296;4;2;0;08/07/2026;WENDRIO;3
8;3950;AGUA SANIT Q BOA 1L;PERFUMARIA E LIMPEZA;90813;07/07/2026;168749;91473;12;900;12;1;0;08/07/2026;WENDRIO;0
8;12308;ALCOOL ARAUCARIA 46 1L;PERFUMARIA E LIMPEZA;90813;07/07/2026;168749;91473;12;2799;24;2;0;;;24
8;78;AGUA SABORIZ H2OH PET 500ML LIMAO;BEBIDAS;90813;07/07/2026;168749;91473;12;-24;12;1;0;;;0
8;2352;BETERRABA CONS JUREIA 300G;MERCEARIA;90813;07/07/2026;168749;91473;6;0;6;1;0;08/07/2026;BRAGA;5
8;847;REFRIG COCA COLA PET 600ML;BEBIDAS;90813;07/07/2026;168749;91473;12;3516;60;27;0;;;1
8;2325;FEIJAO PRETO ARBAZA PREMIUM 500G;MERCEARIA;90813;07/07/2026;168749;91473;12;996;120;10;0;;;236
8;867;REFRIG COCA COLA ZERO LT 310ML C6;BEBIDAS;90813;07/07/2026;168749;91473;6;30;6;3;0;;;3
8;34754;SUCO DE UVA TREBOM VD 1 5L;BEBIDAS;90813;07/07/2026;168749;91473;6;0;6;1;0;;;8
8;1487;BISC RECH DANIX 130G CHOC SHAKE;MERCEARIA;90813;07/07/2026;168749;91473;60;780;60;1;1;08/07/2026;LUAN;25
8;23397;SALG SNACK DOMELLY POLV 40G QJO;MERCEARIA;90813;07/07/2026;168749;91473;24;120;24;0;0;08/07/2026;LUAN;17
8;3294;SALG ALFITOS 35G QUEIJO;MERCEARIA;90813;07/07/2026;168749;91473;30;415;30;1;1;08/07/2026;LUAN;23
8;1392;BISC NESFIT INTEG 160G MORANGO CEREAIS;MERCEARIA;90813;07/07/2026;168749;91473;48;143;48;0;0;08/07/2026;LUAN;0
8;1423;BISC MARIA GERMANI 690G;MERCEARIA;90813;07/07/2026;168749;91473;10;128;10;0;0;08/07/2026;LUAN;0
8;1422;BISC MARIA GERMANI 345G;MERCEARIA;90813;07/07/2026;168749;91473;20;1620;20;1;1;08/07/2026;LUAN;19
8;1229;BISC ROSQ GERMANI COCO 350G;MERCEARIA;90813;07/07/2026;168749;91473;20;179;40;0;0;08/07/2026;LUAN;-1
8;1439;BISC RECH GLUB 100G DOCE DE LEITE;MERCEARIA;90813;07/07/2026;168749;91473;30;150;30;1;1;08/07/2026;LUAN;18
8;3084;AMEND JAPONES DORI 70G SALGADO;MERCEARIA;90813;07/07/2026;168749;91473;30;30;30;0;0;08/07/2026;LUAN;9
8;2869;MASSA C OVOS ORQUIDEA 500G ESPAGUETE;MERCEARIA;90813;07/07/2026;168749;91473;20;14;20;2;0;08/07/2026;AUGUSTO;13
8;7860;SABAO PO SURF 800G LAVANDA;PERFUMARIA E LIMPEZA;90813;07/07/2026;168749;91473;16;26;16;2;0;08/07/2026;WENDRIO;11
8;830;REFRIG SPRITE PET 2L;BEBIDAS;90813;07/07/2026;168749;91473;8;0;8;2;0;;;15
8;768;REFRIG FRUKI PET 200 ML GUARANA ZERO;BEBIDAS;90813;07/07/2026;168749;91473;12;0;12;1;0;;;3
8;408;ENERG ELEV LT 473 ML ZERO;BEBIDAS;90813;07/07/2026;168749;91473;6;162;12;2;0;;;21
8;2081;CAFE SOL 3C SH 40G TRAD;MERCEARIA;90813;07/07/2026;168749;91473;24;144;24;1;0;08/07/2026;BRAGA;-57
8;2488;DOCE DIFRUTTI 400G MACA CANELA;MERCEARIA;90813;07/07/2026;168749;91473;12;0;12;1;0;08/07/2026;BRAGA;2
8;2721;CREME NUTELLA FERRERO 350G AVELA C CACAU;MERCEARIA;90813;07/07/2026;168749;91473;12;928;24;2;0;08/07/2026;BRAGA;60
8;2954;ACHOC PO TODDY SH 700G;MERCEARIA;90813;07/07/2026;168749;91473;12;24;12;1;0;08/07/2026;BRAGA;6
8;1046;BISC DOCE ZEZE FURA BOLO 180G BAUNILHA;MERCEARIA;90813;07/07/2026;168749;91473;18;36;18;1;1;08/07/2026;LUAN;7
8;1603;CONFEITO BIBS AO LEITE 40G;MERCEARIA;90813;07/07/2026;168749;91473;72;72;72;0;0;08/07/2026;LUAN;31
8;5857;ESC DENTAL SORRISO MACIA;PERFUMARIA E LIMPEZA;90813;07/07/2026;168749;91473;12;420;12;1;0;;;9
8;2556;ERVA MATE PONCHE VERDE 500G NATIVA;MERCEARIA;90813;07/07/2026;168749;91473;20;240;20;0;0;;;0
8;7835;DET PO GOTA LIMPA 800G EQUILIBRIO;PERFUMARIA E LIMPEZA;90813;07/07/2026;168749;91473;20;140;20;2;0;08/07/2026;WENDRIO;0
8;109;CERV BRAHMA CHOPP GF 1L RETORNAVEL;BEBIDAS;90813;07/07/2026;168749;91473;12;312;48;4;0;;;43
8;54;AGUA MIN DA PEDRA LT 350ML ABACAXI E HORTE;BEBIDAS;90813;07/07/2026;168749;91473;12;24;12;1;0;;;4
8;357;CHA MATTE LEAO PET 1 5L LIMAO;BEBIDAS;90813;07/07/2026;168749;91473;6;0;6;1;0;;;11
8;2535;DOCE DIFRUTTI 1 010KG UVA;MERCEARIA;90813;07/07/2026;168749;91473;6;6;6;1;0;08/07/2026;BRAGA;2
8;3092;MOSTARDA ODERICH TRADICIONAL 190G BISNAGA;MERCEARIA;90813;07/07/2026;168749;91473;24;119;24;1;0;08/07/2026;BRAGA;-12
8;3413;CREME LEITE ELEGE TP 200G LEVISSIMO;MERCEARIA;90813;07/07/2026;168749;91473;24;72;24;2;0;08/07/2026;BRAGA;2
8;3828;SAGU CORSETTI 400G;MERCEARIA;90813;07/07/2026;168749;91473;12;0;12;1;0;08/07/2026;BRAGA;9
8;2370;ERVILHA ODERICH LT 200G;MERCEARIA;90813;07/07/2026;168749;91473;24;120;24;2;0;;;62
8;746;ACUCAR CRISTAL GASPARIN 1KG;MERCEARIA;90813;07/07/2026;168749;91473;10;4640;90;11;0;;;114
8;36813;ARROZ BCO BOM DE PANELA TP1 5KG;MERCEARIA;90813;07/07/2026;168749;91473;6;36;6;2;0;;;-7
8;23212;SAL MOIDO 5 ESTRELAS 1KG;MERCEARIA;90813;07/07/2026;168749;91473;10;12236;70;10;0;;;79
8;2974;ACUCAR DEMERARA UNIAO 1KG;MERCEARIA;90813;07/07/2026;168749;91473;10;0;10;2;0;;;0
8;3853;ENERG ELEV LT 473ML MOR MELANCIA;BEBIDAS;90813;07/07/2026;168749;91473;6;12;6;2;0;;;6
8;3539;FERM PO QUIMICO GOOD INSTANT SH 11G;MERCEARIA;90813;07/07/2026;168749;91473;50;100;50;1;0;;;58
8;1567;BISC SALG ZEZE MIGNON 60G CHURRASCO;MERCEARIA;90813;07/07/2026;168749;91473;24;48;24;0;0;08/07/2026;LUAN;15
8;3287;SALG KEVYTOS SHOW 38G PRESUNTO;MERCEARIA;90813;07/07/2026;168749;91473;20;400;100;0;0;08/07/2026;LUAN;50
8;23371;SALG KRUKS 35G CHURRASCO;MERCEARIA;90813;07/07/2026;168749;91473;10;205;20;0;0;08/07/2026;LUAN;-23
8;23370;SALG KRUKS 35G BACON;MERCEARIA;90813;07/07/2026;168749;91473;10;358;20;0;0;08/07/2026;LUAN;0
8;3183;SALG KEVYTOS 55G BACON;MERCEARIA;90813;07/07/2026;168749;91473;25;200;25;0;0;08/07/2026;LUAN;27
8;1423;BISC MARIA GERMANI 690G;MERCEARIA;90909;07/07/2026;169001;91388;10;128;20;2;0;08/07/2026;JOCELAINE;0
8;3512;FERM PO BIOL GOOD INSTANT SH 10G;MERCEARIA;91007;07/07/2026;169200;91333;30;6180;30;1;0;08/07/2026;PAMELA;200
8;310;VH TRADICAO TINTO 1 4L SC;BEBIDAS;91007;07/07/2026;169200;91333;6;312;18;3;0;;;91
8;280;CERV ITAIPAVA MALZBIER LN 330ML;BEBIDAS;91072;07/07/2026;169467;91095;12;1308;480;40;0;;;104
8;4598;CERV ITAIPAVA MALZBIER LT 350ML;BEBIDAS;91072;07/07/2026;169467;91095;12;2606;240;20;0;;;701
8;747;ACUCAR CRISTAL GASPARIN 2KG;MERCEARIA;91105;07/07/2026;169508;91333;15;6103;75;5;0;;;674
8;2348;FEIJAO PRETO ARBAZA TP1 1KG;MERCEARIA;91105;07/07/2026;169508;91333;30;6362;60;2;0;;;181
8;17394;DET PO ASSIM 800G TRIPLA ACAO BI;PERFUMARIA E LIMPEZA;91105;07/07/2026;169508;91333;20;580;20;1;0;07/07/2026;FERNANDO PAZ;89
8;17393;DET PO ASSIM 800G MICELAR FLORAL;PERFUMARIA E LIMPEZA;91105;07/07/2026;169508;91333;20;2620;40;2;0;07/07/2026;FERNANDO PAZ;79
8;2909;ACHOC LIQ SHOWKINHO 200ML;MERCEARIA;91172;07/07/2026;169725;91275;27;10449;270;10;0;;;759
8;6265;GFA TERM TERMOLAR MAGIC PUMP 1L PTA;NAO ALIMENTO;91243;07/07/2026;169747;;6;348;12;0;0;;;5
8;6266;GFA TERM TERMOLAR MAGIC PUMP 1L VRM AURORA;NAO ALIMENTO;91243;07/07/2026;169747;;6;246;6;0;0;;;12
8;6264;GFA TERM TERMOLAR MAGIC PUMP DEC 1L GAUCHO;NAO ALIMENTO;91243;07/07/2026;169747;;6;0;6;0;0;;;10
8;19176;GFA TERM TERMOLAR MAGIC PUMP 1L RSA BALE;NAO ALIMENTO;91243;07/07/2026;169747;;6;0;12;0;0;;;5
8;33510;GFA TERM TERMOLAR MAGIC PUMP 1L MARROM;NAO ALIMENTO;91243;07/07/2026;169747;;6;60;12;0;0;;;4
8;38827;GFA TERM TERMOLAR MAGIC PUMP VERDE 1L;NAO ALIMENTO;91243;07/07/2026;169747;;6;0;6;0;0;;;0
8;1616;BISC SALG CLUB SOCIAL 288G ORIGINAL;MERCEARIA;91292;07/07/2026;169812;91388;20;120;100;5;0;08/07/2026;JOCELAINE;11
8;1606;BISC SALG CLUB SOCIAL 6UN 144G ORIGINAL;MERCEARIA;91292;07/07/2026;169812;91388;44;3080;132;3;0;08/07/2026;JOCELAINE;37
11;6798;LEITE SANTA CLARA 1L SENIOR 50;PERECIVEIS;90787;07/07/2026;168736;90659;12;0;12;1;0;;;52
11;6787;LEITE LV ELEGE 1L ZERO LAC SEMI DES;PERECIVEIS;90787;07/07/2026;168736;90659;12;238;12;1;0;;;-15
11;6800;LEITE UHT MOLICO TP 1L DESNAT;PERECIVEIS;90787;07/07/2026;168736;90659;12;2352;12;1;0;;;29
11;6801;LEITE UHT TP NINHO 1L INTEGRAL;PERECIVEIS;90787;07/07/2026;168736;90659;12;1347;132;11;0;;;131
11;6792;LEITE UHT PET ELEGE 1L INTEGRAL;PERECIVEIS;90787;07/07/2026;168736;90659;6;4261;12;2;0;;;317
11;9741;LEITE SANTA CLARA LV SEMI DESN 1L;PERECIVEIS;90787;07/07/2026;168736;90659;12;179;48;4;0;;;98
11;6784;LEITE UHT TIROL C TAMP 1L SEMI DESN;PERECIVEIS;90787;07/07/2026;168736;90659;12;1972;84;7;0;;;56
11;6791;LEITE UHT PET ELEGE 1L DESNATADO;PERECIVEIS;90787;07/07/2026;168736;90659;6;348;48;8;0;;;40
11;6781;LEITE LV EDGE ELEGE 1L INTEGRAL;PERECIVEIS;90787;07/07/2026;168736;90659;12;204;12;1;0;;;50
11;6782;LEITE UHT TIROL C TAMPA 1L DESN;PERECIVEIS;90787;07/07/2026;168736;90659;12;1421;84;7;0;;;67
11;9745;LEITE UHT SANTA CLARA DESN 1L;PERECIVEIS;90787;07/07/2026;168736;90659;12;156;24;2;0;;;44
11;6793;LEITE UHT PET ELEGE 1L SEMI DESNATADO;PERECIVEIS;90787;07/07/2026;168736;90659;6;2184;12;2;0;;;103
11;2106;ARROZ BCO PILECCO SUPER ECCO T1 2K;MERCEARIA;90815;07/07/2026;168750;90659;15;330;15;0;0;07/07/2026;ALEXSANDER;7
11;2737;FARINHA TRIGO ROSESOL 1KG;MERCEARIA;90815;07/07/2026;168750;90659;10;1434;200;0;0;07/07/2026;ALEXSANDER;143
11;12295;AGUA TONICA QUININO 350ML ZERO;BEBIDAS;90815;07/07/2026;168750;90659;12;24;12;0;0;07/07/2026;AUGUSTO;0
11;986;OLEO SOJA VITALIV PET 900ML;MERCEARIA;90815;07/07/2026;168750;90659;20;140;20;1;0;;;1434
11;2677;FARINHA MANDIOCA YOKI 500G;MERCEARIA;90815;07/07/2026;168750;90659;24;0;24;1;0;;;66
11;3635;SAL MOIDO CBS 1KG;MERCEARIA;90815;07/07/2026;168750;90659;10;2324;60;6;6;07/07/2026;MIKAEL;-19
11;212;VH CARTA VIEJA CARMENERE 1L;BEBIDAS;90815;07/07/2026;168750;90659;12;12;12;0;0;07/07/2026;AUGUSTO;7
11;392;ENERG MONSTER LT 473ML MANGO LOCO;BEBIDAS;90815;07/07/2026;168750;90659;6;356;24;0;0;07/07/2026;AUGUSTO;30
11;954;AGUA COCO KERO COCO TP 1L;BEBIDAS;90815;07/07/2026;168750;90659;12;0;12;0;0;07/07/2026;AUGUSTO;5
11;37021;FAROFA DINDA 200G TRAD;MERCEARIA;90815;07/07/2026;168750;90659;25;750;25;0;0;07/07/2026;MIKAEL;20
11;847;REFRIG COCA COLA PET 600ML;BEBIDAS;90815;07/07/2026;168750;90659;12;3516;60;5;0;;;-32
11;2814;POLENTA PERDIZ 500G INST TEMP;MERCEARIA;90815;07/07/2026;168750;90659;12;155;12;1;0;;;21
11;23023;SAB LIQ BELEZA AMAZONIA 370ML FRUTAS VRM;PERFUMARIA E LIMPEZA;90815;07/07/2026;168750;90659;12;11;12;1;0;;;2
11;3589;BEBIDA PARMALAT WHEY 250ML CHOC;MERCEARIA;90815;07/07/2026;168750;90659;18;36;18;1;1;07/07/2026;AUGUSTO;25
11;3539;FERM PO QUIMICO GOOD INSTANT SH 11G;MERCEARIA;90815;07/07/2026;168750;90659;50;100;200;4;0;;;14
11;35633;SOPA DE CANECA NEILAR 18G MANDIO C CEBOLA;MERCEARIA;90815;07/07/2026;168750;90659;12;696;36;3;0;;;62
11;37250;ENERG RED BULL LT 250ML MACA SA;BEBIDAS;90815;07/07/2026;168750;90659;24;120;24;0;0;07/07/2026;AUGUSTO;11
11;2217;ARROZ PARBO RAROZ TP1 1KG;MERCEARIA;90815;07/07/2026;168750;90659;30;1500;30;0;0;07/07/2026;ALEXSANDER;40
11;2541;ERVA MATE SEIVA PURA 500G COM ACUCAR;MERCEARIA;90815;07/07/2026;168750;90659;1;26;4;0;0;07/07/2026;MIKAEL;2
11;182;REFRE PO GLUP 15G GUARANA;BEBIDAS;90815;07/07/2026;168750;90659;60;37620;60;1;1;07/07/2026;AUGUSTO;543
11;662;SUCO KAPO TP 200ML MACA;BEBIDAS;90815;07/07/2026;168750;90659;12;108;48;4;4;07/07/2026;AUGUSTO;29
11;22654;QUENTAO S ALCOOL 2L;BEBIDAS;90815;07/07/2026;168750;90659;6;36;24;0;0;07/07/2026;AUGUSTO;1
11;2448;SARDINHA NAUTIQUE 125G OLEO;MERCEARIA;90815;07/07/2026;168750;90659;50;12500;50;1;0;;;513
11;2568;MOLHO TOM CAJAMAR SH 300G TRAD;MERCEARIA;90815;07/07/2026;168750;90659;32;288;96;3;0;;;52
11;868;MAIONESE HELLMANNS SH 1KG;MERCEARIA;90815;07/07/2026;168750;90659;12;288;12;1;0;;;11
11;21125;MOL TOM TRAD VAL SH 300G;MERCEARIA;90815;07/07/2026;168750;90659;36;17783;432;12;0;;;176
11;2745;FARINHA TRIGO MARIA INES 1KG;MERCEARIA;90815;07/07/2026;168750;90659;10;15010;420;39;39;07/07/2026;ALEXSANDER;419
11;3397;CALDO APTI 19G LEGUMES;MERCEARIA;90815;07/07/2026;168750;90659;24;3648;48;2;0;;;97
11;15;AGUA SABORIZ H2OH PET 1 5L LIMONETO;BEBIDAS;90815;07/07/2026;168750;90659;6;18;6;1;1;07/07/2026;AUGUSTO;11
11;238;VH DEL GRANO GOLD TINTO 750ML DEMI SEC;BEBIDAS;90815;07/07/2026;168750;90659;6;18;18;0;0;07/07/2026;AUGUSTO;14
11;601;SUCO DEL VALLE TP 1L PESSEGO;BEBIDAS;90815;07/07/2026;168750;90659;6;0;6;0;0;07/07/2026;AUGUSTO;13
11;643;SUCO DEL VALLE FRUT PET 1 5L FRUTAS CITRICAS;BEBIDAS;90815;07/07/2026;168750;90659;6;84;6;0;0;07/07/2026;AUGUSTO;14
11;755;REFRIG SCHWEPPES CITRUS PET 1 5L;BEBIDAS;90815;07/07/2026;168750;90659;6;0;6;0;0;07/07/2026;AUGUSTO;12
11;17566;ENERG RED BULL LT 250ML MELAO MARACUJA;BEBIDAS;90815;07/07/2026;168750;90659;4;234;4;0;0;07/07/2026;AUGUSTO;15
11;33871;REFRE HAPPY TP 200ML ABACAXI;BEBIDAS;90815;07/07/2026;168750;90659;24;24;48;0;0;07/07/2026;AUGUSTO;1
11;963;OLEO LIZA CANOLA 900ML;MERCEARIA;90815;07/07/2026;168750;90659;20;0;20;1;0;;;9
11;784;REFRIG ANTARCTICA GUARANA PET 2L;BEBIDAS;90815;07/07/2026;168750;90659;8;78;168;21;0;;;120
11;2747;FARINHA TRIGO ROSESOL 5KG;MERCEARIA;90815;07/07/2026;168750;90659;5;30;10;0;0;07/07/2026;ALEXSANDER;1
11;2368;FEIJAO VERMELHO SERRA URUGUAI 500G;MERCEARIA;90815;07/07/2026;168750;90659;20;459;20;1;0;;;34
11;12452;AMEND BCO BELLA DICA 400G;MERCEARIA;90815;07/07/2026;168750;90659;12;4100;12;1;0;;;-6
11;1857;PAST DOCILE MINTY 14G TUTTI FRUTTI;MERCEARIA;90815;07/07/2026;168750;90659;12;96;12;1;0;;;6
11;3807;PO P SORVETE APTI 120G MOR;MERCEARIA;90815;07/07/2026;168750;90659;12;0;12;1;0;;;24
11;2543;ERVA MATE SEIVA PURA 500G TERERE LIMAO E MENTA;MERCEARIA;90815;07/07/2026;168750;90659;10;20;10;0;0;07/07/2026;MIKAEL;5
11;2617;ERVA MATE SEIVA PURA 1KG NATIVA COM ACUCAR;MERCEARIA;90815;07/07/2026;168750;90659;1;7;7;1;1;07/07/2026;MIKAEL;10
11;664;SUCO KAPO TP 200ML UVA;BEBIDAS;90815;07/07/2026;168750;90659;12;1008;12;0;0;07/07/2026;AUGUSTO;94
11;3668;LEITE COND MOCA NESTLE TP 395G SEMIDESNATADO;MERCEARIA;90815;07/07/2026;168750;90659;27;81;27;1;0;;;15
11;839;ERVILHA OLE LT 1 7KG;MERCEARIA;90815;07/07/2026;168750;90659;6;607;12;2;0;;;19
11;874;MAIONESE ODERICH SH 1KG;MERCEARIA;90815;07/07/2026;168750;90659;6;2844;12;2;0;;;36
11;12237;ACUCAR REFINADO GASPARIN 1KG;MERCEARIA;90815;07/07/2026;168750;90659;10;1161;10;1;0;;;131
11;33868;REFRE HAPPY TP 200ML UVA;BEBIDAS;90815;07/07/2026;168750;90659;24;48;24;0;0;07/07/2026;AUGUSTO;26
11;2749;FARINHA TRIGO MARIA INES 5KG;MERCEARIA;90815;07/07/2026;168750;90659;5;375;15;3;3;07/07/2026;ALEXSANDER;1
11;37030;FAROFA ROCHA 250G FARROUPILHA;MERCEARIA;90815;07/07/2026;168750;90659;12;72;12;1;1;07/07/2026;MIKAEL;2
11;29;REFRE PO TRINK 15G MORANGO;BEBIDAS;90815;07/07/2026;168750;90659;150;450;150;1;1;07/07/2026;AUGUSTO;425
11;4256;AP PRESTOBARBA ULTRAGRIP 3L CART2UN;PERFUMARIA E LIMPEZA;90815;07/07/2026;168750;90659;1;2;1;1;0;;;0
11;19204;GLIC VEGETAL JAY LUC 100ML;PERFUMARIA E LIMPEZA;90815;07/07/2026;168750;90659;1;3;1;1;0;;;2
11;24825;TINTURA BELAECOR 147G 6 7 CHOC;PERFUMARIA E LIMPEZA;90815;07/07/2026;168750;90659;6;0;6;1;0;;;14
11;2628;ERVA MATE PONCHE VERDE 1KG TRAD;MERCEARIA;90815;07/07/2026;168750;90659;20;0;20;0;0;07/07/2026;ALEXSANDER;0
11;386;ENERG MONSTER LT 473ML ABSOLUT ZERO;BEBIDAS;90815;07/07/2026;168750;90659;6;330;18;0;0;07/07/2026;AUGUSTO;7
11;417;BEB VIT BALY KIDS LT 220ML LARANJA;BEBIDAS;90815;07/07/2026;168750;90659;6;6;6;0;0;07/07/2026;AUGUSTO;17
11;12594;ARROZ BCO FINOS GRAOS 5K;MERCEARIA;90815;07/07/2026;168750;90659;6;42;24;0;0;07/07/2026;ALEXSANDER;4
11;2280;CANJICA AMARELA CBS 400G;MERCEARIA;90815;07/07/2026;168750;90659;12;48;12;0;0;07/07/2026;ALEXSANDER;0
11;2621;ERVA MATE SEIVA PURA 1KG GROSSA S ACUCAR;MERCEARIA;90815;07/07/2026;168750;90659;10;20;10;0;0;07/07/2026;MIKAEL;10
11;3682;MIST LACTEA COND TRIANGULO TP 395G;MERCEARIA;90815;07/07/2026;168750;90659;27;351;27;4;0;;;288
11;304;VH SANGUE BOI TINTO 4L SV;BEBIDAS;90815;07/07/2026;168750;90659;2;17;2;1;1;07/07/2026;AUGUSTO;6
11;282;CERV MICHELOB ULTRA LN 330ML;BEBIDAS;90815;07/07/2026;168750;90659;24;1248;24;0;0;07/07/2026;AUGUSTO;12
11;322;BEB ADES TP 1L PESSEGO;BEBIDAS;90815;07/07/2026;168750;90659;6;6;6;0;0;07/07/2026;AUGUSTO;2
11;347;CERV PATAGONIA AMBER LT 473ML;BEBIDAS;90815;07/07/2026;168750;90659;6;0;6;0;0;07/07/2026;AUGUSTO;19
11;424;AGUARD VELHO BARREIRO VD 910ML ADOCADO;BEBIDAS;90815;07/07/2026;168750;90659;12;24;12;0;0;07/07/2026;AUGUSTO;41
11;589;SUCO COM TEM TP 200ML LARANJA;BEBIDAS;90815;07/07/2026;168750;90659;24;0;24;0;0;07/07/2026;AUGUSTO;0
11;781;REFRIG SUKITA PET 200ML;BEBIDAS;90815;07/07/2026;168750;90659;12;252;36;3;3;07/07/2026;AUGUSTO;0
11;896;REFRIG FANTA LARANJA LT 350ML;BEBIDAS;90815;07/07/2026;168750;90659;6;1225;42;0;0;07/07/2026;AUGUSTO;34
11;25434;VH JP BCO SECO TRAD 1 5L;BEBIDAS;90815;07/07/2026;168750;90659;6;6;6;0;0;07/07/2026;AUGUSTO;6
11;33511;CERV BRUTAL FRUIT LN 275ML;BEBIDAS;90815;07/07/2026;168750;90659;12;36;12;1;1;07/07/2026;AUGUSTO;8
11;2268;CANJICA AMARELA YOKI 500G;MERCEARIA;90815;07/07/2026;168750;90659;12;24;12;0;0;07/07/2026;ALEXSANDER;-11
11;2817;FARINHA KIPOLENTA YOKI 500G;MERCEARIA;90815;07/07/2026;168750;90659;24;54;24;0;0;07/07/2026;ALEXSANDER;15
11;2361;FEIJAO VERMELHO ARBAZA 500G;MERCEARIA;90815;07/07/2026;168750;90659;12;1161;36;0;0;07/07/2026;MIKAEL;35
11;1276;CHOC BARRA GAROTO 80G MEIO AMARGO;MERCEARIA;90815;07/07/2026;168750;90659;16;80;16;1;0;;;26
11;35632;SOPA DE CANECA NEILAR 18G LEGUMES;MERCEARIA;90815;07/07/2026;168750;90659;12;1068;96;8;0;;;0
11;35631;SOPA DE CANECA NEILAR 18G FGO C QJO;MERCEARIA;90815;07/07/2026;168750;90659;12;276;108;9;0;;;32
11;24816;TINTURA BELAECOR 147G 3 0 CASTANHO E;PERFUMARIA E LIMPEZA;90815;07/07/2026;168750;90659;6;0;6;1;0;;;12
11;2509;ERVA MATE PONCHE VERDE 500G MOIDA GROSSA;MERCEARIA;90815;07/07/2026;168750;90659;20;0;20;0;0;;;21
11;2606;MOLHO TOM ODERICH SH 1 010G TRAD;MERCEARIA;90885;07/07/2026;168896;91112;12;2794;12;0;0;;;0
11;17701;ERVILHA FUGINI SH 1 7K;MERCEARIA;90885;07/07/2026;168896;91112;6;802;6;0;0;;;-4
11;2161;ARROZ BCO ALEGRETE TP1 5KG;MERCEARIA;90911;07/07/2026;169002;91112;6;516;126;0;0;;;27
11;2081;CAFE SOL 3C SH 40G TRAD;MERCEARIA;90911;07/07/2026;169002;91112;24;144;72;0;0;;;-34
11;2109;CAFE SOL NESCAFE SH 40G ORIGINAL;MERCEARIA;90911;07/07/2026;169002;91112;24;192;48;0;0;;;7
11;38001;CEREAL MAT DOMELLY DINOCRISPY A CHO;MERCEARIA;90911;07/07/2026;169002;91112;10;200;40;0;0;;;0
11;3437;SOPA CEBOLA MAGGI 68G;MERCEARIA;90911;07/07/2026;169002;91112;12;84;24;0;0;;;23
11;3512;FERM PO BIOL GOOD INSTANT SH 10G;MERCEARIA;91009;07/07/2026;169201;91112;30;6180;30;0;0;;;0
11;3516;FERM PO BIOL GOOD INSTANT SH 125G;MERCEARIA;91009;07/07/2026;169201;91112;12;600;12;0;0;;;0
11;18479;FERM PO QUIMICO GOOD INSTANT 100G;MERCEARIA;91009;07/07/2026;169201;91112;72;0;72;0;0;;;0
11;310;VH TRADICAO TINTO 1 4L SC;BEBIDAS;91009;07/07/2026;169201;91112;6;312;30;0;0;;;96
11;4598;CERV ITAIPAVA MALZBIER LT 350ML;BEBIDAS;91074;07/07/2026;169468;91096;12;2606;60;5;0;;;39
11;280;CERV ITAIPAVA MALZBIER LN 330ML;BEBIDAS;91074;07/07/2026;169468;91096;12;1308;60;5;0;;;12
11;2348;FEIJAO PRETO ARBAZA TP1 1KG;MERCEARIA;91107;07/07/2026;169509;91334;30;6362;60;2;0;;;308
11;747;ACUCAR CRISTAL GASPARIN 2KG;MERCEARIA;91107;07/07/2026;169509;91334;15;6103;225;15;0;;;398
11;16286;COBERTOR SORRISO CASAL 1 70MX1 90M;NAO ALIMENTO;91138;07/07/2026;169549;91561;20;1200;100;100;0;08/07/2026;ELTON;137
11;2909;ACHOC LIQ SHOWKINHO 200ML;MERCEARIA;91174;07/07/2026;169726;91276;27;10449;1215;45;0;;;1285
11;19176;GFA TERM TERMOLAR MAGIC PUMP 1L RSA BALE;NAO ALIMENTO;91245;07/07/2026;169748;;6;0;24;0;0;;;0
11;38827;GFA TERM TERMOLAR MAGIC PUMP VERDE 1L;NAO ALIMENTO;91245;07/07/2026;169748;;6;0;12;0;0;;;0
11;6265;GFA TERM TERMOLAR MAGIC PUMP 1L PTA;NAO ALIMENTO;91245;07/07/2026;169748;;6;348;18;0;0;;;0
11;6264;GFA TERM TERMOLAR MAGIC PUMP DEC 1L GAUCHO;NAO ALIMENTO;91245;07/07/2026;169748;;6;0;24;0;0;;;2
11;6266;GFA TERM TERMOLAR MAGIC PUMP 1L VRM AURORA;NAO ALIMENTO;91245;07/07/2026;169748;;6;246;24;0;0;;;0
11;33510;GFA TERM TERMOLAR MAGIC PUMP 1L MARROM;NAO ALIMENTO;91245;07/07/2026;169748;;6;60;18;0;0;;;1
11;1491;BISC RECH TRAKINAS 126G BUBBALOO T FRUT;MERCEARIA;91294;07/07/2026;169813;91389;54;270;54;0;0;08/07/2026;JESSICA;-1
11;1493;BISC RECH TRAKINAS 126G CHOC MORANGO;MERCEARIA;91294;07/07/2026;169813;91389;54;0;108;2;2;08/07/2026;JESSICA;45
11;1616;BISC SALG CLUB SOCIAL 288G ORIGINAL;MERCEARIA;91294;07/07/2026;169813;91389;20;120;100;5;5;08/07/2026;JESSICA;-23
11;1497;BISC RECH TRAKINAS 126G CHOC;MERCEARIA;91294;07/07/2026;169813;91389;54;270;162;3;3;08/07/2026;JESSICA;58
12;6787;LEITE LV ELEGE 1L ZERO LAC SEMI DES;PERECIVEIS;90789;07/07/2026;168737;90660;12;238;12;1;0;;;0
12;6781;LEITE LV EDGE ELEGE 1L INTEGRAL;PERECIVEIS;90789;07/07/2026;168737;90660;12;204;12;1;0;;;183
12;6791;LEITE UHT PET ELEGE 1L DESNATADO;PERECIVEIS;90789;07/07/2026;168737;90660;6;348;102;17;0;;;18
12;6782;LEITE UHT TIROL C TAMPA 1L DESN;PERECIVEIS;90789;07/07/2026;168737;90660;12;1421;24;2;0;;;144
12;3539;FERM PO QUIMICO GOOD INSTANT SH 11G;MERCEARIA;90817;07/07/2026;168751;90660;50;100;100;2;0;;;0
12;7093;MASC SEDA 300G CONC COLAGENO VIT;PERFUMARIA E LIMPEZA;90817;07/07/2026;168751;90660;6;0;6;1;0;;;16
12;18978;GEL FIX DI HELLEN BRI M ERV DIA DI A 240G;PERFUMARIA E LIMPEZA;90817;07/07/2026;168751;90660;12;48;12;1;0;;;0
12;904;REFRIG PEPSI LT 350ML;BEBIDAS;90817;07/07/2026;168751;90660;12;876;24;2;0;;;5
12;830;REFRIG SPRITE PET 2L;BEBIDAS;90817;07/07/2026;168751;90660;8;0;8;1;0;;;-5
12;2568;MOLHO TOM CAJAMAR SH 300G TRAD;MERCEARIA;90817;07/07/2026;168751;90660;32;288;416;13;0;;;-9
12;5249;CR DENT CLOSE UP 70G PROT BIOATIVA;PERFUMARIA E LIMPEZA;90817;07/07/2026;168751;90660;72;0;144;2;0;;;0
12;19317;HID DI HELLEN 30G AVEIA;PERFUMARIA E LIMPEZA;90817;07/07/2026;168751;90660;12;0;12;1;0;;;32
12;3889;ABS C ABAS ALWAYS LV16PG14 NOT SUAV;PERFUMARIA E LIMPEZA;90817;07/07/2026;168751;90660;12;0;12;1;0;;;10
12;750;ACUCAR CRISTAL GASPARIN 5KG;MERCEARIA;90817;07/07/2026;168772;90660;6;972;12;2;0;;;0
12;23212;SAL MOIDO 5 ESTRELAS 1KG;MERCEARIA;90817;07/07/2026;168751;90660;10;12236;40;4;0;;;82
12;36996;FARINHA TAPIOCA ROCHA 500G TRAD;MERCEARIA;90817;07/07/2026;168751;90660;20;20;20;1;0;;;8
12;5254;CR DENTAL CLOSE UP 100G LIQUIFRESH RED HOT;PERFUMARIA E LIMPEZA;90817;07/07/2026;168751;90660;12;-24;12;1;0;;;37
12;36357;OLEO SERUM TOQUE DE SEDA FR 60ML;PERFUMARIA E LIMPEZA;90817;07/07/2026;168751;90660;12;0;24;2;0;;;2
12;2540;ERVA MATE SEIVA PURA 500G SEM ACUCAR;MERCEARIA;90817;07/07/2026;168751;90660;1;1;1;1;0;;;0
12;1276;CHOC BARRA GAROTO 80G MEIO AMARGO;MERCEARIA;90817;07/07/2026;168751;90660;16;80;16;1;0;;;0
12;33374;DESO AERO AXE 200ML APO VET E MANDA;PERFUMARIA E LIMPEZA;90817;07/07/2026;168751;90660;12;600;12;1;0;;;22
12;8230;SH HEAD SHOULDERS 200ML MENTHOL REFRE;PERFUMARIA E LIMPEZA;90817;07/07/2026;168751;90660;6;78;12;2;0;;;18
12;9857;MASC GOTA DOURADA 500G DESAMARELADOR;PERFUMARIA E LIMPEZA;90817;07/07/2026;168751;90660;12;0;12;1;0;;;0
12;4203;AMAC GIRANDO SOL 2L BRANCO;PERFUMARIA E LIMPEZA;90817;07/07/2026;168751;90660;6;288;6;1;0;;;3
12;539;GATORADE 500ML LARANJA;BEBIDAS;90817;07/07/2026;168751;90660;6;84;6;1;0;;;0
12;780;REFRIG SPRITE PET 200ML;BEBIDAS;90817;07/07/2026;168751;90660;12;0;12;1;0;;;12
12;847;REFRIG COCA COLA PET 600ML;BEBIDAS;90817;07/07/2026;168751;90660;12;3516;12;1;0;;;146
12;537;GATORADE 500ML BERRY BLUE;BEBIDAS;90817;07/07/2026;168751;90660;6;270;6;1;0;;;6
12;7389;PASTILHA HIGISOL 3UN 27G CRAVO E CANELA;PERFUMARIA E LIMPEZA;90817;07/07/2026;168751;90660;24;0;24;1;0;;;16
12;815;REFRIG FRUKI PET 2L GUARANA GUARANA;BEBIDAS;90817;07/07/2026;168751;90660;6;78;12;2;0;;;42
12;813;REFRIGC COLA FRUKI PET 2 L COLA;BEBIDAS;90817;07/07/2026;168751;90660;6;0;12;2;0;;;0
12;2280;CANJICA AMARELA CBS 400G;MERCEARIA;90817;07/07/2026;168751;90660;12;48;12;1;0;;;0
12;2368;FEIJAO VERMELHO SERRA URUGUAI 500G;MERCEARIA;90817;07/07/2026;168751;90660;20;459;20;1;0;;;6
12;37075;FARINHA TAPIOCA DINDA 400G TRAD;MERCEARIA;90817;07/07/2026;168751;90660;20;477;20;1;0;;;2
12;3431;SOPA GALINHA MAGGI 60G FIDELINI;MERCEARIA;90817;07/07/2026;168751;90660;10;59;10;1;0;;;8
12;35631;SOPA DE CANECA NEILAR 18G FGO C QJO;MERCEARIA;90817;07/07/2026;168751;90660;12;276;36;3;0;;;109
12;23021;SAB LIQ BELEZA AMAZONIA 370ML ERV DOCE;PERFUMARIA E LIMPEZA;90817;07/07/2026;168751;90660;12;12;12;1;0;;;0
12;4230;AMPOLA PANTENE 45ML 3UN TRAT HIDRATA;PERFUMARIA E LIMPEZA;90817;07/07/2026;168751;90660;1;1;1;1;0;;;9
12;35117;MASC PANTENE BOND 270G REPAIR;PERFUMARIA E LIMPEZA;90817;07/07/2026;168751;90660;12;168;12;1;0;;;10
12;21299;ODORIZ AMAZONIA AROM 270ML CRAVO CANE;PERFUMARIA E LIMPEZA;90817;07/07/2026;168751;90660;12;0;12;1;0;;;8
12;762;REFRIG COCA COLA PET 200ML;BEBIDAS;90817;07/07/2026;168751;90660;12;1668;36;3;0;;;0
12;803;KETCHUP ODERICH SH 1K;MERCEARIA;90817;07/07/2026;168751;90660;6;234;12;2;0;;;40
12;844;REFRIG ANTARCTICA PET 600ML GUARANA;BEBIDAS;90817;07/07/2026;168751;90660;12;12;12;1;0;;;9
12;17292;DESOD ROLLON DOVE 50ML INVISIBLE DRY;PERFUMARIA E LIMPEZA;90817;07/07/2026;168751;90660;12;0;24;2;0;;;0
12;33255;REFRIG CHARRUA PET 3L GUARANA;BEBIDAS;90817;07/07/2026;168751;90660;6;25;6;1;0;;;0
12;834;REFRIG ANTARCTICA GUARANA PET 3L;BEBIDAS;90817;07/07/2026;168751;90660;4;409;8;2;0;;;36
12;78;AGUA SABORIZ H2OH PET 500ML LIMAO;BEBIDAS;90817;07/07/2026;168751;90660;12;-24;12;1;0;;;39
12;909;REFRIG SPRITE LT 350ML;BEBIDAS;90817;07/07/2026;168751;90660;6;6;6;1;0;;;29
12;793;REFRIG COCA COLA E FANTA LARANJA 2L;BEBIDAS;90817;07/07/2026;168751;90660;2;6;2;1;0;;;2
12;10178;SABON PALMOLIVE NATURALS 85G KARITE;PERFUMARIA E LIMPEZA;90817;07/07/2026;168751;90660;108;648;108;1;0;;;9
12;23029;SAB LIQ BEM ESTAR RF 300ML FRUT VRM;PERFUMARIA E LIMPEZA;90817;07/07/2026;168751;90660;12;0;12;1;0;;;0
12;747;ACUCAR CRISTAL GASPARIN 2KG;MERCEARIA;90817;07/07/2026;168751;90660;15;6103;45;3;0;;;42
12;2046;ARROZ ARBOREO PILECCO 1KG;MERCEARIA;90817;07/07/2026;168751;90660;10;10;10;1;0;;;17
12;3635;SAL MOIDO CBS 1KG;MERCEARIA;90817;07/07/2026;168751;90660;10;2324;40;4;0;;;56
12;687;ESP GARIBALDI PRIMICIAS GF 660ML ROSE;BEBIDAS;90817;07/07/2026;168751;90660;1;19;1;1;0;;;4
12;10173;SABON PALMOLIVE NATURALS 85G CAMELIA AMEND;PERFUMARIA E LIMPEZA;90817;07/07/2026;168751;90660;108;0;108;1;0;;;61
12;24653;TCO TENYS PE BARUEL PO 100G ORIG;PERFUMARIA E LIMPEZA;90817;07/07/2026;168751;90660;12;144;36;3;0;;;0
12;116;CERV SKOL 1L;BEBIDAS;90817;07/07/2026;168751;90660;12;12;12;1;0;;;6
12;23000;SAB FONTANA SENSUS 150G FLORESCER;PERFUMARIA E LIMPEZA;90817;07/07/2026;168751;90660;72;1296;72;1;0;;;22
12;5226;CR DENT COLGATE T ACAO 90G ORIG;PERFUMARIA E LIMPEZA;90817;07/07/2026;168751;90660;144;4896;144;1;0;;;0
12;2760;FARINHA TRIGO NORDESTE 5KG;MERCEARIA;90817;07/07/2026;168751;90660;5;465;5;1;0;;;0
12;2118;ARROZ BCO SABOROSO T1 2K;MERCEARIA;90817;07/07/2026;168751;90660;15;150;15;1;0;;;20
12;38617;CD DOVE NUTRI TRIOLEOS 370ML;PERFUMARIA E LIMPEZA;90817;07/07/2026;168751;90660;1;9;1;1;0;;;0
12;10164;SAB LIQ PAMPERS REF 350ML GLICERINA;PERFUMARIA E LIMPEZA;90817;07/07/2026;168751;90660;6;6;6;1;0;;;0
12;4258;AP PROBAK II LV7 PG5;PERFUMARIA E LIMPEZA;90817;07/07/2026;168751;90660;1;14;3;3;0;;;24
12;2628;ERVA MATE PONCHE VERDE 1KG TRAD;MERCEARIA;90817;07/07/2026;168751;90660;20;0;20;0;0;;;0
12;889;REFRIG COCA COLA LT 350ML;BEBIDAS;90817;07/07/2026;168751;90660;12;48;24;2;0;;;3
12;778;REFRIG PEPSI COLA PET 200ML;BEBIDAS;90817;07/07/2026;168751;90660;12;371;24;2;0;;;36
12;2401;MILHO PIPOCA BELLA DICA 400GR;MERCEARIA;90817;07/07/2026;168751;90660;12;2003;72;6;0;;;101
12;6747;LEAVE IN SEDA 110ML LUMINOUS UV;PERFUMARIA E LIMPEZA;90817;07/07/2026;168751;90660;6;0;6;1;0;;;4
12;7355;PAPEL HIG DUETTO 4 UN DE 30M NEUTRO;PERFUMARIA E LIMPEZA;90817;07/07/2026;168751;90660;16;0;112;0;0;07/07/2026;ELIAS;3
12;20193;LIXA P PES DUPLA FACE;PERFUMARIA E LIMPEZA;90817;07/07/2026;168751;90660;1;0;1;1;0;;;5
12;396;ENERG MONSTER LT 473ML ULTRA;BEBIDAS;90817;07/07/2026;168751;90660;6;15;6;1;0;;;1
12;784;REFRIG ANTARCTICA GUARANA PET 2L;BEBIDAS;90817;07/07/2026;168751;90660;8;78;216;27;0;;;9
12;6126;FRALDA CONFORTSEC PAMPERS G 38UN;PERFUMARIA E LIMPEZA;90817;07/07/2026;168751;90660;4;0;8;2;0;;;2
12;10145;SAB FARNESE 180G ERV DOCE VERB;PERFUMARIA E LIMPEZA;90817;07/07/2026;168751;90660;36;1188;36;1;0;;;43
12;2688;FARINHA MILHO SAUDAVEL 1KG MEDIA;MERCEARIA;90817;07/07/2026;168751;90660;30;90;30;1;0;;;-1
12;2150;ARROZ BCO REQUINTE TP1 5KG;MERCEARIA;90817;07/07/2026;168751;90660;6;2180;6;1;0;;;11
12;38001;CEREAL MAT DOMELLY DINOCRISPY A CHO;MERCEARIA;90913;07/07/2026;169003;91219;10;200;40;4;4;07/07/2026;FERNANDO PAZ;0
12;310;VH TRADICAO TINTO 1 4L SC;BEBIDAS;91011;07/07/2026;169202;91113;6;312;60;10;0;;;10
12;3512;FERM PO BIOL GOOD INSTANT SH 10G;MERCEARIA;91011;07/07/2026;169202;91113;30;6180;30;1;0;;;4
12;311;VH TRADICAO TINTO 1 4L SV;BEBIDAS;91011;07/07/2026;169202;91113;6;3501;60;10;0;;;221
12;3516;FERM PO BIOL GOOD INSTANT SH 125G;MERCEARIA;91011;07/07/2026;169202;91113;12;600;12;1;0;;;0
12;3539;FERM PO QUIMICO GOOD INSTANT SH 11G;MERCEARIA;91054;07/07/2026;169436;91219;50;100;100;2;0;08/07/2026;PAMELA;0
12;3542;MELHORADOR FLEISCHMANN SH 10G PAO CERTO;MERCEARIA;91054;07/07/2026;169436;91219;32;32;64;2;0;08/07/2026;PAMELA;0
12;1192;BISC DOCE GIRASSOL ROSCA 250G COCO;MERCEARIA;91054;07/07/2026;169436;91219;22;1122;22;0;0;07/07/2026;FERNANDO PAZ;64
12;13277;BISC AGUA SAL ORQUIDEA 665GR;MERCEARIA;91054;07/07/2026;169436;91219;12;876;12;1;1;07/07/2026;FERNANDO PAZ;1
12;1115;BISC GERMANI CRACKER 345G;MERCEARIA;91054;07/07/2026;169436;91219;20;1100;20;0;0;07/07/2026;FERNANDO PAZ;-6
12;1024;BISC AGUA E SAL PARATI 370G;MERCEARIA;91054;07/07/2026;169436;91219;20;80;20;1;1;07/07/2026;FERNANDO PAZ;20
12;1189;BISC DOCE GIRASSOL ROSCA CALDA 250G;MERCEARIA;91054;07/07/2026;169436;91219;22;814;44;0;0;07/07/2026;FERNANDO PAZ;0
12;3524;FERM QUIMICO PO FLEISCHMANN PT 100G;MERCEARIA;91054;07/07/2026;169436;91219;12;120;36;3;0;08/07/2026;PAMELA;0
12;1620;BISC SORT DOMELLY JOCE 300G;MERCEARIA;91054;07/07/2026;169436;91219;20;876;20;1;1;07/07/2026;FERNANDO PAZ;40
12;1194;BISC DOCE GIRASSOL ROSCA 250G CHOCOLATE;MERCEARIA;91054;07/07/2026;169436;91219;22;748;44;2;2;07/07/2026;FERNANDO PAZ;0
12;3521;FERM QUIMICO PO DR OETKER PT 100G;MERCEARIA;91054;07/07/2026;169436;91219;72;0;144;2;2;07/07/2026;FERNANDO PAZ;127
12;1419;BISC MARIA DOMELLY 300G;MERCEARIA;91054;07/07/2026;169436;91219;20;934;40;2;2;07/07/2026;FERNANDO PAZ;12
12;1277;BISC DOCE PARATI ROSCA 250G CHOCOLATE;MERCEARIA;91054;07/07/2026;169436;91219;16;17;32;2;2;07/07/2026;FERNANDO PAZ;1
12;1356;BISC DOCE DOMELLY ROSCA CHOC 560G;MERCEARIA;91054;07/07/2026;169436;91219;12;180;12;1;1;07/07/2026;FERNANDO PAZ;18
12;1120;BISC GERMANI CREAM CRACKER 345G INTEGRAL;MERCEARIA;91054;07/07/2026;169436;91219;20;480;20;1;1;07/07/2026;FERNANDO PAZ;20
12;1121;BISC ISABELA CREAM CRACKER 350G;MERCEARIA;91054;07/07/2026;169436;91219;24;72;48;0;0;07/07/2026;FERNANDO PAZ;11
12;1290;BISC DOCE DOMELLY GLACEADO 280G CHOC;MERCEARIA;91054;07/07/2026;169436;91219;20;40;20;1;1;07/07/2026;FERNANDO PAZ;20
12;1561;BISC SALG TUCS 100G QUEIJO;MERCEARIA;91054;07/07/2026;169436;91219;30;1470;150;0;0;07/07/2026;FERNANDO PAZ;4
12;1197;BISC DOCE GIRASSOL ROSCA 250G BANANA E CANELA;MERCEARIA;91054;07/07/2026;169436;91219;22;2244;22;1;1;07/07/2026;FERNANDO PAZ;56
12;1025;BISC AGUA E SAL PARATI 740G;MERCEARIA;91054;07/07/2026;169436;91219;12;2198;36;3;3;07/07/2026;FERNANDO PAZ;10
12;1355;BISC DOCE DOMELLY 560G GLACE BCO;MERCEARIA;91054;07/07/2026;169436;91219;12;157;12;1;1;07/07/2026;FERNANDO PAZ;22
12;1291;BISC DOCE DOMELLY GLACEADO 280G BCO;MERCEARIA;91054;07/07/2026;169436;91219;20;1059;20;0;0;07/07/2026;FERNANDO PAZ;20
12;1211;BISC DOCE GIRASSOL SORTIDO 300G;MERCEARIA;91054;07/07/2026;169436;91219;20;480;60;2;2;07/07/2026;FERNANDO PAZ;7
12;1305;BISC DOCE DOMELLY PAO DE MEL 250G CHOC;MERCEARIA;91054;07/07/2026;169436;91219;20;260;20;0;0;07/07/2026;FERNANDO PAZ;1
12;3446;CHOC GRAN DORI 500G ORIGINAL;MERCEARIA;91054;07/07/2026;169436;91219;16;16;16;0;0;07/07/2026;FERNANDO PAZ;0
12;1193;BISC DOCE GIRASSOL ROSCA 250G BRIGADEIRO;MERCEARIA;91054;07/07/2026;169436;91219;22;990;44;2;2;07/07/2026;FERNANDO PAZ;19
12;1422;BISC MARIA GERMANI 345G;MERCEARIA;91054;07/07/2026;169436;91219;20;1620;60;3;3;07/07/2026;FERNANDO PAZ;58
12;1304;BISC DOCE DOMELLY PAO DE MEL 250G GLACE;MERCEARIA;91054;07/07/2026;169436;91219;20;20;20;0;0;07/07/2026;FERNANDO PAZ;30
12;1020;BISC AGUA E SAL ISABELA 350G;MERCEARIA;91054;07/07/2026;169436;91219;24;144;24;1;1;07/07/2026;FERNANDO PAZ;39
12;1113;BISC GERMANI BUTTER CRACKER 345G;MERCEARIA;91054;07/07/2026;169436;91219;20;1760;20;1;1;07/07/2026;FERNANDO PAZ;42
12;750;ACUCAR CRISTAL GASPARIN 5KG;MERCEARIA;91054;07/07/2026;169436;91219;6;972;12;2;2;08/07/2026;IAGO;0
12;1434;BISC MARIA PARATI 740G;MERCEARIA;91054;07/07/2026;169436;91219;12;142;36;0;0;07/07/2026;FERNANDO PAZ;0
12;1208;BISC DOCE DOMELLY ROSCA 280G MILHO;MERCEARIA;91054;07/07/2026;169436;91219;20;120;20;1;1;07/07/2026;FERNANDO PAZ;20
12;1209;BISC DOCE DOMELLY ROSCA 280G CHOCOLATE;MERCEARIA;91054;07/07/2026;169436;91219;20;60;20;1;1;07/07/2026;FERNANDO PAZ;13
12;4598;CERV ITAIPAVA MALZBIER LT 350ML;BEBIDAS;91076;07/07/2026;169469;91097;12;2606;60;5;0;;;98
12;280;CERV ITAIPAVA MALZBIER LN 330ML;BEBIDAS;91076;07/07/2026;169469;91097;12;1308;60;5;0;;;25
12;2348;FEIJAO PRETO ARBAZA TP1 1KG;MERCEARIA;91109;07/07/2026;169510;91219;30;6362;60;2;2;08/07/2026;IAGO;340
12;747;ACUCAR CRISTAL GASPARIN 2KG;MERCEARIA;91109;07/07/2026;169510;91219;15;6103;225;15;15;08/07/2026;AUGUSTO;42
12;17394;DET PO ASSIM 800G TRIPLA ACAO BI;PERFUMARIA E LIMPEZA;91109;07/07/2026;169510;91219;20;580;20;1;1;07/07/2026;FERNANDO PAZ;44
12;17393;DET PO ASSIM 800G MICELAR FLORAL;PERFUMARIA E LIMPEZA;91109;07/07/2026;169510;91219;20;2620;40;2;2;07/07/2026;FERNANDO PAZ;15
12;16286;COBERTOR SORRISO CASAL 1 70MX1 90M;NAO ALIMENTO;91140;07/07/2026;169550;91562;20;1200;100;100;0;08/07/2026;ELTON;90
12;1585;BISC SALG ZEZE 200G MIGNON;MERCEARIA;91154;07/07/2026;169624;91335;24;1032;24;0;0;07/07/2026;ERICA;5
12;1594;BISC SALG CLUB SOCIAL 6UN 141G PRESUNTO;MERCEARIA;91154;07/07/2026;169624;91335;44;88;44;0;0;07/07/2026;ERICA;9
12;1565;BISC SALG TUCS 100G SALAMINHO;MERCEARIA;91154;07/07/2026;169624;91335;30;60;60;0;0;07/07/2026;ERICA;0
12;1497;BISC RECH TRAKINAS 126G CHOC;MERCEARIA;91154;07/07/2026;169624;91335;54;270;108;2;2;07/07/2026;ERICA;23
12;1579;BISC SALG GERMANI 200G MIGNON;MERCEARIA;91154;07/07/2026;169624;91335;20;80;20;1;1;07/07/2026;ERICA;32
12;1619;BISC SORT DOMELLY 560G;MERCEARIA;91154;07/07/2026;169624;91335;12;936;36;3;3;07/07/2026;ERICA;43
12;1576;BISC SALG GERMANI SUZI CROCK 200G ORIGINAL;MERCEARIA;91154;07/07/2026;169624;91335;20;80;40;0;0;07/07/2026;ERICA;18
12;1616;BISC SALG CLUB SOCIAL 288G ORIGINAL;MERCEARIA;91154;07/07/2026;169624;91335;20;120;40;2;2;07/07/2026;ERICA;38
12;1621;BISC SORT GERMANI 400G;MERCEARIA;91154;07/07/2026;169624;91335;20;40;60;3;3;07/07/2026;ERICA;41
12;1564;BISC SALG TUCS 100G TRAD;MERCEARIA;91154;07/07/2026;169624;91335;30;240;30;0;0;07/07/2026;ERICA;24
12;1618;BISC SORT DOMELLY 280G;MERCEARIA;91154;07/07/2026;169624;91335;20;5479;40;0;0;07/07/2026;ERICA;12
12;1606;BISC SALG CLUB SOCIAL 6UN 144G ORIGINAL;MERCEARIA;91154;07/07/2026;169624;91335;44;3080;88;2;2;07/07/2026;ERICA;33
12;1554;BISC SALG SALKIM 90G CHURRASCO;MERCEARIA;91154;07/07/2026;169624;91335;30;120;60;0;0;07/07/2026;ERICA;0
12;2909;ACHOC LIQ SHOWKINHO 200ML;MERCEARIA;91176;07/07/2026;169727;91277;27;10449;810;30;0;;;923
12;6266;GFA TERM TERMOLAR MAGIC PUMP 1L VRM AURORA;NAO ALIMENTO;91247;07/07/2026;169749;;6;246;24;0;0;;;0
12;6265;GFA TERM TERMOLAR MAGIC PUMP 1L PTA;NAO ALIMENTO;91247;07/07/2026;169749;;6;348;18;0;0;;;0
12;6262;GFA TERM TERMOLAR MAGIC PUMP 1L BCA;NAO ALIMENTO;91247;07/07/2026;169749;;6;210;6;0;0;;;4
12;38827;GFA TERM TERMOLAR MAGIC PUMP VERDE 1L;NAO ALIMENTO;91247;07/07/2026;169749;;6;0;6;0;0;;;0
12;33510;GFA TERM TERMOLAR MAGIC PUMP 1L MARROM;NAO ALIMENTO;91247;07/07/2026;169749;;6;60;18;0;0;;;0
12;19176;GFA TERM TERMOLAR MAGIC PUMP 1L RSA BALE;NAO ALIMENTO;91247;07/07/2026;169749;;6;0;18;0;0;;;8
12;6264;GFA TERM TERMOLAR MAGIC PUMP DEC 1L GAUCHO;NAO ALIMENTO;91247;07/07/2026;169749;;6;0;24;0;0;;;6
12;1497;BISC RECH TRAKINAS 126G CHOC;MERCEARIA;91296;07/07/2026;169814;91390;54;270;270;3;3;08/07/2026;CAROLINA;23
12;1606;BISC SALG CLUB SOCIAL 6UN 144G ORIGINAL;MERCEARIA;91296;07/07/2026;169814;91390;44;3080;220;5;5;08/07/2026;CAROLINA;33
12;1616;BISC SALG CLUB SOCIAL 288G ORIGINAL;MERCEARIA;91296;07/07/2026;169814;91390;20;120;100;5;5;08/07/2026;CAROLINA;38
13;304;VH SANGUE BOI TINTO 4L SV;BEBIDAS;90819;07/07/2026;168752;90661;2;17;2;1;0;;;0
13;1416;CHOC SNICKERS 45G;MERCEARIA;90819;07/07/2026;168752;90661;20;220;20;1;0;08/07/2026;PAMELA;16
13;2806;MACARRAO INST NISSIN ESP 500G T3;MERCEARIA;90819;07/07/2026;168752;90661;20;260;40;2;0;07/07/2026;AUGUSTO;1
13;20348;MAC INST NISSIN 85G GAL CAIP PICANT;MERCEARIA;90819;07/07/2026;168752;90661;50;150;50;1;0;07/07/2026;AUGUSTO;27
13;2908;MASSA C OVOS ISABELA 500G LINGUINE;MERCEARIA;90819;07/07/2026;168752;90661;20;182;20;1;0;07/07/2026;AUGUSTO;-8
13;17372;DET LIQ TIXAN YPE POUCH RF 900ML MACIEZ;PERFUMARIA E LIMPEZA;90819;07/07/2026;168752;90661;12;0;12;1;0;08/07/2026;ALEXSANDRO;6
13;834;REFRIG ANTARCTICA GUARANA PET 3L;BEBIDAS;90819;07/07/2026;168752;90661;4;409;4;1;0;07/07/2026;ALEXSANDER;81
13;833;REFRIG SUKITA PET 2L UVA;BEBIDAS;90819;07/07/2026;168752;90661;8;0;8;1;0;07/07/2026;ALEXSANDER;9
13;5309;CR PENT SEDA 300ML LUMINOUS UV;PERFUMARIA E LIMPEZA;90819;07/07/2026;168752;90661;12;12;12;1;0;07/07/2026;WENDRIO;8
13;18738;FRALDA DESC BABYSEC ULTSEC MEGA M 38 UN;PERFUMARIA E LIMPEZA;90819;07/07/2026;168752;90661;6;42;6;1;0;07/07/2026;WENDRIO;9
13;5324;CR PENT TRESEMME 200ML RECONST E FORCA;PERFUMARIA E LIMPEZA;90819;07/07/2026;168752;90661;12;0;12;12;0;07/07/2026;WENDRIO;0
13;3049;ACUCAR MAGRO LIGHT C STEVIA 400G;MERCEARIA;90819;07/07/2026;168752;90661;20;0;20;1;0;07/07/2026;ALEXSANDER;1
13;33871;REFRE HAPPY TP 200ML ABACAXI;BEBIDAS;90819;07/07/2026;168752;90661;24;24;24;1;0;;;1
13;1426;CHOC BIS XTRA BLACK CHOCOLATE 45G;MERCEARIA;90819;07/07/2026;168752;90661;24;24;24;1;0;08/07/2026;PAMELA;9
13;2842;MASSA C OVOS DOMELLY 500G ESPAGUETE;MERCEARIA;90819;07/07/2026;168752;90661;20;0;20;1;0;07/07/2026;AUGUSTO;4
13;3693;TEMP MAGGI MEU SEGREDO 49G TOMATE ERVAS;MERCEARIA;90819;07/07/2026;168752;90661;42;41;42;1;0;07/07/2026;AUGUSTO;40
13;3408;CALDO SAZON 32 5G GALINHA;MERCEARIA;90819;07/07/2026;168752;90661;48;192;48;1;0;07/07/2026;AUGUSTO;49
13;20319;MACARRAO INST GERMANI 63G PICANHA;MERCEARIA;90819;07/07/2026;168752;90661;50;8;50;1;0;07/07/2026;AUGUSTO;101
13;22710;RAC DOPREMIUM FILHOTES 10 1K;PRODUTOS PET;90819;07/07/2026;168752;90661;1;3;6;6;0;07/07/2026;AUGUSTO;4
13;22683;RAC AMIGO PET GATO MIX 500G;PRODUTOS PET;90819;07/07/2026;168752;90661;22;286;22;1;0;07/07/2026;AUGUSTO;13
13;21912;PET PETISCAO TABLETE CAR 60G;PRODUTOS PET;90819;07/07/2026;168752;90661;24;312;24;1;0;07/07/2026;AUGUSTO;14
13;5302;CR PENT SEDA 300ML CACH DEFINIDOS;PERFUMARIA E LIMPEZA;90819;07/07/2026;168752;90661;12;24;24;2;0;;;0
13;5064;COND SEDA 325ML CACHOS DEFINIDO;PERFUMARIA E LIMPEZA;90819;07/07/2026;168752;90661;12;36;12;1;0;;;4
13;7951;SABON PALMOLIVE NATURALS 150G VERDE;PERFUMARIA E LIMPEZA;90819;07/07/2026;168752;90661;72;0;72;1;0;;;15
13;7423;PEDRA SANITARIA SANI SOL 20G EUCALIPTO;PERFUMARIA E LIMPEZA;90819;07/07/2026;168752;90661;144;2016;144;1;0;08/07/2026;ALEXSANDRO;187
13;4177;AMAC DOWNY 1 5L BRISA INTENSO;PERFUMARIA E LIMPEZA;90819;07/07/2026;168752;90661;9;585;45;5;0;08/07/2026;ALEXSANDRO;-14
13;33674;LIMP PERF SAIF CONCENTRADO 120ML BAMBU;PERFUMARIA E LIMPEZA;90819;07/07/2026;168752;90661;12;36;12;1;0;08/07/2026;ALEXSANDRO;11
13;8792;ABS MILI NOTURNO SAUVE C ABAS 32UN;PERFUMARIA E LIMPEZA;90819;07/07/2026;168752;90661;16;240;16;1;0;08/07/2026;ALEXSANDRO;15
13;790;REFRIG CHARRUA GUARANA PET 2L;BEBIDAS;90819;07/07/2026;168752;90661;8;-160;8;1;0;07/07/2026;ALEXSANDER;633
13;38591;FEIJAO BRANCO ARBAZA 500G;MERCEARIA;90819;07/07/2026;168752;90661;12;769;24;2;0;07/07/2026;ALEXSANDER;2
13;23217;SAL REFINADO EX GARCA 1K;MERCEARIA;90819;07/07/2026;168752;90661;10;1329;10;1;0;07/07/2026;ALEXSANDER;40
13;25433;VH CONCHA Y TORO RESERV CAB SUAVE 750ML;BEBIDAS;90819;07/07/2026;168752;90661;12;24;24;2;0;;;4
13;460;ENERG BALY LT 473ML MELANCIA;BEBIDAS;90819;07/07/2026;168752;90661;6;54;18;3;0;;;15
13;1264;CHOC BARRA LACTA 80G LAKA OREO;MERCEARIA;90819;07/07/2026;168752;90661;17;17;17;1;0;08/07/2026;PAMELA;5
13;3512;FERM PO BIOL GOOD INSTANT SH 10G;MERCEARIA;90819;07/07/2026;168752;90661;30;6180;60;2;0;08/07/2026;PAMELA;217
13;3449;SOPAO MAGGI 200G GALINHA CAIPIRA;MERCEARIA;90819;07/07/2026;168752;90661;24;0;24;0;0;07/07/2026;AUGUSTO;14
13;3749;TEMP COMPLETO ARISCO 300G C PIMENTA;MERCEARIA;90819;07/07/2026;168752;90661;24;0;24;1;0;07/07/2026;AUGUSTO;10
13;1015;TEMP EXTREMO SABOR 1 01K ALHO E SAL;MERCEARIA;90819;07/07/2026;168752;90661;6;0;6;1;0;07/07/2026;AUGUSTO;5
13;4276;AREIA HIG PIPICAT 4KG P GATOS;PRODUTOS PET;90819;07/07/2026;168752;90661;6;1608;6;1;0;07/07/2026;AUGUSTO;38
13;18978;GEL FIX DI HELLEN BRI M ERV DIA DI A 240G;PERFUMARIA E LIMPEZA;90819;07/07/2026;168752;90661;12;48;12;1;0;;;9
13;8232;SH HEAD SHOULDERS 200ML PREV QUEDA;PERFUMARIA E LIMPEZA;90819;07/07/2026;168752;90661;6;24;6;1;0;;;13
13;4137;AMAC CONC AQUAFAST 1L HARMONIA;PERFUMARIA E LIMPEZA;90819;07/07/2026;168752;90661;12;12;12;1;0;08/07/2026;ALEXSANDRO;6
13;19372;INSET NITROCID PO 50G;PERFUMARIA E LIMPEZA;90819;07/07/2026;168752;90661;1;6;1;1;0;08/07/2026;ALEXSANDRO;1
13;36326;SODA CAUSTICA ESCAMA SODABEL 1KG;PERFUMARIA E LIMPEZA;90819;07/07/2026;168752;90661;12;12;12;1;0;08/07/2026;ALEXSANDRO;9
13;23162;SABAO ZAVASKI GLIC LIMAO C 5 200G;PERFUMARIA E LIMPEZA;90819;07/07/2026;168752;90661;10;198;10;1;0;08/07/2026;ALEXSANDRO;10
13;48;AGUA MIN FLORESTA PET 500ML C GAS;BEBIDAS;90819;07/07/2026;168752;90661;12;215;12;1;0;07/07/2026;ALEXSANDER;2287
13;16936;CR TRAT HEDERA 960G LISS PERFEITO;PERFUMARIA E LIMPEZA;90819;07/07/2026;168752;90661;6;151;6;1;0;07/07/2026;WENDRIO;4
13;5513;DESOD AERO AXE BS 150ML 96G DARK TEMPTATION;PERFUMARIA E LIMPEZA;90819;07/07/2026;168752;90661;12;1020;36;3;0;07/07/2026;WENDRIO;2
13;18739;FRALDA DESC BABYSEC ULTSEC MEGA P 42 UN;PERFUMARIA E LIMPEZA;90819;07/07/2026;168752;90661;6;0;6;1;0;07/07/2026;WENDRIO;7
13;33219;DESOD CR DOVE 50ML PREV ESCURECIM;PERFUMARIA E LIMPEZA;90819;07/07/2026;168752;90661;12;3;12;1;0;07/07/2026;WENDRIO;0
13;23023;SAB LIQ BELEZA AMAZONIA 370ML FRUTAS VRM;PERFUMARIA E LIMPEZA;90819;07/07/2026;168752;90661;12;11;12;1;0;07/07/2026;WENDRIO;16
13;2747;FARINHA TRIGO ROSESOL 5KG;MERCEARIA;90819;07/07/2026;168752;90661;5;30;5;1;0;07/07/2026;ALEXSANDER;11
13;2320;FEIJAO CARIOCA CALDO OURO 1KG;MERCEARIA;90819;07/07/2026;168752;90661;10;290;10;1;0;07/07/2026;ALEXSANDER;45
13;9975;PAST ADESIVA HIGISOL 3UN CITRICO;PERFUMARIA E LIMPEZA;90819;07/07/2026;168752;90661;24;0;24;1;0;;;0
13;22915;REPARADOR PONTAS JAYLUC 30ML CERAMIDAS;PERFUMARIA E LIMPEZA;90819;07/07/2026;168752;90661;24;85;24;1;0;;;17
13;3998;ALIM CAO DOG CHOW100G SACHE TOD TAM FRANGO ADULTO;PRODUTOS PET;90819;07/07/2026;168752;90661;15;45;15;1;0;07/07/2026;AUGUSTO;39
13;9594;GIRASSOL CBS 250G;PRODUTOS PET;90819;07/07/2026;168752;90661;12;12;12;1;0;07/07/2026;AUGUSTO;27
13;17347;DET LIQ GIRANDO SOL 1L COCO;PERFUMARIA E LIMPEZA;90819;07/07/2026;168752;90661;12;360;12;1;0;08/07/2026;ALEXSANDRO;10
13;33881;DET LIQ OMO CICLO RAPIDO 1 4 L CUIDADO;PERFUMARIA E LIMPEZA;90819;07/07/2026;168752;90661;6;35;6;1;0;08/07/2026;ALEXSANDRO;6
13;18760;FRALDA DESC MILI GIGA XXG C 52;PERFUMARIA E LIMPEZA;90819;07/07/2026;168752;90661;4;183;4;1;0;08/07/2026;ALEXSANDRO;5
13;778;REFRIG PEPSI COLA PET 200ML;BEBIDAS;90819;07/07/2026;168752;90661;12;371;12;1;0;07/07/2026;ALEXSANDER;18
13;827;REFRIG PEPSI TWIST PET 2L;BEBIDAS;90819;07/07/2026;168752;90661;8;1760;16;2;0;07/07/2026;ALEXSANDER;128
13;102;CERV ANTARCTICA SUBZERO GF 1L RETORNAVEL;BEBIDAS;90819;07/07/2026;168752;90661;12;936;12;1;0;07/07/2026;ALEXSANDER;6
13;2355;FEIJAO PRETO SERRA URUGUAI TP1 1KG;MERCEARIA;90819;07/07/2026;168752;90661;30;3660;30;1;0;07/07/2026;ALEXSANDER;204
13;22654;QUENTAO S ALCOOL 2L;BEBIDAS;90819;07/07/2026;168752;90661;6;36;6;1;0;;;1
13;33722;COQUETEL CHICOTE PET 500ML MORANGO;BEBIDAS;90819;07/07/2026;168752;90661;12;0;12;1;0;;;11
13;34724;REFRE HAPPY TP 1L ABACAXI;BEBIDAS;90819;07/07/2026;168752;90661;12;0;12;1;0;;;3
13;1834;PAST DOCILE ROLLY MINTY 29G EXTRA FORTE;MERCEARIA;90819;07/07/2026;168752;90661;12;384;24;2;0;08/07/2026;PAMELA;3
13;1837;PAST DOCILE ROLLY MINTY 29G FRUIT;MERCEARIA;90819;07/07/2026;168752;90661;12;1320;12;1;0;08/07/2026;PAMELA;6
13;1741;CHICLE FREEGELLS GUM 8G ORIGINAL MINT;MERCEARIA;90819;07/07/2026;168752;90661;15;0;15;1;0;08/07/2026;PAMELA;4
13;3732;TEMP SAZON 60G ARROZ BRANCO;MERCEARIA;90819;07/07/2026;168752;90661;48;0;48;1;0;07/07/2026;AUGUSTO;19
13;20343;MAC INST NISSIN 85G CARNE;MERCEARIA;90819;07/07/2026;168752;90661;50;950;100;2;0;07/07/2026;AUGUSTO;8
13;20616;MAS ESPAPARATI SEMOLA 400G;MERCEARIA;90819;07/07/2026;168752;90661;25;249;25;1;0;07/07/2026;AUGUSTO;13
13;2880;MASSA C OVOS NORDESTE 500G CAB ANJO;MERCEARIA;90819;07/07/2026;168752;90661;20;18;20;1;0;07/07/2026;AUGUSTO;-13
13;12391;AMACIANTE AQUAFAST 1L SED VERM;PERFUMARIA E LIMPEZA;90819;07/07/2026;168752;90661;12;12;12;1;0;08/07/2026;ALEXSANDRO;1
13;903;REFRIG PEPSI BLACK LT 350ML;BEBIDAS;90819;07/07/2026;168752;90661;12;2160;12;1;0;07/07/2026;ALEXSANDER;0
13;34496;CERV BELLAVISTA PILSEN LT 473ML;BEBIDAS;90819;07/07/2026;168752;90661;12;973;12;1;0;07/07/2026;ALEXSANDER;49
13;741;REFRIG COCA COLA PET ZERO 1 5L;BEBIDAS;90819;07/07/2026;168752;90661;8;24;8;1;0;07/07/2026;ALEXSANDER;0
13;22796;RATICIDA RODILON ISCA 25G;PERFUMARIA E LIMPEZA;90819;07/07/2026;168752;90661;40;240;80;2;0;07/07/2026;WENDRIO;-11
13;8426;SH350 COND PANTENE 175ML HIDROCAUTER;PERFUMARIA E LIMPEZA;90819;07/07/2026;168752;90661;6;0;6;1;0;07/07/2026;WENDRIO;5
13;766;REFRIG FANTA PET 200ML LARANJA;BEBIDAS;90819;07/07/2026;168752;90661;12;192;24;2;0;;;197
13;1740;CHICLE FREEGELLS GUM 8G MORANGO;MERCEARIA;90819;07/07/2026;168752;90661;15;870;30;2;0;08/07/2026;PAMELA;0
13;1058;ALFAJOR EL AGUILA 60G CHOC;MERCEARIA;90819;07/07/2026;168752;90661;12;924;12;1;0;08/07/2026;PAMELA;2
13;3539;FERM PO QUIMICO GOOD INSTANT SH 11G;MERCEARIA;90819;07/07/2026;168752;90661;50;100;250;5;0;08/07/2026;PAMELA;74
13;3734;TEMP SAZON 60G MASSAS;MERCEARIA;90819;07/07/2026;168752;90661;48;0;48;1;0;07/07/2026;AUGUSTO;26
13;20660;MAS PARAF PARATI SEMOLA 1K;MERCEARIA;90819;07/07/2026;168752;90661;10;0;10;1;0;07/07/2026;AUGUSTO;6
13;2940;MASSA S OVOS NORDESTE 1KG ESPAGUETE;MERCEARIA;90819;07/07/2026;168752;90661;10;30;10;1;0;07/07/2026;AUGUSTO;0
13;2924;MASSA C OVOS PARATI 500G RIGATONI;MERCEARIA;90819;07/07/2026;168752;90661;20;159;20;1;0;07/07/2026;AUGUSTO;6
13;2864;MASSA C OVOS GERMANI 500G PENNE;MERCEARIA;90819;07/07/2026;168752;90661;20;19;20;1;0;07/07/2026;AUGUSTO;5
13;5525;DESOD AERO BOZZANO 90G INVISIBLE;PERFUMARIA E LIMPEZA;90819;07/07/2026;168752;90661;12;468;12;1;0;;;10
13;5509;DESOD AERO AXE 152ML 90G MARINE;PERFUMARIA E LIMPEZA;90819;07/07/2026;168752;90661;12;984;12;1;0;;;29
13;33374;DESO AERO AXE 200ML APO VET E MANDA;PERFUMARIA E LIMPEZA;90819;07/07/2026;168752;90661;12;600;24;2;0;;;25
13;38619;SH DOVE UMECTACAO E COCO 370ML;PERFUMARIA E LIMPEZA;90819;07/07/2026;168752;90661;1;1;1;1;0;;;1
13;7942;SABON PALMOLIVE NATURALS 150G GELEIA REAL;PERFUMARIA E LIMPEZA;90819;07/07/2026;168752;90661;72;0;72;1;0;;;25
13;20415;MAMAD CEFISA SIL 240ML;PERFUMARIA E LIMPEZA;90819;07/07/2026;168752;90661;12;216;12;1;0;;;14
13;5313;CR PENT SEDA 300ML PRETO LUMINOSO;PERFUMARIA E LIMPEZA;90819;07/07/2026;168752;90661;12;24;12;1;0;07/07/2026;WENDRIO;7
13;13059;BANHEIRA ADOLETA INF 20L ROSA BEBE;PERFUMARIA E LIMPEZA;90819;07/07/2026;168752;90661;1;0;1;1;0;07/07/2026;WENDRIO;2
13;16844;CR DEN COLGATE T ACAO XTRA 120G WHITE;PERFUMARIA E LIMPEZA;90819;07/07/2026;168752;90661;72;168;72;1;0;07/07/2026;WENDRIO;8
13;746;ACUCAR CRISTAL GASPARIN 1KG;MERCEARIA;90819;07/07/2026;168752;90661;10;4640;80;8;0;07/07/2026;ALEXSANDER;141
13;240;VH DEL GRANO GOLD TINTO 750ML SV;BEBIDAS;90819;07/07/2026;168752;90661;6;180;6;1;0;;;16
13;18746;FRALDA DESC FERINHA JUMBINHO C 14 XXG;PERFUMARIA E LIMPEZA;90819;07/07/2026;168752;90661;12;0;12;1;0;07/07/2026;WENDRIO;5
13;36357;OLEO SERUM TOQUE DE SEDA FR 60ML;PERFUMARIA E LIMPEZA;90819;07/07/2026;168752;90661;12;0;12;1;0;07/07/2026;WENDRIO;9
13;3881;ABS ALWAYS 32UN BASICO M SUAVE C ABAS;PERFUMARIA E LIMPEZA;90819;07/07/2026;168752;90661;8;0;8;1;0;07/07/2026;WENDRIO;4
13;82;AGUA TONICA ANTARTICA PET 1L;BEBIDAS;90819;07/07/2026;168752;90661;6;0;6;1;0;;;6
13;33868;REFRE HAPPY TP 200ML UVA;BEBIDAS;90819;07/07/2026;168752;90661;24;48;24;1;0;;;2
13;3568;BEB 3 CORACOES POWER WHEY 250ML COOKIES;MERCEARIA;90819;07/07/2026;168752;90661;12;540;12;1;0;;;8
13;1271;CHOC BARRA GAROTO 80G CROCANTE;MERCEARIA;90819;07/07/2026;168752;90661;16;272;16;1;0;08/07/2026;PAMELA;0
13;3431;SOPA GALINHA MAGGI 60G FIDELINI;MERCEARIA;90819;07/07/2026;168752;90661;10;59;10;1;0;08/07/2026;PAMELA;0
13;648;WHISKY MASTER GOLD VD 900ML;BEBIDAS;90819;07/07/2026;168752;90661;1;85;4;4;0;08/07/2026;PAMELA;3
13;2905;MASSA C OVOS ISABELA 500G NIN LARGO;MERCEARIA;90819;07/07/2026;168752;90661;20;40;20;1;0;07/07/2026;AUGUSTO;0
13;4194;AMAC DOWNY 750ML BRISA DE VERAO;PERFUMARIA E LIMPEZA;90819;07/07/2026;168752;90661;12;203;12;1;0;08/07/2026;ALEXSANDRO;7
13;4139;AMAC CONC AQUAFAST 1L TERNURA;PERFUMARIA E LIMPEZA;90819;07/07/2026;168752;90661;12;12;24;2;0;08/07/2026;ALEXSANDRO;2
13;768;REFRIG FRUKI PET 200 ML GUARANA ZERO;BEBIDAS;90819;07/07/2026;168752;90661;12;0;12;1;0;07/07/2026;ALEXSANDER;115
13;20316;MACARRAO INST GERMANI 63G CARNE;MERCEARIA;90819;07/07/2026;168752;90661;50;6649;100;2;0;07/07/2026;AUGUSTO;134
13;22702;RAC DODOG ORIG 10 1K;PRODUTOS PET;90819;07/07/2026;168752;90661;1;150;8;8;0;07/07/2026;AUGUSTO;0
13;33458;AMACIANTE APYCE 2L TRAD AZ;PERFUMARIA E LIMPEZA;90819;07/07/2026;168752;90661;6;354;6;1;0;08/07/2026;ALEXSANDRO;5
13;17158;DESINF APYCE 2L PINHO;PERFUMARIA E LIMPEZA;90819;07/07/2026;168752;90661;6;66;36;6;0;08/07/2026;ALEXSANDRO;6
13;3948;AGUA SANIT GOTA LIMPA 1L;PERFUMARIA E LIMPEZA;90819;07/07/2026;168752;90661;12;398;12;1;0;08/07/2026;ALEXSANDRO;29
13;9298;DETERG YPE LIQ 5L CLEAR;PERFUMARIA E LIMPEZA;90819;07/07/2026;168752;90661;4;104;4;1;0;08/07/2026;ALEXSANDRO;4
13;656;SUCO DEL VALLE FRUT TP 1L UVA;BEBIDAS;90819;07/07/2026;168752;90661;6;12;12;2;0;07/07/2026;ALEXSANDER;12
13;5742;ENERG MONSTER LT 473ML FIESTA MANGO;BEBIDAS;90819;07/07/2026;168752;90661;6;0;6;1;0;07/07/2026;ALEXSANDER;4
13;776;REFRIG PEPSI COLA PET 200ML BLACK;BEBIDAS;90819;07/07/2026;168752;90661;12;1008;12;1;0;07/07/2026;ALEXSANDER;31
13;18740;FRALDA DESC FERINHA HIPER C 40 XXG;PERFUMARIA E LIMPEZA;90819;07/07/2026;168752;90661;6;2;6;1;0;07/07/2026;WENDRIO;0
13;18736;FRALDA DESC BABYSEC ULTSEC MEGA XG 30 UN;PERFUMARIA E LIMPEZA;90819;07/07/2026;168752;90661;6;108;6;1;0;07/07/2026;WENDRIO;12
13;6234;GEL DENTAL CLOSE UP 90G ORIG RED HOT;PERFUMARIA E LIMPEZA;90819;07/07/2026;168752;90661;12;286;36;3;0;07/07/2026;WENDRIO;0
13;750;ACUCAR CRISTAL GASPARIN 5KG;MERCEARIA;90819;07/07/2026;168752;90661;6;972;114;19;0;07/07/2026;ALEXSANDER;315
13;2169;ARROZ BCO PILECCO TP1 5KG;MERCEARIA;90819;07/07/2026;168752;90661;6;156;12;2;0;07/07/2026;ALEXSANDER;12
13;17665;ERVA MATE CAMBONA MOIDA GROSSA 1KG;MERCEARIA;90819;07/07/2026;168752;90661;10;136;10;1;0;07/07/2026;ALEXSANDER;-3
13;2280;CANJICA AMARELA CBS 400G;MERCEARIA;90819;07/07/2026;168752;90661;12;48;12;1;0;07/07/2026;ALEXSANDER;0
13;2843;MASSA C OVOS DOMELLY 500G RIGATONE;MERCEARIA;90819;07/07/2026;168752;90661;20;40;20;1;0;07/07/2026;AUGUSTO;6
13;20370;MAC INST UFO 96G CURRY;MERCEARIA;90819;07/07/2026;168752;90661;12;216;36;3;0;07/07/2026;AUGUSTO;36
13;20635;MAS MACARRAO BOM GOSTO SEMOLA 400G;MERCEARIA;90819;07/07/2026;168752;90661;20;159;40;2;0;07/07/2026;AUGUSTO;1
13;3783;VINAGRE MACA KOLLER 750ML;MERCEARIA;90819;07/07/2026;168752;90661;12;517;12;1;0;07/07/2026;AUGUSTO;16
13;3410;CALDO SAZON 32 5G CARNE;MERCEARIA;90819;07/07/2026;168752;90661;48;0;48;1;0;07/07/2026;AUGUSTO;25
13;20653;MAS PARAF ISABELA SEMOLA 400G;MERCEARIA;90819;07/07/2026;168752;90661;20;759;20;1;0;07/07/2026;AUGUSTO;17
13;12308;ALCOOL ARAUCARIA 46 1L;PERFUMARIA E LIMPEZA;90819;07/07/2026;168752;90661;12;2799;12;1;0;08/07/2026;ALEXSANDRO;34
13;5476;DESINF PINHO SOL 500ML PINHO;PERFUMARIA E LIMPEZA;90819;07/07/2026;168752;90661;12;276;12;1;0;08/07/2026;ALEXSANDRO;8
13;5673;DETERG GIRANDO SOL 500ML LIMAO;PERFUMARIA E LIMPEZA;90819;07/07/2026;168752;90661;24;4224;72;3;0;08/07/2026;ALEXSANDRO;-17
13;389;ENERG MONSTER LT 473ML GREEN;BEBIDAS;90819;07/07/2026;168752;90661;6;1490;42;7;0;07/07/2026;ALEXSANDER;61
13;5510;DESOD AERO AXE 152ML 90G MUSK;PERFUMARIA E LIMPEZA;90819;07/07/2026;168752;90661;12;948;36;3;0;07/07/2026;WENDRIO;3
13;38563;KIT SH CD NEUTROX 300ML 200ML OLEOS;PERFUMARIA E LIMPEZA;90819;07/07/2026;168752;90661;12;36;12;1;0;07/07/2026;WENDRIO;5
13;23212;SAL MOIDO 5 ESTRELAS 1KG;MERCEARIA;90819;07/07/2026;168752;90661;10;12236;30;3;0;07/07/2026;ALEXSANDER;143
13;15494;CANJICA AMARELA JUREIA 500G;MERCEARIA;90819;07/07/2026;168752;90661;12;29;12;1;0;07/07/2026;ALEXSANDER;14
13;392;ENERG MONSTER LT 473ML MANGO LOCO;BEBIDAS;90819;07/07/2026;168752;90661;6;356;6;1;0;;;9
13;702;SUCO NECTAR CBS TP 200ML MORANGO;BEBIDAS;90819;07/07/2026;168752;90661;24;24;24;1;0;;;13
13;704;SUCO NECTAR CBS TP 1L ABACAXI;BEBIDAS;90819;07/07/2026;168752;90661;12;12;12;1;0;;;8
13;1847;DROPS FREEGELLS 27 9G VIT C CITRUS;MERCEARIA;90819;07/07/2026;168752;90661;12;108;12;1;0;08/07/2026;PAMELA;10
13;35633;SOPA DE CANECA NEILAR 18G MANDIO C CEBOLA;MERCEARIA;90819;07/07/2026;168752;90661;12;696;24;2;0;08/07/2026;PAMELA;72
13;20570;MASSA DOMELLY SEMOLA 1KG AVE MARIA;MERCEARIA;90819;07/07/2026;168752;90661;10;0;10;1;0;07/07/2026;AUGUSTO;10
13;2889;MASSA C OVOS ISABELA 500G ESPAGUETINI;MERCEARIA;90819;07/07/2026;168752;90661;20;320;40;2;0;07/07/2026;AUGUSTO;1
13;3440;SOPAO APTI 180G CARNE MACARRAO LEGUM;MERCEARIA;90819;07/07/2026;168752;90661;12;36;12;1;0;07/07/2026;AUGUSTO;27
13;20613;MAS ESPAGUETINI ISABELA SEMOLA 500G;MERCEARIA;90819;07/07/2026;168752;90661;20;60;20;1;0;07/07/2026;AUGUSTO;-19
13;38617;CD DOVE NUTRI TRIOLEOS 370ML;PERFUMARIA E LIMPEZA;90819;07/07/2026;168752;90661;1;9;3;3;0;;;0
13;783;ACHOC PO NESCAU SH 2 01KG;MERCEARIA;90915;07/07/2026;169004;91336;4;496;24;6;0;07/07/2026;ERICA;8
13;3796;MIST P PAO QUEIJO APTI SH 250G PARMESAO;MERCEARIA;90915;07/07/2026;169004;91336;12;48;24;2;0;07/07/2026;ERICA;6
13;1434;BISC MARIA PARATI 740G;MERCEARIA;90915;07/07/2026;169004;91336;12;142;36;3;0;07/07/2026;ERICA;-1
13;2150;ARROZ BCO REQUINTE TP1 5KG;MERCEARIA;90949;07/07/2026;169042;90845;6;2180;30;5;5;07/07/2026;MARCOS M;13
13;310;VH TRADICAO TINTO 1 4L SC;BEBIDAS;91013;07/07/2026;169203;91114;6;312;18;3;0;;;37
13;3516;FERM PO BIOL GOOD INSTANT SH 125G;MERCEARIA;91013;07/07/2026;169203;91114;12;600;24;2;0;;;0
13;3512;FERM PO BIOL GOOD INSTANT SH 10G;MERCEARIA;91013;07/07/2026;169203;91114;30;6180;30;1;0;;;217
13;4598;CERV ITAIPAVA MALZBIER LT 350ML;BEBIDAS;91078;07/07/2026;169470;91098;12;2606;60;5;0;;;54
13;280;CERV ITAIPAVA MALZBIER LN 330ML;BEBIDAS;91078;07/07/2026;169470;91098;12;1308;60;5;0;;;25
13;17394;DET PO ASSIM 800G TRIPLA ACAO BI;PERFUMARIA E LIMPEZA;91111;07/07/2026;169511;91336;20;580;40;2;0;07/07/2026;GABRIELL2;20
13;747;ACUCAR CRISTAL GASPARIN 2KG;MERCEARIA;91111;07/07/2026;169511;91336;15;6103;225;15;0;;;347
13;17393;DET PO ASSIM 800G MICELAR FLORAL;PERFUMARIA E LIMPEZA;91111;07/07/2026;169511;91336;20;2620;40;2;0;07/07/2026;GABRIELL2;26
13;2348;FEIJAO PRETO ARBAZA TP1 1KG;MERCEARIA;91111;07/07/2026;169511;91336;30;6362;30;1;0;;;269
13;16286;COBERTOR SORRISO CASAL 1 70MX1 90M;NAO ALIMENTO;91142;07/07/2026;169551;91563;20;1200;100;100;0;08/07/2026;ELTON;65
13;2909;ACHOC LIQ SHOWKINHO 200ML;MERCEARIA;91178;07/07/2026;169728;91278;27;10449;1080;40;0;;;725
13;33510;GFA TERM TERMOLAR MAGIC PUMP 1L MARROM;NAO ALIMENTO;91249;07/07/2026;169750;;6;60;12;0;0;;;6
13;38827;GFA TERM TERMOLAR MAGIC PUMP VERDE 1L;NAO ALIMENTO;91249;07/07/2026;169750;;6;0;6;0;0;;;0
13;6262;GFA TERM TERMOLAR MAGIC PUMP 1L BCA;NAO ALIMENTO;91249;07/07/2026;169750;;6;210;6;0;0;;;0
13;19176;GFA TERM TERMOLAR MAGIC PUMP 1L RSA BALE;NAO ALIMENTO;91249;07/07/2026;169750;;6;0;12;0;0;;;10
13;6266;GFA TERM TERMOLAR MAGIC PUMP 1L VRM AURORA;NAO ALIMENTO;91249;07/07/2026;169750;;6;246;24;0;0;;;-6
13;1616;BISC SALG CLUB SOCIAL 288G ORIGINAL;MERCEARIA;91298;07/07/2026;169815;91391;20;120;100;5;0;08/07/2026;CAROLINA;51
13;1606;BISC SALG CLUB SOCIAL 6UN 144G ORIGINAL;MERCEARIA;91298;07/07/2026;169815;91391;44;3080;88;2;0;08/07/2026;CAROLINA;66
13;2687;FARINHA MILHO SAUDAVEL 1KG FINA;MERCEARIA;91334;07/07/2026;169901;91422;30;4;150;5;0;07/07/2026;ALEXSANDER;20
13;2382;LENTILHA YOKI TP2 400G;MERCEARIA;91334;07/07/2026;169901;91422;16;79;64;0;0;08/07/2026;IAGO;22
13;840;REFRIG PEPSI PET 3L;BEBIDAS;91334;07/07/2026;169901;91422;4;352;180;0;0;07/07/2026;ALEXSANDER;0
13;37030;FAROFA ROCHA 250G FARROUPILHA;MERCEARIA;91334;07/07/2026;169901;91422;12;72;120;10;0;07/07/2026;ALEXSANDER;-1
13;296;VH SANGUE BOI BCO 750ML SV;BEBIDAS;91334;07/07/2026;169901;91422;6;67;60;8;8;07/07/2026;FERNANDO PAZ;5
13;2573;MOLHO TOM FUGINI SH 300G TRAD;MERCEARIA;91334;07/07/2026;169901;91422;36;10885;2880;80;0;07/07/2026;TEIXEIRA;341
13;37268;FAROFA ROCHA 250G TRAD;MERCEARIA;91334;07/07/2026;169901;91422;12;60;120;10;0;07/07/2026;ALEXSANDER;123
13;825;REFRIG PEPSI PET 2L;BEBIDAS;91334;07/07/2026;169901;91422;8;1104;320;40;40;07/07/2026;ALEXSANDER;36
13;827;REFRIG PEPSI TWIST PET 2L;BEBIDAS;91334;07/07/2026;169901;91422;8;1760;320;0;0;07/07/2026;ALEXSANDER;128
13;300;VH SANGUE BOI TINTO 750ML SV;BEBIDAS;91334;07/07/2026;169901;91422;6;4692;120;20;20;07/07/2026;FERNANDO PAZ;372
13;784;REFRIG ANTARCTICA GUARANA PET 2L;BEBIDAS;91334;07/07/2026;169901;91422;8;78;320;40;40;07/07/2026;ALEXSANDER;0
13;304;VH SANGUE BOI TINTO 4L SV;BEBIDAS;91334;07/07/2026;169901;91422;2;17;20;0;0;07/07/2026;FERNANDO PAZ;0
14;6793;LEITE UHT PET ELEGE 1L SEMI DESNATADO;PERECIVEIS;90793;07/07/2026;168739;90655;6;2184;6;1;0;;;44
14;6780;LEITE NINHO UHT TP LEVINHO 1L SEMI DESNATADO;PERECIVEIS;90793;07/07/2026;168739;90655;12;48;12;1;0;;;2
14;6792;LEITE UHT PET ELEGE 1L INTEGRAL;PERECIVEIS;90793;07/07/2026;168739;90655;6;4261;6;1;0;;;52
14;6786;LEITE LV EDGE ELEGE 1L SEMI DESNATADO;PERECIVEIS;90793;07/07/2026;168739;90655;12;0;12;1;0;;;68
14;6791;LEITE UHT PET ELEGE 1L DESNATADO;PERECIVEIS;90793;07/07/2026;168739;90655;6;348;12;2;0;;;2
14;6782;LEITE UHT TIROL C TAMPA 1L DESN;PERECIVEIS;90793;07/07/2026;168739;90655;12;1421;12;1;0;;;64
14;9741;LEITE SANTA CLARA LV SEMI DESN 1L;PERECIVEIS;90793;07/07/2026;168739;90655;12;179;36;3;0;;;99
14;6781;LEITE LV EDGE ELEGE 1L INTEGRAL;PERECIVEIS;90793;07/07/2026;168739;90655;12;204;12;1;0;;;694
14;6784;LEITE UHT TIROL C TAMP 1L SEMI DESN;PERECIVEIS;90793;07/07/2026;168739;90655;12;1972;48;4;0;;;42
14;827;REFRIG PEPSI TWIST PET 2L;BEBIDAS;90821;07/07/2026;168753;90655;8;1760;16;2;0;;;42
14;2717;FARINHA TRIGO FIDALGA 1KG;MERCEARIA;90821;07/07/2026;168753;90655;10;-10;10;1;0;;;6
14;10149;SAB FARNESE 180G PURO HIDR;PERFUMARIA E LIMPEZA;90821;07/07/2026;168753;90655;36;324;36;1;0;;;34
14;13059;BANHEIRA ADOLETA INF 20L ROSA BEBE;PERFUMARIA E LIMPEZA;90821;07/07/2026;168753;90655;1;0;1;1;0;;;1
14;5347;CR TRAT PENTEAR VINI LADY 900G REPARACAO TOTAL;PERFUMARIA E LIMPEZA;90821;07/07/2026;168753;90655;6;0;6;1;0;;;4
14;4263;AP VENUS SIMPLY 2UN;PERFUMARIA E LIMPEZA;90821;07/07/2026;168753;90655;12;132;12;1;0;;;9
14;178;CERV KAISER LT 473ML;BEBIDAS;90821;07/07/2026;168753;90655;12;-323;156;13;0;;;279
14;25;AGUA MIN DA PEDRA PET 2L C GAS;BEBIDAS;90821;07/07/2026;168753;90655;6;132;6;1;0;;;13
14;413;AGUARD KIKANA PET 790ML;BEBIDAS;90821;07/07/2026;168753;90655;12;1380;12;1;0;;;10
14;5249;CR DENT CLOSE UP 70G PROT BIOATIVA;PERFUMARIA E LIMPEZA;90821;07/07/2026;168753;90655;72;0;72;1;0;;;72
14;3635;SAL MOIDO CBS 1KG;MERCEARIA;90821;07/07/2026;168753;90655;10;2324;10;1;0;;;39
14;33720;COQUETEL CHICOTE PET 500ML LIMAO;BEBIDAS;90821;07/07/2026;168753;90655;12;0;12;1;0;08/07/2026;JOCELAINE;12
14;3431;SOPA GALINHA MAGGI 60G FIDELINI;MERCEARIA;90821;07/07/2026;168753;90655;10;59;10;1;0;;;24
14;17292;DESOD ROLLON DOVE 50ML INVISIBLE DRY;PERFUMARIA E LIMPEZA;90821;07/07/2026;168753;90655;12;0;12;1;0;;;19
14;2115;ARROZ BCO TRIVIAL T2 2K;MERCEARIA;90821;07/07/2026;168753;90655;15;1439;15;1;0;;;16
14;3586;BEBIDA PARMALAT WHEY 250ML CAPPUCCINO;MERCEARIA;90821;07/07/2026;168753;90655;18;18;18;1;0;08/07/2026;JOCELAINE;19
14;3394;CALDO GALINHA KNORR 114G;MERCEARIA;90821;07/07/2026;168753;90655;1;677;1;1;0;;;20
14;121;CERV BRAHMA CHOPP GF 300ML RETORNAVEL;BEBIDAS;90821;07/07/2026;168753;90655;23;253;23;1;0;;;45
14;6128;FRALDA CONFORTSEC PAMPERS P 50UN;PERFUMARIA E LIMPEZA;90821;07/07/2026;168753;90655;3;0;3;3;0;;;0
14;24988;TOAL UMED COTTONBABY C 50;PERFUMARIA E LIMPEZA;90821;07/07/2026;168753;90655;24;0;24;1;0;;;6
14;36357;OLEO SERUM TOQUE DE SEDA FR 60ML;PERFUMARIA E LIMPEZA;90821;07/07/2026;168753;90655;12;0;12;1;0;;;7
14;750;ACUCAR CRISTAL GASPARIN 5KG;MERCEARIA;90821;07/07/2026;168753;90655;6;972;36;6;0;;;70
14;2084;ARROZ BCO REQUINTE TP1 1KG;MERCEARIA;90821;07/07/2026;168753;90655;30;1264;30;1;0;;;-111
14;3581;BEBIDA PARMALAT WHEY 250ML ABACATE;MERCEARIA;90821;07/07/2026;168753;90655;18;18;18;1;0;08/07/2026;JOCELAINE;11
14;10109;REPARADOR DI HELLEN PONTAS 30G PROT TERMICA;PERFUMARIA E LIMPEZA;90821;07/07/2026;168753;90655;12;0;12;1;0;;;3
14;4862;CHUPETA LOLLY T2 TIP AZUL;PERFUMARIA E LIMPEZA;90821;07/07/2026;168753;90655;6;0;6;1;0;;;2
14;7950;SABON PALMOLIVE NATURALS 150G TURMALINA;PERFUMARIA E LIMPEZA;90821;07/07/2026;168753;90655;72;0;72;1;0;;;19
14;23212;SAL MOIDO 5 ESTRELAS 1KG;MERCEARIA;90821;07/07/2026;168753;90655;10;12236;10;1;0;;;157
14;3628;SAL GROSSO CBS 1KG;MERCEARIA;90821;07/07/2026;168753;90655;15;59;15;1;0;;;7
14;168;VH AURORA COLH TARDIA BCO 500ML;BEBIDAS;90821;07/07/2026;168753;90655;12;0;12;1;0;08/07/2026;JOCELAINE;10
14;35631;SOPA DE CANECA NEILAR 18G FGO C QJO;MERCEARIA;90821;07/07/2026;168753;90655;12;276;72;6;0;;;54
14;128;CERV SKOL PILSEN GF 300ML RETORNAVEL;BEBIDAS;90821;07/07/2026;168753;90655;23;644;23;1;0;;;21
14;776;REFRIG PEPSI COLA PET 200ML BLACK;BEBIDAS;90821;07/07/2026;168753;90655;12;1008;24;2;0;;;60
14;379;REFRE FRUKITO PET 200ML LIMAO;BEBIDAS;90821;07/07/2026;168753;90655;12;0;12;1;0;;;27
14;432;COQUETEL BUCANERO PET 790ML;BEBIDAS;90821;07/07/2026;168753;90655;12;708;12;1;0;;;8
14;778;REFRIG PEPSI COLA PET 200ML;BEBIDAS;90821;07/07/2026;168753;90655;12;371;12;1;0;;;27
14;16887;CR LEITE TP PIRACANJUBA 200G;MERCEARIA;90821;07/07/2026;168753;90655;27;4;27;1;0;;;18
14;38617;CD DOVE NUTRI TRIOLEOS 370ML;PERFUMARIA E LIMPEZA;90821;07/07/2026;168753;90655;1;9;1;1;0;;;2
14;3539;FERM PO QUIMICO GOOD INSTANT SH 11G;MERCEARIA;90821;07/07/2026;168753;90655;50;100;50;1;0;;;33
14;15;AGUA SABORIZ H2OH PET 1 5L LIMONETO;BEBIDAS;90821;07/07/2026;168753;90655;6;18;6;1;0;08/07/2026;JOCELAINE;41
14;222;VH COUNTRY WINE TINTO 750ML SV;BEBIDAS;90821;07/07/2026;168753;90655;6;222;6;1;0;08/07/2026;JOCELAINE;8
14;17664;ERVA MATE BARAO MOIDA GROSSA VAC;MERCEARIA;90821;07/07/2026;168753;90655;10;0;10;1;0;;;6
14;23023;SAB LIQ BELEZA AMAZONIA 370ML FRUTAS VRM;PERFUMARIA E LIMPEZA;90821;07/07/2026;168753;90655;12;11;12;1;0;;;26
14;22794;RATICIDA RATICID GRANULADO 25G;PERFUMARIA E LIMPEZA;90821;07/07/2026;168753;90655;480;0;480;1;0;;;144
14;2348;FEIJAO PRETO ARBAZA TP1 1KG;MERCEARIA;90821;07/07/2026;168753;90655;30;6362;30;1;0;;;262
14;2329;FEIJAO PRETO CALDO OURO 500G;MERCEARIA;90821;07/07/2026;168753;90655;10;5455;10;1;0;;;341
14;2568;MOLHO TOM CAJAMAR SH 300G TRAD;MERCEARIA;90821;07/07/2026;168753;90655;32;288;32;1;0;;;-11
14;3437;SOPA CEBOLA MAGGI 68G;MERCEARIA;90917;07/07/2026;169005;91337;12;84;36;0;0;07/07/2026;GABRIELL2;0
14;3539;FERM PO QUIMICO GOOD INSTANT SH 11G;MERCEARIA;90917;07/07/2026;169005;91337;50;100;150;3;0;08/07/2026;PAMELA;33
14;17315;DESOD ROLLON REXONA 50ML V8;PERFUMARIA E LIMPEZA;90961;07/07/2026;169097;90862;12;456;36;4;3;07/07/2026;AUGUSTO;0
14;3512;FERM PO BIOL GOOD INSTANT SH 10G;MERCEARIA;91015;07/07/2026;169204;91115;30;6180;30;1;0;;;-22
14;310;VH TRADICAO TINTO 1 4L SC;BEBIDAS;91015;07/07/2026;169204;91115;6;312;30;5;0;;;58
14;3516;FERM PO BIOL GOOD INSTANT SH 125G;MERCEARIA;91015;07/07/2026;169204;91115;12;600;12;1;0;;;17
14;280;CERV ITAIPAVA MALZBIER LN 330ML;BEBIDAS;91080;07/07/2026;169471;91099;12;1308;300;25;0;;;235
14;4598;CERV ITAIPAVA MALZBIER LT 350ML;BEBIDAS;91080;07/07/2026;169471;91099;12;2606;240;20;0;;;748
14;2348;FEIJAO PRETO ARBAZA TP1 1KG;MERCEARIA;91113;07/07/2026;169512;91337;30;6362;60;2;0;;;262
14;17393;DET PO ASSIM 800G MICELAR FLORAL;PERFUMARIA E LIMPEZA;91113;07/07/2026;169512;91337;20;2620;40;2;0;07/07/2026;FERNANDO PAZ;84
14;17394;DET PO ASSIM 800G TRIPLA ACAO BI;PERFUMARIA E LIMPEZA;91113;07/07/2026;169512;91337;20;580;20;1;0;07/07/2026;FERNANDO PAZ;73
14;747;ACUCAR CRISTAL GASPARIN 2KG;MERCEARIA;91113;07/07/2026;169512;91337;15;6103;150;10;0;;;155
14;2909;ACHOC LIQ SHOWKINHO 200ML;MERCEARIA;91180;07/07/2026;169729;91279;27;10449;270;10;0;;;131
14;6265;GFA TERM TERMOLAR MAGIC PUMP 1L PTA;NAO ALIMENTO;91251;07/07/2026;169751;;6;348;6;0;0;;;9
14;33510;GFA TERM TERMOLAR MAGIC PUMP 1L MARROM;NAO ALIMENTO;91251;07/07/2026;169751;;6;60;18;0;0;;;2
14;6264;GFA TERM TERMOLAR MAGIC PUMP DEC 1L GAUCHO;NAO ALIMENTO;91251;07/07/2026;169751;;6;0;18;0;0;;;8
14;6266;GFA TERM TERMOLAR MAGIC PUMP 1L VRM AURORA;NAO ALIMENTO;91251;07/07/2026;169751;;6;246;12;0;0;;;12
14;38827;GFA TERM TERMOLAR MAGIC PUMP VERDE 1L;NAO ALIMENTO;91251;07/07/2026;169751;;6;0;6;0;0;;;0
14;1606;BISC SALG CLUB SOCIAL 6UN 144G ORIGINAL;MERCEARIA;91300;07/07/2026;169816;91392;44;3080;88;2;2;08/07/2026;JESSICA;50
14;1497;BISC RECH TRAKINAS 126G CHOC;MERCEARIA;91300;07/07/2026;169816;91392;54;270;162;0;0;08/07/2026;JESSICA;57
14;1616;BISC SALG CLUB SOCIAL 288G ORIGINAL;MERCEARIA;91300;07/07/2026;169816;91392;20;120;100;4;4;08/07/2026;JESSICA;74
17;6782;LEITE UHT TIROL C TAMPA 1L DESN;PERECIVEIS;90795;07/07/2026;168740;;12;1421;36;0;0;;;62
17;11671;PASSAS UVA UNIAGRO PTA KG;PERECIVEIS;90795;07/07/2026;168740;;10;202;20;0;0;;;1,978
17;6780;LEITE NINHO UHT TP LEVINHO 1L SEMI DESNATADO;PERECIVEIS;90795;07/07/2026;168740;;12;48;12;0;0;;;1
17;6787;LEITE LV ELEGE 1L ZERO LAC SEMI DES;PERECIVEIS;90795;07/07/2026;168740;;12;238;12;0;0;;;-108
17;10855;CASTANHA CAJU UNIAGRO TORR SALG KG;PERECIVEIS;90795;07/07/2026;168740;;1;71,74;12;0;0;;;3,369
17;6801;LEITE UHT TP NINHO 1L INTEGRAL;PERECIVEIS;90795;07/07/2026;168740;;12;1347;36;0;0;;;115
17;36166;MOLHO TOM SALSARETTI VD 500G CLASSICO;MERCEARIA;90823;07/07/2026;168754;90965;24;240;48;0;0;08/07/2026;LUAN;0
17;2171;CHA PRENDA 12G HIBISCUS;MERCEARIA;90823;07/07/2026;168754;90965;20;117;40;0;0;08/07/2026;LUAN;10
17;20590;MAS CASEIRA MOSMANN ESPAG 500G;MERCEARIA;90823;07/07/2026;168754;90965;20;20;20;0;0;08/07/2026;JESSICA;1
17;2419;PATE ODERICH LT 100G CARNE;MERCEARIA;90823;07/07/2026;168754;90965;24;144;96;0;0;08/07/2026;LUAN;11
17;2420;PATE ODERICH LT 100G FIGADO;MERCEARIA;90823;07/07/2026;168754;90965;24;312;24;0;0;08/07/2026;LUAN;-3
17;2482;DOCE DIFRUTTI 400G MORANGO;MERCEARIA;90823;07/07/2026;168754;90965;12;149;24;0;0;08/07/2026;LUAN;-14
17;2533;DOCE DIFRUTTI 1 010KG FIGO;MERCEARIA;90823;07/07/2026;168754;90965;6;78;12;0;0;08/07/2026;LUAN;-3
17;3223;GELATINA ZERO APTI 12G FTAS VRM;MERCEARIA;90823;07/07/2026;168754;90965;18;18;18;0;0;08/07/2026;LUAN;26
17;18346;EXT TOM ELEFANTE 300G CAR PAN;MERCEARIA;90823;07/07/2026;168754;90965;24;94;24;1;1;08/07/2026;LUAN;-8
17;948;AZEIT OLIV COCINERO EXT VG 250ML;MERCEARIA;90823;07/07/2026;168754;90965;12;0;12;1;1;08/07/2026;LUAN;12
17;2328;AZEITONA VERDE VALE FERTIL SH 120G FATIADA;MERCEARIA;90823;07/07/2026;168754;90965;24;48;24;1;1;08/07/2026;LUAN;15
17;36813;ARROZ BCO BOM DE PANELA TP1 5KG;MERCEARIA;90823;07/07/2026;168754;90965;6;36;6;1;0;;;1
17;4419;BEB SCHWEPPES GF 250ML GIN TONICA;BEBIDAS;90823;07/07/2026;168754;90965;6;6;6;0;0;08/07/2026;JOCELAINE;13
17;898;REFRIG FANTA MARACUJA LT 350ML;BEBIDAS;90823;07/07/2026;168754;90965;6;6;6;0;0;08/07/2026;JOCELAINE;1
17;910;REFRIG SUKITA LT 350 ML;BEBIDAS;90823;07/07/2026;168754;90965;12;71;12;0;0;08/07/2026;JOCELAINE;10
17;615;SUCO DEL VALLE TP 200ML PESSEGO;BEBIDAS;90823;07/07/2026;168754;90965;18;36;18;0;0;08/07/2026;JOCELAINE;29
17;3539;FERM PO QUIMICO GOOD INSTANT SH 11G;MERCEARIA;90823;07/07/2026;168754;90965;50;100;50;1;0;;;2
17;1491;BISC RECH TRAKINAS 126G BUBBALOO T FRUT;MERCEARIA;90823;07/07/2026;168754;90965;54;270;54;0;0;08/07/2026;JESSICA;-21
17;1516;BISC RECH DANIX SMURFS 130G CHOCO CHOCO;MERCEARIA;90823;07/07/2026;168754;90965;60;60;60;0;0;08/07/2026;JESSICA;5
17;1185;BALA TOFFANO MINT 600G;MERCEARIA;90823;07/07/2026;168754;90965;18;0;18;1;1;08/07/2026;JESSICA;0
17;20632;MASSA LASANHA GERMANI 500G;PERECIVEIS;90823;07/07/2026;168754;90965;10;160;10;1;1;08/07/2026;JESSICA;31
17;20664;MASSA SEMOLA GERMANI 1KG PARAF;MERCEARIA;90823;07/07/2026;168754;90965;10;0;10;1;1;08/07/2026;JESSICA;14
17;38617;CD DOVE NUTRI TRIOLEOS 370ML;PERFUMARIA E LIMPEZA;90823;07/07/2026;168754;90965;1;9;3;3;0;;;0
17;33887;KIT SH CD DOVE 350ML 175ML AMINOACIDO;PERFUMARIA E LIMPEZA;90823;07/07/2026;168754;90965;8;64;8;1;0;;;1
17;9215;CR DIHELLEN 100G COLAGENO E ELASTINA;PERFUMARIA E LIMPEZA;90823;07/07/2026;168754;90965;12;12;12;1;0;;;0
17;5804;ESC DENTAL COLGATE CLASSIC LONG MC 8450;PERFUMARIA E LIMPEZA;90823;07/07/2026;168754;90965;12;444;12;1;0;;;11
17;4046;ALIM GATO FRISKIES 85G CORDEIR AO MOLH;PRODUTOS PET;90823;07/07/2026;168754;90965;15;61;15;0;0;08/07/2026;JESSICA;56
17;22710;RAC DOPREMIUM FILHOTES 10 1K;PRODUTOS PET;90823;07/07/2026;168754;90965;1;3;4;1;1;08/07/2026;JESSICA;0
17;1541;COBER COBERTOP 1 01KG CONF BLEND;MERCEARIA;90823;07/07/2026;168754;90965;10;10;10;0;0;08/07/2026;JESSICA;0
17;1969;BISAO LACTA 201 6G AO LEITE;MERCEARIA;90823;07/07/2026;168754;90965;39;39;39;0;0;08/07/2026;JESSICA;6
17;13104;BAT PALHA BIG MAIS TRAD 80G;PERECIVEIS;90823;07/07/2026;168754;90965;40;160;40;0;0;08/07/2026;JESSICA;2
17;847;REFRIG COCA COLA PET 600ML;BEBIDAS;90823;07/07/2026;168754;90965;12;3516;12;1;0;;;41
17;7932;SABONETE NIVEA 85G AVEIA;PERFUMARIA E LIMPEZA;90823;07/07/2026;168754;90965;96;1248;96;1;0;;;40
17;2101;ARROZ BCO REQUINTE TP1 2KG;MERCEARIA;90823;07/07/2026;168754;90965;15;983;15;1;0;;;196
17;763;ACUCAR CRISTAL SAO JOAO 5KG;MERCEARIA;90823;07/07/2026;168754;90965;6;963;30;5;0;;;-24
17;2280;CANJICA AMARELA CBS 400G;MERCEARIA;90823;07/07/2026;168754;90965;12;48;12;1;0;;;-7
17;35633;SOPA DE CANECA NEILAR 18G MANDIO C CEBOLA;MERCEARIA;90823;07/07/2026;168754;90965;12;696;24;2;0;;;2
17;3294;SALG ALFITOS 35G QUEIJO;MERCEARIA;90823;07/07/2026;168754;90965;30;415;30;1;1;08/07/2026;JESSICA;20
17;1161;BISC COOKIE NESTLE 60G PASSATEMPO CHOC;MERCEARIA;90823;07/07/2026;168754;90965;52;312;52;1;1;08/07/2026;JESSICA;25
17;1197;BISC DOCE GIRASSOL ROSCA 250G BANANA E CANELA;MERCEARIA;90823;07/07/2026;168754;90965;22;2244;22;1;1;08/07/2026;JESSICA;-7
17;1242;CHOC BARRA NEUGEBAUER 80G BCO;MERCEARIA;90823;07/07/2026;168754;90965;64;0;64;1;1;08/07/2026;JESSICA;-29
17;17733;ESC CAB FLORENCE RETAN 600BT;PERFUMARIA E LIMPEZA;90823;07/07/2026;168754;90965;1;2;1;1;0;;;1
17;7834;DET PO GOTA LIMPA 4KG EQUILIBRIO;PERFUMARIA E LIMPEZA;90823;07/07/2026;168754;90965;5;14;5;1;0;08/07/2026;FERNANDO.H;16
17;7831;SABAO PO GIRANDO SOL 800G AZUL;PERFUMARIA E LIMPEZA;90823;07/07/2026;168754;90965;25;597;25;1;0;08/07/2026;FERNANDO.H;141
17;17384;DET PO APYCE SH 1 6K AZUL;PERFUMARIA E LIMPEZA;90823;07/07/2026;168754;90965;13;39;13;1;0;08/07/2026;FERNANDO.H;29
17;12293;AGUA SANIT ZAVASKI 5L;PERFUMARIA E LIMPEZA;90823;07/07/2026;168754;90965;4;296;4;1;0;08/07/2026;FERNANDO.H;17
17;17336;DET LIQ ATRIUS 5L GLICERINA;PERFUMARIA E LIMPEZA;90823;07/07/2026;168754;90965;4;717;20;5;0;08/07/2026;FERNANDO.H;40
17;34845;ALVEJ BARBAREX 2L S CLORO;PERFUMARIA E LIMPEZA;90823;07/07/2026;168754;90965;6;732;6;1;0;08/07/2026;FERNANDO.H;5
17;5475;DESINF PINHO SOL 500ML CITRUS LIMAO;PERFUMARIA E LIMPEZA;90823;07/07/2026;168754;90965;12;0;12;1;0;08/07/2026;FERNANDO.H;2
17;35112;AMAC CONC DOWNY 750ML TROPICAL;PERFUMARIA E LIMPEZA;90823;07/07/2026;168754;90965;12;348;12;1;0;08/07/2026;FERNANDO.H;0
17;4139;AMAC CONC AQUAFAST 1L TERNURA;PERFUMARIA E LIMPEZA;90823;07/07/2026;168754;90965;12;12;12;1;0;08/07/2026;FERNANDO.H;0
17;12308;ALCOOL ARAUCARIA 46 1L;PERFUMARIA E LIMPEZA;90823;07/07/2026;168754;90965;12;2799;36;3;0;08/07/2026;FERNANDO.H;15
17;12585;AROMAT REDCAR 3GR VANILLA;PERFUMARIA E LIMPEZA;90823;07/07/2026;168754;90965;24;0;24;1;0;08/07/2026;FERNANDO.H;11
17;5489;DESINF YPE 2L BAK LAVANDA;PERFUMARIA E LIMPEZA;90823;07/07/2026;168754;90965;6;30;12;2;0;08/07/2026;FERNANDO.H;0
17;15732;CERA LIQ GIRANDO SOL 750ML INCOLOR;PERFUMARIA E LIMPEZA;90823;07/07/2026;168754;90965;12;216;24;2;0;08/07/2026;FERNANDO.H;12
17;2421;PATE ODERICH LT 100G PERU;MERCEARIA;90823;07/07/2026;168754;90965;24;48;24;1;1;08/07/2026;LUAN;21
17;2605;MOLHO TOM POMAROLA SH 300G BOLONHESA;MERCEARIA;90823;07/07/2026;168754;90965;24;24;24;0;0;08/07/2026;LUAN;0
17;3787;MIST P BOLO ORQUIDEA 350G CHOCOLATE;MERCEARIA;90823;07/07/2026;168754;90965;12;48;36;0;0;08/07/2026;LUAN;15
17;34844;ALVEJ BARBAREX 1L S CLORO;PERFUMARIA E LIMPEZA;90823;07/07/2026;168754;90965;12;1803;12;1;0;08/07/2026;FERNANDO.H;12
17;6875;LIMP M USO YPE 500ML NAT C ODOR;PERFUMARIA E LIMPEZA;90823;07/07/2026;168754;90965;12;12;12;1;0;08/07/2026;FERNANDO.H;13
17;6162;FRESH MATIC BOM AR 250ML RF LAVANDA;PERFUMARIA E LIMPEZA;90823;07/07/2026;168754;90965;6;0;6;1;0;08/07/2026;FERNANDO.H;5
17;812;REFRIG FANTA UVA PET 2L;BEBIDAS;90823;07/07/2026;168754;90965;8;0;8;1;0;;;16
17;3236;GELATINA ZERO APTI 12G UVA;MERCEARIA;90823;07/07/2026;168754;90965;18;54;18;0;0;08/07/2026;LUAN;38
17;36398;AZEITONA VERDE FATIADA UNIAGRO100G;MERCEARIA;90823;07/07/2026;168754;90965;24;264;48;0;0;08/07/2026;LUAN;-9
17;1021;TEMP EXTREMO SABOR 1 01K S PIMENTA;MERCEARIA;90823;07/07/2026;168754;90965;6;6;6;0;0;08/07/2026;LUAN;-8
17;2024;CAFE VACUO STARBUCKS 250G COLOMBIA;MERCEARIA;90823;07/07/2026;168754;90965;12;12;12;0;0;08/07/2026;LUAN;-12
17;21125;MOL TOM TRAD VAL SH 300G;MERCEARIA;90823;07/07/2026;168754;90965;36;17783;108;3;0;;;171
17;3848;ARROZ BCO BOM GOSTO TP1 5KG BOM GOSTO;MERCEARIA;90823;07/07/2026;168754;90965;6;796;24;4;0;;;12
17;33721;COQUETEL CHICOTE PET 500ML BLUEBERRY;BEBIDAS;90823;07/07/2026;168754;90965;12;23;12;0;0;08/07/2026;JOCELAINE;18
17;23398;SALG SNACK DOMELLY POLV 40G TRAD;MERCEARIA;90823;07/07/2026;168754;90965;24;48;24;0;0;08/07/2026;JESSICA;8
17;2803;MACARRAO CUP NOODLES 67G LEGUMES AZEITE;MERCEARIA;90823;07/07/2026;168754;90965;24;96;24;1;1;08/07/2026;JESSICA;11
17;5302;CR PENT SEDA 300ML CACH DEFINIDOS;PERFUMARIA E LIMPEZA;90823;07/07/2026;168754;90965;12;24;24;2;0;;;0
17;5064;COND SEDA 325ML CACHOS DEFINIDO;PERFUMARIA E LIMPEZA;90823;07/07/2026;168754;90965;12;36;12;1;0;;;0
17;13514;BLO LIXA P UNHA BONITTA;PERFUMARIA E LIMPEZA;90823;07/07/2026;168754;90965;1;1;1;1;0;;;3
17;2859;MASSA C OVOS NORDESTE 500G ESPAGUETE;MERCEARIA;90823;07/07/2026;168754;90965;15;240;15;0;0;08/07/2026;JESSICA;34
17;4146;AMAC CONC COMFORT 1L PURO CUIDADO;PERFUMARIA E LIMPEZA;90823;07/07/2026;168754;90965;12;3;12;1;0;08/07/2026;FERNANDO.H;0
17;834;REFRIG ANTARCTICA GUARANA PET 3L;BEBIDAS;90823;07/07/2026;168754;90965;4;409;4;1;0;;;-3
17;34581;GRAO DE BICO SALSARETTI 170G LT;MERCEARIA;90823;07/07/2026;168754;90965;24;816;48;0;0;08/07/2026;LUAN;3
17;828;DUETO ODERICH ERV MILHO LT 2KG;MERCEARIA;90823;07/07/2026;168754;90965;6;6;6;0;0;08/07/2026;LUAN;0
17;2142;CAFE SOL NESCAFE VD 160G ORIGINAL;MERCEARIA;90823;07/07/2026;168754;90965;12;47;24;0;0;08/07/2026;LUAN;23
17;2568;MOLHO TOM CAJAMAR SH 300G TRAD;MERCEARIA;90823;07/07/2026;168754;90965;32;288;32;1;0;;;-9
17;2747;FARINHA TRIGO ROSESOL 5KG;MERCEARIA;90823;07/07/2026;168754;90965;5;30;15;3;0;;;5
17;37047;FAROFA ROCHA CASEIRA 300GBACON;MERCEARIA;90823;07/07/2026;168754;90965;10;100;10;1;0;;;0
17;867;REFRIG COCA COLA ZERO LT 310ML C6;BEBIDAS;90823;07/07/2026;168754;90965;6;30;12;0;0;08/07/2026;JOCELAINE;28
17;3285;SALG ALFITOS 35G PRESUNTO;MERCEARIA;90823;07/07/2026;168754;90965;30;2700;30;0;0;08/07/2026;JESSICA;15
17;1434;BISC MARIA PARATI 740G;MERCEARIA;90823;07/07/2026;168754;90965;12;142;24;0;0;08/07/2026;JESSICA;9
17;1405;BISC LEITE GERMANI ROSCA 300G;MERCEARIA;90823;07/07/2026;168754;90965;20;340;20;1;1;08/07/2026;JESSICA;20
17;8615;TINT COR E TON LOURO ESC 6 0;PERFUMARIA E LIMPEZA;90823;07/07/2026;168754;90965;6;0;6;1;0;;;18
17;4256;AP PRESTOBARBA ULTRAGRIP 3L CART2UN;PERFUMARIA E LIMPEZA;90823;07/07/2026;168754;90965;1;2;1;1;0;;;0
17;17414;DET PO GOTA LIMPA 4KG HARMONIA;PERFUMARIA E LIMPEZA;90823;07/07/2026;168754;90965;5;5;5;1;0;08/07/2026;FERNANDO.H;-1
17;37429;AGUA SANITARIA SUPREMA 5 L;PERFUMARIA E LIMPEZA;90823;07/07/2026;168754;90965;3;48;3;1;0;08/07/2026;FERNANDO.H;-1
17;8839;AMAC AQUAFAST EMB ECON 5L ROXO MAGIA;PERFUMARIA E LIMPEZA;90823;07/07/2026;168754;90965;4;112;4;1;0;08/07/2026;FERNANDO.H;10
17;3951;AGUA SANIT Q BOA 2L;PERFUMARIA E LIMPEZA;90823;07/07/2026;168754;90965;6;20;6;1;0;08/07/2026;FERNANDO.H;8
17;20611;MASSA SEMOLA GERMANI 1KG ESPAG;MERCEARIA;90823;07/07/2026;168754;90965;10;44;10;0;0;08/07/2026;JESSICA;31
17;17337;DET LIQ ATRIUS 5L PREMIUM;PERFUMARIA E LIMPEZA;90823;07/07/2026;168754;90965;4;1346;28;7;0;08/07/2026;FERNANDO.H;40
17;4212;AMAC GOTA LIMPA 5L DELICATA;PERFUMARIA E LIMPEZA;90823;07/07/2026;168754;90965;4;160;4;1;0;08/07/2026;FERNANDO.H;2
17;17173;DESINF GOTA LIMPA 2L FLORAL;PERFUMARIA E LIMPEZA;90823;07/07/2026;168754;90965;6;510;18;3;0;08/07/2026;FERNANDO.H;5
17;6689;LAVA ROUPA ARIEL 700ML CLASSIC REF;PERFUMARIA E LIMPEZA;90823;07/07/2026;168754;90965;10;83;10;10;0;08/07/2026;FERNANDO.H;0
17;17323;DET LIQ AQUAFAST 1L TRADICIONAL;PERFUMARIA E LIMPEZA;90823;07/07/2026;168754;90965;12;12;12;1;0;08/07/2026;FERNANDO.H;3
17;7797;SABAO BARRA YPE 800G COCO TOQUE AV;PERFUMARIA E LIMPEZA;90823;07/07/2026;168754;90965;12;108;36;3;0;08/07/2026;FERNANDO.H;1
17;20161;LIMP VIDROS ZAVASKI AP 500ML;PERFUMARIA E LIMPEZA;90823;07/07/2026;168754;90965;12;36;12;1;0;08/07/2026;FERNANDO.H;12
17;7790;SABAO BARRA YPE 180G NATURAL;PERFUMARIA E LIMPEZA;90823;07/07/2026;168754;90965;60;660;60;1;0;08/07/2026;FERNANDO.H;36
17;23158;SABAO ZAVASKI COCO 200G;PERFUMARIA E LIMPEZA;90823;07/07/2026;168754;90965;50;1048;50;1;0;08/07/2026;FERNANDO.H;151
17;48;AGUA MIN FLORESTA PET 500ML C GAS;BEBIDAS;90823;07/07/2026;168754;90965;12;215;12;1;0;;;2867
17;33;AGUA MIN SARANDI PET 2L S GAS;BEBIDAS;90823;07/07/2026;168754;90965;8;1202;8;1;0;;;15
17;4418;CERV SKOL BEATS RED LN 269ML MIX;BEBIDAS;90823;07/07/2026;168754;90965;12;24;12;1;0;;;18
17;2894;MOLHO INGLES KITANO 150ML;MERCEARIA;90823;07/07/2026;168754;90965;12;36;12;1;1;08/07/2026;LUAN;9
17;3019;ADOCANTE ADOCYL 200ML;MERCEARIA;90823;07/07/2026;168754;90965;12;324;12;1;1;08/07/2026;LUAN;16
17;3304;PATE ODERICH LT 100G FRANGO;PERECIVEIS;90823;07/07/2026;168754;90965;24;48;48;0;0;08/07/2026;LUAN;8
17;3840;EXT TOM QUERO TP 130G;MERCEARIA;90823;07/07/2026;168754;90965;48;49;48;0;0;08/07/2026;LUAN;-45
17;3850;MOLHO TOM SALSARETTI VD 680G PASSATA RUSTICA;MERCEARIA;90823;07/07/2026;168754;90965;12;240;24;0;0;08/07/2026;LUAN;0
17;837;ERVILHA ODERICH LT 2KG;MERCEARIA;90823;07/07/2026;168754;90965;6;12;6;0;0;08/07/2026;LUAN;1
17;2141;CAFE SOL NESCAFE VD 160G MATINAL;MERCEARIA;90823;07/07/2026;168754;90965;12;2208;12;1;1;08/07/2026;LUAN;48
17;2569;MOLHO TOM POMODORO SH 300G TRAD;MERCEARIA;90823;07/07/2026;168754;90965;24;12547;48;2;0;;;4
17;2699;FARINHA ROSCA CBS 500G;MERCEARIA;90823;07/07/2026;168754;90965;12;0;12;1;0;;;75
17;1264;CHOC BARRA LACTA 80G LAKA OREO;MERCEARIA;90823;07/07/2026;168754;90965;17;17;17;1;0;;;5
17;35632;SOPA DE CANECA NEILAR 18G LEGUMES;MERCEARIA;90823;07/07/2026;168754;90965;12;1068;12;1;0;;;12
17;1436;BISC RECH GLUB 100G CHOCOLATE;MERCEARIA;90823;07/07/2026;168754;90965;30;30;30;1;1;08/07/2026;JESSICA;1
17;1122;BALA DOCILE GELATINA 80G DENTES VAMPIRO;MERCEARIA;90823;07/07/2026;168754;90965;12;528;12;1;1;08/07/2026;JESSICA;10
17;1523;CHOC KI KAKAU 680G BOLIBOL PT;MERCEARIA;90823;07/07/2026;168754;90965;12;0;12;1;1;08/07/2026;JESSICA;2
17;1196;BALA TOFFANO CAFE GOLD 500G;MERCEARIA;90823;07/07/2026;168754;90965;22;0;22;1;1;08/07/2026;JESSICA;1
17;6684;LAVA ROUPA AQUAFAST 5L MULTIACAO;PERFUMARIA E LIMPEZA;90823;07/07/2026;168754;90965;4;120;4;1;0;08/07/2026;FERNANDO.H;8
17;9594;GIRASSOL CBS 250G;PRODUTOS PET;90823;07/07/2026;168754;90965;12;12;12;0;0;08/07/2026;JESSICA;24
17;2760;FARINHA TRIGO NORDESTE 5KG;MERCEARIA;90823;07/07/2026;168754;90965;5;465;5;1;0;;;20
17;2749;FARINHA TRIGO MARIA INES 5KG;MERCEARIA;90823;07/07/2026;168754;90965;5;375;5;1;0;;;5
17;2312;FEIJAO CARIOC SERRA URUGUAI 500G;MERCEARIA;90823;07/07/2026;168754;90965;20;2;20;1;0;;;22
17;687;ESP GARIBALDI PRIMICIAS GF 660ML ROSE;BEBIDAS;90823;07/07/2026;168754;90965;1;19;1;1;0;;;17
17;3181;SALG KEVYTOS SHOW 38G BACON;MERCEARIA;90823;07/07/2026;168754;90965;20;220;20;1;1;08/07/2026;JESSICA;136
17;3282;SALG ALFITOS 35G PIZZA;MERCEARIA;90823;07/07/2026;168754;90965;30;420;30;1;1;08/07/2026;JESSICA;2
17;1602;CONFEITO BIBS AMEND 40G;MERCEARIA;90823;07/07/2026;168754;90965;72;112;72;1;1;08/07/2026;JESSICA;3
17;1247;CHOC BARRA NEUGEBAUER 80G AO LEITE;MERCEARIA;90823;07/07/2026;168754;90965;64;64;64;1;1;08/07/2026;JESSICA;-45
17;17388;DET PO APYCE SH 4K AZUL;PERFUMARIA E LIMPEZA;90823;07/07/2026;168754;90965;5;19;10;2;0;08/07/2026;FERNANDO.H;34
17;4202;AMAC GIRANDO SOL 2L AZUL;PERFUMARIA E LIMPEZA;90823;07/07/2026;168754;90965;6;648;6;1;0;08/07/2026;FERNANDO.H;34
17;12420;AMAC GOTA LIMPA 2L PETALAS;PERFUMARIA E LIMPEZA;90823;07/07/2026;168754;90965;6;186;6;1;0;08/07/2026;FERNANDO.H;25
17;5427;DESENG VEJA SQZ LV500PG400ML LIMAO;PERFUMARIA E LIMPEZA;90823;07/07/2026;168754;90965;24;24;24;1;0;08/07/2026;FERNANDO.H;13
17;38400;BOM AR ELET LIQ FRAMB JAS RF 16ML;PERFUMARIA E LIMPEZA;90823;07/07/2026;168754;90965;1;0;1;1;0;08/07/2026;FERNANDO.H;4
17;4181;AMAC DOWNY 1L REGULAR BRISA SUAVE;PERFUMARIA E LIMPEZA;90823;07/07/2026;168754;90965;12;276;12;1;0;08/07/2026;FERNANDO.H;12
17;19372;INSET NITROCID PO 50G;PERFUMARIA E LIMPEZA;90823;07/07/2026;168754;90965;1;6;1;1;0;08/07/2026;FERNANDO.H;8
17;5516;DESOD AERO BOM AR 360ML JASMIM PEONIA;PERFUMARIA E LIMPEZA;90823;07/07/2026;168754;90965;12;204;12;1;0;08/07/2026;FERNANDO.H;9
17;9293;DESINF YPE BAK 500ML TURQUESA;PERFUMARIA E LIMPEZA;90823;07/07/2026;168754;90965;12;72;12;1;0;08/07/2026;FERNANDO.H;6
17;6831;LIMP MULTI USO AJAX 1L F FLORES BOUQUE;PERFUMARIA E LIMPEZA;90823;07/07/2026;168754;90965;12;24;12;1;0;08/07/2026;FERNANDO.H;3
17;3885;ABS C ABAS ALWAYS 16UN BASICA SUAVE;PERFUMARIA E LIMPEZA;90823;07/07/2026;168754;90965;12;0;12;1;0;08/07/2026;FERNANDO.H;6
17;889;REFRIG COCA COLA LT 350ML;BEBIDAS;90823;07/07/2026;168754;90965;12;48;24;2;0;;;-10
17;2957;MOLHO PIMENTA KNORR CICA 150ML;MERCEARIA;90823;07/07/2026;168754;90965;24;48;24;0;0;08/07/2026;LUAN;-14
17;2959;ACHOC PO TODDY SH 1 8KG MAIS ECONOMICA;MERCEARIA;90823;07/07/2026;168754;90965;6;24;12;0;0;08/07/2026;LUAN;0
17;3022;CEREAL MAT NESTLE SH 120G MOCA FLAKES;MERCEARIA;90823;07/07/2026;168754;90965;20;168;20;0;0;08/07/2026;LUAN;8
17;3037;CEREAL MAT NESTLE CX 210G NESCAU;MERCEARIA;90823;07/07/2026;168754;90965;24;96;24;0;0;08/07/2026;LUAN;15
17;3094;MOSTARDA ODERICH 190G PICANTE;MERCEARIA;90823;07/07/2026;168754;90965;24;96;24;0;0;08/07/2026;LUAN;24
17;3286;GRANOLA CERELUS 250G MACA CANELA;MERCEARIA;90823;07/07/2026;168754;90965;12;24;12;0;0;08/07/2026;LUAN;5
17;3534;GRANOLA NATURALE 1KG CER CROC FRUTAS;MERCEARIA;90823;07/07/2026;168754;90965;12;72;12;1;1;08/07/2026;LUAN;3
17;15141;CAFE 3C DRIP GOURMET SH 10G PORTINARI;MERCEARIA;90823;07/07/2026;168754;90965;10;10;10;0;0;08/07/2026;LUAN;-28
17;34881;AVEIA NATURALE 170G FLOCOS FINOS;MERCEARIA;90823;07/07/2026;168754;90965;24;288;24;1;1;08/07/2026;LUAN;12
17;36370;KETCHUP SALSARET TOP DOWN BAC CEB 3;MERCEARIA;90823;07/07/2026;168754;90965;15;60;15;0;0;08/07/2026;LUAN;0
17;2076;CHA PRENDA 10G CAMOMILA;MERCEARIA;90823;07/07/2026;168754;90965;20;1719;20;1;1;08/07/2026;LUAN;16
17;2218;CAPSULA DOLCE GUSTO 60G C 10 EXPRESSO;MERCEARIA;90823;07/07/2026;168754;90965;6;12;6;0;0;08/07/2026;LUAN;1
17;874;MAIONESE ODERICH SH 1KG;MERCEARIA;90823;07/07/2026;168754;90965;6;2844;12;2;0;;;28
17;20613;MAS ESPAGUETINI ISABELA SEMOLA 500G;MERCEARIA;90823;07/07/2026;168754;90965;20;60;20;0;0;08/07/2026;JESSICA;61
17;1229;BISC ROSQ GERMANI COCO 350G;MERCEARIA;90823;07/07/2026;168754;90965;20;179;20;0;0;08/07/2026;JESSICA;-4
17;17175;DESINF GOTA LIMPA 2L LAVANDA;PERFUMARIA E LIMPEZA;90823;07/07/2026;168754;90965;6;18;6;1;0;08/07/2026;FERNANDO.H;-2
17;6874;LIMP M USO YPE 500ML CLASSICO;PERFUMARIA E LIMPEZA;90823;07/07/2026;168754;90965;12;0;12;1;0;08/07/2026;FERNANDO.H;3
17;17203;DESINF PINHO SOL 1 75L LIMAO;PERFUMARIA E LIMPEZA;90823;07/07/2026;168754;90965;6;180;6;1;0;08/07/2026;FERNANDO.H;10
17;6204;GAS FUMIGANTE JIMO 70G 2UN;PERFUMARIA E LIMPEZA;90823;07/07/2026;168754;90965;18;0;18;1;0;08/07/2026;FERNANDO.H;11
17;790;REFRIG CHARRUA GUARANA PET 2L;BEBIDAS;90823;07/07/2026;168754;90965;8;-160;40;5;0;;;809
17;2536;DOCE DIFRUTTI 1 010KG GOIABA;MERCEARIA;90823;07/07/2026;168754;90965;6;21;6;0;0;08/07/2026;LUAN;6
17;3575;GELATINA APTI 20G MARACUJA;MERCEARIA;90823;07/07/2026;168754;90965;36;108;72;0;0;08/07/2026;LUAN;13
17;2005;CAFE VACUO IGUACU 500G EXTRA FORTE;MERCEARIA;90823;07/07/2026;168754;90965;20;480;20;0;0;08/07/2026;LUAN;8
17;2374;DUETO ODERICH ERVIL CENOURA LT 200G;MERCEARIA;90823;07/07/2026;168754;90965;24;72;24;0;0;08/07/2026;LUAN;16
17;17292;DESOD ROLLON DOVE 50ML INVISIBLE DRY;PERFUMARIA E LIMPEZA;90823;07/07/2026;168754;90965;12;0;12;1;0;;;0
17;3298;SALG OBBA 100G REQUEIJAO;MERCEARIA;90823;07/07/2026;168754;90965;10;16;10;1;1;08/07/2026;JESSICA;3
17;38629;MAS CAS ISABELA TALHARIM 400G;MERCEARIA;90823;07/07/2026;168754;90965;12;0;12;1;1;08/07/2026;JESSICA;3
17;23021;SAB LIQ BELEZA AMAZONIA 370ML ERV DOCE;PERFUMARIA E LIMPEZA;90823;07/07/2026;168754;90965;12;12;12;1;0;;;12
17;5509;DESOD AERO AXE 152ML 90G MARINE;PERFUMARIA E LIMPEZA;90823;07/07/2026;168754;90965;12;984;12;1;0;;;9
17;2862;MASSA C OVOS GERMANI 500G MACARRAO;MERCEARIA;90823;07/07/2026;168754;90965;20;40;20;0;0;08/07/2026;JESSICA;29
17;1594;BISC SALG CLUB SOCIAL 6UN 141G PRESUNTO;MERCEARIA;90823;07/07/2026;168754;90965;44;88;44;0;0;08/07/2026;JESSICA;-34
17;6688;LAVA ROUPA ARIEL 3L CLASSICO;PERFUMARIA E LIMPEZA;90823;07/07/2026;168754;90965;4;17;4;1;0;08/07/2026;FERNANDO.H;1
17;10202;SABAO BARRA GIRANDO SOL GLIC 5X200G;PERFUMARIA E LIMPEZA;90823;07/07/2026;168754;90965;10;29;10;1;0;08/07/2026;FERNANDO.H;32
17;3971;ALCOOL 46 SUPER VALE 1L;PERFUMARIA E LIMPEZA;90823;07/07/2026;168754;90965;12;276;12;1;0;08/07/2026;FERNANDO.H;26
17;17348;DET LIQ GIRANDO SOL 1L GLICA;PERFUMARIA E LIMPEZA;90823;07/07/2026;168754;90965;12;36;48;4;0;08/07/2026;FERNANDO.H;3
17;17372;DET LIQ TIXAN YPE POUCH RF 900ML MACIEZ;PERFUMARIA E LIMPEZA;90823;07/07/2026;168754;90965;12;0;12;1;0;08/07/2026;FERNANDO.H;0
17;12181;ABS MILI MULHER CONFORTO TOT C ABAS C 16UN;PERFUMARIA E LIMPEZA;90823;07/07/2026;168754;90965;24;528;48;2;0;08/07/2026;FERNANDO.H;-16
17;5674;DETERG GIRANDO SOL 500ML MACA;PERFUMARIA E LIMPEZA;90823;07/07/2026;168754;90965;24;3984;24;1;0;08/07/2026;FERNANDO.H;28
17;2960;ACHOC TODDY PT 370G ORIGINAL;MERCEARIA;90823;07/07/2026;168754;90965;24;47;24;0;0;08/07/2026;LUAN;58
17;15171;CAFE SOL NESCAFE CREM DOLCA LT 150G;MERCEARIA;90823;07/07/2026;168754;90965;12;132;36;0;0;08/07/2026;LUAN;-12
17;15540;CAP DOLCE GUSTO LATTE MACCHIA C 10;MERCEARIA;90823;07/07/2026;168754;90965;6;24;6;0;0;08/07/2026;LUAN;1
17;1983;CAPPUCCINO PRONTO 3C 260ML CLASSIC;MERCEARIA;90823;07/07/2026;168754;90965;6;42;6;0;0;08/07/2026;LUAN;1
17;986;OLEO SOJA VITALIV PET 900ML;MERCEARIA;90823;07/07/2026;168754;90965;20;140;20;1;0;;;612
17;868;MAIONESE HELLMANNS SH 1KG;MERCEARIA;90823;07/07/2026;168754;90965;12;288;12;1;0;;;13
17;13059;BANHEIRA ADOLETA INF 20L ROSA BEBE;PERFUMARIA E LIMPEZA;90823;07/07/2026;168754;90965;1;0;1;1;0;;;0
17;36357;OLEO SERUM TOQUE DE SEDA FR 60ML;PERFUMARIA E LIMPEZA;90823;07/07/2026;168754;90965;12;0;24;2;0;;;0
17;33219;DESOD CR DOVE 50ML PREV ESCURECIM;PERFUMARIA E LIMPEZA;90823;07/07/2026;168754;90965;12;3;12;1;0;;;3
17;2302;FEIJAO BRANCO CALDO OURO 500G;MERCEARIA;90823;07/07/2026;168754;90965;10;435;10;1;0;;;8
17;1446;BISC DOCE NESTLE CHOCO TRIO 90G AMEND;MERCEARIA;90823;07/07/2026;168754;90965;12;300;12;1;0;;;4
17;1437;BISC RECH GLUB 100G CHOC BCO;MERCEARIA;90823;07/07/2026;168754;90965;30;120;30;0;0;08/07/2026;JESSICA;-37
17;1653;WAFER PARATI MINUETO 81G LIMAO;MERCEARIA;90823;07/07/2026;168754;90965;36;3384;36;1;1;08/07/2026;JESSICA;102
17;1622;BISC SORT GERMANI 800G;MERCEARIA;90823;07/07/2026;168754;90965;10;30;10;0;0;08/07/2026;JESSICA;4
17;2875;MASSA C OVOS GERMANI 500G CONCHINHA;MERCEARIA;90823;07/07/2026;168754;90965;20;80;40;2;2;08/07/2026;JESSICA;20
17;20653;MAS PARAF ISABELA SEMOLA 400G;MERCEARIA;90823;07/07/2026;168754;90965;20;759;20;1;1;08/07/2026;JESSICA;28
17;10164;SAB LIQ PAMPERS REF 350ML GLICERINA;PERFUMARIA E LIMPEZA;90823;07/07/2026;168754;90965;6;6;6;1;0;;;1
17;16903;CR NIVEA LT 56G;PERFUMARIA E LIMPEZA;90823;07/07/2026;168754;90965;1;1;1;1;0;;;0
17;20665;MASSA SEMOLA GERMANI 500G PARAF;MERCEARIA;90823;07/07/2026;168754;90965;20;79;20;0;0;08/07/2026;JESSICA;-18
17;37432;DESINFETANTE SUPREMA LAVANDA 5L;PERFUMARIA E LIMPEZA;90823;07/07/2026;168754;90965;3;315;3;1;0;08/07/2026;FERNANDO.H;8
17;12417;AMAC GOTA LIMPA 2L FASCINIO;PERFUMARIA E LIMPEZA;90823;07/07/2026;168754;90965;6;24;6;1;0;08/07/2026;FERNANDO.H;-10
17;36732;LIMP PERF AQUAFAST 2L FRESCOR MANHA;PERFUMARIA E LIMPEZA;90823;07/07/2026;168754;90965;6;12;6;1;0;08/07/2026;FERNANDO.H;-5
17;9276;DESENG AQUAFAST COZINHA 500ML LIMAO;PERFUMARIA E LIMPEZA;90823;07/07/2026;168754;90965;12;0;12;1;0;08/07/2026;FERNANDO.H;0
17;21296;ODORIZ AMAZONIA AROM 270ML ALFAZEMA;PERFUMARIA E LIMPEZA;90823;07/07/2026;168754;90965;12;24;24;2;0;08/07/2026;FERNANDO.H;0
17;6843;LIMP PES AJAX 500ML FRESH BLUE;PERFUMARIA E LIMPEZA;90823;07/07/2026;168754;90965;12;0;12;1;0;08/07/2026;FERNANDO.H;24
17;23140;SABAO GIRANDO SOL COCO 100G BAB;PERFUMARIA E LIMPEZA;90823;07/07/2026;168754;90965;50;100;50;1;0;08/07/2026;FERNANDO.H;-18
17;9296;DET LIQ GOTA LIMPA 1L LIMAO;PERFUMARIA E LIMPEZA;90823;07/07/2026;168754;90965;12;2640;12;1;0;08/07/2026;FERNANDO.H;50
17;2471;TOMATE SECO CONSERVA JUREIA VD 200G;PERECIVEIS;90823;07/07/2026;168754;90965;12;36;24;0;0;08/07/2026;LUAN;-1
17;4220;AMAC YPE 5L ACONCHEGO;PERFUMARIA E LIMPEZA;90919;07/07/2026;169006;91338;4;136;28;7;0;07/07/2026;FERNANDO PAZ;0
17;13697;BOMBOM ARCOR SORT 146G;MERCEARIA;90919;07/07/2026;169006;91338;30;722;60;0;0;07/07/2026;ERICA;1
17;1561;BISC SALG TUCS 100G QUEIJO;MERCEARIA;90919;07/07/2026;169006;91338;30;1470;60;0;0;07/07/2026;ERICA;-3
17;7827;SABAO PO GIRANDO SOL 4KG ROSA;PERFUMARIA E LIMPEZA;90919;07/07/2026;169006;91338;5;160;15;3;0;07/07/2026;FERNANDO PAZ;-11
17;750;ACUCAR CRISTAL GASPARIN 5KG;MERCEARIA;90919;07/07/2026;169006;91338;6;972;168;28;0;;;138
17;309;CERV PROVINCIA MALZBIER ZR LT 473ML;BEBIDAS;90919;07/07/2026;169006;91338;12;96;24;2;0;;;3
17;2568;MOLHO TOM CAJAMAR SH 300G TRAD;MERCEARIA;90919;07/07/2026;169006;91338;32;288;224;7;0;;;-9
17;17175;DESINF GOTA LIMPA 2L LAVANDA;PERFUMARIA E LIMPEZA;90919;07/07/2026;169006;91338;6;18;12;2;0;07/07/2026;FERNANDO PAZ;-2
17;2909;ACHOC LIQ SHOWKINHO 200ML;MERCEARIA;90919;07/07/2026;169639;91228;27;10449;189;7;0;;;257
17;38001;CEREAL MAT DOMELLY DINOCRISPY A CHO;MERCEARIA;90919;07/07/2026;169006;91338;10;200;40;4;4;07/07/2026;ERICA;0
17;827;REFRIG PEPSI TWIST PET 2L;BEBIDAS;90919;07/07/2026;169006;91338;8;1760;24;3;0;;;2
17;3874;BOMBOM AMOR CARIOCA 200G;MERCEARIA;90919;07/07/2026;169006;91338;30;720;60;0;0;07/07/2026;ERICA;45
17;1288;CHOC BARRA NESTLE 80G CLASSIC DUO;MERCEARIA;90919;07/07/2026;169006;91338;16;705;96;0;0;07/07/2026;ERICA;19
17;1654;WAFER PARATI MINUETO 81G CHOC AVELA;MERCEARIA;90919;07/07/2026;169006;91338;36;468;72;0;0;07/07/2026;ERICA;91
17;904;REFRIG PEPSI LT 350ML;BEBIDAS;90919;07/07/2026;169006;91338;12;876;36;3;0;;;0
17;1738;DOCE N BONN 1 05KG SUSPIRO;MERCEARIA;90919;07/07/2026;169006;91338;1;15;6;0;0;07/07/2026;ERICA;6
17;3287;SALG KEVYTOS SHOW 38G PRESUNTO;MERCEARIA;90919;07/07/2026;169006;91338;20;400;60;0;0;07/07/2026;ERICA;31
17;1575;BISC SALG GERMANI GRISSINI 175G;MERCEARIA;90919;07/07/2026;169006;91338;16;128;32;0;0;07/07/2026;ERICA;6
17;1419;BISC MARIA DOMELLY 300G;MERCEARIA;90919;07/07/2026;169006;91338;20;934;40;2;2;07/07/2026;ERICA;-62
17;834;REFRIG ANTARCTICA GUARANA PET 3L;BEBIDAS;90919;07/07/2026;169006;91338;4;409;20;5;0;;;-3
17;829;REFRIG SODA LIMONADA PET 2L;BEBIDAS;90919;07/07/2026;169006;91338;8;852;16;0;0;07/07/2026;GABRIELL2;2
17;1522;BISC RECH BAUDUCCO RECHEADINHO 104G CHOC;MERCEARIA;90919;07/07/2026;169006;91338;45;315;90;0;0;07/07/2026;ERICA;12
17;1355;BISC DOCE DOMELLY 560G GLACE BCO;MERCEARIA;90919;07/07/2026;169006;91338;12;157;24;0;0;07/07/2026;ERICA;2
17;1585;BISC SALG ZEZE 200G MIGNON;MERCEARIA;90919;07/07/2026;169006;91338;24;1032;48;0;0;07/07/2026;ERICA;48
17;4212;AMAC GOTA LIMPA 5L DELICATA;PERFUMARIA E LIMPEZA;90919;07/07/2026;169006;91338;4;160;8;2;0;07/07/2026;FERNANDO PAZ;2
17;12398;AMACIANTE AQUAFAST 5L JARD FLOR;PERFUMARIA E LIMPEZA;90919;07/07/2026;169006;91338;4;92;12;3;0;07/07/2026;FERNANDO PAZ;-3
17;24994;TOAL UMED HUPPY L100P80;PERFUMARIA E LIMPEZA;90919;07/07/2026;169006;91338;12;3840;36;3;0;07/07/2026;FERNANDO PAZ;0
17;1616;BISC SALG CLUB SOCIAL 288G ORIGINAL;MERCEARIA;90919;07/07/2026;169006;91338;20;120;80;4;4;07/07/2026;ERICA;1
17;1647;WAFER GIRASSOL 60G MORANGO;MERCEARIA;90919;07/07/2026;169006;91338;50;5050;150;0;0;07/07/2026;ERICA;-73
17;9751;LEITE SANTA CLARA UHT INT 1L;PERECIVEIS;90919;07/07/2026;169006;91338;12;95304;396;33;0;;;287
17;3875;BOMBOM AMOR CARIOCA 200G BRANCO;MERCEARIA;90919;07/07/2026;169006;91338;30;1170;90;3;3;07/07/2026;ERICA;1
17;304;VH SANGUE BOI TINTO 4L SV;BEBIDAS;90919;07/07/2026;169639;91228;2;17;6;3;0;07/07/2026;GABRIELL2;5
17;9741;LEITE SANTA CLARA LV SEMI DESN 1L;PERECIVEIS;90919;07/07/2026;169006;91338;12;179;120;10;0;;;-89
17;37432;DESINFETANTE SUPREMA LAVANDA 5L;PERFUMARIA E LIMPEZA;90919;07/07/2026;169006;91338;3;315;6;2;0;07/07/2026;FERNANDO PAZ;8
17;2150;ARROZ BCO REQUINTE TP1 5KG;MERCEARIA;90953;07/07/2026;169050;90825;6;2180;180;30;30;07/07/2026;IAGO;202
17;3516;FERM PO BIOL GOOD INSTANT SH 125G;MERCEARIA;91017;07/07/2026;169205;91116;12;600;12;1;0;;;-22
17;310;VH TRADICAO TINTO 1 4L SC;BEBIDAS;91017;07/07/2026;169205;91116;6;312;30;5;0;;;66
17;3512;FERM PO BIOL GOOD INSTANT SH 10G;MERCEARIA;91017;07/07/2026;169205;91116;30;6180;60;2;0;;;6
17;4598;CERV ITAIPAVA MALZBIER LT 350ML;BEBIDAS;91082;07/07/2026;169472;91100;12;2606;60;5;0;;;97
17;280;CERV ITAIPAVA MALZBIER LN 330ML;BEBIDAS;91082;07/07/2026;169472;91100;12;1308;60;5;0;;;25
17;747;ACUCAR CRISTAL GASPARIN 2KG;MERCEARIA;91115;07/07/2026;169513;91338;15;6103;225;15;0;;;252
17;17393;DET PO ASSIM 800G MICELAR FLORAL;PERFUMARIA E LIMPEZA;91115;07/07/2026;169513;91338;20;2620;40;2;0;07/07/2026;FERNANDO PAZ;139
17;2348;FEIJAO PRETO ARBAZA TP1 1KG;MERCEARIA;91115;07/07/2026;169513;91338;30;6362;60;2;0;;;893
17;17394;DET PO ASSIM 800G TRIPLA ACAO BI;PERFUMARIA E LIMPEZA;91115;07/07/2026;169513;91338;20;580;20;1;0;07/07/2026;FERNANDO PAZ;313
17;2909;ACHOC LIQ SHOWKINHO 200ML;MERCEARIA;91182;07/07/2026;169730;91280;27;10449;1350;50;0;;;257
17;33510;GFA TERM TERMOLAR MAGIC PUMP 1L MARROM;NAO ALIMENTO;91253;07/07/2026;169752;;6;60;12;0;0;;;0
17;6266;GFA TERM TERMOLAR MAGIC PUMP 1L VRM AURORA;NAO ALIMENTO;91253;07/07/2026;169752;;6;246;6;0;0;;;11
17;38827;GFA TERM TERMOLAR MAGIC PUMP VERDE 1L;NAO ALIMENTO;91253;07/07/2026;169752;;6;0;6;0;0;;;0
17;6262;GFA TERM TERMOLAR MAGIC PUMP 1L BCA;NAO ALIMENTO;91253;07/07/2026;169752;;6;210;6;0;0;;;13
17;1616;BISC SALG CLUB SOCIAL 288G ORIGINAL;MERCEARIA;91302;07/07/2026;169817;91393;20;120;200;10;0;08/07/2026;JOCELAINE;1
17;1491;BISC RECH TRAKINAS 126G BUBBALOO T FRUT;MERCEARIA;91302;07/07/2026;169817;91393;54;270;54;1;0;08/07/2026;JOCELAINE;-21
17;1606;BISC SALG CLUB SOCIAL 6UN 144G ORIGINAL;MERCEARIA;91302;07/07/2026;169817;91393;44;3080;220;5;0;08/07/2026;JOCELAINE;48
18;6708;LAVA ROUPA GIRANDO SOL 2L HIPOALERGINO;PERFUMARIA E LIMPEZA;90825;07/07/2026;168755;90662;6;108;6;1;1;07/07/2026;LUIGGI;4
18;7943;SABON PALMOLIVE NATURALS 150G JASMIM E CACAU;PERFUMARIA E LIMPEZA;90825;07/07/2026;168755;90662;72;0;72;1;0;;;36
18;37021;FAROFA DINDA 200G TRAD;MERCEARIA;90825;07/07/2026;168755;90662;25;750;25;1;0;;;3
18;1842;DROPS FREEGELLS 27 9G MORANGO;MERCEARIA;90825;07/07/2026;168755;90662;12;12;12;1;0;;;-9
18;20665;MASSA SEMOLA GERMANI 500G PARAF;MERCEARIA;90825;07/07/2026;168755;90662;20;79;20;0;0;08/07/2026;JOCELAINE;7
18;24313;SH DARLING CERAMIDAS 650ML;PERFUMARIA E LIMPEZA;90825;07/07/2026;168755;90662;6;0;6;1;0;;;13
18;38617;CD DOVE NUTRI TRIOLEOS 370ML;PERFUMARIA E LIMPEZA;90825;07/07/2026;168755;90662;1;9;1;1;0;;;0
18;7356;PAPEL HIG DUETTO 4 UN DE 30M PERFUMADO;PERFUMARIA E LIMPEZA;90825;07/07/2026;168755;90662;16;0;16;0;0;07/07/2026;ELIAS;9
18;3568;BEB 3 CORACOES POWER WHEY 250ML COOKIES;MERCEARIA;90825;07/07/2026;168755;90662;12;540;12;0;0;08/07/2026;CAROLINA;9
18;5679;DET LIQ GOTA LIMPA 500ML LIMAO;PERFUMARIA E LIMPEZA;90825;07/07/2026;168755;90662;24;456;24;0;0;07/07/2026;LUIGGI;77
18;17324;DET LIQ AQUAFAST 1L MULTIACAO;PERFUMARIA E LIMPEZA;90825;07/07/2026;168755;90662;12;12;12;0;0;07/07/2026;LUIGGI;12
18;3951;AGUA SANIT Q BOA 2L;PERFUMARIA E LIMPEZA;90825;07/07/2026;168755;90662;6;20;6;0;0;07/07/2026;LUIGGI;-6
18;17176;DESINF GOTA LIMPA 2L LIMAO;PERFUMARIA E LIMPEZA;90825;07/07/2026;168755;90662;6;744;6;1;1;07/07/2026;LUIGGI;19
18;648;WHISKY MASTER GOLD VD 900ML;BEBIDAS;90825;07/07/2026;168755;90662;1;85;2;2;0;;;11
18;2940;MASSA S OVOS NORDESTE 1KG ESPAGUETE;MERCEARIA;90825;07/07/2026;168755;90662;10;30;10;0;0;08/07/2026;JOCELAINE;12
18;20653;MAS PARAF ISABELA SEMOLA 400G;MERCEARIA;90825;07/07/2026;168755;90662;20;759;20;1;1;08/07/2026;JOCELAINE;6
18;7949;SABON PALMOLIVE NATURALS 150G OLEO NUTRITIVO;PERFUMARIA E LIMPEZA;90825;07/07/2026;168755;90662;72;24;72;1;0;;;43
18;23108;SABON PALMOLIVE 150G ARGILA EUCALIP;PERFUMARIA E LIMPEZA;90825;07/07/2026;168755;90662;72;72;72;1;0;;;41
18;19204;GLIC VEGETAL JAY LUC 100ML;PERFUMARIA E LIMPEZA;90825;07/07/2026;168755;90662;1;3;1;1;0;;;5
18;5727;ELIM ODORES GEL GLADE 70G LAVANDA;PERFUMARIA E LIMPEZA;90825;07/07/2026;168755;90662;36;36;36;0;0;07/07/2026;LUIGGI;-1
18;34975;DET LIQ GIRANDO SOL 500ML HIPOAL;PERFUMARIA E LIMPEZA;90825;07/07/2026;168755;90662;24;912;24;0;0;07/07/2026;LUIGGI;39
18;5683;DET LIQ GOTA LIMPA 5L NEUTRO;PERFUMARIA E LIMPEZA;90825;07/07/2026;168755;90662;4;8;4;0;0;07/07/2026;LUIGGI;0
18;3952;AGUA SANIT Q BOA 5L;PERFUMARIA E LIMPEZA;90825;07/07/2026;168755;90662;3;305;3;1;1;07/07/2026;LUIGGI;12
18;4218;AMAC YPE 2L INTENSO;PERFUMARIA E LIMPEZA;90825;07/07/2026;168755;90662;6;479;6;1;1;07/07/2026;LUIGGI;19
18;34832;AMAC CONC YPE FR 1L LOCCITAN BRESIL;PERFUMARIA E LIMPEZA;90825;07/07/2026;168755;90662;12;12;12;1;1;07/07/2026;LUIGGI;4
18;4176;AMAC DOWNY 1 5L BRISA DE VERAO;PERFUMARIA E LIMPEZA;90825;07/07/2026;168755;90662;9;644;18;2;2;07/07/2026;LUIGGI;13
18;24310;SH COTTONBABY SNOOPY 200ML TOQUE ALGODAO;PERFUMARIA E LIMPEZA;90825;07/07/2026;168755;90662;12;12;36;3;0;;;14
18;7950;SABON PALMOLIVE NATURALS 150G TURMALINA;PERFUMARIA E LIMPEZA;90825;07/07/2026;168755;90662;72;0;72;1;0;;;9
18;143;VH ARBO RIESLING SC 750ML;BEBIDAS;90825;07/07/2026;168755;90662;6;6;6;0;0;08/07/2026;CAROLINA;11
18;322;BEB ADES TP 1L PESSEGO;BEBIDAS;90825;07/07/2026;168755;90662;6;6;6;0;0;08/07/2026;CAROLINA;0
18;392;ENERG MONSTER LT 473ML MANGO LOCO;BEBIDAS;90825;07/07/2026;168755;90662;6;356;6;0;0;08/07/2026;CAROLINA;5
18;3431;SOPA GALINHA MAGGI 60G FIDELINI;MERCEARIA;90825;07/07/2026;168755;90662;10;59;10;1;0;;;21
18;3369;CALDO APTI 57G CARNE;MERCEARIA;90825;07/07/2026;168755;90662;120;120;120;0;0;08/07/2026;JOCELAINE;61
18;22704;RACAO DODOG TRAD 1KG;PRODUTOS PET;90825;07/07/2026;168755;90662;10;1082;10;1;1;08/07/2026;JOCELAINE;28
18;4230;AMPOLA PANTENE 45ML 3UN TRAT HIDRATA;PERFUMARIA E LIMPEZA;90825;07/07/2026;168755;90662;1;1;1;1;0;;;13
18;10276;SH GOTA DOURADA FORTALECIM 430ML DESAMARELADOR;PERFUMARIA E LIMPEZA;90825;07/07/2026;168755;90662;12;24;12;0;0;08/07/2026;CAROLINA;0
18;6211;DESOD SANIT ADES GOTA LIMPA 41G 7D CITRONELA;PERFUMARIA E LIMPEZA;90825;07/07/2026;168755;90662;12;24;12;0;0;07/07/2026;LUIGGI;20
18;24994;TOAL UMED HUPPY L100P80;PERFUMARIA E LIMPEZA;90825;07/07/2026;168755;90662;12;3840;24;0;0;07/07/2026;LUIGGI;25
18;17191;DESINF IMPERIAL 5L PINHO;PERFUMARIA E LIMPEZA;90825;07/07/2026;168755;90662;4;24;4;0;0;07/07/2026;LUIGGI;0
18;33674;LIMP PERF SAIF CONCENTRADO 120ML BAMBU;PERFUMARIA E LIMPEZA;90825;07/07/2026;168755;90662;12;36;24;0;0;07/07/2026;LUIGGI;21
18;37437;AGUA SANITARIA SUPREMA 2 L;PERFUMARIA E LIMPEZA;90825;07/07/2026;168755;90662;6;2646;12;0;0;07/07/2026;LUIGGI;7
18;7835;DET PO GOTA LIMPA 800G EQUILIBRIO;PERFUMARIA E LIMPEZA;90825;07/07/2026;168755;90662;20;140;20;0;0;07/07/2026;LUIGGI;20
18;17336;DET LIQ ATRIUS 5L GLICERINA;PERFUMARIA E LIMPEZA;90825;07/07/2026;168755;90662;4;717;4;0;0;07/07/2026;LUIGGI;3
18;34845;ALVEJ BARBAREX 2L S CLORO;PERFUMARIA E LIMPEZA;90825;07/07/2026;168755;90662;6;732;6;1;1;07/07/2026;LUIGGI;0
18;12404;AMACIANTE DOWNY 1 5L BRISA SUAVE;PERFUMARIA E LIMPEZA;90825;07/07/2026;168755;90662;9;405;18;2;2;07/07/2026;LUIGGI;28
18;5432;DESINF AQUAFAST HARMONIA 2L PAIXAO;PERFUMARIA E LIMPEZA;90825;07/07/2026;168755;90662;6;288;6;1;1;07/07/2026;LUIGGI;17
18;663;SUCO KAPO TP 200ML MORANGO;BEBIDAS;90825;07/07/2026;168755;90662;12;648;12;0;0;08/07/2026;CAROLINA;72
18;7834;DET PO GOTA LIMPA 4KG EQUILIBRIO;PERFUMARIA E LIMPEZA;90825;07/07/2026;168755;90662;5;14;5;0;0;07/07/2026;LUIGGI;27
18;33941;DET PO GIRANDO SOL SH 800G COCO BAUN;PERFUMARIA E LIMPEZA;90825;07/07/2026;168755;90662;25;472;25;1;1;07/07/2026;LUIGGI;16
18;7833;SABAO PO GIRANDO SOL 800G ROSA;PERFUMARIA E LIMPEZA;90825;07/07/2026;168755;90662;25;147;25;1;1;07/07/2026;LUIGGI;130
18;3964;ALCOOL 46 COPERALCOOL 1L TRAD;PERFUMARIA E LIMPEZA;90825;07/07/2026;168755;90662;12;636;12;1;1;07/07/2026;LUIGGI;13
18;10144;SAB FARNESE 180G AVEIA ESFOL;PERFUMARIA E LIMPEZA;90825;07/07/2026;168755;90662;36;324;36;1;0;;;32
18;867;REFRIG COCA COLA ZERO LT 310ML C6;BEBIDAS;90825;07/07/2026;168755;90662;6;30;12;0;0;08/07/2026;CAROLINA;0
18;1896;DROPS FREEGELLS 27 6G MENTA CHOC;MERCEARIA;90825;07/07/2026;168755;90662;12;0;12;1;0;;;5
18;20651;MASSA DOMELLY SEMOLA 1KG PARAF;MERCEARIA;90825;07/07/2026;168755;90662;10;17;10;0;0;08/07/2026;JOCELAINE;2
18;20355;MAC INST NISSIN MONICA 85G GALINHA;MERCEARIA;90825;07/07/2026;168755;90662;50;850;50;1;1;08/07/2026;JOCELAINE;79
18;20611;MASSA SEMOLA GERMANI 1KG ESPAG;MERCEARIA;90825;07/07/2026;168755;90662;10;44;10;0;0;08/07/2026;JOCELAINE;26
18;22710;RAC DOPREMIUM FILHOTES 10 1K;PRODUTOS PET;90825;07/07/2026;168755;90662;1;3;2;2;2;08/07/2026;JOCELAINE;0
18;6689;LAVA ROUPA ARIEL 700ML CLASSIC REF;PERFUMARIA E LIMPEZA;90825;07/07/2026;168755;90662;10;83;10;0;0;07/07/2026;LUIGGI;0
18;17403;DET PO BRILHANTE CUID TOT CT 800G;PERFUMARIA E LIMPEZA;90825;07/07/2026;168755;90662;20;2134;20;1;1;07/07/2026;LUIGGI;40
18;17384;DET PO APYCE SH 1 6K AZUL;PERFUMARIA E LIMPEZA;90825;07/07/2026;168755;90662;13;39;13;0;0;07/07/2026;LUIGGI;26
18;12293;AGUA SANIT ZAVASKI 5L;PERFUMARIA E LIMPEZA;90825;07/07/2026;168755;90662;4;296;4;1;1;07/07/2026;LUIGGI;19
18;18736;FRALDA DESC BABYSEC ULTSEC MEGA XG 30 UN;PERFUMARIA E LIMPEZA;90825;07/07/2026;168755;90662;6;108;6;1;0;;;24
18;33219;DESOD CR DOVE 50ML PREV ESCURECIM;PERFUMARIA E LIMPEZA;90825;07/07/2026;168755;90662;12;3;12;1;0;;;0
18;12452;AMEND BCO BELLA DICA 400G;MERCEARIA;90825;07/07/2026;168755;90662;12;4100;24;2;0;;;21
18;3790;VINAGRE VINHO KOLLER 500ML TINTO;MERCEARIA;90825;07/07/2026;168755;90662;12;12;12;0;0;08/07/2026;JOCELAINE;12
18;4046;ALIM GATO FRISKIES 85G CORDEIR AO MOLH;PRODUTOS PET;90825;07/07/2026;168755;90662;15;61;15;0;0;08/07/2026;JOCELAINE;111
18;18942;GEL AMAZONIA ARNICA 235G;PERFUMARIA E LIMPEZA;90825;07/07/2026;168755;90662;24;0;24;1;0;;;18
18;5599;DESOD AERO REXONA 150ML 90G ACT EMOTION;PERFUMARIA E LIMPEZA;90825;07/07/2026;168755;90662;12;204;12;1;0;;;10
18;766;REFRIG FANTA PET 200ML LARANJA;BEBIDAS;90825;07/07/2026;168755;90662;12;192;12;0;0;08/07/2026;CAROLINA;64
18;3584;BEBIDA PARMALAT WHEY 250ML MILHO VERDE;MERCEARIA;90825;07/07/2026;168755;90662;18;18;18;1;1;08/07/2026;CAROLINA;0
18;6931;LIMP UAU 500ML REQUINTE;PERFUMARIA E LIMPEZA;90825;07/07/2026;168755;90662;24;72;24;0;0;07/07/2026;LUIGGI;19
18;12417;AMAC GOTA LIMPA 2L FASCINIO;PERFUMARIA E LIMPEZA;90825;07/07/2026;168755;90662;6;24;6;0;0;07/07/2026;LUIGGI;12
18;34834;SAB LIQ FLOR YPE 250ML MACA FRAMBOESA;PERFUMARIA E LIMPEZA;90825;07/07/2026;168755;90662;12;12;12;0;0;07/07/2026;LUIGGI;7
18;633;VODKA TAIGA PREMIUM VD 1L;BEBIDAS;90825;07/07/2026;168755;90662;1;3;1;1;0;;;6
18;20594;MAS CASEIRA MOSMANN INTEGRAL 300G;MERCEARIA;90825;07/07/2026;168755;90662;12;12;12;0;0;08/07/2026;JOCELAINE;15
18;12610;ARROZ P CAES KI KAO SANO 5K;PRODUTOS PET;90825;07/07/2026;168755;90662;6;108;6;1;1;08/07/2026;JOCELAINE;5
18;22734;RAC QUATRO PATAS GATOS FIL 500G;PRODUTOS PET;90825;07/07/2026;168755;90662;10;210;10;1;1;08/07/2026;JOCELAINE;15
18;4274;AREIA HIG GOLCAT 4KG P GATOS;PRODUTOS PET;90825;07/07/2026;168755;90662;5;10;10;0;0;08/07/2026;JOCELAINE;23
18;6290;GRANULADO HIGIENICO PIPICAT 4KG FLORAL;PRODUTOS PET;90825;07/07/2026;168755;90662;6;1121;6;1;1;08/07/2026;JOCELAINE;11
18;9704;KIT ELSEVE SH 375ML COND 170ML CACHO SONHOS;PERFUMARIA E LIMPEZA;90825;07/07/2026;168755;90662;6;18;6;1;0;;;24
18;6243;GEL VINI LADY 220G FIXADOR AZUL;PERFUMARIA E LIMPEZA;90825;07/07/2026;168755;90662;24;0;24;1;0;;;18
18;3853;ENERG ELEV LT 473ML MOR MELANCIA;BEBIDAS;90825;07/07/2026;168755;90662;6;12;12;0;0;08/07/2026;CAROLINA;14
18;25433;VH CONCHA Y TORO RESERV CAB SUAVE 750ML;BEBIDAS;90825;07/07/2026;168755;90662;12;24;24;0;0;08/07/2026;CAROLINA;-9
18;18813;FRALDA PAMPERS SUPERSEQUINHA C 56 XG;PERFUMARIA E LIMPEZA;90825;07/07/2026;168755;90662;4;60;4;1;1;07/07/2026;LUIGGI;10
18;17337;DET LIQ ATRIUS 5L PREMIUM;PERFUMARIA E LIMPEZA;90825;07/07/2026;168755;90662;4;1346;8;0;0;07/07/2026;LUIGGI;22
18;5249;CR DENT CLOSE UP 70G PROT BIOATIVA;PERFUMARIA E LIMPEZA;90825;07/07/2026;168755;90662;72;0;72;1;0;;;0
18;168;VH AURORA COLH TARDIA BCO 500ML;BEBIDAS;90825;07/07/2026;168755;90662;12;0;12;1;1;08/07/2026;CAROLINA;-9
18;3539;FERM PO QUIMICO GOOD INSTANT SH 11G;MERCEARIA;90825;07/07/2026;168755;90662;50;100;50;1;0;;;33
18;1843;DROPS FREEGELLS 27 9G CEREJA;MERCEARIA;90825;07/07/2026;168755;90662;12;12;12;1;0;;;8
18;17414;DET PO GOTA LIMPA 4KG HARMONIA;PERFUMARIA E LIMPEZA;90825;07/07/2026;168755;90662;5;5;5;0;0;07/07/2026;LUIGGI;9
18;7831;SABAO PO GIRANDO SOL 800G AZUL;PERFUMARIA E LIMPEZA;90825;07/07/2026;168755;90662;25;597;25;1;1;07/07/2026;LUIGGI;140
18;7804;SABAO PO BRILHANTE 1 450 M 150G GT LIMPEZA TOTAL;PERFUMARIA E LIMPEZA;90825;07/07/2026;168755;90662;9;9;9;0;0;07/07/2026;LUIGGI;8
18;17393;DET PO ASSIM 800G MICELAR FLORAL;PERFUMARIA E LIMPEZA;90825;07/07/2026;168755;90662;20;2620;20;0;0;07/07/2026;LUIGGI;65
18;37429;AGUA SANITARIA SUPREMA 5 L;PERFUMARIA E LIMPEZA;90825;07/07/2026;168755;90662;3;48;6;0;0;07/07/2026;LUIGGI;0
18;4217;AMAC YPE 2L ACONCHEGO;PERFUMARIA E LIMPEZA;90825;07/07/2026;168755;90662;6;1284;6;1;1;07/07/2026;LUIGGI;18
18;7728;SAB CLOY 80G PACK C 6 PG VC CREME HID MILK CARE;PERFUMARIA E LIMPEZA;90825;07/07/2026;168755;90662;12;0;12;1;0;;;4
18;2799;FAROFA MANDIOCA YOKI 400G TRADICIONAL;MERCEARIA;90825;07/07/2026;168755;90662;24;672;24;1;0;;;55
18;615;SUCO DEL VALLE TP 200ML PESSEGO;BEBIDAS;90825;07/07/2026;168755;90662;18;36;18;0;0;08/07/2026;CAROLINA;33
18;3452;SOPAO MAGGI 200G CARNE LEGUMES;MERCEARIA;90825;07/07/2026;168755;90662;24;0;24;0;0;08/07/2026;JOCELAINE;0
18;4263;AP VENUS SIMPLY 2UN;PERFUMARIA E LIMPEZA;90825;07/07/2026;168755;90662;12;132;12;1;0;;;24
18;7355;PAPEL HIG DUETTO 4 UN DE 30M NEUTRO;PERFUMARIA E LIMPEZA;90825;07/07/2026;168755;90662;16;0;32;0;0;07/07/2026;ELIAS;92
18;35693;LIMP VEJA PERFUMES 1L TULIPA;PERFUMARIA E LIMPEZA;90825;07/07/2026;168755;90662;12;24;12;0;0;07/07/2026;LUIGGI;9
18;5681;DET LIQ GOTA LIMPA 500ML MARINE;PERFUMARIA E LIMPEZA;90825;07/07/2026;168755;90662;24;4149;24;1;1;07/07/2026;LUIGGI;62
18;2606;MOLHO TOM ODERICH SH 1 010G TRAD;MERCEARIA;90889;07/07/2026;168898;91339;12;2794;12;1;1;07/07/2026;GABRIELL2;2
18;33676;LIMP PERF SAIF CONCENTRADO 120ML MAGIA E SEDUCAO;PERFUMARIA E LIMPEZA;90922;07/07/2026;169007;90966;12;0;60;5;0;;;25
18;9293;DESINF YPE BAK 500ML TURQUESA;PERFUMARIA E LIMPEZA;90922;07/07/2026;169007;90966;12;72;84;7;0;;;16
18;786;REFRIG ANTARCTICA GUARANA PET 2L ZERO;BEBIDAS;90922;07/07/2026;169007;90966;8;1016;40;5;0;;;23
18;6234;GEL DENTAL CLOSE UP 90G ORIG RED HOT;PERFUMARIA E LIMPEZA;90922;07/07/2026;169007;90966;12;286;36;3;0;;;0
18;750;ACUCAR CRISTAL GASPARIN 5KG;MERCEARIA;90922;07/07/2026;169007;90966;6;972;174;29;0;;;16
18;3512;FERM PO BIOL GOOD INSTANT SH 10G;MERCEARIA;90922;07/07/2026;169007;90966;30;6180;660;22;0;07/07/2026;ERICA;113
18;3287;SALG KEVYTOS SHOW 38G PRESUNTO;MERCEARIA;90922;07/07/2026;169007;90966;20;400;40;0;0;08/07/2026;JESSICA;43
18;1537;COBER COBERTOP 1 01KG CONF AO LEITE;MERCEARIA;90922;07/07/2026;169007;90966;10;50;20;0;0;08/07/2026;JESSICA;0
18;2929;MASSA C OVOS GERMANI 500G TALHARIM;MERCEARIA;90922;07/07/2026;169007;90966;24;96;48;0;0;08/07/2026;CAROLINA;3
18;3778;VINAGRE MACA ROSINA 750ML;MERCEARIA;90922;07/07/2026;169007;90966;12;120;24;0;0;08/07/2026;CAROLINA;25
18;7827;SABAO PO GIRANDO SOL 4KG ROSA;PERFUMARIA E LIMPEZA;90922;07/07/2026;169007;90966;5;160;20;4;0;;;-1
18;4220;AMAC YPE 5L ACONCHEGO;PERFUMARIA E LIMPEZA;90922;07/07/2026;169007;90966;4;136;12;3;0;;;0
18;12183;ABS MILI SUAVE PROT TOT C ABAS C 32;PERFUMARIA E LIMPEZA;90922;07/07/2026;169007;90966;16;176;32;2;0;;;0
18;114;CERV POLAR EXPORT GF 1L RETORNAVEL;BEBIDAS;90922;07/07/2026;169007;90966;12;120;36;3;0;;;-18
18;827;REFRIG PEPSI TWIST PET 2L;BEBIDAS;90922;07/07/2026;169007;90966;8;1760;112;14;0;;;0
18;3854;ENERG HIPERTENSAO PET 2L MACA VERDE;BEBIDAS;90922;07/07/2026;169007;90966;6;120;12;2;0;;;-4
18;392;ENERG MONSTER LT 473ML MANGO LOCO;BEBIDAS;90922;07/07/2026;169007;90966;6;356;72;0;0;08/07/2026;CAROLINA;5
18;1654;WAFER PARATI MINUETO 81G CHOC AVELA;MERCEARIA;90922;07/07/2026;169007;90966;36;468;108;0;0;08/07/2026;JESSICA;40
18;23371;SALG KRUKS 35G CHURRASCO;MERCEARIA;90922;07/07/2026;169007;90966;10;205;20;0;0;08/07/2026;JESSICA;14
18;1647;WAFER GIRASSOL 60G MORANGO;MERCEARIA;90922;07/07/2026;169007;90966;50;5050;550;11;11;08/07/2026;JESSICA;40
18;22702;RAC DODOG ORIG 10 1K;PRODUTOS PET;90922;07/07/2026;169007;90966;1;150;16;0;0;08/07/2026;CAROLINA;0
18;3318;BARRA CEREAL NATURALE 22G COCO C CHOC;MERCEARIA;90922;07/07/2026;169007;90966;160;480;320;2;2;08/07/2026;JOCELAINE;86
18;3437;SOPA CEBOLA MAGGI 68G;MERCEARIA;90922;07/07/2026;169007;90966;12;84;48;0;0;08/07/2026;CAROLINA;0
18;17347;DET LIQ GIRANDO SOL 1L COCO;PERFUMARIA E LIMPEZA;90922;07/07/2026;169007;90966;12;360;24;2;0;;;12
18;5489;DESINF YPE 2L BAK LAVANDA;PERFUMARIA E LIMPEZA;90922;07/07/2026;169007;90966;6;30;12;2;0;;;18
18;386;ENERG MONSTER LT 473ML ABSOLUT ZERO;BEBIDAS;90922;07/07/2026;169007;90966;6;330;36;6;6;08/07/2026;CAROLINA;24
18;3539;FERM PO QUIMICO GOOD INSTANT SH 11G;MERCEARIA;90922;07/07/2026;169007;90966;50;100;200;4;0;07/07/2026;ERICA;33
18;1522;BISC RECH BAUDUCCO RECHEADINHO 104G CHOC;MERCEARIA;90922;07/07/2026;169007;90966;45;315;90;0;0;08/07/2026;JESSICA;0
18;23370;SALG KRUKS 35G BACON;MERCEARIA;90922;07/07/2026;169007;90966;10;358;20;0;0;08/07/2026;JESSICA;1
18;20370;MAC INST UFO 96G CURRY;MERCEARIA;90922;07/07/2026;169007;90966;12;216;96;0;0;08/07/2026;CAROLINA;24
18;3385;CALDO MAGGI 35G GALINHA;MERCEARIA;90922;07/07/2026;169007;90966;96;1152;192;2;2;08/07/2026;CAROLINA;45
18;12308;ALCOOL ARAUCARIA 46 1L;PERFUMARIA E LIMPEZA;90922;07/07/2026;169007;90966;12;2799;96;8;0;;;8
18;5491;DESINF YPE 500ML BAK LAVANDA;PERFUMARIA E LIMPEZA;90922;07/07/2026;169007;90966;12;264;132;11;0;;;19
18;903;REFRIG PEPSI BLACK LT 350ML;BEBIDAS;90922;07/07/2026;169007;90966;12;2160;60;5;0;;;3
18;764;REFRIG COCA COLA PET 200ML ZERO;BEBIDAS;90922;07/07/2026;169007;90966;12;3673;120;0;0;08/07/2026;CAROLINA;-28
18;3510;FERM BIO PO FLEISCHMANN SH LV 125G PG 100G;MERCEARIA;90922;07/07/2026;169007;90966;16;112;96;6;0;07/07/2026;ERICA;0
18;13697;BOMBOM ARCOR SORT 146G;MERCEARIA;90922;07/07/2026;169007;90966;30;722;60;0;0;08/07/2026;JESSICA;16
18;3727;TEMP SABOR AMI 300G ALHO SAL;MERCEARIA;90922;07/07/2026;169007;90966;24;96;48;2;2;08/07/2026;CAROLINA;22
18;2973;AMIDO MILHO APTI 200G;MERCEARIA;90922;07/07/2026;169007;90966;24;672;48;2;2;08/07/2026;JOCELAINE;14
18;9299;DETERG YPE LIQ 5L NEUTRO;PERFUMARIA E LIMPEZA;90922;07/07/2026;169007;90966;4;44;12;3;0;;;0
18;778;REFRIG PEPSI COLA PET 200ML;BEBIDAS;90922;07/07/2026;169007;90966;12;371;84;7;0;;;-5
18;614;VODKA INTENCION PET 900ML;BEBIDAS;90922;07/07/2026;169007;90966;6;108;12;2;0;;;11
18;843;REFRIG ANTARCTICA PET 600ML GUARANA DIET;BEBIDAS;90922;07/07/2026;169007;90966;12;612;24;2;0;;;0
18;34581;GRAO DE BICO SALSARETTI 170G LT;MERCEARIA;90922;07/07/2026;169007;90966;24;816;48;0;0;08/07/2026;JOCELAINE;17
18;7425;PEDRA SANITARIA SANI SOL 20G JASMIN;PERFUMARIA E LIMPEZA;90922;07/07/2026;169007;90966;144;1296;288;2;0;;;185
18;16937;CR TRAT HEDERA 960G OLEO D ARGAN;PERFUMARIA E LIMPEZA;90922;07/07/2026;169007;90966;6;193;12;2;0;;;0
18;3516;FERM PO BIOL GOOD INSTANT SH 125G;MERCEARIA;90922;07/07/2026;169007;90966;12;600;36;3;0;07/07/2026;ERICA;-14
18;1561;BISC SALG TUCS 100G QUEIJO;MERCEARIA;90922;07/07/2026;169007;90966;30;1470;60;0;0;08/07/2026;JESSICA;13
18;3229;SALG BATATA PRINGLES 105G CHEDDAR BACON;MERCEARIA;90922;07/07/2026;169007;90966;18;360;36;0;0;08/07/2026;JESSICA;5
18;1616;BISC SALG CLUB SOCIAL 288G ORIGINAL;MERCEARIA;90922;07/07/2026;169007;90966;20;120;40;0;0;08/07/2026;JESSICA;37
18;1288;CHOC BARRA NESTLE 80G CLASSIC DUO;MERCEARIA;90922;07/07/2026;169007;90966;16;705;96;0;0;08/07/2026;JESSICA;23
18;1238;CHOC BARRA NEUGEBAUER 80G MEIO AMARGO;MERCEARIA;90922;07/07/2026;169007;90966;64;628;192;0;0;08/07/2026;JESSICA;0
18;4048;ALIM GATO FRISKIES 85G FRANGO MOLHO;PRODUTOS PET;90922;07/07/2026;169007;90966;15;1170;135;0;0;08/07/2026;CAROLINA;164
18;17336;DET LIQ ATRIUS 5L GLICERINA;PERFUMARIA E LIMPEZA;90922;07/07/2026;169007;90966;4;717;24;6;0;;;3
18;15731;CERA LIQ GIRANDO SOL 750ML AMARELA;PERFUMARIA E LIMPEZA;90922;07/07/2026;169007;90966;12;36;36;3;0;;;25
18;5443;DESINF GIRANDO SOL 500ML PINHO;PERFUMARIA E LIMPEZA;90922;07/07/2026;169007;90966;12;132;72;6;0;;;11
18;825;REFRIG PEPSI PET 2L;BEBIDAS;90922;07/07/2026;169007;90966;8;1104;16;2;0;;;19
18;367;AGUARD VELHO BARREIRO 910ML GOLD;BEBIDAS;90922;07/07/2026;169007;90966;6;42;30;0;0;08/07/2026;CAROLINA;9
18;3251;SALG KEVYTOS SHOW 38G CEBOLA;MERCEARIA;90922;07/07/2026;169007;90966;20;160;80;0;0;08/07/2026;JESSICA;0
18;20621;MAS FURADINHO ISABELA SEMOLA 400G;MERCEARIA;90922;07/07/2026;169007;90966;24;432;48;0;0;08/07/2026;CAROLINA;-1
18;36398;AZEITONA VERDE FATIADA UNIAGRO100G;MERCEARIA;90922;07/07/2026;169007;90966;24;264;48;2;2;08/07/2026;JOCELAINE;-48
18;575;ENERG HIPERTENSAO PET 2L ZERO;BEBIDAS;90922;07/07/2026;169007;90966;6;222;12;2;0;;;3
18;460;ENERG BALY LT 473ML MELANCIA;BEBIDAS;90922;07/07/2026;169007;90966;6;54;36;0;0;08/07/2026;CAROLINA;7
18;781;REFRIG SUKITA PET 200ML;BEBIDAS;90922;07/07/2026;169007;90966;12;252;36;3;3;08/07/2026;CAROLINA;0
18;1740;CHICLE FREEGELLS GUM 8G MORANGO;MERCEARIA;90922;07/07/2026;169007;90966;15;870;30;2;0;07/07/2026;ERICA;0
18;5510;DESOD AERO AXE 152ML 90G MUSK;PERFUMARIA E LIMPEZA;90922;07/07/2026;169007;90966;12;948;24;2;0;;;2
18;24653;TCO TENYS PE BARUEL PO 100G ORIG;PERFUMARIA E LIMPEZA;90922;07/07/2026;169007;90966;12;144;48;4;0;;;0
18;5806;ESC DENTAL COLGATE ESSENCIAL CLEAN PACK 06UN;PERFUMARIA E LIMPEZA;90922;07/07/2026;169007;90966;6;90;12;2;0;;;0
18;783;ACHOC PO NESCAU SH 2 01KG;MERCEARIA;90922;07/07/2026;169007;90966;4;496;16;4;4;08/07/2026;JOCELAINE;13
18;4210;AMAC GIRANDO SOL 5L ROSA;PERFUMARIA E LIMPEZA;90922;07/07/2026;169007;90966;4;152;8;2;0;;;4
18;10159;SAB LIQ PALMOLIVE RF 200ML CAMELIA AMEND;PERFUMARIA E LIMPEZA;90922;07/07/2026;169007;90966;6;42;12;2;0;;;5
18;16930;CR TRAT CAPILAR HEDERA BABOSA 960G;PERFUMARIA E LIMPEZA;90922;07/07/2026;169007;90966;6;133;12;2;0;;;0
18;33782;VODKA NINNOFF VD 900ML LEMON;BEBIDAS;90922;07/07/2026;169007;90966;6;210;12;2;2;08/07/2026;CAROLINA;4
18;896;REFRIG FANTA LARANJA LT 350ML;BEBIDAS;90922;07/07/2026;169007;90966;6;1225;18;3;3;08/07/2026;CAROLINA;20
18;911;REFRIG ANTARCTICA GUARANA PET 200ML ZERO;BEBIDAS;90922;07/07/2026;169007;90966;12;756;24;0;0;08/07/2026;CAROLINA;13
18;1305;BISC DOCE DOMELLY PAO DE MEL 250G CHOC;MERCEARIA;90922;07/07/2026;169007;90966;20;260;40;0;0;08/07/2026;JESSICA;45
18;3252;SALG OBBA 100G CEBOLA E SALSA;MERCEARIA;90922;07/07/2026;169007;90966;10;277;30;3;3;08/07/2026;JESSICA;-50
18;20356;MAC INST NISSIN MONICA 85G TOMATE;MERCEARIA;90922;07/07/2026;169007;90966;50;850;100;2;2;08/07/2026;CAROLINA;61
18;1017;TEMP EXTREMO SABOR 1 01K C PIMENTA;MERCEARIA;90922;07/07/2026;169007;90966;6;42;12;2;2;08/07/2026;CAROLINA;4
18;2589;GOIABADA VAL 1 100KG;MERCEARIA;90922;07/07/2026;169007;90966;12;108;36;0;0;08/07/2026;JOCELAINE;0
18;17315;DESOD ROLLON REXONA 50ML V8;PERFUMARIA E LIMPEZA;90961;07/07/2026;169097;90862;12;456;36;4;3;07/07/2026;AUGUSTO;0
18;3512;FERM PO BIOL GOOD INSTANT SH 10G;MERCEARIA;91019;07/07/2026;169206;91117;30;6180;30;1;0;;;113
18;3516;FERM PO BIOL GOOD INSTANT SH 125G;MERCEARIA;91019;07/07/2026;169206;91117;12;600;12;1;0;;;-14
18;310;VH TRADICAO TINTO 1 4L SC;BEBIDAS;91019;07/07/2026;169206;91117;6;312;30;5;0;;;32
18;1019;BISC AGUA E SAL GERMANI 690G;MERCEARIA;91056;07/07/2026;169437;91339;10;10;20;2;0;;;13
18;6801;LEITE UHT TP NINHO 1L INTEGRAL;PERECIVEIS;91056;07/07/2026;169437;91339;12;1347;60;5;0;;;78
18;1277;BISC DOCE PARATI ROSCA 250G CHOCOLATE;MERCEARIA;91056;07/07/2026;169437;91339;16;17;16;1;0;;;-24
18;6787;LEITE LV ELEGE 1L ZERO LAC SEMI DES;PERECIVEIS;91056;07/07/2026;169437;91339;12;238;60;5;0;;;77
18;1434;BISC MARIA PARATI 740G;MERCEARIA;91056;07/07/2026;169437;91339;12;142;48;4;0;;;11
18;6790;LEITE UHT NINHO 1L ZERO LACTOSE;PERECIVEIS;91056;07/07/2026;169437;91339;12;12;60;5;0;;;84
18;6780;LEITE NINHO UHT TP LEVINHO 1L SEMI DESNATADO;PERECIVEIS;91056;07/07/2026;169437;91339;12;48;60;5;0;;;4
18;6781;LEITE LV EDGE ELEGE 1L INTEGRAL;PERECIVEIS;91056;07/07/2026;169437;91339;12;204;72;6;0;;;0
18;4598;CERV ITAIPAVA MALZBIER LT 350ML;BEBIDAS;91084;07/07/2026;169473;91101;12;2606;60;5;0;;;41
18;280;CERV ITAIPAVA MALZBIER LN 330ML;BEBIDAS;91084;07/07/2026;169473;91101;12;1308;60;5;0;;;13
18;2348;FEIJAO PRETO ARBAZA TP1 1KG;MERCEARIA;91117;07/07/2026;169514;91339;30;6362;60;2;0;;;264
18;747;ACUCAR CRISTAL GASPARIN 2KG;MERCEARIA;91117;07/07/2026;169514;91339;15;6103;150;10;0;;;303
18;17394;DET PO ASSIM 800G TRIPLA ACAO BI;PERFUMARIA E LIMPEZA;91117;07/07/2026;169514;91339;20;580;40;2;2;08/07/2026;MURILO;91
18;17393;DET PO ASSIM 800G MICELAR FLORAL;PERFUMARIA E LIMPEZA;91117;07/07/2026;169514;91339;20;2620;40;1;1;08/07/2026;MURILO;65
18;16286;COBERTOR SORRISO CASAL 1 70MX1 90M;NAO ALIMENTO;91144;07/07/2026;169552;91478;20;1200;100;100;0;08/07/2026;ELTON;156
18;2909;ACHOC LIQ SHOWKINHO 200ML;MERCEARIA;91184;07/07/2026;169731;91281;27;10449;675;25;0;;;563
18;6265;GFA TERM TERMOLAR MAGIC PUMP 1L PTA;NAO ALIMENTO;91255;07/07/2026;169753;;6;348;18;0;0;;;6
18;6266;GFA TERM TERMOLAR MAGIC PUMP 1L VRM AURORA;NAO ALIMENTO;91255;07/07/2026;169753;;6;246;24;0;0;;;0
18;33510;GFA TERM TERMOLAR MAGIC PUMP 1L MARROM;NAO ALIMENTO;91255;07/07/2026;169753;;6;60;24;0;0;;;1
18;6262;GFA TERM TERMOLAR MAGIC PUMP 1L BCA;NAO ALIMENTO;91255;07/07/2026;169753;;6;210;12;0;0;;;-6
18;19176;GFA TERM TERMOLAR MAGIC PUMP 1L RSA BALE;NAO ALIMENTO;91255;07/07/2026;169753;;6;0;18;0;0;;;1
18;38827;GFA TERM TERMOLAR MAGIC PUMP VERDE 1L;NAO ALIMENTO;91255;07/07/2026;169753;;6;0;6;0;0;;;0
18;6264;GFA TERM TERMOLAR MAGIC PUMP DEC 1L GAUCHO;NAO ALIMENTO;91255;07/07/2026;169753;;6;0;18;0;0;;;6
18;1606;BISC SALG CLUB SOCIAL 6UN 144G ORIGINAL;MERCEARIA;91304;07/07/2026;169818;91394;44;3080;88;2;2;08/07/2026;CAROLINA;80
18;1616;BISC SALG CLUB SOCIAL 288G ORIGINAL;MERCEARIA;91304;07/07/2026;169818;91394;20;120;100;2;2;08/07/2026;CAROLINA;37
