CODIGO_EMPRESA;CODIGO_PRODUTO;DESCRICAO_PRODUTO;DEPARTAMENTO;NRO_PEDIDO;DATA;NRO_PED_EXPEDICAO;CARGA;EMBALAGEM;ESTOQUE_DISPONIVEL_CD;QUANTIDADE_A_EXPEDIR;QTD_SEPARADA;QTD_CONFERIDA;DATA_CONFERENCIA;USUARIO_CONFERENCIA;ESTOQUE_DISPONIVEL_LOJA
11;18170;ESP 3M SCHOTCH BRITE ECONOMICA;PERFUMARIA E LIMPEZA;74147;01/06/2026;136064;70915;10;510;10;1;0;01/06/2026;RONAS;15
11;24096;SC LIXO PRO LIXO ROLAO 100L C 25;PERFUMARIA E LIMPEZA;74147;01/06/2026;136064;70915;12;60;12;1;0;01/06/2026;RONAS;4
11;10084;PREND ROUPA PARANA PLAST EMB 12UN;PERFUMARIA E LIMPEZA;74147;01/06/2026;136064;70915;60;1200;60;1;0;01/06/2026;RONAS;6
11;24084;SC LIXO ALMOF CASAFORT 100L C 5;PERFUMARIA E LIMPEZA;74147;01/06/2026;136064;70915;50;200;50;1;0;01/06/2026;RONAS;50
11;24121;SC LIXO ROL DOBRASIL 10L C 50;PERFUMARIA E LIMPEZA;74147;01/06/2026;136064;70915;25;25;25;1;0;01/06/2026;RONAS;51
11;33967;LIMPA PNEUS MIL MILHAS 485ML;PERFUMARIA E LIMPEZA;74147;01/06/2026;136064;70915;20;300;20;1;0;01/06/2026;RONAS;7
11;8704;VASSOURA CONDOR LIMPA PISO S CABO;PERFUMARIA E LIMPEZA;74147;01/06/2026;136064;70915;12;1740;12;0;0;01/06/2026;RONAS;2
18;20454;MANG DUOCOLOR 10MTS;NAO ALIMENTO;75213;02/06/2026;138253;72284;1;0;1;0;0;;;9
3;9751;LEITE SANTA CLARA UHT INT 1L;PERECIVEIS;75413;03/06/2026;140915;;12;94680;1020;0;0;;;3494
3;34846;ALVEJ BARBAREX 5L S CLORO;PERFUMARIA E LIMPEZA;75441;03/06/2026;140915;73749;2;230;154;0;0;;;5
3;35020;DUCHA GORDUCHA ZAFONEL 4T 220V;NAO ALIMENTO;76240;04/06/2026;140199;73129;1;0;2;0;0;10/06/2026;RAMIRES;0
3;33305;TAPETE BOX OVAL PVC 61X35CM;NAO ALIMENTO;76240;04/06/2026;140199;73129;1;0;1;0;0;10/06/2026;RAMIRES;3
3;14985;CAD ESPI CD 1 4 80FLS FROZEN;NAO ALIMENTO;76240;04/06/2026;140199;73129;5;0;5;0;0;10/06/2026;RAMIRES;9
3;15115;CAD ESPI CD 80FLS CARTOGRAFIA T DUDA;NAO ALIMENTO;76240;04/06/2026;140199;73129;4;0;4;0;0;10/06/2026;RAMIRES;25
3;17550;EMB PRATICA GABOARDI 5KG;NAO ALIMENTO;76240;04/06/2026;140199;73129;25;125;50;0;0;10/06/2026;RAMIRES;61
3;35870;GARFO SOBREMESA FORFEST 25UN PRT;NAO ALIMENTO;76240;04/06/2026;140199;73129;32;32;32;0;0;10/06/2026;RAMIRES;-17
3;17012;CUIA PINTADA S/TAPA ERVA;NAO ALIMENTO;76240;04/06/2026;140199;73129;1;0;1;0;0;10/06/2026;RAMIRES;-4
3;19358;INCENSO FLUTE C 8 SETE ERVAS;NAO ALIMENTO;76240;04/06/2026;140199;73129;25;0;25;0;0;10/06/2026;RAMIRES;86
3;25417;VESTIDO CAIPIRA TAM P;NAO ALIMENTO;76240;04/06/2026;140199;73129;1;0;5;0;0;10/06/2026;RAMIRES;-8
3;17476;DUCHA ENERDUCHA UP4 6800W 220V BCO;NAO ALIMENTO;76240;04/06/2026;140199;73129;1;0;1;0;0;10/06/2026;RAMIRES;29
3;9503;FACA TRAMONTINA CHURRASCO 4 LEME VERMELHA;NAO ALIMENTO;76240;04/06/2026;140199;73129;60;-240;180;4;4;10/06/2026;RAMIRES;-23
3;22275;PORTA SAB LIQ SANREMO 280ML;NAO ALIMENTO;76240;04/06/2026;140199;73129;1;0;3;0;0;10/06/2026;RAMIRES;16
3;15033;CAD ESPI CD 10X1 200FLS BRASILIDADE;NAO ALIMENTO;76240;04/06/2026;140199;73129;1;0;2;0;0;10/06/2026;RAMIRES;0
3;6631;LAMP ELGIN BULBO 9W 6500K 220V;NAO ALIMENTO;76240;04/06/2026;140199;73129;10;8870;20;3;3;10/06/2026;RAMIRES;255
3;17549;EMB PRATICA GABOARDI 3KG;NAO ALIMENTO;76240;04/06/2026;140199;73129;25;25;50;0;0;10/06/2026;RAMIRES;56
3;18913;GARFO REFEICAO FORFEST PREM 25UN BCO;NAO ALIMENTO;76240;04/06/2026;140199;73129;20;40;20;0;0;10/06/2026;RAMIRES;-39
3;19356;INCENSO FLUTE C 8 SAL GROSSO;NAO ALIMENTO;76240;04/06/2026;140199;73129;25;150;25;1;1;10/06/2026;RAMIRES;99
3;36297;CANETA ESF TRIGLOW LYKE C 10 CORES;NAO ALIMENTO;76240;04/06/2026;140199;73129;10;0;10;0;0;10/06/2026;RAMIRES;29
7;25106;VASSOURA JARDINEIRA S CABO;PERFUMARIA E LIMPEZA;76208;04/06/2026;;;1;0;3;0;0;;;2
17;33464;SABAO GIRANDO SOL C 5 GLICE NEUTRO;PERFUMARIA E LIMPEZA;76220;04/06/2026;140189;73112;10;70;20;2;2;17/06/2026;PAMELA;8
3;6631;LAMP ELGIN BULBO 9W 6500K 220V;NAO ALIMENTO;76346;05/06/2026;140294;73129;10;8870;10;3;3;10/06/2026;RAMIRES;255
3;22275;PORTA SAB LIQ SANREMO 280ML;NAO ALIMENTO;76346;05/06/2026;140294;73129;1;0;1;0;0;10/06/2026;RAMIRES;16
3;35021;DUCHA SS ZAGONEL 3T 220V BCA;NAO ALIMENTO;76346;05/06/2026;140294;73129;12;0;12;0;0;10/06/2026;RAMIRES;88
3;9503;FACA TRAMONTINA CHURRASCO 4 LEME VERMELHA;NAO ALIMENTO;76346;05/06/2026;140294;73129;60;-240;60;4;4;10/06/2026;RAMIRES;-23
3;19339;INCENSO FLUTE C 8 CHAMA FREGUES;NAO ALIMENTO;76346;05/06/2026;140294;73129;25;0;25;0;0;10/06/2026;RAMIRES;30
11;9751;LEITE SANTA CLARA UHT INT 1L;PERECIVEIS;76664;05/06/2026;141039;73459;12;94680;1020;340;255;;;6663
13;2911;ACHOC LIQ ITALAC 200ML;MERCEARIA;76617;05/06/2026;140814;73375;24;104;480;0;0;06/06/2026;AUGUSTO;-4
13;3679;LEITE COND ITALAC TP 395G SEMIDESNATADO;MERCEARIA;76617;05/06/2026;140814;73375;27;27;270;0;0;06/06/2026;AUGUSTO;500
13;783;ACHOC PO NESCAU SH 2 01KG;MERCEARIA;76647;05/06/2026;140835;73375;4;584;20;0;0;09/06/2026;JOCELAINE;9
13;2107;CAFE SOL NESCAFE SH 40G TRADICAO FORTE;MERCEARIA;76680;05/06/2026;140887;73375;24;11610;120;5;5;09/06/2026;JOCELAINE;209
7;23217;SAL REFINADO EX GARCA 1K;MERCEARIA;77229;06/06/2026;;;10;1404;10;0;0;;;55
7;5691;DETERG YPE 500 ML CLEAR;PERFUMARIA E LIMPEZA;77229;06/06/2026;;;24;46;24;0;0;;;0
18;811;CHOC PO TRISANTI 70 CACAU 1 005KG;MERCEARIA;77243;06/06/2026;;;1;13;2;0;0;;;-7
7;23217;SAL REFINADO EX GARCA 1K;MERCEARIA;77683;08/06/2026;;;10;1404;10;0;0;;;55
17;20454;MANG DUOCOLOR 10MTS;NAO ALIMENTO;77731;08/06/2026;142666;74389;1;0;2;0;0;;;-2
7;985;MOSTARDA ODERICH SH 1KG;MERCEARIA;78234;09/06/2026;;;6;0;6;0;0;;;74
7;2087;CHA PRENDA 18G PRETO;MERCEARIA;78234;09/06/2026;;;20;1687;20;0;0;;;80
7;15194;CAFE SOL NESCAFE TRAD SH L40P36G;MERCEARIA;78234;09/06/2026;;;24;0;24;0;0;;;145
7;38145;CAFE SOL NESCAFE VD 200G GTS 10G TRAD;MERCEARIA;78234;09/06/2026;;;12;24;12;0;0;;;-12
7;2076;CHA PRENDA 10G CAMOMILA;MERCEARIA;78234;09/06/2026;;;20;1880;20;0;0;;;145
17;20454;MANG DUOCOLOR 10MTS;NAO ALIMENTO;78280;09/06/2026;144225;75343;1;0;1;0;0;;;-2
18;25106;VASSOURA JARDINEIRA S CABO;PERFUMARIA E LIMPEZA;78248;09/06/2026;144209;75367;1;0;2;0;0;09/06/2026;SAMUEL;5
18;8721;VELA SANDERO N1 BRANCA 8UN 80G;PERFUMARIA E LIMPEZA;78248;09/06/2026;144209;75367;24;2016;24;1;1;09/06/2026;SAMUEL;68
18;2491;KETCHUP ODERICH BISNAG 200G TRAD;MERCEARIA;78248;09/06/2026;;;24;48;24;0;0;;;49
18;20279;LUVA CONF LATEX P AMARELA;PERFUMARIA E LIMPEZA;78248;09/06/2026;144209;75367;12;0;12;0;0;09/06/2026;SAMUEL;0
18;21379;OLEO IPIRANGA F1 MASTER PERF 15W40 1L;PERFUMARIA E LIMPEZA;78248;09/06/2026;144209;75367;24;336;24;1;1;09/06/2026;SAMUEL;3
18;2266;CAPSULA DOLCE GUSTO 170G C 10 CAPP DOCE LEITE;MERCEARIA;78248;09/06/2026;144209;75367;6;0;6;0;0;;;16
3;6109;FOSFORO GABOARDI 10UN;NAO ALIMENTO;78893;10/06/2026;145752;76011;20;320;20;0;0;10/06/2026;M EDUARDA;112
3;7256;PALITO DENTAL GABOARDI 80UN PREMIUM;NAO ALIMENTO;78893;10/06/2026;145752;76011;25;1000;200;8;0;10/06/2026;M EDUARDA;-9
3;6631;LAMP ELGIN BULBO 9W 6500K 220V;NAO ALIMENTO;78893;10/06/2026;145752;76011;10;8870;10;0;0;10/06/2026;M EDUARDA;255
3;15033;CAD ESPI CD 10X1 200FLS BRASILIDADE;NAO ALIMENTO;78893;10/06/2026;145752;76011;1;0;3;0;0;10/06/2026;M EDUARDA;0
3;17012;CUIA PINTADA S/TAPA ERVA;NAO ALIMENTO;78893;10/06/2026;145752;76011;1;0;2;0;0;10/06/2026;M EDUARDA;-4
3;18914;GARFO REFEICAO FORFEST PREM 25UN CRISTAL;NAO ALIMENTO;78893;10/06/2026;145752;76011;20;20;20;1;0;10/06/2026;M EDUARDA;-38
3;12971;BALAO ZERINHO C 100 SORT;NAO ALIMENTO;78893;10/06/2026;145752;76011;1;0;9;0;0;10/06/2026;M EDUARDA;0
3;24968;PANO DE LIMPEZA FAVO 40X60;NAO ALIMENTO;78893;10/06/2026;145752;76011;1;0;11;0;0;10/06/2026;M EDUARDA;22
3;15115;CAD ESPI CD 80FLS CARTOGRAFIA T DUDA;NAO ALIMENTO;78893;10/06/2026;145752;76011;4;0;4;0;0;10/06/2026;M EDUARDA;25
3;15383;CANETA HIDROCOR BIC EVOLUT 12 CORES;NAO ALIMENTO;78893;10/06/2026;145752;76011;1;9;1;0;0;10/06/2026;M EDUARDA;25
3;33305;TAPETE BOX OVAL PVC 61X35CM;NAO ALIMENTO;78893;10/06/2026;145752;76011;1;0;2;0;0;10/06/2026;M EDUARDA;3
3;22275;PORTA SAB LIQ SANREMO 280ML;NAO ALIMENTO;78893;10/06/2026;145752;76011;1;0;5;0;0;10/06/2026;M EDUARDA;16
3;14985;CAD ESPI CD 1 4 80FLS FROZEN;NAO ALIMENTO;78893;10/06/2026;145752;76011;5;0;5;0;0;10/06/2026;M EDUARDA;9
3;19335;INCENSO FLUTE C 8 ARRUDA;NAO ALIMENTO;78893;10/06/2026;145752;76011;25;0;25;0;0;10/06/2026;M EDUARDA;41
3;17476;DUCHA ENERDUCHA UP4 6800W 220V BCO;NAO ALIMENTO;78893;10/06/2026;145752;76011;1;0;1;0;0;10/06/2026;M EDUARDA;29
3;36297;CANETA ESF TRIGLOW LYKE C 10 CORES;NAO ALIMENTO;78893;10/06/2026;145752;76011;10;0;10;0;0;10/06/2026;M EDUARDA;29
3;19356;INCENSO FLUTE C 8 SAL GROSSO;NAO ALIMENTO;78893;10/06/2026;145752;76011;25;150;25;1;0;10/06/2026;M EDUARDA;99
3;18516;FILME UTILFILME 15M;NAO ALIMENTO;78893;10/06/2026;145752;76011;25;0;50;0;0;10/06/2026;M EDUARDA;66
3;15757;CERV IMPERIO PILSEN LT 473ML PURO MALTE;BEBIDAS;79071;10/06/2026;146513;76252;12;1056;2640;220;0;;;1205
17;22707;RAC DODOPREM P RACAS 10 1K;PRODUTOS PET;78879;10/06/2026;145745;75833;1;0;1;1;1;10/06/2026;ELIAS;19
17;24099;SC LIXO PRO LIXO ROLAO 200L C 7;PERFUMARIA E LIMPEZA;78879;10/06/2026;145745;75833;12;0;24;0;0;10/06/2026;RAMIRES;-12
17;20281;LUVA DANNY SILVER GRIP G AZUL;PERFUMARIA E LIMPEZA;78879;10/06/2026;145745;75833;12;0;12;0;0;10/06/2026;RAMIRES;0
17;24098;SC LIXO PRO LIXO ROLAO 15L C 100;PERFUMARIA E LIMPEZA;78879;10/06/2026;145745;75833;12;60;12;1;0;10/06/2026;RAMIRES;13
17;24107;SC LIXO ROL CASAFORT 100L C 10 AZ;PERFUMARIA E LIMPEZA;78879;10/06/2026;145745;75833;25;0;75;3;0;10/06/2026;RAMIRES;-28
17;5175;CORDA VARAL BALDIN EXTRA FORTE 10MT;PERFUMARIA E LIMPEZA;78879;10/06/2026;145745;75833;12;0;12;1;0;10/06/2026;RAMIRES;-1
17;16593;CORT UNHA INOX PREMIUM 5 2CM 1PC;PERFUMARIA E LIMPEZA;78879;10/06/2026;145745;75833;1;0;2;0;0;10/06/2026;RAMIRES;4
17;18565;FLANELA ALG SUE 40X30CM;PERFUMARIA E LIMPEZA;78879;10/06/2026;145745;75833;12;180;12;1;0;10/06/2026;RAMIRES;14
17;5174;CORDA VARAL ANGELINA EXT FORTE 15MT;PERFUMARIA E LIMPEZA;78879;10/06/2026;145745;75833;12;0;12;0;0;10/06/2026;RAMIRES;-10
17;18568;FLANELA ALG SUE 58X38;PERFUMARIA E LIMPEZA;78879;10/06/2026;145745;75833;12;0;24;0;0;10/06/2026;RAMIRES;-3
17;5877;ESFREGAO ACO DIVINOX 10G;PERFUMARIA E LIMPEZA;78879;10/06/2026;145745;75833;50;700;100;0;0;10/06/2026;RAMIRES;78
17;22687;RAC CANISTER ALMONDEGA 7K;PRODUTOS PET;78879;10/06/2026;145745;75833;1;0;1;0;0;10/06/2026;ELIAS;7
17;21842;PEN BONITTA P PIOLHO R 535;PERFUMARIA E LIMPEZA;78879;10/06/2026;145745;75833;1;0;1;0;0;10/06/2026;RAMIRES;4
17;8442;SILICONE DESTAQUE AERO 400ML LAVANDA;PERFUMARIA E LIMPEZA;78879;10/06/2026;145745;75833;1;0;2;0;0;10/06/2026;RAMIRES;0
17;6018;ESPONJA YPE SINT MULTIUSO UN;PERFUMARIA E LIMPEZA;78879;10/06/2026;145745;75833;60;180;60;0;0;10/06/2026;RAMIRES;60
17;20193;LIXA P PES DUPLA FACE;PERFUMARIA E LIMPEZA;78879;10/06/2026;145745;75833;1;0;2;2;0;10/06/2026;RAMIRES;-8
5;10;REFRIG COCA COLA PET 2L;BEBIDAS;79201;11/06/2026;152993;77419;4;80;328;0;0;;;1184
17;20454;MANG DUOCOLOR 10MTS;NAO ALIMENTO;79251;11/06/2026;147107;76570;1;0;2;0;0;;;-2
12;10855;CASTANHA CAJU UNIAGRO TORR SALG KG;PERECIVEIS;80273;12/06/2026;149866;;12;39,74;12;0;0;;;6,422
12;10869;CEREJA LA VIOLET KG;PERECIVEIS;80273;12/06/2026;149866;;6;52,8;12;0;0;;;6,508
12;10856;CASTANHA PARA UNIAGRO S CASCA;PERECIVEIS;80273;12/06/2026;149866;;20;40;20;0;0;;;9,944
8;23135;SABAO FONT COCO 200G;PERFUMARIA E LIMPEZA;80540;13/06/2026;151134;78612;36;0;36;0;0;;;1
8;5691;DETERG YPE 500 ML CLEAR;PERFUMARIA E LIMPEZA;80540;13/06/2026;151134;78612;24;46;24;0;0;;;0
8;17414;DET PO GOTA LIMPA 4KG HARMONIA;PERFUMARIA E LIMPEZA;80540;13/06/2026;151134;78612;5;5;5;0;0;;;0
8;24062;SAPONACEO CREM FONT 250ML CLORO;PERFUMARIA E LIMPEZA;80540;13/06/2026;151134;78612;12;0;12;0;0;;;4
8;6689;LAVA ROUPA ARIEL 700ML CLASSIC REF;PERFUMARIA E LIMPEZA;80540;13/06/2026;151134;78612;10;33;10;0;0;;;7
8;12309;ALCOOL ARAUCARIA 46 500ML;PERFUMARIA E LIMPEZA;80540;13/06/2026;151134;78612;12;1764;12;0;0;;;49
8;3952;AGUA SANIT Q BOA 5L;PERFUMARIA E LIMPEZA;80540;13/06/2026;151134;78612;3;416;3;0;0;;;8
8;17173;DESINF GOTA LIMPA 2L FLORAL;PERFUMARIA E LIMPEZA;80540;13/06/2026;151134;78612;6;564;6;0;0;;;26
8;17177;DESINF GOTA LIMPA 2L PINHO;PERFUMARIA E LIMPEZA;80540;13/06/2026;151134;78612;6;18;6;0;0;;;13
8;35698;DET LIQ BARBAREX 5L NEUTRO;PERFUMARIA E LIMPEZA;80540;13/06/2026;151134;78612;2;2;2;0;0;;;2
8;5492;DESINF YPE 500ML PINHO TRADICAO;PERFUMARIA E LIMPEZA;80540;13/06/2026;151134;78612;12;13;12;0;0;;;4
8;5680;DET LIQ GOTA LIMPA 500ML MACA;PERFUMARIA E LIMPEZA;80540;13/06/2026;151134;78612;24;528;24;0;0;;;132
8;12289;AGUA SANIT IMPERIAL 1L;PERFUMARIA E LIMPEZA;80540;13/06/2026;151134;78612;12;0;12;0;0;;;0
8;36264;DET LIQ APYCE SUPER ACAO SH 800ML;PERFUMARIA E LIMPEZA;80540;13/06/2026;151134;78612;12;96;12;0;0;;;6
8;3948;AGUA SANIT GOTA LIMPA 1L;PERFUMARIA E LIMPEZA;80540;13/06/2026;151134;78612;12;614;12;0;0;;;0
8;5682;DET LIQ GOTA LIMPA 500ML NEUTRO;PERFUMARIA E LIMPEZA;80540;13/06/2026;151134;78612;24;4563;24;0;0;;;79
8;17156;DESINF APYCE 2L JASMIM;PERFUMARIA E LIMPEZA;80540;13/06/2026;151134;78612;6;651;6;0;0;;;12
8;12293;AGUA SANIT ZAVASKI 5L;PERFUMARIA E LIMPEZA;80540;13/06/2026;151134;78612;4;224;4;0;0;;;17
8;19372;INSET NITROCID PO 50G;PERFUMARIA E LIMPEZA;80540;13/06/2026;151134;78612;1;1;1;0;0;;;0
8;5435;DESINF GIRANDO SOL 2L LAVANDA;PERFUMARIA E LIMPEZA;80540;13/06/2026;151134;78612;6;353;6;0;0;;;-8
8;17157;DESINF APYCE 2L LAVANDA;PERFUMARIA E LIMPEZA;80540;13/06/2026;151134;78612;6;582;6;0;0;;;27
12;7811;SABAO PO BRILHANTE 2 2KG LIMPEZA TOTAL;PERFUMARIA E LIMPEZA;80544;13/06/2026;151421;78857;9;126;9;0;0;;;8
12;17164;DESINF AQUAFAST 5L MARINE;PERFUMARIA E LIMPEZA;80544;13/06/2026;151421;78857;4;124;4;0;0;;;9
12;33287;AMAC APYCE 5L JASMIM RSA;PERFUMARIA E LIMPEZA;80544;13/06/2026;151421;78857;2;92;6;0;0;;;29
12;5680;DET LIQ GOTA LIMPA 500ML MACA;PERFUMARIA E LIMPEZA;80544;13/06/2026;151421;78857;24;528;48;0;0;;;60
12;6694;LAVA ROUPA BRILHANTE 3L HIGIENE TOTAL;PERFUMARIA E LIMPEZA;80544;13/06/2026;151421;78857;4;16;4;0;0;;;15
12;17177;DESINF GOTA LIMPA 2L PINHO;PERFUMARIA E LIMPEZA;80544;13/06/2026;151421;78857;6;18;6;0;0;;;9
12;7851;SABAO PO OMO 800G LAV PERFEITA;PERFUMARIA E LIMPEZA;80544;13/06/2026;151421;78857;20;7042;20;0;0;;;16
12;5693;DETERG YPE 500ML CAPIM LIMAO;PERFUMARIA E LIMPEZA;80544;13/06/2026;151421;78857;24;8;24;0;0;;;267
12;37429;AGUA SANITARIA SUPREMA 5 L;PERFUMARIA E LIMPEZA;80544;13/06/2026;151421;78857;3;33;3;0;0;;;0
12;17420;DET PO TIXAN YPE CT 400PRIMAVERA;PERFUMARIA E LIMPEZA;80544;13/06/2026;151421;78857;28;280;28;0;0;;;33
12;34845;ALVEJ BARBAREX 2L S CLORO;PERFUMARIA E LIMPEZA;80544;13/06/2026;151421;78857;6;750;18;0;0;;;0
12;5683;DET LIQ GOTA LIMPA 5L NEUTRO;PERFUMARIA E LIMPEZA;80544;13/06/2026;151421;78857;4;0;4;0;0;;;3
12;5697;AMAC YPE PRO ROUPAS TECIDOS 7L;PERFUMARIA E LIMPEZA;80544;13/06/2026;151421;78857;1;2;1;0;0;;;0
12;6741;LAVA ROUPA UAU 3L ACTIVE;PERFUMARIA E LIMPEZA;80544;13/06/2026;151421;78857;4;0;4;0;0;;;8
12;35580;DET LIQ BRILHANTE HIG TOTAL 1 8L;PERFUMARIA E LIMPEZA;80544;13/06/2026;151421;78857;6;3;6;0;0;;;12
12;7835;DET PO GOTA LIMPA 800G EQUILIBRIO;PERFUMARIA E LIMPEZA;80544;13/06/2026;151421;78857;20;20;60;0;0;;;0
12;3953;AGUA SANIT YPE 1L;PERFUMARIA E LIMPEZA;80544;13/06/2026;151421;78857;12;1368;24;0;0;;;29
12;20157;LIMP VEJA PERF SENS 2L JASMIM;PERFUMARIA E LIMPEZA;80544;13/06/2026;151421;78857;6;0;6;0;0;;;3
12;4220;AMAC YPE 5L ACONCHEGO;PERFUMARIA E LIMPEZA;80544;13/06/2026;151421;78857;4;212;12;0;0;;;5
12;9735;LAVA ROUPA AQUA FAST 3L TERNURA;PERFUMARIA E LIMPEZA;80544;13/06/2026;151421;78857;4;4;4;0;0;;;4
12;17325;DET LIQ AQUAFAST 2L FL BCAS E BAUN;PERFUMARIA E LIMPEZA;80544;13/06/2026;151421;78857;6;233;6;0;0;;;6
12;3954;AGUA SANIT YPE 2L;PERFUMARIA E LIMPEZA;80544;13/06/2026;151421;78857;6;702;6;0;0;;;9
12;37432;DESINFETANTE SUPREMA LAVANDA 5L;PERFUMARIA E LIMPEZA;80544;13/06/2026;151421;78857;3;327;9;0;0;;;23
12;7857;SABAO PO SURF 1 6KG SACO ROSA FLOR;PERFUMARIA E LIMPEZA;80544;13/06/2026;151421;78857;7;0;7;0;0;;;1
12;35698;DET LIQ BARBAREX 5L NEUTRO;PERFUMARIA E LIMPEZA;80544;13/06/2026;151421;78857;2;2;2;0;0;;;4
12;12290;AGUA SANIT IMPERIAL 2L;PERFUMARIA E LIMPEZA;80544;13/06/2026;151421;78857;6;12;12;0;0;;;0
12;9299;DETERG YPE LIQ 5L NEUTRO;PERFUMARIA E LIMPEZA;80544;13/06/2026;151421;78857;4;8;4;0;0;;;54
12;5488;DESINF YPE 2L BAK FLORAL;PERFUMARIA E LIMPEZA;80544;13/06/2026;151421;78857;6;0;6;0;0;;;1
12;17385;DET PO APYCE SH 1 6K ROSA;PERFUMARIA E LIMPEZA;80544;13/06/2026;151421;78857;13;56;13;0;0;;;12
12;33285;AMACIANTE APYCE 2L JASMIM ROSA;PERFUMARIA E LIMPEZA;80544;13/06/2026;151421;78857;6;66;6;0;0;;;0
12;37437;AGUA SANITARIA SUPREMA 2 L;PERFUMARIA E LIMPEZA;80544;13/06/2026;151421;78857;6;2844;6;0;0;;;17
12;12293;AGUA SANIT ZAVASKI 5L;PERFUMARIA E LIMPEZA;80544;13/06/2026;151421;78857;4;224;8;0;0;;;23
12;7834;DET PO GOTA LIMPA 4KG EQUILIBRIO;PERFUMARIA E LIMPEZA;80544;13/06/2026;151421;78857;5;9;5;0;0;;;3
12;17350;DET LIQ GOTA LIMPA 1L NEUTRO;PERFUMARIA E LIMPEZA;80544;13/06/2026;151421;78857;12;1752;24;0;0;;;16
12;17339;LAVA ROUPAS LIQ BARBAREX 5L;PERFUMARIA E LIMPEZA;80544;13/06/2026;151421;78857;2;812;4;0;0;;;2
12;17176;DESINF GOTA LIMPA 2L LIMAO;PERFUMARIA E LIMPEZA;80544;13/06/2026;151421;78857;6;786;6;0;0;;;24
12;9290;DESINF YPE BAK 1L EUCALIPTO;PERFUMARIA E LIMPEZA;80544;13/06/2026;151421;78857;12;0;24;0;0;;;0
12;5678;DET LIQ GOTA LIMPA 500ML CRISTAL;PERFUMARIA E LIMPEZA;80544;13/06/2026;151421;78857;24;5352;72;0;0;;;28
12;4213;AMAC GOTA LIMPA 5L FLORATA;PERFUMARIA E LIMPEZA;80544;13/06/2026;151421;78857;4;224;8;0;0;;;15
2;808;CHOC PO TRISANTI 50 CACAU 1 005KG;MERCEARIA;80815;15/06/2026;;;6;7;6;0;0;;;0
17;20454;MANG DUOCOLOR 10MTS;NAO ALIMENTO;80867;15/06/2026;150805;78432;1;0;1;0;0;;;-2
3;33293;ACHOC PO NESCAU SH L550G P500G;MERCEARIA;81601;16/06/2026;152662;79716;12;192;120;0;0;;;0
3;2885;MOLHO ELEGE 4 QUEIJOS 200G;MERCEARIA;81647;16/06/2026;152661;79716;24;0;48;0;0;;;87
4;13402;BISC DOCE NESTLE CHOCO TRIO 90G LEITE;MERCEARIA;81274;16/06/2026;;;12;552;48;0;0;;;9
3;36370;KETCHUP SALSARET TOP DOWN BAC CEB 3;MERCEARIA;81823;17/06/2026;152660;79716;15;30;15;0;0;;;5
3;2156;CHA PRENDA 18G MACA;MERCEARIA;81823;17/06/2026;152660;79716;20;8;60;0;0;;;8
3;29672;CHA BARAO CAMOMILA 10G GENGIBRE E MEL;MERCEARIA;81823;17/06/2026;152660;79716;30;240;30;0;0;;;62
3;2061;CHA REAL MULTIERVAS 10G CAMOMILA;MERCEARIA;81823;17/06/2026;152660;79716;30;0;60;0;0;;;2
3;2123;CHA REAL MULTIERVAS 15G MACA VERM;MERCEARIA;81823;17/06/2026;152660;79716;30;0;30;0;0;;;1
3;2321;AZEITONA VERDE VALE FERTIL SH 100G C CAROCO;MERCEARIA;81823;17/06/2026;152660;79716;24;72;24;0;0;;;-22
3;21038;MOL BARBECUE ODERICH PREMIUM 400G;MERCEARIA;81823;17/06/2026;152660;79716;12;0;12;0;0;;;6
3;2131;CHA PRENDA 18G ERVA DOCE;MERCEARIA;81823;17/06/2026;152660;79716;20;10;120;0;0;;;0
3;2218;CAPSULA DOLCE GUSTO 60G C 10 EXPRESSO;MERCEARIA;81823;17/06/2026;152660;79716;6;12;6;0;0;;;5
3;2305;FILTRO PAPEL MELITTA N02 MD C 30;MERCEARIA;81823;17/06/2026;152660;79716;24;-24;24;0;0;;;10
3;38352;CAFE SOL IGUACU SH 40G GTS 10PCTO CLASSICO;MERCEARIA;81823;17/06/2026;152660;79716;24;1056;24;0;0;;;38
3;2028;CAFE VACUO MELITTA 250G TRAD;MERCEARIA;81823;17/06/2026;152660;79716;20;0;40;0;0;;;142
3;3801;LIGA NEUTRA SELECT 100G;MERCEARIA;81823;17/06/2026;152660;79716;12;24;12;0;0;;;61
3;2206;CAPSULA DOLCE GUSTO 110G C 10 AU LAIT VANILLA;MERCEARIA;81823;17/06/2026;152660;79716;6;12;6;0;0;;;-7
3;33937;MOLHO TOM SALSARETTI 910G TRITURADO;MERCEARIA;81823;17/06/2026;152660;79716;8;216;8;0;0;;;40
3;3781;MIST P BOLO ORQUIDEA 350G BAUNILHA;MERCEARIA;81823;17/06/2026;152660;79716;12;-12;12;0;0;;;-2
3;3828;SAGU CORSETTI 400G;MERCEARIA;81823;17/06/2026;152660;79716;12;0;12;0;0;;;22
3;2832;MAIONESE ODERICH 220G CASEIRA;MERCEARIA;81823;17/06/2026;152660;79716;12;0;12;0;0;;;18
3;38141;AVEIA FLOCOS NESTLE 450G;MERCEARIA;81823;17/06/2026;152660;79716;18;0;18;0;0;;;0
3;2710;LEITE PO CCGL INTEGRAL SH 200G INSTANTANEO;MERCEARIA;81823;17/06/2026;152660;79716;50;0;50;0;0;;;43
3;2468;SARDINHA COQUEIRO 125G OLEO;MERCEARIA;81823;17/06/2026;152660;79716;54;162;54;0;0;;;-33
3;2516;KETCHUP HEINZ 397G TRAD;MERCEARIA;81823;17/06/2026;152660;79716;16;0;16;0;0;;;9
3;2327;ATUM SOLIDO NAUTIQUE 170G NATURAL;MERCEARIA;81823;17/06/2026;152660;79716;24;0;24;0;0;;;13
3;2216;CAPSULA DOLCE GUSTO 100G C 10 CAFE AU LAIT;MERCEARIA;81823;17/06/2026;152660;79716;6;6;36;0;0;;;-6
3;2082;CHA REAL MULTIERVAS 15G VERDE;MERCEARIA;81823;17/06/2026;152660;79716;30;0;30;0;0;;;51
3;2419;PATE ODERICH LT 100G CARNE;MERCEARIA;81823;17/06/2026;152660;79716;24;144;24;0;0;;;30
3;2054;CHA REAL MULTIERVAS 10G BOLDO;MERCEARIA;81823;17/06/2026;152660;79716;30;-30;60;0;0;;;0
3;2939;ACHOC PO CHOKILAR SH 200G;MERCEARIA;81823;17/06/2026;152660;79716;20;80;40;0;0;;;8
3;38272;MOLHO FGO SABOR CASEIRO 1 01K;MERCEARIA;81823;17/06/2026;152660;79716;6;114;6;0;0;;;3
3;2429;PEPINO CONSERVA NUTRIOURO VD 300G;MERCEARIA;81823;17/06/2026;152660;79716;15;219;105;0;0;;;504
3;2173;CHA PRENDA GOLD 18G HORTELA;MERCEARIA;81823;17/06/2026;152660;79716;10;-1;20;0;0;;;-9
3;3011;AVEIA FLOCOS FINOS NATURALE 1KG;MERCEARIA;81823;17/06/2026;152660;79716;12;0;24;0;0;;;2
3;3288;GRANOLA CERELUS 250G MALTADOS;MERCEARIA;81823;17/06/2026;152660;79716;12;0;12;0;0;;;1
3;995;BISC MUCILON LANCHINHO 35G MOR BAN;MERCEARIA;81823;17/06/2026;152660;79716;15;165;60;0;0;;;89
3;2088;CHA PRENDA 18G PRETO C CANELA;MERCEARIA;81823;17/06/2026;152660;79716;20;-22;40;0;0;;;-32
3;37754;GELATINA ZERO NEILAR LIMAO;MERCEARIA;81823;17/06/2026;152660;79716;24;24;24;0;0;;;56
3;38274;MOLHO PIMENTA SABOR CASEIRO 1 01K;MERCEARIA;81823;17/06/2026;152660;79716;6;234;12;0;0;;;4
3;2707;LEITE PO QUALITEM INTEGRAL SH 120G INSTANTANEO;MERCEARIA;81823;17/06/2026;152660;79716;50;350;50;0;0;;;1
3;2020;CAFE VACUO MELITTA 500G EXTRA FORTE;MERCEARIA;81823;17/06/2026;152660;79716;20;0;20;0;0;;;101
3;3826;MIST P SAGU NEILAR 150G MORANGO;MERCEARIA;81823;17/06/2026;152660;79716;12;0;12;0;0;;;12
3;2511;DOCE STA CLARA 400G UVA;MERCEARIA;81823;17/06/2026;152660;79716;6;0;6;0;0;;;5
3;2724;LEITE PO ELEGE INTEGRAL SH 400G;MERCEARIA;81823;17/06/2026;152660;79716;25;0;100;0;0;;;0
3;2462;PICLES CONSERVA JUREIA VD 300G;MERCEARIA;81823;17/06/2026;152660;79716;6;6;12;0;0;;;-3
3;37998;CEREAL MAT DOMELLY DINOCRISPY CHOC;MERCEARIA;81823;17/06/2026;152660;79716;10;30;60;0;0;;;10
3;876;MAIONESE ODERICH SH 7G C 140;MERCEARIA;81823;17/06/2026;152660;79716;1;0;4;0;0;;;0
3;2955;MOLHO PIMENTA EXTREMO SABOR 150ML EXTRA FORTE;MERCEARIA;81823;17/06/2026;152660;79716;12;60;12;0;0;;;10
3;3092;MOSTARDA ODERICH TRADICIONAL 190G BISNAGA;MERCEARIA;81823;17/06/2026;152660;79716;24;143;48;0;0;;;5
3;3791;MIST P BOLO ORQUIDEA 350G LIMAO;MERCEARIA;81823;17/06/2026;152660;79716;12;0;12;0;0;;;12
3;2471;TOMATE SECO CONSERVA JUREIA VD 200G;PERECIVEIS;81823;17/06/2026;152660;79716;12;36;12;0;0;;;8
3;2076;CHA PRENDA 10G CAMOMILA;MERCEARIA;81823;17/06/2026;152660;79716;20;1880;80;0;0;;;74
3;34880;AVEIA NATURALE 170G FLOCOS;MERCEARIA;81823;17/06/2026;152660;79716;24;24;24;0;0;;;-1
3;808;CHOC PO TRISANTI 50 CACAU 1 005KG;MERCEARIA;81823;17/06/2026;152660;79716;6;7;6;0;0;;;0
3;2996;ADOCANTE ADOCYL 100ML;MERCEARIA;81823;17/06/2026;152660;79716;12;0;60;0;0;;;0
3;2087;CHA PRENDA 18G PRETO;MERCEARIA;81823;17/06/2026;152660;79716;20;1687;60;0;0;;;48
3;1987;CAPPUCCINO PRONTO 3C 260ML WHEY;MERCEARIA;81823;17/06/2026;152660;79716;6;0;6;0;0;;;5
3;15622;CATCHUP BISN KETDOG 1K;MERCEARIA;81823;17/06/2026;152660;79716;12;0;24;0;0;;;-27
3;3024;ADOCANTE ZERO CAL 100ML;MERCEARIA;81823;17/06/2026;152660;79716;12;10;36;0;0;;;0
3;2164;CHA PRENDA MATE 40G NATURAL;MERCEARIA;81823;17/06/2026;152660;79716;20;-20;40;0;0;;;-35
3;2894;MOLHO INGLES KITANO 150ML;MERCEARIA;81823;17/06/2026;152660;79716;12;60;24;0;0;;;-16
3;949;AZEIT OLIV COCINERO EXT VG 500ML;MERCEARIA;81823;17/06/2026;152660;79716;12;0;12;0;0;;;2
3;15559;CAP NESCAFE NESPRESSO MEXICO C 10;MERCEARIA;81823;17/06/2026;152660;79716;12;0;12;0;0;;;4
3;3076;FARELO AVEIA SOBERANA 500G;MERCEARIA;81823;17/06/2026;152660;79716;12;9;12;0;0;;;-5
3;2055;CHA REAL MULTIERVAS 18G PRETO;MERCEARIA;81823;17/06/2026;152660;79716;30;-30;60;0;0;;;1
3;2861;MAIONESE HELLMANNS PET 335G;MERCEARIA;81823;17/06/2026;152660;79716;24;0;24;0;0;;;12
3;2168;CHA PRENDA MATE 40G CRAVO CANELA;MERCEARIA;81823;17/06/2026;152660;79716;20;-40;80;0;0;;;-35
3;3535;FERM QUIMICO PO ROYAL PT 250G;MERCEARIA;81823;17/06/2026;152660;79716;48;0;48;0;0;;;0
3;38273;MOLHO INGLES SABOR CASEIRO 1 01K;MERCEARIA;81823;17/06/2026;152660;79716;6;132;12;0;0;;;0
3;2658;CEREAL MUCILON SH 180G MILHO;MERCEARIA;81823;17/06/2026;152660;79716;12;0;12;0;0;;;8
3;3685;MIST LACTEA COND ITALAC TP 395G;MERCEARIA;81823;17/06/2026;152660;79716;27;8802;27;0;0;;;340
3;2491;KETCHUP ODERICH BISNAG 200G TRAD;MERCEARIA;81823;17/06/2026;152660;79716;24;48;264;0;0;;;0
3;2910;MOLHO PIMENTA EXTREMO SABOR 250ML;MERCEARIA;81823;17/06/2026;152660;79716;12;10;24;0;0;;;1
3;2416;PEPINO CONSERVA DA SERRA SH 150G;MERCEARIA;81823;17/06/2026;152660;79716;12;768;36;0;0;;;-2
3;2062;CHA PRENDA 12G HORTELA;MERCEARIA;81823;17/06/2026;152660;79716;20;16;40;0;0;;;40
3;2112;CHA REAL MATE TOSTADO 32G NATURAL;MERCEARIA;81823;17/06/2026;152660;79716;30;-30;90;0;0;;;0
3;2090;CHA PRENDA 18G FUNCHO;MERCEARIA;81823;17/06/2026;152660;79716;20;-40;60;0;0;;;0
3;2319;ATUM EM PEDACOS NAUTIQUE 170G OLEO;MERCEARIA;81823;17/06/2026;152660;79716;24;0;24;0;0;;;6
3;1012;TEMP COMPLETO ODERICH 1KG C PIMENTA;MERCEARIA;81823;17/06/2026;152660;79716;12;0;24;0;0;;;-1
3;2125;CHA REAL MULTIERVAS 15G MACA CANELA;MERCEARIA;81823;17/06/2026;152660;79716;30;0;30;0;0;;;0
3;2463;SARDINHA C OLEO G COSTA LT 125G MOLHO DE TOMATE;MERCEARIA;81823;17/06/2026;152660;79716;50;47;50;0;0;;;146
3;2031;CAFE SOL 3C CAPPUCCINO SH 20G CANELA;MERCEARIA;81823;17/06/2026;152660;79716;50;0;100;0;0;;;-66
3;2874;MOLHO BARBECUE ODERICH 200G;MERCEARIA;81823;17/06/2026;152660;79716;24;0;24;0;0;;;0
3;3099;MOSTARDA ODERICH PREM 250G DIJON;MERCEARIA;81823;17/06/2026;152660;79716;12;0;12;0;0;;;29
3;2979;AMIDO MILHO APTI 500G;MERCEARIA;81823;17/06/2026;152660;79716;20;40;20;0;0;;;68
3;2030;CAFE SOL 3C CAPPUCCINO SH 20G CLASSIC;MERCEARIA;81823;17/06/2026;152660;79716;50;0;100;0;0;;;-93
3;3300;CHA REAL MULTIERVAS 15G ANIS;MERCEARIA;81823;17/06/2026;152660;79716;30;0;30;0;0;;;15
3;3785;MIST P BOLO ORQUIDEA 350G CENOURA;MERCEARIA;81823;17/06/2026;152660;79716;12;0;24;0;0;;;0
3;36166;MOLHO TOM SALSARETTI VD 500G CLASSICO;MERCEARIA;81823;17/06/2026;152660;79716;24;96;24;0;0;;;54
3;3236;GELATINA ZERO APTI 12G UVA;MERCEARIA;81823;17/06/2026;152660;79716;18;36;18;0;0;;;111
3;37756;GELATINA ZERO NEILAR 12G MARACUJA;MERCEARIA;81823;17/06/2026;152660;79716;24;120;24;0;0;;;58
3;2029;CAFE SOL 3C CAPPUCCINO SH 20G BAUNILHA;MERCEARIA;81823;17/06/2026;152660;79716;50;19;50;0;0;;;9
3;2182;CHA PRENDA GOLD 27G PRETO;MERCEARIA;81823;17/06/2026;152660;79716;10;9;50;0;0;;;3
3;3120;CHIA CERELUS 200G;MERCEARIA;81823;17/06/2026;152660;79716;12;0;12;0;0;;;-5
3;21250;MOSTARDA MOSTARDOG BD 1K;MERCEARIA;81823;17/06/2026;152660;79716;12;0;12;0;0;;;6
3;2105;CHA PRENDA 10G CAMOMILA C LAR;MERCEARIA;81823;17/06/2026;152660;79716;20;-20;60;0;0;;;26
3;2080;CHA REAL MULTIERVAS 14G LIMAO GENG MEL;MERCEARIA;81823;17/06/2026;152660;79716;30;-30;30;0;0;;;3
3;31471;MAIONESE BISN VAL PET 930G;MERCEARIA;81823;17/06/2026;152660;79716;9;-54;54;0;0;;;-13
3;3075;MOLHO ODERICH 220G CHEDDAR;MERCEARIA;81823;17/06/2026;152660;79716;12;0;12;0;0;;;16
3;2167;CHA PRENDA MATE 40G LARANJA ACEROLA;MERCEARIA;81823;17/06/2026;152660;79716;20;-1;20;0;0;;;-34
3;3423;CREME LEITE NESTLE TP ZR LACT 200G ZERO LACTOSE;MERCEARIA;81823;17/06/2026;152660;79716;27;0;27;0;0;;;6
3;2953;ACHOC PO APTI SH 700G INSTANT POWER;MERCEARIA;81823;17/06/2026;152660;79716;12;564;12;0;0;;;53
3;15554;CAP NESCAFE NESPRESSO ANDES C 10;MERCEARIA;81823;17/06/2026;152660;79716;12;0;12;0;0;;;2
3;985;MOSTARDA ODERICH SH 1KG;MERCEARIA;81823;17/06/2026;152660;79716;6;0;12;0;0;;;23
3;3296;CHA REAL MULTIERVAS 15G ERVA DOCE;MERCEARIA;81823;17/06/2026;152660;79716;30;0;30;0;0;;;0
3;811;CHOC PO TRISANTI 70 CACAU 1 005KG;MERCEARIA;81823;17/06/2026;152660;79716;6;13;6;0;0;;;0
3;3827;MIST P SAGU NEILAR 150G UVA;MERCEARIA;81823;17/06/2026;152660;79716;12;12;12;0;0;;;12
3;3039;CEREAL MAT NESTLE CX 190G CORN FLAKES;MERCEARIA;81823;17/06/2026;152660;79716;24;0;48;0;0;;;0
3;3836;GELADINHO AMERICANO C 40;MERCEARIA;81823;17/06/2026;152660;79716;6;3;12;0;0;;;27
3;2085;CHA PRENDA 12G CARQUEJA;MERCEARIA;81823;17/06/2026;152660;79716;20;100;40;0;0;;;14
3;3651;LEITE COCO DUCOCO VD 200ML;MERCEARIA;81823;17/06/2026;152660;79716;24;0;24;0;0;;;4
3;3788;MIST P BOLO ORQUIDEA 350G COCO;MERCEARIA;81823;17/06/2026;152660;79716;12;0;24;0;0;;;8
3;805;KETCHUP ODERICH SH 7G C 140 UN;MERCEARIA;81823;17/06/2026;152660;79716;1;4;4;0;0;;;0
3;2081;CAFE SOL 3C SH 40G TRAD;MERCEARIA;81823;17/06/2026;152660;79716;24;48;144;0;0;;;-194
3;19028;GELATINA ZERO NEILAR 12G ABACAXI;MERCEARIA;81823;17/06/2026;152660;79716;24;96;96;0;0;;;-87
3;2961;MOLHO SHOYU EXTREMO SABOR 250ML;MERCEARIA;81823;17/06/2026;152660;79716;12;156;12;0;0;;;-22
3;2102;CHA PRENDA 16G PRETO C CRAVO;MERCEARIA;81823;17/06/2026;152660;79716;20;-60;60;0;0;;;-44
3;2202;CHA PRENDA GOLD 27G ERVA DOCE;MERCEARIA;81823;17/06/2026;152660;79716;10;0;40;0;0;;;-9
3;3019;ADOCANTE ADOCYL 200ML;MERCEARIA;81823;17/06/2026;152660;79716;12;144;24;0;0;;;23
4;2176;CAPSULA 3C 110G C 10 CHOCOLATTO;MERCEARIA;81855;17/06/2026;;;8;8;8;0;0;;;16
4;17177;DESINF GOTA LIMPA 2L PINHO;PERFUMARIA E LIMPEZA;81855;17/06/2026;;;6;18;6;0;0;;;0
18;3191;SALG KEVYTOS BACON 13G C 50;MERCEARIA;81843;17/06/2026;;;50;38;50;0;0;;;0
18;25106;VASSOURA JARDINEIRA S CABO;PERFUMARIA E LIMPEZA;81843;17/06/2026;;;1;0;4;0;0;;;5
3;18466;FEIJAO PTO MORO TP1 1KG;MERCEARIA;82516;18/06/2026;154175;;30;8970;450;0;0;;;878
13;12995;BAND BRASIL 60X40;NAO ALIMENTO;82604;19/06/2026;154396;81024;1;0;1;0;0;19/06/2026;FELIPE;-108
13;16724;CP MEDIDOR PLAST 500ML;NAO ALIMENTO;82604;19/06/2026;154396;81024;1;0;1;0;0;19/06/2026;FELIPE;1
13;37186;CORTINA P BOX EVA 0 6M 180X180;NAO ALIMENTO;82604;19/06/2026;154396;81024;1;0;2;0;0;19/06/2026;FELIPE;-7
13;18521;FILTRO P BOMBA CHIMARRAO C 2;NAO ALIMENTO;82604;19/06/2026;154396;81024;10;7720;10;1;0;19/06/2026;FELIPE;393
13;17476;DUCHA ENERDUCHA UP4 6800W 220V BCO;NAO ALIMENTO;82604;19/06/2026;154396;81024;1;0;2;0;0;19/06/2026;FELIPE;4
13;35915;CALCULADORA DE MESA 12 DIG;NAO ALIMENTO;82604;19/06/2026;154396;81024;1;0;11;0;0;19/06/2026;FELIPE;0
13;15033;CAD ESPI CD 10X1 200FLS BRASILIDADE;NAO ALIMENTO;82604;19/06/2026;154396;81024;1;0;4;0;0;19/06/2026;FELIPE;0
13;15115;CAD ESPI CD 80FLS CARTOGRAFIA T DUDA;NAO ALIMENTO;82604;19/06/2026;154396;81024;4;0;4;0;0;19/06/2026;FELIPE;0
13;21895;PERUCA DO BRASIL;NAO ALIMENTO;82604;19/06/2026;154396;81024;1;0;2;0;0;19/06/2026;FELIPE;-14
13;15051;CAD ESPI CD 1X1 80FLS DISNEY EMOJI;NAO ALIMENTO;82604;19/06/2026;154396;81024;4;0;4;0;0;19/06/2026;FELIPE;22
13;7663;REGUA ESCOLAR LEO LEO PLAST 30CM;NAO ALIMENTO;82604;19/06/2026;154396;81024;25;50;25;1;0;19/06/2026;FELIPE;16
13;14988;CAD ESPI CD 1 4 80FLS LIGA DA JUSTIC;NAO ALIMENTO;82604;19/06/2026;154396;81024;5;0;5;0;0;19/06/2026;FELIPE;5
13;15031;CAD ESPI CD 10X1 160FLS SWEETNESS;NAO ALIMENTO;82604;19/06/2026;154396;81024;4;0;4;0;0;19/06/2026;FELIPE;12
13;15030;CAD ESPI CD 10X1 160FLS STONE;NAO ALIMENTO;82604;19/06/2026;154396;81024;4;0;4;0;0;19/06/2026;FELIPE;0
13;33305;TAPETE BOX OVAL PVC 61X35CM;NAO ALIMENTO;82604;19/06/2026;154396;81024;1;0;1;0;0;19/06/2026;FELIPE;15
13;15113;CAD ESPI CD 80FLS CARTOGRAFIA SWEETNESS;NAO ALIMENTO;82604;19/06/2026;154396;81024;4;0;4;0;0;19/06/2026;FELIPE;0
13;21932;PILHA ELGIN PALITO AAA C 4;NAO ALIMENTO;82604;19/06/2026;154396;81024;10;490;10;1;0;19/06/2026;FELIPE;104
13;9305;DUCHA FAME 220V 6800W 4 TEMP;NAO ALIMENTO;82604;19/06/2026;154396;81024;14;224;14;0;0;19/06/2026;FELIPE;21
13;22275;PORTA SAB LIQ SANREMO 280ML;NAO ALIMENTO;82604;19/06/2026;154396;81024;1;0;10;0;0;19/06/2026;FELIPE;22
13;4552;CANETA JOGAR OFFICE 8ML CORRETIVA;NAO ALIMENTO;82604;19/06/2026;154396;81024;24;0;24;0;0;19/06/2026;FELIPE;12
13;19951;LAPIS COR EVOLUTION C 12 4 LAP BIC;NAO ALIMENTO;82604;19/06/2026;154396;81024;6;0;30;0;0;19/06/2026;FELIPE;5
13;16691;CP DESC DUDIGO 300ML C 100 TRANSP;NAO ALIMENTO;82604;19/06/2026;154396;81024;20;40;20;1;0;19/06/2026;FELIPE;76
13;35020;DUCHA GORDUCHA ZAFONEL 4T 220V;NAO ALIMENTO;82604;19/06/2026;154396;81024;1;0;2;0;0;19/06/2026;FELIPE;0
13;36297;CANETA ESF TRIGLOW LYKE C 10 CORES;NAO ALIMENTO;82604;19/06/2026;154396;81024;10;0;10;0;0;19/06/2026;FELIPE;0
18;2991;ACUCAR MASCAVO CBS 500G;MERCEARIA;82574;19/06/2026;154379;80886;20;40;40;2;0;;ALEXSANDER;31
18;3628;SAL GROSSO CBS 1KG;MERCEARIA;82574;19/06/2026;154379;80886;15;165;90;0;0;25/06/2026;PIRES;112,281
18;2814;POLENTA PERDIZ 500G INST TEMP;MERCEARIA;82574;19/06/2026;154379;80886;12;71;108;9;0;;ALEXSANDER;104
2;2074;ARROZ BCO SANO TP1 1KG;MERCEARIA;83180;20/06/2026;155327;82102;30;1860;30;0;0;;;27
3;2074;ARROZ BCO SANO TP1 1KG;MERCEARIA;83182;20/06/2026;155328;82103;30;1860;30;0;0;;;7
4;6795;LEITE UHT TIROL 1L ZERO LAC;PERECIVEIS;83156;20/06/2026;;;12;60;84;0;0;;;3
12;19951;LAPIS COR EVOLUTION C 12 4 LAP BIC;NAO ALIMENTO;83228;20/06/2026;;;6;0;50;0;0;;;7
12;13403;BISC DOCE NESTLE CHOCO TRIO 90G PRESTIGIO;MERCEARIA;83290;20/06/2026;155690;82105;12;531;36;0;0;30/06/2026;AMANDA;55
13;13403;BISC DOCE NESTLE CHOCO TRIO 90G PRESTIGIO;MERCEARIA;83292;20/06/2026;155691;82106;12;531;12;0;0;30/06/2026;AMANDA;26
17;13403;BISC DOCE NESTLE CHOCO TRIO 90G PRESTIGIO;MERCEARIA;83294;20/06/2026;155692;82107;12;531;48;0;0;30/06/2026;AMANDA;-175
3;5258;CR DENTAL CLOSE UP 85G CARVAO ADIV;PERFUMARIA E LIMPEZA;83850;22/06/2026;156381;82650;12;0;12;1;0;29/06/2026;BRUNO;-2
3;5254;CR DENTAL CLOSE UP 100G LIQUIFRESH RED HOT;PERFUMARIA E LIMPEZA;83850;22/06/2026;156381;82650;12;24;36;0;0;29/06/2026;BRUNO;61
5;6109;FOSFORO GABOARDI 10UN;NAO ALIMENTO;83664;22/06/2026;156101;82143;20;320;20;0;0;22/06/2026;RAMIRES;49
8;2367;ERVILHA FUGINI SH 170G;MERCEARIA;83774;22/06/2026;156265;82661;36;0;108;0;0;30/06/2026;AUGUSTO;60
12;37715;LIMP PERF COALA SOL DO BRASIL 120ML;PERFUMARIA E LIMPEZA;83642;22/06/2026;156086;82105;24;432;24;0;0;;;10
12;38625;SH DOVE NUTRI E TRI OLEOS 370ML;PERFUMARIA E LIMPEZA;83642;22/06/2026;156086;82105;1;0;1;0;0;;;0
12;24311;SH DARLING 2X1 650ML;PERFUMARIA E LIMPEZA;83642;22/06/2026;156086;82105;6;0;6;0;0;;;0
12;9983;DESOD SANIT GOTA LIMPA 25G EUCALIPTO;PERFUMARIA E LIMPEZA;83642;22/06/2026;156086;82105;48;48;48;0;0;;;63
12;5022;COND PANTENE 150ML EQUIL ALGA MAR;PERFUMARIA E LIMPEZA;83642;22/06/2026;156086;82105;12;0;24;0;0;;;0
12;5254;CR DENTAL CLOSE UP 100G LIQUIFRESH RED HOT;PERFUMARIA E LIMPEZA;83642;22/06/2026;156086;82105;12;24;12;1;1;30/06/2026;PAMELA;40
12;8215;SH ELSEVE 200ML OLEO EXTR NUTRI;PERFUMARIA E LIMPEZA;83642;22/06/2026;156086;82105;12;24;12;0;0;;;8
12;22904;REMOV ESM BELEZA AMAZONIA 100ML;PERFUMARIA E LIMPEZA;83642;22/06/2026;156086;82105;12;708;144;12;12;30/06/2026;PAMELA;0
12;5370;CREME PANTENE 170G 3 MINUTOS NUT UMECTANTE;PERFUMARIA E LIMPEZA;83642;22/06/2026;156086;82105;12;24;24;0;0;;;0
12;35687;DESOD CREME SECRET CLEAR COTT 45G GEL;PERFUMARIA E LIMPEZA;83642;22/06/2026;156086;82105;1;2;1;1;1;30/06/2026;PAMELA;9
12;746;ACUCAR CRISTAL GASPARIN 1KG;MERCEARIA;83778;22/06/2026;156267;82656;10;0;100;10;0;;PIRES;269
12;5254;CR DENTAL CLOSE UP 100G LIQUIFRESH RED HOT;PERFUMARIA E LIMPEZA;83864;22/06/2026;156388;82656;12;24;36;0;0;01/07/2026;ALEX JARDIM;40
13;1452;CHOC KINDER BUENO 39G;MERCEARIA;83644;22/06/2026;156088;82106;30;0;30;0;0;30/06/2026;AMANDA;-15
13;8443;SILICONE DESTAQUE AERO 400ML V8;PERFUMARIA E LIMPEZA;83644;22/06/2026;156088;82106;1;0;1;0;0;22/06/2026;MAYNARA;0
13;7665;REMOVEDOR ESMALTE JAY LUC 100ML;PERFUMARIA E LIMPEZA;83644;22/06/2026;156088;82106;24;216;24;1;0;;;10
13;24635;TALCO ALMA F JASMIM 100G;PERFUMARIA E LIMPEZA;83644;22/06/2026;156088;82106;12;72;12;1;1;29/06/2026;PAMELA;4
13;10309;SILICONE DESTAQUE GEL 250G LAVANDA;PERFUMARIA E LIMPEZA;83644;22/06/2026;156088;82106;12;0;12;0;0;22/06/2026;MAYNARA;14
13;35724;MASC TRAT TOQUE DE SEDA 300G SEDA;PERFUMARIA E LIMPEZA;83644;22/06/2026;156088;82106;6;90;6;1;0;;;3
13;6659;LAQUE AERO KARINA 250ML EXTRA FORTE;PERFUMARIA E LIMPEZA;83644;22/06/2026;156088;82106;12;5;12;1;0;;;7
13;2793;FAROFA CASEIRISSIMA YOKI 200G CEBOLA;MERCEARIA;83644;22/06/2026;156088;82106;12;0;12;0;0;30/06/2026;MARCOS M;14
13;38625;SH DOVE NUTRI E TRI OLEOS 370ML;PERFUMARIA E LIMPEZA;83644;22/06/2026;156088;82106;1;0;1;0;0;;;0
13;10109;REPARADOR DI HELLEN PONTAS 30G PROT TERMICA;PERFUMARIA E LIMPEZA;83644;22/06/2026;156088;82106;12;0;12;1;0;;;3
13;5001;COND PALMOLIVE 350ML ACIDO HIALURONI;PERFUMARIA E LIMPEZA;83644;22/06/2026;156088;82106;6;0;6;1;0;;;4
13;8858;AP GILLETTE PROBAK II C 2;PERFUMARIA E LIMPEZA;83644;22/06/2026;156088;82106;14;2198;14;1;1;29/06/2026;PAMELA;200
13;1519;CHOC KINDER OVO LUI PLAYMOBIL 40G;MERCEARIA;83644;22/06/2026;156088;82106;48;0;48;0;0;30/06/2026;AMANDA;15
13;648;WHISKY MASTER GOLD VD 900ML;BEBIDAS;83644;22/06/2026;156088;82106;1;96;2;0;0;30/06/2026;AMANDA;-2
13;7667;PRETEADOR PNEUS OURO PRETO 500ML;PERFUMARIA E LIMPEZA;83644;22/06/2026;156088;82106;12;0;12;0;0;22/06/2026;MAYNARA;1
13;24389;SILICONE DESTAQUE GEL 250G SPORT;PERFUMARIA E LIMPEZA;83644;22/06/2026;156088;82106;12;11;12;0;0;22/06/2026;MAYNARA;0
13;8330;SH SEDA 300ML JUNTINHOS CRESPOS;PERFUMARIA E LIMPEZA;83644;22/06/2026;156088;82106;12;0;12;1;0;;;34
14;35236;BOMBOM LACTA OREO 20G;MERCEARIA;83996;22/06/2026;156569;82488;27;2214;81;0;0;24/06/2026;PAMELA;10
14;1847;DROPS FREEGELLS 27 9G VIT C CITRUS;MERCEARIA;83996;22/06/2026;156569;82488;12;120;36;0;0;24/06/2026;PAMELA;111
14;1238;CHOC BARRA NEUGEBAUER 80G MEIO AMARGO;MERCEARIA;83996;22/06/2026;156569;82488;64;180;192;3;0;23/06/2026;CAROLINA;3
14;1894;DROPS FREEGELLS 27 6G CEREJA CHOC;MERCEARIA;83996;22/06/2026;156569;82488;12;336;36;0;0;24/06/2026;PAMELA;26
14;1852;DROPS FREEGELLS 27 9G MENTA;MERCEARIA;83996;22/06/2026;156569;82488;12;708;36;0;0;24/06/2026;PAMELA;2
14;13697;BOMBOM ARCOR SORT 146G;MERCEARIA;83996;22/06/2026;156569;82488;30;632;60;2;0;23/06/2026;CAROLINA;37
17;1431;CHOC KIT KAT 41 5G DARK;MERCEARIA;83648;22/06/2026;156090;82107;24;0;24;0;0;30/06/2026;AMANDA;38
17;784;REFRIG ANTARCTICA GUARANA PET 2L;BEBIDAS;83648;22/06/2026;156090;82107;8;176;56;0;0;30/06/2026;AMANDA;-83
17;20097;LENHA P FOGAO 10K;NAO ALIMENTO;83648;22/06/2026;156090;82107;1;2;1;0;0;30/06/2026;AMANDA;84
17;36268;PROTETOR TERM PANTENE REPAIR 170ML;PERFUMARIA E LIMPEZA;83648;22/06/2026;156090;82107;1;47;1;1;1;29/06/2026;PAMELA;15
17;12528;AP GILLETTE C 8 L8P6;PERFUMARIA E LIMPEZA;83648;22/06/2026;156090;82107;3;16;6;0;0;29/06/2026;PAMELA;21
17;4259;AP PRESTOBARBA ULTRA GRIP 2UN;PERFUMARIA E LIMPEZA;83648;22/06/2026;156090;82107;12;0;12;1;1;29/06/2026;PAMELA;26
17;24329;SH HEAD SHOULDERS 400ML HIDRATACAO;PERFUMARIA E LIMPEZA;83648;22/06/2026;156090;82107;6;6;6;1;1;29/06/2026;PAMELA;12
17;8294;SH PANTENE 175ML RESTAURACAO PRO;PERFUMARIA E LIMPEZA;83648;22/06/2026;156090;82107;6;0;6;1;1;29/06/2026;PAMELA;-1
17;2329;FEIJAO PRETO CALDO OURO 500G;MERCEARIA;83648;22/06/2026;156090;82107;10;6233;40;0;0;30/06/2026;AMANDA;408
17;1498;CHOC KINDER JOY T1 20G;MERCEARIA;83648;22/06/2026;156090;82107;48;20;48;0;0;30/06/2026;AMANDA;8
17;7232;OLEO KING 100ML MULTIUSO;PERFUMARIA E LIMPEZA;83648;22/06/2026;156090;82107;6;36;6;1;1;29/06/2026;PAMELA;20
17;844;REFRIG ANTARCTICA PET 600ML GUARANA;BEBIDAS;83648;22/06/2026;156090;82107;12;12;12;0;0;30/06/2026;AMANDA;6
17;8288;SH PANTENE 175ML EQUIL ALGA MAR;PERFUMARIA E LIMPEZA;83648;22/06/2026;156090;82107;6;18;6;1;1;29/06/2026;PAMELA;10
17;24330;SH HEAD SHOULDERS 400ML PREV CONTR QUE;PERFUMARIA E LIMPEZA;83648;22/06/2026;156090;82107;6;6;6;1;1;29/06/2026;PAMELA;13
17;847;REFRIG COCA COLA PET 600ML;BEBIDAS;83648;22/06/2026;156090;82107;12;520;12;0;0;30/06/2026;AMANDA;101
17;6276;AP VENUS INTIMA LV4 PG3;PERFUMARIA E LIMPEZA;83648;22/06/2026;156090;82107;6;0;6;6;6;29/06/2026;PAMELA;-1
17;1983;CAPPUCCINO PRONTO 3C 260ML CLASSIC;MERCEARIA;83648;22/06/2026;156090;82107;6;6;6;0;0;30/06/2026;AMANDA;1
17;2841;MAIONESE HELLMANNS SH 400G;MERCEARIA;83648;22/06/2026;156090;82107;12;324;72;0;0;30/06/2026;AMANDA;53
17;191;CERV PROVINCIA MALZBIER LT 473ML;BEBIDAS;83648;22/06/2026;156090;82107;12;2129;48;0;0;30/06/2026;AMANDA;36
17;8858;AP GILLETTE PROBAK II C 2;PERFUMARIA E LIMPEZA;83648;22/06/2026;156090;82107;14;2198;14;1;1;29/06/2026;PAMELA;185
17;33779;CR DEN COLGATE TT12 180G ORIG MINT;PERFUMARIA E LIMPEZA;83870;22/06/2026;156391;82658;12;396;36;3;3;01/07/2026;AUGUSTO;120
18;37075;FARINHA TAPIOCA DINDA 400G TRAD;MERCEARIA;84000;22/06/2026;156571;82490;20;577;40;2;0;;KELLER;-21
18;3181;SALG KEVYTOS SHOW 38G BACON;MERCEARIA;84000;22/06/2026;156571;82490;20;420;20;0;0;23/06/2026;JESSICA;102
18;2361;FEIJAO VERMELHO ARBAZA 500G;MERCEARIA;84000;22/06/2026;156571;82490;12;1245;60;5;0;;KELLER;60
18;1134;BISC DOCE NESTLE CHOCO TRIO 90G CHOC;MERCEARIA;84000;22/06/2026;156571;82490;12;360;24;0;0;23/06/2026;JESSICA;-5
3;806;REFRIG FANTA LARANJA PET 2L;BEBIDAS;84154;23/06/2026;156860;82650;8;392;336;0;0;01/07/2026;LUAN;814
3;21137;MOLUSC MADELESMA RES UMED LESMAS 250G;PERFUMARIA E LIMPEZA;84154;23/06/2026;156860;82650;4;0;4;1;0;29/06/2026;BRUNO;0
3;4567;CARGA MACH 3 LV4 PG3 REGULAR;PERFUMARIA E LIMPEZA;84154;23/06/2026;156860;82650;72;36;72;1;0;29/06/2026;BRUNO;89
3;17317;DESOD ROLLON REXONA 50ML XTRA COOL;PERFUMARIA E LIMPEZA;84154;23/06/2026;156860;82650;12;396;12;1;0;29/06/2026;BRUNO;36
3;12531;INAT AP GILLETTE PROBAK C 2;PERFUMARIA E LIMPEZA;84154;23/06/2026;156860;82650;14;154;14;0;0;29/06/2026;BRUNO;129
3;16878;CR HIDRAT DIHELLEN MAOS E PES 100G;PERFUMARIA E LIMPEZA;84154;23/06/2026;156860;82650;12;0;12;1;0;29/06/2026;BRUNO;7
3;18979;GEL FIX DI HELLEN BRI MOL FL ADREN 240G;PERFUMARIA E LIMPEZA;84154;23/06/2026;156860;82650;12;0;12;1;0;29/06/2026;BRUNO;12
3;9587;DESOD SANIT ADES GOTA LIMPA 41G 7D EUCALIPTO;PERFUMARIA E LIMPEZA;84154;23/06/2026;156860;82650;12;0;12;1;0;29/06/2026;BRUNO;29
3;4256;AP PRESTOBARBA ULTRAGRIP 3L CART2UN;PERFUMARIA E LIMPEZA;84154;23/06/2026;156860;82650;1;0;4;4;0;29/06/2026;BRUNO;1
3;5812;ESC DENTAL COLGATE TRIP ACAO LV2PG1;PERFUMARIA E LIMPEZA;84154;23/06/2026;156860;82650;12;0;12;1;0;29/06/2026;BRUNO;9
4;7835;DET PO GOTA LIMPA 800G EQUILIBRIO;PERFUMARIA E LIMPEZA;84178;23/06/2026;;;20;20;20;0;0;;;-16
5;17271;DESOD CR DI HELLEN 55G MASC;PERFUMARIA E LIMPEZA;84156;23/06/2026;156861;82652;12;0;12;1;0;02/07/2026;AUGUSTO;12
5;1416;CHOC SNICKERS 45G;MERCEARIA;84156;23/06/2026;156861;82652;20;100;20;0;0;30/06/2026;MONIQUE;53
5;4565;CARGA MACH 3 2UN SENSITIVE;PERFUMARIA E LIMPEZA;84156;23/06/2026;156861;82652;12;0;12;1;0;02/07/2026;AUGUSTO;46
5;36245;CHOC BARRA NESTLE RECH 90G PRESTIG;MERCEARIA;84156;23/06/2026;156861;82652;14;14;14;0;0;30/06/2026;MONIQUE;3
5;3512;FERM PO BIOL GOOD INSTANT SH 10G;MERCEARIA;84156;23/06/2026;156861;82652;30;1080;90;0;0;30/06/2026;MONIQUE;111
5;1452;CHOC KINDER BUENO 39G;MERCEARIA;84156;23/06/2026;156861;82652;30;0;30;0;0;30/06/2026;MONIQUE;10
5;4258;AP PROBAK II LV7 PG5;PERFUMARIA E LIMPEZA;84156;23/06/2026;156861;82652;1;57;8;7;7;01/07/2026;PAMELA;111
5;8561;TALCO VINI LADY 200G BABY LAVANDA;PERFUMARIA E LIMPEZA;84156;23/06/2026;156861;82652;12;0;12;1;1;01/07/2026;PAMELA;1
5;15991;CHOC KINDER BUENO WHITE 39G;MERCEARIA;84156;23/06/2026;156861;82652;30;0;30;0;0;30/06/2026;MONIQUE;10
5;22903;REMOV ESM AMAZONIA 80ML;PERFUMARIA E LIMPEZA;84156;23/06/2026;156861;82652;12;516;12;1;1;01/07/2026;PAMELA;9
5;17317;DESOD ROLLON REXONA 50ML XTRA COOL;PERFUMARIA E LIMPEZA;84156;23/06/2026;156861;82652;12;396;12;1;0;02/07/2026;AUGUSTO;11
5;3400;BARRA CEREAL RITTER 25G BAN AVEIA MEL;MERCEARIA;84156;23/06/2026;156861;82652;24;0;96;0;0;30/06/2026;MONIQUE;53
5;1837;PAST DOCILE ROLLY MINTY 29G FRUIT;MERCEARIA;84156;23/06/2026;156861;82652;12;1464;12;1;1;30/06/2026;MONIQUE;12
5;647;WHISKY GREEN VALLEY VD 1L;BEBIDAS;84156;23/06/2026;156861;82652;1;0;1;0;0;30/06/2026;MONIQUE;1
5;520;ENERG RED BULL LT 250ML MORANGO PESSEGO;BEBIDAS;84601;23/06/2026;157654;83225;24;176;48;2;0;24/06/2026;JESSICA;23
6;3431;SOPA GALINHA MAGGI 60G FIDELINI;MERCEARIA;84158;23/06/2026;156862;82648;10;9;10;0;0;01/07/2026;ALEX JARDIM;15
6;647;WHISKY GREEN VALLEY VD 1L;BEBIDAS;84158;23/06/2026;156862;82648;1;0;1;0;0;01/07/2026;ALEX JARDIM;-2
6;1353;CHOC BATON GAROTO 16G AO LEITE;MERCEARIA;84158;23/06/2026;156862;82648;30;0;30;0;0;01/07/2026;ALEX JARDIM;22
6;3401;BARRA CEREAL RITTER 25G BANANA ZR ACUC;MERCEARIA;84158;23/06/2026;156862;82648;24;0;24;0;0;01/07/2026;ALEX JARDIM;13
6;3377;CALDO KNORR 57G CARNE;MERCEARIA;84158;23/06/2026;156862;82648;10;0;10;0;0;01/07/2026;ALEX JARDIM;13
6;29708;CHOC BARRA LACTA LAKA 28G;MERCEARIA;84158;23/06/2026;156862;82648;12;0;12;0;0;01/07/2026;ALEX JARDIM;-5
6;3512;FERM PO BIOL GOOD INSTANT SH 10G;MERCEARIA;84158;23/06/2026;156862;82648;30;1080;60;0;0;01/07/2026;ALEX JARDIM;9
6;648;WHISKY MASTER GOLD VD 900ML;BEBIDAS;84158;23/06/2026;156862;82648;1;96;1;1;1;01/07/2026;ALEX JARDIM;2
6;3426;CREME QUEIJO APTI 68G;MERCEARIA;84158;23/06/2026;156862;82648;12;60;12;1;1;01/07/2026;ALEX JARDIM;11
6;3383;CALDO APTI 19G GALINHA;MERCEARIA;84158;23/06/2026;156862;82648;24;600;24;1;1;01/07/2026;ALEX JARDIM;56
6;633;VODKA TAIGA PREMIUM VD 1L;BEBIDAS;84158;23/06/2026;156862;82648;1;0;1;0;0;01/07/2026;ALEX JARDIM;11
6;1837;PAST DOCILE ROLLY MINTY 29G FRUIT;MERCEARIA;84158;23/06/2026;156862;82648;12;1464;24;2;2;01/07/2026;ALEX JARDIM;-43
6;1745;CHICLE FREEGELLS GUM 8G MENTA;MERCEARIA;84158;23/06/2026;156862;82648;15;0;15;1;1;01/07/2026;ALEX JARDIM;0
7;3414;BARRA CEREAL RITTER 22G CAST PARA;MERCEARIA;84160;23/06/2026;156863;82653;24;432;144;6;0;01/07/2026;ALEX JARDIM;45
7;34564;CREME JOAO E MARIA 40G P ASSADURA;PERFUMARIA E LIMPEZA;84160;23/06/2026;156863;82653;1;0;14;0;0;01/07/2026;PAMELA;0
7;3384;CALDO GALINHA APTI 57G;MERCEARIA;84160;23/06/2026;156863;82653;120;0;120;1;0;01/07/2026;ALEX JARDIM;0
7;1842;DROPS FREEGELLS 27 9G MORANGO;MERCEARIA;84160;23/06/2026;156863;82653;12;0;12;1;0;01/07/2026;ALEX JARDIM;7
7;21261;NAFTALINA GOTA LIMPA 50G;PERFUMARIA E LIMPEZA;84160;23/06/2026;156863;82653;48;96;48;0;0;01/07/2026;AUGUSTO;24
7;1843;DROPS FREEGELLS 27 9G CEREJA;MERCEARIA;84160;23/06/2026;156863;82653;12;0;12;1;0;01/07/2026;ALEX JARDIM;8
7;3512;FERM PO BIOL GOOD INSTANT SH 10G;MERCEARIA;84160;23/06/2026;156863;82653;30;1080;90;3;0;01/07/2026;ALEX JARDIM;71
7;12531;INAT AP GILLETTE PROBAK C 2;PERFUMARIA E LIMPEZA;84160;23/06/2026;156863;82653;14;154;14;0;0;01/07/2026;PAMELA;109
7;3401;BARRA CEREAL RITTER 25G BANANA ZR ACUC;MERCEARIA;84160;23/06/2026;156863;82653;24;0;24;1;0;01/07/2026;ALEX JARDIM;0
7;21692;PAPEL HIG NATUPEL PREM FS 30M C 4;PERFUMARIA E LIMPEZA;84160;23/06/2026;156863;82653;16;0;80;0;0;23/06/2026;WILLIAN MATEUS;55
7;17317;DESOD ROLLON REXONA 50ML XTRA COOL;PERFUMARIA E LIMPEZA;84160;23/06/2026;156863;82653;12;396;12;0;0;01/07/2026;PAMELA;0
7;1888;PASTILHA TIC TAC 14 5G MENTA;MERCEARIA;84160;23/06/2026;156863;82653;14;0;14;1;0;01/07/2026;ALEX JARDIM;-2
7;687;ESP GARIBALDI PRIMICIAS GF 660ML ROSE;BEBIDAS;84160;23/06/2026;156863;82653;1;0;4;4;0;01/07/2026;ALEX JARDIM;13
7;1748;CHICLE FREEGELLS GUM 8G HORTELA;MERCEARIA;84160;23/06/2026;156863;82653;15;0;15;1;0;01/07/2026;ALEX JARDIM;0
7;5812;ESC DENTAL COLGATE TRIP ACAO LV2PG1;PERFUMARIA E LIMPEZA;84160;23/06/2026;156863;82653;12;0;12;0;0;01/07/2026;PAMELA;10
7;1282;CHOC BARRA LACTA AO LEITE 80G;MERCEARIA;84160;23/06/2026;156863;82653;17;0;34;2;0;01/07/2026;ALEX JARDIM;99
7;1890;PASTILHA TIC TAC 14 5G LARANJA;MERCEARIA;84160;23/06/2026;156863;82653;14;0;14;1;0;01/07/2026;ALEX JARDIM;-3
7;648;WHISKY MASTER GOLD VD 900ML;BEBIDAS;84160;23/06/2026;156863;82653;1;96;2;2;0;01/07/2026;ALEX JARDIM;6
7;5805;ESC DENTAL COLGATE CLASSIC LONG MD 8460;PERFUMARIA E LIMPEZA;84160;23/06/2026;156863;82653;12;168;24;0;0;01/07/2026;PAMELA;5
7;647;WHISKY GREEN VALLEY VD 1L;BEBIDAS;84160;23/06/2026;156863;82653;1;0;1;1;0;01/07/2026;ALEX JARDIM;1
8;9756;LEITE TIROL INTEGRAL ZR LACTOSE 1L;PERECIVEIS;84136;23/06/2026;156851;82661;12;540;12;0;0;30/06/2026;AUGUSTO;198
8;6781;LEITE LV EDGE ELEGE 1L INTEGRAL;PERECIVEIS;84136;23/06/2026;156851;82661;12;204;12;0;0;30/06/2026;AUGUSTO;243
8;6791;LEITE UHT PET ELEGE 1L DESNATADO;PERECIVEIS;84136;23/06/2026;156851;82661;6;516;30;0;0;30/06/2026;AUGUSTO;8
8;9745;LEITE UHT SANTA CLARA DESN 1L;PERECIVEIS;84136;23/06/2026;156851;82661;12;336;12;0;0;30/06/2026;AUGUSTO;41
8;21692;PAPEL HIG NATUPEL PREM FS 30M C 4;PERFUMARIA E LIMPEZA;84162;23/06/2026;156864;82661;16;0;16;0;0;23/06/2026;ELIAS;-19
8;796;REFRIG COCA COLA E FANTA GUARANA 2L;BEBIDAS;84162;23/06/2026;156864;82661;2;10;2;0;0;30/06/2026;AUGUSTO;24
8;374;AGUARD VELHO BARREIRO 910ML LIMAO;BEBIDAS;84162;23/06/2026;156864;82661;6;0;18;3;0;24/06/2026;JESSICA;0
8;867;REFRIG COCA COLA ZERO LT 310ML C6;BEBIDAS;84162;23/06/2026;156864;82661;6;12;6;1;0;24/06/2026;JESSICA;3
8;177;CERV ITAIPAVA PILSEN LT 473ML;BEBIDAS;84162;23/06/2026;156864;82661;12;1608;84;7;0;24/06/2026;JESSICA;1429
8;5858;ESC DENTAL SORRISO MEDIA;PERFUMARIA E LIMPEZA;84162;23/06/2026;156864;82661;12;204;12;1;0;01/07/2026;AUGUSTO;9
8;34564;CREME JOAO E MARIA 40G P ASSADURA;PERFUMARIA E LIMPEZA;84162;23/06/2026;156864;82661;1;0;7;7;0;01/07/2026;AUGUSTO;16
8;24323;SH GENIAL PET 2 EM 1 500ML;PRODUTOS PET;84162;23/06/2026;156864;82661;1;0;1;1;0;01/07/2026;AUGUSTO;5
8;191;CERV PROVINCIA MALZBIER LT 473ML;BEBIDAS;84162;23/06/2026;156864;82661;12;2129;12;0;0;30/06/2026;AUGUSTO;45
8;35225;REFRIG GUARANA FRUKI PET 600ML ZERO;BEBIDAS;84162;23/06/2026;156864;82661;12;52;12;0;0;01/07/2026;MARCOS M;2
8;328;BEB ADES TP 200ML PESSEGO;BEBIDAS;84162;23/06/2026;156864;82661;6;0;6;1;0;24/06/2026;JESSICA;15
8;35675;ESC DENT COLGATE SENSITIVE;PERFUMARIA E LIMPEZA;84162;23/06/2026;156864;82661;1;0;1;1;0;01/07/2026;AUGUSTO;4
8;24638;TCO CORP JAYLUC 80G JASMIN;PERFUMARIA E LIMPEZA;84162;23/06/2026;156864;82661;12;48;12;1;0;01/07/2026;AUGUSTO;20
8;7490;POMADA NUGGET 36G PRETA;PERFUMARIA E LIMPEZA;84162;23/06/2026;156864;82661;12;0;12;1;0;01/07/2026;AUGUSTO;33
8;17916;ESFREGAO ACO GOTA LIMPA;PERFUMARIA E LIMPEZA;84162;23/06/2026;156864;82661;36;0;36;0;0;23/06/2026;LN;7
8;20391;MAIONESE LIZA CASEIRA 450G;MERCEARIA;84162;23/06/2026;156864;82661;12;84;12;0;0;30/06/2026;AUGUSTO;86
8;21842;PEN BONITTA P PIOLHO R 535;PERFUMARIA E LIMPEZA;84162;23/06/2026;156864;82661;1;0;1;0;0;23/06/2026;LN;4
8;12280;AGUA OXIG BUTTERF 40V 100ML;PERFUMARIA E LIMPEZA;84162;23/06/2026;156864;82661;12;0;12;1;0;01/07/2026;AUGUSTO;19
11;3893;ABS C ABAS DIA NOITE 32 UN SUAVE;PERFUMARIA E LIMPEZA;84164;23/06/2026;156865;82655;16;191;16;1;0;24/06/2026;ALEX JARDIM;0
11;17337;DET LIQ ATRIUS 5L PREMIUM;PERFUMARIA E LIMPEZA;84281;23/06/2026;157098;82830;4;1546;20;5;0;23/06/2026;AUGUSTO;0
11;2300;FILTRO PAPEL BRIGITTA 103 C 30;MERCEARIA;84628;23/06/2026;157764;83258;48;43;96;2;0;24/06/2026;SANTA MARIA;0
12;3431;SOPA GALINHA MAGGI 60G FIDELINI;MERCEARIA;84166;23/06/2026;156866;82656;10;9;10;0;0;01/07/2026;ALEX JARDIM;11
12;22915;REPARADOR PONTAS JAYLUC 30ML CERAMIDAS;PERFUMARIA E LIMPEZA;84166;23/06/2026;156866;82656;24;133;24;1;1;01/07/2026;ALEX JARDIM;49
12;7490;POMADA NUGGET 36G PRETA;PERFUMARIA E LIMPEZA;84166;23/06/2026;156866;82656;12;0;12;0;0;01/07/2026;ALEX JARDIM;58
12;2060;ARROZ BCO SABOROSO T1 1K;MERCEARIA;84166;23/06/2026;156866;82656;30;2910;180;6;0;;PIRES;46
12;3420;CALDO KNOR 57G LEGUMES;MERCEARIA;84166;23/06/2026;156866;82656;10;0;10;0;0;01/07/2026;ALEX JARDIM;4
12;18979;GEL FIX DI HELLEN BRI MOL FL ADREN 240G;PERFUMARIA E LIMPEZA;84166;23/06/2026;156866;82656;12;0;12;1;1;01/07/2026;ALEX JARDIM;2
12;20193;LIXA P PES DUPLA FACE;PERFUMARIA E LIMPEZA;84166;23/06/2026;156866;82656;1;0;1;0;0;01/07/2026;ALEX JARDIM;5
12;1837;PAST DOCILE ROLLY MINTY 29G FRUIT;MERCEARIA;84166;23/06/2026;156866;82656;12;1464;24;1;1;01/07/2026;ALEX JARDIM;26
12;1269;CHOC BARRA LACTA 80G LAKA;MERCEARIA;84166;23/06/2026;156866;82656;17;0;17;0;0;01/07/2026;ALEX JARDIM;45
12;647;WHISKY GREEN VALLEY VD 1L;BEBIDAS;84166;23/06/2026;156866;82656;1;0;1;0;0;01/07/2026;ALEX JARDIM;6
12;3422;CALDO KNOR 57G COSTELA;MERCEARIA;84166;23/06/2026;156866;82656;10;9;10;1;1;01/07/2026;ALEX JARDIM;13
12;16878;CR HIDRAT DIHELLEN MAOS E PES 100G;PERFUMARIA E LIMPEZA;84166;23/06/2026;156866;82656;12;0;12;1;1;01/07/2026;ALEX JARDIM;8
12;13514;BLO LIXA P UNHA BONITTA;PERFUMARIA E LIMPEZA;84166;23/06/2026;156866;82656;1;0;2;0;0;01/07/2026;ALEX JARDIM;0
12;5032;COND PANTENE 175ML RESTAUR PROFUND;PERFUMARIA E LIMPEZA;84166;23/06/2026;156866;82656;6;0;6;0;0;01/07/2026;ALEX JARDIM;15
12;2688;FARINHA MILHO SAUDAVEL 1KG MEDIA;MERCEARIA;84166;23/06/2026;156866;82656;30;395;30;1;0;;PIRES;84
12;2749;FARINHA TRIGO MARIA INES 5KG;MERCEARIA;84166;23/06/2026;156866;82656;5;815;5;1;0;;PIRES;223
12;3510;FERM BIO PO FLEISCHMANN SH LV 125G PG 100G;MERCEARIA;84166;23/06/2026;156866;82656;16;48;16;0;0;01/07/2026;ALEX JARDIM;6
12;687;ESP GARIBALDI PRIMICIAS GF 660ML ROSE;BEBIDAS;84166;23/06/2026;156866;82656;1;0;3;0;0;01/07/2026;ALEX JARDIM;4
12;17270;DESOD CR DI HELLEN 55G FEM;PERFUMARIA E LIMPEZA;84166;23/06/2026;156866;82656;12;0;12;1;1;01/07/2026;ALEX JARDIM;28
12;33895;CREME DENT CLOSE UP 100G CARVAO ATIVADO;PERFUMARIA E LIMPEZA;84166;23/06/2026;156866;82656;12;72;12;1;1;01/07/2026;ALEX JARDIM;0
12;2118;ARROZ BCO SABOROSO T1 2K;MERCEARIA;84166;23/06/2026;156866;82656;15;255;60;4;0;;PIRES;28
12;3512;FERM PO BIOL GOOD INSTANT SH 10G;MERCEARIA;84166;23/06/2026;156866;82656;30;1080;30;0;0;01/07/2026;ALEX JARDIM;4
12;1157;BALA FINI TUBES ARCO IRIS 80G;MERCEARIA;84166;23/06/2026;156866;82656;12;0;12;1;1;01/07/2026;ALEX JARDIM;0
12;1294;CHOC BARRA NESTLE 80G AO LEITE;MERCEARIA;84166;23/06/2026;156866;82656;64;-64;64;0;0;01/07/2026;ALEX JARDIM;62
12;1519;CHOC KINDER OVO LUI PLAYMOBIL 40G;MERCEARIA;84166;23/06/2026;156866;82656;48;0;48;0;0;01/07/2026;ALEX JARDIM;0
12;12542;AP VENUS PELE SENS RECAR;PERFUMARIA E LIMPEZA;84166;23/06/2026;156866;82656;6;66;18;3;3;01/07/2026;ALEX JARDIM;0
12;21137;MOLUSC MADELESMA RES UMED LESMAS 250G;PERFUMARIA E LIMPEZA;84166;23/06/2026;156866;82656;4;0;4;0;0;01/07/2026;ALEX JARDIM;4
13;1842;DROPS FREEGELLS 27 9G MORANGO;MERCEARIA;84168;23/06/2026;156867;82657;12;0;12;0;0;01/07/2026;PAMELA;0
13;647;WHISKY GREEN VALLEY VD 1L;BEBIDAS;84168;23/06/2026;156867;82657;1;0;1;0;0;01/07/2026;PAMELA;0
13;13258;BIFINHO PETISCAO TABLETE 500G CAR;PRODUTOS PET;84168;23/06/2026;156867;82657;10;0;10;1;0;24/06/2026;CAROLINA;19
13;36101;CHOC BARRA NESTLE ALPINO 80G AO LEITE;MERCEARIA;84168;23/06/2026;156867;82657;64;48;64;0;0;01/07/2026;PAMELA;27
13;3363;CALDO APTI 19G CARNE;MERCEARIA;84168;23/06/2026;156867;82657;24;4008;24;1;1;01/07/2026;PAMELA;53
13;20193;LIXA P PES DUPLA FACE;PERFUMARIA E LIMPEZA;84168;23/06/2026;156867;82657;1;0;1;0;0;30/06/2026;PAMELA;4
13;1746;CHICLE FREEGELLS GUM 8G MELANCIA;MERCEARIA;84168;23/06/2026;156867;82657;15;0;15;0;0;01/07/2026;PAMELA;3
13;21687;PAPEL HIG MILI PERFUM FLA DPL 30M 12UN;PERFUMARIA E LIMPEZA;84168;23/06/2026;156867;82657;8;0;8;0;0;23/06/2026;ELIAS;16
13;34564;CREME JOAO E MARIA 40G P ASSADURA;PERFUMARIA E LIMPEZA;84168;23/06/2026;156867;82657;1;0;5;0;0;30/06/2026;PAMELA;1
13;17270;DESOD CR DI HELLEN 55G FEM;PERFUMARIA E LIMPEZA;84168;23/06/2026;156867;82657;12;0;12;1;1;30/06/2026;PAMELA;0
13;1426;CHOC BIS XTRA BLACK CHOCOLATE 45G;MERCEARIA;84168;23/06/2026;156867;82657;24;0;24;0;0;01/07/2026;PAMELA;9
13;3372;BARRA CEREAL RITTER 25G MORANGO CHOC;MERCEARIA;84168;23/06/2026;156867;82657;24;0;24;0;0;01/07/2026;PAMELA;47
13;1843;DROPS FREEGELLS 27 9G CEREJA;MERCEARIA;84168;23/06/2026;156867;82657;12;0;12;0;0;01/07/2026;PAMELA;0
13;3397;CALDO APTI 19G LEGUMES;MERCEARIA;84168;23/06/2026;156867;82657;24;3744;24;1;1;01/07/2026;PAMELA;92
13;1416;CHOC SNICKERS 45G;MERCEARIA;84168;23/06/2026;156867;82657;20;100;20;0;0;01/07/2026;PAMELA;34
13;4258;AP PROBAK II LV7 PG5;PERFUMARIA E LIMPEZA;84168;23/06/2026;156867;82657;1;57;4;4;4;30/06/2026;PAMELA;61
13;13514;BLO LIXA P UNHA BONITTA;PERFUMARIA E LIMPEZA;84168;23/06/2026;156867;82657;1;0;1;0;0;30/06/2026;PAMELA;3
13;12531;INAT AP GILLETTE PROBAK C 2;PERFUMARIA E LIMPEZA;84168;23/06/2026;156867;82657;14;154;14;0;0;30/06/2026;PAMELA;41
13;33895;CREME DENT CLOSE UP 100G CARVAO ATIVADO;PERFUMARIA E LIMPEZA;84168;23/06/2026;156867;82657;12;72;12;1;1;30/06/2026;PAMELA;0
13;3512;FERM PO BIOL GOOD INSTANT SH 10G;MERCEARIA;84168;23/06/2026;156867;82657;30;1080;60;0;0;01/07/2026;PAMELA;217
13;1157;BALA FINI TUBES ARCO IRIS 80G;MERCEARIA;84168;23/06/2026;156867;82657;12;0;12;1;1;01/07/2026;PAMELA;0
13;1269;CHOC BARRA LACTA 80G LAKA;MERCEARIA;84168;23/06/2026;156867;82657;17;0;17;0;0;01/07/2026;PAMELA;0
14;849;REFRIG COCA COLA PET 600ML ZERO;BEBIDAS;84318;23/06/2026;157167;83326;12;96;120;0;0;03/07/2026;GABRIELL2;9
14;520;ENERG RED BULL LT 250ML MORANGO PESSEGO;BEBIDAS;84615;23/06/2026;157661;83232;24;176;24;1;0;24/06/2026;CAROLINA;18
14;33730;ENERG RED BULL LT 250ML ZERO;BEBIDAS;84615;23/06/2026;157661;83232;24;264;24;1;0;24/06/2026;CAROLINA;65
14;103;REFRE PO FRISCO 18G ABACAXI;BEBIDAS;84615;23/06/2026;157661;83232;180;180;180;1;0;24/06/2026;CAROLINA;131
14;519;ENERG RED BULL LT 250ML MELANCIA;BEBIDAS;84615;23/06/2026;157661;83232;24;130;24;1;0;24/06/2026;CAROLINA;35
14;22652;QUENTAO ALCOOLICO 2L;BEBIDAS;84615;23/06/2026;157661;83232;6;0;12;2;0;24/06/2026;CAROLINA;-6
17;156;CERV BUDWEISER LT 473ML;BEBIDAS;84172;23/06/2026;156878;82659;12;1206;2508;209;0;;MARCOS M;488
17;21261;NAFTALINA GOTA LIMPA 50G;PERFUMARIA E LIMPEZA;84172;23/06/2026;156878;82659;48;96;48;0;0;30/06/2026;FERNANDO PAZ;107
17;5840;ESC DENTAL ORAL B CLASSIC LV3 PG2;PERFUMARIA E LIMPEZA;84172;23/06/2026;156878;82659;6;36;12;0;0;01/07/2026;AUGUSTO;24
17;147;CERV ANTARCTICA PILSEN LT 473ML;BEBIDAS;84172;23/06/2026;156878;82659;12;3794;132;11;0;;AUGUSTO;193
17;437;ENERG BALY PET 2L TRADICIONAL;BEBIDAS;84172;23/06/2026;156878;82659;6;612;24;4;0;;AUGUSTO;55
17;33364;ABS MILI NOT DISCRETO C ABAS;PERFUMARIA E LIMPEZA;84172;23/06/2026;156878;82659;24;550;48;0;0;25/06/2026;LUAN;25
17;4244;AP PRESTOBARBA 3 2UN FEM;PERFUMARIA E LIMPEZA;84172;23/06/2026;156878;82659;12;0;24;0;0;;;64
17;806;REFRIG FANTA LARANJA PET 2L;BEBIDAS;84172;23/06/2026;156878;82659;8;392;336;0;0;25/06/2026;MIKAEL;176
17;20454;MANG DUOCOLOR 10MTS;NAO ALIMENTO;84204;23/06/2026;156894;82764;1;0;1;0;0;;;-2
17;179;CERV ORIGINAL LT 473ML;BEBIDAS;84617;23/06/2026;157662;83233;12;4668;36;0;0;;;238
17;748;REFRIG SARANDI PET 1 5L GUARANA;BEBIDAS;84617;23/06/2026;157662;83233;8;9671;160;20;0;;;172
17;299;CERV BRAHMA ZERO LT 350ML;BEBIDAS;84617;23/06/2026;157662;83233;12;120;240;20;0;;;153
18;38552;RACAO RANGO DOG 5KG;PRODUTOS PET;84174;23/06/2026;156879;82654;1;916;18;18;18;23/06/2026;ELIAS;83
18;3512;FERM PO BIOL GOOD INSTANT SH 10G;MERCEARIA;84174;23/06/2026;156879;82654;30;1080;90;3;0;01/07/2026;ALEX JARDIM;184
18;2320;FEIJAO CARIOCA CALDO OURO 1KG;MERCEARIA;84174;23/06/2026;156879;82654;10;330;20;0;0;;;19
18;1276;CHOC BARRA GAROTO 80G MEIO AMARGO;MERCEARIA;84174;23/06/2026;156879;82654;16;0;16;1;0;01/07/2026;ALEX JARDIM;0
18;3516;FERM PO BIOL GOOD INSTANT SH 125G;MERCEARIA;84174;23/06/2026;156879;82654;12;504;12;1;0;01/07/2026;ALEX JARDIM;-13
18;648;WHISKY MASTER GOLD VD 900ML;BEBIDAS;84174;23/06/2026;156879;82654;1;96;1;1;0;01/07/2026;ALEX JARDIM;5
18;19315;COT HASTES FLEX COTTONBABY PT 100UN;PERFUMARIA E LIMPEZA;84174;23/06/2026;156879;82654;1;17;1;1;1;01/07/2026;AUGUSTO;29
18;3431;SOPA GALINHA MAGGI 60G FIDELINI;MERCEARIA;84174;23/06/2026;156879;82654;10;9;10;1;0;01/07/2026;ALEX JARDIM;13
18;24323;SH GENIAL PET 2 EM 1 500ML;PRODUTOS PET;84174;23/06/2026;156879;82654;1;0;1;0;0;01/07/2026;ALEX JARDIM;6
18;1837;PAST DOCILE ROLLY MINTY 29G FRUIT;MERCEARIA;84174;23/06/2026;156879;82654;12;1464;12;1;0;01/07/2026;ALEX JARDIM;-7
18;655;WHISKY PASSPORT VD 1L;BEBIDAS;84174;23/06/2026;156879;82654;1;75;3;3;0;01/07/2026;ALEX JARDIM;6
18;4256;AP PRESTOBARBA ULTRAGRIP 3L CART2UN;PERFUMARIA E LIMPEZA;84174;23/06/2026;156879;82654;1;0;2;0;0;01/07/2026;AUGUSTO;-10
18;1264;CHOC BARRA LACTA 80G LAKA OREO;MERCEARIA;84174;23/06/2026;156879;82654;17;0;68;4;0;01/07/2026;ALEX JARDIM;5
18;1842;DROPS FREEGELLS 27 9G MORANGO;MERCEARIA;84174;23/06/2026;156879;82654;12;0;12;1;0;01/07/2026;ALEX JARDIM;-9
18;5032;COND PANTENE 175ML RESTAUR PROFUND;PERFUMARIA E LIMPEZA;84174;23/06/2026;156879;82654;6;0;6;0;0;01/07/2026;AUGUSTO;8
18;18979;GEL FIX DI HELLEN BRI MOL FL ADREN 240G;PERFUMARIA E LIMPEZA;84174;23/06/2026;156879;82654;12;0;12;1;1;01/07/2026;AUGUSTO;13
18;16878;CR HIDRAT DIHELLEN MAOS E PES 100G;PERFUMARIA E LIMPEZA;84174;23/06/2026;156879;82654;12;0;12;0;0;01/07/2026;AUGUSTO;17
18;1294;CHOC BARRA NESTLE 80G AO LEITE;MERCEARIA;84174;23/06/2026;156879;82654;64;-64;64;0;0;01/07/2026;ALEX JARDIM;-1
18;17270;DESOD CR DI HELLEN 55G FEM;PERFUMARIA E LIMPEZA;84174;23/06/2026;156879;82654;12;0;12;1;1;01/07/2026;AUGUSTO;18
18;5806;ESC DENTAL COLGATE ESSENCIAL CLEAN PACK 06UN;PERFUMARIA E LIMPEZA;84174;23/06/2026;156879;82654;6;84;12;0;0;01/07/2026;AUGUSTO;0
18;17271;DESOD CR DI HELLEN 55G MASC;PERFUMARIA E LIMPEZA;84174;23/06/2026;156879;82654;12;0;12;1;1;01/07/2026;AUGUSTO;10
18;33732;ENERG RED BULL LT 250ML POMELO;BEBIDAS;84619;23/06/2026;157663;83234;24;0;24;0;0;24/06/2026;JESSICA;5
18;526;ENERG RED BULL LT 250ML TROPICAL;BEBIDAS;84619;23/06/2026;157663;83234;24;48;48;2;0;24/06/2026;JESSICA;0
18;37263;ENERG RED BULL LT 250ML NECTARINA S;BEBIDAS;84619;23/06/2026;157663;83234;24;72;24;1;0;24/06/2026;JESSICA;15
1;2482;DOCE DIFRUTTI 400G MORANGO;MERCEARIA;84677;24/06/2026;157858;83315;12;113;24;2;0;24/06/2026;EVERTON;0
1;2818;MASSA C OVOS STA FELICIDADE 500G PARAFUSO;MERCEARIA;84677;24/06/2026;157858;83315;20;-20;20;0;0;26/06/2026;JESSICA;3
1;13699;BOMBOM BEL SORT 180G;MERCEARIA;84677;24/06/2026;157858;83315;30;390;60;0;0;26/06/2026;JESSICA;0
1;2490;DOCE DIFRUTTI 400G FIGO;MERCEARIA;84677;24/06/2026;157858;83315;12;12;12;1;0;24/06/2026;EVERTON;4
1;2961;MOLHO SHOYU EXTREMO SABOR 250ML;MERCEARIA;84677;24/06/2026;157858;83315;12;156;12;1;0;24/06/2026;EVERTON;8
1;36681;CHANTILLY DAUS CLASSIC;MERCEARIA;84677;24/06/2026;157858;83315;12;0;12;1;0;24/06/2026;EVERTON;0
1;1893;DROPS FREEGELLS 27 6G MORANGO CHOC;MERCEARIA;84677;24/06/2026;157858;83315;12;288;24;2;0;01/07/2026;EVERTON;-229
1;31471;MAIONESE BISN VAL PET 930G;MERCEARIA;84677;24/06/2026;157858;83315;9;-54;9;1;0;24/06/2026;EVERTON;7
1;3024;ADOCANTE ZERO CAL 100ML;MERCEARIA;84677;24/06/2026;157858;83315;12;10;12;1;0;24/06/2026;EVERTON;8
1;2535;DOCE DIFRUTTI 1 010KG UVA;MERCEARIA;84677;24/06/2026;157858;83315;6;6;6;1;0;24/06/2026;EVERTON;5
1;34581;GRAO DE BICO SALSARETTI 170G LT;MERCEARIA;84677;24/06/2026;157858;83315;24;192;24;1;0;24/06/2026;EVERTON;8
1;3756;MIST P BOLO NORDESTE 400G AIPIM;MERCEARIA;84677;24/06/2026;157858;83315;12;0;12;1;0;24/06/2026;EVERTON;10
1;20817;MILHO VERDE FUGINI SH 1 7K;MERCEARIA;84677;24/06/2026;157858;83315;6;138;6;1;0;24/06/2026;EVERTON;4
1;3657;LEITE COCO TRISANTI 200ML;MERCEARIA;84677;24/06/2026;157858;83315;12;0;12;1;0;24/06/2026;EVERTON;6
1;37959;CHA BARAO 13G ERVA DOCE;MERCEARIA;84677;24/06/2026;157858;83315;30;180;60;2;0;24/06/2026;EVERTON;0
1;1541;COBER COBERTOP 1 01KG CONF BLEND;MERCEARIA;84677;24/06/2026;157858;83315;10;0;10;0;0;26/06/2026;JESSICA;7
1;2826;MASSA C OVOS STA FELICIDADE 500G PENNE;MERCEARIA;84677;24/06/2026;157858;83315;20;0;220;0;0;26/06/2026;JESSICA;136
1;3994;ALIM CAO DOG CHOW100G SACHE TOD TAM CARNE ADULTO;PRODUTOS PET;84677;24/06/2026;157858;83315;15;105;15;0;0;26/06/2026;JESSICA;2
1;2109;CAFE SOL NESCAFE SH 40G ORIGINAL;MERCEARIA;84677;24/06/2026;157858;83315;24;72;24;1;0;24/06/2026;EVERTON;5
1;2416;PEPINO CONSERVA DA SERRA SH 150G;MERCEARIA;84677;24/06/2026;157858;83315;12;768;24;2;0;24/06/2026;EVERTON;1
1;2534;DOCE DIFRUTTI 1 010KG MORANGO;MERCEARIA;84677;24/06/2026;157858;83315;6;6;6;1;0;24/06/2026;EVERTON;6
1;34570;MOLHO PIMENTA NOVITA 150ML CALABRESA;MERCEARIA;84677;24/06/2026;157858;83315;12;12;12;1;0;24/06/2026;EVERTON;11
1;2401;MILHO PIPOCA BELLA DICA 400GR;MERCEARIA;84677;24/06/2026;157858;83315;12;2160;12;0;0;02/07/2026;BRAGA;4
1;1272;CHOC BARRA GAROTO CHOC BCO 80G;MERCEARIA;84677;24/06/2026;157858;83315;64;192;64;0;0;26/06/2026;JESSICA;-50
1;2736;MOLHO ALHO ADIGEL GF 900ML;MERCEARIA;84677;24/06/2026;157858;83315;12;0;12;1;0;24/06/2026;EVERTON;13
1;1296;CHOC BARRA NESTLE 80G GALAK GALAK;MERCEARIA;84873;24/06/2026;158254;83687;16;272;80;5;5;24/06/2026;PAMELA;47
1;2826;MASSA C OVOS STA FELICIDADE 500G PENNE;MERCEARIA;84873;24/06/2026;158254;83687;20;0;100;0;0;24/06/2026;ERICA;136
2;3431;SOPA GALINHA MAGGI 60G FIDELINI;MERCEARIA;84679;24/06/2026;157859;83316;10;9;10;1;0;02/07/2026;ERICA;22
2;15733;CERA LIQ GIRANDO SOL 750ML VERM;PERFUMARIA E LIMPEZA;84679;24/06/2026;157859;83316;12;24;12;0;0;27/06/2026;AUGUSTO;-3
2;10311;SILICONE JIMO GEL 200G MARINE;PERFUMARIA E LIMPEZA;84679;24/06/2026;157859;83316;12;24;12;0;0;27/06/2026;AUGUSTO;32
2;13514;BLO LIXA P UNHA BONITTA;PERFUMARIA E LIMPEZA;84679;24/06/2026;157859;83316;1;0;1;1;0;02/07/2026;ERICA;5
2;34564;CREME JOAO E MARIA 40G P ASSADURA;PERFUMARIA E LIMPEZA;84679;24/06/2026;157859;83316;1;0;3;3;0;02/07/2026;ERICA;1
2;18814;FRALDA PAMPERS SUPERSEQUINHA C 60 G;PERFUMARIA E LIMPEZA;84679;24/06/2026;157859;83316;2;142;4;0;0;27/06/2026;AUGUSTO;15
2;4256;AP PRESTOBARBA ULTRAGRIP 3L CART2UN;PERFUMARIA E LIMPEZA;84679;24/06/2026;157859;83316;1;0;1;1;0;02/07/2026;ERICA;0
2;19315;COT HASTES FLEX COTTONBABY PT 100UN;PERFUMARIA E LIMPEZA;84679;24/06/2026;157859;83316;1;17;1;1;0;02/07/2026;ERICA;60
2;7937;SABONETE NIVEA 85G ORQUIDEA;PERFUMARIA E LIMPEZA;84679;24/06/2026;157859;83316;96;864;96;1;1;02/07/2026;MONIQUE;6
2;3512;FERM PO BIOL GOOD INSTANT SH 10G;MERCEARIA;84679;24/06/2026;157859;83316;30;1080;30;1;0;02/07/2026;ERICA;52
2;3686;TEMP BICARBONATO SODIO APTI 100G;MERCEARIA;84679;24/06/2026;157859;83316;20;220;20;1;0;02/07/2026;ERICA;15
2;3363;CALDO APTI 19G CARNE;MERCEARIA;84679;24/06/2026;157859;83316;24;4008;24;1;0;02/07/2026;ERICA;121
2;24138;SC PANOSUL ALVEJADO 48X63CM R 14;PERFUMARIA E LIMPEZA;85019;24/06/2026;;;1;125;25;0;0;;;47
2;8018;SACO PANOSUL 60X68CM XADREZ;PERFUMARIA E LIMPEZA;85019;24/06/2026;;;25;300;50;0;0;;;54
2;7277;PANO PANOSUL DUPLO 100 ALGODAO;PERFUMARIA E LIMPEZA;85019;24/06/2026;;;14;136;14;0;0;;;20
2;8966;CARVAO CHAMA CAMPEIRA 5KG;NAO ALIMENTO;85174;24/06/2026;158592;83970;1;464;9;0;0;02/07/2026;FERNANDO.H;80
3;8018;SACO PANOSUL 60X68CM XADREZ;PERFUMARIA E LIMPEZA;85021;24/06/2026;;;25;300;100;0;0;;;105
3;31448;LUVA CHENILLE;PERFUMARIA E LIMPEZA;85021;24/06/2026;;;12;12;24;0;0;;;10
3;21555;PANO PANOSUL MEDIO ESTAMP 45X65 R23;PERFUMARIA E LIMPEZA;85021;24/06/2026;;;12;156;72;0;0;;;14
3;21553;PANO PANOSUL FELPUDO ESTAMP 38X63CM;PERFUMARIA E LIMPEZA;85021;24/06/2026;;;12;0;12;0;0;;;8
3;21557;PANO PTO PANOSUL COLOR C EST;PERFUMARIA E LIMPEZA;85021;24/06/2026;;;12;156;60;0;0;;;55
3;18564;FLANELA ALG PANOSUL 34X50CM AMAR;PERFUMARIA E LIMPEZA;85021;24/06/2026;;;12;132;24;0;0;;;35
4;5694;DETERG YPE 500ML CLEAR CARE;PERFUMARIA E LIMPEZA;84733;24/06/2026;157896;83979;24;2;48;0;0;;;284
4;5695;DETERG YPE 500ML COCO;PERFUMARIA E LIMPEZA;84733;24/06/2026;157896;83979;24;122;48;0;0;;;538
4;5692;DETERG YPE 500 ML NEUTRO;PERFUMARIA E LIMPEZA;84733;24/06/2026;157896;83979;24;0;96;0;0;;;0
4;3094;MOSTARDA ODERICH 190G PICANTE;MERCEARIA;84733;24/06/2026;;;24;72;24;0;0;;;0
4;7279;PANO PANOSUL MICROFIBRA 35X35CM SORTIDO;PERFUMARIA E LIMPEZA;85023;24/06/2026;;;120;0;120;0;0;;;81
4;21554;PANO PANOSUL MEDIO C BAR 45X65 R24;PERFUMARIA E LIMPEZA;85023;24/06/2026;;;1;88;24;0;0;;;17
5;5850;ESC DENTAL ORAL B PRO;PERFUMARIA E LIMPEZA;84683;24/06/2026;157862;83319;12;36;12;1;0;;;14
5;3049;ACUCAR MAGRO LIGHT C STEVIA 400G;MERCEARIA;84683;24/06/2026;157862;83319;20;0;20;1;0;;;11
5;4258;AP PROBAK II LV7 PG5;PERFUMARIA E LIMPEZA;84683;24/06/2026;157862;83319;1;57;1;1;0;;;111
5;4565;CARGA MACH 3 2UN SENSITIVE;PERFUMARIA E LIMPEZA;84683;24/06/2026;157862;83319;12;0;12;1;0;;;46
5;18735;FRALDA DESC BABYSEC ULTSEC MEGA XXG 28 UN;PERFUMARIA E LIMPEZA;84683;24/06/2026;157862;83319;6;48;6;1;0;03/07/2026;BRUNO ANTUNES;29
5;5173;CORANTE TINGECOR 40G GUARANY PRETO N31;PERFUMARIA E LIMPEZA;84683;24/06/2026;157862;83319;6;0;6;0;0;24/06/2026;MAYNARA;-13
5;6618;KIT SH SEDA SH 300 COND 190ML LUMINIOUS UV;PERFUMARIA E LIMPEZA;84683;24/06/2026;157862;83319;15;735;15;1;0;03/07/2026;BRUNO ANTUNES;51
5;7277;PANO PANOSUL DUPLO 100 ALGODAO;PERFUMARIA E LIMPEZA;85025;24/06/2026;;;14;136;14;0;0;;;12
5;8018;SACO PANOSUL 60X68CM XADREZ;PERFUMARIA E LIMPEZA;85025;24/06/2026;;;25;300;50;0;0;;;5
5;21557;PANO PTO PANOSUL COLOR C EST;PERFUMARIA E LIMPEZA;85025;24/06/2026;;;12;156;12;0;0;;;8
5;2925;ACHOC LIQ ITALAC 1L;MERCEARIA;85130;24/06/2026;158546;83870;12;0;12;1;0;;ALEX JARDIM;0
6;3400;BARRA CEREAL RITTER 25G BAN AVEIA MEL;MERCEARIA;84685;24/06/2026;157864;83320;24;0;24;1;0;03/07/2026;ERICA;14
6;34564;CREME JOAO E MARIA 40G P ASSADURA;PERFUMARIA E LIMPEZA;84685;24/06/2026;157864;83320;1;0;5;0;0;30/06/2026;PAMELA;-10
6;3414;BARRA CEREAL RITTER 22G CAST PARA;MERCEARIA;84685;24/06/2026;157864;83320;24;432;24;1;0;03/07/2026;ERICA;30
6;1740;CHICLE FREEGELLS GUM 8G MORANGO;MERCEARIA;84685;24/06/2026;157864;83320;15;810;30;2;0;03/07/2026;ERICA;0
6;3524;FERM QUIMICO PO FLEISCHMANN PT 100G;MERCEARIA;84685;24/06/2026;157864;83320;12;324;36;3;0;03/07/2026;ERICA;4
6;15640;COND DARLING 350ML DETOX;PERFUMARIA E LIMPEZA;84685;24/06/2026;157864;83320;6;0;6;1;0;;;13
6;687;ESP GARIBALDI PRIMICIAS GF 660ML ROSE;BEBIDAS;84685;24/06/2026;157864;83320;1;0;1;1;0;03/07/2026;ERICA;8
6;8223;KIT ELSEVE SH COND 375ML 170ML RT5;PERFUMARIA E LIMPEZA;84685;24/06/2026;157864;83320;6;6;6;1;0;;MONIQUE;10
6;36245;CHOC BARRA NESTLE RECH 90G PRESTIG;MERCEARIA;84685;24/06/2026;157864;83320;14;14;28;2;0;03/07/2026;ERICA;3
6;1276;CHOC BARRA GAROTO 80G MEIO AMARGO;MERCEARIA;84685;24/06/2026;157864;83320;16;0;16;1;0;03/07/2026;ERICA;52
6;8858;AP GILLETTE PROBAK II C 2;PERFUMARIA E LIMPEZA;84685;24/06/2026;157864;83320;14;2198;14;1;1;30/06/2026;PAMELA;236
6;24638;TCO CORP JAYLUC 80G JASMIN;PERFUMARIA E LIMPEZA;84685;24/06/2026;157864;83320;12;48;12;1;1;30/06/2026;PAMELA;8
6;19317;HID DI HELLEN 30G AVEIA;PERFUMARIA E LIMPEZA;84685;24/06/2026;157864;83320;12;0;12;1;0;;;15
6;3384;CALDO GALINHA APTI 57G;MERCEARIA;84685;24/06/2026;157864;83320;120;0;240;2;0;03/07/2026;ERICA;1
6;5070;COND SEDA 325ML LISO PERFEITO;PERFUMARIA E LIMPEZA;84685;24/06/2026;157864;83320;12;132;12;1;0;;MONIQUE;7
6;4256;AP PRESTOBARBA ULTRAGRIP 3L CART2UN;PERFUMARIA E LIMPEZA;84685;24/06/2026;157864;83320;1;0;2;0;0;30/06/2026;PAMELA;-18
6;4259;AP PRESTOBARBA ULTRA GRIP 2UN;PERFUMARIA E LIMPEZA;84685;24/06/2026;157864;83320;12;0;12;1;1;30/06/2026;PAMELA;5
6;633;VODKA TAIGA PREMIUM VD 1L;BEBIDAS;84685;24/06/2026;157864;83320;1;0;1;1;0;03/07/2026;ERICA;11
6;12531;INAT AP GILLETTE PROBAK C 2;PERFUMARIA E LIMPEZA;84685;24/06/2026;157864;83320;14;154;14;0;0;30/06/2026;PAMELA;140
6;1742;CHICLE FREEGELLS GUM 8G EXTRA FORTE;MERCEARIA;84685;24/06/2026;157864;83320;15;0;15;1;0;03/07/2026;ERICA;9
6;3363;CALDO APTI 19G CARNE;MERCEARIA;84685;24/06/2026;157864;83320;24;4008;24;1;0;03/07/2026;ERICA;44
6;4258;AP PROBAK II LV7 PG5;PERFUMARIA E LIMPEZA;84685;24/06/2026;157864;83320;1;57;76;76;76;30/06/2026;PAMELA;22
6;16930;CR TRAT CAPILAR HEDERA BABOSA 960G;PERFUMARIA E LIMPEZA;84685;24/06/2026;157864;83320;6;145;6;1;0;;;7
6;8018;SACO PANOSUL 60X68CM XADREZ;PERFUMARIA E LIMPEZA;85027;24/06/2026;;;25;300;100;0;0;;;0
6;4554;CAPA RODO PANOSUL 35X50CM SORTIDO;PERFUMARIA E LIMPEZA;85027;24/06/2026;;;12;108;12;0;0;;;11
6;24138;SC PANOSUL ALVEJADO 48X63CM R 14;PERFUMARIA E LIMPEZA;85027;24/06/2026;;;1;125;25;0;0;;;28
7;37887;TIT COR E TON S AMONIA 2 0 PTO;PERFUMARIA E LIMPEZA;84687;24/06/2026;157865;83321;6;12;6;1;0;;;1
7;5254;CR DENTAL CLOSE UP 100G LIQUIFRESH RED HOT;PERFUMARIA E LIMPEZA;84687;24/06/2026;157865;83321;12;24;12;0;0;30/06/2026;PAMELA;78
7;17317;DESOD ROLLON REXONA 50ML XTRA COOL;PERFUMARIA E LIMPEZA;84687;24/06/2026;157865;83321;12;396;12;1;0;30/06/2026;PAMELA;0
7;12531;INAT AP GILLETTE PROBAK C 2;PERFUMARIA E LIMPEZA;84687;24/06/2026;157865;83321;14;154;14;1;0;30/06/2026;PAMELA;109
7;34564;CREME JOAO E MARIA 40G P ASSADURA;PERFUMARIA E LIMPEZA;84687;24/06/2026;157865;83321;1;0;2;2;0;30/06/2026;PAMELA;0
7;37260;FRALDA PAMPERS PREMIUM CARE RN 36UN;PERFUMARIA E LIMPEZA;84687;24/06/2026;157865;83321;4;16;8;2;0;;;0
7;8159;SH ANTIC CLEAR L400P330 ICE COOL MENTHO;PERFUMARIA E LIMPEZA;84687;24/06/2026;157865;83321;12;276;120;10;0;;;72
7;687;ESP GARIBALDI PRIMICIAS GF 660ML ROSE;BEBIDAS;84687;24/06/2026;157865;83321;1;0;2;0;0;03/07/2026;ERICA;13
7;18459;FEIJAO BCO SERRA URUGUAI 500G;MERCEARIA;84687;24/06/2026;157865;83321;20;480;20;1;0;;;0
7;12168;ABS DEFINITY C ABAS C 8;PERFUMARIA E LIMPEZA;84687;24/06/2026;157865;83321;60;600;120;2;0;;;0
7;23002;SAB FONTANA SENSUS 150G LIMA LIMAO ORI;PERFUMARIA E LIMPEZA;84687;24/06/2026;157865;83321;72;792;72;1;0;;;-36
7;5275;CR DENTAL TANDY 50G MORANGO;PERFUMARIA E LIMPEZA;84687;24/06/2026;157865;83321;12;48;12;1;0;;;0
7;10144;SAB FARNESE 180G AVEIA ESFOL;PERFUMARIA E LIMPEZA;84687;24/06/2026;157865;83321;36;468;36;1;0;;;251
7;9546;FRALDA MILI JUMBINHO G 20UN;PERFUMARIA E LIMPEZA;84687;24/06/2026;157865;83321;9;720;9;1;0;;;0
7;5077;COND SEDA 325ML SOS CERAMIDAS;PERFUMARIA E LIMPEZA;84687;24/06/2026;157865;83321;12;360;12;1;0;;;7
7;8679;TOALHINHA UMED NATURAL BABY 100UN;PERFUMARIA E LIMPEZA;84687;24/06/2026;157865;83321;12;540;12;0;0;;;1
7;7943;SABON PALMOLIVE NATURALS 150G JASMIM E CACAU;PERFUMARIA E LIMPEZA;84687;24/06/2026;157865;83321;72;72;72;1;0;;;2
7;9542;FRALDA DESC BABYSEC JUMBINHO XG 12 UN;PERFUMARIA E LIMPEZA;84687;24/06/2026;157865;83321;8;248;8;1;0;;;-3
7;1282;CHOC BARRA LACTA AO LEITE 80G;MERCEARIA;84687;24/06/2026;157865;83321;17;0;17;0;0;03/07/2026;ERICA;99
7;3401;BARRA CEREAL RITTER 25G BANANA ZR ACUC;MERCEARIA;84687;24/06/2026;157865;83321;24;0;24;0;0;03/07/2026;ERICA;0
7;21555;PANO PANOSUL MEDIO ESTAMP 45X65 R23;PERFUMARIA E LIMPEZA;85029;24/06/2026;;;12;156;24;0;0;;;40
7;311;VH TRADICAO TINTO 1 4L SV;BEBIDAS;85078;24/06/2026;158577;83888;6;3651;120;20;0;;;154
7;748;REFRIG SARANDI PET 1 5L GUARANA;BEBIDAS;85078;24/06/2026;158577;83888;8;9671;336;42;0;;;28
8;3051;CEREAL MAT NESTLE SH 210G NESTON 3 CEREAIS;MERCEARIA;84689;24/06/2026;157867;83322;12;168;12;1;0;24/06/2026;ALEX JARDIM;8
8;3798;MIST P PAO QUEIJO YOKI 250G;MERCEARIA;84689;24/06/2026;157867;83322;30;0;30;1;0;24/06/2026;ALEX JARDIM;0
8;10144;SAB FARNESE 180G AVEIA ESFOL;PERFUMARIA E LIMPEZA;84689;24/06/2026;157867;83322;36;468;36;0;0;01/07/2026;PAMELA;39
8;34581;GRAO DE BICO SALSARETTI 170G LT;MERCEARIA;84689;24/06/2026;157867;83322;24;192;24;1;0;24/06/2026;ALEX JARDIM;29
8;36242;DOCE DIFRUTTI 400G ABOBORA;MERCEARIA;84689;24/06/2026;157867;83322;12;0;12;1;0;24/06/2026;ALEX JARDIM;8
8;38002;CEREAL MAT DOMELLY DINOCRISPY ARGOL;MERCEARIA;84689;24/06/2026;157867;83322;1;10;6;6;0;24/06/2026;ALEX JARDIM;8
8;5805;ESC DENTAL COLGATE CLASSIC LONG MD 8460;PERFUMARIA E LIMPEZA;84689;24/06/2026;157867;83322;12;168;12;1;0;01/07/2026;MONIQUE;9
8;985;MOSTARDA ODERICH SH 1KG;MERCEARIA;84689;24/06/2026;157867;83322;6;0;6;1;0;24/06/2026;ALEX JARDIM;52
8;2332;ATUM RALADO COQUEIRO 170G EM OLEO;MERCEARIA;84689;24/06/2026;157867;83322;24;24;24;1;0;24/06/2026;ALEX JARDIM;73
8;2369;ERVILHA OLE LT 170G;MERCEARIA;84689;24/06/2026;157867;83322;24;8352;24;1;0;24/06/2026;ALEX JARDIM;254
8;2434;PEPINO CONSERVA DA SERRA VD 300G;MERCEARIA;84689;24/06/2026;157867;83322;15;46;30;2;0;24/06/2026;ALEX JARDIM;4
8;2475;GOIABADA VAL 300G;MERCEARIA;84689;24/06/2026;157867;83322;36;36;36;1;0;24/06/2026;ALEX JARDIM;24
8;3756;MIST P BOLO NORDESTE 400G AIPIM;MERCEARIA;84689;24/06/2026;157867;83322;12;0;12;1;0;24/06/2026;ALEX JARDIM;9
8;2139;CAFE SOL NESCAFE VD 160G TRADICAO FORTE;MERCEARIA;84689;24/06/2026;157867;83322;12;12;36;3;0;24/06/2026;ALEX JARDIM;59
8;2186;CHA PRENDA GOLD 15G CAMOMILA;MERCEARIA;84689;24/06/2026;157867;83322;10;10;10;1;0;24/06/2026;ALEX JARDIM;25
8;3535;FERM QUIMICO PO ROYAL PT 250G;MERCEARIA;84689;24/06/2026;157867;83322;48;0;48;1;0;24/06/2026;ALEX JARDIM;4
8;15171;CAFE SOL NESCAFE CREM DOLCA LT 150G;MERCEARIA;84689;24/06/2026;157867;83322;12;108;12;1;0;24/06/2026;ALEX JARDIM;4
8;2786;FAROFA MANDIOCA YOKI 200G TRADICIONAL;MERCEARIA;84689;24/06/2026;157867;83322;14;28;14;0;0;01/07/2026;ALEXSANDRO;39
8;687;ESP GARIBALDI PRIMICIAS GF 660ML ROSE;BEBIDAS;84689;24/06/2026;157867;83322;1;0;1;0;0;01/07/2026;PAMELA;6
8;2323;ATUM SOLIDO NAUTIQUE 170G EM OLEO;MERCEARIA;84689;24/06/2026;157867;83322;24;0;24;1;0;24/06/2026;ALEX JARDIM;51
8;3004;ADOCANTE LOWCUCAR MAGRO DIET 100ML;MERCEARIA;84689;24/06/2026;157867;83322;12;0;12;1;0;24/06/2026;ALEX JARDIM;3
8;2342;ATUM RALADO G COSTA 170G EM OLEO;MERCEARIA;84689;24/06/2026;157867;83322;24;0;24;1;0;24/06/2026;ALEX JARDIM;24
8;2429;PEPINO CONSERVA NUTRIOURO VD 300G;MERCEARIA;84689;24/06/2026;157867;83322;15;219;30;2;0;24/06/2026;ALEX JARDIM;0
8;2972;AMIDO MILHO MAISCERTA 200G;MERCEARIA;84689;24/06/2026;157867;83322;48;336;48;0;0;24/06/2026;ALEX JARDIM;-12
8;3366;COCO RALADO DUCOCO 100G DESIDRATADO;MERCEARIA;84689;24/06/2026;157867;83322;24;24;24;1;0;24/06/2026;ALEX JARDIM;6
8;36166;MOLHO TOM SALSARETTI VD 500G CLASSICO;MERCEARIA;84689;24/06/2026;157867;83322;24;96;48;2;0;24/06/2026;ALEX JARDIM;0
8;2535;DOCE DIFRUTTI 1 010KG UVA;MERCEARIA;84689;24/06/2026;157867;83322;6;6;6;1;0;24/06/2026;ALEX JARDIM;2
8;38145;CAFE SOL NESCAFE VD 200G GTS 10G TRAD;MERCEARIA;84689;24/06/2026;157867;83322;12;24;12;0;0;24/06/2026;ALEX JARDIM;0
8;34564;CREME JOAO E MARIA 40G P ASSADURA;PERFUMARIA E LIMPEZA;84689;24/06/2026;157867;83322;1;0;1;1;0;01/07/2026;MONIQUE;16
8;2458;PEPINO CONS ODERICH VD 300G AGRIDOCE;MERCEARIA;84689;24/06/2026;157867;83322;15;34;15;1;0;24/06/2026;ALEX JARDIM;5
8;2470;JARDINERA ODERICH LT 200G 4 LEGUMES;NAO ALIMENTO;84689;24/06/2026;157867;83322;24;0;24;1;0;24/06/2026;ALEX JARDIM;9
8;3092;MOSTARDA ODERICH TRADICIONAL 190G BISNAGA;MERCEARIA;84689;24/06/2026;157867;83322;24;143;24;1;0;24/06/2026;ALEX JARDIM;-1
8;3413;CREME LEITE ELEGE TP 200G LEVISSIMO;MERCEARIA;84689;24/06/2026;157867;83322;24;0;24;1;0;24/06/2026;ALEX JARDIM;2
8;3416;CREME LEITE ITALAC TP 200G ZERO LACTOSE;MERCEARIA;84689;24/06/2026;157867;83322;24;96;24;1;0;24/06/2026;ALEX JARDIM;1
8;3801;LIGA NEUTRA SELECT 100G;MERCEARIA;84689;24/06/2026;157867;83322;12;24;12;1;0;24/06/2026;ALEX JARDIM;7
8;3851;MOLHO TOM SALSARETTI SH 300G PASSATA RUSTICA;MERCEARIA;84689;24/06/2026;157867;83322;32;64;32;1;0;24/06/2026;ALEX JARDIM;1
8;2016;CAFE VACUO 3C TORRADO MOIDO 500G TRAD;MERCEARIA;84689;24/06/2026;157867;83322;20;0;20;1;0;24/06/2026;ALEX JARDIM;0
8;2488;DOCE DIFRUTTI 400G MACA CANELA;MERCEARIA;84689;24/06/2026;157867;83322;12;0;12;1;0;24/06/2026;ALEX JARDIM;5
8;3757;ALHO PICADO ALHOSTIN 1 01KG;MERCEARIA;84689;24/06/2026;157867;83322;6;0;6;1;0;24/06/2026;ALEX JARDIM;1
8;38273;MOLHO INGLES SABOR CASEIRO 1 01K;MERCEARIA;84689;24/06/2026;157867;83322;6;132;6;1;0;24/06/2026;ALEX JARDIM;4
8;2283;CANJICA BRANCA JUREIA 400G;MERCEARIA;84689;24/06/2026;157867;83322;12;0;12;0;0;01/07/2026;ALEXSANDRO;16
8;828;DUETO ODERICH ERV MILHO LT 2KG;MERCEARIA;84689;24/06/2026;157867;83322;6;18;6;1;0;24/06/2026;ALEX JARDIM;3
8;1018;TEMP EXTREMO SABOR 1 01K P GALETO;MERCEARIA;84689;24/06/2026;157867;83322;6;41;6;1;0;24/06/2026;ALEX JARDIM;2
8;2081;CAFE SOL 3C SH 40G TRAD;MERCEARIA;84689;24/06/2026;157867;83322;24;48;144;6;0;24/06/2026;ALEX JARDIM;-14
8;2216;CAPSULA DOLCE GUSTO 100G C 10 CAFE AU LAIT;MERCEARIA;84689;24/06/2026;157867;83322;6;6;12;2;0;24/06/2026;ALEX JARDIM;7
8;2395;OVO CODORNA CONS JUREIA 300G;MERCEARIA;84689;24/06/2026;157867;83322;15;0;15;1;0;24/06/2026;ALEX JARDIM;0
8;2469;SELETA LEGUMES ODERICH LT 200G;PERECIVEIS;84689;24/06/2026;157867;83322;24;72;24;1;0;24/06/2026;ALEX JARDIM;-13
8;24138;SC PANOSUL ALVEJADO 48X63CM R 14;PERFUMARIA E LIMPEZA;85031;24/06/2026;;;1;125;25;0;0;;;7
8;8018;SACO PANOSUL 60X68CM XADREZ;PERFUMARIA E LIMPEZA;85031;24/06/2026;;;25;300;50;0;0;;;20
11;16152;CHUP LOLLY RED SIL ORT T1 AZUL;PERFUMARIA E LIMPEZA;84691;24/06/2026;157869;83323;6;6;6;1;0;;;6
11;19316;HID DI HELLEN 30G ALFACE;PERFUMARIA E LIMPEZA;84691;24/06/2026;157869;83323;12;0;12;1;0;;;14
11;4256;AP PRESTOBARBA ULTRAGRIP 3L CART2UN;PERFUMARIA E LIMPEZA;84691;24/06/2026;157869;83323;1;0;1;1;0;;;0
11;16879;CR FACIAL NIVEA ANTISSINAIS 100G;PERFUMARIA E LIMPEZA;84691;24/06/2026;157869;83323;1;12;3;3;0;;;1
11;3802;PO P SORVETE APTI 120G ABACAXI;MERCEARIA;84691;24/06/2026;157869;83323;12;0;12;1;0;;;26
11;1276;CHOC BARRA GAROTO 80G MEIO AMARGO;MERCEARIA;84691;24/06/2026;157869;83323;16;0;16;1;0;;;29
11;1888;PASTILHA TIC TAC 14 5G MENTA;MERCEARIA;84691;24/06/2026;157869;83323;14;0;14;1;0;;;-14
11;21555;PANO PANOSUL MEDIO ESTAMP 45X65 R23;PERFUMARIA E LIMPEZA;85033;24/06/2026;;;12;156;24;0;0;;;77
11;21557;PANO PTO PANOSUL COLOR C EST;PERFUMARIA E LIMPEZA;85033;24/06/2026;;;12;156;24;0;0;;;42
11;8013;SACO COLORIDO PANOSUL 58X78CM ESP;PERFUMARIA E LIMPEZA;85033;24/06/2026;;;1;50;24;0;0;;;33
11;18564;FLANELA ALG PANOSUL 34X50CM AMAR;PERFUMARIA E LIMPEZA;85033;24/06/2026;;;12;132;48;0;0;;;20
11;24138;SC PANOSUL ALVEJADO 48X63CM R 14;PERFUMARIA E LIMPEZA;85033;24/06/2026;;;1;125;25;0;0;;;30
12;22904;REMOV ESM BELEZA AMAZONIA 100ML;PERFUMARIA E LIMPEZA;84693;24/06/2026;157871;83324;12;708;12;1;0;;;0
12;24342;SH PALMOLIVE 650ML NUTRICAO EXTRA;PERFUMARIA E LIMPEZA;84693;24/06/2026;157871;83324;6;6;6;1;0;;;0
12;16879;CR FACIAL NIVEA ANTISSINAIS 100G;PERFUMARIA E LIMPEZA;84693;24/06/2026;157871;83324;1;12;3;3;0;;;0
12;32189;SAB LIQ PALM RF 900ML JASMIM;PERFUMARIA E LIMPEZA;84693;24/06/2026;157871;83324;6;0;6;1;0;;;4
12;3431;SOPA GALINHA MAGGI 60G FIDELINI;MERCEARIA;84693;24/06/2026;157871;83324;10;9;10;1;0;;;11
12;3512;FERM PO BIOL GOOD INSTANT SH 10G;MERCEARIA;84693;24/06/2026;157871;83324;30;1080;30;1;0;;;4
12;5235;CR DEN ORAL B 70G 3D WHIT BRI FRESH;PERFUMARIA E LIMPEZA;84693;24/06/2026;157871;83324;6;540;6;1;0;;;0
12;21137;MOLUSC MADELESMA RES UMED LESMAS 250G;PERFUMARIA E LIMPEZA;84693;24/06/2026;157871;83324;4;0;4;1;0;;;4
12;687;ESP GARIBALDI PRIMICIAS GF 660ML ROSE;BEBIDAS;84693;24/06/2026;157871;83324;1;0;1;1;0;;;4
12;1296;CHOC BARRA NESTLE 80G GALAK GALAK;MERCEARIA;84889;24/06/2026;158262;83695;16;272;160;10;10;01/07/2026;AUGUSTO;153
12;31448;LUVA CHENILLE;PERFUMARIA E LIMPEZA;85035;24/06/2026;;;12;12;12;0;0;;;9
12;7277;PANO PANOSUL DUPLO 100 ALGODAO;PERFUMARIA E LIMPEZA;85035;24/06/2026;;;14;136;28;0;0;;;0
12;21553;PANO PANOSUL FELPUDO ESTAMP 38X63CM;PERFUMARIA E LIMPEZA;85035;24/06/2026;;;12;0;24;0;0;;;9
13;7948;SABON PALMOLIVE NATURALS 150G OLEO ARGAN;PERFUMARIA E LIMPEZA;84695;24/06/2026;157873;83325;72;0;72;0;0;03/07/2026;JESSICA M;178
13;2818;MASSA C OVOS STA FELICIDADE 500G PARAFUSO;MERCEARIA;84695;24/06/2026;157873;83325;20;-20;20;0;0;24/06/2026;VILLARROEL;0
13;2738;MACARRAO CUP NOODLES 69G CARNE DEF;MERCEARIA;84695;24/06/2026;157873;83325;24;696;48;2;0;24/06/2026;VILLARROEL;0
13;22633;QJO RAL KIFORMAGGIO TRAD 40G;MERCEARIA;84695;24/06/2026;157873;83325;75;600;75;1;0;24/06/2026;VILLARROEL;147
13;3452;SOPAO MAGGI 200G CARNE LEGUMES;MERCEARIA;84695;24/06/2026;157873;83325;24;24;24;1;0;24/06/2026;VILLARROEL;10
13;1264;CHOC BARRA LACTA 80G LAKA OREO;MERCEARIA;84695;24/06/2026;157873;83325;17;0;17;1;0;03/07/2026;JESSICA M;5
13;2787;MACARRAO CUP NOODLES 68G COSTELA C MOLHO;MERCEARIA;84695;24/06/2026;157873;83325;24;24;24;1;0;24/06/2026;VILLARROEL;26
13;3402;CALDO APTI 57G LEGUMES;MERCEARIA;84695;24/06/2026;157873;83325;10;116;10;1;0;24/06/2026;VILLARROEL;5
13;5324;CR PENT TRESEMME 200ML RECONST E FORCA;PERFUMARIA E LIMPEZA;84695;24/06/2026;157873;83325;12;0;12;0;0;03/07/2026;JESSICA M;0
13;647;WHISKY GREEN VALLEY VD 1L;BEBIDAS;84695;24/06/2026;157873;83325;1;0;1;1;0;03/07/2026;JESSICA M;0
13;3397;CALDO APTI 19G LEGUMES;MERCEARIA;84695;24/06/2026;157873;83325;24;3744;24;1;0;03/07/2026;JESSICA M;92
13;2908;MASSA C OVOS ISABELA 500G LINGUINE;MERCEARIA;84695;24/06/2026;157873;83325;20;252;20;0;0;24/06/2026;VILLARROEL;-1
13;20341;MAC INST NISSIN 85G BACON;MERCEARIA;84695;24/06/2026;157873;83325;50;950;50;1;0;24/06/2026;VILLARROEL;17
13;2859;MASSA C OVOS NORDESTE 500G ESPAGUETE;MERCEARIA;84695;24/06/2026;157873;83325;15;225;30;2;0;24/06/2026;VILLARROEL;-2
13;20609;MAS ESPAG ISABELA SEMOLA 400G;MERCEARIA;84695;24/06/2026;157873;83325;24;0;24;1;0;24/06/2026;VILLARROEL;39
13;2937;MASSA C OVOS ORQUIDEA 500G ESP NINH;MERCEARIA;84695;24/06/2026;157873;83325;10;0;20;2;0;24/06/2026;VILLARROEL;-33
13;34564;CREME JOAO E MARIA 40G P ASSADURA;PERFUMARIA E LIMPEZA;84695;24/06/2026;157873;83325;1;0;1;1;0;03/07/2026;JESSICA M;1
13;2806;MACARRAO INST NISSIN ESP 500G T3;MERCEARIA;84695;24/06/2026;157873;83325;20;280;20;1;0;24/06/2026;VILLARROEL;2
13;20647;MASSA C OVOS GERMANI 500G PAD NOSSO;MERCEARIA;84695;24/06/2026;157873;83325;20;460;40;2;0;24/06/2026;VILLARROEL;0
13;2812;MACARRAO INST NISSIN 500G YAKISSOBA;MERCEARIA;84695;24/06/2026;157873;83325;20;299;20;0;0;24/06/2026;VILLARROEL;22
13;20651;MASSA DOMELLY SEMOLA 1KG PARAF;MERCEARIA;84695;24/06/2026;157873;83325;10;7;10;1;0;24/06/2026;VILLARROEL;27
13;2917;MASSA C OVOS ISABELA 500G MACARRAO;MERCEARIA;84695;24/06/2026;157873;83325;20;112;20;1;0;24/06/2026;VILLARROEL;-4
13;3750;TEMP COMPLETO ARISCO 300G S PIMENTA;MERCEARIA;84695;24/06/2026;157873;83325;24;0;24;1;0;24/06/2026;VILLARROEL;13
13;22903;REMOV ESM AMAZONIA 80ML;PERFUMARIA E LIMPEZA;84695;24/06/2026;157873;83325;12;516;24;2;0;03/07/2026;JESSICA M;-2
13;2875;MASSA C OVOS GERMANI 500G CONCHINHA;MERCEARIA;84695;24/06/2026;157873;83325;20;200;40;2;0;24/06/2026;VILLARROEL;21
13;20357;MAC INST NISSIN 85G PICANHA;MERCEARIA;84695;24/06/2026;157873;83325;50;350;50;1;0;24/06/2026;VILLARROEL;50
13;1269;CHOC BARRA LACTA 80G LAKA;MERCEARIA;84695;24/06/2026;157873;83325;17;0;17;1;0;03/07/2026;JESSICA M;0
13;20586;MASSA CAS MOSMANN C OVOS N2 500G;MERCEARIA;84695;24/06/2026;157873;83325;20;20;20;1;0;24/06/2026;VILLARROEL;3
13;4038;ALIM CAO SAPECA SUPRA 1KG PEQ RACAS;PRODUTOS PET;84695;24/06/2026;157873;83325;10;0;10;1;0;24/06/2026;VILLARROEL;5
13;17270;DESOD CR DI HELLEN 55G FEM;PERFUMARIA E LIMPEZA;84695;24/06/2026;157873;83325;12;0;12;1;0;03/07/2026;JESSICA M;0
13;3363;CALDO APTI 19G CARNE;MERCEARIA;84695;24/06/2026;157873;83325;24;4008;24;1;0;03/07/2026;JESSICA M;53
13;20638;MASSA C OVOS GERMANI 500G NHOQUE;MERCEARIA;84695;24/06/2026;157873;83325;20;119;40;2;0;24/06/2026;VILLARROEL;48
13;2862;MASSA C OVOS GERMANI 500G MACARRAO;MERCEARIA;84695;24/06/2026;157873;83325;20;0;40;2;0;24/06/2026;VILLARROEL;0
13;3450;SOPAO MAGGI 200G CARNE PANELA;MERCEARIA;84695;24/06/2026;157873;83325;24;24;24;1;0;24/06/2026;VILLARROEL;21
13;2789;MACARRAO CUP NOODLES 68G GAL CAIP PICANT;MERCEARIA;84695;24/06/2026;157873;83325;24;168;24;1;0;24/06/2026;VILLARROEL;4
13;2914;MASSA C OVOS ISABELA 500G GRAVATINHA;MERCEARIA;84695;24/06/2026;157873;83325;20;680;20;1;0;24/06/2026;VILLARROEL;1
13;2940;MASSA S OVOS NORDESTE 1KG ESPAGUETE;MERCEARIA;84695;24/06/2026;157873;83325;10;0;10;1;0;24/06/2026;VILLARROEL;-15
13;20678;MASSA C OVOS DOMELLY 500G PENNE;MERCEARIA;84695;24/06/2026;157873;83325;20;0;20;1;0;24/06/2026;VILLARROEL;2
13;20363;MAC INST NISSIN C 6 L P GAL CAIP;MERCEARIA;84695;24/06/2026;157873;83325;12;72;24;2;0;24/06/2026;VILLARROEL;79
13;4554;CAPA RODO PANOSUL 35X50CM SORTIDO;PERFUMARIA E LIMPEZA;85037;24/06/2026;;;12;108;12;0;0;;;6
13;8013;SACO COLORIDO PANOSUL 58X78CM ESP;PERFUMARIA E LIMPEZA;85037;24/06/2026;;;1;50;24;0;0;;;24
14;6792;LEITE UHT PET ELEGE 1L INTEGRAL;PERECIVEIS;84671;24/06/2026;157855;83326;6;5035;6;1;1;03/07/2026;TEIXEIRA;40
14;6781;LEITE LV EDGE ELEGE 1L INTEGRAL;PERECIVEIS;84671;24/06/2026;157855;83326;12;204;12;0;0;03/07/2026;TEIXEIRA;763
14;6801;LEITE UHT TP NINHO 1L INTEGRAL;PERECIVEIS;84671;24/06/2026;157855;83326;12;1779;36;0;0;03/07/2026;TEIXEIRA;112
14;6786;LEITE LV EDGE ELEGE 1L SEMI DESNATADO;PERECIVEIS;84671;24/06/2026;157855;83326;12;0;24;0;0;03/07/2026;TEIXEIRA;72
14;6799;LEITE SANTA CLARA 1L ZERO LACTOSE;PERECIVEIS;84671;24/06/2026;157855;83326;12;12;12;0;0;03/07/2026;TEIXEIRA;-104
14;5805;ESC DENTAL COLGATE CLASSIC LONG MD 8460;PERFUMARIA E LIMPEZA;84697;24/06/2026;157875;83968;12;168;12;1;0;03/07/2026;JESSICA M;-3
14;13514;BLO LIXA P UNHA BONITTA;PERFUMARIA E LIMPEZA;84697;24/06/2026;157875;83968;1;0;1;1;0;03/07/2026;JESSICA M;-1
14;16903;CR NIVEA LT 56G;PERFUMARIA E LIMPEZA;84697;24/06/2026;157875;83968;1;0;7;9;0;03/07/2026;JESSICA M;1
14;50;AGUA MIN DA PEDRA PET 5L S GAS;BEBIDAS;84697;24/06/2026;157875;83968;4;464;20;7;0;02/07/2026;BRUNO;-14
14;24323;SH GENIAL PET 2 EM 1 500ML;PRODUTOS PET;84697;24/06/2026;157875;83968;1;0;1;1;0;03/07/2026;JESSICA M;4
14;847;REFRIG COCA COLA PET 600ML;BEBIDAS;84697;24/06/2026;157875;83968;12;520;24;0;0;02/07/2026;BRUNO;-2
14;4259;AP PRESTOBARBA ULTRA GRIP 2UN;PERFUMARIA E LIMPEZA;84697;24/06/2026;157875;83968;12;0;24;2;0;03/07/2026;JESSICA M;15
14;1843;DROPS FREEGELLS 27 9G CEREJA;MERCEARIA;84697;24/06/2026;157875;83968;12;0;12;1;0;03/07/2026;JESSICA M;0
14;5696;DETERG YPE 500ML MACA;PERFUMARIA E LIMPEZA;84697;24/06/2026;157875;83968;24;6209;72;0;0;25/06/2026;ALEXANDRE;-38
14;3428;CREME CEBOLA MAGGI 68G;MERCEARIA;84697;24/06/2026;157875;83968;12;0;12;1;0;03/07/2026;JESSICA M;39
14;5691;DETERG YPE 500 ML CLEAR;PERFUMARIA E LIMPEZA;84697;24/06/2026;157875;83968;24;46;24;0;0;25/06/2026;ALEXSANDRO;0
14;1498;CHOC KINDER JOY T1 20G;MERCEARIA;84697;24/06/2026;157875;83968;48;20;48;1;0;03/07/2026;JESSICA M;13
14;5694;DETERG YPE 500ML CLEAR CARE;PERFUMARIA E LIMPEZA;84697;24/06/2026;157875;83968;24;2;96;0;0;;;-43
14;806;REFRIG FANTA LARANJA PET 2L;BEBIDAS;84697;24/06/2026;157875;83968;8;392;8;1;0;02/07/2026;BRUNO;-20
14;21557;PANO PTO PANOSUL COLOR C EST;PERFUMARIA E LIMPEZA;85039;24/06/2026;;;12;156;24;0;0;;;38
14;21555;PANO PANOSUL MEDIO ESTAMP 45X65 R23;PERFUMARIA E LIMPEZA;85039;24/06/2026;;;12;156;12;0;0;;;39
14;24138;SC PANOSUL ALVEJADO 48X63CM R 14;PERFUMARIA E LIMPEZA;85039;24/06/2026;;;1;125;50;0;0;;;-8
14;7277;PANO PANOSUL DUPLO 100 ALGODAO;PERFUMARIA E LIMPEZA;85039;24/06/2026;;;14;136;28;0;0;;;10
14;18564;FLANELA ALG PANOSUL 34X50CM AMAR;PERFUMARIA E LIMPEZA;85039;24/06/2026;;;12;132;24;0;0;;;25
14;4554;CAPA RODO PANOSUL 35X50CM SORTIDO;PERFUMARIA E LIMPEZA;85039;24/06/2026;;;12;108;12;0;0;;;2
14;21554;PANO PANOSUL MEDIO C BAR 45X65 R24;PERFUMARIA E LIMPEZA;85039;24/06/2026;;;1;88;36;0;0;;;4
14;31448;LUVA CHENILLE;PERFUMARIA E LIMPEZA;85039;24/06/2026;;;12;12;12;0;0;;;1
14;311;VH TRADICAO TINTO 1 4L SV;BEBIDAS;85086;24/06/2026;158581;83892;6;3651;30;5;5;03/07/2026;MIKAEL;194
17;3402;CALDO APTI 57G LEGUMES;MERCEARIA;84699;24/06/2026;;;10;116;10;0;0;;;0
17;2826;MASSA C OVOS STA FELICIDADE 500G PENNE;MERCEARIA;84893;24/06/2026;158264;83697;20;0;200;0;0;26/06/2026;JESSICA;-386
17;1289;CHOC BARRA NESTLE 80G PRESTIGIO;MERCEARIA;84893;24/06/2026;158264;83697;64;32;64;0;0;01/07/2026;PAMELA;204
17;1296;CHOC BARRA NESTLE 80G GALAK GALAK;MERCEARIA;84893;24/06/2026;158264;83697;16;272;160;10;10;01/07/2026;PAMELA;322
17;2823;MASSA C OVOS STA FELICIDADE 500G ESPAGUETE;MERCEARIA;84893;24/06/2026;158264;83697;20;0;400;0;0;26/06/2026;JESSICA;939
17;1025;BISC AGUA E SAL PARATI 740G;MERCEARIA;84893;24/06/2026;158264;83697;12;86;240;0;0;26/06/2026;CAROLINA;38
17;1434;BISC MARIA PARATI 740G;MERCEARIA;84893;24/06/2026;158264;83697;12;82;120;0;0;26/06/2026;CAROLINA;9
17;18563;FLANELA ALG PANOSUL AMAR;PERFUMARIA E LIMPEZA;85041;24/06/2026;;;1;36;36;0;0;;;31
17;4554;CAPA RODO PANOSUL 35X50CM SORTIDO;PERFUMARIA E LIMPEZA;85041;24/06/2026;;;12;108;12;0;0;;;28
17;21554;PANO PANOSUL MEDIO C BAR 45X65 R24;PERFUMARIA E LIMPEZA;85041;24/06/2026;;;1;88;24;0;0;;;61
17;8018;SACO PANOSUL 60X68CM XADREZ;PERFUMARIA E LIMPEZA;85041;24/06/2026;;;25;300;100;0;0;;;178
17;24138;SC PANOSUL ALVEJADO 48X63CM R 14;PERFUMARIA E LIMPEZA;85041;24/06/2026;;;1;125;50;0;0;;;43
17;21557;PANO PTO PANOSUL COLOR C EST;PERFUMARIA E LIMPEZA;85041;24/06/2026;;;12;156;60;0;0;;;13
17;31448;LUVA CHENILLE;PERFUMARIA E LIMPEZA;85041;24/06/2026;;;12;12;12;0;0;;;20
17;7277;PANO PANOSUL DUPLO 100 ALGODAO;PERFUMARIA E LIMPEZA;85041;24/06/2026;;;14;136;28;0;0;;;36
17;18564;FLANELA ALG PANOSUL 34X50CM AMAR;PERFUMARIA E LIMPEZA;85041;24/06/2026;;;12;132;48;0;0;;;56
17;21553;PANO PANOSUL FELPUDO ESTAMP 38X63CM;PERFUMARIA E LIMPEZA;85041;24/06/2026;;;12;0;24;0;0;;;67
17;8013;SACO COLORIDO PANOSUL 58X78CM ESP;PERFUMARIA E LIMPEZA;85041;24/06/2026;;;1;50;36;0;0;;;69
17;21555;PANO PANOSUL MEDIO ESTAMP 45X65 R23;PERFUMARIA E LIMPEZA;85041;24/06/2026;;;12;156;60;0;0;;;75
18;20600;MAS CASEIRA MOSMANN TOPE 400G;MERCEARIA;84701;24/06/2026;157879;83984;20;79;20;1;0;;JOSE ANTONIO;5
18;2812;MACARRAO INST NISSIN 500G YAKISSOBA;MERCEARIA;84701;24/06/2026;157879;83984;20;299;20;0;0;;JOSE ANTONIO;14
18;34306;REFRIG COCA COLA PET 1L;BEBIDAS;84701;24/06/2026;157879;83984;6;36;6;0;0;01/07/2026;FERNANDO.H;154
18;17415;DET PO GOTA LIMPA 800G HARMONIA;PERFUMARIA E LIMPEZA;84701;24/06/2026;157879;83984;20;0;20;0;0;27/06/2026;ALEXSANDRO;0
18;20624;MAS FUSILLI BARILLA 500G;MERCEARIA;84701;24/06/2026;157879;83984;12;-12;12;1;0;;JOSE ANTONIO;8
18;2859;MASSA C OVOS NORDESTE 500G ESPAGUETE;MERCEARIA;84701;24/06/2026;157879;83984;15;225;90;6;0;;JOSE ANTONIO;45
18;32712;CREME NEILAR CEBOLA 60G;MERCEARIA;84701;24/06/2026;157879;83984;18;0;18;1;0;;JOSE ANTONIO;8
18;22695;RAC CAO QUATRO PAT PREM 1K;PRODUTOS PET;84701;24/06/2026;157879;83984;10;209;20;2;0;;JOSE ANTONIO;7
18;3976;ALIM CAO ALPO AD 10 1KG CAR FGO CER VEG;PRODUTOS PET;84701;24/06/2026;157879;83984;1;1;1;1;0;;JOSE ANTONIO;1
18;5694;DETERG YPE 500ML CLEAR CARE;PERFUMARIA E LIMPEZA;84701;24/06/2026;157879;83984;24;2;144;0;0;;;455
18;18747;FRALDA DESC FERINHA JUMBINHO C/16 G;PERFUMARIA E LIMPEZA;84701;24/06/2026;157879;83984;12;4;12;0;0;27/06/2026;ALEXSANDRO;4
18;5215;CR DEN COLGATE T ACAO XTRA 70G WHITE;PERFUMARIA E LIMPEZA;84701;24/06/2026;157879;83984;12;0;12;0;0;27/06/2026;ALEXSANDRO;2
18;1015;TEMP EXTREMO SABOR 1 01K ALHO E SAL;MERCEARIA;84701;24/06/2026;157879;83984;6;6;6;1;0;;JOSE ANTONIO;6
18;18748;FRALDA DESC FERINHA JUMBINHO C 18 M;PERFUMARIA E LIMPEZA;84701;24/06/2026;157879;83984;12;0;12;0;0;27/06/2026;ALEXSANDRO;8
18;5696;DETERG YPE 500ML MACA;PERFUMARIA E LIMPEZA;84701;24/06/2026;157879;83984;24;6209;144;0;0;25/06/2026;ALEXSANDRO;1016
18;3751;TEMP ARISCO 300G ALHO SAL;MERCEARIA;84701;24/06/2026;157879;83984;24;0;24;1;0;;JOSE ANTONIO;19
18;20338;MAC INST NISSIN CHICO BENTO 75G GAL C TOM;MERCEARIA;84701;24/06/2026;157879;83984;50;637;50;1;0;;JOSE ANTONIO;6
18;33939;RACAO ALPO 10 1KG FILHOTES;PRODUTOS PET;84701;24/06/2026;157879;83984;1;0;1;1;0;;JOSE ANTONIO;5
18;12280;AGUA OXIG BUTTERF 40V 100ML;PERFUMARIA E LIMPEZA;84701;24/06/2026;157879;83984;12;0;12;0;0;01/07/2026;AUGUSTO;9
18;4256;AP PRESTOBARBA ULTRAGRIP 3L CART2UN;PERFUMARIA E LIMPEZA;84701;24/06/2026;157879;83984;1;0;1;0;0;01/07/2026;AUGUSTO;-10
18;37429;AGUA SANITARIA SUPREMA 5 L;PERFUMARIA E LIMPEZA;84701;24/06/2026;;;3;33;6;0;0;;;-9
18;19315;COT HASTES FLEX COTTONBABY PT 100UN;PERFUMARIA E LIMPEZA;84701;24/06/2026;157879;83984;1;17;1;1;1;01/07/2026;AUGUSTO;29
18;2881;MASSA C OVOS PARATI 400G ESPAGUETE;MERCEARIA;84701;24/06/2026;157879;83984;25;20;50;2;0;;JOSE ANTONIO;19
18;2789;MACARRAO CUP NOODLES 68G GAL CAIP PICANT;MERCEARIA;84701;24/06/2026;157879;83984;24;168;24;1;0;;JOSE ANTONIO;1
18;3794;VINAGRE VINHO KOLLER 750ML BRANCO;MERCEARIA;84701;24/06/2026;157879;83984;12;12;12;1;0;;JOSE ANTONIO;24
18;3437;SOPA CEBOLA MAGGI 68G;MERCEARIA;84701;24/06/2026;157879;83984;12;12;24;3;0;;JOSE ANTONIO;0
18;22632;QJO RAL KIFORMAGGIO TRAD 250G;MERCEARIA;84701;24/06/2026;157879;83984;20;0;20;2;0;;JOSE ANTONIO;0
18;20683;MASSA SEMOLA GERMANI 500G PENNE;MERCEARIA;84701;24/06/2026;157879;83984;20;0;40;2;0;;JOSE ANTONIO;0
18;22679;RAC 4PATAS GATOS CASTRADOS 1K;PRODUTOS PET;84701;24/06/2026;157879;83984;10;341;20;2;0;;JOSE ANTONIO;0
18;22705;RACAO DODOG PEQ RACAS 1KG;PRODUTOS PET;84701;24/06/2026;157879;83984;10;1448;40;5;0;;JOSE ANTONIO;-29
18;4039;ALIM GATO BIFFE CAT 1KG ESPECIAL;PRODUTOS PET;84701;24/06/2026;157879;83984;8;614;16;2;0;;JOSE ANTONIO;2
18;5698;DETERG YPE 500ML LIMAO;PERFUMARIA E LIMPEZA;84701;24/06/2026;157879;83984;24;267;72;0;0;;;81
18;20320;MAC INST ISABELA 70G CAR ZR FRITU;MERCEARIA;84701;24/06/2026;157879;83984;50;45;350;7;0;;JOSE ANTONIO;157
18;3452;SOPAO MAGGI 200G CARNE LEGUMES;MERCEARIA;84701;24/06/2026;157879;83984;24;24;24;1;0;;JOSE ANTONIO;0
18;5695;DETERG YPE 500ML COCO;PERFUMARIA E LIMPEZA;84701;24/06/2026;157879;83984;24;122;120;0;0;;;436
18;2818;MASSA C OVOS STA FELICIDADE 500G PARAFUSO;MERCEARIA;84701;24/06/2026;157879;83984;20;-20;20;0;0;;JOSE ANTONIO;-6
18;3390;CALDO GALINHA APTI 114G;MERCEARIA;84701;24/06/2026;157879;83984;30;240;30;1;0;;JOSE ANTONIO;8
18;3443;SOPAO APTI 180G GALINHA VEGET;MERCEARIA;84701;24/06/2026;157879;83984;12;36;12;1;0;;JOSE ANTONIO;33
18;2908;MASSA C OVOS ISABELA 500G LINGUINE;MERCEARIA;84701;24/06/2026;157879;83984;20;252;40;2;0;;JOSE ANTONIO;15
18;2941;MASSA S OVOS NORDESTE 1KG PARAFUSO;MERCEARIA;84701;24/06/2026;157879;83984;10;4,45;10;1;0;;JOSE ANTONIO;38
18;5692;DETERG YPE 500 ML NEUTRO;PERFUMARIA E LIMPEZA;84701;24/06/2026;157879;83984;24;0;120;0;0;;;558
18;9296;DET LIQ GOTA LIMPA 1L LIMAO;PERFUMARIA E LIMPEZA;84701;24/06/2026;157879;83984;12;2904;12;0;0;27/06/2026;ALEXSANDRO;74
18;2806;MACARRAO INST NISSIN ESP 500G T3;MERCEARIA;84701;24/06/2026;157879;83984;20;280;40;3;3;;JOSE ANTONIO;20
18;3769;VINAGRE ALCOOL KOLLER 500ML;MERCEARIA;84701;24/06/2026;157879;83984;12;1176;12;1;0;;JOSE ANTONIO;5,682
18;3681;TEMP ODERICH 300G AVES;MERCEARIA;84701;24/06/2026;157879;83984;24;0;24;1;0;;JOSE ANTONIO;19
18;20680;MAS PENNE MOSMANN INT C CHIA 400G;MERCEARIA;84701;24/06/2026;157879;83984;6;0;6;2;0;;JOSE ANTONIO;14
18;20363;MAC INST NISSIN C 6 L P GAL CAIP;MERCEARIA;84701;24/06/2026;157879;83984;12;72;72;9;0;;JOSE ANTONIO;266
18;20311;MAC CUP NOODLES 68PARMEGIANA;MERCEARIA;84701;24/06/2026;157879;83984;24;264;24;0;1;;JOSE ANTONIO;-8
18;5691;DETERG YPE 500 ML CLEAR;PERFUMARIA E LIMPEZA;84701;24/06/2026;157879;83984;24;46;24;0;0;27/06/2026;ALEXSANDRO;288
18;20651;MASSA DOMELLY SEMOLA 1KG PARAF;MERCEARIA;84701;24/06/2026;157879;83984;10;7;10;1;0;;JOSE ANTONIO;2
18;21557;PANO PTO PANOSUL COLOR C EST;PERFUMARIA E LIMPEZA;85043;24/06/2026;;;12;156;24;0;0;;;43
18;21554;PANO PANOSUL MEDIO C BAR 45X65 R24;PERFUMARIA E LIMPEZA;85043;24/06/2026;;;1;88;24;0;0;;;26
18;7277;PANO PANOSUL DUPLO 100 ALGODAO;PERFUMARIA E LIMPEZA;85043;24/06/2026;;;14;136;28;0;0;;;-4
18;18564;FLANELA ALG PANOSUL 34X50CM AMAR;PERFUMARIA E LIMPEZA;85043;24/06/2026;;;12;132;24;0;0;;;29
18;21555;PANO PANOSUL MEDIO ESTAMP 45X65 R23;PERFUMARIA E LIMPEZA;85043;24/06/2026;;;12;156;60;0;0;;;42
1;4238;AP MACH 3 ACQUA GRIP REGULAR;PERFUMARIA E LIMPEZA;85500;25/06/2026;158987;84186;1;1806;60;60;0;02/07/2026;TEIXEIRA;42
2;7933;SABONETE NIVEA 85G ERVA DOCE OLEOS;PERFUMARIA E LIMPEZA;85352;25/06/2026;158757;83970;96;288;96;0;0;02/07/2026;ERICA;193
2;48;AGUA MIN FLORESTA PET 500ML C GAS;BEBIDAS;85352;25/06/2026;158757;83970;12;47;192;0;0;02/07/2026;FERNANDO.H;3234
2;4250;AP PRESTOBARBA 3 CHAMPIONS UN;PERFUMARIA E LIMPEZA;85352;25/06/2026;158757;83970;1;-8;10;10;0;02/07/2026;BRUNO ANTUNES;0
2;4256;AP PRESTOBARBA ULTRAGRIP 3L CART2UN;PERFUMARIA E LIMPEZA;85352;25/06/2026;158757;83970;1;0;1;1;0;02/07/2026;BRUNO ANTUNES;0
2;8561;TALCO VINI LADY 200G BABY LAVANDA;PERFUMARIA E LIMPEZA;85352;25/06/2026;158757;83970;12;0;12;1;0;02/07/2026;BRUNO ANTUNES;0
2;1400;CHOC CARIBE GAROTO 28G CANDYBAR;MERCEARIA;85352;25/06/2026;158757;83970;30;0;30;1;0;02/07/2026;TEIXEIRA;22
2;34564;CREME JOAO E MARIA 40G P ASSADURA;PERFUMARIA E LIMPEZA;85352;25/06/2026;158757;83970;1;0;6;6;0;02/07/2026;BRUNO ANTUNES;1
2;4259;AP PRESTOBARBA ULTRA GRIP 2UN;PERFUMARIA E LIMPEZA;85352;25/06/2026;158757;83970;12;0;12;1;0;02/07/2026;BRUNO ANTUNES;115
2;834;REFRIG ANTARCTICA GUARANA PET 3L;BEBIDAS;85352;25/06/2026;158757;83970;4;833;124;0;0;02/07/2026;FERNANDO.H;224
2;1059;ALFAJOR EL AGUILA 60G CHOC BRANCO;MERCEARIA;85352;25/06/2026;158757;83970;12;1944;48;0;0;02/07/2026;TEIXEIRA;-20
2;12173;ABS GERIAMAX POS PARTO OPERAT C 20;PERFUMARIA E LIMPEZA;85352;25/06/2026;158757;83970;6;132;6;0;0;02/07/2026;ERICA;5
2;19315;COT HASTES FLEX COTTONBABY PT 100UN;PERFUMARIA E LIMPEZA;85352;25/06/2026;158757;83970;1;17;2;2;0;02/07/2026;BRUNO ANTUNES;60
2;830;REFRIG SPRITE PET 2L;BEBIDAS;85352;25/06/2026;158757;83970;8;8;8;0;0;02/07/2026;FERNANDO.H;296
2;1348;CHOC BATON GAROTO 16G CREME MOR;MERCEARIA;85352;25/06/2026;158757;83970;30;210;60;2;0;02/07/2026;TEIXEIRA;0
2;817;REFRIG FRUKI GUARANA ZR PET 2L GUARANA ZERO;BEBIDAS;85352;25/06/2026;158757;83970;6;168;6;0;0;02/07/2026;FERNANDO.H;0
2;4258;AP PROBAK II LV7 PG5;PERFUMARIA E LIMPEZA;85352;25/06/2026;158757;83970;1;57;1;1;0;02/07/2026;BRUNO ANTUNES;120
2;25;AGUA MIN DA PEDRA PET 2L C GAS;BEBIDAS;85352;25/06/2026;158757;83970;6;114;18;0;0;02/07/2026;FERNANDO.H;18
2;13;AGUA MIN CRYSTAL PET 1 5L C GAS;BEBIDAS;85352;25/06/2026;158757;83970;6;396;24;0;0;02/07/2026;FERNANDO.H;20
2;4238;AP MACH 3 ACQUA GRIP REGULAR;PERFUMARIA E LIMPEZA;85502;25/06/2026;158988;84187;1;1806;60;60;60;02/07/2026;MONIQUE;41
2;15585;CARGA GILLETTE MACH3 C 2;PERFUMARIA E LIMPEZA;85502;25/06/2026;158988;84187;4;2260;60;14;14;02/07/2026;MONIQUE;129
2;4263;AP VENUS SIMPLY 2UN;PERFUMARIA E LIMPEZA;85502;25/06/2026;158988;84187;12;84;24;0;0;;ERICA;21
3;113;CERV ORIGINAL1L RETORNAVEL;BEBIDAS;85354;25/06/2026;158758;83971;12;456;24;0;0;27/06/2026;ANDRIELLY;8
3;52;AGUA MIN FLORESTA PET 5L S GAS;BEBIDAS;85354;25/06/2026;158758;83971;4;36;112;0;0;27/06/2026;ANDRIELLY;0
3;2368;FEIJAO VERMELHO SERRA URUGUAI 500G;MERCEARIA;85354;25/06/2026;158758;83971;20;659;20;0;0;;;20
3;24639;TCO CORP JAYLUC 80G ROSAS;PERFUMARIA E LIMPEZA;85354;25/06/2026;158758;83971;12;60;12;1;1;03/07/2026;JESSICA M;9
3;20434;MAMAD LOLLY CLEAN 250ML;PERFUMARIA E LIMPEZA;85354;25/06/2026;158758;83971;6;0;6;0;0;03/07/2026;JESSICA M;4
3;8791;ABS MILI NOTURNO C ABAS 8UN;PERFUMARIA E LIMPEZA;85354;25/06/2026;158758;83971;36;0;36;0;0;27/06/2026;ALEXSANDRO;6
3;830;REFRIG SPRITE PET 2L;BEBIDAS;85407;25/06/2026;158906;84106;8;8;8;0;0;25/06/2026;MIKAEL;594
3;84;AGUA TONICA FRUKI LT 350ML;BEBIDAS;85407;25/06/2026;158906;84106;12;144;48;0;0;25/06/2026;MIKAEL;3
3;228;CERV AMSTEL LAGER LN 355ML;BEBIDAS;85407;25/06/2026;158906;84106;12;144;60;0;0;25/06/2026;MIKAEL;40
3;817;REFRIG FRUKI GUARANA ZR PET 2L GUARANA ZERO;BEBIDAS;85407;25/06/2026;158906;84106;6;168;18;0;0;25/06/2026;MIKAEL;-1
3;25;AGUA MIN DA PEDRA PET 2L C GAS;BEBIDAS;85407;25/06/2026;158906;84106;6;114;30;1;1;25/06/2026;MIKAEL;85
3;12;AGUA MIN AGUA DA PEDRA PET 1 5L S GAS;BEBIDAS;85407;25/06/2026;158906;84106;6;0;42;7;7;25/06/2026;MIKAEL;210
3;646;SUCO DEL VALLE FRUT PET 1 5L UVA;BEBIDAS;85407;25/06/2026;158906;84106;6;-18;30;0;0;25/06/2026;MIKAEL;17
3;34749;CERV BELLAVISTA LT 350ML ZERO;BEBIDAS;85407;25/06/2026;158906;84106;12;84;12;0;0;25/06/2026;MIKAEL;336
3;66;AGUA MIN DA PEDRA PET 350ML C GAS;BEBIDAS;85407;25/06/2026;158906;84106;12;0;84;0;0;25/06/2026;MIKAEL;0
3;656;SUCO DEL VALLE FRUT TP 1L UVA;BEBIDAS;85407;25/06/2026;158906;84106;6;24;18;0;0;25/06/2026;MIKAEL;47
3;403;ENERG ELEV LT 473 ML ACAI COCO;BEBIDAS;85407;25/06/2026;158906;84106;6;0;18;0;0;02/07/2026;JOCELAINE;-10
3;823;REFRIG FRUKI PET 2L UVA;BEBIDAS;85407;25/06/2026;158906;84106;6;51;24;0;0;02/07/2026;JOCELAINE;63
3;486;ENERG BALY LT 250ML MACA VERDE;BEBIDAS;85407;25/06/2026;158906;84106;6;6;6;0;0;25/06/2026;MIKAEL;25
3;56;AGUA MIN DA PEDRA LT 350ML LIM E ALE;BEBIDAS;85407;25/06/2026;158906;84106;12;72;12;0;0;25/06/2026;MIKAEL;0
3;396;ENERG MONSTER LT 473ML ULTRA;BEBIDAS;85407;25/06/2026;158906;84106;6;69;12;0;0;25/06/2026;MIKAEL;43
3;813;REFRIGC COLA FRUKI PET 2 L COLA;BEBIDAS;85407;25/06/2026;158906;84106;6;0;6;1;1;25/06/2026;MIKAEL;31
3;37304;REFRIG FRUKI LAB PASSION LT 350ML;BEBIDAS;85407;25/06/2026;158906;84106;12;24;12;0;0;25/06/2026;MIKAEL;0
3;566;REPOS POWERADE 500ML FTAS TROPICAIS;BEBIDAS;85407;25/06/2026;158906;84106;6;48;18;0;0;25/06/2026;MIKAEL;148
3;855;REFRIG FRUKI PET 600ML GUARANA;BEBIDAS;85407;25/06/2026;158906;84106;12;108;12;0;0;25/06/2026;MIKAEL;0
3;34748;ENERG ELEV PET 2L PINK LEMON ZERO;BEBIDAS;85407;25/06/2026;158906;84106;6;42;6;0;0;25/06/2026;MIKAEL;-6
3;538;GATORADE 500ML FRUTAS CITRICAS;BEBIDAS;85407;25/06/2026;158906;84106;6;0;18;3;3;25/06/2026;MIKAEL;-2
3;13;AGUA MIN CRYSTAL PET 1 5L C GAS;BEBIDAS;85407;25/06/2026;158906;84106;6;396;54;0;0;25/06/2026;MIKAEL;110
3;369;REFRE FRUKITO PET 2L LIMAO;BEBIDAS;85407;25/06/2026;158906;84106;6;114;30;2;2;25/06/2026;MIKAEL;35
3;3186;SALG BIG MAIS 90G BACON TRAD;MERCEARIA;85435;25/06/2026;158931;84142;20;0;20;0;0;26/06/2026;JESSICA;0
3;13104;BAT PALHA BIG MAIS TRAD 80G;PERECIVEIS;85435;25/06/2026;158931;84142;40;80;120;0;0;26/06/2026;JESSICA;70
3;2717;FARINHA TRIGO FIDALGA 1KG;MERCEARIA;85435;25/06/2026;158931;84142;10;0;50;0;0;02/07/2026;CAROLINA;10
3;13403;BISC DOCE NESTLE CHOCO TRIO 90G PRESTIGIO;MERCEARIA;85435;25/06/2026;158931;84142;12;531;36;3;0;03/07/2026;ERICA;185
3;13401;BISC DOCE NESTLE CHOCO TRIO 90G AVELA;MERCEARIA;85435;25/06/2026;158931;84142;12;204;60;0;0;26/06/2026;JESSICA;-1
3;2385;LENTILHA BELLA DICA 400G;MERCEARIA;85565;25/06/2026;159075;84278;12;0;60;5;0;04/07/2026;ALEX JARDIM;-4
3;2292;ERVILHA BELLA DICA PARTIDA 400GR;PERECIVEIS;85565;25/06/2026;159075;84278;12;1188;36;3;3;03/07/2026;EVERTON;604
3;2401;MILHO PIPOCA BELLA DICA 400GR;MERCEARIA;85565;25/06/2026;159075;84278;12;2160;60;5;0;04/07/2026;ALEX JARDIM;227
3;38652;AP PRESTO2 ULTRAGRIP FIXO BAG C 5;PERFUMARIA E LIMPEZA;85605;25/06/2026;159287;84685;1;0;30;30;0;03/07/2026;ALEXSANDER;0
3;35622;MACARRAO INST UFO 95G TOMATE;MERCEARIA;85619;25/06/2026;159369;84433;12;0;60;5;0;;;213
4;9291;DESINF YPE BAK 1L FLORAL;PERFUMARIA E LIMPEZA;85348;25/06/2026;166881;89384;12;0;25;0;0;;;0
4;15585;CARGA GILLETTE MACH3 C 2;PERFUMARIA E LIMPEZA;85506;25/06/2026;158990;84189;4;2260;40;10;0;03/07/2026;ALEXSANDER;19
4;986;OLEO SOJA VITALIV PET 900ML;MERCEARIA;85529;25/06/2026;159014;84189;20;60;60;0;0;26/06/2026;MARCOS M;74
5;2368;FEIJAO VERMELHO SERRA URUGUAI 500G;MERCEARIA;85356;25/06/2026;158759;83982;20;659;60;0;0;;;1
5;2637;ERVA MATE PONCHE VERDE 1KG LAMINADO;MERCEARIA;85356;25/06/2026;158759;83982;10;10;10;0;0;25/06/2026;BRUNO;-1
5;1397;CHOC NESTLE CHOKITO 32G UN;MERCEARIA;85356;25/06/2026;158759;83982;30;0;30;1;0;03/07/2026;ERICA;25
5;1298;CHOC BARRA NESTLE SUFLAIR DUO 80G;MERCEARIA;85356;25/06/2026;158759;83982;64;0;64;1;0;03/07/2026;ERICA;5
5;2296;ERVILHA YOKI PARTIDA 400GR;PERECIVEIS;85356;25/06/2026;158759;83982;16;111;32;0;0;25/06/2026;BRUNO;79
5;6618;KIT SH SEDA SH 300 COND 190ML LUMINIOUS UV;PERFUMARIA E LIMPEZA;85356;25/06/2026;158759;83982;15;735;15;1;0;;;51
5;2449;TRIGO P KIBE JUREIA 500G;MERCEARIA;85356;25/06/2026;158759;83982;12;0;12;1;0;;;25
5;21355;ODORIZ TECIDO AMAZON 500ML BABY;PERFUMARIA E LIMPEZA;85356;25/06/2026;158759;83982;12;0;12;1;0;03/07/2026;MONIQUE;12
5;1059;ALFAJOR EL AGUILA 60G CHOC BRANCO;MERCEARIA;85356;25/06/2026;158759;83982;12;1944;24;0;0;03/07/2026;ERICA;1
5;15764;CESTA BASICA MED;MERCEARIA;85356;25/06/2026;158760;83982;1;0;6;0;0;25/06/2026;BRUNO;4
5;8409;SH VINI LADY 325ML REPARACAO TOTAL;PERFUMARIA E LIMPEZA;85356;25/06/2026;158759;83982;12;0;24;2;0;03/07/2026;MONIQUE;11
5;20011;LC HID NIVEA 200ML BODY SOFT MILK;PERFUMARIA E LIMPEZA;85356;25/06/2026;158759;83982;6;0;6;1;0;03/07/2026;MONIQUE;6
5;8408;SH VINI LADY 325ML PRETO ABSOLUTO;PERFUMARIA E LIMPEZA;85356;25/06/2026;158759;83982;12;0;12;1;0;03/07/2026;MONIQUE;1
5;22914;REPARADOR PONTAS JAYLUC 30ML BLIND QUERAT;PERFUMARIA E LIMPEZA;85356;25/06/2026;158759;83982;24;126;24;1;0;;;67
5;2150;ARROZ BCO REQUINTE TP1 5KG;MERCEARIA;85356;25/06/2026;158759;83982;6;398;54;0;0;25/06/2026;BRUNO;18
5;9234;CR TRAT VINI LADY SC 700G ONDAS E CACHOS;PERFUMARIA E LIMPEZA;85356;25/06/2026;158759;83982;12;60;24;2;0;;;1
5;15494;CANJICA AMARELA JUREIA 500G;MERCEARIA;85356;25/06/2026;158759;83982;12;5;12;1;0;;;1
5;1416;CHOC SNICKERS 45G;MERCEARIA;85356;25/06/2026;158759;83982;20;100;20;1;0;03/07/2026;ERICA;53
5;22117;POM MASSAG BIO FISIOFORT PREMIUM 150ML;PERFUMARIA E LIMPEZA;85356;25/06/2026;158759;83982;12;912;12;1;0;03/07/2026;MONIQUE;13
5;5343;CR TRAT PENTEAR VINI LADY 900G LISO INTENSO;PERFUMARIA E LIMPEZA;85356;25/06/2026;158759;83982;6;0;6;1;0;03/07/2026;MONIQUE;6
5;3642;SAL REFINADO CISNE 1KG;MERCEARIA;85356;25/06/2026;158759;83982;10;10;10;0;0;25/06/2026;BRUNO;29
5;5313;CR PENT SEDA 300ML PRETO LUMINOSO;PERFUMARIA E LIMPEZA;85356;25/06/2026;158759;83982;12;84;12;1;0;;;11
5;24988;TOAL UMED COTTONBABY C 50;PERFUMARIA E LIMPEZA;85356;25/06/2026;158759;83982;24;0;24;1;0;;;0
5;5338;CR TRAT PENTEAR VINI LADY 900G ABACATE E TAMAR;PERFUMARIA E LIMPEZA;85356;25/06/2026;158759;83982;6;0;18;3;0;;;4
5;38562;KIT SH CD NEUTROX 300ML 200ML FORCA;PERFUMARIA E LIMPEZA;85356;25/06/2026;158759;83982;12;0;12;1;0;;;0
5;33374;DESO AERO AXE 200ML APO VET E MANDA;PERFUMARIA E LIMPEZA;85356;25/06/2026;158759;83982;12;804;36;0;0;03/07/2026;MONIQUE;1
5;38563;KIT SH CD NEUTROX 300ML 200ML OLEOS;PERFUMARIA E LIMPEZA;85356;25/06/2026;158759;83982;12;60;24;2;0;;;0
5;18740;FRALDA DESC FERINHA HIPER C 40 XXG;PERFUMARIA E LIMPEZA;85356;25/06/2026;158759;83982;6;2;6;1;0;;;0
5;12168;ABS DEFINITY C ABAS C 8;PERFUMARIA E LIMPEZA;85356;25/06/2026;158759;83982;60;600;60;1;0;;;1
5;9233;CR TRAT VINI LADY SC 700G LISO INTENSO;PERFUMARIA E LIMPEZA;85356;25/06/2026;158759;83982;12;36;12;1;0;;;4
5;3686;TEMP BICARBONATO SODIO APTI 100G;MERCEARIA;85356;25/06/2026;158759;83982;20;220;20;1;0;03/07/2026;ERICA;18
5;2747;FARINHA TRIGO ROSESOL 5KG;MERCEARIA;85356;25/06/2026;158759;83982;5;55;5;0;0;25/06/2026;BRUNO;1
5;12289;AGUA SANIT IMPERIAL 1L;PERFUMARIA E LIMPEZA;85356;25/06/2026;158759;83982;12;0;12;0;0;27/06/2026;ALEXSANDRO;12
5;6997;LOC HID MONANGE 200ML FRUTAS VERMELHA;PERFUMARIA E LIMPEZA;85356;25/06/2026;158759;83982;24;192;24;1;0;;;3
5;4238;AP MACH 3 ACQUA GRIP REGULAR;PERFUMARIA E LIMPEZA;85508;25/06/2026;158991;84190;1;1806;60;60;0;;;15
5;15585;CARGA GILLETTE MACH3 C 2;PERFUMARIA E LIMPEZA;85508;25/06/2026;158991;84190;4;2260;40;10;0;;;34
5;12452;AMEND BCO BELLA DICA 400G;MERCEARIA;85569;25/06/2026;159077;84280;12;4392;120;10;0;;;68
6;2698;KIMILHO YOKI 500G FLOCAO;MERCEARIA;85358;25/06/2026;158761;83969;12;18;12;0;0;03/07/2026;GABRIELL2;19
6;1445;CHOC NEUGEBAUER STIKADINHO 61 5G;MERCEARIA;85358;25/06/2026;158761;83969;56;70;56;1;0;03/07/2026;ERICA;16
6;4499;BUCHA VEGETAL VINI LADY 5003;PERFUMARIA E LIMPEZA;85358;25/06/2026;158761;83969;1;0;1;1;0;;;7
6;12278;AGUA OXIG BUTTERF 20V 100ML;PERFUMARIA E LIMPEZA;85358;25/06/2026;158761;83969;12;0;12;1;0;;;5
6;3380;CALDO KNORR 114G CARNE;MERCEARIA;85358;25/06/2026;158761;83969;10;6;10;1;0;03/07/2026;ERICA;3
6;5032;COND PANTENE 175ML RESTAUR PROFUND;PERFUMARIA E LIMPEZA;85358;25/06/2026;158761;83969;6;0;6;1;0;;;8
6;6909;LIMP PERF YPE 500ML JARDIM SECRETO;PERFUMARIA E LIMPEZA;85358;25/06/2026;158761;83969;24;72;24;0;0;27/06/2026;ALEXSANDRO;-5
6;3400;BARRA CEREAL RITTER 25G BAN AVEIA MEL;MERCEARIA;85358;25/06/2026;158761;83969;24;0;24;1;0;03/07/2026;ERICA;14
6;34564;CREME JOAO E MARIA 40G P ASSADURA;PERFUMARIA E LIMPEZA;85358;25/06/2026;158761;83969;1;0;11;11;0;;;-10
6;17309;DESOD ROLLON REXONA 50ML F POWDER;PERFUMARIA E LIMPEZA;85358;25/06/2026;158761;83969;12;312;12;0;0;;;12
6;12280;AGUA OXIG BUTTERF 40V 100ML;PERFUMARIA E LIMPEZA;85358;25/06/2026;158761;83969;12;0;12;1;0;;;18
6;8561;TALCO VINI LADY 200G BABY LAVANDA;PERFUMARIA E LIMPEZA;85358;25/06/2026;158761;83969;12;0;12;1;0;;;1
6;17317;DESOD ROLLON REXONA 50ML XTRA COOL;PERFUMARIA E LIMPEZA;85358;25/06/2026;158761;83969;12;396;12;1;0;;;3
6;8149;SH ANTIC CLEAR 200ML MEN LIMPEZA PROFUND;PERFUMARIA E LIMPEZA;85358;25/06/2026;158761;83969;12;36;12;1;0;;;15
6;8284;SH PANTENE 175ML BIOTINAMINA;PERFUMARIA E LIMPEZA;85358;25/06/2026;158761;83969;6;90;6;1;0;;;16
6;2681;FARINHA MANDIOCA YOKI 500G TORRADA;MERCEARIA;85358;25/06/2026;158761;83969;24;24;24;0;0;03/07/2026;GABRIELL2;27
6;15732;CERA LIQ GIRANDO SOL 750ML INCOLOR;PERFUMARIA E LIMPEZA;85358;25/06/2026;158761;83969;12;300;12;0;0;27/06/2026;ALEXSANDRO;7
6;687;ESP GARIBALDI PRIMICIAS GF 660ML ROSE;BEBIDAS;85358;25/06/2026;158761;83969;1;0;1;1;0;03/07/2026;ERICA;8
6;8232;SH HEAD SHOULDERS 200ML PREV QUEDA;PERFUMARIA E LIMPEZA;85358;25/06/2026;158761;83969;6;30;12;2;0;;;10
6;8791;ABS MILI NOTURNO C ABAS 8UN;PERFUMARIA E LIMPEZA;85358;25/06/2026;158761;83969;36;0;36;0;0;27/06/2026;AUGUSTO;38
6;2368;FEIJAO VERMELHO SERRA URUGUAI 500G;MERCEARIA;85358;25/06/2026;158761;83969;20;659;40;0;0;;;25
6;4258;AP PROBAK II LV7 PG5;PERFUMARIA E LIMPEZA;85358;25/06/2026;158761;83969;1;57;1;1;0;;;22
6;4254;AP PRESTOBARBA 3 LV4 PG3 MASCULINO;PERFUMARIA E LIMPEZA;85510;25/06/2026;158992;84191;6;516;60;10;0;;;31
6;15585;CARGA GILLETTE MACH3 C 2;PERFUMARIA E LIMPEZA;85510;25/06/2026;158992;84191;4;2260;40;10;0;;;52
6;4238;AP MACH 3 ACQUA GRIP REGULAR;PERFUMARIA E LIMPEZA;85510;25/06/2026;158992;84191;1;1806;60;60;0;;;20
6;4263;AP VENUS SIMPLY 2UN;PERFUMARIA E LIMPEZA;85510;25/06/2026;158992;84191;12;84;24;2;0;03/07/2026;MONIQUE;17
7;7950;SABON PALMOLIVE NATURALS 150G TURMALINA;PERFUMARIA E LIMPEZA;85360;25/06/2026;158762;83983;72;0;72;1;0;;;4
7;3384;CALDO GALINHA APTI 57G;MERCEARIA;85360;25/06/2026;158762;83983;120;0;120;1;0;03/07/2026;ERICA;0
7;587;GIN OLD BRIDGE VD 900ML ROSE;BEBIDAS;85360;25/06/2026;158762;83983;1;0;2;2;0;03/07/2026;ERICA;4
7;17699;ERVA MATE VERDINHA 1K;MERCEARIA;85360;25/06/2026;158762;83983;20;0;20;1;0;;;0
7;15494;CANJICA AMARELA JUREIA 500G;MERCEARIA;85360;25/06/2026;158762;83983;12;5;12;1;0;;;-23
7;1397;CHOC NESTLE CHOKITO 32G UN;MERCEARIA;85360;25/06/2026;158762;83983;30;0;90;3;0;03/07/2026;ERICA;0
7;5665;DESOD VINI LADY 45G CREME FEMME;PERFUMARIA E LIMPEZA;85360;25/06/2026;158762;83983;24;0;24;1;0;;;0
7;22916;REPARADOR PONTAS JAYLUC 30ML OLEO ARGAN;PERFUMARIA E LIMPEZA;85360;25/06/2026;158762;83983;24;49;24;1;0;;;23
7;1059;ALFAJOR EL AGUILA 60G CHOC BRANCO;MERCEARIA;85360;25/06/2026;158762;83983;12;1944;24;0;0;03/07/2026;ERICA;2
7;8679;TOALHINHA UMED NATURAL BABY 100UN;PERFUMARIA E LIMPEZA;85360;25/06/2026;158762;83983;12;540;12;0;0;;;1
7;1282;CHOC BARRA LACTA AO LEITE 80G;MERCEARIA;85360;25/06/2026;158762;83983;17;0;34;2;0;03/07/2026;ERICA;99
7;3524;FERM QUIMICO PO FLEISCHMANN PT 100G;MERCEARIA;85360;25/06/2026;158762;83983;12;324;24;2;0;03/07/2026;ERICA;26
7;2368;FEIJAO VERMELHO SERRA URUGUAI 500G;MERCEARIA;85360;25/06/2026;158762;83983;20;659;60;0;0;;;7
7;5347;CR TRAT PENTEAR VINI LADY 900G REPARACAO TOTAL;PERFUMARIA E LIMPEZA;85360;25/06/2026;158762;83983;6;0;6;1;0;;;3
7;1416;CHOC SNICKERS 45G;MERCEARIA;85360;25/06/2026;158762;83983;20;100;80;4;0;03/07/2026;ERICA;28
7;33373;DESO AERO AXE 200ML BLACK ALE E CED;PERFUMARIA E LIMPEZA;85360;25/06/2026;158762;83983;12;912;12;1;0;;;59
7;24893;TINTURA MAXTON POUCH 140G 5 0 CASTANHO CL;PERFUMARIA E LIMPEZA;85360;25/06/2026;158762;83983;6;0;6;1;0;;;1
7;5340;CR TRAT PENTEAR VINI LADY 900G COCO;PERFUMARIA E LIMPEZA;85360;25/06/2026;158762;83983;6;0;6;1;0;;;2
7;8409;SH VINI LADY 325ML REPARACAO TOTAL;PERFUMARIA E LIMPEZA;85360;25/06/2026;158762;83983;12;0;24;2;0;;;6
7;5338;CR TRAT PENTEAR VINI LADY 900G ABACATE E TAMAR;PERFUMARIA E LIMPEZA;85360;25/06/2026;158762;83983;6;0;12;2;0;;;0
7;24313;SH DARLING CERAMIDAS 650ML;PERFUMARIA E LIMPEZA;85360;25/06/2026;158762;83983;6;0;6;1;0;;;8
7;1849;DROPS FREEGELLS 27 9G EXTRA FORTE;MERCEARIA;85360;25/06/2026;158762;83983;12;1188;12;1;0;03/07/2026;ERICA;7
7;34564;CREME JOAO E MARIA 40G P ASSADURA;PERFUMARIA E LIMPEZA;85360;25/06/2026;158762;83983;1;0;5;5;0;;;0
7;18740;FRALDA DESC FERINHA HIPER C 40 XXG;PERFUMARIA E LIMPEZA;85360;25/06/2026;158762;83983;6;2;6;1;0;;;0
7;9234;CR TRAT VINI LADY SC 700G ONDAS E CACHOS;PERFUMARIA E LIMPEZA;85360;25/06/2026;158762;83983;12;60;12;1;0;;;7
7;5538;DESOD AERO DOVE 89G 150ML ORIGINAL;PERFUMARIA E LIMPEZA;85360;25/06/2026;158762;83983;12;394;12;1;0;;;66
7;9233;CR TRAT VINI LADY SC 700G LISO INTENSO;PERFUMARIA E LIMPEZA;85360;25/06/2026;158762;83983;12;36;12;1;0;;;0
7;33915;ARROZ SABOROSO PARB 1KG INTEGRAL;MERCEARIA;85360;25/06/2026;158762;83983;30;240;30;1;0;;;50
7;3686;TEMP BICARBONATO SODIO APTI 100G;MERCEARIA;85360;25/06/2026;158762;83983;20;220;40;2;0;03/07/2026;ERICA;0
7;33374;DESO AERO AXE 200ML APO VET E MANDA;PERFUMARIA E LIMPEZA;85360;25/06/2026;158762;83983;12;804;36;0;0;;;2
7;1058;ALFAJOR EL AGUILA 60G CHOC;MERCEARIA;85360;25/06/2026;158762;83983;12;1032;12;0;0;03/07/2026;ERICA;1
7;4238;AP MACH 3 ACQUA GRIP REGULAR;PERFUMARIA E LIMPEZA;85512;25/06/2026;158993;84192;1;1806;60;60;0;;;27
7;12452;AMEND BCO BELLA DICA 400G;MERCEARIA;85573;25/06/2026;159079;84282;12;4392;120;10;0;;;69
8;6781;LEITE LV EDGE ELEGE 1L INTEGRAL;PERECIVEIS;85330;25/06/2026;158745;83980;12;204;12;1;0;;;243
8;6801;LEITE UHT TP NINHO 1L INTEGRAL;PERECIVEIS;85330;25/06/2026;158745;83980;12;1779;12;1;0;;;36
8;9756;LEITE TIROL INTEGRAL ZR LACTOSE 1L;PERECIVEIS;85330;25/06/2026;158745;83980;12;540;84;0;0;;;198
8;6797;LEITE UHT PIRACANJUBA 1L SEMI DES ZR LAC;PERECIVEIS;85330;25/06/2026;158745;83980;12;0;36;0;0;;;-31
8;1059;ALFAJOR EL AGUILA 60G CHOC BRANCO;MERCEARIA;85362;25/06/2026;158763;83980;12;1944;24;0;0;03/07/2026;ERICA;0
8;17309;DESOD ROLLON REXONA 50ML F POWDER;PERFUMARIA E LIMPEZA;85362;25/06/2026;158763;83980;12;312;12;0;0;;;31
8;844;REFRIG ANTARCTICA PET 600ML GUARANA;BEBIDAS;85362;25/06/2026;158763;83980;12;12;12;1;0;;;1
8;5338;CR TRAT PENTEAR VINI LADY 900G ABACATE E TAMAR;PERFUMARIA E LIMPEZA;85362;25/06/2026;158763;83980;6;0;12;2;0;;;0
8;8405;SH VINI LADY 325ML LISO INTENSO;PERFUMARIA E LIMPEZA;85362;25/06/2026;158763;83980;12;0;12;1;0;;;10
8;8244;SH JAY LUC 1L COCO SEM SAL;PERFUMARIA E LIMPEZA;85362;25/06/2026;158763;83980;12;36;12;1;0;;;15
8;1397;CHOC NESTLE CHOKITO 32G UN;MERCEARIA;85362;25/06/2026;158763;83980;30;0;90;3;0;03/07/2026;ERICA;18
8;1395;CHOC NESTLE PRESTIGIO 33G UN;MERCEARIA;85362;25/06/2026;158763;83980;30;0;30;1;0;03/07/2026;ERICA;19
8;34564;CREME JOAO E MARIA 40G P ASSADURA;PERFUMARIA E LIMPEZA;85362;25/06/2026;158763;83980;1;0;2;2;0;;;16
8;12279;AGUA OXIG BUTTERF 30V 100ML;PERFUMARIA E LIMPEZA;85362;25/06/2026;158763;83980;12;0;12;1;0;;;16
8;35228;REFRIG FRUKI FRAMB PET 2L;BEBIDAS;85362;25/06/2026;158763;83980;6;54;18;3;0;;;0
8;213;CERV SKOL PILSEN LT 473ML;BEBIDAS;85362;25/06/2026;158763;83980;12;27516;72;6;0;;;5457
8;1847;DROPS FREEGELLS 27 9G VIT C CITRUS;MERCEARIA;85362;25/06/2026;158763;83980;12;120;12;1;0;03/07/2026;ERICA;345
8;687;ESP GARIBALDI PRIMICIAS GF 660ML ROSE;BEBIDAS;85362;25/06/2026;158763;83980;1;0;1;1;0;03/07/2026;ERICA;6
8;1416;CHOC SNICKERS 45G;MERCEARIA;85362;25/06/2026;158763;83980;20;100;20;1;0;03/07/2026;ERICA;28
8;403;ENERG ELEV LT 473 ML ACAI COCO;BEBIDAS;85362;25/06/2026;158763;83980;6;0;6;0;0;;;16
8;2805;POLENTA GERMANI 500G PERDIZ;MERCEARIA;85362;25/06/2026;158763;83980;12;9;12;1;0;;;22
8;5343;CR TRAT PENTEAR VINI LADY 900G LISO INTENSO;PERFUMARIA E LIMPEZA;85362;25/06/2026;158763;83980;6;0;12;2;0;;;1
8;17313;DESOD ROLLON REXONA 50ML MEN ANTIBAC;PERFUMARIA E LIMPEZA;85362;25/06/2026;158763;83980;12;0;12;1;0;;;15
8;24639;TCO CORP JAYLUC 80G ROSAS;PERFUMARIA E LIMPEZA;85362;25/06/2026;158763;83980;12;60;12;1;0;;;21
8;2368;FEIJAO VERMELHO SERRA URUGUAI 500G;MERCEARIA;85362;25/06/2026;158763;83980;20;659;60;0;0;;;-22
8;34460;ENERG MONSTER LT 473ML PIPELINE PUNCH;BEBIDAS;85362;25/06/2026;158763;83980;6;5;6;1;0;;;8
8;7936;SABONETE NIVEA 85G LAVANDA;PERFUMARIA E LIMPEZA;85362;25/06/2026;158763;83980;96;0;96;1;0;;;16
8;648;WHISKY MASTER GOLD VD 900ML;BEBIDAS;85362;25/06/2026;158763;83980;1;96;1;1;0;03/07/2026;ERICA;-1
8;17274;DESOD ROLLON ABOVE DERMACLINIC 50ML WOMEN;PERFUMARIA E LIMPEZA;85362;25/06/2026;158763;83980;12;0;12;1;0;;;6
8;7425;PEDRA SANITARIA SANI SOL 20G JASMIN;PERFUMARIA E LIMPEZA;85362;25/06/2026;158763;83980;144;1152;288;2;0;;;0
8;8426;SH350 COND PANTENE 175ML HIDROCAUTER;PERFUMARIA E LIMPEZA;85362;25/06/2026;158763;83980;6;0;6;1;0;;;0
8;62;AGUA GASEIFICADA CRYSTAL PET 510ML MELANCIA;BEBIDAS;85362;25/06/2026;158763;83980;6;0;6;1;0;;;27
8;761;REFRIG ANTAR SODA LIMONAD PET 200ML;BEBIDAS;85362;25/06/2026;158763;83980;12;336;36;3;0;;;61
8;575;ENERG HIPERTENSAO PET 2L ZERO;BEBIDAS;85362;25/06/2026;158763;83980;6;252;6;1;0;;;-1
8;289;CERV SOL PREMIUM LN 330ML;BEBIDAS;85362;25/06/2026;158763;83980;24;60;24;1;0;;;32
8;2758;MAIONESE LIZA SH 196G;MERCEARIA;85362;25/06/2026;158763;83980;24;20939;48;2;0;;;27
8;18740;FRALDA DESC FERINHA HIPER C 40 XXG;PERFUMARIA E LIMPEZA;85362;25/06/2026;158763;83980;6;2;6;1;0;;;0
8;7424;PEDRA SANITARIA SANI SOL 20G FLORAL;PERFUMARIA E LIMPEZA;85362;25/06/2026;158763;83980;144;3600;288;2;0;;;0
8;9236;CR TRAT VINI LADY SC 700G REPARACAO TOTAL;PERFUMARIA E LIMPEZA;85362;25/06/2026;158763;83980;12;36;24;2;0;;;1
8;21355;ODORIZ TECIDO AMAZON 500ML BABY;PERFUMARIA E LIMPEZA;85362;25/06/2026;158763;83980;12;0;12;1;0;;;0
8;191;CERV PROVINCIA MALZBIER LT 473ML;BEBIDAS;85362;25/06/2026;158763;83980;12;2129;12;1;0;;;45
8;8561;TALCO VINI LADY 200G BABY LAVANDA;PERFUMARIA E LIMPEZA;85362;25/06/2026;158763;83980;12;0;12;1;0;;;-2
8;54;AGUA MIN DA PEDRA LT 350ML ABACAXI E HORTE;BEBIDAS;85362;25/06/2026;158763;83980;12;24;12;1;0;;;4
8;2378;DUETO FUGINI SH 170G ERVILHA MILHO;MERCEARIA;85362;25/06/2026;158763;83980;36;108;36;1;0;;;0
11;1058;ALFAJOR EL AGUILA 60G CHOC;MERCEARIA;85364;25/06/2026;158765;83977;12;1032;24;0;0;03/07/2026;AUGUSTO;-23
11;856;REFRIG FRUKI PET 600ML LARANJA;BEBIDAS;85364;25/06/2026;158765;83977;12;0;12;0;0;;BRUNO ANTUNES;0
11;855;REFRIG FRUKI PET 600ML GUARANA;BEBIDAS;85364;25/06/2026;158765;83977;12;108;12;0;0;;BRUNO ANTUNES;-1
11;389;ENERG MONSTER LT 473ML GREEN;BEBIDAS;85364;25/06/2026;158765;83977;6;2972;6;0;0;;BRUNO ANTUNES;64
11;375;REFRE FRUKITO PET 500ML LIMAO;BEBIDAS;85364;25/06/2026;158765;83977;12;2;12;0;0;;BRUNO ANTUNES;0
11;820;REFRIG FRUKI PET 2L LARANJINHA;BEBIDAS;85364;25/06/2026;158765;83977;6;6;6;0;0;;BRUNO ANTUNES;4
11;3516;FERM PO BIOL GOOD INSTANT SH 125G;MERCEARIA;85364;25/06/2026;158765;83977;12;504;12;1;0;03/07/2026;AUGUSTO;0
11;14;AGUA SABORIZ H2OH PET 1 5L LIMAO;BEBIDAS;85364;25/06/2026;158765;83977;6;6;6;0;0;;BRUNO ANTUNES;8
11;909;REFRIG SPRITE LT 350ML;BEBIDAS;85364;25/06/2026;158765;83977;6;6;6;0;0;;BRUNO ANTUNES;41
11;743;REFRIG FRUKI PET 1 5L GUARANA;BEBIDAS;85364;25/06/2026;158765;83977;6;0;6;0;0;;BRUNO ANTUNES;-2
11;832;REFRIG SUKITA PET 2L LARANJA;BEBIDAS;85364;25/06/2026;158765;83977;8;609;8;0;0;;BRUNO ANTUNES;54
11;817;REFRIG FRUKI GUARANA ZR PET 2L GUARANA ZERO;BEBIDAS;85364;25/06/2026;158765;83977;6;168;24;0;0;;BRUNO ANTUNES;0
11;1059;ALFAJOR EL AGUILA 60G CHOC BRANCO;MERCEARIA;85364;25/06/2026;158765;83977;12;1944;24;0;0;03/07/2026;AUGUSTO;1
11;1292;CHOC BARRA NESTLE 80G MEIO AMARGO;MERCEARIA;85364;25/06/2026;158765;83977;64;224;64;1;0;03/07/2026;AUGUSTO;38
11;744;REFRIG FRUKI PET 1 5L GUARANA ZERO;BEBIDAS;85364;25/06/2026;158765;83977;6;-6;6;0;0;;BRUNO ANTUNES;54
11;830;REFRIG SPRITE PET 2L;BEBIDAS;85364;25/06/2026;158765;83977;8;8;8;0;0;;BRUNO ANTUNES;161
11;656;SUCO DEL VALLE FRUT TP 1L UVA;BEBIDAS;85364;25/06/2026;158765;83977;6;24;6;0;0;;BRUNO ANTUNES;11
11;289;CERV SOL PREMIUM LN 330ML;BEBIDAS;85364;25/06/2026;158765;83977;24;60;24;0;0;;BRUNO ANTUNES;0
11;4564;CARGA MACH 3 2UN CARBONO;PERFUMARIA E LIMPEZA;85364;25/06/2026;158765;83977;12;0;12;1;0;;;14
11;151;CERV BOHEMIA LT 473ML;BEBIDAS;85364;25/06/2026;158765;83977;12;0;12;0;0;;BRUNO ANTUNES;19
11;15757;CERV IMPERIO PILSEN LT 473ML PURO MALTE;BEBIDAS;85364;25/06/2026;158765;83977;12;1056;48;0;0;;BRUNO ANTUNES;60
11;889;REFRIG COCA COLA LT 350ML;BEBIDAS;85364;25/06/2026;158765;83977;12;120;12;0;0;;BRUNO ANTUNES;12
11;893;REFRIG COCA COLA ZERO LT 350ML;BEBIDAS;85364;25/06/2026;158765;83977;12;0;12;0;0;;BRUNO ANTUNES;307
11;824;REFRIG PEPSI PET 2L BLACK;BEBIDAS;85364;25/06/2026;158765;83977;8;864;8;0;0;;BRUNO ANTUNES;149
11;35228;REFRIG FRUKI FRAMB PET 2L;BEBIDAS;85364;25/06/2026;158765;83977;6;54;18;0;0;;BRUNO ANTUNES;0
11;123;CERV BUDWEISER GF 300ML RETORNAVEL;BEBIDAS;85364;25/06/2026;158765;83977;23;299;23;0;0;;BRUNO ANTUNES;33
11;4598;CERV ITAIPAVA MALZBIER LT 350ML;BEBIDAS;85364;25/06/2026;158765;83977;12;3842;12;0;0;;BRUNO ANTUNES;50
11;50;AGUA MIN DA PEDRA PET 5L S GAS;BEBIDAS;85364;25/06/2026;158765;83977;4;464;28;0;0;;BRUNO ANTUNES;34
11;1416;CHOC SNICKERS 45G;MERCEARIA;85364;25/06/2026;158765;83977;20;100;40;2;0;03/07/2026;AUGUSTO;13
11;4256;AP PRESTOBARBA ULTRAGRIP 3L CART2UN;PERFUMARIA E LIMPEZA;85364;25/06/2026;158765;83977;1;0;1;1;0;;;0
11;128;CERV SKOL PILSEN GF 300ML RETORNAVEL;BEBIDAS;85364;25/06/2026;158765;83977;23;1311;69;0;0;;BRUNO ANTUNES;34
11;433;ENERG BALY PET 2L MACA VERDE;BEBIDAS;85364;25/06/2026;158765;83977;6;0;6;0;0;;BRUNO ANTUNES;9
11;847;REFRIG COCA COLA PET 600ML;BEBIDAS;85364;25/06/2026;158765;83977;12;520;12;0;0;;BRUNO ANTUNES;35
11;9291;DESINF YPE BAK 1L FLORAL;PERFUMARIA E LIMPEZA;85364;25/06/2026;158765;89385;12;0;11;0;0;;;0
11;17313;DESOD ROLLON REXONA 50ML MEN ANTIBAC;PERFUMARIA E LIMPEZA;85364;25/06/2026;158765;83977;12;0;12;1;0;;;7
11;34496;CERV BELLAVISTA PILSEN LT 473ML;BEBIDAS;85364;25/06/2026;158765;83977;12;1056;48;0;0;;BRUNO ANTUNES;136
11;36829;ENERG BALY LT 473ML TADALA AZULZIN;BEBIDAS;85364;25/06/2026;158765;83977;6;96;12;0;0;;BRUNO ANTUNES;0
11;795;REFRIG COCA COLA PET 2L ZERO;BEBIDAS;85364;25/06/2026;158765;83977;8;48;56;0;0;;BRUNO ANTUNES;-13
11;147;CERV ANTARCTICA PILSEN LT 473ML;BEBIDAS;85364;25/06/2026;158765;83977;12;3794;120;0;0;;BRUNO ANTUNES;425
11;2586;ERVA MATE VERDINHA 1KG MOIDA GROSSA;MERCEARIA;85364;25/06/2026;158765;83977;20;460;40;2;0;;;17
11;3805;PO P SORVETE APTI 120G CREME;MERCEARIA;85364;25/06/2026;158765;83977;12;0;12;1;0;03/07/2026;AUGUSTO;26
11;7232;OLEO KING 100ML MULTIUSO;PERFUMARIA E LIMPEZA;85364;25/06/2026;158765;83977;6;36;6;1;0;;;22
11;17309;DESOD ROLLON REXONA 50ML F POWDER;PERFUMARIA E LIMPEZA;85364;25/06/2026;158765;83977;12;312;12;0;0;;;5
11;78;AGUA SABORIZ H2OH PET 500ML LIMAO;BEBIDAS;85364;25/06/2026;158765;83977;12;24;12;0;0;;BRUNO ANTUNES;0
11;821;REFRIG FRUKI PET 2L LIMAO;BEBIDAS;85364;25/06/2026;158765;83977;6;0;30;0;0;;BRUNO ANTUNES;5
11;814;REFRIGC COLA FRUKI PET 2 L COLA ZERO;BEBIDAS;85364;25/06/2026;158765;83977;6;-24;24;0;0;;BRUNO ANTUNES;1
11;903;REFRIG PEPSI BLACK LT 350ML;BEBIDAS;85364;25/06/2026;158765;83977;12;1728;12;0;0;;BRUNO ANTUNES;3
11;431;ENERG BALY PET 2L FRUTA TROPICAIS;BEBIDAS;85364;25/06/2026;158765;83977;6;252;6;0;0;;BRUNO ANTUNES;6
11;2814;POLENTA PERDIZ 500G INST TEMP;MERCEARIA;85364;25/06/2026;158765;83977;12;71;12;1;0;;;24
11;9125;COND DARLING 350ML CERAMIDAS;PERFUMARIA E LIMPEZA;85364;25/06/2026;158765;83977;6;0;6;1;0;;;3
11;12273;AGUA MIN DA PEDRA LT 350ML BER CAPIM LIM;BEBIDAS;85364;25/06/2026;158765;83977;12;24;12;0;0;;BRUNO ANTUNES;10
11;213;CERV SKOL PILSEN LT 473ML;BEBIDAS;85364;25/06/2026;158765;83977;12;27516;72;0;0;;BRUNO ANTUNES;7214
11;432;COQUETEL BUCANERO PET 790ML;BEBIDAS;85364;25/06/2026;158765;83977;12;744;12;0;0;;BRUNO ANTUNES;1
11;408;ENERG ELEV LT 473 ML ZERO;BEBIDAS;85364;25/06/2026;158765;83977;6;174;60;0;0;;BRUNO ANTUNES;7
11;834;REFRIG ANTARCTICA GUARANA PET 3L;BEBIDAS;85364;25/06/2026;158765;83977;4;833;20;0;0;;BRUNO ANTUNES;24
11;2098;ARROZ BCO OESTE TP1 2KG;MERCEARIA;85557;25/06/2026;159068;84284;15;465;30;2;0;;;-4
12;12291;AGUA SANIT IMPERIAL 5L;PERFUMARIA E LIMPEZA;85366;25/06/2026;158767;83973;4;3;4;0;0;26/06/2026;FERNANDO PAZ;11
12;1416;CHOC SNICKERS 45G;MERCEARIA;85366;25/06/2026;158767;83973;20;100;60;3;0;;;0
12;1292;CHOC BARRA NESTLE 80G MEIO AMARGO;MERCEARIA;85366;25/06/2026;158767;83973;64;224;192;3;0;;;-1
12;1400;CHOC CARIBE GAROTO 28G CANDYBAR;MERCEARIA;85366;25/06/2026;158767;83973;30;0;30;1;0;;;27
12;1397;CHOC NESTLE CHOKITO 32G UN;MERCEARIA;85366;25/06/2026;158767;83973;30;0;90;3;0;;;0
12;1286;CHOC BARRA NESTLE 80G SUFLAIR;MERCEARIA;85366;25/06/2026;158767;83973;64;-64;256;0;0;;;0
12;1430;CHOC KIT KAT 41 5G FINGER AO LEITE;MERCEARIA;85366;25/06/2026;158767;83973;24;1848;120;5;0;;;6
12;35123;CHOC BATON GAROTO 16G DUO;MERCEARIA;85366;25/06/2026;158767;83973;30;30;30;1;0;;;0
12;4499;BUCHA VEGETAL VINI LADY 5003;PERFUMARIA E LIMPEZA;85366;25/06/2026;158767;83973;1;0;4;4;0;;;2
12;2368;FEIJAO VERMELHO SERRA URUGUAI 500G;MERCEARIA;85366;25/06/2026;158767;83973;20;659;120;0;0;;;21
12;1059;ALFAJOR EL AGUILA 60G CHOC BRANCO;MERCEARIA;85366;25/06/2026;158767;83973;12;1944;24;0;0;;;0
12;1348;CHOC BATON GAROTO 16G CREME MOR;MERCEARIA;85366;25/06/2026;158767;83973;30;210;60;2;0;;;0
12;1289;CHOC BARRA NESTLE 80G PRESTIGIO;MERCEARIA;85366;25/06/2026;158767;83973;64;32;128;2;0;;;7
12;10474;LIMP YPE PERFUMADO 500ML AZUL TROPICAL;PERFUMARIA E LIMPEZA;85366;25/06/2026;158767;83973;24;24;24;0;0;26/06/2026;FERNANDO PAZ;1
12;17309;DESOD ROLLON REXONA 50ML F POWDER;PERFUMARIA E LIMPEZA;85366;25/06/2026;158767;83973;12;312;12;0;0;;;36
12;4250;AP PRESTOBARBA 3 CHAMPIONS UN;PERFUMARIA E LIMPEZA;85366;25/06/2026;158767;83973;1;-8;10;10;0;;;0
12;5691;DETERG YPE 500 ML CLEAR;PERFUMARIA E LIMPEZA;85366;25/06/2026;158767;83973;24;46;72;0;0;26/06/2026;FERNANDO PAZ;32
12;1372;CHOC CROCANTE GAROTO 25G;MERCEARIA;85366;25/06/2026;158767;83973;30;0;30;1;0;;;1
12;16080;CHUP CEFISA SIL ORT T2;PERFUMARIA E LIMPEZA;85366;25/06/2026;158767;83973;24;192;24;1;0;;;13
12;17317;DESOD ROLLON REXONA 50ML XTRA COOL;PERFUMARIA E LIMPEZA;85366;25/06/2026;158767;83973;12;396;12;1;0;;;13
12;34284;CHOC BIBS STICKS 29G BEIJINHO;MERCEARIA;85366;25/06/2026;158767;83973;16;0;16;1;0;;;3
12;4263;AP VENUS SIMPLY 2UN;PERFUMARIA E LIMPEZA;85516;25/06/2026;158995;84194;12;84;24;2;0;;;0
12;15585;CARGA GILLETTE MACH3 C 2;PERFUMARIA E LIMPEZA;85516;25/06/2026;158995;84194;4;2260;80;20;0;;;3
12;4238;AP MACH 3 ACQUA GRIP REGULAR;PERFUMARIA E LIMPEZA;85516;25/06/2026;158995;84194;1;1806;60;60;0;;;45
12;4251;AP PRESTOBARBA 3 LV4 PG3 COOL;PERFUMARIA E LIMPEZA;85516;25/06/2026;158995;84194;6;126;30;5;0;;;6
12;4246;AP PRESTOBARBA 3 2UN MASC;PERFUMARIA E LIMPEZA;85516;25/06/2026;158995;84194;12;444;60;0;0;;;0
13;6797;LEITE UHT PIRACANJUBA 1L SEMI DES ZR LAC;PERECIVEIS;85336;25/06/2026;158748;83978;12;0;132;0;0;25/06/2026;ALEXSANDER;56
13;6787;LEITE LV ELEGE 1L ZERO LAC SEMI DES;PERECIVEIS;85336;25/06/2026;158748;83978;12;286;24;2;0;25/06/2026;ALEXSANDER;-127
13;9756;LEITE TIROL INTEGRAL ZR LACTOSE 1L;PERECIVEIS;85336;25/06/2026;158748;83978;12;540;180;0;0;25/06/2026;ALEXSANDER;-65
13;6799;LEITE SANTA CLARA 1L ZERO LACTOSE;PERECIVEIS;85336;25/06/2026;158748;83978;12;12;12;1;0;25/06/2026;ALEXSANDER;-1
13;6790;LEITE UHT NINHO 1L ZERO LACTOSE;PERECIVEIS;85336;25/06/2026;158748;83978;12;96;24;2;0;25/06/2026;ALEXSANDER;27
13;9741;LEITE SANTA CLARA LV SEMI DESN 1L;PERECIVEIS;85336;25/06/2026;158748;83978;12;551;12;1;0;25/06/2026;ALEXSANDER;77
13;6781;LEITE LV EDGE ELEGE 1L INTEGRAL;PERECIVEIS;85336;25/06/2026;158748;83978;12;204;12;1;0;25/06/2026;ALEXSANDER;853
13;6780;LEITE NINHO UHT TP LEVINHO 1L SEMI DESNATADO;PERECIVEIS;85336;25/06/2026;158748;83978;12;84;12;1;0;25/06/2026;ALEXSANDER;1
13;1416;CHOC SNICKERS 45G;MERCEARIA;85368;25/06/2026;158769;83978;20;100;20;1;0;;;34
13;3380;CALDO KNORR 114G CARNE;MERCEARIA;85368;25/06/2026;158769;83978;10;6;10;1;0;03/07/2026;AUGUSTO;2
13;647;WHISKY GREEN VALLEY VD 1L;BEBIDAS;85368;25/06/2026;158769;83978;1;0;1;1;0;03/07/2026;AUGUSTO;0
13;4250;AP PRESTOBARBA 3 CHAMPIONS UN;PERFUMARIA E LIMPEZA;85368;25/06/2026;158769;83978;1;-8;10;10;0;;;-7
13;2378;DUETO FUGINI SH 170G ERVILHA MILHO;MERCEARIA;85368;25/06/2026;158769;83978;36;108;72;2;0;25/06/2026;ALEXSANDER;29
13;20247;LOCAO POS BARBA JAYLUC 100G;PERFUMARIA E LIMPEZA;85368;25/06/2026;158769;83978;1;0;7;7;0;;;4
13;868;MAIONESE HELLMANNS SH 1KG;MERCEARIA;85368;25/06/2026;158769;83978;12;372;12;1;0;25/06/2026;ALEXSANDER;12
13;403;ENERG ELEV LT 473 ML ACAI COCO;BEBIDAS;85368;25/06/2026;158769;83978;6;0;12;0;0;25/06/2026;ALEXSANDER;7
13;2396;MILHO VERDE OLE LT 170G;MERCEARIA;85368;25/06/2026;158769;83978;24;7680;72;3;0;25/06/2026;ALEXSANDER;249
13;2398;MILHO VERDE ODERICH LT 200G;MERCEARIA;85368;25/06/2026;158769;83978;24;1365;192;8;0;25/06/2026;ALEXSANDER;34
13;1397;CHOC NESTLE CHOKITO 32G UN;MERCEARIA;85368;25/06/2026;158769;83978;30;0;60;2;0;03/07/2026;AUGUSTO;4
13;34564;CREME JOAO E MARIA 40G P ASSADURA;PERFUMARIA E LIMPEZA;85368;25/06/2026;158769;83978;1;0;2;2;0;;;1
13;17309;DESOD ROLLON REXONA 50ML F POWDER;PERFUMARIA E LIMPEZA;85368;25/06/2026;158769;83978;12;312;12;0;0;;;24
13;4499;BUCHA VEGETAL VINI LADY 5003;PERFUMARIA E LIMPEZA;85368;25/06/2026;158769;83978;1;0;2;2;0;;;5
13;3383;CALDO APTI 19G GALINHA;MERCEARIA;85368;25/06/2026;158769;83978;24;600;24;1;0;03/07/2026;AUGUSTO;49
13;6024;ESPUMA BARBA GILLETTE 155G CARBONO;PERFUMARIA E LIMPEZA;85368;25/06/2026;158769;83978;6;30;6;1;0;;;6
13;2568;MOLHO TOM CAJAMAR SH 300G TRAD;MERCEARIA;85368;25/06/2026;158769;83978;32;768;128;4;0;25/06/2026;ALEXSANDER;92
13;986;OLEO SOJA VITALIV PET 900ML;MERCEARIA;85368;25/06/2026;158769;83978;20;60;20;1;0;25/06/2026;ALEXSANDER;183
13;4238;AP MACH 3 ACQUA GRIP REGULAR;PERFUMARIA E LIMPEZA;85518;25/06/2026;158996;84195;1;1806;60;60;0;;;49
13;4263;AP VENUS SIMPLY 2UN;PERFUMARIA E LIMPEZA;85518;25/06/2026;158996;84195;12;84;24;2;0;;;17
14;1430;CHOC KIT KAT 41 5G FINGER AO LEITE;MERCEARIA;85370;25/06/2026;158771;83968;24;1848;24;1;0;03/07/2026;JESSICA M;-46
14;3380;CALDO KNORR 114G CARNE;MERCEARIA;85370;25/06/2026;158771;83968;10;6;10;1;0;03/07/2026;JESSICA M;8
14;840;REFRIG PEPSI PET 3L;BEBIDAS;85370;25/06/2026;158771;83968;4;712;4;1;0;02/07/2026;BRUNO;2
14;16903;CR NIVEA LT 56G;PERFUMARIA E LIMPEZA;85370;25/06/2026;158771;83968;1;0;2;9;0;03/07/2026;JESSICA M;1
14;50;AGUA MIN DA PEDRA PET 5L S GAS;BEBIDAS;85370;25/06/2026;158771;83968;4;464;8;7;0;02/07/2026;BRUNO;-14
14;207;CERV SCHIN PILSEN LT 473ML;BEBIDAS;85370;25/06/2026;158771;83968;12;31683;12;1;0;02/07/2026;BRUNO;1280
14;12279;AGUA OXIG BUTTERF 30V 100ML;PERFUMARIA E LIMPEZA;85370;25/06/2026;158771;83968;12;0;12;1;0;03/07/2026;JESSICA M;14
14;8228;SH HEAD SHOULDERS 200ML LIMPEZA EFICAZ;PERFUMARIA E LIMPEZA;85370;25/06/2026;158771;83968;6;6;6;1;0;03/07/2026;JESSICA M;2
14;3516;FERM PO BIOL GOOD INSTANT SH 125G;MERCEARIA;85370;25/06/2026;158771;83968;12;504;12;1;0;03/07/2026;JESSICA M;5
14;12280;AGUA OXIG BUTTERF 40V 100ML;PERFUMARIA E LIMPEZA;85370;25/06/2026;158771;83968;12;0;12;1;0;03/07/2026;JESSICA M;14
14;19319;HID LABIAL CARMED 10G BEIJINHO 30 FP;PERFUMARIA E LIMPEZA;85370;25/06/2026;158771;83968;1;0;2;2;0;03/07/2026;JESSICA M;4
14;21137;MOLUSC MADELESMA RES UMED LESMAS 250G;PERFUMARIA E LIMPEZA;85370;25/06/2026;158771;83968;4;0;4;1;0;03/07/2026;JESSICA M;7
14;7398;PASTILHA PATO PROMO 3UN FLORAL;PERFUMARIA E LIMPEZA;85370;25/06/2026;158771;83968;24;0;24;1;0;03/07/2026;JESSICA M;68
14;8230;SH HEAD SHOULDERS 200ML MENTHOL REFRE;PERFUMARIA E LIMPEZA;85370;25/06/2026;158771;83968;6;90;6;1;0;03/07/2026;JESSICA M;18
14;25;AGUA MIN DA PEDRA PET 2L C GAS;BEBIDAS;85425;25/06/2026;158915;84115;6;114;30;5;0;;;3
14;12;AGUA MIN AGUA DA PEDRA PET 1 5L S GAS;BEBIDAS;85425;25/06/2026;158915;84115;6;0;90;15;0;;;27
14;570;REPOS POWERADE 500ML MIX;BEBIDAS;85425;25/06/2026;158915;84115;6;430;18;3;0;;;76
14;369;REFRE FRUKITO PET 2L LIMAO;BEBIDAS;85425;25/06/2026;158915;84115;6;114;12;2;0;;;27
14;768;REFRIG FRUKI PET 200 ML GUARANA ZERO;BEBIDAS;85425;25/06/2026;158915;84115;12;0;24;2;0;;;-54
14;16;AGUA MIN CRYSTAL PET 1 5L S GAS;BEBIDAS;85425;25/06/2026;158915;84115;6;156;30;0;0;26/06/2026;CAROLINA;46
14;149;CERV BELLAVISTA LAGER LT 473ML;BEBIDAS;85425;25/06/2026;158915;84115;12;60;60;0;0;26/06/2026;CAROLINA;19
14;744;REFRIG FRUKI PET 1 5L GUARANA ZERO;BEBIDAS;85425;25/06/2026;158915;84115;6;-6;60;0;0;;;0
14;412;ENERG ELEV PET 2L ORIGINAL;BEBIDAS;85425;25/06/2026;158915;84115;6;144;18;0;0;26/06/2026;CAROLINA;8
14;13;AGUA MIN CRYSTAL PET 1 5L C GAS;BEBIDAS;85425;25/06/2026;158915;84115;6;396;30;5;0;;;54
14;881;REFRIG FRUKI GUARANA LT 350ML GUARANA;BEBIDAS;85425;25/06/2026;158915;84115;12;228;36;3;0;;;35
14;4263;AP VENUS SIMPLY 2UN;PERFUMARIA E LIMPEZA;85520;25/06/2026;158997;84196;12;84;24;2;0;;;11
17;2368;FEIJAO VERMELHO SERRA URUGUAI 500G;MERCEARIA;85372;25/06/2026;158773;83974;20;659;80;0;0;;;23
17;5327;CR PENT VINI LADY 290G BRILHO INTENSO;PERFUMARIA E LIMPEZA;85372;25/06/2026;158773;83974;24;48;24;1;0;;;8
17;8791;ABS MILI NOTURNO C ABAS 8UN;PERFUMARIA E LIMPEZA;85372;25/06/2026;158773;83974;36;0;36;0;0;27/06/2026;ALEXSANDRO;36
17;4254;AP PRESTOBARBA 3 LV4 PG3 MASCULINO;PERFUMARIA E LIMPEZA;85522;25/06/2026;158998;86421;6;516;60;10;0;;;122
17;4244;AP PRESTOBARBA 3 2UN FEM;PERFUMARIA E LIMPEZA;85522;25/06/2026;158998;86421;12;0;60;3;0;;;64
17;15585;CARGA GILLETTE MACH3 C 2;PERFUMARIA E LIMPEZA;85522;25/06/2026;158998;86421;4;2260;80;20;0;;;131
17;4238;AP MACH 3 ACQUA GRIP REGULAR;PERFUMARIA E LIMPEZA;85522;25/06/2026;158998;86421;1;1806;60;60;0;;;63
17;4263;AP VENUS SIMPLY 2UN;PERFUMARIA E LIMPEZA;85522;25/06/2026;158998;86421;12;84;24;2;0;;;36
17;4253;AP PRESTOBARBA 3 LV4 PG3 FEMININO;PERFUMARIA E LIMPEZA;85522;25/06/2026;158998;86421;6;288;30;0;0;;;65
17;38652;AP PRESTO2 ULTRAGRIP FIXO BAG C 5;PERFUMARIA E LIMPEZA;85605;25/06/2026;159287;84685;1;0;20;30;0;03/07/2026;ALEXSANDER;0
18;2212;ARROZ PARBO PRATO FINO TP1 1KG;MERCEARIA;85374;25/06/2026;158775;83984;10;10;10;1;0;;;23
18;8149;SH ANTIC CLEAR 200ML MEN LIMPEZA PROFUND;PERFUMARIA E LIMPEZA;85374;25/06/2026;158775;83984;12;36;12;1;1;01/07/2026;AUGUSTO;18
18;20601;MAS CAS PASTAMIA C OVOS 400G FETTUCCINE;MERCEARIA;85374;25/06/2026;158775;83984;24;264;24;1;0;;JOSE ANTONIO;12
18;20363;MAC INST NISSIN C 6 L P GAL CAIP;MERCEARIA;85374;25/06/2026;158775;83984;12;72;36;9;0;;JOSE ANTONIO;266
18;2856;MASSA C OVOS NORDESTE 500G PENNE;MERCEARIA;85374;25/06/2026;158775;83984;15;210;15;1;0;;JOSE ANTONIO;38
18;5646;DESOD GLADE 269ML AUTM RF BRISA CITRICA;PERFUMARIA E LIMPEZA;85374;25/06/2026;158775;83984;6;0;6;0;0;27/06/2026;ALEXSANDRO;6
18;12278;AGUA OXIG BUTTERF 20V 100ML;PERFUMARIA E LIMPEZA;85374;25/06/2026;158775;83984;12;0;12;0;0;01/07/2026;AUGUSTO;19
18;3676;TEMP COMPLETO ODERICH 300G C PIMENTA;MERCEARIA;85374;25/06/2026;158775;83984;24;0;24;0;0;;JOSE ANTONIO;18
18;17309;DESOD ROLLON REXONA 50ML F POWDER;PERFUMARIA E LIMPEZA;85374;25/06/2026;158775;83984;12;312;12;1;1;01/07/2026;AUGUSTO;60
18;5691;DETERG YPE 500 ML CLEAR;PERFUMARIA E LIMPEZA;85374;25/06/2026;158775;83984;24;46;48;0;0;27/06/2026;ALEXSANDRO;288
18;3437;SOPA CEBOLA MAGGI 68G;MERCEARIA;85374;25/06/2026;158775;83984;12;12;12;3;0;;JOSE ANTONIO;0
18;8230;SH HEAD SHOULDERS 200ML MENTHOL REFRE;PERFUMARIA E LIMPEZA;85374;25/06/2026;158775;83984;6;90;6;1;1;01/07/2026;AUGUSTO;22
18;5032;COND PANTENE 175ML RESTAUR PROFUND;PERFUMARIA E LIMPEZA;85374;25/06/2026;158775;83984;6;0;6;0;0;01/07/2026;AUGUSTO;8
18;8791;ABS MILI NOTURNO C ABAS 8UN;PERFUMARIA E LIMPEZA;85374;25/06/2026;158775;83984;36;0;36;0;0;27/06/2026;AUGUSTO;46
18;22705;RACAO DODOG PEQ RACAS 1KG;PRODUTOS PET;85374;25/06/2026;158775;83984;10;1448;10;5;0;;JOSE ANTONIO;-29
18;2806;MACARRAO INST NISSIN ESP 500G T3;MERCEARIA;85374;25/06/2026;158775;83984;20;280;20;3;3;;JOSE ANTONIO;20
18;4256;AP PRESTOBARBA ULTRAGRIP 3L CART2UN;PERFUMARIA E LIMPEZA;85374;25/06/2026;158775;83984;1;0;1;0;0;01/07/2026;AUGUSTO;-10
18;3449;SOPAO MAGGI 200G GALINHA CAIPIRA;MERCEARIA;85374;25/06/2026;158775;83984;24;0;24;1;0;;JOSE ANTONIO;-9
18;20680;MAS PENNE MOSMANN INT C CHIA 400G;MERCEARIA;85374;25/06/2026;158775;83984;6;0;6;2;0;;JOSE ANTONIO;14
18;22632;QJO RAL KIFORMAGGIO TRAD 250G;MERCEARIA;85374;25/06/2026;158775;83984;20;0;20;2;0;;JOSE ANTONIO;0
18;21910;PET FRISKIES 40G SALMAO;PRODUTOS PET;85374;25/06/2026;158775;83984;15;0;15;1;0;;JOSE ANTONIO;3
18;13401;BISC DOCE NESTLE CHOCO TRIO 90G AVELA;MERCEARIA;85441;25/06/2026;158934;84146;12;204;36;0;0;26/06/2026;JESSICA;41
18;2617;ERVA MATE SEIVA PURA 1KG NATIVA COM ACUCAR;MERCEARIA;85441;25/06/2026;158934;84146;1;2;3;1;1;25/06/2026;SANTA MARIA;388
18;2541;ERVA MATE SEIVA PURA 500G COM ACUCAR;MERCEARIA;85441;25/06/2026;158934;84146;1;30;30;0;0;25/06/2026;SANTA MARIA;65
18;15585;CARGA GILLETTE MACH3 C 2;PERFUMARIA E LIMPEZA;85524;25/06/2026;158999;84198;4;2260;80;20;0;01/07/2026;EVERTON;36
18;4238;AP MACH 3 ACQUA GRIP REGULAR;PERFUMARIA E LIMPEZA;85524;25/06/2026;158999;84198;1;1806;60;60;0;01/07/2026;EVERTON;38
18;4254;AP PRESTOBARBA 3 LV4 PG3 MASCULINO;PERFUMARIA E LIMPEZA;85524;25/06/2026;158999;84198;6;516;60;10;0;01/07/2026;EVERTON;46
1;7425;PEDRA SANITARIA SANI SOL 20G JASMIN;PERFUMARIA E LIMPEZA;85772;26/06/2026;159678;84684;144;1152;144;0;0;02/07/2026;BRUNO ANTUNES;60
1;3383;CALDO APTI 19G GALINHA;MERCEARIA;85772;26/06/2026;159678;84684;24;600;48;2;0;02/07/2026;ERICA;0
1;617;VODKA INTENCION LT 473ML;BEBIDAS;85772;26/06/2026;159678;84684;6;0;6;0;0;27/06/2026;CAROLINA;0
1;3397;CALDO APTI 19G LEGUMES;MERCEARIA;85772;26/06/2026;159678;84684;24;3744;48;2;0;02/07/2026;ERICA;0
1;7424;PEDRA SANITARIA SANI SOL 20G FLORAL;PERFUMARIA E LIMPEZA;85772;26/06/2026;159678;84684;144;3600;144;0;0;02/07/2026;BRUNO ANTUNES;0
1;200;REFRE PO PROMIX 100G MORANGO;BEBIDAS;85772;26/06/2026;159678;84684;18;0;18;0;0;27/06/2026;CAROLINA;2
1;194;REFRE PO PROMIX 100G ABACAXI;BEBIDAS;85772;26/06/2026;159678;84684;18;18;18;0;0;27/06/2026;CAROLINA;0
1;3363;CALDO APTI 19G CARNE;MERCEARIA;85772;26/06/2026;159678;84684;24;4008;48;2;0;02/07/2026;ERICA;0
1;4258;AP PROBAK II LV7 PG5;PERFUMARIA E LIMPEZA;85772;26/06/2026;159678;84684;1;57;71;71;0;02/07/2026;ERICA;51
1;10144;SAB FARNESE 180G AVEIA ESFOL;PERFUMARIA E LIMPEZA;85772;26/06/2026;159678;84684;36;468;72;0;0;02/07/2026;BRUNO ANTUNES;0
1;1849;DROPS FREEGELLS 27 9G EXTRA FORTE;MERCEARIA;85772;26/06/2026;159678;84684;12;1188;36;3;0;02/07/2026;ERICA;-1760
1;33720;COQUETEL CHICOTE PET 500ML LIMAO;BEBIDAS;85772;26/06/2026;159678;84684;12;12;12;0;0;27/06/2026;CAROLINA;7
1;16874;CR DEN SORRISO 120G TRIPLA LIMPEZA COMPLETA;PERFUMARIA E LIMPEZA;85772;26/06/2026;159678;84684;72;72;72;0;0;02/07/2026;BRUNO ANTUNES;37
1;3365;CALDO APTI 19G COSTELA;MERCEARIA;85772;26/06/2026;159678;84684;24;144;48;2;0;02/07/2026;ERICA;0
1;896;REFRIG FANTA LARANJA LT 350ML;BEBIDAS;85772;26/06/2026;159678;84684;6;486;6;0;0;27/06/2026;CAROLINA;20
1;18741;FRALDA DESC FERINHA HIPER C 42 GG;PERFUMARIA E LIMPEZA;85772;26/06/2026;159678;84684;6;2;6;0;0;02/07/2026;BRUNO ANTUNES;0
1;196;REFRE PO PROMIX 100G LARANJA;BEBIDAS;85772;26/06/2026;159678;84684;18;18;18;0;0;27/06/2026;CAROLINA;0
1;5250;CR DENT CLOSE UP 70G TRIPLE HORTELA;PERFUMARIA E LIMPEZA;85772;26/06/2026;159678;84684;72;2448;72;0;0;02/07/2026;BRUNO ANTUNES;1
2;23058;SAB LIQ INTIMO COTTONBABY 200ML;PERFUMARIA E LIMPEZA;85774;26/06/2026;159680;84698;12;0;12;1;1;02/07/2026;TEIXEIRA;18
2;10109;REPARADOR DI HELLEN PONTAS 30G PROT TERMICA;PERFUMARIA E LIMPEZA;85774;26/06/2026;159680;84698;12;0;12;0;0;02/07/2026;TEIXEIRA;23
2;5845;ESC DENTAL ORAL B INDICAT35 L2P1;PERFUMARIA E LIMPEZA;85774;26/06/2026;159680;84698;1;7;1;0;0;02/07/2026;ERICA;5
2;2312;FEIJAO CARIOC SERRA URUGUAI 500G;MERCEARIA;85774;26/06/2026;159680;84698;20;42;40;2;0;;;440
2;806;REFRIG FANTA LARANJA PET 2L;BEBIDAS;85774;26/06/2026;159680;84698;8;392;216;0;0;02/07/2026;ALEXSANDER;168
2;2556;ERVA MATE PONCHE VERDE 500G NATIVA;MERCEARIA;85774;26/06/2026;159680;84698;20;53;40;2;0;;;89
2;2280;CANJICA AMARELA CBS 400G;MERCEARIA;85774;26/06/2026;159680;84698;12;144;24;2;0;;;17
2;2672;FARINHA MANDIOCA CBS 500G;MERCEARIA;85774;26/06/2026;159680;84698;12;0;12;1;0;;;18
2;2215;ARROZ PARBO SABOROSO TP1 1KG;MERCEARIA;85774;26/06/2026;159680;84698;30;3300;30;1;0;;;31
2;2689;FARINHA MILHO SAUDAVEL 1KG GROSSA;MERCEARIA;85774;26/06/2026;159680;84698;30;330;30;1;0;;;39
2;2268;CANJICA AMARELA YOKI 500G;MERCEARIA;85774;26/06/2026;159680;84698;12;24;12;1;0;;;35
2;2785;FAROFA MANDIOCA YOKI 200G C TEMPERO SUAVE;MERCEARIA;85774;26/06/2026;159680;84698;14;14;14;1;0;;;32
2;38616;CD SEDA COLAGENO VIT INT 250ML;PERFUMARIA E LIMPEZA;85774;26/06/2026;159680;84698;1;0;1;0;0;02/07/2026;TEIXEIRA;0
2;38619;SH DOVE UMECTACAO E COCO 370ML;PERFUMARIA E LIMPEZA;85774;26/06/2026;159680;84698;1;0;1;1;0;02/07/2026;MONIQUE;0
2;2642;ERVA MATE PONCHE VERDE 1KG VACUO NATIVA;MERCEARIA;85774;26/06/2026;159680;84698;10;20;10;1;0;;;52
2;2786;FAROFA MANDIOCA YOKI 200G TRADICIONAL;MERCEARIA;85774;26/06/2026;159680;84698;14;28;14;1;0;;;64
2;2696;FARINHA MILHO PERDIZ 1KG MEDIA;MERCEARIA;85774;26/06/2026;159680;84698;12;371;24;0;0;;;16
2;6132;FRALDA DESC LOOMPIG JUMBINHO P 18 UN;PERFUMARIA E LIMPEZA;85774;26/06/2026;159680;84698;8;0;8;0;0;02/07/2026;BRUNO ANTUNES;8
2;2791;FAROFA CASEIRISSIMA YOKI 200G COSTELINHA;MERCEARIA;85774;26/06/2026;159680;84698;12;24;12;1;0;;;50
2;3628;SAL GROSSO CBS 1KG;MERCEARIA;85774;26/06/2026;159680;84698;15;165;15;1;0;;;240,135
2;22118;POM MASSAG BIO CANELA VELHO 150ML;PERFUMARIA E LIMPEZA;85774;26/06/2026;159680;84698;12;420;12;1;1;02/07/2026;TEIXEIRA;4
2;5343;CR TRAT PENTEAR VINI LADY 900G LISO INTENSO;PERFUMARIA E LIMPEZA;85774;26/06/2026;159680;84698;6;0;6;1;1;02/07/2026;TEIXEIRA;6
2;4256;AP PRESTOBARBA ULTRAGRIP 3L CART2UN;PERFUMARIA E LIMPEZA;85774;26/06/2026;159680;84698;1;0;1;0;0;02/07/2026;ERICA;0
2;19204;GLIC VEGETAL JAY LUC 100ML;PERFUMARIA E LIMPEZA;85774;26/06/2026;159680;84698;1;0;4;0;0;02/07/2026;ERICA;1
2;5275;CR DENTAL TANDY 50G MORANGO;PERFUMARIA E LIMPEZA;85774;26/06/2026;159680;84698;12;48;24;0;0;02/07/2026;BRUNO ANTUNES;2
2;12082;TRIPA SECA JD BOV 9M;PERECIVEIS;85826;26/06/2026;159708;84698;10;4;20;2;0;;;55
2;37222;BOMBOM GAROTO FINOS 220G SORTIDOS;MERCEARIA;86107;26/06/2026;160075;84995;30;14341;600;20;0;;;302
3;4995;COND MONANGE 325ML LISOS TE QUERO;PERFUMARIA E LIMPEZA;85776;26/06/2026;159681;84685;12;60;12;1;0;03/07/2026;MONIQUE;8
3;37119;CR DENTAL ORAL B EXTRA BCO 180GR;PERFUMARIA E LIMPEZA;85776;26/06/2026;159681;84685;24;22;24;1;0;03/07/2026;MONIQUE;2
3;20280;LUVA CONF LATEX XG AMARELA;PERFUMARIA E LIMPEZA;85776;26/06/2026;159681;84685;12;12;24;2;0;03/07/2026;ALEXSANDER;0
3;5394;CREME PENT SEDA 1KG SUPER HIDRAT;PERFUMARIA E LIMPEZA;85776;26/06/2026;159681;84685;6;48;6;1;0;03/07/2026;MONIQUE;5
3;5302;CR PENT SEDA 300ML CACH DEFINIDOS;PERFUMARIA E LIMPEZA;85776;26/06/2026;159681;84685;12;72;12;1;0;03/07/2026;MONIQUE;-4
3;2509;ERVA MATE PONCHE VERDE 500G MOIDA GROSSA;MERCEARIA;85776;26/06/2026;159681;84685;20;0;440;0;0;02/07/2026;JESSICA;148
3;5845;ESC DENTAL ORAL B INDICAT35 L2P1;PERFUMARIA E LIMPEZA;85776;26/06/2026;159681;84685;1;7;1;1;0;03/07/2026;ALEXSANDER;5
3;5574;DESOD AERO OLD SPICE 124G LENHA;PERFUMARIA E LIMPEZA;85776;26/06/2026;159681;84685;12;72;12;1;0;03/07/2026;ALEXSANDER;12
3;4250;AP PRESTOBARBA 3 CHAMPIONS UN;PERFUMARIA E LIMPEZA;85776;26/06/2026;159681;84685;1;-8;1;1;0;03/07/2026;ALEXSANDER;22
3;817;REFRIG FRUKI GUARANA ZR PET 2L GUARANA ZERO;BEBIDAS;85776;26/06/2026;159681;84685;6;168;6;1;0;02/07/2026;FERNANDO.H;-1
3;20247;LOCAO POS BARBA JAYLUC 100G;PERFUMARIA E LIMPEZA;85776;26/06/2026;159681;84685;1;0;10;10;0;03/07/2026;ALEXSANDER;14
3;38201;MINI MAM LOLLY CLEAN 50ML F;PERFUMARIA E LIMPEZA;85776;26/06/2026;159681;84685;6;0;6;1;0;03/07/2026;ALEXSANDER;-3
3;34;AGUA MIN DA PEDRA PET 500ML C GAS;BEBIDAS;85776;26/06/2026;159681;84685;12;7;12;1;0;02/07/2026;FERNANDO.H;211
3;4499;BUCHA VEGETAL VINI LADY 5003;PERFUMARIA E LIMPEZA;85776;26/06/2026;159681;84685;1;0;1;1;0;03/07/2026;ALEXSANDER;3
3;52;AGUA MIN FLORESTA PET 5L S GAS;BEBIDAS;85776;26/06/2026;159681;84685;4;36;12;3;0;02/07/2026;FERNANDO.H;0
3;8966;CARVAO CHAMA CAMPEIRA 5KG;NAO ALIMENTO;85776;26/06/2026;159681;84685;1;464;11;11;0;02/07/2026;FERNANDO.H;-49
3;6243;GEL VINI LADY 220G FIXADOR AZUL;PERFUMARIA E LIMPEZA;85776;26/06/2026;159681;84685;24;0;24;1;0;03/07/2026;MONIQUE;24
3;4210;AMAC GIRANDO SOL 5L ROSA;PERFUMARIA E LIMPEZA;86172;26/06/2026;162926;86774;4;168;8;0;0;;;3
3;17191;DESINF IMPERIAL 5L PINHO;PERFUMARIA E LIMPEZA;86172;26/06/2026;162926;86774;4;8;8;0;0;;;0
3;17177;DESINF GOTA LIMPA 2L PINHO;PERFUMARIA E LIMPEZA;86172;26/06/2026;162926;86774;6;18;12;0;0;;;5
3;33941;DET PO GIRANDO SOL SH 800G COCO BAUN;PERFUMARIA E LIMPEZA;86172;26/06/2026;162926;86774;25;572;50;0;0;;;10
3;12381;ALVEJ AQUAFAST 5L S CLORO;PERFUMARIA E LIMPEZA;86172;26/06/2026;162926;86774;4;47;8;0;0;;;13
3;7835;DET PO GOTA LIMPA 800G EQUILIBRIO;PERFUMARIA E LIMPEZA;86172;26/06/2026;162926;86774;20;20;60;0;0;;;-18
3;34845;ALVEJ BARBAREX 2L S CLORO;PERFUMARIA E LIMPEZA;86172;26/06/2026;162926;86774;6;750;12;0;0;;;1
4;37897;KIT ELSEVE COLAG SH 375ML CD 170ML;PERFUMARIA E LIMPEZA;85832;26/06/2026;159711;84686;6;180;6;1;1;03/07/2026;BRUNO ANTUNES;4
4;20280;LUVA CONF LATEX XG AMARELA;PERFUMARIA E LIMPEZA;85832;26/06/2026;159711;84686;12;12;24;2;0;03/07/2026;ALEXSANDER;-16
4;3686;TEMP BICARBONATO SODIO APTI 100G;MERCEARIA;85832;26/06/2026;159711;84686;20;220;40;2;0;03/07/2026;ERICA;-1
4;4259;AP PRESTOBARBA ULTRA GRIP 2UN;PERFUMARIA E LIMPEZA;85832;26/06/2026;159711;84686;12;0;12;1;0;03/07/2026;ALEXSANDER;22
4;1894;DROPS FREEGELLS 27 6G CEREJA CHOC;MERCEARIA;85832;26/06/2026;159711;84686;12;336;24;2;0;03/07/2026;ERICA;0
4;3414;BARRA CEREAL RITTER 22G CAST PARA;MERCEARIA;85832;26/06/2026;159711;84686;24;432;24;1;0;03/07/2026;ERICA;44
4;5509;DESOD AERO AXE 152ML 90G MARINE;PERFUMARIA E LIMPEZA;85832;26/06/2026;159711;84686;12;1104;12;1;0;03/07/2026;MONIQUE;12
4;12404;AMACIANTE DOWNY 1 5L BRISA SUAVE;PERFUMARIA E LIMPEZA;86083;26/06/2026;160060;85783;9;405;27;3;0;30/06/2026;AUGUSTO;42
4;4177;AMAC DOWNY 1 5L BRISA INTENSO;PERFUMARIA E LIMPEZA;86083;26/06/2026;160060;85783;9;630;9;1;0;30/06/2026;AUGUSTO;21
4;2413;MILHO PIPOCA YOKI 400G TRAD;MERCEARIA;86334;26/06/2026;160448;85783;28;1880;140;5;0;;;0
5;12289;AGUA SANIT IMPERIAL 1L;PERFUMARIA E LIMPEZA;85778;26/06/2026;159683;84687;12;0;12;0;0;27/06/2026;ALEXSANDRO;12
5;106;REFRE PO FRISCO 18G LARANJA C ACER;BEBIDAS;85778;26/06/2026;159683;84687;180;0;180;0;0;27/06/2026;JESSICA;0
5;36228;FRALDA DESC PAMPERS CONF XG C 58;PERFUMARIA E LIMPEZA;85778;26/06/2026;159683;84687;2;120;2;0;0;;;2
5;300;VH SANGUE BOI TINTO 750ML SV;BEBIDAS;85778;26/06/2026;159683;84687;6;-60;6;0;0;27/06/2026;JESSICA;6
5;386;ENERG MONSTER LT 473ML ABSOLUT ZERO;BEBIDAS;85778;26/06/2026;159683;84687;6;66;12;0;0;27/06/2026;JESSICA;1
5;767;REFRIG FRUKI COLA PET 200ML COLA;BEBIDAS;85778;26/06/2026;159683;84687;12;0;12;0;0;27/06/2026;JESSICA;12
5;2925;ACHOC LIQ ITALAC 1L;MERCEARIA;85778;26/06/2026;159683;84687;12;0;12;0;0;27/06/2026;JESSICA;0
5;5313;CR PENT SEDA 300ML PRETO LUMINOSO;PERFUMARIA E LIMPEZA;85778;26/06/2026;159683;84687;12;84;24;2;0;;;11
5;7948;SABON PALMOLIVE NATURALS 150G OLEO ARGAN;PERFUMARIA E LIMPEZA;85778;26/06/2026;159683;84687;72;0;72;1;0;;;3
5;35581;CREME P PENT SEDA 300ML TOQUE DE SEDA;PERFUMARIA E LIMPEZA;85778;26/06/2026;159683;84687;12;156;12;1;0;;;20
5;5314;CR PENT SEDA 300ML SOS CERAMIDAS;PERFUMARIA E LIMPEZA;85778;26/06/2026;159683;84687;12;432;24;2;0;;;5
5;9231;CR TRAT VINI LADY SC 700G COCO NUTRICAO;PERFUMARIA E LIMPEZA;85778;26/06/2026;159683;84687;12;0;12;1;0;03/07/2026;MONIQUE;0
5;18747;FRALDA DESC FERINHA JUMBINHO C/16 G;PERFUMARIA E LIMPEZA;85778;26/06/2026;159683;84687;12;4;12;0;0;27/06/2026;ALEXSANDRO;0
5;533;ENERG RED BULL LT 355ML;BEBIDAS;85778;26/06/2026;159683;84687;4;132;16;0;0;27/06/2026;JESSICA;3
5;35588;CD SEDA 225ML TOQUE DE SEDA;PERFUMARIA E LIMPEZA;85778;26/06/2026;159683;84687;12;191;12;1;0;;;19
5;22915;REPARADOR PONTAS JAYLUC 30ML CERAMIDAS;PERFUMARIA E LIMPEZA;85778;26/06/2026;159683;84687;24;133;48;2;0;;;76
5;22916;REPARADOR PONTAS JAYLUC 30ML OLEO ARGAN;PERFUMARIA E LIMPEZA;85778;26/06/2026;159683;84687;24;49;48;2;0;;;30
5;9546;FRALDA MILI JUMBINHO G 20UN;PERFUMARIA E LIMPEZA;85778;26/06/2026;159683;84687;9;720;18;2;0;;;-11
5;18740;FRALDA DESC FERINHA HIPER C 40 XXG;PERFUMARIA E LIMPEZA;85778;26/06/2026;159683;84687;6;2;6;1;0;;;0
5;33720;COQUETEL CHICOTE PET 500ML LIMAO;BEBIDAS;85778;26/06/2026;159683;84687;12;12;12;0;0;27/06/2026;JESSICA;0
5;95;REFRE PO FRISCO 18G MORANGO;BEBIDAS;85778;26/06/2026;159683;84687;180;180;360;0;0;27/06/2026;JESSICA;0
5;7943;SABON PALMOLIVE NATURALS 150G JASMIM E CACAU;PERFUMARIA E LIMPEZA;85778;26/06/2026;159683;84687;72;72;72;1;0;;;-18
5;2672;FARINHA MANDIOCA CBS 500G;MERCEARIA;85778;26/06/2026;159683;84687;12;0;12;0;0;03/07/2026;TEIXEIRA;8
5;3893;ABS C ABAS DIA NOITE 32 UN SUAVE;PERFUMARIA E LIMPEZA;85778;26/06/2026;159683;84687;16;191;16;0;0;27/06/2026;ALEXSANDRO;6
5;33722;COQUETEL CHICOTE PET 500ML MORANGO;BEBIDAS;85778;26/06/2026;159683;84687;12;0;12;0;0;27/06/2026;JESSICA;3
5;38562;KIT SH CD NEUTROX 300ML 200ML FORCA;PERFUMARIA E LIMPEZA;85778;26/06/2026;159683;84687;12;0;12;1;0;;;0
5;5250;CR DENT CLOSE UP 70G TRIPLE HORTELA;PERFUMARIA E LIMPEZA;85778;26/06/2026;159683;84687;72;2448;72;1;0;;;1
5;15494;CANJICA AMARELA JUREIA 500G;MERCEARIA;85778;26/06/2026;159683;84687;12;5;12;0;0;03/07/2026;TEIXEIRA;1
5;3853;ENERG ELEV LT 473ML MOR MELANCIA;BEBIDAS;85778;26/06/2026;159683;84687;6;6;6;0;0;27/06/2026;JESSICA;9
5;50;AGUA MIN DA PEDRA PET 5L S GAS;BEBIDAS;86415;26/06/2026;160500;85256;4;464;80;20;0;;;5
5;219;CERV STELLA ARTOIS LT 473ML;BEBIDAS;86415;26/06/2026;160500;85256;12;3684;60;5;0;;;63
6;289;CERV SOL PREMIUM LN 330ML;BEBIDAS;85780;26/06/2026;159684;84692;24;60;24;1;0;;;0
6;5249;CR DENT CLOSE UP 70G PROT BIOATIVA;PERFUMARIA E LIMPEZA;85780;26/06/2026;159684;84692;72;72;72;1;0;;;2
6;5850;ESC DENTAL ORAL B PRO;PERFUMARIA E LIMPEZA;85780;26/06/2026;159684;84692;12;36;72;6;0;;;15
6;3512;FERM PO BIOL GOOD INSTANT SH 10G;MERCEARIA;85780;26/06/2026;159684;84692;30;1080;30;1;0;03/07/2026;ERICA;9
6;2785;FAROFA MANDIOCA YOKI 200G C TEMPERO SUAVE;MERCEARIA;85780;26/06/2026;159684;84692;14;14;14;1;0;;;22
6;2046;ARROZ ARBOREO PILECCO 1KG;MERCEARIA;85780;26/06/2026;159684;84692;10;30;10;1;0;;;25
6;2629;ERVA MATE PONCHE VERDE 1KG MOIDA GROSSA;MERCEARIA;85780;26/06/2026;159684;84692;20;0;260;0;0;;;-536
6;19312;COT HASTES FLEX COTTONBABY C 75;PERFUMARIA E LIMPEZA;85780;26/06/2026;159684;84692;72;5112;72;1;0;;;22
6;213;CERV SKOL PILSEN LT 473ML;BEBIDAS;85780;26/06/2026;159684;84692;12;27516;144;12;0;;;3871
6;2637;ERVA MATE PONCHE VERDE 1KG LAMINADO;MERCEARIA;85780;26/06/2026;159684;84692;10;10;10;1;0;;;17
6;3431;SOPA GALINHA MAGGI 60G FIDELINI;MERCEARIA;85780;26/06/2026;159684;84692;10;9;10;1;0;03/07/2026;ERICA;15
6;1269;CHOC BARRA LACTA 80G LAKA;MERCEARIA;85780;26/06/2026;159684;84692;17;0;17;1;0;03/07/2026;ERICA;0
6;1276;CHOC BARRA GAROTO 80G MEIO AMARGO;MERCEARIA;85780;26/06/2026;159684;84692;16;0;16;1;0;03/07/2026;ERICA;52
6;3363;CALDO APTI 19G CARNE;MERCEARIA;85780;26/06/2026;159684;84692;24;4008;48;2;0;03/07/2026;ERICA;44
6;2747;FARINHA TRIGO ROSESOL 5KG;MERCEARIA;85780;26/06/2026;159684;84692;5;55;5;0;0;;;3
6;2280;CANJICA AMARELA CBS 400G;MERCEARIA;85780;26/06/2026;159684;84692;12;144;12;1;0;;;-14
6;29708;CHOC BARRA LACTA LAKA 28G;MERCEARIA;85780;26/06/2026;159684;84692;12;0;12;1;0;03/07/2026;ERICA;-5
6;2805;POLENTA GERMANI 500G PERDIZ;MERCEARIA;85780;26/06/2026;159684;84692;12;9;12;1;0;;;0
6;3383;CALDO APTI 19G GALINHA;MERCEARIA;85780;26/06/2026;159684;84692;24;600;48;2;0;03/07/2026;ERICA;56
6;38616;CD SEDA COLAGENO VIT INT 250ML;PERFUMARIA E LIMPEZA;85780;26/06/2026;159684;84692;1;0;1;1;0;03/07/2026;MONIQUE;0
6;4499;BUCHA VEGETAL VINI LADY 5003;PERFUMARIA E LIMPEZA;85780;26/06/2026;159684;84692;1;0;1;1;0;;;7
6;5293;CR PENT MONANGE 300ML LISOS TE QUERO;PERFUMARIA E LIMPEZA;85780;26/06/2026;159684;84692;12;0;12;1;0;;;5
6;1058;ALFAJOR EL AGUILA 60G CHOC;MERCEARIA;85780;26/06/2026;159684;84692;12;1032;12;0;0;03/07/2026;ERICA;8
6;18740;FRALDA DESC FERINHA HIPER C 40 XXG;PERFUMARIA E LIMPEZA;85780;26/06/2026;159684;84692;6;2;6;1;0;;;0
6;687;ESP GARIBALDI PRIMICIAS GF 660ML ROSE;BEBIDAS;85780;26/06/2026;159684;84692;1;0;1;1;0;03/07/2026;ERICA;8
6;9589;GEL ADES HIGISOL LAVANDA;PERFUMARIA E LIMPEZA;85780;26/06/2026;159684;84692;12;0;12;1;0;03/07/2026;MONIQUE;5
6;38619;SH DOVE UMECTACAO E COCO 370ML;PERFUMARIA E LIMPEZA;85780;26/06/2026;159684;84692;1;0;1;1;0;03/07/2026;MONIQUE;0
6;35675;ESC DENT COLGATE SENSITIVE;PERFUMARIA E LIMPEZA;85780;26/06/2026;159684;84692;1;0;1;1;0;;;5
6;35160;CERV SKOL BEATS GREEN LT 269ML MIX;BEBIDAS;85780;26/06/2026;159684;84692;8;24;16;2;0;;;0
6;9546;FRALDA MILI JUMBINHO G 20UN;PERFUMARIA E LIMPEZA;85780;26/06/2026;159684;84692;9;720;18;2;0;;;-3
6;24310;SH COTTONBABY SNOOPY 200ML TOQUE ALGODAO;PERFUMARIA E LIMPEZA;85780;26/06/2026;159684;84692;12;0;12;1;0;;;6
6;3642;SAL REFINADO CISNE 1KG;MERCEARIA;85780;26/06/2026;159684;84692;10;10;10;1;0;;;22
6;20415;MAMAD CEFISA SIL 240ML;PERFUMARIA E LIMPEZA;85780;26/06/2026;159684;84692;12;228;12;1;0;;;0
6;34306;REFRIG COCA COLA PET 1L;BEBIDAS;85780;26/06/2026;159684;84692;6;36;36;6;0;;;72
6;847;REFRIG COCA COLA PET 600ML;BEBIDAS;86179;26/06/2026;160334;85791;12;520;132;11;0;;;23
6;2413;MILHO PIPOCA YOKI 400G TRAD;MERCEARIA;86338;26/06/2026;160450;85791;28;1880;140;5;0;;;341
6;759;REFRIG ANTARCTICA GUARANA PET 200ML;BEBIDAS;86417;26/06/2026;160501;85257;12;3288;60;0;0;27/06/2026;ANDRIELLY;10
6;50;AGUA MIN DA PEDRA PET 5L S GAS;BEBIDAS;86417;26/06/2026;160501;85257;4;464;80;20;0;;;3
6;154;CERV BRAHMA DUPLO MALTE LT 473ML;BEBIDAS;86417;26/06/2026;160501;85257;12;2472;60;5;0;;;100
6;188;CERV POLAR EXPORT LT 473ML;BEBIDAS;86417;26/06/2026;160501;85257;12;1800;60;0;0;27/06/2026;ANDRIELLY;257
6;52;AGUA MIN FLORESTA PET 5L S GAS;BEBIDAS;86417;26/06/2026;160501;85257;4;36;16;0;0;27/06/2026;ANDRIELLY;-8
6;219;CERV STELLA ARTOIS LT 473ML;BEBIDAS;86417;26/06/2026;160501;85257;12;3684;240;20;0;;;28
7;8858;AP GILLETTE PROBAK II C 2;PERFUMARIA E LIMPEZA;85782;26/06/2026;159685;84688;14;2198;14;1;0;30/06/2026;PAMELA;31
7;34564;CREME JOAO E MARIA 40G P ASSADURA;PERFUMARIA E LIMPEZA;85782;26/06/2026;159685;84688;1;0;1;1;0;30/06/2026;PAMELA;0
7;1321;CHOC LACTA 145G SHOT;MERCEARIA;85782;26/06/2026;159685;84688;12;0;12;1;0;;;31
7;7929;SABONETE LUX 85G ORQUIDEA NEGRA;PERFUMARIA E LIMPEZA;85782;26/06/2026;159685;84688;108;3906;108;1;0;;;27
7;22914;REPARADOR PONTAS JAYLUC 30ML BLIND QUERAT;PERFUMARIA E LIMPEZA;85782;26/06/2026;159685;84688;24;126;24;1;0;30/06/2026;PAMELA;52
7;1888;PASTILHA TIC TAC 14 5G MENTA;MERCEARIA;85782;26/06/2026;159685;84688;14;0;14;1;0;;;-2
7;5550;DESOD AERO MONANGE 90G EXTRATO OLIVA;PERFUMARIA E LIMPEZA;85782;26/06/2026;159685;84688;12;636;12;1;0;;;1
7;24807;TINGECOR GUARANY MARRON 40G;PERFUMARIA E LIMPEZA;85782;26/06/2026;159685;84688;6;0;6;0;0;26/06/2026;MAYNARA;5
7;3433;SOPA CARNE MAGGI 63G CONCHINHAS;MERCEARIA;85782;26/06/2026;159685;84688;10;8;10;1;0;;;21
7;3397;CALDO APTI 19G LEGUMES;MERCEARIA;85782;26/06/2026;159685;84688;24;3744;144;6;0;;;0
7;17311;DESOD ROLLON REXONA 50ML INVISIBLE;PERFUMARIA E LIMPEZA;85782;26/06/2026;159685;84688;12;84;12;1;0;;;13
7;687;ESP GARIBALDI PRIMICIAS GF 660ML ROSE;BEBIDAS;85782;26/06/2026;159685;84688;1;0;2;2;0;;;13
7;10145;SAB FARNESE 180G ERV DOCE VERB;PERFUMARIA E LIMPEZA;85782;26/06/2026;159685;84688;36;1224;36;1;0;;;157
7;2672;FARINHA MANDIOCA CBS 500G;MERCEARIA;85782;26/06/2026;159685;84688;12;0;12;1;0;;;4
7;154;CERV BRAHMA DUPLO MALTE LT 473ML;BEBIDAS;86419;26/06/2026;160502;85258;12;2472;60;5;0;;;-1
7;847;REFRIG COCA COLA PET 600ML;BEBIDAS;86419;26/06/2026;160502;85258;12;520;120;10;0;;;21
7;38570;CERV PROVINCIA ULTRA GOLD LT 473ML;BEBIDAS;86419;26/06/2026;160502;85258;12;5880;36;3;0;;;6
8;5314;CR PENT SEDA 300ML SOS CERAMIDAS;PERFUMARIA E LIMPEZA;85784;26/06/2026;159686;84691;12;432;12;1;0;;;8
8;1397;CHOC NESTLE CHOKITO 32G UN;MERCEARIA;85784;26/06/2026;159686;84691;30;0;30;1;0;;;18
8;16074;CHUP CEFISA RED SIL T2;PERFUMARIA E LIMPEZA;85784;26/06/2026;159686;84691;24;240;24;1;0;;;9
8;2373;GRAO DE BICO JUREIA 400G;MERCEARIA;85784;26/06/2026;159686;84691;6;0;6;1;0;;;0
8;3400;BARRA CEREAL RITTER 25G BAN AVEIA MEL;MERCEARIA;85784;26/06/2026;159686;84691;24;0;24;1;0;;;33
8;7938;SABONETE NIVEA 85G PROTEINA LEITE;PERFUMARIA E LIMPEZA;85784;26/06/2026;159686;84691;96;-96;96;0;0;;;94
8;8244;SH JAY LUC 1L COCO SEM SAL;PERFUMARIA E LIMPEZA;85784;26/06/2026;159686;84691;12;36;12;1;0;;;15
8;2786;FAROFA MANDIOCA YOKI 200G TRADICIONAL;MERCEARIA;85784;26/06/2026;159686;84691;14;28;14;1;0;;;39
8;3397;CALDO APTI 19G LEGUMES;MERCEARIA;85784;26/06/2026;159686;84691;24;3744;48;2;0;;;68
8;21842;PEN BONITTA P PIOLHO R 535;PERFUMARIA E LIMPEZA;85784;26/06/2026;159686;84691;1;0;1;1;0;;;4
8;38618;CREME DE PENTEAR SEDA BOOM DEF 1KG;PERFUMARIA E LIMPEZA;85784;26/06/2026;159686;84691;6;4;6;1;0;;;1
8;1742;CHICLE FREEGELLS GUM 8G EXTRA FORTE;MERCEARIA;85784;26/06/2026;159686;84691;15;0;30;2;0;;;-24
8;18740;FRALDA DESC FERINHA HIPER C 40 XXG;PERFUMARIA E LIMPEZA;85784;26/06/2026;159686;84691;6;2;6;1;0;;;0
8;35590;FRALDA DESC HUGGIES MEGUINHA G 30;PERFUMARIA E LIMPEZA;85784;26/06/2026;159686;84691;6;0;6;1;0;;;7
8;10147;SAB FARNESE 180G LAVANDA MENTA;PERFUMARIA E LIMPEZA;85784;26/06/2026;159686;84691;36;396;36;1;0;;;259
8;1746;CHICLE FREEGELLS GUM 8G MELANCIA;MERCEARIA;85784;26/06/2026;159686;84691;15;0;15;1;0;;;-6
8;687;ESP GARIBALDI PRIMICIAS GF 660ML ROSE;BEBIDAS;85784;26/06/2026;159686;84691;1;0;1;1;0;;;6
8;8255;SH MONANGE 325ML HIDRATA C PODER;PERFUMARIA E LIMPEZA;85784;26/06/2026;159686;84691;12;72;12;1;0;;;2
8;1740;CHICLE FREEGELLS GUM 8G MORANGO;MERCEARIA;85784;26/06/2026;159686;84691;15;810;15;1;0;;;0
8;38619;SH DOVE UMECTACAO E COCO 370ML;PERFUMARIA E LIMPEZA;85784;26/06/2026;159686;84691;1;0;1;1;0;;;0
8;1884;PASTILHA TIC TAC 14 5G CITRUS MIX;MERCEARIA;85784;26/06/2026;159686;84691;14;0;14;1;0;;;6
8;1267;CHOC BARRA LACTA 80G AMARO 40 CACAU;MERCEARIA;85784;26/06/2026;159686;84691;17;0;17;1;0;;;28
8;16138;CHUP LOLLY BORBOLETA SIL T2 AZUL;PERFUMARIA E LIMPEZA;85784;26/06/2026;159686;84691;12;42;24;2;0;;;-1
8;5302;CR PENT SEDA 300ML CACH DEFINIDOS;PERFUMARIA E LIMPEZA;85784;26/06/2026;159686;84691;12;72;12;1;0;;;-2
8;38616;CD SEDA COLAGENO VIT INT 250ML;PERFUMARIA E LIMPEZA;85784;26/06/2026;159686;84691;1;0;1;1;0;;;0
8;34564;CREME JOAO E MARIA 40G P ASSADURA;PERFUMARIA E LIMPEZA;85784;26/06/2026;159686;84691;1;0;1;1;0;;;16
8;7356;PAPEL HIG DUETTO 4 UN DE 30M PERFUMADO;PERFUMARIA E LIMPEZA;86029;26/06/2026;160003;85880;16;0;80;0;0;30/06/2026;MAYNARA;0
8;191;CERV PROVINCIA MALZBIER LT 473ML;BEBIDAS;86421;26/06/2026;160503;85259;12;2129;240;20;0;;;45
8;219;CERV STELLA ARTOIS LT 473ML;BEBIDAS;86421;26/06/2026;160503;85259;12;3684;240;20;0;;;46
11;24816;TINTURA BELAECOR 147G 3 0 CASTANHO E;PERFUMARIA E LIMPEZA;85786;26/06/2026;159687;84689;6;0;6;1;0;;;12
11;19204;GLIC VEGETAL JAY LUC 100ML;PERFUMARIA E LIMPEZA;85786;26/06/2026;159687;84689;1;0;3;3;0;;;3
11;24366;KIT SH CD COTTONBABY SNOOPY 200ML GOTAS CAMOMILA;PERFUMARIA E LIMPEZA;85786;26/06/2026;159687;84689;6;0;6;1;0;;;5
11;7922;SABONETE LUX 85G BUQUE D JASMIM;PERFUMARIA E LIMPEZA;85786;26/06/2026;159687;84689;108;2394;108;1;0;;;2
11;6234;GEL DENTAL CLOSE UP 90G ORIG RED HOT;PERFUMARIA E LIMPEZA;85786;26/06/2026;159687;84689;12;250;24;2;0;;;-1
11;8397;SH VINI LADY 325ML BRILHO INTENSO;PERFUMARIA E LIMPEZA;85786;26/06/2026;159687;84689;12;0;12;1;0;;;12
11;5309;CR PENT SEDA 300ML LUMINOUS UV;PERFUMARIA E LIMPEZA;85786;26/06/2026;159687;84689;12;48;12;1;0;;;5
11;5275;CR DENTAL TANDY 50G MORANGO;PERFUMARIA E LIMPEZA;85786;26/06/2026;159687;84689;12;48;24;2;0;;;16
11;116;CERV SKOL 1L;BEBIDAS;85786;26/06/2026;159687;84689;12;444;396;0;0;26/06/2026;ALEXSANDER;335
11;5510;DESOD AERO AXE 152ML 90G MUSK;PERFUMARIA E LIMPEZA;85786;26/06/2026;159687;84689;12;864;12;1;0;;;5
11;1426;CHOC BIS XTRA BLACK CHOCOLATE 45G;MERCEARIA;85786;26/06/2026;159687;84689;24;0;24;1;0;;;5
11;1276;CHOC BARRA GAROTO 80G MEIO AMARGO;MERCEARIA;85786;26/06/2026;159687;84689;16;0;16;1;0;;;29
11;3807;PO P SORVETE APTI 120G MOR;MERCEARIA;85786;26/06/2026;159687;84689;12;0;12;1;0;;;24
11;21832;PELUCIA URSO C LACO 17CM;NAO ALIMENTO;85814;26/06/2026;159702;84689;1;0;1;1;0;;;0
11;2158;ARROZ BCO TRIVIAL TP2 5KG;MERCEARIA;86187;26/06/2026;160340;85799;6;4752;66;11;0;;;1
11;191;CERV PROVINCIA MALZBIER LT 473ML;BEBIDAS;86423;26/06/2026;160504;85260;12;2129;60;5;0;;;12
11;847;REFRIG COCA COLA PET 600ML;BEBIDAS;86423;26/06/2026;160504;85260;12;520;84;7;0;;;35
11;844;REFRIG ANTARCTICA PET 600ML GUARANA;BEBIDAS;86423;26/06/2026;160504;85260;12;12;12;1;0;;;12
12;19204;GLIC VEGETAL JAY LUC 100ML;PERFUMARIA E LIMPEZA;85788;26/06/2026;159688;84693;1;0;5;5;0;;;3
12;1430;CHOC KIT KAT 41 5G FINGER AO LEITE;MERCEARIA;85788;26/06/2026;159688;84693;24;1848;24;1;0;;;6
12;20280;LUVA CONF LATEX XG AMARELA;PERFUMARIA E LIMPEZA;85788;26/06/2026;159688;84693;12;12;12;1;0;;;5
12;4250;AP PRESTOBARBA 3 CHAMPIONS UN;PERFUMARIA E LIMPEZA;85788;26/06/2026;159688;84693;1;-8;1;1;0;;;0
12;4258;AP PROBAK II LV7 PG5;PERFUMARIA E LIMPEZA;85788;26/06/2026;159688;84693;1;57;27;27;0;;;34
12;687;ESP GARIBALDI PRIMICIAS GF 660ML ROSE;BEBIDAS;85788;26/06/2026;159688;84693;1;0;1;1;0;;;4
12;1286;CHOC BARRA NESTLE 80G SUFLAIR;MERCEARIA;85788;26/06/2026;159688;84693;16;-64;32;2;0;;;0
12;22915;REPARADOR PONTAS JAYLUC 30ML CERAMIDAS;PERFUMARIA E LIMPEZA;85788;26/06/2026;159688;84693;24;133;24;1;0;;;49
12;4230;AMPOLA PANTENE 45ML 3UN TRAT HIDRATA;PERFUMARIA E LIMPEZA;85788;26/06/2026;159688;84693;1;0;1;1;0;;;9
12;3431;SOPA GALINHA MAGGI 60G FIDELINI;MERCEARIA;85788;26/06/2026;159688;84693;10;9;10;1;0;;;11
12;6602;KIT ELSEVE SH COND 375ML 170ML GLYCOLIC GLOSS;PERFUMARIA E LIMPEZA;85788;26/06/2026;159688;84693;6;0;6;1;0;;;8
12;22916;REPARADOR PONTAS JAYLUC 30ML OLEO ARGAN;PERFUMARIA E LIMPEZA;85788;26/06/2026;159688;84693;24;49;24;1;0;;;43
12;3512;FERM PO BIOL GOOD INSTANT SH 10G;MERCEARIA;85788;26/06/2026;159688;84693;30;1080;30;1;0;;;4
12;20415;MAMAD CEFISA SIL 240ML;PERFUMARIA E LIMPEZA;85788;26/06/2026;159688;84693;12;228;12;1;0;;;1
12;20612;MASSA SEMOLA GERMANI 500G ESPAG;MERCEARIA;86190;26/06/2026;160342;85794;20;40;40;0;0;;;12
12;1596;BISC SALG CLUB SOCIAL 6UN 141G PIZZA;MERCEARIA;86190;26/06/2026;160342;85794;44;0;88;0;0;;;3
12;1847;DROPS FREEGELLS 27 9G VIT C CITRUS;MERCEARIA;86190;26/06/2026;160342;85794;12;120;24;2;0;;;7
12;1742;CHICLE FREEGELLS GUM 8G EXTRA FORTE;MERCEARIA;86190;26/06/2026;160342;85794;15;0;30;2;0;;;0
12;783;ACHOC PO NESCAU SH 2 01KG;MERCEARIA;86190;26/06/2026;160342;85794;4;584;20;0;0;;;2
12;2585;DOCE LEITE MU MU PT 350G CHOC;MERCEARIA;86190;26/06/2026;160342;85794;12;252;36;0;0;;;2
12;2696;FARINHA MILHO PERDIZ 1KG MEDIA;MERCEARIA;86190;26/06/2026;160342;85794;12;371;36;0;0;;;-1
12;7859;SABAO PO SURF 800G CUIDADO DE COCO;PERFUMARIA E LIMPEZA;86190;26/06/2026;160342;85794;16;0;48;0;0;;;8
13;790;REFRIG CHARRUA GUARANA PET 2L;BEBIDAS;85790;26/06/2026;159690;84694;8;56;336;0;0;01/07/2026;RUBIM;451
13;7769;SAB LIQ PAMPERS 200ML GLICERINA;PERFUMARIA E LIMPEZA;85790;26/06/2026;159690;84694;6;0;6;1;0;;;0
13;4230;AMPOLA PANTENE 45ML 3UN TRAT HIDRATA;PERFUMARIA E LIMPEZA;85790;26/06/2026;159690;84694;1;0;1;1;0;;;22
13;4250;AP PRESTOBARBA 3 CHAMPIONS UN;PERFUMARIA E LIMPEZA;85790;26/06/2026;159690;84694;1;-8;1;1;0;;;-7
13;13514;BLO LIXA P UNHA BONITTA;PERFUMARIA E LIMPEZA;85790;26/06/2026;159690;84694;1;0;1;1;0;;;3
13;1740;CHICLE FREEGELLS GUM 8G MORANGO;MERCEARIA;85790;26/06/2026;159690;84694;15;810;30;0;0;01/07/2026;MONIQUE;0
13;3383;CALDO APTI 19G GALINHA;MERCEARIA;85790;26/06/2026;159690;84694;24;600;72;3;3;01/07/2026;MONIQUE;49
13;33373;DESO AERO AXE 200ML BLACK ALE E CED;PERFUMARIA E LIMPEZA;85790;26/06/2026;159690;84694;12;912;12;1;0;;;78
13;4259;AP PRESTOBARBA ULTRA GRIP 2UN;PERFUMARIA E LIMPEZA;85790;26/06/2026;159690;84694;12;0;24;2;0;;;36
13;1269;CHOC BARRA LACTA 80G LAKA;MERCEARIA;85790;26/06/2026;159690;84694;17;0;17;0;0;01/07/2026;MONIQUE;0
13;1894;DROPS FREEGELLS 27 6G CEREJA CHOC;MERCEARIA;85790;26/06/2026;159690;84694;12;336;12;1;1;01/07/2026;MONIQUE;2
13;7875;SABONETE DOVE 90G ERVA DOCE;PERFUMARIA E LIMPEZA;85790;26/06/2026;159690;84694;48;2565;48;1;0;;;97
13;20415;MAMAD CEFISA SIL 240ML;PERFUMARIA E LIMPEZA;85790;26/06/2026;159690;84694;12;228;12;1;0;;;6
13;3524;FERM QUIMICO PO FLEISCHMANN PT 100G;MERCEARIA;85790;26/06/2026;159690;84694;12;324;36;0;0;01/07/2026;MONIQUE;-1
13;3399;CALDO APTI 57G BACON;MERCEARIA;85790;26/06/2026;159690;84694;10;20;70;5;5;01/07/2026;MONIQUE;-7
13;7933;SABONETE NIVEA 85G ERVA DOCE OLEOS;PERFUMARIA E LIMPEZA;85790;26/06/2026;159690;84694;96;288;96;1;0;;;169
13;20247;LOCAO POS BARBA JAYLUC 100G;PERFUMARIA E LIMPEZA;85790;26/06/2026;159690;84694;1;0;10;10;0;;;4
13;5844;ESC DENTAL ORAL B INDCOLORS30 4UN;PERFUMARIA E LIMPEZA;85790;26/06/2026;159690;84694;6;90;6;1;0;;;6
13;1416;CHOC SNICKERS 45G;MERCEARIA;85790;26/06/2026;159690;84694;20;100;20;0;0;01/07/2026;MONIQUE;34
13;1446;BISC DOCE NESTLE CHOCO TRIO 90G AMEND;MERCEARIA;85790;26/06/2026;159690;84694;12;312;24;2;2;01/07/2026;MONIQUE;-6
13;7949;SABON PALMOLIVE NATURALS 150G OLEO NUTRITIVO;PERFUMARIA E LIMPEZA;85790;26/06/2026;159690;84694;72;24;72;1;0;;;71
13;1741;CHICLE FREEGELLS GUM 8G ORIGINAL MINT;MERCEARIA;85790;26/06/2026;159690;84694;15;0;15;0;0;01/07/2026;MONIQUE;4
13;3384;CALDO GALINHA APTI 57G;MERCEARIA;85790;26/06/2026;159690;84694;120;0;240;2;2;01/07/2026;MONIQUE;3
13;3686;TEMP BICARBONATO SODIO APTI 100G;MERCEARIA;85790;26/06/2026;159690;84694;20;220;40;2;2;01/07/2026;MONIQUE;0
13;5806;ESC DENTAL COLGATE ESSENCIAL CLEAN PACK 06UN;PERFUMARIA E LIMPEZA;85790;26/06/2026;159690;84694;6;84;12;2;0;;;0
13;4499;BUCHA VEGETAL VINI LADY 5003;PERFUMARIA E LIMPEZA;85790;26/06/2026;159690;84694;1;0;1;1;0;;;5
13;1058;ALFAJOR EL AGUILA 60G CHOC;MERCEARIA;85790;26/06/2026;159690;84694;12;1032;12;0;0;01/07/2026;MONIQUE;3
13;648;WHISKY MASTER GOLD VD 900ML;BEBIDAS;85790;26/06/2026;159690;84694;1;96;5;1;1;01/07/2026;MONIQUE;-2
13;1271;CHOC BARRA GAROTO 80G CROCANTE;MERCEARIA;85790;26/06/2026;159690;84694;16;160;48;0;0;01/07/2026;MONIQUE;1
13;3431;SOPA GALINHA MAGGI 60G FIDELINI;MERCEARIA;85790;26/06/2026;159690;84694;10;9;10;0;0;01/07/2026;MONIQUE;0
13;191;CERV PROVINCIA MALZBIER LT 473ML;BEBIDAS;86427;26/06/2026;160506;85262;12;2129;60;5;0;;;7
13;796;REFRIG COCA COLA E FANTA GUARANA 2L;BEBIDAS;86427;26/06/2026;160506;85262;2;10;4;2;0;;;1
14;806;REFRIG FANTA LARANJA PET 2L;BEBIDAS;85792;26/06/2026;159691;84695;8;392;40;5;0;;;-20
14;18746;FRALDA DESC FERINHA JUMBINHO C 14 XXG;PERFUMARIA E LIMPEZA;85792;26/06/2026;159691;84695;12;0;12;1;0;;;10
14;4862;CHUPETA LOLLY T2 TIP AZUL;PERFUMARIA E LIMPEZA;85792;26/06/2026;159691;84695;6;0;6;1;0;;;2
14;840;REFRIG PEPSI PET 3L;BEBIDAS;85792;26/06/2026;159691;84695;4;712;4;1;0;;;2
14;16903;CR NIVEA LT 56G;PERFUMARIA E LIMPEZA;85792;26/06/2026;159691;84695;1;0;1;1;0;;;1
14;7944;SABON PALMOLIVE NATURALS 150G KARITE;PERFUMARIA E LIMPEZA;85792;26/06/2026;159691;84695;72;432;72;1;0;;;23
14;10109;REPARADOR DI HELLEN PONTAS 30G PROT TERMICA;PERFUMARIA E LIMPEZA;85792;26/06/2026;159691;84695;12;0;12;1;0;;;4
14;24410;SNACK DENTAL ORIP C 5 75G;PRODUTOS PET;85792;26/06/2026;159691;84695;20;0;20;0;0;27/06/2026;JOCELAINE;12
14;5021;COND PANTENE 150ML COLAGENO;PERFUMARIA E LIMPEZA;85792;26/06/2026;159691;84695;12;0;24;2;0;;;2
14;21787;PEDRA POMES STA CLARA R 199;PERFUMARIA E LIMPEZA;85792;26/06/2026;159691;84695;6;0;6;1;0;;;5
14;5845;ESC DENTAL ORAL B INDICAT35 L2P1;PERFUMARIA E LIMPEZA;85792;26/06/2026;159691;84695;1;7;1;1;0;;;2
14;1276;CHOC BARRA GAROTO 80G MEIO AMARGO;MERCEARIA;85792;26/06/2026;159691;84695;16;0;16;1;0;;;-15
14;5748;ENXAG BUCAL COLGATE 500ML ODOR CONTROL;PERFUMARIA E LIMPEZA;85792;26/06/2026;159691;84695;12;0;12;1;0;;;9
14;3397;CALDO APTI 19G LEGUMES;MERCEARIA;85792;26/06/2026;159691;84695;24;3744;48;2;0;;;76
14;7922;SABONETE LUX 85G BUQUE D JASMIM;PERFUMARIA E LIMPEZA;85792;26/06/2026;159691;84695;108;2394;108;1;0;;;100
14;3394;CALDO GALINHA KNORR 114G;MERCEARIA;85792;26/06/2026;159691;84695;1;681;2;2;0;;;22
14;5225;CR DENT COLGATE T ACAO 90G HORTELA;PERFUMARIA E LIMPEZA;85792;26/06/2026;159691;84695;144;0;144;1;0;;;257
14;1262;CHOC LACTA RECH 98G OURO BRANCO;MERCEARIA;85792;26/06/2026;159691;84695;17;0;17;1;0;;;9
14;1354;CHOC BATON GAROTO 16G BRANCO;MERCEARIA;85792;26/06/2026;159691;84695;30;0;30;1;0;;;9
14;24313;SH DARLING CERAMIDAS 650ML;PERFUMARIA E LIMPEZA;85792;26/06/2026;159691;84695;6;0;12;2;0;;;18
14;5307;CR PENT SEDA 300ML JUNTINHOS TODOS OS TIPOS;PERFUMARIA E LIMPEZA;85792;26/06/2026;159691;84695;12;132;12;1;0;;;10
14;5250;CR DENT CLOSE UP 70G TRIPLE HORTELA;PERFUMARIA E LIMPEZA;85792;26/06/2026;159691;84695;72;2448;72;1;0;;;18
14;16002;CHOC LACTA DIAM NEGRO 145G;MERCEARIA;85792;26/06/2026;159691;84695;12;0;12;1;0;;;0
14;1416;CHOC SNICKERS 45G;MERCEARIA;85792;26/06/2026;159691;84695;20;100;20;1;0;;;-2
14;5756;ENX BUC ORAL B 500ML MENTA ZERO ALCOOL;PERFUMARIA E LIMPEZA;85792;26/06/2026;159691;84695;12;0;12;12;0;;;22
14;2210;ARROZ INTEG PRATO FINO 1KG;MERCEARIA;86009;26/06/2026;159991;84950;10;0;30;3;0;26/06/2026;OTONIEL;-1
14;2439;POPCORN YOKI 100G NATURAL;MERCEARIA;86350;26/06/2026;160456;85790;36;144;36;1;0;;;16
14;213;CERV SKOL PILSEN LT 473ML;BEBIDAS;86429;26/06/2026;160507;85263;12;27516;384;32;0;;;1751
14;50;AGUA MIN DA PEDRA PET 5L S GAS;BEBIDAS;86429;26/06/2026;160507;85263;4;464;80;20;0;;;-14
14;191;CERV PROVINCIA MALZBIER LT 473ML;BEBIDAS;86429;26/06/2026;160507;85263;12;2129;240;20;0;;;19
14;847;REFRIG COCA COLA PET 600ML;BEBIDAS;86429;26/06/2026;160507;85263;12;520;60;5;0;;;-2
17;6787;LEITE LV ELEGE 1L ZERO LAC SEMI DES;PERECIVEIS;85768;26/06/2026;159676;84696;12;286;24;0;0;01/07/2026;RUBIM;-108
17;6799;LEITE SANTA CLARA 1L ZERO LACTOSE;PERECIVEIS;85768;26/06/2026;159676;84696;12;12;480;0;0;01/07/2026;RUBIM;-26
17;6790;LEITE UHT NINHO 1L ZERO LACTOSE;PERECIVEIS;85768;26/06/2026;159676;84696;12;96;12;0;0;01/07/2026;RUBIM;-10
17;8308;SH PANTENE 400ML LISO EXTREMO;PERFUMARIA E LIMPEZA;85794;26/06/2026;159692;84696;6;0;6;1;0;;;0
17;21842;PEN BONITTA P PIOLHO R 535;PERFUMARIA E LIMPEZA;85794;26/06/2026;159692;84696;1;0;1;1;0;;;4
17;3673;LEITE COND ELEGE TP 395G;MERCEARIA;85794;26/06/2026;159692;84696;24;240;24;0;0;01/07/2026;RUBIM;115
17;33649;SAB LIQ MADE IN BRAZIL 1L CEREJA;PERFUMARIA E LIMPEZA;85794;26/06/2026;159692;84696;12;0;12;1;0;;;0
17;22117;POM MASSAG BIO FISIOFORT PREMIUM 150ML;PERFUMARIA E LIMPEZA;85794;26/06/2026;159692;84696;12;912;12;1;0;;;5
17;17025;CURATIVO COTTONBABY 10UN TRAD;PERFUMARIA E LIMPEZA;85794;26/06/2026;159692;84696;36;0;36;1;0;;;2
17;22915;REPARADOR PONTAS JAYLUC 30ML CERAMIDAS;PERFUMARIA E LIMPEZA;85794;26/06/2026;159692;84696;24;133;24;1;0;;;83
17;3882;ABS ALWAYS 8UN BASICO P SECA C ABAS;PERFUMARIA E LIMPEZA;85794;26/06/2026;159692;84696;18;126;18;1;0;;;16
17;1842;DROPS FREEGELLS 27 9G MORANGO;MERCEARIA;85794;26/06/2026;159692;84696;12;0;12;1;0;;;6
17;3397;CALDO APTI 19G LEGUMES;MERCEARIA;85794;26/06/2026;159692;84696;24;3744;144;6;0;;;0
17;24643;TCO P PES AMAZONIA 100G MENTOLADO;PERFUMARIA E LIMPEZA;85794;26/06/2026;159692;84696;48;48;48;1;0;;;-8
17;19204;GLIC VEGETAL JAY LUC 100ML;PERFUMARIA E LIMPEZA;85794;26/06/2026;159692;84696;1;0;6;6;0;;;-13
17;7878;SABONETE DOVE 90G KARITE BAUNILHA;PERFUMARIA E LIMPEZA;85794;26/06/2026;159692;84696;48;3888;48;1;0;;;212
17;13059;BANHEIRA ADOLETA INF 20L ROSA BEBE;PERFUMARIA E LIMPEZA;85794;26/06/2026;159692;84696;1;0;1;1;0;;;0
17;1746;CHICLE FREEGELLS GUM 8G MELANCIA;MERCEARIA;85794;26/06/2026;159692;84696;15;0;15;1;0;;;9
17;18978;GEL FIX DI HELLEN BRI M ERV DIA DI A 240G;PERFUMARIA E LIMPEZA;85794;26/06/2026;159692;84696;12;0;12;1;0;;;1
17;7875;SABONETE DOVE 90G ERVA DOCE;PERFUMARIA E LIMPEZA;85794;26/06/2026;159692;84696;48;2565;48;1;0;;;357
17;22916;REPARADOR PONTAS JAYLUC 30ML OLEO ARGAN;PERFUMARIA E LIMPEZA;85794;26/06/2026;159692;84696;24;49;72;3;0;;;101
17;3367;CALDO APTI 57G REFOGA CASEIRA;MERCEARIA;85794;26/06/2026;159692;84696;10;2370;10;1;0;;;10
17;4259;AP PRESTOBARBA ULTRA GRIP 2UN;PERFUMARIA E LIMPEZA;85794;26/06/2026;159692;84696;12;0;12;1;0;;;26
17;8791;ABS MILI NOTURNO C ABAS 8UN;PERFUMARIA E LIMPEZA;85794;26/06/2026;159692;84696;36;0;36;0;0;27/06/2026;ALEXSANDRO;36
17;10310;SILICONE DESTAQUE AERO 400ML GERMAN;PERFUMARIA E LIMPEZA;85794;26/06/2026;159692;84696;12;0;12;0;0;26/06/2026;MAYNARA;0
17;6617;KIT SH SEDA SH 300 COND 190ML LISO PERFEITO;PERFUMARIA E LIMPEZA;85794;26/06/2026;159692;84696;15;2940;15;1;0;;;-22
17;19803;KIT SH CD PANTENE 300 150ML EQUILIBRIO;PERFUMARIA E LIMPEZA;85794;26/06/2026;159692;84696;6;204;12;2;0;;;0
17;3403;CALDO APTI 57G COSTELA;MERCEARIA;85794;26/06/2026;159692;84696;10;60;40;4;0;;;-3
17;3383;CALDO APTI 19G GALINHA;MERCEARIA;85794;26/06/2026;159692;84696;24;600;48;2;0;;;23
17;1843;DROPS FREEGELLS 27 9G CEREJA;MERCEARIA;85794;26/06/2026;159692;84696;12;0;12;1;0;;;1
17;5250;CR DENT CLOSE UP 70G TRIPLE HORTELA;PERFUMARIA E LIMPEZA;85794;26/06/2026;159692;84696;72;2448;72;1;0;;;-12
17;10177;SABON PALMOLIVE NATURALS 85G LEITE ROSAS;PERFUMARIA E LIMPEZA;85794;26/06/2026;159692;84696;108;0;108;1;0;;;54
18;18746;FRALDA DESC FERINHA JUMBINHO C 14 XXG;PERFUMARIA E LIMPEZA;85796;26/06/2026;159693;84690;12;0;12;1;0;;;14
18;2212;ARROZ PARBO PRATO FINO TP1 1KG;MERCEARIA;85796;26/06/2026;159693;84690;10;10;10;0;0;01/07/2026;ALEXSANDRO;23
18;34304;CD DOVE BOND INTENSE 150ML REPAIR;PERFUMARIA E LIMPEZA;85796;26/06/2026;159693;84690;12;24;12;1;0;;;24
18;8242;SH JAY LUC 1L BLIND QUERATINA;PERFUMARIA E LIMPEZA;85796;26/06/2026;159693;84690;12;132;12;1;0;;;6
18;6234;GEL DENTAL CLOSE UP 90G ORIG RED HOT;PERFUMARIA E LIMPEZA;85796;26/06/2026;159693;84690;12;250;12;1;0;;;5
18;7932;SABONETE NIVEA 85G AVEIA;PERFUMARIA E LIMPEZA;85796;26/06/2026;159693;84690;96;672;96;1;0;;;-53
18;12173;ABS GERIAMAX POS PARTO OPERAT C 20;PERFUMARIA E LIMPEZA;85796;26/06/2026;159693;84690;6;132;18;3;0;;;-6
18;24649;TCO POLVILHO ANT GRANADO 100G TRAD;PERFUMARIA E LIMPEZA;85796;26/06/2026;159693;84690;12;2;12;1;0;;;3
18;19316;HID DI HELLEN 30G ALFACE;PERFUMARIA E LIMPEZA;85796;26/06/2026;159693;84690;12;0;12;1;0;;;22
18;1849;DROPS FREEGELLS 27 9G EXTRA FORTE;MERCEARIA;85796;26/06/2026;159693;84690;12;1188;12;1;0;01/07/2026;PAMELA;6
18;33435;BEBIDA NESCAFE PRO ENERGY 270ML CANELA;MERCEARIA;85796;26/06/2026;159693;84690;6;36;12;0;0;27/06/2026;JESSICA;0
18;38563;KIT SH CD NEUTROX 300ML 200ML OLEOS;PERFUMARIA E LIMPEZA;85796;26/06/2026;159693;84690;12;60;24;2;0;;;0
18;7921;SABONETE LUX 125G SUAVE ROSAS FRANCESAS;PERFUMARIA E LIMPEZA;85796;26/06/2026;159693;84690;72;1512;72;1;0;;;44
18;37250;ENERG RED BULL LT 250ML MACA SA;BEBIDAS;85796;26/06/2026;159693;84690;24;144;24;0;0;27/06/2026;JESSICA;9
18;533;ENERG RED BULL LT 355ML;BEBIDAS;85796;26/06/2026;159693;84690;4;132;20;0;0;27/06/2026;JESSICA;0
18;6618;KIT SH SEDA SH 300 COND 190ML LUMINIOUS UV;PERFUMARIA E LIMPEZA;85796;26/06/2026;159693;84690;15;735;15;1;0;;;103
18;7937;SABONETE NIVEA 85G ORQUIDEA;PERFUMARIA E LIMPEZA;85796;26/06/2026;159693;84690;96;864;96;1;0;;;36
18;7920;SABONETE LUX 125G SUAVE LIRIO AZUL;PERFUMARIA E LIMPEZA;85796;26/06/2026;159693;84690;72;720;72;1;0;;;40
18;18740;FRALDA DESC FERINHA HIPER C 40 XXG;PERFUMARIA E LIMPEZA;85796;26/06/2026;159693;84690;6;2;6;1;0;;;0
18;1983;CAPPUCCINO PRONTO 3C 260ML CLASSIC;MERCEARIA;85796;26/06/2026;159693;84690;6;6;12;2;0;01/07/2026;PAMELA;2
18;38562;KIT SH CD NEUTROX 300ML 200ML FORCA;PERFUMARIA E LIMPEZA;85796;26/06/2026;159693;84690;12;0;12;1;0;;;0
18;17566;ENERG RED BULL LT 250ML MELAO MARACUJA;BEBIDAS;85796;26/06/2026;159693;84690;4;226;20;0;0;27/06/2026;JESSICA;0
18;1845;DROPS FREEGELLS 27 9G EUCALIPTO;MERCEARIA;85796;26/06/2026;159693;84690;12;756;12;1;0;01/07/2026;PAMELA;-9
18;3431;SOPA GALINHA MAGGI 60G FIDELINI;MERCEARIA;85796;26/06/2026;159693;84690;10;9;10;1;0;01/07/2026;PAMELA;13
18;3383;CALDO APTI 19G GALINHA;MERCEARIA;85796;26/06/2026;159693;84690;24;600;144;6;0;01/07/2026;PAMELA;142
18;24366;KIT SH CD COTTONBABY SNOOPY 200ML GOTAS CAMOMILA;PERFUMARIA E LIMPEZA;85796;26/06/2026;159693;84690;6;0;6;1;0;;;8
18;24310;SH COTTONBABY SNOOPY 200ML TOQUE ALGODAO;PERFUMARIA E LIMPEZA;85796;26/06/2026;159693;84690;12;0;12;1;0;;;14
18;6125;FRALDA CONFORTSEC PAMPERS XG 34UN;PERFUMARIA E LIMPEZA;85796;26/06/2026;159693;84690;4;0;4;4;0;;;3
18;1397;CHOC NESTLE CHOKITO 32G UN;MERCEARIA;85796;26/06/2026;159693;84690;30;0;30;1;0;01/07/2026;PAMELA;12
18;648;WHISKY MASTER GOLD VD 900ML;BEBIDAS;85796;26/06/2026;159693;84690;1;96;2;2;0;01/07/2026;PAMELA;5
18;1286;CHOC BARRA NESTLE 80G SUFLAIR;MERCEARIA;85796;26/06/2026;159693;84690;16;-64;16;1;0;01/07/2026;PAMELA;90
18;7918;SABONETE LUX 125G SUAVE BUQUE DE JASMIM;PERFUMARIA E LIMPEZA;85796;26/06/2026;159693;84690;72;696;144;2;0;;;0
1;197;REFRE PO PROMIX 100G LIMAO;BEBIDAS;86479;27/06/2026;160779;85786;18;0;18;1;0;02/07/2026;MIKAEL;0
1;340;CHA ICE TEA LEAO PET 1 5L PESSEGO ZERO;BEBIDAS;86479;27/06/2026;160779;85786;6;0;6;1;0;02/07/2026;MIKAEL;4
1;8523;SUCO DEL VALLE FRUT PET 450ML LARANJA;BEBIDAS;86479;27/06/2026;160779;85786;6;0;6;1;0;02/07/2026;MIKAEL;0
1;10147;SAB FARNESE 180G LAVANDA MENTA;PERFUMARIA E LIMPEZA;86479;27/06/2026;160779;85786;36;396;36;1;1;02/07/2026;BRUNO ANTUNES;17
1;1854;PAST DOCILE MINTY 14G MOR;MERCEARIA;86479;27/06/2026;160779;85786;12;12;12;0;0;03/07/2026;AUGUSTO;5
1;200;REFRE PO PROMIX 100G MORANGO;BEBIDAS;86479;27/06/2026;160779;85786;18;0;18;1;0;02/07/2026;MIKAEL;2
1;20280;LUVA CONF LATEX XG AMARELA;PERFUMARIA E LIMPEZA;86479;27/06/2026;160779;85786;12;12;24;0;0;03/07/2026;AUGUSTO;21
1;1845;DROPS FREEGELLS 27 9G EUCALIPTO;MERCEARIA;86479;27/06/2026;160779;85786;12;756;24;0;0;03/07/2026;AUGUSTO;-627
1;4258;AP PROBAK II LV7 PG5;PERFUMARIA E LIMPEZA;86479;27/06/2026;160779;85786;1;57;1;0;0;03/07/2026;AUGUSTO;51
1;52;AGUA MIN FLORESTA PET 5L S GAS;BEBIDAS;86479;27/06/2026;160779;85786;4;36;4;0;0;;;0
1;12168;ABS DEFINITY C ABAS C 8;PERFUMARIA E LIMPEZA;86479;27/06/2026;160779;85786;60;600;60;0;0;02/07/2026;BRUNO ANTUNES;17
1;392;ENERG MONSTER LT 473ML MANGO LOCO;BEBIDAS;86479;27/06/2026;160779;85786;6;68;6;1;0;02/07/2026;MIKAEL;14
1;1834;PAST DOCILE ROLLY MINTY 29G EXTRA FORTE;MERCEARIA;86479;27/06/2026;160779;85786;12;432;24;0;0;03/07/2026;AUGUSTO;-120
1;1894;DROPS FREEGELLS 27 6G CEREJA CHOC;MERCEARIA;86479;27/06/2026;160779;85786;12;336;12;0;0;03/07/2026;AUGUSTO;-341
1;7356;PAPEL HIG DUETTO 4 UN DE 30M PERFUMADO;PERFUMARIA E LIMPEZA;86479;27/06/2026;160779;85786;16;0;16;0;0;29/06/2026;MAYNARA;8
1;20280;LUVA CONF LATEX XG AMARELA;PERFUMARIA E LIMPEZA;86729;27/06/2026;161075;85873;12;12;36;3;0;;AUGUSTO;21
1;7425;PEDRA SANITARIA SANI SOL 20G JASMIN;PERFUMARIA E LIMPEZA;86792;27/06/2026;161151;85786;144;1152;288;0;0;02/07/2026;BRUNO ANTUNES;60
1;12168;ABS DEFINITY C ABAS C 8;PERFUMARIA E LIMPEZA;86792;27/06/2026;161151;85786;60;600;60;0;0;02/07/2026;BRUNO ANTUNES;17
1;7424;PEDRA SANITARIA SANI SOL 20G FLORAL;PERFUMARIA E LIMPEZA;86792;27/06/2026;161151;85786;144;3600;144;1;1;02/07/2026;BRUNO ANTUNES;0
1;33647;SAB LIQ MADE IN BRAZIL 1L ERVA DOCE;PERFUMARIA E LIMPEZA;86820;27/06/2026;161167;85786;12;216;12;1;1;02/07/2026;BRUNO ANTUNES;12
1;33650;SAB LIQ MADE IN BRAZIL 1L PESSEGO;PERFUMARIA E LIMPEZA;86820;27/06/2026;161167;85786;12;348;24;2;2;02/07/2026;BRUNO ANTUNES;23
2;648;WHISKY MASTER GOLD VD 900ML;BEBIDAS;86481;27/06/2026;160780;85792;1;96;7;7;0;03/07/2026;AUGUSTO;6
2;37891;TIT COR E TON S AMONIA 3 0 CAST ESC;PERFUMARIA E LIMPEZA;86481;27/06/2026;160780;85792;6;0;6;1;0;03/07/2026;AUGUSTO;2
2;1058;ALFAJOR EL AGUILA 60G CHOC;MERCEARIA;86481;27/06/2026;160780;85792;12;1032;12;0;0;03/07/2026;AUGUSTO;-3
2;1264;CHOC BARRA LACTA 80G LAKA OREO;MERCEARIA;86481;27/06/2026;160780;85792;17;0;17;1;0;03/07/2026;AUGUSTO;0
2;7859;SABAO PO SURF 800G CUIDADO DE COCO;PERFUMARIA E LIMPEZA;86481;27/06/2026;160780;85792;16;0;48;0;0;;;51
2;783;ACHOC PO NESCAU SH 2 01KG;MERCEARIA;86481;27/06/2026;160780;85792;4;584;4;0;0;;;18
2;38005;CHOC KIT KAT MACCHIATO 41 5G;MERCEARIA;86481;27/06/2026;160780;85792;24;2304;24;1;0;03/07/2026;AUGUSTO;180
2;3524;FERM QUIMICO PO FLEISCHMANN PT 100G;MERCEARIA;86481;27/06/2026;160780;85792;12;324;12;1;0;03/07/2026;AUGUSTO;29
2;20280;LUVA CONF LATEX XG AMARELA;PERFUMARIA E LIMPEZA;86731;27/06/2026;161076;85874;12;12;60;5;0;03/07/2026;MONIQUE;24
3;5697;AMAC YPE PRO ROUPAS TECIDOS 7L;PERFUMARIA E LIMPEZA;86483;27/06/2026;162927;86774;1;2;1;0;0;;;6
3;6022;ESPUMA BARBA BOZZANO 193G PELE SENSIVEL;PERFUMARIA E LIMPEZA;86483;27/06/2026;160781;85785;6;132;6;1;0;03/07/2026;MONIQUE;0
3;5327;CR PENT VINI LADY 290G BRILHO INTENSO;PERFUMARIA E LIMPEZA;86483;27/06/2026;160781;85785;24;48;24;0;0;03/07/2026;BRUNO ANTUNES;13
3;9299;DETERG YPE LIQ 5L NEUTRO;PERFUMARIA E LIMPEZA;86483;27/06/2026;162927;86774;4;8;4;0;0;;;94
3;17408;DET PO GIRANDO SOL HIPO SH 4K;PERFUMARIA E LIMPEZA;86483;27/06/2026;162927;86774;5;55;5;0;0;;;7
3;6694;LAVA ROUPA BRILHANTE 3L HIGIENE TOTAL;PERFUMARIA E LIMPEZA;86483;27/06/2026;162927;86774;4;16;16;0;0;;;3
3;5680;DET LIQ GOTA LIMPA 500ML MACA;PERFUMARIA E LIMPEZA;86483;27/06/2026;162927;86774;24;528;120;0;0;;;1229
3;33422;DET PO AQUAFAST MULTIACAO 800G;PERFUMARIA E LIMPEZA;86483;27/06/2026;162927;86774;20;600;20;0;0;;;6
3;19682;KIT DESOD AERO ABOVE C 2 150ML DERMA;PERFUMARIA E LIMPEZA;86483;27/06/2026;160781;85785;1;9;7;0;0;03/07/2026;BRUNO ANTUNES;3
3;648;WHISKY MASTER GOLD VD 900ML;BEBIDAS;86483;27/06/2026;160781;85785;1;96;1;1;0;03/07/2026;ERICA;9
3;17327;DET LIQ AQUAFAST 3L GLICERINA;PERFUMARIA E LIMPEZA;86483;27/06/2026;162927;86774;4;24;4;0;0;;;-7
3;7868;SABAO PO TIXAN 800G MACIEZ;PERFUMARIA E LIMPEZA;86483;27/06/2026;162927;86774;24;312;24;0;0;;;58
3;6705;LAVA ROUPA GIRANDO SOL 2L COCO;PERFUMARIA E LIMPEZA;86483;27/06/2026;162927;86774;6;66;6;0;0;;;-2
3;557;REPOS ENGOV AFTER 250ML RED HITS;BEBIDAS;86483;27/06/2026;160781;85785;6;36;24;4;0;03/07/2026;ERICA;35
3;13522;BLO SANITARIO HIGISOL LAVANDA;PERFUMARIA E LIMPEZA;86483;27/06/2026;160781;85785;12;0;12;1;0;03/07/2026;MONIQUE;43
3;17386;DET PO APYCE SH 400G AZUL;PERFUMARIA E LIMPEZA;86483;27/06/2026;162927;86774;50;97;50;0;0;;;69
3;1430;CHOC KIT KAT 41 5G FINGER AO LEITE;MERCEARIA;86483;27/06/2026;160781;85785;24;1848;120;5;0;03/07/2026;ERICA;76
3;17186;DESINF GOTA LIMPA 5L LAVANDA;PERFUMARIA E LIMPEZA;86483;27/06/2026;162927;86774;4;115;4;0;0;;;1
3;5683;DET LIQ GOTA LIMPA 5L NEUTRO;PERFUMARIA E LIMPEZA;86483;27/06/2026;162927;86774;4;0;4;0;0;;;0
3;1282;CHOC BARRA LACTA AO LEITE 80G;MERCEARIA;86483;27/06/2026;160781;85785;17;0;17;1;0;03/07/2026;ERICA;9
3;1264;CHOC BARRA LACTA 80G LAKA OREO;MERCEARIA;86483;27/06/2026;160781;85785;17;0;17;1;0;03/07/2026;ERICA;-1
3;17164;DESINF AQUAFAST 5L MARINE;PERFUMARIA E LIMPEZA;86483;27/06/2026;162927;86774;4;124;4;0;0;;;-4
3;17414;DET PO GOTA LIMPA 4KG HARMONIA;PERFUMARIA E LIMPEZA;86483;27/06/2026;162927;86774;5;5;5;0;0;;;-8
3;12173;ABS GERIAMAX POS PARTO OPERAT C 20;PERFUMARIA E LIMPEZA;86483;27/06/2026;160781;85785;6;132;6;0;0;03/07/2026;BRUNO ANTUNES;6
3;633;VODKA TAIGA PREMIUM VD 1L;BEBIDAS;86483;27/06/2026;160781;85785;1;0;1;1;0;03/07/2026;ERICA;6
3;33942;DET PO GIRANDO SOL SH 4KG COCO BAUN;PERFUMARIA E LIMPEZA;86483;27/06/2026;162927;86774;5;160;5;0;0;;;10
3;7827;SABAO PO GIRANDO SOL 4KG ROSA;PERFUMARIA E LIMPEZA;86483;27/06/2026;162927;86774;5;200;5;0;0;;;9
3;1408;CHOC 5 STAR LACTA 40G;MERCEARIA;86483;27/06/2026;160781;85785;18;0;18;1;0;03/07/2026;ERICA;17
3;20280;LUVA CONF LATEX XG AMARELA;PERFUMARIA E LIMPEZA;86733;27/06/2026;161077;85875;12;12;120;10;0;03/07/2026;ALEXSANDER;0
4;6787;LEITE LV ELEGE 1L ZERO LAC SEMI DES;PERECIVEIS;86457;27/06/2026;160768;85783;12;286;24;0;0;02/07/2026;JOCELAINE;-2
4;6791;LEITE UHT PET ELEGE 1L DESNATADO;PERECIVEIS;86457;27/06/2026;160768;85783;6;516;18;3;0;02/07/2026;JOCELAINE;6
4;6780;LEITE NINHO UHT TP LEVINHO 1L SEMI DESNATADO;PERECIVEIS;86457;27/06/2026;160768;85783;12;84;12;1;0;02/07/2026;JOCELAINE;23
4;655;WHISKY PASSPORT VD 1L;BEBIDAS;86485;27/06/2026;160782;85783;1;75;6;6;0;03/07/2026;ERICA;4
4;33782;VODKA NINNOFF VD 900ML LEMON;BEBIDAS;86485;27/06/2026;160782;85783;6;228;6;0;0;;;3
4;3893;ABS C ABAS DIA NOITE 32 UN SUAVE;PERFUMARIA E LIMPEZA;86485;27/06/2026;160782;85783;16;191;16;0;0;30/06/2026;AUGUSTO;11
4;4137;AMAC CONC AQUAFAST 1L HARMONIA;PERFUMARIA E LIMPEZA;86485;27/06/2026;160782;85783;12;0;12;1;0;30/06/2026;AUGUSTO;5
4;17415;DET PO GOTA LIMPA 800G HARMONIA;PERFUMARIA E LIMPEZA;86485;27/06/2026;160782;85783;20;0;20;0;0;30/06/2026;AUGUSTO;12
4;2283;CANJICA BRANCA JUREIA 400G;MERCEARIA;86485;27/06/2026;160782;85783;12;0;12;1;0;;;4
4;1686;CONFEITO MMS TUBO 38G CHOC AO LEITE;MERCEARIA;86485;27/06/2026;160782;85783;12;0;12;1;0;03/07/2026;ERICA;8
4;5696;DETERG YPE 500ML MACA;PERFUMARIA E LIMPEZA;86485;27/06/2026;160782;85783;24;6209;24;1;0;30/06/2026;AUGUSTO;320
4;6915;LIMP PES VEJA LV500PG400ML CLORO 2EM1;PERFUMARIA E LIMPEZA;86485;27/06/2026;160782;85783;24;0;24;1;0;30/06/2026;AUGUSTO;2
4;17316;DESOD ROLLON REXONA 50ML WOMEN ANT INV;PERFUMARIA E LIMPEZA;86485;27/06/2026;160782;85783;12;348;12;0;0;03/07/2026;BRUNO ANTUNES;17
4;12289;AGUA SANIT IMPERIAL 1L;PERFUMARIA E LIMPEZA;86485;27/06/2026;160782;85783;12;0;12;0;0;30/06/2026;AUGUSTO;-1
4;8001;SABONETE SENADOR 130G;PERFUMARIA E LIMPEZA;86485;27/06/2026;160782;85783;72;0;72;0;0;03/07/2026;BRUNO ANTUNES;50
4;19315;COT HASTES FLEX COTTONBABY PT 100UN;PERFUMARIA E LIMPEZA;86485;27/06/2026;160782;85783;1;17;1;1;0;03/07/2026;ALEXSANDER;58
4;19372;INSET NITROCID PO 50G;PERFUMARIA E LIMPEZA;86485;27/06/2026;160782;85783;1;1;1;1;0;30/06/2026;AUGUSTO;-16
4;5441;DESINF GIRANDO SOL 500ML LAVANDA;PERFUMARIA E LIMPEZA;86485;27/06/2026;160782;85783;12;624;12;1;0;30/06/2026;AUGUSTO;0
4;17308;DESOD ROLLON REXONA 50ML F COTTON;PERFUMARIA E LIMPEZA;86485;27/06/2026;160782;85783;12;420;24;2;0;03/07/2026;MONIQUE;0
4;12413;AMACIANTE GIRANDO SOL 500ML VERM;PERFUMARIA E LIMPEZA;86485;27/06/2026;160782;85783;12;120;12;1;0;30/06/2026;AUGUSTO;4
4;17183;DESINF GOTA LIMPA 500ML PINHO;PERFUMARIA E LIMPEZA;86485;27/06/2026;160782;85783;12;0;12;1;0;30/06/2026;AUGUSTO;0
4;7859;SABAO PO SURF 800G CUIDADO DE COCO;PERFUMARIA E LIMPEZA;86485;27/06/2026;160782;85783;16;0;32;0;0;;;34
4;9623;INSET MAT INSET MULTI PROMO 360ML SEM CHEIRO;PERFUMARIA E LIMPEZA;86485;27/06/2026;160782;85783;12;0;12;1;0;30/06/2026;AUGUSTO;0
4;5443;DESINF GIRANDO SOL 500ML PINHO;PERFUMARIA E LIMPEZA;86485;27/06/2026;160782;85783;12;144;12;1;0;30/06/2026;AUGUSTO;2
4;5492;DESINF YPE 500ML PINHO TRADICAO;PERFUMARIA E LIMPEZA;86485;27/06/2026;160782;85783;12;13;12;1;0;30/06/2026;AUGUSTO;0
4;687;ESP GARIBALDI PRIMICIAS GF 660ML ROSE;BEBIDAS;86485;27/06/2026;160782;85783;1;0;1;1;0;03/07/2026;ERICA;4
4;8256;SH MONANGE 325ML LISOS TE QUERO;PERFUMARIA E LIMPEZA;86485;27/06/2026;160782;85783;12;252;12;1;0;03/07/2026;MONIQUE;0
4;3295;SALG KEVYTOS SHOW 38G QUEIJO;MERCEARIA;86485;27/06/2026;160782;85783;20;0;40;0;0;;;-5
4;5691;DETERG YPE 500 ML CLEAR;PERFUMARIA E LIMPEZA;86485;27/06/2026;160782;85783;24;46;72;0;0;30/06/2026;AUGUSTO;0
4;20280;LUVA CONF LATEX XG AMARELA;PERFUMARIA E LIMPEZA;86735;27/06/2026;161078;85876;12;12;60;5;0;03/07/2026;ALEXSANDER;-16
4;7424;PEDRA SANITARIA SANI SOL 20G FLORAL;PERFUMARIA E LIMPEZA;86798;27/06/2026;161154;85783;144;3600;144;1;1;03/07/2026;BRUNO ANTUNES;16
4;12308;ALCOOL ARAUCARIA 46 1L;PERFUMARIA E LIMPEZA;86798;27/06/2026;161154;85783;12;2823;36;3;0;30/06/2026;AUGUSTO;0
4;4259;AP PRESTOBARBA ULTRA GRIP 2UN;PERFUMARIA E LIMPEZA;86798;27/06/2026;161154;85783;12;0;36;3;0;03/07/2026;ALEXSANDER;22
4;12168;ABS DEFINITY C ABAS C 8;PERFUMARIA E LIMPEZA;86798;27/06/2026;161154;85783;60;600;120;0;0;03/07/2026;BRUNO ANTUNES;-2
4;7425;PEDRA SANITARIA SANI SOL 20G JASMIN;PERFUMARIA E LIMPEZA;86798;27/06/2026;161154;85783;144;1152;288;0;0;03/07/2026;BRUNO ANTUNES;115
4;24644;TCO P PES AMAZONIA 100G SPORT;PERFUMARIA E LIMPEZA;86798;27/06/2026;161154;85783;48;288;48;0;0;03/07/2026;BRUNO ANTUNES;28
5;4259;AP PRESTOBARBA ULTRA GRIP 2UN;PERFUMARIA E LIMPEZA;86487;27/06/2026;160783;85787;12;0;12;4;0;;;36
5;37260;FRALDA PAMPERS PREMIUM CARE RN 36UN;PERFUMARIA E LIMPEZA;86487;27/06/2026;160783;85787;4;16;8;2;0;;;0
5;19804;KIT SH CD PANTENE 300 150ML QUERATINA;PERFUMARIA E LIMPEZA;86487;27/06/2026;160783;85787;6;18;6;1;0;03/07/2026;MONIQUE;5
5;4258;AP PROBAK II LV7 PG5;PERFUMARIA E LIMPEZA;86487;27/06/2026;160783;85787;1;57;1;1;0;;;111
5;1058;ALFAJOR EL AGUILA 60G CHOC;MERCEARIA;86487;27/06/2026;160783;85787;12;1032;12;0;0;03/07/2026;ERICA;2
5;23002;SAB FONTANA SENSUS 150G LIMA LIMAO ORI;PERFUMARIA E LIMPEZA;86487;27/06/2026;160783;85787;72;792;72;1;0;03/07/2026;MONIQUE;34
5;24311;SH DARLING 2X1 650ML;PERFUMARIA E LIMPEZA;86487;27/06/2026;160783;85787;6;0;6;1;0;03/07/2026;MONIQUE;17
5;9587;DESOD SANIT ADES GOTA LIMPA 41G 7D EUCALIPTO;PERFUMARIA E LIMPEZA;86487;27/06/2026;160783;85787;12;0;12;1;0;;;6
5;783;ACHOC PO NESCAU SH 2 01KG;MERCEARIA;86487;27/06/2026;160783;85787;4;584;4;0;0;;;6
5;7929;SABONETE LUX 85G ORQUIDEA NEGRA;PERFUMARIA E LIMPEZA;86487;27/06/2026;160783;85787;108;3906;108;1;0;;;-34
5;7948;SABON PALMOLIVE NATURALS 150G OLEO ARGAN;PERFUMARIA E LIMPEZA;86487;27/06/2026;160783;85787;72;0;72;1;0;;;3
5;35674;SAB IARA 300G;PERFUMARIA E LIMPEZA;86487;27/06/2026;160783;85787;28;0;28;1;0;03/07/2026;MONIQUE;44
5;17316;DESOD ROLLON REXONA 50ML WOMEN ANT INV;PERFUMARIA E LIMPEZA;86487;27/06/2026;160783;85787;12;348;12;1;0;;;16
5;8604;TINT COR E TON CHOC 6 7;PERFUMARIA E LIMPEZA;86487;27/06/2026;160783;85787;6;0;6;1;0;03/07/2026;MONIQUE;13
5;7927;SABONETE LUX 85G LAVANDA;PERFUMARIA E LIMPEZA;86487;27/06/2026;160783;85787;108;2808;108;1;0;;;-3
5;12168;ABS DEFINITY C ABAS C 8;PERFUMARIA E LIMPEZA;86800;27/06/2026;161155;85787;60;600;120;2;0;;;1
5;4259;AP PRESTOBARBA ULTRA GRIP 2UN;PERFUMARIA E LIMPEZA;86800;27/06/2026;161155;85787;12;0;36;4;0;;;36
5;24644;TCO P PES AMAZONIA 100G SPORT;PERFUMARIA E LIMPEZA;86800;27/06/2026;161155;85787;48;288;48;1;0;;;40
6;6792;LEITE UHT PET ELEGE 1L INTEGRAL;PERECIVEIS;86461;27/06/2026;160770;85791;6;5035;12;2;0;;;24
6;7859;SABAO PO SURF 800G CUIDADO DE COCO;PERFUMARIA E LIMPEZA;86489;27/06/2026;160784;85791;16;0;16;0;0;;;16
6;5521;DESOD AERO BOZZANO 90G ANTIBAC FRESH;PERFUMARIA E LIMPEZA;86489;27/06/2026;160784;85791;12;360;12;1;0;;;2
6;34564;CREME JOAO E MARIA 40G P ASSADURA;PERFUMARIA E LIMPEZA;86489;27/06/2026;160784;85791;1;0;1;1;0;;;-10
6;5850;ESC DENTAL ORAL B PRO;PERFUMARIA E LIMPEZA;86489;27/06/2026;160784;85791;12;36;12;1;0;;;15
6;3295;SALG KEVYTOS SHOW 38G QUEIJO;MERCEARIA;86489;27/06/2026;160784;85791;20;0;60;0;0;;;0
6;784;REFRIG ANTARCTICA GUARANA PET 2L;BEBIDAS;86489;27/06/2026;160784;85791;8;176;8;1;0;;;-9
6;9233;CR TRAT VINI LADY SC 700G LISO INTENSO;PERFUMARIA E LIMPEZA;86489;27/06/2026;160784;85791;12;36;12;1;0;;;7
6;23029;SAB LIQ BEM ESTAR RF 300ML FRUT VRM;PERFUMARIA E LIMPEZA;86489;27/06/2026;160784;85791;12;0;12;1;0;;;6
6;648;WHISKY MASTER GOLD VD 900ML;BEBIDAS;86489;27/06/2026;160784;85791;1;96;1;1;0;03/07/2026;ERICA;2
6;20391;MAIONESE LIZA CASEIRA 450G;MERCEARIA;86489;27/06/2026;160784;85791;12;84;12;1;0;;;-8
6;2814;POLENTA PERDIZ 500G INST TEMP;MERCEARIA;86489;27/06/2026;160784;85791;12;71;24;2;0;;;-23
6;22796;RATICIDA RODILON ISCA 25G;PERFUMARIA E LIMPEZA;86489;27/06/2026;160784;85791;40;160;40;0;0;;;0
6;8203;KIT ELSEVE SH COND 375ML 170ML OLEO EXTR;PERFUMARIA E LIMPEZA;86489;27/06/2026;160784;85791;6;1;6;1;0;;;2
6;5338;CR TRAT PENTEAR VINI LADY 900G ABACATE E TAMAR;PERFUMARIA E LIMPEZA;86489;27/06/2026;160784;85791;6;0;12;2;0;;;-3
6;2758;MAIONESE LIZA SH 196G;MERCEARIA;86489;27/06/2026;160784;85791;24;20939;24;1;1;;;44
6;16844;CR DEN COLGATE T ACAO XTRA 120G WHITE;PERFUMARIA E LIMPEZA;86489;27/06/2026;160784;85791;72;24;72;1;0;;;31
6;10134;SAB 123 BABY 80G ROSA;PERFUMARIA E LIMPEZA;86489;27/06/2026;160784;85791;72;432;72;1;0;;;14
6;4995;COND MONANGE 325ML LISOS TE QUERO;PERFUMARIA E LIMPEZA;86489;27/06/2026;160784;85791;12;60;12;1;0;;;5
6;5624;DESOD AERO REXONA 91G CLINICAL SPO;PERFUMARIA E LIMPEZA;86489;27/06/2026;160784;85791;12;0;12;1;0;;;5
6;18738;FRALDA DESC BABYSEC ULTSEC MEGA M 38 UN;PERFUMARIA E LIMPEZA;86489;27/06/2026;160784;85791;6;30;6;1;0;;;0
6;37897;KIT ELSEVE COLAG SH 375ML CD 170ML;PERFUMARIA E LIMPEZA;86489;27/06/2026;160784;85791;6;180;6;1;0;;;4
6;6234;GEL DENTAL CLOSE UP 90G ORIG RED HOT;PERFUMARIA E LIMPEZA;86489;27/06/2026;160784;85791;12;250;12;1;0;;;18
6;24311;SH DARLING 2X1 650ML;PERFUMARIA E LIMPEZA;86489;27/06/2026;160784;85791;6;0;6;1;0;;;4
6;2378;DUETO FUGINI SH 170G ERVILHA MILHO;MERCEARIA;86489;27/06/2026;160784;85791;36;108;36;1;0;;;105
6;687;ESP GARIBALDI PRIMICIAS GF 660ML ROSE;BEBIDAS;86489;27/06/2026;160784;85791;1;0;1;1;0;03/07/2026;ERICA;8
6;7665;REMOVEDOR ESMALTE JAY LUC 100ML;PERFUMARIA E LIMPEZA;86489;27/06/2026;160784;85791;24;216;24;1;0;;;4
6;9607;HID MONANGE PELE EXTRA SECA 200ML;PERFUMARIA E LIMPEZA;86489;27/06/2026;160784;85791;24;144;24;1;0;;;7
6;9743;LOCAO LEITE DE COLONIA LIMP 100ML TEMPO DE AMAR;PERFUMARIA E LIMPEZA;86489;27/06/2026;160784;85791;36;0;36;1;0;;;13
6;35581;CREME P PENT SEDA 300ML TOQUE DE SEDA;PERFUMARIA E LIMPEZA;86489;27/06/2026;160784;85791;12;156;12;1;0;;;6
6;19317;HID DI HELLEN 30G AVEIA;PERFUMARIA E LIMPEZA;86489;27/06/2026;160784;85791;12;0;12;1;0;;;15
6;12173;ABS GERIAMAX POS PARTO OPERAT C 20;PERFUMARIA E LIMPEZA;86489;27/06/2026;160784;85791;6;132;6;1;0;;;7
6;24824;TINTURA BELAECOR 147G 6 0 LOURO ESCU;PERFUMARIA E LIMPEZA;86489;27/06/2026;160784;85791;6;0;6;1;0;;;11
6;5661;DESOD ROLLON VINI LADY 50G FEMME;PERFUMARIA E LIMPEZA;86489;27/06/2026;160784;85791;24;0;24;1;0;;;1
6;20280;LUVA CONF LATEX XG AMARELA;PERFUMARIA E LIMPEZA;86737;27/06/2026;161079;85878;12;12;120;10;0;;;24
6;4259;AP PRESTOBARBA ULTRA GRIP 2UN;PERFUMARIA E LIMPEZA;86802;27/06/2026;161156;85791;12;0;24;2;0;;;5
6;24644;TCO P PES AMAZONIA 100G SPORT;PERFUMARIA E LIMPEZA;86802;27/06/2026;161156;85791;48;288;48;1;0;;;37
6;12168;ABS DEFINITY C ABAS C 8;PERFUMARIA E LIMPEZA;86802;27/06/2026;161156;85791;60;600;60;1;0;;;118
7;6781;LEITE LV EDGE ELEGE 1L INTEGRAL;PERECIVEIS;86463;27/06/2026;160771;85788;12;204;24;2;0;;;355
7;6801;LEITE UHT TP NINHO 1L INTEGRAL;PERECIVEIS;86463;27/06/2026;160771;85788;12;1779;24;2;0;;;1
7;6780;LEITE NINHO UHT TP LEVINHO 1L SEMI DESNATADO;PERECIVEIS;86463;27/06/2026;160771;85788;12;84;12;1;0;;;0
7;34564;CREME JOAO E MARIA 40G P ASSADURA;PERFUMARIA E LIMPEZA;86491;27/06/2026;160785;85788;1;0;1;1;0;;;0
7;7859;SABAO PO SURF 800G CUIDADO DE COCO;PERFUMARIA E LIMPEZA;86491;27/06/2026;160785;85788;16;0;32;0;0;;;37
7;687;ESP GARIBALDI PRIMICIAS GF 660ML ROSE;BEBIDAS;86491;27/06/2026;160785;85788;1;0;1;1;0;;;13
7;24311;SH DARLING 2X1 650ML;PERFUMARIA E LIMPEZA;86491;27/06/2026;160785;85788;6;0;6;1;0;;;16
7;4254;AP PRESTOBARBA 3 LV4 PG3 MASCULINO;PERFUMARIA E LIMPEZA;86491;27/06/2026;160785;85788;6;516;36;6;0;;;20
7;10197;SAB SENSUS BEAUTY ESSENCE 80G JARDINS TURQUIA;PERFUMARIA E LIMPEZA;86491;27/06/2026;160785;85788;108;3888;108;1;0;;;62
7;9542;FRALDA DESC BABYSEC JUMBINHO XG 12 UN;PERFUMARIA E LIMPEZA;86491;27/06/2026;160785;85788;8;248;8;1;0;;;-3
7;3673;LEITE COND ELEGE TP 395G;MERCEARIA;86491;27/06/2026;160785;85788;24;240;24;1;0;;;2
7;37892;TIT COR E TON S AMONIA 4 0 CAST MD;PERFUMARIA E LIMPEZA;86491;27/06/2026;160785;85788;6;0;6;1;0;;;4
7;1430;CHOC KIT KAT 41 5G FINGER AO LEITE;MERCEARIA;86491;27/06/2026;160785;85788;24;1848;96;4;0;;;42
7;279;VH QUINTA CARVALHO TINTO 750ML SV;BEBIDAS;86592;27/06/2026;160934;85585;12;72;24;0;0;30/06/2026;FERNANDO PAZ;-23
7;298;VH SANGUE BOI TINTO 750ML SC;BEBIDAS;86592;27/06/2026;160934;85585;6;279;30;0;0;30/06/2026;FERNANDO PAZ;20
7;8858;AP GILLETTE PROBAK II C 2;PERFUMARIA E LIMPEZA;86717;27/06/2026;161069;85585;14;2198;140;10;0;29/06/2026;FERNANDO PAZ;31
7;12168;ABS DEFINITY C ABAS C 8;PERFUMARIA E LIMPEZA;86804;27/06/2026;161157;85788;60;600;120;2;0;;;0
8;6781;LEITE LV EDGE ELEGE 1L INTEGRAL;PERECIVEIS;86465;27/06/2026;160772;85784;12;204;24;0;0;04/07/2026;FERNANDO.H;243
8;6790;LEITE UHT NINHO 1L ZERO LACTOSE;PERECIVEIS;86465;27/06/2026;160772;85784;12;96;12;0;0;04/07/2026;FERNANDO.H;0
8;6801;LEITE UHT TP NINHO 1L INTEGRAL;PERECIVEIS;86465;27/06/2026;160772;85784;12;1779;12;0;0;04/07/2026;FERNANDO.H;36
8;6787;LEITE LV ELEGE 1L ZERO LAC SEMI DES;PERECIVEIS;86465;27/06/2026;160772;85784;12;286;12;0;0;04/07/2026;FERNANDO.H;-102
8;6798;LEITE SANTA CLARA 1L SENIOR 50;PERECIVEIS;86465;27/06/2026;160772;85784;12;24;12;0;0;04/07/2026;FERNANDO.H;56
8;648;WHISKY MASTER GOLD VD 900ML;BEBIDAS;86493;27/06/2026;160786;85784;1;96;1;1;0;;;-1
8;24332;SHAMPOO MONANGE 325ML DETOX TERAPIA;PERFUMARIA E LIMPEZA;86493;27/06/2026;160786;85784;12;72;12;1;0;;;7
8;2717;FARINHA TRIGO FIDALGA 1KG;MERCEARIA;86493;27/06/2026;160786;85784;10;0;10;0;0;04/07/2026;FERNANDO.H;0
8;213;CERV SKOL PILSEN LT 473ML;BEBIDAS;86493;27/06/2026;160786;85784;12;27516;984;82;0;;;5457
8;102;CERV ANTARCTICA SUBZERO GF 1L RETORNAVEL;BEBIDAS;86493;27/06/2026;160786;85784;12;984;24;2;0;;;13
8;2448;SARDINHA NAUTIQUE 125G OLEO;MERCEARIA;86493;27/06/2026;160786;85784;50;13500;100;2;2;04/07/2026;FERNANDO.H;35
8;22118;POM MASSAG BIO CANELA VELHO 150ML;PERFUMARIA E LIMPEZA;86493;27/06/2026;160786;85784;12;420;12;1;0;;;13
8;20612;MASSA SEMOLA GERMANI 500G ESPAG;MERCEARIA;86493;27/06/2026;160786;85784;20;40;40;0;0;;;-28
8;2758;MAIONESE LIZA SH 196G;MERCEARIA;86493;27/06/2026;160786;85784;24;20939;24;1;1;04/07/2026;FERNANDO.H;27
8;5694;DETERG YPE 500ML CLEAR CARE;PERFUMARIA E LIMPEZA;86493;27/06/2026;160786;85784;24;2;48;0;0;01/07/2026;JESUS;52
8;15732;CERA LIQ GIRANDO SOL 750ML INCOLOR;PERFUMARIA E LIMPEZA;86493;27/06/2026;160786;85784;12;300;24;0;0;01/07/2026;JESUS;2
8;21119;MOLHO TOM TARANTELLA TRAD 1 7KG;MERCEARIA;86493;27/06/2026;160786;85784;6;6;6;0;0;04/07/2026;FERNANDO.H;0
8;1888;PASTILHA TIC TAC 14 5G MENTA;MERCEARIA;86493;27/06/2026;160786;85784;14;0;14;1;0;;;5
8;34564;CREME JOAO E MARIA 40G P ASSADURA;PERFUMARIA E LIMPEZA;86493;27/06/2026;160786;85784;1;0;1;1;0;;;16
8;2672;FARINHA MANDIOCA CBS 500G;MERCEARIA;86493;27/06/2026;160786;85784;12;0;12;1;0;;;5
8;5343;CR TRAT PENTEAR VINI LADY 900G LISO INTENSO;PERFUMARIA E LIMPEZA;86493;27/06/2026;160786;85784;6;0;6;1;0;;;1
8;687;ESP GARIBALDI PRIMICIAS GF 660ML ROSE;BEBIDAS;86493;27/06/2026;160786;85784;1;0;1;1;0;;;6
8;4259;AP PRESTOBARBA ULTRA GRIP 2UN;PERFUMARIA E LIMPEZA;86493;27/06/2026;160786;85784;12;0;24;2;0;;;51
8;20391;MAIONESE LIZA CASEIRA 450G;MERCEARIA;86493;27/06/2026;160786;85784;12;84;12;0;0;04/07/2026;FERNANDO.H;86
8;2394;MILHO VERDE FUGINI SH 170G;MERCEARIA;86493;27/06/2026;160786;85784;36;1510;72;2;2;04/07/2026;FERNANDO.H;317
8;7425;PEDRA SANITARIA SANI SOL 20G JASMIN;PERFUMARIA E LIMPEZA;86806;27/06/2026;161158;85784;144;1152;288;2;0;;;0
8;12168;ABS DEFINITY C ABAS C 8;PERFUMARIA E LIMPEZA;86806;27/06/2026;161158;85784;60;600;60;1;0;;;64
8;36199;SAB LIQ MADE IN BRAZIL 1L CHA BCO;PERFUMARIA E LIMPEZA;86822;27/06/2026;161168;85784;12;0;12;1;0;;;24
8;33650;SAB LIQ MADE IN BRAZIL 1L PESSEGO;PERFUMARIA E LIMPEZA;86822;27/06/2026;161168;85784;12;348;24;2;0;;;16
11;783;ACHOC PO NESCAU SH 2 01KG;MERCEARIA;86495;27/06/2026;160787;85799;4;584;16;0;0;29/06/2026;ALEXSANDRO;8
11;9145;COND SEDA GLYCOL VIT C 425ML;PERFUMARIA E LIMPEZA;86495;27/06/2026;160787;85799;12;9;12;1;0;03/07/2026;JESSICA M;0
11;6127;FRALDA CONFORTSEC PAMPERS XXG 30UN;PERFUMARIA E LIMPEZA;86495;27/06/2026;160787;85799;4;2;8;3;0;03/07/2026;JESSICA M;0
11;3475;TEMP COLORIFICO APTI 100G;MERCEARIA;86495;27/06/2026;160787;85799;50;450;50;1;0;;;14
11;20612;MASSA SEMOLA GERMANI 500G ESPAG;MERCEARIA;86495;27/06/2026;160787;85799;20;40;20;0;0;;;29
11;7948;SABON PALMOLIVE NATURALS 150G OLEO ARGAN;PERFUMARIA E LIMPEZA;86495;27/06/2026;160787;85799;72;0;72;1;0;03/07/2026;JESSICA M;-10
11;6234;GEL DENTAL CLOSE UP 90G ORIG RED HOT;PERFUMARIA E LIMPEZA;86495;27/06/2026;160787;85799;12;250;12;2;0;03/07/2026;JESSICA M;-1
11;3805;PO P SORVETE APTI 120G CREME;MERCEARIA;86495;27/06/2026;160787;85799;12;0;12;1;0;;;26
11;19204;GLIC VEGETAL JAY LUC 100ML;PERFUMARIA E LIMPEZA;86495;27/06/2026;160787;85799;1;0;1;1;0;;;3
11;9260;DES AERO MONANGE 150ML DETOX FRESH;PERFUMARIA E LIMPEZA;86495;27/06/2026;160787;85799;12;336;12;1;0;03/07/2026;JESSICA M;6
11;2096;ARROZ BCO SANO T1 2K;MERCEARIA;86495;27/06/2026;160787;85799;15;1785;15;1;0;;;17
11;2749;FARINHA TRIGO MARIA INES 5KG;MERCEARIA;86495;27/06/2026;160787;85799;5;815;10;0;0;01/07/2026;GABRIELL2;15
11;22796;RATICIDA RODILON ISCA 25G;PERFUMARIA E LIMPEZA;86495;27/06/2026;160787;85799;40;160;40;0;0;03/07/2026;JESSICA M;0
11;17291;DESOD ROLLON DOVE 50ML CLEAN COMFORT;PERFUMARIA E LIMPEZA;86495;27/06/2026;160787;85799;12;0;12;1;0;03/07/2026;JESSICA M;6
11;5536;DESOD AERO DOVE 89G 150ML INVISIBLE DRY;PERFUMARIA E LIMPEZA;86495;27/06/2026;160787;85799;12;15;12;1;0;03/07/2026;JESSICA M;49
11;2688;FARINHA MILHO SAUDAVEL 1KG MEDIA;MERCEARIA;86495;27/06/2026;160787;85799;30;395;30;1;0;;;130
11;33426;CHOC BIBS STICKS 29G NAPOLITANO;MERCEARIA;86495;27/06/2026;160787;85799;16;0;16;1;0;;;4
11;1408;CHOC 5 STAR LACTA 40G;MERCEARIA;86495;27/06/2026;160787;85799;18;0;18;1;0;;;11
11;1294;CHOC BARRA NESTLE 80G AO LEITE;MERCEARIA;86495;27/06/2026;160787;85799;16;-64;16;1;0;;;-5
11;537;GATORADE 500ML BERRY BLUE;BEBIDAS;86495;27/06/2026;160787;85799;6;306;6;0;0;;;2
11;1430;CHOC KIT KAT 41 5G FINGER AO LEITE;MERCEARIA;86495;27/06/2026;160787;85799;24;1848;96;5;0;;;22
11;20280;LUVA CONF LATEX XG AMARELA;PERFUMARIA E LIMPEZA;86739;27/06/2026;161080;85881;12;12;60;5;0;;;0
11;12168;ABS DEFINITY C ABAS C 8;PERFUMARIA E LIMPEZA;86808;27/06/2026;161159;85799;60;600;60;1;0;03/07/2026;JESSICA M;90
12;5534;DESOD AERO DOVE 89G 150ML CUIDADO TTL;PERFUMARIA E LIMPEZA;86497;27/06/2026;160788;85794;12;39;12;1;0;;;14
12;6127;FRALDA CONFORTSEC PAMPERS XXG 30UN;PERFUMARIA E LIMPEZA;86497;27/06/2026;160788;85794;4;2;8;2;0;;;0
12;4258;AP PROBAK II LV7 PG5;PERFUMARIA E LIMPEZA;86497;27/06/2026;160788;85794;1;57;3;3;3;30/06/2026;PAMELA;34
12;8001;SABONETE SENADOR 130G;PERFUMARIA E LIMPEZA;86497;27/06/2026;160788;85794;72;0;72;1;0;;;38
12;8858;AP GILLETTE PROBAK II C 2;PERFUMARIA E LIMPEZA;86497;27/06/2026;160788;85794;14;2198;14;1;1;30/06/2026;PAMELA;175
12;8203;KIT ELSEVE SH COND 375ML 170ML OLEO EXTR;PERFUMARIA E LIMPEZA;86497;27/06/2026;160788;85794;6;1;6;1;0;;;14
12;4230;AMPOLA PANTENE 45ML 3UN TRAT HIDRATA;PERFUMARIA E LIMPEZA;86497;27/06/2026;160788;85794;1;0;1;1;0;;;9
12;3384;CALDO GALINHA APTI 57G;MERCEARIA;86497;27/06/2026;160788;85794;120;0;240;2;0;;;7
12;1408;CHOC 5 STAR LACTA 40G;MERCEARIA;86497;27/06/2026;160788;85794;18;0;18;1;0;;;0
12;1294;CHOC BARRA NESTLE 80G AO LEITE;MERCEARIA;86497;27/06/2026;160788;85794;16;-64;16;1;0;;;62
12;7943;SABON PALMOLIVE NATURALS 150G JASMIM E CACAU;PERFUMARIA E LIMPEZA;86497;27/06/2026;160788;85794;72;72;72;1;0;;;0
12;687;ESP GARIBALDI PRIMICIAS GF 660ML ROSE;BEBIDAS;86497;27/06/2026;160788;85794;1;0;1;1;0;;;4
12;5250;CR DENT CLOSE UP 70G TRIPLE HORTELA;PERFUMARIA E LIMPEZA;86497;27/06/2026;160788;85794;72;2448;72;1;0;;;0
12;35123;CHOC BATON GAROTO 16G DUO;MERCEARIA;86497;27/06/2026;160788;85794;30;30;30;1;0;;;0
12;18942;GEL AMAZONIA ARNICA 235G;PERFUMARIA E LIMPEZA;86497;27/06/2026;160788;85794;24;24;24;1;0;;;14
12;5253;CR DENTAL CLOSE UP 100G LIQUIFRESH ICE;PERFUMARIA E LIMPEZA;86497;27/06/2026;160788;85794;12;126;12;1;0;;;2
12;20193;LIXA P PES DUPLA FACE;PERFUMARIA E LIMPEZA;86497;27/06/2026;160788;85794;1;0;1;0;0;30/06/2026;PAMELA;5
12;5314;CR PENT SEDA 300ML SOS CERAMIDAS;PERFUMARIA E LIMPEZA;86497;27/06/2026;160788;85794;12;432;12;1;0;;;14
12;2509;ERVA MATE PONCHE VERDE 500G MOIDA GROSSA;MERCEARIA;86697;27/06/2026;161057;85590;20;0;60;3;3;30/06/2026;AUGUSTO;120
12;20280;LUVA CONF LATEX XG AMARELA;PERFUMARIA E LIMPEZA;86741;27/06/2026;161081;85882;12;12;60;5;0;;;5
12;7425;PEDRA SANITARIA SANI SOL 20G JASMIN;PERFUMARIA E LIMPEZA;86810;27/06/2026;161160;85794;144;1152;432;3;0;;;237
13;2361;FEIJAO VERMELHO ARBAZA 500G;MERCEARIA;86499;27/06/2026;160790;85795;12;1245;36;0;0;03/07/2026;GABRIELL2;51
13;7929;SABONETE LUX 85G ORQUIDEA NEGRA;PERFUMARIA E LIMPEZA;86499;27/06/2026;160790;85795;108;3906;108;1;0;;;0
13;9298;DETERG YPE LIQ 5L CLEAR;PERFUMARIA E LIMPEZA;86499;27/06/2026;160790;85795;4;4;4;0;0;01/07/2026;AUGUSTO;4
13;13514;BLO LIXA P UNHA BONITTA;PERFUMARIA E LIMPEZA;86499;27/06/2026;160790;85795;1;0;1;1;0;;;3
13;1986;CAPPUCCINO PRONTO 3C 260ML BALANCE;MERCEARIA;86499;27/06/2026;160790;85795;6;0;6;0;0;03/07/2026;AUGUSTO;10
13;1408;CHOC 5 STAR LACTA 40G;MERCEARIA;86499;27/06/2026;160790;85795;18;0;18;0;0;03/07/2026;AUGUSTO;2
13;5573;DESOD AERO NIVEA 97G BLACK WHITE POWER;PERFUMARIA E LIMPEZA;86499;27/06/2026;160790;85795;12;0;12;1;0;;;0
13;18762;FRALDA DESC MILI GIGA G C 78 C 78 G;PERFUMARIA E LIMPEZA;86499;27/06/2026;160790;85795;4;47;4;0;0;01/07/2026;AUGUSTO;5
13;6128;FRALDA CONFORTSEC PAMPERS P 50UN;PERFUMARIA E LIMPEZA;86499;27/06/2026;160790;85795;3;0;3;3;0;;;7
13;1294;CHOC BARRA NESTLE 80G AO LEITE;MERCEARIA;86499;27/06/2026;160790;85795;16;-64;16;1;0;;;4
13;24313;SH DARLING CERAMIDAS 650ML;PERFUMARIA E LIMPEZA;86499;27/06/2026;160790;85795;6;0;6;1;0;;;15
13;5552;DESOD AERO MONANGE 90G FRUTAS VERMELHA;PERFUMARIA E LIMPEZA;86499;27/06/2026;160790;85795;12;552;12;1;0;;;1
13;34564;CREME JOAO E MARIA 40G P ASSADURA;PERFUMARIA E LIMPEZA;86499;27/06/2026;160790;85795;1;0;1;1;0;;;1
13;3516;FERM PO BIOL GOOD INSTANT SH 125G;MERCEARIA;86499;27/06/2026;160790;85795;12;504;12;0;0;03/07/2026;AUGUSTO;0
13;4230;AMPOLA PANTENE 45ML 3UN TRAT HIDRATA;PERFUMARIA E LIMPEZA;86499;27/06/2026;160790;85795;1;0;1;1;0;;;22
13;16874;CR DEN SORRISO 120G TRIPLA LIMPEZA COMPLETA;PERFUMARIA E LIMPEZA;86499;27/06/2026;160790;85795;72;72;72;1;0;;;23
13;7932;SABONETE NIVEA 85G AVEIA;PERFUMARIA E LIMPEZA;86499;27/06/2026;160790;85795;96;672;96;1;0;;;2
13;38005;CHOC KIT KAT MACCHIATO 41 5G;MERCEARIA;86499;27/06/2026;160790;85795;24;2304;48;2;0;;;415
13;17415;DET PO GOTA LIMPA 800G HARMONIA;PERFUMARIA E LIMPEZA;86499;27/06/2026;160790;85795;20;0;20;0;0;01/07/2026;AUGUSTO;4
13;783;ACHOC PO NESCAU SH 2 01KG;MERCEARIA;86499;27/06/2026;160790;85795;4;584;4;0;0;;;9
13;4259;AP PRESTOBARBA ULTRA GRIP 2UN;PERFUMARIA E LIMPEZA;86812;27/06/2026;161161;85795;12;0;36;3;0;;;36
13;33650;SAB LIQ MADE IN BRAZIL 1L PESSEGO;PERFUMARIA E LIMPEZA;86824;27/06/2026;161169;85795;12;348;36;3;0;;;24
13;33647;SAB LIQ MADE IN BRAZIL 1L ERVA DOCE;PERFUMARIA E LIMPEZA;86824;27/06/2026;161169;85795;12;216;12;1;0;;;24
13;36199;SAB LIQ MADE IN BRAZIL 1L CHA BCO;PERFUMARIA E LIMPEZA;86824;27/06/2026;161169;85795;12;0;12;1;0;;;23
14;5271;CR DENTAL ORAL B 70G EXTRA BRANCO;PERFUMARIA E LIMPEZA;86501;27/06/2026;160791;85790;48;10872;48;1;0;;;27
14;1982;CAPUCCINO PRONTO 3C 260ML PINGADO;MERCEARIA;86501;27/06/2026;160791;85790;6;0;6;0;0;30/06/2026;BRAGA;3
14;1740;CHICLE FREEGELLS GUM 8G MORANGO;MERCEARIA;86501;27/06/2026;160791;85790;15;810;15;1;0;;;10
14;1845;DROPS FREEGELLS 27 9G EUCALIPTO;MERCEARIA;86501;27/06/2026;160791;85790;12;756;24;2;0;;;23
14;719;SUCO AURORA INTEGRAL TINTO TP 1 5L UVA;BEBIDAS;86501;27/06/2026;160791;85790;6;714;6;1;1;30/06/2026;BRAGA;8
14;34753;SUCO DE UVA TREBOM PET 1 35L;BEBIDAS;86501;27/06/2026;160791;85790;6;0;6;0;0;30/06/2026;BRAGA;-4
14;282;CERV MICHELOB ULTRA LN 330ML;BEBIDAS;86501;27/06/2026;160791;85790;24;1272;24;1;1;30/06/2026;BRAGA;17
14;3397;CALDO APTI 19G LEGUMES;MERCEARIA;86501;27/06/2026;160791;85790;24;3744;24;1;0;;;76
14;23140;SABAO GIRANDO SOL COCO 100G BAB;PERFUMARIA E LIMPEZA;86501;27/06/2026;160791;85790;50;150;50;0;0;;;59
14;25433;VH CONCHA Y TORO RESERV CAB SUAVE 750ML;BEBIDAS;86501;27/06/2026;160791;85790;12;0;12;0;0;30/06/2026;BRAGA;9
14;867;REFRIG COCA COLA ZERO LT 310ML C6;BEBIDAS;86501;27/06/2026;160791;85790;6;12;6;0;0;30/06/2026;BRAGA;7
14;12295;AGUA TONICA QUININO 350ML ZERO;BEBIDAS;86501;27/06/2026;160791;85790;12;12;12;0;0;30/06/2026;BRAGA;0
14;533;ENERG RED BULL LT 355ML;BEBIDAS;86501;27/06/2026;160791;85790;4;132;12;0;0;30/06/2026;BRAGA;0
14;33889;KIT SH CD DOVE 350ML 175ML HIALURON VIT;PERFUMARIA E LIMPEZA;86501;27/06/2026;160791;85790;8;80;16;2;0;;;12
14;293;CERV STELLA ARTOIS LN 330ML;BEBIDAS;86501;27/06/2026;160791;85790;24;213;24;1;1;30/06/2026;BRAGA;92
14;617;VODKA INTENCION LT 473ML;BEBIDAS;86501;27/06/2026;160791;85790;6;0;6;0;0;30/06/2026;BRAGA;0
14;764;REFRIG COCA COLA PET 200ML ZERO;BEBIDAS;86501;27/06/2026;160791;85790;12;1298;96;0;0;30/06/2026;BRAGA;-1
14;37250;ENERG RED BULL LT 250ML MACA SA;BEBIDAS;86501;27/06/2026;160791;85790;24;144;24;0;0;30/06/2026;BRAGA;9
14;1742;CHICLE FREEGELLS GUM 8G EXTRA FORTE;MERCEARIA;86501;27/06/2026;160791;85790;15;0;15;1;0;;;3
14;4044;ALIM GATO FRISKIES 85G ATUM AO MOLHO;PRODUTOS PET;86501;27/06/2026;160791;85790;15;1035;15;0;0;30/06/2026;ALEX JARDIM;5
14;8223;KIT ELSEVE SH COND 375ML 170ML RT5;PERFUMARIA E LIMPEZA;86501;27/06/2026;160791;85790;6;6;6;1;0;;;8
14;6023;ESPUMA BARBA BOZZANO 193G REFRESC;PERFUMARIA E LIMPEZA;86501;27/06/2026;160791;85790;6;0;6;1;0;;;-1
14;767;REFRIG FRUKI COLA PET 200ML COLA;BEBIDAS;86501;27/06/2026;160791;85790;12;0;12;0;0;30/06/2026;BRAGA;0
14;2925;ACHOC LIQ ITALAC 1L;MERCEARIA;86501;27/06/2026;160791;85790;12;0;12;0;0;30/06/2026;BRAGA;4
14;1397;CHOC NESTLE CHOKITO 32G UN;MERCEARIA;86501;27/06/2026;160791;85790;30;0;30;1;0;;;15
14;2869;MASSA C OVOS ORQUIDEA 500G ESPAGUETE;MERCEARIA;86501;27/06/2026;160791;85790;20;34;20;0;0;30/06/2026;ALEX JARDIM;16
14;6127;FRALDA CONFORTSEC PAMPERS XXG 30UN;PERFUMARIA E LIMPEZA;86501;27/06/2026;160791;85790;4;2;4;1;0;;;3
14;1983;CAPPUCCINO PRONTO 3C 260ML CLASSIC;MERCEARIA;86501;27/06/2026;160791;85790;6;6;6;1;0;;;-3
14;417;BEB VIT BALY KIDS LT 220ML LARANJA;BEBIDAS;86501;27/06/2026;160791;85790;6;6;6;0;0;30/06/2026;BRAGA;33
14;1430;CHOC KIT KAT 41 5G FINGER AO LEITE;MERCEARIA;86501;27/06/2026;160791;85790;24;1848;120;5;0;;;-46
14;1400;CHOC CARIBE GAROTO 28G CANDYBAR;MERCEARIA;86501;27/06/2026;160791;85790;30;0;30;1;0;;;22
14;3394;CALDO GALINHA KNORR 114G;MERCEARIA;86501;27/06/2026;160791;85790;1;681;1;1;0;;;22
14;2842;MASSA C OVOS DOMELLY 500G ESPAGUETE;MERCEARIA;86501;27/06/2026;160791;85790;20;0;20;0;0;30/06/2026;ALEX JARDIM;38
14;2905;MASSA C OVOS ISABELA 500G NIN LARGO;MERCEARIA;86501;27/06/2026;160791;85790;20;0;20;0;0;30/06/2026;ALEX JARDIM;-1
14;22734;RAC QUATRO PATAS GATOS FIL 500G;PRODUTOS PET;86501;27/06/2026;160791;85790;10;241;10;0;0;30/06/2026;ALEX JARDIM;6
14;386;ENERG MONSTER LT 473ML ABSOLUT ZERO;BEBIDAS;86501;27/06/2026;160791;85790;6;66;12;0;0;30/06/2026;BRAGA;7
14;34497;ENERG ELEV LT 473ML PINK LIMONADE;BEBIDAS;86501;27/06/2026;160791;85790;6;3;6;0;0;30/06/2026;BRAGA;9
14;1849;DROPS FREEGELLS 27 9G EXTRA FORTE;MERCEARIA;86501;27/06/2026;160791;85790;12;1188;24;2;0;;;48
14;16879;CR FACIAL NIVEA ANTISSINAIS 100G;PERFUMARIA E LIMPEZA;86501;27/06/2026;160791;85790;1;12;1;1;0;;;0
14;16903;CR NIVEA LT 56G;PERFUMARIA E LIMPEZA;86501;27/06/2026;160791;85790;1;0;1;1;0;;;1
14;22344;PROT DIA DAILY CARTUCHO L120P100;PERFUMARIA E LIMPEZA;86501;27/06/2026;160791;85790;12;0;12;1;0;;;1
14;203;VH CANCAO BCO 750ML SV;BEBIDAS;86501;27/06/2026;160791;85790;12;0;12;0;0;30/06/2026;BRAGA;6
14;634;SUCO DEL VALLE LT 290ML MANGA;BEBIDAS;86501;27/06/2026;160791;85790;6;19;6;0;0;30/06/2026;BRAGA;11
14;17566;ENERG RED BULL LT 250ML MELAO MARACUJA;BEBIDAS;86501;27/06/2026;160791;85790;4;226;8;0;0;30/06/2026;BRAGA;12
14;659;SUCO KAPO TP 200ML ABACAXI;BEBIDAS;86501;27/06/2026;160791;85790;12;6924;12;1;1;30/06/2026;BRAGA;148
14;3384;CALDO GALINHA APTI 57G;MERCEARIA;86501;27/06/2026;160791;85790;120;0;120;1;0;;;44
14;1354;CHOC BATON GAROTO 16G BRANCO;MERCEARIA;86501;27/06/2026;160791;85790;30;0;30;1;0;;;9
14;4259;AP PRESTOBARBA ULTRA GRIP 2UN;PERFUMARIA E LIMPEZA;86501;27/06/2026;160791;85790;12;0;12;3;0;;;15
14;4988;COND JAY LUC 1L NEUTRO;PERFUMARIA E LIMPEZA;86501;27/06/2026;160791;85790;12;468;12;1;0;;;2
14;7933;SABONETE NIVEA 85G ERVA DOCE OLEOS;PERFUMARIA E LIMPEZA;86501;27/06/2026;160791;85790;96;288;96;1;0;;;193
14;2449;TRIGO P KIBE JUREIA 500G;MERCEARIA;86501;27/06/2026;160791;85790;12;0;12;1;0;;;21
14;4259;AP PRESTOBARBA ULTRA GRIP 2UN;PERFUMARIA E LIMPEZA;86814;27/06/2026;161162;85790;12;0;24;3;0;;;15
14;33647;SAB LIQ MADE IN BRAZIL 1L ERVA DOCE;PERFUMARIA E LIMPEZA;86826;27/06/2026;161170;85790;12;216;12;1;0;;;19
14;36199;SAB LIQ MADE IN BRAZIL 1L CHA BCO;PERFUMARIA E LIMPEZA;86826;27/06/2026;161170;85790;12;0;12;1;0;;;24
14;33650;SAB LIQ MADE IN BRAZIL 1L PESSEGO;PERFUMARIA E LIMPEZA;86826;27/06/2026;161170;85790;12;348;24;2;0;;;12
17;23028;SAB LIQ BEM ESTAR RF 300ML ERVA DOCE;PERFUMARIA E LIMPEZA;86503;27/06/2026;160792;85796;12;0;36;3;0;03/07/2026;JESSICA M;-7
17;16903;CR NIVEA LT 56G;PERFUMARIA E LIMPEZA;86503;27/06/2026;160792;85796;1;0;7;7;0;;;0
17;687;ESP GARIBALDI PRIMICIAS GF 660ML ROSE;BEBIDAS;86503;27/06/2026;160792;85796;1;0;1;1;0;;;17
17;20415;MAMAD CEFISA SIL 240ML;PERFUMARIA E LIMPEZA;86503;27/06/2026;160792;85796;12;228;12;1;0;;;12
17;19324;HID PAIXAO 200ML ONLY YO INSPIR R 785 0;PERFUMARIA E LIMPEZA;86503;27/06/2026;160792;85796;24;120;24;1;0;03/07/2026;JESSICA M;24
17;16914;CR P PENT NIELY H AGUA COCO 250G;PERFUMARIA E LIMPEZA;86503;27/06/2026;160792;85796;12;36;12;1;0;03/07/2026;JESSICA M;7
17;1983;CAPPUCCINO PRONTO 3C 260ML CLASSIC;MERCEARIA;86503;27/06/2026;160792;85796;6;6;6;1;0;;;1
17;3524;FERM QUIMICO PO FLEISCHMANN PT 100G;MERCEARIA;86503;27/06/2026;160792;85796;12;324;48;4;0;;;-33
17;8150;SH ANTIC CLEAR 200ML MEN QUEDA CONTROL;PERFUMARIA E LIMPEZA;86503;27/06/2026;160792;85796;12;24;24;2;0;;;30
17;7241;ESC DENTAL ORAL B INDICA BLACK L2P1;PERFUMARIA E LIMPEZA;86503;27/06/2026;160792;85796;12;144;24;2;0;;;0
17;2749;FARINHA TRIGO MARIA INES 5KG;MERCEARIA;86503;27/06/2026;160792;85796;5;815;5;0;0;;;3
17;1845;DROPS FREEGELLS 27 9G EUCALIPTO;MERCEARIA;86503;27/06/2026;160792;85796;12;756;12;1;0;;;5
17;1894;DROPS FREEGELLS 27 6G CEREJA CHOC;MERCEARIA;86503;27/06/2026;160792;85796;12;336;24;2;0;;;-4
17;33221;DESOD CR DOVE 50ML REPARA DIARIA;PERFUMARIA E LIMPEZA;86503;27/06/2026;160792;85796;12;0;12;1;0;03/07/2026;JESSICA M;9
17;3414;BARRA CEREAL RITTER 22G CAST PARA;MERCEARIA;86503;27/06/2026;160792;85796;24;432;72;3;0;;;-60
17;6022;ESPUMA BARBA BOZZANO 193G PELE SENSIVEL;PERFUMARIA E LIMPEZA;86503;27/06/2026;160792;85796;6;132;12;2;0;;;0
17;3686;TEMP BICARBONATO SODIO APTI 100G;MERCEARIA;86503;27/06/2026;160792;85796;20;220;20;1;0;;;3
17;5531;DESOD AERO DOVE 87G 150ML AMORA;PERFUMARIA E LIMPEZA;86503;27/06/2026;160792;85796;12;177;12;1;0;03/07/2026;JESSICA M;-16
17;18768;FRALDA DESC MILI LOVECARE JUMBO G C 30;PERFUMARIA E LIMPEZA;86503;27/06/2026;160792;85796;6;0;6;1;0;03/07/2026;JESSICA M;2
17;12173;ABS GERIAMAX POS PARTO OPERAT C 20;PERFUMARIA E LIMPEZA;86503;27/06/2026;160792;85796;6;132;6;1;0;03/07/2026;JESSICA M;-2
17;1271;CHOC BARRA GAROTO 80G CROCANTE;MERCEARIA;86503;27/06/2026;160792;85796;16;160;48;3;0;;;0
17;1395;CHOC NESTLE PRESTIGIO 33G UN;MERCEARIA;86503;27/06/2026;160792;85796;30;0;30;1;0;;;25
17;783;ACHOC PO NESCAU SH 2 01KG;MERCEARIA;86503;27/06/2026;160792;85796;4;584;8;0;0;;;18
17;22796;RATICIDA RODILON ISCA 25G;PERFUMARIA E LIMPEZA;86503;27/06/2026;160792;85796;40;160;40;0;0;03/07/2026;JESSICA M;2
17;5250;CR DENT CLOSE UP 70G TRIPLE HORTELA;PERFUMARIA E LIMPEZA;86503;27/06/2026;160792;85796;72;2448;72;1;0;03/07/2026;JESSICA M;-12
17;1896;DROPS FREEGELLS 27 6G MENTA CHOC;MERCEARIA;86503;27/06/2026;160792;85796;12;0;12;1;0;;;8
17;1849;DROPS FREEGELLS 27 9G EXTRA FORTE;MERCEARIA;86503;27/06/2026;160792;85796;12;1188;24;2;0;;;-11
17;37860;CHOC BARRA GAROTO RECH BATON 90G;MERCEARIA;86503;27/06/2026;160792;85796;14;126;14;1;0;;;-12
17;16844;CR DEN COLGATE T ACAO XTRA 120G WHITE;PERFUMARIA E LIMPEZA;86503;27/06/2026;160792;85796;72;24;216;3;0;03/07/2026;JESSICA M;-73
17;33778;CREME DEN COLGATE 90G ORIG MINT;PERFUMARIA E LIMPEZA;86503;27/06/2026;160792;85796;48;588;48;0;0;03/07/2026;JESSICA M;-10
17;9233;CR TRAT VINI LADY SC 700G LISO INTENSO;PERFUMARIA E LIMPEZA;86503;27/06/2026;160792;85796;12;36;24;2;0;03/07/2026;JESSICA M;0
17;23140;SABAO GIRANDO SOL COCO 100G BAB;PERFUMARIA E LIMPEZA;86503;27/06/2026;160792;85796;50;150;100;0;0;;;11
17;3314;BARRA CEREAL NATURALE 22G BANANA;MERCEARIA;86503;27/06/2026;160792;85796;160;0;160;0;0;;;28
17;20280;LUVA CONF LATEX XG AMARELA;PERFUMARIA E LIMPEZA;86743;27/06/2026;161082;85885;12;12;60;5;0;;;18
17;7425;PEDRA SANITARIA SANI SOL 20G JASMIN;PERFUMARIA E LIMPEZA;86816;27/06/2026;161163;85796;144;1152;288;2;0;03/07/2026;JESSICA M;78
17;4259;AP PRESTOBARBA ULTRA GRIP 2UN;PERFUMARIA E LIMPEZA;86816;27/06/2026;161163;85796;12;0;36;3;0;;;26
17;33647;SAB LIQ MADE IN BRAZIL 1L ERVA DOCE;PERFUMARIA E LIMPEZA;86828;27/06/2026;161171;85796;12;216;12;1;0;03/07/2026;JESSICA M;38
18;3431;SOPA GALINHA MAGGI 60G FIDELINI;MERCEARIA;86505;27/06/2026;160793;85789;10;9;10;1;0;01/07/2026;EVERTON;13
18;648;WHISKY MASTER GOLD VD 900ML;BEBIDAS;86505;27/06/2026;160793;85789;1;96;2;2;0;01/07/2026;EVERTON;5
18;875;REFRIG FRUKI LT 350 ML COLA ZR;BEBIDAS;86505;27/06/2026;160793;85789;12;0;12;0;0;;;1
18;783;ACHOC PO NESCAU SH 2 01KG;MERCEARIA;86505;27/06/2026;160793;85789;4;584;16;0;0;;;14
18;1397;CHOC NESTLE CHOKITO 32G UN;MERCEARIA;86505;27/06/2026;160793;85789;30;0;30;1;0;01/07/2026;EVERTON;12
18;3314;BARRA CEREAL NATURALE 22G BANANA;MERCEARIA;86505;27/06/2026;160793;85789;160;0;160;0;0;;;15
18;33782;VODKA NINNOFF VD 900ML LEMON;BEBIDAS;86505;27/06/2026;160793;85789;6;228;6;0;0;;;5
18;633;VODKA TAIGA PREMIUM VD 1L;BEBIDAS;86505;27/06/2026;160793;85789;1;0;1;1;0;01/07/2026;EVERTON;7
1;22904;REMOV ESM BELEZA AMAZONIA 100ML;PERFUMARIA E LIMPEZA;87046;29/06/2026;161398;86422;12;708;144;12;0;03/07/2026;ALEXSANDER;7
1;2806;MACARRAO INST NISSIN ESP 500G T3;MERCEARIA;87046;29/06/2026;161398;86422;20;280;20;0;0;30/06/2026;TEIXEIRA;23
1;2101;ARROZ BCO REQUINTE TP1 2KG;MERCEARIA;87046;29/06/2026;161398;86422;15;683;15;0;0;01/07/2026;ALEXSANDER;0
1;648;WHISKY MASTER GOLD VD 900ML;BEBIDAS;87046;29/06/2026;161398;86422;1;96;5;5;0;03/07/2026;ERICA;2
1;5806;ESC DENTAL COLGATE ESSENCIAL CLEAN PACK 06UN;PERFUMARIA E LIMPEZA;87046;29/06/2026;161398;86422;6;84;6;1;0;03/07/2026;ALEXSANDER;3
1;18466;FEIJAO PTO MORO TP1 1KG;MERCEARIA;87046;29/06/2026;161398;86422;30;8970;30;0;0;01/07/2026;ALEXSANDER;152
1;1894;DROPS FREEGELLS 27 6G CEREJA CHOC;MERCEARIA;87289;29/06/2026;161724;86066;12;336;12;1;0;30/06/2026;MONIQUE;-341
1;3287;SALG KEVYTOS SHOW 38G PRESUNTO;MERCEARIA;87289;29/06/2026;161724;86066;20;360;40;0;0;30/06/2026;JESSICA;31
2;22903;REMOV ESM AMAZONIA 80ML;PERFUMARIA E LIMPEZA;87048;29/06/2026;161399;86223;12;516;12;1;0;03/07/2026;ALEXSANDER;1
2;1039;BALA DORI GELATINA 13G BOCA;MERCEARIA;87048;29/06/2026;161399;86223;12;0;12;1;0;03/07/2026;ERICA;0
2;34564;CREME JOAO E MARIA 40G P ASSADURA;PERFUMARIA E LIMPEZA;87048;29/06/2026;161399;86223;1;0;1;1;0;03/07/2026;ALEXSANDER;1
2;4256;AP PRESTOBARBA ULTRAGRIP 3L CART2UN;PERFUMARIA E LIMPEZA;87048;29/06/2026;161399;86223;1;0;1;1;0;03/07/2026;ALEXSANDER;0
2;33882;DET LIQ OMO CICLO RAPIDO 750ML ANTIODOR;PERFUMARIA E LIMPEZA;87048;29/06/2026;161399;86223;12;12;24;0;0;;;7
2;2292;ERVILHA BELLA DICA PARTIDA 400GR;PERECIVEIS;87048;29/06/2026;161399;86223;12;1188;12;0;0;03/07/2026;TEIXEIRA;3
2;5032;COND PANTENE 175ML RESTAUR PROFUND;PERFUMARIA E LIMPEZA;87048;29/06/2026;161399;86223;6;0;6;1;0;03/07/2026;ALEXSANDER;8
2;17309;DESOD ROLLON REXONA 50ML F POWDER;PERFUMARIA E LIMPEZA;87048;29/06/2026;161399;86223;12;312;12;0;0;;;2
2;2877;MASSA C OVOS ISABELA 500G PARAFUSO;MERCEARIA;87048;29/06/2026;161399;86223;16;17;16;0;0;;;26
2;38005;CHOC KIT KAT MACCHIATO 41 5G;MERCEARIA;87048;29/06/2026;161399;86223;24;2304;24;1;0;03/07/2026;ERICA;180
2;3431;SOPA GALINHA MAGGI 60G FIDELINI;MERCEARIA;87048;29/06/2026;161399;86223;10;9;10;1;0;03/07/2026;ERICA;22
2;2216;CAPSULA DOLCE GUSTO 100G C 10 CAFE AU LAIT;MERCEARIA;87048;29/06/2026;161399;86223;6;6;6;0;0;;;2
2;24638;TCO CORP JAYLUC 80G JASMIN;PERFUMARIA E LIMPEZA;87048;29/06/2026;161399;86223;12;48;12;1;0;03/07/2026;ALEXSANDER;9
2;3512;FERM PO BIOL GOOD INSTANT SH 10G;MERCEARIA;87048;29/06/2026;161399;86223;30;1080;30;1;0;03/07/2026;ERICA;52
2;33915;ARROZ SABOROSO PARB 1KG INTEGRAL;MERCEARIA;87048;29/06/2026;161399;86223;30;240;30;1;1;03/07/2026;TEIXEIRA;77
2;1269;CHOC BARRA LACTA 80G LAKA;MERCEARIA;87048;29/06/2026;161399;86223;17;0;17;1;0;03/07/2026;ERICA;0
3;3512;FERM PO BIOL GOOD INSTANT SH 10G;MERCEARIA;87050;29/06/2026;161400;86224;30;1080;30;0;0;03/07/2026;ERICA;124
3;9743;LOCAO LEITE DE COLONIA LIMP 100ML TEMPO DE AMAR;PERFUMARIA E LIMPEZA;87050;29/06/2026;161400;86224;36;0;36;1;1;;MONIQUE;36
3;33362;CREME REP DOVE LEAVE IN BOND 50ML;PERFUMARIA E LIMPEZA;87050;29/06/2026;161400;86224;6;18;12;2;0;03/07/2026;ALEXSANDER;18
3;128;CERV SKOL PILSEN GF 300ML RETORNAVEL;BEBIDAS;87050;29/06/2026;161400;86224;23;1311;69;0;0;03/07/2026;EVERTON;0
3;806;REFRIG FANTA LARANJA PET 2L;BEBIDAS;87050;29/06/2026;161400;86224;8;392;72;0;0;03/07/2026;EVERTON;814
3;830;REFRIG SPRITE PET 2L;BEBIDAS;87050;29/06/2026;161400;86224;8;8;8;0;0;03/07/2026;GABRIELL2;594
3;21355;ODORIZ TECIDO AMAZON 500ML BABY;PERFUMARIA E LIMPEZA;87050;29/06/2026;161400;86224;12;0;12;0;0;;MONIQUE;8
3;12523;AP CORPO C 2;PERFUMARIA E LIMPEZA;87050;29/06/2026;161400;86224;12;59;24;2;0;03/07/2026;ALEXSANDER;57
3;5576;DESOD AERO OLD SPICE 124G VIP;PERFUMARIA E LIMPEZA;87050;29/06/2026;161400;86224;12;12;12;1;0;03/07/2026;ALEXSANDER;17
3;113;CERV ORIGINAL1L RETORNAVEL;BEBIDAS;87050;29/06/2026;161400;86224;12;456;24;2;2;03/07/2026;GABRIELL2;8
3;889;REFRIG COCA COLA LT 350ML;BEBIDAS;87050;29/06/2026;161400;86224;12;120;12;0;0;03/07/2026;GABRIELL2;397
3;35724;MASC TRAT TOQUE DE SEDA 300G SEDA;PERFUMARIA E LIMPEZA;87050;29/06/2026;161400;86224;6;90;6;1;1;;MONIQUE;3
3;6206;GEL ADES PATO AP RF PROMO 38G CITRUS;PERFUMARIA E LIMPEZA;87050;29/06/2026;161400;86224;12;36;12;1;1;;MONIQUE;29
3;16903;CR NIVEA LT 56G;PERFUMARIA E LIMPEZA;87050;29/06/2026;161400;86224;1;0;1;1;0;03/07/2026;ALEXSANDER;2
3;436;ENERG BALY PET 2L MORANGO PESSEGO;BEBIDAS;87050;29/06/2026;161400;86224;6;0;6;0;0;03/07/2026;EVERTON;5
3;2879;MASSA C OVOS ISABELA 500G ESPAGUETE;MERCEARIA;87050;29/06/2026;161400;86224;20;0;20;0;0;;;-13
3;237;CERV BUDWEISER LN 330ML;BEBIDAS;87050;29/06/2026;161400;86224;24;1440;96;4;4;03/07/2026;EVERTON;52
3;102;CERV ANTARCTICA SUBZERO GF 1L RETORNAVEL;BEBIDAS;87050;29/06/2026;161400;86224;12;984;12;1;1;03/07/2026;EVERTON;8
3;22904;REMOV ESM BELEZA AMAZONIA 100ML;PERFUMARIA E LIMPEZA;87050;29/06/2026;161400;86224;12;708;12;1;0;03/07/2026;ALEXSANDER;6
3;1839;PAST DOCILE ROLLY MINTY 29G MORANGO;MERCEARIA;87050;29/06/2026;161400;86224;12;0;12;0;0;03/07/2026;ERICA;12
3;13522;BLO SANITARIO HIGISOL LAVANDA;PERFUMARIA E LIMPEZA;87050;29/06/2026;161400;86224;12;0;12;0;0;;MONIQUE;43
3;8224;SH HEAD SHOULDERS 200ML ANT COCEIRA;PERFUMARIA E LIMPEZA;87050;29/06/2026;161400;86224;6;42;6;1;0;03/07/2026;ALEXSANDER;12
3;286;CERV SKOL BEATS LN 269ML GIN TONICA;BEBIDAS;87050;29/06/2026;161400;86224;24;48;24;0;0;03/07/2026;GABRIELL2;5
3;539;GATORADE 500ML LARANJA;BEBIDAS;87050;29/06/2026;161400;86224;6;156;12;0;0;03/07/2026;GABRIELL2;7
3;354;CHA MATTE LEAO PET 450ML GUARANA C ACAI;BEBIDAS;87050;29/06/2026;161400;86224;6;0;6;0;0;03/07/2026;EVERTON;14
3;81;AGUA TONICA ANTARCTICA LT 350ML;BEBIDAS;87050;29/06/2026;161400;86224;12;108;12;1;1;03/07/2026;EVERTON;22
3;373;REFRE FRUKITO PET 500ML FRUTAS CITRICAS;BEBIDAS;87050;29/06/2026;161400;86224;12;0;12;0;0;03/07/2026;EVERTON;0
3;3635;SAL MOIDO CBS 1KG;MERCEARIA;87050;29/06/2026;161400;86224;10;2764;60;6;0;;;22
3;5654;DESOD ROLLON NIVEA 50ML M INV B W POWER;PERFUMARIA E LIMPEZA;87050;29/06/2026;161400;86224;12;12;24;1;1;;MONIQUE;8
3;7875;SABONETE DOVE 90G ERVA DOCE;PERFUMARIA E LIMPEZA;87050;29/06/2026;161400;86224;48;2565;48;0;0;;MONIQUE;27
3;5806;ESC DENTAL COLGATE ESSENCIAL CLEAN PACK 06UN;PERFUMARIA E LIMPEZA;87050;29/06/2026;161400;86224;6;84;18;3;0;03/07/2026;ALEXSANDER;0
3;17309;DESOD ROLLON REXONA 50ML F POWDER;PERFUMARIA E LIMPEZA;87050;29/06/2026;161400;86224;12;312;12;0;0;;;26
3;834;REFRIG ANTARCTICA GUARANA PET 3L;BEBIDAS;87050;29/06/2026;161400;86224;4;833;136;0;0;03/07/2026;GABRIELL2;273
3;646;SUCO DEL VALLE FRUT PET 1 5L UVA;BEBIDAS;87050;29/06/2026;161400;86224;6;-18;6;0;0;03/07/2026;EVERTON;17
3;33374;DESO AERO AXE 200ML APO VET E MANDA;PERFUMARIA E LIMPEZA;87050;29/06/2026;161400;86224;12;804;24;0;0;;MONIQUE;36
3;827;REFRIG PEPSI TWIST PET 2L;BEBIDAS;87050;29/06/2026;161400;86224;8;1264;40;0;0;03/07/2026;EVERTON;14
3;12531;INAT AP GILLETTE PROBAK C 2;PERFUMARIA E LIMPEZA;87050;29/06/2026;161400;86224;14;154;14;0;0;;;129
3;52;AGUA MIN FLORESTA PET 5L S GAS;BEBIDAS;87050;29/06/2026;161400;86224;4;36;4;0;0;03/07/2026;GABRIELL2;0
3;438;COQUETEL PATRICIA DO SUL VD 790ML;BEBIDAS;87050;29/06/2026;161400;86224;12;2148;48;4;4;03/07/2026;GABRIELL2;46
3;35127;TOALHA UMED BEBE LIMPINHO C45;PERFUMARIA E LIMPEZA;87050;29/06/2026;161400;86224;24;0;72;3;3;;MONIQUE;60
3;762;REFRIG COCA COLA PET 200ML;BEBIDAS;87050;29/06/2026;161400;86224;12;432;180;0;0;03/07/2026;GABRIELL2;115
3;22679;RAC 4PATAS GATOS CASTRADOS 1K;PRODUTOS PET;87293;29/06/2026;161726;86068;10;341;50;0;0;30/06/2026;JESSICA;-15
3;36268;PROTETOR TERM PANTENE REPAIR 170ML;PERFUMARIA E LIMPEZA;87293;29/06/2026;161726;86068;1;47;6;6;6;01/07/2026;PAMELA;12
3;2361;FEIJAO VERMELHO ARBAZA 500G;MERCEARIA;87293;29/06/2026;161726;86068;12;1245;120;0;0;01/07/2026;ALEXSANDRO;29
3;1430;CHOC KIT KAT 41 5G FINGER AO LEITE;MERCEARIA;87293;29/06/2026;161726;86068;24;1848;480;20;0;30/06/2026;MONIQUE;76
3;20613;MAS ESPAGUETINI ISABELA SEMOLA 500G;MERCEARIA;87293;29/06/2026;161726;86068;20;40;40;0;0;30/06/2026;JESSICA;35
3;2509;ERVA MATE PONCHE VERDE 500G MOIDA GROSSA;MERCEARIA;87293;29/06/2026;161726;86068;20;0;200;0;0;01/07/2026;BRUNO ANTUNES;148
3;35236;BOMBOM LACTA OREO 20G;MERCEARIA;87293;29/06/2026;161726;86068;27;2214;135;5;0;30/06/2026;MONIQUE;45
4;23022;SAB LIQ BELEZA AMAZONIA 370ML FLORES CAMPO;PERFUMARIA E LIMPEZA;87052;29/06/2026;161401;86225;12;48;12;1;0;03/07/2026;MONIQUE;21
4;6228;GEL DENT SORRISO FRESH 90G XTRA MINT;PERFUMARIA E LIMPEZA;87052;29/06/2026;161401;86225;12;0;12;1;0;03/07/2026;ALEXSANDER;14
4;35236;BOMBOM LACTA OREO 20G;MERCEARIA;87052;29/06/2026;161401;86225;27;2214;27;1;0;30/06/2026;MONIQUE;19
4;37021;FAROFA DINDA 200G TRAD;MERCEARIA;87052;29/06/2026;161401;86225;25;925;25;1;0;;;14
4;2292;ERVILHA BELLA DICA PARTIDA 400GR;PERECIVEIS;87052;29/06/2026;161401;86225;12;1188;12;1;0;;;69
4;3401;BARRA CEREAL RITTER 25G BANANA ZR ACUC;MERCEARIA;87052;29/06/2026;161401;86225;24;0;48;2;0;30/06/2026;MONIQUE;0
4;22903;REMOV ESM AMAZONIA 80ML;PERFUMARIA E LIMPEZA;87052;29/06/2026;161401;86225;12;516;12;1;0;03/07/2026;ALEXSANDER;0
4;12173;ABS GERIAMAX POS PARTO OPERAT C 20;PERFUMARIA E LIMPEZA;87052;29/06/2026;161401;86225;6;132;6;0;0;03/07/2026;BRUNO ANTUNES;0
4;19315;COT HASTES FLEX COTTONBABY PT 100UN;PERFUMARIA E LIMPEZA;87052;29/06/2026;161401;86225;1;17;2;2;0;03/07/2026;ALEXSANDER;58
4;10181;SAB POMPOM 80G HIDRATANTE;PERFUMARIA E LIMPEZA;87052;29/06/2026;161401;86225;12;1992;12;1;0;03/07/2026;ALEXSANDER;90
4;15296;CALDO MAGGI 57G LEGUMES;MERCEARIA;87052;29/06/2026;161401;86225;10;10;10;1;0;30/06/2026;MONIQUE;86
5;1276;CHOC BARRA GAROTO 80G MEIO AMARGO;MERCEARIA;87054;29/06/2026;161402;86226;16;0;16;0;0;;ERICA;59
5;18747;FRALDA DESC FERINHA JUMBINHO C/16 G;PERFUMARIA E LIMPEZA;87054;29/06/2026;161402;86226;12;4;12;1;0;02/07/2026;MURILO;0
5;2879;MASSA C OVOS ISABELA 500G ESPAGUETE;MERCEARIA;87054;29/06/2026;161402;86226;20;0;20;0;0;;;5
5;3635;SAL MOIDO CBS 1KG;MERCEARIA;87054;29/06/2026;161402;86226;10;2764;10;1;0;;;95
5;10149;SAB FARNESE 180G PURO HIDR;PERFUMARIA E LIMPEZA;87054;29/06/2026;161402;86226;36;504;36;1;0;;;172
5;3524;FERM QUIMICO PO FLEISCHMANN PT 100G;MERCEARIA;87054;29/06/2026;161402;86226;12;324;12;0;0;;ERICA;9
5;4258;AP PROBAK II LV7 PG5;PERFUMARIA E LIMPEZA;87054;29/06/2026;161402;86226;1;57;2;2;0;;;111
5;17309;DESOD ROLLON REXONA 50ML F POWDER;PERFUMARIA E LIMPEZA;87054;29/06/2026;161402;86226;12;312;12;1;0;;;4
5;5850;ESC DENTAL ORAL B PRO;PERFUMARIA E LIMPEZA;87054;29/06/2026;161402;86226;12;36;12;1;0;;;14
5;7918;SABONETE LUX 125G SUAVE BUQUE DE JASMIM;PERFUMARIA E LIMPEZA;87054;29/06/2026;161402;86226;72;696;72;1;0;;;39
5;9549;FRALDA MILI JUMBINHO XG 18UN;PERFUMARIA E LIMPEZA;87054;29/06/2026;161402;86226;9;891;9;0;0;;;5
5;9539;FRALDA BABYSEC ULTRA JUMBINHO G 16UN;PERFUMARIA E LIMPEZA;87054;29/06/2026;161402;86226;8;88;8;1;0;02/07/2026;MURILO;15
5;17317;DESOD ROLLON REXONA 50ML XTRA COOL;PERFUMARIA E LIMPEZA;87054;29/06/2026;161402;86226;12;396;12;1;0;;;11
5;10148;SAB FARNESE 180G PITAYA FRAMB;PERFUMARIA E LIMPEZA;87168;29/06/2026;161559;86424;36;1044;144;4;0;;;82
5;1134;BISC DOCE NESTLE CHOCO TRIO 90G CHOC;MERCEARIA;87297;29/06/2026;161728;86071;12;360;24;0;0;30/06/2026;JOCELAINE;12
5;1847;DROPS FREEGELLS 27 9G VIT C CITRUS;MERCEARIA;87297;29/06/2026;161728;86071;12;120;36;3;3;30/06/2026;MONIQUE;0
5;2509;ERVA MATE PONCHE VERDE 500G MOIDA GROSSA;MERCEARIA;87297;29/06/2026;161728;86071;20;0;100;0;0;01/07/2026;BRUNO ANTUNES;128
5;35236;BOMBOM LACTA OREO 20G;MERCEARIA;87297;29/06/2026;161728;86071;27;2214;81;0;0;30/06/2026;MONIQUE;39
5;1430;CHOC KIT KAT 41 5G FINGER AO LEITE;MERCEARIA;87297;29/06/2026;161728;86071;24;1848;240;0;0;30/06/2026;MONIQUE;-27
5;3287;SALG KEVYTOS SHOW 38G PRESUNTO;MERCEARIA;87297;29/06/2026;161728;86071;20;360;40;0;0;30/06/2026;JOCELAINE;-18
5;1894;DROPS FREEGELLS 27 6G CEREJA CHOC;MERCEARIA;87297;29/06/2026;161728;86071;12;336;36;3;3;30/06/2026;MONIQUE;0
6;5249;CR DENT CLOSE UP 70G PROT BIOATIVA;PERFUMARIA E LIMPEZA;87056;29/06/2026;161403;86227;72;72;72;1;0;;;2
6;2817;FARINHA KIPOLENTA YOKI 500G;MERCEARIA;87056;29/06/2026;161403;86227;24;74;24;0;0;01/07/2026;BRUNO ANTUNES;6
6;2046;ARROZ ARBOREO PILECCO 1KG;MERCEARIA;87056;29/06/2026;161403;86227;10;30;10;0;0;01/07/2026;BRUNO ANTUNES;25
6;4264;AP VENUS SIMPLY LV4 PG3;PERFUMARIA E LIMPEZA;87056;29/06/2026;161403;86227;6;36;6;1;0;;;6
6;16930;CR TRAT CAPILAR HEDERA BABOSA 960G;PERFUMARIA E LIMPEZA;87056;29/06/2026;161403;86227;6;145;6;1;0;;;7
6;17665;ERVA MATE CAMBONA MOIDA GROSSA 1KG;MERCEARIA;87056;29/06/2026;161403;86227;10;216;20;0;0;01/07/2026;BRUNO ANTUNES;120
6;36813;ARROZ BCO BOM DE PANELA TP1 5KG;MERCEARIA;87056;29/06/2026;161403;86227;6;30;54;0;0;01/07/2026;BRUNO ANTUNES;61
6;3524;FERM QUIMICO PO FLEISCHMANN PT 100G;MERCEARIA;87056;29/06/2026;161403;86227;12;324;12;1;0;03/07/2026;ERICA;4
6;648;WHISKY MASTER GOLD VD 900ML;BEBIDAS;87056;29/06/2026;161403;86227;1;96;1;1;0;03/07/2026;ERICA;2
6;35724;MASC TRAT TOQUE DE SEDA 300G SEDA;PERFUMARIA E LIMPEZA;87056;29/06/2026;161403;86227;6;90;6;1;0;;;0
6;5806;ESC DENTAL COLGATE ESSENCIAL CLEAN PACK 06UN;PERFUMARIA E LIMPEZA;87056;29/06/2026;161403;86227;6;84;18;3;0;;;2
6;24310;SH COTTONBABY SNOOPY 200ML TOQUE ALGODAO;PERFUMARIA E LIMPEZA;87056;29/06/2026;161403;86227;12;0;12;1;0;;;6
6;23212;SAL MOIDO 5 ESTRELAS 1KG;MERCEARIA;87056;29/06/2026;161403;86227;10;13696;40;0;0;01/07/2026;BRUNO ANTUNES;206
6;1747;CHICLE FREEGELLS GUM 8G ORIG CHERRY;MERCEARIA;87056;29/06/2026;161403;86227;15;0;15;1;0;03/07/2026;ERICA;11
6;18979;GEL FIX DI HELLEN BRI MOL FL ADREN 240G;PERFUMARIA E LIMPEZA;87056;29/06/2026;161403;86227;12;0;12;1;0;;;1
6;2747;FARINHA TRIGO ROSESOL 5KG;MERCEARIA;87056;29/06/2026;161403;86227;5;55;5;0;0;01/07/2026;BRUNO ANTUNES;3
6;22702;RAC DODOG ORIG 10 1K;PRODUTOS PET;87056;29/06/2026;161403;86227;1;141;8;8;0;01/07/2026;JESSICA;-10
6;2637;ERVA MATE PONCHE VERDE 1KG LAMINADO;MERCEARIA;87056;29/06/2026;161403;86227;10;10;10;0;0;01/07/2026;BRUNO ANTUNES;17
6;5654;DESOD ROLLON NIVEA 50ML M INV B W POWER;PERFUMARIA E LIMPEZA;87056;29/06/2026;161403;86227;12;12;12;1;0;;;4
6;7356;PAPEL HIG DUETTO 4 UN DE 30M PERFUMADO;PERFUMARIA E LIMPEZA;87056;29/06/2026;161403;86227;16;0;16;0;0;29/06/2026;MAYNARA;33
6;5805;ESC DENTAL COLGATE CLASSIC LONG MD 8460;PERFUMARIA E LIMPEZA;87056;29/06/2026;161403;86227;12;168;12;1;0;;;6
6;5277;CR DENTAL TANDY 50G UVA;PERFUMARIA E LIMPEZA;87056;29/06/2026;161403;86227;12;2;12;1;0;;;3
6;2240;ARROZ PARBO PRATO FINO TP1 5KG;MERCEARIA;87056;29/06/2026;161403;86227;6;0;6;0;0;01/07/2026;BRUNO ANTUNES;9
6;34564;CREME JOAO E MARIA 40G P ASSADURA;PERFUMARIA E LIMPEZA;87056;29/06/2026;161403;86227;1;0;2;2;0;;;-10
6;3431;SOPA GALINHA MAGGI 60G FIDELINI;MERCEARIA;87056;29/06/2026;161403;86227;10;9;10;1;0;03/07/2026;ERICA;15
6;7948;SABON PALMOLIVE NATURALS 150G OLEO ARGAN;PERFUMARIA E LIMPEZA;87056;29/06/2026;161403;86227;72;0;72;1;0;;;26
6;9546;FRALDA MILI JUMBINHO G 20UN;PERFUMARIA E LIMPEZA;87056;29/06/2026;161403;86227;9;720;9;1;0;;;-3
6;18746;FRALDA DESC FERINHA JUMBINHO C 14 XXG;PERFUMARIA E LIMPEZA;87056;29/06/2026;161403;86227;12;0;12;1;0;;;12
6;17317;DESOD ROLLON REXONA 50ML XTRA COOL;PERFUMARIA E LIMPEZA;87056;29/06/2026;161403;86227;12;396;12;1;0;;;3
6;3383;CALDO APTI 19G GALINHA;MERCEARIA;87056;29/06/2026;161403;86227;24;600;24;1;0;03/07/2026;ERICA;56
6;7950;SABON PALMOLIVE NATURALS 150G TURMALINA;PERFUMARIA E LIMPEZA;87056;29/06/2026;161403;86227;72;0;72;1;0;;;25
6;2280;CANJICA AMARELA CBS 400G;MERCEARIA;87056;29/06/2026;161403;86227;12;144;12;0;0;01/07/2026;BRUNO ANTUNES;-14
6;9539;FRALDA BABYSEC ULTRA JUMBINHO G 16UN;PERFUMARIA E LIMPEZA;87299;29/06/2026;161729;86072;8;88;16;2;0;30/06/2026;AUGUSTO;13
6;1847;DROPS FREEGELLS 27 9G VIT C CITRUS;MERCEARIA;87299;29/06/2026;161729;86072;12;120;60;5;5;30/06/2026;MONIQUE;28
6;1894;DROPS FREEGELLS 27 6G CEREJA CHOC;MERCEARIA;87299;29/06/2026;161729;86072;12;336;60;5;5;30/06/2026;MONIQUE;-15
6;22679;RAC 4PATAS GATOS CASTRADOS 1K;PRODUTOS PET;87299;29/06/2026;161729;86072;10;341;20;0;0;30/06/2026;JOCELAINE;5
6;2509;ERVA MATE PONCHE VERDE 500G MOIDA GROSSA;MERCEARIA;87299;29/06/2026;161729;86072;20;0;200;0;0;01/07/2026;BRUNO ANTUNES;71
6;20613;MAS ESPAGUETINI ISABELA SEMOLA 500G;MERCEARIA;87299;29/06/2026;161729;86072;20;40;20;0;0;30/06/2026;JOCELAINE;7
6;1856;PAST DOCILE MINTY 14G LAR;MERCEARIA;87299;29/06/2026;161729;86072;12;731;36;3;3;30/06/2026;MONIQUE;5
6;35236;BOMBOM LACTA OREO 20G;MERCEARIA;87299;29/06/2026;161729;86072;27;2214;135;0;0;30/06/2026;MONIQUE;-70
7;9233;CR TRAT VINI LADY SC 700G LISO INTENSO;PERFUMARIA E LIMPEZA;87058;29/06/2026;161404;85879;12;36;12;1;0;;;0
7;1834;PAST DOCILE ROLLY MINTY 29G EXTRA FORTE;MERCEARIA;87058;29/06/2026;161404;85879;12;432;12;1;0;;;0
7;5553;DESOD AERO MONANGE 90G INVISIVEL;PERFUMARIA E LIMPEZA;87058;29/06/2026;161404;85879;12;660;12;1;0;;;10
7;7878;SABONETE DOVE 90G KARITE BAUNILHA;PERFUMARIA E LIMPEZA;87058;29/06/2026;161404;85879;48;3888;48;1;0;;;233
7;6617;KIT SH SEDA SH 300 COND 190ML LISO PERFEITO;PERFUMARIA E LIMPEZA;87058;29/06/2026;161404;85879;15;2940;30;2;0;;;22
7;8791;ABS MILI NOTURNO C ABAS 8UN;PERFUMARIA E LIMPEZA;87058;29/06/2026;161404;85879;36;0;36;1;0;02/07/2026;MURILO;37
7;1838;PAST DOCILE ROLLY MINTY 29G HORTELA;MERCEARIA;87058;29/06/2026;161404;85879;12;276;24;2;0;;;0
7;5550;DESOD AERO MONANGE 90G EXTRATO OLIVA;PERFUMARIA E LIMPEZA;87058;29/06/2026;161404;85879;12;636;12;1;0;;;1
7;1430;CHOC KIT KAT 41 5G FINGER AO LEITE;MERCEARIA;87058;29/06/2026;161404;85879;24;1848;24;1;0;;;42
7;10198;SAB SENSUS BEAUTY ESSENCE 80G LIMA LIM ORIENT;PERFUMARIA E LIMPEZA;87058;29/06/2026;161404;85879;108;1404;108;1;0;;;42
7;23002;SAB FONTANA SENSUS 150G LIMA LIMAO ORI;PERFUMARIA E LIMPEZA;87058;29/06/2026;161404;85879;72;792;72;1;0;;;-36
7;7558;PROT DIARIO MILI 15UN SUAVE S ABAS;PERFUMARIA E LIMPEZA;87058;29/06/2026;161404;85879;24;384;24;0;0;02/07/2026;JESUS;20
7;10195;SAB SENSUS BEAUTY ESSENCE 80G FLORESCER ASIAT;PERFUMARIA E LIMPEZA;87058;29/06/2026;161404;85879;108;2160;108;1;0;;;55
7;12173;ABS GERIAMAX POS PARTO OPERAT C 20;PERFUMARIA E LIMPEZA;87058;29/06/2026;161404;85879;6;132;12;2;0;;;6
7;34564;CREME JOAO E MARIA 40G P ASSADURA;PERFUMARIA E LIMPEZA;87058;29/06/2026;161404;85879;1;0;1;1;0;;;0
7;1282;CHOC BARRA LACTA AO LEITE 80G;MERCEARIA;87058;29/06/2026;161404;85879;17;0;17;1;0;;;99
7;1837;PAST DOCILE ROLLY MINTY 29G FRUIT;MERCEARIA;87058;29/06/2026;161404;85879;12;1464;24;2;0;;;13
7;38005;CHOC KIT KAT MACCHIATO 41 5G;MERCEARIA;87058;29/06/2026;161404;85879;24;2304;48;2;0;;;116
7;10196;SAB SENSUS BEAUTY ESSENCE 80G FOR MEN;PERFUMARIA E LIMPEZA;87058;29/06/2026;161404;85879;108;2376;108;1;0;;;63
7;7922;SABONETE LUX 85G BUQUE D JASMIM;PERFUMARIA E LIMPEZA;87058;29/06/2026;161404;85879;108;2394;108;1;0;;;10
7;2509;ERVA MATE PONCHE VERDE 500G MOIDA GROSSA;MERCEARIA;87301;29/06/2026;161730;86073;20;0;100;0;0;01/07/2026;ALEXSANDER;111
7;1847;DROPS FREEGELLS 27 9G VIT C CITRUS;MERCEARIA;87301;29/06/2026;161730;86073;12;120;24;2;0;30/06/2026;MONIQUE;9
7;1430;CHOC KIT KAT 41 5G FINGER AO LEITE;MERCEARIA;87301;29/06/2026;161730;86073;24;1848;240;10;0;30/06/2026;MONIQUE;42
8;2484;KETCHUP ODERICH SH 200G;MERCEARIA;87060;29/06/2026;161405;86228;24;335;48;2;0;;;42
8;7929;SABONETE LUX 85G ORQUIDEA NEGRA;PERFUMARIA E LIMPEZA;87060;29/06/2026;161405;86228;108;3906;108;1;0;;;59
8;557;REPOS ENGOV AFTER 250ML RED HITS;BEBIDAS;87060;29/06/2026;161405;86228;6;36;12;2;0;;;1
8;19315;COT HASTES FLEX COTTONBABY PT 100UN;PERFUMARIA E LIMPEZA;87060;29/06/2026;161405;86228;1;17;1;1;0;;;45
8;2786;FAROFA MANDIOCA YOKI 200G TRADICIONAL;MERCEARIA;87060;29/06/2026;161405;86228;14;28;14;1;0;;;39
8;3401;BARRA CEREAL RITTER 25G BANANA ZR ACUC;MERCEARIA;87060;29/06/2026;161405;86228;24;0;24;1;0;;;8
8;8246;SH JAY LUC 1L NEUTRO;PERFUMARIA E LIMPEZA;87060;29/06/2026;161405;86228;12;120;12;1;0;;;16
8;10196;SAB SENSUS BEAUTY ESSENCE 80G FOR MEN;PERFUMARIA E LIMPEZA;87060;29/06/2026;161405;86228;108;2376;108;1;0;;;70
8;21119;MOLHO TOM TARANTELLA TRAD 1 7KG;MERCEARIA;87060;29/06/2026;161405;86228;6;6;6;1;0;;;0
8;2378;DUETO FUGINI SH 170G ERVILHA MILHO;MERCEARIA;87060;29/06/2026;161405;86228;36;108;36;1;0;;;0
8;2394;MILHO VERDE FUGINI SH 170G;MERCEARIA;87060;29/06/2026;161405;86228;36;1510;72;2;0;;;317
8;1276;CHOC BARRA GAROTO 80G MEIO AMARGO;MERCEARIA;87060;29/06/2026;161405;86228;16;0;16;1;0;;;-10
8;3680;LEITE COND TRIANGULO TP 395G;MERCEARIA;87060;29/06/2026;161405;86228;27;27;27;1;0;;;22
8;9145;COND SEDA GLYCOL VIT C 425ML;PERFUMARIA E LIMPEZA;87060;29/06/2026;161405;86228;12;9;12;1;0;;;0
8;2758;MAIONESE LIZA SH 196G;MERCEARIA;87060;29/06/2026;161405;86228;24;20939;24;1;0;;;27
8;20391;MAIONESE LIZA CASEIRA 450G;MERCEARIA;87060;29/06/2026;161405;86228;12;84;12;1;0;;;86
8;34564;CREME JOAO E MARIA 40G P ASSADURA;PERFUMARIA E LIMPEZA;87060;29/06/2026;161405;86228;1;0;1;1;0;;;16
8;3948;AGUA SANIT GOTA LIMPA 1L;PERFUMARIA E LIMPEZA;87156;29/06/2026;161537;86426;12;614;48;4;0;;;0
8;10144;SAB FARNESE 180G AVEIA ESFOL;PERFUMARIA E LIMPEZA;87174;29/06/2026;161562;86426;36;468;216;6;0;;;39
8;10178;SABON PALMOLIVE NATURALS 85G KARITE;PERFUMARIA E LIMPEZA;87174;29/06/2026;161562;86426;108;972;216;2;0;;;57
8;2509;ERVA MATE PONCHE VERDE 500G MOIDA GROSSA;MERCEARIA;87303;29/06/2026;161731;86074;20;0;100;0;0;01/07/2026;BRUNO ANTUNES;69
8;1847;DROPS FREEGELLS 27 9G VIT C CITRUS;MERCEARIA;87303;29/06/2026;161731;86074;12;120;24;2;0;30/06/2026;MONIQUE;345
11;6234;GEL DENTAL CLOSE UP 90G ORIG RED HOT;PERFUMARIA E LIMPEZA;87062;29/06/2026;161406;85799;12;250;12;2;0;03/07/2026;JESSICA M;-1
11;1292;CHOC BARRA NESTLE 80G MEIO AMARGO;MERCEARIA;87062;29/06/2026;161406;85799;16;224;16;1;0;;;38
11;2368;FEIJAO VERMELHO SERRA URUGUAI 500G;MERCEARIA;87062;29/06/2026;161406;85799;20;659;20;1;0;;;55
11;7922;SABONETE LUX 85G BUQUE D JASMIM;PERFUMARIA E LIMPEZA;87062;29/06/2026;161406;85799;108;2394;108;1;0;03/07/2026;JESSICA M;2
11;1747;CHICLE FREEGELLS GUM 8G ORIG CHERRY;MERCEARIA;87062;29/06/2026;161406;85799;15;0;15;1;0;;;6
11;6127;FRALDA CONFORTSEC PAMPERS XXG 30UN;PERFUMARIA E LIMPEZA;87062;29/06/2026;161406;85799;4;2;4;3;0;03/07/2026;JESSICA M;0
11;9233;CR TRAT VINI LADY SC 700G LISO INTENSO;PERFUMARIA E LIMPEZA;87062;29/06/2026;161406;85799;12;36;12;1;0;03/07/2026;JESSICA M;11
11;5538;DESOD AERO DOVE 89G 150ML ORIGINAL;PERFUMARIA E LIMPEZA;87062;29/06/2026;161406;85799;12;394;12;1;0;03/07/2026;JESSICA M;8
11;2150;ARROZ BCO REQUINTE TP1 5KG;MERCEARIA;87062;29/06/2026;161406;85799;6;398;18;3;0;;;36
11;3802;PO P SORVETE APTI 120G ABACAXI;MERCEARIA;87062;29/06/2026;161406;85799;12;0;12;1;0;;;26
11;7936;SABONETE NIVEA 85G LAVANDA;PERFUMARIA E LIMPEZA;87062;29/06/2026;161406;85799;96;0;96;1;0;03/07/2026;JESSICA M;11
11;1276;CHOC BARRA GAROTO 80G MEIO AMARGO;MERCEARIA;87062;29/06/2026;161406;85799;16;0;16;1;0;;;29
11;1430;CHOC KIT KAT 41 5G FINGER AO LEITE;MERCEARIA;87062;29/06/2026;161406;85799;24;1848;24;5;0;;;22
11;3401;BARRA CEREAL RITTER 25G BANANA ZR ACUC;MERCEARIA;87062;29/06/2026;161406;85799;24;0;24;1;0;;;2
11;648;WHISKY MASTER GOLD VD 900ML;BEBIDAS;87062;29/06/2026;161406;85799;1;96;1;1;0;;;13
11;1295;CHOC BARRA NESTLE 80G DIPLOMATA;MERCEARIA;87062;29/06/2026;161406;85799;16;0;64;0;0;;;31
11;16827;CR DENT COLGATE 180G CARVAO;PERFUMARIA E LIMPEZA;87062;29/06/2026;161406;85799;48;48;48;1;0;03/07/2026;JESSICA M;21
11;1813;BALA GOMA DORI GOMETS 70G SINO;MERCEARIA;87305;29/06/2026;161732;86082;30;90;60;0;0;30/06/2026;JOCELAINE;-10
11;1847;DROPS FREEGELLS 27 9G VIT C CITRUS;MERCEARIA;87305;29/06/2026;161732;86082;12;120;36;3;0;30/06/2026;MONIQUE;5
11;3951;AGUA SANIT Q BOA 2L;PERFUMARIA E LIMPEZA;87305;29/06/2026;161732;86082;6;26;18;0;0;;;30
11;35236;BOMBOM LACTA OREO 20G;MERCEARIA;87305;29/06/2026;161732;86082;27;2214;135;5;0;30/06/2026;MONIQUE;-3
11;1430;CHOC KIT KAT 41 5G FINGER AO LEITE;MERCEARIA;87305;29/06/2026;161732;86082;24;1848;240;10;0;30/06/2026;MONIQUE;22
11;1894;DROPS FREEGELLS 27 6G CEREJA CHOC;MERCEARIA;87305;29/06/2026;161732;86082;12;336;36;3;0;30/06/2026;MONIQUE;4
11;6783;LEITE UHT TIROL C TAMPA 1L INTEGRAL;PERECIVEIS;87500;29/06/2026;162240;;12;65308;4080;0;0;;;2300
11;9751;LEITE SANTA CLARA UHT INT 1L;PERECIVEIS;87502;29/06/2026;162238;;12;94680;1020;0;0;;;6663
12;16914;CR P PENT NIELY H AGUA COCO 250G;PERFUMARIA E LIMPEZA;87064;29/06/2026;161407;85882;12;36;12;1;0;;;10
12;37014;FAROFA DINDA 200G PICANHA;MERCEARIA;87064;29/06/2026;161407;85882;25;294;25;0;0;02/07/2026;ALEXSANDRO;23
12;8405;SH VINI LADY 325ML LISO INTENSO;PERFUMARIA E LIMPEZA;87064;29/06/2026;161407;85882;12;0;12;1;0;;;6
12;7426;PEDRA SANITARIA SANI SOL 20G LAVANDA;PERFUMARIA E LIMPEZA;87064;29/06/2026;161407;85882;144;4044;144;1;0;;;213
12;17309;DESOD ROLLON REXONA 50ML F POWDER;PERFUMARIA E LIMPEZA;87064;29/06/2026;161407;85882;12;312;12;1;0;;;36
12;1286;CHOC BARRA NESTLE 80G SUFLAIR;MERCEARIA;87064;29/06/2026;161407;85882;16;-64;16;1;0;;;0
12;1357;CHOC BATON GAROTO 16G LEITE CREME;MERCEARIA;87064;29/06/2026;161407;85882;30;240;30;1;0;;;17
12;1036;BALA DORI GELATINA 13G AMORA;MERCEARIA;87064;29/06/2026;161407;85882;12;0;12;1;0;;;2
12;647;WHISKY GREEN VALLEY VD 1L;BEBIDAS;87064;29/06/2026;161407;85882;1;0;1;1;0;;;6
12;24313;SH DARLING CERAMIDAS 650ML;PERFUMARIA E LIMPEZA;87064;29/06/2026;161407;85882;6;0;6;1;0;;;15
12;5550;DESOD AERO MONANGE 90G EXTRATO OLIVA;PERFUMARIA E LIMPEZA;87064;29/06/2026;161407;85882;12;636;12;1;0;;;12
12;7942;SABON PALMOLIVE NATURALS 150G GELEIA REAL;PERFUMARIA E LIMPEZA;87064;29/06/2026;161407;85882;72;144;72;1;0;;;1
12;5028;COND PANTENE 175ML HIDRATACAO;PERFUMARIA E LIMPEZA;87064;29/06/2026;161407;85882;6;2;6;1;0;;;12
12;3642;SAL REFINADO CISNE 1KG;MERCEARIA;87064;29/06/2026;161407;85882;10;10;10;0;0;02/07/2026;ALEXSANDRO;13
12;2799;FAROFA MANDIOCA YOKI 400G TRADICIONAL;MERCEARIA;87064;29/06/2026;161407;85882;24;840;24;0;0;02/07/2026;ALEXSANDRO;40
12;20193;LIXA P PES DUPLA FACE;PERFUMARIA E LIMPEZA;87064;29/06/2026;161407;85882;1;0;1;1;0;;;5
12;10178;SABON PALMOLIVE NATURALS 85G KARITE;PERFUMARIA E LIMPEZA;87064;29/06/2026;161407;85882;108;972;108;1;0;;;28
12;17280;DESOD ROLLON AMAZONIA 55ML FOR MEN;PERFUMARIA E LIMPEZA;87064;29/06/2026;161407;85882;24;24;24;1;0;;;14
12;10198;SAB SENSUS BEAUTY ESSENCE 80G LIMA LIM ORIENT;PERFUMARIA E LIMPEZA;87064;29/06/2026;161407;85882;108;1404;108;1;0;;;34
12;22697;RAC CBS GATO PEIXE CAR 500G;PRODUTOS PET;87064;29/06/2026;161407;85882;10;70;10;0;0;01/07/2026;JOCELAINE;10
12;23000;SAB FONTANA SENSUS 150G FLORESCER;PERFUMARIA E LIMPEZA;87064;29/06/2026;161407;85882;72;1512;72;1;0;;;75
12;6234;GEL DENTAL CLOSE UP 90G ORIG RED HOT;PERFUMARIA E LIMPEZA;87064;29/06/2026;161407;85882;12;250;12;1;0;;;20
12;3377;CALDO KNORR 57G CARNE;MERCEARIA;87064;29/06/2026;161407;85882;10;0;10;1;0;;;17
12;8246;SH JAY LUC 1L NEUTRO;PERFUMARIA E LIMPEZA;87064;29/06/2026;161407;85882;12;120;12;1;0;;;16
12;4258;AP PROBAK II LV7 PG5;PERFUMARIA E LIMPEZA;87064;29/06/2026;161407;85882;1;57;4;4;0;;;34
12;7232;OLEO KING 100ML MULTIUSO;PERFUMARIA E LIMPEZA;87064;29/06/2026;161407;85882;6;36;6;1;0;;;21
12;1894;DROPS FREEGELLS 27 6G CEREJA CHOC;MERCEARIA;87307;29/06/2026;161733;86083;12;336;36;0;0;30/06/2026;PAMELA;14
12;36268;PROTETOR TERM PANTENE REPAIR 170ML;PERFUMARIA E LIMPEZA;87307;29/06/2026;161733;86083;1;47;6;6;6;01/07/2026;PAMELA;0
12;2361;FEIJAO VERMELHO ARBAZA 500G;MERCEARIA;87307;29/06/2026;161733;86083;12;1245;60;0;0;01/07/2026;WENDRIO;4
12;1847;DROPS FREEGELLS 27 9G VIT C CITRUS;MERCEARIA;87307;29/06/2026;161733;86083;12;120;36;0;0;30/06/2026;PAMELA;7
12;1430;CHOC KIT KAT 41 5G FINGER AO LEITE;MERCEARIA;87307;29/06/2026;161733;86083;24;1848;240;2;2;30/06/2026;PAMELA;6
12;3951;AGUA SANIT Q BOA 2L;PERFUMARIA E LIMPEZA;87307;29/06/2026;161733;86083;6;26;18;0;0;;;6
12;35236;BOMBOM LACTA OREO 20G;MERCEARIA;87307;29/06/2026;161733;86083;27;2214;135;0;0;30/06/2026;PAMELA;0
13;16827;CR DENT COLGATE 180G CARVAO;PERFUMARIA E LIMPEZA;87066;29/06/2026;161408;85883;48;48;48;1;0;;;53
13;23108;SABON PALMOLIVE 150G ARGILA EUCALIP;PERFUMARIA E LIMPEZA;87066;29/06/2026;161408;85883;72;0;144;2;0;;;4
13;24639;TCO CORP JAYLUC 80G ROSAS;PERFUMARIA E LIMPEZA;87066;29/06/2026;161408;85883;12;60;12;1;0;;;6
13;8235;SH HEAD SHOULD 400ML 3X1;PERFUMARIA E LIMPEZA;87066;29/06/2026;161408;85883;6;30;6;1;0;;;12
13;19315;COT HASTES FLEX COTTONBABY PT 100UN;PERFUMARIA E LIMPEZA;87066;29/06/2026;161408;85883;1;17;1;1;0;;;6
13;10291;SH POMPOM 200ML CAMOMILA;PERFUMARIA E LIMPEZA;87066;29/06/2026;161408;85883;12;0;12;1;0;;;3
13;17309;DESOD ROLLON REXONA 50ML F POWDER;PERFUMARIA E LIMPEZA;87066;29/06/2026;161408;85883;12;312;12;1;0;;;24
13;19312;COT HASTES FLEX COTTONBABY C 75;PERFUMARIA E LIMPEZA;87066;29/06/2026;161408;85883;72;5112;72;1;0;;;4
13;1747;CHICLE FREEGELLS GUM 8G ORIG CHERRY;MERCEARIA;87066;29/06/2026;161408;85883;15;0;15;1;0;;;6
13;5805;ESC DENTAL COLGATE CLASSIC LONG MD 8460;PERFUMARIA E LIMPEZA;87066;29/06/2026;161408;85883;12;168;12;1;0;;;1
13;13514;BLO LIXA P UNHA BONITTA;PERFUMARIA E LIMPEZA;87066;29/06/2026;161408;85883;1;0;1;1;0;;;3
13;7922;SABONETE LUX 85G BUQUE D JASMIM;PERFUMARIA E LIMPEZA;87066;29/06/2026;161408;85883;108;2394;108;1;0;;;114
13;557;REPOS ENGOV AFTER 250ML RED HITS;BEBIDAS;87066;29/06/2026;161408;85883;6;36;12;2;0;;;2
13;9548;FRALDA MILI JUMBINHO P 24UN;PERFUMARIA E LIMPEZA;87066;29/06/2026;161408;85883;9;189;9;1;0;;;7
13;34564;CREME JOAO E MARIA 40G P ASSADURA;PERFUMARIA E LIMPEZA;87066;29/06/2026;161408;85883;1;0;1;1;0;;;1
13;17311;DESOD ROLLON REXONA 50ML INVISIBLE;PERFUMARIA E LIMPEZA;87066;29/06/2026;161408;85883;12;84;12;1;0;;;42
13;6126;FRALDA CONFORTSEC PAMPERS G 38UN;PERFUMARIA E LIMPEZA;87066;29/06/2026;161408;85883;4;4;4;1;0;;;6
13;18739;FRALDA DESC BABYSEC ULTSEC MEGA P 42 UN;PERFUMARIA E LIMPEZA;87066;29/06/2026;161408;85883;6;0;6;1;0;;;8
13;3405;BARRA CEREAL RITTER 22G BRIGADEIRO;MERCEARIA;87066;29/06/2026;161408;85883;24;0;24;1;0;;;63
13;3401;BARRA CEREAL RITTER 25G BANANA ZR ACUC;MERCEARIA;87066;29/06/2026;161408;85883;24;0;24;1;0;;;15
13;17305;DESOD ROLLON REXONA 50ML ACT EMOT;PERFUMARIA E LIMPEZA;87066;29/06/2026;161408;85883;12;276;12;1;0;;;38
13;20247;LOCAO POS BARBA JAYLUC 100G;PERFUMARIA E LIMPEZA;87066;29/06/2026;161408;85883;1;0;1;1;0;;;4
13;5250;CR DENT CLOSE UP 70G TRIPLE HORTELA;PERFUMARIA E LIMPEZA;87066;29/06/2026;161408;85883;72;2448;72;1;0;;;-1
13;5763;ENX BUC PLAX COLGATE LV750 PG500ML ODOR CONTROL;PERFUMARIA E LIMPEZA;87066;29/06/2026;161408;85883;12;72;12;1;0;;;6
13;3363;CALDO APTI 19G CARNE;MERCEARIA;87066;29/06/2026;161408;85883;24;4008;24;1;0;;;53
13;20193;LIXA P PES DUPLA FACE;PERFUMARIA E LIMPEZA;87066;29/06/2026;161408;85883;1;0;1;1;0;;;4
13;5850;ESC DENTAL ORAL B PRO;PERFUMARIA E LIMPEZA;87066;29/06/2026;161408;85883;12;36;36;3;0;;;59
13;2368;FEIJAO VERMELHO SERRA URUGUAI 500G;MERCEARIA;87066;29/06/2026;161408;85883;20;659;80;4;0;;;1
13;35687;DESOD CREME SECRET CLEAR COTT 45G GEL;PERFUMARIA E LIMPEZA;87161;29/06/2026;161556;86420;1;2;4;5;0;04/07/2026;ALEX JARDIM;5
13;1847;DROPS FREEGELLS 27 9G VIT C CITRUS;MERCEARIA;87309;29/06/2026;161734;86085;12;120;24;0;0;30/06/2026;PAMELA;10
13;1894;DROPS FREEGELLS 27 6G CEREJA CHOC;MERCEARIA;87309;29/06/2026;161734;86085;12;336;36;0;0;30/06/2026;PAMELA;2
13;1430;CHOC KIT KAT 41 5G FINGER AO LEITE;MERCEARIA;87309;29/06/2026;161734;86085;24;1848;240;10;10;30/06/2026;PAMELA;4
14;8791;ABS MILI NOTURNO C ABAS 8UN;PERFUMARIA E LIMPEZA;87068;29/06/2026;161409;85884;36;0;36;1;0;02/07/2026;MURILO;10
14;833;REFRIG SUKITA PET 2L UVA;BEBIDAS;87068;29/06/2026;161409;85884;8;368;8;1;1;30/06/2026;JESUS;-1
14;8243;SH JAY LUC 1L CEREMIDAS S SAL;PERFUMARIA E LIMPEZA;87068;29/06/2026;161409;85884;12;36;12;1;0;;;16
14;780;REFRIG SPRITE PET 200ML;BEBIDAS;87068;29/06/2026;161409;85884;12;0;12;0;0;30/06/2026;JESUS;4
14;116;CERV SKOL 1L;BEBIDAS;87068;29/06/2026;161409;85884;12;444;12;0;0;30/06/2026;JESUS;-1
14;6127;FRALDA CONFORTSEC PAMPERS XXG 30UN;PERFUMARIA E LIMPEZA;87068;29/06/2026;161409;85884;4;2;4;1;0;;;3
14;2923;ACHOC LIQ SHOWKINHO 1L;MERCEARIA;87068;29/06/2026;161409;85884;12;240;12;1;0;;;18
14;859;REFRIG PEPSI PET 600ML;BEBIDAS;87068;29/06/2026;161409;85884;12;0;12;0;0;30/06/2026;JESUS;12
14;436;ENERG BALY PET 2L MORANGO PESSEGO;BEBIDAS;87068;29/06/2026;161409;85884;6;0;6;0;0;30/06/2026;JESUS;5
14;903;REFRIG PEPSI BLACK LT 350ML;BEBIDAS;87068;29/06/2026;161409;85884;12;1728;12;0;0;30/06/2026;JESUS;2
14;24498;SUCO NECTAR TRADICAO MISTO PET 1 5L UVA MACA;BEBIDAS;87068;29/06/2026;161409;85884;6;1068;6;0;0;30/06/2026;JESUS;8
14;9145;COND SEDA GLYCOL VIT C 425ML;PERFUMARIA E LIMPEZA;87068;29/06/2026;161409;85884;12;9;12;1;0;;;1
14;7932;SABONETE NIVEA 85G AVEIA;PERFUMARIA E LIMPEZA;87068;29/06/2026;161409;85884;96;672;96;1;0;;;39
14;15615;CARVAO VEG CHURRASCO NA BRASA 5KG;NAO ALIMENTO;87068;29/06/2026;161409;85884;1;271;10;0;0;30/06/2026;JESUS;-2
14;3415;CREME LEITE ITALAC TP 200G;MERCEARIA;87068;29/06/2026;161409;85884;24;72;24;1;0;;;41
14;7938;SABONETE NIVEA 85G PROTEINA LEITE;PERFUMARIA E LIMPEZA;87068;29/06/2026;161409;85884;96;-96;96;1;0;;;-52
14;52;AGUA MIN FLORESTA PET 5L S GAS;BEBIDAS;87068;29/06/2026;161409;85884;4;36;8;0;0;30/06/2026;JESUS;-36
14;289;CERV SOL PREMIUM LN 330ML;BEBIDAS;87068;29/06/2026;161409;85884;24;60;24;0;0;30/06/2026;JESUS;2
14;213;CERV SKOL PILSEN LT 473ML;BEBIDAS;87068;29/06/2026;161409;85884;12;27516;72;0;0;30/06/2026;JESUS;1751
14;2448;SARDINHA NAUTIQUE 125G OLEO;MERCEARIA;87068;29/06/2026;161409;85884;50;13500;50;1;0;;;-2
14;7921;SABONETE LUX 125G SUAVE ROSAS FRANCESAS;PERFUMARIA E LIMPEZA;87068;29/06/2026;161409;85884;72;1512;72;1;0;;;77
14;8244;SH JAY LUC 1L COCO SEM SAL;PERFUMARIA E LIMPEZA;87068;29/06/2026;161409;85884;12;36;12;1;0;;;22
14;13403;BISC DOCE NESTLE CHOCO TRIO 90G PRESTIGIO;MERCEARIA;87068;29/06/2026;161409;85884;12;531;48;4;0;;;33
14;1416;CHOC SNICKERS 45G;MERCEARIA;87068;29/06/2026;161409;85884;20;100;20;1;0;;;-2
14;8966;CARVAO CHAMA CAMPEIRA 5KG;NAO ALIMENTO;87068;29/06/2026;161409;85884;1;464;4;0;0;30/06/2026;JESUS;82
14;33255;REFRIG CHARRUA PET 3L GUARANA;BEBIDAS;87068;29/06/2026;161409;85884;6;121;6;0;0;30/06/2026;JESUS;13
14;821;REFRIG FRUKI PET 2L LIMAO;BEBIDAS;87068;29/06/2026;161409;85884;6;0;6;0;0;30/06/2026;JESUS;12
14;761;REFRIG ANTAR SODA LIMONAD PET 200ML;BEBIDAS;87068;29/06/2026;161409;85884;12;336;12;0;0;30/06/2026;JESUS;-8
14;6828;AGUA SABORIZ H2OH 500ML LIMONETO;BEBIDAS;87068;29/06/2026;161409;85884;12;60;12;1;0;;;32
14;12237;ACUCAR REFINADO GASPARIN 1KG;MERCEARIA;87068;29/06/2026;161409;85884;10;1671;20;2;0;;;219
14;7490;POMADA NUGGET 36G PRETA;PERFUMARIA E LIMPEZA;87068;29/06/2026;161409;85884;12;0;12;1;0;;;18
14;762;REFRIG COCA COLA PET 200ML;BEBIDAS;87068;29/06/2026;161409;85884;12;432;24;0;0;30/06/2026;JESUS;117
14;109;CERV BRAHMA CHOPP GF 1L RETORNAVEL;BEBIDAS;87068;29/06/2026;161409;85884;12;396;12;0;0;30/06/2026;JESUS;-26
14;778;REFRIG PEPSI COLA PET 200ML;BEBIDAS;87068;29/06/2026;161409;85884;12;600;12;0;0;30/06/2026;JESUS;43
14;128;CERV SKOL PILSEN GF 300ML RETORNAVEL;BEBIDAS;87068;29/06/2026;161409;85884;23;1311;23;0;0;30/06/2026;JESUS;-25
14;451;ENERG BALY LT 473ML TROPICAL;BEBIDAS;87068;29/06/2026;161409;85884;6;72;6;1;1;30/06/2026;JESUS;6
14;237;CERV BUDWEISER LN 330ML;BEBIDAS;87068;29/06/2026;161409;85884;24;1440;24;1;1;30/06/2026;JESUS;27
14;2449;TRIGO P KIBE JUREIA 500G;MERCEARIA;87068;29/06/2026;161409;85884;12;0;12;1;0;;;21
14;648;WHISKY MASTER GOLD VD 900ML;BEBIDAS;87068;29/06/2026;161409;85884;1;96;1;1;0;;;1
14;10181;SAB POMPOM 80G HIDRATANTE;PERFUMARIA E LIMPEZA;87068;29/06/2026;161409;85884;12;1992;72;6;0;;;39
14;379;REFRE FRUKITO PET 200ML LIMAO;BEBIDAS;87068;29/06/2026;161409;85884;12;0;12;0;0;30/06/2026;JESUS;28
14;548;GATORADE 500ML UVA;BEBIDAS;87068;29/06/2026;161409;85884;6;150;6;1;1;30/06/2026;JESUS;5
14;413;AGUARD KIKANA PET 790ML;BEBIDAS;87068;29/06/2026;161409;85884;12;1548;12;1;1;30/06/2026;JESUS;-3
14;840;REFRIG PEPSI PET 3L;BEBIDAS;87068;29/06/2026;161409;85884;4;712;4;0;0;30/06/2026;JESUS;2
14;3680;LEITE COND TRIANGULO TP 395G;MERCEARIA;87068;29/06/2026;161409;85884;27;27;27;1;0;;;0
14;20391;MAIONESE LIZA CASEIRA 450G;MERCEARIA;87068;29/06/2026;161409;85884;12;84;12;1;0;;;18
14;2302;FEIJAO BRANCO CALDO OURO 500G;MERCEARIA;87068;29/06/2026;161409;85884;10;475;10;1;0;;;18
14;8428;SH350 COND PANTENE 175ML RESTAURACAO;PERFUMARIA E LIMPEZA;87068;29/06/2026;161409;85884;6;192;6;1;0;;;12
14;36868;HID LABIAL CARMED MELANCIA 10G;PERFUMARIA E LIMPEZA;87068;29/06/2026;161409;85884;1;15;2;2;0;;;-1
14;786;REFRIG ANTARCTICA GUARANA PET 2L ZERO;BEBIDAS;87068;29/06/2026;161409;85884;8;1280;24;0;0;30/06/2026;JESUS;-8
14;1292;CHOC BARRA NESTLE 80G MEIO AMARGO;MERCEARIA;87158;29/06/2026;161541;85975;16;224;80;5;5;30/06/2026;PAMELA;94
14;36268;PROTETOR TERM PANTENE REPAIR 170ML;PERFUMARIA E LIMPEZA;87311;29/06/2026;161735;86088;1;47;12;12;0;01/07/2026;PAMELA;0
14;1430;CHOC KIT KAT 41 5G FINGER AO LEITE;MERCEARIA;87311;29/06/2026;161735;86088;24;1848;240;0;0;30/06/2026;MONIQUE;-46
14;1847;DROPS FREEGELLS 27 9G VIT C CITRUS;MERCEARIA;87311;29/06/2026;161735;86088;12;120;36;3;3;30/06/2026;MONIQUE;111
14;2471;TOMATE SECO CONSERVA JUREIA VD 200G;PERECIVEIS;87311;29/06/2026;161735;86088;12;36;12;0;0;30/06/2026;JOCELAINE;-10
14;34290;CHOC STIKADINHO STICKS 29G MORANGO;MERCEARIA;87311;29/06/2026;161735;86088;64;192;128;0;0;30/06/2026;MONIQUE;-33
14;35236;BOMBOM LACTA OREO 20G;MERCEARIA;87311;29/06/2026;161735;86088;27;2214;135;0;0;30/06/2026;MONIQUE;10
14;660;SUCO KAPO TP 200ML FRUTAS CITRICAS;BEBIDAS;87428;29/06/2026;162026;86276;12;924;24;2;2;30/06/2026;BRAGA;51
14;663;SUCO KAPO TP 200ML MORANGO;BEBIDAS;87428;29/06/2026;162026;86276;12;684;120;10;10;30/06/2026;BRAGA;24
17;6115;FRALDA GERIATRICA MILI VITA M 09UN;PERFUMARIA E LIMPEZA;87070;29/06/2026;161410;85885;8;0;8;1;0;01/07/2026;FERNANDO PAZ;3
17;16903;CR NIVEA LT 56G;PERFUMARIA E LIMPEZA;87070;29/06/2026;161410;85885;1;0;1;1;0;;;0
17;6997;LOC HID MONANGE 200ML FRUTAS VERMELHA;PERFUMARIA E LIMPEZA;87070;29/06/2026;161410;85885;24;192;24;1;0;;;14
17;8427;SH350 COND PANTENE 175ML LISO;PERFUMARIA E LIMPEZA;87070;29/06/2026;161410;85885;6;6;6;1;0;;;-3
17;5077;COND SEDA 325ML SOS CERAMIDAS;PERFUMARIA E LIMPEZA;87070;29/06/2026;161410;85885;12;360;12;1;0;;;10
17;5044;COND PANTENE 400ML RESTAURACAO;PERFUMARIA E LIMPEZA;87070;29/06/2026;161410;85885;6;0;6;1;0;;;12
17;8227;SH HEAD SHOULDERS 200ML HIDRATACAO;PERFUMARIA E LIMPEZA;87070;29/06/2026;161410;85885;6;0;18;3;0;;;27
17;5347;CR TRAT PENTEAR VINI LADY 900G REPARACAO TOTAL;PERFUMARIA E LIMPEZA;87070;29/06/2026;161410;85885;6;0;6;1;0;;;6
17;37860;CHOC BARRA GAROTO RECH BATON 90G;MERCEARIA;87070;29/06/2026;161410;85885;14;126;14;1;0;;;-12
17;23022;SAB LIQ BELEZA AMAZONIA 370ML FLORES CAMPO;PERFUMARIA E LIMPEZA;87070;29/06/2026;161410;85885;12;48;12;1;0;;;18
17;3890;ABS C ABAS ALWAYS LV16PG14 AC S NOT;PERFUMARIA E LIMPEZA;87070;29/06/2026;161410;85885;12;47;12;12;0;01/07/2026;FERNANDO PAZ;-10
17;5673;DETERG GIRANDO SOL 500ML LIMAO;PERFUMARIA E LIMPEZA;87070;29/06/2026;161410;85885;24;4344;48;2;0;01/07/2026;FERNANDO PAZ;-13
17;23001;SAB FONTANA SENSUS 150G FOR MEN;PERFUMARIA E LIMPEZA;87070;29/06/2026;161410;85885;72;648;72;1;0;;;13
17;6210;DESOD SANIT ADES GOTA LIMPA 41G 7D LAVANDA;PERFUMARIA E LIMPEZA;87070;29/06/2026;161410;85885;12;0;12;1;0;;;0
17;10159;SAB LIQ PALMOLIVE RF 200ML CAMELIA AMEND;PERFUMARIA E LIMPEZA;87070;29/06/2026;161410;85885;6;48;6;1;0;;;4
17;17311;DESOD ROLLON REXONA 50ML INVISIBLE;PERFUMARIA E LIMPEZA;87070;29/06/2026;161410;85885;12;84;12;1;0;;;-6
17;6617;KIT SH SEDA SH 300 COND 190ML LISO PERFEITO;PERFUMARIA E LIMPEZA;87070;29/06/2026;161410;85885;15;2940;15;1;0;;;-22
17;4970;COND ELSEVE 200ML GLYCOLIC GLOSS;PERFUMARIA E LIMPEZA;87070;29/06/2026;161410;85885;12;0;12;1;0;;;8
17;22915;REPARADOR PONTAS JAYLUC 30ML CERAMIDAS;PERFUMARIA E LIMPEZA;87070;29/06/2026;161410;85885;24;133;24;1;0;;;83
17;33895;CREME DENT CLOSE UP 100G CARVAO ATIVADO;PERFUMARIA E LIMPEZA;87070;29/06/2026;161410;85885;12;72;12;0;0;;;0
17;4203;AMAC GIRANDO SOL 2L BRANCO;PERFUMARIA E LIMPEZA;87070;29/06/2026;161410;85885;6;312;6;1;0;01/07/2026;FERNANDO PAZ;15
17;5682;DET LIQ GOTA LIMPA 500ML NEUTRO;PERFUMARIA E LIMPEZA;87070;29/06/2026;161410;85885;24;4563;72;3;0;01/07/2026;FERNANDO PAZ;200
17;1059;ALFAJOR EL AGUILA 60G CHOC BRANCO;MERCEARIA;87070;29/06/2026;161410;85885;12;1944;24;0;0;;;-37
17;8203;KIT ELSEVE SH COND 375ML 170ML OLEO EXTR;PERFUMARIA E LIMPEZA;87070;29/06/2026;161410;85885;6;1;6;1;0;;;7
17;17660;ENX BUCAL COLGATE PLAX L500P350ML FRESH MINT;PERFUMARIA E LIMPEZA;87070;29/06/2026;161410;85885;12;0;12;1;0;;;-6
17;7356;PAPEL HIG DUETTO 4 UN DE 30M PERFUMADO;PERFUMARIA E LIMPEZA;87070;29/06/2026;161410;85885;16;0;96;0;0;29/06/2026;MAYNARA;579
17;20247;LOCAO POS BARBA JAYLUC 100G;PERFUMARIA E LIMPEZA;87070;29/06/2026;161410;85885;1;0;4;4;0;;;9
17;3882;ABS ALWAYS 8UN BASICO P SECA C ABAS;PERFUMARIA E LIMPEZA;87070;29/06/2026;161410;85885;18;126;18;1;0;;;16
17;35113;KIT SH CD PANTENE 300 150ML BOND REPAIR;PERFUMARIA E LIMPEZA;87070;29/06/2026;161410;85885;6;108;6;1;0;;;-6
17;7878;SABONETE DOVE 90G KARITE BAUNILHA;PERFUMARIA E LIMPEZA;87070;29/06/2026;161410;85885;48;3888;144;3;0;;;212
17;5748;ENXAG BUCAL COLGATE 500ML ODOR CONTROL;PERFUMARIA E LIMPEZA;87070;29/06/2026;161410;85885;12;0;12;1;0;;;10
17;16947;CR TRAT PANTENE 270ML HIDRATACAO;PERFUMARIA E LIMPEZA;87070;29/06/2026;161410;85885;12;36;12;1;0;;;1
17;12289;AGUA SANIT IMPERIAL 1L;PERFUMARIA E LIMPEZA;87070;29/06/2026;161410;85885;12;0;12;1;0;01/07/2026;FERNANDO PAZ;0
1;1837;PAST DOCILE ROLLY MINTY 29G FRUIT;MERCEARIA;87616;30/06/2026;162440;86422;12;1464;12;1;0;03/07/2026;ERICA;6
1;1849;DROPS FREEGELLS 27 9G EXTRA FORTE;MERCEARIA;87616;30/06/2026;162440;86422;12;1188;24;2;0;03/07/2026;ERICA;-1760
1;5599;DESOD AERO REXONA 150ML 90G ACT EMOTION;PERFUMARIA E LIMPEZA;87616;30/06/2026;162440;86422;12;216;12;1;0;03/07/2026;MONIQUE;8
1;2056;ARROZ BCO TRIVIAL T2 1K;MERCEARIA;87616;30/06/2026;162440;86422;30;2713;30;0;0;01/07/2026;ALEXSANDER;7
1;4259;AP PRESTOBARBA ULTRA GRIP 2UN;PERFUMARIA E LIMPEZA;87616;30/06/2026;162440;86422;12;0;24;2;0;03/07/2026;ALEXSANDER;56
1;2136;ARROZ BCO JATAI TP3 5KG;MERCEARIA;87616;30/06/2026;162440;86422;6;192;6;0;0;01/07/2026;ALEXSANDER;4
1;38653;CARGA MACH 3 REGULAR C 8 PROMO;PERFUMARIA E LIMPEZA;87616;30/06/2026;162440;86422;36;0;36;1;0;03/07/2026;ALEXSANDER;0
1;22118;POM MASSAG BIO CANELA VELHO 150ML;PERFUMARIA E LIMPEZA;87616;30/06/2026;162440;86422;12;420;12;1;0;03/07/2026;MONIQUE;10
1;1852;DROPS FREEGELLS 27 9G MENTA;MERCEARIA;87855;30/06/2026;163084;87081;12;708;60;5;0;03/07/2026;ERICA;-861
2;35687;DESOD CREME SECRET CLEAR COTT 45G GEL;PERFUMARIA E LIMPEZA;87618;30/06/2026;162441;86416;1;2;5;0;0;03/07/2026;ALEXSANDER;10
2;15295;CALDO MAGGI 57G COSTELA;MERCEARIA;87618;30/06/2026;162441;86416;10;50;30;0;0;01/07/2026;MONIQUE;30
2;1269;CHOC BARRA LACTA 80G LAKA;MERCEARIA;87618;30/06/2026;162441;86416;17;0;17;0;0;01/07/2026;MONIQUE;0
2;18747;FRALDA DESC FERINHA JUMBINHO C/16 G;PERFUMARIA E LIMPEZA;87618;30/06/2026;162441;86416;12;4;12;1;0;02/07/2026;MURILO;0
2;22796;RATICIDA RODILON ISCA 25G;PERFUMARIA E LIMPEZA;87618;30/06/2026;162441;86416;40;160;40;0;0;03/07/2026;BRUNO ANTUNES;8
2;33647;SAB LIQ MADE IN BRAZIL 1L ERVA DOCE;PERFUMARIA E LIMPEZA;87618;30/06/2026;162441;86416;12;216;12;1;1;03/07/2026;BRUNO ANTUNES;4
2;3377;CALDO KNORR 57G CARNE;MERCEARIA;87618;30/06/2026;162441;86416;10;0;10;1;1;01/07/2026;MONIQUE;7
2;8230;SH HEAD SHOULDERS 200ML MENTHOL REFRE;PERFUMARIA E LIMPEZA;87618;30/06/2026;162441;86416;6;90;6;0;0;03/07/2026;ALEXSANDER;33
2;3497;ESSENCIA GRAN FINALE 30ML BAUNILHA;MERCEARIA;87618;30/06/2026;162441;86416;12;0;12;0;0;01/07/2026;MONIQUE;8
2;3542;MELHORADOR FLEISCHMANN SH 10G PAO CERTO;MERCEARIA;87618;30/06/2026;162441;86416;32;0;32;1;1;01/07/2026;MONIQUE;17
2;22903;REMOV ESM AMAZONIA 80ML;PERFUMARIA E LIMPEZA;87618;30/06/2026;162441;86416;12;516;24;0;0;03/07/2026;ALEXSANDER;1
2;6959;LIQUIDO NUGGET 60ML PROMO PRETO;PERFUMARIA E LIMPEZA;87618;30/06/2026;162441;86416;12;0;12;0;0;03/07/2026;ALEXSANDER;12
2;8140;SH ANTIC CLEAR 400ML ICE COOL MENTOL;PERFUMARIA E LIMPEZA;87618;30/06/2026;162441;86416;12;48;12;1;1;03/07/2026;ALEXSANDER;24
2;38562;KIT SH CD NEUTROX 300ML 200ML FORCA;PERFUMARIA E LIMPEZA;87618;30/06/2026;162441;86416;12;0;12;0;0;03/07/2026;BRUNO ANTUNES;0
2;3512;FERM PO BIOL GOOD INSTANT SH 10G;MERCEARIA;87618;30/06/2026;162441;86416;30;1080;30;0;0;01/07/2026;MONIQUE;52
2;3516;FERM PO BIOL GOOD INSTANT SH 125G;MERCEARIA;87618;30/06/2026;162441;86416;12;504;12;0;0;01/07/2026;MONIQUE;8
2;1289;CHOC BARRA NESTLE 80G PRESTIGIO;MERCEARIA;87618;30/06/2026;162441;86416;16;32;64;0;0;01/07/2026;MONIQUE;0
2;13059;BANHEIRA ADOLETA INF 20L ROSA BEBE;PERFUMARIA E LIMPEZA;87618;30/06/2026;162441;86416;1;0;1;0;0;03/07/2026;BRUNO ANTUNES;4
2;3802;PO P SORVETE APTI 120G ABACAXI;MERCEARIA;87618;30/06/2026;162441;86416;12;0;12;0;0;01/07/2026;MONIQUE;35
2;1983;CAPPUCCINO PRONTO 3C 260ML CLASSIC;MERCEARIA;87618;30/06/2026;162441;86416;6;6;6;0;0;01/07/2026;MONIQUE;4
2;7921;SABONETE LUX 125G SUAVE ROSAS FRANCESAS;PERFUMARIA E LIMPEZA;87618;30/06/2026;162441;86416;72;1512;72;0;0;03/07/2026;BRUNO ANTUNES;30
2;3384;CALDO GALINHA APTI 57G;MERCEARIA;87618;30/06/2026;162441;86416;120;0;120;0;0;01/07/2026;MONIQUE;0
2;17311;DESOD ROLLON REXONA 50ML INVISIBLE;PERFUMARIA E LIMPEZA;87618;30/06/2026;162441;86416;12;84;12;0;0;03/07/2026;BRUNO ANTUNES;26
2;5222;CR DEN COLGATE TT12 90G ADVAN FRESH;PERFUMARIA E LIMPEZA;87618;30/06/2026;162441;86416;48;180;48;0;0;03/07/2026;BRUNO ANTUNES;47
2;3510;FERM BIO PO FLEISCHMANN SH LV 125G PG 100G;MERCEARIA;87618;30/06/2026;162441;86416;16;48;64;0;0;01/07/2026;MONIQUE;5
2;19315;COT HASTES FLEX COTTONBABY PT 100UN;PERFUMARIA E LIMPEZA;87618;30/06/2026;162441;86416;1;17;3;0;0;03/07/2026;ALEXSANDER;60
2;17025;CURATIVO COTTONBABY 10UN TRAD;PERFUMARIA E LIMPEZA;87618;30/06/2026;162441;86416;36;0;36;0;0;03/07/2026;ALEXSANDER;54
2;8224;SH HEAD SHOULDERS 200ML ANT COCEIRA;PERFUMARIA E LIMPEZA;87618;30/06/2026;162441;86416;6;42;6;0;0;03/07/2026;ALEXSANDER;9
2;7490;POMADA NUGGET 36G PRETA;PERFUMARIA E LIMPEZA;87618;30/06/2026;162441;86416;12;0;12;0;0;03/07/2026;ALEXSANDER;38
2;4256;AP PRESTOBARBA ULTRAGRIP 3L CART2UN;PERFUMARIA E LIMPEZA;87618;30/06/2026;162441;86416;1;0;1;0;0;03/07/2026;ALEXSANDER;0
2;1893;DROPS FREEGELLS 27 6G MORANGO CHOC;MERCEARIA;87618;30/06/2026;162441;86416;12;288;12;1;1;01/07/2026;MONIQUE;1
2;3431;SOPA GALINHA MAGGI 60G FIDELINI;MERCEARIA;87618;30/06/2026;162441;86416;10;9;10;0;0;01/07/2026;MONIQUE;22
2;5275;CR DENTAL TANDY 50G MORANGO;PERFUMARIA E LIMPEZA;87618;30/06/2026;162441;86416;12;48;12;0;0;03/07/2026;BRUNO ANTUNES;2
2;13514;BLO LIXA P UNHA BONITTA;PERFUMARIA E LIMPEZA;87618;30/06/2026;162441;86416;1;0;1;0;0;03/07/2026;ALEXSANDER;5
2;1157;BALA FINI TUBES ARCO IRIS 80G;MERCEARIA;87618;30/06/2026;162441;86416;12;0;12;1;1;01/07/2026;MONIQUE;1
2;1845;DROPS FREEGELLS 27 9G EUCALIPTO;MERCEARIA;87618;30/06/2026;162441;86416;12;756;12;1;1;01/07/2026;MONIQUE;5
2;18740;FRALDA DESC FERINHA HIPER C 40 XXG;PERFUMARIA E LIMPEZA;87618;30/06/2026;162441;86416;6;2;6;0;0;03/07/2026;BRUNO ANTUNES;0
2;33648;SAB LIQ MADE IN BRAZIL 1L AMEIXA;PERFUMARIA E LIMPEZA;87618;30/06/2026;162441;86416;12;0;12;1;1;03/07/2026;BRUNO ANTUNES;9
2;3420;CALDO KNOR 57G LEGUMES;MERCEARIA;87618;30/06/2026;162441;86416;10;0;10;0;0;01/07/2026;MONIQUE;9
3;33650;SAB LIQ MADE IN BRAZIL 1L PESSEGO;PERFUMARIA E LIMPEZA;87620;30/06/2026;162442;86417;12;348;24;1;1;03/07/2026;BRUNO ANTUNES;24
3;4256;AP PRESTOBARBA ULTRAGRIP 3L CART2UN;PERFUMARIA E LIMPEZA;87620;30/06/2026;162442;86417;1;0;1;1;0;03/07/2026;ALEXSANDER;1
3;6996;LOC HID MONANGE 200ML FLOR DE LAVANDA;PERFUMARIA E LIMPEZA;87620;30/06/2026;162442;86417;24;264;48;2;0;03/07/2026;ALEXSANDER;0
3;22914;REPARADOR PONTAS JAYLUC 30ML BLIND QUERAT;PERFUMARIA E LIMPEZA;87620;30/06/2026;162442;86417;24;126;24;1;0;03/07/2026;ALEXSANDER;42
3;3881;ABS ALWAYS 32UN BASICO M SUAVE C ABAS;PERFUMARIA E LIMPEZA;87620;30/06/2026;162442;86417;8;16;8;0;0;03/07/2026;BRUNO ANTUNES;5
3;12328;ALG ROLO COTTONBABY 25G;PERFUMARIA E LIMPEZA;87620;30/06/2026;162442;86417;80;0;80;0;0;03/07/2026;BRUNO ANTUNES;-2
3;12528;AP GILLETTE C 8 L8P6;PERFUMARIA E LIMPEZA;87620;30/06/2026;162442;86417;3;16;9;3;0;03/07/2026;ALEXSANDER;22
3;10194;SAB SENSUS BEAUTY ESSENCE 80G BOSQUES OCIDENT;PERFUMARIA E LIMPEZA;87620;30/06/2026;162442;86417;108;3772;108;0;0;03/07/2026;BRUNO ANTUNES;65
3;23052;SAB LIQ HEDERA 370ML FTA VRM;PERFUMARIA E LIMPEZA;87620;30/06/2026;162442;86417;12;1;12;0;0;03/07/2026;BRUNO ANTUNES;0
3;5275;CR DENTAL TANDY 50G MORANGO;PERFUMARIA E LIMPEZA;87620;30/06/2026;162442;86417;12;48;36;0;0;03/07/2026;BRUNO ANTUNES;6
3;7926;SABONETE LUX 85G FLOR DE VERBENA;PERFUMARIA E LIMPEZA;87620;30/06/2026;162442;86417;108;108;108;0;0;03/07/2026;BRUNO ANTUNES;2
3;16074;CHUP CEFISA RED SIL T2;PERFUMARIA E LIMPEZA;87620;30/06/2026;162442;86417;24;240;24;1;0;03/07/2026;ALEXSANDER;14
3;19312;COT HASTES FLEX COTTONBABY C 75;PERFUMARIA E LIMPEZA;87620;30/06/2026;162442;86417;72;5112;72;1;1;03/07/2026;BRUNO ANTUNES;97
3;7948;SABON PALMOLIVE NATURALS 150G OLEO ARGAN;PERFUMARIA E LIMPEZA;87620;30/06/2026;162442;86417;72;0;72;0;0;03/07/2026;BRUNO ANTUNES;7
3;35687;DESOD CREME SECRET CLEAR COTT 45G GEL;PERFUMARIA E LIMPEZA;87620;30/06/2026;162442;86417;1;2;5;5;0;03/07/2026;ALEXSANDER;13
3;145;CERV ANTARCTICA SUBZERO LT 473ML;BEBIDAS;87620;30/06/2026;162442;86417;12;6405;2640;0;0;;;358
3;9272;DES SANIT PATO GEL ADES PROM RF 38G LAVANDA;PERFUMARIA E LIMPEZA;87620;30/06/2026;162442;86417;24;0;24;1;0;03/07/2026;ALEXSANDER;8
3;213;CERV SKOL PILSEN LT 473ML;BEBIDAS;87620;30/06/2026;162442;86417;12;27516;300;7;7;;LUAN;6794
3;102;CERV ANTARCTICA SUBZERO GF 1L RETORNAVEL;BEBIDAS;87620;30/06/2026;162442;86417;12;984;84;7;7;;LUAN;8
3;7927;SABONETE LUX 85G LAVANDA;PERFUMARIA E LIMPEZA;87620;30/06/2026;162442;86417;108;2808;108;0;0;03/07/2026;BRUNO ANTUNES;42
3;33649;SAB LIQ MADE IN BRAZIL 1L CEREJA;PERFUMARIA E LIMPEZA;87620;30/06/2026;162442;86417;12;0;12;0;0;03/07/2026;BRUNO ANTUNES;24
3;15659;CD NEUTROX 300ML CLASSICO;PERFUMARIA E LIMPEZA;87620;30/06/2026;162442;86417;12;10;12;0;0;03/07/2026;BRUNO ANTUNES;28
3;7994;SABONETE REXONA 84G ANT LIMP PROFU;PERFUMARIA E LIMPEZA;87620;30/06/2026;162442;86417;12;0;12;0;0;03/07/2026;BRUNO ANTUNES;2
3;795;REFRIG COCA COLA PET 2L ZERO;BEBIDAS;87620;30/06/2026;162442;86417;8;48;600;0;0;;;541
4;7232;OLEO KING 100ML MULTIUSO;PERFUMARIA E LIMPEZA;87622;30/06/2026;162443;86423;6;36;24;4;0;03/07/2026;ALEXSANDER;1
4;6997;LOC HID MONANGE 200ML FRUTAS VERMELHA;PERFUMARIA E LIMPEZA;87622;30/06/2026;162443;86423;24;192;48;2;2;03/07/2026;BRUNO ANTUNES;2
4;34831;MASC TRATAMENTO SEDA 300G LISO PERFEITO;PERFUMARIA E LIMPEZA;87622;30/06/2026;162443;86423;6;90;6;0;0;03/07/2026;BRUNO ANTUNES;5
4;16930;CR TRAT CAPILAR HEDERA BABOSA 960G;PERFUMARIA E LIMPEZA;87622;30/06/2026;162443;86423;6;145;6;0;0;03/07/2026;BRUNO ANTUNES;1
4;13403;BISC DOCE NESTLE CHOCO TRIO 90G PRESTIGIO;MERCEARIA;87622;30/06/2026;162443;86423;12;531;72;6;0;03/07/2026;ERICA;8
4;6225;GEL DENT SORRISO FRESH 90G HORTELA;PERFUMARIA E LIMPEZA;87622;30/06/2026;162443;86423;12;0;12;1;0;03/07/2026;ALEXSANDER;12
4;10181;SAB POMPOM 80G HIDRATANTE;PERFUMARIA E LIMPEZA;87622;30/06/2026;162443;86423;12;1992;12;1;0;03/07/2026;ALEXSANDER;90
4;8296;SH PANTENE 200ML BAMBU;PERFUMARIA E LIMPEZA;87622;30/06/2026;162443;86423;6;138;6;1;0;03/07/2026;ALEXSANDER;3
4;35581;CREME P PENT SEDA 300ML TOQUE DE SEDA;PERFUMARIA E LIMPEZA;87622;30/06/2026;162443;86423;12;156;12;1;1;03/07/2026;BRUNO ANTUNES;7
4;10194;SAB SENSUS BEAUTY ESSENCE 80G BOSQUES OCIDENT;PERFUMARIA E LIMPEZA;87622;30/06/2026;162443;86423;108;3772;216;2;2;03/07/2026;BRUNO ANTUNES;7
4;5314;CR PENT SEDA 300ML SOS CERAMIDAS;PERFUMARIA E LIMPEZA;87622;30/06/2026;162443;86423;12;432;12;1;1;03/07/2026;BRUNO ANTUNES;4
4;2777;ACUCAR CONFEITEIRO CBS 500G;NAO ALIMENTO;87622;30/06/2026;162443;86423;6;18;6;1;0;;;0
4;35724;MASC TRAT TOQUE DE SEDA 300G SEDA;PERFUMARIA E LIMPEZA;87622;30/06/2026;162443;86423;6;90;12;2;0;03/07/2026;MONIQUE;0
4;23021;SAB LIQ BELEZA AMAZONIA 370ML ERV DOCE;PERFUMARIA E LIMPEZA;87622;30/06/2026;162443;86423;12;36;12;1;0;03/07/2026;MONIQUE;23
4;8604;TINT COR E TON CHOC 6 7;PERFUMARIA E LIMPEZA;87622;30/06/2026;162443;86423;6;0;6;1;0;03/07/2026;MONIQUE;5
4;22916;REPARADOR PONTAS JAYLUC 30ML OLEO ARGAN;PERFUMARIA E LIMPEZA;87622;30/06/2026;162443;86423;24;49;24;1;0;03/07/2026;ALEXSANDER;27
4;8256;SH MONANGE 325ML LISOS TE QUERO;PERFUMARIA E LIMPEZA;87622;30/06/2026;162443;86423;12;252;12;1;0;03/07/2026;MONIQUE;0
4;19315;COT HASTES FLEX COTTONBABY PT 100UN;PERFUMARIA E LIMPEZA;87622;30/06/2026;162443;86423;1;17;1;1;0;03/07/2026;ALEXSANDER;58
4;16080;CHUP CEFISA SIL ORT T2;PERFUMARIA E LIMPEZA;87622;30/06/2026;162443;86423;24;192;24;1;0;03/07/2026;ALEXSANDER;16
4;7926;SABONETE LUX 85G FLOR DE VERBENA;PERFUMARIA E LIMPEZA;87622;30/06/2026;162443;86423;108;108;108;0;0;03/07/2026;BRUNO ANTUNES;-1
4;8427;SH350 COND PANTENE 175ML LISO;PERFUMARIA E LIMPEZA;87622;30/06/2026;162443;86423;6;6;6;1;1;03/07/2026;BRUNO ANTUNES;5
4;7943;SABON PALMOLIVE NATURALS 150G JASMIM E CACAU;PERFUMARIA E LIMPEZA;87622;30/06/2026;162443;86423;72;72;72;0;0;03/07/2026;BRUNO ANTUNES;21
4;36987;FARINHA MANDIOCA 500G DINDA;MERCEARIA;87622;30/06/2026;162443;86423;20;180;20;1;0;;;-19
4;2672;FARINHA MANDIOCA CBS 500G;MERCEARIA;87861;30/06/2026;163088;87078;12;0;60;5;0;;;6
4;15764;CESTA BASICA MED;MERCEARIA;87861;30/06/2026;163089;87078;1;0;10;10;0;;;0
4;33648;SAB LIQ MADE IN BRAZIL 1L AMEIXA;PERFUMARIA E LIMPEZA;87861;30/06/2026;163088;87078;12;0;24;2;2;03/07/2026;BRUNO ANTUNES;11
5;35588;CD SEDA 225ML TOQUE DE SEDA;PERFUMARIA E LIMPEZA;87624;30/06/2026;162444;86424;12;191;24;2;0;;;19
5;5254;CR DENTAL CLOSE UP 100G LIQUIFRESH RED HOT;PERFUMARIA E LIMPEZA;87624;30/06/2026;162444;86424;12;24;24;0;0;;;24
5;16844;CR DEN COLGATE T ACAO XTRA 120G WHITE;PERFUMARIA E LIMPEZA;87624;30/06/2026;162444;86424;72;24;72;1;0;;;-6
5;1849;DROPS FREEGELLS 27 9G EXTRA FORTE;MERCEARIA;87624;30/06/2026;162444;86424;12;1188;24;2;0;03/07/2026;AUGUSTO;-7
5;3414;BARRA CEREAL RITTER 22G CAST PARA;MERCEARIA;87624;30/06/2026;162444;86424;24;432;144;6;0;03/07/2026;AUGUSTO;155
5;3497;ESSENCIA GRAN FINALE 30ML BAUNILHA;MERCEARIA;87624;30/06/2026;162444;86424;12;0;12;1;0;03/07/2026;AUGUSTO;9
5;8604;TINT COR E TON CHOC 6 7;PERFUMARIA E LIMPEZA;87624;30/06/2026;162444;86424;6;0;6;1;0;;;13
5;5858;ESC DENTAL SORRISO MEDIA;PERFUMARIA E LIMPEZA;87624;30/06/2026;162444;86424;12;204;12;1;0;;;11
5;3542;MELHORADOR FLEISCHMANN SH 10G PAO CERTO;MERCEARIA;87624;30/06/2026;162444;86424;32;0;32;1;0;03/07/2026;AUGUSTO;24
5;24311;SH DARLING 2X1 650ML;PERFUMARIA E LIMPEZA;87624;30/06/2026;162444;86424;6;0;6;1;0;;;17
5;7922;SABONETE LUX 85G BUQUE D JASMIM;PERFUMARIA E LIMPEZA;87624;30/06/2026;162444;86424;108;2394;216;2;0;;;-11
5;10172;SAB LIQ SENSUS LUXO RF 220ML SEDUCAO;PERFUMARIA E LIMPEZA;87624;30/06/2026;162444;86424;18;108;18;1;0;;;16
5;10144;SAB FARNESE 180G AVEIA ESFOL;PERFUMARIA E LIMPEZA;87624;30/06/2026;162444;86424;36;468;216;6;0;;;69
5;1740;CHICLE FREEGELLS GUM 8G MORANGO;MERCEARIA;87624;30/06/2026;162444;86424;15;810;15;1;0;03/07/2026;AUGUSTO;6
5;3524;FERM QUIMICO PO FLEISCHMANN PT 100G;MERCEARIA;87624;30/06/2026;162444;86424;12;324;24;2;0;03/07/2026;AUGUSTO;9
5;36262;KIT SH CD SEDA 300ML 190ML TOQUE DE SEDA;PERFUMARIA E LIMPEZA;87624;30/06/2026;162444;86424;15;1230;45;3;0;;;58
5;23022;SAB LIQ BELEZA AMAZONIA 370ML FLORES CAMPO;PERFUMARIA E LIMPEZA;87624;30/06/2026;162444;86424;12;48;24;2;0;;;16
5;36228;FRALDA DESC PAMPERS CONF XG C 58;PERFUMARIA E LIMPEZA;87624;30/06/2026;162444;86424;2;120;2;0;0;;;2
5;3510;FERM BIO PO FLEISCHMANN SH LV 125G PG 100G;MERCEARIA;87624;30/06/2026;162444;86424;16;48;16;1;0;03/07/2026;AUGUSTO;21
5;6618;KIT SH SEDA SH 300 COND 190ML LUMINIOUS UV;PERFUMARIA E LIMPEZA;87624;30/06/2026;162444;86424;15;735;45;3;0;;;51
5;10146;SAB FARNESE 180G FLOR CER VANILA;PERFUMARIA E LIMPEZA;87624;30/06/2026;162444;86424;36;1548;108;3;0;;;86
5;1058;ALFAJOR EL AGUILA 60G CHOC;MERCEARIA;87624;30/06/2026;162444;86424;12;1032;12;0;0;03/07/2026;AUGUSTO;2
5;1296;CHOC BARRA NESTLE 80G GALAK GALAK;MERCEARIA;87624;30/06/2026;162444;86424;16;272;64;4;0;03/07/2026;ERICA;16
5;6225;GEL DENT SORRISO FRESH 90G HORTELA;PERFUMARIA E LIMPEZA;87624;30/06/2026;162444;86424;12;0;12;1;0;;;7
5;24314;SH DARLING DETOX 350ML;PERFUMARIA E LIMPEZA;87624;30/06/2026;162444;86424;6;0;18;3;0;;;21
5;1264;CHOC BARRA LACTA 80G LAKA OREO;MERCEARIA;87624;30/06/2026;162444;86424;17;0;17;1;0;03/07/2026;AUGUSTO;28
5;1893;DROPS FREEGELLS 27 6G MORANGO CHOC;MERCEARIA;87624;30/06/2026;162444;86424;12;288;24;2;0;03/07/2026;AUGUSTO;1
5;5850;ESC DENTAL ORAL B PRO;PERFUMARIA E LIMPEZA;87624;30/06/2026;162444;86424;12;36;72;6;0;;;14
5;6614;KIT SH SEDA SH 300 COND 190ML CACHOS DEFINIDO;PERFUMARIA E LIMPEZA;87624;30/06/2026;162444;86424;15;465;30;2;0;;;66
5;9233;CR TRAT VINI LADY SC 700G LISO INTENSO;PERFUMARIA E LIMPEZA;87624;30/06/2026;162444;86424;12;36;12;1;0;;;4
5;1742;CHICLE FREEGELLS GUM 8G EXTRA FORTE;MERCEARIA;87624;30/06/2026;162444;86424;15;0;30;2;0;03/07/2026;AUGUSTO;-9
5;1845;DROPS FREEGELLS 27 9G EUCALIPTO;MERCEARIA;87624;30/06/2026;162444;86424;12;756;12;1;0;03/07/2026;AUGUSTO;4
5;1276;CHOC BARRA GAROTO 80G MEIO AMARGO;MERCEARIA;87624;30/06/2026;162444;86424;16;0;16;1;0;03/07/2026;AUGUSTO;59
5;3377;CALDO KNORR 57G CARNE;MERCEARIA;87624;30/06/2026;162444;86424;10;0;10;1;0;03/07/2026;AUGUSTO;-9
5;4258;AP PROBAK II LV7 PG5;PERFUMARIA E LIMPEZA;87624;30/06/2026;162444;86424;1;57;2;2;0;;;111
5;22914;REPARADOR PONTAS JAYLUC 30ML BLIND QUERAT;PERFUMARIA E LIMPEZA;87624;30/06/2026;162444;86424;24;126;24;1;0;;;67
5;35581;CREME P PENT SEDA 300ML TOQUE DE SEDA;PERFUMARIA E LIMPEZA;87624;30/06/2026;162444;86424;12;156;12;1;0;;;20
5;5314;CR PENT SEDA 300ML SOS CERAMIDAS;PERFUMARIA E LIMPEZA;87624;30/06/2026;162444;86424;12;432;12;1;0;;;5
5;24358;SH SEDA ANT CASP HIDRATACAO DIARIA 325ML;PERFUMARIA E LIMPEZA;87624;30/06/2026;162444;86424;12;1176;24;2;0;;;41
5;1397;CHOC NESTLE CHOKITO 32G UN;MERCEARIA;87624;30/06/2026;162444;86424;30;0;30;1;0;03/07/2026;AUGUSTO;25
5;1314;CHOC LACTA 145G LAKA;MERCEARIA;87624;30/06/2026;162444;86424;12;0;12;1;0;03/07/2026;AUGUSTO;24
5;24313;SH DARLING CERAMIDAS 650ML;PERFUMARIA E LIMPEZA;87624;30/06/2026;162444;86424;6;0;24;4;0;;;11
5;2394;MILHO VERDE FUGINI SH 170G;MERCEARIA;87832;30/06/2026;162852;86725;36;1510;360;10;0;;;91
5;5692;DETERG YPE 500 ML NEUTRO;PERFUMARIA E LIMPEZA;87863;30/06/2026;163090;87082;24;0;72;3;0;02/07/2026;MURILO;0
6;13059;BANHEIRA ADOLETA INF 20L ROSA BEBE;PERFUMARIA E LIMPEZA;87626;30/06/2026;162445;86415;1;0;1;0;0;03/07/2026;AUGUSTO;2
6;4860;CHUPETA LOLLY T1 TIP AZUL;PERFUMARIA E LIMPEZA;87626;30/06/2026;162445;86415;1;0;6;6;0;;;6
6;8243;SH JAY LUC 1L CEREMIDAS S SAL;PERFUMARIA E LIMPEZA;87626;30/06/2026;162445;86415;12;36;12;1;1;03/07/2026;AUGUSTO;7
6;38616;CD SEDA COLAGENO VIT INT 250ML;PERFUMARIA E LIMPEZA;87626;30/06/2026;162445;86415;1;0;1;1;0;;;0
6;22706;RACAO DODOG PREMIUM POWER MIX 5KG;PRODUTOS PET;87626;30/06/2026;162445;86415;1;87;3;0;0;30/06/2026;MAYNARA;2
6;33666;SABONETE LUX 85G GARD E OLEO AME;PERFUMARIA E LIMPEZA;87626;30/06/2026;162445;86415;108;2484;108;0;0;03/07/2026;AUGUSTO;13
6;1267;CHOC BARRA LACTA 80G AMARO 40 CACAU;MERCEARIA;87626;30/06/2026;162445;86415;17;0;17;0;0;01/07/2026;EVERTON;28
6;3414;BARRA CEREAL RITTER 22G CAST PARA;MERCEARIA;87626;30/06/2026;162445;86415;24;432;24;0;0;01/07/2026;EVERTON;30
6;1276;CHOC BARRA GAROTO 80G MEIO AMARGO;MERCEARIA;87626;30/06/2026;162445;86415;16;0;16;0;0;01/07/2026;EVERTON;52
6;18738;FRALDA DESC BABYSEC ULTSEC MEGA M 38 UN;PERFUMARIA E LIMPEZA;87626;30/06/2026;162445;86415;6;30;6;1;1;03/07/2026;AUGUSTO;0
6;10194;SAB SENSUS BEAUTY ESSENCE 80G BOSQUES OCIDENT;PERFUMARIA E LIMPEZA;87626;30/06/2026;162445;86415;108;3772;108;1;1;03/07/2026;AUGUSTO;10
6;1745;CHICLE FREEGELLS GUM 8G MENTA;MERCEARIA;87626;30/06/2026;162445;86415;15;0;15;1;1;01/07/2026;EVERTON;0
6;8414;SH COND TRESEMME 350ML 175ML BRILHO LAMELAR;PERFUMARIA E LIMPEZA;87626;30/06/2026;162445;86415;16;31;16;1;0;;;16
6;38619;SH DOVE UMECTACAO E COCO 370ML;PERFUMARIA E LIMPEZA;87626;30/06/2026;162445;86415;1;0;1;1;0;;;0
6;8246;SH JAY LUC 1L NEUTRO;PERFUMARIA E LIMPEZA;87626;30/06/2026;162445;86415;12;120;12;1;0;;;14
6;1157;BALA FINI TUBES ARCO IRIS 80G;MERCEARIA;87626;30/06/2026;162445;86415;12;0;12;1;1;01/07/2026;EVERTON;0
6;3377;CALDO KNORR 57G CARNE;MERCEARIA;87626;30/06/2026;162445;86415;10;0;10;1;1;01/07/2026;EVERTON;13
6;24826;TINTURA BELAECOR 147G 66 26 MARSALA;PERFUMARIA E LIMPEZA;87626;30/06/2026;162445;86415;6;30;12;2;0;;;9
6;15640;COND DARLING 350ML DETOX;PERFUMARIA E LIMPEZA;87626;30/06/2026;162445;86415;6;0;6;0;0;03/07/2026;AUGUSTO;13
6;6234;GEL DENTAL CLOSE UP 90G ORIG RED HOT;PERFUMARIA E LIMPEZA;87626;30/06/2026;162445;86415;12;250;12;0;0;03/07/2026;AUGUSTO;18
6;1058;ALFAJOR EL AGUILA 60G CHOC;MERCEARIA;87626;30/06/2026;162445;86415;12;1032;12;0;0;01/07/2026;EVERTON;8
6;648;WHISKY MASTER GOLD VD 900ML;BEBIDAS;87626;30/06/2026;162445;86415;1;96;3;0;0;01/07/2026;EVERTON;2
6;3686;TEMP BICARBONATO SODIO APTI 100G;MERCEARIA;87626;30/06/2026;162445;86415;20;220;20;1;1;01/07/2026;EVERTON;11
6;3363;CALDO APTI 19G CARNE;MERCEARIA;87626;30/06/2026;162445;86415;24;4008;24;1;1;01/07/2026;EVERTON;44
6;24311;SH DARLING 2X1 650ML;PERFUMARIA E LIMPEZA;87626;30/06/2026;162445;86415;6;0;6;1;0;;;4
6;10178;SABON PALMOLIVE NATURALS 85G KARITE;PERFUMARIA E LIMPEZA;87626;30/06/2026;162445;86415;108;972;108;0;0;03/07/2026;AUGUSTO;53
6;6125;FRALDA CONFORTSEC PAMPERS XG 34UN;PERFUMARIA E LIMPEZA;87626;30/06/2026;162445;86415;4;0;4;0;0;03/07/2026;AUGUSTO;8
6;3881;ABS ALWAYS 32UN BASICO M SUAVE C ABAS;PERFUMARIA E LIMPEZA;87626;30/06/2026;162445;86415;8;16;8;0;0;03/07/2026;AUGUSTO;3
6;3431;SOPA GALINHA MAGGI 60G FIDELINI;MERCEARIA;87626;30/06/2026;162445;86415;10;9;10;0;0;01/07/2026;EVERTON;15
6;1269;CHOC BARRA LACTA 80G LAKA;MERCEARIA;87626;30/06/2026;162445;86415;17;0;17;0;0;01/07/2026;EVERTON;0
6;5275;CR DENTAL TANDY 50G MORANGO;PERFUMARIA E LIMPEZA;87626;30/06/2026;162445;86415;12;48;36;0;0;03/07/2026;AUGUSTO;-1
6;3428;CREME CEBOLA MAGGI 68G;MERCEARIA;87626;30/06/2026;162445;86415;12;0;12;1;1;01/07/2026;EVERTON;13
6;36262;KIT SH CD SEDA 300ML 190ML TOQUE DE SEDA;PERFUMARIA E LIMPEZA;87626;30/06/2026;162445;86415;15;1230;30;2;0;;;1
6;35675;ESC DENT COLGATE SENSITIVE;PERFUMARIA E LIMPEZA;87626;30/06/2026;162445;86415;1;0;1;1;0;;;5
6;35724;MASC TRAT TOQUE DE SEDA 300G SEDA;PERFUMARIA E LIMPEZA;87626;30/06/2026;162445;86415;6;90;6;1;0;;;0
6;8146;SH ANTIC CLEAR 200ML MEN HIDRATAC CAMPEA;PERFUMARIA E LIMPEZA;87626;30/06/2026;162445;86415;12;120;12;1;0;;;23
6;9587;DESOD SANIT ADES GOTA LIMPA 41G 7D EUCALIPTO;PERFUMARIA E LIMPEZA;87626;30/06/2026;162445;86415;12;0;12;1;0;;;5
6;24329;SH HEAD SHOULDERS 400ML HIDRATACAO;PERFUMARIA E LIMPEZA;87626;30/06/2026;162445;86415;6;6;12;2;0;;;4
6;22796;RATICIDA RODILON ISCA 25G;PERFUMARIA E LIMPEZA;87626;30/06/2026;162445;86415;40;160;40;0;0;03/07/2026;AUGUSTO;0
6;3805;PO P SORVETE APTI 120G CREME;MERCEARIA;87626;30/06/2026;162445;86415;12;0;12;0;0;01/07/2026;EVERTON;62
6;3542;MELHORADOR FLEISCHMANN SH 10G PAO CERTO;MERCEARIA;87626;30/06/2026;162445;86415;32;0;32;0;0;01/07/2026;EVERTON;-4
6;9540;FRALDA BABYSEC ULTRA JUMBINHO M 18 UN;PERFUMARIA E LIMPEZA;87626;30/06/2026;162445;86415;8;16;8;0;0;03/07/2026;AUGUSTO;4
6;12278;AGUA OXIG BUTTERF 20V 100ML;PERFUMARIA E LIMPEZA;87626;30/06/2026;162445;86415;12;0;12;1;0;;;5
6;12173;ABS GERIAMAX POS PARTO OPERAT C 20;PERFUMARIA E LIMPEZA;87626;30/06/2026;162445;86415;6;132;18;0;0;03/07/2026;AUGUSTO;7
7;5305;CR PENT SEDA 300ML JUNTINHOS CACHOS;PERFUMARIA E LIMPEZA;87628;30/06/2026;162446;86425;12;144;12;1;0;;;7
7;10148;SAB FARNESE 180G PITAYA FRAMB;PERFUMARIA E LIMPEZA;87628;30/06/2026;162446;86425;36;1044;108;3;0;;;87
7;2556;ERVA MATE PONCHE VERDE 500G NATIVA;MERCEARIA;87628;30/06/2026;162446;86425;20;53;20;0;0;04/07/2026;FERNANDO.H;17
7;19312;COT HASTES FLEX COTTONBABY C 75;PERFUMARIA E LIMPEZA;87628;30/06/2026;162446;86425;72;5112;72;1;0;;;9
7;36660;BLOQ ODORES AMAZON 60ML CAPIM LIMAO;PERFUMARIA E LIMPEZA;87628;30/06/2026;162446;86425;12;0;12;1;0;;;1
7;3433;SOPA CARNE MAGGI 63G CONCHINHAS;MERCEARIA;87628;30/06/2026;162446;86425;10;8;10;1;0;;;21
7;1058;ALFAJOR EL AGUILA 60G CHOC;MERCEARIA;87628;30/06/2026;162446;86425;12;1032;12;0;0;;;1
7;1498;CHOC KINDER JOY T1 20G;MERCEARIA;87628;30/06/2026;162446;86425;48;20;48;1;0;;;7
7;1745;CHICLE FREEGELLS GUM 8G MENTA;MERCEARIA;87628;30/06/2026;162446;86425;15;0;15;1;0;;;0
7;35724;MASC TRAT TOQUE DE SEDA 300G SEDA;PERFUMARIA E LIMPEZA;87628;30/06/2026;162446;86425;6;90;12;2;0;;;0
7;23022;SAB LIQ BELEZA AMAZONIA 370ML FLORES CAMPO;PERFUMARIA E LIMPEZA;87628;30/06/2026;162446;86425;12;48;12;1;0;;;16
7;8611;TINT COR E TON LOURO CL 8 0;PERFUMARIA E LIMPEZA;87628;30/06/2026;162446;86425;6;0;6;1;0;;;27
7;34564;CREME JOAO E MARIA 40G P ASSADURA;PERFUMARIA E LIMPEZA;87628;30/06/2026;162446;86425;1;0;1;1;0;;;0
7;7950;SABON PALMOLIVE NATURALS 150G TURMALINA;PERFUMARIA E LIMPEZA;87628;30/06/2026;162446;86425;72;0;72;1;0;;;4
7;1837;PAST DOCILE ROLLY MINTY 29G FRUIT;MERCEARIA;87628;30/06/2026;162446;86425;12;1464;12;1;0;;;13
7;24311;SH DARLING 2X1 650ML;PERFUMARIA E LIMPEZA;87628;30/06/2026;162446;86425;6;0;6;1;0;;;16
7;5314;CR PENT SEDA 300ML SOS CERAMIDAS;PERFUMARIA E LIMPEZA;87628;30/06/2026;162446;86425;12;432;24;2;0;;;0
7;24358;SH SEDA ANT CASP HIDRATACAO DIARIA 325ML;PERFUMARIA E LIMPEZA;87628;30/06/2026;162446;86425;12;1176;60;5;0;;;7
7;2777;ACUCAR CONFEITEIRO CBS 500G;NAO ALIMENTO;87628;30/06/2026;162446;86425;6;18;6;1;1;04/07/2026;FERNANDO.H;7
7;1262;CHOC LACTA RECH 98G OURO BRANCO;MERCEARIA;87628;30/06/2026;162446;86425;17;0;17;1;0;;;19
7;5272;CR DENTAL ORAL B 70G EXTRA FRESH;PERFUMARIA E LIMPEZA;87628;30/06/2026;162446;86425;48;192;48;1;0;;;19
7;8293;SH PANTENE 175ML QUERATINA;PERFUMARIA E LIMPEZA;87628;30/06/2026;162446;86425;6;48;6;1;0;;;14
7;33647;SAB LIQ MADE IN BRAZIL 1L ERVA DOCE;PERFUMARIA E LIMPEZA;87628;30/06/2026;162446;86425;12;216;12;1;0;;;12
7;24314;SH DARLING DETOX 350ML;PERFUMARIA E LIMPEZA;87628;30/06/2026;162446;86425;6;0;6;1;0;;;5
7;9546;FRALDA MILI JUMBINHO G 20UN;PERFUMARIA E LIMPEZA;87628;30/06/2026;162446;86425;9;720;9;1;0;;;0
7;23212;SAL MOIDO 5 ESTRELAS 1KG;MERCEARIA;87628;30/06/2026;162446;86425;10;13696;20;2;2;04/07/2026;FERNANDO.H;63
7;687;ESP GARIBALDI PRIMICIAS GF 660ML ROSE;BEBIDAS;87628;30/06/2026;162446;86425;1;0;1;1;0;;;13
7;5275;CR DENTAL TANDY 50G MORANGO;PERFUMARIA E LIMPEZA;87628;30/06/2026;162446;86425;12;48;12;1;0;;;0
7;25463;VODKA SPRITE ABSOLUT LT 269ML;BEBIDAS;87628;30/06/2026;162446;86425;6;0;6;0;0;02/07/2026;JESSICA;0
7;4259;AP PRESTOBARBA ULTRA GRIP 2UN;PERFUMARIA E LIMPEZA;87628;30/06/2026;162446;86425;12;0;24;2;0;;;26
7;7948;SABON PALMOLIVE NATURALS 150G OLEO ARGAN;PERFUMARIA E LIMPEZA;87628;30/06/2026;162446;86425;72;0;72;1;0;;;0
7;5271;CR DENTAL ORAL B 70G EXTRA BRANCO;PERFUMARIA E LIMPEZA;87628;30/06/2026;162446;86425;48;10872;48;1;0;;;23
7;2745;FARINHA TRIGO MARIA INES 1KG;MERCEARIA;87628;30/06/2026;162446;86425;10;-420;20;2;2;04/07/2026;FERNANDO.H;-304
7;5509;DESOD AERO AXE 152ML 90G MARINE;PERFUMARIA E LIMPEZA;87628;30/06/2026;162446;86425;12;1104;12;1;0;;;4
7;10171;SAB LIQ SENSUS LUXO RF 220ML HIDRATE;PERFUMARIA E LIMPEZA;87628;30/06/2026;162446;86425;18;180;18;1;0;;;16
7;17317;DESOD ROLLON REXONA 50ML XTRA COOL;PERFUMARIA E LIMPEZA;87628;30/06/2026;162446;86425;12;396;12;1;0;;;0
7;9751;LEITE SANTA CLARA UHT INT 1L;PERECIVEIS;87982;30/06/2026;163205;87083;12;94680;576;48;0;;;1711
8;5695;DETERG YPE 500ML COCO;PERFUMARIA E LIMPEZA;87630;30/06/2026;162447;86426;24;122;48;2;0;;;597
8;10172;SAB LIQ SENSUS LUXO RF 220ML SEDUCAO;PERFUMARIA E LIMPEZA;87630;30/06/2026;162447;86426;18;108;18;1;0;;;12
8;8246;SH JAY LUC 1L NEUTRO;PERFUMARIA E LIMPEZA;87630;30/06/2026;162447;86426;12;120;12;1;0;;;16
8;24330;SH HEAD SHOULDERS 400ML PREV CONTR QUE;PERFUMARIA E LIMPEZA;87630;30/06/2026;162447;86426;6;6;12;2;0;03/07/2026;ALEX JARDIM;9
8;12528;AP GILLETTE C 8 L8P6;PERFUMARIA E LIMPEZA;87630;30/06/2026;162447;86426;3;16;9;3;0;03/07/2026;ALEX JARDIM;-1
8;2672;FARINHA MANDIOCA CBS 500G;MERCEARIA;87630;30/06/2026;162447;86426;12;0;12;1;0;;;5
8;528;ICE DRINK PET 275ML LIMAO;BEBIDAS;87630;30/06/2026;162447;86426;12;12;12;0;0;02/07/2026;JESSICA;17
8;38619;SH DOVE UMECTACAO E COCO 370ML;PERFUMARIA E LIMPEZA;87630;30/06/2026;162447;86426;1;0;1;1;0;;;0
8;19315;COT HASTES FLEX COTTONBABY PT 100UN;PERFUMARIA E LIMPEZA;87630;30/06/2026;162447;86426;1;17;1;1;0;03/07/2026;ALEX JARDIM;45
8;12523;AP CORPO C 2;PERFUMARIA E LIMPEZA;87630;30/06/2026;162447;86426;12;59;12;1;0;03/07/2026;ALEX JARDIM;10
8;4246;AP PRESTOBARBA 3 2UN MASC;PERFUMARIA E LIMPEZA;87630;30/06/2026;162447;86426;12;444;108;9;0;03/07/2026;ALEX JARDIM;8
8;9754;HID LEITE PAIXAO 200ML FRAMB NEGRA;PERFUMARIA E LIMPEZA;87630;30/06/2026;162447;86426;24;0;24;1;0;03/07/2026;ALEX JARDIM;7
8;7948;SABON PALMOLIVE NATURALS 150G OLEO ARGAN;PERFUMARIA E LIMPEZA;87630;30/06/2026;162447;86426;72;0;72;1;0;;;28
8;10149;SAB FARNESE 180G PURO HIDR;PERFUMARIA E LIMPEZA;87630;30/06/2026;162447;86426;36;504;36;1;0;;;169
8;7926;SABONETE LUX 85G FLOR DE VERBENA;PERFUMARIA E LIMPEZA;87630;30/06/2026;162447;86426;108;108;108;1;0;;;45
8;19791;KIT SH CD NEUTROX 300ML 200ML CLASSICO;PERFUMARIA E LIMPEZA;87630;30/06/2026;162447;86426;12;264;12;1;0;;;97
8;10145;SAB FARNESE 180G ERV DOCE VERB;PERFUMARIA E LIMPEZA;87630;30/06/2026;162447;86426;36;1224;36;1;0;;;147
8;687;ESP GARIBALDI PRIMICIAS GF 660ML ROSE;BEBIDAS;87630;30/06/2026;162447;86426;1;0;1;1;0;;;6
8;35113;KIT SH CD PANTENE 300 150ML BOND REPAIR;PERFUMARIA E LIMPEZA;87630;30/06/2026;162447;86426;6;108;6;1;0;;;1
8;4254;AP PRESTOBARBA 3 LV4 PG3 MASCULINO;PERFUMARIA E LIMPEZA;87630;30/06/2026;162447;86426;6;516;54;9;0;03/07/2026;ALEX JARDIM;-1
8;24638;TCO CORP JAYLUC 80G JASMIN;PERFUMARIA E LIMPEZA;87630;30/06/2026;162447;86426;12;48;12;1;0;03/07/2026;ALEX JARDIM;20
8;34564;CREME JOAO E MARIA 40G P ASSADURA;PERFUMARIA E LIMPEZA;87630;30/06/2026;162447;86426;1;0;1;1;0;03/07/2026;ALEX JARDIM;16
8;5691;DETERG YPE 500 ML CLEAR;PERFUMARIA E LIMPEZA;87630;30/06/2026;162447;86426;24;46;24;1;0;;;0
8;9145;COND SEDA GLYCOL VIT C 425ML;PERFUMARIA E LIMPEZA;87630;30/06/2026;162447;86426;12;9;12;1;0;;;0
8;1743;CHICLE FREEGELLS GUM 8G CANELA;MERCEARIA;87630;30/06/2026;162447;86426;15;0;15;1;0;;;7
8;648;WHISKY MASTER GOLD VD 900ML;BEBIDAS;87630;30/06/2026;162447;86426;1;96;5;5;0;;;-1
8;38616;CD SEDA COLAGENO VIT INT 250ML;PERFUMARIA E LIMPEZA;87630;30/06/2026;162447;86426;1;0;1;1;0;;;0
8;6996;LOC HID MONANGE 200ML FLOR DE LAVANDA;PERFUMARIA E LIMPEZA;87630;30/06/2026;162447;86426;24;264;24;1;0;03/07/2026;ALEX JARDIM;17
8;7490;POMADA NUGGET 36G PRETA;PERFUMARIA E LIMPEZA;87630;30/06/2026;162447;86426;12;0;12;1;0;03/07/2026;ALEX JARDIM;33
8;5510;DESOD AERO AXE 152ML 90G MUSK;PERFUMARIA E LIMPEZA;87630;30/06/2026;162447;86426;12;864;12;1;0;;;23
8;3497;ESSENCIA GRAN FINALE 30ML BAUNILHA;MERCEARIA;87630;30/06/2026;162447;86426;12;0;12;1;0;;;7
8;7884;SABONETE DOVE 90G PELE SENSIVEL;PERFUMARIA E LIMPEZA;87630;30/06/2026;162447;86426;48;2709;48;1;0;;;216
8;4252;AP PRESTOBARBA 3 LV4 PG3 CORPO;PERFUMARIA E LIMPEZA;87630;30/06/2026;162447;86426;6;0;12;2;0;03/07/2026;ALEX JARDIM;6
8;17025;CURATIVO COTTONBABY 10UN TRAD;PERFUMARIA E LIMPEZA;87630;30/06/2026;162447;86426;36;0;36;1;0;03/07/2026;ALEX JARDIM;60
8;24639;TCO CORP JAYLUC 80G ROSAS;PERFUMARIA E LIMPEZA;87630;30/06/2026;162447;86426;12;60;12;1;0;03/07/2026;ALEX JARDIM;21
8;10146;SAB FARNESE 180G FLOR CER VANILA;PERFUMARIA E LIMPEZA;87630;30/06/2026;162447;86426;36;1548;36;1;0;;;144
8;34830;MASC TRATAMENTO SEDA 300G BRILHO CERAMIDA;PERFUMARIA E LIMPEZA;87630;30/06/2026;162447;86426;6;30;12;2;0;;;7
8;2368;FEIJAO VERMELHO SERRA URUGUAI 500G;MERCEARIA;87630;30/06/2026;162447;86426;20;659;20;1;0;;;-22
8;655;WHISKY PASSPORT VD 1L;BEBIDAS;87630;30/06/2026;162447;86426;1;75;4;4;0;;;6
8;3686;TEMP BICARBONATO SODIO APTI 100G;MERCEARIA;87630;30/06/2026;162447;86426;20;220;20;1;0;;;19
8;4255;AP PRESTOBARBA 3 LV4 PG3 SENSECA;PERFUMARIA E LIMPEZA;87630;30/06/2026;162447;86426;6;216;48;8;0;;;4
8;24311;SH DARLING 2X1 650ML;PERFUMARIA E LIMPEZA;87630;30/06/2026;162447;86426;6;0;18;3;0;;;22
8;24323;SH GENIAL PET 2 EM 1 500ML;PRODUTOS PET;87630;30/06/2026;162447;86426;1;0;1;1;0;03/07/2026;ALEX JARDIM;5
8;3893;ABS C ABAS DIA NOITE 32 UN SUAVE;PERFUMARIA E LIMPEZA;87630;30/06/2026;162447;86426;16;191;32;2;0;02/07/2026;MURILO;1
8;3414;BARRA CEREAL RITTER 22G CAST PARA;MERCEARIA;87630;30/06/2026;162447;86426;24;432;48;2;0;;;44
11;396;ENERG MONSTER LT 473ML ULTRA;BEBIDAS;87632;30/06/2026;162448;86418;6;69;36;6;0;;;9
11;648;WHISKY MASTER GOLD VD 900ML;BEBIDAS;87632;30/06/2026;162448;86418;1;96;3;3;0;03/07/2026;JESSICA M;13
11;33374;DESO AERO AXE 200ML APO VET E MANDA;PERFUMARIA E LIMPEZA;87632;30/06/2026;162448;86418;12;804;12;1;0;03/07/2026;JESSICA M;12
11;16844;CR DEN COLGATE T ACAO XTRA 120G WHITE;PERFUMARIA E LIMPEZA;87632;30/06/2026;162448;86418;72;24;72;1;0;;;0
11;1893;DROPS FREEGELLS 27 6G MORANGO CHOC;MERCEARIA;87632;30/06/2026;162448;86418;12;288;24;2;0;03/07/2026;JESSICA M;0
11;3542;MELHORADOR FLEISCHMANN SH 10G PAO CERTO;MERCEARIA;87632;30/06/2026;162448;86418;32;0;32;1;0;03/07/2026;JESSICA M;0
11;5521;DESOD AERO BOZZANO 90G ANTIBAC FRESH;PERFUMARIA E LIMPEZA;87632;30/06/2026;162448;86418;12;360;12;1;0;03/07/2026;JESSICA M;8
11;8243;SH JAY LUC 1L CEREMIDAS S SAL;PERFUMARIA E LIMPEZA;87632;30/06/2026;162448;86418;12;36;12;1;0;;;9
11;24358;SH SEDA ANT CASP HIDRATACAO DIARIA 325ML;PERFUMARIA E LIMPEZA;87632;30/06/2026;162448;86418;12;1176;12;1;0;;;19
11;3384;CALDO GALINHA APTI 57G;MERCEARIA;87632;30/06/2026;162448;86418;120;0;120;1;0;03/07/2026;JESSICA M;17
11;1849;DROPS FREEGELLS 27 9G EXTRA FORTE;MERCEARIA;87632;30/06/2026;162448;86418;12;1188;24;2;0;03/07/2026;JESSICA M;-10
11;9983;DESOD SANIT GOTA LIMPA 25G EUCALIPTO;PERFUMARIA E LIMPEZA;87632;30/06/2026;162448;86418;48;48;96;2;0;03/07/2026;JESSICA M;51
11;17308;DESOD ROLLON REXONA 50ML F COTTON;PERFUMARIA E LIMPEZA;87632;30/06/2026;162448;86418;12;420;12;1;0;03/07/2026;JESSICA M;14
11;762;REFRIG COCA COLA PET 200ML;BEBIDAS;87632;30/06/2026;162448;86418;12;432;12;1;0;;;0
11;7927;SABONETE LUX 85G LAVANDA;PERFUMARIA E LIMPEZA;87632;30/06/2026;162448;86418;108;2808;108;1;0;;;114
11;5173;CORANTE TINGECOR 40G GUARANY PRETO N31;PERFUMARIA E LIMPEZA;87632;30/06/2026;162448;86418;6;0;6;0;0;30/06/2026;MAYNARA;7
11;1845;DROPS FREEGELLS 27 9G EUCALIPTO;MERCEARIA;87632;30/06/2026;162448;86418;12;756;24;2;0;03/07/2026;JESSICA M;-12
11;1372;CHOC CROCANTE GAROTO 25G;MERCEARIA;87632;30/06/2026;162448;86418;30;0;30;1;0;03/07/2026;JESSICA M;35
11;1852;DROPS FREEGELLS 27 9G MENTA;MERCEARIA;87632;30/06/2026;162448;86418;12;708;24;2;0;03/07/2026;JESSICA M;-12
11;1745;CHICLE FREEGELLS GUM 8G MENTA;MERCEARIA;87632;30/06/2026;162448;86418;15;0;15;1;0;03/07/2026;JESSICA M;9
11;8608;TINT COR E TON LOU ESC ACI 6 1;PERFUMARIA E LIMPEZA;87632;30/06/2026;162448;86418;6;0;6;1;0;03/07/2026;JESSICA M;0
11;7925;SABONETE LUX 85G FLOR DE LOTUS;PERFUMARIA E LIMPEZA;87632;30/06/2026;162448;86418;108;3456;216;2;0;;;2
11;33648;SAB LIQ MADE IN BRAZIL 1L AMEIXA;PERFUMARIA E LIMPEZA;87632;30/06/2026;162448;86418;12;0;12;1;0;;;8
11;3400;BARRA CEREAL RITTER 25G BAN AVEIA MEL;MERCEARIA;87632;30/06/2026;162448;86418;24;0;24;1;0;03/07/2026;JESSICA M;29
11;1276;CHOC BARRA GAROTO 80G MEIO AMARGO;MERCEARIA;87632;30/06/2026;162448;86418;16;0;16;1;0;03/07/2026;JESSICA M;29
11;8965;CARVAO CHAMA CAMPEIRA 3KG;NAO ALIMENTO;87632;30/06/2026;162448;86418;1;76;6;6;0;;;0
11;827;REFRIG PEPSI TWIST PET 2L;BEBIDAS;87632;30/06/2026;162448;86418;8;1264;8;1;0;;;20
11;102;CERV ANTARCTICA SUBZERO GF 1L RETORNAVEL;BEBIDAS;87632;30/06/2026;162448;86418;12;984;12;1;0;;;21
11;813;REFRIGC COLA FRUKI PET 2 L COLA;BEBIDAS;87632;30/06/2026;162448;86418;6;0;12;2;0;;;21
11;289;CERV SOL PREMIUM LN 330ML;BEBIDAS;87632;30/06/2026;162448;86418;24;60;24;1;0;;;0
11;33889;KIT SH CD DOVE 350ML 175ML HIALURON VIT;PERFUMARIA E LIMPEZA;87632;30/06/2026;162448;86418;8;80;8;1;0;03/07/2026;JESSICA M;13
11;36077;KIT SH CD SALON LINE 300ML OLEO DE COCO;PERFUMARIA E LIMPEZA;87632;30/06/2026;162448;86418;6;1;6;1;0;03/07/2026;JESSICA M;0
11;38552;RACAO RANGO DOG 5KG;PRODUTOS PET;87632;30/06/2026;162448;86418;1;916;100;100;0;30/06/2026;MAYNARA;101
11;24314;SH DARLING DETOX 350ML;PERFUMARIA E LIMPEZA;87632;30/06/2026;162448;86418;6;0;12;2;0;;;7
11;34831;MASC TRATAMENTO SEDA 300G LISO PERFEITO;PERFUMARIA E LIMPEZA;87632;30/06/2026;162448;86418;6;90;6;1;0;;;12
11;3686;TEMP BICARBONATO SODIO APTI 100G;MERCEARIA;87632;30/06/2026;162448;86418;20;220;20;1;0;03/07/2026;JESSICA M;5
11;3635;SAL MOIDO CBS 1KG;MERCEARIA;87632;30/06/2026;162448;86418;10;2764;10;1;0;;;-20
11;3414;BARRA CEREAL RITTER 22G CAST PARA;MERCEARIA;87632;30/06/2026;162448;86418;24;432;48;2;0;03/07/2026;JESSICA M;25
11;3893;ABS C ABAS DIA NOITE 32 UN SUAVE;PERFUMARIA E LIMPEZA;87632;30/06/2026;162448;86418;16;191;16;0;0;;JESUS;0
11;36199;SAB LIQ MADE IN BRAZIL 1L CHA BCO;PERFUMARIA E LIMPEZA;87632;30/06/2026;162448;86418;12;0;24;2;0;03/07/2026;JESSICA M;12
11;22118;POM MASSAG BIO CANELA VELHO 150ML;PERFUMARIA E LIMPEZA;87632;30/06/2026;162448;86418;12;420;12;1;0;03/07/2026;JESSICA M;0
11;4466;BLOCO SANIT HIGISOL 35G ACOP FLORAL;PERFUMARIA E LIMPEZA;87632;30/06/2026;162448;86418;12;0;12;1;0;03/07/2026;JESSICA M;7
11;5022;COND PANTENE 150ML EQUIL ALGA MAR;PERFUMARIA E LIMPEZA;87632;30/06/2026;162448;86418;12;0;12;1;0;03/07/2026;JESSICA M;6
11;24311;SH DARLING 2X1 650ML;PERFUMARIA E LIMPEZA;87632;30/06/2026;162448;86418;6;0;12;2;0;03/07/2026;JESSICA M;2
11;5269;CR DENTAL ORAL B 123 70G;PERFUMARIA E LIMPEZA;87632;30/06/2026;162448;86418;108;6524;108;1;0;;;108
11;10241;SH DARLING 350ML TILIA;PERFUMARIA E LIMPEZA;87632;30/06/2026;162448;86418;6;0;6;1;0;03/07/2026;JESSICA M;9
11;8246;SH JAY LUC 1L NEUTRO;PERFUMARIA E LIMPEZA;87632;30/06/2026;162448;86418;12;120;12;1;0;03/07/2026;JESSICA M;13
11;10196;SAB SENSUS BEAUTY ESSENCE 80G FOR MEN;PERFUMARIA E LIMPEZA;87632;30/06/2026;162448;86418;108;2376;108;1;0;03/07/2026;JESSICA M;-12
11;22706;RACAO DODOG PREMIUM POWER MIX 5KG;PRODUTOS PET;87632;30/06/2026;162448;86418;1;87;3;3;0;30/06/2026;MAYNARA;3
11;35588;CD SEDA 225ML TOQUE DE SEDA;PERFUMARIA E LIMPEZA;87632;30/06/2026;162448;86418;12;191;12;1;0;;;10
11;18741;FRALDA DESC FERINHA HIPER C 42 GG;PERFUMARIA E LIMPEZA;87632;30/06/2026;162448;86418;6;2;6;1;0;;;4
11;3510;FERM BIO PO FLEISCHMANN SH LV 125G PG 100G;MERCEARIA;87632;30/06/2026;162448;86418;16;48;64;4;0;03/07/2026;JESSICA M;0
11;1292;CHOC BARRA NESTLE 80G MEIO AMARGO;MERCEARIA;88030;30/06/2026;163367;87071;16;224;80;5;0;01/07/2026;MONIQUE;38
12;1852;DROPS FREEGELLS 27 9G MENTA;MERCEARIA;87634;30/06/2026;162449;86419;12;708;12;1;0;03/07/2026;AUGUSTO;6
12;38563;KIT SH CD NEUTROX 300ML 200ML OLEOS;PERFUMARIA E LIMPEZA;87634;30/06/2026;162449;86419;12;60;24;0;0;04/07/2026;AUGUSTO;0
12;5235;CR DEN ORAL B 70G 3D WHIT BRI FRESH;PERFUMARIA E LIMPEZA;87634;30/06/2026;162449;86419;6;540;6;1;0;;;0
12;1157;BALA FINI TUBES ARCO IRIS 80G;MERCEARIA;87634;30/06/2026;162449;86419;12;0;12;1;0;03/07/2026;AUGUSTO;0
12;5551;DESOD AERO MONANGE 90G FLOR DE LAVANDA;PERFUMARIA E LIMPEZA;87634;30/06/2026;162449;86419;12;456;12;1;1;04/07/2026;AUGUSTO;9
12;10197;SAB SENSUS BEAUTY ESSENCE 80G JARDINS TURQUIA;PERFUMARIA E LIMPEZA;87634;30/06/2026;162449;86419;108;3888;108;1;1;04/07/2026;AUGUSTO;46
12;23091;SAB LIQ SENSUS LUXO 220ML HIDRATE;PERFUMARIA E LIMPEZA;87634;30/06/2026;162449;86419;12;204;12;1;1;04/07/2026;AUGUSTO;12
12;5028;COND PANTENE 175ML HIDRATACAO;PERFUMARIA E LIMPEZA;87634;30/06/2026;162449;86419;6;2;6;1;0;;;12
12;1289;CHOC BARRA NESTLE 80G PRESTIGIO;MERCEARIA;87634;30/06/2026;162449;86419;16;32;16;1;0;;;7
12;1983;CAPPUCCINO PRONTO 3C 260ML CLASSIC;MERCEARIA;87634;30/06/2026;162449;86419;6;6;6;1;0;03/07/2026;AUGUSTO;0
12;5250;CR DENT CLOSE UP 70G TRIPLE HORTELA;PERFUMARIA E LIMPEZA;87634;30/06/2026;162449;86419;72;2448;72;1;1;04/07/2026;AUGUSTO;0
12;6226;GEL DENT SORRISO FRESH 90G MENTHOL IMPACT;PERFUMARIA E LIMPEZA;87634;30/06/2026;162449;86419;12;12;24;2;0;;;61
12;3510;FERM BIO PO FLEISCHMANN SH LV 125G PG 100G;MERCEARIA;87634;30/06/2026;162449;86419;16;48;16;1;0;03/07/2026;AUGUSTO;6
12;1271;CHOC BARRA GAROTO 80G CROCANTE;MERCEARIA;87634;30/06/2026;162449;86419;16;160;160;10;0;03/07/2026;AUGUSTO;38
12;24311;SH DARLING 2X1 650ML;PERFUMARIA E LIMPEZA;87634;30/06/2026;162449;86419;6;0;6;1;0;;;0
12;5226;CR DENT COLGATE T ACAO 90G ORIG;PERFUMARIA E LIMPEZA;87634;30/06/2026;162449;86419;144;144;144;0;0;04/07/2026;AUGUSTO;0
12;23023;SAB LIQ BELEZA AMAZONIA 370ML FRUTAS VRM;PERFUMARIA E LIMPEZA;87634;30/06/2026;162449;86419;12;23;12;0;0;04/07/2026;AUGUSTO;7
12;3497;ESSENCIA GRAN FINALE 30ML BAUNILHA;MERCEARIA;87634;30/06/2026;162449;86419;12;0;12;1;0;03/07/2026;AUGUSTO;0
12;3422;CALDO KNOR 57G COSTELA;MERCEARIA;87634;30/06/2026;162449;86419;10;9;10;1;0;03/07/2026;AUGUSTO;13
12;12491;AP BIC 3 INTENSITY C 2;PERFUMARIA E LIMPEZA;87634;30/06/2026;162449;86419;12;0;12;1;0;;;1
12;6234;GEL DENTAL CLOSE UP 90G ORIG RED HOT;PERFUMARIA E LIMPEZA;87634;30/06/2026;162449;86419;12;250;24;0;0;04/07/2026;AUGUSTO;20
12;6126;FRALDA CONFORTSEC PAMPERS G 38UN;PERFUMARIA E LIMPEZA;87634;30/06/2026;162449;86419;4;4;4;0;0;04/07/2026;AUGUSTO;2
12;3414;BARRA CEREAL RITTER 22G CAST PARA;MERCEARIA;87634;30/06/2026;162449;86419;24;432;24;1;0;03/07/2026;AUGUSTO;47
12;4246;AP PRESTOBARBA 3 2UN MASC;PERFUMARIA E LIMPEZA;87634;30/06/2026;162449;86419;12;444;36;3;0;;;0
12;6614;KIT SH SEDA SH 300 COND 190ML CACHOS DEFINIDO;PERFUMARIA E LIMPEZA;87634;30/06/2026;162449;86419;15;465;15;0;0;04/07/2026;AUGUSTO;5
12;10193;SAB SENSUS BEAUTY ESSENCE 80G AMANHECER PERS;PERFUMARIA E LIMPEZA;87634;30/06/2026;162449;86419;108;2376;108;1;0;;;34
12;3542;MELHORADOR FLEISCHMANN SH 10G PAO CERTO;MERCEARIA;87634;30/06/2026;162449;86419;32;0;32;1;0;03/07/2026;AUGUSTO;0
12;33666;SABONETE LUX 85G GARD E OLEO AME;PERFUMARIA E LIMPEZA;87634;30/06/2026;162449;86419;108;2484;108;0;0;04/07/2026;AUGUSTO;3
12;23028;SAB LIQ BEM ESTAR RF 300ML ERVA DOCE;PERFUMARIA E LIMPEZA;87634;30/06/2026;162449;86419;12;0;12;1;1;04/07/2026;AUGUSTO;1
12;9233;CR TRAT VINI LADY SC 700G LISO INTENSO;PERFUMARIA E LIMPEZA;87634;30/06/2026;162449;86419;12;36;12;1;1;04/07/2026;AUGUSTO;4
12;2808;POLENTA CBS 500G PRE COZIDA;MERCEARIA;87803;30/06/2026;162776;86931;12;0;24;0;0;30/06/2026;EVERTON;2
12;2348;FEIJAO PRETO ARBAZA TP1 1KG;MERCEARIA;87803;30/06/2026;162776;86931;30;7322;450;15;15;30/06/2026;EVERTON;344
12;3229;SALG BATATA PRINGLES 105G CHEDDAR BACON;MERCEARIA;87803;30/06/2026;162776;86931;18;54;36;0;0;01/07/2026;JOCELAINE;0
12;3808;POLVILHO AZEDO CBS 400G;MERCEARIA;87803;30/06/2026;162776;86931;12;12;12;0;0;30/06/2026;EVERTON;16
12;2762;FARINHA TRIGO MARIA INES 5KG PASTEL;MERCEARIA;87803;30/06/2026;162776;86931;5;15;10;0;0;30/06/2026;EVERTON;2
12;2747;FARINHA TRIGO ROSESOL 5KG;MERCEARIA;87803;30/06/2026;162776;86931;5;55;15;0;0;30/06/2026;EVERTON;7
12;2817;FARINHA KIPOLENTA YOKI 500G;MERCEARIA;87803;30/06/2026;162776;86931;24;74;24;0;0;30/06/2026;EVERTON;10
12;825;REFRIG PEPSI PET 2L;BEBIDAS;87874;30/06/2026;163100;86931;8;1784;24;0;0;02/07/2026;ALEXANDRE;-11
12;1238;CHOC BARRA NEUGEBAUER 80G MEIO AMARGO;MERCEARIA;87874;30/06/2026;163100;86931;64;180;128;0;0;01/07/2026;JOCELAINE;137
12;15764;CESTA BASICA MED;MERCEARIA;87874;30/06/2026;163101;86931;1;0;6;6;6;30/06/2026;EVERTON;2
12;762;REFRIG COCA COLA PET 200ML;BEBIDAS;87874;30/06/2026;163100;86931;12;432;180;0;0;02/07/2026;ALEXANDRE;53
13;3542;MELHORADOR FLEISCHMANN SH 10G PAO CERTO;MERCEARIA;87636;30/06/2026;162450;86420;32;0;32;1;0;03/07/2026;AUGUSTO;1
13;7241;ESC DENTAL ORAL B INDICA BLACK L2P1;PERFUMARIA E LIMPEZA;87636;30/06/2026;162450;86420;12;144;24;2;0;04/07/2026;ALEX JARDIM;0
13;24311;SH DARLING 2X1 650ML;PERFUMARIA E LIMPEZA;87636;30/06/2026;162450;86420;6;0;6;1;0;;;6
13;21883;PENTE PINCEL M BONI;PERFUMARIA E LIMPEZA;87636;30/06/2026;162450;86420;12;72;12;1;0;04/07/2026;ALEX JARDIM;8
13;8299;SH PANTENE 300ML BIOTINAMINA;PERFUMARIA E LIMPEZA;87636;30/06/2026;162450;86420;6;54;12;2;0;04/07/2026;ALEX JARDIM;10
13;764;REFRIG COCA COLA PET 200ML ZERO;BEBIDAS;87636;30/06/2026;162450;86420;12;1298;24;0;0;02/07/2026;JOCELAINE;16
13;33887;KIT SH CD DOVE 350ML 175ML AMINOACIDO;PERFUMARIA E LIMPEZA;87636;30/06/2026;162450;86420;8;48;8;1;0;;;0
13;9724;LAMINA WILKINSON BARBEAR 3UN;PERFUMARIA E LIMPEZA;87636;30/06/2026;162450;86420;20;0;20;1;0;04/07/2026;ALEX JARDIM;14
13;22903;REMOV ESM AMAZONIA 80ML;PERFUMARIA E LIMPEZA;87636;30/06/2026;162450;86420;12;516;12;1;0;04/07/2026;ALEX JARDIM;-2
13;7875;SABONETE DOVE 90G ERVA DOCE;PERFUMARIA E LIMPEZA;87636;30/06/2026;162450;86420;48;2565;48;1;0;;;97
13;5653;DESOD ROLLON NIVEA 50ML FM IN B W CLEAR;PERFUMARIA E LIMPEZA;87636;30/06/2026;162450;86420;12;0;12;1;0;;;14
13;3497;ESSENCIA GRAN FINALE 30ML BAUNILHA;MERCEARIA;87636;30/06/2026;162450;86420;12;0;12;1;0;03/07/2026;AUGUSTO;8
13;1748;CHICLE FREEGELLS GUM 8G HORTELA;MERCEARIA;87636;30/06/2026;162450;86420;15;0;15;1;0;03/07/2026;AUGUSTO;7
13;17026;CURATIVO COTTONBABY 35UN TRAD;PERFUMARIA E LIMPEZA;87636;30/06/2026;162450;86420;36;0;36;1;0;04/07/2026;ALEX JARDIM;57
13;7232;OLEO KING 100ML MULTIUSO;PERFUMARIA E LIMPEZA;87636;30/06/2026;162450;86420;6;36;6;1;0;04/07/2026;ALEX JARDIM;24
13;1264;CHOC BARRA LACTA 80G LAKA OREO;MERCEARIA;87636;30/06/2026;162450;86420;17;0;17;1;0;03/07/2026;AUGUSTO;5
13;1743;CHICLE FREEGELLS GUM 8G CANELA;MERCEARIA;87636;30/06/2026;162450;86420;15;0;15;1;0;03/07/2026;AUGUSTO;-13
13;647;WHISKY GREEN VALLEY VD 1L;BEBIDAS;87636;30/06/2026;162450;86420;1;0;1;1;0;03/07/2026;AUGUSTO;0
13;4893;SH ANTIC CLEAR L400P330 LIM DIAR 2 1;PERFUMARIA E LIMPEZA;87636;30/06/2026;162450;86420;12;228;12;1;0;;;24
13;38619;SH DOVE UMECTACAO E COCO 370ML;PERFUMARIA E LIMPEZA;87636;30/06/2026;162450;86420;1;0;1;1;0;;;1
13;24320;SH ELSEVE 400ML LOREAL GLYCOLI;PERFUMARIA E LIMPEZA;87636;30/06/2026;162450;86420;12;0;12;1;0;;;0
13;35687;DESOD CREME SECRET CLEAR COTT 45G GEL;PERFUMARIA E LIMPEZA;87636;30/06/2026;162450;86420;1;2;1;5;0;04/07/2026;ALEX JARDIM;5
13;13514;BLO LIXA P UNHA BONITTA;PERFUMARIA E LIMPEZA;87636;30/06/2026;162450;86420;1;0;1;1;0;04/07/2026;ALEX JARDIM;3
13;1745;CHICLE FREEGELLS GUM 8G MENTA;MERCEARIA;87636;30/06/2026;162450;86420;15;0;15;1;0;03/07/2026;AUGUSTO;2
13;3635;SAL MOIDO CBS 1KG;MERCEARIA;87636;30/06/2026;162450;86420;10;2764;10;1;0;;;55
13;37774;DESOD AERO DOVE FIFA ENERGY 150ML;PERFUMARIA E LIMPEZA;87636;30/06/2026;162450;86420;12;0;12;1;0;;;47
13;12279;AGUA OXIG BUTTERF 30V 100ML;PERFUMARIA E LIMPEZA;87636;30/06/2026;162450;86420;12;0;12;1;0;04/07/2026;ALEX JARDIM;21
13;1845;DROPS FREEGELLS 27 9G EUCALIPTO;MERCEARIA;87636;30/06/2026;162450;86420;12;756;24;2;0;03/07/2026;AUGUSTO;-7
13;3363;CALDO APTI 19G CARNE;MERCEARIA;87636;30/06/2026;162450;86420;24;4008;24;1;0;03/07/2026;AUGUSTO;53
13;38616;CD SEDA COLAGENO VIT INT 250ML;PERFUMARIA E LIMPEZA;87636;30/06/2026;162450;86420;1;0;1;1;0;;;1
13;8622;TINT COR E TON PRETO 2 0;PERFUMARIA E LIMPEZA;87636;30/06/2026;162450;86420;6;0;6;1;0;;;14
13;8235;SH HEAD SHOULD 400ML 3X1;PERFUMARIA E LIMPEZA;87636;30/06/2026;162450;86420;6;30;12;2;0;04/07/2026;ALEX JARDIM;12
13;8293;SH PANTENE 175ML QUERATINA;PERFUMARIA E LIMPEZA;87636;30/06/2026;162450;86420;6;48;12;2;0;04/07/2026;ALEX JARDIM;5
13;1498;CHOC KINDER JOY T1 20G;MERCEARIA;87636;30/06/2026;162450;86420;48;20;48;1;0;03/07/2026;AUGUSTO;-24
13;3510;FERM BIO PO FLEISCHMANN SH LV 125G PG 100G;MERCEARIA;87636;30/06/2026;162450;86420;16;48;48;3;0;03/07/2026;AUGUSTO;0
13;1157;BALA FINI TUBES ARCO IRIS 80G;MERCEARIA;87636;30/06/2026;162450;86420;12;0;12;1;0;03/07/2026;AUGUSTO;0
13;3377;CALDO KNORR 57G CARNE;MERCEARIA;87636;30/06/2026;162450;86420;10;0;10;1;0;03/07/2026;AUGUSTO;10
13;9125;COND DARLING 350ML CERAMIDAS;PERFUMARIA E LIMPEZA;87636;30/06/2026;162450;86420;6;0;6;1;0;;;11
13;6225;GEL DENT SORRISO FRESH 90G HORTELA;PERFUMARIA E LIMPEZA;87636;30/06/2026;162450;86420;12;0;12;1;0;04/07/2026;ALEX JARDIM;13
13;7490;POMADA NUGGET 36G PRETA;PERFUMARIA E LIMPEZA;87636;30/06/2026;162450;86420;12;0;12;1;0;04/07/2026;ALEX JARDIM;26
13;5524;DESOD AERO BOZZANO 90G EXTREME;PERFUMARIA E LIMPEZA;87636;30/06/2026;162450;86420;12;348;12;1;0;;;16
13;10171;SAB LIQ SENSUS LUXO RF 220ML HIDRATE;PERFUMARIA E LIMPEZA;87636;30/06/2026;162450;86420;18;180;18;1;0;;;7
13;6207;GEL ADES PATO AP RF PROMO 38G MARINE;PERFUMARIA E LIMPEZA;87876;30/06/2026;163102;86932;12;0;12;0;0;30/06/2026;EVERTON;5
13;825;REFRIG PEPSI PET 2L;BEBIDAS;87876;30/06/2026;163102;86932;8;1784;8;0;0;02/07/2026;MARCOS M;-4
13;17340;DET LIQ BIO KRISS 500ML CLEAR;PERFUMARIA E LIMPEZA;87876;30/06/2026;163102;86932;24;11208;48;0;0;30/06/2026;EVERTON;-1
13;2109;CAFE SOL NESCAFE SH 40G ORIGINAL;MERCEARIA;87876;30/06/2026;163102;86932;24;72;72;0;0;30/06/2026;EVERTON;12
13;24330;SH HEAD SHOULDERS 400ML PREV CONTR QUE;PERFUMARIA E LIMPEZA;87876;30/06/2026;163102;86932;6;6;12;2;2;02/07/2026;PAMELA;8
13;7835;DET PO GOTA LIMPA 800G EQUILIBRIO;PERFUMARIA E LIMPEZA;87876;30/06/2026;163102;86932;20;20;40;0;0;30/06/2026;EVERTON;0
13;3183;SALG KEVYTOS 55G BACON;MERCEARIA;87876;30/06/2026;163102;86932;25;0;50;0;0;30/06/2026;JESSICA;-3
14;1282;CHOC BARRA LACTA AO LEITE 80G;MERCEARIA;87638;30/06/2026;162451;86414;17;0;17;1;0;;;51
14;37887;TIT COR E TON S AMONIA 2 0 PTO;PERFUMARIA E LIMPEZA;87638;30/06/2026;162451;86414;6;12;6;1;0;;;6
14;38616;CD SEDA COLAGENO VIT INT 250ML;PERFUMARIA E LIMPEZA;87638;30/06/2026;162451;86414;1;0;1;1;0;;;0
14;7490;POMADA NUGGET 36G PRETA;PERFUMARIA E LIMPEZA;87638;30/06/2026;162451;86414;12;0;12;1;0;;;18
14;3686;TEMP BICARBONATO SODIO APTI 100G;MERCEARIA;87638;30/06/2026;162451;86414;20;220;20;1;0;;;11
14;9996;PETISCO FRISKIES 40G FRANGO;PRODUTOS PET;87638;30/06/2026;162451;86414;15;15;15;0;0;01/07/2026;JESSICA;-3
14;3542;MELHORADOR FLEISCHMANN SH 10G PAO CERTO;MERCEARIA;87638;30/06/2026;162451;86414;32;0;32;1;0;;;-2
14;36868;HID LABIAL CARMED MELANCIA 10G;PERFUMARIA E LIMPEZA;87638;30/06/2026;162451;86414;1;15;1;1;0;;;-1
14;547;GATORADE 500ML TANGERINA;BEBIDAS;87638;30/06/2026;162451;86414;6;132;6;1;1;;BRAGA;9
14;407;ENERG ELEV LT 473 ML ORIGINAL;BEBIDAS;87638;30/06/2026;162451;86414;6;6;6;0;0;;BRAGA;23
14;7927;SABONETE LUX 85G LAVANDA;PERFUMARIA E LIMPEZA;87638;30/06/2026;162451;86414;108;2808;108;1;0;;;92
14;15144;CAFE 3C DRIP TRAD SH 10G;MERCEARIA;87638;30/06/2026;162451;86414;12;12;36;3;0;;;22
14;3377;CALDO KNORR 57G CARNE;MERCEARIA;87638;30/06/2026;162451;86414;10;0;10;1;0;;;18
14;8622;TINT COR E TON PRETO 2 0;PERFUMARIA E LIMPEZA;87638;30/06/2026;162451;86414;6;0;6;1;0;;;17
14;38619;SH DOVE UMECTACAO E COCO 370ML;PERFUMARIA E LIMPEZA;87638;30/06/2026;162451;86414;1;0;1;1;0;;;0
14;33255;REFRIG CHARRUA PET 3L GUARANA;BEBIDAS;87638;30/06/2026;162451;86414;6;121;6;0;0;;BRAGA;13
14;60;AGUA GASEIFICADA CRYSTAL PET 510ML LIMAO;BEBIDAS;87638;30/06/2026;162451;86414;6;522;24;0;0;;BRAGA;13
14;19802;KIT SH CD PANTENE 300 150ML COLAGENO;PERFUMARIA E LIMPEZA;87638;30/06/2026;162451;86414;6;0;6;0;0;01/07/2026;JESSICA;1
14;5226;CR DENT COLGATE T ACAO 90G ORIG;PERFUMARIA E LIMPEZA;87638;30/06/2026;162451;86414;144;144;288;2;0;;;172
14;1983;CAPPUCCINO PRONTO 3C 260ML CLASSIC;MERCEARIA;87638;30/06/2026;162451;86414;6;6;6;1;0;;;-3
14;1744;CHICLE FREEGELLS GUM 8G TUTTI FRUTTI;MERCEARIA;87638;30/06/2026;162451;86414;15;0;15;1;0;;;3
14;20415;MAMAD CEFISA SIL 240ML;PERFUMARIA E LIMPEZA;87638;30/06/2026;162451;86414;12;228;12;1;0;;;2
14;24323;SH GENIAL PET 2 EM 1 500ML;PRODUTOS PET;87638;30/06/2026;162451;86414;1;0;1;1;0;;;4
14;15615;CARVAO VEG CHURRASCO NA BRASA 5KG;NAO ALIMENTO;87638;30/06/2026;162451;86414;1;271;4;4;4;;BRAGA;-2
14;778;REFRIG PEPSI COLA PET 200ML;BEBIDAS;87638;30/06/2026;162451;86414;12;600;12;0;0;;BRAGA;43
14;24311;SH DARLING 2X1 650ML;PERFUMARIA E LIMPEZA;87638;30/06/2026;162451;86414;6;0;6;1;0;;;16
14;762;REFRIG COCA COLA PET 200ML;BEBIDAS;87638;30/06/2026;162451;86414;12;432;12;0;0;;BRAGA;117
14;213;CERV SKOL PILSEN LT 473ML;BEBIDAS;87638;30/06/2026;162451;86414;12;27516;72;0;0;;BRAGA;1751
14;3433;SOPA CARNE MAGGI 63G CONCHINHAS;MERCEARIA;87638;30/06/2026;162451;86414;10;8;10;1;0;;;22
14;8966;CARVAO CHAMA CAMPEIRA 5KG;NAO ALIMENTO;87638;30/06/2026;162451;86414;1;464;1;1;1;;BRAGA;82
14;19312;COT HASTES FLEX COTTONBABY C 75;PERFUMARIA E LIMPEZA;87638;30/06/2026;162451;86414;72;5112;72;1;0;;;-4
14;3422;CALDO KNOR 57G COSTELA;MERCEARIA;87638;30/06/2026;162451;86414;10;9;10;1;0;;;20
14;8296;SH PANTENE 200ML BAMBU;PERFUMARIA E LIMPEZA;87878;30/06/2026;163104;87891;6;138;12;2;0;03/07/2026;AUGUSTO;4
14;24330;SH HEAD SHOULDERS 400ML PREV CONTR QUE;PERFUMARIA E LIMPEZA;87878;30/06/2026;163104;87891;6;6;12;2;0;03/07/2026;AUGUSTO;11
14;2189;CAPSULA 3C 80G C 10 ESPRESSO SUPREMO;MERCEARIA;87878;30/06/2026;163104;87891;8;22;16;2;0;03/07/2026;JESSICA M;4
17;8245;SH JAY LUC 1L MICELAR;PERFUMARIA E LIMPEZA;87640;30/06/2026;162452;86421;12;156;12;1;0;;;22
17;3400;BARRA CEREAL RITTER 25G BAN AVEIA MEL;MERCEARIA;87640;30/06/2026;162452;86421;24;0;24;1;0;;;-37
17;38619;SH DOVE UMECTACAO E COCO 370ML;PERFUMARIA E LIMPEZA;87640;30/06/2026;162452;86421;1;0;1;1;0;;;0
17;3383;CALDO APTI 19G GALINHA;MERCEARIA;87640;30/06/2026;162452;86421;24;600;48;2;0;;;23
17;17311;DESOD ROLLON REXONA 50ML INVISIBLE;PERFUMARIA E LIMPEZA;87640;30/06/2026;162452;86421;12;84;24;2;0;;;-6
17;13059;BANHEIRA ADOLETA INF 20L ROSA BEBE;PERFUMARIA E LIMPEZA;87640;30/06/2026;162452;86421;1;0;1;1;0;;;0
17;6617;KIT SH SEDA SH 300 COND 190ML LISO PERFEITO;PERFUMARIA E LIMPEZA;87640;30/06/2026;162452;86421;15;2940;15;1;0;;;-22
17;15144;CAFE 3C DRIP TRAD SH 10G;MERCEARIA;87640;30/06/2026;162452;86421;12;12;24;2;0;;;-9
17;5666;DESOD VINI LADY 45G CREME SPORT;PERFUMARIA E LIMPEZA;87640;30/06/2026;162452;86421;24;0;24;1;0;;;1
17;12413;AMACIANTE GIRANDO SOL 500ML VERM;PERFUMARIA E LIMPEZA;87640;30/06/2026;162452;86421;12;120;24;2;0;02/07/2026;MURILO;-1
17;533;ENERG RED BULL LT 355ML;BEBIDAS;87640;30/06/2026;162452;86421;4;132;8;0;0;02/07/2026;JESSICA;6
17;1157;BALA FINI TUBES ARCO IRIS 80G;MERCEARIA;87640;30/06/2026;162452;86421;12;0;12;1;0;;;0
17;35687;DESOD CREME SECRET CLEAR COTT 45G GEL;PERFUMARIA E LIMPEZA;87640;30/06/2026;162452;86421;1;2;2;2;0;;;7
17;24323;SH GENIAL PET 2 EM 1 500ML;PRODUTOS PET;87640;30/06/2026;162452;86421;1;0;1;1;0;;;0
17;5275;CR DENTAL TANDY 50G MORANGO;PERFUMARIA E LIMPEZA;87640;30/06/2026;162452;86421;12;48;12;1;0;;;2
17;10310;SILICONE DESTAQUE AERO 400ML GERMAN;PERFUMARIA E LIMPEZA;87640;30/06/2026;162452;86421;12;0;12;0;0;30/06/2026;MAYNARA;0
17;25434;VH JP BCO SECO TRAD 1 5L;BEBIDAS;87640;30/06/2026;162452;86421;6;0;6;0;0;02/07/2026;JESSICA;0
17;896;REFRIG FANTA LARANJA LT 350ML;BEBIDAS;87640;30/06/2026;162452;86421;6;486;12;0;0;02/07/2026;JESSICA;60
17;36245;CHOC BARRA NESTLE RECH 90G PRESTIG;MERCEARIA;87640;30/06/2026;162452;86421;14;14;28;2;0;;;-21
17;764;REFRIG COCA COLA PET 200ML ZERO;BEBIDAS;87640;30/06/2026;162452;86421;12;1298;24;0;0;02/07/2026;JESSICA;150
17;1744;CHICLE FREEGELLS GUM 8G TUTTI FRUTTI;MERCEARIA;87640;30/06/2026;162452;86421;15;0;15;1;0;;;6
17;3377;CALDO KNORR 57G CARNE;MERCEARIA;87640;30/06/2026;162452;86421;10;0;10;1;0;;;2
17;38616;CD SEDA COLAGENO VIT INT 250ML;PERFUMARIA E LIMPEZA;87640;30/06/2026;162452;86421;1;0;1;1;0;;;0
17;9125;COND DARLING 350ML CERAMIDAS;PERFUMARIA E LIMPEZA;87640;30/06/2026;162452;86421;6;0;6;1;0;;;12
17;16844;CR DEN COLGATE T ACAO XTRA 120G WHITE;PERFUMARIA E LIMPEZA;87640;30/06/2026;162452;86421;72;24;72;1;0;;;-73
17;386;ENERG MONSTER LT 473ML ABSOLUT ZERO;BEBIDAS;87640;30/06/2026;162452;86421;6;66;12;0;0;02/07/2026;JESSICA;46
17;8427;SH350 COND PANTENE 175ML LISO;PERFUMARIA E LIMPEZA;87640;30/06/2026;162452;86421;6;6;6;1;0;;;-3
17;1748;CHICLE FREEGELLS GUM 8G HORTELA;MERCEARIA;87640;30/06/2026;162452;86421;15;0;15;1;0;;;-26
17;1884;PASTILHA TIC TAC 14 5G CITRUS MIX;MERCEARIA;87640;30/06/2026;162452;86421;14;0;14;1;0;;;1
17;386;ENERG MONSTER LT 473ML ABSOLUT ZERO;BEBIDAS;87880;30/06/2026;163106;87902;6;66;18;3;0;02/07/2026;MIKAEL;46
17;35687;DESOD CREME SECRET CLEAR COTT 45G GEL;PERFUMARIA E LIMPEZA;87880;30/06/2026;163106;87902;1;2;11;11;0;03/07/2026;PAMELA;7
17;33362;CREME REP DOVE LEAVE IN BOND 50ML;PERFUMARIA E LIMPEZA;87880;30/06/2026;163106;87902;6;18;18;3;0;03/07/2026;PAMELA;3
18;12280;AGUA OXIG BUTTERF 40V 100ML;PERFUMARIA E LIMPEZA;87642;30/06/2026;162453;86427;12;0;12;1;1;02/07/2026;JESSICA M;9
18;35687;DESOD CREME SECRET CLEAR COTT 45G GEL;PERFUMARIA E LIMPEZA;87642;30/06/2026;162453;86427;1;2;1;1;1;02/07/2026;JESSICA M;12
18;6225;GEL DENT SORRISO FRESH 90G HORTELA;PERFUMARIA E LIMPEZA;87642;30/06/2026;162453;86427;12;0;12;1;1;02/07/2026;JESSICA M;19
18;12166;ABS DIARIO COTTONBABY C 15 S PERF;PERFUMARIA E LIMPEZA;87642;30/06/2026;162453;86427;72;0;72;0;0;01/07/2026;TEIXEIRA;64
18;4256;AP PRESTOBARBA ULTRAGRIP 3L CART2UN;PERFUMARIA E LIMPEZA;87642;30/06/2026;162453;86427;1;0;1;0;0;02/07/2026;JESSICA M;-10
18;1289;CHOC BARRA NESTLE 80G PRESTIGIO;MERCEARIA;87642;30/06/2026;162453;86427;16;32;16;0;0;02/07/2026;JESSICA M;55
18;2189;CAPSULA 3C 80G C 10 ESPRESSO SUPREMO;MERCEARIA;87883;30/06/2026;163108;87084;8;22;16;2;0;02/07/2026;JESSICA M;9
18;1289;CHOC BARRA NESTLE 80G PRESTIGIO;MERCEARIA;87883;30/06/2026;163108;87084;16;32;128;0;0;02/07/2026;ALEX JARDIM;55
18;24330;SH HEAD SHOULDERS 400ML PREV CONTR QUE;PERFUMARIA E LIMPEZA;87883;30/06/2026;163108;87084;6;6;12;2;0;02/07/2026;GUILHERME B;8
18;12183;ABS MILI SUAVE PROT TOT C ABAS C 32;PERFUMARIA E LIMPEZA;87883;30/06/2026;163108;87084;16;208;32;0;0;;;1
18;114;CERV POLAR EXPORT GF 1L RETORNAVEL;BEBIDAS;87883;30/06/2026;163108;87084;12;180;24;0;0;01/07/2026;BRUNO ANTUNES;6
1;8246;SH JAY LUC 1L NEUTRO;PERFUMARIA E LIMPEZA;88074;01/07/2026;163401;87081;12;120;12;1;0;03/07/2026;MONIQUE;6
1;1894;DROPS FREEGELLS 27 6G CEREJA CHOC;MERCEARIA;88074;01/07/2026;163401;87081;12;336;24;2;0;03/07/2026;ERICA;-341
1;10146;SAB FARNESE 180G FLOR CER VANILA;PERFUMARIA E LIMPEZA;88074;01/07/2026;163401;87081;36;1548;36;1;1;03/07/2026;BRUNO ANTUNES;27
1;2101;ARROZ BCO REQUINTE TP1 2KG;MERCEARIA;88074;01/07/2026;163401;87081;15;683;15;1;0;;;0
1;10147;SAB FARNESE 180G LAVANDA MENTA;PERFUMARIA E LIMPEZA;88074;01/07/2026;163401;87081;36;396;36;1;1;03/07/2026;BRUNO ANTUNES;17
1;10149;SAB FARNESE 180G PURO HIDR;PERFUMARIA E LIMPEZA;88074;01/07/2026;163401;87081;36;504;36;1;1;03/07/2026;BRUNO ANTUNES;7
1;18741;FRALDA DESC FERINHA HIPER C 42 GG;PERFUMARIA E LIMPEZA;88074;01/07/2026;163401;87081;6;2;6;0;0;03/07/2026;BRUNO ANTUNES;0
1;791;KETCHUP KETDOG BD 3KG;MERCEARIA;88074;01/07/2026;163401;87081;6;0;6;0;0;01/07/2026;JOCELAINE;6
1;17316;DESOD ROLLON REXONA 50ML WOMEN ANT INV;PERFUMARIA E LIMPEZA;88074;01/07/2026;163401;87081;12;348;12;0;0;03/07/2026;BRUNO ANTUNES;2
1;36301;POMADA MASSAG BIO FISIOFORT 150ML;PERFUMARIA E LIMPEZA;88074;01/07/2026;163401;87081;12;444;12;1;0;03/07/2026;MONIQUE;8
1;22794;RATICIDA RATICID GRANULADO 25G;PERFUMARIA E LIMPEZA;88074;01/07/2026;163401;87081;480;0;480;0;0;03/07/2026;BRUNO ANTUNES;246
1;4258;AP PROBAK II LV7 PG5;PERFUMARIA E LIMPEZA;88074;01/07/2026;163401;87081;1;57;1;1;0;03/07/2026;ALEXSANDER;51
1;619;SUCO DEL VALLE TP 200ML UVA;BEBIDAS;88074;01/07/2026;163401;87081;18;16;18;0;0;02/07/2026;JESSICA;1
1;38441;MOLHO TOM DIA 340G TRAD;MERCEARIA;88074;01/07/2026;163401;87081;24;-11760;48;0;0;01/07/2026;JOCELAINE;8
1;23055;SAB LIQ HEDERA RF 370ML AVEIA;PERFUMARIA E LIMPEZA;88074;01/07/2026;163401;87081;12;1;12;0;0;03/07/2026;BRUNO ANTUNES;1
1;361;CERV PATAGONIA WEISSE LT 473ML;BEBIDAS;88074;01/07/2026;163401;87081;6;30;6;0;0;02/07/2026;JESSICA;6
1;852;REFRIG FANTA LARANJA PET 600ML;BEBIDAS;88239;01/07/2026;163624;88584;6;34;30;3;3;03/07/2026;WENDRIO;35
1;806;REFRIG FANTA LARANJA PET 2L;BEBIDAS;88326;01/07/2026;163917;88584;8;392;40;0;0;03/07/2026;WENDRIO;6
1;169;CERV HEINEKEN LT 473ML;BEBIDAS;88326;01/07/2026;163917;88584;12;1824;60;5;5;03/07/2026;WENDRIO;102
1;795;REFRIG COCA COLA PET 2L ZERO;BEBIDAS;88326;01/07/2026;163917;88584;8;48;32;0;0;03/07/2026;WENDRIO;0
1;4598;CERV ITAIPAVA MALZBIER LT 350ML;BEBIDAS;88326;01/07/2026;163917;88584;12;3842;240;20;20;03/07/2026;WENDRIO;244
2;636;VODKA VOLCOF VD 900ML;BEBIDAS;88076;01/07/2026;163402;87893;12;0;12;0;0;;;3
2;6022;ESPUMA BARBA BOZZANO 193G PELE SENSIVEL;PERFUMARIA E LIMPEZA;88076;01/07/2026;163402;87893;6;132;12;2;0;03/07/2026;MONIQUE;2
2;1400;CHOC CARIBE GAROTO 28G CANDYBAR;MERCEARIA;88076;01/07/2026;163402;87893;30;0;30;1;0;03/07/2026;JESSICA M;22
2;35687;DESOD CREME SECRET CLEAR COTT 45G GEL;PERFUMARIA E LIMPEZA;88076;01/07/2026;163402;87893;1;2;2;0;0;03/07/2026;ALEXSANDER;10
2;33895;CREME DENT CLOSE UP 100G CARVAO ATIVADO;PERFUMARIA E LIMPEZA;88076;01/07/2026;163402;87893;12;72;12;0;0;03/07/2026;ALEXSANDER;14
2;10310;SILICONE DESTAQUE AERO 400ML GERMAN;PERFUMARIA E LIMPEZA;88076;01/07/2026;163402;87893;12;0;12;0;0;02/07/2026;MAYNARA;6
2;1157;BALA FINI TUBES ARCO IRIS 80G;MERCEARIA;88076;01/07/2026;163402;87893;12;0;12;1;0;03/07/2026;JESSICA M;1
2;1983;CAPPUCCINO PRONTO 3C 260ML CLASSIC;MERCEARIA;88076;01/07/2026;163402;87893;6;6;6;1;0;03/07/2026;JESSICA M;4
2;19315;COT HASTES FLEX COTTONBABY PT 100UN;PERFUMARIA E LIMPEZA;88076;01/07/2026;163402;87893;1;17;1;0;0;03/07/2026;ALEXSANDER;60
2;10144;SAB FARNESE 180G AVEIA ESFOL;PERFUMARIA E LIMPEZA;88076;01/07/2026;163402;87893;36;468;36;0;0;03/07/2026;PAMELA;12
2;2085;CHA PRENDA 12G CARQUEJA;MERCEARIA;88076;01/07/2026;163402;87893;20;100;20;0;0;;;37
2;1837;PAST DOCILE ROLLY MINTY 29G FRUIT;MERCEARIA;88076;01/07/2026;163402;87893;12;1464;36;3;0;03/07/2026;JESSICA M;24
2;1519;CHOC KINDER OVO LUI PLAYMOBIL 40G;MERCEARIA;88076;01/07/2026;163402;87893;48;0;48;1;0;03/07/2026;JESSICA M;10
2;3403;CALDO APTI 57G COSTELA;MERCEARIA;88076;01/07/2026;163402;87893;120;60;120;1;0;03/07/2026;JESSICA M;53
2;7929;SABONETE LUX 85G ORQUIDEA NEGRA;PERFUMARIA E LIMPEZA;88076;01/07/2026;163402;87893;108;3906;216;0;0;03/07/2026;PAMELA;28
2;17733;ESC CAB FLORENCE RETAN 600BT;PERFUMARIA E LIMPEZA;88076;01/07/2026;163402;87893;1;0;1;0;0;03/07/2026;ALEXSANDER;1
2;4277;AREIA SANITARIA BEAUTICAT 4KG;PRODUTOS PET;88076;01/07/2026;163402;87893;5;0;5;1;0;02/07/2026;MONIQUE;-7
2;5305;CR PENT SEDA 300ML JUNTINHOS CACHOS;PERFUMARIA E LIMPEZA;88076;01/07/2026;163402;87893;12;144;12;1;1;03/07/2026;PAMELA;8
2;18986;GEL JAY LUC BR MOLHADO 240G N2 AZUL;PERFUMARIA E LIMPEZA;88076;01/07/2026;163402;87893;24;0;24;2;2;03/07/2026;PAMELA;0
2;3510;FERM BIO PO FLEISCHMANN SH LV 125G PG 100G;MERCEARIA;88076;01/07/2026;163402;87893;16;48;16;2;0;03/07/2026;JESSICA M;5
2;4042;RACAO FRISKIES 850G MEGAMIX AD CAST;PRODUTOS PET;88076;01/07/2026;163402;87893;9;0;9;2;0;02/07/2026;MONIQUE;1
2;17310;DESOD ROLLON REXONA 50ML FM S PERFUME;PERFUMARIA E LIMPEZA;88076;01/07/2026;163402;87893;12;612;12;1;0;03/07/2026;MONIQUE;24
2;38547;AZEITONA S CAROCO RIVOLI 1 01KG;MERCEARIA;88076;01/07/2026;163402;87893;6;155;12;0;0;;;-1
2;1834;PAST DOCILE ROLLY MINTY 29G EXTRA FORTE;MERCEARIA;88076;01/07/2026;163402;87893;12;432;36;3;0;03/07/2026;JESSICA M;23
2;7922;SABONETE LUX 85G BUQUE D JASMIM;PERFUMARIA E LIMPEZA;88076;01/07/2026;163402;87893;108;2394;108;1;1;03/07/2026;PAMELA;61
2;1888;PASTILHA TIC TAC 14 5G MENTA;MERCEARIA;88076;01/07/2026;163402;87893;14;0;14;1;0;03/07/2026;JESSICA M;1
2;1289;CHOC BARRA NESTLE 80G PRESTIGIO;MERCEARIA;88328;01/07/2026;163918;87893;16;32;80;5;0;03/07/2026;JESSICA M;0
2;154;CERV BRAHMA DUPLO MALTE LT 473ML;BEBIDAS;88328;01/07/2026;163918;87893;12;2472;120;10;10;04/07/2026;FERNANDO.H;105
2;219;CERV STELLA ARTOIS LT 473ML;BEBIDAS;88328;01/07/2026;163918;87893;12;3684;120;10;10;04/07/2026;FERNANDO.H;132
2;35236;BOMBOM LACTA OREO 20G;MERCEARIA;88359;01/07/2026;164072;87630;27;2214;81;0;0;02/07/2026;ALEX JARDIM;0
2;13708;BOMBOM LACTA SONHO VALSA 20G;MERCEARIA;88359;01/07/2026;164072;87630;50;8800;500;10;10;02/07/2026;ALEX JARDIM;338
3;8296;SH PANTENE 200ML BAMBU;PERFUMARIA E LIMPEZA;88078;01/07/2026;163403;87080;6;138;6;1;0;03/07/2026;ALEXSANDER;13
3;602;SUCO DEL VALLE TP 1L ABACAXI;BEBIDAS;88078;01/07/2026;163403;87080;6;36;18;0;0;;JESSICA;27
3;1282;CHOC BARRA LACTA AO LEITE 80G;MERCEARIA;88078;01/07/2026;163403;87080;17;0;17;1;0;03/07/2026;ERICA;9
3;5539;DESOD AERO DOVE 89G 150ML ROMA E VERBENA;PERFUMARIA E LIMPEZA;88078;01/07/2026;163403;87080;12;60;12;1;1;04/07/2026;AUGUSTO;54
3;37887;TIT COR E TON S AMONIA 2 0 PTO;PERFUMARIA E LIMPEZA;88078;01/07/2026;163403;87080;6;12;6;0;0;04/07/2026;AUGUSTO;0
3;806;REFRIG FANTA LARANJA PET 2L;BEBIDAS;88078;01/07/2026;163403;87080;8;392;216;27;0;;;814
3;18986;GEL JAY LUC BR MOLHADO 240G N2 AZUL;PERFUMARIA E LIMPEZA;88078;01/07/2026;163403;87080;24;0;24;1;1;03/07/2026;BRUNO ANTUNES;25
3;16155;CHUP LOLLY RED SIL ORT T2 ROSA;PERFUMARIA E LIMPEZA;88078;01/07/2026;163403;87080;12;0;12;1;1;04/07/2026;AUGUSTO;4
3;9983;DESOD SANIT GOTA LIMPA 25G EUCALIPTO;PERFUMARIA E LIMPEZA;88078;01/07/2026;163403;87080;48;48;48;1;1;04/07/2026;AUGUSTO;24
3;35687;DESOD CREME SECRET CLEAR COTT 45G GEL;PERFUMARIA E LIMPEZA;88078;01/07/2026;163403;87080;1;2;3;3;0;03/07/2026;ALEXSANDER;13
3;16844;CR DEN COLGATE T ACAO XTRA 120G WHITE;PERFUMARIA E LIMPEZA;88078;01/07/2026;163403;87080;72;24;72;0;0;03/07/2026;BRUNO ANTUNES;-19
3;10147;SAB FARNESE 180G LAVANDA MENTA;PERFUMARIA E LIMPEZA;88078;01/07/2026;163403;87080;36;396;36;0;0;03/07/2026;BRUNO ANTUNES;97
3;6234;GEL DENTAL CLOSE UP 90G ORIG RED HOT;PERFUMARIA E LIMPEZA;88078;01/07/2026;163403;87080;12;250;48;0;0;03/07/2026;BRUNO ANTUNES;-14
3;213;CERV SKOL PILSEN LT 473ML;BEBIDAS;88078;01/07/2026;163403;87080;12;27516;276;23;0;;;6794
3;1452;CHOC KINDER BUENO 39G;MERCEARIA;88078;01/07/2026;163403;87080;30;0;30;1;0;03/07/2026;ERICA;8
3;3399;CALDO APTI 57G BACON;MERCEARIA;88078;01/07/2026;163403;87080;120;20;120;1;0;03/07/2026;ERICA;56
3;5307;CR PENT SEDA 300ML JUNTINHOS TODOS OS TIPOS;PERFUMARIA E LIMPEZA;88078;01/07/2026;163403;87080;12;132;12;1;1;04/07/2026;AUGUSTO;9
3;21137;MOLUSC MADELESMA RES UMED LESMAS 250G;PERFUMARIA E LIMPEZA;88078;01/07/2026;163403;87080;4;0;4;1;0;03/07/2026;ALEXSANDER;0
3;18741;FRALDA DESC FERINHA HIPER C 42 GG;PERFUMARIA E LIMPEZA;88078;01/07/2026;163403;87080;6;2;6;0;0;03/07/2026;BRUNO ANTUNES;0
3;542;GATORADE 500ML MARACUJA;BEBIDAS;88078;01/07/2026;163403;87080;6;0;6;1;0;;;11
3;7665;REMOVEDOR ESMALTE JAY LUC 100ML;PERFUMARIA E LIMPEZA;88078;01/07/2026;163403;87080;24;216;24;1;1;04/07/2026;AUGUSTO;28
3;24342;SH PALMOLIVE 650ML NUTRICAO EXTRA;PERFUMARIA E LIMPEZA;88078;01/07/2026;163403;87080;6;6;6;0;0;04/07/2026;AUGUSTO;3
3;7942;SABON PALMOLIVE NATURALS 150G GELEIA REAL;PERFUMARIA E LIMPEZA;88078;01/07/2026;163403;87080;72;144;72;1;1;04/07/2026;AUGUSTO;31
3;18942;GEL AMAZONIA ARNICA 235G;PERFUMARIA E LIMPEZA;88078;01/07/2026;163403;87080;24;24;24;0;0;04/07/2026;AUGUSTO;32
3;22999;SAB FONTANA SENSUS 150G AMANHECER PERS;PERFUMARIA E LIMPEZA;88078;01/07/2026;163403;87080;72;72;72;0;0;04/07/2026;AUGUSTO;21
3;5806;ESC DENTAL COLGATE ESSENCIAL CLEAN PACK 06UN;PERFUMARIA E LIMPEZA;88078;01/07/2026;163403;87080;6;84;12;2;0;03/07/2026;ALEXSANDER;0
3;3635;SAL MOIDO CBS 1KG;MERCEARIA;88078;01/07/2026;163403;87080;10;2764;20;2;0;;;22
3;7107;MASCARA TRAT DOVE 500G 2EM1 RECONSTRUCAO;PERFUMARIA E LIMPEZA;88078;01/07/2026;163403;87080;6;6;6;1;1;04/07/2026;AUGUSTO;7
3;12528;AP GILLETTE C 8 L8P6;PERFUMARIA E LIMPEZA;88078;01/07/2026;163403;87080;3;16;3;1;0;03/07/2026;ALEXSANDER;22
3;7927;SABONETE LUX 85G LAVANDA;PERFUMARIA E LIMPEZA;88078;01/07/2026;163403;87080;108;2808;108;0;0;03/07/2026;BRUNO ANTUNES;42
3;23052;SAB LIQ HEDERA 370ML FTA VRM;PERFUMARIA E LIMPEZA;88078;01/07/2026;163403;87080;12;1;12;0;0;03/07/2026;BRUNO ANTUNES;0
3;10170;SAB LIQ SENSUS LUXO RF 220ML ERVA DOCE;PERFUMARIA E LIMPEZA;88078;01/07/2026;163403;87080;18;72;36;2;2;03/07/2026;BRUNO ANTUNES;81
3;10198;SAB SENSUS BEAUTY ESSENCE 80G LIMA LIM ORIENT;PERFUMARIA E LIMPEZA;88078;01/07/2026;163403;87080;108;1404;108;1;1;03/07/2026;BRUNO ANTUNES;54
3;22117;POM MASSAG BIO FISIOFORT PREMIUM 150ML;PERFUMARIA E LIMPEZA;88078;01/07/2026;163403;87080;12;912;36;0;0;04/07/2026;AUGUSTO;8
3;5540;DESOD AERO DOVE 89G 150ML S PERFUME;PERFUMARIA E LIMPEZA;88078;01/07/2026;163403;87080;12;60;12;0;0;04/07/2026;AUGUSTO;40
3;17308;DESOD ROLLON REXONA 50ML F COTTON;PERFUMARIA E LIMPEZA;88078;01/07/2026;163403;87080;12;420;12;1;1;04/07/2026;AUGUSTO;14
3;2158;ARROZ BCO TRIVIAL TP2 5KG;MERCEARIA;88243;01/07/2026;163626;87894;6;4752;30;5;0;;;18
3;817;REFRIG FRUKI GUARANA ZR PET 2L GUARANA ZERO;BEBIDAS;88330;01/07/2026;163919;87894;6;168;60;0;0;03/07/2026;MIKAEL;-1
3;36;AGUA MIN CRYSTAL PET 500ML C GAS;BEBIDAS;88330;01/07/2026;163919;87894;12;1433;120;0;0;03/07/2026;MIKAEL;1192
3;57;AGUA GASEIFICADA CRYSTAL PET 510ML SPARK;BEBIDAS;88330;01/07/2026;163919;87894;6;198;30;0;0;04/07/2026;VILLARROEL;-18
3;213;CERV SKOL PILSEN LT 473ML;BEBIDAS;88330;01/07/2026;163919;87894;12;27516;24;0;0;04/07/2026;VILLARROEL;6794
3;52;AGUA MIN FLORESTA PET 5L S GAS;BEBIDAS;88330;01/07/2026;163919;87894;4;36;12;0;0;03/07/2026;MIKAEL;0
3;55;AGUA MIN DA PEDRA LT 350ML FTAS VRM;BEBIDAS;88330;01/07/2026;163919;87894;12;12;12;0;0;04/07/2026;VILLARROEL;0
3;835;REFRIG PET COCA COLA 3L;BEBIDAS;88330;01/07/2026;163919;87894;6;426;66;0;0;03/07/2026;MIKAEL;449
3;13;AGUA MIN CRYSTAL PET 1 5L C GAS;BEBIDAS;88330;01/07/2026;163919;87894;6;396;18;3;0;;;110
3;179;CERV ORIGINAL LT 473ML;BEBIDAS;88330;01/07/2026;163919;87894;12;4668;12;1;1;03/07/2026;MIKAEL;1530
3;769;REFRIG FRUKI GUARANA PET 200ML GUARANA;BEBIDAS;88330;01/07/2026;163919;87894;12;84;60;5;0;;;-12
3;838;REFRIG FRUKI PET 3L GUARANA;BEBIDAS;88330;01/07/2026;163919;87894;4;12;4;1;0;;;292
3;748;REFRIG SARANDI PET 1 5L GUARANA;BEBIDAS;88330;01/07/2026;163919;87894;8;9671;320;40;0;;;897
3;904;REFRIG PEPSI LT 350ML;BEBIDAS;88330;01/07/2026;163919;87894;12;1044;36;3;0;;;10
3;310;VH TRADICAO TINTO 1 4L SC;BEBIDAS;88330;01/07/2026;163919;87894;6;870;120;0;0;04/07/2026;VILLARROEL;77
3;50;AGUA MIN DA PEDRA PET 5L S GAS;BEBIDAS;88330;01/07/2026;163919;87894;4;464;120;30;0;;;0
3;178;CERV KAISER LT 473ML;BEBIDAS;88330;01/07/2026;163919;87894;12;1;12;0;0;03/07/2026;MIKAEL;1640
3;2085;CHA PRENDA 12G CARQUEJA;MERCEARIA;88330;01/07/2026;163919;87894;20;100;40;0;0;;;14
3;899;REFRIG FANTA UVA LT 350ML;BEBIDAS;88330;01/07/2026;163919;87894;6;179;30;0;0;04/07/2026;VILLARROEL;299
3;53;AGUA MIN SARANDI 5L S GAS;BEBIDAS;88330;01/07/2026;163919;87894;4;8;24;6;0;;;16
3;54;AGUA MIN DA PEDRA LT 350ML ABACAXI E HORTE;BEBIDAS;88330;01/07/2026;163919;87894;12;24;12;0;0;04/07/2026;VILLARROEL;0
3;147;CERV ANTARCTICA PILSEN LT 473ML;BEBIDAS;88330;01/07/2026;163919;87894;12;3794;600;50;50;04/07/2026;VILLARROEL;2746
3;881;REFRIG FRUKI GUARANA LT 350ML GUARANA;BEBIDAS;88330;01/07/2026;163919;87894;12;228;60;0;0;04/07/2026;VILLARROEL;32
3;762;REFRIG COCA COLA PET 200ML;BEBIDAS;88330;01/07/2026;163919;87894;12;432;60;18;0;;;115
3;161;CERV CRYSTAL PILSEN LT 473ML;BEBIDAS;88330;01/07/2026;163919;87894;12;279;600;50;0;;;132
3;840;REFRIG PEPSI PET 3L;BEBIDAS;88330;01/07/2026;163919;87894;4;712;8;2;0;;;253
3;759;REFRIG ANTARCTICA GUARANA PET 200ML;BEBIDAS;88330;01/07/2026;163919;87894;12;3288;120;0;0;03/07/2026;MIKAEL;56
3;4598;CERV ITAIPAVA MALZBIER LT 350ML;BEBIDAS;88330;01/07/2026;163919;87894;12;3842;240;20;20;04/07/2026;VILLARROEL;110
3;25;AGUA MIN DA PEDRA PET 2L C GAS;BEBIDAS;88330;01/07/2026;163919;87894;6;114;30;5;0;;;85
4;840;REFRIG PEPSI PET 3L;BEBIDAS;88080;01/07/2026;163404;87078;4;712;4;1;0;;;32
4;17665;ERVA MATE CAMBONA MOIDA GROSSA 1KG;MERCEARIA;88080;01/07/2026;163404;87078;10;216;20;2;0;;;70
4;213;CERV SKOL PILSEN LT 473ML;BEBIDAS;88080;01/07/2026;163404;87078;12;27516;84;7;0;;;2208
4;6022;ESPUMA BARBA BOZZANO 193G PELE SENSIVEL;PERFUMARIA E LIMPEZA;88080;01/07/2026;163404;87078;6;132;12;0;0;03/07/2026;MONIQUE;-5
4;1292;CHOC BARRA NESTLE 80G MEIO AMARGO;MERCEARIA;88080;01/07/2026;163404;87078;16;224;48;3;0;03/07/2026;ERICA;24
4;37075;FARINHA TAPIOCA DINDA 400G TRAD;MERCEARIA;88080;01/07/2026;163404;87078;20;577;20;1;0;;;-8
4;1446;BISC DOCE NESTLE CHOCO TRIO 90G AMEND;MERCEARIA;88080;01/07/2026;163404;87078;12;312;12;1;0;03/07/2026;ERICA;7
4;8152;SH ANTIC CLEAR LV200ML PG170ML MEN ICE COOL MENTHO;PERFUMARIA E LIMPEZA;88080;01/07/2026;163404;87078;12;888;12;1;1;03/07/2026;MONIQUE;11
4;17308;DESOD ROLLON REXONA 50ML F COTTON;PERFUMARIA E LIMPEZA;88080;01/07/2026;163404;87078;12;420;12;1;1;03/07/2026;MONIQUE;0
4;6225;GEL DENT SORRISO FRESH 90G HORTELA;PERFUMARIA E LIMPEZA;88080;01/07/2026;163404;87078;12;0;12;1;0;03/07/2026;ALEXSANDER;12
4;223;CERV THEREZOPOLIS LAGER LT 473ML GOLD;BEBIDAS;88080;01/07/2026;163404;87078;12;280;12;1;0;;;5
4;6234;GEL DENTAL CLOSE UP 90G ORIG RED HOT;PERFUMARIA E LIMPEZA;88080;01/07/2026;163404;87078;12;250;12;0;0;03/07/2026;BRUNO ANTUNES;11
4;36301;POMADA MASSAG BIO FISIOFORT 150ML;PERFUMARIA E LIMPEZA;88080;01/07/2026;163404;87078;12;444;12;1;1;03/07/2026;MONIQUE;9
4;37887;TIT COR E TON S AMONIA 2 0 PTO;PERFUMARIA E LIMPEZA;88080;01/07/2026;163404;87078;6;12;6;0;0;03/07/2026;MONIQUE;6
4;17310;DESOD ROLLON REXONA 50ML FM S PERFUME;PERFUMARIA E LIMPEZA;88080;01/07/2026;163404;87078;12;612;12;1;1;03/07/2026;MONIQUE;0
4;289;CERV SOL PREMIUM LN 330ML;BEBIDAS;88080;01/07/2026;163404;87078;24;60;24;1;0;;;-6
4;2140;ARROZ BCO SANO TP1 5KG;MERCEARIA;88080;01/07/2026;163404;87078;6;1658;30;5;0;;;32
4;2385;LENTILHA BELLA DICA 400G;MERCEARIA;88080;01/07/2026;163404;87078;12;0;12;1;0;;;0
4;2302;FEIJAO BRANCO CALDO OURO 500G;MERCEARIA;88080;01/07/2026;163404;87078;10;475;10;1;0;;;11
4;33374;DESO AERO AXE 200ML APO VET E MANDA;PERFUMARIA E LIMPEZA;88080;01/07/2026;163404;87078;12;804;12;0;0;03/07/2026;MONIQUE;1
4;102;CERV ANTARCTICA SUBZERO GF 1L RETORNAVEL;BEBIDAS;88080;01/07/2026;163404;87078;12;984;24;2;0;;;1
4;36987;FARINHA MANDIOCA 500G DINDA;MERCEARIA;88080;01/07/2026;163404;87078;20;180;20;1;0;;;-19
4;36802;LIMP PERF COALA ESSENCIA F CACTO120;PERFUMARIA E LIMPEZA;88080;01/07/2026;163404;87078;24;216;24;1;1;03/07/2026;MONIQUE;0
4;8227;SH HEAD SHOULDERS 200ML HIDRATACAO;PERFUMARIA E LIMPEZA;88080;01/07/2026;163404;87078;6;0;6;1;0;03/07/2026;ALEXSANDER;6
4;2752;FARINHA TRIGO PANFACIL 1KG INTEGRAL;MERCEARIA;88080;01/07/2026;163404;87078;10;0;10;1;0;;;9
4;279;VH QUINTA CARVALHO TINTO 750ML SV;BEBIDAS;88245;01/07/2026;163627;88581;12;72;60;0;0;03/07/2026;WENDRIO;0
4;784;REFRIG ANTARCTICA GUARANA PET 2L;BEBIDAS;88245;01/07/2026;163627;88581;8;176;40;0;0;04/07/2026;JESUS;4
4;825;REFRIG PEPSI PET 2L;BEBIDAS;88245;01/07/2026;163627;88581;8;1784;32;7;0;;;0
4;386;ENERG MONSTER LT 473ML ABSOLUT ZERO;BEBIDAS;88245;01/07/2026;163627;88581;6;66;18;0;0;03/07/2026;WENDRIO;-2
4;883;REFRIG FRUKI LARANJA LT 350ML LARANJA;BEBIDAS;88332;01/07/2026;163922;88581;12;107;24;0;0;03/07/2026;GUILHERME B;0
4;793;REFRIG COCA COLA E FANTA LARANJA 2L;BEBIDAS;88332;01/07/2026;163922;88581;2;12;12;0;0;04/07/2026;JESUS;22
4;20810;MILHO PIPOCA ARBAZA PREMIUM 400G;MERCEARIA;88332;01/07/2026;163922;88581;12;11493;120;10;10;04/07/2026;CAROLINA;266
4;268;VH JOTA PE TINTO 750ML SV;BEBIDAS;88332;01/07/2026;163922;88581;6;66;12;2;2;03/07/2026;WENDRIO;16
4;36;AGUA MIN CRYSTAL PET 500ML C GAS;BEBIDAS;88332;01/07/2026;163922;88581;12;1433;60;9;0;;;-11
4;145;CERV ANTARCTICA SUBZERO LT 473ML;BEBIDAS;88332;01/07/2026;163922;88581;12;6405;240;20;20;04/07/2026;VILLARROEL;48
4;830;REFRIG SPRITE PET 2L;BEBIDAS;88332;01/07/2026;163922;88581;8;8;16;0;0;03/07/2026;GUILHERME B;63
4;893;REFRIG COCA COLA ZERO LT 350ML;BEBIDAS;88332;01/07/2026;163922;88581;12;0;120;0;0;03/07/2026;GUILHERME B;27
4;856;REFRIG FRUKI PET 600ML LARANJA;BEBIDAS;88332;01/07/2026;163922;88581;12;0;12;1;1;03/07/2026;GUILHERME B;3
4;897;REFRIG FANTA LARANJA ZERO LT 350ML;BEBIDAS;88332;01/07/2026;163922;88581;6;1068;60;10;10;03/07/2026;GUILHERME B;29
4;881;REFRIG FRUKI GUARANA LT 350ML GUARANA;BEBIDAS;88332;01/07/2026;163922;88581;12;228;24;0;0;03/07/2026;GUILHERME B;15
4;38570;CERV PROVINCIA ULTRA GOLD LT 473ML;BEBIDAS;88332;01/07/2026;163922;88581;12;5880;36;0;0;04/07/2026;JESUS;36
4;796;REFRIG COCA COLA E FANTA GUARANA 2L;BEBIDAS;88332;01/07/2026;163922;88581;2;10;6;0;0;04/07/2026;JESUS;17
4;867;REFRIG COCA COLA ZERO LT 310ML C6;BEBIDAS;88332;01/07/2026;163922;88581;6;12;12;0;0;03/07/2026;WENDRIO;6
4;223;CERV THEREZOPOLIS LAGER LT 473ML GOLD;BEBIDAS;88332;01/07/2026;163922;88581;12;280;60;0;0;03/07/2026;GUILHERME B;5
4;829;REFRIG SODA LIMONADA PET 2L;BEBIDAS;88332;01/07/2026;163922;88581;8;468;40;0;0;03/07/2026;WENDRIO;0
4;769;REFRIG FRUKI GUARANA PET 200ML GUARANA;BEBIDAS;88332;01/07/2026;163922;88581;12;84;36;0;0;04/07/2026;VILLARROEL;0
4;814;REFRIGC COLA FRUKI PET 2 L COLA ZERO;BEBIDAS;88332;01/07/2026;163922;88581;6;-24;18;0;0;03/07/2026;GUILHERME B;0
4;795;REFRIG COCA COLA PET 2L ZERO;BEBIDAS;88332;01/07/2026;163922;88581;8;48;32;0;0;03/07/2026;GUILHERME B;0
4;774;REFRIG FRUKI PET 200ML UVA;BEBIDAS;88332;01/07/2026;163922;88581;12;96;24;0;0;03/07/2026;GUILHERME B;0
4;219;CERV STELLA ARTOIS LT 473ML;BEBIDAS;88332;01/07/2026;163922;88581;12;3684;120;10;0;;;209
4;784;REFRIG ANTARCTICA GUARANA PET 2L;BEBIDAS;88332;01/07/2026;163922;88581;8;176;40;0;0;04/07/2026;JESUS;4
4;298;VH SANGUE BOI TINTO 750ML SC;BEBIDAS;88332;01/07/2026;163922;88581;6;279;30;0;0;03/07/2026;WENDRIO;0
4;265;VH JOTA PE BCO 750ML SV;BEBIDAS;88332;01/07/2026;163922;88581;6;0;6;0;0;03/07/2026;WENDRIO;9
4;16;AGUA MIN CRYSTAL PET 1 5L S GAS;BEBIDAS;88332;01/07/2026;163922;88581;6;156;30;0;0;03/07/2026;WENDRIO;56
4;1292;CHOC BARRA NESTLE 80G MEIO AMARGO;MERCEARIA;88332;01/07/2026;163922;88581;16;224;80;0;0;03/07/2026;JESSICA M;24
4;825;REFRIG PEPSI PET 2L;BEBIDAS;88332;01/07/2026;163922;88581;8;1784;16;7;0;;;0
4;169;CERV HEINEKEN LT 473ML;BEBIDAS;88332;01/07/2026;163922;88581;12;1824;240;20;0;;;191
4;33;AGUA MIN SARANDI PET 2L S GAS;BEBIDAS;88332;01/07/2026;163922;88581;8;1226;40;5;5;04/07/2026;VILLARROEL;58
4;838;REFRIG FRUKI PET 3L GUARANA;BEBIDAS;88332;01/07/2026;163922;88581;4;12;20;5;5;04/07/2026;VILLARROEL;5
4;216;CERV SPATEN PURO MALTE LT 473ML;BEBIDAS;88332;01/07/2026;163922;88581;12;456;60;5;5;03/07/2026;GUILHERME B;88
4;843;REFRIG ANTARCTICA PET 600ML GUARANA DIET;BEBIDAS;88332;01/07/2026;163922;88581;12;494;12;0;0;03/07/2026;GUILHERME B;6
4;758;REFRIG SPRITE PET 1 5L FRESH LIMAO;BEBIDAS;88332;01/07/2026;163922;88581;6;0;6;0;0;03/07/2026;GUILHERME B;9
4;818;REFRIG FRUKI PET 2L LARANJA;BEBIDAS;88332;01/07/2026;163922;88581;6;6;6;0;0;03/07/2026;GUILHERME B;0
4;899;REFRIG FANTA UVA LT 350ML;BEBIDAS;88332;01/07/2026;163922;88581;6;179;30;5;5;03/07/2026;GUILHERME B;29
4;154;CERV BRAHMA DUPLO MALTE LT 473ML;BEBIDAS;88332;01/07/2026;163922;88581;12;2472;120;10;0;;;126
4;167;CERV GLACIAL PILSEN LT 473ML;BEBIDAS;88332;01/07/2026;163922;88581;12;2988;120;10;10;04/07/2026;JESUS;471
4;823;REFRIG FRUKI PET 2L UVA;BEBIDAS;88332;01/07/2026;163922;88581;6;51;12;0;0;04/07/2026;JESUS;-7
4;834;REFRIG ANTARCTICA GUARANA PET 3L;BEBIDAS;88332;01/07/2026;163922;88581;4;833;4;0;0;03/07/2026;GUILHERME B;2
4;835;REFRIG PET COCA COLA 3L;BEBIDAS;88332;01/07/2026;163922;88581;6;426;120;20;0;;;63
4;815;REFRIG FRUKI PET 2L GUARANA GUARANA;BEBIDAS;88332;01/07/2026;163922;88581;6;366;60;0;0;04/07/2026;VILLARROEL;38
4;768;REFRIG FRUKI PET 200 ML GUARANA ZERO;BEBIDAS;88332;01/07/2026;163922;88581;12;0;36;0;0;03/07/2026;GUILHERME B;-6
4;222;VH COUNTRY WINE TINTO 750ML SV;BEBIDAS;88332;01/07/2026;163922;88581;6;222;30;5;5;03/07/2026;WENDRIO;5
4;149;CERV BELLAVISTA LAGER LT 473ML;BEBIDAS;88332;01/07/2026;163922;88581;12;60;24;0;0;03/07/2026;WENDRIO;43
4;817;REFRIG FRUKI GUARANA ZR PET 2L GUARANA ZERO;BEBIDAS;88332;01/07/2026;163922;88581;6;168;30;5;0;;;0
4;163;CERV EISENBAHN PILSEN LT 473ML;BEBIDAS;88332;01/07/2026;163922;88581;12;3720;120;10;10;04/07/2026;VILLARROEL;187
4;813;REFRIGC COLA FRUKI PET 2 L COLA;BEBIDAS;88332;01/07/2026;163922;88581;6;0;6;0;0;03/07/2026;GUILHERME B;-12
4;84;AGUA TONICA FRUKI LT 350ML;BEBIDAS;88332;01/07/2026;163922;88581;12;144;24;0;0;03/07/2026;GUILHERME B;-24
4;853;REFRIG FANTA PET 600ML UVA;BEBIDAS;88332;01/07/2026;163922;88581;6;0;12;2;2;03/07/2026;GUILHERME B;104
4;191;CERV PROVINCIA MALZBIER LT 473ML;BEBIDAS;88332;01/07/2026;163922;88581;12;2129;120;10;10;04/07/2026;JESUS;24
4;205;VH CANCAO TINTO 750ML SC;BEBIDAS;88332;01/07/2026;163922;88581;12;106;36;3;3;03/07/2026;WENDRIO;20
4;174;VH BELTRAME TINTO PET 1 9L SC;BEBIDAS;88332;01/07/2026;163922;88581;6;84;18;2;2;03/07/2026;WENDRIO;10
4;188;CERV POLAR EXPORT LT 473ML;BEBIDAS;88332;01/07/2026;163922;88581;12;1800;60;5;0;;;94
4;51;AGUA MIN CRYSTAL PET 5L S GAS;BEBIDAS;88332;01/07/2026;163922;88581;2;148;20;0;0;04/07/2026;VILLARROEL;13
4;821;REFRIG FRUKI PET 2L LIMAO;BEBIDAS;88332;01/07/2026;163922;88581;6;0;12;0;0;03/07/2026;GUILHERME B;0
4;3411;CREME CULINARIO DAUS TP 200G;MERCEARIA;88332;01/07/2026;163922;88581;27;11475;540;20;20;04/07/2026;JESUS;286
4;221;VH COUNTRY WINE TINTO 750ML SC;BEBIDAS;88332;01/07/2026;163922;88581;6;6;12;2;2;03/07/2026;WENDRIO;6
4;764;REFRIG COCA COLA PET 200ML ZERO;BEBIDAS;88332;01/07/2026;163922;88581;12;1298;60;0;0;03/07/2026;WENDRIO;3
4;43;AGUA MIN CRYSTAL PET 500ML S GAS;BEBIDAS;88332;01/07/2026;163922;88581;12;7838;120;10;0;;;294
4;748;REFRIG SARANDI PET 1 5L GUARANA;BEBIDAS;88332;01/07/2026;163922;88581;8;9671;80;10;10;04/07/2026;VILLARROEL;183
5;7425;PEDRA SANITARIA SANI SOL 20G JASMIN;PERFUMARIA E LIMPEZA;88082;01/07/2026;163405;87082;144;1152;288;2;0;;;150
5;36301;POMADA MASSAG BIO FISIOFORT 150ML;PERFUMARIA E LIMPEZA;88082;01/07/2026;163405;87082;12;444;24;2;0;;;18
5;22117;POM MASSAG BIO FISIOFORT PREMIUM 150ML;PERFUMARIA E LIMPEZA;88082;01/07/2026;163405;87082;12;912;12;1;0;;;13
5;8858;AP GILLETTE PROBAK II C 2;PERFUMARIA E LIMPEZA;88082;01/07/2026;163405;87082;14;2198;28;2;0;;;22
5;18986;GEL JAY LUC BR MOLHADO 240G N2 AZUL;PERFUMARIA E LIMPEZA;88082;01/07/2026;163405;87082;24;0;24;1;0;;;2
5;7929;SABONETE LUX 85G ORQUIDEA NEGRA;PERFUMARIA E LIMPEZA;88082;01/07/2026;163405;87082;108;3906;108;1;0;;;-34
5;1296;CHOC BARRA NESTLE 80G GALAK GALAK;MERCEARIA;88082;01/07/2026;163405;87082;16;272;16;1;0;03/07/2026;JESSICA M;16
5;3510;FERM BIO PO FLEISCHMANN SH LV 125G PG 100G;MERCEARIA;88082;01/07/2026;163405;87082;16;48;16;1;0;03/07/2026;JESSICA M;21
5;12289;AGUA SANIT IMPERIAL 1L;PERFUMARIA E LIMPEZA;88082;01/07/2026;163405;87082;12;0;12;1;0;02/07/2026;MURILO;12
5;5691;DETERG YPE 500 ML CLEAR;PERFUMARIA E LIMPEZA;88082;01/07/2026;163405;87082;24;46;24;1;0;02/07/2026;MURILO;7
5;1498;CHOC KINDER JOY T1 20G;MERCEARIA;88082;01/07/2026;163405;87082;48;20;48;1;0;03/07/2026;JESSICA M;22
5;13403;BISC DOCE NESTLE CHOCO TRIO 90G PRESTIGIO;MERCEARIA;88082;01/07/2026;163405;87082;12;531;24;2;0;03/07/2026;JESSICA M;0
5;24311;SH DARLING 2X1 650ML;PERFUMARIA E LIMPEZA;88082;01/07/2026;163405;87082;6;0;6;1;0;;;17
5;17310;DESOD ROLLON REXONA 50ML FM S PERFUME;PERFUMARIA E LIMPEZA;88082;01/07/2026;163405;87082;12;612;12;1;0;;;24
5;2568;MOLHO TOM CAJAMAR SH 300G TRAD;MERCEARIA;88248;01/07/2026;163628;88585;32;768;96;5;0;04/07/2026;ALEXSANDRO;-72
5;3948;AGUA SANIT GOTA LIMPA 1L;PERFUMARIA E LIMPEZA;88248;01/07/2026;163628;88585;12;614;36;3;0;;;31
5;20391;MAIONESE LIZA CASEIRA 450G;MERCEARIA;88248;01/07/2026;163628;88585;12;84;84;8;0;04/07/2026;ALEXSANDRO;4
5;2361;FEIJAO VERMELHO ARBAZA 500G;MERCEARIA;88248;01/07/2026;163628;88585;12;1245;48;4;0;;;51
5;17357;DET LIQ MINUANO 500ML CLEAR;PERFUMARIA E LIMPEZA;88248;01/07/2026;163628;88585;1;10;10;0;0;;;0
5;5439;DESINF GIRANDO SOL 500ML EUCALIPTO;PERFUMARIA E LIMPEZA;88248;01/07/2026;163628;88585;12;336;24;2;0;;;8
5;24621;TAP HIG MR DRY C 7 80X60G;PRODUTOS PET;88248;01/07/2026;163628;88585;10;32;20;0;0;;;5
5;9550;FRALDA MILI JUMBINHO XXG 16UN;PERFUMARIA E LIMPEZA;88248;01/07/2026;163628;88585;9;712;18;2;0;;;2
5;8966;CARVAO CHAMA CAMPEIRA 5KG;NAO ALIMENTO;88248;01/07/2026;164998;88192;1;464;18;18;0;02/07/2026;WENDRIO;-3
5;15732;CERA LIQ GIRANDO SOL 750ML INCOLOR;PERFUMARIA E LIMPEZA;88248;01/07/2026;163628;88585;12;300;24;2;0;;;10
5;784;REFRIG ANTARCTICA GUARANA PET 2L;BEBIDAS;88248;01/07/2026;163628;88585;8;176;88;13;0;04/07/2026;ALEXSANDRO;10
5;784;REFRIG ANTARCTICA GUARANA PET 2L;BEBIDAS;88334;01/07/2026;163923;88585;8;176;16;13;0;04/07/2026;ALEXSANDRO;10
5;38570;CERV PROVINCIA ULTRA GOLD LT 473ML;BEBIDAS;88334;01/07/2026;163923;88585;12;5880;24;2;0;04/07/2026;ALEXSANDRO;29
5;771;ACUCAR CRISTAL UNIAO 1KG;MERCEARIA;88334;01/07/2026;163923;88585;10;30;120;12;0;;;0
5;1296;CHOC BARRA NESTLE 80G GALAK GALAK;MERCEARIA;88334;01/07/2026;163923;88585;16;272;160;0;0;03/07/2026;ERICA;16
5;311;VH TRADICAO TINTO 1 4L SV;BEBIDAS;88334;01/07/2026;163923;88585;6;3651;30;5;0;04/07/2026;ALEXSANDRO;253
5;782;ACUCAR REFINADO UNIAO 1KG;MERCEARIA;88334;01/07/2026;163923;88585;10;30;50;6;0;;;0
5;20810;MILHO PIPOCA ARBAZA PREMIUM 400G;MERCEARIA;88334;01/07/2026;163923;88585;12;11493;120;10;0;;;377
5;3411;CREME CULINARIO DAUS TP 200G;MERCEARIA;88334;01/07/2026;163923;88585;27;11475;540;20;0;04/07/2026;ALEXSANDRO;747
6;6792;LEITE UHT PET ELEGE 1L INTEGRAL;PERECIVEIS;88056;01/07/2026;163389;87892;6;5035;48;14;0;;;24
6;6781;LEITE LV EDGE ELEGE 1L INTEGRAL;PERECIVEIS;88056;01/07/2026;163389;87892;12;204;12;4;0;;;248
6;6787;LEITE LV ELEGE 1L ZERO LAC SEMI DES;PERECIVEIS;88056;01/07/2026;163389;87892;12;286;12;3;0;;;-42
6;6786;LEITE LV EDGE ELEGE 1L SEMI DESNATADO;PERECIVEIS;88056;01/07/2026;163389;87892;12;0;48;4;0;;;68
6;9756;LEITE TIROL INTEGRAL ZR LACTOSE 1L;PERECIVEIS;88056;01/07/2026;163389;87892;12;540;192;16;0;;;132
6;796;REFRIG COCA COLA E FANTA GUARANA 2L;BEBIDAS;88084;01/07/2026;163406;87892;2;10;2;2;0;;;4
6;1849;DROPS FREEGELLS 27 9G EXTRA FORTE;MERCEARIA;88084;01/07/2026;163406;87892;12;1188;24;2;0;03/07/2026;AUGUSTO;-2
6;3510;FERM BIO PO FLEISCHMANN SH LV 125G PG 100G;MERCEARIA;88084;01/07/2026;163406;87892;16;48;48;4;0;03/07/2026;AUGUSTO;89
6;834;REFRIG ANTARCTICA GUARANA PET 3L;BEBIDAS;88084;01/07/2026;163406;87892;4;833;4;6;0;;;3
6;5712;AMAC DOWNY 500ML MAIS INTENSO BRISA;PERFUMARIA E LIMPEZA;88084;01/07/2026;163406;87892;12;11;12;1;0;;;13
6;3635;SAL MOIDO CBS 1KG;MERCEARIA;88084;01/07/2026;163406;87892;10;2764;10;1;0;;;62
6;17733;ESC CAB FLORENCE RETAN 600BT;PERFUMARIA E LIMPEZA;88084;01/07/2026;163406;87892;1;0;1;2;0;;;4
6;35112;AMAC CONC DOWNY 750ML TROPICAL;PERFUMARIA E LIMPEZA;88084;01/07/2026;163406;87892;12;384;24;2;0;;;0
6;4179;AMAC DOWNY 1 5L PRIMAVERA;PERFUMARIA E LIMPEZA;88084;01/07/2026;163406;87892;9;0;9;1;0;;;0
6;2537;DOCE DIFRUTTI 1 010KG PESSEGO;MERCEARIA;88084;01/07/2026;163406;87892;6;0;6;0;0;;;4
6;636;VODKA VOLCOF VD 900ML;BEBIDAS;88084;01/07/2026;163406;87892;12;0;12;0;0;;;-13
6;6931;LIMP UAU 500ML REQUINTE;PERFUMARIA E LIMPEZA;88084;01/07/2026;163406;87892;24;0;24;2;0;;;5
6;38441;MOLHO TOM DIA 340G TRAD;MERCEARIA;88084;01/07/2026;163406;87892;24;-11760;264;0;0;02/07/2026;JESSICA;62
6;2717;FARINHA TRIGO FIDALGA 1KG;MERCEARIA;88084;01/07/2026;163406;87892;10;0;10;2;0;;;-8
6;803;KETCHUP ODERICH SH 1K;MERCEARIA;88084;01/07/2026;163406;87892;6;546;24;4;0;;;37
6;3415;CREME LEITE ITALAC TP 200G;MERCEARIA;88084;01/07/2026;163406;87892;24;72;24;2;0;;;253
6;5679;DET LIQ GOTA LIMPA 500ML LIMAO;PERFUMARIA E LIMPEZA;88084;01/07/2026;163406;87892;24;600;96;4;0;;;35
6;33732;ENERG RED BULL LT 250ML POMELO;BEBIDAS;88084;01/07/2026;163406;87892;24;0;24;0;0;;;3
6;24827;TINTURA BELAECOR 147G 7 0 LOURO MEDI;PERFUMARIA E LIMPEZA;88084;01/07/2026;163406;87892;6;0;6;1;0;;;13
6;1400;CHOC CARIBE GAROTO 28G CANDYBAR;MERCEARIA;88084;01/07/2026;163406;87892;30;0;30;1;0;03/07/2026;AUGUSTO;39
6;35693;LIMP VEJA PERFUMES 1L TULIPA;PERFUMARIA E LIMPEZA;88084;01/07/2026;163406;87892;12;0;12;1;0;;;5
6;1838;PAST DOCILE ROLLY MINTY 29G HORTELA;MERCEARIA;88084;01/07/2026;163406;87892;12;276;24;2;0;03/07/2026;AUGUSTO;-31
6;20415;MAMAD CEFISA SIL 240ML;PERFUMARIA E LIMPEZA;88084;01/07/2026;163406;87892;12;228;12;1;0;;;0
6;5806;ESC DENTAL COLGATE ESSENCIAL CLEAN PACK 06UN;PERFUMARIA E LIMPEZA;88084;01/07/2026;163406;87892;6;84;6;1;0;;;2
6;5444;DESINF GIRANDO SOL 500ML TALCO;PERFUMARIA E LIMPEZA;88084;01/07/2026;163406;87892;12;132;12;1;0;;;3
6;5442;DESINF GIRANDO SOL 500ML LIMAO;PERFUMARIA E LIMPEZA;88084;01/07/2026;163406;87892;12;96;12;1;0;;;11
6;830;REFRIG SPRITE PET 2L;BEBIDAS;88084;01/07/2026;163406;87892;8;8;8;3;0;;;89
6;834;REFRIG ANTARCTICA GUARANA PET 3L;BEBIDAS;88250;01/07/2026;163629;87892;4;833;20;6;0;;;3
6;6795;LEITE UHT TIROL 1L ZERO LAC;PERECIVEIS;88250;01/07/2026;163629;87892;12;60;60;6;0;;;141
6;2019;CANJIQUINHA JUREIA 500G;MERCEARIA;88336;01/07/2026;163924;87892;12;0;12;1;0;;;14
6;830;REFRIG SPRITE PET 2L;BEBIDAS;88336;01/07/2026;163924;87892;8;8;8;3;0;;;89
6;154;CERV BRAHMA DUPLO MALTE LT 473ML;BEBIDAS;88336;01/07/2026;163924;87892;12;2472;120;10;0;;;100
6;20810;MILHO PIPOCA ARBAZA PREMIUM 400G;MERCEARIA;88336;01/07/2026;163924;87892;12;11493;240;20;0;;;528
6;748;REFRIG SARANDI PET 1 5L GUARANA;BEBIDAS;88336;01/07/2026;163924;87892;8;9671;80;10;0;;;459
7;9756;LEITE TIROL INTEGRAL ZR LACTOSE 1L;PERECIVEIS;88058;01/07/2026;163390;87083;12;540;108;9;0;;;122
7;17310;DESOD ROLLON REXONA 50ML FM S PERFUME;PERFUMARIA E LIMPEZA;88086;01/07/2026;163407;87083;12;612;12;1;0;;;24
7;1837;PAST DOCILE ROLLY MINTY 29G FRUIT;MERCEARIA;88086;01/07/2026;163407;87083;12;1464;12;1;0;;;13
7;24311;SH DARLING 2X1 650ML;PERFUMARIA E LIMPEZA;88086;01/07/2026;163407;87083;6;0;6;1;0;;;16
7;7920;SABONETE LUX 125G SUAVE LIRIO AZUL;PERFUMARIA E LIMPEZA;88086;01/07/2026;163407;87083;72;720;72;1;0;;;1
7;35590;FRALDA DESC HUGGIES MEGUINHA G 30;PERFUMARIA E LIMPEZA;88086;01/07/2026;163407;87083;6;0;6;1;0;;;1
7;648;WHISKY MASTER GOLD VD 900ML;BEBIDAS;88086;01/07/2026;163407;87083;1;96;2;2;0;;;6
7;22916;REPARADOR PONTAS JAYLUC 30ML OLEO ARGAN;PERFUMARIA E LIMPEZA;88086;01/07/2026;163407;87083;24;49;24;1;0;;;23
7;7665;REMOVEDOR ESMALTE JAY LUC 100ML;PERFUMARIA E LIMPEZA;88086;01/07/2026;163407;87083;24;216;24;1;0;;;16
7;13403;BISC DOCE NESTLE CHOCO TRIO 90G PRESTIGIO;MERCEARIA;88086;01/07/2026;163407;87083;12;531;24;2;0;;;0
7;17733;ESC CAB FLORENCE RETAN 600BT;PERFUMARIA E LIMPEZA;88086;01/07/2026;163407;87083;1;0;1;1;0;;;0
7;7921;SABONETE LUX 125G SUAVE ROSAS FRANCESAS;PERFUMARIA E LIMPEZA;88086;01/07/2026;163407;87083;72;1512;144;2;0;;;72
7;35581;CREME P PENT SEDA 300ML TOQUE DE SEDA;PERFUMARIA E LIMPEZA;88086;01/07/2026;163407;87083;12;156;12;1;0;;;6
7;33374;DESO AERO AXE 200ML APO VET E MANDA;PERFUMARIA E LIMPEZA;88086;01/07/2026;163407;87083;12;804;12;1;0;;;2
7;1740;CHICLE FREEGELLS GUM 8G MORANGO;MERCEARIA;88086;01/07/2026;163407;87083;15;810;15;1;0;;;3
7;33915;ARROZ SABOROSO PARB 1KG INTEGRAL;MERCEARIA;88086;01/07/2026;163407;87083;30;240;30;1;0;;;50
7;2805;POLENTA GERMANI 500G PERDIZ;MERCEARIA;88086;01/07/2026;163407;87083;12;9;12;1;0;;;4
7;7929;SABONETE LUX 85G ORQUIDEA NEGRA;PERFUMARIA E LIMPEZA;88086;01/07/2026;163407;87083;108;3906;108;1;0;;;27
7;9549;FRALDA MILI JUMBINHO XG 18UN;PERFUMARIA E LIMPEZA;88086;01/07/2026;163407;87083;9;891;27;0;0;;;9
7;7425;PEDRA SANITARIA SANI SOL 20G JASMIN;PERFUMARIA E LIMPEZA;88086;01/07/2026;163407;87083;144;1152;288;2;0;;;145
7;7922;SABONETE LUX 85G BUQUE D JASMIM;PERFUMARIA E LIMPEZA;88086;01/07/2026;163407;87083;108;2394;108;1;0;;;10
7;6787;LEITE LV ELEGE 1L ZERO LAC SEMI DES;PERECIVEIS;88252;01/07/2026;163630;88586;12;286;48;0;0;03/07/2026;ALEX JARDIM;17
7;769;REFRIG FRUKI GUARANA PET 200ML GUARANA;BEBIDAS;88338;01/07/2026;163925;88586;12;84;12;0;0;04/07/2026;LUAN;-6
7;144;CERV AMSTEL LAGER LT 473ML;BEBIDAS;88338;01/07/2026;163925;88586;12;5976;120;10;10;04/07/2026;LUAN;261
7;815;REFRIG FRUKI PET 2L GUARANA GUARANA;BEBIDAS;88338;01/07/2026;163925;88586;6;366;60;0;0;04/07/2026;LUAN;59
7;817;REFRIG FRUKI GUARANA ZR PET 2L GUARANA ZERO;BEBIDAS;88338;01/07/2026;163925;88586;6;168;12;2;0;04/07/2026;FERNANDO.H;0
7;311;VH TRADICAO TINTO 1 4L SV;BEBIDAS;88338;01/07/2026;163925;88586;6;3651;60;10;0;04/07/2026;BRAGA;154
7;3411;CREME CULINARIO DAUS TP 200G;MERCEARIA;88338;01/07/2026;163925;88586;27;11475;810;30;0;04/07/2026;BRAGA;435
7;169;CERV HEINEKEN LT 473ML;BEBIDAS;88338;01/07/2026;163925;88586;12;1824;120;10;0;04/07/2026;FERNANDO.H;326
7;838;REFRIG FRUKI PET 3L GUARANA;BEBIDAS;88338;01/07/2026;163925;88586;4;12;20;2;2;04/07/2026;LUAN;89
7;145;CERV ANTARCTICA SUBZERO LT 473ML;BEBIDAS;88338;01/07/2026;163925;88586;12;6405;240;20;20;04/07/2026;LUAN;124
7;188;CERV POLAR EXPORT LT 473ML;BEBIDAS;88338;01/07/2026;163925;88586;12;1800;120;10;0;04/07/2026;FERNANDO.H;162
7;154;CERV BRAHMA DUPLO MALTE LT 473ML;BEBIDAS;88338;01/07/2026;163925;88586;12;2472;240;20;0;;;-1
7;207;CERV SCHIN PILSEN LT 473ML;BEBIDAS;88338;01/07/2026;163925;88586;12;31683;168;14;0;;;1708
7;216;CERV SPATEN PURO MALTE LT 473ML;BEBIDAS;88338;01/07/2026;163925;88586;12;456;36;3;0;04/07/2026;FERNANDO.H;67
7;748;REFRIG SARANDI PET 1 5L GUARANA;BEBIDAS;88338;01/07/2026;163925;88586;8;9671;160;20;0;04/07/2026;FERNANDO.H;28
7;163;CERV EISENBAHN PILSEN LT 473ML;BEBIDAS;88338;01/07/2026;163925;88586;12;3720;120;10;10;04/07/2026;LUAN;233
7;36;AGUA MIN CRYSTAL PET 500ML C GAS;BEBIDAS;88338;01/07/2026;163925;88586;12;1433;60;5;0;04/07/2026;FERNANDO.H;126
7;20810;MILHO PIPOCA ARBAZA PREMIUM 400G;MERCEARIA;88338;01/07/2026;163925;88586;12;11493;240;20;0;04/07/2026;BRAGA;341
7;43;AGUA MIN CRYSTAL PET 500ML S GAS;BEBIDAS;88338;01/07/2026;163925;88586;12;7838;120;10;0;04/07/2026;FERNANDO.H;163
7;38570;CERV PROVINCIA ULTRA GOLD LT 473ML;BEBIDAS;88338;01/07/2026;163925;88586;12;5880;36;3;0;04/07/2026;BRAGA;6
7;830;REFRIG SPRITE PET 2L;BEBIDAS;88338;01/07/2026;163925;88586;8;8;16;3;0;04/07/2026;FERNANDO.H;62
7;835;REFRIG PET COCA COLA 3L;BEBIDAS;88338;01/07/2026;163925;88586;6;426;120;20;0;04/07/2026;FERNANDO.H;201
7;25;AGUA MIN DA PEDRA PET 2L C GAS;BEBIDAS;88338;01/07/2026;163925;88586;6;114;30;0;0;04/07/2026;LUAN;0
8;648;WHISKY MASTER GOLD VD 900ML;BEBIDAS;88088;01/07/2026;163409;87079;1;96;2;2;0;;;-1
8;4254;AP PRESTOBARBA 3 LV4 PG3 MASCULINO;PERFUMARIA E LIMPEZA;88088;01/07/2026;163409;87079;6;516;6;1;0;;;-1
8;3524;FERM QUIMICO PO FLEISCHMANN PT 100G;MERCEARIA;88088;01/07/2026;163409;87079;12;324;24;2;0;;;1
8;5509;DESOD AERO AXE 152ML 90G MARINE;PERFUMARIA E LIMPEZA;88088;01/07/2026;163409;87079;12;1104;12;1;0;;;17
8;5057;COND SEDA 300ML LUMINOUS UV;PERFUMARIA E LIMPEZA;88088;01/07/2026;163409;87079;12;48;12;1;0;;;10
8;2385;LENTILHA BELLA DICA 400G;MERCEARIA;88088;01/07/2026;163409;87079;12;0;12;1;0;;;-8
8;687;ESP GARIBALDI PRIMICIAS GF 660ML ROSE;BEBIDAS;88088;01/07/2026;163409;87079;1;0;1;1;0;;;6
8;4258;AP PROBAK II LV7 PG5;PERFUMARIA E LIMPEZA;88088;01/07/2026;163409;87079;1;57;72;72;0;;;56
8;20391;MAIONESE LIZA CASEIRA 450G;MERCEARIA;88254;01/07/2026;163631;88582;12;84;36;0;0;04/07/2026;LUAN;86
8;834;REFRIG ANTARCTICA GUARANA PET 3L;BEBIDAS;88254;01/07/2026;163631;88582;4;833;24;0;0;04/07/2026;LUAN;2
8;6787;LEITE LV ELEGE 1L ZERO LAC SEMI DES;PERECIVEIS;88254;01/07/2026;163631;88582;12;286;48;0;0;04/07/2026;FERNANDO.H;-102
8;12289;AGUA SANIT IMPERIAL 1L;PERFUMARIA E LIMPEZA;88254;01/07/2026;163631;88582;12;0;24;3;0;;;0
8;784;REFRIG ANTARCTICA GUARANA PET 2L;BEBIDAS;88254;01/07/2026;163631;88582;8;176;56;0;0;04/07/2026;LUAN;0
8;20810;MILHO PIPOCA ARBAZA PREMIUM 400G;MERCEARIA;88340;01/07/2026;163926;88582;12;11493;240;20;0;;;275
8;311;VH TRADICAO TINTO 1 4L SV;BEBIDAS;88340;01/07/2026;163926;88582;6;3651;30;0;0;04/07/2026;LUAN;111
8;216;CERV SPATEN PURO MALTE LT 473ML;BEBIDAS;88340;01/07/2026;163926;88582;12;456;36;3;3;04/07/2026;LUAN;123
8;748;REFRIG SARANDI PET 1 5L GUARANA;BEBIDAS;88340;01/07/2026;163926;88582;8;9671;80;10;10;04/07/2026;LUAN;342
8;145;CERV ANTARCTICA SUBZERO LT 473ML;BEBIDAS;88340;01/07/2026;163926;88582;12;6405;240;20;20;04/07/2026;LUAN;133
8;795;REFRIG COCA COLA PET 2L ZERO;BEBIDAS;88340;01/07/2026;163926;88582;8;48;40;0;0;04/07/2026;LUAN;-35
8;144;CERV AMSTEL LAGER LT 473ML;BEBIDAS;88340;01/07/2026;163926;88582;12;5976;120;10;10;04/07/2026;LUAN;355
8;36;AGUA MIN CRYSTAL PET 500ML C GAS;BEBIDAS;88340;01/07/2026;163926;88582;12;1433;120;0;0;04/07/2026;JESUS;171
8;188;CERV POLAR EXPORT LT 473ML;BEBIDAS;88340;01/07/2026;163926;88582;12;1800;60;5;5;04/07/2026;JESUS;120
8;759;REFRIG ANTARCTICA GUARANA PET 200ML;BEBIDAS;88340;01/07/2026;163926;88582;12;3288;120;0;0;04/07/2026;JESUS;4
8;762;REFRIG COCA COLA PET 200ML;BEBIDAS;88340;01/07/2026;163926;88582;12;432;24;0;0;04/07/2026;LUAN;1
8;817;REFRIG FRUKI GUARANA ZR PET 2L GUARANA ZERO;BEBIDAS;88340;01/07/2026;163926;88582;6;168;12;0;0;04/07/2026;JESUS;0
8;33;AGUA MIN SARANDI PET 2L S GAS;BEBIDAS;88340;01/07/2026;163926;88582;8;1226;40;5;5;04/07/2026;JESUS;16
8;191;CERV PROVINCIA MALZBIER LT 473ML;BEBIDAS;88340;01/07/2026;163926;88582;12;2129;480;0;0;04/07/2026;LUAN;45
8;835;REFRIG PET COCA COLA 3L;BEBIDAS;88340;01/07/2026;163926;88582;6;426;120;0;0;04/07/2026;JESUS;160
11;17350;DET LIQ GOTA LIMPA 1L NEUTRO;PERFUMARIA E LIMPEZA;88090;01/07/2026;163410;87637;12;1752;60;5;0;01/07/2026;EVERTON;52
11;1837;PAST DOCILE ROLLY MINTY 29G FRUIT;MERCEARIA;88090;01/07/2026;163410;87637;12;1464;36;3;0;03/07/2026;AUGUSTO;36
11;23161;SABAO ZAVASKI GLIC LIMAO 200G;PERFUMARIA E LIMPEZA;88090;01/07/2026;163410;87637;50;590;50;1;0;01/07/2026;EVERTON;26
11;35726;AMAC COMFORT CRISTAIS 275G ETERNO FRESCOR;PERFUMARIA E LIMPEZA;88090;01/07/2026;163410;87637;12;0;12;1;0;01/07/2026;EVERTON;9
11;17357;DET LIQ MINUANO 500ML CLEAR;PERFUMARIA E LIMPEZA;88090;01/07/2026;163410;87637;1;10;10;0;0;01/07/2026;EVERTON;0
11;5673;DETERG GIRANDO SOL 500ML LIMAO;PERFUMARIA E LIMPEZA;88090;01/07/2026;163410;87637;24;4344;72;3;0;01/07/2026;EVERTON;24
11;3510;FERM BIO PO FLEISCHMANN SH LV 125G PG 100G;MERCEARIA;88090;01/07/2026;163410;87637;16;48;48;3;0;03/07/2026;AUGUSTO;0
11;4217;AMAC YPE 2L ACONCHEGO;PERFUMARIA E LIMPEZA;88090;01/07/2026;163410;87637;6;1332;24;4;0;01/07/2026;EVERTON;23
11;5680;DET LIQ GOTA LIMPA 500ML MACA;PERFUMARIA E LIMPEZA;88090;01/07/2026;163410;87637;24;528;96;4;0;01/07/2026;EVERTON;135
11;17343;DET LIQ BRILHANTE LIMP TOT 1 8L;PERFUMARIA E LIMPEZA;88090;01/07/2026;163410;87637;6;209;24;4;0;01/07/2026;EVERTON;23
11;4147;AMAC CONC COMFORT 400ML RF FRESCOR INTENSO;PERFUMARIA E LIMPEZA;88090;01/07/2026;163410;87637;12;0;12;1;0;01/07/2026;EVERTON;-2
11;6933;LIMP UAU LV1L PG800ML LAVANDA CONFORT;PERFUMARIA E LIMPEZA;88090;01/07/2026;163410;87637;12;0;12;1;0;01/07/2026;EVERTON;8
11;6683;LAVA ROUPA AQUAFAST 3L MULTIACAO;PERFUMARIA E LIMPEZA;88090;01/07/2026;163410;87637;4;212;4;1;0;01/07/2026;EVERTON;-1
11;5671;DETERG GIRANDO SOL 500ML COCO;PERFUMARIA E LIMPEZA;88090;01/07/2026;163410;87637;24;24;24;1;0;01/07/2026;EVERTON;2
11;207;CERV SCHIN PILSEN LT 473ML;BEBIDAS;88090;01/07/2026;163414;87077;12;31683;2640;220;0;02/07/2026;ALEXSANDER;4076
11;23158;SABAO ZAVASKI COCO 200G;PERFUMARIA E LIMPEZA;88090;01/07/2026;163410;87637;50;48;50;1;0;01/07/2026;EVERTON;15
11;8838;AMAC AQUAFAST 2L ROSA JARD FLORI;PERFUMARIA E LIMPEZA;88090;01/07/2026;163410;87637;6;413;6;1;0;01/07/2026;EVERTON;16
11;6874;LIMP M USO YPE 500ML CLASSICO;PERFUMARIA E LIMPEZA;88090;01/07/2026;163410;87637;12;12;12;1;0;01/07/2026;EVERTON;-1
11;9296;DET LIQ GOTA LIMPA 1L LIMAO;PERFUMARIA E LIMPEZA;88090;01/07/2026;163410;87637;12;2904;48;4;0;01/07/2026;EVERTON;23
11;12432;AMACIANTE YPE 1 5L PINK;PERFUMARIA E LIMPEZA;88090;01/07/2026;163410;87637;9;0;9;1;0;01/07/2026;EVERTON;8
11;31448;LUVA CHENILLE;PERFUMARIA E LIMPEZA;88090;01/07/2026;163410;87637;12;12;12;0;0;02/07/2026;MAYNARA;10
11;3953;AGUA SANIT YPE 1L;PERFUMARIA E LIMPEZA;88090;01/07/2026;163410;87637;12;1368;36;3;0;01/07/2026;EVERTON;17
11;19372;INSET NITROCID PO 50G;PERFUMARIA E LIMPEZA;88090;01/07/2026;163410;87637;1;1;1;1;0;01/07/2026;EVERTON;1
11;36721;DET LIQ AQUAFAST LAV RAP FRESH 1 5L;PERFUMARIA E LIMPEZA;88090;01/07/2026;163410;87637;9;135;9;1;0;01/07/2026;EVERTON;6
11;37728;LIMP PERF UAU CHA BRANCO PROMO 1 8L;PERFUMARIA E LIMPEZA;88090;01/07/2026;163410;87637;1;63;9;1;0;01/07/2026;EVERTON;9
11;24062;SAPONACEO CREM FONT 250ML CLORO;PERFUMARIA E LIMPEZA;88090;01/07/2026;163410;87637;12;0;12;1;0;01/07/2026;EVERTON;9
11;8789;ABS MILI COB C ABAS SV 8UN;PERFUMARIA E LIMPEZA;88090;01/07/2026;163410;87637;36;720;36;1;0;01/07/2026;EVERTON;19
11;6873;LIMP M USO YPE 500ML C ALCOOL;PERFUMARIA E LIMPEZA;88090;01/07/2026;163410;87637;12;0;12;1;0;01/07/2026;EVERTON;12
11;4113;ALVEJ GIRANDO SOL 1L LAVANDA;PERFUMARIA E LIMPEZA;88090;01/07/2026;163410;87637;12;168;12;1;0;01/07/2026;EVERTON;7
11;3686;TEMP BICARBONATO SODIO APTI 100G;MERCEARIA;88090;01/07/2026;163410;87637;20;220;20;1;0;03/07/2026;AUGUSTO;5
11;17157;DESINF APYCE 2L LAVANDA;PERFUMARIA E LIMPEZA;88090;01/07/2026;163410;87637;6;582;54;9;0;01/07/2026;EVERTON;5
11;3966;ALCOOL GEL 70 SUPER VALE 450G;PERFUMARIA E LIMPEZA;88090;01/07/2026;163410;87637;12;608;12;1;0;01/07/2026;EVERTON;9
11;1292;CHOC BARRA NESTLE 80G MEIO AMARGO;MERCEARIA;88342;01/07/2026;163927;87899;16;224;160;10;0;03/07/2026;PAMELA;38
11;35236;BOMBOM LACTA OREO 20G;MERCEARIA;88373;01/07/2026;164079;87899;27;2214;135;5;0;;;-3
12;3524;FERM QUIMICO PO FLEISCHMANN PT 100G;MERCEARIA;88092;01/07/2026;163411;87900;12;324;36;3;0;03/07/2026;AUGUSTO;0
12;22903;REMOV ESM AMAZONIA 80ML;PERFUMARIA E LIMPEZA;88092;01/07/2026;163411;87900;12;516;24;2;2;03/07/2026;JESSICA M;0
12;3510;FERM BIO PO FLEISCHMANN SH LV 125G PG 100G;MERCEARIA;88092;01/07/2026;163411;87900;16;48;48;4;0;03/07/2026;AUGUSTO;6
12;2519;KETCHUP HELLMANNS BISN 380G TRAD;MERCEARIA;88092;01/07/2026;;;1;27;5;0;0;;;7
12;7804;SABAO PO BRILHANTE 1 450 M 150G GT LIMPEZA TOTAL;PERFUMARIA E LIMPEZA;88092;01/07/2026;163411;87900;9;36;9;1;1;02/07/2026;PAMELA;9
12;2812;MACARRAO INST NISSIN 500G YAKISSOBA;MERCEARIA;88092;01/07/2026;163411;87900;20;299;20;0;0;;;14
12;35687;DESOD CREME SECRET CLEAR COTT 45G GEL;PERFUMARIA E LIMPEZA;88092;01/07/2026;163411;87900;1;2;5;2;2;03/07/2026;JESSICA M;9
12;1058;ALFAJOR EL AGUILA 60G CHOC;MERCEARIA;88092;01/07/2026;163411;87900;12;1032;12;0;0;03/07/2026;AUGUSTO;9
12;4259;AP PRESTOBARBA ULTRA GRIP 2UN;PERFUMARIA E LIMPEZA;88092;01/07/2026;163411;87900;12;0;24;2;2;03/07/2026;JESSICA M;19
12;8290;SH PANTENE 175ML HIDRATACAO;PERFUMARIA E LIMPEZA;88092;01/07/2026;163411;87900;6;42;12;2;2;03/07/2026;JESSICA M;0
12;36268;PROTETOR TERM PANTENE REPAIR 170ML;PERFUMARIA E LIMPEZA;88092;01/07/2026;163411;87900;1;47;6;6;6;03/07/2026;JESSICA M;0
12;33895;CREME DENT CLOSE UP 100G CARVAO ATIVADO;PERFUMARIA E LIMPEZA;88092;01/07/2026;163411;87900;12;72;12;0;0;;;0
12;3394;CALDO GALINHA KNORR 114G;MERCEARIA;88092;01/07/2026;163411;87900;1;681;32;32;0;03/07/2026;AUGUSTO;0
12;24329;SH HEAD SHOULDERS 400ML HIDRATACAO;PERFUMARIA E LIMPEZA;88092;01/07/2026;163411;87900;6;6;12;2;2;03/07/2026;JESSICA M;7
12;17733;ESC CAB FLORENCE RETAN 600BT;PERFUMARIA E LIMPEZA;88092;01/07/2026;163411;87900;1;0;1;0;0;03/07/2026;JESSICA M;0
12;1354;CHOC BATON GAROTO 16G BRANCO;MERCEARIA;88092;01/07/2026;163411;87900;30;0;30;1;0;;;13
12;4258;AP PROBAK II LV7 PG5;PERFUMARIA E LIMPEZA;88092;01/07/2026;163411;87900;1;57;4;11;11;03/07/2026;JESSICA M;34
12;1296;CHOC BARRA NESTLE 80G GALAK GALAK;MERCEARIA;88344;01/07/2026;163928;87900;16;272;80;5;0;;;153
12;1289;CHOC BARRA NESTLE 80G PRESTIGIO;MERCEARIA;88344;01/07/2026;163928;87900;16;32;48;3;0;;;7
12;1280;CHOC BARRA GAROTO 80G AO LEITE;MERCEARIA;88344;01/07/2026;163928;87900;16;2144;80;5;0;;;186
12;1292;CHOC BARRA NESTLE 80G MEIO AMARGO;MERCEARIA;88344;01/07/2026;163928;87900;16;224;160;10;0;;;-1
13;33895;CREME DENT CLOSE UP 100G CARVAO ATIVADO;PERFUMARIA E LIMPEZA;88094;01/07/2026;163413;87901;12;72;12;0;0;;;0
13;38441;MOLHO TOM DIA 340G TRAD;MERCEARIA;88094;01/07/2026;163413;87901;24;-11760;192;0;0;;;75
13;3510;FERM BIO PO FLEISCHMANN SH LV 125G PG 100G;MERCEARIA;88094;01/07/2026;163413;87901;16;48;112;8;0;03/07/2026;PAMELA;0
13;3399;CALDO APTI 57G BACON;MERCEARIA;88094;01/07/2026;163413;87901;120;20;120;1;0;03/07/2026;PAMELA;-7
13;8236;SH HEAD SHOULD 400ML ANTI COCEIRA;PERFUMARIA E LIMPEZA;88094;01/07/2026;163413;87901;6;6;6;1;0;;;6
13;9291;DESINF YPE BAK 1L FLORAL;PERFUMARIA E LIMPEZA;88094;01/07/2026;164564;87898;12;0;12;0;0;;;7
13;17733;ESC CAB FLORENCE RETAN 600BT;PERFUMARIA E LIMPEZA;88094;01/07/2026;163413;87901;1;0;1;1;0;;;0
13;36101;CHOC BARRA NESTLE ALPINO 80G AO LEITE;MERCEARIA;88094;01/07/2026;163413;87901;64;48;64;1;0;03/07/2026;PAMELA;27
13;19315;COT HASTES FLEX COTTONBABY PT 100UN;PERFUMARIA E LIMPEZA;88094;01/07/2026;163413;87901;1;17;1;2;0;;;6
13;648;WHISKY MASTER GOLD VD 900ML;BEBIDAS;88094;01/07/2026;163413;87901;1;96;1;1;0;03/07/2026;PAMELA;-2
13;4176;AMAC DOWNY 1 5L BRISA DE VERAO;PERFUMARIA E LIMPEZA;88218;01/07/2026;163567;87230;9;716;27;3;0;03/07/2026;WENDRIO;91
13;35122;AMAC CONC DOWNY 1 5L TROPICAL;PERFUMARIA E LIMPEZA;88218;01/07/2026;163567;87230;9;648;27;3;0;03/07/2026;WENDRIO;67
13;33491;AMACIANTE DOWNY 1 5L ALFAZEMA;PERFUMARIA E LIMPEZA;88218;01/07/2026;163567;87230;9;108;18;2;0;03/07/2026;WENDRIO;-2
13;4178;AMAC DOWNY 1 5L LIRIOS DO CAMPO;PERFUMARIA E LIMPEZA;88218;01/07/2026;163567;87230;9;558;27;3;0;03/07/2026;WENDRIO;37
13;4177;AMAC DOWNY 1 5L BRISA INTENSO;PERFUMARIA E LIMPEZA;88218;01/07/2026;163567;87230;9;630;45;5;0;03/07/2026;WENDRIO;25
13;1271;CHOC BARRA GAROTO 80G CROCANTE;MERCEARIA;88346;01/07/2026;163929;87901;16;160;32;2;0;03/07/2026;PAMELA;1
14;6801;LEITE UHT TP NINHO 1L INTEGRAL;PERECIVEIS;88068;01/07/2026;163395;87891;12;1779;12;1;1;04/07/2026;FERNANDO.H;112
14;6781;LEITE LV EDGE ELEGE 1L INTEGRAL;PERECIVEIS;88068;01/07/2026;163395;87891;12;204;12;0;0;04/07/2026;FERNANDO.H;763
14;6780;LEITE NINHO UHT TP LEVINHO 1L SEMI DESNATADO;PERECIVEIS;88068;01/07/2026;163395;87891;12;84;12;0;0;04/07/2026;FERNANDO.H;2
14;6792;LEITE UHT PET ELEGE 1L INTEGRAL;PERECIVEIS;88068;01/07/2026;163395;87891;6;5035;12;9;9;04/07/2026;FERNANDO.H;40
14;6791;LEITE UHT PET ELEGE 1L DESNATADO;PERECIVEIS;88068;01/07/2026;163395;87891;6;516;36;0;0;04/07/2026;FERNANDO.H;16
14;6782;LEITE UHT TIROL C TAMPA 1L DESN;PERECIVEIS;88068;01/07/2026;163395;87891;12;2837;12;3;3;04/07/2026;FERNANDO.H;110
14;9756;LEITE TIROL INTEGRAL ZR LACTOSE 1L;PERECIVEIS;88068;01/07/2026;163395;87891;12;540;324;27;27;04/07/2026;FERNANDO.H;35
14;1282;CHOC BARRA LACTA AO LEITE 80G;MERCEARIA;88096;01/07/2026;163415;87891;17;0;17;1;0;03/07/2026;JESSICA M;51
14;213;CERV SKOL PILSEN LT 473ML;BEBIDAS;88096;01/07/2026;163415;87891;12;27516;60;5;0;;;1751
14;21686;PAPEL HIG MILI NEUTRO FLA SPL 60M 4UN;PERFUMARIA E LIMPEZA;88096;01/07/2026;163415;87891;24;0;24;1;0;02/07/2026;MAYNARA;23
14;9974;PAPEL TOALHA MILI 2UN;PERFUMARIA E LIMPEZA;88096;01/07/2026;163415;87891;12;504;60;6;0;02/07/2026;MAYNARA;6
14;29542;CARVAO VEG CHURRASCO NA BRASA 3KG;NAO ALIMENTO;88096;01/07/2026;163415;87891;1;110;16;16;16;04/07/2026;BRAGA;22
14;21680;PAPEL HIG ATUALLE 20M FLA DP 12UN;PERFUMARIA E LIMPEZA;88096;01/07/2026;163415;87891;8;0;16;2;0;02/07/2026;MAYNARA;7
14;21733;PAPEL TOALHA MILI BIANCO 2UN;PERFUMARIA E LIMPEZA;88096;01/07/2026;163415;87891;12;252;24;2;0;02/07/2026;MAYNARA;128
14;17191;DESINF IMPERIAL 5L PINHO;PERFUMARIA E LIMPEZA;88096;01/07/2026;;;4;8;4;0;0;;;1
14;37960;CHA BARAO 15G DA NOITE;MERCEARIA;88096;01/07/2026;163415;87891;30;120;30;0;0;;;13
14;1400;CHOC CARIBE GAROTO 28G CANDYBAR;MERCEARIA;88096;01/07/2026;163415;87891;30;0;30;1;0;03/07/2026;JESSICA M;22
14;7358;PAPEL HIG MILI NEUTRO FHA DPL 30M 12UN;PERFUMARIA E LIMPEZA;88096;01/07/2026;163415;87891;8;129;16;2;0;02/07/2026;MAYNARA;-4
14;52;AGUA MIN FLORESTA PET 5L S GAS;BEBIDAS;88096;01/07/2026;163415;87891;4;36;12;0;0;04/07/2026;BRAGA;-36
14;815;REFRIG FRUKI PET 2L GUARANA GUARANA;BEBIDAS;88096;01/07/2026;163415;87891;6;366;36;0;0;04/07/2026;BRAGA;26
14;786;REFRIG ANTARCTICA GUARANA PET 2L ZERO;BEBIDAS;88096;01/07/2026;163415;87891;8;1280;72;0;0;04/07/2026;BRAGA;-8
14;8966;CARVAO CHAMA CAMPEIRA 5KG;NAO ALIMENTO;88096;01/07/2026;163415;87891;1;464;2;2;2;04/07/2026;BRAGA;82
14;15615;CARVAO VEG CHURRASCO NA BRASA 5KG;NAO ALIMENTO;88096;01/07/2026;163415;87891;1;271;2;2;2;04/07/2026;BRAGA;-2
14;21679;PAPEL HIG MAXPEL PREMIUM FS 60M L12P11;PERFUMARIA E LIMPEZA;88096;01/07/2026;163415;87891;6;0;24;4;0;02/07/2026;MAYNARA;1
14;37429;AGUA SANITARIA SUPREMA 5 L;PERFUMARIA E LIMPEZA;88096;01/07/2026;;;3;33;3;0;0;;;0
14;2757;FARINHA TRIGO MARIA INES 1KG INTEG;MERCEARIA;88096;01/07/2026;163415;87891;10;0;10;0;0;;;43
14;790;REFRIG CHARRUA GUARANA PET 2L;BEBIDAS;88096;01/07/2026;163415;87891;8;56;8;0;0;04/07/2026;BRAGA;-5
14;38441;MOLHO TOM DIA 340G TRAD;MERCEARIA;88096;01/07/2026;163415;87891;24;-11760;192;0;0;;;8
14;21684;PAPEL HIG MILI NEUTRO FLA DPL 30M 4UN;PERFUMARIA E LIMPEZA;88096;01/07/2026;163415;87891;24;50;48;2;0;02/07/2026;MAYNARA;48
14;21688;PAPEL HIG MILI PERFUM FLA SPL 60M 4UN;PERFUMARIA E LIMPEZA;88096;01/07/2026;163415;87891;24;0;24;1;0;02/07/2026;MAYNARA;15
14;8140;SH ANTIC CLEAR 400ML ICE COOL MENTOL;PERFUMARIA E LIMPEZA;88096;01/07/2026;163415;87891;12;48;12;1;0;03/07/2026;AUGUSTO;9
14;17733;ESC CAB FLORENCE RETAN 600BT;PERFUMARIA E LIMPEZA;88096;01/07/2026;163415;87891;1;0;1;1;0;03/07/2026;AUGUSTO;-1
14;33895;CREME DENT CLOSE UP 100G CARVAO ATIVADO;PERFUMARIA E LIMPEZA;88096;01/07/2026;163415;87891;12;72;12;0;0;;;12
14;36868;HID LABIAL CARMED MELANCIA 10G;PERFUMARIA E LIMPEZA;88096;01/07/2026;163415;87891;1;15;4;4;0;03/07/2026;AUGUSTO;-1
14;1058;ALFAJOR EL AGUILA 60G CHOC;MERCEARIA;88096;01/07/2026;163415;87891;12;1032;12;0;0;03/07/2026;JESSICA M;-10
14;840;REFRIG PEPSI PET 3L;BEBIDAS;88096;01/07/2026;163415;87891;4;712;4;2;0;;;2
14;48;AGUA MIN FLORESTA PET 500ML C GAS;BEBIDAS;88348;01/07/2026;163930;87891;12;47;1944;162;0;;;442
14;815;REFRIG FRUKI PET 2L GUARANA GUARANA;BEBIDAS;88348;01/07/2026;163930;87891;6;366;60;0;0;04/07/2026;BRAGA;26
14;20810;MILHO PIPOCA ARBAZA PREMIUM 400G;MERCEARIA;88348;01/07/2026;163930;87891;12;11493;120;10;0;;;309
14;1280;CHOC BARRA GAROTO 80G AO LEITE;MERCEARIA;88348;01/07/2026;163930;87891;16;2144;80;5;0;03/07/2026;JESSICA M;36
14;43;AGUA MIN CRYSTAL PET 500ML S GAS;BEBIDAS;88348;01/07/2026;163930;87891;12;7838;240;0;0;04/07/2026;BRAGA;368
14;36;AGUA MIN CRYSTAL PET 500ML C GAS;BEBIDAS;88348;01/07/2026;163930;87891;12;1433;60;5;5;04/07/2026;BRAGA;310
14;806;REFRIG FANTA LARANJA PET 2L;BEBIDAS;88348;01/07/2026;163930;87891;8;392;40;5;0;;;-20
14;33;AGUA MIN SARANDI PET 2L S GAS;BEBIDAS;88348;01/07/2026;163930;87891;8;1226;40;5;5;04/07/2026;BRAGA;29
14;12;AGUA MIN AGUA DA PEDRA PET 1 5L S GAS;BEBIDAS;88348;01/07/2026;163930;87891;6;0;12;2;2;04/07/2026;BRAGA;27
17;9756;LEITE TIROL INTEGRAL ZR LACTOSE 1L;PERECIVEIS;88070;01/07/2026;163396;87902;12;540;252;25;0;;;68
17;9741;LEITE SANTA CLARA LV SEMI DESN 1L;PERECIVEIS;88070;01/07/2026;163396;87902;12;551;48;10;0;;;-42
17;6787;LEITE LV ELEGE 1L ZERO LAC SEMI DES;PERECIVEIS;88070;01/07/2026;163396;87902;12;286;12;2;0;;;-108
17;12528;AP GILLETTE C 8 L8P6;PERFUMARIA E LIMPEZA;88098;01/07/2026;163416;87902;3;16;3;1;0;03/07/2026;PAMELA;21
17;3510;FERM BIO PO FLEISCHMANN SH LV 125G PG 100G;MERCEARIA;88098;01/07/2026;163416;87902;16;48;32;3;0;03/07/2026;AUGUSTO;50
17;2923;ACHOC LIQ SHOWKINHO 1L;MERCEARIA;88098;01/07/2026;163416;87902;12;240;24;2;0;;;0
17;38441;MOLHO TOM DIA 340G TRAD;MERCEARIA;88098;01/07/2026;163416;87902;24;-11760;168;0;0;;;97
17;607;SUCO DEL VALLE TP 1L UVA;BEBIDAS;88098;01/07/2026;163416;87902;6;24;6;1;0;02/07/2026;MIKAEL;9
17;3399;CALDO APTI 57G BACON;MERCEARIA;88098;01/07/2026;163416;87902;120;20;120;1;0;03/07/2026;AUGUSTO;5
17;1843;DROPS FREEGELLS 27 9G CEREJA;MERCEARIA;88098;01/07/2026;163416;87902;12;0;12;1;0;03/07/2026;AUGUSTO;1
17;24481;SPRAY PANTENE TRAT QUERATINA 160ML;PERFUMARIA E LIMPEZA;88098;01/07/2026;163416;87902;9;0;9;1;0;03/07/2026;PAMELA;9
17;304;VH SANGUE BOI TINTO 4L SV;BEBIDAS;88098;01/07/2026;163416;87902;2;1;2;1;0;02/07/2026;MIKAEL;5
17;22796;RATICIDA RODILON ISCA 25G;PERFUMARIA E LIMPEZA;88098;01/07/2026;163416;87902;40;160;40;0;0;;;2
17;33720;COQUETEL CHICOTE PET 500ML LIMAO;BEBIDAS;88098;01/07/2026;163416;87902;12;12;12;1;0;02/07/2026;MIKAEL;18
17;784;REFRIG ANTARCTICA GUARANA PET 2L;BEBIDAS;88098;01/07/2026;163416;87902;8;176;48;10;0;03/07/2026;JOCELAINE;-83
17;1431;CHOC KIT KAT 41 5G DARK;MERCEARIA;88098;01/07/2026;163416;87902;24;0;24;1;0;03/07/2026;AUGUSTO;38
17;33868;REFRE HAPPY TP 200ML UVA;BEBIDAS;88098;01/07/2026;163416;87902;24;24;24;1;0;02/07/2026;MIKAEL;2
17;347;CERV PATAGONIA AMBER LT 473ML;BEBIDAS;88098;01/07/2026;163416;87902;6;5;6;1;0;02/07/2026;MIKAEL;18
17;716;FILTRADO GOTA D CRISTAL 660ML DOCE BRANCO;BEBIDAS;88098;01/07/2026;163416;87902;12;192;24;2;0;02/07/2026;MIKAEL;0
17;33895;CREME DENT CLOSE UP 100G CARVAO ATIVADO;PERFUMARIA E LIMPEZA;88098;01/07/2026;163416;87902;12;72;12;1;0;03/07/2026;PAMELA;0
17;2302;FEIJAO BRANCO CALDO OURO 500G;MERCEARIA;88098;01/07/2026;163416;87902;10;475;30;3;0;;;69
17;32;AGUA MIN SARANDI PET 2L C GAS;BEBIDAS;88098;01/07/2026;163416;87902;8;1664;8;6;0;03/07/2026;JOCELAINE;42
17;8238;SH HEAD SHOULD 400ML MENTHOL;PERFUMARIA E LIMPEZA;88098;01/07/2026;163416;87902;6;0;6;1;0;03/07/2026;PAMELA;38
17;17733;ESC CAB FLORENCE RETAN 600BT;PERFUMARIA E LIMPEZA;88098;01/07/2026;163416;87902;1;0;1;1;0;03/07/2026;PAMELA;1
17;4178;AMAC DOWNY 1 5L LIRIOS DO CAMPO;PERFUMARIA E LIMPEZA;88222;01/07/2026;163569;87232;9;558;45;5;0;01/07/2026;MIKAEL;16
17;12404;AMACIANTE DOWNY 1 5L BRISA SUAVE;PERFUMARIA E LIMPEZA;88222;01/07/2026;163569;87232;9;405;90;10;0;01/07/2026;MIKAEL;32
17;4177;AMAC DOWNY 1 5L BRISA INTENSO;PERFUMARIA E LIMPEZA;88222;01/07/2026;163569;87232;9;630;45;5;0;01/07/2026;MIKAEL;2
17;35122;AMAC CONC DOWNY 1 5L TROPICAL;PERFUMARIA E LIMPEZA;88222;01/07/2026;163569;87232;9;648;18;2;0;01/07/2026;MIKAEL;19
17;33491;AMACIANTE DOWNY 1 5L ALFAZEMA;PERFUMARIA E LIMPEZA;88222;01/07/2026;163569;87232;9;108;45;5;0;01/07/2026;MIKAEL;-17
17;4176;AMAC DOWNY 1 5L BRISA DE VERAO;PERFUMARIA E LIMPEZA;88222;01/07/2026;163569;87232;9;716;45;5;0;01/07/2026;MIKAEL;18
17;9741;LEITE SANTA CLARA LV SEMI DESN 1L;PERECIVEIS;88264;01/07/2026;163636;87902;12;551;36;10;0;;;-42
17;1271;CHOC BARRA GAROTO 80G CROCANTE;MERCEARIA;88350;01/07/2026;163931;87902;16;160;32;2;0;03/07/2026;AUGUSTO;0
17;1292;CHOC BARRA NESTLE 80G MEIO AMARGO;MERCEARIA;88350;01/07/2026;163931;87902;16;224;80;5;0;03/07/2026;AUGUSTO;69
17;896;REFRIG FANTA LARANJA LT 350ML;BEBIDAS;88350;01/07/2026;163931;87902;6;486;30;5;0;02/07/2026;MIKAEL;60
17;829;REFRIG SODA LIMONADA PET 2L;BEBIDAS;88350;01/07/2026;163931;87902;8;468;80;10;0;02/07/2026;MIKAEL;4
17;191;CERV PROVINCIA MALZBIER LT 473ML;BEBIDAS;88350;01/07/2026;163931;87902;12;2129;120;10;0;03/07/2026;JOCELAINE;36
17;240;VH DEL GRANO GOLD TINTO 750ML SV;BEBIDAS;88350;01/07/2026;163931;87902;6;186;12;2;0;02/07/2026;MIKAEL;25
17;32;AGUA MIN SARANDI PET 2L C GAS;BEBIDAS;88350;01/07/2026;163931;87902;8;1664;40;6;0;03/07/2026;JOCELAINE;42
17;80;AGUA TONICA ANTARCTICA LT 350ML ZR;BEBIDAS;88350;01/07/2026;163931;87902;12;120;36;3;0;02/07/2026;MIKAEL;24
18;35687;DESOD CREME SECRET CLEAR COTT 45G GEL;PERFUMARIA E LIMPEZA;88100;01/07/2026;163417;87084;1;2;3;3;0;02/07/2026;GUILHERME B;12
18;33255;REFRIG CHARRUA PET 3L GUARANA;BEBIDAS;88100;01/07/2026;163417;87084;6;121;30;0;0;01/07/2026;BRUNO ANTUNES;322
18;7356;PAPEL HIG DUETTO 4 UN DE 30M PERFUMADO;PERFUMARIA E LIMPEZA;88100;01/07/2026;163417;87084;16;0;16;0;0;01/07/2026;ELIAS;29
18;15296;CALDO MAGGI 57G LEGUMES;MERCEARIA;88100;01/07/2026;163417;87084;10;10;10;1;0;02/07/2026;JESSICA M;62
18;8966;CARVAO CHAMA CAMPEIRA 5KG;NAO ALIMENTO;88100;01/07/2026;163417;87084;1;464;1;0;0;01/07/2026;BRUNO ANTUNES;27
18;648;WHISKY MASTER GOLD VD 900ML;BEBIDAS;88100;01/07/2026;163417;87084;1;96;5;5;0;02/07/2026;JESSICA M;5
18;24329;SH HEAD SHOULDERS 400ML HIDRATACAO;PERFUMARIA E LIMPEZA;88100;01/07/2026;163417;87084;6;6;18;3;0;02/07/2026;GUILHERME B;14
18;825;REFRIG PEPSI PET 2L;BEBIDAS;88100;01/07/2026;163417;87084;8;1784;16;0;0;01/07/2026;BRUNO ANTUNES;38
18;8238;SH HEAD SHOULD 400ML MENTHOL;PERFUMARIA E LIMPEZA;88100;01/07/2026;163417;87084;6;0;6;1;0;02/07/2026;GUILHERME B;28
18;5850;ESC DENTAL ORAL B PRO;PERFUMARIA E LIMPEZA;88100;01/07/2026;163417;87084;12;36;72;6;0;02/07/2026;GUILHERME B;40
18;3510;FERM BIO PO FLEISCHMANN SH LV 125G PG 100G;MERCEARIA;88100;01/07/2026;163417;87084;16;48;16;1;0;02/07/2026;JESSICA M;0
18;1280;CHOC BARRA GAROTO 80G AO LEITE;MERCEARIA;88352;01/07/2026;163932;88469;16;2144;80;5;0;02/07/2026;MONIQUE;98
18;1296;CHOC BARRA NESTLE 80G GALAK GALAK;MERCEARIA;88352;01/07/2026;163932;88469;16;272;160;10;0;02/07/2026;MONIQUE;151
18;1289;CHOC BARRA NESTLE 80G PRESTIGIO;MERCEARIA;88352;01/07/2026;163932;88469;16;32;48;3;0;02/07/2026;MONIQUE;55
1;17340;DET LIQ BIO KRISS 500ML CLEAR;PERFUMARIA E LIMPEZA;88537;02/07/2026;164517;88584;24;11208;24;2;2;03/07/2026;E.RODRIGUES;0
1;17415;DET PO GOTA LIMPA 800G HARMONIA;PERFUMARIA E LIMPEZA;88537;02/07/2026;164517;88584;20;0;20;0;0;03/07/2026;E.RODRIGUES;0
1;3635;SAL MOIDO CBS 1KG;MERCEARIA;88537;02/07/2026;164517;88584;10;2764;10;1;0;;;2
1;2385;LENTILHA BELLA DICA 400G;MERCEARIA;88537;02/07/2026;164517;88584;12;0;12;1;0;;;0
1;5691;DETERG YPE 500 ML CLEAR;PERFUMARIA E LIMPEZA;88537;02/07/2026;164517;88584;24;46;24;0;0;03/07/2026;E.RODRIGUES;10
1;3948;AGUA SANIT GOTA LIMPA 1L;PERFUMARIA E LIMPEZA;88537;02/07/2026;164517;88584;12;614;12;1;1;03/07/2026;E.RODRIGUES;11
1;17191;DESINF IMPERIAL 5L PINHO;PERFUMARIA E LIMPEZA;88537;02/07/2026;164517;88584;4;8;4;0;0;03/07/2026;E.RODRIGUES;4
1;20316;MACARRAO INST GERMANI 63G CARNE;MERCEARIA;88537;02/07/2026;164517;88584;50;7749;300;6;0;04/07/2026;JESSICA;179
1;2382;LENTILHA YOKI TP2 400G;MERCEARIA;88537;02/07/2026;164517;88584;16;158;16;1;0;;;44
1;740;REFRIG COCA COLA PET 1 5L;BEBIDAS;88537;02/07/2026;164517;88584;8;0;8;0;0;03/07/2026;WENDRIO;3
1;830;REFRIG SPRITE PET 2L;BEBIDAS;88537;02/07/2026;164517;88584;8;8;8;0;0;03/07/2026;WENDRIO;25
1;52;AGUA MIN FLORESTA PET 5L S GAS;BEBIDAS;88537;02/07/2026;164517;88584;4;36;4;0;0;03/07/2026;WENDRIO;0
1;17322;DET LIQ APYCE SUPERAC SH 800ML;PERFUMARIA E LIMPEZA;88537;02/07/2026;164517;88584;12;0;12;0;0;03/07/2026;E.RODRIGUES;0
1;37737;LIMP PERF UAU CHA BRANCO 500ML;PERFUMARIA E LIMPEZA;88537;02/07/2026;164517;88584;24;20;24;0;0;03/07/2026;E.RODRIGUES;6
1;17341;DET LIQ BIO KRISS 500ML NEUTRO;PERFUMARIA E LIMPEZA;88537;02/07/2026;164517;88584;24;12840;24;2;2;03/07/2026;E.RODRIGUES;0
1;17350;DET LIQ GOTA LIMPA 1L NEUTRO;PERFUMARIA E LIMPEZA;88537;02/07/2026;164517;88584;12;1752;24;2;2;03/07/2026;E.RODRIGUES;25
1;37437;AGUA SANITARIA SUPREMA 2 L;PERFUMARIA E LIMPEZA;88537;02/07/2026;164517;88584;6;2844;24;3;3;03/07/2026;E.RODRIGUES;20
1;5064;COND SEDA 325ML CACHOS DEFINIDO;PERFUMARIA E LIMPEZA;88537;02/07/2026;164517;88584;12;72;12;1;0;03/07/2026;MONIQUE;7
1;2302;FEIJAO BRANCO CALDO OURO 500G;MERCEARIA;88537;02/07/2026;164517;88584;10;475;10;1;0;;;5
1;2905;MASSA C OVOS ISABELA 500G NIN LARGO;MERCEARIA;88537;02/07/2026;164517;88584;20;0;20;2;0;04/07/2026;JESSICA;0
1;4348;TALCO BARUEL TENYS PE 100G PO WOMAN;PERFUMARIA E LIMPEZA;88537;02/07/2026;164517;88584;12;0;12;2;2;03/07/2026;BRUNO ANTUNES;0
1;5076;COND SEDA 325ML PRET ILUMINOS;PERFUMARIA E LIMPEZA;88537;02/07/2026;164517;88584;12;72;12;1;1;03/07/2026;BRUNO ANTUNES;9
1;17157;DESINF APYCE 2L LAVANDA;PERFUMARIA E LIMPEZA;88537;02/07/2026;164517;88584;6;582;12;2;2;03/07/2026;E.RODRIGUES;9
1;7798;SABAO BARRA YPE 900G GLIC ALOE VERA;PERFUMARIA E LIMPEZA;88537;02/07/2026;164517;88584;12;192;12;1;1;03/07/2026;E.RODRIGUES;10
1;23135;SABAO FONT COCO 200G;PERFUMARIA E LIMPEZA;88537;02/07/2026;164517;88584;36;0;36;0;0;03/07/2026;E.RODRIGUES;9
1;5244;CR DEN SORRISO 70G TRIPLA LIMPEZA COMPLETA;PERFUMARIA E LIMPEZA;88537;02/07/2026;164517;88584;144;3600;144;1;1;03/07/2026;BRUNO ANTUNES;76
1;5269;CR DENTAL ORAL B 123 70G;PERFUMARIA E LIMPEZA;88537;02/07/2026;164517;88584;108;6524;216;2;2;03/07/2026;BRUNO ANTUNES;273
1;20356;MAC INST NISSIN MONICA 85G TOMATE;MERCEARIA;88537;02/07/2026;164517;88584;50;950;50;1;0;04/07/2026;JESSICA;18
1;3402;CALDO APTI 57G LEGUMES;MERCEARIA;88537;02/07/2026;164517;88584;120;116;120;1;0;04/07/2026;JESSICA;10
1;4277;AREIA SANITARIA BEAUTICAT 4KG;PRODUTOS PET;88537;02/07/2026;164517;88584;5;0;5;1;0;04/07/2026;JESSICA;15
1;7356;PAPEL HIG DUETTO 4 UN DE 30M PERFUMADO;PERFUMARIA E LIMPEZA;88537;02/07/2026;164517;88584;16;0;16;0;0;03/07/2026;WILLIAN MATEUS;8
1;5220;CR DEN COLGATE 90G MPA;PERFUMARIA E LIMPEZA;88537;02/07/2026;164517;88584;144;144;144;0;0;03/07/2026;E.RODRIGUES;73
1;12289;AGUA SANIT IMPERIAL 1L;PERFUMARIA E LIMPEZA;88537;02/07/2026;164517;88584;12;0;12;0;0;03/07/2026;E.RODRIGUES;0
1;438;COQUETEL PATRICIA DO SUL VD 790ML;BEBIDAS;88537;02/07/2026;164517;88584;12;2148;12;1;1;03/07/2026;WENDRIO;13
1;10149;SAB FARNESE 180G PURO HIDR;PERFUMARIA E LIMPEZA;88537;02/07/2026;164517;88584;36;504;36;1;1;03/07/2026;BRUNO ANTUNES;7
1;18742;FRALDA DESC FERINHA HIPER C 46 G;PERFUMARIA E LIMPEZA;88537;02/07/2026;164517;88584;6;0;6;0;0;03/07/2026;E.RODRIGUES;2
1;904;REFRIG PEPSI LT 350ML;BEBIDAS;88537;02/07/2026;164517;88584;12;1044;12;0;0;03/07/2026;WENDRIO;4
1;833;REFRIG SUKITA PET 2L UVA;BEBIDAS;88537;02/07/2026;164517;88584;8;368;8;0;0;03/07/2026;WENDRIO;8
1;6683;LAVA ROUPA AQUAFAST 3L MULTIACAO;PERFUMARIA E LIMPEZA;88537;02/07/2026;164517;88584;4;212;4;0;0;03/07/2026;E.RODRIGUES;7
1;23161;SABAO ZAVASKI GLIC LIMAO 200G;PERFUMARIA E LIMPEZA;88537;02/07/2026;164517;88584;50;590;50;1;1;03/07/2026;E.RODRIGUES;29
1;5682;DET LIQ GOTA LIMPA 500ML NEUTRO;PERFUMARIA E LIMPEZA;88537;02/07/2026;164517;88584;24;4563;24;0;0;03/07/2026;E.RODRIGUES;88
1;5599;DESOD AERO REXONA 150ML 90G ACT EMOTION;PERFUMARIA E LIMPEZA;88875;02/07/2026;165335;88422;12;216;24;2;2;02/07/2026;TEIXEIRA;8
1;7883;SABONETE DOVE 90G ORIGINAL;PERFUMARIA E LIMPEZA;88875;02/07/2026;165335;88422;48;9529;144;3;3;02/07/2026;ERICA;70
1;17357;DET LIQ MINUANO 500ML CLEAR;PERFUMARIA E LIMPEZA;88939;02/07/2026;165498;88513;24;10;288;26;12;04/07/2026;IAGO;0
2;4994;COND MONANGE 325ML HIDRATA C PODER;PERFUMARIA E LIMPEZA;88539;02/07/2026;164518;87893;12;0;12;1;1;03/07/2026;PAMELA;3
2;5291;CR PENT MONANGE 300ML CACHOS QUE TAL;PERFUMARIA E LIMPEZA;88539;02/07/2026;164518;87893;12;0;24;2;2;03/07/2026;PAMELA;0
2;5845;ESC DENTAL ORAL B INDICAT35 L2P1;PERFUMARIA E LIMPEZA;88539;02/07/2026;164518;87893;1;7;1;0;0;03/07/2026;ALEXSANDER;5
2;13514;BLO LIXA P UNHA BONITTA;PERFUMARIA E LIMPEZA;88539;02/07/2026;164518;87893;1;0;1;0;0;03/07/2026;ALEXSANDER;5
2;36186;CR TRAT ELSEVE COLLAGEN 300G;PERFUMARIA E LIMPEZA;88539;02/07/2026;164518;87893;6;6;6;0;0;03/07/2026;PAMELA;5
2;18986;GEL JAY LUC BR MOLHADO 240G N2 AZUL;PERFUMARIA E LIMPEZA;88539;02/07/2026;164518;87893;24;0;24;2;2;03/07/2026;PAMELA;0
2;3433;SOPA CARNE MAGGI 63G CONCHINHAS;MERCEARIA;88539;02/07/2026;164518;87893;10;8;10;1;0;03/07/2026;JESSICA M;18
2;3512;FERM PO BIOL GOOD INSTANT SH 10G;MERCEARIA;88539;02/07/2026;164518;87893;30;1080;30;1;0;03/07/2026;JESSICA M;52
2;24653;TCO TENYS PE BARUEL PO 100G ORIG;PERFUMARIA E LIMPEZA;88539;02/07/2026;164518;87893;12;48;48;4;4;03/07/2026;ALEXSANDER;0
2;7385;PAST ADES HARPIC 2EM1 L3 P2 PINHO;PERFUMARIA E LIMPEZA;88539;02/07/2026;164518;87893;24;24;24;1;1;03/07/2026;ALEXSANDER;51
2;15657;CD MONANGE 325ML BOOST CRESC;PERFUMARIA E LIMPEZA;88539;02/07/2026;164518;87893;12;36;12;0;0;03/07/2026;PAMELA;10
2;17290;DESOD ROLLON DOVE 50ML;PERFUMARIA E LIMPEZA;88539;02/07/2026;164518;87893;12;3;12;0;0;03/07/2026;PAMELA;0
2;17733;ESC CAB FLORENCE RETAN 600BT;PERFUMARIA E LIMPEZA;88539;02/07/2026;164518;87893;1;0;1;0;0;03/07/2026;ALEXSANDER;1
2;5551;DESOD AERO MONANGE 90G FLOR DE LAVANDA;PERFUMARIA E LIMPEZA;88539;02/07/2026;164518;87893;12;456;12;1;1;03/07/2026;PAMELA;6
2;3431;SOPA GALINHA MAGGI 60G FIDELINI;MERCEARIA;88539;02/07/2026;164518;87893;10;9;10;1;0;03/07/2026;JESSICA M;22
2;4988;COND JAY LUC 1L NEUTRO;PERFUMARIA E LIMPEZA;88539;02/07/2026;164518;87893;12;468;12;0;0;03/07/2026;PAMELA;8
2;33666;SABONETE LUX 85G GARD E OLEO AME;PERFUMARIA E LIMPEZA;88539;02/07/2026;164518;87893;108;2484;108;0;0;03/07/2026;PAMELA;30
2;24649;TCO POLVILHO ANT GRANADO 100G TRAD;PERFUMARIA E LIMPEZA;88539;02/07/2026;164518;87893;12;2;12;0;0;03/07/2026;PAMELA;1
2;34564;CREME JOAO E MARIA 40G P ASSADURA;PERFUMARIA E LIMPEZA;88539;02/07/2026;164518;87893;1;0;8;0;0;03/07/2026;ALEXSANDER;1
2;21787;PEDRA POMES STA CLARA R 199;PERFUMARIA E LIMPEZA;88539;02/07/2026;164518;87893;6;0;6;0;0;03/07/2026;ALEXSANDER;3
2;33966;ESTOPA POLIMENTO MIL MILHAS 150G;PERFUMARIA E LIMPEZA;88539;02/07/2026;164518;87893;24;0;24;0;0;03/07/2026;ALEXSANDER;2
2;5032;COND PANTENE 175ML RESTAUR PROFUND;PERFUMARIA E LIMPEZA;88539;02/07/2026;164518;87893;6;0;6;0;0;03/07/2026;ALEXSANDER;8
2;18737;FRALDA DESC BABYSEC ULTSEC MEGA G 32 UN;PERFUMARIA E LIMPEZA;88539;02/07/2026;164518;87893;6;132;6;1;1;03/07/2026;PAMELA;16
2;17285;DESOD ROLLON DI HELLEN 55ML FEM;PERFUMARIA E LIMPEZA;88539;02/07/2026;164518;87893;12;0;12;1;0;03/07/2026;MONIQUE;27
2;9134;CONDICIONADOR MONANGE 325ML HIALURONICO RES;PERFUMARIA E LIMPEZA;88539;02/07/2026;164518;87893;12;0;12;1;1;03/07/2026;ALEXSANDER;9
2;19315;COT HASTES FLEX COTTONBABY PT 100UN;PERFUMARIA E LIMPEZA;88539;02/07/2026;164518;87893;1;17;1;0;0;03/07/2026;ALEXSANDER;60
2;33895;CREME DENT CLOSE UP 100G CARVAO ATIVADO;PERFUMARIA E LIMPEZA;88539;02/07/2026;164518;87893;12;72;12;0;0;03/07/2026;ALEXSANDER;14
2;6128;FRALDA CONFORTSEC PAMPERS P 50UN;PERFUMARIA E LIMPEZA;88539;02/07/2026;164518;87893;3;0;3;0;0;03/07/2026;PAMELA;6
2;5293;CR PENT MONANGE 300ML LISOS TE QUERO;PERFUMARIA E LIMPEZA;88539;02/07/2026;164518;87893;12;0;12;1;1;03/07/2026;PAMELA;9
2;35687;DESOD CREME SECRET CLEAR COTT 45G GEL;PERFUMARIA E LIMPEZA;88539;02/07/2026;164518;87893;1;2;1;0;0;03/07/2026;ALEXSANDER;10
2;4348;TALCO BARUEL TENYS PE 100G PO WOMAN;PERFUMARIA E LIMPEZA;88539;02/07/2026;164518;87893;12;0;12;1;1;03/07/2026;PAMELA;0
2;8255;SH MONANGE 325ML HIDRATA C PODER;PERFUMARIA E LIMPEZA;88539;02/07/2026;164518;87893;12;72;24;2;2;03/07/2026;PAMELA;12
2;12168;ABS DEFINITY C ABAS C 8;PERFUMARIA E LIMPEZA;88539;02/07/2026;164518;87893;60;600;120;2;2;03/07/2026;PAMELA;54
2;3510;FERM BIO PO FLEISCHMANN SH LV 125G PG 100G;MERCEARIA;88539;02/07/2026;164518;87893;16;48;16;2;0;03/07/2026;JESSICA M;5
2;3377;CALDO KNORR 57G CARNE;MERCEARIA;88539;02/07/2026;164518;87893;10;0;10;1;0;03/07/2026;JESSICA M;7
2;13260;BIFINHO PETISCAO TABLETE 60G CAR;PRODUTOS PET;88539;02/07/2026;164518;87893;24;864;24;1;0;02/07/2026;MONIQUE;17
2;13059;BANHEIRA ADOLETA INF 20L ROSA BEBE;PERFUMARIA E LIMPEZA;88539;02/07/2026;164518;87893;1;0;1;0;0;03/07/2026;PAMELA;4
2;22796;RATICIDA RODILON ISCA 25G;PERFUMARIA E LIMPEZA;88539;02/07/2026;164518;87893;40;160;40;0;0;03/07/2026;PAMELA;8
2;10178;SABON PALMOLIVE NATURALS 85G KARITE;PERFUMARIA E LIMPEZA;88539;02/07/2026;164518;87893;108;972;216;0;0;03/07/2026;PAMELA;1
2;3893;ABS C ABAS DIA NOITE 32 UN SUAVE;PERFUMARIA E LIMPEZA;88539;02/07/2026;164518;87893;16;191;16;1;0;02/07/2026;EVERTON;2
2;5226;CR DENT COLGATE T ACAO 90G ORIG;PERFUMARIA E LIMPEZA;88539;02/07/2026;164518;87893;144;144;144;0;0;03/07/2026;PAMELA;35
2;18740;FRALDA DESC FERINHA HIPER C 40 XXG;PERFUMARIA E LIMPEZA;88539;02/07/2026;164518;87893;6;2;6;0;0;03/07/2026;PAMELA;0
2;4042;RACAO FRISKIES 850G MEGAMIX AD CAST;PRODUTOS PET;88539;02/07/2026;164518;87893;9;0;9;2;0;02/07/2026;MONIQUE;1
2;4053;ALIM GATO FRISKIES 85G SALMAO AO MOLHO;PRODUTOS PET;88539;02/07/2026;164518;87893;15;14;30;2;0;02/07/2026;MONIQUE;232
2;10170;SAB LIQ SENSUS LUXO RF 220ML ERVA DOCE;PERFUMARIA E LIMPEZA;88539;02/07/2026;164518;87893;18;72;18;1;1;03/07/2026;PAMELA;21
2;1416;CHOC SNICKERS 45G;MERCEARIA;88539;02/07/2026;164518;87893;20;100;20;1;0;03/07/2026;JESSICA M;15
2;60;AGUA GASEIFICADA CRYSTAL PET 510ML LIMAO;BEBIDAS;88630;02/07/2026;164710;;6;522;60;0;0;;;21
2;570;REPOS POWERADE 500ML MIX;BEBIDAS;88630;02/07/2026;164710;;6;430;30;0;0;;;163
2;57;AGUA GASEIFICADA CRYSTAL PET 510ML SPARK;BEBIDAS;88630;02/07/2026;164710;;6;198;24;0;0;;;28
2;2909;ACHOC LIQ SHOWKINHO 200ML;MERCEARIA;88675;02/07/2026;164786;;27;22032;810;0;0;;;834
2;4348;TALCO BARUEL TENYS PE 100G PO WOMAN;PERFUMARIA E LIMPEZA;88723;02/07/2026;164861;;12;0;36;0;0;;;0
2;2378;DUETO FUGINI SH 170G ERVILHA MILHO;MERCEARIA;88723;02/07/2026;164861;;36;108;216;0;0;;;0
2;2940;MASSA S OVOS NORDESTE 1KG ESPAGUETE;MERCEARIA;88723;02/07/2026;164861;;10;0;50;0;0;;;-8
2;102;CERV ANTARCTICA SUBZERO GF 1L RETORNAVEL;BEBIDAS;88723;02/07/2026;164861;;12;984;48;0;0;;;0
2;3416;CREME LEITE ITALAC TP 200G ZERO LACTOSE;MERCEARIA;88723;02/07/2026;164861;;24;96;48;0;0;;;-22
2;847;REFRIG COCA COLA PET 600ML;BEBIDAS;88723;02/07/2026;164861;;12;520;348;0;0;;;56
2;7241;ESC DENTAL ORAL B INDICA BLACK L2P1;PERFUMARIA E LIMPEZA;88723;02/07/2026;164861;;12;144;24;0;0;;;0
2;6791;LEITE UHT PET ELEGE 1L DESNATADO;PERECIVEIS;88723;02/07/2026;164861;;6;516;36;0;0;;;-20
2;786;REFRIG ANTARCTICA GUARANA PET 2L ZERO;BEBIDAS;88723;02/07/2026;164861;;8;1280;24;0;0;;;15
2;2814;POLENTA PERDIZ 500G INST TEMP;MERCEARIA;88723;02/07/2026;164861;;12;71;24;0;0;;;26
2;113;CERV ORIGINAL1L RETORNAVEL;BEBIDAS;88723;02/07/2026;164861;;12;456;24;0;0;;;0
2;37265;FAROFA ROCHA 250G BACON;MERCEARIA;88723;02/07/2026;164861;;12;144;24;0;0;;;-22
2;188;CERV POLAR EXPORT LT 473ML;BEBIDAS;88723;02/07/2026;164861;;12;1800;36;0;0;;;129
2;30258;DESOD AERO DOVE 89G MAN EXTRA FRES;PERFUMARIA E LIMPEZA;88877;02/07/2026;165336;88423;12;48;60;4;4;02/07/2026;ERICA;30
2;5592;DESOD AERO REXONA 150ML 90G POWDER DRY;PERFUMARIA E LIMPEZA;88877;02/07/2026;165336;88423;12;360;36;3;3;02/07/2026;ERICA;30
2;7875;SABONETE DOVE 90G ERVA DOCE;PERFUMARIA E LIMPEZA;88877;02/07/2026;165336;88423;48;2565;240;0;0;02/07/2026;ERICA;57
2;7929;SABONETE LUX 85G ORQUIDEA NEGRA;PERFUMARIA E LIMPEZA;88877;02/07/2026;165336;88423;108;3906;108;0;0;02/07/2026;ERICA;28
2;5537;DESOD AERO DOVE 89G 150ML INVISIBLE MEN;PERFUMARIA E LIMPEZA;88877;02/07/2026;165336;88423;12;36;24;2;2;02/07/2026;BRUNO ANTUNES;33
2;4197;AMAC DOWNY 900ML COLLECTION;PERFUMARIA E LIMPEZA;88877;02/07/2026;165336;88423;12;12;12;0;0;02/07/2026;ALEXSANDER;0
2;5536;DESOD AERO DOVE 89G 150ML INVISIBLE DRY;PERFUMARIA E LIMPEZA;88877;02/07/2026;165336;88423;12;15;36;2;2;02/07/2026;BRUNO ANTUNES;21
2;5583;DESOD AERO REXONA 150ML 90G BAMBOO;PERFUMARIA E LIMPEZA;88877;02/07/2026;165336;88423;12;588;36;0;0;02/07/2026;ERICA;85
2;5601;DESOD AERO REXONA 150ML 89G ERVA DOCE;PERFUMARIA E LIMPEZA;88877;02/07/2026;165336;88423;12;48;12;1;1;02/07/2026;ERICA;78
2;5509;DESOD AERO AXE 152ML 90G MARINE;PERFUMARIA E LIMPEZA;88877;02/07/2026;165336;88423;12;1104;120;10;10;02/07/2026;ERICA;52
2;5584;DESOD AERO REXONA 150ML 90G COTTON;PERFUMARIA E LIMPEZA;88877;02/07/2026;165336;88423;12;84;36;3;3;02/07/2026;ERICA;60
2;5589;DESOD AERO REXONA 150ML 90G MEN INVISIBLE;PERFUMARIA E LIMPEZA;88877;02/07/2026;165336;88423;12;300;24;2;2;02/07/2026;BRUNO ANTUNES;66
2;5539;DESOD AERO DOVE 89G 150ML ROMA E VERBENA;PERFUMARIA E LIMPEZA;88877;02/07/2026;165336;88423;12;60;24;2;2;02/07/2026;ERICA;45
2;5535;DESOD AERO DOVE 89G 150ML INVIS FRESH MEN;PERFUMARIA E LIMPEZA;88877;02/07/2026;165336;88423;12;48;24;2;2;02/07/2026;BRUNO ANTUNES;18
2;4158;AMAC CONC COMFORT 900ML RF LAVANDA;PERFUMARIA E LIMPEZA;88877;02/07/2026;165336;88423;12;12;12;0;0;02/07/2026;ALEXSANDER;17
2;5531;DESOD AERO DOVE 87G 150ML AMORA;PERFUMARIA E LIMPEZA;88877;02/07/2026;165336;88423;12;177;12;0;0;02/07/2026;BRUNO ANTUNES;20
2;5599;DESOD AERO REXONA 150ML 90G ACT EMOTION;PERFUMARIA E LIMPEZA;88877;02/07/2026;165336;88423;12;216;36;3;3;02/07/2026;ERICA;14
2;5595;DESOD AERO REXONA 150ML 90G V8;PERFUMARIA E LIMPEZA;88877;02/07/2026;165336;88423;12;936;60;5;5;02/07/2026;ERICA;79
2;17357;DET LIQ MINUANO 500ML CLEAR;PERFUMARIA E LIMPEZA;88939;02/07/2026;166736;89316;24;10;600;26;12;04/07/2026;WENDRIO;0
3;849;REFRIG COCA COLA PET 600ML ZERO;BEBIDAS;88541;02/07/2026;164519;87894;12;96;12;0;0;03/07/2026;MIKAEL;114
3;15638;CD COTTONBABY SNOOPY BABY 200ML GOTAS CAMOMILA;PERFUMARIA E LIMPEZA;88541;02/07/2026;164519;87894;12;0;12;1;0;03/07/2026;ALEXSANDER;11
3;6112;FRALDA GERIATRICA MILI VITA P 10UN 10UN P;PERFUMARIA E LIMPEZA;88541;02/07/2026;164519;87894;8;61;8;1;0;;;4
3;5845;ESC DENTAL ORAL B INDICAT35 L2P1;PERFUMARIA E LIMPEZA;88541;02/07/2026;164519;87894;1;7;1;1;0;03/07/2026;ALEXSANDER;5
3;9754;HID LEITE PAIXAO 200ML FRAMB NEGRA;PERFUMARIA E LIMPEZA;88541;02/07/2026;164519;87894;24;0;24;1;0;03/07/2026;ALEXSANDER;2
3;12278;AGUA OXIG BUTTERF 20V 100ML;PERFUMARIA E LIMPEZA;88541;02/07/2026;164519;87894;12;0;12;1;0;03/07/2026;ALEXSANDER;0
3;4256;AP PRESTOBARBA ULTRAGRIP 3L CART2UN;PERFUMARIA E LIMPEZA;88541;02/07/2026;164519;87894;1;0;1;1;0;03/07/2026;ALEXSANDER;1
3;2096;ARROZ BCO SANO T1 2K;MERCEARIA;88541;02/07/2026;164519;87894;15;1785;60;4;0;;;-15
3;12166;ABS DIARIO COTTONBABY C 15 S PERF;PERFUMARIA E LIMPEZA;88541;02/07/2026;164519;87894;72;0;72;1;1;03/07/2026;BRUNO ANTUNES;2
3;790;REFRIG CHARRUA GUARANA PET 2L;BEBIDAS;88541;02/07/2026;164519;87894;8;56;64;0;0;03/07/2026;MIKAEL;816
3;9298;DETERG YPE LIQ 5L CLEAR;PERFUMARIA E LIMPEZA;88541;02/07/2026;164519;87894;4;4;4;1;0;;;4
3;8635;TIRA MANC VANISH GEL 1 2L MULTIUSO;PERFUMARIA E LIMPEZA;88541;02/07/2026;164519;87894;6;3;6;1;0;;;1
3;23160;SABAO ZAVASKI GLIC C 5 200G;PERFUMARIA E LIMPEZA;88541;02/07/2026;164519;87894;10;230;10;1;0;;;13
3;52;AGUA MIN FLORESTA PET 5L S GAS;BEBIDAS;88541;02/07/2026;164519;87894;4;36;4;0;0;03/07/2026;MIKAEL;0
3;7385;PAST ADES HARPIC 2EM1 L3 P2 PINHO;PERFUMARIA E LIMPEZA;88541;02/07/2026;164519;87894;24;24;24;1;0;03/07/2026;ALEXSANDER;26
3;5328;CR PENT VINI LADY 290G COCO;PERFUMARIA E LIMPEZA;88541;02/07/2026;164519;87894;24;0;24;1;0;03/07/2026;ALEXSANDER;18
3;2737;FARINHA TRIGO ROSESOL 1KG;MERCEARIA;88541;02/07/2026;164519;87894;10;1194;200;20;0;;;130
3;2101;ARROZ BCO REQUINTE TP1 2KG;MERCEARIA;88541;02/07/2026;164519;87894;15;683;90;6;0;;;2
3;33255;REFRIG CHARRUA PET 3L GUARANA;BEBIDAS;88541;02/07/2026;164519;87894;6;121;48;8;0;;;186
3;762;REFRIG COCA COLA PET 200ML;BEBIDAS;88541;02/07/2026;164519;87894;12;432;156;18;0;;;115
3;6121;FRALDA DESC PAMPERS CONFORT G C 60;PERFUMARIA E LIMPEZA;88541;02/07/2026;164519;87894;2;35;4;2;0;;;6
3;4203;AMAC GIRANDO SOL 2L BRANCO;PERFUMARIA E LIMPEZA;88541;02/07/2026;164519;87894;6;312;6;1;0;;;2
3;24653;TCO TENYS PE BARUEL PO 100G ORIG;PERFUMARIA E LIMPEZA;88541;02/07/2026;164519;87894;12;48;60;5;0;03/07/2026;ALEXSANDER;0
3;8965;CARVAO CHAMA CAMPEIRA 3KG;NAO ALIMENTO;88541;02/07/2026;164519;87894;1;76;3;3;3;03/07/2026;MIKAEL;-63
3;12279;AGUA OXIG BUTTERF 30V 100ML;PERFUMARIA E LIMPEZA;88541;02/07/2026;164519;87894;12;0;12;1;0;03/07/2026;ALEXSANDER;23
3;8966;CARVAO CHAMA CAMPEIRA 5KG;NAO ALIMENTO;88541;02/07/2026;164519;87894;1;464;10;10;10;03/07/2026;MIKAEL;-49
3;16878;CR HIDRAT DIHELLEN MAOS E PES 100G;PERFUMARIA E LIMPEZA;88541;02/07/2026;164519;87894;12;0;12;1;0;03/07/2026;ALEXSANDER;7
3;6750;LEITE DE COLONIA 100ML FINAL FANTAS;PERFUMARIA E LIMPEZA;88541;02/07/2026;164519;87894;36;2;36;1;0;03/07/2026;ALEXSANDER;4
3;33265;REFRIG FRUKI GUAR ZR PET 3L GUARANA ZERO;BEBIDAS;88541;02/07/2026;164519;87894;4;640;56;0;0;04/07/2026;VILLARROEL;10
3;6800;LEITE UHT MOLICO TP 1L DESNAT;PERECIVEIS;88619;02/07/2026;164695;88583;12;2412;120;10;0;;;54
3;9741;LEITE SANTA CLARA LV SEMI DESN 1L;PERECIVEIS;88619;02/07/2026;164695;88583;12;551;120;11;11;04/07/2026;BRAGA;197
3;33833;LEITE UHT TIROL 1L BIO CICLOS;PERECIVEIS;88619;02/07/2026;164695;88583;12;168;120;10;0;;;2
3;6787;LEITE LV ELEGE 1L ZERO LAC SEMI DES;PERECIVEIS;88619;02/07/2026;164695;88583;12;286;96;15;0;;;0
3;6780;LEITE NINHO UHT TP LEVINHO 1L SEMI DESNATADO;PERECIVEIS;88619;02/07/2026;164695;88583;12;84;24;2;0;;;9
3;60;AGUA GASEIFICADA CRYSTAL PET 510ML LIMAO;BEBIDAS;88632;02/07/2026;164711;88583;6;522;60;0;0;04/07/2026;JESUS;-27
3;570;REPOS POWERADE 500ML MIX;BEBIDAS;88632;02/07/2026;164711;88583;6;430;48;0;0;04/07/2026;JESUS;243
3;57;AGUA GASEIFICADA CRYSTAL PET 510ML SPARK;BEBIDAS;88632;02/07/2026;164711;88583;6;198;60;0;0;04/07/2026;JESUS;-18
3;9751;LEITE SANTA CLARA UHT INT 1L;PERECIVEIS;88677;02/07/2026;165143;88294;12;94680;780;65;0;;;3494
3;2923;ACHOC LIQ SHOWKINHO 1L;MERCEARIA;88677;02/07/2026;164787;88583;12;240;60;5;5;04/07/2026;BRAGA;20
3;3948;AGUA SANIT GOTA LIMPA 1L;PERFUMARIA E LIMPEZA;88725;02/07/2026;164862;88583;12;614;72;6;0;;;54
3;2140;ARROZ BCO SANO TP1 5KG;MERCEARIA;88725;02/07/2026;164862;88583;6;1658;108;0;0;03/07/2026;RUBIM;-13
3;6232;GEL DENTAL CLOSE UP 90G EUCALIPT FREEZE;PERFUMARIA E LIMPEZA;88879;02/07/2026;165337;88424;12;0;48;4;4;02/07/2026;MONIQUE;23
3;986;OLEO SOJA VITALIV PET 900ML;MERCEARIA;88879;02/07/2026;165337;88424;20;60;280;0;0;03/07/2026;CAROLINA;219
3;6828;AGUA SABORIZ H2OH 500ML LIMONETO;BEBIDAS;88879;02/07/2026;165337;88424;12;60;24;0;0;03/07/2026;CAROLINA;-12
3;825;REFRIG PEPSI PET 2L;BEBIDAS;88879;02/07/2026;165337;88424;8;1784;16;0;0;03/07/2026;LUAN;624
3;4197;AMAC DOWNY 900ML COLLECTION;PERFUMARIA E LIMPEZA;88879;02/07/2026;165337;88424;12;12;12;1;0;02/07/2026;MIKAEL;-18
3;4158;AMAC CONC COMFORT 900ML RF LAVANDA;PERFUMARIA E LIMPEZA;88879;02/07/2026;165337;88424;12;12;24;2;0;02/07/2026;MIKAEL;10
3;179;CERV ORIGINAL LT 473ML;BEBIDAS;88879;02/07/2026;165337;88424;12;4668;1320;0;0;03/07/2026;VILLARROEL;1530
3;17357;DET LIQ MINUANO 500ML CLEAR;PERFUMARIA E LIMPEZA;88939;02/07/2026;165490;88505;24;10;624;26;12;03/07/2026;MIKAEL;0
3;937;EXT TOM ELEFANTE TP 1 04KG;MERCEARIA;88958;02/07/2026;165501;88517;12;4260;120;10;0;02/07/2026;ERICA;12
4;6782;LEITE UHT TIROL C TAMPA 1L DESN;PERECIVEIS;88515;02/07/2026;164506;88581;12;2837;24;6;6;04/07/2026;FERNANDO.H;20
4;6793;LEITE UHT PET ELEGE 1L SEMI DESNATADO;PERECIVEIS;88515;02/07/2026;164506;88581;6;2346;12;3;3;04/07/2026;FERNANDO.H;26
4;6787;LEITE LV ELEGE 1L ZERO LAC SEMI DES;PERECIVEIS;88515;02/07/2026;164506;88581;12;286;24;0;0;04/07/2026;FERNANDO.H;-2
4;6790;LEITE UHT NINHO 1L ZERO LACTOSE;PERECIVEIS;88515;02/07/2026;164506;88581;12;96;12;0;0;04/07/2026;FERNANDO.H;16
4;6780;LEITE NINHO UHT TP LEVINHO 1L SEMI DESNATADO;PERECIVEIS;88515;02/07/2026;164506;88581;12;84;12;0;0;04/07/2026;FERNANDO.H;23
4;6786;LEITE LV EDGE ELEGE 1L SEMI DESNATADO;PERECIVEIS;88515;02/07/2026;164506;88581;12;0;36;4;4;04/07/2026;FERNANDO.H;41
4;6784;LEITE UHT TIROL C TAMP 1L SEMI DESN;PERECIVEIS;88515;02/07/2026;164506;88581;12;2044;24;4;4;04/07/2026;FERNANDO.H;6
4;6792;LEITE UHT PET ELEGE 1L INTEGRAL;PERECIVEIS;88515;02/07/2026;164506;88581;6;5035;30;7;7;04/07/2026;FERNANDO.H;59
4;6801;LEITE UHT TP NINHO 1L INTEGRAL;PERECIVEIS;88515;02/07/2026;164506;88581;12;1779;12;2;2;04/07/2026;FERNANDO.H;60
4;6791;LEITE UHT PET ELEGE 1L DESNATADO;PERECIVEIS;88515;02/07/2026;164506;88581;6;516;24;0;0;04/07/2026;FERNANDO.H;6
4;9756;LEITE TIROL INTEGRAL ZR LACTOSE 1L;PERECIVEIS;88515;02/07/2026;164506;88581;12;540;24;8;8;04/07/2026;FERNANDO.H;51
4;35127;TOALHA UMED BEBE LIMPINHO C45;PERFUMARIA E LIMPEZA;88543;02/07/2026;164520;88581;24;0;24;1;1;03/07/2026;MONIQUE;26
4;396;ENERG MONSTER LT 473ML ULTRA;BEBIDAS;88543;02/07/2026;164520;88581;6;69;48;0;0;03/07/2026;GUILHERME B;1
4;390;ENERG MONSTER LT 473ML GREEN ZERO;BEBIDAS;88543;02/07/2026;164520;88581;6;1158;54;9;9;03/07/2026;GUILHERME B;-1
4;289;CERV SOL PREMIUM LN 330ML;BEBIDAS;88543;02/07/2026;164520;88581;24;60;24;0;0;03/07/2026;GUILHERME B;-6
4;22654;QUENTAO S ALCOOL 2L;BEBIDAS;88543;02/07/2026;164520;88581;6;24;6;0;0;03/07/2026;WENDRIO;1
4;392;ENERG MONSTER LT 473ML MANGO LOCO;BEBIDAS;88543;02/07/2026;164520;88581;6;68;54;0;0;03/07/2026;WENDRIO;0
4;559;GIN INTENCION VD 900ML;BEBIDAS;88543;02/07/2026;164520;88581;6;30;12;0;0;03/07/2026;WENDRIO;0
4;533;ENERG RED BULL LT 355ML;BEBIDAS;88543;02/07/2026;164520;88581;4;132;8;0;0;03/07/2026;WENDRIO;0
4;411;AGUARD KIKANA VD 580ML;BEBIDAS;88543;02/07/2026;164520;88581;12;312;12;2;2;03/07/2026;WENDRIO;24
4;181;REFRE PO GLUP 15G ABACAXI;BEBIDAS;88543;02/07/2026;164520;88581;60;38280;240;5;5;03/07/2026;WENDRIO;317
4;708;SUCO NECTAR CBS TP 1L MORANGO;BEBIDAS;88543;02/07/2026;164520;88581;12;12;12;0;0;04/07/2026;JOCELAINE;5
4;3512;FERM PO BIOL GOOD INSTANT SH 10G;MERCEARIA;88543;02/07/2026;164520;88581;30;1080;30;0;0;03/07/2026;JESSICA M;126
4;648;WHISKY MASTER GOLD VD 900ML;BEBIDAS;88543;02/07/2026;164520;88581;1;96;2;4;4;03/07/2026;JESSICA M;4
4;2507;KETCHUP HELLMANNS BISN 380G PICANTE;MERCEARIA;88543;02/07/2026;;;1;4;19;0;0;;;0
4;575;ENERG HIPERTENSAO PET 2L ZERO;BEBIDAS;88543;02/07/2026;164520;88581;6;252;12;0;0;03/07/2026;GUILHERME B;1
4;964;OLEO LIZA GIRASSOL 900ML;MERCEARIA;88543;02/07/2026;164520;88581;20;120;20;0;0;04/07/2026;JESUS;0
4;847;REFRIG COCA COLA PET 600ML;BEBIDAS;88543;02/07/2026;164520;88581;12;520;96;0;0;04/07/2026;JESUS;0
4;279;VH QUINTA CARVALHO TINTO 750ML SV;BEBIDAS;88543;02/07/2026;164520;88581;12;72;12;0;0;03/07/2026;WENDRIO;0
4;183;REFRE PO GLUP 15G LARANJA;BEBIDAS;88543;02/07/2026;164520;88581;60;38280;120;2;2;03/07/2026;WENDRIO;254
4;24497;SUCO NECTAR CBS PESSEGO MISTO 1 L;BEBIDAS;88543;02/07/2026;164520;88581;12;84;24;2;2;04/07/2026;JOCELAINE;0
4;5302;CR PENT SEDA 300ML CACH DEFINIDOS;PERFUMARIA E LIMPEZA;88543;02/07/2026;164520;88581;12;72;12;0;0;03/07/2026;MONIQUE;1
4;4893;SH ANTIC CLEAR L400P330 LIM DIAR 2 1;PERFUMARIA E LIMPEZA;88543;02/07/2026;164520;88581;12;228;12;1;1;03/07/2026;MONIQUE;10
4;33255;REFRIG CHARRUA PET 3L GUARANA;BEBIDAS;88543;02/07/2026;164520;88581;6;121;6;0;0;04/07/2026;VILLARROEL;13
4;603;ICE DRINK PET 275ML FTAS VRM;BEBIDAS;88543;02/07/2026;164520;88581;12;3;12;0;0;03/07/2026;GUILHERME B;0
4;34;AGUA MIN DA PEDRA PET 500ML C GAS;BEBIDAS;88543;02/07/2026;164520;88581;12;7;12;1;0;;;157
4;544;GATORADE 500ML MORAN MARACUJA;BEBIDAS;88543;02/07/2026;164520;88581;6;168;6;5;5;03/07/2026;GUILHERME B;-1
4;614;VODKA INTENCION PET 900ML;BEBIDAS;88543;02/07/2026;164520;88581;6;156;12;0;0;03/07/2026;GUILHERME B;5
4;336;CHA ICE TEA LEAO PET 1 5L LIMAO;BEBIDAS;88543;02/07/2026;164520;88581;6;6;6;0;0;03/07/2026;GUILHERME B;9
4;36;AGUA MIN CRYSTAL PET 500ML C GAS;BEBIDAS;88543;02/07/2026;164520;88581;12;1433;12;9;0;;;-11
4;539;GATORADE 500ML LARANJA;BEBIDAS;88543;02/07/2026;164520;88581;6;156;12;0;0;03/07/2026;GUILHERME B;-12
4;123;CERV BUDWEISER GF 300ML RETORNAVEL;BEBIDAS;88543;02/07/2026;164520;88581;23;299;23;1;1;03/07/2026;GUILHERME B;4
4;643;SUCO DEL VALLE FRUT PET 1 5L FRUTAS CITRICAS;BEBIDAS;88543;02/07/2026;164520;88581;6;102;12;0;0;03/07/2026;WENDRIO;0
4;33868;REFRE HAPPY TP 200ML UVA;BEBIDAS;88543;02/07/2026;164520;88581;24;24;24;0;0;03/07/2026;WENDRIO;0
4;684;SUCO MAGUARY CONCENTRADO PET 500ML MARACUJA;BEBIDAS;88543;02/07/2026;164520;88581;12;9;12;0;0;03/07/2026;WENDRIO;0
4;682;SUCO MAGUARY TP 1L UVA;BEBIDAS;88543;02/07/2026;164520;88581;12;107;12;0;0;03/07/2026;WENDRIO;0
4;36711;FERMENTO BIOL PO NORDESTE SH 10G;MERCEARIA;88543;02/07/2026;164520;88581;30;0;270;9;9;03/07/2026;JESSICA M;36
4;21353;ODORIZ TECIDO AMAZON 500ML ALECRIM;PERFUMARIA E LIMPEZA;88543;02/07/2026;164520;88581;12;12;12;0;0;03/07/2026;MONIQUE;10
4;2812;MACARRAO INST NISSIN 500G YAKISSOBA;MERCEARIA;88543;02/07/2026;164520;88581;20;299;20;0;0;;;9
4;825;REFRIG PEPSI PET 2L;BEBIDAS;88543;02/07/2026;164520;88581;8;1784;8;7;0;;;0
4;434;ENERG BALY PET 2L MELANCIA;BEBIDAS;88543;02/07/2026;164520;88581;6;0;6;0;0;03/07/2026;GUILHERME B;0
4;424;AGUARD VELHO BARREIRO VD 910ML ADOCADO;BEBIDAS;88543;02/07/2026;164520;88581;12;36;12;1;1;03/07/2026;WENDRIO;20
4;340;CHA ICE TEA LEAO PET 1 5L PESSEGO ZERO;BEBIDAS;88543;02/07/2026;164520;88581;6;0;6;0;0;03/07/2026;WENDRIO;4
4;24484;SUCO CBS 200ML PESSEGO MISTO;BEBIDAS;88543;02/07/2026;164520;88581;24;120;48;2;2;04/07/2026;JOCELAINE;0
4;5272;CR DENTAL ORAL B 70G EXTRA FRESH;PERFUMARIA E LIMPEZA;88543;02/07/2026;164520;88581;48;192;48;1;1;03/07/2026;MONIQUE;27
4;22903;REMOV ESM AMAZONIA 80ML;PERFUMARIA E LIMPEZA;88543;02/07/2026;164520;88581;12;516;12;1;0;;;0
4;656;SUCO DEL VALLE FRUT TP 1L UVA;BEBIDAS;88543;02/07/2026;164520;88581;6;24;6;0;0;03/07/2026;GUILHERME B;16
4;3842;EXT TOM FUGINI SH 300G;MERCEARIA;88543;02/07/2026;164520;88581;36;72;36;0;0;04/07/2026;JESUS;-3
4;460;ENERG BALY LT 473ML MELANCIA;BEBIDAS;88543;02/07/2026;164520;88581;6;6;6;0;0;03/07/2026;WENDRIO;-4
4;3938;AGUA COCO DUCOCO TP 1L;BEBIDAS;88543;02/07/2026;164520;88581;12;324;24;2;2;03/07/2026;WENDRIO;-1
4;717;SUCO AURORA INTEGRAL BRANCO TP 1 5L UVA;BEBIDAS;88543;02/07/2026;164520;88581;6;114;6;1;1;03/07/2026;WENDRIO;5
4;3510;FERM BIO PO FLEISCHMANN SH LV 125G PG 100G;MERCEARIA;88543;02/07/2026;164520;88581;16;48;16;0;0;03/07/2026;JESSICA M;3
4;52;AGUA MIN FLORESTA PET 5L S GAS;BEBIDAS;88543;02/07/2026;164520;88581;4;36;4;1;0;;;0
4;834;REFRIG ANTARCTICA GUARANA PET 3L;BEBIDAS;88543;02/07/2026;164520;88581;4;833;4;0;0;03/07/2026;GUILHERME B;2
4;830;REFRIG SPRITE PET 2L;BEBIDAS;88543;02/07/2026;164520;88581;8;8;8;0;0;03/07/2026;GUILHERME B;63
4;33265;REFRIG FRUKI GUAR ZR PET 3L GUARANA ZERO;BEBIDAS;88543;02/07/2026;164520;88581;4;640;64;0;0;03/07/2026;GUILHERME B;0
4;20391;MAIONESE LIZA CASEIRA 450G;MERCEARIA;88543;02/07/2026;164520;88581;12;84;12;0;0;04/07/2026;JESUS;-9
4;296;VH SANGUE BOI BCO 750ML SV;BEBIDAS;88543;02/07/2026;164520;88581;6;1;6;0;0;03/07/2026;WENDRIO;-3
4;386;ENERG MONSTER LT 473ML ABSOLUT ZERO;BEBIDAS;88543;02/07/2026;164520;88581;6;66;6;0;0;03/07/2026;WENDRIO;-2
4;706;SUCO NECTAR CBS TP 1L LARANJA;BEBIDAS;88543;02/07/2026;164520;88581;12;24;12;0;0;04/07/2026;JOCELAINE;3
4;81;AGUA TONICA ANTARCTICA LT 350ML;BEBIDAS;88543;02/07/2026;164520;88581;12;108;12;1;1;03/07/2026;GUILHERME B;12
4;638;WHISKY BLACK STONE 1L;BEBIDAS;88543;02/07/2026;164520;88581;12;312;12;0;0;03/07/2026;WENDRIO;8
4;33720;COQUETEL CHICOTE PET 500ML LIMAO;BEBIDAS;88543;02/07/2026;164520;88581;12;12;12;0;0;03/07/2026;WENDRIO;0
4;664;SUCO KAPO TP 200ML UVA;BEBIDAS;88543;02/07/2026;164520;88581;12;96;48;5;5;03/07/2026;WENDRIO;3
4;7232;OLEO KING 100ML MULTIUSO;PERFUMARIA E LIMPEZA;88543;02/07/2026;164520;88581;6;36;6;1;0;;;1
4;17317;DESOD ROLLON REXONA 50ML XTRA COOL;PERFUMARIA E LIMPEZA;88543;02/07/2026;164520;88581;12;396;12;1;0;;;16
4;24653;TCO TENYS PE BARUEL PO 100G ORIG;PERFUMARIA E LIMPEZA;88543;02/07/2026;164520;88581;12;48;48;4;0;;;0
4;20640;MAS NINHO BOM GOSTO SEMOLA 500G;MERCEARIA;88543;02/07/2026;164520;88581;20;340;40;2;2;04/07/2026;JESSICA;0
4;50;AGUA MIN DA PEDRA PET 5L S GAS;BEBIDAS;88543;02/07/2026;164520;88581;4;464;20;8;0;;;13
4;2717;FARINHA TRIGO FIDALGA 1KG;MERCEARIA;88543;02/07/2026;164520;88581;10;0;10;0;0;04/07/2026;JESUS;0
4;18459;FEIJAO BCO SERRA URUGUAI 500G;MERCEARIA;88543;02/07/2026;164520;88581;20;480;20;1;1;04/07/2026;CAROLINA;20
4;555;CONHAQ PRESIDENTE GENGIBRE VD 900M;BEBIDAS;88543;02/07/2026;164520;88581;6;618;24;4;4;03/07/2026;WENDRIO;0
4;34718;REFRE HAPPY TP 1L PESSEGO;BEBIDAS;88543;02/07/2026;164520;88581;12;73;24;0;0;03/07/2026;WENDRIO;0
4;702;SUCO NECTAR CBS TP 200ML MORANGO;BEBIDAS;88543;02/07/2026;164520;88581;24;24;24;0;0;03/07/2026;WENDRIO;0
4;670;SUCO MAGUARY TP 1L ABACAXI;BEBIDAS;88543;02/07/2026;164520;88581;12;24;24;2;2;04/07/2026;JOCELAINE;0
4;677;SUCO MAGUARY TP 1L LARANJA;BEBIDAS;88543;02/07/2026;164520;88581;12;84;24;2;2;04/07/2026;JOCELAINE;0
4;570;REPOS POWERADE 500ML MIX;BEBIDAS;88634;02/07/2026;164712;88581;6;430;60;0;0;03/07/2026;GUILHERME B;34
4;164;CERV EST GALICIA P MALTE LT 473ML;BEBIDAS;88634;02/07/2026;164712;88581;12;48;24;0;0;03/07/2026;GUILHERME B;382
4;1834;PAST DOCILE ROLLY MINTY 29G EXTRA FORTE;MERCEARIA;88727;02/07/2026;164863;88581;12;432;24;2;2;03/07/2026;JESSICA M;2
4;36;AGUA MIN CRYSTAL PET 500ML C GAS;BEBIDAS;88727;02/07/2026;164863;88581;12;1433;24;9;0;;;-11
4;17357;DET LIQ MINUANO 500ML CLEAR;PERFUMARIA E LIMPEZA;88939;02/07/2026;165497;88512;24;10;384;26;12;04/07/2026;WENDRIO;0
5;34830;MASC TRATAMENTO SEDA 300G BRILHO CERAMIDA;PERFUMARIA E LIMPEZA;88545;02/07/2026;164521;88585;6;30;6;1;0;;;5
5;3433;SOPA CARNE MAGGI 63G CONCHINHAS;MERCEARIA;88545;02/07/2026;164521;88585;10;8;10;0;0;03/07/2026;AUGUSTO;19
5;10400;TINTURA CORTON 8 1 LOU CIN CLA;PERFUMARIA E LIMPEZA;88545;02/07/2026;164521;88585;6;0;6;1;0;;;10
5;8256;SH MONANGE 325ML LISOS TE QUERO;PERFUMARIA E LIMPEZA;88545;02/07/2026;164521;88585;12;252;36;3;0;;;-3
5;24653;TCO TENYS PE BARUEL PO 100G ORIG;PERFUMARIA E LIMPEZA;88545;02/07/2026;164521;88585;12;48;48;4;0;;;0
5;6893;LIMP MULTI UAU 500ML LIMAO C CANFORA;PERFUMARIA E LIMPEZA;88545;02/07/2026;164521;88585;24;23;24;1;0;;;15
5;5691;DETERG YPE 500 ML CLEAR;PERFUMARIA E LIMPEZA;88545;02/07/2026;164521;88585;24;46;24;1;0;;;7
5;847;REFRIG COCA COLA PET 600ML;BEBIDAS;88545;02/07/2026;164521;88585;12;520;60;9;0;04/07/2026;ALEXSANDRO;106
5;7943;SABON PALMOLIVE NATURALS 150G JASMIM E CACAU;PERFUMARIA E LIMPEZA;88545;02/07/2026;164521;88585;72;72;72;1;0;;;-18
5;279;VH QUINTA CARVALHO TINTO 750ML SV;BEBIDAS;88545;02/07/2026;;;12;72;12;0;0;;;11
5;986;OLEO SOJA VITALIV PET 900ML;MERCEARIA;88545;02/07/2026;164521;88585;20;60;20;2;0;04/07/2026;ALEXSANDRO;440
5;2368;FEIJAO VERMELHO SERRA URUGUAI 500G;MERCEARIA;88545;02/07/2026;164521;88585;20;659;20;1;0;;;1
5;2672;FARINHA MANDIOCA CBS 500G;MERCEARIA;88545;02/07/2026;164521;88585;12;0;12;1;0;;;8
5;5355;CREME BARBA BOZZANO 65G ALOE VERA;PERFUMARIA E LIMPEZA;88545;02/07/2026;164521;88585;24;0;24;1;0;;;4
5;6614;KIT SH SEDA SH 300 COND 190ML CACHOS DEFINIDO;PERFUMARIA E LIMPEZA;88545;02/07/2026;164521;88585;15;465;15;1;0;;;66
5;12326;ALG BOLA COTTONBABY 50G BCO;PERFUMARIA E LIMPEZA;88545;02/07/2026;164521;88585;72;0;72;1;0;;;44
5;7356;PAPEL HIG DUETTO 4 UN DE 30M PERFUMADO;PERFUMARIA E LIMPEZA;88545;02/07/2026;164521;88585;16;0;32;0;0;03/07/2026;WILLIAN MATEUS;1
5;22703;RAC DODOG ORIG ALL DAY 5K;PRODUTOS PET;88545;02/07/2026;164521;88585;1;85;1;3;0;03/07/2026;ELIAS;16
5;38552;RACAO RANGO DOG 5KG;PRODUTOS PET;88545;02/07/2026;164521;88585;1;916;7;13;0;03/07/2026;ELIAS;23
5;17340;DET LIQ BIO KRISS 500ML CLEAR;PERFUMARIA E LIMPEZA;88545;02/07/2026;164521;88585;24;11208;24;2;0;;;26
5;37863;CREME LEITE TP DAUS 200G;MERCEARIA;88545;02/07/2026;164521;88585;27;54;27;3;0;04/07/2026;ALEXSANDRO;-1
5;6997;LOC HID MONANGE 200ML FRUTAS VERMELHA;PERFUMARIA E LIMPEZA;88545;02/07/2026;164521;88585;24;192;24;1;0;;;3
5;10144;SAB FARNESE 180G AVEIA ESFOL;PERFUMARIA E LIMPEZA;88545;02/07/2026;164521;88585;36;468;36;1;0;;;69
5;3400;BARRA CEREAL RITTER 25G BAN AVEIA MEL;MERCEARIA;88545;02/07/2026;164521;88585;24;0;24;0;0;03/07/2026;AUGUSTO;53
5;16844;CR DEN COLGATE T ACAO XTRA 120G WHITE;PERFUMARIA E LIMPEZA;88545;02/07/2026;164521;88585;72;24;72;1;0;;;-6
5;12183;ABS MILI SUAVE PROT TOT C ABAS C 32;PERFUMARIA E LIMPEZA;88545;02/07/2026;164521;88585;16;208;16;1;0;;;8
5;2911;ACHOC LIQ ITALAC 200ML;MERCEARIA;88545;02/07/2026;164521;88585;24;104;24;2;0;04/07/2026;ALEXSANDRO;27
5;2569;MOLHO TOM POMODORO SH 300G TRAD;MERCEARIA;88545;02/07/2026;164521;88585;24;12931;48;2;0;04/07/2026;ALEXSANDRO;64
5;2717;FARINHA TRIGO FIDALGA 1KG;MERCEARIA;88545;02/07/2026;164521;88585;10;0;10;2;0;04/07/2026;ALEXSANDRO;0
5;3510;FERM BIO PO FLEISCHMANN SH LV 125G PG 100G;MERCEARIA;88545;02/07/2026;164521;88585;16;48;16;0;0;03/07/2026;AUGUSTO;21
5;793;REFRIG COCA COLA E FANTA LARANJA 2L;BEBIDAS;88545;02/07/2026;164521;88585;2;12;2;1;0;04/07/2026;ALEXSANDRO;16
5;5250;CR DENT CLOSE UP 70G TRIPLE HORTELA;PERFUMARIA E LIMPEZA;88545;02/07/2026;164521;88585;72;2448;72;1;0;;;1
5;15494;CANJICA AMARELA JUREIA 500G;MERCEARIA;88545;02/07/2026;164521;88585;12;5;12;1;0;;;1
5;6750;LEITE DE COLONIA 100ML FINAL FANTAS;PERFUMARIA E LIMPEZA;88545;02/07/2026;164521;88585;36;2;36;1;0;;;3
5;21119;MOLHO TOM TARANTELLA TRAD 1 7KG;MERCEARIA;88545;02/07/2026;164521;88585;6;6;6;1;0;04/07/2026;ALEXSANDRO;6
5;964;OLEO LIZA GIRASSOL 900ML;MERCEARIA;88545;02/07/2026;164521;88585;20;120;20;1;0;04/07/2026;ALEXSANDRO;11
5;2283;CANJICA BRANCA JUREIA 400G;MERCEARIA;88545;02/07/2026;164521;88585;12;0;12;1;0;;;16
5;3516;FERM PO BIOL GOOD INSTANT SH 125G;MERCEARIA;88545;02/07/2026;164521;88585;12;504;12;0;0;03/07/2026;AUGUSTO;11
5;20011;LC HID NIVEA 200ML BODY SOFT MILK;PERFUMARIA E LIMPEZA;88545;02/07/2026;164521;88585;6;0;6;1;0;;;6
5;35724;MASC TRAT TOQUE DE SEDA 300G SEDA;PERFUMARIA E LIMPEZA;88545;02/07/2026;164521;88585;6;90;6;1;0;;;4
5;35127;TOALHA UMED BEBE LIMPINHO C45;PERFUMARIA E LIMPEZA;88545;02/07/2026;164521;88585;24;0;24;2;0;;;25
5;12419;AMAC GOTA LIMPA 2L FLORATA;PERFUMARIA E LIMPEZA;88545;02/07/2026;164521;88585;6;0;6;1;0;;;10
5;2484;KETCHUP ODERICH SH 200G;MERCEARIA;88545;02/07/2026;164521;88585;24;335;24;2;0;04/07/2026;ALEXSANDRO;14
5;2814;POLENTA PERDIZ 500G INST TEMP;MERCEARIA;88545;02/07/2026;164521;88585;12;71;12;2;0;;;-6
5;4348;TALCO BARUEL TENYS PE 100G PO WOMAN;PERFUMARIA E LIMPEZA;88545;02/07/2026;164521;88585;12;0;24;2;0;;;-9
5;37261;ERVA MATE LEAO VACUO 1KG;MERCEARIA;88545;02/07/2026;164998;88192;10;0;10;1;0;02/07/2026;EVERTON;-2
5;18986;GEL JAY LUC BR MOLHADO 240G N2 AZUL;PERFUMARIA E LIMPEZA;88545;02/07/2026;164521;88585;24;0;24;1;0;;;2
5;2385;LENTILHA BELLA DICA 400G;MERCEARIA;88545;02/07/2026;164521;88585;12;0;12;2;0;;;0
5;8254;SH MONANGE 325ML CACHOS QUE TAL;PERFUMARIA E LIMPEZA;88545;02/07/2026;164521;88585;12;36;24;2;0;;;11
5;8858;AP GILLETTE PROBAK II C 2;PERFUMARIA E LIMPEZA;88545;02/07/2026;164521;88585;14;2198;14;1;0;;;22
5;9754;HID LEITE PAIXAO 200ML FRAMB NEGRA;PERFUMARIA E LIMPEZA;88545;02/07/2026;164521;88585;24;0;24;2;0;;;2
5;2909;ACHOC LIQ SHOWKINHO 200ML;MERCEARIA;88681;02/07/2026;164789;88585;27;22032;270;10;0;04/07/2026;ALEXSANDRO;150
5;2568;MOLHO TOM CAJAMAR SH 300G TRAD;MERCEARIA;88729;02/07/2026;164864;88585;32;768;64;5;0;04/07/2026;ALEXSANDRO;-72
5;17357;DET LIQ MINUANO 500ML CLEAR;PERFUMARIA E LIMPEZA;88939;02/07/2026;167119;89544;24;10;360;26;12;04/07/2026;WENDRIO;0
6;6795;LEITE UHT TIROL 1L ZERO LAC;PERECIVEIS;88519;02/07/2026;164508;87892;12;60;12;6;0;;;141
6;6801;LEITE UHT TP NINHO 1L INTEGRAL;PERECIVEIS;88519;02/07/2026;164508;87892;12;1779;60;5;0;;;90
6;6787;LEITE LV ELEGE 1L ZERO LAC SEMI DES;PERECIVEIS;88519;02/07/2026;164508;87892;12;286;24;3;0;;;-42
6;6781;LEITE LV EDGE ELEGE 1L INTEGRAL;PERECIVEIS;88519;02/07/2026;164508;87892;12;204;36;4;0;;;248
6;6792;LEITE UHT PET ELEGE 1L INTEGRAL;PERECIVEIS;88519;02/07/2026;164508;87892;6;5035;36;14;0;;;24
6;8149;SH ANTIC CLEAR 200ML MEN LIMPEZA PROFUND;PERFUMARIA E LIMPEZA;88547;02/07/2026;164522;87892;12;36;12;1;0;;;15
6;24653;TCO TENYS PE BARUEL PO 100G ORIG;PERFUMARIA E LIMPEZA;88547;02/07/2026;164522;87892;12;48;48;4;0;;;0
6;830;REFRIG SPRITE PET 2L;BEBIDAS;88547;02/07/2026;164522;87892;8;8;8;3;0;;;89
6;5032;COND PANTENE 175ML RESTAUR PROFUND;PERFUMARIA E LIMPEZA;88547;02/07/2026;164522;87892;6;0;6;1;0;;;8
6;17733;ESC CAB FLORENCE RETAN 600BT;PERFUMARIA E LIMPEZA;88547;02/07/2026;164522;87892;1;0;1;2;0;;;4
6;5812;ESC DENTAL COLGATE TRIP ACAO LV2PG1;PERFUMARIA E LIMPEZA;88547;02/07/2026;164522;87892;12;0;12;1;0;;;2
6;34564;CREME JOAO E MARIA 40G P ASSADURA;PERFUMARIA E LIMPEZA;88547;02/07/2026;164522;87892;1;0;10;10;0;;;-10
6;633;VODKA TAIGA PREMIUM VD 1L;BEBIDAS;88547;02/07/2026;164522;87892;1;0;1;1;0;03/07/2026;AUGUSTO;11
6;796;REFRIG COCA COLA E FANTA GUARANA 2L;BEBIDAS;88547;02/07/2026;164522;87892;2;10;2;2;0;;;4
6;904;REFRIG PEPSI LT 350ML;BEBIDAS;88547;02/07/2026;164522;87892;12;1044;12;1;0;;;13
6;640;WHISKY BLEND SEVEN 1L;BEBIDAS;88547;02/07/2026;164522;87892;1;56;1;1;0;03/07/2026;AUGUSTO;7
6;3431;SOPA GALINHA MAGGI 60G FIDELINI;MERCEARIA;88547;02/07/2026;164522;87892;10;9;10;1;0;03/07/2026;AUGUSTO;15
6;4256;AP PRESTOBARBA ULTRAGRIP 3L CART2UN;PERFUMARIA E LIMPEZA;88547;02/07/2026;164522;87892;1;0;2;2;0;;;-18
6;35675;ESC DENT COLGATE SENSITIVE;PERFUMARIA E LIMPEZA;88547;02/07/2026;164522;87892;1;0;1;1;0;;;5
6;4564;CARGA MACH 3 2UN CARBONO;PERFUMARIA E LIMPEZA;88547;02/07/2026;164522;87892;12;0;12;1;0;;;2
6;12279;AGUA OXIG BUTTERF 30V 100ML;PERFUMARIA E LIMPEZA;88547;02/07/2026;164522;87892;12;0;12;1;0;;;12
6;10;REFRIG COCA COLA PET 2L;BEBIDAS;88547;02/07/2026;164522;87892;4;80;396;0;0;03/07/2026;BRUNO;933
6;12280;AGUA OXIG BUTTERF 40V 100ML;PERFUMARIA E LIMPEZA;88547;02/07/2026;164522;87892;12;0;12;1;0;;;18
6;3433;SOPA CARNE MAGGI 63G CONCHINHAS;MERCEARIA;88547;02/07/2026;164522;87892;10;8;10;1;0;03/07/2026;AUGUSTO;7
6;12411;AMACIANTE GIRANDO SOL 500ML COCO;PERFUMARIA E LIMPEZA;88547;02/07/2026;164522;87892;12;168;12;1;0;;;5
6;12278;AGUA OXIG BUTTERF 20V 100ML;PERFUMARIA E LIMPEZA;88547;02/07/2026;164522;87892;12;0;12;1;0;;;5
6;29708;CHOC BARRA LACTA LAKA 28G;MERCEARIA;88547;02/07/2026;164522;87892;12;0;12;1;0;03/07/2026;AUGUSTO;-5
6;3510;FERM BIO PO FLEISCHMANN SH LV 125G PG 100G;MERCEARIA;88547;02/07/2026;164522;87892;16;48;16;4;0;03/07/2026;AUGUSTO;89
6;2717;FARINHA TRIGO FIDALGA 1KG;MERCEARIA;88547;02/07/2026;164522;87892;10;0;10;2;0;;;-8
6;3415;CREME LEITE ITALAC TP 200G;MERCEARIA;88547;02/07/2026;164522;87892;24;72;24;2;0;;;253
6;647;WHISKY GREEN VALLEY VD 1L;BEBIDAS;88547;02/07/2026;164522;87892;1;0;1;1;0;03/07/2026;AUGUSTO;-2
6;5850;ESC DENTAL ORAL B PRO;PERFUMARIA E LIMPEZA;88547;02/07/2026;164522;87892;12;36;12;1;0;;;15
6;6931;LIMP UAU 500ML REQUINTE;PERFUMARIA E LIMPEZA;88547;02/07/2026;164522;87892;24;0;24;2;0;;;5
6;60;AGUA GASEIFICADA CRYSTAL PET 510ML LIMAO;BEBIDAS;88638;02/07/2026;164714;;6;522;24;0;0;;;33
6;164;CERV EST GALICIA P MALTE LT 473ML;BEBIDAS;88638;02/07/2026;164714;;12;48;24;0;0;;;180
6;750;ACUCAR CRISTAL GASPARIN 5KG;MERCEARIA;88731;02/07/2026;164865;;6;168;108;0;0;;;-38
6;3191;SALG KEVYTOS BACON 13G C 50;MERCEARIA;88731;02/07/2026;164865;;10;38;30;0;0;;;10
6;2140;ARROZ BCO SANO TP1 5KG;MERCEARIA;88731;02/07/2026;164865;;6;1658;12;0;0;;;-71
6;4158;AMAC CONC COMFORT 900ML RF LAVANDA;PERFUMARIA E LIMPEZA;88885;02/07/2026;165340;88427;12;12;12;1;0;02/07/2026;MIKAEL;14
6;6234;GEL DENTAL CLOSE UP 90G ORIG RED HOT;PERFUMARIA E LIMPEZA;88885;02/07/2026;165340;88427;12;250;36;3;0;02/07/2026;ERICA;18
6;17357;DET LIQ MINUANO 500ML CLEAR;PERFUMARIA E LIMPEZA;88939;02/07/2026;165491;88506;24;10;600;26;12;04/07/2026;IAGO;10
7;6787;LEITE LV ELEGE 1L ZERO LAC SEMI DES;PERECIVEIS;88521;02/07/2026;164509;88586;12;286;12;0;0;03/07/2026;ALEX JARDIM;17
7;6798;LEITE SANTA CLARA 1L SENIOR 50;PERECIVEIS;88521;02/07/2026;164509;88586;12;24;12;0;0;03/07/2026;ALEX JARDIM;32
7;6784;LEITE UHT TIROL C TAMP 1L SEMI DESN;PERECIVEIS;88521;02/07/2026;164509;88586;12;2044;12;2;2;03/07/2026;ALEX JARDIM;16
7;6781;LEITE LV EDGE ELEGE 1L INTEGRAL;PERECIVEIS;88521;02/07/2026;164509;88586;12;204;12;0;0;03/07/2026;ALEX JARDIM;355
7;6780;LEITE NINHO UHT TP LEVINHO 1L SEMI DESNATADO;PERECIVEIS;88521;02/07/2026;164509;88586;12;84;12;0;0;03/07/2026;ALEX JARDIM;0
7;6795;LEITE UHT TIROL 1L ZERO LAC;PERECIVEIS;88521;02/07/2026;164509;88586;12;60;12;0;0;03/07/2026;ALEX JARDIM;58
7;6801;LEITE UHT TP NINHO 1L INTEGRAL;PERECIVEIS;88521;02/07/2026;164509;88586;12;1779;12;2;2;03/07/2026;ALEX JARDIM;1
7;6791;LEITE UHT PET ELEGE 1L DESNATADO;PERECIVEIS;88521;02/07/2026;164509;88586;6;516;24;0;0;03/07/2026;ALEX JARDIM;12
7;9741;LEITE SANTA CLARA LV SEMI DESN 1L;PERECIVEIS;88521;02/07/2026;164509;88586;12;551;60;5;5;03/07/2026;ALEX JARDIM;100
7;9745;LEITE UHT SANTA CLARA DESN 1L;PERECIVEIS;88521;02/07/2026;164509;88586;12;336;24;0;0;03/07/2026;ALEX JARDIM;90
7;5671;DETERG GIRANDO SOL 500ML COCO;PERFUMARIA E LIMPEZA;88549;02/07/2026;164523;88586;24;24;24;2;0;04/07/2026;JESUS;-15
7;9288;DESINF YPE BAK 500ML FLORAL BAK;PERFUMARIA E LIMPEZA;88549;02/07/2026;164523;88586;12;12;12;1;0;04/07/2026;JESUS;1
7;17340;DET LIQ BIO KRISS 500ML CLEAR;PERFUMARIA E LIMPEZA;88549;02/07/2026;164523;88586;24;11208;24;1;0;;;-5
7;48;AGUA MIN FLORESTA PET 500ML C GAS;BEBIDAS;88549;02/07/2026;164523;88586;12;47;12;5;0;04/07/2026;FERNANDO.H;200
7;52;AGUA MIN FLORESTA PET 5L S GAS;BEBIDAS;88549;02/07/2026;164523;88586;4;36;4;1;0;04/07/2026;FERNANDO.H;1
7;762;REFRIG COCA COLA PET 200ML;BEBIDAS;88549;02/07/2026;164523;88586;12;432;36;0;0;04/07/2026;LUAN;5
7;847;REFRIG COCA COLA PET 600ML;BEBIDAS;88549;02/07/2026;164523;88586;12;520;12;1;0;04/07/2026;BRAGA;21
7;6828;AGUA SABORIZ H2OH 500ML LIMONETO;BEBIDAS;88549;02/07/2026;164523;88586;12;60;12;2;0;04/07/2026;BRAGA;25
7;2717;FARINHA TRIGO FIDALGA 1KG;MERCEARIA;88549;02/07/2026;164523;88586;10;0;10;2;0;04/07/2026;BRAGA;5
7;2329;FEIJAO PRETO CALDO OURO 500G;MERCEARIA;88549;02/07/2026;164523;88586;10;6233;30;3;0;04/07/2026;BRAGA;217
7;4348;TALCO BARUEL TENYS PE 100G PO WOMAN;PERFUMARIA E LIMPEZA;88549;02/07/2026;164523;88586;12;0;24;1;1;03/07/2026;AUGUSTO;0
7;7920;SABONETE LUX 125G SUAVE LIRIO AZUL;PERFUMARIA E LIMPEZA;88549;02/07/2026;164523;88586;72;720;144;0;0;03/07/2026;AUGUSTO;1
7;2242;ARROZ PARBO RAROZ TP1 5KG;MERCEARIA;88549;02/07/2026;164523;88586;6;1680;12;2;2;03/07/2026;MARCOS M;91
7;1834;PAST DOCILE ROLLY MINTY 29G EXTRA FORTE;MERCEARIA;88549;02/07/2026;164523;88586;12;432;12;1;0;03/07/2026;JESSICA M;0
7;34564;CREME JOAO E MARIA 40G P ASSADURA;PERFUMARIA E LIMPEZA;88549;02/07/2026;164523;88586;1;0;5;5;0;;;0
7;22703;RAC DODOG ORIG ALL DAY 5K;PRODUTOS PET;88549;02/07/2026;164523;88586;1;85;5;6;0;03/07/2026;ELIAS;9
7;5441;DESINF GIRANDO SOL 500ML LAVANDA;PERFUMARIA E LIMPEZA;88549;02/07/2026;164523;88586;12;624;24;2;0;04/07/2026;JESUS;4
7;3971;ALCOOL 46 SUPER VALE 1L;PERFUMARIA E LIMPEZA;88549;02/07/2026;164523;88586;12;324;12;1;0;04/07/2026;JESUS;14
7;438;COQUETEL PATRICIA DO SUL VD 790ML;BEBIDAS;88549;02/07/2026;164523;88586;12;2148;12;1;0;04/07/2026;FERNANDO.H;27
7;784;REFRIG ANTARCTICA GUARANA PET 2L;BEBIDAS;88549;02/07/2026;164523;88586;8;176;8;2;0;04/07/2026;BRAGA;0
7;18459;FEIJAO BCO SERRA URUGUAI 500G;MERCEARIA;88549;02/07/2026;164523;88586;20;480;20;1;0;04/07/2026;BRAGA;0
7;3433;SOPA CARNE MAGGI 63G CONCHINHAS;MERCEARIA;88549;02/07/2026;164523;88586;10;8;10;1;0;03/07/2026;JESSICA M;21
7;587;GIN OLD BRIDGE VD 900ML ROSE;BEBIDAS;88549;02/07/2026;164523;88586;1;0;1;1;0;03/07/2026;JESSICA M;4
7;9287;DESINF YPE BAK 500ML EUCALIPTO BAK;PERFUMARIA E LIMPEZA;88549;02/07/2026;164523;88586;12;0;12;1;0;04/07/2026;JESUS;4
7;5491;DESINF YPE 500ML BAK LAVANDA;PERFUMARIA E LIMPEZA;88549;02/07/2026;164523;88586;12;240;24;2;0;04/07/2026;JESUS;3
7;6893;LIMP MULTI UAU 500ML LIMAO C CANFORA;PERFUMARIA E LIMPEZA;88549;02/07/2026;164523;88586;24;23;24;1;0;;;11
7;7894;SABONETE FLOR DE YPE 85G ROSAS BR AVELA;PERFUMARIA E LIMPEZA;88549;02/07/2026;164523;88586;72;0;72;1;0;;;74
7;3903;ABS C ABAS MILI DIA NOITE C 16 UN SUAVE;PERFUMARIA E LIMPEZA;88549;02/07/2026;164523;88586;24;480;24;1;0;;;25
7;12289;AGUA SANIT IMPERIAL 1L;PERFUMARIA E LIMPEZA;88549;02/07/2026;164523;88586;12;0;12;1;0;;;36
7;790;REFRIG CHARRUA GUARANA PET 2L;BEBIDAS;88549;02/07/2026;164523;88586;8;56;8;0;0;04/07/2026;LUAN;91
7;1426;CHOC BIS XTRA BLACK CHOCOLATE 45G;MERCEARIA;88549;02/07/2026;164523;88586;24;0;24;1;0;03/07/2026;JESSICA M;19
7;33705;SH SEDA 425ML CERAMIDAS;PERFUMARIA E LIMPEZA;88549;02/07/2026;164523;88586;12;0;12;2;0;;;0
7;35127;TOALHA UMED BEBE LIMPINHO C45;PERFUMARIA E LIMPEZA;88549;02/07/2026;164523;88586;24;0;24;1;0;;;19
7;19372;INSET NITROCID PO 50G;PERFUMARIA E LIMPEZA;88549;02/07/2026;164523;88586;1;1;1;2;0;04/07/2026;JESUS;0
7;5682;DET LIQ GOTA LIMPA 500ML NEUTRO;PERFUMARIA E LIMPEZA;88549;02/07/2026;164523;88586;24;4563;48;2;0;;;132
7;109;CERV BRAHMA CHOPP GF 1L RETORNAVEL;BEBIDAS;88549;02/07/2026;164523;88586;12;396;24;2;0;04/07/2026;FERNANDO.H;9
7;228;CERV AMSTEL LAGER LN 355ML;BEBIDAS;88549;02/07/2026;164523;88586;12;144;12;1;0;04/07/2026;FERNANDO.H;33
7;3843;EXTR TOM CAJAMAR LT 350G;MERCEARIA;88549;02/07/2026;164523;88586;24;4563;24;1;1;03/07/2026;ALEX JARDIM;356
7;4988;COND JAY LUC 1L NEUTRO;PERFUMARIA E LIMPEZA;88549;02/07/2026;164523;88586;12;468;12;0;0;03/07/2026;AUGUSTO;4
7;6234;GEL DENTAL CLOSE UP 90G ORIG RED HOT;PERFUMARIA E LIMPEZA;88549;02/07/2026;164523;88586;12;250;24;0;0;03/07/2026;AUGUSTO;3
7;2096;ARROZ BCO SANO T1 2K;MERCEARIA;88549;02/07/2026;164523;88586;15;1785;60;0;0;03/07/2026;MARCOS M;-6
7;23212;SAL MOIDO 5 ESTRELAS 1KG;MERCEARIA;88549;02/07/2026;164523;88586;10;13696;20;4;4;03/07/2026;MARCOS M;63
7;9231;CR TRAT VINI LADY SC 700G COCO NUTRICAO;PERFUMARIA E LIMPEZA;88549;02/07/2026;164523;88586;12;0;12;1;0;;;4
7;33968;PAPEL HIG SIRIUS PREMIER FD 20M C12;PERFUMARIA E LIMPEZA;88549;02/07/2026;164523;88586;4;0;16;5;0;03/07/2026;WILLIAN MATEUS;2
7;6698;LAVA ROUPA BRILHANTE 900ML LIMPEZA TOTAL;PERFUMARIA E LIMPEZA;88549;02/07/2026;164523;88586;12;12;12;1;0;04/07/2026;JESUS;2
7;2568;MOLHO TOM CAJAMAR SH 300G TRAD;MERCEARIA;88549;02/07/2026;164523;88586;32;768;128;0;0;03/07/2026;ALEX JARDIM;35
7;793;REFRIG COCA COLA E FANTA LARANJA 2L;BEBIDAS;88549;02/07/2026;164523;88586;2;12;2;1;0;04/07/2026;BRAGA;1
7;10194;SAB SENSUS BEAUTY ESSENCE 80G BOSQUES OCIDENT;PERFUMARIA E LIMPEZA;88549;02/07/2026;164523;88586;108;3772;108;1;1;03/07/2026;AUGUSTO;74
7;2745;FARINHA TRIGO MARIA INES 1KG;MERCEARIA;88549;02/07/2026;164523;88586;10;-420;30;3;3;03/07/2026;MARCOS M;-304
7;7355;PAPEL HIG DUETTO 4 UN DE 30M NEUTRO;PERFUMARIA E LIMPEZA;88549;02/07/2026;164523;88586;16;0;16;1;0;03/07/2026;WILLIAN MATEUS;9
7;15732;CERA LIQ GIRANDO SOL 750ML INCOLOR;PERFUMARIA E LIMPEZA;88549;02/07/2026;164523;88586;12;300;36;3;0;;;6
7;7558;PROT DIARIO MILI 15UN SUAVE S ABAS;PERFUMARIA E LIMPEZA;88549;02/07/2026;164523;88586;24;384;24;1;0;;;20
7;33266;REFRIG FRUKI PET 3 L LARANJA;BEBIDAS;88549;02/07/2026;164523;88586;4;376;48;0;0;04/07/2026;LUAN;5
7;904;REFRIG PEPSI LT 350ML;BEBIDAS;88549;02/07/2026;164523;88586;12;1044;12;2;0;04/07/2026;FERNANDO.H;26
7;656;SUCO DEL VALLE FRUT TP 1L UVA;BEBIDAS;88549;02/07/2026;164523;88586;6;24;6;2;0;04/07/2026;FERNANDO.H;15
7;416;ENERG ELEV PET 2L ZERO;BEBIDAS;88549;02/07/2026;164523;88586;6;2;18;3;0;04/07/2026;FERNANDO.H;-1
7;2911;ACHOC LIQ ITALAC 200ML;MERCEARIA;88549;02/07/2026;164523;88586;24;104;48;0;0;03/07/2026;ALEX JARDIM;5
7;21125;MOL TOM TRAD VAL SH 300G;MERCEARIA;88549;02/07/2026;164523;88586;36;19223;36;1;0;04/07/2026;BRAGA;337
7;746;ACUCAR CRISTAL GASPARIN 1KG;MERCEARIA;88549;02/07/2026;164523;88586;10;0;10;0;0;03/07/2026;MARCOS M;59
7;12233;ACUCAR DEMERARA GASPARIN 1KG;MERCEARIA;88549;02/07/2026;164523;88586;10;14;10;0;0;03/07/2026;MARCOS M;45
7;2697;FARINHA MILHO PERDIZ 1KG GROSSA;MERCEARIA;88549;02/07/2026;164523;88586;12;324;12;0;0;03/07/2026;MARCOS M;3
7;2755;FARINHA TRIGO PANFACIL 1KG C FERM;MERCEARIA;88549;02/07/2026;164523;88586;10;9;10;0;0;03/07/2026;MARCOS M;15
7;24653;TCO TENYS PE BARUEL PO 100G ORIG;PERFUMARIA E LIMPEZA;88549;02/07/2026;164523;88586;12;48;48;4;0;;;0
7;12279;AGUA OXIG BUTTERF 30V 100ML;PERFUMARIA E LIMPEZA;88549;02/07/2026;164523;88586;12;0;12;1;0;;;51
7;13524;BLOQ ODORES 60ML BABY;PERFUMARIA E LIMPEZA;88549;02/07/2026;164523;88586;12;0;12;1;0;04/07/2026;JESUS;7
7;9623;INSET MAT INSET MULTI PROMO 360ML SEM CHEIRO;PERFUMARIA E LIMPEZA;88549;02/07/2026;164523;88586;12;0;12;1;0;04/07/2026;JESUS;7
7;9550;FRALDA MILI JUMBINHO XXG 16UN;PERFUMARIA E LIMPEZA;88549;02/07/2026;164523;88586;9;712;9;2;0;;;0
7;849;REFRIG COCA COLA PET 600ML ZERO;BEBIDAS;88549;02/07/2026;164523;88586;12;96;12;5;0;04/07/2026;FERNANDO.H;21
7;825;REFRIG PEPSI PET 2L;BEBIDAS;88549;02/07/2026;164523;88586;8;1784;16;3;0;04/07/2026;FERNANDO.H;52
7;3415;CREME LEITE ITALAC TP 200G;MERCEARIA;88549;02/07/2026;164523;88586;24;72;24;0;0;03/07/2026;ALEX JARDIM;28
7;7951;SABON PALMOLIVE NATURALS 150G VERDE;PERFUMARIA E LIMPEZA;88549;02/07/2026;164523;88586;72;0;72;0;0;03/07/2026;AUGUSTO;2
7;2140;ARROZ BCO SANO TP1 5KG;MERCEARIA;88549;02/07/2026;164523;88586;6;1658;54;0;0;03/07/2026;MARCOS M;7
7;24641;TCO P PES AMAZONIA 100G FRESH;PERFUMARIA E LIMPEZA;88549;02/07/2026;164523;88586;48;384;48;1;0;;;25
7;37887;TIT COR E TON S AMONIA 2 0 PTO;PERFUMARIA E LIMPEZA;88549;02/07/2026;164523;88586;6;12;6;1;0;;;1
7;4258;AP PROBAK II LV7 PG5;PERFUMARIA E LIMPEZA;88549;02/07/2026;164523;88586;1;57;72;75;0;;;53
7;38552;RACAO RANGO DOG 5KG;PRODUTOS PET;88549;02/07/2026;164523;88586;1;916;1;10;0;03/07/2026;ELIAS;29
7;38002;CEREAL MAT DOMELLY DINOCRISPY ARGOL;MERCEARIA;88549;02/07/2026;;;1;10;5;0;0;;;1
7;4259;AP PRESTOBARBA ULTRA GRIP 2UN;PERFUMARIA E LIMPEZA;88549;02/07/2026;164523;88586;12;0;12;1;0;;;26
7;9754;HID LEITE PAIXAO 200ML FRAMB NEGRA;PERFUMARIA E LIMPEZA;88549;02/07/2026;164523;88586;24;0;24;1;0;;;5
7;6841;LIMP MULTI USO AJAX BQ FLORES 500ML FLORES LAVANDA;PERFUMARIA E LIMPEZA;88549;02/07/2026;164523;88586;12;0;12;1;0;04/07/2026;JESUS;12
7;5691;DETERG YPE 500 ML CLEAR;PERFUMARIA E LIMPEZA;88549;02/07/2026;164523;88586;24;46;24;2;0;;;0
7;33255;REFRIG CHARRUA PET 3L GUARANA;BEBIDAS;88549;02/07/2026;164523;88586;6;121;6;0;0;04/07/2026;LUAN;66
7;539;GATORADE 500ML LARANJA;BEBIDAS;88549;02/07/2026;164523;88586;6;156;6;1;0;04/07/2026;FERNANDO.H;3
7;396;ENERG MONSTER LT 473ML ULTRA;BEBIDAS;88549;02/07/2026;164523;88586;6;69;36;6;0;04/07/2026;FERNANDO.H;7
7;12237;ACUCAR REFINADO GASPARIN 1KG;MERCEARIA;88549;02/07/2026;164523;88586;10;1671;10;1;0;04/07/2026;BRAGA;169
7;17311;DESOD ROLLON REXONA 50ML INVISIBLE;PERFUMARIA E LIMPEZA;88549;02/07/2026;164523;88586;12;84;12;1;1;03/07/2026;AUGUSTO;13
7;2737;FARINHA TRIGO ROSESOL 1KG;MERCEARIA;88549;02/07/2026;164523;88586;10;1194;80;0;0;03/07/2026;MARCOS M;-35
7;2365;FEIJAO VRM CALDO OURO 500G;MERCEARIA;88549;02/07/2026;164523;88586;10;50;10;0;0;03/07/2026;MARCOS M;44
7;2777;ACUCAR CONFEITEIRO CBS 500G;NAO ALIMENTO;88549;02/07/2026;164523;88586;6;18;6;0;0;03/07/2026;MARCOS M;7
7;15991;CHOC KINDER BUENO WHITE 39G;MERCEARIA;88549;02/07/2026;164523;88586;30;0;30;1;0;03/07/2026;JESSICA M;9
7;13525;BLOQ ODORES 60ML ESPECIARIAS;PERFUMARIA E LIMPEZA;88549;02/07/2026;164523;88586;12;0;12;2;0;04/07/2026;JESUS;-3
7;2909;ACHOC LIQ SHOWKINHO 200ML;MERCEARIA;88685;02/07/2026;164791;88586;27;22032;270;10;10;03/07/2026;ALEX JARDIM;331
7;2767;MAIONESE HELLMANNS SH 200G;MERCEARIA;88743;02/07/2026;164849;88586;24;4440;360;15;15;03/07/2026;ALEX JARDIM;-11
7;834;REFRIG ANTARCTICA GUARANA PET 3L;BEBIDAS;88759;02/07/2026;164866;88586;4;833;60;15;0;04/07/2026;FERNANDO.H;4
7;786;REFRIG ANTARCTICA GUARANA PET 2L ZERO;BEBIDAS;88759;02/07/2026;164866;88586;8;1280;32;0;0;04/07/2026;LUAN;2
7;17357;DET LIQ MINUANO 500ML CLEAR;PERFUMARIA E LIMPEZA;88939;02/07/2026;165494;88509;24;10;360;26;12;04/07/2026;WENDRIO;0
8;6791;LEITE UHT PET ELEGE 1L DESNATADO;PERECIVEIS;88523;02/07/2026;164510;88582;6;516;24;0;0;04/07/2026;FERNANDO.H;8
8;6787;LEITE LV ELEGE 1L ZERO LAC SEMI DES;PERECIVEIS;88523;02/07/2026;164510;88582;12;286;12;0;0;04/07/2026;FERNANDO.H;-102
8;6795;LEITE UHT TIROL 1L ZERO LAC;PERECIVEIS;88523;02/07/2026;164510;88582;12;60;12;0;0;04/07/2026;FERNANDO.H;102
8;6790;LEITE UHT NINHO 1L ZERO LACTOSE;PERECIVEIS;88523;02/07/2026;164510;88582;12;96;12;0;0;04/07/2026;FERNANDO.H;0
8;9756;LEITE TIROL INTEGRAL ZR LACTOSE 1L;PERECIVEIS;88523;02/07/2026;164510;88582;12;540;12;4;4;04/07/2026;FERNANDO.H;198
8;9741;LEITE SANTA CLARA LV SEMI DESN 1L;PERECIVEIS;88523;02/07/2026;164510;88582;12;551;60;5;5;04/07/2026;FERNANDO.H;107
8;9745;LEITE UHT SANTA CLARA DESN 1L;PERECIVEIS;88523;02/07/2026;164510;88582;12;336;60;0;0;04/07/2026;FERNANDO.H;41
8;6781;LEITE LV EDGE ELEGE 1L INTEGRAL;PERECIVEIS;88523;02/07/2026;164510;88582;12;204;12;0;0;04/07/2026;FERNANDO.H;243
8;6792;LEITE UHT PET ELEGE 1L INTEGRAL;PERECIVEIS;88523;02/07/2026;164510;88582;6;5035;36;7;7;04/07/2026;FERNANDO.H;54
8;4625;CERV PATAGONIA IPA LT 473ML;BEBIDAS;88551;02/07/2026;164524;88582;6;6;6;0;0;04/07/2026;LUAN;12
8;2717;FARINHA TRIGO FIDALGA 1KG;MERCEARIA;88551;02/07/2026;164524;88582;10;0;10;2;0;;;0
8;30258;DESOD AERO DOVE 89G MAN EXTRA FRES;PERFUMARIA E LIMPEZA;88551;02/07/2026;164524;88582;12;48;12;1;0;;;68
8;17025;CURATIVO COTTONBABY 10UN TRAD;PERFUMARIA E LIMPEZA;88551;02/07/2026;164524;88582;36;0;36;1;0;;;60
8;12280;AGUA OXIG BUTTERF 40V 100ML;PERFUMARIA E LIMPEZA;88551;02/07/2026;164524;88582;12;0;12;1;0;;;19
8;15739;CERA PASTA ANDREIA 400G VERM;PERFUMARIA E LIMPEZA;88551;02/07/2026;164524;88582;12;0;12;1;0;;;11
8;17415;DET PO GOTA LIMPA 800G HARMONIA;PERFUMARIA E LIMPEZA;88551;02/07/2026;164524;88582;20;0;20;1;0;;;21
8;52;AGUA MIN FLORESTA PET 5L S GAS;BEBIDAS;88551;02/07/2026;164524;88582;4;36;4;0;0;04/07/2026;JESUS;1
8;109;CERV BRAHMA CHOPP GF 1L RETORNAVEL;BEBIDAS;88551;02/07/2026;164524;88582;12;396;36;3;3;04/07/2026;LUAN;7
8;847;REFRIG COCA COLA PET 600ML;BEBIDAS;88551;02/07/2026;164524;88582;12;520;84;0;0;04/07/2026;LUAN;124
8;8255;SH MONANGE 325ML HIDRATA C PODER;PERFUMARIA E LIMPEZA;88551;02/07/2026;164524;88582;12;72;12;1;0;;;2
8;1269;CHOC BARRA LACTA 80G LAKA;MERCEARIA;88551;02/07/2026;164524;88582;17;0;17;1;0;;;32
8;5355;CREME BARBA BOZZANO 65G ALOE VERA;PERFUMARIA E LIMPEZA;88551;02/07/2026;164524;88582;24;0;24;1;0;;;11
8;2911;ACHOC LIQ ITALAC 200ML;MERCEARIA;88551;02/07/2026;164524;88582;24;104;24;0;0;04/07/2026;FERNANDO.H;64
8;5679;DET LIQ GOTA LIMPA 500ML LIMAO;PERFUMARIA E LIMPEZA;88551;02/07/2026;164524;88582;24;600;48;2;0;;;9
8;10201;SABAO BARRA GIRANDO SOL TR MANC100G;PERFUMARIA E LIMPEZA;88551;02/07/2026;164524;88582;28;0;28;2;0;;;38
8;817;REFRIG FRUKI GUARANA ZR PET 2L GUARANA ZERO;BEBIDAS;88551;02/07/2026;164524;88582;6;168;6;0;0;04/07/2026;JESUS;0
8;37863;CREME LEITE TP DAUS 200G;MERCEARIA;88551;02/07/2026;164524;88582;27;54;27;0;0;04/07/2026;FERNANDO.H;-8
8;4348;TALCO BARUEL TENYS PE 100G PO WOMAN;PERFUMARIA E LIMPEZA;88551;02/07/2026;164524;88582;12;0;12;2;0;;;10
8;3400;BARRA CEREAL RITTER 25G BAN AVEIA MEL;MERCEARIA;88551;02/07/2026;164524;88582;24;0;24;1;0;;;33
8;656;SUCO DEL VALLE FRUT TP 1L UVA;BEBIDAS;88551;02/07/2026;164524;88582;6;24;12;0;0;04/07/2026;LUAN;-5
8;849;REFRIG COCA COLA PET 600ML ZERO;BEBIDAS;88551;02/07/2026;164524;88582;12;96;12;0;0;04/07/2026;JESUS;58
8;762;REFRIG COCA COLA PET 200ML;BEBIDAS;88551;02/07/2026;164524;88582;12;432;12;0;0;04/07/2026;LUAN;1
8;8256;SH MONANGE 325ML LISOS TE QUERO;PERFUMARIA E LIMPEZA;88551;02/07/2026;164524;88582;12;252;36;3;0;;;0
8;4258;AP PROBAK II LV7 PG5;PERFUMARIA E LIMPEZA;88551;02/07/2026;164524;88582;1;57;1;1;0;;;56
8;24323;SH GENIAL PET 2 EM 1 500ML;PRODUTOS PET;88551;02/07/2026;164524;88582;1;0;1;1;0;;;5
8;6134;FRALDA DESC LOOMPIG JUMBINHO XXG 12 UN;PERFUMARIA E LIMPEZA;88551;02/07/2026;164524;88582;8;47;8;1;0;;;6
8;834;REFRIG ANTARCTICA GUARANA PET 3L;BEBIDAS;88551;02/07/2026;164524;88582;4;833;4;0;0;04/07/2026;LUAN;2
8;2329;FEIJAO PRETO CALDO OURO 500G;MERCEARIA;88551;02/07/2026;164524;88582;10;6233;10;1;0;;;248
8;3512;FERM PO BIOL GOOD INSTANT SH 10G;MERCEARIA;88551;02/07/2026;164524;88582;30;1080;30;7;0;;;224
8;647;WHISKY GREEN VALLEY VD 1L;BEBIDAS;88551;02/07/2026;164524;88582;1;0;1;2;0;;;4
8;24653;TCO TENYS PE BARUEL PO 100G ORIG;PERFUMARIA E LIMPEZA;88551;02/07/2026;164524;88582;12;48;48;4;0;;;0
8;38554;RACAO TUG CARNE 7KG;PRODUTOS PET;88551;02/07/2026;164524;88582;1;250;5;10;0;03/07/2026;ELIAS;4
8;33255;REFRIG CHARRUA PET 3L GUARANA;BEBIDAS;88551;02/07/2026;164524;88582;6;121;6;0;0;04/07/2026;LUAN;20
8;35225;REFRIG GUARANA FRUKI PET 600ML ZERO;BEBIDAS;88551;02/07/2026;164524;88582;12;52;12;0;0;04/07/2026;LUAN;2
8;3680;LEITE COND TRIANGULO TP 395G;MERCEARIA;88551;02/07/2026;164524;88582;27;27;27;0;0;04/07/2026;FERNANDO.H;22
8;2909;ACHOC LIQ SHOWKINHO 200ML;MERCEARIA;88551;02/07/2026;164524;88582;27;22032;243;29;29;04/07/2026;LUAN;36
8;22794;RATICIDA RATICID GRANULADO 25G;PERFUMARIA E LIMPEZA;88551;02/07/2026;164524;88582;480;0;480;1;0;;;156
8;2026;MILHO PIPOCA SERRA URUGUAI TP1 400G;MERCEARIA;88551;02/07/2026;164524;88582;20;0;40;2;0;;;309
8;13403;BISC DOCE NESTLE CHOCO TRIO 90G PRESTIGIO;MERCEARIA;88551;02/07/2026;164524;88582;12;531;24;2;0;;;0
8;22999;SAB FONTANA SENSUS 150G AMANHECER PERS;PERFUMARIA E LIMPEZA;88551;02/07/2026;164524;88582;72;72;72;2;0;;;25
8;12279;AGUA OXIG BUTTERF 30V 100ML;PERFUMARIA E LIMPEZA;88551;02/07/2026;164524;88582;12;0;12;1;0;;;16
8;7490;POMADA NUGGET 36G PRETA;PERFUMARIA E LIMPEZA;88551;02/07/2026;164524;88582;12;0;12;2;0;;;33
8;19372;INSET NITROCID PO 50G;PERFUMARIA E LIMPEZA;88551;02/07/2026;164524;88582;1;1;1;2;0;;;0
8;35696;ALCOOL COPERALCOOL 500ML TRADICIONAL;PERFUMARIA E LIMPEZA;88551;02/07/2026;164524;88582;12;1032;12;1;0;;;12
8;151;CERV BOHEMIA LT 473ML;BEBIDAS;88551;02/07/2026;164524;88582;12;0;12;2;2;04/07/2026;LUAN;56
8;3377;CALDO KNORR 57G CARNE;MERCEARIA;88551;02/07/2026;164524;88582;10;0;10;1;0;;;23
8;20391;MAIONESE LIZA CASEIRA 450G;MERCEARIA;88551;02/07/2026;164524;88582;12;84;12;0;0;04/07/2026;LUAN;86
8;6880;LIMP MULTIUSO VEJA 10PCT DESC 500ML LAVANDA;PERFUMARIA E LIMPEZA;88551;02/07/2026;164524;88582;24;0;24;1;0;;;12
8;12308;ALCOOL ARAUCARIA 46 1L;PERFUMARIA E LIMPEZA;88551;02/07/2026;164524;88582;12;2823;24;2;0;;;24
8;7353;PAPEL HIG ATUALLE 20M FLA DP 32UN NEUTRO COMPACTO;PERFUMARIA E LIMPEZA;88551;02/07/2026;164524;88582;3;111;6;3;0;03/07/2026;WILLIAN MATEUS;19
8;78;AGUA SABORIZ H2OH PET 500ML LIMAO;BEBIDAS;88551;02/07/2026;164524;88582;12;24;12;0;0;04/07/2026;LUAN;3
8;964;OLEO LIZA GIRASSOL 900ML;MERCEARIA;88551;02/07/2026;164524;88582;20;120;20;0;0;04/07/2026;LUAN;24
8;5302;CR PENT SEDA 300ML CACH DEFINIDOS;PERFUMARIA E LIMPEZA;88551;02/07/2026;164524;88582;12;72;12;1;0;;;-2
8;23001;SAB FONTANA SENSUS 150G FOR MEN;PERFUMARIA E LIMPEZA;88551;02/07/2026;164524;88582;72;648;72;1;0;;;26
8;2923;ACHOC LIQ SHOWKINHO 1L;MERCEARIA;88687;02/07/2026;164792;88582;12;240;36;3;3;04/07/2026;FERNANDO.H;31
8;2909;ACHOC LIQ SHOWKINHO 200ML;MERCEARIA;88687;02/07/2026;164792;88582;27;22032;540;29;29;04/07/2026;LUAN;36
8;17357;DET LIQ MINUANO 500ML CLEAR;PERFUMARIA E LIMPEZA;88939;02/07/2026;165493;88508;24;10;384;26;12;04/07/2026;IAGO;0
11;4256;AP PRESTOBARBA ULTRAGRIP 3L CART2UN;PERFUMARIA E LIMPEZA;88553;02/07/2026;164525;87899;1;0;2;2;0;;;0
11;5673;DETERG GIRANDO SOL 500ML LIMAO;PERFUMARIA E LIMPEZA;88553;02/07/2026;164525;87899;24;4344;24;1;0;;;24
11;8290;SH PANTENE 175ML HIDRATACAO;PERFUMARIA E LIMPEZA;88553;02/07/2026;164525;87899;6;42;6;1;0;;;6
11;3400;BARRA CEREAL RITTER 25G BAN AVEIA MEL;MERCEARIA;88553;02/07/2026;164525;87899;24;0;24;1;0;;;29
11;3401;BARRA CEREAL RITTER 25G BANANA ZR ACUC;MERCEARIA;88553;02/07/2026;164525;87899;24;0;24;1;0;;;2
11;12452;AMEND BCO BELLA DICA 400G;MERCEARIA;88553;02/07/2026;164525;87899;12;4392;24;2;0;;;57
11;20434;MAMAD LOLLY CLEAN 250ML;PERFUMARIA E LIMPEZA;88553;02/07/2026;164525;87899;6;0;6;6;0;;;1
11;9587;DESOD SANIT ADES GOTA LIMPA 41G 7D EUCALIPTO;PERFUMARIA E LIMPEZA;88553;02/07/2026;164525;87899;12;0;12;1;0;;;3
11;3510;FERM BIO PO FLEISCHMANN SH LV 125G PG 100G;MERCEARIA;88553;02/07/2026;164525;87899;16;48;16;1;0;03/07/2026;PAMELA;0
11;1452;CHOC KINDER BUENO 39G;MERCEARIA;88553;02/07/2026;164525;87899;30;0;30;1;0;;;13
11;19315;COT HASTES FLEX COTTONBABY PT 100UN;PERFUMARIA E LIMPEZA;88553;02/07/2026;164525;87899;1;17;1;1;0;;;6
11;1397;CHOC NESTLE CHOKITO 32G UN;MERCEARIA;88553;02/07/2026;164525;87899;30;0;30;1;0;;;34
11;33895;CREME DENT CLOSE UP 100G CARVAO ATIVADO;PERFUMARIA E LIMPEZA;88553;02/07/2026;164525;87899;12;72;12;1;0;;;10
11;1837;PAST DOCILE ROLLY MINTY 29G FRUIT;MERCEARIA;88553;02/07/2026;164525;87899;12;1464;12;1;0;;;36
11;24653;TCO TENYS PE BARUEL PO 100G ORIG;PERFUMARIA E LIMPEZA;88553;02/07/2026;164525;87899;12;48;48;4;0;;;0
11;3431;SOPA GALINHA MAGGI 60G FIDELINI;MERCEARIA;88553;02/07/2026;164525;87899;10;9;10;1;0;;;10
11;1353;CHOC BATON GAROTO 16G AO LEITE;MERCEARIA;88553;02/07/2026;164525;87899;30;0;30;1;0;;;19
11;21787;PEDRA POMES STA CLARA R 199;PERFUMARIA E LIMPEZA;88553;02/07/2026;164525;87899;6;0;6;1;0;;;0
11;12279;AGUA OXIG BUTTERF 30V 100ML;PERFUMARIA E LIMPEZA;88553;02/07/2026;164525;87899;12;0;12;1;0;;;1
11;4564;CARGA MACH 3 2UN CARBONO;PERFUMARIA E LIMPEZA;88553;02/07/2026;164525;87899;12;0;12;1;0;;;14
11;8149;SH ANTIC CLEAR 200ML MEN LIMPEZA PROFUND;PERFUMARIA E LIMPEZA;88553;02/07/2026;164525;87899;12;36;12;1;0;;;11
11;17317;DESOD ROLLON REXONA 50ML XTRA COOL;PERFUMARIA E LIMPEZA;88553;02/07/2026;164525;87899;12;396;12;1;0;;;4
11;12280;AGUA OXIG BUTTERF 40V 100ML;PERFUMARIA E LIMPEZA;88553;02/07/2026;164525;87899;12;0;12;1;0;;;11
11;2909;ACHOC LIQ SHOWKINHO 200ML;MERCEARIA;88689;02/07/2026;164793;88588;27;22032;810;30;0;04/07/2026;GUILHERME B;814
11;6234;GEL DENTAL CLOSE UP 90G ORIG RED HOT;PERFUMARIA E LIMPEZA;88891;02/07/2026;165343;88430;12;250;24;2;0;02/07/2026;BRUNO ANTUNES;-1
11;17357;DET LIQ MINUANO 500ML CLEAR;PERFUMARIA E LIMPEZA;88939;02/07/2026;165493;88508;24;10;600;26;12;03/07/2026;MIKAEL;0
11;2758;MAIONESE LIZA SH 196G;MERCEARIA;88964;02/07/2026;165508;88521;24;20939;480;20;0;04/07/2026;JOCELAINE;20
11;1537;COBER COBERTOP 1 01KG CONF AO LEITE;MERCEARIA;88964;02/07/2026;165508;88521;10;60;40;4;0;03/07/2026;MONIQUE;6
11;2587;DOCE LEITE MU MU PT 350G;MERCEARIA;88964;02/07/2026;165508;88521;12;8750;120;10;0;04/07/2026;CAROLINA;96
11;38500;LENTILHA CALDO DE OURO 400G;MERCEARIA;88964;02/07/2026;165508;88521;12;6516;300;25;0;;;271
11;2429;PEPINO CONSERVA NUTRIOURO VD 300G;MERCEARIA;88964;02/07/2026;165508;88521;15;219;225;15;0;04/07/2026;CAROLINA;7
11;3446;CHOC GRAN DORI 500G ORIGINAL;MERCEARIA;88964;02/07/2026;165508;88521;16;0;32;2;0;03/07/2026;MONIQUE;0
12;3431;SOPA GALINHA MAGGI 60G FIDELINI;MERCEARIA;88555;02/07/2026;164526;87900;10;9;10;1;0;03/07/2026;AUGUSTO;11
12;36711;FERMENTO BIOL PO NORDESTE SH 10G;MERCEARIA;88555;02/07/2026;164526;87900;30;0;240;8;0;03/07/2026;AUGUSTO;0
12;10;REFRIG COCA COLA PET 2L;BEBIDAS;88555;02/07/2026;164526;87900;4;80;396;0;0;02/07/2026;MARCOS M;2131
12;12280;AGUA OXIG BUTTERF 40V 100ML;PERFUMARIA E LIMPEZA;88555;02/07/2026;164526;87900;12;0;12;1;1;03/07/2026;JESSICA M;17
12;640;WHISKY BLEND SEVEN 1L;BEBIDAS;88555;02/07/2026;164526;87900;1;56;2;2;0;03/07/2026;AUGUSTO;5
12;24653;TCO TENYS PE BARUEL PO 100G ORIG;PERFUMARIA E LIMPEZA;88555;02/07/2026;164526;87900;12;48;36;0;0;03/07/2026;JESSICA M;0
12;12278;AGUA OXIG BUTTERF 20V 100ML;PERFUMARIA E LIMPEZA;88555;02/07/2026;164526;87900;12;0;12;1;1;03/07/2026;JESSICA M;3
12;655;WHISKY PASSPORT VD 1L;BEBIDAS;88555;02/07/2026;164526;87900;1;75;2;2;0;03/07/2026;AUGUSTO;6
12;9134;CONDICIONADOR MONANGE 325ML HIALURONICO RES;PERFUMARIA E LIMPEZA;88555;02/07/2026;164526;87900;12;0;12;1;1;03/07/2026;JESSICA M;0
12;20415;MAMAD CEFISA SIL 240ML;PERFUMARIA E LIMPEZA;88555;02/07/2026;164526;87900;12;228;12;1;1;03/07/2026;JESSICA M;1
12;1452;CHOC KINDER BUENO 39G;MERCEARIA;88555;02/07/2026;164526;87900;30;0;30;1;0;03/07/2026;AUGUSTO;6
12;1058;ALFAJOR EL AGUILA 60G CHOC;MERCEARIA;88555;02/07/2026;164526;87900;12;1032;12;0;0;03/07/2026;AUGUSTO;9
12;3512;FERM PO BIOL GOOD INSTANT SH 10G;MERCEARIA;88555;02/07/2026;164526;87900;30;1080;30;1;0;03/07/2026;AUGUSTO;4
12;1747;CHICLE FREEGELLS GUM 8G ORIG CHERRY;MERCEARIA;88555;02/07/2026;164526;87900;15;0;15;1;0;03/07/2026;AUGUSTO;0
12;4258;AP PROBAK II LV7 PG5;PERFUMARIA E LIMPEZA;88555;02/07/2026;164526;87900;1;57;7;11;11;03/07/2026;JESSICA M;34
12;9754;HID LEITE PAIXAO 200ML FRAMB NEGRA;PERFUMARIA E LIMPEZA;88555;02/07/2026;164526;87900;24;0;24;1;1;03/07/2026;JESSICA M;2
12;20193;LIXA P PES DUPLA FACE;PERFUMARIA E LIMPEZA;88555;02/07/2026;164526;87900;1;0;1;0;0;03/07/2026;JESSICA M;5
12;1441;CHOC TWIX 40G TRIPLO CHOC;MERCEARIA;88555;02/07/2026;164526;87900;18;0;18;1;0;03/07/2026;AUGUSTO;45
12;3510;FERM BIO PO FLEISCHMANN SH LV 125G PG 100G;MERCEARIA;88555;02/07/2026;164526;87900;16;48;16;4;0;03/07/2026;AUGUSTO;6
12;7878;SABONETE DOVE 90G KARITE BAUNILHA;PERFUMARIA E LIMPEZA;88893;02/07/2026;165344;88431;48;3888;144;3;0;02/07/2026;BRUNO ANTUNES;88
12;7925;SABONETE LUX 85G FLOR DE LOTUS;PERFUMARIA E LIMPEZA;88893;02/07/2026;165344;88431;108;3456;108;1;0;02/07/2026;BRUNO ANTUNES;120
12;5538;DESOD AERO DOVE 89G 150ML ORIGINAL;PERFUMARIA E LIMPEZA;88893;02/07/2026;165344;88431;12;394;36;3;0;02/07/2026;BRUNO ANTUNES;12
12;5536;DESOD AERO DOVE 89G 150ML INVISIBLE DRY;PERFUMARIA E LIMPEZA;88893;02/07/2026;165344;88431;12;15;24;2;0;02/07/2026;BRUNO ANTUNES;34
12;5535;DESOD AERO DOVE 89G 150ML INVIS FRESH MEN;PERFUMARIA E LIMPEZA;88893;02/07/2026;165344;88431;12;48;36;3;0;02/07/2026;BRUNO ANTUNES;18
12;33666;SABONETE LUX 85G GARD E OLEO AME;PERFUMARIA E LIMPEZA;88893;02/07/2026;165344;88431;108;2484;108;1;0;02/07/2026;BRUNO ANTUNES;3
12;6234;GEL DENTAL CLOSE UP 90G ORIG RED HOT;PERFUMARIA E LIMPEZA;88893;02/07/2026;165344;88431;12;250;60;5;0;02/07/2026;BRUNO ANTUNES;20
13;9134;CONDICIONADOR MONANGE 325ML HIALURONICO RES;PERFUMARIA E LIMPEZA;88557;02/07/2026;164528;87901;12;0;12;1;0;;;1
13;3431;SOPA GALINHA MAGGI 60G FIDELINI;MERCEARIA;88557;02/07/2026;164528;87901;10;9;10;1;0;03/07/2026;PAMELA;0
13;7490;POMADA NUGGET 36G PRETA;PERFUMARIA E LIMPEZA;88557;02/07/2026;164528;87901;12;0;12;1;0;;;26
13;20193;LIXA P PES DUPLA FACE;PERFUMARIA E LIMPEZA;88557;02/07/2026;164528;87901;1;0;1;1;0;;;4
13;12278;AGUA OXIG BUTTERF 20V 100ML;PERFUMARIA E LIMPEZA;88557;02/07/2026;164528;87901;12;0;12;1;0;;;6
13;34564;CREME JOAO E MARIA 40G P ASSADURA;PERFUMARIA E LIMPEZA;88557;02/07/2026;164528;87901;1;0;23;23;0;;;1
13;5028;COND PANTENE 175ML HIDRATACAO;PERFUMARIA E LIMPEZA;88557;02/07/2026;164528;87901;6;2;6;1;0;;;3
13;13403;BISC DOCE NESTLE CHOCO TRIO 90G PRESTIGIO;MERCEARIA;88557;02/07/2026;164528;87901;12;531;12;1;0;03/07/2026;PAMELA;26
13;19315;COT HASTES FLEX COTTONBABY PT 100UN;PERFUMARIA E LIMPEZA;88557;02/07/2026;164528;87901;1;17;1;2;0;;;6
13;24653;TCO TENYS PE BARUEL PO 100G ORIG;PERFUMARIA E LIMPEZA;88557;02/07/2026;164528;87901;12;48;36;3;0;;;0
13;3510;FERM BIO PO FLEISCHMANN SH LV 125G PG 100G;MERCEARIA;88557;02/07/2026;164528;87901;16;48;16;8;0;03/07/2026;PAMELA;0
13;647;WHISKY GREEN VALLEY VD 1L;BEBIDAS;88557;02/07/2026;164528;87901;1;0;1;1;0;03/07/2026;PAMELA;0
13;9754;HID LEITE PAIXAO 200ML FRAMB NEGRA;PERFUMARIA E LIMPEZA;88557;02/07/2026;164528;87901;24;0;24;1;0;;;0
13;3893;ABS C ABAS DIA NOITE 32 UN SUAVE;PERFUMARIA E LIMPEZA;88557;02/07/2026;164528;87901;16;191;16;1;0;;;1
13;13514;BLO LIXA P UNHA BONITTA;PERFUMARIA E LIMPEZA;88557;02/07/2026;164528;87901;1;0;1;1;0;;;3
13;60;AGUA GASEIFICADA CRYSTAL PET 510ML LIMAO;BEBIDAS;88648;02/07/2026;164719;89382;6;522;60;10;0;04/07/2026;GUILHERME B;16
13;570;REPOS POWERADE 500ML MIX;BEBIDAS;88648;02/07/2026;164719;89382;6;430;60;10;0;04/07/2026;GUILHERME B;76
13;279;VH QUINTA CARVALHO TINTO 750ML SV;BEBIDAS;88769;02/07/2026;164870;89382;12;72;48;7;0;04/07/2026;MARCOS M;15
13;3191;SALG KEVYTOS BACON 13G C 50;MERCEARIA;88769;02/07/2026;164870;89382;10;38;30;0;0;04/07/2026;BRAGA;-1
13;2026;MILHO PIPOCA SERRA URUGUAI TP1 400G;MERCEARIA;88769;02/07/2026;164870;89382;20;0;240;12;0;04/07/2026;AUGUSTO;64
14;6782;LEITE UHT TIROL C TAMPA 1L DESN;PERECIVEIS;88531;02/07/2026;164514;87891;12;2837;24;3;3;04/07/2026;FERNANDO.H;110
14;6784;LEITE UHT TIROL C TAMP 1L SEMI DESN;PERECIVEIS;88531;02/07/2026;164514;87891;12;2044;24;2;2;04/07/2026;FERNANDO.H;71
14;6791;LEITE UHT PET ELEGE 1L DESNATADO;PERECIVEIS;88531;02/07/2026;164514;87891;6;516;12;0;0;04/07/2026;FERNANDO.H;16
14;6780;LEITE NINHO UHT TP LEVINHO 1L SEMI DESNATADO;PERECIVEIS;88531;02/07/2026;164514;87891;12;84;12;0;0;04/07/2026;FERNANDO.H;2
14;6792;LEITE UHT PET ELEGE 1L INTEGRAL;PERECIVEIS;88531;02/07/2026;164514;87891;6;5035;42;9;9;04/07/2026;FERNANDO.H;40
14;6798;LEITE SANTA CLARA 1L SENIOR 50;PERECIVEIS;88531;02/07/2026;164514;87891;12;24;12;0;0;04/07/2026;FERNANDO.H;25
14;6790;LEITE UHT NINHO 1L ZERO LACTOSE;PERECIVEIS;88531;02/07/2026;164514;87891;12;96;24;0;0;04/07/2026;FERNANDO.H;16
14;6781;LEITE LV EDGE ELEGE 1L INTEGRAL;PERECIVEIS;88531;02/07/2026;164514;87891;12;204;12;0;0;04/07/2026;FERNANDO.H;763
14;7353;PAPEL HIG ATUALLE 20M FLA DP 32UN NEUTRO COMPACTO;PERFUMARIA E LIMPEZA;88559;02/07/2026;164529;87891;3;111;27;9;0;02/07/2026;MAYNARA;0
14;21683;PAPEL HIG COMFORT FLA DPL 30M 18 UN;PERFUMARIA E LIMPEZA;88559;02/07/2026;164529;87891;4;100;4;1;0;02/07/2026;MAYNARA;-3
14;12279;AGUA OXIG BUTTERF 30V 100ML;PERFUMARIA E LIMPEZA;88559;02/07/2026;164529;87891;12;0;12;1;0;03/07/2026;AUGUSTO;14
14;12280;AGUA OXIG BUTTERF 40V 100ML;PERFUMARIA E LIMPEZA;88559;02/07/2026;164529;87891;12;0;12;1;0;03/07/2026;AUGUSTO;14
14;7356;PAPEL HIG DUETTO 4 UN DE 30M PERFUMADO;PERFUMARIA E LIMPEZA;88559;02/07/2026;164529;87891;16;0;32;0;0;02/07/2026;MAYNARA;-1
14;790;REFRIG CHARRUA GUARANA PET 2L;BEBIDAS;88559;02/07/2026;164529;87891;8;56;16;0;0;04/07/2026;BRAGA;-5
14;29542;CARVAO VEG CHURRASCO NA BRASA 3KG;NAO ALIMENTO;88559;02/07/2026;164529;87891;1;110;1;16;16;04/07/2026;BRAGA;22
14;1397;CHOC NESTLE CHOKITO 32G UN;MERCEARIA;88559;02/07/2026;164529;87891;30;0;30;1;0;03/07/2026;JESSICA M;15
14;1843;DROPS FREEGELLS 27 9G CEREJA;MERCEARIA;88559;02/07/2026;164529;87891;12;0;12;1;0;03/07/2026;JESSICA M;0
14;5805;ESC DENTAL COLGATE CLASSIC LONG MD 8460;PERFUMARIA E LIMPEZA;88559;02/07/2026;164529;87891;12;168;12;1;0;03/07/2026;AUGUSTO;-3
14;840;REFRIG PEPSI PET 3L;BEBIDAS;88559;02/07/2026;164529;87891;4;712;4;2;0;;;2
14;2814;POLENTA PERDIZ 500G INST TEMP;MERCEARIA;88559;02/07/2026;164529;87891;12;71;12;1;0;;;8
14;3433;SOPA CARNE MAGGI 63G CONCHINHAS;MERCEARIA;88559;02/07/2026;164529;87891;10;8;10;1;0;03/07/2026;JESSICA M;22
14;9754;HID LEITE PAIXAO 200ML FRAMB NEGRA;PERFUMARIA E LIMPEZA;88559;02/07/2026;164529;87891;24;0;24;1;0;03/07/2026;AUGUSTO;4
14;36711;FERMENTO BIOL PO NORDESTE SH 10G;MERCEARIA;88559;02/07/2026;164529;87891;30;0;180;6;0;03/07/2026;JESSICA M;-11
14;33968;PAPEL HIG SIRIUS PREMIER FD 20M C12;PERFUMARIA E LIMPEZA;88559;02/07/2026;164529;87891;4;0;24;6;0;02/07/2026;MAYNARA;33
14;6750;LEITE DE COLONIA 100ML FINAL FANTAS;PERFUMARIA E LIMPEZA;88559;02/07/2026;164529;87891;36;2;36;1;0;03/07/2026;AUGUSTO;0
14;786;REFRIG ANTARCTICA GUARANA PET 2L ZERO;BEBIDAS;88559;02/07/2026;164529;87891;8;1280;8;0;0;04/07/2026;BRAGA;-8
14;24323;SH GENIAL PET 2 EM 1 500ML;PRODUTOS PET;88559;02/07/2026;164529;87891;1;0;1;1;0;03/07/2026;AUGUSTO;4
14;179;CERV ORIGINAL LT 473ML;BEBIDAS;88559;02/07/2026;164529;87891;12;4668;564;47;47;04/07/2026;BRAGA;1166
14;7920;SABONETE LUX 125G SUAVE LIRIO AZUL;PERFUMARIA E LIMPEZA;88559;02/07/2026;164529;87891;72;720;72;1;0;;;71
14;1416;CHOC SNICKERS 45G;MERCEARIA;88559;02/07/2026;164529;87891;20;100;20;1;0;03/07/2026;JESSICA M;-2
14;9974;PAPEL TOALHA MILI 2UN;PERFUMARIA E LIMPEZA;88559;02/07/2026;164529;87891;12;504;12;6;0;02/07/2026;MAYNARA;6
14;52;AGUA MIN FLORESTA PET 5L S GAS;BEBIDAS;88559;02/07/2026;164529;87891;4;36;4;0;0;04/07/2026;BRAGA;-36
14;35782;CERV ANTARCTICA PILSEN 1L;BEBIDAS;88559;02/07/2026;164529;87891;12;600;24;0;0;04/07/2026;BRAGA;-3
14;648;WHISKY MASTER GOLD VD 900ML;BEBIDAS;88559;02/07/2026;164529;87891;1;96;1;1;0;03/07/2026;JESSICA M;1
14;33529;HID LABIAL CARMED 10G BRIGADEIRO;PERFUMARIA E LIMPEZA;88559;02/07/2026;164529;87891;1;41;5;5;0;03/07/2026;AUGUSTO;5
14;24653;TCO TENYS PE BARUEL PO 100G ORIG;PERFUMARIA E LIMPEZA;88559;02/07/2026;164529;87891;12;48;48;4;0;03/07/2026;AUGUSTO;0
14;7490;POMADA NUGGET 36G PRETA;PERFUMARIA E LIMPEZA;88559;02/07/2026;164529;87891;12;0;12;1;0;03/07/2026;AUGUSTO;18
14;3431;SOPA GALINHA MAGGI 60G FIDELINI;MERCEARIA;88559;02/07/2026;164529;87891;10;9;10;1;0;03/07/2026;JESSICA M;27
14;19271;GUARD NATUPEL PREMIUM 20X20 50FLS;PERFUMARIA E LIMPEZA;88559;02/07/2026;164529;87891;160;7760;160;1;0;02/07/2026;MAYNARA;106
14;570;REPOS POWERADE 500ML MIX;BEBIDAS;88650;02/07/2026;164720;;6;430;60;0;0;;;76
14;164;CERV EST GALICIA P MALTE LT 473ML;BEBIDAS;88650;02/07/2026;164720;;12;48;24;0;0;;;291
14;60;AGUA GASEIFICADA CRYSTAL PET 510ML LIMAO;BEBIDAS;88650;02/07/2026;164720;;6;522;60;0;0;;;13
14;2923;ACHOC LIQ SHOWKINHO 1L;MERCEARIA;88695;02/07/2026;164796;;12;240;36;0;0;;;18
14;2244;ARROZ PARBO SABOROSO TP1 5KG;MERCEARIA;88753;02/07/2026;164854;;6;18;60;0;0;;;38
14;1288;CHOC BARRA NESTLE 80G CLASSIC DUO;MERCEARIA;88771;02/07/2026;164871;;16;209;80;0;0;;;32
14;3183;SALG KEVYTOS 55G BACON;MERCEARIA;88771;02/07/2026;164871;;25;0;75;0;0;;;37
14;7884;SABONETE DOVE 90G PELE SENSIVEL;PERFUMARIA E LIMPEZA;88897;02/07/2026;165346;88433;48;2709;96;2;2;03/07/2026;AUGUSTO;96
14;5539;DESOD AERO DOVE 89G 150ML ROMA E VERBENA;PERFUMARIA E LIMPEZA;88897;02/07/2026;165346;88433;12;60;24;0;0;03/07/2026;AUGUSTO;25
14;7872;SABONETE DOVE 90G PROTEGE CUIDA;PERFUMARIA E LIMPEZA;88897;02/07/2026;165346;88433;48;4854;144;0;0;03/07/2026;AUGUSTO;75
14;5599;DESOD AERO REXONA 150ML 90G ACT EMOTION;PERFUMARIA E LIMPEZA;88897;02/07/2026;165346;88433;12;216;12;0;0;03/07/2026;AUGUSTO;21
14;7925;SABONETE LUX 85G FLOR DE LOTUS;PERFUMARIA E LIMPEZA;88897;02/07/2026;165346;88433;108;3456;108;0;0;02/07/2026;BRUNO ANTUNES;225
14;5532;DESOD AERO DOVE 87G 150ML BEAUTY FINISH;PERFUMARIA E LIMPEZA;88897;02/07/2026;165346;88433;12;84;12;0;0;03/07/2026;AUGUSTO;13
14;7875;SABONETE DOVE 90G ERVA DOCE;PERFUMARIA E LIMPEZA;88897;02/07/2026;165346;88433;48;2565;240;0;0;03/07/2026;AUGUSTO;45
14;17357;DET LIQ MINUANO 500ML CLEAR;PERFUMARIA E LIMPEZA;88939;02/07/2026;165498;88513;24;10;360;26;12;04/07/2026;IAGO;0
16;2923;ACHOC LIQ SHOWKINHO 1L;MERCEARIA;88697;02/07/2026;164797;;12;240;36;0;0;;;0
17;6782;LEITE UHT TIROL C TAMPA 1L DESN;PERECIVEIS;88533;02/07/2026;164515;87902;12;2837;72;6;0;;;80
17;6790;LEITE UHT NINHO 1L ZERO LACTOSE;PERECIVEIS;88533;02/07/2026;164515;87902;12;96;12;1;0;;;-10
17;9756;LEITE TIROL INTEGRAL ZR LACTOSE 1L;PERECIVEIS;88533;02/07/2026;164515;87902;12;540;48;25;0;;;68
17;9741;LEITE SANTA CLARA LV SEMI DESN 1L;PERECIVEIS;88533;02/07/2026;164515;87902;12;551;36;10;0;;;-42
17;6787;LEITE LV ELEGE 1L ZERO LAC SEMI DES;PERECIVEIS;88533;02/07/2026;164515;87902;12;286;12;2;0;;;-108
17;1847;DROPS FREEGELLS 27 9G VIT C CITRUS;MERCEARIA;88561;02/07/2026;164530;87902;12;120;24;2;0;03/07/2026;AUGUSTO;-3
17;3383;CALDO APTI 19G GALINHA;MERCEARIA;88561;02/07/2026;164530;87902;24;600;24;1;0;03/07/2026;AUGUSTO;23
17;17450;DOCE N BONN PEZAO 1K PE MOLEQUE;MERCEARIA;88561;02/07/2026;164530;87902;12;0;12;1;0;03/07/2026;MONIQUE;-10
17;12279;AGUA OXIG BUTTERF 30V 100ML;PERFUMARIA E LIMPEZA;88561;02/07/2026;164530;87902;12;0;12;1;0;03/07/2026;PAMELA;28
17;195;REFRE PO PROMIX 100G MIX DE FRUTAS;BEBIDAS;88561;02/07/2026;164530;87902;18;0;18;1;0;02/07/2026;MIKAEL;9
17;25463;VODKA SPRITE ABSOLUT LT 269ML;BEBIDAS;88561;02/07/2026;164530;87902;6;0;6;1;0;02/07/2026;MIKAEL;2
17;684;SUCO MAGUARY CONCENTRADO PET 500ML MARACUJA;BEBIDAS;88561;02/07/2026;164530;87902;12;9;12;1;0;02/07/2026;MIKAEL;0
17;615;SUCO DEL VALLE TP 200ML PESSEGO;BEBIDAS;88561;02/07/2026;164530;87902;18;0;18;1;0;02/07/2026;MIKAEL;65
17;679;SUCO MAGUARY TP 1L MARACUJA;BEBIDAS;88561;02/07/2026;164530;87902;12;11;24;2;0;02/07/2026;MIKAEL;0
17;4256;AP PRESTOBARBA ULTRAGRIP 3L CART2UN;PERFUMARIA E LIMPEZA;88561;02/07/2026;164530;87902;1;0;3;3;0;03/07/2026;PAMELA;0
17;20193;LIXA P PES DUPLA FACE;PERFUMARIA E LIMPEZA;88561;02/07/2026;164530;87902;1;0;1;1;0;03/07/2026;PAMELA;-8
17;24653;TCO TENYS PE BARUEL PO 100G ORIG;PERFUMARIA E LIMPEZA;88561;02/07/2026;164530;87902;12;48;36;3;0;03/07/2026;PAMELA;0
17;9134;CONDICIONADOR MONANGE 325ML HIALURONICO RES;PERFUMARIA E LIMPEZA;88561;02/07/2026;164530;87902;12;0;12;1;0;03/07/2026;PAMELA;6
17;13514;BLO LIXA P UNHA BONITTA;PERFUMARIA E LIMPEZA;88561;02/07/2026;164530;87902;1;0;1;1;0;03/07/2026;PAMELA;3
17;12280;AGUA OXIG BUTTERF 40V 100ML;PERFUMARIA E LIMPEZA;88561;02/07/2026;164530;87902;12;0;12;1;0;03/07/2026;PAMELA;24
17;24323;SH GENIAL PET 2 EM 1 500ML;PRODUTOS PET;88561;02/07/2026;164530;87902;1;0;1;1;0;03/07/2026;PAMELA;0
17;3512;FERM PO BIOL GOOD INSTANT SH 10G;MERCEARIA;88561;02/07/2026;164530;87902;30;1080;30;1;0;03/07/2026;AUGUSTO;6
17;3367;CALDO APTI 57G REFOGA CASEIRA;MERCEARIA;88561;02/07/2026;164530;87902;10;2370;10;1;0;03/07/2026;AUGUSTO;10
17;1886;PASTILHA TIC TAC 14 5G FRUTAS;MERCEARIA;88561;02/07/2026;164530;87902;14;0;14;1;0;03/07/2026;AUGUSTO;4
17;12278;AGUA OXIG BUTTERF 20V 100ML;PERFUMARIA E LIMPEZA;88561;02/07/2026;164530;87902;12;0;12;1;0;03/07/2026;PAMELA;12
17;6750;LEITE DE COLONIA 100ML FINAL FANTAS;PERFUMARIA E LIMPEZA;88561;02/07/2026;164530;87902;36;2;36;1;0;03/07/2026;PAMELA;21
17;784;REFRIG ANTARCTICA GUARANA PET 2L;BEBIDAS;88561;02/07/2026;164530;87902;8;176;32;10;0;03/07/2026;JOCELAINE;-83
17;3400;BARRA CEREAL RITTER 25G BAN AVEIA MEL;MERCEARIA;88561;02/07/2026;164530;87902;24;0;24;1;0;03/07/2026;AUGUSTO;-37
17;3510;FERM BIO PO FLEISCHMANN SH LV 125G PG 100G;MERCEARIA;88561;02/07/2026;164530;87902;16;48;16;3;0;03/07/2026;AUGUSTO;50
17;25434;VH JP BCO SECO TRAD 1 5L;BEBIDAS;88561;02/07/2026;164530;87902;6;0;6;1;0;02/07/2026;MIKAEL;0
17;678;SUCO MAGUARY TP 1L MACA;BEBIDAS;88561;02/07/2026;164530;87902;12;11;12;1;0;02/07/2026;MIKAEL;2
17;3431;SOPA GALINHA MAGGI 60G FIDELINI;MERCEARIA;88561;02/07/2026;164530;87902;10;9;20;2;0;03/07/2026;AUGUSTO;8
17;25433;VH CONCHA Y TORO RESERV CAB SUAVE 750ML;BEBIDAS;88561;02/07/2026;164530;87902;12;0;12;1;0;02/07/2026;MIKAEL;10
17;18459;FEIJAO BCO SERRA URUGUAI 500G;MERCEARIA;88561;02/07/2026;164530;87902;20;480;60;3;0;03/07/2026;JOCELAINE;32
17;1397;CHOC NESTLE CHOKITO 32G UN;MERCEARIA;88561;02/07/2026;164530;87902;30;0;60;2;0;03/07/2026;AUGUSTO;16
17;33895;CREME DENT CLOSE UP 100G CARVAO ATIVADO;PERFUMARIA E LIMPEZA;88561;02/07/2026;164530;87902;12;72;12;1;0;03/07/2026;PAMELA;0
17;9754;HID LEITE PAIXAO 200ML FRAMB NEGRA;PERFUMARIA E LIMPEZA;88561;02/07/2026;164530;87902;24;0;24;1;0;03/07/2026;PAMELA;-1
17;1747;CHICLE FREEGELLS GUM 8G ORIG CHERRY;MERCEARIA;88561;02/07/2026;164530;87902;15;0;15;1;0;03/07/2026;AUGUSTO;8
17;164;CERV EST GALICIA P MALTE LT 473ML;BEBIDAS;88652;02/07/2026;164721;89165;12;48;24;0;0;04/07/2026;VILLARROEL;522
17;570;REPOS POWERADE 500ML MIX;BEBIDAS;88652;02/07/2026;164721;89165;6;430;60;0;0;04/07/2026;VILLARROEL;106
17;2923;ACHOC LIQ SHOWKINHO 1L;MERCEARIA;88699;02/07/2026;164798;89165;12;240;36;3;3;04/07/2026;LUAN;0
17;2909;ACHOC LIQ SHOWKINHO 200ML;MERCEARIA;88699;02/07/2026;164798;89165;27;22032;810;30;0;;;1
17;2244;ARROZ PARBO SABOROSO TP1 5KG;MERCEARIA;88755;02/07/2026;164855;89165;6;18;120;17;17;04/07/2026;FERNANDO.H;63
17;17348;DET LIQ GIRANDO SOL 1L GLICA;PERFUMARIA E LIMPEZA;88773;02/07/2026;164872;89165;12;120;24;0;0;03/07/2026;FERNANDO.H;17
17;1434;BISC MARIA PARATI 740G;MERCEARIA;88773;02/07/2026;164872;89165;12;82;60;9;0;03/07/2026;TEIXEIRA;9
17;4174;AMAC CONC FOFO LV500 PG400ML AZUL TUDAO;PERFUMARIA E LIMPEZA;88773;02/07/2026;164872;89165;12;96;24;2;0;03/07/2026;BRUNO ANTUNES;1
17;35126;DET PO APYCE MULT SH 800G ROSA;PERFUMARIA E LIMPEZA;88773;02/07/2026;164872;89165;25;622;75;3;0;03/07/2026;BRUNO ANTUNES;-16
17;8838;AMAC AQUAFAST 2L ROSA JARD FLORI;PERFUMARIA E LIMPEZA;88773;02/07/2026;164872;89165;6;413;12;2;2;03/07/2026;FERNANDO.H;10
17;3191;SALG KEVYTOS BACON 13G C 50;MERCEARIA;88773;02/07/2026;164872;89165;10;38;30;3;0;03/07/2026;TEIXEIRA;10
17;1423;BISC MARIA GERMANI 690G;MERCEARIA;88773;02/07/2026;164872;89165;10;28;30;3;0;03/07/2026;TEIXEIRA;-8
17;5538;DESOD AERO DOVE 89G 150ML ORIGINAL;PERFUMARIA E LIMPEZA;88899;02/07/2026;165347;88434;12;394;36;0;0;02/07/2026;BRUNO ANTUNES;51
17;2169;ARROZ BCO PILECCO TP1 5KG;MERCEARIA;88899;02/07/2026;165347;88434;6;174;12;0;0;04/07/2026;IAGO;51
17;2242;ARROZ PARBO RAROZ TP1 5KG;MERCEARIA;88899;02/07/2026;165347;88434;6;1680;90;15;15;04/07/2026;IAGO;10
17;38500;LENTILHA CALDO DE OURO 400G;MERCEARIA;88899;02/07/2026;165347;88434;12;6516;240;20;20;04/07/2026;IAGO;638
17;2165;ARROZ BCO PILECCO SUPER ECCO TP1 5K;MERCEARIA;88899;02/07/2026;165347;88434;6;66;18;3;3;04/07/2026;IAGO;50
17;2134;ARROZ BCO SANO OURO TP1 5KG;MERCEARIA;88899;02/07/2026;165347;88434;6;12;6;1;1;04/07/2026;IAGO;53
17;17357;DET LIQ MINUANO 500ML CLEAR;PERFUMARIA E LIMPEZA;88939;02/07/2026;165492;88507;24;10;240;26;12;04/07/2026;IAGO;0
18;12452;AMEND BCO BELLA DICA 400G;MERCEARIA;88563;02/07/2026;164531;88469;12;4392;12;1;0;;;71
18;12280;AGUA OXIG BUTTERF 40V 100ML;PERFUMARIA E LIMPEZA;88563;02/07/2026;164531;88469;12;0;12;1;0;03/07/2026;JESSICA M;9
18;587;GIN OLD BRIDGE VD 900ML ROSE;BEBIDAS;88563;02/07/2026;164531;88469;1;0;2;2;0;02/07/2026;MONIQUE;3
18;633;VODKA TAIGA PREMIUM VD 1L;BEBIDAS;88563;02/07/2026;164531;88469;1;0;1;1;0;02/07/2026;MONIQUE;7
18;1852;DROPS FREEGELLS 27 9G MENTA;MERCEARIA;88563;02/07/2026;164531;88469;12;708;24;2;0;02/07/2026;MONIQUE;-23
18;1276;CHOC BARRA GAROTO 80G MEIO AMARGO;MERCEARIA;88563;02/07/2026;164531;88469;16;0;16;1;0;02/07/2026;MONIQUE;0
18;37998;CEREAL MAT DOMELLY DINOCRISPY CHOC;MERCEARIA;88563;02/07/2026;164531;88469;10;30;40;0;0;;;0
18;9134;CONDICIONADOR MONANGE 325ML HIALURONICO RES;PERFUMARIA E LIMPEZA;88563;02/07/2026;164531;88469;12;0;12;1;0;03/07/2026;JESSICA M;4
18;38201;MINI MAM LOLLY CLEAN 50ML F;PERFUMARIA E LIMPEZA;88563;02/07/2026;164531;88469;6;0;6;1;0;03/07/2026;JESSICA M;5
18;22914;REPARADOR PONTAS JAYLUC 30ML BLIND QUERAT;PERFUMARIA E LIMPEZA;88563;02/07/2026;164531;88469;24;126;48;2;0;03/07/2026;JESSICA M;98
18;6750;LEITE DE COLONIA 100ML FINAL FANTAS;PERFUMARIA E LIMPEZA;88563;02/07/2026;164531;88469;36;2;36;1;0;03/07/2026;JESSICA M;2
18;19271;GUARD NATUPEL PREMIUM 20X20 50FLS;PERFUMARIA E LIMPEZA;88563;02/07/2026;164531;88469;160;7760;160;1;0;03/07/2026;WILLIAN MATEUS;0
18;9754;HID LEITE PAIXAO 200ML FRAMB NEGRA;PERFUMARIA E LIMPEZA;88563;02/07/2026;164531;88469;24;0;24;1;0;03/07/2026;JESSICA M;11
18;9297;DET LIQ GOTA LIMPA 1L MACA;PERFUMARIA E LIMPEZA;88563;02/07/2026;;;12;60;24;0;0;;;-29
18;648;WHISKY MASTER GOLD VD 900ML;BEBIDAS;88563;02/07/2026;164531;88469;1;96;3;3;0;02/07/2026;MONIQUE;5
18;1893;DROPS FREEGELLS 27 6G MORANGO CHOC;MERCEARIA;88563;02/07/2026;164531;88469;12;288;24;2;0;02/07/2026;MONIQUE;2
18;35687;DESOD CREME SECRET CLEAR COTT 45G GEL;PERFUMARIA E LIMPEZA;88563;02/07/2026;164531;88469;1;2;1;1;0;03/07/2026;JESSICA M;12
18;4259;AP PRESTOBARBA ULTRA GRIP 2UN;PERFUMARIA E LIMPEZA;88563;02/07/2026;164531;88469;12;0;12;1;0;03/07/2026;JESSICA M;59
18;24653;TCO TENYS PE BARUEL PO 100G ORIG;PERFUMARIA E LIMPEZA;88563;02/07/2026;164531;88469;12;48;36;3;0;03/07/2026;JESSICA M;0
18;38552;RACAO RANGO DOG 5KG;PRODUTOS PET;88563;02/07/2026;164531;88469;1;916;23;23;0;03/07/2026;ELIAS;83
18;17664;ERVA MATE BARAO MOIDA GROSSA VAC;MERCEARIA;88563;02/07/2026;165008;88201;10;0;10;1;0;;;11
18;1894;DROPS FREEGELLS 27 6G CEREJA CHOC;MERCEARIA;88563;02/07/2026;164531;88469;12;336;24;2;0;02/07/2026;MONIQUE;0
18;1847;DROPS FREEGELLS 27 9G VIT C CITRUS;MERCEARIA;88563;02/07/2026;164531;88469;12;120;24;2;0;02/07/2026;MONIQUE;0
18;8301;SH PANTENE 300ML QUERATINA;PERFUMARIA E LIMPEZA;88563;02/07/2026;164531;88469;6;48;6;1;0;03/07/2026;JESSICA M;6
18;1845;DROPS FREEGELLS 27 9G EUCALIPTO;MERCEARIA;88563;02/07/2026;164531;88469;12;756;12;1;0;02/07/2026;MONIQUE;-9
18;1740;CHICLE FREEGELLS GUM 8G MORANGO;MERCEARIA;88563;02/07/2026;164531;88469;15;810;30;2;0;02/07/2026;MONIQUE;0
18;1857;PAST DOCILE MINTY 14G TUTTI FRUTTI;MERCEARIA;88563;02/07/2026;164531;88469;12;144;12;1;0;02/07/2026;MONIQUE;1
18;4256;AP PRESTOBARBA ULTRAGRIP 3L CART2UN;PERFUMARIA E LIMPEZA;88563;02/07/2026;164531;88469;1;0;1;1;0;03/07/2026;JESSICA M;-10
18;20280;LUVA CONF LATEX XG AMARELA;PERFUMARIA E LIMPEZA;88563;02/07/2026;164531;88469;12;12;12;0;0;;;1
18;17665;ERVA MATE CAMBONA MOIDA GROSSA 1KG;MERCEARIA;88563;02/07/2026;165008;88201;10;216;70;7;1;;;50
18;3431;SOPA GALINHA MAGGI 60G FIDELINI;MERCEARIA;88563;02/07/2026;164531;88469;10;9;10;1;0;02/07/2026;MONIQUE;13
18;20444;MAMAD LOLLY TIP SIL R 240ML M 1360 01 M;PERFUMARIA E LIMPEZA;88563;02/07/2026;164531;88469;6;0;6;1;0;03/07/2026;JESSICA M;5
18;37250;ENERG RED BULL LT 250ML MACA SA;BEBIDAS;88901;02/07/2026;165348;88435;24;144;24;1;0;;;9
18;37263;ENERG RED BULL LT 250ML NECTARINA S;BEBIDAS;88901;02/07/2026;165348;88435;24;72;48;2;0;;;15
18;33730;ENERG RED BULL LT 250ML ZERO;BEBIDAS;88901;02/07/2026;165348;88435;24;264;48;2;0;;;45
18;4158;AMAC CONC COMFORT 900ML RF LAVANDA;PERFUMARIA E LIMPEZA;88901;02/07/2026;165348;88435;12;12;12;1;0;02/07/2026;MIKAEL;13
18;519;ENERG RED BULL LT 250ML MELANCIA;BEBIDAS;88901;02/07/2026;165348;88435;24;130;24;1;0;;;37
18;307;VH TRADICAO NIAGARA BCO 1 4L SC;BEBIDAS;88901;02/07/2026;165348;88435;6;156;30;5;0;;;52
18;517;ENERG RED BULL LT 250ML ORIGINAL;BEBIDAS;88901;02/07/2026;165348;88435;24;120;24;1;0;;;84
18;17566;ENERG RED BULL LT 250ML MELAO MARACUJA;BEBIDAS;88901;02/07/2026;165348;88435;4;226;20;5;0;;;0
18;17357;DET LIQ MINUANO 500ML CLEAR;PERFUMARIA E LIMPEZA;88954;02/07/2026;165499;88514;24;10;288;12;0;;;0
