CODIGO_EMPRESA;CODIGO_PRODUTO;DESCRICAO_PRODUTO;DEPARTAMENTO;NRO_PEDIDO;DATA;NRO_PED_EXPEDICAO;CARGA;EMBALAGEM;ESTOQUE_DISPONIVEL_CD;QUANTIDADE_A_EXPEDIR;QTD_SEPARADA;QTD_CONFERIDA;DATA_CONFERENCIA;USUARIO_CONFERENCIA;ESTOQUE_DISPONIVEL_LOJA
1;33286;AMAC APYCE 5L TRAD AZL;PERFUMARIA E LIMPEZA;74349;01/06/2026;136406;71342;2;448;4;2;0;12/06/2026;ALEX JARDIM;0
1;16937;CR TRAT HEDERA 960G OLEO D ARGAN;PERFUMARIA E LIMPEZA;74349;01/06/2026;136406;71342;6;0;12;0;0;;;0
1;33287;AMAC APYCE 5L JASMIM RSA;PERFUMARIA E LIMPEZA;74349;01/06/2026;136406;71342;2;223;10;0;0;12/06/2026;ALEX JARDIM;9
1;888;REFRIG CHARRUA LT 350ML;BEBIDAS;74711;01/06/2026;136974;71342;6;2;60;10;10;15/06/2026;TEIXEIRA;61
2;9539;FRALDA BABYSEC ULTRA JUMBINHO G 16UN;PERFUMARIA E LIMPEZA;74351;01/06/2026;136407;72287;8;174;8;1;0;;;23
2;795;REFRIG COCA COLA PET 2L ZERO;BEBIDAS;74377;01/06/2026;136447;72287;8;10;384;48;0;;;238
2;1288;CHOC BARRA NESTLE 80G CLASSIC DUO;MERCEARIA;74505;01/06/2026;136705;71183;64;737;128;2;0;02/06/2026;PAMELA;-50
2;51;AGUA MIN CRYSTAL PET 5L S GAS;BEBIDAS;74713;01/06/2026;136975;72287;2;2;40;20;0;;;44
4;9756;LEITE TIROL INTEGRAL ZR LACTOSE 1L;PERECIVEIS;74111;01/06/2026;;;12;17;12;0;0;;;17
4;6782;LEITE UHT TIROL C TAMPA 1L DESN;PERECIVEIS;74111;01/06/2026;;;12;4150;12;0;0;;;-19
4;9756;LEITE TIROL INTEGRAL ZR LACTOSE 1L;PERECIVEIS;74191;01/06/2026;;;12;17;84;0;0;;;17
4;33286;AMAC APYCE 5L TRAD AZL;PERFUMARIA E LIMPEZA;74355;01/06/2026;136409;71540;2;448;10;0;0;12/06/2026;BRAGA;7
4;7785;SABAO BARRA YPE 180G GLICERINA;PERFUMARIA E LIMPEZA;74355;01/06/2026;136409;71540;60;62521;180;0;0;12/06/2026;BRAGA;7
4;9539;FRALDA BABYSEC ULTRA JUMBINHO G 16UN;PERFUMARIA E LIMPEZA;74355;01/06/2026;136409;71540;8;174;8;1;1;12/06/2026;BRAGA;12
6;1536;BISC LEITE PASSATEMPO 150G;MERCEARIA;74141;01/06/2026;136061;70907;54;0;54;1;1;01/06/2026;WENDRIO;53
6;1600;CONF AMEND DORI 70G CHOC;MERCEARIA;74141;01/06/2026;136061;70907;30;60;30;0;0;01/06/2026;WENDRIO;-23
6;1555;BISC SALG GERMANI TRICKS 110G CHURRASCO;MERCEARIA;74141;01/06/2026;136061;70907;30;0;30;0;0;01/06/2026;WENDRIO;12
6;1553;BISC SALG SALKIM 90G PIZZA;MERCEARIA;74141;01/06/2026;136061;70907;30;29;30;0;0;01/06/2026;WENDRIO;33
6;3033;CEREAL MAT SUPERBOM SH 200G SUPERBALLS;MERCEARIA;74141;01/06/2026;136061;70907;42;38;42;0;0;01/06/2026;WENDRIO;15
6;1145;BISC RECH BAUDUCCO 108G CHOC MORANGO;MERCEARIA;74141;01/06/2026;136061;70907;48;96;48;0;0;01/06/2026;WENDRIO;13
6;13402;BISC DOCE NESTLE CHOCO TRIO 90G LEITE;MERCEARIA;74141;01/06/2026;136061;70907;12;264;12;0;0;01/06/2026;WENDRIO;-6
6;3875;BOMBOM AMOR CARIOCA 200G BRANCO;MERCEARIA;74141;01/06/2026;136061;70907;30;0;30;1;1;01/06/2026;WENDRIO;19
6;1468;BISC RECH NESTLE NEGRESCO 90G BAUNILHA;MERCEARIA;74141;01/06/2026;136061;70907;66;1055;66;0;0;01/06/2026;WENDRIO;98
6;1493;BISC RECH TRAKINAS 126G CHOC MORANGO;MERCEARIA;74141;01/06/2026;136061;70907;54;648;54;0;0;01/06/2026;WENDRIO;296
6;1525;BISC RECH ISABELA MOUSSE 130G LIMAO E CHOC;MERCEARIA;74141;01/06/2026;136061;70907;50;650;100;0;0;01/06/2026;WENDRIO;91
6;1554;BISC SALG SALKIM 90G CHURRASCO;MERCEARIA;74141;01/06/2026;136061;70907;30;89;30;0;0;01/06/2026;WENDRIO;4
6;33939;RACAO ALPO 10 1KG FILHOTES;PRODUTOS PET;74141;01/06/2026;136061;70907;1;1;1;0;0;03/06/2026;JESSICA;4
6;3251;SALG KEVYTOS SHOW 38G CEBOLA;MERCEARIA;74141;01/06/2026;136061;70907;20;109;20;0;0;01/06/2026;WENDRIO;-14
6;1658;WAFFER ISABELA 100G CHOC SUICO;MERCEARIA;74141;01/06/2026;136061;70907;40;40;40;2;2;01/06/2026;WENDRIO;157
6;22702;RAC DODOG ORIG 10 1K;PRODUTOS PET;74141;01/06/2026;136061;70907;1;199;1;0;0;03/06/2026;JESSICA;-5
6;23397;SALG SNACK DOMELLY POLV 40G QJO;MERCEARIA;74141;01/06/2026;136061;70907;24;120;24;0;0;01/06/2026;WENDRIO;5
6;1622;BISC SORT GERMANI 800G;MERCEARIA;74141;01/06/2026;136061;70907;10;80;10;1;1;01/06/2026;WENDRIO;24
6;1578;BISC SALG GERMANI SUZI CROCK 200G BACON;MERCEARIA;74141;01/06/2026;136061;70907;20;60;20;0;0;01/06/2026;WENDRIO;18
6;1120;BISC GERMANI CREAM CRACKER 345G INTEGRAL;MERCEARIA;74141;01/06/2026;136061;70907;20;381;20;2;2;01/06/2026;WENDRIO;86
6;1516;BISC RECH DANIX SMURFS 130G CHOCO CHOCO;MERCEARIA;74141;01/06/2026;136061;70907;60;226;60;0;0;01/06/2026;WENDRIO;17
6;1564;BISC SALG TUCS 100G TRAD;MERCEARIA;74141;01/06/2026;136061;70907;30;779;60;0;0;01/06/2026;WENDRIO;67
6;3212;CHOC GRAN DORI 120G ORIGINAL;MERCEARIA;74141;01/06/2026;136061;70907;30;0;30;1;1;01/06/2026;WENDRIO;-3
6;1689;MARSHMALLOWS FOFS 220G BRUXOLITO PINTA;MERCEARIA;74141;01/06/2026;136061;70907;12;108;24;0;0;01/06/2026;WENDRIO;19
6;3287;SALG KEVYTOS SHOW 38G PRESUNTO;MERCEARIA;74141;01/06/2026;136061;70907;20;280;80;0;0;01/06/2026;WENDRIO;-73
6;3294;SALG ALFITOS 35G QUEIJO;MERCEARIA;74141;01/06/2026;136061;70907;30;491;30;1;1;01/06/2026;WENDRIO;95
6;1154;BISC COOKIE NESTLE 60G NEGRE CHOC BAUN;MERCEARIA;74141;01/06/2026;136061;70907;52;104;52;0;0;01/06/2026;WENDRIO;24
6;1174;BALA PIETROBON 600G YOGURTE;MERCEARIA;74141;01/06/2026;136061;70907;30;30;30;0;0;01/06/2026;WENDRIO;2
6;36474;BOMBOM AMOR CARIOCA 20G;MERCEARIA;74141;01/06/2026;136061;70907;300;10199;300;1;1;01/06/2026;WENDRIO;937
6;51;AGUA MIN CRYSTAL PET 5L S GAS;BEBIDAS;74721;01/06/2026;136979;72286;2;2;40;20;0;;;31
7;20810;MILHO PIPOCA ARBAZA PREMIUM 400G;MERCEARIA;74143;01/06/2026;136062;70772;12;32;12;1;0;08/06/2026;ALEXSANDRO;11
8;17916;ESFREGAO ACO GOTA LIMPA;PERFUMARIA E LIMPEZA;74363;01/06/2026;136413;71541;36;898;72;0;0;02/06/2026;M EDUARDA;-12
11;24096;SC LIXO PRO LIXO ROLAO 100L C 25;PERFUMARIA E LIMPEZA;74147;01/06/2026;136064;70915;12;216;12;1;0;01/06/2026;RONAS;12
11;8704;VASSOURA CONDOR LIMPA PISO S CABO;PERFUMARIA E LIMPEZA;74147;01/06/2026;136064;70915;12;1800;12;1;0;01/06/2026;RONAS;9
11;24084;SC LIXO ALMOF CASAFORT 100L C 5;PERFUMARIA E LIMPEZA;74147;01/06/2026;136064;70915;50;0;50;1;0;01/06/2026;RONAS;15
11;18170;ESP 3M SCHOTCH BRITE ECONOMICA;PERFUMARIA E LIMPEZA;74147;01/06/2026;136064;70915;10;480;10;1;0;01/06/2026;RONAS;15
11;33967;LIMPA PNEUS MIL MILHAS 485ML;PERFUMARIA E LIMPEZA;74147;01/06/2026;136064;70915;20;300;20;1;0;01/06/2026;RONAS;8
11;24121;SC LIXO ROL DOBRASIL 10L C 50;PERFUMARIA E LIMPEZA;74147;01/06/2026;136064;70915;25;0;25;1;0;01/06/2026;RONAS;60
11;10084;PREND ROUPA PARANA PLAST EMB 12UN;PERFUMARIA E LIMPEZA;74147;01/06/2026;136064;70915;60;396;60;1;0;01/06/2026;RONAS;18
11;23217;SAL REFINADO EX GARCA 1K;MERCEARIA;74394;01/06/2026;136454;71266;10;2600;30;3;0;05/06/2026;LUIS GUILHERME;3
12;5021;COND PANTENE 150ML COLAGENO;PERFUMARIA E LIMPEZA;74149;01/06/2026;136065;70917;12;36;12;1;1;03/06/2026;BRENDA;5
12;15296;CALDO MAGGI 57G LEGUMES;MERCEARIA;74149;01/06/2026;136065;70917;10;0;10;0;0;03/06/2026;ARREGIN;8
12;6659;LAQUE AERO KARINA 250ML EXTRA FORTE;PERFUMARIA E LIMPEZA;74149;01/06/2026;136065;70917;1;9;1;1;1;03/06/2026;BRENDA;8
12;35692;LIMP HARPIC MARINE POWER 750ML PLUX;PERFUMARIA E LIMPEZA;74149;01/06/2026;136065;70917;12;0;12;0;0;05/06/2026;RONALDO;3
12;20193;LIXA P PES DUPLA FACE;PERFUMARIA E LIMPEZA;74149;01/06/2026;136065;70917;1;0;1;0;0;01/06/2026;RONAS;5
12;12411;AMACIANTE GIRANDO SOL 500ML COCO;PERFUMARIA E LIMPEZA;74149;01/06/2026;136065;70917;12;24;12;1;1;05/06/2026;RONALDO;11
12;5042;COND PANTENE 400ML LISO EXTREMO;PERFUMARIA E LIMPEZA;74149;01/06/2026;136065;70917;6;0;6;1;1;03/06/2026;BRENDA;17
12;7944;SABON PALMOLIVE NATURALS 150G KARITE;PERFUMARIA E LIMPEZA;74149;01/06/2026;136065;70917;72;1056;72;1;1;03/06/2026;BRENDA;5
12;6018;ESPONJA YPE SINT MULTIUSO UN;PERFUMARIA E LIMPEZA;74149;01/06/2026;136065;70917;60;0;60;0;0;01/06/2026;RONAS;17
12;5850;ESC DENTAL ORAL B PRO;PERFUMARIA E LIMPEZA;74149;01/06/2026;136065;70917;72;504;72;1;1;03/06/2026;BRENDA;3
12;5552;DESOD AERO MONANGE 90G FRUTAS VERMELHA;PERFUMARIA E LIMPEZA;74149;01/06/2026;136065;70917;12;576;12;1;1;03/06/2026;BRENDA;28
12;7949;SABON PALMOLIVE NATURALS 150G OLEO NUTRITIVO;PERFUMARIA E LIMPEZA;74149;01/06/2026;136065;70917;72;168;144;2;2;03/06/2026;BRENDA;5
12;3966;ALCOOL GEL 70 SUPER VALE 450G;PERFUMARIA E LIMPEZA;74149;01/06/2026;136065;70917;12;732;12;0;0;05/06/2026;RONALDO;-1
12;23156;SABAO ZAVASKI AZUL 200G;PERFUMARIA E LIMPEZA;74149;01/06/2026;136065;70917;50;850;50;1;1;05/06/2026;RONALDO;56
12;5526;DESOD AERO BOZZANO 90G POWER PROTECT;PERFUMARIA E LIMPEZA;74149;01/06/2026;136065;70917;12;132;12;1;1;03/06/2026;BRENDA;3
12;5624;DESOD AERO REXONA 91G CLINICAL SPO;PERFUMARIA E LIMPEZA;74149;01/06/2026;136065;70917;12;0;12;1;1;03/06/2026;BRENDA;0
12;24309;SH COTTONBABY SNOOPY 200ML GOTAS CAMOMILA;PERFUMARIA E LIMPEZA;74149;01/06/2026;136065;70917;12;24;12;1;1;03/06/2026;BRENDA;8
12;5394;CREME PENT SEDA 1KG SUPER HIDRAT;PERFUMARIA E LIMPEZA;74149;01/06/2026;136065;70917;6;0;6;1;1;03/06/2026;BRENDA;4
12;35112;AMAC CONC DOWNY 750ML TROPICAL;PERFUMARIA E LIMPEZA;74149;01/06/2026;136065;70917;12;552;24;0;0;05/06/2026;RONALDO;0
12;37737;LIMP PERF UAU CHA BRANCO 500ML;PERFUMARIA E LIMPEZA;74149;01/06/2026;136065;70917;24;140;48;2;2;05/06/2026;RONALDO;0
12;24480;SPRAY PANTENE LEAVEIN OLEO 95ML;PERFUMARIA E LIMPEZA;74149;01/06/2026;136065;70917;9;0;9;1;1;03/06/2026;BRENDA;2
12;5346;CR TRAT PENTEAR VINI LADY 900G PRETO ABSOLUTO;PERFUMARIA E LIMPEZA;74149;01/06/2026;136065;70917;6;0;6;1;1;03/06/2026;BRENDA;3
12;35654;SAB SENADOR CLASSIC C3 130G;PERFUMARIA E LIMPEZA;74149;01/06/2026;136065;70917;24;0;24;1;1;03/06/2026;BRENDA;1
12;33373;DESO AERO AXE 200ML BLACK ALE E CED;PERFUMARIA E LIMPEZA;74367;01/06/2026;136415;72289;12;2125;36;0;0;04/06/2026;JESSICA;0
12;8242;SH JAY LUC 1L BLIND QUERATINA;PERFUMARIA E LIMPEZA;74367;01/06/2026;136415;72289;12;71;12;4;0;04/06/2026;CAROLINA;0
12;5509;DESOD AERO AXE 152ML 90G MARINE;PERFUMARIA E LIMPEZA;74367;01/06/2026;136415;72289;12;1429;60;10;10;04/06/2026;JESSICA;0
12;8222;KIT ELSEVE SH COND 375ML 170ML HIALUR;PERFUMARIA E LIMPEZA;74367;01/06/2026;136415;72289;6;24;12;2;2;04/06/2026;CAROLINA;3
12;22999;SAB FONTANA SENSUS 150G AMANHECER PERS;PERFUMARIA E LIMPEZA;74367;01/06/2026;136415;72289;72;0;72;1;0;04/06/2026;JESSICA;0
12;12169;ABS DEFINITY S ABAS C 8;PERFUMARIA E LIMPEZA;74367;01/06/2026;136415;72289;60;600;60;0;0;03/06/2026;MIKAEL;45
12;7918;SABONETE LUX 125G SUAVE BUQUE DE JASMIM;PERFUMARIA E LIMPEZA;74367;01/06/2026;136415;72289;72;1224;216;3;3;04/06/2026;CAROLINA;0
14;7918;SABONETE LUX 125G SUAVE BUQUE DE JASMIM;PERFUMARIA E LIMPEZA;74371;01/06/2026;136417;73101;72;1224;72;1;0;;;55
14;18765;FRALDA DESC MILI LOVECARE RN 18UN;PERFUMARIA E LIMPEZA;74371;01/06/2026;136417;73101;9;0;9;1;0;;;11
14;17309;DESOD ROLLON REXONA 50ML F POWDER;PERFUMARIA E LIMPEZA;74371;01/06/2026;136417;73101;12;228;12;1;0;;;44
14;22916;REPARADOR PONTAS JAYLUC 30ML OLEO ARGAN;PERFUMARIA E LIMPEZA;74371;01/06/2026;136417;73101;24;13;24;1;0;;;65
14;33286;AMAC APYCE 5L TRAD AZL;PERFUMARIA E LIMPEZA;74371;01/06/2026;136417;73101;2;448;20;10;0;;;9
14;20415;MAMAD CEFISA SIL 240ML;PERFUMARIA E LIMPEZA;74371;01/06/2026;136417;73101;12;12;24;2;0;;;7
14;4220;AMAC YPE 5L ACONCHEGO;PERFUMARIA E LIMPEZA;74371;01/06/2026;136417;73101;4;137;12;3;0;;;1
14;33287;AMAC APYCE 5L JASMIM RSA;PERFUMARIA E LIMPEZA;74371;01/06/2026;136417;73101;2;223;10;5;0;;;2
14;5269;CR DENTAL ORAL B 123 70G;PERFUMARIA E LIMPEZA;74371;01/06/2026;136417;73101;108;26904;2160;20;0;;;8786
14;30158;GEL DENTAL CARMED 70G FIN DENTADURA;PERFUMARIA E LIMPEZA;74371;01/06/2026;136417;73101;12;96;60;5;0;;;3
17;6782;LEITE UHT TIROL C TAMPA 1L DESN;PERECIVEIS;74129;01/06/2026;136055;70920;12;4150;24;0;0;;;178
17;6791;LEITE UHT PET ELEGE 1L DESNATADO;PERECIVEIS;74129;01/06/2026;136055;70920;6;888;18;0;0;;;32
17;6787;LEITE LV ELEGE 1L ZERO LAC SEMI DES;PERECIVEIS;74129;01/06/2026;136055;70920;12;900;72;0;0;;;-58
17;9745;LEITE UHT SANTA CLARA DESN 1L;PERECIVEIS;74129;01/06/2026;136055;70920;12;179;108;0;0;;;-31
17;6799;LEITE SANTA CLARA 1L ZERO LACTOSE;PERECIVEIS;74129;01/06/2026;136055;70920;12;12;204;0;0;;;-26
17;9741;LEITE SANTA CLARA LV SEMI DESN 1L;PERECIVEIS;74129;01/06/2026;136055;70920;12;21;12;0;0;;;44
17;9756;LEITE TIROL INTEGRAL ZR LACTOSE 1L;PERECIVEIS;74129;01/06/2026;136055;70920;12;17;24;0;0;;;65
17;537;GATORADE 500ML BERRY BLUE;BEBIDAS;74155;01/06/2026;136068;70920;6;214;6;0;0;;;-2
17;10180;SAB POMPOM 80G GLICERINADO;PERFUMARIA E LIMPEZA;74155;01/06/2026;136068;70920;12;2952;120;10;10;03/06/2026;BRENDA;0
17;1280;CHOC BARRA GAROTO 80G AO LEITE;MERCEARIA;74155;01/06/2026;136068;70920;16;2368;16;0;0;03/06/2026;BRENDA;111
17;24098;SC LIXO PRO LIXO ROLAO 15L C 100;PERFUMARIA E LIMPEZA;74155;01/06/2026;136068;70920;12;168;12;0;0;01/06/2026;RONAS;1
17;5247;CR DENT SORRISO 90G DENTES BCOS;PERFUMARIA E LIMPEZA;74155;01/06/2026;136068;70920;12;0;12;1;1;03/06/2026;BRENDA;154
17;8858;AP PROBAK II 2UN;PERFUMARIA E LIMPEZA;74155;01/06/2026;136068;70920;14;4242;14;1;1;03/06/2026;BRENDA;99
17;16593;CORT UNHA INOX PREMIUM 5 2CM 1PC;PERFUMARIA E LIMPEZA;74155;01/06/2026;136068;70920;1;13;1;0;0;01/06/2026;RONAS;4
17;24120;SC LIXO ROL DOBRASIL 100L C 10 AZ;PERFUMARIA E LIMPEZA;74155;01/06/2026;136068;70920;25;169;25;0;0;01/06/2026;RONAS;-12
17;8228;SH HEAD SHOULDERS 200ML LIMPEZA EFICAZ;PERFUMARIA E LIMPEZA;74155;01/06/2026;136068;70920;6;48;6;1;1;03/06/2026;BRENDA;10
17;687;ESP GARIBALDI PRIMICIAS GF 660ML ROSE;BEBIDAS;74155;01/06/2026;136068;70920;1;0;1;0;0;03/06/2026;BRENDA;17
17;311;VH TRADICAO TINTO 1 4L SV;BEBIDAS;74155;01/06/2026;136068;70920;6;7500;18;0;0;;;78
17;21380;OLEO IPIRANGA MOTO PROT 20W50 SL;PERFUMARIA E LIMPEZA;74155;01/06/2026;136068;70920;24;48;24;0;0;01/06/2026;RONAS;24
17;35118;SH PANTENE 510ML BOND REPAIR;PERFUMARIA E LIMPEZA;74155;01/06/2026;136068;70920;12;123;12;1;1;03/06/2026;BRENDA;14
17;4256;AP PRESTOBARBA ULTRAGRIP 3L CART2UN;PERFUMARIA E LIMPEZA;74155;01/06/2026;136068;70920;1;1;1;0;0;03/06/2026;BRENDA;0
17;1431;CHOC KIT KAT 41 5G DARK;MERCEARIA;74155;01/06/2026;136068;70920;24;24;24;1;1;03/06/2026;BRENDA;83
17;15296;CALDO MAGGI 57G LEGUMES;MERCEARIA;74155;01/06/2026;136068;70920;10;0;10;1;1;03/06/2026;BRENDA;14
17;8294;SH PANTENE 175ML RESTAURACAO PRO;PERFUMARIA E LIMPEZA;74155;01/06/2026;136068;70920;6;18;6;1;1;03/06/2026;BRENDA;6
17;309;CERV PROVINCIA MALZBIER ZR LT 473ML;BEBIDAS;74155;01/06/2026;136068;70920;12;340;36;0;0;;;3
17;24118;SC LIXO ROL CASAFORT 50L C 20 PT;PERFUMARIA E LIMPEZA;74155;01/06/2026;136068;70920;25;97;25;0;0;01/06/2026;RONAS;24
17;32;AGUA MIN SARANDI PET 2L C GAS;BEBIDAS;74155;01/06/2026;136068;70920;8;1912;24;0;0;;;62
17;20810;MILHO PIPOCA ARBAZA PREMIUM 400G;MERCEARIA;74155;01/06/2026;136068;70920;12;32;12;0;0;;;7
17;784;REFRIG ANTARCTICA GUARANA PET 2L;BEBIDAS;74155;01/06/2026;136068;70920;8;35;160;0;0;;;150
17;34306;REFRIG COCA COLA PET 1L;BEBIDAS;74155;01/06/2026;136068;70920;6;48;60;0;0;;;126
17;21137;MOLUSC MADELESMA RES UMED LESMAS 250G;PERFUMARIA E LIMPEZA;74155;01/06/2026;136068;70920;4;0;4;0;0;03/06/2026;BRENDA;-26
17;5842;ESC DENTAL ORAL B COMPL LV2 PG1;PERFUMARIA E LIMPEZA;74155;01/06/2026;136068;70920;1;5;1;0;0;03/06/2026;BRENDA;1
17;68;AGUA MIN FLORESTA ATIVA SQ 710ML S GAS;BEBIDAS;74155;01/06/2026;136068;70920;12;11;12;0;0;;;12
17;796;REFRIG COCA COLA E FANTA GUARANA 2L;BEBIDAS;74155;01/06/2026;136068;70920;2;78;10;0;0;;;51
17;9346;ESFR SANI ALL ACO 2UN;PERFUMARIA E LIMPEZA;74155;01/06/2026;136068;70920;72;1140;72;0;0;01/06/2026;RONAS;-47
17;24097;SC LIXO PRO LIXO ROLAO 150L C 10;PERFUMARIA E LIMPEZA;74155;01/06/2026;136068;70920;12;192;12;0;0;01/06/2026;RONAS;2
17;24108;SC LIXO ROL CASAFORT 100L C 10 AZ;PERFUMARIA E LIMPEZA;74155;01/06/2026;136068;70920;25;75;25;0;0;01/06/2026;RONAS;43
17;4258;AP PROBAK II LV7 PG5;PERFUMARIA E LIMPEZA;74155;01/06/2026;136068;70920;1;457;4;4;4;03/06/2026;BRENDA;89
17;24330;SH HEAD SHOULDERS 400ML PREV CONTR QUE;PERFUMARIA E LIMPEZA;74155;01/06/2026;136068;70920;6;60;6;1;1;03/06/2026;BRENDA;9
17;1353;CHOC BATON GAROTO 16G AO LEITE;MERCEARIA;74155;01/06/2026;136068;70920;30;29;90;1;1;03/06/2026;BRENDA;73
17;557;REPOS ENGOV AFTER 250ML RED HITS;BEBIDAS;74647;01/06/2026;136780;71270;6;72;12;2;2;02/06/2026;KELLER;12
17;558;REPOS ENGOV AFTER 250ML TANGERINA;BEBIDAS;74647;01/06/2026;136780;71270;6;0;12;2;2;02/06/2026;KELLER;8
17;556;REPOS ENGOV AFTER 250ML CITRUS;BEBIDAS;74647;01/06/2026;136780;71270;6;0;12;2;2;02/06/2026;KELLER;9
1;619;SUCO DEL VALLE TP 200ML UVA;BEBIDAS;74858;02/06/2026;137302;71542;18;16;18;0;0;04/06/2026;FERNANDO.H;-4
1;16593;CORT UNHA INOX PREMIUM 5 2CM 1PC;PERFUMARIA E LIMPEZA;74858;02/06/2026;137302;71542;1;13;1;0;0;02/06/2026;M EDUARDA;4
1;3756;MIST P BOLO NORDESTE 400G AIPIM;MERCEARIA;74858;02/06/2026;137302;71542;12;17;12;0;0;03/06/2026;JESSICA;10
1;643;SUCO DEL VALLE FRUT PET 1 5L FRUT CITRICAS;BEBIDAS;74858;02/06/2026;137302;71542;6;36;12;0;0;04/06/2026;FERNANDO.H;-1
1;602;SUCO DEL VALLE TP 1L ABACAXI;BEBIDAS;74858;02/06/2026;137302;71542;6;21;12;0;0;04/06/2026;FERNANDO.H;2
1;1894;DROPS FREEGELLS 27 6G CEREJA CHOC;MERCEARIA;74858;02/06/2026;137302;71542;12;228;12;0;0;03/06/2026;ARREGIN;-224
1;36101;CHOC BARRA NESTLE ALPINO 80G AO LEITE;MERCEARIA;74858;02/06/2026;137302;71542;64;8;64;0;0;03/06/2026;ARREGIN;24
1;16930;CR TRAT CAPILAR HEDERA BABOSA 960G;PERFUMARIA E LIMPEZA;74858;02/06/2026;137302;71542;6;12;12;0;0;03/06/2026;ARREGIN;0
1;340;CHA ICE TEA LEAO PET 1 5L PESSEGO ZERO;BEBIDAS;74858;02/06/2026;137302;71542;6;0;6;0;0;04/06/2026;FERNANDO.H;4
1;734;REFRIG COCA COLA LT 220ML;BEBIDAS;74858;02/06/2026;137302;71542;6;6;6;0;0;15/06/2026;JOSE ANTONIO;-4
1;918;MOLHO TOM FUGINI TRAD SH 1 7KG;MERCEARIA;74858;02/06/2026;137302;71542;6;10;6;0;0;03/06/2026;JESSICA;0
1;37959;CHA BARAO 13G ERVA DOCE;MERCEARIA;74858;02/06/2026;137302;71542;30;300;60;0;0;03/06/2026;JESSICA;0
1;12531;AP GILLETTE PROBAK C 2;PERFUMARIA E LIMPEZA;74858;02/06/2026;137302;71542;14;0;42;0;0;03/06/2026;ARREGIN;41
1;847;REFRIG COCA COLA PET 600ML;BEBIDAS;74858;02/06/2026;137302;71542;12;0;48;4;4;15/06/2026;TEIXEIRA;23
1;1849;DROPS FREEGELLS 27 9G EXTRA FORTE;MERCEARIA;74858;02/06/2026;137302;71542;12;0;48;0;0;03/06/2026;ARREGIN;-1344
1;830;REFRIG SPRITE PET 2L;BEBIDAS;74858;02/06/2026;137302;71542;8;3;8;0;0;15/06/2026;JOSE ANTONIO;92
1;893;REFRIG COCA COLA ZERO LT 350ML;BEBIDAS;74858;02/06/2026;137302;71542;12;1935;24;0;0;15/06/2026;TEIXEIRA;-1
1;2385;LENTILHA BELLA DICA 400G;MERCEARIA;74858;02/06/2026;137302;71542;12;48;12;1;0;16/06/2026;GUILHERME B;-71
1;766;REFRIG FANTA PET 200ML LARANJA;BEBIDAS;74858;02/06/2026;137302;71542;12;1668;60;5;5;04/06/2026;FERNANDO.H;8
1;582;SUCO COM TEM TP 1L LARANJA;BEBIDAS;74858;02/06/2026;137302;71542;12;0;12;0;0;04/06/2026;FERNANDO.H;1
1;21698;PAPEL HIG STYLUS FD 24 UN DE 20M NEUTRO;PERFUMARIA E LIMPEZA;74858;02/06/2026;137302;71542;4;0;4;0;0;02/06/2026;WILLIAN MATEUS;-3
1;764;REFRIG COCA COLA PET 200ML ZERO;BEBIDAS;74858;02/06/2026;137302;71542;12;1632;132;11;11;04/06/2026;FERNANDO.H;60
1;828;DUETO ODERICH ERV MILHO LT 2KG;MERCEARIA;75187;02/06/2026;138240;72281;6;12;6;1;1;03/06/2026;JESSICA;9
1;3711;MIST P BOLO APTI 400G MILHO;MERCEARIA;75187;02/06/2026;138240;72281;12;176;24;2;2;03/06/2026;JESSICA;-2
1;37030;FAROFA ROCHA 250G FARROUPILHA;MERCEARIA;75270;02/06/2026;138603;72203;12;24;24;2;2;05/06/2026;LUIS GUILHERME;23
2;33255;REFRIG CHARRUA PET 3L GUARANA;BEBIDAS;74860;02/06/2026;137303;72287;6;0;12;3;0;;;-69
2;830;REFRIG SPRITE PET 2L;BEBIDAS;74860;02/06/2026;137303;72287;8;3;8;1;0;;;200
2;3948;AGUA SANIT GOTA LIMPA 1L;PERFUMARIA E LIMPEZA;74860;02/06/2026;137303;72287;12;1452;12;1;0;;;1
2;812;REFRIG FANTA UVA PET 2L;BEBIDAS;74860;02/06/2026;137303;72287;8;0;8;2;0;;;204
2;415;ENERG ELEV PET 2L MACA VERDE;BEBIDAS;74860;02/06/2026;137303;72287;6;-6;6;1;0;;;-1
2;12291;AGUA SANIT IMPERIAL 5L;PERFUMARIA E LIMPEZA;74860;02/06/2026;137303;72287;4;0;8;2;0;;;4
2;8791;ABS MILI NOTURNO C ABAS 8UN;PERFUMARIA E LIMPEZA;75189;02/06/2026;138241;72287;36;34;72;2;0;;;3
3;6782;LEITE UHT TIROL C TAMPA 1L DESN;PERECIVEIS;74834;02/06/2026;137290;71543;12;4150;264;0;0;15/06/2026;ALEXANDRE;81
3;9745;LEITE UHT SANTA CLARA DESN 1L;PERECIVEIS;74834;02/06/2026;137290;71543;12;179;60;5;5;15/06/2026;ALEXANDRE;19
3;9741;LEITE SANTA CLARA LV SEMI DESN 1L;PERECIVEIS;74834;02/06/2026;137290;71543;12;21;84;7;7;15/06/2026;ALEXANDRE;35
3;6791;LEITE UHT PET ELEGE 1L DESNATADO;PERECIVEIS;74834;02/06/2026;137290;71543;6;888;24;0;0;15/06/2026;ALEXANDRE;-15
3;6787;LEITE LV ELEGE 1L ZERO LAC SEMI DES;PERECIVEIS;74834;02/06/2026;137290;71543;12;900;72;6;6;15/06/2026;ALEXANDRE;148
3;6799;LEITE SANTA CLARA 1L ZERO LACTOSE;PERECIVEIS;74834;02/06/2026;137290;71543;12;12;36;0;0;15/06/2026;ALEXANDRE;109
3;2484;KETCHUP ODERICH SH 200G;MERCEARIA;74862;02/06/2026;137304;71543;24;216;24;1;1;15/06/2026;ALEXANDRE;36
3;964;OLEO LIZA GIRASSOL 900ML;MERCEARIA;74862;02/06/2026;137304;71543;20;60;20;0;0;15/06/2026;AUGUSTO;-1
3;3842;EXT TOM FUGINI SH 300G;MERCEARIA;74862;02/06/2026;137304;71543;36;36;108;0;0;15/06/2026;AUGUSTO;71
3;6828;AGUA SABORIZ H2OH 500ML LIMONETO;BEBIDAS;74862;02/06/2026;137304;71543;12;174;12;1;1;15/06/2026;AUGUSTO;15
3;537;GATORADE 500ML BERRY BLUE;BEBIDAS;74862;02/06/2026;137304;71543;6;214;6;1;1;15/06/2026;AUGUSTO;15
3;9996;PETISCO FRISKIES 40G FRANGO;PRODUTOS PET;74862;02/06/2026;137304;71543;15;31;15;0;0;03/06/2026;JESSICA;-16
3;22796;RATICIDA RODILON ISCA 25G;PERFUMARIA E LIMPEZA;75191;02/06/2026;138513;72137;40;151;40;1;0;;;29
3;9741;LEITE SANTA CLARA LV SEMI DESN 1L;PERECIVEIS;75191;02/06/2026;138242;72280;12;21;240;20;0;;;35
3;2811;POLENTINA QUAKER 500G;MERCEARIA;75191;02/06/2026;138242;72280;30;2;60;2;0;;;64
3;36646;SAB PROTEX CARVAO DETOX C 8;PERFUMARIA E LIMPEZA;75191;02/06/2026;138242;72280;9;655;18;0;0;06/06/2026;JOCELAINE;21
3;832;REFRIG SUKITA PET 2L LARANJA;BEBIDAS;75191;02/06/2026;138242;72280;8;845;120;15;0;;;58
3;6791;LEITE UHT PET ELEGE 1L DESNATADO;PERECIVEIS;75191;02/06/2026;138242;72280;6;888;120;20;0;;;-15
3;2136;ARROZ BCO JATAI TP3 5KG;MERCEARIA;75319;02/06/2026;138449;72280;6;63;24;4;0;;;6
3;12169;ABS DEFINITY S ABAS C 8;PERFUMARIA E LIMPEZA;75319;02/06/2026;138449;72280;60;600;120;0;0;04/06/2026;JESUS;150
3;803;KETCHUP ODERICH SH 1K;MERCEARIA;75319;02/06/2026;138513;72137;6;0;60;0;0;03/06/2026;WEROUS;96
4;646;SUCO DEL VALLE FRUT PET 1 5L UVA;BEBIDAS;75193;02/06/2026;138243;73064;6;67;18;3;0;;;36
4;829;REFRIG SODA LIMONADA PET 2L;BEBIDAS;75193;02/06/2026;138243;73064;8;612;80;10;0;;;3
4;3951;AGUA SANIT Q BOA 2L;PERFUMARIA E LIMPEZA;75193;02/06/2026;138243;73064;6;0;12;2;0;;;0
4;533;ENERG RED BULL LT 355ML;BEBIDAS;75193;02/06/2026;138243;73064;4;140;16;4;0;;;-4
4;832;REFRIG SUKITA PET 2L LARANJA;BEBIDAS;75193;02/06/2026;138243;73064;8;845;80;10;0;;;37
4;36;AGUA MIN CRYSTAL PET 500ML C GAS;BEBIDAS;75193;02/06/2026;138243;73064;12;3966;60;5;0;;;83
4;368;REFRE FRUKITO PET 2L FRUTAS CITRICAS;BEBIDAS;75321;02/06/2026;138450;73064;6;521;30;5;0;;;-15
4;33286;AMAC APYCE 5L TRAD AZL;PERFUMARIA E LIMPEZA;75321;02/06/2026;138450;73064;2;448;6;3;0;;;7
4;661;SUCO KAPO 200ML LARANJA;BEBIDAS;75321;02/06/2026;138450;73064;12;5589;60;5;0;;;139
4;268;VH JOTA PE TINTO 750ML SV;BEBIDAS;75321;02/06/2026;138450;73064;6;672;18;3;0;;;31
4;34951;SUCO KAPO 200ML MELANCIA;BEBIDAS;75321;02/06/2026;138450;73064;12;892;60;5;0;;;24
4;827;REFRIG PEPSI TWIST PET 2L;BEBIDAS;75321;02/06/2026;138450;73064;8;906;40;5;0;;;3
4;2928;ACHOC LIQ ELEGE 1L BOB ESPONJA;MERCEARIA;75321;02/06/2026;138450;73064;12;30;12;1;0;;;13
5;2102;CHA PRENDA 16G PRETO C CRAVO;MERCEARIA;74864;02/06/2026;137305;71544;20;220;20;0;0;03/06/2026;JESSICA;3
5;38273;MOLHO INGLES SABOR CASEIRO 1 01K;MERCEARIA;74864;02/06/2026;137305;71544;6;36;6;0;0;03/06/2026;JESSICA;5
5;2028;CAFE VACUO MELITTA 250G TRAD;MERCEARIA;74864;02/06/2026;137305;71544;20;840;20;0;0;03/06/2026;JESSICA;26
5;3702;MIST P BOLO APTI 400G CENOURA;MERCEARIA;74864;02/06/2026;137305;71544;12;9;12;1;1;03/06/2026;JESSICA;12
5;2168;CHA PRENDA MATE 40G CRAVO CANELA;MERCEARIA;74864;02/06/2026;137305;71544;20;280;20;0;0;03/06/2026;JESSICA;26
5;2087;CHA PRENDA 18G PRETO;MERCEARIA;74864;02/06/2026;137305;71544;20;3041;20;0;0;03/06/2026;JESSICA;21
5;33371;MIST P BOLO APTI 380G CHOC E COCO;MERCEARIA;74864;02/06/2026;137305;71544;12;58;24;0;0;03/06/2026;JESSICA;-1
5;2341;AZEITONA VERDE UNIAGRO SH 400G S CAROCO;MERCEARIA;74864;02/06/2026;137305;71544;6;23;6;0;0;03/06/2026;JESSICA;12
5;36681;CHANTILLY DAUS CLASSIC;MERCEARIA;74864;02/06/2026;137305;71544;12;0;12;0;0;03/06/2026;JESSICA;-5
5;2142;CAFE SOL NESCAFE VD 160G ORIGINAL;MERCEARIA;74864;02/06/2026;137305;71544;12;1128;12;1;1;03/06/2026;JESSICA;41
5;3413;CREME LEITE ELEGE TP 200G LEVISSIMO;MERCEARIA;74864;02/06/2026;137305;71544;24;132;24;0;0;03/06/2026;JESSICA;65
5;20024;LEITE COND PIRACANJUBA 395G SEMIDESNAT;MERCEARIA;74864;02/06/2026;137305;71544;27;135;27;0;0;03/06/2026;JESSICA;139
5;38001;CEREAL MAT DOMELLY DINOCRISPY A CHO;MERCEARIA;74864;02/06/2026;137305;71544;1;351;10;1;1;03/06/2026;JESSICA;10
5;2109;CAFE SOL NESCAFE SH 40G ORIGINAL;MERCEARIA;74864;02/06/2026;137305;71544;24;23;24;1;1;03/06/2026;JESSICA;0
5;2147;CAFE SOL MELITTA VD 200G TRAD;MERCEARIA;74864;02/06/2026;137305;71544;12;164;12;0;0;03/06/2026;JESSICA;24
5;2585;DOCE LEITE MU MU PT 350G CHOC;MERCEARIA;74864;02/06/2026;137305;71544;12;0;12;0;0;03/06/2026;JESSICA;13
5;2658;CEREAL MUCILON SH 180G MILHO;MERCEARIA;74864;02/06/2026;137305;71544;12;12;12;0;0;03/06/2026;JESSICA;17
5;3707;MIST P BOLO APTI 400G LARANJA;MERCEARIA;74864;02/06/2026;137305;71544;12;58;12;1;1;03/06/2026;JESSICA;26
5;24323;SH GENIAL PET 2 EM 1 500ML;PRODUTOS PET;74864;02/06/2026;137305;71544;1;0;1;1;0;02/06/2026;FOSSARI;1
5;2186;CHA PRENDA GOLD 15G CAMOMILA;MERCEARIA;74864;02/06/2026;137305;71544;10;240;10;0;0;03/06/2026;JESSICA;27
5;3685;MIST LACTEA COND ITALAC TP 395G;MERCEARIA;74864;02/06/2026;137305;71544;27;220;27;0;0;03/06/2026;JESSICA;0
5;15194;CAFE SOL NESCAFE TRAD SH L40P36G;MERCEARIA;74864;02/06/2026;137305;71544;24;18;24;0;0;03/06/2026;JESSICA;-6
5;38145;CAFE SOL NESCAFE VD 200G GTS 10G TRAD;MERCEARIA;74864;02/06/2026;137305;71544;12;36;12;1;1;03/06/2026;JESSICA;21
5;21693;PAPEL HIG NATUPEL PREM FS 60M C 4;PERFUMARIA E LIMPEZA;74864;02/06/2026;137305;71544;16;119;32;0;0;02/06/2026;WILLIAN MATEUS;5
5;985;MOSTARDA ODERICH SH 1KG;MERCEARIA;74864;02/06/2026;137305;71544;6;72;6;0;0;03/06/2026;JESSICA;19
5;2478;DOCE DIFRUTTI 400G PESSEGO;MERCEARIA;74864;02/06/2026;137305;71544;12;24;12;0;0;03/06/2026;JESSICA;0
5;2491;KETCHUP ODERICH BISNAG 200G TRAD;MERCEARIA;74864;02/06/2026;137305;71544;24;120;24;0;0;03/06/2026;JESSICA;18
5;3062;CHOCOLATE PO NEILAR 200G;MERCEARIA;74864;02/06/2026;137305;71544;24;47;24;0;0;03/06/2026;JESSICA;24
5;3505;FERM BIO PO FLEISCHMANN SH 10G INSTANT;MERCEARIA;74864;02/06/2026;137305;71544;276;177;276;0;0;03/06/2026;JESSICA;189
5;12472;AMIDO MILHO MAIZENA 500P380L500;MERCEARIA;74864;02/06/2026;137305;71544;40;32;40;1;0;03/06/2026;JESSICA;5
5;1651;WAFER PARATI MINUETO 81G CHOC BAUNILHA;MERCEARIA;75092;02/06/2026;137630;71856;36;5472;180;5;0;02/06/2026;BRUNO ANTUNES;-18
5;1655;WAFER PARATI MINUETO 81G MORANGO;MERCEARIA;75092;02/06/2026;137630;71856;36;2373;180;5;0;02/06/2026;BRUNO ANTUNES;94
5;13456;BISC RECH PARATI Z CARTOON 85G DUO;MERCEARIA;75092;02/06/2026;137630;71856;40;2718;80;2;0;02/06/2026;BRUNO ANTUNES;134
5;1650;WAFER PARATI MINUETO 81G CHOC;MERCEARIA;75092;02/06/2026;137630;71856;36;1502;72;2;0;02/06/2026;BRUNO ANTUNES;120
5;2361;FEIJAO VERMELHO ARBAZA 500G;MERCEARIA;75195;02/06/2026;138244;72282;12;980;36;3;0;;;8
5;3843;EXTR TOM CAJAMAR LT 350G;MERCEARIA;75349;02/06/2026;138501;72125;24;15190;480;20;0;;;59
6;33266;REFRIG FRUKI PET 3 L LARANJA;BEBIDAS;74866;02/06/2026;137306;72286;4;12;16;6;0;;;-72
6;769;REFRIG FRUKI GUARANA PET 200ML GUARANA;BEBIDAS;74866;02/06/2026;137306;72286;12;96;72;6;0;;;67
6;8966;CARVAO CHAMA CAMPEIRA 5KG;NAO ALIMENTO;74866;02/06/2026;137306;72286;1;0;29;29;0;;;15
6;50;AGUA MIN DA PEDRA PET 5L S GAS;BEBIDAS;74866;02/06/2026;137306;72286;4;0;96;24;0;;;117
6;3872;CERV STELLA ARTOIS LT 473ML P GOLD;BEBIDAS;74866;02/06/2026;137306;72286;12;3283;12;1;0;;;49
6;3932;ACENDEDOR SANDERO 16G FOGO;NAO ALIMENTO;75171;02/06/2026;138187;72377;36;0;36;1;0;08/06/2026;ELTON;38
6;36361;CHAVE FENDA TRAM C PONTEIRAS;NAO ALIMENTO;75171;02/06/2026;138187;72377;1;2;2;2;0;08/06/2026;ELTON;0
6;832;REFRIG SUKITA PET 2L LARANJA;BEBIDAS;75197;02/06/2026;138245;72286;8;845;120;15;0;;;34
7;22717;RAC GOOD FRIENDS CLASSICO 7K;PRODUTOS PET;74868;02/06/2026;137307;71545;1;0;3;3;0;02/06/2026;WILLIAN MATEUS;8
7;2361;FEIJAO VERMELHO ARBAZA 500G;MERCEARIA;75199;02/06/2026;138246;72283;12;980;24;2;0;;;4
8;755;REFRIG SCHWEPPES CITRUS PET 1 5L;BEBIDAS;74870;02/06/2026;137308;71541;6;0;6;1;0;15/06/2026;PAMELA;9
8;1446;BISC DOCE NESTLE CHOCO TRIO 90G AMEND;MERCEARIA;74870;02/06/2026;137308;71541;12;251;12;0;0;03/06/2026;ARREGIN;45
8;3399;CALDO APTI 57G BACON;MERCEARIA;74870;02/06/2026;137308;71541;10;0;10;0;0;03/06/2026;ARREGIN;16
8;615;SUCO DEL VALLE TP 200ML PESSEGO;BEBIDAS;74870;02/06/2026;137308;71541;18;42;18;1;0;15/06/2026;PAMELA;-15
8;3400;BARRA CEREAL RITTER 25G BAN AVEIA MEL;MERCEARIA;74870;02/06/2026;137308;71541;24;0;24;0;0;03/06/2026;ARREGIN;43
8;7377;PAPEL TOALHA MILI 3UN;PERFUMARIA E LIMPEZA;74870;02/06/2026;137308;71541;4;8;8;0;0;02/06/2026;WILLIAN MATEUS;-2
8;33759;ESCOVA P MAMADEIRA CABO PLASTICO;PERFUMARIA E LIMPEZA;74870;02/06/2026;137308;71541;1;4;1;0;0;02/06/2026;M EDUARDA;6
8;24099;SC LIXO PRO LIXO ROLAO 200L C 7;PERFUMARIA E LIMPEZA;74870;02/06/2026;137308;71541;12;144;24;0;0;02/06/2026;M EDUARDA;0
8;21664;PAPEL HIG DOBLE FT FD 12 UN C 20M;PERFUMARIA E LIMPEZA;74870;02/06/2026;137308;71541;8;8;8;0;0;02/06/2026;WILLIAN MATEUS;1
8;16593;CORT UNHA INOX PREMIUM 5 2CM 1PC;PERFUMARIA E LIMPEZA;74870;02/06/2026;137308;71541;1;13;1;0;0;02/06/2026;M EDUARDA;2
8;24138;SC PANOSUL ALVEJADO 48X63CM R 14;PERFUMARIA E LIMPEZA;74870;02/06/2026;137308;71541;1;10;1;0;0;02/06/2026;M EDUARDA;16
11;2361;FEIJAO VERMELHO ARBAZA 500G;MERCEARIA;75203;02/06/2026;138248;72288;12;980;24;2;0;;;30
12;5196;CR DEN COLGATE MPA 180G;PERFUMARIA E LIMPEZA;74874;02/06/2026;137310;72289;72;6916;72;0;0;04/06/2026;FERNANDO.H;2
12;5275;CR DENTAL TANDY 50G MORANGO;PERFUMARIA E LIMPEZA;74874;02/06/2026;137310;72289;12;48;12;0;0;04/06/2026;CAROLINA;51
12;18746;FRALDA DESC FERINHA JUMBINHO C 14 XXG;PERFUMARIA E LIMPEZA;74874;02/06/2026;137310;72289;12;0;12;0;0;04/06/2026;CAROLINA;2
12;9288;DESINF YPE BAK 500ML FLORAL BAK;PERFUMARIA E LIMPEZA;74874;02/06/2026;137310;72289;12;108;12;0;0;03/06/2026;MIKAEL;0
12;25106;VASSOURA JARDINEIRA S CABO;PERFUMARIA E LIMPEZA;74874;02/06/2026;;;1;19;18;0;0;;;6
12;12308;ALCOOL ARAUCARIA 46 1L;PERFUMARIA E LIMPEZA;74874;02/06/2026;137310;72289;12;3443;12;1;1;03/06/2026;MIKAEL;19
12;6933;LIMP UAU LV1L PG800ML LAVANDA CONFORT;PERFUMARIA E LIMPEZA;74874;02/06/2026;137310;72289;12;264;12;1;1;03/06/2026;MIKAEL;0
12;7726;SAB CLOY HIDR 80G MILK CARE;PERFUMARIA E LIMPEZA;74874;02/06/2026;137310;72289;72;1224;72;1;1;04/06/2026;CAROLINA;54
12;17340;DET LIQ BIO KRISS 500ML CLEAR;PERFUMARIA E LIMPEZA;74874;02/06/2026;137310;72289;24;168;24;0;0;03/06/2026;MIKAEL;0
12;12183;ABS MILI SUAVE PROT TOT C ABAS C 32;PERFUMARIA E LIMPEZA;74874;02/06/2026;137310;72289;16;64;16;2;2;04/06/2026;FERNANDO.H;0
12;3948;AGUA SANIT GOTA LIMPA 1L;PERFUMARIA E LIMPEZA;74874;02/06/2026;137310;72289;12;1452;12;0;0;04/06/2026;FERNANDO.H;3
12;5516;DESOD AERO BOM AR 360ML JASMIM PEONIA;PERFUMARIA E LIMPEZA;74874;02/06/2026;137310;72289;12;262;12;0;0;03/06/2026;MIKAEL;7
12;4180;AMAC DOWNY 1L REGULAR INTENSO BRISA;PERFUMARIA E LIMPEZA;74874;02/06/2026;137310;72289;12;117;12;0;0;03/06/2026;MIKAEL;18
12;5491;DESINF YPE 500ML BAK LAVANDA;PERFUMARIA E LIMPEZA;74874;02/06/2026;137310;72289;12;252;12;0;0;03/06/2026;MIKAEL;0
12;3903;ABS C ABAS MILI DIA NOITE C 16 UN SUAVE;PERFUMARIA E LIMPEZA;74874;02/06/2026;137310;72289;24;183;24;1;0;;;6
12;6234;GEL DENTAL CLOSE UP 90G ORIG RED HOT;PERFUMARIA E LIMPEZA;74874;02/06/2026;137310;72289;12;1269;12;1;1;04/06/2026;CAROLINA;84
12;5096;COND TRESEMME 400ML HIDRAT PROFUND;PERFUMARIA E LIMPEZA;74874;02/06/2026;137310;72289;12;0;12;0;0;04/06/2026;JESSICA;0
12;6930;LIMP UAU 500ML LAVANDA CONFORT;PERFUMARIA E LIMPEZA;74874;02/06/2026;137310;72289;24;121;24;1;1;03/06/2026;MIKAEL;26
12;15726;CERA LIQ ANDREIA AUTO BR 750ML INC;PERFUMARIA E LIMPEZA;74874;02/06/2026;137310;72289;12;34;12;1;1;03/06/2026;MIKAEL;3
12;24480;SPRAY PANTENE LEAVEIN OLEO 95ML;PERFUMARIA E LIMPEZA;74874;02/06/2026;137310;72289;9;0;9;1;1;04/06/2026;JESSICA;2
12;21296;ODORIZ AMAZONIA AROM 270ML ALFAZEMA;PERFUMARIA E LIMPEZA;74874;02/06/2026;137310;72289;12;36;12;0;0;03/06/2026;MIKAEL;0
12;3883;ABS ALWAYS 8UN BASICO P SUAVE C ABAS;PERFUMARIA E LIMPEZA;74874;02/06/2026;137310;72289;18;17;18;1;1;04/06/2026;FERNANDO.H;24
12;8789;ABS MILI COB C ABAS SV 8UN;PERFUMARIA E LIMPEZA;74874;02/06/2026;137310;72289;36;827;36;1;1;04/06/2026;FERNANDO.H;0
12;10146;SAB FARNESE 180G FLOR CER VANILA;PERFUMARIA E LIMPEZA;74874;02/06/2026;137310;72289;36;2088;36;1;1;04/06/2026;CAROLINA;102
12;37893;KIT ELSEVE SH 375ML CD 170ML LISO SONHOS;PERFUMARIA E LIMPEZA;74874;02/06/2026;137310;72289;6;48;6;1;1;04/06/2026;JESSICA;1
12;35654;SAB SENADOR CLASSIC C3 130G;PERFUMARIA E LIMPEZA;74874;02/06/2026;137310;72289;24;0;24;0;0;04/06/2026;JESSICA;1
12;5692;DETERG YPE 500 ML NEUTRO;PERFUMARIA E LIMPEZA;74874;02/06/2026;137310;72289;24;1272;96;0;0;04/06/2026;FERNANDO.H;58
12;3964;ALCOOL 46 COPERALCOOL 1L TRAD;PERFUMARIA E LIMPEZA;74874;02/06/2026;137310;72289;12;492;12;1;1;03/06/2026;MIKAEL;24
12;33679;LIMP PERF SAIF CONCENTRADO 120ML LAVANDA;PERFUMARIA E LIMPEZA;74874;02/06/2026;137310;72289;12;384;12;1;1;03/06/2026;MIKAEL;10
12;8159;SH ANTIC CLEAR L400P330 ICE COOL MENTHO;PERFUMARIA E LIMPEZA;74874;02/06/2026;137310;72289;12;564;12;1;1;04/06/2026;CAROLINA;4
12;10109;REPARADOR DI HELLEN PONTAS 30G PROT TERMICA;PERFUMARIA E LIMPEZA;74874;02/06/2026;137310;72289;12;12;12;0;0;04/06/2026;JESSICA;7
12;5001;COND PALMOLIVE 350ML ACIDO HIALURONI;PERFUMARIA E LIMPEZA;74874;02/06/2026;137310;72289;6;0;6;0;0;04/06/2026;JESSICA;8
12;6659;LAQUE AERO KARINA 250ML EXTRA FORTE;PERFUMARIA E LIMPEZA;74874;02/06/2026;137310;72289;1;9;1;0;0;04/06/2026;JESSICA;8
12;8838;AMAC AQUAFAST 2L ROSA JARD FLORI;PERFUMARIA E LIMPEZA;74874;02/06/2026;137310;72289;6;474;6;0;0;04/06/2026;FERNANDO.H;19
12;12291;AGUA SANIT IMPERIAL 5L;PERFUMARIA E LIMPEZA;74874;02/06/2026;137310;72289;4;0;12;3;3;04/06/2026;FERNANDO.H;0
12;35127;TOALHA UMED BEBE LIMPINHO C45;PERFUMARIA E LIMPEZA;74874;02/06/2026;137310;72289;24;336;24;1;1;04/06/2026;JESSICA;135
12;34977;SAB MARAN SUAVE 80G PESSEGO;PERFUMARIA E LIMPEZA;74874;02/06/2026;137310;72289;108;24405;108;0;0;04/06/2026;CAROLINA;97
12;35696;ALCOOL COPERALCOOL 500ML TRADICIONAL;PERFUMARIA E LIMPEZA;74874;02/06/2026;137310;72289;12;372;12;0;0;03/06/2026;MIKAEL;2
12;2361;FEIJAO VERMELHO ARBAZA 500G;MERCEARIA;75205;02/06/2026;138249;72289;12;980;24;2;0;;;15
12;10177;SABON PALMOLIVE NATURALS 85G LEITE ROSAS;PERFUMARIA E LIMPEZA;75205;02/06/2026;138249;72289;108;432;216;0;0;04/06/2026;CAROLINA;119
12;8242;SH JAY LUC 1L BLIND QUERATINA;PERFUMARIA E LIMPEZA;75205;02/06/2026;138249;72289;12;71;36;4;0;04/06/2026;CAROLINA;0
12;17294;DESOD ROLLON DOVE 50ML ROMA VERBENA;PERFUMARIA E LIMPEZA;75205;02/06/2026;138249;72289;12;0;12;1;1;04/06/2026;JESSICA;9
12;50;AGUA MIN DA PEDRA PET 5L S GAS;BEBIDAS;75205;02/06/2026;138249;72289;4;0;40;10;0;;;11
12;5509;DESOD AERO AXE 152ML 90G MARINE;PERFUMARIA E LIMPEZA;75333;02/06/2026;138456;72289;12;1429;60;10;10;04/06/2026;JESSICA;0
12;5526;DESOD AERO BOZZANO 90G POWER PROTECT;PERFUMARIA E LIMPEZA;75333;02/06/2026;138456;72289;12;132;24;2;2;04/06/2026;JESSICA;3
12;8622;TINT COR E TON PRETO 2 0;PERFUMARIA E LIMPEZA;75333;02/06/2026;138456;72289;6;42;6;1;1;04/06/2026;JESSICA;10
13;53;AGUA MIN SARANDI 5L S GAS;BEBIDAS;74876;02/06/2026;137342;72290;4;1751;12;5;0;;;55
13;12291;AGUA SANIT IMPERIAL 5L;PERFUMARIA E LIMPEZA;74876;02/06/2026;137311;72290;4;0;12;3;0;;;0
13;3948;AGUA SANIT GOTA LIMPA 1L;PERFUMARIA E LIMPEZA;74876;02/06/2026;137311;72290;12;1452;12;1;0;;;18
13;13699;BOMBOM BEL SORT 180G;MERCEARIA;74876;02/06/2026;137311;72290;30;659;30;1;1;10/06/2026;JOCELAINE;186
13;8791;ABS MILI NOTURNO C ABAS 8UN;PERFUMARIA E LIMPEZA;75207;02/06/2026;138250;72290;36;34;108;3;0;;;0
13;50;AGUA MIN DA PEDRA PET 5L S GAS;BEBIDAS;75207;02/06/2026;138250;72290;4;0;40;10;0;;;14
13;13699;BOMBOM BEL SORT 180G;MERCEARIA;75207;02/06/2026;138250;72290;30;659;90;1;1;10/06/2026;JOCELAINE;186
14;156;CERV BUDWEISER LT 473ML;BEBIDAS;74878;02/06/2026;137312;72285;12;8748;156;33;0;;;1103
14;37027;FAROFA ROCHA CASEIRA 300G TRAD;MERCEARIA;75209;02/06/2026;138251;72285;10;39;20;2;0;;;9
14;22796;RATICIDA RODILON ISCA 25G;PERFUMARIA E LIMPEZA;75209;02/06/2026;138522;72146;40;151;120;3;0;03/06/2026;MIKAEL;3
14;50;AGUA MIN DA PEDRA PET 5L S GAS;BEBIDAS;75209;02/06/2026;138251;72285;4;0;40;10;0;;;5
17;7936;SABONETE NIVEA 85G LAVANDA;PERFUMARIA E LIMPEZA;74880;02/06/2026;137313;72291;96;960;96;1;1;03/06/2026;MIKAEL;38
17;33778;CREME DEN COLGATE 90G ORIG MINT;PERFUMARIA E LIMPEZA;74880;02/06/2026;137313;72291;48;348;96;1;1;03/06/2026;MIKAEL;-69
17;5513;DESOD AERO AXE BS 150ML 96G DARK TEMPTATION;PERFUMARIA E LIMPEZA;74880;02/06/2026;137313;72291;12;0;12;1;1;03/06/2026;MIKAEL;5
17;37891;TIT COR E TON S AMONIA 3 0 CAST ESC;PERFUMARIA E LIMPEZA;74880;02/06/2026;137313;72291;6;0;6;0;0;03/06/2026;MIKAEL;4
17;5275;CR DENTAL TANDY 50G MORANGO;PERFUMARIA E LIMPEZA;74880;02/06/2026;137313;72291;12;48;12;0;0;03/06/2026;MIKAEL;22
17;7883;SABONETE DOVE 90G ORIGINAL;PERFUMARIA E LIMPEZA;74880;02/06/2026;137313;72291;48;15980;240;7;7;03/06/2026;MIKAEL;2479
17;12531;AP GILLETTE PROBAK C 2;PERFUMARIA E LIMPEZA;74880;02/06/2026;137313;72291;14;0;42;0;0;;;138
17;34301;CR DENT SORRISO 90G KOLYNOS;PERFUMARIA E LIMPEZA;74880;02/06/2026;137313;72291;144;144;288;2;2;03/06/2026;MIKAEL;-6
17;3904;ABS MILI PROT TOTAL 16UN C ABAS SUAVE;PERFUMARIA E LIMPEZA;74880;02/06/2026;137313;72291;24;72;24;1;1;03/06/2026;MIKAEL;3
17;6617;KIT SH SEDA SH 300 COND 190ML LISO PERFEITO;PERFUMARIA E LIMPEZA;74880;02/06/2026;137313;72291;15;195;15;0;0;03/06/2026;MIKAEL;-29
17;34306;REFRIG COCA COLA PET 1L;BEBIDAS;74880;02/06/2026;137313;72291;6;48;42;7;0;;;126
17;8159;SH ANTIC CLEAR L400P330 ICE COOL MENTHO;PERFUMARIA E LIMPEZA;74880;02/06/2026;137313;72291;12;564;24;2;2;03/06/2026;MIKAEL;73
17;10177;SABON PALMOLIVE NATURALS 85G LEITE ROSAS;PERFUMARIA E LIMPEZA;75211;02/06/2026;138252;72291;108;432;108;0;0;03/06/2026;MIKAEL;81
17;2361;FEIJAO VERMELHO ARBAZA 500G;MERCEARIA;75211;02/06/2026;138252;72291;12;980;36;3;0;;;-1
17;8242;SH JAY LUC 1L BLIND QUERATINA;PERFUMARIA E LIMPEZA;75211;02/06/2026;138252;72291;12;71;36;2;2;03/06/2026;MIKAEL;12
18;20454;MANG DUOCOLOR 10MTS;NAO ALIMENTO;75213;02/06/2026;138253;72284;1;214;1;0;0;;;11
18;2361;FEIJAO VERMELHO ARBAZA 500G;MERCEARIA;75213;02/06/2026;138253;72284;12;980;36;3;0;;;0
18;36646;SAB PROTEX CARVAO DETOX C 8;PERFUMARIA E LIMPEZA;75213;02/06/2026;138253;72284;9;655;27;0;0;06/06/2026;JOCELAINE;0
1;2490;DOCE DIFRUTTI 400G FIGO;MERCEARIA;75437;03/06/2026;138698;72281;12;84;12;0;0;03/06/2026;JESSICA;4
1;3696;MIST P BOLO APTI 400G ABACAXI;MERCEARIA;75437;03/06/2026;138698;72281;12;116;24;2;2;03/06/2026;JESSICA;32
1;2416;PEPINO CONSERVA DA SERRA SH 150G;MERCEARIA;75437;03/06/2026;138698;72281;12;504;24;0;0;03/06/2026;JESSICA;1
1;302;VH SANGUE BOI TINTO 4L SC;BEBIDAS;75437;03/06/2026;138698;72281;2;4;2;0;0;04/06/2026;VILLARROEL;2
1;766;REFRIG FANTA PET 200ML LARANJA;BEBIDAS;75437;03/06/2026;138698;72281;12;1668;12;1;1;04/06/2026;VILLARROEL;8
1;3763;MIST P BOLO NORDESTE 400G CHOC;MERCEARIA;75437;03/06/2026;138698;72281;12;108;12;1;1;03/06/2026;JESSICA;14
1;913;MOLHO EXTREMO SABOR P FGO 1 01L;MERCEARIA;75437;03/06/2026;138698;72281;6;139;6;0;0;03/06/2026;JESSICA;4
1;2020;CAFE VACUO MELITTA 500G EXTRA FORTE;MERCEARIA;75437;03/06/2026;138698;72281;20;360;20;0;0;03/06/2026;JESSICA;2
1;8523;SUCO DEL VALLE FRUT PET 450ML LARANJA;BEBIDAS;75437;03/06/2026;138698;72281;6;0;6;0;0;04/06/2026;VILLARROEL;6
1;16593;CORT UNHA INOX PREMIUM 5 2CM 1PC;PERFUMARIA E LIMPEZA;75437;03/06/2026;138698;72281;1;13;1;0;0;03/06/2026;RAMIRES;4
1;2395;OVO CODORNA CONS JUREIA 300G;MERCEARIA;75437;03/06/2026;138698;72281;15;30;15;0;0;03/06/2026;JESSICA;0
1;2141;CAFE SOL NESCAFE VD 160G MATINAL;MERCEARIA;75437;03/06/2026;138698;72281;12;435;12;1;1;03/06/2026;JESSICA;118
1;1012;TEMP COMPLETO ODERICH 1KG C PIMENTA;MERCEARIA;75437;03/06/2026;138698;72281;12;36;12;1;1;03/06/2026;JESSICA;1
1;3685;MIST LACTEA COND ITALAC TP 395G;MERCEARIA;75437;03/06/2026;138698;72281;27;220;27;0;0;03/06/2026;JESSICA;24
1;764;REFRIG COCA COLA PET 200ML ZERO;BEBIDAS;75437;03/06/2026;138698;72281;12;1632;36;3;3;04/06/2026;VILLARROEL;60
1;13699;BOMBOM BEL SORT 180G;MERCEARIA;75612;03/06/2026;138989;73066;30;659;60;0;0;10/06/2026;JOCELAINE;10
1;2292;ERVILHA BELLA DICA PARTIDA 400GR;PERECIVEIS;75708;03/06/2026;139057;72531;12;324;36;3;3;05/06/2026;ALEXSANDRO;106
1;36262;KIT SH CD SEDA 300ML 190ML TOQUE DE SEDA;PERFUMARIA E LIMPEZA;75740;03/06/2026;139083;72531;15;315;30;0;0;03/06/2026;MONIQUE;29
1;38146;CAFE SOL NESCAFE VD 160G GTS 10G TRAD;MERCEARIA;75740;03/06/2026;139083;72531;12;3767;48;4;4;04/06/2026;JESSICA;211
1;207;CERV SCHIN PILSEN LT 473ML;BEBIDAS;75740;03/06/2026;139083;72531;12;0;12;1;1;05/06/2026;KELLER;116
1;2448;SARDINHA NAUTIQUE 125G OLEO;MERCEARIA;75884;03/06/2026;139612;72782;50;50;300;6;6;05/06/2026;ALEXSANDRO;-65
1;2325;FEIJAO PRETO ARBAZA PREMIUM 500G;MERCEARIA;75915;03/06/2026;139566;72815;12;2136;60;5;5;05/06/2026;LUIS GUILHERME;-25
1;1439;BISC RECH GLUB 100G DOCE DE LEITE;MERCEARIA;75986;03/06/2026;139844;73066;30;30;30;1;0;;;57
1;1272;CHOC BARRA GAROTO CHOC BCO 80G;MERCEARIA;75986;03/06/2026;139844;73066;64;256;128;0;0;10/06/2026;JOCELAINE;-50
1;1713;PIPOCA DOCE KEVYTOS 50G;MERCEARIA;75986;03/06/2026;139844;73066;10;121;100;10;0;;;-18
2;116;CERV SKOL 1L;BEBIDAS;75439;03/06/2026;138699;72287;12;420;12;1;0;;;0
2;10;REFRIG COCA COLA PET 2L;BEBIDAS;75439;03/06/2026;139865;72887;4;21;300;75;0;;;3041
2;12289;AGUA SANIT IMPERIAL 1L;PERFUMARIA E LIMPEZA;75439;03/06/2026;138699;72287;12;12;12;1;0;;;22
2;33255;REFRIG CHARRUA PET 3L GUARANA;BEBIDAS;75439;03/06/2026;138699;72287;6;0;6;3;0;;;-69
2;812;REFRIG FANTA UVA PET 2L;BEBIDAS;75439;03/06/2026;138699;72287;8;0;8;2;0;;;204
2;37786;LAVA ROUPAS OMO LAV PERF 1 8L;PERFUMARIA E LIMPEZA;75439;03/06/2026;138699;72287;1;664;6;1;0;;;9
2;762;REFRIG COCA COLA PET 200ML;BEBIDAS;75439;03/06/2026;138699;72287;12;-144;132;11;0;;;758
2;2449;TRIGO P KIBE JUREIA 500G;MERCEARIA;75988;03/06/2026;139845;73105;12;10;12;1;0;;;21
3;9745;LEITE UHT SANTA CLARA DESN 1L;PERECIVEIS;75413;03/06/2026;138686;72280;12;179;48;4;0;;;19
3;6798;LEITE SANTA CLARA 1L SENIOR 50;PERECIVEIS;75413;03/06/2026;138686;72280;12;192;120;10;0;;;168
3;9751;LEITE SANTA CLARA UHT INT 1L;PERECIVEIS;75413;03/06/2026;140915;73381;12;4751;1020;0;0;;;3364
3;6787;LEITE LV ELEGE 1L ZERO LAC SEMI DES;PERECIVEIS;75413;03/06/2026;138686;72280;12;900;108;9;0;;;148
3;6799;LEITE SANTA CLARA 1L ZERO LACTOSE;PERECIVEIS;75413;03/06/2026;138686;72280;12;12;48;4;0;;;109
3;9756;LEITE TIROL INTEGRAL ZR LACTOSE 1L;PERECIVEIS;75413;03/06/2026;138686;72280;12;17;36;3;0;;;-108
3;6797;LEITE UHT PIRACANJUBA 1L SEMI DES ZR LAC;PERECIVEIS;75413;03/06/2026;138686;72280;12;12;156;13;0;;;52
3;2100;ARROZ BCO SANO OURO TP1 2KG;MERCEARIA;75441;03/06/2026;138700;72280;15;-30;15;1;0;;;18
3;34846;ALVEJ BARBAREX 5L S CLORO;PERFUMARIA E LIMPEZA;75441;03/06/2026;140915;73381;2;170;154;0;0;;;14
3;769;REFRIG FRUKI GUARANA PET 200ML GUARANA;BEBIDAS;75441;03/06/2026;138700;72280;12;96;48;4;0;;;12
3;656;SUCO DEL VALLE FRUT TP 1L UVA;BEBIDAS;75441;03/06/2026;138700;72280;6;36;18;3;0;;;18
3;21119;MOLHO TOM TARANTELLA TRAD 1 7KG;MERCEARIA;75441;03/06/2026;138700;72280;6;4;6;1;0;;;9
3;33266;REFRIG FRUKI PET 3 L LARANJA;BEBIDAS;75441;03/06/2026;138700;72280;4;12;32;8;0;;;-70
3;24994;TOAL UMED HUPPY L100P80;PERFUMARIA E LIMPEZA;75441;03/06/2026;138700;72280;12;4092;24;1;1;04/06/2026;JESUS;90
3;7558;PROT DIARIO MILI 15UN SUAVE S ABAS;PERFUMARIA E LIMPEZA;75441;03/06/2026;138700;72280;24;14;24;1;1;04/06/2026;JESUS;37
3;2351;FEIJAO PRETO CALDO OURO 1KG;MERCEARIA;75441;03/06/2026;138700;72280;10;8637;880;0;0;;;867
3;2240;ARROZ PARBO PRATO FINO TP1 5KG;MERCEARIA;75441;03/06/2026;138700;72280;6;5;6;1;0;;;21
3;759;REFRIG ANTARCTICA GUARANA PET 200ML;BEBIDAS;75441;03/06/2026;138700;72280;12;259;48;4;0;15/06/2026;JOSE ANTONIO;769
3;2329;FEIJAO PRETO CALDO OURO 500G;MERCEARIA;75441;03/06/2026;138700;72280;10;4618;600;60;0;;;-26
3;3842;EXT TOM FUGINI SH 300G;MERCEARIA;75441;03/06/2026;138700;72280;36;36;36;1;0;;;71
3;2717;FARINHA TRIGO FIDALGA 1KG;MERCEARIA;75441;03/06/2026;138700;72280;10;50;30;3;0;;;0
3;2919;ACHOC LIQ TODDYNHO 200ML LEVINHO;MERCEARIA;75441;03/06/2026;138700;72280;27;2;27;1;0;;;-19
3;2484;KETCHUP ODERICH SH 200G;MERCEARIA;75441;03/06/2026;138700;72280;24;216;24;1;0;;;36
3;17665;ERVA MATE CAMBONA MOIDA GROSSA 1KG;MERCEARIA;75441;03/06/2026;138700;72280;10;376;30;3;0;;;153
3;2092;ARROZ BCO PRATO FINO TP1 1KG;MERCEARIA;75441;03/06/2026;138700;72280;10;0;50;5;0;;;58
3;5682;DET LIQ GOTA LIMPA 500ML NEUTRO;PERFUMARIA E LIMPEZA;75441;03/06/2026;138700;72280;24;8915;216;9;9;04/06/2026;JESUS;0
3;4625;CERV PATAGONIA IPA LT 473ML;BEBIDAS;75441;03/06/2026;138700;72280;6;121;6;1;0;;;16
3;2098;ARROZ BCO OESTE TP1 2KG;MERCEARIA;75441;03/06/2026;138700;72280;15;7;15;1;0;;;-33
3;6909;LIMP PERF YPE 500ML JARDIM SECRETO;PERFUMARIA E LIMPEZA;75441;03/06/2026;138700;72280;24;24;48;0;0;04/06/2026;JESUS;0
3;9287;DESINF YPE BAK 500ML EUCALIPTO BAK;PERFUMARIA E LIMPEZA;75441;03/06/2026;138700;72280;12;12;12;0;0;04/06/2026;JESUS;15
3;10473;LIMP YPE PERFUMADO 500ML AMOR DE VERAO;PERFUMARIA E LIMPEZA;75441;03/06/2026;138700;72280;24;0;24;1;1;04/06/2026;JESUS;24
3;762;REFRIG COCA COLA PET 200ML;BEBIDAS;75441;03/06/2026;138700;72280;12;-144;96;8;0;;;961
3;109;CERV BRAHMA CHOPP GF 1L CHOPP;BEBIDAS;75441;03/06/2026;138700;72280;12;260;156;13;0;;;-8
3;830;REFRIG SPRITE PET 2L;BEBIDAS;75441;03/06/2026;138700;72280;8;3;32;4;0;;;715
3;21902;PESSEGO MARIZA METADES 450G;MERCEARIA;75441;03/06/2026;138700;72280;12;1;12;1;0;;;31
3;1103;BATATA PALHA BOA TRAD 80G;MERCEARIA;75744;03/06/2026;139085;72538;50;4813;500;10;10;03/06/2026;JESSICA;-96
3;1286;CHOC BARRA NESTLE 80G SUFLAIR;MERCEARIA;75846;03/06/2026;139401;72765;64;35;128;2;2;05/06/2026;MONIQUE;-130
3;1294;CHOC BARRA NESTLE 80G AO LEITE;MERCEARIA;75846;03/06/2026;139401;72765;64;16;320;5;5;05/06/2026;MONIQUE;369
3;3568;BEB 3 CORACOES POWER WHEY 250ML COOKIES;MERCEARIA;75846;03/06/2026;139401;72765;12;541;24;2;0;06/06/2026;ALEXSANDRO;10
4;15115;CAD ESPI CD 80FLS CARTOGRAFIA T DUDA;NAO ALIMENTO;75483;03/06/2026;138721;72375;4;5;4;4;0;03/06/2026;SAMUEL;4
4;12995;BAND BRASIL 60X40;NAO ALIMENTO;75483;03/06/2026;138721;72375;1;5;1;1;0;03/06/2026;SAMUEL;-13
4;15051;CAD ESPI CD 1X1 80FLS DISNEY EMOJI;NAO ALIMENTO;75483;03/06/2026;138721;72375;4;8;4;1;0;03/06/2026;SAMUEL;0
4;14985;CAD ESPI CD 1 4 80FLS FROZEN;NAO ALIMENTO;75483;03/06/2026;138721;72375;5;19;5;1;0;03/06/2026;SAMUEL;0
4;35020;DUCHA GORDUCHA ZAFONEL 4T 220V;NAO ALIMENTO;75483;03/06/2026;138721;72375;1;14;1;1;0;03/06/2026;SAMUEL;1
4;15030;CAD ESPI CD 10X1 160FLS STONE;NAO ALIMENTO;75483;03/06/2026;138721;72375;4;8;4;1;0;03/06/2026;SAMUEL;0
4;12971;BALAO ZERINHO C 100 SORT;NAO ALIMENTO;75483;03/06/2026;138721;72375;1;13;1;1;0;03/06/2026;SAMUEL;0
4;22275;PORTA SAB LIQ SANREMO 280ML;NAO ALIMENTO;75483;03/06/2026;138721;72375;1;35;2;2;0;03/06/2026;SAMUEL;10
4;36599;COLA THREE BOND SUPER 2G;NAO ALIMENTO;75483;03/06/2026;138721;72375;24;48;24;1;0;03/06/2026;SAMUEL;11
4;16394;COLA BCA MAXI FRAMA 40G;NAO ALIMENTO;75483;03/06/2026;138721;72375;6;29;6;6;0;03/06/2026;SAMUEL;0
4;17476;DUCHA ENERDUCHA UP4 6800W 220V BCO;NAO ALIMENTO;75483;03/06/2026;138721;72375;1;12;1;1;0;03/06/2026;SAMUEL;9
4;33305;TAPETE BOX OVAL PVC 61X35CM;NAO ALIMENTO;75483;03/06/2026;138721;72375;1;16;1;1;0;03/06/2026;SAMUEL;0
4;15033;CAD ESPI CD 10X1 200FLS BRASILIDADE;NAO ALIMENTO;75483;03/06/2026;138721;72375;1;27;1;1;0;03/06/2026;SAMUEL;-13
4;15585;CARGA GILLETTE MACH3 C 2;PERFUMARIA E LIMPEZA;75774;03/06/2026;139101;72540;4;2769;40;10;10;03/06/2026;MONIQUE;-9
5;9756;LEITE TIROL INTEGRAL ZR LACTOSE 1L;PERECIVEIS;75417;03/06/2026;138688;72282;12;17;12;1;0;;;59
5;2920;ACHOC LIQ TODDYNHO 200ML;MERCEARIA;75443;03/06/2026;138701;72282;27;405;27;1;0;;;38
5;796;REFRIG COCA COLA E FANTA GUARANA 2L;BEBIDAS;75443;03/06/2026;138701;72282;2;78;2;1;0;;;15
5;17916;ESFREGAO ACO GOTA LIMPA;PERFUMARIA E LIMPEZA;75443;03/06/2026;138701;72282;36;898;36;0;0;03/06/2026;RAMIRES;17
5;24138;SC PANOSUL ALVEJADO 48X63CM R 14;PERFUMARIA E LIMPEZA;75443;03/06/2026;138701;72282;1;10;1;0;0;03/06/2026;RAMIRES;29
5;2717;FARINHA TRIGO FIDALGA 1KG;MERCEARIA;75443;03/06/2026;138701;72282;10;50;10;1;0;;;0
5;24140;SC PANOSUL SUPER ALV BCO 39X65 R 10;PERFUMARIA E LIMPEZA;75443;03/06/2026;138701;72282;1;64;2;0;0;03/06/2026;RAMIRES;39
5;784;REFRIG ANTARCTICA GUARANA PET 2L;BEBIDAS;75443;03/06/2026;138701;72282;8;35;8;1;0;;;95
5;12289;AGUA SANIT IMPERIAL 1L;PERFUMARIA E LIMPEZA;75443;03/06/2026;138701;72282;12;12;12;1;0;;;12
5;9145;COND SEDA GLYCOL VIT C 425ML;PERFUMARIA E LIMPEZA;75443;03/06/2026;138701;72282;12;21;12;0;0;06/06/2026;JOCELAINE;0
5;2273;CANJICA BRANCA CBS 400G;MERCEARIA;76015;03/06/2026;139858;73067;12;0;36;3;0;;;12
6;260;CERV HEINEKEN LN 330ML;BEBIDAS;75445;03/06/2026;138702;72286;24;309;24;1;0;;;-24
6;33266;REFRIG FRUKI PET 3 L LARANJA;BEBIDAS;75445;03/06/2026;138702;72286;4;12;8;6;0;;;-72
6;824;REFRIG PEPSI PET 2L BLACK;BEBIDAS;75445;03/06/2026;138702;72286;8;0;8;1;0;;;105
6;33305;TAPETE BOX OVAL PVC 61X35CM;NAO ALIMENTO;75487;03/06/2026;138723;72377;1;16;1;1;0;08/06/2026;ELTON;0
6;12923;BALAO LISO 6 5 C 30 VERDE;NAO ALIMENTO;75487;03/06/2026;138723;72377;1;1;1;1;0;08/06/2026;ELTON;-15
6;15031;CAD ESPI CD 10X1 160FLS SWEETNESS;NAO ALIMENTO;75487;03/06/2026;138723;72377;4;20;4;1;0;08/06/2026;ELTON;23
6;15064;CAD ESPI CD 1X1 80FLS LA CR;NAO ALIMENTO;75487;03/06/2026;138723;72377;4;0;4;1;0;08/06/2026;ELTON;9
6;15033;CAD ESPI CD 10X1 200FLS BRASILIDADE;NAO ALIMENTO;75487;03/06/2026;138723;72377;1;27;1;1;0;08/06/2026;ELTON;4
6;19340;INCENSO FLUTE C 8 CHAMANDO DINHE;NAO ALIMENTO;75487;03/06/2026;138723;72377;25;725;25;1;0;08/06/2026;ELTON;68
6;6631;LAMP ELGIN BULBO 9W 6500K 220V;NAO ALIMENTO;75487;03/06/2026;138723;72377;10;8716;20;2;0;08/06/2026;ELTON;117
6;15051;CAD ESPI CD 1X1 80FLS DISNEY EMOJI;NAO ALIMENTO;75487;03/06/2026;138723;72377;4;8;4;1;0;08/06/2026;ELTON;16
6;16394;COLA BCA MAXI FRAMA 40G;NAO ALIMENTO;75487;03/06/2026;138723;72377;6;29;6;6;0;08/06/2026;ELTON;17
6;15090;CAD ESPI CD 1X1 80FLS SWEETNESS;NAO ALIMENTO;75487;03/06/2026;138723;72377;4;16;4;1;0;08/06/2026;ELTON;26
6;22275;PORTA SAB LIQ SANREMO 280ML;NAO ALIMENTO;75487;03/06/2026;138723;72377;1;35;3;3;0;08/06/2026;ELTON;23
6;19323;HID MONANGE 200ML IOGURTE C AVEIA;PERFUMARIA E LIMPEZA;75852;03/06/2026;139404;72768;24;0;24;0;0;03/06/2026;MONIQUE;3
6;1289;CHOC BARRA NESTLE 80G PRESTIGIO;MERCEARIA;75852;03/06/2026;139404;72768;64;272;64;0;0;03/06/2026;MONIQUE;86
6;3568;BEB 3 CORACOES POWER WHEY 250ML COOKIES;MERCEARIA;75852;03/06/2026;139404;72768;12;541;24;2;0;06/06/2026;ALEXSANDRO;25
6;9607;HID MONANGE PELE EXTRA SECA 200ML;PERFUMARIA E LIMPEZA;75852;03/06/2026;139404;72768;24;13;24;0;0;03/06/2026;MONIQUE;8
7;1837;PAST DOCILE ROLLY MINTY 29G FRUIT;MERCEARIA;75998;03/06/2026;139850;73068;12;0;60;5;0;;;14
7;3512;FERM PO BIOL GOOD INSTANT SH 10G;MERCEARIA;75998;03/06/2026;139850;73068;30;0;60;2;0;;;71
8;10178;SABON PALMOLIVE NATURALS 85G KARITE;PERFUMARIA E LIMPEZA;75449;03/06/2026;138704;72279;108;3324;108;0;0;05/06/2026;FERNANDO PAZ;60
8;9145;COND SEDA GLYCOL VIT C 425ML;PERFUMARIA E LIMPEZA;75449;03/06/2026;138704;72279;12;21;12;0;0;05/06/2026;FERNANDO PAZ;0
8;36245;CHOC BARRA NESTLE RECH 90G PRESTIG;MERCEARIA;75449;03/06/2026;138704;72279;14;0;14;0;0;04/06/2026;CAROLINA;49
8;16930;CR TRAT CAPILAR HEDERA BABOSA 960G;PERFUMARIA E LIMPEZA;75449;03/06/2026;138704;72279;6;12;12;0;0;05/06/2026;FERNANDO PAZ;0
8;12168;ABS DEFINITY C ABAS C 8;PERFUMARIA E LIMPEZA;75449;03/06/2026;138704;72279;60;1620;60;0;0;05/06/2026;FERNANDO PAZ;-11
8;1847;DROPS FREEGELLS 27 9G VIT C CITRUS;MERCEARIA;75449;03/06/2026;138704;72279;12;0;12;0;0;04/06/2026;CAROLINA;-29
8;37860;CHOC BARRA GAROTO RECH BATON 90G;MERCEARIA;75449;03/06/2026;138704;72279;14;10;14;0;0;04/06/2026;CAROLINA;49
8;3401;BARRA CEREAL RITTER 25G BANANA ZR ACUC;MERCEARIA;75449;03/06/2026;138704;72279;24;0;24;0;0;04/06/2026;CAROLINA;13
8;193;CERV PROVINCIA PILSEN PREM LT 473ML;BEBIDAS;75449;03/06/2026;138704;72279;12;16510;12;1;1;15/06/2026;JOSE ANTONIO;1584
8;7948;SABON PALMOLIVE NATURALS 150G OLEO ARGAN;PERFUMARIA E LIMPEZA;75449;03/06/2026;138704;72279;72;564;72;0;0;05/06/2026;FERNANDO PAZ;37
8;687;ESP GARIBALDI PRIMICIAS GF 660ML ROSE;BEBIDAS;75449;03/06/2026;138704;72279;1;0;4;0;0;04/06/2026;CAROLINA;6
8;1276;CHOC BARRA GAROTO 80G MEIO AMARGO;MERCEARIA;75449;03/06/2026;138704;72279;16;0;64;0;0;04/06/2026;CAROLINA;3
8;1970;DOCE N BONN PACOCA 1KG CASEIRA;MERCEARIA;75626;03/06/2026;138996;72495;12;0;12;1;0;03/06/2026;PAMELA;6
11;2762;FARINHA TRIGO MARIA INES 5KG PASTEL;MERCEARIA;75451;03/06/2026;138705;72288;5;4;5;1;0;;;7
11;16593;CORT UNHA INOX PREMIUM 5 2CM 1PC;PERFUMARIA E LIMPEZA;75451;03/06/2026;138705;72288;1;13;1;0;0;03/06/2026;SUELEN M;3
11;2174;CAPSULA 3C 110G C 10 CAPPUCCIN CLASS;MERCEARIA;75858;03/06/2026;139407;72771;8;15;8;0;0;05/06/2026;KELLER;13
11;1296;CHOC BARRA NESTLE 80G GALAK GALAK;MERCEARIA;75858;03/06/2026;139407;72771;64;1619;320;0;0;03/06/2026;MONIQUE;357
11;1964;BIS LACTA 100 8G LIMAO;MERCEARIA;75858;03/06/2026;139407;72771;65;214;65;1;0;05/06/2026;EVERTON;49
12;3948;AGUA SANIT GOTA LIMPA 1L;PERFUMARIA E LIMPEZA;75453;03/06/2026;138706;72289;12;1452;12;0;0;04/06/2026;FERNANDO.H;3
12;5275;CR DENTAL TANDY 50G MORANGO;PERFUMARIA E LIMPEZA;75453;03/06/2026;138706;72289;12;48;12;0;0;04/06/2026;CAROLINA;51
12;18741;FRALDA DESC FERINHA HIPER C 42 GG;PERFUMARIA E LIMPEZA;75453;03/06/2026;138706;72289;6;8;6;0;0;04/06/2026;CAROLINA;4
12;8306;SH PANTENE 400ML HIDRATACAO;PERFUMARIA E LIMPEZA;75453;03/06/2026;138706;72289;6;120;6;0;0;04/06/2026;JESSICA;5
12;16930;CR TRAT CAPILAR HEDERA BABOSA 960G;PERFUMARIA E LIMPEZA;75453;03/06/2026;138706;72289;6;12;12;0;0;04/06/2026;CAROLINA;0
12;5491;DESINF YPE 500ML BAK LAVANDA;PERFUMARIA E LIMPEZA;75453;03/06/2026;138706;72289;12;252;12;0;0;03/06/2026;MIKAEL;0
12;12183;ABS MILI SUAVE PROT TOT C ABAS C 32;PERFUMARIA E LIMPEZA;75453;03/06/2026;138706;72289;16;64;16;2;2;04/06/2026;FERNANDO.H;0
12;7928;SABONETE LUX 85G LIRIO AZUL;PERFUMARIA E LIMPEZA;75453;03/06/2026;138706;72289;108;972;108;1;1;04/06/2026;CAROLINA;21
12;9588;DESOD SANIT ADES GOTA LIMPA 41G 7D MARINE;PERFUMARIA E LIMPEZA;75453;03/06/2026;138706;72289;12;12;12;0;0;04/06/2026;JESSICA;11
12;6659;LAQUE AERO KARINA 250ML EXTRA FORTE;PERFUMARIA E LIMPEZA;75453;03/06/2026;138706;72289;1;9;1;0;0;04/06/2026;JESSICA;8
12;7796;SABAO BARRA YPE 800G GLICERINA;PERFUMARIA E LIMPEZA;75453;03/06/2026;138706;72289;12;0;12;1;1;03/06/2026;MIKAEL;1
12;3049;ACUCAR MAGRO LIGHT C STEVIA 400G;MERCEARIA;75453;03/06/2026;138706;72289;20;0;20;1;0;;;0
12;23036;SAB LIQ DERMAFEME 200ML FLORAL;PERFUMARIA E LIMPEZA;75453;03/06/2026;138706;72289;24;539;24;1;1;04/06/2026;JESSICA;17
12;6357;INSET MAT INSET RF LV12PG10;PERFUMARIA E LIMPEZA;75453;03/06/2026;138706;72289;100;483;100;0;0;03/06/2026;MIKAEL;58
12;17340;DET LIQ BIO KRISS 500ML CLEAR;PERFUMARIA E LIMPEZA;75453;03/06/2026;138706;72289;24;168;24;0;0;03/06/2026;MIKAEL;0
12;38000;CHOC BARRA NESTLE RECH 90G GALAK;MERCEARIA;75453;03/06/2026;138706;72289;14;813;28;0;0;05/06/2026;JOCELAINE;25
12;12181;ABS MILI MULHER CONFORTO TOT C ABAS C 16UN;PERFUMARIA E LIMPEZA;75453;03/06/2026;138706;72289;24;600;24;0;0;04/06/2026;FERNANDO.H;12
12;23023;SAB LIQ BELEZA AMAZONIA 370ML FRUTAS VRM;PERFUMARIA E LIMPEZA;75453;03/06/2026;138706;72289;12;35;12;0;0;04/06/2026;CAROLINA;7
12;4120;ALVEJ VANISH SH 500ML WHITE;PERFUMARIA E LIMPEZA;75453;03/06/2026;138706;72289;12;420;12;0;0;03/06/2026;MIKAEL;3
12;6877;LIMP M USO YPE 500ML TIRA MANCHAS;PERFUMARIA E LIMPEZA;75453;03/06/2026;138706;72289;12;24;12;1;1;03/06/2026;MIKAEL;12
12;6731;LAVA ROUPA OMO 900ML LAV PERF DOYP;PERFUMARIA E LIMPEZA;75453;03/06/2026;138706;72289;12;3732;12;0;0;03/06/2026;MIKAEL;33
12;2762;FARINHA TRIGO MARIA INES 5KG PASTEL;MERCEARIA;75453;03/06/2026;138706;72289;5;4;5;1;0;;;4
12;9288;DESINF YPE BAK 500ML FLORAL BAK;PERFUMARIA E LIMPEZA;75453;03/06/2026;138706;72289;12;108;24;0;0;03/06/2026;MIKAEL;0
12;9622;INSET MAT INSET MULTI PROMO 360ML INSETICIDA;PERFUMARIA E LIMPEZA;75453;03/06/2026;138706;72289;12;839;36;0;0;03/06/2026;MIKAEL;0
12;12395;AMACIANTE AQUAFAST 2L VERM SED;PERFUMARIA E LIMPEZA;75453;03/06/2026;138706;72289;6;480;12;0;0;03/06/2026;MIKAEL;4
12;21296;ODORIZ AMAZONIA AROM 270ML ALFAZEMA;PERFUMARIA E LIMPEZA;75453;03/06/2026;138706;72289;12;36;12;0;0;03/06/2026;MIKAEL;0
12;4178;AMAC DOWNY 1 5L LIRIOS DO CAMPO;PERFUMARIA E LIMPEZA;75453;03/06/2026;138706;72289;9;957;18;2;2;03/06/2026;MIKAEL;-1
12;5694;DETERG YPE 500ML CLEAR CARE;PERFUMARIA E LIMPEZA;75453;03/06/2026;138706;72289;24;552;96;0;0;03/06/2026;MIKAEL;6
12;5196;CR DEN COLGATE MPA 180G;PERFUMARIA E LIMPEZA;75453;03/06/2026;138706;72289;72;6916;72;0;0;04/06/2026;FERNANDO.H;2
12;18762;FRALDA DESC MILI GIGA G C 78 C 78 G;PERFUMARIA E LIMPEZA;75453;03/06/2026;138706;72289;4;11;8;2;2;04/06/2026;FERNANDO.H;15
12;24643;TCO P PES AMAZONIA 100G MENTOLADO;PERFUMARIA E LIMPEZA;75453;03/06/2026;138706;72289;48;0;48;1;0,021;04/06/2026;JESSICA;3
12;4180;AMAC DOWNY 1L REGULAR INTENSO BRISA;PERFUMARIA E LIMPEZA;75453;03/06/2026;138706;72289;12;117;12;0;0;03/06/2026;MIKAEL;18
12;1289;CHOC BARRA NESTLE 80G PRESTIGIO;MERCEARIA;75860;03/06/2026;139408;72772;64;272;64;0;0;03/06/2026;MONIQUE;155
12;1296;CHOC BARRA NESTLE 80G GALAK GALAK;MERCEARIA;75860;03/06/2026;139408;72772;64;1619;320;0;0;03/06/2026;MONIQUE;245
12;19323;HID MONANGE 200ML IOGURTE C AVEIA;PERFUMARIA E LIMPEZA;75860;03/06/2026;139408;72772;24;0;24;1;1;03/06/2026;MONIQUE;6
12;2449;TRIGO P KIBE JUREIA 500G;MERCEARIA;76004;03/06/2026;139853;73108;12;10;12;1;0;;;12
13;12289;AGUA SANIT IMPERIAL 1L;PERFUMARIA E LIMPEZA;75455;03/06/2026;138707;72290;12;12;12;1;0;;;-6
13;53;AGUA MIN SARANDI 5L S GAS;BEBIDAS;75455;03/06/2026;138707;72290;4;1751;8;5;0;;;55
13;33305;TAPETE BOX OVAL PVC 61X35CM;NAO ALIMENTO;75497;03/06/2026;138728;72383;1;16;1;1;0;03/06/2026;SAMUEL;15
13;15113;CAD ESPI CD 80FLS CARTOGRAFIA SWEETNESS;NAO ALIMENTO;75497;03/06/2026;138728;72383;4;7;4;4;0;03/06/2026;SAMUEL;0
13;15051;CAD ESPI CD 1X1 80FLS DISNEY EMOJI;NAO ALIMENTO;75497;03/06/2026;138728;72383;4;8;4;1;0;03/06/2026;SAMUEL;23
13;15946;CHINELO LA FEMININO VSI06002 03;NAO ALIMENTO;75497;03/06/2026;138728;72383;1;0;1;1;0;03/06/2026;SAMUEL;18
13;22275;PORTA SAB LIQ SANREMO 280ML;NAO ALIMENTO;75497;03/06/2026;138728;72383;1;35;3;3;0;03/06/2026;SAMUEL;22
13;14988;CAD ESPI CD 1 4 80FLS LIGA DA JUSTIC;NAO ALIMENTO;75497;03/06/2026;138728;72383;5;0;5;1;0;03/06/2026;SAMUEL;5
13;35915;CALCULADORA DE MESA 12 DIG;NAO ALIMENTO;75497;03/06/2026;138728;72383;1;45;1;1;0;03/06/2026;SAMUEL;0
13;15033;CAD ESPI CD 10X1 200FLS BRASILIDADE;NAO ALIMENTO;75497;03/06/2026;138728;72383;1;27;2;2;0;03/06/2026;SAMUEL;-10
13;15031;CAD ESPI CD 10X1 160FLS SWEETNESS;NAO ALIMENTO;75497;03/06/2026;138728;72383;4;20;4;1;0;03/06/2026;SAMUEL;12
13;6631;LAMP ELGIN BULBO 9W 6500K 220V;NAO ALIMENTO;75497;03/06/2026;138728;72383;10;8716;10;1;0;03/06/2026;SAMUEL;64
13;12995;BAND BRASIL 60X40;NAO ALIMENTO;75497;03/06/2026;138728;72383;1;5;1;1;0;03/06/2026;SAMUEL;-85
13;17476;DUCHA ENERDUCHA UP4 6800W 220V BCO;NAO ALIMENTO;75497;03/06/2026;138728;72383;1;12;1;1;0;03/06/2026;SAMUEL;11
13;2510;ERVA MATE PONCHE VERDE 500G TRAD;MERCEARIA;75672;03/06/2026;139021;72498;20;100;80;0;0;03/06/2026;LUIS GUILHERME;13
13;2509;ERVA MATE PONCHE VERDE 500G MOIDA GROSSA;MERCEARIA;75672;03/06/2026;139021;72498;20;40;80;4;4;03/06/2026;AUGUSTO;61
13;3512;FERM PO BIOL GOOD INSTANT SH 10G;MERCEARIA;76006;03/06/2026;139854;73110;30;0;60;2;0;;;217
13;2154;CAFE 3C DRIP GOURMET SH 11G DARK ROAST;MERCEARIA;76006;03/06/2026;139854;73110;10;120;20;2;0;;;24
14;53;AGUA MIN SARANDI 5L S GAS;BEBIDAS;75457;03/06/2026;138708;72285;4;1751;40;10;0;;;52
14;156;CERV BUDWEISER LT 473ML;BEBIDAS;75457;03/06/2026;138708;72285;12;8748;240;33;0;;;1103
14;154;CERV BRAHMA DUPLO MALTE LT 473ML;BEBIDAS;75457;03/06/2026;138708;72285;12;3054;48;4;0;;;271
14;2466;SARDINHA COQUEIRO 125G MOLHO DE TOMATE;MERCEARIA;75634;03/06/2026;139000;72499;54;-54;54;1;0;03/06/2026;PAMELA;27
14;2292;ERVILHA BELLA DICA PARTIDA 400GR;PERECIVEIS;75730;03/06/2026;139068;72548;12;324;120;10;0;03/06/2026;ALESSANDRO;240
14;37222;BOMBOM GAROTO FINOS 220G SORTIDOS;MERCEARIA;75864;03/06/2026;139410;72774;30;22641;150;5;0;;;161
14;1966;BIS LACTA 100 8G BLACK;MERCEARIA;75864;03/06/2026;139410;72774;65;0;130;2;0;;;37
17;4146;AMAC CONC COMFORT 1L PURO CUIDADO;PERFUMARIA E LIMPEZA;75459;03/06/2026;138709;72291;12;12;12;0;0;04/06/2026;JESUS;0
17;7883;SABONETE DOVE 90G ORIGINAL;PERFUMARIA E LIMPEZA;75459;03/06/2026;138709;72291;48;15980;1008;7;7;03/06/2026;MIKAEL;2479
17;6738;LAVA ROUPA SURF 900ML 5 EM 1 LAVANDA;PERFUMARIA E LIMPEZA;75459;03/06/2026;138709;72291;12;0;12;0;0;04/06/2026;JESUS;12
17;22796;RATICIDA RODILON ISCA 25G;PERFUMARIA E LIMPEZA;75459;03/06/2026;138709;72291;40;151;40;0;0;03/06/2026;MIKAEL;2
17;13059;BANHEIRA ADOLETA INF 20L ROSA BEBE;PERFUMARIA E LIMPEZA;75459;03/06/2026;138709;72291;1;4;1;0;0;03/06/2026;MIKAEL;2
17;16841;CR DEN COLGATE 90G SENS PRO ALIVIO;PERFUMARIA E LIMPEZA;75459;03/06/2026;138709;72291;48;288;96;0;0;03/06/2026;MIKAEL;-49
17;19803;KIT SH CD PANTENE 300 150ML EQUILIBRIO;PERFUMARIA E LIMPEZA;75459;03/06/2026;138709;72291;6;294;36;0;0;03/06/2026;MIKAEL;-12
17;2762;FARINHA TRIGO MARIA INES 5KG PASTEL;MERCEARIA;75459;03/06/2026;138709;72291;5;4;10;2;0;;;2
17;20144;LIMP MR MUSCULO PLATINUM SH 400ML LAVAND;PERFUMARIA E LIMPEZA;75459;03/06/2026;138709;72291;12;0;12;0;0;04/06/2026;JESUS;10
17;5229;CR DEN COLGATE L180 P140 TRI MENTA;PERFUMARIA E LIMPEZA;75459;03/06/2026;138709;72291;72;5184;72;1;1;03/06/2026;MIKAEL;3
17;8001;SABONETE SENADOR 130G;PERFUMARIA E LIMPEZA;75459;03/06/2026;138709;72291;72;0;72;0;0;03/06/2026;MIKAEL;-25
17;18815;FRALDA PAMPERS SUPERSEQUINHA C 68 M;PERFUMARIA E LIMPEZA;75459;03/06/2026;138709;72291;4;114;4;1;1;03/06/2026;MIKAEL;9
17;36660;BLOQ ODORES AMAZON 60ML CAPIM LIMAO;PERFUMARIA E LIMPEZA;75459;03/06/2026;138709;72291;12;0;12;0;0;03/06/2026;MIKAEL;7
17;5275;CR DENTAL TANDY 50G MORANGO;PERFUMARIA E LIMPEZA;75459;03/06/2026;138709;72291;12;48;12;0;0;03/06/2026;MIKAEL;22
17;16844;CR DEN COLGATE T ACAO XTRA 120G WHITE;PERFUMARIA E LIMPEZA;75459;03/06/2026;138709;72291;72;252;72;1;1;03/06/2026;MIKAEL;-32
17;38400;BOM AR ELET LIQ FRAMB JAS RF 16ML;PERFUMARIA E LIMPEZA;75459;03/06/2026;138709;72291;1;2;1;0;0;04/06/2026;JESUS;5
17;34831;MASC TRATAMENTO SEDA 300G LISO PERFEITO;PERFUMARIA E LIMPEZA;75459;03/06/2026;138709;72291;6;186;6;1;1;03/06/2026;MIKAEL;7
17;4176;AMAC DOWNY 1 5L BRISA DE VERAO;PERFUMARIA E LIMPEZA;75459;03/06/2026;138709;72291;9;1444;27;0;0;04/06/2026;JESUS;18
17;17341;DET LIQ BIO KRISS 500ML NEUTRO;PERFUMARIA E LIMPEZA;75459;03/06/2026;138709;72291;24;857;168;0;0;04/06/2026;JESUS;-143
17;1966;BIS LACTA 100 8G BLACK;MERCEARIA;75866;03/06/2026;139411;72775;65;0;130;2;0;;CAROLINA;181
17;37222;BOMBOM GAROTO FINOS 220G SORTIDOS;MERCEARIA;75866;03/06/2026;139411;72775;30;22641;150;5;0;;CAROLINA;33
18;25105;VASSOURA DONA DA CASA C CABO;PERFUMARIA E LIMPEZA;75461;03/06/2026;138710;72284;12;22;12;1;0;03/06/2026;SUELEN M;4
18;2762;FARINHA TRIGO MARIA INES 5KG PASTEL;MERCEARIA;75461;03/06/2026;138710;72284;5;4;10;2;0;;;3
18;2361;FEIJAO VERMELHO ARBAZA 500G;MERCEARIA;75638;03/06/2026;139002;72501;12;980;60;5;0;03/06/2026;LUIS GUILHERME;0
18;2465;SARDINHA C OLEO G COSTA LT 125G OLEO;MERCEARIA;75638;03/06/2026;139002;72501;50;0;50;0;0;03/06/2026;MARCOS M;73
18;2090;CHA PRENDA 18G FUNCHO;MERCEARIA;75638;03/06/2026;139002;72501;20;460;20;0;0;03/06/2026;MARCOS M;3
18;2910;MOLHO PIMENTA EXTREMO SABOR 250ML;MERCEARIA;75638;03/06/2026;139002;72501;12;256;24;0;0;03/06/2026;MARCOS M;0
18;2416;PEPINO CONSERVA DA SERRA SH 150G;MERCEARIA;75638;03/06/2026;139002;72501;12;504;60;0;0;03/06/2026;MARCOS M;3
18;2510;ERVA MATE PONCHE VERDE 500G TRAD;MERCEARIA;75678;03/06/2026;139024;72501;20;100;40;2;0;03/06/2026;LUIS GUILHERME;39
1;6795;LEITE UHT TIROL 1L ZERO LAC;PERECIVEIS;76170;04/06/2026;140164;73066;12;0;12;1;0;;;-10
1;9756;LEITE TIROL INTEGRAL ZR LACTOSE 1L;PERECIVEIS;76170;04/06/2026;140164;73066;12;17;12;1;0;;;7
1;31471;MAIONESE BISN VAL PET 930G;MERCEARIA;76198;04/06/2026;140178;73066;9;243;9;1;0;;;0
1;302;VH SANGUE BOI TINTO 4L SC;BEBIDAS;76198;04/06/2026;140178;73066;2;4;2;1;0;;;2
1;1435;BISC RECH GLUB 100G MORANGO;MERCEARIA;76198;04/06/2026;140178;73066;30;2610;30;1;0;;;44
1;2020;CAFE VACUO MELITTA 500G EXTRA FORTE;MERCEARIA;76198;04/06/2026;140178;73066;20;360;20;1;0;;;2
1;2109;CAFE SOL NESCAFE SH 40G ORIGINAL;MERCEARIA;76198;04/06/2026;140178;73066;24;23;24;1;0;;;9
1;2534;DOCE DIFRUTTI 1 010KG MORANGO;MERCEARIA;76198;04/06/2026;140178;73066;6;18;6;1;0;;;3
1;3657;LEITE COCO TRISANTI 200ML;MERCEARIA;76198;04/06/2026;140178;73066;12;12;12;1;0;;;8
1;20810;MILHO PIPOCA ARBAZA PREMIUM 400G;MERCEARIA;76198;04/06/2026;140178;73066;12;32;12;1;0;;;4
1;704;SUCO NECTAR CBS TP 1L ABACAXI;BEBIDAS;76198;04/06/2026;140178;73066;12;9;12;1;0;;;12
1;1425;BISC MARIA GERMANI 345G CHOC;MERCEARIA;76198;04/06/2026;140178;73066;20;180;20;1;0;;;3
1;3679;LEITE COND ITALAC TP 395G SEMIDESNATADO;MERCEARIA;76198;04/06/2026;140178;73066;27;0;27;1;0;;;244
1;22794;RATICIDA RATICID GRANULADO 25G;PERFUMARIA E LIMPEZA;76198;04/06/2026;140178;73066;480;0;480;1;0;06/06/2026;MONIQUE;289
1;1565;BISC SALG TUCS 100G SALAMINHO;MERCEARIA;76198;04/06/2026;140178;73066;30;60;30;1;0;;;26
1;1656;WAFFER ISABELA 100G CHOC;MERCEARIA;76198;04/06/2026;140178;73066;40;0;40;1;0;;;21
1;783;ACHOC PO NESCAU SH 2 01KG;MERCEARIA;76198;04/06/2026;140178;73066;4;7;12;3;0;;;0
1;2491;KETCHUP ODERICH BISNAG 200G TRAD;MERCEARIA;76198;04/06/2026;140178;73066;24;120;24;1;0;;;1
1;2736;MOLHO ALHO ADIGEL GF 900ML;MERCEARIA;76198;04/06/2026;140178;73066;12;144;12;1;0;;;5
1;15622;CATCHUP BISN KETDOG 1K;MERCEARIA;76198;04/06/2026;140178;73066;12;408;12;1;0;;;1
1;27;REFRE PO TRINK 15G MANGA;BEBIDAS;76198;04/06/2026;140178;73066;150;21900;150;1;0;;;81
1;1403;BISC LEITE BAUDUCCO 335G GOTAS CHOC;MERCEARIA;76198;04/06/2026;140178;73066;24;0;24;1;0;;;12
1;1541;COBER COBERTOP 1 01KG CONF BLEND;MERCEARIA;76198;04/06/2026;140178;73066;10;20;10;0;0;10/06/2026;JOCELAINE;7
1;2589;GOIABADA VAL 1 100KG;MERCEARIA;76198;04/06/2026;140178;73066;12;45;12;1;0;;;1
1;3705;MIST P BOLO APTI 400G COCO;MERCEARIA;76198;04/06/2026;140178;73066;12;131;12;1;0;;;-11
1;3680;LEITE COND TRIANGULO TP 395G;MERCEARIA;76198;04/06/2026;140178;73066;27;84;27;1;0;;;0
1;1662;WAFER PARATI MEGA 105G MORANGO;MERCEARIA;76198;04/06/2026;140178;73066;30;0;30;1;0;;;15
1;23371;SALG KRUKS 35G CHURRASCO;MERCEARIA;76198;04/06/2026;140178;73066;10;69;10;1;0;;;2
1;3709;MIST P BOLO APTI 400G LIMAO;MERCEARIA;76198;04/06/2026;140178;73066;12;68;12;1;0;;;16
1;896;REFRIG FANTA LARANJA LT 350ML;BEBIDAS;76198;04/06/2026;140178;73066;6;846;24;4;0;;;16
1;784;REFRIG ANTARCTICA GUARANA PET 2L;BEBIDAS;76198;04/06/2026;140178;73066;8;35;8;1;0;;;39
1;392;ENERG MONSTER LT 473ML MANGO LOCO;BEBIDAS;76198;04/06/2026;140178;73066;6;184;6;1;0;;;0
1;540;ICE SMIRNOFF LN 275ML LIMAO;BEBIDAS;76198;04/06/2026;140178;73066;24;24;24;1;0;;;17
1;3251;SALG KEVYTOS SHOW 38G CEBOLA;MERCEARIA;76198;04/06/2026;140178;73066;20;109;20;1;0;;;7
1;24381;SIDRA GOTA PRATA 660ML ROSE;BEBIDAS;76198;04/06/2026;140178;73066;12;0;12;1;0;;;2
1;2028;CAFE VACUO MELITTA 250G TRAD;MERCEARIA;76198;04/06/2026;140178;73066;20;840;20;1;0;;;9
1;2503;MARROM GLACE VAL 300G;MERCEARIA;76198;04/06/2026;140178;73066;24;11;24;1;0;;;10
2;21692;PAPEL HIG NATUPEL PREM FS 30M C 4;PERFUMARIA E LIMPEZA;76200;04/06/2026;140179;73105;16;160;32;0;0;09/06/2026;ELIAS;6
2;6210;DESOD SANIT ADES GOTA LIMPA 41G 7D LAVANDA;PERFUMARIA E LIMPEZA;76200;04/06/2026;140179;73105;12;24;12;1;0;;;6
2;35674;SAB IARA 300G;PERFUMARIA E LIMPEZA;76200;04/06/2026;140179;73105;28;0;28;1;0;;;0
2;8868;AROMAT COALA CONC 120ML LAVANDA;PERFUMARIA E LIMPEZA;76200;04/06/2026;140179;73105;24;192;24;1;0;;;4
2;9607;HID MONANGE PELE EXTRA SECA 200ML;PERFUMARIA E LIMPEZA;76200;04/06/2026;140179;73105;24;13;24;1;0;;;20
2;21691;PAPEL HIG NATUPEL FD 20M C 12;PERFUMARIA E LIMPEZA;76200;04/06/2026;140179;73105;6;48;18;0;0;09/06/2026;ELIAS;65
2;7875;SABONETE DOVE 90G ERVA DOCE;PERFUMARIA E LIMPEZA;76200;04/06/2026;140179;73105;48;8193;48;1;0;;;23
2;35127;TOALHA UMED BEBE LIMPINHO C45;PERFUMARIA E LIMPEZA;76200;04/06/2026;140179;73105;24;336;24;1;0;;;102
2;7009;LOCAO HIDRATANTE DENOMAX 470G CENOURA URUCUM;PERFUMARIA E LIMPEZA;76200;04/06/2026;140179;73105;12;0;12;1;0;;;-1
2;5653;DESOD ROLLON NIVEA 50ML FM IN B W CLEAR;PERFUMARIA E LIMPEZA;76200;04/06/2026;140179;73105;12;180;12;1;0;;;4
2;2273;CANJICA BRANCA CBS 400G;MERCEARIA;76200;04/06/2026;140179;73105;12;0;12;1;0;;;1
2;5355;CREME BARBA BOZZANO 65G ALOE VERA;PERFUMARIA E LIMPEZA;76200;04/06/2026;140179;73105;1;0;4;0;0;;;0
2;10235;SH CLEAR MEN ANTIC 200ML ICE COOL MENTHO;PERFUMARIA E LIMPEZA;76200;04/06/2026;140179;73105;12;0;12;1;0;;;17
2;78;AGUA SABORIZ H2OH PET 500ML LIMAO;BEBIDAS;76200;04/06/2026;140179;73105;12;24;12;1;0;;;0
3;6996;LOC HID MONANGE 200ML FLOR DE LAVANDA;PERFUMARIA E LIMPEZA;76202;04/06/2026;140180;73070;24;48;24;2;0;;;-8
3;6708;LAVA ROUPA GIRANDO SOL 2L HIPOALERGINO;PERFUMARIA E LIMPEZA;76202;04/06/2026;140180;73070;6;1;6;1;0;;;36
3;20146;LIMP PERF COALA ESSENCIA 120ML ALGAS;PERFUMARIA E LIMPEZA;76202;04/06/2026;140180;73070;24;192;48;2;0;;;5
3;21693;PAPEL HIG NATUPEL PREM FS 60M C 4;PERFUMARIA E LIMPEZA;76202;04/06/2026;140180;73070;16;119;16;0;0;05/06/2026;WILLIAN MATEUS;19
3;12279;AGUA OXIG BUTTERF 30V 100ML;PERFUMARIA E LIMPEZA;76202;04/06/2026;140180;73070;12;24;24;2;0;;;24
3;24639;TCO CORP JAYLUC 80G ROSAS;PERFUMARIA E LIMPEZA;76202;04/06/2026;140180;73070;12;12;12;1;0;;;11
3;20434;MAMAD LOLLY CLEAN 250ML;PERFUMARIA E LIMPEZA;76202;04/06/2026;140180;73070;6;0;6;6;0;;;4
3;6750;LEITE DE COLONIA 100ML FINAL FANTAS;PERFUMARIA E LIMPEZA;76202;04/06/2026;140180;73070;36;2;36;1;0;;;19
3;21137;MOLUSC MADELESMA RES UMED LESMAS 250G;PERFUMARIA E LIMPEZA;76202;04/06/2026;140180;73070;4;0;4;1;0;;;6
3;34564;CREME JOAO E MARIA 40G P ASSADURA;PERFUMARIA E LIMPEZA;76202;04/06/2026;140180;73070;1;7;26;26;0;;;-14
3;6931;LIMP UAU 500ML REQUINTE;PERFUMARIA E LIMPEZA;76202;04/06/2026;140180;73070;24;24;24;2;0;;;0
3;7228;OLEO AROM COALA 120ML PINHO;PERFUMARIA E LIMPEZA;76202;04/06/2026;140180;73070;24;168;24;1;0;;;60
3;4256;AP PRESTOBARBA ULTRAGRIP 3L CART2UN;PERFUMARIA E LIMPEZA;76202;04/06/2026;140180;73070;1;1;2;2;0;;;1
3;6850;LIMP BANHEIRO VEJA X14 400ML TIRA LIMO REFIL;PERFUMARIA E LIMPEZA;76202;04/06/2026;140180;73070;12;12;12;1;0;;;1
3;9754;HID LEITE PAIXAO 200ML FRAMB NEGRA;PERFUMARIA E LIMPEZA;76202;04/06/2026;140180;73070;24;11;24;1;0;;;3
3;5492;DESINF YPE 500ML PINHO TRADICAO;PERFUMARIA E LIMPEZA;76202;04/06/2026;140180;73070;12;4;12;1;0;;;-11
3;18772;FRALDA DESC PAMPERS PANTS C 32 XG;PERFUMARIA E LIMPEZA;76202;04/06/2026;140180;73070;4;4;4;1;0;;;0
3;23134;SABAO CONVENC ZAVASKI C 5 200G;PERFUMARIA E LIMPEZA;76202;04/06/2026;140180;73070;10;122;10;1;0;;;9
3;21787;PEDRA POMES STA CLARA R 199;PERFUMARIA E LIMPEZA;76202;04/06/2026;140180;73070;6;0;6;1;0;;;-5
3;10180;SAB POMPOM 80G GLICERINADO;PERFUMARIA E LIMPEZA;76202;04/06/2026;140180;73070;12;2952;12;1;0;;;27
3;12531;AP GILLETTE PROBAK C 2;PERFUMARIA E LIMPEZA;76202;04/06/2026;140180;73070;14;0;14;1;0;;;129
3;6207;GEL ADES PATO AP RF PROMO 38G MARINE;PERFUMARIA E LIMPEZA;76202;04/06/2026;140180;73070;12;192;24;2;0;;;-40
3;7677;REPELENTE LOCAO OFF 100ML;PERFUMARIA E LIMPEZA;76202;04/06/2026;140180;73070;12;0;12;1;0;;;10
3;16903;CR NIVEA LT 56G;PERFUMARIA E LIMPEZA;76202;04/06/2026;140180;73070;1;16;10;10;0;;;-2
3;5032;COND PANTENE 175ML RESTAUR PROFUND;PERFUMARIA E LIMPEZA;76202;04/06/2026;140180;73070;6;4;6;1;0;;;1
3;5842;ESC DENTAL ORAL B COMPL LV2 PG1;PERFUMARIA E LIMPEZA;76202;04/06/2026;140180;73070;1;5;1;2;0;;;7
3;21674;PAPEL HIG FOFOLETTE FS 30M C 12;PERFUMARIA E LIMPEZA;76202;04/06/2026;140180;73070;6;125;30;0;0;05/06/2026;WILLIAN MATEUS;0
3;17025;CURATIVO COTTONBABY 10UN TRAD;PERFUMARIA E LIMPEZA;76202;04/06/2026;140180;73070;36;218;36;1;0;;;-22
3;17204;DESINF PINHO SOL 1 75L ORIG;PERFUMARIA E LIMPEZA;76202;04/06/2026;140180;73070;6;449;6;1;0;;;26
3;4174;AMAC CONC FOFO LV500 PG400ML AZUL TUDAO;PERFUMARIA E LIMPEZA;76202;04/06/2026;140180;73070;12;228;12;1;0;;;15
3;17178;DESINF GOTA LIMPA 500ML EUCALIPTO;PERFUMARIA E LIMPEZA;76202;04/06/2026;140180;73070;12;12;24;2;0;;;-55
3;5413;DESENG CIF 450ML DOYP;PERFUMARIA E LIMPEZA;76202;04/06/2026;140180;73070;15;15;15;1;0;;;4
3;6925;LIMP TIRA LIM CIF 500ML CLORO SPRAY;PERFUMARIA E LIMPEZA;76202;04/06/2026;140180;73070;12;60;12;1;0;;;15
3;7416;PEDRA SANITARIA GLADE 25G 25% DESC LAVANDA;PERFUMARIA E LIMPEZA;76202;04/06/2026;140180;73070;48;48;48;1;0;;;13
3;5427;DESENG VEJA SQZ LV500PG400ML LIMAO;PERFUMARIA E LIMPEZA;76202;04/06/2026;140180;73070;24;24;24;1;0;;;15
3;6686;LAVA ROUPA ARIEL 1 2L CONCENTRADO DOWNY;PERFUMARIA E LIMPEZA;76202;04/06/2026;140180;73070;6;97;18;18;0;;;0
3;17549;EMB PRATICA GABOARDI 3KG;NAO ALIMENTO;76240;04/06/2026;140199;73129;25;50;50;0;0;10/06/2026;RAMIRES;-24
3;6631;LAMP ELGIN BULBO 9W 6500K 220V;NAO ALIMENTO;76240;04/06/2026;140199;73129;10;8716;20;3;3;10/06/2026;RAMIRES;229
3;35020;DUCHA GORDUCHA ZAFONEL 4T 220V;NAO ALIMENTO;76240;04/06/2026;140199;73129;1;14;2;0;0;10/06/2026;RAMIRES;-2
3;17550;EMB PRATICA GABOARDI 5KG;NAO ALIMENTO;76240;04/06/2026;140199;73129;25;75;50;0;0;10/06/2026;RAMIRES;21
3;9503;FACA TRAMONTINA CHURRASCO 4 LEME VERMELHA;NAO ALIMENTO;76240;04/06/2026;140199;73129;60;180;180;4;4;10/06/2026;RAMIRES;33
3;15033;CAD ESPI CD 10X1 200FLS BRASILIDADE;NAO ALIMENTO;76240;04/06/2026;140199;73129;1;27;2;0;0;10/06/2026;RAMIRES;-48
3;17476;DUCHA ENERDUCHA UP4 6800W 220V BCO;NAO ALIMENTO;76240;04/06/2026;140199;73129;1;12;1;0;0;10/06/2026;RAMIRES;29
3;19356;INCENSO FLUTE C 8 SAL GROSSO;NAO ALIMENTO;76240;04/06/2026;140199;73129;25;450;25;1;1;10/06/2026;RAMIRES;65
3;22275;PORTA SAB LIQ SANREMO 280ML;NAO ALIMENTO;76240;04/06/2026;140199;73129;1;35;3;0;0;10/06/2026;RAMIRES;16
3;33305;TAPETE BOX OVAL PVC 61X35CM;NAO ALIMENTO;76240;04/06/2026;140199;73129;1;16;1;0;0;10/06/2026;RAMIRES;3
3;19358;INCENSO FLUTE C 8 SETE ERVAS;NAO ALIMENTO;76240;04/06/2026;140199;73129;25;0;25;1;1;10/06/2026;RAMIRES;119
3;36297;CANETA ESF TRIGLOW LYKE C 10 CORES;NAO ALIMENTO;76240;04/06/2026;140199;73129;10;20;10;0;0;10/06/2026;RAMIRES;33
3;17012;CUIA PINTADA S/TAPA ERVA;NAO ALIMENTO;76240;04/06/2026;140199;73129;1;5;1;0;0;10/06/2026;RAMIRES;-4
3;14985;CAD ESPI CD 1 4 80FLS FROZEN;NAO ALIMENTO;76240;04/06/2026;140199;73129;5;19;5;0;0;10/06/2026;RAMIRES;15
3;35870;GARFO SOBREMESA FORFEST 25UN PRT;NAO ALIMENTO;76240;04/06/2026;140199;73129;32;32;32;0;0;10/06/2026;RAMIRES;-44
3;25417;VESTIDO CAIPIRA TAM P;NAO ALIMENTO;76240;04/06/2026;140199;73129;1;26;5;0;0;10/06/2026;RAMIRES;-3
3;15115;CAD ESPI CD 80FLS CARTOGRAFIA T DUDA;NAO ALIMENTO;76240;04/06/2026;140199;73129;4;5;4;0;0;10/06/2026;RAMIRES;25
3;18913;GARFO REFEICAO FORFEST PREM 25UN BCO;NAO ALIMENTO;76240;04/06/2026;140199;73129;20;40;20;0;0;10/06/2026;RAMIRES;-38
5;9145;COND SEDA GLYCOL VIT C 425ML;PERFUMARIA E LIMPEZA;76204;04/06/2026;140181;73067;12;21;12;1;0;;;0
5;38562;KIT SH CD NEUTROX 300ML 200ML FORCA;PERFUMARIA E LIMPEZA;76204;04/06/2026;140181;73067;12;0;12;2;0;;;0
5;38563;KIT SH CD NEUTROX 300ML 200ML OLEOS;PERFUMARIA E LIMPEZA;76204;04/06/2026;140181;73067;12;60;12;2;0;;;0
5;10177;SABON PALMOLIVE NATURALS 85G LEITE ROSAS;PERFUMARIA E LIMPEZA;76204;04/06/2026;140181;73067;108;432;108;1;0;;;96
5;6997;LOC HID MONANGE 200ML FRUTAS VERMELHA;PERFUMARIA E LIMPEZA;76204;04/06/2026;140181;73067;24;24;24;1;0;;;7
5;5250;CR DENT CLOSE UP 70G TRIPLE HORTELA;PERFUMARIA E LIMPEZA;76204;04/06/2026;140181;73067;72;0;72;1;0;;;1
5;12168;ABS DEFINITY C ABAS C 8;PERFUMARIA E LIMPEZA;76204;04/06/2026;140181;73067;60;1620;60;1;0;;;1
5;34979;SAB MARAN SUAVE 80G AMENDOAS;PERFUMARIA E LIMPEZA;76204;04/06/2026;140181;73067;108;21391;108;1;0;;;24
5;20810;MILHO PIPOCA ARBAZA PREMIUM 400G;MERCEARIA;76204;04/06/2026;140181;73067;12;32;12;1;0;;;-5
5;7950;SABON PALMOLIVE NATURALS 150G TURMALINA;PERFUMARIA E LIMPEZA;76204;04/06/2026;140181;73067;72;-72;144;2;0;;;3
6;10201;SABAO BARRA GIRANDO SOL TR MANC100G;PERFUMARIA E LIMPEZA;76206;04/06/2026;140182;73103;28;28;28;1;0;;;23
6;9743;LOCAO LEITE DE COLONIA LIMP 100ML TEMPO DE AMAR;PERFUMARIA E LIMPEZA;76206;04/06/2026;140182;73103;36;0;36;1;0;;;13
6;6342;INSET AERO RAID 420ML EUCALIPTO;PERFUMARIA E LIMPEZA;76206;04/06/2026;140182;73103;12;132;24;2;0;;;90
6;5432;DESINF AQUAFAST HARMONIA 2L PAIXAO;PERFUMARIA E LIMPEZA;76206;04/06/2026;140182;73103;6;360;12;2;0;;;6
6;24366;KIT SH CD COTTONBABY SNOOPY 200ML GOTAS CAMOMILA;PERFUMARIA E LIMPEZA;76206;04/06/2026;140182;73103;6;6;6;1;0;;;2
6;18741;FRALDA DESC FERINHA HIPER C 42 GG;PERFUMARIA E LIMPEZA;76206;04/06/2026;140182;73103;6;8;6;1;0;;;0
6;3628;SAL GROSSO CBS 1KG;MERCEARIA;76206;04/06/2026;140182;73103;15;0;90;6;0;;;45
6;6731;LAVA ROUPA OMO 900ML LAV PERF DOYP;PERFUMARIA E LIMPEZA;76206;04/06/2026;140182;73103;12;3732;24;2;0;;;-8
6;6997;LOC HID MONANGE 200ML FRUTAS VERMELHA;PERFUMARIA E LIMPEZA;76206;04/06/2026;140182;73103;24;24;24;1;0;;;26
6;5291;CR PENT MONANGE 300ML CACHOS QUE TAL;PERFUMARIA E LIMPEZA;76206;04/06/2026;140182;73103;12;0;12;1;0;;;5
6;19791;KIT SH CD NEUTROX 300ML 200ML CLASSICO;PERFUMARIA E LIMPEZA;76206;04/06/2026;140182;73103;12;464;12;1;0;;;12
6;9589;GEL ADES HIGISOL LAVANDA;PERFUMARIA E LIMPEZA;76206;04/06/2026;140182;73103;12;0;12;1;0;;;5
6;5524;DESOD AERO BOZZANO 90G EXTREME;PERFUMARIA E LIMPEZA;76206;04/06/2026;140182;73103;12;444;12;1;0;;;9
6;5522;DESOD AERO BOZZANO 90G DRY;PERFUMARIA E LIMPEZA;76206;04/06/2026;140182;73103;12;324;12;1;0;;;14
6;9794;LIMP UAU PERFUMES 500ML NATUREZA HARMON;PERFUMARIA E LIMPEZA;76206;04/06/2026;140182;73103;24;0;24;1;0;;;-8
6;38563;KIT SH CD NEUTROX 300ML 200ML OLEOS;PERFUMARIA E LIMPEZA;76206;04/06/2026;140182;73103;12;60;12;2;0;;;0
6;8397;SH VINI LADY 325ML BRILHO INTENSO;PERFUMARIA E LIMPEZA;76206;04/06/2026;140182;73103;12;0;12;1;0;;;8
6;7925;SABONETE LUX 85G FLOR DE LOTUS;PERFUMARIA E LIMPEZA;76206;04/06/2026;140182;73103;108;2052;108;1;0;;;94
6;5654;DESOD ROLLON NIVEA 50ML M INV B/W POWER;PERFUMARIA E LIMPEZA;76206;04/06/2026;140182;73103;12;180;12;1;0;;;4
6;7942;SABON PALMOLIVE NATURALS 150G GELEIA REAL;PERFUMARIA E LIMPEZA;76206;04/06/2026;140182;73103;72;492;72;1;0;;;16
6;21296;ODORIZ AMAZONIA AROM 270ML ALFAZEMA;PERFUMARIA E LIMPEZA;76206;04/06/2026;140182;73103;12;36;12;1;0;;;12
6;23162;SABAO ZAVASKI GLIC LIMAO C 5 200G;PERFUMARIA E LIMPEZA;76206;04/06/2026;140182;73103;10;248;10;1;0;;;0
6;6929;LIMP UAU 500ML FLORES SEDUCAO;PERFUMARIA E LIMPEZA;76206;04/06/2026;140182;73103;24;120;24;1;0;;;7
6;18738;FRALDA DESC BABYSEC ULTSEC MEGA M 38 UN;PERFUMARIA E LIMPEZA;76206;04/06/2026;140182;73103;6;54;6;1;0;;;2
6;9231;CR TRAT VINI LADY SC 700G COCO NUTRICAO;PERFUMARIA E LIMPEZA;76206;04/06/2026;140182;73103;12;6;12;1;0;;;2
6;21693;PAPEL HIG NATUPEL PREM FS 60M C 4;PERFUMARIA E LIMPEZA;76206;04/06/2026;140182;73103;16;119;48;0;0;09/06/2026;ELIAS;0
6;8043;SAPOLIO CREMOSO YPE 300ML ORIGINAL;PERFUMARIA E LIMPEZA;76206;04/06/2026;140182;73103;24;48;24;1;0;;;21
6;5694;DETERG YPE 500ML CLEAR CARE;PERFUMARIA E LIMPEZA;76206;04/06/2026;140182;73103;24;552;96;4;0;;;46
6;38562;KIT SH CD NEUTROX 300ML 200ML FORCA;PERFUMARIA E LIMPEZA;76206;04/06/2026;140182;73103;12;0;12;1;0;;;12
6;5355;CREME BARBA BOZZANO 65G ALOE VERA;PERFUMARIA E LIMPEZA;76206;04/06/2026;140182;73103;1;0;4;0;0;;;0
6;12323;ALCOOL SUPER VALE 46 1L LAVANDA;PERFUMARIA E LIMPEZA;76206;04/06/2026;140182;73103;12;743;12;1;0;;;8
6;15726;CERA LIQ ANDREIA AUTO BR 750ML INC;PERFUMARIA E LIMPEZA;76206;04/06/2026;140182;73103;12;34;12;1;0;;;7
6;3948;AGUA SANIT GOTA LIMPA 1L;PERFUMARIA E LIMPEZA;76206;04/06/2026;140182;73103;12;1452;12;1;0;;;14
6;22796;RATICIDA RODILON ISCA 25G;PERFUMARIA E LIMPEZA;76206;04/06/2026;140182;73103;40;151;40;1;0;;;0
6;34976;SAB MARAN SUAVE 80G ERVA DOCE;PERFUMARIA E LIMPEZA;76206;04/06/2026;140182;73103;108;25164;108;1;0;;;71
6;10106;REMOV ESM JAY LUC 100ML ARGAN;PERFUMARIA E LIMPEZA;76206;04/06/2026;140182;73103;24;359;24;1;0;;;4
6;8203;KIT ELSEVE SH COND 375ML 170ML OLEO EXTR;PERFUMARIA E LIMPEZA;76206;04/06/2026;140182;73103;6;19;6;1;0;;;3
6;9622;INSET MAT INSET MULTI PROMO 360ML INSETICIDA;PERFUMARIA E LIMPEZA;76206;04/06/2026;140182;73103;12;839;24;2;0;;;-10
6;33674;LIMP PERF SAIF CONCENTRADO 120ML BAMBU;PERFUMARIA E LIMPEZA;76206;04/06/2026;140182;73103;12;72;12;1;0;;;8
6;23135;SABAO FONT COCO 200G;PERFUMARIA E LIMPEZA;76206;04/06/2026;140182;73103;36;0;36;1;0;;;24
6;6893;LIMP MULTI UAU 500ML LIMAO C/CANFORA;PERFUMARIA E LIMPEZA;76206;04/06/2026;140182;73103;24;72;48;2;0;;;2
6;4893;SH ANTIC CLEAR L400P330 LIM DIAR 2 1;PERFUMARIA E LIMPEZA;76206;04/06/2026;140182;73103;12;115;12;1;0;;;1
6;10172;SAB LIQ SENSUS LUXO RF 220ML SEDUCAO;PERFUMARIA E LIMPEZA;76206;04/06/2026;140182;73103;18;306;18;1;0;;;16
6;10474;LIMP YPE PERFUMADO 500ML AZUL TROPICAL;PERFUMARIA E LIMPEZA;76206;04/06/2026;140182;73103;24;0;24;1;0;;;-2
6;3904;ABS MILI PROT TOTAL 16UN C ABAS SUAVE;PERFUMARIA E LIMPEZA;76206;04/06/2026;140182;73103;24;72;24;1;0;;;-2
6;5293;CR PENT MONANGE 300ML LISOS TE QUERO;PERFUMARIA E LIMPEZA;76206;04/06/2026;140182;73103;12;0;12;1;0;;;5
6;22117;POM MASSAG BIO FISIOFORT PREMIUM 150ML;PERFUMARIA E LIMPEZA;76206;04/06/2026;140182;73103;12;12;12;1;0;;;13
6;17340;DET LIQ BIO KRISS 500ML CLEAR;PERFUMARIA E LIMPEZA;76206;04/06/2026;140182;73103;24;168;24;2;0;;;44
7;1847;DROPS FREEGELLS 27 9G VIT C CITRUS;MERCEARIA;76208;04/06/2026;140183;73068;12;0;12;1;0;;;9
7;1849;DROPS FREEGELLS 27 9G EXTRA FORTE;MERCEARIA;76208;04/06/2026;140183;73068;12;0;12;1;0;;;7
7;1894;DROPS FREEGELLS 27 6G CEREJA CHOC;MERCEARIA;76208;04/06/2026;140183;73068;12;228;12;1;0;;;20
7;614;VODKA INTENCION PET 900ML;BEBIDAS;76208;04/06/2026;140183;73068;6;174;6;1;0;;;10
7;3433;SOPA CARNE MAGGI 63G CONCHINHAS;MERCEARIA;76208;04/06/2026;140183;73068;10;0;10;1;0;;;11
7;1740;CHICLE FREEGELLS GUM 8G MORANGO;MERCEARIA;76208;04/06/2026;140183;73068;15;8680;45;3;0;;;27
7;2917;MASSA C OVOS ISABELA 500G MACARRAO;MERCEARIA;76208;04/06/2026;140183;73068;16;20;16;1;0;;;0
7;2940;MASSA S OVOS NORDESTE 1KG ESPAGUETE;MERCEARIA;76208;04/06/2026;140183;73068;15;24;15;1;0;;;1
7;3443;SOPAO APTI 180G GALINHA VEGET;MERCEARIA;76208;04/06/2026;140183;73068;12;119;72;6;0;;;20
7;3674;TEMP MAGGI TEMPERO E SABOR 50G CARNES;MERCEARIA;76208;04/06/2026;140183;73068;48;0;48;2;0;;;-61
7;4046;ALIM GATO FRISKIES 85G CORDEIR AO MOLH;PRODUTOS PET;76208;04/06/2026;140183;73068;15;645;15;1;0;;;49
7;382;BEB MISTA TAMPICO PET 2L FRUTAS CITRICAS;BEBIDAS;76208;04/06/2026;140183;73068;6;269;6;1;0;;;5
7;882;REFRIG FRUKI GUARAN LT 350ML GUARANA ZERO;BEBIDAS;76208;04/06/2026;140183;73068;12;0;12;1;0;;;0
7;3384;CALDO GALINHA APTI 57G;MERCEARIA;76208;04/06/2026;140183;73068;120;0;120;1;0;;;0
7;647;WHISKY GREEN VALLEY VD 1L;BEBIDAS;76208;04/06/2026;140183;73068;1;0;1;1;0;;;1
7;3399;CALDO APTI 57G BACON;MERCEARIA;76208;04/06/2026;140183;73068;10;0;220;22;0;;;2
7;3453;SOPAO MAGGI 200G GALINHA LEGUMES;MERCEARIA;76208;04/06/2026;140183;73068;24;24;24;1;0;;;15
7;20365;MAC INST NISSIN TALH 99G FGO;MERCEARIA;76208;04/06/2026;140183;73068;50;3;50;1;0;;;0
7;20612;MASSA SEMOLA GERMANI 500G ESPAG;MERCEARIA;76208;04/06/2026;140183;73068;20;116;20;1;0;;;0
7;3998;ALIM CAO DOG CHOW100G SACHE TOD TAM FRANGO ADULTO;PRODUTOS PET;76208;04/06/2026;140183;73068;15;15;15;1;0;;;76
7;813;REFRIGC COLA FRUKI PET 2 L COLA;BEBIDAS;76208;04/06/2026;140183;73068;6;355;24;4;0;;;-1
7;814;REFRIGC COLA FRUKI PET 2 L COLA ZERO;BEBIDAS;76208;04/06/2026;140183;73068;6;25;12;2;0;;;0
7;3400;BARRA CEREAL RITTER 25G BAN AVEIA MEL;MERCEARIA;76208;04/06/2026;140183;73068;24;0;24;1;0;;;216
7;3609;TEMP COLORIFICO APTI 500G;MERCEARIA;76208;04/06/2026;140183;73068;20;0;20;1;0;;;0
7;3516;FERM PO BIOL GOOD INSTANT SH 125G;MERCEARIA;76208;04/06/2026;140183;73068;12;0;24;2;0;;;14
7;3524;FERM QUIMICO PO FLEISCHMANN PT 100G;MERCEARIA;76208;04/06/2026;140183;73068;12;672;24;2;0;;;34
7;3447;SOPAO MAGGI 200G COSTELA LEGUMES;MERCEARIA;76208;04/06/2026;140183;73068;24;24;24;1;0;;;1
7;2875;MASSA C OVOS GERMANI 500G CONCHINHA;MERCEARIA;76208;04/06/2026;140183;73068;20;0;20;1;0;;;0
7;3752;TEMP MAGGI 120G GRIL;MERCEARIA;76208;04/06/2026;140183;73068;30;0;30;1;0;;;11
7;20316;MACARRAO INST GERMANI 63G CARNE;MERCEARIA;76208;04/06/2026;140183;73068;50;8149;50;1;0;;;273
7;38367;RACAO FRISKIES MEGAMIX 850G CASTRADO;PRODUTOS PET;76208;04/06/2026;140183;73068;9;0;9;1;0;;;0
7;1426;CHOC BIS XTRA BLACK CHOCOLATE 45G;MERCEARIA;76208;04/06/2026;140183;73068;24;0;24;1;0;;;19
7;3378;CALDO APTI 114G CARNE;MERCEARIA;76208;04/06/2026;140183;73068;30;22;30;1;0;;;-14
7;2908;MASSA C OVOS ISABELA 500G LINGUINE;MERCEARIA;76208;04/06/2026;140183;73068;16;56;16;1;0;;;4
7;2732;MACARRAO CUP NOODLES 72G TERIYAKI;MERCEARIA;76208;04/06/2026;140183;73068;24;1;24;1;0;;;15
7;3997;ALIM CAO DOG CHOW100G SACHE TOD TAM FILHO TD CARNE;PRODUTOS PET;76208;04/06/2026;140183;73068;15;14;15;1;0;;;62
7;390;ENERG MONSTER LT 473ML GREEN ZERO;BEBIDAS;76208;04/06/2026;140183;73068;6;937;24;5;0;;;12
7;741;REFRIG COCA COLA PET ZERO 1 5L;BEBIDAS;76208;04/06/2026;140183;73068;8;64;8;1;0;;;15
7;147;CERV ANTARCTICA PILSEN LT 473ML;BEBIDAS;76208;04/06/2026;140183;73068;12;4969;12;2;0;;;164
7;3676;TEMP COMPLETO ODERICH 300G C PIMENTA;MERCEARIA;76208;04/06/2026;140183;73068;24;46;24;1;0;;;7
7;778;REFRIG PEPSI COLA PET 200ML;BEBIDAS;76208;04/06/2026;140183;73068;12;973;72;7;0;;;-3
7;193;CERV PROVINCIA PILSEN PREM LT 473ML;BEBIDAS;76208;04/06/2026;140183;73068;12;16510;48;7;0;;;1524
7;2273;CANJICA BRANCA CBS 400G;MERCEARIA;76208;04/06/2026;140183;73068;12;0;12;1;0;;;3
7;3686;TEMP BICARBONATO SODIO APTI 100G;MERCEARIA;76208;04/06/2026;140183;73068;20;80;40;2;0;;;0
7;3386;CALDO GALINHA MAGGI 57G;MERCEARIA;76208;04/06/2026;140183;73068;150;0;150;1;0;;;21
7;740;REFRIG COCA COLA PET 1 5L;BEBIDAS;76208;04/06/2026;140183;73068;8;16;8;1;0;;;21
7;715;REFRE FRUKITO PET 200ML UVA;BEBIDAS;76208;04/06/2026;140183;73068;12;602;12;1;0;;;21
7;33265;REFRIG FRUKI GUAR ZR PET 3L GUARANA ZERO;BEBIDAS;76208;04/06/2026;140183;73068;4;12;4;1;0;;;22
7;156;CERV BUDWEISER LT 473ML;BEBIDAS;76208;04/06/2026;140183;73068;12;8748;156;14;0;;;328
7;847;REFRIG COCA COLA PET 600ML;BEBIDAS;76208;04/06/2026;140183;73068;12;0;60;7;0;;;53
7;154;CERV BRAHMA DUPLO MALTE LT 473ML;BEBIDAS;76208;04/06/2026;140183;73068;12;3054;48;4;0;;;44
7;3693;TEMP MAGGI MEU SEGREDO 49G TOMATE ERVAS;MERCEARIA;76208;04/06/2026;140183;73068;42;41;42;1;0;;;42
7;3440;SOPAO APTI 180G CARNE MACARRAO LEGUM;MERCEARIA;76208;04/06/2026;140183;73068;12;12;24;2;0;;;5
7;20679;MASSA GERMANI C VEG 500G PENNE;MERCEARIA;76208;04/06/2026;140183;73068;20;11;20;1;0;;;9
7;2835;MASSA C OVOS GERMANI 500G PARAFUSO;MERCEARIA;76208;04/06/2026;140183;73068;20;179;20;1;0;;;-15
7;5510;DESOD AERO AXE 152ML 90G MUSK;PERFUMARIA E LIMPEZA;76208;04/06/2026;140183;73068;12;12;12;0;0;;FERNANDO PAZ;0
7;25106;VASSOURA JARDINEIRA S CABO;PERFUMARIA E LIMPEZA;76208;04/06/2026;;;1;19;3;0;0;;;6
7;3403;CALDO APTI 57G COSTELA;MERCEARIA;76208;04/06/2026;140183;73068;10;0;20;2;0;;;5
7;2738;MACARRAO CUP NOODLES 69G CARNE DEF;MERCEARIA;76208;04/06/2026;140183;73068;24;24;24;1;0;;;2
7;4044;ALIM GATO FRISKIES 85G ATUM AO MOLHO;PRODUTOS PET;76208;04/06/2026;140183;73068;15;0;15;1;0;;;68
7;4048;ALIM GATO FRISKIES 85G FRANGO MOLHO;PRODUTOS PET;76208;04/06/2026;140183;73068;15;735;15;1;0;;;20
7;4052;ALIM GATO FRISKIES 85G PERU AO MOLHO;PRODUTOS PET;76208;04/06/2026;140183;73068;15;0;15;1;0;;;35
7;21691;PAPEL HIG NATUPEL FD 20M C 12;PERFUMARIA E LIMPEZA;76208;04/06/2026;140183;73068;6;48;18;0;0;05/06/2026;WILLIAN MATEUS;0
7;10;REFRIG COCA COLA PET 2L;BEBIDAS;76208;04/06/2026;140183;73068;4;21;300;75;0;;;926
7;78;AGUA SABORIZ H2OH PET 500ML LIMAO;BEBIDAS;76208;04/06/2026;140183;73068;12;24;12;1;0;;;0
7;34748;ENERG ELEV PET 2L ZR PINK LEMON;BEBIDAS;76208;04/06/2026;140183;73068;6;12;6;1;0;;;1
7;575;ENERG HIPERTENSAO PET 2L ZERO;BEBIDAS;76208;04/06/2026;140183;73068;6;40;12;2;0;;;0
8;2273;CANJICA BRANCA CBS 400G;MERCEARIA;76210;04/06/2026;140184;73065;12;0;12;1;0;;;-11
8;1890;PASTILHA TIC TAC 14 5G LARANJA;MERCEARIA;76210;04/06/2026;140184;73065;14;0;14;0;0;05/06/2026;JOCELAINE;16
8;1847;DROPS FREEGELLS 27 9G VIT C CITRUS;MERCEARIA;76210;04/06/2026;140184;73065;12;0;12;0;0;05/06/2026;JOCELAINE;-29
8;21692;PAPEL HIG NATUPEL PREM FS 30M C 4;PERFUMARIA E LIMPEZA;76210;04/06/2026;140184;73065;16;160;16;0;0;05/06/2026;WILLIAN MATEUS;-54
8;3403;CALDO APTI 57G COSTELA;MERCEARIA;76210;04/06/2026;140184;73065;10;0;20;2;2;05/06/2026;JOCELAINE;0
8;1426;CHOC BIS XTRA BLACK CHOCOLATE 45G;MERCEARIA;76210;04/06/2026;140184;73065;24;0;24;0;0;05/06/2026;JOCELAINE;31
8;3399;CALDO APTI 57G BACON;MERCEARIA;76210;04/06/2026;140184;73065;10;0;140;15;15;06/06/2026;JOCELAINE;16
8;36245;CHOC BARRA NESTLE RECH 90G PRESTIG;MERCEARIA;76210;04/06/2026;140184;73065;14;0;14;0;0;05/06/2026;JOCELAINE;49
8;1400;CHOC CARIBE GAROTO 28G CANDYBAR;MERCEARIA;76210;04/06/2026;140184;73065;30;570;60;2;2;05/06/2026;JOCELAINE;-5
8;1446;BISC DOCE NESTLE CHOCO TRIO 90G AMEND;MERCEARIA;76210;04/06/2026;140184;73065;12;251;12;0;0;06/06/2026;JOCELAINE;45
8;1036;BALA DORI GELATINA 13G AMORA;MERCEARIA;76210;04/06/2026;140184;73065;12;0;12;0;0;05/06/2026;JOCELAINE;-1
8;687;ESP GARIBALDI PRIMICIAS GF 660ML ROSE;BEBIDAS;76210;04/06/2026;140184;73065;1;0;1;0;0;05/06/2026;JOCELAINE;6
8;1039;BALA DORI GELATINA 13G BOCA;MERCEARIA;76210;04/06/2026;140184;73065;12;0;12;0;0;05/06/2026;JOCELAINE;0
11;33941;DET PO GIRANDO SOL SH 800G COCO BAUN;PERFUMARIA E LIMPEZA;76212;04/06/2026;140185;73106;25;845;25;2;0;;;-20
11;17336;DET LIQ ATRIUS 5L GLICA;PERFUMARIA E LIMPEZA;76212;04/06/2026;140185;73106;4;61;56;15;0;;;111
11;5683;DET LIQ GOTA LIMPA 5L NEUTRO;PERFUMARIA E LIMPEZA;76212;04/06/2026;140185;73106;4;24;4;1;0;;;0
11;6926;LIMP UAU 500ML BRISA FRESCOR;PERFUMARIA E LIMPEZA;76212;04/06/2026;140185;73106;24;0;24;1;0;;;-7
11;17388;DET PO APYCE SH 4K AZUL;PERFUMARIA E LIMPEZA;76212;04/06/2026;140185;73106;5;0;10;3;0;;;1
11;6741;LAVA ROUPA UAU 3L ACTIVE;PERFUMARIA E LIMPEZA;76212;04/06/2026;140185;73106;4;113;4;1;0;;;6
11;4212;AMAC GOTA LIMPA 5L DELICATA;PERFUMARIA E LIMPEZA;76212;04/06/2026;140185;73106;4;160;8;3;0;;;2
11;23157;SABAO ZAVASKI AZUL C 5 200G;PERFUMARIA E LIMPEZA;76212;04/06/2026;140185;73106;10;250;10;1;0;;;11
11;6932;LIMP UAU LV1L PG800ML FLORES VERMELHA;PERFUMARIA E LIMPEZA;76212;04/06/2026;140185;73106;12;107;24;2;0;;;-12
11;35696;ALCOOL COPERALCOOL 500ML TRADICIONAL;PERFUMARIA E LIMPEZA;76212;04/06/2026;140185;73106;12;372;24;2;0;;;0
11;38034;KIT CD SH DOVE NUTRI EXP 350 175ML;PERFUMARIA E LIMPEZA;76212;04/06/2026;140185;73106;8;0;8;1;0;;;-5
11;17414;DET PO GOTA LIMPA 4KG HARMONIA;PERFUMARIA E LIMPEZA;76212;04/06/2026;140185;73106;5;18;10;2;0;;;1
11;17403;DET PO BRILHANTE CUID TOT CT 800G;PERFUMARIA E LIMPEZA;76212;04/06/2026;140185;73106;20;3299;40;2;0;;;839
11;17337;DET LIQ ATRIUS 5L PREMIUM;PERFUMARIA E LIMPEZA;76212;04/06/2026;140185;73106;4;119;56;15;0;;;58
11;35580;DET LIQ BRILHANTE HIG TOTAL 1 8L;PERFUMARIA E LIMPEZA;76212;04/06/2026;140185;73106;6;315;12;2;0;;;46
11;4218;AMAC YPE 2L INTENSO;PERFUMARIA E LIMPEZA;76212;04/06/2026;140185;73106;6;1107;6;2;0;;;51
11;9291;DESINF YPE BAK 1L FLORAL;PERFUMARIA E LIMPEZA;76212;04/06/2026;140185;73106;12;36;12;1;0;;;0
11;37737;LIMP PERF UAU CHA BRANCO 500ML;PERFUMARIA E LIMPEZA;76212;04/06/2026;140185;73106;24;140;24;1;0;;;12
11;5675;DETERG GIRANDO SOL 500ML NATURAL;PERFUMARIA E LIMPEZA;76212;04/06/2026;140185;73106;24;2712;48;2;0;;;214
11;19372;INSET NITROCID PO 50G;PERFUMARIA E LIMPEZA;76212;04/06/2026;140185;73106;1;8;1;1;0;;;1
11;17340;DET LIQ BIO KRISS 500ML CLEAR;PERFUMARIA E LIMPEZA;76212;04/06/2026;140185;73106;24;168;48;3;0;;;47
11;5443;DESINF GIRANDO SOL 500ML PINHO;PERFUMARIA E LIMPEZA;76212;04/06/2026;140185;73106;12;0;12;1;0;;;60
11;15726;CERA LIQ ANDREIA AUTO BR 750ML INC;PERFUMARIA E LIMPEZA;76212;04/06/2026;140185;73106;12;34;12;1;0;;;14
11;24994;TOAL UMED HUPPY L100P80;PERFUMARIA E LIMPEZA;76212;04/06/2026;140185;73106;12;4092;24;2;0;;;70
11;2991;ACUCAR MASCAVO CBS 500G;MERCEARIA;76212;04/06/2026;140185;73106;20;0;20;1;0;;;4
11;6723;LAVA ROUPA OMO 5L LAVAGEM PERFEITA;PERFUMARIA E LIMPEZA;76212;04/06/2026;140185;73106;2;274;2;1;0;;;4
11;33674;LIMP PERF SAIF CONCENTRADO 120ML BAMBU;PERFUMARIA E LIMPEZA;76212;04/06/2026;140185;73106;12;72;12;1;0;;;6
11;10474;LIMP YPE PERFUMADO 500ML AZUL TROPICAL;PERFUMARIA E LIMPEZA;76212;04/06/2026;140185;73106;24;0;24;1;0;;;1
11;16870;CR DENT SORRISO 120G DENTES BCOS;PERFUMARIA E LIMPEZA;76212;04/06/2026;140185;73106;72;792;72;1;0;;;1
11;7833;SABAO PO GIRANDO SOL 800G ROSA;PERFUMARIA E LIMPEZA;76212;04/06/2026;140185;73106;25;942;25;1;0;;;114
11;17394;DET PO ASSIM 800G TRIPLA ACAO BI;PERFUMARIA E LIMPEZA;76212;04/06/2026;140185;73106;20;1973;40;3;0;;;182
11;17339;LAVA ROUPAS LIQ BARBAREX 5L;PERFUMARIA E LIMPEZA;76212;04/06/2026;140185;73106;2;51;16;8;0;;;-1
11;4176;AMAC DOWNY 1 5L BRISA DE VERAO;PERFUMARIA E LIMPEZA;76212;04/06/2026;140185;73106;9;1444;27;3;0;;;19
11;23135;SABAO FONT COCO 200G;PERFUMARIA E LIMPEZA;76212;04/06/2026;140185;73106;36;0;36;1;0;;;22
11;5196;CR DEN COLGATE MPA 180G;PERFUMARIA E LIMPEZA;76212;04/06/2026;140185;73106;72;6916;72;1;0;;;61
11;24643;TCO P PES AMAZONIA 100G MENTOLADO;PERFUMARIA E LIMPEZA;76212;04/06/2026;140185;73106;48;0;48;1;0;;;21
11;9589;GEL ADES HIGISOL LAVANDA;PERFUMARIA E LIMPEZA;76212;04/06/2026;140185;73106;12;0;12;1;0;;;-8
11;8868;AROMAT COALA CONC 120ML LAVANDA;PERFUMARIA E LIMPEZA;76212;04/06/2026;140185;73106;24;192;48;2;0;;;0
11;7851;SABAO PO OMO 800G LAV PERFEITA;PERFUMARIA E LIMPEZA;76212;04/06/2026;140185;73106;20;7361;20;2;0;;;87
11;4897;CLORO Q BOA 1L GEL LAVANDA;PERFUMARIA E LIMPEZA;76212;04/06/2026;140185;73106;12;312;12;1;0;;;16
11;12308;ALCOOL ARAUCARIA 46 1L;PERFUMARIA E LIMPEZA;76212;04/06/2026;140185;73106;12;3443;24;3;0;;;27
11;23058;SAB LIQ INTIMO COTTONBABY 200ML;PERFUMARIA E LIMPEZA;76212;04/06/2026;140185;73106;12;0;12;1;0;;;0
11;5355;CREME BARBA BOZZANO 65G ALOE VERA;PERFUMARIA E LIMPEZA;76212;04/06/2026;140185;73106;1;0;3;0;0;;;1
11;34846;ALVEJ BARBAREX 5L S CLORO;PERFUMARIA E LIMPEZA;76212;04/06/2026;140185;73106;2;170;4;4;0;;;1
11;4213;AMAC GOTA LIMPA 5L FLORATA;PERFUMARIA E LIMPEZA;76212;04/06/2026;140185;73106;4;302;4;2;0;;;7
11;12420;AMAC GOTA LIMPA 2L PETALAS;PERFUMARIA E LIMPEZA;76212;04/06/2026;140185;73106;6;676;6;2;0;;;1
11;12419;AMAC GOTA LIMPA 2L FLORATA;PERFUMARIA E LIMPEZA;76212;04/06/2026;140185;73106;6;5;6;1;0;;;-17
11;8865;AROMAT COALA CONC 120ML CITRONELA;PERFUMARIA E LIMPEZA;76212;04/06/2026;140185;73106;24;0;24;1;0;;;17
11;12309;ALCOOL ARAUCARIA 46 500ML;PERFUMARIA E LIMPEZA;76212;04/06/2026;140185;73106;12;2472;12;1;0;;;176
11;36326;SODA CAUSTICA ESCAMA SODABEL 1KG;PERFUMARIA E LIMPEZA;76212;04/06/2026;140185;73106;12;24;24;2;0;;;1
11;21346;ODORIZ PURO AR 500ML LAVANDA;PERFUMARIA E LIMPEZA;76212;04/06/2026;140185;73106;12;119;12;1;0;;;24
11;5510;DESOD AERO AXE 152ML 90G MUSK;PERFUMARIA E LIMPEZA;76212;04/06/2026;140185;73106;12;12;12;0;0;;;5
11;8151;SH ANTIC CLEAR 200ML WOMEN HIDRATACAO INT;PERFUMARIA E LIMPEZA;76212;04/06/2026;140185;73106;12;72;12;1;0;;;31
11;4466;BLOCO SANIT HIGISOL 35G ACOP FLORAL;PERFUMARIA E LIMPEZA;76212;04/06/2026;140185;73106;12;0;12;1;0;;;7
11;10196;SAB SENSUS BEAUTY ESSENCE 80G FOR MEN;PERFUMARIA E LIMPEZA;76212;04/06/2026;140185;73106;108;3564;108;1;0;;;65
11;6021;ESPUMA BARBA BOZZANO 193G HIDRATACAO;PERFUMARIA E LIMPEZA;76212;04/06/2026;140185;73106;1;3;6;7;0;;;0
11;7832;SABAO PO GIRANDO SOL 800G HIPOALERGENICO;PERFUMARIA E LIMPEZA;76212;04/06/2026;140185;73106;25;722;25;2;0;;;94
11;7831;SABAO PO GIRANDO SOL 800G AZUL;PERFUMARIA E LIMPEZA;76212;04/06/2026;140185;73106;25;271;25;2;0;;;98
11;12290;AGUA SANIT IMPERIAL 2L;PERFUMARIA E LIMPEZA;76212;04/06/2026;140185;73106;6;96;12;2;0;;;0
11;37776;DET PO OMO LAVAG PERF 700G;PERFUMARIA E LIMPEZA;76212;04/06/2026;140185;73106;20;920;20;1;0;;;39
11;34845;ALVEJ BARBAREX 2L S CLORO;PERFUMARIA E LIMPEZA;76212;04/06/2026;140185;73106;6;66;18;3;0;;;0
11;21296;ODORIZ AMAZONIA AROM 270ML ALFAZEMA;PERFUMARIA E LIMPEZA;76212;04/06/2026;140185;73106;12;36;12;1;0;;;0
11;23162;SABAO ZAVASKI GLIC LIMAO C 5 200G;PERFUMARIA E LIMPEZA;76212;04/06/2026;140185;73106;10;248;10;1;0;;;19
12;5679;DET LIQ GOTA LIMPA 500ML LIMAO;PERFUMARIA E LIMPEZA;76214;04/06/2026;140186;73108;24;2904;48;2;0;06/06/2026;GUILHERME B;0
12;10147;SAB FARNESE 180G LAVANDA MENTA;PERFUMARIA E LIMPEZA;76214;04/06/2026;140186;73108;36;1440;36;1;0;;;75
12;6892;LIMP MULTI UAU 500ML LAVANDA;PERFUMARIA E LIMPEZA;76214;04/06/2026;140186;73108;24;167;24;1;0;06/06/2026;GUILHERME B;9
12;5696;DETERG YPE 500ML MACA;PERFUMARIA E LIMPEZA;76214;04/06/2026;140186;73108;24;240;72;3;0;06/06/2026;GUILHERME B;0
12;5691;DETERG YPE 500 ML CLEAR;PERFUMARIA E LIMPEZA;76214;04/06/2026;140186;73108;24;-48;96;4;0;06/06/2026;GUILHERME B;0
12;7947;SABON PALMOLIVE NATURALS 150G MELANCIA LICHIA;PERFUMARIA E LIMPEZA;76214;04/06/2026;140186;73108;72;492;72;1;0;;;22
12;19791;KIT SH CD NEUTROX 300ML 200ML CLASSICO;PERFUMARIA E LIMPEZA;76214;04/06/2026;140186;73108;12;464;24;2;0;;;0
12;5492;DESINF YPE 500ML PINHO TRADICAO;PERFUMARIA E LIMPEZA;76214;04/06/2026;140186;73108;12;4;12;1;0;06/06/2026;GUILHERME B;11
12;24069;SAPONACEO PO FONT 300G LIMAO R 140116;PERFUMARIA E LIMPEZA;76214;04/06/2026;140186;73108;12;180;12;1;0;06/06/2026;GUILHERME B;14
12;5442;DESINF GIRANDO SOL 500ML LIMAO;PERFUMARIA E LIMPEZA;76214;04/06/2026;140186;73108;12;96;12;1;0;06/06/2026;GUILHERME B;6
12;3971;ALCOOL 46 SUPER VALE 1L;PERFUMARIA E LIMPEZA;76214;04/06/2026;140186;73108;12;480;12;1;0;06/06/2026;GUILHERME B;22
12;36326;SODA CAUSTICA ESCAMA SODABEL 1KG;PERFUMARIA E LIMPEZA;76214;04/06/2026;140186;73108;12;24;24;2;0;06/06/2026;GUILHERME B;0
12;5695;DETERG YPE 500ML COCO;PERFUMARIA E LIMPEZA;76214;04/06/2026;140186;73108;24;1104;72;3;0;06/06/2026;GUILHERME B;0
12;3948;AGUA SANIT GOTA LIMPA 1L;PERFUMARIA E LIMPEZA;76214;04/06/2026;140186;73108;12;1452;12;1;0;06/06/2026;GUILHERME B;3
12;24366;KIT SH CD COTTONBABY SNOOPY 200ML GOTAS CAMOMILA;PERFUMARIA E LIMPEZA;76214;04/06/2026;140186;73108;6;6;12;2;0;;;1
12;2273;CANJICA BRANCA CBS 400G;MERCEARIA;76214;04/06/2026;140186;73108;12;0;12;1;0;;;0
12;6932;LIMP UAU LV1L PG800ML FLORES VERMELHA;PERFUMARIA E LIMPEZA;76214;04/06/2026;140186;73108;12;107;12;1;0;06/06/2026;GUILHERME B;4
12;19378;INSET PROINSET SUPER ECONOMICO 750ML;PERFUMARIA E LIMPEZA;76214;04/06/2026;140186;73108;12;42803;12;1;0;06/06/2026;GUILHERME B;172
12;37841;KIT CASA CLEAN COZINHA 910ML;PERFUMARIA E LIMPEZA;76214;04/06/2026;140186;73108;5;265;10;2;0;06/06/2026;GUILHERME B;20
12;4216;AMAC YPE 2L DELICADO AMOR;PERFUMARIA E LIMPEZA;76214;04/06/2026;140186;73108;6;630;12;2;0;06/06/2026;GUILHERME B;4
12;38563;KIT SH CD NEUTROX 300ML 200ML OLEOS;PERFUMARIA E LIMPEZA;76214;04/06/2026;140186;73108;12;60;12;2;0;;;0
12;12308;ALCOOL ARAUCARIA 46 1L;PERFUMARIA E LIMPEZA;76214;04/06/2026;140186;73108;12;3443;12;1;0;06/06/2026;GUILHERME B;19
12;5443;DESINF GIRANDO SOL 500ML PINHO;PERFUMARIA E LIMPEZA;76214;04/06/2026;140186;73108;12;0;24;2;0;06/06/2026;GUILHERME B;2
12;5698;DETERG YPE 500ML LIMAO;PERFUMARIA E LIMPEZA;76214;04/06/2026;140186;73108;24;816;96;4;0;06/06/2026;GUILHERME B;0
12;5250;CR DENT CLOSE UP 70G TRIPLE HORTELA;PERFUMARIA E LIMPEZA;76214;04/06/2026;140186;73108;72;0;72;2;0;;;0
12;6997;LOC HID MONANGE 200ML FRUTAS VERMELHA;PERFUMARIA E LIMPEZA;76214;04/06/2026;140186;73108;24;24;24;1;0;;;0
12;16844;CR DEN COLGATE T ACAO XTRA 120G WHITE;PERFUMARIA E LIMPEZA;76214;04/06/2026;140186;73108;72;252;72;1;0;;;180
12;20154;LIMP VEJA M USO 750ML ORIG;PERFUMARIA E LIMPEZA;76214;04/06/2026;140186;73108;12;22;12;1;0;06/06/2026;GUILHERME B;9
12;3966;ALCOOL GEL 70 SUPER VALE 450G;PERFUMARIA E LIMPEZA;76214;04/06/2026;140186;73108;12;732;12;1;0;06/06/2026;GUILHERME B;-1
12;38562;KIT SH CD NEUTROX 300ML 200ML FORCA;PERFUMARIA E LIMPEZA;76214;04/06/2026;140186;73108;12;0;12;1;0;;;12
12;23000;SAB FONTANA SENSUS 150G FLORESCER;PERFUMARIA E LIMPEZA;76214;04/06/2026;140186;73108;72;1440;72;1;0;;;57
12;24310;SH COTTONBABY SNOOPY 200ML TOQUE ALGODAO;PERFUMARIA E LIMPEZA;76214;04/06/2026;140186;73108;12;0;12;1;0;;;9
12;17340;DET LIQ BIO KRISS 500ML CLEAR;PERFUMARIA E LIMPEZA;76214;04/06/2026;140186;73108;24;168;24;1;0;06/06/2026;GUILHERME B;0
13;38562;KIT SH CD NEUTROX 300ML 200ML FORCA;PERFUMARIA E LIMPEZA;76216;04/06/2026;140187;73110;12;0;12;1;0;;;-1
13;7769;SAB LIQ PAMPERS 200ML GLICERINA;PERFUMARIA E LIMPEZA;76216;04/06/2026;140187;73110;6;0;6;1;0;;;0
13;6997;LOC HID MONANGE 200ML FRUTAS VERMELHA;PERFUMARIA E LIMPEZA;76216;04/06/2026;140187;73110;24;24;24;1;0;;;7
13;19324;HID PAIXAO 200ML ONLY YO INSPIR R 785 0;PERFUMARIA E LIMPEZA;76216;04/06/2026;140187;73110;24;0;24;1;0;;;0
13;1426;CHOC BIS XTRA BLACK CHOCOLATE 45G;MERCEARIA;76216;04/06/2026;140187;73110;24;0;24;1;0;;;13
13;3524;FERM QUIMICO PO FLEISCHMANN PT 100G;MERCEARIA;76216;04/06/2026;140187;73110;12;672;24;3;0;;;-1
13;3403;CALDO APTI 57G COSTELA;MERCEARIA;76216;04/06/2026;140187;73110;10;0;10;1;0;;;108
13;3686;TEMP BICARBONATO SODIO APTI 100G;MERCEARIA;76216;04/06/2026;140187;73110;20;80;40;2;0;;;0
13;7938;SABONETE NIVEA 85G PROTEINA LEITE;PERFUMARIA E LIMPEZA;76216;04/06/2026;140187;73110;96;1056;96;1;0;;;96
13;6021;ESPUMA BARBA BOZZANO 193G HIDRATACAO;PERFUMARIA E LIMPEZA;76216;04/06/2026;140187;73110;1;3;6;6;0;;;1
13;759;REFRIG ANTARCTICA GUARANA PET 200ML;BEBIDAS;76216;04/06/2026;140187;73110;12;259;60;5;0;;;418
13;8159;SH ANTIC CLEAR L400P330 ICE COOL MENTHO;PERFUMARIA E LIMPEZA;76216;04/06/2026;140187;73110;12;564;12;1;0;;;13
13;3384;CALDO GALINHA APTI 57G;MERCEARIA;76216;04/06/2026;140187;73110;120;0;120;1;0;;;3
13;1849;DROPS FREEGELLS 27 9G EXTRA FORTE;MERCEARIA;76216;04/06/2026;140187;73110;12;0;12;1;0;;;30
13;3516;FERM PO BIOL GOOD INSTANT SH 125G;MERCEARIA;76216;04/06/2026;140187;73110;12;0;36;4;0;;;-33
13;1395;CHOC NESTLE PRESTIGIO 33G UN;MERCEARIA;76216;04/06/2026;140187;73110;30;0;60;2;0;;;56
13;8254;SH MONANGE 325ML CACHOS QUE TAL;PERFUMARIA E LIMPEZA;76216;04/06/2026;140187;73110;12;0;12;1;0;;;0
13;1894;DROPS FREEGELLS 27 6G CEREJA CHOC;MERCEARIA;76216;04/06/2026;140187;73110;12;228;36;3;0;;;2
13;3367;CALDO APTI 57G REFOGA CASEIRA;MERCEARIA;76216;04/06/2026;140187;73110;10;0;10;1;0;;;171
13;37860;CHOC BARRA GAROTO RECH BATON 90G;MERCEARIA;76216;04/06/2026;140187;73110;14;10;14;1;0;;;103
13;5355;CREME BARBA BOZZANO 65G ALOE VERA;PERFUMARIA E LIMPEZA;76216;04/06/2026;140187;73110;1;0;4;0;0;;;0
13;22796;RATICIDA RODILON ISCA 25G;PERFUMARIA E LIMPEZA;76216;04/06/2026;140187;73110;40;151;40;1;0;;;-32
13;33649;SAB LIQ MADE IN BRAZIL 1L CEREJA;PERFUMARIA E LIMPEZA;76216;04/06/2026;140187;73110;12;1;12;1;0;;;-8
13;3399;CALDO APTI 57G BACON;MERCEARIA;76216;04/06/2026;140187;73110;10;0;100;19;0;;;10
13;22117;POM MASSAG BIO FISIOFORT PREMIUM 150ML;PERFUMARIA E LIMPEZA;76216;04/06/2026;140187;73110;12;12;24;2;0;;;1
13;8352;SH SEDA 325ML CERAMIDAS;PERFUMARIA E LIMPEZA;76216;04/06/2026;140187;73110;12;3516;12;1;0;;;15
13;5275;CR DENTAL TANDY 50G MORANGO;PERFUMARIA E LIMPEZA;76216;04/06/2026;140187;73110;12;48;12;1;0;;;47
13;3609;TEMP COLORIFICO APTI 500G;MERCEARIA;76216;04/06/2026;140187;73110;20;0;20;1;0;;;0
13;3383;CALDO APTI 19G GALINHA;MERCEARIA;76216;04/06/2026;140187;73110;24;72;24;1;0;;;72
13;33373;DESO AERO AXE 200ML BLACK ALE E CED;PERFUMARIA E LIMPEZA;76216;04/06/2026;140187;73110;12;2125;12;1;0;;;60
13;52;AGUA MIN FLORESTA PET 5L S GAS;BEBIDAS;76216;04/06/2026;140187;73110;4;-5;4;1;0;;;138
13;5250;CR DENT CLOSE UP 70G TRIPLE HORTELA;PERFUMARIA E LIMPEZA;76216;04/06/2026;140187;73110;72;0;72;1;0;;;-1
13;5217;CR DEN COLGATE 90G NAT EXT CARVAO;PERFUMARIA E LIMPEZA;76216;04/06/2026;140187;73110;48;4608;48;1;0;;;42
13;5225;CR DENT COLGATE T ACAO 90G HORTELA;PERFUMARIA E LIMPEZA;76216;04/06/2026;140187;73110;144;0;144;1;0;;;0
13;687;ESP GARIBALDI PRIMICIAS GF 660ML ROSE;BEBIDAS;76216;04/06/2026;140187;73110;1;0;1;1;0;;;10
13;3380;CALDO KNORR 114G CARNE;MERCEARIA;76216;04/06/2026;140187;73110;10;0;10;1;0;;;0
13;23058;SAB LIQ INTIMO COTTONBABY 200ML;PERFUMARIA E LIMPEZA;76216;04/06/2026;140187;73110;12;0;12;1;0;;;1
13;24641;TCO P PES AMAZONIA 100G FRESH;PERFUMARIA E LIMPEZA;76216;04/06/2026;140187;73110;48;240;48;1;0;;;42
13;7933;SABONETE NIVEA 85G ERVA DOCE/OLEOS;PERFUMARIA E LIMPEZA;76216;04/06/2026;140187;73110;96;2016;192;2;0;;;86
13;1494;CHOC LOLLO NESTLE FLOWPACK 114G;MERCEARIA;76216;04/06/2026;140187;73110;30;0;30;1;0;;;9
13;22118;POM MASSAG BIO CANELA VELHO 150ML;PERFUMARIA E LIMPEZA;76216;04/06/2026;140187;73110;12;0;12;1;0;;;-12
13;5654;DESOD ROLLON NIVEA 50ML M INV B/W POWER;PERFUMARIA E LIMPEZA;76216;04/06/2026;140187;73110;12;180;24;2;0;;;-9
13;38563;KIT SH CD NEUTROX 300ML 200ML OLEOS;PERFUMARIA E LIMPEZA;76216;04/06/2026;140187;73110;12;60;12;1;0;;;-1
14;12290;AGUA SANIT IMPERIAL 2L;PERFUMARIA E LIMPEZA;76218;04/06/2026;140188;73101;6;96;6;1;0;;;0
14;13514;BLO LIXA P UNHA BONITTA;PERFUMARIA E LIMPEZA;76218;04/06/2026;140188;73101;1;0;2;2;0;;;-6
14;17337;DET LIQ ATRIUS 5L PREMIUM;PERFUMARIA E LIMPEZA;76218;04/06/2026;140188;73101;4;119;32;8;0;;;53
14;7490;POMADA NUGGET 36G PRETA;PERFUMARIA E LIMPEZA;76218;04/06/2026;140188;73101;12;0;12;1;0;;;25
14;24323;SH GENIAL PET 2 EM 1 500ML;PRODUTOS PET;76218;04/06/2026;140188;73101;1;0;1;1;0;;;4
14;20434;MAMAD LOLLY CLEAN 250ML;PERFUMARIA E LIMPEZA;76218;04/06/2026;140188;73101;6;0;6;6;0;;;1
14;5842;ESC DENTAL ORAL B COMPL LV2 PG1;PERFUMARIA E LIMPEZA;76218;04/06/2026;140188;73101;1;5;2;2;0;;;5
14;33422;DET PO AQUAFAST MULTIACAO 800G;PERFUMARIA E LIMPEZA;76218;04/06/2026;140188;73101;20;75;40;2;0;;;5
14;5683;DET LIQ GOTA LIMPA 5L NEUTRO;PERFUMARIA E LIMPEZA;76218;04/06/2026;140188;73101;4;24;4;1;0;;;-8
14;4208;AMAC GIRANDO SOL 5L AZUL;PERFUMARIA E LIMPEZA;76218;04/06/2026;140188;73101;4;124;4;1;0;;;14
14;17321;DET LIQ APYCE MULTIACAO 3L AZUL;PERFUMARIA E LIMPEZA;76218;04/06/2026;140188;73101;4;690;4;1;0;;;7
14;17326;DET LIQ AQUAFAST 3L FLORES BCAS;PERFUMARIA E LIMPEZA;76218;04/06/2026;140188;73101;4;4;4;1;0;;;3
14;9735;LAVA ROUPA AQUA FAST 3L TERNURA;PERFUMARIA E LIMPEZA;76218;04/06/2026;140188;73101;4;8;4;1;0;;;8
14;7928;SABONETE LUX 85G LIRIO AZUL;PERFUMARIA E LIMPEZA;76218;04/06/2026;140188;73101;108;972;108;1;0;;;13
14;19324;HID PAIXAO 200ML ONLY YO INSPIR R 785 0;PERFUMARIA E LIMPEZA;76218;04/06/2026;140188;73101;24;0;24;1;0;;;48
14;17271;DESOD CR DI HELLEN 55G MASC;PERFUMARIA E LIMPEZA;76218;04/06/2026;140188;73101;12;0;12;1;0;;;8
14;17409;DET PO GIRANDO SOL ROSA SH 400G;PERFUMARIA E LIMPEZA;76218;04/06/2026;140188;73101;30;984;30;1;0;;;19
14;17408;DET PO GIRANDO SOL HIPO SH 4K;PERFUMARIA E LIMPEZA;76218;04/06/2026;140188;73101;5;138;5;1;0;;;2
14;6739;LAVA ROUPA TIXAN 3L PRIMAVERA;PERFUMARIA E LIMPEZA;76218;04/06/2026;140188;73101;4;4;4;1;0;;;8
14;4115;ALVEJ GIRANDO SOL 2L S CLORO;PERFUMARIA E LIMPEZA;76218;04/06/2026;140188;73101;6;139;6;1;0;;;6
14;10178;SABON PALMOLIVE NATURALS 85G KARITE;PERFUMARIA E LIMPEZA;76218;04/06/2026;140188;73101;108;3324;108;1;0;;;7
14;4258;AP PROBAK II LV7 PG5;PERFUMARIA E LIMPEZA;76218;04/06/2026;140188;73101;1;457;1;1;0;;;94
14;12418;AMAC GOTA LIMPA 5L FASCINIO;PERFUMARIA E LIMPEZA;76218;04/06/2026;140188;73101;4;4;4;1;0;;;4
14;35580;DET LIQ BRILHANTE HIG TOTAL 1 8L;PERFUMARIA E LIMPEZA;76218;04/06/2026;140188;73101;6;315;6;1;0;;;15
14;2273;CANJICA BRANCA CBS 400G;MERCEARIA;76218;04/06/2026;140188;73101;12;0;12;1;0;;;0
14;17389;DET PO APYCE SH 4K ROSA;PERFUMARIA E LIMPEZA;76218;04/06/2026;140188;73101;5;23;15;3;0;;;-7
14;17186;DESINF GOTA LIMPA 5L LAVANDA;PERFUMARIA E LIMPEZA;76218;04/06/2026;140188;73101;4;224;4;2;0;;;7
14;24366;KIT SH CD COTTONBABY SNOOPY 200ML GOTAS CAMOMILA;PERFUMARIA E LIMPEZA;76218;04/06/2026;140188;73101;6;6;6;1;0;;;3
14;9145;COND SEDA GLYCOL VIT C 425ML;PERFUMARIA E LIMPEZA;76218;04/06/2026;140188;73101;12;21;12;1;0;;;1
14;17415;DET PO GOTA LIMPA 800G HARMONIA;PERFUMARIA E LIMPEZA;76218;04/06/2026;140188;73101;20;35;20;1;0;;;-15
14;17407;DET PO GIRANDO SOL HIPO SH 400G;PERFUMARIA E LIMPEZA;76218;04/06/2026;140188;73101;30;28;30;1;0;;;85
14;37429;AGUA SANITARIA SUPREMA 5 L;PERFUMARIA E LIMPEZA;76218;04/06/2026;140188;73101;3;18;27;10;0;;;-2
14;6723;LAVA ROUPA OMO 5L LAVAGEM PERFEITA;PERFUMARIA E LIMPEZA;76218;04/06/2026;140188;73101;2;274;2;1;0;;;4
14;38562;KIT SH CD NEUTROX 300ML 200ML FORCA;PERFUMARIA E LIMPEZA;76218;04/06/2026;140188;73101;12;0;12;1;0;;;12
14;8236;SH HEAD SHOULDERS 400ML ANTI COCEIRA;PERFUMARIA E LIMPEZA;76218;04/06/2026;140188;73101;6;42;6;1;0;;;5
14;6997;LOC HID MONANGE 200ML FRUTAS VERMELHA;PERFUMARIA E LIMPEZA;76218;04/06/2026;140188;73101;24;24;24;1;0;;;12
14;3904;ABS MILI PROT TOTAL 16UN C ABAS SUAVE;PERFUMARIA E LIMPEZA;76218;04/06/2026;140188;73101;24;72;24;1;0;;;11
14;12531;AP GILLETTE PROBAK C 2;PERFUMARIA E LIMPEZA;76218;04/06/2026;140188;73101;14;0;14;1;0;;;14
14;7835;DET PO GOTA LIMPA 800G EQUILIBRIO;PERFUMARIA E LIMPEZA;76218;04/06/2026;140188;73101;20;174;40;2;0;;;26
14;17336;DET LIQ ATRIUS 5L GLICA;PERFUMARIA E LIMPEZA;76218;04/06/2026;140188;73101;4;61;4;2;0;;;42
14;17320;DET LIQ APYCE LIMP TOT 3L ROSA;PERFUMARIA E LIMPEZA;76218;04/06/2026;140188;73101;4;108;4;1;0;;;13
14;38563;KIT SH CD NEUTROX 300ML 200ML OLEOS;PERFUMARIA E LIMPEZA;76218;04/06/2026;140188;73101;12;60;12;1;0;;;11
14;5551;DESOD AERO MONANGE 90G FLOR DE LAVANDA;PERFUMARIA E LIMPEZA;76218;04/06/2026;140188;73101;12;479;12;1;0;;;7
14;37776;DET PO OMO LAVAG PERF 700G;PERFUMARIA E LIMPEZA;76218;04/06/2026;140188;73101;20;920;20;1;0;;;28
17;4180;AMAC DOWNY 1L REGULAR INTENSO BRISA;PERFUMARIA E LIMPEZA;76220;04/06/2026;140189;73112;12;117;24;0;0;05/06/2026;KELLER;37
17;12181;ABS MILI MULHER CONFORTO TOT C ABAS C 16UN;PERFUMARIA E LIMPEZA;76220;04/06/2026;140189;73112;24;600;48;0;0;05/06/2026;KELLER;-23
17;33721;COQUETEL CHICOTE PET 500ML BLUEBBERRY;BEBIDAS;76220;04/06/2026;140189;73112;12;11;12;1;0;;;19
17;3581;BEBIDA PARMALAT WHEY 250ML ABACATE;MERCEARIA;76220;04/06/2026;140189;73112;18;32;18;1;0;;;0
17;12395;AMACIANTE AQUAFAST 2L VERM SED;PERFUMARIA E LIMPEZA;76220;04/06/2026;140189;73112;6;480;30;5;5;05/06/2026;KELLER;-4
17;36326;SODA CAUSTICA ESCAMA SODABEL 1KG;PERFUMARIA E LIMPEZA;76220;04/06/2026;140189;73112;12;24;24;2;2;05/06/2026;KELLER;0
17;8052;SAPONACEO CREM GIRANDO SOL 300ML ORIGINAL;PERFUMARIA E LIMPEZA;76220;04/06/2026;140189;73112;12;180;12;1;1;05/06/2026;KELLER;17
17;8048;SAPONACEO CREM CIF 450ML BC GTS 20;PERFUMARIA E LIMPEZA;76220;04/06/2026;140189;73112;12;24;12;0;0;05/06/2026;KELLER;-9
17;6731;LAVA ROUPA OMO 900ML LAV PERF DOYP;PERFUMARIA E LIMPEZA;76220;04/06/2026;140189;73112;12;3732;48;0;0;05/06/2026;KELLER;0
17;729;SUCO UVA GARIBALDI INT VD 1 5L TINTO;BEBIDAS;76220;04/06/2026;140189;73112;6;547;18;3;0;;;19
17;24396;SILVERBAC PRATA AEROSOL 300ML;PERFUMARIA E LIMPEZA;76220;04/06/2026;140189;73112;12;12;12;0;0;05/06/2026;KELLER;3
17;17340;DET LIQ BIO KRISS 500ML CLEAR;PERFUMARIA E LIMPEZA;76220;04/06/2026;140189;73112;24;168;96;0;0;05/06/2026;KELLER;-186
17;5691;DETERG YPE 500 ML CLEAR;PERFUMARIA E LIMPEZA;76220;04/06/2026;140189;73112;24;-48;48;0;0;05/06/2026;KELLER;-286
17;2750;FARINHA TRIGO PANFACIL 5KG PREMIUM TP1;MERCEARIA;76220;04/06/2026;140189;73112;5;15;5;1;0;;;4
17;2698;KIMILHO YOKI 500G FLOCAO;MERCEARIA;76220;04/06/2026;140189;73112;12;7;12;1;0;;;4
17;347;CERV PATAGONIA AMBER LT 473ML;BEBIDAS;76220;04/06/2026;140189;73112;6;12;6;1;0;;;18
17;33869;REFRE HAPPY TP 200ML LARANJA;BEBIDAS;76220;04/06/2026;140189;73112;24;1416;48;2;0;;;0
17;34725;REFRE HAPPY TP 1L LARANJA;BEBIDAS;76220;04/06/2026;140189;73112;12;649;12;1;0;;;13
17;9622;INSET MAT INSET MULTI PROMO 360ML INSETICIDA;PERFUMARIA E LIMPEZA;76220;04/06/2026;140189;73112;12;839;24;2;2;05/06/2026;KELLER;-24
17;24062;SAPONACEO CREM FONT 250ML CLORO;PERFUMARIA E LIMPEZA;76220;04/06/2026;140189;73112;12;96;12;1;1;05/06/2026;KELLER;3
17;4197;AMAC DOWNY 900ML COLLECTION;PERFUMARIA E LIMPEZA;76220;04/06/2026;140189;73112;12;0;12;0;0;05/06/2026;KELLER;0
17;3890;ABS C ABAS ALWAYS LV16PG14 AC S NOT;PERFUMARIA E LIMPEZA;76220;04/06/2026;140189;73112;12;46;24;12;12;05/06/2026;KELLER;-19
17;5674;DETERG GIRANDO SOL 500ML MACA;PERFUMARIA E LIMPEZA;76220;04/06/2026;140189;73112;24;3864;72;3;3;05/06/2026;KELLER;-143
17;3948;AGUA SANIT GOTA LIMPA 1L;PERFUMARIA E LIMPEZA;76220;04/06/2026;140189;73112;12;1452;12;0;0;05/06/2026;KELLER;67
17;2672;FARINHA MANDIOCA CBS 500G;MERCEARIA;76220;04/06/2026;140189;73112;12;25;36;4;0;;;7
17;33464;SABAO GIRANDO SOL C 5 GLICE NEUTRO;PERFUMARIA E LIMPEZA;76220;04/06/2026;140189;73112;10;60;20;2;0;;;1
17;24068;SAPONACEO PO FONT 300G CLORO R 140123;PERFUMARIA E LIMPEZA;76220;04/06/2026;140189;73112;12;215;24;2;2;05/06/2026;KELLER;-5
17;9794;LIMP UAU PERFUMES 500ML NATUREZA HARMON;PERFUMARIA E LIMPEZA;76220;04/06/2026;140189;73112;24;0;24;2;2;05/06/2026;KELLER;0
17;3888;ABS C ABAS ALWAYS LV PG 32UN NOTUR;PERFUMARIA E LIMPEZA;76220;04/06/2026;140189;73112;6;42;12;0;0;05/06/2026;KELLER;0
17;2808;POLENTA CBS 500G PRE COZIDA;MERCEARIA;76220;04/06/2026;140189;73112;12;12;24;2;0;;;16
17;3628;SAL GROSSO CBS 1KG;MERCEARIA;76220;04/06/2026;140189;73112;15;0;75;5;0;;;77
17;2273;CANJICA BRANCA CBS 400G;MERCEARIA;76220;04/06/2026;140189;73112;12;0;12;1;0;;;8
17;589;SUCO COM TEM TP 200ML LARANJA;BEBIDAS;76220;04/06/2026;140189;73112;24;0;24;1;0;;;16
17;8865;AROMAT COALA CONC 120ML CITRONELA;PERFUMARIA E LIMPEZA;76220;04/06/2026;140189;73112;24;0;24;1;1;05/06/2026;KELLER;10
17;7801;SABAO BARRA YPE 900G M ATI PERF AZ;PERFUMARIA E LIMPEZA;76220;04/06/2026;140189;73112;12;180;60;5;5;05/06/2026;KELLER;-2
17;5694;DETERG YPE 500ML CLEAR CARE;PERFUMARIA E LIMPEZA;76220;04/06/2026;140189;73112;24;552;72;0;0;05/06/2026;KELLER;28
17;8642;ALVEJ VANISH PODER O2 450G WHITE;PERFUMARIA E LIMPEZA;76220;04/06/2026;140189;73112;12;0;12;0;0;05/06/2026;KELLER;-1
17;5698;DETERG YPE 500ML LIMAO;PERFUMARIA E LIMPEZA;76220;04/06/2026;140189;73112;24;816;96;0;0;05/06/2026;KELLER;1
17;882;REFRIG FRUKI GUARAN LT 350ML GUARANA ZERO;BEBIDAS;76220;04/06/2026;140189;73112;12;0;24;2;2;16/06/2026;ARIELI;12
17;607;SUCO DEL VALLE TP 1L UVA;BEBIDAS;76220;04/06/2026;140189;73112;6;6;6;1;0;;;4
17;386;ENERG MONSTER LT 473ML ABSOLUT ZERO;BEBIDAS;76220;04/06/2026;140189;73112;6;197;6;1;0;;;23
17;9293;DESINF YPE BAK 500ML TURQUESA;PERFUMARIA E LIMPEZA;76220;04/06/2026;140189;73112;12;264;12;0;0;05/06/2026;KELLER;6
17;4203;AMAC GIRANDO SOL 2L BRANCO;PERFUMARIA E LIMPEZA;76220;04/06/2026;140189;73112;6;414;18;0;0;05/06/2026;KELLER;10
17;7891;SABONETE FLOR DE YPE 85G BAUNILHA AMEND;PERFUMARIA E LIMPEZA;76220;04/06/2026;140189;73112;72;144;72;1;1;05/06/2026;KELLER;37
17;19372;INSET NITROCID PO 50G;PERFUMARIA E LIMPEZA;76220;04/06/2026;140189;73112;1;8;1;0;0;05/06/2026;KELLER;8
17;5449;DESINF LYSOFORM 1L LAVANDA;PERFUMARIA E LIMPEZA;76220;04/06/2026;140189;73112;12;0;12;0;0;05/06/2026;KELLER;12
17;9543;FRALDA DESC BABYSEC JUMBINHO XXG 12 UN;PERFUMARIA E LIMPEZA;76220;04/06/2026;140189;73112;8;288;16;0;0;05/06/2026;KELLER;2
18;2510;ERVA MATE PONCHE VERDE 500G TRAD;MERCEARIA;76222;04/06/2026;140190;73069;20;100;20;1;0;;;39
18;3442;SOPAO APTI 180G FEIJAO MACARRAO;MERCEARIA;76222;04/06/2026;140190;73069;12;24;12;1;0;;;35
18;20600;MAS CASEIRA MOSMANN TOPE 400G;MERCEARIA;76222;04/06/2026;140190;73069;20;57;20;1;0;;;12
18;5250;CR DENT CLOSE UP 70G TRIPLE HORTELA;PERFUMARIA E LIMPEZA;76222;04/06/2026;140190;73069;72;0;72;2;0;;;5
18;7918;SABONETE LUX 125G SUAVE BUQUE DE JASMIM;PERFUMARIA E LIMPEZA;76222;04/06/2026;140190;73069;72;1224;144;2;0;;;0
18;19324;HID PAIXAO 200ML ONLY YO INSPIR R 785 0;PERFUMARIA E LIMPEZA;76222;04/06/2026;140190;73069;24;0;24;1;0;;;-17
18;8350;SH SEDA 325ML PRETOS LUMINOSO;PERFUMARIA E LIMPEZA;76222;04/06/2026;140190;73069;12;1464;12;1;0;;;13
18;34978;SAB MARAN SUAVE 80G ROSAS;PERFUMARIA E LIMPEZA;76222;04/06/2026;140190;73069;108;36147;108;1;0;;;26
18;37003;FARINHA MANDIOCA ROCHA 500G TORRADA;MERCEARIA;76222;04/06/2026;140190;73069;20;0;40;2;0;;;2
18;3693;TEMP MAGGI MEU SEGREDO 49G TOMATE ERVAS;MERCEARIA;76222;04/06/2026;140190;73069;42;41;42;1;0;;;50
18;3452;SOPAO MAGGI 200G CARNE LEGUMES;MERCEARIA;76222;04/06/2026;140190;73069;24;48;24;2;0;;;-1
18;32712;CREME NEILAR CEBOLA 60G;MERCEARIA;76222;04/06/2026;140190;73069;18;0;18;1;0;;;11
18;22679;RAC 4PATAS GATOS CASTRADOS 1K;PRODUTOS PET;76222;04/06/2026;140190;73069;10;266;10;1;0;;;10
18;3440;SOPAO APTI 180G CARNE MACARRAO LEGUM;MERCEARIA;76222;04/06/2026;140190;73069;12;12;24;2;0;;;0
18;2908;MASSA C OVOS ISABELA 500G LINGUINE;MERCEARIA;76222;04/06/2026;140190;73069;16;56;16;1;0;;;-11
18;2859;MASSA C OVOS NORDESTE 500G ESPAGUETE;MERCEARIA;76222;04/06/2026;140190;73069;15;225;60;4;0;;;-64
18;21910;PET FRISKIES 40G SALMAO;PRODUTOS PET;76222;04/06/2026;140190;73069;15;0;15;1;0;;;8
18;3976;ALIM CAO ALPO AD 10 1KG CAR FGO CER VEG;PRODUTOS PET;76222;04/06/2026;140190;73069;1;2;1;1;0;;;2
18;22702;RAC DODOG ORIG 10 1K;PRODUTOS PET;76222;04/06/2026;140190;73069;1;199;14;0;0;10/06/2026;MIKAEL;21
18;4216;AMAC YPE 2L DELICADO AMOR;PERFUMARIA E LIMPEZA;76222;04/06/2026;140190;73069;6;630;12;2;0;;;-12
18;33959;CREME PENT SEDA 1KG DEFINICAO FLEX;PERFUMARIA E LIMPEZA;76222;04/06/2026;140190;73069;6;90;6;1;0;;;3
18;37021;FAROFA DINDA 200G TRAD;MERCEARIA;76222;04/06/2026;140190;73069;25;41;50;2;0;;;-40
18;3437;SOPA CEBOLA MAGGI 68G;MERCEARIA;76222;04/06/2026;140190;73069;12;0;24;2;0;;;1
18;3447;SOPAO MAGGI 200G COSTELA LEGUMES;MERCEARIA;76222;04/06/2026;140190;73069;24;24;24;1;0;;;0
18;5696;DETERG YPE 500ML MACA;PERFUMARIA E LIMPEZA;76222;04/06/2026;140190;73069;24;240;48;2;0;;;0
18;38562;KIT SH CD NEUTROX 300ML 200ML FORCA;PERFUMARIA E LIMPEZA;76222;04/06/2026;140190;73069;12;0;12;1;0;;;0
18;38563;KIT SH CD NEUTROX 300ML 200ML OLEOS;PERFUMARIA E LIMPEZA;76222;04/06/2026;140190;73069;12;60;12;2;0;;;0
18;2348;FEIJAO PRETO ARBAZA TP1 1KG;MERCEARIA;76222;04/06/2026;140190;73069;30;9133;90;3;0;;;114
18;17665;ERVA MATE CAMBONA MOIDA GROSSA 1KG;MERCEARIA;76222;04/06/2026;140190;73069;10;376;10;1;0;;;81
18;2280;CANJICA AMARELA CBS 400G;MERCEARIA;76222;04/06/2026;140190;73069;12;139;60;6;0;;;2
18;3642;SAL REFINADO CISNE 1KG;MERCEARIA;76222;04/06/2026;140190;73069;10;0;50;5;0;;;-45
18;3443;SOPAO APTI 180G GALINHA VEGET;MERCEARIA;76222;04/06/2026;140190;73069;12;119;12;1;0;;;38
18;2912;MASSA C OVOS ISABELA 500G FURADINHO;MERCEARIA;76222;04/06/2026;140190;73069;16;84;16;1;0;;;25
18;33899;MACARRAO INST GERMANI 63G CARNE PICANTE;MERCEARIA;76222;04/06/2026;140190;73069;50;1997;50;1;0;;;153
18;5695;DETERG YPE 500ML COCO;PERFUMARIA E LIMPEZA;76222;04/06/2026;140190;73069;24;1104;72;3;0;;;0
18;10197;SAB SENSUS BEAUTY ESSENCE 80G JARDINS TURQUIA;PERFUMARIA E LIMPEZA;76222;04/06/2026;140190;73069;108;3456;108;1;0;;;35
18;22632;QJO RAL KIFORMAGGIO TRAD 250G;MERCEARIA;76222;04/06/2026;140190;73069;20;0;40;2;0;;;0
18;3674;TEMP MAGGI TEMPERO E SABOR 50G CARNES;MERCEARIA;76222;04/06/2026;140190;73069;48;0;96;3;0;;;2
18;2937;MASSA C OVOS ORQUIDEA 500G ESP NINH;MERCEARIA;76222;04/06/2026;140190;73069;10;170;10;1;0;;;1
18;3978;ALIM CAO ALPO 1KG FI CAR FG CER VEG LEITE;PRODUTOS PET;76222;04/06/2026;140190;73069;10;70;10;1;0;;;33
18;22744;RAC SNOW DOG FGO TOMATE 5K;PRODUTOS PET;76222;04/06/2026;140190;73069;1;80;9;0;0;10/06/2026;MIKAEL;0
18;5698;DETERG YPE 500ML LIMAO;PERFUMARIA E LIMPEZA;76222;04/06/2026;140190;73069;24;816;72;3;0;;;81
18;7932;SABONETE NIVEA 85G AVEIA;PERFUMARIA E LIMPEZA;76222;04/06/2026;140190;73069;96;1536;96;1;0;;;7
18;10146;SAB FARNESE 180G FLOR CER VANILA;PERFUMARIA E LIMPEZA;76222;04/06/2026;140190;73069;36;2088;36;1;0;;;99
18;2808;POLENTA CBS 500G PRE COZIDA;MERCEARIA;76222;04/06/2026;140190;73069;12;12;48;4;0;;;13
18;2964;MOLHO SHOYU EXTREMO SABOR 1 01L;MERCEARIA;76222;04/06/2026;140190;73069;6;120;6;1;0;;;9
18;2940;MASSA S OVOS NORDESTE 1KG ESPAGUETE;MERCEARIA;76222;04/06/2026;140190;73069;15;24;15;1;0;;;2
18;2856;MASSA C OVOS NORDESTE 500G PENNE;MERCEARIA;76222;04/06/2026;140190;73069;15;0;30;2;0;;;13
18;3369;CALDO APTI 57G CARNE;MERCEARIA;76222;04/06/2026;140190;73069;120;119;120;1;0;;;101
18;20347;MAC INST NISSIN 85G GAL CAIP;MERCEARIA;76222;04/06/2026;140190;73069;50;3544;50;1;0;;;2673
18;21909;PET FRISKIES 40G CAR;PRODUTOS PET;76222;04/06/2026;140190;73069;15;0;15;1;0;;;1
18;8789;ABS MILI COB C ABAS SV 8UN;PERFUMARIA E LIMPEZA;76222;04/06/2026;140190;73069;36;827;36;1;0;;;13
18;5291;CR PENT MONANGE 300ML CACHOS QUE TAL;PERFUMARIA E LIMPEZA;76222;04/06/2026;140190;73069;12;0;12;1;0;;;9
18;2106;ARROZ BCO PILECCO SUPER ECCO TP1 2K;MERCEARIA;76222;04/06/2026;140190;73069;15;190;30;2;0;;;-43
18;17664;ERVA MATE BARAO MOIDA GROSSA VAC;MERCEARIA;76222;04/06/2026;140190;73069;10;17;10;1;0;;;9
18;2672;FARINHA MANDIOCA CBS 500G;MERCEARIA;76222;04/06/2026;140190;73069;12;25;36;3;0;;;6
18;3778;VINAGRE MACA ROSINA 750ML;MERCEARIA;76222;04/06/2026;140190;73069;12;153;12;1;0;;;9
18;3392;CALDO GALINHA MAGGI 152G;MERCEARIA;76222;04/06/2026;140190;73069;76;0;76;1;0;;;56
18;20653;MAS PARAF ISABELA SEMOLA 400G;MERCEARIA;76222;04/06/2026;140190;73069;20;113;40;2;0;;;120
18;9996;PETISCO FRISKIES 40G FRANGO;PRODUTOS PET;76222;04/06/2026;140190;73069;15;31;15;0;0;10/06/2026;MIKAEL;0
18;9145;COND SEDA GLYCOL VIT C 425ML;PERFUMARIA E LIMPEZA;76222;04/06/2026;140190;73069;12;21;12;1;0;;;-20
18;2737;FARINHA TRIGO ROSESOL 1KG;MERCEARIA;76222;04/06/2026;140190;73069;10;2671;110;13;0;;;118
18;2699;FARINHA ROSCA CBS 500G;MERCEARIA;76222;04/06/2026;140190;73069;12;0;12;1;0;;;18
18;3808;POLVILHO AZEDO CBS 400G;MERCEARIA;76222;04/06/2026;140190;73069;12;0;12;1;0;;;13
18;3628;SAL GROSSO CBS 1KG;MERCEARIA;76222;04/06/2026;140190;73069;15;0;60;4;0;;;-17,716
18;2762;FARINHA TRIGO MARIA INES 5KG PASTEL;MERCEARIA;76222;04/06/2026;140190;73069;5;4;5;1;0;;;3
18;3435;CANJAO GALINHA MAGGI 200G ARROZ LEGUMES;MERCEARIA;76222;04/06/2026;140190;73069;24;0;24;1;0;;;0
18;3386;CALDO GALINHA MAGGI 57G;MERCEARIA;76222;04/06/2026;140190;73069;150;0;150;1;0;;;42
18;20363;MAC INST NISSIN C 6 L P GAL CAIP;MERCEARIA;76222;04/06/2026;140190;73069;12;77;60;5;0;;;384
18;2629;ERVA MATE PONCHE VERDE 1KG MOIDA GROSSA;MERCEARIA;76222;04/06/2026;140190;73069;20;0;20;0;0;;;72
18;3893;ABS C ABAS DIA NOITE 32 UN SUAVE;PERFUMARIA E LIMPEZA;76222;04/06/2026;140190;73069;16;79;16;2;0;;;2
18;3888;ABS C ABAS ALWAYS LV PG 32UN NOTUR;PERFUMARIA E LIMPEZA;76222;04/06/2026;140190;73069;6;42;12;2;0;;;0
18;5692;DETERG YPE 500 ML NEUTRO;PERFUMARIA E LIMPEZA;76222;04/06/2026;140190;73069;24;1272;168;7;0;;;32
18;5691;DETERG YPE 500 ML CLEAR;PERFUMARIA E LIMPEZA;76222;04/06/2026;140190;73069;24;-48;96;4;0;;;0
18;9540;FRALDA BABYSEC ULTRA JUMBINHO M 18 UN;PERFUMARIA E LIMPEZA;76222;04/06/2026;140190;73069;8;64;8;1;0;;;5
18;19791;KIT SH CD NEUTROX 300ML 200ML CLASSICO;PERFUMARIA E LIMPEZA;76222;04/06/2026;140190;73069;12;464;24;2;0;;;0
18;2242;ARROZ PARBO RAROZ TP1 5KG;MERCEARIA;76222;04/06/2026;140190;73069;6;2;12;2;0;;;77
1;6792;LEITE UHT PET ELEGE 1L INTEGRAL;PERECIVEIS;76286;05/06/2026;140264;73066;6;9296;6;1;0;;;47
1;8244;SH JAY LUC 1L COCO SEM SAL;PERFUMARIA E LIMPEZA;76314;05/06/2026;140278;73066;12;23;12;1;0;06/06/2026;MONIQUE;5
1;643;SUCO DEL VALLE FRUT PET 1 5L FRUT CITRICAS;BEBIDAS;76314;05/06/2026;140278;73066;6;36;6;1;0;;;-1
1;783;ACHOC PO NESCAU SH 2 01KG;MERCEARIA;76627;05/06/2026;140825;73365;4;7;8;2;0;06/06/2026;MURILO;0
2;5077;COND SEDA 325ML SOS CERAMIDAS;PERFUMARIA E LIMPEZA;76316;05/06/2026;140279;73105;12;60;12;1;0;;;14
2;21692;PAPEL HIG NATUPEL PREM FS 30M C 4;PERFUMARIA E LIMPEZA;76316;05/06/2026;140279;73105;16;160;32;0;0;09/06/2026;ELIAS;6
2;21691;PAPEL HIG NATUPEL FD 20M C 12;PERFUMARIA E LIMPEZA;76316;05/06/2026;140279;73105;6;48;6;0;0;09/06/2026;ELIAS;65
2;18942;GEL AMAZONIA ARNICA 235G;PERFUMARIA E LIMPEZA;76316;05/06/2026;140279;73105;24;24;24;1;0;;;17
2;10;REFRIG COCA COLA PET 2L;BEBIDAS;76316;05/06/2026;140279;73105;4;21;300;75;0;;;3041
2;17660;ENX BUCAL COLGATE PLAX L500P350ML FRESH MINT;PERFUMARIA E LIMPEZA;76316;05/06/2026;140279;73105;12;48;12;1;0;;;10
2;5023;COND PANTENE 150ML QUERATINA;PERFUMARIA E LIMPEZA;76316;05/06/2026;140279;73105;12;72;12;1;0;;;10
2;145;CERV ANTARCTICA SUBZERO LT 473ML;BEBIDAS;76479;05/06/2026;140523;74296;12;4530;1344;112;0;;;759
2;840;REFRIG PEPSI PET 3L;BEBIDAS;76479;05/06/2026;140523;74296;4;55;180;45;0;;;1
3;21693;PAPEL HIG NATUPEL PREM FS 60M C 4;PERFUMARIA E LIMPEZA;76318;05/06/2026;140280;73070;16;119;16;0;0;05/06/2026;WILLIAN MATEUS;19
3;6931;LIMP UAU 500ML REQUINTE;PERFUMARIA E LIMPEZA;76318;05/06/2026;140280;73070;24;24;24;2;0;;;0
3;8140;SH ANTIC CLEAR 400ML ICE COOL MENTOL;PERFUMARIA E LIMPEZA;76318;05/06/2026;140280;73070;12;72;12;1;0;;;14
3;35162;DET LIQUIDO OMO CICLO 1 4L RAP ACAO;PERFUMARIA E LIMPEZA;76318;05/06/2026;140280;73070;6;78;6;1;0;;;23
3;4117;ALVEJ Q BOA 1L FLORAL;PERFUMARIA E LIMPEZA;76318;05/06/2026;140280;73070;12;108;12;1;0;;;6
3;6738;LAVA ROUPA SURF 900ML 5 EM 1 LAVANDA;PERFUMARIA E LIMPEZA;76318;05/06/2026;140280;73070;12;0;12;1;0;;;0
3;4265;AP VENUS SIMPLY LV4 PG3 SUAVE SENS;PERFUMARIA E LIMPEZA;76318;05/06/2026;140280;73070;6;66;6;1;0;;;3
3;5842;ESC DENTAL ORAL B COMPL LV2 PG1;PERFUMARIA E LIMPEZA;76318;05/06/2026;140280;73070;1;5;1;2;0;;;7
3;6024;ESPUMA BARBA GILLETTE 155G CARBONO;PERFUMARIA E LIMPEZA;76318;05/06/2026;140280;73070;6;0;6;1;0;;;22
3;6996;LOC HID MONANGE 200ML FLOR DE LAVANDA;PERFUMARIA E LIMPEZA;76318;05/06/2026;140280;73070;24;48;24;2;0;;;-8
3;22275;PORTA SAB LIQ SANREMO 280ML;NAO ALIMENTO;76346;05/06/2026;140294;73129;1;35;1;0;0;10/06/2026;RAMIRES;16
3;6631;LAMP ELGIN BULBO 9W 6500K 220V;NAO ALIMENTO;76346;05/06/2026;140294;73129;10;8716;10;3;3;10/06/2026;RAMIRES;229
3;9503;FACA TRAMONTINA CHURRASCO 4 LEME VERMELHA;NAO ALIMENTO;76346;05/06/2026;140294;73129;60;180;60;4;4;10/06/2026;RAMIRES;33
3;35021;DUCHA SS ZAGONEL 3T 220V BCA;NAO ALIMENTO;76346;05/06/2026;140294;73129;12;652;12;1;1;10/06/2026;RAMIRES;11
3;19339;INCENSO FLUTE C 8 CHAMA FREGUES;NAO ALIMENTO;76346;05/06/2026;140294;73129;25;0;25;1;1;10/06/2026;RAMIRES;61
3;2441;PIPOCA MICRO YOKI 105G COBERTURA MANTEIGA;MERCEARIA;76727;05/06/2026;141167;73554;30;0;30;1;0;08/06/2026;AUGUSTO;1
3;18459;FEIJAO BCO SERRA URUGUAI 500G;MERCEARIA;76727;05/06/2026;141167;73554;20;0;20;1;0;08/06/2026;AUGUSTO;85
4;2084;ARROZ BCO REQUINTE TP1 1KG;MERCEARIA;76485;05/06/2026;140587;74287;30;58;120;4;0;;;2
4;17026;CURATIVO COTTONBABY 35UN TRAD;PERFUMARIA E LIMPEZA;76485;05/06/2026;140587;74287;36;72;72;0;0;10/06/2026;CAROLINA;11
4;2110;ARROZ BCO PILECCO NOBRE TP1 2KG;MERCEARIA;76485;05/06/2026;140587;74287;15;283;30;2;0;;;-13
4;7927;SABONETE LUX 85G LAVANDA;PERFUMARIA E LIMPEZA;76485;05/06/2026;140587;74287;108;432;216;2;2;10/06/2026;JOCELAINE;15
4;10181;SAB POMPOM 80G HIDRATANTE;PERFUMARIA E LIMPEZA;76485;05/06/2026;140587;74287;12;2172;24;1;1;10/06/2026;CAROLINA;33
4;10196;SAB SENSUS BEAUTY ESSENCE 80G FOR MEN;PERFUMARIA E LIMPEZA;76485;05/06/2026;140587;74287;108;3564;216;2;2;10/06/2026;JESSICA;37
4;35127;TOALHA UMED BEBE LIMPINHO C45;PERFUMARIA E LIMPEZA;76485;05/06/2026;140587;74287;24;336;48;1;1;10/06/2026;JESSICA;151
4;34977;SAB MARAN SUAVE 80G PESSEGO;PERFUMARIA E LIMPEZA;76485;05/06/2026;140587;74287;108;24405;216;2;2;10/06/2026;JOCELAINE;434
4;16930;CR TRAT CAPILAR HEDERA BABOSA 960G;PERFUMARIA E LIMPEZA;76485;05/06/2026;140587;74287;6;12;12;0;0;10/06/2026;JOCELAINE;-1
4;23021;SAB LIQ BELEZA AMAZONIA 370ML ERV DOCE;PERFUMARIA E LIMPEZA;76485;05/06/2026;140587;74287;12;24;24;2;2;10/06/2026;JESSICA;10
4;2217;ARROZ PARBO RAROZ TP1 1KG;MERCEARIA;76485;05/06/2026;140587;74287;30;689;60;2;0;;;-10
4;12280;AGUA OXIG BUTTERF 40V 100ML;PERFUMARIA E LIMPEZA;76485;05/06/2026;140587;74287;12;47;24;0;0;10/06/2026;CAROLINA;8
4;2760;FARINHA TRIGO NORDESTE 5KG;MERCEARIA;76485;05/06/2026;140587;74287;5;502;10;2;0;;;9
4;7948;SABON PALMOLIVE NATURALS 150G OLEO ARGAN;PERFUMARIA E LIMPEZA;76485;05/06/2026;140587;74287;72;564;144;0;0;10/06/2026;JOCELAINE;0
4;7424;PEDRA SANITARIA SANI SOL 20G FLORAL;PERFUMARIA E LIMPEZA;76485;05/06/2026;140587;74287;144;2015;288;0;0;10/06/2026;JOCELAINE;70
4;910;REFRIG SUKITA LT 350 ML;BEBIDAS;76487;05/06/2026;140545;74287;12;23;60;5;0;;;11
4;896;REFRIG FANTA LARANJA LT 350ML;BEBIDAS;76487;05/06/2026;140545;74287;6;846;30;5;0;;;100
4;764;REFRIG COCA COLA PET 200ML ZERO;BEBIDAS;76487;05/06/2026;140545;74287;12;1632;240;20;0;;;2
4;886;REFRIG ANTARCTICA GUAR LT 350ML ZR;BEBIDAS;76487;05/06/2026;140545;74287;12;302;120;10;0;;;21
4;770;REFRIG FRUKI PET 200ML LARANJA;BEBIDAS;76487;05/06/2026;140545;74287;12;11;12;1;0;;;0
4;766;REFRIG FANTA PET 200ML LARANJA;BEBIDAS;76487;05/06/2026;140545;74287;12;1668;120;10;0;;;0
4;781;REFRIG SUKITA PET 200ML;BEBIDAS;76487;05/06/2026;140545;74287;12;0;120;10;0;;;-3
4;759;REFRIG ANTARCTICA GUARANA PET 200ML;BEBIDAS;76487;05/06/2026;140545;74287;12;259;240;20;0;;;340
4;849;REFRIG COCA COLA PET 600ML ZERO;BEBIDAS;76487;05/06/2026;140545;74287;12;2127;120;10;0;;;35
4;867;REFRIG COCA COLA ZERO LT 310ML C6;BEBIDAS;76487;05/06/2026;140545;74287;6;0;30;5;0;;;0
4;37786;LAVA ROUPAS OMO LAV PERF 1 8L;PERFUMARIA E LIMPEZA;76729;05/06/2026;141168;73555;6;664;18;3;0;06/06/2026;RONALDO;0
5;38563;KIT SH CD NEUTROX 300ML 200ML OLEOS;PERFUMARIA E LIMPEZA;76320;05/06/2026;140281;73067;12;60;12;2;0;;;0
5;34976;SAB MARAN SUAVE 80G ERVA DOCE;PERFUMARIA E LIMPEZA;76320;05/06/2026;140281;73067;108;25164;108;1;0;;;6
5;38562;KIT SH CD NEUTROX 300ML 200ML FORCA;PERFUMARIA E LIMPEZA;76320;05/06/2026;140281;73067;12;0;12;2;0;;;0
5;48;AGUA MIN FLORESTA PET 500ML C GAS;BEBIDAS;76489;05/06/2026;140588;74291;12;30236;1044;87;0;;;1841
5;20391;MAIONESE LIZA CASEIRA 450G;MERCEARIA;76532;05/06/2026;140625;73243;12;0;36;3;0;06/06/2026;ALEXANDRE;123
6;24310;SH COTTONBABY SNOOPY 200ML TOQUE ALGODAO;PERFUMARIA E LIMPEZA;76322;05/06/2026;140282;73103;12;0;12;1;0;;;9
6;3969;ALCOOL GEL SUPER VALE 450G;PERFUMARIA E LIMPEZA;76322;05/06/2026;140282;73103;12;912;12;1;0;;;12
6;17340;DET LIQ BIO KRISS 500ML CLEAR;PERFUMARIA E LIMPEZA;76322;05/06/2026;140282;73103;24;168;24;2;0;;;44
6;6892;LIMP MULTI UAU 500ML LAVANDA;PERFUMARIA E LIMPEZA;76322;05/06/2026;140282;73103;24;167;24;1;0;;;10
6;5553;DESOD AERO MONANGE 90G INVISIVEL;PERFUMARIA E LIMPEZA;76322;05/06/2026;140282;73103;12;588;12;1;0;;;3
6;5355;CREME BARBA BOZZANO 65G ALOE VERA;PERFUMARIA E LIMPEZA;76322;05/06/2026;140282;73103;1;0;1;0;0;;;0
6;5220;CR DEN COLGATE 90G MPA;PERFUMARIA E LIMPEZA;76322;05/06/2026;140282;73103;144;1151;144;1;0;;;122
6;5551;DESOD AERO MONANGE 90G FLOR DE LAVANDA;PERFUMARIA E LIMPEZA;76322;05/06/2026;140282;73103;12;479;12;1;0;;;15
6;4995;COND MONANGE 325ML LISOS TE QUERO;PERFUMARIA E LIMPEZA;76322;05/06/2026;140282;73103;12;12;12;1;0;;;8
6;7932;SABONETE NIVEA 85G AVEIA;PERFUMARIA E LIMPEZA;76322;05/06/2026;140282;73103;96;1536;96;1;0;;;48
6;10197;SAB SENSUS BEAUTY ESSENCE 80G JARDINS TURQUIA;PERFUMARIA E LIMPEZA;76322;05/06/2026;140282;73103;108;3456;108;1;0;;;91
6;6839;LIMP MULTI USO AJAX BQ FLORES 500ML FLORES CAMPO;PERFUMARIA E LIMPEZA;76322;05/06/2026;140282;73103;12;12;12;1;0;;;13
6;38563;KIT SH CD NEUTROX 300ML 200ML OLEOS;PERFUMARIA E LIMPEZA;76322;05/06/2026;140282;73103;12;60;12;2;0;;;0
6;17159;DESINFETANTE AQUAFAST 1L MARINE;PERFUMARIA E LIMPEZA;76322;05/06/2026;140282;73103;12;0;12;1;0;;;7
6;10144;SAB FARNESE 180G AVEIA ESFOL;PERFUMARIA E LIMPEZA;76322;05/06/2026;140282;73103;36;2052;36;1;0;;;76
6;7937;SABONETE NIVEA 85G ORQUIDEA;PERFUMARIA E LIMPEZA;76322;05/06/2026;140282;73103;96;1728;96;1;0;;;106
6;8414;SH COND TRESEMME 350ML 175ML BRILHO LAMELAR;PERFUMARIA E LIMPEZA;76322;05/06/2026;140282;73103;16;128;16;1;0;;;5
7;778;REFRIG PEPSI COLA PET 200ML;BEBIDAS;76324;05/06/2026;140283;73068;12;973;12;7;0;;;-3
7;3674;TEMP MAGGI TEMPERO E SABOR 50G CARNES;MERCEARIA;76324;05/06/2026;140283;73068;48;0;48;2;0;;;-61
7;21691;PAPEL HIG NATUPEL FD 20M C 12;PERFUMARIA E LIMPEZA;76324;05/06/2026;140283;73068;6;48;6;0;0;05/06/2026;WILLIAN MATEUS;0
7;156;CERV BUDWEISER LT 473ML;BEBIDAS;76324;05/06/2026;140283;73068;12;8748;12;14;0;;;328
7;909;REFRIG SPRITE LT 350ML;BEBIDAS;76324;05/06/2026;140283;73068;6;2;12;2;0;;;17
7;1494;CHOC LOLLO NESTLE FLOWPACK 114G;MERCEARIA;76324;05/06/2026;140283;73068;30;0;30;1;0;;;12
7;3735;TEMP SAZON 60G FEIJAO;MERCEARIA;76324;05/06/2026;140283;73068;48;0;48;1;0;;;5
7;897;REFRIG FANTA LARANJA ZERO LT 350ML;BEBIDAS;76324;05/06/2026;140283;73068;6;2386;12;2;0;;;15
7;2731;MACARRAO CUP NOODLES 72G BOLONHESA;MERCEARIA;76324;05/06/2026;140283;73068;24;21;24;1;0;;;4
7;847;REFRIG COCA COLA PET 600ML;BEBIDAS;76324;05/06/2026;140283;73068;12;0;24;7;0;;;53
7;193;CERV PROVINCIA PILSEN PREM LT 473ML;BEBIDAS;76324;05/06/2026;140283;73068;12;16510;36;7;0;;;1524
7;390;ENERG MONSTER LT 473ML GREEN ZERO;BEBIDAS;76324;05/06/2026;140283;73068;6;937;6;5;0;;;12
7;416;ENERG ELEV PET 2 L ZERO;BEBIDAS;76324;05/06/2026;140283;73068;6;80;6;1;0;;;18
7;425;INA ENERG BALY PET 2L ABACAXI HORTELA;BEBIDAS;76324;05/06/2026;140283;73068;6;288;6;1;0;;;6
7;147;CERV ANTARCTICA PILSEN LT 473ML;BEBIDAS;76324;05/06/2026;140283;73068;12;4969;12;2;0;;;164
7;840;REFRIG PEPSI PET 3L;BEBIDAS;76324;05/06/2026;140283;73068;4;55;52;13;0;;;-16
7;3769;VINAGRE ALCOOL KOLLER 500ML;MERCEARIA;76324;05/06/2026;140283;73068;12;1320;12;1;0;;;-2
7;4047;ALIM GATO FRISKIES 85G FILHO CARN MOLH;PRODUTOS PET;76324;05/06/2026;140283;73068;15;495;15;1;0;;;64
7;648;WHISKY MASTER GOLD VD 900ML;BEBIDAS;76324;05/06/2026;140283;73068;1;307;3;3;0;;;1
7;1856;PAST DOCILE MINTY 14G LAR;MERCEARIA;76324;05/06/2026;140283;73068;12;83;12;1;0;;;35
7;48;AGUA MIN FLORESTA PET 500ML C GAS;BEBIDAS;76496;05/06/2026;140590;74292;12;30236;684;57;0;;;2357
7;2118;ARROZ BCO SABOROSO TP1 2KG;MERCEARIA;76496;05/06/2026;140590;74292;15;105;30;3;0;;;-27
7;2629;ERVA MATE PONCHE VERDE 1KG MOIDA GROSSA;MERCEARIA;76496;05/06/2026;140590;74292;20;0;260;0;0;;;414
7;783;ACHOC PO NESCAU SH 2 01KG;MERCEARIA;76639;05/06/2026;140831;73371;4;7;8;2;0;06/06/2026;CAROLINA;11
7;2107;CAFE SOL NESCAFE SH 40G TRADICAO FORTE;MERCEARIA;76676;05/06/2026;140885;73371;24;14673;240;10;0;06/06/2026;CAROLINA;55
7;35127;TOALHA UMED BEBE LIMPINHO C45;PERFUMARIA E LIMPEZA;76735;05/06/2026;141171;73558;24;336;72;3;0;;;40
8;21692;PAPEL HIG NATUPEL PREM FS 30M C 4;PERFUMARIA E LIMPEZA;76326;05/06/2026;140284;73065;16;160;16;0;0;05/06/2026;WILLIAN MATEUS;-54
8;1416;CHOC SNICKERS 45G;MERCEARIA;76326;05/06/2026;140284;73065;20;8;20;0;0;06/06/2026;JOCELAINE;29
8;3399;CALDO APTI 57G BACON;MERCEARIA;76326;05/06/2026;140284;73065;10;0;10;15;15;06/06/2026;JOCELAINE;16
8;687;ESP GARIBALDI PRIMICIAS GF 660ML ROSE;BEBIDAS;76326;05/06/2026;140284;73065;1;0;2;0;0;05/06/2026;JOCELAINE;6
8;49;AGUA MIN FLORESTA PET 500ML S GAS;BEBIDAS;76498;05/06/2026;140591;74288;12;108463;864;72;0;;;4025
8;48;AGUA MIN FLORESTA PET 500ML C GAS;BEBIDAS;76498;05/06/2026;140591;74288;12;30236;816;68;0;;;2469
8;783;ACHOC PO NESCAU SH 2 01KG;MERCEARIA;76641;05/06/2026;140832;73372;4;7;8;2;0;08/06/2026;PAMELA;1
11;4212;AMAC GOTA LIMPA 5L DELICATA;PERFUMARIA E LIMPEZA;76328;05/06/2026;140285;73106;4;160;4;3;0;;;2
11;6692;LAVA ROUPA BRILHANTE 3L LIMPEZA TOTAL;PERFUMARIA E LIMPEZA;76328;05/06/2026;140285;73106;4;999;8;2;0;;;44
11;8789;ABS MILI COB C ABAS SV 8UN;PERFUMARIA E LIMPEZA;76328;05/06/2026;140285;73106;36;827;36;1;0;;;-21
11;6841;LIMP MULTI USO AJAX BQ FLORES 500ML FLORES LAVANDA;PERFUMARIA E LIMPEZA;76328;05/06/2026;140285;73106;12;11;12;1;0;;;4
11;17394;DET PO ASSIM 800G TRIPLA ACAO BI;PERFUMARIA E LIMPEZA;76328;05/06/2026;140285;73106;20;1973;20;3;0;;;182
11;33941;DET PO GIRANDO SOL SH 800G COCO BAUN;PERFUMARIA E LIMPEZA;76328;05/06/2026;140285;73106;25;845;25;2;0;;;-20
11;15727;CERA LIQ ANDREIA AUTO BR 750ML VM;PERFUMARIA E LIMPEZA;76328;05/06/2026;140285;73106;12;12;12;1;0;;;10
11;18279;ESPIRAL PIRISA C 10;PERFUMARIA E LIMPEZA;76328;05/06/2026;140285;73106;60;13560;60;1;0;;;82
11;4218;AMAC YPE 2L INTENSO;PERFUMARIA E LIMPEZA;76328;05/06/2026;140285;73106;6;1107;6;2;0;;;51
11;17177;DESINF GOTA LIMPA 2L PINHO;PERFUMARIA E LIMPEZA;76328;05/06/2026;140285;73106;6;82;12;2;0;;;1
11;17340;DET LIQ BIO KRISS 500ML CLEAR;PERFUMARIA E LIMPEZA;76328;05/06/2026;140285;73106;24;168;24;3;0;;;47
11;4164;AMAC CONC COMFORT 1 5L CUIDADO ESSEN;PERFUMARIA E LIMPEZA;76328;05/06/2026;140285;73106;9;0;9;1;0;;;7
11;6021;ESPUMA BARBA BOZZANO 193G HIDRATACAO;PERFUMARIA E LIMPEZA;76328;05/06/2026;140285;73106;1;3;1;7;0;;;0
11;7832;SABAO PO GIRANDO SOL 800G HIPOALERGENICO;PERFUMARIA E LIMPEZA;76328;05/06/2026;140285;73106;25;722;25;2;0;;;94
11;17408;DET PO GIRANDO SOL HIPO SH 4K;PERFUMARIA E LIMPEZA;76328;05/06/2026;140285;73106;5;138;5;1;0;;;5
11;17388;DET PO APYCE SH 4K AZUL;PERFUMARIA E LIMPEZA;76328;05/06/2026;140285;73106;5;0;5;3;0;;;1
11;17336;DET LIQ ATRIUS 5L GLICA;PERFUMARIA E LIMPEZA;76328;05/06/2026;140285;73106;4;61;4;15;0;;;111
11;7851;SABAO PO OMO 800G LAV PERFEITA;PERFUMARIA E LIMPEZA;76328;05/06/2026;140285;73106;20;7361;20;2;0;;;87
11;34846;ALVEJ BARBAREX 5L S CLORO;PERFUMARIA E LIMPEZA;76328;05/06/2026;140285;73106;2;170;4;4;0;;;1
11;7831;SABAO PO GIRANDO SOL 800G AZUL;PERFUMARIA E LIMPEZA;76328;05/06/2026;140285;73106;25;271;25;2;0;;;98
11;12420;AMAC GOTA LIMPA 2L PETALAS;PERFUMARIA E LIMPEZA;76328;05/06/2026;140285;73106;6;676;6;2;0;;;1
11;4969;COND ELSEVE 200ML LONGO DOS SONHO;PERFUMARIA E LIMPEZA;76328;05/06/2026;140285;73106;12;0;12;1;0;;;9
11;23002;SAB FONTANA SENSUS 150G LIMA LIMAO ORI;PERFUMARIA E LIMPEZA;76328;05/06/2026;140285;73106;72;1728;72;1;0;;;70
11;17420;DET PO TIXAN YPE CT 400PRIMAVERA;PERFUMARIA E LIMPEZA;76328;05/06/2026;140285;73106;28;55;28;1;0;;;14
11;8292;SH PANTENE 175ML LISO EXTREMO;PERFUMARIA E LIMPEZA;76328;05/06/2026;140285;73106;6;132;6;1;0;;;8
11;4202;AMAC GIRANDO SOL 2L AZUL;PERFUMARIA E LIMPEZA;76328;05/06/2026;140285;73106;6;466;12;2;0;;;73
11;33678;LIMP PERF SAIF CONCENTRADO 120ML KAIAK;PERFUMARIA E LIMPEZA;76328;05/06/2026;140285;73106;12;240;24;2;0;;;9
11;12308;ALCOOL ARAUCARIA 46 1L;PERFUMARIA E LIMPEZA;76328;05/06/2026;140285;73106;12;3443;12;3;0;;;27
11;6892;LIMP MULTI UAU 500ML LAVANDA;PERFUMARIA E LIMPEZA;76328;05/06/2026;140285;73106;24;167;24;1;0;;;5
11;23111;SAB PALMOLIVE 85G ARGILA EUCALIP;PERFUMARIA E LIMPEZA;76328;05/06/2026;140285;73106;108;3888;108;1;0;;;41
11;17337;DET LIQ ATRIUS 5L PREMIUM;PERFUMARIA E LIMPEZA;76328;05/06/2026;140285;73106;4;119;4;15;0;;;58
11;7872;SABONETE DOVE 90G PROTEGE CUIDA;PERFUMARIA E LIMPEZA;76328;05/06/2026;140285;73106;48;5190;48;1;0;;;24
11;7827;SABAO PO GIRANDO SOL 4KG ROSA;PERFUMARIA E LIMPEZA;76328;05/06/2026;140285;73106;5;29;5;1;0;;;24
11;17186;DESINF GOTA LIMPA 5L LAVANDA;PERFUMARIA E LIMPEZA;76328;05/06/2026;140285;73106;4;224;4;1;0;;;10
11;4213;AMAC GOTA LIMPA 5L FLORATA;PERFUMARIA E LIMPEZA;76328;05/06/2026;140285;73106;4;302;4;2;0;;;7
11;193;CERV PROVINCIA PILSEN PREM LT 473ML;BEBIDAS;76500;05/06/2026;140592;73791;12;16510;396;33;33;16/06/2026;ALEX JARDIM;1977
11;20391;MAIONESE LIZA CASEIRA 450G;MERCEARIA;76536;05/06/2026;140627;73791;12;0;36;3;0;;;14
11;783;ACHOC PO NESCAU SH 2 01KG;MERCEARIA;76643;05/06/2026;140833;73373;4;7;20;5;0;;;20
11;9751;LEITE SANTA CLARA UHT INT 1L;PERECIVEIS;76664;05/06/2026;141039;73459;12;4751;1020;340;255;;;4284
11;20391;MAIONESE LIZA CASEIRA 450G;MERCEARIA;77187;05/06/2026;141662;73740;12;0;240;20;0;;LUAN;14
12;5444;DESINF GIRANDO SOL 500ML TALCO;PERFUMARIA E LIMPEZA;76330;05/06/2026;140286;73108;12;13;12;1;0;06/06/2026;GUILHERME B;2
12;10149;SAB FARNESE 180G PURO HIDR;PERFUMARIA E LIMPEZA;76330;05/06/2026;140286;73108;36;1440;36;1;0;;;84
12;38563;KIT SH CD NEUTROX 300ML 200ML OLEOS;PERFUMARIA E LIMPEZA;76330;05/06/2026;140286;73108;12;60;12;2;0;;;0
12;33464;SABAO GIRANDO SOL C 5 GLICE NEUTRO;PERFUMARIA E LIMPEZA;76330;05/06/2026;140286;73108;10;60;10;1;0;;;24
12;5250;CR DENT CLOSE UP 70G TRIPLE HORTELA;PERFUMARIA E LIMPEZA;76330;05/06/2026;140286;73108;72;0;72;2;0;;;0
12;35696;ALCOOL COPERALCOOL 500ML TRADICIONAL;PERFUMARIA E LIMPEZA;76330;05/06/2026;140286;73108;12;372;12;1;0;06/06/2026;GUILHERME B;2
12;10144;SAB FARNESE 180G AVEIA ESFOL;PERFUMARIA E LIMPEZA;76330;05/06/2026;140286;73108;36;2052;36;1;0;;;68
12;790;REFRIG CHARRUA GUARANA PET 2L;BEBIDAS;76502;05/06/2026;140593;73792;8;6;320;40;0;;;572
13;7949;SABON PALMOLIVE NATURALS 150G OLEO NUTRITIVO;PERFUMARIA E LIMPEZA;76332;05/06/2026;140287;73110;72;168;72;1;0;;;-11
13;35127;TOALHA UMED BEBE LIMPINHO C45;PERFUMARIA E LIMPEZA;76332;05/06/2026;140287;73110;24;336;24;1;0;;;81
13;3399;CALDO APTI 57G BACON;MERCEARIA;76332;05/06/2026;140287;73110;10;0;90;19;0;;;10
13;5598;DESOD AERO REXONA 150ML 90G XTRACOL MEN;PERFUMARIA E LIMPEZA;76332;05/06/2026;140287;73110;12;60;12;1;0;;;47
13;9983;DESOD SANIT GOTA LIMPA 25G EUCALIPTO;PERFUMARIA E LIMPEZA;76332;05/06/2026;140287;73110;48;576;48;1;0;;;6
13;5804;ESC DENTAL COLGATE CLASSIC LONG MC 8450;PERFUMARIA E LIMPEZA;76332;05/06/2026;140287;73110;12;264;24;2;0;;;15
13;5314;CR PENT SEDA 300ML SOS CERAMIDAS;PERFUMARIA E LIMPEZA;76332;05/06/2026;140287;73110;12;132;12;1;0;;;4
13;7946;SABON PALMOLIVE NATURALS 150G LEITE ROSA;PERFUMARIA E LIMPEZA;76332;05/06/2026;140287;73110;72;480;72;1;0;;;19
13;3516;FERM PO BIOL GOOD INSTANT SH 125G;MERCEARIA;76332;05/06/2026;140287;73110;12;0;12;4;0;;;-33
13;23022;SAB LIQ BELEZA AMAZONIA 370ML FLORES CAMPO;PERFUMARIA E LIMPEZA;76332;05/06/2026;140287;73110;12;108;12;1;0;;;6
13;7426;PEDRA SANITARIA SANI SOL 20G LAVANDA;PERFUMARIA E LIMPEZA;76332;05/06/2026;140287;73110;144;3180;144;1;0;;;87
13;10144;SAB FARNESE 180G AVEIA ESFOL;PERFUMARIA E LIMPEZA;76332;05/06/2026;140287;73110;36;2052;36;1;0;;;93
13;10277;SH JAYLUC PLUS C VALVULA 1L PROTEINA LEITE;PERFUMARIA E LIMPEZA;76332;05/06/2026;140287;73110;12;83;12;1;0;;;3
13;18739;FRALDA DESC BABYSEC ULTSEC MEGA P 42 UN;PERFUMARIA E LIMPEZA;76332;05/06/2026;140287;73110;6;48;6;1;0;;;9
13;3524;FERM QUIMICO PO FLEISCHMANN PT 100G;MERCEARIA;76332;05/06/2026;140287;73110;12;672;12;3;0;;;-1
13;3679;LEITE COND ITALAC TP 395G SEMIDESNATADO;MERCEARIA;76617;05/06/2026;140814;73375;27;0;270;10;0;06/06/2026;AUGUSTO;817
13;2911;ACHOC LIQ ITALAC 200ML;MERCEARIA;76617;05/06/2026;140814;73375;24;1626;480;20;0;06/06/2026;AUGUSTO;-50
13;783;ACHOC PO NESCAU SH 2 01KG;MERCEARIA;76647;05/06/2026;140835;73375;4;7;20;0;0;09/06/2026;JOCELAINE;13
13;2107;CAFE SOL NESCAFE SH 40G TRADICAO FORTE;MERCEARIA;76680;05/06/2026;140887;73375;24;14673;120;5;5;09/06/2026;JOCELAINE;217
14;17186;DESINF GOTA LIMPA 5L LAVANDA;PERFUMARIA E LIMPEZA;76334;05/06/2026;140288;73101;4;224;4;2;0;;;7
14;6741;LAVA ROUPA UAU 3L ACTIVE;PERFUMARIA E LIMPEZA;76334;05/06/2026;140288;73101;4;113;4;1;0;;;5
14;37432;DESINFETANTE SUPREMA LAVANDA 5L;PERFUMARIA E LIMPEZA;76334;05/06/2026;140288;73101;3;545;6;2;0;;;8
14;19319;HID LABIAL CARMED 10G BEIJINHO 30 FP;PERFUMARIA E LIMPEZA;76334;05/06/2026;140288;73101;1;4;12;12;0;;;-7
14;6692;LAVA ROUPA BRILHANTE 3L LIMPEZA TOTAL;PERFUMARIA E LIMPEZA;76334;05/06/2026;140288;73101;4;999;4;1;0;;;21
14;8839;AMAC AQUAFAST EMB ECON 5L ROXO MAGIA;PERFUMARIA E LIMPEZA;76334;05/06/2026;140288;73101;4;103;4;1;0;;;7
14;17156;DESINF APYCE 2L JASMIM;PERFUMARIA E LIMPEZA;76334;05/06/2026;140288;73101;6;314;12;2;0;;;22
14;9242;DESINF GIRANDO SOL 5L EUCALIPTO;PERFUMARIA E LIMPEZA;76334;05/06/2026;140288;73101;4;166;4;1;0;;;5
14;4212;AMAC GOTA LIMPA 5L DELICATA;PERFUMARIA E LIMPEZA;76334;05/06/2026;140288;73101;4;160;4;1;0;;;8
14;17336;DET LIQ ATRIUS 5L GLICA;PERFUMARIA E LIMPEZA;76334;05/06/2026;140288;73101;4;61;4;2;0;;;42
14;37429;AGUA SANITARIA SUPREMA 5 L;PERFUMARIA E LIMPEZA;76334;05/06/2026;140288;73101;3;18;3;10;0;;;-2
14;34845;ALVEJ BARBAREX 2L S CLORO;PERFUMARIA E LIMPEZA;76334;05/06/2026;140288;73101;6;66;6;1;0;;;5
17;5440;DESINF GIRANDO SOL 500ML JASMIM;PERFUMARIA E LIMPEZA;76336;05/06/2026;140289;73112;12;261;12;1;1;05/06/2026;KELLER;-1
17;37786;LAVA ROUPAS OMO LAV PERF 1 8L;PERFUMARIA E LIMPEZA;76336;05/06/2026;140289;73112;1;664;18;3;3;05/06/2026;KELLER;29
17;2672;FARINHA MANDIOCA CBS 500G;MERCEARIA;76336;05/06/2026;140289;73112;12;25;12;4;0;;;7
17;764;REFRIG COCA COLA PET 200ML ZERO;BEBIDAS;76336;05/06/2026;140289;73112;12;1632;60;5;0;;;328
17;33868;REFRE HAPPY TP 200ML UVA;BEBIDAS;76336;05/06/2026;140289;73112;24;0;24;1;0;;;6
17;6914;LIMP PES VEJA 20PCTO DESC 1L ORIGINAL;PERFUMARIA E LIMPEZA;76336;05/06/2026;140289;73112;12;12;12;1;1;05/06/2026;KELLER;9
17;23156;SABAO ZAVASKI AZUL 200G;PERFUMARIA E LIMPEZA;76336;05/06/2026;140289;73112;50;850;50;1;1;05/06/2026;KELLER;33
17;17203;DESINF PINHO SOL 1 75L LIMAO;PERFUMARIA E LIMPEZA;76336;05/06/2026;140289;73112;6;222;6;1;1;05/06/2026;KELLER;9
17;5439;DESINF GIRANDO SOL 500ML EUCALIPTO;PERFUMARIA E LIMPEZA;76336;05/06/2026;140289;73112;12;72;12;1;1;05/06/2026;KELLER;12
17;38400;BOM AR ELET LIQ FRAMB JAS RF 16ML;PERFUMARIA E LIMPEZA;76336;05/06/2026;140289;73112;1;2;1;0;0;05/06/2026;KELLER;5
17;4146;AMAC CONC COMFORT 1L PURO CUIDADO;PERFUMARIA E LIMPEZA;76336;05/06/2026;140289;73112;12;12;12;0;0;05/06/2026;KELLER;0
17;23158;SABAO ZAVASKI COCO 200G;PERFUMARIA E LIMPEZA;76336;05/06/2026;140289;73112;50;537;50;1;1;05/06/2026;KELLER;-4
17;23159;SABAO ZAVASKI GLIC 200G;PERFUMARIA E LIMPEZA;76336;05/06/2026;140289;73112;50;800;50;1;1;05/06/2026;KELLER;33
17;5548;DESOD AERO GLADE 360ML EMB ECONOMIC LEMBR DE INFAN;PERFUMARIA E LIMPEZA;76336;05/06/2026;140289;73112;12;12;12;0;0;05/06/2026;KELLER;23
17;193;CERV PROVINCIA PILSEN PREM LT 473ML;BEBIDAS;76336;05/06/2026;140289;73112;12;16510;72;6;6;16/06/2026;ARIELI;579
17;9794;LIMP UAU PERFUMES 500ML NATUREZA HARMON;PERFUMARIA E LIMPEZA;76336;05/06/2026;140289;73112;24;0;24;2;2;05/06/2026;KELLER;0
17;37027;FAROFA ROCHA CASEIRA 300G TRAD;MERCEARIA;76336;05/06/2026;140289;73112;10;39;10;1;0;;;9
18;38563;KIT SH CD NEUTROX 300ML 200ML OLEOS;PERFUMARIA E LIMPEZA;76338;05/06/2026;140290;73069;12;60;12;2;0;;;0
18;6234;GEL DENTAL CLOSE UP 90G ORIG RED HOT;PERFUMARIA E LIMPEZA;76338;05/06/2026;140290;73069;12;1269;72;6;0;;;28
18;3452;SOPAO MAGGI 200G CARNE LEGUMES;MERCEARIA;76338;05/06/2026;140290;73069;24;48;24;2;0;;;-1
18;3674;TEMP MAGGI TEMPERO E SABOR 50G CARNES;MERCEARIA;76338;05/06/2026;140290;73069;48;0;48;3;0;;;2
18;2280;CANJICA AMARELA CBS 400G;MERCEARIA;76338;05/06/2026;140290;73069;12;139;12;6;0;;;2
18;3893;ABS C ABAS DIA NOITE 32 UN SUAVE;PERFUMARIA E LIMPEZA;76338;05/06/2026;140290;73069;16;79;16;2;0;;;2
18;36987;FARINHA MANDIOCA 500G DINDA;MERCEARIA;76338;05/06/2026;140290;73069;20;175;20;1;0;;;26
18;19271;GUARD NATUPEL PREMIUM 20X20 50FLS;PERFUMARIA E LIMPEZA;76338;05/06/2026;140290;73069;160;12272;160;1;1;08/06/2026;ELIAS;241
18;18814;FRALDA PAMPERS SUPERSEQUINHA C 60 G;PERFUMARIA E LIMPEZA;76338;05/06/2026;140290;73069;4;240;4;1;0;;;17
18;3904;ABS MILI PROT TOTAL 16UN C ABAS SUAVE;PERFUMARIA E LIMPEZA;76338;05/06/2026;140290;73069;24;72;24;1;0;;;15
18;10144;SAB FARNESE 180G AVEIA ESFOL;PERFUMARIA E LIMPEZA;76338;05/06/2026;140290;73069;36;2052;36;1;0;;;80
18;2737;FARINHA TRIGO ROSESOL 1KG;MERCEARIA;76338;05/06/2026;140290;73069;10;2671;20;13;0;;;118
18;5250;CR DENT CLOSE UP 70G TRIPLE HORTELA;PERFUMARIA E LIMPEZA;76338;05/06/2026;140290;73069;72;0;72;2;0;;;5
18;12233;ACUCAR DEMERARA GASPARIN 1KG;MERCEARIA;76338;05/06/2026;140290;73069;10;4;20;2;0;;;37
18;3408;CALDO SAZON 32 5G GALINHA;MERCEARIA;76338;05/06/2026;140290;73069;48;432;48;1;0;;;64
1;20810;MILHO PIPOCA ARBAZA PREMIUM 400G;MERCEARIA;77219;06/06/2026;141798;74290;12;32;12;1;0;;;4
1;340;CHA ICE TEA LEAO PET 1 5L PESSEGO ZERO;BEBIDAS;77219;06/06/2026;141798;74290;6;0;6;1;0;;;4
1;3397;CALDO APTI 19G LEGUMES;MERCEARIA;77219;06/06/2026;141798;74290;24;0;96;0;0;10/06/2026;CAROLINA;1
1;750;ACUCAR CRISTAL GASPARIN 5KG;MERCEARIA;77219;06/06/2026;141798;74290;6;573;72;27;0;;;138
1;1430;CHOC KIT KAT 41 5G FINGER AO LEITE;MERCEARIA;77219;06/06/2026;141798;74290;96;7176;96;1;1;10/06/2026;CAROLINA;47
1;5806;ESC DENTAL COLGATE ESSENCIAL CLEAN PACK 06UN;PERFUMARIA E LIMPEZA;77219;06/06/2026;141798;74290;6;6;6;0;0;10/06/2026;JESSICA;8
1;896;REFRIG FANTA LARANJA LT 350ML;BEBIDAS;77219;06/06/2026;141798;74290;6;846;12;4;0;;;16
1;17317;DESOD ROLLON REXONA 50ML XTRA COOL;PERFUMARIA E LIMPEZA;77219;06/06/2026;141798;74290;12;12;12;0;0;10/06/2026;JESSICA;7
1;582;SUCO COM TEM TP 1L LARANJA;BEBIDAS;77219;06/06/2026;141798;74290;12;0;12;1;0;;;1
2;812;REFRIG FANTA UVA PET 2L;BEBIDAS;77221;06/06/2026;141799;74296;8;0;8;1;0;;;204
2;1849;DROPS FREEGELLS 27 9G EXTRA FORTE;MERCEARIA;77221;06/06/2026;141799;74296;12;0;12;0;0;09/06/2026;JESSICA;12
2;116;CERV SKOL 1L;BEBIDAS;77221;06/06/2026;141799;74296;12;420;108;10;0;;;0
2;1058;ALFAJOR EL AGUILA 60G CHOC;MERCEARIA;77221;06/06/2026;141799;74296;12;3;12;0;0;09/06/2026;JESSICA;-3
2;15296;CALDO MAGGI 57G LEGUMES;MERCEARIA;77221;06/06/2026;141799;74296;10;0;10;0;0;09/06/2026;JESSICA;90
2;1431;CHOC KIT KAT 41 5G DARK;MERCEARIA;77221;06/06/2026;141799;74296;96;24;96;1;1;09/06/2026;JESSICA;50
2;3431;SOPA GALINHA MAGGI 60G FIDELINI;MERCEARIA;77221;06/06/2026;141799;74296;10;40;10;0;0;09/06/2026;JESSICA;6
2;12289;AGUA SANIT IMPERIAL 1L;PERFUMARIA E LIMPEZA;77221;06/06/2026;141799;74296;12;12;12;2;0;;;22
2;18761;FRALDA DESC MILI GIGA XG C 68 C 68 XG;PERFUMARIA E LIMPEZA;77221;06/06/2026;141799;74296;4;48;4;2;0;;;16
2;18762;FRALDA DESC MILI GIGA G C 78 C 78 G;PERFUMARIA E LIMPEZA;77221;06/06/2026;141799;74296;4;11;4;1;0;;;12
2;832;REFRIG SUKITA PET 2L LARANJA;BEBIDAS;77221;06/06/2026;141799;74296;8;845;24;4;0;;;34
2;1888;PASTILHA TIC TAC 14 5G MENTA;MERCEARIA;77221;06/06/2026;141799;74296;14;0;14;1;1;09/06/2026;JESSICA;1
2;3893;ABS C ABAS DIA NOITE 32 UN SUAVE;PERFUMARIA E LIMPEZA;77221;06/06/2026;141799;74296;16;79;16;1;0;;;-2
2;415;ENERG ELEV PET 2L MACA VERDE;BEBIDAS;77221;06/06/2026;141799;74296;6;-6;6;1;0;;;-1
2;3420;CALDO KNORR 57G LEGUMES;MERCEARIA;77221;06/06/2026;141799;74296;10;0;10;1;0;09/06/2026;JESSICA;0
2;762;REFRIG COCA COLA PET 200ML;BEBIDAS;77221;06/06/2026;141799;74296;12;-144;60;8;0;;;758
2;3388;CALDO GALINHA KNORR 57G;MERCEARIA;77221;06/06/2026;141799;74296;10;48;10;2;2;09/06/2026;JESSICA;29
2;3384;CALDO GALINHA APTI 57G;MERCEARIA;77221;06/06/2026;141799;74296;120;0;120;0;0;09/06/2026;JESSICA;-40
2;33255;REFRIG CHARRUA PET 3L GUARANA;BEBIDAS;77221;06/06/2026;141799;74296;6;0;198;39;0;;;-69
3;18979;GEL FIX DI HELLEN BRI MOL FL ADREN 240G;PERFUMARIA E LIMPEZA;77223;06/06/2026;141800;73793;12;0;12;0;0;10/06/2026;CAROLINA;0
3;21787;PEDRA POMES STA CLARA R 199;PERFUMARIA E LIMPEZA;77223;06/06/2026;141800;73793;6;0;6;0;0;10/06/2026;CAROLINA;-5
3;4256;AP PRESTOBARBA ULTRAGRIP 3L CART2UN;PERFUMARIA E LIMPEZA;77223;06/06/2026;141800;73793;1;1;2;0;0;10/06/2026;CAROLINA;1
3;12280;AGUA OXIG BUTTERF 40V 100ML;PERFUMARIA E LIMPEZA;77223;06/06/2026;141800;73793;12;47;12;0;0;10/06/2026;CAROLINA;22
3;7354;PAPEL HIG DUETTO FD 12 UN DE 30M NEUTRO;PERFUMARIA E LIMPEZA;77223;06/06/2026;141800;73793;6;167;6;0;0;09/06/2026;ELIAS;-52
3;5836;ESC DENTAL ORAL B 1 2 3 MEDIA;PERFUMARIA E LIMPEZA;77223;06/06/2026;141800;73793;12;108;12;0;0;10/06/2026;CAROLINA;33
3;4259;AP PRESTOBARBA ULTRA GRIP 2UN;PERFUMARIA E LIMPEZA;77223;06/06/2026;141800;73793;12;804;96;8;8;10/06/2026;CAROLINA;4
3;8858;AP PROBAK II 2UN;PERFUMARIA E LIMPEZA;77223;06/06/2026;141800;73793;14;4242;14;1;1;10/06/2026;CAROLINA;16
3;7397;PASTILHA PATO PROMO 3UN CITRUS;PERFUMARIA E LIMPEZA;77223;06/06/2026;141800;73793;8;0;8;0;0;10/06/2026;CAROLINA;2
3;17025;CURATIVO COTTONBABY 10UN TRAD;PERFUMARIA E LIMPEZA;77223;06/06/2026;141800;73793;36;218;36;1;1;10/06/2026;CAROLINA;-22
3;5842;ESC DENTAL ORAL B COMPL LV2 PG1;PERFUMARIA E LIMPEZA;77223;06/06/2026;141800;73793;1;5;3;0;0;10/06/2026;CAROLINA;7
3;34564;CREME JOAO E MARIA 40G P ASSADURA;PERFUMARIA E LIMPEZA;77223;06/06/2026;141800;73793;1;7;6;0;0;10/06/2026;CAROLINA;-14
4;10146;SAB FARNESE 180G FLOR CER VANILA;PERFUMARIA E LIMPEZA;77388;06/06/2026;142065;74287;36;2088;72;0;0;10/06/2026;JOCELAINE;69
4;7232;OLEO KING 100ML MULTIUSO;PERFUMARIA E LIMPEZA;77388;06/06/2026;142065;74287;6;180;24;0;0;10/06/2026;CAROLINA;7
4;3904;ABS MILI PROT TOTAL 16UN C ABAS SUAVE;PERFUMARIA E LIMPEZA;77388;06/06/2026;142065;74287;24;72;48;2;2;10/06/2026;JOCELAINE;2
4;24311;SH DARLING 2X1 650ML;PERFUMARIA E LIMPEZA;77388;06/06/2026;142065;74287;6;138;12;2;2;10/06/2026;JESSICA;7
4;7974;SABONETE PROTEX 85G LIMPEZA PROFUND;PERFUMARIA E LIMPEZA;77388;06/06/2026;142065;74287;72;360;144;2;2;10/06/2026;JESSICA;26
4;750;ACUCAR CRISTAL GASPARIN 5KG;MERCEARIA;77388;06/06/2026;142065;74287;6;573;114;19;0;;;174
4;8966;CARVAO CHAMA CAMPEIRA 5KG;NAO ALIMENTO;77388;06/06/2026;142065;74287;1;0;14;14;0;;;13
4;9145;COND SEDA GLYCOL VIT C 425ML;PERFUMARIA E LIMPEZA;77388;06/06/2026;142065;74287;12;21;24;0;0;10/06/2026;JOCELAINE;4
4;2096;ARROZ BCO SANO TP1 2KG;MERCEARIA;77388;06/06/2026;142065;74287;15;379;60;4;0;;;-6
4;4259;AP PRESTOBARBA ULTRA GRIP 2UN;PERFUMARIA E LIMPEZA;77388;06/06/2026;142065;74287;12;804;60;5;5;10/06/2026;CAROLINA;-14
4;20011;LC HID NIVEA 200ML BODY SOFT MILK;PERFUMARIA E LIMPEZA;77388;06/06/2026;142065;74287;1;2;10;6;6;10/06/2026;JESSICA;0
4;7665;REMOVEDOR ESMALTE JAY LUC 100ML;PERFUMARIA E LIMPEZA;77388;06/06/2026;142065;74287;24;288;48;2;2;10/06/2026;JESSICA;11
4;790;REFRIG CHARRUA GUARANA PET 2L;BEBIDAS;77414;06/06/2026;142100;74287;8;6;160;20;0;;;315
5;2738;MACARRAO CUP NOODLES 69G CARNE DEF;MERCEARIA;77225;06/06/2026;141801;74291;24;24;24;0;0;08/06/2026;JESSICA;-7
5;3994;ALIM CAO DOG CHOW100G SACHE TOD TAM CARNE ADULTO;PRODUTOS PET;77225;06/06/2026;141801;74291;15;1335;15;0;0;08/06/2026;JESSICA;53
5;20363;MAC INST NISSIN C 6 L P GAL CAIP;MERCEARIA;77225;06/06/2026;141801;74291;12;77;12;1;1;08/06/2026;JESSICA;104
5;3998;ALIM CAO DOG CHOW100G SACHE TOD TAM FRANGO ADULTO;PRODUTOS PET;77225;06/06/2026;141801;74291;15;15;15;0;0;08/06/2026;JESSICA;69
5;21691;PAPEL HIG NATUPEL FD 20M C 12;PERFUMARIA E LIMPEZA;77225;06/06/2026;141801;74291;6;48;12;0;0;09/06/2026;ELIAS;19
5;2329;FEIJAO PRETO CALDO OURO 500G;MERCEARIA;77225;06/06/2026;141801;74291;10;4618;230;23;0;;;-2
5;20810;MILHO PIPOCA ARBAZA PREMIUM 400G;MERCEARIA;77225;06/06/2026;141801;74291;12;32;12;1;0;;;-5
5;3669;TEMP COMPLETO NEILAR 250G S PIMENTA;MERCEARIA;77225;06/06/2026;141801;74291;24;16;24;1;1;08/06/2026;JESSICA;12
5;3677;TEMP COMPLETO ODERICH 300G S PIMENTA;MERCEARIA;77225;06/06/2026;141801;74291;24;0;24;1;1;08/06/2026;JESSICA;7
5;3392;CALDO GALINHA MAGGI 152G;MERCEARIA;77225;06/06/2026;141801;74291;76;0;76;1;1;08/06/2026;JESSICA;52
5;4051;ALIM GATO FRISKIES 85G PEIXE BRANCO;PRODUTOS PET;77225;06/06/2026;141801;74291;15;1350;45;4;4;08/06/2026;JESSICA;30
5;52;AGUA MIN FLORESTA PET 5L S GAS;BEBIDAS;77225;06/06/2026;141801;74291;4;-5;4;2;0;;;48
5;3671;TEMP COMPLETO NEILAR 250G C PIMENTA;MERCEARIA;77225;06/06/2026;141801;74291;24;23;24;1;1;08/06/2026;JESSICA;-3
5;2862;MASSA C OVOS GERMANI 500G MACARRAO;MERCEARIA;77225;06/06/2026;141801;74291;20;39;20;0;0;08/06/2026;JESSICA;10
5;3409;CALDO SAZON 32 5G COSTELA;MERCEARIA;77225;06/06/2026;141801;74291;48;192;96;0;0;08/06/2026;JESSICA;12
5;8791;ABS MILI NOTURNO C ABAS 8UN;PERFUMARIA E LIMPEZA;77225;06/06/2026;141801;74291;36;34;36;1;0;;;15
5;3794;VINAGRE VINHO KOLLER 750ML BRANCO;MERCEARIA;77225;06/06/2026;141801;74291;12;24;12;0;0;08/06/2026;JESSICA;5
5;32712;CREME NEILAR CEBOLA 60G;MERCEARIA;77225;06/06/2026;141801;74291;18;0;54;3;3;08/06/2026;JESSICA;-3
5;1017;TEMP EXTREMO SABOR 1 01K C PIMENTA;MERCEARIA;77225;06/06/2026;141801;74291;6;12;6;0;0;08/06/2026;JESSICA;4
5;4048;ALIM GATO FRISKIES 85G FRANGO MOLHO;PRODUTOS PET;77225;06/06/2026;141801;74291;15;735;15;0;0;08/06/2026;JESSICA;3
5;825;REFRIG PEPSI PET 2L;BEBIDAS;77225;06/06/2026;141801;74291;8;663;80;15;0;;;-7
5;4052;ALIM GATO FRISKIES 85G PERU AO MOLHO;PRODUTOS PET;77225;06/06/2026;141801;74291;15;0;15;0;0;08/06/2026;JESSICA;8
5;2908;MASSA C OVOS ISABELA 500G LINGUINE;MERCEARIA;77225;06/06/2026;141801;74291;16;56;16;0;0;08/06/2026;JESSICA;15
5;20664;MASSA SEMOLA GERMANI 1KG PARAF;MERCEARIA;77225;06/06/2026;141801;74291;10;137;10;1;1;08/06/2026;JESSICA;12
6;260;CERV HEINEKEN LN 330ML;BEBIDAS;77227;06/06/2026;141802;74295;24;309;24;2;0;;;-24
6;17285;DESOD ROLLON DI HELLEN 55ML FEM;PERFUMARIA E LIMPEZA;77227;06/06/2026;141802;74295;12;0;12;0;0;11/06/2026;JESSICA;2
6;36;AGUA MIN CRYSTAL PET 500ML C GAS;BEBIDAS;77227;06/06/2026;141802;74295;12;3966;12;1;0;;;525
6;421;BEB VIT BALY KIDS LT 220ML TUTTI FRUTI;BEBIDAS;77227;06/06/2026;141802;74295;6;0;6;1;0;;;12
6;52;AGUA MIN FLORESTA PET 5L S GAS;BEBIDAS;77227;06/06/2026;141802;74295;4;-5;4;1;0;;;12
6;21693;PAPEL HIG NATUPEL PREM FS 60M C 4;PERFUMARIA E LIMPEZA;77227;06/06/2026;141802;74295;16;119;16;0;0;09/06/2026;ELIAS;0
6;762;REFRIG COCA COLA PET 200ML;BEBIDAS;77227;06/06/2026;141802;74295;12;-144;192;22;0;;;585
6;33265;REFRIG FRUKI GUAR ZR PET 3L GUARANA ZERO;BEBIDAS;77227;06/06/2026;141802;74295;4;12;8;2;0;;;50
6;824;REFRIG PEPSI PET 2L BLACK;BEBIDAS;77227;06/06/2026;141802;74295;8;0;8;2;0;;;105
6;54;AGUA MIN DA PEDRA LT 350ML ABACAXI E HORTE;BEBIDAS;77227;06/06/2026;141802;74295;12;18;12;1;0;;;7
6;29708;CHOC BARRA LACTA LAKA 28G;MERCEARIA;77227;06/06/2026;141802;74295;12;0;12;0;0;11/06/2026;JESSICA;-2
6;817;REFRIG FRUKI GUARANA ZR PET 2L GUARANA ZERO;BEBIDAS;77227;06/06/2026;141802;74295;6;10;6;2;0;;;11
6;784;REFRIG ANTARCTICA GUARANA PET 2L;BEBIDAS;77227;06/06/2026;141802;74295;8;35;144;22;0;;;-3
6;33;AGUA MIN SARANDI PET 2L S GAS;BEBIDAS;77227;06/06/2026;141802;74295;8;2098;8;1;0;;;42
6;8966;CARVAO CHAMA CAMPEIRA 5KG;NAO ALIMENTO;77227;06/06/2026;141802;74295;1;0;1;5;0;;;15
6;786;REFRIG ANTARCTICA GUARANA PET 2L ZERO;BEBIDAS;77227;06/06/2026;141802;74295;8;966;8;1;0;;;135
6;179;CERV ORIGINAL LT 473ML;BEBIDAS;77392;06/06/2026;142067;74295;12;2807;876;73;0;;;1182
7;2140;ARROZ BCO SANO TP1 5KG;MERCEARIA;77229;06/06/2026;141803;74292;6;149;48;12;0;;;189
7;3948;AGUA SANIT GOTA LIMPA 1L;PERFUMARIA E LIMPEZA;77229;06/06/2026;141803;74292;12;1452;24;3;0;;;0
7;825;REFRIG PEPSI PET 2L;BEBIDAS;77229;06/06/2026;141803;74292;8;663;24;8;0;;;33
7;9288;DESINF YPE BAK 500ML FLORAL BAK;PERFUMARIA E LIMPEZA;77229;06/06/2026;141803;74292;12;108;12;1;0;;;1
7;4180;AMAC DOWNY 1L REGULAR INTENSO BRISA;PERFUMARIA E LIMPEZA;77229;06/06/2026;141803;74292;12;117;24;2;0;;;6
7;7558;PROT DIARIO MILI 15UN SUAVE S ABAS;PERFUMARIA E LIMPEZA;77229;06/06/2026;141803;74292;24;14;24;1;0;;;7
7;5691;DETERG YPE 500 ML CLEAR;PERFUMARIA E LIMPEZA;77229;06/06/2026;141803;74292;24;-48;24;2;0;;;0
7;37261;ERVA MATE LEAO VACUO 1KG;MERCEARIA;77229;06/06/2026;141803;74292;10;10;10;1;0;;;11
7;52;AGUA MIN FLORESTA PET 5L S GAS;BEBIDAS;77229;06/06/2026;141803;74292;4;-5;4;2;0;;;38
7;6114;FRALDA GERIATRICA MILI VITA G 08UN 8UN;PERFUMARIA E LIMPEZA;77229;06/06/2026;141803;74292;8;0;8;1;0;;;5
7;8789;ABS MILI COB C ABAS SV 8UN;PERFUMARIA E LIMPEZA;77229;06/06/2026;141803;74292;36;827;36;2;0;;;19
7;12289;AGUA SANIT IMPERIAL 1L;PERFUMARIA E LIMPEZA;77229;06/06/2026;141803;74292;12;12;12;2;0;;;36
7;784;REFRIG ANTARCTICA GUARANA PET 2L;BEBIDAS;77229;06/06/2026;141803;74292;8;35;144;18;0;;;0
7;2118;ARROZ BCO SABOROSO TP1 2KG;MERCEARIA;77229;06/06/2026;141803;74292;15;105;15;3;0;;;-27
7;2242;ARROZ PARBO RAROZ TP1 5KG;MERCEARIA;77229;06/06/2026;141803;74292;6;2;6;2;0;;;30
7;23217;SAL REFINADO EX GARCA 1K;MERCEARIA;77229;06/06/2026;;;10;2600;10;0;0;;;6
7;12183;ABS MILI SUAVE PROT TOT C ABAS C 32;PERFUMARIA E LIMPEZA;77229;06/06/2026;141803;74292;16;64;16;1;0;;;0
7;24994;TOAL UMED HUPPY L100P80;PERFUMARIA E LIMPEZA;77229;06/06/2026;141803;74292;12;4092;24;3;0;;;26
7;5678;DET LIQ GOTA LIMPA 500ML CRISTAL;PERFUMARIA E LIMPEZA;77229;06/06/2026;141803;74292;24;7728;24;1;0;;;-21
7;5691;DETERG YPE 500 ML CLEAR;PERFUMARIA E LIMPEZA;77394;06/06/2026;142069;74292;24;-48;24;2;0;;;0
8;602;SUCO DEL VALLE TP 1L ABACAXI;BEBIDAS;77231;06/06/2026;141804;74288;6;21;6;2;0;;;6
8;21692;PAPEL HIG NATUPEL PREM FS 30M C 4;PERFUMARIA E LIMPEZA;77231;06/06/2026;141804;74288;16;160;48;0;0;09/06/2026;ELIAS;-54
8;15296;CALDO MAGGI 57G LEGUMES;MERCEARIA;77231;06/06/2026;141804;74288;10;0;10;0;0;10/06/2026;CAROLINA;38
8;169;CERV HEINEKEN LT 473ML;BEBIDAS;77231;06/06/2026;141804;74288;12;24;12;2;0;;;253
8;687;ESP GARIBALDI PRIMICIAS GF 660ML ROSE;BEBIDAS;77231;06/06/2026;141804;74288;1;0;7;0;0;10/06/2026;CAROLINA;6
8;52;AGUA MIN FLORESTA PET 5L S GAS;BEBIDAS;77231;06/06/2026;141804;74288;4;-5;4;2;0;;;24
8;795;REFRIG COCA COLA PET 2L ZERO;BEBIDAS;77231;06/06/2026;141804;74288;8;10;16;8;0;;;185
8;784;REFRIG ANTARCTICA GUARANA PET 2L;BEBIDAS;77231;06/06/2026;141804;74288;8;35;64;11;0;;;4
8;2329;FEIJAO PRETO CALDO OURO 500G;MERCEARIA;77231;06/06/2026;141804;74288;10;4618;60;7;0;;;180
8;20810;MILHO PIPOCA ARBAZA PREMIUM 400G;MERCEARIA;77231;06/06/2026;141804;74288;12;32;12;2;0;;;44
8;7377;PAPEL TOALHA MILI 3UN;PERFUMARIA E LIMPEZA;77231;06/06/2026;141804;74288;4;8;4;0;0;09/06/2026;ELIAS;-2
8;835;REFRIG PET COCA COLA 3L;BEBIDAS;77231;06/06/2026;141804;74288;6;2262;6;5;0;;;166
8;834;REFRIG ANTARCTICA GUARANA PET 3L;BEBIDAS;77231;06/06/2026;141804;74288;4;0;4;2;0;;;69
8;844;REFRIG ANTARCTICA PET 600ML GUARANA;BEBIDAS;77231;06/06/2026;141804;74288;12;179;12;2;0;;;7
8;229;CERV AMSTEL ULTRA LN 275ML;BEBIDAS;77231;06/06/2026;141804;74288;12;2619;12;3;0;;;56
8;2717;FARINHA TRIGO FIDALGA 1KG;MERCEARIA;77231;06/06/2026;141804;74288;10;50;10;1;0;;;0
8;830;REFRIG SPRITE PET 2L;BEBIDAS;77231;06/06/2026;141804;74288;8;3;8;2;0;;;15
8;1276;CHOC BARRA GAROTO 80G MEIO AMARGO;MERCEARIA;77231;06/06/2026;141804;74288;16;0;16;0;0;10/06/2026;CAROLINA;3
8;10;REFRIG COCA COLA PET 2L;BEBIDAS;77396;06/06/2026;142070;74288;4;21;276;69;0;;;806
11;3893;ABS C ABAS DIA NOITE 32 UN SUAVE;PERFUMARIA E LIMPEZA;77233;06/06/2026;141805;73791;16;79;16;1;0;;;5
11;21125;MOL TOM TRAD VAL SH 300G;MERCEARIA;77233;06/06/2026;141805;73791;36;21922;36;1;0;;;586
11;784;REFRIG ANTARCTICA GUARANA PET 2L;BEBIDAS;77233;06/06/2026;141805;73791;8;35;104;13;0;;;222
11;840;REFRIG PEPSI PET 3L;BEBIDAS;77233;06/06/2026;141805;73791;4;55;8;2;2;16/06/2026;ALEX JARDIM;9
11;191;CERV PROVINCIA MALZBIER LT 473ML;BEBIDAS;77233;06/06/2026;141805;73791;12;844;12;1;0;;;2
11;844;REFRIG ANTARCTICA PET 600ML GUARANA;BEBIDAS;77233;06/06/2026;141805;73791;12;179;12;1;0;;;35
11;20810;MILHO PIPOCA ARBAZA PREMIUM 400G;MERCEARIA;77233;06/06/2026;141805;73791;12;32;12;1;0;;;-1
11;964;OLEO LIZA GIRASSOL 900ML;MERCEARIA;77233;06/06/2026;141805;73791;20;60;20;1;0;;;-28
11;986;OLEO SOJA VITALIV PET 900ML;MERCEARIA;77233;06/06/2026;141805;73791;20;0;620;0;0;;;730
11;2177;ARROZ BCO SABOROSO TP1 5KG;MERCEARIA;77398;06/06/2026;142071;74297;6;1268;144;0;0;11/06/2026;JESUS;56
12;229;CERV AMSTEL ULTRA LN 275ML;BEBIDAS;77235;06/06/2026;141806;73792;12;2619;60;5;0;;;127
12;784;REFRIG ANTARCTICA GUARANA PET 2L;BEBIDAS;77235;06/06/2026;141806;73792;8;35;224;28;0;;;277
12;17348;DET LIQ GIRANDO SOL 1L GLICA;PERFUMARIA E LIMPEZA;77235;06/06/2026;141806;73792;12;227;12;1;0;;;10
12;15732;CERA LIQ GIRANDO SOL 750ML INCOLOR;PERFUMARIA E LIMPEZA;77235;06/06/2026;141806;73792;12;2;12;1;0;;;3
12;5691;DETERG YPE 500 ML CLEAR;PERFUMARIA E LIMPEZA;77235;06/06/2026;141806;73792;24;-48;48;2;0;;;0
12;844;REFRIG ANTARCTICA PET 600ML GUARANA;BEBIDAS;77235;06/06/2026;141806;73792;12;179;12;1;0;;;30
12;8789;ABS MILI COB C ABAS SV 8UN;PERFUMARIA E LIMPEZA;77235;06/06/2026;141806;73792;36;827;36;1;0;;;0
12;3948;AGUA SANIT GOTA LIMPA 1L;PERFUMARIA E LIMPEZA;77235;06/06/2026;141806;73792;12;1452;12;1;0;;;3
12;5682;DET LIQ GOTA LIMPA 500ML NEUTRO;PERFUMARIA E LIMPEZA;77235;06/06/2026;141806;73792;24;8915;96;4;0;;;0
12;18814;FRALDA PAMPERS SUPERSEQUINHA C 60 G;PERFUMARIA E LIMPEZA;77235;06/06/2026;141806;73792;4;240;8;2;0;;;30
12;5678;DET LIQ GOTA LIMPA 500ML CRISTAL;PERFUMARIA E LIMPEZA;77235;06/06/2026;141806;73792;24;7728;48;2;0;;;0
12;21693;PAPEL HIG NATUPEL PREM FS 60M C 4;PERFUMARIA E LIMPEZA;77235;06/06/2026;141806;73792;16;119;16;0;0;09/06/2026;ELIAS;0
12;7354;PAPEL HIG DUETTO FD 12 UN DE 30M NEUTRO;PERFUMARIA E LIMPEZA;77235;06/06/2026;141806;73792;6;167;6;0;0;09/06/2026;ELIAS;3
12;20810;MILHO PIPOCA ARBAZA PREMIUM 400G;MERCEARIA;77235;06/06/2026;141806;73792;12;32;12;1;0;;;32
12;6933;LIMP UAU LV1L PG800ML LAVANDA CONFORT;PERFUMARIA E LIMPEZA;77235;06/06/2026;141806;73792;12;264;12;1;0;;;0
13;13514;BLO LIXA P UNHA BONITTA;PERFUMARIA E LIMPEZA;77237;06/06/2026;141807;73794;1;0;1;0;0;09/06/2026;JESSICA;4
13;3948;AGUA SANIT GOTA LIMPA 1L;PERFUMARIA E LIMPEZA;77237;06/06/2026;141807;73794;12;1452;12;1;0;;;18
13;19315;COT HASTES FLEX COTTONBABY PT 100UN;PERFUMARIA E LIMPEZA;77237;06/06/2026;141807;73794;1;447;2;2;2;09/06/2026;JESSICA;7
13;4258;AP PROBAK II LV7 PG5;PERFUMARIA E LIMPEZA;77237;06/06/2026;141807;73794;1;457;3;1;1;09/06/2026;JESSICA;10
13;35120;CD PANTENE 510ML BOND REPAIR;PERFUMARIA E LIMPEZA;77237;06/06/2026;141807;73794;12;22;12;1;1;09/06/2026;JESSICA;8
13;4259;AP PRESTOBARBA ULTRA GRIP 2UN;PERFUMARIA E LIMPEZA;77237;06/06/2026;141807;73794;12;804;60;3;3;09/06/2026;JESSICA;-32
13;7490;POMADA NUGGET 36G PRETA;PERFUMARIA E LIMPEZA;77237;06/06/2026;141807;73794;12;0;12;1;1;09/06/2026;JESSICA;16
13;9996;PETISCO FRISKIES 40G FRANGO;PRODUTOS PET;77237;06/06/2026;141807;73794;15;31;15;0;0;10/06/2026;JOCELAINE;-31
13;6959;LIQUIDO NUGGET 60ML PROMO PRETO;PERFUMARIA E LIMPEZA;77237;06/06/2026;141807;73794;12;0;12;1;1;09/06/2026;JESSICA;7
13;7354;PAPEL HIG DUETTO FD 12 UN DE 30M NEUTRO;PERFUMARIA E LIMPEZA;77237;06/06/2026;141807;73794;6;167;6;0;0;09/06/2026;ELIAS;25
13;21691;PAPEL HIG NATUPEL FD 20M C 12;PERFUMARIA E LIMPEZA;77237;06/06/2026;141807;73794;6;48;18;0;0;09/06/2026;ELIAS;36
13;7397;PASTILHA PATO PROMO 3UN CITRUS;PERFUMARIA E LIMPEZA;77237;06/06/2026;141807;73794;8;0;8;1;1;09/06/2026;JESSICA;19
13;35687;DESOD CREME SECRET CLEAR COTT 45G GEL;PERFUMARIA E LIMPEZA;77237;06/06/2026;141807;73794;1;49;1;1;1;09/06/2026;JESSICA;8
13;12289;AGUA SANIT IMPERIAL 1L;PERFUMARIA E LIMPEZA;77237;06/06/2026;141807;73794;12;12;12;1;0;;;-6
13;53;AGUA MIN SARANDI 5L S GAS;BEBIDAS;77237;06/06/2026;141807;73794;4;1751;32;8;0;;;55
13;8858;AP PROBAK II 2UN;PERFUMARIA E LIMPEZA;77237;06/06/2026;141807;73794;14;4242;14;1;1;09/06/2026;JESSICA;7
13;5842;ESC DENTAL ORAL B COMPL LV2 PG1;PERFUMARIA E LIMPEZA;77237;06/06/2026;141807;73794;1;5;4;0;0;09/06/2026;JESSICA;1
13;18745;FRALDA DESC FERINHA JUMBINHO C 14 GG;PERFUMARIA E LIMPEZA;77237;06/06/2026;141807;73794;12;6;12;1;0;;;5
13;5691;DETERG YPE 500 ML CLEAR;PERFUMARIA E LIMPEZA;77237;06/06/2026;141807;73794;24;-48;24;1;0;;;-47
13;34564;CREME JOAO E MARIA 40G P ASSADURA;PERFUMARIA E LIMPEZA;77237;06/06/2026;141807;73794;1;7;5;0;0;09/06/2026;JESSICA;9
13;5806;ESC DENTAL COLGATE ESSENCIAL CLEAN PACK 06UN;PERFUMARIA E LIMPEZA;77237;06/06/2026;141807;73794;6;6;66;0;0;09/06/2026;JESSICA;0
14;21689;PAPEL HIG MILI PRIME FLA TPL 20M 12UN;PERFUMARIA E LIMPEZA;77239;06/06/2026;141808;74294;8;84;8;0;0;09/06/2026;ELIAS;-6
14;7354;PAPEL HIG DUETTO FD 12 UN DE 30M NEUTRO;PERFUMARIA E LIMPEZA;77239;06/06/2026;141808;74294;6;167;6;0;0;09/06/2026;ELIAS;8
14;825;REFRIG PEPSI PET 2L;BEBIDAS;77239;06/06/2026;141808;74294;8;663;104;17;0;;;114
14;37891;TIT COR E TON S AMONIA 3 0 CAST ESC;PERFUMARIA E LIMPEZA;77239;06/06/2026;141808;74294;6;0;6;0;0;11/06/2026;JOCELAINE;6
14;883;REFRIG FRUKI LARANJA LT 350ML LARANJA;BEBIDAS;77239;06/06/2026;141808;74294;12;59;12;1;0;;;7
14;53;AGUA MIN SARANDI 5L S GAS;BEBIDAS;77239;06/06/2026;141808;74294;4;1751;4;4;0;;;52
14;48;AGUA MIN FLORESTA PET 500ML C GAS;BEBIDAS;77405;06/06/2026;142074;74294;12;30236;804;67;0;;;4296
14;10;REFRIG COCA COLA PET 2L;BEBIDAS;77414;06/06/2026;143159;74561;4;21;300;75;0;;;666
17;309;CERV PROVINCIA MALZBIER ZR LT 473ML;BEBIDAS;77241;06/06/2026;141809;73795;12;340;12;1;0;;;3
17;191;CERV PROVINCIA MALZBIER LT 473ML;BEBIDAS;77241;06/06/2026;141809;73795;12;844;36;3;0;;;37
17;20810;MILHO PIPOCA ARBAZA PREMIUM 400G;MERCEARIA;77241;06/06/2026;141809;73795;12;32;12;1;0;;;7
17;6828;AGUA SABORIZ H2OH 500ML LIMONETO;BEBIDAS;77241;06/06/2026;141809;73795;12;174;12;1;0;;;19
17;2329;FEIJAO PRETO CALDO OURO 500G;MERCEARIA;77241;06/06/2026;141809;73795;10;4618;10;1;0;;;282
17;784;REFRIG ANTARCTICA GUARANA PET 2L;BEBIDAS;77241;06/06/2026;141809;73795;8;35;120;15;0;;;150
18;12404;AMACIANTE DOWNY 1 5L BRISA SUAVE;PERFUMARIA E LIMPEZA;77243;06/06/2026;141811;74293;9;890;27;0;0;09/06/2026;JESUS;99
18;811;CHOC PO TRISANTI 70 CACAU 1 005KG;MERCEARIA;77243;06/06/2026;;;1;20;2;0;0;;;-7
18;36326;SODA CAUSTICA ESCAMA SODABEL 1KG;PERFUMARIA E LIMPEZA;77243;06/06/2026;141811;74293;12;24;12;2;2;09/06/2026;JESUS;-11
18;12395;AMACIANTE AQUAFAST 2L VERM SED;PERFUMARIA E LIMPEZA;77243;06/06/2026;141811;74293;6;480;6;1;1;09/06/2026;JESUS;23
18;37438;LAVA ROUPA SUPREMA VERDE 3L;PERFUMARIA E LIMPEZA;77243;06/06/2026;141811;74293;6;647;18;0;0;09/06/2026;JESUS;40
18;9996;PETISCO FRISKIES 40G FRANGO;PRODUTOS PET;77243;06/06/2026;141811;74293;15;31;15;15;0;;;0
18;823;REFRIG FRUKI PET 2L UVA;BEBIDAS;77243;06/06/2026;141811;74293;6;181;12;2;0;;;46
18;12308;ALCOOL ARAUCARIA 46 1L;PERFUMARIA E LIMPEZA;77243;06/06/2026;141811;74293;12;3443;36;3;3;09/06/2026;JESUS;21
18;5474;DESINF PINHO SOL 500ML LAVANDA;PERFUMARIA E LIMPEZA;77243;06/06/2026;141811;74293;12;582;12;1;1;09/06/2026;JESUS;7
18;12413;AMACIANTE GIRANDO SOL 500ML VERM;PERFUMARIA E LIMPEZA;77243;06/06/2026;141811;74293;12;72;12;1;1;09/06/2026;JESUS;7
18;21296;ODORIZ AMAZONIA AROM 270ML ALFAZEMA;PERFUMARIA E LIMPEZA;77243;06/06/2026;141811;74293;12;36;12;0;0;09/06/2026;JESUS;8
18;5679;DET LIQ GOTA LIMPA 500ML LIMAO;PERFUMARIA E LIMPEZA;77243;06/06/2026;141811;74293;24;2904;24;0;0;09/06/2026;JESUS;-23
18;20810;MILHO PIPOCA ARBAZA PREMIUM 400G;MERCEARIA;77243;06/06/2026;141811;74293;12;32;12;1;0;;;87
18;3969;ALCOOL GEL SUPER VALE 450G;PERFUMARIA E LIMPEZA;77243;06/06/2026;141811;74293;12;912;12;0;0;09/06/2026;JESUS;8
18;4195;AMAC DOWNY 750ML INTENSO;PERFUMARIA E LIMPEZA;77243;06/06/2026;141811;74293;12;422;12;0;0;09/06/2026;JESUS;21
18;17340;DET LIQ BIO KRISS 500ML CLEAR;PERFUMARIA E LIMPEZA;77243;06/06/2026;141811;74293;24;168;120;0;0;09/06/2026;JESUS;0
18;2329;FEIJAO PRETO CALDO OURO 500G;MERCEARIA;77243;06/06/2026;141811;74293;10;4618;10;2;0;;;533
18;9797;LIMP VEJA PERFUMES 2L FLORES MEDITER;PERFUMARIA E LIMPEZA;77243;06/06/2026;141811;74293;6;135;6;1;1;09/06/2026;JESUS;4
18;309;CERV PROVINCIA MALZBIER ZR LT 473ML;BEBIDAS;77243;06/06/2026;141811;74293;12;340;72;6;0;;;-20
1;304;VH SANGUE BOI TINTO 4L SV;BEBIDAS;77673;08/06/2026;142637;74290;2;3;2;1;0;;;5
1;896;REFRIG FANTA LARANJA LT 350ML;BEBIDAS;77673;08/06/2026;142637;74290;6;846;12;4;0;;;16
1;750;ACUCAR CRISTAL GASPARIN 5KG;MERCEARIA;77673;08/06/2026;142637;74290;6;573;90;27;0;;;138
1;361;CERV PATAGONIA WEISSE LT 473ML;BEBIDAS;77673;08/06/2026;142637;74290;6;63;6;1;0;;;4
1;1372;CHOC CROCANTE GAROTO 25G;MERCEARIA;77673;08/06/2026;142637;74290;30;0;30;1;1;10/06/2026;CAROLINA;13
1;4238;AP MACH 3 ACQUA GRIP REGULAR;PERFUMARIA E LIMPEZA;77673;08/06/2026;142637;74290;1;1404;12;12;10;10/06/2026;JESSICA;36
1;3397;CALDO APTI 19G LEGUMES;MERCEARIA;77673;08/06/2026;142637;74290;24;0;24;0;0;10/06/2026;CAROLINA;1
1;16593;CORT UNHA INOX PREMIUM 5 2CM 1PC;PERFUMARIA E LIMPEZA;77673;08/06/2026;142637;74290;1;13;1;0;0;08/06/2026;ELTON;4
1;766;REFRIG FANTA PET 200ML LARANJA;BEBIDAS;77673;08/06/2026;142637;74290;12;1668;12;1;0;;;8
1;17321;DET LIQ APYCE MULTIACAO 3L AZUL;PERFUMARIA E LIMPEZA;77912;08/06/2026;143173;75046;4;690;12;3;0;09/06/2026;RONALDO;-3
2;904;REFRIG PEPSI LT 350ML;BEBIDAS;77675;08/06/2026;142638;74296;12;193;12;1;0;;;28
2;109;CERV BRAHMA CHOPP GF 1L CHOPP;BEBIDAS;77675;08/06/2026;142638;74296;12;260;84;7;0;;;0
2;3426;CREME QUEIJO APTI 68G;MERCEARIA;77675;08/06/2026;142638;74296;12;36;12;1;1;09/06/2026;JESSICA;10
2;832;REFRIG SUKITA PET 2L LARANJA;BEBIDAS;77675;08/06/2026;142638;74296;8;845;8;4;0;;;34
2;33266;REFRIG FRUKI PET 3 L LARANJA;BEBIDAS;77675;08/06/2026;142638;74296;4;12;4;1;0;;;141
2;3388;CALDO GALINHA KNORR 57G;MERCEARIA;77675;08/06/2026;142638;74296;10;48;10;2;2;09/06/2026;JESSICA;29
2;1282;CHOC BARRA LACTA AO LEITE 80G;MERCEARIA;77675;08/06/2026;142638;74296;17;68;17;0;0;09/06/2026;JESSICA;31
2;18761;FRALDA DESC MILI GIGA XG C 68 C 68 XG;PERFUMARIA E LIMPEZA;77675;08/06/2026;142638;74296;4;48;4;2;0;;;16
2;12289;AGUA SANIT IMPERIAL 1L;PERFUMARIA E LIMPEZA;77675;08/06/2026;142638;74296;12;12;12;2;0;;;22
2;110;CERV BUDWEISER GF 990ML RETORNAVEL;BEBIDAS;77675;08/06/2026;142638;74296;12;144;24;2;0;;;14
2;10;REFRIG COCA COLA PET 2L;BEBIDAS;77675;08/06/2026;142638;74296;4;21;300;75;0;;;3041
2;116;CERV SKOL 1L;BEBIDAS;77675;08/06/2026;142638;74296;12;420;12;10;0;;;0
2;762;REFRIG COCA COLA PET 200ML;BEBIDAS;77675;08/06/2026;142638;74296;12;-144;36;8;0;;;758
2;889;REFRIG COCA COLA LT 350ML;BEBIDAS;77675;08/06/2026;142638;74296;12;661;480;40;0;;;137
2;8789;ABS MILI COB C ABAS SV 8UN;PERFUMARIA E LIMPEZA;77675;08/06/2026;142638;74296;36;827;36;1;0;;;40
2;33255;REFRIG CHARRUA PET 3L GUARANA;BEBIDAS;77675;08/06/2026;142638;74296;6;0;36;39;0;;;-69
2;114;CERV POLAR EXPORT GF 1L RETORNAVEL;BEBIDAS;77675;08/06/2026;142638;74296;12;108;24;2;0;;;8
3;2057;ARROZ BCO PILECCO SUP ECCO TP1 1KG;MERCEARIA;77677;08/06/2026;142639;74289;30;449;30;1;0;;;44
3;3686;TEMP BICARBONATO SODIO APTI 100G;MERCEARIA;77677;08/06/2026;142639;74289;20;80;40;0;0;10/06/2026;CAROLINA;11
3;2217;ARROZ PARBO RAROZ TP1 1KG;MERCEARIA;77677;08/06/2026;142639;74289;30;689;30;1;0;;;77
3;2215;ARROZ PARBO SABOROSO TP1 1KG;MERCEARIA;77677;08/06/2026;142639;74289;30;354;60;2;0;;;45
3;1353;CHOC BATON GAROTO 16G AO LEITE;MERCEARIA;77677;08/06/2026;142639;74289;30;29;30;1;1;10/06/2026;CAROLINA;131
3;4258;AP PROBAK II LV7 PG5;PERFUMARIA E LIMPEZA;77677;08/06/2026;142639;74289;1;457;1;1;1;10/06/2026;JESSICA;115
3;2115;ARROZ BCO TRIVIAL TP2 2KG;MERCEARIA;77677;08/06/2026;142639;74289;15;183;15;1;0;;;32
3;4244;AP PRESTOBARBA 3 2UN FEM;PERFUMARIA E LIMPEZA;77677;08/06/2026;142639;74289;12;192;72;5;5;11/06/2026;JOCELAINE;43
3;12173;ABS GERIAMAX POS PARTO OPERAT C 20;PERFUMARIA E LIMPEZA;77677;08/06/2026;142639;74289;6;168;6;0;0;11/06/2026;JOCELAINE;11
3;1282;CHOC BARRA LACTA AO LEITE 80G;MERCEARIA;77677;08/06/2026;142639;74289;17;68;17;0;0;10/06/2026;CAROLINA;49
3;34564;CREME JOAO E MARIA 40G P ASSADURA;PERFUMARIA E LIMPEZA;77677;08/06/2026;142639;74289;1;7;1;0;0;10/06/2026;JESSICA;-14
3;602;SUCO DEL VALLE TP 1L ABACAXI;BEBIDAS;77677;08/06/2026;142639;74289;6;21;6;1;0;;;25
3;5044;COND PANTENE 400ML RESTAURACAO;PERFUMARIA E LIMPEZA;77677;08/06/2026;142639;74289;6;0;6;1;1;10/06/2026;JESSICA;5
3;8296;SH PANTENE 200ML BAMBU;PERFUMARIA E LIMPEZA;77677;08/06/2026;142639;74289;6;216;6;1;1;10/06/2026;JESSICA;7
3;4245;AP PRESTOBARBA 3 2UN ICE;PERFUMARIA E LIMPEZA;77677;08/06/2026;142639;74289;12;96;84;5;5;10/06/2026;JESSICA;21
3;5842;ESC DENTAL ORAL B COMPL LV2 PG1;PERFUMARIA E LIMPEZA;77677;08/06/2026;142639;74289;1;5;1;0;0;10/06/2026;JESSICA;7
3;648;WHISKY MASTER GOLD VD 900ML;BEBIDAS;77677;08/06/2026;142639;74289;1;307;7;3;3;10/06/2026;CAROLINA;4
3;10180;SAB POMPOM 80G GLICERINADO;PERFUMARIA E LIMPEZA;77677;08/06/2026;142639;74289;12;2952;12;1;1;10/06/2026;JESSICA;27
3;1983;CAPPUCCINO PRONTO 3C 260ML CLASSIC;MERCEARIA;77677;08/06/2026;142639;74289;6;12;6;0;0;10/06/2026;CAROLINA;2
3;7232;OLEO KING 100ML MULTIUSO;PERFUMARIA E LIMPEZA;77677;08/06/2026;142639;74289;6;180;6;1;1;10/06/2026;JESSICA;29
3;2240;ARROZ PARBO PRATO FINO TP1 5KG;MERCEARIA;77677;08/06/2026;142639;74289;6;5;6;1;0;;;21
3;2056;ARROZ BCO TRIVIAL TP2 1KG;MERCEARIA;77677;08/06/2026;142639;74289;30;175;30;1;0;;;139
3;8001;SABONETE SENADOR 130G;PERFUMARIA E LIMPEZA;77677;08/06/2026;142639;74289;72;0;72;0;0;11/06/2026;JOCELAINE;24
3;1742;CHICLE FREEGELLS GUM 8G EXTRA FORTE;MERCEARIA;77677;08/06/2026;142639;74289;15;8;15;0;0;10/06/2026;CAROLINA;26
3;9724;LAMINA WILKINSON BARBEAR 3UN;PERFUMARIA E LIMPEZA;77677;08/06/2026;142639;74289;20;0;20;1;1;10/06/2026;JESSICA;-8
3;16080;CHUP CEFISA SIL ORT T2;PERFUMARIA E LIMPEZA;77677;08/06/2026;142639;74289;24;120;24;1;1;10/06/2026;JESSICA;14
3;2571;MOLHO TOM FUGINI SH 300G PENEIRADO;MERCEARIA;78102;08/06/2026;143891;74926;36;14542;1440;34;34;15/06/2026;JOSE ANTONIO;878
3;3685;MIST LACTEA COND ITALAC TP 395G;MERCEARIA;78153;08/06/2026;144017;75048;27;220;135;5;0;;;0
4;2688;FARINHA MILHO SAUDAVEL 1KG MEDIA;MERCEARIA;77927;08/06/2026;143310;74634;30;548;30;1;0;08/06/2026;WEROUS;7
4;2439;POPCORN YOKI 100G NATURAL;MERCEARIA;78067;08/06/2026;143687;74807;36;35;36;1;0;09/06/2026;LUIS GUILHERME;90
4;5589;DESOD AERO REXONA 150ML 90G MEN INVISIBLE;PERFUMARIA E LIMPEZA;78067;08/06/2026;143687;74807;12;612;12;1;1;08/06/2026;FERNANDO PAZ;30
4;2026;MILHO PIPOCA SERRA URUGUAI TP1 400G;MERCEARIA;78067;08/06/2026;143687;74807;20;60;160;0;0;;EVERTON;0
4;8145;SH ANTIC CLEAR 200ML MEN CONTR ALIV COC;PERFUMARIA E LIMPEZA;78067;08/06/2026;143687;74807;12;0;24;2;2;08/06/2026;MONIQUE;7
4;8148;SH ANTIC CLEAR 200ML MEN LIMP DIAR 2EM1;PERFUMARIA E LIMPEZA;78067;08/06/2026;143687;74807;12;60;24;2;2;08/06/2026;MONIQUE;17
4;17393;DET PO ASSIM 800G MICELAR FLORAL;PERFUMARIA E LIMPEZA;78104;08/06/2026;143892;74927;20;2860;100;5;5;09/06/2026;RONALDO;79
4;2571;MOLHO TOM FUGINI SH 300G PENEIRADO;MERCEARIA;78104;08/06/2026;143892;74927;36;14542;360;10;10;15/06/2026;GABRIELL2;298
4;17394;DET PO ASSIM 800G TRIPLA ACAO BI;PERFUMARIA E LIMPEZA;78104;08/06/2026;143892;74927;20;1973;100;5;5;09/06/2026;RONALDO;12
4;152;CERV BRAHMA CHOPP LT 473ML;BEBIDAS;78104;08/06/2026;143892;74927;12;48;240;20;0;15/06/2026;GABRIELL2;513
4;2573;MOLHO TOM FUGINI SH 300G TRAD;MERCEARIA;78104;08/06/2026;143892;74927;36;27612;720;18;18;15/06/2026;GABRIELL2;218
5;20665;MASSA SEMOLA GERMANI 500G PARAF;MERCEARIA;77679;08/06/2026;142640;74291;20;110;20;1;1;08/06/2026;JESSICA;10
5;2735;MACARRAO CUP NOODLES 70G YAKISSOBA;MERCEARIA;77679;08/06/2026;142640;74291;24;44;24;1;1;08/06/2026;JESSICA;12
5;20371;MAC INST YAKISSOBA UFO 97G GAL CAIP;MERCEARIA;77679;08/06/2026;142640;74291;12;12;12;1;1;08/06/2026;JESSICA;37
5;2908;MASSA C OVOS ISABELA 500G LINGUINE;MERCEARIA;77679;08/06/2026;142640;74291;16;56;16;0;0;08/06/2026;JESSICA;15
5;2738;MACARRAO CUP NOODLES 69G CARNE DEF;MERCEARIA;77679;08/06/2026;142640;74291;24;24;24;0;0;08/06/2026;JESSICA;-7
5;2809;MACARRAO INST NISSIN ESP 500G T5;MERCEARIA;77679;08/06/2026;142640;74291;20;7;20;1;1;08/06/2026;JESSICA;35
5;2873;MASSA C OVOS NORDESTE 500G NINHO;MERCEARIA;77679;08/06/2026;142640;74291;20;37;20;0;0;08/06/2026;JESSICA;-2
5;52;AGUA MIN FLORESTA PET 5L S GAS;BEBIDAS;77679;08/06/2026;142640;74291;4;-5;4;2;0;;;48
5;22705;RACAO DODOG PEQ RACAS 1KG;PRODUTOS PET;77679;08/06/2026;142640;74291;10;1256;20;2;2;08/06/2026;JESSICA;3
5;22684;RAC AMIGO PET GATO PEIXE 500G;PRODUTOS PET;77679;08/06/2026;142640;74291;22;20;22;1;1;08/06/2026;JESSICA;9
5;2823;MASSA C OVOS STA FELICIDADE 500G ESPAGUETE;MERCEARIA;77679;08/06/2026;142640;74291;20;10;20;0;0;08/06/2026;JESSICA;12
5;3407;CALDO SAZON 32 5G BACON;MERCEARIA;77679;08/06/2026;142640;74291;48;0;48;1;1;08/06/2026;JESSICA;21
5;2860;MASSA C OVOS NORDESTE 500G PARAFUSO;MERCEARIA;77679;08/06/2026;142640;74291;15;0;30;2;2;08/06/2026;JESSICA;-6
5;22633;QJO RAL KIFORMAGGIO TRAD 40G;MERCEARIA;77679;08/06/2026;142640;74291;75;227;75;1;1;08/06/2026;JESSICA;205
5;35622;MACARRAO INST UFO 95G TOMATE;MERCEARIA;77679;08/06/2026;142640;74291;12;167;12;1;1;08/06/2026;JESSICA;5
5;3994;ALIM CAO DOG CHOW100G SACHE TOD TAM CARNE ADULTO;PRODUTOS PET;77679;08/06/2026;142640;74291;15;1335;15;0;0;08/06/2026;JESSICA;53
5;4052;ALIM GATO FRISKIES 85G PERU AO MOLHO;PRODUTOS PET;77679;08/06/2026;142640;74291;15;0;15;0;0;08/06/2026;JESSICA;8
5;3772;VINAGRE ALCOOL KOLLER 750ML;MERCEARIA;77679;08/06/2026;142640;74291;12;1020;12;1;1;08/06/2026;JESSICA;27
5;2859;MASSA C OVOS NORDESTE 500G ESPAGUETE;MERCEARIA;77679;08/06/2026;142640;74291;15;225;15;0;0;08/06/2026;JESSICA;4
5;20316;MACARRAO INST GERMANI 63G CARNE;MERCEARIA;77679;08/06/2026;142640;74291;50;8149;50;1;1;08/06/2026;JESSICA;339
5;4051;ALIM GATO FRISKIES 85G PEIXE BRANCO;PRODUTOS PET;77679;08/06/2026;142640;74291;15;1350;15;4;4;08/06/2026;JESSICA;30
5;825;REFRIG PEPSI PET 2L;BEBIDAS;77679;08/06/2026;142640;74291;8;663;40;15;0;;;-7
5;3794;VINAGRE VINHO KOLLER 750ML BRANCO;MERCEARIA;77679;08/06/2026;142640;74291;12;24;12;0;0;08/06/2026;JESSICA;5
5;2026;MILHO PIPOCA SERRA URUGUAI TP1 400G;MERCEARIA;78069;08/06/2026;143688;74808;20;60;200;0;0;08/06/2026;EVERTON;-10
5;2433;POPCORN YOKI 100G NATURAL C SAL;MERCEARIA;78069;08/06/2026;143688;74808;36;0;72;2;0;;;74
5;152;CERV BRAHMA CHOPP LT 473ML;BEBIDAS;78106;08/06/2026;143893;74928;12;48;600;50;0;15/06/2026;GABRIELL2;633
6;260;CERV HEINEKEN LN 330ML;BEBIDAS;77681;08/06/2026;142641;74295;24;309;24;2;0;;;-24
6;824;REFRIG PEPSI PET 2L BLACK;BEBIDAS;77681;08/06/2026;142641;74295;8;0;8;2;0;;;105
6;817;REFRIG FRUKI GUARANA ZR PET 2L GUARANA ZERO;BEBIDAS;77681;08/06/2026;142641;74295;6;10;6;2;0;;;11
6;8966;CARVAO CHAMA CAMPEIRA 5KG;NAO ALIMENTO;77681;08/06/2026;142641;74295;1;0;4;5;0;;;15
6;758;REFRIG SPRITE PET 1 5L FRESH LIMAO;BEBIDAS;77681;08/06/2026;142641;74295;6;6;6;1;0;;;2
6;425;INA ENERG BALY PET 2L ABACAXI HORTELA;BEBIDAS;77681;08/06/2026;142641;74295;6;288;6;1;0;;;17
6;114;CERV POLAR EXPORT GF 1L RETORNAVEL;BEBIDAS;77681;08/06/2026;142641;74295;12;108;12;1;0;;;23
6;407;ENERG ELEV LT 473 ML ORIGINAL;BEBIDAS;77681;08/06/2026;142641;74295;6;0;6;1;0;;;5
6;784;REFRIG ANTARCTICA GUARANA PET 2L;BEBIDAS;77681;08/06/2026;142641;74295;8;35;32;22;0;;;-3
6;35782;CERV ANTARCTICA 1L;BEBIDAS;77681;08/06/2026;142641;74295;12;183;36;3;0;;;26
6;762;REFRIG COCA COLA PET 200ML;BEBIDAS;77681;08/06/2026;142641;74295;12;-144;72;22;0;;;585
6;289;CERV SOL PREMIUM LN 330ML;BEBIDAS;77681;08/06/2026;142641;74295;24;48;72;3;0;;;0
6;21686;PAPEL HIG MILI NEUTRO FLA SPL 60M 4UN;PERFUMARIA E LIMPEZA;77681;08/06/2026;142641;74295;24;5;24;1;1;09/06/2026;ELIAS;-26
7;10;REFRIG COCA COLA PET 2L;BEBIDAS;77683;08/06/2026;142642;74292;4;21;300;75;0;;;926
7;12289;AGUA SANIT IMPERIAL 1L;PERFUMARIA E LIMPEZA;77683;08/06/2026;142642;74292;12;12;12;2;0;;;36
7;78;AGUA SABORIZ H2OH PET 500ML LIMAO;BEBIDAS;77683;08/06/2026;142642;74292;12;24;12;1;0;;;0
7;6841;LIMP MULTI USO AJAX BQ FLORES 500ML FLORES LAVANDA;PERFUMARIA E LIMPEZA;77683;08/06/2026;142642;74292;12;11;12;1;0;;;13
7;52;AGUA MIN FLORESTA PET 5L S GAS;BEBIDAS;77683;08/06/2026;142642;74292;4;-5;4;2;0;;;38
7;23217;SAL REFINADO EX GARCA 1K;MERCEARIA;77683;08/06/2026;;;10;2600;10;0;0;;;6
7;38570;CERV PROVINCIA ULTRA GOLD LT 473ML;BEBIDAS;77683;08/06/2026;142642;74292;12;6816;24;2;0;;;20
7;2242;ARROZ PARBO RAROZ TP1 5KG;MERCEARIA;77683;08/06/2026;142642;74292;6;2;6;2;0;;;30
7;17182;DESINF GOTA LIMPA 500ML LIMAO;PERFUMARIA E LIMPEZA;77683;08/06/2026;142642;74292;12;180;12;1;0;;;6
7;3903;ABS C ABAS MILI DIA NOITE C 16 UN SUAVE;PERFUMARIA E LIMPEZA;77683;08/06/2026;142642;74292;24;183;24;1;0;;;2
7;6340;INSET AERO RAID 420ML BASE AGUA;PERFUMARIA E LIMPEZA;77683;08/06/2026;142642;74292;12;911;12;1;0;;;28
7;8789;ABS MILI COB C ABAS SV 8UN;PERFUMARIA E LIMPEZA;77683;08/06/2026;142642;74292;36;827;36;2;0;;;19
7;825;REFRIG PEPSI PET 2L;BEBIDAS;77683;08/06/2026;142642;74292;8;663;40;8;0;;;33
7;24994;TOAL UMED HUPPY L100P80;PERFUMARIA E LIMPEZA;77683;08/06/2026;142642;74292;12;4092;12;3;0;;;26
7;10203;SABAO BARRA GIRANDO SOL GILCER 200G;PERFUMARIA E LIMPEZA;77683;08/06/2026;142642;74292;50;0;50;1;0;;;28
7;3948;AGUA SANIT GOTA LIMPA 1L;PERFUMARIA E LIMPEZA;77683;08/06/2026;142642;74292;12;1452;12;3;0;;;0
7;2140;ARROZ BCO SANO TP1 5KG;MERCEARIA;77683;08/06/2026;142642;74292;6;149;24;12;0;;;189
7;152;CERV BRAHMA CHOPP LT 473ML;BEBIDAS;78110;08/06/2026;143895;74930;12;48;1320;110;0;;MARCOS M;106
7;279;VH QUINTA CARVALHO TINTO 750ML SV;BEBIDAS;78110;08/06/2026;143895;74930;12;48;60;5;0;;;107
7;2573;MOLHO TOM FUGINI SH 300G TRAD;MERCEARIA;78110;08/06/2026;143895;74930;36;27612;1080;30;0;;TEIXEIRA;291
7;2571;MOLHO TOM FUGINI SH 300G PENEIRADO;MERCEARIA;78110;08/06/2026;143895;74930;36;14542;720;20;0;;TEIXEIRA;295
7;278;VH QUINTA CARVALHO TINTO 750ML SC;BEBIDAS;78110;08/06/2026;143895;74930;12;311;36;3;0;;;86
7;267;VH JOTA PE TINTO 750ML SC;BEBIDAS;78110;08/06/2026;143895;74930;6;264;12;2;0;;;36
7;298;VH SANGUE BOI TINTO 750ML SC;BEBIDAS;78110;08/06/2026;143895;74930;6;333;12;2;0;;;54
7;268;VH JOTA PE TINTO 750ML SV;BEBIDAS;78110;08/06/2026;143895;74930;6;672;18;3;0;;;66
7;2292;ERVILHA BELLA DICA PARTIDA 400GR;PERECIVEIS;78110;08/06/2026;143895;74930;12;324;120;10;0;;;2
8;834;REFRIG ANTARCTICA GUARANA PET 3L;BEBIDAS;77685;08/06/2026;142643;74288;4;0;4;2;0;;;69
8;2329;FEIJAO PRETO CALDO OURO 500G;MERCEARIA;77685;08/06/2026;142643;74288;10;4618;10;7;0;;;180
8;21692;PAPEL HIG NATUPEL PREM FS 30M C 4;PERFUMARIA E LIMPEZA;77685;08/06/2026;142643;74288;16;160;16;0;0;09/06/2026;ELIAS;-54
8;830;REFRIG SPRITE PET 2L;BEBIDAS;77685;08/06/2026;142643;74288;8;3;8;2;0;;;15
8;20810;MILHO PIPOCA ARBAZA PREMIUM 400G;MERCEARIA;77685;08/06/2026;142643;74288;12;32;12;2;0;;;44
8;795;REFRIG COCA COLA PET 2L ZERO;BEBIDAS;77685;08/06/2026;142643;74288;8;10;48;8;0;;;185
8;110;CERV BUDWEISER GF 990ML RETORNAVEL;BEBIDAS;77685;08/06/2026;142643;74288;12;144;24;2;0;;;27
8;784;REFRIG ANTARCTICA GUARANA PET 2L;BEBIDAS;77685;08/06/2026;142643;74288;8;35;24;11;0;;;4
8;229;CERV AMSTEL ULTRA LN 275ML;BEBIDAS;77685;08/06/2026;142643;74288;12;2619;24;3;0;;;56
8;7354;PAPEL HIG DUETTO FD 12 UN DE 30M NEUTRO;PERFUMARIA E LIMPEZA;77685;08/06/2026;142643;74288;6;167;6;0;0;09/06/2026;ELIAS;5
8;78;AGUA SABORIZ H2OH PET 500ML LIMAO;BEBIDAS;77685;08/06/2026;142643;74288;12;24;12;1;0;;;11
8;844;REFRIG ANTARCTICA PET 600ML GUARANA;BEBIDAS;77685;08/06/2026;142643;74288;12;179;12;2;0;;;7
8;191;CERV PROVINCIA MALZBIER LT 473ML;BEBIDAS;77685;08/06/2026;142643;74288;12;844;108;9;0;;;162
8;3893;ABS C ABAS DIA NOITE 32 UN SUAVE;PERFUMARIA E LIMPEZA;77685;08/06/2026;142643;74288;16;79;16;1;0;;;5
8;904;REFRIG PEPSI LT 350ML;BEBIDAS;77685;08/06/2026;142643;74288;12;193;12;1;0;;;11
8;602;SUCO DEL VALLE TP 1L ABACAXI;BEBIDAS;77685;08/06/2026;142643;74288;6;21;6;2;0;;;6
8;52;AGUA MIN FLORESTA PET 5L S GAS;BEBIDAS;77685;08/06/2026;142643;74288;4;-5;4;2;0;;;24
8;835;REFRIG PET COCA COLA 3L;BEBIDAS;77685;08/06/2026;142643;74288;6;2262;24;5;0;;;166
8;169;CERV HEINEKEN LT 473ML;BEBIDAS;77685;08/06/2026;142643;74288;12;24;12;2;0;;;253
8;2571;MOLHO TOM FUGINI SH 300G PENEIRADO;MERCEARIA;78112;08/06/2026;143896;74931;36;14542;180;5;0;;;932
8;2573;MOLHO TOM FUGINI SH 300G TRAD;MERCEARIA;78112;08/06/2026;143896;74931;36;27612;1080;30;0;;;88
8;152;CERV BRAHMA CHOPP LT 473ML;BEBIDAS;78112;08/06/2026;143896;74931;12;48;600;50;0;12/06/2026;MARCOS M;544
8;2292;ERVILHA BELLA DICA PARTIDA 400GR;PERECIVEIS;78112;08/06/2026;143896;74931;12;324;120;10;0;;;27
11;3888;ABS C ABAS ALWAYS LV PG 32UN NOTUR;PERFUMARIA E LIMPEZA;77687;08/06/2026;142644;74297;6;42;6;1;0;;;1
11;4216;AMAC YPE 2L DELICADO AMOR;PERFUMARIA E LIMPEZA;77687;08/06/2026;142644;74297;6;630;12;2;0;;;1
11;36987;FARINHA MANDIOCA 500G DINDA;MERCEARIA;77687;08/06/2026;142644;74297;20;175;20;0;0;11/06/2026;JESUS;17
11;3903;ABS C ABAS MILI DIA NOITE C 16 UN SUAVE;PERFUMARIA E LIMPEZA;77687;08/06/2026;142644;74297;24;183;24;1;0;;;9
11;37033;FAROFA ROCHA 400G TRAD;MERCEARIA;77687;08/06/2026;142644;74297;10;9;10;0;0;11/06/2026;JESUS;9
11;2046;ARROZ ARBOREO PILECCO 1KG;MERCEARIA;77687;08/06/2026;142644;74297;10;118;10;0;0;11/06/2026;JESUS;0
11;12183;ABS MILI SUAVE PROT TOT C ABAS C 32;PERFUMARIA E LIMPEZA;77687;08/06/2026;142644;74297;16;64;16;1;0;;;-1
11;8791;ABS MILI NOTURNO C ABAS 8UN;PERFUMARIA E LIMPEZA;77687;08/06/2026;142644;74297;36;34;36;1;0;;;18
11;37030;FAROFA ROCHA 250G FARROUPILHA;MERCEARIA;77687;08/06/2026;142644;74297;12;24;12;0;0;11/06/2026;JESUS;40
11;2749;FARINHA TRIGO MARIA INES 5KG;MERCEARIA;77687;08/06/2026;142644;74297;5;162;10;0;0;11/06/2026;JESUS;31
11;24994;TOAL UMED HUPPY L100P80;PERFUMARIA E LIMPEZA;77687;08/06/2026;142644;74297;12;4092;12;1;0;;;70
11;12237;ACUCAR REFINADO GASPARIN 1KG;MERCEARIA;77687;08/06/2026;142644;74297;10;2203;10;1;0;;;98
11;38500;LENTILHA CALDO DE OURO 500G;MERCEARIA;77687;08/06/2026;142644;74297;12;4077;132;11;11;11/06/2026;JESUS;89
11;823;REFRIG FRUKI PET 2L UVA;BEBIDAS;77687;08/06/2026;142644;74297;6;181;6;1;0;;;31
11;844;REFRIG ANTARCTICA PET 600ML GUARANA;BEBIDAS;77687;08/06/2026;142644;74297;12;179;12;1;0;;;35
11;17664;ERVA MATE BARAO MOIDA GROSSA VAC;MERCEARIA;77687;08/06/2026;142644;74297;10;17;10;0;0;11/06/2026;JESUS;0
11;2280;CANJICA AMARELA CBS 400G;MERCEARIA;77687;08/06/2026;142644;74297;12;139;24;0;0;11/06/2026;JESUS;-2
11;9996;PETISCO FRISKIES 40G FRANGO;PRODUTOS PET;77687;08/06/2026;142644;74297;15;31;15;0;0;10/06/2026;JOCELAINE;0
11;2244;ARROZ PARBO SABOROSO TP1 5KG;MERCEARIA;77687;08/06/2026;142644;74297;6;90;12;0;0;11/06/2026;JESUS;74
11;10;REFRIG COCA COLA PET 2L;BEBIDAS;78089;08/06/2026;144066;74969;4;21;600;300;300;08/06/2026;RAMIRES;3828
11;2573;MOLHO TOM FUGINI SH 300G TRAD;MERCEARIA;78114;08/06/2026;143897;74932;36;27612;1080;30;0;;;852
12;986;OLEO SOJA VITALIV PET 900ML;MERCEARIA;77689;08/06/2026;142645;74298;20;0;880;0;0;12/06/2026;ALEXSANDRO;69
12;2413;MILHO PIPOCA YOKI 400G TRAD;MERCEARIA;77689;08/06/2026;142645;74298;28;6537;28;1;0;;;37
12;268;VH JOTA PE TINTO 750ML SV;BEBIDAS;78116;08/06/2026;143898;74933;6;672;30;5;0;;;10
12;279;VH QUINTA CARVALHO TINTO 750ML SV;BEBIDAS;78116;08/06/2026;143898;74933;12;48;36;3;0;;;135
12;2573;MOLHO TOM FUGINI SH 300G TRAD;MERCEARIA;78116;08/06/2026;143898;74933;36;27612;1080;30;0;;;854
12;2292;ERVILHA BELLA DICA PARTIDA 400GR;PERECIVEIS;78116;08/06/2026;143898;74933;12;324;120;10;0;;;8
12;278;VH QUINTA CARVALHO TINTO 750ML SC;BEBIDAS;78116;08/06/2026;143898;74933;12;311;36;3;0;;;50
12;20024;LEITE COND PIRACANJUBA 395G SEMIDESNAT;MERCEARIA;78167;08/06/2026;144024;75055;27;135;54;2;0;10/06/2026;JOCELAINE;6
13;16844;CR DEN COLGATE T ACAO XTRA 120G WHITE;PERFUMARIA E LIMPEZA;77691;08/06/2026;142646;74299;72;252;72;0;0;09/06/2026;CAROLINA;8
13;38563;KIT SH CD NEUTROX 300ML 200ML OLEOS;PERFUMARIA E LIMPEZA;77691;08/06/2026;142646;74299;12;60;12;1;1;09/06/2026;CAROLINA;-1
13;10149;SAB FARNESE 180G PURO HIDR;PERFUMARIA E LIMPEZA;77691;08/06/2026;142646;74299;36;1440;36;1;1;09/06/2026;CAROLINA;76
13;5206;CR DEN COLGATE LUMIN WHITE 70G CARVAO ATIVADO;PERFUMARIA E LIMPEZA;77691;08/06/2026;142646;74299;48;192;48;1;1;09/06/2026;CAROLINA;36
13;1353;CHOC BATON GAROTO 16G AO LEITE;MERCEARIA;77691;08/06/2026;142646;74299;30;29;30;1;1;11/06/2026;JESSICA;10
13;1416;CHOC SNICKERS 45G;MERCEARIA;77691;08/06/2026;142646;74299;20;8;20;0;0;11/06/2026;JOCELAINE;8
13;1276;CHOC BARRA GAROTO 80G MEIO AMARGO;MERCEARIA;77691;08/06/2026;142646;74299;16;0;16;0;0;11/06/2026;JESSICA;1
13;3904;ABS MILI PROT TOTAL 16UN C ABAS SUAVE;PERFUMARIA E LIMPEZA;77691;08/06/2026;142646;74299;24;72;24;1;1;09/06/2026;CAROLINA;8
13;9996;PETISCO FRISKIES 40G FRANGO;PRODUTOS PET;77691;08/06/2026;142646;74299;15;31;15;0;0;10/06/2026;JOCELAINE;-31
13;12179;ABS COTTONBABY SUAVE S ABAS C 8;PERFUMARIA E LIMPEZA;77691;08/06/2026;142646;74299;48;96;48;0;0;09/06/2026;CAROLINA;24
13;35588;CD SEDA 225ML TOQUE DE SEDA;PERFUMARIA E LIMPEZA;77691;08/06/2026;142646;74299;12;384;12;1;1;09/06/2026;CAROLINA;9
13;23023;SAB LIQ BELEZA AMAZONIA 370ML FRUTAS VRM;PERFUMARIA E LIMPEZA;77691;08/06/2026;142646;74299;12;35;12;1;1;09/06/2026;CAROLINA;21
13;3365;CALDO APTI 19G COSTELA;MERCEARIA;77691;08/06/2026;142646;74299;24;240;240;10;10;11/06/2026;JESSICA;105
13;3893;ABS C ABAS DIA NOITE 32 UN SUAVE;PERFUMARIA E LIMPEZA;77691;08/06/2026;142646;74299;16;79;16;1;0;;;20
13;3890;ABS C ABAS ALWAYS LV16PG14 AC S NOT;PERFUMARIA E LIMPEZA;77691;08/06/2026;142646;74299;12;46;12;12;0;;;9
13;12237;ACUCAR REFINADO GASPARIN 1KG;MERCEARIA;77691;08/06/2026;142646;74299;10;2203;10;1;0;;;160
13;5551;DESOD AERO MONANGE 90G FLOR DE LAVANDA;PERFUMARIA E LIMPEZA;77691;08/06/2026;142646;74299;12;479;12;1;1;09/06/2026;CAROLINA;4
13;38562;KIT SH CD NEUTROX 300ML 200ML FORCA;PERFUMARIA E LIMPEZA;77691;08/06/2026;142646;74299;12;0;12;1;1;09/06/2026;CAROLINA;-1
13;5275;CR DENTAL TANDY 50G MORANGO;PERFUMARIA E LIMPEZA;77691;08/06/2026;142646;74299;12;48;12;0;0;09/06/2026;CAROLINA;47
13;17158;DESINF APYCE 2L PINHO;PERFUMARIA E LIMPEZA;77691;08/06/2026;142646;74299;6;672;6;1;0;;;3
13;3948;AGUA SANIT GOTA LIMPA 1L;PERFUMARIA E LIMPEZA;77691;08/06/2026;142646;74299;12;1452;12;1;0;;;18
13;537;GATORADE 500ML BERRY BLUE;BEBIDAS;77691;08/06/2026;142646;74299;6;214;6;1;0;;;6
13;648;WHISKY MASTER GOLD VD 900ML;BEBIDAS;77691;08/06/2026;142646;74299;1;307;5;5;1;11/06/2026;JESSICA;3
13;12289;AGUA SANIT IMPERIAL 1L;PERFUMARIA E LIMPEZA;77691;08/06/2026;142646;74299;12;12;12;1;0;;;-6
13;309;CERV PROVINCIA MALZBIER ZR LT 473ML;BEBIDAS;77691;08/06/2026;142646;74299;12;340;36;3;0;;;6
13;6631;LAMP ELGIN BULBO 9W 6500K 220V;NAO ALIMENTO;77727;08/06/2026;142664;74387;10;8716;30;3;0;08/06/2026;ELTON;64
13;15033;CAD ESPI CD 10X1 200FLS BRASILIDADE;NAO ALIMENTO;77727;08/06/2026;142664;74387;1;27;1;1;0;08/06/2026;ELTON;-10
13;37186;CORTINA P BOX EVA 0 6M 180X180;NAO ALIMENTO;77727;08/06/2026;142664;74387;1;3;1;1;0;08/06/2026;ELTON;-7
13;35021;DUCHA SS ZAGONEL 3T 220V BCA;NAO ALIMENTO;77727;08/06/2026;142664;74387;12;652;12;1;0;08/06/2026;ELTON;12
13;19340;INCENSO FLUTE C 8 CHAMANDO DINHE;NAO ALIMENTO;77727;08/06/2026;142664;74387;25;725;25;1;0;08/06/2026;ELTON;64
13;15031;CAD ESPI CD 10X1 160FLS SWEETNESS;NAO ALIMENTO;77727;08/06/2026;142664;74387;4;20;4;1;0;08/06/2026;ELTON;12
13;16286;COBERTOR SORRISO CASAL 1 70MX1 90M;NAO ALIMENTO;77727;08/06/2026;142664;74387;20;0;20;20;0;08/06/2026;ELTON;58
13;37142;RALADOR METAL C CABO PLASTICO 20X10;NAO ALIMENTO;77727;08/06/2026;142664;74387;1;9;1;1;0;08/06/2026;ELTON;0
13;22275;PORTA SAB LIQ SANREMO 280ML;NAO ALIMENTO;77727;08/06/2026;142664;74387;1;35;4;4;0;08/06/2026;ELTON;22
13;33305;TAPETE BOX OVAL PVC 61X35CM;NAO ALIMENTO;77727;08/06/2026;142664;74387;1;16;1;1;0;08/06/2026;ELTON;15
13;7663;REGUA ESCOLAR LEO LEO PLAST 30CM;NAO ALIMENTO;77727;08/06/2026;142664;74387;25;48;25;1;0;08/06/2026;ELTON;15
13;18521;FILTRO P BOMBA CHIMARRAO C 2;NAO ALIMENTO;77727;08/06/2026;142664;74387;10;8744;50;5;0;08/06/2026;ELTON;387
13;8667;TOALHA PISO ATLANTICA BASIC C/ANTID SISAL;NAO ALIMENTO;77727;08/06/2026;142664;74387;1;1;1;1;0;08/06/2026;ELTON;-1
13;888;REFRIG CHARRUA LT 350ML;BEBIDAS;78023;08/06/2026;143554;74958;6;2;120;20;20;09/06/2026;JOSE ANTONIO;108
13;8149;SH ANTIC CLEAR 200ML MEN LIMPEZA PROFUND;PERFUMARIA E LIMPEZA;78081;08/06/2026;143694;74814;12;60;24;2;2;09/06/2026;JESSICA;18
13;8150;SH ANTIC CLEAR 200ML MEN QUEDA CONTROL;PERFUMARIA E LIMPEZA;78081;08/06/2026;143694;74814;12;24;24;2;2;09/06/2026;JESSICA;16
13;8148;SH ANTIC CLEAR 200ML MEN LIMP DIAR 2EM1;PERFUMARIA E LIMPEZA;78081;08/06/2026;143694;74814;12;60;24;2;2;09/06/2026;JESSICA;11
13;7974;SABONETE PROTEX 85G LIMPEZA PROFUND;PERFUMARIA E LIMPEZA;78118;08/06/2026;143899;74934;72;360;144;2;2;10/06/2026;CAROLINA;84
13;279;VH QUINTA CARVALHO TINTO 750ML SV;BEBIDAS;78118;08/06/2026;143899;74934;12;48;36;3;0;;;97
13;23121;SAB PROTEX 85G FRESH;PERFUMARIA E LIMPEZA;78118;08/06/2026;143899;74934;72;216;72;1;1;10/06/2026;CAROLINA;98
13;278;VH QUINTA CARVALHO TINTO 750ML SC;BEBIDAS;78118;08/06/2026;143899;74934;12;311;36;3;0;;;80
13;298;VH SANGUE BOI TINTO 750ML SC;BEBIDAS;78118;08/06/2026;143899;74934;6;333;18;3;0;;;122
13;7969;SABONETE PROTEX 85G BALANCE;PERFUMARIA E LIMPEZA;78118;08/06/2026;143899;74934;72;144;144;2;2;10/06/2026;CAROLINA;100
13;23120;SAB PROTEX 85G CARVAO ATIVADO;PERFUMARIA E LIMPEZA;78118;08/06/2026;143899;74934;72;180;72;0;0;10/06/2026;CAROLINA;112
13;7975;SABONETE PROTEX 85G MACADAMIA;PERFUMARIA E LIMPEZA;78118;08/06/2026;143899;74934;72;0;72;1;1;10/06/2026;CAROLINA;89
13;7968;SABONETE PROTEX 85G AVEIA;PERFUMARIA E LIMPEZA;78118;08/06/2026;143899;74934;72;432;144;2;2;10/06/2026;CAROLINA;107
13;296;VH SANGUE BOI BCO 750ML SV;BEBIDAS;78118;08/06/2026;143899;74934;6;13;6;1;0;;;15
13;34302;SAB PROTEX 85G C3 LIMP PROFUNDA;PERFUMARIA E LIMPEZA;78118;08/06/2026;143899;74934;24;912;48;2;2;10/06/2026;CAROLINA;24
14;806;REFRIG FANTA LARANJA PET 2L;BEBIDAS;77693;08/06/2026;142647;74294;8;64;80;10;0;;;90
14;5691;DETERG YPE 500 ML CLEAR;PERFUMARIA E LIMPEZA;77693;08/06/2026;142647;74294;24;-48;24;1;0;;;0
14;825;REFRIG PEPSI PET 2L;BEBIDAS;77693;08/06/2026;142647;74294;8;663;32;17;0;;;114
14;154;CERV BRAHMA DUPLO MALTE LT 473ML;BEBIDAS;77693;08/06/2026;142647;74294;12;3054;24;2;0;;;271
14;53;AGUA MIN SARANDI 5L S GAS;BEBIDAS;77693;08/06/2026;142647;74294;4;1751;12;4;0;;;52
14;7354;PAPEL HIG DUETTO FD 12 UN DE 30M NEUTRO;PERFUMARIA E LIMPEZA;77693;08/06/2026;142647;74294;6;167;6;0;0;09/06/2026;ELIAS;8
14;2413;MILHO PIPOCA YOKI 400G TRAD;MERCEARIA;77693;08/06/2026;142647;74294;28;6537;28;1;0;;;-20
14;560;VH JOTA PE BORDO 750ML SV;BEBIDAS;78120;08/06/2026;143900;74935;6;186;12;2;0;;;4
14;278;VH QUINTA CARVALHO TINTO 750ML SC;BEBIDAS;78120;08/06/2026;143900;74935;12;311;36;3;0;;;97
14;279;VH QUINTA CARVALHO TINTO 750ML SV;BEBIDAS;78120;08/06/2026;143900;74935;12;48;36;3;0;;;147
14;2573;MOLHO TOM FUGINI SH 300G TRAD;MERCEARIA;78120;08/06/2026;143900;74935;36;27612;360;10;0;;;926
14;152;CERV BRAHMA CHOPP LT 473ML;BEBIDAS;78120;08/06/2026;143900;74935;12;48;1320;110;0;;MARCOS M;-296
14;266;VH JOTA PE BCO 750ML SC;BEBIDAS;78120;08/06/2026;143900;74935;6;24;6;1;0;;;26
14;2571;MOLHO TOM FUGINI SH 300G PENEIRADO;MERCEARIA;78120;08/06/2026;143900;74935;36;14542;360;10;0;;;341
17;23140;SABAO GIRANDO SOL COCO 100G BAB;PERFUMARIA E LIMPEZA;77695;08/06/2026;142648;74300;50;291;50;1;0;;;24
17;904;REFRIG PEPSI LT 350ML;BEBIDAS;77695;08/06/2026;142648;74300;12;193;12;1;0;;;31
17;795;REFRIG COCA COLA PET 2L ZERO;BEBIDAS;77695;08/06/2026;142648;74300;8;10;152;19;0;;;768
17;825;REFRIG PEPSI PET 2L;BEBIDAS;77695;08/06/2026;142648;74300;8;663;88;11;0;;;162
17;43;AGUA MIN CRYSTAL PET 500ML S GAS;BEBIDAS;77695;08/06/2026;142648;74300;12;2233;36;3;0;;;107
17;8642;ALVEJ VANISH PODER O2 450G WHITE;PERFUMARIA E LIMPEZA;77695;08/06/2026;142648;74300;12;0;12;1;0;;;-1
17;8840;AMAC AQUAFAST EMB ECON 5L VERM SEDUCAO;PERFUMARIA E LIMPEZA;77695;08/06/2026;142648;74300;4;0;4;1;0;;;11
17;219;CERV STELLA ARTOIS LT 473ML;BEBIDAS;77695;08/06/2026;142648;74300;12;6916;12;1;1;16/06/2026;ARIELI;39
17;762;REFRIG COCA COLA PET 200ML;BEBIDAS;77695;08/06/2026;142648;74300;12;-144;216;18;0;;;510
17;12482;ANTI MOFO SANI ALL 80G NEUTRO;PERFUMARIA E LIMPEZA;77695;08/06/2026;142648;74300;12;180;12;1;0;;;10
17;12417;AMAC GOTA LIMPA 2L FASCINIO;PERFUMARIA E LIMPEZA;77695;08/06/2026;142648;74300;6;255;12;2;0;;;10
17;834;REFRIG ANTARCTICA GUARANA PET 3L;BEBIDAS;77695;08/06/2026;142648;74300;4;0;48;12;0;;;88
17;193;CERV PROVINCIA PILSEN PREM LT 473ML;BEBIDAS;77695;08/06/2026;142648;74300;12;16510;12;1;1;16/06/2026;ARIELI;579
17;5449;DESINF LYSOFORM 1L LAVANDA;PERFUMARIA E LIMPEZA;77695;08/06/2026;142648;74300;12;0;12;1;0;;;12
17;830;REFRIG SPRITE PET 2L;BEBIDAS;77695;08/06/2026;142648;74300;8;3;8;1;0;;;142
17;154;CERV BRAHMA DUPLO MALTE LT 473ML;BEBIDAS;77695;08/06/2026;142648;74300;12;3054;72;6;6;16/06/2026;ARIELI;160
17;5196;CR DEN COLGATE MPA 180G;PERFUMARIA E LIMPEZA;77695;08/06/2026;142648;74300;72;6916;432;6;0;;;527
17;178;CERV KAISER LT 473ML;BEBIDAS;77695;08/06/2026;142648;74300;12;3;156;13;0;;;178
17;33;AGUA MIN SARANDI PET 2L S GAS;BEBIDAS;77695;08/06/2026;142648;74300;8;2098;8;1;0;;;28
17;824;REFRIG PEPSI PET 2L BLACK;BEBIDAS;77695;08/06/2026;142648;74300;8;0;136;17;0;;;186
17;6843;LIMP PES AJAX 500ML FRESH BLUE;PERFUMARIA E LIMPEZA;77695;08/06/2026;142648;74300;12;107;12;1;0;;;6
17;260;CERV HEINEKEN LN 330ML;BEBIDAS;77695;08/06/2026;142648;74300;24;309;72;3;0;;;0
17;786;REFRIG ANTARCTICA GUARANA PET 2L ZERO;BEBIDAS;77695;08/06/2026;142648;74300;8;966;48;6;0;;;24
17;889;REFRIG COCA COLA LT 350ML;BEBIDAS;77695;08/06/2026;142648;74300;12;661;324;27;0;;;145
17;9292;DESINF YPE BAK 1L LAVANDA;PERFUMARIA E LIMPEZA;77695;08/06/2026;142648;74300;12;303;12;1;0;;;-6
17;20454;MANG DUOCOLOR 10MTS;NAO ALIMENTO;77731;08/06/2026;142666;74389;1;214;2;0;0;;;1
17;278;VH QUINTA CARVALHO TINTO 750ML SC;BEBIDAS;78122;08/06/2026;143901;74936;12;311;36;3;0;;;44
17;298;VH SANGUE BOI TINTO 750ML SC;BEBIDAS;78122;08/06/2026;143901;74936;6;333;30;5;0;;;396
17;2571;MOLHO TOM FUGINI SH 300G PENEIRADO;MERCEARIA;78122;08/06/2026;143901;74936;36;14542;360;10;0;;;408
17;560;VH JOTA PE BORDO 750ML SV;BEBIDAS;78122;08/06/2026;143901;74936;6;186;12;2;0;;;6
17;2573;MOLHO TOM FUGINI SH 300G TRAD;MERCEARIA;78122;08/06/2026;143901;74936;36;27612;1440;40;0;;;184
17;2292;ERVILHA BELLA DICA PARTIDA 400GR;PERECIVEIS;78122;08/06/2026;143901;74936;12;324;60;5;0;;;74
18;17340;DET LIQ BIO KRISS 500ML CLEAR;PERFUMARIA E LIMPEZA;77697;08/06/2026;142649;74293;24;168;24;0;0;09/06/2026;JESUS;0
18;36326;SODA CAUSTICA ESCAMA SODABEL 1KG;PERFUMARIA E LIMPEZA;77697;08/06/2026;142649;74293;12;24;12;2;2;09/06/2026;JESUS;-11
18;191;CERV PROVINCIA MALZBIER LT 473ML;BEBIDAS;77697;08/06/2026;142649;74293;12;844;12;1;0;;;5
18;2329;FEIJAO PRETO CALDO OURO 500G;MERCEARIA;77697;08/06/2026;142649;74293;10;4618;10;2;0;;;533
18;6875;LIMP M USO YPE 500ML NAT C ODOR;PERFUMARIA E LIMPEZA;77697;08/06/2026;142649;74293;12;60;12;1;1;09/06/2026;JESUS;20
18;5584;DESOD AERO REXONA 150ML 90G COTTON;PERFUMARIA E LIMPEZA;78087;08/06/2026;143698;74817;12;444;24;2;2;10/06/2026;JESSICA;25
18;5592;DESOD AERO REXONA 150ML 90G POWDER DRY;PERFUMARIA E LIMPEZA;78087;08/06/2026;143698;74817;12;288;36;3;3;10/06/2026;JESSICA;50
18;8149;SH ANTIC CLEAR 200ML MEN LIMPEZA PROFUND;PERFUMARIA E LIMPEZA;78087;08/06/2026;143698;74817;12;60;12;1;1;10/06/2026;CAROLINA;13
18;8146;SH ANTIC CLEAR 200ML MEN HIDRATAC CAMPEA;PERFUMARIA E LIMPEZA;78087;08/06/2026;143698;74817;12;35;12;1;1;10/06/2026;JESSICA;15
18;5602;DESOD AERO REXONA 150ML 90G MEN ACTIVE;PERFUMARIA E LIMPEZA;78087;08/06/2026;143698;74817;12;39;24;2;2;10/06/2026;JESSICA;40
18;5585;DESOD AERO REXONA 150ML 90G FRUTAS VERM;PERFUMARIA E LIMPEZA;78087;08/06/2026;143698;74817;12;311;24;2;2;10/06/2026;JESSICA;42
18;5588;DESOD AERO REXONA 150ML 90G MEN IMPACT;PERFUMARIA E LIMPEZA;78087;08/06/2026;143698;74817;12;84;36;3;3;10/06/2026;JESSICA;33
18;8148;SH ANTIC CLEAR 200ML MEN LIMP DIAR 2EM1;PERFUMARIA E LIMPEZA;78087;08/06/2026;143698;74817;12;60;24;1;1;10/06/2026;CAROLINA;15
18;5586;DESOD AERO REXONA 150ML 90G MEN ANT INVI;PERFUMARIA E LIMPEZA;78087;08/06/2026;143698;74817;12;288;24;2;2;10/06/2026;JESSICA;39
18;2026;MILHO PIPOCA SERRA URUGUAI TP1 400G;MERCEARIA;78087;08/06/2026;143698;74817;20;60;160;8;0;09/06/2026;LUIS GUILHERME;-564
18;5601;DESOD AERO REXONA 150ML 89G ERVA DOCE;PERFUMARIA E LIMPEZA;78087;08/06/2026;143698;74817;12;120;24;2;2;10/06/2026;JESSICA;54
18;8151;SH ANTIC CLEAR 200ML WOMEN HIDRATACAO INT;PERFUMARIA E LIMPEZA;78087;08/06/2026;143698;74817;12;72;24;0;0;10/06/2026;JESSICA;17
18;7973;SABONETE PROTEX 85G ERVA DOCE;PERFUMARIA E LIMPEZA;78124;08/06/2026;143902;74937;72;60;144;2;2;10/06/2026;CAROLINA;56
18;7974;SABONETE PROTEX 85G LIMPEZA PROFUND;PERFUMARIA E LIMPEZA;78124;08/06/2026;143902;74937;72;360;144;2;2;10/06/2026;JESSICA;49
18;17393;DET PO ASSIM 800G MICELAR FLORAL;PERFUMARIA E LIMPEZA;78124;08/06/2026;143902;74937;20;2860;60;3;0;;;33
18;7975;SABONETE PROTEX 85G MACADAMIA;PERFUMARIA E LIMPEZA;78124;08/06/2026;143902;74937;72;0;72;1;1;10/06/2026;CAROLINA;88
18;17394;DET PO ASSIM 800G TRIPLA ACAO BI;PERFUMARIA E LIMPEZA;78124;08/06/2026;143902;74937;20;1973;100;5;0;;;66
18;34302;SAB PROTEX 85G C3 LIMP PROFUNDA;PERFUMARIA E LIMPEZA;78124;08/06/2026;143902;74937;24;912;48;0;0;10/06/2026;JESSICA;35
18;2292;ERVILHA BELLA DICA PARTIDA 400GR;PERECIVEIS;78124;08/06/2026;143902;74937;12;324;120;10;0;;;159
18;7979;SABONETE PROTEX 85G OMEGA 3;PERFUMARIA E LIMPEZA;78124;08/06/2026;143902;74937;72;216;216;3;3;10/06/2026;JESSICA;73
18;7968;SABONETE PROTEX 85G AVEIA;PERFUMARIA E LIMPEZA;78124;08/06/2026;143902;74937;72;432;144;0;0;10/06/2026;JESSICA;104
1;874;MAIONESE ODERICH SH 1KG;MERCEARIA;78224;09/06/2026;144197;75818;6;13;6;1;0;;;32
1;12531;AP GILLETTE PROBAK C 2;PERFUMARIA E LIMPEZA;78224;09/06/2026;144197;75818;14;0;14;0;0;11/06/2026;JOCELAINE;41
1;33720;COQUETEL CHICOTE PET 500ML LIMAO;BEBIDAS;78224;09/06/2026;144197;75818;12;24;12;1;0;;;9
1;1849;DROPS FREEGELLS 27 9G EXTRA FORTE;MERCEARIA;78224;09/06/2026;144197;75818;12;0;36;3;0;11/06/2026;JESSICA;-1344
1;2826;MASSA C OVOS STA FELICIDADE 500G PENNE;MERCEARIA;78224;09/06/2026;144197;75818;20;1080;20;0;0;10/06/2026;CAROLINA;-28
1;161;CERV CRYSTAL PILSEN LT 473ML;BEBIDAS;78224;09/06/2026;144197;75818;12;8664;12;1;0;;;84
1;847;REFRIG COCA COLA PET 600ML;BEBIDAS;78224;09/06/2026;144197;75818;12;0;12;1;0;;;23
1;49;AGUA MIN FLORESTA PET 500ML S GAS;BEBIDAS;78224;09/06/2026;144197;75818;12;108463;60;5;0;;;1699
1;3397;CALDO APTI 19G LEGUMES;MERCEARIA;78224;09/06/2026;144197;75818;24;0;96;5;0;11/06/2026;JESSICA;1
1;20318;MACARRAO INST GERMANI 63G GALINHA;MERCEARIA;78224;09/06/2026;144197;75818;50;7236;50;2;2;10/06/2026;CAROLINA;627
1;986;OLEO SOJA VITALIV PET 900ML;MERCEARIA;78224;09/06/2026;144197;75818;20;0;60;3;0;;;122
1;18174;ESP ACO ASSOLAN C 08;PERFUMARIA E LIMPEZA;78224;09/06/2026;144197;75818;200;436;200;0;0;10/06/2026;RAMIRES;-54
1;51;AGUA MIN CRYSTAL PET 5L S GAS;BEBIDAS;78224;09/06/2026;144197;75818;2;2;4;2;0;;;3
1;21728;PAPEL TOAL INTERFLUX NATUPEL C 1000;PERFUMARIA E LIMPEZA;78224;09/06/2026;144197;75818;6;1152;12;0;0;10/06/2026;WILLIAN MATEUS;17
1;48;AGUA MIN FLORESTA PET 500ML C GAS;BEBIDAS;78224;09/06/2026;144197;75818;12;30236;288;24;0;;;1651
1;3677;TEMP COMPLETO ODERICH 300G S PIMENTA;MERCEARIA;78478;09/06/2026;144726;75818;24;0;24;1;1;10/06/2026;CAROLINA;24
1;20317;MACARRAO INST GERMANI 63G GALINHA CAIPIRA;MERCEARIA;78478;09/06/2026;144726;75818;50;1699;500;0;0;10/06/2026;CAROLINA;122
1;1372;CHOC CROCANTE GAROTO 25G;MERCEARIA;78478;09/06/2026;144726;75818;30;0;30;1;0;11/06/2026;JESSICA;13
2;6791;LEITE UHT PET ELEGE 1L DESNATADO;PERECIVEIS;78198;09/06/2026;144184;75107;6;888;6;1;0;;;28
2;9756;LEITE TIROL INTEGRAL ZR LACTOSE 1L;PERECIVEIS;78198;09/06/2026;144184;75107;12;17;144;12;0;;;31
2;3431;SOPA GALINHA MAGGI 60G FIDELINI;MERCEARIA;78226;09/06/2026;144198;75107;10;40;10;0;0;09/06/2026;PAMELA;6
2;3372;BARRA CEREAL RITTER 25G MORANGO CHOC;MERCEARIA;78226;09/06/2026;144198;75107;24;0;24;0;0;09/06/2026;PAMELA;57
2;21693;PAPEL HIG NATUPEL PREM FS 60M C 4;PERFUMARIA E LIMPEZA;78226;09/06/2026;144198;75107;16;119;16;0;0;09/06/2026;ELIAS;-33
2;304;VH SANGUE BOI TINTO 4L SV;BEBIDAS;78226;09/06/2026;144198;75107;2;3;4;2;0;;;7
2;647;WHISKY GREEN VALLEY VD 1L;BEBIDAS;78226;09/06/2026;144198;75107;1;0;1;0;0;09/06/2026;PAMELA;1
2;1890;PASTILHA TIC TAC 14 5G LARANJA;MERCEARIA;78226;09/06/2026;144198;75107;14;0;14;1;1;09/06/2026;PAMELA;9
2;1857;PAST DOCILE MINTY 14G TUTTI FRUTTI;MERCEARIA;78226;09/06/2026;144198;75107;12;24;12;0;0;09/06/2026;PAMELA;37
2;1740;CHICLE FREEGELLS GUM 8G MORANGO;MERCEARIA;78226;09/06/2026;144198;75107;15;8680;60;0;0;09/06/2026;PAMELA;30
2;199;REFRE PO PROMIX 100G MARACUJA;BEBIDAS;78226;09/06/2026;144198;75107;18;0;18;1;0;;;0
2;271;VH MARCUS JAMES CABERNET 750ML;BEBIDAS;78226;09/06/2026;144198;75107;6;30;6;1;0;;;31
2;2920;ACHOC LIQ TODDYNHO 200ML;MERCEARIA;78226;09/06/2026;144198;75107;27;405;27;1;0;;;72
2;3524;FERM QUIMICO PO FLEISCHMANN PT 100G;MERCEARIA;78226;09/06/2026;144198;75107;12;672;84;0;0;09/06/2026;PAMELA;50
2;3516;FERM PO BIOL GOOD INSTANT SH 125G;MERCEARIA;78226;09/06/2026;144198;75107;12;0;36;3;3;09/06/2026;PAMELA;6
2;1894;DROPS FREEGELLS 27 6G CEREJA CHOC;MERCEARIA;78226;09/06/2026;144198;75107;12;228;24;0;0;09/06/2026;PAMELA;8
2;3384;CALDO GALINHA APTI 57G;MERCEARIA;78226;09/06/2026;144198;75107;120;0;120;0;0;09/06/2026;PAMELA;-40
2;636;VODKA VOLCOF VD 900ML;BEBIDAS;78226;09/06/2026;144198;75107;12;35;12;1;0;;;11
2;73;AGUA MIN SARANDI FITTING PET 510ML S GAS;BEBIDAS;78226;09/06/2026;144198;75107;12;332;12;1;0;;;11
2;2368;FEIJAO VERMELHO SERRA URUGUAI 500G;MERCEARIA;78226;09/06/2026;144198;75107;20;19;20;1;0;;;20
2;823;REFRIG FRUKI PET 2L UVA;BEBIDAS;78226;09/06/2026;144198;75107;6;181;6;1;0;;;4
2;1408;CHOC 5 STAR LACTA 40G;MERCEARIA;78226;09/06/2026;144198;75107;18;0;18;0;0;09/06/2026;PAMELA;32
2;1854;PAST DOCILE MINTY 14G MOR;MERCEARIA;78226;09/06/2026;144198;75107;12;12;12;0;0;09/06/2026;PAMELA;40
2;3363;CALDO APTI 19G CARNE;MERCEARIA;78226;09/06/2026;144198;75107;24;0;24;0;0;11/06/2026;JESSICA;3
2;21674;PAPEL HIG FOFOLETTE FS 30M C 12;PERFUMARIA E LIMPEZA;78226;09/06/2026;144198;75107;6;125;12;0;0;09/06/2026;ELIAS;9
2;1886;PASTILHA TIC TAC 14 5G FRUTAS;MERCEARIA;78226;09/06/2026;144198;75107;14;0;14;1;1;11/06/2026;JESSICA;10
2;1519;CHOC KINDER OVO LUI PLAYMOBIL 40G;MERCEARIA;78226;09/06/2026;144198;75107;48;96;96;0;0;09/06/2026;PAMELA;10
2;764;REFRIG COCA COLA PET 200ML ZERO;BEBIDAS;78226;09/06/2026;144198;75107;12;1632;12;1;0;;;213
2;196;REFRE PO PROMIX 100G LARANJA;BEBIDAS;78226;09/06/2026;144198;75107;18;0;18;1;0;;;17
2;2911;ACHOC LIQ ITALAC 200ML;MERCEARIA;78226;09/06/2026;144198;75107;24;1626;360;15;0;;;-19
2;33759;ESCOVA P MAMADEIRA CABO PLASTICO;PERFUMARIA E LIMPEZA;78226;09/06/2026;144198;75107;1;4;1;0;0;09/06/2026;RONAS;6
2;2627;DOCE LEITE STA CLARA PT 400G;MERCEARIA;78226;09/06/2026;144198;75107;6;0;6;1;0;;;8
2;1838;PAST DOCILE ROLLY MINTY 29G HORTELA;MERCEARIA;78226;09/06/2026;144198;75107;12;24;12;0;0;09/06/2026;PAMELA;39
2;1058;ALFAJOR EL AGUILA 60G CHOC;MERCEARIA;78226;09/06/2026;144198;75107;12;3;12;0;0;09/06/2026;PAMELA;-3
2;2266;CAPSULA DOLCE GUSTO 170G C 10 CAPP DOCE LEITE;MERCEARIA;78348;09/06/2026;144502;75823;6;0;12;0;0;;;-5
2;750;ACUCAR CRISTAL GASPARIN 5KG;MERCEARIA;78348;09/06/2026;144502;75823;6;573;120;20;0;;;368
2;2232;CAPSULA DOLCE GUSTO 117G C 10 CAPPUCCINO;MERCEARIA;78348;09/06/2026;144502;75823;6;18;24;0;0;;;11
2;147;CERV ANTARCTICA PILSEN LT 473ML;BEBIDAS;78348;09/06/2026;144502;75823;12;4969;288;24;0;;;938
2;1354;CHOC BATON GAROTO 16G BRANCO;MERCEARIA;78480;09/06/2026;144727;75823;30;29;90;3;3;11/06/2026;CAROLINA;61
2;1740;CHICLE FREEGELLS GUM 8G MORANGO;MERCEARIA;78480;09/06/2026;144727;75823;15;8680;300;0;0;11/06/2026;CAROLINA;30
2;3363;CALDO APTI 19G CARNE;MERCEARIA;78480;09/06/2026;144727;75823;24;0;48;0;0;11/06/2026;CAROLINA;3
2;37860;CHOC BARRA GAROTO RECH BATON 90G;MERCEARIA;78480;09/06/2026;144727;75823;14;10;42;0;0;11/06/2026;CAROLINA;86
2;1282;CHOC BARRA LACTA AO LEITE 80G;MERCEARIA;78480;09/06/2026;144727;75823;17;68;34;0;0;11/06/2026;CAROLINA;31
2;1498;CHOC KINDER JOY T1 20G;MERCEARIA;78480;09/06/2026;144727;75823;48;212;96;0;0;11/06/2026;CAROLINA;51
2;1431;CHOC KIT KAT 41 5G DARK;MERCEARIA;78480;09/06/2026;144727;75823;96;24;288;3;3;11/06/2026;CAROLINA;50
2;3401;BARRA CEREAL RITTER 25G BANANA ZR ACUC;MERCEARIA;78480;09/06/2026;144727;75823;24;0;120;0;0;11/06/2026;CAROLINA;30
2;3384;CALDO GALINHA APTI 57G;MERCEARIA;78480;09/06/2026;144727;75823;120;0;240;0;0;11/06/2026;CAROLINA;-40
2;3388;CALDO GALINHA KNORR 57G;MERCEARIA;78480;09/06/2026;144727;75823;10;48;20;0,2;0,2;11/06/2026;CAROLINA;29
2;2154;CAFE 3C DRIP GOURMET SH 11G DARK ROAST;MERCEARIA;78480;09/06/2026;144727;75823;10;120;20;2;2;11/06/2026;CAROLINA;41
2;59;AGUA GASEIFICADA CRYSTAL PET 510ML FRUTAS VERMELHA;BEBIDAS;78523;09/06/2026;144825;75399;6;0;12;2;0;10/06/2026;PAMELA;44
2;33732;ENERG RED BULL LT 250ML POMELO;BEBIDAS;78692;09/06/2026;145346;75598;24;72;24;1;0;;;26
2;33731;ENERG RED BULL LT 250ML AMORA S ACUCAR;BEBIDAS;78692;09/06/2026;145346;75598;24;50;24;1;0;;;28
2;298;VH SANGUE BOI TINTO 750ML SC;BEBIDAS;78692;09/06/2026;145346;75598;6;333;30;5;0;;;54
2;526;ENERG RED BULL LT 250ML TROPICAL;BEBIDAS;78692;09/06/2026;145346;75598;24;66;24;1;0;;;49
2;300;VH SANGUE BOI TINTO 750ML SV;BEBIDAS;78692;09/06/2026;145346;75598;6;4;60;10;0;;;179
2;37263;ENERG RED BULL LT 250ML NECTARINA S ACU;BEBIDAS;78692;09/06/2026;145346;75598;24;96;48;2;0;;;24
2;519;ENERG RED BULL LT 250ML MELANCIA;BEBIDAS;78692;09/06/2026;145346;75598;24;250;24;1;0;;;47
3;6793;LEITE UHT PET ELEGE 1L SEMI DESNATADO;PERECIVEIS;78200;09/06/2026;144185;75108;6;3054;18;3;0;;;66
3;6798;LEITE SANTA CLARA 1L SENIOR 50;PERECIVEIS;78200;09/06/2026;144185;75108;12;192;48;4;0;;;168
3;6784;LEITE UHT TIROL C TAMP 1L SEMI DESN;PERECIVEIS;78200;09/06/2026;144185;75108;12;4474;120;10;0;;;258
3;6787;LEITE LV ELEGE 1L ZERO LAC SEMI DES;PERECIVEIS;78200;09/06/2026;144185;75108;12;900;48;4;0;;;148
3;9756;LEITE TIROL INTEGRAL ZR LACTOSE 1L;PERECIVEIS;78200;09/06/2026;144185;75108;12;17;360;30;0;;;-108
3;4256;AP PRESTOBARBA ULTRAGRIP 3L CART2UN;PERFUMARIA E LIMPEZA;78228;09/06/2026;144199;75108;1;1;1;0;0;11/06/2026;JESSICA;1
3;7490;POMADA NUGGET 36G PRETA;PERFUMARIA E LIMPEZA;78228;09/06/2026;144199;75108;12;0;108;9;9;11/06/2026;JESSICA;-20
3;8293;SH PANTENE 175ML QUERATINA;PERFUMARIA E LIMPEZA;78228;09/06/2026;144199;75108;6;102;6;1;1;11/06/2026;JESSICA;11
3;34564;CREME JOAO E MARIA 40G P ASSADURA;PERFUMARIA E LIMPEZA;78228;09/06/2026;144199;75108;1;7;1;0;0;11/06/2026;JESSICA;-14
3;109;CERV BRAHMA CHOPP GF 1L CHOPP;BEBIDAS;78228;09/06/2026;144199;75108;12;260;132;11;0;;;-8
3;5028;COND PANTENE 175ML HIDRATACAO;PERFUMARIA E LIMPEZA;78228;09/06/2026;144199;75108;6;2;6;1;1;11/06/2026;JESSICA;3
3;33972;ADITIVO RADIADOR MIL MILHAS 1L RS;PERFUMARIA E LIMPEZA;78228;09/06/2026;144199;75108;12;0;12;0;0;09/06/2026;RONAS;13
3;25;AGUA MIN DA PEDRA PET 2L C GAS;BEBIDAS;78228;09/06/2026;144199;75108;6;334;12;2;0;;;105
3;8966;CARVAO CHAMA CAMPEIRA 5KG;NAO ALIMENTO;78228;09/06/2026;144199;75108;1;0;59;59;0;;;-19
3;5842;ESC DENTAL ORAL B COMPL LV2 PG1;PERFUMARIA E LIMPEZA;78228;09/06/2026;144199;75108;1;5;1;0;0;11/06/2026;JESSICA;7
3;5510;DESOD AERO AXE 152ML 90G MUSK;PERFUMARIA E LIMPEZA;78228;09/06/2026;144199;75108;12;12;12;0;0;11/06/2026;JOCELAINE;-5
3;25106;VASSOURA JARDINEIRA S CABO;PERFUMARIA E LIMPEZA;78228;09/06/2026;144199;75108;1;19;12;0;0;09/06/2026;RONAS;9
3;52;AGUA MIN FLORESTA PET 5L S GAS;BEBIDAS;78228;09/06/2026;144239;75108;4;-5;8;2;0;;;114
3;5840;ESC DENTAL ORAL B CLASSIC LV3 PG2;PERFUMARIA E LIMPEZA;78228;09/06/2026;144199;75108;6;0;6;1;1;11/06/2026;JESSICA;4
3;12531;AP GILLETTE PROBAK C 2;PERFUMARIA E LIMPEZA;78228;09/06/2026;144199;75108;14;0;14;0;0;11/06/2026;JESSICA;129
3;8140;SH ANTIC CLEAR 400ML ICE COOL MENTOL;PERFUMARIA E LIMPEZA;78228;09/06/2026;144199;75108;12;72;12;1;1;11/06/2026;JESSICA;14
3;1446;BISC DOCE NESTLE CHOCO TRIO 90G AMEND;MERCEARIA;78228;09/06/2026;144199;75108;12;251;12;0;0;11/06/2026;JESSICA;42
3;769;REFRIG FRUKI GUARANA PET 200ML GUARANA;BEBIDAS;78228;09/06/2026;144199;75108;12;96;36;3;0;;;12
3;762;REFRIG COCA COLA PET 200ML;BEBIDAS;78228;09/06/2026;144199;75108;12;-144;60;5;0;;;961
3;5277;CR DENTAL TANDY 50G UVA;PERFUMARIA E LIMPEZA;78228;09/06/2026;144199;75108;12;0;12;1;1;11/06/2026;JESSICA;37
3;25384;VELA PERF AMAZONIA AROMAS 60G LAVAN ING;PERFUMARIA E LIMPEZA;78228;09/06/2026;144199;75108;12;12;12;0;0;09/06/2026;RONAS;1
3;36101;CHOC BARRA NESTLE ALPINO 80G AO LEITE;MERCEARIA;78228;09/06/2026;144199;75108;64;8;128;0;0;11/06/2026;JESSICA;-105
3;15295;CALDO MAGGI 57G COSTELA;MERCEARIA;78228;09/06/2026;144199;75108;10;0;10;0;0;11/06/2026;JESSICA;89
3;17190;DESINF IMPERIAL 5L LAVANDA;PERFUMARIA E LIMPEZA;78351;09/06/2026;144503;75366;4;7;16;4;0;;;-4
3;15540;CAP DOLCE GUSTO LATTE MACCHIA C 10;MERCEARIA;78351;09/06/2026;144503;75366;6;0;18;0;0;;;-2
3;824;REFRIG PEPSI PET 2L BLACK;BEBIDAS;78351;09/06/2026;144503;75366;8;0;528;66;0;;;-26
3;33422;DET PO AQUAFAST MULTIACAO 800G;PERFUMARIA E LIMPEZA;78351;09/06/2026;144503;75366;20;75;60;3;0;;;31
3;17191;DESINF IMPERIAL 5L PINHO;PERFUMARIA E LIMPEZA;78351;09/06/2026;144503;75366;4;0;16;4;0;;;2
3;533;ENERG RED BULL LT 355ML;BEBIDAS;78351;09/06/2026;144503;75366;4;140;16;4;0;;;9
3;2232;CAPSULA DOLCE GUSTO 117G C 10 CAPPUCCINO;MERCEARIA;78351;09/06/2026;144503;75366;6;18;6;0;0;;;12
3;4216;AMAC YPE 2L DELICADO AMOR;PERFUMARIA E LIMPEZA;78351;09/06/2026;144503;75366;6;630;12;2;0;;;-17
3;2214;CAPSULA DOLCE GUSTO 80G C 10 MATINAL;MERCEARIA;78351;09/06/2026;144503;75366;6;6;18;0;0;;;1
3;986;OLEO SOJA VITALIV PET 900ML;MERCEARIA;78351;09/06/2026;144503;75366;20;0;520;26;0;;;675
3;16930;CR TRAT CAPILAR HEDERA BABOSA 960G;PERFUMARIA E LIMPEZA;78351;09/06/2026;144503;75366;6;12;12;0;0;11/06/2026;JOCELAINE;0
3;492;COQUETEL TAIMBE VD 900ML LIMAO;BEBIDAS;78351;09/06/2026;144503;75366;12;0;24;2;0;;;1
3;2510;ERVA MATE PONCHE VERDE 500G TRAD;MERCEARIA;78482;09/06/2026;144728;75366;20;100;20;1;0;;;552
3;2134;ARROZ BCO SANO OURO TP1 5KG;MERCEARIA;78482;09/06/2026;144728;75366;6;187;60;10;0;;;31
3;1294;CHOC BARRA NESTLE 80G AO LEITE;MERCEARIA;78482;09/06/2026;144728;75366;64;16;320;0;0;11/06/2026;JESSICA;369
3;2361;FEIJAO VERMELHO ARBAZA 500G;MERCEARIA;78482;09/06/2026;144728;75366;12;980;120;10;0;;;8
3;16887;CR LEITE TP PIRACANJUBA 200G;MERCEARIA;78482;09/06/2026;144728;75366;27;3672;270;10;0;;;188
3;38005;CHOC KIT KAT MACCHIATO 41 5G;MERCEARIA;78482;09/06/2026;144728;75366;24;4632;240;8;8;11/06/2026;JESSICA;124
3;2799;FAROFA MANDIOCA YOKI 400G TRADICIONAL;MERCEARIA;78482;09/06/2026;144728;75366;24;550;120;5;0;;;323
3;2816;FARINHA MILHO 1KG PRE COZIDA PRE COZIDA;MERCEARIA;78482;09/06/2026;144728;75366;12;11;12;1;0;;;29
3;1354;CHOC BATON GAROTO 16G BRANCO;MERCEARIA;78482;09/06/2026;144728;75366;30;29;90;3;3;11/06/2026;JESSICA;113
3;3564;BEB 3 CORACOES POWER WHEY 250ML DOCE LEITE;MERCEARIA;78482;09/06/2026;144728;75366;12;421;36;3;0;;;10
3;4419;BEB SCHWEPPES GF 250ML GIN TONICA;BEBIDAS;78525;09/06/2026;144826;75366;6;0;6;1;0;;;21
3;301;CERV BUDWEISER ZERO LN 330ML;BEBIDAS;78525;09/06/2026;144826;75366;24;363;768;32;0;;;851
3;22654;QUENTAO S ALCOOL 2L;BEBIDAS;78525;09/06/2026;144826;75366;6;6;60;10;0;;;104
3;764;REFRIG COCA COLA PET 200ML ZERO;BEBIDAS;78525;09/06/2026;144826;75366;12;1632;240;20;0;;;586
3;654;SUCO DEL VALLE FRUT TP 1L LARANJA;BEBIDAS;78525;09/06/2026;144826;75366;6;0;6;1;0;;;28
3;852;REFRIG FANTA LARANJA PET 600ML;BEBIDAS;78525;09/06/2026;144826;75366;6;360;84;14;0;;;11
3;339;CHA ICE TEA LEAO PET 1 5L PESSEGO;BEBIDAS;78525;09/06/2026;144826;75366;6;0;6;1;0;;;33
3;59;AGUA GASEIFICADA CRYSTAL PET 510ML FRUTAS VERMELHA;BEBIDAS;78525;09/06/2026;144826;75366;6;0;12;2;0;;;-130
3;903;REFRIG PEPSI BLACK LT 350ML;BEBIDAS;78525;09/06/2026;144826;75366;12;-36;120;10;0;;;261
3;898;REFRIG FANTA MARACUJA LT 350ML;BEBIDAS;78525;09/06/2026;144826;75366;6;0;12;2;0;;;18
3;656;SUCO DEL VALLE FRUT TP 1L UVA;BEBIDAS;78525;09/06/2026;144826;75366;6;36;12;2;0;;;18
3;354;CHA MATTE LEAO PET 450ML GUARANA C ACAI;BEBIDAS;78525;09/06/2026;144826;75366;6;0;12;2;0;;;13
3;18809;FRALDA PAMPERS CONF SEC C 44 XXXG;PERFUMARIA E LIMPEZA;78621;09/06/2026;145078;75505;2;142;8;4;0;10/06/2026;CAROLINA;42
3;23437;SALG PASTELINA 100G BACON;MERCEARIA;78649;09/06/2026;145126;75599;50;0;200;4;0;11/06/2026;ALEX JARDIM;-126
3;23441;SALPASTELINA TRAD 100G;MERCEARIA;78649;09/06/2026;145126;75599;50;0;100;2;0;11/06/2026;ALEX JARDIM;781
3;1480;BISC RECH TORTUGUITA 120G BRIGADEIRO;MERCEARIA;78649;09/06/2026;145126;75599;56;0;112;2;0;11/06/2026;ALEX JARDIM;420
3;244;CERV CORONA ZERO LN 330ML;BEBIDAS;78733;09/06/2026;145431;75642;24;2823;120;5;0;;;279
3;246;CERV CORONA EXTRA LN 330ML;BEBIDAS;78733;09/06/2026;145431;75642;24;3148;120;5;0;;;323
4;38563;KIT SH CD NEUTROX 300ML 200ML OLEOS;PERFUMARIA E LIMPEZA;78376;09/06/2026;144504;75362;12;60;24;2;2;11/06/2026;JOCELAINE;0
4;8230;SH HEAD SHOULDERS 200ML MENTHOL REFRE;PERFUMARIA E LIMPEZA;78376;09/06/2026;144504;75362;6;78;12;2;2;11/06/2026;JESSICA;5
4;19315;COT HASTES FLEX COTTONBABY PT 100UN;PERFUMARIA E LIMPEZA;78376;09/06/2026;144504;75362;1;447;5;5;5;11/06/2026;JESSICA;7
4;7726;SAB CLOY HIDR 80G MILK CARE;PERFUMARIA E LIMPEZA;78376;09/06/2026;144504;75362;72;1224;144;2;2;11/06/2026;JOCELAINE;52
4;34978;SAB MARAN SUAVE 80G ROSAS;PERFUMARIA E LIMPEZA;78376;09/06/2026;144504;75362;108;36147;216;2;2;11/06/2026;JOCELAINE;11
4;7943;SABON PALMOLIVE NATURALS 150G JASMIM E CACAU;PERFUMARIA E LIMPEZA;78376;09/06/2026;144504;75362;72;528;144;1;1;11/06/2026;JOCELAINE;0
4;5070;COND SEDA 325ML LISO PERFEITO;PERFUMARIA E LIMPEZA;78376;09/06/2026;144504;75362;12;36;24;2;2;11/06/2026;CAROLINA;12
4;37033;FAROFA ROCHA 400G TRAD;MERCEARIA;78376;09/06/2026;144504;75362;10;9;20;2;2;15/06/2026;MARCOS M;6
4;2510;ERVA MATE PONCHE VERDE 500G TRAD;MERCEARIA;78376;09/06/2026;144504;75362;20;100;60;2;2;15/06/2026;MARCOS M;148
4;7950;SABON PALMOLIVE NATURALS 150G TURMALINA;PERFUMARIA E LIMPEZA;78376;09/06/2026;144504;75362;72;-72;144;0;0;11/06/2026;JOCELAINE;8
4;12168;ABS DEFINITY C ABAS C 8;PERFUMARIA E LIMPEZA;78376;09/06/2026;144504;75362;60;1620;120;0;0;11/06/2026;JOCELAINE;-2
4;38562;KIT SH CD NEUTROX 300ML 200ML FORCA;PERFUMARIA E LIMPEZA;78376;09/06/2026;144504;75362;12;0;24;2;2;11/06/2026;JOCELAINE;0
4;5244;CR DEN SORRISO 70G TRIPLA LIMPEZA COMPLETA;PERFUMARIA E LIMPEZA;78376;09/06/2026;144504;75362;144;5616;288;2;2;11/06/2026;JOCELAINE;117
4;10147;SAB FARNESE 180G LAVANDA MENTA;PERFUMARIA E LIMPEZA;78376;09/06/2026;144504;75362;36;1440;72;2;2;11/06/2026;JOCELAINE;38
4;22903;REMOV ESM AMAZONIA 80ML;PERFUMARIA E LIMPEZA;78376;09/06/2026;144504;75362;12;420;24;2;2;11/06/2026;JESSICA;5
4;6997;LOC HID MONANGE 200ML FRUTAS VERMELHA;PERFUMARIA E LIMPEZA;78376;09/06/2026;144504;75362;24;24;48;0;0;11/06/2026;JOCELAINE;4
4;5077;COND SEDA 325ML SOS CERAMIDAS;PERFUMARIA E LIMPEZA;78376;09/06/2026;144504;75362;12;60;24;2;2;11/06/2026;CAROLINA;6
4;5858;ESC DENTAL SORRISO MEDIA;PERFUMARIA E LIMPEZA;78376;09/06/2026;144504;75362;12;276;24;2;2;11/06/2026;JESSICA;11
4;33373;DESO AERO AXE 200ML BLACK ALE E CED;PERFUMARIA E LIMPEZA;78376;09/06/2026;144504;75362;12;2125;24;0;0;11/06/2026;CAROLINA;2
4;747;ACUCAR CRISTAL GASPARIN 2KG;MERCEARIA;78376;09/06/2026;144504;75362;15;75;60;4;4;15/06/2026;MARCOS M;150
4;38500;LENTILHA CALDO DE OURO 500G;MERCEARIA;78376;09/06/2026;144504;75362;12;4077;96;8;8;15/06/2026;MARCOS M;217
4;37075;FARINHA TAPIOCA DINDA 400G TRAD;MERCEARIA;78484;09/06/2026;144729;75362;20;120;40;0;0;15/06/2026;MARCOS M;33
4;2510;ERVA MATE PONCHE VERDE 500G TRAD;MERCEARIA;78484;09/06/2026;144729;75362;20;100;100;2;2;15/06/2026;MARCOS M;148
4;2361;FEIJAO VERMELHO ARBAZA 500G;MERCEARIA;78484;09/06/2026;144729;75362;12;980;60;0;0;15/06/2026;MARCOS M;3
4;22654;QUENTAO S ALCOOL 2L;BEBIDAS;78527;09/06/2026;144827;75362;6;6;30;5;0;;;65
4;764;REFRIG COCA COLA PET 200ML ZERO;BEBIDAS;78527;09/06/2026;144827;75362;12;1632;120;10;0;;;2
4;4202;AMAC GIRANDO SOL 2L AZUL;PERFUMARIA E LIMPEZA;78580;09/06/2026;145027;75506;6;466;18;3;3;10/06/2026;RONALDO;13
4;7825;SABAO PO GIRANDO SOL 400G AZUL;PERFUMARIA E LIMPEZA;78580;09/06/2026;145027;75506;30;147;60;2;2;10/06/2026;RONALDO;34
4;23142;SABAO GIRANDO SOL GLIC 180G NEUTRO;PERFUMARIA E LIMPEZA;78580;09/06/2026;145027;75506;50;549;50;1;1;10/06/2026;RONALDO;43
4;4205;AMAC GIRANDO SOL 2L LILAS;PERFUMARIA E LIMPEZA;78580;09/06/2026;145027;75506;6;300;18;3;3;10/06/2026;RONALDO;18
4;4115;ALVEJ GIRANDO SOL 2L S CLORO;PERFUMARIA E LIMPEZA;78580;09/06/2026;145027;75506;6;139;6;1;1;10/06/2026;RONALDO;16
4;6122;FRALDA DESC PAMPERS CONFORT M C 70;PERFUMARIA E LIMPEZA;78623;09/06/2026;145080;75506;2;54;6;1;1;10/06/2026;RONALDO;0
4;6121;FRALDA DESC PAMPERS CONFORT G C 60;PERFUMARIA E LIMPEZA;78623;09/06/2026;145080;75506;2;30;6;3;3;10/06/2026;RONALDO;0
4;6124;FRALDA DESC PAMPERS CONF XXG C 56;PERFUMARIA E LIMPEZA;78623;09/06/2026;145080;75506;2;122;6;0;0;10/06/2026;RONALDO;0
4;20391;MAIONESE LIZA CASEIRA 450G;MERCEARIA;78651;09/06/2026;145127;75822;12;0;48;4;0;;;513
4;520;ENERG RED BULL LT 250ML MORANGO PESSEGO;BEBIDAS;78696;09/06/2026;145348;75600;24;176;24;1;0;;;27
4;2026;MILHO PIPOCA SERRA URUGUAI TP1 400G;MERCEARIA;78696;09/06/2026;145348;75600;20;60;200;10;0;16/06/2026;WENDRIO;0
4;33730;ENERG RED BULL LT 250ML ZERO;BEBIDAS;78696;09/06/2026;145348;75600;24;551;24;1;0;;;30
5;533;ENERG RED BULL LT 355ML;BEBIDAS;78230;09/06/2026;144200;75364;4;140;4;1;0;;;6
5;766;REFRIG FANTA PET 200ML LARANJA;BEBIDAS;78230;09/06/2026;144200;75364;12;1668;36;3;0;;;-11
5;3893;ABS C ABAS DIA NOITE 32 UN SUAVE;PERFUMARIA E LIMPEZA;78230;09/06/2026;144200;75364;16;79;16;1;0;;;12
5;12289;AGUA SANIT IMPERIAL 1L;PERFUMARIA E LIMPEZA;78230;09/06/2026;144200;75364;12;12;12;1;0;;;12
5;16;AGUA MIN CRYSTAL PET 1 5L S GAS;BEBIDAS;78230;09/06/2026;144200;75364;6;12;12;2;0;;;50
5;392;ENERG MONSTER LT 473ML MANGO LOCO;BEBIDAS;78230;09/06/2026;144200;75364;6;184;6;4;0;;;-6
5;29;REFRE PO TRINK 15G MORANGO;BEBIDAS;78230;09/06/2026;144200;75364;150;5250;300;2;0;;;181
5;392;ENERG MONSTER LT 473ML MANGO LOCO;BEBIDAS;78379;09/06/2026;144505;75364;6;184;18;4;0;;;-6
5;764;REFRIG COCA COLA PET 200ML ZERO;BEBIDAS;78529;09/06/2026;144828;75364;12;1632;84;7;0;;;195
5;748;REFRIG SARANDI PET 1 5L GUARANA;BEBIDAS;78653;09/06/2026;145178;75538;8;14888;240;30;0;;MARCOS M;1
5;2026;MILHO PIPOCA SERRA URUGUAI TP1 400G;MERCEARIA;78698;09/06/2026;145349;75601;20;60;200;0;0;;;-10
5;520;ENERG RED BULL LT 250ML MORANGO PESSEGO;BEBIDAS;78698;09/06/2026;145349;75601;24;176;24;1;0;;;23
6;9756;LEITE TIROL INTEGRAL ZR LACTOSE 1L;PERECIVEIS;78206;09/06/2026;144188;75106;12;17;144;12;0;;;27
6;6787;LEITE LV ELEGE 1L ZERO LAC SEMI DES;PERECIVEIS;78206;09/06/2026;144188;75106;12;900;12;1;0;;;6
6;6799;LEITE SANTA CLARA 1L ZERO LACTOSE;PERECIVEIS;78206;09/06/2026;144188;75106;12;12;12;1;0;;;20
6;6781;LEITE LV EDGE ELEGE 1L INTEGRAL;PERECIVEIS;78206;09/06/2026;144188;75106;12;108;72;6;0;;;851
6;6792;LEITE UHT PET ELEGE 1L INTEGRAL;PERECIVEIS;78206;09/06/2026;144188;75106;6;9296;12;2;0;;;31
6;21691;PAPEL HIG NATUPEL FD 20M C 12;PERFUMARIA E LIMPEZA;78232;09/06/2026;144201;75106;6;48;24;4;0;09/06/2026;ELIAS;18
6;21692;PAPEL HIG NATUPEL PREM FS 30M C 4;PERFUMARIA E LIMPEZA;78232;09/06/2026;144201;75106;16;160;96;6;0;09/06/2026;ELIAS;-33
6;386;ENERG MONSTER LT 473ML ABSOLUT ZERO;BEBIDAS;78232;09/06/2026;144201;75106;6;197;6;1;0;;;50
6;8727;VELA SANDERO N4 8UN 144G ST SAO JORGE;PERFUMARIA E LIMPEZA;78232;09/06/2026;144201;75106;24;0;24;0;0;09/06/2026;RONAS;7
6;784;REFRIG ANTARCTICA GUARANA PET 2L;BEBIDAS;78232;09/06/2026;144201;75106;8;35;8;1;0;;;-3
6;34724;REFRE HAPPY TP 1L ABACAXI;BEBIDAS;78232;09/06/2026;144201;75106;12;144;12;1;0;;;23
6;595;SUCO COM TEM LARANJA VD 1L;BEBIDAS;78232;09/06/2026;144201;75106;6;6;6;1;0;;;6
6;20193;LIXA P PES DUPLA FACE;PERFUMARIA E LIMPEZA;78232;09/06/2026;144201;75106;1;0;1;0;0;09/06/2026;RONAS;1
6;29708;CHOC BARRA LACTA LAKA 28G;MERCEARIA;78232;09/06/2026;144201;75106;12;0;12;0;0;11/06/2026;JESSICA;-2
6;533;ENERG RED BULL LT 355ML;BEBIDAS;78232;09/06/2026;144201;75106;4;140;4;1;0;;;8
6;492;COQUETEL TAIMBE VD 900ML LIMAO;BEBIDAS;78232;09/06/2026;144201;75106;12;0;12;1;0;;;-5
6;825;REFRIG PEPSI PET 2L;BEBIDAS;78381;09/06/2026;144569;75824;8;663;136;17;0;;;150
6;169;CERV HEINEKEN LT 473ML;BEBIDAS;78381;09/06/2026;144569;75824;12;24;468;39;0;;;780
6;2266;CAPSULA DOLCE GUSTO 170G C 10 CAPP DOCE LEITE;MERCEARIA;78381;09/06/2026;144569;75824;6;0;12;0;0;;;1
6;2026;MILHO PIPOCA SERRA URUGUAI TP1 400G;MERCEARIA;78700;09/06/2026;145350;75602;20;60;100;5;0;10/06/2026;ALEX JARDIM;-18
6;2439;POPCORN YOKI 100G NATURAL;MERCEARIA;78700;09/06/2026;145350;75602;36;35;36;1;0;10/06/2026;ALEX JARDIM;97
7;2096;ARROZ BCO SANO TP1 2KG;MERCEARIA;78234;09/06/2026;144202;75365;15;379;15;1;0;;;-8
7;2098;ARROZ BCO OESTE TP1 2KG;MERCEARIA;78234;09/06/2026;144202;75365;15;7;15;1;0;;;-17
7;38145;CAFE SOL NESCAFE VD 200G GTS 10G TRAD;MERCEARIA;78234;09/06/2026;;;12;36;12;0;0;;;12
7;15194;CAFE SOL NESCAFE TRAD SH L40P36G;MERCEARIA;78234;09/06/2026;;;24;18;24;0;0;;;148
7;607;SUCO DEL VALLE TP 1L UVA;BEBIDAS;78234;09/06/2026;144202;75365;6;6;6;1;0;;;6
7;2087;CHA PRENDA 18G PRETO;MERCEARIA;78234;09/06/2026;;;20;3041;20;0;0;;;8
7;385;AGUARD 51 965ML;BEBIDAS;78234;09/06/2026;144202;75365;12;624;12;1;0;;;22
7;2214;CAPSULA DOLCE GUSTO 80G C 10 MATINAL;MERCEARIA;78234;09/06/2026;144202;75365;6;6;6;0;0;;;9
7;386;ENERG MONSTER LT 473ML ABSOLUT ZERO;BEBIDAS;78234;09/06/2026;144202;75365;6;197;6;1;0;;;16
7;985;MOSTARDA ODERICH SH 1KG;MERCEARIA;78234;09/06/2026;;;6;72;6;0;0;;;26
7;552;GATORADE ZERO 350ML LARANJA LIMA;BEBIDAS;78234;09/06/2026;144202;75365;12;168;12;1;0;;;12
7;533;ENERG RED BULL LT 355ML;BEBIDAS;78234;09/06/2026;144202;75365;4;140;4;1;0;;;-2
7;35674;SAB IARA 300G;PERFUMARIA E LIMPEZA;78234;09/06/2026;144202;75365;28;0;28;0;0;11/06/2026;CAROLINA;47
7;2076;CHA PRENDA 10G CAMOMILA;MERCEARIA;78234;09/06/2026;;;20;4740;20;0;0;;;-47
7;33728;VODKA NINNOFF PET 870ML;BEBIDAS;78384;09/06/2026;144570;75365;6;597;18;3;0;;;14
7;2722;FARINHA TRIGO PANFACIL TP1 1KG;MERCEARIA;78384;09/06/2026;144570;75365;10;98;50;5;0;;;41
7;764;REFRIG COCA COLA PET 200ML ZERO;BEBIDAS;78533;09/06/2026;144830;75365;12;1632;60;5;0;;;148
7;834;REFRIG ANTARCTICA GUARANA PET 3L;BEBIDAS;78702;09/06/2026;145351;75603;4;0;40;10;0;;;20
7;526;ENERG RED BULL LT 250ML TROPICAL;BEBIDAS;78702;09/06/2026;145351;75603;24;66;24;1;0;;;24
7;2026;MILHO PIPOCA SERRA URUGUAI TP1 400G;MERCEARIA;78702;09/06/2026;145351;75603;20;60;100;5;0;;;-175
7;300;VH SANGUE BOI TINTO 750ML SV;BEBIDAS;78702;09/06/2026;145351;75603;6;4;60;10;0;;;19
8;20810;MILHO PIPOCA ARBAZA PREMIUM 400G;MERCEARIA;78236;09/06/2026;144203;75363;12;32;12;1;0;;;44
8;1886;PASTILHA TIC TAC 14 5G FRUTAS;MERCEARIA;78236;09/06/2026;144203;75363;14;0;14;1;1;11/06/2026;CAROLINA;5
8;8255;SH MONANGE 325ML HIDRATA C PODER;PERFUMARIA E LIMPEZA;78236;09/06/2026;144203;75363;12;12;12;0;0;11/06/2026;JOCELAINE;9
8;2368;FEIJAO VERMELHO SERRA URUGUAI 500G;MERCEARIA;78236;09/06/2026;144203;75363;20;19;20;1;0;;;-5
8;15296;CALDO MAGGI 57G LEGUMES;MERCEARIA;78236;09/06/2026;144203;75363;10;0;10;0;0;11/06/2026;CAROLINA;38
8;386;ENERG MONSTER LT 473ML ABSOLUT ZERO;BEBIDAS;78236;09/06/2026;144203;75363;6;197;6;1;0;;;40
8;911;REFRIG ANTARCTICA GUARANA PET 200ML ZERO;BEBIDAS;78236;09/06/2026;144203;75363;12;0;12;1;0;;;43
8;1884;PASTILHA TIC TAC 14 5G CITRUS MIX;MERCEARIA;78236;09/06/2026;144203;75363;14;14;14;0;0;09/06/2026;CAROLINA;8
8;1267;CHOC BARRA LACTA 80G AMARO 40 CACAU;MERCEARIA;78236;09/06/2026;144203;75363;17;0;17;0;0;09/06/2026;CAROLINA;38
8;19802;KIT SH CD PANTENE 300 150ML COLAGENO;PERFUMARIA E LIMPEZA;78236;09/06/2026;144203;75363;6;0;6;0;0;11/06/2026;JOCELAINE;2
8;1036;BALA DORI GELATINA 13G AMORA;MERCEARIA;78236;09/06/2026;144203;75363;12;0;12;0;0;09/06/2026;CAROLINA;-1
8;1039;BALA DORI GELATINA 13G BOCA;MERCEARIA;78236;09/06/2026;144203;75363;12;0;12;0;0;09/06/2026;CAROLINA;0
8;1397;CHOC NESTLE CHOKITO 32G UN;MERCEARIA;78236;09/06/2026;144203;75363;30;0;30;0;0;09/06/2026;CAROLINA;18
8;3399;CALDO APTI 57G BACON;MERCEARIA;78236;09/06/2026;144203;75363;10;0;10;1;1;11/06/2026;CAROLINA;16
8;1452;CHOC KINDER BUENO 39G;MERCEARIA;78236;09/06/2026;144203;75363;30;0;30;1;1;09/06/2026;CAROLINA;11
8;1426;CHOC BIS XTRA BLACK CHOCOLATE 45G;MERCEARIA;78236;09/06/2026;144203;75363;24;0;24;0;0;09/06/2026;CAROLINA;31
8;118;REFRE PO FRISCO 18G MANGA;BEBIDAS;78236;09/06/2026;144203;75363;180;0;180;1;0;;;53
8;3400;BARRA CEREAL RITTER 25G BAN AVEIA MEL;MERCEARIA;78236;09/06/2026;144203;75363;24;0;24;0;0;09/06/2026;CAROLINA;43
8;1888;PASTILHA TIC TAC 14 5G MENTA;MERCEARIA;78236;09/06/2026;144203;75363;14;0;14;0;0;09/06/2026;CAROLINA;7
8;3401;BARRA CEREAL RITTER 25G BANANA ZR ACUC;MERCEARIA;78492;09/06/2026;144733;75363;24;0;72;0;0;09/06/2026;CAROLINA;13
8;1740;CHICLE FREEGELLS GUM 8G MORANGO;MERCEARIA;78492;09/06/2026;144733;75363;15;8680;150;0;0;09/06/2026;CAROLINA;10
8;1431;CHOC KIT KAT 41 5G DARK;MERCEARIA;78492;09/06/2026;144733;75363;96;24;192;2;2;09/06/2026;CAROLINA;83
8;1742;CHICLE FREEGELLS GUM 8G EXTRA FORTE;MERCEARIA;78492;09/06/2026;144733;75363;15;8;30;0;0;09/06/2026;CAROLINA;13
8;3524;FERM QUIMICO PO FLEISCHMANN PT 100G;MERCEARIA;78492;09/06/2026;144733;75363;12;672;72;0;0;11/06/2026;CAROLINA;68
8;764;REFRIG COCA COLA PET 200ML ZERO;BEBIDAS;78535;09/06/2026;144831;75363;12;1632;120;10;0;;;667
8;37263;ENERG RED BULL LT 250ML NECTARINA S ACU;BEBIDAS;78704;09/06/2026;145352;75604;24;96;24;1;0;;;45
8;2026;MILHO PIPOCA SERRA URUGUAI TP1 400G;MERCEARIA;78704;09/06/2026;145352;75604;20;60;100;0;0;09/06/2026;BRUNO ANTUNES;-38
8;526;ENERG RED BULL LT 250ML TROPICAL;BEBIDAS;78704;09/06/2026;145352;75604;24;66;24;1;0;;;18
8;300;VH SANGUE BOI TINTO 750ML SV;BEBIDAS;78704;09/06/2026;145352;75604;6;4;60;10;0;;;124
11;4564;CARGA MACH 3 2UN CARBONO;PERFUMARIA E LIMPEZA;78238;09/06/2026;144204;75109;12;10;12;0;0;11/06/2026;CAROLINA;5
11;12183;ABS MILI SUAVE PROT TOT C ABAS C 32;PERFUMARIA E LIMPEZA;78238;09/06/2026;144204;75109;16;64;16;1;0;;;-1
11;6959;LIQUIDO NUGGET 60ML PROMO PRETO;PERFUMARIA E LIMPEZA;78238;09/06/2026;144204;75109;12;0;12;0;0;11/06/2026;CAROLINA;5
11;964;OLEO LIZA GIRASSOL 900ML;MERCEARIA;78238;09/06/2026;144204;75109;20;60;20;1;0;;;-28
11;16870;CR DENT SORRISO 120G DENTES BCOS;PERFUMARIA E LIMPEZA;78238;09/06/2026;144204;75109;72;792;72;1;0;;;1
11;784;REFRIG ANTARCTICA GUARANA PET 2L;BEBIDAS;78238;09/06/2026;144204;75109;8;35;8;1;0;;;222
11;8838;AMAC AQUAFAST 2L ROSA JARD FLORI;PERFUMARIA E LIMPEZA;78238;09/06/2026;144204;75109;6;474;6;1;0;;;16
11;52;AGUA MIN FLORESTA PET 5L S GAS;BEBIDAS;78238;09/06/2026;144204;75109;4;-5;156;39;0;;;-6
11;9125;COND DARLING 350ML CERAMIDAS;PERFUMARIA E LIMPEZA;78238;09/06/2026;144204;75109;6;18;6;0;0;11/06/2026;CAROLINA;3
11;2782;MAIONESE LIZA SH 400G CASEIRA;MERCEARIA;78238;09/06/2026;144204;75109;12;2748;240;20;0;;;800
11;12237;ACUCAR REFINADO GASPARIN 1KG;MERCEARIA;78238;09/06/2026;144204;75109;10;2203;20;2;0;;;98
11;759;REFRIG ANTARCTICA GUARANA PET 200ML;BEBIDAS;78238;09/06/2026;144204;75109;12;259;12;1;0;;;576
11;986;OLEO SOJA VITALIV PET 900ML;MERCEARIA;78238;09/06/2026;144204;75109;20;0;480;24;0;;;730
11;38500;LENTILHA CALDO DE OURO 500G;MERCEARIA;78433;09/06/2026;144592;75306;12;4077;600;50;0;09/06/2026;MIKAEL;89
11;2242;ARROZ PARBO RAROZ TP1 5KG;MERCEARIA;78461;09/06/2026;144616;75306;6;2;60;10;0;09/06/2026;MIKAEL;125
11;12237;ACUCAR REFINADO GASPARIN 1KG;MERCEARIA;78494;09/06/2026;144734;75825;10;2203;50;5;0;;;98
11;5588;DESOD AERO REXONA 150ML 90G MEN IMPACT;PERFUMARIA E LIMPEZA;78706;09/06/2026;145353;75605;12;84;12;1;0;10/06/2026;LUIS GUILHERME;39
11;2026;MILHO PIPOCA SERRA URUGUAI TP1 400G;MERCEARIA;78706;09/06/2026;145353;75605;20;60;100;0;0;10/06/2026;LUIS GUILHERME;-12
11;5598;DESOD AERO REXONA 150ML 90G XTRACOL MEN;PERFUMARIA E LIMPEZA;78706;09/06/2026;145353;75605;12;60;12;1;0;10/06/2026;LUIS GUILHERME;47
12;23158;SABAO ZAVASKI COCO 200G;PERFUMARIA E LIMPEZA;78240;09/06/2026;144205;75110;50;537;50;1;0;;;-10
12;8792;ABS MILI NOTURNO SAUVE C ABAS 32UN;PERFUMARIA E LIMPEZA;78240;09/06/2026;144205;75110;16;15;16;1;0;;;13
12;3635;SAL MOIDO CBS 1KG;MERCEARIA;78240;09/06/2026;144205;75110;10;90;40;4;0;;;-17
12;1276;CHOC BARRA GAROTO 80G MEIO AMARGO;MERCEARIA;78496;09/06/2026;144735;75828;16;0;48;3;0;10/06/2026;FERNANDO PAZ;0
12;1431;CHOC KIT KAT 41 5G DARK;MERCEARIA;78496;09/06/2026;144735;75828;96;24;192;2;0;10/06/2026;FERNANDO PAZ;17
12;1271;CHOC BARRA GAROTO 80G CROCANTE;MERCEARIA;78496;09/06/2026;144735;75828;16;288;160;10;0;10/06/2026;FERNANDO PAZ;4
12;3401;BARRA CEREAL RITTER 25G BANANA ZR ACUC;MERCEARIA;78496;09/06/2026;144735;75828;24;0;120;5;0;10/06/2026;FERNANDO PAZ;3
12;35236;BOMBOM LACTA OREO 20G;MERCEARIA;78496;09/06/2026;144735;75828;27;2511;135;5;0;10/06/2026;FERNANDO PAZ;75
12;1294;CHOC BARRA NESTLE 80G AO LEITE;MERCEARIA;78496;09/06/2026;144735;75828;64;16;64;1;0;10/06/2026;FERNANDO PAZ;314
12;1740;CHICLE FREEGELLS GUM 8G MORANGO;MERCEARIA;78496;09/06/2026;144735;75828;15;8680;300;20;0;10/06/2026;FERNANDO PAZ;0
12;3388;CALDO GALINHA KNORR 57G;MERCEARIA;78496;09/06/2026;144735;75828;10;48;10;1;0;10/06/2026;FERNANDO PAZ;40
12;1747;CHICLE FREEGELLS GUM 8G ORIG CHERRY;MERCEARIA;78496;09/06/2026;144735;75828;15;6;60;4;0;10/06/2026;FERNANDO PAZ;5
12;13708;BOMBOM LACTA SONHO VALSA 20G;MERCEARIA;78496;09/06/2026;144735;75828;50;9548;250;5;0;10/06/2026;FERNANDO PAZ;451
12;1702;CONFEITO MMS 120G CRISPY;MERCEARIA;78496;09/06/2026;144735;75828;24;96;24;1;0;10/06/2026;FERNANDO PAZ;16
12;33732;ENERG RED BULL LT 250ML POMELO;BEBIDAS;78708;09/06/2026;145354;75606;24;72;24;1;0;;;44
12;300;VH SANGUE BOI TINTO 750ML SV;BEBIDAS;78708;09/06/2026;145354;75606;6;4;60;10;0;;;208
12;520;ENERG RED BULL LT 250ML MORANGO PESSEGO;BEBIDAS;78708;09/06/2026;145354;75606;24;176;24;1;0;;;26
12;834;REFRIG ANTARCTICA GUARANA PET 3L;BEBIDAS;78708;09/06/2026;145354;75606;4;0;80;20;0;;;38
12;2026;MILHO PIPOCA SERRA URUGUAI TP1 400G;MERCEARIA;78708;09/06/2026;145354;75606;20;60;100;5;0;;;15
12;33730;ENERG RED BULL LT 250ML ZERO;BEBIDAS;78708;09/06/2026;145354;75606;24;551;24;1;0;;;34
12;526;ENERG RED BULL LT 250ML TROPICAL;BEBIDAS;78708;09/06/2026;145354;75606;24;66;24;1;0;;;22
12;519;ENERG RED BULL LT 250ML MELANCIA;BEBIDAS;78708;09/06/2026;145354;75606;24;250;24;1;0;;;21
12;33731;ENERG RED BULL LT 250ML AMORA S ACUCAR;BEBIDAS;78708;09/06/2026;145354;75606;24;50;24;1;0;;;11
13;5808;ESC DENTAL COLGATE INFUSAO CARV 2UN;PERFUMARIA E LIMPEZA;78242;09/06/2026;144206;75111;12;0;24;2;2;;CAROLINA;-12
13;24340;SH PALMOLIVE 650ML NATURALS CERAM;PERFUMARIA E LIMPEZA;78242;09/06/2026;144206;75111;6;0;6;1;1;;CAROLINA;1
13;7949;SABON PALMOLIVE NATURALS 150G OLEO NUTRITIVO;PERFUMARIA E LIMPEZA;78242;09/06/2026;144206;75111;72;168;72;1;1;;CAROLINA;-11
13;7399;PASTILHA PATO PROMO 3UN LAVANDA;PERFUMARIA E LIMPEZA;78242;09/06/2026;144206;75111;8;24;16;0;0;;CAROLINA;6
13;533;ENERG RED BULL LT 355ML;BEBIDAS;78242;09/06/2026;144206;75111;4;140;4;1;0;;;5
13;25106;VASSOURA JARDINEIRA S CABO;PERFUMARIA E LIMPEZA;78242;09/06/2026;144206;75111;1;19;6;0;0;09/06/2026;RONAS;7
13;6226;GEL DENT SORRISO FRESH 90G MENTHOL IMPACT;PERFUMARIA E LIMPEZA;78242;09/06/2026;144206;75111;12;108;84;0;0;;CAROLINA;42
13;764;REFRIG COCA COLA PET 200ML ZERO;BEBIDAS;78242;09/06/2026;144206;75111;12;1632;24;2;0;;;154
13;190;REFRE PO GLUP 15G TANGERINA;BEBIDAS;78242;09/06/2026;144206;75111;60;34740;60;1;0;;;107
13;10240;SH DARLING 350ML CERAMIDAS;PERFUMARIA E LIMPEZA;78242;09/06/2026;144206;75111;6;0;6;1;1;;CAROLINA;0
13;17158;DESINF APYCE 2L PINHO;PERFUMARIA E LIMPEZA;78242;09/06/2026;144206;75111;6;672;6;1;0;;;3
13;5355;CREME BARBA BOZZANO 65G ALOE VERA;PERFUMARIA E LIMPEZA;78242;09/06/2026;144206;75111;1;0;1;0;0;;CAROLINA;0
13;7875;SABONETE DOVE 90G ERVA DOCE;PERFUMARIA E LIMPEZA;78242;09/06/2026;144206;75111;48;8193;48;0;0;;CAROLINA;10
13;15;AGUA SABORIZ H2OH PET 1 5L LIMONETO;BEBIDAS;78242;09/06/2026;144206;75111;6;54;6;1;0;;;6
13;5042;COND PANTENE 400ML LISO EXTREMO;PERFUMARIA E LIMPEZA;78242;09/06/2026;144206;75111;6;0;6;1;1;;CAROLINA;4
13;386;ENERG MONSTER LT 473ML ABSOLUT ZERO;BEBIDAS;78242;09/06/2026;144206;75111;6;197;6;1;0;;;35
13;6021;ESPUMA BARBA BOZZANO 193G HIDRATACAO;PERFUMARIA E LIMPEZA;78242;09/06/2026;144206;75111;1;3;1;0;0;;CAROLINA;1
13;8442;SILICONE DESTAQUE AERO 400ML LAVANDA;PERFUMARIA E LIMPEZA;78242;09/06/2026;144206;75111;1;2;1;0;0;09/06/2026;RONAS;8
13;33783;VODKA NINNOFF VD 900ML RED;BEBIDAS;78242;09/06/2026;144206;75111;6;228;6;1;0;;;1
13;33890;KIT SH CD DOVE 350ML 175ML NUTRICAO;PERFUMARIA E LIMPEZA;78242;09/06/2026;144206;75111;8;0;8;0;0;;CAROLINA;0
13;1354;CHOC BATON GAROTO 16G BRANCO;MERCEARIA;78498;09/06/2026;144736;75829;30;29;90;3;3;12/06/2026;JESSICA;42
13;1271;CHOC BARRA GAROTO 80G CROCANTE;MERCEARIA;78498;09/06/2026;144736;75829;16;288;320;0;0;12/06/2026;JOCELAINE;6
13;3524;FERM QUIMICO PO FLEISCHMANN PT 100G;MERCEARIA;78498;09/06/2026;144736;75829;12;672;36;0;0;12/06/2026;JOCELAINE;-1
13;1353;CHOC BATON GAROTO 16G AO LEITE;MERCEARIA;78498;09/06/2026;144736;75829;30;29;60;0;0;12/06/2026;JOCELAINE;10
13;1740;CHICLE FREEGELLS GUM 8G MORANGO;MERCEARIA;78498;09/06/2026;144736;75829;15;8680;150;0;0;12/06/2026;JOCELAINE;0
13;1276;CHOC BARRA GAROTO 80G MEIO AMARGO;MERCEARIA;78498;09/06/2026;144736;75829;16;0;96;0;0;12/06/2026;JOCELAINE;1
13;3401;BARRA CEREAL RITTER 25G BANANA ZR ACUC;MERCEARIA;78498;09/06/2026;144736;75829;24;0;120;0;0;12/06/2026;JOCELAINE;19
13;1498;CHOC KINDER JOY T1 20G;MERCEARIA;78498;09/06/2026;144736;75829;48;212;48;0;0;12/06/2026;JOCELAINE;115
13;748;REFRIG SARANDI PET 1 5L GUARANA;BEBIDAS;78665;09/06/2026;145184;75544;8;14888;320;40;40;09/06/2026;BRUNO ANTUNES;156
13;2026;MILHO PIPOCA SERRA URUGUAI TP1 400G;MERCEARIA;78710;09/06/2026;145355;75607;20;60;100;5;0;11/06/2026;EVERTON;4
13;193;CERV PROVINCIA PILSEN PREM LT 473ML;BEBIDAS;78710;09/06/2026;145355;75607;12;16510;480;40;40;10/06/2026;E.RODRIGUES;25
13;246;CERV CORONA EXTRA LN 330ML;BEBIDAS;78749;09/06/2026;145439;75650;24;3148;48;2;2;09/06/2026;LUAN;149
13;244;CERV CORONA ZERO LN 330ML;BEBIDAS;78749;09/06/2026;145439;75650;24;2823;24;1;1;09/06/2026;LUAN;97
13;35127;TOALHA UMED BEBE LIMPINHO C45;PERFUMARIA E LIMPEZA;78749;09/06/2026;145439;75650;24;336;48;2;2;09/06/2026;LUAN;81
14;5696;DETERG YPE 500ML MACA;PERFUMARIA E LIMPEZA;78244;09/06/2026;144207;75105;24;240;48;2;0;;;-46
14;764;REFRIG COCA COLA PET 200ML ZERO;BEBIDAS;78244;09/06/2026;144207;75105;12;1632;12;1;0;;;76
14;420;BEB VIT BALY KIDS LT 220ML MORANGO;BEBIDAS;78244;09/06/2026;144207;75105;6;6;6;1;0;;;17
14;33720;COQUETEL CHICOTE PET 500ML LIMAO;BEBIDAS;78244;09/06/2026;144207;75105;12;24;12;1;0;;;22
14;896;REFRIG FANTA LARANJA LT 350ML;BEBIDAS;78244;09/06/2026;144207;75105;6;846;6;1;0;;;34
14;533;ENERG RED BULL LT 355ML;BEBIDAS;78244;09/06/2026;144207;75105;4;140;4;1;0;;;0
14;20810;MILHO PIPOCA ARBAZA PREMIUM 400G;MERCEARIA;78244;09/06/2026;144207;75105;12;32;12;1;0;;;31
14;2361;FEIJAO VERMELHO ARBAZA 500G;MERCEARIA;78500;09/06/2026;144737;75832;12;980;60;5;0;;;17
14;2351;FEIJAO PRETO CALDO OURO 1KG;MERCEARIA;78751;09/06/2026;145440;75651;10;8637;100;10;0;;;289
17;304;VH SANGUE BOI TINTO 4L SV;BEBIDAS;78246;09/06/2026;144208;75112;2;3;4;2;0;09/06/2026;AUGUSTO;6
17;25434;VH JP BCO SECO TRAD 1 5L;BEBIDAS;78246;09/06/2026;144208;75112;6;0;6;1;0;09/06/2026;AUGUSTO;0
17;52;AGUA MIN FLORESTA PET 5L S GAS;BEBIDAS;78246;09/06/2026;145656;75757;4;-5;152;38;0;;;68
17;25433;VH CONCHA Y TORO RESERV CAB SUAVE 750ML;BEBIDAS;78246;09/06/2026;144208;75112;12;60;12;1;0;09/06/2026;AUGUSTO;10
17;770;REFRIG FRUKI PET 200ML LARANJA;BEBIDAS;78246;09/06/2026;144208;75112;12;11;12;1;0;09/06/2026;AUGUSTO;12
17;533;ENERG RED BULL LT 355ML;BEBIDAS;78246;09/06/2026;144208;75112;4;140;8;2;0;09/06/2026;AUGUSTO;6
17;33868;REFRE HAPPY TP 200ML UVA;BEBIDAS;78246;09/06/2026;144208;75112;24;0;24;1;0;09/06/2026;AUGUSTO;6
17;34951;SUCO KAPO 200ML MELANCIA;BEBIDAS;78246;09/06/2026;144208;75112;12;892;24;2;0;09/06/2026;AUGUSTO;-15
17;5842;ESC DENTAL ORAL B COMPL LV2 PG1;PERFUMARIA E LIMPEZA;78246;09/06/2026;144208;75112;1;5;1;0;0;11/06/2026;JESSICA;1
17;33720;COQUETEL CHICOTE PET 500ML LIMAO;BEBIDAS;78246;09/06/2026;144208;75112;12;24;12;1;0;09/06/2026;AUGUSTO;20
17;33783;VODKA NINNOFF VD 900ML RED;BEBIDAS;78246;09/06/2026;144208;75112;6;228;12;2;0;09/06/2026;AUGUSTO;-2
17;33871;REFRE HAPPY TP 200ML ABACAXI;BEBIDAS;78246;09/06/2026;144208;75112;24;48;48;2;0;09/06/2026;AUGUSTO;-2
17;22743;RAC SNOW DOG CORD PQ PORT 5K;PRODUTOS PET;78246;09/06/2026;144208;75112;1;347;7;0;0;09/06/2026;ELIAS;4
17;13514;BLO LIXA P UNHA BONITTA;PERFUMARIA E LIMPEZA;78246;09/06/2026;144208;75112;1;0;1;0;0;11/06/2026;JESSICA;4
17;3635;SAL MOIDO CBS 1KG;MERCEARIA;78246;09/06/2026;144208;75112;10;90;50;5;0;;;26
17;439;INA ENERG BALY PET 2L TRAD S A;BEBIDAS;78246;09/06/2026;144208;75112;6;30;6;1;0;09/06/2026;AUGUSTO;23
17;374;AGUARD VELHO BARREIRO 910ML LIMAO;BEBIDAS;78246;09/06/2026;144208;75112;6;26;12;2;0;09/06/2026;AUGUSTO;6
17;829;REFRIG SODA LIMONADA PET 2L;BEBIDAS;78246;09/06/2026;144208;75112;8;612;24;3;0;09/06/2026;AUGUSTO;23
17;386;ENERG MONSTER LT 473ML ABSOLUT ZERO;BEBIDAS;78246;09/06/2026;144208;75112;6;197;6;1;0;09/06/2026;AUGUSTO;23
17;392;ENERG MONSTER LT 473ML MANGO LOCO;BEBIDAS;78246;09/06/2026;144208;75112;6;184;18;3;0;09/06/2026;AUGUSTO;15
17;12531;AP GILLETTE PROBAK C 2;PERFUMARIA E LIMPEZA;78246;09/06/2026;144208;75112;14;0;14;0;0;11/06/2026;JESSICA;138
17;20454;MANG DUOCOLOR 10MTS;NAO ALIMENTO;78280;09/06/2026;144225;75343;1;214;1;0;0;;;1
17;2816;FARINHA MILHO 1KG PRE COZIDA PRE COZIDA;MERCEARIA;78502;09/06/2026;144738;75833;12;11;12;1;0;;;37
17;2361;FEIJAO VERMELHO ARBAZA 500G;MERCEARIA;78502;09/06/2026;144738;75833;12;980;60;5;0;;;-1
17;2799;FAROFA MANDIOCA YOKI 400G TRADICIONAL;MERCEARIA;78502;09/06/2026;144738;75833;24;550;120;5;0;;;26
17;33464;SABAO GIRANDO SOL C 5 GLICE NEUTRO;PERFUMARIA E LIMPEZA;78598;09/06/2026;145036;75515;10;60;20;2;2;11/06/2026;EVERTON;1
17;12410;AMACIANTE GIRANDO SOL 500ML AZUL;PERFUMARIA E LIMPEZA;78598;09/06/2026;145036;75515;12;216;12;1;0;11/06/2026;EVERTON;12
17;4113;ALVEJ GIRANDO SOL 1L LAVANDA;PERFUMARIA E LIMPEZA;78598;09/06/2026;145036;75515;12;96;24;2;0;11/06/2026;EVERTON;19
18;8195;SH DOVE 400ML RITUAL REPARA;PERFUMARIA E LIMPEZA;78248;09/06/2026;144209;75367;12;12;12;0;0;09/06/2026;JESSICA;8
18;24643;TCO P PES AMAZONIA 100G MENTOLADO;PERFUMARIA E LIMPEZA;78248;09/06/2026;144209;75367;48;0;48;1;1;09/06/2026;JESSICA;11
18;6226;GEL DENT SORRISO FRESH 90G MENTHOL IMPACT;PERFUMARIA E LIMPEZA;78248;09/06/2026;144209;75367;12;108;96;8;8;09/06/2026;JESSICA;31
18;20279;LUVA CONF LATEX P AMARELA;PERFUMARIA E LIMPEZA;78248;09/06/2026;144209;75367;12;24;12;0;0;09/06/2026;SAMUEL;-7
18;10241;SH DARLING 350ML TILIA;PERFUMARIA E LIMPEZA;78248;09/06/2026;144209;75367;6;0;6;0;0;09/06/2026;JESSICA;1
18;34568;CR DENT COLGATE NATURALS 90G BIC E HORTELA;PERFUMARIA E LIMPEZA;78248;09/06/2026;144209;75367;12;84;12;0;0;09/06/2026;JESSICA;34
18;36077;KIT SH CD SALON LINE 300ML OLEO DE COCO;PERFUMARIA E LIMPEZA;78248;09/06/2026;144209;75367;6;1;6;0;0;09/06/2026;JESSICA;4
18;8721;VELA SANDERO N1 BRANCA 8UN 80G;PERFUMARIA E LIMPEZA;78248;09/06/2026;144209;75367;24;2088;24;1;1;09/06/2026;SAMUEL;31
18;33373;DESO AERO AXE 200ML BLACK ALE E CED;PERFUMARIA E LIMPEZA;78248;09/06/2026;144209;75367;12;2125;36;0;0;09/06/2026;JESSICA;2
18;21379;OLEO IPIRANGA F1 MASTER PERF 15W40 1L;PERFUMARIA E LIMPEZA;78248;09/06/2026;144209;75367;24;-24;24;1;1;09/06/2026;SAMUEL;0
18;5355;CREME BARBA BOZZANO 65G ALOE VERA;PERFUMARIA E LIMPEZA;78248;09/06/2026;144209;75367;1;0;2;0;0;09/06/2026;JESSICA;0
18;5022;COND PANTENE 150ML EQUIL ALGA MAR;PERFUMARIA E LIMPEZA;78248;09/06/2026;144209;75367;12;60;12;0;0;09/06/2026;JESSICA;7
18;20444;MAMAD LOLLY TIP SIL R 240ML M 1360 01 M;PERFUMARIA E LIMPEZA;78248;09/06/2026;144209;75367;6;6;6;0;0;09/06/2026;JESSICA;5
18;10109;REPARADOR DI HELLEN PONTAS 30G PROT TERMICA;PERFUMARIA E LIMPEZA;78248;09/06/2026;144209;75367;12;12;12;0;0;09/06/2026;JESSICA;27
18;37887;TIT COR E TON S AMONIA 2 0 PTO;PERFUMARIA E LIMPEZA;78248;09/06/2026;144209;75367;6;12;6;0;0;09/06/2026;JESSICA;6
18;38201;MINI MAM LOLLY CLEAN 50ML F;PERFUMARIA E LIMPEZA;78248;09/06/2026;144209;75367;6;0;6;1;0;09/06/2026;JESSICA;5
18;7415;PEDRA PATO 25G 25% DESC MARINE;PERFUMARIA E LIMPEZA;78248;09/06/2026;144209;75367;48;0;48;1;1;09/06/2026;JESSICA;20
18;6021;ESPUMA BARBA BOZZANO 193G HIDRATACAO;PERFUMARIA E LIMPEZA;78248;09/06/2026;144209;75367;1;3;3;0;0;09/06/2026;JESSICA;-6
18;25106;VASSOURA JARDINEIRA S CABO;PERFUMARIA E LIMPEZA;78248;09/06/2026;144209;75367;1;19;2;0;0;09/06/2026;SAMUEL;8
18;2266;CAPSULA DOLCE GUSTO 170G C 10 CAPP DOCE LEITE;MERCEARIA;78248;09/06/2026;144209;75367;6;0;6;0;0;;;10
18;8286;SH PANTENE 175ML COLAGENO;PERFUMARIA E LIMPEZA;78248;09/06/2026;144209;75367;6;40;6;0;0;09/06/2026;JESSICA;4
18;7872;SABONETE DOVE 90G PROTEGE CUIDA;PERFUMARIA E LIMPEZA;78248;09/06/2026;144209;75367;48;5190;48;1;1;09/06/2026;JESSICA;33
18;2491;KETCHUP ODERICH BISNAG 200G TRAD;MERCEARIA;78248;09/06/2026;;;24;120;24;0;0;;;49
18;5021;COND PANTENE 150ML COLAGENO;PERFUMARIA E LIMPEZA;78248;09/06/2026;144209;75367;12;36;12;0;0;09/06/2026;JESSICA;7
18;9236;CR TRAT VINI LADY SC 700G REPARACAO TOTAL;PERFUMARIA E LIMPEZA;78248;09/06/2026;144209;75367;12;0;12;0;0;09/06/2026;JESSICA;6
1;6795;LEITE UHT TIROL 1L ZERO LAC;PERECIVEIS;78831;10/06/2026;145721;75818;12;0;12;1;0;;;-10
1;5806;ESC DENTAL COLGATE ESSENCIAL CLEAN PACK 06UN;PERFUMARIA E LIMPEZA;78857;10/06/2026;145734;75818;6;6;24;0;0;11/06/2026;JOCELAINE;8
1;3994;ALIM CAO DOG CHOW100G SACHE TOD TAM CARNE ADULTO;PRODUTOS PET;78857;10/06/2026;145734;75818;15;1335;15;0;0;10/06/2026;CAROLINA;2
1;2367;ERVILHA FUGINI SH 170G;MERCEARIA;78857;10/06/2026;145734;75818;36;2736;36;1;0;;;18
1;20810;MILHO PIPOCA ARBAZA PREMIUM 400G;MERCEARIA;78857;10/06/2026;145734;75818;12;32;12;1;0;;;4
1;16593;CORT UNHA INOX PREMIUM 5 2CM 1PC;PERFUMARIA E LIMPEZA;78857;10/06/2026;145734;75818;1;13;1;0;0;10/06/2026;RAMIRES;4
1;20343;MAC INST NISSIN 85G CARNE;MERCEARIA;78857;10/06/2026;145734;75818;50;1350;50;1;1;10/06/2026;CAROLINA;49
1;20318;MACARRAO INST GERMANI 63G GALINHA;MERCEARIA;78857;10/06/2026;145734;75818;50;7236;50;2;2;10/06/2026;CAROLINA;627
1;795;REFRIG COCA COLA PET 2L ZERO;BEBIDAS;78857;10/06/2026;145734;75818;8;10;16;2;0;;;0
1;3397;CALDO APTI 19G LEGUMES;MERCEARIA;78857;10/06/2026;145734;75818;24;0;24;5;0;11/06/2026;JESSICA;1
1;20316;MACARRAO INST GERMANI 63G CARNE;MERCEARIA;78857;10/06/2026;145734;75818;50;8149;50;1;1;10/06/2026;CAROLINA;646
1;2826;MASSA C OVOS STA FELICIDADE 500G PENNE;MERCEARIA;78857;10/06/2026;145734;75818;20;1080;60;0;0;10/06/2026;CAROLINA;-28
1;2905;MASSA C OVOS ISABELA 500G NIN LARGO;MERCEARIA;78857;10/06/2026;145734;75818;20;39;20;0;0;10/06/2026;CAROLINA;0
1;37863;CREME LEITE TP DAUS 200G;MERCEARIA;78857;10/06/2026;145734;75818;27;116;27;1;0;;;43
1;648;WHISKY MASTER GOLD VD 900ML;BEBIDAS;78857;10/06/2026;145734;75818;1;307;4;4;0;11/06/2026;JESSICA;0
2;102;CERV ANTARCTICA SUBZERO GF 1L;BEBIDAS;78859;10/06/2026;145735;75823;12;444;12;1;0;;;0
2;2096;ARROZ BCO SANO TP1 2KG;MERCEARIA;78859;10/06/2026;145735;75823;15;379;90;6;0;;;173
2;5842;ESC DENTAL ORAL B COMPL LV2 PG1;PERFUMARIA E LIMPEZA;78859;10/06/2026;145735;75823;1;5;1;0;0;12/06/2026;JESSICA;25
2;5805;ESC DENTAL COLGATE CLASSIC LONG MD 8460;PERFUMARIA E LIMPEZA;78859;10/06/2026;145735;75823;12;228;12;0;0;12/06/2026;JESSICA;60
2;3862;SAL MOIDO PREMIUM 1KG;MERCEARIA;78859;10/06/2026;145735;75823;30;60;30;1;0;;;78
2;2717;FARINHA TRIGO FIDALGA 1KG;MERCEARIA;78859;10/06/2026;145735;75823;10;50;10;1;0;;;14
2;5691;DETERG YPE 500 ML CLEAR;PERFUMARIA E LIMPEZA;78859;10/06/2026;145735;75823;24;-48;24;1;0;;;0
2;49;AGUA MIN FLORESTA PET 500ML S GAS;BEBIDAS;78859;10/06/2026;145764;75823;12;108463;1608;134;0;;;5333
2;12531;AP GILLETTE PROBAK C 2;PERFUMARIA E LIMPEZA;78859;10/06/2026;145735;75823;14;0;14;0;0;12/06/2026;JESSICA;44
2;34564;CREME JOAO E MARIA 40G P ASSADURA;PERFUMARIA E LIMPEZA;78859;10/06/2026;145735;75823;1;7;4;0;0;12/06/2026;JESSICA;4
2;68;AGUA MIN FLORESTA ATIVA SQ 710ML S GAS;BEBIDAS;78859;10/06/2026;145735;75823;12;11;12;1;0;;;0
2;844;REFRIG ANTARCTICA PET 600ML GUARANA;BEBIDAS;78859;10/06/2026;145735;75823;12;179;12;1;0;;;40
2;5028;COND PANTENE 175ML HIDRATACAO;PERFUMARIA E LIMPEZA;78859;10/06/2026;145735;75823;6;2;6;1;1;12/06/2026;JESSICA;6
2;4256;AP PRESTOBARBA ULTRAGRIP 3L CART2UN;PERFUMARIA E LIMPEZA;78859;10/06/2026;145735;75823;1;1;1;0;0;12/06/2026;JESSICA;0
2;2814;POLENTA PERDIZ 500G INST TEMP;MERCEARIA;78859;10/06/2026;145735;75823;12;22;12;1;0;;;15
2;20809;MILHO GRAO SAUDAVEL 5KG;PRODUTOS PET;78859;10/06/2026;145735;75823;5;0;15;3;0;;;-17
2;21137;MOLUSC MADELESMA RES UMED LESMAS 250G;PERFUMARIA E LIMPEZA;78859;10/06/2026;145735;75823;4;0;4;0;0;12/06/2026;JESSICA;-4
2;3893;ABS C ABAS DIA NOITE 32 UN SUAVE;PERFUMARIA E LIMPEZA;78859;10/06/2026;145735;75823;16;79;16;1;0;;;-2
2;2747;FARINHA TRIGO ROSESOL 5KG;MERCEARIA;78859;10/06/2026;145735;75823;5;23;5;1;0;;;21
2;19321;HID LABIAL CARMED 10G MACA AMOR;PERFUMARIA E LIMPEZA;78859;10/06/2026;145735;75823;1;0;1;1;1;12/06/2026;JESSICA;3
2;17811;ESC DENT CONDOR PLUS MEDIA 3373 1;PERFUMARIA E LIMPEZA;78859;10/06/2026;145735;75823;1;0;1;0;0;12/06/2026;JESSICA;3
2;3948;AGUA SANIT GOTA LIMPA 1L;PERFUMARIA E LIMPEZA;78859;10/06/2026;145735;75823;12;1452;12;1;0;;;1
2;2240;ARROZ PARBO PRATO FINO TP1 5KG;MERCEARIA;78859;10/06/2026;145735;75823;6;5;6;1;0;;;20
3;15731;CERA LIQ GIRANDO SOL 750ML AMARELA;PERFUMARIA E LIMPEZA;78861;10/06/2026;145736;75817;12;59;12;1;0;;;15
3;3512;FERM PO BIOL GOOD INSTANT SH 10G;MERCEARIA;78861;10/06/2026;145736;75817;30;0;60;2;2;12/06/2026;JOCELAINE;121
3;34564;CREME JOAO E MARIA 40G P ASSADURA;PERFUMARIA E LIMPEZA;78861;10/06/2026;145736;75817;1;7;2;0;0;12/06/2026;JOCELAINE;-14
3;4259;AP PRESTOBARBA ULTRA GRIP 2UN;PERFUMARIA E LIMPEZA;78861;10/06/2026;145736;75817;12;804;12;0;0;12/06/2026;JOCELAINE;4
3;18813;FRALDA PAMPERS SUPERSEQUINHA C 56 XG;PERFUMARIA E LIMPEZA;78861;10/06/2026;145736;75817;4;80;4;1;0;;;12
3;8858;AP PROBAK II 2UN;PERFUMARIA E LIMPEZA;78861;10/06/2026;145736;75817;14;4242;14;0;0;12/06/2026;JOCELAINE;16
3;15733;CERA LIQ GIRANDO SOL 750ML VERM;PERFUMARIA E LIMPEZA;78861;10/06/2026;145736;75817;12;36;12;1;0;;;31
3;4216;AMAC YPE 2L DELICADO AMOR;PERFUMARIA E LIMPEZA;78861;10/06/2026;145736;75817;6;630;6;1;0;;;-17
3;35726;AMAC COMFORT CRISTAIS 275G ETERNO FRESCOR;PERFUMARIA E LIMPEZA;78861;10/06/2026;145736;75817;12;11;12;1;0;;;-9
3;5842;ESC DENTAL ORAL B COMPL LV2 PG1;PERFUMARIA E LIMPEZA;78861;10/06/2026;145736;75817;1;5;1;0;0;12/06/2026;JOCELAINE;7
3;102;CERV ANTARCTICA SUBZERO GF 1L;BEBIDAS;78861;10/06/2026;145736;75817;12;444;12;1;0;;;-6
3;223;CERV THEREZOPOLIS LAGER LT 473ML GOLD;BEBIDAS;78861;10/06/2026;145736;75817;12;9;96;8;0;;;231
3;6731;LAVA ROUPA OMO 900ML LAV PERF DOYP;PERFUMARIA E LIMPEZA;78861;10/06/2026;145736;75817;12;3732;72;6;0;;;-21
3;36266;DET LIQ AQUAFAST LAV RAP CLEAN 1 5L;PERFUMARIA E LIMPEZA;78861;10/06/2026;145736;75817;9;134;18;2;0;;;23
3;4256;AP PRESTOBARBA ULTRAGRIP 3L CART2UN;PERFUMARIA E LIMPEZA;78861;10/06/2026;145736;75817;1;1;1;0;0;12/06/2026;JOCELAINE;1
3;24994;TOAL UMED HUPPY L100P80;PERFUMARIA E LIMPEZA;78861;10/06/2026;145736;75817;12;4092;12;1;0;;;90
3;33305;TAPETE BOX OVAL PVC 61X35CM;NAO ALIMENTO;78893;10/06/2026;145752;76011;1;16;2;2;0;10/06/2026;M EDUARDA;3
3;18914;GARFO REFEICAO FORFEST PREM 25UN CRISTAL;NAO ALIMENTO;78893;10/06/2026;145752;76011;20;20;20;1;0;10/06/2026;M EDUARDA;-28
3;17012;CUIA PINTADA S/TAPA ERVA;NAO ALIMENTO;78893;10/06/2026;145752;76011;1;5;2;2;0;10/06/2026;M EDUARDA;-4
3;7256;PALITO DENTAL GABOARDI 80UN PREMIUM;NAO ALIMENTO;78893;10/06/2026;145752;76011;25;0;200;8;0;10/06/2026;M EDUARDA;-9
3;19356;INCENSO FLUTE C 8 SAL GROSSO;NAO ALIMENTO;78893;10/06/2026;145752;76011;25;450;25;1;0;10/06/2026;M EDUARDA;65
3;24968;TOAL ROSTO FAVO 40X60;NAO ALIMENTO;78893;10/06/2026;145752;76011;1;7;11;11;0;10/06/2026;M EDUARDA;22
3;6631;LAMP ELGIN BULBO 9W 6500K 220V;NAO ALIMENTO;78893;10/06/2026;145752;76011;10;8716;10;1;0;10/06/2026;M EDUARDA;229
3;36297;CANETA ESF TRIGLOW LYKE C 10 CORES;NAO ALIMENTO;78893;10/06/2026;145752;76011;10;20;10;1;0;10/06/2026;M EDUARDA;33
3;15383;CAN HIDROCOR BIC EVOLUT 12 CORES;NAO ALIMENTO;78893;10/06/2026;145752;76011;1;9;1;1;0;10/06/2026;M EDUARDA;28
3;14985;CAD ESPI CD 1 4 80FLS FROZEN;NAO ALIMENTO;78893;10/06/2026;145752;76011;5;19;5;1;0;10/06/2026;M EDUARDA;15
3;17476;DUCHA ENERDUCHA UP4 6800W 220V BCO;NAO ALIMENTO;78893;10/06/2026;145752;76011;1;12;1;1;0;10/06/2026;M EDUARDA;29
3;15115;CAD ESPI CD 80FLS CARTOGRAFIA T DUDA;NAO ALIMENTO;78893;10/06/2026;145752;76011;4;5;4;4;0;10/06/2026;M EDUARDA;25
3;22275;PORTA SAB LIQ SANREMO 280ML;NAO ALIMENTO;78893;10/06/2026;145752;76011;1;35;5;5;0;10/06/2026;M EDUARDA;16
3;19335;INCENSO FLUTE C 8 ARRUDA;NAO ALIMENTO;78893;10/06/2026;145752;76011;25;0;25;1;0;10/06/2026;M EDUARDA;82
3;18516;FILME UTILFILME 15M;NAO ALIMENTO;78893;10/06/2026;145752;76011;25;50;50;2;0;10/06/2026;M EDUARDA;66
3;12971;BALAO ZERINHO C 100 SORT;NAO ALIMENTO;78893;10/06/2026;145752;76011;1;13;9;9;0;10/06/2026;M EDUARDA;0
3;6109;FOSFORO GABOARDI 10UN;NAO ALIMENTO;78893;10/06/2026;145752;76011;20;50;20;1;0;10/06/2026;M EDUARDA;-69
3;15033;CAD ESPI CD 10X1 200FLS BRASILIDADE;NAO ALIMENTO;78893;10/06/2026;145752;76011;1;27;3;3;0;10/06/2026;M EDUARDA;-48
3;15757;CERV IMPERIO PILSEN LT 473ML PURO MALTE;BEBIDAS;79071;10/06/2026;146513;76252;12;1806;2640;220;0;;;1323
4;6801;LEITE UHT TP NINHO 1L INTEGRAL;PERECIVEIS;78837;10/06/2026;145724;75822;12;812;12;1;0;;;50
4;9745;LEITE UHT SANTA CLARA DESN 1L;PERECIVEIS;78837;10/06/2026;145724;75822;12;179;12;1;0;;;76
4;6793;LEITE UHT PET ELEGE 1L SEMI DESNATADO;PERECIVEIS;78837;10/06/2026;145724;75822;6;3054;12;2;0;;;-1
4;6792;LEITE UHT PET ELEGE 1L INTEGRAL;PERECIVEIS;78837;10/06/2026;145724;75822;6;9296;6;1;0;;;52
4;6798;LEITE SANTA CLARA 1L SENIOR 50;PERECIVEIS;78837;10/06/2026;145724;75822;12;192;12;1;0;;;13
4;6799;LEITE SANTA CLARA 1L ZERO LACTOSE;PERECIVEIS;78837;10/06/2026;145724;75822;12;12;12;1;0;;;-25
4;6791;LEITE UHT PET ELEGE 1L DESNATADO;PERECIVEIS;78837;10/06/2026;145724;75822;6;888;12;2;0;;;6
5;906;REFRIG SCHWEPPES CITRUS ORIG LT 350ML;BEBIDAS;78863;10/06/2026;145737;75819;6;0;6;1;0;;;5
5;5355;CREME BARBA BOZZANO 65G ALOE VERA;PERFUMARIA E LIMPEZA;78863;10/06/2026;145737;75819;1;0;1;0;0;11/06/2026;MONIQUE;5
5;34830;MASC TRATAMENTO SEDA 300G BRILHO CERAMIDA;PERFUMARIA E LIMPEZA;78863;10/06/2026;145737;75819;6;108;6;1;0;11/06/2026;MONIQUE;6
5;19315;COT HASTES FLEX COTTONBABY PT 100UN;PERFUMARIA E LIMPEZA;78863;10/06/2026;145737;75819;1;447;1;1;0;11/06/2026;FERNANDO PAZ;10
5;817;REFRIG FRUKI GUARANA ZR PET 2L GUARANA ZERO;BEBIDAS;78863;10/06/2026;145737;75819;6;10;6;1;0;;;-3
5;13;AGUA MIN CRYSTAL PET 1 5L C GAS;BEBIDAS;78863;10/06/2026;145737;75819;6;0;6;1;0;;;4
5;3871;CERV SKOL BEATS RED LT 269ML MIX;BEBIDAS;78863;10/06/2026;145737;75819;8;5;8;1;0;;;24
5;847;REFRIG COCA COLA PET 600ML;BEBIDAS;78863;10/06/2026;145737;75819;12;0;12;1;0;;;152
5;7928;SABONETE LUX 85G LIRIO AZUL;PERFUMARIA E LIMPEZA;78863;10/06/2026;145737;75819;108;972;108;1;0;11/06/2026;MONIQUE;33
5;20415;MAMAD CEFISA SIL 240ML;PERFUMARIA E LIMPEZA;78863;10/06/2026;145737;75819;12;12;12;1;0;11/06/2026;FERNANDO PAZ;9
5;12168;ABS DEFINITY C ABAS C 8;PERFUMARIA E LIMPEZA;78863;10/06/2026;145737;75819;60;1620;60;1;0;11/06/2026;MONIQUE;1
5;16844;CR DEN COLGATE T ACAO XTRA 120G WHITE;PERFUMARIA E LIMPEZA;78863;10/06/2026;145737;75819;72;252;72;1;0;11/06/2026;MONIQUE;0
5;178;CERV KAISER LT 473ML;BEBIDAS;78863;10/06/2026;145737;75819;12;3;216;18;0;;;18
5;418;AGUARD TAIMBE PET 900ML;BEBIDAS;78863;10/06/2026;145737;75819;12;12;12;1;0;;;1
5;1746;CHICLE FREEGELLS GUM 8G MELANCIA;MERCEARIA;78863;10/06/2026;145737;75819;15;0;15;1;0;11/06/2026;FERNANDO PAZ;-1
5;5250;CR DENT CLOSE UP 70G TRIPLE HORTELA;PERFUMARIA E LIMPEZA;78863;10/06/2026;145737;75819;72;0;72;1;0;11/06/2026;MONIQUE;1
5;5513;DESOD AERO AXE BS 150ML 96G DARK TEMPTATION;PERFUMARIA E LIMPEZA;78863;10/06/2026;145737;75819;12;0;24;2;0;11/06/2026;MONIQUE;-7
5;1837;PAST DOCILE ROLLY MINTY 29G FRUIT;MERCEARIA;78863;10/06/2026;145737;75819;12;0;12;1;0;11/06/2026;FERNANDO PAZ;42
5;1834;PAST DOCILE ROLLY MINTY 29G EXTRA FORTE;MERCEARIA;78863;10/06/2026;145737;75819;12;263;12;1;0;11/06/2026;FERNANDO PAZ;24
5;33265;REFRIG FRUKI GUAR ZR PET 3L GUARANA ZERO;BEBIDAS;78863;10/06/2026;145737;75819;4;12;4;1;0;;;31
6;881;REFRIG FRUKI GUARANA LT 350ML GUARANA;BEBIDAS;78865;10/06/2026;145738;75824;12;132;12;1;0;;;23
6;34564;CREME JOAO E MARIA 40G P ASSADURA;PERFUMARIA E LIMPEZA;78865;10/06/2026;145738;75824;1;7;3;0;0;12/06/2026;JESSICA;-6
6;7933;SABONETE NIVEA 85G ERVA DOCE/OLEOS;PERFUMARIA E LIMPEZA;78865;10/06/2026;145738;75824;96;2016;96;0;0;12/06/2026;JOCELAINE;18
6;9975;PAST ADESIVA HIGISOL 3UN CITRICO;PERFUMARIA E LIMPEZA;78865;10/06/2026;145738;75824;24;0;24;0;0;12/06/2026;JOCELAINE;-5
6;451;ENERG BALY LT 473ML TROPICAL;BEBIDAS;78865;10/06/2026;145738;75824;6;102;12;2;0;;;27
6;5842;ESC DENTAL ORAL B COMPL LV2 PG1;PERFUMARIA E LIMPEZA;78865;10/06/2026;145738;75824;1;5;1;0;0;12/06/2026;JESSICA;13
7;16930;CR TRAT CAPILAR HEDERA BABOSA 960G;PERFUMARIA E LIMPEZA;78867;10/06/2026;145739;75820;6;12;6;0;0;12/06/2026;JOCELAINE;0
7;4052;ALIM GATO FRISKIES 85G PERU AO MOLHO;PRODUTOS PET;78867;10/06/2026;145739;75820;15;0;15;1;0;;;35
7;22698;RAC DOCATS 1K;PRODUTOS PET;78867;10/06/2026;145739;75820;10;209;20;2;0;;;0
7;34564;CREME JOAO E MARIA 40G P ASSADURA;PERFUMARIA E LIMPEZA;78867;10/06/2026;145739;75820;1;7;3;3;0;12/06/2026;JOCELAINE;0
7;648;WHISKY MASTER GOLD VD 900ML;BEBIDAS;78867;10/06/2026;145739;75820;1;307;1;1;0;12/06/2026;CAROLINA;1
7;4046;ALIM GATO FRISKIES 85G CORDEIR AO MOLH;PRODUTOS PET;78867;10/06/2026;145739;75820;15;645;15;1;0;;;49
7;4048;ALIM GATO FRISKIES 85G FRANGO MOLHO;PRODUTOS PET;78867;10/06/2026;145739;75820;15;735;15;1;0;;;20
7;2873;MASSA C OVOS NORDESTE 500G NINHO;MERCEARIA;78867;10/06/2026;145739;75820;20;37;20;1;0;;;9
7;655;WHISKY PASSPORT VD 1L;BEBIDAS;78867;10/06/2026;145739;75820;1;107;5;5;0;12/06/2026;CAROLINA;5
7;1834;PAST DOCILE ROLLY MINTY 29G EXTRA FORTE;MERCEARIA;78867;10/06/2026;145739;75820;12;263;24;2;0;12/06/2026;CAROLINA;12
7;22697;RAC CBS GATO PEIXE CAR 500G;PRODUTOS PET;78867;10/06/2026;145739;75820;10;137;20;2;0;;;-4
7;20365;MAC INST NISSIN TALH 99G FGO;MERCEARIA;78867;10/06/2026;145739;75820;50;3;50;1;0;;;0
7;3512;FERM PO BIOL GOOD INSTANT SH 10G;MERCEARIA;78867;10/06/2026;145739;75820;30;0;30;1;0;12/06/2026;CAROLINA;71
7;5250;CR DENT CLOSE UP 70G TRIPLE HORTELA;PERFUMARIA E LIMPEZA;78867;10/06/2026;145739;75820;72;0;72;0;0;12/06/2026;JOCELAINE;11
7;22684;RAC AMIGO PET GATO PEIXE 500G;PRODUTOS PET;78867;10/06/2026;145739;75820;22;20;22;1;0;;;2
7;3997;ALIM CAO DOG CHOW100G SACHE TOD TAM FILHO TD CARNE;PRODUTOS PET;78867;10/06/2026;145739;75820;15;14;15;1;0;;;62
7;2740;MACARRAO CUP NOODLES 69G CHEDDAR;MERCEARIA;78867;10/06/2026;145739;75820;24;22;24;1;0;;;11
7;3669;TEMP COMPLETO NEILAR 250G S PIMENTA;MERCEARIA;78867;10/06/2026;145739;75820;24;16;24;1;0;;;6
7;6660;LAQUE AERO KARINA 250ML TRADICIONAL;PERFUMARIA E LIMPEZA;78867;10/06/2026;145739;75820;12;0;12;1;1;12/06/2026;JOCELAINE;10
7;3671;TEMP COMPLETO NEILAR 250G C PIMENTA;MERCEARIA;78867;10/06/2026;145739;75820;24;23;48;2;0;;;-45
7;3735;TEMP SAZON 60G FEIJAO;MERCEARIA;78867;10/06/2026;145739;75820;48;0;48;1;0;;;5
7;2908;MASSA C OVOS ISABELA 500G LINGUINE;MERCEARIA;78867;10/06/2026;145739;75820;16;56;16;1;0;;;4
7;2738;MACARRAO CUP NOODLES 69G CARNE DEF;MERCEARIA;78867;10/06/2026;145739;75820;24;24;24;1;0;;;2
7;20343;MAC INST NISSIN 85G CARNE;MERCEARIA;78867;10/06/2026;145739;75820;50;1350;50;1;0;;;-7
7;3992;ALIM CAO DOG CHOW100G SACHE TOD TAM AD RA PEQ FRAN;PRODUTOS PET;78867;10/06/2026;145739;75820;15;105;15;1;0;;;20
7;19315;COT HASTES FLEX COTTONBABY PT 100UN;PERFUMARIA E LIMPEZA;78867;10/06/2026;145739;75820;1;447;1;1;0;12/06/2026;JOCELAINE;9
7;5314;CR PENT SEDA 300ML SOS CERAMIDAS;PERFUMARIA E LIMPEZA;78867;10/06/2026;145739;75820;12;132;12;1;1;12/06/2026;JOCELAINE;9
7;549;BITTER SANGALO VD 1L;BEBIDAS;78867;10/06/2026;145739;75820;1;45;12;12;0;12/06/2026;CAROLINA;8
7;2859;MASSA C OVOS NORDESTE 500G ESPAGUETE;MERCEARIA;78867;10/06/2026;145739;75820;15;225;30;2;0;;;15
7;3998;ALIM CAO DOG CHOW100G SACHE TOD TAM FRANGO ADULTO;PRODUTOS PET;78867;10/06/2026;145739;75820;15;15;15;1;0;;;76
7;22683;RAC AMIGO PET GATO MIX 500G;PRODUTOS PET;78867;10/06/2026;145739;75820;22;8;22;1;0;;;1
7;2917;MASSA C OVOS ISABELA 500G MACARRAO;MERCEARIA;78867;10/06/2026;145739;75820;16;20;16;1;0;;;0
7;2823;MASSA C OVOS STA FELICIDADE 500G ESPAGUETE;MERCEARIA;78867;10/06/2026;145739;75820;20;10;20;1;0;;;-95
7;20316;MACARRAO INST GERMANI 63G CARNE;MERCEARIA;78867;10/06/2026;145739;75820;50;8149;50;1;0;;;273
7;6617;KIT SH SEDA SH 300 COND 190ML LISO PERFEITO;PERFUMARIA E LIMPEZA;78867;10/06/2026;145739;75820;15;195;15;0;0;12/06/2026;JOCELAINE;10
7;868;MAIONESE HELLMANNS SH 1KG;MERCEARIA;79150;10/06/2026;149558;77577;12;528;120;10;10;11/06/2026;JOSE ANTONIO;-13
8;33266;REFRIG FRUKI PET 3 L LARANJA;BEBIDAS;78869;10/06/2026;145740;75812;4;12;4;1;0;;;48
8;209;CERV SKOL BEATS LT 269ML GIN TONICA;BEBIDAS;78869;10/06/2026;145740;75812;8;9;8;1;0;;;15
8;33265;REFRIG FRUKI GUAR ZR PET 3L GUARANA ZERO;BEBIDAS;78869;10/06/2026;145740;75812;4;12;4;1;0;;;60
8;3673;LEITE COND ELEGE TP 395G;MERCEARIA;78869;10/06/2026;145740;75812;24;48;24;1;0;16/06/2026;MARCOS M;86
8;2329;FEIJAO PRETO CALDO OURO 500G;MERCEARIA;78869;10/06/2026;145740;75812;10;4618;10;1;0;16/06/2026;MARCOS M;180
8;817;REFRIG FRUKI GUARANA ZR PET 2L GUARANA ZERO;BEBIDAS;78869;10/06/2026;145740;75812;6;10;6;1;0;;;8
8;13;AGUA MIN CRYSTAL PET 1 5L C GAS;BEBIDAS;78869;10/06/2026;145740;75812;6;0;6;1;0;;;13
8;813;REFRIGC COLA FRUKI PET 2 L COLA;BEBIDAS;78869;10/06/2026;145740;75812;6;355;30;5;0;;;2
8;3668;LEITE COND MOCA NESTLE TP 395G SEMIDESNATADO;MERCEARIA;78869;10/06/2026;145740;75812;27;58;27;1;0;16/06/2026;MARCOS M;459
8;2367;ERVILHA FUGINI SH 170G;MERCEARIA;78869;10/06/2026;145740;75812;36;2736;36;1;0;16/06/2026;MARCOS M;2
8;814;REFRIGC COLA FRUKI PET 2 L COLA ZERO;BEBIDAS;78869;10/06/2026;145740;75812;6;25;6;1;0;;;3
8;38570;CERV PROVINCIA ULTRA GOLD LT 473ML;BEBIDAS;78869;10/06/2026;145740;75812;12;6816;24;2;0;16/06/2026;MARCOS M;24
8;33705;SH SEDA 425ML CERAMIDAS;PERFUMARIA E LIMPEZA;78869;10/06/2026;145740;75812;12;0;12;1;0;11/06/2026;FERNANDO PAZ;-8
8;904;REFRIG PEPSI LT 350ML;BEBIDAS;78869;10/06/2026;145740;75812;12;193;12;1;0;;;11
8;2717;FARINHA TRIGO FIDALGA 1KG;MERCEARIA;78869;10/06/2026;145740;75812;10;50;10;1;0;16/06/2026;MARCOS M;0
8;3399;CALDO APTI 57G BACON;MERCEARIA;78869;10/06/2026;145740;75812;10;0;10;1;0;11/06/2026;MONIQUE;16
8;21355;ODORIZ TECIDO AMAZON 500ML BABY;PERFUMARIA E LIMPEZA;78869;10/06/2026;145740;75812;12;0;12;1;0;11/06/2026;FERNANDO PAZ;2
8;33255;REFRIG CHARRUA PET 3L GUARANA;BEBIDAS;78869;10/06/2026;145740;75812;6;0;6;1;0;;;90
8;33249;REFRIG FRUKI FRAMBOESA PET 200ML FRAMBOESA;BEBIDAS;78869;10/06/2026;145740;75812;12;0;12;1;0;;;27
8;15296;CALDO MAGGI 57G LEGUMES;MERCEARIA;78869;10/06/2026;145740;75812;10;0;10;1;0;11/06/2026;MONIQUE;38
8;2396;MILHO VERDE OLE LT 170G;MERCEARIA;78869;10/06/2026;145740;75812;24;1690;24;1;0;16/06/2026;MARCOS M;48
11;8858;AP PROBAK II 2UN;PERFUMARIA E LIMPEZA;78871;10/06/2026;145741;75825;14;4242;14;1;1;12/06/2026;JESSICA;21
11;20281;LUVA DANNY SILVER GRIP G AZUL;PERFUMARIA E LIMPEZA;78871;10/06/2026;145741;75825;12;36;12;12;0;10/06/2026;RAMIRES;-2
11;4256;AP PRESTOBARBA ULTRAGRIP 3L CART2UN;PERFUMARIA E LIMPEZA;78871;10/06/2026;145741;75825;1;1;1;0;0;12/06/2026;JESSICA;0
11;8232;SH HEAD SHOULDERS 200ML PREV QUEDA;PERFUMARIA E LIMPEZA;78871;10/06/2026;145741;75825;6;90;6;1;1;12/06/2026;JESSICA;6
11;5877;ESFREGAO ACO DIVINOX 10G;PERFUMARIA E LIMPEZA;78871;10/06/2026;145741;75825;50;800;100;2;0;10/06/2026;RAMIRES;1
11;25106;VASSOURA JARDINEIRA S CABO;PERFUMARIA E LIMPEZA;78871;10/06/2026;145741;75825;1;19;10;10;0;10/06/2026;RAMIRES;8
11;20193;LIXA P PES DUPLA FACE;PERFUMARIA E LIMPEZA;78871;10/06/2026;145741;75825;1;0;2;2;0;10/06/2026;RAMIRES;2
11;121;CERV BRAHMA CHOPP GF 300ML RETORNAVEL;BEBIDAS;78871;10/06/2026;145741;75825;23;230;46;2;0;;;27
11;2394;MILHO VERDE FUGINI SH 170G;MERCEARIA;78871;10/06/2026;145741;75825;36;6335;180;5;0;;;527
11;33759;ESCOVA P MAMADEIRA CABO PLASTICO;PERFUMARIA E LIMPEZA;78871;10/06/2026;145741;75825;1;4;1;1;0;10/06/2026;RAMIRES;3
11;5806;ESC DENTAL COLGATE ESSENCIAL CLEAN PACK 06UN;PERFUMARIA E LIMPEZA;78871;10/06/2026;145741;75825;6;6;6;0;0;12/06/2026;JESSICA;15
11;38570;CERV PROVINCIA ULTRA GOLD LT 473ML;BEBIDAS;78871;10/06/2026;145741;75825;12;6816;48;4;0;;;20
11;5173;CORANTE TINGECOR 40G GUARANY PRETO N31;PERFUMARIA E LIMPEZA;78871;10/06/2026;145741;75825;6;48;6;1;0;10/06/2026;RAMIRES;2
12;1852;DROPS FREEGELLS 27 9G MENTA;MERCEARIA;78873;10/06/2026;145742;75828;12;0;12;1;0;10/06/2026;FERNANDO PAZ;6
12;3405;BARRA CEREAL RITTER 22G BRIGADEIRO;MERCEARIA;78873;10/06/2026;145742;75828;24;0;24;1;0;10/06/2026;FERNANDO PAZ;78
12;1837;PAST DOCILE ROLLY MINTY 29G FRUIT;MERCEARIA;78873;10/06/2026;145742;75828;12;0;12;1;0;10/06/2026;FERNANDO PAZ;33
13;34564;CREME JOAO E MARIA 40G P ASSADURA;PERFUMARIA E LIMPEZA;78875;10/06/2026;145743;75829;1;7;3;0;0;12/06/2026;JESSICA;9
13;1886;PASTILHA TIC TAC 14 5G FRUTAS;MERCEARIA;78875;10/06/2026;145743;75829;14;0;14;1;1;12/06/2026;JOCELAINE;9
13;19315;COT HASTES FLEX COTTONBABY PT 100UN;PERFUMARIA E LIMPEZA;78875;10/06/2026;145743;75829;1;447;1;1;1;12/06/2026;JESSICA;7
13;633;VODKA TAIGA PREMIUM VD 1L;BEBIDAS;78875;10/06/2026;145743;75829;1;0;5;0;0;12/06/2026;JOCELAINE;10
14;13059;BANHEIRA ADOLETA INF 20L ROSA BEBE;PERFUMARIA E LIMPEZA;78877;10/06/2026;145744;75832;1;4;1;0;0;12/06/2026;CAROLINA;2
14;12181;ABS MILI MULHER CONFORTO TOT C ABAS C 16UN;PERFUMARIA E LIMPEZA;78877;10/06/2026;145744;75832;24;600;24;1;0;10/06/2026;WENDRIO;13
14;35726;AMAC COMFORT CRISTAIS 275G ETERNO FRESCOR;PERFUMARIA E LIMPEZA;78877;10/06/2026;145744;75832;12;11;12;1;0;10/06/2026;WENDRIO;13
14;6893;LIMP MULTI UAU 500ML LIMAO C/CANFORA;PERFUMARIA E LIMPEZA;78877;10/06/2026;145744;75832;24;72;48;2;0;10/06/2026;WENDRIO;-41
14;213;CERV SKOL PILSEN LT 473ML;BEBIDAS;78877;10/06/2026;145744;75832;12;462;696;58;0;;;1906
14;844;REFRIG ANTARCTICA PET 600ML GUARANA;BEBIDAS;78877;10/06/2026;145744;75832;12;179;36;3;0;;;38
14;20810;MILHO PIPOCA ARBAZA PREMIUM 400G;MERCEARIA;78877;10/06/2026;145744;75832;12;32;12;1;0;;;31
14;5441;DESINF GIRANDO SOL 500ML LAVANDA;PERFUMARIA E LIMPEZA;78877;10/06/2026;145744;75832;12;192;12;1;0;10/06/2026;WENDRIO;12
14;3969;ALCOOL GEL SUPER VALE 450G;PERFUMARIA E LIMPEZA;78877;10/06/2026;145744;75832;12;912;24;2;0;10/06/2026;WENDRIO;2
14;3888;ABS C ABAS ALWAYS LV PG 32UN NOTUR;PERFUMARIA E LIMPEZA;78877;10/06/2026;145744;75832;6;42;6;1;0;10/06/2026;WENDRIO;5
14;5695;DETERG YPE 500ML COCO;PERFUMARIA E LIMPEZA;78877;10/06/2026;145744;75832;24;1104;72;3;0;10/06/2026;WENDRIO;-19
14;5692;DETERG YPE 500 ML NEUTRO;PERFUMARIA E LIMPEZA;78877;10/06/2026;145744;75832;24;1272;96;4;0;10/06/2026;WENDRIO;0
14;34834;SAB LIQ FLOR YPE 250ML MACA FRAMBOESA;PERFUMARIA E LIMPEZA;78877;10/06/2026;145744;75832;12;0;12;1;0;10/06/2026;WENDRIO;6
14;15726;CERA LIQ ANDREIA AUTO BR 750ML INC;PERFUMARIA E LIMPEZA;78877;10/06/2026;145744;75832;12;34;12;1;0;10/06/2026;WENDRIO;2
14;12289;AGUA SANIT IMPERIAL 1L;PERFUMARIA E LIMPEZA;78877;10/06/2026;145744;75832;12;12;12;1;0;10/06/2026;WENDRIO;83
14;38570;CERV PROVINCIA ULTRA GOLD LT 473ML;BEBIDAS;78877;10/06/2026;145744;75832;12;6816;48;4;0;;;264
14;2596;MOLHO TOM POMAROLA SH 300G TRAD;MERCEARIA;78877;10/06/2026;145744;75832;24;22;24;1;0;;;14
14;6698;LAVA ROUPA BRILHANTE 900ML LIMPEZA TOTAL;PERFUMARIA E LIMPEZA;78877;10/06/2026;145744;75832;12;0;12;1;0;10/06/2026;WENDRIO;16
14;21296;ODORIZ AMAZONIA AROM 270ML ALFAZEMA;PERFUMARIA E LIMPEZA;78877;10/06/2026;145744;75832;12;36;12;1;0;10/06/2026;WENDRIO;-21
14;4180;AMAC DOWNY 1L REGULAR INTENSO BRISA;PERFUMARIA E LIMPEZA;78877;10/06/2026;145744;75832;12;117;12;1;0;10/06/2026;WENDRIO;6
14;8444;SILICONE GEL JIMO 200G BISNAGA;PERFUMARIA E LIMPEZA;78877;10/06/2026;145744;75832;12;0;12;1;0;10/06/2026;WENDRIO;11
14;847;REFRIG COCA COLA PET 600ML;BEBIDAS;78877;10/06/2026;145744;75832;12;0;12;1;0;;;3
14;964;OLEO LIZA GIRASSOL 900ML;MERCEARIA;78877;10/06/2026;145744;75832;20;60;20;1;0;;;0
14;33880;DET LIQ OMO CICLO RAPIDO 1 4 L ANTIODOR;PERFUMARIA E LIMPEZA;78877;10/06/2026;145744;75832;6;78;6;1;0;10/06/2026;WENDRIO;4
14;35722;LIMP VEJA PERFUMES 1L MARCANTE;PERFUMARIA E LIMPEZA;78877;10/06/2026;145744;75832;12;0;12;1;0;10/06/2026;WENDRIO;5
14;4897;CLORO Q BOA 1L GEL LAVANDA;PERFUMARIA E LIMPEZA;78877;10/06/2026;145744;75832;12;312;12;1;0;10/06/2026;WENDRIO;5
14;32;AGUA MIN SARANDI PET 2L C GAS;BEBIDAS;78877;10/06/2026;145744;75832;8;1912;16;2;0;;;14
14;5275;CR DENTAL TANDY 50G MORANGO;PERFUMARIA E LIMPEZA;78877;10/06/2026;145744;75832;12;48;12;0;0;12/06/2026;CAROLINA;29
14;17341;DET LIQ BIO KRISS 500ML NEUTRO;PERFUMARIA E LIMPEZA;78877;10/06/2026;145744;75832;24;857;120;5;0;10/06/2026;WENDRIO;25
14;4137;AMAC CONC AQUAFAST 1L HARMONIA;PERFUMARIA E LIMPEZA;78877;10/06/2026;145744;75832;12;24;12;1;0;10/06/2026;WENDRIO;11
14;23161;SABAO ZAVASKI GLIC LIMAO 200G;PERFUMARIA E LIMPEZA;78877;10/06/2026;145744;75832;50;1600;50;1;0;10/06/2026;WENDRIO;28
14;19372;INSET NITROCID PO 50G;PERFUMARIA E LIMPEZA;78877;10/06/2026;145744;75832;1;8;1;1;0;10/06/2026;WENDRIO;1
14;7797;SABAO BARRA YPE 800G COCO TOQUE AV;PERFUMARIA E LIMPEZA;78877;10/06/2026;145744;75832;12;12;12;1;0;10/06/2026;WENDRIO;10
14;6880;LIMP MULTIUSO VEJA 10PCT DESC 500ML LAVANDA;PERFUMARIA E LIMPEZA;78877;10/06/2026;145744;75832;24;0;24;1;0;10/06/2026;WENDRIO;22
14;6731;LAVA ROUPA OMO 900ML LAV PERF DOYP;PERFUMARIA E LIMPEZA;78877;10/06/2026;145744;75832;12;3732;60;5;0;10/06/2026;WENDRIO;0
14;10178;SABON PALMOLIVE NATURALS 85G KARITE;PERFUMARIA E LIMPEZA;78877;10/06/2026;145744;75832;108;3324;108;0;0;12/06/2026;CAROLINA;7
14;20144;LIMP MR MUSCULO PLATINUM SH 400ML LAVAND;PERFUMARIA E LIMPEZA;78877;10/06/2026;145744;75832;12;0;12;1;0;10/06/2026;WENDRIO;21
14;17181;DESINF GOTA LIMPA 500ML LAVANDA;PERFUMARIA E LIMPEZA;78877;10/06/2026;145744;75832;12;420;36;3;0;10/06/2026;WENDRIO;4
14;18748;FRALDA DESC FERINHA JUMBINHO C 18 M;PERFUMARIA E LIMPEZA;78877;10/06/2026;145744;75832;12;12;12;1;0;10/06/2026;WENDRIO;8
14;2717;FARINHA TRIGO FIDALGA 1KG;MERCEARIA;78877;10/06/2026;145744;75832;10;50;10;1;0;;;6
14;9623;INSET MAT INSET MULTI PROMO 360ML SEM CHEIRO;PERFUMARIA E LIMPEZA;78877;10/06/2026;145744;75832;12;0;12;1;0;10/06/2026;WENDRIO;10
14;6673;LAVA LOUCA JIMO 25UN 500G PASTILHAS;PERFUMARIA E LIMPEZA;78877;10/06/2026;145744;75832;12;12;12;1;0;10/06/2026;WENDRIO;5
14;12482;ANTI MOFO SANI ALL 80G NEUTRO;PERFUMARIA E LIMPEZA;78877;10/06/2026;145744;75832;12;180;12;1;0;10/06/2026;WENDRIO;4
14;5694;DETERG YPE 500ML CLEAR CARE;PERFUMARIA E LIMPEZA;78877;10/06/2026;145744;75832;24;552;72;3;0;10/06/2026;WENDRIO;0
14;21299;ODORIZ AMAZONIA AROM 270ML CRAVO CANE;PERFUMARIA E LIMPEZA;78877;10/06/2026;145744;75832;12;24;12;1;0;10/06/2026;WENDRIO;12
14;7785;SABAO BARRA YPE 180G GLICERINA;PERFUMARIA E LIMPEZA;78877;10/06/2026;145744;75832;60;62521;120;2;0;10/06/2026;WENDRIO;-76
17;24099;SC LIXO PRO LIXO ROLAO 200L C 7;PERFUMARIA E LIMPEZA;78879;10/06/2026;145745;75833;12;144;24;2;0;10/06/2026;RAMIRES;-12
17;8442;SILICONE DESTAQUE AERO 400ML LAVANDA;PERFUMARIA E LIMPEZA;78879;10/06/2026;145745;75833;1;2;2;2;0;10/06/2026;RAMIRES;0
17;18565;FLANELA ALG SUE 40X30CM;PERFUMARIA E LIMPEZA;78879;10/06/2026;145745;75833;12;216;12;1;0;10/06/2026;RAMIRES;10
17;20193;LIXA P PES DUPLA FACE;PERFUMARIA E LIMPEZA;78879;10/06/2026;145745;75833;1;0;2;2;0;10/06/2026;RAMIRES;-7
17;18429;FAR PANKO SANTI ORIENTAL 200G;MERCEARIA;78879;10/06/2026;145745;75833;6;7;6;1;0;;;25
17;2750;FARINHA TRIGO PANFACIL 5KG PREMIUM TP1;MERCEARIA;78879;10/06/2026;145745;75833;5;15;5;1;0;;;4
17;16593;CORT UNHA INOX PREMIUM 5 2CM 1PC;PERFUMARIA E LIMPEZA;78879;10/06/2026;145745;75833;1;13;2;2;0;10/06/2026;RAMIRES;4
17;2698;KIMILHO YOKI 500G FLOCAO;MERCEARIA;78879;10/06/2026;145745;75833;12;7;12;1;0;;;4
17;5174;CORDA VARAL ANGELINA EXT FORTE 15MT;PERFUMARIA E LIMPEZA;78879;10/06/2026;145745;75833;12;0;12;1;0;10/06/2026;RAMIRES;-3
17;22707;RAC DODOPREM P RACAS 10 1K;PRODUTOS PET;78879;10/06/2026;145745;75833;1;29;1;1;1;10/06/2026;ELIAS;13
17;24107;SC LIXO ROL CASAFORT 100L C 10 AZ;PERFUMARIA E LIMPEZA;78879;10/06/2026;145745;75833;25;223;75;3;0;10/06/2026;RAMIRES;-12
17;5877;ESFREGAO ACO DIVINOX 10G;PERFUMARIA E LIMPEZA;78879;10/06/2026;145745;75833;50;800;100;2;0;10/06/2026;RAMIRES;-8
17;20281;LUVA DANNY SILVER GRIP G AZUL;PERFUMARIA E LIMPEZA;78879;10/06/2026;145745;75833;12;36;12;12;0;10/06/2026;RAMIRES;0
17;3642;SAL REFINADO CISNE 1KG;MERCEARIA;78879;10/06/2026;145745;75833;10;0;30;3;0;;;-25
17;18568;FLANELA ALG SUE 58X38;PERFUMARIA E LIMPEZA;78879;10/06/2026;145745;75833;12;7;24;2;0;10/06/2026;RAMIRES;-3
17;5175;CORDA VARAL BALDIN EXTRA FORTE 10MT;PERFUMARIA E LIMPEZA;78879;10/06/2026;145745;75833;12;0;12;1;0;10/06/2026;RAMIRES;-13
17;24098;SC LIXO PRO LIXO ROLAO 15L C 100;PERFUMARIA E LIMPEZA;78879;10/06/2026;145745;75833;12;168;12;1;0;10/06/2026;RAMIRES;1
17;22687;RAC CANISTER ALMONDEGA 7K;PRODUTOS PET;78879;10/06/2026;145745;75833;1;0;1;0;0;10/06/2026;ELIAS;11
17;21842;PEN BONITTA P PIOLHO R 535;PERFUMARIA E LIMPEZA;78879;10/06/2026;145745;75833;1;1;1;1;0;10/06/2026;RAMIRES;5
17;3628;SAL GROSSO CBS 1KG;MERCEARIA;78879;10/06/2026;145745;75833;15;0;15;1;0;;;77
17;6018;ESPONJA YPE SINT MULTIUSO UN;PERFUMARIA E LIMPEZA;78879;10/06/2026;145745;75833;60;0;60;1;0;10/06/2026;RAMIRES;60
17;746;ACUCAR CRISTAL GASPARIN 1KG;MERCEARIA;78975;10/06/2026;145903;76459;10;0;20;2;0;;;-16
17;2084;ARROZ BCO REQUINTE TP1 1KG;MERCEARIA;78975;10/06/2026;145903;76459;30;58;90;12;0;;;36
17;868;MAIONESE HELLMANNS SH 1KG;MERCEARIA;79150;10/06/2026;150926;78436;12;528;120;10;10;11/06/2026;JOSE ANTONIO;1
18;17177;DESINF GOTA LIMPA 2L PINHO;PERFUMARIA E LIMPEZA;78881;10/06/2026;145746;75821;6;82;6;0;0;10/06/2026;ALEX JARDIM;16
18;24096;SC LIXO PRO LIXO ROLAO 100L C 25;PERFUMARIA E LIMPEZA;78881;10/06/2026;145746;75821;12;216;12;1;1;10/06/2026;RAMIRES;8
18;7416;PEDRA SANITARIA GLADE 25G 25% DESC LAVANDA;PERFUMARIA E LIMPEZA;78881;10/06/2026;145746;75821;48;48;48;0;0;10/06/2026;ALEX JARDIM;4
18;5671;DETERG GIRANDO SOL 500ML COCO;PERFUMARIA E LIMPEZA;78881;10/06/2026;145746;75821;24;244;24;0;0;10/06/2026;ALEX JARDIM;-15
18;5683;DET LIQ GOTA LIMPA 5L NEUTRO;PERFUMARIA E LIMPEZA;78881;10/06/2026;145746;75821;4;24;4;0;0;10/06/2026;ALEX JARDIM;4
18;35580;DET LIQ BRILHANTE HIG TOTAL 1 8L;PERFUMARIA E LIMPEZA;78881;10/06/2026;145746;75821;6;315;6;0;0;10/06/2026;ALEX JARDIM;26
18;21379;OLEO IPIRANGA F1 MASTER PERF 15W40 1L;PERFUMARIA E LIMPEZA;78881;10/06/2026;145746;75821;24;-24;24;1;1;10/06/2026;RAMIRES;0
18;12420;AMAC GOTA LIMPA 2L PETALAS;PERFUMARIA E LIMPEZA;78881;10/06/2026;145746;75821;6;676;6;0;0;10/06/2026;ALEX JARDIM;21
18;17340;DET LIQ BIO KRISS 500ML CLEAR;PERFUMARIA E LIMPEZA;78881;10/06/2026;145746;75821;24;168;24;0;0;10/06/2026;ALEX JARDIM;0
18;23131;SABAO ASSIM TIRA MANCHA ROUPA 80G BC;PERFUMARIA E LIMPEZA;78881;10/06/2026;145746;75821;48;0;48;0;0;10/06/2026;ALEX JARDIM;9
18;4217;AMAC YPE 2L ACONCHEGO;PERFUMARIA E LIMPEZA;78881;10/06/2026;145746;75821;6;1055;6;1;1;10/06/2026;ALEX JARDIM;35
18;5175;CORDA VARAL BALDIN EXTRA FORTE 10MT;PERFUMARIA E LIMPEZA;78881;10/06/2026;145746;75821;12;0;12;1;1;10/06/2026;RAMIRES;-1
18;24140;SC PANOSUL SUPER ALV BCO 39X65 R 10;PERFUMARIA E LIMPEZA;78881;10/06/2026;145746;75821;1;64;44;0;0;10/06/2026;RAMIRES;40
18;21555;PANO PANOSUL MEDIO ESTAMP 45X65 R23;PERFUMARIA E LIMPEZA;78881;10/06/2026;145746;75821;12;192;24;0;0;10/06/2026;RAMIRES;64
18;21557;PANO PTO PANOSUL COLOR C EST;PERFUMARIA E LIMPEZA;78881;10/06/2026;145746;75821;12;96;12;0;0;10/06/2026;RAMIRES;59
18;35698;DET LIQ BARBAREX 5L NEUTRO;PERFUMARIA E LIMPEZA;78881;10/06/2026;145746;75821;2;13;2;0;0;10/06/2026;ALEX JARDIM;-15
18;17351;DET LIQ GOTA LIMPA 3L ORIG;PERFUMARIA E LIMPEZA;78881;10/06/2026;145746;75821;4;12;4;0;0;10/06/2026;ALEX JARDIM;-3
18;5488;DESINF YPE 2L BAK FLORAL;PERFUMARIA E LIMPEZA;78881;10/06/2026;145746;75821;6;18;6;0;0;10/06/2026;ALEX JARDIM;5
18;9297;DET LIQ GOTA LIMPA 1L MACA;PERFUMARIA E LIMPEZA;78881;10/06/2026;145746;75821;12;1655;24;2;2;10/06/2026;ALEX JARDIM;13
18;20281;LUVA DANNY SILVER GRIP G AZUL;PERFUMARIA E LIMPEZA;78881;10/06/2026;145746;75821;12;36;12;0;0;10/06/2026;RAMIRES;-1
18;21559;PANO SARJA PANOSUL 45X75CM;PERFUMARIA E LIMPEZA;78881;10/06/2026;145746;75821;1;60;22;0;0;10/06/2026;RAMIRES;52
18;25000;TOALHINHA KIDS 25X25CM;PERFUMARIA E LIMPEZA;78881;10/06/2026;145746;75821;12;108;12;0;0;10/06/2026;RAMIRES;92
18;24984;TOAL SOCIAL PANOSUL 23X38CM;PERFUMARIA E LIMPEZA;78881;10/06/2026;145746;75821;24;312;48;0;0;10/06/2026;RAMIRES;142
18;8716;VELA SANDERO 235G N SENHORA APARE;PERFUMARIA E LIMPEZA;78881;10/06/2026;145746;75821;12;12;12;0;0;10/06/2026;RAMIRES;5
18;36264;DET LIQ APYCE SUPER ACAO SH 800ML;PERFUMARIA E LIMPEZA;78881;10/06/2026;145746;75821;12;97;12;0;0;10/06/2026;ALEX JARDIM;11
18;6694;LAVA ROUPA BRILHANTE 3L HIGIENE TOTAL;PERFUMARIA E LIMPEZA;78881;10/06/2026;145746;75821;4;40;4;0;0;10/06/2026;ALEX JARDIM;23
18;33422;DET PO AQUAFAST MULTIACAO 800G;PERFUMARIA E LIMPEZA;78881;10/06/2026;145746;75821;20;75;20;0;0;10/06/2026;ALEX JARDIM;22
18;5697;AMAC YPE PRO ROUPAS TECIDOS 7L;PERFUMARIA E LIMPEZA;78881;10/06/2026;145746;75821;1;10;1;0;0;10/06/2026;ALEX JARDIM;-1
18;18567;FLANELA ALG SUE 48X26;PERFUMARIA E LIMPEZA;78881;10/06/2026;145746;75821;12;9;24;2;2;10/06/2026;RAMIRES;-3
18;24138;SC PANOSUL ALVEJADO 48X63CM R 14;PERFUMARIA E LIMPEZA;78881;10/06/2026;145746;75821;1;10;4;0;0;10/06/2026;RAMIRES;53
18;6207;GEL ADES PATO AP RF PROMO 38G MARINE;PERFUMARIA E LIMPEZA;78881;10/06/2026;145746;75821;12;192;12;0;0;10/06/2026;ALEX JARDIM;10
18;8806;AGUA SANIT GIRANDO SOL 2L;PERFUMARIA E LIMPEZA;78881;10/06/2026;145746;75821;6;606;6;1;1;10/06/2026;ALEX JARDIM;52
18;6930;LIMP UAU 500ML LAVANDA CONFORT;PERFUMARIA E LIMPEZA;78881;10/06/2026;145746;75821;24;121;24;1;1;10/06/2026;ALEX JARDIM;15
18;5174;CORDA VARAL ANGELINA EXT FORTE 15MT;PERFUMARIA E LIMPEZA;78881;10/06/2026;145746;75821;12;0;12;1;1;10/06/2026;RAMIRES;0
18;4180;AMAC DOWNY 1L REGULAR INTENSO BRISA;PERFUMARIA E LIMPEZA;78881;10/06/2026;145746;75821;12;117;12;0;0;10/06/2026;ALEX JARDIM;51
18;17191;DESINF IMPERIAL 5L PINHO;PERFUMARIA E LIMPEZA;78881;10/06/2026;145746;75821;4;0;4;0;0;10/06/2026;ALEX JARDIM;3
18;7833;SABAO PO GIRANDO SOL 800G ROSA;PERFUMARIA E LIMPEZA;78881;10/06/2026;145746;75821;25;942;25;1;1;10/06/2026;ALEX JARDIM;123
18;4196;AMAC DOWNY 750ML SUAVE;PERFUMARIA E LIMPEZA;78881;10/06/2026;145746;75821;12;181;12;1;1;10/06/2026;ALEX JARDIM;49
18;4218;AMAC YPE 2L INTENSO;PERFUMARIA E LIMPEZA;78881;10/06/2026;145746;75821;6;1107;6;1;1;10/06/2026;ALEX JARDIM;26
1;9745;LEITE UHT SANTA CLARA DESN 1L;PERECIVEIS;79167;11/06/2026;147064;76952;12;179;12;1;1;16/06/2026;MARCOS M;26
1;17317;DESOD ROLLON REXONA 50ML XTRA COOL;PERFUMARIA E LIMPEZA;79195;11/06/2026;147078;76952;12;12;12;1;0;11/06/2026;CAROLINA;7
1;734;REFRIG COCA COLA LT 220ML;BEBIDAS;79195;11/06/2026;147078;76952;6;6;6;1;0;12/06/2026;FERNANDO.H;-4
1;812;REFRIG FANTA UVA PET 2L;BEBIDAS;79195;11/06/2026;147078;76952;8;0;8;1;0;12/06/2026;FERNANDO.H;0
1;16593;CORT UNHA INOX PREMIUM 5 2CM 1PC;PERFUMARIA E LIMPEZA;79195;11/06/2026;147078;76952;1;13;1;0;0;12/06/2026;RAMIRES;4
1;18174;ESP ACO ASSOLAN C 08;PERFUMARIA E LIMPEZA;79195;11/06/2026;148365;76947;200;436;200;1;0;;RAMIRES;-54
1;17309;DESOD ROLLON REXONA 50ML F POWDER;PERFUMARIA E LIMPEZA;79195;11/06/2026;147078;76952;12;228;12;1;0;11/06/2026;CAROLINA;9
1;1894;DROPS FREEGELLS 27 6G CEREJA CHOC;MERCEARIA;79195;11/06/2026;147078;76952;12;228;12;0;0;11/06/2026;CAROLINA;-224
1;795;REFRIG COCA COLA PET 2L ZERO;BEBIDAS;79195;11/06/2026;147078;76952;8;10;8;1;0;12/06/2026;FERNANDO.H;0
1;207;CERV SCHIN PILSEN LT 473ML;BEBIDAS;79195;11/06/2026;147078;76952;12;0;12;1;0;12/06/2026;FERNANDO.H;116
1;1845;DROPS FREEGELLS 27 9G EUCALIPTO;MERCEARIA;79195;11/06/2026;147078;76952;12;0;12;0;0;11/06/2026;CAROLINA;-627
1;10241;SH DARLING 350ML TILIA;PERFUMARIA E LIMPEZA;79195;11/06/2026;147078;76952;6;0;6;0;0;11/06/2026;CAROLINA;6
1;3524;FERM QUIMICO PO FLEISCHMANN PT 100G;MERCEARIA;79195;11/06/2026;147078;76952;12;672;24;0;0;11/06/2026;CAROLINA;34
1;548;GATORADE 500ML UVA;BEBIDAS;79195;11/06/2026;147078;76952;6;96;6;1;0;12/06/2026;FERNANDO.H;4
1;193;CERV PROVINCIA PILSEN PREM LT 473ML;BEBIDAS;79195;11/06/2026;147078;76952;12;16510;36;3;0;12/06/2026;FERNANDO.H;17
2;6791;LEITE UHT PET ELEGE 1L DESNATADO;PERECIVEIS;79169;11/06/2026;147065;76452;6;888;6;1;0;;;28
2;6787;LEITE LV ELEGE 1L ZERO LAC SEMI DES;PERECIVEIS;79169;11/06/2026;147065;76452;12;900;12;1;0;;;153
2;6799;LEITE SANTA CLARA 1L ZERO LACTOSE;PERECIVEIS;79169;11/06/2026;147065;76452;12;12;12;1;0;;;25
2;6793;LEITE UHT PET ELEGE 1L SEMI DESNATADO;PERECIVEIS;79169;11/06/2026;147065;76452;6;3054;12;2;0;;;54
2;10146;SAB FARNESE 180G FLOR CER VANILA;PERFUMARIA E LIMPEZA;79197;11/06/2026;147079;76452;36;2088;36;0;0;11/06/2026;FERNANDO PAZ;93
2;24342;SH PALMOLIVE 650ML NUTRICAO EXTRA;PERFUMARIA E LIMPEZA;79197;11/06/2026;147079;76452;6;72;6;0;0;11/06/2026;FERNANDO PAZ;0
2;33255;REFRIG CHARRUA PET 3L GUARANA;BEBIDAS;79197;11/06/2026;147079;76452;6;0;246;41;0;;;-69
2;33266;REFRIG FRUKI PET 3 L LARANJA;BEBIDAS;79197;11/06/2026;147079;76452;4;12;4;1;0;;;141
2;3842;EXT TOM FUGINI SH 300G;MERCEARIA;79197;11/06/2026;147079;76452;36;36;36;1;0;;;43
2;2681;FARINHA MANDIOCA YOKI 500G TORRADA;MERCEARIA;79197;11/06/2026;147079;76452;24;24;24;1;0;;;70
2;2627;DOCE LEITE STA CLARA PT 400G;MERCEARIA;79197;11/06/2026;147079;76452;6;0;6;1;0;;;8
2;3512;FERM PO BIOL GOOD INSTANT SH 10G;MERCEARIA;79197;11/06/2026;147079;76452;30;0;30;1;1;11/06/2026;JESSICA;52
2;33966;ESTOPA POLIMENTO MIL MILHAS 150G;PERFUMARIA E LIMPEZA;79197;11/06/2026;147079;76452;24;0;24;0;0;11/06/2026;JESSICA;11
2;12280;AGUA OXIG BUTTERF 40V 100ML;PERFUMARIA E LIMPEZA;79197;11/06/2026;147079;76452;12;47;12;0;0;11/06/2026;JESSICA;6
2;2586;ERVA MATE VERDINHA 1KG MOIDA GROSSA;MERCEARIA;79197;11/06/2026;147079;76452;20;550;40;2;0;;;0
2;34564;CREME JOAO E MARIA 40G P ASSADURA;PERFUMARIA E LIMPEZA;79197;11/06/2026;147079;76452;1;7;2;0;0;11/06/2026;JESSICA;4
2;3475;TEMP COLORIFICO APTI 100G;MERCEARIA;79197;11/06/2026;147079;76452;50;150;50;1;1;11/06/2026;JESSICA;28
2;21137;MOLUSC MADELESMA RES UMED LESMAS 250G;PERFUMARIA E LIMPEZA;79197;11/06/2026;147079;76452;4;0;4;0;0;11/06/2026;JESSICA;-4
2;38607;DESOD ROLL ON DOVE PESSEGO 50ML;PERFUMARIA E LIMPEZA;79197;11/06/2026;147135;76451;12;0;12;1;0;;;0
2;13059;BANHEIRA ADOLETA INF 20L ROSA BEBE;PERFUMARIA E LIMPEZA;79197;11/06/2026;147079;76452;1;4;1;0;0;11/06/2026;FERNANDO PAZ;4
2;5226;CR DENT COLGATE T ACAO 90G ORIG;PERFUMARIA E LIMPEZA;79197;11/06/2026;147079;76452;144;1083;144;0;0;11/06/2026;FERNANDO PAZ;67
2;9229;CR TRAT VINI LADY SC 700G BRILHO INTENSO;PERFUMARIA E LIMPEZA;79197;11/06/2026;147079;76452;12;107;12;0;0;11/06/2026;FERNANDO PAZ;6
2;207;CERV SCHIN PILSEN LT 473ML;BEBIDAS;79197;11/06/2026;147079;76452;12;0;444;37;0;;;1215
2;2596;MOLHO TOM POMAROLA SH 300G TRAD;MERCEARIA;79197;11/06/2026;147079;76452;24;22;24;1;0;;;17
2;21787;PEDRA POMES STA CLARA R 199;PERFUMARIA E LIMPEZA;79197;11/06/2026;147079;76452;6;0;6;0;0;11/06/2026;JESSICA;3
2;13514;BLO LIXA P UNHA BONITTA;PERFUMARIA E LIMPEZA;79197;11/06/2026;147079;76452;1;0;1;0;0;11/06/2026;JESSICA;5
2;12279;AGUA OXIG BUTTERF 30V 100ML;PERFUMARIA E LIMPEZA;79197;11/06/2026;147079;76452;12;24;12;0;0;11/06/2026;JESSICA;9
2;16885;CR LEITE TP ELEGE 200G;MERCEARIA;79197;11/06/2026;147079;76452;24;1464;360;15;0;;;0
2;1441;CHOC TWIX 40G TRIPLO CHOC;MERCEARIA;79197;11/06/2026;147079;76452;18;0;18;1;1;11/06/2026;JESSICA;54
2;1400;CHOC CARIBE GAROTO 28G CANDYBAR;MERCEARIA;79197;11/06/2026;147079;76452;30;570;30;1;1;11/06/2026;JESSICA;30
2;1416;CHOC SNICKERS 45G;MERCEARIA;79197;11/06/2026;147079;76452;20;8;20;0;0;11/06/2026;JESSICA;18
2;3372;BARRA CEREAL RITTER 25G MORANGO CHOC;MERCEARIA;79197;11/06/2026;147079;76452;24;0;24;0;0;11/06/2026;JESSICA;57
2;3431;SOPA GALINHA MAGGI 60G FIDELINI;MERCEARIA;79197;11/06/2026;147079;76452;10;40;10;0;0;11/06/2026;JESSICA;6
2;832;REFRIG SUKITA PET 2L LARANJA;BEBIDAS;79197;11/06/2026;147079;76452;8;845;8;1;0;;;34
2;834;REFRIG ANTARCTICA GUARANA PET 3L;BEBIDAS;79197;11/06/2026;147079;76452;4;0;88;22;0;;;295
2;8858;AP PROBAK II 2UN;PERFUMARIA E LIMPEZA;79197;11/06/2026;147079;76452;14;4242;14;1;1;11/06/2026;JESSICA;54
2;12531;AP GILLETTE PROBAK C 2;PERFUMARIA E LIMPEZA;79197;11/06/2026;147079;76452;14;0;14;0;0;11/06/2026;JESSICA;44
2;22915;REPARADOR PONTAS JAYLUC 30ML CERAMIDAS;PERFUMARIA E LIMPEZA;79197;11/06/2026;147079;76452;24;243;24;1;1;11/06/2026;JESSICA;45
2;1847;DROPS FREEGELLS 27 9G VIT C CITRUS;MERCEARIA;79197;11/06/2026;147079;76452;12;0;12;0;0;11/06/2026;JESSICA;-12
2;34830;MASC TRATAMENTO SEDA 300G BRILHO CERAMIDA;PERFUMARIA E LIMPEZA;79197;11/06/2026;147079;76452;6;108;6;0;0;11/06/2026;FERNANDO PAZ;4
2;10177;SABON PALMOLIVE NATURALS 85G LEITE ROSAS;PERFUMARIA E LIMPEZA;79197;11/06/2026;147079;76452;108;432;108;0;0;11/06/2026;FERNANDO PAZ;99
2;7925;SABONETE LUX 85G FLOR DE LOTUS;PERFUMARIA E LIMPEZA;79197;11/06/2026;147079;76452;108;2052;108;0;0;11/06/2026;FERNANDO PAZ;70
2;38618;CREME DE PENTEAR SEDA BOOM DEF 1KG;PERFUMARIA E LIMPEZA;79197;11/06/2026;147079;76452;1;3;1;0;0;11/06/2026;FERNANDO PAZ;0
2;10144;SAB FARNESE 180G AVEIA ESFOL;PERFUMARIA E LIMPEZA;79197;11/06/2026;147079;76452;36;2052;36;0;0;11/06/2026;FERNANDO PAZ;69
2;830;REFRIG SPRITE PET 2L;BEBIDAS;79197;11/06/2026;147079;76452;8;3;16;2;0;;;200
2;767;REFRIG FRUKI COLA PET 200ML COLA;BEBIDAS;79197;11/06/2026;147079;76452;12;11;12;1;0;;;30
2;4256;AP PRESTOBARBA ULTRAGRIP 3L CART2UN;PERFUMARIA E LIMPEZA;79197;11/06/2026;147079;76452;1;1;3;0;0;11/06/2026;JESSICA;0
2;5842;ESC DENTAL ORAL B COMPL LV2 PG1;PERFUMARIA E LIMPEZA;79197;11/06/2026;147079;76452;1;5;1;0;0;11/06/2026;JESSICA;25
2;17316;DESOD ROLLON REXONA 50ML WOMEN ANT INV;PERFUMARIA E LIMPEZA;79197;11/06/2026;147079;76452;12;0;12;0;0;11/06/2026;FERNANDO PAZ;6
2;3686;TEMP BICARBONATO SODIO APTI 100G;MERCEARIA;79197;11/06/2026;147079;76452;20;80;20;0;0;11/06/2026;JESSICA;8
2;647;WHISKY GREEN VALLEY VD 1L;BEBIDAS;79197;11/06/2026;147079;76452;1;0;1;0;0;11/06/2026;JESSICA;1
2;1289;CHOC BARRA NESTLE 80G PRESTIGIO;MERCEARIA;79197;11/06/2026;147079;76452;64;272;64;0;0;11/06/2026;JESSICA;20
2;1039;BALA DORI GELATINA 13G BOCA;MERCEARIA;79197;11/06/2026;147079;76452;12;0;12;0;0;11/06/2026;JESSICA;-1
3;4256;AP PRESTOBARBA ULTRAGRIP 3L CART2UN;PERFUMARIA E LIMPEZA;79199;11/06/2026;147080;76455;1;1;1;0;0;12/06/2026;JESSICA;1
3;3383;CALDO APTI 19G GALINHA;MERCEARIA;79199;11/06/2026;147080;76455;24;72;48;0;0;11/06/2026;PAMELA;74
3;33266;REFRIG FRUKI PET 3 L LARANJA;BEBIDAS;79199;11/06/2026;147080;76455;4;12;4;1;0;;;-70
3;904;REFRIG PEPSI LT 350ML;BEBIDAS;79199;11/06/2026;147080;76455;12;193;132;11;0;;;196
3;10;REFRIG COCA COLA PET 2L;BEBIDAS;79199;11/06/2026;148900;77287;4;21;360;90;0;;;4334
3;16593;CORT UNHA INOX PREMIUM 5 2CM 1PC;PERFUMARIA E LIMPEZA;79199;11/06/2026;147080;76455;1;13;1;0;0;11/06/2026;FELIPE;3
3;1408;CHOC 5 STAR LACTA 40G;MERCEARIA;79199;11/06/2026;147080;76455;18;0;18;0;0;11/06/2026;PAMELA;17
3;1441;CHOC TWIX 40G TRIPLO CHOC;MERCEARIA;79199;11/06/2026;147080;76455;18;0;18;1;1;11/06/2026;PAMELA;57
3;17317;DESOD ROLLON REXONA 50ML XTRA COOL;PERFUMARIA E LIMPEZA;79199;11/06/2026;147080;76455;12;12;12;0;0;12/06/2026;JESSICA;-2
3;648;WHISKY MASTER GOLD VD 900ML;BEBIDAS;79199;11/06/2026;147080;76455;1;307;9;6;6;11/06/2026;PAMELA;4
3;1282;CHOC BARRA LACTA AO LEITE 80G;MERCEARIA;79199;11/06/2026;147080;76455;17;68;17;0;0;11/06/2026;PAMELA;49
3;1519;CHOC KINDER OVO LUI PLAYMOBIL 40G;MERCEARIA;79199;11/06/2026;147080;76455;48;96;48;0;0;11/06/2026;PAMELA;21
3;3401;BARRA CEREAL RITTER 25G BANANA ZR ACUC;MERCEARIA;79199;11/06/2026;147080;76455;24;0;48;1;1;11/06/2026;PAMELA;-5
3;15295;CALDO MAGGI 57G COSTELA;MERCEARIA;79199;11/06/2026;147080;76455;10;0;10;0;0;11/06/2026;PAMELA;89
3;2212;ARROZ PARBO PRATO FINO TP1 1KG;MERCEARIA;79199;11/06/2026;147080;76455;10;2;30;3;0;;;32
3;33255;REFRIG CHARRUA PET 3L GUARANA;BEBIDAS;79199;11/06/2026;147080;76455;6;0;252;42;0;;;82
3;37007;FAROFA DINDA 200G BACON;MERCEARIA;79199;11/06/2026;147080;76455;25;75;50;2;0;;;50
3;2413;MILHO PIPOCA YOKI 400G TRAD;MERCEARIA;79199;11/06/2026;147080;76455;28;6537;28;1;0;;;498
3;2699;FARINHA ROSCA CBS 500G;MERCEARIA;79199;11/06/2026;147080;76455;12;0;12;1;0;;;30
3;2791;FAROFA CASEIRISSIMA YOKI 200G COSTELINHA;MERCEARIA;79199;11/06/2026;147080;76455;12;10;12;1;0;;;37
3;2104;ARROZ BCO PRATO FINO TP1 2KG;MERCEARIA;79199;11/06/2026;147080;76455;5;0;15;3;0;;;19
3;647;WHISKY GREEN VALLEY VD 1L;BEBIDAS;79199;11/06/2026;147080;76455;1;0;1;1;1;11/06/2026;PAMELA;3
3;1849;DROPS FREEGELLS 27 9G EXTRA FORTE;MERCEARIA;79199;11/06/2026;147080;76455;12;0;48;0;0;11/06/2026;PAMELA;2
3;34287;CHOC BIBS STICKS 29G AVELA;MERCEARIA;79199;11/06/2026;147080;76455;16;0;16;0;0;11/06/2026;PAMELA;11
3;812;REFRIG FANTA UVA PET 2L;BEBIDAS;79199;11/06/2026;147080;76455;8;0;512;64;0;;;285
3;5836;ESC DENTAL ORAL B 1 2 3 MEDIA;PERFUMARIA E LIMPEZA;79199;11/06/2026;147080;76455;12;108;36;2;2;12/06/2026;JESSICA;33
3;3400;BARRA CEREAL RITTER 25G BAN AVEIA MEL;MERCEARIA;79199;11/06/2026;147080;76455;24;0;24;0;0;11/06/2026;PAMELA;110
3;2222;ARROZ PARBO BLUE VILLE TP1 1KG;MERCEARIA;79199;11/06/2026;147080;76455;30;5;30;1;0;;;0
3;2786;FAROFA MANDIOCA YOKI 200G TRADICIONAL;MERCEARIA;79199;11/06/2026;147080;76455;14;27;14;1;0;;;13
3;1400;CHOC CARIBE GAROTO 28G CANDYBAR;MERCEARIA;79199;11/06/2026;147080;76455;30;570;30;1;1;11/06/2026;PAMELA;34
3;3512;FERM PO BIOL GOOD INSTANT SH 10G;MERCEARIA;79199;11/06/2026;147080;76455;30;0;30;1;1;11/06/2026;PAMELA;121
3;3516;FERM PO BIOL GOOD INSTANT SH 125G;MERCEARIA;79199;11/06/2026;147080;76455;12;0;12;1;1;11/06/2026;PAMELA;7
3;4258;AP PROBAK II LV7 PG5;PERFUMARIA E LIMPEZA;79199;11/06/2026;147080;76455;1;457;1;0;0;12/06/2026;JESSICA;115
3;5842;ESC DENTAL ORAL B COMPL LV2 PG1;PERFUMARIA E LIMPEZA;79199;11/06/2026;147080;76455;1;5;1;0;0;12/06/2026;JESSICA;7
3;1036;BALA DORI GELATINA 13G AMORA;MERCEARIA;79199;11/06/2026;147080;76455;12;0;12;0;0;11/06/2026;PAMELA;6
3;3363;CALDO APTI 19G CARNE;MERCEARIA;79199;11/06/2026;147080;76455;24;0;168;0;0;11/06/2026;PAMELA;70
3;3524;FERM QUIMICO PO FLEISCHMANN PT 100G;MERCEARIA;79199;11/06/2026;147080;76455;12;672;120;0;0;11/06/2026;PAMELA;-2
3;1058;ALFAJOR EL AGUILA 60G CHOC;MERCEARIA;79199;11/06/2026;147080;76455;12;3;60;0;0;11/06/2026;PAMELA;8
3;1702;CONFEITO MMS 120G CRISPY;MERCEARIA;79199;11/06/2026;147080;76455;24;96;24;0;0;11/06/2026;PAMELA;11
3;1843;DROPS FREEGELLS 27 9G CEREJA;MERCEARIA;79199;11/06/2026;147080;76455;12;0;12;0;0;11/06/2026;PAMELA;-2
3;1983;CAPPUCCINO PRONTO 3C 260ML CLASSIC;MERCEARIA;79199;11/06/2026;147080;76455;6;12;12;0;0;11/06/2026;PAMELA;2
3;3431;SOPA GALINHA MAGGI 60G FIDELINI;MERCEARIA;79199;11/06/2026;147080;76455;10;40;20;0;0;11/06/2026;PAMELA;-6
3;8858;AP PROBAK II 2UN;PERFUMARIA E LIMPEZA;79199;11/06/2026;147080;76455;14;4242;14;1;1;12/06/2026;JESSICA;16
3;7397;PASTILHA PATO PROMO 3UN CITRUS;PERFUMARIA E LIMPEZA;79199;11/06/2026;147080;76455;8;0;8;1;0;12/06/2026;JESSICA;2
3;10180;SAB POMPOM 80G GLICERINADO;PERFUMARIA E LIMPEZA;79199;11/06/2026;147080;76455;72;2952;72;1;1;12/06/2026;JESSICA;27
3;1269;CHOC BARRA LACTA 80G LAKA;MERCEARIA;79199;11/06/2026;147080;76455;17;0;34;0;0;11/06/2026;PAMELA;1
3;1426;CHOC BIS XTRA BLACK CHOCOLATE 45G;MERCEARIA;79199;11/06/2026;147080;76455;24;0;24;0;0;11/06/2026;PAMELA;7
3;1452;CHOC KINDER BUENO 39G;MERCEARIA;79199;11/06/2026;147080;76455;30;0;30;0;0;11/06/2026;PAMELA;13
4;11245;GOIABADA STELLA KG;PERECIVEIS;79221;11/06/2026;147091;76953;7;574;7;1;0;12/06/2026;GUILHERME B;12,946
5;9756;LEITE TIROL INTEGRAL ZR LACTOSE 1L;PERECIVEIS;79175;11/06/2026;147068;76460;12;17;12;1;0;12/06/2026;FERNANDO.H;59
5;6790;LEITE UHT NINHO 1L ZERO LACTOSE;PERECIVEIS;79175;11/06/2026;147068;76460;12;0;12;1;0;12/06/2026;FERNANDO.H;21
5;9741;LEITE SANTA CLARA LV SEMI DESN 1L;PERECIVEIS;79175;11/06/2026;147068;76460;12;21;72;6;0;12/06/2026;FERNANDO.H;52
5;6781;LEITE LV EDGE ELEGE 1L INTEGRAL;PERECIVEIS;79175;11/06/2026;147068;76460;12;108;12;1;0;12/06/2026;FERNANDO.H;597
5;8966;CARVAO CHAMA CAMPEIRA 5KG;NAO ALIMENTO;79201;11/06/2026;147081;76460;1;0;19;19;0;;;10
5;2923;ACHOC LIQ SHOWKINHO 1L;MERCEARIA;79201;11/06/2026;147081;76460;12;0;12;1;0;12/06/2026;FERNANDO.H;3
5;195;REFRE PO PROMIX 100G MIX DE FRUTAS;BEBIDAS;79201;11/06/2026;147081;76460;18;0;18;1;0;;;12
5;1426;CHOC BIS XTRA BLACK CHOCOLATE 45G;MERCEARIA;79201;11/06/2026;147081;76460;24;0;24;1;0;11/06/2026;JESSICA;2
5;3510;FERM BIO PO FLEISCHMANN SH LV 125G PG 100G;MERCEARIA;79201;11/06/2026;147081;76460;16;0;16;1;0;11/06/2026;JESSICA;36
5;1843;DROPS FREEGELLS 27 9G CEREJA;MERCEARIA;79201;11/06/2026;147081;76460;12;0;12;1;0;11/06/2026;JESSICA;-12
5;116;CERV SKOL 1L;BEBIDAS;79201;11/06/2026;147081;76460;12;420;60;5;0;;;0
5;3415;CREME LEITE ITALAC TP 200G;MERCEARIA;79201;11/06/2026;147081;76460;24;1008;96;4;0;12/06/2026;FERNANDO.H;-77
5;3524;FERM QUIMICO PO FLEISCHMANN PT 100G;MERCEARIA;79201;11/06/2026;147081;76460;12;672;12;1;0;11/06/2026;JESSICA;9
5;21689;PAPEL HIG MILI PRIME FLA TPL 20M 12UN;PERFUMARIA E LIMPEZA;79201;11/06/2026;147081;76460;8;84;8;1;0;12/06/2026;WILLIAN MATEUS;8
5;10;REFRIG COCA COLA PET 2L;BEBIDAS;79201;11/06/2026;149212;77419;4;21;536;52;0;;;1000
5;35782;CERV ANTARCTICA 1L;BEBIDAS;79201;11/06/2026;147081;76460;12;183;36;3;0;;;2
5;3673;LEITE COND ELEGE TP 395G;MERCEARIA;79201;11/06/2026;147081;76460;24;48;24;1;0;12/06/2026;FERNANDO.H;64
5;911;REFRIG ANTARCTICA GUARANA PET 200ML ZERO;BEBIDAS;79201;11/06/2026;147081;76460;12;0;12;1;0;;;4
5;767;REFRIG FRUKI COLA PET 200ML COLA;BEBIDAS;79201;11/06/2026;147081;76460;12;11;12;1;0;;;15
5;95;REFRE PO FRISCO 18G MORANGO;BEBIDAS;79201;11/06/2026;147081;76460;180;0;360;2;0;;;0
5;1262;CHOC LACTA RECH 98G OURO BRANCO;MERCEARIA;79201;11/06/2026;147081;76460;17;0;17;1;0;11/06/2026;JESSICA;11
5;37860;CHOC BARRA GAROTO RECH BATON 90G;MERCEARIA;79201;11/06/2026;147081;76460;14;10;14;1;0;11/06/2026;JESSICA;35
5;178;CERV KAISER LT 473ML;BEBIDAS;79201;11/06/2026;147081;76460;12;3;1596;133;0;;;18
5;813;REFRIGC COLA FRUKI PET 2 L COLA;BEBIDAS;79201;11/06/2026;147081;76460;6;355;12;2;0;;;2
5;37863;CREME LEITE TP DAUS 200G;MERCEARIA;79201;11/06/2026;147081;76460;27;116;27;1;0;12/06/2026;FERNANDO.H;57
5;1842;DROPS FREEGELLS 27 9G MORANGO;MERCEARIA;79201;11/06/2026;147081;76460;12;0;12;1;0;11/06/2026;JESSICA;-14
5;16885;CR LEITE TP ELEGE 200G;MERCEARIA;79201;11/06/2026;147081;76460;24;1464;120;5;0;12/06/2026;FERNANDO.H;-4
5;100;REFRE PO FRISCO 18G TANGERINA;BEBIDAS;79201;11/06/2026;147081;76460;180;180;360;2;0;;;0
5;1441;CHOC TWIX 40G TRIPLO CHOC;MERCEARIA;79201;11/06/2026;147081;76460;18;0;36;2;0;11/06/2026;JESSICA;44
5;1269;CHOC BARRA LACTA 80G LAKA;MERCEARIA;79201;11/06/2026;147081;76460;17;0;17;1;0;11/06/2026;JESSICA;6
5;647;WHISKY GREEN VALLEY VD 1L;BEBIDAS;79201;11/06/2026;147081;76460;1;0;1;1;0;11/06/2026;JESSICA;2
5;33255;REFRIG CHARRUA PET 3L GUARANA;BEBIDAS;79201;11/06/2026;147081;76460;6;0;36;6;0;;;12
5;2361;FEIJAO VERMELHO ARBAZA 500G;MERCEARIA;79201;11/06/2026;147081;76460;12;980;60;5;0;;;8
5;619;SUCO DEL VALLE TP 200ML UVA;BEBIDAS;79201;11/06/2026;147081;76460;18;16;18;1;0;;;10
5;392;ENERG MONSTER LT 473ML MANGO LOCO;BEBIDAS;79201;11/06/2026;147081;76460;6;184;6;1;0;;;-6
5;1847;DROPS FREEGELLS 27 9G VIT C CITRUS;MERCEARIA;79201;11/06/2026;147081;76460;12;0;12;1;0;11/06/2026;JESSICA;-8
5;36169;CHOC BARRA NESTLE RECH 90G NEGRESCO;MERCEARIA;79201;11/06/2026;147081;76460;14;448;42;3;0;11/06/2026;JESSICA;46
5;8858;AP PROBAK II 2UN;PERFUMARIA E LIMPEZA;79201;11/06/2026;147081;76460;14;4242;14;1;0;12/06/2026;JESSICA;25
5;12289;AGUA SANIT IMPERIAL 1L;PERFUMARIA E LIMPEZA;79201;11/06/2026;147081;76460;12;12;12;1;0;;;12
5;817;REFRIG FRUKI GUARANA ZR PET 2L GUARANA ZERO;BEBIDAS;79201;11/06/2026;147081;76460;6;10;6;1;0;;;-3
5;533;ENERG RED BULL LT 355ML;BEBIDAS;79201;11/06/2026;147081;76460;4;140;12;3;0;;;6
5;330;BEB ADES TP 200ML UVA;BEBIDAS;79201;11/06/2026;147081;76460;6;0;6;1;0;;;6
6;824;REFRIG PEPSI PET 2L BLACK;BEBIDAS;79203;11/06/2026;147082;76449;8;0;8;1;0;;;105
6;5842;ESC DENTAL ORAL B COMPL LV2 PG1;PERFUMARIA E LIMPEZA;79203;11/06/2026;147082;76449;1;5;1;1;0;12/06/2026;JOCELAINE;13
6;1843;DROPS FREEGELLS 27 9G CEREJA;MERCEARIA;79203;11/06/2026;147082;76449;12;0;12;1;0;11/06/2026;CAROLINA;1
6;4564;CARGA MACH 3 2UN CARBONO;PERFUMARIA E LIMPEZA;79203;11/06/2026;147082;76449;12;10;12;1;0;12/06/2026;JOCELAINE;2
6;5856;ESC DENTAL SORRISO DURA;PERFUMARIA E LIMPEZA;79203;11/06/2026;147082;76449;12;0;48;4;0;12/06/2026;JOCELAINE;43
6;6124;FRALDA DESC PAMPERS CONF XXG C 56;PERFUMARIA E LIMPEZA;79203;11/06/2026;147082;76449;2;122;2;1;0;;;5
6;1400;CHOC CARIBE GAROTO 28G CANDYBAR;MERCEARIA;79203;11/06/2026;147082;76449;30;570;30;1;0;11/06/2026;CAROLINA;36
6;12411;AMACIANTE GIRANDO SOL 500ML COCO;PERFUMARIA E LIMPEZA;79203;11/06/2026;147082;76449;12;24;12;1;0;;;13
6;8791;ABS MILI NOTURNO C ABAS 8UN;PERFUMARIA E LIMPEZA;79203;11/06/2026;147082;76449;36;34;36;1;0;;;29
6;33255;REFRIG CHARRUA PET 3L GUARANA;BEBIDAS;79203;11/06/2026;147082;76449;6;0;270;45;0;;;137
6;22838;REFRE PO FRISCO 18G GOIABA;BEBIDAS;79203;11/06/2026;147082;76449;180;360;360;2;0;;;0
6;1441;CHOC TWIX 40G TRIPLO CHOC;MERCEARIA;79203;11/06/2026;147082;76449;18;0;18;1;0;11/06/2026;CAROLINA;53
6;1276;CHOC BARRA GAROTO 80G MEIO AMARGO;MERCEARIA;79203;11/06/2026;147082;76449;16;0;32;2;0;11/06/2026;CAROLINA;60
6;4142;AMAC CONC COMFORT 1L CUIDADO ESSENC;PERFUMARIA E LIMPEZA;79203;11/06/2026;147082;76449;12;0;12;1;0;;;3
6;105;REFRE PO FRISCO 18G GUARANA;BEBIDAS;79203;11/06/2026;147082;76449;180;720;360;2;0;;;3
6;1742;CHICLE FREEGELLS GUM 8G EXTRA FORTE;MERCEARIA;79203;11/06/2026;147082;76449;15;8;15;1;0;11/06/2026;CAROLINA;9
6;1884;PASTILHA TIC TAC 14 5G CITRUS MIX;MERCEARIA;79203;11/06/2026;147082;76449;14;14;14;1;0;11/06/2026;CAROLINA;15
6;4256;AP PRESTOBARBA ULTRAGRIP 3L CART2UN;PERFUMARIA E LIMPEZA;79203;11/06/2026;147082;76449;1;1;2;2;0;12/06/2026;JOCELAINE;-14
6;417;BEB VIT BALY KIDS LT 220ML LARANJA;BEBIDAS;79203;11/06/2026;147082;76449;6;0;6;1;0;;;7
6;10;REFRIG COCA COLA PET 2L;BEBIDAS;79203;11/06/2026;149853;76449;4;21;480;120;0;;;1523
6;5250;CR DENT CLOSE UP 70G TRIPLE HORTELA;PERFUMARIA E LIMPEZA;79203;11/06/2026;147082;76449;72;0;72;0;0;12/06/2026;JESSICA;5
6;347;CERV PATAGONIA AMBER LT 473ML;BEBIDAS;79203;11/06/2026;147082;76449;6;12;6;1;0;;;1
6;1269;CHOC BARRA LACTA 80G LAKA;MERCEARIA;79203;11/06/2026;147082;76449;17;0;17;1;0;11/06/2026;CAROLINA;0
6;3383;CALDO APTI 19G GALINHA;MERCEARIA;79203;11/06/2026;147082;76449;24;72;24;1;0;11/06/2026;CAROLINA;97
6;33266;REFRIG FRUKI PET 3 L LARANJA;BEBIDAS;79203;11/06/2026;147082;76449;4;12;8;2;0;;;-72
6;830;REFRIG SPRITE PET 2L;BEBIDAS;79203;11/06/2026;147082;76449;8;3;16;2;0;;;59
6;33732;ENERG RED BULL LT 250ML POMELO;BEBIDAS;79203;11/06/2026;147082;76449;24;72;24;1;0;;;3
6;3400;BARRA CEREAL RITTER 25G BAN AVEIA MEL;MERCEARIA;79203;11/06/2026;147082;76449;24;0;24;1;0;11/06/2026;CAROLINA;16
6;633;VODKA TAIGA PREMIUM VD 1L;BEBIDAS;79203;11/06/2026;147082;76449;1;0;1;1;0;11/06/2026;CAROLINA;11
6;8858;AP PROBAK II 2UN;PERFUMARIA E LIMPEZA;79203;11/06/2026;147082;76449;14;4242;14;1;0;12/06/2026;JOCELAINE;29
6;6122;FRALDA DESC PAMPERS CONFORT M C 70;PERFUMARIA E LIMPEZA;79203;11/06/2026;147082;76449;2;54;8;4;0;;;5
6;15615;CARVAO VEG CHURRASCO NA BRASA 5KG;NAO ALIMENTO;79203;11/06/2026;147082;76449;1;970;11;11;0;;;17
6;3431;SOPA GALINHA MAGGI 60G FIDELINI;MERCEARIA;79203;11/06/2026;147082;76449;10;40;10;0;0;11/06/2026;CAROLINA;8
7;12183;ABS MILI SUAVE PROT TOT C ABAS C 32;PERFUMARIA E LIMPEZA;79205;11/06/2026;147083;76461;16;64;16;1;0;;;0
7;2823;MASSA C OVOS STA FELICIDADE 500G ESPAGUETE;MERCEARIA;79205;11/06/2026;147083;76461;20;10;20;1;0;11/06/2026;AUGUSTO;-95
7;3635;SAL MOIDO CBS 1KG;MERCEARIA;79205;11/06/2026;147083;76461;10;90;10;1;0;;;18
7;3433;SOPA CARNE MAGGI 63G CONCHINHAS;MERCEARIA;79205;11/06/2026;147083;76461;10;0;10;1;0;12/06/2026;JOCELAINE;11
7;12610;ARROZ P CAES KI KAO SANO 5K;PRODUTOS PET;79205;11/06/2026;147083;76461;6;191;6;1;0;11/06/2026;AUGUSTO;1
7;3998;ALIM CAO DOG CHOW100G SACHE TOD TAM FRANGO ADULTO;PRODUTOS PET;79205;11/06/2026;147083;76461;15;15;15;1;0;11/06/2026;AUGUSTO;76
7;8838;AMAC AQUAFAST 2L ROSA JARD FLORI;PERFUMARIA E LIMPEZA;79205;11/06/2026;147083;76461;6;474;6;1;0;;;12
7;178;CERV KAISER LT 473ML;BEBIDAS;79205;11/06/2026;147083;76461;12;3;864;72;0;;;530
7;33255;REFRIG CHARRUA PET 3L GUARANA;BEBIDAS;79205;11/06/2026;147083;76461;6;0;6;1;0;;;84
7;648;WHISKY MASTER GOLD VD 900ML;BEBIDAS;79205;11/06/2026;147083;76461;1;307;2;2;0;12/06/2026;JOCELAINE;1
7;3794;VINAGRE VINHO KOLLER 750ML BRANCO;MERCEARIA;79205;11/06/2026;147083;76461;12;24;12;1;0;11/06/2026;AUGUSTO;10
7;2908;MASSA C OVOS ISABELA 500G LINGUINE;MERCEARIA;79205;11/06/2026;147083;76461;16;56;16;1;0;11/06/2026;AUGUSTO;4
7;9547;FRALDA MILI JUMBINHO M 22UN;PERFUMARIA E LIMPEZA;79205;11/06/2026;147083;76461;9;85;9;1;0;;;5
7;806;REFRIG FANTA LARANJA PET 2L;BEBIDAS;79205;11/06/2026;147083;76461;8;64;80;10;0;;;109
7;1282;CHOC BARRA LACTA AO LEITE 80G;MERCEARIA;79205;11/06/2026;147083;76461;17;68;85;5;0;12/06/2026;JOCELAINE;112
7;1321;CHOC LACTA 145G SHOT;MERCEARIA;79205;11/06/2026;147083;76461;12;0;12;1;0;12/06/2026;JOCELAINE;31
7;3512;FERM PO BIOL GOOD INSTANT SH 10G;MERCEARIA;79205;11/06/2026;147083;76461;30;0;30;1;0;12/06/2026;JOCELAINE;71
7;647;WHISKY GREEN VALLEY VD 1L;BEBIDAS;79205;11/06/2026;147083;76461;1;0;1;1;0;12/06/2026;JOCELAINE;1
7;4052;ALIM GATO FRISKIES 85G PERU AO MOLHO;PRODUTOS PET;79205;11/06/2026;147083;76461;15;0;15;1;0;11/06/2026;AUGUSTO;35
7;8858;AP PROBAK II 2UN;PERFUMARIA E LIMPEZA;79205;11/06/2026;147083;76461;14;4242;14;1;0;12/06/2026;JESSICA;43
7;3903;ABS C ABAS MILI DIA NOITE C 16 UN SUAVE;PERFUMARIA E LIMPEZA;79205;11/06/2026;147083;76461;24;183;24;1;0;;;2
7;3948;AGUA SANIT GOTA LIMPA 1L;PERFUMARIA E LIMPEZA;79205;11/06/2026;147083;76461;12;1452;12;1;0;;;0
7;207;CERV SCHIN PILSEN LT 473ML;BEBIDAS;79205;11/06/2026;147083;76461;12;0;264;22;0;;;681
7;25106;VASSOURA JARDINEIRA S CABO;PERFUMARIA E LIMPEZA;79205;11/06/2026;147083;76461;1;19;4;0;0;11/06/2026;FELIPE;6
7;4046;ALIM GATO FRISKIES 85G CORDEIR AO MOLH;PRODUTOS PET;79205;11/06/2026;147083;76461;15;645;15;1;0;11/06/2026;AUGUSTO;49
7;847;REFRIG COCA COLA PET 600ML;BEBIDAS;79205;11/06/2026;147083;76461;12;0;12;1;0;;;53
7;1441;CHOC TWIX 40G TRIPLO CHOC;MERCEARIA;79205;11/06/2026;147083;76461;18;0;18;1;0;12/06/2026;JOCELAINE;57
7;2835;MASSA C OVOS GERMANI 500G PARAFUSO;MERCEARIA;79205;11/06/2026;147083;76461;20;179;20;1;0;11/06/2026;AUGUSTO;-15
7;4047;ALIM GATO FRISKIES 85G FILHO CARN MOLH;PRODUTOS PET;79205;11/06/2026;147083;76461;15;495;15;1;0;11/06/2026;AUGUSTO;64
7;5692;DETERG YPE 500 ML NEUTRO;PERFUMARIA E LIMPEZA;79205;11/06/2026;147083;76461;24;1272;96;4;0;;;0
7;20356;MAC INST NISSIN MONICA 85G TOMATE;MERCEARIA;79205;11/06/2026;147083;76461;50;43;50;1;0;11/06/2026;AUGUSTO;20
7;3410;CALDO SAZON 32 5G CARNE;MERCEARIA;79205;11/06/2026;147083;76461;48;147;48;1;0;11/06/2026;AUGUSTO;30
7;2869;MASSA C OVOS ORQUIDEA 500G ESPAGUETE;MERCEARIA;79205;11/06/2026;147083;76461;20;34;20;1;0;11/06/2026;AUGUSTO;22
7;5856;ESC DENTAL SORRISO DURA;PERFUMARIA E LIMPEZA;79205;11/06/2026;147083;76461;12;0;48;4;0;12/06/2026;JESSICA;38
7;12289;AGUA SANIT IMPERIAL 1L;PERFUMARIA E LIMPEZA;79205;11/06/2026;147083;76461;12;12;12;1;0;;;36
7;3997;ALIM CAO DOG CHOW100G SACHE TOD TAM FILHO TD CARNE;PRODUTOS PET;79205;11/06/2026;147083;76461;15;14;15;1;0;11/06/2026;AUGUSTO;62
7;21688;PAPEL HIG MILI PERFUM FLA SPL 60M 4UN;PERFUMARIA E LIMPEZA;79205;11/06/2026;147083;76461;24;648;48;0;0;15/06/2026;ELIAS;-1
7;5695;DETERG YPE 500ML COCO;PERFUMARIA E LIMPEZA;79205;11/06/2026;147083;76461;24;1104;72;3;0;;;-14
7;3450;SOPAO MAGGI 200G CARNE PANELA;MERCEARIA;79205;11/06/2026;147083;76461;24;-48;24;1;0;11/06/2026;AUGUSTO;0
7;2859;MASSA C OVOS NORDESTE 500G ESPAGUETE;MERCEARIA;79205;11/06/2026;147083;76461;15;225;15;1;0;11/06/2026;AUGUSTO;15
7;840;REFRIG PEPSI PET 3L;BEBIDAS;79205;11/06/2026;147083;76461;4;55;4;1;0;;;-16
8;2738;MACARRAO CUP NOODLES 69G CARNE DEF;MERCEARIA;79207;11/06/2026;147084;76462;24;24;24;1;0;11/06/2026;AUGUSTO;4
8;4259;AP PRESTOBARBA ULTRA GRIP 2UN;PERFUMARIA E LIMPEZA;79207;11/06/2026;147084;76462;12;804;72;6;6;12/06/2026;JESSICA;-11
8;5856;ESC DENTAL SORRISO DURA;PERFUMARIA E LIMPEZA;79207;11/06/2026;147084;76462;12;0;48;4;4;12/06/2026;JESSICA;40
8;744;REFRIG FRUKI PET 1 5L GUARANA ZERO;BEBIDAS;79207;11/06/2026;147084;76462;6;558;12;2;0;;;1
8;413;AGUARD KIKANA PET 790ML;BEBIDAS;79207;11/06/2026;147084;76462;12;1950;144;12;0;;;36
8;24140;SC PANOSUL SUPER ALV BCO 39X65 R 10;PERFUMARIA E LIMPEZA;79207;11/06/2026;147084;76462;1;64;13;0;0;11/06/2026;FELIPE;17
8;206;VH CANCAO TINTO 750ML SV;BEBIDAS;79207;11/06/2026;147084;76462;12;216;12;1;0;;;24
8;3686;TEMP BICARBONATO SODIO APTI 100G;MERCEARIA;79207;11/06/2026;147084;76462;20;80;20;0;0;12/06/2026;JESSICA;5
8;2869;MASSA C OVOS ORQUIDEA 500G ESPAGUETE;MERCEARIA;79207;11/06/2026;147084;76462;20;34;20;1;0;11/06/2026;AUGUSTO;43
8;22697;RAC CBS GATO PEIXE CAR 500G;PRODUTOS PET;79207;11/06/2026;147084;76462;10;137;20;2;0;11/06/2026;AUGUSTO;0
8;38619;SH DOVE UMECTACAO E COCO 370ML;PERFUMARIA E LIMPEZA;79207;11/06/2026;147084;76462;1;4;1;0;0;12/06/2026;JOCELAINE;0
8;23036;SAB LIQ DERMAFEME 200ML FLORAL;PERFUMARIA E LIMPEZA;79207;11/06/2026;147084;76462;24;539;48;0;0;12/06/2026;JOCELAINE;-3
8;33266;REFRIG FRUKI PET 3 L LARANJA;BEBIDAS;79207;11/06/2026;147084;76462;4;12;4;1;0;;;48
8;33265;REFRIG FRUKI GUAR ZR PET 3L GUARANA ZERO;BEBIDAS;79207;11/06/2026;147084;76462;4;12;4;1;0;;;60
8;289;CERV SOL PREMIUM LN 330ML;BEBIDAS;79207;11/06/2026;147084;76462;24;48;24;1;0;;;-17
8;3400;BARRA CEREAL RITTER 25G BAN AVEIA MEL;MERCEARIA;79207;11/06/2026;147084;76462;24;0;24;0;0;12/06/2026;JESSICA;43
8;3447;SOPAO MAGGI 200G COSTELA LEGUMES;MERCEARIA;79207;11/06/2026;147084;76462;24;24;24;1;0;11/06/2026;AUGUSTO;8
8;1017;TEMP EXTREMO SABOR 1 01K C PIMENTA;MERCEARIA;79207;11/06/2026;147084;76462;6;12;6;1;0;11/06/2026;AUGUSTO;2
8;8858;AP PROBAK II 2UN;PERFUMARIA E LIMPEZA;79207;11/06/2026;147084;76462;14;4242;14;0;0;12/06/2026;JESSICA;35
8;8561;TALCO VINI LADY 200G BABY LAVANDA;PERFUMARIA E LIMPEZA;79207;11/06/2026;147084;76462;12;0;12;0;0;12/06/2026;JESSICA;-1
8;18979;GEL FIX DI HELLEN BRI MOL FL ADREN 240G;PERFUMARIA E LIMPEZA;79207;11/06/2026;147084;76462;12;0;12;0;0;12/06/2026;JESSICA;1
8;35675;ESC DENT COLGATE SENSITIVE;PERFUMARIA E LIMPEZA;79207;11/06/2026;147084;76462;1;0;1;0;0;12/06/2026;JESSICA;4
8;33255;REFRIG CHARRUA PET 3L GUARANA;BEBIDAS;79207;11/06/2026;147084;76462;6;0;6;1;0;;;90
8;813;REFRIGC COLA FRUKI PET 2 L COLA;BEBIDAS;79207;11/06/2026;147084;76462;6;355;18;3;0;;;2
8;886;REFRIG ANTARCTICA GUAR LT 350ML ZR;BEBIDAS;79207;11/06/2026;147084;76462;12;302;12;1;0;;;45
8;187;REFRE PO GLUP 15G MIX DE FRUTAS;BEBIDAS;79207;11/06/2026;147084;76462;60;33353;60;1;0;;;536
8;20347;MAC INST NISSIN 85G GAL CAIP;MERCEARIA;79207;11/06/2026;147084;76462;50;3544;50;1;0;11/06/2026;AUGUSTO;118
8;20612;MASSA SEMOLA GERMANI 500G ESPAG;MERCEARIA;79207;11/06/2026;147084;76462;20;116;20;1;0;11/06/2026;AUGUSTO;6
8;7938;SABONETE NIVEA 85G PROTEINA LEITE;PERFUMARIA E LIMPEZA;79207;11/06/2026;147084;76462;96;1056;96;0;0;12/06/2026;JOCELAINE;-2
8;178;CERV KAISER LT 473ML;BEBIDAS;79207;11/06/2026;147084;76462;12;3;972;81;0;;;533
8;883;REFRIG FRUKI LARANJA LT 350ML LARANJA;BEBIDAS;79207;11/06/2026;147084;76462;12;59;12;1;0;;;34
8;1400;CHOC CARIBE GAROTO 28G CANDYBAR;MERCEARIA;79207;11/06/2026;147084;76462;30;570;30;1;1;12/06/2026;JESSICA;-5
8;3671;TEMP COMPLETO NEILAR 250G C PIMENTA;MERCEARIA;79207;11/06/2026;147084;76462;24;23;24;1;0;11/06/2026;AUGUSTO;8
8;3669;TEMP COMPLETO NEILAR 250G S PIMENTA;MERCEARIA;79207;11/06/2026;147084;76462;24;16;24;1;0;11/06/2026;AUGUSTO;0
8;2823;MASSA C OVOS STA FELICIDADE 500G ESPAGUETE;MERCEARIA;79207;11/06/2026;147084;76462;20;10;20;1;0;11/06/2026;AUGUSTO;110
8;3998;ALIM CAO DOG CHOW100G SACHE TOD TAM FRANGO ADULTO;PRODUTOS PET;79207;11/06/2026;147084;76462;15;15;15;1;0;11/06/2026;AUGUSTO;38
8;38616;CD SEDA COLAGENO VIT INT 250ML;PERFUMARIA E LIMPEZA;79207;11/06/2026;147084;76462;1;4;1;0;0;12/06/2026;JOCELAINE;0
8;5836;ESC DENTAL ORAL B 1 2 3 MEDIA;PERFUMARIA E LIMPEZA;79207;11/06/2026;147084;76462;12;108;36;0;0;12/06/2026;JESSICA;18
8;13;AGUA MIN CRYSTAL PET 1 5L C GAS;BEBIDAS;79207;11/06/2026;147084;76462;6;0;6;1;0;;;13
8;904;REFRIG PEPSI LT 350ML;BEBIDAS;79207;11/06/2026;147084;76462;12;193;12;1;0;;;11
8;10;REFRIG COCA COLA PET 2L;BEBIDAS;79207;11/06/2026;147084;76462;4;21;268;67;0;;;806
8;903;REFRIG PEPSI BLACK LT 350ML;BEBIDAS;79207;11/06/2026;147084;76462;12;-36;36;3;0;;;6
8;20665;MASSA SEMOLA GERMANI 500G PARAF;MERCEARIA;79207;11/06/2026;147084;76462;20;110;20;1;0;11/06/2026;AUGUSTO;12
8;37887;TIT COR E TON S AMONIA 2 0 PTO;PERFUMARIA E LIMPEZA;79207;11/06/2026;147084;76462;6;12;6;0;0;12/06/2026;JOCELAINE;0
8;887;REFRIG ANTARCTICA GUARANA LT 350ML;BEBIDAS;79207;11/06/2026;147084;76462;12;708;24;2;0;;;59
8;382;BEB MISTA TAMPICO PET 2L FRUTAS CITRICAS;BEBIDAS;79207;11/06/2026;147084;76462;6;269;6;1;0;;;8
8;575;ENERG HIPERTENSAO PET 2L ZERO;BEBIDAS;79207;11/06/2026;147084;76462;6;40;6;1;0;;;-1
8;213;CERV SKOL PILSEN LT 473ML;BEBIDAS;79207;11/06/2026;147084;76462;12;462;696;58;0;;;1508
8;3450;SOPAO MAGGI 200G CARNE PANELA;MERCEARIA;79207;11/06/2026;147084;76462;24;-48;24;1;0;11/06/2026;AUGUSTO;-8
8;3402;CALDO APTI 57G LEGUMES;MERCEARIA;79207;11/06/2026;147084;76462;10;59;10;1;0;11/06/2026;AUGUSTO;0
8;20621;MAS FURADINHO ISABELA SEMOLA 400G;MERCEARIA;79207;11/06/2026;147084;76462;24;616;72;3;0;11/06/2026;AUGUSTO;-1
8;4045;ALIM GATO FRISKIES 85G CARNE AO MOLHO;PRODUTOS PET;79207;11/06/2026;147084;76462;15;315;30;2;0;11/06/2026;AUGUSTO;77
8;5253;CR DENTAL CLOSE UP 100G LIQUIFRESH ICE;PERFUMARIA E LIMPEZA;79207;11/06/2026;147084;76462;12;210;72;3;3;12/06/2026;JOCELAINE;43
8;817;REFRIG FRUKI GUARANA ZR PET 2L GUARANA ZERO;BEBIDAS;79207;11/06/2026;147084;76462;6;10;6;1;0;;;8
8;436;INA ENERG BALY PET 2L MORANGO PESSEGO;BEBIDAS;79207;11/06/2026;147084;76462;6;18;6;1;0;;;4
8;821;REFRIG FRUKI PET 2L LIMAO;BEBIDAS;79207;11/06/2026;147084;76462;6;11;6;1;0;;;43
8;207;CERV SCHIN PILSEN LT 473ML;BEBIDAS;79207;11/06/2026;147084;76462;12;0;228;19;0;;;900
8;1441;CHOC TWIX 40G TRIPLO CHOC;MERCEARIA;79207;11/06/2026;147084;76462;18;0;18;1;1;12/06/2026;JESSICA;53
8;1276;CHOC BARRA GAROTO 80G MEIO AMARGO;MERCEARIA;79207;11/06/2026;147084;76462;16;0;16;0;0;12/06/2026;JESSICA;3
8;2879;MASSA C OVOS ISABELA 500G ESPAGUETE;MERCEARIA;79207;11/06/2026;147084;76462;20;220;20;1;0;11/06/2026;AUGUSTO;28
8;38620;SH DOVE HID E HIL VIT 370ML;PERFUMARIA E LIMPEZA;79207;11/06/2026;147084;76462;1;3;1;1;1;12/06/2026;JOCELAINE;0
8;38621;MASC DOVE RECONST E AMINOACIDO 320G;PERFUMARIA E LIMPEZA;79207;11/06/2026;147084;76462;1;3;1;1;1;12/06/2026;JOCELAINE;0
8;847;REFRIG COCA COLA PET 600ML;BEBIDAS;79207;11/06/2026;147084;76462;12;0;252;21;0;;;-148
8;867;REFRIG COCA COLA ZERO LT 310ML C6;BEBIDAS;79207;11/06/2026;147084;76462;6;0;6;1;0;;;4
8;647;WHISKY GREEN VALLEY VD 1L;BEBIDAS;79207;11/06/2026;147084;76462;1;0;1;0;0;12/06/2026;JESSICA;4
8;2862;MASSA C OVOS GERMANI 500G MACARRAO;MERCEARIA;79207;11/06/2026;147084;76462;20;39;20;1;0;11/06/2026;AUGUSTO;2
8;2908;MASSA C OVOS ISABELA 500G LINGUINE;MERCEARIA;79207;11/06/2026;147084;76462;16;56;16;1;0;11/06/2026;AUGUSTO;30
11;207;CERV SCHIN PILSEN LT 473ML;BEBIDAS;79209;11/06/2026;147277;76578;12;0;72;6;0;;;5023
11;4564;CARGA MACH 3 2UN CARBONO;PERFUMARIA E LIMPEZA;79209;11/06/2026;147085;76456;12;10;12;0;0;12/06/2026;JOCELAINE;5
11;830;REFRIG SPRITE PET 2L;BEBIDAS;79209;11/06/2026;147085;76456;8;3;8;1;0;;;337
11;78;AGUA SABORIZ H2OH PET 500ML LIMAO;BEBIDAS;79209;11/06/2026;147085;76456;12;24;12;1;0;;;0
11;648;WHISKY MASTER GOLD VD 900ML;BEBIDAS;79209;11/06/2026;147085;76456;1;307;2;2;2;11/06/2026;JESSICA;12
11;1426;CHOC BIS XTRA BLACK CHOCOLATE 45G;MERCEARIA;79209;11/06/2026;147085;76456;24;0;24;0;0;11/06/2026;JESSICA;22
11;1845;DROPS FREEGELLS 27 9G EUCALIPTO;MERCEARIA;79209;11/06/2026;147085;76456;12;0;12;0;0;11/06/2026;JESSICA;-12
11;3431;SOPA GALINHA MAGGI 60G FIDELINI;MERCEARIA;79209;11/06/2026;147085;76456;10;40;20;0;0;11/06/2026;JESSICA;0
11;4256;AP PRESTOBARBA ULTRAGRIP 3L CART2UN;PERFUMARIA E LIMPEZA;79209;11/06/2026;147085;76456;1;1;1;0;0;12/06/2026;JOCELAINE;0
11;152;CERV BRAHMA CHOPP LT 473ML;BEBIDAS;79209;11/06/2026;148649;76456;12;48;120;10;0;;;458
11;7801;SABAO BARRA YPE 900G M ATI PERF AZ;PERFUMARIA E LIMPEZA;79209;11/06/2026;147085;76456;12;180;12;1;0;;;15
11;144;CERV AMSTEL LAGER LT 473ML;BEBIDAS;79209;11/06/2026;147085;76456;12;8733;1440;120;0;;;1544
11;5742;ENERG MONSTER LT 473ML FIESTA MANGO;BEBIDAS;79209;11/06/2026;147085;76456;6;6;6;1;0;;;22
11;639;SUCO DEL VALLE LT 290ML UVA;BEBIDAS;79209;11/06/2026;147085;76456;6;6;6;1;0;;;13
11;20;REFRE PO TRINK 15G GUARANA;BEBIDAS;79209;11/06/2026;147085;76456;150;8100;150;1;0;;;373
11;18763;FRALDA DESC MILI GIGA M C 88 C 88 M;PERFUMARIA E LIMPEZA;79209;11/06/2026;147085;76456;4;24;4;1;0;;;6
11;15723;CERA LIQ ANDREIA 750ML INCOLOR;PERFUMARIA E LIMPEZA;79209;11/06/2026;147085;76456;12;135;12;1;0;;;5
11;20107;LIMP PES AJAX FRESH 1L LIMAO;PERFUMARIA E LIMPEZA;79209;11/06/2026;147085;76456;12;108;12;1;0;;;10
11;5691;DETERG YPE 500 ML CLEAR;PERFUMARIA E LIMPEZA;79209;11/06/2026;147085;76456;24;-48;24;1;0;;;43
11;824;REFRIG PEPSI PET 2L BLACK;BEBIDAS;79209;11/06/2026;147085;76456;8;0;8;1;0;;;197
11;221;VH COUNTRY WINE TINTO 750ML SC;BEBIDAS;79209;11/06/2026;147085;76456;6;96;6;1;0;;;14
11;15;AGUA SABORIZ H2OH PET 1 5L LIMONETO;BEBIDAS;79209;11/06/2026;147085;76456;6;54;6;1;0;;;8
11;3384;CALDO GALINHA APTI 57G;MERCEARIA;79209;11/06/2026;147085;76456;120;0;120;0;0;11/06/2026;JESSICA;66
11;33255;REFRIG CHARRUA PET 3L GUARANA;BEBIDAS;79209;11/06/2026;147085;76456;6;0;246;41;0;;;240
11;774;REFRIG FRUKI PET 200ML UVA;BEBIDAS;79209;11/06/2026;147085;76456;12;12;12;1;0;;;1
11;840;REFRIG PEPSI PET 3L;BEBIDAS;79209;11/06/2026;147085;76456;4;55;132;33;0;;;9
11;1982;CAPUCCINO PRONTO 3C 260ML PINGADO;MERCEARIA;79209;11/06/2026;147085;76456;6;0;6;1;0;;;10
11;1741;CHICLE FREEGELLS GUM 8G ORIGINAL MINT;MERCEARIA;79209;11/06/2026;147085;76456;15;0;15;0;0;11/06/2026;JESSICA;6
11;812;REFRIG FANTA UVA PET 2L;BEBIDAS;79209;11/06/2026;147085;76456;8;0;64;8;0;;;15
11;847;REFRIG COCA COLA PET 600ML;BEBIDAS;79209;11/06/2026;147085;76456;12;0;312;26;0;;;2
11;770;REFRIG FRUKI PET 200ML LARANJA;BEBIDAS;79209;11/06/2026;147085;76456;12;11;12;1;0;;;3
11;5856;ESC DENTAL SORRISO DURA;PERFUMARIA E LIMPEZA;79209;11/06/2026;147085;76456;12;0;48;4;4;12/06/2026;JOCELAINE;33
11;36245;CHOC BARRA NESTLE RECH 90G PRESTIG;MERCEARIA;79209;11/06/2026;147085;76456;14;0;14;0;0;11/06/2026;JESSICA;24
11;6841;LIMP MULTI USO AJAX BQ FLORES 500ML FLORES LAVANDA;PERFUMARIA E LIMPEZA;79209;11/06/2026;147085;76456;12;11;12;1;0;;;4
11;8754;VINHO JOTA PE 1 5L TTO SECO;BEBIDAS;79209;11/06/2026;147085;76456;6;6;6;1;0;;;5
11;664;SUCO KAPO 200ML UVA;BEBIDAS;79209;11/06/2026;147085;76456;12;1033;12;1;0;;;72
11;1397;CHOC NESTLE CHOKITO 32G UN;MERCEARIA;79209;11/06/2026;147085;76456;30;0;30;0;0;11/06/2026;JESSICA;34
11;3400;BARRA CEREAL RITTER 25G BAN AVEIA MEL;MERCEARIA;79209;11/06/2026;147085;76456;24;0;24;0;0;11/06/2026;JESSICA;43
11;17108;DES SANIT HIGISOLPAST AD LAV 9G C 4 PROM;PERFUMARIA E LIMPEZA;79209;11/06/2026;147085;76456;24;0;24;0;0;12/06/2026;JOCELAINE;0
11;1400;CHOC CARIBE GAROTO 28G CANDYBAR;MERCEARIA;79209;11/06/2026;147085;76456;30;570;60;0;0;11/06/2026;JESSICA;21
11;5682;DET LIQ GOTA LIMPA 500ML NEUTRO;PERFUMARIA E LIMPEZA;79209;11/06/2026;147085;76456;24;8915;48;2;0;;;-83
11;33265;REFRIG FRUKI GUAR ZR PET 3L GUARANA ZERO;BEBIDAS;79209;11/06/2026;147085;76456;4;12;4;1;0;;;71
11;417;BEB VIT BALY KIDS LT 220ML LARANJA;BEBIDAS;79209;11/06/2026;147085;76456;6;0;6;1;0;;;29
11;1623;BISC LANCHE BAUDUCCO 30G MAXI GOIABINHA;MERCEARIA;79209;11/06/2026;147085;76456;20;240;20;1;1;11/06/2026;JESSICA;28
11;1748;CHICLE FREEGELLS GUM 8G HORTELA;MERCEARIA;79209;11/06/2026;147085;76456;15;0;15;0;0;11/06/2026;JESSICA;2
11;1983;CAPPUCCINO PRONTO 3C 260ML CLASSIC;MERCEARIA;79209;11/06/2026;147085;76456;6;12;6;0;0;11/06/2026;JESSICA;6
11;33266;REFRIG FRUKI PET 3 L LARANJA;BEBIDAS;79209;11/06/2026;147085;76456;4;12;4;1;0;;;89
12;2317;FEIJAO CARIOCA SERRA URUGUAI 1KG;MERCEARIA;79211;11/06/2026;147086;76457;30;454;120;4;0;;;27
12;2698;KIMILHO YOKI 500G FLOCAO;MERCEARIA;79211;11/06/2026;147086;76457;12;7;12;1;0;;;0
12;37033;FAROFA ROCHA 400G TRAD;MERCEARIA;79211;11/06/2026;147086;76457;10;9;10;1;0;;;-4
12;2283;CANJICA BCA JUREIA 400G;MERCEARIA;79211;11/06/2026;147086;76457;12;84;48;4;0;;;48
12;824;REFRIG PEPSI PET 2L BLACK;BEBIDAS;79211;11/06/2026;147086;76457;8;0;8;1;0;;;80
12;825;REFRIG PEPSI PET 2L;BEBIDAS;79211;11/06/2026;147086;76457;8;663;8;1;0;;;123
12;815;REFRIG FRUKI PET 2L GUARANA GUARANA;BEBIDAS;79211;11/06/2026;147086;76457;6;0;6;1;0;;;9
12;34587;SAL GROSSO SOUTO 1KG;MERCEARIA;79211;11/06/2026;147086;76457;30;93;30;1;0;;;14
12;2681;FARINHA MANDIOCA YOKI 500G TORRADA;MERCEARIA;79211;11/06/2026;147086;76457;24;24;24;1;0;;;42
12;2413;MILHO PIPOCA YOKI 400G TRAD;MERCEARIA;79211;11/06/2026;147086;76457;28;6537;28;1;0;;;37
12;3635;SAL MOIDO CBS 1KG;MERCEARIA;79211;11/06/2026;147086;76457;10;90;10;1;0;;;-17
13;17862;ESC SANIT BRISA S SUPORTE;PERFUMARIA E LIMPEZA;79213;11/06/2026;147087;76458;12;72;12;12;0;11/06/2026;FELIPE;7
13;2361;FEIJAO VERMELHO ARBAZA 500G;MERCEARIA;79213;11/06/2026;147087;76458;12;980;36;0;0;11/06/2026;MIKAEL;3
13;8442;SILICONE DESTAQUE AERO 400ML LAVANDA;PERFUMARIA E LIMPEZA;79213;11/06/2026;147087;76458;1;2;1;1;0;11/06/2026;FELIPE;8
13;20193;LIXA P PES DUPLA FACE;PERFUMARIA E LIMPEZA;79213;11/06/2026;147087;76458;1;0;1;1;0;11/06/2026;FELIPE;4
13;25106;VASSOURA JARDINEIRA S CABO;PERFUMARIA E LIMPEZA;79213;11/06/2026;147087;76458;1;19;9;9;0;11/06/2026;FELIPE;7
13;33649;SAB LIQ MADE IN BRAZIL 1L CEREJA;PERFUMARIA E LIMPEZA;79213;11/06/2026;147087;76458;12;1;12;0;0;11/06/2026;EVERTON;-8
14;38618;CREME DE PENTEAR SEDA BOOM DEF 1KG;PERFUMARIA E LIMPEZA;79215;11/06/2026;147088;76448;1;3;1;0;0;12/06/2026;JOCELAINE;0
14;2413;MILHO PIPOCA YOKI 400G TRAD;MERCEARIA;79215;11/06/2026;147088;76448;28;6537;140;5;0;;;-20
14;178;CERV KAISER LT 473ML;BEBIDAS;79215;11/06/2026;147088;76448;12;3;1368;114;0;;;616
14;43;AGUA MIN CRYSTAL PET 500ML S GAS;BEBIDAS;79215;11/06/2026;147088;76448;12;2233;12;1;0;;;356
14;5275;CR DENTAL TANDY 50G MORANGO;PERFUMARIA E LIMPEZA;79215;11/06/2026;147088;76448;12;48;12;0;0;12/06/2026;JOCELAINE;29
17;2115;ARROZ BCO TRIVIAL TP2 2KG;MERCEARIA;79217;11/06/2026;147089;76459;15;183;30;2;0;;;15
17;2169;ARROZ BCO PILECCO TP1 5KG;MERCEARIA;79217;11/06/2026;147089;76459;6;35;36;6;0;;;18
17;2019;CANJIQUINHA JUREIA 500G;MERCEARIA;79217;11/06/2026;147089;76459;12;96;12;1;1;16/06/2026;ALEXSANDRO;23
17;37027;FAROFA ROCHA CASEIRA 300G TRAD;MERCEARIA;79217;11/06/2026;147089;76459;10;39;10;0;0;16/06/2026;ALEXSANDRO;9
17;2212;ARROZ PARBO PRATO FINO TP1 1KG;MERCEARIA;79217;11/06/2026;147089;76459;10;2;20;2;2;16/06/2026;ALEXSANDRO;10
17;867;REFRIG COCA COLA ZERO LT 310ML C6;BEBIDAS;79217;11/06/2026;147089;76459;6;0;6;1;0;;;2
17;25463;VODKA SPRITE ABSOLUT LT 269ML;BEBIDAS;79217;11/06/2026;147089;76459;6;0;12;2;0;;;-6
17;2739;FARINHA TRIGO PANFACIL PREM TP1 1KG TP1;MERCEARIA;79217;11/06/2026;147089;76459;10;44;10;1;0;;;204
17;2104;ARROZ BCO PRATO FINO TP1 2KG;MERCEARIA;79217;11/06/2026;147089;76459;5;0;35;6;6;16/06/2026;ALEXSANDRO;0
17;2317;FEIJAO CARIOCA SERRA URUGUAI 1KG;MERCEARIA;79217;11/06/2026;147089;76459;30;454;120;4;4;16/06/2026;ALEXSANDRO;44
17;896;REFRIG FANTA LARANJA LT 350ML;BEBIDAS;79217;11/06/2026;147089;76459;6;846;6;1;0;;;62
17;2747;FARINHA TRIGO ROSESOL 5KG;MERCEARIA;79217;11/06/2026;147089;76459;5;23;15;3;0;;;-10
17;2760;FARINHA TRIGO NORDESTE 5KG;MERCEARIA;79217;11/06/2026;147089;76459;5;502;5;1;0;;;24
17;2098;ARROZ BCO OESTE TP1 2KG;MERCEARIA;79217;11/06/2026;147089;76459;15;7;45;3;0;;;44
17;2348;FEIJAO PRETO ARBAZA TP1 1KG;MERCEARIA;79217;11/06/2026;147089;76459;30;9133;390;13;0;;;144
17;2325;FEIJAO PRETO ARBAZA PREMIUM 500G;MERCEARIA;79217;11/06/2026;147089;76459;12;2136;120;10;0;;;224
17;2696;FARINHA MILHO PERDIZ 1KG MEDIA;MERCEARIA;79217;11/06/2026;147089;76459;12;211;24;0;0;16/06/2026;ALEXSANDRO;-23
17;2361;FEIJAO VERMELHO ARBAZA 500G;MERCEARIA;79217;11/06/2026;147089;76459;12;980;48;0;0;16/06/2026;ALEXSANDRO;-1
17;2737;FARINHA TRIGO ROSESOL 1KG;MERCEARIA;79217;11/06/2026;147089;76459;10;2671;200;20;0;;;303
17;2084;ARROZ BCO REQUINTE TP1 1KG;MERCEARIA;79217;11/06/2026;147089;76459;30;58;270;12;0;;;36
17;2136;ARROZ BCO JATAI TP3 5KG;MERCEARIA;79217;11/06/2026;147089;76459;6;63;36;6;0;;;17
17;7377;PAPEL TOALHA MILI 3UN;PERFUMARIA E LIMPEZA;79217;11/06/2026;147089;76459;4;8;36;0;0;12/06/2026;WILLIAN MATEUS;30
17;20809;MILHO GRAO SAUDAVEL 5KG;PRODUTOS PET;79217;11/06/2026;147089;76459;5;0;5;1;0;;;11
17;16593;CORT UNHA INOX PREMIUM 5 2CM 1PC;PERFUMARIA E LIMPEZA;79217;11/06/2026;147089;76459;1;13;1;0;0;11/06/2026;FELIPE;4
17;767;REFRIG FRUKI COLA PET 200ML COLA;BEBIDAS;79217;11/06/2026;147089;76459;12;11;12;1;0;;;82
17;328;BEB ADES TP 200ML PESSEGO;BEBIDAS;79217;11/06/2026;147089;76459;6;0;6;1;0;;;0
17;2165;ARROZ BCO PILECCO SUPER ECCO TP1 5K;MERCEARIA;79217;11/06/2026;147089;76459;6;234;30;5;0;;;12
17;12082;TRIPA SECA JD BOV 9M;PERECIVEIS;79225;11/06/2026;147093;76459;10;128;10;1;1;16/06/2026;ALEXSANDRO;52
17;20454;MANG DUOCOLOR 10MTS;NAO ALIMENTO;79251;11/06/2026;147107;76570;1;214;2;0;0;;;1
18;25106;VASSOURA JARDINEIRA S CABO;PERFUMARIA E LIMPEZA;79219;11/06/2026;147090;76463;1;19;3;0;0;11/06/2026;FELIPE;8
18;102;CERV ANTARCTICA SUBZERO GF 1L;BEBIDAS;79219;11/06/2026;147090;76463;12;444;12;1;0;;;24
18;22703;RAC DODOG ORIG ALL DAY 5K;PRODUTOS PET;79219;11/06/2026;147090;76463;1;381;10;10;0;15/06/2026;ELIAS;6
18;52;AGUA MIN FLORESTA PET 5L S GAS;BEBIDAS;79219;11/06/2026;147090;76463;4;-5;40;10;0;;;-20
1;6787;LEITE LV ELEGE 1L ZERO LAC SEMI DES;PERECIVEIS;79563;12/06/2026;148564;77080;12;900;24;2;0;;;60
1;6795;LEITE UHT TIROL 1L ZERO LAC;PERECIVEIS;79563;12/06/2026;148564;77080;12;0;12;1;0;;;-10
1;5806;ESC DENTAL COLGATE ESSENCIAL CLEAN PACK 06UN;PERFUMARIA E LIMPEZA;79591;12/06/2026;148578;77080;6;6;6;0;0;12/06/2026;JOCELAINE;8
1;2382;LENTILHA YOKI TP2 400G;MERCEARIA;79591;12/06/2026;148578;77080;16;485;48;3;3;16/06/2026;ALEXSANDRO;15
1;12531;AP GILLETTE PROBAK C 2;PERFUMARIA E LIMPEZA;79591;12/06/2026;148578;77080;14;0;14;0;0;12/06/2026;JOCELAINE;41
1;2747;FARINHA TRIGO ROSESOL 5KG;MERCEARIA;79591;12/06/2026;148578;77080;5;23;5;0;0;16/06/2026;ALEXSANDRO;1
1;8427;SH350 COND PANTENE 175ML LISO;PERFUMARIA E LIMPEZA;79591;12/06/2026;148578;77080;6;132;6;1;1;12/06/2026;JESSICA;5
1;15622;CATCHUP BISN KETDOG 1K;MERCEARIA;79591;12/06/2026;148578;77080;12;408;12;0;0;13/06/2026;JESUS;1
1;2018;CAFE VACUO MELITTA 500G TRAD;MERCEARIA;79591;12/06/2026;148578;77080;20;439;20;1;1;13/06/2026;JESUS;4
1;207;CERV SCHIN PILSEN LT 473ML;BEBIDAS;79591;12/06/2026;148578;77080;12;0;12;1;0;;;116
1;4598;CERV ITAIPAVA MALZBIER LT 350ML;BEBIDAS;79591;12/06/2026;148578;77080;12;4560;24;2;0;;;572
1;1395;CHOC NESTLE PRESTIGIO 33G UN;MERCEARIA;79591;12/06/2026;148578;77080;30;0;30;1;0;12/06/2026;PAMELA;10
1;2302;FEIJAO BRANCO CALDO OURO 500G;MERCEARIA;79591;12/06/2026;148578;77080;10;865;10;1;1;16/06/2026;ALEXSANDRO;1
1;31471;MAIONESE BISN VAL PET 930G;MERCEARIA;79591;12/06/2026;148578;77080;9;243;9;0;0;13/06/2026;JESUS;0
1;918;MOLHO TOM FUGINI TRAD SH 1 7KG;MERCEARIA;79591;12/06/2026;148578;77080;6;10;6;0;0;13/06/2026;JESUS;0
1;33265;REFRIG FRUKI GUAR ZR PET 3L GUARANA ZERO;BEBIDAS;79591;12/06/2026;148578;77080;4;12;4;1;0;;;16
1;734;REFRIG COCA COLA LT 220ML;BEBIDAS;79591;12/06/2026;148578;77080;6;6;12;2;0;;;-4
1;33371;MIST P BOLO APTI 380G CHOC E COCO;MERCEARIA;79591;12/06/2026;148578;77080;12;58;12;0;0;13/06/2026;JESUS;-11
1;1896;DROPS FREEGELLS 27 6G MENTA CHOC;MERCEARIA;79591;12/06/2026;148578;77080;12;2;12;1;0;12/06/2026;PAMELA;-1291
1;16593;CORT UNHA INOX PREMIUM 5 2CM 1PC;PERFUMARIA E LIMPEZA;79591;12/06/2026;148578;77080;1;13;1;1;0;12/06/2026;SAMUEL;4
1;20810;MILHO PIPOCA ARBAZA PREMIUM 400G;MERCEARIA;79591;12/06/2026;148578;77080;12;32;12;1;0;;;4
1;21119;MOLHO TOM TARANTELLA TRAD 1 7KG;MERCEARIA;79591;12/06/2026;148578;77080;6;4;6;1;0;;;3
1;903;REFRIG PEPSI BLACK LT 350ML;BEBIDAS;79591;12/06/2026;148578;77080;12;-36;12;1;0;;;5
1;38572;ERVILHA PARTIDA JUREIA 400G;MERCEARIA;79591;12/06/2026;148578;77080;6;4614;60;10;10;16/06/2026;ALEXSANDRO;0
1;37261;ERVA MATE LEAO VACUO 1KG;MERCEARIA;79591;12/06/2026;148578;77080;10;10;10;0;0;16/06/2026;ALEXSANDRO;10
1;2027;CAFE VACUO MELITTA 250G EXTRA FORTE;MERCEARIA;79591;12/06/2026;148578;77080;20;200;20;1;1;13/06/2026;JESUS;3
1;33255;REFRIG CHARRUA PET 3L GUARANA;BEBIDAS;79591;12/06/2026;148578;77080;6;0;6;1;0;;;24
1;35;AGUA MIN DA PEDRA PET 500ML S GAS;BEBIDAS;79591;12/06/2026;148578;77080;12;10;12;1;0;;;1
1;23217;SAL REFINADO EX GARCA 1K;MERCEARIA;79591;12/06/2026;148578;77080;10;2600;10;1;1;16/06/2026;ALEXSANDRO;20
1;2724;LEITE PO ELEGE INTEGRAL SH 400G;MERCEARIA;79591;12/06/2026;148578;77080;25;1025;25;0;0;13/06/2026;JESUS;14
1;982;MOSTARDA MOSTARDOG BD 3KG;MERCEARIA;79591;12/06/2026;148578;77080;6;6;6;1;1;13/06/2026;JESUS;6
1;2589;GOIABADA VAL 1 100KG;MERCEARIA;79591;12/06/2026;148578;77080;12;45;12;0;0;13/06/2026;JESUS;1
1;812;REFRIG FANTA UVA PET 2L;BEBIDAS;79591;12/06/2026;148578;77080;8;0;8;1;0;;;0
1;49;AGUA MIN FLORESTA PET 500ML S GAS;BEBIDAS;79728;12/06/2026;148844;77273;12;108463;1020;85;85;12/06/2026;WENDRIO;1699
1;2028;CAFE VACUO MELITTA 250G TRAD;MERCEARIA;79771;12/06/2026;148950;77315;20;840;40;0;0;12/06/2026;CAROLINA;9
1;2027;CAFE VACUO MELITTA 250G EXTRA FORTE;MERCEARIA;79771;12/06/2026;148950;77315;20;200;40;2;2;12/06/2026;CAROLINA;3
1;2018;CAFE VACUO MELITTA 500G TRAD;MERCEARIA;79771;12/06/2026;148950;77315;20;439;40;0;0;12/06/2026;CAROLINA;4
1;2020;CAFE VACUO MELITTA 500G EXTRA FORTE;MERCEARIA;79771;12/06/2026;148950;77315;20;360;40;0;0;12/06/2026;CAROLINA;2
1;2382;LENTILHA YOKI TP2 400G;MERCEARIA;79831;12/06/2026;149107;77357;16;485;160;10;0;13/06/2026;GUILHERME B;15
1;747;ACUCAR CRISTAL GASPARIN 2KG;MERCEARIA;79884;12/06/2026;149233;77511;15;75;150;10;10;13/06/2026;AUGUSTO;42
1;746;ACUCAR CRISTAL GASPARIN 1KG;MERCEARIA;79884;12/06/2026;149233;77511;10;0;20;2;0;13/06/2026;ALEXANDRE;5
1;38544;AZEITONA VERDE RIVOLI C CAROCO 500G;MERCEARIA;79950;12/06/2026;149332;77488;12;1512;24;2;0;;;0
1;38548;AZEITONA FATIADA RIVOLI 1 01KG;MERCEARIA;79950;12/06/2026;149332;77488;6;486;6;1;0;;;0
1;38546;AZEITONA RIVOLI C CAROCO 1 01KG;MERCEARIA;79950;12/06/2026;149332;77488;6;738;12;2;0;;;0
1;38547;AZEITONA S CAROCO RIVOLI 1 01KG;MERCEARIA;79950;12/06/2026;149332;77488;6;180;6;1;0;;;0
1;571;REPOS POWERADE 500ML UVA;BEBIDAS;79980;12/06/2026;149366;77511;6;64;18;0;0;16/06/2026;FERNANDO.H;14
1;3994;ALIM CAO DOG CHOW100G SACHE TOD TAM CARNE ADULTO;PRODUTOS PET;80013;12/06/2026;149448;77582;15;1335;75;0;0;15/06/2026;JOCELAINE;2
1;3848;ARROZ BCO BOM GOSTO TP1 5KG BOM GOSTO;MERCEARIA;80049;12/06/2026;149532;77582;6;3660;18;3;3;15/06/2026;EVERTON;55
1;2396;MILHO VERDE OLE LT 170G;MERCEARIA;80049;12/06/2026;149532;77582;24;1690;120;5;5;16/06/2026;MARCOS M;4
1;193;CERV PROVINCIA PILSEN PREM LT 473ML;BEBIDAS;80049;12/06/2026;149532;77582;12;16510;120;10;10;16/06/2026;ALEX JARDIM;17
1;981;OLEO SOJA SOYA PET 900ML;MERCEARIA;80049;12/06/2026;149532;77582;20;29600;200;10;10;16/06/2026;MARCOS M;161
1;34979;SAB MARAN SUAVE 80G AMENDOAS;PERFUMARIA E LIMPEZA;80049;12/06/2026;149532;77582;108;21391;216;2;2;15/06/2026;FERNANDO PAZ;115
1;34978;SAB MARAN SUAVE 80G ROSAS;PERFUMARIA E LIMPEZA;80049;12/06/2026;149532;77582;108;36147;216;1;1;15/06/2026;FERNANDO PAZ;90
1;34977;SAB MARAN SUAVE 80G PESSEGO;PERFUMARIA E LIMPEZA;80049;12/06/2026;149532;77582;108;24405;216;2;2;15/06/2026;FERNANDO PAZ;73
1;18466;FEIJAO PTO MORO TP1 1KG;MERCEARIA;80049;12/06/2026;149532;77582;30;12559;150;5;5;15/06/2026;EVERTON;36
1;34976;SAB MARAN SUAVE 80G ERVA DOCE;PERFUMARIA E LIMPEZA;80049;12/06/2026;149532;77582;108;25164;216;2;2;15/06/2026;FERNANDO PAZ;114
1;12452;AMEND BCO BELLA DICA 400G;MERCEARIA;80165;12/06/2026;149928;77721;12;8678;120;10;10;16/06/2026;WENDRIO;-1
1;5694;DETERG YPE 500ML CLEAR CARE;PERFUMARIA E LIMPEZA;80276;12/06/2026;149873;77736;24;552;72;3;0;15/06/2026;ALEX JARDIM;-1
1;5695;DETERG YPE 500ML COCO;PERFUMARIA E LIMPEZA;80276;12/06/2026;149873;77736;24;1104;72;3;0;15/06/2026;ALEX JARDIM;28
1;5698;DETERG YPE 500ML LIMAO;PERFUMARIA E LIMPEZA;80276;12/06/2026;149873;77736;24;816;72;3;0;15/06/2026;ALEX JARDIM;2
1;5692;DETERG YPE 500 ML NEUTRO;PERFUMARIA E LIMPEZA;80276;12/06/2026;149873;77736;24;1272;48;2;0;15/06/2026;ALEX JARDIM;10
2;6799;LEITE SANTA CLARA 1L ZERO LACTOSE;PERECIVEIS;79565;12/06/2026;148565;77100;12;12;24;2;0;;;25
2;12237;ACUCAR REFINADO GASPARIN 1KG;MERCEARIA;79593;12/06/2026;148579;77100;10;2203;70;7;0;;;97
2;2717;FARINHA TRIGO FIDALGA 1KG;MERCEARIA;79593;12/06/2026;148579;77100;10;50;40;4;0;;;14
2;1372;CHOC CROCANTE GAROTO 25G;MERCEARIA;79593;12/06/2026;148579;77100;30;0;30;1;0;;;36
2;13514;BLO LIXA P UNHA BONITTA;PERFUMARIA E LIMPEZA;79593;12/06/2026;148579;77100;1;0;2;0;0;13/06/2026;JESSICA;5
2;3802;PO P SORVETE APTI 120G ABACAXI;MERCEARIA;79593;12/06/2026;148579;77100;12;0;12;1;0;;;23
2;4256;AP PRESTOBARBA ULTRAGRIP 3L CART2UN;PERFUMARIA E LIMPEZA;79593;12/06/2026;148579;77100;1;1;2;0;0;13/06/2026;JESSICA;0
2;12173;ABS GERIAMAX POS PARTO OPERAT C 20;PERFUMARIA E LIMPEZA;79593;12/06/2026;148579;77100;6;168;6;1;0;;;0
2;5842;ESC DENTAL ORAL B COMPL LV2 PG1;PERFUMARIA E LIMPEZA;79593;12/06/2026;148579;77100;1;5;19;1;1;13/06/2026;JESSICA;25
2;4565;CARGA MACH 3 2UN SENSITIVE;PERFUMARIA E LIMPEZA;79593;12/06/2026;148579;77100;12;0;24;2;2;13/06/2026;JESSICA;3
2;34564;CREME JOAO E MARIA 40G P ASSADURA;PERFUMARIA E LIMPEZA;79593;12/06/2026;148579;77100;1;7;16;0;0;13/06/2026;JESSICA;4
2;964;OLEO LIZA GIRASSOL 900ML;MERCEARIA;79593;12/06/2026;148579;77100;20;60;20;1;0;;;14
2;21119;MOLHO TOM TARANTELLA TRAD 1 7KG;MERCEARIA;79593;12/06/2026;148579;77100;6;4;6;1;0;;;0
2;1983;CAPPUCCINO PRONTO 3C 260ML CLASSIC;MERCEARIA;79593;12/06/2026;148579;77100;6;12;6;1;0;;;9
2;4258;AP PROBAK II LV7 PG5;PERFUMARIA E LIMPEZA;79593;12/06/2026;148579;77100;1;457;74;0;0;13/06/2026;JESSICA;65
2;3680;LEITE COND TRIANGULO TP 395G;MERCEARIA;79593;12/06/2026;148579;77100;27;84;27;1;0;;;0
2;33759;ESCOVA P MAMADEIRA CABO PLASTICO;PERFUMARIA E LIMPEZA;79593;12/06/2026;148641;77100;1;4;1;0;0;13/06/2026;JESSICA;6
2;5840;ESC DENTAL ORAL B CLASSIC LV3 PG2;PERFUMARIA E LIMPEZA;79593;12/06/2026;148579;77100;6;0;6;0;0;13/06/2026;JESSICA;10
2;29708;CHOC BARRA LACTA LAKA 28G;MERCEARIA;79593;12/06/2026;148579;77100;12;0;12;1;0;;;35
2;3420;CALDO KNORR 57G LEGUMES;MERCEARIA;79593;12/06/2026;148579;77100;10;0;10;1;0;;;0
2;2991;ACUCAR MASCAVO CBS 500G;MERCEARIA;79593;12/06/2026;148579;77100;20;0;20;1;0;;;11
2;7241;ESC DENTAL ORAL B INDICA BLACK L2P1;PERFUMARIA E LIMPEZA;79593;12/06/2026;148579;77100;12;168;24;0;0;13/06/2026;JESSICA;-1
2;6125;FRALDA CONFORTSEC PAMPERS XG 34UN;PERFUMARIA E LIMPEZA;79593;12/06/2026;148579;77100;4;0;4;4;0;;;2
2;3431;SOPA GALINHA MAGGI 60G FIDELINI;MERCEARIA;79593;12/06/2026;148579;77100;10;40;10;0;0;;;6
2;3363;CALDO APTI 19G CARNE;MERCEARIA;79593;12/06/2026;148579;77100;24;0;72;3;0;;;3
2;21137;MOLUSC MADELESMA RES UMED LESMAS 250G;PERFUMARIA E LIMPEZA;79593;12/06/2026;148579;77100;4;0;4;0;0;13/06/2026;JESSICA;-4
2;7490;POMADA NUGGET 36G PRETA;PERFUMARIA E LIMPEZA;79593;12/06/2026;148579;77100;12;0;12;0;0;13/06/2026;JESSICA;47
2;3512;FERM PO BIOL GOOD INSTANT SH 10G;MERCEARIA;79593;12/06/2026;148579;77100;30;0;60;2;0;;;52
2;12531;AP GILLETTE PROBAK C 2;PERFUMARIA E LIMPEZA;79593;12/06/2026;148579;77100;14;0;14;0;0;13/06/2026;JESSICA;44
2;2161;ARROZ BCO ALEGRETE TP1 5KG;MERCEARIA;79730;12/06/2026;148845;77274;6;5652;180;30;0;12/06/2026;ALEXANDRE;290
2;228;CERV AMSTEL LAGER LN 355ML;BEBIDAS;79982;12/06/2026;149367;77512;12;300;60;0;0;16/06/2026;E.RODRIGUES;0
2;796;REFRIG COCA COLA E FANTA GUARANA 2L;BEBIDAS;79982;12/06/2026;149367;77512;2;78;14;7;0;13/06/2026;ALEXSANDRO;97
2;741;REFRIG COCA COLA PET ZERO 1 5L;BEBIDAS;79982;12/06/2026;149367;77512;8;64;16;0;0;16/06/2026;E.RODRIGUES;5
2;566;REPOS POWERADE 500ML FTAS TROPICAIS;BEBIDAS;79982;12/06/2026;149367;77512;6;70;12;0;0;16/06/2026;E.RODRIGUES;58
2;4048;ALIM GATO FRISKIES 85G FRANGO MOLHO;PRODUTOS PET;80015;12/06/2026;149449;77583;15;735;75;0;0;;;261
2;4047;ALIM GATO FRISKIES 85G FILHO CARN MOLH;PRODUTOS PET;80015;12/06/2026;149449;77583;15;495;75;0;0;;;262
2;37478;RACAO FRISKIES 850G MEGAMIX ADULTO;PRODUTOS PET;80015;12/06/2026;149449;77583;9;8;18;0;0;;;26
2;9996;PETISCO FRISKIES 40G FRANGO;PRODUTOS PET;80015;12/06/2026;149449;77583;15;31;15;0;0;;;-2
2;3994;ALIM CAO DOG CHOW100G SACHE TOD TAM CARNE ADULTO;PRODUTOS PET;80015;12/06/2026;149449;77583;15;1335;75;0;0;;;248
2;4046;ALIM GATO FRISKIES 85G CORDEIR AO MOLH;PRODUTOS PET;80015;12/06/2026;149449;77583;15;645;75;0;0;;;283
2;4053;ALIM GATO FRISKIES 85G SALMAO AO MOLHO;PRODUTOS PET;80015;12/06/2026;149449;77583;15;30;75;0;0;;;189
2;4042;RACAO FRISKIES 850G MEGAMIX AD CAST;PRODUTOS PET;80015;12/06/2026;149449;77583;9;0;9;0;0;;;1
2;4051;ALIM GATO FRISKIES 85G PEIXE BRANCO;PRODUTOS PET;80015;12/06/2026;149449;77583;15;1350;75;0;0;;;265
2;4045;ALIM GATO FRISKIES 85G CARNE AO MOLHO;PRODUTOS PET;80015;12/06/2026;149449;77583;15;315;75;0;0;;;265
2;18466;FEIJAO PTO MORO TP1 1KG;MERCEARIA;80051;12/06/2026;149533;77583;30;12559;300;0;0;;;228
2;311;VH TRADICAO TINTO 1 4L SV;BEBIDAS;80051;12/06/2026;149533;77583;6;7500;120;0;0;;;44
2;2396;MILHO VERDE OLE LT 170G;MERCEARIA;80051;12/06/2026;149533;77583;24;1690;360;0;0;;;148
2;307;VH TRADICAO NIAGARA BCO 1 4L SC;BEBIDAS;80051;12/06/2026;149533;77583;6;518;30;0;0;;;26
2;34978;SAB MARAN SUAVE 80G ROSAS;PERFUMARIA E LIMPEZA;80051;12/06/2026;149533;77583;108;36147;540;0;0;;;247
2;34979;SAB MARAN SUAVE 80G AMENDOAS;PERFUMARIA E LIMPEZA;80051;12/06/2026;149533;77583;108;21391;216;0;0;;;238
2;308;VH TRADICAO NIAGARA BCO 1 4L SV;BEBIDAS;80051;12/06/2026;149533;77583;6;810;30;0;0;;;17
2;3682;MIST LACTEA COND TRIANGULO TP 395G;MERCEARIA;80051;12/06/2026;149533;77583;27;2461;540;0;0;;;1723
2;34977;SAB MARAN SUAVE 80G PESSEGO;PERFUMARIA E LIMPEZA;80051;12/06/2026;149533;77583;108;24405;540;0;0;;;101
2;310;VH TRADICAO TINTO 1 4L SC;BEBIDAS;80051;12/06/2026;149533;77583;6;2022;60;0;0;;;10
2;34976;SAB MARAN SUAVE 80G ERVA DOCE;PERFUMARIA E LIMPEZA;80051;12/06/2026;149533;77583;108;25164;540;0;0;;;282
2;5698;DETERG YPE 500ML LIMAO;PERFUMARIA E LIMPEZA;80278;12/06/2026;149874;77737;24;816;120;5;0;13/06/2026;ALEXSANDRO;30
2;9299;DETERG YPE LIQ 5L NEUTRO;PERFUMARIA E LIMPEZA;80278;12/06/2026;149874;77737;4;16;4;1;0;13/06/2026;ALEXSANDRO;0
2;5693;DETERG YPE 500ML CAPIM LIMAO;PERFUMARIA E LIMPEZA;80278;12/06/2026;149874;77737;24;24;48;2;0;13/06/2026;ALEXSANDRO;44
2;5692;DETERG YPE 500 ML NEUTRO;PERFUMARIA E LIMPEZA;80278;12/06/2026;149874;77737;24;1272;240;10;0;13/06/2026;ALEXSANDRO;25
2;5694;DETERG YPE 500ML CLEAR CARE;PERFUMARIA E LIMPEZA;80278;12/06/2026;149874;77737;24;552;120;5;0;13/06/2026;ALEXSANDRO;68
2;9298;DETERG YPE LIQ 5L CLEAR;PERFUMARIA E LIMPEZA;80278;12/06/2026;149874;77737;4;4;8;2;0;13/06/2026;ALEXSANDRO;-4
2;5696;DETERG YPE 500ML MACA;PERFUMARIA E LIMPEZA;80278;12/06/2026;149874;77737;24;240;48;2;0;13/06/2026;ALEXSANDRO;0
2;5695;DETERG YPE 500ML COCO;PERFUMARIA E LIMPEZA;80278;12/06/2026;149874;77737;24;1104;120;5;0;13/06/2026;ALEXSANDRO;50
3;2413;MILHO PIPOCA YOKI 400G TRAD;MERCEARIA;79595;12/06/2026;148580;77088;28;6537;28;1;0;;;498
3;34287;CHOC BIBS STICKS 29G AVELA;MERCEARIA;79595;12/06/2026;148580;77088;16;0;16;0;0;12/06/2026;PAMELA;11
3;3802;PO P SORVETE APTI 120G ABACAXI;MERCEARIA;79595;12/06/2026;148580;77088;12;0;24;2;2;12/06/2026;PAMELA;38
3;8966;CARVAO CHAMA CAMPEIRA 5KG;NAO ALIMENTO;79595;12/06/2026;148580;77088;1;0;1;1;0;;;-19
3;8001;SABONETE SENADOR 130G;PERFUMARIA E LIMPEZA;79595;12/06/2026;148580;77088;72;0;72;1;0;12/06/2026;PAMELA;24
3;17351;DET LIQ GOTA LIMPA 3L ORIG;PERFUMARIA E LIMPEZA;79595;12/06/2026;148642;77513;4;12;4;0;0;16/06/2026;ALEX JARDIM;-8
3;5295;CR PENT PANTENE 240G BAMBU;PERFUMARIA E LIMPEZA;79595;12/06/2026;148580;77088;12;12;24;2;2;12/06/2026;PAMELA;-1
3;5848;ESC DENTAL ORAL B KIDS MICKEY;PERFUMARIA E LIMPEZA;79595;12/06/2026;148580;77088;12;6;36;3;3;12/06/2026;PAMELA;8
3;15757;CERV IMPERIO PILSEN LT 473ML PURO MALTE;BEBIDAS;79595;12/06/2026;148580;77088;12;1806;12;1;0;;;1323
3;38201;MINI MAM LOLLY CLEAN 50ML F;PERFUMARIA E LIMPEZA;79595;12/06/2026;148580;77088;6;0;6;0;0;12/06/2026;PAMELA;0
3;5574;DESOD AERO OLD SPICE 124G LENHA;PERFUMARIA E LIMPEZA;79595;12/06/2026;148580;77088;12;12;12;0;0;12/06/2026;PAMELA;15
3;12173;ABS GERIAMAX POS PARTO OPERAT C 20;PERFUMARIA E LIMPEZA;79595;12/06/2026;148580;77088;6;168;6;1;0;12/06/2026;PAMELA;11
3;1421;CHOC BIS XTRA OREO BCO 45G;MERCEARIA;79595;12/06/2026;148580;77088;24;0;24;0;0;12/06/2026;PAMELA;22
3;12523;AP CORPO C 2;PERFUMARIA E LIMPEZA;79595;12/06/2026;148580;77088;12;54;12;1;1;12/06/2026;PAMELA;15
3;5840;ESC DENTAL ORAL B CLASSIC LV3 PG2;PERFUMARIA E LIMPEZA;79595;12/06/2026;148580;77088;6;0;6;0;0;12/06/2026;PAMELA;4
3;5842;ESC DENTAL ORAL B COMPL LV2 PG1;PERFUMARIA E LIMPEZA;79595;12/06/2026;148580;77088;1;5;22;12;12;12/06/2026;PAMELA;7
3;1426;CHOC BIS XTRA BLACK CHOCOLATE 45G;MERCEARIA;79595;12/06/2026;148580;77088;24;0;24;0;0;12/06/2026;PAMELA;7
3;3431;SOPA GALINHA MAGGI 60G FIDELINI;MERCEARIA;79595;12/06/2026;148580;77088;10;40;10;0;0;12/06/2026;PAMELA;-6
3;3805;PO P SORVETE APTI 120G CREME;MERCEARIA;79595;12/06/2026;148580;77088;12;0;36;3;3;12/06/2026;PAMELA;36
3;4256;AP PRESTOBARBA ULTRAGRIP 3L CART2UN;PERFUMARIA E LIMPEZA;79595;12/06/2026;148580;77088;1;1;1;0;0;12/06/2026;PAMELA;1
3;4264;AP VENUS SIMPLY LV4 PG3;PERFUMARIA E LIMPEZA;79595;12/06/2026;148580;77088;6;54;6;1;1;12/06/2026;PAMELA;8
3;5277;CR DENTAL TANDY 50G UVA;PERFUMARIA E LIMPEZA;79595;12/06/2026;148580;77088;12;0;12;0;0;12/06/2026;PAMELA;37
3;5032;COND PANTENE 175ML RESTAUR PROFUND;PERFUMARIA E LIMPEZA;79595;12/06/2026;148580;77088;6;4;6;1;1;12/06/2026;PAMELA;1
3;806;REFRIG FANTA LARANJA PET 2L;BEBIDAS;79595;12/06/2026;148623;77074;8;64;600;75;0;;;923
3;51;AGUA MIN CRYSTAL PET 5L S GAS;BEBIDAS;79595;12/06/2026;148580;77088;2;2;68;34;0;;;0
3;769;REFRIG FRUKI GUARANA PET 200ML GUARANA;BEBIDAS;79595;12/06/2026;148580;77088;12;96;72;6;0;;;12
3;19682;KIT DESOD AERO ABOVE C 2 150ML DERMA;PERFUMARIA E LIMPEZA;79595;12/06/2026;148580;77088;1;2;7;7;0;12/06/2026;PAMELA;3
3;3383;CALDO APTI 19G GALINHA;MERCEARIA;79595;12/06/2026;148580;77088;24;72;24;0;0;12/06/2026;PAMELA;74
3;5846;ESC DENTAL ORAL B INDICAT 30 L2P1;PERFUMARIA E LIMPEZA;79595;12/06/2026;148580;77088;6;0;24;3;3;12/06/2026;PAMELA;24
3;17293;DESOD ROLLON DOVE 50ML MAN INVISIBL D;PERFUMARIA E LIMPEZA;79595;12/06/2026;148580;77088;12;180;12;1;1;12/06/2026;PAMELA;9
3;5806;ESC DENTAL COLGATE ESSENCIAL CLEAN PACK 06UN;PERFUMARIA E LIMPEZA;79595;12/06/2026;148580;77088;6;6;6;0;0;12/06/2026;PAMELA;9
3;3807;PO P SORVETE APTI 120G MOR;MERCEARIA;79595;12/06/2026;148580;77088;12;0;12;1;1;12/06/2026;PAMELA;53
3;4565;CARGA MACH 3 2UN SENSITIVE;PERFUMARIA E LIMPEZA;79595;12/06/2026;148580;77088;12;0;12;1;1;12/06/2026;PAMELA;47
3;5258;CR DENTAL CLOSE UP 85G CARVAO ADIV;PERFUMARIA E LIMPEZA;79595;12/06/2026;148580;77088;12;0;12;0;0;12/06/2026;PAMELA;-2
3;762;REFRIG COCA COLA PET 200ML;BEBIDAS;79595;12/06/2026;148580;77088;12;-144;108;9;0;;;961
3;1843;DROPS FREEGELLS 27 9G CEREJA;MERCEARIA;79595;12/06/2026;148580;77088;12;0;12;0;0;12/06/2026;PAMELA;-2
3;633;VODKA TAIGA PREMIUM VD 1L;BEBIDAS;79595;12/06/2026;148580;77088;1;0;1;0;0;12/06/2026;PAMELA;8
3;7420;PEDRA SANIT HARPIC 20G LAVANDA LAVANDA;PERFUMARIA E LIMPEZA;79595;12/06/2026;148580;77088;36;180;36;1;1;12/06/2026;PAMELA;22
3;12531;AP GILLETTE PROBAK C 2;PERFUMARIA E LIMPEZA;79595;12/06/2026;148580;77088;14;0;14;0;0;12/06/2026;PAMELA;129
3;849;REFRIG COCA COLA PET 600ML ZERO;BEBIDAS;79595;12/06/2026;148580;77088;12;2127;204;17;0;;;111
3;43;AGUA MIN CRYSTAL PET 500ML S GAS;BEBIDAS;79595;12/06/2026;148580;77088;12;2233;36;3;0;;;2303
3;817;REFRIG FRUKI GUARANA ZR PET 2L GUARANA ZERO;BEBIDAS;79595;12/06/2026;148580;77088;6;10;24;4;0;;;-7
3;13401;BISC DOCE NESTLE CHOCO TRIO 90G AVELA;MERCEARIA;79835;12/06/2026;149109;77359;12;0;120;10;0;12/06/2026;AUGUSTO;4
3;1322;BISC DOCE NESTLE CHOCO TRIO 90G BONO MORANGO;MERCEARIA;79835;12/06/2026;149109;77359;12;0;96;8;0;12/06/2026;AUGUSTO;9
3;448;BEB SCHWEPPES LT 269ML GIN TONICA;BEBIDAS;79984;12/06/2026;149368;77513;6;15;30;5;0;;;88
3;2671;FARINHA MANDIOCA PINDUCA 500G;MERCEARIA;79984;12/06/2026;149368;77513;20;40;40;0;0;15/06/2026;MARCOS M;163
3;571;REPOS POWERADE 500ML UVA;BEBIDAS;79984;12/06/2026;149368;77513;6;64;6;0;0;16/06/2026;LUAN;231
3;656;SUCO DEL VALLE FRUT TP 1L UVA;BEBIDAS;79984;12/06/2026;149368;77513;6;36;18;0;0;16/06/2026;LUAN;18
3;2424;PIPOCA MICRO KISABOR 100G NATURAL C SAL;MERCEARIA;79984;12/06/2026;149368;77513;36;71;36;0;0;15/06/2026;MARCOS M;0
3;164;CERV EST GALICIA P MALTE LT 473ML;BEBIDAS;79984;12/06/2026;149368;77513;12;36;36;0;0;16/06/2026;LUAN;4156
3;646;SUCO DEL VALLE FRUT PET 1 5L UVA;BEBIDAS;79984;12/06/2026;149368;77513;6;67;18;0;0;16/06/2026;LUAN;88
3;37304;REFRIG FRUKI LAB PASSION LT 350ML;BEBIDAS;79984;12/06/2026;149368;77513;12;12;12;0;0;16/06/2026;LUAN;0
3;4339;BANH S CLOR CIF500ML ULTRA RAP DOYP;PERFUMARIA E LIMPEZA;79984;12/06/2026;149368;77513;15;0;30;2;2;16/06/2026;ALEX JARDIM;1
3;5742;ENERG MONSTER LT 473ML FIESTA MANGO;BEBIDAS;79984;12/06/2026;149368;77513;6;6;6;0;0;16/06/2026;LUAN;8
3;34306;REFRIG COCA COLA PET 1L;BEBIDAS;79984;12/06/2026;149368;77513;6;48;30;0;0;16/06/2026;LUAN;344
3;2454;TRIGO P KIBE YOKI 500G;MERCEARIA;79984;12/06/2026;149368;77513;12;72;72;0;0;15/06/2026;MARCOS M;-2
3;483;ENERG BALY LT 250ML LABELLAMAFIA;BEBIDAS;79984;12/06/2026;149368;77513;6;0;12;2;0;;;60
3;3186;SALG BIG MAIS 90G BACON TRAD;MERCEARIA;79984;12/06/2026;149368;77513;20;40;40;0;0;12/06/2026;BRUNO ANTUNES;-13
3;16;AGUA MIN CRYSTAL PET 1 5L S GAS;BEBIDAS;79984;12/06/2026;149368;77513;6;12;144;24;0;;;176
3;34582;ERVA TERERE BARAO 500G MENTA LIMAO;MERCEARIA;79984;12/06/2026;149368;77513;10;70;70;0;0;15/06/2026;MARCOS M;-13
3;566;REPOS POWERADE 500ML FTAS TROPICAIS;BEBIDAS;79984;12/06/2026;149368;77513;6;70;12;0;0;16/06/2026;LUAN;172
3;615;SUCO DEL VALLE TP 200ML PESSEGO;BEBIDAS;79984;12/06/2026;149368;77513;18;42;36;2;0;;;2
3;59;AGUA GASEIFICADA CRYSTAL PET 510ML FRUTAS VERMELHA;BEBIDAS;79984;12/06/2026;149368;77513;6;0;30;5;0;;;-130
3;228;CERV AMSTEL LAGER LN 355ML;BEBIDAS;79984;12/06/2026;149368;77513;12;300;96;0;0;16/06/2026;LUAN;26
3;21287;ODORIZ AMAZONIA 120ML LAVANDA INGLES;PERFUMARIA E LIMPEZA;79984;12/06/2026;149368;77513;12;0;36;3;3;16/06/2026;ALEX JARDIM;0
3;796;REFRIG COCA COLA E FANTA GUARANA 2L;BEBIDAS;79984;12/06/2026;149368;77513;2;78;20;0;0;15/06/2026;MARCOS M;162
3;13104;BAT PALHA BIG MAIS TRAD 80G;PERECIVEIS;79984;12/06/2026;149368;77513;40;120;120;0;0;12/06/2026;BRUNO ANTUNES;71
3;24686;TEMP MAGGI MEU SEGREDO AL CEB 49G;MERCEARIA;79984;12/06/2026;149368;77513;42;42;42;0;0;12/06/2026;JESSICA;0
3;758;REFRIG SPRITE PET 1 5L FRESH LIMAO;BEBIDAS;79984;12/06/2026;149368;77513;6;6;6;0;0;16/06/2026;LUAN;-1
3;1408;CHOC 5 STAR LACTA 40G;MERCEARIA;79984;12/06/2026;149368;77513;18;0;72;4;0;13/06/2026;JOCELAINE;17
3;584;SUCO COM TEM TP 1L UVA;BEBIDAS;79984;12/06/2026;149368;77513;12;0;84;7;0;;;-1
3;2717;FARINHA TRIGO FIDALGA 1KG;MERCEARIA;79984;12/06/2026;149368;77513;10;50;30;0;0;15/06/2026;MARCOS M;0
3;12421;AMACIANTE IMPERIAL 2L BABY;PERFUMARIA E LIMPEZA;79984;12/06/2026;149368;77513;6;30;30;0;0;16/06/2026;ALEX JARDIM;0
3;3996;ALIM CAO DOG CHOW100G SACHE TOD TAM FI RA PEQ FRAN;PRODUTOS PET;80017;12/06/2026;149450;77584;15;268;105;0;0;;;197
3;3995;ALIM CAO DOG CHOW100G SACHE TOD TAM CORDEIRO ADULT;PRODUTOS PET;80017;12/06/2026;149450;77584;15;48;75;0;0;;;109
3;4052;ALIM GATO FRISKIES 85G PERU AO MOLHO;PRODUTOS PET;80017;12/06/2026;149450;77584;15;0;45;0;0;;;50
3;4053;ALIM GATO FRISKIES 85G SALMAO AO MOLHO;PRODUTOS PET;80017;12/06/2026;149450;77584;15;30;300;0;0;;;19
3;3994;ALIM CAO DOG CHOW100G SACHE TOD TAM CARNE ADULTO;PRODUTOS PET;80017;12/06/2026;149450;77584;15;1335;75;0;0;;;91
3;4045;ALIM GATO FRISKIES 85G CARNE AO MOLHO;PRODUTOS PET;80017;12/06/2026;149450;77584;15;315;150;0;0;;;129
3;4048;ALIM GATO FRISKIES 85G FRANGO MOLHO;PRODUTOS PET;80017;12/06/2026;149450;77584;15;735;375;0;0;;;4
3;3997;ALIM CAO DOG CHOW100G SACHE TOD TAM FILHO TD CARNE;PRODUTOS PET;80017;12/06/2026;149450;77584;15;14;15;0;0;;;221
3;4047;ALIM GATO FRISKIES 85G FILHO CARN MOLH;PRODUTOS PET;80017;12/06/2026;149450;77584;15;495;150;0;0;;;24
3;37478;RACAO FRISKIES 850G MEGAMIX ADULTO;PRODUTOS PET;80017;12/06/2026;149450;77584;9;8;18;0;0;;;31
3;4046;ALIM GATO FRISKIES 85G CORDEIR AO MOLH;PRODUTOS PET;80017;12/06/2026;149450;77584;15;645;300;0;0;;;-50
3;3992;ALIM CAO DOG CHOW100G SACHE TOD TAM AD RA PEQ FRAN;PRODUTOS PET;80017;12/06/2026;149450;77584;15;105;75;0;0;;;118
3;4051;ALIM GATO FRISKIES 85G PEIXE BRANCO;PRODUTOS PET;80017;12/06/2026;149450;77584;15;1350;75;0;0;;;311
3;3993;ALIM CAO DOG CHOW100G SACHE TOD TAM AD RA PEQ SALM;PRODUTOS PET;80017;12/06/2026;149450;77584;15;1;120;0;0;;;188
3;9996;PETISCO FRISKIES 40G FRANGO;PRODUTOS PET;80017;12/06/2026;149450;77584;15;31;15;0;0;;;-16
3;308;VH TRADICAO NIAGARA BCO 1 4L SV;BEBIDAS;80053;12/06/2026;149535;77584;6;810;12;0;0;;;82
3;34978;SAB MARAN SUAVE 80G ROSAS;PERFUMARIA E LIMPEZA;80053;12/06/2026;149535;77584;108;36147;540;0;0;;;146
3;2396;MILHO VERDE OLE LT 170G;MERCEARIA;80053;12/06/2026;149535;77584;24;1690;480;0;0;;;135
3;34977;SAB MARAN SUAVE 80G PESSEGO;PERFUMARIA E LIMPEZA;80053;12/06/2026;149535;77584;108;24405;540;0;0;;;85
3;311;VH TRADICAO TINTO 1 4L SV;BEBIDAS;80053;12/06/2026;149535;77584;6;7500;240;0;0;;;71
3;2696;FARINHA MILHO PERDIZ 1KG MEDIA;MERCEARIA;80053;12/06/2026;149535;77584;12;211;120;0;0;;;1
3;34976;SAB MARAN SUAVE 80G ERVA DOCE;PERFUMARIA E LIMPEZA;80053;12/06/2026;149535;77584;108;25164;648;0;0;;;114
3;34979;SAB MARAN SUAVE 80G AMENDOAS;PERFUMARIA E LIMPEZA;80053;12/06/2026;149535;77584;108;21391;540;0;0;;;76
3;18466;FEIJAO PTO MORO TP1 1KG;MERCEARIA;80053;12/06/2026;149535;77584;30;12559;600;0;0;;;101
3;3393;COCO RALADO ZAM E BOM 100G UMIDO ADOCADO;MERCEARIA;80053;12/06/2026;149535;77584;50;1;100;0;0;;;59
3;307;VH TRADICAO NIAGARA BCO 1 4L SC;BEBIDAS;80053;12/06/2026;149535;77584;6;518;18;0;0;;;37
3;12452;AMEND BCO BELLA DICA 400G;MERCEARIA;80169;12/06/2026;149930;77723;12;8678;480;34;34;16/06/2026;GUILHERME B;13
4;6792;LEITE UHT PET ELEGE 1L INTEGRAL;PERECIVEIS;79569;12/06/2026;148567;77093;6;9296;6;1;0;;;52
4;6799;LEITE SANTA CLARA 1L ZERO LACTOSE;PERECIVEIS;79569;12/06/2026;148567;77093;12;12;12;1;0;;;-25
4;11245;GOIABADA STELLA KG;PERECIVEIS;79617;12/06/2026;148591;77093;7;574;7;1;0;;;12,946
4;6693;LAVA ROUPA BRILHANTE 3L DELICADEZA TOT;PERFUMARIA E LIMPEZA;79734;12/06/2026;148847;77276;4;108;8;2;2;12/06/2026;ALEX JARDIM;16
4;49;AGUA MIN FLORESTA PET 500ML S GAS;BEBIDAS;79734;12/06/2026;148847;77276;12;108463;2016;168;14;12/06/2026;ALEXSANDRO;101
4;15182;CAFE SOL NESCAFE MATINAL VD 200G;MERCEARIA;79837;12/06/2026;149110;77360;12;1;12;1;0;;;18
4;15194;CAFE SOL NESCAFE TRAD SH L40P36G;MERCEARIA;79837;12/06/2026;149110;77360;24;18;120;5;0;;;-17
4;15186;CAFE SOL NESCAFE ORIG SH L40P36G;MERCEARIA;79837;12/06/2026;149110;77360;24;0;120;5;0;;;17
4;2382;LENTILHA YOKI TP2 400G;MERCEARIA;79837;12/06/2026;149110;77360;16;485;160;10;0;;;123
4;2097;CAFE SOL NESCAFE SH 40G DOLCA;MERCEARIA;79837;12/06/2026;149110;77360;24;0;120;5;0;;;48
4;13403;BISC DOCE NESTLE CHOCO TRIO 90G PRESTIGIO;MERCEARIA;79837;12/06/2026;149110;77360;12;387;72;0;0;13/06/2026;JOCELAINE;8
4;15180;CAFE SOL NESCAFE MATINAL SH L40P36G;MERCEARIA;79837;12/06/2026;149110;77360;24;92;48;2;0;;;1
4;747;ACUCAR CRISTAL GASPARIN 2KG;MERCEARIA;79890;12/06/2026;149236;77514;15;75;300;20;20;15/06/2026;MARCOS M;150
4;38544;AZEITONA VERDE RIVOLI C CAROCO 500G;MERCEARIA;79956;12/06/2026;149335;77491;12;1512;24;2;2;13/06/2026;CAROLINA;0
4;741;REFRIG COCA COLA PET ZERO 1 5L;BEBIDAS;79986;12/06/2026;149369;77514;8;64;8;0;0;13/06/2026;JOSE ANTONIO;0
4;646;SUCO DEL VALLE FRUT PET 1 5L UVA;BEBIDAS;79986;12/06/2026;149369;77514;6;67;12;0;0;13/06/2026;JOSE ANTONIO;36
4;571;REPOS POWERADE 500ML UVA;BEBIDAS;79986;12/06/2026;149369;77514;6;64;12;0;0;13/06/2026;JOSE ANTONIO;98
4;602;SUCO DEL VALLE TP 1L ABACAXI;BEBIDAS;79986;12/06/2026;149369;77514;6;21;12;0;0;12/06/2026;JESSICA;4
4;448;BEB SCHWEPPES LT 269ML GIN TONICA;BEBIDAS;79986;12/06/2026;149369;77514;6;15;18;3;3;12/06/2026;JESSICA;36
4;867;REFRIG COCA COLA ZERO LT 310ML C6;BEBIDAS;79986;12/06/2026;149369;77514;6;0;12;0;0;12/06/2026;JESSICA;0
4;639;SUCO DEL VALLE LT 290ML UVA;BEBIDAS;79986;12/06/2026;149369;77514;6;6;6;0;0;12/06/2026;JESSICA;9
4;796;REFRIG COCA COLA E FANTA GUARANA 2L;BEBIDAS;79986;12/06/2026;149369;77514;2;78;10;5;0;13/06/2026;AUGUSTO;37
4;193;CERV PROVINCIA PILSEN PREM LT 473ML;BEBIDAS;80055;12/06/2026;149536;77585;12;16510;720;59;59;16/06/2026;ARIELI;732
4;2696;FARINHA MILHO PERDIZ 1KG MEDIA;MERCEARIA;80055;12/06/2026;149536;77585;12;211;48;4;4;15/06/2026;BRUNO ANTUNES;4
4;2396;MILHO VERDE OLE LT 170G;MERCEARIA;80055;12/06/2026;149536;77585;24;1690;144;6;6;16/06/2026;MARCOS M;41
4;310;VH TRADICAO TINTO 1 4L SC;BEBIDAS;80055;12/06/2026;149536;77585;6;2022;30;5;5;16/06/2026;ARIELI;14
4;3393;COCO RALADO ZAM E BOM 100G UMIDO ADOCADO;MERCEARIA;80055;12/06/2026;149536;77585;50;1;100;2;2;15/06/2026;JOCELAINE;99
4;981;OLEO SOJA SOYA PET 900ML;MERCEARIA;80055;12/06/2026;149536;77585;20;29600;400;20;20;16/06/2026;MARCOS M;1285
4;18466;FEIJAO PTO MORO TP1 1KG;MERCEARIA;80055;12/06/2026;149536;77585;30;12559;150;5;5;15/06/2026;BRUNO ANTUNES;29
4;34978;SAB MARAN SUAVE 80G ROSAS;PERFUMARIA E LIMPEZA;80055;12/06/2026;149536;77585;108;36147;216;2;2;15/06/2026;MONIQUE;11
4;3682;MIST LACTEA COND TRIANGULO TP 395G;MERCEARIA;80055;12/06/2026;149536;77585;27;2461;270;10;10;16/06/2026;MARCOS M;341
4;308;VH TRADICAO NIAGARA BCO 1 4L SV;BEBIDAS;80055;12/06/2026;149536;77585;6;810;12;2;2;16/06/2026;ARIELI;33
4;34977;SAB MARAN SUAVE 80G PESSEGO;PERFUMARIA E LIMPEZA;80055;12/06/2026;149536;77585;108;24405;216;1;1;15/06/2026;MONIQUE;434
4;144;CERV AMSTEL LAGER LT 473ML;BEBIDAS;80055;12/06/2026;149536;77585;12;8733;240;20;20;16/06/2026;ARIELI;368
4;2569;MOLHO TOM POMODORO SH 300G TRAD;MERCEARIA;80055;12/06/2026;149536;77585;24;12063;120;5;5;16/06/2026;MARCOS M;254
4;11245;GOIABADA STELLA KG;PERECIVEIS;80055;12/06/2026;149536;77585;7;574;7;0;0;15/06/2026;JOCELAINE;12,946
4;34976;SAB MARAN SUAVE 80G ERVA DOCE;PERFUMARIA E LIMPEZA;80055;12/06/2026;149536;77585;108;25164;216;2;2;15/06/2026;MONIQUE;39
4;2697;FARINHA MILHO PERDIZ 1KG GROSSA;MERCEARIA;80055;12/06/2026;149536;77585;12;32;12;0;0;15/06/2026;BRUNO ANTUNES;4
4;34979;SAB MARAN SUAVE 80G AMENDOAS;PERFUMARIA E LIMPEZA;80055;12/06/2026;149536;77585;108;21391;216;2;2;15/06/2026;MONIQUE;60
5;6781;LEITE LV EDGE ELEGE 1L INTEGRAL;PERECIVEIS;79571;12/06/2026;148568;77090;12;108;24;2;0;;;597
5;13;AGUA MIN CRYSTAL PET 1 5L C GAS;BEBIDAS;79597;12/06/2026;148581;77090;6;0;6;1;0;;;4
5;389;ENERG MONSTER LT 473ML GREEN;BEBIDAS;79597;12/06/2026;148581;77090;6;1384;6;1;0;;;30
5;37260;FRALDA PAMPERS PREMIUM CARE RN 36UN;PERFUMARIA E LIMPEZA;79597;12/06/2026;148581;77090;4;36;8;0;0;13/06/2026;JOCELAINE;0
5;911;REFRIG ANTARCTICA GUARANA PET 200ML ZERO;BEBIDAS;79597;12/06/2026;148581;77090;12;0;12;1;0;;;4
5;1849;DROPS FREEGELLS 27 9G EXTRA FORTE;MERCEARIA;79597;12/06/2026;148581;77090;12;0;24;2;0;12/06/2026;JESSICA;-7
5;1742;CHICLE FREEGELLS GUM 8G EXTRA FORTE;MERCEARIA;79597;12/06/2026;148581;77090;15;8;30;2;0;12/06/2026;JESSICA;-28
5;1276;CHOC BARRA GAROTO 80G MEIO AMARGO;MERCEARIA;79597;12/06/2026;148581;77090;16;0;32;2;0;12/06/2026;JESSICA;66
5;6659;LAQUE AERO KARINA 250ML EXTRA FORTE;PERFUMARIA E LIMPEZA;79597;12/06/2026;148581;77090;12;9;12;0;0;13/06/2026;JOCELAINE;9
5;7490;POMADA NUGGET 36G PRETA;PERFUMARIA E LIMPEZA;79597;12/06/2026;148581;77090;12;0;12;1;0;13/06/2026;JOCELAINE;18
5;178;CERV KAISER LT 473ML;BEBIDAS;79597;12/06/2026;148581;77090;12;3;36;3;0;;;18
5;3680;LEITE COND TRIANGULO TP 395G;MERCEARIA;79597;12/06/2026;148581;77090;27;84;27;1;0;;;5
5;2717;FARINHA TRIGO FIDALGA 1KG;MERCEARIA;79597;12/06/2026;148581;77090;10;50;10;1;0;;;0
5;1269;CHOC BARRA LACTA 80G LAKA;MERCEARIA;79597;12/06/2026;148581;77090;17;0;34;2;0;12/06/2026;JESSICA;6
5;3516;FERM PO BIOL GOOD INSTANT SH 125G;MERCEARIA;79597;12/06/2026;148581;77090;12;0;12;1;0;12/06/2026;JESSICA;22
5;36101;CHOC BARRA NESTLE ALPINO 80G AO LEITE;MERCEARIA;79597;12/06/2026;148581;77090;64;8;64;1;0;12/06/2026;JESSICA;-46
5;647;WHISKY GREEN VALLEY VD 1L;BEBIDAS;79597;12/06/2026;148581;77090;1;0;1;1;0;12/06/2026;JESSICA;2
5;3872;CERV STELLA ARTOIS LT 473ML P GOLD;BEBIDAS;79597;12/06/2026;148581;77090;12;3283;12;1;0;;;34
5;33255;REFRIG CHARRUA PET 3L GUARANA;BEBIDAS;79597;12/06/2026;148581;77090;6;0;6;1;0;;;12
5;821;REFRIG FRUKI PET 2L LIMAO;BEBIDAS;79597;12/06/2026;148581;77090;6;11;6;1;0;;;11
5;3835;EXT TOM FUGINI SH 190G;MERCEARIA;79597;12/06/2026;148581;77090;36;1199;72;2;0;;;36
5;8523;SUCO DEL VALLE FRUT PET 450ML LARANJA;BEBIDAS;79597;12/06/2026;148581;77090;6;0;6;1;0;;;2
5;1843;DROPS FREEGELLS 27 9G CEREJA;MERCEARIA;79597;12/06/2026;148581;77090;12;0;12;1;0;12/06/2026;JESSICA;-12
5;3524;FERM QUIMICO PO FLEISCHMANN PT 100G;MERCEARIA;79597;12/06/2026;148581;77090;12;672;12;1;0;12/06/2026;JESSICA;9
5;24381;SIDRA GOTA PRATA 660ML ROSE;BEBIDAS;79597;12/06/2026;148581;77090;12;0;12;1;0;;;61
5;3414;BARRA CEREAL RITTER 22G CAST PARA;MERCEARIA;79597;12/06/2026;148581;77090;24;672;144;6;0;12/06/2026;JESSICA;159
5;37860;CHOC BARRA GAROTO RECH BATON 90G;MERCEARIA;79597;12/06/2026;148581;77090;14;10;14;1;0;12/06/2026;JESSICA;35
5;8256;SH MONANGE 325ML LISOS TE QUERO;PERFUMARIA E LIMPEZA;79597;12/06/2026;148581;77090;12;0;12;0;0;13/06/2026;JOCELAINE;2
5;4565;CARGA MACH 3 2UN SENSITIVE;PERFUMARIA E LIMPEZA;79597;12/06/2026;148581;77090;12;0;24;2;0;13/06/2026;JOCELAINE;12
5;6959;LIQUIDO NUGGET 60ML PROMO PRETO;PERFUMARIA E LIMPEZA;79597;12/06/2026;148581;77090;12;0;12;1;0;13/06/2026;JOCELAINE;23
5;3415;CREME LEITE ITALAC TP 200G;MERCEARIA;79597;12/06/2026;148581;77090;24;1008;24;1;0;;;-77
5;199;REFRE PO PROMIX 100G MARACUJA;BEBIDAS;79597;12/06/2026;148581;77090;18;0;18;1;0;;;0
5;35674;SAB IARA 300G;PERFUMARIA E LIMPEZA;79597;12/06/2026;148581;77090;28;0;28;0;0;13/06/2026;JOCELAINE;49
5;2586;ERVA MATE VERDINHA 1KG MOIDA GROSSA;MERCEARIA;79597;12/06/2026;148581;77090;20;550;20;1;0;;;6
5;3400;BARRA CEREAL RITTER 25G BAN AVEIA MEL;MERCEARIA;79597;12/06/2026;148581;77090;24;0;24;1;0;12/06/2026;JESSICA;86
5;1740;CHICLE FREEGELLS GUM 8G MORANGO;MERCEARIA;79597;12/06/2026;148581;77090;15;8680;15;1;0;12/06/2026;JESSICA;6
5;1746;CHICLE FREEGELLS GUM 8G MELANCIA;MERCEARIA;79597;12/06/2026;148581;77090;15;0;15;1;0;12/06/2026;JESSICA;-1
5;1314;CHOC LACTA 145G LAKA;MERCEARIA;79597;12/06/2026;148581;77090;12;0;12;1;0;12/06/2026;JESSICA;24
5;1262;CHOC LACTA RECH 98G OURO BRANCO;MERCEARIA;79597;12/06/2026;148581;77090;17;0;17;1;0;12/06/2026;JESSICA;11
5;19804;KIT SH CD PANTENE 300 150ML QUERATINA;PERFUMARIA E LIMPEZA;79597;12/06/2026;148581;77090;6;96;6;0;0;13/06/2026;JOCELAINE;5
5;12523;AP CORPO C 2;PERFUMARIA E LIMPEZA;79597;12/06/2026;148581;77090;12;54;12;1;0;13/06/2026;JOCELAINE;11
5;5836;ESC DENTAL ORAL B 1 2 3 MEDIA;PERFUMARIA E LIMPEZA;79597;12/06/2026;148581;77090;12;108;12;1;0;13/06/2026;JOCELAINE;45
5;24323;SH GENIAL PET 2 EM 1 500ML;PRODUTOS PET;79597;12/06/2026;148581;77090;1;0;1;1;0;13/06/2026;JOCELAINE;1
5;817;REFRIG FRUKI GUARANA ZR PET 2L GUARANA ZERO;BEBIDAS;79597;12/06/2026;148581;77090;6;10;6;1;0;;;-3
5;33265;REFRIG FRUKI GUAR ZR PET 3L GUARANA ZERO;BEBIDAS;79597;12/06/2026;148581;77090;4;12;4;1;0;;;31
5;207;CERV SCHIN PILSEN LT 473ML;BEBIDAS;79597;12/06/2026;148581;77090;12;0;12;1;0;;;1316
5;34496;CERV BELLAVISTA PILSEN LT 473ML;BEBIDAS;79597;12/06/2026;148581;77090;12;1482;12;1;0;;;118
5;37863;CREME LEITE TP DAUS 200G;MERCEARIA;79597;12/06/2026;148581;77090;27;116;27;1;0;;;57
5;1894;DROPS FREEGELLS 27 6G CEREJA CHOC;MERCEARIA;79597;12/06/2026;148581;77090;12;228;24;2;0;12/06/2026;JESSICA;0
5;1264;CHOC BARRA LACTA 80G LAKA OREO;MERCEARIA;79597;12/06/2026;148581;77090;17;0;17;1;0;12/06/2026;JESSICA;28
5;1348;CHOC BATON GAROTO 16G CREME MOR;MERCEARIA;79597;12/06/2026;148581;77090;30;1170;60;2;0;12/06/2026;JESSICA;0
5;23002;SAB FONTANA SENSUS 150G LIMA LIMAO ORI;PERFUMARIA E LIMPEZA;79597;12/06/2026;148581;77090;72;1728;72;0;0;13/06/2026;JOCELAINE;6
5;2925;ACHOC LIQ ITALAC 1L;MERCEARIA;79597;12/06/2026;148581;77090;12;16;12;1;0;;;14
5;3384;CALDO GALINHA APTI 57G;MERCEARIA;79597;12/06/2026;148581;77090;120;0;240;2;0;12/06/2026;JESSICA;1
5;1058;ALFAJOR EL AGUILA 60G CHOC;MERCEARIA;79597;12/06/2026;148581;77090;12;3;24;2;0;12/06/2026;JESSICA;2
5;3512;FERM PO BIOL GOOD INSTANT SH 10G;MERCEARIA;79597;12/06/2026;148581;77090;30;0;300;10;0;12/06/2026;JESSICA;221
5;15182;CAFE SOL NESCAFE MATINAL VD 200G;MERCEARIA;79839;12/06/2026;149111;77361;12;1;12;1;0;;;19
5;15180;CAFE SOL NESCAFE MATINAL SH L40P36G;MERCEARIA;79839;12/06/2026;149111;77361;24;92;48;2;0;;;0
5;2382;LENTILHA YOKI TP2 400G;MERCEARIA;79839;12/06/2026;149111;77361;16;485;160;10;0;;;70
5;15194;CAFE SOL NESCAFE TRAD SH L40P36G;MERCEARIA;79839;12/06/2026;149111;77361;24;18;72;3;0;;;-6
5;2413;MILHO PIPOCA YOKI 400G TRAD;MERCEARIA;79839;12/06/2026;149111;77361;28;6537;140;5;0;;;55
5;2097;CAFE SOL NESCAFE SH 40G DOLCA;MERCEARIA;79839;12/06/2026;149111;77361;24;0;48;2;0;;;72
5;34979;SAB MARAN SUAVE 80G AMENDOAS;PERFUMARIA E LIMPEZA;80057;12/06/2026;149537;77586;108;21391;216;2;2;15/06/2026;FERNANDO PAZ;24
5;34978;SAB MARAN SUAVE 80G ROSAS;PERFUMARIA E LIMPEZA;80057;12/06/2026;149537;77586;108;36147;324;1;1;15/06/2026;FERNANDO PAZ;154
5;34977;SAB MARAN SUAVE 80G PESSEGO;PERFUMARIA E LIMPEZA;80057;12/06/2026;149537;77586;108;24405;324;3;3;15/06/2026;FERNANDO PAZ;161
5;34976;SAB MARAN SUAVE 80G ERVA DOCE;PERFUMARIA E LIMPEZA;80057;12/06/2026;149537;77586;108;25164;216;2;2;15/06/2026;FERNANDO PAZ;6
6;9745;LEITE UHT SANTA CLARA DESN 1L;PERECIVEIS;79573;12/06/2026;148569;77095;12;179;12;1;0;;;84
6;6799;LEITE SANTA CLARA 1L ZERO LACTOSE;PERECIVEIS;79573;12/06/2026;148569;77095;12;12;12;1;0;;;20
6;6781;LEITE LV EDGE ELEGE 1L INTEGRAL;PERECIVEIS;79573;12/06/2026;148569;77095;12;108;24;2;0;;;851
6;6787;LEITE LV ELEGE 1L ZERO LAC SEMI DES;PERECIVEIS;79573;12/06/2026;148569;77095;12;900;48;4;0;;;6
6;6792;LEITE UHT PET ELEGE 1L INTEGRAL;PERECIVEIS;79573;12/06/2026;148569;77095;6;9296;6;1;0;;;31
6;9741;LEITE SANTA CLARA LV SEMI DESN 1L;PERECIVEIS;79573;12/06/2026;148569;77095;12;21;36;3;0;;;119
6;2227;ARROZ PARBO PRATO FINO TP1 2KG;MERCEARIA;79599;12/06/2026;148582;77095;5;5;5;1;0;;;6
6;20193;LIXA P PES DUPLA FACE;PERFUMARIA E LIMPEZA;79599;12/06/2026;148582;77095;1;0;1;1;0;12/06/2026;MONIQUE;1
6;5842;ESC DENTAL ORAL B COMPL LV2 PG1;PERFUMARIA E LIMPEZA;79599;12/06/2026;148582;77095;1;5;24;24;0;12/06/2026;MONIQUE;13
6;3802;PO P SORVETE APTI 120G ABACAXI;MERCEARIA;79599;12/06/2026;148582;77095;12;0;24;2;2;;MONIQUE;18
6;3363;CALDO APTI 19G CARNE;MERCEARIA;79599;12/06/2026;148582;77095;24;0;72;3;0;;MONIQUE;72
6;36169;CHOC BARRA NESTLE RECH 90G NEGRESCO;MERCEARIA;79599;12/06/2026;148582;77095;14;448;28;2;0;;MONIQUE;93
6;2717;FARINHA TRIGO FIDALGA 1KG;MERCEARIA;79599;12/06/2026;148582;77095;10;50;10;1;0;;;0
6;4264;AP VENUS SIMPLY LV4 PG3;PERFUMARIA E LIMPEZA;79599;12/06/2026;148582;77095;6;54;6;1;0;12/06/2026;MONIQUE;1
6;5624;DESOD AERO REXONA 91G CLINICAL SPO;PERFUMARIA E LIMPEZA;79599;12/06/2026;148582;77095;12;0;12;1;0;12/06/2026;MONIQUE;9
6;3384;CALDO GALINHA APTI 57G;MERCEARIA;79599;12/06/2026;148582;77095;120;0;240;2;0;;MONIQUE;1
6;3414;BARRA CEREAL RITTER 22G CAST PARA;MERCEARIA;79599;12/06/2026;148582;77095;24;672;24;1;0;;MONIQUE;33
6;29708;CHOC BARRA LACTA LAKA 28G;MERCEARIA;79599;12/06/2026;148582;77095;12;0;12;1;0;;MONIQUE;-2
6;2991;ACUCAR MASCAVO CBS 500G;MERCEARIA;79599;12/06/2026;148582;77095;20;0;20;1;0;;;16
6;4258;AP PROBAK II LV7 PG5;PERFUMARIA E LIMPEZA;79599;12/06/2026;148582;77095;1;457;76;76;0;12/06/2026;MONIQUE;50
6;8233;SH HEAD SHOULDERS 200ML REMO OLEOSIDA;PERFUMARIA E LIMPEZA;79599;12/06/2026;148582;77095;6;17;6;1;0;12/06/2026;MONIQUE;12
6;12531;AP GILLETTE PROBAK C 2;PERFUMARIA E LIMPEZA;79599;12/06/2026;148582;77095;14;0;14;1;0;12/06/2026;MONIQUE;140
6;4564;CARGA MACH 3 2UN CARBONO;PERFUMARIA E LIMPEZA;79599;12/06/2026;148582;77095;12;10;12;1;0;12/06/2026;MONIQUE;2
6;35675;ESC DENT COLGATE SENSITIVE;PERFUMARIA E LIMPEZA;79599;12/06/2026;148582;77095;1;0;1;1;0;12/06/2026;MONIQUE;5
6;24138;SC PANOSUL ALVEJADO 48X63CM R 14;PERFUMARIA E LIMPEZA;79599;12/06/2026;148582;77095;1;10;1;0;0;12/06/2026;SAMUEL;-7
6;3805;PO P SORVETE APTI 120G CREME;MERCEARIA;79599;12/06/2026;148582;77095;12;0;24;2;2;;MONIQUE;26
6;37860;CHOC BARRA GAROTO RECH BATON 90G;MERCEARIA;79599;12/06/2026;148582;77095;14;10;14;1;0;;MONIQUE;88
6;16947;CR TRAT PANTENE 270ML HIDRATACAO;PERFUMARIA E LIMPEZA;79599;12/06/2026;148582;77095;12;2;12;1;0;16/06/2026;PAMELA;0
6;4256;AP PRESTOBARBA ULTRAGRIP 3L CART2UN;PERFUMARIA E LIMPEZA;79599;12/06/2026;148582;77095;1;1;3;3;0;12/06/2026;MONIQUE;-14
6;21137;MOLUSC MADELESMA RES UMED LESMAS 250G;PERFUMARIA E LIMPEZA;79599;12/06/2026;148582;77095;4;0;4;1;0;12/06/2026;MONIQUE;2
6;5806;ESC DENTAL COLGATE ESSENCIAL CLEAN PACK 06UN;PERFUMARIA E LIMPEZA;79599;12/06/2026;148582;77095;6;6;48;8;0;12/06/2026;MONIQUE;-24
6;8442;SILICONE DESTAQUE AERO 400ML LAVANDA;PERFUMARIA E LIMPEZA;79599;12/06/2026;148582;77095;1;2;1;0;0;12/06/2026;SAMUEL;4
6;1894;DROPS FREEGELLS 27 6G CEREJA CHOC;MERCEARIA;79599;12/06/2026;148582;77095;12;228;24;2;0;;MONIQUE;-15
6;35123;CHOC BATON GAROTO 16G DUO;MERCEARIA;79599;12/06/2026;148582;77095;30;510;30;1;0;;MONIQUE;2
6;3673;LEITE COND ELEGE TP 395G;MERCEARIA;79599;12/06/2026;148582;77095;24;48;24;1;0;;;108
6;17285;DESOD ROLLON DI HELLEN 55ML FEM;PERFUMARIA E LIMPEZA;79599;12/06/2026;148582;77095;12;0;12;1;0;16/06/2026;PAMELA;2
6;5812;ESC DENTAL COLGATE TRIP ACAO LV2PG1;PERFUMARIA E LIMPEZA;79599;12/06/2026;148582;77095;12;0;12;1;0;12/06/2026;MONIQUE;4
6;3431;SOPA GALINHA MAGGI 60G FIDELINI;MERCEARIA;79599;12/06/2026;148582;77095;10;40;10;0;0;;MONIQUE;8
6;844;REFRIG ANTARCTICA PET 600ML GUARANA;BEBIDAS;79599;12/06/2026;148582;77095;12;179;12;1;0;;;12
6;7490;POMADA NUGGET 36G PRETA;PERFUMARIA E LIMPEZA;79599;12/06/2026;148582;77095;12;0;12;1;0;12/06/2026;MONIQUE;38
6;34564;CREME JOAO E MARIA 40G P ASSADURA;PERFUMARIA E LIMPEZA;79599;12/06/2026;148582;77095;1;7;22;22;0;12/06/2026;MONIQUE;-6
6;5805;ESC DENTAL COLGATE CLASSIC LONG MD 8460;PERFUMARIA E LIMPEZA;79599;12/06/2026;148582;77095;12;228;24;2;0;12/06/2026;MONIQUE;0
6;12523;AP CORPO C 2;PERFUMARIA E LIMPEZA;79599;12/06/2026;148582;77095;12;54;12;1;0;12/06/2026;MONIQUE;16
6;4565;CARGA MACH 3 2UN SENSITIVE;PERFUMARIA E LIMPEZA;79599;12/06/2026;148582;77095;12;0;24;2;0;12/06/2026;MONIQUE;5
6;20279;LUVA CONF LATEX P AMARELA;PERFUMARIA E LIMPEZA;79599;12/06/2026;148582;77095;12;24;12;0;0;12/06/2026;SAMUEL;-2
6;1740;CHICLE FREEGELLS GUM 8G MORANGO;MERCEARIA;79599;12/06/2026;148582;77095;15;8680;30;2;0;;MONIQUE;-7
6;687;ESP GARIBALDI PRIMICIAS GF 660ML ROSE;BEBIDAS;79599;12/06/2026;148582;77095;1;0;3;3;0;;MONIQUE;9
6;647;WHISKY GREEN VALLEY VD 1L;BEBIDAS;79599;12/06/2026;148582;77095;1;0;1;1;0;;MONIQUE;1
6;3400;BARRA CEREAL RITTER 25G BAN AVEIA MEL;MERCEARIA;79599;12/06/2026;148582;77095;24;0;24;1;0;;MONIQUE;16
6;1269;CHOC BARRA LACTA 80G LAKA;MERCEARIA;79599;12/06/2026;148582;77095;17;0;34;2;0;;MONIQUE;0
6;1843;DROPS FREEGELLS 27 9G CEREJA;MERCEARIA;79599;12/06/2026;148582;77095;12;0;12;1;0;;MONIQUE;1
6;3524;FERM QUIMICO PO FLEISCHMANN PT 100G;MERCEARIA;79599;12/06/2026;148582;77095;12;672;36;3;0;;MONIQUE;10
6;15064;CAD ESPI CD 1X1 80FLS LA CR;NAO ALIMENTO;79639;12/06/2026;148602;77164;4;0;4;1;0;12/06/2026;SAMUEL;9
6;22275;PORTA SAB LIQ SANREMO 280ML;NAO ALIMENTO;79639;12/06/2026;148602;77164;1;35;5;5;0;12/06/2026;SAMUEL;23
6;33305;TAPETE BOX OVAL PVC 61X35CM;NAO ALIMENTO;79639;12/06/2026;148602;77164;1;16;1;1;0;12/06/2026;SAMUEL;0
6;15051;CAD ESPI CD 1X1 80FLS DISNEY EMOJI;NAO ALIMENTO;79639;12/06/2026;148602;77164;4;8;4;1;0;12/06/2026;SAMUEL;16
6;16394;COLA BCA MAXI FRAMA 40G;NAO ALIMENTO;79639;12/06/2026;148602;77164;6;29;6;6;0;12/06/2026;SAMUEL;17
6;35020;DUCHA GORDUCHA ZAFONEL 4T 220V;NAO ALIMENTO;79639;12/06/2026;148602;77164;1;14;1;1;0;12/06/2026;SAMUEL;0
6;24929;TOAL BAN NANCY CORTTEX 65CMX1 35M RS;NAO ALIMENTO;79639;12/06/2026;148602;77164;1;0;1;1;0;12/06/2026;SAMUEL;-2
6;21895;PERUCA DO BRASIL;NAO ALIMENTO;79639;12/06/2026;148602;77164;1;13;1;1;0;12/06/2026;SAMUEL;-1
6;15033;CAD ESPI CD 10X1 200FLS BRASILIDADE;NAO ALIMENTO;79639;12/06/2026;148602;77164;1;27;2;2;0;12/06/2026;SAMUEL;4
6;2026;MILHO PIPOCA SERRA URUGUAI TP1 400G;MERCEARIA;79738;12/06/2026;148849;77278;20;60;20;0;0;12/06/2026;JOSE ANTONIO;-18
6;169;CERV HEINEKEN LT 473ML;BEBIDAS;79738;12/06/2026;148849;77278;12;24;240;20;0;12/06/2026;MARCOS M;780
6;15194;CAFE SOL NESCAFE TRAD SH L40P36G;MERCEARIA;79841;12/06/2026;149112;77362;24;18;48;2;0;;;0
6;2097;CAFE SOL NESCAFE SH 40G DOLCA;MERCEARIA;79841;12/06/2026;149112;77362;24;0;48;2;0;;;297
6;13401;BISC DOCE NESTLE CHOCO TRIO 90G AVELA;MERCEARIA;79841;12/06/2026;149112;77362;12;0;60;5;0;12/06/2026;AUGUSTO;46
6;2413;MILHO PIPOCA YOKI 400G TRAD;MERCEARIA;79841;12/06/2026;149112;77362;28;6537;140;5;0;;;208
6;2382;LENTILHA YOKI TP2 400G;MERCEARIA;79841;12/06/2026;149112;77362;16;485;240;15;0;;;112
6;15186;CAFE SOL NESCAFE ORIG SH L40P36G;MERCEARIA;79841;12/06/2026;149112;77362;24;0;240;10;0;;;82
6;15180;CAFE SOL NESCAFE MATINAL SH L40P36G;MERCEARIA;79841;12/06/2026;149112;77362;24;92;72;3;0;;;46
6;13403;BISC DOCE NESTLE CHOCO TRIO 90G PRESTIGIO;MERCEARIA;79841;12/06/2026;149112;77362;12;387;120;0;0;13/06/2026;JOCELAINE;76
6;310;VH TRADICAO TINTO 1 4L SC;BEBIDAS;80059;12/06/2026;149538;77587;6;2022;30;5;0;16/06/2026;WENDRIO;64
6;307;VH TRADICAO NIAGARA BCO 1 4L SC;BEBIDAS;80059;12/06/2026;149538;77587;6;518;18;3;0;;;59
6;308;VH TRADICAO NIAGARA BCO 1 4L SV;BEBIDAS;80059;12/06/2026;149538;77587;6;810;30;5;0;16/06/2026;WENDRIO;65
6;5696;DETERG YPE 500ML MACA;PERFUMARIA E LIMPEZA;80286;12/06/2026;149878;77741;24;240;24;1;0;16/06/2026;JESUS;0
6;5692;DETERG YPE 500 ML NEUTRO;PERFUMARIA E LIMPEZA;80286;12/06/2026;149878;77741;24;1272;240;10;0;16/06/2026;JESUS;-10
6;5694;DETERG YPE 500ML CLEAR CARE;PERFUMARIA E LIMPEZA;80286;12/06/2026;149878;77741;24;552;96;4;0;16/06/2026;JESUS;46
6;5698;DETERG YPE 500ML LIMAO;PERFUMARIA E LIMPEZA;80286;12/06/2026;149878;77741;24;816;72;3;0;16/06/2026;JESUS;204
6;5695;DETERG YPE 500ML COCO;PERFUMARIA E LIMPEZA;80286;12/06/2026;149878;77741;24;1104;240;10;0;16/06/2026;JESUS;0
7;3635;SAL MOIDO CBS 1KG;MERCEARIA;79601;12/06/2026;148583;77082;10;90;10;1;0;;;18
7;1748;CHICLE FREEGELLS GUM 8G HORTELA;MERCEARIA;79601;12/06/2026;148583;77082;15;0;15;1;0;12/06/2026;MONIQUE;7
7;1890;PASTILHA TIC TAC 14 5G LARANJA;MERCEARIA;79601;12/06/2026;148583;77082;14;0;14;1;0;12/06/2026;MONIQUE;6
7;17385;DET PO APYCE SH 1 6K ROSA;PERFUMARIA E LIMPEZA;79601;12/06/2026;148583;77082;13;135;13;1;0;;;24
7;37423;DESINF AQUAFAST 2L HARMONIA NAT;PERFUMARIA E LIMPEZA;79601;12/06/2026;148583;77082;6;48;6;1;0;;;12
7;17177;DESINF GOTA LIMPA 2L PINHO;PERFUMARIA E LIMPEZA;79601;12/06/2026;148583;77082;6;82;6;1;0;;;13
7;17320;DET LIQ APYCE LIMP TOT 3L ROSA;PERFUMARIA E LIMPEZA;79601;12/06/2026;148583;77082;4;108;4;1;0;;;19
7;3954;AGUA SANIT YPE 2L;PERFUMARIA E LIMPEZA;79601;12/06/2026;148583;77082;6;0;12;2;0;;;16
7;9288;DESINF YPE BAK 500ML FLORAL BAK;PERFUMARIA E LIMPEZA;79601;12/06/2026;148583;77082;12;108;12;1;0;;;1
7;5694;DETERG YPE 500ML CLEAR CARE;PERFUMARIA E LIMPEZA;79601;12/06/2026;148583;77082;24;552;72;3;0;;;3
7;33422;DET PO AQUAFAST MULTIACAO 800G;PERFUMARIA E LIMPEZA;79601;12/06/2026;148583;77082;20;75;20;1;0;;;22
7;10145;SAB FARNESE 180G ERV DOCE VERB;PERFUMARIA E LIMPEZA;79601;12/06/2026;148583;77082;36;1980;36;1;0;13/06/2026;JOCELAINE;65
7;7859;SABAO PO SURF 800G CUIDADO DE COCO;PERFUMARIA E LIMPEZA;79601;12/06/2026;148583;77082;16;287;32;2;0;;;15
7;33286;AMAC APYCE 5L TRAD AZL;PERFUMARIA E LIMPEZA;79601;12/06/2026;148583;77082;2;448;4;2;0;;;1
7;6698;LAVA ROUPA BRILHANTE 900ML LIMPEZA TOTAL;PERFUMARIA E LIMPEZA;79601;12/06/2026;148583;77082;12;0;12;1;0;;;0
7;3971;ALCOOL 46 SUPER VALE 1L;PERFUMARIA E LIMPEZA;79601;12/06/2026;148583;77082;12;480;12;1;0;;;6
7;4160;AMAC CONC COMFORT L500P400ML CUIDADO ESSENC;PERFUMARIA E LIMPEZA;79601;12/06/2026;148583;77082;12;0;12;1;0;;;4
7;15991;CHOC KINDER BUENO WHITE 39G;MERCEARIA;79601;12/06/2026;148583;77082;30;0;30;1;0;12/06/2026;MONIQUE;23
7;34564;CREME JOAO E MARIA 40G P ASSADURA;PERFUMARIA E LIMPEZA;79601;12/06/2026;148583;77082;1;7;17;17;0;13/06/2026;JESSICA;0
7;5846;ESC DENTAL ORAL B INDICAT 30 L2P1;PERFUMARIA E LIMPEZA;79601;12/06/2026;148583;77082;6;0;18;3;0;13/06/2026;JESSICA;30
7;17317;DESOD ROLLON REXONA 50ML XTRA COOL;PERFUMARIA E LIMPEZA;79601;12/06/2026;148583;77082;12;12;24;2;0;13/06/2026;JESSICA;-4
7;12280;AGUA OXIG BUTTERF 40V 100ML;PERFUMARIA E LIMPEZA;79601;12/06/2026;148583;77082;12;47;12;1;0;13/06/2026;JESSICA;10
7;7835;DET PO GOTA LIMPA 800G EQUILIBRIO;PERFUMARIA E LIMPEZA;79601;12/06/2026;148583;77082;20;174;60;3;0;;;-19
7;17387;DET PO APYCE SH 400G ROSA;PERFUMARIA E LIMPEZA;79601;12/06/2026;148583;77082;50;50;50;1;0;;;1
7;7860;SABAO PO SURF 800G LAVANDA;PERFUMARIA E LIMPEZA;79601;12/06/2026;148583;77082;16;176;32;2;0;;;3
7;33287;AMAC APYCE 5L JASMIM RSA;PERFUMARIA E LIMPEZA;79601;12/06/2026;148583;77082;2;223;8;4;0;;;0
7;12397;AMACIANTE AQUAFAST 5L F MAN;PERFUMARIA E LIMPEZA;79601;12/06/2026;148583;77082;4;11;4;1;0;;;6
7;4218;AMAC YPE 2L INTENSO;PERFUMARIA E LIMPEZA;79601;12/06/2026;148583;77082;6;1107;6;1;0;;;11
7;17190;DESINF IMPERIAL 5L LAVANDA;PERFUMARIA E LIMPEZA;79601;12/06/2026;148583;77082;4;7;4;1;0;;;-10
7;7785;SABAO BARRA YPE 180G GLICERINA;PERFUMARIA E LIMPEZA;79601;12/06/2026;148583;77082;60;62521;120;2;0;;;0
7;13525;BLOQ ODORES 60ML ESPECIARIAS;PERFUMARIA E LIMPEZA;79601;12/06/2026;148583;77082;12;0;12;1;0;;;-3
7;3948;AGUA SANIT GOTA LIMPA 1L;PERFUMARIA E LIMPEZA;79601;12/06/2026;148583;77082;12;1452;12;1;0;;;0
7;4258;AP PROBAK II LV7 PG5;PERFUMARIA E LIMPEZA;79601;12/06/2026;148583;77082;1;457;78;78;0;13/06/2026;JESSICA;41
7;12523;AP CORPO C 2;PERFUMARIA E LIMPEZA;79601;12/06/2026;148583;77082;12;54;24;2;0;13/06/2026;JESSICA;4
7;5856;ESC DENTAL SORRISO DURA;PERFUMARIA E LIMPEZA;79601;12/06/2026;148583;77082;12;0;12;1;0;13/06/2026;JESSICA;38
7;37431;DESINFETANTE SUPREMA EUCALIPITO 5L;PERFUMARIA E LIMPEZA;79601;12/06/2026;148583;77082;3;427;6;2;0;;;7
7;17179;DESINF GOTA LIMPA 500ML FLORAL;PERFUMARIA E LIMPEZA;79601;12/06/2026;148583;77082;12;12;12;1;0;;;-17
7;3969;ALCOOL GEL SUPER VALE 450G;PERFUMARIA E LIMPEZA;79601;12/06/2026;148583;77082;12;912;12;1;0;;;6
7;5691;DETERG YPE 500 ML CLEAR;PERFUMARIA E LIMPEZA;79601;12/06/2026;148583;77082;24;-48;24;1;0;;;0
7;3414;BARRA CEREAL RITTER 22G CAST PARA;MERCEARIA;79601;12/06/2026;148583;77082;24;672;144;6;0;12/06/2026;MONIQUE;48
7;6731;LAVA ROUPA OMO 900ML LAV PERF DOYP;PERFUMARIA E LIMPEZA;79601;12/06/2026;148583;77082;12;3732;12;1;0;;;12
7;25106;VASSOURA JARDINEIRA S CABO;PERFUMARIA E LIMPEZA;79601;12/06/2026;148583;77082;1;19;2;0;0;12/06/2026;SAMUEL;6
7;648;WHISKY MASTER GOLD VD 900ML;BEBIDAS;79601;12/06/2026;148583;77082;1;307;3;3;0;12/06/2026;MONIQUE;1
7;4259;AP PRESTOBARBA ULTRA GRIP 2UN;PERFUMARIA E LIMPEZA;79601;12/06/2026;148583;77082;12;804;60;5;0;13/06/2026;JESSICA;6
7;7844;SABAO PO OMO 2 2KG LAV PERFEITA;PERFUMARIA E LIMPEZA;79601;12/06/2026;148583;77082;9;27;9;1;0;;;4
7;35580;DET LIQ BRILHANTE HIG TOTAL 1 8L;PERFUMARIA E LIMPEZA;79601;12/06/2026;148583;77082;6;315;18;3;0;;;6
7;6689;LAVA ROUPA ARIEL 700ML CLASSIC REF;PERFUMARIA E LIMPEZA;79601;12/06/2026;148583;77082;10;89;20;20;0;;;-13
7;4174;AMAC CONC FOFO LV500 PG400ML AZUL TUDAO;PERFUMARIA E LIMPEZA;79601;12/06/2026;148583;77082;12;228;12;1;0;;;12
7;36264;DET LIQ APYCE SUPER ACAO SH 800ML;PERFUMARIA E LIMPEZA;79601;12/06/2026;148583;77082;12;97;12;1;0;;;43
7;17340;DET LIQ BIO KRISS 500ML CLEAR;PERFUMARIA E LIMPEZA;79601;12/06/2026;148583;77082;24;168;96;4;0;;;22
7;34845;ALVEJ BARBAREX 2L S CLORO;PERFUMARIA E LIMPEZA;79601;12/06/2026;148583;77082;6;66;6;1;0;;;9
7;12419;AMAC GOTA LIMPA 2L FLORATA;PERFUMARIA E LIMPEZA;79601;12/06/2026;148583;77082;6;5;6;1;0;;;9
7;17191;DESINF IMPERIAL 5L PINHO;PERFUMARIA E LIMPEZA;79601;12/06/2026;148583;77082;4;0;4;1;0;;;-7
7;9985;DESOD SANIT GOTA LIMPA 25G LAVANDA;PERFUMARIA E LIMPEZA;79601;12/06/2026;148583;77082;48;192;48;1;0;;;15
7;19372;INSET NITROCID PO 50G;PERFUMARIA E LIMPEZA;79601;12/06/2026;148583;77082;1;8;1;1;0;;;-1
7;17348;DET LIQ GIRANDO SOL 1L GLICA;PERFUMARIA E LIMPEZA;79601;12/06/2026;148583;77082;12;227;12;1;0;;;3
7;1267;CHOC BARRA LACTA 80G AMARO 40 CACAU;MERCEARIA;79601;12/06/2026;148583;77082;17;0;17;1;0;12/06/2026;MONIQUE;61
7;1888;PASTILHA TIC TAC 14 5G MENTA;MERCEARIA;79601;12/06/2026;148583;77082;14;0;14;1;0;12/06/2026;MONIQUE;8
7;3512;FERM PO BIOL GOOD INSTANT SH 10G;MERCEARIA;79601;12/06/2026;148583;77082;30;0;210;7;0;12/06/2026;MONIQUE;71
7;37860;CHOC BARRA GAROTO RECH BATON 90G;MERCEARIA;79601;12/06/2026;148583;77082;14;10;14;1;0;12/06/2026;MONIQUE;49
7;3384;CALDO GALINHA APTI 57G;MERCEARIA;79601;12/06/2026;148583;77082;120;0;120;1;0;12/06/2026;MONIQUE;0
7;3401;BARRA CEREAL RITTER 25G BANANA ZR ACUC;MERCEARIA;79601;12/06/2026;148583;77082;24;0;48;2;0;12/06/2026;MONIQUE;-2
7;647;WHISKY GREEN VALLEY VD 1L;BEBIDAS;79601;12/06/2026;148583;77082;1;0;1;1;0;12/06/2026;MONIQUE;1
7;19315;COT HASTES FLEX COTTONBABY PT 100UN;PERFUMARIA E LIMPEZA;79601;12/06/2026;148583;77082;1;447;1;1;0;13/06/2026;JESSICA;9
7;5805;ESC DENTAL COLGATE CLASSIC LONG MD 8460;PERFUMARIA E LIMPEZA;79601;12/06/2026;148583;77082;12;228;12;1;0;13/06/2026;JESSICA;5
7;5681;DET LIQ GOTA LIMPA 500ML MARINE;PERFUMARIA E LIMPEZA;79601;12/06/2026;148583;77082;24;6797;24;1;0;;;-7
7;17341;DET LIQ BIO KRISS 500ML NEUTRO;PERFUMARIA E LIMPEZA;79601;12/06/2026;148583;77082;24;857;144;6;0;;;-11
7;5698;DETERG YPE 500ML LIMAO;PERFUMARIA E LIMPEZA;79601;12/06/2026;148583;77082;24;816;72;3;0;;;20
7;23155;SABAO ZAVASKI 400G;PERFUMARIA E LIMPEZA;79601;12/06/2026;148583;77082;40;279;40;1;0;;;45
7;12290;AGUA SANIT IMPERIAL 2L;PERFUMARIA E LIMPEZA;79601;12/06/2026;148583;77082;6;96;6;1;0;;;11
7;15739;CERA PASTA ANDREIA 400G VERM;PERFUMARIA E LIMPEZA;79601;12/06/2026;148583;77082;12;0;12;1;0;;;11
7;3966;ALCOOL GEL 70 SUPER VALE 450G;PERFUMARIA E LIMPEZA;79601;12/06/2026;148583;77082;12;732;12;1;0;;;14
7;35696;ALCOOL COPERALCOOL 500ML TRADICIONAL;PERFUMARIA E LIMPEZA;79601;12/06/2026;148583;77082;12;372;12;1;0;;;9
7;1416;CHOC SNICKERS 45G;MERCEARIA;79601;12/06/2026;148583;77082;20;8;40;2;0;12/06/2026;MONIQUE;44
7;6996;LOC HID MONANGE 200ML FLOR DE LAVANDA;PERFUMARIA E LIMPEZA;79601;12/06/2026;148583;77082;24;48;24;1;0;13/06/2026;JESSICA;24
7;15033;CAD ESPI CD 10X1 200FLS BRASILIDADE;NAO ALIMENTO;79641;12/06/2026;148603;77165;1;27;1;0;0;12/06/2026;SAMUEL;-6
7;17476;DUCHA ENERDUCHA UP4 6800W 220V BCO;NAO ALIMENTO;79641;12/06/2026;148603;77165;1;12;1;0;0;12/06/2026;SAMUEL;-4
7;12971;BALAO ZERINHO C 100 SORT;NAO ALIMENTO;79641;12/06/2026;148603;77165;1;13;1;0;0;12/06/2026;SAMUEL;-8
7;9354;ESM COLORAMA CREM 8ML FRANCA;PERFUMARIA E LIMPEZA;79641;12/06/2026;148603;77165;1;7;5;5;0;;;-4
7;24929;TOAL BAN NANCY CORTTEX 65CMX1 35M RS;NAO ALIMENTO;79641;12/06/2026;148603;77165;1;0;1;0;0;12/06/2026;SAMUEL;-5
7;22275;PORTA SAB LIQ SANREMO 280ML;NAO ALIMENTO;79641;12/06/2026;148603;77165;1;35;4;0;0;12/06/2026;SAMUEL;0
7;15113;CAD ESPI CD 80FLS CARTOGRAFIA SWEETNESS;NAO ALIMENTO;79641;12/06/2026;148603;77165;4;7;4;0;0;12/06/2026;SAMUEL;0
7;35020;DUCHA GORDUCHA ZAFONEL 4T 220V;NAO ALIMENTO;79641;12/06/2026;148603;77165;1;14;1;0;0;12/06/2026;SAMUEL;0
7;15115;CAD ESPI CD 80FLS CARTOGRAFIA T DUDA;NAO ALIMENTO;79641;12/06/2026;148603;77165;4;5;4;0;0;12/06/2026;SAMUEL;-1
7;15031;CAD ESPI CD 10X1 160FLS SWEETNESS;NAO ALIMENTO;79641;12/06/2026;148603;77165;4;20;4;0;0;12/06/2026;SAMUEL;0
7;15051;CAD ESPI CD 1X1 80FLS DISNEY EMOJI;NAO ALIMENTO;79641;12/06/2026;148603;77165;4;8;4;0;0;12/06/2026;SAMUEL;0
7;19907;LAMP TRAM TP BULBO LED 9W 6500K;NAO ALIMENTO;79641;12/06/2026;148603;77165;10;8670;20;2;2;12/06/2026;SAMUEL;31
7;15030;CAD ESPI CD 10X1 160FLS STONE;NAO ALIMENTO;79641;12/06/2026;148603;77165;4;8;4;0;0;12/06/2026;SAMUEL;0
7;19358;INCENSO FLUTE C 8 SETE ERVAS;NAO ALIMENTO;79641;12/06/2026;148603;77165;25;0;25;1;1;12/06/2026;SAMUEL;47
7;36295;CANETA ESF GEL LIKE DOUR PRATA;NAO ALIMENTO;79641;12/06/2026;148603;77165;40;86;40;0;0;12/06/2026;SAMUEL;0
7;25415;VESTIDO CAIPIRA TAM GG;NAO ALIMENTO;79641;12/06/2026;148603;77165;1;2;1;0;0;12/06/2026;SAMUEL;-1
7;33305;TAPETE BOX OVAL PVC 61X35CM;NAO ALIMENTO;79641;12/06/2026;148603;77165;1;16;1;0;0;12/06/2026;SAMUEL;0
7;21933;PILHA ELGIN PQ AA C 4;NAO ALIMENTO;79641;12/06/2026;148603;77165;10;10;10;0;0;12/06/2026;SAMUEL;37
7;16394;COLA BCA MAXI FRAMA 40G;NAO ALIMENTO;79641;12/06/2026;148603;77165;6;29;6;0;0;12/06/2026;SAMUEL;3
7;36297;CANETA ESF TRIGLOW LYKE C 10 CORES;NAO ALIMENTO;79641;12/06/2026;148603;77165;10;20;10;0;0;12/06/2026;SAMUEL;0
7;15090;CAD ESPI CD 1X1 80FLS SWEETNESS;NAO ALIMENTO;79641;12/06/2026;148603;77165;4;16;4;0;0;12/06/2026;SAMUEL;-15
7;35788;SH SEDA 300ML TOQUE DE SEDA;PERFUMARIA E LIMPEZA;79740;12/06/2026;148850;77279;12;648;36;3;0;;;44
7;169;CERV HEINEKEN LT 473ML;BEBIDAS;79740;12/06/2026;148850;77279;12;24;240;20;0;12/06/2026;MARCOS M;217
7;2097;CAFE SOL NESCAFE SH 40G DOLCA;MERCEARIA;79843;12/06/2026;149113;77363;24;0;120;5;0;;;67
7;2382;LENTILHA YOKI TP2 400G;MERCEARIA;79843;12/06/2026;149113;77363;16;485;160;10;0;;;68
7;2413;MILHO PIPOCA YOKI 400G TRAD;MERCEARIA;79843;12/06/2026;149113;77363;28;6537;140;5;0;;;7
7;15180;CAFE SOL NESCAFE MATINAL SH L40P36G;MERCEARIA;79843;12/06/2026;149113;77363;24;92;48;2;0;;;25
7;15186;CAFE SOL NESCAFE ORIG SH L40P36G;MERCEARIA;79843;12/06/2026;149113;77363;24;0;240;10;0;;;27
7;15182;CAFE SOL NESCAFE MATINAL VD 200G;MERCEARIA;79843;12/06/2026;149113;77363;12;1;12;1;0;;;20
7;793;REFRIG COCA COLA E FANTA LARANJA 2L;BEBIDAS;79992;12/06/2026;149372;77517;2;22;10;5;0;15/06/2026;AUGUSTO;21
7;796;REFRIG COCA COLA E FANTA GUARANA 2L;BEBIDAS;79992;12/06/2026;149372;77517;2;78;10;5;0;15/06/2026;AUGUSTO;14
7;741;REFRIG COCA COLA PET ZERO 1 5L;BEBIDAS;79992;12/06/2026;149372;77517;8;64;16;2;0;15/06/2026;GUILHERME B;15
7;228;CERV AMSTEL LAGER LN 355ML;BEBIDAS;79992;12/06/2026;149372;77517;12;300;12;1;0;15/06/2026;GUILHERME B;21
7;571;REPOS POWERADE 500ML UVA;BEBIDAS;79992;12/06/2026;149372;77517;6;64;12;2;0;15/06/2026;GUILHERME B;59
7;646;SUCO DEL VALLE FRUT PET 1 5L UVA;BEBIDAS;79992;12/06/2026;149372;77517;6;67;12;2;0;15/06/2026;GUILHERME B;20
7;34978;SAB MARAN SUAVE 80G ROSAS;PERFUMARIA E LIMPEZA;80061;12/06/2026;149539;77588;108;36147;216;2;0;15/06/2026;FERNANDO PAZ;49
7;34979;SAB MARAN SUAVE 80G AMENDOAS;PERFUMARIA E LIMPEZA;80061;12/06/2026;149539;77588;108;21391;216;2;0;15/06/2026;FERNANDO PAZ;85
7;307;VH TRADICAO NIAGARA BCO 1 4L SC;BEBIDAS;80061;12/06/2026;149539;77588;6;518;12;2;0;;;28
7;34976;SAB MARAN SUAVE 80G ERVA DOCE;PERFUMARIA E LIMPEZA;80061;12/06/2026;149539;77588;108;25164;216;2;0;15/06/2026;FERNANDO PAZ;125
8;9745;LEITE UHT SANTA CLARA DESN 1L;PERECIVEIS;79577;12/06/2026;148571;77078;12;179;24;2;0;;;79
8;6787;LEITE LV ELEGE 1L ZERO LAC SEMI DES;PERECIVEIS;79577;12/06/2026;148571;77078;12;900;12;1;0;;;8
8;38619;SH DOVE UMECTACAO E COCO 370ML;PERFUMARIA E LIMPEZA;79603;12/06/2026;148584;77078;1;4;1;0;0;12/06/2026;JOCELAINE;0
8;964;OLEO LIZA GIRASSOL 900ML;MERCEARIA;79603;12/06/2026;148584;77078;20;60;20;1;0;;;6
8;2741;FARINHA TRIGO NORDESTE 1KG;MERCEARIA;79603;12/06/2026;148584;77078;10;6022;90;9;0;;;-30
8;9145;COND SEDA GLYCOL VIT C 425ML;PERFUMARIA E LIMPEZA;79603;12/06/2026;148584;77078;12;21;12;0;0;12/06/2026;JESSICA;0
8;36813;ARROZ BCO BOM DE PANELA TP1 5KG;MERCEARIA;79603;12/06/2026;148584;77078;6;1442;18;3;0;;;11
8;2060;ARROZ BCO SABOROSO TP1 1KG;MERCEARIA;79603;12/06/2026;148584;77078;30;62;30;1;0;;;98
8;38572;ERVILHA PARTIDA JUREIA 400G;MERCEARIA;79603;12/06/2026;148584;77078;6;4614;84;14;0;;;0
8;2385;LENTILHA BELLA DICA 400G;MERCEARIA;79603;12/06/2026;148584;77078;12;48;12;1;0;;;-8
8;2401;MILHO PIPOCA BELLA DICA 400GR;MERCEARIA;79603;12/06/2026;148584;77078;12;1704;36;3;0;;;65
8;867;REFRIG COCA COLA ZERO LT 310ML C6;BEBIDAS;79603;12/06/2026;148584;77078;6;0;12;2;0;;;4
8;2717;FARINHA TRIGO FIDALGA 1KG;MERCEARIA;79603;12/06/2026;148584;77078;10;50;10;1;0;;;0
8;20810;MILHO PIPOCA ARBAZA PREMIUM 400G;MERCEARIA;79603;12/06/2026;148584;77078;12;32;12;1;0;;;44
8;2285;CANJICA TRIGO GERMANI 500G;MERCEARIA;79603;12/06/2026;148584;77078;12;36;12;1;0;;;5
8;2026;MILHO PIPOCA SERRA URUGUAI TP1 400G;MERCEARIA;79603;12/06/2026;148584;77078;20;60;40;2;0;;;-38
8;3383;CALDO APTI 19G GALINHA;MERCEARIA;79603;12/06/2026;148584;77078;24;72;72;0;0;12/06/2026;JOCELAINE;0
8;38616;CD SEDA COLAGENO VIT INT 250ML;PERFUMARIA E LIMPEZA;79603;12/06/2026;148584;77078;1;4;1;0;0;12/06/2026;JOCELAINE;0
8;38621;MASC DOVE RECONST E AMINOACIDO 320G;PERFUMARIA E LIMPEZA;79603;12/06/2026;148584;77078;1;3;1;1;1;12/06/2026;JOCELAINE;0
8;6828;AGUA SABORIZ H2OH 500ML LIMONETO;BEBIDAS;79603;12/06/2026;148584;77078;12;174;12;1;0;;;29
8;38618;CREME DE PENTEAR SEDA BOOM DEF 1KG;PERFUMARIA E LIMPEZA;79603;12/06/2026;148584;77078;1;3;1;1;1;12/06/2026;JESSICA;0
8;2737;FARINHA TRIGO ROSESOL 1KG;MERCEARIA;79603;12/06/2026;148584;77078;10;2671;50;5;0;;;59
8;34753;SUCO DE UVA TREBOM PET 1 35L;BEBIDAS;79603;12/06/2026;148584;77078;6;0;6;1;0;;;5
8;194;REFRE PO PROMIX 100G ABACAXI;BEBIDAS;79603;12/06/2026;148584;77078;18;18;18;1;0;;;46
8;615;SUCO DEL VALLE TP 200ML PESSEGO;BEBIDAS;79603;12/06/2026;148584;77078;18;42;36;2;0;;;-15
8;2365;FEIJAO VRM CALDO OURO 500G;MERCEARIA;79603;12/06/2026;148584;77078;10;61;10;1;0;;;33
8;2974;ACUCAR DEMERARA UNIAO 1KG;MERCEARIA;79603;12/06/2026;148584;77078;10;20;10;1;0;;;2
8;24140;SC PANOSUL SUPER ALV BCO 39X65 R 10;PERFUMARIA E LIMPEZA;79603;12/06/2026;148584;77078;1;64;14;0;0;12/06/2026;SAMUEL;17
8;24138;SC PANOSUL ALVEJADO 48X63CM R 14;PERFUMARIA E LIMPEZA;79603;12/06/2026;148584;77078;1;10;1;0;0;12/06/2026;SAMUEL;16
8;5302;CR PENT SEDA 300ML CACH DEFINIDOS;PERFUMARIA E LIMPEZA;79603;12/06/2026;148584;77078;12;12;12;0;0;12/06/2026;JOCELAINE;5
8;33373;DESO AERO AXE 200ML BLACK ALE E CED;PERFUMARIA E LIMPEZA;79603;12/06/2026;148584;77078;12;2125;12;0;0;12/06/2026;JOCELAINE;12
8;19804;KIT SH CD PANTENE 300 150ML QUERATINA;PERFUMARIA E LIMPEZA;79603;12/06/2026;148584;77078;6;96;6;1;1;12/06/2026;JOCELAINE;1
8;12279;AGUA OXIG BUTTERF 30V 100ML;PERFUMARIA E LIMPEZA;79603;12/06/2026;148584;77078;12;24;12;0;0;12/06/2026;JESSICA;11
8;757;ACUCAR CRISTAL SAO JOAO 1KG;MERCEARIA;79603;12/06/2026;148584;77078;30;1709;30;1;0;;;159
8;16593;CORT UNHA INOX PREMIUM 5 2CM 1PC;PERFUMARIA E LIMPEZA;79603;12/06/2026;148584;77078;1;13;1;0;0;12/06/2026;SAMUEL;2
8;589;SUCO COM TEM TP 200ML LARANJA;BEBIDAS;79603;12/06/2026;148584;77078;24;0;24;1;0;;;-4
8;3397;CALDO APTI 19G LEGUMES;MERCEARIA;79603;12/06/2026;148584;77078;24;0;72;0;0;12/06/2026;JOCELAINE;0
8;15296;CALDO MAGGI 57G LEGUMES;MERCEARIA;79603;12/06/2026;148584;77078;10;0;10;0;0;12/06/2026;JOCELAINE;38
8;3365;CALDO APTI 19G COSTELA;MERCEARIA;79603;12/06/2026;148584;77078;24;240;144;6;6;12/06/2026;JOCELAINE;0
8;37893;KIT ELSEVE SH 375ML CD 170ML LISO SONHOS;PERFUMARIA E LIMPEZA;79603;12/06/2026;148584;77078;6;48;6;1;1;12/06/2026;JOCELAINE;2
8;18979;GEL FIX DI HELLEN BRI MOL FL ADREN 240G;PERFUMARIA E LIMPEZA;79603;12/06/2026;148584;77078;12;0;12;0;0;12/06/2026;JESSICA;1
8;2672;FARINHA MANDIOCA CBS 500G;MERCEARIA;79603;12/06/2026;148584;77078;12;25;12;1;0;;;23
8;3414;BARRA CEREAL RITTER 22G CAST PARA;MERCEARIA;79603;12/06/2026;148584;77078;24;672;48;0;0;12/06/2026;JOCELAINE;57
8;9996;PETISCO FRISKIES 40G FRANGO;PRODUTOS PET;79603;12/06/2026;148584;77078;15;31;45;45;0;12/06/2026;AUGUSTO;0
8;38620;SH DOVE HID E HIL VIT 370ML;PERFUMARIA E LIMPEZA;79603;12/06/2026;148584;77078;1;3;1;1;1;12/06/2026;JOCELAINE;0
8;17305;DESOD ROLLON REXONA 50ML ACT EMOT;PERFUMARIA E LIMPEZA;79603;12/06/2026;148584;77078;12;492;12;1;1;12/06/2026;JOCELAINE;6
8;5806;ESC DENTAL COLGATE ESSENCIAL CLEAN PACK 06UN;PERFUMARIA E LIMPEZA;79603;12/06/2026;148584;77078;6;6;60;0;0;12/06/2026;JESSICA;-15
8;4565;CARGA MACH 3 2UN SENSITIVE;PERFUMARIA E LIMPEZA;79603;12/06/2026;148584;77078;12;0;24;0;0;12/06/2026;JESSICA;-2
8;35675;ESC DENT COLGATE SENSITIVE;PERFUMARIA E LIMPEZA;79603;12/06/2026;148584;77078;1;0;1;0;0;12/06/2026;JESSICA;4
8;24323;SH GENIAL PET 2 EM 1 500ML;PRODUTOS PET;79603;12/06/2026;148584;77078;1;0;1;0;0;12/06/2026;JESSICA;5
8;3835;EXT TOM FUGINI SH 190G;MERCEARIA;79603;12/06/2026;148584;77078;36;1199;36;1;0;;;48
8;2991;ACUCAR MASCAVO CBS 500G;MERCEARIA;79603;12/06/2026;148584;77078;20;0;20;1;0;;;-17
8;2382;LENTILHA YOKI TP2 400G;MERCEARIA;79603;12/06/2026;148584;77078;16;485;64;4;0;;;33
8;37863;CREME LEITE TP DAUS 200G;MERCEARIA;79603;12/06/2026;148584;77078;27;116;27;1;0;;;160
8;3680;LEITE COND TRIANGULO TP 395G;MERCEARIA;79603;12/06/2026;148584;77078;27;84;27;1;0;;;22
8;23217;SAL REFINADO EX GARCA 1K;MERCEARIA;79603;12/06/2026;148584;77078;10;2600;10;1;0;;;52
8;33720;COQUETEL CHICOTE PET 500ML LIMAO;BEBIDAS;79603;12/06/2026;148584;77078;12;24;12;1;0;;;30
8;23002;SAB FONTANA SENSUS 150G LIMA LIMAO ORI;PERFUMARIA E LIMPEZA;79603;12/06/2026;148584;77078;72;1728;72;0;0;12/06/2026;JOCELAINE;36
8;23108;SABON PALMOLIVE 150G ARGILA EUCALIP;PERFUMARIA E LIMPEZA;79603;12/06/2026;148584;77078;72;288;72;1;1;12/06/2026;JOCELAINE;44
8;9587;DESOD SANIT ADES GOTA LIMPA 41G 7D EUCALIPTO;PERFUMARIA E LIMPEZA;79603;12/06/2026;148584;77078;12;11;12;1;1;12/06/2026;JESSICA;4
8;5812;ESC DENTAL COLGATE TRIP ACAO LV2PG1;PERFUMARIA E LIMPEZA;79603;12/06/2026;148584;77078;12;0;12;1;1;12/06/2026;JESSICA;4
8;169;CERV HEINEKEN LT 473ML;BEBIDAS;79742;12/06/2026;148851;77280;12;24;120;10;0;12/06/2026;MARCOS M;253
8;2026;MILHO PIPOCA SERRA URUGUAI TP1 400G;MERCEARIA;79742;12/06/2026;148851;77280;20;60;20;0;0;12/06/2026;JOSE ANTONIO;-38
8;2382;LENTILHA YOKI TP2 400G;MERCEARIA;79845;12/06/2026;149114;77364;16;485;160;10;0;;;33
8;15180;CAFE SOL NESCAFE MATINAL SH L40P36G;MERCEARIA;79845;12/06/2026;149114;77364;24;92;48;2;0;;;7
8;228;CERV AMSTEL LAGER LN 355ML;BEBIDAS;79994;12/06/2026;149373;77518;12;300;12;1;0;15/06/2026;GUILHERME B;22
8;656;SUCO DEL VALLE FRUT TP 1L UVA;BEBIDAS;79994;12/06/2026;149373;77518;6;36;6;1;0;15/06/2026;GUILHERME B;-20
8;34306;REFRIG COCA COLA PET 1L;BEBIDAS;79994;12/06/2026;149373;77518;6;48;30;5;0;15/06/2026;GUILHERME B;6
8;615;SUCO DEL VALLE TP 200ML PESSEGO;BEBIDAS;79994;12/06/2026;149373;77518;18;42;36;0;0;13/06/2026;JESSICA;-15
8;646;SUCO DEL VALLE FRUT PET 1 5L UVA;BEBIDAS;79994;12/06/2026;149373;77518;6;67;12;2;0;15/06/2026;GUILHERME B;34
8;5226;CR DENT COLGATE T ACAO 90G ORIG;PERFUMARIA E LIMPEZA;80011;12/06/2026;149424;77589;144;1083;1152;1;1;15/06/2026;FERNANDO PAZ;62
8;5220;CR DEN COLGATE 90G MPA;PERFUMARIA E LIMPEZA;80011;12/06/2026;149424;77589;144;1151;1152;4;4;16/06/2026;ALEX JARDIM;237
8;5196;CR DEN COLGATE MPA 180G;PERFUMARIA E LIMPEZA;80011;12/06/2026;149424;77589;72;6916;576;4;4;16/06/2026;ALEX JARDIM;242
8;5197;CR DEN COLGATE 180G TRI ACAO MENTA;PERFUMARIA E LIMPEZA;80011;12/06/2026;149424;77589;60;19440;480;8;8;15/06/2026;FERNANDO PAZ;167
8;3996;ALIM CAO DOG CHOW100G SACHE TOD TAM FI RA PEQ FRAN;PRODUTOS PET;80027;12/06/2026;149455;77589;15;268;75;5;5;16/06/2026;JOCELAINE;4
8;4053;ALIM GATO FRISKIES 85G SALMAO AO MOLHO;PRODUTOS PET;80027;12/06/2026;149455;77589;15;30;75;5;5;16/06/2026;JOCELAINE;-2
8;4051;ALIM GATO FRISKIES 85G PEIXE BRANCO;PRODUTOS PET;80027;12/06/2026;149455;77589;15;1350;75;5;5;16/06/2026;JOCELAINE;82
8;4048;ALIM GATO FRISKIES 85G FRANGO MOLHO;PRODUTOS PET;80027;12/06/2026;149455;77589;15;735;75;5;5;16/06/2026;JOCELAINE;-21
8;4047;ALIM GATO FRISKIES 85G FILHO CARN MOLH;PRODUTOS PET;80027;12/06/2026;149455;77589;15;495;75;5;5;16/06/2026;JOCELAINE;77
8;4045;ALIM GATO FRISKIES 85G CARNE AO MOLHO;PRODUTOS PET;80027;12/06/2026;149455;77589;15;315;75;5;5;16/06/2026;JOCELAINE;77
8;4046;ALIM GATO FRISKIES 85G CORDEIR AO MOLH;PRODUTOS PET;80027;12/06/2026;149455;77589;15;645;90;6;6;16/06/2026;JOCELAINE;11
8;3993;ALIM CAO DOG CHOW100G SACHE TOD TAM AD RA PEQ SALM;PRODUTOS PET;80027;12/06/2026;149455;77589;15;1;75;5;5;16/06/2026;JOCELAINE;36
8;3995;ALIM CAO DOG CHOW100G SACHE TOD TAM CORDEIRO ADULT;PRODUTOS PET;80027;12/06/2026;149455;77589;15;48;75;5;5;16/06/2026;JOCELAINE;23
8;3994;ALIM CAO DOG CHOW100G SACHE TOD TAM CARNE ADULTO;PRODUTOS PET;80027;12/06/2026;149455;77589;15;1335;75;5;5;16/06/2026;JOCELAINE;79
8;307;VH TRADICAO NIAGARA BCO 1 4L SC;BEBIDAS;80063;12/06/2026;149540;77589;6;518;18;3;0;;;31
8;34978;SAB MARAN SUAVE 80G ROSAS;PERFUMARIA E LIMPEZA;80063;12/06/2026;149540;77589;108;36147;216;2;2;15/06/2026;FERNANDO PAZ;75
8;2697;FARINHA MILHO PERDIZ 1KG GROSSA;MERCEARIA;80063;12/06/2026;149540;77589;12;32;12;1;0;15/06/2026;EVERTON;-1
8;34977;SAB MARAN SUAVE 80G PESSEGO;PERFUMARIA E LIMPEZA;80063;12/06/2026;149540;77589;108;24405;216;2;2;15/06/2026;FERNANDO PAZ;156
8;2569;MOLHO TOM POMODORO SH 300G TRAD;MERCEARIA;80063;12/06/2026;149540;77589;24;12063;120;5;0;16/06/2026;MARCOS M;273
8;2396;MILHO VERDE OLE LT 170G;MERCEARIA;80063;12/06/2026;149540;77589;24;1690;144;6;0;16/06/2026;MARCOS M;48
8;308;VH TRADICAO NIAGARA BCO 1 4L SV;BEBIDAS;80063;12/06/2026;149540;77589;6;810;12;2;0;16/06/2026;ALEX JARDIM;33
8;34979;SAB MARAN SUAVE 80G AMENDOAS;PERFUMARIA E LIMPEZA;80063;12/06/2026;149540;77589;108;21391;324;3;3;15/06/2026;FERNANDO PAZ;134
8;34976;SAB MARAN SUAVE 80G ERVA DOCE;PERFUMARIA E LIMPEZA;80063;12/06/2026;149540;77589;108;25164;216;2;2;15/06/2026;FERNANDO PAZ;83
11;38620;SH DOVE HID E HIL VIT 370ML;PERFUMARIA E LIMPEZA;79605;12/06/2026;148585;77096;1;3;1;1;1;13/06/2026;JESSICA;0
11;4256;AP PRESTOBARBA ULTRAGRIP 3L CART2UN;PERFUMARIA E LIMPEZA;79605;12/06/2026;148585;77096;1;1;1;1;0;16/06/2026;PAMELA;0
11;5297;CR PENT PANTENE 240G HIDRATACAO;PERFUMARIA E LIMPEZA;79605;12/06/2026;148585;77096;12;5;12;1;0;16/06/2026;PAMELA;10
11;4564;CARGA MACH 3 2UN CARBONO;PERFUMARIA E LIMPEZA;79605;12/06/2026;148585;77096;12;10;12;1;0;16/06/2026;PAMELA;5
11;5806;ESC DENTAL COLGATE ESSENCIAL CLEAN PACK 06UN;PERFUMARIA E LIMPEZA;79605;12/06/2026;148585;77096;6;6;6;1;0;16/06/2026;PAMELA;15
11;37887;TIT COR E TON S AMONIA 2 0 PTO;PERFUMARIA E LIMPEZA;79605;12/06/2026;148585;77096;6;12;6;0;0;13/06/2026;JESSICA;0
11;3804;PO P SORVETE APTI 120G COCO;MERCEARIA;79605;12/06/2026;148585;77096;12;0;12;1;1;13/06/2026;JESSICA;23
11;1839;PAST DOCILE ROLLY MINTY 29G MORANGO;MERCEARIA;79605;12/06/2026;148585;77096;12;0;12;0;0;13/06/2026;JESSICA;6
11;1986;CAPPUCCINO PRONTO 3C 260ML BALANCE;MERCEARIA;79605;12/06/2026;148585;77096;6;0;6;0;0;13/06/2026;JESSICA;4
11;8306;SH PANTENE 400ML HIDRATACAO;PERFUMARIA E LIMPEZA;79605;12/06/2026;148585;77096;6;120;6;0;0;13/06/2026;JESSICA;6
11;38616;CD SEDA COLAGENO VIT INT 250ML;PERFUMARIA E LIMPEZA;79605;12/06/2026;148585;77096;1;4;1;0;0;13/06/2026;JESSICA;0
11;6021;ESPUMA BARBA BOZZANO 193G HIDRATACAO;PERFUMARIA E LIMPEZA;79605;12/06/2026;148585;77096;1;3;1;1;1;13/06/2026;JESSICA;0
11;8608;TINT COR E TON LOU ESC ACI 6 1;PERFUMARIA E LIMPEZA;79605;12/06/2026;148585;77096;6;0;6;0;0;13/06/2026;JESSICA;0
11;38621;MASC DOVE RECONST E AMINOACIDO 320G;PERFUMARIA E LIMPEZA;79605;12/06/2026;148585;77096;1;3;1;1;1;13/06/2026;JESSICA;0
11;1372;CHOC CROCANTE GAROTO 25G;MERCEARIA;79605;12/06/2026;148585;77096;30;0;30;1;1;13/06/2026;JESSICA;23
11;1686;CONFEITO MMS TUBO 38G CHOC AO LEITE;MERCEARIA;79605;12/06/2026;148585;77096;12;0;12;0;0;13/06/2026;JESSICA;0
11;5666;DESOD VINI LADY 45G CREME SPORT;PERFUMARIA E LIMPEZA;79605;12/06/2026;148585;77096;24;0;24;0;0;13/06/2026;JESSICA;2
11;38000;CHOC BARRA NESTLE RECH 90G GALAK;MERCEARIA;79605;12/06/2026;148585;77096;14;813;14;1;0;16/06/2026;PAMELA;45
11;4565;CARGA MACH 3 2UN SENSITIVE;PERFUMARIA E LIMPEZA;79605;12/06/2026;148585;77096;12;0;24;2;0;16/06/2026;PAMELA;9
11;3431;SOPA GALINHA MAGGI 60G FIDELINI;MERCEARIA;79605;12/06/2026;148585;77096;10;40;10;0;0;13/06/2026;JESSICA;0
11;3807;PO P SORVETE APTI 120G MOR;MERCEARIA;79605;12/06/2026;148585;77096;12;0;12;1;1;13/06/2026;JESSICA;13
11;19804;KIT SH CD PANTENE 300 150ML QUERATINA;PERFUMARIA E LIMPEZA;79605;12/06/2026;148585;77096;6;96;12;0;0;13/06/2026;JESSICA;0
11;7361;PAPEL HIG NEVE NEUTRO 12X20M TOQUE DE SEDA;PERFUMARIA E LIMPEZA;79605;12/06/2026;148585;77096;5;70;5;1;0;15/06/2026;ELIAS;8
11;16593;CORT UNHA INOX PREMIUM 5 2CM 1PC;PERFUMARIA E LIMPEZA;79605;12/06/2026;148585;77096;1;13;1;0;0;12/06/2026;SAMUEL;3
11;3805;PO P SORVETE APTI 120G CREME;MERCEARIA;79605;12/06/2026;148585;77096;12;0;12;0;0;13/06/2026;JESSICA;14
11;38619;SH DOVE UMECTACAO E COCO 370ML;PERFUMARIA E LIMPEZA;79605;12/06/2026;148585;77096;1;4;1;0;0;13/06/2026;JESSICA;0
11;25106;VASSOURA JARDINEIRA S CABO;PERFUMARIA E LIMPEZA;79605;12/06/2026;148585;77096;1;19;1;0;0;12/06/2026;SAMUEL;8
11;24138;SC PANOSUL ALVEJADO 48X63CM R 14;PERFUMARIA E LIMPEZA;79605;12/06/2026;148585;77096;1;10;1;0;0;12/06/2026;SAMUEL;38
11;3802;PO P SORVETE APTI 120G ABACAXI;MERCEARIA;79605;12/06/2026;148585;77096;12;0;12;1;1;13/06/2026;JESSICA;14
11;15295;CALDO MAGGI 57G COSTELA;MERCEARIA;79605;12/06/2026;148585;77096;10;0;10;1;0;16/06/2026;PAMELA;64
11;2382;LENTILHA YOKI TP2 400G;MERCEARIA;79847;12/06/2026;149115;77365;16;485;240;15;0;;;186
11;2413;MILHO PIPOCA YOKI 400G TRAD;MERCEARIA;79847;12/06/2026;149115;77365;28;6537;280;10;0;;;74
11;13401;BISC DOCE NESTLE CHOCO TRIO 90G AVELA;MERCEARIA;79847;12/06/2026;149115;77365;12;0;60;5;0;;;6
11;15194;CAFE SOL NESCAFE TRAD SH L40P36G;MERCEARIA;79847;12/06/2026;149115;77365;24;18;72;3;0;;;0
11;13403;BISC DOCE NESTLE CHOCO TRIO 90G PRESTIGIO;MERCEARIA;79847;12/06/2026;149115;77365;12;387;60;0;0;13/06/2026;JOCELAINE;59
11;2097;CAFE SOL NESCAFE SH 40G DOLCA;MERCEARIA;79847;12/06/2026;149115;77365;24;0;120;5;0;;;347
11;15186;CAFE SOL NESCAFE ORIG SH L40P36G;MERCEARIA;79847;12/06/2026;149115;77365;24;0;240;10;0;;;259
11;2621;ERVA MATE SEIVA PURA 1KG GROSSA S ACUCAR;MERCEARIA;79996;12/06/2026;149374;77519;10;0;50;0;0;12/06/2026;FERNANDO.H;0
11;793;REFRIG COCA COLA E FANTA LARANJA 2L;BEBIDAS;79996;12/06/2026;149374;77519;2;22;20;0;0;12/06/2026;FERNANDO.H;1
11;228;CERV AMSTEL LAGER LN 355ML;BEBIDAS;79996;12/06/2026;149374;77519;12;300;12;1;0;15/06/2026;GUILHERME B;14
11;796;REFRIG COCA COLA E FANTA GUARANA 2L;BEBIDAS;79996;12/06/2026;149374;77519;2;78;10;0;0;12/06/2026;FERNANDO.H;9
11;2396;MILHO VERDE OLE LT 170G;MERCEARIA;80065;12/06/2026;149541;77590;24;1690;240;10;10;16/06/2026;MARCOS M;123
11;310;VH TRADICAO TINTO 1 4L SC;BEBIDAS;80065;12/06/2026;149541;77590;6;2022;30;5;5;16/06/2026;ALEXANDRE;28
11;308;VH TRADICAO NIAGARA BCO 1 4L SV;BEBIDAS;80065;12/06/2026;149541;77590;6;810;30;5;5;16/06/2026;ALEXANDRE;36
11;3682;MIST LACTEA COND TRIANGULO TP 395G;MERCEARIA;80065;12/06/2026;149541;77590;27;2461;270;10;10;16/06/2026;MARCOS M;1635
11;2823;MASSA C OVOS STA FELICIDADE 500G ESPAGUETE;MERCEARIA;80241;12/06/2026;149745;77673;20;10;120;6;0;;;96
11;7354;PAPEL HIG DUETTO FD 12 UN DE 30M NEUTRO;PERFUMARIA E LIMPEZA;80306;12/06/2026;149909;78428;6;167;120;20;0;15/06/2026;ELIAS;127
12;5297;CR PENT PANTENE 240G HIDRATACAO;PERFUMARIA E LIMPEZA;79607;12/06/2026;148586;77097;12;5;12;1;1;13/06/2026;JESSICA;10
12;1036;BALA DORI GELATINA 13G AMORA;MERCEARIA;79607;12/06/2026;148586;77097;12;0;12;0;0;13/06/2026;JESSICA;2
12;1986;CAPPUCCINO PRONTO 3C 260ML BALANCE;MERCEARIA;79607;12/06/2026;148586;77097;6;0;6;0;0;13/06/2026;JESSICA;3
12;3807;PO P SORVETE APTI 120G MOR;MERCEARIA;79607;12/06/2026;148586;77097;12;0;12;0;0;13/06/2026;JESSICA;24
12;13402;BISC DOCE NESTLE CHOCO TRIO 90G LEITE;MERCEARIA;79607;12/06/2026;148586;77097;12;264;12;0;0;16/06/2026;MURILO;18
12;1124;BISC ISABELA CREAM CRACKER GER 350G;MERCEARIA;79607;12/06/2026;148586;77097;24;48;24;0;0;16/06/2026;MURILO;2
12;3874;BOMBOM AMOR CARIOCA 200G;MERCEARIA;79607;12/06/2026;148586;77097;30;932;30;1;1;16/06/2026;MURILO;12
12;1240;CHOC BARRA NEUGEBAUER 80G COOKIES;MERCEARIA;79607;12/06/2026;148586;77097;64;321;64;0;0;16/06/2026;MURILO;5
12;20193;LIXA P PES DUPLA FACE;PERFUMARIA E LIMPEZA;79607;12/06/2026;148586;77097;1;0;1;0;0;13/06/2026;JESSICA;5
12;12531;AP GILLETTE PROBAK C 2;PERFUMARIA E LIMPEZA;79607;12/06/2026;148586;77097;14;0;14;0;0;13/06/2026;JESSICA;172
12;5842;ESC DENTAL ORAL B COMPL LV2 PG1;PERFUMARIA E LIMPEZA;79607;12/06/2026;148586;77097;1;5;16;0;0;13/06/2026;JESSICA;27
12;38552;RACAO RANGO DOG 5KG;PRODUTOS PET;79607;12/06/2026;148586;77097;1;3580;8;8;0;15/06/2026;ELIAS;168
12;3153;SALG KEVYTOS 80G BACONYTOS;MERCEARIA;79607;12/06/2026;148586;77097;10;40;10;0;0;16/06/2026;MURILO;0
12;4565;CARGA MACH 3 2UN SENSITIVE;PERFUMARIA E LIMPEZA;79607;12/06/2026;148586;77097;12;0;24;2;2;13/06/2026;JESSICA;25
12;24388;SILICONE DESTAQUE AERO 400ML AREA51;PERFUMARIA E LIMPEZA;79607;12/06/2026;148586;77097;1;1;1;0;0;12/06/2026;SAMUEL;3
12;3431;SOPA GALINHA MAGGI 60G FIDELINI;MERCEARIA;79607;12/06/2026;148586;77097;10;40;10;0;0;13/06/2026;JESSICA;6
12;3802;PO P SORVETE APTI 120G ABACAXI;MERCEARIA;79607;12/06/2026;148586;77097;12;0;12;0;0;13/06/2026;JESSICA;23
12;1605;BISC SALG CLUB SOCIAL 6UN 144G INTEGRAL;MERCEARIA;79607;12/06/2026;148586;77097;44;44;44;0;0;16/06/2026;MURILO;3
12;3181;SALG KEVYTOS SHOW 38G BACON;MERCEARIA;79607;12/06/2026;148586;77097;20;280;40;0;0;16/06/2026;MURILO;-9
12;1099;BALA DORI TUBO 70G YOGURTE 100;MERCEARIA;79607;12/06/2026;148586;77097;12;12;12;0;0;16/06/2026;MURILO;11
12;24320;SH ELSEVE 400ML LOREAL GLYCOLI;PERFUMARIA E LIMPEZA;79607;12/06/2026;148586;77097;12;0;12;1;0;;PAMELA;10
12;21692;PAPEL HIG NATUPEL PREM FS 30M C 4;PERFUMARIA E LIMPEZA;79607;12/06/2026;148586;77097;16;160;16;1;0;15/06/2026;ELIAS;10
12;9587;DESOD SANIT ADES GOTA LIMPA 41G 7D EUCALIPTO;PERFUMARIA E LIMPEZA;79607;12/06/2026;148586;77097;12;11;24;2;2;13/06/2026;JESSICA;1
12;5856;ESC DENTAL SORRISO DURA;PERFUMARIA E LIMPEZA;79607;12/06/2026;148586;77097;12;0;12;1;1;13/06/2026;JESSICA;34
12;35613;VELA PERF AMAZONIA AROMAS 60G CRAVO CANELA;PERFUMARIA E LIMPEZA;79607;12/06/2026;148586;77097;12;0;12;0;0;12/06/2026;SAMUEL;4
12;3805;PO P SORVETE APTI 120G CREME;MERCEARIA;79607;12/06/2026;148586;77097;12;0;24;0;0;13/06/2026;JESSICA;23
12;3270;SALG KEVYTOS 55G CHURRASCO;MERCEARIA;79607;12/06/2026;148586;77097;25;135;25;0;0;16/06/2026;MURILO;0
12;23370;SALG KRUKS 35G BACON;MERCEARIA;79607;12/06/2026;148586;77097;10;28;10;0;0;16/06/2026;MURILO;0
12;1492;CHOC KI KAKAU BOLIBOL C 50;MERCEARIA;79607;12/06/2026;148586;77097;20;59;20;0;0;16/06/2026;MURILO;-13
12;4256;AP PRESTOBARBA ULTRAGRIP 3L CART2UN;PERFUMARIA E LIMPEZA;79607;12/06/2026;148586;77097;1;1;1;0;0;13/06/2026;JESSICA;4
12;23371;SALG KRUKS 35G CHURRASCO;MERCEARIA;79607;12/06/2026;148586;77097;10;69;10;0;0;16/06/2026;MURILO;0
12;21686;PAPEL HIG MILI NEUTRO FLA SPL 60M 4UN;PERFUMARIA E LIMPEZA;79607;12/06/2026;148586;77097;24;5;24;1;0;15/06/2026;ELIAS;7
12;1437;BISC RECH GLUB 100G CHOC BCO;MERCEARIA;79607;12/06/2026;148586;77097;30;60;30;0;0;16/06/2026;MURILO;0
12;5848;ESC DENTAL ORAL B KIDS MICKEY;PERFUMARIA E LIMPEZA;79607;12/06/2026;148586;77097;12;6;48;4;4;13/06/2026;JESSICA;3
12;5806;ESC DENTAL COLGATE ESSENCIAL CLEAN PACK 06UN;PERFUMARIA E LIMPEZA;79607;12/06/2026;148586;77097;6;6;6;1;1;13/06/2026;JESSICA;13
12;37891;TIT COR E TON S AMONIA 3 0 CAST ESC;PERFUMARIA E LIMPEZA;79607;12/06/2026;148586;77097;6;0;6;1;0;16/06/2026;PAMELA;6
12;3635;SAL MOIDO CBS 1KG;MERCEARIA;79607;12/06/2026;148586;77097;10;90;20;2;0;;;-17
12;3426;CREME QUEIJO APTI 68G;MERCEARIA;79607;12/06/2026;148586;77097;12;36;12;1;1;13/06/2026;JESSICA;11
12;23372;SALG KRUKS 35G PRESUNTO;MERCEARIA;79607;12/06/2026;148586;77097;10;11;10;0;0;16/06/2026;MURILO;7
12;1527;BISC RECH ISABELA MOUSSE 130G CHOC M AMARGO;MERCEARIA;79607;12/06/2026;148586;77097;50;200;50;0;0;16/06/2026;MURILO;43
12;3183;SALG KEVYTOS 55G BACON;MERCEARIA;79607;12/06/2026;148586;77097;25;125;25;0;0;16/06/2026;MURILO;7
12;15295;CALDO MAGGI 57G COSTELA;MERCEARIA;79607;12/06/2026;148586;77097;10;0;10;0;0;13/06/2026;JESSICA;53
12;1295;CHOC BARRA NESTLE 80G DIPLOMATA;MERCEARIA;79607;12/06/2026;148586;77097;64;10;64;1;0;16/06/2026;PAMELA;-16
12;1294;CHOC BARRA NESTLE 80G AO LEITE;MERCEARIA;79607;12/06/2026;148586;77097;64;16;128;2;0;16/06/2026;PAMELA;314
12;13303;BISC COOKIE NESTLE 60G CHARGE;MERCEARIA;79607;12/06/2026;148586;77097;52;0;52;1;1;16/06/2026;MURILO;31
12;18839;FRONHA MALHA LD SORT;NAO ALIMENTO;79647;12/06/2026;148606;77168;1;0;2;2;0;12/06/2026;SAMUEL;-1
12;22960;ROLO ALUM GRILL 30X4M;NAO ALIMENTO;79647;12/06/2026;148606;77168;25;25;50;2;0;12/06/2026;SAMUEL;47
12;35020;DUCHA GORDUCHA ZAFONEL 4T 220V;NAO ALIMENTO;79647;12/06/2026;148606;77168;1;14;1;1;0;12/06/2026;SAMUEL;0
12;17476;DUCHA ENERDUCHA UP4 6800W 220V BCO;NAO ALIMENTO;79647;12/06/2026;148606;77168;1;12;1;1;0;12/06/2026;SAMUEL;21
12;19332;INCENSO FLUTE C 8 ABRINDO CAMINH;NAO ALIMENTO;79647;12/06/2026;148606;77168;25;175;25;1;0;12/06/2026;SAMUEL;70
12;12971;BALAO ZERINHO C 100 SORT;NAO ALIMENTO;79647;12/06/2026;148606;77168;1;13;12;12;0;12/06/2026;SAMUEL;3
12;19880;LAMP ELGIN LED BCA 12W A60;NAO ALIMENTO;79647;12/06/2026;148606;77168;10;3000;10;10;0;12/06/2026;SAMUEL;15
12;15090;CAD ESPI CD 1X1 80FLS SWEETNESS;NAO ALIMENTO;79647;12/06/2026;148606;77168;4;16;4;1;0;12/06/2026;SAMUEL;14
12;15031;CAD ESPI CD 10X1 160FLS SWEETNESS;NAO ALIMENTO;79647;12/06/2026;148606;77168;4;20;4;1;0;12/06/2026;SAMUEL;3
12;33305;TAPETE BOX OVAL PVC 61X35CM;NAO ALIMENTO;79647;12/06/2026;148606;77168;1;16;1;1;0;12/06/2026;SAMUEL;2
12;15033;CAD ESPI CD 10X1 200FLS BRASILIDADE;NAO ALIMENTO;79647;12/06/2026;148606;77168;1;27;2;2;0;12/06/2026;SAMUEL;-31
12;12995;BAND BRASIL 60X40;NAO ALIMENTO;79647;12/06/2026;148606;77168;1;5;11;11;0;12/06/2026;SAMUEL;-114
12;18516;FILME UTILFILME 15M;NAO ALIMENTO;79647;12/06/2026;148606;77168;25;50;25;1;0;12/06/2026;SAMUEL;60
12;36297;CANETA ESF TRIGLOW LYKE C 10 CORES;NAO ALIMENTO;79647;12/06/2026;148606;77168;10;20;20;2;0;12/06/2026;SAMUEL;0
12;15194;CAFE SOL NESCAFE TRAD SH L40P36G;MERCEARIA;79849;12/06/2026;149116;77366;24;18;72;3;0;;;15
12;2382;LENTILHA YOKI TP2 400G;MERCEARIA;79849;12/06/2026;149116;77366;16;485;240;15;0;;;-2
12;13401;BISC DOCE NESTLE CHOCO TRIO 90G AVELA;MERCEARIA;79849;12/06/2026;149116;77366;12;0;36;3;0;;;36
12;2413;MILHO PIPOCA YOKI 400G TRAD;MERCEARIA;79849;12/06/2026;149116;77366;28;6537;280;10;0;;;37
12;13403;BISC DOCE NESTLE CHOCO TRIO 90G PRESTIGIO;MERCEARIA;79849;12/06/2026;149116;77366;12;387;60;0;0;13/06/2026;JOCELAINE;60
12;15186;CAFE SOL NESCAFE ORIG SH L40P36G;MERCEARIA;79849;12/06/2026;149116;77366;24;0;360;15;0;;;21
12;15180;CAFE SOL NESCAFE MATINAL SH L40P36G;MERCEARIA;79849;12/06/2026;149116;77366;24;92;48;2;0;;;32
12;2097;CAFE SOL NESCAFE SH 40G DOLCA;MERCEARIA;79849;12/06/2026;149116;77366;24;0;120;5;0;;;232
12;796;REFRIG COCA COLA E FANTA GUARANA 2L;BEBIDAS;79998;12/06/2026;149375;77520;2;78;10;5;0;15/06/2026;AUGUSTO;44
12;656;SUCO DEL VALLE FRUT TP 1L UVA;BEBIDAS;79998;12/06/2026;149375;77520;6;36;12;2;0;;LUAN;14
12;615;SUCO DEL VALLE TP 200ML PESSEGO;BEBIDAS;79998;12/06/2026;149375;77520;18;42;18;1;0;;;38
12;2542;ERVA MATE SEIVA PURA 500G TERERE NATURAL;MERCEARIA;79998;12/06/2026;149375;77520;10;10;50;5;0;15/06/2026;ALEXSANDRO;1
12;228;CERV AMSTEL LAGER LN 355ML;BEBIDAS;79998;12/06/2026;149375;77520;12;300;24;2;0;;LUAN;53
12;571;REPOS POWERADE 500ML UVA;BEBIDAS;79998;12/06/2026;149375;77520;6;64;12;2;0;;LUAN;114
12;643;SUCO DEL VALLE FRUT PET 1 5L FRUT CITRICAS;BEBIDAS;79998;12/06/2026;149375;77520;6;36;24;4;0;;;41
12;16;AGUA MIN CRYSTAL PET 1 5L S GAS;BEBIDAS;79998;12/06/2026;149375;77520;6;12;30;5;0;;;47
12;34976;SAB MARAN SUAVE 80G ERVA DOCE;PERFUMARIA E LIMPEZA;80067;12/06/2026;149542;77591;108;25164;216;2;0;;FERNANDO PAZ;201
12;34979;SAB MARAN SUAVE 80G AMENDOAS;PERFUMARIA E LIMPEZA;80067;12/06/2026;149542;77591;108;21391;324;3;0;;FERNANDO PAZ;104
12;3393;COCO RALADO ZAM E BOM 100G UMIDO ADOCADO;MERCEARIA;80067;12/06/2026;149542;77591;50;1;100;2;2;16/06/2026;JOCELAINE;58
12;34977;SAB MARAN SUAVE 80G PESSEGO;PERFUMARIA E LIMPEZA;80067;12/06/2026;149542;77591;108;24405;540;5;5;16/06/2026;JESSICA;97
12;34978;SAB MARAN SUAVE 80G ROSAS;PERFUMARIA E LIMPEZA;80067;12/06/2026;149542;77591;108;36147;540;5;0;;FERNANDO PAZ;67
12;307;VH TRADICAO NIAGARA BCO 1 4L SC;BEBIDAS;80067;12/06/2026;149542;77591;6;518;12;2;0;;;40
12;12452;AMEND BCO BELLA DICA 400G;MERCEARIA;80183;12/06/2026;149936;77729;12;8678;120;10;10;16/06/2026;WENDRIO;0
12;10869;CEREJA LA VIOLET KG;PERECIVEIS;80273;12/06/2026;149866;;6;0;12;0;0;;;0
12;10855;CASTANHA CAJU UNIAGRO TORR SALG KG;PERECIVEIS;80273;12/06/2026;149866;;12;0;12;0;0;;;10,138
12;10856;CASTANHA PARA UNIAGRO S CASCA;PERECIVEIS;80273;12/06/2026;149866;;20;40;20;0;0;;;10,016
13;6799;LEITE SANTA CLARA 1L ZERO LACTOSE;PERECIVEIS;79583;12/06/2026;148574;77098;12;12;24;2;0;;;-1
13;6796;LEITE UHT MOLICO 1L ZERO LACTOSE;PERECIVEIS;79583;12/06/2026;148574;77098;12;41;12;1;0;;;17
13;6781;LEITE LV EDGE ELEGE 1L INTEGRAL;PERECIVEIS;79583;12/06/2026;148574;77098;12;108;24;2;0;;;853
13;6800;LEITE UHT MOLICO TP 1L DESNAT;PERECIVEIS;79583;12/06/2026;148574;77098;12;1235;12;1;0;;;51
13;6787;LEITE LV ELEGE 1L ZERO LAC SEMI DES;PERECIVEIS;79583;12/06/2026;148574;77098;12;900;36;3;0;;;10
13;3431;SOPA GALINHA MAGGI 60G FIDELINI;MERCEARIA;79609;12/06/2026;148587;77098;10;40;10;0;0;13/06/2026;JOCELAINE;0
13;21685;PAPEL HIG MILI NEUTRO FLA SPL 100M 12UN;PERFUMARIA E LIMPEZA;79609;12/06/2026;148587;77098;6;57;6;1;0;15/06/2026;ELIAS;-1
13;12529;AP GILLETTE MACH3;PERFUMARIA E LIMPEZA;79609;12/06/2026;148587;77098;6;78;6;1;1;13/06/2026;JESSICA;4
13;22703;RAC DODOG ORIG ALL DAY 5K;PRODUTOS PET;79609;12/06/2026;148587;77098;1;381;1;1;0;15/06/2026;ELIAS;16
13;3512;FERM PO BIOL GOOD INSTANT SH 10G;MERCEARIA;79609;12/06/2026;148587;77098;30;0;270;0;0;13/06/2026;JOCELAINE;217
13;7490;POMADA NUGGET 36G PRETA;PERFUMARIA E LIMPEZA;79609;12/06/2026;148587;77098;12;0;12;0;0;13/06/2026;JESSICA;16
13;4264;AP VENUS SIMPLY LV4 PG3;PERFUMARIA E LIMPEZA;79609;12/06/2026;148587;77098;6;54;6;1;1;13/06/2026;JESSICA;6
13;302;VH SANGUE BOI TINTO 4L SC;BEBIDAS;79609;12/06/2026;148587;77098;2;4;2;0;0;12/06/2026;VILLARROEL;1
13;304;VH SANGUE BOI TINTO 4L SV;BEBIDAS;79609;12/06/2026;148587;77098;2;3;4;0;0;12/06/2026;VILLARROEL;2
13;33868;REFRE HAPPY TP 200ML UVA;BEBIDAS;79609;12/06/2026;148587;77098;24;0;24;0;0;12/06/2026;VILLARROEL;7
13;34718;REFRE HAPPY TP 1L PESSEGO;BEBIDAS;79609;12/06/2026;148587;77098;12;157;12;1;0;12/06/2026;VILLARROEL;9
13;633;VODKA TAIGA PREMIUM VD 1L;BEBIDAS;79609;12/06/2026;148587;77098;1;0;1;0;0;13/06/2026;JOCELAINE;10
13;9587;DESOD SANIT ADES GOTA LIMPA 41G 7D EUCALIPTO;PERFUMARIA E LIMPEZA;79609;12/06/2026;148587;77098;12;11;12;1;1;13/06/2026;JESSICA;5
13;4565;CARGA MACH 3 2UN SENSITIVE;PERFUMARIA E LIMPEZA;79609;12/06/2026;148587;77098;12;0;24;2;1;13/06/2026;JESSICA;0
13;5836;ESC DENTAL ORAL B 1 2 3 MEDIA;PERFUMARIA E LIMPEZA;79609;12/06/2026;148587;77098;12;108;36;2;2;13/06/2026;JESSICA;22
13;963;OLEO LIZA CANOLA 900ML;MERCEARIA;79609;12/06/2026;148587;77098;20;0;20;1;0;;;4
13;25433;VH CONCHA Y TORO RESERV CAB SUAVE 750ML;BEBIDAS;79609;12/06/2026;148587;77098;12;60;24;0;0;12/06/2026;VILLARROEL;11
13;33783;VODKA NINNOFF VD 900ML RED;BEBIDAS;79609;12/06/2026;148587;77098;6;228;12;0;0;12/06/2026;VILLARROEL;1
13;25984;BISC DOCE NESTLE CHOCO TRIO 90G BISC NESTLE CHO;MERCEARIA;79609;12/06/2026;148587;77098;12;144;48;0;0;13/06/2026;JOCELAINE;35
13;647;WHISKY GREEN VALLEY VD 1L;BEBIDAS;79609;12/06/2026;148587;77098;1;0;1;0;0;13/06/2026;JOCELAINE;0
13;12523;AP CORPO C 2;PERFUMARIA E LIMPEZA;79609;12/06/2026;148587;77098;12;54;24;1;1;13/06/2026;JESSICA;0
13;5842;ESC DENTAL ORAL B COMPL LV2 PG1;PERFUMARIA E LIMPEZA;79609;12/06/2026;148587;77098;1;5;28;0;0;13/06/2026;JESSICA;1
13;3680;LEITE COND TRIANGULO TP 395G;MERCEARIA;79609;12/06/2026;148587;77098;27;84;27;1;0;;;-1
13;8754;VINHO JOTA PE 1 5L TTO SECO;BEBIDAS;79609;12/06/2026;148587;77098;6;6;6;0;0;12/06/2026;VILLARROEL;11
13;880;REFRIG FRUKI GUARAN LT 350ML GUARA C BERGA;BEBIDAS;79609;12/06/2026;148587;77098;12;4;12;0;0;12/06/2026;VILLARROEL;14
13;33780;VODKA WE MIX LN 275ML MELAN HORT;BEBIDAS;79609;12/06/2026;148587;77098;6;180;12;0;0;12/06/2026;VILLARROEL;0
13;33871;REFRE HAPPY TP 200ML ABACAXI;BEBIDAS;79609;12/06/2026;148587;77098;24;48;48;0;0;12/06/2026;VILLARROEL;-3
13;240;VH DEL GRANO GOLD TINTO 750ML SV;BEBIDAS;79609;12/06/2026;148587;77098;6;306;6;1;0;12/06/2026;VILLARROEL;16
13;374;AGUARD VELHO BARREIRO 910ML LIMAO;BEBIDAS;79609;12/06/2026;148587;77098;6;26;12;0;0;12/06/2026;VILLARROEL;1
13;634;SUCO DEL VALLE LT 290ML MANGA;BEBIDAS;79609;12/06/2026;148587;77098;6;1;6;0;0;12/06/2026;VILLARROEL;15
13;17566;ENERG RED BULL MELAO MARAC LT 250ML;BEBIDAS;79609;12/06/2026;148587;77098;4;388;16;0;0;12/06/2026;VILLARROEL;4
13;36245;CHOC BARRA NESTLE RECH 90G PRESTIG;MERCEARIA;79609;12/06/2026;148587;77098;14;0;14;0;0;13/06/2026;JOCELAINE;0
13;4258;AP PROBAK II LV7 PG5;PERFUMARIA E LIMPEZA;79609;12/06/2026;148587;77098;1;457;107;0;0;13/06/2026;JESSICA;10
13;37863;CREME LEITE TP DAUS 200G;MERCEARIA;79609;12/06/2026;148587;77098;27;116;27;1;0;;;281
13;784;REFRIG ANTARCTICA GUARANA PET 2L;BEBIDAS;79609;12/06/2026;148587;77098;8;35;8;1;0;;;-25
13;643;SUCO DEL VALLE FRUT PET 1 5L FRUT CITRICAS;BEBIDAS;79609;12/06/2026;148587;77098;6;36;12;0;0;12/06/2026;VILLARROEL;16
13;29;REFRE PO TRINK 15G MORANGO;BEBIDAS;79609;12/06/2026;148587;77098;150;5250;150;0;0;12/06/2026;VILLARROEL;133
13;34951;SUCO KAPO 200ML MELANCIA;BEBIDAS;79609;12/06/2026;148587;77098;12;892;24;0;0;12/06/2026;VILLARROEL;1
13;15295;CALDO MAGGI 57G COSTELA;MERCEARIA;79609;12/06/2026;148587;77098;10;0;10;0;0;13/06/2026;JOCELAINE;0
13;5848;ESC DENTAL ORAL B KIDS MICKEY;PERFUMARIA E LIMPEZA;79609;12/06/2026;148587;77098;12;6;48;4;4;13/06/2026;JESSICA;2
13;533;ENERG RED BULL LT 355ML;BEBIDAS;79609;12/06/2026;148587;77098;4;140;12;0;0;12/06/2026;VILLARROEL;5
13;896;REFRIG FANTA LARANJA LT 350ML;BEBIDAS;79609;12/06/2026;148587;77098;6;846;48;0;0;12/06/2026;VILLARROEL;45
13;282;CERV MICHELOB ULTRA LN 330ML;BEBIDAS;79609;12/06/2026;148587;77098;24;1032;24;0;0;12/06/2026;VILLARROEL;0
13;21682;PAPEL HIG BIANCO NEUTRO FLA SMP 60M 12UN;PERFUMARIA E LIMPEZA;79609;12/06/2026;148587;77098;8;0;8;1;0;15/06/2026;ELIAS;22
13;21687;PAPEL HIG MILI PERFUM FLA DPL 30M 12UN;PERFUMARIA E LIMPEZA;79609;12/06/2026;148587;77098;8;50;8;1;0;15/06/2026;ELIAS;-14
13;3835;EXT TOM FUGINI SH 190G;MERCEARIA;79609;12/06/2026;148587;77098;36;1199;72;2;0;;;29
13;417;BEB VIT BALY KIDS LT 220ML LARANJA;BEBIDAS;79609;12/06/2026;148587;77098;6;0;6;0;0;12/06/2026;VILLARROEL;18
13;2161;ARROZ BCO ALEGRETE TP1 5KG;MERCEARIA;79748;12/06/2026;148854;77283;6;5652;180;30;0;13/06/2026;ALEX JARDIM;60
13;2026;MILHO PIPOCA SERRA URUGUAI TP1 400G;MERCEARIA;79748;12/06/2026;148854;77283;20;60;40;2;0;13/06/2026;ALEX JARDIM;4
13;13403;BISC DOCE NESTLE CHOCO TRIO 90G PRESTIGIO;MERCEARIA;79851;12/06/2026;149117;77367;12;387;60;0;0;;JOCELAINE;39
13;15180;CAFE SOL NESCAFE MATINAL SH L40P36G;MERCEARIA;79851;12/06/2026;149117;77367;24;92;48;2;0;;;-23
13;2097;CAFE SOL NESCAFE SH 40G DOLCA;MERCEARIA;79851;12/06/2026;149117;77367;24;0;120;5;0;;;192
13;15182;CAFE SOL NESCAFE MATINAL VD 200G;MERCEARIA;79851;12/06/2026;149117;77367;12;1;12;1;0;;;20
13;2382;LENTILHA YOKI TP2 400G;MERCEARIA;79851;12/06/2026;149117;77367;16;485;320;20;0;;;160
13;15186;CAFE SOL NESCAFE ORIG SH L40P36G;MERCEARIA;79851;12/06/2026;149117;77367;24;0;264;11;0;;;80
13;793;REFRIG COCA COLA E FANTA LARANJA 2L;BEBIDAS;80000;12/06/2026;149376;77521;2;22;10;0;0;16/06/2026;MARCOS M;0
13;643;SUCO DEL VALLE FRUT PET 1 5L FRUT CITRICAS;BEBIDAS;80000;12/06/2026;149376;77521;6;36;12;0;0;15/06/2026;VILLARROEL;16
13;796;REFRIG COCA COLA E FANTA GUARANA 2L;BEBIDAS;80000;12/06/2026;149376;77521;2;78;10;0;0;16/06/2026;MARCOS M;39
13;571;REPOS POWERADE 500ML UVA;BEBIDAS;80000;12/06/2026;149376;77521;6;64;12;2;0;15/06/2026;GUILHERME B;97
13;646;SUCO DEL VALLE FRUT PET 1 5L UVA;BEBIDAS;80000;12/06/2026;149376;77521;6;67;6;1;0;15/06/2026;GUILHERME B;17
13;741;REFRIG COCA COLA PET ZERO 1 5L;BEBIDAS;80000;12/06/2026;149376;77521;8;64;16;2;0;15/06/2026;GUILHERME B;16
13;4048;ALIM GATO FRISKIES 85G FRANGO MOLHO;PRODUTOS PET;80033;12/06/2026;149458;77592;15;735;75;5;5;16/06/2026;JOCELAINE;45
13;4046;ALIM GATO FRISKIES 85G CORDEIR AO MOLH;PRODUTOS PET;80033;12/06/2026;149458;77592;15;645;75;5;5;16/06/2026;JOCELAINE;65
13;3995;ALIM CAO DOG CHOW100G SACHE TOD TAM CORDEIRO ADULT;PRODUTOS PET;80033;12/06/2026;149458;77592;15;48;75;5;5;16/06/2026;JOCELAINE;66
13;3996;ALIM CAO DOG CHOW100G SACHE TOD TAM FI RA PEQ FRAN;PRODUTOS PET;80033;12/06/2026;149458;77592;15;268;75;0;0;16/06/2026;JOCELAINE;61
13;4053;ALIM GATO FRISKIES 85G SALMAO AO MOLHO;PRODUTOS PET;80033;12/06/2026;149458;77592;15;30;75;5;5;16/06/2026;JOCELAINE;34
13;3993;ALIM CAO DOG CHOW100G SACHE TOD TAM AD RA PEQ SALM;PRODUTOS PET;80033;12/06/2026;149458;77592;15;1;75;5;5;16/06/2026;JOCELAINE;26
13;4045;ALIM GATO FRISKIES 85G CARNE AO MOLHO;PRODUTOS PET;80033;12/06/2026;149458;77592;15;315;75;5;5;16/06/2026;JOCELAINE;120
13;3994;ALIM CAO DOG CHOW100G SACHE TOD TAM CARNE ADULTO;PRODUTOS PET;80033;12/06/2026;149458;77592;15;1335;75;5;5;16/06/2026;JOCELAINE;74
13;4047;ALIM GATO FRISKIES 85G FILHO CARN MOLH;PRODUTOS PET;80033;12/06/2026;149458;77592;15;495;75;5;5;16/06/2026;JOCELAINE;72
13;4051;ALIM GATO FRISKIES 85G PEIXE BRANCO;PRODUTOS PET;80033;12/06/2026;149458;77592;15;1350;75;5;5;16/06/2026;JOCELAINE;114
13;193;CERV PROVINCIA PILSEN PREM LT 473ML;BEBIDAS;80069;12/06/2026;149543;77592;12;16510;240;20;20;16/06/2026;WENDRIO;25
13;34978;SAB MARAN SUAVE 80G ROSAS;PERFUMARIA E LIMPEZA;80069;12/06/2026;149543;77592;108;36147;324;3;0;16/06/2026;JESSICA;60
13;2396;MILHO VERDE OLE LT 170G;MERCEARIA;80069;12/06/2026;149543;77592;24;1690;120;5;5;16/06/2026;GUILHERME B;213
13;308;VH TRADICAO NIAGARA BCO 1 4L SV;BEBIDAS;80069;12/06/2026;149543;77592;6;810;30;5;5;16/06/2026;WENDRIO;44
13;34979;SAB MARAN SUAVE 80G AMENDOAS;PERFUMARIA E LIMPEZA;80069;12/06/2026;149543;77592;108;21391;324;3;0;16/06/2026;JESSICA;58
13;144;CERV AMSTEL LAGER LT 473ML;BEBIDAS;80069;12/06/2026;149543;77592;12;8733;240;20;20;16/06/2026;WENDRIO;352
13;34977;SAB MARAN SUAVE 80G PESSEGO;PERFUMARIA E LIMPEZA;80069;12/06/2026;149543;77592;108;24405;324;3;0;16/06/2026;JESSICA;182
13;3682;MIST LACTEA COND TRIANGULO TP 395G;MERCEARIA;80069;12/06/2026;149543;77592;27;2461;540;20;20;16/06/2026;GUILHERME B;512
13;34976;SAB MARAN SUAVE 80G ERVA DOCE;PERFUMARIA E LIMPEZA;80069;12/06/2026;149543;77592;108;25164;216;2;0;16/06/2026;JESSICA;117
13;12452;AMEND BCO BELLA DICA 400G;MERCEARIA;80185;12/06/2026;149937;77730;12;8678;240;20;20;16/06/2026;MARCOS M;-43
13;5694;DETERG YPE 500ML CLEAR CARE;PERFUMARIA E LIMPEZA;80296;12/06/2026;149883;77745;24;552;72;3;0;16/06/2026;ALEX JARDIM;13
13;5696;DETERG YPE 500ML MACA;PERFUMARIA E LIMPEZA;80296;12/06/2026;149883;77745;24;240;24;1;0;16/06/2026;ALEX JARDIM;-37
13;5695;DETERG YPE 500ML COCO;PERFUMARIA E LIMPEZA;80296;12/06/2026;149883;77745;24;1104;120;5;0;16/06/2026;ALEX JARDIM;30
13;5698;DETERG YPE 500ML LIMAO;PERFUMARIA E LIMPEZA;80296;12/06/2026;149883;77745;24;816;120;5;0;16/06/2026;ALEX JARDIM;55
14;3397;CALDO APTI 19G LEGUMES;MERCEARIA;79611;12/06/2026;148588;77094;24;0;24;1;0;;JESSICA;71
14;3394;CALDO GALINHA KNORR 114G;MERCEARIA;79611;12/06/2026;148588;77094;1;728;22;22;0;;JESSICA;9
14;15295;CALDO MAGGI 57G COSTELA;MERCEARIA;79611;12/06/2026;148588;77094;10;0;10;1;0;;JESSICA;-28
14;1886;PASTILHA TIC TAC 14 5G FRUTAS;MERCEARIA;79611;12/06/2026;148588;77094;14;0;14;1;0;;JESSICA;-48
14;1354;CHOC BATON GAROTO 16G BRANCO;MERCEARIA;79611;12/06/2026;148588;77094;30;29;30;1;0;;JESSICA;26
14;9996;PETISCO FRISKIES 40G FRANGO;PRODUTOS PET;79611;12/06/2026;148588;77094;15;31;30;30;0;;;12
14;1298;CHOC BARRA NESTLE SUFLAIR DUO 80G;MERCEARIA;79611;12/06/2026;148588;77094;64;33;64;1;0;;JESSICA;64
14;4042;RACAO FRISKIES 850G MEGAMIX AD CAST;PRODUTOS PET;79611;12/06/2026;148588;77094;9;0;9;1;0;;;1
14;169;CERV HEINEKEN LT 473ML;BEBIDAS;79750;12/06/2026;148855;77284;12;24;240;20;0;12/06/2026;MARCOS M;681
14;2026;MILHO PIPOCA SERRA URUGUAI TP1 400G;MERCEARIA;79750;12/06/2026;148855;77284;20;60;20;1;0;15/06/2026;BRUNO ANTUNES;24
14;2161;ARROZ BCO ALEGRETE TP1 5KG;MERCEARIA;79750;12/06/2026;148855;77284;6;5652;60;0;0;13/06/2026;TEIXEIRA;102
14;13403;BISC DOCE NESTLE CHOCO TRIO 90G PRESTIGIO;MERCEARIA;79853;12/06/2026;149118;77368;12;387;60;0;0;13/06/2026;JOCELAINE;39
14;2382;LENTILHA YOKI TP2 400G;MERCEARIA;79853;12/06/2026;149118;77368;16;485;160;10;0;;;84
14;2413;MILHO PIPOCA YOKI 400G TRAD;MERCEARIA;79853;12/06/2026;149118;77368;28;6537;280;10;0;;;-20
14;15182;CAFE SOL NESCAFE MATINAL VD 200G;MERCEARIA;79853;12/06/2026;149118;77368;12;1;24;2;0;;;1
14;741;REFRIG COCA COLA PET ZERO 1 5L;BEBIDAS;80002;12/06/2026;149377;77522;8;64;16;0;0;;LUAN;0
14;780;REFRIG SPRITE PET 200ML;BEBIDAS;80002;12/06/2026;149377;77522;12;36;36;0;0;;LUAN;-1
14;796;REFRIG COCA COLA E FANTA GUARANA 2L;BEBIDAS;80002;12/06/2026;149377;77522;2;78;20;10;0;13/06/2026;TEIXEIRA;0
14;656;SUCO DEL VALLE FRUT TP 1L UVA;BEBIDAS;80002;12/06/2026;149377;77522;6;36;12;0;0;;LUAN;25
14;34306;REFRIG COCA COLA PET 1L;BEBIDAS;80002;12/06/2026;149377;77522;6;48;30;0;0;;LUAN;0
14;646;SUCO DEL VALLE FRUT PET 1 5L UVA;BEBIDAS;80002;12/06/2026;149377;77522;6;67;12;0;0;;LUAN;20
14;793;REFRIG COCA COLA E FANTA LARANJA 2L;BEBIDAS;80002;12/06/2026;149377;77522;2;22;10;5;0;13/06/2026;TEIXEIRA;0
14;2396;MILHO VERDE OLE LT 170G;MERCEARIA;80071;12/06/2026;149544;77593;24;1690;240;10;0;16/06/2026;GUILHERME B;80
14;2569;MOLHO TOM POMODORO SH 300G TRAD;MERCEARIA;80071;12/06/2026;149544;77593;24;12063;120;5;0;16/06/2026;GUILHERME B;168
14;308;VH TRADICAO NIAGARA BCO 1 4L SV;BEBIDAS;80071;12/06/2026;149544;77593;6;810;12;2;0;16/06/2026;ALEX JARDIM;47
14;12452;AMEND BCO BELLA DICA 400G;MERCEARIA;80187;12/06/2026;149938;77731;12;8678;240;19;19;16/06/2026;ALEXSANDRO;-3
17;687;ESP GARIBALDI PRIMICIAS GF 660ML ROSE;BEBIDAS;79613;12/06/2026;148589;77099;1;0;5;0;0;;MONIQUE;17
17;6686;LAVA ROUPA ARIEL 1 2L CONCENTRADO DOWNY;PERFUMARIA E LIMPEZA;79613;12/06/2026;148589;77099;6;97;6;0;0;12/06/2026;GUILHERME B;1
17;5442;DESINF GIRANDO SOL 500ML LIMAO;PERFUMARIA E LIMPEZA;79613;12/06/2026;148589;77099;12;96;24;0;0;12/06/2026;GUILHERME B;1
17;19372;INSET NITROCID PO 50G;PERFUMARIA E LIMPEZA;79613;12/06/2026;148589;77099;1;8;1;0;0;12/06/2026;GUILHERME B;8
17;17348;DET LIQ GIRANDO SOL 1L GLICA;PERFUMARIA E LIMPEZA;79613;12/06/2026;148589;77099;12;227;36;0;0;12/06/2026;GUILHERME B;7
17;3883;ABS ALWAYS 8UN BASICO P SUAVE C ABAS;PERFUMARIA E LIMPEZA;79613;12/06/2026;148589;77099;18;17;18;1;1;12/06/2026;GUILHERME B;36
17;795;REFRIG COCA COLA PET 2L ZERO;BEBIDAS;79613;12/06/2026;148589;77099;8;10;8;1;0;;;768
17;774;REFRIG FRUKI PET 200ML UVA;BEBIDAS;79613;12/06/2026;148589;77099;12;12;12;1;0;;;0
17;4142;AMAC CONC COMFORT 1L CUIDADO ESSENC;PERFUMARIA E LIMPEZA;79613;12/06/2026;148589;77099;12;0;12;1;1;12/06/2026;GUILHERME B;12
17;5696;DETERG YPE 500ML MACA;PERFUMARIA E LIMPEZA;79613;12/06/2026;148589;77099;24;240;48;0;0;12/06/2026;GUILHERME B;-285
17;4147;AMAC CONC COMFORT 400ML RF FRESCOR INTENSO;PERFUMARIA E LIMPEZA;79613;12/06/2026;148589;77099;12;276;12;0;0;12/06/2026;GUILHERME B;12
17;5682;DET LIQ GOTA LIMPA 500ML NEUTRO;PERFUMARIA E LIMPEZA;79613;12/06/2026;148589;77099;24;8915;24;0;0;12/06/2026;GUILHERME B;3
17;3635;SAL MOIDO CBS 1KG;MERCEARIA;79613;12/06/2026;148589;77099;10;90;20;2;0;;;26
17;15296;CALDO MAGGI 57G LEGUMES;MERCEARIA;79613;12/06/2026;148589;77099;10;0;10;0;0;;MONIQUE;14
17;3971;ALCOOL 46 SUPER VALE 1L;PERFUMARIA E LIMPEZA;79613;12/06/2026;148589;77099;12;480;12;1;1;12/06/2026;GUILHERME B;24
17;33675;LIMP PERF SAIF CONCENTRADO 120ML CITRONELA;PERFUMARIA E LIMPEZA;79613;12/06/2026;148589;77099;12;72;12;0;0;12/06/2026;GUILHERME B;10
17;17340;DET LIQ BIO KRISS 500ML CLEAR;PERFUMARIA E LIMPEZA;79613;12/06/2026;148589;77099;24;168;72;0;0;12/06/2026;GUILHERME B;-186
17;33422;DET PO AQUAFAST MULTIACAO 800G;PERFUMARIA E LIMPEZA;79613;12/06/2026;148589;77099;20;75;20;0;0;12/06/2026;GUILHERME B;15
17;909;REFRIG SPRITE LT 350ML;BEBIDAS;79613;12/06/2026;148589;77099;6;2;6;1;0;;;21
17;25984;BISC DOCE NESTLE CHOCO TRIO 90G BISC NESTLE CHO;MERCEARIA;79613;12/06/2026;148589;77099;12;144;48;0;0;;MONIQUE;28
17;1397;CHOC NESTLE CHOKITO 32G UN;MERCEARIA;79613;12/06/2026;148589;77099;30;0;30;0;0;;MONIQUE;16
17;1746;CHICLE FREEGELLS GUM 8G MELANCIA;MERCEARIA;79613;12/06/2026;148589;77099;15;0;15;0;0;;MONIQUE;9
17;3805;PO P SORVETE APTI 120G CREME;MERCEARIA;79613;12/06/2026;148589;77099;12;0;36;3;3;;MONIQUE;26
17;21683;PAPEL HIG COMFORT FLA DPL 30M 18 UN;PERFUMARIA E LIMPEZA;79613;12/06/2026;148589;77099;4;0;12;3;0;15/06/2026;ELIAS;15
17;22743;RAC SNOW DOG CORD PQ PORT 5K;PRODUTOS PET;79613;12/06/2026;148589;77099;1;347;1;1;0;15/06/2026;ELIAS;4
17;8049;SAPONACEO CREM CIF 450ML BCO;PERFUMARIA E LIMPEZA;79613;12/06/2026;148589;77099;12;24;12;0;0;12/06/2026;GUILHERME B;12
17;6211;DESOD SANIT ADES GOTA LIMPA 41G 7D CITRONELA;PERFUMARIA E LIMPEZA;79613;12/06/2026;148589;77099;12;0;24;2;2;12/06/2026;GUILHERME B;2
17;5671;DETERG GIRANDO SOL 500ML COCO;PERFUMARIA E LIMPEZA;79613;12/06/2026;148589;77099;24;244;96;0;0;12/06/2026;GUILHERME B;-91
17;6850;LIMP BANHEIRO VEJA X14 400ML TIRA LIMO REFIL;PERFUMARIA E LIMPEZA;79613;12/06/2026;148589;77099;12;12;12;0;0;12/06/2026;GUILHERME B;1
17;4160;AMAC CONC COMFORT L500P400ML CUIDADO ESSENC;PERFUMARIA E LIMPEZA;79613;12/06/2026;148589;77099;12;0;12;0;0;12/06/2026;GUILHERME B;2
17;6122;FRALDA DESC PAMPERS CONFORT M C 70;PERFUMARIA E LIMPEZA;79613;12/06/2026;148589;77099;2;54;8;1;1;12/06/2026;GUILHERME B;2
17;3431;SOPA GALINHA MAGGI 60G FIDELINI;MERCEARIA;79613;12/06/2026;148589;77099;10;40;10;0;0;;MONIQUE;8
17;1058;ALFAJOR EL AGUILA 60G CHOC;MERCEARIA;79613;12/06/2026;148589;77099;12;3;12;0;0;;MONIQUE;-5
17;3802;PO P SORVETE APTI 120G ABACAXI;MERCEARIA;79613;12/06/2026;148589;77099;12;0;24;2;2;;MONIQUE;33
17;17201;DESINF PINHO SOL 1 75L LAVANDA;PERFUMARIA E LIMPEZA;79613;12/06/2026;148589;77099;6;282;12;1;1;12/06/2026;GUILHERME B;7
17;33282;CERV CERPA EXPORT LN 350ML;BEBIDAS;79613;12/06/2026;148589;77099;6;0;6;1;0;;;4
17;3400;BARRA CEREAL RITTER 25G BAN AVEIA MEL;MERCEARIA;79613;12/06/2026;148589;77099;24;0;24;0;0;;MONIQUE;-16
17;1264;CHOC BARRA LACTA 80G LAKA OREO;MERCEARIA;79613;12/06/2026;148589;77099;17;0;17;0;0;;MONIQUE;5
17;1276;CHOC BARRA GAROTO 80G MEIO AMARGO;MERCEARIA;79613;12/06/2026;148589;77099;16;0;96;0;0;;MONIQUE;-1
17;21687;PAPEL HIG MILI PERFUM FLA DPL 30M 12UN;PERFUMARIA E LIMPEZA;79613;12/06/2026;148589;77099;8;50;8;1;0;15/06/2026;ELIAS;-6
17;21296;ODORIZ AMAZONIA AROM 270ML ALFAZEMA;PERFUMARIA E LIMPEZA;79613;12/06/2026;148589;77099;12;36;12;0;0;12/06/2026;GUILHERME B;-1
17;8048;SAPONACEO CREM CIF 450ML BC GTS 20;PERFUMARIA E LIMPEZA;79613;12/06/2026;148589;77099;12;24;12;0;0;12/06/2026;GUILHERME B;-9
17;18762;FRALDA DESC MILI GIGA G C 78 C 78 G;PERFUMARIA E LIMPEZA;79613;12/06/2026;148589;77099;4;11;4;1;1;12/06/2026;GUILHERME B;16
17;3948;AGUA SANIT GOTA LIMPA 1L;PERFUMARIA E LIMPEZA;79613;12/06/2026;148589;77099;12;1452;72;6;6;12/06/2026;GUILHERME B;67
17;882;REFRIG FRUKI GUARAN LT 350ML GUARANA ZERO;BEBIDAS;79613;12/06/2026;148589;77099;12;0;12;1;0;;;12
17;1849;DROPS FREEGELLS 27 9G EXTRA FORTE;MERCEARIA;79613;12/06/2026;148589;77099;12;0;12;0;0;;MONIQUE;-11
17;1894;DROPS FREEGELLS 27 6G CEREJA CHOC;MERCEARIA;79613;12/06/2026;148589;77099;12;228;24;0;0;;MONIQUE;-4
17;3524;FERM QUIMICO PO FLEISCHMANN PT 100G;MERCEARIA;79613;12/06/2026;148589;77099;12;672;48;0;0;;MONIQUE;-28
17;633;VODKA TAIGA PREMIUM VD 1L;BEBIDAS;79613;12/06/2026;148589;77099;1;0;1;0;0;;MONIQUE;9
17;1269;CHOC BARRA LACTA 80G LAKA;MERCEARIA;79613;12/06/2026;148589;77099;17;0;34;0;0;;MONIQUE;7
17;1267;CHOC BARRA LACTA 80G AMARO 40 CACAU;MERCEARIA;79613;12/06/2026;148589;77099;17;0;17;0;0;;MONIQUE;-16
17;1888;PASTILHA TIC TAC 14 5G MENTA;MERCEARIA;79613;12/06/2026;148589;77099;14;0;14;0;0;;MONIQUE;-10
17;15295;CALDO MAGGI 57G COSTELA;MERCEARIA;79613;12/06/2026;148589;77099;10;0;10;0;0;;MONIQUE;13
17;38400;BOM AR ELET LIQ FRAMB JAS RF 16ML;PERFUMARIA E LIMPEZA;79613;12/06/2026;148589;77099;1;2;1;0;0;12/06/2026;GUILHERME B;5
17;35112;AMAC CONC DOWNY 750ML TROPICAL;PERFUMARIA E LIMPEZA;79613;12/06/2026;148589;77099;12;552;24;0;0;12/06/2026;GUILHERME B;0
17;33880;DET LIQ OMO CICLO RAPIDO 1 4 L ANTIODOR;PERFUMARIA E LIMPEZA;79613;12/06/2026;148589;77099;6;78;12;2;2;12/06/2026;GUILHERME B;-3
17;12404;AMACIANTE DOWNY 1 5L BRISA SUAVE;PERFUMARIA E LIMPEZA;79613;12/06/2026;148589;77099;9;890;63;0;0;12/06/2026;GUILHERME B;-18
17;8636;ALVEJ VANISH RF 240G OXI ACTION;PERFUMARIA E LIMPEZA;79613;12/06/2026;148589;77099;24;24;24;0;0;12/06/2026;GUILHERME B;-1
17;4197;AMAC DOWNY 900ML COLLECTION;PERFUMARIA E LIMPEZA;79613;12/06/2026;148589;77099;12;0;12;0;0;12/06/2026;GUILHERME B;0
17;43;AGUA MIN CRYSTAL PET 500ML S GAS;BEBIDAS;79613;12/06/2026;148589;77099;12;2233;12;1;0;;;107
17;18;AGUA TONICA FRUKI PET 1 5L;BEBIDAS;79613;12/06/2026;148589;77099;6;5;6;1;0;;;0
17;35734;AMAC FOFO CONC 1L AZL TUDAO;PERFUMARIA E LIMPEZA;79613;12/06/2026;148589;77099;12;0;12;1;1;12/06/2026;GUILHERME B;12
17;3871;CERV SKOL BEATS RED LT 269ML MIX;BEBIDAS;79613;12/06/2026;148589;77099;8;5;8;1;0;;;16
17;12294;AGUA TONICA QUININO 1 5L ZERO;BEBIDAS;79613;12/06/2026;148589;77099;6;0;6;1;0;;;5
17;1702;CONFEITO MMS 120G CRISPY;MERCEARIA;79613;12/06/2026;148589;77099;24;96;24;0;0;;MONIQUE;7
17;13403;BISC DOCE NESTLE CHOCO TRIO 90G PRESTIGIO;MERCEARIA;79855;12/06/2026;149119;77369;12;387;120;0;0;13/06/2026;JOCELAINE;-161
17;15182;CAFE SOL NESCAFE MATINAL VD 200G;MERCEARIA;79855;12/06/2026;149119;77369;12;1;12;1;0;;;20
17;2097;CAFE SOL NESCAFE SH 40G DOLCA;MERCEARIA;79855;12/06/2026;149119;77369;24;0;120;5;0;;;123
17;15186;CAFE SOL NESCAFE ORIG SH L40P36G;MERCEARIA;79855;12/06/2026;149119;77369;24;0;240;10;0;;;41
17;2382;LENTILHA YOKI TP2 400G;MERCEARIA;79855;12/06/2026;149119;77369;16;485;240;15;0;;;141
17;3993;ALIM CAO DOG CHOW100G SACHE TOD TAM AD RA PEQ SALM;PRODUTOS PET;80037;12/06/2026;149460;77594;15;1;75;5;5;16/06/2026;FERNANDO.H;36
17;4051;ALIM GATO FRISKIES 85G PEIXE BRANCO;PRODUTOS PET;80037;12/06/2026;149460;77594;15;1350;75;5;5;16/06/2026;FERNANDO.H;84
17;3994;ALIM CAO DOG CHOW100G SACHE TOD TAM CARNE ADULTO;PRODUTOS PET;80037;12/06/2026;149460;77594;15;1335;75;5;5;16/06/2026;FERNANDO.H;102
17;4045;ALIM GATO FRISKIES 85G CARNE AO MOLHO;PRODUTOS PET;80037;12/06/2026;149460;77594;15;315;75;5;5;16/06/2026;FERNANDO.H;104
17;3996;ALIM CAO DOG CHOW100G SACHE TOD TAM FI RA PEQ FRAN;PRODUTOS PET;80037;12/06/2026;149460;77594;15;268;75;0;0;16/06/2026;FERNANDO.H;113
17;4048;ALIM GATO FRISKIES 85G FRANGO MOLHO;PRODUTOS PET;80037;12/06/2026;149460;77594;15;735;90;6;6;16/06/2026;FERNANDO.H;-43
17;3995;ALIM CAO DOG CHOW100G SACHE TOD TAM CORDEIRO ADULT;PRODUTOS PET;80037;12/06/2026;149460;77594;15;48;75;5;5;16/06/2026;FERNANDO.H;69
17;4046;ALIM GATO FRISKIES 85G CORDEIR AO MOLH;PRODUTOS PET;80037;12/06/2026;149460;77594;15;645;90;6;6;16/06/2026;FERNANDO.H;17
17;4053;ALIM GATO FRISKIES 85G SALMAO AO MOLHO;PRODUTOS PET;80037;12/06/2026;149460;77594;15;30;75;5;5;16/06/2026;FERNANDO.H;119
17;3682;MIST LACTEA COND TRIANGULO TP 395G;MERCEARIA;80073;12/06/2026;149545;77594;27;2461;810;30;30;16/06/2026;MARCOS M;300
17;2569;MOLHO TOM POMODORO SH 300G TRAD;MERCEARIA;80073;12/06/2026;149545;77594;24;12063;240;10;10;16/06/2026;GUILHERME B;226
17;2396;MILHO VERDE OLE LT 170G;MERCEARIA;80073;12/06/2026;149545;77594;24;1690;72;3;3;16/06/2026;MARCOS M;212
17;12452;AMEND BCO BELLA DICA 400G;MERCEARIA;80189;12/06/2026;149939;77732;12;8678;240;20;20;16/06/2026;ARIELI;-7
17;5694;DETERG YPE 500ML CLEAR CARE;PERFUMARIA E LIMPEZA;80300;12/06/2026;149885;77747;24;552;48;2;0;16/06/2026;ALEX JARDIM;28
17;5692;DETERG YPE 500 ML NEUTRO;PERFUMARIA E LIMPEZA;80300;12/06/2026;149885;77747;24;1272;168;7;0;16/06/2026;ALEX JARDIM;25
17;9299;DETERG YPE LIQ 5L NEUTRO;PERFUMARIA E LIMPEZA;80300;12/06/2026;149885;77747;4;16;4;1;0;16/06/2026;ALEX JARDIM;-12
17;5698;DETERG YPE 500ML LIMAO;PERFUMARIA E LIMPEZA;80300;12/06/2026;149885;77747;24;816;120;5;0;16/06/2026;ALEX JARDIM;1
17;5695;DETERG YPE 500ML COCO;PERFUMARIA E LIMPEZA;80300;12/06/2026;149885;77747;24;1104;120;5;0;16/06/2026;ALEX JARDIM;-740
17;5696;DETERG YPE 500ML MACA;PERFUMARIA E LIMPEZA;80300;12/06/2026;149885;77747;24;240;24;1;0;16/06/2026;ALEX JARDIM;-285
18;23204;SAL CHUR GRILL GARCA 1K;MERCEARIA;79615;12/06/2026;148590;77092;10;301;10;1;0;;;22
18;38572;ERVILHA PARTIDA JUREIA 400G;MERCEARIA;79615;12/06/2026;148590;77092;6;4614;192;32;0;;;0
18;24323;SH GENIAL PET 2 EM 1 500ML;PRODUTOS PET;79615;12/06/2026;148590;77092;1;0;1;0;0;13/06/2026;JOCELAINE;6
18;2292;ERVILHA BELLA DICA PARTIDA 400GR;PERECIVEIS;79615;12/06/2026;148590;77092;12;324;72;6;0;;;159
18;33915;ARROZ SABOROSO PARB 1KG INTEGRAL;MERCEARIA;79615;12/06/2026;148590;77092;30;300;30;1;0;;;25
18;2672;FARINHA MANDIOCA CBS 500G;MERCEARIA;79615;12/06/2026;148590;77092;12;25;12;1;0;;;6
18;2382;LENTILHA YOKI TP2 400G;MERCEARIA;79615;12/06/2026;148590;77092;16;485;128;8;0;;;14
18;3635;SAL MOIDO CBS 1KG;MERCEARIA;79615;12/06/2026;148590;77092;10;90;220;22;0;;;119
18;19802;KIT SH CD PANTENE 300 150ML COLAGENO;PERFUMARIA E LIMPEZA;79615;12/06/2026;148646;;6;0;6;0;0;;;15
18;6125;FRALDA CONFORTSEC PAMPERS XG 34UN;PERFUMARIA E LIMPEZA;79615;12/06/2026;148590;77092;4;0;4;0;0;13/06/2026;JOCELAINE;1
18;3642;SAL REFINADO CISNE 1KG;MERCEARIA;79615;12/06/2026;148590;77092;10;0;550;55;0;;;-45
18;2104;ARROZ BCO PRATO FINO TP1 2KG;MERCEARIA;79615;12/06/2026;148590;77092;5;0;30;6;0;;;3
18;2431;POPCORN YOKI 100G MANTEIGA CINEMA;MERCEARIA;79615;12/06/2026;148590;77092;36;180;72;2;0;;;76
18;2026;MILHO PIPOCA SERRA URUGUAI TP1 400G;MERCEARIA;79615;12/06/2026;148590;77092;20;60;200;10;0;;;-564
18;37075;FARINHA TAPIOCA DINDA 400G TRAD;MERCEARIA;79615;12/06/2026;148590;77092;20;120;60;3;0;;;-43
18;1847;DROPS FREEGELLS 27 9G VIT C CITRUS;MERCEARIA;79615;12/06/2026;148646;;12;0;12;0;0;;;4
18;9743;LOCAO LEITE DE COLONIA LIMP 100ML TEMPO DE AMAR;PERFUMARIA E LIMPEZA;79615;12/06/2026;148646;;36;0;36;0;0;;;23
18;21687;PAPEL HIG MILI PERFUM FLA DPL 30M 12UN;PERFUMARIA E LIMPEZA;79615;12/06/2026;148590;77092;8;50;8;1;0;15/06/2026;ELIAS;8
18;18429;FAR PANKO SANTI ORIENTAL 200G;MERCEARIA;79615;12/06/2026;148590;77092;6;7;18;3;0;;;8
18;36660;BLOQ ODORES AMAZON 60ML CAPIM LIMAO;PERFUMARIA E LIMPEZA;79615;12/06/2026;148590;77092;12;0;12;0;0;13/06/2026;JOCELAINE;-8
18;2786;FAROFA MANDIOCA YOKI 200G TRADICIONAL;MERCEARIA;79615;12/06/2026;148590;77092;14;27;14;1;0;;;65
18;2401;MILHO PIPOCA BELLA DICA 400GR;MERCEARIA;79615;12/06/2026;148590;77092;12;1704;84;7;0;;;166
18;5840;ESC DENTAL ORAL B CLASSIC LV3 PG2;PERFUMARIA E LIMPEZA;79615;12/06/2026;148590;77092;6;0;6;0;0;13/06/2026;JOCELAINE;10
18;9498;ESTOPA POLIMENTO CENTRALSUL 400G;PERFUMARIA E LIMPEZA;79615;12/06/2026;148646;;12;0;12;0;0;;;-3
18;17351;DET LIQ GOTA LIMPA 3L ORIG;PERFUMARIA E LIMPEZA;79615;12/06/2026;148646;;4;12;4;0;0;;;-3
18;23217;SAL REFINADO EX GARCA 1K;MERCEARIA;79615;12/06/2026;148590;77092;10;2600;40;4;0;;;1
18;2793;FAROFA CASEIRISSIMA YOKI 200G CEBOLA;MERCEARIA;79615;12/06/2026;148590;77092;12;12;12;1;0;;;15
18;2212;ARROZ PARBO PRATO FINO TP1 1KG;MERCEARIA;79615;12/06/2026;148590;77092;10;2;10;1;0;;;18
18;2026;MILHO PIPOCA SERRA URUGUAI TP1 400G;MERCEARIA;79754;12/06/2026;148857;77286;20;60;40;2;0;13/06/2026;AUGUSTO;-564
18;13401;BISC DOCE NESTLE CHOCO TRIO 90G AVELA;MERCEARIA;79857;12/06/2026;149120;77370;12;0;60;5;0;;;22
18;2382;LENTILHA YOKI TP2 400G;MERCEARIA;79857;12/06/2026;149120;77370;16;485;240;15;0;;;14
18;15180;CAFE SOL NESCAFE MATINAL SH L40P36G;MERCEARIA;79857;12/06/2026;149120;77370;24;92;72;3;0;;;25
18;796;REFRIG COCA COLA E FANTA GUARANA 2L;BEBIDAS;80006;12/06/2026;149379;77524;2;78;10;0;0;15/06/2026;MARCOS M;32
18;646;SUCO DEL VALLE FRUT PET 1 5L UVA;BEBIDAS;80006;12/06/2026;149379;77524;6;67;12;0;0;16/06/2026;LUAN;-3
18;228;CERV AMSTEL LAGER LN 355ML;BEBIDAS;80006;12/06/2026;149379;77524;12;300;36;0;0;16/06/2026;LUAN;-12
18;607;SUCO DEL VALLE TP 1L UVA;BEBIDAS;80006;12/06/2026;149379;77524;6;6;6;1;0;;;21
18;483;ENERG BALY LT 250ML LABELLAMAFIA;BEBIDAS;80006;12/06/2026;149379;77524;6;0;18;3;0;;;6
18;34306;REFRIG COCA COLA PET 1L;BEBIDAS;80006;12/06/2026;149379;77524;6;48;18;0;0;16/06/2026;LUAN;1
18;3994;ALIM CAO DOG CHOW100G SACHE TOD TAM CARNE ADULTO;PRODUTOS PET;80039;12/06/2026;149461;77595;15;1335;75;0;0;16/06/2026;JOCELAINE;343
18;4051;ALIM GATO FRISKIES 85G PEIXE BRANCO;PRODUTOS PET;80039;12/06/2026;149461;77595;15;1350;75;5;5;16/06/2026;JOCELAINE;74
18;4047;ALIM GATO FRISKIES 85G FILHO CARN MOLH;PRODUTOS PET;80039;12/06/2026;149461;77595;15;495;75;5;5;16/06/2026;JOCELAINE;111
18;4048;ALIM GATO FRISKIES 85G FRANGO MOLHO;PRODUTOS PET;80039;12/06/2026;149461;77595;15;735;180;11;11;16/06/2026;JOCELAINE;105
18;4046;ALIM GATO FRISKIES 85G CORDEIR AO MOLH;PRODUTOS PET;80039;12/06/2026;149461;77595;15;645;75;5;5;16/06/2026;JOCELAINE;111
18;3993;ALIM CAO DOG CHOW100G SACHE TOD TAM AD RA PEQ SALM;PRODUTOS PET;80039;12/06/2026;149461;77595;15;1;75;5;5;16/06/2026;JOCELAINE;202
18;4045;ALIM GATO FRISKIES 85G CARNE AO MOLHO;PRODUTOS PET;80039;12/06/2026;149461;77595;15;315;75;5;5;16/06/2026;JOCELAINE;193
18;4053;ALIM GATO FRISKIES 85G SALMAO AO MOLHO;PRODUTOS PET;80039;12/06/2026;149461;77595;15;30;75;5;5;16/06/2026;JOCELAINE;245
18;3995;ALIM CAO DOG CHOW100G SACHE TOD TAM CORDEIRO ADULT;PRODUTOS PET;80039;12/06/2026;149461;77595;15;48;75;5;5;16/06/2026;JOCELAINE;139
18;3682;MIST LACTEA COND TRIANGULO TP 395G;MERCEARIA;80075;12/06/2026;149546;77595;27;2461;270;10;0;16/06/2026;MARCOS M;1557
18;34976;SAB MARAN SUAVE 80G ERVA DOCE;PERFUMARIA E LIMPEZA;80075;12/06/2026;149546;77595;108;25164;324;3;0;16/06/2026;JESSICA;30
18;34978;SAB MARAN SUAVE 80G ROSAS;PERFUMARIA E LIMPEZA;80075;12/06/2026;149546;77595;108;36147;540;5;0;16/06/2026;JESSICA;26
18;2396;MILHO VERDE OLE LT 170G;MERCEARIA;80075;12/06/2026;149546;77595;24;1690;240;10;0;16/06/2026;MARCOS M;41
18;34979;SAB MARAN SUAVE 80G AMENDOAS;PERFUMARIA E LIMPEZA;80075;12/06/2026;149546;77595;108;21391;216;2;0;16/06/2026;JESSICA;167
18;34977;SAB MARAN SUAVE 80G PESSEGO;PERFUMARIA E LIMPEZA;80075;12/06/2026;149546;77595;108;24405;324;3;0;16/06/2026;JESSICA;72
18;12452;AMEND BCO BELLA DICA 400G;MERCEARIA;80191;12/06/2026;149940;77733;12;8678;360;30;30;16/06/2026;ALEXSANDRO;-10
18;5692;DETERG YPE 500 ML NEUTRO;PERFUMARIA E LIMPEZA;80302;12/06/2026;149886;77748;24;1272;120;5;0;16/06/2026;ALEX JARDIM;32
18;5698;DETERG YPE 500ML LIMAO;PERFUMARIA E LIMPEZA;80302;12/06/2026;149886;77748;24;816;120;5;0;16/06/2026;ALEX JARDIM;81
18;5696;DETERG YPE 500ML MACA;PERFUMARIA E LIMPEZA;80302;12/06/2026;149886;77748;24;240;24;1;0;16/06/2026;ALEX JARDIM;0
18;5695;DETERG YPE 500ML COCO;PERFUMARIA E LIMPEZA;80302;12/06/2026;149886;77748;24;1104;120;5;0;16/06/2026;ALEX JARDIM;0
1;9741;LEITE SANTA CLARA LV SEMI DESN 1L;PERECIVEIS;80502;13/06/2026;150071;77868;12;21;24;2;0;;;60
1;9745;LEITE UHT SANTA CLARA DESN 1L;PERECIVEIS;80502;13/06/2026;150071;77868;12;179;12;1;0;;;26
1;35698;DET LIQ BARBAREX 5L NEUTRO;PERFUMARIA E LIMPEZA;80528;13/06/2026;150084;77868;2;13;2;0;0;13/06/2026;ALEXANDRE;4
1;5683;DET LIQ GOTA LIMPA 5L NEUTRO;PERFUMARIA E LIMPEZA;80528;13/06/2026;150084;77868;4;24;4;0;0;13/06/2026;ALEXANDRE;4
1;5680;DET LIQ GOTA LIMPA 500ML MACA;PERFUMARIA E LIMPEZA;80528;13/06/2026;150084;77868;24;6888;24;0;0;13/06/2026;ALEXANDRE;-22
1;23055;SAB LIQ HEDERA RF 370ML AVEIA;PERFUMARIA E LIMPEZA;80528;13/06/2026;150084;77868;12;0;12;1;0;;;3
1;17316;DESOD ROLLON REXONA 50ML WOMEN ANT INV;PERFUMARIA E LIMPEZA;80528;13/06/2026;150084;77868;12;0;12;1;0;;;6
1;1845;DROPS FREEGELLS 27 9G EUCALIPTO;MERCEARIA;80528;13/06/2026;150084;77868;12;0;12;1;0;;;-627
1;1649;WAFER GIRASSOL 60G LIMAO;MERCEARIA;80528;13/06/2026;150084;77868;50;1150;50;1;0;;;-24
1;6694;LAVA ROUPA BRILHANTE 3L HIGIENE TOTAL;PERFUMARIA E LIMPEZA;80528;13/06/2026;150084;77868;4;40;4;0;0;13/06/2026;ALEXANDRE;7
1;1014;TEMP COMPLETO ODERICH 1KG S PIMENTA;MERCEARIA;80528;13/06/2026;150084;77868;12;0;12;1;0;;;4
1;2487;DOCE DIFRUTTI 400G GOIABA;MERCEARIA;80528;13/06/2026;150084;77868;12;9;12;1;0;;;7
1;23372;SALG KRUKS 35G PRESUNTO;MERCEARIA;80528;13/06/2026;150084;77868;10;11;10;1;0;;;8
1;15765;CESTA BASICA PEQ;MERCEARIA;80528;13/06/2026;150085;;1;27;9;0;0;;;1
1;37437;AGUA SANITARIA SUPREMA 2 L;PERFUMARIA E LIMPEZA;80528;13/06/2026;150084;77868;6;3512;6;1;1;13/06/2026;ALEXANDRE;12
1;17350;DET LIQ GOTA LIMPA 1L NEUTRO;PERFUMARIA E LIMPEZA;80528;13/06/2026;150084;77868;12;2663;12;0;0;13/06/2026;ALEXANDRE;-6
1;17157;DESINF APYCE 2L LAVANDA;PERFUMARIA E LIMPEZA;80528;13/06/2026;150084;77868;6;307;6;1;1;13/06/2026;ALEXANDRE;5
1;17322;DET LIQ APYCE SUPERAC SH 800ML;PERFUMARIA E LIMPEZA;80528;13/06/2026;150084;77868;12;0;12;0;0;13/06/2026;ALEXANDRE;0
1;17415;DET PO GOTA LIMPA 800G HARMONIA;PERFUMARIA E LIMPEZA;80528;13/06/2026;150084;77868;20;35;20;0;0;13/06/2026;ALEXANDRE;-28
1;2494;DOCE DE LEITE DOCITO PT 400G;MERCEARIA;80528;13/06/2026;150084;77868;12;1;12;1;0;;;2
1;2136;ARROZ BCO JATAI TP3 5KG;MERCEARIA;80528;13/06/2026;150084;77868;6;63;6;1;0;;;-13
1;2747;FARINHA TRIGO ROSESOL 5KG;MERCEARIA;80528;13/06/2026;150084;77868;5;23;5;1;0;;;1
1;1113;BISC GERMANI BUTTER CRACKER 345G;MERCEARIA;80528;13/06/2026;150084;77868;20;2200;20;1;0;;;2
1;17156;DESINF APYCE 2L JASMIM;PERFUMARIA E LIMPEZA;80528;13/06/2026;150084;77868;6;314;6;0;0;13/06/2026;ALEXANDRE;15
1;12417;AMAC GOTA LIMPA 2L FASCINIO;PERFUMARIA E LIMPEZA;80528;13/06/2026;150084;77868;6;255;6;0;0;13/06/2026;ALEXANDRE;4
1;12289;AGUA SANIT IMPERIAL 1L;PERFUMARIA E LIMPEZA;80528;13/06/2026;150084;77868;12;12;12;0;0;13/06/2026;ALEXANDRE;0
1;52;AGUA MIN FLORESTA PET 5L S GAS;BEBIDAS;80528;13/06/2026;150084;77868;4;-5;4;1;0;;;1
1;2056;ARROZ BCO TRIVIAL TP2 1KG;MERCEARIA;80528;13/06/2026;150084;77868;30;175;30;1;0;;;14
1;23371;SALG KRUKS 35G CHURRASCO;MERCEARIA;80528;13/06/2026;150084;77868;10;69;10;1;0;;;2
1;17387;DET PO APYCE SH 400G ROSA;PERFUMARIA E LIMPEZA;80528;13/06/2026;150084;77868;50;50;50;0;0;13/06/2026;ALEXANDRE;3
1;7844;SABAO PO OMO 2 2KG LAV PERFEITA;PERFUMARIA E LIMPEZA;80528;13/06/2026;150084;77868;9;27;9;0;0;13/06/2026;ALEXANDRE;0
1;17321;DET LIQ APYCE MULTIACAO 3L AZUL;PERFUMARIA E LIMPEZA;80528;13/06/2026;150084;77868;4;690;4;1;1;13/06/2026;ALEXANDRE;-3
1;5678;DET LIQ GOTA LIMPA 500ML CRISTAL;PERFUMARIA E LIMPEZA;80528;13/06/2026;150084;77868;24;7728;24;0;0;13/06/2026;ALEXANDRE;1
1;12404;AMACIANTE DOWNY 1 5L BRISA SUAVE;PERFUMARIA E LIMPEZA;80528;13/06/2026;150084;77868;9;890;9;0;0;13/06/2026;ALEXANDRE;24
1;949;AZEIT OLIV COCINERO EXT VG 500ML;MERCEARIA;80528;13/06/2026;150084;77868;12;24;12;1;0;;;10
1;2537;DOCE DIFRUTTI 1 010KG PESSEGO;MERCEARIA;80528;13/06/2026;150084;77868;6;0;6;1;0;;;3
1;7883;SABONETE DOVE 90G ORIGINAL;PERFUMARIA E LIMPEZA;80528;13/06/2026;150084;77868;48;15980;48;1;0;;;91
1;33899;MACARRAO INST GERMANI 63G CARNE PICANTE;MERCEARIA;80528;13/06/2026;150084;77868;50;1997;50;1;0;;;252
1;5806;ESC DENTAL COLGATE ESSENCIAL CLEAN PACK 06UN;PERFUMARIA E LIMPEZA;80528;13/06/2026;150084;77868;6;6;6;1;0;;;8
1;4213;AMAC GOTA LIMPA 5L FLORATA;PERFUMARIA E LIMPEZA;80528;13/06/2026;150084;77868;4;302;4;1;1;13/06/2026;ALEXANDRE;6
1;17190;DESINF IMPERIAL 5L LAVANDA;PERFUMARIA E LIMPEZA;80528;13/06/2026;150084;77868;4;7;4;0;0;13/06/2026;ALEXANDRE;-41
1;5691;DETERG YPE 500 ML CLEAR;PERFUMARIA E LIMPEZA;80528;13/06/2026;150084;77868;24;-48;24;0;0;13/06/2026;ALEXANDRE;10
1;7424;PEDRA SANITARIA SANI SOL 20G FLORAL;PERFUMARIA E LIMPEZA;80528;13/06/2026;150084;77868;144;2015;144;1;0;;;18
1;17191;DESINF IMPERIAL 5L PINHO;PERFUMARIA E LIMPEZA;80528;13/06/2026;150084;77868;4;0;4;0;0;13/06/2026;ALEXANDRE;4
1;17340;DET LIQ BIO KRISS 500ML CLEAR;PERFUMARIA E LIMPEZA;80528;13/06/2026;150084;77868;24;168;24;0;0;13/06/2026;ALEXANDRE;-42
1;2101;ARROZ BCO REQUINTE TP1 2KG;MERCEARIA;80528;13/06/2026;150084;77868;15;15;15;1;0;;;8
1;2803;MACARRAO CUP NOODLES 67G LEGUMES AZEITE;MERCEARIA;80528;13/06/2026;150084;77868;24;241;24;1;0;;;29
1;17336;DET LIQ ATRIUS 5L GLICA;PERFUMARIA E LIMPEZA;80528;13/06/2026;150084;77868;4;61;4;1;1;13/06/2026;ALEXANDRE;4
1;6341;INSET AERO RAID 420ML CITRONELA;PERFUMARIA E LIMPEZA;80528;13/06/2026;150084;77868;12;517;12;0;0;13/06/2026;ALEXANDRE;6
1;7894;SABONETE FLOR DE YPE 85G ROSAS BR AVELA;PERFUMARIA E LIMPEZA;80528;13/06/2026;150084;77868;72;288;72;0;0;13/06/2026;ALEXANDRE;77
1;3948;AGUA SANIT GOTA LIMPA 1L;PERFUMARIA E LIMPEZA;80528;13/06/2026;150084;77868;12;1452;12;1;1;13/06/2026;ALEXANDRE;3
1;152;CERV BRAHMA CHOPP LT 473ML;BEBIDAS;80528;13/06/2026;150084;77868;12;48;12;1;0;;;168
1;459;ENERG BALY LT 473ML MANGA;BEBIDAS;80528;13/06/2026;150084;77868;6;0;6;1;0;;;3
1;3705;MIST P BOLO APTI 400G COCO;MERCEARIA;80528;13/06/2026;150084;77868;12;131;12;1;0;;;-11
1;2826;MASSA C OVOS STA FELICIDADE 500G PENNE;MERCEARIA;80528;13/06/2026;150084;77868;20;1080;20;1;0;;;-28
1;17414;DET PO GOTA LIMPA 4KG HARMONIA;PERFUMARIA E LIMPEZA;80528;13/06/2026;150084;77868;5;18;5;0;0;13/06/2026;ALEXANDRE;-4
1;12290;AGUA SANIT IMPERIAL 2L;PERFUMARIA E LIMPEZA;80528;13/06/2026;150084;77868;6;96;6;0;0;13/06/2026;ALEXANDRE;0
1;23217;SAL REFINADO EX GARCA 1K;MERCEARIA;80528;13/06/2026;150084;77868;10;2600;10;1;0;;;20
1;2140;ARROZ BCO SANO TP1 5KG;MERCEARIA;80656;13/06/2026;150415;78093;6;149;60;10;10;15/06/2026;ALEXSANDRO;10
2;6792;LEITE UHT PET ELEGE 1L INTEGRAL;PERECIVEIS;80504;13/06/2026;150072;78335;6;9296;60;10;0;;MARCOS M;241
2;6799;LEITE SANTA CLARA 1L ZERO LACTOSE;PERECIVEIS;80504;13/06/2026;150072;78335;12;12;12;1;0;;MARCOS M;25
2;5275;CR DENTAL TANDY 50G MORANGO;PERFUMARIA E LIMPEZA;80530;13/06/2026;150086;78335;12;48;12;2;0;;;2
2;9724;LAMINA WILKINSON BARBEAR 3UN;PERFUMARIA E LIMPEZA;80530;13/06/2026;150086;78335;20;0;20;1;0;;;295
2;16930;CR TRAT CAPILAR HEDERA BABOSA 960G;PERFUMARIA E LIMPEZA;80530;13/06/2026;150086;78335;6;12;12;2;0;;;0
2;7947;SABON PALMOLIVE NATURALS 150G MELANCIA LICHIA;PERFUMARIA E LIMPEZA;80530;13/06/2026;150086;78335;72;492;72;1;0;;;36
2;3512;FERM PO BIOL GOOD INSTANT SH 10G;MERCEARIA;80530;13/06/2026;150086;78335;30;0;30;2;0;;;52
2;4259;AP PRESTOBARBA ULTRA GRIP 2UN;PERFUMARIA E LIMPEZA;80530;13/06/2026;150086;78335;12;804;24;3;0;;;52
2;12237;ACUCAR REFINADO GASPARIN 1KG;MERCEARIA;80530;13/06/2026;150086;78335;10;2203;10;4;0;;MARCOS M;97
2;3979;ALIM CAO BIFFE 10 1KG CARNE;PRODUTOS PET;80530;13/06/2026;150086;78335;1;13;12;12;0;;;-3
2;13514;BLO LIXA P UNHA BONITTA;PERFUMARIA E LIMPEZA;80530;13/06/2026;150086;78335;1;0;1;2;0;;;5
2;2596;MOLHO TOM POMAROLA SH 300G TRAD;MERCEARIA;80530;13/06/2026;150086;78335;24;22;24;1;0;;MARCOS M;17
2;13059;BANHEIRA ADOLETA INF 20L ROSA BEBE;PERFUMARIA E LIMPEZA;80530;13/06/2026;150086;78335;1;4;1;2;0;;;4
2;4258;AP PROBAK II LV7 PG5;PERFUMARIA E LIMPEZA;80530;13/06/2026;150086;78335;1;457;5;11;0;;;65
2;5032;COND PANTENE 175ML RESTAUR PROFUND;PERFUMARIA E LIMPEZA;80530;13/06/2026;150086;78335;6;4;6;1;0;;;10
2;2227;ARROZ PARBO PRATO FINO TP1 2KG;MERCEARIA;80530;13/06/2026;150086;78335;5;5;5;2;0;;MARCOS M;21
2;38618;CREME DE PENTEAR SEDA BOOM DEF 1KG;PERFUMARIA E LIMPEZA;80530;13/06/2026;150086;78335;1;3;1;2;0;;;0
2;37075;FARINHA TAPIOCA DINDA 400G TRAD;MERCEARIA;80530;13/06/2026;150086;78335;20;120;40;2;0;;;11
2;3802;PO P SORVETE APTI 120G ABACAXI;MERCEARIA;80530;13/06/2026;150086;78335;12;0;12;1;0;;;23
2;1893;DROPS FREEGELLS 27 6G MORANGO CHOC;MERCEARIA;80530;13/06/2026;150086;78335;12;0;12;1;0;;;1
2;5028;COND PANTENE 175ML HIDRATACAO;PERFUMARIA E LIMPEZA;80530;13/06/2026;150086;78335;6;2;6;2;0;;;6
2;7490;POMADA NUGGET 36G PRETA;PERFUMARIA E LIMPEZA;80530;13/06/2026;150086;78335;12;0;12;2;0;;;47
2;36245;CHOC BARRA NESTLE RECH 90G PRESTIG;MERCEARIA;80530;13/06/2026;150086;78335;14;0;28;2;0;;;18
2;5842;ESC DENTAL ORAL B COMPL LV2 PG1;PERFUMARIA E LIMPEZA;80530;13/06/2026;150086;78335;1;5;1;8;0;;;25
2;6125;FRALDA CONFORTSEC PAMPERS XG 34UN;PERFUMARIA E LIMPEZA;80530;13/06/2026;150086;78335;4;0;4;4;0;;;2
2;23054;SAB LIQ HEDERA RF 370ML ARGAN;PERFUMARIA E LIMPEZA;80530;13/06/2026;150086;78335;12;0;12;1;0;;;5
2;8427;SH350 COND PANTENE 175ML LISO;PERFUMARIA E LIMPEZA;80530;13/06/2026;150086;78335;6;132;6;1;0;;;6
2;18429;FAR PANKO SANTI ORIENTAL 200G;MERCEARIA;80530;13/06/2026;150086;78335;6;7;6;1;0;;;1
2;33939;RACAO ALPO 10 1KG FILHOTES;PRODUTOS PET;80530;13/06/2026;150086;78335;1;1;1;1;0;;;4
2;4256;AP PRESTOBARBA ULTRAGRIP 3L CART2UN;PERFUMARIA E LIMPEZA;80530;13/06/2026;150086;78335;1;1;1;2;0;;;0
2;3431;SOPA GALINHA MAGGI 60G FIDELINI;MERCEARIA;80530;13/06/2026;150086;78335;10;40;10;0;0;;;6
2;1598;CONFEITO DORI 11G MINI DISQUETI;MERCEARIA;80530;13/06/2026;150086;78335;324;0;324;1;0;;;36
2;21912;PET PETISCAO TABLETE CAR 60G;PRODUTOS PET;80530;13/06/2026;150086;78335;24;525;24;1;0;;;27
2;34564;CREME JOAO E MARIA 40G P ASSADURA;PERFUMARIA E LIMPEZA;80530;13/06/2026;150086;78335;1;7;1;2;0;;;4
2;4565;CARGA MACH 3 2UN SENSITIVE;PERFUMARIA E LIMPEZA;80530;13/06/2026;150086;78335;12;0;12;1;0;;;3
2;964;OLEO LIZA GIRASSOL 900ML;MERCEARIA;80530;13/06/2026;150086;78335;20;60;40;2;0;;MARCOS M;14
2;8255;SH MONANGE 325ML HIDRATA C PODER;PERFUMARIA E LIMPEZA;80530;13/06/2026;150086;78335;12;12;12;1;0;;;15
3;9745;LEITE UHT SANTA CLARA DESN 1L;PERECIVEIS;80506;13/06/2026;150073;77863;12;179;36;3;0;;;19
3;6793;LEITE UHT PET ELEGE 1L SEMI DESNATADO;PERECIVEIS;80506;13/06/2026;150073;77863;6;3054;12;2;0;;;66
3;6784;LEITE UHT TIROL C TAMP 1L SEMI DESN;PERECIVEIS;80506;13/06/2026;150073;77863;12;4474;24;2;0;;;258
3;6781;LEITE LV EDGE ELEGE 1L INTEGRAL;PERECIVEIS;80506;13/06/2026;150073;77863;12;108;24;2;0;;;1200
3;6799;LEITE SANTA CLARA 1L ZERO LACTOSE;PERECIVEIS;80506;13/06/2026;150073;77863;12;12;12;1;0;;;109
3;6787;LEITE LV ELEGE 1L ZERO LAC SEMI DES;PERECIVEIS;80506;13/06/2026;150073;77863;12;900;72;6;0;;;148
3;964;OLEO LIZA GIRASSOL 900ML;MERCEARIA;80532;13/06/2026;150088;77863;20;60;20;1;0;;;-1
3;238;VH DEL GRANO GOLD TINTO 750ML DEMI SEC;BEBIDAS;80532;13/06/2026;150088;77863;6;84;12;2;0;13/06/2026;BRUNO;18
3;3516;FERM PO BIOL GOOD INSTANT SH 125G;MERCEARIA;80532;13/06/2026;150088;77863;12;0;12;1;0;;;7
3;4256;AP PRESTOBARBA ULTRAGRIP 3L CART2UN;PERFUMARIA E LIMPEZA;80532;13/06/2026;150088;77863;1;1;1;1;0;;;1
3;8296;SH PANTENE 200ML BAMBU;PERFUMARIA E LIMPEZA;80532;13/06/2026;150088;77863;6;216;6;1;0;;;7
3;5842;ESC DENTAL ORAL B COMPL LV2 PG1;PERFUMARIA E LIMPEZA;80532;13/06/2026;150088;77863;1;5;1;1;0;;;7
3;762;REFRIG COCA COLA PET 200ML;BEBIDAS;80532;13/06/2026;150088;77863;12;-144;120;10;0;;;961
3;2919;ACHOC LIQ TODDYNHO 200ML LEVINHO;MERCEARIA;80532;13/06/2026;150088;77863;27;2;54;2;0;;;-19
3;25434;VH JP BCO SECO TRAD 1 5L;BEBIDAS;80532;13/06/2026;150088;77863;6;0;6;1;0;13/06/2026;BRUNO;6
3;37860;CHOC BARRA GAROTO RECH BATON 90G;MERCEARIA;80532;13/06/2026;150088;77863;14;10;14;1;0;;;110
3;18979;GEL FIX DI HELLEN BRI MOL FL ADREN 240G;PERFUMARIA E LIMPEZA;80532;13/06/2026;150088;77863;12;0;12;1;0;;;0
3;4565;CARGA MACH 3 2UN SENSITIVE;PERFUMARIA E LIMPEZA;80532;13/06/2026;150088;77863;12;0;12;1;0;;;47
3;817;REFRIG FRUKI GUARANA ZR PET 2L GUARANA ZERO;BEBIDAS;80532;13/06/2026;150088;77863;6;10;12;2;0;;;-7
3;213;CERV SKOL PILSEN LT 473ML;BEBIDAS;80532;13/06/2026;150088;77863;12;462;852;71;0;;;5595
3;279;VH QUINTA CARVALHO TINTO 750ML SV;BEBIDAS;80532;13/06/2026;150088;77863;12;48;96;8;0;13/06/2026;BRUNO;-26
3;896;REFRIG FANTA LARANJA LT 350ML;BEBIDAS;80532;13/06/2026;150088;77863;6;846;12;2;0;13/06/2026;BRUNO;49
3;36711;FERMENTO BIOL PO NORDESTE SH 10G;MERCEARIA;80532;13/06/2026;150088;77863;30;0;30;1;0;;;25
3;5028;COND PANTENE 175ML HIDRATACAO;PERFUMARIA E LIMPEZA;80532;13/06/2026;150088;77863;6;2;6;1;0;;;3
3;9754;HID LEITE PAIXAO 200ML FRAMB NEGRA;PERFUMARIA E LIMPEZA;80532;13/06/2026;150088;77863;24;11;24;1;0;;;3
3;7785;SABAO BARRA YPE 180G GLICERINA;PERFUMARIA E LIMPEZA;80532;13/06/2026;150088;77863;60;62521;120;2;0;;;-32
3;12411;AMACIANTE GIRANDO SOL 500ML COCO;PERFUMARIA E LIMPEZA;80532;13/06/2026;150088;77863;12;24;12;1;0;;;4
3;849;REFRIG COCA COLA PET 600ML ZERO;BEBIDAS;80532;13/06/2026;150088;77863;12;2127;132;11;0;;;111
3;33266;REFRIG FRUKI PET 3 L LARANJA;BEBIDAS;80532;13/06/2026;150088;77863;4;12;8;2;0;;;-70
3;10;REFRIG COCA COLA PET 2L;BEBIDAS;80532;13/06/2026;150088;77863;4;21;204;51;0;;;4334
3;663;SUCO KAPO 200ML MORANGO;BEBIDAS;80532;13/06/2026;150088;77863;12;2028;24;2;0;13/06/2026;BRUNO;119
3;3512;FERM PO BIOL GOOD INSTANT SH 10G;MERCEARIA;80532;13/06/2026;150088;77863;30;0;30;1;0;;;121
3;6889;LIMP MULTI UAU 500ML FLORAL;PERFUMARIA E LIMPEZA;80532;13/06/2026;150088;77863;24;24;24;1;0;;;16
3;43;AGUA MIN CRYSTAL PET 500ML S GAS;BEBIDAS;80532;13/06/2026;150088;77863;12;2233;24;2;0;;;2303
3;15757;CERV IMPERIO PILSEN LT 473ML PURO MALTE;BEBIDAS;80532;13/06/2026;150088;77863;12;1806;12;1;0;;;1323
3;8966;CARVAO CHAMA CAMPEIRA 5KG;NAO ALIMENTO;80532;13/06/2026;150088;77863;1;0;11;11;0;;;-19
3;889;REFRIG COCA COLA LT 350ML;BEBIDAS;80532;13/06/2026;150088;77863;12;661;12;1;0;;;833
3;408;ENERG ELEV LT 473 ML ZERO;BEBIDAS;80532;13/06/2026;150088;77863;6;14;6;1;0;;;10
3;459;ENERG BALY LT 473ML MANGA;BEBIDAS;80532;13/06/2026;150088;77863;6;0;6;1;0;;;3
3;271;VH MARCUS JAMES CABERNET 750ML;BEBIDAS;80532;13/06/2026;150088;77863;6;30;12;2;0;13/06/2026;BRUNO;14
3;552;GATORADE ZERO 350ML LARANJA LIMA;BEBIDAS;80532;13/06/2026;150088;77863;12;168;12;1;0;13/06/2026;BRUNO;14
3;3431;SOPA GALINHA MAGGI 60G FIDELINI;MERCEARIA;80532;13/06/2026;150088;77863;10;40;10;0;0;;;-6
3;34496;CERV BELLAVISTA PILSEN LT 473ML;BEBIDAS;80532;13/06/2026;150088;77863;12;1482;132;11;0;;;570
3;776;REFRIG PEPSI COLA PET 200ML BLACK;BEBIDAS;80532;13/06/2026;150088;77863;12;927;12;1;0;;;121
3;528;ICE DRINK PET 275ML LIMAO;BEBIDAS;80532;13/06/2026;150088;77863;12;96;12;1;0;13/06/2026;BRUNO;40
3;886;REFRIG ANTARCTICA GUAR LT 350ML ZR;BEBIDAS;80532;13/06/2026;150088;77863;12;302;12;1;0;13/06/2026;BRUNO;128
3;592;SUCO COM TEM TP 200ML UVA E MACA;BEBIDAS;80532;13/06/2026;150088;77863;24;0;24;1;0;13/06/2026;BRUNO;31
3;5846;ESC DENTAL ORAL B INDICAT 30 L2P1;PERFUMARIA E LIMPEZA;80532;13/06/2026;150088;77863;6;0;6;1;0;;;24
3;12531;AP GILLETTE PROBAK C 2;PERFUMARIA E LIMPEZA;80532;13/06/2026;150088;77863;14;0;14;1;0;;;129
3;769;REFRIG FRUKI GUARANA PET 200ML GUARANA;BEBIDAS;80532;13/06/2026;150088;77863;12;96;12;1;0;;;12
3;904;REFRIG PEPSI LT 350ML;BEBIDAS;80532;13/06/2026;150088;77863;12;193;12;1;0;;;196
3;6828;AGUA SABORIZ H2OH 500ML LIMONETO;BEBIDAS;80532;13/06/2026;150088;77863;12;174;12;1;0;;;15
3;728;SUCO UVA GARIBALDI INT VD 1 5L BCO;BEBIDAS;80532;13/06/2026;150088;77863;6;0;12;2;0;13/06/2026;BRUNO;11
3;664;SUCO KAPO 200ML UVA;BEBIDAS;80532;13/06/2026;150088;77863;12;1033;24;2;0;13/06/2026;BRUNO;259
3;1282;CHOC BARRA LACTA AO LEITE 80G;MERCEARIA;80532;13/06/2026;150088;77863;17;68;17;1;0;;;49
3;1845;DROPS FREEGELLS 27 9G EUCALIPTO;MERCEARIA;80532;13/06/2026;150088;77863;12;0;12;1;0;;;-9
3;36245;CHOC BARRA NESTLE RECH 90G PRESTIG;MERCEARIA;80532;13/06/2026;150088;77863;14;0;42;3;0;;;2
3;8858;AP PROBAK II 2UN;PERFUMARIA E LIMPEZA;80532;13/06/2026;150088;77863;14;4242;14;1;0;;;16
3;5848;ESC DENTAL ORAL B KIDS MICKEY;PERFUMARIA E LIMPEZA;80532;13/06/2026;150088;77863;12;6;12;1;0;;;8
3;5030;COND PANTENE 175ML LISO EXTREMO;PERFUMARIA E LIMPEZA;80532;13/06/2026;150088;77863;6;4;6;1;0;;;8
3;903;REFRIG PEPSI BLACK LT 350ML;BEBIDAS;80532;13/06/2026;150088;77863;12;-36;36;3;0;;;261
3;441;ENERG BALY LT 473ML ABACAXI HORTELA;BEBIDAS;80532;13/06/2026;150088;77863;6;6;6;1;0;;;8
3;2920;ACHOC LIQ TODDYNHO 200ML;MERCEARIA;80532;13/06/2026;150088;77863;27;405;135;5;0;;;93
3;25431;VH CHILENO CARTA VIEJA CABERNET 1L TINTO;BEBIDAS;80532;13/06/2026;150088;77863;12;0;24;0;0;13/06/2026;BRUNO;34
3;634;SUCO DEL VALLE LT 290ML MANGA;BEBIDAS;80532;13/06/2026;150088;77863;6;1;6;1;0;13/06/2026;BRUNO;-1
3;633;VODKA TAIGA PREMIUM VD 1L;BEBIDAS;80532;13/06/2026;150088;77863;1;0;1;1;0;;;8
3;8290;SH PANTENE 175ML HIDRATACAO;PERFUMARIA E LIMPEZA;80532;13/06/2026;150088;77863;6;60;6;1;0;;;11
3;17341;DET LIQ BIO KRISS 500ML NEUTRO;PERFUMARIA E LIMPEZA;80532;13/06/2026;150088;77863;24;857;216;9;0;;;-1
3;35782;CERV ANTARCTICA 1L;BEBIDAS;80532;13/06/2026;150088;77863;12;183;48;4;0;;;55
3;151;CERV BOHEMIA LT 473ML;BEBIDAS;80532;13/06/2026;150088;77863;12;0;180;15;0;;;1332
3;899;REFRIG FANTA UVA LT 350ML;BEBIDAS;80532;13/06/2026;150088;77863;6;1478;6;1;0;;;147
3;2484;KETCHUP ODERICH SH 200G;MERCEARIA;80532;13/06/2026;150088;77863;24;216;24;1;0;;;36
3;6694;LAVA ROUPA BRILHANTE 3L HIGIENE TOTAL;PERFUMARIA E LIMPEZA;80631;13/06/2026;150371;78130;4;40;12;3;0;16/06/2026;ALEX JARDIM;5
3;25463;VODKA SPRITE ABSOLUT LT 269ML;BEBIDAS;80631;13/06/2026;150371;78130;6;0;6;1;0;13/06/2026;EVERTON;23
3;327;BEB ADES TP 200ML ABACAXI;BEBIDAS;80631;13/06/2026;150371;78130;6;6;6;1;0;13/06/2026;EVERTON;15
3;340;CHA ICE TEA LEAO PET 1 5L PESSEGO ZERO;BEBIDAS;80631;13/06/2026;150371;78130;6;0;6;1;0;13/06/2026;EVERTON;51
3;601;SUCO DEL VALLE TP 1L PESSEGO;BEBIDAS;80631;13/06/2026;150371;78130;6;1;6;1;0;13/06/2026;EVERTON;7
3;13403;BISC DOCE NESTLE CHOCO TRIO 90G PRESTIGIO;MERCEARIA;80631;13/06/2026;150371;78130;12;387;96;0;0;15/06/2026;MONIQUE;202
3;2717;FARINHA TRIGO FIDALGA 1KG;MERCEARIA;80631;13/06/2026;150371;78130;10;50;20;2;0;13/06/2026;EVERTON;0
3;2775;FAROFA MANDIOCA PINDUCA 250G CALABRESA;MERCEARIA;80631;13/06/2026;150371;78130;12;0;24;2;0;15/06/2026;BRUNO ANTUNES;79
3;224;VH DEL GRANO BCO 1 48L SC;BEBIDAS;80631;13/06/2026;150371;78130;6;0;6;1;0;13/06/2026;EVERTON;16
3;20681;MASSA PENNE RIGATE BARILLA 500G;MERCEARIA;80631;13/06/2026;150371;78130;12;24;24;0;0;13/06/2026;TEIXEIRA;-6
3;24686;TEMP MAGGI MEU SEGREDO AL CEB 49G;MERCEARIA;80631;13/06/2026;150371;78130;42;42;42;0;0;13/06/2026;TEIXEIRA;0
3;793;REFRIG COCA COLA E FANTA LARANJA 2L;BEBIDAS;80631;13/06/2026;150371;78130;2;22;4;2;0;13/06/2026;EVERTON;502
3;867;REFRIG COCA COLA ZERO LT 310ML C6;BEBIDAS;80631;13/06/2026;150371;78130;6;0;18;3;0;13/06/2026;EVERTON;14
3;35213;BOM AR RF 250ML FLOR DE ALGODAO;PERFUMARIA E LIMPEZA;80631;13/06/2026;150371;78130;1;0;9;9;0;16/06/2026;ALEX JARDIM;0
3;3873;CHA ICE TEA LEAO PET 450ML LIMAO ZERO;BEBIDAS;80631;13/06/2026;150371;78130;6;0;6;1;0;13/06/2026;EVERTON;29
3;145;CERV ANTARCTICA SUBZERO LT 473ML;BEBIDAS;80748;13/06/2026;150601;78185;12;4530;1320;110;110;16/06/2026;WENDRIO;2758
4;6799;LEITE SANTA CLARA 1L ZERO LACTOSE;PERECIVEIS;80508;13/06/2026;150074;77861;12;12;12;1;0;;;-25
4;6786;LEITE LV EDGE ELEGE 1L SEMI DESNATADO;PERECIVEIS;80508;13/06/2026;150074;77861;12;1357;12;2;0;;;70
4;6792;LEITE UHT PET ELEGE 1L INTEGRAL;PERECIVEIS;80508;13/06/2026;150074;77861;6;9296;6;2;0;;;52
4;6791;LEITE UHT PET ELEGE 1L DESNATADO;PERECIVEIS;80508;13/06/2026;150074;77861;6;888;6;2;0;;;6
4;6793;LEITE UHT PET ELEGE 1L SEMI DESNATADO;PERECIVEIS;80508;13/06/2026;150074;77861;6;3054;18;6;0;;;-1
4;6800;LEITE UHT MOLICO TP 1L DESNAT;PERECIVEIS;80508;13/06/2026;150074;77861;12;1235;12;2;0;;;16
4;15724;CERA LIQ ANDREIA 750ML VERM;PERFUMARIA E LIMPEZA;80592;13/06/2026;150129;77861;12;143;24;0;0;13/06/2026;WENDRIO;0
4;4174;AMAC CONC FOFO LV500 PG400ML AZUL TUDAO;PERFUMARIA E LIMPEZA;80592;13/06/2026;150129;77861;12;228;24;0;0;13/06/2026;WENDRIO;3
4;4166;AMAC CONC FOFO 500ML AZL TUDAO;PERFUMARIA E LIMPEZA;80592;13/06/2026;150129;77861;12;62;24;2;2;13/06/2026;WENDRIO;-45
4;24061;SAPONACEO CREM FONT 250ML CITRUS;PERFUMARIA E LIMPEZA;80592;13/06/2026;150129;77861;12;36;12;1;0;;;4
4;5491;DESINF YPE 500ML BAK LAVANDA;PERFUMARIA E LIMPEZA;80592;13/06/2026;150129;77861;12;252;24;2;0;;;0
4;9543;FRALDA DESC BABYSEC JUMBINHO XXG 12 UN;PERFUMARIA E LIMPEZA;80592;13/06/2026;150129;77861;8;288;8;1;0;;;5
4;24994;TOAL UMED HUPPY L100P80;PERFUMARIA E LIMPEZA;80592;13/06/2026;150129;77861;12;4092;36;3;0;;;28
4;2911;ACHOC LIQ ITALAC 200ML;MERCEARIA;80592;13/06/2026;150129;77861;24;1626;96;4;0;;;-26
4;2136;ARROZ BCO JATAI TP3 5KG;MERCEARIA;80592;13/06/2026;150129;77861;6;63;12;2;0;;;13
4;2100;ARROZ BCO SANO OURO TP1 2KG;MERCEARIA;80592;13/06/2026;150129;77861;15;-30;15;1;0;;;2
4;2312;FEIJAO CARIOC SERRA URUGUAI 500G;MERCEARIA;80592;13/06/2026;150129;77861;20;657;60;3;0;;;20
4;1894;DROPS FREEGELLS 27 6G CEREJA CHOC;MERCEARIA;80592;13/06/2026;150129;77861;12;228;24;2;0;;;-2
4;35674;SAB IARA 300G;PERFUMARIA E LIMPEZA;80592;13/06/2026;150129;77861;28;0;56;2;0;;;11
4;12416;AMAC GOTA LIMPA 2L DELICATA;PERFUMARIA E LIMPEZA;80592;13/06/2026;150129;77861;6;1218;6;1;1;13/06/2026;WENDRIO;8
4;5696;DETERG YPE 500ML MACA;PERFUMARIA E LIMPEZA;80592;13/06/2026;150129;77861;24;240;24;0;0;13/06/2026;WENDRIO;0
4;4147;AMAC CONC COMFORT 400ML RF FRESCOR INTENSO;PERFUMARIA E LIMPEZA;80592;13/06/2026;150129;77861;12;276;24;1;1;13/06/2026;WENDRIO;-44
4;4195;AMAC DOWNY 750ML INTENSO;PERFUMARIA E LIMPEZA;80592;13/06/2026;150129;77861;12;422;24;0;0;13/06/2026;WENDRIO;-22
4;3971;ALCOOL 46 SUPER VALE 1L;PERFUMARIA E LIMPEZA;80592;13/06/2026;150129;77861;12;480;24;0;0;13/06/2026;WENDRIO;-44
4;6731;LAVA ROUPA OMO 900ML LAV PERF DOYP;PERFUMARIA E LIMPEZA;80592;13/06/2026;150129;77861;12;3732;24;2;0;;;0
4;5682;DET LIQ GOTA LIMPA 500ML NEUTRO;PERFUMARIA E LIMPEZA;80592;13/06/2026;150129;77861;24;8915;48;2;0;;;24
4;6792;LEITE UHT PET ELEGE 1L INTEGRAL;PERECIVEIS;80592;13/06/2026;150129;77861;6;9296;6;2;0;;;52
4;3635;SAL MOIDO CBS 1KG;MERCEARIA;80592;13/06/2026;150129;77861;10;90;50;5;0;;;56
4;3401;BARRA CEREAL RITTER 25G BANANA ZR ACUC;MERCEARIA;80592;13/06/2026;150129;77861;24;0;48;2;0;;;0
4;8615;TINT COR E TON LOURO ESC 6 0;PERFUMARIA E LIMPEZA;80592;13/06/2026;150129;77861;6;42;6;1;0;;;6
4;4119;ALVEJ VANISH SH 500ML ROSA;PERFUMARIA E LIMPEZA;80592;13/06/2026;150129;77861;12;552;24;2;2;13/06/2026;WENDRIO;14
4;5441;DESINF GIRANDO SOL 500ML LAVANDA;PERFUMARIA E LIMPEZA;80592;13/06/2026;150129;77861;12;192;12;0;0;13/06/2026;WENDRIO;3
4;6932;LIMP UAU LV1L PG800ML FLORES VERMELHA;PERFUMARIA E LIMPEZA;80592;13/06/2026;150129;77861;12;107;24;0;0;13/06/2026;WENDRIO;-10
4;9985;DESOD SANIT GOTA LIMPA 25G LAVANDA;PERFUMARIA E LIMPEZA;80592;13/06/2026;150129;77861;48;192;48;0;0;13/06/2026;WENDRIO;12
4;6885;LIMP MULT Q BOA 500ML USO;PERFUMARIA E LIMPEZA;80592;13/06/2026;150129;77861;12;192;24;0;0;13/06/2026;WENDRIO;-22
4;8865;AROMAT COALA CONC 120ML CITRONELA;PERFUMARIA E LIMPEZA;80592;13/06/2026;150129;77861;24;0;24;1;1;13/06/2026;WENDRIO;-22
4;5476;DESINF PINHO SOL 500ML PINHO;PERFUMARIA E LIMPEZA;80592;13/06/2026;150129;77861;12;408;24;2;0;;;0
4;6114;FRALDA GERIATRICA MILI VITA G 08UN 8UN;PERFUMARIA E LIMPEZA;80592;13/06/2026;150129;77861;8;0;8;1;0;;;2
4;36266;DET LIQ AQUAFAST LAV RAP CLEAN 1 5L;PERFUMARIA E LIMPEZA;80592;13/06/2026;150129;77861;9;134;9;1;0;;;5
4;6793;LEITE UHT PET ELEGE 1L SEMI DESNATADO;PERECIVEIS;80592;13/06/2026;150129;77861;6;3054;18;6;0;;;-1
4;12237;ACUCAR REFINADO GASPARIN 1KG;MERCEARIA;80592;13/06/2026;150129;77861;10;2203;40;4;0;;;137
4;10149;SAB FARNESE 180G PURO HIDR;PERFUMARIA E LIMPEZA;80592;13/06/2026;150129;77861;36;1440;36;1;0;;;81
4;23037;SAB LIQ DERMAFEME 200ML FRESH;PERFUMARIA E LIMPEZA;80592;13/06/2026;150129;77861;24;468;24;1;0;;;18
4;10145;SAB FARNESE 180G ERV DOCE VERB;PERFUMARIA E LIMPEZA;80592;13/06/2026;150129;77861;36;1980;36;1;0;;;70
4;23217;SAL REFINADO EX GARCA 1K;MERCEARIA;80592;13/06/2026;150129;77861;10;2600;10;1;0;;;-11
4;33915;ARROZ SABOROSO PARB 1KG INTEGRAL;MERCEARIA;80592;13/06/2026;150129;77861;30;300;30;1;0;;;12
4;17341;DET LIQ BIO KRISS 500ML NEUTRO;PERFUMARIA E LIMPEZA;80592;13/06/2026;150129;77861;24;857;144;0;0;13/06/2026;WENDRIO;0
4;12404;AMACIANTE DOWNY 1 5L BRISA SUAVE;PERFUMARIA E LIMPEZA;80592;13/06/2026;150129;77861;9;890;18;0;0;13/06/2026;WENDRIO;9
4;17347;DET LIQ GIRANDO SOL 1L COCO;PERFUMARIA E LIMPEZA;80592;13/06/2026;150129;77861;12;240;24;0;0;13/06/2026;WENDRIO;0
4;12323;ALCOOL SUPER VALE 46 1L LAVANDA;PERFUMARIA E LIMPEZA;80592;13/06/2026;150129;77861;12;743;24;2;0;;;-7
4;7558;PROT DIARIO MILI 15UN SUAVE S ABAS;PERFUMARIA E LIMPEZA;80592;13/06/2026;150129;77861;24;14;24;1;0;;;13
4;6791;LEITE UHT PET ELEGE 1L DESNATADO;PERECIVEIS;80592;13/06/2026;150129;77861;6;888;6;2;0;;;6
4;10170;SAB LIQ SENSUS LUXO RF 220ML ERVA DOCE;PERFUMARIA E LIMPEZA;80592;13/06/2026;150129;77861;18;216;36;2;0;;;2
4;35123;CHOC BATON GAROTO 16G DUO;MERCEARIA;80592;13/06/2026;150129;77861;30;510;60;2;0;;;-23
4;1276;CHOC BARRA GAROTO 80G MEIO AMARGO;MERCEARIA;80592;13/06/2026;150129;77861;16;0;48;3;0;;;53
4;1058;ALFAJOR EL AGUILA 60G CHOC;MERCEARIA;80592;13/06/2026;150129;77861;12;3;12;1;0;;;0
4;4259;AP PRESTOBARBA ULTRA GRIP 2UN;PERFUMARIA E LIMPEZA;80592;13/06/2026;150129;77861;12;804;12;1;0;;;-14
4;9587;DESOD SANIT ADES GOTA LIMPA 41G 7D EUCALIPTO;PERFUMARIA E LIMPEZA;80592;13/06/2026;150129;77861;12;11;12;1;0;;;0
4;4180;AMAC DOWNY 1L REGULAR INTENSO BRISA;PERFUMARIA E LIMPEZA;80592;13/06/2026;150129;77861;12;117;36;3;0;;;-4
4;33676;LIMP PERF SAIF CONCENTRADO 120ML MAGIA E SEDUCAO;PERFUMARIA E LIMPEZA;80592;13/06/2026;150129;77861;12;131;12;1;0;;;9
4;3903;ABS C ABAS MILI DIA NOITE C 16 UN SUAVE;PERFUMARIA E LIMPEZA;80592;13/06/2026;150129;77861;24;183;24;1;0;;;2
4;6786;LEITE LV EDGE ELEGE 1L SEMI DESNATADO;PERECIVEIS;80592;13/06/2026;150129;77861;12;1357;12;2;0;;;70
4;3835;EXT TOM FUGINI SH 190G;MERCEARIA;80592;13/06/2026;150129;77861;36;1199;72;2;0;;;36
4;24358;SH SEDA ANT CASP HIDRATACAO DIARIA 325ML;PERFUMARIA E LIMPEZA;80592;13/06/2026;150129;77861;12;1896;12;1;0;;;11
4;8427;SH350 COND PANTENE 175ML LISO;PERFUMARIA E LIMPEZA;80592;13/06/2026;150129;77861;6;132;12;2;0;;;-4
4;1282;CHOC BARRA LACTA AO LEITE 80G;MERCEARIA;80592;13/06/2026;150129;77861;17;68;51;3;0;;;51
4;1441;CHOC TWIX 40G TRIPLO CHOC;MERCEARIA;80592;13/06/2026;150129;77861;18;0;36;2;0;;;36
4;8611;TINT COR E TON LOURO CL 8 0;PERFUMARIA E LIMPEZA;80592;13/06/2026;150129;77861;6;66;6;1;0;;;6
4;5275;CR DENTAL TANDY 50G MORANGO;PERFUMARIA E LIMPEZA;80592;13/06/2026;150129;77861;12;48;24;2;0;;;47
4;22697;RAC CBS GATO PEIXE CAR 500G;PRODUTOS PET;80592;13/06/2026;150129;77861;10;137;20;2;0;;;1
4;33678;LIMP PERF SAIF CONCENTRADO 120ML KAIAK;PERFUMARIA E LIMPEZA;80592;13/06/2026;150129;77861;12;240;12;1;1;13/06/2026;WENDRIO;12
4;4896;CLORO Q BOA 1L GEL;PERFUMARIA E LIMPEZA;80592;13/06/2026;150129;77861;12;382;36;0;0;13/06/2026;WENDRIO;0
4;24063;SAPONACEO CREM FONT 250ML LAVANDA;PERFUMARIA E LIMPEZA;80592;13/06/2026;150129;77861;12;204;24;0;0;13/06/2026;WENDRIO;-24
4;4120;ALVEJ VANISH SH 500ML WHITE;PERFUMARIA E LIMPEZA;80592;13/06/2026;150129;77861;12;420;12;1;0;;;24
4;17348;DET LIQ GIRANDO SOL 1L GLICA;PERFUMARIA E LIMPEZA;80592;13/06/2026;150129;77861;12;227;24;2;0;;;1
4;8789;ABS MILI COB C ABAS SV 8UN;PERFUMARIA E LIMPEZA;80592;13/06/2026;150129;77861;36;827;36;1;0;;;40
4;3948;AGUA SANIT GOTA LIMPA 1L;PERFUMARIA E LIMPEZA;80592;13/06/2026;150129;77861;12;1452;84;7;0;;;0
4;5313;CR PENT SEDA 300ML PRETO LUMINOSO;PERFUMARIA E LIMPEZA;80592;13/06/2026;150129;77861;12;0;12;1;0;;;12
4;7926;SABONETE LUX 85G FLOR DE VERBENA;PERFUMARIA E LIMPEZA;80592;13/06/2026;150129;77861;108;540;108;1;0;;;49
4;3414;BARRA CEREAL RITTER 22G CAST PARA;MERCEARIA;80592;13/06/2026;150129;77861;24;672;24;1;0;;;47
4;3686;TEMP BICARBONATO SODIO APTI 100G;MERCEARIA;80592;13/06/2026;150129;77861;20;80;20;1;0;;;2
4;13260;BIFINHO PETISCAO TABLETE 60G CAR;PRODUTOS PET;80592;13/06/2026;150129;77861;24;1032;24;1;0;;;15
4;5254;CR DENTAL CLOSE UP 100G LIQUIFRESH RED HOT;PERFUMARIA E LIMPEZA;80592;13/06/2026;150129;77861;12;264;12;1;0;;;8
4;17176;DESINF GOTA LIMPA 2L LIMAO;PERFUMARIA E LIMPEZA;80592;13/06/2026;150129;77861;6;762;18;0;0;13/06/2026;WENDRIO;0
4;23156;SABAO ZAVASKI AZUL 200G;PERFUMARIA E LIMPEZA;80592;13/06/2026;150129;77861;50;850;50;1;1;13/06/2026;WENDRIO;15
4;5675;DETERG GIRANDO SOL 500ML NATURAL;PERFUMARIA E LIMPEZA;80592;13/06/2026;150129;77861;24;2712;24;0;0;13/06/2026;WENDRIO;6
4;3966;ALCOOL GEL 70 SUPER VALE 450G;PERFUMARIA E LIMPEZA;80592;13/06/2026;150129;77861;12;732;24;2;2;13/06/2026;WENDRIO;3
4;3964;ALCOOL 46 COPERALCOOL 1L TRAD;PERFUMARIA E LIMPEZA;80592;13/06/2026;150129;77861;12;492;12;0;0;13/06/2026;WENDRIO;-1
4;6848;LIMP ALCOOL SUPER VALE 1L BICABORN;PERFUMARIA E LIMPEZA;80592;13/06/2026;150129;77861;12;888;24;2;2;13/06/2026;WENDRIO;-18
4;3969;ALCOOL GEL SUPER VALE 450G;PERFUMARIA E LIMPEZA;80592;13/06/2026;150129;77861;12;912;12;1;0;;;11
4;6800;LEITE UHT MOLICO TP 1L DESNAT;PERECIVEIS;80592;13/06/2026;150129;77861;12;1235;12;2;0;;;16
4;24314;SH DARLING DETOX 350ML;PERFUMARIA E LIMPEZA;80592;13/06/2026;150129;77861;6;46;6;1;0;;;9
4;37260;FRALDA PAMPERS PREMIUM CARE RN 36UN;PERFUMARIA E LIMPEZA;80592;13/06/2026;150129;77861;4;36;8;2;0;;;0
4;5267;CR DENTAL ORAL B 70G 4 EM 1;PERFUMARIA E LIMPEZA;80592;13/06/2026;150129;77861;48;47;48;1;0;;;32
4;35696;ALCOOL COPERALCOOL 500ML TRADICIONAL;PERFUMARIA E LIMPEZA;80592;13/06/2026;150129;77861;12;372;12;1;0;;;11
4;38572;ERVILHA PARTIDA JUREIA 400G;MERCEARIA;80592;13/06/2026;150129;77861;6;4614;84;14;0;;;0
4;1623;BISC LANCHE BAUDUCCO 30G MAXI GOIABINHA;MERCEARIA;80592;13/06/2026;150129;77861;20;240;20;1;0;;;18
4;8600;TINT COR E TON CAST CLR 5 0;PERFUMARIA E LIMPEZA;80592;13/06/2026;150129;77861;6;12;6;1;0;;;6
4;8622;TINT COR E TON PRETO 2 0;PERFUMARIA E LIMPEZA;80592;13/06/2026;150129;77861;6;42;6;1;0;;;3
4;23022;SAB LIQ BELEZA AMAZONIA 370ML FLORES CAMPO;PERFUMARIA E LIMPEZA;80592;13/06/2026;150129;77861;12;108;12;1;0;;;9
4;16885;CR LEITE TP ELEGE 200G;MERCEARIA;80592;13/06/2026;150129;77861;24;1464;120;5;0;;;0
4;2737;FARINHA TRIGO ROSESOL 1KG;MERCEARIA;80592;13/06/2026;150129;77861;10;2671;40;4;0;;;31
4;17665;ERVA MATE CAMBONA MOIDA GROSSA 1KG;MERCEARIA;80592;13/06/2026;150129;77861;10;376;80;8;0;;;-18
4;2320;FEIJAO CARIOCA CALDO OURO 1KG;MERCEARIA;80592;13/06/2026;150129;77861;10;408;40;4;0;;;18
4;2373;GRAO DE BICO JUREIA 400G;MERCEARIA;80592;13/06/2026;150129;77861;6;24;12;2;0;;;0
4;36245;CHOC BARRA NESTLE RECH 90G PRESTIG;MERCEARIA;80592;13/06/2026;150129;77861;14;0;56;4;0;;;32
4;24824;TINTURA BELAECOR 147G 6 0 LOURO ESCU;PERFUMARIA E LIMPEZA;80592;13/06/2026;150129;77861;6;0;6;1;0;;;6
4;10171;SAB LIQ SENSUS LUXO RF 220ML HIDRATE;PERFUMARIA E LIMPEZA;80592;13/06/2026;150129;77861;18;270;18;1;0;;;17
4;6226;GEL DENT SORRISO FRESH 90G MENTHOL IMPACT;PERFUMARIA E LIMPEZA;80592;13/06/2026;150129;77861;12;108;72;6;0;;;49
4;6874;LIMP M USO YPE 500ML CLASSICO;PERFUMARIA E LIMPEZA;80592;13/06/2026;150129;77861;12;36;24;0;0;13/06/2026;WENDRIO;-30
4;22804;REFRIG COCA COLA J DANIELS LT 269ML;BEBIDAS;80633;13/06/2026;150373;78131;6;24;12;0;0;13/06/2026;TEIXEIRA;0
4;570;REPOS POWERADE 500ML MIX;BEBIDAS;80633;13/06/2026;150373;78131;6;10;30;5;5;13/06/2026;TEIXEIRA;53
4;13403;BISC DOCE NESTLE CHOCO TRIO 90G PRESTIGIO;MERCEARIA;80633;13/06/2026;150373;78131;12;387;36;0;0;15/06/2026;MONIQUE;8
4;2140;ARROZ BCO SANO TP1 5KG;MERCEARIA;80660;13/06/2026;150417;78094;6;149;120;20;20;15/06/2026;MARCOS M;-6
4;2299;FILTRO PAPEL BRIGITTA 102 C 30;MERCEARIA;80719;13/06/2026;150502;78126;48;140;96;2;2;15/06/2026;JOCELAINE;0
4;2303;FILTRO PAPEL MELITTA 103 GD C 30;MERCEARIA;80719;13/06/2026;150502;78126;48;96;48;0;0;15/06/2026;JOCELAINE;94
5;6781;LEITE LV EDGE ELEGE 1L INTEGRAL;PERECIVEIS;80510;13/06/2026;150075;78336;12;108;24;3;0;16/06/2026;MARCOS M;597
5;9741;LEITE SANTA CLARA LV SEMI DESN 1L;PERECIVEIS;80510;13/06/2026;150075;78336;12;21;12;3;0;16/06/2026;MARCOS M;52
5;3904;ABS MILI PROT TOTAL 16UN C ABAS SUAVE;PERFUMARIA E LIMPEZA;80534;13/06/2026;150090;78336;24;72;24;1;0;;;16
5;8523;SUCO DEL VALLE FRUT PET 450ML LARANJA;BEBIDAS;80534;13/06/2026;150090;78336;6;0;6;1;0;;;2
5;3400;BARRA CEREAL RITTER 25G BAN AVEIA MEL;MERCEARIA;80534;13/06/2026;150090;78336;24;0;96;4;0;;;86
5;1842;DROPS FREEGELLS 27 9G MORANGO;MERCEARIA;80534;13/06/2026;150090;78336;12;0;12;1;0;;;-14
5;5070;COND SEDA 325ML LISO PERFEITO;PERFUMARIA E LIMPEZA;80534;13/06/2026;150090;78336;12;36;24;2;0;;;22
5;10134;SAB 123 BABY 80G ROSA;PERFUMARIA E LIMPEZA;80534;13/06/2026;150090;78336;72;504;72;1;0;;;44
5;16593;CORT UNHA INOX PREMIUM 5 2CM 1PC;PERFUMARIA E LIMPEZA;80534;13/06/2026;150090;78336;1;13;2;3;0;15/06/2026;SAMUEL;4
5;1426;CHOC BIS XTRA BLACK CHOCOLATE 45G;MERCEARIA;80534;13/06/2026;150090;78336;24;0;24;1;0;;;2
5;4565;CARGA MACH 3 2UN SENSITIVE;PERFUMARIA E LIMPEZA;80534;13/06/2026;150090;78336;12;0;12;1;0;;;12
5;8561;TALCO VINI LADY 200G BABY LAVANDA;PERFUMARIA E LIMPEZA;80534;13/06/2026;150090;78336;12;0;12;1;0;;;6
5;9587;DESOD SANIT ADES GOTA LIMPA 41G 7D EUCALIPTO;PERFUMARIA E LIMPEZA;80534;13/06/2026;150090;78336;12;11;12;1;0;;;8
5;6234;GEL DENTAL CLOSE UP 90G ORIG RED HOT;PERFUMARIA E LIMPEZA;80534;13/06/2026;150090;78336;12;1269;12;1;0;;;112
5;25407;VELA SANDERO T 7 DIAS AMARELA;PERFUMARIA E LIMPEZA;80534;13/06/2026;150090;78336;12;12;12;1;0;15/06/2026;SAMUEL;9
5;647;WHISKY GREEN VALLEY VD 1L;BEBIDAS;80534;13/06/2026;150090;78336;1;0;1;1;0;;;2
5;17916;ESFREGAO ACO GOTA LIMPA;PERFUMARIA E LIMPEZA;80534;13/06/2026;150090;78336;36;898;36;1;0;15/06/2026;SAMUEL;17
5;880;REFRIG FRUKI GUARAN LT 350ML GUARA C BERGA;BEBIDAS;80534;13/06/2026;150090;78336;12;4;12;1;0;;;12
5;1397;CHOC NESTLE CHOKITO 32G UN;MERCEARIA;80534;13/06/2026;150090;78336;30;0;30;1;0;;;26
5;4259;AP PRESTOBARBA ULTRA GRIP 2UN;PERFUMARIA E LIMPEZA;80534;13/06/2026;150090;78336;12;804;36;4;0;;;24
5;330;BEB ADES TP 200ML UVA;BEBIDAS;80534;13/06/2026;150090;78336;6;0;6;1;0;;;6
5;10133;SAB 123 BABY 80G AZUL;PERFUMARIA E LIMPEZA;80534;13/06/2026;150090;78336;72;350;144;2;0;;;11
5;37863;CREME LEITE TP DAUS 200G;MERCEARIA;80534;13/06/2026;150090;78336;27;116;27;2;0;16/06/2026;MARCOS M;57
5;36245;CHOC BARRA NESTLE RECH 90G PRESTIG;MERCEARIA;80534;13/06/2026;150090;78336;14;0;14;1;0;;;-8
5;33373;DESO AERO AXE 200ML BLACK ALE E CED;PERFUMARIA E LIMPEZA;80534;13/06/2026;150090;78336;12;2125;24;2;0;;;-10
5;24311;SH DARLING 2X1 650ML;PERFUMARIA E LIMPEZA;80534;13/06/2026;150090;78336;6;138;6;1;0;;;12
5;8858;AP PROBAK II 2UN;PERFUMARIA E LIMPEZA;80534;13/06/2026;150090;78336;14;4242;14;1;0;;;25
5;3415;CREME LEITE ITALAC TP 200G;MERCEARIA;80534;13/06/2026;150090;78336;24;1008;24;2;0;16/06/2026;MARCOS M;-77
5;33728;VODKA NINNOFF PET 870ML;BEBIDAS;80534;13/06/2026;150090;78336;6;597;12;2;0;;;21
5;9983;DESOD SANIT GOTA LIMPA 25G EUCALIPTO;PERFUMARIA E LIMPEZA;80534;13/06/2026;150090;78336;48;576;48;1;0;;;18
5;23002;SAB FONTANA SENSUS 150G LIMA LIMAO ORI;PERFUMARIA E LIMPEZA;80534;13/06/2026;150090;78336;72;1728;72;1;0;;;6
6;9745;LEITE UHT SANTA CLARA DESN 1L;PERECIVEIS;80512;13/06/2026;150076;78338;12;179;12;2;0;;;84
6;6781;LEITE LV EDGE ELEGE 1L INTEGRAL;PERECIVEIS;80512;13/06/2026;150076;78338;12;108;24;3;0;;;851
6;9741;LEITE SANTA CLARA LV SEMI DESN 1L;PERECIVEIS;80512;13/06/2026;150076;78338;12;21;12;2;0;;;119
6;6799;LEITE SANTA CLARA 1L ZERO LACTOSE;PERECIVEIS;80512;13/06/2026;150076;78338;12;12;12;1;0;;;20
6;7423;PEDRA SANITARIA SANI SOL 20G EUCALIPTO;PERFUMARIA E LIMPEZA;80536;13/06/2026;150092;78338;144;2995;144;0;0;15/06/2026;JESUS;260
6;10;REFRIG COCA COLA PET 2L;BEBIDAS;80536;13/06/2026;150092;78338;4;21;304;76;0;;;1523
6;4170;AMAC CONC FOFO 500ML CHEIROSISSIMO V;PERFUMARIA E LIMPEZA;80536;13/06/2026;150092;78338;12;0;12;1;1;15/06/2026;JESUS;8
6;23155;SABAO ZAVASKI 400G;PERFUMARIA E LIMPEZA;80536;13/06/2026;150092;78338;40;279;40;1;1;15/06/2026;JESUS;37
6;24994;TOAL UMED HUPPY L100P80;PERFUMARIA E LIMPEZA;80536;13/06/2026;150092;78338;12;4092;24;2;2;15/06/2026;JESUS;93
6;35123;CHOC BATON GAROTO 16G DUO;MERCEARIA;80536;13/06/2026;150092;78338;30;510;30;1;0;;;2
6;647;WHISKY GREEN VALLEY VD 1L;BEBIDAS;80536;13/06/2026;150092;78338;1;0;1;1;0;;;1
6;5842;ESC DENTAL ORAL B COMPL LV2 PG1;PERFUMARIA E LIMPEZA;80536;13/06/2026;150092;78338;1;5;1;11;0;;;13
6;5696;DETERG YPE 500ML MACA;PERFUMARIA E LIMPEZA;80536;13/06/2026;150092;78338;24;240;24;0;0;15/06/2026;JESUS;0
6;35112;AMAC CONC DOWNY 750ML TROPICAL;PERFUMARIA E LIMPEZA;80536;13/06/2026;150092;78338;12;552;24;0;0;15/06/2026;JESUS;0
6;33880;DET LIQ OMO CICLO RAPIDO 1 4 L ANTIODOR;PERFUMARIA E LIMPEZA;80536;13/06/2026;150092;78338;6;78;6;1;1;15/06/2026;JESUS;6
6;784;REFRIG ANTARCTICA GUARANA PET 2L;BEBIDAS;80536;13/06/2026;150092;78338;8;35;80;10;0;;;-3
6;5032;COND PANTENE 175ML RESTAUR PROFUND;PERFUMARIA E LIMPEZA;80536;13/06/2026;150092;78338;6;4;6;1;0;;;8
6;34564;CREME JOAO E MARIA 40G P ASSADURA;PERFUMARIA E LIMPEZA;80536;13/06/2026;150092;78338;1;7;1;1;0;;;-6
6;2361;FEIJAO VERMELHO ARBAZA 500G;MERCEARIA;80536;13/06/2026;150092;78338;12;980;12;9;0;;;0
6;5712;AMAC DOWNY 500ML MAIS INTENSO BRISA;PERFUMARIA E LIMPEZA;80536;13/06/2026;150092;78338;12;102;12;1;1;15/06/2026;JESUS;10
6;903;REFRIG PEPSI BLACK LT 350ML;BEBIDAS;80536;13/06/2026;150092;78338;12;-36;24;2;0;;;20
6;8858;AP PROBAK II 2UN;PERFUMARIA E LIMPEZA;80536;13/06/2026;150092;78338;14;4242;14;1;0;;;29
6;37860;CHOC BARRA GAROTO RECH BATON 90G;MERCEARIA;80536;13/06/2026;150092;78338;14;10;14;1;0;;;88
6;4256;AP PRESTOBARBA ULTRAGRIP 3L CART2UN;PERFUMARIA E LIMPEZA;80536;13/06/2026;150092;78338;1;1;1;2;0;;;-14
6;35675;ESC DENT COLGATE SENSITIVE;PERFUMARIA E LIMPEZA;80536;13/06/2026;150092;78338;1;0;1;1;0;;;5
6;6931;LIMP UAU 500ML REQUINTE;PERFUMARIA E LIMPEZA;80536;13/06/2026;150092;78338;24;24;24;0;0;15/06/2026;JESUS;15
6;17340;DET LIQ BIO KRISS 500ML CLEAR;PERFUMARIA E LIMPEZA;80536;13/06/2026;150092;78338;24;168;24;0;0;15/06/2026;JESUS;44
6;5441;DESINF GIRANDO SOL 500ML LAVANDA;PERFUMARIA E LIMPEZA;80536;13/06/2026;150092;78338;12;192;12;2;2;15/06/2026;JESUS;14
6;23140;SABAO GIRANDO SOL COCO 100G BAB;PERFUMARIA E LIMPEZA;80536;13/06/2026;150092;78338;50;291;50;1;1;15/06/2026;JESUS;36
6;33266;REFRIG FRUKI PET 3 L LARANJA;BEBIDAS;80536;13/06/2026;150092;78338;4;12;4;3;0;;;-72
6;572;ENERG HIPERTENSAO PET 1L;BEBIDAS;80536;13/06/2026;150092;78338;6;60;6;2;0;;;3
6;36245;CHOC BARRA NESTLE RECH 90G PRESTIG;MERCEARIA;80536;13/06/2026;150092;78338;14;0;28;2;0;;;3
6;633;VODKA TAIGA PREMIUM VD 1L;BEBIDAS;80536;13/06/2026;150092;78338;1;0;1;1;0;;;11
6;15615;CARVAO VEG CHURRASCO NA BRASA 5KG;NAO ALIMENTO;80536;13/06/2026;150092;78338;1;970;3;11;0;;;17
6;419;BEB VIT BALY KIDS LT 220ML MELANCIA;BEBIDAS;80536;13/06/2026;150092;78338;6;5;6;2;0;;;7
6;280;CERV ITAIPAVA MALZBIER LN 330ML;BEBIDAS;80536;13/06/2026;150092;78338;12;2937;12;1;0;;;7
6;776;REFRIG PEPSI COLA PET 200ML BLACK;BEBIDAS;80536;13/06/2026;150092;78338;12;927;12;2;0;;;131
6;4264;AP VENUS SIMPLY LV4 PG3;PERFUMARIA E LIMPEZA;80536;13/06/2026;150092;78338;6;54;6;1;0;;;1
6;6698;LAVA ROUPA BRILHANTE 900ML LIMPEZA TOTAL;PERFUMARIA E LIMPEZA;80536;13/06/2026;150092;78338;12;0;12;2;2;15/06/2026;JESUS;0
6;35160;CERV SKOL BEATS GREEN LT 269ML MIX;BEBIDAS;80536;13/06/2026;150092;78338;8;3;24;3;0;;;0
6;5044;COND PANTENE 400ML RESTAURACAO;PERFUMARIA E LIMPEZA;80536;13/06/2026;150092;78338;6;0;12;3;0;;;7
6;7798;SABAO BARRA YPE 900G GLIC ALOE VERA;PERFUMARIA E LIMPEZA;80536;13/06/2026;150092;78338;12;12;12;0;0;15/06/2026;JESUS;23
6;35693;LIMP VEJA PERFUMES 1L TULIPA;PERFUMARIA E LIMPEZA;80536;13/06/2026;150092;78338;12;36;12;0;0;15/06/2026;JESUS;5
6;260;CERV HEINEKEN LN 330ML;BEBIDAS;80536;13/06/2026;150092;78338;24;309;24;1;0;;;-24
6;4258;AP PROBAK II LV7 PG5;PERFUMARIA E LIMPEZA;80536;13/06/2026;150092;78338;1;457;4;5;0;;;50
6;4565;CARGA MACH 3 2UN SENSITIVE;PERFUMARIA E LIMPEZA;80536;13/06/2026;150092;78338;12;0;12;1;0;;;5
6;5442;DESINF GIRANDO SOL 500ML LIMAO;PERFUMARIA E LIMPEZA;80536;13/06/2026;150092;78338;12;96;24;1;1;15/06/2026;JESUS;-1
6;19372;INSET NITROCID PO 50G;PERFUMARIA E LIMPEZA;80536;13/06/2026;150092;78338;1;8;1;0;0;15/06/2026;JESUS;5
6;3431;SOPA GALINHA MAGGI 60G FIDELINI;MERCEARIA;80536;13/06/2026;150092;78338;10;40;10;0;0;;;8
6;4180;AMAC DOWNY 1L REGULAR INTENSO BRISA;PERFUMARIA E LIMPEZA;80536;13/06/2026;150092;78338;12;117;12;1;1;15/06/2026;JESUS;8
6;178;CERV KAISER LT 473ML;BEBIDAS;80536;13/06/2026;150092;78338;12;3;540;45;0;;;2135
6;893;REFRIG COCA COLA ZERO LT 350ML;BEBIDAS;80536;13/06/2026;150092;78338;12;1935;84;8;0;;;40
6;656;SUCO DEL VALLE FRUT TP 1L UVA;BEBIDAS;80637;13/06/2026;150375;78136;6;36;6;1;0;16/06/2026;ARIELI;19
6;13403;BISC DOCE NESTLE CHOCO TRIO 90G PRESTIGIO;MERCEARIA;80637;13/06/2026;150375;78136;12;387;60;0;0;15/06/2026;FERNANDO PAZ;76
6;570;REPOS POWERADE 500ML MIX;BEBIDAS;80637;13/06/2026;150375;78136;6;10;60;10;0;16/06/2026;ARIELI;171
6;643;SUCO DEL VALLE FRUT PET 1 5L FRUT CITRICAS;BEBIDAS;80637;13/06/2026;150375;78136;6;36;6;1;0;;;8
6;228;CERV AMSTEL LAGER LN 355ML;BEBIDAS;80637;13/06/2026;150375;78136;12;300;24;2;0;16/06/2026;ARIELI;25
7;12410;AMACIANTE GIRANDO SOL 500ML AZUL;PERFUMARIA E LIMPEZA;80538;13/06/2026;150094;78341;12;216;12;1;0;;;5
7;167;CERV GLACIAL PILSEN LT 473ML;BEBIDAS;80538;13/06/2026;150094;78341;12;5020;672;62;62;;GUILHERME B;1043
7;33458;AMACIANTE APYCE 2L TRAD AZ;PERFUMARIA E LIMPEZA;80538;13/06/2026;150094;78341;6;106;6;2;0;;;8
7;5275;CR DENTAL TANDY 50G MORANGO;PERFUMARIA E LIMPEZA;80538;13/06/2026;150094;78341;12;48;12;1;0;;;0
7;3969;ALCOOL GEL SUPER VALE 450G;PERFUMARIA E LIMPEZA;80538;13/06/2026;150094;78341;12;912;12;1;0;;;6
7;5682;DET LIQ GOTA LIMPA 500ML NEUTRO;PERFUMARIA E LIMPEZA;80538;13/06/2026;150094;78341;24;8915;24;3;0;;;-8
7;23002;SAB FONTANA SENSUS 150G LIMA LIMAO ORI;PERFUMARIA E LIMPEZA;80538;13/06/2026;150094;78341;72;1728;144;2;0;;;-66
7;34564;CREME JOAO E MARIA 40G P ASSADURA;PERFUMARIA E LIMPEZA;80538;13/06/2026;150094;78341;1;7;1;2;0;;;0
7;7950;SABON PALMOLIVE NATURALS 150G TURMALINA;PERFUMARIA E LIMPEZA;80538;13/06/2026;150094;78341;72;-72;72;1;0;;;4
7;1267;CHOC BARRA LACTA 80G AMARO 40 CACAU;MERCEARIA;80538;13/06/2026;150094;78341;17;0;17;1;0;;;61
7;1741;CHICLE FREEGELLS GUM 8G ORIGINAL MINT;MERCEARIA;80538;13/06/2026;150094;78341;15;0;15;1;0;;;7
7;7558;PROT DIARIO MILI 15UN SUAVE S ABAS;PERFUMARIA E LIMPEZA;80538;13/06/2026;150094;78341;24;14;24;1;0;;;7
7;5267;CR DENTAL ORAL B 70G 4 EM 1;PERFUMARIA E LIMPEZA;80538;13/06/2026;150094;78341;48;47;48;1;0;;;54
7;1623;BISC LANCHE BAUDUCCO 30G MAXI GOIABINHA;MERCEARIA;80538;13/06/2026;150094;78341;20;240;20;1;0;;;23
7;4893;SH ANTIC CLEAR L400P330 LIM DIAR 2 1;PERFUMARIA E LIMPEZA;80538;13/06/2026;150094;78341;12;115;24;2;0;;;13
7;5599;DESOD AERO REXONA 150ML 90G ACT EMOTION;PERFUMARIA E LIMPEZA;80538;13/06/2026;150094;78341;12;204;12;1;0;;;22
7;8148;SH ANTIC CLEAR 200ML MEN LIMP DIAR 2EM1;PERFUMARIA E LIMPEZA;80538;13/06/2026;150094;78341;12;60;12;1;0;;;10
7;5856;ESC DENTAL SORRISO DURA;PERFUMARIA E LIMPEZA;80538;13/06/2026;150094;78341;12;0;12;1;0;;;38
7;7948;SABON PALMOLIVE NATURALS 150G OLEO ARGAN;PERFUMARIA E LIMPEZA;80538;13/06/2026;150094;78341;72;564;72;1;0;;;1
7;1842;DROPS FREEGELLS 27 9G MORANGO;MERCEARIA;80538;13/06/2026;150094;78341;12;0;12;1;0;;;7
7;648;WHISKY MASTER GOLD VD 900ML;BEBIDAS;80538;13/06/2026;150094;78341;1;307;1;2;0;;;1
7;19372;INSET NITROCID PO 50G;PERFUMARIA E LIMPEZA;80538;13/06/2026;150094;78341;1;8;1;2;0;;;-1
7;23156;SABAO ZAVASKI AZUL 200G;PERFUMARIA E LIMPEZA;80538;13/06/2026;150094;78341;50;850;50;1;0;;;32
7;4166;AMAC CONC FOFO 500ML AZL TUDAO;PERFUMARIA E LIMPEZA;80538;13/06/2026;150094;78341;12;62;12;1;0;;;7
7;12237;ACUCAR REFINADO GASPARIN 1KG;MERCEARIA;80538;13/06/2026;150094;78341;10;2203;10;1;1;;GUILHERME B;171
7;6698;LAVA ROUPA BRILHANTE 900ML LIMPEZA TOTAL;PERFUMARIA E LIMPEZA;80538;13/06/2026;150094;78341;12;0;12;1;0;;;0
7;10198;SAB SENSUS BEAUTY ESSENCE 80G LIMA LIM ORIENT;PERFUMARIA E LIMPEZA;80538;13/06/2026;150094;78341;108;1944;108;1;0;;;55
7;3971;ALCOOL 46 SUPER VALE 1L;PERFUMARIA E LIMPEZA;80538;13/06/2026;150094;78341;12;480;12;1;0;;;6
7;17340;DET LIQ BIO KRISS 500ML CLEAR;PERFUMARIA E LIMPEZA;80538;13/06/2026;150094;78341;24;168;24;1;0;;;22
7;9623;INSET MAT INSET MULTI PROMO 360ML SEM CHEIRO;PERFUMARIA E LIMPEZA;80538;13/06/2026;150094;78341;12;0;12;1;0;;;7
7;5524;DESOD AERO BOZZANO 90G EXTREME;PERFUMARIA E LIMPEZA;80538;13/06/2026;150094;78341;12;444;12;1;0;;;6
7;12289;AGUA SANIT IMPERIAL 1L;PERFUMARIA E LIMPEZA;80538;13/06/2026;150094;78341;12;12;12;2;0;;;36
7;36262;KIT SH CD SEDA 300ML 190ML TOQUE DE SEDA;PERFUMARIA E LIMPEZA;80538;13/06/2026;150094;78341;15;315;15;1;0;;;14
7;4258;AP PROBAK II LV7 PG5;PERFUMARIA E LIMPEZA;80538;13/06/2026;150094;78341;1;457;2;10;0;;;41
7;5513;DESOD AERO AXE BS 150ML 96G DARK TEMPTATION;PERFUMARIA E LIMPEZA;80538;13/06/2026;150094;78341;12;0;12;2;0;;;3
7;793;REFRIG COCA COLA E FANTA LARANJA 2L;BEBIDAS;80639;13/06/2026;150376;78138;2;22;2;0;0;16/06/2026;MARCOS M;21
7;2140;ARROZ BCO SANO TP1 5KG;MERCEARIA;80666;13/06/2026;150465;78138;6;149;12;2;0;15/06/2026;EVERTON;189
8;1505;BISC ISABELA TORTINHAS 140G CHOC BCO GELEIA;MERCEARIA;80540;13/06/2026;150096;77867;50;250;100;2;0;;;1
8;1449;BISC RECH SAPECA 120G MORANGO;MERCEARIA;80540;13/06/2026;150096;77867;30;0;30;1;0;;;-5
8;3442;SOPAO APTI 180G FEIJAO MACARRAO;MERCEARIA;80540;13/06/2026;150096;77867;12;24;12;1;0;;;55
8;20320;MAC INST ISABELA 70G CAR ZR FRITU;MERCEARIA;80540;13/06/2026;150096;77867;50;45;50;1;0;;;0
8;20318;MACARRAO INST GERMANI 63G GALINHA;MERCEARIA;80540;13/06/2026;150096;77867;50;7236;100;2;0;;;255
8;38621;MASC DOVE RECONST E AMINOACIDO 320G;PERFUMARIA E LIMPEZA;80540;13/06/2026;150096;77867;1;3;1;1;0;;;0
8;38619;SH DOVE UMECTACAO E COCO 370ML;PERFUMARIA E LIMPEZA;80540;13/06/2026;150096;77867;1;4;1;1;0;;;0
8;3948;AGUA SANIT GOTA LIMPA 1L;PERFUMARIA E LIMPEZA;80540;13/06/2026;151134;78612;12;1452;12;0;0;;;13
8;5680;DET LIQ GOTA LIMPA 500ML MACA;PERFUMARIA E LIMPEZA;80540;13/06/2026;151134;78612;24;6888;24;0;0;;;0
8;2741;FARINHA TRIGO NORDESTE 1KG;MERCEARIA;80540;13/06/2026;150096;77867;10;6022;30;3;0;;;-30
8;20322;MAC INST ISABELA 70G GAL ZR FRITURA;MERCEARIA;80540;13/06/2026;150096;77867;50;4;150;3;0;;;-6
8;20316;MACARRAO INST GERMANI 63G CARNE;MERCEARIA;80540;13/06/2026;150096;77867;50;8149;150;3;0;;;130
8;4893;SH ANTIC CLEAR L400P330 LIM DIAR 2 1;PERFUMARIA E LIMPEZA;80540;13/06/2026;150096;77867;12;115;12;1;0;;;22
8;8292;SH PANTENE 175ML LISO EXTREMO;PERFUMARIA E LIMPEZA;80540;13/06/2026;150096;77867;6;132;6;1;0;;;7
8;17157;DESINF APYCE 2L LAVANDA;PERFUMARIA E LIMPEZA;80540;13/06/2026;151134;78612;6;307;6;0;0;;;11
8;12309;ALCOOL ARAUCARIA 46 500ML;PERFUMARIA E LIMPEZA;80540;13/06/2026;151134;78612;12;2472;12;0;0;;;32
8;17173;DESINF GOTA LIMPA 2L FLORAL;PERFUMARIA E LIMPEZA;80540;13/06/2026;151134;78612;6;949;6;0;0;;;-4
8;12293;AGUA SANIT ZAVASKI 5L;PERFUMARIA E LIMPEZA;80540;13/06/2026;151134;78612;4;704;4;0;0;;;5
8;36813;ARROZ BCO BOM DE PANELA TP1 5KG;MERCEARIA;80540;13/06/2026;150096;77867;6;1442;18;3;0;;;11
8;24138;SC PANOSUL ALVEJADO 48X63CM R 14;PERFUMARIA E LIMPEZA;80540;13/06/2026;150096;77867;1;10;1;0;0;15/06/2026;SAMUEL;16
8;1649;WAFER GIRASSOL 60G LIMAO;MERCEARIA;80540;13/06/2026;150096;77867;50;1150;50;1;0;;;19
8;3693;TEMP MAGGI MEU SEGREDO 49G TOMATE ERVAS;MERCEARIA;80540;13/06/2026;150096;77867;42;41;42;1;0;;;32
8;22683;RAC AMIGO PET GATO MIX 500G;PRODUTOS PET;80540;13/06/2026;150096;77867;22;8;22;1;0;;;17
8;5253;CR DENTAL CLOSE UP 100G LIQUIFRESH ICE;PERFUMARIA E LIMPEZA;80540;13/06/2026;150096;77867;12;210;12;1;0;;;43
8;5435;DESINF GIRANDO SOL 2L LAVANDA;PERFUMARIA E LIMPEZA;80540;13/06/2026;151134;78612;6;11;6;0;0;;;8
8;3952;AGUA SANIT Q BOA 5L;PERFUMARIA E LIMPEZA;80540;13/06/2026;151134;78612;3;694;3;0;0;;;8
8;35698;DET LIQ BARBAREX 5L NEUTRO;PERFUMARIA E LIMPEZA;80540;13/06/2026;151134;78612;2;13;2;0;0;;;2
8;2367;ERVILHA FUGINI SH 170G;MERCEARIA;80540;13/06/2026;150096;77867;36;2736;36;1;0;;;2
8;22794;RATICIDA RATICID GRANULADO 25G;PERFUMARIA E LIMPEZA;80540;13/06/2026;150096;77867;480;0;480;1;0;;;297
8;2118;ARROZ BCO SABOROSO TP1 2KG;MERCEARIA;80540;13/06/2026;150096;77867;15;105;15;1;0;;;13
8;2365;FEIJAO VRM CALDO OURO 500G;MERCEARIA;80540;13/06/2026;150096;77867;10;61;10;1;0;;;33
8;2026;MILHO PIPOCA SERRA URUGUAI TP1 400G;MERCEARIA;80540;13/06/2026;150096;77867;20;60;20;1;0;;;-38
8;3181;SALG KEVYTOS SHOW 38G BACON;MERCEARIA;80540;13/06/2026;150096;77867;20;280;20;1;0;;;32
8;1527;BISC RECH ISABELA MOUSSE 130G CHOC M AMARGO;MERCEARIA;80540;13/06/2026;150096;77867;50;200;50;1;0;;;23
8;20319;MACARRAO INST GERMANI 63G PICANHA;MERCEARIA;80540;13/06/2026;150096;77867;50;6549;100;2;0;;;71
8;2869;MASSA C OVOS ORQUIDEA 500G ESPAGUETE;MERCEARIA;80540;13/06/2026;150096;77867;20;34;20;1;0;;;43
8;20640;MAS NINHO BOM GOSTO SEMOLA 500G;MERCEARIA;80540;13/06/2026;150096;77867;20;17;20;1;0;;;-1
8;7938;SABONETE NIVEA 85G PROTEINA LEITE;PERFUMARIA E LIMPEZA;80540;13/06/2026;150096;77867;96;1056;96;1;0;;;-2
8;7354;PAPEL HIG DUETTO FD 12 UN DE 30M NEUTRO;PERFUMARIA E LIMPEZA;80540;13/06/2026;150096;77867;6;167;12;0;0;15/06/2026;ELIAS;5
8;35675;ESC DENT COLGATE SENSITIVE;PERFUMARIA E LIMPEZA;80540;13/06/2026;150096;77867;1;0;1;1;0;;;4
8;17177;DESINF GOTA LIMPA 2L PINHO;PERFUMARIA E LIMPEZA;80540;13/06/2026;151134;78612;6;82;6;0;0;;;13
8;6689;LAVA ROUPA ARIEL 700ML CLASSIC REF;PERFUMARIA E LIMPEZA;80540;13/06/2026;151134;78612;10;89;10;0;0;;;8
8;24062;SAPONACEO CREM FONT 250ML CLORO;PERFUMARIA E LIMPEZA;80540;13/06/2026;151134;78612;12;96;12;0;0;;;10
8;859;REFRIG PEPSI PET 600ML;BEBIDAS;80540;13/06/2026;150096;77867;12;276;24;2;0;;;28
8;38618;CREME DE PENTEAR SEDA BOOM DEF 1KG;PERFUMARIA E LIMPEZA;80540;13/06/2026;150096;77867;1;3;1;1;0;;;0
8;12233;ACUCAR DEMERARA GASPARIN 1KG;MERCEARIA;80540;13/06/2026;150096;77867;10;4;10;1;0;;;15
8;2401;MILHO PIPOCA BELLA DICA 400GR;MERCEARIA;80540;13/06/2026;150096;77867;12;1704;12;1;0;;;65
8;3295;SALG KEVYTOS SHOW 38G QUEIJO;MERCEARIA;80540;13/06/2026;150096;77867;20;139;20;1;0;;;9
8;1333;BISC DOCE ISABELA CRISTAL 414G;MERCEARIA;80540;13/06/2026;150096;77867;24;0;24;1;0;;;12
8;1406;BISC LEITE ISABELA 350G TRAD;MERCEARIA;80540;13/06/2026;150096;77867;24;22;24;1;0;;;11
8;3287;SALG KEVYTOS SHOW 38G PRESUNTO;MERCEARIA;80540;13/06/2026;150096;77867;20;280;20;1;0;;;-1
8;20635;MAS MACARRAO BOM GOSTO SEMOLA 400G;MERCEARIA;80540;13/06/2026;150096;77867;20;20;20;1;0;;;12
8;17156;DESINF APYCE 2L JASMIM;PERFUMARIA E LIMPEZA;80540;13/06/2026;151134;78612;6;314;6;0;0;;;17
8;5682;DET LIQ GOTA LIMPA 500ML NEUTRO;PERFUMARIA E LIMPEZA;80540;13/06/2026;151134;78612;24;8915;24;0;0;;;0
8;16593;CORT UNHA INOX PREMIUM 5 2CM 1PC;PERFUMARIA E LIMPEZA;80540;13/06/2026;150096;77867;1;13;1;0;0;15/06/2026;SAMUEL;2
8;1161;BISC COOKIE NESTLE 60G PASSATEMPO CHOC;MERCEARIA;80540;13/06/2026;150096;77867;52;0;52;1;0;;;62
8;1189;BISC DOCE GIRASSOL ROSCA CALDA 250G;MERCEARIA;80540;13/06/2026;150096;77867;22;88;22;1;0;;;5
8;3997;ALIM CAO DOG CHOW100G SACHE TOD TAM FILHO TD CARNE;PRODUTOS PET;80540;13/06/2026;150096;77867;15;14;15;1;0;;;1
8;38620;SH DOVE HID E HIL VIT 370ML;PERFUMARIA E LIMPEZA;80540;13/06/2026;150096;77867;1;3;1;1;0;;;0
8;5691;DETERG YPE 500 ML CLEAR;PERFUMARIA E LIMPEZA;80540;13/06/2026;151134;78612;24;-48;24;0;0;;;0
8;36264;DET LIQ APYCE SUPER ACAO SH 800ML;PERFUMARIA E LIMPEZA;80540;13/06/2026;151134;78612;12;97;12;0;0;;;16
8;817;REFRIG FRUKI GUARANA ZR PET 2L GUARANA ZERO;BEBIDAS;80540;13/06/2026;150096;77867;6;10;6;1;0;;;8
8;10;REFRIG COCA COLA PET 2L;BEBIDAS;80540;13/06/2026;150096;77867;4;21;100;25;0;;;806
8;776;REFRIG PEPSI COLA PET 200ML BLACK;BEBIDAS;80540;13/06/2026;150096;77867;12;927;24;2;0;;;43
8;33265;REFRIG FRUKI GUAR ZR PET 3L GUARANA ZERO;BEBIDAS;80540;13/06/2026;150096;77867;4;12;4;1;0;;;60
8;3680;LEITE COND TRIANGULO TP 395G;MERCEARIA;80540;13/06/2026;150096;77867;27;84;27;1;0;;;22
8;784;REFRIG ANTARCTICA GUARANA PET 2L;BEBIDAS;80540;13/06/2026;150096;77867;8;35;8;1;0;;;4
8;4988;COND JAY LUC 1L NEUTRO;PERFUMARIA E LIMPEZA;80540;13/06/2026;150096;77867;12;99;12;1;0;;;11
8;5492;DESINF YPE 500ML PINHO TRADICAO;PERFUMARIA E LIMPEZA;80540;13/06/2026;151134;78612;12;4;12;0;0;;;6
8;23135;SABAO FONT COCO 200G;PERFUMARIA E LIMPEZA;80540;13/06/2026;151134;78612;36;0;36;0;0;;;19
8;12289;AGUA SANIT IMPERIAL 1L;PERFUMARIA E LIMPEZA;80540;13/06/2026;151134;78612;12;12;12;0;0;;;0
8;17414;DET PO GOTA LIMPA 4KG HARMONIA;PERFUMARIA E LIMPEZA;80540;13/06/2026;151134;78612;5;18;5;0;0;;;-12
8;19372;INSET NITROCID PO 50G;PERFUMARIA E LIMPEZA;80540;13/06/2026;151134;78612;1;8;1;0;0;;;0
8;178;CERV KAISER LT 473ML;BEBIDAS;80540;13/06/2026;150096;77867;12;3;12;1;0;;;533
8;33266;REFRIG FRUKI PET 3 L LARANJA;BEBIDAS;80540;13/06/2026;150096;77867;4;12;4;1;0;;;48
8;3397;CALDO APTI 19G LEGUMES;MERCEARIA;80540;13/06/2026;150096;77867;24;0;48;2;0;;;0
8;3153;SALG KEVYTOS 80G BACONYTOS;MERCEARIA;80540;13/06/2026;150096;77867;10;40;10;1;0;;;2
8;1423;BISC MARIA GERMANI 690G;MERCEARIA;80540;13/06/2026;150096;77867;10;128;10;1;0;;;-28
8;3271;SALG OBBA 100G CHURRASCO;MERCEARIA;80540;13/06/2026;150096;77867;10;10;10;1;0;;;2
8;3402;CALDO APTI 57G LEGUMES;MERCEARIA;80540;13/06/2026;150096;77867;10;59;10;1;0;;;0
8;18979;GEL FIX DI HELLEN BRI MOL FL ADREN 240G;PERFUMARIA E LIMPEZA;80540;13/06/2026;150096;77867;12;0;12;1;0;;;1
8;24323;SH GENIAL PET 2 EM 1 500ML;PRODUTOS PET;80540;13/06/2026;150096;77867;1;0;1;1;0;;;5
8;2329;FEIJAO PRETO CALDO OURO 500G;MERCEARIA;80540;13/06/2026;150150;78344;10;4618;10;1;0;;;180
8;2637;ERVA MATE PONCHE VERDE 1KG LAMINADO;MERCEARIA;80540;13/06/2026;150096;77867;10;190;20;2;0;;;17
8;23371;SALG KRUKS 35G CHURRASCO;MERCEARIA;80540;13/06/2026;150096;77867;10;69;10;1;0;;;-9
8;1387;BISC NESFIT INTEG 160G CACAU E CEREAIS;MERCEARIA;80540;13/06/2026;150096;77867;48;0;48;1;0;;;7
8;2809;MACARRAO INST NISSIN ESP 500G T5;MERCEARIA;80540;13/06/2026;150096;77867;20;7;20;1;0;;;15
8;2823;MASSA C OVOS STA FELICIDADE 500G ESPAGUETE;MERCEARIA;80540;13/06/2026;150096;77867;20;10;20;1;0;;;110
8;2914;MASSA C OVOS ISABELA 500G GRAVATINHA;MERCEARIA;80540;13/06/2026;150096;77867;20;420;20;1;0;;;0
8;38616;CD SEDA COLAGENO VIT INT 250ML;PERFUMARIA E LIMPEZA;80540;13/06/2026;150096;77867;1;4;1;1;0;;;0
8;37863;CREME LEITE TP DAUS 200G;MERCEARIA;80540;13/06/2026;150096;77867;27;116;27;1;0;;;160
8;2136;ARROZ BCO JATAI TP3 5KG;MERCEARIA;80540;13/06/2026;150096;77867;6;63;12;2;0;;;4
8;2140;ARROZ BCO SANO TP1 5KG;MERCEARIA;80540;13/06/2026;150096;77867;6;149;36;6;0;;;162
8;2074;ARROZ BCO SANO TP1 1KG;MERCEARIA;80540;13/06/2026;150096;77867;30;19;30;1;0;;;95
8;15296;CALDO MAGGI 57G LEGUMES;MERCEARIA;80540;13/06/2026;150096;77867;10;0;10;1;0;;;38
8;1512;BISC ISABELA TORTINHAS 140G CHOC;MERCEARIA;80540;13/06/2026;150096;77867;50;0;50;1;0;;;13
8;570;REPOS POWERADE 500ML MIX;BEBIDAS;80641;13/06/2026;150377;78139;6;10;60;10;10;16/06/2026;WENDRIO;42
8;7353;PAPEL HIG ATUALLE 20M FLA DP 32UN NEUTRO COMPACTO;PERFUMARIA E LIMPEZA;80701;13/06/2026;150456;78427;3;1;9;3;0;15/06/2026;ELIAS;38
8;21733;PAPEL TOALHA MILI BIANCO 2UN;PERFUMARIA E LIMPEZA;80701;13/06/2026;150456;78427;12;168;36;3;0;15/06/2026;ELIAS;0
8;21692;PAPEL HIG NATUPEL PREM FS 30M C 4;PERFUMARIA E LIMPEZA;80701;13/06/2026;150456;78427;16;160;160;10;0;15/06/2026;ELIAS;-54
8;21679;PAPEL HIG MAXPEL PREMIUM FS 60M L12P11;PERFUMARIA E LIMPEZA;80701;13/06/2026;150456;78427;6;486;60;10;0;15/06/2026;ELIAS;14
8;7354;PAPEL HIG DUETTO FD 12 UN DE 30M NEUTRO;PERFUMARIA E LIMPEZA;80701;13/06/2026;150456;78427;6;167;24;4;0;15/06/2026;ELIAS;5
8;21687;PAPEL HIG MILI PERFUM FLA DPL 30M 12UN;PERFUMARIA E LIMPEZA;80701;13/06/2026;150456;78427;8;50;40;5;0;15/06/2026;ELIAS;44
8;7358;PAPEL HIG MILI NEUTRO FHA DPL 30M 12UN;PERFUMARIA E LIMPEZA;80701;13/06/2026;150456;78427;8;488;40;5;0;15/06/2026;ELIAS;28
8;21693;PAPEL HIG NATUPEL PREM FS 60M C 4;PERFUMARIA E LIMPEZA;80701;13/06/2026;150456;78427;16;119;64;4;0;15/06/2026;ELIAS;-13
8;21684;PAPEL HIG MILI NEUTRO FLA DPL 30M 4UN;PERFUMARIA E LIMPEZA;80701;13/06/2026;150456;78427;24;673;120;5;0;15/06/2026;ELIAS;37
8;7377;PAPEL TOALHA MILI 3UN;PERFUMARIA E LIMPEZA;80701;13/06/2026;150456;78427;4;8;16;4;0;15/06/2026;ELIAS;-2
8;21691;PAPEL HIG NATUPEL FD 20M C 12;PERFUMARIA E LIMPEZA;80701;13/06/2026;150456;78427;6;48;60;10;0;15/06/2026;ELIAS;36
11;13261;BIFINHO PETISCAO TABLETE 60G FGO;PRODUTOS PET;80542;13/06/2026;150098;77857;24;432;24;1;0;;;19
11;24816;TINTURA BELAECOR 147G 3 0 CASTANHO E;PERFUMARIA E LIMPEZA;80542;13/06/2026;150098;77857;6;0;6;1;0;;;6
11;17108;DES SANIT HIGISOLPAST AD LAV 9G C 4 PROM;PERFUMARIA E LIMPEZA;80542;13/06/2026;150098;77857;24;0;24;1;0;;;0
11;18768;FRALDA DESC MILI LOVECARE JUMBO G C 30;PERFUMARIA E LIMPEZA;80542;13/06/2026;150098;77857;6;5;6;1;0;;;12
11;33783;VODKA NINNOFF VD 900ML RED;BEBIDAS;80542;13/06/2026;150098;77857;6;228;6;1;0;;;1
11;910;REFRIG SUKITA LT 350 ML;BEBIDAS;80542;13/06/2026;150098;77857;12;23;12;1;0;;;13
11;664;SUCO KAPO 200ML UVA;BEBIDAS;80542;13/06/2026;150098;77857;12;1033;12;1;0;;;72
11;21685;PAPEL HIG MILI NEUTRO FLA SPL 100M 12UN;PERFUMARIA E LIMPEZA;80542;13/06/2026;150098;77857;6;57;12;2;0;15/06/2026;ELIAS;6
11;12173;ABS GERIAMAX POS PARTO OPERAT C 20;PERFUMARIA E LIMPEZA;80542;13/06/2026;150098;77857;6;168;6;1;0;;;2
11;33868;REFRE HAPPY TP 200ML UVA;BEBIDAS;80542;13/06/2026;150098;77857;24;0;24;1;0;;;26
11;3414;BARRA CEREAL RITTER 22G CAST PARA;MERCEARIA;80542;13/06/2026;150098;77857;24;672;48;0;0;13/06/2026;JOCELAINE;30
11;3431;SOPA GALINHA MAGGI 60G FIDELINI;MERCEARIA;80542;13/06/2026;150098;77857;10;40;10;0;0;13/06/2026;JOCELAINE;0
11;3802;PO P SORVETE APTI 120G ABACAXI;MERCEARIA;80542;13/06/2026;150098;77857;12;0;12;0;0;13/06/2026;JOCELAINE;14
11;35123;CHOC BATON GAROTO 16G DUO;MERCEARIA;80542;13/06/2026;150098;77857;30;510;30;0;0;13/06/2026;JOCELAINE;22
11;2361;FEIJAO VERMELHO ARBAZA 500G;MERCEARIA;80542;13/06/2026;150098;77857;12;980;12;1;0;;;30
11;240;VH DEL GRANO GOLD TINTO 750ML SV;BEBIDAS;80542;13/06/2026;150098;77857;6;306;6;1;0;;;12
11;417;BEB VIT BALY KIDS LT 220ML LARANJA;BEBIDAS;80542;13/06/2026;150098;77857;6;0;6;1;0;;;29
11;615;SUCO DEL VALLE TP 200ML PESSEGO;BEBIDAS;80542;13/06/2026;150098;77857;18;42;18;1;0;;;56
11;1058;ALFAJOR EL AGUILA 60G CHOC;MERCEARIA;80542;13/06/2026;150098;77857;12;3;24;0;0;13/06/2026;JOCELAINE;-23
11;3401;BARRA CEREAL RITTER 25G BANANA ZR ACUC;MERCEARIA;80542;13/06/2026;150098;77857;24;0;48;0;0;13/06/2026;JOCELAINE;2
11;1888;PASTILHA TIC TAC 14 5G MENTA;MERCEARIA;80542;13/06/2026;150098;77857;14;0;14;0;0;13/06/2026;JOCELAINE;-9
11;3805;PO P SORVETE APTI 120G CREME;MERCEARIA;80542;13/06/2026;150098;77857;12;0;12;0;0;13/06/2026;JOCELAINE;14
11;36245;CHOC BARRA NESTLE RECH 90G PRESTIG;MERCEARIA;80542;13/06/2026;150098;77857;14;0;14;0;0;13/06/2026;JOCELAINE;24
11;12237;ACUCAR REFINADO GASPARIN 1KG;MERCEARIA;80542;13/06/2026;150098;77857;10;2203;20;2;0;;;98
11;9594;GIRASSOL CBS 250G;PRODUTOS PET;80542;13/06/2026;150098;77857;12;12;12;1;0;;;0
11;3997;ALIM CAO DOG CHOW100G SACHE TOD TAM FILHO TD CARNE;PRODUTOS PET;80542;13/06/2026;150098;77857;15;14;15;1;0;;;1
11;3992;ALIM CAO DOG CHOW100G SACHE TOD TAM AD RA PEQ FRAN;PRODUTOS PET;80542;13/06/2026;150098;77857;15;105;15;1;0;;;30
11;21686;PAPEL HIG MILI NEUTRO FLA SPL 60M 4UN;PERFUMARIA E LIMPEZA;80542;13/06/2026;150098;77857;24;5;24;1;0;15/06/2026;ELIAS;2
11;20415;MAMAD CEFISA SIL 240ML;PERFUMARIA E LIMPEZA;80542;13/06/2026;150098;77857;12;12;12;1;0;;;13
11;8858;AP PROBAK II 2UN;PERFUMARIA E LIMPEZA;80542;13/06/2026;150098;77857;14;4242;14;1;0;;;21
11;9587;DESOD SANIT ADES GOTA LIMPA 41G 7D EUCALIPTO;PERFUMARIA E LIMPEZA;80542;13/06/2026;150098;77857;12;11;12;1;0;;;4
11;8149;SH ANTIC CLEAR 200ML MEN LIMPEZA PROFUND;PERFUMARIA E LIMPEZA;80542;13/06/2026;150098;77857;12;60;12;1;0;;;7
11;33426;CHOC BIBS STICKS 29G NAPOLITANO;MERCEARIA;80542;13/06/2026;150098;77857;16;0;16;0;0;13/06/2026;JOCELAINE;4
11;1849;DROPS FREEGELLS 27 9G EXTRA FORTE;MERCEARIA;80542;13/06/2026;150098;77857;12;0;12;0;0;13/06/2026;JOCELAINE;-10
11;1747;CHICLE FREEGELLS GUM 8G ORIG CHERRY;MERCEARIA;80542;13/06/2026;150098;77857;15;6;15;0;0;13/06/2026;JOCELAINE;6
11;4039;ALIM GATO BIFFE CAT 1KG ESPECIAL;PRODUTOS PET;80542;13/06/2026;150098;77857;8;572;16;2;0;;;0
11;21674;PAPEL HIG FOFOLETTE FS 30M C 12;PERFUMARIA E LIMPEZA;80542;13/06/2026;150098;77857;6;125;24;4;0;15/06/2026;ELIAS;0
11;4247;AP PRESTOBARBA 3 2UN SENSE CARE;PERFUMARIA E LIMPEZA;80542;13/06/2026;150098;77857;12;0;24;2;0;;;0
11;12279;AGUA OXIG BUTTERF 30V 100ML;PERFUMARIA E LIMPEZA;80542;13/06/2026;150098;77857;12;24;24;2;0;;;1
11;592;SUCO COM TEM TP 200ML UVA E MACA;BEBIDAS;80542;13/06/2026;150098;77857;24;0;24;1;0;;;35
11;1271;CHOC BARRA GAROTO 80G CROCANTE;MERCEARIA;80542;13/06/2026;150098;77857;16;288;48;0;0;13/06/2026;JOCELAINE;-21
11;1742;CHICLE FREEGELLS GUM 8G EXTRA FORTE;MERCEARIA;80542;13/06/2026;150098;77857;15;8;15;0;0;13/06/2026;JOCELAINE;6
11;22683;RAC AMIGO PET GATO MIX 500G;PRODUTOS PET;80542;13/06/2026;150098;77857;22;8;22;1;0;;;1
11;22702;RAC DODOG ORIG 10 1K;PRODUTOS PET;80542;13/06/2026;150098;77857;1;199;20;20;0;;;-1
11;4256;AP PRESTOBARBA ULTRAGRIP 3L CART2UN;PERFUMARIA E LIMPEZA;80542;13/06/2026;150098;77857;1;1;1;1;0;;;0
11;21787;PEDRA POMES STA CLARA R 199;PERFUMARIA E LIMPEZA;80542;13/06/2026;150098;77857;6;0;6;1;0;;;1
11;1702;CONFEITO MMS 120G CRISPY;MERCEARIA;80542;13/06/2026;150098;77857;24;96;24;0;0;13/06/2026;JOCELAINE;8
11;1845;DROPS FREEGELLS 27 9G EUCALIPTO;MERCEARIA;80542;13/06/2026;150098;77857;12;0;12;0;0;13/06/2026;JOCELAINE;-12
11;16593;CORT UNHA INOX PREMIUM 5 2CM 1PC;PERFUMARIA E LIMPEZA;80542;13/06/2026;150098;77857;1;13;1;0;0;15/06/2026;SAMUEL;3
11;1983;CAPPUCCINO PRONTO 3C 260ML CLASSIC;MERCEARIA;80542;13/06/2026;150098;77857;6;12;6;0;0;13/06/2026;JOCELAINE;6
11;22744;RAC SNOW DOG FGO TOMATE 5K;PRODUTOS PET;80542;13/06/2026;150098;77857;1;80;15;15;0;;;0
11;7361;PAPEL HIG NEVE NEUTRO 12X20M TOQUE DE SEDA;PERFUMARIA E LIMPEZA;80542;13/06/2026;150098;77857;5;70;10;2;0;15/06/2026;ELIAS;8
11;7377;PAPEL TOALHA MILI 3UN;PERFUMARIA E LIMPEZA;80542;13/06/2026;150098;77857;4;8;8;2;0;15/06/2026;ELIAS;5
11;17317;DESOD ROLLON REXONA 50ML XTRA COOL;PERFUMARIA E LIMPEZA;80542;13/06/2026;150098;77857;12;12;12;1;0;;;4
11;17316;DESOD ROLLON REXONA 50ML WOMEN ANT INV;PERFUMARIA E LIMPEZA;80542;13/06/2026;150098;77857;12;0;24;2;0;;;6
11;4244;AP PRESTOBARBA 3 2UN FEM;PERFUMARIA E LIMPEZA;80542;13/06/2026;150098;77857;12;192;24;2;0;;;0
11;65;KEEP COOLER CLASSIC PESSEGO 275ML;BEBIDAS;80542;13/06/2026;150098;77857;6;6;6;1;0;;;6
11;36169;CHOC BARRA NESTLE RECH 90G NEGRESCO;MERCEARIA;80542;13/06/2026;150098;77857;14;448;56;4;0;;;80
11;1276;CHOC BARRA GAROTO 80G MEIO AMARGO;MERCEARIA;80542;13/06/2026;150098;77857;16;0;64;0;0;13/06/2026;JOCELAINE;32
11;1847;DROPS FREEGELLS 27 9G VIT C CITRUS;MERCEARIA;80542;13/06/2026;150098;77857;12;0;12;0;0;13/06/2026;JOCELAINE;5
11;5806;ESC DENTAL COLGATE ESSENCIAL CLEAN PACK 06UN;PERFUMARIA E LIMPEZA;80542;13/06/2026;150098;77857;6;6;48;8;0;;;15
11;4564;CARGA MACH 3 2UN CARBONO;PERFUMARIA E LIMPEZA;80542;13/06/2026;150098;77857;12;10;12;1;0;;;5
11;6125;FRALDA CONFORTSEC PAMPERS XG 34UN;PERFUMARIA E LIMPEZA;80542;13/06/2026;150098;77857;4;0;4;4;0;;;5
11;648;WHISKY MASTER GOLD VD 900ML;BEBIDAS;80542;13/06/2026;150098;77857;1;307;1;1;1;13/06/2026;JOCELAINE;12
11;3686;TEMP BICARBONATO SODIO APTI 100G;MERCEARIA;80542;13/06/2026;150098;77857;20;80;20;0;0;13/06/2026;JOCELAINE;25
11;1894;DROPS FREEGELLS 27 6G CEREJA CHOC;MERCEARIA;80542;13/06/2026;150098;77857;12;228;24;0;0;13/06/2026;JOCELAINE;4
11;396;ENERG MONSTER LT 473ML ULTRA;BEBIDAS;80643;13/06/2026;150378;78142;6;159;24;0;0;16/06/2026;ARIELI;2
11;646;SUCO DEL VALLE FRUT PET 1 5L UVA;BEBIDAS;80643;13/06/2026;150378;78142;6;67;6;0;0;16/06/2026;ARIELI;3
11;13403;BISC DOCE NESTLE CHOCO TRIO 90G PRESTIGIO;MERCEARIA;80643;13/06/2026;150378;78142;12;387;60;0;0;15/06/2026;MONIQUE;59
11;793;REFRIG COCA COLA E FANTA LARANJA 2L;BEBIDAS;80643;13/06/2026;150378;78142;2;22;2;0;0;16/06/2026;MARCOS M;1
11;2621;ERVA MATE SEIVA PURA 1KG GROSSA S ACUCAR;MERCEARIA;80643;13/06/2026;150378;78142;10;0;60;60;0;15/06/2026;ALEXSANDRO;0
11;570;REPOS POWERADE 500ML MIX;BEBIDAS;80643;13/06/2026;150378;78142;6;10;30;5;5;16/06/2026;ARIELI;156
11;228;CERV AMSTEL LAGER LN 355ML;BEBIDAS;80643;13/06/2026;150378;78142;12;300;12;0;0;16/06/2026;ARIELI;14
11;796;REFRIG COCA COLA E FANTA GUARANA 2L;BEBIDAS;80643;13/06/2026;150378;78142;2;78;4;0;0;16/06/2026;MARCOS M;9
11;21685;PAPEL HIG MILI NEUTRO FLA SPL 100M 12UN;PERFUMARIA E LIMPEZA;80703;13/06/2026;150457;78428;6;57;12;2;0;15/06/2026;ELIAS;6
11;21686;PAPEL HIG MILI NEUTRO FLA SPL 60M 4UN;PERFUMARIA E LIMPEZA;80703;13/06/2026;150457;78428;24;5;72;3;0;15/06/2026;ELIAS;2
11;21687;PAPEL HIG MILI PERFUM FLA DPL 30M 12UN;PERFUMARIA E LIMPEZA;80703;13/06/2026;150457;78428;8;50;40;5;0;15/06/2026;ELIAS;26
11;21691;PAPEL HIG NATUPEL FD 20M C 12;PERFUMARIA E LIMPEZA;80703;13/06/2026;150457;78428;6;48;120;20;0;15/06/2026;ELIAS;24
11;21692;PAPEL HIG NATUPEL PREM FS 30M C 4;PERFUMARIA E LIMPEZA;80703;13/06/2026;150457;78428;16;160;320;20;0;15/06/2026;ELIAS;75
11;21728;PAPEL TOAL INTERFLUX NATUPEL C 1000;PERFUMARIA E LIMPEZA;80703;13/06/2026;150457;78428;6;1152;60;10;0;15/06/2026;ELIAS;31
11;21674;PAPEL HIG FOFOLETTE FS 30M C 12;PERFUMARIA E LIMPEZA;80703;13/06/2026;150457;78428;6;125;42;7;0;15/06/2026;ELIAS;0
11;21693;PAPEL HIG NATUPEL PREM FS 60M C 4;PERFUMARIA E LIMPEZA;80703;13/06/2026;150457;78428;16;119;80;5;0;15/06/2026;ELIAS;50
12;20193;LIXA P PES DUPLA FACE;PERFUMARIA E LIMPEZA;80544;13/06/2026;150100;77858;1;0;1;1;0;;;5
12;22914;REPARADOR PONTAS JAYLUC 30ML BLIND QUERAT;PERFUMARIA E LIMPEZA;80544;13/06/2026;150100;77858;24;120;48;2;0;;;33
12;3431;SOPA GALINHA MAGGI 60G FIDELINI;MERCEARIA;80544;13/06/2026;150100;77858;10;40;10;0;0;;;6
12;17176;DESINF GOTA LIMPA 2L LIMAO;PERFUMARIA E LIMPEZA;80544;13/06/2026;151421;78857;6;762;6;0;0;;;9
12;33285;AMACIANTE APYCE 2L JASMIM ROSA;PERFUMARIA E LIMPEZA;80544;13/06/2026;151421;78857;6;28;6;0;0;;;0
12;37429;AGUA SANITARIA SUPREMA 5 L;PERFUMARIA E LIMPEZA;80544;13/06/2026;151421;78857;3;18;3;0;0;;;1
12;17420;DET PO TIXAN YPE CT 400PRIMAVERA;PERFUMARIA E LIMPEZA;80544;13/06/2026;151421;78857;28;55;28;0;0;;;33
12;5032;COND PANTENE 175ML RESTAUR PROFUND;PERFUMARIA E LIMPEZA;80544;13/06/2026;150100;77858;6;4;6;1;0;;;10
12;17339;LAVA ROUPAS LIQ BARBAREX 5L;PERFUMARIA E LIMPEZA;80544;13/06/2026;151421;78857;2;51;4;0;0;;;8
12;9299;DETERG YPE LIQ 5L NEUTRO;PERFUMARIA E LIMPEZA;80544;13/06/2026;151421;78857;4;16;4;0;0;;;7
12;17177;DESINF GOTA LIMPA 2L PINHO;PERFUMARIA E LIMPEZA;80544;13/06/2026;151421;78857;6;82;6;0;0;;;10
12;17164;DESINF AQUAFAST 5L MARINE;PERFUMARIA E LIMPEZA;80544;13/06/2026;151421;78857;4;12;4;0;0;;;12
12;3953;AGUA SANIT YPE 1L;PERFUMARIA E LIMPEZA;80544;13/06/2026;151421;78857;12;2315;24;0;0;;;13
12;687;ESP GARIBALDI PRIMICIAS GF 660ML ROSE;BEBIDAS;80544;13/06/2026;150100;77858;1;0;8;8;0;;;5
12;5030;COND PANTENE 175ML LISO EXTREMO;PERFUMARIA E LIMPEZA;80544;13/06/2026;150100;77858;6;4;12;2;0;;;12
12;5806;ESC DENTAL COLGATE ESSENCIAL CLEAN PACK 06UN;PERFUMARIA E LIMPEZA;80544;13/06/2026;150100;77858;6;6;24;4;0;;;13
12;17325;DET LIQ AQUAFAST 2L FL BCAS E BAUN;PERFUMARIA E LIMPEZA;80544;13/06/2026;151421;78857;6;174;6;0;0;;;6
12;7834;DET PO GOTA LIMPA 4KG EQUILIBRIO;PERFUMARIA E LIMPEZA;80544;13/06/2026;151421;78857;5;74;5;0;0;;;8
12;5680;DET LIQ GOTA LIMPA 500ML MACA;PERFUMARIA E LIMPEZA;80544;13/06/2026;151421;78857;24;6888;48;0;0;;;-21
12;38552;RACAO RANGO DOG 5KG;PRODUTOS PET;80544;13/06/2026;150100;77858;1;3580;7;7;0;15/06/2026;ELIAS;168
12;5683;DET LIQ GOTA LIMPA 5L NEUTRO;PERFUMARIA E LIMPEZA;80544;13/06/2026;151421;78857;4;24;4;0;0;;;3
12;4220;AMAC YPE 5L ACONCHEGO;PERFUMARIA E LIMPEZA;80544;13/06/2026;151421;78857;4;137;12;0;0;;;5
12;12293;AGUA SANIT ZAVASKI 5L;PERFUMARIA E LIMPEZA;80544;13/06/2026;151421;78857;4;704;8;0;0;;;10
12;4213;AMAC GOTA LIMPA 5L FLORATA;PERFUMARIA E LIMPEZA;80544;13/06/2026;151421;78857;4;302;8;0;0;;;4
12;20157;LIMP VEJA PERF SENS 2L JASMIM;PERFUMARIA E LIMPEZA;80544;13/06/2026;151421;78857;6;29;6;0;0;;;5
12;6741;LAVA ROUPA UAU 3L ACTIVE;PERFUMARIA E LIMPEZA;80544;13/06/2026;151421;78857;4;113;4;0;0;;;4
12;35698;DET LIQ BARBAREX 5L NEUTRO;PERFUMARIA E LIMPEZA;80544;13/06/2026;151421;78857;2;13;2;0;0;;;4
12;37432;DESINFETANTE SUPREMA LAVANDA 5L;PERFUMARIA E LIMPEZA;80544;13/06/2026;151421;78857;3;545;9;0;0;;;20
12;4565;CARGA MACH 3 2UN SENSITIVE;PERFUMARIA E LIMPEZA;80544;13/06/2026;150100;77858;12;0;12;1;0;;;25
12;1354;CHOC BATON GAROTO 16G BRANCO;MERCEARIA;80544;13/06/2026;150100;77858;30;29;30;1;0;;;15
12;5488;DESINF YPE 2L BAK FLORAL;PERFUMARIA E LIMPEZA;80544;13/06/2026;151421;78857;6;18;6;0;0;;;1
12;17385;DET PO APYCE SH 1 6K ROSA;PERFUMARIA E LIMPEZA;80544;13/06/2026;151421;78857;13;135;13;0;0;;;0
12;33287;AMAC APYCE 5L JASMIM RSA;PERFUMARIA E LIMPEZA;80544;13/06/2026;151421;78857;2;223;6;0;0;;;29
12;8001;SABONETE SENADOR 130G;PERFUMARIA E LIMPEZA;80544;13/06/2026;150100;77858;72;0;72;1;0;;;38
12;1294;CHOC BARRA NESTLE 80G AO LEITE;MERCEARIA;80544;13/06/2026;150100;77858;64;16;64;1;0;;;314
12;9290;DESINF YPE BAK 1L EUCALIPTO;PERFUMARIA E LIMPEZA;80544;13/06/2026;151421;78857;12;144;24;0;0;;;0
12;6694;LAVA ROUPA BRILHANTE 3L HIGIENE TOTAL;PERFUMARIA E LIMPEZA;80544;13/06/2026;151421;78857;4;40;4;0;0;;;23
12;9735;LAVA ROUPA AQUA FAST 3L TERNURA;PERFUMARIA E LIMPEZA;80544;13/06/2026;151421;78857;4;8;4;0;0;;;6
12;37437;AGUA SANITARIA SUPREMA 2 L;PERFUMARIA E LIMPEZA;80544;13/06/2026;151421;78857;6;3512;6;0;0;;;35
12;7353;PAPEL HIG ATUALLE 20M FLA DP 32UN NEUTRO COMPACTO;PERFUMARIA E LIMPEZA;80544;13/06/2026;150100;77858;3;1;3;1;0;15/06/2026;ELIAS;77
12;4256;AP PRESTOBARBA ULTRAGRIP 3L CART2UN;PERFUMARIA E LIMPEZA;80544;13/06/2026;150100;77858;1;1;1;1;0;;;4
12;5842;ESC DENTAL ORAL B COMPL LV2 PG1;PERFUMARIA E LIMPEZA;80544;13/06/2026;150100;77858;1;5;1;1;0;;;27
12;3889;ABS C ABAS ALWAYS LV16PG14 NOT SUAV;PERFUMARIA E LIMPEZA;80544;13/06/2026;150100;77858;12;0;12;1;0;;;10
12;21692;PAPEL HIG NATUPEL PREM FS 30M C 4;PERFUMARIA E LIMPEZA;80544;13/06/2026;150100;77858;16;160;16;1;0;15/06/2026;ELIAS;10
12;5850;ESC DENTAL ORAL B PRO;PERFUMARIA E LIMPEZA;80544;13/06/2026;150100;77858;72;504;72;1;0;;;3
12;1888;PASTILHA TIC TAC 14 5G MENTA;MERCEARIA;80544;13/06/2026;150100;77858;14;0;14;1;0;;;9
12;34845;ALVEJ BARBAREX 2L S CLORO;PERFUMARIA E LIMPEZA;80544;13/06/2026;151421;78857;6;66;18;0;0;;;0
12;7857;SABAO PO SURF 1 6KG SACO ROSA FLOR;PERFUMARIA E LIMPEZA;80544;13/06/2026;151421;78857;7;0;7;0;0;;;,999
12;7835;DET PO GOTA LIMPA 800G EQUILIBRIO;PERFUMARIA E LIMPEZA;80544;13/06/2026;151421;78857;20;174;60;0;0;;;0
12;3954;AGUA SANIT YPE 2L;PERFUMARIA E LIMPEZA;80544;13/06/2026;151421;78857;6;0;6;0;0;;;8
12;5836;ESC DENTAL ORAL B 1 2 3 MEDIA;PERFUMARIA E LIMPEZA;80544;13/06/2026;150100;77858;12;108;36;3;0;;;23
12;5678;DET LIQ GOTA LIMPA 500ML CRISTAL;PERFUMARIA E LIMPEZA;80544;13/06/2026;151421;78857;24;7728;72;0;0;;;0
12;5697;AMAC YPE PRO ROUPAS TECIDOS 7L;PERFUMARIA E LIMPEZA;80544;13/06/2026;151421;78857;1;10;1;0;0;;;-4
12;7811;SABAO PO BRILHANTE 2 2KG LIMPEZA TOTAL;PERFUMARIA E LIMPEZA;80544;13/06/2026;151421;78857;9;333;9;0;0;;;24
12;12290;AGUA SANIT IMPERIAL 2L;PERFUMARIA E LIMPEZA;80544;13/06/2026;151421;78857;6;96;12;0;0;;;-1
12;35580;DET LIQ BRILHANTE HIG TOTAL 1 8L;PERFUMARIA E LIMPEZA;80544;13/06/2026;151421;78857;6;315;6;0;0;;;24
12;5693;DETERG YPE 500ML CAPIM LIMAO;PERFUMARIA E LIMPEZA;80544;13/06/2026;151421;78857;24;24;24;0;0;;;0
12;17350;DET LIQ GOTA LIMPA 1L NEUTRO;PERFUMARIA E LIMPEZA;80544;13/06/2026;151421;78857;12;2663;24;0;0;;;15
12;7851;SABAO PO OMO 800G LAV PERFEITA;PERFUMARIA E LIMPEZA;80544;13/06/2026;151421;78857;20;7361;20;0;0;;;12
12;5028;COND PANTENE 175ML HIDRATACAO;PERFUMARIA E LIMPEZA;80544;13/06/2026;150100;77858;6;2;6;1;0;;;9
12;396;ENERG MONSTER LT 473ML ULTRA;BEBIDAS;80645;13/06/2026;150379;78143;6;159;18;0;0;16/06/2026;ALEX JARDIM;2
12;13403;BISC DOCE NESTLE CHOCO TRIO 90G PRESTIGIO;MERCEARIA;80645;13/06/2026;150379;78143;12;387;60;5;0;15/06/2026;PAMELA;60
12;796;REFRIG COCA COLA E FANTA GUARANA 2L;BEBIDAS;80645;13/06/2026;150379;78143;2;78;2;0;0;16/06/2026;WENDRIO;44
12;570;REPOS POWERADE 500ML MIX;BEBIDAS;80645;13/06/2026;150379;78143;6;10;30;5;5;16/06/2026;ALEX JARDIM;170
12;21674;PAPEL HIG FOFOLETTE FS 30M C 12;PERFUMARIA E LIMPEZA;80705;13/06/2026;150458;78429;6;125;18;3;0;15/06/2026;ELIAS;4
12;7354;PAPEL HIG DUETTO FD 12 UN DE 30M NEUTRO;PERFUMARIA E LIMPEZA;80705;13/06/2026;150458;78429;6;167;24;4;0;15/06/2026;ELIAS;3
12;21728;PAPEL TOAL INTERFLUX NATUPEL C 1000;PERFUMARIA E LIMPEZA;80705;13/06/2026;150458;78429;6;1152;60;10;0;15/06/2026;ELIAS;41
12;21687;PAPEL HIG MILI PERFUM FLA DPL 30M 12UN;PERFUMARIA E LIMPEZA;80705;13/06/2026;150458;78429;8;50;40;5;0;15/06/2026;ELIAS;22
12;21733;PAPEL TOALHA MILI BIANCO 2UN;PERFUMARIA E LIMPEZA;80705;13/06/2026;150458;78429;12;168;36;3;0;15/06/2026;ELIAS;74
12;21693;PAPEL HIG NATUPEL PREM FS 60M C 4;PERFUMARIA E LIMPEZA;80705;13/06/2026;150458;78429;16;119;80;5;0;15/06/2026;ELIAS;0
12;21691;PAPEL HIG NATUPEL FD 20M C 12;PERFUMARIA E LIMPEZA;80705;13/06/2026;150458;78429;6;48;60;10;0;15/06/2026;ELIAS;7
12;21692;PAPEL HIG NATUPEL PREM FS 30M C 4;PERFUMARIA E LIMPEZA;80705;13/06/2026;150458;78429;16;160;320;20;0;15/06/2026;ELIAS;10
12;21686;PAPEL HIG MILI NEUTRO FLA SPL 60M 4UN;PERFUMARIA E LIMPEZA;80705;13/06/2026;150458;78429;24;5;72;3;0;15/06/2026;ELIAS;7
12;21679;PAPEL HIG MAXPEL PREMIUM FS 60M L12P11;PERFUMARIA E LIMPEZA;80705;13/06/2026;150458;78429;6;486;30;5;0;15/06/2026;ELIAS;0
13;6787;LEITE LV ELEGE 1L ZERO LAC SEMI DES;PERECIVEIS;80520;13/06/2026;150080;77859;12;900;72;6;6;16/06/2026;VILLARROEL;10
13;6781;LEITE LV EDGE ELEGE 1L INTEGRAL;PERECIVEIS;80520;13/06/2026;150080;77859;12;108;24;0;0;16/06/2026;VILLARROEL;853
13;6796;LEITE UHT MOLICO 1L ZERO LACTOSE;PERECIVEIS;80520;13/06/2026;150080;77859;12;41;12;0;0;16/06/2026;VILLARROEL;17
13;6782;LEITE UHT TIROL C TAMPA 1L DESN;PERECIVEIS;80520;13/06/2026;150080;77859;12;4150;36;3;3;16/06/2026;VILLARROEL;107
13;9745;LEITE UHT SANTA CLARA DESN 1L;PERECIVEIS;80520;13/06/2026;150080;77859;12;179;48;0;0;16/06/2026;VILLARROEL;30
13;9741;LEITE SANTA CLARA LV SEMI DESN 1L;PERECIVEIS;80520;13/06/2026;150080;77859;12;21;72;6;6;16/06/2026;VILLARROEL;-24
13;6799;LEITE SANTA CLARA 1L ZERO LACTOSE;PERECIVEIS;80520;13/06/2026;150080;77859;12;12;12;0;0;16/06/2026;VILLARROEL;-1
13;423;BEB VIT BALY KIDS LT 220ML UVA;BEBIDAS;80546;13/06/2026;150102;77859;6;0;6;1;0;;;34
13;986;OLEO SOJA VITALIV PET 900ML;MERCEARIA;80546;13/06/2026;150102;77859;20;0;20;1;1;16/06/2026;VILLARROEL;418
13;3762;AJI SAL 1KG P CHURRASCO;MERCEARIA;80546;13/06/2026;150102;77859;12;24;12;0;0;16/06/2026;VILLARROEL;11
13;10170;SAB LIQ SENSUS LUXO RF 220ML ERVA DOCE;PERFUMARIA E LIMPEZA;80546;13/06/2026;150102;77859;18;216;18;1;0;;;18
13;5250;CR DENT CLOSE UP 70G TRIPLE HORTELA;PERFUMARIA E LIMPEZA;80546;13/06/2026;150102;77859;72;0;72;1;0;;;-1
13;10145;SAB FARNESE 180G ERV DOCE VERB;PERFUMARIA E LIMPEZA;80546;13/06/2026;150102;77859;36;1980;36;1;0;;;100
13;3642;SAL REFINADO CISNE 1KG;MERCEARIA;80546;13/06/2026;150102;77859;10;0;20;2;2;16/06/2026;BRUNO;26
13;2974;ACUCAR DEMERARA UNIAO 1KG;MERCEARIA;80546;13/06/2026;150102;77859;10;20;10;0;0;16/06/2026;BRUNO;10
13;22902;REMOV ESM AMAZONIA 500ML;PERFUMARIA E LIMPEZA;80546;13/06/2026;150102;77859;12;24;12;1;0;;;10
13;286;CERV SKOL BEATS LN 269ML GIN TONICA;BEBIDAS;80546;13/06/2026;150102;77859;24;144;24;1;0;;;18
13;21683;PAPEL HIG COMFORT FLA DPL 30M 18 UN;PERFUMARIA E LIMPEZA;80546;13/06/2026;150102;77859;4;0;4;1;0;15/06/2026;ELIAS;6
13;795;REFRIG COCA COLA PET 2L ZERO;BEBIDAS;80546;13/06/2026;150102;77859;8;10;352;44;0;;;636
13;10;REFRIG COCA COLA PET 2L;BEBIDAS;80546;13/06/2026;150102;77859;4;21;384;15;15;15/06/2026;JOSE ANTONIO;2339
13;2919;ACHOC LIQ TODDYNHO 200ML LEVINHO;MERCEARIA;80546;13/06/2026;150102;77859;27;2;27;1;1;16/06/2026;VILLARROEL;75
13;10178;SABON PALMOLIVE NATURALS 85G KARITE;PERFUMARIA E LIMPEZA;80546;13/06/2026;150102;77859;108;3324;108;1;0;;;551
13;7929;SABONETE LUX 85G ORQUIDEA NEGRA;PERFUMARIA E LIMPEZA;80546;13/06/2026;150102;77859;108;1650;108;1;0;;;36
13;896;REFRIG FANTA LARANJA LT 350ML;BEBIDAS;80546;13/06/2026;150102;77859;6;846;6;1;0;;;45
13;30;REFRE PO TRINK 15G TANGERINA;BEBIDAS;80546;13/06/2026;150102;77859;150;9750;150;1;0;;;215
13;3872;CERV STELLA ARTOIS LT 473ML P GOLD;BEBIDAS;80546;13/06/2026;150102;77859;12;3283;12;1;0;;;400
13;33266;REFRIG FRUKI PET 3 L LARANJA;BEBIDAS;80546;13/06/2026;150102;77859;4;12;4;1;0;;;45
13;357;CHA MATTE LEAO PET 1 5L LIMAO;BEBIDAS;80546;13/06/2026;150102;77859;6;0;6;1;0;;;0
13;6126;FRALDA CONFORTSEC PAMPERS G 38UN;PERFUMARIA E LIMPEZA;80546;13/06/2026;150102;77859;4;44;4;1;0;;;0
13;5275;CR DENTAL TANDY 50G MORANGO;PERFUMARIA E LIMPEZA;80546;13/06/2026;150102;77859;12;48;12;1;0;;;47
13;19803;KIT SH CD PANTENE 300 150ML EQUILIBRIO;PERFUMARIA E LIMPEZA;80546;13/06/2026;150102;77859;6;294;12;2;0;;;10
13;2739;FARINHA TRIGO PANFACIL PREM TP1 1KG TP1;MERCEARIA;80546;13/06/2026;150102;77859;10;44;10;0;0;16/06/2026;BRUNO;13
13;2210;ARROZ INTEG PRATO FINO 1KG;MERCEARIA;80546;13/06/2026;150102;77859;10;32;10;0;0;16/06/2026;BRUNO;19
13;2026;MILHO PIPOCA SERRA URUGUAI TP1 400G;MERCEARIA;80546;13/06/2026;150102;77859;20;60;20;0;0;16/06/2026;BRUNO;4
13;634;SUCO DEL VALLE LT 290ML MANGA;BEBIDAS;80546;13/06/2026;150102;77859;6;1;6;1;0;;;15
13;1452;CHOC KINDER BUENO 39G;MERCEARIA;80546;13/06/2026;150102;77859;30;0;30;1;0;;;10
13;3431;SOPA GALINHA MAGGI 60G FIDELINI;MERCEARIA;80546;13/06/2026;150102;77859;10;40;10;0;0;;;0
13;36245;CHOC BARRA NESTLE RECH 90G PRESTIG;MERCEARIA;80546;13/06/2026;150102;77859;14;0;14;1;0;;;0
13;1744;CHICLE FREEGELLS GUM 8G TUTTI FRUTTI;MERCEARIA;80546;13/06/2026;150102;77859;15;0;15;1;0;;;3
13;5850;ESC DENTAL ORAL B PRO;PERFUMARIA E LIMPEZA;80546;13/06/2026;150102;77859;72;504;144;2;0;;;4
13;78;AGUA SABORIZ H2OH PET 500ML LIMAO;BEBIDAS;80546;13/06/2026;150102;77859;12;24;12;1;0;;;4
13;13059;BANHEIRA ADOLETA INF 20L ROSA BEBE;PERFUMARIA E LIMPEZA;80546;13/06/2026;150102;77859;1;4;1;1;0;;;4
13;12168;ABS DEFINITY C ABAS C 8;PERFUMARIA E LIMPEZA;80546;13/06/2026;150102;77859;60;1620;120;2;0;;;1
13;2745;FARINHA TRIGO MARIA INES 1KG;MERCEARIA;80546;13/06/2026;150102;77859;10;0;50;0;0;16/06/2026;BRUNO;72
13;2325;FEIJAO PRETO ARBAZA PREMIUM 500G;MERCEARIA;80546;13/06/2026;150102;77859;12;2136;120;10;10;16/06/2026;BRUNO;231
13;36987;FARINHA MANDIOCA 500G DINDA;MERCEARIA;80546;13/06/2026;150102;77859;20;175;20;0;0;16/06/2026;BRUNO;31
13;2401;MILHO PIPOCA BELLA DICA 400GR;MERCEARIA;80546;13/06/2026;150102;77859;12;1704;36;3;3;16/06/2026;BRUNO;55
13;37021;FAROFA DINDA 200G TRAD;MERCEARIA;80546;13/06/2026;150102;77859;25;41;25;0;0;16/06/2026;BRUNO;16
13;2793;FAROFA CASEIRISSIMA YOKI 200G CEBOLA;MERCEARIA;80546;13/06/2026;150102;77859;12;12;12;1;0;;;15
13;3384;CALDO GALINHA APTI 57G;MERCEARIA;80546;13/06/2026;150102;77859;120;0;120;1;0;;;3
13;633;VODKA TAIGA PREMIUM VD 1L;BEBIDAS;80546;13/06/2026;150102;77859;1;0;1;1;0;;;10
13;17317;DESOD ROLLON REXONA 50ML XTRA COOL;PERFUMARIA E LIMPEZA;80546;13/06/2026;150102;77859;12;12;24;2;0;;;1
13;188;CERV POLAR EXPORT LT 473ML;BEBIDAS;80546;13/06/2026;150102;77859;12;2077;24;2;0;;;87
13;36;AGUA MIN CRYSTAL PET 500ML C GAS;BEBIDAS;80546;13/06/2026;150102;77859;12;3966;12;1;0;;;271
13;38618;CREME DE PENTEAR SEDA BOOM DEF 1KG;PERFUMARIA E LIMPEZA;80546;13/06/2026;150102;77859;1;3;1;1;0;;;0
13;766;REFRIG FANTA PET 200ML LARANJA;BEBIDAS;80546;13/06/2026;150102;77859;12;1668;96;8;0;;;102
13;1888;PASTILHA TIC TAC 14 5G MENTA;MERCEARIA;80546;13/06/2026;150102;77859;14;0;14;1;0;;;15
13;34564;CREME JOAO E MARIA 40G P ASSADURA;PERFUMARIA E LIMPEZA;80546;13/06/2026;150102;77859;1;7;3;3;0;;;9
13;4258;AP PROBAK II LV7 PG5;PERFUMARIA E LIMPEZA;80546;13/06/2026;150102;77859;1;457;2;2;0;;;10
13;7232;OLEO KING 100ML MULTIUSO;PERFUMARIA E LIMPEZA;80546;13/06/2026;150102;77859;6;180;24;4;0;;;6
13;7490;POMADA NUGGET 36G PRETA;PERFUMARIA E LIMPEZA;80546;13/06/2026;150102;77859;12;0;12;1;0;;;16
13;151;CERV BOHEMIA LT 473ML;BEBIDAS;80546;13/06/2026;150102;77859;12;0;12;1;0;;;-3
13;5044;COND PANTENE 400ML RESTAURACAO;PERFUMARIA E LIMPEZA;80546;13/06/2026;150102;77859;6;0;12;2;0;;;8
13;5806;ESC DENTAL COLGATE ESSENCIAL CLEAN PACK 06UN;PERFUMARIA E LIMPEZA;80546;13/06/2026;150102;77859;6;6;12;2;0;;;0
13;7241;ESC DENTAL ORAL B INDICA BLACK L2P1;PERFUMARIA E LIMPEZA;80546;13/06/2026;150102;77859;12;168;24;2;0;;;0
13;5842;ESC DENTAL ORAL B COMPL LV2 PG1;PERFUMARIA E LIMPEZA;80546;13/06/2026;150102;77859;1;5;2;2;0;;;1
13;22796;RATICIDA RODILON ISCA 25G;PERFUMARIA E LIMPEZA;80546;13/06/2026;150102;77859;40;151;40;1;0;;;-32
13;2084;ARROZ BCO REQUINTE TP1 1KG;MERCEARIA;80546;13/06/2026;150102;77859;30;58;30;0;0;16/06/2026;BRUNO;127
13;2268;CANJICA AMARELA YOKI 500G;MERCEARIA;80546;13/06/2026;150102;77859;12;142;12;0;0;16/06/2026;BRUNO;6
13;3383;CALDO APTI 19G GALINHA;MERCEARIA;80546;13/06/2026;150102;77859;24;72;48;2;0;;;72
13;8858;AP PROBAK II 2UN;PERFUMARIA E LIMPEZA;80546;13/06/2026;150102;77859;14;4242;14;1;0;;;7
13;5032;COND PANTENE 175ML RESTAUR PROFUND;PERFUMARIA E LIMPEZA;80546;13/06/2026;150102;77859;6;4;6;1;0;;;5
13;22703;RAC DODOG ORIG ALL DAY 5K;PRODUTOS PET;80546;13/06/2026;150102;77859;1;381;1;1;0;15/06/2026;ELIAS;16
13;784;REFRIG ANTARCTICA GUARANA PET 2L;BEBIDAS;80546;13/06/2026;150102;77859;8;35;8;1;1;16/06/2026;VILLARROEL;-25
13;7948;SABON PALMOLIVE NATURALS 150G OLEO ARGAN;PERFUMARIA E LIMPEZA;80546;13/06/2026;150102;77859;72;564;72;1;0;;;40
13;2556;ERVA MATE PONCHE VERDE 500G NATIVA;MERCEARIA;80546;13/06/2026;150102;77859;20;120;40;2;2;16/06/2026;BRUNO;0
13;2365;FEIJAO VRM CALDO OURO 500G;MERCEARIA;80546;13/06/2026;150102;77859;10;61;10;0;0;16/06/2026;BRUNO;17
13;8755;VINHO JOTA PE 1 5L TTO SUAVE;BEBIDAS;80546;13/06/2026;150102;77859;6;144;6;1;0;;;9
13;1298;CHOC BARRA NESTLE SUFLAIR DUO 80G;MERCEARIA;80546;13/06/2026;150102;77859;64;33;64;1;0;;;34
13;1446;BISC DOCE NESTLE CHOCO TRIO 90G AMEND;MERCEARIA;80546;13/06/2026;150102;77859;12;251;12;1;0;;;8
13;37863;CREME LEITE TP DAUS 200G;MERCEARIA;80546;13/06/2026;150102;77859;27;116;27;0;0;16/06/2026;VILLARROEL;281
13;17665;ERVA MATE CAMBONA MOIDA GROSSA 1KG;MERCEARIA;80546;13/06/2026;150102;77859;10;376;10;1;1;16/06/2026;BRUNO;43
13;23217;SAL REFINADO EX GARCA 1K;MERCEARIA;80546;13/06/2026;150102;77859;10;2600;10;1;1;16/06/2026;BRUNO;14
13;1748;CHICLE FREEGELLS GUM 8G HORTELA;MERCEARIA;80546;13/06/2026;150102;77859;15;0;15;1;0;;;7
13;1058;ALFAJOR EL AGUILA 60G CHOC;MERCEARIA;80546;13/06/2026;150102;77859;12;3;48;4;0;;;3
13;13514;BLO LIXA P UNHA BONITTA;PERFUMARIA E LIMPEZA;80546;13/06/2026;150102;77859;1;0;1;1;0;;;4
13;5028;COND PANTENE 175ML HIDRATACAO;PERFUMARIA E LIMPEZA;80546;13/06/2026;150102;77859;6;2;6;1;0;;;6
13;161;CERV CRYSTAL PILSEN LT 473ML;BEBIDAS;80546;13/06/2026;150102;77859;12;8664;12;1;0;;;6
13;396;ENERG MONSTER LT 473ML ULTRA;BEBIDAS;80647;13/06/2026;150380;78146;6;159;18;0;0;16/06/2026;ARIELI;2
13;570;REPOS POWERADE 500ML MIX;BEBIDAS;80647;13/06/2026;150380;78146;6;10;60;10;10;16/06/2026;ARIELI;66
13;793;REFRIG COCA COLA E FANTA LARANJA 2L;BEBIDAS;80647;13/06/2026;150380;78146;2;22;2;0;0;16/06/2026;MARCOS M;0
13;646;SUCO DEL VALLE FRUT PET 1 5L UVA;BEBIDAS;80647;13/06/2026;150380;78146;6;67;6;0;0;16/06/2026;ARIELI;17
13;13403;BISC DOCE NESTLE CHOCO TRIO 90G PRESTIGIO;MERCEARIA;80647;13/06/2026;150380;78146;12;387;60;5;0;15/06/2026;PAMELA;39
13;322;BEB ADES TP 1L PESSEGO;BEBIDAS;80647;13/06/2026;150380;78146;6;0;6;1;0;;;9
13;21692;PAPEL HIG NATUPEL PREM FS 30M C 4;PERFUMARIA E LIMPEZA;80707;13/06/2026;150459;78430;16;160;160;10;0;15/06/2026;ELIAS;92
13;21697;PAPEL HIG NEVE SUPREME FT 20M L12P 11 C 12;PERFUMARIA E LIMPEZA;80707;13/06/2026;150459;78430;6;60;30;5;0;15/06/2026;ELIAS;1
13;21679;PAPEL HIG MAXPEL PREMIUM FS 60M L12P11;PERFUMARIA E LIMPEZA;80707;13/06/2026;150459;78430;6;486;60;10;0;15/06/2026;ELIAS;-57
13;7358;PAPEL HIG MILI NEUTRO FHA DPL 30M 12UN;PERFUMARIA E LIMPEZA;80707;13/06/2026;150459;78430;8;488;80;10;0;15/06/2026;ELIAS;15
13;21693;PAPEL HIG NATUPEL PREM FS 60M C 4;PERFUMARIA E LIMPEZA;80707;13/06/2026;150459;78430;16;119;80;5;0;15/06/2026;ELIAS;64
13;21685;PAPEL HIG MILI NEUTRO FLA SPL 100M 12UN;PERFUMARIA E LIMPEZA;80707;13/06/2026;150459;78430;6;57;12;2;0;15/06/2026;ELIAS;-1
13;21691;PAPEL HIG NATUPEL FD 20M C 12;PERFUMARIA E LIMPEZA;80707;13/06/2026;150459;78430;6;48;120;20;0;15/06/2026;ELIAS;36
13;7354;PAPEL HIG DUETTO FD 12 UN DE 30M NEUTRO;PERFUMARIA E LIMPEZA;80707;13/06/2026;150459;78430;6;167;6;1;0;15/06/2026;ELIAS;25
13;21674;PAPEL HIG FOFOLETTE FS 30M C 12;PERFUMARIA E LIMPEZA;80707;13/06/2026;150459;78430;6;125;36;6;0;15/06/2026;ELIAS;-48
13;21687;PAPEL HIG MILI PERFUM FLA DPL 30M 12UN;PERFUMARIA E LIMPEZA;80707;13/06/2026;150459;78430;8;50;40;5;0;15/06/2026;ELIAS;-14
13;21682;PAPEL HIG BIANCO NEUTRO FLA SMP 60M 12UN;PERFUMARIA E LIMPEZA;80707;13/06/2026;150459;78430;8;0;40;5;0;15/06/2026;ELIAS;22
13;21689;PAPEL HIG MILI PRIME FLA TPL 20M 12UN;PERFUMARIA E LIMPEZA;80707;13/06/2026;150459;78430;8;84;8;1;0;15/06/2026;ELIAS;5
14;715;REFRE FRUKITO PET 200ML UVA;BEBIDAS;80548;13/06/2026;150104;78494;12;602;24;2;2;16/06/2026;WENDRIO;30
14;3431;SOPA GALINHA MAGGI 60G FIDELINI;MERCEARIA;80548;13/06/2026;150104;78494;10;40;10;0;0;16/06/2026;JESSICA;16
14;13514;BLO LIXA P UNHA BONITTA;PERFUMARIA E LIMPEZA;80548;13/06/2026;150104;78494;1;0;1;2;0;16/06/2026;JESSICA;-6
14;3397;CALDO APTI 19G LEGUMES;MERCEARIA;80548;13/06/2026;150104;78494;24;0;24;2;0;16/06/2026;JESSICA;71
14;778;REFRIG PEPSI COLA PET 200ML;BEBIDAS;80548;13/06/2026;150104;78494;12;973;24;3;3;16/06/2026;WENDRIO;53
14;371;REFRE FRUKITO PET 2L UVA;BEBIDAS;80548;13/06/2026;150104;78494;6;181;6;0;0;16/06/2026;WENDRIO;4
14;213;CERV SKOL PILSEN LT 473ML;BEBIDAS;80548;13/06/2026;150104;78494;12;462;144;0;0;16/06/2026;WENDRIO;1906
14;35675;ESC DENT COLGATE SENSITIVE;PERFUMARIA E LIMPEZA;80548;13/06/2026;150104;78494;1;0;1;1;0;16/06/2026;JESSICA;0
14;4565;CARGA MACH 3 2UN SENSITIVE;PERFUMARIA E LIMPEZA;80548;13/06/2026;150104;78494;12;0;12;1;0;16/06/2026;JESSICA;37
14;408;ENERG ELEV LT 473 ML ZERO;BEBIDAS;80548;13/06/2026;150104;78494;6;14;6;0;0;16/06/2026;WENDRIO;27
14;806;REFRIG FANTA LARANJA PET 2L;BEBIDAS;80548;13/06/2026;150104;78494;8;64;16;0;0;16/06/2026;WENDRIO;90
14;833;REFRIG SUKITA PET 2L UVA;BEBIDAS;80548;13/06/2026;150104;78494;8;566;8;0;0;16/06/2026;WENDRIO;5
14;10;REFRIG COCA COLA PET 2L;BEBIDAS;80548;13/06/2026;150104;78494;4;21;512;128;0;;;666
14;38618;CREME DE PENTEAR SEDA BOOM DEF 1KG;PERFUMARIA E LIMPEZA;80548;13/06/2026;150104;78494;1;3;1;1;0;;;0
14;1852;DROPS FREEGELLS 27 9G MENTA;MERCEARIA;80548;13/06/2026;150104;78494;12;0;12;1;0;16/06/2026;JESSICA;3
14;1886;PASTILHA TIC TAC 14 5G FRUTAS;MERCEARIA;80548;13/06/2026;150104;78494;14;0;14;1;0;16/06/2026;JESSICA;-48
14;21689;PAPEL HIG MILI PRIME FLA TPL 20M 12UN;PERFUMARIA E LIMPEZA;80548;13/06/2026;150104;78494;8;84;8;1;0;15/06/2026;ELIAS;-6
14;897;REFRIG FANTA LARANJA ZERO LT 350ML;BEBIDAS;80548;13/06/2026;150104;78494;6;2386;6;1;1;16/06/2026;WENDRIO;38
14;2043;ARROZ ARBOREO ITAL PRATO FINO 500G;MERCEARIA;80548;13/06/2026;150104;78494;12;36;12;4;0;;;-1
14;1441;CHOC TWIX 40G TRIPLO CHOC;MERCEARIA;80548;13/06/2026;150104;78494;18;0;18;1;0;16/06/2026;JESSICA;64
14;5032;COND PANTENE 175ML RESTAUR PROFUND;PERFUMARIA E LIMPEZA;80548;13/06/2026;150104;78494;6;4;6;1;0;16/06/2026;JESSICA;10
14;24323;SH GENIAL PET 2 EM 1 500ML;PRODUTOS PET;80548;13/06/2026;150104;78494;1;0;1;1;0;16/06/2026;JESSICA;4
14;84;AGUA TONICA FRUKI LT 350ML;BEBIDAS;80548;13/06/2026;150104;78494;12;45;24;0;0;16/06/2026;WENDRIO;-1
14;813;REFRIGC COLA FRUKI PET 2 L COLA;BEBIDAS;80548;13/06/2026;150104;78494;6;355;24;0;0;16/06/2026;WENDRIO;-2
14;33265;REFRIG FRUKI GUAR ZR PET 3L GUARANA ZERO;BEBIDAS;80548;13/06/2026;150104;78494;4;12;4;0;0;16/06/2026;WENDRIO;46
14;34748;ENERG ELEV PET 2L ZR PINK LEMON;BEBIDAS;80548;13/06/2026;150104;78494;6;12;6;0;0;16/06/2026;WENDRIO;0
14;843;REFRIG ANTARCTICA PET 600ML GUARANA DIET;BEBIDAS;80548;13/06/2026;150104;78494;12;183;24;2;2;16/06/2026;WENDRIO;27
14;10170;SAB LIQ SENSUS LUXO RF 220ML ERVA DOCE;PERFUMARIA E LIMPEZA;80548;13/06/2026;150104;78494;18;216;36;2;0;;;4
14;5250;CR DENT CLOSE UP 70G TRIPLE HORTELA;PERFUMARIA E LIMPEZA;80548;13/06/2026;150104;78494;72;0;72;1;0;;;18
14;5275;CR DENTAL TANDY 50G MORANGO;PERFUMARIA E LIMPEZA;80548;13/06/2026;150104;78494;12;48;12;2;0;;;29
14;36245;CHOC BARRA NESTLE RECH 90G PRESTIG;MERCEARIA;80548;13/06/2026;150104;78494;14;0;14;2;0;16/06/2026;JESSICA;16
14;21697;PAPEL HIG NEVE SUPREME FT 20M L12P 11 C 12;PERFUMARIA E LIMPEZA;80548;13/06/2026;150104;78494;6;60;6;1;0;15/06/2026;ELIAS;-8
14;7354;PAPEL HIG DUETTO FD 12 UN DE 30M NEUTRO;PERFUMARIA E LIMPEZA;80548;13/06/2026;150104;78494;6;167;6;1;0;15/06/2026;ELIAS;8
14;5850;ESC DENTAL ORAL B PRO;PERFUMARIA E LIMPEZA;80548;13/06/2026;150104;78494;72;504;72;1;0;16/06/2026;JESSICA;43
14;893;REFRIG COCA COLA ZERO LT 350ML;BEBIDAS;80548;13/06/2026;150104;78494;12;1935;84;0;0;16/06/2026;WENDRIO;-15
14;378;REFRE FRUKITO PET 200ML FRUTAS CITRICAS;BEBIDAS;80548;13/06/2026;150104;78494;12;1333;24;2;2;16/06/2026;WENDRIO;33
14;899;REFRIG FANTA UVA LT 350ML;BEBIDAS;80548;13/06/2026;150104;78494;6;1478;24;6;6;16/06/2026;WENDRIO;29
14;9145;COND SEDA GLYCOL VIT C 425ML;PERFUMARIA E LIMPEZA;80548;13/06/2026;150104;78494;12;21;12;1;0;;;1
14;19803;KIT SH CD PANTENE 300 150ML EQUILIBRIO;PERFUMARIA E LIMPEZA;80548;13/06/2026;150104;78494;6;294;6;1;0;;;10
14;5044;COND PANTENE 400ML RESTAURACAO;PERFUMARIA E LIMPEZA;80548;13/06/2026;150104;78494;6;0;6;2;0;16/06/2026;JESSICA;11
14;603;ICE DRINK PET 275ML FTAS VRM;BEBIDAS;80548;13/06/2026;150104;78494;12;27;24;0;0;16/06/2026;WENDRIO;-1
14;855;REFRIG FRUKI PET 600ML GUARANA;BEBIDAS;80548;13/06/2026;150104;78494;12;24;12;0;0;16/06/2026;WENDRIO;3
14;903;REFRIG PEPSI BLACK LT 350ML;BEBIDAS;80548;13/06/2026;150104;78494;12;-36;12;0;0;16/06/2026;WENDRIO;2
14;382;BEB MISTA TAMPICO PET 2L FRUTAS CITRICAS;BEBIDAS;80548;13/06/2026;150104;78494;6;269;6;0;0;16/06/2026;WENDRIO;9
14;1748;CHICLE FREEGELLS GUM 8G HORTELA;MERCEARIA;80548;13/06/2026;150104;78494;15;0;15;1;0;16/06/2026;JESSICA;4
14;5846;ESC DENTAL ORAL B INDICAT 30 L2P1;PERFUMARIA E LIMPEZA;80548;13/06/2026;150104;78494;6;0;6;1;0;16/06/2026;JESSICA;39
14;5842;ESC DENTAL ORAL B COMPL LV2 PG1;PERFUMARIA E LIMPEZA;80548;13/06/2026;150104;78494;1;5;1;24;0;16/06/2026;JESSICA;5
14;3433;SOPA CARNE MAGGI 63G CONCHINHAS;MERCEARIA;80548;13/06/2026;150104;78494;10;0;10;1;0;16/06/2026;JESSICA;26
14;1397;CHOC NESTLE CHOKITO 32G UN;MERCEARIA;80548;13/06/2026;150104;78494;30;0;30;1;0;16/06/2026;JESSICA;15
14;21683;PAPEL HIG COMFORT FLA DPL 30M 18 UN;PERFUMARIA E LIMPEZA;80548;13/06/2026;150104;78494;4;0;4;1;0;15/06/2026;ELIAS;0
14;656;SUCO DEL VALLE FRUT TP 1L UVA;BEBIDAS;80649;13/06/2026;150381;78150;6;36;6;0;0;16/06/2026;ALEX JARDIM;25
14;396;ENERG MONSTER LT 473ML ULTRA;BEBIDAS;80649;13/06/2026;150381;78150;6;159;18;0;0;16/06/2026;ALEX JARDIM;0
14;13403;BISC DOCE NESTLE CHOCO TRIO 90G PRESTIGIO;MERCEARIA;80649;13/06/2026;150381;78150;12;387;60;5;0;15/06/2026;MONIQUE;39
14;646;SUCO DEL VALLE FRUT PET 1 5L UVA;BEBIDAS;80649;13/06/2026;150381;78150;6;67;6;0;0;16/06/2026;ALEX JARDIM;20
14;570;REPOS POWERADE 500ML MIX;BEBIDAS;80649;13/06/2026;150381;78150;6;10;60;10;10;16/06/2026;ALEX JARDIM;33
14;796;REFRIG COCA COLA E FANTA GUARANA 2L;BEBIDAS;80649;13/06/2026;150381;78150;2;78;4;0;0;16/06/2026;WENDRIO;0
14;793;REFRIG COCA COLA E FANTA LARANJA 2L;BEBIDAS;80649;13/06/2026;150381;78150;2;22;2;0;0;16/06/2026;WENDRIO;0
14;7358;PAPEL HIG MILI NEUTRO FHA DPL 30M 12UN;PERFUMARIA E LIMPEZA;80709;13/06/2026;150460;78431;8;488;80;10;0;15/06/2026;ELIAS;-2
14;21691;PAPEL HIG NATUPEL FD 20M C 12;PERFUMARIA E LIMPEZA;80709;13/06/2026;150460;78431;6;48;60;10;0;15/06/2026;ELIAS;-77
14;21687;PAPEL HIG MILI PERFUM FLA DPL 30M 12UN;PERFUMARIA E LIMPEZA;80709;13/06/2026;150460;78431;8;50;40;5;0;15/06/2026;ELIAS;9
14;21733;PAPEL TOALHA MILI BIANCO 2UN;PERFUMARIA E LIMPEZA;80709;13/06/2026;150460;78431;12;168;60;5;0;15/06/2026;ELIAS;-12
14;9586;PAPEL SCOTT 30X26 2 50UN;PERFUMARIA E LIMPEZA;80709;13/06/2026;150460;78431;1;0;2;2;0;15/06/2026;ELIAS;-9
14;21692;PAPEL HIG NATUPEL PREM FS 30M C 4;PERFUMARIA E LIMPEZA;80709;13/06/2026;150460;78431;16;160;160;10;0;15/06/2026;ELIAS;35
14;21674;PAPEL HIG FOFOLETTE FS 30M C 12;PERFUMARIA E LIMPEZA;80709;13/06/2026;150460;78431;6;125;30;5;0;15/06/2026;ELIAS;19
14;21679;PAPEL HIG MAXPEL PREMIUM FS 60M L12P11;PERFUMARIA E LIMPEZA;80709;13/06/2026;150460;78431;6;486;60;10;0;15/06/2026;ELIAS;-40
14;21697;PAPEL HIG NEVE SUPREME FT 20M L12P 11 C 12;PERFUMARIA E LIMPEZA;80709;13/06/2026;150460;78431;6;60;30;5;0;15/06/2026;ELIAS;-8
14;7361;PAPEL HIG NEVE NEUTRO 12X20M TOQUE DE SEDA;PERFUMARIA E LIMPEZA;80709;13/06/2026;150460;78431;5;70;15;3;0;15/06/2026;ELIAS;33
14;21686;PAPEL HIG MILI NEUTRO FLA SPL 60M 4UN;PERFUMARIA E LIMPEZA;80709;13/06/2026;150460;78431;24;5;72;3;0;15/06/2026;ELIAS;46
14;7354;PAPEL HIG DUETTO FD 12 UN DE 30M NEUTRO;PERFUMARIA E LIMPEZA;80709;13/06/2026;150460;78431;6;167;24;4;0;15/06/2026;ELIAS;8
17;6782;LEITE UHT TIROL C TAMPA 1L DESN;PERECIVEIS;80524;13/06/2026;150082;77860;12;4150;12;1;1;16/06/2026;GUILHERME B;178
17;6799;LEITE SANTA CLARA 1L ZERO LACTOSE;PERECIVEIS;80524;13/06/2026;150082;77860;12;12;12;0;0;16/06/2026;GUILHERME B;-26
17;6787;LEITE LV ELEGE 1L ZERO LAC SEMI DES;PERECIVEIS;80524;13/06/2026;150082;77860;12;900;48;4;4;16/06/2026;GUILHERME B;-58
17;9741;LEITE SANTA CLARA LV SEMI DESN 1L;PERECIVEIS;80524;13/06/2026;150082;77860;12;21;24;2;2;16/06/2026;GUILHERME B;44
17;5623;DESOD AERO REXONA 91G CLINICAL S PERFUME;PERFUMARIA E LIMPEZA;80550;13/06/2026;150106;77860;12;48;12;1;0;;;6
17;35674;SAB IARA 300G;PERFUMARIA E LIMPEZA;80550;13/06/2026;150106;77860;28;0;56;2;0;;;-34
17;36268;PROTETOR TERM PANTENE REPAIR 170ML;PERFUMARIA E LIMPEZA;80550;13/06/2026;150106;77860;1;77;6;6;0;;;6
17;7834;DET PO GOTA LIMPA 4KG EQUILIBRIO;PERFUMARIA E LIMPEZA;80550;13/06/2026;150106;77860;5;74;10;2;2;16/06/2026;JESUS;19
17;38400;BOM AR ELET LIQ FRAMB JAS RF 16ML;PERFUMARIA E LIMPEZA;80550;13/06/2026;150106;77860;1;2;1;0;0;16/06/2026;JESUS;5
17;24061;SAPONACEO CREM FONT 250ML CITRUS;PERFUMARIA E LIMPEZA;80550;13/06/2026;150106;77860;12;36;24;2;0;;;1
17;909;REFRIG SPRITE LT 350ML;BEBIDAS;80550;13/06/2026;150106;77860;6;2;6;1;0;;;21
17;843;REFRIG ANTARCTICA PET 600ML GUARANA DIET;BEBIDAS;80550;13/06/2026;150106;77860;12;183;12;1;0;;;4
17;3762;AJI SAL 1KG P CHURRASCO;MERCEARIA;80550;13/06/2026;150106;77860;12;24;12;0;0;16/06/2026;GUILHERME B;3
17;5217;CR DEN COLGATE 90G NAT EXT CARVAO;PERFUMARIA E LIMPEZA;80550;13/06/2026;150106;77860;48;4608;48;1;1;15/06/2026;FERNANDO PAZ;103
17;20600;MAS CASEIRA MOSMANN TOPE 400G;MERCEARIA;80550;13/06/2026;150106;77860;20;57;20;0;0;13/06/2026;JESUS;-39
17;2859;MASSA C OVOS NORDESTE 500G ESPAGUETE;MERCEARIA;80550;13/06/2026;150106;77860;15;225;15;0;0;13/06/2026;JESUS;24
17;20316;MACARRAO INST GERMANI 63G CARNE;MERCEARIA;80550;13/06/2026;150106;77860;50;8149;50;1;1;13/06/2026;JESUS;467
17;36302;BIFINHO PETISCAO TABLETE 60G FRUTA;PRODUTOS PET;80550;13/06/2026;150106;77860;24;480;24;0;0;13/06/2026;JESUS;20
17;5077;COND SEDA 325ML SOS CERAMIDAS;PERFUMARIA E LIMPEZA;80550;13/06/2026;150106;77860;12;60;12;1;0;;;13
17;6021;ESPUMA BARBA BOZZANO 193G HIDRATACAO;PERFUMARIA E LIMPEZA;80550;13/06/2026;150106;77860;1;3;1;1;0;;;4
17;5030;COND PANTENE 175ML LISO EXTREMO;PERFUMARIA E LIMPEZA;80550;13/06/2026;150106;77860;6;4;6;1;0;;;12
17;493;LA TEQUILA PRATA VD 900ML;BEBIDAS;80550;13/06/2026;150106;77860;6;12;6;1;0;;;6
17;2877;MASSA C OVOS ISABELA 500G PARAFUSO;MERCEARIA;80550;13/06/2026;150106;77860;16;80;16;0;0;13/06/2026;JESUS;0
17;936;AZEIT DENDE TRISANTI 200ML;MERCEARIA;80550;13/06/2026;150106;77860;6;6;6;1;1;13/06/2026;JESUS;12
17;22702;RAC DODOG ORIG 10 1K;PRODUTOS PET;80550;13/06/2026;150106;77860;1;199;1;0;0;13/06/2026;JESUS;18
17;24332;SHAMPOO MONANGE 325ML DETOX TERAPIA;PERFUMARIA E LIMPEZA;80550;13/06/2026;150106;77860;12;0;12;1;0;;;3
17;5044;COND PANTENE 400ML RESTAURACAO;PERFUMARIA E LIMPEZA;80550;13/06/2026;150106;77860;6;0;6;1;0;;;12
17;17337;DET LIQ ATRIUS 5L PREMIUM;PERFUMARIA E LIMPEZA;80550;13/06/2026;150106;77860;4;119;12;3;3;16/06/2026;JESUS;95
17;4212;AMAC GOTA LIMPA 5L DELICATA;PERFUMARIA E LIMPEZA;80550;13/06/2026;150106;77860;4;160;4;1;1;16/06/2026;JESUS;11
17;9299;DETERG YPE LIQ 5L NEUTRO;PERFUMARIA E LIMPEZA;80550;13/06/2026;150106;77860;4;16;4;0;0;16/06/2026;JESUS;-12
17;19372;INSET NITROCID PO 50G;PERFUMARIA E LIMPEZA;80550;13/06/2026;150106;77860;1;8;1;1;0;;;8
17;17340;DET LIQ BIO KRISS 500ML CLEAR;PERFUMARIA E LIMPEZA;80550;13/06/2026;150106;77860;24;168;24;1;0;;;-186
17;410;ENERG ELEV PET 2L FRUT TROPICAIS;BEBIDAS;80550;13/06/2026;150106;77860;6;0;6;1;0;;;8
17;3419;CREME LEITE NESTLE TP 200G;MERCEARIA;80550;13/06/2026;150106;77860;27;134;27;0;0;16/06/2026;GUILHERME B;16
17;7883;SABONETE DOVE 90G ORIGINAL;PERFUMARIA E LIMPEZA;80550;13/06/2026;150106;77860;48;15980;240;5;5;15/06/2026;FERNANDO PAZ;2479
17;3635;SAL MOIDO CBS 1KG;MERCEARIA;80550;13/06/2026;150106;77860;10;90;10;1;0;;;26
17;328;BEB ADES TP 200ML PESSEGO;BEBIDAS;80550;13/06/2026;150106;77860;6;0;6;1;0;;;0
17;17389;DET PO APYCE SH 4K ROSA;PERFUMARIA E LIMPEZA;80550;13/06/2026;150106;77860;5;23;10;0;0;16/06/2026;JESUS;34
17;6689;LAVA ROUPA ARIEL 700ML CLASSIC REF;PERFUMARIA E LIMPEZA;80550;13/06/2026;150106;77860;10;89;10;0;0;16/06/2026;JESUS;0
17;5487;DESINF YPE 2L BAK EUCALIPTO;PERFUMARIA E LIMPEZA;80550;13/06/2026;150106;77860;6;78;6;1;1;16/06/2026;JESUS;6
17;881;REFRIG FRUKI GUARANA LT 350ML GUARANA;BEBIDAS;80550;13/06/2026;150106;77860;12;132;36;3;0;;;6
17;18739;FRALDA DESC BABYSEC ULTSEC MEGA P 42 UN;PERFUMARIA E LIMPEZA;80550;13/06/2026;150106;77860;6;48;6;1;1;15/06/2026;FERNANDO PAZ;6
17;35632;SOPA DE CANECA NEILAR 18G LEGUMES;MERCEARIA;80550;13/06/2026;150106;77860;72;0;72;0;0;13/06/2026;JESUS;34
17;9594;GIRASSOL CBS 250G;PRODUTOS PET;80550;13/06/2026;150106;77860;12;12;12;0;0;13/06/2026;JESUS;-36
17;4258;AP PROBAK II LV7 PG5;PERFUMARIA E LIMPEZA;80550;13/06/2026;150106;77860;1;457;3;3;0;;;89
17;12293;AGUA SANIT ZAVASKI 5L;PERFUMARIA E LIMPEZA;80550;13/06/2026;150106;77860;4;704;4;1;1;16/06/2026;JESUS;-6
17;24063;SAPONACEO CREM FONT 250ML LAVANDA;PERFUMARIA E LIMPEZA;80550;13/06/2026;150106;77860;12;204;24;2;0;;;-10
17;5440;DESINF GIRANDO SOL 500ML JASMIM;PERFUMARIA E LIMPEZA;80550;13/06/2026;150106;77860;12;261;12;1;0;;;-1
17;795;REFRIG COCA COLA PET 2L ZERO;BEBIDAS;80550;13/06/2026;150106;77860;8;10;40;5;0;;;768
17;18;AGUA TONICA FRUKI PET 1 5L;BEBIDAS;80550;13/06/2026;150106;77860;6;5;6;1;0;;;0
17;2920;ACHOC LIQ TODDYNHO 200ML;MERCEARIA;80550;13/06/2026;150106;77860;27;405;27;1;1;16/06/2026;GUILHERME B;40
17;2741;FARINHA TRIGO NORDESTE 1KG;MERCEARIA;80550;13/06/2026;150106;77860;10;6022;100;10;10;16/06/2026;GUILHERME B;292
17;1426;CHOC BIS XTRA BLACK CHOCOLATE 45G;MERCEARIA;80550;13/06/2026;150106;77860;24;0;24;1;0;;;23
17;36169;CHOC BARRA NESTLE RECH 90G NEGRESCO;MERCEARIA;80550;13/06/2026;150106;77860;14;448;28;2;0;;;109
17;3449;SOPAO MAGGI 200G GALINHA CAIPIRA;MERCEARIA;80550;13/06/2026;150106;77860;24;48;24;0;0;13/06/2026;JESUS;3
17;20635;MAS MACARRAO BOM GOSTO SEMOLA 400G;MERCEARIA;80550;13/06/2026;150106;77860;20;20;20;1;1;13/06/2026;JESUS;-15
17;4039;ALIM GATO BIFFE CAT 1KG ESPECIAL;PRODUTOS PET;80550;13/06/2026;150106;77860;8;572;16;0;0;13/06/2026;JESUS;15
17;23021;SAB LIQ BELEZA AMAZONIA 370ML ERV DOCE;PERFUMARIA E LIMPEZA;80550;13/06/2026;150106;77860;12;24;12;1;0;;;12
17;21683;PAPEL HIG COMFORT FLA DPL 30M 18 UN;PERFUMARIA E LIMPEZA;80550;13/06/2026;150106;77860;4;0;4;1;0;15/06/2026;ELIAS;15
17;4256;AP PRESTOBARBA ULTRAGRIP 3L CART2UN;PERFUMARIA E LIMPEZA;80550;13/06/2026;150106;77860;1;1;1;1;0;;;0
17;12531;AP GILLETTE PROBAK C 2;PERFUMARIA E LIMPEZA;80550;13/06/2026;150106;77860;14;0;14;1;0;;;138
17;24062;SAPONACEO CREM FONT 250ML CLORO;PERFUMARIA E LIMPEZA;80550;13/06/2026;150106;77860;12;96;12;1;0;;;3
17;774;REFRIG FRUKI PET 200ML UVA;BEBIDAS;80550;13/06/2026;150106;77860;12;12;12;1;0;;;0
17;874;MAIONESE ODERICH SH 1KG;MERCEARIA;80550;13/06/2026;150106;77860;6;13;6;0;0;16/06/2026;GUILHERME B;16
17;5275;CR DENTAL TANDY 50G MORANGO;PERFUMARIA E LIMPEZA;80550;13/06/2026;150106;77860;12;48;12;0;0;15/06/2026;FERNANDO PAZ;22
17;38618;CREME DE PENTEAR SEDA BOOM DEF 1KG;PERFUMARIA E LIMPEZA;80550;13/06/2026;150106;77860;1;3;1;0;0;15/06/2026;FERNANDO PAZ;0
17;6125;FRALDA CONFORTSEC PAMPERS XG 34UN;PERFUMARIA E LIMPEZA;80550;13/06/2026;150106;77860;4;0;4;4;0;;;3
17;6614;KIT SH SEDA SH 300 COND 190ML CACHOS DEFINIDO;PERFUMARIA E LIMPEZA;80550;13/06/2026;150106;77860;15;45;15;0;0;15/06/2026;FERNANDO PAZ;31
17;633;VODKA TAIGA PREMIUM VD 1L;BEBIDAS;80550;13/06/2026;150106;77860;1;0;1;1;0;;;9
17;20640;MAS NINHO BOM GOSTO SEMOLA 500G;MERCEARIA;80550;13/06/2026;150106;77860;20;17;20;1;1;13/06/2026;JESUS;38
17;2818;MASSA C OVOS STA FELICIDADE 500G PARAFUSO;MERCEARIA;80550;13/06/2026;150106;77860;20;20;20;0;0;13/06/2026;JESUS;54
17;37429;AGUA SANITARIA SUPREMA 5 L;PERFUMARIA E LIMPEZA;80550;13/06/2026;150106;77860;3;18;3;0;0;16/06/2026;JESUS;10
17;5697;AMAC YPE PRO ROUPAS TECIDOS 7L;PERFUMARIA E LIMPEZA;80550;13/06/2026;150106;77860;1;10;1;0;0;16/06/2026;JESUS;0
17;8806;AGUA SANIT GIRANDO SOL 2L;PERFUMARIA E LIMPEZA;80550;13/06/2026;150106;77860;6;606;18;3;3;16/06/2026;JESUS;14
17;5682;DET LIQ GOTA LIMPA 500ML NEUTRO;PERFUMARIA E LIMPEZA;80550;13/06/2026;150106;77860;24;8915;24;1;0;;;3
17;37786;LAVA ROUPAS OMO LAV PERF 1 8L;PERFUMARIA E LIMPEZA;80550;13/06/2026;150106;77860;6;664;6;1;0;;;29
17;10;REFRIG COCA COLA PET 2L;BEBIDAS;80550;13/06/2026;150106;77860;4;21;304;76;0;;;1615
17;1264;CHOC BARRA LACTA 80G LAKA OREO;MERCEARIA;80550;13/06/2026;150106;77860;17;0;17;1;0;;;5
17;3681;TEMP ODERICH 300G AVES;MERCEARIA;80550;13/06/2026;150106;77860;24;0;24;0;0;13/06/2026;JESUS;12
17;20607;MASSA DOMELLY SEMOLA 1KG ESPAG;MERCEARIA;80550;13/06/2026;150106;77860;10;20;10;0;0;13/06/2026;JESUS;29
17;20353;MAC INST NISSIN 85G LEGUMES;MERCEARIA;80550;13/06/2026;150106;77860;50;1398;50;1;1;13/06/2026;JESUS;7
17;3450;SOPAO MAGGI 200G CARNE PANELA;MERCEARIA;80550;13/06/2026;150106;77860;24;-48;24;1;1;13/06/2026;JESUS;0
17;20322;MAC INST ISABELA 70G GAL ZR FRITURA;MERCEARIA;80550;13/06/2026;150106;77860;50;4;150;3;3;13/06/2026;JESUS;-49
17;2881;MASSA C OVOS PARATI 400G ESPAGUETE;MERCEARIA;80550;13/06/2026;150106;77860;25;50;25;0;0;13/06/2026;JESUS;-14
17;18942;GEL AMAZONIA ARNICA 235G;PERFUMARIA E LIMPEZA;80550;13/06/2026;150106;77860;24;24;24;1;0;;;13
17;10283;SH MONANGE 325ML REST Q GOSTO;PERFUMARIA E LIMPEZA;80550;13/06/2026;150106;77860;12;10;12;1;0;;;1
17;4259;AP PRESTOBARBA ULTRA GRIP 2UN;PERFUMARIA E LIMPEZA;80550;13/06/2026;150106;77860;12;804;12;1;0;;;36
17;4247;AP PRESTOBARBA 3 2UN SENSE CARE;PERFUMARIA E LIMPEZA;80550;13/06/2026;150106;77860;12;0;24;2;0;;;27
17;8290;SH PANTENE 175ML HIDRATACAO;PERFUMARIA E LIMPEZA;80550;13/06/2026;150106;77860;6;60;6;1;0;;;10
17;5028;COND PANTENE 175ML HIDRATACAO;PERFUMARIA E LIMPEZA;80550;13/06/2026;150106;77860;6;2;6;1;0;;;7
17;12290;AGUA SANIT IMPERIAL 2L;PERFUMARIA E LIMPEZA;80550;13/06/2026;150106;77860;6;96;6;0;0;16/06/2026;JESUS;26
17;6694;LAVA ROUPA BRILHANTE 3L HIGIENE TOTAL;PERFUMARIA E LIMPEZA;80550;13/06/2026;150106;77860;4;40;4;0;0;16/06/2026;JESUS;19
17;12411;AMACIANTE GIRANDO SOL 500ML COCO;PERFUMARIA E LIMPEZA;80550;13/06/2026;150106;77860;12;24;12;1;0;;;6
17;9985;DESOD SANIT GOTA LIMPA 25G LAVANDA;PERFUMARIA E LIMPEZA;80550;13/06/2026;150106;77860;48;192;48;1;0;;;12
17;5691;DETERG YPE 500 ML CLEAR;PERFUMARIA E LIMPEZA;80550;13/06/2026;150106;77860;24;-48;24;1;0;;;-286
17;784;REFRIG ANTARCTICA GUARANA PET 2L;BEBIDAS;80550;13/06/2026;150106;77860;8;35;40;0,625;0,625;16/06/2026;GUILHERME B;150
17;3904;ABS MILI PROT TOTAL 16UN C ABAS SUAVE;PERFUMARIA E LIMPEZA;80550;13/06/2026;150106;77860;24;72;24;1;1;15/06/2026;FERNANDO PAZ;3
17;16593;CORT UNHA INOX PREMIUM 5 2CM 1PC;PERFUMARIA E LIMPEZA;80550;13/06/2026;150106;77860;1;13;1;0;0;15/06/2026;SAMUEL;4
17;36245;CHOC BARRA NESTLE RECH 90G PRESTIG;MERCEARIA;80550;13/06/2026;150106;77860;14;0;28;2;0;;;-37
17;20371;MAC INST YAKISSOBA UFO 97G GAL CAIP;MERCEARIA;80550;13/06/2026;150106;77860;12;12;12;0;0;13/06/2026;JESUS;25
17;3391;CALDO GALINHA MAGGI 114G;MERCEARIA;80550;13/06/2026;150106;77860;100;1000;100;1;1;13/06/2026;JESUS;22
17;3402;CALDO APTI 57G LEGUMES;MERCEARIA;80550;13/06/2026;150106;77860;10;59;20;0;0;13/06/2026;JESUS;0
17;2914;MASSA C OVOS ISABELA 500G GRAVATINHA;MERCEARIA;80550;13/06/2026;150106;77860;20;420;40;0;0;13/06/2026;JESUS;42
17;2937;MASSA C OVOS ORQUIDEA 500G ESP NINH;MERCEARIA;80550;13/06/2026;150106;77860;10;170;10;0;0;13/06/2026;JESUS;-9
17;12327;ALG DISCO COTTONBABY 50UN DISCO C 50;PERFUMARIA E LIMPEZA;80550;13/06/2026;150106;77860;12;24;12;1;0;;;54
17;5842;ESC DENTAL ORAL B COMPL LV2 PG1;PERFUMARIA E LIMPEZA;80550;13/06/2026;150106;77860;1;5;1;1;0;;;1
17;3680;LEITE COND TRIANGULO TP 395G;MERCEARIA;80550;13/06/2026;150106;77860;27;84;27;0;0;16/06/2026;GUILHERME B;55
17;19312;COT HASTES FLEX COTTONBABY C 75;PERFUMARIA E LIMPEZA;80550;13/06/2026;150106;77860;72;6480;72;1;1;15/06/2026;FERNANDO PAZ;110
17;406;ENERG ELEV LT 473ML MACA VERDE;BEBIDAS;80550;13/06/2026;150106;77860;6;0;6;1;0;;;16
17;197;REFRE PO PROMIX 100G LIMAO;BEBIDAS;80550;13/06/2026;150106;77860;18;72;18;1;0;;;12
17;3400;BARRA CEREAL RITTER 25G BAN AVEIA MEL;MERCEARIA;80550;13/06/2026;150106;77860;24;0;24;1;0;;;-16
17;1372;CHOC CROCANTE GAROTO 25G;MERCEARIA;80550;13/06/2026;150106;77860;30;0;30;1;0;;;-3
17;20611;MASSA SEMOLA GERMANI 1KG ESPAG;MERCEARIA;80550;13/06/2026;150106;77860;10;33;10;0;0;13/06/2026;JESUS;32
17;2883;MASSA C OVOS PARATI 400G PARAFUSO;MERCEARIA;80550;13/06/2026;150106;77860;25;26;25;0;0;13/06/2026;JESUS;53
17;2912;MASSA C OVOS ISABELA 500G FURADINHO;MERCEARIA;80550;13/06/2026;150106;77860;20;84;20;1;1;13/06/2026;JESUS;2
17;37774;DESOD AERO DOVE FIFA ENERGY 150ML;PERFUMARIA E LIMPEZA;80550;13/06/2026;150106;77860;12;228;12;1;0;;;5
17;16947;CR TRAT PANTENE 270ML HIDRATACAO;PERFUMARIA E LIMPEZA;80550;13/06/2026;150106;77860;12;2;12;1;0;;;12
17;5032;COND PANTENE 175ML RESTAUR PROFUND;PERFUMARIA E LIMPEZA;80550;13/06/2026;150106;77860;6;4;6;1;0;;;13
17;22687;RAC CANISTER ALMONDEGA 7K;PRODUTOS PET;80550;13/06/2026;150106;77860;1;0;1;1;0;15/06/2026;ELIAS;11
17;5435;DESINF GIRANDO SOL 2L LAVANDA;PERFUMARIA E LIMPEZA;80550;13/06/2026;150106;77860;6;11;6;0;0;16/06/2026;JESUS;22
17;17415;DET PO GOTA LIMPA 800G HARMONIA;PERFUMARIA E LIMPEZA;80550;13/06/2026;150106;77860;20;35;20;1;0;;;19
17;13059;BANHEIRA ADOLETA INF 20L ROSA BEBE;PERFUMARIA E LIMPEZA;80550;13/06/2026;150106;77860;1;4;1;0;0;15/06/2026;FERNANDO PAZ;2
17;5513;DESOD AERO AXE BS 150ML 96G DARK TEMPTATION;PERFUMARIA E LIMPEZA;80550;13/06/2026;150106;77860;12;0;12;1;1;15/06/2026;FERNANDO PAZ;5
17;3882;ABS ALWAYS 8UN BASICO P SECA C ABAS;PERFUMARIA E LIMPEZA;80550;13/06/2026;150106;77860;18;15;18;1;1;15/06/2026;FERNANDO PAZ;38
17;15033;CAD ESPI CD 10X1 200FLS BRASILIDADE;NAO ALIMENTO;80578;13/06/2026;150122;77860;1;27;1;0;0;15/06/2026;SAMUEL;-23
17;15064;CAD ESPI CD 1X1 80FLS LA CR;NAO ALIMENTO;80578;13/06/2026;150122;77860;4;0;4;0;0;15/06/2026;SAMUEL;4
17;33305;TAPETE BOX OVAL PVC 61X35CM;NAO ALIMENTO;80578;13/06/2026;150122;77860;1;16;1;0;0;15/06/2026;SAMUEL;0
17;21566;PANTUFA ADUL 36 37 M;NAO ALIMENTO;80578;13/06/2026;150122;77860;1;6;1;0;0;15/06/2026;SAMUEL;1
17;17476;DUCHA ENERDUCHA UP4 6800W 220V BCO;NAO ALIMENTO;80578;13/06/2026;150122;77860;1;12;1;0;0;15/06/2026;SAMUEL;26
17;12995;BAND BRASIL 60X40;NAO ALIMENTO;80578;13/06/2026;150122;77860;1;5;1;0;0;15/06/2026;SAMUEL;-113
17;15115;CAD ESPI CD 80FLS CARTOGRAFIA T DUDA;NAO ALIMENTO;80578;13/06/2026;150122;77860;4;5;4;0;0;15/06/2026;SAMUEL;0
17;22275;PORTA SAB LIQ SANREMO 280ML;NAO ALIMENTO;80578;13/06/2026;150122;77860;1;35;2;0;0;15/06/2026;SAMUEL;11
17;793;REFRIG COCA COLA E FANTA LARANJA 2L;BEBIDAS;80651;13/06/2026;150382;78151;2;22;2;0;0;16/06/2026;WENDRIO;0
17;322;BEB ADES TP 1L PESSEGO;BEBIDAS;80651;13/06/2026;150382;78151;6;0;6;1;0;;;12
17;396;ENERG MONSTER LT 473ML ULTRA;BEBIDAS;80651;13/06/2026;150382;78151;6;159;18;0;0;16/06/2026;WENDRIO;4
17;570;REPOS POWERADE 500ML MIX;BEBIDAS;80651;13/06/2026;150382;78151;6;10;60;10;10;16/06/2026;WENDRIO;70
17;13403;BISC DOCE NESTLE CHOCO TRIO 90G PRESTIGIO;MERCEARIA;80651;13/06/2026;150382;78151;12;387;60;5;0;15/06/2026;PAMELA;-161
17;21728;PAPEL TOAL INTERFLUX NATUPEL C 1000;PERFUMARIA E LIMPEZA;80711;13/06/2026;150461;78432;6;1152;30;5;0;15/06/2026;ELIAS;44
17;9974;PAPEL TOALHA MILI 2UN;PERFUMARIA E LIMPEZA;80711;13/06/2026;150461;78432;12;168;60;5;0;15/06/2026;ELIAS;-71
17;21693;PAPEL HIG NATUPEL PREM FS 60M C 4;PERFUMARIA E LIMPEZA;80711;13/06/2026;150461;78432;16;119;80;5;0;15/06/2026;ELIAS;65
17;21692;PAPEL HIG NATUPEL PREM FS 30M C 4;PERFUMARIA E LIMPEZA;80711;13/06/2026;150461;78432;16;160;640;40;0;15/06/2026;ELIAS;-4
17;7354;PAPEL HIG DUETTO FD 12 UN DE 30M NEUTRO;PERFUMARIA E LIMPEZA;80711;13/06/2026;150461;78432;6;167;30;5;0;15/06/2026;ELIAS;23
17;21687;PAPEL HIG MILI PERFUM FLA DPL 30M 12UN;PERFUMARIA E LIMPEZA;80711;13/06/2026;150461;78432;8;50;40;5;0;15/06/2026;ELIAS;-6
17;21733;PAPEL TOALHA MILI BIANCO 2UN;PERFUMARIA E LIMPEZA;80711;13/06/2026;150461;78432;12;168;120;10;0;15/06/2026;ELIAS;246
17;21674;PAPEL HIG FOFOLETTE FS 30M C 12;PERFUMARIA E LIMPEZA;80711;13/06/2026;150461;78432;6;125;30;5;0;15/06/2026;ELIAS;0
17;21697;PAPEL HIG NEVE SUPREME FT 20M L12P 11 C 12;PERFUMARIA E LIMPEZA;80711;13/06/2026;150461;78432;6;60;30;5;0;15/06/2026;ELIAS;1
17;21686;PAPEL HIG MILI NEUTRO FLA SPL 60M 4UN;PERFUMARIA E LIMPEZA;80711;13/06/2026;150461;78432;24;5;72;3;0;15/06/2026;ELIAS;20
17;21684;PAPEL HIG MILI NEUTRO FLA DPL 30M 4UN;PERFUMARIA E LIMPEZA;80711;13/06/2026;150461;78432;24;673;120;5;0;15/06/2026;ELIAS;42
17;9586;PAPEL SCOTT 30X26 2 50UN;PERFUMARIA E LIMPEZA;80711;13/06/2026;150461;78432;1;0;2;2;0;15/06/2026;ELIAS;-6
17;21688;PAPEL HIG MILI PERFUM FLA SPL 60M 4UN;PERFUMARIA E LIMPEZA;80711;13/06/2026;150461;78432;24;648;120;5;0;15/06/2026;ELIAS;70
18;6799;LEITE SANTA CLARA 1L ZERO LACTOSE;PERECIVEIS;80526;13/06/2026;150083;78346;12;12;12;1;0;16/06/2026;MARCOS M;1
18;6787;LEITE LV ELEGE 1L ZERO LAC SEMI DES;PERECIVEIS;80526;13/06/2026;150083;78346;12;900;12;2;0;16/06/2026;MARCOS M;88
18;33833;LEITE UHT TIROL 1L BIO CICLOS;PERECIVEIS;80526;13/06/2026;150083;78346;12;73;24;2;0;16/06/2026;MARCOS M;4
18;6798;LEITE SANTA CLARA 1L SENIOR 50;PERECIVEIS;80526;13/06/2026;150083;78346;12;192;12;1;0;16/06/2026;MARCOS M;65
18;6781;LEITE LV EDGE ELEGE 1L INTEGRAL;PERECIVEIS;80526;13/06/2026;150083;78346;12;108;24;3;0;16/06/2026;MARCOS M;-700
18;20279;LUVA CONF LATEX P AMARELA;PERFUMARIA E LIMPEZA;80552;13/06/2026;150108;78346;12;24;12;1;0;;ELTON;-7
18;25000;TOALHINHA KIDS 25X25CM;PERFUMARIA E LIMPEZA;80552;13/06/2026;150108;78346;12;108;12;1;0;;ELTON;92
18;615;SUCO DEL VALLE TP 200ML PESSEGO;BEBIDAS;80552;13/06/2026;150108;78346;18;42;18;1;0;;;0
18;36245;CHOC BARRA NESTLE RECH 90G PRESTIG;MERCEARIA;80552;13/06/2026;150108;78346;14;0;28;2;0;;;-56
18;357;CHA MATTE LEAO PET 1 5L LIMAO;BEBIDAS;80552;13/06/2026;150108;78346;6;0;6;1;0;16/06/2026;E.RODRIGUES;1
18;2096;ARROZ BCO SANO TP1 2KG;MERCEARIA;80552;13/06/2026;150108;78346;15;379;45;3;3;16/06/2026;JESUS;15
18;17665;ERVA MATE CAMBONA MOIDA GROSSA 1KG;MERCEARIA;80552;13/06/2026;150108;78346;10;376;10;1;1;16/06/2026;JESUS;81
18;272;VH MARCUS JAMES MERLOT 750ML;BEBIDAS;80552;13/06/2026;150108;78346;6;42;6;1;0;;;16
18;34753;SUCO DE UVA TREBOM PET 1 35L;BEBIDAS;80552;13/06/2026;150108;78346;6;0;6;2;0;;;19
18;3394;CALDO GALINHA KNORR 114G;MERCEARIA;80552;13/06/2026;150108;78346;1;728;1;1;0;;;33
18;12280;AGUA OXIG BUTTERF 40V 100ML;PERFUMARIA E LIMPEZA;80552;13/06/2026;150108;78346;12;47;12;1;0;;;12
18;7490;POMADA NUGGET 36G PRETA;PERFUMARIA E LIMPEZA;80552;13/06/2026;150108;78346;12;0;12;2;0;;;0
18;2026;MILHO PIPOCA SERRA URUGUAI TP1 400G;MERCEARIA;80552;13/06/2026;150108;78346;20;60;20;0;0;16/06/2026;JESUS;-564
18;37863;CREME LEITE TP DAUS 200G;MERCEARIA;80552;13/06/2026;150108;78346;27;116;27;1;0;16/06/2026;MARCOS M;-5
18;16930;CR TRAT CAPILAR HEDERA BABOSA 960G;PERFUMARIA E LIMPEZA;80552;13/06/2026;150108;78346;6;12;6;1;0;;;0
18;18741;FRALDA DESC FERINHA HIPER C 42 GG;PERFUMARIA E LIMPEZA;80552;13/06/2026;150108;78346;6;8;6;1;0;;;2
18;2155;ARROZ BCO PRATO FINO TP1 5KG;MERCEARIA;80552;13/06/2026;150108;78346;6;0;6;1;1;16/06/2026;JESUS;22
18;4565;CARGA MACH 3 2UN SENSITIVE;PERFUMARIA E LIMPEZA;80552;13/06/2026;150108;78346;12;0;12;1;0;;;50
18;2786;FAROFA MANDIOCA YOKI 200G TRADICIONAL;MERCEARIA;80552;13/06/2026;150108;78346;14;27;14;0;0;16/06/2026;JESUS;65
18;18;AGUA TONICA FRUKI PET 1 5L;BEBIDAS;80552;13/06/2026;150108;78346;6;5;6;1;0;16/06/2026;E.RODRIGUES;-2
18;8791;ABS MILI NOTURNO C ABAS 8UN;PERFUMARIA E LIMPEZA;80552;13/06/2026;150108;78346;36;34;36;1;0;;;23
18;548;GATORADE 500ML UVA;BEBIDAS;80552;13/06/2026;150108;78346;6;96;6;1;0;16/06/2026;E.RODRIGUES;6
18;12294;AGUA TONICA QUININO 1 5L ZERO;BEBIDAS;80552;13/06/2026;150108;78346;6;0;6;1;0;;;-8
18;3762;AJI SAL 1KG P CHURRASCO;MERCEARIA;80552;13/06/2026;150108;78346;12;24;12;1;1;16/06/2026;JESUS;12
18;465;ENERG BALY LT 473ML MORANGO PES SA;BEBIDAS;80552;13/06/2026;150108;78346;6;0;6;1;0;;;16
18;34951;SUCO KAPO 200ML MELANCIA;BEBIDAS;80552;13/06/2026;150108;78346;12;892;12;2;0;;;130
18;1264;CHOC BARRA LACTA 80G LAKA OREO;MERCEARIA;80552;13/06/2026;150108;78346;17;0;68;6;0;;;13
18;5030;COND PANTENE 175ML LISO EXTREMO;PERFUMARIA E LIMPEZA;80552;13/06/2026;150108;78346;6;4;36;6;0;;;8
18;5028;COND PANTENE 175ML HIDRATACAO;PERFUMARIA E LIMPEZA;80552;13/06/2026;150108;78346;6;2;6;2;0;;;8
18;38618;CREME DE PENTEAR SEDA BOOM DEF 1KG;PERFUMARIA E LIMPEZA;80552;13/06/2026;150108;78346;1;3;1;1;0;;;0
18;38500;LENTILHA CALDO DE OURO 500G;MERCEARIA;80552;13/06/2026;150108;78346;12;4077;168;14;14;16/06/2026;JESUS;56
18;21664;PAPEL HIG DOBLE FT FD 12 UN C 20M;PERFUMARIA E LIMPEZA;80552;13/06/2026;150108;78346;8;8;8;1;0;15/06/2026;ELIAS;-28
18;24323;SH GENIAL PET 2 EM 1 500ML;PRODUTOS PET;80552;13/06/2026;150108;78346;1;0;1;2;0;;;6
18;2136;ARROZ BCO JATAI TP3 5KG;MERCEARIA;80552;13/06/2026;150108;78346;6;63;12;0;0;16/06/2026;JESUS;13
18;2556;ERVA MATE PONCHE VERDE 500G NATIVA;MERCEARIA;80552;13/06/2026;150108;78346;20;120;40;0;0;16/06/2026;JESUS;12
18;34306;REFRIG COCA COLA PET 1L;BEBIDAS;80552;13/06/2026;150108;78346;6;48;18;3;0;;;1
18;5032;COND PANTENE 175ML RESTAUR PROFUND;PERFUMARIA E LIMPEZA;80552;13/06/2026;150108;78346;6;4;6;1;0;;;8
18;5843;ESC DENTAL ORAL B COMPLE COLORS 5UN;PERFUMARIA E LIMPEZA;80552;13/06/2026;150108;78346;6;0;6;1;0;;;22
18;2365;FEIJAO VRM CALDO OURO 500G;MERCEARIA;80552;13/06/2026;150108;78346;10;61;10;0;0;16/06/2026;JESUS;-55
18;33266;REFRIG FRUKI PET 3 L LARANJA;BEBIDAS;80552;13/06/2026;150108;78346;4;12;4;2;0;16/06/2026;E.RODRIGUES;109
18;6234;GEL DENTAL CLOSE UP 90G ORIG RED HOT;PERFUMARIA E LIMPEZA;80552;13/06/2026;150108;78346;12;1269;12;2;0;;;28
18;6125;FRALDA CONFORTSEC PAMPERS XG 34UN;PERFUMARIA E LIMPEZA;80552;13/06/2026;150108;78346;4;0;4;8;0;;;1
18;25434;VH JP BCO SECO TRAD 1 5L;BEBIDAS;80552;13/06/2026;150108;78346;6;0;6;1;0;;;0
18;392;ENERG MONSTER LT 473ML MANGO LOCO;BEBIDAS;80552;13/06/2026;150108;78346;6;184;6;1;0;;;74
18;4256;AP PRESTOBARBA ULTRAGRIP 3L CART2UN;PERFUMARIA E LIMPEZA;80552;13/06/2026;150108;78346;1;1;1;2;0;;;-10
18;36987;FARINHA MANDIOCA 500G DINDA;MERCEARIA;80552;13/06/2026;150108;78346;20;175;20;0;0;16/06/2026;JESUS;26
18;5215;CR DEN COLGATE T ACAO XTRA 70G WHITE;PERFUMARIA E LIMPEZA;80552;13/06/2026;150108;78346;12;0;12;1;0;;;22
18;441;ENERG BALY LT 473ML ABACAXI HORTELA;BEBIDAS;80552;13/06/2026;150108;78346;6;6;6;1;0;16/06/2026;E.RODRIGUES;-8
18;2920;ACHOC LIQ TODDYNHO 200ML;MERCEARIA;80552;13/06/2026;150108;78346;27;405;54;3;0;16/06/2026;MARCOS M;47
18;12237;ACUCAR REFINADO GASPARIN 1KG;MERCEARIA;80552;13/06/2026;150108;78346;10;2203;20;3;0;16/06/2026;MARCOS M;322
18;2637;ERVA MATE PONCHE VERDE 1KG LAMINADO;MERCEARIA;80552;13/06/2026;150108;78346;10;190;50;5;5;16/06/2026;JESUS;24
18;36996;FARINHA TAPIOCA ROCHA 500G TRAD;MERCEARIA;80552;13/06/2026;150108;78346;20;120;40;2;2;16/06/2026;JESUS;11
18;23217;SAL REFINADO EX GARCA 1K;MERCEARIA;80552;13/06/2026;150108;78346;10;2600;20;2;2;16/06/2026;JESUS;1
18;592;SUCO COM TEM TP 200ML UVA E MACA;BEBIDAS;80552;13/06/2026;150108;78346;24;0;24;1;0;;;52
18;1845;DROPS FREEGELLS 27 9G EUCALIPTO;MERCEARIA;80552;13/06/2026;150108;78346;12;0;12;1;0;;;-9
18;633;VODKA TAIGA PREMIUM VD 1L;BEBIDAS;80552;13/06/2026;150108;78346;1;0;1;1;0;;;9
18;6290;GRANULADO HIGIENICO PIPICAT 4KG FLORAL;PRODUTOS PET;80552;13/06/2026;150108;78346;6;26;6;2;0;;;7
18;33720;COQUETEL CHICOTE PET 500ML LIMAO;BEBIDAS;80552;13/06/2026;150108;78346;12;24;12;1;0;;;8
18;770;REFRIG FRUKI PET 200ML LARANJA;BEBIDAS;80552;13/06/2026;150108;78346;12;11;12;1;0;;;13
18;35123;CHOC BATON GAROTO 16G DUO;MERCEARIA;80552;13/06/2026;150108;78346;30;510;30;1;0;;;-34
18;7377;PAPEL TOALHA MILI 3UN;PERFUMARIA E LIMPEZA;80552;13/06/2026;150108;78346;4;8;4;1;0;15/06/2026;ELIAS;3
18;5044;COND PANTENE 400ML RESTAURACAO;PERFUMARIA E LIMPEZA;80552;13/06/2026;150108;78346;6;0;6;2;0;;;8
18;22703;RAC DODOG ORIG ALL DAY 5K;PRODUTOS PET;80552;13/06/2026;150108;78346;1;381;7;10;0;15/06/2026;ELIAS;6
18;3431;SOPA GALINHA MAGGI 60G FIDELINI;MERCEARIA;80552;13/06/2026;150108;78346;10;40;10;0;0;;;-3
18;2060;ARROZ BCO SABOROSO TP1 1KG;MERCEARIA;80552;13/06/2026;150108;78346;30;62;30;0;0;16/06/2026;JESUS;128
18;795;REFRIG COCA COLA PET 2L ZERO;BEBIDAS;80552;13/06/2026;150108;78346;8;10;24;4;0;16/06/2026;E.RODRIGUES;1168
18;761;REFRIG ANTAR SODA LIMONAD PET 200ML;BEBIDAS;80552;13/06/2026;150108;78346;12;7;12;1;0;16/06/2026;E.RODRIGUES;12
18;2919;ACHOC LIQ TODDYNHO 200ML LEVINHO;MERCEARIA;80552;13/06/2026;150108;78346;27;2;27;1;0;16/06/2026;MARCOS M;41
18;964;OLEO LIZA GIRASSOL 900ML;MERCEARIA;80552;13/06/2026;150108;78346;20;60;20;2;0;16/06/2026;MARCOS M;0
18;2401;MILHO PIPOCA BELLA DICA 400GR;MERCEARIA;80552;13/06/2026;150108;78346;12;1704;24;3;3;16/06/2026;JESUS;166
18;18429;FAR PANKO SANTI ORIENTAL 200G;MERCEARIA;80552;13/06/2026;150108;78346;6;7;6;2;0;;;8
18;793;REFRIG COCA COLA E FANTA LARANJA 2L;BEBIDAS;80653;13/06/2026;150383;78153;2;22;2;0;0;16/06/2026;WENDRIO;-5
18;570;REPOS POWERADE 500ML MIX;BEBIDAS;80653;13/06/2026;150383;78153;6;10;18;3;3;16/06/2026;ALEX JARDIM;182
18;396;ENERG MONSTER LT 473ML ULTRA;BEBIDAS;80653;13/06/2026;150383;78153;6;159;18;0;0;16/06/2026;ALEX JARDIM;-42
18;21679;PAPEL HIG MAXPEL PREMIUM FS 60M L12P11;PERFUMARIA E LIMPEZA;80713;13/06/2026;150462;78433;6;486;12;2;0;15/06/2026;ELIAS;28
18;21687;PAPEL HIG MILI PERFUM FLA DPL 30M 12UN;PERFUMARIA E LIMPEZA;80713;13/06/2026;150462;78433;8;50;40;5;0;15/06/2026;ELIAS;8
18;21728;PAPEL TOAL INTERFLUX NATUPEL C 1000;PERFUMARIA E LIMPEZA;80713;13/06/2026;150462;78433;6;1152;30;5;0;15/06/2026;ELIAS;49
18;21684;PAPEL HIG MILI NEUTRO FLA DPL 30M 4UN;PERFUMARIA E LIMPEZA;80713;13/06/2026;150462;78433;24;673;72;3;0;15/06/2026;ELIAS;53
18;21686;PAPEL HIG MILI NEUTRO FLA SPL 60M 4UN;PERFUMARIA E LIMPEZA;80713;13/06/2026;150462;78433;24;5;72;3;0;15/06/2026;ELIAS;78
18;21692;PAPEL HIG NATUPEL PREM FS 30M C 4;PERFUMARIA E LIMPEZA;80713;13/06/2026;150462;78433;16;160;320;20;0;15/06/2026;ELIAS;-1
18;7358;PAPEL HIG MILI NEUTRO FHA DPL 30M 12UN;PERFUMARIA E LIMPEZA;80713;13/06/2026;150462;78433;8;488;40;5;0;15/06/2026;ELIAS;26
18;21674;PAPEL HIG FOFOLETTE FS 30M C 12;PERFUMARIA E LIMPEZA;80713;13/06/2026;150462;78433;6;125;30;5;0;15/06/2026;ELIAS;0
18;9974;PAPEL TOALHA MILI 2UN;PERFUMARIA E LIMPEZA;80713;13/06/2026;150462;78433;12;168;60;5;0;15/06/2026;ELIAS;20
