CODIGO_EMPRESA;CODIGO_PRODUTO;DESCRICAO_PRODUTO;DEPARTAMENTO;NRO_PEDIDO;DATA;NRO_PED_EXPEDICAO;CARGA;EMBALAGEM;ESTOQUE_DISPONIVEL_CD;QUANTIDADE_A_EXPEDIR;QTD_SEPARADA;QTD_CONFERIDA;DATA_CONFERENCIA;USUARIO_CONFERENCIA;ESTOQUE_DISPONIVEL_LOJA
7;1679;CONFEITO BIBS PASSAS 40G;MERCEARIA;31339;02/03/2026;56123;23886;72;144;72;0;0;04/03/2026;MARIA;32
7;21473;PA LIXO SELETA C CABO 80CM DOBRAVEL;PERFUMARIA E LIMPEZA;31339;02/03/2026;56126;23847;12;1;24;0;0;04/03/2026;LUIZA;-6
7;5807;ESC DENTAL COLGATE EXTRA CLEAN;PERFUMARIA E LIMPEZA;31339;02/03/2026;56123;23853;12;0;12;1;1;04/03/2026;JOCELAINE;21
2;2296;ERVILHA YOKI PARTIDA 400GR;PERECIVEIS;31682;03/03/2026;57885;24830;16;560;16;0;0;;;-1
13;12542;AP VENUS PELE SENS RECAR;PERFUMARIA E LIMPEZA;31690;03/03/2026;56347;23858;1;66;2;0;0;;;28
8;18748;FRALDA DESC FERINHA JUMBINHO C 18 M;PERFUMARIA E LIMPEZA;32924;06/03/2026;58799;25464;12;12;24;0;0;07/03/2026;LIVRE 3;0
8;8274;SHAMPOO PALMOLIVE 350ML NUTRICAO EXTRA;PERFUMARIA E LIMPEZA;32924;06/03/2026;58799;25464;6;0;6;1;1;09/03/2026;NYCOLI;4
8;9539;FRALDA BABYSEC ULTRA JUMBINHO G 16UN;PERFUMARIA E LIMPEZA;32924;06/03/2026;58799;25464;8;168;8;0;0;07/03/2026;LIVRE 3;15
2;2307;ATUM RALADO NAUTIQUE 170G EM OLEO;MERCEARIA;34315;10/03/2026;61396;28586;24;24;240;0;0;17/03/2026;SEFRIN;405
2;946;MAIONESE LIZA BD 2 7KG CASEIRA;MERCEARIA;34901;11/03/2026;62195;28586;6;0;12;0;0;17/03/2026;SEFRIN;0
2;2767;MAIONESE HELLMANNS SH 200G;MERCEARIA;34901;11/03/2026;62195;28586;24;11664;1200;0;0;17/03/2026;SEFRIN;321
2;874;MAIONESE ODERICH SH 1KG;MERCEARIA;34901;11/03/2026;62195;28586;6;3348;60;0;0;17/03/2026;SEFRIN;66
2;2307;ATUM RALADO NAUTIQUE 170G EM OLEO;MERCEARIA;34901;11/03/2026;62195;28586;24;24;120;0;0;17/03/2026;SEFRIN;405
2;36;AGUA MIN CRYSTAL PET 500ML C GAS;BEBIDAS;34945;11/03/2026;62212;28586;12;3516;1440;0;0;16/03/2026;JEFERSON;745
2;790;REFRIG CHARRUA GUARANA PET 2L;BEBIDAS;34945;11/03/2026;62212;28586;8;392;240;0;0;17/03/2026;BRAGA;986
2;178;CERV KAISER LT 473ML;BEBIDAS;34945;11/03/2026;62212;28586;12;1;1320;0;0;17/03/2026;JEFERSON;726
2;6801;LEITE UHT TP NINHO 1L INTEGRAL;PERECIVEIS;35231;12/03/2026;62381;28586;12;3435;24;0;0;17/03/2026;SEFRIN;187
2;3685;MIST LACTEA COND ITALAC TP 395G;MERCEARIA;35304;12/03/2026;62539;28586;27;10908;108;0;0;17/03/2026;SEFRIN;424
13;2295;ERVILHA SERRA URUGUAI PARTIDA 500G;PERECIVEIS;35253;12/03/2026;62459;28104;20;380;20;0;0;;;19
3;2295;ERVILHA SERRA URUGUAI PARTIDA 500G;PERECIVEIS;35814;13/03/2026;64003;29236;20;380;40;0;0;;;139
3;12542;AP VENUS PELE SENS RECAR;PERFUMARIA E LIMPEZA;35814;13/03/2026;63959;29532;6;66;12;0;0;;;36
3;2296;ERVILHA YOKI PARTIDA 400GR;PERECIVEIS;35814;13/03/2026;64003;29236;16;560;64;0;0;;;-1
4;18852;FUMO VITORIA 28G;NAO ALIMENTO;35750;13/03/2026;63170;29167;20;440;20;0;0;;;155
4;2471;TOMATE SECO CONSERVA JUREIA VD 200G;PERECIVEIS;35802;13/03/2026;64004;29237;12;36;24;0;0;;;0
4;2296;ERVILHA YOKI PARTIDA 400GR;PERECIVEIS;35802;13/03/2026;64004;29237;16;560;32;0;0;;;-4
4;2295;ERVILHA SERRA URUGUAI PARTIDA 500G;PERECIVEIS;35802;13/03/2026;64004;29237;20;380;40;0;0;;;0
5;2295;ERVILHA SERRA URUGUAI PARTIDA 500G;PERECIVEIS;35804;13/03/2026;64005;29238;20;380;40;0;0;;;31
5;2296;ERVILHA YOKI PARTIDA 400GR;PERECIVEIS;35804;13/03/2026;64005;29238;16;560;32;0;0;;;2
6;18852;FUMO VITORIA 28G;NAO ALIMENTO;35754;13/03/2026;63172;30403;20;440;40;0;0;;;301
7;18852;FUMO VITORIA 28G;NAO ALIMENTO;35756;13/03/2026;63173;31415;20;440;20;0;0;;;144
7;2296;ERVILHA YOKI PARTIDA 400GR;PERECIVEIS;35806;13/03/2026;63962;29207;16;560;32;0;0;;;0
7;2295;ERVILHA SERRA URUGUAI PARTIDA 500G;PERECIVEIS;35806;13/03/2026;63962;29207;20;380;40;0;0;;;-11
12;18852;FUMO VITORIA 28G;NAO ALIMENTO;35762;13/03/2026;63176;29025;20;440;20;0;0;;;346
13;18852;FUMO VITORIA 28G;NAO ALIMENTO;35764;13/03/2026;63177;32098;20;440;40;0;0;;;270
14;2471;TOMATE SECO CONSERVA JUREIA VD 200G;PERECIVEIS;35810;13/03/2026;64008;29241;12;36;24;0;0;;;-5
14;2296;ERVILHA YOKI PARTIDA 400GR;PERECIVEIS;35810;13/03/2026;64008;29241;16;560;32;0;0;;;1
2;1659;WAFFER ISABELA 100G MORANGO;MERCEARIA;36622;14/03/2026;64208;29422;40;2360;200;5;0;14/03/2026;MONIQUE;501
2;193;CERV PROVINCIA PILSEN PREM LT 473ML;BEBIDAS;36622;14/03/2026;64208;29422;12;21324;2640;220;0;16/03/2026;EVERTON;2664
2;2909;ACHOC LIQ SHOWKINHO 200ML;MERCEARIA;36622;14/03/2026;64208;29422;27;0;270;10;0;16/03/2026;WENDRIO;392
2;746;ACUCAR CRISTAL GASPARIN 1KG;MERCEARIA;36622;14/03/2026;64208;29422;10;9;100;0;0;16/03/2026;ALEX JARDIM;155
13;12542;AP VENUS PELE SENS RECAR;PERFUMARIA E LIMPEZA;36447;14/03/2026;64032;31442;6;66;12;0;0;;;28
17;12542;AP VENUS PELE SENS RECAR;PERFUMARIA E LIMPEZA;37658;17/03/2026;65133;30115;6;66;18;0;0;;;52
17;2758;MAIONESE LIZA SH 196G;MERCEARIA;40934;23/03/2026;69885;32760;24;32291;120;5;0;23/03/2026;JESUS;149
17;21149;MORDEDOR LOLLY ESTRELA F R704101 F R 7041 01 F;PERFUMARIA E LIMPEZA;42493;26/03/2026;72669;35227;6;6;6;0;0;;;8
14;36616;BOMBOM NESTLE ESPECIALIDADES 220G SORTIDOS;MERCEARIA;43428;27/03/2026;74651;35498;30;150;1500;50;0;;;720
17;36616;BOMBOM NESTLE ESPECIALIDADES 220G SORTIDOS;MERCEARIA;43430;27/03/2026;75045;35633;30;150;1500;100;50;;;678
4;4053;ALIM GATO FRISKIES 85G SALMAO AO MOLHO;PRODUTOS PET;44476;30/03/2026;76092;;15;269;60;0;0;;;69
4;4048;ALIM GATO FRISKIES 85G FRANGO MOLHO;PRODUTOS PET;44476;30/03/2026;76092;;15;1575;150;0;0;;;20
2;15765;CESTA BASICA PEQ;MERCEARIA;48815;08/04/2026;83359;;1;40;1;0;0;;;0
11;1814;BALA GOMA DORI GOMETS 150G SINO;MERCEARIA;49191;09/04/2026;84502;41466;36;0;72;0;0;;;33
11;6226;GEL DENT SORRISO FRESH 90G MENTHOL IMPACT;PERFUMARIA E LIMPEZA;49191;09/04/2026;84502;41466;12;144;12;0;0;;;84
11;1694;MARSHMALLOWS FOFS 220G PRINCESS;MERCEARIA;49191;09/04/2026;84502;41466;12;516;24;0;0;;;0
11;8867;AROMAT COALA CONC 120ML FLORAL;PERFUMARIA E LIMPEZA;49191;09/04/2026;84502;41466;24;312;24;0;0;;;0
11;8256;SH MONANGE 325ML LISOS TE QUERO;PERFUMARIA E LIMPEZA;49191;09/04/2026;84502;41466;12;0;24;0;0;;;0
11;1173;BALA PIETROBON 600G YOGURTE SORT;MERCEARIA;49191;09/04/2026;84502;41466;30;90;30;0;0;;;12
11;1509;CHOC ROMA 300G GUARDA CHUVA 300G;MERCEARIA;49191;09/04/2026;84502;41466;6;12;6;0;0;;;15
11;24332;SHAMPOO MONANGE 325ML DETOX TERAPIA;PERFUMARIA E LIMPEZA;49191;09/04/2026;84502;41466;12;0;12;0;0;;;0
11;5532;DESOD AERO DOVE 87G 150ML BEAUTY FINISH;PERFUMARIA E LIMPEZA;49191;09/04/2026;84502;41466;12;60;12;0;0;;;44
11;23121;SAB PROTEX 85G FRESH;PERFUMARIA E LIMPEZA;49191;09/04/2026;84502;41466;72;216;72;0;0;;;146
11;3028;CEREAL MAT NESTLE SH 120G NESCAU;MERCEARIA;49191;09/04/2026;84502;41466;20;1020;40;0;0;;;23
11;21433;OVO CHOC ARCOR TORTUG 45G CONF;MERCEARIA;49191;09/04/2026;84502;41466;1;0;1;0;0;;;0
11;7391;PASTILHA HIGISOL 3UN 27G LAVANDA;PERFUMARIA E LIMPEZA;49191;09/04/2026;84502;41466;24;0;24;0;0;;;15
11;9616;INSET JIMO PO 100G;PERFUMARIA E LIMPEZA;49191;09/04/2026;84502;41466;12;468;24;0;0;;;22
11;9704;KIT ELSEVE SH 375ML COND 170ML CACHO SONHOS;PERFUMARIA E LIMPEZA;49191;09/04/2026;84502;41466;6;0;6;0;0;;;11
11;5653;DESOD ROLLON NIVEA 50ML FM IN B W CLEAR;PERFUMARIA E LIMPEZA;49191;09/04/2026;84502;41466;12;0;24;0;0;;;3
11;5654;DESOD ROLLON NIVEA 50ML M INV B W POWER;PERFUMARIA E LIMPEZA;49191;09/04/2026;84502;41466;12;0;24;0;0;;;1
11;7938;SABONETE NIVEA 85G PROTEINA LEITE;PERFUMARIA E LIMPEZA;49191;09/04/2026;84502;41466;96;576;192;0;0;;;54
11;1099;BALA DORI TUBO 70G YOGURTE 100;MERCEARIA;49191;09/04/2026;84502;41466;12;12;12;0;0;;;2
11;13699;BOMBOM BEL SORT 180G;MERCEARIA;49191;09/04/2026;84502;41466;30;360;60;0;0;;;98
11;1044;BALA DORI PESC GIRAFA 30G YOGURTE;MERCEARIA;49191;09/04/2026;84502;41466;60;0;120;2;2;;;6
11;4967;COND ELSEVE 200ML CACHOS DOS SONH;PERFUMARIA E LIMPEZA;49191;09/04/2026;84502;41466;12;24;12;0;0;;;16
11;9706;KIT ELSEVE SH 375ML COND 175ML LONGOS SONHOS;PERFUMARIA E LIMPEZA;49191;09/04/2026;84502;41466;6;3;6;0;0;;;19
11;5565;DESOD AERO NIVEA 90G DRY IMPACT;PERFUMARIA E LIMPEZA;49191;09/04/2026;84502;41466;12;2;12;0;0;;;24
11;8254;SH MONANGE 325ML CACHOS QUE TAL;PERFUMARIA E LIMPEZA;49191;09/04/2026;84502;41466;12;0;12;0;0;;;0
11;8210;SH ELSEVE 200ML GLYCOLIC GLOSS;PERFUMARIA E LIMPEZA;49191;09/04/2026;84502;41466;12;0;12;0;0;;;12
11;1829;BALA GOMA DOCILE 250G DENTE VAMPIRO;MERCEARIA;49191;09/04/2026;84502;41466;12;132;24;0;0;;;18
11;1960;BIS LACTA 100 8G OREO;MERCEARIA;49191;09/04/2026;84502;41466;65;0;130;0;0;;;200
11;3213;CHOC GRAN DORI 120G COLORIDO;MERCEARIA;49191;09/04/2026;84502;41466;30;60;30;0;0;;;-2
11;1970;DOCE N BONN PACOCA 1KG CASEIRA;MERCEARIA;49191;09/04/2026;84502;41466;12;24;12;0;0;;;-2
11;1905;PIRULITO DORI MASTIGAVEL 560G YOGURTE 100;MERCEARIA;49191;09/04/2026;84502;41466;12;0;12;1;1;;;10
11;8259;SH NEUTROX 300G CLASSICO;PERFUMARIA E LIMPEZA;49191;09/04/2026;84502;41466;12;0;12;0;0;;;11
11;8286;SH PANTENE 175ML COLAGENO;PERFUMARIA E LIMPEZA;49191;09/04/2026;84502;41466;6;40;12;0;0;;;0
11;13705;BOMBOM LACTA FAVORITOS 250 6G;MERCEARIA;49191;09/04/2026;84502;41466;30;600;60;0;2;;;217
11;1812;BALA GOMA DORI GIRAFA 30G FRAMBOESA;MERCEARIA;49191;09/04/2026;84502;41466;60;300;60;0;0;;;0
11;3446;CHOC GRAN DORI 500G ORIGINAL;MERCEARIA;49191;09/04/2026;84502;41466;16;80;16;0;0;;;0
11;1598;CONFEITO DORI 11G MINI DISQUETI;MERCEARIA;49191;09/04/2026;84502;41466;324;324;324;0;0;;;224
11;5285;CR PENT ELSEVE 250ML HIALURONICO;PERFUMARIA E LIMPEZA;49191;09/04/2026;84502;41466;12;0;12;0;0;;;7
11;4968;COND ELSEVE 200ML COLORVIVE;PERFUMARIA E LIMPEZA;49191;09/04/2026;84502;41466;12;12;12;0;0;;;3
11;5861;ESC DENTAL SORRISO TRIPLA 2UN;PERFUMARIA E LIMPEZA;49191;09/04/2026;84502;41466;18;0;18;0;0;;;0
11;8621;TINT COR E TON PTO AZULADO 1 0;PERFUMARIA E LIMPEZA;49191;09/04/2026;84502;41466;6;0;6;0;0;;;10
11;1537;COBER COBERTOP 1 01KG CONF AO LEITE;MERCEARIA;49191;09/04/2026;84502;41466;10;130;10;0;0;;;6
11;1695;MARSHMALLOWS FOFS 220G TWIST COLORIDO;MERCEARIA;49191;09/04/2026;84502;41466;12;516;36;0;0;;;37
11;1877;PIRULITO DORI FACE POP 450G APITO;MERCEARIA;49191;09/04/2026;84502;41466;20;0;20;0;0;;;0
11;6602;KIT ELSEVE SH COND 375ML 170ML GLYCOLIC GLOSS;PERFUMARIA E LIMPEZA;49191;09/04/2026;84502;41466;6;0;6;0;0;;;15
11;22999;SAB FONTANA SENSUS 150G AMANHECER PERS;PERFUMARIA E LIMPEZA;49191;09/04/2026;84502;41466;72;0;72;0;0;;;59
11;22916;REPARADOR PONTAS JAYLUC 30ML OLEO ARGAN;PERFUMARIA E LIMPEZA;49191;09/04/2026;84502;41466;24;0;24;0;0;22/04/2026;MONIQUE;58
11;1816;BALA GOMA DORI GOMETS 150G MINHOCA ACIDA;MERCEARIA;49191;09/04/2026;84502;41466;36;36;36;0;0;;;1
11;8600;TINT COR E TON CAST CLR 5 0;PERFUMARIA E LIMPEZA;49191;09/04/2026;84502;41466;6;0;6;0;0;;;8
11;1189;BISC DOCE GIRASSOL ROSCA CALDA 250G;MERCEARIA;49191;09/04/2026;84502;41466;22;44;44;0;0;;;-40
12;8242;SH JAY LUC 1L BLIND QUERATINA;PERFUMARIA E LIMPEZA;51481;14/04/2026;89380;44323;12;96;24;0;0;14/04/2026;CAUA;0
12;8222;KIT ELSEVE SH COND 375ML 170ML HIALUR;PERFUMARIA E LIMPEZA;51481;14/04/2026;89380;44323;6;48;12;0;0;14/04/2026;CAUA;15
12;5567;DESOD AERO NIVEA 93G PROTECT CARE;PERFUMARIA E LIMPEZA;51481;14/04/2026;89380;44323;12;48;24;2;0;;UNORTOM;20
12;2413;MILHO PIPOCA YOKI 400G TRAD;MERCEARIA;51481;14/04/2026;89380;44323;28;4508;28;0;0;14/04/2026;BRUNO ANTUNES;373
7;35236;BOMBOM LACTA OREO 20G;MERCEARIA;52392;16/04/2026;91414;45548;27;2538;54;0;0;01/05/2026;JOCELAINE;565
7;10177;SABON PALMOLIVE NATURALS 85G LEITE ROSAS;PERFUMARIA E LIMPEZA;52437;16/04/2026;91464;45548;24;0;120;5;0;;;191
13;22743;RAC SNOW DOG CORD PQ PORT 5K;PRODUTOS PET;52236;16/04/2026;91142;45528;1;0;1;0;0;23/04/2026;RONAS;10
13;8791;ABS MILI NOTURNO C ABAS 8UN;PERFUMARIA E LIMPEZA;52236;16/04/2026;91142;45528;36;36;72;2;0;;;92
14;13705;BOMBOM LACTA FAVORITOS 250 6G;MERCEARIA;52402;16/04/2026;91419;45550;30;600;150;5;0;;;171
14;1408;CHOC 5 STAR LACTA 40G;MERCEARIA;52402;16/04/2026;91419;45550;18;0;90;0;0;04/05/2026;MONIQUE;22
14;35236;BOMBOM LACTA OREO 20G;MERCEARIA;52402;16/04/2026;91419;45550;27;2538;27;0;0;04/05/2026;MONIQUE;-46
2;1430;CHOC KIT KAT 41 5G FINGER AO LEITE;MERCEARIA;53102;17/04/2026;92930;46277;24;6456;240;10;0;24/06/2026;ANDRIELLY;171
3;33607;RACAO DOG CHOW ADULTO 900G EXTRALIFE;PRODUTOS PET;52776;17/04/2026;92264;46455;8;0;40;0;0;24/04/2026;BRAGA;-7
3;1601;CONFEITO DORI 40G DISQUETI CHOC;MERCEARIA;52776;17/04/2026;92264;46455;108;0;108;0;0;23/04/2026;LUIS GUILHERME;76
3;4039;ALIM GATO BIFFE CAT 1KG ESPECIAL;PRODUTOS PET;52776;17/04/2026;92264;46455;8;678;24;0;0;23/04/2026;DISP;6
3;21433;OVO CHOC ARCOR TORTUG 45G CONF;MERCEARIA;52776;17/04/2026;92264;46455;1;0;1;0;0;23/04/2026;LUIS GUILHERME;16
3;22706;RACAO DODOG PREMIUM POWER MIX 5KG;PRODUTOS PET;52776;17/04/2026;92264;46455;1;22;1;0;0;23/04/2026;RONAS;8
3;7385;PAST ADES HARPIC 2EM1 L3 P2 PINHO;PERFUMARIA E LIMPEZA;52776;17/04/2026;92264;46455;24;48;24;1;0;;;28
3;8149;SH ANTIC CLEAR 200ML MEN LIMPEZA PROFUND;PERFUMARIA E LIMPEZA;52776;17/04/2026;92264;46455;12;0;12;1;0;;;42
3;10181;SAB POMPOM 80G HIDRATANTE;PERFUMARIA E LIMPEZA;52776;17/04/2026;92264;46455;12;2064;12;1;0;;;81
3;33667;DESOD REXONA 45G STICK V8;PERFUMARIA E LIMPEZA;52776;17/04/2026;92264;46455;12;144;12;1;0;;;49
3;12523;AP CORPO C 2;PERFUMARIA E LIMPEZA;52776;17/04/2026;92264;46455;12;108;12;1;0;;;26
3;3977;ALIM CAO ALP 1KG AD CAR FG CER VEG;PRODUTOS PET;52776;17/04/2026;92264;46455;10;0;40;0;0;23/04/2026;DISP;19
3;22744;RAC SNOW DOG FGO TOMATE 5K;PRODUTOS PET;52776;17/04/2026;92264;46455;1;0;6;0;0;23/04/2026;DISP;-9
3;16903;CR NIVEA LT 56G;PERFUMARIA E LIMPEZA;52776;17/04/2026;92264;46455;1;1;1;1;0;;;-2
3;53;AGUA MIN SARANDI 5L S GAS;BEBIDAS;52949;17/04/2026;92630;46455;4;704;96;0;0;23/04/2026;BERNAR;-6
5;13708;BOMBOM LACTA SONHO VALSA 20G;MERCEARIA;53108;17/04/2026;92933;46280;50;9300;250;0;0;;;527
5;1430;CHOC KIT KAT 41 5G FINGER AO LEITE;MERCEARIA;53108;17/04/2026;92933;46280;24;6456;480;0;0;;;248
11;22706;RACAO DODOG PREMIUM POWER MIX 5KG;PRODUTOS PET;52788;17/04/2026;92270;45883;1;22;1;1;0;23/04/2026;RONAS;4
12;22706;RACAO DODOG PREMIUM POWER MIX 5KG;PRODUTOS PET;52790;17/04/2026;92271;45886;1;22;1;1;0;23/04/2026;RONAS;9
13;16;AGUA MIN CRYSTAL PET 1 5L S GAS;BEBIDAS;53155;17/04/2026;92997;46406;6;0;60;10;0;;;24
13;2161;ARROZ BCO ALEGRETE TP1 5KG;MERCEARIA;53183;17/04/2026;93014;46406;6;3318;180;0;0;;;155
18;24342;SH PALMOLIVE 650ML NUTRICAO EXTRA;PERFUMARIA E LIMPEZA;52798;17/04/2026;92275;46459;6;0;6;1;0;;;15
8;11245;GOIABADA STELLA KG;PERECIVEIS;53475;18/04/2026;93617;46696;7;21;21;3;0;18/04/2026;MURILO;18,145
17;38005;CHOC KIT KAT MACCHIATO 41 5G;MERCEARIA;53362;18/04/2026;93280;46800;24;3168;192;8;0;;;138
17;20097;LENHA P FOGAO 10K;NAO ALIMENTO;53362;18/04/2026;93280;46800;1;-12;1;0;0;22/04/2026;EVERTON;47
17;15295;CALDO MAGGI 57G COSTELA;MERCEARIA;53362;18/04/2026;93280;46800;10;10;20;2;0;;;23
4;36992;FARINHA MANDIOCA DINDA 1KG EXTRA FINA;MERCEARIA;53780;20/04/2026;93972;46903;10;490;10;1;0;;MATHEUS;62
17;13;AGUA MIN CRYSTAL PET 1 5L C GAS;BEBIDAS;54155;20/04/2026;94636;47356;6;0;30;0;0;;;20
17;2378;DUETO FUGINI SH 170G ERVILHA MILHO;MERCEARIA;54155;20/04/2026;94636;47356;36;0;180;0;0;;;-7
17;20609;MAS ESPAG ISABELA SEMOLA 400G;MERCEARIA;54155;20/04/2026;94636;47356;24;312;120;0;0;;;206
3;12540;AP VENUS 3 INTIMA DISPO C 2;PERFUMARIA E LIMPEZA;54509;22/04/2026;95193;47704;1;0;1;12;12;29/04/2026;JESSICA;6
3;33608;RACAO DOG CHOW ADULTO 900G 7 CARNE FRANGO;PRODUTOS PET;54509;22/04/2026;95193;47704;8;8;8;1;0;;;8
1;12289;AGUA SANIT IMPERIAL 1L;PERFUMARIA E LIMPEZA;57040;27/04/2026;101557;51428;12;96;24;0;0;;;0
1;3951;AGUA SANIT Q BOA 2L;PERFUMARIA E LIMPEZA;57040;27/04/2026;101557;51428;6;294;12;0;0;;;4
1;12291;AGUA SANIT IMPERIAL 5L;PERFUMARIA E LIMPEZA;57040;27/04/2026;101557;51428;4;0;8;0;0;;;1
14;25457;VINHO PINHEIRENSE 870ML;BEBIDAS;57064;27/04/2026;100264;50664;12;816;84;7;0;26/05/2026;AUGUSTO;38
5;3524;FERM QUIMICO PO FLEISCHMANN PT 100G;MERCEARIA;57326;28/04/2026;100558;51571;12;480;12;0;0;30/04/2026;ALESSANDRO;9
5;17309;DESOD ROLLON REXONA 50ML F POWDER;PERFUMARIA E LIMPEZA;57326;28/04/2026;100558;51571;12;0;24;2;0;;;7
5;21842;PEN BONITTA P PIOLHO R 535;PERFUMARIA E LIMPEZA;57326;28/04/2026;100558;51571;1;0;1;0;0;29/04/2026;M EDUARDA;0
5;17317;DESOD ROLLON REXONA 50ML XTRA COOL;PERFUMARIA E LIMPEZA;57326;28/04/2026;100558;51571;12;3;12;1;0;;;12
8;17861;ESC SANIT BRISA C SUPORTE;PERFUMARIA E LIMPEZA;57332;28/04/2026;100561;50888;12;0;12;0;0;29/04/2026;M EDUARDA;12
8;18459;FEIJAO BCO SERRA URUGUAI 500G;MERCEARIA;57332;28/04/2026;100561;50888;20;0;20;1;0;;;48
8;21433;OVO CHOC ARCOR TORTUG 45G CONF;MERCEARIA;57332;28/04/2026;100561;50888;1;0;1;0;0;29/04/2026;ALEXANDRE;1
8;8727;VELA SANDERO N4 8UN 144G ST SAO JORGE;PERFUMARIA E LIMPEZA;57332;28/04/2026;100561;50888;24;0;24;0;0;29/04/2026;M EDUARDA;10
8;17870;ESC SANITARIA PLAST BCA 10X35CM;PERFUMARIA E LIMPEZA;57332;28/04/2026;100561;50888;1;0;1;0;0;29/04/2026;M EDUARDA;0
8;15494;CANJICA AMARELA JUREIA 500G;MERCEARIA;57332;28/04/2026;100561;50888;12;24;12;0;0;;;80
8;17672;ERVA MATE GAUCHA DA SERRA M GROSSA 1K;MERCEARIA;57332;28/04/2026;100561;50888;1;1;1;0;0;;;8
8;21302;ODORIZ AMAZONIA AROM 270ML FOLHA VERDE;PERFUMARIA E LIMPEZA;57332;28/04/2026;100561;50888;12;0;12;0;0;04/05/2026;MONIQUE;7
5;4283;AROMAT CENTRALSUL GEL 60G TUTTI FRUTTI;PERFUMARIA E LIMPEZA;57789;29/04/2026;101741;51571;12;0;12;0;0;29/04/2026;M EDUARDA;8
5;12452;AMEND BCO BELLA DICA 400G;MERCEARIA;57789;29/04/2026;101741;51571;12;6420;12;0;0;30/04/2026;BRAGA;12
5;6228;GEL DENT SORRISO FRESH 90G XTRA MINT;PERFUMARIA E LIMPEZA;57789;29/04/2026;101741;51571;12;0;12;1;0;;;74
8;20454;MANG DUOCOLOR 10MTS;NAO ALIMENTO;58425;30/04/2026;103132;53562;1;213;4;0;0;;;8
18;20454;MANG DUOCOLOR 10MTS;NAO ALIMENTO;58437;30/04/2026;103138;53568;1;213;12;0;0;;;11
18;2361;FEIJAO VERMELHO ARBAZA 500G;MERCEARIA;58493;30/04/2026;103166;52436;12;1185;12;1;1;30/04/2026;WILLIAN SOSA;0
1;20454;MANG DUOCOLOR 10MTS;NAO ALIMENTO;59155;04/05/2026;105172;53555;1;213;5;0;0;;;5
2;1856;PAST DOCILE MINTY 14G LAR;MERCEARIA;59129;04/05/2026;105159;53472;12;803;12;1;1;08/05/2026;BRUNO ANTUNES;30
2;1888;PASTILHA TIC TAC 14 5G MENTA;MERCEARIA;59129;04/05/2026;105159;53472;14;0;14;0;0;08/05/2026;BRUNO ANTUNES;7
5;2158;ARROZ BCO TRIVIAL TP2 5KG;MERCEARIA;59450;04/05/2026;106193;54139;6;227;18;3;0;;;3
11;9996;PETISCO FRISKIES 40G FRANGO;PRODUTOS PET;59143;04/05/2026;105166;53486;15;0;15;0;0;07/05/2026;MARTINS;-2
11;2368;FEIJAO VERMELHO SERRA URUGUAI 500G;MERCEARIA;59143;04/05/2026;105166;53486;20;180;20;1;0;06/05/2026;E.RODRIGUES;51
11;835;REFRIG PET COCA COLA 3L;BEBIDAS;59463;04/05/2026;106197;54231;6;2538;216;36;36;05/05/2026;BALDEZ;224
13;1856;PAST DOCILE MINTY 14G LAR;MERCEARIA;59147;04/05/2026;105168;53490;12;803;12;1;1;09/05/2026;BRENDA;71
13;1686;CONFEITO MMS TUBO 38G CHOC AO LEITE;MERCEARIA;59147;04/05/2026;105168;53490;12;0;12;1;1;09/05/2026;BRENDA;32
13;24320;SH ELSEVE 400ML LOREAL GLYCOLI;PERFUMARIA E LIMPEZA;59147;04/05/2026;105168;53490;12;0;12;0;0;09/05/2026;BRENDA;2
13;35123;CHOC BATON GAROTO 16G DUO;MERCEARIA;59147;04/05/2026;105168;53490;30;0;30;0;0;09/05/2026;BRENDA;14
13;13708;BOMBOM LACTA SONHO VALSA 20G;MERCEARIA;59147;04/05/2026;105168;53490;50;9300;50;1;1;09/05/2026;BRENDA;1605
13;1746;CHICLE FREEGELLS GUM 8G MELANCIA;MERCEARIA;59147;04/05/2026;105168;53490;15;0;15;0;0;09/05/2026;BRENDA;3
13;1744;CHICLE FREEGELLS GUM 8G TUTTI FRUTTI;MERCEARIA;59147;04/05/2026;105168;53490;15;0;15;0;0;09/05/2026;BRENDA;3
13;1498;CHOC KINDER JOY T1 20G;MERCEARIA;59147;04/05/2026;105168;53490;48;20;48;1;1;09/05/2026;BRENDA;36
13;647;WHISKY GREEN VALLEY VD 1L;BEBIDAS;59147;04/05/2026;105168;53490;1;0;1;1;1;09/05/2026;BRENDA;0
13;1743;CHICLE FREEGELLS GUM 8G CANELA;MERCEARIA;59147;04/05/2026;105168;53490;15;0;15;1;1;09/05/2026;BRENDA;-13
14;22796;RATICIDA RODILON ISCA 25G;PERFUMARIA E LIMPEZA;59149;04/05/2026;105169;53492;40;0;40;0;0;09/05/2026;JESSICA;3
14;33362;CREME REP DOVE LEAVE IN BOND 50ML;PERFUMARIA E LIMPEZA;59149;04/05/2026;105169;53492;6;36;6;1;1;09/05/2026;JESSICA;11
14;12278;AGUA OXIG BUTTERF 20V 100ML;PERFUMARIA E LIMPEZA;59149;04/05/2026;105169;53492;1;0;1;1;1;09/05/2026;JESSICA;0
14;5030;COND PANTENE 175ML LISO EXTREMO;PERFUMARIA E LIMPEZA;59149;04/05/2026;105169;53492;6;0;6;6;6;09/05/2026;JESSICA;16
14;17294;DESOD ROLLON DOVE 50ML ROMA VERBENA;PERFUMARIA E LIMPEZA;59149;04/05/2026;105169;53492;12;3;12;0;0;09/05/2026;JESSICA;12
14;20415;MAMAD CEFISA SIL 240ML;PERFUMARIA E LIMPEZA;59149;04/05/2026;105169;53492;12;0;12;1;1;09/05/2026;JESSICA;4
14;7490;POMADA NUGGET 36G PRETA;PERFUMARIA E LIMPEZA;59149;04/05/2026;105169;53492;12;0;12;0;0;09/05/2026;JESSICA;23
14;20097;LENHA P FOGAO 10K;NAO ALIMENTO;59386;04/05/2026;107410;54533;1;-12;1;1;0;04/05/2026;HENRIQUE;52
18;6796;LEITE UHT MOLICO 1L ZERO LACTOSE;PERECIVEIS;59499;04/05/2026;106206;54141;12;1008;72;0;0;05/05/2026;E.RODRIGUES;27
18;53;AGUA MIN SARANDI 5L S GAS;BEBIDAS;59499;04/05/2026;106206;54141;4;704;124;0;0;05/05/2026;PIRES;60
18;9741;LEITE SANTA CLARA LV SEMI DESN 1L;PERECIVEIS;59499;04/05/2026;106206;54141;12;371;72;6;5;05/05/2026;E.RODRIGUES;186
18;6780;LEITE NINHO UHT TP LEVINHO 1L SEMI DESNATADO;PERECIVEIS;59499;04/05/2026;106206;54141;12;84;60;0;0;05/05/2026;E.RODRIGUES;29
18;6801;LEITE UHT TP NINHO 1L INTEGRAL;PERECIVEIS;59499;04/05/2026;106206;54141;12;3435;168;14;14;05/05/2026;E.RODRIGUES;160
18;32;AGUA MIN SARANDI PET 2L C GAS;BEBIDAS;59752;04/05/2026;106501;54141;8;1920;40;5;5;05/05/2026;E.RODRIGUES;40
12;20454;MANG DUOCOLOR 10MTS;NAO ALIMENTO;59863;05/05/2026;106750;55116;1;213;15;0;0;;;9
5;396;ENERG MONSTER LT 473ML ULTRA;BEBIDAS;60738;06/05/2026;108811;55333;6;69;30;5;0;;MIKAEL;24
6;35127;TOALHA UMED BEBE LIMPINHO C45;PERFUMARIA E LIMPEZA;60979;06/05/2026;110754;56410;24;288;72;3;3;;BRENDA;59
8;193;CERV PROVINCIA PILSEN PREM LT 473ML;BEBIDAS;60308;06/05/2026;108105;54910;12;21324;156;13;13;06/05/2026;MURILO;1391
8;806;REFRIG FANTA LARANJA PET 2L;BEBIDAS;60308;06/05/2026;108105;54910;8;0;88;0;0;06/05/2026;MURILO;182
13;2368;FEIJAO VERMELHO SERRA URUGUAI 500G;MERCEARIA;60314;06/05/2026;108108;56614;20;180;20;2;2;;MARTINS;23
13;20454;MANG DUOCOLOR 10MTS;NAO ALIMENTO;60338;06/05/2026;108120;55117;1;213;1;0;0;;;15
14;35127;TOALHA UMED BEBE LIMPINHO C45;PERFUMARIA E LIMPEZA;60979;06/05/2026;110754;56410;24;288;72;3;3;;MONIQUE;26
7;37863;CREME LEITE TP DAUS 200G;MERCEARIA;61280;07/05/2026;121989;;27;216;696;0;0;;;-51
12;6615;KIT SH SEDA SH 300 COND 190ML CERAMIDAS;PERFUMARIA E LIMPEZA;61286;07/05/2026;109813;55884;15;1185;75;5;0;07/05/2026;GERSON;157
17;20454;MANG DUOCOLOR 10MTS;NAO ALIMENTO;61236;07/05/2026;109664;55858;1;213;7;0;0;;;1
17;37863;CREME LEITE TP DAUS 200G;MERCEARIA;61292;07/05/2026;112466;;27;216;590;0;0;;;-24
13;2368;FEIJAO VERMELHO SERRA URUGUAI 500G;MERCEARIA;61637;08/05/2026;111086;56614;20;180;20;2;2;;MARTINS;23
17;20454;MANG DUOCOLOR 10MTS;NAO ALIMENTO;61669;08/05/2026;111102;56920;1;213;1;0;0;;;1
1;20454;MANG DUOCOLOR 10MTS;NAO ALIMENTO;62456;09/05/2026;112422;57456;1;213;1;0;0;;;5
3;36;AGUA MIN CRYSTAL PET 500ML C GAS;BEBIDAS;62642;09/05/2026;112839;57852;12;3516;216;0;0;11/05/2026;FOSSARI;1672
3;1134;BISC DOCE NESTLE CHOCO TRIO 90G CHOC;MERCEARIA;62642;09/05/2026;112839;57852;12;816;72;6;0;09/05/2026;MURILO;0
13;832;REFRIG SUKITA PET 2L LARANJA;BEBIDAS;62665;09/05/2026;112751;57626;8;432;80;0;0;13/05/2026;LIVRE;0
13;829;REFRIG SODA LIMONADA PET 2L;BEBIDAS;62665;09/05/2026;112751;57626;8;796;40;5;0;11/05/2026;GABRIELL2;6
14;1242;CHOC BARRA NEUGEBAUER 80G BCO;MERCEARIA;63672;11/05/2026;114530;58537;64;0;192;3;3;;BRUNO ANTUNES;254
14;1247;CHOC BARRA NEUGEBAUER 80G AO LEITE;MERCEARIA;63672;11/05/2026;114530;58537;64;0;64;1;1;;BRUNO ANTUNES;67
14;1240;CHOC BARRA NEUGEBAUER 80G COOKIES;MERCEARIA;63672;11/05/2026;114530;58537;64;193;64;0;0;;BRUNO ANTUNES;75
14;34290;CHOC STIKADINHO STICKS 29G MORANGO;MERCEARIA;63672;11/05/2026;114530;58537;64;256;320;5;5;12/05/2026;PAMELA;-29
14;1238;CHOC BARRA NEUGEBAUER 80G MEIO AMARGO;MERCEARIA;63672;11/05/2026;114530;58537;64;628;192;0;0;;BRUNO ANTUNES;3
17;33969;CERA CARRO MIL MILHAS 200G;PERFUMARIA E LIMPEZA;62990;11/05/2026;115367;59045;24;0;48;2;0;01/06/2026;RAMIRES;80
17;33973;KIT MIL MILHAS LAVA AUTO B PNEU ESP;PERFUMARIA E LIMPEZA;62990;11/05/2026;115367;59045;5;0;10;0;0;01/06/2026;RAMIRES;5
17;4281;AROMAT CENTRALSUL GEL 60G MARINE;PERFUMARIA E LIMPEZA;62990;11/05/2026;115367;59045;12;0;12;0;0;01/06/2026;RAMIRES;0
17;24798;TINTA CHEMICOLOR GER 250ML MARROM;PERFUMARIA E LIMPEZA;62990;11/05/2026;115367;59045;6;0;6;1;0;01/06/2026;RAMIRES;0
18;34290;CHOC STIKADINHO STICKS 29G MORANGO;MERCEARIA;63674;11/05/2026;114531;58539;64;256;320;5;5;12/05/2026;PAMELA;16
18;2183;CAPSULA 3C 80G C 10 ESPRESSO AMENO;MERCEARIA;63715;11/05/2026;114576;58539;10;16;10;1;1;12/05/2026;PAMELA;47
17;20193;LIXA P PES DUPLA FACE;PERFUMARIA E LIMPEZA;64138;12/05/2026;115367;59045;1;0;1;1;0;01/06/2026;RAMIRES;-7
17;20454;MANG DUOCOLOR 10MTS;NAO ALIMENTO;64166;12/05/2026;114964;58841;1;213;1;0;0;;;1
2;11446;MELANCIA KG;PERECIVEIS;65024;13/05/2026;116191;;1;180010;86;0;0;;;0
2;11455;MELAO DINO;PERECIVEIS;65024;13/05/2026;116191;;1;170;37;0;0;;;0
2;10482;ABACAXI UN PEROLA;PERECIVEIS;65024;13/05/2026;116191;;14;10666;994;0;0;;;171
2;10546;ALHO 100G;PERECIVEIS;65024;13/05/2026;116191;;1;500;37;0;0;;;135
2;10703;BERGAMOTA MORGOTE KG;PERECIVEIS;65024;13/05/2026;116191;;1;3406;55;0;0;;;0
2;11416;MARROM GLACE STELLA KG;PERECIVEIS;65024;13/05/2026;116191;;6,6;237,6;13,2;0;0;;;38,328
2;10890;COCO VERDE UN;PERECIVEIS;65024;13/05/2026;116191;;10;1200;120;0;0;;;0
2;33518;TANGERINA KG IMPORTADA;PERECIVEIS;65024;13/05/2026;116191;;1;40;9;0;0;;;0
2;11284;LARANJA UMBIGO NACIONAL;PERECIVEIS;65024;13/05/2026;116191;;1;144302;149;0;0;;;557,982
2;10553;AMEIXA KG;PERECIVEIS;65024;13/05/2026;116191;;1;40;3;0;0;;;10,6
2;10862;CEBOLA ROXA KG;PERECIVEIS;65024;13/05/2026;116191;;1;620;16;0;0;;;7,048
2;11576;OVO CODORNA BAMPI 30UN;PERECIVEIS;65024;13/05/2026;116191;;20;0;20;0;0;;;5
2;11671;PASSAS UVA UNIAGRO PTA KG;PERECIVEIS;65024;13/05/2026;116191;;1;0;1;0;0;;;0
2;12031;TOMATE CEREJA BDJ 180G;PERECIVEIS;65024;13/05/2026;116191;;1;1083;22;0;0;;;7
2;10694;BATATA INGLESA MONALISA BCA KG;PERECIVEIS;65024;13/05/2026;116191;;1;48750;4679;0;0;;;628,933
2;11241;FRUTAS CRIST UNIAGRO KG;PERECIVEIS;65024;13/05/2026;116191;;10;0;17;0;0;;;8,138
2;36708;ORELHA BOVI NATUR C 1 UN PETISCAO;PERECIVEIS;65024;13/05/2026;116191;;12;168;12;0;0;;;0
2;10685;BATATA DOCE AMERICANA KG;PERECIVEIS;65024;13/05/2026;116191;;1;55;13;0;0;;;376,777
2;11493;MORANGA CABUTIA INTEIRA;PERECIVEIS;65024;13/05/2026;116191;;1;23236,5;1334;0;0;;;147,858
2;10555;AMEIXA UNIAGRO PTA C CAROCO KG;PERECIVEIS;65024;13/05/2026;116191;;1;0;5;0;0;;;49,064
3;11944;ROMA KG;PERECIVEIS;65026;13/05/2026;116192;;1;14;3;0;0;;;0
3;33518;TANGERINA KG IMPORTADA;PERECIVEIS;65026;13/05/2026;116192;;1;40;6;0;0;;;0
3;11565;NOZES LA RIOJA S CASCA KG;PERECIVEIS;65026;13/05/2026;116192;;1;0;10;0;0;;;24,655
3;11576;OVO CODORNA BAMPI 30UN;PERECIVEIS;65026;13/05/2026;116192;;20;0;20;0;0;;;54
3;11780;PITAYA KG;PERECIVEIS;65026;13/05/2026;116192;;1;20;10;0;0;;;0
3;11253;INHAME;PERECIVEIS;65026;13/05/2026;116192;;1;90;14;0;0;;;-,306
3;12041;TOMATE RASTEIRO;PERECIVEIS;65026;13/05/2026;116192;;1;13480;3597;0;0;;;-156,757
3;11264;KIWI KG;PERECIVEIS;65026;13/05/2026;116192;;1;531;211;0;0;;;11,232
3;10556;AMEIXA UNIAGRO PTA S CAROCO KG;PERECIVEIS;65026;13/05/2026;116192;;1;0;6;0;0;;;71,02
3;11446;MELANCIA KG;PERECIVEIS;65026;13/05/2026;116192;;1;180010;150;0;0;;;0
3;11284;LARANJA UMBIGO NACIONAL;PERECIVEIS;65026;13/05/2026;116192;;1;144302;368;0;0;;;59,696
3;10546;ALHO 100G;PERECIVEIS;65026;13/05/2026;116192;;1;500;108;0;0;;;6579
3;11493;MORANGA CABUTIA INTEIRA;PERECIVEIS;65026;13/05/2026;116192;;1;23236,5;349;0;0;;;511,658
3;12031;TOMATE CEREJA BDJ 180G;PERECIVEIS;65026;13/05/2026;116192;;1;1083;171;0;0;;;26
3;11416;MARROM GLACE STELLA KG;PERECIVEIS;65026;13/05/2026;116192;;6,6;237,6;52,8;0;0;;;41,746
3;10482;ABACAXI UN PEROLA;PERECIVEIS;65026;13/05/2026;116192;;14;10666;1750;0;0;;;218,8
3;36708;ORELHA BOVI NATUR C 1 UN PETISCAO;PERECIVEIS;65026;13/05/2026;116192;;12;168;12;0;0;;;0
3;11795;PRES MILAN S GORD FAT KG;PERECIVEIS;65026;13/05/2026;116192;;1;0;151;0;0;;;460,761
3;10493;ABOBORA TRONCO KG;PERECIVEIS;65026;13/05/2026;116192;;1;180;58;0;0;;;62,746
3;10685;BATATA DOCE AMERICANA KG;PERECIVEIS;65026;13/05/2026;116192;;1;55;30;0;0;;;712,835
3;10703;BERGAMOTA MORGOTE KG;PERECIVEIS;65026;13/05/2026;116192;;1;3406;68;0;0;;;-,726
3;10694;BATATA INGLESA MONALISA BCA KG;PERECIVEIS;65026;13/05/2026;116192;;1;48750;823;0;0;;;1587,942
3;10553;AMEIXA KG;PERECIVEIS;65026;13/05/2026;116192;;1;40;13;0;0;;;27,326
4;11446;MELANCIA KG;PERECIVEIS;65028;13/05/2026;116193;;1;180010;80;0;0;;;0
4;10694;BATATA INGLESA MONALISA BCA KG;PERECIVEIS;65028;13/05/2026;116193;;1;48750;1180;0;0;;;697,717
4;11284;LARANJA UMBIGO NACIONAL;PERECIVEIS;65028;13/05/2026;116193;;1;144302;122;0;0;;;460,337
4;11264;KIWI KG;PERECIVEIS;65028;13/05/2026;116193;;1;531;7;0;0;;;2,592
4;10553;AMEIXA KG;PERECIVEIS;65028;13/05/2026;116193;;1;40;4;0;0;;;10,144
4;11944;ROMA KG;PERECIVEIS;65028;13/05/2026;116193;;1;14;3;0;0;;;2,5
4;11493;MORANGA CABUTIA INTEIRA;PERECIVEIS;65028;13/05/2026;116193;;1;23236,5;192;0;0;;;491,356
4;11759;PIMENTAO AMARELO KG;PERECIVEIS;65028;13/05/2026;116193;;1;1220;11;0;0;;;34,035
4;11253;INHAME;PERECIVEIS;65028;13/05/2026;116193;;1;90;12;0;0;;;0
4;10546;ALHO 100G;PERECIVEIS;65028;13/05/2026;116193;;1;500;14;0;0;;;3803
4;12031;TOMATE CEREJA BDJ 180G;PERECIVEIS;65028;13/05/2026;116193;;1;1083;67;0;0;;;26
4;11733;PESSEGO IMPORTADO KG;PERECIVEIS;65028;13/05/2026;116193;;9;72;9;0;0;;;0
4;10703;BERGAMOTA MORGOTE KG;PERECIVEIS;65028;13/05/2026;116193;;1;3406;64;0;0;;;0
4;11795;PRES MILAN S GORD FAT KG;PERECIVEIS;65028;13/05/2026;116193;;1;0;91;0;0;;;352,544
4;10482;ABACAXI UN PEROLA;PERECIVEIS;65028;13/05/2026;116193;;14;10666;1008;0;0;;;157,8
4;10862;CEBOLA ROXA KG;PERECIVEIS;65028;13/05/2026;116193;;1;620;28;0;0;;;46,246
5;10862;CEBOLA ROXA KG;PERECIVEIS;65030;13/05/2026;116194;;1;620;4;0;0;;;72,972
5;10890;COCO VERDE UN;PERECIVEIS;65030;13/05/2026;116194;;10;1200;120;0;0;;;0
5;10685;BATATA DOCE AMERICANA KG;PERECIVEIS;65030;13/05/2026;116194;;1;55;7;0;0;;;254,458
5;36708;ORELHA BOVI NATUR C 1 UN PETISCAO;PERECIVEIS;65030;13/05/2026;116194;;12;168;12;0;0;;;0
5;10482;ABACAXI UN PEROLA;PERECIVEIS;65030;13/05/2026;116194;;14;10666;560;0;0;;;41
5;11446;MELANCIA KG;PERECIVEIS;65030;13/05/2026;116194;;1;180010;37;0;0;;;0
5;11236;FRALDINHA FRIBOI PORC VACUO RESF KG;PERECIVEIS;65030;13/05/2026;116194;;1;4,794;1;0;0;;;135,586
5;10703;BERGAMOTA MORGOTE KG;PERECIVEIS;65030;13/05/2026;116194;;1;3406;60;0;0;;;-,982
5;10694;BATATA INGLESA MONALISA BCA KG;PERECIVEIS;65030;13/05/2026;116194;;1;48750;2101;0;0;;;286,721
5;10546;ALHO 100G;PERECIVEIS;65030;13/05/2026;116194;;1;500;39;0;0;;;3773
5;11284;LARANJA UMBIGO NACIONAL;PERECIVEIS;65030;13/05/2026;116194;;1;144302;87;0;0;;;-94,661
5;12041;TOMATE RASTEIRO;PERECIVEIS;65030;13/05/2026;116194;;1;13480;972;0;0;;;0
5;11493;MORANGA CABUTIA INTEIRA;PERECIVEIS;65030;13/05/2026;116194;;1;23236,5;341;0;0;;;134,755
6;10685;BATATA DOCE AMERICANA KG;PERECIVEIS;65032;13/05/2026;116195;;1;55;10;0;0;;;154,332
6;11493;MORANGA CABUTIA INTEIRA;PERECIVEIS;65032;13/05/2026;116195;;1;23236,5;1022;0;0;;;1112,051
6;10839;CAQUI KG;PERECIVEIS;65032;13/05/2026;116195;;1;31,5;5;0;0;;;0
6;11284;LARANJA UMBIGO NACIONAL;PERECIVEIS;65032;13/05/2026;116195;;1;144302;129;0;0;;;622,77
6;11253;INHAME;PERECIVEIS;65032;13/05/2026;116195;;1;90;2;0;0;;;0
6;10493;ABOBORA TRONCO KG;PERECIVEIS;65032;13/05/2026;116195;;1;180;32;0;0;;;6,056
6;11446;MELANCIA KG;PERECIVEIS;65032;13/05/2026;116195;;1;180010;72;0;0;;;0
6;36708;ORELHA BOVI NATUR C 1 UN PETISCAO;PERECIVEIS;65032;13/05/2026;116195;;12;168;12;0;0;;;0
6;11416;MARROM GLACE STELLA KG;PERECIVEIS;65032;13/05/2026;116195;;6,6;237,6;19,8;0;0;;;5,521
6;10694;BATATA INGLESA MONALISA BCA KG;PERECIVEIS;65032;13/05/2026;116195;;1;48750;56;0;0;;;866,25
6;11486;MIRTILO IMPORTADO 125G;PERECIVEIS;65032;13/05/2026;116195;;1;120;6;0;0;;;0
6;10857;CEBOLA KG;PERECIVEIS;65032;13/05/2026;116195;;1;20278;1394;0;0;;;-26,7
6;33518;TANGERINA KG IMPORTADA;PERECIVEIS;65032;13/05/2026;116195;;1;40;3;0;0;;;0
6;10546;ALHO 100G;PERECIVEIS;65032;13/05/2026;116195;;1;500;25;0;0;;;1874
6;10482;ABACAXI UN PEROLA;PERECIVEIS;65032;13/05/2026;116195;;14;10666;658;0;0;;;10
7;12088;UVA BENITAKA KG;PERECIVEIS;65034;13/05/2026;116196;;1;760;1;0;0;;;0
7;10546;ALHO 100G;PERECIVEIS;65034;13/05/2026;116196;;1;500;27;0;0;;;3734
7;21605;PAO FOR TCHE 380G;PERECIVEIS;65034;13/05/2026;116196;;1;9;1;0;0;;;294
7;10575;ATEMOIA;PERECIVEIS;65034;13/05/2026;116196;;1;39;8;0;0;;;0
7;11278;LARANJA CARA CARA POLPA VERMELHA KG;PERECIVEIS;65034;13/05/2026;116196;;1;120;102;0;0;;;0
7;10493;ABOBORA TRONCO KG;PERECIVEIS;65034;13/05/2026;116196;;1;180;20;0;0;;;7,475
7;10857;CEBOLA KG;PERECIVEIS;65034;13/05/2026;116196;;1;20278;1046;0;0;;;58,341
7;36708;ORELHA BOVI NATUR C 1 UN PETISCAO;PERECIVEIS;65034;13/05/2026;116196;;12;168;12;0;0;;;0
7;10482;ABACAXI UN PEROLA;PERECIVEIS;65034;13/05/2026;116196;;14;10666;574;0;0;;;63
7;12041;TOMATE RASTEIRO;PERECIVEIS;65034;13/05/2026;116196;;1;13480;15;0;0;;;-8,185
7;10553;AMEIXA KG;PERECIVEIS;65034;13/05/2026;116196;;1;40;1;0;0;;;10,794
7;11284;LARANJA UMBIGO NACIONAL;PERECIVEIS;65034;13/05/2026;116196;;1;144302;93;0;0;;;119,54
7;10862;CEBOLA ROXA KG;PERECIVEIS;65034;13/05/2026;116196;;1;620;57;0;0;;;7,971
7;11253;INHAME;PERECIVEIS;65034;13/05/2026;116196;;1;90;3;0;0;;;0
7;10842;CARAMBOLA;PERECIVEIS;65034;13/05/2026;116196;;1;42;5;0;0;;;0
7;10694;BATATA INGLESA MONALISA BCA KG;PERECIVEIS;65034;13/05/2026;116196;;1;48750;522;0;0;;;354,157
7;11493;MORANGA CABUTIA INTEIRA;PERECIVEIS;65034;13/05/2026;116196;;1;23236,5;671;0;0;;;142,312
7;10685;BATATA DOCE AMERICANA KG;PERECIVEIS;65034;13/05/2026;116196;;1;55;2;0;0;;;552,319
7;11446;MELANCIA KG;PERECIVEIS;65034;13/05/2026;116196;;1;180010;37;0;0;;;0
7;10703;BERGAMOTA MORGOTE KG;PERECIVEIS;65034;13/05/2026;116196;;1;3406;32;0;0;;;0
11;21605;PAO FOR TCHE 380G;PERECIVEIS;65038;13/05/2026;116198;;1;9;7;0;0;;;238
11;11733;PESSEGO IMPORTADO KG;PERECIVEIS;65038;13/05/2026;116198;;9;72;9;0;0;;;0
11;12031;TOMATE CEREJA BDJ 180G;PERECIVEIS;65038;13/05/2026;116198;;1;1083;36;0;0;;;9
11;33518;TANGERINA KG IMPORTADA;PERECIVEIS;65038;13/05/2026;116198;;1;40;4;0;0;;;0
11;10839;CAQUI KG;PERECIVEIS;65038;13/05/2026;116198;;1;31,5;6;0;0;;;0
11;12107;UVA RED GLOBE BDJ 500G;PERECIVEIS;65038;13/05/2026;116198;;1;240;8;0;0;;;0
11;11493;MORANGA CABUTIA INTEIRA;PERECIVEIS;65038;13/05/2026;116198;;1;23236,5;1270;0;0;;;549,565
11;10691;BATATA DOCE ROSA E ROXA KG;PERECIVEIS;65038;13/05/2026;116198;;1;2260;47;0;0;;;149,582
11;10862;CEBOLA ROXA KG;PERECIVEIS;65038;13/05/2026;116198;;1;620;93;0;0;;;12,169
11;12041;TOMATE RASTEIRO;PERECIVEIS;65038;13/05/2026;116198;;1;13480;1138;0;0;;;0
11;10545;ALHO PORO UN;PERECIVEIS;65038;13/05/2026;116198;;12;252;12;0;0;;;0
11;11264;KIWI KG;PERECIVEIS;65038;13/05/2026;116198;;1;531;67;0;0;;;16,836
11;11253;INHAME;PERECIVEIS;65038;13/05/2026;116198;;1;90;2;0;0;;;0
11;11446;MELANCIA KG;PERECIVEIS;65038;13/05/2026;116198;;1;180010;56;0;0;;;0
11;10482;ABACAXI UN PEROLA;PERECIVEIS;65038;13/05/2026;116198;;14;10666;1064;0;0;;;9
11;11780;PITAYA KG;PERECIVEIS;65038;13/05/2026;116198;;1;20;2;0;0;;;0
11;10553;AMEIXA KG;PERECIVEIS;65038;13/05/2026;116198;;1;40;4;0;0;;;18,582
11;10546;ALHO 100G;PERECIVEIS;65038;13/05/2026;116198;;1;500;88;0;0;;;2749
12;10482;ABACAXI UN PEROLA;PERECIVEIS;65040;13/05/2026;116199;;14;10666;1120;0;0;;;57
12;12031;TOMATE CEREJA BDJ 180G;PERECIVEIS;65040;13/05/2026;116199;;1;1083;31;0;0;;;5
12;12107;UVA RED GLOBE BDJ 500G;PERECIVEIS;65040;13/05/2026;116199;;1;240;10;0;0;;;0
12;12041;TOMATE RASTEIRO;PERECIVEIS;65040;13/05/2026;116199;;1;13480;1310;0;0;;;-4,8
12;11284;LARANJA UMBIGO NACIONAL;PERECIVEIS;65040;13/05/2026;116199;;1;144302;148;0;0;;;754,188
12;33518;TANGERINA KG IMPORTADA;PERECIVEIS;65040;13/05/2026;116199;;1;40;1;0;0;;;0
12;11236;FRALDINHA FRIBOI PORC VACUO RESF KG;PERECIVEIS;65040;13/05/2026;116199;;1;4,794;1;0;0;;;-111,474
12;12115;UVA VITORIA C SEM BDJ 500G;PERECIVEIS;65040;13/05/2026;116199;;1;1500;105;0;0;;;2
12;11576;OVO CODORNA BAMPI 30UN;PERECIVEIS;65040;13/05/2026;116199;;20;0;20;0;0;;;-39
12;11446;MELANCIA KG;PERECIVEIS;65040;13/05/2026;116199;;1;180010;45;0;0;;;0
12;36708;ORELHA BOVI NATUR C 1 UN PETISCAO;PERECIVEIS;65040;13/05/2026;116199;;12;168;12;0;0;;;0
12;11493;MORANGA CABUTIA INTEIRA;PERECIVEIS;65040;13/05/2026;116199;;1;23236,5;1325;0;0;;;1545,737
12;10546;ALHO 100G;PERECIVEIS;65040;13/05/2026;116199;;1;500;63;0;0;;;981
12;10862;CEBOLA ROXA KG;PERECIVEIS;65040;13/05/2026;116199;;1;620;69;0;0;;;67,519
13;11486;MIRTILO IMPORTADO 125G;PERECIVEIS;65042;13/05/2026;116200;;1;120;36;0;0;;;0
13;11494;MORANGUINHO BDJ 250G;PERECIVEIS;65042;13/05/2026;116200;;1;2340;1668;0;0;;;-3
13;11944;ROMA KG;PERECIVEIS;65042;13/05/2026;116200;;1;14;1;0;0;;;0
13;10694;BATATA INGLESA MONALISA BCA KG;PERECIVEIS;65042;13/05/2026;116200;;1;48750;1529;0;0;;;219,954
13;10696;BATATA INGLESA ROSA KG;PERECIVEIS;65042;13/05/2026;116200;;1;520;36;0;0;;;-6,104
13;36708;ORELHA BOVI NATUR C 1 UN PETISCAO;PERECIVEIS;65042;13/05/2026;116200;;12;168;12;0;0;;;0
13;12031;TOMATE CEREJA BDJ 180G;PERECIVEIS;65042;13/05/2026;116200;;1;1083;40;0;0;;;0
13;12041;TOMATE RASTEIRO;PERECIVEIS;65042;13/05/2026;116200;;1;13480;404;0;0;;;0
13;10703;BERGAMOTA MORGOTE KG;PERECIVEIS;65042;13/05/2026;116200;;1;3406;56;0;0;;;0
13;10839;CAQUI KG;PERECIVEIS;65042;13/05/2026;116200;;1;31,5;1;0;0;;;,609
13;10482;ABACAXI UN PEROLA;PERECIVEIS;65042;13/05/2026;116200;;14;10666;700;0;0;;;107
13;11565;NOZES LA RIOJA S CASCA KG;PERECIVEIS;65042;13/05/2026;116200;;1;0;5;0;0;;;32,213
13;11446;MELANCIA KG;PERECIVEIS;65042;13/05/2026;116200;;1;180010;57;0;0;;;0
13;11264;KIWI KG;PERECIVEIS;65042;13/05/2026;116200;;1;531;101;0;0;;;19,332
13;10685;BATATA DOCE AMERICANA KG;PERECIVEIS;65042;13/05/2026;116200;;1;55;1;0;0;;;0
13;10546;ALHO 100G;PERECIVEIS;65042;13/05/2026;116200;;1;500;9;0;0;;;0
13;12107;UVA RED GLOBE BDJ 500G;PERECIVEIS;65042;13/05/2026;116200;;1;240;6;0;0;;;0
13;11284;LARANJA UMBIGO NACIONAL;PERECIVEIS;65042;13/05/2026;116200;;1;144302;221;0;0;;;62,603
13;11733;PESSEGO IMPORTADO KG;PERECIVEIS;65042;13/05/2026;116200;;9;72;18;0;0;;;0
13;11236;FRALDINHA FRIBOI PORC VACUO RESF KG;PERECIVEIS;65042;13/05/2026;116200;;1;4,794;1;0;0;;;42,911
13;12088;UVA BENITAKA KG;PERECIVEIS;65042;13/05/2026;116200;;1;760;3;0;0;;;0
13;10575;ATEMOIA;PERECIVEIS;65042;13/05/2026;116200;;1;39;4;0;0;;;0
13;10862;CEBOLA ROXA KG;PERECIVEIS;65042;13/05/2026;116200;;1;620;62;0;0;;;37,783
13;10545;ALHO PORO UN;PERECIVEIS;65042;13/05/2026;116200;;12;252;12;0;0;;;7
13;10691;BATATA DOCE ROSA E ROXA KG;PERECIVEIS;65042;13/05/2026;116200;;1;2260;87;0;0;;;-3,522
13;10553;AMEIXA KG;PERECIVEIS;65042;13/05/2026;116200;;1;40;4;0;0;;;23,672
14;11565;NOZES LA RIOJA S CASCA KG;PERECIVEIS;65044;13/05/2026;116201;;1;0;1;0;0;;;0
14;11264;KIWI KG;PERECIVEIS;65044;13/05/2026;116201;;1;531;35;0;0;;;32,132
14;10480;ABACATE AVOCADO KG;PERECIVEIS;65044;13/05/2026;116201;;10;80;10;0;0;;;17,986
14;10482;ABACAXI UN PEROLA;PERECIVEIS;65044;13/05/2026;116201;;14;10666;686;0;0;;;128
14;10842;CARAMBOLA;PERECIVEIS;65044;13/05/2026;116201;;1;42;5;0;0;;;8
14;11493;MORANGA CABUTIA INTEIRA;PERECIVEIS;65044;13/05/2026;116201;;1;23236,5;679;0;0;;;348,54
14;33518;TANGERINA KG IMPORTADA;PERECIVEIS;65044;13/05/2026;116201;;1;40;13;0;0;;;0
14;11253;INHAME;PERECIVEIS;65044;13/05/2026;116201;;1;90;13;0;0;;;0
14;11284;LARANJA UMBIGO NACIONAL;PERECIVEIS;65044;13/05/2026;116201;;1;144302;117;0;0;;;203,53
14;10703;BERGAMOTA MORGOTE KG;PERECIVEIS;65044;13/05/2026;116201;;1;3406;38;0;0;;;0
14;12031;TOMATE CEREJA BDJ 180G;PERECIVEIS;65044;13/05/2026;116201;;1;1083;108;0;0;;;78
14;12036;TOMATE ITALIANO;PERECIVEIS;65044;13/05/2026;116201;;1;2000;138;0;0;;;0
14;11455;MELAO DINO;PERECIVEIS;65044;13/05/2026;116201;;1;170;23;0;0;;;0
14;11446;MELANCIA KG;PERECIVEIS;65044;13/05/2026;116201;;1;180010;139;0;0;;;0
14;10839;CAQUI KG;PERECIVEIS;65044;13/05/2026;116201;;1;31,5;16;0;0;;;-1,046
14;10685;BATATA DOCE AMERICANA KG;PERECIVEIS;65044;13/05/2026;116201;;1;55;9;0;0;;;1410,383
14;11486;MIRTILO IMPORTADO 125G;PERECIVEIS;65044;13/05/2026;116201;;1;120;6;0;0;;;12
14;10694;BATATA INGLESA MONALISA BCA KG;PERECIVEIS;65044;13/05/2026;116201;;1;48750;3308;0;0;;;566,526
14;11246;GRAVIOLA;PERECIVEIS;65044;13/05/2026;116201;;1;5;2;0;0;;;0
14;10546;ALHO 100G;PERECIVEIS;65044;13/05/2026;116201;;1;500;7;0;0;;;2857
14;36708;ORELHA BOVI NATUR C 1 UN PETISCAO;PERECIVEIS;65044;13/05/2026;116201;;12;168;12;0;0;;;0
14;12029;TOMATE CEREJA KG;PERECIVEIS;65044;13/05/2026;116201;;1;450;86;0;0;;;50,207
14;10862;CEBOLA ROXA KG;PERECIVEIS;65044;13/05/2026;116201;;1;620;125;0;0;;;34,314
14;12107;UVA RED GLOBE BDJ 500G;PERECIVEIS;65044;13/05/2026;116201;;1;240;3;0;0;;;0
14;10553;AMEIXA KG;PERECIVEIS;65044;13/05/2026;116201;;1;40;8;0;0;;;42,048
14;10691;BATATA DOCE ROSA E ROXA KG;PERECIVEIS;65044;13/05/2026;116201;;1;2260;56;0;0;;;210,527
14;10705;BERINJELA KG;PERECIVEIS;65044;13/05/2026;116201;;1;150;49;0;0;;;110,088
14;849;REFRIG COCA COLA PET 600ML ZERO;BEBIDAS;65167;13/05/2026;116375;60054;12;48;120;0;0;13/05/2026;LIVRE;7
14;1408;CHOC 5 STAR LACTA 40G;MERCEARIA;65460;13/05/2026;117321;60054;18;0;90;0;0;15/05/2026;BRUNO ANTUNES;22
14;30158;GEL DENTAL CARMED 70G FIN DENTADURA;PERFUMARIA E LIMPEZA;65460;13/05/2026;117321;60054;12;120;84;3;3;16/05/2026;JESSICA;63
14;36268;PROTETOR TERM PANTENE REPAIR 170ML;PERFUMARIA E LIMPEZA;65460;13/05/2026;117321;60054;1;77;12;12;12;16/05/2026;JESSICA;0
14;646;SUCO DEL VALLE FRUT PET 1 5L UVA;BEBIDAS;65460;13/05/2026;117321;60054;6;12;30;0;0;13/05/2026;LIVRE;22
14;3401;BARRA CEREAL RITTER 25G BANANA ZR ACUC;MERCEARIA;65460;13/05/2026;117321;60054;24;0;120;0;0;15/05/2026;BRUNO ANTUNES;37
14;33530;GEL DENTAL CARMED 70G FINI BEIJOS;PERFUMARIA E LIMPEZA;65460;13/05/2026;117321;60054;12;0;72;6;6;16/05/2026;JESSICA;63
14;228;CERV AMSTEL LAGER LN 355ML;BEBIDAS;65460;13/05/2026;117321;60054;12;0;24;0;0;13/05/2026;LIVRE;45
14;36185;CR PENT ELSEVE COLLAGEN 250ML;PERFUMARIA E LIMPEZA;65460;13/05/2026;117321;60054;12;0;24;2;2;15/05/2026;BRUNO ANTUNES;0
17;11245;GOIABADA STELLA KG;PERECIVEIS;65046;13/05/2026;130421;67440;7;21;21;3;0;26/05/2026;RONALDO;2,463
18;11236;FRALDINHA FRIBOI PORC VACUO RESF KG;PERECIVEIS;65048;13/05/2026;116203;;1;4,794;1;0;0;;;183,002
18;11446;MELANCIA KG;PERECIVEIS;65048;13/05/2026;116203;;1;180010;43;0;0;;;0
18;11284;LARANJA UMBIGO NACIONAL;PERECIVEIS;65048;13/05/2026;116203;;1;144302;3;0;0;;;182,071
18;36708;ORELHA BOVI NATUR C 1 UN PETISCAO;PERECIVEIS;65048;13/05/2026;116203;;12;168;12;0;0;;;0
18;11278;LARANJA CARA CARA POLPA VERMELHA KG;PERECIVEIS;65048;13/05/2026;116203;;1;120;17;0;0;;;0
18;11493;MORANGA CABUTIA INTEIRA;PERECIVEIS;65048;13/05/2026;116203;;1;23236,5;467;0;0;;;27,461
18;10482;ABACAXI UN PEROLA;PERECIVEIS;65048;13/05/2026;116203;;14;10666;448;0;0;;;119
18;10553;AMEIXA KG;PERECIVEIS;65048;13/05/2026;116203;;1;40;1;0;0;;;18,122
18;10703;BERGAMOTA MORGOTE KG;PERECIVEIS;65048;13/05/2026;116203;;1;3406;25;0;0;;;0
18;10685;BATATA DOCE AMERICANA KG;PERECIVEIS;65048;13/05/2026;116203;;1;55;1;0;0;;;-20,149
18;33518;TANGERINA KG IMPORTADA;PERECIVEIS;65048;13/05/2026;116203;;1;40;2;0;0;;;0
18;10862;CEBOLA ROXA KG;PERECIVEIS;65048;13/05/2026;116203;;1;620;82;0;0;;;112,434
18;10890;COCO VERDE UN;PERECIVEIS;65048;13/05/2026;116203;;10;1200;80;0;0;;;0
18;10546;ALHO 100G;PERECIVEIS;65048;13/05/2026;116203;;1;500;31;0;0;;;-50
18;11253;INHAME;PERECIVEIS;65048;13/05/2026;116203;;1;90;7;0;0;;;0
17;20454;MANG DUOCOLOR 10MTS;NAO ALIMENTO;65719;14/05/2026;117541;60974;1;213;1;0;0;;;1
18;22703;RAC DODOG ORIG ALL DAY 5K;PRODUTOS PET;66938;16/05/2026;120471;61721;1;204;13;0;0;16/05/2026;M EDUARDA;30
18;22706;RACAO DODOG PREMIUM POWER MIX 5KG;PRODUTOS PET;66938;16/05/2026;120471;61721;1;22;12;12;0;16/05/2026;M EDUARDA;2
2;2881;MASSA C OVOS PARATI 400G ESPAGUETE;MERCEARIA;67156;18/05/2026;121119;62798;22;20;25;0;0;19/05/2026;PAMELA;33
2;2909;ACHOC LIQ SHOWKINHO 200ML;MERCEARIA;67297;18/05/2026;121387;62327;27;0;810;30;0;;;392
2;2684;FARINHA MILHO SINHA 1KG GROSSA;MERCEARIA;67325;18/05/2026;121427;62327;10;0;50;0;0;18/05/2026;LUIS GUILHERME;103
6;2881;MASSA C OVOS PARATI 400G ESPAGUETE;MERCEARIA;67164;18/05/2026;121123;62797;22;20;25;0;0;19/05/2026;JESSICA;56
16;2973;AMIDO MILHO APTI 200G;MERCEARIA;67580;18/05/2026;122017;;24;1056;48;0;0;;;0
11;20293;LUVA MULLER 1 2 LB LA;NAO ALIMENTO;68606;20/05/2026;126736;65388;1;0;3;18;18;22/05/2026;ELTON;108
1;3512;FERM PO BIOL GOOD INSTANT SH 10G;MERCEARIA;68912;21/05/2026;125046;64506;30;0;60;2;2;21/05/2026;MONIQUE;170
3;2154;CAFE 3C DRIP GOURMET SH 11G DARK ROAST;MERCEARIA;68946;21/05/2026;125136;64589;10;100;20;2;0;;;111
3;1713;PIPOCA DOCE KEVYTOS 50G;MERCEARIA;68975;21/05/2026;125234;64589;10;1289;200;20;0;21/05/2026;GABRIELL2;-84
8;9594;GIRASSOL CBS 250G;PRODUTOS PET;68842;21/05/2026;124798;64985;12;0;12;0;0;23/05/2026;TEIXEIRA;14
8;37893;KIT ELSEVE SH 375ML CD 170ML LISO SONHOS;PERFUMARIA E LIMPEZA;68842;21/05/2026;124798;64985;6;48;6;1;0;25/05/2026;ALEX JARDIM;7
8;2509;ERVA MATE PONCHE VERDE 500G MOIDA GROSSA;MERCEARIA;68842;21/05/2026;124798;64985;20;2879;60;0;0;;;-24
8;3995;ALIM CAO DOG CHOW100G SACHE TOD TAM CORDEIRO ADULT;PRODUTOS PET;68842;21/05/2026;124798;64985;15;18;60;0;0;23/05/2026;TEIXEIRA;91
8;3997;ALIM CAO DOG CHOW100G SACHE TOD TAM FILHO TD CARNE;PRODUTOS PET;68842;21/05/2026;124798;64985;15;0;15;0;0;23/05/2026;TEIXEIRA;0
8;3996;ALIM CAO DOG CHOW100G SACHE TOD TAM FI RA PEQ FRAN;PRODUTOS PET;68842;21/05/2026;124798;64985;15;-45;75;0;0;23/05/2026;TEIXEIRA;77
8;24829;TINTURA BELAECOR 147G 8 0 LOURO CLAR;PERFUMARIA E LIMPEZA;68842;21/05/2026;124798;64985;6;0;6;1;0;25/05/2026;ALEX JARDIM;5
8;22679;RAC 4PATAS GATOS CASTRADOS 1K;PRODUTOS PET;68842;21/05/2026;124798;64985;10;211;10;0;0;23/05/2026;TEIXEIRA;7
8;3998;ALIM CAO DOG CHOW100G SACHE TOD TAM FRANGO ADULTO;PRODUTOS PET;68842;21/05/2026;124798;64985;15;0;15;0;0;23/05/2026;TEIXEIRA;35
8;2826;MASSA C OVOS STA FELICIDADE 500G PENNE;MERCEARIA;68842;21/05/2026;124798;64985;20;0;80;0;0;23/05/2026;TEIXEIRA;331
8;6750;LEITE DE COLONIA 100ML FINAL FANTAS;PERFUMARIA E LIMPEZA;68842;21/05/2026;124798;64985;1;0;3;3;0;25/05/2026;ALEX JARDIM;2
8;5808;ESC DENTAL COLGATE INFUSAO CARV 2UN;PERFUMARIA E LIMPEZA;68842;21/05/2026;124798;64985;12;0;12;1;0;25/05/2026;ALEX JARDIM;11
8;391;ENERG MONSTER LT 473ML KHAOTIC JUICE;BEBIDAS;68842;21/05/2026;124798;64985;6;0;6;0;0;;;18
8;29542;CARVAO VEG CHURRASCO NA BRASA 3KG;NAO ALIMENTO;68985;21/05/2026;125239;64594;1;299;20;20;20;21/05/2026;HENDRYEL ISIDOR;148
8;2826;MASSA C OVOS STA FELICIDADE 500G PENNE;MERCEARIA;69020;21/05/2026;125339;64985;20;0;400;0;0;23/05/2026;TEIXEIRA;331
11;25406;VELA SANDERO C 8 N4 VM/BR;PERFUMARIA E LIMPEZA;68844;21/05/2026;124799;64317;24;24;24;0;0;22/05/2026;SAMUEL;34
11;23371;SALG KRUKS 35G CHURRASCO;MERCEARIA;68844;21/05/2026;124799;64317;10;479;10;1;1;21/05/2026;JESUS;-31
11;1647;WAFER GIRASSOL 60G MORANGO;MERCEARIA;68844;21/05/2026;124799;64317;50;1650;50;1;1;21/05/2026;JESUS;-54
11;1224;BALA GOMA GOMUTCHO 1KG AMERIC SORT;MERCEARIA;68844;21/05/2026;124799;64317;10;0;10;0;0;21/05/2026;JESUS;-7
11;1122;BALA DOCILE GELATINA 80G DENTES VAMPIRO;MERCEARIA;68844;21/05/2026;124799;64317;12;696;12;0;0;21/05/2026;JESUS;20
11;21787;PEDRA POMES STA CLARA R 199;PERFUMARIA E LIMPEZA;68844;21/05/2026;124799;64317;6;0;6;0;0;22/05/2026;BRENDA;0
11;1565;BISC SALG TUCS 100G SALAMINHO;MERCEARIA;68844;21/05/2026;124799;64317;30;30;30;0;0;21/05/2026;JESUS;-14
11;3181;SALG KEVYTOS SHOW 38G BACON;MERCEARIA;68844;21/05/2026;124799;64317;20;2280;60;0;0;21/05/2026;JESUS;1
11;24116;SC LIXO ROL CASAFORT 30L C 50;PERFUMARIA E LIMPEZA;68844;21/05/2026;124799;64317;15;30;15;1;0;22/05/2026;SAMUEL;41
11;1184;BISC COOKIE PIRAQUE 80G BAUNILHA;MERCEARIA;68844;21/05/2026;124799;64317;40;0;40;0;0;21/05/2026;JESUS;19
11;1487;BISC RECH DANIX 130G CHOC SHAKE;MERCEARIA;68844;21/05/2026;124799;64317;60;120;60;1;1;21/05/2026;JESUS;122
11;1154;BISC COOKIE NESTLE 60G NEGRE CHOC BAUN;MERCEARIA;68844;21/05/2026;124799;64317;52;104;52;0;0;21/05/2026;JESUS;37
11;1425;BISC MARIA GERMANI 345G CHOC;MERCEARIA;68844;21/05/2026;124799;64317;20;40;40;0;0;21/05/2026;JESUS;0
11;1439;BISC RECH GLUB 100G DOCE DE LEITE;MERCEARIA;68844;21/05/2026;124799;64317;30;990;60;0;0;21/05/2026;JESUS;6
11;24638;TCO CORP JAYLUC 80G JASMIN;PERFUMARIA E LIMPEZA;68844;21/05/2026;124799;64317;12;72;12;1;1;22/05/2026;BRENDA;8
11;6015;ESPONJA SCOTCH BRITE SALVA UNHAS;PERFUMARIA E LIMPEZA;68844;21/05/2026;124799;64317;60;240;60;60;0;22/05/2026;SAMUEL;60
11;24101;SC LIXO PRO LIXO ROLAO 50L C 50;PERFUMARIA E LIMPEZA;68844;21/05/2026;124799;64317;12;108;12;1;0;22/05/2026;SAMUEL;13
11;13697;BOMBOM ARCOR SORT 146G;MERCEARIA;68844;21/05/2026;124799;64317;30;812;30;0;0;21/05/2026;JESUS;9
11;1469;BISC RECH NESTLE BONO 90G DOCE DE LEITE;MERCEARIA;68844;21/05/2026;124799;64317;66;2376;66;1;1;21/05/2026;JESUS;40
11;1423;BISC MARIA GERMANI 690G;MERCEARIA;68844;21/05/2026;124799;64317;10;158;30;3;3;21/05/2026;JESUS;-77
11;16485;CONF PIETROBON PIT20G;MERCEARIA;68844;21/05/2026;124799;64317;50;150;50;1;1;21/05/2026;JESUS;-1
11;1144;BALA B TOFFEES 53 CACAU TRUFA;MERCEARIA;68844;21/05/2026;124799;64317;30;30;30;0;0;21/05/2026;JESUS;29
11;1689;MARSHMALLOWS FOFS 220G BRUXOLITO PINTA;MERCEARIA;68844;21/05/2026;124799;64317;12;48;24;2;2;21/05/2026;JESUS;21
11;3287;SALG KEVYTOS SHOW 38G PRESUNTO;MERCEARIA;68844;21/05/2026;124799;64317;20;1400;80;0;0;21/05/2026;JESUS;0
11;1013;BATATA PALHA YOKI TRAD 70G;MERCEARIA;68844;21/05/2026;124799;64317;24;24;24;1;1;21/05/2026;JESUS;20
11;1064;BISC DOMELLY POLVILHO 80G TRAD;MERCEARIA;68844;21/05/2026;124799;64317;12;132;12;1;1;21/05/2026;JESUS;28
11;1164;BALA TOFFANO 400G TOFFRUT FRAMB;MERCEARIA;68844;21/05/2026;124799;64317;25;25;25;0;0;21/05/2026;JESUS;-4
11;24320;SH ELSEVE 400ML LOREAL GLYCOLI;PERFUMARIA E LIMPEZA;68844;21/05/2026;124799;64317;12;0;12;0;0;22/05/2026;BRENDA;4
11;20434;MAMAD LOLLY CLEAN 250ML;PERFUMARIA E LIMPEZA;68844;21/05/2026;124799;64317;6;0;6;0;0;22/05/2026;BRENDA;1
11;1656;WAFFER ISABELA 100G CHOC;MERCEARIA;68844;21/05/2026;124799;64317;40;720;40;0;0;21/05/2026;JESUS;99
11;3271;SALG OBBA 100G CHURRASCO;MERCEARIA;68844;21/05/2026;124799;64317;10;520;20;0;0;21/05/2026;JESUS;-8
11;3289;SALG OBBA 100G PRESUNTO;MERCEARIA;68844;21/05/2026;124799;64317;10;60;10;0;0;21/05/2026;JESUS;-10
11;3295;SALG KEVYTOS SHOW 38G QUEIJO;MERCEARIA;68844;21/05/2026;124799;64317;20;1380;80;0;0;21/05/2026;JESUS;-8
11;20849;MINI LIXA FLORENCE BOLSA 601 BT;PERFUMARIA E LIMPEZA;68844;21/05/2026;124799;64317;1;15;1;1;0;22/05/2026;SAMUEL;0
11;13402;BISC DOCE NESTLE CHOCO TRIO 90G LEITE;MERCEARIA;68844;21/05/2026;124799;64317;12;600;12;0;0;21/05/2026;JESUS;46
11;1101;BATATA PALHA BOA TRAD 400G;MERCEARIA;68844;21/05/2026;124799;64317;40;2080;40;0;0;21/05/2026;JESUS;-10
11;1391;BISC NESFIT INTEG 160G LAR CENOURA;MERCEARIA;68844;21/05/2026;124799;64317;48;48;48;0;0;21/05/2026;JESUS;38
11;1877;PIRULITO DORI FACE POP 450G APITO;MERCEARIA;68844;21/05/2026;124799;64317;20;0;20;0;0;21/05/2026;JESUS;0
11;1600;CONF AMEND DORI 70G CHOC;MERCEARIA;68844;21/05/2026;124799;64317;30;90;30;0;0;21/05/2026;JESUS;16
11;17025;CURATIVO COTTONBABY 10UN TRAD;PERFUMARIA E LIMPEZA;68844;21/05/2026;124799;64317;36;0;36;1;1;22/05/2026;BRENDA;12
11;9920;AROMAT CENTRALSUL GEL 60G V8;PERFUMARIA E LIMPEZA;68844;21/05/2026;124799;64317;12;0;12;1;0;22/05/2026;SAMUEL;12
11;18170;ESP 3M SCHOTCH BRITE ECONOMICA;PERFUMARIA E LIMPEZA;68844;21/05/2026;124799;64317;10;510;180;18;0;22/05/2026;SAMUEL;15
11;1466;BISC RECH NESTLE NEGRESCO 90G CHOC;MERCEARIA;68844;21/05/2026;124799;64317;66;5874;66;1;1;21/05/2026;JESUS;68
11;1134;BISC DOCE NESTLE CHOCO TRIO 90G CHOC;MERCEARIA;68844;21/05/2026;124799;64317;12;816;12;0;0;21/05/2026;JESUS;28
11;1504;BISC ISABELA TORTINHAS 140G TRUFA C GELEIA;MERCEARIA;68844;21/05/2026;124799;64317;50;2150;50;0;0;21/05/2026;JESUS;128
11;1621;BISC SORT GERMANI 400G;MERCEARIA;68844;21/05/2026;124799;64317;20;180;20;0;0;21/05/2026;JESUS;21
11;1660;WAFFER ISABELA 100G LIMAO;MERCEARIA;68844;21/05/2026;124799;64317;40;240;120;0;0;21/05/2026;JESUS;31
11;1832;BALA GOMA DORI GOMETS 700G SINO;MERCEARIA;68844;21/05/2026;124799;64317;12;0;12;0;0;21/05/2026;JESUS;0
11;1472;BISC RECH NESTLE BONO 90G MOR;MERCEARIA;68844;21/05/2026;124799;64317;66;3036;66;1;1;21/05/2026;JESUS;43
11;1151;BISC COOKIE PARATI 60G BAUNILHA;MERCEARIA;68844;21/05/2026;124799;64317;24;48;24;1;1;21/05/2026;JESUS;92
11;23398;SALG SNACK DOMELLY POLV 40G TRAD;MERCEARIA;68844;21/05/2026;124799;64317;24;72;24;0;0;21/05/2026;JESUS;3
11;1523;CHOC KI KAKAU 680G BOLIBOL PT;MERCEARIA;68844;21/05/2026;124799;64317;12;36;12;0;0;21/05/2026;JESUS;28
11;1816;BALA GOMA DORI GOMETS 150G MINHOCA ACIDA;MERCEARIA;68844;21/05/2026;124799;64317;36;36;36;0;0;21/05/2026;JESUS;1
11;1245;CHOC BARRA NEUGEBAUER 80G FLOCOS;MERCEARIA;68844;21/05/2026;124799;64317;64;320;64;0;0;21/05/2026;JESUS;35
11;22916;REPARADOR PONTAS JAYLUC 30ML OLEO ARGAN;PERFUMARIA E LIMPEZA;68844;21/05/2026;124799;64317;24;0;24;1;1;22/05/2026;BRENDA;58
11;1558;BISC SALG GERMANI TRICKS 110G TRAD;MERCEARIA;68844;21/05/2026;124799;64317;30;0;30;0;0;21/05/2026;JESUS;15
11;1644;TORRADA BAUDUCCO 142G MULTIGRAOS;MERCEARIA;68844;21/05/2026;124799;64317;36;0;36;0;0;21/05/2026;JESUS;17
11;3212;CHOC GRAN DORI 120G ORIGINAL;MERCEARIA;68844;21/05/2026;124799;64317;30;0;30;0;0;21/05/2026;JESUS;0
11;13401;BISC DOCE NESTLE CHOCO TRIO 90G AVELA;MERCEARIA;68844;21/05/2026;124799;64317;12;132;60;0;0;21/05/2026;JESUS;6
11;18567;FLANELA ALG SUE 48X26;PERFUMARIA E LIMPEZA;68844;21/05/2026;124799;64317;12;0;12;0;0;22/05/2026;SAMUEL;5
11;24389;SILICONE DESTAQUE GEL 250G SPORT;PERFUMARIA E LIMPEZA;68844;21/05/2026;124799;64317;12;23;12;0;0;22/05/2026;SAMUEL;6
11;1120;BISC GERMANI CREAM CRACKER 345G INTEGRAL;MERCEARIA;68844;21/05/2026;124799;64317;20;600;20;0;0;21/05/2026;JESUS;83
11;1464;BISC RECH NESTLE NEGRESCO 90G MOR;MERCEARIA;68844;21/05/2026;124799;64317;66;132;66;1;1;21/05/2026;JESUS;11
11;1130;BISC TRIUNFO CREAM CRACKER 164G;MERCEARIA;68844;21/05/2026;124799;64317;40;1720;40;0;0;21/05/2026;JESUS;29
11;1555;BISC SALG GERMANI TRICKS 110G CHURRASCO;MERCEARIA;68844;21/05/2026;124799;64317;30;30;30;0;0;21/05/2026;JESUS;10
11;1658;WAFFER ISABELA 100G CHOC SUICO;MERCEARIA;68844;21/05/2026;124799;64317;40;3560;80;2;2;21/05/2026;JESUS;76
11;1813;BALA GOMA DORI GOMETS 70G SINO;MERCEARIA;68844;21/05/2026;124799;64317;30;150;30;0;0;21/05/2026;JESUS;-8
11;1697;MARSHMALLOWS FOFS 220G TUBE;MERCEARIA;68844;21/05/2026;124799;64317;12;131;12;0;0;21/05/2026;JESUS;13
11;21137;MOLUSC MADELESMA RES UMED LESMAS 250G;PERFUMARIA E LIMPEZA;68844;21/05/2026;124799;64317;4;0;4;0;0;22/05/2026;BRENDA;6
11;22914;REPARADOR PONTAS JAYLUC 30ML BLIND QUERAT;PERFUMARIA E LIMPEZA;68844;21/05/2026;124799;64317;24;0;24;1;1;22/05/2026;BRENDA;42
11;24825;TINTURA BELAECOR 147G 6 7 CHOC;PERFUMARIA E LIMPEZA;68844;21/05/2026;124799;64317;6;0;6;0;0;22/05/2026;BRENDA;15
12;2154;CAFE 3C DRIP GOURMET SH 11G DARK ROAST;MERCEARIA;68960;21/05/2026;125143;64596;10;100;20;2;0;;;209
12;15144;CAFE 3C DRIP TRAD SH 10G;MERCEARIA;68960;21/05/2026;125143;64596;12;168;60;5;0;;;64
13;10291;SH POMPOM 200ML CAMOMILA;PERFUMARIA E LIMPEZA;68848;21/05/2026;124801;64320;12;0;12;1;0;;;4
13;13522;BLO SANITARIO HIGISOL LAVANDA;PERFUMARIA E LIMPEZA;68848;21/05/2026;124801;64320;12;0;12;1;0;;;0
13;6659;LAQUE AERO KARINA 250ML EXTRA FORTE;PERFUMARIA E LIMPEZA;68848;21/05/2026;124801;64320;1;4;1;1;0;;;7
13;8216;SH ELSEVE 200ML PURE HIALURONIC;PERFUMARIA E LIMPEZA;68848;21/05/2026;124801;64320;12;0;12;1;0;;;3
13;33220;DESOD CR DOVE 50ML PREV IRRITACAO;PERFUMARIA E LIMPEZA;68848;21/05/2026;124801;64320;12;96;12;1;0;;;12
13;4945;COND DOVE 250ML BOND INTENSE;PERFUMARIA E LIMPEZA;68848;21/05/2026;124801;64320;12;0;12;1;0;;;12
13;24103;SC LIXO PRO LIXO ROLINHO 15L C 20;PERFUMARIA E LIMPEZA;68848;21/05/2026;124801;64320;25;0;25;0;0;22/05/2026;M EDUARDA;-1
13;12289;AGUA SANIT IMPERIAL 1L;PERFUMARIA E LIMPEZA;68848;21/05/2026;124801;64320;12;96;12;1;0;23/05/2026;MIKAEL;-6
13;6750;LEITE DE COLONIA 100ML FINAL FANTAS;PERFUMARIA E LIMPEZA;68848;21/05/2026;124801;64320;1;0;2;2;0;;;57
13;17281;DESOD ROLLON AMAZONIA 55ML POWER MEN;PERFUMARIA E LIMPEZA;68848;21/05/2026;124801;64320;24;0;24;1;0;;;20
13;21687;PAPEL HIG MILI PERFUM FLA DPL 30M 12UN;PERFUMARIA E LIMPEZA;68848;21/05/2026;124801;64320;8;0;16;0;0;21/05/2026;ELIAS;0
13;7769;SAB LIQ PAMPERS 200ML GLICERINA;PERFUMARIA E LIMPEZA;68848;21/05/2026;124801;64320;6;0;6;1;0;;;0
13;35127;TOALHA UMED BEBE LIMPINHO C45;PERFUMARIA E LIMPEZA;68848;21/05/2026;124801;64320;24;288;24;1;0;;;25
13;10148;SAB FARNESE 180G PITAYA FRAMB;PERFUMARIA E LIMPEZA;68848;21/05/2026;124801;64320;36;1008;36;1;0;;;64
13;3516;FERM PO BIOL GOOD INSTANT SH 125G;MERCEARIA;68932;21/05/2026;125056;64516;12;0;24;2;2;21/05/2026;MONIQUE;-33
14;328;BEB ADES TP 200ML PESSEGO;BEBIDAS;68850;21/05/2026;124802;64313;6;0;6;0;0;22/05/2026;TEIXEIRA;18
14;20613;MAS ESPAGUETINI ISABELA SEMOLA 500G;MERCEARIA;68850;21/05/2026;124802;64313;20;120;20;1;0;22/05/2026;TEIXEIRA;4
14;3049;ACUCAR MAGRO LIGHT C STEVIA 400G;MERCEARIA;68850;21/05/2026;124802;64313;20;0;20;0;0;22/05/2026;WEROUS;5
14;20371;MAC INST YAKISSOBA UFO 97G GAL CAIP;MERCEARIA;68850;21/05/2026;124802;64313;12;36;12;0;0;22/05/2026;TEIXEIRA;48
14;20348;MAC INST NISSIN 85G GAL CAIP PICANT;MERCEARIA;68850;21/05/2026;124802;64313;50;100;100;0;0;22/05/2026;TEIXEIRA;0
14;20363;MAC INST NISSIN C 6 L P GAL CAIP;MERCEARIA;68850;21/05/2026;124802;64313;12;156;12;0;0;22/05/2026;TEIXEIRA;75
14;663;SUCO KAPO TP 200ML MORANGO;BEBIDAS;68850;21/05/2026;124802;64313;12;1920;12;0;0;22/05/2026;TEIXEIRA;58
14;886;REFRIG ANTARCTICA GUAR LT 350ML ZR;BEBIDAS;68850;21/05/2026;124802;64313;12;1308;72;6;6;22/05/2026;TEIXEIRA;12
14;664;SUCO KAPO TP 200ML UVA;BEBIDAS;68850;21/05/2026;124802;64313;12;228;12;1;1;22/05/2026;TEIXEIRA;158
14;183;REFRE PO GLUP 15G LARANJA;BEBIDAS;68850;21/05/2026;124802;64313;60;38940;60;1;1;22/05/2026;TEIXEIRA;286
14;4045;ALIM GATO FRISKIES 85G CARNE AO MOLHO;PRODUTOS PET;68850;21/05/2026;124802;64313;15;0;15;0;0;22/05/2026;TEIXEIRA;115
14;20370;MAC INST UFO 96G CURRY;MERCEARIA;68850;21/05/2026;124802;64313;12;0;12;1;1;22/05/2026;TEIXEIRA;37
14;21433;OVO CHOC ARCOR TORTUG 45G CONF;MERCEARIA;68850;21/05/2026;124802;64313;1;0;10;0;0;22/05/2026;CAROLINA;2
14;2732;MACARRAO CUP NOODLES 72G TERIYAKI;MERCEARIA;68850;21/05/2026;124802;64313;24;0;24;1;1;22/05/2026;TEIXEIRA;25
14;661;SUCO KAPO TP 200ML LARANJA;BEBIDAS;68850;21/05/2026;124802;64313;12;5364;24;0;0;22/05/2026;TEIXEIRA;213
14;361;CERV PATAGONIA WEISSE LT 473ML;BEBIDAS;68850;21/05/2026;124802;64313;6;18;6;1;1;22/05/2026;TEIXEIRA;12
14;34951;SUCO KAPO TP 200ML MELANCIA;BEBIDAS;68850;21/05/2026;124802;64313;12;642;12;0;0;22/05/2026;TEIXEIRA;26
14;3978;ALIM CAO ALPO 1KG FI CAR FG CER VEG LEITE;PRODUTOS PET;68850;21/05/2026;124802;64313;10;50;10;0;0;22/05/2026;TEIXEIRA;12
14;2734;MACARRAO CUP NOODLES 70G CURRY;MERCEARIA;68850;21/05/2026;124802;64313;24;24;24;1;1;22/05/2026;TEIXEIRA;22
14;20372;MAC INST YAKISSOBA UFO 97G LEGUMES;MERCEARIA;68850;21/05/2026;124802;64313;12;10;12;1;1;22/05/2026;TEIXEIRA;12
14;35710;MACARRAO INST NISSIN 85G LOMBO SUINO;MERCEARIA;68850;21/05/2026;124802;64313;50;0;50;1;1;22/05/2026;TEIXEIRA;3
14;3455;SOPAO MAGGI 150G GALINHA LEGUMES;MERCEARIA;68850;21/05/2026;124802;64313;24;0;24;1;1;22/05/2026;TEIXEIRA;-18
14;766;REFRIG FANTA PET 200ML LARANJA;BEBIDAS;68850;21/05/2026;124802;64313;12;876;12;0;0;22/05/2026;TEIXEIRA;45
14;386;ENERG MONSTER LT 473ML ABSOLUT ZERO;BEBIDAS;68850;21/05/2026;124802;64313;6;66;6;0;0;22/05/2026;TEIXEIRA;12
14;617;VODKA INTENCION LT 473ML;BEBIDAS;68850;21/05/2026;124802;64313;6;0;6;0;0;22/05/2026;TEIXEIRA;1
14;7933;SABONETE NIVEA 85G ERVA DOCE OLEOS;PERFUMARIA E LIMPEZA;69533;22/05/2026;126490;65838;96;1440;96;0;0;25/05/2026;IGOR;13
14;21554;PANO PANOSUL MEDIO C BAR 45X65 R24;PERFUMARIA E LIMPEZA;69533;22/05/2026;126490;65838;1;16;2;0;0;23/05/2026;SAMUEL;4
14;5842;ESC DENTAL ORAL B COMPL LV2 PG1;PERFUMARIA E LIMPEZA;69533;22/05/2026;126490;65838;1;239;1;0;0;26/05/2026;MONIQUE;17
14;36868;HID LABIAL CARMED MELANCIA 10G;PERFUMARIA E LIMPEZA;69533;22/05/2026;126490;65838;1;18;4;4;4;26/05/2026;MONIQUE;3
14;49;AGUA MIN FLORESTA PET 500ML S GAS;BEBIDAS;69533;22/05/2026;126490;65838;12;84408;1692;0;0;25/05/2026;MARTINS;1622
14;7490;POMADA NUGGET 36G PRETA;PERFUMARIA E LIMPEZA;69533;22/05/2026;126490;65838;12;0;12;0;0;26/05/2026;MONIQUE;23
14;7232;OLEO KING 100ML MULTIUSO;PERFUMARIA E LIMPEZA;69533;22/05/2026;126490;65838;6;78;30;0;0;26/05/2026;MONIQUE;0
14;21261;NAFTALINA GOTA LIMPA 50G;PERFUMARIA E LIMPEZA;70394;23/05/2026;127889;65991;48;0;48;0;0;26/05/2026;IGOR;151
14;21693;PAPEL HIG NATUPEL PREM FS 60M C 4;PERFUMARIA E LIMPEZA;70394;23/05/2026;127889;65991;16;0;16;0;0;23/05/2026;SAMUEL;2
14;38201;MINI MAM LOLLY CLEAN 50ML F;PERFUMARIA E LIMPEZA;70394;23/05/2026;127889;65991;6;12;6;0;0;26/05/2026;JESUS;6
14;36194;SH ELSEVE COLLAGEN LIFTER 400ML;PERFUMARIA E LIMPEZA;70394;23/05/2026;127889;65991;12;48;24;2;2;26/05/2026;JESUS;0
14;5557;DESOD AERO NIVEA 150ML CARVAO ATIV ORIGINAL;PERFUMARIA E LIMPEZA;70394;23/05/2026;127889;65991;12;72;24;0;0;26/05/2026;JESUS;5
14;23217;SAL REFINADO EX GARCA 1K;MERCEARIA;70394;23/05/2026;127889;65991;10;1994;10;0;0;27/05/2026;RUBIM;19
14;3628;SAL GROSSO CBS 1KG;MERCEARIA;70394;23/05/2026;127889;65991;15;60;15;0;0;27/05/2026;RUBIM;-8
14;9754;HID LEITE PAIXAO 200ML FRAMB NEGRA;PERFUMARIA E LIMPEZA;70394;23/05/2026;127889;65991;1;13;1;1;1;26/05/2026;JESUS;5
14;24846;TINTURA FLEURY COLOR 120G 2 0 PTO;PERFUMARIA E LIMPEZA;70394;23/05/2026;127889;65991;1;0;2;2;2;26/05/2026;JESUS;16
17;20454;MANG DUOCOLOR 10MTS;NAO ALIMENTO;70428;23/05/2026;127906;67421;1;213;1;0;0;;;1
13;2509;ERVA MATE PONCHE VERDE 500G MOIDA GROSSA;MERCEARIA;70958;25/05/2026;128808;67279;20;2879;20;0;0;;;7
13;12531;AP GILLETTE PROBAK C 2;PERFUMARIA E LIMPEZA;70958;25/05/2026;128808;67279;14;0;42;0;0;27/05/2026;CAROLINA;41
13;34564;CREME JOAO E MARIA 40G P ASSADURA;PERFUMARIA E LIMPEZA;70958;25/05/2026;128808;67279;1;2;1;0;0;27/05/2026;CAROLINA;7
13;2510;ERVA MATE PONCHE VERDE 500G TRAD;MERCEARIA;70958;25/05/2026;128808;67279;20;680;20;0;0;;;-1
13;8858;AP PROBAK II 2UN;PERFUMARIA E LIMPEZA;70958;25/05/2026;128808;67279;14;3934;14;1;1;27/05/2026;CAROLINA;8
14;3680;LEITE COND TRIANGULO TP 395G;MERCEARIA;70960;25/05/2026;128809;67097;27;108;27;0;0;;;8
14;20810;MILHO PIPOCA ARBAZA PREMIUM 400G;MERCEARIA;70960;25/05/2026;128809;67097;12;16101;12;0;0;26/05/2026;WILLIAN;409
14;8228;SH HEAD SHOULDERS 200ML LIMPEZA EFICAZ;PERFUMARIA E LIMPEZA;70960;25/05/2026;128809;67097;6;0;6;1;1;27/05/2026;CAROLINA;2
14;35563;ESC DENT ORAL B COLORS COLECTION C4;PERFUMARIA E LIMPEZA;70960;25/05/2026;128809;67097;6;92;6;1;1;27/05/2026;CAROLINA;2
14;12531;AP GILLETTE PROBAK C 2;PERFUMARIA E LIMPEZA;70960;25/05/2026;128809;67097;14;0;28;0;0;27/05/2026;CAROLINA;14
14;24639;TCO CORP JAYLUC 80G ROSAS;PERFUMARIA E LIMPEZA;70960;25/05/2026;128809;67097;12;12;12;1;1;27/05/2026;CAROLINA;5
14;5842;ESC DENTAL ORAL B COMPL LV2 PG1;PERFUMARIA E LIMPEZA;70960;25/05/2026;128809;67097;1;239;1;0;0;27/05/2026;CAROLINA;17
14;2509;ERVA MATE PONCHE VERDE 500G MOIDA GROSSA;MERCEARIA;70960;25/05/2026;128809;67097;20;2879;60;0;0;;;-148
14;2510;ERVA MATE PONCHE VERDE 500G TRAD;MERCEARIA;70960;25/05/2026;128809;67097;20;680;20;0;0;;;120
14;33529;HID LABIAL CARMED 10G BRIGADEIRO;PERFUMARIA E LIMPEZA;70960;25/05/2026;128809;67097;1;47;1;1;1;27/05/2026;CAROLINA;9
14;36868;HID LABIAL CARMED MELANCIA 10G;PERFUMARIA E LIMPEZA;70960;25/05/2026;128809;67097;1;18;1;0;0;27/05/2026;CAROLINA;3
7;25463;VODKA SPRITE ABSOLUT LT 269ML;BEBIDAS;72012;26/05/2026;130811;67721;6;0;6;1;0;26/05/2026;GABRIELL2;0
7;570;REPOS POWERADE 500ML MIX;BEBIDAS;72012;26/05/2026;130811;67721;6;4;60;0;0;26/05/2026;LIVRE;63
7;59;AGUA GASEIFICADA CRYSTAL PET 510ML FRUTAS VERMELHA;BEBIDAS;72012;26/05/2026;130811;67721;6;6;18;3;0;26/05/2026;GABRIELL2;32
7;22951;RODO BORBOLETA 40CM C CABO;PERFUMARIA E LIMPEZA;72126;26/05/2026;131801;68330;12;36;12;1;0;23/06/2026;MAYNARA;-2
7;17828;ESC LIMPAMANIA M USO CLIP;PERFUMARIA E LIMPEZA;72126;26/05/2026;131801;68330;12;155;24;24;0;23/06/2026;MAYNARA;-4
8;570;REPOS POWERADE 500ML MIX;BEBIDAS;72014;26/05/2026;130812;67722;6;4;60;10;0;26/05/2026;GABRIELL2;96
8;22951;RODO BORBOLETA 40CM C CABO;PERFUMARIA E LIMPEZA;72128;26/05/2026;131802;68331;12;36;12;1;0;23/06/2026;MAYNARA;12
8;17828;ESC LIMPAMANIA M USO CLIP;PERFUMARIA E LIMPEZA;72128;26/05/2026;131802;68331;12;155;24;24;0;23/06/2026;MAYNARA;12
11;36297;CANETA ESF TRIGLOW LYKE C 10 CORES;NAO ALIMENTO;71704;26/05/2026;;;10;80;50;0;0;;;-21
11;25114;VAS TROPICAL M USO;PERFUMARIA E LIMPEZA;72130;26/05/2026;131803;68332;12;0;12;0;0;23/06/2026;MAYNARA;28
11;17828;ESC LIMPAMANIA M USO CLIP;PERFUMARIA E LIMPEZA;72130;26/05/2026;131803;68332;12;155;24;24;0;23/06/2026;MAYNARA;9
11;22951;RODO BORBOLETA 40CM C CABO;PERFUMARIA E LIMPEZA;72130;26/05/2026;131803;68332;12;36;12;1;0;23/06/2026;MAYNARA;11
12;22951;RODO BORBOLETA 40CM C CABO;PERFUMARIA E LIMPEZA;72132;26/05/2026;131804;68333;12;36;12;1;0;23/06/2026;MAYNARA;7
12;17828;ESC LIMPAMANIA M USO CLIP;PERFUMARIA E LIMPEZA;72132;26/05/2026;131804;68333;12;155;36;36;0;23/06/2026;MAYNARA;0
14;35020;DUCHA GORDUCHA ZAFONEL 4T 220V;NAO ALIMENTO;71710;26/05/2026;;;1;0;11;0;0;;;-7
14;17828;ESC LIMPAMANIA M USO CLIP;PERFUMARIA E LIMPEZA;72136;26/05/2026;131806;68335;12;155;24;24;0;23/06/2026;MAYNARA;-30
14;22951;RODO BORBOLETA 40CM C CABO;PERFUMARIA E LIMPEZA;72136;26/05/2026;131806;68335;12;36;24;2;0;23/06/2026;MAYNARA;-14
14;25114;VAS TROPICAL M USO;PERFUMARIA E LIMPEZA;72136;26/05/2026;131806;68335;12;0;12;0;0;23/06/2026;MAYNARA;14
3;7283;PANO TOALEX MULTIUSO 50UN;PERFUMARIA E LIMPEZA;72506;27/05/2026;131906;69491;12;12;36;3;0;01/06/2026;RONAS;24
6;1021;TEMP EXTREMO SABOR 1 01K S PIMENTA;MERCEARIA;72324;27/05/2026;132224;68571;6;0;6;1;0;27/05/2026;LUIS GUILHERME;1
7;36297;CANETA ESF TRIGLOW LYKE C 10 CORES;NAO ALIMENTO;72360;27/05/2026;131801;68330;10;80;10;1;0;23/06/2026;MAYNARA;0
7;16394;COLA BCA MAXI FRAMA 40G;NAO ALIMENTO;72360;27/05/2026;131801;68330;6;18;6;6;0;23/06/2026;MAYNARA;3
7;17476;DUCHA ENERDUCHA UP4 6800W 220V BCO;NAO ALIMENTO;72360;27/05/2026;131801;68330;1;0;1;0;0;23/06/2026;MAYNARA;-4
7;35020;DUCHA GORDUCHA ZAFONEL 4T 220V;NAO ALIMENTO;72360;27/05/2026;131801;68330;1;0;1;0;0;23/06/2026;MAYNARA;0
8;16394;COLA BCA MAXI FRAMA 40G;NAO ALIMENTO;72362;27/05/2026;131802;68331;6;18;6;6;0;23/06/2026;MAYNARA;194
8;35020;DUCHA GORDUCHA ZAFONEL 4T 220V;NAO ALIMENTO;72362;27/05/2026;131802;68331;1;0;1;0;0;23/06/2026;MAYNARA;-3
8;17476;DUCHA ENERDUCHA UP4 6800W 220V BCO;NAO ALIMENTO;72362;27/05/2026;131802;68331;1;0;1;0;0;23/06/2026;MAYNARA;-7
11;17549;EMB PRATICA GABOARDI 3KG;NAO ALIMENTO;72364;27/05/2026;131803;68332;25;300;25;1;0;23/06/2026;MAYNARA;0
11;35020;DUCHA GORDUCHA ZAFONEL 4T 220V;NAO ALIMENTO;72364;27/05/2026;131803;68332;1;0;2;0;0;23/06/2026;MAYNARA;4
11;17476;DUCHA ENERDUCHA UP4 6800W 220V BCO;NAO ALIMENTO;72364;27/05/2026;131803;68332;1;0;2;0;0;23/06/2026;MAYNARA;-1
12;24138;SC PANOSUL ALVEJADO 48X63CM R 14;PERFUMARIA E LIMPEZA;72332;27/05/2026;131804;68333;1;0;2;0;0;23/06/2026;MAYNARA;80
12;24101;SC LIXO PRO LIXO ROLAO 50L C 50;PERFUMARIA E LIMPEZA;72332;27/05/2026;131804;68333;12;108;12;1;0;23/06/2026;MAYNARA;3
12;35020;DUCHA GORDUCHA ZAFONEL 4T 220V;NAO ALIMENTO;72366;27/05/2026;131804;68333;1;0;3;0;0;23/06/2026;MAYNARA;0
12;17476;DUCHA ENERDUCHA UP4 6800W 220V BCO;NAO ALIMENTO;72366;27/05/2026;131804;68333;1;0;1;0;0;23/06/2026;MAYNARA;16
14;24101;SC LIXO PRO LIXO ROLAO 50L C 50;PERFUMARIA E LIMPEZA;72336;27/05/2026;131806;68335;12;108;12;1;0;23/06/2026;MAYNARA;18
14;24138;SC PANOSUL ALVEJADO 48X63CM R 14;PERFUMARIA E LIMPEZA;72336;27/05/2026;131806;68335;1;0;4;0;0;23/06/2026;MAYNARA;2
14;16394;COLA BCA MAXI FRAMA 40G;NAO ALIMENTO;72370;27/05/2026;131806;68335;6;18;48;48;0;23/06/2026;MAYNARA;140
14;17476;DUCHA ENERDUCHA UP4 6800W 220V BCO;NAO ALIMENTO;72370;27/05/2026;131806;68335;1;0;1;0;0;23/06/2026;MAYNARA;18
14;35020;DUCHA GORDUCHA ZAFONEL 4T 220V;NAO ALIMENTO;72370;27/05/2026;131806;68335;1;0;4;0;0;23/06/2026;MAYNARA;-7
14;9550;FRALDA MILI JUMBINHO XXG 16UN;PERFUMARIA E LIMPEZA;72836;27/05/2026;132778;68782;9;37;18;2;0;27/05/2026;GABRIELL2;27
14;9548;FRALDA MILI JUMBINHO P 24UN;PERFUMARIA E LIMPEZA;72836;27/05/2026;132778;68782;9;18;9;0;0;27/05/2026;MONIQUE;9
14;9547;FRALDA MILI JUMBINHO M 22UN;PERFUMARIA E LIMPEZA;72836;27/05/2026;132778;68782;9;0;9;1;0;27/05/2026;GABRIELL2;27
17;7283;PANO TOALEX MULTIUSO 50UN;PERFUMARIA E LIMPEZA;72526;27/05/2026;131916;69501;12;12;24;2;0;01/06/2026;RONAS;2
1;852;REFRIG FANTA LARANJA PET 600ML;BEBIDAS;73029;28/05/2026;133326;69098;6;382;30;5;0;28/05/2026;MIKAEL;25
2;29708;CHOC BARRA LACTA LAKA 28G;MERCEARIA;72920;28/05/2026;133099;68919;12;0;12;0;0;28/05/2026;JESUS;35
2;37860;CHOC BARRA GAROTO RECH BATON 90G;MERCEARIA;72920;28/05/2026;133099;68919;14;56;28;2;2;28/05/2026;JESUS;78
2;1894;DROPS FREEGELLS 27 6G CEREJA CHOC;MERCEARIA;72920;28/05/2026;133099;68919;12;672;36;0;0;28/05/2026;JESUS;8
2;3420;CALDO KNOR 57G LEGUMES;MERCEARIA;72920;28/05/2026;133099;68919;10;0;10;0;0;28/05/2026;JESUS;0
2;3431;SOPA GALINHA MAGGI 60G FIDELINI;MERCEARIA;72920;28/05/2026;133099;68919;10;19;10;0;0;28/05/2026;JESUS;24
2;1842;DROPS FREEGELLS 27 9G MORANGO;MERCEARIA;72920;28/05/2026;133099;68919;12;0;12;0;0;28/05/2026;JESUS;13
2;647;WHISKY GREEN VALLEY VD 1L;BEBIDAS;72920;28/05/2026;133099;68919;1;0;1;0;0;28/05/2026;JESUS;1
2;1426;CHOC BIS XTRA BLACK CHOCOLATE 45G;MERCEARIA;72920;28/05/2026;133099;68919;24;0;48;0;0;28/05/2026;JESUS;21
2;1986;CAPPUCCINO PRONTO 3C 260ML BALANCE;MERCEARIA;72920;28/05/2026;133099;68919;6;0;6;0;0;28/05/2026;JESUS;9
2;1282;CHOC BARRA LACTA AO LEITE 80G;MERCEARIA;72920;28/05/2026;133099;68919;17;0;34;0;0;28/05/2026;JESUS;20
2;640;WHISKY BLEND SEVEN 1L;BEBIDAS;72920;28/05/2026;133099;68919;1;62;12;7;7;28/05/2026;JESUS;6
2;1314;CHOC LACTA 145G LAKA;MERCEARIA;72920;28/05/2026;133099;68919;12;0;12;0;0;28/05/2026;JESUS;7
2;1847;DROPS FREEGELLS 27 9G VIT C CITRUS;MERCEARIA;72920;28/05/2026;133099;68919;12;396;12;0;0;28/05/2026;JESUS;-12
2;1494;CHOC LOLLO NESTLE FLOWPACK 114G;MERCEARIA;72920;28/05/2026;133099;68919;30;0;30;0;0;28/05/2026;JESUS;17
2;1852;DROPS FREEGELLS 27 9G MENTA;MERCEARIA;72920;28/05/2026;133099;68919;12;672;12;0;0;28/05/2026;JESUS;9
2;1890;PASTILHA TIC TAC 14 5G LARANJA;MERCEARIA;72920;28/05/2026;133099;68919;14;0;14;0;0;28/05/2026;JESUS;19
2;1839;PAST DOCILE ROLLY MINTY 29G MORANGO;MERCEARIA;72920;28/05/2026;133099;68919;12;0;12;1;1;28/05/2026;JESUS;14
2;5691;DETERG YPE 500 ML CLEAR;PERFUMARIA E LIMPEZA;73023;28/05/2026;133354;69685;24;216;72;0;0;29/05/2026;RONALDO;0
3;9754;HID LEITE PAIXAO 200ML FRAMB NEGRA;PERFUMARIA E LIMPEZA;72922;28/05/2026;133100;68921;1;13;2;2;0;28/05/2026;PAMELA;2
3;22697;RAC CBS GATO PEIXE CAR 500G;PRODUTOS PET;72922;28/05/2026;133100;68921;10;152;10;0;0;28/05/2026;WEROUS;23
3;5276;CR DENTAL TANDY 50G TUTTI FRUTI;PERFUMARIA E LIMPEZA;72922;28/05/2026;133100;68921;12;0;12;1;0;28/05/2026;PAMELA;52
3;4568;CARGA MACH 3 LV4 PG3 SENSITIVE;PERFUMARIA E LIMPEZA;72922;28/05/2026;133100;68921;72;0;72;72;0;28/05/2026;PAMELA;19
3;16903;CR NIVEA LT 56G;PERFUMARIA E LIMPEZA;72922;28/05/2026;133100;68921;1;1;1;1;0;28/05/2026;PAMELA;-2
3;9996;PETISCO FRISKIES 40G FRANGO;PRODUTOS PET;72922;28/05/2026;133100;68921;15;0;15;0;0;28/05/2026;WEROUS;0
3;21693;PAPEL HIG NATUPEL PREM FS 60M C 4;PERFUMARIA E LIMPEZA;72922;28/05/2026;133100;68921;16;0;16;0;0;28/05/2026;ELIAS;100
3;5277;CR DENTAL TANDY 50G UVA;PERFUMARIA E LIMPEZA;72922;28/05/2026;133100;68921;12;0;12;1;0;28/05/2026;PAMELA;44
3;12531;AP GILLETTE PROBAK C 2;PERFUMARIA E LIMPEZA;72922;28/05/2026;133100;68921;14;0;42;0;0;28/05/2026;PAMELA;129
3;5842;ESC DENTAL ORAL B COMPL LV2 PG1;PERFUMARIA E LIMPEZA;72922;28/05/2026;133100;68921;1;239;4;4;0;28/05/2026;PAMELA;17
3;4258;AP PROBAK II LV7 PG5;PERFUMARIA E LIMPEZA;72922;28/05/2026;133100;68921;1;277;1;1;0;28/05/2026;PAMELA;106
3;2361;FEIJAO VERMELHO ARBAZA 500G;MERCEARIA;73207;28/05/2026;134059;69534;12;1185;60;5;0;28/05/2026;ALESSANDRO;96
4;9756;LEITE TIROL INTEGRAL ZR LACTOSE 1L;PERECIVEIS;72896;28/05/2026;;;12;72;12;0;0;;;-19
8;5226;CR DENT COLGATE T ACAO 90G ORIG;PERFUMARIA E LIMPEZA;72930;28/05/2026;133104;69090;144;1152;144;1;0;28/05/2026;IGOR;350
8;20810;MILHO PIPOCA ARBAZA PREMIUM 400G;MERCEARIA;72930;28/05/2026;133104;69090;12;16101;12;0;0;29/05/2026;ALEXSANDRO;292
8;7950;SABON PALMOLIVE NATURALS 150G TURMALINA;PERFUMARIA E LIMPEZA;72930;28/05/2026;133104;69090;72;0;144;2;0;28/05/2026;IGOR;1
8;24323;SH GENIAL PET 2 EM 1 500ML;PRODUTOS PET;72930;28/05/2026;133104;69090;1;0;1;0;0;28/05/2026;MONIQUE;5
8;21693;PAPEL HIG NATUPEL PREM FS 60M C 4;PERFUMARIA E LIMPEZA;72930;28/05/2026;133104;69090;16;0;48;0;0;29/05/2026;WILLIAN MATEUS;0
8;3399;CALDO APTI 57G BACON;MERCEARIA;72930;28/05/2026;133104;69090;10;540;10;0;0;28/05/2026;FERNANDO PAZ;4
8;1446;BISC DOCE NESTLE CHOCO TRIO 90G AMEND;MERCEARIA;72930;28/05/2026;133104;69090;12;672;12;0;0;28/05/2026;FERNANDO PAZ;45
11;13708;BOMBOM LACTA SONHO VALSA 20G;MERCEARIA;73219;28/05/2026;134065;69540;50;9300;250;0;0;28/05/2026;FERNANDO PAZ;1357
11;1498;CHOC KINDER JOY T1 20G;MERCEARIA;73219;28/05/2026;134065;69540;48;20;48;0;0;28/05/2026;FERNANDO PAZ;106
11;38196;FARINHA TAPIOC ROCHA PAO QUEIJ 400G;MERCEARIA;73219;28/05/2026;134065;69540;20;540;40;2;0;;;70
11;37047;FAROFA ROCHA CASEIRA 300GBACON;MERCEARIA;73219;28/05/2026;134065;69540;10;100;20;2;0;;;42
11;37075;FARINHA TAPIOCA DINDA 400G TRAD;MERCEARIA;73219;28/05/2026;134065;69540;20;479;60;3;0;;;0
11;1686;CONFEITO MMS TUBO 38G CHOC AO LEITE;MERCEARIA;73219;28/05/2026;134065;69540;12;0;12;1;1;28/05/2026;FERNANDO PAZ;-6
11;35236;BOMBOM LACTA OREO 20G;MERCEARIA;73219;28/05/2026;134065;69540;27;2538;81;0;0;28/05/2026;FERNANDO PAZ;-26
11;1838;PAST DOCILE ROLLY MINTY 29G HORTELA;MERCEARIA;73219;28/05/2026;134065;69540;12;360;36;3;3;28/05/2026;FERNANDO PAZ;-26
11;1856;PAST DOCILE MINTY 14G LAR;MERCEARIA;73219;28/05/2026;134065;69540;12;803;36;3;3;28/05/2026;FERNANDO PAZ;41
11;3564;BEB 3 CORACOES POWER WHEY 250ML DOCE LEITE;MERCEARIA;73219;28/05/2026;134065;69540;12;420;24;2;0;;;36
11;6615;KIT SH SEDA SH 300 COND 190ML CERAMIDAS;PERFUMARIA E LIMPEZA;73304;28/05/2026;134160;69582;15;1185;150;10;0;;;96
12;36262;KIT SH CD SEDA 300ML 190ML TOQUE DE SEDA;PERFUMARIA E LIMPEZA;73306;28/05/2026;134162;69583;15;390;75;5;0;29/05/2026;MONIQUE;22
14;24138;SC PANOSUL ALVEJADO 48X63CM R 14;PERFUMARIA E LIMPEZA;72938;28/05/2026;133108;68920;1;0;2;0;0;28/05/2026;ELTON;2
14;3399;CALDO APTI 57G BACON;MERCEARIA;72938;28/05/2026;133108;68920;10;540;10;0;0;28/05/2026;JESSICA;185
14;7947;SABON PALMOLIVE NATURALS 150G MELANCIA LICHIA;PERFUMARIA E LIMPEZA;72938;28/05/2026;133108;68920;72;288;72;1;1;28/05/2026;IGOR;59
14;20810;MILHO PIPOCA ARBAZA PREMIUM 400G;MERCEARIA;72938;28/05/2026;133108;68920;12;16101;12;1;0;29/05/2026;KELLER;409
14;18987;GEL JAY LUC BR MOLHADO 240G N3 INC;PERFUMARIA E LIMPEZA;72938;28/05/2026;133108;68920;24;0;24;1;1;28/05/2026;IGOR;2
14;2799;FAROFA MANDIOCA YOKI 400G TRADICIONAL;MERCEARIA;73130;28/05/2026;134209;69593;24;1176;120;5;0;28/05/2026;ALESSANDRO;96
18;6798;LEITE SANTA CLARA 1L SENIOR 50;PERECIVEIS;72916;28/05/2026;133097;69097;12;0;24;2;0;29/05/2026;MURILO;109
18;9756;LEITE TIROL INTEGRAL ZR LACTOSE 1L;PERECIVEIS;72916;28/05/2026;133097;69097;12;72;12;1;0;29/05/2026;MURILO;242
18;784;REFRIG ANTARCTICA GUARANA PET 2L;BEBIDAS;72942;28/05/2026;133110;69097;8;59;24;3;0;29/05/2026;MURILO;64
18;2920;ACHOC LIQ TODDYNHO 200ML;MERCEARIA;72942;28/05/2026;133110;69097;27;162;27;1;0;29/05/2026;MURILO;59
18;963;OLEO LIZA CANOLA 900ML;MERCEARIA;72942;28/05/2026;133110;69097;20;0;20;1;0;29/05/2026;MURILO;1
18;3679;LEITE COND ITALAC TP 395G SEMIDESNATADO;MERCEARIA;72942;28/05/2026;133110;69097;27;0;27;0;0;29/05/2026;MURILO;133
18;37863;CREME LEITE TP DAUS 200G;MERCEARIA;72942;28/05/2026;133110;69097;27;216;108;4;0;29/05/2026;MURILO;-22
18;12237;ACUCAR REFINADO GASPARIN 1KG;MERCEARIA;72942;28/05/2026;133110;69097;10;2261;10;1;0;29/05/2026;MURILO;819
18;3673;LEITE COND ELEGE TP 395G;MERCEARIA;72942;28/05/2026;133110;69097;24;48;24;1;0;29/05/2026;MURILO;163
1;5250;CR DENT CLOSE UP 70G TRIPLE HORTELA;PERFUMARIA E LIMPEZA;73369;29/05/2026;134340;69679;72;216;72;0;0;29/05/2026;IGOR;1
1;12531;AP GILLETTE PROBAK C 2;PERFUMARIA E LIMPEZA;73369;29/05/2026;134340;69679;14;0;14;0;0;29/05/2026;MONIQUE;41
1;2385;LENTILHA BELLA DICA 400G;MERCEARIA;73369;29/05/2026;134340;69679;12;24;12;1;0;29/05/2026;MIKAEL;0
2;9125;COND DARLING 350ML CERAMIDAS;PERFUMARIA E LIMPEZA;73371;29/05/2026;134341;69685;6;0;6;1;0;29/05/2026;JESSICA;1
2;5196;CR DEN COLGATE MPA 180G;PERFUMARIA E LIMPEZA;73371;29/05/2026;134341;69685;72;10296;72;0;0;29/05/2026;RONALDO;74
2;5693;DETERG YPE 500ML CAPIM LIMAO;PERFUMARIA E LIMPEZA;73371;29/05/2026;134341;69685;24;48;24;0;0;29/05/2026;RONALDO;44
2;5698;DETERG YPE 500ML LIMAO;PERFUMARIA E LIMPEZA;73371;29/05/2026;134341;69685;24;672;72;0;0;29/05/2026;RONALDO;30
2;9996;PETISCO FRISKIES 40G FRANGO;PRODUTOS PET;73371;29/05/2026;134341;69685;15;0;15;0;0;29/05/2026;GUILHERME B;-8
2;24641;TCO P PES AMAZONIA 100G FRESH;PERFUMARIA E LIMPEZA;73371;29/05/2026;134341;69685;48;96;48;1;0;29/05/2026;JESSICA;42
2;7665;REMOVEDOR ESMALTE JAY LUC 100ML;PERFUMARIA E LIMPEZA;73371;29/05/2026;134341;69685;24;288;24;1;0;29/05/2026;JESSICA;27
2;33373;DESO AERO AXE 200ML BLACK ALE E CED;PERFUMARIA E LIMPEZA;73371;29/05/2026;134341;69685;12;1524;24;2;0;29/05/2026;JESSICA;4
2;37907;TIT COR E TON S AMONIA 6 26 MARSALA;PERFUMARIA E LIMPEZA;73371;29/05/2026;134341;69685;6;0;6;1;0;29/05/2026;JESSICA;4
2;12289;AGUA SANIT IMPERIAL 1L;PERFUMARIA E LIMPEZA;73371;29/05/2026;134341;69685;12;96;24;0;0;29/05/2026;RONALDO;22
2;37786;LAVA ROUPAS OMO LAV PERF 1 8L;PERFUMARIA E LIMPEZA;73371;29/05/2026;134341;69685;1;712;37;0;0;29/05/2026;RONALDO;13
2;5691;DETERG YPE 500 ML CLEAR;PERFUMARIA E LIMPEZA;73371;29/05/2026;134341;69685;24;216;24;0;0;29/05/2026;RONALDO;0
2;1894;DROPS FREEGELLS 27 6G CEREJA CHOC;MERCEARIA;73371;29/05/2026;134341;69685;12;672;12;0;0;29/05/2026;MONIQUE;8
2;1058;ALFAJOR EL AGUILA 60G CHOC;MERCEARIA;73371;29/05/2026;134341;69685;12;48;24;0;0;29/05/2026;MONIQUE;-3
2;24313;SH DARLING CERAMIDAS 650ML;PERFUMARIA E LIMPEZA;73371;29/05/2026;134341;69685;6;24;12;2;0;29/05/2026;JESSICA;12
2;24643;TCO P PES AMAZONIA 100G MENTOLADO;PERFUMARIA E LIMPEZA;73371;29/05/2026;134341;69685;48;48;48;1;0;29/05/2026;JESSICA;4
2;9232;CR TRAT VINI LADY SC 700G HIDRAT INTENSA;PERFUMARIA E LIMPEZA;73371;29/05/2026;134341;69685;12;60;12;1;0;29/05/2026;JESSICA;3
2;5253;CR DENTAL CLOSE UP 100G LIQUIFRESH ICE;PERFUMARIA E LIMPEZA;73371;29/05/2026;134341;69685;12;186;72;6;0;29/05/2026;JESSICA;40
2;5252;CR DENT CLOSE UP 70G TRIPLE MENTA AMER;PERFUMARIA E LIMPEZA;73371;29/05/2026;134341;69685;72;12;72;0;0;29/05/2026;JESSICA;0
2;8211;SH ELSEVE 200ML HIALURONICO;PERFUMARIA E LIMPEZA;73371;29/05/2026;134341;69685;12;108;12;1;0;29/05/2026;JESSICA;9
2;7012;LOCAO HIDRATANTE DENOMAX 470G ROSA MOSQ ARG;PERFUMARIA E LIMPEZA;73371;29/05/2026;134341;69685;12;216;12;1;0;29/05/2026;JESSICA;33
2;37892;TIT COR E TON S AMONIA 4 0 CAST MD;PERFUMARIA E LIMPEZA;73371;29/05/2026;134341;69685;6;0;6;1;0;29/05/2026;JESSICA;0
2;1282;CHOC BARRA LACTA AO LEITE 80G;MERCEARIA;73371;29/05/2026;134341;69685;17;0;17;0;0;29/05/2026;MONIQUE;20
2;5696;DETERG YPE 500ML MACA;PERFUMARIA E LIMPEZA;73371;29/05/2026;134341;69685;24;168;48;0;0;29/05/2026;RONALDO;0
2;37898;TIT COR E TON S AMONIA 6 0 LOURO ESC;PERFUMARIA E LIMPEZA;73371;29/05/2026;134341;69685;6;0;6;1;0;29/05/2026;JESSICA;5
2;10241;SH DARLING 350ML TILIA;PERFUMARIA E LIMPEZA;73371;29/05/2026;134341;69685;6;0;6;1;0;29/05/2026;JESSICA;15
2;5678;DET LIQ GOTA LIMPA 500ML CRISTAL;PERFUMARIA E LIMPEZA;73371;29/05/2026;134341;69685;24;6072;72;0;0;29/05/2026;RONALDO;203
2;5692;DETERG YPE 500 ML NEUTRO;PERFUMARIA E LIMPEZA;73371;29/05/2026;134341;69685;24;2928;96;0;0;29/05/2026;RONALDO;25
2;9543;FRALDA DESC BABYSEC JUMBINHO XXG 12 UN;PERFUMARIA E LIMPEZA;73371;29/05/2026;134341;69685;8;127;16;0;0;29/05/2026;RONALDO;8
2;647;WHISKY GREEN VALLEY VD 1L;BEBIDAS;73371;29/05/2026;134341;69685;1;0;1;0;0;29/05/2026;MONIQUE;1
2;5599;DESOD AERO REXONA 150ML 90G ACT EMOTION;PERFUMARIA E LIMPEZA;73371;29/05/2026;134341;69685;12;336;12;1;0;29/05/2026;JESSICA;17
2;4216;AMAC YPE 2L DELICADO AMOR;PERFUMARIA E LIMPEZA;73371;29/05/2026;134341;69685;6;54;12;0;0;29/05/2026;RONALDO;30
2;19318;HID DI HELLEN 30G PEPINO;PERFUMARIA E LIMPEZA;73371;29/05/2026;134341;69685;12;0;12;1;0;29/05/2026;JESSICA;8
2;24341;SH PALMOLIVE 650ML NEUTRO LIMP;PERFUMARIA E LIMPEZA;73371;29/05/2026;134341;69685;6;0;6;1;0;29/05/2026;JESSICA;12
2;8680;TOALHINHA UMED PAMPERS 48UN CHEIRINHO BEBE;PERFUMARIA E LIMPEZA;73371;29/05/2026;134341;69685;3;0;24;0;0;29/05/2026;JESSICA;31
2;5694;DETERG YPE 500ML CLEAR CARE;PERFUMARIA E LIMPEZA;73371;29/05/2026;134341;69685;24;1056;24;0;0;29/05/2026;RONALDO;68
2;37891;TIT COR E TON S AMONIA 3 0 CAST ESC;PERFUMARIA E LIMPEZA;73371;29/05/2026;134341;69685;6;0;6;1;0;29/05/2026;JESSICA;2
2;8292;SH PANTENE 175ML LISO EXTREMO;PERFUMARIA E LIMPEZA;73371;29/05/2026;134341;69685;6;48;6;1;0;29/05/2026;JESSICA;9
2;3948;AGUA SANIT GOTA LIMPA 1L;PERFUMARIA E LIMPEZA;73371;29/05/2026;134341;69685;12;1200;36;0;0;29/05/2026;RONALDO;7
4;6782;LEITE UHT TIROL C TAMPA 1L DESN;PERECIVEIS;73347;29/05/2026;;;12;4296;12;0;0;;;84
17;20317;MACARRAO INST GERMANI 63G GALINHA CAIPIRA;MERCEARIA;73718;29/05/2026;135224;70188;50;10600;500;10;0;29/05/2026;RUBIM;247
18;20317;MACARRAO INST GERMANI 63G GALINHA CAIPIRA;MERCEARIA;73720;29/05/2026;135225;70189;50;10600;500;10;0;29/05/2026;MIKAEL;387
3;4152;AMAC CONC COMFORT 500ML LAVANDA;PERFUMARIA E LIMPEZA;73794;30/05/2026;147136;76454;12;0;12;1;0;;;0
4;9756;LEITE TIROL INTEGRAL ZR LACTOSE 1L;PERECIVEIS;73768;30/05/2026;;;12;72;12;0;0;;;-19
4;2717;FARINHA TRIGO FIDALGA 1KG;MERCEARIA;73846;30/05/2026;;;10;10;90;0;0;;;0
18;24119;SC LIXO ROL CASAFORT 50L C 50;PERFUMARIA E LIMPEZA;73814;30/05/2026;135496;70372;15;120;15;1;0;30/05/2026;M EDUARDA;34
18;21693;PAPEL HIG NATUPEL PREM FS 60M C 4;PERFUMARIA E LIMPEZA;73814;30/05/2026;135496;70372;16;0;48;0;0;30/05/2026;WILLIAN MATEUS;35
18;24100;SC LIXO PRO LIXO ROLAO 30L C 50;PERFUMARIA E LIMPEZA;73814;30/05/2026;135496;70372;12;156;12;1;0;30/05/2026;M EDUARDA;2
4;6782;LEITE UHT TIROL C TAMPA 1L DESN;PERECIVEIS;74111;01/06/2026;;;12;4296;12;0;0;;;84
4;9756;LEITE TIROL INTEGRAL ZR LACTOSE 1L;PERECIVEIS;74111;01/06/2026;;;12;72;12;0;0;;;-19
4;9756;LEITE TIROL INTEGRAL ZR LACTOSE 1L;PERECIVEIS;74191;01/06/2026;;;12;72;84;0;0;;;-19
11;24121;SC LIXO ROL DOBRASIL 10L C 50;PERFUMARIA E LIMPEZA;74147;01/06/2026;136064;70915;25;25;25;1;0;01/06/2026;RONAS;55
11;10084;PREND ROUPA PARANA PLAST EMB 12UN;PERFUMARIA E LIMPEZA;74147;01/06/2026;136064;70915;60;1260;60;1;0;01/06/2026;RONAS;11
11;8704;VASSOURA CONDOR LIMPA PISO S CABO;PERFUMARIA E LIMPEZA;74147;01/06/2026;136064;70915;12;1812;12;0;0;01/06/2026;RONAS;7
11;18170;ESP 3M SCHOTCH BRITE ECONOMICA;PERFUMARIA E LIMPEZA;74147;01/06/2026;136064;70915;10;510;10;1;0;01/06/2026;RONAS;15
11;24096;SC LIXO PRO LIXO ROLAO 100L C 25;PERFUMARIA E LIMPEZA;74147;01/06/2026;136064;70915;12;120;12;1;0;01/06/2026;RONAS;5
11;33967;LIMPA PNEUS MIL MILHAS 485ML;PERFUMARIA E LIMPEZA;74147;01/06/2026;136064;70915;20;300;20;1;0;01/06/2026;RONAS;7
11;24084;SC LIXO ALMOF CASAFORT 100L C 5;PERFUMARIA E LIMPEZA;74147;01/06/2026;136064;70915;50;250;50;1;0;01/06/2026;RONAS;5
12;25106;VASSOURA JARDINEIRA S CABO;PERFUMARIA E LIMPEZA;74874;02/06/2026;;;1;-12;18;0;0;;;6
14;22796;RATICIDA RODILON ISCA 25G;PERFUMARIA E LIMPEZA;75209;02/06/2026;138522;72146;40;0;120;3;0;03/06/2026;MIKAEL;3
18;20454;MANG DUOCOLOR 10MTS;NAO ALIMENTO;75213;02/06/2026;138253;72284;1;213;1;0;0;;;11
3;9751;LEITE SANTA CLARA UHT INT 1L;PERECIVEIS;75413;03/06/2026;140915;;12;73284;1020;0;0;;;2028
3;34846;ALVEJ BARBAREX 5L S CLORO;PERFUMARIA E LIMPEZA;75441;03/06/2026;141692;73749;2;304;154;0;0;;;13
3;15115;CAD ESPI CD 80FLS CARTOGRAFIA T DUDA;NAO ALIMENTO;76240;04/06/2026;140199;73129;4;0;4;0;0;10/06/2026;RAMIRES;25
3;19356;INCENSO FLUTE C 8 SAL GROSSO;NAO ALIMENTO;76240;04/06/2026;140199;73129;25;250;25;1;1;10/06/2026;RAMIRES;85
3;22275;PORTA SAB LIQ SANREMO 280ML;NAO ALIMENTO;76240;04/06/2026;140199;73129;1;0;3;0;0;10/06/2026;RAMIRES;16
3;33305;TAPETE BOX OVAL PVC 61X35CM;NAO ALIMENTO;76240;04/06/2026;140199;73129;1;21;1;0;0;10/06/2026;RAMIRES;3
3;14985;CAD ESPI CD 1 4 80FLS FROZEN;NAO ALIMENTO;76240;04/06/2026;140199;73129;5;24;5;0;0;10/06/2026;RAMIRES;13
3;17550;EMB PRATICA GABOARDI 5KG;NAO ALIMENTO;76240;04/06/2026;140199;73129;25;300;50;0;0;10/06/2026;RAMIRES;15
3;17012;CUIA PINTADA S/TAPA ERVA;NAO ALIMENTO;76240;04/06/2026;140199;73129;1;0;1;0;0;10/06/2026;RAMIRES;-4
3;17476;DUCHA ENERDUCHA UP4 6800W 220V BCO;NAO ALIMENTO;76240;04/06/2026;140199;73129;1;0;1;0;0;10/06/2026;RAMIRES;29
3;35020;DUCHA GORDUCHA ZAFONEL 4T 220V;NAO ALIMENTO;76240;04/06/2026;140199;73129;1;0;2;0;0;10/06/2026;RAMIRES;-2
3;36297;CANETA ESF TRIGLOW LYKE C 10 CORES;NAO ALIMENTO;76240;04/06/2026;140199;73129;10;80;10;0;0;10/06/2026;RAMIRES;33
3;25417;VESTIDO CAIPIRA TAM P;NAO ALIMENTO;76240;04/06/2026;140199;73129;1;0;5;0;0;10/06/2026;RAMIRES;-5
3;18913;GARFO REFEICAO FORFEST PREM 25UN BCO;NAO ALIMENTO;76240;04/06/2026;140199;73129;20;40;20;0;0;10/06/2026;RAMIRES;-39
3;15033;CAD ESPI CD 10X1 200FLS BRASILIDADE;NAO ALIMENTO;76240;04/06/2026;140199;73129;1;28;2;0;0;10/06/2026;RAMIRES;0
3;9503;FACA TRAMONTINA CHURRASCO 4 LEME VERMELHA;NAO ALIMENTO;76240;04/06/2026;140199;73129;60;0;180;0;4;10/06/2026;RAMIRES;12
3;6631;LAMP ELGIN BULBO 9W 6500K 220V;NAO ALIMENTO;76240;04/06/2026;140199;73129;10;9400;20;0;3;10/06/2026;RAMIRES;326
3;19358;INCENSO FLUTE C 8 SETE ERVAS;NAO ALIMENTO;76240;04/06/2026;140199;73129;25;0;25;0;0;10/06/2026;RAMIRES;116
3;35870;GARFO SOBREMESA FORFEST 25UN PRT;NAO ALIMENTO;76240;04/06/2026;140199;73129;32;32;32;0;0;10/06/2026;RAMIRES;-17
3;17549;EMB PRATICA GABOARDI 3KG;NAO ALIMENTO;76240;04/06/2026;140199;73129;25;300;50;0;0;10/06/2026;RAMIRES;-37
7;25106;VASSOURA JARDINEIRA S CABO;PERFUMARIA E LIMPEZA;76208;04/06/2026;;;1;-12;3;0;0;;;4
13;38562;KIT SH CD NEUTROX 300ML 200ML FORCA;PERFUMARIA E LIMPEZA;76216;04/06/2026;140187;73110;12;24;12;1;0;25/06/2026;WENDRIO;-1
13;6997;LOC HID MONANGE 200ML FRUTAS VERMELHA;PERFUMARIA E LIMPEZA;76216;04/06/2026;140187;73110;24;24;24;1;0;25/06/2026;WENDRIO;7
13;5217;CR DEN COLGATE 90G NAT EXT CARVAO;PERFUMARIA E LIMPEZA;76216;04/06/2026;140187;73110;48;3024;48;1;0;25/06/2026;WENDRIO;2
13;24641;TCO P PES AMAZONIA 100G FRESH;PERFUMARIA E LIMPEZA;76216;04/06/2026;140187;73110;48;96;48;1;0,021;25/06/2026;PAMELA;23
13;5654;DESOD ROLLON NIVEA 50ML M INV B W POWER;PERFUMARIA E LIMPEZA;76216;04/06/2026;140187;73110;12;0;24;2;2;25/06/2026;PAMELA;0
13;8352;SH SEDA 325ML CERAMIDAS;PERFUMARIA E LIMPEZA;76216;04/06/2026;140187;73110;12;2808;12;1;1;25/06/2026;PAMELA;21
13;8159;SH ANTIC CLEAR L400P330 ICE COOL MENTHO;PERFUMARIA E LIMPEZA;76216;04/06/2026;140187;73110;12;288;12;1;0;25/06/2026;WENDRIO;13
13;7933;SABONETE NIVEA 85G ERVA DOCE OLEOS;PERFUMARIA E LIMPEZA;76216;04/06/2026;140187;73110;96;1440;192;2;0;25/06/2026;WENDRIO;35
13;22117;POM MASSAG BIO FISIOFORT PREMIUM 150ML;PERFUMARIA E LIMPEZA;76216;04/06/2026;140187;73110;12;0;24;2;1;25/06/2026;PAMELA;1
13;5355;CREME BARBA BOZZANO 65G ALOE VERA;PERFUMARIA E LIMPEZA;76216;04/06/2026;140187;73110;1;0;4;0;0;25/06/2026;PAMELA;0
13;22118;POM MASSAG BIO CANELA VELHO 150ML;PERFUMARIA E LIMPEZA;76216;04/06/2026;140187;73110;12;0;12;1;0;25/06/2026;PAMELA;0
13;22796;RATICIDA RODILON ISCA 25G;PERFUMARIA E LIMPEZA;76216;04/06/2026;140187;73110;40;0;40;1;0;25/06/2026;WENDRIO;27
13;5275;CR DENTAL TANDY 50G MORANGO;PERFUMARIA E LIMPEZA;76216;04/06/2026;140187;73110;12;0;12;1;0;25/06/2026;WENDRIO;44
13;33649;SAB LIQ MADE IN BRAZIL 1L CEREJA;PERFUMARIA E LIMPEZA;76216;04/06/2026;140187;73110;12;0;12;1;0;25/06/2026;WENDRIO;8
13;33373;DESO AERO AXE 200ML BLACK ALE E CED;PERFUMARIA E LIMPEZA;76216;04/06/2026;140187;73110;12;1524;12;1;0;25/06/2026;PAMELA;3
13;6021;ESPUMA BARBA BOZZANO 193G HIDRATACAO;PERFUMARIA E LIMPEZA;76216;04/06/2026;140187;73110;1;0;6;0;6;25/06/2026;PAMELA;1
13;38563;KIT SH CD NEUTROX 300ML 200ML OLEOS;PERFUMARIA E LIMPEZA;76216;04/06/2026;140187;73110;12;84;12;1;0;25/06/2026;WENDRIO;-3
13;8254;SH MONANGE 325ML CACHOS QUE TAL;PERFUMARIA E LIMPEZA;76216;04/06/2026;140187;73110;12;0;12;1;0,083;25/06/2026;PAMELA;0
13;19324;HID PAIXAO 200ML ONLY YO INSPIR R 785 0;PERFUMARIA E LIMPEZA;76216;04/06/2026;140187;73110;24;0;24;1;0;25/06/2026;WENDRIO;-2
13;23058;SAB LIQ INTIMO COTTONBABY 200ML;PERFUMARIA E LIMPEZA;76216;04/06/2026;140187;73110;12;12;12;1;1;25/06/2026;PAMELA;1
13;7938;SABONETE NIVEA 85G PROTEINA LEITE;PERFUMARIA E LIMPEZA;76216;04/06/2026;140187;73110;96;576;96;1;1;25/06/2026;PAMELA;96
13;5250;CR DENT CLOSE UP 70G TRIPLE HORTELA;PERFUMARIA E LIMPEZA;76216;04/06/2026;140187;73110;72;216;72;1;0;25/06/2026;WENDRIO;-1
13;5225;CR DENT COLGATE T ACAO 90G HORTELA;PERFUMARIA E LIMPEZA;76216;04/06/2026;140187;73110;144;0;144;1;0;25/06/2026;WENDRIO;0
13;7769;SAB LIQ PAMPERS 200ML GLICERINA;PERFUMARIA E LIMPEZA;76216;04/06/2026;140187;73110;6;0;6;1;0;25/06/2026;PAMELA;0
17;33869;REFRE HAPPY TP 200ML LARANJA;BEBIDAS;76220;04/06/2026;140189;73112;24;1152;48;0;0;;MARCOS M;0
17;607;SUCO DEL VALLE TP 1L UVA;BEBIDAS;76220;04/06/2026;140189;73112;6;6;6;0;0;;MARCOS M;-5
17;386;ENERG MONSTER LT 473ML ABSOLUT ZERO;BEBIDAS;76220;04/06/2026;140189;73112;6;66;6;0;0;;MARCOS M;12
17;34725;REFRE HAPPY TP 1L LARANJA;BEBIDAS;76220;04/06/2026;140189;73112;12;684;12;0;0;;MARCOS M;12
17;33464;SABAO GIRANDO SOL C 5 GLICE NEUTRO;PERFUMARIA E LIMPEZA;76220;04/06/2026;140189;73112;10;70;20;2;2;17/06/2026;PAMELA;-1
17;589;SUCO COM TEM TP 200ML LARANJA;BEBIDAS;76220;04/06/2026;140189;73112;24;0;24;0;0;;MARCOS M;29
17;347;CERV PATAGONIA AMBER LT 473ML;BEBIDAS;76220;04/06/2026;140189;73112;6;0;6;0;0;;MARCOS M;18
17;33721;COQUETEL CHICOTE PET 500ML BLUEBERRY;BEBIDAS;76220;04/06/2026;140189;73112;12;11;12;0;0;;MARCOS M;19
17;729;SUCO GARIBALDI INTEGRAL VD 1 5L UVA UVA TINTO;BEBIDAS;76220;04/06/2026;140189;73112;6;564;18;0;0;;MARCOS M;18
17;3581;BEBIDA PARMALAT WHEY 250ML ABACATE;MERCEARIA;76220;04/06/2026;140189;73112;18;18;18;0;0;;MARCOS M;0
3;6631;LAMP ELGIN BULBO 9W 6500K 220V;NAO ALIMENTO;76346;05/06/2026;140294;73129;10;9400;10;0;3;10/06/2026;RAMIRES;326
3;22275;PORTA SAB LIQ SANREMO 280ML;NAO ALIMENTO;76346;05/06/2026;140294;73129;1;0;1;0;0;10/06/2026;RAMIRES;16
3;9503;FACA TRAMONTINA CHURRASCO 4 LEME VERMELHA;NAO ALIMENTO;76346;05/06/2026;140294;73129;60;0;60;0;4;10/06/2026;RAMIRES;12
3;35021;DUCHA SS ZAGONEL 3T 220V BCA;NAO ALIMENTO;76346;05/06/2026;140294;73129;12;0;12;0;0;10/06/2026;RAMIRES;98
3;19339;INCENSO FLUTE C 8 CHAMA FREGUES;NAO ALIMENTO;76346;05/06/2026;140294;73129;25;0;25;0;0;10/06/2026;RAMIRES;45
11;9751;LEITE SANTA CLARA UHT INT 1L;PERECIVEIS;76664;05/06/2026;141038;73458;12;73284;1020;340;255;;;3102
13;5314;CR PENT SEDA 300ML SOS CERAMIDAS;PERFUMARIA E LIMPEZA;76332;05/06/2026;140287;73110;12;132;12;1;0;25/06/2026;WENDRIO;26
13;10277;SH JAYLUC PLUS C VALVULA 1L PROTEINA LEITE;PERFUMARIA E LIMPEZA;76332;05/06/2026;140287;73110;12;48;12;1;1;25/06/2026;PAMELA;15
13;5598;DESOD AERO REXONA 150ML 90G XTRACOL MEN;PERFUMARIA E LIMPEZA;76332;05/06/2026;140287;73110;12;0;12;1;1;25/06/2026;PAMELA;42
13;7949;SABON PALMOLIVE NATURALS 150G OLEO NUTRITIVO;PERFUMARIA E LIMPEZA;76332;05/06/2026;140287;73110;72;24;72;1;0;25/06/2026;PAMELA;2
13;7426;PEDRA SANITARIA SANI SOL 20G LAVANDA;PERFUMARIA E LIMPEZA;76332;05/06/2026;140287;73110;144;12;144;1;0;25/06/2026;WENDRIO;173
13;10144;SAB FARNESE 180G AVEIA ESFOL;PERFUMARIA E LIMPEZA;76332;05/06/2026;140287;73110;36;1584;36;1;0;25/06/2026;WENDRIO;59
13;23022;SAB LIQ BELEZA AMAZONIA 370ML FLORES CAMPO;PERFUMARIA E LIMPEZA;76332;05/06/2026;140287;73110;12;0;12;1;1;25/06/2026;PAMELA;17
13;9983;DESOD SANIT GOTA LIMPA 25G EUCALIPTO;PERFUMARIA E LIMPEZA;76332;05/06/2026;140287;73110;48;144;48;1;1;25/06/2026;PAMELA;48
13;35127;TOALHA UMED BEBE LIMPINHO C45;PERFUMARIA E LIMPEZA;76332;05/06/2026;140287;73110;24;288;24;1;1;25/06/2026;PAMELA;25
13;5804;ESC DENTAL COLGATE CLASSIC LONG MC 8450;PERFUMARIA E LIMPEZA;76332;05/06/2026;140287;73110;12;504;24;2;1;25/06/2026;PAMELA;15
13;18739;FRALDA DESC BABYSEC ULTSEC MEGA P 42 UN;PERFUMARIA E LIMPEZA;76332;05/06/2026;140287;73110;6;6;6;1;0;25/06/2026;WENDRIO;2
13;7946;SABON PALMOLIVE NATURALS 150G LEITE ROSA;PERFUMARIA E LIMPEZA;76332;05/06/2026;140287;73110;72;72;72;1;0;25/06/2026;WENDRIO;-23
13;2911;ACHOC LIQ ITALAC 200ML;MERCEARIA;76617;05/06/2026;140814;73375;24;432;480;0;0;06/06/2026;AUGUSTO;58
13;3679;LEITE COND ITALAC TP 395G SEMIDESNATADO;MERCEARIA;76617;05/06/2026;140814;73375;27;0;270;0;0;06/06/2026;AUGUSTO;702
13;783;ACHOC PO NESCAU SH 2 01KG;MERCEARIA;76647;05/06/2026;140835;73375;4;160;20;0;0;09/06/2026;JOCELAINE;7
13;2107;CAFE SOL NESCAFE SH 40G TRADICAO FORTE;MERCEARIA;76680;05/06/2026;140887;73375;24;14706;120;5;5;09/06/2026;JOCELAINE;157
18;12233;ACUCAR DEMERARA GASPARIN 1KG;MERCEARIA;76338;05/06/2026;140290;73069;10;54;20;0;0;17/06/2026;ALEXSANDRO;159
18;19271;GUARD NATUPEL PREMIUM 20X20 50FLS;PERFUMARIA E LIMPEZA;76338;05/06/2026;140290;73069;160;9520;160;1;1;08/06/2026;ELIAS;310
7;5691;DETERG YPE 500 ML CLEAR;PERFUMARIA E LIMPEZA;77229;06/06/2026;;;24;216;24;0;0;;;0
7;23217;SAL REFINADO EX GARCA 1K;MERCEARIA;77229;06/06/2026;;;10;1994;10;0;0;;;86
14;37891;TIT COR E TON S AMONIA 3 0 CAST ESC;PERFUMARIA E LIMPEZA;77239;06/06/2026;141808;74294;6;0;6;0;0;11/06/2026;JOCELAINE;4
14;21689;PAPEL HIG MILI PRIME FLA TPL 20M 12UN;PERFUMARIA E LIMPEZA;77239;06/06/2026;141808;74294;8;0;8;0;0;09/06/2026;ELIAS;0
14;7354;PAPEL HIG DUETTO FD 12 UN DE 30M NEUTRO;PERFUMARIA E LIMPEZA;77239;06/06/2026;141808;74294;6;0;6;0;0;09/06/2026;ELIAS;0
14;883;REFRIG FRUKI LARANJA LT 350ML LARANJA;BEBIDAS;77239;06/06/2026;141808;74294;12;35;12;0;0;18/06/2026;ALEXSANDRO;3
14;10;REFRIG COCA COLA PET 2L;BEBIDAS;77414;06/06/2026;143159;74561;4;0;300;0;0;18/06/2026;ALEXSANDRO;924
18;811;CHOC PO TRISANTI 70 CACAU 1 005KG;MERCEARIA;77243;06/06/2026;;;1;25;2;0;0;;;-7
18;9996;PETISCO FRISKIES 40G FRANGO;PRODUTOS PET;77243;06/06/2026;141811;74293;15;0;15;15;0;;;0
3;3685;MIST LACTEA COND ITALAC TP 395G;MERCEARIA;78153;08/06/2026;144017;75048;27;10908;135;5;0;;;337
5;2026;MILHO PIPOCA SERRA URUGUAI TP1 400G;MERCEARIA;78069;08/06/2026;143688;74808;20;0;200;0;0;08/06/2026;EVERTON;-79
5;2433;POPCORN YOKI 100G NATURAL C SAL;MERCEARIA;78069;08/06/2026;143688;74808;36;36;72;2;0;;;74
7;23217;SAL REFINADO EX GARCA 1K;MERCEARIA;77683;08/06/2026;;;10;1994;10;0;0;;;86
11;9996;PETISCO FRISKIES 40G FRANGO;PRODUTOS PET;77687;08/06/2026;142644;74297;15;0;15;0;0;10/06/2026;JOCELAINE;-2
11;12237;ACUCAR REFINADO GASPARIN 1KG;MERCEARIA;77687;08/06/2026;142644;74297;10;2261;10;1;1;17/06/2026;EVERTON;153
11;8791;ABS MILI NOTURNO C ABAS 8UN;PERFUMARIA E LIMPEZA;77687;08/06/2026;142644;74297;36;36;36;0;0;17/06/2026;SANTA MARIA;4
11;844;REFRIG ANTARCTICA PET 600ML GUARANA;BEBIDAS;77687;08/06/2026;142644;74297;12;122;12;1;1;17/06/2026;EVERTON;37
11;823;REFRIG FRUKI PET 2L UVA;BEBIDAS;77687;08/06/2026;142644;74297;6;9;6;1;1;17/06/2026;EVERTON;24
12;20024;LEITE COND PIRACANJUBA 395G SEMIDESNAT;MERCEARIA;78167;08/06/2026;144024;75055;27;108;54;2;0;10/06/2026;JOCELAINE;6
13;35588;CD SEDA 225ML TOQUE DE SEDA;PERFUMARIA E LIMPEZA;77691;08/06/2026;142646;74299;12;228;12;1;1;09/06/2026;CAROLINA;8
13;12179;ABS COTTONBABY SUAVE S ABAS C 8;PERFUMARIA E LIMPEZA;77691;08/06/2026;142646;74299;48;0;48;0;0;09/06/2026;CAROLINA;14
13;648;WHISKY MASTER GOLD VD 900ML;BEBIDAS;77691;08/06/2026;142646;74299;1;158;5;5;1;11/06/2026;JESSICA;0
13;9996;PETISCO FRISKIES 40G FRANGO;PRODUTOS PET;77691;08/06/2026;142646;74299;15;0;15;0;0;10/06/2026;JOCELAINE;-31
13;38562;KIT SH CD NEUTROX 300ML 200ML FORCA;PERFUMARIA E LIMPEZA;77691;08/06/2026;142646;74299;12;24;12;1;1;09/06/2026;CAROLINA;-1
13;1276;CHOC BARRA GAROTO 80G MEIO AMARGO;MERCEARIA;77691;08/06/2026;142646;74299;16;0;16;0;0;11/06/2026;JESSICA;1
13;10149;SAB FARNESE 180G PURO HIDR;PERFUMARIA E LIMPEZA;77691;08/06/2026;142646;74299;36;720;36;1;1;09/06/2026;CAROLINA;94
13;3893;ABS C ABAS DIA NOITE 32 UN SUAVE;PERFUMARIA E LIMPEZA;77691;08/06/2026;142646;74299;16;79;16;0;0;17/06/2026;SANTA MARIA;15
13;3904;ABS MILI PROT TOTAL 16UN C ABAS SUAVE;PERFUMARIA E LIMPEZA;77691;08/06/2026;142646;74299;24;0;24;1;1;09/06/2026;CAROLINA;7
13;38563;KIT SH CD NEUTROX 300ML 200ML OLEOS;PERFUMARIA E LIMPEZA;77691;08/06/2026;142646;74299;12;84;12;1;1;09/06/2026;CAROLINA;-3
13;23023;SAB LIQ BELEZA AMAZONIA 370ML FRUTAS VRM;PERFUMARIA E LIMPEZA;77691;08/06/2026;142646;74299;12;11;12;1;1;09/06/2026;CAROLINA;19
13;16844;CR DEN COLGATE T ACAO XTRA 120G WHITE;PERFUMARIA E LIMPEZA;77691;08/06/2026;142646;74299;72;384;72;0;0;09/06/2026;CAROLINA;8
13;1416;CHOC SNICKERS 45G;MERCEARIA;77691;08/06/2026;142646;74299;20;840;20;0;0;11/06/2026;JOCELAINE;-30
13;5275;CR DENTAL TANDY 50G MORANGO;PERFUMARIA E LIMPEZA;77691;08/06/2026;142646;74299;12;0;12;0;0;09/06/2026;CAROLINA;44
13;5551;DESOD AERO MONANGE 90G FLOR DE LAVANDA;PERFUMARIA E LIMPEZA;77691;08/06/2026;142646;74299;12;312;12;1;1;09/06/2026;CAROLINA;0
13;5206;CR DEN COLGATE LUMIN WHITE 70G CARVAO ATIVADO;PERFUMARIA E LIMPEZA;77691;08/06/2026;142646;74299;48;144;48;1;1;09/06/2026;CAROLINA;23
13;3365;CALDO APTI 19G COSTELA;MERCEARIA;77691;08/06/2026;142646;74299;24;192;240;10;10;11/06/2026;JESSICA;-110
13;1353;CHOC BATON GAROTO 16G AO LEITE;MERCEARIA;77691;08/06/2026;142646;74299;30;0;30;1;1;11/06/2026;JESSICA;-33
13;888;REFRIG CHARRUA LT 350ML;BEBIDAS;78023;08/06/2026;143554;74958;6;0;120;20;20;09/06/2026;JOSE ANTONIO;52
13;8149;SH ANTIC CLEAR 200ML MEN LIMPEZA PROFUND;PERFUMARIA E LIMPEZA;78081;08/06/2026;143694;74814;12;0;24;2;2;09/06/2026;JESSICA;14
13;8150;SH ANTIC CLEAR 200ML MEN QUEDA CONTROL;PERFUMARIA E LIMPEZA;78081;08/06/2026;143694;74814;12;0;24;2;2;09/06/2026;JESSICA;13
13;8148;SH ANTIC CLEAR 200ML MEN LIMP DIAR 2EM1;PERFUMARIA E LIMPEZA;78081;08/06/2026;143694;74814;12;36;24;2;2;09/06/2026;JESSICA;8
13;34302;SAB PROTEX 85G C3 LIMP PROFUNDA;PERFUMARIA E LIMPEZA;78118;08/06/2026;143899;74934;24;864;48;2;2;10/06/2026;CAROLINA;24
13;7974;SABONETE PROTEX 85G LIMPEZA PROFUND;PERFUMARIA E LIMPEZA;78118;08/06/2026;143899;74934;72;216;144;2;2;10/06/2026;CAROLINA;76
13;7975;SABONETE PROTEX 85G MACADAMIA;PERFUMARIA E LIMPEZA;78118;08/06/2026;143899;74934;72;0;72;1;1;10/06/2026;CAROLINA;84
13;23121;SAB PROTEX 85G FRESH;PERFUMARIA E LIMPEZA;78118;08/06/2026;143899;74934;72;216;72;1;1;10/06/2026;CAROLINA;94
13;23120;SAB PROTEX 85G CARVAO ATIVADO;PERFUMARIA E LIMPEZA;78118;08/06/2026;143899;74934;72;144;72;0;0;10/06/2026;CAROLINA;108
13;7969;SABONETE PROTEX 85G BALANCE;PERFUMARIA E LIMPEZA;78118;08/06/2026;143899;74934;72;72;144;2;2;10/06/2026;CAROLINA;92
13;7968;SABONETE PROTEX 85G AVEIA;PERFUMARIA E LIMPEZA;78118;08/06/2026;143899;74934;72;288;144;2;2;10/06/2026;CAROLINA;107
14;5691;DETERG YPE 500 ML CLEAR;PERFUMARIA E LIMPEZA;77693;08/06/2026;142647;74294;24;216;24;0;0;17/06/2026;SANTA MARIA;0
14;2413;MILHO PIPOCA YOKI 400G TRAD;MERCEARIA;77693;08/06/2026;142647;74294;28;4508;28;1;0;17/06/2026;AUGUSTO;424
14;7354;PAPEL HIG DUETTO FD 12 UN DE 30M NEUTRO;PERFUMARIA E LIMPEZA;77693;08/06/2026;142647;74294;6;0;6;0;0;09/06/2026;ELIAS;0
17;824;REFRIG PEPSI PET 2L BLACK;BEBIDAS;77695;08/06/2026;142648;74300;8;14;136;0;0;17/06/2026;BRUNO;129
17;33;AGUA MIN SARANDI PET 2L S GAS;BEBIDAS;77695;08/06/2026;142648;74300;8;1632;8;1;0;17/06/2026;BRUNO;22
17;825;REFRIG PEPSI PET 2L;BEBIDAS;77695;08/06/2026;142648;74300;8;598;88;11;0;17/06/2026;BRUNO;145
17;43;AGUA MIN CRYSTAL PET 500ML S GAS;BEBIDAS;77695;08/06/2026;142648;74300;12;9564;36;3;0;17/06/2026;BRUNO;90
17;762;REFRIG COCA COLA PET 200ML;BEBIDAS;77695;08/06/2026;142648;74300;12;348;216;18;0;17/06/2026;BRUNO;598
17;178;CERV KAISER LT 473ML;BEBIDAS;77695;08/06/2026;142648;74300;12;1;156;0;0;17/06/2026;BRUNO;148
17;786;REFRIG ANTARCTICA GUARANA PET 2L ZERO;BEBIDAS;77695;08/06/2026;142648;74300;8;248;48;6;0;17/06/2026;BRUNO;7
17;260;CERV HEINEKEN LN 330ML;BEBIDAS;77695;08/06/2026;142648;74300;24;216;72;3;0;17/06/2026;BRUNO;0
17;889;REFRIG COCA COLA LT 350ML;BEBIDAS;77695;08/06/2026;142648;74300;12;0;324;27;0;17/06/2026;BRUNO;10
17;20454;MANG DUOCOLOR 10MTS;NAO ALIMENTO;77731;08/06/2026;142666;74389;1;213;2;0;0;;;1
18;8146;SH ANTIC CLEAR 200ML MEN HIDRATAC CAMPEA;PERFUMARIA E LIMPEZA;78087;08/06/2026;143698;74817;12;36;12;1;1;10/06/2026;JESSICA;26
18;5592;DESOD AERO REXONA 150ML 90G POWDER DRY;PERFUMARIA E LIMPEZA;78087;08/06/2026;143698;74817;12;216;36;3;3;10/06/2026;JESSICA;46
18;5586;DESOD AERO REXONA 150ML 90G MEN ANT INVI;PERFUMARIA E LIMPEZA;78087;08/06/2026;143698;74817;12;276;24;2;2;10/06/2026;JESSICA;39
18;5584;DESOD AERO REXONA 150ML 90G COTTON;PERFUMARIA E LIMPEZA;78087;08/06/2026;143698;74817;12;480;24;2;2;10/06/2026;JESSICA;25
18;2026;MILHO PIPOCA SERRA URUGUAI TP1 400G;MERCEARIA;78087;08/06/2026;143698;74817;20;0;160;0;0;09/06/2026;LUIS GUILHERME;240
18;8148;SH ANTIC CLEAR 200ML MEN LIMP DIAR 2EM1;PERFUMARIA E LIMPEZA;78087;08/06/2026;143698;74817;12;36;24;1;1;10/06/2026;CAROLINA;13
18;8149;SH ANTIC CLEAR 200ML MEN LIMPEZA PROFUND;PERFUMARIA E LIMPEZA;78087;08/06/2026;143698;74817;12;0;12;1;1;10/06/2026;CAROLINA;10
18;8151;SH ANTIC CLEAR 200ML WOMEN HIDRATACAO INT;PERFUMARIA E LIMPEZA;78087;08/06/2026;143698;74817;12;96;24;0;0;10/06/2026;JESSICA;17
18;5585;DESOD AERO REXONA 150ML 90G FRUTAS VERM;PERFUMARIA E LIMPEZA;78087;08/06/2026;143698;74817;12;276;24;2;2;10/06/2026;JESSICA;40
18;5602;DESOD AERO REXONA 150ML 90G MEN ACTIVE;PERFUMARIA E LIMPEZA;78087;08/06/2026;143698;74817;12;72;24;2;2;10/06/2026;JESSICA;35
18;5588;DESOD AERO REXONA 150ML 90G MEN IMPACT;PERFUMARIA E LIMPEZA;78087;08/06/2026;143698;74817;12;84;36;3;3;10/06/2026;JESSICA;30
18;5601;DESOD AERO REXONA 150ML 89G ERVA DOCE;PERFUMARIA E LIMPEZA;78087;08/06/2026;143698;74817;12;108;24;2;2;10/06/2026;JESSICA;54
18;7973;SABONETE PROTEX 85G ERVA DOCE;PERFUMARIA E LIMPEZA;78124;08/06/2026;143902;74937;72;60;144;2;2;10/06/2026;CAROLINA;49
18;7979;SABONETE PROTEX 85G OMEGA 3;PERFUMARIA E LIMPEZA;78124;08/06/2026;143902;74937;72;72;216;3;3;10/06/2026;JESSICA;71
18;7968;SABONETE PROTEX 85G AVEIA;PERFUMARIA E LIMPEZA;78124;08/06/2026;143902;74937;72;288;144;0;0;10/06/2026;JESSICA;96
18;34302;SAB PROTEX 85G C3 LIMP PROFUNDA;PERFUMARIA E LIMPEZA;78124;08/06/2026;143902;74937;24;864;48;0;0;10/06/2026;JESSICA;34
18;7975;SABONETE PROTEX 85G MACADAMIA;PERFUMARIA E LIMPEZA;78124;08/06/2026;143902;74937;72;0;72;1;1;10/06/2026;CAROLINA;84
18;7974;SABONETE PROTEX 85G LIMPEZA PROFUND;PERFUMARIA E LIMPEZA;78124;08/06/2026;143902;74937;72;216;144;2;2;10/06/2026;JESSICA;47
1;33720;COQUETEL CHICOTE PET 500ML LIMAO;BEBIDAS;78224;09/06/2026;144197;75818;12;24;12;0;0;18/06/2026;CAROLINA;8
1;21728;PAPEL TOAL INTERFLUX NATUPEL C 1000;PERFUMARIA E LIMPEZA;78224;09/06/2026;144197;75818;6;0;12;0;0;10/06/2026;WILLIAN MATEUS;23
1;1849;DROPS FREEGELLS 27 9G EXTRA FORTE;MERCEARIA;78224;09/06/2026;144197;75818;12;1332;36;0;0;11/06/2026;JESSICA;-1754
1;12531;AP GILLETTE PROBAK C 2;PERFUMARIA E LIMPEZA;78224;09/06/2026;144197;75818;14;0;14;0;0;11/06/2026;JOCELAINE;41
1;3397;CALDO APTI 19G LEGUMES;MERCEARIA;78224;09/06/2026;144197;75818;24;4320;96;0;0;11/06/2026;JESSICA;1
1;18174;ESP ACO ASSOLAN C 08;PERFUMARIA E LIMPEZA;78224;09/06/2026;144197;75818;200;0;200;0;0;10/06/2026;RAMIRES;-82
1;847;REFRIG COCA COLA PET 600ML;BEBIDAS;78224;09/06/2026;144197;75818;12;16;12;0;0;18/06/2026;ALEXANDRE;50
1;1372;CHOC CROCANTE GAROTO 25G;MERCEARIA;78478;09/06/2026;144726;75818;30;0;30;0;0;11/06/2026;JESSICA;9
2;59;AGUA GASEIFICADA CRYSTAL PET 510ML FRUTAS VERMELHA;BEBIDAS;78523;09/06/2026;144825;75399;6;6;12;2;0;10/06/2026;PAMELA;41
3;18809;FRALDA PAMPERS CONF SEC C 44 XXXG;PERFUMARIA E LIMPEZA;78621;09/06/2026;145078;75505;2;127;8;4;0;10/06/2026;CAROLINA;42
5;3893;ABS C ABAS DIA NOITE 32 UN SUAVE;PERFUMARIA E LIMPEZA;78230;09/06/2026;144200;75364;16;79;16;1;0;18/06/2026;AUGUSTO;10
5;12289;AGUA SANIT IMPERIAL 1L;PERFUMARIA E LIMPEZA;78230;09/06/2026;144200;75364;12;96;12;0;0;18/06/2026;ALEXSANDRO;12
5;748;REFRIG SARANDI PET 1 5L GUARANA;BEBIDAS;78653;09/06/2026;145178;75538;8;10959;240;30;0;;JESUS;0
7;38145;CAFE SOL NESCAFE VD 200G GTS 10G TRAD;MERCEARIA;78234;09/06/2026;;;12;72;12;0;0;;;-11
7;2087;CHA PRENDA 18G PRETO;MERCEARIA;78234;09/06/2026;;;20;2447;20;0;0;;;79
7;2076;CHA PRENDA 10G CAMOMILA;MERCEARIA;78234;09/06/2026;;;20;3452;20;0;0;;;-29
7;985;MOSTARDA ODERICH SH 1KG;MERCEARIA;78234;09/06/2026;;;6;12;6;0;0;;;81
7;15194;CAFE SOL NESCAFE TRAD SH L40P36G;MERCEARIA;78234;09/06/2026;;;24;0;24;0;0;;;145
8;1036;BALA DORI GELATINA 13G AMORA;MERCEARIA;78236;09/06/2026;144203;75363;12;0;12;0;0;09/06/2026;CAROLINA;-1
8;3400;BARRA CEREAL RITTER 25G BAN AVEIA MEL;MERCEARIA;78236;09/06/2026;144203;75363;24;0;24;0;0;09/06/2026;CAROLINA;37
8;1888;PASTILHA TIC TAC 14 5G MENTA;MERCEARIA;78236;09/06/2026;144203;75363;14;0;14;0;0;09/06/2026;CAROLINA;7
8;1452;CHOC KINDER BUENO 39G;MERCEARIA;78236;09/06/2026;144203;75363;30;0;30;1;1;09/06/2026;CAROLINA;6
8;1267;CHOC BARRA LACTA 80G AMARO 40 CACAU;MERCEARIA;78236;09/06/2026;144203;75363;17;0;17;0;0;09/06/2026;CAROLINA;31
8;1884;PASTILHA TIC TAC 14 5G CITRUS MIX;MERCEARIA;78236;09/06/2026;144203;75363;14;28;14;0;0;09/06/2026;CAROLINA;8
8;8255;SH MONANGE 325ML HIDRATA C PODER;PERFUMARIA E LIMPEZA;78236;09/06/2026;144203;75363;12;0;12;0;0;11/06/2026;JOCELAINE;6
8;19802;KIT SH CD PANTENE 300 150ML COLAGENO;PERFUMARIA E LIMPEZA;78236;09/06/2026;144203;75363;6;0;6;0;0;11/06/2026;JOCELAINE;2
8;1426;CHOC BIS XTRA BLACK CHOCOLATE 45G;MERCEARIA;78236;09/06/2026;144203;75363;24;0;24;0;0;09/06/2026;CAROLINA;30
8;1397;CHOC NESTLE CHOKITO 32G UN;MERCEARIA;78236;09/06/2026;144203;75363;30;0;30;0;0;09/06/2026;CAROLINA;18
8;1039;BALA DORI GELATINA 13G BOCA;MERCEARIA;78236;09/06/2026;144203;75363;12;0;12;0;0;09/06/2026;CAROLINA;0
8;1742;CHICLE FREEGELLS GUM 8G EXTRA FORTE;MERCEARIA;78492;09/06/2026;144733;75363;15;135;30;0;0;09/06/2026;CAROLINA;-9
8;1740;CHICLE FREEGELLS GUM 8G MORANGO;MERCEARIA;78492;09/06/2026;144733;75363;15;675;150;0;0;09/06/2026;CAROLINA;3
8;1431;CHOC KIT KAT 41 5G DARK;MERCEARIA;78492;09/06/2026;144733;75363;96;0;192;2;2;09/06/2026;CAROLINA;60
8;3401;BARRA CEREAL RITTER 25G BANANA ZR ACUC;MERCEARIA;78492;09/06/2026;144733;75363;24;0;72;0;0;09/06/2026;CAROLINA;10
11;5598;DESOD AERO REXONA 150ML 90G XTRACOL MEN;PERFUMARIA E LIMPEZA;78706;09/06/2026;145353;75605;12;0;12;1;0;10/06/2026;LUIS GUILHERME;47
11;5588;DESOD AERO REXONA 150ML 90G MEN IMPACT;PERFUMARIA E LIMPEZA;78706;09/06/2026;145353;75605;12;84;12;1;0;10/06/2026;LUIS GUILHERME;37
11;2026;MILHO PIPOCA SERRA URUGUAI TP1 400G;MERCEARIA;78706;09/06/2026;145353;75605;20;0;100;0;0;10/06/2026;LUIS GUILHERME;-12
12;3635;SAL MOIDO CBS 1KG;MERCEARIA;78240;09/06/2026;144205;75110;10;446;40;4;0;17/06/2026;GABRIELL2;-2
12;1294;CHOC BARRA NESTLE 80G AO LEITE;MERCEARIA;78496;09/06/2026;144735;75828;64;0;64;0;0;10/06/2026;FERNANDO PAZ;88
12;35236;BOMBOM LACTA OREO 20G;MERCEARIA;78496;09/06/2026;144735;75828;27;2538;135;5;0;10/06/2026;FERNANDO PAZ;0
12;13708;BOMBOM LACTA SONHO VALSA 20G;MERCEARIA;78496;09/06/2026;144735;75828;50;9300;250;5;0;10/06/2026;FERNANDO PAZ;1233
12;1431;CHOC KIT KAT 41 5G DARK;MERCEARIA;78496;09/06/2026;144735;75828;96;0;192;2;0;10/06/2026;FERNANDO PAZ;24
12;1276;CHOC BARRA GAROTO 80G MEIO AMARGO;MERCEARIA;78496;09/06/2026;144735;75828;16;0;48;3;0;10/06/2026;FERNANDO PAZ;0
12;1747;CHICLE FREEGELLS GUM 8G ORIG CHERRY;MERCEARIA;78496;09/06/2026;144735;75828;15;0;60;4;0;10/06/2026;FERNANDO PAZ;-1
12;1271;CHOC BARRA GAROTO 80G CROCANTE;MERCEARIA;78496;09/06/2026;144735;75828;16;112;160;10;0;10/06/2026;FERNANDO PAZ;52
12;1702;CONFEITO MMS 120G CRISPY;MERCEARIA;78496;09/06/2026;144735;75828;24;48;24;1;0;10/06/2026;FERNANDO PAZ;16
12;3388;CALDO GALINHA KNORR 57G;MERCEARIA;78496;09/06/2026;144735;75828;10;20;10;1;0;10/06/2026;FERNANDO PAZ;29
12;1740;CHICLE FREEGELLS GUM 8G MORANGO;MERCEARIA;78496;09/06/2026;144735;75828;15;675;300;20;0;10/06/2026;FERNANDO PAZ;0
12;3401;BARRA CEREAL RITTER 25G BANANA ZR ACUC;MERCEARIA;78496;09/06/2026;144735;75828;24;0;120;5;0;10/06/2026;FERNANDO PAZ;3
13;7949;SABON PALMOLIVE NATURALS 150G OLEO NUTRITIVO;PERFUMARIA E LIMPEZA;78242;09/06/2026;144206;75111;72;24;72;1;1;;CAROLINA;2
13;6226;GEL DENT SORRISO FRESH 90G MENTHOL IMPACT;PERFUMARIA E LIMPEZA;78242;09/06/2026;144206;75111;12;144;84;0;0;;CAROLINA;37
13;8442;SILICONE DESTAQUE AERO 400ML LAVANDA;PERFUMARIA E LIMPEZA;78242;09/06/2026;144206;75111;1;0;1;0;0;09/06/2026;RONAS;8
13;24340;SH PALMOLIVE 650ML NATURALS CERAM;PERFUMARIA E LIMPEZA;78242;09/06/2026;144206;75111;6;0;6;1;1;;CAROLINA;0
13;5808;ESC DENTAL COLGATE INFUSAO CARV 2UN;PERFUMARIA E LIMPEZA;78242;09/06/2026;144206;75111;12;0;24;2;2;;CAROLINA;14
13;5355;CREME BARBA BOZZANO 65G ALOE VERA;PERFUMARIA E LIMPEZA;78242;09/06/2026;144206;75111;1;0;1;0;0;;CAROLINA;0
13;25106;VASSOURA JARDINEIRA S CABO;PERFUMARIA E LIMPEZA;78242;09/06/2026;144206;75111;1;-12;6;0;0;09/06/2026;RONAS;14
13;7875;SABONETE DOVE 90G ERVA DOCE;PERFUMARIA E LIMPEZA;78242;09/06/2026;144206;75111;48;3135;48;0;0;;CAROLINA;1
13;5042;COND PANTENE 400ML LISO EXTREMO;PERFUMARIA E LIMPEZA;78242;09/06/2026;144206;75111;6;0;6;1;1;;CAROLINA;3
13;7399;PASTILHA PATO PROMO 3UN LAVANDA;PERFUMARIA E LIMPEZA;78242;09/06/2026;144206;75111;8;0;16;0;0;;CAROLINA;-2
13;6021;ESPUMA BARBA BOZZANO 193G HIDRATACAO;PERFUMARIA E LIMPEZA;78242;09/06/2026;144206;75111;1;0;1;0;0;;CAROLINA;1
13;10240;SH DARLING 350ML CERAMIDAS;PERFUMARIA E LIMPEZA;78242;09/06/2026;144206;75111;6;0;6;1;1;;CAROLINA;0
13;33890;KIT SH CD DOVE 350ML 175ML NUTRICAO;PERFUMARIA E LIMPEZA;78242;09/06/2026;144206;75111;8;0;8;0;0;;CAROLINA;0
13;1498;CHOC KINDER JOY T1 20G;MERCEARIA;78498;09/06/2026;144736;75829;48;20;48;0;0;12/06/2026;JOCELAINE;36
13;3524;FERM QUIMICO PO FLEISCHMANN PT 100G;MERCEARIA;78498;09/06/2026;144736;75829;12;480;36;0;0;12/06/2026;JOCELAINE;-1
13;3401;BARRA CEREAL RITTER 25G BANANA ZR ACUC;MERCEARIA;78498;09/06/2026;144736;75829;24;0;120;0;0;12/06/2026;JOCELAINE;17
13;1276;CHOC BARRA GAROTO 80G MEIO AMARGO;MERCEARIA;78498;09/06/2026;144736;75829;16;0;96;0;0;12/06/2026;JOCELAINE;1
13;1740;CHICLE FREEGELLS GUM 8G MORANGO;MERCEARIA;78498;09/06/2026;144736;75829;15;675;150;0;0;12/06/2026;JOCELAINE;0
13;1271;CHOC BARRA GAROTO 80G CROCANTE;MERCEARIA;78498;09/06/2026;144736;75829;16;112;320;0;0;12/06/2026;JOCELAINE;1
13;1354;CHOC BATON GAROTO 16G BRANCO;MERCEARIA;78498;09/06/2026;144736;75829;30;30;90;3;3;12/06/2026;JESSICA;27
13;1353;CHOC BATON GAROTO 16G AO LEITE;MERCEARIA;78498;09/06/2026;144736;75829;30;0;60;0;0;12/06/2026;JOCELAINE;-33
13;748;REFRIG SARANDI PET 1 5L GUARANA;BEBIDAS;78665;09/06/2026;145184;75544;8;10959;320;40;40;09/06/2026;BRUNO ANTUNES;652
13;2026;MILHO PIPOCA SERRA URUGUAI TP1 400G;MERCEARIA;78710;09/06/2026;145355;75607;20;0;100;0;0;11/06/2026;EVERTON;4
13;193;CERV PROVINCIA PILSEN PREM LT 473ML;BEBIDAS;78710;09/06/2026;145355;75607;12;21324;480;40;40;10/06/2026;E.RODRIGUES;113
13;244;CERV CORONA ZERO LN 330ML;BEBIDAS;78749;09/06/2026;145439;75650;24;2928;24;1;1;09/06/2026;LUAN;87
13;246;CERV CORONA EXTRA LN 330ML;BEBIDAS;78749;09/06/2026;145439;75650;24;5184;48;2;2;09/06/2026;LUAN;149
13;35127;TOALHA UMED BEBE LIMPINHO C45;PERFUMARIA E LIMPEZA;78749;09/06/2026;145439;75650;24;288;48;2;2;09/06/2026;LUAN;25
17;20454;MANG DUOCOLOR 10MTS;NAO ALIMENTO;78280;09/06/2026;144225;75343;1;213;1;0;0;;;1
17;33464;SABAO GIRANDO SOL C 5 GLICE NEUTRO;PERFUMARIA E LIMPEZA;78598;09/06/2026;145036;75515;10;70;20;2;2;11/06/2026;EVERTON;-1
17;4113;ALVEJ GIRANDO SOL 1L LAVANDA;PERFUMARIA E LIMPEZA;78598;09/06/2026;145036;75515;12;72;24;2;0;11/06/2026;EVERTON;19
17;12410;AMACIANTE GIRANDO SOL 500ML AZUL;PERFUMARIA E LIMPEZA;78598;09/06/2026;145036;75515;12;180;12;1;0;11/06/2026;EVERTON;12
18;21379;OLEO IPIRANGA F1 MASTER PERF 15W40 1L;PERFUMARIA E LIMPEZA;78248;09/06/2026;144209;75367;24;0;24;0;1;09/06/2026;SAMUEL;13
18;33373;DESO AERO AXE 200ML BLACK ALE E CED;PERFUMARIA E LIMPEZA;78248;09/06/2026;144209;75367;12;1524;36;0;0;09/06/2026;JESSICA;2
18;6226;GEL DENT SORRISO FRESH 90G MENTHOL IMPACT;PERFUMARIA E LIMPEZA;78248;09/06/2026;144209;75367;12;144;96;8;8;09/06/2026;JESSICA;16
18;5021;COND PANTENE 150ML COLAGENO;PERFUMARIA E LIMPEZA;78248;09/06/2026;144209;75367;12;24;12;0;0;09/06/2026;JESSICA;7
18;10109;REPARADOR DI HELLEN PONTAS 30G PROT TERMICA;PERFUMARIA E LIMPEZA;78248;09/06/2026;144209;75367;12;12;12;0;0;09/06/2026;JESSICA;24
18;10241;SH DARLING 350ML TILIA;PERFUMARIA E LIMPEZA;78248;09/06/2026;144209;75367;6;0;6;0;0;09/06/2026;JESSICA;1
18;2266;CAPSULA DOLCE GUSTO 170G C 10 CAPP DOCE LEITE;MERCEARIA;78248;09/06/2026;144209;75367;6;6;6;0;0;;;21
18;8195;SH DOVE 400ML RITUAL REPARA;PERFUMARIA E LIMPEZA;78248;09/06/2026;144209;75367;12;12;12;0;0;09/06/2026;JESSICA;8
18;6021;ESPUMA BARBA BOZZANO 193G HIDRATACAO;PERFUMARIA E LIMPEZA;78248;09/06/2026;144209;75367;1;0;3;0;0;09/06/2026;JESSICA;-6
18;7415;PEDRA PATO 25G C 25 POR CENTO DESC MARINE;PERFUMARIA E LIMPEZA;78248;09/06/2026;144209;75367;48;0;48;1;1;09/06/2026;JESSICA;107
18;25106;VASSOURA JARDINEIRA S CABO;PERFUMARIA E LIMPEZA;78248;09/06/2026;144209;75367;1;-12;2;0;0;09/06/2026;SAMUEL;6
18;24643;TCO P PES AMAZONIA 100G MENTOLADO;PERFUMARIA E LIMPEZA;78248;09/06/2026;144209;75367;48;48;48;1;1;09/06/2026;JESSICA;-3
18;34568;CR DENT COLGATE NATURALS 90G BIC E HORTELA;PERFUMARIA E LIMPEZA;78248;09/06/2026;144209;75367;12;144;12;0;0;09/06/2026;JESSICA;31
18;2491;KETCHUP ODERICH BISNAG 200G TRAD;MERCEARIA;78248;09/06/2026;;;24;120;24;0;0;;;96
18;20444;MAMAD LOLLY TIP SIL R 240ML M 1360 01 M;PERFUMARIA E LIMPEZA;78248;09/06/2026;144209;75367;6;6;6;0;0;09/06/2026;JESSICA;5
18;7872;SABONETE DOVE 90G PROTEGE CUIDA;PERFUMARIA E LIMPEZA;78248;09/06/2026;144209;75367;48;5574;48;1;1;09/06/2026;JESSICA;31
18;5355;CREME BARBA BOZZANO 65G ALOE VERA;PERFUMARIA E LIMPEZA;78248;09/06/2026;144209;75367;1;0;2;0;0;09/06/2026;JESSICA;0
18;36077;KIT SH CD SALON LINE 300ML OLEO DE COCO;PERFUMARIA E LIMPEZA;78248;09/06/2026;144209;75367;6;1;6;0;0;09/06/2026;JESSICA;4
18;9236;CR TRAT VINI LADY SC 700G REPARACAO TOTAL;PERFUMARIA E LIMPEZA;78248;09/06/2026;144209;75367;12;36;12;0;0;09/06/2026;JESSICA;5
18;5022;COND PANTENE 150ML EQUIL ALGA MAR;PERFUMARIA E LIMPEZA;78248;09/06/2026;144209;75367;12;0;12;0;0;09/06/2026;JESSICA;7
18;20279;LUVA CONF LATEX P AMARELA;PERFUMARIA E LIMPEZA;78248;09/06/2026;144209;75367;12;0;12;0;0;09/06/2026;SAMUEL;-22
18;38201;MINI MAM LOLLY CLEAN 50ML F;PERFUMARIA E LIMPEZA;78248;09/06/2026;144209;75367;6;12;6;0;0;09/06/2026;JESSICA;5
18;8721;VELA SANDERO N1 BRANCA 8UN 80G;PERFUMARIA E LIMPEZA;78248;09/06/2026;144209;75367;24;2040;24;1;1;09/06/2026;SAMUEL;89
18;8286;SH PANTENE 175ML COLAGENO;PERFUMARIA E LIMPEZA;78248;09/06/2026;144209;75367;6;40;6;0;0;09/06/2026;JESSICA;4
18;37887;TIT COR E TON S AMONIA 2 0 PTO;PERFUMARIA E LIMPEZA;78248;09/06/2026;144209;75367;6;0;6;0;0;09/06/2026;JESSICA;6
1;3397;CALDO APTI 19G LEGUMES;MERCEARIA;78857;10/06/2026;145734;75818;24;4320;24;0;0;11/06/2026;JESSICA;1
1;16593;CORT UNHA INOX PREMIUM 5 2CM 1PC;PERFUMARIA E LIMPEZA;78857;10/06/2026;145734;75818;1;0;1;0;0;10/06/2026;RAMIRES;2
1;5806;ESC DENTAL COLGATE ESSENCIAL CLEAN PACK 06UN;PERFUMARIA E LIMPEZA;78857;10/06/2026;145734;75818;6;120;24;0;0;11/06/2026;JOCELAINE;4
1;648;WHISKY MASTER GOLD VD 900ML;BEBIDAS;78857;10/06/2026;145734;75818;1;158;4;4;4;11/06/2026;JESSICA;0
3;36297;CANETA ESF TRIGLOW LYKE C 10 CORES;NAO ALIMENTO;78893;10/06/2026;145752;76011;10;80;10;1;0;10/06/2026;M EDUARDA;33
3;15033;CAD ESPI CD 10X1 200FLS BRASILIDADE;NAO ALIMENTO;78893;10/06/2026;145752;76011;1;28;3;3;0;10/06/2026;M EDUARDA;0
3;15383;CAN HIDROCOR BIC EVOLUT 12 CORES;NAO ALIMENTO;78893;10/06/2026;145752;76011;1;1;1;1;0;10/06/2026;M EDUARDA;26
3;6109;FOSFORO GABOARDI 10UN;NAO ALIMENTO;78893;10/06/2026;145752;76011;20;1200;20;0;0;10/06/2026;M EDUARDA;-95
3;14985;CAD ESPI CD 1 4 80FLS FROZEN;NAO ALIMENTO;78893;10/06/2026;145752;76011;5;24;5;1;0;10/06/2026;M EDUARDA;13
3;24968;TOAL ROSTO FAVO 40X60;NAO ALIMENTO;78893;10/06/2026;145752;76011;1;0;11;0;0;10/06/2026;M EDUARDA;22
3;18516;FILME UTILFILME 15M;NAO ALIMENTO;78893;10/06/2026;145752;76011;25;500;50;0;0;10/06/2026;M EDUARDA;42
3;17012;CUIA PINTADA S/TAPA ERVA;NAO ALIMENTO;78893;10/06/2026;145752;76011;1;0;2;0;0;10/06/2026;M EDUARDA;-4
3;33305;TAPETE BOX OVAL PVC 61X35CM;NAO ALIMENTO;78893;10/06/2026;145752;76011;1;21;2;0;0;10/06/2026;M EDUARDA;3
3;18914;GARFO REFEICAO FORFEST PREM 25UN CRISTAL;NAO ALIMENTO;78893;10/06/2026;145752;76011;20;20;20;1;0;10/06/2026;M EDUARDA;-36
3;6631;LAMP ELGIN BULBO 9W 6500K 220V;NAO ALIMENTO;78893;10/06/2026;145752;76011;10;9400;10;0;0;10/06/2026;M EDUARDA;326
3;7256;PALITO DENTAL GABOARDI 80UN PREMIUM;NAO ALIMENTO;78893;10/06/2026;145752;76011;25;1500;200;8;0;10/06/2026;M EDUARDA;-9
3;12971;BALAO ZERINHO C 100 SORT;NAO ALIMENTO;78893;10/06/2026;145752;76011;1;36;9;9;0;10/06/2026;M EDUARDA;0
3;17476;DUCHA ENERDUCHA UP4 6800W 220V BCO;NAO ALIMENTO;78893;10/06/2026;145752;76011;1;0;1;0;0;10/06/2026;M EDUARDA;29
3;19335;INCENSO FLUTE C 8 ARRUDA;NAO ALIMENTO;78893;10/06/2026;145752;76011;25;0;25;0;0;10/06/2026;M EDUARDA;56
3;19356;INCENSO FLUTE C 8 SAL GROSSO;NAO ALIMENTO;78893;10/06/2026;145752;76011;25;250;25;1;0;10/06/2026;M EDUARDA;85
3;15115;CAD ESPI CD 80FLS CARTOGRAFIA T DUDA;NAO ALIMENTO;78893;10/06/2026;145752;76011;4;0;4;0;0;10/06/2026;M EDUARDA;25
3;22275;PORTA SAB LIQ SANREMO 280ML;NAO ALIMENTO;78893;10/06/2026;145752;76011;1;0;5;0;0;10/06/2026;M EDUARDA;16
3;15757;CERV IMPERIO PILSEN LT 473ML PURO MALTE;BEBIDAS;79071;10/06/2026;148398;76966;12;1344;2640;220;0;;;1295
5;12168;ABS DEFINITY C ABAS C 8;PERFUMARIA E LIMPEZA;78863;10/06/2026;145737;75819;60;1260;60;1;0;11/06/2026;MONIQUE;1
5;5250;CR DENT CLOSE UP 70G TRIPLE HORTELA;PERFUMARIA E LIMPEZA;78863;10/06/2026;145737;75819;72;216;72;1;0;11/06/2026;MONIQUE;1
5;7928;SABONETE LUX 85G LIRIO AZUL;PERFUMARIA E LIMPEZA;78863;10/06/2026;145737;75819;108;0;108;1;0;11/06/2026;MONIQUE;14
5;34830;MASC TRATAMENTO SEDA 300G BRILHO CERAMIDA;PERFUMARIA E LIMPEZA;78863;10/06/2026;145737;75819;6;24;6;1;0;11/06/2026;MONIQUE;5
5;5513;DESOD AERO AXE BS 150ML 96G DARK TEMPTATION;PERFUMARIA E LIMPEZA;78863;10/06/2026;145737;75819;12;0;24;2;0;11/06/2026;MONIQUE;-12
5;20415;MAMAD CEFISA SIL 240ML;PERFUMARIA E LIMPEZA;78863;10/06/2026;145737;75819;12;0;12;1;1;11/06/2026;FERNANDO PAZ;8
5;847;REFRIG COCA COLA PET 600ML;BEBIDAS;78863;10/06/2026;145737;75819;12;16;12;0;0;18/06/2026;ALEXSANDRO;239
5;16844;CR DEN COLGATE T ACAO XTRA 120G WHITE;PERFUMARIA E LIMPEZA;78863;10/06/2026;145737;75819;72;384;72;1;0;11/06/2026;MONIQUE;0
5;5355;CREME BARBA BOZZANO 65G ALOE VERA;PERFUMARIA E LIMPEZA;78863;10/06/2026;145737;75819;1;0;1;0;0;11/06/2026;MONIQUE;4
5;19315;COT HASTES FLEX COTTONBABY PT 100UN;PERFUMARIA E LIMPEZA;78863;10/06/2026;145737;75819;1;16;1;0;0;11/06/2026;FERNANDO PAZ;6
7;2859;MASSA C OVOS NORDESTE 500G ESPAGUETE;MERCEARIA;78867;10/06/2026;145739;75820;15;-15;30;2;0;;;15
7;4052;ALIM GATO FRISKIES 85G PERU AO MOLHO;PRODUTOS PET;78867;10/06/2026;145739;75820;15;15;15;1;0;;;29
7;2740;MACARRAO CUP NOODLES 69G CHEDDAR;MERCEARIA;78867;10/06/2026;145739;75820;24;696;24;1;0;;;0
7;2873;MASSA C OVOS NORDESTE 500G NINHO;MERCEARIA;78867;10/06/2026;145739;75820;20;17;20;1;0;;;4
7;6617;KIT SH SEDA SH 300 COND 190ML LISO PERFEITO;PERFUMARIA E LIMPEZA;78867;10/06/2026;145739;75820;15;2445;15;0;0;12/06/2026;JOCELAINE;2
7;2908;MASSA C OVOS ISABELA 500G LINGUINE;MERCEARIA;78867;10/06/2026;145739;75820;16;744;16;1;0;;;22
7;6660;LAQUE AERO KARINA 250ML TRADICIONAL;PERFUMARIA E LIMPEZA;78867;10/06/2026;145739;75820;12;0;12;1;1;12/06/2026;JOCELAINE;10
7;22697;RAC CBS GATO PEIXE CAR 500G;PRODUTOS PET;78867;10/06/2026;145739;75820;10;152;20;2;0;;;-9
7;22684;RAC AMIGO PET GATO PEIXE 500G;PRODUTOS PET;78867;10/06/2026;145739;75820;22;43;22;1;0;;;1
7;3997;ALIM CAO DOG CHOW100G SACHE TOD TAM FILHO TD CARNE;PRODUTOS PET;78867;10/06/2026;145739;75820;15;0;15;1;0;;;60
7;3735;TEMP SAZON 60G FEIJAO;MERCEARIA;78867;10/06/2026;145739;75820;48;0;48;1;0;;;0
7;3669;TEMP COMPLETO NEILAR 250G S PIMENTA;MERCEARIA;78867;10/06/2026;145739;75820;24;0;24;1;0;;;1
7;5314;CR PENT SEDA 300ML SOS CERAMIDAS;PERFUMARIA E LIMPEZA;78867;10/06/2026;145739;75820;12;132;12;1;1;12/06/2026;JOCELAINE;-3
7;5250;CR DENT CLOSE UP 70G TRIPLE HORTELA;PERFUMARIA E LIMPEZA;78867;10/06/2026;145739;75820;72;216;72;0;0;12/06/2026;JOCELAINE;8
7;4046;ALIM GATO FRISKIES 85G CORDEIR AO MOLH;PRODUTOS PET;78867;10/06/2026;145739;75820;15;30;15;1;0;;;121
7;3998;ALIM CAO DOG CHOW100G SACHE TOD TAM FRANGO ADULTO;PRODUTOS PET;78867;10/06/2026;145739;75820;15;0;15;1;0;;;72
7;2823;MASSA C OVOS STA FELICIDADE 500G ESPAGUETE;MERCEARIA;78867;10/06/2026;145739;75820;20;0;20;1;0;;;197
7;20365;MAC INST NISSIN TALH 99G FGO;MERCEARIA;78867;10/06/2026;145739;75820;50;100;50;1;0;;;0
7;22698;RAC DOCATS 1K;PRODUTOS PET;78867;10/06/2026;145739;75820;10;0;20;2;0;;;19
7;20316;MACARRAO INST GERMANI 63G CARNE;MERCEARIA;78867;10/06/2026;145739;75820;50;16449;50;1;0;;;198
7;20343;MAC INST NISSIN 85G CARNE;MERCEARIA;78867;10/06/2026;145739;75820;50;2000;50;1;0;;;-86
7;3671;TEMP COMPLETO NEILAR 250G C PIMENTA;MERCEARIA;78867;10/06/2026;145739;75820;24;48;48;2;0;;;0
7;2917;MASSA C OVOS ISABELA 500G MACARRAO;MERCEARIA;78867;10/06/2026;145739;75820;16;96;16;1;0;;;0
7;16930;CR TRAT CAPILAR HEDERA BABOSA 960G;PERFUMARIA E LIMPEZA;78867;10/06/2026;145739;75820;6;0;6;0;0;12/06/2026;JOCELAINE;0
7;3992;ALIM CAO DOG CHOW100G SACHE TOD TAM AD RA PEQ FRAN;PRODUTOS PET;78867;10/06/2026;145739;75820;15;75;15;1;0;;;33
7;4048;ALIM GATO FRISKIES 85G FRANGO MOLHO;PRODUTOS PET;78867;10/06/2026;145739;75820;15;1575;15;1;0;;;95
7;2738;MACARRAO CUP NOODLES 69G CARNE DEF;MERCEARIA;78867;10/06/2026;145739;75820;24;672;24;1;0;;;-1
7;22683;RAC AMIGO PET GATO MIX 500G;PRODUTOS PET;78867;10/06/2026;145739;75820;22;22;22;1;0;;;2
7;868;MAIONESE HELLMANNS SH 1KG;MERCEARIA;79150;10/06/2026;147839;76761;12;444;120;10;10;11/06/2026;JOSE ANTONIO;-20
8;33249;REFRIG FRUKI FRAMBOESA PET 200ML FRAMBOESA;BEBIDAS;78869;10/06/2026;145740;75812;12;12;12;0;0;18/06/2026;WENDRIO;19
8;3399;CALDO APTI 57G BACON;MERCEARIA;78869;10/06/2026;145740;75812;10;540;10;1;0;11/06/2026;MONIQUE;4
8;21355;ODORIZ TECIDO AMAZON 500ML BABY;PERFUMARIA E LIMPEZA;78869;10/06/2026;145740;75812;12;0;12;1;0;11/06/2026;FERNANDO PAZ;2
8;814;REFRIGC COLA FRUKI PET 2 L COLA ZERO;BEBIDAS;78869;10/06/2026;145740;75812;6;0;6;0;0;18/06/2026;WENDRIO;3
8;33705;SH SEDA 425ML CERAMIDAS;PERFUMARIA E LIMPEZA;78869;10/06/2026;145740;75812;12;0;12;1;0;11/06/2026;FERNANDO PAZ;0
8;15296;CALDO MAGGI 57G LEGUMES;MERCEARIA;78869;10/06/2026;145740;75812;10;0;10;1;0;11/06/2026;MONIQUE;23
8;33265;REFRIG FRUKI GUAR ZR PET 3L GUARANA ZERO;BEBIDAS;78869;10/06/2026;145740;75812;4;628;4;0;0;18/06/2026;WENDRIO;52
11;5173;CORANTE TINGECOR 40G GUARANY PRETO N31;PERFUMARIA E LIMPEZA;78871;10/06/2026;145741;75825;6;0;6;0;0;10/06/2026;RAMIRES;13
11;20281;LUVA DANNY SILVER GRIP G AZUL;PERFUMARIA E LIMPEZA;78871;10/06/2026;145741;75825;12;0;12;0;0;10/06/2026;RAMIRES;0
11;33759;ESCOVA P MAMADEIRA CABO PLASTICO;PERFUMARIA E LIMPEZA;78871;10/06/2026;145741;75825;1;0;1;0;0;10/06/2026;RAMIRES;2
11;20193;LIXA P PES DUPLA FACE;PERFUMARIA E LIMPEZA;78871;10/06/2026;145741;75825;1;0;2;2;0;10/06/2026;RAMIRES;2
11;5877;ESFREGAO ACO DIVINOX 10G;PERFUMARIA E LIMPEZA;78871;10/06/2026;145741;75825;50;1000;100;0;0;10/06/2026;RAMIRES;1
11;25106;VASSOURA JARDINEIRA S CABO;PERFUMARIA E LIMPEZA;78871;10/06/2026;145741;75825;1;-12;10;0;0;10/06/2026;RAMIRES;7
12;1837;PAST DOCILE ROLLY MINTY 29G FRUIT;MERCEARIA;78873;10/06/2026;145742;75828;12;1596;12;1;0;10/06/2026;FERNANDO PAZ;14
12;1852;DROPS FREEGELLS 27 9G MENTA;MERCEARIA;78873;10/06/2026;145742;75828;12;672;12;1;0;10/06/2026;FERNANDO PAZ;6
12;3405;BARRA CEREAL RITTER 22G BRIGADEIRO;MERCEARIA;78873;10/06/2026;145742;75828;24;0;24;1;0;10/06/2026;FERNANDO PAZ;69
13;633;VODKA TAIGA PREMIUM VD 1L;BEBIDAS;78875;10/06/2026;145743;75829;1;0;5;0;0;12/06/2026;JOCELAINE;10
13;1886;PASTILHA TIC TAC 14 5G FRUTAS;MERCEARIA;78875;10/06/2026;145743;75829;14;0;14;1;1;12/06/2026;JOCELAINE;5
17;24107;SC LIXO ROL CASAFORT 100L C 10 AZ;PERFUMARIA E LIMPEZA;78879;10/06/2026;145745;75833;25;25;75;3;0;10/06/2026;RAMIRES;-21
17;5877;ESFREGAO ACO DIVINOX 10G;PERFUMARIA E LIMPEZA;78879;10/06/2026;145745;75833;50;1000;100;0;0;10/06/2026;RAMIRES;-78
17;20193;LIXA P PES DUPLA FACE;PERFUMARIA E LIMPEZA;78879;10/06/2026;145745;75833;1;0;2;2;0;10/06/2026;RAMIRES;-7
17;18565;FLANELA ALG SUE 40X30CM;PERFUMARIA E LIMPEZA;78879;10/06/2026;145745;75833;12;204;12;1;0;10/06/2026;RAMIRES;7
17;16593;CORT UNHA INOX PREMIUM 5 2CM 1PC;PERFUMARIA E LIMPEZA;78879;10/06/2026;145745;75833;1;0;2;0;0;10/06/2026;RAMIRES;4
17;18568;FLANELA ALG SUE 58X38;PERFUMARIA E LIMPEZA;78879;10/06/2026;145745;75833;12;0;24;2;0;10/06/2026;RAMIRES;-3
17;20281;LUVA DANNY SILVER GRIP G AZUL;PERFUMARIA E LIMPEZA;78879;10/06/2026;145745;75833;12;0;12;0;0;10/06/2026;RAMIRES;0
17;22687;RAC CANISTER ALMONDEGA 7K;PRODUTOS PET;78879;10/06/2026;145745;75833;1;0;1;0;0;10/06/2026;ELIAS;10
17;22707;RAC DODOPREM P RACAS 10 1K;PRODUTOS PET;78879;10/06/2026;145745;75833;1;9;1;1;1;10/06/2026;ELIAS;20
17;5174;CORDA VARAL ANGELINA EXT FORTE 15MT;PERFUMARIA E LIMPEZA;78879;10/06/2026;145745;75833;12;0;12;0;0;10/06/2026;RAMIRES;-9
17;24098;SC LIXO PRO LIXO ROLAO 15L C 100;PERFUMARIA E LIMPEZA;78879;10/06/2026;145745;75833;12;96;12;1;0;10/06/2026;RAMIRES;-10
17;21842;PEN BONITTA P PIOLHO R 535;PERFUMARIA E LIMPEZA;78879;10/06/2026;145745;75833;1;0;1;1;0;10/06/2026;RAMIRES;5
17;24099;SC LIXO PRO LIXO ROLAO 200L C 7;PERFUMARIA E LIMPEZA;78879;10/06/2026;145745;75833;12;36;24;0;0;10/06/2026;RAMIRES;-12
17;5175;CORDA VARAL BALDIN EXTRA FORTE 10MT;PERFUMARIA E LIMPEZA;78879;10/06/2026;145745;75833;12;0;12;1;0;10/06/2026;RAMIRES;-13
17;8442;SILICONE DESTAQUE AERO 400ML LAVANDA;PERFUMARIA E LIMPEZA;78879;10/06/2026;145745;75833;1;0;2;0;0;10/06/2026;RAMIRES;0
17;6018;ESPONJA YPE SINT MULTIUSO UN;PERFUMARIA E LIMPEZA;78879;10/06/2026;145745;75833;60;60;60;0;0;10/06/2026;RAMIRES;60
17;2084;ARROZ BCO REQUINTE TP1 1KG;MERCEARIA;78975;10/06/2026;145903;76459;30;268;90;12;0;;;38
18;4196;AMAC DOWNY 750ML SUAVE;PERFUMARIA E LIMPEZA;78881;10/06/2026;145746;75821;12;206;12;1;1;10/06/2026;ALEX JARDIM;46
18;6930;LIMP UAU 500ML LAVANDA CONFORT;PERFUMARIA E LIMPEZA;78881;10/06/2026;145746;75821;24;120;24;1;1;10/06/2026;ALEX JARDIM;12
18;8806;AGUA SANIT GIRANDO SOL 2L;PERFUMARIA E LIMPEZA;78881;10/06/2026;145746;75821;6;54;6;1;1;10/06/2026;ALEX JARDIM;44
18;6207;GEL ADES PATO AP RF PROMO 38G MARINE;PERFUMARIA E LIMPEZA;78881;10/06/2026;145746;75821;12;208;12;0;0;10/06/2026;ALEX JARDIM;31
18;5671;DETERG GIRANDO SOL 500ML COCO;PERFUMARIA E LIMPEZA;78881;10/06/2026;145746;75821;24;0;24;0;0;10/06/2026;ALEX JARDIM;55
18;5697;AMAC YPE PRO ROUPAS TECIDOS 7L;PERFUMARIA E LIMPEZA;78881;10/06/2026;145746;75821;1;2;1;0;0;10/06/2026;ALEX JARDIM;-1
18;12420;AMAC GOTA LIMPA 2L PETALAS;PERFUMARIA E LIMPEZA;78881;10/06/2026;145746;75821;6;504;6;0;0;10/06/2026;ALEX JARDIM;21
18;4218;AMAC YPE 2L INTENSO;PERFUMARIA E LIMPEZA;78881;10/06/2026;145746;75821;6;726;6;1;1;10/06/2026;ALEX JARDIM;5
18;17351;DET LIQ GOTA LIMPA 3L ORIG;PERFUMARIA E LIMPEZA;78881;10/06/2026;145746;75821;4;-4;4;0;0;10/06/2026;ALEX JARDIM;-3
18;17340;DET LIQ BIO KRISS 500ML CLEAR;PERFUMARIA E LIMPEZA;78881;10/06/2026;145746;75821;24;144;24;0;0;10/06/2026;ALEX JARDIM;0
18;6694;LAVA ROUPA BRILHANTE 3L HIGIENE TOTAL;PERFUMARIA E LIMPEZA;78881;10/06/2026;145746;75821;4;16;4;0;0;10/06/2026;ALEX JARDIM;23
18;4180;AMAC DOWNY 1L REGULAR INTENSO BRISA;PERFUMARIA E LIMPEZA;78881;10/06/2026;145746;75821;12;96;12;0;0;10/06/2026;ALEX JARDIM;39
18;35580;DET LIQ BRILHANTE HIG TOTAL 1 8L;PERFUMARIA E LIMPEZA;78881;10/06/2026;145746;75821;6;83;6;0;0;10/06/2026;ALEX JARDIM;25
18;36264;DET LIQ APYCE SUPER ACAO SH 800ML;PERFUMARIA E LIMPEZA;78881;10/06/2026;145746;75821;12;168;12;0;0;10/06/2026;ALEX JARDIM;0
18;33422;DET PO AQUAFAST MULTIACAO 800G;PERFUMARIA E LIMPEZA;78881;10/06/2026;145746;75821;20;80;20;0;0;10/06/2026;ALEX JARDIM;13
18;5683;DET LIQ GOTA LIMPA 5L NEUTRO;PERFUMARIA E LIMPEZA;78881;10/06/2026;145746;75821;4;4;4;0;0;10/06/2026;ALEX JARDIM;1
18;4217;AMAC YPE 2L ACONCHEGO;PERFUMARIA E LIMPEZA;78881;10/06/2026;145746;75821;6;708;6;1;1;10/06/2026;ALEX JARDIM;23
18;9297;DET LIQ GOTA LIMPA 1L MACA;PERFUMARIA E LIMPEZA;78881;10/06/2026;145746;75821;12;636;24;2;2;10/06/2026;ALEX JARDIM;41
18;5488;DESINF YPE 2L BAK FLORAL;PERFUMARIA E LIMPEZA;78881;10/06/2026;145746;75821;6;18;6;0;0;10/06/2026;ALEX JARDIM;5
18;17191;DESINF IMPERIAL 5L PINHO;PERFUMARIA E LIMPEZA;78881;10/06/2026;145746;75821;4;16;4;0;0;10/06/2026;ALEX JARDIM;0
18;7416;PEDRA SANITARIA GLADE 25G 25 P DESC LAVANDA;PERFUMARIA E LIMPEZA;78881;10/06/2026;145746;75821;48;48;48;0;0;10/06/2026;ALEX JARDIM;191
18;17177;DESINF GOTA LIMPA 2L PINHO;PERFUMARIA E LIMPEZA;78881;10/06/2026;145746;75821;6;48;6;0;0;10/06/2026;ALEX JARDIM;13
18;7833;SABAO PO GIRANDO SOL 800G ROSA;PERFUMARIA E LIMPEZA;78881;10/06/2026;145746;75821;25;125;25;1;1;10/06/2026;ALEX JARDIM;113
18;23131;SABAO ASSIM TIRA MANCHA ROUPA 80G BC;PERFUMARIA E LIMPEZA;78881;10/06/2026;145746;75821;48;0;48;0;0;10/06/2026;ALEX JARDIM;3
18;35698;DET LIQ BARBAREX 5L NEUTRO;PERFUMARIA E LIMPEZA;78881;10/06/2026;145746;75821;2;14;2;0;0;10/06/2026;ALEX JARDIM;-15
1;1845;DROPS FREEGELLS 27 9G EUCALIPTO;MERCEARIA;79195;11/06/2026;147078;76952;12;804;12;0;0;11/06/2026;CAROLINA;-627
1;17309;DESOD ROLLON REXONA 50ML F POWDER;PERFUMARIA E LIMPEZA;79195;11/06/2026;147078;76952;12;0;12;1;1;11/06/2026;CAROLINA;4
1;795;REFRIG COCA COLA PET 2L ZERO;BEBIDAS;79195;11/06/2026;147078;76952;8;64;8;1;0;12/06/2026;FERNANDO.H;7
1;16593;CORT UNHA INOX PREMIUM 5 2CM 1PC;PERFUMARIA E LIMPEZA;79195;11/06/2026;147078;76952;1;0;1;0;0;12/06/2026;RAMIRES;2
1;734;REFRIG COCA COLA LT 220ML;BEBIDAS;79195;11/06/2026;147078;76952;6;12;6;1;0;12/06/2026;FERNANDO.H;-4
1;1894;DROPS FREEGELLS 27 6G CEREJA CHOC;MERCEARIA;79195;11/06/2026;147078;76952;12;672;12;0;0;11/06/2026;CAROLINA;-313
1;207;CERV SCHIN PILSEN LT 473ML;BEBIDAS;79195;11/06/2026;147078;76952;12;0;12;1;0;12/06/2026;FERNANDO.H;-48
1;17317;DESOD ROLLON REXONA 50ML XTRA COOL;PERFUMARIA E LIMPEZA;79195;11/06/2026;147078;76952;12;3;12;0;0;11/06/2026;CAROLINA;2
1;548;GATORADE 500ML UVA;BEBIDAS;79195;11/06/2026;147078;76952;6;60;6;1;0;12/06/2026;FERNANDO.H;4
1;3524;FERM QUIMICO PO FLEISCHMANN PT 100G;MERCEARIA;79195;11/06/2026;147078;76952;12;480;24;0;0;11/06/2026;CAROLINA;33
1;812;REFRIG FANTA UVA PET 2L;BEBIDAS;79195;11/06/2026;147078;76952;8;184;8;1;0;12/06/2026;FERNANDO.H;6
1;193;CERV PROVINCIA PILSEN PREM LT 473ML;BEBIDAS;79195;11/06/2026;147078;76952;12;21324;36;3;0;12/06/2026;FERNANDO.H;137
1;10241;SH DARLING 350ML TILIA;PERFUMARIA E LIMPEZA;79195;11/06/2026;147078;76952;6;0;6;0;0;11/06/2026;CAROLINA;6
2;13059;BANHEIRA ADOLETA INF 20L ROSA BEBE;PERFUMARIA E LIMPEZA;79197;11/06/2026;147079;76452;1;1;1;0;0;11/06/2026;FERNANDO PAZ;4
2;10144;SAB FARNESE 180G AVEIA ESFOL;PERFUMARIA E LIMPEZA;79197;11/06/2026;147079;76452;36;1584;36;0;0;11/06/2026;FERNANDO PAZ;69
2;2627;DOCE LEITE STA CLARA PT 400G;MERCEARIA;79197;11/06/2026;147079;76452;6;0;6;0;0;18/06/2026;BRUNO ANTUNES;5
2;9229;CR TRAT VINI LADY SC 700G BRILHO INTENSO;PERFUMARIA E LIMPEZA;79197;11/06/2026;147079;76452;12;72;12;0;0;11/06/2026;FERNANDO PAZ;6
2;10146;SAB FARNESE 180G FLOR CER VANILA;PERFUMARIA E LIMPEZA;79197;11/06/2026;147079;76452;36;1656;36;0;0;11/06/2026;FERNANDO PAZ;82
2;7925;SABONETE LUX 85G FLOR DE LOTUS;PERFUMARIA E LIMPEZA;79197;11/06/2026;147079;76452;108;1728;108;0;0;11/06/2026;FERNANDO PAZ;35
2;2681;FARINHA MANDIOCA YOKI 500G TORRADA;MERCEARIA;79197;11/06/2026;147079;76452;24;0;24;1;0;18/06/2026;GABRIELL2;68
2;10177;SABON PALMOLIVE NATURALS 85G LEITE ROSAS;PERFUMARIA E LIMPEZA;79197;11/06/2026;147079;76452;108;0;108;0;0;11/06/2026;FERNANDO PAZ;98
2;24342;SH PALMOLIVE 650ML NUTRICAO EXTRA;PERFUMARIA E LIMPEZA;79197;11/06/2026;147079;76452;6;0;6;0;0;11/06/2026;FERNANDO PAZ;0
2;767;REFRIG FRUKI COLA PET 200ML COLA;BEBIDAS;79197;11/06/2026;147079;76452;12;24;12;0;0;18/06/2026;BRUNO ANTUNES;19
2;34830;MASC TRATAMENTO SEDA 300G BRILHO CERAMIDA;PERFUMARIA E LIMPEZA;79197;11/06/2026;147079;76452;6;24;6;0;0;11/06/2026;FERNANDO PAZ;4
2;5226;CR DENT COLGATE T ACAO 90G ORIG;PERFUMARIA E LIMPEZA;79197;11/06/2026;147079;76452;144;1152;144;0;0;11/06/2026;FERNANDO PAZ;43
2;17316;DESOD ROLLON REXONA 50ML WOMEN ANT INV;PERFUMARIA E LIMPEZA;79197;11/06/2026;147079;76452;12;0;12;0;0;11/06/2026;FERNANDO PAZ;3
2;38618;CREME DE PENTEAR SEDA BOOM DEF 1KG;PERFUMARIA E LIMPEZA;79197;11/06/2026;147079;76452;1;1;1;0;0;11/06/2026;FERNANDO PAZ;0
5;6790;LEITE UHT NINHO 1L ZERO LACTOSE;PERECIVEIS;79175;11/06/2026;147068;76460;12;24;12;1;0;12/06/2026;FERNANDO.H;16
5;9756;LEITE TIROL INTEGRAL ZR LACTOSE 1L;PERECIVEIS;79175;11/06/2026;147068;76460;12;72;12;1;0;12/06/2026;FERNANDO.H;94
5;6781;LEITE LV EDGE ELEGE 1L INTEGRAL;PERECIVEIS;79175;11/06/2026;147068;76460;12;252;12;1;0;12/06/2026;FERNANDO.H;20
5;9741;LEITE SANTA CLARA LV SEMI DESN 1L;PERECIVEIS;79175;11/06/2026;147068;76460;12;371;72;6;0;12/06/2026;FERNANDO.H;86
5;10;REFRIG COCA COLA PET 2L;BEBIDAS;79201;11/06/2026;149212;77419;4;0;328;0;0;;;205
5;8858;AP PROBAK II 2UN;PERFUMARIA E LIMPEZA;79201;11/06/2026;147081;76460;14;3934;14;1;1;12/06/2026;JESSICA;0
5;16885;CR LEITE TP ELEGE 200G;MERCEARIA;79201;11/06/2026;147081;76460;24;1416;120;5;0;12/06/2026;FERNANDO.H;-41
5;37863;CREME LEITE TP DAUS 200G;MERCEARIA;79201;11/06/2026;147081;76460;27;216;27;1;0;12/06/2026;FERNANDO.H;-35
5;12289;AGUA SANIT IMPERIAL 1L;PERFUMARIA E LIMPEZA;79201;11/06/2026;147081;76460;12;96;12;0;0;18/06/2026;SANTA MARIA;12
5;21689;PAPEL HIG MILI PRIME FLA TPL 20M 12UN;PERFUMARIA E LIMPEZA;79201;11/06/2026;147081;76460;8;0;8;0;0;12/06/2026;WILLIAN MATEUS;5
5;2361;FEIJAO VERMELHO ARBAZA 500G;MERCEARIA;79201;11/06/2026;147081;76460;12;1185;60;5;0;18/06/2026;MIKAEL;8
5;3415;CREME LEITE ITALAC TP 200G;MERCEARIA;79201;11/06/2026;147081;76460;24;48;96;4;0;12/06/2026;FERNANDO.H;-64
5;3673;LEITE COND ELEGE TP 395G;MERCEARIA;79201;11/06/2026;147081;76460;24;48;24;1;0;12/06/2026;FERNANDO.H;62
5;2923;ACHOC LIQ SHOWKINHO 1L;MERCEARIA;79201;11/06/2026;147081;76460;12;0;12;1;0;12/06/2026;FERNANDO.H;0
6;33266;REFRIG FRUKI PET 3 L LARANJA;BEBIDAS;79203;11/06/2026;147082;76449;4;680;8;2;0;17/06/2026;BRUNO;109
6;15615;CARVAO VEG CHURRASCO NA BRASA 5KG;NAO ALIMENTO;79203;11/06/2026;147082;76449;1;512;11;11;0;17/06/2026;BRUNO;86
6;8791;ABS MILI NOTURNO C ABAS 8UN;PERFUMARIA E LIMPEZA;79203;11/06/2026;147082;76449;36;36;36;0;0;18/06/2026;SANTA MARIA;14
6;10;REFRIG COCA COLA PET 2L;BEBIDAS;79203;11/06/2026;147110;76449;4;0;480;0;0;17/06/2026;GUILHERME B;726
6;5250;CR DENT CLOSE UP 70G TRIPLE HORTELA;PERFUMARIA E LIMPEZA;79203;11/06/2026;147082;76449;72;216;72;0;0;12/06/2026;JESSICA;5
6;33255;REFRIG CHARRUA PET 3L GUARANA;BEBIDAS;79203;11/06/2026;147082;76449;6;90;270;45;0;17/06/2026;BRUNO;84
6;830;REFRIG SPRITE PET 2L;BEBIDAS;79203;11/06/2026;147082;76449;8;24;16;2;0;17/06/2026;BRUNO;14
6;824;REFRIG PEPSI PET 2L BLACK;BEBIDAS;79203;11/06/2026;147082;76449;8;14;8;0;0;17/06/2026;BRUNO;62
7;25106;VASSOURA JARDINEIRA S CABO;PERFUMARIA E LIMPEZA;79205;11/06/2026;147083;76461;1;-12;4;0;0;11/06/2026;FELIPE;4
7;4052;ALIM GATO FRISKIES 85G PERU AO MOLHO;PRODUTOS PET;79205;11/06/2026;147083;76461;15;15;15;1;0;11/06/2026;AUGUSTO;29
7;2859;MASSA C OVOS NORDESTE 500G ESPAGUETE;MERCEARIA;79205;11/06/2026;147083;76461;15;-15;15;1;0;11/06/2026;AUGUSTO;15
7;2835;MASSA C OVOS GERMANI 500G PARAFUSO;MERCEARIA;79205;11/06/2026;147083;76461;20;1000;20;1;0;11/06/2026;AUGUSTO;-42
7;3450;SOPAO MAGGI 200G CARNE PANELA;MERCEARIA;79205;11/06/2026;147083;76461;24;72;24;1;0;11/06/2026;AUGUSTO;22
7;2908;MASSA C OVOS ISABELA 500G LINGUINE;MERCEARIA;79205;11/06/2026;147083;76461;16;744;16;1;0;11/06/2026;AUGUSTO;22
7;3410;CALDO SAZON 32 5G CARNE;MERCEARIA;79205;11/06/2026;147083;76461;48;816;48;1;0;11/06/2026;AUGUSTO;59
7;4046;ALIM GATO FRISKIES 85G CORDEIR AO MOLH;PRODUTOS PET;79205;11/06/2026;147083;76461;15;30;15;1;0;11/06/2026;AUGUSTO;121
7;12610;ARROZ P CAES KI KAO SANO 5K;PRODUTOS PET;79205;11/06/2026;147083;76461;6;0;6;1;0;11/06/2026;AUGUSTO;0
7;4047;ALIM GATO FRISKIES 85G FILHO CARN MOLH;PRODUTOS PET;79205;11/06/2026;147083;76461;15;6;15;1;0;11/06/2026;AUGUSTO;126
7;3998;ALIM CAO DOG CHOW100G SACHE TOD TAM FRANGO ADULTO;PRODUTOS PET;79205;11/06/2026;147083;76461;15;0;15;1;0;11/06/2026;AUGUSTO;72
7;3794;VINAGRE VINHO KOLLER 750ML BRANCO;MERCEARIA;79205;11/06/2026;147083;76461;12;24;12;1;0;11/06/2026;AUGUSTO;9
7;21688;PAPEL HIG MILI PERFUM FLA SPL 60M 4UN;PERFUMARIA E LIMPEZA;79205;11/06/2026;147083;76461;24;0;48;0;0;15/06/2026;ELIAS;-1
7;2869;MASSA C OVOS ORQUIDEA 500G ESPAGUETE;MERCEARIA;79205;11/06/2026;147083;76461;20;74;20;1;0;11/06/2026;AUGUSTO;14
7;2823;MASSA C OVOS STA FELICIDADE 500G ESPAGUETE;MERCEARIA;79205;11/06/2026;147083;76461;20;0;20;1;0;11/06/2026;AUGUSTO;197
7;3997;ALIM CAO DOG CHOW100G SACHE TOD TAM FILHO TD CARNE;PRODUTOS PET;79205;11/06/2026;147083;76461;15;0;15;1;0;11/06/2026;AUGUSTO;60
7;20356;MAC INST NISSIN MONICA 85G TOMATE;MERCEARIA;79205;11/06/2026;147083;76461;50;1200;50;1;0;11/06/2026;AUGUSTO;14
8;20612;MASSA SEMOLA GERMANI 500G ESPAG;MERCEARIA;79207;11/06/2026;147084;76462;20;240;20;1;0;11/06/2026;AUGUSTO;-10
8;3669;TEMP COMPLETO NEILAR 250G S PIMENTA;MERCEARIA;79207;11/06/2026;147084;76462;24;0;24;1;0;11/06/2026;AUGUSTO;0
8;3450;SOPAO MAGGI 200G CARNE PANELA;MERCEARIA;79207;11/06/2026;147084;76462;24;72;24;1;0;11/06/2026;AUGUSTO;23
8;20665;MASSA SEMOLA GERMANI 500G PARAF;MERCEARIA;79207;11/06/2026;147084;76462;20;359;20;1;0;11/06/2026;AUGUSTO;6
8;1017;TEMP EXTREMO SABOR 1 01K C PIMENTA;MERCEARIA;79207;11/06/2026;147084;76462;6;6;6;1;0;11/06/2026;AUGUSTO;0
8;2869;MASSA C OVOS ORQUIDEA 500G ESPAGUETE;MERCEARIA;79207;11/06/2026;147084;76462;20;74;20;1;0;11/06/2026;AUGUSTO;30
8;22697;RAC CBS GATO PEIXE CAR 500G;PRODUTOS PET;79207;11/06/2026;147084;76462;10;152;20;2;0;11/06/2026;AUGUSTO;10
8;886;REFRIG ANTARCTICA GUAR LT 350ML ZR;BEBIDAS;79207;11/06/2026;147084;76462;12;1308;12;1;1;16/06/2026;EVERTON;51
8;206;VH CANCAO TINTO 750ML SV;BEBIDAS;79207;11/06/2026;147084;76462;12;108;12;1;1;16/06/2026;EVERTON;27
8;24140;SC PANOSUL SUPER ALV BCO 39X65 R 10;PERFUMARIA E LIMPEZA;79207;11/06/2026;147084;76462;1;0;13;0;0;11/06/2026;FELIPE;17
8;187;REFRE PO GLUP 15G MIX DE FRUTAS;BEBIDAS;79207;11/06/2026;147084;76462;60;32580;60;1;1;16/06/2026;EVERTON;455
8;3998;ALIM CAO DOG CHOW100G SACHE TOD TAM FRANGO ADULTO;PRODUTOS PET;79207;11/06/2026;147084;76462;15;0;15;1;0;11/06/2026;AUGUSTO;35
8;3447;SOPAO MAGGI 200G COSTELA LEGUMES;MERCEARIA;79207;11/06/2026;147084;76462;24;0;24;1;0;11/06/2026;AUGUSTO;30
8;2879;MASSA C OVOS ISABELA 500G ESPAGUETE;MERCEARIA;79207;11/06/2026;147084;76462;20;200;20;1;0;11/06/2026;AUGUSTO;22
8;2738;MACARRAO CUP NOODLES 69G CARNE DEF;MERCEARIA;79207;11/06/2026;147084;76462;24;672;24;1;0;11/06/2026;AUGUSTO;1
8;867;REFRIG COCA COLA ZERO LT 310ML C6;BEBIDAS;79207;11/06/2026;147084;76462;6;6;6;0;0;16/06/2026;EVERTON;1
8;3671;TEMP COMPLETO NEILAR 250G C PIMENTA;MERCEARIA;79207;11/06/2026;147084;76462;24;48;24;1;0;11/06/2026;AUGUSTO;2
8;2908;MASSA C OVOS ISABELA 500G LINGUINE;MERCEARIA;79207;11/06/2026;147084;76462;16;744;16;1;0;11/06/2026;AUGUSTO;12
8;2823;MASSA C OVOS STA FELICIDADE 500G ESPAGUETE;MERCEARIA;79207;11/06/2026;147084;76462;20;0;20;1;0;11/06/2026;AUGUSTO;786
8;4045;ALIM GATO FRISKIES 85G CARNE AO MOLHO;PRODUTOS PET;79207;11/06/2026;147084;76462;15;0;30;2;0;11/06/2026;AUGUSTO;146
8;2862;MASSA C OVOS GERMANI 500G MACARRAO;MERCEARIA;79207;11/06/2026;147084;76462;20;40;20;1;0;11/06/2026;AUGUSTO;21
8;3402;CALDO APTI 57G LEGUMES;MERCEARIA;79207;11/06/2026;147084;76462;10;1050;10;1;0;11/06/2026;AUGUSTO;0
8;20347;MAC INST NISSIN 85G GAL CAIP;MERCEARIA;79207;11/06/2026;147084;76462;50;5700;50;1;0;11/06/2026;AUGUSTO;133
8;20621;MAS FURADINHO ISABELA SEMOLA 400G;MERCEARIA;79207;11/06/2026;147084;76462;24;792;72;3;0;11/06/2026;AUGUSTO;-1
12;824;REFRIG PEPSI PET 2L BLACK;BEBIDAS;79211;11/06/2026;147086;76457;8;14;8;0;0;17/06/2026;BRUNO;40
12;825;REFRIG PEPSI PET 2L;BEBIDAS;79211;11/06/2026;147086;76457;8;598;8;1;0;17/06/2026;BRUNO;75
12;815;REFRIG FRUKI PET 2L GUARANA GUARANA;BEBIDAS;79211;11/06/2026;147086;76457;6;912;6;1;0;17/06/2026;BRUNO;52
13;20193;LIXA P PES DUPLA FACE;PERFUMARIA E LIMPEZA;79213;11/06/2026;147087;76458;1;0;1;1;0;11/06/2026;FELIPE;4
13;2361;FEIJAO VERMELHO ARBAZA 500G;MERCEARIA;79213;11/06/2026;147087;76458;12;1185;36;0;0;11/06/2026;MIKAEL;3
13;25106;VASSOURA JARDINEIRA S CABO;PERFUMARIA E LIMPEZA;79213;11/06/2026;147087;76458;1;-12;9;0;0;11/06/2026;FELIPE;14
13;8442;SILICONE DESTAQUE AERO 400ML LAVANDA;PERFUMARIA E LIMPEZA;79213;11/06/2026;147087;76458;1;0;1;0;0;11/06/2026;FELIPE;8
13;17862;ESC SANIT BRISA S SUPORTE;PERFUMARIA E LIMPEZA;79213;11/06/2026;147087;76458;12;96;12;12;0;11/06/2026;FELIPE;4
13;33649;SAB LIQ MADE IN BRAZIL 1L CEREJA;PERFUMARIA E LIMPEZA;79213;11/06/2026;147087;76458;12;0;12;0;0;11/06/2026;EVERTON;8
17;16593;CORT UNHA INOX PREMIUM 5 2CM 1PC;PERFUMARIA E LIMPEZA;79217;11/06/2026;147089;76459;1;0;1;0;0;11/06/2026;FELIPE;4
17;7377;PAPEL TOALHA MILI 3UN;PERFUMARIA E LIMPEZA;79217;11/06/2026;147089;76459;4;0;36;0;0;12/06/2026;WILLIAN MATEUS;30
17;2760;FARINHA TRIGO NORDESTE 5KG;MERCEARIA;79217;11/06/2026;147089;76459;5;599;5;1;0;;;47
17;20809;MILHO GRAO SAUDAVEL 5KG;PRODUTOS PET;79217;11/06/2026;147089;76459;5;0;5;1;0;;;8
17;2165;ARROZ BCO PILECCO SUPER ECCO TP1 5K;MERCEARIA;79217;11/06/2026;147089;76459;6;108;30;5;0;;;51
17;2739;FARINHA TRIGO PANFACIL PREM TP1 1KG TP1;MERCEARIA;79217;11/06/2026;147089;76459;10;54;10;1;0;;;74
17;2084;ARROZ BCO REQUINTE TP1 1KG;MERCEARIA;79217;11/06/2026;147089;76459;30;268;270;12;0;;;38
17;2136;ARROZ BCO JATAI TP3 5KG;MERCEARIA;79217;11/06/2026;147089;76459;6;204;36;6;0;;;12
17;2169;ARROZ BCO PILECCO TP1 5KG;MERCEARIA;79217;11/06/2026;147089;76459;6;0;36;6;0;;;14
17;20454;MANG DUOCOLOR 10MTS;NAO ALIMENTO;79251;11/06/2026;147107;76570;1;213;2;0;0;;;1
18;25106;VASSOURA JARDINEIRA S CABO;PERFUMARIA E LIMPEZA;79219;11/06/2026;147090;76463;1;-12;3;0;0;11/06/2026;FELIPE;6
18;102;CERV ANTARCTICA SUBZERO GF 1L RETORNAVEL;BEBIDAS;79219;11/06/2026;147090;76463;12;480;12;1;0;18/06/2026;GABRIELL2;24
18;52;AGUA MIN FLORESTA PET 5L S GAS;BEBIDAS;79219;11/06/2026;147090;76463;4;36;40;0;0;20/06/2026;ALEXSANDRO;-50
1;1896;DROPS FREEGELLS 27 6G MENTA CHOC;MERCEARIA;79591;12/06/2026;148578;77080;12;0;12;1;0;12/06/2026;PAMELA;-1675
1;1395;CHOC NESTLE PRESTIGIO 33G UN;MERCEARIA;79591;12/06/2026;148578;77080;30;0;30;1;0;12/06/2026;PAMELA;10
1;12531;AP GILLETTE PROBAK C 2;PERFUMARIA E LIMPEZA;79591;12/06/2026;148578;77080;14;0;14;0;0;12/06/2026;JOCELAINE;41
1;16593;CORT UNHA INOX PREMIUM 5 2CM 1PC;PERFUMARIA E LIMPEZA;79591;12/06/2026;148578;77080;1;0;1;0;0;12/06/2026;SAMUEL;2
1;5806;ESC DENTAL COLGATE ESSENCIAL CLEAN PACK 06UN;PERFUMARIA E LIMPEZA;79591;12/06/2026;148578;77080;6;120;6;0;0;12/06/2026;JOCELAINE;4
1;2382;LENTILHA YOKI TP2 400G;MERCEARIA;79831;12/06/2026;149107;77357;16;334;160;10;0;13/06/2026;GUILHERME B;54
1;38544;AZEITONA VERDE RIVOLI C CAROCO 500G;MERCEARIA;79950;12/06/2026;149332;77488;12;1260;24;2;0;;;-1
1;38546;AZEITONA RIVOLI C CAROCO 1 01KG;MERCEARIA;79950;12/06/2026;149332;77488;6;894;12;2;0;;;0
1;38547;AZEITONA S CAROCO RIVOLI 1 01KG;MERCEARIA;79950;12/06/2026;149332;77488;6;167;6;1;0;;;-2
1;38548;AZEITONA FATIADA RIVOLI 1 01KG;MERCEARIA;79950;12/06/2026;149332;77488;6;474;6;1;0;;;0
2;4045;ALIM GATO FRISKIES 85G CARNE AO MOLHO;PRODUTOS PET;80015;12/06/2026;149449;77583;15;0;75;0;0;;;324
2;4042;RACAO FRISKIES 850G MEGAMIX AD CAST;PRODUTOS PET;80015;12/06/2026;149449;77583;9;0;9;0;0;;;1
2;37478;RACAO FRISKIES 850G MEGAMIX ADULTO;PRODUTOS PET;80015;12/06/2026;149449;77583;9;14;18;0;0;;;25
2;3994;ALIM CAO DOG CHOW100G SACHE TOD TAM CARNE ADULTO;PRODUTOS PET;80015;12/06/2026;149449;77583;15;1620;75;0;0;;;606
2;4053;ALIM GATO FRISKIES 85G SALMAO AO MOLHO;PRODUTOS PET;80015;12/06/2026;149449;77583;15;269;75;0;0;;;202
2;4051;ALIM GATO FRISKIES 85G PEIXE BRANCO;PRODUTOS PET;80015;12/06/2026;149449;77583;15;105;75;0;0;;;599
2;4048;ALIM GATO FRISKIES 85G FRANGO MOLHO;PRODUTOS PET;80015;12/06/2026;149449;77583;15;1575;75;0;0;;;409
2;4047;ALIM GATO FRISKIES 85G FILHO CARN MOLH;PRODUTOS PET;80015;12/06/2026;149449;77583;15;6;75;0;0;;;406
2;9996;PETISCO FRISKIES 40G FRANGO;PRODUTOS PET;80015;12/06/2026;149449;77583;15;0;15;0;0;;;-8
2;4046;ALIM GATO FRISKIES 85G CORDEIR AO MOLH;PRODUTOS PET;80015;12/06/2026;149449;77583;15;30;75;0;0;;;440
2;34976;SAB MARAN SUAVE 80G ERVA DOCE;PERFUMARIA E LIMPEZA;80051;12/06/2026;149533;77583;108;22464;540;0;0;;;324
2;34979;SAB MARAN SUAVE 80G AMENDOAS;PERFUMARIA E LIMPEZA;80051;12/06/2026;149533;77583;108;22680;216;0;0;;;235
2;18466;FEIJAO PTO MORO TP1 1KG;MERCEARIA;80051;12/06/2026;149533;77583;30;10440;300;0;0;;;327
2;307;VH TRADICAO NIAGARA BCO 1 4L SC;BEBIDAS;80051;12/06/2026;149533;77583;6;432;30;0;0;;;46
2;308;VH TRADICAO NIAGARA BCO 1 4L SV;BEBIDAS;80051;12/06/2026;149533;77583;6;924;30;0;0;;;31
2;2396;MILHO VERDE OLE LT 170G;MERCEARIA;80051;12/06/2026;149533;77583;24;2376;360;0;0;;;1
2;3682;MIST LACTEA COND TRIANGULO TP 395G;MERCEARIA;80051;12/06/2026;149533;77583;27;1917;540;0;0;;;1329
2;310;VH TRADICAO TINTO 1 4L SC;BEBIDAS;80051;12/06/2026;149533;77583;6;1368;60;0;0;;;115
2;311;VH TRADICAO TINTO 1 4L SV;BEBIDAS;80051;12/06/2026;149533;77583;6;5001;120;0;0;;;109
2;34978;SAB MARAN SUAVE 80G ROSAS;PERFUMARIA E LIMPEZA;80051;12/06/2026;149533;77583;108;51408;540;0;0;;;247
2;34977;SAB MARAN SUAVE 80G PESSEGO;PERFUMARIA E LIMPEZA;80051;12/06/2026;149533;77583;108;49140;540;0;0;;;522
3;806;REFRIG FANTA LARANJA PET 2L;BEBIDAS;79595;12/06/2026;148623;77074;8;0;600;75;0;;;621
3;19682;KIT DESOD AERO ABOVE C 2 150ML DERMA;PERFUMARIA E LIMPEZA;79595;12/06/2026;148580;77088;1;2;7;7;0;12/06/2026;PAMELA;3
3;8001;SABONETE SENADOR 130G;PERFUMARIA E LIMPEZA;79595;12/06/2026;148580;77088;72;0;72;1;0;12/06/2026;PAMELA;1
3;2413;MILHO PIPOCA YOKI 400G TRAD;MERCEARIA;79595;12/06/2026;148580;77088;28;4508;28;1;0;18/06/2026;MIKAEL;810
3;12173;ABS GERIAMAX POS PARTO OPERAT C 20;PERFUMARIA E LIMPEZA;79595;12/06/2026;148580;77088;6;126;6;1;0;12/06/2026;PAMELA;0
3;13104;BAT PALHA BIG MAIS TRAD 80G;PERECIVEIS;79984;12/06/2026;149368;77513;40;40;120;0;0;12/06/2026;BRUNO ANTUNES;70
3;228;CERV AMSTEL LAGER LN 355ML;BEBIDAS;79984;12/06/2026;149368;77513;12;0;96;0;0;16/06/2026;LUAN;18
3;164;CERV EST GALICIA P MALTE LT 473ML;BEBIDAS;79984;12/06/2026;149368;77513;12;0;36;0;0;16/06/2026;LUAN;4078
3;796;REFRIG COCA COLA E FANTA GUARANA 2L;BEBIDAS;79984;12/06/2026;149368;77513;2;8;20;0;0;15/06/2026;MARCOS M;155
3;3186;SALG BIG MAIS 90G BACON TRAD;MERCEARIA;79984;12/06/2026;149368;77513;20;0;40;0;0;12/06/2026;BRUNO ANTUNES;0
3;2454;TRIGO P KIBE YOKI 500G;MERCEARIA;79984;12/06/2026;149368;77513;12;0;72;0;0;15/06/2026;MARCOS M;-5
3;2671;FARINHA MANDIOCA PINDUCA 500G;MERCEARIA;79984;12/06/2026;149368;77513;20;0;40;0;0;15/06/2026;MARCOS M;0
3;1408;CHOC 5 STAR LACTA 40G;MERCEARIA;79984;12/06/2026;149368;77513;18;0;72;4;0;13/06/2026;JOCELAINE;17
3;646;SUCO DEL VALLE FRUT PET 1 5L UVA;BEBIDAS;79984;12/06/2026;149368;77513;6;12;18;0;0;16/06/2026;LUAN;39
3;566;REPOS POWERADE 500ML FTAS TROPICAIS;BEBIDAS;79984;12/06/2026;149368;77513;6;0;12;0;0;16/06/2026;LUAN;159
3;24686;TEMP MAGGI MEU SEGREDO AL CEB 49G;MERCEARIA;79984;12/06/2026;149368;77513;42;0;42;0;0;12/06/2026;JESSICA;0
3;656;SUCO DEL VALLE FRUT TP 1L UVA;BEBIDAS;79984;12/06/2026;149368;77513;6;6;18;0;0;16/06/2026;LUAN;0
3;37304;REFRIG FRUKI LAB PASSION LT 350ML;BEBIDAS;79984;12/06/2026;149368;77513;12;0;12;0;0;16/06/2026;LUAN;0
3;5742;ENERG MONSTER LT 473ML FIESTA MANGO;BEBIDAS;79984;12/06/2026;149368;77513;6;0;6;0;0;16/06/2026;LUAN;-10
3;758;REFRIG SPRITE PET 1 5L FRESH LIMAO;BEBIDAS;79984;12/06/2026;149368;77513;6;0;6;0;0;16/06/2026;LUAN;-7
3;34582;ERVA TERERE BARAO 500G MENTA LIMAO;MERCEARIA;79984;12/06/2026;149368;77513;10;0;70;0;0;15/06/2026;MARCOS M;0
3;2424;PIPOCA MICRO KISABOR 100G NATURAL C SAL;MERCEARIA;79984;12/06/2026;149368;77513;36;0;36;0;0;15/06/2026;MARCOS M;0
3;571;REPOS POWERADE 500ML UVA;BEBIDAS;79984;12/06/2026;149368;77513;6;12;6;0;0;16/06/2026;LUAN;229
3;34306;REFRIG COCA COLA PET 1L;BEBIDAS;79984;12/06/2026;149368;77513;6;36;30;0;0;16/06/2026;LUAN;37
3;2717;FARINHA TRIGO FIDALGA 1KG;MERCEARIA;79984;12/06/2026;149368;77513;10;10;30;0;0;15/06/2026;MARCOS M;0
3;3393;COCO RALADO ZAM E BOM 100G UMIDO ADOCADO;MERCEARIA;80053;12/06/2026;149535;77584;50;0;100;2;0;23/06/2026;EVERTON;38
5;7490;POMADA NUGGET 36G PRETA;PERFUMARIA E LIMPEZA;79597;12/06/2026;148581;77090;12;0;12;0;0;13/06/2026;JOCELAINE;18
5;199;REFRE PO PROMIX 100G MARACUJA;BEBIDAS;79597;12/06/2026;148581;77090;18;0;18;0;0;18/06/2026;SANTA MARIA;0
5;23002;SAB FONTANA SENSUS 150G LIMA LIMAO ORI;PERFUMARIA E LIMPEZA;79597;12/06/2026;148581;77090;72;1440;72;0;0;13/06/2026;JOCELAINE;3
5;4565;CARGA MACH 3 2UN SENSITIVE;PERFUMARIA E LIMPEZA;79597;12/06/2026;148581;77090;12;0;24;2;2;13/06/2026;JOCELAINE;11
5;6959;LIQUIDO NUGGET 60ML PROMO PRETO;PERFUMARIA E LIMPEZA;79597;12/06/2026;148581;77090;12;0;12;0;0;13/06/2026;JOCELAINE;23
5;2925;ACHOC LIQ ITALAC 1L;MERCEARIA;79597;12/06/2026;148581;77090;12;12;12;0;0;18/06/2026;SANTA MARIA;0
5;35674;SAB IARA 300G;PERFUMARIA E LIMPEZA;79597;12/06/2026;148581;77090;28;0;28;0;0;13/06/2026;JOCELAINE;48
5;8256;SH MONANGE 325ML LISOS TE QUERO;PERFUMARIA E LIMPEZA;79597;12/06/2026;148581;77090;12;0;12;0;0;13/06/2026;JOCELAINE;-1
5;12523;AP CORPO C 2;PERFUMARIA E LIMPEZA;79597;12/06/2026;148581;77090;12;108;12;0;0;13/06/2026;JOCELAINE;9
5;24323;SH GENIAL PET 2 EM 1 500ML;PRODUTOS PET;79597;12/06/2026;148581;77090;1;0;1;0;0;13/06/2026;JOCELAINE;1
5;5836;ESC DENTAL ORAL B 1 2 3 MEDIA;PERFUMARIA E LIMPEZA;79597;12/06/2026;148581;77090;12;24;12;0;0;13/06/2026;JOCELAINE;34
5;8523;SUCO DEL VALLE FRUT PET 450ML LARANJA;BEBIDAS;79597;12/06/2026;148581;77090;6;0;6;0;0;18/06/2026;SANTA MARIA;2
5;19804;KIT SH CD PANTENE 300 150ML QUERATINA;PERFUMARIA E LIMPEZA;79597;12/06/2026;148581;77090;6;24;6;0;0;13/06/2026;JOCELAINE;5
5;6659;LAQUE AERO KARINA 250ML EXTRA FORTE;PERFUMARIA E LIMPEZA;79597;12/06/2026;148581;77090;12;4;12;0;0;13/06/2026;JOCELAINE;9
5;37260;FRALDA PAMPERS PREMIUM CARE RN 36UN;PERFUMARIA E LIMPEZA;79597;12/06/2026;148581;77090;4;24;8;0;0;13/06/2026;JOCELAINE;0
5;24381;SIDRA GOTA PRATA 660ML ROSE;BEBIDAS;79597;12/06/2026;148581;77090;12;12;12;0;0;18/06/2026;SANTA MARIA;73
5;911;REFRIG ANTARCTICA GUARANA PET 200ML ZERO;BEBIDAS;79597;12/06/2026;148581;77090;12;0;12;0;0;18/06/2026;SANTA MARIA;4
6;307;VH TRADICAO NIAGARA BCO 1 4L SC;BEBIDAS;80059;12/06/2026;149538;77587;6;432;18;3;0;16/06/2026;EVERTON;64
7;3635;SAL MOIDO CBS 1KG;MERCEARIA;79601;12/06/2026;148583;77082;10;446;10;1;0;18/06/2026;MIKAEL;17
7;33422;DET PO AQUAFAST MULTIACAO 800G;PERFUMARIA E LIMPEZA;79601;12/06/2026;148583;77082;20;80;20;0;0;18/06/2026;MIKAEL;16
7;5691;DETERG YPE 500 ML CLEAR;PERFUMARIA E LIMPEZA;79601;12/06/2026;148583;77082;24;216;24;0;0;18/06/2026;MIKAEL;0
7;25106;VASSOURA JARDINEIRA S CABO;PERFUMARIA E LIMPEZA;79601;12/06/2026;148583;77082;1;-12;2;0;0;12/06/2026;SAMUEL;4
7;15051;CAD ESPI CD 1X1 80FLS DISNEY EMOJI;NAO ALIMENTO;79641;12/06/2026;148603;77165;4;0;4;0;0;12/06/2026;SAMUEL;0
7;21933;PILHA ELGIN PQ AA C 4;NAO ALIMENTO;79641;12/06/2026;148603;77165;10;530;10;0;0;12/06/2026;SAMUEL;31
7;22275;PORTA SAB LIQ SANREMO 280ML;NAO ALIMENTO;79641;12/06/2026;148603;77165;1;0;4;0;0;12/06/2026;SAMUEL;0
7;24929;TOAL BAN NANCY CORTTEX 65CMX1 35M RS;NAO ALIMENTO;79641;12/06/2026;148603;77165;1;0;1;0;0;12/06/2026;SAMUEL;7
7;25415;VESTIDO CAIPIRA TAM GG;NAO ALIMENTO;79641;12/06/2026;148603;77165;1;0;1;0;0;12/06/2026;SAMUEL;-1
7;15090;CAD ESPI CD 1X1 80FLS SWEETNESS;NAO ALIMENTO;79641;12/06/2026;148603;77165;4;0;4;0;0;12/06/2026;SAMUEL;0
7;15113;CAD ESPI CD 80FLS CARTOGRAFIA SWEETNESS;NAO ALIMENTO;79641;12/06/2026;148603;77165;4;15;4;0;0;12/06/2026;SAMUEL;0
7;36297;CANETA ESF TRIGLOW LYKE C 10 CORES;NAO ALIMENTO;79641;12/06/2026;148603;77165;10;80;10;0;0;12/06/2026;SAMUEL;0
7;15031;CAD ESPI CD 10X1 160FLS SWEETNESS;NAO ALIMENTO;79641;12/06/2026;148603;77165;4;20;4;0;0;12/06/2026;SAMUEL;0
7;17476;DUCHA ENERDUCHA UP4 6800W 220V BCO;NAO ALIMENTO;79641;12/06/2026;148603;77165;1;0;1;0;0;12/06/2026;SAMUEL;-4
7;19358;INCENSO FLUTE C 8 SETE ERVAS;NAO ALIMENTO;79641;12/06/2026;148603;77165;25;0;25;0;0;12/06/2026;SAMUEL;37
7;19907;LAMP TRAM TP BULBO LED 9W 6500K;NAO ALIMENTO;79641;12/06/2026;148603;77165;10;9950;20;2;2;12/06/2026;SAMUEL;94
7;15030;CAD ESPI CD 10X1 160FLS STONE;NAO ALIMENTO;79641;12/06/2026;148603;77165;4;0;4;0;0;12/06/2026;SAMUEL;0
7;36295;CANETA ESF GEL LIKE DOUR PRATA;NAO ALIMENTO;79641;12/06/2026;148603;77165;40;160;40;0;0;12/06/2026;SAMUEL;0
7;33305;TAPETE BOX OVAL PVC 61X35CM;NAO ALIMENTO;79641;12/06/2026;148603;77165;1;21;1;0;0;12/06/2026;SAMUEL;0
7;15033;CAD ESPI CD 10X1 200FLS BRASILIDADE;NAO ALIMENTO;79641;12/06/2026;148603;77165;1;28;1;0;0;12/06/2026;SAMUEL;0
7;15115;CAD ESPI CD 80FLS CARTOGRAFIA T DUDA;NAO ALIMENTO;79641;12/06/2026;148603;77165;4;0;4;0;0;12/06/2026;SAMUEL;-1
7;12971;BALAO ZERINHO C 100 SORT;NAO ALIMENTO;79641;12/06/2026;148603;77165;1;36;1;0;0;12/06/2026;SAMUEL;0
7;9354;ESM COLORAMA CREM 8ML FRANCA;PERFUMARIA E LIMPEZA;79641;12/06/2026;148603;77165;1;0;5;0;0;16/06/2026;JOCELAINE;-5
7;16394;COLA BCA MAXI FRAMA 40G;NAO ALIMENTO;79641;12/06/2026;148603;77165;6;18;6;0;0;12/06/2026;SAMUEL;3
7;35020;DUCHA GORDUCHA ZAFONEL 4T 220V;NAO ALIMENTO;79641;12/06/2026;148603;77165;1;0;1;0;0;12/06/2026;SAMUEL;0
7;169;CERV HEINEKEN LT 473ML;BEBIDAS;79740;12/06/2026;148850;77279;12;3612;240;0;0;12/06/2026;MARCOS M;150
7;35788;SH SEDA 300ML TOQUE DE SEDA;PERFUMARIA E LIMPEZA;79740;12/06/2026;148850;77279;12;528;36;3;0;;;32
8;24140;SC PANOSUL SUPER ALV BCO 39X65 R 10;PERFUMARIA E LIMPEZA;79603;12/06/2026;148584;77078;1;0;14;0;0;12/06/2026;SAMUEL;17
8;34753;SUCO DE UVA TREBOM PET 1 35L;BEBIDAS;79603;12/06/2026;148584;77078;6;0;6;0;0;18/06/2026;BRUNO ANTUNES;2
8;9145;COND SEDA GLYCOL VIT C 425ML;PERFUMARIA E LIMPEZA;79603;12/06/2026;148584;77078;12;9;12;0;0;12/06/2026;JESSICA;0
8;194;REFRE PO PROMIX 100G ABACAXI;BEBIDAS;79603;12/06/2026;148584;77078;18;0;18;0;0;18/06/2026;BRUNO ANTUNES;45
8;9996;PETISCO FRISKIES 40G FRANGO;PRODUTOS PET;79603;12/06/2026;148584;77078;15;0;45;0;0;12/06/2026;AUGUSTO;0
8;24138;SC PANOSUL ALVEJADO 48X63CM R 14;PERFUMARIA E LIMPEZA;79603;12/06/2026;148584;77078;1;0;1;0;0;12/06/2026;SAMUEL;10
8;16593;CORT UNHA INOX PREMIUM 5 2CM 1PC;PERFUMARIA E LIMPEZA;79603;12/06/2026;148584;77078;1;0;1;0;0;12/06/2026;SAMUEL;2
8;33720;COQUETEL CHICOTE PET 500ML LIMAO;BEBIDAS;79603;12/06/2026;148584;77078;12;24;12;0;0;18/06/2026;BRUNO ANTUNES;7
8;615;SUCO DEL VALLE TP 200ML PESSEGO;BEBIDAS;79603;12/06/2026;148584;77078;18;0;36;0;0;18/06/2026;BRUNO ANTUNES;-19
8;2672;FARINHA MANDIOCA CBS 500G;MERCEARIA;79603;12/06/2026;148584;77078;12;48;12;1;0;18/06/2026;MIKAEL;28
8;867;REFRIG COCA COLA ZERO LT 310ML C6;BEBIDAS;79603;12/06/2026;148584;77078;6;6;12;0;0;18/06/2026;BRUNO ANTUNES;1
8;589;SUCO COM TEM TP 200ML LARANJA;BEBIDAS;79603;12/06/2026;148584;77078;24;0;24;0;0;18/06/2026;BRUNO ANTUNES;24
8;2697;FARINHA MILHO PERDIZ 1KG GROSSA;MERCEARIA;80063;12/06/2026;149540;77589;12;444;12;1;0;15/06/2026;EVERTON;-1
11;2823;MASSA C OVOS STA FELICIDADE 500G ESPAGUETE;MERCEARIA;80241;12/06/2026;149745;77673;20;0;120;6;0;;;1820
12;1295;CHOC BARRA NESTLE 80G DIPLOMATA;MERCEARIA;79607;12/06/2026;148586;77097;64;496;64;0;0;16/06/2026;PAMELA;178
12;24388;SILICONE DESTAQUE AERO 400ML AREA51;PERFUMARIA E LIMPEZA;79607;12/06/2026;148586;77097;1;0;1;0;0;12/06/2026;SAMUEL;3
12;1036;BALA DORI GELATINA 13G AMORA;MERCEARIA;79607;12/06/2026;148586;77097;12;0;12;0;0;13/06/2026;JESSICA;2
12;3807;PO P SORVETE APTI 120G MOR;MERCEARIA;79607;12/06/2026;148586;77097;12;0;12;0;0;13/06/2026;JESSICA;24
12;3802;PO P SORVETE APTI 120G ABACAXI;MERCEARIA;79607;12/06/2026;148586;77097;12;0;12;0;0;13/06/2026;JESSICA;22
12;24320;SH ELSEVE 400ML LOREAL GLYCOLI;PERFUMARIA E LIMPEZA;79607;12/06/2026;148586;77097;12;0;12;0;0;17/06/2026;JOCELAINE;9
12;3431;SOPA GALINHA MAGGI 60G FIDELINI;MERCEARIA;79607;12/06/2026;148586;77097;10;19;10;0;0;13/06/2026;JESSICA;3
12;35613;VELA PERF AMAZONIA AROMAS 60G CRAVO CANELA;PERFUMARIA E LIMPEZA;79607;12/06/2026;148586;77097;12;0;12;0;0;12/06/2026;SAMUEL;4
12;1986;CAPPUCCINO PRONTO 3C 260ML BALANCE;MERCEARIA;79607;12/06/2026;148586;77097;6;0;6;0;0;13/06/2026;JESSICA;0
12;3805;PO P SORVETE APTI 120G CREME;MERCEARIA;79607;12/06/2026;148586;77097;12;0;24;0;0;13/06/2026;JESSICA;23
12;3426;CREME QUEIJO APTI 68G;MERCEARIA;79607;12/06/2026;148586;77097;12;72;12;1;1;13/06/2026;JESSICA;9
12;1294;CHOC BARRA NESTLE 80G AO LEITE;MERCEARIA;79607;12/06/2026;148586;77097;64;0;128;0;0;16/06/2026;PAMELA;88
12;37891;TIT COR E TON S AMONIA 3 0 CAST ESC;PERFUMARIA E LIMPEZA;79607;12/06/2026;148586;77097;6;0;6;1;0;16/06/2026;PAMELA;6
12;15295;CALDO MAGGI 57G COSTELA;MERCEARIA;79607;12/06/2026;148586;77097;10;10;10;0;0;13/06/2026;JESSICA;61
12;13403;BISC DOCE NESTLE CHOCO TRIO 90G PRESTIGIO;MERCEARIA;79849;12/06/2026;149116;77366;12;3;60;0;0;13/06/2026;JOCELAINE;58
12;13401;BISC DOCE NESTLE CHOCO TRIO 90G AVELA;MERCEARIA;79849;12/06/2026;149116;77366;12;132;36;3;0;17/06/2026;JESSICA;21
12;34977;SAB MARAN SUAVE 80G PESSEGO;PERFUMARIA E LIMPEZA;80067;12/06/2026;149542;77591;108;49140;540;5;5;16/06/2026;JESSICA;955
12;10856;CASTANHA PARA UNIAGRO S CASCA;PERECIVEIS;80273;12/06/2026;149866;;20;40;20;0;0;;;9,28
12;10855;CASTANHA CAJU UNIAGRO TORR SALG KG;PERECIVEIS;80273;12/06/2026;149866;;12;0;12;0;0;;;7,708
12;10869;CEREJA LA VIOLET KG;PERECIVEIS;80273;12/06/2026;149866;;6;0;12;0;0;;;0
13;634;SUCO DEL VALLE LT 290ML MANGA;BEBIDAS;79609;12/06/2026;148587;77098;6;7;6;0;0;12/06/2026;VILLARROEL;11
13;25984;BISC DOCE NESTLE CHOCO TRIO 90G BISC NESTLE CHO;MERCEARIA;79609;12/06/2026;148587;77098;12;156;48;0;0;13/06/2026;JOCELAINE;31
13;3512;FERM PO BIOL GOOD INSTANT SH 10G;MERCEARIA;79609;12/06/2026;148587;77098;30;0;270;0;0;13/06/2026;JOCELAINE;217
13;17566;ENERG RED BULL LT 250ML MELAO MARACUJA;BEBIDAS;79609;12/06/2026;148587;77098;4;258;16;0;0;12/06/2026;VILLARROEL;4
13;15295;CALDO MAGGI 57G COSTELA;MERCEARIA;79609;12/06/2026;148587;77098;10;10;10;0;0;13/06/2026;JOCELAINE;0
13;633;VODKA TAIGA PREMIUM VD 1L;BEBIDAS;79609;12/06/2026;148587;77098;1;0;1;0;0;13/06/2026;JOCELAINE;10
13;647;WHISKY GREEN VALLEY VD 1L;BEBIDAS;79609;12/06/2026;148587;77098;1;0;1;0;0;13/06/2026;JOCELAINE;0
13;304;VH SANGUE BOI TINTO 4L SV;BEBIDAS;79609;12/06/2026;148587;77098;2;9;4;0;0;12/06/2026;VILLARROEL;0
13;896;REFRIG FANTA LARANJA LT 350ML;BEBIDAS;79609;12/06/2026;148587;77098;6;822;48;0;0;12/06/2026;VILLARROEL;44
13;36245;CHOC BARRA NESTLE RECH 90G PRESTIG;MERCEARIA;79609;12/06/2026;148587;77098;14;0;14;0;0;13/06/2026;JOCELAINE;0
13;25433;VH CONCHA Y TORO RESERV CAB SUAVE 750ML;BEBIDAS;79609;12/06/2026;148587;77098;12;60;24;0;0;12/06/2026;VILLARROEL;8
13;33783;VODKA NINNOFF VD 900ML RED;BEBIDAS;79609;12/06/2026;148587;77098;6;0;12;0;0;12/06/2026;VILLARROEL;0
13;8754;VINHO JOTA PE 1 5L TTO SECO;BEBIDAS;79609;12/06/2026;148587;77098;6;0;6;0;0;12/06/2026;VILLARROEL;9
13;643;SUCO DEL VALLE FRUT PET 1 5L FRUTAS CITRICAS;BEBIDAS;79609;12/06/2026;148587;77098;6;0;12;0;0;12/06/2026;VILLARROEL;-4
13;33868;REFRE HAPPY TP 200ML UVA;BEBIDAS;79609;12/06/2026;148587;77098;24;0;24;0;0;12/06/2026;VILLARROEL;2
13;374;AGUARD VELHO BARREIRO 910ML LIMAO;BEBIDAS;79609;12/06/2026;148587;77098;6;0;12;0;0;12/06/2026;VILLARROEL;0
13;880;REFRIG FRUKI GUARAN LT 350ML GUARA C BERGA;BEBIDAS;79609;12/06/2026;148587;77098;12;0;12;0;0;12/06/2026;VILLARROEL;11
13;282;CERV MICHELOB ULTRA LN 330ML;BEBIDAS;79609;12/06/2026;148587;77098;24;1368;24;0;0;12/06/2026;VILLARROEL;24
13;34718;REFRE HAPPY TP 1L PESSEGO;BEBIDAS;79609;12/06/2026;148587;77098;12;109;12;1;0;12/06/2026;VILLARROEL;7
13;533;ENERG RED BULL LT 355ML;BEBIDAS;79609;12/06/2026;148587;77098;4;180;12;0;0;12/06/2026;VILLARROEL;4
13;417;BEB VIT BALY KIDS LT 220ML LARANJA;BEBIDAS;79609;12/06/2026;148587;77098;6;12;6;0;0;12/06/2026;VILLARROEL;14
13;29;REFRE PO TRINK 15G MORANGO;BEBIDAS;79609;12/06/2026;148587;77098;150;4500;150;0;0;12/06/2026;VILLARROEL;197
13;33871;REFRE HAPPY TP 200ML ABACAXI;BEBIDAS;79609;12/06/2026;148587;77098;24;24;48;0;0;12/06/2026;VILLARROEL;9
13;240;VH DEL GRANO GOLD TINTO 750ML SV;BEBIDAS;79609;12/06/2026;148587;77098;6;264;6;1;0;12/06/2026;VILLARROEL;14
13;302;VH SANGUE BOI TINTO 4L SC;BEBIDAS;79609;12/06/2026;148587;77098;2;0;2;0;0;12/06/2026;VILLARROEL;1
13;33780;VODKA WE MIX LN 275ML MEL HORTELA;BEBIDAS;79609;12/06/2026;148587;77098;6;0;12;0;0;12/06/2026;VILLARROEL;2
13;34951;SUCO KAPO TP 200ML MELANCIA;BEBIDAS;79609;12/06/2026;148587;77098;12;642;24;0;0;12/06/2026;VILLARROEL;8
13;3431;SOPA GALINHA MAGGI 60G FIDELINI;MERCEARIA;79609;12/06/2026;148587;77098;10;19;10;0;0;13/06/2026;JOCELAINE;0
13;15182;CAFE SOL NESCAFE MATINAL VD 200G;MERCEARIA;79851;12/06/2026;149117;77367;12;49;12;0;0;17/06/2026;JOCELAINE;-6
13;15186;CAFE SOL NESCAFE ORIG SH L40P36G;MERCEARIA;79851;12/06/2026;149117;77367;24;2304;264;2;2;17/06/2026;JOCELAINE;-11
13;13403;BISC DOCE NESTLE CHOCO TRIO 90G PRESTIGIO;MERCEARIA;79851;12/06/2026;149117;77367;12;3;60;0;0;;JOCELAINE;33
13;2097;CAFE SOL NESCAFE SH 40G DOLCA;MERCEARIA;79851;12/06/2026;149117;77367;24;96;120;5;5;17/06/2026;JOCELAINE;184
13;15180;CAFE SOL NESCAFE MATINAL SH L40P36G;MERCEARIA;79851;12/06/2026;149117;77367;24;0;48;2;2;17/06/2026;JOCELAINE;-32
14;2026;MILHO PIPOCA SERRA URUGUAI TP1 400G;MERCEARIA;79750;12/06/2026;148855;77284;20;0;20;0;0;15/06/2026;BRUNO ANTUNES;-15
14;169;CERV HEINEKEN LT 473ML;BEBIDAS;79750;12/06/2026;148855;77284;12;3612;240;20;0;12/06/2026;MARCOS M;501
14;2161;ARROZ BCO ALEGRETE TP1 5KG;MERCEARIA;79750;12/06/2026;148855;77284;6;3318;60;0;0;13/06/2026;TEIXEIRA;105
14;13403;BISC DOCE NESTLE CHOCO TRIO 90G PRESTIGIO;MERCEARIA;79853;12/06/2026;149118;77368;12;3;60;0;0;13/06/2026;JOCELAINE;37
14;2413;MILHO PIPOCA YOKI 400G TRAD;MERCEARIA;79853;12/06/2026;149118;77368;28;4508;280;10;0;18/06/2026;MIKAEL;424
14;15182;CAFE SOL NESCAFE MATINAL VD 200G;MERCEARIA;79853;12/06/2026;149118;77368;12;49;24;0;0;17/06/2026;JOCELAINE;1
14;741;REFRIG COCA COLA PET ZERO 1 5L;BEBIDAS;80002;12/06/2026;149377;77522;8;48;16;0;0;;LUAN;9
14;34306;REFRIG COCA COLA PET 1L;BEBIDAS;80002;12/06/2026;149377;77522;6;36;30;0;0;;LUAN;162
14;793;REFRIG COCA COLA E FANTA LARANJA 2L;BEBIDAS;80002;12/06/2026;149377;77522;2;10;10;5;0;13/06/2026;TEIXEIRA;27
14;656;SUCO DEL VALLE FRUT TP 1L UVA;BEBIDAS;80002;12/06/2026;149377;77522;6;6;12;0;0;;LUAN;33
14;796;REFRIG COCA COLA E FANTA GUARANA 2L;BEBIDAS;80002;12/06/2026;149377;77522;2;8;20;10;0;13/06/2026;TEIXEIRA;66
14;780;REFRIG SPRITE PET 200ML;BEBIDAS;80002;12/06/2026;149377;77522;12;36;36;0;0;;LUAN;83
14;646;SUCO DEL VALLE FRUT PET 1 5L UVA;BEBIDAS;80002;12/06/2026;149377;77522;6;12;12;0;0;;LUAN;22
17;8049;SAPONACEO CREM CIF 450ML BCO;PERFUMARIA E LIMPEZA;79613;12/06/2026;148589;77099;12;15;12;0;0;12/06/2026;GUILHERME B;12
17;35734;AMAC FOFO CONC 1L AZL TUDAO;PERFUMARIA E LIMPEZA;79613;12/06/2026;148589;77099;12;3;12;1;1;12/06/2026;GUILHERME B;6
17;4147;AMAC CONC COMFORT 400ML RF FRESCOR INTENSO;PERFUMARIA E LIMPEZA;79613;12/06/2026;148589;77099;12;120;12;0;0;12/06/2026;GUILHERME B;24
17;5696;DETERG YPE 500ML MACA;PERFUMARIA E LIMPEZA;79613;12/06/2026;148589;77099;24;168;48;0;0;12/06/2026;GUILHERME B;-285
17;17201;DESINF PINHO SOL 1 75L LAVANDA;PERFUMARIA E LIMPEZA;79613;12/06/2026;148589;77099;6;264;12;1;1;12/06/2026;GUILHERME B;4
17;35112;AMAC CONC DOWNY 750ML TROPICAL;PERFUMARIA E LIMPEZA;79613;12/06/2026;148589;77099;12;492;24;0;0;12/06/2026;GUILHERME B;0
17;5682;DET LIQ GOTA LIMPA 500ML NEUTRO;PERFUMARIA E LIMPEZA;79613;12/06/2026;148589;77099;24;5880;24;0;0;12/06/2026;GUILHERME B;166
17;8048;SAPONACEO CREM CIF 450ML BC GTS 20;PERFUMARIA E LIMPEZA;79613;12/06/2026;148589;77099;12;-24;12;0;0;12/06/2026;GUILHERME B;-9
17;5671;DETERG GIRANDO SOL 500ML COCO;PERFUMARIA E LIMPEZA;79613;12/06/2026;148589;77099;24;0;96;0;0;12/06/2026;GUILHERME B;-156
17;33880;DET LIQ OMO CICLO RAPIDO 1 4 L ANTIODOR;PERFUMARIA E LIMPEZA;79613;12/06/2026;148589;77099;6;126;12;2;2;12/06/2026;GUILHERME B;-6
17;6211;DESOD SANIT ADES GOTA LIMPA 41G 7D CITRONELA;PERFUMARIA E LIMPEZA;79613;12/06/2026;148589;77099;12;0;24;2;2;12/06/2026;GUILHERME B;2
17;6686;LAVA ROUPA ARIEL 1 2L CONCENTRADO DOWNY;PERFUMARIA E LIMPEZA;79613;12/06/2026;148589;77099;6;88;6;0;0;12/06/2026;GUILHERME B;1
17;38400;BOM AR ELET LIQ FRAMB JAS RF 16ML;PERFUMARIA E LIMPEZA;79613;12/06/2026;148589;77099;1;1;1;0;0;12/06/2026;GUILHERME B;5
17;4142;AMAC CONC COMFORT 1L CUIDADO ESSENC;PERFUMARIA E LIMPEZA;79613;12/06/2026;148589;77099;12;3;12;1;1;12/06/2026;GUILHERME B;9
17;4160;AMAC CONC COMFORT L500P400ML CUIDADO ESSENC;PERFUMARIA E LIMPEZA;79613;12/06/2026;148589;77099;12;3;12;0;0;12/06/2026;GUILHERME B;-1
17;8636;ALVEJ VANISH RF 240G OXI ACTION;PERFUMARIA E LIMPEZA;79613;12/06/2026;148589;77099;24;27;24;0;0;12/06/2026;GUILHERME B;-3
17;3971;ALCOOL 46 SUPER VALE 1L;PERFUMARIA E LIMPEZA;79613;12/06/2026;148589;77099;12;444;12;1;1;12/06/2026;GUILHERME B;24
17;6850;LIMP BANHEIRO VEJA X14 400ML TIRA LIMO REFIL;PERFUMARIA E LIMPEZA;79613;12/06/2026;148589;77099;12;0;12;0;0;12/06/2026;GUILHERME B;0
17;22743;RAC SNOW DOG CORD PQ PORT 5K;PRODUTOS PET;79613;12/06/2026;148589;77099;1;0;1;0;0;15/06/2026;ELIAS;4
17;17348;DET LIQ GIRANDO SOL 1L GLICA;PERFUMARIA E LIMPEZA;79613;12/06/2026;148589;77099;12;120;36;0;0;12/06/2026;GUILHERME B;7
17;6122;FRALDA DESC PAMPERS CONFORT M C 70;PERFUMARIA E LIMPEZA;79613;12/06/2026;148589;77099;2;121;8;1;1;12/06/2026;GUILHERME B;2
17;18762;FRALDA DESC MILI GIGA G C 78 C 78 G;PERFUMARIA E LIMPEZA;79613;12/06/2026;148589;77099;4;7;4;1;1;12/06/2026;GUILHERME B;12
17;19372;INSET NITROCID PO 50G;PERFUMARIA E LIMPEZA;79613;12/06/2026;148589;77099;1;4;1;0;0;12/06/2026;GUILHERME B;8
17;33675;LIMP PERF SAIF CONCENTRADO 120ML CITRONELA;PERFUMARIA E LIMPEZA;79613;12/06/2026;148589;77099;12;12;12;0;0;12/06/2026;GUILHERME B;20
17;17340;DET LIQ BIO KRISS 500ML CLEAR;PERFUMARIA E LIMPEZA;79613;12/06/2026;148589;77099;24;144;72;0;0;12/06/2026;GUILHERME B;0
17;21296;ODORIZ AMAZONIA AROM 270ML ALFAZEMA;PERFUMARIA E LIMPEZA;79613;12/06/2026;148589;77099;12;24;12;0;0;12/06/2026;GUILHERME B;-1
17;3883;ABS ALWAYS 8UN BASICO P SUAVE C ABAS;PERFUMARIA E LIMPEZA;79613;12/06/2026;148589;77099;18;5;18;1;1;12/06/2026;GUILHERME B;22
17;4197;AMAC DOWNY 900ML COLLECTION;PERFUMARIA E LIMPEZA;79613;12/06/2026;148589;77099;12;0;12;0;0;12/06/2026;GUILHERME B;0
17;3948;AGUA SANIT GOTA LIMPA 1L;PERFUMARIA E LIMPEZA;79613;12/06/2026;148589;77099;12;1200;72;6;6;12/06/2026;GUILHERME B;43
17;33422;DET PO AQUAFAST MULTIACAO 800G;PERFUMARIA E LIMPEZA;79613;12/06/2026;148589;77099;20;80;20;0;0;12/06/2026;GUILHERME B;0
17;12404;AMACIANTE DOWNY 1 5L BRISA SUAVE;PERFUMARIA E LIMPEZA;79613;12/06/2026;148589;77099;9;846;63;0;0;12/06/2026;GUILHERME B;-32
17;5442;DESINF GIRANDO SOL 500ML LIMAO;PERFUMARIA E LIMPEZA;79613;12/06/2026;148589;77099;12;156;24;0;0;12/06/2026;GUILHERME B;1
18;9498;ESTOPA POLIMENTO CENTRALSUL 400G;PERFUMARIA E LIMPEZA;79615;12/06/2026;148646;79636;12;0;12;0;0;22/06/2026;PAMELA;-4
18;1847;DROPS FREEGELLS 27 9G VIT C CITRUS;MERCEARIA;79615;12/06/2026;148646;79636;12;396;12;0;0;22/06/2026;PAMELA;4
18;483;ENERG BALY LT 250ML LABELLAMAFIA;BEBIDAS;80006;12/06/2026;149379;77524;6;0;18;3;0;18/06/2026;MIKAEL;6
18;646;SUCO DEL VALLE FRUT PET 1 5L UVA;BEBIDAS;80006;12/06/2026;149379;77524;6;12;12;0;0;16/06/2026;LUAN;-34
18;607;SUCO DEL VALLE TP 1L UVA;BEBIDAS;80006;12/06/2026;149379;77524;6;6;6;1;0;18/06/2026;MIKAEL;15
18;34306;REFRIG COCA COLA PET 1L;BEBIDAS;80006;12/06/2026;149379;77524;6;36;18;0;0;16/06/2026;LUAN;1
18;796;REFRIG COCA COLA E FANTA GUARANA 2L;BEBIDAS;80006;12/06/2026;149379;77524;2;8;10;0;0;15/06/2026;MARCOS M;2
18;228;CERV AMSTEL LAGER LN 355ML;BEBIDAS;80006;12/06/2026;149379;77524;12;0;36;0;0;16/06/2026;LUAN;-12
1;52;AGUA MIN FLORESTA PET 5L S GAS;BEBIDAS;80528;13/06/2026;150084;77868;4;36;4;1;0;19/06/2026;GABRIELL2;-2
1;459;ENERG BALY LT 473ML MANGA;BEBIDAS;80528;13/06/2026;150084;77868;6;6;6;1;0;19/06/2026;GABRIELL2;3
1;152;CERV BRAHMA CHOPP LT 473ML;BEBIDAS;80528;13/06/2026;150084;77868;12;0;12;0;0;19/06/2026;GABRIELL2;48
1;1845;DROPS FREEGELLS 27 9G EUCALIPTO;MERCEARIA;80528;13/06/2026;150084;77868;12;804;12;0;0;;CAROLINA;-627
1;5806;ESC DENTAL COLGATE ESSENCIAL CLEAN PACK 06UN;PERFUMARIA E LIMPEZA;80528;13/06/2026;150084;77868;6;120;6;0;0;17/06/2026;CAROLINA;4
3;279;VH QUINTA CARVALHO TINTO 750ML SV;BEBIDAS;80532;13/06/2026;150088;77863;12;396;96;0;0;13/06/2026;BRUNO;215
3;664;SUCO KAPO TP 200ML UVA;BEBIDAS;80532;13/06/2026;150088;77863;12;228;24;2;0;13/06/2026;BRUNO;229
3;896;REFRIG FANTA LARANJA LT 350ML;BEBIDAS;80532;13/06/2026;150088;77863;6;822;12;2;0;13/06/2026;BRUNO;227
3;528;ICE DRINK PET 275ML LIMAO;BEBIDAS;80532;13/06/2026;150088;77863;12;36;12;1;0;13/06/2026;BRUNO;45
3;25431;VH CHILENO CARTA VIEJA CABERNET 1L TINTO;BEBIDAS;80532;13/06/2026;150088;77863;12;0;24;0;0;13/06/2026;BRUNO;25
3;663;SUCO KAPO TP 200ML MORANGO;BEBIDAS;80532;13/06/2026;150088;77863;12;1920;24;2;0;13/06/2026;BRUNO;116
3;238;VH DEL GRANO GOLD TINTO 750ML DEMI SEC;BEBIDAS;80532;13/06/2026;150088;77863;6;54;12;2;0;13/06/2026;BRUNO;17
3;25434;VH JP BCO SECO TRAD 1 5L;BEBIDAS;80532;13/06/2026;150088;77863;6;12;6;1;0;13/06/2026;BRUNO;3
3;634;SUCO DEL VALLE LT 290ML MANGA;BEBIDAS;80532;13/06/2026;150088;77863;6;7;6;1;0;13/06/2026;BRUNO;-11
3;271;VH MARCUS JAMES CABERNET 750ML;BEBIDAS;80532;13/06/2026;150088;77863;6;0;12;2;0;13/06/2026;BRUNO;15
3;592;SUCO COM TEM TP 200ML UVA E MACA;BEBIDAS;80532;13/06/2026;150088;77863;24;24;24;1;0;13/06/2026;BRUNO;-19
3;886;REFRIG ANTARCTICA GUAR LT 350ML ZR;BEBIDAS;80532;13/06/2026;150088;77863;12;1308;12;1;0;13/06/2026;BRUNO;185
3;728;SUCO GARIBALDI INTEGRAL VD 1 5L UVA UVA BRANCO;BEBIDAS;80532;13/06/2026;150088;77863;6;0;12;2;0;13/06/2026;BRUNO;11
3;552;GATORADE ZERO 350ML LARANJA LIMA;BEBIDAS;80532;13/06/2026;150088;77863;12;60;12;1;0;13/06/2026;BRUNO;16
3;793;REFRIG COCA COLA E FANTA LARANJA 2L;BEBIDAS;80631;13/06/2026;150371;78130;2;10;4;2;0;13/06/2026;EVERTON;622
3;601;SUCO DEL VALLE TP 1L PESSEGO;BEBIDAS;80631;13/06/2026;150371;78130;6;0;6;1;0;13/06/2026;EVERTON;1
3;327;BEB ADES TP 200ML ABACAXI;BEBIDAS;80631;13/06/2026;150371;78130;6;0;6;1;0;13/06/2026;EVERTON;8
3;2717;FARINHA TRIGO FIDALGA 1KG;MERCEARIA;80631;13/06/2026;150371;78130;10;10;20;2;0;13/06/2026;EVERTON;0
3;20681;MASSA PENNE RIGATE BARILLA 500G;MERCEARIA;80631;13/06/2026;150371;78130;12;0;24;0;0;13/06/2026;TEIXEIRA;-10
3;25463;VODKA SPRITE ABSOLUT LT 269ML;BEBIDAS;80631;13/06/2026;150371;78130;6;0;6;1;0;13/06/2026;EVERTON;22
3;3873;CHA ICE TEA LEAO PET 450ML LIMAO ZERO;BEBIDAS;80631;13/06/2026;150371;78130;6;0;6;1;0;13/06/2026;EVERTON;29
3;224;VH DEL GRANO BCO 1 48L SC;BEBIDAS;80631;13/06/2026;150371;78130;6;0;6;1;0;13/06/2026;EVERTON;15
3;35213;BOM AR RF 250ML FLOR DE ALGODAO;PERFUMARIA E LIMPEZA;80631;13/06/2026;150371;78130;1;0;9;0;0;16/06/2026;ALEX JARDIM;0
3;24686;TEMP MAGGI MEU SEGREDO AL CEB 49G;MERCEARIA;80631;13/06/2026;150371;78130;42;0;42;0;0;13/06/2026;TEIXEIRA;0
3;867;REFRIG COCA COLA ZERO LT 310ML C6;BEBIDAS;80631;13/06/2026;150371;78130;6;6;18;3;0;13/06/2026;EVERTON;-8
3;13403;BISC DOCE NESTLE CHOCO TRIO 90G PRESTIGIO;MERCEARIA;80631;13/06/2026;150371;78130;12;3;96;0;0;15/06/2026;MONIQUE;198
3;340;CHA ICE TEA LEAO PET 1 5L PESSEGO ZERO;BEBIDAS;80631;13/06/2026;150371;78130;6;0;6;1;0;13/06/2026;EVERTON;29
3;2775;FAROFA MANDIOCA PINDUCA 250G CALABRESA;MERCEARIA;80631;13/06/2026;150371;78130;12;0;24;2;0;15/06/2026;BRUNO ANTUNES;79
3;6694;LAVA ROUPA BRILHANTE 3L HIGIENE TOTAL;PERFUMARIA E LIMPEZA;80631;13/06/2026;150371;78130;4;16;12;0;0;16/06/2026;ALEX JARDIM;5
5;17916;ESFREGAO ACO GOTA LIMPA;PERFUMARIA E LIMPEZA;80534;13/06/2026;150090;78336;36;0;36;0;0;15/06/2026;SAMUEL;3
5;16593;CORT UNHA INOX PREMIUM 5 2CM 1PC;PERFUMARIA E LIMPEZA;80534;13/06/2026;150090;78336;1;0;2;0;0;15/06/2026;SAMUEL;4
5;8858;AP PROBAK II 2UN;PERFUMARIA E LIMPEZA;80534;13/06/2026;150090;78336;14;3934;14;1;1;17/06/2026;JESSICA;0
5;4565;CARGA MACH 3 2UN SENSITIVE;PERFUMARIA E LIMPEZA;80534;13/06/2026;150090;78336;12;0;12;1;1;17/06/2026;CAROLINA;11
5;9587;DESOD SANIT ADES GOTA LIMPA 41G 7D EUCALIPTO;PERFUMARIA E LIMPEZA;80534;13/06/2026;150090;78336;12;-12;12;0;0;17/06/2026;JESSICA;6
5;4259;AP PRESTOBARBA ULTRA GRIP 2UN;PERFUMARIA E LIMPEZA;80534;13/06/2026;150090;78336;12;456;36;3;3;17/06/2026;JESSICA;-11
5;8561;TALCO VINI LADY 200G BABY LAVANDA;PERFUMARIA E LIMPEZA;80534;13/06/2026;150090;78336;12;0;12;0;0;17/06/2026;JESSICA;1
5;25407;VELA SANDERO T 7 DIAS AMARELA;PERFUMARIA E LIMPEZA;80534;13/06/2026;150090;78336;12;0;12;0;0;15/06/2026;SAMUEL;18
6;5441;DESINF GIRANDO SOL 500ML LAVANDA;PERFUMARIA E LIMPEZA;80536;13/06/2026;150092;78338;12;60;12;2;2;15/06/2026;JESUS;-9
6;35693;LIMP VEJA PERFUMES 1L TULIPA;PERFUMARIA E LIMPEZA;80536;13/06/2026;150092;78338;12;24;12;0;0;15/06/2026;JESUS;5
6;23140;SABAO GIRANDO SOL COCO 100G BAB;PERFUMARIA E LIMPEZA;80536;13/06/2026;150092;78338;50;78;50;1;1;15/06/2026;JESUS;30
6;4170;AMAC CONC FOFO 500ML CHEIROSISSIMO V;PERFUMARIA E LIMPEZA;80536;13/06/2026;150092;78338;12;0;12;1;1;15/06/2026;JESUS;5
6;7798;SABAO BARRA YPE 900G GLIC ALOE VERA;PERFUMARIA E LIMPEZA;80536;13/06/2026;150092;78338;12;0;12;0;0;15/06/2026;JESUS;23
6;24994;TOAL UMED HUPPY L100P80;PERFUMARIA E LIMPEZA;80536;13/06/2026;150092;78338;12;4008;24;2;2;15/06/2026;JESUS;124
6;7423;PEDRA SANITARIA SANI SOL 20G EUCALIPTO;PERFUMARIA E LIMPEZA;80536;13/06/2026;150092;78338;144;288;144;0;0;15/06/2026;JESUS;530
6;5712;AMAC DOWNY 500ML MAIS INTENSO BRISA;PERFUMARIA E LIMPEZA;80536;13/06/2026;150092;78338;12;24;12;1;1;15/06/2026;JESUS;7
6;6931;LIMP UAU 500ML REQUINTE;PERFUMARIA E LIMPEZA;80536;13/06/2026;150092;78338;24;24;24;0;0;15/06/2026;JESUS;5
6;5442;DESINF GIRANDO SOL 500ML LIMAO;PERFUMARIA E LIMPEZA;80536;13/06/2026;150092;78338;12;156;24;1;1;15/06/2026;JESUS;-9
6;23155;SABAO ZAVASKI 400G;PERFUMARIA E LIMPEZA;80536;13/06/2026;150092;78338;40;40;40;1;1;15/06/2026;JESUS;29
6;10;REFRIG COCA COLA PET 2L;BEBIDAS;80536;13/06/2026;150092;78338;4;0;304;0;0;17/06/2026;E.RODRIGUES;726
6;33880;DET LIQ OMO CICLO RAPIDO 1 4 L ANTIODOR;PERFUMARIA E LIMPEZA;80536;13/06/2026;150092;78338;6;126;6;1;1;15/06/2026;JESUS;6
6;6698;LAVA ROUPA BRILHANTE 900ML LIMPEZA TOTAL;PERFUMARIA E LIMPEZA;80536;13/06/2026;150092;78338;12;0;12;2;2;15/06/2026;JESUS;-12
6;5696;DETERG YPE 500ML MACA;PERFUMARIA E LIMPEZA;80536;13/06/2026;150092;78338;24;168;24;0;0;15/06/2026;JESUS;0
6;19372;INSET NITROCID PO 50G;PERFUMARIA E LIMPEZA;80536;13/06/2026;150092;78338;1;4;1;0;0;15/06/2026;JESUS;5
6;17340;DET LIQ BIO KRISS 500ML CLEAR;PERFUMARIA E LIMPEZA;80536;13/06/2026;150092;78338;24;144;24;0;0;15/06/2026;JESUS;32
6;35112;AMAC CONC DOWNY 750ML TROPICAL;PERFUMARIA E LIMPEZA;80536;13/06/2026;150092;78338;12;492;24;0;0;15/06/2026;JESUS;0
6;4180;AMAC DOWNY 1L REGULAR INTENSO BRISA;PERFUMARIA E LIMPEZA;80536;13/06/2026;150092;78338;12;96;12;1;1;15/06/2026;JESUS;12
8;24062;SAPONACEO CREM FONT 250ML CLORO;PERFUMARIA E LIMPEZA;80540;13/06/2026;151134;78612;12;36;12;0;0;;;9
8;36264;DET LIQ APYCE SUPER ACAO SH 800ML;PERFUMARIA E LIMPEZA;80540;13/06/2026;151134;78612;12;168;12;0;0;;;-1
8;3948;AGUA SANIT GOTA LIMPA 1L;PERFUMARIA E LIMPEZA;80540;13/06/2026;151134;78612;12;1200;12;0;0;;;36
8;12289;AGUA SANIT IMPERIAL 1L;PERFUMARIA E LIMPEZA;80540;13/06/2026;151134;78612;12;96;12;0;0;;;0
8;17173;DESINF GOTA LIMPA 2L FLORAL;PERFUMARIA E LIMPEZA;80540;13/06/2026;151134;78612;6;834;6;0;0;;;7
8;35698;DET LIQ BARBAREX 5L NEUTRO;PERFUMARIA E LIMPEZA;80540;13/06/2026;151134;78612;2;14;2;0;0;;;2
8;23135;SABAO FONT COCO 200G;PERFUMARIA E LIMPEZA;80540;13/06/2026;151134;78612;36;0;36;0;0;;;5
8;5682;DET LIQ GOTA LIMPA 500ML NEUTRO;PERFUMARIA E LIMPEZA;80540;13/06/2026;151134;78612;24;5880;24;0;0;;;137
8;5435;DESINF GIRANDO SOL 2L LAVANDA;PERFUMARIA E LIMPEZA;80540;13/06/2026;151134;78612;6;11;6;0;0;;;-2
8;17177;DESINF GOTA LIMPA 2L PINHO;PERFUMARIA E LIMPEZA;80540;13/06/2026;151134;78612;6;48;6;0;0;;;13
8;5680;DET LIQ GOTA LIMPA 500ML MACA;PERFUMARIA E LIMPEZA;80540;13/06/2026;151134;78612;24;2160;24;0;0;;;150
8;5691;DETERG YPE 500 ML CLEAR;PERFUMARIA E LIMPEZA;80540;13/06/2026;151134;78612;24;216;24;0;0;;;0
8;17157;DESINF APYCE 2L LAVANDA;PERFUMARIA E LIMPEZA;80540;13/06/2026;151134;78612;6;294;6;0;0;;;23
8;17414;DET PO GOTA LIMPA 4KG HARMONIA;PERFUMARIA E LIMPEZA;80540;13/06/2026;151134;78612;5;5;5;0;0;;;0
8;5492;DESINF YPE 500ML PINHO TRADICAO;PERFUMARIA E LIMPEZA;80540;13/06/2026;151134;78612;12;4;12;0;0;;;6
8;19372;INSET NITROCID PO 50G;PERFUMARIA E LIMPEZA;80540;13/06/2026;151134;78612;1;4;1;0;0;;;0
8;17156;DESINF APYCE 2L JASMIM;PERFUMARIA E LIMPEZA;80540;13/06/2026;151134;78612;6;177;6;0;0;;;35
8;3952;AGUA SANIT Q BOA 5L;PERFUMARIA E LIMPEZA;80540;13/06/2026;151134;78612;3;678;3;0;0;;;8
8;12309;ALCOOL ARAUCARIA 46 500ML;PERFUMARIA E LIMPEZA;80540;13/06/2026;151134;78612;12;1968;12;0;0;;;58
8;6689;LAVA ROUPA ARIEL 700ML CLASSIC REF;PERFUMARIA E LIMPEZA;80540;13/06/2026;151134;78612;10;59;10;0;0;;;8
8;12293;AGUA SANIT ZAVASKI 5L;PERFUMARIA E LIMPEZA;80540;13/06/2026;151134;78612;4;540;4;0;0;;;7
11;21787;PEDRA POMES STA CLARA R 199;PERFUMARIA E LIMPEZA;80542;13/06/2026;150098;77857;6;0;6;0;0;16/06/2026;CAROLINA;0
11;4564;CARGA MACH 3 2UN CARBONO;PERFUMARIA E LIMPEZA;80542;13/06/2026;150098;77857;12;0;12;0;0;16/06/2026;CAROLINA;15
11;16593;CORT UNHA INOX PREMIUM 5 2CM 1PC;PERFUMARIA E LIMPEZA;80542;13/06/2026;150098;77857;1;0;1;0;0;15/06/2026;SAMUEL;3
11;5806;ESC DENTAL COLGATE ESSENCIAL CLEAN PACK 06UN;PERFUMARIA E LIMPEZA;80542;13/06/2026;150098;77857;6;120;48;0;0;16/06/2026;CAROLINA;13
11;17108;DES SANIT HIGISOLPAST AD LAV 9G C 4 PROM;PERFUMARIA E LIMPEZA;80542;13/06/2026;150098;77857;24;0;24;0;0;16/06/2026;CAROLINA;0
11;12279;AGUA OXIG BUTTERF 30V 100ML;PERFUMARIA E LIMPEZA;80542;13/06/2026;150098;77857;12;0;24;0;0;16/06/2026;CAROLINA;1
11;36169;CHOC BARRA NESTLE RECH 90G NEGRESCO;MERCEARIA;80542;13/06/2026;150098;77857;14;644;56;0;0;16/06/2026;JOCELAINE;75
11;17317;DESOD ROLLON REXONA 50ML XTRA COOL;PERFUMARIA E LIMPEZA;80542;13/06/2026;150098;77857;12;3;12;0;0;16/06/2026;CAROLINA;4
11;8858;AP PROBAK II 2UN;PERFUMARIA E LIMPEZA;80542;13/06/2026;150098;77857;14;3934;14;0;0;16/06/2026;CAROLINA;1
11;8149;SH ANTIC CLEAR 200ML MEN LIMPEZA PROFUND;PERFUMARIA E LIMPEZA;80542;13/06/2026;150098;77857;12;0;12;0;0;16/06/2026;CAROLINA;5
11;2361;FEIJAO VERMELHO ARBAZA 500G;MERCEARIA;80542;13/06/2026;150098;77857;12;1185;12;1;0;18/06/2026;MIKAEL;34
11;4256;AP PRESTOBARBA ULTRAGRIP 3L CART2UN;PERFUMARIA E LIMPEZA;80542;13/06/2026;150098;77857;1;0;1;0;0;16/06/2026;CAROLINA;0
11;24816;TINTURA BELAECOR 147G 3 0 CASTANHO E;PERFUMARIA E LIMPEZA;80542;13/06/2026;150098;77857;6;0;6;0;0;16/06/2026;CAROLINA;6
11;20415;MAMAD CEFISA SIL 240ML;PERFUMARIA E LIMPEZA;80542;13/06/2026;150098;77857;12;0;12;0;0;16/06/2026;CAROLINA;2
11;4247;AP PRESTOBARBA 3 2UN SENSE CARE;PERFUMARIA E LIMPEZA;80542;13/06/2026;150098;77857;12;192;24;0;0;16/06/2026;CAROLINA;0
11;9587;DESOD SANIT ADES GOTA LIMPA 41G 7D EUCALIPTO;PERFUMARIA E LIMPEZA;80542;13/06/2026;150098;77857;12;-12;12;0;0;16/06/2026;CAROLINA;3
12;17339;LAVA ROUPAS LIQ BARBAREX 5L;PERFUMARIA E LIMPEZA;80544;13/06/2026;151421;78857;2;60;4;0;0;;;4
12;17420;DET PO TIXAN YPE CT 400PRIMAVERA;PERFUMARIA E LIMPEZA;80544;13/06/2026;151421;78857;28;0;28;0;0;;;6
12;4213;AMAC GOTA LIMPA 5L FLORATA;PERFUMARIA E LIMPEZA;80544;13/06/2026;151421;78857;4;276;8;0;0;;;3
12;5693;DETERG YPE 500ML CAPIM LIMAO;PERFUMARIA E LIMPEZA;80544;13/06/2026;151421;78857;24;48;24;0;0;;;0
12;35698;DET LIQ BARBAREX 5L NEUTRO;PERFUMARIA E LIMPEZA;80544;13/06/2026;151421;78857;2;14;2;0;0;;;4
12;37429;AGUA SANITARIA SUPREMA 5 L;PERFUMARIA E LIMPEZA;80544;13/06/2026;151421;78857;3;33;3;0;0;;;0
12;5683;DET LIQ GOTA LIMPA 5L NEUTRO;PERFUMARIA E LIMPEZA;80544;13/06/2026;151421;78857;4;4;4;0;0;;;3
12;5697;AMAC YPE PRO ROUPAS TECIDOS 7L;PERFUMARIA E LIMPEZA;80544;13/06/2026;151421;78857;1;2;1;0;0;;;0
12;20157;LIMP VEJA PERF SENS 2L JASMIM;PERFUMARIA E LIMPEZA;80544;13/06/2026;151421;78857;6;0;6;0;0;;;4
12;12290;AGUA SANIT IMPERIAL 2L;PERFUMARIA E LIMPEZA;80544;13/06/2026;151421;78857;6;54;12;0;0;;;0
12;6694;LAVA ROUPA BRILHANTE 3L HIGIENE TOTAL;PERFUMARIA E LIMPEZA;80544;13/06/2026;151421;78857;4;16;4;0;0;;;23
12;37432;DESINFETANTE SUPREMA LAVANDA 5L;PERFUMARIA E LIMPEZA;80544;13/06/2026;151421;78857;3;396;9;0;0;;;34
12;17385;DET PO APYCE SH 1 6K ROSA;PERFUMARIA E LIMPEZA;80544;13/06/2026;151421;78857;13;117;13;0;0;;;26
12;5680;DET LIQ GOTA LIMPA 500ML MACA;PERFUMARIA E LIMPEZA;80544;13/06/2026;151421;78857;24;2160;48;0;0;;;194
12;17325;DET LIQ AQUAFAST 2L FL BCAS E BAUN;PERFUMARIA E LIMPEZA;80544;13/06/2026;151421;78857;6;264;6;0;0;;;6
12;7857;SABAO PO SURF 1 6KG SACO ROSA FLOR;PERFUMARIA E LIMPEZA;80544;13/06/2026;151421;78857;7;0;7;0;0;;;1
12;9735;LAVA ROUPA AQUA FAST 3L TERNURA;PERFUMARIA E LIMPEZA;80544;13/06/2026;151421;78857;4;12;4;0;0;;;4
12;3953;AGUA SANIT YPE 1L;PERFUMARIA E LIMPEZA;80544;13/06/2026;151421;78857;12;1536;24;0;0;;;12
12;7851;SABAO PO OMO 800G LAV PERFEITA;PERFUMARIA E LIMPEZA;80544;13/06/2026;151421;78857;20;7082;20;0;0;;;27
12;34845;ALVEJ BARBAREX 2L S CLORO;PERFUMARIA E LIMPEZA;80544;13/06/2026;151421;78857;6;78;18;0;0;;;0
12;5678;DET LIQ GOTA LIMPA 500ML CRISTAL;PERFUMARIA E LIMPEZA;80544;13/06/2026;151421;78857;24;6072;72;0;0;;;49
12;5488;DESINF YPE 2L BAK FLORAL;PERFUMARIA E LIMPEZA;80544;13/06/2026;151421;78857;6;18;6;0;0;;;9
12;9290;DESINF YPE BAK 1L EUCALIPTO;PERFUMARIA E LIMPEZA;80544;13/06/2026;151421;78857;12;72;24;0;0;;;0
12;6741;LAVA ROUPA UAU 3L ACTIVE;PERFUMARIA E LIMPEZA;80544;13/06/2026;151421;78857;4;20;4;0;0;;;5
12;17350;DET LIQ GOTA LIMPA 1L NEUTRO;PERFUMARIA E LIMPEZA;80544;13/06/2026;151421;78857;12;2160;24;0;0;;;60
12;17164;DESINF AQUAFAST 5L MARINE;PERFUMARIA E LIMPEZA;80544;13/06/2026;151421;78857;4;8;4;0;0;;;9
12;33285;AMACIANTE APYCE 2L JASMIM ROSA;PERFUMARIA E LIMPEZA;80544;13/06/2026;151421;78857;6;30;6;0;0;;;0
12;4220;AMAC YPE 5L ACONCHEGO;PERFUMARIA E LIMPEZA;80544;13/06/2026;151421;78857;4;68;12;0;0;;;5
12;7811;SABAO PO BRILHANTE 2 2KG LIMPEZA TOTAL;PERFUMARIA E LIMPEZA;80544;13/06/2026;151421;78857;9;309;9;0;0;;;25
12;7835;DET PO GOTA LIMPA 800G EQUILIBRIO;PERFUMARIA E LIMPEZA;80544;13/06/2026;151421;78857;20;120;60;0;0;;;0
12;12293;AGUA SANIT ZAVASKI 5L;PERFUMARIA E LIMPEZA;80544;13/06/2026;151421;78857;4;540;8;0;0;;;11
12;37437;AGUA SANITARIA SUPREMA 2 L;PERFUMARIA E LIMPEZA;80544;13/06/2026;151421;78857;6;3822;6;0;0;;;43
12;3954;AGUA SANIT YPE 2L;PERFUMARIA E LIMPEZA;80544;13/06/2026;151421;78857;6;-6;6;0;0;;;12
12;33287;AMAC APYCE 5L JASMIM RSA;PERFUMARIA E LIMPEZA;80544;13/06/2026;151421;78857;2;2;6;0;0;;;29
12;17176;DESINF GOTA LIMPA 2L LIMAO;PERFUMARIA E LIMPEZA;80544;13/06/2026;151421;78857;6;960;6;0;0;;;7
12;17177;DESINF GOTA LIMPA 2L PINHO;PERFUMARIA E LIMPEZA;80544;13/06/2026;151421;78857;6;48;6;0;0;;;8
12;35580;DET LIQ BRILHANTE HIG TOTAL 1 8L;PERFUMARIA E LIMPEZA;80544;13/06/2026;151421;78857;6;83;6;0;0;;;22
12;7834;DET PO GOTA LIMPA 4KG EQUILIBRIO;PERFUMARIA E LIMPEZA;80544;13/06/2026;151421;78857;5;4;5;0;0;;;4
12;9299;DETERG YPE LIQ 5L NEUTRO;PERFUMARIA E LIMPEZA;80544;13/06/2026;151421;78857;4;4;4;0;0;;;7
13;1298;CHOC BARRA NESTLE SUFLAIR DUO 80G;MERCEARIA;80546;13/06/2026;150102;77859;64;0;64;1;1;17/06/2026;CAROLINA;16
13;1888;PASTILHA TIC TAC 14 5G MENTA;MERCEARIA;80546;13/06/2026;150102;77859;14;0;14;0;0;17/06/2026;CAROLINA;15
13;2793;FAROFA CASEIRISSIMA YOKI 200G CEBOLA;MERCEARIA;80546;13/06/2026;150102;77859;12;12;12;1;0;18/06/2026;MIKAEL;8
13;1452;CHOC KINDER BUENO 39G;MERCEARIA;80546;13/06/2026;150102;77859;30;0;30;0;0;17/06/2026;CAROLINA;0
13;36245;CHOC BARRA NESTLE RECH 90G PRESTIG;MERCEARIA;80546;13/06/2026;150102;77859;14;0;14;1;1;17/06/2026;CAROLINA;0
13;633;VODKA TAIGA PREMIUM VD 1L;BEBIDAS;80546;13/06/2026;150102;77859;1;0;1;0;0;17/06/2026;CAROLINA;10
13;1446;BISC DOCE NESTLE CHOCO TRIO 90G AMEND;MERCEARIA;80546;13/06/2026;150102;77859;12;672;12;0;0;17/06/2026;CAROLINA;2
13;3384;CALDO GALINHA APTI 57G;MERCEARIA;80546;13/06/2026;150102;77859;120;600;120;0;0;17/06/2026;CAROLINA;3
13;1058;ALFAJOR EL AGUILA 60G CHOC;MERCEARIA;80546;13/06/2026;150102;77859;12;48;48;0;0;17/06/2026;CAROLINA;3
13;1748;CHICLE FREEGELLS GUM 8G HORTELA;MERCEARIA;80546;13/06/2026;150102;77859;15;0;15;0;0;17/06/2026;CAROLINA;7
13;3431;SOPA GALINHA MAGGI 60G FIDELINI;MERCEARIA;80546;13/06/2026;150102;77859;10;19;10;0;0;17/06/2026;CAROLINA;0
13;3383;CALDO APTI 19G GALINHA;MERCEARIA;80546;13/06/2026;150102;77859;24;1080;48;0;0;17/06/2026;CAROLINA;49
13;1744;CHICLE FREEGELLS GUM 8G TUTTI FRUTTI;MERCEARIA;80546;13/06/2026;150102;77859;15;0;15;0;0;17/06/2026;CAROLINA;3
14;793;REFRIG COCA COLA E FANTA LARANJA 2L;BEBIDAS;80649;13/06/2026;150381;78150;2;10;2;0;0;16/06/2026;WENDRIO;27
14;13403;BISC DOCE NESTLE CHOCO TRIO 90G PRESTIGIO;MERCEARIA;80649;13/06/2026;150381;78150;12;3;60;5;0;15/06/2026;MONIQUE;37
14;796;REFRIG COCA COLA E FANTA GUARANA 2L;BEBIDAS;80649;13/06/2026;150381;78150;2;8;4;0;0;16/06/2026;WENDRIO;66
18;3431;SOPA GALINHA MAGGI 60G FIDELINI;MERCEARIA;80552;13/06/2026;150108;78346;10;19;10;2;2;18/06/2026;JOCELAINE;-4
18;34306;REFRIG COCA COLA PET 1L;BEBIDAS;80552;13/06/2026;150108;78346;6;36;18;0;0;20/06/2026;ALEXSANDRO;1
18;1845;DROPS FREEGELLS 27 9G EUCALIPTO;MERCEARIA;80552;13/06/2026;150108;78346;12;804;12;0;0;18/06/2026;JOCELAINE;-9
18;7377;PAPEL TOALHA MILI 3UN;PERFUMARIA E LIMPEZA;80552;13/06/2026;150108;78346;4;0;4;0;0;15/06/2026;ELIAS;2
18;4256;AP PRESTOBARBA ULTRAGRIP 3L CART2UN;PERFUMARIA E LIMPEZA;80552;13/06/2026;150108;78346;1;0;1;0;0;18/06/2026;JOCELAINE;-10
18;8791;ABS MILI NOTURNO C ABAS 8UN;PERFUMARIA E LIMPEZA;80552;13/06/2026;150108;78346;36;36;36;1;1;24/06/2026;MURILO;15
18;441;ENERG BALY LT 473ML ABACAXI HORTELA;BEBIDAS;80552;13/06/2026;150108;78346;6;0;6;1;0;16/06/2026;E.RODRIGUES;-8
18;18;AGUA TONICA FRUKI PET 1 5L;BEBIDAS;80552;13/06/2026;150108;78346;6;0;6;1;0;16/06/2026;E.RODRIGUES;7
18;1264;CHOC BARRA LACTA 80G LAKA OREO;MERCEARIA;80552;13/06/2026;150108;78346;17;-17;68;0;0;18/06/2026;JOCELAINE;6
18;4565;CARGA MACH 3 2UN SENSITIVE;PERFUMARIA E LIMPEZA;80552;13/06/2026;150108;78346;12;0;12;1;1;18/06/2026;JOCELAINE;50
18;7490;POMADA NUGGET 36G PRETA;PERFUMARIA E LIMPEZA;80552;13/06/2026;150108;78346;12;0;12;0;0;18/06/2026;JOCELAINE;0
18;357;CHA MATTE LEAO PET 1 5L LIMAO;BEBIDAS;80552;13/06/2026;150108;78346;6;0;6;1;0;16/06/2026;E.RODRIGUES;1
18;18429;FAR PANKO SANTI ORIENTAL 200G;MERCEARIA;80552;13/06/2026;150108;78346;6;1;6;0;0;20/06/2026;WENDRIO;23
18;5030;COND PANTENE 175ML LISO EXTREMO;PERFUMARIA E LIMPEZA;80552;13/06/2026;150108;78346;6;0;36;6;6;18/06/2026;JOCELAINE;8
18;633;VODKA TAIGA PREMIUM VD 1L;BEBIDAS;80552;13/06/2026;150108;78346;1;0;1;0;0;18/06/2026;JOCELAINE;9
18;3394;CALDO GALINHA KNORR 114G;MERCEARIA;80552;13/06/2026;150108;78346;1;722;1;1;1;18/06/2026;JOCELAINE;31
18;5032;COND PANTENE 175ML RESTAUR PROFUND;PERFUMARIA E LIMPEZA;80552;13/06/2026;150108;78346;6;0;6;0;0;18/06/2026;JOCELAINE;8
18;33266;REFRIG FRUKI PET 3 L LARANJA;BEBIDAS;80552;13/06/2026;150108;78346;4;680;4;2;0;16/06/2026;E.RODRIGUES;89
18;35123;CHOC BATON GAROTO 16G DUO;MERCEARIA;80552;13/06/2026;150108;78346;30;0;30;1;1;18/06/2026;JOCELAINE;-41
18;36245;CHOC BARRA NESTLE RECH 90G PRESTIG;MERCEARIA;80552;13/06/2026;150108;78346;14;0;28;2;2;18/06/2026;JOCELAINE;0
18;5044;COND PANTENE 400ML RESTAURACAO;PERFUMARIA E LIMPEZA;80552;13/06/2026;150108;78346;6;6;6;2;2;18/06/2026;JOCELAINE;8
18;12280;AGUA OXIG BUTTERF 40V 100ML;PERFUMARIA E LIMPEZA;80552;13/06/2026;150108;78346;12;0;12;0;0;18/06/2026;JOCELAINE;11
18;5843;ESC DENTAL ORAL B COMPLE COLORS 5UN;PERFUMARIA E LIMPEZA;80552;13/06/2026;150108;78346;6;6;6;0;0;18/06/2026;JOCELAINE;22
18;24323;SH GENIAL PET 2 EM 1 500ML;PRODUTOS PET;80552;13/06/2026;150108;78346;1;0;1;0;0;18/06/2026;JOCELAINE;6
18;21664;PAPEL HIG DOBLE FT FD 12 UN C 20M;PERFUMARIA E LIMPEZA;80552;13/06/2026;150108;78346;8;0;8;0;0;15/06/2026;ELIAS;-12
18;5028;COND PANTENE 175ML HIDRATACAO;PERFUMARIA E LIMPEZA;80552;13/06/2026;150108;78346;6;2;6;2;2;18/06/2026;JOCELAINE;8
18;761;REFRIG ANTAR SODA LIMONAD PET 200ML;BEBIDAS;80552;13/06/2026;150108;78346;12;312;12;1;0;16/06/2026;E.RODRIGUES;12
18;548;GATORADE 500ML UVA;BEBIDAS;80552;13/06/2026;150108;78346;6;60;6;1;0;16/06/2026;E.RODRIGUES;6
18;12294;AGUA TONICA QUININO 1 5L ZERO;BEBIDAS;80552;13/06/2026;150108;78346;6;6;6;0;0;20/06/2026;ALEXSANDRO;8
18;795;REFRIG COCA COLA PET 2L ZERO;BEBIDAS;80552;13/06/2026;150108;78346;8;64;24;4;0;16/06/2026;E.RODRIGUES;895
1;10149;SAB FARNESE 180G PURO HIDR;PERFUMARIA E LIMPEZA;80813;15/06/2026;150778;79633;36;720;36;1;1;24/06/2026;ERICA;17
1;33648;SAB LIQ MADE IN BRAZIL 1L AMEIXA;PERFUMARIA E LIMPEZA;80813;15/06/2026;150778;79633;12;0;12;1;1;24/06/2026;ERICA;8
1;5250;CR DENT CLOSE UP 70G TRIPLE HORTELA;PERFUMARIA E LIMPEZA;80813;15/06/2026;150778;79633;72;216;72;0;0;24/06/2026;ERICA;1
1;10144;SAB FARNESE 180G AVEIA ESFOL;PERFUMARIA E LIMPEZA;80813;15/06/2026;150778;79633;36;1584;72;0;0;24/06/2026;ERICA;25
1;648;WHISKY MASTER GOLD VD 900ML;BEBIDAS;80813;15/06/2026;150778;79633;1;158;5;6;6;22/06/2026;PAMELA;0
1;23217;SAL REFINADO EX GARCA 1K;MERCEARIA;80813;15/06/2026;150778;79633;10;1994;10;4;4;24/06/2026;GUILHERME B;29
1;5269;CR DENTAL ORAL B 123 70G;PERFUMARIA E LIMPEZA;80813;15/06/2026;150778;79633;108;7128;216;0;0;24/06/2026;ERICA;931
1;3680;LEITE COND TRIANGULO TP 395G;MERCEARIA;80813;15/06/2026;150778;79633;27;108;27;0;0;24/06/2026;ALEXSANDRO;0
1;1834;PAST DOCILE ROLLY MINTY 29G EXTRA FORTE;MERCEARIA;80813;15/06/2026;150778;79633;12;672;12;2;2;22/06/2026;PAMELA;-118
1;23217;SAL REFINADO EX GARCA 1K;MERCEARIA;81063;15/06/2026;151231;79633;10;1994;30;4;4;24/06/2026;GUILHERME B;29
2;808;CHOC PO TRISANTI 50 CACAU 1 005KG;MERCEARIA;80815;15/06/2026;;;6;25;6;0;0;;;0
4;8293;SH PANTENE 175ML QUERATINA;PERFUMARIA E LIMPEZA;80841;15/06/2026;150792;79630;6;48;6;1;1;22/06/2026;PAMELA;6
4;3903;ABS C ABAS MILI DIA NOITE C 16 UN SUAVE;PERFUMARIA E LIMPEZA;80841;15/06/2026;150792;79630;24;168;24;1;1;24/06/2026;PAMELA;17
4;33833;LEITE UHT TIROL 1L BIO CICLOS;PERECIVEIS;80841;15/06/2026;150792;79630;12;264;36;0;0;;;0
5;4259;AP PRESTOBARBA ULTRA GRIP 2UN;PERFUMARIA E LIMPEZA;80819;15/06/2026;150781;78336;12;456;12;3;3;17/06/2026;JESSICA;-11
5;8288;SH PANTENE 175ML EQUIL ALGA MAR;PERFUMARIA E LIMPEZA;80819;15/06/2026;150781;78336;6;24;6;1;1;17/06/2026;JESSICA;8
5;8018;SACO PANOSUL 60X68CM XADREZ;PERFUMARIA E LIMPEZA;80819;15/06/2026;150781;78336;25;0;25;0;0;15/06/2026;SAMUEL;8
5;5173;CORANTE TINGECOR 40G GUARANY PRETO N31;PERFUMARIA E LIMPEZA;80819;15/06/2026;150781;78336;6;0;24;0;0;15/06/2026;SAMUEL;2
5;4258;AP PROBAK II LV7 PG5;PERFUMARIA E LIMPEZA;80819;15/06/2026;150781;78336;1;277;75;75;75;17/06/2026;JESSICA;35
5;16593;CORT UNHA INOX PREMIUM 5 2CM 1PC;PERFUMARIA E LIMPEZA;80819;15/06/2026;150781;78336;1;0;1;0;0;15/06/2026;SAMUEL;4
5;7534;PRENDEDOR ROUPA GABOARDI 12UN;PERFUMARIA E LIMPEZA;80819;15/06/2026;150781;78336;50;850;50;1;0;15/06/2026;SAMUEL;9
5;8704;VASSOURA CONDOR LIMPA PISO S CABO;PERFUMARIA E LIMPEZA;80819;15/06/2026;150781;78336;12;1812;12;0;0;15/06/2026;SAMUEL;3
5;25103;VASSOURA CONDOR MADRI V 200;PERFUMARIA E LIMPEZA;80819;15/06/2026;150781;78336;14;0;14;0;0;15/06/2026;SAMUEL;8
5;24806;TINGECOR GUARANY AZUL 40G;PERFUMARIA E LIMPEZA;80819;15/06/2026;150781;78336;6;0;6;1;0;15/06/2026;SAMUEL;4
5;38500;LENTILHA CALDO DE OURO 500G;MERCEARIA;81110;15/06/2026;151320;78847;12;2064;240;0;0;16/06/2026;ARIELI;277
5;298;VH SANGUE BOI TINTO 750ML SC;BEBIDAS;81110;15/06/2026;151320;78847;6;387;18;3;3;16/06/2026;BRUNO ANTUNES;6
5;2628;ERVA MATE PONCHE VERDE 1KG TRAD;MERCEARIA;81110;15/06/2026;151320;78847;20;2720;40;0;0;16/06/2026;ARIELI;74
6;9547;FRALDA MILI JUMBINHO M 22UN;PERFUMARIA E LIMPEZA;80821;15/06/2026;150782;78338;9;0;9;0;0;15/06/2026;JESUS;8
6;12169;ABS DEFINITY S ABAS C 8;PERFUMARIA E LIMPEZA;80821;15/06/2026;150782;78338;60;360;60;0;0;15/06/2026;JESUS;16
6;19372;INSET NITROCID PO 50G;PERFUMARIA E LIMPEZA;80821;15/06/2026;150782;78338;1;4;1;0;0;15/06/2026;JESUS;5
6;33422;DET PO AQUAFAST MULTIACAO 800G;PERFUMARIA E LIMPEZA;80821;15/06/2026;150782;78338;20;80;20;0;0;15/06/2026;JESUS;13
6;18748;FRALDA DESC FERINHA JUMBINHO C 18 M;PERFUMARIA E LIMPEZA;80821;15/06/2026;150782;78338;12;12;12;0;0;15/06/2026;JESUS;0
6;5472;DESINF PINHO SOL 1L TRAD;PERFUMARIA E LIMPEZA;80821;15/06/2026;150782;78338;12;216;12;1;1;15/06/2026;JESUS;9
6;5441;DESINF GIRANDO SOL 500ML LAVANDA;PERFUMARIA E LIMPEZA;80821;15/06/2026;150782;78338;12;60;12;2;2;15/06/2026;JESUS;-9
6;6891;LIMP MULTI UAU 500ML FLORES FRESCOR;PERFUMARIA E LIMPEZA;80821;15/06/2026;150782;78338;24;168;24;1;1;15/06/2026;JESUS;13
6;21299;ODORIZ AMAZONIA AROM 270ML CRAVO CANE;PERFUMARIA E LIMPEZA;80821;15/06/2026;150782;78338;12;0;12;0;0;15/06/2026;JESUS;-6
6;4196;AMAC DOWNY 750ML SUAVE;PERFUMARIA E LIMPEZA;80821;15/06/2026;150782;78338;12;206;12;1;1;15/06/2026;JESUS;8
6;6877;LIMP M USO YPE 500ML TIRA MANCHAS;PERFUMARIA E LIMPEZA;80821;15/06/2026;150782;78338;12;0;12;1;1;15/06/2026;JESUS;6
6;9539;FRALDA BABYSEC ULTRA JUMBINHO G 16UN;PERFUMARIA E LIMPEZA;80821;15/06/2026;150782;78338;8;168;8;1;0;15/06/2026;JESUS;8
6;17340;DET LIQ BIO KRISS 500ML CLEAR;PERFUMARIA E LIMPEZA;80821;15/06/2026;150782;78338;24;144;24;0;0;15/06/2026;JESUS;32
6;18763;FRALDA DESC MILI GIGA M C 88 C 88 M;PERFUMARIA E LIMPEZA;80821;15/06/2026;150782;78338;4;0;8;2;0;15/06/2026;JESUS;14
6;36116;LIMP VEJA PERFUMES LIRIO DO NILO 1L;PERFUMARIA E LIMPEZA;80821;15/06/2026;150782;78338;12;12;12;0;0;15/06/2026;JESUS;-10
6;4166;AMAC CONC FOFO 500ML AZL TUDAO;PERFUMARIA E LIMPEZA;80821;15/06/2026;150782;78338;12;24;12;1;1;15/06/2026;JESUS;8
6;78;AGUA SABORIZ H2OH PET 500ML LIMAO;BEBIDAS;80821;15/06/2026;150782;78338;12;24;12;0;0;17/06/2026;E.RODRIGUES;8
6;6698;LAVA ROUPA BRILHANTE 900ML LIMPEZA TOTAL;PERFUMARIA E LIMPEZA;80821;15/06/2026;150782;78338;12;0;12;2;2;15/06/2026;JESUS;-12
6;6928;LIMP UAU 500ML FLORES DO SONHO;PERFUMARIA E LIMPEZA;80821;15/06/2026;150782;78338;24;96;24;1;1;15/06/2026;JESUS;15
8;24323;SH GENIAL PET 2 EM 1 500ML;PRODUTOS PET;80825;15/06/2026;150784;78344;1;0;1;0;0;18/06/2026;JOCELAINE;5
8;16593;CORT UNHA INOX PREMIUM 5 2CM 1PC;PERFUMARIA E LIMPEZA;80825;15/06/2026;150784;78344;1;0;1;0;0;15/06/2026;SAMUEL;2
8;33759;ESCOVA P MAMADEIRA CABO PLASTICO;PERFUMARIA E LIMPEZA;80825;15/06/2026;150784;78344;1;0;1;0;0;15/06/2026;SAMUEL;6
8;8858;AP PROBAK II 2UN;PERFUMARIA E LIMPEZA;80825;15/06/2026;150784;78344;14;3934;14;1;1;18/06/2026;JOCELAINE;15
8;24638;TCO CORP JAYLUC 80G JASMIN;PERFUMARIA E LIMPEZA;80825;15/06/2026;150784;78344;12;72;12;1;1;18/06/2026;JOCELAINE;9
8;15296;CALDO MAGGI 57G LEGUMES;MERCEARIA;80825;15/06/2026;150784;78344;10;0;10;1;1;18/06/2026;JOCELAINE;23
8;2361;FEIJAO VERMELHO ARBAZA 500G;MERCEARIA;80825;15/06/2026;150784;78344;12;1185;60;0;0;20/06/2026;WENDRIO;4
8;24639;TCO CORP JAYLUC 80G ROSAS;PERFUMARIA E LIMPEZA;80825;15/06/2026;150784;78344;12;12;12;1;1;18/06/2026;JOCELAINE;9
8;648;WHISKY MASTER GOLD VD 900ML;BEBIDAS;80825;15/06/2026;150784;78344;1;158;3;2;2;18/06/2026;JOCELAINE;1
8;24138;SC PANOSUL ALVEJADO 48X63CM R 14;PERFUMARIA E LIMPEZA;80825;15/06/2026;150784;78344;1;0;1;0;0;15/06/2026;SAMUEL;10
8;647;WHISKY GREEN VALLEY VD 1L;BEBIDAS;80825;15/06/2026;150784;78344;1;0;1;0;0;18/06/2026;JOCELAINE;4
8;38500;LENTILHA CALDO DE OURO 500G;MERCEARIA;81116;15/06/2026;151323;78850;12;2064;240;20;0;16/06/2026;BRUNO;156
11;8858;AP PROBAK II 2UN;PERFUMARIA E LIMPEZA;80827;15/06/2026;150785;78491;14;3934;14;1;1;18/06/2026;JOCELAINE;1
11;4256;AP PRESTOBARBA ULTRAGRIP 3L CART2UN;PERFUMARIA E LIMPEZA;80827;15/06/2026;150785;78491;1;0;1;0;0;18/06/2026;JOCELAINE;0
11;4247;AP PRESTOBARBA 3 2UN SENSE CARE;PERFUMARIA E LIMPEZA;80827;15/06/2026;150785;78491;12;192;12;1;1;18/06/2026;JOCELAINE;0
11;296;VH SANGUE BOI BCO 750ML SV;BEBIDAS;81118;15/06/2026;151324;78851;6;13;6;1;0;17/06/2026;EVERTON;1
12;33426;CHOC BIBS STICKS 29G NAPOLITANO;MERCEARIA;80829;15/06/2026;150786;78387;16;0;16;1;0;17/06/2026;CAROLINA;46
12;1686;CONFEITO MMS TUBO 38G CHOC AO LEITE;MERCEARIA;80829;15/06/2026;150786;78387;12;0;12;1;0;17/06/2026;CAROLINA;3
12;1986;CAPPUCCINO PRONTO 3C 260ML BALANCE;MERCEARIA;80829;15/06/2026;150786;78387;6;0;6;1;0;17/06/2026;CAROLINA;0
12;3431;SOPA GALINHA MAGGI 60G FIDELINI;MERCEARIA;80829;15/06/2026;150786;78387;10;19;10;0;1;17/06/2026;CAROLINA;3
12;648;WHISKY MASTER GOLD VD 900ML;BEBIDAS;80829;15/06/2026;150786;78387;1;158;1;1;1;17/06/2026;CAROLINA;1
12;1294;CHOC BARRA NESTLE 80G AO LEITE;MERCEARIA;80829;15/06/2026;150786;78387;64;0;64;0;0;18/06/2026;JOCELAINE;88
12;3805;PO P SORVETE APTI 120G CREME;MERCEARIA;80829;15/06/2026;150786;78387;12;0;12;1;0;17/06/2026;CAROLINA;23
12;12452;AMEND BCO BELLA DICA 400G;MERCEARIA;80829;15/06/2026;150786;78387;12;6420;120;10;0;15/06/2026;MIKAEL;0
12;15295;CALDO MAGGI 57G COSTELA;MERCEARIA;80829;15/06/2026;150786;78387;10;10;10;1;1;18/06/2026;JOCELAINE;61
13;3373;CALDO MAGGI 57G CARNE;MERCEARIA;80831;15/06/2026;150787;78492;150;750;150;1;1;17/06/2026;JOCELAINE;74
13;22914;REPARADOR PONTAS JAYLUC 30ML BLIND QUERAT;PERFUMARIA E LIMPEZA;80831;15/06/2026;150787;78492;24;0;48;2;2;18/06/2026;JOCELAINE;31
13;5842;ESC DENTAL ORAL B COMPL LV2 PG1;PERFUMARIA E LIMPEZA;80831;15/06/2026;150787;78492;1;239;12;12;12;18/06/2026;JOCELAINE;-1
13;20653;MAS PARAF ISABELA SEMOLA 400G;MERCEARIA;80831;15/06/2026;150787;78492;20;1460;20;1;1;17/06/2026;JOCELAINE;18
13;36245;CHOC BARRA NESTLE RECH 90G PRESTIG;MERCEARIA;80831;15/06/2026;150787;78492;14;0;14;1;0;18/06/2026;JOCELAINE;0
13;2835;MASSA C OVOS GERMANI 500G PARAFUSO;MERCEARIA;80831;15/06/2026;150787;78492;20;1000;20;0;0;17/06/2026;JOCELAINE;58
13;7377;PAPEL TOALHA MILI 3UN;PERFUMARIA E LIMPEZA;80831;15/06/2026;150787;78492;4;0;28;0;0;15/06/2026;ELIAS;-11
13;20316;MACARRAO INST GERMANI 63G CARNE;MERCEARIA;80831;15/06/2026;150787;78492;50;16449;100;2;2;17/06/2026;JOCELAINE;170
13;1267;CHOC BARRA LACTA 80G AMARO 40 CACAU;MERCEARIA;80831;15/06/2026;150787;78492;17;0;17;1;0;18/06/2026;JOCELAINE;1
13;31452;MAC INST NISSIN 85G COSTELA;MERCEARIA;80831;15/06/2026;150787;78492;50;900;50;1;1;17/06/2026;JOCELAINE;9
13;3726;TEMP SABOR AMI 300G S PIMENTA;MERCEARIA;80831;15/06/2026;150787;78492;24;72;24;1;1;17/06/2026;JOCELAINE;14
13;1986;CAPPUCCINO PRONTO 3C 260ML BALANCE;MERCEARIA;80831;15/06/2026;150787;78492;6;0;6;1;0;18/06/2026;JOCELAINE;11
13;3402;CALDO APTI 57G LEGUMES;MERCEARIA;80831;15/06/2026;150787;78492;10;1050;10;0;0;17/06/2026;JOCELAINE;-5
13;1742;CHICLE FREEGELLS GUM 8G EXTRA FORTE;MERCEARIA;80831;15/06/2026;150787;78492;15;135;15;1;0;18/06/2026;JOCELAINE;7
13;20586;MASSA CAS MOSMANN C OVOS N2 500G;MERCEARIA;80831;15/06/2026;150787;78492;20;0;20;0;0;17/06/2026;JOCELAINE;3
13;8858;AP PROBAK II 2UN;PERFUMARIA E LIMPEZA;80831;15/06/2026;150787;78492;14;3934;14;1;1;18/06/2026;JOCELAINE;8
13;13514;BLO LIXA P UNHA BONITTA;PERFUMARIA E LIMPEZA;80831;15/06/2026;150787;78492;1;0;1;0;0;18/06/2026;JOCELAINE;3
13;5812;ESC DENTAL COLGATE TRIP ACAO LV2PG1;PERFUMARIA E LIMPEZA;80831;15/06/2026;150787;78492;12;0;12;0;0;18/06/2026;JOCELAINE;-9
13;1852;DROPS FREEGELLS 27 9G MENTA;MERCEARIA;80831;15/06/2026;150787;78492;12;672;12;1;0;18/06/2026;JOCELAINE;4
13;3512;FERM PO BIOL GOOD INSTANT SH 10G;MERCEARIA;80831;15/06/2026;150787;78492;30;0;90;3;0;18/06/2026;JOCELAINE;217
13;633;VODKA TAIGA PREMIUM VD 1L;BEBIDAS;80831;15/06/2026;150787;78492;1;0;1;1;0;18/06/2026;JOCELAINE;10
13;20311;MAC CUP NOODLES 68PARMEGIANA;MERCEARIA;80831;15/06/2026;150787;78492;24;24;24;0;0;17/06/2026;JOCELAINE;4
13;4258;AP PROBAK II LV7 PG5;PERFUMARIA E LIMPEZA;80831;15/06/2026;150787;78492;1;277;3;3;3;18/06/2026;JOCELAINE;5
13;11245;GOIABADA STELLA KG;PERECIVEIS;81156;15/06/2026;151403;78853;7;21;21;3;3;16/06/2026;BRUNO ANTUNES;-5,275
17;20454;MANG DUOCOLOR 10MTS;NAO ALIMENTO;80867;15/06/2026;150805;78432;1;213;1;0;0;;;1
17;2745;FARINHA TRIGO MARIA INES 1KG;MERCEARIA;81126;15/06/2026;151328;78855;10;1790;500;0;0;16/06/2026;BRUNO;97
17;6115;FRALDA GERIATRICA MILI VITA M 09UN;PERFUMARIA E LIMPEZA;81126;15/06/2026;151328;78855;8;0;8;1;0;19/06/2026;MURILO;4
18;8966;CARVAO CHAMA CAMPEIRA 5KG;NAO ALIMENTO;80837;15/06/2026;150790;78346;1;86;10;10;0;16/06/2026;E.RODRIGUES;18
18;774;REFRIG FRUKI PET 200ML UVA;BEBIDAS;80837;15/06/2026;150790;78346;12;36;12;1;0;16/06/2026;E.RODRIGUES;4
18;33266;REFRIG FRUKI PET 3 L LARANJA;BEBIDAS;80837;15/06/2026;150790;78346;4;680;4;2;0;16/06/2026;E.RODRIGUES;89
18;371;REFRE FRUKITO PET 2L UVA;BEBIDAS;80837;15/06/2026;150790;78346;6;4;18;3;0;16/06/2026;E.RODRIGUES;61
18;38000;CHOC BARRA NESTLE RECH 90G GALAK;MERCEARIA;80837;15/06/2026;150790;78346;14;727;14;1;1;18/06/2026;JOCELAINE;36
18;5028;COND PANTENE 175ML HIDRATACAO;PERFUMARIA E LIMPEZA;80837;15/06/2026;150790;78346;6;2;6;2;2;18/06/2026;JOCELAINE;8
18;22915;REPARADOR PONTAS JAYLUC 30ML CERAMIDAS;PERFUMARIA E LIMPEZA;80837;15/06/2026;150790;78346;24;3;24;1;1;18/06/2026;JOCELAINE;45
18;128;CERV SKOL PILSEN GF 300ML RETORNAVEL;BEBIDAS;80837;15/06/2026;150790;78346;23;161;92;4;0;16/06/2026;E.RODRIGUES;-73
18;1264;CHOC BARRA LACTA 80G LAKA OREO;MERCEARIA;80837;15/06/2026;150790;78346;17;-17;34;0;0;18/06/2026;JOCELAINE;6
18;3516;FERM PO BIOL GOOD INSTANT SH 125G;MERCEARIA;80837;15/06/2026;150790;78346;12;0;12;0;0;18/06/2026;JOCELAINE;14
18;24323;SH GENIAL PET 2 EM 1 500ML;PRODUTOS PET;80837;15/06/2026;150790;78346;1;0;1;0;0;18/06/2026;JOCELAINE;6
18;3431;SOPA GALINHA MAGGI 60G FIDELINI;MERCEARIA;80837;15/06/2026;150790;78346;10;19;10;2;2;18/06/2026;JOCELAINE;-4
18;78;AGUA SABORIZ H2OH PET 500ML LIMAO;BEBIDAS;80837;15/06/2026;150790;78346;12;24;12;1;0;16/06/2026;E.RODRIGUES;8
18;813;REFRIGC COLA FRUKI PET 2 L COLA;BEBIDAS;80837;15/06/2026;150790;78346;6;0;6;1;0;16/06/2026;E.RODRIGUES;41
18;1294;CHOC BARRA NESTLE 80G AO LEITE;MERCEARIA;80837;15/06/2026;150790;78346;64;0;128;0;0;18/06/2026;JOCELAINE;17
18;1847;DROPS FREEGELLS 27 9G VIT C CITRUS;MERCEARIA;80837;15/06/2026;150790;78346;12;396;12;0;0;18/06/2026;JOCELAINE;4
18;656;SUCO DEL VALLE FRUT TP 1L UVA;BEBIDAS;80837;15/06/2026;150790;78346;6;6;6;1;0;16/06/2026;E.RODRIGUES;15
18;1842;DROPS FREEGELLS 27 9G MORANGO;MERCEARIA;80837;15/06/2026;150790;78346;12;0;12;0;0;18/06/2026;JOCELAINE;-9
18;3512;FERM PO BIOL GOOD INSTANT SH 10G;MERCEARIA;80837;15/06/2026;150790;78346;30;0;60;0;0;18/06/2026;JOCELAINE;91
18;4256;AP PRESTOBARBA ULTRAGRIP 3L CART2UN;PERFUMARIA E LIMPEZA;80837;15/06/2026;150790;78346;1;0;1;0;0;18/06/2026;JOCELAINE;-10
18;5840;ESC DENTAL ORAL B CLASSIC LV3 PG2;PERFUMARIA E LIMPEZA;80837;15/06/2026;150790;78346;6;12;6;0;0;18/06/2026;JOCELAINE;9
18;18429;FAR PANKO SANTI ORIENTAL 200G;MERCEARIA;80837;15/06/2026;150790;78346;6;1;6;0;0;20/06/2026;WENDRIO;23
18;5742;ENERG MONSTER LT 473ML FIESTA MANGO;BEBIDAS;80837;15/06/2026;150790;78346;6;0;6;1;0;16/06/2026;E.RODRIGUES;10
18;2672;FARINHA MANDIOCA CBS 500G;MERCEARIA;80837;15/06/2026;150790;78346;12;48;12;0;0;20/06/2026;WENDRIO;-1
18;795;REFRIG COCA COLA PET 2L ZERO;BEBIDAS;80837;15/06/2026;150790;78346;8;64;8;4;0;16/06/2026;E.RODRIGUES;895
18;33265;REFRIG FRUKI GUAR ZR PET 3L GUARANA ZERO;BEBIDAS;80837;15/06/2026;150790;78346;4;628;4;1;0;16/06/2026;E.RODRIGUES;168
18;5044;COND PANTENE 400ML RESTAURACAO;PERFUMARIA E LIMPEZA;80837;15/06/2026;150790;78346;6;6;6;2;2;18/06/2026;JOCELAINE;8
18;7490;POMADA NUGGET 36G PRETA;PERFUMARIA E LIMPEZA;80837;15/06/2026;150790;78346;12;0;12;0;0;18/06/2026;JOCELAINE;0
18;889;REFRIG COCA COLA LT 350ML;BEBIDAS;80837;15/06/2026;150790;78346;12;0;84;7;0;16/06/2026;E.RODRIGUES;53
1;4259;AP PRESTOBARBA ULTRA GRIP 2UN;PERFUMARIA E LIMPEZA;81234;16/06/2026;151585;79633;12;456;24;2;2;22/06/2026;PAMELA;49
1;1834;PAST DOCILE ROLLY MINTY 29G EXTRA FORTE;MERCEARIA;81234;16/06/2026;151585;79633;12;672;12;2;2;22/06/2026;PAMELA;-118
1;1274;CHOC BARRA GAROTO CAJU 80G CAST CAJU;MERCEARIA;81234;16/06/2026;151585;79633;64;0;64;1;1;22/06/2026;PAMELA;2
1;37860;CHOC BARRA GAROTO RECH BATON 90G;MERCEARIA;81234;16/06/2026;151585;79633;14;56;14;0;0;22/06/2026;PAMELA;22
1;3363;CALDO APTI 19G CARNE;MERCEARIA;81234;16/06/2026;151585;79633;24;4320;48;0;0;22/06/2026;PAMELA;0
1;36979;FARINHA MANDIOCA 500G ROCHA BRANCA;MERCEARIA;81234;16/06/2026;151585;79633;20;659;20;1;1;24/06/2026;GUILHERME B;45
1;648;WHISKY MASTER GOLD VD 900ML;BEBIDAS;81234;16/06/2026;151585;79633;1;158;1;6;6;22/06/2026;PAMELA;0
1;8244;SH JAY LUC 1L COCO SEM SAL;PERFUMARIA E LIMPEZA;81234;16/06/2026;151585;79633;12;0;12;1;1;24/06/2026;ERICA;2
2;5296;CR PENT PANTENE 240G BIOTINAMINA;PERFUMARIA E LIMPEZA;81236;16/06/2026;151586;78969;12;0;24;2;2;20/06/2026;PAMELA;19
2;8296;SH PANTENE 200ML BAMBU;PERFUMARIA E LIMPEZA;81236;16/06/2026;151586;78969;6;156;6;1;1;20/06/2026;PAMELA;8
2;5842;ESC DENTAL ORAL B COMPL LV2 PG1;PERFUMARIA E LIMPEZA;81236;16/06/2026;151586;78969;1;239;2;0;0;20/06/2026;PAMELA;32
2;12523;AP CORPO C 2;PERFUMARIA E LIMPEZA;81236;16/06/2026;151586;78969;12;108;12;1;1;20/06/2026;PAMELA;18
2;4256;AP PRESTOBARBA ULTRAGRIP 3L CART2UN;PERFUMARIA E LIMPEZA;81236;16/06/2026;151586;78969;1;0;1;0;0;20/06/2026;PAMELA;0
2;36979;FARINHA MANDIOCA 500G ROCHA BRANCA;MERCEARIA;81236;16/06/2026;151586;78969;20;659;60;3;0;23/06/2026;MIKAEL;48
2;17811;ESC DENT CONDOR PLUS MEDIA 3373 1;PERFUMARIA E LIMPEZA;81236;16/06/2026;151586;78969;1;0;1;1;1;20/06/2026;PAMELA;75
2;4259;AP PRESTOBARBA ULTRA GRIP 2UN;PERFUMARIA E LIMPEZA;81236;16/06/2026;151586;78969;12;456;12;1;1;20/06/2026;PAMELA;42
2;34564;CREME JOAO E MARIA 40G P ASSADURA;PERFUMARIA E LIMPEZA;81236;16/06/2026;151586;78969;1;2;2;0;0;20/06/2026;PAMELA;1
2;5840;ESC DENTAL ORAL B CLASSIC LV3 PG2;PERFUMARIA E LIMPEZA;81236;16/06/2026;151586;78969;6;12;6;0;0;20/06/2026;PAMELA;10
2;35127;TOALHA UMED BEBE LIMPINHO C45;PERFUMARIA E LIMPEZA;81621;16/06/2026;152210;79639;24;288;48;2;0;25/06/2026;ALEX JARDIM;34
3;23056;SAB LIQ HEDERA RF 370ML ERVA DOCE;PERFUMARIA E LIMPEZA;81238;16/06/2026;151588;78970;12;0;24;0;0;19/06/2026;MARCOS M;0
3;179;CERV ORIGINAL LT 473ML;BEBIDAS;81238;16/06/2026;151588;78970;12;1020;2640;220;0;16/06/2026;GABRIELL2;1609
3;7766;SAB LIQ NIVEA 200ML ERVA DOCE REFIL;PERFUMARIA E LIMPEZA;81238;16/06/2026;151588;78970;12;45;12;0;0;19/06/2026;MARCOS M;7
3;23052;SAB LIQ HEDERA 370ML FTA VRM;PERFUMARIA E LIMPEZA;81238;16/06/2026;151588;78970;12;0;24;0;0;19/06/2026;MARCOS M;0
3;33293;ACHOC PO NESCAU SH L550G P500G;MERCEARIA;81601;16/06/2026;152662;79716;12;300;120;0;0;;;0
3;2885;MOLHO ELEGE 4 QUEIJOS 200G;MERCEARIA;81647;16/06/2026;152661;79716;24;0;48;0;0;;;94
4;5254;CR DENTAL CLOSE UP 100G LIQUIFRESH RED HOT;PERFUMARIA E LIMPEZA;81274;16/06/2026;151617;79630;12;84;36;3;3;22/06/2026;PAMELA;11
4;13402;BISC DOCE NESTLE CHOCO TRIO 90G LEITE;MERCEARIA;81274;16/06/2026;;;12;600;48;0;0;;;9
5;6780;LEITE NINHO UHT TP LEVINHO 1L SEMI DESNATADO;PERECIVEIS;81214;16/06/2026;152029;79238;12;84;12;1;1;16/06/2026;MIKAEL;25
5;6781;LEITE LV EDGE ELEGE 1L INTEGRAL;PERECIVEIS;81214;16/06/2026;152029;79238;12;252;12;0;0;16/06/2026;MIKAEL;20
5;9745;LEITE UHT SANTA CLARA DESN 1L;PERECIVEIS;81214;16/06/2026;152029;79238;12;360;24;2;2;16/06/2026;MIKAEL;71
5;6792;LEITE UHT PET ELEGE 1L INTEGRAL;PERECIVEIS;81214;16/06/2026;152029;79238;6;8731;6;1;1;16/06/2026;MIKAEL;22
5;37047;FAROFA ROCHA CASEIRA 300GBACON;MERCEARIA;81240;16/06/2026;151590;79634;10;100;10;0;0;25/06/2026;AUGUSTO;10
5;2672;FARINHA MANDIOCA CBS 500G;MERCEARIA;81240;16/06/2026;151590;79634;12;48;12;0;0;25/06/2026;AUGUSTO;13
5;2385;LENTILHA BELLA DICA 400G;MERCEARIA;81240;16/06/2026;151590;79634;12;24;12;0;0;25/06/2026;AUGUSTO;0
5;37033;FAROFA ROCHA 400G TRAD;MERCEARIA;81528;16/06/2026;151958;79255;10;540;20;1;1;16/06/2026;MIKAEL;16
5;37047;FAROFA ROCHA CASEIRA 300GBACON;MERCEARIA;81528;16/06/2026;151958;79255;10;100;10;0;0;16/06/2026;MIKAEL;10
5;6801;LEITE UHT TP NINHO 1L INTEGRAL;PERECIVEIS;81564;16/06/2026;152029;79238;12;3435;72;6;6;16/06/2026;MIKAEL;18
5;6790;LEITE UHT NINHO 1L ZERO LACTOSE;PERECIVEIS;81564;16/06/2026;152029;79238;12;24;60;5;5;16/06/2026;MIKAEL;16
5;6787;LEITE LV ELEGE 1L ZERO LAC SEMI DES;PERECIVEIS;81564;16/06/2026;152029;79238;12;82;72;6;6;16/06/2026;MIKAEL;72
5;6800;LEITE UHT MOLICO TP 1L DESNAT;PERECIVEIS;81564;16/06/2026;152029;79238;12;2592;60;5;5;16/06/2026;MIKAEL;24
6;6781;LEITE LV EDGE ELEGE 1L INTEGRAL;PERECIVEIS;81216;16/06/2026;151569;78968;12;252;12;1;0;24/06/2026;E.RODRIGUES;547
6;6799;LEITE SANTA CLARA 1L ZERO LACTOSE;PERECIVEIS;81216;16/06/2026;151569;78968;12;2160;12;1;0;24/06/2026;E.RODRIGUES;3
6;2227;ARROZ PARBO PRATO FINO TP1 2KG;MERCEARIA;81242;16/06/2026;151592;78968;5;5;5;1;0;24/06/2026;E.RODRIGUES;6
6;68;AGUA MIN FLORESTA ATIVA SQ 710ML S GAS;BEBIDAS;81242;16/06/2026;151592;78968;12;0;12;1;0;24/06/2026;E.RODRIGUES;12
6;3673;LEITE COND ELEGE TP 395G;MERCEARIA;81242;16/06/2026;151592;78968;24;48;48;2;0;24/06/2026;E.RODRIGUES;146
7;37021;FAROFA DINDA 200G TRAD;MERCEARIA;81244;16/06/2026;151594;79635;25;1150;50;2;2;25/06/2026;AUGUSTO;2
7;2361;FEIJAO VERMELHO ARBAZA 500G;MERCEARIA;81244;16/06/2026;151594;79635;12;1185;48;4;4;25/06/2026;AUGUSTO;24
7;4258;AP PROBAK II LV7 PG5;PERFUMARIA E LIMPEZA;81244;16/06/2026;151594;79635;1;277;1;1;1;22/06/2026;PAMELA;67
7;12289;AGUA SANIT IMPERIAL 1L;PERFUMARIA E LIMPEZA;81244;16/06/2026;151594;79635;12;96;12;0;0;25/06/2026;ALEXSANDRO;36
7;37003;FARINHA MANDIOCA ROCHA 500G TORRADA;MERCEARIA;81244;16/06/2026;151594;79635;20;160;20;1;1;25/06/2026;AUGUSTO;5
7;2442;POPCORN YOKI MICRO 160G COBERTURA CHOC;MERCEARIA;81244;16/06/2026;151594;79635;30;30;30;0;0;25/06/2026;AUGUSTO;7
7;17916;ESFREGAO ACO GOTA LIMPA;PERFUMARIA E LIMPEZA;81244;16/06/2026;151594;79635;36;0;72;0;0;18/06/2026;ELTON;0
7;5254;CR DENTAL CLOSE UP 100G LIQUIFRESH RED HOT;PERFUMARIA E LIMPEZA;81244;16/06/2026;151594;79635;12;84;72;6;6;22/06/2026;PAMELA;13
7;36979;FARINHA MANDIOCA 500G ROCHA BRANCA;MERCEARIA;81244;16/06/2026;151594;79635;20;659;20;1;1;25/06/2026;AUGUSTO;29
7;25106;VASSOURA JARDINEIRA S CABO;PERFUMARIA E LIMPEZA;81244;16/06/2026;151594;79635;1;-12;7;0;0;18/06/2026;ELTON;4
7;2786;FAROFA MANDIOCA YOKI 200G TRADICIONAL;MERCEARIA;81244;16/06/2026;151594;79635;14;28;14;1;1;25/06/2026;AUGUSTO;19
7;37025;FAROFA ROCHA CASEIRA 300G CEB NA MANT;MERCEARIA;81244;16/06/2026;151594;79635;10;60;10;0;0;25/06/2026;AUGUSTO;19
7;35613;VELA PERF AMAZONIA AROMAS 60G CRAVO CANELA;PERFUMARIA E LIMPEZA;81244;16/06/2026;151594;79635;12;0;12;0;0;18/06/2026;ELTON;4
7;34564;CREME JOAO E MARIA 40G P ASSADURA;PERFUMARIA E LIMPEZA;81244;16/06/2026;151594;79635;1;2;2;0;0;22/06/2026;PAMELA;0
7;19315;COT HASTES FLEX COTTONBABY PT 100UN;PERFUMARIA E LIMPEZA;81244;16/06/2026;151594;79635;1;16;1;1;1;22/06/2026;PAMELA;8
8;16593;CORT UNHA INOX PREMIUM 5 2CM 1PC;PERFUMARIA E LIMPEZA;81246;16/06/2026;151596;79631;1;0;1;0;0;18/06/2026;ELTON;2
8;5254;CR DENTAL CLOSE UP 100G LIQUIFRESH RED HOT;PERFUMARIA E LIMPEZA;81246;16/06/2026;151596;79631;12;84;48;4;4;17/06/2026;JESSICA;18
8;7232;OLEO KING 100ML MULTIUSO;PERFUMARIA E LIMPEZA;81246;16/06/2026;151596;79631;6;78;6;1;1;17/06/2026;JESSICA;24
8;33759;ESCOVA P MAMADEIRA CABO PLASTICO;PERFUMARIA E LIMPEZA;81246;16/06/2026;151596;79631;1;0;1;0;0;18/06/2026;ELTON;6
8;24138;SC PANOSUL ALVEJADO 48X63CM R 14;PERFUMARIA E LIMPEZA;81246;16/06/2026;151596;79631;1;0;1;0;0;18/06/2026;ELTON;10
8;5857;ESC DENTAL SORRISO MACIA;PERFUMARIA E LIMPEZA;81246;16/06/2026;151596;79631;12;444;12;1;1;17/06/2026;JESSICA;6
8;3372;BARRA CEREAL RITTER 25G MORANGO CHOC;MERCEARIA;81246;16/06/2026;151596;79631;24;0;24;0;0;17/06/2026;JESSICA;43
8;2741;FARINHA TRIGO NORDESTE 1KG;MERCEARIA;81534;16/06/2026;151961;79258;10;2160;200;2;2;24/06/2026;AUGUSTO;47
8;37007;FAROFA DINDA 200G BACON;MERCEARIA;81534;16/06/2026;151961;79258;25;150;25;0;0;;;33
8;2026;MILHO PIPOCA SERRA URUGUAI TP1 400G;MERCEARIA;81534;16/06/2026;151961;79258;20;0;20;0;0;;;-77
8;747;ACUCAR CRISTAL GASPARIN 2KG;MERCEARIA;81665;16/06/2026;152282;79557;15;3096;225;1;1;24/06/2026;ALEX JARDIM;372
8;904;REFRIG PEPSI LT 350ML;BEBIDAS;81738;16/06/2026;152422;79575;12;72;60;5;5;16/06/2026;SANTA MARIA;39
8;903;REFRIG PEPSI BLACK LT 350ML;BEBIDAS;81740;16/06/2026;152431;79575;12;96;120;0;0;16/06/2026;SANTA MARIA;2
11;16593;CORT UNHA INOX PREMIUM 5 2CM 1PC;PERFUMARIA E LIMPEZA;81248;16/06/2026;151598;78971;1;0;1;0;0;16/06/2026;SAMUEL;3
11;20281;LUVA DANNY SILVER GRIP G AZUL;PERFUMARIA E LIMPEZA;81248;16/06/2026;151598;78971;12;0;12;0;0;16/06/2026;SAMUEL;0
11;4247;AP PRESTOBARBA 3 2UN SENSE CARE;PERFUMARIA E LIMPEZA;81248;16/06/2026;151598;78971;12;192;24;2;2;20/06/2026;PAMELA;0
11;22706;RACAO DODOG PREMIUM POWER MIX 5KG;PRODUTOS PET;81248;16/06/2026;151598;78971;1;22;3;0;0;18/06/2026;ELIAS;4
11;5254;CR DENTAL CLOSE UP 100G LIQUIFRESH RED HOT;PERFUMARIA E LIMPEZA;81248;16/06/2026;151598;78971;12;84;36;3;3;20/06/2026;PAMELA;12
11;17025;CURATIVO COTTONBABY 10UN TRAD;PERFUMARIA E LIMPEZA;81248;16/06/2026;151598;78971;36;0;36;1;1;20/06/2026;PAMELA;12
11;4256;AP PRESTOBARBA ULTRAGRIP 3L CART2UN;PERFUMARIA E LIMPEZA;81248;16/06/2026;151598;78971;1;0;1;0;0;20/06/2026;PAMELA;0
11;2792;FAROFA CASEIRISSIMA YOKI 200G BANANA;MERCEARIA;81536;16/06/2026;151962;79259;12;0;24;2;0;16/06/2026;MIKAEL;11
12;33422;DET PO AQUAFAST MULTIACAO 800G;PERFUMARIA E LIMPEZA;81250;16/06/2026;151600;78972;20;80;20;1;0;24/06/2026;ALEXSANDRO;0
12;3431;SOPA GALINHA MAGGI 60G FIDELINI;MERCEARIA;81250;16/06/2026;151600;78972;10;19;20;0;0;20/06/2026;PAMELA;3
12;648;WHISKY MASTER GOLD VD 900ML;BEBIDAS;81250;16/06/2026;151600;78972;1;158;4;4;4;20/06/2026;PAMELA;1
12;687;ESP GARIBALDI PRIMICIAS GF 660ML ROSE;BEBIDAS;81250;16/06/2026;151600;78972;1;0;5;0;0;20/06/2026;PAMELA;4
12;1271;CHOC BARRA GAROTO 80G CROCANTE;MERCEARIA;81250;16/06/2026;151600;78972;16;112;32;0;0;20/06/2026;PAMELA;52
12;25105;VASSOURA DONA DA CASA C CABO;PERFUMARIA E LIMPEZA;81250;16/06/2026;151600;78972;12;0;12;0;0;16/06/2026;SAMUEL;21
12;647;WHISKY GREEN VALLEY VD 1L;BEBIDAS;81250;16/06/2026;151600;78972;1;0;1;0;0;20/06/2026;PAMELA;6
12;37860;CHOC BARRA GAROTO RECH BATON 90G;MERCEARIA;81250;16/06/2026;151600;78972;14;56;14;0;0;20/06/2026;PAMELA;50
12;6937;LIMP USO GERAL VEJA LV1L PG700ML LAV BEM ESTAR;PERFUMARIA E LIMPEZA;81250;16/06/2026;151600;78972;12;24;12;1;0;24/06/2026;ALEXSANDRO;0
12;1983;CAPPUCCINO PRONTO 3C 260ML CLASSIC;MERCEARIA;81250;16/06/2026;151600;78972;6;18;12;0;0;20/06/2026;PAMELA;4
12;3384;CALDO GALINHA APTI 57G;MERCEARIA;81250;16/06/2026;151600;78972;120;600;240;0;0;20/06/2026;PAMELA;7
12;24388;SILICONE DESTAQUE AERO 400ML AREA51;PERFUMARIA E LIMPEZA;81250;16/06/2026;151600;78972;1;0;1;0;0;16/06/2026;SAMUEL;3
12;23141;SABAO GIRANDO SOL GLIC 180G FRESH;PERFUMARIA E LIMPEZA;81250;16/06/2026;151600;78972;50;0;100;2;0;24/06/2026;ALEXSANDRO;2
12;6909;LIMP PERF YPE 500ML JARDIM SECRETO;PERFUMARIA E LIMPEZA;81250;16/06/2026;151600;78972;24;48;48;2;0;24/06/2026;ALEXSANDRO;1
12;9996;PETISCO FRISKIES 40G FRANGO;PRODUTOS PET;81250;16/06/2026;151600;78972;15;0;15;0;0;18/06/2026;CAROLINA;16
12;5682;DET LIQ GOTA LIMPA 500ML NEUTRO;PERFUMARIA E LIMPEZA;81250;16/06/2026;151600;78972;24;5880;24;1;0;24/06/2026;ALEXSANDRO;188
12;1742;CHICLE FREEGELLS GUM 8G EXTRA FORTE;MERCEARIA;81250;16/06/2026;151600;78972;15;135;15;0;0;20/06/2026;PAMELA;0
12;18812;FRALDA PAMPERS SUPERSEQUINHA C 50 XXG;PERFUMARIA E LIMPEZA;81250;16/06/2026;151600;78972;4;131;4;1;0;24/06/2026;ALEXSANDRO;7
12;17916;ESFREGAO ACO GOTA LIMPA;PERFUMARIA E LIMPEZA;81250;16/06/2026;151600;78972;36;0;72;0;0;16/06/2026;SAMUEL;0
12;2741;FARINHA TRIGO NORDESTE 1KG;MERCEARIA;81538;16/06/2026;151963;79260;10;2160;200;20;20;24/06/2026;MARCOS M;306
12;6780;LEITE NINHO UHT TP LEVINHO 1L SEMI DESNATADO;PERECIVEIS;81574;16/06/2026;152034;79243;12;84;24;2;0;;;0
12;8679;TOALHINHA UMED NATURAL BABY 100UN;PERFUMARIA E LIMPEZA;81637;16/06/2026;152218;79641;12;588;24;2;0;25/06/2026;PAMELA;107
12;1413;CHOC STIKADINHO GO NEUGEBAUER 40G;MERCEARIA;81637;16/06/2026;152218;79641;72;1728;144;2;0;25/06/2026;ALEX JARDIM;0
12;747;ACUCAR CRISTAL GASPARIN 2KG;MERCEARIA;81669;16/06/2026;152284;79559;15;3096;300;20;20;24/06/2026;ALEX JARDIM;250
13;34564;CREME JOAO E MARIA 40G P ASSADURA;PERFUMARIA E LIMPEZA;81252;16/06/2026;151602;78973;1;2;9;0;0;22/06/2026;PAMELA;7
13;36979;FARINHA MANDIOCA 500G ROCHA BRANCA;MERCEARIA;81252;16/06/2026;151602;78973;20;659;20;1;0;23/06/2026;JOSE ANTONIO;19
13;1421;CHOC BIS XTRA OREO BCO 45G;MERCEARIA;81252;16/06/2026;151602;78973;24;0;24;1;0;20/06/2026;PAMELA;12
13;3431;SOPA GALINHA MAGGI 60G FIDELINI;MERCEARIA;81252;16/06/2026;151602;78973;10;19;20;2;0;20/06/2026;PAMELA;0
13;20279;LUVA CONF LATEX P AMARELA;PERFUMARIA E LIMPEZA;81252;16/06/2026;151602;78973;12;0;12;0;0;16/06/2026;SAMUEL;6
13;1847;DROPS FREEGELLS 27 9G VIT C CITRUS;MERCEARIA;81252;16/06/2026;151602;78973;12;396;12;1;0;20/06/2026;PAMELA;10
13;5842;ESC DENTAL ORAL B COMPL LV2 PG1;PERFUMARIA E LIMPEZA;81252;16/06/2026;151602;78973;1;239;4;0;0;22/06/2026;PAMELA;-1
13;8442;SILICONE DESTAQUE AERO 400ML LAVANDA;PERFUMARIA E LIMPEZA;81252;16/06/2026;151602;78973;1;0;1;0;0;16/06/2026;SAMUEL;8
13;13514;BLO LIXA P UNHA BONITTA;PERFUMARIA E LIMPEZA;81252;16/06/2026;151602;78973;1;0;1;0;0;22/06/2026;PAMELA;3
13;16593;CORT UNHA INOX PREMIUM 5 2CM 1PC;PERFUMARIA E LIMPEZA;81252;16/06/2026;151602;78973;1;0;1;0;0;16/06/2026;SAMUEL;0
13;4258;AP PROBAK II LV7 PG5;PERFUMARIA E LIMPEZA;81252;16/06/2026;151602;78973;1;277;1;1;1;22/06/2026;PAMELA;5
13;37007;FAROFA DINDA 200G BACON;MERCEARIA;81540;16/06/2026;151964;79261;25;150;25;1;1;16/06/2026;JOSE ANTONIO;48
13;2793;FAROFA CASEIRISSIMA YOKI 200G CEBOLA;MERCEARIA;81540;16/06/2026;151964;79261;12;12;24;0;0;16/06/2026;JOSE ANTONIO;8
13;2799;FAROFA MANDIOCA YOKI 400G TRADICIONAL;MERCEARIA;81540;16/06/2026;151964;79261;24;1176;48;0;0;16/06/2026;JOSE ANTONIO;85
13;9745;LEITE UHT SANTA CLARA DESN 1L;PERECIVEIS;81576;16/06/2026;152035;79244;12;360;120;10;10;16/06/2026;GABRIELL2;-59
13;35127;TOALHA UMED BEBE LIMPINHO C45;PERFUMARIA E LIMPEZA;81639;16/06/2026;152219;79642;24;288;48;2;0;;;25
13;825;REFRIG PEPSI PET 2L;BEBIDAS;81671;16/06/2026;152285;79560;8;598;40;5;5;17/06/2026;JESUS;43
13;38146;CAFE SOL NESCAFE VD 160G GTS 10G TRAD;MERCEARIA;81671;16/06/2026;152285;79560;12;876;60;5;5;17/06/2026;JESSICA;221
13;747;ACUCAR CRISTAL GASPARIN 2KG;MERCEARIA;81671;16/06/2026;152285;79560;15;3096;150;10;10;24/06/2026;ALEX JARDIM;628
13;827;REFRIG PEPSI TWIST PET 2L;BEBIDAS;81671;16/06/2026;152285;79560;8;104;40;0;0;17/06/2026;JESUS;54
14;3431;SOPA GALINHA MAGGI 60G FIDELINI;MERCEARIA;81254;16/06/2026;151604;78967;10;19;20;2;2;18/06/2026;PAMELA;12
14;3394;CALDO GALINHA KNORR 114G;MERCEARIA;81254;16/06/2026;151604;78967;1;722;1;1;1;18/06/2026;PAMELA;5
14;24138;SC PANOSUL ALVEJADO 48X63CM R 14;PERFUMARIA E LIMPEZA;81254;16/06/2026;151604;78967;1;0;2;0;0;16/06/2026;SAMUEL;2
14;1733;DOCE N BONN GELEIA 1050G;MERCEARIA;81254;16/06/2026;151604;78967;6;0;6;0;0;18/06/2026;CAROLINA;7
17;16593;CORT UNHA INOX PREMIUM 5 2CM 1PC;PERFUMARIA E LIMPEZA;81256;16/06/2026;151606;78974;1;0;1;0;0;16/06/2026;SAMUEL;4
17;49;AGUA MIN FLORESTA PET 500ML S GAS;BEBIDAS;81256;16/06/2026;151606;78974;12;84408;2016;168;0;19/06/2026;GABRIELL2;7509
17;24120;SC LIXO ROL DOBRASIL 100L C 10 AZ;PERFUMARIA E LIMPEZA;81256;16/06/2026;151606;78974;25;0;25;0;0;16/06/2026;SAMUEL;-21
17;12173;ABS GERIAMAX POS PARTO OPERAT C 20;PERFUMARIA E LIMPEZA;81256;16/06/2026;151606;78974;6;126;12;0;0;19/06/2026;MARCOS M;5
17;21842;PEN BONITTA P PIOLHO R 535;PERFUMARIA E LIMPEZA;81256;16/06/2026;151606;78974;1;0;1;0;0;16/06/2026;SAMUEL;5
17;33649;SAB LIQ MADE IN BRAZIL 1L CEREJA;PERFUMARIA E LIMPEZA;81256;16/06/2026;151606;78974;12;0;12;0;0;19/06/2026;MARCOS M;-5
17;36979;FARINHA MANDIOCA 500G ROCHA BRANCA;MERCEARIA;81256;16/06/2026;151606;78974;20;659;20;1;0;23/06/2026;MIKAEL;20
17;1413;CHOC STIKADINHO GO NEUGEBAUER 40G;MERCEARIA;81643;16/06/2026;152221;79643;72;1728;144;0;0;25/06/2026;ALEX JARDIM;100
18;3431;SOPA GALINHA MAGGI 60G FIDELINI;MERCEARIA;81258;16/06/2026;151608;79636;10;19;10;0;0;22/06/2026;PAMELA;-4
18;12173;ABS GERIAMAX POS PARTO OPERAT C 20;PERFUMARIA E LIMPEZA;81258;16/06/2026;151608;79636;6;126;18;3;0;25/06/2026;PAMELA;-3
18;36169;CHOC BARRA NESTLE RECH 90G NEGRESCO;MERCEARIA;81258;16/06/2026;151608;79636;14;644;84;0;0;22/06/2026;PAMELA;40
18;5840;ESC DENTAL ORAL B CLASSIC LV3 PG2;PERFUMARIA E LIMPEZA;81258;16/06/2026;151608;79636;6;12;6;0;0;22/06/2026;PAMELA;9
18;10145;SAB FARNESE 180G ERV DOCE VERB;PERFUMARIA E LIMPEZA;81258;16/06/2026;151608;79636;36;1404;36;1;0;25/06/2026;PAMELA;87
18;1849;DROPS FREEGELLS 27 9G EXTRA FORTE;MERCEARIA;81258;16/06/2026;151608;79636;12;1332;12;0;0;22/06/2026;PAMELA;6
18;4259;AP PRESTOBARBA ULTRA GRIP 2UN;PERFUMARIA E LIMPEZA;81258;16/06/2026;151608;79636;12;456;12;1;1;22/06/2026;PAMELA;55
18;4256;AP PRESTOBARBA ULTRAGRIP 3L CART2UN;PERFUMARIA E LIMPEZA;81258;16/06/2026;151608;79636;1;0;2;0;0;22/06/2026;PAMELA;-10
18;1983;CAPPUCCINO PRONTO 3C 260ML CLASSIC;MERCEARIA;81258;16/06/2026;151608;79636;6;18;12;0;0;22/06/2026;PAMELA;5
18;35236;BOMBOM LACTA OREO 20G;MERCEARIA;81258;16/06/2026;151608;79636;27;2538;54;0;0;22/06/2026;PAMELA;0
18;648;WHISKY MASTER GOLD VD 900ML;BEBIDAS;81258;16/06/2026;151608;79636;1;158;6;6;6;22/06/2026;PAMELA;4
18;1843;DROPS FREEGELLS 27 9G CEREJA;MERCEARIA;81258;16/06/2026;151608;79636;12;0;12;0;0;22/06/2026;PAMELA;8
18;1894;DROPS FREEGELLS 27 6G CEREJA CHOC;MERCEARIA;81258;16/06/2026;151608;79636;12;672;24;0;0;22/06/2026;PAMELA;1
18;35123;CHOC BATON GAROTO 16G DUO;MERCEARIA;81258;16/06/2026;151608;79636;30;0;30;1;1;22/06/2026;PAMELA;-41
18;1413;CHOC STIKADINHO GO NEUGEBAUER 40G;MERCEARIA;81645;16/06/2026;152222;79636;72;1728;144;2;2;22/06/2026;PAMELA;63
1;6791;LEITE UHT PET ELEGE 1L DESNATADO;PERECIVEIS;81791;17/06/2026;152498;79633;6;678;12;0;0;24/06/2026;ALEXSANDRO;1
1;9756;LEITE TIROL INTEGRAL ZR LACTOSE 1L;PERECIVEIS;81791;17/06/2026;152498;79633;12;72;12;1;1;24/06/2026;ALEXSANDRO;-2
1;4258;AP PROBAK II LV7 PG5;PERFUMARIA E LIMPEZA;81819;17/06/2026;152512;79633;1;277;72;1;1;22/06/2026;PAMELA;53
1;5226;CR DENT COLGATE T ACAO 90G ORIG;PERFUMARIA E LIMPEZA;81819;17/06/2026;152512;79633;144;1152;144;1;1;24/06/2026;ERICA;275
1;7424;PEDRA SANITARIA SANI SOL 20G FLORAL;PERFUMARIA E LIMPEZA;81819;17/06/2026;152512;79633;144;144;144;0;0;24/06/2026;ERICA;-60
2;12173;ABS GERIAMAX POS PARTO OPERAT C 20;PERFUMARIA E LIMPEZA;81821;17/06/2026;152513;79639;6;126;6;1;0;25/06/2026;PAMELA;0
2;1983;CAPPUCCINO PRONTO 3C 260ML CLASSIC;MERCEARIA;81821;17/06/2026;152513;79639;6;18;6;0;0;25/06/2026;ALEX JARDIM;8
2;38619;SH DOVE UMECTACAO E COCO 370ML;PERFUMARIA E LIMPEZA;81821;17/06/2026;152513;79639;1;1;1;1;0;25/06/2026;ALEX JARDIM;0
2;7364;PAPEL HIG NEVE NEUTRO FT 4X20M;PERFUMARIA E LIMPEZA;81821;17/06/2026;152513;79639;16;0;16;0;0;17/06/2026;WILLIAN MATEUS;6
2;21685;PAPEL HIG MILI NEUTRO FLA SPL 100M 12UN;PERFUMARIA E LIMPEZA;81821;17/06/2026;152513;79639;6;0;6;0;0;17/06/2026;WILLIAN MATEUS;19
2;8255;SH MONANGE 325ML HIDRATA C PODER;PERFUMARIA E LIMPEZA;81821;17/06/2026;152513;79639;12;0;12;1;0;25/06/2026;PAMELA;14
2;9541;FRALDA DESC BABYSEC JUMBINHO P 20 UN;PERFUMARIA E LIMPEZA;81821;17/06/2026;152513;79639;8;16;16;2;0;25/06/2026;PAMELA;0
2;7929;SABONETE LUX 85G ORQUIDEA NEGRA;PERFUMARIA E LIMPEZA;81821;17/06/2026;152513;79639;108;1854;108;1;0;25/06/2026;PAMELA;20
2;8218;SH ELSEVE 200ML RT5 REPARACAO;PERFUMARIA E LIMPEZA;81821;17/06/2026;152513;79639;12;0;12;1;0;25/06/2026;ALEX JARDIM;12
2;23108;SABON PALMOLIVE 150G ARGILA EUCALIP;PERFUMARIA E LIMPEZA;81821;17/06/2026;152513;79639;72;144;72;1;0;25/06/2026;ALEX JARDIM;39
2;36169;CHOC BARRA NESTLE RECH 90G NEGRESCO;MERCEARIA;81821;17/06/2026;152513;79639;14;644;14;0;0;25/06/2026;ALEX JARDIM;92
2;18737;FRALDA DESC BABYSEC ULTSEC MEGA G 32 UN;PERFUMARIA E LIMPEZA;81821;17/06/2026;152513;79639;6;144;12;2;0;25/06/2026;PAMELA;9
2;38616;CD SEDA COLAGENO VIT INT 250ML;PERFUMARIA E LIMPEZA;81821;17/06/2026;152513;79639;1;1;1;1;0;25/06/2026;ALEX JARDIM;0
2;5021;COND PANTENE 150ML COLAGENO;PERFUMARIA E LIMPEZA;81821;17/06/2026;152513;79639;12;24;12;1;0;25/06/2026;ALEX JARDIM;8
2;5565;DESOD AERO NIVEA 90G DRY IMPACT;PERFUMARIA E LIMPEZA;81821;17/06/2026;152513;79639;12;2;12;12;0;25/06/2026;ALEX JARDIM;8
2;9125;COND DARLING 350ML CERAMIDAS;PERFUMARIA E LIMPEZA;81821;17/06/2026;152513;79639;6;0;6;1;0;25/06/2026;ALEX JARDIM;1
2;10178;SABON PALMOLIVE NATURALS 85G KARITE;PERFUMARIA E LIMPEZA;81821;17/06/2026;152513;79639;108;648;108;1;0;25/06/2026;PAMELA;1
2;38618;CREME DE PENTEAR SEDA BOOM DEF 1KG;PERFUMARIA E LIMPEZA;81821;17/06/2026;152513;79639;1;1;1;1;0;25/06/2026;PAMELA;0
2;5192;CR DEN COLGATE 140G NAT EXTR CARVAO ATIVADO;PERFUMARIA E LIMPEZA;81821;17/06/2026;152513;79639;48;0;48;1;0;25/06/2026;PAMELA;1
2;4258;AP PROBAK II LV7 PG5;PERFUMARIA E LIMPEZA;81821;17/06/2026;152513;79639;1;277;2;2;0;25/06/2026;PAMELA;63
2;18738;FRALDA DESC BABYSEC ULTSEC MEGA M 38 UN;PERFUMARIA E LIMPEZA;81821;17/06/2026;152513;79639;6;54;6;1;0;25/06/2026;PAMELA;9
2;13059;BANHEIRA ADOLETA INF 20L ROSA BEBE;PERFUMARIA E LIMPEZA;81821;17/06/2026;152513;79639;1;1;1;1;0;25/06/2026;PAMELA;4
2;5275;CR DENTAL TANDY 50G MORANGO;PERFUMARIA E LIMPEZA;81821;17/06/2026;152513;79639;12;0;12;1;0;25/06/2026;PAMELA;2
2;4995;COND MONANGE 325ML LISOS TE QUERO;PERFUMARIA E LIMPEZA;81821;17/06/2026;152513;79639;12;0;12;1;0;25/06/2026;ALEX JARDIM;10
2;6602;KIT ELSEVE SH COND 375ML 170ML GLYCOLIC GLOSS;PERFUMARIA E LIMPEZA;81821;17/06/2026;152513;79639;6;0;6;1;0;25/06/2026;ALEX JARDIM;15
2;7944;SABON PALMOLIVE NATURALS 150G KARITE;PERFUMARIA E LIMPEZA;81821;17/06/2026;152513;79639;72;504;72;1;0;25/06/2026;ALEX JARDIM;31
2;21697;PAPEL HIG NEVE SUPREME FT 20M L12P 11 C 12;PERFUMARIA E LIMPEZA;81821;17/06/2026;152513;79639;6;0;12;0;0;17/06/2026;WILLIAN MATEUS;4
2;4256;AP PRESTOBARBA ULTRAGRIP 3L CART2UN;PERFUMARIA E LIMPEZA;81821;17/06/2026;152513;79639;1;0;1;1;0;25/06/2026;PAMELA;0
2;3431;SOPA GALINHA MAGGI 60G FIDELINI;MERCEARIA;81821;17/06/2026;152513;79639;10;19;10;0;0;25/06/2026;ALEX JARDIM;24
3;2164;CHA PRENDA MATE 40G NATURAL;MERCEARIA;81823;17/06/2026;152660;79716;20;-20;40;0;0;;;-27
3;2123;CHA REAL MULTIERVAS 15G MACA VERM;MERCEARIA;81823;17/06/2026;152660;79716;30;0;30;0;0;;;23
3;3836;GELADINHO AMERICANO C 40;MERCEARIA;81823;17/06/2026;152660;79716;6;3;12;0;0;;;27
3;2861;MAIONESE HELLMANNS PET 335G;MERCEARIA;81823;17/06/2026;152660;79716;24;24;24;0;0;;;18
3;2082;CHA REAL MULTIERVAS 15G VERDE;MERCEARIA;81823;17/06/2026;152660;79716;30;0;30;0;0;;;53
3;2102;CHA PRENDA 16G PRETO C CRAVO;MERCEARIA;81823;17/06/2026;152660;79716;20;-60;60;0;0;;;-44
3;3019;ADOCANTE ADOCYL 200ML;MERCEARIA;81823;17/06/2026;152660;79716;12;228;24;0;0;;;19
3;5580;DESOD AERO OLD SPICE 93G MATADOR;PERFUMARIA E LIMPEZA;81823;17/06/2026;152515;79632;6;90;24;4;4;22/06/2026;PAMELA;23
3;12328;ALG ROLO COTTONBABY 25G;PERFUMARIA E LIMPEZA;81823;17/06/2026;152515;79632;80;80;80;1;0;25/06/2026;PAMELA;12
3;7361;PAPEL HIG NEVE NEUTRO 12X20M TOQUE DE SEDA;PERFUMARIA E LIMPEZA;81823;17/06/2026;152515;79632;5;0;35;0;0;17/06/2026;WILLIAN MATEUS;7
3;21685;PAPEL HIG MILI NEUTRO FLA SPL 100M 12UN;PERFUMARIA E LIMPEZA;81823;17/06/2026;152515;79632;6;0;6;0;0;17/06/2026;WILLIAN MATEUS;3
3;2182;CHA PRENDA GOLD 27G PRETO;MERCEARIA;81823;17/06/2026;152660;79716;10;9;50;0;0;;;3
3;3826;MIST P SAGU NEILAR 150G MORANGO;MERCEARIA;81823;17/06/2026;152660;79716;12;24;12;0;0;;;12
3;1012;TEMP COMPLETO ODERICH 1KG C PIMENTA;MERCEARIA;81823;17/06/2026;152660;79716;12;12;24;0;0;;;-1
3;3781;MIST P BOLO ORQUIDEA 350G BAUNILHA;MERCEARIA;81823;17/06/2026;152660;79716;12;-12;12;0;0;;;4
3;15622;CATCHUP BISN KETDOG 1K;MERCEARIA;81823;17/06/2026;152660;79716;12;36;24;0;0;;;-14
3;2080;CHA REAL MULTIERVAS 14G LIMAO GENG MEL;MERCEARIA;81823;17/06/2026;152660;79716;30;-30;30;0;0;;;3
3;2167;CHA PRENDA MATE 40G LARANJA ACEROLA;MERCEARIA;81823;17/06/2026;152660;79716;20;-1;20;0;0;;;-33
3;3651;LEITE COCO DUCOCO VD 200ML;MERCEARIA;81823;17/06/2026;152660;79716;24;24;24;0;0;;;4
3;2516;KETCHUP HEINZ 397G TRAD;MERCEARIA;81823;17/06/2026;152660;79716;16;16;16;0;0;;;13
3;3423;CREME LEITE NESTLE TP ZR LACT 200G ZERO LACTOSE;MERCEARIA;81823;17/06/2026;152660;79716;27;0;27;0;0;;;12
3;3535;FERM QUIMICO PO ROYAL PT 250G;MERCEARIA;81823;17/06/2026;152660;79716;48;0;48;0;0;;;3
3;38274;MOLHO PIMENTA SABOR CASEIRO 1 01K;MERCEARIA;81823;17/06/2026;152660;79716;6;276;12;0;0;;;12
3;808;CHOC PO TRISANTI 50 CACAU 1 005KG;MERCEARIA;81823;17/06/2026;152660;79716;6;25;6;0;0;;;1
3;2416;PEPINO CONSERVA DA SERRA SH 150G;MERCEARIA;81823;17/06/2026;152660;79716;12;1056;36;0;0;;;-2
3;3801;LIGA NEUTRA SELECT 100G;MERCEARIA;81823;17/06/2026;152660;79716;12;24;12;0;0;;;37
3;2020;CAFE VACUO MELITTA 500G EXTRA FORTE;MERCEARIA;81823;17/06/2026;152660;79716;20;100;20;0;0;;;31
3;2090;CHA PRENDA 18G FUNCHO;MERCEARIA;81823;17/06/2026;152660;79716;20;-40;60;0;0;;;-5
3;2125;CHA REAL MULTIERVAS 15G MACA CANELA;MERCEARIA;81823;17/06/2026;152660;79716;30;0;30;0;0;;;0
3;2173;CHA PRENDA GOLD 18G HORTELA;MERCEARIA;81823;17/06/2026;152660;79716;10;-1;20;0;0;;;2
3;2031;CAFE SOL 3C CAPPUCCINO SH 20G CANELA;MERCEARIA;81823;17/06/2026;152660;79716;50;0;100;0;0;;;-66
3;876;MAIONESE ODERICH SH 7G C 140;MERCEARIA;81823;17/06/2026;152660;79716;1;1;4;0;0;;;0
3;3024;ADOCANTE ZERO CAL 100ML;MERCEARIA;81823;17/06/2026;152660;79716;12;34;36;0;0;;;12
3;31471;MAIONESE BISN VAL PET 930G;MERCEARIA;81823;17/06/2026;152660;79716;9;-54;54;0;0;;;-7
3;2030;CAFE SOL 3C CAPPUCCINO SH 20G CLASSIC;MERCEARIA;81823;17/06/2026;152660;79716;50;0;100;0;0;;;-93
3;3300;CHA REAL MULTIERVAS 15G ANIS;MERCEARIA;81823;17/06/2026;152660;79716;30;0;30;0;0;;;15
3;2081;CAFE SOL 3C SH 40G TRAD;MERCEARIA;81823;17/06/2026;152660;79716;24;288;144;0;0;;;-1
3;2953;ACHOC PO APTI SH 700G INSTANT POWER;MERCEARIA;81823;17/06/2026;152660;79716;12;1224;12;0;0;;;-1
3;2707;LEITE PO QUALITEM INTEGRAL SH 120G INSTANTANEO;MERCEARIA;81823;17/06/2026;152660;79716;50;750;50;0;0;;;50
3;2491;KETCHUP ODERICH BISNAG 200G TRAD;MERCEARIA;81823;17/06/2026;152660;79716;24;120;264;0;0;;;0
3;2961;MOLHO SHOYU EXTREMO SABOR 250ML;MERCEARIA;81823;17/06/2026;152660;79716;12;36;12;0;0;;;-10
3;2054;CHA REAL MULTIERVAS 10G BOLDO;MERCEARIA;81823;17/06/2026;152660;79716;30;-30;60;0;0;;;-2
3;2029;CAFE SOL 3C CAPPUCCINO SH 20G BAUNILHA;MERCEARIA;81823;17/06/2026;152660;79716;50;19;50;0;0;;;9
3;21697;PAPEL HIG NEVE SUPREME FT 20M L12P 11 C 12;PERFUMARIA E LIMPEZA;81823;17/06/2026;152515;79632;6;0;30;0;0;17/06/2026;WILLIAN MATEUS;0
3;21689;PAPEL HIG MILI PRIME FLA TPL 20M 12UN;PERFUMARIA E LIMPEZA;81823;17/06/2026;152515;79632;8;0;32;0;0;17/06/2026;WILLIAN MATEUS;118
3;5579;DESOD AERO OLD SPICE 93G MAR PROFUNDO;PERFUMARIA E LIMPEZA;81823;17/06/2026;152515;79632;6;48;12;2;2;22/06/2026;PAMELA;9
3;1987;CAPPUCCINO PRONTO 3C 260ML WHEY;MERCEARIA;81823;17/06/2026;152660;79716;6;0;6;0;0;;;5
3;3120;CHIA CERELUS 200G;MERCEARIA;81823;17/06/2026;152660;79716;12;0;12;0;0;;;-4
3;2206;CAPSULA DOLCE GUSTO 110G C 10 AU LAIT VANILLA;MERCEARIA;81823;17/06/2026;152660;79716;6;30;6;0;0;;;-1
3;21250;MOSTARDA MOSTARDOG BD 1K;MERCEARIA;81823;17/06/2026;152660;79716;12;24;12;0;0;;;12
3;2105;CHA PRENDA 10G CAMOMILA C LAR;MERCEARIA;81823;17/06/2026;152660;79716;20;-20;60;0;0;;;37
3;29672;CHA BARAO CAMOMILA 10G GENGIBRE E MEL;MERCEARIA;81823;17/06/2026;152660;79716;30;240;30;0;0;;;79
3;3827;MIST P SAGU NEILAR 150G UVA;MERCEARIA;81823;17/06/2026;152660;79716;12;60;12;0;0;;;12
3;2468;SARDINHA COQUEIRO 125G OLEO;MERCEARIA;81823;17/06/2026;152660;79716;54;432;54;0;0;;;-33
3;2894;MOLHO INGLES KITANO 150ML;MERCEARIA;81823;17/06/2026;152660;79716;12;12;24;0;0;;;-8
3;2085;CHA PRENDA 12G CARQUEJA;MERCEARIA;81823;17/06/2026;152660;79716;20;79;40;0;0;;;14
3;15559;CAP NESCAFE NESPRESSO MEXICO C 10;MERCEARIA;81823;17/06/2026;152660;79716;12;0;12;0;0;;;5
3;2168;CHA PRENDA MATE 40G CRAVO CANELA;MERCEARIA;81823;17/06/2026;152660;79716;20;-40;80;0;0;;;-35
3;2658;CEREAL MUCILON SH 180G MILHO;MERCEARIA;81823;17/06/2026;152660;79716;12;0;12;0;0;;;12
3;2076;CHA PRENDA 10G CAMOMILA;MERCEARIA;81823;17/06/2026;152660;79716;20;3452;80;0;0;;;-4
3;2996;ADOCANTE ADOCYL 100ML;MERCEARIA;81823;17/06/2026;152660;79716;12;108;60;0;0;;;0
3;2028;CAFE VACUO MELITTA 250G TRAD;MERCEARIA;81823;17/06/2026;152660;79716;20;0;40;0;0;;;-61
3;2087;CHA PRENDA 18G PRETO;MERCEARIA;81823;17/06/2026;152660;79716;20;2447;60;0;0;;;0
3;7354;PAPEL HIG DUETTO FD 12 UN DE 30M NEUTRO;PERFUMARIA E LIMPEZA;81823;17/06/2026;152515;79632;6;0;30;0;0;17/06/2026;WILLIAN MATEUS;11
3;8858;AP PROBAK II 2UN;PERFUMARIA E LIMPEZA;81823;17/06/2026;152515;79632;14;3934;14;1;1;22/06/2026;PAMELA;-1
3;2511;DOCE STA CLARA 400G UVA;MERCEARIA;81823;17/06/2026;152660;79716;6;0;6;0;0;;;5
3;2874;MOLHO BARBECUE ODERICH 200G;MERCEARIA;81823;17/06/2026;152660;79716;24;0;24;0;0;;;15
3;2832;MAIONESE ODERICH 220G CASEIRA;MERCEARIA;81823;17/06/2026;152660;79716;12;0;12;0;0;;;19
3;2979;AMIDO MILHO APTI 500G;MERCEARIA;81823;17/06/2026;152660;79716;20;220;20;0;0;;;12
3;3075;MOLHO ODERICH 220G CHEDDAR;MERCEARIA;81823;17/06/2026;152660;79716;12;12;12;0;0;;;6
3;2321;AZEITONA VERDE VALE FERTIL SH 100G C CAROCO;MERCEARIA;81823;17/06/2026;152660;79716;24;120;24;0;0;;;-22
3;3791;MIST P BOLO ORQUIDEA 350G LIMAO;MERCEARIA;81823;17/06/2026;152660;79716;12;24;12;0;0;;;13
3;2471;TOMATE SECO CONSERVA JUREIA VD 200G;PERECIVEIS;81823;17/06/2026;152660;79716;12;36;12;0;0;;;8
3;2218;CAPSULA DOLCE GUSTO 60G C 10 EXPRESSO;MERCEARIA;81823;17/06/2026;152660;79716;6;18;6;0;0;;;19
3;2305;FILTRO PAPEL MELITTA N02 MD C 30;MERCEARIA;81823;17/06/2026;152660;79716;24;-24;24;0;0;;;24
3;38273;MOLHO INGLES SABOR CASEIRO 1 01K;MERCEARIA;81823;17/06/2026;152660;79716;6;24;12;0;0;;;7
3;2216;CAPSULA DOLCE GUSTO 100G C 10 CAFE AU LAIT;MERCEARIA;81823;17/06/2026;152660;79716;6;222;36;0;0;;;-6
3;3685;MIST LACTEA COND ITALAC TP 395G;MERCEARIA;81823;17/06/2026;152660;79716;27;10908;27;0;0;;;337
3;2202;CHA PRENDA GOLD 27G ERVA DOCE;MERCEARIA;81823;17/06/2026;152660;79716;10;0;40;0;0;;;14
3;3236;GELATINA ZERO APTI 12G UVA;MERCEARIA;81823;17/06/2026;152660;79716;18;72;18;0;0;;;120
3;2939;ACHOC PO CHOKILAR SH 200G;MERCEARIA;81823;17/06/2026;152660;79716;20;160;40;0;0;;;58
3;2112;CHA REAL MATE TOSTADO 32G NATURAL;MERCEARIA;81823;17/06/2026;152660;79716;30;-30;90;0;0;;;19
3;34880;AVEIA NATURALE 170G FLOCOS;MERCEARIA;81823;17/06/2026;152660;79716;24;288;24;0;0;;;22
3;36166;MOLHO TOM SALSARETTI VD 500G CLASSICO;MERCEARIA;81823;17/06/2026;152660;79716;24;240;24;0;0;;;58
3;38352;CAFE SOL IGUACU SH 40G GTS 10PCTO CLASSICO;MERCEARIA;81823;17/06/2026;152660;79716;24;1872;24;0;0;;;100
3;37756;GELATINA ZERO NEILAR 12G MARACUJA;MERCEARIA;81823;17/06/2026;152660;79716;24;0;24;0;0;;;69
3;36370;KETCHUP SALSARET TOP DOWN BAC CEB 3;MERCEARIA;81823;17/06/2026;152660;79716;15;75;15;0;0;;;8
3;8224;SH HEAD SHOULDERS 200ML ANT COCEIRA;PERFUMARIA E LIMPEZA;81823;17/06/2026;152515;79632;6;42;6;1;1;22/06/2026;PAMELA;10
3;2724;LEITE PO ELEGE INTEGRAL SH 400G;MERCEARIA;81823;17/06/2026;152660;79716;25;0;100;0;0;;;-13
3;2463;SARDINHA C OLEO G COSTA LT 125G MOLHO DE TOMATE;MERCEARIA;81823;17/06/2026;152660;79716;50;147;50;0;0;;;147
3;37998;CEREAL MAT DOMELLY DINOCRISPY CHOC;MERCEARIA;81823;17/06/2026;152660;79716;10;60;60;0;0;;;0
3;3099;MOSTARDA ODERICH PREM 250G DIJON;MERCEARIA;81823;17/06/2026;152660;79716;12;0;12;0;0;;;31
3;3288;GRANOLA CERELUS 250G MALTADOS;MERCEARIA;81823;17/06/2026;152660;79716;12;24;12;0;0;;;3
3;995;BISC MUCILON LANCHINHO 35G MOR BAN;MERCEARIA;81823;17/06/2026;152660;79716;15;180;60;0;0;;;86
3;2710;LEITE PO CCGL INTEGRAL SH 200G INSTANTANEO;MERCEARIA;81823;17/06/2026;152660;79716;50;0;50;0;0;;;49
3;3092;MOSTARDA ODERICH TRADICIONAL 190G BISNAGA;MERCEARIA;81823;17/06/2026;152660;79716;24;503;48;0;0;;;4
3;949;AZEIT OLIV COCINERO EXT VG 500ML;MERCEARIA;81823;17/06/2026;152660;79716;12;12;12;0;0;;;2
3;2131;CHA PRENDA 18G ERVA DOCE;MERCEARIA;81823;17/06/2026;152660;79716;20;70;120;0;0;;;0
3;805;KETCHUP ODERICH SH 7G C 140 UN;MERCEARIA;81823;17/06/2026;152660;79716;1;9;4;0;0;;;0
3;2910;MOLHO PIMENTA EXTREMO SABOR 250ML;MERCEARIA;81823;17/06/2026;152660;79716;12;0;24;0;0;;;1
3;2419;PATE ODERICH LT 100G CARNE;MERCEARIA;81823;17/06/2026;152660;79716;24;264;24;0;0;;;26
3;33937;MOLHO TOM SALSARETTI 910G TRITURADO;MERCEARIA;81823;17/06/2026;152660;79716;8;240;8;0;0;;;40
3;2156;CHA PRENDA 18G MACA;MERCEARIA;81823;17/06/2026;152660;79716;20;8;60;0;0;;;8
3;3828;SAGU CORSETTI 400G;MERCEARIA;81823;17/06/2026;152660;79716;12;24;12;0;0;;;64
3;2061;CHA REAL MULTIERVAS 10G CAMOMILA;MERCEARIA;81823;17/06/2026;152660;79716;30;0;60;0;0;;;2
3;3296;CHA REAL MULTIERVAS 15G ERVA DOCE;MERCEARIA;81823;17/06/2026;152660;79716;30;0;30;0;0;;;15
3;21038;MOL BARBECUE ODERICH PREMIUM 400G;MERCEARIA;81823;17/06/2026;152660;79716;12;0;12;0;0;;;6
3;3788;MIST P BOLO ORQUIDEA 350G COCO;MERCEARIA;81823;17/06/2026;152660;79716;12;0;24;0;0;;;12
3;3785;MIST P BOLO ORQUIDEA 350G CENOURA;MERCEARIA;81823;17/06/2026;152660;79716;12;0;24;0;0;;;2
3;37754;GELATINA ZERO NEILAR LIMAO;MERCEARIA;81823;17/06/2026;152660;79716;24;0;24;0;0;;;66
3;15554;CAP NESCAFE NESPRESSO ANDES C 10;MERCEARIA;81823;17/06/2026;152660;79716;12;24;12;0;0;;;2
3;2062;CHA PRENDA 12G HORTELA;MERCEARIA;81823;17/06/2026;152660;79716;20;178;40;0;0;;;-16
3;38272;MOLHO FGO SABOR CASEIRO 1 01K;MERCEARIA;81823;17/06/2026;152660;79716;6;90;6;0;0;;;6
3;2429;PEPINO CONSERVA NUTRIOURO VD 300G;MERCEARIA;81823;17/06/2026;152660;79716;15;594;105;0;0;;;-89
3;2462;PICLES CONSERVA JUREIA VD 300G;MERCEARIA;81823;17/06/2026;152660;79716;6;0;12;0;0;;;-1
3;38141;AVEIA FLOCOS NESTLE 450G;MERCEARIA;81823;17/06/2026;152660;79716;18;0;18;0;0;;;0
3;3076;FARELO AVEIA SOBERANA 500G;MERCEARIA;81823;17/06/2026;152660;79716;12;9;12;0;0;;;-1
3;2055;CHA REAL MULTIERVAS 18G PRETO;MERCEARIA;81823;17/06/2026;152660;79716;30;-30;60;0;0;;;21
3;2088;CHA PRENDA 18G PRETO C CANELA;MERCEARIA;81823;17/06/2026;152660;79716;20;-22;40;0;0;;;-30
3;2327;ATUM SOLIDO NAUTIQUE 170G NATURAL;MERCEARIA;81823;17/06/2026;152660;79716;24;0;24;0;0;;;13
3;19028;GELATINA ZERO NEILAR 12G ABACAXI;MERCEARIA;81823;17/06/2026;152660;79716;24;0;96;0;0;;;-87
3;2319;ATUM EM PEDACOS NAUTIQUE 170G OLEO;MERCEARIA;81823;17/06/2026;152660;79716;24;24;24;0;0;;;7
3;985;MOSTARDA ODERICH SH 1KG;MERCEARIA;81823;17/06/2026;152660;79716;6;12;12;0;0;;;38
3;3011;AVEIA FLOCOS FINOS NATURALE 1KG;MERCEARIA;81823;17/06/2026;152660;79716;12;60;24;0;0;;;2
3;811;CHOC PO TRISANTI 70 CACAU 1 005KG;MERCEARIA;81823;17/06/2026;152660;79716;6;25;6;0;0;;;0
3;2955;MOLHO PIMENTA EXTREMO SABOR 150ML EXTRA FORTE;MERCEARIA;81823;17/06/2026;152660;79716;12;144;12;0;0;;;5
3;3039;CEREAL MAT NESTLE CX 190G CORN FLAKES;MERCEARIA;81823;17/06/2026;152660;79716;24;0;48;0;0;;;0
4;2176;CAPSULA 3C 110G C 10 CHOCOLATTO;MERCEARIA;81855;17/06/2026;;;8;8;8;0;0;;;17
4;17177;DESINF GOTA LIMPA 2L PINHO;PERFUMARIA E LIMPEZA;81855;17/06/2026;;;6;48;6;0;0;;;0
4;2302;FEIJAO BRANCO CALDO OURO 500G;MERCEARIA;81855;17/06/2026;152540;79630;10;636;10;1;0;24/06/2026;MARCOS M;19
4;3635;SAL MOIDO CBS 1KG;MERCEARIA;81855;17/06/2026;152540;79630;10;446;10;1;0;24/06/2026;MARCOS M;76
4;8284;SH PANTENE 175ML BIOTINAMINA;PERFUMARIA E LIMPEZA;81855;17/06/2026;152540;79630;6;90;6;1;1;22/06/2026;PAMELA;8
5;3635;SAL MOIDO CBS 1KG;MERCEARIA;81825;17/06/2026;152517;79634;10;446;10;1;1;25/06/2026;AUGUSTO;40
5;37265;FAROFA ROCHA 250G BACON;MERCEARIA;81825;17/06/2026;152517;79634;12;168;12;0;0;25/06/2026;AUGUSTO;37
5;4258;AP PROBAK II LV7 PG5;PERFUMARIA E LIMPEZA;81825;17/06/2026;152517;79634;1;277;2;2;2;22/06/2026;PAMELA;35
5;8858;AP PROBAK II 2UN;PERFUMARIA E LIMPEZA;81825;17/06/2026;152517;79634;14;3934;14;1;1;22/06/2026;PAMELA;0
5;2385;LENTILHA BELLA DICA 400G;MERCEARIA;81825;17/06/2026;152517;79634;12;24;12;0;0;25/06/2026;AUGUSTO;0
5;2442;POPCORN YOKI MICRO 160G COBERTURA CHOC;MERCEARIA;81825;17/06/2026;152517;79634;30;30;30;1;1;25/06/2026;AUGUSTO;2
6;37893;KIT ELSEVE SH 375ML CD 170ML LISO SONHOS;PERFUMARIA E LIMPEZA;81827;17/06/2026;152519;79638;6;48;6;1;1;25/06/2026;PAMELA;5
6;38616;CD SEDA COLAGENO VIT INT 250ML;PERFUMARIA E LIMPEZA;81827;17/06/2026;152519;79638;1;1;1;0;0;25/06/2026;PAMELA;0
6;648;WHISKY MASTER GOLD VD 900ML;BEBIDAS;81827;17/06/2026;152519;79638;1;158;2;2;0;25/06/2026;PAMELA;2
6;8613;TINT COR E TON LOURO CZ M 7 1;PERFUMARIA E LIMPEZA;81827;17/06/2026;152519;79638;6;0;6;1;1;25/06/2026;PAMELA;6
6;23002;SAB FONTANA SENSUS 150G LIMA LIMAO ORI;PERFUMARIA E LIMPEZA;81827;17/06/2026;152519;79638;72;1440;72;1;1;25/06/2026;PAMELA;50
6;3431;SOPA GALINHA MAGGI 60G FIDELINI;MERCEARIA;81827;17/06/2026;152519;79638;10;19;10;1;0;25/06/2026;PAMELA;17
6;20281;LUVA DANNY SILVER GRIP G AZUL;PERFUMARIA E LIMPEZA;81827;17/06/2026;152519;79638;12;0;12;0;0;18/06/2026;ELTON;10
6;38620;SH DOVE HID E HIL VIT 370ML;PERFUMARIA E LIMPEZA;81827;17/06/2026;152519;79638;1;2;1;0;0;25/06/2026;PAMELA;0
6;8442;SILICONE DESTAQUE AERO 400ML LAVANDA;PERFUMARIA E LIMPEZA;81827;17/06/2026;152519;79638;1;0;1;0;0;18/06/2026;ELTON;5
6;2043;ARROZ ARBOREO ITAL PRATO FINO 500G;MERCEARIA;81827;17/06/2026;152519;79638;12;0;12;1;1;24/06/2026;ALEXSANDER;31
6;19804;KIT SH CD PANTENE 300 150ML QUERATINA;PERFUMARIA E LIMPEZA;81827;17/06/2026;152519;79638;6;24;12;2;2;25/06/2026;PAMELA;6
6;5525;DESOD AERO BOZZANO 90G INVISIBLE;PERFUMARIA E LIMPEZA;81827;17/06/2026;152519;79638;12;504;12;1;1;25/06/2026;PAMELA;8
6;8858;AP PROBAK II 2UN;PERFUMARIA E LIMPEZA;81827;17/06/2026;152519;79638;14;3934;14;1;0;25/06/2026;ALEX JARDIM;22
6;9984;DESOD SANIT GOTA LIMPA 25G FLORAL;PERFUMARIA E LIMPEZA;81827;17/06/2026;152519;79638;48;144;48;1;1;25/06/2026;PAMELA;33
6;8428;SH350 COND PANTENE 175ML RESTAURACAO;PERFUMARIA E LIMPEZA;81827;17/06/2026;152519;79638;6;222;6;1;1;25/06/2026;PAMELA;11
6;24138;SC PANOSUL ALVEJADO 48X63CM R 14;PERFUMARIA E LIMPEZA;81827;17/06/2026;152519;79638;1;0;5;0;0;18/06/2026;ELTON;36
6;17025;CURATIVO COTTONBABY 10UN TRAD;PERFUMARIA E LIMPEZA;81827;17/06/2026;152519;79638;36;0;36;1;0;25/06/2026;ALEX JARDIM;62
6;18174;ESP ACO ASSOLAN C 08;PERFUMARIA E LIMPEZA;81827;17/06/2026;152519;79638;200;0;200;0;0;18/06/2026;ELTON;75
6;38619;SH DOVE UMECTACAO E COCO 370ML;PERFUMARIA E LIMPEZA;81827;17/06/2026;152519;79638;1;1;1;0;0;25/06/2026;PAMELA;0
7;36297;CANETA ESF TRIGLOW LYKE C 10 CORES;NAO ALIMENTO;81775;17/06/2026;152490;79825;10;80;10;0;0;18/06/2026;ELTON;0
7;7662;REGUA ESCOLAR LEO LEO FLEXIVEL 30CM REF 4365;NAO ALIMENTO;81775;17/06/2026;152490;79825;25;22;25;0;0;18/06/2026;ELTON;22
7;21933;PILHA ELGIN PQ AA C 4;NAO ALIMENTO;81775;17/06/2026;152490;79825;10;530;20;2;2;18/06/2026;ELTON;31
7;12921;BALAO LISO 6 5 C 30 ROSA;NAO ALIMENTO;81775;17/06/2026;152490;79825;1;0;1;0;0;18/06/2026;ELTON;-18
7;15030;CAD ESPI CD 10X1 160FLS STONE;NAO ALIMENTO;81775;17/06/2026;152490;79825;4;0;4;0;0;18/06/2026;ELTON;0
7;14985;CAD ESPI CD 1 4 80FLS FROZEN;NAO ALIMENTO;81775;17/06/2026;152490;79825;5;24;5;0;0;18/06/2026;ELTON;5
7;15031;CAD ESPI CD 10X1 160FLS SWEETNESS;NAO ALIMENTO;81775;17/06/2026;152490;79825;4;20;4;0;0;18/06/2026;ELTON;0
7;16394;COLA BCA MAXI FRAMA 40G;NAO ALIMENTO;81775;17/06/2026;152490;79825;6;18;6;0;0;18/06/2026;ELTON;3
7;5177;CORRETIVO JOCAR 18ML;NAO ALIMENTO;81775;17/06/2026;152490;79825;12;72;36;0;0;18/06/2026;ELTON;4
7;15115;CAD ESPI CD 80FLS CARTOGRAFIA T DUDA;NAO ALIMENTO;81775;17/06/2026;152490;79825;4;0;4;0;0;18/06/2026;ELTON;-1
7;18516;FILME UTILFILME 15M;NAO ALIMENTO;81775;17/06/2026;152490;79825;25;500;25;0;0;18/06/2026;ELTON;27
7;35021;DUCHA SS ZAGONEL 3T 220V BCA;NAO ALIMENTO;81775;17/06/2026;152490;79825;12;0;12;0;0;18/06/2026;ELTON;33
7;25415;VESTIDO CAIPIRA TAM GG;NAO ALIMENTO;81775;17/06/2026;152490;79825;1;0;2;0;0;18/06/2026;ELTON;-1
7;25417;VESTIDO CAIPIRA TAM P;NAO ALIMENTO;81775;17/06/2026;152490;79825;1;0;5;0;0;18/06/2026;ELTON;-4
7;17476;DUCHA ENERDUCHA UP4 6800W 220V BCO;NAO ALIMENTO;81775;17/06/2026;152490;79825;1;0;1;0;0;18/06/2026;ELTON;-4
7;19951;LAP COR EVOLUTION C 12 4 LAP BIC;NAO ALIMENTO;81775;17/06/2026;152490;79825;6;0;24;0;0;18/06/2026;ELTON;8
7;12995;BAND BRASIL 60X40;NAO ALIMENTO;81775;17/06/2026;152490;79825;1;0;1;0;0;18/06/2026;ELTON;-1
7;33305;TAPETE BOX OVAL PVC 61X35CM;NAO ALIMENTO;81775;17/06/2026;152490;79825;1;21;1;0;0;18/06/2026;ELTON;0
7;36293;CANETA ESF GEL NEON LIKE 6 CORES;NAO ALIMENTO;81775;17/06/2026;152490;79825;10;130;10;0;0;18/06/2026;ELTON;0
7;21932;PILHA ELGIN PALITO AAA C 4;NAO ALIMENTO;81775;17/06/2026;152490;79825;10;650;30;3;3;18/06/2026;ELTON;49
7;12971;BALAO ZERINHO C 100 SORT;NAO ALIMENTO;81775;17/06/2026;152490;79825;1;36;1;0;0;18/06/2026;ELTON;0
7;35020;DUCHA GORDUCHA ZAFONEL 4T 220V;NAO ALIMENTO;81775;17/06/2026;152490;79825;1;0;1;0;0;18/06/2026;ELTON;0
7;15090;CAD ESPI CD 1X1 80FLS SWEETNESS;NAO ALIMENTO;81775;17/06/2026;152490;79825;4;0;4;0;0;18/06/2026;ELTON;0
7;12923;BALAO LISO 6 5 C 30 VERDE;NAO ALIMENTO;81775;17/06/2026;152490;79825;1;0;1;0;0;18/06/2026;ELTON;-25
7;15113;CAD ESPI CD 80FLS CARTOGRAFIA SWEETNESS;NAO ALIMENTO;81775;17/06/2026;152490;79825;4;15;4;0;0;18/06/2026;ELTON;0
7;22275;PORTA SAB LIQ SANREMO 280ML;NAO ALIMENTO;81775;17/06/2026;152490;79825;1;0;7;0;0;18/06/2026;ELTON;0
7;4552;CANETA JOGAR OFFICE 8ML CORRETIVA;NAO ALIMENTO;81775;17/06/2026;152490;79825;24;17;24;0;0;18/06/2026;ELTON;0
7;15033;CAD ESPI CD 10X1 200FLS BRASILIDADE;NAO ALIMENTO;81775;17/06/2026;152490;79825;1;28;2;0;0;18/06/2026;ELTON;0
7;15463;CAN VIDRO 230ML 14X7CM;NAO ALIMENTO;81775;17/06/2026;152490;79825;1;0;1;0;0;18/06/2026;ELTON;0
7;35915;CALCULADORA DE MESA 12 DIG;NAO ALIMENTO;81775;17/06/2026;152490;79825;1;53;6;0;0;18/06/2026;ELTON;0
7;19359;INCENSO FLUTE C 8 TRES EM UM;NAO ALIMENTO;81775;17/06/2026;152490;79825;25;0;25;0;0;18/06/2026;ELTON;48
7;34587;SAL GROSSO SOUTO 1KG;MERCEARIA;81829;17/06/2026;152520;79635;30;3;30;0;0;25/06/2026;AUGUSTO;1
7;8427;SH350 COND PANTENE 175ML LISO;PERFUMARIA E LIMPEZA;81829;17/06/2026;152520;79635;6;30;6;1;0;25/06/2026;PAMELA;6
7;3635;SAL MOIDO CBS 1KG;MERCEARIA;81829;17/06/2026;152520;79635;10;446;10;1;1;25/06/2026;AUGUSTO;17
8;2361;FEIJAO VERMELHO ARBAZA 500G;MERCEARIA;81831;17/06/2026;152521;79631;12;1185;12;1;1;24/06/2026;MARCOS M;4
8;648;WHISKY MASTER GOLD VD 900ML;BEBIDAS;81831;17/06/2026;152521;79631;1;158;1;1;1;17/06/2026;JESSICA;1
8;3686;TEMP BICARBONATO SODIO APTI 100G;MERCEARIA;81831;17/06/2026;152521;79631;20;420;20;0;0;17/06/2026;JESSICA;1
8;33759;ESCOVA P MAMADEIRA CABO PLASTICO;PERFUMARIA E LIMPEZA;81831;17/06/2026;152521;79631;1;0;1;0;0;18/06/2026;ELTON;6
8;16593;CORT UNHA INOX PREMIUM 5 2CM 1PC;PERFUMARIA E LIMPEZA;81831;17/06/2026;152521;79631;1;0;1;0;0;18/06/2026;ELTON;2
11;830;REFRIG SPRITE PET 2L;BEBIDAS;81833;17/06/2026;152523;79640;8;24;8;0;0;17/06/2026;SANTA MARIA;260
11;10;REFRIG COCA COLA PET 2L;BEBIDAS;81833;17/06/2026;152523;79640;4;0;8;0;0;17/06/2026;SANTA MARIA;3696
11;3431;SOPA GALINHA MAGGI 60G FIDELINI;MERCEARIA;81833;17/06/2026;152523;79640;10;19;10;1;0;25/06/2026;ALEX JARDIM;10
11;35677;BLOQ ODORES AMAZONIA 60ML T FRUTTI;PERFUMARIA E LIMPEZA;81833;17/06/2026;152523;79640;12;0;12;1;0;25/06/2026;WENDRIO;9
11;7949;SABON PALMOLIVE NATURALS 150G OLEO NUTRITIVO;PERFUMARIA E LIMPEZA;81833;17/06/2026;152523;79640;72;24;72;1;0;25/06/2026;WENDRIO;-3
11;22903;REMOV ESM AMAZONIA 80ML;PERFUMARIA E LIMPEZA;81833;17/06/2026;152523;79640;12;324;12;1;0;25/06/2026;ALEX JARDIM;19
11;17309;DESOD ROLLON REXONA 50ML F POWDER;PERFUMARIA E LIMPEZA;81833;17/06/2026;152523;79640;12;0;12;1;0;25/06/2026;ALEX JARDIM;2
11;12413;AMACIANTE GIRANDO SOL 500ML VERM;PERFUMARIA E LIMPEZA;81833;17/06/2026;152523;79640;12;36;12;1;0;25/06/2026;E.RODRIGUES;7
11;5696;DETERG YPE 500ML MACA;PERFUMARIA E LIMPEZA;81833;17/06/2026;152523;79640;24;168;72;3;0;25/06/2026;E.RODRIGUES;5
11;35225;REFRIG GUARANA FRUKI PET 600ML ZERO;BEBIDAS;81833;17/06/2026;152523;79640;12;28;12;0;0;17/06/2026;SANTA MARIA;31
11;378;REFRE FRUKITO PET 200ML FRUTAS CITRICAS;BEBIDAS;81833;17/06/2026;152523;79640;12;11;24;2;2;17/06/2026;SANTA MARIA;30
11;16844;CR DEN COLGATE T ACAO XTRA 120G WHITE;PERFUMARIA E LIMPEZA;81833;17/06/2026;152523;79640;72;384;72;0;0;25/06/2026;WENDRIO;0
11;66;AGUA MIN DA PEDRA PET 350ML C GAS;BEBIDAS;81833;17/06/2026;152523;79640;12;48;24;0;0;17/06/2026;SANTA MARIA;12
11;34748;ENERG ELEV PET 2L PINK LEMON ZERO;BEBIDAS;81833;17/06/2026;152523;79640;6;18;6;0;0;17/06/2026;SANTA MARIA;5
11;4137;AMAC CONC AQUAFAST 1L HARMONIA;PERFUMARIA E LIMPEZA;81833;17/06/2026;152523;79640;12;24;12;1;0;25/06/2026;E.RODRIGUES;5
11;5763;ENX BUC PLAX COLGATE LV750 PG500ML ODOR CONTROL;PERFUMARIA E LIMPEZA;81833;17/06/2026;152523;79640;12;84;24;2;0;25/06/2026;WENDRIO;19
11;22706;RACAO DODOG PREMIUM POWER MIX 5KG;PRODUTOS PET;81833;17/06/2026;152523;79640;1;22;1;0;0;18/06/2026;ELIAS;4
11;289;CERV SOL PREMIUM LN 330ML;BEBIDAS;81833;17/06/2026;152523;79640;24;84;24;0;0;17/06/2026;SANTA MARIA;0
11;213;CERV SKOL PILSEN LT 473ML;BEBIDAS;81833;17/06/2026;152523;79640;12;852;120;0;0;17/06/2026;SANTA MARIA;6643
11;38616;CD SEDA COLAGENO VIT INT 250ML;PERFUMARIA E LIMPEZA;81833;17/06/2026;152523;79640;1;1;1;1;0;25/06/2026;WENDRIO;0
11;396;ENERG MONSTER LT 473ML ULTRA;BEBIDAS;81833;17/06/2026;152523;79640;6;69;42;0;0;17/06/2026;SANTA MARIA;1
11;5679;DET LIQ GOTA LIMPA 500ML LIMAO;PERFUMARIA E LIMPEZA;81833;17/06/2026;152523;79640;24;1680;144;6;0;25/06/2026;E.RODRIGUES;1
11;431;ENERG BALY PET 2L FRUTA TROPICAIS;BEBIDAS;81833;17/06/2026;152523;79640;6;258;6;1;1;17/06/2026;SANTA MARIA;2
11;648;WHISKY MASTER GOLD VD 900ML;BEBIDAS;81833;17/06/2026;152523;79640;1;158;1;1;0;25/06/2026;ALEX JARDIM;14
11;8428;SH350 COND PANTENE 175ML RESTAURACAO;PERFUMARIA E LIMPEZA;81833;17/06/2026;152523;79640;6;222;6;1;0;25/06/2026;WENDRIO;11
11;38621;MASC DOVE RECONST E AMINOACIDO 320G;PERFUMARIA E LIMPEZA;81833;17/06/2026;152523;79640;1;1;1;1;0;25/06/2026;WENDRIO;0
11;7970;SABONETE PROTEX 85G COMPLETE;PERFUMARIA E LIMPEZA;81833;17/06/2026;152523;79640;72;72;72;1;0;25/06/2026;WENDRIO;-3
11;7361;PAPEL HIG NEVE NEUTRO 12X20M TOQUE DE SEDA;PERFUMARIA E LIMPEZA;81833;17/06/2026;152523;79640;5;0;10;0;0;17/06/2026;WILLIAN MATEUS;-1
11;152;CERV BRAHMA CHOPP LT 473ML;BEBIDAS;81833;17/06/2026;152523;79640;12;0;480;0;0;17/06/2026;SANTA MARIA;-3
11;5510;DESOD AERO AXE 152ML 90G MUSK;PERFUMARIA E LIMPEZA;81833;17/06/2026;152523;79640;12;12;12;0;0;25/06/2026;WENDRIO;5
11;38619;SH DOVE UMECTACAO E COCO 370ML;PERFUMARIA E LIMPEZA;81833;17/06/2026;152523;79640;1;1;1;1;0;25/06/2026;WENDRIO;0
11;5773;ENXAG BUCAL COLGATE 250ML ICE INFINITY;PERFUMARIA E LIMPEZA;81833;17/06/2026;152523;79640;12;0;24;2;0;25/06/2026;WENDRIO;20
11;6021;ESPUMA BARBA BOZZANO 193G HIDRATACAO;PERFUMARIA E LIMPEZA;81833;17/06/2026;152523;79640;1;0;1;0;0;25/06/2026;WENDRIO;1
11;84;AGUA TONICA FRUKI LT 350ML;BEBIDAS;81833;17/06/2026;152523;79640;12;48;24;0;0;17/06/2026;SANTA MARIA;24
11;35112;AMAC CONC DOWNY 750ML TROPICAL;PERFUMARIA E LIMPEZA;81833;17/06/2026;152523;79640;12;492;24;2;0;25/06/2026;E.RODRIGUES;0
11;778;REFRIG PEPSI COLA PET 200ML;BEBIDAS;81833;17/06/2026;152523;79640;12;408;12;0;0;17/06/2026;SANTA MARIA;54
11;744;REFRIG FRUKI PET 1 5L GUARANA ZERO;BEBIDAS;81833;17/06/2026;152523;79640;6;0;12;0;0;17/06/2026;SANTA MARIA;7
11;24498;SUCO NECTAR TRADICAO MISTO PET 1 5L UVA MACA;BEBIDAS;81833;17/06/2026;152523;79640;6;1086;6;1;1;17/06/2026;SANTA MARIA;17
11;7943;SABON PALMOLIVE NATURALS 150G JASMIM E CACAU;PERFUMARIA E LIMPEZA;81833;17/06/2026;152523;79640;72;0;72;0;0;25/06/2026;WENDRIO;29
11;4968;COND ELSEVE 200ML COLORVIVE;PERFUMARIA E LIMPEZA;81833;17/06/2026;152523;79640;12;12;12;1;0;25/06/2026;WENDRIO;3
11;10172;SAB LIQ SENSUS LUXO RF 220ML SEDUCAO;PERFUMARIA E LIMPEZA;81833;17/06/2026;152523;79640;18;108;18;1;0;25/06/2026;WENDRIO;20
11;9291;DESINF YPE BAK 1L FLORAL;PERFUMARIA E LIMPEZA;81833;17/06/2026;152559;79627;12;0;12;1;0;22/06/2026;WENDRIO;0
11;102;CERV ANTARCTICA SUBZERO GF 1L RETORNAVEL;BEBIDAS;81833;17/06/2026;152523;79640;12;480;12;0;0;17/06/2026;SANTA MARIA;21
12;655;WHISKY PASSPORT VD 1L;BEBIDAS;81835;17/06/2026;152525;79641;1;83;2;2;0;25/06/2026;ALEX JARDIM;6
12;1294;CHOC BARRA NESTLE 80G AO LEITE;MERCEARIA;81835;17/06/2026;152525;79641;64;0;64;0;0;25/06/2026;ALEX JARDIM;88
12;3635;SAL MOIDO CBS 1KG;MERCEARIA;81835;17/06/2026;152525;79641;10;446;10;1;1;24/06/2026;ALEXSANDER;-2
12;648;WHISKY MASTER GOLD VD 900ML;BEBIDAS;81835;17/06/2026;152525;79641;1;158;1;1;0;25/06/2026;ALEX JARDIM;1
12;5653;DESOD ROLLON NIVEA 50ML FM IN B W CLEAR;PERFUMARIA E LIMPEZA;81835;17/06/2026;152525;79641;12;0;24;2;0;;;22
12;22117;POM MASSAG BIO FISIOFORT PREMIUM 150ML;PERFUMARIA E LIMPEZA;81835;17/06/2026;152525;79641;12;0;12;1;0;;;4
12;33666;SABONETE LUX 85G GARD E OLEO AME;PERFUMARIA E LIMPEZA;81835;17/06/2026;152525;79641;108;228;108;0;0;25/06/2026;WENDRIO;3
12;5382;CREME TRAT ELSEVE 300G LONGO DOS SONHO;PERFUMARIA E LIMPEZA;81835;17/06/2026;152525;79641;6;0;6;1;0;25/06/2026;PAMELA;13
12;640;WHISKY BLEND SEVEN 1L;BEBIDAS;81835;17/06/2026;152525;79641;1;62;2;2;0;25/06/2026;ALEX JARDIM;5
12;5525;DESOD AERO BOZZANO 90G INVISIBLE;PERFUMARIA E LIMPEZA;81835;17/06/2026;152525;79641;12;504;12;1;0;;;10
12;8224;SH HEAD SHOULDERS 200ML ANT COCEIRA;PERFUMARIA E LIMPEZA;81835;17/06/2026;152525;79641;6;42;6;1;0;25/06/2026;ALEX JARDIM;7
12;5226;CR DENT COLGATE T ACAO 90G ORIG;PERFUMARIA E LIMPEZA;81835;17/06/2026;152525;79641;144;1152;144;1;0;25/06/2026;PAMELA;0
12;687;ESP GARIBALDI PRIMICIAS GF 660ML ROSE;BEBIDAS;81835;17/06/2026;152525;79641;1;0;5;5;0;25/06/2026;ALEX JARDIM;4
12;25105;VASSOURA DONA DA CASA C CABO;PERFUMARIA E LIMPEZA;81835;17/06/2026;152525;79641;12;0;12;0;0;18/06/2026;ELTON;21
12;5534;DESOD AERO DOVE 89G 150ML CUIDADO TTL;PERFUMARIA E LIMPEZA;81835;17/06/2026;152525;79641;12;3;12;1;0;;;17
12;10148;SAB FARNESE 180G PITAYA FRAMB;PERFUMARIA E LIMPEZA;81835;17/06/2026;152525;79641;36;1008;36;1;0;;;76
12;24388;SILICONE DESTAQUE AERO 400ML AREA51;PERFUMARIA E LIMPEZA;81835;17/06/2026;152525;79641;1;0;1;0;0;18/06/2026;ELTON;3
12;5654;DESOD ROLLON NIVEA 50ML M INV B W POWER;PERFUMARIA E LIMPEZA;81835;17/06/2026;152525;79641;12;0;12;1;0;;;19
13;36357;OLEO SERUM TOQUE DE SEDA FR 60ML;PERFUMARIA E LIMPEZA;81837;17/06/2026;152527;79642;12;12;12;0;0;25/06/2026;PAMELA;9
13;5654;DESOD ROLLON NIVEA 50ML M INV B W POWER;PERFUMARIA E LIMPEZA;81837;17/06/2026;152527;79642;12;0;60;5;0;;;0
13;5305;CR PENT SEDA 300ML JUNTINHOS CACHOS;PERFUMARIA E LIMPEZA;81837;17/06/2026;152527;79642;12;168;12;1;1;25/06/2026;PAMELA;10
13;5653;DESOD ROLLON NIVEA 50ML FM IN B W CLEAR;PERFUMARIA E LIMPEZA;81837;17/06/2026;152527;79642;12;0;36;3;0;;;14
13;7875;SABONETE DOVE 90G ERVA DOCE;PERFUMARIA E LIMPEZA;81837;17/06/2026;152527;79642;48;3135;48;1;0;;;1
13;13059;BANHEIRA ADOLETA INF 20L ROSA BEBE;PERFUMARIA E LIMPEZA;81837;17/06/2026;152527;79642;1;1;1;0;0;25/06/2026;PAMELA;2
13;16844;CR DEN COLGATE T ACAO XTRA 120G WHITE;PERFUMARIA E LIMPEZA;81837;17/06/2026;152527;79642;72;384;72;0;0;25/06/2026;PAMELA;8
13;5524;DESOD AERO BOZZANO 90G EXTREME;PERFUMARIA E LIMPEZA;81837;17/06/2026;152527;79642;12;372;12;1;0;;;19
13;4258;AP PROBAK II LV7 PG5;PERFUMARIA E LIMPEZA;81837;17/06/2026;152527;79642;1;277;2;2;0;25/06/2026;ALEX JARDIM;5
13;24329;SH HEAD SHOULDERS 400ML HIDRATACAO;PERFUMARIA E LIMPEZA;81837;17/06/2026;152527;79642;6;0;6;1;0;25/06/2026;ALEX JARDIM;5
13;9291;DESINF YPE BAK 1L FLORAL;PERFUMARIA E LIMPEZA;81837;17/06/2026;152560;79628;12;0;12;1;0;22/06/2026;AUGUSTO;0
13;8442;SILICONE DESTAQUE AERO 400ML LAVANDA;PERFUMARIA E LIMPEZA;81837;17/06/2026;152527;79642;1;0;1;0;0;18/06/2026;ELTON;8
13;21685;PAPEL HIG MILI NEUTRO FLA SPL 100M 12UN;PERFUMARIA E LIMPEZA;81837;17/06/2026;152527;79642;6;0;6;0;0;17/06/2026;WILLIAN MATEUS;2
13;33647;SAB LIQ MADE IN BRAZIL 1L ERVA DOCE;PERFUMARIA E LIMPEZA;81837;17/06/2026;152527;79642;12;288;24;2;2;25/06/2026;PAMELA;6
13;36979;FARINHA MANDIOCA 500G ROCHA BRANCA;MERCEARIA;81837;17/06/2026;152527;79642;20;659;20;1;0;24/06/2026;ALEXSANDER;19
13;6021;ESPUMA BARBA BOZZANO 193G HIDRATACAO;PERFUMARIA E LIMPEZA;81837;17/06/2026;152527;79642;1;0;1;0;0;;;1
13;33887;KIT SH CD DOVE 350ML 175ML AMINOACIDO;PERFUMARIA E LIMPEZA;81837;17/06/2026;152527;79642;8;72;8;1;0;;;7
13;16593;CORT UNHA INOX PREMIUM 5 2CM 1PC;PERFUMARIA E LIMPEZA;81837;17/06/2026;152527;79642;1;0;2;0;0;18/06/2026;ELTON;0
14;25415;VESTIDO CAIPIRA TAM GG;NAO ALIMENTO;81785;17/06/2026;152495;79830;1;0;2;0;0;18/06/2026;ELTON;-2
14;12923;BALAO LISO 6 5 C 30 VERDE;NAO ALIMENTO;81785;17/06/2026;152495;79830;1;0;1;0;0;18/06/2026;ELTON;-16
14;19951;LAP COR EVOLUTION C 12 4 LAP BIC;NAO ALIMENTO;81785;17/06/2026;152495;79830;6;0;18;0;0;18/06/2026;ELTON;32
14;15030;CAD ESPI CD 10X1 160FLS STONE;NAO ALIMENTO;81785;17/06/2026;152495;79830;4;0;4;0;0;18/06/2026;ELTON;-2
14;12971;BALAO ZERINHO C 100 SORT;NAO ALIMENTO;81785;17/06/2026;152495;79830;1;36;5;0;0;18/06/2026;ELTON;-17
14;9311;EMB ROYALPACK MULTI FREEZER 2KG;NAO ALIMENTO;81785;17/06/2026;152495;79830;24;0;24;0;0;18/06/2026;ELTON;47
14;33305;TAPETE BOX OVAL PVC 61X35CM;NAO ALIMENTO;81785;17/06/2026;152495;79830;1;21;2;0;0;18/06/2026;ELTON;3
14;17476;DUCHA ENERDUCHA UP4 6800W 220V BCO;NAO ALIMENTO;81785;17/06/2026;152495;79830;1;0;1;0;0;18/06/2026;ELTON;18
14;15031;CAD ESPI CD 10X1 160FLS SWEETNESS;NAO ALIMENTO;81785;17/06/2026;152495;79830;4;20;4;0;0;18/06/2026;ELTON;-27
14;21933;PILHA ELGIN PQ AA C 4;NAO ALIMENTO;81785;17/06/2026;152495;79830;10;530;10;1;1;18/06/2026;ELTON;37
14;36295;CANETA ESF GEL LIKE DOUR PRATA;NAO ALIMENTO;81785;17/06/2026;152495;79830;40;160;40;0;0;18/06/2026;ELTON;0
14;16808;CP VIDRO SODA LIME 320ML;NAO ALIMENTO;81785;17/06/2026;152495;79830;1;13;2;0;0;18/06/2026;ELTON;-5
14;38386;PORTA ESCOVA CLASSIC FOSCO A1;NAO ALIMENTO;81785;17/06/2026;152495;79830;1;11;1;0;0;18/06/2026;ELTON;0
14;24968;TOAL ROSTO FAVO 40X60;NAO ALIMENTO;81785;17/06/2026;152495;79830;1;0;5;0;0;18/06/2026;ELTON;-3
14;15115;CAD ESPI CD 80FLS CARTOGRAFIA T DUDA;NAO ALIMENTO;81785;17/06/2026;152495;79830;4;0;4;0;0;18/06/2026;ELTON;4
14;15463;CAN VIDRO 230ML 14X7CM;NAO ALIMENTO;81785;17/06/2026;152495;79830;1;0;1;0;0;18/06/2026;ELTON;-1
14;18516;FILME UTILFILME 15M;NAO ALIMENTO;81785;17/06/2026;152495;79830;25;500;25;0;0;18/06/2026;ELTON;63
14;15033;CAD ESPI CD 10X1 200FLS BRASILIDADE;NAO ALIMENTO;81785;17/06/2026;152495;79830;1;28;3;0;0;18/06/2026;ELTON;-17
14;7348;PAPEL ALUMINIO ROYAL PACK 45CMX7 5M;NAO ALIMENTO;81785;17/06/2026;152495;79830;25;25;25;0;0;18/06/2026;ELTON;41
14;22275;PORTA SAB LIQ SANREMO 280ML;NAO ALIMENTO;81785;17/06/2026;152495;79830;1;0;14;0;0;18/06/2026;ELTON;15
14;12995;BAND BRASIL 60X40;NAO ALIMENTO;81785;17/06/2026;152495;79830;1;0;1;0;0;18/06/2026;ELTON;-1
14;35020;DUCHA GORDUCHA ZAFONEL 4T 220V;NAO ALIMENTO;81785;17/06/2026;152495;79830;1;0;1;0;0;18/06/2026;ELTON;-7
14;35915;CALCULADORA DE MESA 12 DIG;NAO ALIMENTO;81785;17/06/2026;152495;79830;1;53;9;0;0;18/06/2026;ELTON;2
14;7236;OLEO IPIRANGA F1 MOTOR SINT 5W30 1L;NAO ALIMENTO;81785;17/06/2026;152495;79830;24;0;24;1;1;18/06/2026;ELTON;12
14;21929;PILHA ELGIN ALC PALITO AAA C 2;NAO ALIMENTO;81785;17/06/2026;152495;79830;10;710;30;3;3;18/06/2026;ELTON;-7
14;25417;VESTIDO CAIPIRA TAM P;NAO ALIMENTO;81785;17/06/2026;152495;79830;1;0;4;0;0;18/06/2026;ELTON;-5
14;14985;CAD ESPI CD 1 4 80FLS FROZEN;NAO ALIMENTO;81785;17/06/2026;152495;79830;5;24;5;0;0;18/06/2026;ELTON;0
14;14988;CAD ESPI CD 1 4 80FLS LIGA DA JUSTIC;NAO ALIMENTO;81785;17/06/2026;152495;79830;5;0;5;0;0;18/06/2026;ELTON;8
14;34823;CP STITCH C CANUDO;NAO ALIMENTO;81785;17/06/2026;152495;79830;1;1;1;0;0;18/06/2026;ELTON;0
14;21566;PANTUFA ADUL 36 37 M;NAO ALIMENTO;81785;17/06/2026;152495;79830;1;0;1;0;0;18/06/2026;ELTON;11
14;21571;PANTUFA DISNEY BASIC 6THEBES;NAO ALIMENTO;81785;17/06/2026;152495;79830;1;0;1;0;0;18/06/2026;ELTON;-2
14;3762;AJI SAL 1KG P CHURRASCO;MERCEARIA;81839;17/06/2026;152529;79637;12;0;12;1;0;24/06/2026;ALEXSANDER;125
14;1888;PASTILHA TIC TAC 14 5G MENTA;MERCEARIA;81839;17/06/2026;152529;79637;14;0;14;0;0;22/06/2026;PAMELA;9
14;24138;SC PANOSUL ALVEJADO 48X63CM R 14;PERFUMARIA E LIMPEZA;81839;17/06/2026;152529;79637;1;0;4;0;0;18/06/2026;ELTON;2
14;24141;SC PANOSUL SUPER SORT 55X65CM R 17;PERFUMARIA E LIMPEZA;81839;17/06/2026;152529;79637;1;0;9;0;0;18/06/2026;ELTON;33
14;15494;CANJICA AMARELA JUREIA 500G;MERCEARIA;81839;17/06/2026;152529;79637;12;24;12;1;0;24/06/2026;ALEXSANDER;17
14;1740;CHICLE FREEGELLS GUM 8G MORANGO;MERCEARIA;81839;17/06/2026;152529;79637;15;675;15;1;1;22/06/2026;PAMELA;1
14;655;WHISKY PASSPORT VD 1L;BEBIDAS;81839;17/06/2026;152529;79637;1;83;4;4;4;22/06/2026;PAMELA;6
14;20279;LUVA CONF LATEX P AMARELA;PERFUMARIA E LIMPEZA;81839;17/06/2026;152529;79637;12;0;24;0;0;18/06/2026;ELTON;-21
14;5254;CR DENTAL CLOSE UP 100G LIQUIFRESH RED HOT;PERFUMARIA E LIMPEZA;81839;17/06/2026;152529;79637;12;84;12;1;0;25/06/2026;PAMELA;50
17;20653;MAS PARAF ISABELA SEMOLA 400G;MERCEARIA;81841;17/06/2026;152531;79643;20;1460;20;0;0;17/06/2026;PAMELA;100
17;2929;MASSA C OVOS GERMANI 500G TALHARIM;MERCEARIA;81841;17/06/2026;152531;79643;24;408;24;1;1;17/06/2026;PAMELA;13
17;2937;MASSA C OVOS ORQUIDEA 500G ESP NINH;MERCEARIA;81841;17/06/2026;152531;79643;10;0;20;2;2;17/06/2026;PAMELA;-12
17;9996;PETISCO FRISKIES 40G FRANGO;PRODUTOS PET;81841;17/06/2026;152531;79643;15;0;15;0;0;17/06/2026;PAMELA;2
17;24330;SH HEAD SHOULDERS 400ML PREV CONTR QUE;PERFUMARIA E LIMPEZA;81841;17/06/2026;152531;79643;6;12;6;1;0;25/06/2026;ALEX JARDIM;1
17;12523;AP CORPO C 2;PERFUMARIA E LIMPEZA;81841;17/06/2026;152531;79643;12;108;12;1;0;25/06/2026;ALEX JARDIM;10
17;3893;ABS C ABAS DIA NOITE 32 UN SUAVE;PERFUMARIA E LIMPEZA;81841;17/06/2026;152531;79643;16;79;16;0;0;25/06/2026;ALEXSANDRO;2
17;36026;SERUM TOQUE DE SEDA 100ML;PERFUMARIA E LIMPEZA;81841;17/06/2026;152531;79643;6;0;6;1;0;;;4
17;20665;MASSA SEMOLA GERMANI 500G PARAF;MERCEARIA;81841;17/06/2026;152531;79643;20;359;20;0;0;17/06/2026;PAMELA;-57
17;2743;MACARRAO CUP NOODLES 69G NACHO;MERCEARIA;81841;17/06/2026;152531;79643;24;48;24;1;1;17/06/2026;PAMELA;21
17;2859;MASSA C OVOS NORDESTE 500G ESPAGUETE;MERCEARIA;81841;17/06/2026;152531;79643;15;-15;60;0;0;17/06/2026;PAMELA;21
17;20612;MASSA SEMOLA GERMANI 500G ESPAG;MERCEARIA;81841;17/06/2026;152531;79643;20;240;20;0;0;17/06/2026;PAMELA;60
17;2914;MASSA C OVOS ISABELA 500G GRAVATINHA;MERCEARIA;81841;17/06/2026;152531;79643;20;1160;40;2;2;17/06/2026;PAMELA;40
17;2826;MASSA C OVOS STA FELICIDADE 500G PENNE;MERCEARIA;81841;17/06/2026;152531;79643;20;0;200;0;0;17/06/2026;PAMELA;-103
17;22744;RAC SNOW DOG FGO TOMATE 5K;PRODUTOS PET;81841;17/06/2026;152531;79643;1;0;12;0;0;17/06/2026;PAMELA;-3
17;21842;PEN BONITTA P PIOLHO R 535;PERFUMARIA E LIMPEZA;81841;17/06/2026;152531;79643;1;0;1;0;0;18/06/2026;ELTON;5
17;20319;MACARRAO INST GERMANI 63G PICANHA;MERCEARIA;81841;17/06/2026;152531;79643;50;4750;100;2;2;17/06/2026;PAMELA;170
17;3795;VINAGRE VINHO KOLLER 750ML TINTO;MERCEARIA;81841;17/06/2026;152531;79643;12;12;12;0;0;17/06/2026;PAMELA;-2
17;3452;SOPAO MAGGI 200G CARNE LEGUMES;MERCEARIA;81841;17/06/2026;152531;79643;24;24;24;0;0;17/06/2026;PAMELA;7
17;20343;MAC INST NISSIN 85G CARNE;MERCEARIA;81841;17/06/2026;152531;79643;50;2000;50;0;0;17/06/2026;PAMELA;55
17;20664;MASSA SEMOLA GERMANI 1KG PARAF;MERCEARIA;81841;17/06/2026;152531;79643;10;278;10;1;1;17/06/2026;PAMELA;22
17;20611;MASSA SEMOLA GERMANI 1KG ESPAG;MERCEARIA;81841;17/06/2026;152531;79643;10;44;10;0;0;17/06/2026;PAMELA;17
17;2835;MASSA C OVOS GERMANI 500G PARAFUSO;MERCEARIA;81841;17/06/2026;152531;79643;20;1000;40;0;0;17/06/2026;PAMELA;3
17;2818;MASSA C OVOS STA FELICIDADE 500G PARAFUSO;MERCEARIA;81841;17/06/2026;152531;79643;20;0;20;0;0;17/06/2026;PAMELA;212
17;4032;RACAO PEDIGREE NUTR ESSENC 10 1KG CARNE AO LEITE;PRODUTOS PET;81841;17/06/2026;152531;79643;1;228;5;0;0;17/06/2026;PAMELA;3
17;20415;MAMAD CEFISA SIL 240ML;PERFUMARIA E LIMPEZA;81841;17/06/2026;152531;79643;12;0;12;1;0;25/06/2026;ALEX JARDIM;12
17;3948;AGUA SANIT GOTA LIMPA 1L;PERFUMARIA E LIMPEZA;81841;17/06/2026;152531;79643;12;1200;12;1;0;25/06/2026;ALEXSANDRO;43
17;17311;DESOD ROLLON REXONA 50ML INVISIBLE;PERFUMARIA E LIMPEZA;81841;17/06/2026;152531;79643;12;180;12;1;0;;;-10
17;20607;MASSA DOMELLY SEMOLA 1KG ESPAG;MERCEARIA;81841;17/06/2026;152531;79643;10;0;10;0;0;17/06/2026;PAMELA;25
17;3794;VINAGRE VINHO KOLLER 750ML BRANCO;MERCEARIA;81841;17/06/2026;152531;79643;12;24;12;0;0;17/06/2026;PAMELA;2
17;2865;MASSA C OVOS ORQUIDEA 500G PARAFUSO;MERCEARIA;81841;17/06/2026;152531;79643;20;50;20;1;1;17/06/2026;PAMELA;22
17;20357;MAC INST NISSIN 85G PICANHA;MERCEARIA;81841;17/06/2026;152531;79643;50;50;50;0;0;17/06/2026;PAMELA;2
17;22698;RAC DOCATS 1K;PRODUTOS PET;81841;17/06/2026;152531;79643;10;0;10;0;0;17/06/2026;PAMELA;69
17;4039;ALIM GATO BIFFE CAT 1KG ESPECIAL;PRODUTOS PET;81841;17/06/2026;152531;79643;8;678;16;0;0;17/06/2026;PAMELA;11
17;13257;BIFINHO PETISCAO TABLETE 500G BAC;PRODUTOS PET;81841;17/06/2026;152531;79643;10;0;10;1;1;17/06/2026;PAMELA;6
17;9291;DESINF YPE BAK 1L FLORAL;PERFUMARIA E LIMPEZA;81841;17/06/2026;152561;79629;12;0;12;1;0;22/06/2026;WENDRIO;-1
17;33422;DET PO AQUAFAST MULTIACAO 800G;PERFUMARIA E LIMPEZA;81841;17/06/2026;152531;79643;20;80;20;1;0;25/06/2026;ALEXSANDRO;0
17;10310;SILICONE DESTAQUE AERO 400ML GERMAN;PERFUMARIA E LIMPEZA;81841;17/06/2026;152531;79643;12;7;12;1;0;;;0
17;5763;ENX BUC PLAX COLGATE LV750 PG500ML ODOR CONTROL;PERFUMARIA E LIMPEZA;81841;17/06/2026;152531;79643;12;84;24;2;0;;;13
17;2877;MASSA C OVOS ISABELA 500G PARAFUSO;MERCEARIA;81841;17/06/2026;152531;79643;16;319;16;0;0;17/06/2026;PAMELA;34
17;35632;SOPA DE CANECA NEILAR 18G LEGUMES;MERCEARIA;81841;17/06/2026;152531;79643;72;0;72;0;0;17/06/2026;PAMELA;-3
17;3402;CALDO APTI 57G LEGUMES;MERCEARIA;81841;17/06/2026;152531;79643;10;1050;10;0;0;17/06/2026;PAMELA;0
17;2912;MASSA C OVOS ISABELA 500G FURADINHO;MERCEARIA;81841;17/06/2026;152531;79643;20;360;20;0;0;17/06/2026;PAMELA;36
17;35687;DESOD CREME SECRET CLEAR COTT 45G GEL;PERFUMARIA E LIMPEZA;81841;17/06/2026;152531;79643;1;0;3;3;0;25/06/2026;ALEX JARDIM;3
17;36266;DET LIQ AQUAFAST LAV RAP CLEAN 1 5L;PERFUMARIA E LIMPEZA;81841;17/06/2026;152531;79643;9;90;18;2;0;25/06/2026;ALEXSANDRO;13
17;5531;DESOD AERO DOVE 87G 150ML AMORA;PERFUMARIA E LIMPEZA;81841;17/06/2026;152531;79643;12;45;12;1;0;;;-5
17;16914;CR P PENT NIELY H AGUA COCO 250G;PERFUMARIA E LIMPEZA;81841;17/06/2026;152531;79643;12;48;12;1;0;;;7
17;20281;LUVA DANNY SILVER GRIP G AZUL;PERFUMARIA E LIMPEZA;81841;17/06/2026;152531;79643;12;0;12;0;0;18/06/2026;ELTON;0
17;2866;MASSA C OVOS ORQUIDEA 500G PENNE;MERCEARIA;81841;17/06/2026;152531;79643;20;20;20;1;1;17/06/2026;PAMELA;-15
17;3440;SOPAO APTI 180G CARNE MACARRAO LEGUM;MERCEARIA;81841;17/06/2026;152531;79643;12;264;12;0;0;17/06/2026;PAMELA;21
17;2868;MASSA C OVOS ORQUIDEA 500G CONCHA;MERCEARIA;81841;17/06/2026;152531;79643;20;20;60;3;3;17/06/2026;PAMELA;-66
17;36302;BIFINHO PETISCAO TABLETE 60G FRUTA;PRODUTOS PET;81841;17/06/2026;152531;79643;24;312;24;1;1;17/06/2026;PAMELA;37
17;5674;DETERG GIRANDO SOL 500ML MACA;PERFUMARIA E LIMPEZA;81841;17/06/2026;152531;79643;24;4176;24;1;0;25/06/2026;ALEXSANDRO;-23
17;6614;KIT SH SEDA SH 300 COND 190ML CACHOS DEFINIDO;PERFUMARIA E LIMPEZA;81841;17/06/2026;152531;79643;15;15;15;1;0;;;31
17;24137;SC PANO SUP PANO ALG100X75CM R 18;PERFUMARIA E LIMPEZA;81841;17/06/2026;152531;79643;1;300;20;0;0;18/06/2026;ELTON;63
17;20657;MAS PARAF ORQUIDEA FUR MOL C OVOS 400G;MERCEARIA;81841;17/06/2026;152531;79643;20;0;40;2;2;17/06/2026;PAMELA;-3
17;20624;MAS FUSILLI BARILLA 500G;MERCEARIA;81841;17/06/2026;152531;79643;12;-12;12;0;0;17/06/2026;PAMELA;10
17;2931;MASSA S OVOS ORQUIDEA 500G PARAFUSO TRICOL;MERCEARIA;81841;17/06/2026;152531;79643;20;0;40;2;2;17/06/2026;PAMELA;-4
17;2867;MASSA C OVOS ORQUIDEA 500G CONCHINHA;MERCEARIA;81841;17/06/2026;152531;79643;20;0;40;2;2;17/06/2026;PAMELA;24
17;9594;GIRASSOL CBS 250G;PRODUTOS PET;81841;17/06/2026;152531;79643;12;0;12;0;0;17/06/2026;PAMELA;24
17;6210;DESOD SANIT ADES GOTA LIMPA 41G 7D LAVANDA;PERFUMARIA E LIMPEZA;81841;17/06/2026;152531;79643;12;0;12;1;0;;;0
17;5653;DESOD ROLLON NIVEA 50ML FM IN B W CLEAR;PERFUMARIA E LIMPEZA;81841;17/06/2026;152531;79643;12;0;24;2;0;;;26
17;5019;COND PANTENE 150ML BAMBU;PERFUMARIA E LIMPEZA;81841;17/06/2026;152531;79643;12;0;12;1;0;;;8
17;19312;COT HASTES FLEX COTTONBABY C 75;PERFUMARIA E LIMPEZA;81841;17/06/2026;152531;79643;72;5976;72;1;0;;;144
17;3750;TEMP COMPLETO ARISCO 300G S PIMENTA;MERCEARIA;81841;17/06/2026;152531;79643;24;0;24;0;0;17/06/2026;PAMELA;13
17;1017;TEMP EXTREMO SABOR 1 01K C PIMENTA;MERCEARIA;81841;17/06/2026;152531;79643;6;6;6;0;0;17/06/2026;PAMELA;2
17;22702;RAC DODOG ORIG 10 1K;PRODUTOS PET;81841;17/06/2026;152531;79643;1;55;7;0;0;17/06/2026;PAMELA;16
17;13260;BIFINHO PETISCAO TABLETE 60G CAR;PRODUTOS PET;81841;17/06/2026;152531;79643;24;936;24;0;0;17/06/2026;PAMELA;50
17;5524;DESOD AERO BOZZANO 90G EXTREME;PERFUMARIA E LIMPEZA;81841;17/06/2026;152531;79643;12;372;12;1;0;;;12
17;7875;SABONETE DOVE 90G ERVA DOCE;PERFUMARIA E LIMPEZA;81841;17/06/2026;152531;79643;48;3135;48;1;0;;;-46
17;22796;RATICIDA RODILON ISCA 25G;PERFUMARIA E LIMPEZA;81841;17/06/2026;152531;79643;40;0;40;1;0;;;2
17;5536;DESOD AERO DOVE 89G 150ML INVISIBLE DRY;PERFUMARIA E LIMPEZA;81841;17/06/2026;152531;79643;12;267;12;1;0;;;23
17;13059;BANHEIRA ADOLETA INF 20L ROSA BEBE;PERFUMARIA E LIMPEZA;81841;17/06/2026;152531;79643;1;1;1;1;0;;;1
17;6617;KIT SH SEDA SH 300 COND 190ML LISO PERFEITO;PERFUMARIA E LIMPEZA;81841;17/06/2026;152531;79643;15;2445;15;1;0;;;-28
17;5748;ENXAG BUCAL COLGATE 500ML ODOR CONTROL;PERFUMARIA E LIMPEZA;81841;17/06/2026;152531;79643;12;36;12;1;0;;;7
17;36979;FARINHA MANDIOCA 500G ROCHA BRANCA;MERCEARIA;81841;17/06/2026;152531;79643;20;659;20;1;0;24/06/2026;ALEXSANDER;20
17;20594;MAS CASEIRA MOSMANN INTEGRAL 300G;MERCEARIA;81841;17/06/2026;152531;79643;12;12;12;0;0;17/06/2026;PAMELA;0
17;20694;MAS RIGATONE ORQUIDEA C OVOS 500G;MERCEARIA;81841;17/06/2026;152531;79643;20;0;20;0;0;17/06/2026;PAMELA;4
17;3409;CALDO SAZON 32 5G COSTELA;MERCEARIA;81841;17/06/2026;152531;79643;48;0;48;1;1;17/06/2026;PAMELA;-3
18;25106;VASSOURA JARDINEIRA S CABO;PERFUMARIA E LIMPEZA;81843;17/06/2026;;;1;-12;4;0;0;;;6
18;3191;SALG KEVYTOS BACON 13G C 50;MERCEARIA;81843;17/06/2026;;;50;128;50;0;0;;;0
18;34306;REFRIG COCA COLA PET 1L;BEBIDAS;81843;17/06/2026;152533;79636;6;36;30;5;0;24/06/2026;ALEXSANDER;1
18;3431;SOPA GALINHA MAGGI 60G FIDELINI;MERCEARIA;81843;17/06/2026;152533;79636;10;19;10;0;0;22/06/2026;PAMELA;-4
1;9741;LEITE SANTA CLARA LV SEMI DESN 1L;PERECIVEIS;82073;18/06/2026;153264;80213;12;371;12;1;0;;;84
1;9756;LEITE TIROL INTEGRAL ZR LACTOSE 1L;PERECIVEIS;82073;18/06/2026;153264;80213;12;72;12;1;0;;;-2
1;6795;LEITE UHT TIROL 1L ZERO LAC;PERECIVEIS;82073;18/06/2026;153264;80213;12;336;12;1;0;;;-10
1;6792;LEITE UHT PET ELEGE 1L INTEGRAL;PERECIVEIS;82073;18/06/2026;153264;80213;6;8731;6;1;0;;;21
1;6780;LEITE NINHO UHT TP LEVINHO 1L SEMI DESNATADO;PERECIVEIS;82073;18/06/2026;153264;80213;12;84;12;1;0;;;7
1;33255;REFRIG CHARRUA PET 3L GUARANA;BEBIDAS;82101;18/06/2026;153278;80213;6;90;6;1;1;25/06/2026;MARCOS M;21
1;494;XAROPE CESTA BASICA 900ML GROSELHA;BEBIDAS;82101;18/06/2026;153278;80213;6;6;6;0;0;20/06/2026;JOCELAINE;5
1;16593;CORT UNHA INOX PREMIUM 5 2CM 1PC;PERFUMARIA E LIMPEZA;82101;18/06/2026;153278;80213;1;0;1;0;0;18/06/2026;ELTON;2
1;20391;MAIONESE LIZA CASEIRA 450G;MERCEARIA;82101;18/06/2026;153278;80213;12;288;12;1;0;;;28
1;734;REFRIG COCA COLA LT 220ML;BEBIDAS;82101;18/06/2026;153278;80213;6;12;6;0;0;25/06/2026;MARCOS M;-4
1;5858;ESC DENTAL SORRISO MEDIA;PERFUMARIA E LIMPEZA;82101;18/06/2026;153278;80213;12;204;12;1;0;;;11
1;152;CERV BRAHMA CHOPP LT 473ML;BEBIDAS;82101;18/06/2026;153278;80213;12;0;12;0;0;25/06/2026;MARCOS M;48
1;4988;COND JAY LUC 1L NEUTRO;PERFUMARIA E LIMPEZA;82101;18/06/2026;153278;80213;12;372;12;1;0;;;1
1;36813;ARROZ BCO BOM DE PANELA TP1 5KG;MERCEARIA;82101;18/06/2026;153278;80213;6;360;24;4;4;25/06/2026;AUGUSTO;69
1;15762;CESTA BASICA GRD;MERCEARIA;82101;18/06/2026;153279;80213;1;16;10;0;0;25/06/2026;AUGUSTO;0
1;23055;SAB LIQ HEDERA RF 370ML AVEIA;PERFUMARIA E LIMPEZA;82101;18/06/2026;153278;80213;12;0;12;1;0;;;2
1;8345;SH SEDA 325ML LISO PERFEITO;PERFUMARIA E LIMPEZA;82101;18/06/2026;153278;80213;12;3336;12;1;0;;;4
1;847;REFRIG COCA COLA PET 600ML;BEBIDAS;82101;18/06/2026;153278;80213;12;16;12;1;1;25/06/2026;MARCOS M;50
1;2568;MOLHO TOM CAJAMAR SH 300G TRAD;MERCEARIA;82101;18/06/2026;153278;80213;32;2112;32;1;0;;;-7
1;1637;TORRADA VISCONTI 120G INTEGRAL;MERCEARIA;82101;18/06/2026;153278;80213;32;63;32;0;0;19/06/2026;JOCELAINE;18
1;17389;DET PO APYCE SH 4K ROSA;PERFUMARIA E LIMPEZA;82256;18/06/2026;153547;80840;5;45;5;0;0;25/06/2026;ALEXSANDRO;15
1;17321;DET LIQ APYCE MULTIACAO 3L AZUL;PERFUMARIA E LIMPEZA;82256;18/06/2026;153547;80840;4;496;40;10;10;25/06/2026;ALEXSANDRO;-17
1;37432;DESINFETANTE SUPREMA LAVANDA 5L;PERFUMARIA E LIMPEZA;82256;18/06/2026;153547;80840;3;396;30;10;10;25/06/2026;ALEXSANDRO;9
1;602;SUCO DEL VALLE TP 1L ABACAXI;BEBIDAS;82346;18/06/2026;153691;80840;6;0;6;0;0;20/06/2026;JESSICA;2
1;643;SUCO DEL VALLE FRUT PET 1 5L FRUTAS CITRICAS;BEBIDAS;82346;18/06/2026;153691;80840;6;0;12;0;0;20/06/2026;JESSICA;-3
1;571;REPOS POWERADE 500ML UVA;BEBIDAS;82346;18/06/2026;153691;80840;6;12;12;0;0;25/06/2026;AUGUSTO;13
1;2329;FEIJAO PRETO CALDO OURO 500G;MERCEARIA;82429;18/06/2026;153740;80495;10;5033;50;5;5;23/06/2026;JOSE ANTONIO;31
1;7817;SABAO PO BRILHANTE 800G CX LIMPEZA TOTAL;PERFUMARIA E LIMPEZA;82488;18/06/2026;153925;80840;20;6382;40;2;2;25/06/2026;ALEXSANDRO;31
2;7424;PEDRA SANITARIA SANI SOL 20G FLORAL;PERFUMARIA E LIMPEZA;82103;18/06/2026;153280;80205;144;144;144;1;0;;;159
2;22914;REPARADOR PONTAS JAYLUC 30ML BLIND QUERAT;PERFUMARIA E LIMPEZA;82103;18/06/2026;153280;80205;24;0;48;2;0;;;34
2;3512;FERM PO BIOL GOOD INSTANT SH 10G;MERCEARIA;82103;18/06/2026;153280;80205;30;0;30;1;0;;;52
2;24643;TCO P PES AMAZONIA 100G MENTOLADO;PERFUMARIA E LIMPEZA;82103;18/06/2026;153280;80205;48;48;48;1;0;;;4
2;8414;SH COND TRESEMME 350ML 175ML BRILHO LAMELAR;PERFUMARIA E LIMPEZA;82103;18/06/2026;153280;80205;16;31;16;1;0;;;10
2;8001;SABONETE SENADOR 130G;PERFUMARIA E LIMPEZA;82103;18/06/2026;153280;80205;72;0;72;1;0;;;30
2;9236;CR TRAT VINI LADY SC 700G REPARACAO TOTAL;PERFUMARIA E LIMPEZA;82103;18/06/2026;153280;80205;12;36;12;1;0;;;6
2;17415;DET PO GOTA LIMPA 800G HARMONIA;PERFUMARIA E LIMPEZA;82103;18/06/2026;153280;80205;20;60;20;0;0;25/06/2026;ALEXSANDRO;23
2;18979;GEL FIX DI HELLEN BRI MOL FL ADREN 240G;PERFUMARIA E LIMPEZA;82103;18/06/2026;153280;80205;12;0;12;1;0;;;0
2;38619;SH DOVE UMECTACAO E COCO 370ML;PERFUMARIA E LIMPEZA;82103;18/06/2026;153280;80205;1;1;1;1;0;;;0
2;33647;SAB LIQ MADE IN BRAZIL 1L ERVA DOCE;PERFUMARIA E LIMPEZA;82103;18/06/2026;153280;80205;12;288;12;1;0;;;9
2;13059;BANHEIRA ADOLETA INF 20L ROSA BEBE;PERFUMARIA E LIMPEZA;82103;18/06/2026;153280;80205;1;1;1;1;0;;;4
2;38618;CREME DE PENTEAR SEDA BOOM DEF 1KG;PERFUMARIA E LIMPEZA;82103;18/06/2026;153280;80205;1;1;1;1;0;;;0
2;3431;SOPA GALINHA MAGGI 60G FIDELINI;MERCEARIA;82103;18/06/2026;153280;80205;10;19;10;1;0;;;24
2;38616;CD SEDA COLAGENO VIT INT 250ML;PERFUMARIA E LIMPEZA;82103;18/06/2026;153280;80205;1;1;1;1;0;;;0
2;34564;CREME JOAO E MARIA 40G P ASSADURA;PERFUMARIA E LIMPEZA;82103;18/06/2026;153280;80205;1;2;1;1;0;;;1
2;806;REFRIG FANTA LARANJA PET 2L;BEBIDAS;82103;18/06/2026;153280;80205;8;0;200;25;0;;LUAN;400
2;5032;COND PANTENE 175ML RESTAUR PROFUND;PERFUMARIA E LIMPEZA;82103;18/06/2026;153280;80205;6;0;6;1;0;;;9
2;5275;CR DENTAL TANDY 50G MORANGO;PERFUMARIA E LIMPEZA;82103;18/06/2026;153280;80205;12;0;12;1;0;;;2
2;3433;SOPA CARNE MAGGI 63G CONCHINHAS;MERCEARIA;82103;18/06/2026;153280;80205;10;0;10;1;0;;;13
2;3428;CREME CEBOLA MAGGI 68G;MERCEARIA;82103;18/06/2026;153280;80205;12;0;12;1;0;;;1
2;15296;CALDO MAGGI 57G LEGUMES;MERCEARIA;82103;18/06/2026;153280;80205;10;0;50;5;0;;;89
2;7232;OLEO KING 100ML MULTIUSO;PERFUMARIA E LIMPEZA;82103;18/06/2026;153280;80205;6;78;42;7;0;;;28
2;12289;AGUA SANIT IMPERIAL 1L;PERFUMARIA E LIMPEZA;82103;18/06/2026;153280;80205;12;96;12;0;0;25/06/2026;ALEXSANDRO;22
2;178;CERV KAISER LT 473ML;BEBIDAS;82103;18/06/2026;153280;80205;12;1;1452;0;0;;;726
2;7426;PEDRA SANITARIA SANI SOL 20G LAVANDA;PERFUMARIA E LIMPEZA;82103;18/06/2026;153280;80205;144;12;144;1;0;;;207
2;5250;CR DENT CLOSE UP 70G TRIPLE HORTELA;PERFUMARIA E LIMPEZA;82103;18/06/2026;153280;80205;72;216;72;1;0;;;0
2;4258;AP PROBAK II LV7 PG5;PERFUMARIA E LIMPEZA;82103;18/06/2026;153280;80205;1;277;3;3;0;;;63
2;4259;AP PRESTOBARBA ULTRA GRIP 2UN;PERFUMARIA E LIMPEZA;82103;18/06/2026;153280;80205;12;456;12;1;0;;;42
2;10181;SAB POMPOM 80G HIDRATANTE;PERFUMARIA E LIMPEZA;82103;18/06/2026;153280;80205;12;2064;12;1;0;;;50
2;643;SUCO DEL VALLE FRUT PET 1 5L FRUTAS CITRICAS;BEBIDAS;82348;18/06/2026;153692;80592;6;0;18;0;0;19/06/2026;JOCELAINE;0
2;13403;BISC DOCE NESTLE CHOCO TRIO 90G PRESTIGIO;MERCEARIA;82348;18/06/2026;153692;80592;12;3;24;0;0;19/06/2026;PAMELA;106
2;228;CERV AMSTEL LAGER LN 355ML;BEBIDAS;82348;18/06/2026;153692;80592;12;0;24;2;0;19/06/2026;GABRIELL2;0
2;17699;ERVA MATE VERDINHA 1K;MERCEARIA;82348;18/06/2026;153692;80592;20;0;20;0;0;20/06/2026;WENDRIO;2
2;566;REPOS POWERADE 500ML FTAS TROPICAIS;BEBIDAS;82348;18/06/2026;153692;80592;6;0;12;2;0;19/06/2026;GABRIELL2;41
2;740;REFRIG COCA COLA PET 1 5L;BEBIDAS;82348;18/06/2026;153692;80592;8;8;8;1;0;19/06/2026;GABRIELL2;12
2;571;REPOS POWERADE 500ML UVA;BEBIDAS;82348;18/06/2026;153692;80592;6;12;12;2;0;19/06/2026;GABRIELL2;91
3;7095;MASC SEDA 300G CONC LUMINOUS UV;PERFUMARIA E LIMPEZA;82105;18/06/2026;153281;80206;6;0;6;1;0;;;10
3;5551;DESOD AERO MONANGE 90G FLOR DE LAVANDA;PERFUMARIA E LIMPEZA;82105;18/06/2026;153281;80206;12;312;12;1;0;;;66
3;8228;SH HEAD SHOULDERS 200ML LIMPEZA EFICAZ;PERFUMARIA E LIMPEZA;82105;18/06/2026;153281;80206;6;0;6;1;0;;;11
3;7107;MASCARA TRAT DOVE 500G 2EM1 RECONSTRUCAO;PERFUMARIA E LIMPEZA;82105;18/06/2026;153281;80206;6;0;30;5;0;;;10
3;10292;SH POMPOM 200ML SUAVE;PERFUMARIA E LIMPEZA;82105;18/06/2026;153281;80206;12;0;12;1;0;;;8
3;5526;DESOD AERO BOZZANO 90G POWER PROTECT;PERFUMARIA E LIMPEZA;82105;18/06/2026;153281;80206;12;84;12;1;0;;;6
3;8858;AP PROBAK II 2UN;PERFUMARIA E LIMPEZA;82105;18/06/2026;153281;80206;14;3934;14;1;0;;;-1
3;7425;PEDRA SANITARIA SANI SOL 20G JASMIN;PERFUMARIA E LIMPEZA;82105;18/06/2026;153281;80206;144;4032;432;0;0;;;189
3;2672;FARINHA MANDIOCA CBS 500G;MERCEARIA;82105;18/06/2026;153281;80206;12;48;12;1;0;24/06/2026;ALEXSANDER;6
3;8600;TINT COR E TON CAST CLR 5 0;PERFUMARIA E LIMPEZA;82105;18/06/2026;153281;80206;6;0;6;1;0;;;2
3;12531;AP GILLETTE PROBAK C 2;PERFUMARIA E LIMPEZA;82105;18/06/2026;153281;80206;14;0;14;1;0;;;129
3;5521;DESOD AERO BOZZANO 90G ANTIBAC FRESH;PERFUMARIA E LIMPEZA;82105;18/06/2026;153281;80206;12;384;12;1;0;;;16
3;5275;CR DENTAL TANDY 50G MORANGO;PERFUMARIA E LIMPEZA;82105;18/06/2026;153281;80206;12;0;36;3;0;;;16
3;7424;PEDRA SANITARIA SANI SOL 20G FLORAL;PERFUMARIA E LIMPEZA;82105;18/06/2026;153281;80206;144;144;144;1;0;;;497
3;102;CERV ANTARCTICA SUBZERO GF 1L RETORNAVEL;BEBIDAS;82105;18/06/2026;153281;80206;12;480;60;5;0;;ALEXSANDER;25
3;7398;PASTILHA PATO PROMO 3UN FLORAL;PERFUMARIA E LIMPEZA;82105;18/06/2026;153281;80206;24;0;48;2;0;;;23
3;16874;CR DEN SORRISO 120G TRIPLA LIMPEZA COMPLETA;PERFUMARIA E LIMPEZA;82105;18/06/2026;153281;80206;72;216;72;1;0;;;38
3;15296;CALDO MAGGI 57G LEGUMES;MERCEARIA;82105;18/06/2026;153281;80206;10;0;70;7;7;;ALEX JARDIM;6
3;10283;SH MONANGE 325ML REST Q GOSTO;PERFUMARIA E LIMPEZA;82105;18/06/2026;153281;80206;12;0;12;1;0;;;0
3;8246;SH JAY LUC 1L NEUTRO;PERFUMARIA E LIMPEZA;82105;18/06/2026;153281;80206;12;84;12;1;0;;;21
3;10180;SAB POMPOM 80G GLICERINADO;PERFUMARIA E LIMPEZA;82105;18/06/2026;153281;80206;12;3084;36;3;0;;;87
3;7426;PEDRA SANITARIA SANI SOL 20G LAVANDA;PERFUMARIA E LIMPEZA;82105;18/06/2026;153281;80206;144;12;288;2;0;;;388
3;7994;SABONETE REXONA 84G ANT LIMP PROFU;PERFUMARIA E LIMPEZA;82105;18/06/2026;153281;80206;12;0;12;1;0;;;2
3;15295;CALDO MAGGI 57G COSTELA;MERCEARIA;82105;18/06/2026;153281;80206;10;10;50;5;0;;ALEX JARDIM;81
3;7234;LUSTRA MOVEIS PEROBA 200ML JASMIM;PERFUMARIA E LIMPEZA;82105;18/06/2026;153281;80206;24;0;24;1;0;;;7
3;22915;REPARADOR PONTAS JAYLUC 30ML CERAMIDAS;PERFUMARIA E LIMPEZA;82105;18/06/2026;153281;80206;24;3;24;1;0;;;87
3;51;AGUA MIN CRYSTAL PET 5L S GAS;BEBIDAS;82350;18/06/2026;153693;80875;2;68;62;0;0;25/06/2026;LUAN;0
3;68;AGUA MIN FLORESTA ATIVA SQ 710ML S GAS;BEBIDAS;82350;18/06/2026;153693;80875;12;0;12;2;0;;;1
3;13403;BISC DOCE NESTLE CHOCO TRIO 90G PRESTIGIO;MERCEARIA;82350;18/06/2026;153693;80875;12;3;36;3;0;;;198
3;2717;FARINHA TRIGO FIDALGA 1KG;MERCEARIA;82350;18/06/2026;153693;80875;10;10;40;5;0;;;0
3;13;AGUA MIN CRYSTAL PET 1 5L C GAS;BEBIDAS;82350;18/06/2026;153693;80875;6;0;6;0;0;25/06/2026;LUAN;66
3;2222;ARROZ PARBO BLUE VILLE TP1 1KG;MERCEARIA;82350;18/06/2026;153693;80875;30;5;30;0;0;19/06/2026;ALEXSANDRO;0
3;18466;FEIJAO PTO MORO TP1 1KG;MERCEARIA;82516;18/06/2026;154175;;30;10440;450;0;0;;;1417
4;15295;CALDO MAGGI 57G COSTELA;MERCEARIA;82165;18/06/2026;153321;80211;10;10;40;4;0;;;6
4;13403;BISC DOCE NESTLE CHOCO TRIO 90G PRESTIGIO;MERCEARIA;82165;18/06/2026;153321;80211;12;3;36;3;0;;;8
4;15296;CALDO MAGGI 57G LEGUMES;MERCEARIA;82165;18/06/2026;153321;80211;10;0;80;8;0;;;7
4;12289;AGUA SANIT IMPERIAL 1L;PERFUMARIA E LIMPEZA;82165;18/06/2026;153321;80211;12;96;24;0;0;25/06/2026;ALEXSANDRO;-1
4;1058;ALFAJOR EL AGUILA 60G CHOC;MERCEARIA;82165;18/06/2026;153321;80211;12;48;12;1;0;;;0
4;3384;CALDO GALINHA APTI 57G;MERCEARIA;82165;18/06/2026;153321;80211;120;600;240;2;0;;;10
4;3433;SOPA CARNE MAGGI 63G CONCHINHAS;MERCEARIA;82165;18/06/2026;153321;80211;10;0;40;4;0;;;0
4;10148;SAB FARNESE 180G PITAYA FRAMB;PERFUMARIA E LIMPEZA;82165;18/06/2026;153321;80211;36;1008;36;1;0;;;71
4;2361;FEIJAO VERMELHO ARBAZA 500G;MERCEARIA;82165;18/06/2026;153321;80211;12;1185;36;3;0;25/06/2026;ALEXANDRE;0
4;22804;REFRIG COCA COLA J DANIELS LT 269ML;BEBIDAS;82352;18/06/2026;153694;80878;6;6;6;0;0;25/06/2026;AUGUSTO;0
4;340;CHA ICE TEA LEAO PET 1 5L PESSEGO ZERO;BEBIDAS;82352;18/06/2026;153694;80878;6;0;6;0;0;20/06/2026;JESSICA;0
4;780;REFRIG SPRITE PET 200ML;BEBIDAS;82352;18/06/2026;153694;80878;12;36;36;0;0;25/06/2026;AUGUSTO;12
4;13403;BISC DOCE NESTLE CHOCO TRIO 90G PRESTIGIO;MERCEARIA;82352;18/06/2026;153694;80878;12;3;60;5;0;;;8
4;336;CHA ICE TEA LEAO PET 1 5L LIMAO;BEBIDAS;82352;18/06/2026;153694;80878;6;12;12;0;0;25/06/2026;AUGUSTO;9
4;741;REFRIG COCA COLA PET ZERO 1 5L;BEBIDAS;82352;18/06/2026;153694;80878;8;48;40;0;0;25/06/2026;AUGUSTO;0
4;646;SUCO DEL VALLE FRUT PET 1 5L UVA;BEBIDAS;82352;18/06/2026;153694;80878;6;12;12;0;0;25/06/2026;AUGUSTO;18
4;396;ENERG MONSTER LT 473ML ULTRA;BEBIDAS;82352;18/06/2026;153694;80878;6;69;42;0;0;25/06/2026;AUGUSTO;0
4;639;SUCO DEL VALLE LT 290ML UVA;BEBIDAS;82352;18/06/2026;153694;80878;6;0;12;0;0;20/06/2026;JESSICA;0
5;12289;AGUA SANIT IMPERIAL 1L;PERFUMARIA E LIMPEZA;82107;18/06/2026;153283;80214;12;96;12;0;0;24/06/2026;ANDRIELLY;12
5;10181;SAB POMPOM 80G HIDRATANTE;PERFUMARIA E LIMPEZA;82107;18/06/2026;153283;80214;12;2064;12;1;0;;;38
5;6618;KIT SH SEDA SH 300 COND 190ML LUMINIOUS UV;PERFUMARIA E LIMPEZA;82107;18/06/2026;153283;80214;15;165;45;3;0;;;39
5;7425;PEDRA SANITARIA SANI SOL 20G JASMIN;PERFUMARIA E LIMPEZA;82107;18/06/2026;153283;80214;144;4032;576;0;0;;;150
5;1748;CHICLE FREEGELLS GUM 8G HORTELA;MERCEARIA;82107;18/06/2026;153283;80214;15;0;15;1;0;;;6
5;15296;CALDO MAGGI 57G LEGUMES;MERCEARIA;82107;18/06/2026;153283;80214;10;0;70;7;0;;;14
5;19315;COT HASTES FLEX COTTONBABY PT 100UN;PERFUMARIA E LIMPEZA;82107;18/06/2026;153283;80214;1;16;2;2;0;;;6
5;4258;AP PROBAK II LV7 PG5;PERFUMARIA E LIMPEZA;82107;18/06/2026;153283;80214;1;277;6;6;0;;;35
5;23037;SAB LIQ DERMAFEME 200ML FRESH;PERFUMARIA E LIMPEZA;82107;18/06/2026;153283;80214;24;648;24;1;0;;;18
5;7424;PEDRA SANITARIA SANI SOL 20G FLORAL;PERFUMARIA E LIMPEZA;82107;18/06/2026;153283;80214;144;144;288;2;0;;;184
5;8256;SH MONANGE 325ML LISOS TE QUERO;PERFUMARIA E LIMPEZA;82107;18/06/2026;153283;80214;12;0;12;1;0;;;-1
5;24311;SH DARLING 2X1 650ML;PERFUMARIA E LIMPEZA;82107;18/06/2026;153283;80214;6;0;6;1;0;;;12
5;8791;ABS MILI NOTURNO C ABAS 8UN;PERFUMARIA E LIMPEZA;82107;18/06/2026;153283;80214;36;36;36;0;0;25/06/2026;ALEXSANDRO;34
5;6614;KIT SH SEDA SH 300 COND 190ML CACHOS DEFINIDO;PERFUMARIA E LIMPEZA;82107;18/06/2026;153283;80214;15;15;30;2;0;;;70
5;7943;SABON PALMOLIVE NATURALS 150G JASMIM E CACAU;PERFUMARIA E LIMPEZA;82107;18/06/2026;153283;80214;72;0;72;1;0;;;1
5;6617;KIT SH SEDA SH 300 COND 190ML LISO PERFEITO;PERFUMARIA E LIMPEZA;82107;18/06/2026;153283;80214;15;2445;45;3;0;;;51
5;16844;CR DEN COLGATE T ACAO XTRA 120G WHITE;PERFUMARIA E LIMPEZA;82107;18/06/2026;153283;80214;72;384;72;1;0;;;0
5;7490;POMADA NUGGET 36G PRETA;PERFUMARIA E LIMPEZA;82107;18/06/2026;153283;80214;12;0;12;1;0;;;18
5;3433;SOPA CARNE MAGGI 63G CONCHINHAS;MERCEARIA;82107;18/06/2026;153283;80214;10;0;10;1;0;;;10
5;1847;DROPS FREEGELLS 27 9G VIT C CITRUS;MERCEARIA;82107;18/06/2026;153283;80214;12;396;12;1;0;;;0
5;23002;SAB FONTANA SENSUS 150G LIMA LIMAO ORI;PERFUMARIA E LIMPEZA;82107;18/06/2026;153283;80214;72;1440;72;1;0;;;3
5;5691;DETERG YPE 500 ML CLEAR;PERFUMARIA E LIMPEZA;82107;18/06/2026;153283;80214;24;216;24;0;0;24/06/2026;ANDRIELLY;7
5;7426;PEDRA SANITARIA SANI SOL 20G LAVANDA;PERFUMARIA E LIMPEZA;82107;18/06/2026;153283;80214;144;12;576;4;0;;;152
5;750;ACUCAR CRISTAL GASPARIN 5KG;MERCEARIA;82437;18/06/2026;153744;80500;6;2856;90;15;0;20/06/2026;ALEXANDRE;265
6;33939;RACAO ALPO 10 1KG FILHOTES;PRODUTOS PET;82109;18/06/2026;153285;80204;1;0;1;0;0;19/06/2026;JOCELAINE;2
6;35675;ESC DENT COLGATE SENSITIVE;PERFUMARIA E LIMPEZA;82109;18/06/2026;153285;80204;1;0;1;1;0;25/06/2026;ALEX JARDIM;5
6;8293;SH PANTENE 175ML QUERATINA;PERFUMARIA E LIMPEZA;82109;18/06/2026;153285;80204;6;48;6;1;0;25/06/2026;ALEX JARDIM;12
6;280;CERV ITAIPAVA MALZBIER LN 330ML;BEBIDAS;82109;18/06/2026;153285;80204;12;3264;12;1;1;24/06/2026;ALEXSANDER;3
6;155;CERV BRAHMA MALZBIER LT 350ML;BEBIDAS;82109;18/06/2026;153285;80204;12;444;12;1;1;24/06/2026;ALEXSANDER;1
6;33265;REFRIG FRUKI GUAR ZR PET 3L GUARANA ZERO;BEBIDAS;82109;18/06/2026;153285;80204;4;628;4;0;0;24/06/2026;ALEXSANDER;42
6;9587;DESOD SANIT ADES GOTA LIMPA 41G 7D EUCALIPTO;PERFUMARIA E LIMPEZA;82109;18/06/2026;153285;80204;12;-12;12;1;0;25/06/2026;ALEX JARDIM;6
6;35160;CERV SKOL BEATS GREEN LT 269ML MIX;BEBIDAS;82109;18/06/2026;153285;80204;8;40;24;0;0;24/06/2026;ALEXSANDER;0
6;3628;SAL GROSSO CBS 1KG;MERCEARIA;82109;18/06/2026;153285;80204;15;60;15;1;1;24/06/2026;ALEXSANDER;79
6;3433;SOPA CARNE MAGGI 63G CONCHINHAS;MERCEARIA;82109;18/06/2026;153285;80204;10;0;10;1;0;25/06/2026;ALEX JARDIM;-2
6;15296;CALDO MAGGI 57G LEGUMES;MERCEARIA;82109;18/06/2026;153285;80204;10;0;70;7;0;25/06/2026;ALEX JARDIM;21
6;5550;DESOD AERO MONANGE 90G EXTRATO OLIVA;PERFUMARIA E LIMPEZA;82109;18/06/2026;153285;80204;12;456;12;1;0;;;12
6;5653;DESOD ROLLON NIVEA 50ML FM IN B W CLEAR;PERFUMARIA E LIMPEZA;82109;18/06/2026;153285;80204;12;0;12;1;0;;;5
6;4258;AP PROBAK II LV7 PG5;PERFUMARIA E LIMPEZA;82109;18/06/2026;153285;80204;1;277;4;4;0;25/06/2026;ALEX JARDIM;45
6;1426;CHOC BIS XTRA BLACK CHOCOLATE 45G;MERCEARIA;82109;18/06/2026;153285;80204;24;0;24;1;0;25/06/2026;ALEX JARDIM;12
6;3686;TEMP BICARBONATO SODIO APTI 100G;MERCEARIA;82109;18/06/2026;153285;80204;20;420;20;1;0;25/06/2026;ALEX JARDIM;11
6;7727;SAB CLOY CR 80G 6UN HIDRAT INT SORT;PERFUMARIA E LIMPEZA;82109;18/06/2026;153285;80204;12;72;12;1;0;;;16
6;1276;CHOC BARRA GAROTO 80G MEIO AMARGO;MERCEARIA;82109;18/06/2026;153285;80204;16;0;16;1;0;25/06/2026;ALEX JARDIM;54
6;4256;AP PRESTOBARBA ULTRAGRIP 3L CART2UN;PERFUMARIA E LIMPEZA;82109;18/06/2026;153285;80204;1;0;1;1;0;25/06/2026;ALEX JARDIM;-16
6;814;REFRIGC COLA FRUKI PET 2 L COLA ZERO;BEBIDAS;82109;18/06/2026;153285;80204;6;0;6;1;1;24/06/2026;ALEXSANDER;6
6;3431;SOPA GALINHA MAGGI 60G FIDELINI;MERCEARIA;82109;18/06/2026;153285;80204;10;19;10;1;0;25/06/2026;ALEX JARDIM;17
6;29708;CHOC BARRA LACTA LAKA 28G;MERCEARIA;82109;18/06/2026;153285;80204;12;0;12;1;0;25/06/2026;ALEX JARDIM;-5
6;37021;FAROFA DINDA 200G TRAD;MERCEARIA;82109;18/06/2026;153285;80204;25;1150;50;2;2;24/06/2026;ALEXSANDER;-52
6;2449;TRIGO P KIBE JUREIA 500G;MERCEARIA;82109;18/06/2026;153285;80204;12;12;12;0;0;24/06/2026;ALEXSANDER;36
6;3428;CREME CEBOLA MAGGI 68G;MERCEARIA;82109;18/06/2026;153285;80204;12;0;12;1;0;25/06/2026;ALEX JARDIM;1
6;38616;CD SEDA COLAGENO VIT INT 250ML;PERFUMARIA E LIMPEZA;82109;18/06/2026;153285;80204;1;1;1;1;0;;;0
6;38619;SH DOVE UMECTACAO E COCO 370ML;PERFUMARIA E LIMPEZA;82109;18/06/2026;153285;80204;1;1;1;1;0;;;0
6;17285;DESOD ROLLON DI HELLEN 55ML FEM;PERFUMARIA E LIMPEZA;82109;18/06/2026;153285;80204;12;0;12;1;0;;;1
6;21787;PEDRA POMES STA CLARA R 199;PERFUMARIA E LIMPEZA;82109;18/06/2026;153285;80204;6;0;6;1;0;25/06/2026;ALEX JARDIM;-1
6;38620;SH DOVE HID E HIL VIT 370ML;PERFUMARIA E LIMPEZA;82109;18/06/2026;153285;80204;1;2;1;1;0;;;0
7;5275;CR DENTAL TANDY 50G MORANGO;PERFUMARIA E LIMPEZA;82111;18/06/2026;153287;80215;12;0;12;1;0;;;0
7;4258;AP PROBAK II LV7 PG5;PERFUMARIA E LIMPEZA;82111;18/06/2026;153287;80215;1;277;2;2;0;;;67
7;7424;PEDRA SANITARIA SANI SOL 20G FLORAL;PERFUMARIA E LIMPEZA;82111;18/06/2026;153287;80215;144;144;288;2;0;;;202
7;1058;ALFAJOR EL AGUILA 60G CHOC;MERCEARIA;82111;18/06/2026;153287;80215;12;48;12;1;0;;;1
7;15296;CALDO MAGGI 57G LEGUMES;MERCEARIA;82111;18/06/2026;153287;80215;10;0;70;7;0;;;14
7;7878;SABONETE DOVE 90G KARITE BAUNILHA;PERFUMARIA E LIMPEZA;82111;18/06/2026;153287;80215;48;5808;48;1;0;;;95
7;10145;SAB FARNESE 180G ERV DOCE VERB;PERFUMARIA E LIMPEZA;82111;18/06/2026;153287;80215;36;1404;36;1;0;;;79
7;19315;COT HASTES FLEX COTTONBABY PT 100UN;PERFUMARIA E LIMPEZA;82111;18/06/2026;153287;80215;1;16;4;4;0;;;8
7;7426;PEDRA SANITARIA SANI SOL 20G LAVANDA;PERFUMARIA E LIMPEZA;82111;18/06/2026;153287;80215;144;12;432;3;0;;;265
7;38000;CHOC BARRA NESTLE RECH 90G GALAK;MERCEARIA;82111;18/06/2026;153287;80215;14;727;14;1;0;;;26
7;7425;PEDRA SANITARIA SANI SOL 20G JASMIN;PERFUMARIA E LIMPEZA;82111;18/06/2026;153287;80215;144;4032;576;0;0;;;145
7;7948;SABON PALMOLIVE NATURALS 150G OLEO ARGAN;PERFUMARIA E LIMPEZA;82111;18/06/2026;153287;80215;72;-72;72;1;0;;;10
7;6617;KIT SH SEDA SH 300 COND 190ML LISO PERFEITO;PERFUMARIA E LIMPEZA;82111;18/06/2026;153287;80215;15;2445;30;2;0;;;2
7;7922;SABONETE LUX 85G BUQUE D JASMIM;PERFUMARIA E LIMPEZA;82111;18/06/2026;153287;80215;108;1314;108;1;0;;;-3
7;8350;SH SEDA 325ML PRETOS LUMINOSO;PERFUMARIA E LIMPEZA;82111;18/06/2026;153287;80215;12;1248;12;1;0;;;14
7;3433;SOPA CARNE MAGGI 63G CONCHINHAS;MERCEARIA;82111;18/06/2026;153287;80215;10;0;10;1;0;;;11
7;648;WHISKY MASTER GOLD VD 900ML;BEBIDAS;82111;18/06/2026;153287;80215;1;158;1;1;0;;;6
7;7399;PASTILHA PATO PROMO 3UN LAVANDA;PERFUMARIA E LIMPEZA;82111;18/06/2026;153287;80215;24;0;24;1;0;;;34
7;7929;SABONETE LUX 85G ORQUIDEA NEGRA;PERFUMARIA E LIMPEZA;82111;18/06/2026;153287;80215;108;1854;108;1;0;;;52
8;7426;PEDRA SANITARIA SANI SOL 20G LAVANDA;PERFUMARIA E LIMPEZA;82113;18/06/2026;153288;80212;144;12;144;1;0;;;249
8;1623;BISC LANCHE BAUDUCCO 30G MAXI GOIABINHA;MERCEARIA;82113;18/06/2026;153288;80212;20;120;20;1;0;;;19
8;23002;SAB FONTANA SENSUS 150G LIMA LIMAO ORI;PERFUMARIA E LIMPEZA;82113;18/06/2026;153288;80212;72;1440;72;1;0;;;25
8;7938;SABONETE NIVEA 85G PROTEINA LEITE;PERFUMARIA E LIMPEZA;82113;18/06/2026;153288;80212;96;576;96;1;0;;;10
8;5695;DETERG YPE 500ML COCO;PERFUMARIA E LIMPEZA;82113;18/06/2026;153288;80212;24;144;48;0;0;24/06/2026;ANDRIELLY;-8
8;38620;SH DOVE HID E HIL VIT 370ML;PERFUMARIA E LIMPEZA;82113;18/06/2026;153288;80212;1;2;1;1;0;;;2
8;38621;MASC DOVE RECONST E AMINOACIDO 320G;PERFUMARIA E LIMPEZA;82113;18/06/2026;153288;80212;1;1;1;1;0;;;2
8;3383;CALDO APTI 19G GALINHA;MERCEARIA;82113;18/06/2026;153288;80212;24;1080;72;3;0;;;0
8;3397;CALDO APTI 19G LEGUMES;MERCEARIA;82113;18/06/2026;153288;80212;24;4320;48;2;0;;;0
8;17305;DESOD ROLLON REXONA 50ML ACT EMOT;PERFUMARIA E LIMPEZA;82113;18/06/2026;153288;80212;12;336;12;1;0;;;17
8;24323;SH GENIAL PET 2 EM 1 500ML;PRODUTOS PET;82113;18/06/2026;153288;80212;1;0;1;1;0;;;5
8;1276;CHOC BARRA GAROTO 80G MEIO AMARGO;MERCEARIA;82113;18/06/2026;153288;80212;16;0;16;1;0;;;-4
8;3686;TEMP BICARBONATO SODIO APTI 100G;MERCEARIA;82113;18/06/2026;153288;80212;20;420;20;1;0;;;1
8;33373;DESO AERO AXE 200ML BLACK ALE E CED;PERFUMARIA E LIMPEZA;82113;18/06/2026;153288;80212;12;1524;12;1;0;;;12
8;8613;TINT COR E TON LOURO CZ M 7 1;PERFUMARIA E LIMPEZA;82113;18/06/2026;153288;80212;6;0;6;1;0;;;7
8;35675;ESC DENT COLGATE SENSITIVE;PERFUMARIA E LIMPEZA;82113;18/06/2026;153288;80212;1;0;1;1;0;;;4
8;3635;SAL MOIDO CBS 1KG;MERCEARIA;82113;18/06/2026;153288;80212;10;446;10;1;0;25/06/2026;AUGUSTO;96
8;3433;SOPA CARNE MAGGI 63G CONCHINHAS;MERCEARIA;82113;18/06/2026;153288;80212;10;0;10;1;0;;;48
8;3414;BARRA CEREAL RITTER 22G CAST PARA;MERCEARIA;82113;18/06/2026;153288;80212;24;672;48;2;0;;;45
8;15296;CALDO MAGGI 57G LEGUMES;MERCEARIA;82113;18/06/2026;153288;80212;10;0;50;5;0;;;23
8;22794;RATICIDA RATICID GRANULADO 25G;PERFUMARIA E LIMPEZA;82113;18/06/2026;153288;80212;480;0;480;1;0;;;243
8;38619;SH DOVE UMECTACAO E COCO 370ML;PERFUMARIA E LIMPEZA;82113;18/06/2026;153288;80212;1;1;1;1;0;;;0
8;23036;SAB LIQ DERMAFEME 200ML FLORAL;PERFUMARIA E LIMPEZA;82113;18/06/2026;153288;80212;24;696;48;2;0;;;-3
8;12289;AGUA SANIT IMPERIAL 1L;PERFUMARIA E LIMPEZA;82113;18/06/2026;153288;80212;12;96;12;0;0;24/06/2026;ANDRIELLY;0
8;16930;CR TRAT CAPILAR HEDERA BABOSA 960G;PERFUMARIA E LIMPEZA;82113;18/06/2026;153288;80212;6;0;6;1;0;;;-1
8;38616;CD SEDA COLAGENO VIT INT 250ML;PERFUMARIA E LIMPEZA;82113;18/06/2026;153288;80212;1;1;1;1;0;;;0
8;8858;AP PROBAK II 2UN;PERFUMARIA E LIMPEZA;82113;18/06/2026;153288;80212;14;3934;14;1;0;;;15
8;12279;AGUA OXIG BUTTERF 30V 100ML;PERFUMARIA E LIMPEZA;82113;18/06/2026;153288;80212;12;0;12;1;0;;;4
8;3893;ABS C ABAS DIA NOITE 32 UN SUAVE;PERFUMARIA E LIMPEZA;82113;18/06/2026;153288;80212;16;79;16;0;0;25/06/2026;ALEXSANDRO;2
8;5692;DETERG YPE 500 ML NEUTRO;PERFUMARIA E LIMPEZA;82113;18/06/2026;153288;80212;24;2928;48;0;0;24/06/2026;ANDRIELLY;-34
8;648;WHISKY MASTER GOLD VD 900ML;BEBIDAS;82113;18/06/2026;153288;80212;1;158;1;1;0;;;1
11;7426;PEDRA SANITARIA SANI SOL 20G LAVANDA;PERFUMARIA E LIMPEZA;82115;18/06/2026;153290;80207;144;12;144;1;0;;;284
11;9145;COND SEDA GLYCOL VIT C 425ML;PERFUMARIA E LIMPEZA;82115;18/06/2026;153290;80207;12;9;12;1;0;;;0
11;3431;SOPA GALINHA MAGGI 60G FIDELINI;MERCEARIA;82115;18/06/2026;153290;80207;10;19;10;1;0;;;10
11;3433;SOPA CARNE MAGGI 63G CONCHINHAS;MERCEARIA;82115;18/06/2026;153290;80207;10;0;10;1;0;;;0
11;15295;CALDO MAGGI 57G COSTELA;MERCEARIA;82115;18/06/2026;153290;80207;10;10;70;7;0;;;69
11;10201;SABAO BARRA GIRANDO SOL TR MANC100G;PERFUMARIA E LIMPEZA;82115;18/06/2026;153290;80207;28;28;28;0;0;25/06/2026;ALEXSANDRO;35
11;19804;KIT SH CD PANTENE 300 150ML QUERATINA;PERFUMARIA E LIMPEZA;82115;18/06/2026;153290;80207;6;24;12;2;0;;;0
11;7425;PEDRA SANITARIA SANI SOL 20G JASMIN;PERFUMARIA E LIMPEZA;82115;18/06/2026;153290;80207;144;4032;144;0;0;;;189
11;17340;DET LIQ BIO KRISS 500ML CLEAR;PERFUMARIA E LIMPEZA;82115;18/06/2026;153290;80207;24;144;24;0;0;25/06/2026;ALEXSANDRO;47
11;8052;SAPONACEO CREM GIRANDO SOL 300ML ORIGINAL;PERFUMARIA E LIMPEZA;82115;18/06/2026;153290;80207;12;24;12;0;0;25/06/2026;ALEXSANDRO;6
11;6228;GEL DENT SORRISO FRESH 90G XTRA MINT;PERFUMARIA E LIMPEZA;82115;18/06/2026;153290;80207;12;0;60;5;0;;;118
11;7095;MASC SEDA 300G CONC LUMINOUS UV;PERFUMARIA E LIMPEZA;82115;18/06/2026;153290;80207;6;0;6;1;0;;;9
11;38621;MASC DOVE RECONST E AMINOACIDO 320G;PERFUMARIA E LIMPEZA;82115;18/06/2026;153290;80207;1;1;1;1;0;;;0
11;8306;SH PANTENE 400ML HIDRATACAO;PERFUMARIA E LIMPEZA;82115;18/06/2026;153290;80207;6;84;6;1;0;;;5
11;6021;ESPUMA BARBA BOZZANO 193G HIDRATACAO;PERFUMARIA E LIMPEZA;82115;18/06/2026;153290;80207;1;0;1;0;0;;;1
11;4247;AP PRESTOBARBA 3 2UN SENSE CARE;PERFUMARIA E LIMPEZA;82115;18/06/2026;153290;80207;12;192;48;4;0;;;0
11;17108;DES SANIT HIGISOLPAST AD LAV 9G C 4 PROM;PERFUMARIA E LIMPEZA;82115;18/06/2026;153290;80207;24;0;24;1;0;;;0
11;17291;DESOD ROLLON DOVE 50ML CLEAN COMFORT;PERFUMARIA E LIMPEZA;82115;18/06/2026;153290;80207;12;0;12;1;0;;;6
11;17316;DESOD ROLLON REXONA 50ML WOMEN ANT INV;PERFUMARIA E LIMPEZA;82115;18/06/2026;153290;80207;12;0;24;2;0;;;6
11;3400;BARRA CEREAL RITTER 25G BAN AVEIA MEL;MERCEARIA;82115;18/06/2026;153290;80207;24;0;24;1;0;;;30
11;24332;SHAMPOO MONANGE 325ML DETOX TERAPIA;PERFUMARIA E LIMPEZA;82115;18/06/2026;153290;80207;12;0;12;1;0;;;0
11;4564;CARGA MACH 3 2UN CARBONO;PERFUMARIA E LIMPEZA;82115;18/06/2026;153290;80207;12;0;12;1;0;;;15
11;19372;INSET NITROCID PO 50G;PERFUMARIA E LIMPEZA;82115;18/06/2026;153290;80207;1;4;1;0;0;25/06/2026;ALEXSANDRO;1
11;3903;ABS C ABAS MILI DIA NOITE C 16 UN SUAVE;PERFUMARIA E LIMPEZA;82115;18/06/2026;153290;80207;24;168;24;1;0;25/06/2026;ALEXSANDRO;23
11;22796;RATICIDA RODILON ISCA 25G;PERFUMARIA E LIMPEZA;82115;18/06/2026;153290;80207;40;0;80;2;0;;;0
11;7424;PEDRA SANITARIA SANI SOL 20G FLORAL;PERFUMARIA E LIMPEZA;82115;18/06/2026;153290;80207;144;144;144;1;0;;;66
11;33647;SAB LIQ MADE IN BRAZIL 1L ERVA DOCE;PERFUMARIA E LIMPEZA;82115;18/06/2026;153290;80207;12;288;12;1;0;;;7
11;15296;CALDO MAGGI 57G LEGUMES;MERCEARIA;82115;18/06/2026;153290;80207;10;0;70;7;0;;;7
11;35674;SAB IARA 300G;PERFUMARIA E LIMPEZA;82115;18/06/2026;153290;80207;28;0;28;1;0;;;1
11;4256;AP PRESTOBARBA ULTRAGRIP 3L CART2UN;PERFUMARIA E LIMPEZA;82115;18/06/2026;153290;80207;1;0;1;1;0;;;0
11;13403;BISC DOCE NESTLE CHOCO TRIO 90G PRESTIGIO;MERCEARIA;82362;18/06/2026;153699;80882;12;3;36;3;0;;;59
12;7424;PEDRA SANITARIA SANI SOL 20G FLORAL;PERFUMARIA E LIMPEZA;82117;18/06/2026;153292;80208;144;144;144;1;0;;;101
12;33373;DESO AERO AXE 200ML BLACK ALE E CED;PERFUMARIA E LIMPEZA;82117;18/06/2026;153292;80208;12;1524;36;3;0;;;0
12;3433;SOPA CARNE MAGGI 63G CONCHINHAS;MERCEARIA;82117;18/06/2026;153292;80208;10;0;10;1;0;;;2
12;3431;SOPA GALINHA MAGGI 60G FIDELINI;MERCEARIA;82117;18/06/2026;153292;80208;10;19;10;1;0;;;3
12;17660;ENX BUCAL COLGATE PLAX L500P350ML FRESH MINT;PERFUMARIA E LIMPEZA;82117;18/06/2026;153292;80208;12;12;12;1;0;;;10
12;4255;AP PRESTOBARBA 3 LV4 PG3 SENSECA;PERFUMARIA E LIMPEZA;82117;18/06/2026;153292;80208;6;264;12;2;0;;;0
12;3903;ABS C ABAS MILI DIA NOITE C 16 UN SUAVE;PERFUMARIA E LIMPEZA;82117;18/06/2026;153292;80208;24;168;24;1;0;25/06/2026;ALEXSANDRO;23
12;18809;FRALDA PAMPERS CONF SEC C 44 XXXG;PERFUMARIA E LIMPEZA;82117;18/06/2026;153292;80208;4;127;4;1;0;;;7
12;2210;ARROZ INTEG PRATO FINO 1KG;MERCEARIA;82117;18/06/2026;153292;80208;10;10;10;1;0;18/06/2026;VILLARROEL;32
12;2786;FAROFA MANDIOCA YOKI 200G TRADICIONAL;MERCEARIA;82117;18/06/2026;153292;80208;14;28;28;2;0;18/06/2026;VILLARROEL;62
12;2543;ERVA MATE SEIVA PURA 500G TERERE LIMAO E MENTA;MERCEARIA;82117;18/06/2026;153292;80208;10;0;20;2;0;18/06/2026;VILLARROEL;0
12;8306;SH PANTENE 400ML HIDRATACAO;PERFUMARIA E LIMPEZA;82117;18/06/2026;153292;80208;6;84;6;1;0;;;5
12;7425;PEDRA SANITARIA SANI SOL 20G JASMIN;PERFUMARIA E LIMPEZA;82117;18/06/2026;153292;80208;144;4032;144;0;0;;;145
12;2698;KIMILHO YOKI 500G FLOCAO;MERCEARIA;82117;18/06/2026;153292;80208;12;42;24;2;0;18/06/2026;VILLARROEL;11
12;9588;DESOD SANIT ADES GOTA LIMPA 41G 7D MARINE;PERFUMARIA E LIMPEZA;82117;18/06/2026;153292;80208;12;0;12;1;0;;;11
12;35674;SAB IARA 300G;PERFUMARIA E LIMPEZA;82117;18/06/2026;153292;80208;28;0;28;1;0;;;53
12;17277;DESOD ROLLON AMAZONIA 55ML BAMBOO;PERFUMARIA E LIMPEZA;82117;18/06/2026;153292;80208;24;0;24;1;0;;;12
12;7426;PEDRA SANITARIA SANI SOL 20G LAVANDA;PERFUMARIA E LIMPEZA;82117;18/06/2026;153292;80208;144;12;144;1;0;;;28
12;18739;FRALDA DESC BABYSEC ULTSEC MEGA P 42 UN;PERFUMARIA E LIMPEZA;82117;18/06/2026;153292;80208;6;6;6;1;0;;;11
12;2373;GRAO DE BICO JUREIA 400G;MERCEARIA;82117;18/06/2026;153292;80208;6;18;6;1;0;18/06/2026;VILLARROEL;1
12;2401;MILHO PIPOCA BELLA DICA 400GR;MERCEARIA;82117;18/06/2026;153292;80208;12;360;12;1;0;18/06/2026;VILLARROEL;261
12;37014;FAROFA DINDA 200G PICANHA;MERCEARIA;82117;18/06/2026;153292;80208;25;269;25;1;0;18/06/2026;VILLARROEL;10
12;7727;SAB CLOY CR 80G 6UN HIDRAT INT SORT;PERFUMARIA E LIMPEZA;82117;18/06/2026;153292;80208;12;72;24;2;0;;;32
12;22999;SAB FONTANA SENSUS 150G AMANHECER PERS;PERFUMARIA E LIMPEZA;82117;18/06/2026;153292;80208;72;0;72;1;0;;;0
12;37027;FAROFA ROCHA CASEIRA 300G TRAD;MERCEARIA;82117;18/06/2026;153292;80208;10;139;10;1;0;18/06/2026;VILLARROEL;13
12;37075;FARINHA TAPIOCA DINDA 400G TRAD;MERCEARIA;82117;18/06/2026;153292;80208;20;479;20;1;0;18/06/2026;VILLARROEL;42
12;3635;SAL MOIDO CBS 1KG;MERCEARIA;82117;18/06/2026;153292;80208;10;446;10;1;0;18/06/2026;VILLARROEL;-2
12;1498;CHOC KINDER JOY T1 20G;MERCEARIA;82117;18/06/2026;153292;80208;48;20;96;2;0;;;0
12;15295;CALDO MAGGI 57G COSTELA;MERCEARIA;82117;18/06/2026;153292;80208;10;10;70;7;0;;;61
12;10149;SAB FARNESE 180G PURO HIDR;PERFUMARIA E LIMPEZA;82117;18/06/2026;153292;80208;36;720;36;1;0;;;58
12;37021;FAROFA DINDA 200G TRAD;MERCEARIA;82117;18/06/2026;153292;80208;25;1150;25;1;0;18/06/2026;VILLARROEL;9
12;37025;FAROFA ROCHA CASEIRA 300G CEB NA MANT;MERCEARIA;82117;18/06/2026;153292;80208;10;60;20;2;0;18/06/2026;VILLARROEL;1
12;7093;MASC SEDA 300G CONC COLAGENO VIT;PERFUMARIA E LIMPEZA;82117;18/06/2026;153292;80208;6;0;6;1;0;;;10
12;5599;DESOD AERO REXONA 150ML 90G ACT EMOTION;PERFUMARIA E LIMPEZA;82117;18/06/2026;153292;80208;12;336;12;1;0;;;9
12;4246;AP PRESTOBARBA 3 2UN MASC;PERFUMARIA E LIMPEZA;82117;18/06/2026;153292;80208;12;360;120;10;0;;;0
12;5763;ENX BUC PLAX COLGATE LV750 PG500ML ODOR CONTROL;PERFUMARIA E LIMPEZA;82117;18/06/2026;153292;80208;12;84;12;1;0;;;4
12;12452;AMEND BCO BELLA DICA 400G;MERCEARIA;82117;18/06/2026;153292;80208;12;6420;24;2;0;25/06/2026;AUGUSTO;0
12;15296;CALDO MAGGI 57G LEGUMES;MERCEARIA;82117;18/06/2026;153292;80208;10;0;70;7;0;;;5
12;4263;AP VENUS SIMPLY 2UN;PERFUMARIA E LIMPEZA;82117;18/06/2026;153292;80208;12;0;24;2;0;;;0
12;18815;FRALDA PAMPERS SUPERSEQUINHA C 68 M;PERFUMARIA E LIMPEZA;82117;18/06/2026;153292;80208;2;108;8;4;0;;;11
12;2361;FEIJAO VERMELHO ARBAZA 500G;MERCEARIA;82117;18/06/2026;153292;80208;12;1185;24;2;0;18/06/2026;VILLARROEL;17
13;8604;TINT COR E TON CHOC 6 7;PERFUMARIA E LIMPEZA;82119;18/06/2026;153294;80209;6;0;6;1;0;;;12
13;12523;AP CORPO C 2;PERFUMARIA E LIMPEZA;82119;18/06/2026;153294;80209;12;108;12;1;0;;;6
13;13514;BLO LIXA P UNHA BONITTA;PERFUMARIA E LIMPEZA;82119;18/06/2026;153294;80209;1;0;1;1;0;;;3
13;5850;ESC DENTAL ORAL B PRO;PERFUMARIA E LIMPEZA;82119;18/06/2026;153294;80209;12;336;36;3;0;;;51
13;22902;REMOV ESM AMAZONIA 500ML;PERFUMARIA E LIMPEZA;82119;18/06/2026;153294;80209;12;0;12;1;0;;;10
13;2266;CAPSULA DOLCE GUSTO 170G C 10 CAPP DOCE LEITE;MERCEARIA;82119;18/06/2026;153294;80209;6;6;6;1;1;18/06/2026;ALEX JARDIM;-6
13;2390;FEIJAO BRANCO ODERICH LT 220G;MERCEARIA;82119;18/06/2026;153294;80209;24;120;24;1;1;18/06/2026;ALEX JARDIM;9
13;2874;MOLHO BARBECUE ODERICH 200G;MERCEARIA;82119;18/06/2026;153294;80209;24;0;24;1;1;18/06/2026;ALEX JARDIM;2
13;3423;CREME LEITE NESTLE TP ZR LACT 200G ZERO LACTOSE;MERCEARIA;82119;18/06/2026;153294;80209;27;0;27;0;0;18/06/2026;ALEX JARDIM;22
13;21038;MOL BARBECUE ODERICH PREMIUM 400G;MERCEARIA;82119;18/06/2026;153294;80209;12;0;12;0;0;18/06/2026;ALEX JARDIM;2
13;22796;RATICIDA RODILON ISCA 25G;PERFUMARIA E LIMPEZA;82119;18/06/2026;153294;80209;40;0;40;1;0;;;27
13;3428;CREME CEBOLA MAGGI 68G;MERCEARIA;82119;18/06/2026;153294;80209;12;0;12;1;0;;;10
13;3867;SALG PALITINHO COROA 75G;MERCEARIA;82119;18/06/2026;153294;80209;36;108;36;0;0;18/06/2026;VILLARROEL;-47
13;1713;PIPOCA DOCE KEVYTOS 50G;MERCEARIA;82119;18/06/2026;153294;80209;10;1289;50;0;0;18/06/2026;VILLARROEL;-1
13;1537;COBER COBERTOP 1 01KG CONF AO LEITE;MERCEARIA;82119;18/06/2026;153294;80209;10;130;20;0;0;18/06/2026;VILLARROEL;1
13;6021;ESPUMA BARBA BOZZANO 193G HIDRATACAO;PERFUMARIA E LIMPEZA;82119;18/06/2026;153294;80209;1;0;1;0;0;;;1
13;1992;CAFE SOL NESCAFE GOLD SH 250G SUAVE;MERCEARIA;82119;18/06/2026;153294;80209;12;0;12;1;1;18/06/2026;ALEX JARDIM;11
13;2218;CAPSULA DOLCE GUSTO 60G C 10 EXPRESSO;MERCEARIA;82119;18/06/2026;153294;80209;6;18;6;0;0;18/06/2026;ALEX JARDIM;0
13;18479;FERM PO QUIMICO GOOD INSTANT 100G;MERCEARIA;82119;18/06/2026;153294;80209;72;72;72;0;0;18/06/2026;ALEX JARDIM;25
13;6126;FRALDA CONFORTSEC PAMPERS G 38UN;PERFUMARIA E LIMPEZA;82119;18/06/2026;153294;80209;4;-4;4;1;0;;;7
13;3431;SOPA GALINHA MAGGI 60G FIDELINI;MERCEARIA;82119;18/06/2026;153294;80209;10;19;10;1;0;;;0
13;648;WHISKY MASTER GOLD VD 900ML;BEBIDAS;82119;18/06/2026;153294;80209;1;158;1;1;0;;;0
13;1466;BISC RECH NESTLE NEGRESCO 90G CHOC;MERCEARIA;82119;18/06/2026;153294;80209;66;5874;132;0;0;18/06/2026;VILLARROEL;-30
13;3232;SALG BATATA PRINGLES 104G ORIGINAL;MERCEARIA;82119;18/06/2026;153294;80209;18;0;72;0;0;18/06/2026;VILLARROEL;-6
13;3010;ADOCANTE LOWCUCAR DIET 200ML TRAD;MERCEARIA;82119;18/06/2026;153294;80209;12;0;12;0;0;18/06/2026;VILLARROEL;14
13;1423;BISC MARIA GERMANI 690G;MERCEARIA;82119;18/06/2026;153294;80209;10;158;10;0;0;18/06/2026;VILLARROEL;-10
13;1297;CHOC BARRA NESTLE 80G CRUNCH;MERCEARIA;82119;18/06/2026;153294;80209;64;0;64;0;0;18/06/2026;VILLARROEL;11
13;1637;TORRADA VISCONTI 120G INTEGRAL;MERCEARIA;82119;18/06/2026;153294;80209;32;63;32;1;1;18/06/2026;VILLARROEL;-6
13;1700;MARSHMALLOWS FOFS 220G PARA ASSAR;MERCEARIA;82119;18/06/2026;153294;80209;12;204;12;1;1;18/06/2026;VILLARROEL;0
13;1689;MARSHMALLOWS FOFS 220G BRUXOLITO PINTA;MERCEARIA;82119;18/06/2026;153294;80209;12;48;12;0;0;18/06/2026;VILLARROEL;5
13;942;AZEITE OLIV BORGES EXT VG 500ML;MERCEARIA;82119;18/06/2026;153294;80209;12;2688;12;1;1;18/06/2026;ALEX JARDIM;58
13;985;MOSTARDA ODERICH SH 1KG;MERCEARIA;82119;18/06/2026;153294;80209;6;12;30;0;0;18/06/2026;ALEX JARDIM;-6
13;1994;CAFE SOL NESCAFE GOLD SH 250G INTENSO;MERCEARIA;82119;18/06/2026;153294;80209;12;0;12;1;1;18/06/2026;ALEX JARDIM;9
13;2053;CHA MULTIERVAS REAL 10G HORTELA;MERCEARIA;82119;18/06/2026;153294;80209;30;0;30;1;1;18/06/2026;ALEX JARDIM;59
13;2206;CAPSULA DOLCE GUSTO 110G C 10 AU LAIT VANILLA;MERCEARIA;82119;18/06/2026;153294;80209;6;30;12;2;2;18/06/2026;ALEX JARDIM;-11
13;2499;KETCHUP ODERICH BISN 400G PICANTE;MERCEARIA;82119;18/06/2026;153294;80209;24;23;24;1;1;18/06/2026;ALEX JARDIM;18
13;3296;CHA REAL MULTIERVAS 15G ERVA DOCE;MERCEARIA;82119;18/06/2026;153294;80209;30;0;30;1;1;18/06/2026;ALEX JARDIM;31
13;3791;MIST P BOLO ORQUIDEA 350G LIMAO;MERCEARIA;82119;18/06/2026;153294;80209;12;24;12;1;1;18/06/2026;ALEX JARDIM;7
13;20817;MILHO VERDE FUGINI SH 1 7K;MERCEARIA;82119;18/06/2026;153294;80209;6;162;6;0;0;18/06/2026;ALEX JARDIM;14
13;36370;KETCHUP SALSARET TOP DOWN BAC CEB 3;MERCEARIA;82119;18/06/2026;153294;80209;15;75;15;0;0;18/06/2026;ALEX JARDIM;-7
13;7425;PEDRA SANITARIA SANI SOL 20G JASMIN;PERFUMARIA E LIMPEZA;82119;18/06/2026;153294;80209;144;4032;144;0;0;;;181
13;23000;SAB FONTANA SENSUS 150G FLORESCER;PERFUMARIA E LIMPEZA;82119;18/06/2026;153294;80209;72;1800;72;1;0;;;32
13;15296;CALDO MAGGI 57G LEGUMES;MERCEARIA;82119;18/06/2026;153294;80209;10;0;80;8;0;;;-8
13;1121;BISC ISABELA CREAM CRACKER 350G;MERCEARIA;82119;18/06/2026;153294;80209;24;96;24;0;0;18/06/2026;VILLARROEL;0
13;1154;BISC COOKIE NESTLE 60G NEGRE CHOC BAUN;MERCEARIA;82119;18/06/2026;153294;80209;52;104;52;0;0;18/06/2026;VILLARROEL;20
13;3306;SALG SNACK CHEEZ IT 65G CHEDDAR;MERCEARIA;82119;18/06/2026;153294;80209;20;0;20;0;0;18/06/2026;VILLARROEL;6
13;1151;BISC COOKIE PARATI 60G BAUNILHA;MERCEARIA;82119;18/06/2026;153294;80209;24;48;48;0;0;18/06/2026;VILLARROEL;-49
13;1468;BISC RECH NESTLE NEGRESCO 90G BAUNILHA;MERCEARIA;82119;18/06/2026;153294;80209;66;1452;66;0;0;18/06/2026;VILLARROEL;-8
13;1272;CHOC BARRA GAROTO CHOC BCO 80G;MERCEARIA;82119;18/06/2026;153294;80209;64;192;128;0;0;18/06/2026;VILLARROEL;-11
13;33373;DESO AERO AXE 200ML BLACK ALE E CED;PERFUMARIA E LIMPEZA;82119;18/06/2026;153294;80209;12;1524;12;1;0;;;3
13;23108;SABON PALMOLIVE 150G ARGILA EUCALIP;PERFUMARIA E LIMPEZA;82119;18/06/2026;153294;80209;72;144;72;1;0;;;17
13;2117;CAFE SOL NESCAFE GOLD SH 40G SUAVE;MERCEARIA;82119;18/06/2026;153294;80209;24;48;24;1;1;18/06/2026;ALEX JARDIM;-11
13;2232;CAPSULA DOLCE GUSTO 117G C 10 CAPPUCCINO;MERCEARIA;82119;18/06/2026;153294;80209;6;42;54;0;0;18/06/2026;ALEX JARDIM;0
13;2323;ATUM SOLIDO NAUTIQUE 170G EM OLEO;MERCEARIA;82119;18/06/2026;153294;80209;24;96;24;0;0;18/06/2026;ALEX JARDIM;45
13;2915;ACHOC LIQ NESCAU 180ML ZERO LACTOSE;MERCEARIA;82119;18/06/2026;153294;80209;27;378;54;0;0;18/06/2026;ALEX JARDIM;5
13;1256;BISC DOCE PARATI ROSCA 250G NATA;MERCEARIA;82119;18/06/2026;153294;80209;16;48;16;0;0;18/06/2026;VILLARROEL;37
13;997;BISC MUCILON LANCHINHO 35G TRAD;MERCEARIA;82119;18/06/2026;153294;80209;15;30;15;1;1;18/06/2026;VILLARROEL;19
13;13402;BISC DOCE NESTLE CHOCO TRIO 90G LEITE;MERCEARIA;82119;18/06/2026;153294;80209;12;600;36;0;0;18/06/2026;VILLARROEL;35
13;1575;BISC SALG GERMANI GRISSINI 175G;MERCEARIA;82119;18/06/2026;153294;80209;16;336;16;0;0;18/06/2026;VILLARROEL;7
13;3287;SALG KEVYTOS SHOW 38G PRESUNTO;MERCEARIA;82119;18/06/2026;153294;80209;20;1400;20;0;0;18/06/2026;VILLARROEL;15
13;3271;SALG OBBA 100G CHURRASCO;MERCEARIA;82119;18/06/2026;153294;80209;10;520;10;0;0;18/06/2026;VILLARROEL;-20
13;1860;WAFER MINUETO ROLINHO 40G MORANGO;MERCEARIA;82119;18/06/2026;153294;80209;24;0;24;1;1;18/06/2026;VILLARROEL;0
13;1612;BISC SALG PARATI 270G MIGNON;MERCEARIA;82119;18/06/2026;153294;80209;12;59;12;1;1;18/06/2026;VILLARROEL;7
13;13104;BAT PALHA BIG MAIS TRAD 80G;PERECIVEIS;82119;18/06/2026;153294;80209;40;40;40;0;0;18/06/2026;VILLARROEL;3
13;1813;BALA GOMA DORI GOMETS 70G SINO;MERCEARIA;82119;18/06/2026;153294;80209;30;150;30;0;0;18/06/2026;VILLARROEL;-14
13;1523;CHOC KI KAKAU 680G BOLIBOL PT;MERCEARIA;82119;18/06/2026;153294;80209;12;36;12;0;0;18/06/2026;VILLARROEL;6
13;1240;CHOC BARRA NEUGEBAUER 80G COOKIES;MERCEARIA;82119;18/06/2026;153294;80209;64;193;64;0;0;18/06/2026;VILLARROEL;11
13;805;KETCHUP ODERICH SH 7G C 140 UN;MERCEARIA;82119;18/06/2026;153294;80209;1;9;1;1;1;18/06/2026;ALEX JARDIM;-1
13;2160;CHA PRENDA 20G MACA E CANELA;MERCEARIA;82119;18/06/2026;153294;80209;20;59;20;1;1;18/06/2026;ALEX JARDIM;28
13;2221;CAPSULA DOLCE GUSTO 80G C 10 CAFE CASEIRO;MERCEARIA;82119;18/06/2026;153294;80209;6;6;12;2;2;18/06/2026;ALEX JARDIM;-6
13;2229;CAPSULA DOLCE GUSTO 70G C 10 LUNGO;MERCEARIA;82119;18/06/2026;153294;80209;6;48;6;0;0;18/06/2026;ALEX JARDIM;0
13;2327;ATUM SOLIDO NAUTIQUE 170G NATURAL;MERCEARIA;82119;18/06/2026;153294;80209;24;0;24;0;0;18/06/2026;ALEX JARDIM;-19
13;2377;ATUM SOLIDO G COSTA 170G OLEO;MERCEARIA;82119;18/06/2026;153294;80209;24;0;24;0;0;18/06/2026;ALEX JARDIM;-1
13;2953;ACHOC PO APTI SH 700G INSTANT POWER;MERCEARIA;82119;18/06/2026;153294;80209;12;1224;12;0;0;18/06/2026;ALEX JARDIM;-14
13;19803;KIT SH CD PANTENE 300 150ML EQUILIBRIO;PERFUMARIA E LIMPEZA;82119;18/06/2026;153294;80209;6;204;12;2;0;;;9
13;3191;SALG KEVYTOS BACON 13G C 50;MERCEARIA;82119;18/06/2026;153294;80209;10;128;40;0;0;18/06/2026;VILLARROEL;3
13;3181;SALG KEVYTOS SHOW 38G BACON;MERCEARIA;82119;18/06/2026;153294;80209;20;2280;20;0;0;18/06/2026;VILLARROEL;184
13;3224;SALG BATATA PRINGLES 109G CHURRASCO;MERCEARIA;82119;18/06/2026;153294;80209;18;0;18;0;0;18/06/2026;VILLARROEL;20
13;13381;BISC LEITE PARATI 370G;MERCEARIA;82119;18/06/2026;153294;80209;20;20;20;1;1;18/06/2026;VILLARROEL;15
13;1169;BISC RECH OREO MINI CHOC BAUN 35G;MERCEARIA;82119;18/06/2026;153294;80209;40;160;40;0;0;18/06/2026;VILLARROEL;2
13;23373;SALG KRUKS 35G QJO;MERCEARIA;82119;18/06/2026;153294;80209;10;300;10;0;0;18/06/2026;VILLARROEL;7
13;1832;BALA GOMA DORI GOMETS 700G SINO;MERCEARIA;82119;18/06/2026;153294;80209;12;0;12;0;0;18/06/2026;VILLARROEL;-20
13;1288;CHOC BARRA NESTLE 80G CLASSIC DUO;MERCEARIA;82119;18/06/2026;153294;80209;64;609;128;0;0;18/06/2026;VILLARROEL;-5
13;7727;SAB CLOY CR 80G 6UN HIDRAT INT SORT;PERFUMARIA E LIMPEZA;82119;18/06/2026;153294;80209;12;72;24;2;0;;;32
13;10148;SAB FARNESE 180G PITAYA FRAMB;PERFUMARIA E LIMPEZA;82119;18/06/2026;153294;80209;36;1008;36;1;0;;;64
13;4258;AP PROBAK II LV7 PG5;PERFUMARIA E LIMPEZA;82119;18/06/2026;153294;80209;1;277;107;107;0;;;5
13;7241;ESC DENTAL ORAL B INDICA BLACK L2P1;PERFUMARIA E LIMPEZA;82119;18/06/2026;153294;80209;12;144;24;2;0;;;0
13;2030;CAFE SOL 3C CAPPUCCINO SH 20G CLASSIC;MERCEARIA;82119;18/06/2026;153294;80209;50;0;50;0;0;18/06/2026;ALEX JARDIM;0
13;2157;CAPSULA DOLCE GUSTO 80G C 10 ESPRES INTENSO;MERCEARIA;82119;18/06/2026;153294;80209;6;0;6;0;0;18/06/2026;ALEX JARDIM;0
13;2214;CAPSULA DOLCE GUSTO 80G C 10 MATINAL;MERCEARIA;82119;18/06/2026;153294;80209;6;18;6;0;0;18/06/2026;ALEX JARDIM;-3
13;2216;CAPSULA DOLCE GUSTO 100G C 10 CAFE AU LAIT;MERCEARIA;82119;18/06/2026;153294;80209;6;222;6;1;1;18/06/2026;ALEX JARDIM;0
13;2369;ERVILHA OLE LT 170G;MERCEARIA;82119;18/06/2026;153294;80209;24;552;24;0;0;18/06/2026;ALEX JARDIM;-6
13;2534;DOCE DIFRUTTI 1 010KG MORANGO;MERCEARIA;82119;18/06/2026;153294;80209;6;6;6;1;1;18/06/2026;ALEX JARDIM;1
13;3413;CREME LEITE ELEGE TP 200G LEVISSIMO;MERCEARIA;82119;18/06/2026;153294;80209;24;120;24;0;0;18/06/2026;ALEX JARDIM;13
13;3851;MOLHO TOM SALSARETTI SH 300G PASSATA RUSTICA;MERCEARIA;82119;18/06/2026;153294;80209;32;128;32;0;0;18/06/2026;ALEX JARDIM;0
13;33371;MIST P BOLO APTI 380G CHOC E COCO;MERCEARIA;82119;18/06/2026;153294;80209;12;720;12;0;0;18/06/2026;ALEX JARDIM;25
13;7878;SABONETE DOVE 90G KARITE BAUNILHA;PERFUMARIA E LIMPEZA;82119;18/06/2026;153294;80209;48;5808;48;1;0;;;3
13;5250;CR DENT CLOSE UP 70G TRIPLE HORTELA;PERFUMARIA E LIMPEZA;82119;18/06/2026;153294;80209;72;216;72;1;0;;;-1
13;13059;BANHEIRA ADOLETA INF 20L ROSA BEBE;PERFUMARIA E LIMPEZA;82119;18/06/2026;153294;80209;1;1;1;1;0;;;2
13;2302;FEIJAO BRANCO CALDO OURO 500G;MERCEARIA;82119;18/06/2026;153294;80209;10;636;10;1;1;25/06/2026;AUGUSTO;22
13;1646;TORRADA BAUDUCCO 284G MULTIGRAOS;MERCEARIA;82119;18/06/2026;153294;80209;20;100;20;0;0;18/06/2026;VILLARROEL;2
13;1291;BISC DOCE DOMELLY GLACEADO 280G BCO;MERCEARIA;82119;18/06/2026;153294;80209;20;1139;20;1;1;18/06/2026;VILLARROEL;9
13;1028;BISC AGUA E SAL ZEZE 200G;MERCEARIA;82119;18/06/2026;153294;80209;24;0;24;0;0;18/06/2026;VILLARROEL;-15
13;1522;BISC RECH BAUDUCCO RECHEADINHO 104G CHOC;MERCEARIA;82119;18/06/2026;153294;80209;45;450;45;0;0;18/06/2026;VILLARROEL;-5
13;3229;SALG BATATA PRINGLES 105G CHEDDAR BACON;MERCEARIA;82119;18/06/2026;153294;80209;18;288;18;1;1;18/06/2026;VILLARROEL;-17
13;16485;CONF PIETROBON PIT20G;MERCEARIA;82119;18/06/2026;153294;80209;50;150;100;0;0;18/06/2026;VILLARROEL;-34
13;1492;CHOC KI KAKAU BOLIBOL C 50;MERCEARIA;82119;18/06/2026;153294;80209;20;199;20;0;0;18/06/2026;VILLARROEL;20
13;1694;MARSHMALLOWS FOFS 220G PRINCESS;MERCEARIA;82119;18/06/2026;153294;80209;12;516;12;0;0;18/06/2026;VILLARROEL;-1
13;23002;SAB FONTANA SENSUS 150G LIMA LIMAO ORI;PERFUMARIA E LIMPEZA;82119;18/06/2026;153294;80209;72;1440;72;1;0;;;38
13;17317;DESOD ROLLON REXONA 50ML XTRA COOL;PERFUMARIA E LIMPEZA;82119;18/06/2026;153294;80209;12;3;24;2;0;;;0
13;5028;COND PANTENE 175ML HIDRATACAO;PERFUMARIA E LIMPEZA;82119;18/06/2026;153294;80209;6;2;6;1;0;;;5
13;7490;POMADA NUGGET 36G PRETA;PERFUMARIA E LIMPEZA;82119;18/06/2026;153294;80209;12;0;12;1;0;;;15
13;876;MAIONESE ODERICH SH 7G C 140;MERCEARIA;82119;18/06/2026;153294;80209;1;1;1;0;0;18/06/2026;ALEX JARDIM;-2
13;996;BISC MUCILON LANCHINHO 35G TOMATE;MERCEARIA;82119;18/06/2026;153294;80209;15;75;15;0;0;18/06/2026;ALEX JARDIM;15
13;2119;CAFE SOL NESCAFE SH40G DESCAF;MERCEARIA;82119;18/06/2026;153294;80209;24;96;24;0;0;18/06/2026;ALEX JARDIM;-23
13;2960;ACHOC TODDY PT 370G ORIGINAL;MERCEARIA;82119;18/06/2026;153294;80209;24;2159;48;0;0;18/06/2026;ALEX JARDIM;2
13;3006;AVEIA FLOCOS FINOS SOBERANA 500G;MERCEARIA;82119;18/06/2026;153294;80209;12;167;12;1;1;18/06/2026;ALEX JARDIM;2
13;3094;MOSTARDA ODERICH 190G PICANTE;MERCEARIA;82119;18/06/2026;153294;80209;24;120;24;0;0;18/06/2026;ALEX JARDIM;-2
13;15540;CAP DOLCE GUSTO LATTE MACCHIA C 10;MERCEARIA;82119;18/06/2026;153294;80209;6;54;36;2;2;18/06/2026;ALEX JARDIM;-31
13;7948;SABON PALMOLIVE NATURALS 150G OLEO ARGAN;PERFUMARIA E LIMPEZA;82119;18/06/2026;153294;80209;72;-72;72;1;0;;;0
13;5551;DESOD AERO MONANGE 90G FLOR DE LAVANDA;PERFUMARIA E LIMPEZA;82119;18/06/2026;153294;80209;12;312;12;1;0;;;0
13;18739;FRALDA DESC BABYSEC ULTSEC MEGA P 42 UN;PERFUMARIA E LIMPEZA;82119;18/06/2026;153294;80209;6;6;6;1;0;;;2
13;3433;SOPA CARNE MAGGI 63G CONCHINHAS;MERCEARIA;82119;18/06/2026;153294;80209;10;0;10;1;0;;;0
13;3397;CALDO APTI 19G LEGUMES;MERCEARIA;82119;18/06/2026;153294;80209;24;4320;24;1;0;;;73
13;3295;SALG KEVYTOS SHOW 38G QUEIJO;MERCEARIA;82119;18/06/2026;153294;80209;20;1380;40;0;0;18/06/2026;VILLARROEL;1
13;1403;BISC LEITE BAUDUCCO 335G GOTAS CHOC;MERCEARIA;82119;18/06/2026;153294;80209;24;24;24;0;0;18/06/2026;VILLARROEL;5
13;1312;BISC DOCE ZEZE BOLO DE MEL 300G;MERCEARIA;82119;18/06/2026;153294;80209;15;15;15;0;0;18/06/2026;VILLARROEL;5
13;1977;TURRON Y MANI ARCOR 25G;MERCEARIA;82119;18/06/2026;153294;80209;50;5400;100;2;2;18/06/2026;VILLARROEL;17
13;3446;CHOC GRAN DORI 500G ORIGINAL;MERCEARIA;82119;18/06/2026;153294;80209;16;80;16;0;0;18/06/2026;VILLARROEL;1
13;3183;SALG KEVYTOS 55G BACON;MERCEARIA;82119;18/06/2026;153294;80209;25;1050;25;0;0;18/06/2026;VILLARROEL;-3
13;22118;POM MASSAG BIO CANELA VELHO 150ML;PERFUMARIA E LIMPEZA;82119;18/06/2026;153294;80209;12;0;12;1;0;;;0
13;2029;CAFE SOL 3C CAPPUCCINO SH 20G BAUNILHA;MERCEARIA;82119;18/06/2026;153294;80209;50;19;50;1;1;18/06/2026;ALEX JARDIM;-25
13;2102;CHA PRENDA 16G PRETO C CRAVO;MERCEARIA;82119;18/06/2026;153294;80209;20;-60;20;0;0;18/06/2026;ALEX JARDIM;22
13;2469;SELETA LEGUMES ODERICH LT 200G;PERECIVEIS;82119;18/06/2026;153294;80209;24;264;48;0;0;18/06/2026;ALEX JARDIM;-40
13;3075;MOLHO ODERICH 220G CHEDDAR;MERCEARIA;82119;18/06/2026;153294;80209;12;12;12;0;0;18/06/2026;ALEX JARDIM;6
13;7426;PEDRA SANITARIA SANI SOL 20G LAVANDA;PERFUMARIA E LIMPEZA;82119;18/06/2026;153294;80209;144;12;144;1;0;;;173
13;7424;PEDRA SANITARIA SANI SOL 20G FLORAL;PERFUMARIA E LIMPEZA;82119;18/06/2026;153294;80209;144;144;144;1;0;;;99
13;15295;CALDO MAGGI 57G COSTELA;MERCEARIA;82119;18/06/2026;153294;80209;10;10;100;10;0;;;0
13;1370;BISC CEREALE INTEG 141G MACA UVA PASSA;MERCEARIA;82119;18/06/2026;153294;80209;50;0;50;1;1;18/06/2026;VILLARROEL;7
13;3153;SALG KEVYTOS 80G BACONYTOS;MERCEARIA;82119;18/06/2026;153294;80209;10;910;10;0;0;18/06/2026;VILLARROEL;12
13;3270;SALG KEVYTOS 55G CHURRASCO;MERCEARIA;82119;18/06/2026;153294;80209;25;1275;25;0;0;18/06/2026;VILLARROEL;-1
13;23397;SALG SNACK DOMELLY POLV 40G QJO;MERCEARIA;82119;18/06/2026;153294;80209;24;144;24;0;0;18/06/2026;VILLARROEL;12
13;3225;SALG BATATA PRINGLES 109G QUEIJO;MERCEARIA;82119;18/06/2026;153294;80209;18;0;36;0;0;18/06/2026;VILLARROEL;-7
13;3016;ADOCANTE MAGRO 200ML;MERCEARIA;82119;18/06/2026;153294;80209;12;0;12;0;0;18/06/2026;VILLARROEL;7
13;13697;BOMBOM ARCOR SORT 146G;MERCEARIA;82119;18/06/2026;153294;80209;30;812;30;0;0;18/06/2026;VILLARROEL;14
13;1277;BISC DOCE PARATI ROSCA 250G CHOCOLATE;MERCEARIA;82119;18/06/2026;153294;80209;16;49;16;0;0;18/06/2026;VILLARROEL;8
13;1118;BALA PIETROBON 170G HORTELA;MERCEARIA;82119;18/06/2026;153294;80209;40;0;40;0;0;18/06/2026;VILLARROEL;2
13;2998;AVEIA FLOCOS FINOS NESTLE 170G;MERCEARIA;82119;18/06/2026;153294;80209;28;56;28;1;1;18/06/2026;VILLARROEL;9
13;34564;CREME JOAO E MARIA 40G P ASSADURA;PERFUMARIA E LIMPEZA;82119;18/06/2026;153294;80209;1;2;6;6;0;;;7
13;13403;BISC DOCE NESTLE CHOCO TRIO 90G PRESTIGIO;MERCEARIA;82366;18/06/2026;153701;80883;12;3;60;5;0;;;33
14;1397;CHOC NESTLE CHOKITO 32G UN;MERCEARIA;82121;18/06/2026;153296;80203;30;0;30;1;0;25/06/2026;ALEX JARDIM;15
14;8296;SH PANTENE 200ML BAMBU;PERFUMARIA E LIMPEZA;82121;18/06/2026;153296;80203;6;156;6;1;0;25/06/2026;ALEX JARDIM;1
14;38620;SH DOVE HID E HIL VIT 370ML;PERFUMARIA E LIMPEZA;82121;18/06/2026;153296;80203;1;2;1;1;0;;;1
14;7727;SAB CLOY CR 80G 6UN HIDRAT INT SORT;PERFUMARIA E LIMPEZA;82121;18/06/2026;153296;80203;12;72;12;1;0;;;20
14;5845;ESC DENTAL ORAL B INDICAT35 L2P1;PERFUMARIA E LIMPEZA;82121;18/06/2026;153296;80203;1;0;5;5;0;25/06/2026;ALEX JARDIM;2
14;38621;MASC DOVE RECONST E AMINOACIDO 320G;PERFUMARIA E LIMPEZA;82121;18/06/2026;153296;80203;1;1;1;1;0;;;1
14;13514;BLO LIXA P UNHA BONITTA;PERFUMARIA E LIMPEZA;82121;18/06/2026;153296;80203;1;0;1;1;0;25/06/2026;ALEX JARDIM;0
14;3428;CREME CEBOLA MAGGI 68G;MERCEARIA;82121;18/06/2026;153296;80203;12;0;12;1;0;25/06/2026;ALEX JARDIM;15
14;3433;SOPA CARNE MAGGI 63G CONCHINHAS;MERCEARIA;82121;18/06/2026;153296;80203;10;0;10;1;0;25/06/2026;ALEX JARDIM;25
14;24816;TINTURA BELAECOR 147G 3 0 CASTANHO E;PERFUMARIA E LIMPEZA;82121;18/06/2026;153296;80203;6;0;6;1;0;25/06/2026;ALEX JARDIM;4
14;35674;SAB IARA 300G;PERFUMARIA E LIMPEZA;82121;18/06/2026;153296;80203;28;0;28;1;0;;;53
14;7420;PEDRA SANIT HARPIC 20G LAVANDA LAVANDA;PERFUMARIA E LIMPEZA;82121;18/06/2026;153296;80203;36;0;72;2;0;25/06/2026;ALEX JARDIM;30
14;38618;CREME DE PENTEAR SEDA BOOM DEF 1KG;PERFUMARIA E LIMPEZA;82121;18/06/2026;153296;80203;1;1;1;1;0;;;1
14;7425;PEDRA SANITARIA SANI SOL 20G JASMIN;PERFUMARIA E LIMPEZA;82121;18/06/2026;153296;80203;144;4032;144;0;0;;;156
14;7424;PEDRA SANITARIA SANI SOL 20G FLORAL;PERFUMARIA E LIMPEZA;82121;18/06/2026;153296;80203;144;144;144;1;0;;;222
14;35236;BOMBOM LACTA OREO 20G;MERCEARIA;82121;18/06/2026;153296;80203;27;2538;27;1;0;25/06/2026;ALEX JARDIM;-46
14;15296;CALDO MAGGI 57G LEGUMES;MERCEARIA;82121;18/06/2026;153296;80203;10;0;80;8;0;25/06/2026;ALEX JARDIM;8
14;15295;CALDO MAGGI 57G COSTELA;MERCEARIA;82121;18/06/2026;153296;80203;10;10;100;10;0;25/06/2026;ALEX JARDIM;-29
14;2842;MASSA C OVOS DOMELLY 500G ESPAGUETE;MERCEARIA;82121;18/06/2026;153296;80203;20;20;20;0;0;18/06/2026;MARCOS M;38
14;7426;PEDRA SANITARIA SANI SOL 20G LAVANDA;PERFUMARIA E LIMPEZA;82121;18/06/2026;153296;80203;144;12;144;1;0;;;277
14;10145;SAB FARNESE 180G ERV DOCE VERB;PERFUMARIA E LIMPEZA;82121;18/06/2026;153296;80203;36;1404;36;1;0;;;70
14;3431;SOPA GALINHA MAGGI 60G FIDELINI;MERCEARIA;82121;18/06/2026;153296;80203;10;19;10;1;0;25/06/2026;ALEX JARDIM;12
14;1269;CHOC BARRA LACTA 80G LAKA;MERCEARIA;82121;18/06/2026;153296;80203;17;0;17;1;0;25/06/2026;ALEX JARDIM;2
14;1276;CHOC BARRA GAROTO 80G MEIO AMARGO;MERCEARIA;82121;18/06/2026;153296;80203;16;0;16;1;0;25/06/2026;ALEX JARDIM;-15
14;33220;DESOD CR DOVE 50ML PREV IRRITACAO;PERFUMARIA E LIMPEZA;82121;18/06/2026;153296;80203;12;96;12;1;0;;;10
14;5763;ENX BUC PLAX COLGATE LV750 PG500ML ODOR CONTROL;PERFUMARIA E LIMPEZA;82121;18/06/2026;153296;80203;12;84;12;1;0;;;6
14;13403;BISC DOCE NESTLE CHOCO TRIO 90G PRESTIGIO;MERCEARIA;82368;18/06/2026;153702;80884;12;3;36;0;0;22/06/2026;ALEX JARDIM;37
17;8223;KIT ELSEVE SH COND 375ML 170ML RT5;PERFUMARIA E LIMPEZA;82123;18/06/2026;153298;80210;6;0;6;1;0;;;8
17;5021;COND PANTENE 150ML COLAGENO;PERFUMARIA E LIMPEZA;82123;18/06/2026;153298;80210;12;24;24;2;0;;;1
17;23114;SAB PALMOLIVE 85G TANGERINA ALEC;PERFUMARIA E LIMPEZA;82123;18/06/2026;153298;80210;108;5400;108;1;0;;;46
17;35674;SAB IARA 300G;PERFUMARIA E LIMPEZA;82123;18/06/2026;153298;80210;28;0;28;1;0;;;-49
17;35687;DESOD CREME SECRET CLEAR COTT 45G GEL;PERFUMARIA E LIMPEZA;82123;18/06/2026;153298;80210;1;0;1;1;0;;;3
17;4259;AP PRESTOBARBA ULTRA GRIP 2UN;PERFUMARIA E LIMPEZA;82123;18/06/2026;153298;80210;12;456;12;1;0;;;1
17;7423;PEDRA SANITARIA SANI SOL 20G EUCALIPTO;PERFUMARIA E LIMPEZA;82123;18/06/2026;153298;80210;144;288;144;0;0;25/06/2026;ALEXSANDRO;379
17;7936;SABONETE NIVEA 85G LAVANDA;PERFUMARIA E LIMPEZA;82123;18/06/2026;153298;80210;96;672;96;1;0;;;-49
17;1845;DROPS FREEGELLS 27 9G EUCALIPTO;MERCEARIA;82123;18/06/2026;153298;80210;12;804;12;1;0;;;5
17;15295;CALDO MAGGI 57G COSTELA;MERCEARIA;82123;18/06/2026;153298;80210;10;10;90;9;0;;;23
17;7093;MASC SEDA 300G CONC COLAGENO VIT;PERFUMARIA E LIMPEZA;82123;18/06/2026;153298;80210;6;0;6;1;0;;;11
17;5565;DESOD AERO NIVEA 90G DRY IMPACT;PERFUMARIA E LIMPEZA;82123;18/06/2026;153298;80210;12;2;24;24;0;;;-9
17;9231;CR TRAT VINI LADY SC 700G COCO NUTRICAO;PERFUMARIA E LIMPEZA;82123;18/06/2026;153298;80210;12;0;12;1;0;;;-7
17;18942;GEL AMAZONIA ARNICA 235G;PERFUMARIA E LIMPEZA;82123;18/06/2026;153298;80210;24;0;24;1;0;;;4
17;23001;SAB FONTANA SENSUS 150G FOR MEN;PERFUMARIA E LIMPEZA;82123;18/06/2026;153298;80210;72;1440;72;1;0;;;-27
17;4143;AMAC CONC COMFORT 1L FIBER PROT GLAM;PERFUMARIA E LIMPEZA;82123;18/06/2026;153298;80210;12;27;24;0;0;25/06/2026;ALEXSANDRO;0
17;15296;CALDO MAGGI 57G LEGUMES;MERCEARIA;82123;18/06/2026;153298;80210;10;0;70;7;0;;;-27
17;23118;SAB PALMOLIVE NATURALS 85G AMORA;PERFUMARIA E LIMPEZA;82123;18/06/2026;153298;80210;108;1848;108;1;0;;;13
17;9594;GIRASSOL CBS 250G;PRODUTOS PET;82123;18/06/2026;153298;80210;12;0;12;0;0;19/06/2026;JOCELAINE;24
17;5540;DESOD AERO DOVE 89G 150ML S PERFUME;PERFUMARIA E LIMPEZA;82123;18/06/2026;153298;80210;12;36;12;1;0;;;12
17;10181;SAB POMPOM 80G HIDRATANTE;PERFUMARIA E LIMPEZA;82123;18/06/2026;153298;80210;12;2064;36;3;0;;;166
17;13514;BLO LIXA P UNHA BONITTA;PERFUMARIA E LIMPEZA;82123;18/06/2026;153298;80210;1;0;1;1;0;;;4
17;7095;MASC SEDA 300G CONC LUMINOUS UV;PERFUMARIA E LIMPEZA;82123;18/06/2026;153298;80210;6;0;6;1;0;;;10
17;3383;CALDO APTI 19G GALINHA;MERCEARIA;82123;18/06/2026;153298;80210;24;1080;48;2;0;;;42
17;881;REFRIG FRUKI GUARANA LT 350ML GUARANA;BEBIDAS;82123;18/06/2026;153298;80210;12;48;12;0;0;25/06/2026;MARCOS M;24
17;7425;PEDRA SANITARIA SANI SOL 20G JASMIN;PERFUMARIA E LIMPEZA;82123;18/06/2026;153298;80210;144;4032;144;0;0;;;178
17;12411;AMACIANTE GIRANDO SOL 500ML COCO;PERFUMARIA E LIMPEZA;82123;18/06/2026;153298;80210;12;24;12;0;0;25/06/2026;ALEXSANDRO;4
17;7424;PEDRA SANITARIA SANI SOL 20G FLORAL;PERFUMARIA E LIMPEZA;82123;18/06/2026;153298;80210;144;144;144;1;0;;;152
17;3433;SOPA CARNE MAGGI 63G CONCHINHAS;MERCEARIA;82123;18/06/2026;153298;80210;10;0;40;4;0;;;1
17;3428;CREME CEBOLA MAGGI 68G;MERCEARIA;82123;18/06/2026;153298;80210;12;0;12;1;0;;;51
17;5572;DESOD AERO NIVEA 97G BLACK WHITE CLEAR;PERFUMARIA E LIMPEZA;82123;18/06/2026;153298;80210;12;72;12;12;0;;;7
17;3431;SOPA GALINHA MAGGI 60G FIDELINI;MERCEARIA;82123;18/06/2026;153298;80210;10;19;20;2;0;;;8
17;1744;CHICLE FREEGELLS GUM 8G TUTTI FRUTTI;MERCEARIA;82123;18/06/2026;153298;80210;15;0;15;1;0;;;6
17;9996;PETISCO FRISKIES 40G FRANGO;PRODUTOS PET;82123;18/06/2026;153298;80210;15;0;30;0;0;19/06/2026;JOCELAINE;2
17;4256;AP PRESTOBARBA ULTRAGRIP 3L CART2UN;PERFUMARIA E LIMPEZA;82123;18/06/2026;153298;80210;1;0;1;1;0;;;0
17;8858;AP PROBAK II 2UN;PERFUMARIA E LIMPEZA;82123;18/06/2026;153298;80210;14;3934;14;1;0;;;166
17;7426;PEDRA SANITARIA SANI SOL 20G LAVANDA;PERFUMARIA E LIMPEZA;82123;18/06/2026;153298;80210;144;12;288;2;0;;;172
17;18768;FRALDA DESC MILI LOVECARE JUMBO G C 30;PERFUMARIA E LIMPEZA;82123;18/06/2026;153298;80210;6;0;6;1;0;;;3
17;1264;CHOC BARRA LACTA 80G LAKA OREO;MERCEARIA;82123;18/06/2026;153298;80210;17;-17;17;1;0;;;5
17;10283;SH MONANGE 325ML REST Q GOSTO;PERFUMARIA E LIMPEZA;82123;18/06/2026;153298;80210;12;0;12;1;0;;;1
17;827;REFRIG PEPSI TWIST PET 2L;BEBIDAS;82222;18/06/2026;153496;80338;8;104;40;5;0;19/06/2026;GABRIELL2;10
17;1288;CHOC BARRA NESTLE 80G CLASSIC DUO;MERCEARIA;82222;18/06/2026;153496;80338;64;609;64;1;0;19/06/2026;JOCELAINE;49
17;13403;BISC DOCE NESTLE CHOCO TRIO 90G PRESTIGIO;MERCEARIA;82370;18/06/2026;153703;80885;12;3;60;5;0;;;-166
18;1294;CHOC BARRA NESTLE 80G AO LEITE;MERCEARIA;82125;18/06/2026;153300;80216;64;0;64;0;0;;;17
18;2019;CANJIQUINHA JUREIA 500G;MERCEARIA;82125;18/06/2026;153300;80216;12;48;12;1;0;25/06/2026;ALEXANDRE;24
18;3431;SOPA GALINHA MAGGI 60G FIDELINI;MERCEARIA;82125;18/06/2026;153300;80216;10;19;10;1;0;;;-4
18;7232;OLEO KING 100ML MULTIUSO;PERFUMARIA E LIMPEZA;82125;18/06/2026;153300;80216;6;78;18;3;0;;;13
18;7385;PAST ADES HARPIC 2EM1 L3 P2 PINHO;PERFUMARIA E LIMPEZA;82125;18/06/2026;153300;80216;24;48;24;1;0;;;21
18;6617;KIT SH SEDA SH 300 COND 190ML LISO PERFEITO;PERFUMARIA E LIMPEZA;82125;18/06/2026;153300;80216;15;2445;30;2;0;;;72
18;2212;ARROZ PARBO PRATO FINO TP1 1KG;MERCEARIA;82125;18/06/2026;153300;80216;10;0;10;1;0;25/06/2026;ALEXANDRE;25
18;3428;CREME CEBOLA MAGGI 68G;MERCEARIA;82125;18/06/2026;153300;80216;12;0;24;2;0;;;16
18;6210;DESOD SANIT ADES GOTA LIMPA 41G 7D LAVANDA;PERFUMARIA E LIMPEZA;82125;18/06/2026;153300;80216;12;0;12;1;0;;;14
18;7093;MASC SEDA 300G CONC COLAGENO VIT;PERFUMARIA E LIMPEZA;82125;18/06/2026;153300;80216;6;0;6;1;0;;;12
18;36;AGUA MIN CRYSTAL PET 500ML C GAS;BEBIDAS;82125;18/06/2026;153300;80216;12;3516;12;1;0;25/06/2026;MARCOS M;176
18;33266;REFRIG FRUKI PET 3 L LARANJA;BEBIDAS;82125;18/06/2026;153300;80216;4;680;8;2;0;25/06/2026;MARCOS M;89
18;396;ENERG MONSTER LT 473ML ULTRA;BEBIDAS;82125;18/06/2026;153300;80216;6;69;6;1;0;25/06/2026;MARCOS M;-65
18;9145;COND SEDA GLYCOL VIT C 425ML;PERFUMARIA E LIMPEZA;82125;18/06/2026;153300;80216;12;9;12;1;0;;;5
18;7424;PEDRA SANITARIA SANI SOL 20G FLORAL;PERFUMARIA E LIMPEZA;82125;18/06/2026;153300;80216;144;144;288;2;0;;;313
18;1276;CHOC BARRA GAROTO 80G MEIO AMARGO;MERCEARIA;82125;18/06/2026;153300;80216;16;0;16;1;0;;;-10
18;7398;PASTILHA PATO PROMO 3UN FLORAL;PERFUMARIA E LIMPEZA;82125;18/06/2026;153300;80216;24;0;48;2;0;;;76
18;128;CERV SKOL PILSEN GF 300ML RETORNAVEL;BEBIDAS;82125;18/06/2026;153300;80216;23;161;23;1;0;25/06/2026;MARCOS M;-73
18;1744;CHICLE FREEGELLS GUM 8G TUTTI FRUTTI;MERCEARIA;82125;18/06/2026;153300;80216;15;0;15;1;0;;;4
18;10171;SAB LIQ SENSUS LUXO RF 220ML HIDRATE;PERFUMARIA E LIMPEZA;82125;18/06/2026;153300;80216;18;252;18;1;0;;;7
18;24323;SH GENIAL PET 2 EM 1 500ML;PRODUTOS PET;82125;18/06/2026;153300;80216;1;0;1;1;0;;;6
18;33255;REFRIG CHARRUA PET 3L GUARANA;BEBIDAS;82125;18/06/2026;153300;80216;6;90;6;1;0;25/06/2026;MARCOS M;437
18;774;REFRIG FRUKI PET 200ML UVA;BEBIDAS;82125;18/06/2026;153300;80216;12;36;12;1;0;25/06/2026;MARCOS M;4
18;814;REFRIGC COLA FRUKI PET 2 L COLA ZERO;BEBIDAS;82125;18/06/2026;153300;80216;6;0;6;1;1;25/06/2026;MARCOS M;22
18;15295;CALDO MAGGI 57G COSTELA;MERCEARIA;82125;18/06/2026;153300;80216;10;10;100;10;0;;;18
18;1295;CHOC BARRA NESTLE 80G DIPLOMATA;MERCEARIA;82125;18/06/2026;153300;80216;64;496;64;1;0;;;-143
18;5028;COND PANTENE 175ML HIDRATACAO;PERFUMARIA E LIMPEZA;82125;18/06/2026;153300;80216;6;2;6;1;0;;;8
18;5763;ENX BUC PLAX COLGATE LV750 PG500ML ODOR CONTROL;PERFUMARIA E LIMPEZA;82125;18/06/2026;153300;80216;12;84;12;1;0;;;9
18;633;VODKA TAIGA PREMIUM VD 1L;BEBIDAS;82125;18/06/2026;153300;80216;1;0;1;1;0;;;9
18;15296;CALDO MAGGI 57G LEGUMES;MERCEARIA;82125;18/06/2026;153300;80216;10;0;80;8;0;;;12
18;4256;AP PRESTOBARBA ULTRAGRIP 3L CART2UN;PERFUMARIA E LIMPEZA;82125;18/06/2026;153300;80216;1;0;1;1;0;;;-10
18;7425;PEDRA SANITARIA SANI SOL 20G JASMIN;PERFUMARIA E LIMPEZA;82125;18/06/2026;153300;80216;144;4032;432;0;0;;;217
18;7426;PEDRA SANITARIA SANI SOL 20G LAVANDA;PERFUMARIA E LIMPEZA;82125;18/06/2026;153300;80216;144;12;432;3;0;;;320
18;6618;KIT SH SEDA SH 300 COND 190ML LUMINIOUS UV;PERFUMARIA E LIMPEZA;82125;18/06/2026;153300;80216;15;165;30;2;0;;;78
18;7095;MASC SEDA 300G CONC LUMINOUS UV;PERFUMARIA E LIMPEZA;82125;18/06/2026;153300;80216;6;0;6;1;0;;;11
18;1748;CHICLE FREEGELLS GUM 8G HORTELA;MERCEARIA;82125;18/06/2026;153300;80216;15;0;15;1;0;;;5
18;3433;SOPA CARNE MAGGI 63G CONCHINHAS;MERCEARIA;82125;18/06/2026;153300;80216;10;0;20;2;0;;;0
1;6795;LEITE UHT TIROL 1L ZERO LAC;PERECIVEIS;82522;19/06/2026;154344;80876;12;336;12;1;1;25/06/2026;JOCELAINE;-10
1;9756;LEITE TIROL INTEGRAL ZR LACTOSE 1L;PERECIVEIS;82522;19/06/2026;154344;80876;12;72;12;1;1;25/06/2026;JOCELAINE;-2
1;6787;LEITE LV ELEGE 1L ZERO LAC SEMI DES;PERECIVEIS;82522;19/06/2026;154344;80876;12;82;12;1;1;25/06/2026;JOCELAINE;14
1;734;REFRIG COCA COLA LT 220ML;BEBIDAS;82550;19/06/2026;154358;80876;6;12;6;0;0;25/06/2026;AUGUSTO;-4
1;2367;ERVILHA FUGINI SH 170G;MERCEARIA;82550;19/06/2026;154358;80876;36;720;36;1;1;25/06/2026;JOCELAINE;1
1;847;REFRIG COCA COLA PET 600ML;BEBIDAS;82550;19/06/2026;154358;80876;12;16;12;1;1;25/06/2026;AUGUSTO;50
1;903;REFRIG PEPSI BLACK LT 350ML;BEBIDAS;82550;19/06/2026;154358;80876;12;96;12;0;0;25/06/2026;AUGUSTO;1
1;8243;SH JAY LUC 1L CEREMIDAS S SAL;PERFUMARIA E LIMPEZA;82550;19/06/2026;154358;80876;12;48;12;1;0;;;10
1;36813;ARROZ BCO BOM DE PANELA TP1 5KG;MERCEARIA;82550;19/06/2026;154358;80876;6;360;6;1;1;25/06/2026;KELLER;69
1;2118;ARROZ BCO SABOROSO TP1 2KG;MERCEARIA;82550;19/06/2026;154358;80876;15;-255;15;1;1;25/06/2026;KELLER;0
1;155;CERV BRAHMA MALZBIER LT 350ML;BEBIDAS;82550;19/06/2026;154358;80876;12;444;48;4;4;25/06/2026;AUGUSTO;79
1;2568;MOLHO TOM CAJAMAR SH 300G TRAD;MERCEARIA;82550;19/06/2026;154358;80876;32;2112;32;1;1;25/06/2026;JOCELAINE;-7
1;3904;ABS MILI PROT TOTAL 16UN C ABAS SUAVE;PERFUMARIA E LIMPEZA;82550;19/06/2026;154358;80876;24;0;24;1;0;;;11
1;605;ICE DRINK PET 275ML PINA COLADA;BEBIDAS;82550;19/06/2026;154358;80876;12;240;24;2;2;25/06/2026;AUGUSTO;0
1;1852;DROPS FREEGELLS 27 9G MENTA;MERCEARIA;82550;19/06/2026;154358;80876;12;672;60;5;0;;;-809
1;3680;LEITE COND TRIANGULO TP 395G;MERCEARIA;82550;19/06/2026;154358;80876;27;108;27;0;0;25/06/2026;JOCELAINE;0
1;33255;REFRIG CHARRUA PET 3L GUARANA;BEBIDAS;82550;19/06/2026;154358;80876;6;90;6;1;1;25/06/2026;AUGUSTO;21
1;15033;CAD ESPI CD 10X1 200FLS BRASILIDADE;NAO ALIMENTO;82584;19/06/2026;154386;81014;1;28;2;2;0;20/06/2026;ELTON;-7
1;17476;DUCHA ENERDUCHA UP4 6800W 220V BCO;NAO ALIMENTO;82584;19/06/2026;154386;81014;1;0;1;0;0;20/06/2026;ELTON;67
1;15031;CAD ESPI CD 10X1 160FLS SWEETNESS;NAO ALIMENTO;82584;19/06/2026;154386;81014;4;20;4;1;0;20/06/2026;ELTON;0
1;15051;CAD ESPI CD 1X1 80FLS DISNEY EMOJI;NAO ALIMENTO;82584;19/06/2026;154386;81014;4;0;4;0;0;20/06/2026;ELTON;0
1;15090;CAD ESPI CD 1X1 80FLS SWEETNESS;NAO ALIMENTO;82584;19/06/2026;154386;81014;4;0;4;0;0;20/06/2026;ELTON;-4
1;16394;COLA BCA MAXI FRAMA 40G;NAO ALIMENTO;82584;19/06/2026;154386;81014;6;18;6;6;0;20/06/2026;ELTON;-10
1;33305;TAPETE BOX OVAL PVC 61X35CM;NAO ALIMENTO;82584;19/06/2026;154386;81014;1;21;1;0;0;20/06/2026;ELTON;0
1;35020;DUCHA GORDUCHA ZAFONEL 4T 220V;NAO ALIMENTO;82584;19/06/2026;154386;81014;1;0;1;0;0;20/06/2026;ELTON;6
1;6064;FILME ROYAL PACK 15M;NAO ALIMENTO;82584;19/06/2026;154386;81014;25;0;25;1;0;20/06/2026;ELTON;32
1;34823;CP STITCH C CANUDO;NAO ALIMENTO;82584;19/06/2026;154386;81014;1;1;1;1;0;20/06/2026;ELTON;0
1;12995;BAND BRASIL 60X40;NAO ALIMENTO;82584;19/06/2026;154386;81014;1;0;1;0;0;20/06/2026;ELTON;-38
1;2058;ARROZ BCO PAMPEANO TP1 1KG;MERCEARIA;82690;19/06/2026;154662;82095;30;1590;60;2;2;25/06/2026;KELLER;78
1;38591;FEIJAO BRANCO ARBAZA 500G;MERCEARIA;82961;19/06/2026;155043;81394;12;1728;36;3;3;25/06/2026;AUGUSTO;51
2;38619;SH DOVE UMECTACAO E COCO 370ML;PERFUMARIA E LIMPEZA;82552;19/06/2026;154359;80877;1;1;1;1;0;;;0
2;23022;SAB LIQ BELEZA AMAZONIA 370ML FLORES CAMPO;PERFUMARIA E LIMPEZA;82552;19/06/2026;154359;80877;12;0;12;1;0;;;14
2;17293;DESOD ROLLON DOVE 50ML MAN INVISIBL D;PERFUMARIA E LIMPEZA;82552;19/06/2026;154359;80877;12;60;24;2;0;;;13
2;9754;HID LEITE PAIXAO 200ML FRAMB NEGRA;PERFUMARIA E LIMPEZA;82552;19/06/2026;154359;80877;24;13;24;1;0;;;13
2;18979;GEL FIX DI HELLEN BRI MOL FL ADREN 240G;PERFUMARIA E LIMPEZA;82552;19/06/2026;154359;80877;12;0;12;1;0;;;0
2;7667;PRETEADOR PNEUS OURO PRETO 500ML;PERFUMARIA E LIMPEZA;82552;19/06/2026;154359;80877;12;0;12;0;0;19/06/2026;FELIPE;9
2;37122;FRAL PAMPERS CONF PANTS MEGA P 32UN;PERFUMARIA E LIMPEZA;82552;19/06/2026;154359;80877;4;40;8;2;0;;;5
2;23021;SAB LIQ BELEZA AMAZONIA 370ML ERV DOCE;PERFUMARIA E LIMPEZA;82552;19/06/2026;154359;80877;12;0;12;1;0;;;20
2;19804;KIT SH CD PANTENE 300 150ML QUERATINA;PERFUMARIA E LIMPEZA;82552;19/06/2026;154359;80877;6;24;6;1;0;;;14
2;4258;AP PROBAK II LV7 PG5;PERFUMARIA E LIMPEZA;82552;19/06/2026;154359;80877;1;277;74;74;0;;;63
2;5032;COND PANTENE 175ML RESTAUR PROFUND;PERFUMARIA E LIMPEZA;82552;19/06/2026;154359;80877;6;0;6;1;0;;;9
2;9704;KIT ELSEVE SH 375ML COND 170ML CACHO SONHOS;PERFUMARIA E LIMPEZA;82552;19/06/2026;154359;80877;6;0;6;1;0;;;27
2;34564;CREME JOAO E MARIA 40G P ASSADURA;PERFUMARIA E LIMPEZA;82552;19/06/2026;154359;80877;1;2;3;3;0;;;1
2;33759;ESCOVA P MAMADEIRA CABO PLASTICO;PERFUMARIA E LIMPEZA;82552;19/06/2026;154359;80877;1;0;1;0;0;19/06/2026;FELIPE;5
2;10126;REVIT PARACHOQUE CENTRALSUL 200G;PERFUMARIA E LIMPEZA;82552;19/06/2026;154359;80877;12;0;12;0;0;19/06/2026;FELIPE;10
2;19315;COT HASTES FLEX COTTONBABY PT 100UN;PERFUMARIA E LIMPEZA;82552;19/06/2026;154359;80877;1;16;45;45;0;;;29
2;18174;ESP ACO ASSOLAN C 08;PERFUMARIA E LIMPEZA;82552;19/06/2026;154359;80877;200;0;200;0;0;19/06/2026;FELIPE;68
2;17415;DET PO GOTA LIMPA 800G HARMONIA;PERFUMARIA E LIMPEZA;82552;19/06/2026;154359;80877;20;60;20;1;0;;;23
2;19828;KIT SH CD COTTONBABY SNOOPY 200ML TOQUE ALGODAO;PERFUMARIA E LIMPEZA;82552;19/06/2026;154359;80877;6;0;6;1;0;;;9
2;9125;COND DARLING 350ML CERAMIDAS;PERFUMARIA E LIMPEZA;82552;19/06/2026;154359;80877;6;0;6;1;0;;;1
2;7241;ESC DENTAL ORAL B INDICA BLACK L2P1;PERFUMARIA E LIMPEZA;82552;19/06/2026;154359;80877;12;144;24;2;0;;;0
2;16593;CORT UNHA INOX PREMIUM 5 2CM 1PC;PERFUMARIA E LIMPEZA;82552;19/06/2026;154359;80877;1;0;2;0;0;19/06/2026;FELIPE;1
2;8974;CERA CARRO CENTRALSUL EXPRES 500ML;PERFUMARIA E LIMPEZA;82552;19/06/2026;154359;80877;12;0;12;0;0;19/06/2026;FELIPE;10
2;35141;SILICONE DESTAQUE AERO 400ML AMERIC;PERFUMARIA E LIMPEZA;82552;19/06/2026;154359;80877;12;0;12;0;0;19/06/2026;FELIPE;1
2;24388;SILICONE DESTAQUE AERO 400ML AREA51;PERFUMARIA E LIMPEZA;82552;19/06/2026;154359;80877;12;0;12;0;0;19/06/2026;FELIPE;5
2;3893;ABS C ABAS DIA NOITE 32 UN SUAVE;PERFUMARIA E LIMPEZA;82552;19/06/2026;154359;80877;16;79;16;1;0;;;12
2;33422;DET PO AQUAFAST MULTIACAO 800G;PERFUMARIA E LIMPEZA;82552;19/06/2026;154359;80877;20;80;20;1;0;;;23
2;8230;SH HEAD SHOULDERS 200ML MENTHOL REFRE;PERFUMARIA E LIMPEZA;82552;19/06/2026;154359;80877;6;84;24;4;0;;;9
2;22915;REPARADOR PONTAS JAYLUC 30ML CERAMIDAS;PERFUMARIA E LIMPEZA;82552;19/06/2026;154359;80877;24;3;24;1;0;;;66
2;10309;SILICONE DESTAQUE GEL 250G LAVANDA;PERFUMARIA E LIMPEZA;82552;19/06/2026;154359;80877;12;0;12;0;0;19/06/2026;FELIPE;24
2;16138;CHUP LOLLY BORBOLETA SIL T2 AZUL;PERFUMARIA E LIMPEZA;82552;19/06/2026;154359;80877;12;54;12;1;0;;;8
2;38616;CD SEDA COLAGENO VIT INT 250ML;PERFUMARIA E LIMPEZA;82552;19/06/2026;154359;80877;1;1;1;1;0;;;0
2;8858;AP PROBAK II 2UN;PERFUMARIA E LIMPEZA;82552;19/06/2026;154359;80877;14;3934;14;1;0;;;53
3;178;CERV KAISER LT 473ML;BEBIDAS;82554;19/06/2026;154360;80875;12;1;360;0;0;25/06/2026;AUGUSTO;2163
3;68;AGUA MIN FLORESTA ATIVA SQ 710ML S GAS;BEBIDAS;82554;19/06/2026;154360;80875;12;0;12;2;0;;;1
3;2991;ACUCAR MASCAVO CBS 500G;MERCEARIA;82554;19/06/2026;154360;80875;20;0;20;1;0;;;12
3;10309;SILICONE DESTAQUE GEL 250G LAVANDA;PERFUMARIA E LIMPEZA;82554;19/06/2026;154360;80875;12;0;12;0;0;19/06/2026;FELIPE;9
3;24137;SC PANO SUP PANO ALG100X75CM R 18;PERFUMARIA E LIMPEZA;82554;19/06/2026;154360;80875;1;300;25;0;0;19/06/2026;FELIPE;11
3;5196;CR DEN COLGATE MPA 180G;PERFUMARIA E LIMPEZA;82554;19/06/2026;154360;80875;72;10296;72;1;0;;;118
3;986;OLEO SOJA VITALIV PET 900ML;MERCEARIA;82554;19/06/2026;154360;80875;20;0;280;14;0;;;429
3;964;OLEO LIZA GIRASSOL 900ML;MERCEARIA;82554;19/06/2026;154360;80875;20;120;20;1;0;;;-1
3;2814;POLENTA PERDIZ 500G INST TEMP;MERCEARIA;82554;19/06/2026;154360;80875;12;132;12;1;0;;;12
3;25106;VASSOURA JARDINEIRA S CABO;PERFUMARIA E LIMPEZA;82554;19/06/2026;154360;80875;1;-12;13;0;0;19/06/2026;FELIPE;8
3;849;REFRIG COCA COLA PET 600ML ZERO;BEBIDAS;82554;19/06/2026;154360;80875;12;48;48;4;0;25/06/2026;AUGUSTO;226
3;8966;CARVAO CHAMA CAMPEIRA 5KG;NAO ALIMENTO;82554;19/06/2026;154360;80875;1;86;37;37;0;25/06/2026;AUGUSTO;-25
3;762;REFRIG COCA COLA PET 200ML;BEBIDAS;82554;19/06/2026;154360;80875;12;348;144;0;0;25/06/2026;LUAN;455
3;116;CERV SKOL 1L;BEBIDAS;82554;19/06/2026;154360;80875;12;396;444;37;0;25/06/2026;MARCOS M;437
3;2717;FARINHA TRIGO FIDALGA 1KG;MERCEARIA;82554;19/06/2026;154360;80875;10;10;10;5;0;;;0
3;12166;ABS DIARIO COTTONBABY C 15 S PERF;PERFUMARIA E LIMPEZA;82554;19/06/2026;154360;80875;72;0;72;1;0;;;36
3;38570;CERV PROVINCIA ULTRA GOLD LT 473ML;BEBIDAS;82554;19/06/2026;154360;80875;12;6372;12;1;0;;;22
3;22914;REPARADOR PONTAS JAYLUC 30ML BLIND QUERAT;PERFUMARIA E LIMPEZA;82554;19/06/2026;154360;80875;24;0;24;1;0;;;42
3;769;REFRIG FRUKI GUARANA PET 200ML GUARANA;BEBIDAS;82554;19/06/2026;154360;80875;12;48;48;0;0;25/06/2026;LUAN;0
3;24389;SILICONE DESTAQUE GEL 250G SPORT;PERFUMARIA E LIMPEZA;82554;19/06/2026;154360;80875;12;23;12;0;0;19/06/2026;FELIPE;10
3;25384;VELA PERF AMAZONIA AROMAS 60G LAVAN ING;PERFUMARIA E LIMPEZA;82554;19/06/2026;154360;80875;12;0;12;0;0;19/06/2026;FELIPE;1
3;20281;LUVA DANNY SILVER GRIP G AZUL;PERFUMARIA E LIMPEZA;82554;19/06/2026;154360;80875;12;0;12;0;0;19/06/2026;FELIPE;0
3;16593;CORT UNHA INOX PREMIUM 5 2CM 1PC;PERFUMARIA E LIMPEZA;82554;19/06/2026;154360;80875;1;0;3;0;0;19/06/2026;FELIPE;3
3;8791;ABS MILI NOTURNO C ABAS 8UN;PERFUMARIA E LIMPEZA;82554;19/06/2026;154360;80875;36;36;36;1;0;;;37
3;817;REFRIG FRUKI GUARANA ZR PET 2L GUARANA ZERO;BEBIDAS;82554;19/06/2026;154360;80875;6;18;18;3;0;25/06/2026;AUGUSTO;0
3;33255;REFRIG CHARRUA PET 3L GUARANA;BEBIDAS;82554;19/06/2026;154360;80875;6;90;48;0;0;25/06/2026;LUAN;402
3;3842;EXT TOM FUGINI SH 300G;MERCEARIA;82554;19/06/2026;154360;80875;36;36;36;1;0;;;71
3;308;VH TRADICAO NIAGARA BCO 1 4L SV;BEBIDAS;83012;19/06/2026;155103;81503;6;924;30;5;0;22/06/2026;GABRIELL2;105
4;19312;COT HASTES FLEX COTTONBABY C 75;PERFUMARIA E LIMPEZA;82582;19/06/2026;154384;80878;72;5976;72;1;0;;;76
4;1893;DROPS FREEGELLS 27 6G MORANGO CHOC;MERCEARIA;82582;19/06/2026;154384;80878;12;300;24;2;0;;;113
4;1845;DROPS FREEGELLS 27 9G EUCALIPTO;MERCEARIA;82582;19/06/2026;154384;80878;12;804;24;2;0;;;-10
4;9983;DESOD SANIT GOTA LIMPA 25G EUCALIPTO;PERFUMARIA E LIMPEZA;82582;19/06/2026;154384;80878;48;144;96;2;0;;;48
4;1743;CHICLE FREEGELLS GUM 8G CANELA;MERCEARIA;82582;19/06/2026;154384;80878;15;0;15;1;0;;;174
4;1745;CHICLE FREEGELLS GUM 8G MENTA;MERCEARIA;82582;19/06/2026;154384;80878;15;0;30;2;0;;;169
4;19315;COT HASTES FLEX COTTONBABY PT 100UN;PERFUMARIA E LIMPEZA;82582;19/06/2026;154384;80878;1;16;52;52;0;;;11
4;3422;CALDO KNOR 57G COSTELA;MERCEARIA;82582;19/06/2026;154384;80878;10;0;10;1;0;;;1
4;9984;DESOD SANIT GOTA LIMPA 25G FLORAL;PERFUMARIA E LIMPEZA;82582;19/06/2026;154384;80878;48;144;48;1;0;;;45
4;10181;SAB POMPOM 80G HIDRATANTE;PERFUMARIA E LIMPEZA;82582;19/06/2026;154384;80878;12;2064;60;5;0;;;38
4;17309;DESOD ROLLON REXONA 50ML F POWDER;PERFUMARIA E LIMPEZA;82582;19/06/2026;154384;80878;12;0;12;1;0;;;11
4;1742;CHICLE FREEGELLS GUM 8G EXTRA FORTE;MERCEARIA;82582;19/06/2026;154384;80878;15;135;30;2;0;;;0
4;1748;CHICLE FREEGELLS GUM 8G HORTELA;MERCEARIA;82582;19/06/2026;154384;80878;15;0;30;2;0;;;173
5;4565;CARGA MACH 3 2UN SENSITIVE;PERFUMARIA E LIMPEZA;82556;19/06/2026;154362;80879;12;0;12;1;0;;;11
5;22915;REPARADOR PONTAS JAYLUC 30ML CERAMIDAS;PERFUMARIA E LIMPEZA;82556;19/06/2026;154362;80879;24;3;48;2;0;;;35
5;18735;FRALDA DESC BABYSEC ULTSEC MEGA XXG 28 UN;PERFUMARIA E LIMPEZA;82556;19/06/2026;154362;80879;6;66;30;5;0;;;6
5;10144;SAB FARNESE 180G AVEIA ESFOL;PERFUMARIA E LIMPEZA;82556;19/06/2026;154362;80879;36;1584;216;6;0;;;76
5;10146;SAB FARNESE 180G FLOR CER VANILA;PERFUMARIA E LIMPEZA;82556;19/06/2026;154362;80879;36;1656;108;3;0;;;86
5;3635;SAL MOIDO CBS 1KG;MERCEARIA;82556;19/06/2026;154362;80879;10;446;70;7;0;25/06/2026;KELLER;40
5;9983;DESOD SANIT GOTA LIMPA 25G EUCALIPTO;PERFUMARIA E LIMPEZA;82556;19/06/2026;154362;80879;48;144;144;3;0;;;64
5;19315;COT HASTES FLEX COTTONBABY PT 100UN;PERFUMARIA E LIMPEZA;82556;19/06/2026;154362;80879;1;16;22;22;0;;;6
5;5695;DETERG YPE 500ML COCO;PERFUMARIA E LIMPEZA;82556;19/06/2026;154362;80879;24;144;48;0;0;24/06/2026;ANDRIELLY;0
5;16593;CORT UNHA INOX PREMIUM 5 2CM 1PC;PERFUMARIA E LIMPEZA;82556;19/06/2026;154362;80879;1;0;1;0;0;19/06/2026;FELIPE;4
5;3420;CALDO KNOR 57G LEGUMES;MERCEARIA;82556;19/06/2026;154362;80879;10;0;10;1;0;;;2
5;1743;CHICLE FREEGELLS GUM 8G CANELA;MERCEARIA;82556;19/06/2026;154362;80879;15;0;30;2;0;;;0
5;5691;DETERG YPE 500 ML CLEAR;PERFUMARIA E LIMPEZA;82556;19/06/2026;154362;80879;24;216;24;0;0;24/06/2026;ANDRIELLY;7
5;8332;SH SEDA 300ML LUMINOSO UV;PERFUMARIA E LIMPEZA;82556;19/06/2026;154362;80879;12;252;24;2;0;;;19
5;3377;CALDO KNORR 57G CARNE;MERCEARIA;82556;19/06/2026;154362;80879;10;0;10;1;0;;;-9
5;23022;SAB LIQ BELEZA AMAZONIA 370ML FLORES CAMPO;PERFUMARIA E LIMPEZA;82556;19/06/2026;154362;80879;12;0;36;3;0;;;18
5;8604;TINT COR E TON CHOC 6 7;PERFUMARIA E LIMPEZA;82556;19/06/2026;154362;80879;6;0;6;1;0;;;8
5;8615;TINT COR E TON LOURO ESC 6 0;PERFUMARIA E LIMPEZA;82556;19/06/2026;154362;80879;6;0;6;1;0;;;5
5;17025;CURATIVO COTTONBABY 10UN TRAD;PERFUMARIA E LIMPEZA;82556;19/06/2026;154362;80879;36;0;36;1;0;;;48
5;12419;AMAC GOTA LIMPA 2L FLORATA;PERFUMARIA E LIMPEZA;82556;19/06/2026;154362;80879;6;0;6;0;0;24/06/2026;ANDRIELLY;12
5;5692;DETERG YPE 500 ML NEUTRO;PERFUMARIA E LIMPEZA;82556;19/06/2026;154362;80879;24;2928;72;0;0;24/06/2026;ANDRIELLY;0
5;8152;SH ANTIC CLEAR LV200ML PG170ML MEN ICE COOL MENTHO;PERFUMARIA E LIMPEZA;82556;19/06/2026;154362;80879;12;912;12;1;0;;;18
5;8209;SH ELSEVE 200ML LONGO DOS SONHO;PERFUMARIA E LIMPEZA;82556;19/06/2026;154362;80879;12;96;12;1;0;;;17
5;7490;POMADA NUGGET 36G PRETA;PERFUMARIA E LIMPEZA;82556;19/06/2026;154362;80879;12;0;12;1;0;;;18
5;10149;SAB FARNESE 180G PURO HIDR;PERFUMARIA E LIMPEZA;82556;19/06/2026;154362;80879;36;720;72;2;0;;;115
5;10147;SAB FARNESE 180G LAVANDA MENTA;PERFUMARIA E LIMPEZA;82556;19/06/2026;154362;80879;36;756;180;5;0;;;125
5;1745;CHICLE FREEGELLS GUM 8G MENTA;MERCEARIA;82556;19/06/2026;154362;80879;15;0;15;1;0;;;2
5;1893;DROPS FREEGELLS 27 6G MORANGO CHOC;MERCEARIA;82556;19/06/2026;154362;80879;12;300;24;2;0;;;1
5;33422;DET PO AQUAFAST MULTIACAO 800G;PERFUMARIA E LIMPEZA;82556;19/06/2026;154362;80879;20;80;20;0;0;24/06/2026;ANDRIELLY;-2
5;8610;TINT COR E TON LOUR MED 7 0;PERFUMARIA E LIMPEZA;82556;19/06/2026;154362;80879;6;0;6;1;0;;;17
5;10181;SAB POMPOM 80G HIDRATANTE;PERFUMARIA E LIMPEZA;82556;19/06/2026;154362;80879;12;2064;60;5;0;;;38
5;15659;CD NEUTROX 300ML CLASSICO;PERFUMARIA E LIMPEZA;82556;19/06/2026;154362;80879;12;10;24;2;0;;;28
5;3516;FERM PO BIOL GOOD INSTANT SH 125G;MERCEARIA;82556;19/06/2026;154362;80879;12;0;12;1;0;;;21
5;10148;SAB FARNESE 180G PITAYA FRAMB;PERFUMARIA E LIMPEZA;82556;19/06/2026;154362;80879;36;1008;108;3;0;;;92
5;22914;REPARADOR PONTAS JAYLUC 30ML BLIND QUERAT;PERFUMARIA E LIMPEZA;82556;19/06/2026;154362;80879;24;0;24;1;0;;;68
5;10145;SAB FARNESE 180G ERV DOCE VERB;PERFUMARIA E LIMPEZA;82556;19/06/2026;154362;80879;36;1404;108;3;0;;;87
5;38005;CHOC KIT KAT MACCHIATO 41 5G;MERCEARIA;82556;19/06/2026;154362;80879;24;3168;24;1;0;;;53
5;9984;DESOD SANIT GOTA LIMPA 25G FLORAL;PERFUMARIA E LIMPEZA;82556;19/06/2026;154362;80879;48;144;48;1;0;;;81
5;33373;DESO AERO AXE 200ML BLACK ALE E CED;PERFUMARIA E LIMPEZA;82556;19/06/2026;154362;80879;12;1524;12;1;0;;;-2
5;4258;AP PROBAK II LV7 PG5;PERFUMARIA E LIMPEZA;82556;19/06/2026;154362;80879;1;277;2;2;0;;;35
5;2325;FEIJAO PRETO ARBAZA PREMIUM 500G;MERCEARIA;82826;19/06/2026;154778;81257;12;1248;60;5;0;23/06/2026;BRUNO;104
5;746;ACUCAR CRISTAL GASPARIN 1KG;MERCEARIA;82826;19/06/2026;154778;81257;10;9;300;30;0;23/06/2026;BRUNO;67
5;2826;MASSA C OVOS STA FELICIDADE 500G PENNE;MERCEARIA;82826;19/06/2026;154778;81257;20;0;100;0;0;20/06/2026;JOCELAINE;311
5;2351;FEIJAO PRETO CALDO OURO 1KG;MERCEARIA;82826;19/06/2026;154778;81257;10;5900;200;20;0;23/06/2026;BRUNO;441
5;2737;FARINHA TRIGO ROSESOL 1KG;MERCEARIA;82826;19/06/2026;154778;81257;10;2624;100;10;0;23/06/2026;BRUNO;24
5;3848;ARROZ BCO BOM GOSTO TP1 5KG BOM GOSTO;MERCEARIA;82826;19/06/2026;154778;81257;6;2573;60;10;0;23/06/2026;BRUNO;37
5;18466;FEIJAO PTO MORO TP1 1KG;MERCEARIA;82826;19/06/2026;154778;81257;30;10440;60;2;0;23/06/2026;BRUNO;153
5;38591;FEIJAO BRANCO ARBAZA 500G;MERCEARIA;82969;19/06/2026;155047;81398;12;1728;120;10;10;25/06/2026;KELLER;119
5;17665;ERVA MATE CAMBONA MOIDA GROSSA 1KG;MERCEARIA;82969;19/06/2026;155047;81398;10;296;30;0;0;25/06/2026;KELLER;38
5;4215;AMAC YPE 2L CARINHO;PERFUMARIA E LIMPEZA;83047;19/06/2026;155129;81505;6;19;30;5;0;23/06/2026;BRUNO ANTUNES;11
5;4218;AMAC YPE 2L INTENSO;PERFUMARIA E LIMPEZA;83047;19/06/2026;155129;81505;6;726;18;3;0;23/06/2026;BRUNO ANTUNES;7
5;33458;AMACIANTE APYCE 2L TRAD AZ;PERFUMARIA E LIMPEZA;83047;19/06/2026;155129;81505;6;60;30;5;0;23/06/2026;BRUNO ANTUNES;42
5;4217;AMAC YPE 2L ACONCHEGO;PERFUMARIA E LIMPEZA;83047;19/06/2026;155129;81505;6;708;18;3;0;23/06/2026;BRUNO ANTUNES;12
6;8789;ABS MILI COB C ABAS SV 8UN;PERFUMARIA E LIMPEZA;82558;19/06/2026;154364;80880;36;180;72;2;0;;;89
6;24389;SILICONE DESTAQUE GEL 250G SPORT;PERFUMARIA E LIMPEZA;82558;19/06/2026;154364;80880;12;23;12;0;0;19/06/2026;FELIPE;5
6;36169;CHOC BARRA NESTLE RECH 90G NEGRESCO;MERCEARIA;82558;19/06/2026;154364;80880;14;644;14;1;0;;;70
6;12419;AMAC GOTA LIMPA 2L FLORATA;PERFUMARIA E LIMPEZA;82558;19/06/2026;154364;80880;6;0;6;1;0;;;10
6;3377;CALDO KNORR 57G CARNE;MERCEARIA;82558;19/06/2026;154364;80880;10;0;10;1;0;;;13
6;9498;ESTOPA POLIMENTO CENTRALSUL 400G;PERFUMARIA E LIMPEZA;82558;19/06/2026;154364;80880;12;0;12;0;0;19/06/2026;FELIPE;5
6;3802;PO P SORVETE APTI 120G ABACAXI;MERCEARIA;82558;19/06/2026;154364;80880;12;0;12;1;0;;;41
6;1745;CHICLE FREEGELLS GUM 8G MENTA;MERCEARIA;82558;19/06/2026;154364;80880;15;0;15;1;0;;;0
6;3420;CALDO KNOR 57G LEGUMES;MERCEARIA;82558;19/06/2026;154364;80880;10;0;10;1;0;;;1
6;3805;PO P SORVETE APTI 120G CREME;MERCEARIA;82558;19/06/2026;154364;80880;12;0;12;1;0;;;62
6;33422;DET PO AQUAFAST MULTIACAO 800G;PERFUMARIA E LIMPEZA;82558;19/06/2026;154364;80880;20;80;20;1;0;;;13
6;3428;CREME CEBOLA MAGGI 68G;MERCEARIA;82558;19/06/2026;154364;80880;12;0;12;1;0;;;1
6;1157;BALA FINI TUBES ARCO IRIS 80G;MERCEARIA;82558;19/06/2026;154364;80880;12;0;12;1;0;;;0
6;3363;CALDO APTI 19G CARNE;MERCEARIA;82558;19/06/2026;154364;80880;24;4320;24;1;0;;;53
6;3422;CALDO KNOR 57G COSTELA;MERCEARIA;82558;19/06/2026;154364;80880;10;0;10;1;0;;;0
6;8442;SILICONE DESTAQUE AERO 400ML LAVANDA;PERFUMARIA E LIMPEZA;82558;19/06/2026;154364;80880;1;0;3;0;0;19/06/2026;FELIPE;5
6;18762;FRALDA DESC MILI GIGA G C 78 C 78 G;PERFUMARIA E LIMPEZA;82558;19/06/2026;154364;80880;4;7;4;1;0;;;7
6;6115;FRALDA GERIATRICA MILI VITA M 09UN;PERFUMARIA E LIMPEZA;82558;19/06/2026;154364;80880;8;0;8;1;0;;;7
6;38591;FEIJAO BRANCO ARBAZA 500G;MERCEARIA;82971;19/06/2026;155048;81399;12;1728;120;10;10;25/06/2026;PIRES;324
6;311;VH TRADICAO TINTO 1 4L SV;BEBIDAS;83018;19/06/2026;155106;81506;6;5001;120;20;20;25/06/2026;CAROLINA;147
6;156;CERV BUDWEISER LT 473ML;BEBIDAS;83114;19/06/2026;155234;82101;12;156;1320;110;0;;;1340
7;1745;CHICLE FREEGELLS GUM 8G MENTA;MERCEARIA;82560;19/06/2026;154366;80881;15;0;15;1;0;;;0
7;8152;SH ANTIC CLEAR LV200ML PG170ML MEN ICE COOL MENTHO;PERFUMARIA E LIMPEZA;82560;19/06/2026;154366;80881;12;912;48;4;0;;;16
7;22915;REPARADOR PONTAS JAYLUC 30ML CERAMIDAS;PERFUMARIA E LIMPEZA;82560;19/06/2026;154366;80881;24;3;24;1;0;;;59
7;8293;SH PANTENE 175ML QUERATINA;PERFUMARIA E LIMPEZA;82560;19/06/2026;154366;80881;6;48;12;2;0;;;10
7;17309;DESOD ROLLON REXONA 50ML F POWDER;PERFUMARIA E LIMPEZA;82560;19/06/2026;154366;80881;12;0;12;1;0;;;20
7;17317;DESOD ROLLON REXONA 50ML XTRA COOL;PERFUMARIA E LIMPEZA;82560;19/06/2026;154366;80881;12;3;12;1;0;;;0
7;1748;CHICLE FREEGELLS GUM 8G HORTELA;MERCEARIA;82560;19/06/2026;154366;80881;15;0;15;1;0;;;0
7;8858;AP PROBAK II 2UN;PERFUMARIA E LIMPEZA;82560;19/06/2026;154366;80881;14;3934;14;1;0;;;40
7;10145;SAB FARNESE 180G ERV DOCE VERB;PERFUMARIA E LIMPEZA;82560;19/06/2026;154366;80881;36;1404;72;2;0;;;79
7;23022;SAB LIQ BELEZA AMAZONIA 370ML FLORES CAMPO;PERFUMARIA E LIMPEZA;82560;19/06/2026;154366;80881;12;0;12;1;0;;;19
7;12173;ABS GERIAMAX POS PARTO OPERAT C 20;PERFUMARIA E LIMPEZA;82560;19/06/2026;154366;80881;6;126;12;2;0;;;7
7;19315;COT HASTES FLEX COTTONBABY PT 100UN;PERFUMARIA E LIMPEZA;82560;19/06/2026;154366;80881;1;16;115;115;0;;;8
7;3420;CALDO KNOR 57G LEGUMES;MERCEARIA;82560;19/06/2026;154366;80881;10;0;10;1;0;;;0
7;8622;TINT COR E TON PRETO 2 0;PERFUMARIA E LIMPEZA;82560;19/06/2026;154366;80881;6;0;6;1;0;;;12
7;8611;TINT COR E TON LOURO CL 8 0;PERFUMARIA E LIMPEZA;82560;19/06/2026;154366;80881;6;0;6;1;0;;;21
7;8604;TINT COR E TON CHOC 6 7;PERFUMARIA E LIMPEZA;82560;19/06/2026;154366;80881;6;0;18;3;0;;;8
7;8232;SH HEAD SHOULDERS 200ML PREV QUEDA;PERFUMARIA E LIMPEZA;82560;19/06/2026;154366;80881;6;30;6;1;0;;;13
7;22914;REPARADOR PONTAS JAYLUC 30ML BLIND QUERAT;PERFUMARIA E LIMPEZA;82560;19/06/2026;154366;80881;24;0;24;1;0;;;44
7;1743;CHICLE FREEGELLS GUM 8G CANELA;MERCEARIA;82560;19/06/2026;154366;80881;15;0;30;2;0;;;0
7;8610;TINT COR E TON LOUR MED 7 0;PERFUMARIA E LIMPEZA;82560;19/06/2026;154366;80881;6;0;6;1;0;;;11
7;8235;SH HEAD SHOULD 400ML 3X1;PERFUMARIA E LIMPEZA;82560;19/06/2026;154366;80881;6;42;12;2;0;;;17
7;20011;LC HID NIVEA 200ML BODY SOFT MILK;PERFUMARIA E LIMPEZA;82560;19/06/2026;154366;80881;6;0;6;1;0;;;13
7;19804;KIT SH CD PANTENE 300 150ML QUERATINA;PERFUMARIA E LIMPEZA;82560;19/06/2026;154366;80881;6;24;6;1;0;;;12
7;10148;SAB FARNESE 180G PITAYA FRAMB;PERFUMARIA E LIMPEZA;82560;19/06/2026;154366;80881;36;1008;108;3;0;;;108
7;8288;SH PANTENE 175ML EQUIL ALGA MAR;PERFUMARIA E LIMPEZA;82560;19/06/2026;154366;80881;6;24;6;1;0;;;12
7;8230;SH HEAD SHOULDERS 200ML MENTHOL REFRE;PERFUMARIA E LIMPEZA;82560;19/06/2026;154366;80881;6;84;6;1;0;;;13
7;4258;AP PROBAK II LV7 PG5;PERFUMARIA E LIMPEZA;82560;19/06/2026;154366;80881;1;277;1;1;0;;;67
7;1742;CHICLE FREEGELLS GUM 8G EXTRA FORTE;MERCEARIA;82560;19/06/2026;154366;80881;15;135;30;2;0;;;0
7;3422;CALDO KNOR 57G COSTELA;MERCEARIA;82560;19/06/2026;154366;80881;10;0;10;1;0;;;8
7;8292;SH PANTENE 175ML LISO EXTREMO;PERFUMARIA E LIMPEZA;82560;19/06/2026;154366;80881;6;48;6;1;0;;;12
7;17665;ERVA MATE CAMBONA MOIDA GROSSA 1KG;MERCEARIA;82973;19/06/2026;155049;81400;10;296;50;0;0;25/06/2026;PIRES;-19
7;38591;FEIJAO BRANCO ARBAZA 500G;MERCEARIA;82973;19/06/2026;155049;81400;12;1728;60;5;5;25/06/2026;PIRES;149
7;156;CERV BUDWEISER LT 473ML;BEBIDAS;83116;19/06/2026;155235;82097;12;156;600;50;0;;;257
8;38618;CREME DE PENTEAR SEDA BOOM DEF 1KG;PERFUMARIA E LIMPEZA;82562;19/06/2026;154367;80874;1;1;1;1;0;;;1
8;10181;SAB POMPOM 80G HIDRATANTE;PERFUMARIA E LIMPEZA;82562;19/06/2026;154367;80874;12;2064;84;7;0;;;51
8;615;SUCO DEL VALLE TP 200ML PESSEGO;BEBIDAS;82562;19/06/2026;154367;80874;18;0;18;1;0;20/06/2026;JOCELAINE;-19
8;589;SUCO COM TEM TP 200ML LARANJA;BEBIDAS;82562;19/06/2026;154367;80874;24;0;24;1;0;20/06/2026;JOCELAINE;24
8;3422;CALDO KNOR 57G COSTELA;MERCEARIA;82562;19/06/2026;154367;80874;10;0;10;1;0;;;12
8;5302;CR PENT SEDA 300ML CACH DEFINIDOS;PERFUMARIA E LIMPEZA;82562;19/06/2026;154367;80874;12;12;12;1;0;;;3
8;10148;SAB FARNESE 180G PITAYA FRAMB;PERFUMARIA E LIMPEZA;82562;19/06/2026;154367;80874;36;1008;108;3;0;;;74
8;12280;AGUA OXIG BUTTERF 40V 100ML;PERFUMARIA E LIMPEZA;82562;19/06/2026;154367;80874;12;0;12;1;0;;;20
8;16930;CR TRAT CAPILAR HEDERA BABOSA 960G;PERFUMARIA E LIMPEZA;82562;19/06/2026;154367;80874;6;0;6;1;0;;;-1
8;10146;SAB FARNESE 180G FLOR CER VANILA;PERFUMARIA E LIMPEZA;82562;19/06/2026;154367;80874;36;1656;108;3;0;;;88
8;1847;DROPS FREEGELLS 27 9G VIT C CITRUS;MERCEARIA;82562;19/06/2026;154367;80874;12;396;12;1;0;;;-476
8;636;VODKA VOLCOF VD 900ML;BEBIDAS;82562;19/06/2026;154367;80874;12;59;12;1;0;20/06/2026;JOCELAINE;5
8;3397;CALDO APTI 19G LEGUMES;MERCEARIA;82562;19/06/2026;154367;80874;24;4320;24;1;0;;;0
8;10147;SAB FARNESE 180G LAVANDA MENTA;PERFUMARIA E LIMPEZA;82562;19/06/2026;154367;80874;36;756;216;6;0;;;73
8;10178;SABON PALMOLIVE NATURALS 85G KARITE;PERFUMARIA E LIMPEZA;82562;19/06/2026;154367;80874;108;648;108;1;0;;;58
8;7948;SABON PALMOLIVE NATURALS 150G OLEO ARGAN;PERFUMARIA E LIMPEZA;82562;19/06/2026;154367;80874;72;-72;72;1;0;;;32
8;19791;KIT SH CD NEUTROX 300ML 200ML CLASSICO;PERFUMARIA E LIMPEZA;82562;19/06/2026;154367;80874;12;348;84;7;0;;;14
8;10145;SAB FARNESE 180G ERV DOCE VERB;PERFUMARIA E LIMPEZA;82562;19/06/2026;154367;80874;36;1404;108;3;0;;;63
8;8615;TINT COR E TON LOURO ESC 6 0;PERFUMARIA E LIMPEZA;82562;19/06/2026;154367;80874;6;0;6;1;0;;;9
8;8246;SH JAY LUC 1L NEUTRO;PERFUMARIA E LIMPEZA;82562;19/06/2026;154367;80874;12;84;12;1;0;;;12
8;19315;COT HASTES FLEX COTTONBABY PT 100UN;PERFUMARIA E LIMPEZA;82562;19/06/2026;154367;80874;1;16;36;36;0;;;11
8;24380;SIDRA GOTA PRATA S ALC 660ML BRANCA;BEBIDAS;82562;19/06/2026;154367;80874;12;0;12;1;0;20/06/2026;JOCELAINE;11
8;33784;VODKA NINNOFF VD 900ML ORIGINAL;BEBIDAS;82562;19/06/2026;154367;80874;6;264;6;1;0;20/06/2026;JOCELAINE;7
8;34753;SUCO DE UVA TREBOM PET 1 35L;BEBIDAS;82562;19/06/2026;154367;80874;6;0;6;1;0;20/06/2026;JOCELAINE;2
8;3377;CALDO KNORR 57G CARNE;MERCEARIA;82562;19/06/2026;154367;80874;10;0;10;1;0;;;23
8;10292;SH POMPOM 200ML SUAVE;PERFUMARIA E LIMPEZA;82562;19/06/2026;154367;80874;12;0;12;1;0;;;12
8;12279;AGUA OXIG BUTTERF 30V 100ML;PERFUMARIA E LIMPEZA;82562;19/06/2026;154367;80874;12;0;12;1;0;;;4
8;15659;CD NEUTROX 300ML CLASSICO;PERFUMARIA E LIMPEZA;82562;19/06/2026;154367;80874;12;10;12;1;0;;;32
8;10144;SAB FARNESE 180G AVEIA ESFOL;PERFUMARIA E LIMPEZA;82562;19/06/2026;154367;80874;36;1584;216;6;0;;;66
8;36245;CHOC BARRA NESTLE RECH 90G PRESTIG;MERCEARIA;82562;19/06/2026;154367;80874;14;0;14;1;0;;;48
8;8622;TINT COR E TON PRETO 2 0;PERFUMARIA E LIMPEZA;82562;19/06/2026;154367;80874;6;0;6;1;0;;;6
8;8604;TINT COR E TON CHOC 6 7;PERFUMARIA E LIMPEZA;82562;19/06/2026;154367;80874;6;0;6;1;0;;;18
8;17305;DESOD ROLLON REXONA 50ML ACT EMOT;PERFUMARIA E LIMPEZA;82562;19/06/2026;154367;80874;12;336;24;2;0;;;17
8;10149;SAB FARNESE 180G PURO HIDR;PERFUMARIA E LIMPEZA;82562;19/06/2026;154367;80874;36;720;108;3;0;;;68
8;619;SUCO DEL VALLE TP 200ML UVA;BEBIDAS;82562;19/06/2026;154367;80874;18;16;18;1;0;20/06/2026;JOCELAINE;16
8;405;ENERG ELEV LT 473ML GUA MARACUJA;BEBIDAS;82562;19/06/2026;154367;80874;6;0;6;1;0;20/06/2026;JOCELAINE;22
8;3420;CALDO KNOR 57G LEGUMES;MERCEARIA;82562;19/06/2026;154367;80874;10;0;10;1;0;;;1
8;1745;CHICLE FREEGELLS GUM 8G MENTA;MERCEARIA;82562;19/06/2026;154367;80874;15;0;15;1;0;;;2
8;8152;SH ANTIC CLEAR LV200ML PG170ML MEN ICE COOL MENTHO;PERFUMARIA E LIMPEZA;82562;19/06/2026;154367;80874;12;912;36;3;0;;;12
8;17026;CURATIVO COTTONBABY 35UN TRAD;PERFUMARIA E LIMPEZA;82562;19/06/2026;154367;80874;36;0;36;1;0;;;47
8;17025;CURATIVO COTTONBABY 10UN TRAD;PERFUMARIA E LIMPEZA;82562;19/06/2026;154367;80874;36;0;36;1;0;;;63
8;18746;FRALDA DESC FERINHA JUMBINHO C 14 XXG;PERFUMARIA E LIMPEZA;82562;19/06/2026;154367;80874;12;0;12;1;0;;;8
8;9145;COND SEDA GLYCOL VIT C 425ML;PERFUMARIA E LIMPEZA;82562;19/06/2026;154367;80874;12;9;12;1;0;;;0
8;24379;SIDRA GOTA DE PRATA 660ML;BEBIDAS;82562;19/06/2026;154367;80874;12;0;12;1;0;20/06/2026;JOCELAINE;29
8;867;REFRIG COCA COLA ZERO LT 310ML C6;BEBIDAS;82562;19/06/2026;154367;80874;6;6;6;1;0;20/06/2026;JOCELAINE;1
8;23;REFRE PO TRINK 15G LARANJA BAHIA;BEBIDAS;82562;19/06/2026;154367;80874;150;9600;150;1;0;20/06/2026;JOCELAINE;198
8;17309;DESOD ROLLON REXONA 50ML F POWDER;PERFUMARIA E LIMPEZA;82562;19/06/2026;154367;80874;12;0;12;1;0;;;24
8;2058;ARROZ BCO PAMPEANO TP1 1KG;MERCEARIA;82704;19/06/2026;154669;81135;30;1590;30;1;1;24/06/2026;SANTA MARIA;111
8;2096;ARROZ BCO SANO TP1 2KG;MERCEARIA;82704;19/06/2026;154669;81135;15;630;30;2;2;24/06/2026;SANTA MARIA;3
8;38591;FEIJAO BRANCO ARBAZA 500G;MERCEARIA;82975;19/06/2026;155050;81401;12;1728;60;5;5;25/06/2026;KELLER;41
8;156;CERV BUDWEISER LT 473ML;BEBIDAS;83118;19/06/2026;155236;82094;12;156;240;20;0;;;312
11;9229;CR TRAT VINI LADY SC 700G BRILHO INTENSO;PERFUMARIA E LIMPEZA;82564;19/06/2026;154369;80882;12;72;12;1;0;;;7
11;22915;REPARADOR PONTAS JAYLUC 30ML CERAMIDAS;PERFUMARIA E LIMPEZA;82564;19/06/2026;154369;80882;24;3;24;1;0;;;37
11;23023;SAB LIQ BELEZA AMAZONIA 370ML FRUTAS VRM;PERFUMARIA E LIMPEZA;82564;19/06/2026;154369;80882;12;11;12;1;0;;;14
11;8608;TINT COR E TON LOU ESC ACI 6 1;PERFUMARIA E LIMPEZA;82564;19/06/2026;154369;80882;6;0;6;1;0;;;0
11;19315;COT HASTES FLEX COTTONBABY PT 100UN;PERFUMARIA E LIMPEZA;82564;19/06/2026;154369;80882;1;16;38;38;0;;;9
11;36245;CHOC BARRA NESTLE RECH 90G PRESTIG;MERCEARIA;82564;19/06/2026;154369;80882;14;0;14;1;0;;;24
11;1743;CHICLE FREEGELLS GUM 8G CANELA;MERCEARIA;82564;19/06/2026;154369;80882;15;0;15;1;0;;;4
11;1852;DROPS FREEGELLS 27 9G MENTA;MERCEARIA;82564;19/06/2026;154369;80882;12;672;24;2;0;;;-12
11;8603;TINT COR E TON CAST MEDIO 4 0;PERFUMARIA E LIMPEZA;82564;19/06/2026;154369;80882;6;0;6;1;0;;;5
11;9983;DESOD SANIT GOTA LIMPA 25G EUCALIPTO;PERFUMARIA E LIMPEZA;82564;19/06/2026;154369;80882;48;144;96;2;0;;;51
11;12280;AGUA OXIG BUTTERF 40V 100ML;PERFUMARIA E LIMPEZA;82564;19/06/2026;154369;80882;12;0;12;1;0;;;12
11;16874;CR DEN SORRISO 120G TRIPLA LIMPEZA COMPLETA;PERFUMARIA E LIMPEZA;82564;19/06/2026;154369;80882;72;216;144;2;0;;;82
11;3512;FERM PO BIOL GOOD INSTANT SH 10G;MERCEARIA;82564;19/06/2026;154369;80882;30;0;30;1;0;;;94
11;5235;CR DEN ORAL B 70G 3D WHIT BRI FRESH;PERFUMARIA E LIMPEZA;82564;19/06/2026;154369;80882;6;2;6;1;0;;;0
11;4466;BLOCO SANIT HIGISOL 35G ACOP FLORAL;PERFUMARIA E LIMPEZA;82564;19/06/2026;154369;80882;12;12;12;1;0;;;7
11;8246;SH JAY LUC 1L NEUTRO;PERFUMARIA E LIMPEZA;82564;19/06/2026;154369;80882;12;84;12;1;0;;;16
11;8300;SH PANTENE 300ML EQUIL ALGA MAR;PERFUMARIA E LIMPEZA;82564;19/06/2026;154369;80882;6;12;18;3;0;;;0
11;8230;SH HEAD SHOULDERS 200ML MENTHOL REFRE;PERFUMARIA E LIMPEZA;82564;19/06/2026;154369;80882;6;84;6;1;0;;;13
11;6959;LIQUIDO NUGGET 60ML PROMO PRETO;PERFUMARIA E LIMPEZA;82564;19/06/2026;154369;80882;12;0;12;1;0;;;4
11;3893;ABS C ABAS DIA NOITE 32 UN SUAVE;PERFUMARIA E LIMPEZA;82564;19/06/2026;154369;80882;16;79;16;0;0;25/06/2026;ALEXSANDRO;2
11;7926;SABONETE LUX 85G FLOR DE VERBENA;PERFUMARIA E LIMPEZA;82564;19/06/2026;154369;80882;108;0;108;1;0;;;25
11;1745;CHICLE FREEGELLS GUM 8G MENTA;MERCEARIA;82564;19/06/2026;154369;80882;15;0;15;1;0;;;9
11;1893;DROPS FREEGELLS 27 6G MORANGO CHOC;MERCEARIA;82564;19/06/2026;154369;80882;12;300;24;2;0;;;0
11;3377;CALDO KNORR 57G CARNE;MERCEARIA;82564;19/06/2026;154369;80882;10;0;10;1;0;;;0
11;8600;TINT COR E TON CAST CLR 5 0;PERFUMARIA E LIMPEZA;82564;19/06/2026;154369;80882;6;0;6;1;0;;;8
11;22118;POM MASSAG BIO CANELA VELHO 150ML;PERFUMARIA E LIMPEZA;82564;19/06/2026;154369;80882;12;0;12;1;0;;;0
11;5666;DESOD VINI LADY 45G CREME SPORT;PERFUMARIA E LIMPEZA;82564;19/06/2026;154369;80882;24;0;24;1;0;;;2
11;5673;DETERG GIRANDO SOL 500ML LIMAO;PERFUMARIA E LIMPEZA;82564;19/06/2026;154369;80882;24;4608;24;1;0;25/06/2026;ALEXSANDRO;55
11;1372;CHOC CROCANTE GAROTO 25G;MERCEARIA;82564;19/06/2026;154369;80882;30;0;30;1;0;;;45
11;17317;DESOD ROLLON REXONA 50ML XTRA COOL;PERFUMARIA E LIMPEZA;82564;19/06/2026;154369;80882;12;3;12;1;0;;;4
11;37887;TIT COR E TON S AMONIA 2 0 PTO;PERFUMARIA E LIMPEZA;82564;19/06/2026;154369;80882;6;0;6;1;0;;;0
11;8604;TINT COR E TON CHOC 6 7;PERFUMARIA E LIMPEZA;82564;19/06/2026;154369;80882;6;0;6;1;0;;;6
11;36077;KIT SH CD SALON LINE 300ML OLEO DE COCO;PERFUMARIA E LIMPEZA;82564;19/06/2026;154369;80882;6;1;6;1;0;;;0
11;7927;SABONETE LUX 85G LAVANDA;PERFUMARIA E LIMPEZA;82564;19/06/2026;154369;80882;108;1404;108;1;0;;;6
11;8622;TINT COR E TON PRETO 2 0;PERFUMARIA E LIMPEZA;82564;19/06/2026;154369;80882;6;0;6;1;0;;;12
11;17026;CURATIVO COTTONBABY 35UN TRAD;PERFUMARIA E LIMPEZA;82564;19/06/2026;154369;80882;36;0;36;1;0;;;60
11;648;WHISKY MASTER GOLD VD 900ML;BEBIDAS;82564;19/06/2026;154369;80882;1;158;1;1;0;;;14
11;17646;ENX BUCAL COLGAT PLAX FRESH MINT 750ML;PERFUMARIA E LIMPEZA;82564;19/06/2026;154369;80882;12;12;24;2;0;;;19
12;1839;PAST DOCILE ROLLY MINTY 29G MORANGO;MERCEARIA;82566;19/06/2026;154371;80887;12;0;12;0;0;19/06/2026;PAMELA;6
12;1742;CHICLE FREEGELLS GUM 8G EXTRA FORTE;MERCEARIA;82566;19/06/2026;154371;80887;15;135;15;0;0;19/06/2026;PAMELA;0
12;1847;DROPS FREEGELLS 27 9G VIT C CITRUS;MERCEARIA;82566;19/06/2026;154371;80887;12;396;24;0;0;19/06/2026;PAMELA;7
12;3422;CALDO KNOR 57G COSTELA;MERCEARIA;82566;19/06/2026;154371;80887;10;0;10;0;0;19/06/2026;PAMELA;13
12;1157;BALA FINI TUBES ARCO IRIS 80G;MERCEARIA;82566;19/06/2026;154371;80887;12;0;12;0;0;19/06/2026;PAMELA;0
12;687;ESP GARIBALDI PRIMICIAS GF 660ML ROSE;BEBIDAS;82566;19/06/2026;154371;80887;1;0;1;0;0;19/06/2026;PAMELA;4
12;1748;CHICLE FREEGELLS GUM 8G HORTELA;MERCEARIA;82566;19/06/2026;154371;80887;15;0;30;0;0;19/06/2026;PAMELA;0
12;1745;CHICLE FREEGELLS GUM 8G MENTA;MERCEARIA;82566;19/06/2026;154371;80887;15;0;15;0;0;19/06/2026;PAMELA;0
12;3512;FERM PO BIOL GOOD INSTANT SH 10G;MERCEARIA;82566;19/06/2026;154371;80887;30;0;30;0;0;19/06/2026;PAMELA;160
12;1743;CHICLE FREEGELLS GUM 8G CANELA;MERCEARIA;82566;19/06/2026;154371;80887;15;0;30;0;0;19/06/2026;PAMELA;0
12;648;WHISKY MASTER GOLD VD 900ML;BEBIDAS;82566;19/06/2026;154371;80887;1;158;1;1;1;19/06/2026;PAMELA;1
12;3420;CALDO KNOR 57G LEGUMES;MERCEARIA;82566;19/06/2026;154371;80887;10;0;10;0;0;19/06/2026;PAMELA;9
12;3377;CALDO KNORR 57G CARNE;MERCEARIA;82566;19/06/2026;154371;80887;10;0;10;0;0;19/06/2026;PAMELA;17
12;2889;MASSA C OVOS ISABELA 500G ESPAGUETINI;MERCEARIA;82836;19/06/2026;154783;81262;20;480;100;5;0;23/06/2026;EVERTON;22
12;369;REFRE FRUKITO PET 2L LIMAO;BEBIDAS;82887;19/06/2026;155001;81347;6;0;12;2;0;;AUGUSTO;13
12;744;REFRIG FRUKI PET 1 5L GUARANA ZERO;BEBIDAS;82887;19/06/2026;155001;81347;6;0;60;10;0;;AUGUSTO;4
12;25;AGUA MIN DA PEDRA PET 2L C GAS;BEBIDAS;82887;19/06/2026;155001;81347;6;0;30;5;0;;AUGUSTO;4
12;34749;CERV BELLAVISTA LT 350ML ZERO;BEBIDAS;82887;19/06/2026;155001;81347;12;24;60;5;0;;AUGUSTO;21
12;379;REFRE FRUKITO PET 200ML LIMAO;BEBIDAS;82887;19/06/2026;155001;81347;12;0;36;3;0;;AUGUSTO;40
12;12;AGUA MIN AGUA DA PEDRA PET 1 5L S GAS;BEBIDAS;82887;19/06/2026;155001;81347;6;0;84;14;0;;AUGUSTO;46
12;768;REFRIG FRUKI PET 200 ML GUARANA ZERO;BEBIDAS;82887;19/06/2026;155001;81347;12;72;120;10;0;;AUGUSTO;8
12;33266;REFRIG FRUKI PET 3 L LARANJA;BEBIDAS;82887;19/06/2026;155001;81347;4;680;8;2;0;;AUGUSTO;-1
12;823;REFRIG FRUKI PET 2L UVA;BEBIDAS;82887;19/06/2026;155001;81347;6;9;18;3;0;;;1
12;378;REFRE FRUKITO PET 200ML FRUTAS CITRICAS;BEBIDAS;82887;19/06/2026;155001;81347;12;11;120;10;0;;AUGUSTO;18
12;371;REFRE FRUKITO PET 2L UVA;BEBIDAS;82887;19/06/2026;155001;81347;6;4;18;3;0;;AUGUSTO;2
12;38591;FEIJAO BRANCO ARBAZA 500G;MERCEARIA;82979;19/06/2026;155052;81403;12;1728;120;10;0;25/06/2026;KELLER;218
12;311;VH TRADICAO TINTO 1 4L SV;BEBIDAS;83026;19/06/2026;155110;81510;6;5001;120;20;20;25/06/2026;JESSICA;93
12;298;VH SANGUE BOI TINTO 750ML SC;BEBIDAS;83026;19/06/2026;155110;81510;6;387;12;0;0;20/06/2026;JESSICA;20
12;310;VH TRADICAO TINTO 1 4L SC;BEBIDAS;83026;19/06/2026;155110;81510;6;1368;60;10;0;25/06/2026;AUGUSTO;61
13;21883;PENTE PINCEL M BONI;PERFUMARIA E LIMPEZA;82568;19/06/2026;154373;80883;12;72;12;1;0;;;8
13;8443;SILICONE DESTAQUE AERO 400ML V8;PERFUMARIA E LIMPEZA;82568;19/06/2026;154373;80883;1;0;8;0;0;19/06/2026;FELIPE;1
13;9125;COND DARLING 350ML CERAMIDAS;PERFUMARIA E LIMPEZA;82568;19/06/2026;154373;80883;6;0;6;1;0;;;13
13;3422;CALDO KNOR 57G COSTELA;MERCEARIA;82568;19/06/2026;154373;80883;10;0;10;1;0;;;0
13;8441;SILICONE DESTAQUE GEL 250G V8;PERFUMARIA E LIMPEZA;82568;19/06/2026;154373;80883;12;0;12;0;0;19/06/2026;FELIPE;6
13;17309;DESOD ROLLON REXONA 50ML F POWDER;PERFUMARIA E LIMPEZA;82568;19/06/2026;154373;80883;12;0;36;3;0;;;24
13;18815;FRALDA PAMPERS SUPERSEQUINHA C 68 M;PERFUMARIA E LIMPEZA;82568;19/06/2026;154373;80883;2;108;4;2;0;;;5
13;7490;POMADA NUGGET 36G PRETA;PERFUMARIA E LIMPEZA;82568;19/06/2026;154373;80883;12;0;12;1;0;;;15
13;8293;SH PANTENE 175ML QUERATINA;PERFUMARIA E LIMPEZA;82568;19/06/2026;154373;80883;6;48;12;2;0;;;8
13;12279;AGUA OXIG BUTTERF 30V 100ML;PERFUMARIA E LIMPEZA;82568;19/06/2026;154373;80883;12;0;12;1;0;;;22
13;24389;SILICONE DESTAQUE GEL 250G SPORT;PERFUMARIA E LIMPEZA;82568;19/06/2026;154373;80883;12;23;12;0;0;19/06/2026;FELIPE;0
13;3363;CALDO APTI 19G CARNE;MERCEARIA;82568;19/06/2026;154373;80883;24;4320;24;1;0;;;72
13;1430;CHOC KIT KAT 41 5G FINGER AO LEITE;MERCEARIA;82568;19/06/2026;154373;80883;96;6456;96;1;0;;;4
13;16593;CORT UNHA INOX PREMIUM 5 2CM 1PC;PERFUMARIA E LIMPEZA;82568;19/06/2026;154373;80883;1;0;2;0;0;19/06/2026;FELIPE;0
13;9724;LAMINA WILKINSON BARBEAR 3UN;PERFUMARIA E LIMPEZA;82568;19/06/2026;154373;80883;20;0;20;1;0;;;14
13;7946;SABON PALMOLIVE NATURALS 150G LEITE ROSA;PERFUMARIA E LIMPEZA;82568;19/06/2026;154373;80883;72;72;72;1;0;;;-23
13;13059;BANHEIRA ADOLETA INF 20L ROSA BEBE;PERFUMARIA E LIMPEZA;82568;19/06/2026;154373;80883;1;1;1;1;0;;;2
13;7667;PRETEADOR PNEUS OURO PRETO 500ML;PERFUMARIA E LIMPEZA;82568;19/06/2026;154373;80883;12;0;12;0;0;19/06/2026;FELIPE;1
13;2793;FAROFA CASEIRISSIMA YOKI 200G CEBOLA;MERCEARIA;82568;19/06/2026;154373;80883;12;12;12;1;0;25/06/2026;PIRES;8
13;3377;CALDO KNORR 57G CARNE;MERCEARIA;82568;19/06/2026;154373;80883;10;0;10;1;0;;;10
13;1157;BALA FINI TUBES ARCO IRIS 80G;MERCEARIA;82568;19/06/2026;154373;80883;12;0;12;1;0;;;0
13;8242;SH JAY LUC 1L BLIND QUERATINA;PERFUMARIA E LIMPEZA;82568;19/06/2026;154373;80883;12;96;24;2;0;;;18
13;37860;CHOC BARRA GAROTO RECH BATON 90G;MERCEARIA;82568;19/06/2026;154373;80883;14;56;14;1;0;;;94
13;1745;CHICLE FREEGELLS GUM 8G MENTA;MERCEARIA;82568;19/06/2026;154373;80883;15;0;15;1;0;;;2
13;7424;PEDRA SANITARIA SANI SOL 20G FLORAL;PERFUMARIA E LIMPEZA;82568;19/06/2026;154373;80883;144;144;144;1;0;;;99
13;24358;SH SEDA ANT CASP HIDRATACAO DIARIA 325ML;PERFUMARIA E LIMPEZA;82568;19/06/2026;154373;80883;12;1032;12;1;0;;;4
13;8299;SH PANTENE 300ML BIOTINAMINA;PERFUMARIA E LIMPEZA;82568;19/06/2026;154373;80883;6;60;12;2;0;;;10
13;1845;DROPS FREEGELLS 27 9G EUCALIPTO;MERCEARIA;82568;19/06/2026;154373;80883;12;804;24;2;0;;;-7
13;1743;CHICLE FREEGELLS GUM 8G CANELA;MERCEARIA;82568;19/06/2026;154373;80883;15;0;15;1;0;;;-13
13;17311;DESOD ROLLON REXONA 50ML INVISIBLE;PERFUMARIA E LIMPEZA;82568;19/06/2026;154373;80883;12;180;24;2;0;;;26
13;5537;DESOD AERO DOVE 89G 150ML INVISIBLE MEN;PERFUMARIA E LIMPEZA;82568;19/06/2026;154373;80883;12;298;12;1;0;;;4
13;4281;AROMAT CENTRALSUL GEL 60G MARINE;PERFUMARIA E LIMPEZA;82568;19/06/2026;154373;80883;12;0;12;0;0;19/06/2026;FELIPE;16
13;13514;BLO LIXA P UNHA BONITTA;PERFUMARIA E LIMPEZA;82568;19/06/2026;154373;80883;1;0;1;1;0;;;3
13;24320;SH ELSEVE 400ML LOREAL GLYCOLI;PERFUMARIA E LIMPEZA;82568;19/06/2026;154373;80883;12;0;12;1;0;;;2
13;8235;SH HEAD SHOULD 400ML 3X1;PERFUMARIA E LIMPEZA;82568;19/06/2026;154373;80883;6;42;12;2;0;;;16
13;17476;DUCHA ENERDUCHA UP4 6800W 220V BCO;NAO ALIMENTO;82604;19/06/2026;154396;81024;1;0;2;0;0;19/06/2026;FELIPE;5
13;16691;CP DESC DUDIGO 300ML C 100 TRANSP;NAO ALIMENTO;82604;19/06/2026;154396;81024;20;20;20;1;0;19/06/2026;FELIPE;83
13;12995;BAND BRASIL 60X40;NAO ALIMENTO;82604;19/06/2026;154396;81024;1;0;1;0;0;19/06/2026;FELIPE;-108
13;15115;CAD ESPI CD 80FLS CARTOGRAFIA T DUDA;NAO ALIMENTO;82604;19/06/2026;154396;81024;4;0;4;0;0;19/06/2026;FELIPE;0
13;7663;REGUA ESCOLAR LEO LEO PLAST 30CM;NAO ALIMENTO;82604;19/06/2026;154396;81024;25;50;25;1;0;19/06/2026;FELIPE;15
13;33305;TAPETE BOX OVAL PVC 61X35CM;NAO ALIMENTO;82604;19/06/2026;154396;81024;1;21;1;1;0;19/06/2026;FELIPE;15
13;36297;CANETA ESF TRIGLOW LYKE C 10 CORES;NAO ALIMENTO;82604;19/06/2026;154396;81024;10;80;10;1;0;19/06/2026;FELIPE;0
13;15051;CAD ESPI CD 1X1 80FLS DISNEY EMOJI;NAO ALIMENTO;82604;19/06/2026;154396;81024;4;0;4;0;0;19/06/2026;FELIPE;22
13;35915;CALCULADORA DE MESA 12 DIG;NAO ALIMENTO;82604;19/06/2026;154396;81024;1;53;11;11;0;19/06/2026;FELIPE;0
13;4552;CANETA JOGAR OFFICE 8ML CORRETIVA;NAO ALIMENTO;82604;19/06/2026;154396;81024;24;17;24;1;0;19/06/2026;FELIPE;11
13;16724;CP MEDIDOR PLAST 500ML;NAO ALIMENTO;82604;19/06/2026;154396;81024;1;0;1;0;0;19/06/2026;FELIPE;1
13;14988;CAD ESPI CD 1 4 80FLS LIGA DA JUSTIC;NAO ALIMENTO;82604;19/06/2026;154396;81024;5;0;5;0;0;19/06/2026;FELIPE;5
13;15033;CAD ESPI CD 10X1 200FLS BRASILIDADE;NAO ALIMENTO;82604;19/06/2026;154396;81024;1;28;4;4;0;19/06/2026;FELIPE;-10
13;19951;LAP COR EVOLUTION C 12 4 LAP BIC;NAO ALIMENTO;82604;19/06/2026;154396;81024;6;0;30;0;0;19/06/2026;FELIPE;5
13;18521;FILTRO P BOMBA CHIMARRAO C 2;NAO ALIMENTO;82604;19/06/2026;154396;81024;10;8100;10;1;0;19/06/2026;FELIPE;348
13;22275;PORTA SAB LIQ SANREMO 280ML;NAO ALIMENTO;82604;19/06/2026;154396;81024;1;0;10;0;0;19/06/2026;FELIPE;22
13;35020;DUCHA GORDUCHA ZAFONEL 4T 220V;NAO ALIMENTO;82604;19/06/2026;154396;81024;1;0;2;0;0;19/06/2026;FELIPE;0
13;15113;CAD ESPI CD 80FLS CARTOGRAFIA SWEETNESS;NAO ALIMENTO;82604;19/06/2026;154396;81024;4;15;4;4;0;19/06/2026;FELIPE;0
13;21895;PERUCA DO BRASIL;NAO ALIMENTO;82604;19/06/2026;154396;81024;1;0;2;0;0;19/06/2026;FELIPE;-10
13;9305;DUCHA FAME 220V 6800W 4 TEMP;NAO ALIMENTO;82604;19/06/2026;154396;81024;14;308;14;14;0;19/06/2026;FELIPE;16
13;15031;CAD ESPI CD 10X1 160FLS SWEETNESS;NAO ALIMENTO;82604;19/06/2026;154396;81024;4;20;4;1;0;19/06/2026;FELIPE;12
13;21932;PILHA ELGIN PALITO AAA C 4;NAO ALIMENTO;82604;19/06/2026;154396;81024;10;650;10;1;0;19/06/2026;FELIPE;106
13;37186;CORTINA P BOX EVA 0 6M 180X180;NAO ALIMENTO;82604;19/06/2026;154396;81024;1;0;2;0;0;19/06/2026;FELIPE;-7
13;15030;CAD ESPI CD 10X1 160FLS STONE;NAO ALIMENTO;82604;19/06/2026;154396;81024;4;0;4;0;0;19/06/2026;FELIPE;0
14;9145;COND SEDA GLYCOL VIT C 425ML;PERFUMARIA E LIMPEZA;82570;19/06/2026;154375;80884;12;9;12;1;0;;;1
14;1845;DROPS FREEGELLS 27 9G EUCALIPTO;MERCEARIA;82570;19/06/2026;154375;80884;12;804;24;0;0;22/06/2026;ALEX JARDIM;-1
14;3394;CALDO GALINHA KNORR 114G;MERCEARIA;82570;19/06/2026;154375;80884;1;722;24;24;24;22/06/2026;ALEX JARDIM;5
14;8230;SH HEAD SHOULDERS 200ML MENTHOL REFRE;PERFUMARIA E LIMPEZA;82570;19/06/2026;154375;80884;6;84;12;2;0;;;8
14;1748;CHICLE FREEGELLS GUM 8G HORTELA;MERCEARIA;82570;19/06/2026;154375;80884;15;0;15;1;1;22/06/2026;ALEX JARDIM;4
14;1849;DROPS FREEGELLS 27 9G EXTRA FORTE;MERCEARIA;82570;19/06/2026;154375;80884;12;1332;24;0;0;22/06/2026;ALEX JARDIM;-26
14;1058;ALFAJOR EL AGUILA 60G CHOC;MERCEARIA;82570;19/06/2026;154375;80884;12;48;24;0;0;22/06/2026;ALEX JARDIM;-10
14;1157;BALA FINI TUBES ARCO IRIS 80G;MERCEARIA;82570;19/06/2026;154375;80884;12;0;12;0;0;22/06/2026;ALEX JARDIM;0
14;3422;CALDO KNOR 57G COSTELA;MERCEARIA;82570;19/06/2026;154375;80884;10;0;10;0;0;22/06/2026;ALEX JARDIM;10
14;1742;CHICLE FREEGELLS GUM 8G EXTRA FORTE;MERCEARIA;82570;19/06/2026;154375;80884;15;135;15;0;0;22/06/2026;ALEX JARDIM;3
14;1740;CHICLE FREEGELLS GUM 8G MORANGO;MERCEARIA;82570;19/06/2026;154375;80884;15;675;15;0;0;22/06/2026;ALEX JARDIM;1
14;24366;KIT SH CD COTTONBABY SNOOPY 200ML GOTAS CAMOMILA;PERFUMARIA E LIMPEZA;82570;19/06/2026;154375;80884;6;12;6;1;0;;;7
14;3428;CREME CEBOLA MAGGI 68G;MERCEARIA;82570;19/06/2026;154375;80884;12;0;12;1;1;22/06/2026;ALEX JARDIM;15
14;1983;CAPPUCCINO PRONTO 3C 260ML CLASSIC;MERCEARIA;82570;19/06/2026;154375;80884;6;18;12;0;0;22/06/2026;ALEX JARDIM;-1
14;1354;CHOC BATON GAROTO 16G BRANCO;MERCEARIA;82570;19/06/2026;154375;80884;30;30;30;0;0;22/06/2026;ALEX JARDIM;13
14;38618;CREME DE PENTEAR SEDA BOOM DEF 1KG;PERFUMARIA E LIMPEZA;82570;19/06/2026;154375;80884;1;1;1;1;0;;;1
14;22794;RATICIDA RATICID GRANULADO 25G;PERFUMARIA E LIMPEZA;82570;19/06/2026;154375;80884;480;0;480;1;0;;;207
14;12279;AGUA OXIG BUTTERF 30V 100ML;PERFUMARIA E LIMPEZA;82570;19/06/2026;154375;80884;12;0;12;1;0;;;14
14;7490;POMADA NUGGET 36G PRETA;PERFUMARIA E LIMPEZA;82570;19/06/2026;154375;80884;12;0;12;1;0;;;23
14;17311;DESOD ROLLON REXONA 50ML INVISIBLE;PERFUMARIA E LIMPEZA;82570;19/06/2026;154375;80884;12;180;24;2;0;;;9
14;7925;SABONETE LUX 85G FLOR DE LOTUS;PERFUMARIA E LIMPEZA;82570;19/06/2026;154375;80884;108;1728;108;1;0;;;30
14;17025;CURATIVO COTTONBABY 10UN TRAD;PERFUMARIA E LIMPEZA;82570;19/06/2026;154375;80884;36;0;36;1;0;;;75
14;8149;SH ANTIC CLEAR 200ML MEN LIMPEZA PROFUND;PERFUMARIA E LIMPEZA;82570;19/06/2026;154375;80884;12;0;12;1;0;;;19
14;19791;KIT SH CD NEUTROX 300ML 200ML CLASSICO;PERFUMARIA E LIMPEZA;82570;19/06/2026;154375;80884;12;348;36;3;0;;;24
14;24323;SH GENIAL PET 2 EM 1 500ML;PRODUTOS PET;82570;19/06/2026;154375;80884;1;0;1;1;0;;;4
14;8245;SH JAY LUC 1L MICELAR;PERFUMARIA E LIMPEZA;82570;19/06/2026;154375;80884;12;12;12;1;0;;;17
14;35563;ESC DENT ORAL B COLORS COLECTION C4;PERFUMARIA E LIMPEZA;82570;19/06/2026;154375;80884;6;92;6;1;0;;;2
14;16865;CR DENT SENSODYNE SENS GENGIVAS 100G;PERFUMARIA E LIMPEZA;82570;19/06/2026;154375;80884;12;0;12;1;0;;;35
14;8299;SH PANTENE 300ML BIOTINAMINA;PERFUMARIA E LIMPEZA;82570;19/06/2026;154375;80884;6;60;12;2;0;;;7
14;3377;CALDO KNORR 57G CARNE;MERCEARIA;82570;19/06/2026;154375;80884;10;0;10;0;0;22/06/2026;ALEX JARDIM;18
14;1852;DROPS FREEGELLS 27 9G MENTA;MERCEARIA;82570;19/06/2026;154375;80884;12;672;12;0;0;22/06/2026;ALEX JARDIM;2
14;1847;DROPS FREEGELLS 27 9G VIT C CITRUS;MERCEARIA;82570;19/06/2026;154375;80884;12;396;12;0;0;22/06/2026;ALEX JARDIM;3
14;3512;FERM PO BIOL GOOD INSTANT SH 10G;MERCEARIA;82570;19/06/2026;154375;80884;30;0;30;0;0;22/06/2026;ALEX JARDIM;107
14;1886;PASTILHA TIC TAC 14 5G FRUTAS;MERCEARIA;82570;19/06/2026;154375;80884;14;0;14;0;0;22/06/2026;ALEX JARDIM;-40
14;8242;SH JAY LUC 1L BLIND QUERATINA;PERFUMARIA E LIMPEZA;82570;19/06/2026;154375;80884;12;96;12;1;0;;;23
14;7424;PEDRA SANITARIA SANI SOL 20G FLORAL;PERFUMARIA E LIMPEZA;82570;19/06/2026;154375;80884;144;144;144;1;0;;;222
14;8244;SH JAY LUC 1L COCO SEM SAL;PERFUMARIA E LIMPEZA;82570;19/06/2026;154375;80884;12;0;12;1;0;;;13
14;1743;CHICLE FREEGELLS GUM 8G CANELA;MERCEARIA;82570;19/06/2026;154375;80884;15;0;15;1;1;22/06/2026;ALEX JARDIM;8
14;1745;CHICLE FREEGELLS GUM 8G MENTA;MERCEARIA;82570;19/06/2026;154375;80884;15;0;15;1;1;22/06/2026;ALEX JARDIM;-17
14;15659;CD NEUTROX 300ML CLASSICO;PERFUMARIA E LIMPEZA;82570;19/06/2026;154375;80884;12;10;12;1;0;;;25
14;3635;SAL MOIDO CBS 1KG;MERCEARIA;82570;19/06/2026;154375;80884;10;446;40;4;0;25/06/2026;KELLER;48
14;5805;ESC DENTAL COLGATE CLASSIC LONG MD 8460;PERFUMARIA E LIMPEZA;82570;19/06/2026;154375;80884;12;156;12;1;0;;;1
14;8284;SH PANTENE 175ML BIOTINAMINA;PERFUMARIA E LIMPEZA;82570;19/06/2026;154375;80884;6;90;12;2;0;;;7
14;2058;ARROZ BCO PAMPEANO TP1 1KG;MERCEARIA;82712;19/06/2026;155639;81786;30;1590;30;1;0;25/06/2026;PIRES;113
17;3377;CALDO KNORR 57G CARNE;MERCEARIA;82572;19/06/2026;154377;80885;10;0;10;1;0;;;2
17;3512;FERM PO BIOL GOOD INSTANT SH 10G;MERCEARIA;82572;19/06/2026;154377;80885;30;0;30;1;0;;;-6
17;35113;KIT SH CD PANTENE 300 150ML BOND REPAIR;PERFUMARIA E LIMPEZA;82572;19/06/2026;154377;80885;6;122;6;1;0;;;-6
17;6021;ESPUMA BARBA BOZZANO 193G HIDRATACAO;PERFUMARIA E LIMPEZA;82572;19/06/2026;154377;80885;1;0;1;0;0;;;4
17;13059;BANHEIRA ADOLETA INF 20L ROSA BEBE;PERFUMARIA E LIMPEZA;82572;19/06/2026;154377;80885;1;1;1;1;0;;;1
17;15659;CD NEUTROX 300ML CLASSICO;PERFUMARIA E LIMPEZA;82572;19/06/2026;154377;80885;12;10;12;1;0;;;14
17;1157;BALA FINI TUBES ARCO IRIS 80G;MERCEARIA;82572;19/06/2026;154377;80885;12;0;12;1;0;;;-3
17;6617;KIT SH SEDA SH 300 COND 190ML LISO PERFEITO;PERFUMARIA E LIMPEZA;82572;19/06/2026;154377;80885;15;2445;15;1;0;;;-28
17;7872;SABONETE DOVE 90G PROTEGE CUIDA;PERFUMARIA E LIMPEZA;82572;19/06/2026;154377;80885;48;5574;48;1;0;;;-3
17;21687;PAPEL HIG MILI PERFUM FLA DPL 30M 12UN;PERFUMARIA E LIMPEZA;82572;19/06/2026;154377;80885;8;0;8;0;0;19/06/2026;ELIAS;-9
17;8203;KIT ELSEVE SH COND 375ML 170ML OLEO EXTR;PERFUMARIA E LIMPEZA;82572;19/06/2026;154377;80885;6;1;6;1;0;;;9
17;8152;SH ANTIC CLEAR LV200ML PG170ML MEN ICE COOL MENTHO;PERFUMARIA E LIMPEZA;82572;19/06/2026;154377;80885;12;912;24;2;0;;;59
17;17660;ENX BUCAL COLGATE PLAX L500P350ML FRESH MINT;PERFUMARIA E LIMPEZA;82572;19/06/2026;154377;80885;12;12;12;1;0;;;-6
17;8414;SH COND TRESEMME 350ML 175ML BRILHO LAMELAR;PERFUMARIA E LIMPEZA;82572;19/06/2026;154377;80885;16;31;32;2;0;;;17
17;9975;PAST ADESIVA HIGISOL 3UN CITRICO;PERFUMARIA E LIMPEZA;82572;19/06/2026;154377;80885;24;0;24;1;0;;;0
17;23092;SAB LIQ SENSUS LUXO 220ML SEDUCAO;PERFUMARIA E LIMPEZA;82572;19/06/2026;154377;80885;12;132;12;1;0;;;22
17;5275;CR DENTAL TANDY 50G MORANGO;PERFUMARIA E LIMPEZA;82572;19/06/2026;154377;80885;12;0;12;1;0;;;14
17;8427;SH350 COND PANTENE 175ML LISO;PERFUMARIA E LIMPEZA;82572;19/06/2026;154377;80885;6;30;6;1;0;;;-6
17;33649;SAB LIQ MADE IN BRAZIL 1L CEREJA;PERFUMARIA E LIMPEZA;82572;19/06/2026;154377;80885;12;0;12;1;0;;;-5
17;36660;BLOQ ODORES AMAZON 60ML CAPIM LIMAO;PERFUMARIA E LIMPEZA;82572;19/06/2026;154377;80885;12;0;12;1;0;;;3
17;16908;CR COTTONBABY 45G PREV ASSADURAS;PERFUMARIA E LIMPEZA;82572;19/06/2026;154377;80885;12;72;12;1;0;;;29
17;33887;KIT SH CD DOVE 350ML 175ML AMINOACIDO;PERFUMARIA E LIMPEZA;82572;19/06/2026;154377;80885;8;72;8;1;0;;;10
17;8611;TINT COR E TON LOURO CL 8 0;PERFUMARIA E LIMPEZA;82572;19/06/2026;154377;80885;6;0;18;3;0;;;6
17;17311;DESOD ROLLON REXONA 50ML INVISIBLE;PERFUMARIA E LIMPEZA;82572;19/06/2026;154377;80885;12;180;24;2;0;;;-10
17;7425;PEDRA SANITARIA SANI SOL 20G JASMIN;PERFUMARIA E LIMPEZA;82572;19/06/2026;154377;80885;144;4032;144;0;0;;;178
17;1748;CHICLE FREEGELLS GUM 8G HORTELA;MERCEARIA;82572;19/06/2026;154377;80885;15;0;30;2;0;;;-20
17;8615;TINT COR E TON LOURO ESC 6 0;PERFUMARIA E LIMPEZA;82572;19/06/2026;154377;80885;6;0;6;1;0;;;12
17;15640;COND DARLING 350ML DETOX;PERFUMARIA E LIMPEZA;82572;19/06/2026;154377;80885;6;0;6;1;0;;;6
17;16844;CR DEN COLGATE T ACAO XTRA 120G WHITE;PERFUMARIA E LIMPEZA;82572;19/06/2026;154377;80885;72;384;72;1;0;;;-129
17;1847;DROPS FREEGELLS 27 9G VIT C CITRUS;MERCEARIA;82572;19/06/2026;154377;80885;12;396;24;2;0;;;-3
17;34976;SAB MARAN SUAVE 80G ERVA DOCE;PERFUMARIA E LIMPEZA;83032;19/06/2026;155113;81513;108;22464;216;2;0;23/06/2026;MONIQUE;463
18;3893;ABS C ABAS DIA NOITE 32 UN SUAVE;PERFUMARIA E LIMPEZA;82574;19/06/2026;154379;80886;16;79;16;1;0;;;16
18;1745;CHICLE FREEGELLS GUM 8G MENTA;MERCEARIA;82574;19/06/2026;154379;80886;15;0;15;1;0;;;4
18;2814;POLENTA PERDIZ 500G INST TEMP;MERCEARIA;82574;19/06/2026;154379;80886;12;132;108;9;0;;;88
18;6914;LIMP PES VEJA 20PCTO DESC 1L ORIGINAL;PERFUMARIA E LIMPEZA;82574;19/06/2026;154379;80886;12;0;12;1;0;19/06/2026;BRUNO ANTUNES;17
18;8296;SH PANTENE 200ML BAMBU;PERFUMARIA E LIMPEZA;82574;19/06/2026;154379;80886;6;156;24;4;4;19/06/2026;PAMELA;15
18;8238;SH HEAD SHOULD 400ML MENTHOL;PERFUMARIA E LIMPEZA;82574;19/06/2026;154379;80886;6;0;12;2;2;19/06/2026;PAMELA;16
18;9587;DESOD SANIT ADES GOTA LIMPA 41G 7D EUCALIPTO;PERFUMARIA E LIMPEZA;82574;19/06/2026;154379;80886;12;-12;12;0;0;19/06/2026;PAMELA;19
18;6884;LIMP MULT Q BOA 500ML LAVANDA;PERFUMARIA E LIMPEZA;82574;19/06/2026;154379;80886;12;132;12;1;0;19/06/2026;BRUNO ANTUNES;24
18;10202;SABAO BARRA GIRANDO SOL GLIC 5X200G;PERFUMARIA E LIMPEZA;82574;19/06/2026;154379;80886;10;9;10;1;0;19/06/2026;BRUNO ANTUNES;19
18;8232;SH HEAD SHOULDERS 200ML PREV QUEDA;PERFUMARIA E LIMPEZA;82574;19/06/2026;154379;80886;6;30;12;2;2;19/06/2026;PAMELA;9
18;8299;SH PANTENE 300ML BIOTINAMINA;PERFUMARIA E LIMPEZA;82574;19/06/2026;154379;80886;6;60;12;1;1;19/06/2026;PAMELA;9
18;22681;RAC ALCON PEIXE COLOURS 10G;PRODUTOS PET;82574;19/06/2026;154379;80886;12;60;12;1;1;19/06/2026;PAMELA;20
18;15724;CERA LIQ ANDREIA 750ML VERM;PERFUMARIA E LIMPEZA;82574;19/06/2026;154379;80886;12;48;24;2;0;19/06/2026;BRUNO ANTUNES;13
18;1157;BALA FINI TUBES ARCO IRIS 80G;MERCEARIA;82574;19/06/2026;154379;80886;12;0;12;1;0;;;6
18;8230;SH HEAD SHOULDERS 200ML MENTHOL REFRE;PERFUMARIA E LIMPEZA;82574;19/06/2026;154379;80886;6;84;12;2;2;19/06/2026;PAMELA;10
18;8140;SH ANTIC CLEAR 400ML ICE COOL MENTOL;PERFUMARIA E LIMPEZA;82574;19/06/2026;154379;80886;12;0;12;1;1;19/06/2026;PAMELA;24
18;36264;DET LIQ APYCE SUPER ACAO SH 800ML;PERFUMARIA E LIMPEZA;82574;19/06/2026;154379;80886;12;168;12;1;0;19/06/2026;BRUNO ANTUNES;0
18;12411;AMACIANTE GIRANDO SOL 500ML COCO;PERFUMARIA E LIMPEZA;82574;19/06/2026;154379;80886;12;24;12;1;0;19/06/2026;BRUNO ANTUNES;21
18;2991;ACUCAR MASCAVO CBS 500G;MERCEARIA;82574;19/06/2026;154379;80886;20;0;40;2;0;;;11
18;3431;SOPA GALINHA MAGGI 60G FIDELINI;MERCEARIA;82574;19/06/2026;154379;80886;10;19;10;1;0;;;-4
18;3428;CREME CEBOLA MAGGI 68G;MERCEARIA;82574;19/06/2026;154379;80886;12;0;12;1;0;;;16
18;19315;COT HASTES FLEX COTTONBABY PT 100UN;PERFUMARIA E LIMPEZA;82574;19/06/2026;154379;80886;1;16;16;16;16;19/06/2026;PAMELA;14
18;8233;SH HEAD SHOULDERS 200ML REMO OLEOSIDA;PERFUMARIA E LIMPEZA;82574;19/06/2026;154379;80886;6;0;12;2;2;19/06/2026;PAMELA;16
18;36199;SAB LIQ MADE IN BRAZIL 1L CHA BCO;PERFUMARIA E LIMPEZA;82574;19/06/2026;154379;80886;12;48;24;2;0;19/06/2026;BRUNO ANTUNES;0
18;8561;TALCO VINI LADY 200G BABY LAVANDA;PERFUMARIA E LIMPEZA;82574;19/06/2026;154379;80886;12;0;12;0;0;19/06/2026;PAMELA;5
18;17341;DET LIQ BIO KRISS 500ML NEUTRO;PERFUMARIA E LIMPEZA;82574;19/06/2026;154379;80886;24;72;96;4;0;19/06/2026;BRUNO ANTUNES;-3
18;1893;DROPS FREEGELLS 27 6G MORANGO CHOC;MERCEARIA;82574;19/06/2026;154379;80886;12;300;24;2;0;;;2
18;8228;SH HEAD SHOULDERS 200ML LIMPEZA EFICAZ;PERFUMARIA E LIMPEZA;82574;19/06/2026;154379;80886;6;0;12;2;2;19/06/2026;PAMELA;16
18;17293;DESOD ROLLON DOVE 50ML MAN INVISIBL D;PERFUMARIA E LIMPEZA;82574;19/06/2026;154379;80886;12;60;12;1;1;19/06/2026;PAMELA;18
18;8284;SH PANTENE 175ML BIOTINAMINA;PERFUMARIA E LIMPEZA;82574;19/06/2026;154379;80886;6;90;12;2;2;19/06/2026;PAMELA;9
18;22915;REPARADOR PONTAS JAYLUC 30ML CERAMIDAS;PERFUMARIA E LIMPEZA;82574;19/06/2026;154379;80886;24;3;48;2;2;19/06/2026;PAMELA;45
18;4256;AP PRESTOBARBA ULTRAGRIP 3L CART2UN;PERFUMARIA E LIMPEZA;82574;19/06/2026;154379;80886;1;0;1;0;0;19/06/2026;PAMELA;-10
18;6874;LIMP M USO YPE 500ML CLASSICO;PERFUMARIA E LIMPEZA;82574;19/06/2026;154379;80886;12;48;12;1;0;19/06/2026;BRUNO ANTUNES;19
18;6689;LAVA ROUPA ARIEL 700ML CLASSIC REF;PERFUMARIA E LIMPEZA;82574;19/06/2026;154379;80886;10;59;10;10;0;19/06/2026;BRUNO ANTUNES;0
18;1845;DROPS FREEGELLS 27 9G EUCALIPTO;MERCEARIA;82574;19/06/2026;154379;80886;12;804;12;1;0;;;-9
18;3422;CALDO KNOR 57G COSTELA;MERCEARIA;82574;19/06/2026;154379;80886;10;0;20;2;0;;;1
18;17309;DESOD ROLLON REXONA 50ML F POWDER;PERFUMARIA E LIMPEZA;82574;19/06/2026;154379;80886;12;0;36;3;3;19/06/2026;PAMELA;22
18;8236;SH HEAD SHOULD 400ML ANTI COCEIRA;PERFUMARIA E LIMPEZA;82574;19/06/2026;154379;80886;6;12;12;2;2;19/06/2026;PAMELA;16
18;3628;SAL GROSSO CBS 1KG;MERCEARIA;82574;19/06/2026;154379;80886;15;60;90;6;0;25/06/2026;PIRES;-21,168
18;1743;CHICLE FREEGELLS GUM 8G CANELA;MERCEARIA;82574;19/06/2026;154379;80886;15;0;15;1;0;;;8
18;1852;DROPS FREEGELLS 27 9G MENTA;MERCEARIA;82574;19/06/2026;154379;80886;12;672;24;2;0;;;-23
18;633;VODKA TAIGA PREMIUM VD 1L;BEBIDAS;82574;19/06/2026;154379;80886;1;0;1;1;0;;;9
18;8288;SH PANTENE 175ML EQUIL ALGA MAR;PERFUMARIA E LIMPEZA;82574;19/06/2026;154379;80886;6;24;12;2;2;19/06/2026;PAMELA;6
18;38591;FEIJAO BRANCO ARBAZA 500G;MERCEARIA;82987;19/06/2026;155056;81407;12;1728;120;10;10;25/06/2026;KELLER;260
18;311;VH TRADICAO TINTO 1 4L SV;BEBIDAS;83034;19/06/2026;155114;81514;6;5001;30;5;0;25/06/2026;JESSICA;74
18;12395;AMACIANTE AQUAFAST 2L VERM SED;PERFUMARIA E LIMPEZA;83065;19/06/2026;155138;81514;6;270;30;5;5;24/06/2026;ALEXSANDRO;23
18;4216;AMAC YPE 2L DELICADO AMOR;PERFUMARIA E LIMPEZA;83065;19/06/2026;155138;81514;6;54;30;0;0;24/06/2026;ALEXSANDRO;6
18;4217;AMAC YPE 2L ACONCHEGO;PERFUMARIA E LIMPEZA;83065;19/06/2026;155138;81514;6;708;30;0;0;24/06/2026;ALEXSANDRO;23
18;4218;AMAC YPE 2L INTENSO;PERFUMARIA E LIMPEZA;83065;19/06/2026;155138;81514;6;726;30;0;0;24/06/2026;ALEXSANDRO;5
1;6795;LEITE UHT TIROL 1L ZERO LAC;PERECIVEIS;83150;20/06/2026;155312;82095;12;336;12;1;0;;;-10
1;9756;LEITE TIROL INTEGRAL ZR LACTOSE 1L;PERECIVEIS;83150;20/06/2026;155312;82095;12;72;12;1;0;;;-2
1;2911;ACHOC LIQ ITALAC 200ML;MERCEARIA;83178;20/06/2026;155326;82095;24;432;24;1;0;;;22
1;1849;DROPS FREEGELLS 27 9G EXTRA FORTE;MERCEARIA;83178;20/06/2026;155326;82095;12;1332;24;2;0;;;-1754
1;21119;MOLHO TOM TARANTELLA TRAD 1 7KG;MERCEARIA;83178;20/06/2026;155326;82095;6;12;6;1;0;;;3
1;847;REFRIG COCA COLA PET 600ML;BEBIDAS;83178;20/06/2026;155326;82095;12;16;12;2;0;;;50
1;2118;ARROZ BCO SABOROSO TP1 2KG;MERCEARIA;83178;20/06/2026;155326;82095;15;-255;15;1;1;25/06/2026;KELLER;0
1;17309;DESOD ROLLON REXONA 50ML F POWDER;PERFUMARIA E LIMPEZA;83178;20/06/2026;155326;82095;12;0;12;1;0;;;4
1;5680;DET LIQ GOTA LIMPA 500ML MACA;PERFUMARIA E LIMPEZA;83178;20/06/2026;155326;82095;24;2160;96;54;0;;;0
1;2136;ARROZ BCO JATAI TP3 5KG;MERCEARIA;83178;20/06/2026;155326;82095;6;204;6;2;2;25/06/2026;KELLER;0
1;34588;SAL REFINADO CAMPEAO 1KG;MERCEARIA;83178;20/06/2026;155326;82095;30;30;30;0;0;25/06/2026;KELLER;-9
1;2385;LENTILHA BELLA DICA 400G;MERCEARIA;83178;20/06/2026;155326;82095;12;24;12;0;0;25/06/2026;KELLER;0
1;7424;PEDRA SANITARIA SANI SOL 20G FLORAL;PERFUMARIA E LIMPEZA;83178;20/06/2026;155326;82095;144;144;144;1;0;;;-60
1;1894;DROPS FREEGELLS 27 6G CEREJA CHOC;MERCEARIA;83178;20/06/2026;155326;82095;12;672;12;1;0;;;-313
1;16874;CR DEN SORRISO 120G TRIPLA LIMPEZA COMPLETA;PERFUMARIA E LIMPEZA;83178;20/06/2026;155326;82095;72;216;72;1;0;;;9
1;842;EXT TOM FUGINI SH 1 7KG;MERCEARIA;83178;20/06/2026;155326;82095;6;6;6;2;0;;;0
1;12237;ACUCAR REFINADO GASPARIN 1KG;MERCEARIA;83178;20/06/2026;155326;82095;10;2261;10;2;0;;;0
1;2747;FARINHA TRIGO ROSESOL 5KG;MERCEARIA;83178;20/06/2026;155326;82095;5;45;5;0;0;25/06/2026;KELLER;0
1;9297;DET LIQ GOTA LIMPA 1L MACA;PERFUMARIA E LIMPEZA;83306;20/06/2026;155748;82095;12;636;360;30;0;;;20
1;5680;DET LIQ GOTA LIMPA 500ML MACA;PERFUMARIA E LIMPEZA;83306;20/06/2026;155748;82095;24;2160;1200;54;0;;;0
2;1845;DROPS FREEGELLS 27 9G EUCALIPTO;MERCEARIA;83180;20/06/2026;155327;82102;12;804;12;1;0;;;5
2;19315;COT HASTES FLEX COTTONBABY PT 100UN;PERFUMARIA E LIMPEZA;83180;20/06/2026;155327;82102;1;16;2;2;0;;;29
2;1157;BALA FINI TUBES ARCO IRIS 80G;MERCEARIA;83180;20/06/2026;155327;82102;12;0;12;1;0;;;1
2;16155;CHUP LOLLY RED SIL ORT T2 ROSA;PERFUMARIA E LIMPEZA;83180;20/06/2026;155327;82102;12;0;12;1;0;;;7
2;24820;TINTURA BELAECOR 147G 4 66 VERM PROF;PERFUMARIA E LIMPEZA;83180;20/06/2026;155327;82102;6;0;6;1;0;;;13
2;33887;KIT SH CD DOVE 350ML 175ML AMINOACIDO;PERFUMARIA E LIMPEZA;83180;20/06/2026;155327;82102;8;72;16;2;0;;;9
2;33662;SH DOVE 190ML REC AMINOACIDO;PERFUMARIA E LIMPEZA;83180;20/06/2026;155327;82102;12;144;12;1;0;;;13
2;4258;AP PROBAK II LV7 PG5;PERFUMARIA E LIMPEZA;83180;20/06/2026;155327;82102;1;277;1;1;0;;;63
2;21787;PEDRA POMES STA CLARA R 199;PERFUMARIA E LIMPEZA;83180;20/06/2026;155327;82102;6;0;6;1;0;;;3
2;35687;DESOD CREME SECRET CLEAR COTT 45G GEL;PERFUMARIA E LIMPEZA;83180;20/06/2026;155327;82102;1;0;9;10;0;;;10
2;2074;ARROZ BCO SANO TP1 1KG;MERCEARIA;83180;20/06/2026;155327;82102;30;0;30;0;0;;;72
2;2227;ARROZ PARBO PRATO FINO TP1 2KG;MERCEARIA;83180;20/06/2026;155327;82102;5;5;5;1;0;;;20
2;8224;SH HEAD SHOULDERS 200ML ANT COCEIRA;PERFUMARIA E LIMPEZA;83180;20/06/2026;155327;82102;6;42;6;1;0;;;11
2;2717;FARINHA TRIGO FIDALGA 1KG;MERCEARIA;83180;20/06/2026;155327;82102;10;10;40;4;0;;;14
2;38619;SH DOVE UMECTACAO E COCO 370ML;PERFUMARIA E LIMPEZA;83180;20/06/2026;155327;82102;1;1;1;2;0;;;0
2;4259;AP PRESTOBARBA ULTRA GRIP 2UN;PERFUMARIA E LIMPEZA;83180;20/06/2026;155327;82102;12;456;12;1;0;;;42
2;289;CERV SOL PREMIUM LN 330ML;BEBIDAS;83180;20/06/2026;155327;82102;24;84;24;2;0;;;6
2;102;CERV ANTARCTICA SUBZERO GF 1L RETORNAVEL;BEBIDAS;83180;20/06/2026;155327;82102;12;480;36;3;0;;;0
2;1983;CAPPUCCINO PRONTO 3C 260ML CLASSIC;MERCEARIA;83180;20/06/2026;155327;82102;6;18;6;1;0;;;8
2;7490;POMADA NUGGET 36G PRETA;PERFUMARIA E LIMPEZA;83180;20/06/2026;155327;82102;12;0;12;1;0;;;44
2;237;CERV BUDWEISER LN 330ML;BEBIDAS;83180;20/06/2026;155327;82102;24;744;24;1;0;;;15
2;38616;CD SEDA COLAGENO VIT INT 250ML;PERFUMARIA E LIMPEZA;83180;20/06/2026;155327;82102;1;1;1;2;0;;;0
2;9704;KIT ELSEVE SH 375ML COND 170ML CACHO SONHOS;PERFUMARIA E LIMPEZA;83180;20/06/2026;155327;82102;6;0;6;1;0;;;27
2;5653;DESOD ROLLON NIVEA 50ML FM IN B W CLEAR;PERFUMARIA E LIMPEZA;83180;20/06/2026;155327;82102;12;0;12;1;0;;;2
2;8230;SH HEAD SHOULDERS 200ML MENTHOL REFRE;PERFUMARIA E LIMPEZA;83180;20/06/2026;155327;82102;6;84;6;1;0;;;9
2;847;REFRIG COCA COLA PET 600ML;BEBIDAS;83180;20/06/2026;155327;82102;12;16;24;3;0;;;-33
2;5308;CR PENT SEDA 300ML LISO PERFEITO;PERFUMARIA E LIMPEZA;83180;20/06/2026;155327;82102;12;312;12;1;0;;;31
2;22903;REMOV ESM AMAZONIA 80ML;PERFUMARIA E LIMPEZA;83180;20/06/2026;155327;82102;12;324;24;2;0;;;10
2;213;CERV SKOL PILSEN LT 473ML;BEBIDAS;83180;20/06/2026;155327;82102;12;852;144;32;0;;;3843
2;1289;CHOC BARRA NESTLE 80G PRESTIGIO;MERCEARIA;83180;20/06/2026;155327;82102;64;256;64;1;0;;;20
2;13403;BISC DOCE NESTLE CHOCO TRIO 90G PRESTIGIO;MERCEARIA;83280;20/06/2026;155685;82102;12;3;36;3;0;;;106
3;6795;LEITE UHT TIROL 1L ZERO LAC;PERECIVEIS;83154;20/06/2026;155314;82103;12;336;348;29;0;;;-1
3;9741;LEITE SANTA CLARA LV SEMI DESN 1L;PERECIVEIS;83154;20/06/2026;155314;82103;12;371;24;4;0;;;41
3;6781;LEITE LV EDGE ELEGE 1L INTEGRAL;PERECIVEIS;83154;20/06/2026;155314;82103;12;252;12;3;0;;;677
3;9756;LEITE TIROL INTEGRAL ZR LACTOSE 1L;PERECIVEIS;83154;20/06/2026;155314;82103;12;72;420;35;0;;;-108
3;6799;LEITE SANTA CLARA 1L ZERO LACTOSE;PERECIVEIS;83154;20/06/2026;155314;82103;12;2160;24;2;0;;;109
3;6793;LEITE UHT PET ELEGE 1L SEMI DESNATADO;PERECIVEIS;83154;20/06/2026;155314;82103;6;2742;24;9;0;;;60
3;830;REFRIG SPRITE PET 2L;BEBIDAS;83182;20/06/2026;155328;82103;8;24;8;2;0;;;619
3;3415;CREME LEITE ITALAC TP 200G;MERCEARIA;83182;20/06/2026;155328;82103;24;48;48;5;0;;;14
3;390;ENERG MONSTER LT 473ML GREEN ZERO;BEBIDAS;83182;20/06/2026;155328;82103;6;1344;6;5;0;;;84
3;875;REFRIG FRUKI LT 350 ML COLA ZR;BEBIDAS;83182;20/06/2026;155328;82103;12;12;12;1;0;;;20
3;784;REFRIG ANTARCTICA GUARANA PET 2L;BEBIDAS;83182;20/06/2026;155328;82103;8;59;184;23;0;;;533
3;4625;CERV PATAGONIA IPA LT 473ML;BEBIDAS;83182;20/06/2026;155328;82103;6;18;6;1;0;;;4
3;1270;BISC DOCE PARATI ROSCA 250G COCO;MERCEARIA;83182;20/06/2026;155328;82103;16;16;16;1;1;22/06/2026;ALEX JARDIM;41
3;762;REFRIG COCA COLA PET 200ML;BEBIDAS;83182;20/06/2026;155328;82103;12;348;168;18;0;;;455
3;2568;MOLHO TOM CAJAMAR SH 300G TRAD;MERCEARIA;83182;20/06/2026;155328;82103;32;2112;64;2;0;;;85
3;2367;ERVILHA FUGINI SH 170G;MERCEARIA;83182;20/06/2026;155328;82103;36;720;144;5;0;;;23
3;986;OLEO SOJA VITALIV PET 900ML;MERCEARIA;83182;20/06/2026;155328;82103;20;0;60;6;0;;;429
3;964;OLEO LIZA GIRASSOL 900ML;MERCEARIA;83182;20/06/2026;155328;82103;20;120;20;1;0;;;-1
3;33650;SAB LIQ MADE IN BRAZIL 1L PESSEGO;PERFUMARIA E LIMPEZA;83182;20/06/2026;155328;82103;12;456;24;2;0;;;24
3;35687;DESOD CREME SECRET CLEAR COTT 45G GEL;PERFUMARIA E LIMPEZA;83182;20/06/2026;155328;82103;1;0;8;8;0;;;13
3;6232;GEL DENTAL CLOSE UP 90G EUCALIPT FREEZE;PERFUMARIA E LIMPEZA;83182;20/06/2026;155328;82103;12;48;24;2;0;;;0
3;2074;ARROZ BCO SANO TP1 1KG;MERCEARIA;83182;20/06/2026;155328;82103;30;0;30;0;0;;;57
3;178;CERV KAISER LT 473ML;BEBIDAS;83182;20/06/2026;155328;82103;12;1;828;0;0;;;2163
3;376;REFRE FRUKITO PET 500ML UVA;BEBIDAS;83182;20/06/2026;155328;82103;12;12;12;2;0;;;5
3;847;REFRIG COCA COLA PET 600ML;BEBIDAS;83182;20/06/2026;155328;82103;12;16;36;4;0;;;-36
3;2394;MILHO VERDE FUGINI SH 170G;MERCEARIA;83182;20/06/2026;155328;82103;36;8460;324;13;0;;;11
3;2717;FARINHA TRIGO FIDALGA 1KG;MERCEARIA;83182;20/06/2026;155328;82103;10;10;10;1;0;;;0
3;1282;CHOC BARRA LACTA AO LEITE 80G;MERCEARIA;83182;20/06/2026;155328;82103;17;0;17;1;0;;;25
3;1400;CHOC CARIBE GAROTO 28G CANDYBAR;MERCEARIA;83182;20/06/2026;155328;82103;30;60;30;1;0;;;16
3;34611;SH DOVE 370ML UV REPAIR GLOW;PERFUMARIA E LIMPEZA;83182;20/06/2026;155328;82103;12;0;12;1;0;;;30
3;16155;CHUP LOLLY RED SIL ORT T2 ROSA;PERFUMARIA E LIMPEZA;83182;20/06/2026;155328;82103;12;0;12;1;0;;;4
3;9272;DES SANIT PATO GEL ADES PROM RF 38G LAVANDA;PERFUMARIA E LIMPEZA;83182;20/06/2026;155328;82103;24;0;24;1;0;;;11
3;3872;CERV STELLA ARTOIS LT 473ML P GOLD;BEBIDAS;83182;20/06/2026;155328;82103;12;3120;264;22;0;;;191
3;769;REFRIG FRUKI GUARANA PET 200ML GUARANA;BEBIDAS;83182;20/06/2026;155328;82103;12;48;12;6;0;;;0
3;795;REFRIG COCA COLA PET 2L ZERO;BEBIDAS;83182;20/06/2026;155328;82103;8;64;104;15;15;;;1098
3;396;ENERG MONSTER LT 473ML ULTRA;BEBIDAS;83182;20/06/2026;155328;82103;6;69;6;4;0;;;-7
3;2911;ACHOC LIQ ITALAC 200ML;MERCEARIA;83182;20/06/2026;155328;82103;24;432;48;2;0;;;-1
3;23052;SAB LIQ HEDERA 370ML FTA VRM;PERFUMARIA E LIMPEZA;83182;20/06/2026;155328;82103;12;0;24;2;0;;;0
3;38570;CERV PROVINCIA ULTRA GOLD LT 473ML;BEBIDAS;83182;20/06/2026;155328;82103;12;6372;24;2;0;;;22
3;213;CERV SKOL PILSEN LT 473ML;BEBIDAS;83182;20/06/2026;155328;82103;12;852;300;66;0;;;3583
3;441;ENERG BALY LT 473ML ABACAXI HORTELA;BEBIDAS;83182;20/06/2026;155328;82103;6;0;6;2;0;;;8
3;24309;SH COTTONBABY SNOOPY 200ML GOTAS CAMOMILA;PERFUMARIA E LIMPEZA;83182;20/06/2026;155328;82103;12;0;12;1;0;;;16
3;33266;REFRIG FRUKI PET 3 L LARANJA;BEBIDAS;83182;20/06/2026;155328;82103;4;680;4;7;0;;;0
3;903;REFRIG PEPSI BLACK LT 350ML;BEBIDAS;83182;20/06/2026;155328;82103;12;96;36;32;0;;;-445
3;1623;BISC LANCHE BAUDUCCO 30G MAXI GOIABINHA;MERCEARIA;83182;20/06/2026;155328;82103;20;120;20;1;0;;;11
3;855;REFRIG FRUKI PET 600ML GUARANA;BEBIDAS;83182;20/06/2026;155328;82103;12;48;12;1;0;;;0
3;539;GATORADE 500ML LARANJA;BEBIDAS;83182;20/06/2026;155328;82103;6;54;24;5;0;;;26
3;8966;CARVAO CHAMA CAMPEIRA 5KG;NAO ALIMENTO;83182;20/06/2026;155328;82103;1;86;15;17;0;;;-25
3;33887;KIT SH CD DOVE 350ML 175ML AMINOACIDO;PERFUMARIA E LIMPEZA;83182;20/06/2026;155328;82103;8;72;48;6;0;;;31
3;24481;SPRAY PANTENE TRAT QUERATINA 160ML;PERFUMARIA E LIMPEZA;83182;20/06/2026;155328;82103;9;0;9;1;0;;;23
3;51;AGUA MIN CRYSTAL PET 5L S GAS;BEBIDAS;83182;20/06/2026;155328;82103;2;68;6;32;0;;;0
3;889;REFRIG COCA COLA LT 350ML;BEBIDAS;83182;20/06/2026;155328;82103;12;0;408;34;34;;;253
3;33886;KIT SH CD DOVE 350ML 175ML BOND;PERFUMARIA E LIMPEZA;83182;20/06/2026;155328;82103;8;72;24;4;0;;;9
3;8858;AP PROBAK II 2UN;PERFUMARIA E LIMPEZA;83182;20/06/2026;155328;82103;14;3934;14;3;0;;;-1
3;2329;FEIJAO PRETO CALDO OURO 500G;MERCEARIA;83274;20/06/2026;155550;82103;10;5033;400;40;0;;;609
3;51;AGUA MIN CRYSTAL PET 5L S GAS;BEBIDAS;83282;20/06/2026;155686;82103;2;68;58;32;0;;;0
3;223;CERV THEREZOPOLIS LAGER LT 473ML GOLD;BEBIDAS;83282;20/06/2026;155686;82103;12;4;24;2;0;;;363
3;13403;BISC DOCE NESTLE CHOCO TRIO 90G PRESTIGIO;MERCEARIA;83282;20/06/2026;155686;82103;12;3;36;3;0;;;198
3;12;AGUA MIN AGUA DA PEDRA PET 1 5L S GAS;BEBIDAS;83282;20/06/2026;155686;82103;6;0;36;6;0;;;250
4;9756;LEITE TIROL INTEGRAL ZR LACTOSE 1L;PERECIVEIS;83156;20/06/2026;155315;82093;12;72;12;3;0;;;-19
4;6799;LEITE SANTA CLARA 1L ZERO LACTOSE;PERECIVEIS;83156;20/06/2026;155315;82093;12;2160;12;2;0;;;-25
4;6782;LEITE UHT TIROL C TAMPA 1L DESN;PERECIVEIS;83156;20/06/2026;155315;82093;12;4296;24;4;0;;;84
4;6797;LEITE UHT PIRACANJUBA 1L SEMI DES ZR LAC;PERECIVEIS;83156;20/06/2026;155315;82093;12;84;12;2;0;;;1
4;6793;LEITE UHT PET ELEGE 1L SEMI DESNATADO;PERECIVEIS;83156;20/06/2026;155315;82093;6;2742;12;4;0;;;26
4;33833;LEITE UHT TIROL 1L BIO CICLOS;PERECIVEIS;83156;20/06/2026;155315;82093;12;264;12;1;0;;;0
4;6795;LEITE UHT TIROL 1L ZERO LAC;PERECIVEIS;83156;20/06/2026;155315;82093;12;336;84;12;0;;;3
4;6792;LEITE UHT PET ELEGE 1L INTEGRAL;PERECIVEIS;83156;20/06/2026;155315;82093;6;8731;18;6;0;;;32
4;9756;LEITE TIROL INTEGRAL ZR LACTOSE 1L;PERECIVEIS;83208;20/06/2026;155352;82093;12;72;24;3;0;;;-19
4;6792;LEITE UHT PET ELEGE 1L INTEGRAL;PERECIVEIS;83208;20/06/2026;155352;82093;6;8731;18;6;0;;;32
4;33648;SAB LIQ MADE IN BRAZIL 1L AMEIXA;PERFUMARIA E LIMPEZA;83208;20/06/2026;155352;82093;12;0;24;2;0;;;14
4;2717;FARINHA TRIGO FIDALGA 1KG;MERCEARIA;83208;20/06/2026;155352;82093;10;10;10;1;0;;;0
4;6225;GEL DENT SORRISO FRESH 90G HORTELA;PERFUMARIA E LIMPEZA;83208;20/06/2026;155352;82093;12;0;12;1;0;;;12
4;6799;LEITE SANTA CLARA 1L ZERO LACTOSE;PERECIVEIS;83208;20/06/2026;155352;82093;12;2160;12;2;0;;;-25
4;34831;MASC TRATAMENTO SEDA 300G LISO PERFEITO;PERFUMARIA E LIMPEZA;83208;20/06/2026;155352;82093;6;90;6;1;0;;;5
4;4893;SH ANTIC CLEAR L400P330 LIM DIAR 2 1;PERFUMARIA E LIMPEZA;83208;20/06/2026;155352;82093;12;0;12;1;0;;;11
4;6795;LEITE UHT TIROL 1L ZERO LAC;PERECIVEIS;83208;20/06/2026;155352;82093;12;336;60;12;0;;;3
4;3415;CREME LEITE ITALAC TP 200G;MERCEARIA;83208;20/06/2026;155352;82093;24;48;48;4;0;;;22
4;35724;MASC TRAT TOQUE DE SEDA 300G SEDA;PERFUMARIA E LIMPEZA;83208;20/06/2026;155352;82093;6;108;12;2;0;;;0
4;6793;LEITE UHT PET ELEGE 1L SEMI DESNATADO;PERECIVEIS;83208;20/06/2026;155352;82093;6;2742;12;4;0;;;26
4;5314;CR PENT SEDA 300ML SOS CERAMIDAS;PERFUMARIA E LIMPEZA;83208;20/06/2026;155352;82093;12;132;12;1;0;;;8
4;6782;LEITE UHT TIROL C TAMPA 1L DESN;PERECIVEIS;83208;20/06/2026;155352;82093;12;4296;24;4;0;;;84
4;8296;SH PANTENE 200ML BAMBU;PERFUMARIA E LIMPEZA;83208;20/06/2026;155352;82093;6;156;6;1;0;;;6
4;223;CERV THEREZOPOLIS LAGER LT 473ML GOLD;BEBIDAS;83284;20/06/2026;155687;82093;12;4;24;2;0;;;17
4;51;AGUA MIN CRYSTAL PET 5L S GAS;BEBIDAS;83284;20/06/2026;155687;82093;2;68;12;6;0;;;0
5;24311;SH DARLING 2X1 650ML;PERFUMARIA E LIMPEZA;83184;20/06/2026;155329;82096;6;0;12;3;0;;;12
5;19315;COT HASTES FLEX COTTONBABY PT 100UN;PERFUMARIA E LIMPEZA;83184;20/06/2026;155329;82096;1;16;1;1;0;;;6
5;9550;FRALDA MILI JUMBINHO XXG 16UN;PERFUMARIA E LIMPEZA;83184;20/06/2026;155329;82096;9;37;9;1;0;;;12
5;4259;AP PRESTOBARBA ULTRA GRIP 2UN;PERFUMARIA E LIMPEZA;83184;20/06/2026;155329;82096;12;456;12;2;0;;;-11
5;35581;CREME P PENT SEDA 300ML TOQUE DE SEDA;PERFUMARIA E LIMPEZA;83184;20/06/2026;155329;82096;12;192;12;1;0;;;22
5;24358;SH SEDA ANT CASP HIDRATACAO DIARIA 325ML;PERFUMARIA E LIMPEZA;83184;20/06/2026;155329;82096;12;1032;24;2;0;;;46
5;1745;CHICLE FREEGELLS GUM 8G MENTA;MERCEARIA;83184;20/06/2026;155329;82096;15;0;15;1;0;;;2
5;33373;DESO AERO AXE 200ML BLACK ALE E CED;PERFUMARIA E LIMPEZA;83184;20/06/2026;155329;82096;12;1524;24;2;0;;;-2
5;6225;GEL DENT SORRISO FRESH 90G HORTELA;PERFUMARIA E LIMPEZA;83184;20/06/2026;155329;82096;12;0;12;1;0;;;10
5;4258;AP PROBAK II LV7 PG5;PERFUMARIA E LIMPEZA;83184;20/06/2026;155329;82096;1;277;1;1;0;;;35
5;12289;AGUA SANIT IMPERIAL 1L;PERFUMARIA E LIMPEZA;83184;20/06/2026;155329;82096;12;96;12;1;0;;;12
5;7930;SABONETE LUX 85G ROSAS FRANCESAS;PERFUMARIA E LIMPEZA;83184;20/06/2026;155329;82096;108;30;108;1;0;;;-60
5;10172;SAB LIQ SENSUS LUXO RF 220ML SEDUCAO;PERFUMARIA E LIMPEZA;83184;20/06/2026;155329;82096;18;108;18;1;0;;;16
5;35588;CD SEDA 225ML TOQUE DE SEDA;PERFUMARIA E LIMPEZA;83184;20/06/2026;155329;82096;12;228;24;2;0;;;22
5;7922;SABONETE LUX 85G BUQUE D JASMIM;PERFUMARIA E LIMPEZA;83184;20/06/2026;155329;82096;108;1314;108;2;0;;;26
5;8604;TINT COR E TON CHOC 6 7;PERFUMARIA E LIMPEZA;83184;20/06/2026;155329;82096;6;0;6;1;0;;;8
5;36262;KIT SH CD SEDA 300ML 190ML TOQUE DE SEDA;PERFUMARIA E LIMPEZA;83184;20/06/2026;155329;82096;15;390;45;3;0;;;62
5;3903;ABS C ABAS MILI DIA NOITE C 16 UN SUAVE;PERFUMARIA E LIMPEZA;83184;20/06/2026;155329;82096;24;168;24;1;0;;;14
5;24314;SH DARLING DETOX 350ML;PERFUMARIA E LIMPEZA;83184;20/06/2026;155329;82096;6;6;18;3;0;;;21
5;24313;SH DARLING CERAMIDAS 650ML;PERFUMARIA E LIMPEZA;83184;20/06/2026;155329;82096;6;24;24;4;0;;;13
5;5673;DETERG GIRANDO SOL 500ML LIMAO;PERFUMARIA E LIMPEZA;83314;20/06/2026;155752;82096;24;4608;72;3;0;;;22
6;3831;KEEP COOLER CLASSIC CITRUS 275ML;BEBIDAS;83186;20/06/2026;155330;82101;6;216;30;1;0;22/06/2026;ALEXANDRE;12
6;22706;RACAO DODOG PREMIUM POWER MIX 5KG;PRODUTOS PET;83186;20/06/2026;155330;82101;1;22;4;0;0;22/06/2026;ELIAS;0
6;1400;CHOC CARIBE GAROTO 28G CANDYBAR;MERCEARIA;83186;20/06/2026;155330;82101;30;60;30;1;0;;;56
6;24826;TINTURA BELAECOR 147G 66 26 MARSALA;PERFUMARIA E LIMPEZA;83186;20/06/2026;155330;82101;6;36;12;2;0;;;9
6;20097;LENHA P FOGAO 10K;NAO ALIMENTO;83186;20/06/2026;155562;81714;1;-12;41;41;0;;;45
6;2227;ARROZ PARBO PRATO FINO TP1 2KG;MERCEARIA;83186;20/06/2026;155330;82101;5;5;5;2;0;;;6
6;1157;BALA FINI TUBES ARCO IRIS 80G;MERCEARIA;83186;20/06/2026;155330;82101;12;0;12;1;0;;;0
6;38616;CD SEDA COLAGENO VIT INT 250ML;PERFUMARIA E LIMPEZA;83186;20/06/2026;155330;82101;1;1;1;2;0;;;0
6;38619;SH DOVE UMECTACAO E COCO 370ML;PERFUMARIA E LIMPEZA;83186;20/06/2026;155330;82101;1;1;1;2;0;;;0
6;35724;MASC TRAT TOQUE DE SEDA 300G SEDA;PERFUMARIA E LIMPEZA;83186;20/06/2026;155330;82101;6;108;6;1;0;;;1
6;24311;SH DARLING 2X1 650ML;PERFUMARIA E LIMPEZA;83186;20/06/2026;155330;82101;6;0;12;3;0;;;12
6;784;REFRIG ANTARCTICA GUARANA PET 2L;BEBIDAS;83186;20/06/2026;155330;82101;8;59;120;22;0;;;-9
6;2717;FARINHA TRIGO FIDALGA 1KG;MERCEARIA;83186;20/06/2026;155330;82101;10;10;10;1;0;;;-8
6;2586;ERVA MATE VERDINHA 1KG MOIDA GROSSA;MERCEARIA;83186;20/06/2026;155330;82101;20;1240;20;1;0;;;2
6;8414;SH COND TRESEMME 350ML 175ML BRILHO LAMELAR;PERFUMARIA E LIMPEZA;83186;20/06/2026;155330;82101;16;31;16;1;0;;;1
6;4258;AP PROBAK II LV7 PG5;PERFUMARIA E LIMPEZA;83186;20/06/2026;155330;82101;1;277;1;1;0;;;45
6;847;REFRIG COCA COLA PET 600ML;BEBIDAS;83186;20/06/2026;155330;82101;12;16;12;2;0;;;129
6;213;CERV SKOL PILSEN LT 473ML;BEBIDAS;83186;20/06/2026;155330;82101;12;852;144;32;0;;;5633
6;8604;TINT COR E TON CHOC 6 7;PERFUMARIA E LIMPEZA;83186;20/06/2026;155330;82101;6;0;6;1;0;;;15
6;24329;SH HEAD SHOULDERS 400ML HIDRATACAO;PERFUMARIA E LIMPEZA;83186;20/06/2026;155330;82101;6;0;12;2;0;;;5
6;13403;BISC DOCE NESTLE CHOCO TRIO 90G PRESTIGIO;MERCEARIA;83286;20/06/2026;155688;82101;12;3;36;3;0;;;75
7;35724;MASC TRAT TOQUE DE SEDA 300G SEDA;PERFUMARIA E LIMPEZA;83188;20/06/2026;155332;82097;6;108;12;2;0;;;0
7;4259;AP PRESTOBARBA ULTRA GRIP 2UN;PERFUMARIA E LIMPEZA;83188;20/06/2026;155332;82097;12;456;12;1;0;;;57
7;33373;DESO AERO AXE 200ML BLACK ALE E CED;PERFUMARIA E LIMPEZA;83188;20/06/2026;155332;82097;12;1524;12;2;0;;;5
7;5272;CR DENTAL ORAL B 70G EXTRA FRESH;PERFUMARIA E LIMPEZA;83188;20/06/2026;155332;82097;48;288;48;1;0;;;27
7;24311;SH DARLING 2X1 650ML;PERFUMARIA E LIMPEZA;83188;20/06/2026;155332;82097;6;0;6;2;0;;;23
7;847;REFRIG COCA COLA PET 600ML;BEBIDAS;83188;20/06/2026;155332;82097;12;16;12;2;0;;;18
7;34564;CREME JOAO E MARIA 40G P ASSADURA;PERFUMARIA E LIMPEZA;83188;20/06/2026;155332;82097;1;2;1;1;0;;;0
7;19802;KIT SH CD PANTENE 300 150ML COLAGENO;PERFUMARIA E LIMPEZA;83188;20/06/2026;155332;82097;6;0;6;2;0;;;0
7;806;REFRIG FANTA LARANJA PET 2L;BEBIDAS;83188;20/06/2026;155332;82097;8;0;16;3;0;;;89
7;8611;TINT COR E TON LOURO CL 8 0;PERFUMARIA E LIMPEZA;83188;20/06/2026;155332;82097;6;0;6;1;0;;;21
7;840;REFRIG PEPSI PET 3L;BEBIDAS;83188;20/06/2026;155332;82097;4;20;4;1;0;;;-27
7;5510;DESOD AERO AXE 152ML 90G MUSK;PERFUMARIA E LIMPEZA;83188;20/06/2026;155332;82097;12;12;12;1;0;;;0
7;24358;SH SEDA ANT CASP HIDRATACAO DIARIA 325ML;PERFUMARIA E LIMPEZA;83188;20/06/2026;155332;82097;12;1032;60;5;0;;;9
7;9594;GIRASSOL CBS 250G;PRODUTOS PET;83188;20/06/2026;155332;82097;12;0;12;0;0;23/06/2026;CAROLINA;32
8;2717;FARINHA TRIGO FIDALGA 1KG;MERCEARIA;83190;20/06/2026;155333;82094;10;10;10;2;0;;;0
8;12289;AGUA SANIT IMPERIAL 1L;PERFUMARIA E LIMPEZA;83190;20/06/2026;155333;82094;12;96;12;0;0;24/06/2026;PAMELA;0
8;38620;SH DOVE HID E HIL VIT 370ML;PERFUMARIA E LIMPEZA;83190;20/06/2026;155333;82094;1;2;1;1;0;;;2
8;784;REFRIG ANTARCTICA GUARANA PET 2L;BEBIDAS;83190;20/06/2026;155333;82094;8;59;32;6;0;;;0
8;191;CERV PROVINCIA MALZBIER LT 473ML;BEBIDAS;83190;20/06/2026;155333;82094;12;3324;84;8;0;;;57
8;12523;AP CORPO C 2;PERFUMARIA E LIMPEZA;83190;20/06/2026;155333;82094;12;108;12;1;0;;;11
8;24638;TCO CORP JAYLUC 80G JASMIN;PERFUMARIA E LIMPEZA;83190;20/06/2026;155333;82094;12;72;12;1;0;;;9
8;8246;SH JAY LUC 1L NEUTRO;PERFUMARIA E LIMPEZA;83190;20/06/2026;155333;82094;12;84;12;1;0;;;12
8;847;REFRIG COCA COLA PET 600ML;BEBIDAS;83190;20/06/2026;155333;82094;12;16;12;2;0;;;-158
8;219;CERV STELLA ARTOIS LT 473ML;BEBIDAS;83190;20/06/2026;155333;82094;12;5448;36;3;0;;;23
8;12237;ACUCAR REFINADO GASPARIN 1KG;MERCEARIA;83190;20/06/2026;155333;82094;10;2261;10;1;0;;;169
8;33373;DESO AERO AXE 200ML BLACK ALE E CED;PERFUMARIA E LIMPEZA;83190;20/06/2026;155333;82094;12;1524;12;1;0;;;12
8;7884;SABONETE DOVE 90G PELE SENSIVEL;PERFUMARIA E LIMPEZA;83190;20/06/2026;155333;82094;48;3525;48;1;0;;;100
8;3893;ABS C ABAS DIA NOITE 32 UN SUAVE;PERFUMARIA E LIMPEZA;83190;20/06/2026;155333;82094;16;79;16;1;0;;;2
8;34830;MASC TRATAMENTO SEDA 300G BRILHO CERAMIDA;PERFUMARIA E LIMPEZA;83190;20/06/2026;155333;82094;6;24;12;2;0;;;7
8;687;ESP GARIBALDI PRIMICIAS GF 660ML ROSE;BEBIDAS;83190;20/06/2026;155333;82094;1;0;1;1;0;;;6
8;648;WHISKY MASTER GOLD VD 900ML;BEBIDAS;83190;20/06/2026;155333;82094;1;158;2;5;0;;;1
8;35113;KIT SH CD PANTENE 300 150ML BOND REPAIR;PERFUMARIA E LIMPEZA;83190;20/06/2026;155333;82094;6;122;6;1;0;;;1
8;24639;TCO CORP JAYLUC 80G ROSAS;PERFUMARIA E LIMPEZA;83190;20/06/2026;155333;82094;12;12;12;1;0;;;9
8;5691;DETERG YPE 500 ML CLEAR;PERFUMARIA E LIMPEZA;83190;20/06/2026;155333;82094;24;216;24;0;0;24/06/2026;PAMELA;0
8;24311;SH DARLING 2X1 650ML;PERFUMARIA E LIMPEZA;83190;20/06/2026;155333;82094;6;0;30;5;0;;;23
8;964;OLEO LIZA GIRASSOL 900ML;MERCEARIA;83190;20/06/2026;155333;82094;20;120;20;2;0;;;-23
8;24330;SH HEAD SHOULDERS 400ML PREV CONTR QUE;PERFUMARIA E LIMPEZA;83190;20/06/2026;155333;82094;6;12;12;2;0;;;9
8;33422;DET PO AQUAFAST MULTIACAO 800G;PERFUMARIA E LIMPEZA;83190;20/06/2026;155333;82094;20;80;40;0;0;24/06/2026;PAMELA;39
8;22999;SAB FONTANA SENSUS 150G AMANHECER PERS;PERFUMARIA E LIMPEZA;83190;20/06/2026;155333;82094;72;0;72;1;0;;;47
8;6225;GEL DENT SORRISO FRESH 90G HORTELA;PERFUMARIA E LIMPEZA;83190;20/06/2026;155333;82094;12;0;24;2;0;;;-3
8;7936;SABONETE NIVEA 85G LAVANDA;PERFUMARIA E LIMPEZA;83190;20/06/2026;155333;82094;96;672;96;1;0;;;-11
11;7927;SABONETE LUX 85G LAVANDA;PERFUMARIA E LIMPEZA;83192;20/06/2026;155335;81576;108;1404;108;1;0;;;6
11;5022;COND PANTENE 150ML EQUIL ALGA MAR;PERFUMARIA E LIMPEZA;83192;20/06/2026;155335;81576;12;0;12;1;0;;;6
11;8858;AP PROBAK II 2UN;PERFUMARIA E LIMPEZA;83192;20/06/2026;155335;81576;14;3934;14;1;0;;;1
11;18741;FRALDA DESC FERINHA HIPER C 42 GG;PERFUMARIA E LIMPEZA;83192;20/06/2026;155335;81576;6;2;6;1;0;;;4
11;24314;SH DARLING DETOX 350ML;PERFUMARIA E LIMPEZA;83192;20/06/2026;155335;81576;6;6;12;2;0;;;9
11;34831;MASC TRATAMENTO SEDA 300G LISO PERFEITO;PERFUMARIA E LIMPEZA;83192;20/06/2026;155335;81576;6;90;6;1;0;;;12
11;24311;SH DARLING 2X1 650ML;PERFUMARIA E LIMPEZA;83192;20/06/2026;155335;81576;6;0;12;2;0;;;6
11;6021;ESPUMA BARBA BOZZANO 193G HIDRATACAO;PERFUMARIA E LIMPEZA;83192;20/06/2026;155335;81576;1;0;1;0;0;;;1
11;10125;REVIT PAINEL CENTRALSUL C UV 300G;PERFUMARIA E LIMPEZA;83192;20/06/2026;155335;81576;12;0;12;0;0;20/06/2026;ELTON;2
11;550;GATORADE ZERO 350ML FTAS SILVESTRES;BEBIDAS;83192;20/06/2026;155335;81576;12;168;12;1;0;;;9
11;7926;SABONETE LUX 85G FLOR DE VERBENA;PERFUMARIA E LIMPEZA;83192;20/06/2026;155335;81576;108;0;108;1;0;;;25
11;24358;SH SEDA ANT CASP HIDRATACAO DIARIA 325ML;PERFUMARIA E LIMPEZA;83192;20/06/2026;155335;81576;12;1032;24;2;0;;;7
11;9498;ESTOPA POLIMENTO CENTRALSUL 400G;PERFUMARIA E LIMPEZA;83192;20/06/2026;155335;81576;12;0;12;0;0;20/06/2026;ELTON;0
11;784;REFRIG ANTARCTICA GUARANA PET 2L;BEBIDAS;83192;20/06/2026;155335;81576;8;59;96;12;0;;;236
11;7925;SABONETE LUX 85G FLOR DE LOTUS;PERFUMARIA E LIMPEZA;83192;20/06/2026;155335;81576;108;1728;216;2;0;;;2
11;5521;DESOD AERO BOZZANO 90G ANTIBAC FRESH;PERFUMARIA E LIMPEZA;83192;20/06/2026;155335;81576;12;384;12;1;0;;;9
11;36199;SAB LIQ MADE IN BRAZIL 1L CHA BCO;PERFUMARIA E LIMPEZA;83192;20/06/2026;155335;81576;12;48;36;3;0;;;0
11;191;CERV PROVINCIA MALZBIER LT 473ML;BEBIDAS;83192;20/06/2026;155335;81576;12;3324;36;3;0;;;0
11;796;REFRIG COCA COLA E FANTA GUARANA 2L;BEBIDAS;83192;20/06/2026;155335;81576;2;8;12;6;0;;;5
11;648;WHISKY MASTER GOLD VD 900ML;BEBIDAS;83192;20/06/2026;155335;81576;1;158;2;2;0;;;14
11;33889;KIT SH CD DOVE 350ML 175ML HIALURON VIT;PERFUMARIA E LIMPEZA;83192;20/06/2026;155335;81576;8;96;8;1;0;;;16
11;13403;BISC DOCE NESTLE CHOCO TRIO 90G PRESTIGIO;MERCEARIA;83288;20/06/2026;155689;82104;12;3;36;3;0;;;59
12;9741;LEITE SANTA CLARA LV SEMI DESN 1L;PERECIVEIS;83168;20/06/2026;155321;81577;12;371;12;0;0;25/06/2026;VILLARROEL;151
12;6795;LEITE UHT TIROL 1L ZERO LAC;PERECIVEIS;83168;20/06/2026;155321;81577;12;336;168;0;0;25/06/2026;VILLARROEL;0
12;6791;LEITE UHT PET ELEGE 1L DESNATADO;PERECIVEIS;83168;20/06/2026;155321;81577;6;678;36;0;0;25/06/2026;VILLARROEL;0
12;6799;LEITE SANTA CLARA 1L ZERO LACTOSE;PERECIVEIS;83168;20/06/2026;155321;81577;12;2160;12;0;0;25/06/2026;VILLARROEL;16
12;6796;LEITE UHT MOLICO 1L ZERO LACTOSE;PERECIVEIS;83168;20/06/2026;155321;81577;12;1008;24;0;0;25/06/2026;VILLARROEL;60
12;6797;LEITE UHT PIRACANJUBA 1L SEMI DES ZR LAC;PERECIVEIS;83168;20/06/2026;155321;81577;12;84;12;0;0;25/06/2026;VILLARROEL;80
12;6781;LEITE LV EDGE ELEGE 1L INTEGRAL;PERECIVEIS;83168;20/06/2026;155321;81577;12;252;36;0;0;25/06/2026;VILLARROEL;587
12;9756;LEITE TIROL INTEGRAL ZR LACTOSE 1L;PERECIVEIS;83168;20/06/2026;155321;81577;12;72;204;17;17;25/06/2026;VILLARROEL;-45
12;860;MAIONESE FUGINI SH 1 7KG;MERCEARIA;83194;20/06/2026;155337;81577;6;0;6;1;1;25/06/2026;JESUS;12
12;2394;MILHO VERDE FUGINI SH 170G;MERCEARIA;83194;20/06/2026;155337;81577;36;8460;180;3;3;25/06/2026;JESUS;269
12;24806;TINGECOR GUARANY AZUL 40G;PERFUMARIA E LIMPEZA;83194;20/06/2026;155337;81577;6;0;6;1;0;20/06/2026;ELTON;0
12;24101;SC LIXO PRO LIXO ROLAO 50L C 50;PERFUMARIA E LIMPEZA;83194;20/06/2026;155337;81577;12;108;12;1;0;20/06/2026;ELTON;3
12;1354;CHOC BATON GAROTO 16G BRANCO;MERCEARIA;83194;20/06/2026;155337;81577;30;30;30;1;0;;;17
12;793;REFRIG COCA COLA E FANTA LARANJA 2L;BEBIDAS;83194;20/06/2026;155337;81577;2;10;2;0;0;25/06/2026;JESUS;0
12;2283;CANJICA BCA JUREIA 400G;MERCEARIA;83194;20/06/2026;155337;81577;12;24;12;1;0;25/06/2026;PIRES;77
12;1888;PASTILHA TIC TAC 14 5G MENTA;MERCEARIA;83194;20/06/2026;155337;81577;14;0;14;1;0;;;9
12;8238;SH HEAD SHOULD 400ML MENTHOL;PERFUMARIA E LIMPEZA;83194;20/06/2026;155337;81577;6;0;6;1;0;;;21
12;24329;SH HEAD SHOULDERS 400ML HIDRATACAO;PERFUMARIA E LIMPEZA;83194;20/06/2026;155337;81577;6;0;12;2;0;;;7
12;874;MAIONESE ODERICH SH 1KG;MERCEARIA;83194;20/06/2026;155337;81577;6;3348;36;6;6;25/06/2026;VILLARROEL;14
12;2911;ACHOC LIQ ITALAC 200ML;MERCEARIA;83194;20/06/2026;155337;81577;24;432;96;4;4;25/06/2026;JESUS;325
12;2367;ERVILHA FUGINI SH 170G;MERCEARIA;83194;20/06/2026;155337;81577;36;720;72;2;2;25/06/2026;JESUS;465
12;24125;SC LIXO ROL DOBRASIL 30L C 20 AZ;PERFUMARIA E LIMPEZA;83194;20/06/2026;155337;81577;25;0;50;2;0;20/06/2026;ELTON;3
12;687;ESP GARIBALDI PRIMICIAS GF 660ML ROSE;BEBIDAS;83194;20/06/2026;155337;81577;1;0;1;1;0;;;4
12;842;EXT TOM FUGINI SH 1 7KG;MERCEARIA;83194;20/06/2026;155337;81577;6;6;6;0;0;25/06/2026;VILLARROEL;0
12;3889;ABS C ABAS ALWAYS LV16PG14 NOT SUAV;PERFUMARIA E LIMPEZA;83194;20/06/2026;155337;81577;12;0;12;1;0;;;10
12;3635;SAL MOIDO CBS 1KG;MERCEARIA;83194;20/06/2026;155337;81577;10;446;10;1;0;25/06/2026;PIRES;-2
12;35687;DESOD CREME SECRET CLEAR COTT 45G GEL;PERFUMARIA E LIMPEZA;83194;20/06/2026;155337;81577;1;0;10;10;0;;;9
12;24825;TINTURA BELAECOR 147G 6 7 CHOC;PERFUMARIA E LIMPEZA;83194;20/06/2026;155337;81577;6;0;6;1;0;;;11
12;33650;SAB LIQ MADE IN BRAZIL 1L PESSEGO;PERFUMARIA E LIMPEZA;83194;20/06/2026;155337;81577;12;456;24;2;0;;;12
12;24113;SC LIXO ROL CASAFORT 15L C 40 AZ;PERFUMARIA E LIMPEZA;83194;20/06/2026;155337;81577;25;100;25;1;0;20/06/2026;ELTON;19
12;3835;EXT TOM FUGINI SH 190G;MERCEARIA;83194;20/06/2026;155337;81577;36;576;36;1;1;25/06/2026;JESUS;66
12;844;REFRIG ANTARCTICA PET 600ML GUARANA;BEBIDAS;83194;20/06/2026;155337;81577;12;122;12;0;0;25/06/2026;JESUS;13
12;2509;ERVA MATE PONCHE VERDE 500G MOIDA GROSSA;MERCEARIA;83194;20/06/2026;155337;81577;20;2879;20;0;0;25/06/2026;JESUS;20
12;986;OLEO SOJA VITALIV PET 900ML;MERCEARIA;83194;20/06/2026;155337;81577;20;0;60;0;0;25/06/2026;JESUS;69
12;964;OLEO LIZA GIRASSOL 900ML;MERCEARIA;83194;20/06/2026;155337;81577;20;120;20;0;0;25/06/2026;JESUS;0
12;20097;LENHA P FOGAO 10K;NAO ALIMENTO;83194;20/06/2026;155337;81577;1;-12;28;0;0;25/06/2026;JESUS;71
12;24481;SPRAY PANTENE TRAT QUERATINA 160ML;PERFUMARIA E LIMPEZA;83194;20/06/2026;155337;81577;9;0;9;1;0;;;10
12;803;KETCHUP ODERICH SH 1K;MERCEARIA;83194;20/06/2026;155337;81577;6;828;12;2;2;25/06/2026;VILLARROEL;88
12;2568;MOLHO TOM CAJAMAR SH 300G TRAD;MERCEARIA;83194;20/06/2026;155337;81577;32;2112;32;1;1;25/06/2026;JESUS;248
12;19951;LAP COR EVOLUTION C 12 4 LAP BIC;NAO ALIMENTO;83228;20/06/2026;;;6;0;50;0;0;;;8
12;13403;BISC DOCE NESTLE CHOCO TRIO 90G PRESTIGIO;MERCEARIA;83290;20/06/2026;155690;82105;12;3;36;3;0;;;58
13;34831;MASC TRATAMENTO SEDA 300G LISO PERFEITO;PERFUMARIA E LIMPEZA;83196;20/06/2026;155342;81578;6;90;6;1;0;;;10
13;33890;KIT SH CD DOVE 350ML 175ML NUTRICAO;PERFUMARIA E LIMPEZA;83196;20/06/2026;155342;81578;8;0;8;1;0;;;0
13;16155;CHUP LOLLY RED SIL ORT T2 ROSA;PERFUMARIA E LIMPEZA;83196;20/06/2026;155342;81578;12;0;12;1;0;;;3
13;1430;CHOC KIT KAT 41 5G FINGER AO LEITE;MERCEARIA;83196;20/06/2026;155342;81578;24;6456;48;2;0;;;4
13;5673;DETERG GIRANDO SOL 500ML LIMAO;PERFUMARIA E LIMPEZA;83196;20/06/2026;155342;81578;24;4608;24;1;1;24/06/2026;PAMELA;67
13;24358;SH SEDA ANT CASP HIDRATACAO DIARIA 325ML;PERFUMARIA E LIMPEZA;83196;20/06/2026;155342;81578;12;1032;24;2;0;;;4
13;6243;GEL VINI LADY 220G FIXADOR AZUL;PERFUMARIA E LIMPEZA;83196;20/06/2026;155342;81578;24;24;24;1;0;;;11
13;21687;PAPEL HIG MILI PERFUM FLA DPL 30M 12UN;PERFUMARIA E LIMPEZA;83196;20/06/2026;155342;81578;8;0;8;0;0;22/06/2026;ELIAS;0
13;24330;SH HEAD SHOULDERS 400ML PREV CONTR QUE;PERFUMARIA E LIMPEZA;83196;20/06/2026;155342;81578;6;12;12;2;0;;;9
13;5691;DETERG YPE 500 ML CLEAR;PERFUMARIA E LIMPEZA;83196;20/06/2026;155342;81578;24;216;48;0;0;24/06/2026;PAMELA;0
13;12419;AMAC GOTA LIMPA 2L FLORATA;PERFUMARIA E LIMPEZA;83196;20/06/2026;155342;81578;6;0;6;0;0;24/06/2026;PAMELA;5
13;7878;SABONETE DOVE 90G KARITE BAUNILHA;PERFUMARIA E LIMPEZA;83196;20/06/2026;155342;81578;48;5808;48;1;0;;;3
13;33650;SAB LIQ MADE IN BRAZIL 1L PESSEGO;PERFUMARIA E LIMPEZA;83196;20/06/2026;155342;81578;12;456;24;2;0;;;17
13;33889;KIT SH CD DOVE 350ML 175ML HIALURON VIT;PERFUMARIA E LIMPEZA;83196;20/06/2026;155342;81578;8;96;8;1;0;;;16
13;24341;SH PALMOLIVE 650ML NEUTRO LIMP;PERFUMARIA E LIMPEZA;83196;20/06/2026;155342;81578;6;0;6;1;0;;;7
13;8604;TINT COR E TON CHOC 6 7;PERFUMARIA E LIMPEZA;83196;20/06/2026;155342;81578;6;0;6;1;0;;;12
13;24311;SH DARLING 2X1 650ML;PERFUMARIA E LIMPEZA;83196;20/06/2026;155342;81578;6;0;12;2;0;;;11
13;10171;SAB LIQ SENSUS LUXO RF 220ML HIDRATE;PERFUMARIA E LIMPEZA;83196;20/06/2026;155342;81578;18;252;18;1;0;;;12
13;19324;HID PAIXAO 200ML ONLY YO INSPIR R 785 0;PERFUMARIA E LIMPEZA;83196;20/06/2026;155342;81578;24;0;24;1;0;;;-2
13;24313;SH DARLING CERAMIDAS 650ML;PERFUMARIA E LIMPEZA;83196;20/06/2026;155342;81578;6;24;6;1;0;;;11
13;8611;TINT COR E TON LOURO CL 8 0;PERFUMARIA E LIMPEZA;83196;20/06/2026;155342;81578;6;0;6;1;0;;;18
13;6225;GEL DENT SORRISO FRESH 90G HORTELA;PERFUMARIA E LIMPEZA;83196;20/06/2026;155342;81578;12;0;12;1;0;;;13
13;12173;ABS GERIAMAX POS PARTO OPERAT C 20;PERFUMARIA E LIMPEZA;83196;20/06/2026;155342;81578;6;126;18;3;0;;;-4
13;17305;DESOD ROLLON REXONA 50ML ACT EMOT;PERFUMARIA E LIMPEZA;83196;20/06/2026;155342;81578;12;336;12;1;0;;;29
13;4258;AP PROBAK II LV7 PG5;PERFUMARIA E LIMPEZA;83196;20/06/2026;155342;81578;1;277;1;1;0;;;5
13;33648;SAB LIQ MADE IN BRAZIL 1L AMEIXA;PERFUMARIA E LIMPEZA;83196;20/06/2026;155342;81578;12;0;36;3;0;;;14
13;34830;MASC TRATAMENTO SEDA 300G BRILHO CERAMIDA;PERFUMARIA E LIMPEZA;83196;20/06/2026;155342;81578;6;24;12;2;0;;;8
13;13403;BISC DOCE NESTLE CHOCO TRIO 90G PRESTIGIO;MERCEARIA;83292;20/06/2026;155691;82106;12;3;12;1;0;;;33
14;6799;LEITE SANTA CLARA 1L ZERO LACTOSE;PERECIVEIS;83172;20/06/2026;155323;82100;12;2160;12;1;0;;;-105
14;6791;LEITE UHT PET ELEGE 1L DESNATADO;PERECIVEIS;83172;20/06/2026;155323;82100;6;678;30;5;0;;;39
14;6780;LEITE NINHO UHT TP LEVINHO 1L SEMI DESNATADO;PERECIVEIS;83172;20/06/2026;155323;82100;12;84;12;4;0;;;5
14;9756;LEITE TIROL INTEGRAL ZR LACTOSE 1L;PERECIVEIS;83172;20/06/2026;155323;82100;12;72;168;14;0;;;23
14;6792;LEITE UHT PET ELEGE 1L INTEGRAL;PERECIVEIS;83172;20/06/2026;155323;82100;6;8731;24;8;0;;;52
14;8306;SH PANTENE 400ML HIDRATACAO;PERFUMARIA E LIMPEZA;83198;20/06/2026;155344;82100;6;84;6;1;1;22/06/2026;MONIQUE;4
14;24311;SH DARLING 2X1 650ML;PERFUMARIA E LIMPEZA;83198;20/06/2026;155344;82100;6;0;24;4;4;22/06/2026;MONIQUE;16
14;17321;DET LIQ APYCE MULTIACAO 3L AZUL;PERFUMARIA E LIMPEZA;83198;20/06/2026;155344;82100;4;496;4;2;2;22/06/2026;MIKAEL;6
14;9299;DETERG YPE LIQ 5L NEUTRO;PERFUMARIA E LIMPEZA;83198;20/06/2026;155344;82100;4;4;4;0;0;22/06/2026;MIKAEL;0
14;34830;MASC TRATAMENTO SEDA 300G BRILHO CERAMIDA;PERFUMARIA E LIMPEZA;83198;20/06/2026;155344;82100;6;24;12;2;0;;;9
14;38620;SH DOVE HID E HIL VIT 370ML;PERFUMARIA E LIMPEZA;83198;20/06/2026;155344;82100;1;2;1;0;0;22/06/2026;MONIQUE;1
14;10172;SAB LIQ SENSUS LUXO RF 220ML SEDUCAO;PERFUMARIA E LIMPEZA;83198;20/06/2026;155344;82100;18;108;18;1;1;22/06/2026;MONIQUE;14
14;36868;HID LABIAL CARMED MELANCIA 10G;PERFUMARIA E LIMPEZA;83198;20/06/2026;155344;82100;1;18;1;4;0;;;3
14;5683;DET LIQ GOTA LIMPA 5L NEUTRO;PERFUMARIA E LIMPEZA;83198;20/06/2026;155344;82100;4;4;4;0;0;22/06/2026;MIKAEL;-17
14;16155;CHUP LOLLY RED SIL ORT T2 ROSA;PERFUMARIA E LIMPEZA;83198;20/06/2026;155344;82100;12;0;12;0;0;22/06/2026;MONIQUE;6
14;1282;CHOC BARRA LACTA AO LEITE 80G;MERCEARIA;83198;20/06/2026;155344;82100;17;0;34;2;0;;;58
14;10178;SABON PALMOLIVE NATURALS 85G KARITE;PERFUMARIA E LIMPEZA;83198;20/06/2026;155344;82100;108;648;108;1;0;;;1
14;889;REFRIG COCA COLA LT 350ML;BEBIDAS;83198;20/06/2026;155344;82100;12;0;132;12;0;;;121
14;2189;CAPSULA 3C 80G C 10 ESPRESSO SUPREMO;MERCEARIA;83198;20/06/2026;155344;82100;8;38;8;1;0;;;7
14;12398;AMACIANTE AQUAFAST 5L JARD FLOR;PERFUMARIA E LIMPEZA;83198;20/06/2026;155344;82100;4;4;4;1;1;22/06/2026;MIKAEL;8
14;34831;MASC TRATAMENTO SEDA 300G LISO PERFEITO;PERFUMARIA E LIMPEZA;83198;20/06/2026;155344;82100;6;90;12;2;0;;;9
14;849;REFRIG COCA COLA PET 600ML ZERO;BEBIDAS;83198;20/06/2026;155344;82100;12;48;12;1;0;;;7
14;36203;DESINF GIRANDO SOL 5L LAVANDA;PERFUMARIA E LIMPEZA;83198;20/06/2026;155344;82100;4;16;4;1;1;22/06/2026;MIKAEL;8
14;2084;ARROZ BCO REQUINTE TP1 1KG;MERCEARIA;83198;20/06/2026;155639;81786;30;268;30;1;0;25/06/2026;KELLER;34
14;6126;FRALDA CONFORTSEC PAMPERS G 38UN;PERFUMARIA E LIMPEZA;83198;20/06/2026;155344;82100;4;-4;4;2;0;;;5
14;24358;SH SEDA ANT CASP HIDRATACAO DIARIA 325ML;PERFUMARIA E LIMPEZA;83198;20/06/2026;155344;82100;12;1032;24;2;0;;;20
14;4263;AP VENUS SIMPLY 2UN;PERFUMARIA E LIMPEZA;83198;20/06/2026;155344;82100;12;0;12;0;0;22/06/2026;MONIQUE;14
14;17185;DESINF GOTA LIMPA 5L EUCALIPTO;PERFUMARIA E LIMPEZA;83198;20/06/2026;155344;82100;4;0;4;1;1;22/06/2026;MIKAEL;7
14;12293;AGUA SANIT ZAVASKI 5L;PERFUMARIA E LIMPEZA;83198;20/06/2026;155344;82100;4;540;4;2;2;22/06/2026;MIKAEL;2
14;178;CERV KAISER LT 473ML;BEBIDAS;83198;20/06/2026;155344;82100;12;1;204;0;0;;;378
14;817;REFRIG FRUKI GUARANA ZR PET 2L GUARANA ZERO;BEBIDAS;83198;20/06/2026;155344;82100;6;18;6;2;0;;;5
14;38618;CREME DE PENTEAR SEDA BOOM DEF 1KG;PERFUMARIA E LIMPEZA;83198;20/06/2026;155344;82100;1;1;1;2;0;;;1
14;8223;KIT ELSEVE SH COND 375ML 170ML RT5;PERFUMARIA E LIMPEZA;83198;20/06/2026;155344;82100;6;0;6;0;0;22/06/2026;MONIQUE;8
14;35698;DET LIQ BARBAREX 5L NEUTRO;PERFUMARIA E LIMPEZA;83198;20/06/2026;155344;82100;2;14;2;0;0;22/06/2026;MIKAEL;2
14;5681;DET LIQ GOTA LIMPA 500ML MARINE;PERFUMARIA E LIMPEZA;83198;20/06/2026;155344;82100;24;4584;24;6;6;22/06/2026;MIKAEL;38
14;786;REFRIG ANTARCTICA GUARANA PET 2L ZERO;BEBIDAS;83198;20/06/2026;155344;82100;8;248;8;1;0;;;35
14;9540;FRALDA BABYSEC ULTRA JUMBINHO M 18 UN;PERFUMARIA E LIMPEZA;83198;20/06/2026;155344;82100;8;24;8;1;0;;;7
14;38621;MASC DOVE RECONST E AMINOACIDO 320G;PERFUMARIA E LIMPEZA;83198;20/06/2026;155344;82100;1;1;1;0;0;22/06/2026;MONIQUE;1
14;5235;CR DEN ORAL B 70G 3D WHIT BRI FRESH;PERFUMARIA E LIMPEZA;83198;20/06/2026;155344;82100;6;2;6;0;0;22/06/2026;MONIQUE;0
14;5303;CR PENT SEDA 300ML COLAGENO E VIT;PERFUMARIA E LIMPEZA;83198;20/06/2026;155344;82100;12;12;12;1;1;22/06/2026;MONIQUE;10
14;3415;CREME LEITE ITALAC TP 200G;MERCEARIA;83198;20/06/2026;155639;81786;24;48;24;1;0;;;41
14;762;REFRIG COCA COLA PET 200ML;BEBIDAS;83198;20/06/2026;155344;82100;12;348;60;6;0;;;124
14;33889;KIT SH CD DOVE 350ML 175ML HIALURON VIT;PERFUMARIA E LIMPEZA;83198;20/06/2026;155344;82100;8;96;8;0;0;22/06/2026;MONIQUE;15
14;6021;ESPUMA BARBA BOZZANO 193G HIDRATACAO;PERFUMARIA E LIMPEZA;83198;20/06/2026;155344;82100;1;0;1;0;0;22/06/2026;MONIQUE;3
14;24330;SH HEAD SHOULDERS 400ML PREV CONTR QUE;PERFUMARIA E LIMPEZA;83198;20/06/2026;155344;82100;6;12;6;1;0;;;11
14;17409;DET PO GIRANDO SOL ROSA SH 400G;PERFUMARIA E LIMPEZA;83198;20/06/2026;155344;82100;30;23;90;5;5;22/06/2026;MIKAEL;48
14;4210;AMAC GIRANDO SOL 5L ROSA;PERFUMARIA E LIMPEZA;83198;20/06/2026;155344;82100;4;20;4;0;0;22/06/2026;MIKAEL;1
14;34588;SAL REFINADO CAMPEAO 1KG;MERCEARIA;83262;20/06/2026;155454;81756;30;30;30;1;0;20/06/2026;EVERTON;53
14;3642;SAL REFINADO CISNE 1KG;MERCEARIA;83262;20/06/2026;155454;81756;10;20;10;1;0;20/06/2026;EVERTON;37
14;23217;SAL REFINADO EX GARCA 1K;MERCEARIA;83262;20/06/2026;155454;81756;10;1994;80;8;0;20/06/2026;EVERTON;19
14;3635;SAL MOIDO CBS 1KG;MERCEARIA;83262;20/06/2026;155454;81756;10;446;20;2;0;20/06/2026;EVERTON;48
14;5681;DET LIQ GOTA LIMPA 500ML MARINE;PERFUMARIA E LIMPEZA;83328;20/06/2026;155759;82100;24;4584;120;6;6;22/06/2026;MIKAEL;38
17;6791;LEITE UHT PET ELEGE 1L DESNATADO;PERECIVEIS;83174;20/06/2026;155324;81579;6;678;6;1;0;;;18
17;6790;LEITE UHT NINHO 1L ZERO LACTOSE;PERECIVEIS;83174;20/06/2026;155324;81579;12;24;12;1;0;;;12
17;9756;LEITE TIROL INTEGRAL ZR LACTOSE 1L;PERECIVEIS;83174;20/06/2026;155324;81579;12;72;228;19;0;;;65
17;6784;LEITE UHT TIROL C TAMP 1L SEMI DESN;PERECIVEIS;83174;20/06/2026;155324;81579;12;4180;24;2;0;;;214
17;6801;LEITE UHT TP NINHO 1L INTEGRAL;PERECIVEIS;83174;20/06/2026;155324;81579;12;3435;36;3;0;;;116
17;6799;LEITE SANTA CLARA 1L ZERO LACTOSE;PERECIVEIS;83174;20/06/2026;155324;81579;12;2160;24;2;0;;;-26
17;9741;LEITE SANTA CLARA LV SEMI DESN 1L;PERECIVEIS;83174;20/06/2026;155324;81579;12;371;12;1;0;;;97
17;21687;PAPEL HIG MILI PERFUM FLA DPL 30M 12UN;PERFUMARIA E LIMPEZA;83200;20/06/2026;155346;81579;8;0;8;0;0;22/06/2026;ELIAS;-9
17;5314;CR PENT SEDA 300ML SOS CERAMIDAS;PERFUMARIA E LIMPEZA;83200;20/06/2026;155346;81579;12;132;12;1;0;;;5
17;12528;AP GILLETTE C 8 L8P6;PERFUMARIA E LIMPEZA;83200;20/06/2026;155346;81579;3;22;3;1;0;;;31
17;33362;CREME REP DOVE LEAVE IN BOND 50ML;PERFUMARIA E LIMPEZA;83200;20/06/2026;155346;81579;6;36;12;2;0;;;11
17;24827;TINTURA BELAECOR 147G 7 0 LOURO MEDI;PERFUMARIA E LIMPEZA;83200;20/06/2026;155346;81579;6;0;6;1;0;;;18
17;33647;SAB LIQ MADE IN BRAZIL 1L ERVA DOCE;PERFUMARIA E LIMPEZA;83200;20/06/2026;155346;81579;12;288;36;3;0;;;14
17;1400;CHOC CARIBE GAROTO 28G CANDYBAR;MERCEARIA;83200;20/06/2026;155346;81579;30;60;30;1;0;;;30
17;5526;DESOD AERO BOZZANO 90G POWER PROTECT;PERFUMARIA E LIMPEZA;83200;20/06/2026;155346;81579;12;84;12;1;0;;;25
17;18942;GEL AMAZONIA ARNICA 235G;PERFUMARIA E LIMPEZA;83200;20/06/2026;155346;81579;24;0;24;1;0;;;4
17;23001;SAB FONTANA SENSUS 150G FOR MEN;PERFUMARIA E LIMPEZA;83200;20/06/2026;155346;81579;72;1440;72;1;0;;;-27
17;24358;SH SEDA ANT CASP HIDRATACAO DIARIA 325ML;PERFUMARIA E LIMPEZA;83200;20/06/2026;155346;81579;12;1032;96;8;0;;;25
17;1157;BALA FINI TUBES ARCO IRIS 80G;MERCEARIA;83200;20/06/2026;155346;81579;12;0;12;1;0;;;-3
17;33453;ESC DENT COLGATE PACK 02UN ESPUMOSA;PERFUMARIA E LIMPEZA;83200;20/06/2026;155346;81579;12;0;12;1;0;;;17
17;5557;DESOD AERO NIVEA 150ML CARVAO ATIV ORIGINAL;PERFUMARIA E LIMPEZA;83200;20/06/2026;155346;81579;12;72;12;1;0;;;9
17;24329;SH HEAD SHOULDERS 400ML HIDRATACAO;PERFUMARIA E LIMPEZA;83200;20/06/2026;155346;81579;6;0;6;1;0;;;12
17;4258;AP PROBAK II LV7 PG5;PERFUMARIA E LIMPEZA;83200;20/06/2026;155346;81579;1;277;27;27;0;;;197
17;5509;DESOD AERO AXE 152ML 90G MARINE;PERFUMARIA E LIMPEZA;83200;20/06/2026;155346;81579;12;1416;12;1;0;;;10
17;34831;MASC TRATAMENTO SEDA 300G LISO PERFEITO;PERFUMARIA E LIMPEZA;83200;20/06/2026;155346;81579;6;90;6;1;0;;;3
17;7878;SABONETE DOVE 90G KARITE BAUNILHA;PERFUMARIA E LIMPEZA;83200;20/06/2026;155346;81579;48;5808;96;2;0;;;384
17;35687;DESOD CREME SECRET CLEAR COTT 45G GEL;PERFUMARIA E LIMPEZA;83200;20/06/2026;155346;81579;1;0;9;9;0;;;3
17;36026;SERUM TOQUE DE SEDA 100ML;PERFUMARIA E LIMPEZA;83200;20/06/2026;155346;81579;6;0;6;1;0;;;4
17;33648;SAB LIQ MADE IN BRAZIL 1L AMEIXA;PERFUMARIA E LIMPEZA;83200;20/06/2026;155346;81579;12;0;24;2;0;;;18
17;8427;SH350 COND PANTENE 175ML LISO;PERFUMARIA E LIMPEZA;83200;20/06/2026;155346;81579;6;30;6;1;0;;;-6
17;5748;ENXAG BUCAL COLGATE 500ML ODOR CONTROL;PERFUMARIA E LIMPEZA;83200;20/06/2026;155346;81579;12;36;12;1;0;;;7
17;5531;DESOD AERO DOVE 87G 150ML AMORA;PERFUMARIA E LIMPEZA;83200;20/06/2026;155346;81579;12;45;12;1;0;;;-5
17;21137;MOLUSC MADELESMA RES UMED LESMAS 250G;PERFUMARIA E LIMPEZA;83200;20/06/2026;155346;81579;4;0;4;1;0;;;-26
17;24342;SH PALMOLIVE 650ML NUTRICAO EXTRA;PERFUMARIA E LIMPEZA;83200;20/06/2026;155346;81579;6;0;18;3;0;;;11
17;5623;DESOD AERO REXONA 91G CLINICAL S PERFUME;PERFUMARIA E LIMPEZA;83200;20/06/2026;155346;81579;12;60;12;1;0;;;8
17;5550;DESOD AERO MONANGE 90G EXTRATO OLIVA;PERFUMARIA E LIMPEZA;83200;20/06/2026;155346;81579;12;456;12;1;0;;;20
17;7937;SABONETE NIVEA 85G ORQUIDEA;PERFUMARIA E LIMPEZA;83200;20/06/2026;155346;81579;96;1248;96;1;0;;;10
17;12160;ABS ALWAYS SUP PROT SECA C AB C 16;PERFUMARIA E LIMPEZA;83200;20/06/2026;155346;81579;12;288;12;1;0;;;6
17;8228;SH HEAD SHOULDERS 200ML LIMPEZA EFICAZ;PERFUMARIA E LIMPEZA;83200;20/06/2026;155346;81579;6;0;6;1;0;;;11
17;4259;AP PRESTOBARBA ULTRA GRIP 2UN;PERFUMARIA E LIMPEZA;83200;20/06/2026;155346;81579;12;456;12;1;0;;;1
17;34847;CREME TRATAMENTO ELSEVE 300G LISO SONHOS;PERFUMARIA E LIMPEZA;83200;20/06/2026;155346;81579;6;6;12;2;0;;;8
17;13403;BISC DOCE NESTLE CHOCO TRIO 90G PRESTIGIO;MERCEARIA;83294;20/06/2026;155692;82107;12;3;48;4;0;;;-166
17;17349;DET LIQ GOTA LIMPA 1L NATURAL;PERFUMARIA E LIMPEZA;83330;20/06/2026;155760;82107;12;1128;36;2;2;22/06/2026;BRUNO ANTUNES;23
17;5680;DET LIQ GOTA LIMPA 500ML MACA;PERFUMARIA E LIMPEZA;83330;20/06/2026;155760;82107;24;2160;48;2;2;22/06/2026;BRUNO ANTUNES;136
17;9297;DET LIQ GOTA LIMPA 1L MACA;PERFUMARIA E LIMPEZA;83330;20/06/2026;155760;82107;12;636;36;3;3;22/06/2026;BRUNO ANTUNES;9
17;5678;DET LIQ GOTA LIMPA 500ML CRISTAL;PERFUMARIA E LIMPEZA;83330;20/06/2026;155760;82107;24;6072;48;2;2;22/06/2026;BRUNO ANTUNES;74
17;5681;DET LIQ GOTA LIMPA 500ML MARINE;PERFUMARIA E LIMPEZA;83330;20/06/2026;155760;82107;24;4584;120;5;5;22/06/2026;BRUNO ANTUNES;-7
17;34975;DET LIQ GIRANDO SOL 500ML HIPOAL;PERFUMARIA E LIMPEZA;83330;20/06/2026;155760;82107;24;1128;72;3;3;22/06/2026;BRUNO ANTUNES;48
18;6795;LEITE UHT TIROL 1L ZERO LAC;PERECIVEIS;83176;20/06/2026;155325;82098;12;336;156;13;13;24/06/2026;FERNANDO.H;9
18;8238;SH HEAD SHOULD 400ML MENTHOL;PERFUMARIA E LIMPEZA;83202;20/06/2026;155348;82098;6;0;6;1;0;;;16
18;24330;SH HEAD SHOULDERS 400ML PREV CONTR QUE;PERFUMARIA E LIMPEZA;83202;20/06/2026;155348;82098;6;12;12;2;0;;;9
18;964;OLEO LIZA GIRASSOL 900ML;MERCEARIA;83202;20/06/2026;155348;82098;20;120;20;0;0;24/06/2026;FERNANDO.H;0
18;191;CERV PROVINCIA MALZBIER LT 473ML;BEBIDAS;83202;20/06/2026;155348;82098;12;3324;24;0;0;24/06/2026;FERNANDO.H;3
18;796;REFRIG COCA COLA E FANTA GUARANA 2L;BEBIDAS;83202;20/06/2026;155348;82098;2;8;8;0;0;24/06/2026;FERNANDO.H;2
18;18568;FLANELA ALG SUE 58X38;PERFUMARIA E LIMPEZA;83202;20/06/2026;155348;82098;12;0;12;0;0;22/06/2026;MAYNARA;8
18;24329;SH HEAD SHOULDERS 400ML HIDRATACAO;PERFUMARIA E LIMPEZA;83202;20/06/2026;155348;82098;6;0;18;3;0;;;14
18;3831;KEEP COOLER CLASSIC CITRUS 275ML;BEBIDAS;83202;20/06/2026;155348;82098;6;216;24;0;0;24/06/2026;FERNANDO.H;0
18;12237;ACUCAR REFINADO GASPARIN 1KG;MERCEARIA;83202;20/06/2026;155348;82098;10;2261;10;1;1;24/06/2026;FERNANDO.H;819
18;648;WHISKY MASTER GOLD VD 900ML;BEBIDAS;83202;20/06/2026;155348;82098;1;158;5;5;0;;;4
18;35687;DESOD CREME SECRET CLEAR COTT 45G GEL;PERFUMARIA E LIMPEZA;83202;20/06/2026;155348;82098;1;0;7;7;0;;;12
18;309;CERV PROVINCIA MALZBIER ZR LT 473ML;BEBIDAS;83202;20/06/2026;155348;82098;12;120;24;0;0;24/06/2026;FERNANDO.H;-22
18;16887;CR LEITE TP PIRACANJUBA 200G;MERCEARIA;83202;20/06/2026;155348;82098;27;1242;27;1;1;24/06/2026;FERNANDO.H;315
18;34306;REFRIG COCA COLA PET 1L;BEBIDAS;83202;20/06/2026;155348;82098;6;36;6;2;0;;;1
18;2920;ACHOC LIQ TODDYNHO 200ML;MERCEARIA;83202;20/06/2026;155348;82098;27;162;27;1;1;24/06/2026;FERNANDO.H;59
18;2189;CAPSULA 3C 80G C 10 ESPRESSO SUPREMO;MERCEARIA;83202;20/06/2026;155348;82098;8;38;8;1;0;;;9
18;2911;ACHOC LIQ ITALAC 200ML;MERCEARIA;83202;20/06/2026;155348;82098;24;432;24;1;1;24/06/2026;FERNANDO.H;-8
18;121;CERV BRAHMA CHOPP GF 300ML RETORNAVEL;BEBIDAS;83202;20/06/2026;155348;82098;23;46;46;2;2;24/06/2026;FERNANDO.H;0
18;5691;DETERG YPE 500 ML CLEAR;PERFUMARIA E LIMPEZA;83202;20/06/2026;155348;82098;24;216;96;0;0;24/06/2026;ANDRIELLY;0
18;847;REFRIG COCA COLA PET 600ML;BEBIDAS;83202;20/06/2026;155348;82098;12;16;12;2;0;;;140
